detection_mismatch_summary sample_index=0 total=16 valid=0 boundary=16
detection_mismatch sample_index=0 flat_index=27 doppler=0 range=27 cfar_cell=boundary gpu_detection=1 cpu_detection=0 gpu_power=2.71385e-14 cpu_power=0 gpu_threshold=0 cpu_threshold=0
detection_mismatch sample_index=0 flat_index=59 doppler=1 range=27 cfar_cell=boundary gpu_detection=1 cpu_detection=0 gpu_power=3.10458e-14 cpu_power=0 gpu_threshold=0 cpu_threshold=0
detection_mismatch sample_index=0 flat_index=91 doppler=2 range=27 cfar_cell=boundary gpu_detection=1 cpu_detection=0 gpu_power=7.3567e-14 cpu_power=0 gpu_threshold=0 cpu_threshold=0
detection_mismatch sample_index=0 flat_index=123 doppler=3 range=27 cfar_cell=boundary gpu_detection=1 cpu_detection=0 gpu_power=2.90151e-12 cpu_power=0 gpu_threshold=0 cpu_threshold=0
detection_mismatch sample_index=0 flat_index=155 doppler=4 range=27 cfar_cell=boundary gpu_detection=1 cpu_detection=0 gpu_power=1.24707e-11 cpu_power=0 gpu_threshold=0 cpu_threshold=0
detection_mismatch sample_index=0 flat_index=187 doppler=5 range=27 cfar_cell=boundary gpu_detection=1 cpu_detection=0 gpu_power=2.60242e-12 cpu_power=0 gpu_threshold=0 cpu_threshold=0
detection_mismatch sample_index=0 flat_index=219 doppler=6 range=27 cfar_cell=boundary gpu_detection=1 cpu_detection=0 gpu_power=2.09604e-14 cpu_power=0 gpu_threshold=0 cpu_threshold=0
detection_mismatch sample_index=0 flat_index=251 doppler=7 range=27 cfar_cell=boundary gpu_detection=1 cpu_detection=0 gpu_power=6.18493e-14 cpu_power=0 gpu_threshold=0 cpu_threshold=0
detection_mismatch sample_index=0 flat_index=283 doppler=8 range=27 cfar_cell=boundary gpu_detection=1 cpu_detection=0 gpu_power=1.02927e-13 cpu_power=0 gpu_threshold=0 cpu_threshold=0
detection_mismatch sample_index=0 flat_index=315 doppler=9 range=27 cfar_cell=boundary gpu_detection=1 cpu_detection=0 gpu_power=4.3125e-14 cpu_power=0 gpu_threshold=0 cpu_threshold=0
detection_mismatch sample_index=0 flat_index=347 doppler=10 range=27 cfar_cell=boundary gpu_detection=1 cpu_detection=0 gpu_power=4.59391e-14 cpu_power=0 gpu_threshold=0 cpu_threshold=0
detection_mismatch sample_index=0 flat_index=379 doppler=11 range=27 cfar_cell=boundary gpu_detection=1 cpu_detection=0 gpu_power=6.91818e-15 cpu_power=0 gpu_threshold=0 cpu_threshold=0
detection_mismatch sample_index=0 flat_index=411 doppler=12 range=27 cfar_cell=boundary gpu_detection=1 cpu_detection=0 gpu_power=1.30478e-13 cpu_power=0 gpu_threshold=0 cpu_threshold=0
detection_mismatch sample_index=0 flat_index=443 doppler=13 range=27 cfar_cell=boundary gpu_detection=1 cpu_detection=0 gpu_power=1.24239e-13 cpu_power=0 gpu_threshold=0 cpu_threshold=0
detection_mismatch sample_index=0 flat_index=475 doppler=14 range=27 cfar_cell=boundary gpu_detection=1 cpu_detection=0 gpu_power=1.22179e-13 cpu_power=0 gpu_threshold=0 cpu_threshold=0
detection_mismatch sample_index=0 flat_index=507 doppler=15 range=27 cfar_cell=boundary gpu_detection=1 cpu_detection=0 gpu_power=2.42141e-14 cpu_power=0 gpu_threshold=0 cpu_threshold=0
sample_index=0 step=step1 cpu_ms=0.04859 gpu_ms=0.325164 relative_l2=8.98327e-07 cpu_heap_peak=2624912 cpu_rss_peak=75456512 gpu_peak=357777408 status=PASS
sample_index=0 step=step2 cpu_ms=0.288484 gpu_ms=0.646908 relative_l2=1.39991e-07 cpu_heap_peak=2629472 cpu_rss_peak=75456512 gpu_peak=357777408 status=PASS
sample_index=0 step=step3 cpu_ms=0.676688 gpu_ms=0.336954 relative_l2=3.37245e-07 cpu_heap_peak=2633712 cpu_rss_peak=75456512 gpu_peak=357777408 status=PASS
sample_index=0 step=step4 cpu_ms=0.049181 gpu_ms=0.471176 relative_l2=1.46504e-07 cpu_heap_peak=2638064 cpu_rss_peak=75456512 gpu_peak=357777408 status=PASS
sample_index=0 step=step5 cpu_ms=1.2 gpu_ms=3.67483 relative_l2=1.2481e-07 cpu_heap_peak=2646048 cpu_rss_peak=75456512 gpu_peak=357777408 status=PASS
sample_index=0 cpu_pipeline_ms=2.27246 gpu_pipeline_ms=5.96981 cuda_event_aux_sum_ms=4.26333 relative_l2=1.04133e-06 relative_linf=2.9641e-06 detection_mismatch_count=16 valid_detection_mismatch_count=0 boundary_detection_mismatch_count=16 mse=3.58851e-10 rmse=1.89434e-05 formal_relative_l2=1.04133e-06 formal_relative_linf=2.9641e-06 semantic_gates=5/5 accuracy_status=PASS
detection_mismatch_summary sample_index=1 total=16 valid=0 boundary=16
detection_mismatch sample_index=1 flat_index=27 doppler=0 range=27 cfar_cell=boundary gpu_detection=1 cpu_detection=0 gpu_power=2.71385e-14 cpu_power=0 gpu_threshold=0 cpu_threshold=0
detection_mismatch sample_index=1 flat_index=59 doppler=1 range=27 cfar_cell=boundary gpu_detection=1 cpu_detection=0 gpu_power=3.10458e-14 cpu_power=0 gpu_threshold=0 cpu_threshold=0
detection_mismatch sample_index=1 flat_index=91 doppler=2 range=27 cfar_cell=boundary gpu_detection=1 cpu_detection=0 gpu_power=7.3567e-14 cpu_power=0 gpu_threshold=0 cpu_threshold=0
detection_mismatch sample_index=1 flat_index=123 doppler=3 range=27 cfar_cell=boundary gpu_detection=1 cpu_detection=0 gpu_power=2.90151e-12 cpu_power=0 gpu_threshold=0 cpu_threshold=0
detection_mismatch sample_index=1 flat_index=155 doppler=4 range=27 cfar_cell=boundary gpu_detection=1 cpu_detection=0 gpu_power=1.24707e-11 cpu_power=0 gpu_threshold=0 cpu_threshold=0
detection_mismatch sample_index=1 flat_index=187 doppler=5 range=27 cfar_cell=boundary gpu_detection=1 cpu_detection=0 gpu_power=2.60242e-12 cpu_power=0 gpu_threshold=0 cpu_threshold=0
detection_mismatch sample_index=1 flat_index=219 doppler=6 range=27 cfar_cell=boundary gpu_detection=1 cpu_detection=0 gpu_power=2.09604e-14 cpu_power=0 gpu_threshold=0 cpu_threshold=0
detection_mismatch sample_index=1 flat_index=251 doppler=7 range=27 cfar_cell=boundary gpu_detection=1 cpu_detection=0 gpu_power=6.18493e-14 cpu_power=0 gpu_threshold=0 cpu_threshold=0
detection_mismatch sample_index=1 flat_index=283 doppler=8 range=27 cfar_cell=boundary gpu_detection=1 cpu_detection=0 gpu_power=1.02927e-13 cpu_power=0 gpu_threshold=0 cpu_threshold=0
detection_mismatch sample_index=1 flat_index=315 doppler=9 range=27 cfar_cell=boundary gpu_detection=1 cpu_detection=0 gpu_power=4.3125e-14 cpu_power=0 gpu_threshold=0 cpu_threshold=0
detection_mismatch sample_index=1 flat_index=347 doppler=10 range=27 cfar_cell=boundary gpu_detection=1 cpu_detection=0 gpu_power=4.59391e-14 cpu_power=0 gpu_threshold=0 cpu_threshold=0
detection_mismatch sample_index=1 flat_index=379 doppler=11 range=27 cfar_cell=boundary gpu_detection=1 cpu_detection=0 gpu_power=6.91818e-15 cpu_power=0 gpu_threshold=0 cpu_threshold=0
detection_mismatch sample_index=1 flat_index=411 doppler=12 range=27 cfar_cell=boundary gpu_detection=1 cpu_detection=0 gpu_power=1.30478e-13 cpu_power=0 gpu_threshold=0 cpu_threshold=0
detection_mismatch sample_index=1 flat_index=443 doppler=13 range=27 cfar_cell=boundary gpu_detection=1 cpu_detection=0 gpu_power=1.24239e-13 cpu_power=0 gpu_threshold=0 cpu_threshold=0
detection_mismatch sample_index=1 flat_index=475 doppler=14 range=27 cfar_cell=boundary gpu_detection=1 cpu_detection=0 gpu_power=1.22179e-13 cpu_power=0 gpu_threshold=0 cpu_threshold=0
detection_mismatch sample_index=1 flat_index=507 doppler=15 range=27 cfar_cell=boundary gpu_detection=1 cpu_detection=0 gpu_power=2.42141e-14 cpu_power=0 gpu_threshold=0 cpu_threshold=0
sample_index=1 step=step1 cpu_ms=0.048661 gpu_ms=0.313874 relative_l2=8.98327e-07 cpu_heap_peak=2632160 cpu_rss_peak=75726848 gpu_peak=357777408 status=PASS
sample_index=1 step=step2 cpu_ms=0.288883 gpu_ms=0.658259 relative_l2=1.39991e-07 cpu_heap_peak=2636720 cpu_rss_peak=75726848 gpu_peak=357777408 status=PASS
sample_index=1 step=step3 cpu_ms=0.663449 gpu_ms=0.338274 relative_l2=3.37245e-07 cpu_heap_peak=2640976 cpu_rss_peak=75726848 gpu_peak=357777408 status=PASS
sample_index=1 step=step4 cpu_ms=0.04974 gpu_ms=0.479596 relative_l2=1.46504e-07 cpu_heap_peak=2645328 cpu_rss_peak=75726848 gpu_peak=357777408 status=PASS
sample_index=1 step=step5 cpu_ms=1.19962 gpu_ms=3.91356 relative_l2=1.2481e-07 cpu_heap_peak=2653312 cpu_rss_peak=75726848 gpu_peak=357777408 status=PASS
sample_index=1 cpu_pipeline_ms=2.27042 gpu_pipeline_ms=6.39073 cuda_event_aux_sum_ms=4.53145 relative_l2=1.04133e-06 relative_linf=2.9641e-06 detection_mismatch_count=16 valid_detection_mismatch_count=0 boundary_detection_mismatch_count=16 mse=3.58851e-10 rmse=1.89434e-05 formal_relative_l2=1.04133e-06 formal_relative_linf=2.9641e-06 semantic_gates=5/5 accuracy_status=PASS
detection_mismatch_summary sample_index=2 total=16 valid=0 boundary=16
detection_mismatch sample_index=2 flat_index=27 doppler=0 range=27 cfar_cell=boundary gpu_detection=1 cpu_detection=0 gpu_power=2.71385e-14 cpu_power=0 gpu_threshold=0 cpu_threshold=0
detection_mismatch sample_index=2 flat_index=59 doppler=1 range=27 cfar_cell=boundary gpu_detection=1 cpu_detection=0 gpu_power=3.10458e-14 cpu_power=0 gpu_threshold=0 cpu_threshold=0
detection_mismatch sample_index=2 flat_index=91 doppler=2 range=27 cfar_cell=boundary gpu_detection=1 cpu_detection=0 gpu_power=7.3567e-14 cpu_power=0 gpu_threshold=0 cpu_threshold=0
detection_mismatch sample_index=2 flat_index=123 doppler=3 range=27 cfar_cell=boundary gpu_detection=1 cpu_detection=0 gpu_power=2.90151e-12 cpu_power=0 gpu_threshold=0 cpu_threshold=0
detection_mismatch sample_index=2 flat_index=155 doppler=4 range=27 cfar_cell=boundary gpu_detection=1 cpu_detection=0 gpu_power=1.24707e-11 cpu_power=0 gpu_threshold=0 cpu_threshold=0
detection_mismatch sample_index=2 flat_index=187 doppler=5 range=27 cfar_cell=boundary gpu_detection=1 cpu_detection=0 gpu_power=2.60242e-12 cpu_power=0 gpu_threshold=0 cpu_threshold=0
detection_mismatch sample_index=2 flat_index=219 doppler=6 range=27 cfar_cell=boundary gpu_detection=1 cpu_detection=0 gpu_power=2.09604e-14 cpu_power=0 gpu_threshold=0 cpu_threshold=0
detection_mismatch sample_index=2 flat_index=251 doppler=7 range=27 cfar_cell=boundary gpu_detection=1 cpu_detection=0 gpu_power=6.18493e-14 cpu_power=0 gpu_threshold=0 cpu_threshold=0
detection_mismatch sample_index=2 flat_index=283 doppler=8 range=27 cfar_cell=boundary gpu_detection=1 cpu_detection=0 gpu_power=1.02927e-13 cpu_power=0 gpu_threshold=0 cpu_threshold=0
detection_mismatch sample_index=2 flat_index=315 doppler=9 range=27 cfar_cell=boundary gpu_detection=1 cpu_detection=0 gpu_power=4.3125e-14 cpu_power=0 gpu_threshold=0 cpu_threshold=0
detection_mismatch sample_index=2 flat_index=347 doppler=10 range=27 cfar_cell=boundary gpu_detection=1 cpu_detection=0 gpu_power=4.59391e-14 cpu_power=0 gpu_threshold=0 cpu_threshold=0
detection_mismatch sample_index=2 flat_index=379 doppler=11 range=27 cfar_cell=boundary gpu_detection=1 cpu_detection=0 gpu_power=6.91818e-15 cpu_power=0 gpu_threshold=0 cpu_threshold=0
detection_mismatch sample_index=2 flat_index=411 doppler=12 range=27 cfar_cell=boundary gpu_detection=1 cpu_detection=0 gpu_power=1.30478e-13 cpu_power=0 gpu_threshold=0 cpu_threshold=0
detection_mismatch sample_index=2 flat_index=443 doppler=13 range=27 cfar_cell=boundary gpu_detection=1 cpu_detection=0 gpu_power=1.24239e-13 cpu_power=0 gpu_threshold=0 cpu_threshold=0
detection_mismatch sample_index=2 flat_index=475 doppler=14 range=27 cfar_cell=boundary gpu_detection=1 cpu_detection=0 gpu_power=1.22179e-13 cpu_power=0 gpu_threshold=0 cpu_threshold=0
detection_mismatch sample_index=2 flat_index=507 doppler=15 range=27 cfar_cell=boundary gpu_detection=1 cpu_detection=0 gpu_power=2.42141e-14 cpu_power=0 gpu_threshold=0 cpu_threshold=0
sample_index=2 step=step1 cpu_ms=0.048451 gpu_ms=0.314344 relative_l2=8.98327e-07 cpu_heap_peak=2633984 cpu_rss_peak=75726848 gpu_peak=357777408 status=PASS
sample_index=2 step=step2 cpu_ms=0.288473 gpu_ms=0.650588 relative_l2=1.39991e-07 cpu_heap_peak=2638512 cpu_rss_peak=75726848 gpu_peak=357777408 status=PASS
sample_index=2 step=step3 cpu_ms=0.660808 gpu_ms=0.335494 relative_l2=3.37245e-07 cpu_heap_peak=2642752 cpu_rss_peak=75726848 gpu_peak=357777408 status=PASS
sample_index=2 step=step4 cpu_ms=0.049631 gpu_ms=0.478286 relative_l2=1.46504e-07 cpu_heap_peak=2647120 cpu_rss_peak=75726848 gpu_peak=357777408 status=PASS
sample_index=2 step=step5 cpu_ms=1.20137 gpu_ms=3.66147 relative_l2=1.2481e-07 cpu_heap_peak=2655152 cpu_rss_peak=75726848 gpu_peak=357777408 status=PASS
sample_index=2 cpu_pipeline_ms=2.25743 gpu_pipeline_ms=5.96082 cuda_event_aux_sum_ms=4.26792 relative_l2=1.04133e-06 relative_linf=2.9641e-06 detection_mismatch_count=16 valid_detection_mismatch_count=0 boundary_detection_mismatch_count=16 mse=3.58851e-10 rmse=1.89434e-05 formal_relative_l2=1.04133e-06 formal_relative_linf=2.9641e-06 semantic_gates=5/5 accuracy_status=PASS
detection_mismatch_summary sample_index=3 total=16 valid=0 boundary=16
detection_mismatch sample_index=3 flat_index=27 doppler=0 range=27 cfar_cell=boundary gpu_detection=1 cpu_detection=0 gpu_power=2.71385e-14 cpu_power=0 gpu_threshold=0 cpu_threshold=0
detection_mismatch sample_index=3 flat_index=59 doppler=1 range=27 cfar_cell=boundary gpu_detection=1 cpu_detection=0 gpu_power=3.10458e-14 cpu_power=0 gpu_threshold=0 cpu_threshold=0
detection_mismatch sample_index=3 flat_index=91 doppler=2 range=27 cfar_cell=boundary gpu_detection=1 cpu_detection=0 gpu_power=7.3567e-14 cpu_power=0 gpu_threshold=0 cpu_threshold=0
detection_mismatch sample_index=3 flat_index=123 doppler=3 range=27 cfar_cell=boundary gpu_detection=1 cpu_detection=0 gpu_power=2.90151e-12 cpu_power=0 gpu_threshold=0 cpu_threshold=0
detection_mismatch sample_index=3 flat_index=155 doppler=4 range=27 cfar_cell=boundary gpu_detection=1 cpu_detection=0 gpu_power=1.24707e-11 cpu_power=0 gpu_threshold=0 cpu_threshold=0
detection_mismatch sample_index=3 flat_index=187 doppler=5 range=27 cfar_cell=boundary gpu_detection=1 cpu_detection=0 gpu_power=2.60242e-12 cpu_power=0 gpu_threshold=0 cpu_threshold=0
detection_mismatch sample_index=3 flat_index=219 doppler=6 range=27 cfar_cell=boundary gpu_detection=1 cpu_detection=0 gpu_power=2.09604e-14 cpu_power=0 gpu_threshold=0 cpu_threshold=0
detection_mismatch sample_index=3 flat_index=251 doppler=7 range=27 cfar_cell=boundary gpu_detection=1 cpu_detection=0 gpu_power=6.18493e-14 cpu_power=0 gpu_threshold=0 cpu_threshold=0
detection_mismatch sample_index=3 flat_index=283 doppler=8 range=27 cfar_cell=boundary gpu_detection=1 cpu_detection=0 gpu_power=1.02927e-13 cpu_power=0 gpu_threshold=0 cpu_threshold=0
detection_mismatch sample_index=3 flat_index=315 doppler=9 range=27 cfar_cell=boundary gpu_detection=1 cpu_detection=0 gpu_power=4.3125e-14 cpu_power=0 gpu_threshold=0 cpu_threshold=0
detection_mismatch sample_index=3 flat_index=347 doppler=10 range=27 cfar_cell=boundary gpu_detection=1 cpu_detection=0 gpu_power=4.59391e-14 cpu_power=0 gpu_threshold=0 cpu_threshold=0
detection_mismatch sample_index=3 flat_index=379 doppler=11 range=27 cfar_cell=boundary gpu_detection=1 cpu_detection=0 gpu_power=6.91818e-15 cpu_power=0 gpu_threshold=0 cpu_threshold=0
detection_mismatch sample_index=3 flat_index=411 doppler=12 range=27 cfar_cell=boundary gpu_detection=1 cpu_detection=0 gpu_power=1.30478e-13 cpu_power=0 gpu_threshold=0 cpu_threshold=0
detection_mismatch sample_index=3 flat_index=443 doppler=13 range=27 cfar_cell=boundary gpu_detection=1 cpu_detection=0 gpu_power=1.24239e-13 cpu_power=0 gpu_threshold=0 cpu_threshold=0
detection_mismatch sample_index=3 flat_index=475 doppler=14 range=27 cfar_cell=boundary gpu_detection=1 cpu_detection=0 gpu_power=1.22179e-13 cpu_power=0 gpu_threshold=0 cpu_threshold=0
detection_mismatch sample_index=3 flat_index=507 doppler=15 range=27 cfar_cell=boundary gpu_detection=1 cpu_detection=0 gpu_power=2.42141e-14 cpu_power=0 gpu_threshold=0 cpu_threshold=0
sample_index=3 step=step1 cpu_ms=0.048571 gpu_ms=0.320174 relative_l2=8.98327e-07 cpu_heap_peak=2636544 cpu_rss_peak=75726848 gpu_peak=357777408 status=PASS
sample_index=3 step=step2 cpu_ms=0.288713 gpu_ms=0.669368 relative_l2=1.39991e-07 cpu_heap_peak=2641104 cpu_rss_peak=75726848 gpu_peak=357777408 status=PASS
sample_index=3 step=step3 cpu_ms=0.657428 gpu_ms=0.330964 relative_l2=3.37245e-07 cpu_heap_peak=2645344 cpu_rss_peak=75726848 gpu_peak=357777408 status=PASS
sample_index=3 step=step4 cpu_ms=0.049251 gpu_ms=0.473436 relative_l2=1.46504e-07 cpu_heap_peak=2649696 cpu_rss_peak=75726848 gpu_peak=357777408 status=PASS
sample_index=3 step=step5 cpu_ms=1.21006 gpu_ms=3.6545 relative_l2=1.2481e-07 cpu_heap_peak=2657680 cpu_rss_peak=75726848 gpu_peak=357777408 status=PASS
sample_index=3 cpu_pipeline_ms=2.26307 gpu_pipeline_ms=5.95932 cuda_event_aux_sum_ms=4.29145 relative_l2=1.04133e-06 relative_linf=2.9641e-06 detection_mismatch_count=16 valid_detection_mismatch_count=0 boundary_detection_mismatch_count=16 mse=3.58851e-10 rmse=1.89434e-05 formal_relative_l2=1.04133e-06 formal_relative_linf=2.9641e-06 semantic_gates=5/5 accuracy_status=PASS
detection_mismatch_summary sample_index=4 total=16 valid=0 boundary=16
detection_mismatch sample_index=4 flat_index=27 doppler=0 range=27 cfar_cell=boundary gpu_detection=1 cpu_detection=0 gpu_power=2.71385e-14 cpu_power=0 gpu_threshold=0 cpu_threshold=0
detection_mismatch sample_index=4 flat_index=59 doppler=1 range=27 cfar_cell=boundary gpu_detection=1 cpu_detection=0 gpu_power=3.10458e-14 cpu_power=0 gpu_threshold=0 cpu_threshold=0
detection_mismatch sample_index=4 flat_index=91 doppler=2 range=27 cfar_cell=boundary gpu_detection=1 cpu_detection=0 gpu_power=7.3567e-14 cpu_power=0 gpu_threshold=0 cpu_threshold=0
detection_mismatch sample_index=4 flat_index=123 doppler=3 range=27 cfar_cell=boundary gpu_detection=1 cpu_detection=0 gpu_power=2.90151e-12 cpu_power=0 gpu_threshold=0 cpu_threshold=0
detection_mismatch sample_index=4 flat_index=155 doppler=4 range=27 cfar_cell=boundary gpu_detection=1 cpu_detection=0 gpu_power=1.24707e-11 cpu_power=0 gpu_threshold=0 cpu_threshold=0
detection_mismatch sample_index=4 flat_index=187 doppler=5 range=27 cfar_cell=boundary gpu_detection=1 cpu_detection=0 gpu_power=2.60242e-12 cpu_power=0 gpu_threshold=0 cpu_threshold=0
detection_mismatch sample_index=4 flat_index=219 doppler=6 range=27 cfar_cell=boundary gpu_detection=1 cpu_detection=0 gpu_power=2.09604e-14 cpu_power=0 gpu_threshold=0 cpu_threshold=0
detection_mismatch sample_index=4 flat_index=251 doppler=7 range=27 cfar_cell=boundary gpu_detection=1 cpu_detection=0 gpu_power=6.18493e-14 cpu_power=0 gpu_threshold=0 cpu_threshold=0
detection_mismatch sample_index=4 flat_index=283 doppler=8 range=27 cfar_cell=boundary gpu_detection=1 cpu_detection=0 gpu_power=1.02927e-13 cpu_power=0 gpu_threshold=0 cpu_threshold=0
detection_mismatch sample_index=4 flat_index=315 doppler=9 range=27 cfar_cell=boundary gpu_detection=1 cpu_detection=0 gpu_power=4.3125e-14 cpu_power=0 gpu_threshold=0 cpu_threshold=0
detection_mismatch sample_index=4 flat_index=347 doppler=10 range=27 cfar_cell=boundary gpu_detection=1 cpu_detection=0 gpu_power=4.59391e-14 cpu_power=0 gpu_threshold=0 cpu_threshold=0
detection_mismatch sample_index=4 flat_index=379 doppler=11 range=27 cfar_cell=boundary gpu_detection=1 cpu_detection=0 gpu_power=6.91818e-15 cpu_power=0 gpu_threshold=0 cpu_threshold=0
detection_mismatch sample_index=4 flat_index=411 doppler=12 range=27 cfar_cell=boundary gpu_detection=1 cpu_detection=0 gpu_power=1.30478e-13 cpu_power=0 gpu_threshold=0 cpu_threshold=0
detection_mismatch sample_index=4 flat_index=443 doppler=13 range=27 cfar_cell=boundary gpu_detection=1 cpu_detection=0 gpu_power=1.24239e-13 cpu_power=0 gpu_threshold=0 cpu_threshold=0
detection_mismatch sample_index=4 flat_index=475 doppler=14 range=27 cfar_cell=boundary gpu_detection=1 cpu_detection=0 gpu_power=1.22179e-13 cpu_power=0 gpu_threshold=0 cpu_threshold=0
detection_mismatch sample_index=4 flat_index=507 doppler=15 range=27 cfar_cell=boundary gpu_detection=1 cpu_detection=0 gpu_power=2.42141e-14 cpu_power=0 gpu_threshold=0 cpu_threshold=0
sample_index=4 step=step1 cpu_ms=0.048721 gpu_ms=0.310654 relative_l2=8.98327e-07 cpu_heap_peak=2637328 cpu_rss_peak=75726848 gpu_peak=357777408 status=PASS
sample_index=4 step=step2 cpu_ms=0.289444 gpu_ms=0.689309 relative_l2=1.39991e-07 cpu_heap_peak=2641920 cpu_rss_peak=75726848 gpu_peak=357777408 status=PASS
sample_index=4 step=step3 cpu_ms=0.657678 gpu_ms=0.316854 relative_l2=3.37245e-07 cpu_heap_peak=2646160 cpu_rss_peak=75726848 gpu_peak=357777408 status=PASS
sample_index=4 step=step4 cpu_ms=0.04948 gpu_ms=0.484706 relative_l2=1.46504e-07 cpu_heap_peak=2650512 cpu_rss_peak=75726848 gpu_peak=357777408 status=PASS
sample_index=4 step=step5 cpu_ms=1.20196 gpu_ms=3.65926 relative_l2=1.2481e-07 cpu_heap_peak=2658496 cpu_rss_peak=75726848 gpu_peak=357777408 status=PASS
sample_index=4 cpu_pipeline_ms=2.25628 gpu_pipeline_ms=5.97513 cuda_event_aux_sum_ms=4.24469 relative_l2=1.04133e-06 relative_linf=2.9641e-06 detection_mismatch_count=16 valid_detection_mismatch_count=0 boundary_detection_mismatch_count=16 mse=3.58851e-10 rmse=1.89434e-05 formal_relative_l2=1.04133e-06 formal_relative_linf=2.9641e-06 semantic_gates=5/5 accuracy_status=PASS
detection_mismatch_summary sample_index=5 total=16 valid=0 boundary=16
detection_mismatch sample_index=5 flat_index=27 doppler=0 range=27 cfar_cell=boundary gpu_detection=1 cpu_detection=0 gpu_power=2.71385e-14 cpu_power=0 gpu_threshold=0 cpu_threshold=0
detection_mismatch sample_index=5 flat_index=59 doppler=1 range=27 cfar_cell=boundary gpu_detection=1 cpu_detection=0 gpu_power=3.10458e-14 cpu_power=0 gpu_threshold=0 cpu_threshold=0
detection_mismatch sample_index=5 flat_index=91 doppler=2 range=27 cfar_cell=boundary gpu_detection=1 cpu_detection=0 gpu_power=7.3567e-14 cpu_power=0 gpu_threshold=0 cpu_threshold=0
detection_mismatch sample_index=5 flat_index=123 doppler=3 range=27 cfar_cell=boundary gpu_detection=1 cpu_detection=0 gpu_power=2.90151e-12 cpu_power=0 gpu_threshold=0 cpu_threshold=0
detection_mismatch sample_index=5 flat_index=155 doppler=4 range=27 cfar_cell=boundary gpu_detection=1 cpu_detection=0 gpu_power=1.24707e-11 cpu_power=0 gpu_threshold=0 cpu_threshold=0
detection_mismatch sample_index=5 flat_index=187 doppler=5 range=27 cfar_cell=boundary gpu_detection=1 cpu_detection=0 gpu_power=2.60242e-12 cpu_power=0 gpu_threshold=0 cpu_threshold=0
detection_mismatch sample_index=5 flat_index=219 doppler=6 range=27 cfar_cell=boundary gpu_detection=1 cpu_detection=0 gpu_power=2.09604e-14 cpu_power=0 gpu_threshold=0 cpu_threshold=0
detection_mismatch sample_index=5 flat_index=251 doppler=7 range=27 cfar_cell=boundary gpu_detection=1 cpu_detection=0 gpu_power=6.18493e-14 cpu_power=0 gpu_threshold=0 cpu_threshold=0
detection_mismatch sample_index=5 flat_index=283 doppler=8 range=27 cfar_cell=boundary gpu_detection=1 cpu_detection=0 gpu_power=1.02927e-13 cpu_power=0 gpu_threshold=0 cpu_threshold=0
detection_mismatch sample_index=5 flat_index=315 doppler=9 range=27 cfar_cell=boundary gpu_detection=1 cpu_detection=0 gpu_power=4.3125e-14 cpu_power=0 gpu_threshold=0 cpu_threshold=0
detection_mismatch sample_index=5 flat_index=347 doppler=10 range=27 cfar_cell=boundary gpu_detection=1 cpu_detection=0 gpu_power=4.59391e-14 cpu_power=0 gpu_threshold=0 cpu_threshold=0
detection_mismatch sample_index=5 flat_index=379 doppler=11 range=27 cfar_cell=boundary gpu_detection=1 cpu_detection=0 gpu_power=6.91818e-15 cpu_power=0 gpu_threshold=0 cpu_threshold=0
detection_mismatch sample_index=5 flat_index=411 doppler=12 range=27 cfar_cell=boundary gpu_detection=1 cpu_detection=0 gpu_power=1.30478e-13 cpu_power=0 gpu_threshold=0 cpu_threshold=0
detection_mismatch sample_index=5 flat_index=443 doppler=13 range=27 cfar_cell=boundary gpu_detection=1 cpu_detection=0 gpu_power=1.24239e-13 cpu_power=0 gpu_threshold=0 cpu_threshold=0
detection_mismatch sample_index=5 flat_index=475 doppler=14 range=27 cfar_cell=boundary gpu_detection=1 cpu_detection=0 gpu_power=1.22179e-13 cpu_power=0 gpu_threshold=0 cpu_threshold=0
detection_mismatch sample_index=5 flat_index=507 doppler=15 range=27 cfar_cell=boundary gpu_detection=1 cpu_detection=0 gpu_power=2.42141e-14 cpu_power=0 gpu_threshold=0 cpu_threshold=0
sample_index=5 step=step1 cpu_ms=0.048681 gpu_ms=0.314804 relative_l2=8.98327e-07 cpu_heap_peak=2640768 cpu_rss_peak=75726848 gpu_peak=357777408 status=PASS
sample_index=5 step=step2 cpu_ms=0.288783 gpu_ms=0.684589 relative_l2=1.39991e-07 cpu_heap_peak=2645328 cpu_rss_peak=75726848 gpu_peak=357777408 status=PASS
sample_index=5 step=step3 cpu_ms=0.694219 gpu_ms=0.331614 relative_l2=3.37245e-07 cpu_heap_peak=2649584 cpu_rss_peak=75726848 gpu_peak=357777408 status=PASS
sample_index=5 step=step4 cpu_ms=0.049471 gpu_ms=0.464285 relative_l2=1.46504e-07 cpu_heap_peak=2653936 cpu_rss_peak=75726848 gpu_peak=357777408 status=PASS
sample_index=5 step=step5 cpu_ms=1.19805 gpu_ms=3.8361 relative_l2=1.2481e-07 cpu_heap_peak=2661920 cpu_rss_peak=75726848 gpu_peak=357777408 status=PASS
sample_index=5 cpu_pipeline_ms=2.28802 gpu_pipeline_ms=6.16999 cuda_event_aux_sum_ms=4.43146 relative_l2=1.04133e-06 relative_linf=2.9641e-06 detection_mismatch_count=16 valid_detection_mismatch_count=0 boundary_detection_mismatch_count=16 mse=3.58851e-10 rmse=1.89434e-05 formal_relative_l2=1.04133e-06 formal_relative_linf=2.9641e-06 semantic_gates=5/5 accuracy_status=PASS
detection_mismatch_summary sample_index=6 total=16 valid=0 boundary=16
detection_mismatch sample_index=6 flat_index=27 doppler=0 range=27 cfar_cell=boundary gpu_detection=1 cpu_detection=0 gpu_power=2.71385e-14 cpu_power=0 gpu_threshold=0 cpu_threshold=0
detection_mismatch sample_index=6 flat_index=59 doppler=1 range=27 cfar_cell=boundary gpu_detection=1 cpu_detection=0 gpu_power=3.10458e-14 cpu_power=0 gpu_threshold=0 cpu_threshold=0
detection_mismatch sample_index=6 flat_index=91 doppler=2 range=27 cfar_cell=boundary gpu_detection=1 cpu_detection=0 gpu_power=7.3567e-14 cpu_power=0 gpu_threshold=0 cpu_threshold=0
detection_mismatch sample_index=6 flat_index=123 doppler=3 range=27 cfar_cell=boundary gpu_detection=1 cpu_detection=0 gpu_power=2.90151e-12 cpu_power=0 gpu_threshold=0 cpu_threshold=0
detection_mismatch sample_index=6 flat_index=155 doppler=4 range=27 cfar_cell=boundary gpu_detection=1 cpu_detection=0 gpu_power=1.24707e-11 cpu_power=0 gpu_threshold=0 cpu_threshold=0
detection_mismatch sample_index=6 flat_index=187 doppler=5 range=27 cfar_cell=boundary gpu_detection=1 cpu_detection=0 gpu_power=2.60242e-12 cpu_power=0 gpu_threshold=0 cpu_threshold=0
detection_mismatch sample_index=6 flat_index=219 doppler=6 range=27 cfar_cell=boundary gpu_detection=1 cpu_detection=0 gpu_power=2.09604e-14 cpu_power=0 gpu_threshold=0 cpu_threshold=0
detection_mismatch sample_index=6 flat_index=251 doppler=7 range=27 cfar_cell=boundary gpu_detection=1 cpu_detection=0 gpu_power=6.18493e-14 cpu_power=0 gpu_threshold=0 cpu_threshold=0
detection_mismatch sample_index=6 flat_index=283 doppler=8 range=27 cfar_cell=boundary gpu_detection=1 cpu_detection=0 gpu_power=1.02927e-13 cpu_power=0 gpu_threshold=0 cpu_threshold=0
detection_mismatch sample_index=6 flat_index=315 doppler=9 range=27 cfar_cell=boundary gpu_detection=1 cpu_detection=0 gpu_power=4.3125e-14 cpu_power=0 gpu_threshold=0 cpu_threshold=0
detection_mismatch sample_index=6 flat_index=347 doppler=10 range=27 cfar_cell=boundary gpu_detection=1 cpu_detection=0 gpu_power=4.59391e-14 cpu_power=0 gpu_threshold=0 cpu_threshold=0
detection_mismatch sample_index=6 flat_index=379 doppler=11 range=27 cfar_cell=boundary gpu_detection=1 cpu_detection=0 gpu_power=6.91818e-15 cpu_power=0 gpu_threshold=0 cpu_threshold=0
detection_mismatch sample_index=6 flat_index=411 doppler=12 range=27 cfar_cell=boundary gpu_detection=1 cpu_detection=0 gpu_power=1.30478e-13 cpu_power=0 gpu_threshold=0 cpu_threshold=0
detection_mismatch sample_index=6 flat_index=443 doppler=13 range=27 cfar_cell=boundary gpu_detection=1 cpu_detection=0 gpu_power=1.24239e-13 cpu_power=0 gpu_threshold=0 cpu_threshold=0
detection_mismatch sample_index=6 flat_index=475 doppler=14 range=27 cfar_cell=boundary gpu_detection=1 cpu_detection=0 gpu_power=1.22179e-13 cpu_power=0 gpu_threshold=0 cpu_threshold=0
detection_mismatch sample_index=6 flat_index=507 doppler=15 range=27 cfar_cell=boundary gpu_detection=1 cpu_detection=0 gpu_power=2.42141e-14 cpu_power=0 gpu_threshold=0 cpu_threshold=0
sample_index=6 step=step1 cpu_ms=0.048661 gpu_ms=0.328574 relative_l2=8.98327e-07 cpu_heap_peak=2640224 cpu_rss_peak=75726848 gpu_peak=357777408 status=PASS
sample_index=6 step=step2 cpu_ms=0.288913 gpu_ms=0.714979 relative_l2=1.39991e-07 cpu_heap_peak=2644784 cpu_rss_peak=75726848 gpu_peak=357777408 status=PASS
sample_index=6 step=step3 cpu_ms=0.661279 gpu_ms=0.361055 relative_l2=3.37245e-07 cpu_heap_peak=2649024 cpu_rss_peak=75726848 gpu_peak=357777408 status=PASS
sample_index=6 step=step4 cpu_ms=0.05111 gpu_ms=0.544337 relative_l2=1.46504e-07 cpu_heap_peak=2653376 cpu_rss_peak=75726848 gpu_peak=357777408 status=PASS
sample_index=6 step=step5 cpu_ms=1.21528 gpu_ms=3.94821 relative_l2=1.2481e-07 cpu_heap_peak=2661360 cpu_rss_peak=75726848 gpu_peak=357777408 status=PASS
sample_index=6 cpu_pipeline_ms=2.27423 gpu_pipeline_ms=6.42528 cuda_event_aux_sum_ms=4.59793 relative_l2=1.04133e-06 relative_linf=2.9641e-06 detection_mismatch_count=16 valid_detection_mismatch_count=0 boundary_detection_mismatch_count=16 mse=3.58851e-10 rmse=1.89434e-05 formal_relative_l2=1.04133e-06 formal_relative_linf=2.9641e-06 semantic_gates=5/5 accuracy_status=PASS
detection_mismatch_summary sample_index=7 total=16 valid=0 boundary=16
detection_mismatch sample_index=7 flat_index=27 doppler=0 range=27 cfar_cell=boundary gpu_detection=1 cpu_detection=0 gpu_power=2.71385e-14 cpu_power=0 gpu_threshold=0 cpu_threshold=0
detection_mismatch sample_index=7 flat_index=59 doppler=1 range=27 cfar_cell=boundary gpu_detection=1 cpu_detection=0 gpu_power=3.10458e-14 cpu_power=0 gpu_threshold=0 cpu_threshold=0
detection_mismatch sample_index=7 flat_index=91 doppler=2 range=27 cfar_cell=boundary gpu_detection=1 cpu_detection=0 gpu_power=7.3567e-14 cpu_power=0 gpu_threshold=0 cpu_threshold=0
detection_mismatch sample_index=7 flat_index=123 doppler=3 range=27 cfar_cell=boundary gpu_detection=1 cpu_detection=0 gpu_power=2.90151e-12 cpu_power=0 gpu_threshold=0 cpu_threshold=0
detection_mismatch sample_index=7 flat_index=155 doppler=4 range=27 cfar_cell=boundary gpu_detection=1 cpu_detection=0 gpu_power=1.24707e-11 cpu_power=0 gpu_threshold=0 cpu_threshold=0
detection_mismatch sample_index=7 flat_index=187 doppler=5 range=27 cfar_cell=boundary gpu_detection=1 cpu_detection=0 gpu_power=2.60242e-12 cpu_power=0 gpu_threshold=0 cpu_threshold=0
detection_mismatch sample_index=7 flat_index=219 doppler=6 range=27 cfar_cell=boundary gpu_detection=1 cpu_detection=0 gpu_power=2.09604e-14 cpu_power=0 gpu_threshold=0 cpu_threshold=0
detection_mismatch sample_index=7 flat_index=251 doppler=7 range=27 cfar_cell=boundary gpu_detection=1 cpu_detection=0 gpu_power=6.18493e-14 cpu_power=0 gpu_threshold=0 cpu_threshold=0
detection_mismatch sample_index=7 flat_index=283 doppler=8 range=27 cfar_cell=boundary gpu_detection=1 cpu_detection=0 gpu_power=1.02927e-13 cpu_power=0 gpu_threshold=0 cpu_threshold=0
detection_mismatch sample_index=7 flat_index=315 doppler=9 range=27 cfar_cell=boundary gpu_detection=1 cpu_detection=0 gpu_power=4.3125e-14 cpu_power=0 gpu_threshold=0 cpu_threshold=0
detection_mismatch sample_index=7 flat_index=347 doppler=10 range=27 cfar_cell=boundary gpu_detection=1 cpu_detection=0 gpu_power=4.59391e-14 cpu_power=0 gpu_threshold=0 cpu_threshold=0
detection_mismatch sample_index=7 flat_index=379 doppler=11 range=27 cfar_cell=boundary gpu_detection=1 cpu_detection=0 gpu_power=6.91818e-15 cpu_power=0 gpu_threshold=0 cpu_threshold=0
detection_mismatch sample_index=7 flat_index=411 doppler=12 range=27 cfar_cell=boundary gpu_detection=1 cpu_detection=0 gpu_power=1.30478e-13 cpu_power=0 gpu_threshold=0 cpu_threshold=0
detection_mismatch sample_index=7 flat_index=443 doppler=13 range=27 cfar_cell=boundary gpu_detection=1 cpu_detection=0 gpu_power=1.24239e-13 cpu_power=0 gpu_threshold=0 cpu_threshold=0
detection_mismatch sample_index=7 flat_index=475 doppler=14 range=27 cfar_cell=boundary gpu_detection=1 cpu_detection=0 gpu_power=1.22179e-13 cpu_power=0 gpu_threshold=0 cpu_threshold=0
detection_mismatch sample_index=7 flat_index=507 doppler=15 range=27 cfar_cell=boundary gpu_detection=1 cpu_detection=0 gpu_power=2.42141e-14 cpu_power=0 gpu_threshold=0 cpu_threshold=0
sample_index=7 step=step1 cpu_ms=0.04855 gpu_ms=0.350365 relative_l2=8.98327e-07 cpu_heap_peak=2639936 cpu_rss_peak=75726848 gpu_peak=357777408 status=PASS
sample_index=7 step=step2 cpu_ms=0.288784 gpu_ms=0.709899 relative_l2=1.39991e-07 cpu_heap_peak=2644496 cpu_rss_peak=75726848 gpu_peak=357777408 status=PASS
sample_index=7 step=step3 cpu_ms=0.662568 gpu_ms=0.331514 relative_l2=3.37245e-07 cpu_heap_peak=2648752 cpu_rss_peak=75726848 gpu_peak=357777408 status=PASS
sample_index=7 step=step4 cpu_ms=0.049651 gpu_ms=0.513737 relative_l2=1.46504e-07 cpu_heap_peak=2653104 cpu_rss_peak=75726848 gpu_peak=357777408 status=PASS
sample_index=7 step=step5 cpu_ms=1.2006 gpu_ms=3.76983 relative_l2=1.2481e-07 cpu_heap_peak=2661088 cpu_rss_peak=75726848 gpu_peak=357777408 status=PASS
sample_index=7 cpu_pipeline_ms=2.2594 gpu_pipeline_ms=6.20167 cuda_event_aux_sum_ms=4.42962 relative_l2=1.04133e-06 relative_linf=2.9641e-06 detection_mismatch_count=16 valid_detection_mismatch_count=0 boundary_detection_mismatch_count=16 mse=3.58851e-10 rmse=1.89434e-05 formal_relative_l2=1.04133e-06 formal_relative_linf=2.9641e-06 semantic_gates=5/5 accuracy_status=PASS
detection_mismatch_summary sample_index=8 total=16 valid=0 boundary=16
detection_mismatch sample_index=8 flat_index=27 doppler=0 range=27 cfar_cell=boundary gpu_detection=1 cpu_detection=0 gpu_power=2.71385e-14 cpu_power=0 gpu_threshold=0 cpu_threshold=0
detection_mismatch sample_index=8 flat_index=59 doppler=1 range=27 cfar_cell=boundary gpu_detection=1 cpu_detection=0 gpu_power=3.10458e-14 cpu_power=0 gpu_threshold=0 cpu_threshold=0
detection_mismatch sample_index=8 flat_index=91 doppler=2 range=27 cfar_cell=boundary gpu_detection=1 cpu_detection=0 gpu_power=7.3567e-14 cpu_power=0 gpu_threshold=0 cpu_threshold=0
detection_mismatch sample_index=8 flat_index=123 doppler=3 range=27 cfar_cell=boundary gpu_detection=1 cpu_detection=0 gpu_power=2.90151e-12 cpu_power=0 gpu_threshold=0 cpu_threshold=0
detection_mismatch sample_index=8 flat_index=155 doppler=4 range=27 cfar_cell=boundary gpu_detection=1 cpu_detection=0 gpu_power=1.24707e-11 cpu_power=0 gpu_threshold=0 cpu_threshold=0
detection_mismatch sample_index=8 flat_index=187 doppler=5 range=27 cfar_cell=boundary gpu_detection=1 cpu_detection=0 gpu_power=2.60242e-12 cpu_power=0 gpu_threshold=0 cpu_threshold=0
detection_mismatch sample_index=8 flat_index=219 doppler=6 range=27 cfar_cell=boundary gpu_detection=1 cpu_detection=0 gpu_power=2.09604e-14 cpu_power=0 gpu_threshold=0 cpu_threshold=0
detection_mismatch sample_index=8 flat_index=251 doppler=7 range=27 cfar_cell=boundary gpu_detection=1 cpu_detection=0 gpu_power=6.18493e-14 cpu_power=0 gpu_threshold=0 cpu_threshold=0
detection_mismatch sample_index=8 flat_index=283 doppler=8 range=27 cfar_cell=boundary gpu_detection=1 cpu_detection=0 gpu_power=1.02927e-13 cpu_power=0 gpu_threshold=0 cpu_threshold=0
detection_mismatch sample_index=8 flat_index=315 doppler=9 range=27 cfar_cell=boundary gpu_detection=1 cpu_detection=0 gpu_power=4.3125e-14 cpu_power=0 gpu_threshold=0 cpu_threshold=0
detection_mismatch sample_index=8 flat_index=347 doppler=10 range=27 cfar_cell=boundary gpu_detection=1 cpu_detection=0 gpu_power=4.59391e-14 cpu_power=0 gpu_threshold=0 cpu_threshold=0
detection_mismatch sample_index=8 flat_index=379 doppler=11 range=27 cfar_cell=boundary gpu_detection=1 cpu_detection=0 gpu_power=6.91818e-15 cpu_power=0 gpu_threshold=0 cpu_threshold=0
detection_mismatch sample_index=8 flat_index=411 doppler=12 range=27 cfar_cell=boundary gpu_detection=1 cpu_detection=0 gpu_power=1.30478e-13 cpu_power=0 gpu_threshold=0 cpu_threshold=0
detection_mismatch sample_index=8 flat_index=443 doppler=13 range=27 cfar_cell=boundary gpu_detection=1 cpu_detection=0 gpu_power=1.24239e-13 cpu_power=0 gpu_threshold=0 cpu_threshold=0
detection_mismatch sample_index=8 flat_index=475 doppler=14 range=27 cfar_cell=boundary gpu_detection=1 cpu_detection=0 gpu_power=1.22179e-13 cpu_power=0 gpu_threshold=0 cpu_threshold=0
detection_mismatch sample_index=8 flat_index=507 doppler=15 range=27 cfar_cell=boundary gpu_detection=1 cpu_detection=0 gpu_power=2.42141e-14 cpu_power=0 gpu_threshold=0 cpu_threshold=0
sample_index=8 step=step1 cpu_ms=0.04907 gpu_ms=0.322834 relative_l2=8.98327e-07 cpu_heap_peak=2654240 cpu_rss_peak=75726848 gpu_peak=357777408 status=PASS
sample_index=8 step=step2 cpu_ms=0.288764 gpu_ms=0.673508 relative_l2=1.39991e-07 cpu_heap_peak=2658624 cpu_rss_peak=75726848 gpu_peak=357777408 status=PASS
sample_index=8 step=step3 cpu_ms=0.660948 gpu_ms=0.321894 relative_l2=3.37245e-07 cpu_heap_peak=2662864 cpu_rss_peak=75726848 gpu_peak=357777408 status=PASS
sample_index=8 step=step4 cpu_ms=0.051441 gpu_ms=0.503116 relative_l2=1.46504e-07 cpu_heap_peak=2667216 cpu_rss_peak=75726848 gpu_peak=357777408 status=PASS
sample_index=8 step=step5 cpu_ms=1.20178 gpu_ms=3.70814 relative_l2=1.2481e-07 cpu_heap_peak=2675200 cpu_rss_peak=75726848 gpu_peak=357777408 status=PASS
sample_index=8 cpu_pipeline_ms=2.26071 gpu_pipeline_ms=6.04812 cuda_event_aux_sum_ms=4.33107 relative_l2=1.04133e-06 relative_linf=2.9641e-06 detection_mismatch_count=16 valid_detection_mismatch_count=0 boundary_detection_mismatch_count=16 mse=3.58851e-10 rmse=1.89434e-05 formal_relative_l2=1.04133e-06 formal_relative_linf=2.9641e-06 semantic_gates=5/5 accuracy_status=PASS
detection_mismatch_summary sample_index=9 total=16 valid=0 boundary=16
detection_mismatch sample_index=9 flat_index=27 doppler=0 range=27 cfar_cell=boundary gpu_detection=1 cpu_detection=0 gpu_power=2.71385e-14 cpu_power=0 gpu_threshold=0 cpu_threshold=0
detection_mismatch sample_index=9 flat_index=59 doppler=1 range=27 cfar_cell=boundary gpu_detection=1 cpu_detection=0 gpu_power=3.10458e-14 cpu_power=0 gpu_threshold=0 cpu_threshold=0
detection_mismatch sample_index=9 flat_index=91 doppler=2 range=27 cfar_cell=boundary gpu_detection=1 cpu_detection=0 gpu_power=7.3567e-14 cpu_power=0 gpu_threshold=0 cpu_threshold=0
detection_mismatch sample_index=9 flat_index=123 doppler=3 range=27 cfar_cell=boundary gpu_detection=1 cpu_detection=0 gpu_power=2.90151e-12 cpu_power=0 gpu_threshold=0 cpu_threshold=0
detection_mismatch sample_index=9 flat_index=155 doppler=4 range=27 cfar_cell=boundary gpu_detection=1 cpu_detection=0 gpu_power=1.24707e-11 cpu_power=0 gpu_threshold=0 cpu_threshold=0
detection_mismatch sample_index=9 flat_index=187 doppler=5 range=27 cfar_cell=boundary gpu_detection=1 cpu_detection=0 gpu_power=2.60242e-12 cpu_power=0 gpu_threshold=0 cpu_threshold=0
detection_mismatch sample_index=9 flat_index=219 doppler=6 range=27 cfar_cell=boundary gpu_detection=1 cpu_detection=0 gpu_power=2.09604e-14 cpu_power=0 gpu_threshold=0 cpu_threshold=0
detection_mismatch sample_index=9 flat_index=251 doppler=7 range=27 cfar_cell=boundary gpu_detection=1 cpu_detection=0 gpu_power=6.18493e-14 cpu_power=0 gpu_threshold=0 cpu_threshold=0
detection_mismatch sample_index=9 flat_index=283 doppler=8 range=27 cfar_cell=boundary gpu_detection=1 cpu_detection=0 gpu_power=1.02927e-13 cpu_power=0 gpu_threshold=0 cpu_threshold=0
detection_mismatch sample_index=9 flat_index=315 doppler=9 range=27 cfar_cell=boundary gpu_detection=1 cpu_detection=0 gpu_power=4.3125e-14 cpu_power=0 gpu_threshold=0 cpu_threshold=0
detection_mismatch sample_index=9 flat_index=347 doppler=10 range=27 cfar_cell=boundary gpu_detection=1 cpu_detection=0 gpu_power=4.59391e-14 cpu_power=0 gpu_threshold=0 cpu_threshold=0
detection_mismatch sample_index=9 flat_index=379 doppler=11 range=27 cfar_cell=boundary gpu_detection=1 cpu_detection=0 gpu_power=6.91818e-15 cpu_power=0 gpu_threshold=0 cpu_threshold=0
detection_mismatch sample_index=9 flat_index=411 doppler=12 range=27 cfar_cell=boundary gpu_detection=1 cpu_detection=0 gpu_power=1.30478e-13 cpu_power=0 gpu_threshold=0 cpu_threshold=0
detection_mismatch sample_index=9 flat_index=443 doppler=13 range=27 cfar_cell=boundary gpu_detection=1 cpu_detection=0 gpu_power=1.24239e-13 cpu_power=0 gpu_threshold=0 cpu_threshold=0
detection_mismatch sample_index=9 flat_index=475 doppler=14 range=27 cfar_cell=boundary gpu_detection=1 cpu_detection=0 gpu_power=1.22179e-13 cpu_power=0 gpu_threshold=0 cpu_threshold=0
detection_mismatch sample_index=9 flat_index=507 doppler=15 range=27 cfar_cell=boundary gpu_detection=1 cpu_detection=0 gpu_power=2.42141e-14 cpu_power=0 gpu_threshold=0 cpu_threshold=0
sample_index=9 step=step1 cpu_ms=0.048711 gpu_ms=0.325174 relative_l2=8.98327e-07 cpu_heap_peak=2661152 cpu_rss_peak=75726848 gpu_peak=357777408 status=PASS
sample_index=9 step=step2 cpu_ms=0.288594 gpu_ms=0.677158 relative_l2=1.39991e-07 cpu_heap_peak=2665696 cpu_rss_peak=75726848 gpu_peak=357777408 status=PASS
sample_index=9 step=step3 cpu_ms=0.673988 gpu_ms=0.342394 relative_l2=3.37245e-07 cpu_heap_peak=2669936 cpu_rss_peak=75726848 gpu_peak=357777408 status=PASS
sample_index=9 step=step4 cpu_ms=0.049761 gpu_ms=0.515977 relative_l2=1.46504e-07 cpu_heap_peak=2674288 cpu_rss_peak=75726848 gpu_peak=357777408 status=PASS
sample_index=9 step=step5 cpu_ms=1.19992 gpu_ms=3.7174 relative_l2=1.2481e-07 cpu_heap_peak=2682272 cpu_rss_peak=75726848 gpu_peak=357777408 status=PASS
sample_index=9 cpu_pipeline_ms=2.26983 gpu_pipeline_ms=6.20957 cuda_event_aux_sum_ms=4.34289 relative_l2=1.04133e-06 relative_linf=2.9641e-06 detection_mismatch_count=16 valid_detection_mismatch_count=0 boundary_detection_mismatch_count=16 mse=3.58851e-10 rmse=1.89434e-05 formal_relative_l2=1.04133e-06 formal_relative_linf=2.9641e-06 semantic_gates=5/5 accuracy_status=PASS
detection_mismatch_summary sample_index=10 total=16 valid=0 boundary=16
detection_mismatch sample_index=10 flat_index=27 doppler=0 range=27 cfar_cell=boundary gpu_detection=1 cpu_detection=0 gpu_power=2.71385e-14 cpu_power=0 gpu_threshold=0 cpu_threshold=0
detection_mismatch sample_index=10 flat_index=59 doppler=1 range=27 cfar_cell=boundary gpu_detection=1 cpu_detection=0 gpu_power=3.10458e-14 cpu_power=0 gpu_threshold=0 cpu_threshold=0
detection_mismatch sample_index=10 flat_index=91 doppler=2 range=27 cfar_cell=boundary gpu_detection=1 cpu_detection=0 gpu_power=7.3567e-14 cpu_power=0 gpu_threshold=0 cpu_threshold=0
detection_mismatch sample_index=10 flat_index=123 doppler=3 range=27 cfar_cell=boundary gpu_detection=1 cpu_detection=0 gpu_power=2.90151e-12 cpu_power=0 gpu_threshold=0 cpu_threshold=0
detection_mismatch sample_index=10 flat_index=155 doppler=4 range=27 cfar_cell=boundary gpu_detection=1 cpu_detection=0 gpu_power=1.24707e-11 cpu_power=0 gpu_threshold=0 cpu_threshold=0
detection_mismatch sample_index=10 flat_index=187 doppler=5 range=27 cfar_cell=boundary gpu_detection=1 cpu_detection=0 gpu_power=2.60242e-12 cpu_power=0 gpu_threshold=0 cpu_threshold=0
detection_mismatch sample_index=10 flat_index=219 doppler=6 range=27 cfar_cell=boundary gpu_detection=1 cpu_detection=0 gpu_power=2.09604e-14 cpu_power=0 gpu_threshold=0 cpu_threshold=0
detection_mismatch sample_index=10 flat_index=251 doppler=7 range=27 cfar_cell=boundary gpu_detection=1 cpu_detection=0 gpu_power=6.18493e-14 cpu_power=0 gpu_threshold=0 cpu_threshold=0
detection_mismatch sample_index=10 flat_index=283 doppler=8 range=27 cfar_cell=boundary gpu_detection=1 cpu_detection=0 gpu_power=1.02927e-13 cpu_power=0 gpu_threshold=0 cpu_threshold=0
detection_mismatch sample_index=10 flat_index=315 doppler=9 range=27 cfar_cell=boundary gpu_detection=1 cpu_detection=0 gpu_power=4.3125e-14 cpu_power=0 gpu_threshold=0 cpu_threshold=0
detection_mismatch sample_index=10 flat_index=347 doppler=10 range=27 cfar_cell=boundary gpu_detection=1 cpu_detection=0 gpu_power=4.59391e-14 cpu_power=0 gpu_threshold=0 cpu_threshold=0
detection_mismatch sample_index=10 flat_index=379 doppler=11 range=27 cfar_cell=boundary gpu_detection=1 cpu_detection=0 gpu_power=6.91818e-15 cpu_power=0 gpu_threshold=0 cpu_threshold=0
detection_mismatch sample_index=10 flat_index=411 doppler=12 range=27 cfar_cell=boundary gpu_detection=1 cpu_detection=0 gpu_power=1.30478e-13 cpu_power=0 gpu_threshold=0 cpu_threshold=0
detection_mismatch sample_index=10 flat_index=443 doppler=13 range=27 cfar_cell=boundary gpu_detection=1 cpu_detection=0 gpu_power=1.24239e-13 cpu_power=0 gpu_threshold=0 cpu_threshold=0
detection_mismatch sample_index=10 flat_index=475 doppler=14 range=27 cfar_cell=boundary gpu_detection=1 cpu_detection=0 gpu_power=1.22179e-13 cpu_power=0 gpu_threshold=0 cpu_threshold=0
detection_mismatch sample_index=10 flat_index=507 doppler=15 range=27 cfar_cell=boundary gpu_detection=1 cpu_detection=0 gpu_power=2.42141e-14 cpu_power=0 gpu_threshold=0 cpu_threshold=0
sample_index=10 step=step1 cpu_ms=0.048621 gpu_ms=0.331284 relative_l2=8.98327e-07 cpu_heap_peak=2663056 cpu_rss_peak=75726848 gpu_peak=357777408 status=PASS
sample_index=10 step=step2 cpu_ms=0.288914 gpu_ms=0.703438 relative_l2=1.39991e-07 cpu_heap_peak=2667296 cpu_rss_peak=75726848 gpu_peak=357777408 status=PASS
sample_index=10 step=step3 cpu_ms=0.660248 gpu_ms=0.349394 relative_l2=3.37245e-07 cpu_heap_peak=2671536 cpu_rss_peak=75726848 gpu_peak=357777408 status=PASS
sample_index=10 step=step4 cpu_ms=0.05052 gpu_ms=0.515437 relative_l2=1.46504e-07 cpu_heap_peak=2675888 cpu_rss_peak=75726848 gpu_peak=357777408 status=PASS
sample_index=10 step=step5 cpu_ms=1.22104 gpu_ms=3.73824 relative_l2=1.2481e-07 cpu_heap_peak=2683872 cpu_rss_peak=75726848 gpu_peak=357777408 status=PASS
sample_index=10 cpu_pipeline_ms=2.27823 gpu_pipeline_ms=6.16786 cuda_event_aux_sum_ms=4.37503 relative_l2=1.04133e-06 relative_linf=2.9641e-06 detection_mismatch_count=16 valid_detection_mismatch_count=0 boundary_detection_mismatch_count=16 mse=3.58851e-10 rmse=1.89434e-05 formal_relative_l2=1.04133e-06 formal_relative_linf=2.9641e-06 semantic_gates=5/5 accuracy_status=PASS
detection_mismatch_summary sample_index=11 total=16 valid=0 boundary=16
detection_mismatch sample_index=11 flat_index=27 doppler=0 range=27 cfar_cell=boundary gpu_detection=1 cpu_detection=0 gpu_power=2.71385e-14 cpu_power=0 gpu_threshold=0 cpu_threshold=0
detection_mismatch sample_index=11 flat_index=59 doppler=1 range=27 cfar_cell=boundary gpu_detection=1 cpu_detection=0 gpu_power=3.10458e-14 cpu_power=0 gpu_threshold=0 cpu_threshold=0
detection_mismatch sample_index=11 flat_index=91 doppler=2 range=27 cfar_cell=boundary gpu_detection=1 cpu_detection=0 gpu_power=7.3567e-14 cpu_power=0 gpu_threshold=0 cpu_threshold=0
detection_mismatch sample_index=11 flat_index=123 doppler=3 range=27 cfar_cell=boundary gpu_detection=1 cpu_detection=0 gpu_power=2.90151e-12 cpu_power=0 gpu_threshold=0 cpu_threshold=0
detection_mismatch sample_index=11 flat_index=155 doppler=4 range=27 cfar_cell=boundary gpu_detection=1 cpu_detection=0 gpu_power=1.24707e-11 cpu_power=0 gpu_threshold=0 cpu_threshold=0
detection_mismatch sample_index=11 flat_index=187 doppler=5 range=27 cfar_cell=boundary gpu_detection=1 cpu_detection=0 gpu_power=2.60242e-12 cpu_power=0 gpu_threshold=0 cpu_threshold=0
detection_mismatch sample_index=11 flat_index=219 doppler=6 range=27 cfar_cell=boundary gpu_detection=1 cpu_detection=0 gpu_power=2.09604e-14 cpu_power=0 gpu_threshold=0 cpu_threshold=0
detection_mismatch sample_index=11 flat_index=251 doppler=7 range=27 cfar_cell=boundary gpu_detection=1 cpu_detection=0 gpu_power=6.18493e-14 cpu_power=0 gpu_threshold=0 cpu_threshold=0
detection_mismatch sample_index=11 flat_index=283 doppler=8 range=27 cfar_cell=boundary gpu_detection=1 cpu_detection=0 gpu_power=1.02927e-13 cpu_power=0 gpu_threshold=0 cpu_threshold=0
detection_mismatch sample_index=11 flat_index=315 doppler=9 range=27 cfar_cell=boundary gpu_detection=1 cpu_detection=0 gpu_power=4.3125e-14 cpu_power=0 gpu_threshold=0 cpu_threshold=0
detection_mismatch sample_index=11 flat_index=347 doppler=10 range=27 cfar_cell=boundary gpu_detection=1 cpu_detection=0 gpu_power=4.59391e-14 cpu_power=0 gpu_threshold=0 cpu_threshold=0
detection_mismatch sample_index=11 flat_index=379 doppler=11 range=27 cfar_cell=boundary gpu_detection=1 cpu_detection=0 gpu_power=6.91818e-15 cpu_power=0 gpu_threshold=0 cpu_threshold=0
detection_mismatch sample_index=11 flat_index=411 doppler=12 range=27 cfar_cell=boundary gpu_detection=1 cpu_detection=0 gpu_power=1.30478e-13 cpu_power=0 gpu_threshold=0 cpu_threshold=0
detection_mismatch sample_index=11 flat_index=443 doppler=13 range=27 cfar_cell=boundary gpu_detection=1 cpu_detection=0 gpu_power=1.24239e-13 cpu_power=0 gpu_threshold=0 cpu_threshold=0
detection_mismatch sample_index=11 flat_index=475 doppler=14 range=27 cfar_cell=boundary gpu_detection=1 cpu_detection=0 gpu_power=1.22179e-13 cpu_power=0 gpu_threshold=0 cpu_threshold=0
detection_mismatch sample_index=11 flat_index=507 doppler=15 range=27 cfar_cell=boundary gpu_detection=1 cpu_detection=0 gpu_power=2.42141e-14 cpu_power=0 gpu_threshold=0 cpu_threshold=0
sample_index=11 step=step1 cpu_ms=0.048621 gpu_ms=0.343134 relative_l2=8.98327e-07 cpu_heap_peak=2662576 cpu_rss_peak=75726848 gpu_peak=357777408 status=PASS
sample_index=11 step=step2 cpu_ms=0.290154 gpu_ms=0.691628 relative_l2=1.39991e-07 cpu_heap_peak=2667104 cpu_rss_peak=75726848 gpu_peak=357777408 status=PASS
sample_index=11 step=step3 cpu_ms=0.660638 gpu_ms=0.360434 relative_l2=3.37245e-07 cpu_heap_peak=2671344 cpu_rss_peak=75726848 gpu_peak=357777408 status=PASS
sample_index=11 step=step4 cpu_ms=0.04996 gpu_ms=0.515916 relative_l2=1.46504e-07 cpu_heap_peak=2675696 cpu_rss_peak=75726848 gpu_peak=357777408 status=PASS
sample_index=11 step=step5 cpu_ms=1.20185 gpu_ms=3.78737 relative_l2=1.2481e-07 cpu_heap_peak=2683680 cpu_rss_peak=75726848 gpu_peak=357777408 status=PASS
sample_index=11 cpu_pipeline_ms=2.25989 gpu_pipeline_ms=6.22154 cuda_event_aux_sum_ms=4.43169 relative_l2=1.04133e-06 relative_linf=2.9641e-06 detection_mismatch_count=16 valid_detection_mismatch_count=0 boundary_detection_mismatch_count=16 mse=3.58851e-10 rmse=1.89434e-05 formal_relative_l2=1.04133e-06 formal_relative_linf=2.9641e-06 semantic_gates=5/5 accuracy_status=PASS
detection_mismatch_summary sample_index=12 total=16 valid=0 boundary=16
detection_mismatch sample_index=12 flat_index=27 doppler=0 range=27 cfar_cell=boundary gpu_detection=1 cpu_detection=0 gpu_power=2.71385e-14 cpu_power=0 gpu_threshold=0 cpu_threshold=0
detection_mismatch sample_index=12 flat_index=59 doppler=1 range=27 cfar_cell=boundary gpu_detection=1 cpu_detection=0 gpu_power=3.10458e-14 cpu_power=0 gpu_threshold=0 cpu_threshold=0
detection_mismatch sample_index=12 flat_index=91 doppler=2 range=27 cfar_cell=boundary gpu_detection=1 cpu_detection=0 gpu_power=7.3567e-14 cpu_power=0 gpu_threshold=0 cpu_threshold=0
detection_mismatch sample_index=12 flat_index=123 doppler=3 range=27 cfar_cell=boundary gpu_detection=1 cpu_detection=0 gpu_power=2.90151e-12 cpu_power=0 gpu_threshold=0 cpu_threshold=0
detection_mismatch sample_index=12 flat_index=155 doppler=4 range=27 cfar_cell=boundary gpu_detection=1 cpu_detection=0 gpu_power=1.24707e-11 cpu_power=0 gpu_threshold=0 cpu_threshold=0
detection_mismatch sample_index=12 flat_index=187 doppler=5 range=27 cfar_cell=boundary gpu_detection=1 cpu_detection=0 gpu_power=2.60242e-12 cpu_power=0 gpu_threshold=0 cpu_threshold=0
detection_mismatch sample_index=12 flat_index=219 doppler=6 range=27 cfar_cell=boundary gpu_detection=1 cpu_detection=0 gpu_power=2.09604e-14 cpu_power=0 gpu_threshold=0 cpu_threshold=0
detection_mismatch sample_index=12 flat_index=251 doppler=7 range=27 cfar_cell=boundary gpu_detection=1 cpu_detection=0 gpu_power=6.18493e-14 cpu_power=0 gpu_threshold=0 cpu_threshold=0
detection_mismatch sample_index=12 flat_index=283 doppler=8 range=27 cfar_cell=boundary gpu_detection=1 cpu_detection=0 gpu_power=1.02927e-13 cpu_power=0 gpu_threshold=0 cpu_threshold=0
detection_mismatch sample_index=12 flat_index=315 doppler=9 range=27 cfar_cell=boundary gpu_detection=1 cpu_detection=0 gpu_power=4.3125e-14 cpu_power=0 gpu_threshold=0 cpu_threshold=0
detection_mismatch sample_index=12 flat_index=347 doppler=10 range=27 cfar_cell=boundary gpu_detection=1 cpu_detection=0 gpu_power=4.59391e-14 cpu_power=0 gpu_threshold=0 cpu_threshold=0
detection_mismatch sample_index=12 flat_index=379 doppler=11 range=27 cfar_cell=boundary gpu_detection=1 cpu_detection=0 gpu_power=6.91818e-15 cpu_power=0 gpu_threshold=0 cpu_threshold=0
detection_mismatch sample_index=12 flat_index=411 doppler=12 range=27 cfar_cell=boundary gpu_detection=1 cpu_detection=0 gpu_power=1.30478e-13 cpu_power=0 gpu_threshold=0 cpu_threshold=0
detection_mismatch sample_index=12 flat_index=443 doppler=13 range=27 cfar_cell=boundary gpu_detection=1 cpu_detection=0 gpu_power=1.24239e-13 cpu_power=0 gpu_threshold=0 cpu_threshold=0
detection_mismatch sample_index=12 flat_index=475 doppler=14 range=27 cfar_cell=boundary gpu_detection=1 cpu_detection=0 gpu_power=1.22179e-13 cpu_power=0 gpu_threshold=0 cpu_threshold=0
detection_mismatch sample_index=12 flat_index=507 doppler=15 range=27 cfar_cell=boundary gpu_detection=1 cpu_detection=0 gpu_power=2.42141e-14 cpu_power=0 gpu_threshold=0 cpu_threshold=0
sample_index=12 step=step1 cpu_ms=0.048981 gpu_ms=0.336164 relative_l2=8.98327e-07 cpu_heap_peak=2662832 cpu_rss_peak=75726848 gpu_peak=357777408 status=PASS
sample_index=12 step=step2 cpu_ms=0.289334 gpu_ms=0.740779 relative_l2=1.39991e-07 cpu_heap_peak=2667216 cpu_rss_peak=75726848 gpu_peak=357777408 status=PASS
sample_index=12 step=step3 cpu_ms=0.660588 gpu_ms=0.345805 relative_l2=3.37245e-07 cpu_heap_peak=2671472 cpu_rss_peak=75726848 gpu_peak=357777408 status=PASS
sample_index=12 step=step4 cpu_ms=0.05026 gpu_ms=0.505386 relative_l2=1.46504e-07 cpu_heap_peak=2675824 cpu_rss_peak=75726848 gpu_peak=357777408 status=PASS
sample_index=12 step=step5 cpu_ms=1.2006 gpu_ms=3.73942 relative_l2=1.2481e-07 cpu_heap_peak=2683808 cpu_rss_peak=75726848 gpu_peak=357777408 status=PASS
sample_index=12 cpu_pipeline_ms=2.25863 gpu_pipeline_ms=6.19535 cuda_event_aux_sum_ms=4.40934 relative_l2=1.04133e-06 relative_linf=2.9641e-06 detection_mismatch_count=16 valid_detection_mismatch_count=0 boundary_detection_mismatch_count=16 mse=3.58851e-10 rmse=1.89434e-05 formal_relative_l2=1.04133e-06 formal_relative_linf=2.9641e-06 semantic_gates=5/5 accuracy_status=PASS
detection_mismatch_summary sample_index=13 total=16 valid=0 boundary=16
detection_mismatch sample_index=13 flat_index=27 doppler=0 range=27 cfar_cell=boundary gpu_detection=1 cpu_detection=0 gpu_power=2.71385e-14 cpu_power=0 gpu_threshold=0 cpu_threshold=0
detection_mismatch sample_index=13 flat_index=59 doppler=1 range=27 cfar_cell=boundary gpu_detection=1 cpu_detection=0 gpu_power=3.10458e-14 cpu_power=0 gpu_threshold=0 cpu_threshold=0
detection_mismatch sample_index=13 flat_index=91 doppler=2 range=27 cfar_cell=boundary gpu_detection=1 cpu_detection=0 gpu_power=7.3567e-14 cpu_power=0 gpu_threshold=0 cpu_threshold=0
detection_mismatch sample_index=13 flat_index=123 doppler=3 range=27 cfar_cell=boundary gpu_detection=1 cpu_detection=0 gpu_power=2.90151e-12 cpu_power=0 gpu_threshold=0 cpu_threshold=0
detection_mismatch sample_index=13 flat_index=155 doppler=4 range=27 cfar_cell=boundary gpu_detection=1 cpu_detection=0 gpu_power=1.24707e-11 cpu_power=0 gpu_threshold=0 cpu_threshold=0
detection_mismatch sample_index=13 flat_index=187 doppler=5 range=27 cfar_cell=boundary gpu_detection=1 cpu_detection=0 gpu_power=2.60242e-12 cpu_power=0 gpu_threshold=0 cpu_threshold=0
detection_mismatch sample_index=13 flat_index=219 doppler=6 range=27 cfar_cell=boundary gpu_detection=1 cpu_detection=0 gpu_power=2.09604e-14 cpu_power=0 gpu_threshold=0 cpu_threshold=0
detection_mismatch sample_index=13 flat_index=251 doppler=7 range=27 cfar_cell=boundary gpu_detection=1 cpu_detection=0 gpu_power=6.18493e-14 cpu_power=0 gpu_threshold=0 cpu_threshold=0
detection_mismatch sample_index=13 flat_index=283 doppler=8 range=27 cfar_cell=boundary gpu_detection=1 cpu_detection=0 gpu_power=1.02927e-13 cpu_power=0 gpu_threshold=0 cpu_threshold=0
detection_mismatch sample_index=13 flat_index=315 doppler=9 range=27 cfar_cell=boundary gpu_detection=1 cpu_detection=0 gpu_power=4.3125e-14 cpu_power=0 gpu_threshold=0 cpu_threshold=0
detection_mismatch sample_index=13 flat_index=347 doppler=10 range=27 cfar_cell=boundary gpu_detection=1 cpu_detection=0 gpu_power=4.59391e-14 cpu_power=0 gpu_threshold=0 cpu_threshold=0
detection_mismatch sample_index=13 flat_index=379 doppler=11 range=27 cfar_cell=boundary gpu_detection=1 cpu_detection=0 gpu_power=6.91818e-15 cpu_power=0 gpu_threshold=0 cpu_threshold=0
detection_mismatch sample_index=13 flat_index=411 doppler=12 range=27 cfar_cell=boundary gpu_detection=1 cpu_detection=0 gpu_power=1.30478e-13 cpu_power=0 gpu_threshold=0 cpu_threshold=0
detection_mismatch sample_index=13 flat_index=443 doppler=13 range=27 cfar_cell=boundary gpu_detection=1 cpu_detection=0 gpu_power=1.24239e-13 cpu_power=0 gpu_threshold=0 cpu_threshold=0
detection_mismatch sample_index=13 flat_index=475 doppler=14 range=27 cfar_cell=boundary gpu_detection=1 cpu_detection=0 gpu_power=1.22179e-13 cpu_power=0 gpu_threshold=0 cpu_threshold=0
detection_mismatch sample_index=13 flat_index=507 doppler=15 range=27 cfar_cell=boundary gpu_detection=1 cpu_detection=0 gpu_power=2.42141e-14 cpu_power=0 gpu_threshold=0 cpu_threshold=0
sample_index=13 step=step1 cpu_ms=0.04903 gpu_ms=0.334314 relative_l2=8.98327e-07 cpu_heap_peak=2663392 cpu_rss_peak=75726848 gpu_peak=357777408 status=PASS
sample_index=13 step=step2 cpu_ms=0.304484 gpu_ms=0.713608 relative_l2=1.39991e-07 cpu_heap_peak=2667632 cpu_rss_peak=75726848 gpu_peak=357777408 status=PASS
sample_index=13 step=step3 cpu_ms=0.661768 gpu_ms=0.349084 relative_l2=3.37245e-07 cpu_heap_peak=2671872 cpu_rss_peak=75726848 gpu_peak=357777408 status=PASS
sample_index=13 step=step4 cpu_ms=0.050221 gpu_ms=0.557916 relative_l2=1.46504e-07 cpu_heap_peak=2676224 cpu_rss_peak=75726848 gpu_peak=357777408 status=PASS
sample_index=13 step=step5 cpu_ms=1.20045 gpu_ms=3.82549 relative_l2=1.2481e-07 cpu_heap_peak=2684208 cpu_rss_peak=75726848 gpu_peak=357777408 status=PASS
sample_index=13 cpu_pipeline_ms=2.27519 gpu_pipeline_ms=6.3128 cuda_event_aux_sum_ms=4.48117 relative_l2=1.04133e-06 relative_linf=2.9641e-06 detection_mismatch_count=16 valid_detection_mismatch_count=0 boundary_detection_mismatch_count=16 mse=3.58851e-10 rmse=1.89434e-05 formal_relative_l2=1.04133e-06 formal_relative_linf=2.9641e-06 semantic_gates=5/5 accuracy_status=PASS
detection_mismatch_summary sample_index=14 total=16 valid=0 boundary=16
detection_mismatch sample_index=14 flat_index=27 doppler=0 range=27 cfar_cell=boundary gpu_detection=1 cpu_detection=0 gpu_power=2.71385e-14 cpu_power=0 gpu_threshold=0 cpu_threshold=0
detection_mismatch sample_index=14 flat_index=59 doppler=1 range=27 cfar_cell=boundary gpu_detection=1 cpu_detection=0 gpu_power=3.10458e-14 cpu_power=0 gpu_threshold=0 cpu_threshold=0
detection_mismatch sample_index=14 flat_index=91 doppler=2 range=27 cfar_cell=boundary gpu_detection=1 cpu_detection=0 gpu_power=7.3567e-14 cpu_power=0 gpu_threshold=0 cpu_threshold=0
detection_mismatch sample_index=14 flat_index=123 doppler=3 range=27 cfar_cell=boundary gpu_detection=1 cpu_detection=0 gpu_power=2.90151e-12 cpu_power=0 gpu_threshold=0 cpu_threshold=0
detection_mismatch sample_index=14 flat_index=155 doppler=4 range=27 cfar_cell=boundary gpu_detection=1 cpu_detection=0 gpu_power=1.24707e-11 cpu_power=0 gpu_threshold=0 cpu_threshold=0
detection_mismatch sample_index=14 flat_index=187 doppler=5 range=27 cfar_cell=boundary gpu_detection=1 cpu_detection=0 gpu_power=2.60242e-12 cpu_power=0 gpu_threshold=0 cpu_threshold=0
detection_mismatch sample_index=14 flat_index=219 doppler=6 range=27 cfar_cell=boundary gpu_detection=1 cpu_detection=0 gpu_power=2.09604e-14 cpu_power=0 gpu_threshold=0 cpu_threshold=0
detection_mismatch sample_index=14 flat_index=251 doppler=7 range=27 cfar_cell=boundary gpu_detection=1 cpu_detection=0 gpu_power=6.18493e-14 cpu_power=0 gpu_threshold=0 cpu_threshold=0
detection_mismatch sample_index=14 flat_index=283 doppler=8 range=27 cfar_cell=boundary gpu_detection=1 cpu_detection=0 gpu_power=1.02927e-13 cpu_power=0 gpu_threshold=0 cpu_threshold=0
detection_mismatch sample_index=14 flat_index=315 doppler=9 range=27 cfar_cell=boundary gpu_detection=1 cpu_detection=0 gpu_power=4.3125e-14 cpu_power=0 gpu_threshold=0 cpu_threshold=0
detection_mismatch sample_index=14 flat_index=347 doppler=10 range=27 cfar_cell=boundary gpu_detection=1 cpu_detection=0 gpu_power=4.59391e-14 cpu_power=0 gpu_threshold=0 cpu_threshold=0
detection_mismatch sample_index=14 flat_index=379 doppler=11 range=27 cfar_cell=boundary gpu_detection=1 cpu_detection=0 gpu_power=6.91818e-15 cpu_power=0 gpu_threshold=0 cpu_threshold=0
detection_mismatch sample_index=14 flat_index=411 doppler=12 range=27 cfar_cell=boundary gpu_detection=1 cpu_detection=0 gpu_power=1.30478e-13 cpu_power=0 gpu_threshold=0 cpu_threshold=0
detection_mismatch sample_index=14 flat_index=443 doppler=13 range=27 cfar_cell=boundary gpu_detection=1 cpu_detection=0 gpu_power=1.24239e-13 cpu_power=0 gpu_threshold=0 cpu_threshold=0
detection_mismatch sample_index=14 flat_index=475 doppler=14 range=27 cfar_cell=boundary gpu_detection=1 cpu_detection=0 gpu_power=1.22179e-13 cpu_power=0 gpu_threshold=0 cpu_threshold=0
detection_mismatch sample_index=14 flat_index=507 doppler=15 range=27 cfar_cell=boundary gpu_detection=1 cpu_detection=0 gpu_power=2.42141e-14 cpu_power=0 gpu_threshold=0 cpu_threshold=0
sample_index=14 step=step1 cpu_ms=0.049121 gpu_ms=0.328724 relative_l2=8.98327e-07 cpu_heap_peak=2663664 cpu_rss_peak=75726848 gpu_peak=357777408 status=PASS
sample_index=14 step=step2 cpu_ms=0.288673 gpu_ms=0.649178 relative_l2=1.39991e-07 cpu_heap_peak=2668192 cpu_rss_peak=75726848 gpu_peak=357777408 status=PASS
sample_index=14 step=step3 cpu_ms=0.659919 gpu_ms=0.325064 relative_l2=3.37245e-07 cpu_heap_peak=2672464 cpu_rss_peak=75726848 gpu_peak=357777408 status=PASS
sample_index=14 step=step4 cpu_ms=0.05046 gpu_ms=0.491176 relative_l2=1.46504e-07 cpu_heap_peak=2676816 cpu_rss_peak=75726848 gpu_peak=357777408 status=PASS
sample_index=14 step=step5 cpu_ms=1.21503 gpu_ms=3.74246 relative_l2=1.2481e-07 cpu_heap_peak=2684800 cpu_rss_peak=75726848 gpu_peak=357777408 status=PASS
sample_index=14 cpu_pipeline_ms=2.27212 gpu_pipeline_ms=6.05661 cuda_event_aux_sum_ms=4.3233 relative_l2=1.04133e-06 relative_linf=2.9641e-06 detection_mismatch_count=16 valid_detection_mismatch_count=0 boundary_detection_mismatch_count=16 mse=3.58851e-10 rmse=1.89434e-05 formal_relative_l2=1.04133e-06 formal_relative_linf=2.9641e-06 semantic_gates=5/5 accuracy_status=PASS
detection_mismatch_summary sample_index=15 total=16 valid=0 boundary=16
detection_mismatch sample_index=15 flat_index=27 doppler=0 range=27 cfar_cell=boundary gpu_detection=1 cpu_detection=0 gpu_power=2.71385e-14 cpu_power=0 gpu_threshold=0 cpu_threshold=0
detection_mismatch sample_index=15 flat_index=59 doppler=1 range=27 cfar_cell=boundary gpu_detection=1 cpu_detection=0 gpu_power=3.10458e-14 cpu_power=0 gpu_threshold=0 cpu_threshold=0
detection_mismatch sample_index=15 flat_index=91 doppler=2 range=27 cfar_cell=boundary gpu_detection=1 cpu_detection=0 gpu_power=7.3567e-14 cpu_power=0 gpu_threshold=0 cpu_threshold=0
detection_mismatch sample_index=15 flat_index=123 doppler=3 range=27 cfar_cell=boundary gpu_detection=1 cpu_detection=0 gpu_power=2.90151e-12 cpu_power=0 gpu_threshold=0 cpu_threshold=0
detection_mismatch sample_index=15 flat_index=155 doppler=4 range=27 cfar_cell=boundary gpu_detection=1 cpu_detection=0 gpu_power=1.24707e-11 cpu_power=0 gpu_threshold=0 cpu_threshold=0
detection_mismatch sample_index=15 flat_index=187 doppler=5 range=27 cfar_cell=boundary gpu_detection=1 cpu_detection=0 gpu_power=2.60242e-12 cpu_power=0 gpu_threshold=0 cpu_threshold=0
detection_mismatch sample_index=15 flat_index=219 doppler=6 range=27 cfar_cell=boundary gpu_detection=1 cpu_detection=0 gpu_power=2.09604e-14 cpu_power=0 gpu_threshold=0 cpu_threshold=0
detection_mismatch sample_index=15 flat_index=251 doppler=7 range=27 cfar_cell=boundary gpu_detection=1 cpu_detection=0 gpu_power=6.18493e-14 cpu_power=0 gpu_threshold=0 cpu_threshold=0
detection_mismatch sample_index=15 flat_index=283 doppler=8 range=27 cfar_cell=boundary gpu_detection=1 cpu_detection=0 gpu_power=1.02927e-13 cpu_power=0 gpu_threshold=0 cpu_threshold=0
detection_mismatch sample_index=15 flat_index=315 doppler=9 range=27 cfar_cell=boundary gpu_detection=1 cpu_detection=0 gpu_power=4.3125e-14 cpu_power=0 gpu_threshold=0 cpu_threshold=0
detection_mismatch sample_index=15 flat_index=347 doppler=10 range=27 cfar_cell=boundary gpu_detection=1 cpu_detection=0 gpu_power=4.59391e-14 cpu_power=0 gpu_threshold=0 cpu_threshold=0
detection_mismatch sample_index=15 flat_index=379 doppler=11 range=27 cfar_cell=boundary gpu_detection=1 cpu_detection=0 gpu_power=6.91818e-15 cpu_power=0 gpu_threshold=0 cpu_threshold=0
detection_mismatch sample_index=15 flat_index=411 doppler=12 range=27 cfar_cell=boundary gpu_detection=1 cpu_detection=0 gpu_power=1.30478e-13 cpu_power=0 gpu_threshold=0 cpu_threshold=0
detection_mismatch sample_index=15 flat_index=443 doppler=13 range=27 cfar_cell=boundary gpu_detection=1 cpu_detection=0 gpu_power=1.24239e-13 cpu_power=0 gpu_threshold=0 cpu_threshold=0
detection_mismatch sample_index=15 flat_index=475 doppler=14 range=27 cfar_cell=boundary gpu_detection=1 cpu_detection=0 gpu_power=1.22179e-13 cpu_power=0 gpu_threshold=0 cpu_threshold=0
detection_mismatch sample_index=15 flat_index=507 doppler=15 range=27 cfar_cell=boundary gpu_detection=1 cpu_detection=0 gpu_power=2.42141e-14 cpu_power=0 gpu_threshold=0 cpu_threshold=0
sample_index=15 step=step1 cpu_ms=0.04863 gpu_ms=0.340214 relative_l2=8.98327e-07 cpu_heap_peak=2664704 cpu_rss_peak=75726848 gpu_peak=357777408 status=PASS
sample_index=15 step=step2 cpu_ms=0.289714 gpu_ms=0.666388 relative_l2=1.39991e-07 cpu_heap_peak=2668976 cpu_rss_peak=75726848 gpu_peak=357777408 status=PASS
sample_index=15 step=step3 cpu_ms=0.660098 gpu_ms=0.345754 relative_l2=3.37245e-07 cpu_heap_peak=2673184 cpu_rss_peak=75726848 gpu_peak=357777408 status=PASS
sample_index=15 step=step4 cpu_ms=0.050041 gpu_ms=0.509127 relative_l2=1.46504e-07 cpu_heap_peak=2677552 cpu_rss_peak=75726848 gpu_peak=357777408 status=PASS
sample_index=15 step=step5 cpu_ms=1.20043 gpu_ms=3.69488 relative_l2=1.2481e-07 cpu_heap_peak=2685536 cpu_rss_peak=75726848 gpu_peak=357777408 status=PASS
sample_index=15 cpu_pipeline_ms=2.2577 gpu_pipeline_ms=6.08355 cuda_event_aux_sum_ms=4.33348 relative_l2=1.04133e-06 relative_linf=2.9641e-06 detection_mismatch_count=16 valid_detection_mismatch_count=0 boundary_detection_mismatch_count=16 mse=3.58851e-10 rmse=1.89434e-05 formal_relative_l2=1.04133e-06 formal_relative_linf=2.9641e-06 semantic_gates=5/5 accuracy_status=PASS
detection_mismatch_summary sample_index=16 total=16 valid=0 boundary=16
detection_mismatch sample_index=16 flat_index=27 doppler=0 range=27 cfar_cell=boundary gpu_detection=1 cpu_detection=0 gpu_power=2.71385e-14 cpu_power=0 gpu_threshold=0 cpu_threshold=0
detection_mismatch sample_index=16 flat_index=59 doppler=1 range=27 cfar_cell=boundary gpu_detection=1 cpu_detection=0 gpu_power=3.10458e-14 cpu_power=0 gpu_threshold=0 cpu_threshold=0
detection_mismatch sample_index=16 flat_index=91 doppler=2 range=27 cfar_cell=boundary gpu_detection=1 cpu_detection=0 gpu_power=7.3567e-14 cpu_power=0 gpu_threshold=0 cpu_threshold=0
detection_mismatch sample_index=16 flat_index=123 doppler=3 range=27 cfar_cell=boundary gpu_detection=1 cpu_detection=0 gpu_power=2.90151e-12 cpu_power=0 gpu_threshold=0 cpu_threshold=0
detection_mismatch sample_index=16 flat_index=155 doppler=4 range=27 cfar_cell=boundary gpu_detection=1 cpu_detection=0 gpu_power=1.24707e-11 cpu_power=0 gpu_threshold=0 cpu_threshold=0
detection_mismatch sample_index=16 flat_index=187 doppler=5 range=27 cfar_cell=boundary gpu_detection=1 cpu_detection=0 gpu_power=2.60242e-12 cpu_power=0 gpu_threshold=0 cpu_threshold=0
detection_mismatch sample_index=16 flat_index=219 doppler=6 range=27 cfar_cell=boundary gpu_detection=1 cpu_detection=0 gpu_power=2.09604e-14 cpu_power=0 gpu_threshold=0 cpu_threshold=0
detection_mismatch sample_index=16 flat_index=251 doppler=7 range=27 cfar_cell=boundary gpu_detection=1 cpu_detection=0 gpu_power=6.18493e-14 cpu_power=0 gpu_threshold=0 cpu_threshold=0
detection_mismatch sample_index=16 flat_index=283 doppler=8 range=27 cfar_cell=boundary gpu_detection=1 cpu_detection=0 gpu_power=1.02927e-13 cpu_power=0 gpu_threshold=0 cpu_threshold=0
detection_mismatch sample_index=16 flat_index=315 doppler=9 range=27 cfar_cell=boundary gpu_detection=1 cpu_detection=0 gpu_power=4.3125e-14 cpu_power=0 gpu_threshold=0 cpu_threshold=0
detection_mismatch sample_index=16 flat_index=347 doppler=10 range=27 cfar_cell=boundary gpu_detection=1 cpu_detection=0 gpu_power=4.59391e-14 cpu_power=0 gpu_threshold=0 cpu_threshold=0
detection_mismatch sample_index=16 flat_index=379 doppler=11 range=27 cfar_cell=boundary gpu_detection=1 cpu_detection=0 gpu_power=6.91818e-15 cpu_power=0 gpu_threshold=0 cpu_threshold=0
detection_mismatch sample_index=16 flat_index=411 doppler=12 range=27 cfar_cell=boundary gpu_detection=1 cpu_detection=0 gpu_power=1.30478e-13 cpu_power=0 gpu_threshold=0 cpu_threshold=0
detection_mismatch sample_index=16 flat_index=443 doppler=13 range=27 cfar_cell=boundary gpu_detection=1 cpu_detection=0 gpu_power=1.24239e-13 cpu_power=0 gpu_threshold=0 cpu_threshold=0
detection_mismatch sample_index=16 flat_index=475 doppler=14 range=27 cfar_cell=boundary gpu_detection=1 cpu_detection=0 gpu_power=1.22179e-13 cpu_power=0 gpu_threshold=0 cpu_threshold=0
detection_mismatch sample_index=16 flat_index=507 doppler=15 range=27 cfar_cell=boundary gpu_detection=1 cpu_detection=0 gpu_power=2.42141e-14 cpu_power=0 gpu_threshold=0 cpu_threshold=0
sample_index=16 step=step1 cpu_ms=0.049031 gpu_ms=0.322454 relative_l2=8.98327e-07 cpu_heap_peak=2665840 cpu_rss_peak=75726848 gpu_peak=357777408 status=PASS
sample_index=16 step=step2 cpu_ms=0.288904 gpu_ms=0.652538 relative_l2=1.39991e-07 cpu_heap_peak=2670240 cpu_rss_peak=75726848 gpu_peak=357777408 status=PASS
sample_index=16 step=step3 cpu_ms=0.659188 gpu_ms=0.362965 relative_l2=3.37245e-07 cpu_heap_peak=2674496 cpu_rss_peak=75726848 gpu_peak=357777408 status=PASS
sample_index=16 step=step4 cpu_ms=0.05109 gpu_ms=0.499976 relative_l2=1.46504e-07 cpu_heap_peak=2678848 cpu_rss_peak=75726848 gpu_peak=357777408 status=PASS
sample_index=16 step=step5 cpu_ms=1.2024 gpu_ms=3.70822 relative_l2=1.2481e-07 cpu_heap_peak=2686832 cpu_rss_peak=75726848 gpu_peak=357777408 status=PASS
sample_index=16 cpu_pipeline_ms=2.25958 gpu_pipeline_ms=6.06792 cuda_event_aux_sum_ms=4.34785 relative_l2=1.04133e-06 relative_linf=2.9641e-06 detection_mismatch_count=16 valid_detection_mismatch_count=0 boundary_detection_mismatch_count=16 mse=3.58851e-10 rmse=1.89434e-05 formal_relative_l2=1.04133e-06 formal_relative_linf=2.9641e-06 semantic_gates=5/5 accuracy_status=PASS
detection_mismatch_summary sample_index=17 total=16 valid=0 boundary=16
detection_mismatch sample_index=17 flat_index=27 doppler=0 range=27 cfar_cell=boundary gpu_detection=1 cpu_detection=0 gpu_power=2.71385e-14 cpu_power=0 gpu_threshold=0 cpu_threshold=0
detection_mismatch sample_index=17 flat_index=59 doppler=1 range=27 cfar_cell=boundary gpu_detection=1 cpu_detection=0 gpu_power=3.10458e-14 cpu_power=0 gpu_threshold=0 cpu_threshold=0
detection_mismatch sample_index=17 flat_index=91 doppler=2 range=27 cfar_cell=boundary gpu_detection=1 cpu_detection=0 gpu_power=7.3567e-14 cpu_power=0 gpu_threshold=0 cpu_threshold=0
detection_mismatch sample_index=17 flat_index=123 doppler=3 range=27 cfar_cell=boundary gpu_detection=1 cpu_detection=0 gpu_power=2.90151e-12 cpu_power=0 gpu_threshold=0 cpu_threshold=0
detection_mismatch sample_index=17 flat_index=155 doppler=4 range=27 cfar_cell=boundary gpu_detection=1 cpu_detection=0 gpu_power=1.24707e-11 cpu_power=0 gpu_threshold=0 cpu_threshold=0
detection_mismatch sample_index=17 flat_index=187 doppler=5 range=27 cfar_cell=boundary gpu_detection=1 cpu_detection=0 gpu_power=2.60242e-12 cpu_power=0 gpu_threshold=0 cpu_threshold=0
detection_mismatch sample_index=17 flat_index=219 doppler=6 range=27 cfar_cell=boundary gpu_detection=1 cpu_detection=0 gpu_power=2.09604e-14 cpu_power=0 gpu_threshold=0 cpu_threshold=0
detection_mismatch sample_index=17 flat_index=251 doppler=7 range=27 cfar_cell=boundary gpu_detection=1 cpu_detection=0 gpu_power=6.18493e-14 cpu_power=0 gpu_threshold=0 cpu_threshold=0
detection_mismatch sample_index=17 flat_index=283 doppler=8 range=27 cfar_cell=boundary gpu_detection=1 cpu_detection=0 gpu_power=1.02927e-13 cpu_power=0 gpu_threshold=0 cpu_threshold=0
detection_mismatch sample_index=17 flat_index=315 doppler=9 range=27 cfar_cell=boundary gpu_detection=1 cpu_detection=0 gpu_power=4.3125e-14 cpu_power=0 gpu_threshold=0 cpu_threshold=0
detection_mismatch sample_index=17 flat_index=347 doppler=10 range=27 cfar_cell=boundary gpu_detection=1 cpu_detection=0 gpu_power=4.59391e-14 cpu_power=0 gpu_threshold=0 cpu_threshold=0
detection_mismatch sample_index=17 flat_index=379 doppler=11 range=27 cfar_cell=boundary gpu_detection=1 cpu_detection=0 gpu_power=6.91818e-15 cpu_power=0 gpu_threshold=0 cpu_threshold=0
detection_mismatch sample_index=17 flat_index=411 doppler=12 range=27 cfar_cell=boundary gpu_detection=1 cpu_detection=0 gpu_power=1.30478e-13 cpu_power=0 gpu_threshold=0 cpu_threshold=0
detection_mismatch sample_index=17 flat_index=443 doppler=13 range=27 cfar_cell=boundary gpu_detection=1 cpu_detection=0 gpu_power=1.24239e-13 cpu_power=0 gpu_threshold=0 cpu_threshold=0
detection_mismatch sample_index=17 flat_index=475 doppler=14 range=27 cfar_cell=boundary gpu_detection=1 cpu_detection=0 gpu_power=1.22179e-13 cpu_power=0 gpu_threshold=0 cpu_threshold=0
detection_mismatch sample_index=17 flat_index=507 doppler=15 range=27 cfar_cell=boundary gpu_detection=1 cpu_detection=0 gpu_power=2.42141e-14 cpu_power=0 gpu_threshold=0 cpu_threshold=0
sample_index=17 step=step1 cpu_ms=0.048821 gpu_ms=0.321304 relative_l2=8.98327e-07 cpu_heap_peak=2675168 cpu_rss_peak=75726848 gpu_peak=357777408 status=PASS
sample_index=17 step=step2 cpu_ms=0.289423 gpu_ms=0.676408 relative_l2=1.39991e-07 cpu_heap_peak=2679552 cpu_rss_peak=75726848 gpu_peak=357777408 status=PASS
sample_index=17 step=step3 cpu_ms=0.676299 gpu_ms=0.331035 relative_l2=3.37245e-07 cpu_heap_peak=2683792 cpu_rss_peak=75726848 gpu_peak=357777408 status=PASS
sample_index=17 step=step4 cpu_ms=0.05044 gpu_ms=0.491366 relative_l2=1.46504e-07 cpu_heap_peak=2688144 cpu_rss_peak=75726848 gpu_peak=357777408 status=PASS
sample_index=17 step=step5 cpu_ms=1.20121 gpu_ms=3.73522 relative_l2=1.2481e-07 cpu_heap_peak=2696128 cpu_rss_peak=75726848 gpu_peak=357777408 status=PASS
sample_index=17 cpu_pipeline_ms=2.27516 gpu_pipeline_ms=6.09366 cuda_event_aux_sum_ms=4.35483 relative_l2=1.04133e-06 relative_linf=2.9641e-06 detection_mismatch_count=16 valid_detection_mismatch_count=0 boundary_detection_mismatch_count=16 mse=3.58851e-10 rmse=1.89434e-05 formal_relative_l2=1.04133e-06 formal_relative_linf=2.9641e-06 semantic_gates=5/5 accuracy_status=PASS
detection_mismatch_summary sample_index=18 total=16 valid=0 boundary=16
detection_mismatch sample_index=18 flat_index=27 doppler=0 range=27 cfar_cell=boundary gpu_detection=1 cpu_detection=0 gpu_power=2.71385e-14 cpu_power=0 gpu_threshold=0 cpu_threshold=0
detection_mismatch sample_index=18 flat_index=59 doppler=1 range=27 cfar_cell=boundary gpu_detection=1 cpu_detection=0 gpu_power=3.10458e-14 cpu_power=0 gpu_threshold=0 cpu_threshold=0
detection_mismatch sample_index=18 flat_index=91 doppler=2 range=27 cfar_cell=boundary gpu_detection=1 cpu_detection=0 gpu_power=7.3567e-14 cpu_power=0 gpu_threshold=0 cpu_threshold=0
detection_mismatch sample_index=18 flat_index=123 doppler=3 range=27 cfar_cell=boundary gpu_detection=1 cpu_detection=0 gpu_power=2.90151e-12 cpu_power=0 gpu_threshold=0 cpu_threshold=0
detection_mismatch sample_index=18 flat_index=155 doppler=4 range=27 cfar_cell=boundary gpu_detection=1 cpu_detection=0 gpu_power=1.24707e-11 cpu_power=0 gpu_threshold=0 cpu_threshold=0
detection_mismatch sample_index=18 flat_index=187 doppler=5 range=27 cfar_cell=boundary gpu_detection=1 cpu_detection=0 gpu_power=2.60242e-12 cpu_power=0 gpu_threshold=0 cpu_threshold=0
detection_mismatch sample_index=18 flat_index=219 doppler=6 range=27 cfar_cell=boundary gpu_detection=1 cpu_detection=0 gpu_power=2.09604e-14 cpu_power=0 gpu_threshold=0 cpu_threshold=0
detection_mismatch sample_index=18 flat_index=251 doppler=7 range=27 cfar_cell=boundary gpu_detection=1 cpu_detection=0 gpu_power=6.18493e-14 cpu_power=0 gpu_threshold=0 cpu_threshold=0
detection_mismatch sample_index=18 flat_index=283 doppler=8 range=27 cfar_cell=boundary gpu_detection=1 cpu_detection=0 gpu_power=1.02927e-13 cpu_power=0 gpu_threshold=0 cpu_threshold=0
detection_mismatch sample_index=18 flat_index=315 doppler=9 range=27 cfar_cell=boundary gpu_detection=1 cpu_detection=0 gpu_power=4.3125e-14 cpu_power=0 gpu_threshold=0 cpu_threshold=0
detection_mismatch sample_index=18 flat_index=347 doppler=10 range=27 cfar_cell=boundary gpu_detection=1 cpu_detection=0 gpu_power=4.59391e-14 cpu_power=0 gpu_threshold=0 cpu_threshold=0
detection_mismatch sample_index=18 flat_index=379 doppler=11 range=27 cfar_cell=boundary gpu_detection=1 cpu_detection=0 gpu_power=6.91818e-15 cpu_power=0 gpu_threshold=0 cpu_threshold=0
detection_mismatch sample_index=18 flat_index=411 doppler=12 range=27 cfar_cell=boundary gpu_detection=1 cpu_detection=0 gpu_power=1.30478e-13 cpu_power=0 gpu_threshold=0 cpu_threshold=0
detection_mismatch sample_index=18 flat_index=443 doppler=13 range=27 cfar_cell=boundary gpu_detection=1 cpu_detection=0 gpu_power=1.24239e-13 cpu_power=0 gpu_threshold=0 cpu_threshold=0
detection_mismatch sample_index=18 flat_index=475 doppler=14 range=27 cfar_cell=boundary gpu_detection=1 cpu_detection=0 gpu_power=1.22179e-13 cpu_power=0 gpu_threshold=0 cpu_threshold=0
detection_mismatch sample_index=18 flat_index=507 doppler=15 range=27 cfar_cell=boundary gpu_detection=1 cpu_detection=0 gpu_power=2.42141e-14 cpu_power=0 gpu_threshold=0 cpu_threshold=0
sample_index=18 step=step1 cpu_ms=0.048971 gpu_ms=0.324744 relative_l2=8.98327e-07 cpu_heap_peak=2675920 cpu_rss_peak=75726848 gpu_peak=357777408 status=PASS
sample_index=18 step=step2 cpu_ms=0.289244 gpu_ms=0.663638 relative_l2=1.39991e-07 cpu_heap_peak=2680128 cpu_rss_peak=75726848 gpu_peak=357777408 status=PASS
sample_index=18 step=step3 cpu_ms=0.661338 gpu_ms=0.346305 relative_l2=3.37245e-07 cpu_heap_peak=2684416 cpu_rss_peak=75726848 gpu_peak=357777408 status=PASS
sample_index=18 step=step4 cpu_ms=0.050071 gpu_ms=0.520827 relative_l2=1.46504e-07 cpu_heap_peak=2688784 cpu_rss_peak=75726848 gpu_peak=357777408 status=PASS
sample_index=18 step=step5 cpu_ms=1.22393 gpu_ms=3.8353 relative_l2=1.2481e-07 cpu_heap_peak=2696768 cpu_rss_peak=75726848 gpu_peak=357777408 status=PASS
sample_index=18 cpu_pipeline_ms=2.28245 gpu_pipeline_ms=6.23893 cuda_event_aux_sum_ms=4.46313 relative_l2=1.04133e-06 relative_linf=2.9641e-06 detection_mismatch_count=16 valid_detection_mismatch_count=0 boundary_detection_mismatch_count=16 mse=3.58851e-10 rmse=1.89434e-05 formal_relative_l2=1.04133e-06 formal_relative_linf=2.9641e-06 semantic_gates=5/5 accuracy_status=PASS
detection_mismatch_summary sample_index=19 total=16 valid=0 boundary=16
detection_mismatch sample_index=19 flat_index=27 doppler=0 range=27 cfar_cell=boundary gpu_detection=1 cpu_detection=0 gpu_power=2.71385e-14 cpu_power=0 gpu_threshold=0 cpu_threshold=0
detection_mismatch sample_index=19 flat_index=59 doppler=1 range=27 cfar_cell=boundary gpu_detection=1 cpu_detection=0 gpu_power=3.10458e-14 cpu_power=0 gpu_threshold=0 cpu_threshold=0
detection_mismatch sample_index=19 flat_index=91 doppler=2 range=27 cfar_cell=boundary gpu_detection=1 cpu_detection=0 gpu_power=7.3567e-14 cpu_power=0 gpu_threshold=0 cpu_threshold=0
detection_mismatch sample_index=19 flat_index=123 doppler=3 range=27 cfar_cell=boundary gpu_detection=1 cpu_detection=0 gpu_power=2.90151e-12 cpu_power=0 gpu_threshold=0 cpu_threshold=0
detection_mismatch sample_index=19 flat_index=155 doppler=4 range=27 cfar_cell=boundary gpu_detection=1 cpu_detection=0 gpu_power=1.24707e-11 cpu_power=0 gpu_threshold=0 cpu_threshold=0
detection_mismatch sample_index=19 flat_index=187 doppler=5 range=27 cfar_cell=boundary gpu_detection=1 cpu_detection=0 gpu_power=2.60242e-12 cpu_power=0 gpu_threshold=0 cpu_threshold=0
detection_mismatch sample_index=19 flat_index=219 doppler=6 range=27 cfar_cell=boundary gpu_detection=1 cpu_detection=0 gpu_power=2.09604e-14 cpu_power=0 gpu_threshold=0 cpu_threshold=0
detection_mismatch sample_index=19 flat_index=251 doppler=7 range=27 cfar_cell=boundary gpu_detection=1 cpu_detection=0 gpu_power=6.18493e-14 cpu_power=0 gpu_threshold=0 cpu_threshold=0
detection_mismatch sample_index=19 flat_index=283 doppler=8 range=27 cfar_cell=boundary gpu_detection=1 cpu_detection=0 gpu_power=1.02927e-13 cpu_power=0 gpu_threshold=0 cpu_threshold=0
detection_mismatch sample_index=19 flat_index=315 doppler=9 range=27 cfar_cell=boundary gpu_detection=1 cpu_detection=0 gpu_power=4.3125e-14 cpu_power=0 gpu_threshold=0 cpu_threshold=0
detection_mismatch sample_index=19 flat_index=347 doppler=10 range=27 cfar_cell=boundary gpu_detection=1 cpu_detection=0 gpu_power=4.59391e-14 cpu_power=0 gpu_threshold=0 cpu_threshold=0
detection_mismatch sample_index=19 flat_index=379 doppler=11 range=27 cfar_cell=boundary gpu_detection=1 cpu_detection=0 gpu_power=6.91818e-15 cpu_power=0 gpu_threshold=0 cpu_threshold=0
detection_mismatch sample_index=19 flat_index=411 doppler=12 range=27 cfar_cell=boundary gpu_detection=1 cpu_detection=0 gpu_power=1.30478e-13 cpu_power=0 gpu_threshold=0 cpu_threshold=0
detection_mismatch sample_index=19 flat_index=443 doppler=13 range=27 cfar_cell=boundary gpu_detection=1 cpu_detection=0 gpu_power=1.24239e-13 cpu_power=0 gpu_threshold=0 cpu_threshold=0
detection_mismatch sample_index=19 flat_index=475 doppler=14 range=27 cfar_cell=boundary gpu_detection=1 cpu_detection=0 gpu_power=1.22179e-13 cpu_power=0 gpu_threshold=0 cpu_threshold=0
detection_mismatch sample_index=19 flat_index=507 doppler=15 range=27 cfar_cell=boundary gpu_detection=1 cpu_detection=0 gpu_power=2.42141e-14 cpu_power=0 gpu_threshold=0 cpu_threshold=0
sample_index=19 step=step1 cpu_ms=0.04865 gpu_ms=0.321404 relative_l2=8.98327e-07 cpu_heap_peak=2676032 cpu_rss_peak=75726848 gpu_peak=357777408 status=PASS
sample_index=19 step=step2 cpu_ms=0.288454 gpu_ms=0.743049 relative_l2=1.39991e-07 cpu_heap_peak=2680272 cpu_rss_peak=75726848 gpu_peak=357777408 status=PASS
sample_index=19 step=step3 cpu_ms=0.660358 gpu_ms=0.356324 relative_l2=3.37245e-07 cpu_heap_peak=2684512 cpu_rss_peak=75726848 gpu_peak=357777408 status=PASS
sample_index=19 step=step4 cpu_ms=0.049571 gpu_ms=0.509466 relative_l2=1.46504e-07 cpu_heap_peak=2688864 cpu_rss_peak=75726848 gpu_peak=357777408 status=PASS
sample_index=19 step=step5 cpu_ms=1.20225 gpu_ms=3.81338 relative_l2=1.2481e-07 cpu_heap_peak=2696848 cpu_rss_peak=75726848 gpu_peak=357777408 status=PASS
sample_index=19 cpu_pipeline_ms=2.25867 gpu_pipeline_ms=6.37074 cuda_event_aux_sum_ms=4.51471 relative_l2=1.04133e-06 relative_linf=2.9641e-06 detection_mismatch_count=16 valid_detection_mismatch_count=0 boundary_detection_mismatch_count=16 mse=3.58851e-10 rmse=1.89434e-05 formal_relative_l2=1.04133e-06 formal_relative_linf=2.9641e-06 semantic_gates=5/5 accuracy_status=PASS
detection_mismatch_summary sample_index=20 total=16 valid=0 boundary=16
detection_mismatch sample_index=20 flat_index=27 doppler=0 range=27 cfar_cell=boundary gpu_detection=1 cpu_detection=0 gpu_power=2.71385e-14 cpu_power=0 gpu_threshold=0 cpu_threshold=0
detection_mismatch sample_index=20 flat_index=59 doppler=1 range=27 cfar_cell=boundary gpu_detection=1 cpu_detection=0 gpu_power=3.10458e-14 cpu_power=0 gpu_threshold=0 cpu_threshold=0
detection_mismatch sample_index=20 flat_index=91 doppler=2 range=27 cfar_cell=boundary gpu_detection=1 cpu_detection=0 gpu_power=7.3567e-14 cpu_power=0 gpu_threshold=0 cpu_threshold=0
detection_mismatch sample_index=20 flat_index=123 doppler=3 range=27 cfar_cell=boundary gpu_detection=1 cpu_detection=0 gpu_power=2.90151e-12 cpu_power=0 gpu_threshold=0 cpu_threshold=0
detection_mismatch sample_index=20 flat_index=155 doppler=4 range=27 cfar_cell=boundary gpu_detection=1 cpu_detection=0 gpu_power=1.24707e-11 cpu_power=0 gpu_threshold=0 cpu_threshold=0
detection_mismatch sample_index=20 flat_index=187 doppler=5 range=27 cfar_cell=boundary gpu_detection=1 cpu_detection=0 gpu_power=2.60242e-12 cpu_power=0 gpu_threshold=0 cpu_threshold=0
detection_mismatch sample_index=20 flat_index=219 doppler=6 range=27 cfar_cell=boundary gpu_detection=1 cpu_detection=0 gpu_power=2.09604e-14 cpu_power=0 gpu_threshold=0 cpu_threshold=0
detection_mismatch sample_index=20 flat_index=251 doppler=7 range=27 cfar_cell=boundary gpu_detection=1 cpu_detection=0 gpu_power=6.18493e-14 cpu_power=0 gpu_threshold=0 cpu_threshold=0
detection_mismatch sample_index=20 flat_index=283 doppler=8 range=27 cfar_cell=boundary gpu_detection=1 cpu_detection=0 gpu_power=1.02927e-13 cpu_power=0 gpu_threshold=0 cpu_threshold=0
detection_mismatch sample_index=20 flat_index=315 doppler=9 range=27 cfar_cell=boundary gpu_detection=1 cpu_detection=0 gpu_power=4.3125e-14 cpu_power=0 gpu_threshold=0 cpu_threshold=0
detection_mismatch sample_index=20 flat_index=347 doppler=10 range=27 cfar_cell=boundary gpu_detection=1 cpu_detection=0 gpu_power=4.59391e-14 cpu_power=0 gpu_threshold=0 cpu_threshold=0
detection_mismatch sample_index=20 flat_index=379 doppler=11 range=27 cfar_cell=boundary gpu_detection=1 cpu_detection=0 gpu_power=6.91818e-15 cpu_power=0 gpu_threshold=0 cpu_threshold=0
detection_mismatch sample_index=20 flat_index=411 doppler=12 range=27 cfar_cell=boundary gpu_detection=1 cpu_detection=0 gpu_power=1.30478e-13 cpu_power=0 gpu_threshold=0 cpu_threshold=0
detection_mismatch sample_index=20 flat_index=443 doppler=13 range=27 cfar_cell=boundary gpu_detection=1 cpu_detection=0 gpu_power=1.24239e-13 cpu_power=0 gpu_threshold=0 cpu_threshold=0
detection_mismatch sample_index=20 flat_index=475 doppler=14 range=27 cfar_cell=boundary gpu_detection=1 cpu_detection=0 gpu_power=1.22179e-13 cpu_power=0 gpu_threshold=0 cpu_threshold=0
detection_mismatch sample_index=20 flat_index=507 doppler=15 range=27 cfar_cell=boundary gpu_detection=1 cpu_detection=0 gpu_power=2.42141e-14 cpu_power=0 gpu_threshold=0 cpu_threshold=0
sample_index=20 step=step1 cpu_ms=0.048721 gpu_ms=0.320154 relative_l2=8.98327e-07 cpu_heap_peak=2675952 cpu_rss_peak=75726848 gpu_peak=357777408 status=PASS
sample_index=20 step=step2 cpu_ms=0.288933 gpu_ms=0.667348 relative_l2=1.39991e-07 cpu_heap_peak=2680352 cpu_rss_peak=75726848 gpu_peak=357777408 status=PASS
sample_index=20 step=step3 cpu_ms=0.658418 gpu_ms=0.492996 relative_l2=3.37245e-07 cpu_heap_peak=2684624 cpu_rss_peak=75726848 gpu_peak=357777408 status=PASS
sample_index=20 step=step4 cpu_ms=0.050211 gpu_ms=0.496787 relative_l2=1.46504e-07 cpu_heap_peak=2688976 cpu_rss_peak=75726848 gpu_peak=357777408 status=PASS
sample_index=20 step=step5 cpu_ms=1.20222 gpu_ms=3.73349 relative_l2=1.2481e-07 cpu_heap_peak=2696960 cpu_rss_peak=75726848 gpu_peak=357777408 status=PASS
sample_index=20 cpu_pipeline_ms=2.25726 gpu_pipeline_ms=6.23916 cuda_event_aux_sum_ms=4.50228 relative_l2=1.04133e-06 relative_linf=2.9641e-06 detection_mismatch_count=16 valid_detection_mismatch_count=0 boundary_detection_mismatch_count=16 mse=3.58851e-10 rmse=1.89434e-05 formal_relative_l2=1.04133e-06 formal_relative_linf=2.9641e-06 semantic_gates=5/5 accuracy_status=PASS
detection_mismatch_summary sample_index=21 total=16 valid=0 boundary=16
detection_mismatch sample_index=21 flat_index=27 doppler=0 range=27 cfar_cell=boundary gpu_detection=1 cpu_detection=0 gpu_power=2.71385e-14 cpu_power=0 gpu_threshold=0 cpu_threshold=0
detection_mismatch sample_index=21 flat_index=59 doppler=1 range=27 cfar_cell=boundary gpu_detection=1 cpu_detection=0 gpu_power=3.10458e-14 cpu_power=0 gpu_threshold=0 cpu_threshold=0
detection_mismatch sample_index=21 flat_index=91 doppler=2 range=27 cfar_cell=boundary gpu_detection=1 cpu_detection=0 gpu_power=7.3567e-14 cpu_power=0 gpu_threshold=0 cpu_threshold=0
detection_mismatch sample_index=21 flat_index=123 doppler=3 range=27 cfar_cell=boundary gpu_detection=1 cpu_detection=0 gpu_power=2.90151e-12 cpu_power=0 gpu_threshold=0 cpu_threshold=0
detection_mismatch sample_index=21 flat_index=155 doppler=4 range=27 cfar_cell=boundary gpu_detection=1 cpu_detection=0 gpu_power=1.24707e-11 cpu_power=0 gpu_threshold=0 cpu_threshold=0
detection_mismatch sample_index=21 flat_index=187 doppler=5 range=27 cfar_cell=boundary gpu_detection=1 cpu_detection=0 gpu_power=2.60242e-12 cpu_power=0 gpu_threshold=0 cpu_threshold=0
detection_mismatch sample_index=21 flat_index=219 doppler=6 range=27 cfar_cell=boundary gpu_detection=1 cpu_detection=0 gpu_power=2.09604e-14 cpu_power=0 gpu_threshold=0 cpu_threshold=0
detection_mismatch sample_index=21 flat_index=251 doppler=7 range=27 cfar_cell=boundary gpu_detection=1 cpu_detection=0 gpu_power=6.18493e-14 cpu_power=0 gpu_threshold=0 cpu_threshold=0
detection_mismatch sample_index=21 flat_index=283 doppler=8 range=27 cfar_cell=boundary gpu_detection=1 cpu_detection=0 gpu_power=1.02927e-13 cpu_power=0 gpu_threshold=0 cpu_threshold=0
detection_mismatch sample_index=21 flat_index=315 doppler=9 range=27 cfar_cell=boundary gpu_detection=1 cpu_detection=0 gpu_power=4.3125e-14 cpu_power=0 gpu_threshold=0 cpu_threshold=0
detection_mismatch sample_index=21 flat_index=347 doppler=10 range=27 cfar_cell=boundary gpu_detection=1 cpu_detection=0 gpu_power=4.59391e-14 cpu_power=0 gpu_threshold=0 cpu_threshold=0
detection_mismatch sample_index=21 flat_index=379 doppler=11 range=27 cfar_cell=boundary gpu_detection=1 cpu_detection=0 gpu_power=6.91818e-15 cpu_power=0 gpu_threshold=0 cpu_threshold=0
detection_mismatch sample_index=21 flat_index=411 doppler=12 range=27 cfar_cell=boundary gpu_detection=1 cpu_detection=0 gpu_power=1.30478e-13 cpu_power=0 gpu_threshold=0 cpu_threshold=0
detection_mismatch sample_index=21 flat_index=443 doppler=13 range=27 cfar_cell=boundary gpu_detection=1 cpu_detection=0 gpu_power=1.24239e-13 cpu_power=0 gpu_threshold=0 cpu_threshold=0
detection_mismatch sample_index=21 flat_index=475 doppler=14 range=27 cfar_cell=boundary gpu_detection=1 cpu_detection=0 gpu_power=1.22179e-13 cpu_power=0 gpu_threshold=0 cpu_threshold=0
detection_mismatch sample_index=21 flat_index=507 doppler=15 range=27 cfar_cell=boundary gpu_detection=1 cpu_detection=0 gpu_power=2.42141e-14 cpu_power=0 gpu_threshold=0 cpu_threshold=0
sample_index=21 step=step1 cpu_ms=0.048901 gpu_ms=0.323674 relative_l2=8.98327e-07 cpu_heap_peak=2676640 cpu_rss_peak=75726848 gpu_peak=357777408 status=PASS
sample_index=21 step=step2 cpu_ms=0.289434 gpu_ms=0.730219 relative_l2=1.39991e-07 cpu_heap_peak=2680912 cpu_rss_peak=75726848 gpu_peak=357777408 status=PASS
sample_index=21 step=step3 cpu_ms=0.674038 gpu_ms=0.349544 relative_l2=3.37245e-07 cpu_heap_peak=2685152 cpu_rss_peak=75726848 gpu_peak=357777408 status=PASS
sample_index=21 step=step4 cpu_ms=0.050011 gpu_ms=0.500476 relative_l2=1.46504e-07 cpu_heap_peak=2689504 cpu_rss_peak=75726848 gpu_peak=357777408 status=PASS
sample_index=21 step=step5 cpu_ms=1.19821 gpu_ms=3.86764 relative_l2=1.2481e-07 cpu_heap_peak=2697488 cpu_rss_peak=75726848 gpu_peak=357777408 status=PASS
sample_index=21 cpu_pipeline_ms=2.26952 gpu_pipeline_ms=6.3933 cuda_event_aux_sum_ms=4.51771 relative_l2=1.04133e-06 relative_linf=2.9641e-06 detection_mismatch_count=16 valid_detection_mismatch_count=0 boundary_detection_mismatch_count=16 mse=3.58851e-10 rmse=1.89434e-05 formal_relative_l2=1.04133e-06 formal_relative_linf=2.9641e-06 semantic_gates=5/5 accuracy_status=PASS
detection_mismatch_summary sample_index=22 total=16 valid=0 boundary=16
detection_mismatch sample_index=22 flat_index=27 doppler=0 range=27 cfar_cell=boundary gpu_detection=1 cpu_detection=0 gpu_power=2.71385e-14 cpu_power=0 gpu_threshold=0 cpu_threshold=0
detection_mismatch sample_index=22 flat_index=59 doppler=1 range=27 cfar_cell=boundary gpu_detection=1 cpu_detection=0 gpu_power=3.10458e-14 cpu_power=0 gpu_threshold=0 cpu_threshold=0
detection_mismatch sample_index=22 flat_index=91 doppler=2 range=27 cfar_cell=boundary gpu_detection=1 cpu_detection=0 gpu_power=7.3567e-14 cpu_power=0 gpu_threshold=0 cpu_threshold=0
detection_mismatch sample_index=22 flat_index=123 doppler=3 range=27 cfar_cell=boundary gpu_detection=1 cpu_detection=0 gpu_power=2.90151e-12 cpu_power=0 gpu_threshold=0 cpu_threshold=0
detection_mismatch sample_index=22 flat_index=155 doppler=4 range=27 cfar_cell=boundary gpu_detection=1 cpu_detection=0 gpu_power=1.24707e-11 cpu_power=0 gpu_threshold=0 cpu_threshold=0
detection_mismatch sample_index=22 flat_index=187 doppler=5 range=27 cfar_cell=boundary gpu_detection=1 cpu_detection=0 gpu_power=2.60242e-12 cpu_power=0 gpu_threshold=0 cpu_threshold=0
detection_mismatch sample_index=22 flat_index=219 doppler=6 range=27 cfar_cell=boundary gpu_detection=1 cpu_detection=0 gpu_power=2.09604e-14 cpu_power=0 gpu_threshold=0 cpu_threshold=0
detection_mismatch sample_index=22 flat_index=251 doppler=7 range=27 cfar_cell=boundary gpu_detection=1 cpu_detection=0 gpu_power=6.18493e-14 cpu_power=0 gpu_threshold=0 cpu_threshold=0
detection_mismatch sample_index=22 flat_index=283 doppler=8 range=27 cfar_cell=boundary gpu_detection=1 cpu_detection=0 gpu_power=1.02927e-13 cpu_power=0 gpu_threshold=0 cpu_threshold=0
detection_mismatch sample_index=22 flat_index=315 doppler=9 range=27 cfar_cell=boundary gpu_detection=1 cpu_detection=0 gpu_power=4.3125e-14 cpu_power=0 gpu_threshold=0 cpu_threshold=0
detection_mismatch sample_index=22 flat_index=347 doppler=10 range=27 cfar_cell=boundary gpu_detection=1 cpu_detection=0 gpu_power=4.59391e-14 cpu_power=0 gpu_threshold=0 cpu_threshold=0
detection_mismatch sample_index=22 flat_index=379 doppler=11 range=27 cfar_cell=boundary gpu_detection=1 cpu_detection=0 gpu_power=6.91818e-15 cpu_power=0 gpu_threshold=0 cpu_threshold=0
detection_mismatch sample_index=22 flat_index=411 doppler=12 range=27 cfar_cell=boundary gpu_detection=1 cpu_detection=0 gpu_power=1.30478e-13 cpu_power=0 gpu_threshold=0 cpu_threshold=0
detection_mismatch sample_index=22 flat_index=443 doppler=13 range=27 cfar_cell=boundary gpu_detection=1 cpu_detection=0 gpu_power=1.24239e-13 cpu_power=0 gpu_threshold=0 cpu_threshold=0
detection_mismatch sample_index=22 flat_index=475 doppler=14 range=27 cfar_cell=boundary gpu_detection=1 cpu_detection=0 gpu_power=1.22179e-13 cpu_power=0 gpu_threshold=0 cpu_threshold=0
detection_mismatch sample_index=22 flat_index=507 doppler=15 range=27 cfar_cell=boundary gpu_detection=1 cpu_detection=0 gpu_power=2.42141e-14 cpu_power=0 gpu_threshold=0 cpu_threshold=0
sample_index=22 step=step1 cpu_ms=0.04871 gpu_ms=0.321934 relative_l2=8.98327e-07 cpu_heap_peak=2676720 cpu_rss_peak=75726848 gpu_peak=357777408 status=PASS
sample_index=22 step=step2 cpu_ms=0.289144 gpu_ms=0.714429 relative_l2=1.39991e-07 cpu_heap_peak=2681344 cpu_rss_peak=75726848 gpu_peak=357777408 status=PASS
sample_index=22 step=step3 cpu_ms=0.661238 gpu_ms=0.341264 relative_l2=3.37245e-07 cpu_heap_peak=2685504 cpu_rss_peak=75726848 gpu_peak=357777408 status=PASS
sample_index=22 step=step4 cpu_ms=0.050381 gpu_ms=0.500166 relative_l2=1.46504e-07 cpu_heap_peak=2689888 cpu_rss_peak=75726848 gpu_peak=357777408 status=PASS
sample_index=22 step=step5 cpu_ms=1.24718 gpu_ms=3.87295 relative_l2=1.2481e-07 cpu_heap_peak=2697872 cpu_rss_peak=75726848 gpu_peak=357777408 status=PASS
sample_index=22 cpu_pipeline_ms=2.30616 gpu_pipeline_ms=6.3603 cuda_event_aux_sum_ms=4.53232 relative_l2=1.04133e-06 relative_linf=2.9641e-06 detection_mismatch_count=16 valid_detection_mismatch_count=0 boundary_detection_mismatch_count=16 mse=3.58851e-10 rmse=1.89434e-05 formal_relative_l2=1.04133e-06 formal_relative_linf=2.9641e-06 semantic_gates=5/5 accuracy_status=PASS
detection_mismatch_summary sample_index=23 total=16 valid=0 boundary=16
detection_mismatch sample_index=23 flat_index=27 doppler=0 range=27 cfar_cell=boundary gpu_detection=1 cpu_detection=0 gpu_power=2.71385e-14 cpu_power=0 gpu_threshold=0 cpu_threshold=0
detection_mismatch sample_index=23 flat_index=59 doppler=1 range=27 cfar_cell=boundary gpu_detection=1 cpu_detection=0 gpu_power=3.10458e-14 cpu_power=0 gpu_threshold=0 cpu_threshold=0
detection_mismatch sample_index=23 flat_index=91 doppler=2 range=27 cfar_cell=boundary gpu_detection=1 cpu_detection=0 gpu_power=7.3567e-14 cpu_power=0 gpu_threshold=0 cpu_threshold=0
detection_mismatch sample_index=23 flat_index=123 doppler=3 range=27 cfar_cell=boundary gpu_detection=1 cpu_detection=0 gpu_power=2.90151e-12 cpu_power=0 gpu_threshold=0 cpu_threshold=0
detection_mismatch sample_index=23 flat_index=155 doppler=4 range=27 cfar_cell=boundary gpu_detection=1 cpu_detection=0 gpu_power=1.24707e-11 cpu_power=0 gpu_threshold=0 cpu_threshold=0
detection_mismatch sample_index=23 flat_index=187 doppler=5 range=27 cfar_cell=boundary gpu_detection=1 cpu_detection=0 gpu_power=2.60242e-12 cpu_power=0 gpu_threshold=0 cpu_threshold=0
detection_mismatch sample_index=23 flat_index=219 doppler=6 range=27 cfar_cell=boundary gpu_detection=1 cpu_detection=0 gpu_power=2.09604e-14 cpu_power=0 gpu_threshold=0 cpu_threshold=0
detection_mismatch sample_index=23 flat_index=251 doppler=7 range=27 cfar_cell=boundary gpu_detection=1 cpu_detection=0 gpu_power=6.18493e-14 cpu_power=0 gpu_threshold=0 cpu_threshold=0
detection_mismatch sample_index=23 flat_index=283 doppler=8 range=27 cfar_cell=boundary gpu_detection=1 cpu_detection=0 gpu_power=1.02927e-13 cpu_power=0 gpu_threshold=0 cpu_threshold=0
detection_mismatch sample_index=23 flat_index=315 doppler=9 range=27 cfar_cell=boundary gpu_detection=1 cpu_detection=0 gpu_power=4.3125e-14 cpu_power=0 gpu_threshold=0 cpu_threshold=0
detection_mismatch sample_index=23 flat_index=347 doppler=10 range=27 cfar_cell=boundary gpu_detection=1 cpu_detection=0 gpu_power=4.59391e-14 cpu_power=0 gpu_threshold=0 cpu_threshold=0
detection_mismatch sample_index=23 flat_index=379 doppler=11 range=27 cfar_cell=boundary gpu_detection=1 cpu_detection=0 gpu_power=6.91818e-15 cpu_power=0 gpu_threshold=0 cpu_threshold=0
detection_mismatch sample_index=23 flat_index=411 doppler=12 range=27 cfar_cell=boundary gpu_detection=1 cpu_detection=0 gpu_power=1.30478e-13 cpu_power=0 gpu_threshold=0 cpu_threshold=0
detection_mismatch sample_index=23 flat_index=443 doppler=13 range=27 cfar_cell=boundary gpu_detection=1 cpu_detection=0 gpu_power=1.24239e-13 cpu_power=0 gpu_threshold=0 cpu_threshold=0
detection_mismatch sample_index=23 flat_index=475 doppler=14 range=27 cfar_cell=boundary gpu_detection=1 cpu_detection=0 gpu_power=1.22179e-13 cpu_power=0 gpu_threshold=0 cpu_threshold=0
detection_mismatch sample_index=23 flat_index=507 doppler=15 range=27 cfar_cell=boundary gpu_detection=1 cpu_detection=0 gpu_power=2.42141e-14 cpu_power=0 gpu_threshold=0 cpu_threshold=0
sample_index=23 step=step1 cpu_ms=0.048841 gpu_ms=0.325394 relative_l2=8.98327e-07 cpu_heap_peak=2677360 cpu_rss_peak=75726848 gpu_peak=357777408 status=PASS
sample_index=23 step=step2 cpu_ms=0.289264 gpu_ms=0.677438 relative_l2=1.39991e-07 cpu_heap_peak=2681632 cpu_rss_peak=75726848 gpu_peak=357777408 status=PASS
sample_index=23 step=step3 cpu_ms=0.662468 gpu_ms=0.351784 relative_l2=3.37245e-07 cpu_heap_peak=2685840 cpu_rss_peak=75726848 gpu_peak=357777408 status=PASS
sample_index=23 step=step4 cpu_ms=0.05145 gpu_ms=0.498036 relative_l2=1.46504e-07 cpu_heap_peak=2690192 cpu_rss_peak=75726848 gpu_peak=357777408 status=PASS
sample_index=23 step=step5 cpu_ms=1.21331 gpu_ms=3.82172 relative_l2=1.2481e-07 cpu_heap_peak=2698176 cpu_rss_peak=75726848 gpu_peak=357777408 status=PASS
sample_index=23 cpu_pipeline_ms=2.27427 gpu_pipeline_ms=6.28366 cuda_event_aux_sum_ms=4.47261 relative_l2=1.04133e-06 relative_linf=2.9641e-06 detection_mismatch_count=16 valid_detection_mismatch_count=0 boundary_detection_mismatch_count=16 mse=3.58851e-10 rmse=1.89434e-05 formal_relative_l2=1.04133e-06 formal_relative_linf=2.9641e-06 semantic_gates=5/5 accuracy_status=PASS
detection_mismatch_summary sample_index=24 total=16 valid=0 boundary=16
detection_mismatch sample_index=24 flat_index=27 doppler=0 range=27 cfar_cell=boundary gpu_detection=1 cpu_detection=0 gpu_power=2.71385e-14 cpu_power=0 gpu_threshold=0 cpu_threshold=0
detection_mismatch sample_index=24 flat_index=59 doppler=1 range=27 cfar_cell=boundary gpu_detection=1 cpu_detection=0 gpu_power=3.10458e-14 cpu_power=0 gpu_threshold=0 cpu_threshold=0
detection_mismatch sample_index=24 flat_index=91 doppler=2 range=27 cfar_cell=boundary gpu_detection=1 cpu_detection=0 gpu_power=7.3567e-14 cpu_power=0 gpu_threshold=0 cpu_threshold=0
detection_mismatch sample_index=24 flat_index=123 doppler=3 range=27 cfar_cell=boundary gpu_detection=1 cpu_detection=0 gpu_power=2.90151e-12 cpu_power=0 gpu_threshold=0 cpu_threshold=0
detection_mismatch sample_index=24 flat_index=155 doppler=4 range=27 cfar_cell=boundary gpu_detection=1 cpu_detection=0 gpu_power=1.24707e-11 cpu_power=0 gpu_threshold=0 cpu_threshold=0
detection_mismatch sample_index=24 flat_index=187 doppler=5 range=27 cfar_cell=boundary gpu_detection=1 cpu_detection=0 gpu_power=2.60242e-12 cpu_power=0 gpu_threshold=0 cpu_threshold=0
detection_mismatch sample_index=24 flat_index=219 doppler=6 range=27 cfar_cell=boundary gpu_detection=1 cpu_detection=0 gpu_power=2.09604e-14 cpu_power=0 gpu_threshold=0 cpu_threshold=0
detection_mismatch sample_index=24 flat_index=251 doppler=7 range=27 cfar_cell=boundary gpu_detection=1 cpu_detection=0 gpu_power=6.18493e-14 cpu_power=0 gpu_threshold=0 cpu_threshold=0
detection_mismatch sample_index=24 flat_index=283 doppler=8 range=27 cfar_cell=boundary gpu_detection=1 cpu_detection=0 gpu_power=1.02927e-13 cpu_power=0 gpu_threshold=0 cpu_threshold=0
detection_mismatch sample_index=24 flat_index=315 doppler=9 range=27 cfar_cell=boundary gpu_detection=1 cpu_detection=0 gpu_power=4.3125e-14 cpu_power=0 gpu_threshold=0 cpu_threshold=0
detection_mismatch sample_index=24 flat_index=347 doppler=10 range=27 cfar_cell=boundary gpu_detection=1 cpu_detection=0 gpu_power=4.59391e-14 cpu_power=0 gpu_threshold=0 cpu_threshold=0
detection_mismatch sample_index=24 flat_index=379 doppler=11 range=27 cfar_cell=boundary gpu_detection=1 cpu_detection=0 gpu_power=6.91818e-15 cpu_power=0 gpu_threshold=0 cpu_threshold=0
detection_mismatch sample_index=24 flat_index=411 doppler=12 range=27 cfar_cell=boundary gpu_detection=1 cpu_detection=0 gpu_power=1.30478e-13 cpu_power=0 gpu_threshold=0 cpu_threshold=0
detection_mismatch sample_index=24 flat_index=443 doppler=13 range=27 cfar_cell=boundary gpu_detection=1 cpu_detection=0 gpu_power=1.24239e-13 cpu_power=0 gpu_threshold=0 cpu_threshold=0
detection_mismatch sample_index=24 flat_index=475 doppler=14 range=27 cfar_cell=boundary gpu_detection=1 cpu_detection=0 gpu_power=1.22179e-13 cpu_power=0 gpu_threshold=0 cpu_threshold=0
detection_mismatch sample_index=24 flat_index=507 doppler=15 range=27 cfar_cell=boundary gpu_detection=1 cpu_detection=0 gpu_power=2.42141e-14 cpu_power=0 gpu_threshold=0 cpu_threshold=0
sample_index=24 step=step1 cpu_ms=0.048751 gpu_ms=0.321364 relative_l2=8.98327e-07 cpu_heap_peak=2677952 cpu_rss_peak=75726848 gpu_peak=357777408 status=PASS
sample_index=24 step=step2 cpu_ms=0.289484 gpu_ms=0.681258 relative_l2=1.39991e-07 cpu_heap_peak=2682336 cpu_rss_peak=75726848 gpu_peak=357777408 status=PASS
sample_index=24 step=step3 cpu_ms=0.661278 gpu_ms=0.353904 relative_l2=3.37245e-07 cpu_heap_peak=2686592 cpu_rss_peak=75726848 gpu_peak=357777408 status=PASS
sample_index=24 step=step4 cpu_ms=0.05006 gpu_ms=0.495696 relative_l2=1.46504e-07 cpu_heap_peak=2690944 cpu_rss_peak=75726848 gpu_peak=357777408 status=PASS
sample_index=24 step=step5 cpu_ms=1.20331 gpu_ms=3.81709 relative_l2=1.2481e-07 cpu_heap_peak=2698928 cpu_rss_peak=75726848 gpu_peak=357777408 status=PASS
sample_index=24 cpu_pipeline_ms=2.26177 gpu_pipeline_ms=6.27729 cuda_event_aux_sum_ms=4.43931 relative_l2=1.04133e-06 relative_linf=2.9641e-06 detection_mismatch_count=16 valid_detection_mismatch_count=0 boundary_detection_mismatch_count=16 mse=3.58851e-10 rmse=1.89434e-05 formal_relative_l2=1.04133e-06 formal_relative_linf=2.9641e-06 semantic_gates=5/5 accuracy_status=PASS
detection_mismatch_summary sample_index=25 total=16 valid=0 boundary=16
detection_mismatch sample_index=25 flat_index=27 doppler=0 range=27 cfar_cell=boundary gpu_detection=1 cpu_detection=0 gpu_power=2.71385e-14 cpu_power=0 gpu_threshold=0 cpu_threshold=0
detection_mismatch sample_index=25 flat_index=59 doppler=1 range=27 cfar_cell=boundary gpu_detection=1 cpu_detection=0 gpu_power=3.10458e-14 cpu_power=0 gpu_threshold=0 cpu_threshold=0
detection_mismatch sample_index=25 flat_index=91 doppler=2 range=27 cfar_cell=boundary gpu_detection=1 cpu_detection=0 gpu_power=7.3567e-14 cpu_power=0 gpu_threshold=0 cpu_threshold=0
detection_mismatch sample_index=25 flat_index=123 doppler=3 range=27 cfar_cell=boundary gpu_detection=1 cpu_detection=0 gpu_power=2.90151e-12 cpu_power=0 gpu_threshold=0 cpu_threshold=0
detection_mismatch sample_index=25 flat_index=155 doppler=4 range=27 cfar_cell=boundary gpu_detection=1 cpu_detection=0 gpu_power=1.24707e-11 cpu_power=0 gpu_threshold=0 cpu_threshold=0
detection_mismatch sample_index=25 flat_index=187 doppler=5 range=27 cfar_cell=boundary gpu_detection=1 cpu_detection=0 gpu_power=2.60242e-12 cpu_power=0 gpu_threshold=0 cpu_threshold=0
detection_mismatch sample_index=25 flat_index=219 doppler=6 range=27 cfar_cell=boundary gpu_detection=1 cpu_detection=0 gpu_power=2.09604e-14 cpu_power=0 gpu_threshold=0 cpu_threshold=0
detection_mismatch sample_index=25 flat_index=251 doppler=7 range=27 cfar_cell=boundary gpu_detection=1 cpu_detection=0 gpu_power=6.18493e-14 cpu_power=0 gpu_threshold=0 cpu_threshold=0
detection_mismatch sample_index=25 flat_index=283 doppler=8 range=27 cfar_cell=boundary gpu_detection=1 cpu_detection=0 gpu_power=1.02927e-13 cpu_power=0 gpu_threshold=0 cpu_threshold=0
detection_mismatch sample_index=25 flat_index=315 doppler=9 range=27 cfar_cell=boundary gpu_detection=1 cpu_detection=0 gpu_power=4.3125e-14 cpu_power=0 gpu_threshold=0 cpu_threshold=0
detection_mismatch sample_index=25 flat_index=347 doppler=10 range=27 cfar_cell=boundary gpu_detection=1 cpu_detection=0 gpu_power=4.59391e-14 cpu_power=0 gpu_threshold=0 cpu_threshold=0
detection_mismatch sample_index=25 flat_index=379 doppler=11 range=27 cfar_cell=boundary gpu_detection=1 cpu_detection=0 gpu_power=6.91818e-15 cpu_power=0 gpu_threshold=0 cpu_threshold=0
detection_mismatch sample_index=25 flat_index=411 doppler=12 range=27 cfar_cell=boundary gpu_detection=1 cpu_detection=0 gpu_power=1.30478e-13 cpu_power=0 gpu_threshold=0 cpu_threshold=0
detection_mismatch sample_index=25 flat_index=443 doppler=13 range=27 cfar_cell=boundary gpu_detection=1 cpu_detection=0 gpu_power=1.24239e-13 cpu_power=0 gpu_threshold=0 cpu_threshold=0
detection_mismatch sample_index=25 flat_index=475 doppler=14 range=27 cfar_cell=boundary gpu_detection=1 cpu_detection=0 gpu_power=1.22179e-13 cpu_power=0 gpu_threshold=0 cpu_threshold=0
detection_mismatch sample_index=25 flat_index=507 doppler=15 range=27 cfar_cell=boundary gpu_detection=1 cpu_detection=0 gpu_power=2.42141e-14 cpu_power=0 gpu_threshold=0 cpu_threshold=0
sample_index=25 step=step1 cpu_ms=0.04891 gpu_ms=0.325564 relative_l2=8.98327e-07 cpu_heap_peak=2677200 cpu_rss_peak=75726848 gpu_peak=357777408 status=PASS
sample_index=25 step=step2 cpu_ms=0.288664 gpu_ms=0.656188 relative_l2=1.39991e-07 cpu_heap_peak=2681568 cpu_rss_peak=75726848 gpu_peak=357777408 status=PASS
sample_index=25 step=step3 cpu_ms=0.661358 gpu_ms=0.420805 relative_l2=3.37245e-07 cpu_heap_peak=2685680 cpu_rss_peak=75726848 gpu_peak=357777408 status=PASS
sample_index=25 step=step4 cpu_ms=0.050621 gpu_ms=0.505067 relative_l2=1.46504e-07 cpu_heap_peak=2690032 cpu_rss_peak=75726848 gpu_peak=357777408 status=PASS
sample_index=25 step=step5 cpu_ms=1.20327 gpu_ms=3.69687 relative_l2=1.2481e-07 cpu_heap_peak=2698016 cpu_rss_peak=75726848 gpu_peak=357777408 status=PASS
sample_index=25 cpu_pipeline_ms=2.26177 gpu_pipeline_ms=6.12297 cuda_event_aux_sum_ms=4.3124 relative_l2=1.04133e-06 relative_linf=2.9641e-06 detection_mismatch_count=16 valid_detection_mismatch_count=0 boundary_detection_mismatch_count=16 mse=3.58851e-10 rmse=1.89434e-05 formal_relative_l2=1.04133e-06 formal_relative_linf=2.9641e-06 semantic_gates=5/5 accuracy_status=PASS
detection_mismatch_summary sample_index=26 total=16 valid=0 boundary=16
detection_mismatch sample_index=26 flat_index=27 doppler=0 range=27 cfar_cell=boundary gpu_detection=1 cpu_detection=0 gpu_power=2.71385e-14 cpu_power=0 gpu_threshold=0 cpu_threshold=0
detection_mismatch sample_index=26 flat_index=59 doppler=1 range=27 cfar_cell=boundary gpu_detection=1 cpu_detection=0 gpu_power=3.10458e-14 cpu_power=0 gpu_threshold=0 cpu_threshold=0
detection_mismatch sample_index=26 flat_index=91 doppler=2 range=27 cfar_cell=boundary gpu_detection=1 cpu_detection=0 gpu_power=7.3567e-14 cpu_power=0 gpu_threshold=0 cpu_threshold=0
detection_mismatch sample_index=26 flat_index=123 doppler=3 range=27 cfar_cell=boundary gpu_detection=1 cpu_detection=0 gpu_power=2.90151e-12 cpu_power=0 gpu_threshold=0 cpu_threshold=0
detection_mismatch sample_index=26 flat_index=155 doppler=4 range=27 cfar_cell=boundary gpu_detection=1 cpu_detection=0 gpu_power=1.24707e-11 cpu_power=0 gpu_threshold=0 cpu_threshold=0
detection_mismatch sample_index=26 flat_index=187 doppler=5 range=27 cfar_cell=boundary gpu_detection=1 cpu_detection=0 gpu_power=2.60242e-12 cpu_power=0 gpu_threshold=0 cpu_threshold=0
detection_mismatch sample_index=26 flat_index=219 doppler=6 range=27 cfar_cell=boundary gpu_detection=1 cpu_detection=0 gpu_power=2.09604e-14 cpu_power=0 gpu_threshold=0 cpu_threshold=0
detection_mismatch sample_index=26 flat_index=251 doppler=7 range=27 cfar_cell=boundary gpu_detection=1 cpu_detection=0 gpu_power=6.18493e-14 cpu_power=0 gpu_threshold=0 cpu_threshold=0
detection_mismatch sample_index=26 flat_index=283 doppler=8 range=27 cfar_cell=boundary gpu_detection=1 cpu_detection=0 gpu_power=1.02927e-13 cpu_power=0 gpu_threshold=0 cpu_threshold=0
detection_mismatch sample_index=26 flat_index=315 doppler=9 range=27 cfar_cell=boundary gpu_detection=1 cpu_detection=0 gpu_power=4.3125e-14 cpu_power=0 gpu_threshold=0 cpu_threshold=0
detection_mismatch sample_index=26 flat_index=347 doppler=10 range=27 cfar_cell=boundary gpu_detection=1 cpu_detection=0 gpu_power=4.59391e-14 cpu_power=0 gpu_threshold=0 cpu_threshold=0
detection_mismatch sample_index=26 flat_index=379 doppler=11 range=27 cfar_cell=boundary gpu_detection=1 cpu_detection=0 gpu_power=6.91818e-15 cpu_power=0 gpu_threshold=0 cpu_threshold=0
detection_mismatch sample_index=26 flat_index=411 doppler=12 range=27 cfar_cell=boundary gpu_detection=1 cpu_detection=0 gpu_power=1.30478e-13 cpu_power=0 gpu_threshold=0 cpu_threshold=0
detection_mismatch sample_index=26 flat_index=443 doppler=13 range=27 cfar_cell=boundary gpu_detection=1 cpu_detection=0 gpu_power=1.24239e-13 cpu_power=0 gpu_threshold=0 cpu_threshold=0
detection_mismatch sample_index=26 flat_index=475 doppler=14 range=27 cfar_cell=boundary gpu_detection=1 cpu_detection=0 gpu_power=1.22179e-13 cpu_power=0 gpu_threshold=0 cpu_threshold=0
detection_mismatch sample_index=26 flat_index=507 doppler=15 range=27 cfar_cell=boundary gpu_detection=1 cpu_detection=0 gpu_power=2.42141e-14 cpu_power=0 gpu_threshold=0 cpu_threshold=0
sample_index=26 step=step1 cpu_ms=0.04877 gpu_ms=0.322124 relative_l2=8.98327e-07 cpu_heap_peak=2677648 cpu_rss_peak=75726848 gpu_peak=357777408 status=PASS
sample_index=26 step=step2 cpu_ms=0.290004 gpu_ms=0.717409 relative_l2=1.39991e-07 cpu_heap_peak=2682016 cpu_rss_peak=75726848 gpu_peak=357777408 status=PASS
sample_index=26 step=step3 cpu_ms=0.659408 gpu_ms=0.379514 relative_l2=3.37245e-07 cpu_heap_peak=2686128 cpu_rss_peak=75726848 gpu_peak=357777408 status=PASS
sample_index=26 step=step4 cpu_ms=0.049731 gpu_ms=0.503536 relative_l2=1.46504e-07 cpu_heap_peak=2690480 cpu_rss_peak=75726848 gpu_peak=357777408 status=PASS
sample_index=26 step=step5 cpu_ms=1.21586 gpu_ms=3.69202 relative_l2=1.2481e-07 cpu_heap_peak=2698464 cpu_rss_peak=75726848 gpu_peak=357777408 status=PASS
sample_index=26 cpu_pipeline_ms=2.27269 gpu_pipeline_ms=6.18734 cuda_event_aux_sum_ms=4.40353 relative_l2=1.04133e-06 relative_linf=2.9641e-06 detection_mismatch_count=16 valid_detection_mismatch_count=0 boundary_detection_mismatch_count=16 mse=3.58851e-10 rmse=1.89434e-05 formal_relative_l2=1.04133e-06 formal_relative_linf=2.9641e-06 semantic_gates=5/5 accuracy_status=PASS
detection_mismatch_summary sample_index=27 total=16 valid=0 boundary=16
detection_mismatch sample_index=27 flat_index=27 doppler=0 range=27 cfar_cell=boundary gpu_detection=1 cpu_detection=0 gpu_power=2.71385e-14 cpu_power=0 gpu_threshold=0 cpu_threshold=0
detection_mismatch sample_index=27 flat_index=59 doppler=1 range=27 cfar_cell=boundary gpu_detection=1 cpu_detection=0 gpu_power=3.10458e-14 cpu_power=0 gpu_threshold=0 cpu_threshold=0
detection_mismatch sample_index=27 flat_index=91 doppler=2 range=27 cfar_cell=boundary gpu_detection=1 cpu_detection=0 gpu_power=7.3567e-14 cpu_power=0 gpu_threshold=0 cpu_threshold=0
detection_mismatch sample_index=27 flat_index=123 doppler=3 range=27 cfar_cell=boundary gpu_detection=1 cpu_detection=0 gpu_power=2.90151e-12 cpu_power=0 gpu_threshold=0 cpu_threshold=0
detection_mismatch sample_index=27 flat_index=155 doppler=4 range=27 cfar_cell=boundary gpu_detection=1 cpu_detection=0 gpu_power=1.24707e-11 cpu_power=0 gpu_threshold=0 cpu_threshold=0
detection_mismatch sample_index=27 flat_index=187 doppler=5 range=27 cfar_cell=boundary gpu_detection=1 cpu_detection=0 gpu_power=2.60242e-12 cpu_power=0 gpu_threshold=0 cpu_threshold=0
detection_mismatch sample_index=27 flat_index=219 doppler=6 range=27 cfar_cell=boundary gpu_detection=1 cpu_detection=0 gpu_power=2.09604e-14 cpu_power=0 gpu_threshold=0 cpu_threshold=0
detection_mismatch sample_index=27 flat_index=251 doppler=7 range=27 cfar_cell=boundary gpu_detection=1 cpu_detection=0 gpu_power=6.18493e-14 cpu_power=0 gpu_threshold=0 cpu_threshold=0
detection_mismatch sample_index=27 flat_index=283 doppler=8 range=27 cfar_cell=boundary gpu_detection=1 cpu_detection=0 gpu_power=1.02927e-13 cpu_power=0 gpu_threshold=0 cpu_threshold=0
detection_mismatch sample_index=27 flat_index=315 doppler=9 range=27 cfar_cell=boundary gpu_detection=1 cpu_detection=0 gpu_power=4.3125e-14 cpu_power=0 gpu_threshold=0 cpu_threshold=0
detection_mismatch sample_index=27 flat_index=347 doppler=10 range=27 cfar_cell=boundary gpu_detection=1 cpu_detection=0 gpu_power=4.59391e-14 cpu_power=0 gpu_threshold=0 cpu_threshold=0
detection_mismatch sample_index=27 flat_index=379 doppler=11 range=27 cfar_cell=boundary gpu_detection=1 cpu_detection=0 gpu_power=6.91818e-15 cpu_power=0 gpu_threshold=0 cpu_threshold=0
detection_mismatch sample_index=27 flat_index=411 doppler=12 range=27 cfar_cell=boundary gpu_detection=1 cpu_detection=0 gpu_power=1.30478e-13 cpu_power=0 gpu_threshold=0 cpu_threshold=0
detection_mismatch sample_index=27 flat_index=443 doppler=13 range=27 cfar_cell=boundary gpu_detection=1 cpu_detection=0 gpu_power=1.24239e-13 cpu_power=0 gpu_threshold=0 cpu_threshold=0
detection_mismatch sample_index=27 flat_index=475 doppler=14 range=27 cfar_cell=boundary gpu_detection=1 cpu_detection=0 gpu_power=1.22179e-13 cpu_power=0 gpu_threshold=0 cpu_threshold=0
detection_mismatch sample_index=27 flat_index=507 doppler=15 range=27 cfar_cell=boundary gpu_detection=1 cpu_detection=0 gpu_power=2.42141e-14 cpu_power=0 gpu_threshold=0 cpu_threshold=0
sample_index=27 step=step1 cpu_ms=0.048821 gpu_ms=0.400365 relative_l2=8.98327e-07 cpu_heap_peak=2678080 cpu_rss_peak=75726848 gpu_peak=357777408 status=PASS
sample_index=27 step=step2 cpu_ms=0.288323 gpu_ms=0.668598 relative_l2=1.39991e-07 cpu_heap_peak=2682352 cpu_rss_peak=75726848 gpu_peak=357777408 status=PASS
sample_index=27 step=step3 cpu_ms=0.664849 gpu_ms=0.338294 relative_l2=3.37245e-07 cpu_heap_peak=2686560 cpu_rss_peak=75726848 gpu_peak=357777408 status=PASS
sample_index=27 step=step4 cpu_ms=0.05052 gpu_ms=0.494616 relative_l2=1.46504e-07 cpu_heap_peak=2690912 cpu_rss_peak=75726848 gpu_peak=357777408 status=PASS
sample_index=27 step=step5 cpu_ms=1.20219 gpu_ms=3.71593 relative_l2=1.2481e-07 cpu_heap_peak=2698896 cpu_rss_peak=75726848 gpu_peak=357777408 status=PASS
sample_index=27 cpu_pipeline_ms=2.26361 gpu_pipeline_ms=6.14995 cuda_event_aux_sum_ms=4.32441 relative_l2=1.04133e-06 relative_linf=2.9641e-06 detection_mismatch_count=16 valid_detection_mismatch_count=0 boundary_detection_mismatch_count=16 mse=3.58851e-10 rmse=1.89434e-05 formal_relative_l2=1.04133e-06 formal_relative_linf=2.9641e-06 semantic_gates=5/5 accuracy_status=PASS
detection_mismatch_summary sample_index=28 total=16 valid=0 boundary=16
detection_mismatch sample_index=28 flat_index=27 doppler=0 range=27 cfar_cell=boundary gpu_detection=1 cpu_detection=0 gpu_power=2.71385e-14 cpu_power=0 gpu_threshold=0 cpu_threshold=0
detection_mismatch sample_index=28 flat_index=59 doppler=1 range=27 cfar_cell=boundary gpu_detection=1 cpu_detection=0 gpu_power=3.10458e-14 cpu_power=0 gpu_threshold=0 cpu_threshold=0
detection_mismatch sample_index=28 flat_index=91 doppler=2 range=27 cfar_cell=boundary gpu_detection=1 cpu_detection=0 gpu_power=7.3567e-14 cpu_power=0 gpu_threshold=0 cpu_threshold=0
detection_mismatch sample_index=28 flat_index=123 doppler=3 range=27 cfar_cell=boundary gpu_detection=1 cpu_detection=0 gpu_power=2.90151e-12 cpu_power=0 gpu_threshold=0 cpu_threshold=0
detection_mismatch sample_index=28 flat_index=155 doppler=4 range=27 cfar_cell=boundary gpu_detection=1 cpu_detection=0 gpu_power=1.24707e-11 cpu_power=0 gpu_threshold=0 cpu_threshold=0
detection_mismatch sample_index=28 flat_index=187 doppler=5 range=27 cfar_cell=boundary gpu_detection=1 cpu_detection=0 gpu_power=2.60242e-12 cpu_power=0 gpu_threshold=0 cpu_threshold=0
detection_mismatch sample_index=28 flat_index=219 doppler=6 range=27 cfar_cell=boundary gpu_detection=1 cpu_detection=0 gpu_power=2.09604e-14 cpu_power=0 gpu_threshold=0 cpu_threshold=0
detection_mismatch sample_index=28 flat_index=251 doppler=7 range=27 cfar_cell=boundary gpu_detection=1 cpu_detection=0 gpu_power=6.18493e-14 cpu_power=0 gpu_threshold=0 cpu_threshold=0
detection_mismatch sample_index=28 flat_index=283 doppler=8 range=27 cfar_cell=boundary gpu_detection=1 cpu_detection=0 gpu_power=1.02927e-13 cpu_power=0 gpu_threshold=0 cpu_threshold=0
detection_mismatch sample_index=28 flat_index=315 doppler=9 range=27 cfar_cell=boundary gpu_detection=1 cpu_detection=0 gpu_power=4.3125e-14 cpu_power=0 gpu_threshold=0 cpu_threshold=0
detection_mismatch sample_index=28 flat_index=347 doppler=10 range=27 cfar_cell=boundary gpu_detection=1 cpu_detection=0 gpu_power=4.59391e-14 cpu_power=0 gpu_threshold=0 cpu_threshold=0
detection_mismatch sample_index=28 flat_index=379 doppler=11 range=27 cfar_cell=boundary gpu_detection=1 cpu_detection=0 gpu_power=6.91818e-15 cpu_power=0 gpu_threshold=0 cpu_threshold=0
detection_mismatch sample_index=28 flat_index=411 doppler=12 range=27 cfar_cell=boundary gpu_detection=1 cpu_detection=0 gpu_power=1.30478e-13 cpu_power=0 gpu_threshold=0 cpu_threshold=0
detection_mismatch sample_index=28 flat_index=443 doppler=13 range=27 cfar_cell=boundary gpu_detection=1 cpu_detection=0 gpu_power=1.24239e-13 cpu_power=0 gpu_threshold=0 cpu_threshold=0
detection_mismatch sample_index=28 flat_index=475 doppler=14 range=27 cfar_cell=boundary gpu_detection=1 cpu_detection=0 gpu_power=1.22179e-13 cpu_power=0 gpu_threshold=0 cpu_threshold=0
detection_mismatch sample_index=28 flat_index=507 doppler=15 range=27 cfar_cell=boundary gpu_detection=1 cpu_detection=0 gpu_power=2.42141e-14 cpu_power=0 gpu_threshold=0 cpu_threshold=0
sample_index=28 step=step1 cpu_ms=0.04872 gpu_ms=0.326744 relative_l2=8.98327e-07 cpu_heap_peak=2679024 cpu_rss_peak=75726848 gpu_peak=357777408 status=PASS
sample_index=28 step=step2 cpu_ms=0.288964 gpu_ms=0.676338 relative_l2=1.39991e-07 cpu_heap_peak=2683264 cpu_rss_peak=75726848 gpu_peak=357777408 status=PASS
sample_index=28 step=step3 cpu_ms=0.660458 gpu_ms=0.387044 relative_l2=3.37245e-07 cpu_heap_peak=2687504 cpu_rss_peak=75726848 gpu_peak=357777408 status=PASS
sample_index=28 step=step4 cpu_ms=0.050581 gpu_ms=0.506456 relative_l2=1.46504e-07 cpu_heap_peak=2691856 cpu_rss_peak=75726848 gpu_peak=357777408 status=PASS
sample_index=28 step=step5 cpu_ms=1.20182 gpu_ms=3.74978 relative_l2=1.2481e-07 cpu_heap_peak=2699840 cpu_rss_peak=75726848 gpu_peak=357777408 status=PASS
sample_index=28 cpu_pipeline_ms=2.2597 gpu_pipeline_ms=6.17703 cuda_event_aux_sum_ms=4.41969 relative_l2=1.04133e-06 relative_linf=2.9641e-06 detection_mismatch_count=16 valid_detection_mismatch_count=0 boundary_detection_mismatch_count=16 mse=3.58851e-10 rmse=1.89434e-05 formal_relative_l2=1.04133e-06 formal_relative_linf=2.9641e-06 semantic_gates=5/5 accuracy_status=PASS
detection_mismatch_summary sample_index=29 total=16 valid=0 boundary=16
detection_mismatch sample_index=29 flat_index=27 doppler=0 range=27 cfar_cell=boundary gpu_detection=1 cpu_detection=0 gpu_power=2.71385e-14 cpu_power=0 gpu_threshold=0 cpu_threshold=0
detection_mismatch sample_index=29 flat_index=59 doppler=1 range=27 cfar_cell=boundary gpu_detection=1 cpu_detection=0 gpu_power=3.10458e-14 cpu_power=0 gpu_threshold=0 cpu_threshold=0
detection_mismatch sample_index=29 flat_index=91 doppler=2 range=27 cfar_cell=boundary gpu_detection=1 cpu_detection=0 gpu_power=7.3567e-14 cpu_power=0 gpu_threshold=0 cpu_threshold=0
detection_mismatch sample_index=29 flat_index=123 doppler=3 range=27 cfar_cell=boundary gpu_detection=1 cpu_detection=0 gpu_power=2.90151e-12 cpu_power=0 gpu_threshold=0 cpu_threshold=0
detection_mismatch sample_index=29 flat_index=155 doppler=4 range=27 cfar_cell=boundary gpu_detection=1 cpu_detection=0 gpu_power=1.24707e-11 cpu_power=0 gpu_threshold=0 cpu_threshold=0
detection_mismatch sample_index=29 flat_index=187 doppler=5 range=27 cfar_cell=boundary gpu_detection=1 cpu_detection=0 gpu_power=2.60242e-12 cpu_power=0 gpu_threshold=0 cpu_threshold=0
detection_mismatch sample_index=29 flat_index=219 doppler=6 range=27 cfar_cell=boundary gpu_detection=1 cpu_detection=0 gpu_power=2.09604e-14 cpu_power=0 gpu_threshold=0 cpu_threshold=0
detection_mismatch sample_index=29 flat_index=251 doppler=7 range=27 cfar_cell=boundary gpu_detection=1 cpu_detection=0 gpu_power=6.18493e-14 cpu_power=0 gpu_threshold=0 cpu_threshold=0
detection_mismatch sample_index=29 flat_index=283 doppler=8 range=27 cfar_cell=boundary gpu_detection=1 cpu_detection=0 gpu_power=1.02927e-13 cpu_power=0 gpu_threshold=0 cpu_threshold=0
detection_mismatch sample_index=29 flat_index=315 doppler=9 range=27 cfar_cell=boundary gpu_detection=1 cpu_detection=0 gpu_power=4.3125e-14 cpu_power=0 gpu_threshold=0 cpu_threshold=0
detection_mismatch sample_index=29 flat_index=347 doppler=10 range=27 cfar_cell=boundary gpu_detection=1 cpu_detection=0 gpu_power=4.59391e-14 cpu_power=0 gpu_threshold=0 cpu_threshold=0
detection_mismatch sample_index=29 flat_index=379 doppler=11 range=27 cfar_cell=boundary gpu_detection=1 cpu_detection=0 gpu_power=6.91818e-15 cpu_power=0 gpu_threshold=0 cpu_threshold=0
detection_mismatch sample_index=29 flat_index=411 doppler=12 range=27 cfar_cell=boundary gpu_detection=1 cpu_detection=0 gpu_power=1.30478e-13 cpu_power=0 gpu_threshold=0 cpu_threshold=0
detection_mismatch sample_index=29 flat_index=443 doppler=13 range=27 cfar_cell=boundary gpu_detection=1 cpu_detection=0 gpu_power=1.24239e-13 cpu_power=0 gpu_threshold=0 cpu_threshold=0
detection_mismatch sample_index=29 flat_index=475 doppler=14 range=27 cfar_cell=boundary gpu_detection=1 cpu_detection=0 gpu_power=1.22179e-13 cpu_power=0 gpu_threshold=0 cpu_threshold=0
detection_mismatch sample_index=29 flat_index=507 doppler=15 range=27 cfar_cell=boundary gpu_detection=1 cpu_detection=0 gpu_power=2.42141e-14 cpu_power=0 gpu_threshold=0 cpu_threshold=0
sample_index=29 step=step1 cpu_ms=0.048701 gpu_ms=0.335144 relative_l2=8.98327e-07 cpu_heap_peak=2678224 cpu_rss_peak=75726848 gpu_peak=357777408 status=PASS
sample_index=29 step=step2 cpu_ms=0.289263 gpu_ms=0.677838 relative_l2=1.39991e-07 cpu_heap_peak=2682528 cpu_rss_peak=75726848 gpu_peak=357777408 status=PASS
sample_index=29 step=step3 cpu_ms=0.678269 gpu_ms=0.323664 relative_l2=3.37245e-07 cpu_heap_peak=2686688 cpu_rss_peak=75726848 gpu_peak=357777408 status=PASS
sample_index=29 step=step4 cpu_ms=0.05046 gpu_ms=0.502416 relative_l2=1.46504e-07 cpu_heap_peak=2691088 cpu_rss_peak=75726848 gpu_peak=357777408 status=PASS
sample_index=29 step=step5 cpu_ms=1.20338 gpu_ms=3.75233 relative_l2=1.2481e-07 cpu_heap_peak=2699072 cpu_rss_peak=75726848 gpu_peak=357777408 status=PASS
sample_index=29 cpu_pipeline_ms=2.27903 gpu_pipeline_ms=6.12353 cuda_event_aux_sum_ms=4.33779 relative_l2=1.04133e-06 relative_linf=2.9641e-06 detection_mismatch_count=16 valid_detection_mismatch_count=0 boundary_detection_mismatch_count=16 mse=3.58851e-10 rmse=1.89434e-05 formal_relative_l2=1.04133e-06 formal_relative_linf=2.9641e-06 semantic_gates=5/5 accuracy_status=PASS
detection_mismatch_summary sample_index=30 total=16 valid=0 boundary=16
detection_mismatch sample_index=30 flat_index=27 doppler=0 range=27 cfar_cell=boundary gpu_detection=1 cpu_detection=0 gpu_power=2.71385e-14 cpu_power=0 gpu_threshold=0 cpu_threshold=0
detection_mismatch sample_index=30 flat_index=59 doppler=1 range=27 cfar_cell=boundary gpu_detection=1 cpu_detection=0 gpu_power=3.10458e-14 cpu_power=0 gpu_threshold=0 cpu_threshold=0
detection_mismatch sample_index=30 flat_index=91 doppler=2 range=27 cfar_cell=boundary gpu_detection=1 cpu_detection=0 gpu_power=7.3567e-14 cpu_power=0 gpu_threshold=0 cpu_threshold=0
detection_mismatch sample_index=30 flat_index=123 doppler=3 range=27 cfar_cell=boundary gpu_detection=1 cpu_detection=0 gpu_power=2.90151e-12 cpu_power=0 gpu_threshold=0 cpu_threshold=0
detection_mismatch sample_index=30 flat_index=155 doppler=4 range=27 cfar_cell=boundary gpu_detection=1 cpu_detection=0 gpu_power=1.24707e-11 cpu_power=0 gpu_threshold=0 cpu_threshold=0
detection_mismatch sample_index=30 flat_index=187 doppler=5 range=27 cfar_cell=boundary gpu_detection=1 cpu_detection=0 gpu_power=2.60242e-12 cpu_power=0 gpu_threshold=0 cpu_threshold=0
detection_mismatch sample_index=30 flat_index=219 doppler=6 range=27 cfar_cell=boundary gpu_detection=1 cpu_detection=0 gpu_power=2.09604e-14 cpu_power=0 gpu_threshold=0 cpu_threshold=0
detection_mismatch sample_index=30 flat_index=251 doppler=7 range=27 cfar_cell=boundary gpu_detection=1 cpu_detection=0 gpu_power=6.18493e-14 cpu_power=0 gpu_threshold=0 cpu_threshold=0
detection_mismatch sample_index=30 flat_index=283 doppler=8 range=27 cfar_cell=boundary gpu_detection=1 cpu_detection=0 gpu_power=1.02927e-13 cpu_power=0 gpu_threshold=0 cpu_threshold=0
detection_mismatch sample_index=30 flat_index=315 doppler=9 range=27 cfar_cell=boundary gpu_detection=1 cpu_detection=0 gpu_power=4.3125e-14 cpu_power=0 gpu_threshold=0 cpu_threshold=0
detection_mismatch sample_index=30 flat_index=347 doppler=10 range=27 cfar_cell=boundary gpu_detection=1 cpu_detection=0 gpu_power=4.59391e-14 cpu_power=0 gpu_threshold=0 cpu_threshold=0
detection_mismatch sample_index=30 flat_index=379 doppler=11 range=27 cfar_cell=boundary gpu_detection=1 cpu_detection=0 gpu_power=6.91818e-15 cpu_power=0 gpu_threshold=0 cpu_threshold=0
detection_mismatch sample_index=30 flat_index=411 doppler=12 range=27 cfar_cell=boundary gpu_detection=1 cpu_detection=0 gpu_power=1.30478e-13 cpu_power=0 gpu_threshold=0 cpu_threshold=0
detection_mismatch sample_index=30 flat_index=443 doppler=13 range=27 cfar_cell=boundary gpu_detection=1 cpu_detection=0 gpu_power=1.24239e-13 cpu_power=0 gpu_threshold=0 cpu_threshold=0
detection_mismatch sample_index=30 flat_index=475 doppler=14 range=27 cfar_cell=boundary gpu_detection=1 cpu_detection=0 gpu_power=1.22179e-13 cpu_power=0 gpu_threshold=0 cpu_threshold=0
detection_mismatch sample_index=30 flat_index=507 doppler=15 range=27 cfar_cell=boundary gpu_detection=1 cpu_detection=0 gpu_power=2.42141e-14 cpu_power=0 gpu_threshold=0 cpu_threshold=0
sample_index=30 step=step1 cpu_ms=0.049231 gpu_ms=0.409725 relative_l2=8.98327e-07 cpu_heap_peak=2678896 cpu_rss_peak=75726848 gpu_peak=357777408 status=PASS
sample_index=30 step=step2 cpu_ms=0.289213 gpu_ms=0.686769 relative_l2=1.39991e-07 cpu_heap_peak=2683264 cpu_rss_peak=75726848 gpu_peak=357777408 status=PASS
sample_index=30 step=step3 cpu_ms=0.660289 gpu_ms=0.371445 relative_l2=3.37245e-07 cpu_heap_peak=2687376 cpu_rss_peak=75726848 gpu_peak=357777408 status=PASS
sample_index=30 step=step4 cpu_ms=0.05049 gpu_ms=0.495546 relative_l2=1.46504e-07 cpu_heap_peak=2691728 cpu_rss_peak=75726848 gpu_peak=357777408 status=PASS
sample_index=30 step=step5 cpu_ms=1.22045 gpu_ms=3.73233 relative_l2=1.2481e-07 cpu_heap_peak=2699712 cpu_rss_peak=75726848 gpu_peak=357777408 status=PASS
sample_index=30 cpu_pipeline_ms=2.27858 gpu_pipeline_ms=6.34825 cuda_event_aux_sum_ms=4.37307 relative_l2=1.04133e-06 relative_linf=2.9641e-06 detection_mismatch_count=16 valid_detection_mismatch_count=0 boundary_detection_mismatch_count=16 mse=3.58851e-10 rmse=1.89434e-05 formal_relative_l2=1.04133e-06 formal_relative_linf=2.9641e-06 semantic_gates=5/5 accuracy_status=PASS
detection_mismatch_summary sample_index=31 total=16 valid=0 boundary=16
detection_mismatch sample_index=31 flat_index=27 doppler=0 range=27 cfar_cell=boundary gpu_detection=1 cpu_detection=0 gpu_power=2.71385e-14 cpu_power=0 gpu_threshold=0 cpu_threshold=0
detection_mismatch sample_index=31 flat_index=59 doppler=1 range=27 cfar_cell=boundary gpu_detection=1 cpu_detection=0 gpu_power=3.10458e-14 cpu_power=0 gpu_threshold=0 cpu_threshold=0
detection_mismatch sample_index=31 flat_index=91 doppler=2 range=27 cfar_cell=boundary gpu_detection=1 cpu_detection=0 gpu_power=7.3567e-14 cpu_power=0 gpu_threshold=0 cpu_threshold=0
detection_mismatch sample_index=31 flat_index=123 doppler=3 range=27 cfar_cell=boundary gpu_detection=1 cpu_detection=0 gpu_power=2.90151e-12 cpu_power=0 gpu_threshold=0 cpu_threshold=0
detection_mismatch sample_index=31 flat_index=155 doppler=4 range=27 cfar_cell=boundary gpu_detection=1 cpu_detection=0 gpu_power=1.24707e-11 cpu_power=0 gpu_threshold=0 cpu_threshold=0
detection_mismatch sample_index=31 flat_index=187 doppler=5 range=27 cfar_cell=boundary gpu_detection=1 cpu_detection=0 gpu_power=2.60242e-12 cpu_power=0 gpu_threshold=0 cpu_threshold=0
detection_mismatch sample_index=31 flat_index=219 doppler=6 range=27 cfar_cell=boundary gpu_detection=1 cpu_detection=0 gpu_power=2.09604e-14 cpu_power=0 gpu_threshold=0 cpu_threshold=0
detection_mismatch sample_index=31 flat_index=251 doppler=7 range=27 cfar_cell=boundary gpu_detection=1 cpu_detection=0 gpu_power=6.18493e-14 cpu_power=0 gpu_threshold=0 cpu_threshold=0
detection_mismatch sample_index=31 flat_index=283 doppler=8 range=27 cfar_cell=boundary gpu_detection=1 cpu_detection=0 gpu_power=1.02927e-13 cpu_power=0 gpu_threshold=0 cpu_threshold=0
detection_mismatch sample_index=31 flat_index=315 doppler=9 range=27 cfar_cell=boundary gpu_detection=1 cpu_detection=0 gpu_power=4.3125e-14 cpu_power=0 gpu_threshold=0 cpu_threshold=0
detection_mismatch sample_index=31 flat_index=347 doppler=10 range=27 cfar_cell=boundary gpu_detection=1 cpu_detection=0 gpu_power=4.59391e-14 cpu_power=0 gpu_threshold=0 cpu_threshold=0
detection_mismatch sample_index=31 flat_index=379 doppler=11 range=27 cfar_cell=boundary gpu_detection=1 cpu_detection=0 gpu_power=6.91818e-15 cpu_power=0 gpu_threshold=0 cpu_threshold=0
detection_mismatch sample_index=31 flat_index=411 doppler=12 range=27 cfar_cell=boundary gpu_detection=1 cpu_detection=0 gpu_power=1.30478e-13 cpu_power=0 gpu_threshold=0 cpu_threshold=0
detection_mismatch sample_index=31 flat_index=443 doppler=13 range=27 cfar_cell=boundary gpu_detection=1 cpu_detection=0 gpu_power=1.24239e-13 cpu_power=0 gpu_threshold=0 cpu_threshold=0
detection_mismatch sample_index=31 flat_index=475 doppler=14 range=27 cfar_cell=boundary gpu_detection=1 cpu_detection=0 gpu_power=1.22179e-13 cpu_power=0 gpu_threshold=0 cpu_threshold=0
detection_mismatch sample_index=31 flat_index=507 doppler=15 range=27 cfar_cell=boundary gpu_detection=1 cpu_detection=0 gpu_power=2.42141e-14 cpu_power=0 gpu_threshold=0 cpu_threshold=0
sample_index=31 step=step1 cpu_ms=0.048521 gpu_ms=0.323134 relative_l2=8.98327e-07 cpu_heap_peak=2677632 cpu_rss_peak=75726848 gpu_peak=357777408 status=PASS
sample_index=31 step=step2 cpu_ms=0.289893 gpu_ms=0.709699 relative_l2=1.39991e-07 cpu_heap_peak=2682192 cpu_rss_peak=75726848 gpu_peak=357777408 status=PASS
sample_index=31 step=step3 cpu_ms=0.660398 gpu_ms=0.341494 relative_l2=3.37245e-07 cpu_heap_peak=2686384 cpu_rss_peak=75726848 gpu_peak=357777408 status=PASS
sample_index=31 step=step4 cpu_ms=0.050121 gpu_ms=0.491976 relative_l2=1.46504e-07 cpu_heap_peak=2690784 cpu_rss_peak=75726848 gpu_peak=357777408 status=PASS
sample_index=31 step=step5 cpu_ms=1.20541 gpu_ms=3.71061 relative_l2=1.2481e-07 cpu_heap_peak=2698768 cpu_rss_peak=75726848 gpu_peak=357777408 status=PASS
sample_index=31 cpu_pipeline_ms=2.26315 gpu_pipeline_ms=6.09431 cuda_event_aux_sum_ms=4.36853 relative_l2=1.04133e-06 relative_linf=2.9641e-06 detection_mismatch_count=16 valid_detection_mismatch_count=0 boundary_detection_mismatch_count=16 mse=3.58851e-10 rmse=1.89434e-05 formal_relative_l2=1.04133e-06 formal_relative_linf=2.9641e-06 semantic_gates=5/5 accuracy_status=PASS
detection_mismatch_summary sample_index=32 total=16 valid=0 boundary=16
detection_mismatch sample_index=32 flat_index=27 doppler=0 range=27 cfar_cell=boundary gpu_detection=1 cpu_detection=0 gpu_power=2.71385e-14 cpu_power=0 gpu_threshold=0 cpu_threshold=0
detection_mismatch sample_index=32 flat_index=59 doppler=1 range=27 cfar_cell=boundary gpu_detection=1 cpu_detection=0 gpu_power=3.10458e-14 cpu_power=0 gpu_threshold=0 cpu_threshold=0
detection_mismatch sample_index=32 flat_index=91 doppler=2 range=27 cfar_cell=boundary gpu_detection=1 cpu_detection=0 gpu_power=7.3567e-14 cpu_power=0 gpu_threshold=0 cpu_threshold=0
detection_mismatch sample_index=32 flat_index=123 doppler=3 range=27 cfar_cell=boundary gpu_detection=1 cpu_detection=0 gpu_power=2.90151e-12 cpu_power=0 gpu_threshold=0 cpu_threshold=0
detection_mismatch sample_index=32 flat_index=155 doppler=4 range=27 cfar_cell=boundary gpu_detection=1 cpu_detection=0 gpu_power=1.24707e-11 cpu_power=0 gpu_threshold=0 cpu_threshold=0
detection_mismatch sample_index=32 flat_index=187 doppler=5 range=27 cfar_cell=boundary gpu_detection=1 cpu_detection=0 gpu_power=2.60242e-12 cpu_power=0 gpu_threshold=0 cpu_threshold=0
detection_mismatch sample_index=32 flat_index=219 doppler=6 range=27 cfar_cell=boundary gpu_detection=1 cpu_detection=0 gpu_power=2.09604e-14 cpu_power=0 gpu_threshold=0 cpu_threshold=0
detection_mismatch sample_index=32 flat_index=251 doppler=7 range=27 cfar_cell=boundary gpu_detection=1 cpu_detection=0 gpu_power=6.18493e-14 cpu_power=0 gpu_threshold=0 cpu_threshold=0
detection_mismatch sample_index=32 flat_index=283 doppler=8 range=27 cfar_cell=boundary gpu_detection=1 cpu_detection=0 gpu_power=1.02927e-13 cpu_power=0 gpu_threshold=0 cpu_threshold=0
detection_mismatch sample_index=32 flat_index=315 doppler=9 range=27 cfar_cell=boundary gpu_detection=1 cpu_detection=0 gpu_power=4.3125e-14 cpu_power=0 gpu_threshold=0 cpu_threshold=0
detection_mismatch sample_index=32 flat_index=347 doppler=10 range=27 cfar_cell=boundary gpu_detection=1 cpu_detection=0 gpu_power=4.59391e-14 cpu_power=0 gpu_threshold=0 cpu_threshold=0
detection_mismatch sample_index=32 flat_index=379 doppler=11 range=27 cfar_cell=boundary gpu_detection=1 cpu_detection=0 gpu_power=6.91818e-15 cpu_power=0 gpu_threshold=0 cpu_threshold=0
detection_mismatch sample_index=32 flat_index=411 doppler=12 range=27 cfar_cell=boundary gpu_detection=1 cpu_detection=0 gpu_power=1.30478e-13 cpu_power=0 gpu_threshold=0 cpu_threshold=0
detection_mismatch sample_index=32 flat_index=443 doppler=13 range=27 cfar_cell=boundary gpu_detection=1 cpu_detection=0 gpu_power=1.24239e-13 cpu_power=0 gpu_threshold=0 cpu_threshold=0
detection_mismatch sample_index=32 flat_index=475 doppler=14 range=27 cfar_cell=boundary gpu_detection=1 cpu_detection=0 gpu_power=1.22179e-13 cpu_power=0 gpu_threshold=0 cpu_threshold=0
detection_mismatch sample_index=32 flat_index=507 doppler=15 range=27 cfar_cell=boundary gpu_detection=1 cpu_detection=0 gpu_power=2.42141e-14 cpu_power=0 gpu_threshold=0 cpu_threshold=0
sample_index=32 step=step1 cpu_ms=0.04893 gpu_ms=0.327304 relative_l2=8.98327e-07 cpu_heap_peak=2679024 cpu_rss_peak=75726848 gpu_peak=357777408 status=PASS
sample_index=32 step=step2 cpu_ms=0.289114 gpu_ms=0.674039 relative_l2=1.39991e-07 cpu_heap_peak=2683392 cpu_rss_peak=75726848 gpu_peak=357777408 status=PASS
sample_index=32 step=step3 cpu_ms=0.695328 gpu_ms=0.449056 relative_l2=3.37245e-07 cpu_heap_peak=2687504 cpu_rss_peak=75726848 gpu_peak=357777408 status=PASS
sample_index=32 step=step4 cpu_ms=0.050321 gpu_ms=0.524627 relative_l2=1.46504e-07 cpu_heap_peak=2691856 cpu_rss_peak=75726848 gpu_peak=357777408 status=PASS
sample_index=32 step=step5 cpu_ms=1.20256 gpu_ms=3.73861 relative_l2=1.2481e-07 cpu_heap_peak=2699840 cpu_rss_peak=75726848 gpu_peak=357777408 status=PASS
sample_index=32 cpu_pipeline_ms=2.2952 gpu_pipeline_ms=6.37618 cuda_event_aux_sum_ms=4.45595 relative_l2=1.04133e-06 relative_linf=2.9641e-06 detection_mismatch_count=16 valid_detection_mismatch_count=0 boundary_detection_mismatch_count=16 mse=3.58851e-10 rmse=1.89434e-05 formal_relative_l2=1.04133e-06 formal_relative_linf=2.9641e-06 semantic_gates=5/5 accuracy_status=PASS
detection_mismatch_summary sample_index=33 total=16 valid=0 boundary=16
detection_mismatch sample_index=33 flat_index=27 doppler=0 range=27 cfar_cell=boundary gpu_detection=1 cpu_detection=0 gpu_power=2.71385e-14 cpu_power=0 gpu_threshold=0 cpu_threshold=0
detection_mismatch sample_index=33 flat_index=59 doppler=1 range=27 cfar_cell=boundary gpu_detection=1 cpu_detection=0 gpu_power=3.10458e-14 cpu_power=0 gpu_threshold=0 cpu_threshold=0
detection_mismatch sample_index=33 flat_index=91 doppler=2 range=27 cfar_cell=boundary gpu_detection=1 cpu_detection=0 gpu_power=7.3567e-14 cpu_power=0 gpu_threshold=0 cpu_threshold=0
detection_mismatch sample_index=33 flat_index=123 doppler=3 range=27 cfar_cell=boundary gpu_detection=1 cpu_detection=0 gpu_power=2.90151e-12 cpu_power=0 gpu_threshold=0 cpu_threshold=0
detection_mismatch sample_index=33 flat_index=155 doppler=4 range=27 cfar_cell=boundary gpu_detection=1 cpu_detection=0 gpu_power=1.24707e-11 cpu_power=0 gpu_threshold=0 cpu_threshold=0
detection_mismatch sample_index=33 flat_index=187 doppler=5 range=27 cfar_cell=boundary gpu_detection=1 cpu_detection=0 gpu_power=2.60242e-12 cpu_power=0 gpu_threshold=0 cpu_threshold=0
detection_mismatch sample_index=33 flat_index=219 doppler=6 range=27 cfar_cell=boundary gpu_detection=1 cpu_detection=0 gpu_power=2.09604e-14 cpu_power=0 gpu_threshold=0 cpu_threshold=0
detection_mismatch sample_index=33 flat_index=251 doppler=7 range=27 cfar_cell=boundary gpu_detection=1 cpu_detection=0 gpu_power=6.18493e-14 cpu_power=0 gpu_threshold=0 cpu_threshold=0
detection_mismatch sample_index=33 flat_index=283 doppler=8 range=27 cfar_cell=boundary gpu_detection=1 cpu_detection=0 gpu_power=1.02927e-13 cpu_power=0 gpu_threshold=0 cpu_threshold=0
detection_mismatch sample_index=33 flat_index=315 doppler=9 range=27 cfar_cell=boundary gpu_detection=1 cpu_detection=0 gpu_power=4.3125e-14 cpu_power=0 gpu_threshold=0 cpu_threshold=0
detection_mismatch sample_index=33 flat_index=347 doppler=10 range=27 cfar_cell=boundary gpu_detection=1 cpu_detection=0 gpu_power=4.59391e-14 cpu_power=0 gpu_threshold=0 cpu_threshold=0
detection_mismatch sample_index=33 flat_index=379 doppler=11 range=27 cfar_cell=boundary gpu_detection=1 cpu_detection=0 gpu_power=6.91818e-15 cpu_power=0 gpu_threshold=0 cpu_threshold=0
detection_mismatch sample_index=33 flat_index=411 doppler=12 range=27 cfar_cell=boundary gpu_detection=1 cpu_detection=0 gpu_power=1.30478e-13 cpu_power=0 gpu_threshold=0 cpu_threshold=0
detection_mismatch sample_index=33 flat_index=443 doppler=13 range=27 cfar_cell=boundary gpu_detection=1 cpu_detection=0 gpu_power=1.24239e-13 cpu_power=0 gpu_threshold=0 cpu_threshold=0
detection_mismatch sample_index=33 flat_index=475 doppler=14 range=27 cfar_cell=boundary gpu_detection=1 cpu_detection=0 gpu_power=1.22179e-13 cpu_power=0 gpu_threshold=0 cpu_threshold=0
detection_mismatch sample_index=33 flat_index=507 doppler=15 range=27 cfar_cell=boundary gpu_detection=1 cpu_detection=0 gpu_power=2.42141e-14 cpu_power=0 gpu_threshold=0 cpu_threshold=0
sample_index=33 step=step1 cpu_ms=0.0487 gpu_ms=0.323784 relative_l2=8.98327e-07 cpu_heap_peak=2697552 cpu_rss_peak=75726848 gpu_peak=357777408 status=PASS
sample_index=33 step=step2 cpu_ms=0.289334 gpu_ms=0.666779 relative_l2=1.39991e-07 cpu_heap_peak=2701920 cpu_rss_peak=75726848 gpu_peak=357777408 status=PASS
sample_index=33 step=step3 cpu_ms=0.661048 gpu_ms=0.360414 relative_l2=3.37245e-07 cpu_heap_peak=2706032 cpu_rss_peak=75726848 gpu_peak=357777408 status=PASS
sample_index=33 step=step4 cpu_ms=0.050111 gpu_ms=0.497646 relative_l2=1.46504e-07 cpu_heap_peak=2710400 cpu_rss_peak=75726848 gpu_peak=357777408 status=PASS
sample_index=33 step=step5 cpu_ms=1.21405 gpu_ms=3.69298 relative_l2=1.2481e-07 cpu_heap_peak=2718384 cpu_rss_peak=75726848 gpu_peak=357777408 status=PASS
sample_index=33 cpu_pipeline_ms=2.27201 gpu_pipeline_ms=6.07166 cuda_event_aux_sum_ms=4.32078 relative_l2=1.04133e-06 relative_linf=2.9641e-06 detection_mismatch_count=16 valid_detection_mismatch_count=0 boundary_detection_mismatch_count=16 mse=3.58851e-10 rmse=1.89434e-05 formal_relative_l2=1.04133e-06 formal_relative_linf=2.9641e-06 semantic_gates=5/5 accuracy_status=PASS
detection_mismatch_summary sample_index=34 total=16 valid=0 boundary=16
detection_mismatch sample_index=34 flat_index=27 doppler=0 range=27 cfar_cell=boundary gpu_detection=1 cpu_detection=0 gpu_power=2.71385e-14 cpu_power=0 gpu_threshold=0 cpu_threshold=0
detection_mismatch sample_index=34 flat_index=59 doppler=1 range=27 cfar_cell=boundary gpu_detection=1 cpu_detection=0 gpu_power=3.10458e-14 cpu_power=0 gpu_threshold=0 cpu_threshold=0
detection_mismatch sample_index=34 flat_index=91 doppler=2 range=27 cfar_cell=boundary gpu_detection=1 cpu_detection=0 gpu_power=7.3567e-14 cpu_power=0 gpu_threshold=0 cpu_threshold=0
detection_mismatch sample_index=34 flat_index=123 doppler=3 range=27 cfar_cell=boundary gpu_detection=1 cpu_detection=0 gpu_power=2.90151e-12 cpu_power=0 gpu_threshold=0 cpu_threshold=0
detection_mismatch sample_index=34 flat_index=155 doppler=4 range=27 cfar_cell=boundary gpu_detection=1 cpu_detection=0 gpu_power=1.24707e-11 cpu_power=0 gpu_threshold=0 cpu_threshold=0
detection_mismatch sample_index=34 flat_index=187 doppler=5 range=27 cfar_cell=boundary gpu_detection=1 cpu_detection=0 gpu_power=2.60242e-12 cpu_power=0 gpu_threshold=0 cpu_threshold=0
detection_mismatch sample_index=34 flat_index=219 doppler=6 range=27 cfar_cell=boundary gpu_detection=1 cpu_detection=0 gpu_power=2.09604e-14 cpu_power=0 gpu_threshold=0 cpu_threshold=0
detection_mismatch sample_index=34 flat_index=251 doppler=7 range=27 cfar_cell=boundary gpu_detection=1 cpu_detection=0 gpu_power=6.18493e-14 cpu_power=0 gpu_threshold=0 cpu_threshold=0
detection_mismatch sample_index=34 flat_index=283 doppler=8 range=27 cfar_cell=boundary gpu_detection=1 cpu_detection=0 gpu_power=1.02927e-13 cpu_power=0 gpu_threshold=0 cpu_threshold=0
detection_mismatch sample_index=34 flat_index=315 doppler=9 range=27 cfar_cell=boundary gpu_detection=1 cpu_detection=0 gpu_power=4.3125e-14 cpu_power=0 gpu_threshold=0 cpu_threshold=0
detection_mismatch sample_index=34 flat_index=347 doppler=10 range=27 cfar_cell=boundary gpu_detection=1 cpu_detection=0 gpu_power=4.59391e-14 cpu_power=0 gpu_threshold=0 cpu_threshold=0
detection_mismatch sample_index=34 flat_index=379 doppler=11 range=27 cfar_cell=boundary gpu_detection=1 cpu_detection=0 gpu_power=6.91818e-15 cpu_power=0 gpu_threshold=0 cpu_threshold=0
detection_mismatch sample_index=34 flat_index=411 doppler=12 range=27 cfar_cell=boundary gpu_detection=1 cpu_detection=0 gpu_power=1.30478e-13 cpu_power=0 gpu_threshold=0 cpu_threshold=0
detection_mismatch sample_index=34 flat_index=443 doppler=13 range=27 cfar_cell=boundary gpu_detection=1 cpu_detection=0 gpu_power=1.24239e-13 cpu_power=0 gpu_threshold=0 cpu_threshold=0
detection_mismatch sample_index=34 flat_index=475 doppler=14 range=27 cfar_cell=boundary gpu_detection=1 cpu_detection=0 gpu_power=1.22179e-13 cpu_power=0 gpu_threshold=0 cpu_threshold=0
detection_mismatch sample_index=34 flat_index=507 doppler=15 range=27 cfar_cell=boundary gpu_detection=1 cpu_detection=0 gpu_power=2.42141e-14 cpu_power=0 gpu_threshold=0 cpu_threshold=0
sample_index=34 step=step1 cpu_ms=0.048501 gpu_ms=0.351354 relative_l2=8.98327e-07 cpu_heap_peak=2697824 cpu_rss_peak=75726848 gpu_peak=357777408 status=PASS
sample_index=34 step=step2 cpu_ms=0.288893 gpu_ms=0.727389 relative_l2=1.39991e-07 cpu_heap_peak=2702192 cpu_rss_peak=75726848 gpu_peak=357777408 status=PASS
sample_index=34 step=step3 cpu_ms=0.659569 gpu_ms=0.358054 relative_l2=3.37245e-07 cpu_heap_peak=2706304 cpu_rss_peak=75726848 gpu_peak=357777408 status=PASS
sample_index=34 step=step4 cpu_ms=0.05064 gpu_ms=0.505186 relative_l2=1.46504e-07 cpu_heap_peak=2710672 cpu_rss_peak=75726848 gpu_peak=357777408 status=PASS
sample_index=34 step=step5 cpu_ms=1.20152 gpu_ms=3.77088 relative_l2=1.2481e-07 cpu_heap_peak=2718656 cpu_rss_peak=75726848 gpu_peak=357777408 status=PASS
sample_index=34 cpu_pipeline_ms=2.25849 gpu_pipeline_ms=6.24664 cuda_event_aux_sum_ms=4.42799 relative_l2=1.04133e-06 relative_linf=2.9641e-06 detection_mismatch_count=16 valid_detection_mismatch_count=0 boundary_detection_mismatch_count=16 mse=3.58851e-10 rmse=1.89434e-05 formal_relative_l2=1.04133e-06 formal_relative_linf=2.9641e-06 semantic_gates=5/5 accuracy_status=PASS
detection_mismatch_summary sample_index=35 total=16 valid=0 boundary=16
detection_mismatch sample_index=35 flat_index=27 doppler=0 range=27 cfar_cell=boundary gpu_detection=1 cpu_detection=0 gpu_power=2.71385e-14 cpu_power=0 gpu_threshold=0 cpu_threshold=0
detection_mismatch sample_index=35 flat_index=59 doppler=1 range=27 cfar_cell=boundary gpu_detection=1 cpu_detection=0 gpu_power=3.10458e-14 cpu_power=0 gpu_threshold=0 cpu_threshold=0
detection_mismatch sample_index=35 flat_index=91 doppler=2 range=27 cfar_cell=boundary gpu_detection=1 cpu_detection=0 gpu_power=7.3567e-14 cpu_power=0 gpu_threshold=0 cpu_threshold=0
detection_mismatch sample_index=35 flat_index=123 doppler=3 range=27 cfar_cell=boundary gpu_detection=1 cpu_detection=0 gpu_power=2.90151e-12 cpu_power=0 gpu_threshold=0 cpu_threshold=0
detection_mismatch sample_index=35 flat_index=155 doppler=4 range=27 cfar_cell=boundary gpu_detection=1 cpu_detection=0 gpu_power=1.24707e-11 cpu_power=0 gpu_threshold=0 cpu_threshold=0
detection_mismatch sample_index=35 flat_index=187 doppler=5 range=27 cfar_cell=boundary gpu_detection=1 cpu_detection=0 gpu_power=2.60242e-12 cpu_power=0 gpu_threshold=0 cpu_threshold=0
detection_mismatch sample_index=35 flat_index=219 doppler=6 range=27 cfar_cell=boundary gpu_detection=1 cpu_detection=0 gpu_power=2.09604e-14 cpu_power=0 gpu_threshold=0 cpu_threshold=0
detection_mismatch sample_index=35 flat_index=251 doppler=7 range=27 cfar_cell=boundary gpu_detection=1 cpu_detection=0 gpu_power=6.18493e-14 cpu_power=0 gpu_threshold=0 cpu_threshold=0
detection_mismatch sample_index=35 flat_index=283 doppler=8 range=27 cfar_cell=boundary gpu_detection=1 cpu_detection=0 gpu_power=1.02927e-13 cpu_power=0 gpu_threshold=0 cpu_threshold=0
detection_mismatch sample_index=35 flat_index=315 doppler=9 range=27 cfar_cell=boundary gpu_detection=1 cpu_detection=0 gpu_power=4.3125e-14 cpu_power=0 gpu_threshold=0 cpu_threshold=0
detection_mismatch sample_index=35 flat_index=347 doppler=10 range=27 cfar_cell=boundary gpu_detection=1 cpu_detection=0 gpu_power=4.59391e-14 cpu_power=0 gpu_threshold=0 cpu_threshold=0
detection_mismatch sample_index=35 flat_index=379 doppler=11 range=27 cfar_cell=boundary gpu_detection=1 cpu_detection=0 gpu_power=6.91818e-15 cpu_power=0 gpu_threshold=0 cpu_threshold=0
detection_mismatch sample_index=35 flat_index=411 doppler=12 range=27 cfar_cell=boundary gpu_detection=1 cpu_detection=0 gpu_power=1.30478e-13 cpu_power=0 gpu_threshold=0 cpu_threshold=0
detection_mismatch sample_index=35 flat_index=443 doppler=13 range=27 cfar_cell=boundary gpu_detection=1 cpu_detection=0 gpu_power=1.24239e-13 cpu_power=0 gpu_threshold=0 cpu_threshold=0
detection_mismatch sample_index=35 flat_index=475 doppler=14 range=27 cfar_cell=boundary gpu_detection=1 cpu_detection=0 gpu_power=1.22179e-13 cpu_power=0 gpu_threshold=0 cpu_threshold=0
detection_mismatch sample_index=35 flat_index=507 doppler=15 range=27 cfar_cell=boundary gpu_detection=1 cpu_detection=0 gpu_power=2.42141e-14 cpu_power=0 gpu_threshold=0 cpu_threshold=0
sample_index=35 step=step1 cpu_ms=0.04857 gpu_ms=0.325534 relative_l2=8.98327e-07 cpu_heap_peak=2698816 cpu_rss_peak=75907072 gpu_peak=357777408 status=PASS
sample_index=35 step=step2 cpu_ms=0.289144 gpu_ms=0.658058 relative_l2=1.39991e-07 cpu_heap_peak=2703184 cpu_rss_peak=75907072 gpu_peak=357777408 status=PASS
sample_index=35 step=step3 cpu_ms=0.659688 gpu_ms=0.359114 relative_l2=3.37245e-07 cpu_heap_peak=2707296 cpu_rss_peak=75907072 gpu_peak=357777408 status=PASS
sample_index=35 step=step4 cpu_ms=0.050511 gpu_ms=0.509327 relative_l2=1.46504e-07 cpu_heap_peak=2711680 cpu_rss_peak=75907072 gpu_peak=357777408 status=PASS
sample_index=35 step=step5 cpu_ms=1.20348 gpu_ms=4.0746 relative_l2=1.2481e-07 cpu_heap_peak=2719632 cpu_rss_peak=75907072 gpu_peak=357777408 status=PASS
sample_index=35 cpu_pipeline_ms=2.2602 gpu_pipeline_ms=6.46554 cuda_event_aux_sum_ms=4.67528 relative_l2=1.04133e-06 relative_linf=2.9641e-06 detection_mismatch_count=16 valid_detection_mismatch_count=0 boundary_detection_mismatch_count=16 mse=3.58851e-10 rmse=1.89434e-05 formal_relative_l2=1.04133e-06 formal_relative_linf=2.9641e-06 semantic_gates=5/5 accuracy_status=PASS
detection_mismatch_summary sample_index=36 total=16 valid=0 boundary=16
detection_mismatch sample_index=36 flat_index=27 doppler=0 range=27 cfar_cell=boundary gpu_detection=1 cpu_detection=0 gpu_power=2.71385e-14 cpu_power=0 gpu_threshold=0 cpu_threshold=0
detection_mismatch sample_index=36 flat_index=59 doppler=1 range=27 cfar_cell=boundary gpu_detection=1 cpu_detection=0 gpu_power=3.10458e-14 cpu_power=0 gpu_threshold=0 cpu_threshold=0
detection_mismatch sample_index=36 flat_index=91 doppler=2 range=27 cfar_cell=boundary gpu_detection=1 cpu_detection=0 gpu_power=7.3567e-14 cpu_power=0 gpu_threshold=0 cpu_threshold=0
detection_mismatch sample_index=36 flat_index=123 doppler=3 range=27 cfar_cell=boundary gpu_detection=1 cpu_detection=0 gpu_power=2.90151e-12 cpu_power=0 gpu_threshold=0 cpu_threshold=0
detection_mismatch sample_index=36 flat_index=155 doppler=4 range=27 cfar_cell=boundary gpu_detection=1 cpu_detection=0 gpu_power=1.24707e-11 cpu_power=0 gpu_threshold=0 cpu_threshold=0
detection_mismatch sample_index=36 flat_index=187 doppler=5 range=27 cfar_cell=boundary gpu_detection=1 cpu_detection=0 gpu_power=2.60242e-12 cpu_power=0 gpu_threshold=0 cpu_threshold=0
detection_mismatch sample_index=36 flat_index=219 doppler=6 range=27 cfar_cell=boundary gpu_detection=1 cpu_detection=0 gpu_power=2.09604e-14 cpu_power=0 gpu_threshold=0 cpu_threshold=0
detection_mismatch sample_index=36 flat_index=251 doppler=7 range=27 cfar_cell=boundary gpu_detection=1 cpu_detection=0 gpu_power=6.18493e-14 cpu_power=0 gpu_threshold=0 cpu_threshold=0
detection_mismatch sample_index=36 flat_index=283 doppler=8 range=27 cfar_cell=boundary gpu_detection=1 cpu_detection=0 gpu_power=1.02927e-13 cpu_power=0 gpu_threshold=0 cpu_threshold=0
detection_mismatch sample_index=36 flat_index=315 doppler=9 range=27 cfar_cell=boundary gpu_detection=1 cpu_detection=0 gpu_power=4.3125e-14 cpu_power=0 gpu_threshold=0 cpu_threshold=0
detection_mismatch sample_index=36 flat_index=347 doppler=10 range=27 cfar_cell=boundary gpu_detection=1 cpu_detection=0 gpu_power=4.59391e-14 cpu_power=0 gpu_threshold=0 cpu_threshold=0
detection_mismatch sample_index=36 flat_index=379 doppler=11 range=27 cfar_cell=boundary gpu_detection=1 cpu_detection=0 gpu_power=6.91818e-15 cpu_power=0 gpu_threshold=0 cpu_threshold=0
detection_mismatch sample_index=36 flat_index=411 doppler=12 range=27 cfar_cell=boundary gpu_detection=1 cpu_detection=0 gpu_power=1.30478e-13 cpu_power=0 gpu_threshold=0 cpu_threshold=0
detection_mismatch sample_index=36 flat_index=443 doppler=13 range=27 cfar_cell=boundary gpu_detection=1 cpu_detection=0 gpu_power=1.24239e-13 cpu_power=0 gpu_threshold=0 cpu_threshold=0
detection_mismatch sample_index=36 flat_index=475 doppler=14 range=27 cfar_cell=boundary gpu_detection=1 cpu_detection=0 gpu_power=1.22179e-13 cpu_power=0 gpu_threshold=0 cpu_threshold=0
detection_mismatch sample_index=36 flat_index=507 doppler=15 range=27 cfar_cell=boundary gpu_detection=1 cpu_detection=0 gpu_power=2.42141e-14 cpu_power=0 gpu_threshold=0 cpu_threshold=0
sample_index=36 step=step1 cpu_ms=0.048571 gpu_ms=0.331374 relative_l2=8.98327e-07 cpu_heap_peak=2698240 cpu_rss_peak=75907072 gpu_peak=357777408 status=PASS
sample_index=36 step=step2 cpu_ms=0.288534 gpu_ms=0.678409 relative_l2=1.39991e-07 cpu_heap_peak=2702752 cpu_rss_peak=75907072 gpu_peak=357777408 status=PASS
sample_index=36 step=step3 cpu_ms=0.676798 gpu_ms=0.347614 relative_l2=3.37245e-07 cpu_heap_peak=2706864 cpu_rss_peak=75907072 gpu_peak=357777408 status=PASS
sample_index=36 step=step4 cpu_ms=0.050391 gpu_ms=0.507786 relative_l2=1.46504e-07 cpu_heap_peak=2711152 cpu_rss_peak=75907072 gpu_peak=357777408 status=PASS
sample_index=36 step=step5 cpu_ms=1.20382 gpu_ms=3.7454 relative_l2=1.2481e-07 cpu_heap_peak=2719232 cpu_rss_peak=75907072 gpu_peak=357777408 status=PASS
sample_index=36 cpu_pipeline_ms=2.27688 gpu_pipeline_ms=6.15365 cuda_event_aux_sum_ms=4.35414 relative_l2=1.04133e-06 relative_linf=2.9641e-06 detection_mismatch_count=16 valid_detection_mismatch_count=0 boundary_detection_mismatch_count=16 mse=3.58851e-10 rmse=1.89434e-05 formal_relative_l2=1.04133e-06 formal_relative_linf=2.9641e-06 semantic_gates=5/5 accuracy_status=PASS
detection_mismatch_summary sample_index=37 total=16 valid=0 boundary=16
detection_mismatch sample_index=37 flat_index=27 doppler=0 range=27 cfar_cell=boundary gpu_detection=1 cpu_detection=0 gpu_power=2.71385e-14 cpu_power=0 gpu_threshold=0 cpu_threshold=0
detection_mismatch sample_index=37 flat_index=59 doppler=1 range=27 cfar_cell=boundary gpu_detection=1 cpu_detection=0 gpu_power=3.10458e-14 cpu_power=0 gpu_threshold=0 cpu_threshold=0
detection_mismatch sample_index=37 flat_index=91 doppler=2 range=27 cfar_cell=boundary gpu_detection=1 cpu_detection=0 gpu_power=7.3567e-14 cpu_power=0 gpu_threshold=0 cpu_threshold=0
detection_mismatch sample_index=37 flat_index=123 doppler=3 range=27 cfar_cell=boundary gpu_detection=1 cpu_detection=0 gpu_power=2.90151e-12 cpu_power=0 gpu_threshold=0 cpu_threshold=0
detection_mismatch sample_index=37 flat_index=155 doppler=4 range=27 cfar_cell=boundary gpu_detection=1 cpu_detection=0 gpu_power=1.24707e-11 cpu_power=0 gpu_threshold=0 cpu_threshold=0
detection_mismatch sample_index=37 flat_index=187 doppler=5 range=27 cfar_cell=boundary gpu_detection=1 cpu_detection=0 gpu_power=2.60242e-12 cpu_power=0 gpu_threshold=0 cpu_threshold=0
detection_mismatch sample_index=37 flat_index=219 doppler=6 range=27 cfar_cell=boundary gpu_detection=1 cpu_detection=0 gpu_power=2.09604e-14 cpu_power=0 gpu_threshold=0 cpu_threshold=0
detection_mismatch sample_index=37 flat_index=251 doppler=7 range=27 cfar_cell=boundary gpu_detection=1 cpu_detection=0 gpu_power=6.18493e-14 cpu_power=0 gpu_threshold=0 cpu_threshold=0
detection_mismatch sample_index=37 flat_index=283 doppler=8 range=27 cfar_cell=boundary gpu_detection=1 cpu_detection=0 gpu_power=1.02927e-13 cpu_power=0 gpu_threshold=0 cpu_threshold=0
detection_mismatch sample_index=37 flat_index=315 doppler=9 range=27 cfar_cell=boundary gpu_detection=1 cpu_detection=0 gpu_power=4.3125e-14 cpu_power=0 gpu_threshold=0 cpu_threshold=0
detection_mismatch sample_index=37 flat_index=347 doppler=10 range=27 cfar_cell=boundary gpu_detection=1 cpu_detection=0 gpu_power=4.59391e-14 cpu_power=0 gpu_threshold=0 cpu_threshold=0
detection_mismatch sample_index=37 flat_index=379 doppler=11 range=27 cfar_cell=boundary gpu_detection=1 cpu_detection=0 gpu_power=6.91818e-15 cpu_power=0 gpu_threshold=0 cpu_threshold=0
detection_mismatch sample_index=37 flat_index=411 doppler=12 range=27 cfar_cell=boundary gpu_detection=1 cpu_detection=0 gpu_power=1.30478e-13 cpu_power=0 gpu_threshold=0 cpu_threshold=0
detection_mismatch sample_index=37 flat_index=443 doppler=13 range=27 cfar_cell=boundary gpu_detection=1 cpu_detection=0 gpu_power=1.24239e-13 cpu_power=0 gpu_threshold=0 cpu_threshold=0
detection_mismatch sample_index=37 flat_index=475 doppler=14 range=27 cfar_cell=boundary gpu_detection=1 cpu_detection=0 gpu_power=1.22179e-13 cpu_power=0 gpu_threshold=0 cpu_threshold=0
detection_mismatch sample_index=37 flat_index=507 doppler=15 range=27 cfar_cell=boundary gpu_detection=1 cpu_detection=0 gpu_power=2.42141e-14 cpu_power=0 gpu_threshold=0 cpu_threshold=0
sample_index=37 step=step1 cpu_ms=0.048731 gpu_ms=0.329754 relative_l2=8.98327e-07 cpu_heap_peak=2697616 cpu_rss_peak=75907072 gpu_peak=357777408 status=PASS
sample_index=37 step=step2 cpu_ms=0.288703 gpu_ms=0.665238 relative_l2=1.39991e-07 cpu_heap_peak=2702272 cpu_rss_peak=75907072 gpu_peak=357777408 status=PASS
sample_index=37 step=step3 cpu_ms=0.660228 gpu_ms=0.347465 relative_l2=3.37245e-07 cpu_heap_peak=2706384 cpu_rss_peak=75907072 gpu_peak=357777408 status=PASS
sample_index=37 step=step4 cpu_ms=0.050981 gpu_ms=0.517336 relative_l2=1.46504e-07 cpu_heap_peak=2710768 cpu_rss_peak=75907072 gpu_peak=357777408 status=PASS
sample_index=37 step=step5 cpu_ms=1.22389 gpu_ms=3.74095 relative_l2=1.2481e-07 cpu_heap_peak=2718720 cpu_rss_peak=75907072 gpu_peak=357777408 status=PASS
sample_index=37 cpu_pipeline_ms=2.28192 gpu_pipeline_ms=6.13424 cuda_event_aux_sum_ms=4.36795 relative_l2=1.04133e-06 relative_linf=2.9641e-06 detection_mismatch_count=16 valid_detection_mismatch_count=0 boundary_detection_mismatch_count=16 mse=3.58851e-10 rmse=1.89434e-05 formal_relative_l2=1.04133e-06 formal_relative_linf=2.9641e-06 semantic_gates=5/5 accuracy_status=PASS
detection_mismatch_summary sample_index=38 total=16 valid=0 boundary=16
detection_mismatch sample_index=38 flat_index=27 doppler=0 range=27 cfar_cell=boundary gpu_detection=1 cpu_detection=0 gpu_power=2.71385e-14 cpu_power=0 gpu_threshold=0 cpu_threshold=0
detection_mismatch sample_index=38 flat_index=59 doppler=1 range=27 cfar_cell=boundary gpu_detection=1 cpu_detection=0 gpu_power=3.10458e-14 cpu_power=0 gpu_threshold=0 cpu_threshold=0
detection_mismatch sample_index=38 flat_index=91 doppler=2 range=27 cfar_cell=boundary gpu_detection=1 cpu_detection=0 gpu_power=7.3567e-14 cpu_power=0 gpu_threshold=0 cpu_threshold=0
detection_mismatch sample_index=38 flat_index=123 doppler=3 range=27 cfar_cell=boundary gpu_detection=1 cpu_detection=0 gpu_power=2.90151e-12 cpu_power=0 gpu_threshold=0 cpu_threshold=0
detection_mismatch sample_index=38 flat_index=155 doppler=4 range=27 cfar_cell=boundary gpu_detection=1 cpu_detection=0 gpu_power=1.24707e-11 cpu_power=0 gpu_threshold=0 cpu_threshold=0
detection_mismatch sample_index=38 flat_index=187 doppler=5 range=27 cfar_cell=boundary gpu_detection=1 cpu_detection=0 gpu_power=2.60242e-12 cpu_power=0 gpu_threshold=0 cpu_threshold=0
detection_mismatch sample_index=38 flat_index=219 doppler=6 range=27 cfar_cell=boundary gpu_detection=1 cpu_detection=0 gpu_power=2.09604e-14 cpu_power=0 gpu_threshold=0 cpu_threshold=0
detection_mismatch sample_index=38 flat_index=251 doppler=7 range=27 cfar_cell=boundary gpu_detection=1 cpu_detection=0 gpu_power=6.18493e-14 cpu_power=0 gpu_threshold=0 cpu_threshold=0
detection_mismatch sample_index=38 flat_index=283 doppler=8 range=27 cfar_cell=boundary gpu_detection=1 cpu_detection=0 gpu_power=1.02927e-13 cpu_power=0 gpu_threshold=0 cpu_threshold=0
detection_mismatch sample_index=38 flat_index=315 doppler=9 range=27 cfar_cell=boundary gpu_detection=1 cpu_detection=0 gpu_power=4.3125e-14 cpu_power=0 gpu_threshold=0 cpu_threshold=0
detection_mismatch sample_index=38 flat_index=347 doppler=10 range=27 cfar_cell=boundary gpu_detection=1 cpu_detection=0 gpu_power=4.59391e-14 cpu_power=0 gpu_threshold=0 cpu_threshold=0
detection_mismatch sample_index=38 flat_index=379 doppler=11 range=27 cfar_cell=boundary gpu_detection=1 cpu_detection=0 gpu_power=6.91818e-15 cpu_power=0 gpu_threshold=0 cpu_threshold=0
detection_mismatch sample_index=38 flat_index=411 doppler=12 range=27 cfar_cell=boundary gpu_detection=1 cpu_detection=0 gpu_power=1.30478e-13 cpu_power=0 gpu_threshold=0 cpu_threshold=0
detection_mismatch sample_index=38 flat_index=443 doppler=13 range=27 cfar_cell=boundary gpu_detection=1 cpu_detection=0 gpu_power=1.24239e-13 cpu_power=0 gpu_threshold=0 cpu_threshold=0
detection_mismatch sample_index=38 flat_index=475 doppler=14 range=27 cfar_cell=boundary gpu_detection=1 cpu_detection=0 gpu_power=1.22179e-13 cpu_power=0 gpu_threshold=0 cpu_threshold=0
detection_mismatch sample_index=38 flat_index=507 doppler=15 range=27 cfar_cell=boundary gpu_detection=1 cpu_detection=0 gpu_power=2.42141e-14 cpu_power=0 gpu_threshold=0 cpu_threshold=0
sample_index=38 step=step1 cpu_ms=0.04876 gpu_ms=0.362545 relative_l2=8.98327e-07 cpu_heap_peak=2698608 cpu_rss_peak=75907072 gpu_peak=357777408 status=PASS
sample_index=38 step=step2 cpu_ms=0.288964 gpu_ms=0.690038 relative_l2=1.39991e-07 cpu_heap_peak=2703264 cpu_rss_peak=75907072 gpu_peak=357777408 status=PASS
sample_index=38 step=step3 cpu_ms=0.658848 gpu_ms=0.346884 relative_l2=3.37245e-07 cpu_heap_peak=2707376 cpu_rss_peak=75907072 gpu_peak=357777408 status=PASS
sample_index=38 step=step4 cpu_ms=0.050871 gpu_ms=0.501256 relative_l2=1.46504e-07 cpu_heap_peak=2711760 cpu_rss_peak=75907072 gpu_peak=357777408 status=PASS
sample_index=38 step=step5 cpu_ms=1.20393 gpu_ms=3.74362 relative_l2=1.2481e-07 cpu_heap_peak=2719712 cpu_rss_peak=75907072 gpu_peak=357777408 status=PASS
sample_index=38 cpu_pipeline_ms=2.26036 gpu_pipeline_ms=6.28376 cuda_event_aux_sum_ms=4.36835 relative_l2=1.04133e-06 relative_linf=2.9641e-06 detection_mismatch_count=16 valid_detection_mismatch_count=0 boundary_detection_mismatch_count=16 mse=3.58851e-10 rmse=1.89434e-05 formal_relative_l2=1.04133e-06 formal_relative_linf=2.9641e-06 semantic_gates=5/5 accuracy_status=PASS
detection_mismatch_summary sample_index=39 total=16 valid=0 boundary=16
detection_mismatch sample_index=39 flat_index=27 doppler=0 range=27 cfar_cell=boundary gpu_detection=1 cpu_detection=0 gpu_power=2.71385e-14 cpu_power=0 gpu_threshold=0 cpu_threshold=0
detection_mismatch sample_index=39 flat_index=59 doppler=1 range=27 cfar_cell=boundary gpu_detection=1 cpu_detection=0 gpu_power=3.10458e-14 cpu_power=0 gpu_threshold=0 cpu_threshold=0
detection_mismatch sample_index=39 flat_index=91 doppler=2 range=27 cfar_cell=boundary gpu_detection=1 cpu_detection=0 gpu_power=7.3567e-14 cpu_power=0 gpu_threshold=0 cpu_threshold=0
detection_mismatch sample_index=39 flat_index=123 doppler=3 range=27 cfar_cell=boundary gpu_detection=1 cpu_detection=0 gpu_power=2.90151e-12 cpu_power=0 gpu_threshold=0 cpu_threshold=0
detection_mismatch sample_index=39 flat_index=155 doppler=4 range=27 cfar_cell=boundary gpu_detection=1 cpu_detection=0 gpu_power=1.24707e-11 cpu_power=0 gpu_threshold=0 cpu_threshold=0
detection_mismatch sample_index=39 flat_index=187 doppler=5 range=27 cfar_cell=boundary gpu_detection=1 cpu_detection=0 gpu_power=2.60242e-12 cpu_power=0 gpu_threshold=0 cpu_threshold=0
detection_mismatch sample_index=39 flat_index=219 doppler=6 range=27 cfar_cell=boundary gpu_detection=1 cpu_detection=0 gpu_power=2.09604e-14 cpu_power=0 gpu_threshold=0 cpu_threshold=0
detection_mismatch sample_index=39 flat_index=251 doppler=7 range=27 cfar_cell=boundary gpu_detection=1 cpu_detection=0 gpu_power=6.18493e-14 cpu_power=0 gpu_threshold=0 cpu_threshold=0
detection_mismatch sample_index=39 flat_index=283 doppler=8 range=27 cfar_cell=boundary gpu_detection=1 cpu_detection=0 gpu_power=1.02927e-13 cpu_power=0 gpu_threshold=0 cpu_threshold=0
detection_mismatch sample_index=39 flat_index=315 doppler=9 range=27 cfar_cell=boundary gpu_detection=1 cpu_detection=0 gpu_power=4.3125e-14 cpu_power=0 gpu_threshold=0 cpu_threshold=0
detection_mismatch sample_index=39 flat_index=347 doppler=10 range=27 cfar_cell=boundary gpu_detection=1 cpu_detection=0 gpu_power=4.59391e-14 cpu_power=0 gpu_threshold=0 cpu_threshold=0
detection_mismatch sample_index=39 flat_index=379 doppler=11 range=27 cfar_cell=boundary gpu_detection=1 cpu_detection=0 gpu_power=6.91818e-15 cpu_power=0 gpu_threshold=0 cpu_threshold=0
detection_mismatch sample_index=39 flat_index=411 doppler=12 range=27 cfar_cell=boundary gpu_detection=1 cpu_detection=0 gpu_power=1.30478e-13 cpu_power=0 gpu_threshold=0 cpu_threshold=0
detection_mismatch sample_index=39 flat_index=443 doppler=13 range=27 cfar_cell=boundary gpu_detection=1 cpu_detection=0 gpu_power=1.24239e-13 cpu_power=0 gpu_threshold=0 cpu_threshold=0
detection_mismatch sample_index=39 flat_index=475 doppler=14 range=27 cfar_cell=boundary gpu_detection=1 cpu_detection=0 gpu_power=1.22179e-13 cpu_power=0 gpu_threshold=0 cpu_threshold=0
detection_mismatch sample_index=39 flat_index=507 doppler=15 range=27 cfar_cell=boundary gpu_detection=1 cpu_detection=0 gpu_power=2.42141e-14 cpu_power=0 gpu_threshold=0 cpu_threshold=0
sample_index=39 step=step1 cpu_ms=0.048551 gpu_ms=0.330214 relative_l2=8.98327e-07 cpu_heap_peak=2699312 cpu_rss_peak=75907072 gpu_peak=357777408 status=PASS
sample_index=39 step=step2 cpu_ms=0.288873 gpu_ms=0.686909 relative_l2=1.39991e-07 cpu_heap_peak=2703824 cpu_rss_peak=75907072 gpu_peak=357777408 status=PASS
sample_index=39 step=step3 cpu_ms=0.661639 gpu_ms=0.346775 relative_l2=3.37245e-07 cpu_heap_peak=2707936 cpu_rss_peak=75907072 gpu_peak=357777408 status=PASS
sample_index=39 step=step4 cpu_ms=0.04988 gpu_ms=0.605058 relative_l2=1.46504e-07 cpu_heap_peak=2712320 cpu_rss_peak=75907072 gpu_peak=357777408 status=PASS
sample_index=39 step=step5 cpu_ms=1.20491 gpu_ms=3.99943 relative_l2=1.2481e-07 cpu_heap_peak=2720272 cpu_rss_peak=75907072 gpu_peak=357777408 status=PASS
sample_index=39 cpu_pipeline_ms=2.26264 gpu_pipeline_ms=6.49509 cuda_event_aux_sum_ms=4.72824 relative_l2=1.04133e-06 relative_linf=2.9641e-06 detection_mismatch_count=16 valid_detection_mismatch_count=0 boundary_detection_mismatch_count=16 mse=3.58851e-10 rmse=1.89434e-05 formal_relative_l2=1.04133e-06 formal_relative_linf=2.9641e-06 semantic_gates=5/5 accuracy_status=PASS
detection_mismatch_summary sample_index=40 total=16 valid=0 boundary=16
detection_mismatch sample_index=40 flat_index=27 doppler=0 range=27 cfar_cell=boundary gpu_detection=1 cpu_detection=0 gpu_power=2.71385e-14 cpu_power=0 gpu_threshold=0 cpu_threshold=0
detection_mismatch sample_index=40 flat_index=59 doppler=1 range=27 cfar_cell=boundary gpu_detection=1 cpu_detection=0 gpu_power=3.10458e-14 cpu_power=0 gpu_threshold=0 cpu_threshold=0
detection_mismatch sample_index=40 flat_index=91 doppler=2 range=27 cfar_cell=boundary gpu_detection=1 cpu_detection=0 gpu_power=7.3567e-14 cpu_power=0 gpu_threshold=0 cpu_threshold=0
detection_mismatch sample_index=40 flat_index=123 doppler=3 range=27 cfar_cell=boundary gpu_detection=1 cpu_detection=0 gpu_power=2.90151e-12 cpu_power=0 gpu_threshold=0 cpu_threshold=0
detection_mismatch sample_index=40 flat_index=155 doppler=4 range=27 cfar_cell=boundary gpu_detection=1 cpu_detection=0 gpu_power=1.24707e-11 cpu_power=0 gpu_threshold=0 cpu_threshold=0
detection_mismatch sample_index=40 flat_index=187 doppler=5 range=27 cfar_cell=boundary gpu_detection=1 cpu_detection=0 gpu_power=2.60242e-12 cpu_power=0 gpu_threshold=0 cpu_threshold=0
detection_mismatch sample_index=40 flat_index=219 doppler=6 range=27 cfar_cell=boundary gpu_detection=1 cpu_detection=0 gpu_power=2.09604e-14 cpu_power=0 gpu_threshold=0 cpu_threshold=0
detection_mismatch sample_index=40 flat_index=251 doppler=7 range=27 cfar_cell=boundary gpu_detection=1 cpu_detection=0 gpu_power=6.18493e-14 cpu_power=0 gpu_threshold=0 cpu_threshold=0
detection_mismatch sample_index=40 flat_index=283 doppler=8 range=27 cfar_cell=boundary gpu_detection=1 cpu_detection=0 gpu_power=1.02927e-13 cpu_power=0 gpu_threshold=0 cpu_threshold=0
detection_mismatch sample_index=40 flat_index=315 doppler=9 range=27 cfar_cell=boundary gpu_detection=1 cpu_detection=0 gpu_power=4.3125e-14 cpu_power=0 gpu_threshold=0 cpu_threshold=0
detection_mismatch sample_index=40 flat_index=347 doppler=10 range=27 cfar_cell=boundary gpu_detection=1 cpu_detection=0 gpu_power=4.59391e-14 cpu_power=0 gpu_threshold=0 cpu_threshold=0
detection_mismatch sample_index=40 flat_index=379 doppler=11 range=27 cfar_cell=boundary gpu_detection=1 cpu_detection=0 gpu_power=6.91818e-15 cpu_power=0 gpu_threshold=0 cpu_threshold=0
detection_mismatch sample_index=40 flat_index=411 doppler=12 range=27 cfar_cell=boundary gpu_detection=1 cpu_detection=0 gpu_power=1.30478e-13 cpu_power=0 gpu_threshold=0 cpu_threshold=0
detection_mismatch sample_index=40 flat_index=443 doppler=13 range=27 cfar_cell=boundary gpu_detection=1 cpu_detection=0 gpu_power=1.24239e-13 cpu_power=0 gpu_threshold=0 cpu_threshold=0
detection_mismatch sample_index=40 flat_index=475 doppler=14 range=27 cfar_cell=boundary gpu_detection=1 cpu_detection=0 gpu_power=1.22179e-13 cpu_power=0 gpu_threshold=0 cpu_threshold=0
detection_mismatch sample_index=40 flat_index=507 doppler=15 range=27 cfar_cell=boundary gpu_detection=1 cpu_detection=0 gpu_power=2.42141e-14 cpu_power=0 gpu_threshold=0 cpu_threshold=0
sample_index=40 step=step1 cpu_ms=0.0486 gpu_ms=0.333014 relative_l2=8.98327e-07 cpu_heap_peak=2699936 cpu_rss_peak=75907072 gpu_peak=357777408 status=PASS
sample_index=40 step=step2 cpu_ms=0.289254 gpu_ms=0.700698 relative_l2=1.39991e-07 cpu_heap_peak=2704304 cpu_rss_peak=75907072 gpu_peak=357777408 status=PASS
sample_index=40 step=step3 cpu_ms=0.721439 gpu_ms=0.330084 relative_l2=3.37245e-07 cpu_heap_peak=2708416 cpu_rss_peak=75907072 gpu_peak=357777408 status=PASS
sample_index=40 step=step4 cpu_ms=0.051491 gpu_ms=0.512926 relative_l2=1.46504e-07 cpu_heap_peak=2712800 cpu_rss_peak=75907072 gpu_peak=357777408 status=PASS
sample_index=40 step=step5 cpu_ms=1.2007 gpu_ms=3.76094 relative_l2=1.2481e-07 cpu_heap_peak=2720752 cpu_rss_peak=75907072 gpu_peak=357777408 status=PASS
sample_index=40 cpu_pipeline_ms=2.3211 gpu_pipeline_ms=6.16716 cuda_event_aux_sum_ms=4.37299 relative_l2=1.04133e-06 relative_linf=2.9641e-06 detection_mismatch_count=16 valid_detection_mismatch_count=0 boundary_detection_mismatch_count=16 mse=3.58851e-10 rmse=1.89434e-05 formal_relative_l2=1.04133e-06 formal_relative_linf=2.9641e-06 semantic_gates=5/5 accuracy_status=PASS
detection_mismatch_summary sample_index=41 total=16 valid=0 boundary=16
detection_mismatch sample_index=41 flat_index=27 doppler=0 range=27 cfar_cell=boundary gpu_detection=1 cpu_detection=0 gpu_power=2.71385e-14 cpu_power=0 gpu_threshold=0 cpu_threshold=0
detection_mismatch sample_index=41 flat_index=59 doppler=1 range=27 cfar_cell=boundary gpu_detection=1 cpu_detection=0 gpu_power=3.10458e-14 cpu_power=0 gpu_threshold=0 cpu_threshold=0
detection_mismatch sample_index=41 flat_index=91 doppler=2 range=27 cfar_cell=boundary gpu_detection=1 cpu_detection=0 gpu_power=7.3567e-14 cpu_power=0 gpu_threshold=0 cpu_threshold=0
detection_mismatch sample_index=41 flat_index=123 doppler=3 range=27 cfar_cell=boundary gpu_detection=1 cpu_detection=0 gpu_power=2.90151e-12 cpu_power=0 gpu_threshold=0 cpu_threshold=0
detection_mismatch sample_index=41 flat_index=155 doppler=4 range=27 cfar_cell=boundary gpu_detection=1 cpu_detection=0 gpu_power=1.24707e-11 cpu_power=0 gpu_threshold=0 cpu_threshold=0
detection_mismatch sample_index=41 flat_index=187 doppler=5 range=27 cfar_cell=boundary gpu_detection=1 cpu_detection=0 gpu_power=2.60242e-12 cpu_power=0 gpu_threshold=0 cpu_threshold=0
detection_mismatch sample_index=41 flat_index=219 doppler=6 range=27 cfar_cell=boundary gpu_detection=1 cpu_detection=0 gpu_power=2.09604e-14 cpu_power=0 gpu_threshold=0 cpu_threshold=0
detection_mismatch sample_index=41 flat_index=251 doppler=7 range=27 cfar_cell=boundary gpu_detection=1 cpu_detection=0 gpu_power=6.18493e-14 cpu_power=0 gpu_threshold=0 cpu_threshold=0
detection_mismatch sample_index=41 flat_index=283 doppler=8 range=27 cfar_cell=boundary gpu_detection=1 cpu_detection=0 gpu_power=1.02927e-13 cpu_power=0 gpu_threshold=0 cpu_threshold=0
detection_mismatch sample_index=41 flat_index=315 doppler=9 range=27 cfar_cell=boundary gpu_detection=1 cpu_detection=0 gpu_power=4.3125e-14 cpu_power=0 gpu_threshold=0 cpu_threshold=0
detection_mismatch sample_index=41 flat_index=347 doppler=10 range=27 cfar_cell=boundary gpu_detection=1 cpu_detection=0 gpu_power=4.59391e-14 cpu_power=0 gpu_threshold=0 cpu_threshold=0
detection_mismatch sample_index=41 flat_index=379 doppler=11 range=27 cfar_cell=boundary gpu_detection=1 cpu_detection=0 gpu_power=6.91818e-15 cpu_power=0 gpu_threshold=0 cpu_threshold=0
detection_mismatch sample_index=41 flat_index=411 doppler=12 range=27 cfar_cell=boundary gpu_detection=1 cpu_detection=0 gpu_power=1.30478e-13 cpu_power=0 gpu_threshold=0 cpu_threshold=0
detection_mismatch sample_index=41 flat_index=443 doppler=13 range=27 cfar_cell=boundary gpu_detection=1 cpu_detection=0 gpu_power=1.24239e-13 cpu_power=0 gpu_threshold=0 cpu_threshold=0
detection_mismatch sample_index=41 flat_index=475 doppler=14 range=27 cfar_cell=boundary gpu_detection=1 cpu_detection=0 gpu_power=1.22179e-13 cpu_power=0 gpu_threshold=0 cpu_threshold=0
detection_mismatch sample_index=41 flat_index=507 doppler=15 range=27 cfar_cell=boundary gpu_detection=1 cpu_detection=0 gpu_power=2.42141e-14 cpu_power=0 gpu_threshold=0 cpu_threshold=0
sample_index=41 step=step1 cpu_ms=0.048761 gpu_ms=0.322134 relative_l2=8.98327e-07 cpu_heap_peak=2698800 cpu_rss_peak=75907072 gpu_peak=357777408 status=PASS
sample_index=41 step=step2 cpu_ms=0.289314 gpu_ms=0.669298 relative_l2=1.39991e-07 cpu_heap_peak=2703168 cpu_rss_peak=75907072 gpu_peak=357777408 status=PASS
sample_index=41 step=step3 cpu_ms=0.661098 gpu_ms=0.345834 relative_l2=3.37245e-07 cpu_heap_peak=2707280 cpu_rss_peak=75907072 gpu_peak=357777408 status=PASS
sample_index=41 step=step4 cpu_ms=0.050171 gpu_ms=0.515827 relative_l2=1.46504e-07 cpu_heap_peak=2711664 cpu_rss_peak=75907072 gpu_peak=357777408 status=PASS
sample_index=41 step=step5 cpu_ms=1.21474 gpu_ms=3.75782 relative_l2=1.2481e-07 cpu_heap_peak=2719616 cpu_rss_peak=75907072 gpu_peak=357777408 status=PASS
sample_index=41 cpu_pipeline_ms=2.27302 gpu_pipeline_ms=6.13647 cuda_event_aux_sum_ms=4.37095 relative_l2=1.04133e-06 relative_linf=2.9641e-06 detection_mismatch_count=16 valid_detection_mismatch_count=0 boundary_detection_mismatch_count=16 mse=3.58851e-10 rmse=1.89434e-05 formal_relative_l2=1.04133e-06 formal_relative_linf=2.9641e-06 semantic_gates=5/5 accuracy_status=PASS
detection_mismatch_summary sample_index=42 total=16 valid=0 boundary=16
detection_mismatch sample_index=42 flat_index=27 doppler=0 range=27 cfar_cell=boundary gpu_detection=1 cpu_detection=0 gpu_power=2.71385e-14 cpu_power=0 gpu_threshold=0 cpu_threshold=0
detection_mismatch sample_index=42 flat_index=59 doppler=1 range=27 cfar_cell=boundary gpu_detection=1 cpu_detection=0 gpu_power=3.10458e-14 cpu_power=0 gpu_threshold=0 cpu_threshold=0
detection_mismatch sample_index=42 flat_index=91 doppler=2 range=27 cfar_cell=boundary gpu_detection=1 cpu_detection=0 gpu_power=7.3567e-14 cpu_power=0 gpu_threshold=0 cpu_threshold=0
detection_mismatch sample_index=42 flat_index=123 doppler=3 range=27 cfar_cell=boundary gpu_detection=1 cpu_detection=0 gpu_power=2.90151e-12 cpu_power=0 gpu_threshold=0 cpu_threshold=0
detection_mismatch sample_index=42 flat_index=155 doppler=4 range=27 cfar_cell=boundary gpu_detection=1 cpu_detection=0 gpu_power=1.24707e-11 cpu_power=0 gpu_threshold=0 cpu_threshold=0
detection_mismatch sample_index=42 flat_index=187 doppler=5 range=27 cfar_cell=boundary gpu_detection=1 cpu_detection=0 gpu_power=2.60242e-12 cpu_power=0 gpu_threshold=0 cpu_threshold=0
detection_mismatch sample_index=42 flat_index=219 doppler=6 range=27 cfar_cell=boundary gpu_detection=1 cpu_detection=0 gpu_power=2.09604e-14 cpu_power=0 gpu_threshold=0 cpu_threshold=0
detection_mismatch sample_index=42 flat_index=251 doppler=7 range=27 cfar_cell=boundary gpu_detection=1 cpu_detection=0 gpu_power=6.18493e-14 cpu_power=0 gpu_threshold=0 cpu_threshold=0
detection_mismatch sample_index=42 flat_index=283 doppler=8 range=27 cfar_cell=boundary gpu_detection=1 cpu_detection=0 gpu_power=1.02927e-13 cpu_power=0 gpu_threshold=0 cpu_threshold=0
detection_mismatch sample_index=42 flat_index=315 doppler=9 range=27 cfar_cell=boundary gpu_detection=1 cpu_detection=0 gpu_power=4.3125e-14 cpu_power=0 gpu_threshold=0 cpu_threshold=0
detection_mismatch sample_index=42 flat_index=347 doppler=10 range=27 cfar_cell=boundary gpu_detection=1 cpu_detection=0 gpu_power=4.59391e-14 cpu_power=0 gpu_threshold=0 cpu_threshold=0
detection_mismatch sample_index=42 flat_index=379 doppler=11 range=27 cfar_cell=boundary gpu_detection=1 cpu_detection=0 gpu_power=6.91818e-15 cpu_power=0 gpu_threshold=0 cpu_threshold=0
detection_mismatch sample_index=42 flat_index=411 doppler=12 range=27 cfar_cell=boundary gpu_detection=1 cpu_detection=0 gpu_power=1.30478e-13 cpu_power=0 gpu_threshold=0 cpu_threshold=0
detection_mismatch sample_index=42 flat_index=443 doppler=13 range=27 cfar_cell=boundary gpu_detection=1 cpu_detection=0 gpu_power=1.24239e-13 cpu_power=0 gpu_threshold=0 cpu_threshold=0
detection_mismatch sample_index=42 flat_index=475 doppler=14 range=27 cfar_cell=boundary gpu_detection=1 cpu_detection=0 gpu_power=1.22179e-13 cpu_power=0 gpu_threshold=0 cpu_threshold=0
detection_mismatch sample_index=42 flat_index=507 doppler=15 range=27 cfar_cell=boundary gpu_detection=1 cpu_detection=0 gpu_power=2.42141e-14 cpu_power=0 gpu_threshold=0 cpu_threshold=0
sample_index=42 step=step1 cpu_ms=0.048731 gpu_ms=0.330564 relative_l2=8.98327e-07 cpu_heap_peak=2699232 cpu_rss_peak=75907072 gpu_peak=357777408 status=PASS
sample_index=42 step=step2 cpu_ms=0.288823 gpu_ms=0.712399 relative_l2=1.39991e-07 cpu_heap_peak=2703600 cpu_rss_peak=75907072 gpu_peak=357777408 status=PASS
sample_index=42 step=step3 cpu_ms=0.662418 gpu_ms=0.345705 relative_l2=3.37245e-07 cpu_heap_peak=2707712 cpu_rss_peak=75907072 gpu_peak=357777408 status=PASS
sample_index=42 step=step4 cpu_ms=0.049961 gpu_ms=0.502596 relative_l2=1.46504e-07 cpu_heap_peak=2712096 cpu_rss_peak=75907072 gpu_peak=357777408 status=PASS
sample_index=42 step=step5 cpu_ms=1.20202 gpu_ms=3.72847 relative_l2=1.2481e-07 cpu_heap_peak=2720048 cpu_rss_peak=75907072 gpu_peak=357777408 status=PASS
sample_index=42 cpu_pipeline_ms=2.26079 gpu_pipeline_ms=6.14611 cuda_event_aux_sum_ms=4.38687 relative_l2=1.04133e-06 relative_linf=2.9641e-06 detection_mismatch_count=16 valid_detection_mismatch_count=0 boundary_detection_mismatch_count=16 mse=3.58851e-10 rmse=1.89434e-05 formal_relative_l2=1.04133e-06 formal_relative_linf=2.9641e-06 semantic_gates=5/5 accuracy_status=PASS
detection_mismatch_summary sample_index=43 total=16 valid=0 boundary=16
detection_mismatch sample_index=43 flat_index=27 doppler=0 range=27 cfar_cell=boundary gpu_detection=1 cpu_detection=0 gpu_power=2.71385e-14 cpu_power=0 gpu_threshold=0 cpu_threshold=0
detection_mismatch sample_index=43 flat_index=59 doppler=1 range=27 cfar_cell=boundary gpu_detection=1 cpu_detection=0 gpu_power=3.10458e-14 cpu_power=0 gpu_threshold=0 cpu_threshold=0
detection_mismatch sample_index=43 flat_index=91 doppler=2 range=27 cfar_cell=boundary gpu_detection=1 cpu_detection=0 gpu_power=7.3567e-14 cpu_power=0 gpu_threshold=0 cpu_threshold=0
detection_mismatch sample_index=43 flat_index=123 doppler=3 range=27 cfar_cell=boundary gpu_detection=1 cpu_detection=0 gpu_power=2.90151e-12 cpu_power=0 gpu_threshold=0 cpu_threshold=0
detection_mismatch sample_index=43 flat_index=155 doppler=4 range=27 cfar_cell=boundary gpu_detection=1 cpu_detection=0 gpu_power=1.24707e-11 cpu_power=0 gpu_threshold=0 cpu_threshold=0
detection_mismatch sample_index=43 flat_index=187 doppler=5 range=27 cfar_cell=boundary gpu_detection=1 cpu_detection=0 gpu_power=2.60242e-12 cpu_power=0 gpu_threshold=0 cpu_threshold=0
detection_mismatch sample_index=43 flat_index=219 doppler=6 range=27 cfar_cell=boundary gpu_detection=1 cpu_detection=0 gpu_power=2.09604e-14 cpu_power=0 gpu_threshold=0 cpu_threshold=0
detection_mismatch sample_index=43 flat_index=251 doppler=7 range=27 cfar_cell=boundary gpu_detection=1 cpu_detection=0 gpu_power=6.18493e-14 cpu_power=0 gpu_threshold=0 cpu_threshold=0
detection_mismatch sample_index=43 flat_index=283 doppler=8 range=27 cfar_cell=boundary gpu_detection=1 cpu_detection=0 gpu_power=1.02927e-13 cpu_power=0 gpu_threshold=0 cpu_threshold=0
detection_mismatch sample_index=43 flat_index=315 doppler=9 range=27 cfar_cell=boundary gpu_detection=1 cpu_detection=0 gpu_power=4.3125e-14 cpu_power=0 gpu_threshold=0 cpu_threshold=0
detection_mismatch sample_index=43 flat_index=347 doppler=10 range=27 cfar_cell=boundary gpu_detection=1 cpu_detection=0 gpu_power=4.59391e-14 cpu_power=0 gpu_threshold=0 cpu_threshold=0
detection_mismatch sample_index=43 flat_index=379 doppler=11 range=27 cfar_cell=boundary gpu_detection=1 cpu_detection=0 gpu_power=6.91818e-15 cpu_power=0 gpu_threshold=0 cpu_threshold=0
detection_mismatch sample_index=43 flat_index=411 doppler=12 range=27 cfar_cell=boundary gpu_detection=1 cpu_detection=0 gpu_power=1.30478e-13 cpu_power=0 gpu_threshold=0 cpu_threshold=0
detection_mismatch sample_index=43 flat_index=443 doppler=13 range=27 cfar_cell=boundary gpu_detection=1 cpu_detection=0 gpu_power=1.24239e-13 cpu_power=0 gpu_threshold=0 cpu_threshold=0
detection_mismatch sample_index=43 flat_index=475 doppler=14 range=27 cfar_cell=boundary gpu_detection=1 cpu_detection=0 gpu_power=1.22179e-13 cpu_power=0 gpu_threshold=0 cpu_threshold=0
detection_mismatch sample_index=43 flat_index=507 doppler=15 range=27 cfar_cell=boundary gpu_detection=1 cpu_detection=0 gpu_power=2.42141e-14 cpu_power=0 gpu_threshold=0 cpu_threshold=0
sample_index=43 step=step1 cpu_ms=0.048391 gpu_ms=0.324374 relative_l2=8.98327e-07 cpu_heap_peak=2699760 cpu_rss_peak=75907072 gpu_peak=357777408 status=PASS
sample_index=43 step=step2 cpu_ms=0.298384 gpu_ms=0.664248 relative_l2=1.39991e-07 cpu_heap_peak=2704128 cpu_rss_peak=75907072 gpu_peak=357777408 status=PASS
sample_index=43 step=step3 cpu_ms=0.664108 gpu_ms=0.337285 relative_l2=3.37245e-07 cpu_heap_peak=2708240 cpu_rss_peak=75907072 gpu_peak=357777408 status=PASS
sample_index=43 step=step4 cpu_ms=0.050721 gpu_ms=0.512706 relative_l2=1.46504e-07 cpu_heap_peak=2712624 cpu_rss_peak=75907072 gpu_peak=357777408 status=PASS
sample_index=43 step=step5 cpu_ms=1.2022 gpu_ms=3.72355 relative_l2=1.2481e-07 cpu_heap_peak=2720576 cpu_rss_peak=75907072 gpu_peak=357777408 status=PASS
sample_index=43 cpu_pipeline_ms=2.27326 gpu_pipeline_ms=6.14235 cuda_event_aux_sum_ms=4.32682 relative_l2=1.04133e-06 relative_linf=2.9641e-06 detection_mismatch_count=16 valid_detection_mismatch_count=0 boundary_detection_mismatch_count=16 mse=3.58851e-10 rmse=1.89434e-05 formal_relative_l2=1.04133e-06 formal_relative_linf=2.9641e-06 semantic_gates=5/5 accuracy_status=PASS
detection_mismatch_summary sample_index=44 total=16 valid=0 boundary=16
detection_mismatch sample_index=44 flat_index=27 doppler=0 range=27 cfar_cell=boundary gpu_detection=1 cpu_detection=0 gpu_power=2.71385e-14 cpu_power=0 gpu_threshold=0 cpu_threshold=0
detection_mismatch sample_index=44 flat_index=59 doppler=1 range=27 cfar_cell=boundary gpu_detection=1 cpu_detection=0 gpu_power=3.10458e-14 cpu_power=0 gpu_threshold=0 cpu_threshold=0
detection_mismatch sample_index=44 flat_index=91 doppler=2 range=27 cfar_cell=boundary gpu_detection=1 cpu_detection=0 gpu_power=7.3567e-14 cpu_power=0 gpu_threshold=0 cpu_threshold=0
detection_mismatch sample_index=44 flat_index=123 doppler=3 range=27 cfar_cell=boundary gpu_detection=1 cpu_detection=0 gpu_power=2.90151e-12 cpu_power=0 gpu_threshold=0 cpu_threshold=0
detection_mismatch sample_index=44 flat_index=155 doppler=4 range=27 cfar_cell=boundary gpu_detection=1 cpu_detection=0 gpu_power=1.24707e-11 cpu_power=0 gpu_threshold=0 cpu_threshold=0
detection_mismatch sample_index=44 flat_index=187 doppler=5 range=27 cfar_cell=boundary gpu_detection=1 cpu_detection=0 gpu_power=2.60242e-12 cpu_power=0 gpu_threshold=0 cpu_threshold=0
detection_mismatch sample_index=44 flat_index=219 doppler=6 range=27 cfar_cell=boundary gpu_detection=1 cpu_detection=0 gpu_power=2.09604e-14 cpu_power=0 gpu_threshold=0 cpu_threshold=0
detection_mismatch sample_index=44 flat_index=251 doppler=7 range=27 cfar_cell=boundary gpu_detection=1 cpu_detection=0 gpu_power=6.18493e-14 cpu_power=0 gpu_threshold=0 cpu_threshold=0
detection_mismatch sample_index=44 flat_index=283 doppler=8 range=27 cfar_cell=boundary gpu_detection=1 cpu_detection=0 gpu_power=1.02927e-13 cpu_power=0 gpu_threshold=0 cpu_threshold=0
detection_mismatch sample_index=44 flat_index=315 doppler=9 range=27 cfar_cell=boundary gpu_detection=1 cpu_detection=0 gpu_power=4.3125e-14 cpu_power=0 gpu_threshold=0 cpu_threshold=0
detection_mismatch sample_index=44 flat_index=347 doppler=10 range=27 cfar_cell=boundary gpu_detection=1 cpu_detection=0 gpu_power=4.59391e-14 cpu_power=0 gpu_threshold=0 cpu_threshold=0
detection_mismatch sample_index=44 flat_index=379 doppler=11 range=27 cfar_cell=boundary gpu_detection=1 cpu_detection=0 gpu_power=6.91818e-15 cpu_power=0 gpu_threshold=0 cpu_threshold=0
detection_mismatch sample_index=44 flat_index=411 doppler=12 range=27 cfar_cell=boundary gpu_detection=1 cpu_detection=0 gpu_power=1.30478e-13 cpu_power=0 gpu_threshold=0 cpu_threshold=0
detection_mismatch sample_index=44 flat_index=443 doppler=13 range=27 cfar_cell=boundary gpu_detection=1 cpu_detection=0 gpu_power=1.24239e-13 cpu_power=0 gpu_threshold=0 cpu_threshold=0
detection_mismatch sample_index=44 flat_index=475 doppler=14 range=27 cfar_cell=boundary gpu_detection=1 cpu_detection=0 gpu_power=1.22179e-13 cpu_power=0 gpu_threshold=0 cpu_threshold=0
detection_mismatch sample_index=44 flat_index=507 doppler=15 range=27 cfar_cell=boundary gpu_detection=1 cpu_detection=0 gpu_power=2.42141e-14 cpu_power=0 gpu_threshold=0 cpu_threshold=0
sample_index=44 step=step1 cpu_ms=0.04869 gpu_ms=0.419325 relative_l2=8.98327e-07 cpu_heap_peak=2698736 cpu_rss_peak=75907072 gpu_peak=357777408 status=PASS
sample_index=44 step=step2 cpu_ms=0.288624 gpu_ms=0.719019 relative_l2=1.39991e-07 cpu_heap_peak=2703424 cpu_rss_peak=75907072 gpu_peak=357777408 status=PASS
sample_index=44 step=step3 cpu_ms=0.665608 gpu_ms=0.343934 relative_l2=3.37245e-07 cpu_heap_peak=2707536 cpu_rss_peak=75907072 gpu_peak=357777408 status=PASS
sample_index=44 step=step4 cpu_ms=0.050751 gpu_ms=0.505896 relative_l2=1.46504e-07 cpu_heap_peak=2711920 cpu_rss_peak=75907072 gpu_peak=357777408 status=PASS
sample_index=44 step=step5 cpu_ms=1.21471 gpu_ms=3.84599 relative_l2=1.2481e-07 cpu_heap_peak=2719872 cpu_rss_peak=75907072 gpu_peak=357777408 status=PASS
sample_index=44 cpu_pipeline_ms=2.27734 gpu_pipeline_ms=6.44882 cuda_event_aux_sum_ms=4.51857 relative_l2=1.04133e-06 relative_linf=2.9641e-06 detection_mismatch_count=16 valid_detection_mismatch_count=0 boundary_detection_mismatch_count=16 mse=3.58851e-10 rmse=1.89434e-05 formal_relative_l2=1.04133e-06 formal_relative_linf=2.9641e-06 semantic_gates=5/5 accuracy_status=PASS
detection_mismatch_summary sample_index=45 total=16 valid=0 boundary=16
detection_mismatch sample_index=45 flat_index=27 doppler=0 range=27 cfar_cell=boundary gpu_detection=1 cpu_detection=0 gpu_power=2.71385e-14 cpu_power=0 gpu_threshold=0 cpu_threshold=0
detection_mismatch sample_index=45 flat_index=59 doppler=1 range=27 cfar_cell=boundary gpu_detection=1 cpu_detection=0 gpu_power=3.10458e-14 cpu_power=0 gpu_threshold=0 cpu_threshold=0
detection_mismatch sample_index=45 flat_index=91 doppler=2 range=27 cfar_cell=boundary gpu_detection=1 cpu_detection=0 gpu_power=7.3567e-14 cpu_power=0 gpu_threshold=0 cpu_threshold=0
detection_mismatch sample_index=45 flat_index=123 doppler=3 range=27 cfar_cell=boundary gpu_detection=1 cpu_detection=0 gpu_power=2.90151e-12 cpu_power=0 gpu_threshold=0 cpu_threshold=0
detection_mismatch sample_index=45 flat_index=155 doppler=4 range=27 cfar_cell=boundary gpu_detection=1 cpu_detection=0 gpu_power=1.24707e-11 cpu_power=0 gpu_threshold=0 cpu_threshold=0
detection_mismatch sample_index=45 flat_index=187 doppler=5 range=27 cfar_cell=boundary gpu_detection=1 cpu_detection=0 gpu_power=2.60242e-12 cpu_power=0 gpu_threshold=0 cpu_threshold=0
detection_mismatch sample_index=45 flat_index=219 doppler=6 range=27 cfar_cell=boundary gpu_detection=1 cpu_detection=0 gpu_power=2.09604e-14 cpu_power=0 gpu_threshold=0 cpu_threshold=0
detection_mismatch sample_index=45 flat_index=251 doppler=7 range=27 cfar_cell=boundary gpu_detection=1 cpu_detection=0 gpu_power=6.18493e-14 cpu_power=0 gpu_threshold=0 cpu_threshold=0
detection_mismatch sample_index=45 flat_index=283 doppler=8 range=27 cfar_cell=boundary gpu_detection=1 cpu_detection=0 gpu_power=1.02927e-13 cpu_power=0 gpu_threshold=0 cpu_threshold=0
detection_mismatch sample_index=45 flat_index=315 doppler=9 range=27 cfar_cell=boundary gpu_detection=1 cpu_detection=0 gpu_power=4.3125e-14 cpu_power=0 gpu_threshold=0 cpu_threshold=0
detection_mismatch sample_index=45 flat_index=347 doppler=10 range=27 cfar_cell=boundary gpu_detection=1 cpu_detection=0 gpu_power=4.59391e-14 cpu_power=0 gpu_threshold=0 cpu_threshold=0
detection_mismatch sample_index=45 flat_index=379 doppler=11 range=27 cfar_cell=boundary gpu_detection=1 cpu_detection=0 gpu_power=6.91818e-15 cpu_power=0 gpu_threshold=0 cpu_threshold=0
detection_mismatch sample_index=45 flat_index=411 doppler=12 range=27 cfar_cell=boundary gpu_detection=1 cpu_detection=0 gpu_power=1.30478e-13 cpu_power=0 gpu_threshold=0 cpu_threshold=0
detection_mismatch sample_index=45 flat_index=443 doppler=13 range=27 cfar_cell=boundary gpu_detection=1 cpu_detection=0 gpu_power=1.24239e-13 cpu_power=0 gpu_threshold=0 cpu_threshold=0
detection_mismatch sample_index=45 flat_index=475 doppler=14 range=27 cfar_cell=boundary gpu_detection=1 cpu_detection=0 gpu_power=1.22179e-13 cpu_power=0 gpu_threshold=0 cpu_threshold=0
detection_mismatch sample_index=45 flat_index=507 doppler=15 range=27 cfar_cell=boundary gpu_detection=1 cpu_detection=0 gpu_power=2.42141e-14 cpu_power=0 gpu_threshold=0 cpu_threshold=0
sample_index=45 step=step1 cpu_ms=0.04885 gpu_ms=0.329504 relative_l2=8.98327e-07 cpu_heap_peak=2700544 cpu_rss_peak=75907072 gpu_peak=357777408 status=PASS
sample_index=45 step=step2 cpu_ms=0.288704 gpu_ms=0.679068 relative_l2=1.39991e-07 cpu_heap_peak=2704912 cpu_rss_peak=75907072 gpu_peak=357777408 status=PASS
sample_index=45 step=step3 cpu_ms=0.660818 gpu_ms=0.337554 relative_l2=3.37245e-07 cpu_heap_peak=2709024 cpu_rss_peak=75907072 gpu_peak=357777408 status=PASS
sample_index=45 step=step4 cpu_ms=0.049781 gpu_ms=0.521717 relative_l2=1.46504e-07 cpu_heap_peak=2713408 cpu_rss_peak=75907072 gpu_peak=357777408 status=PASS
sample_index=45 step=step5 cpu_ms=1.21496 gpu_ms=3.72431 relative_l2=1.2481e-07 cpu_heap_peak=2721360 cpu_rss_peak=75907072 gpu_peak=357777408 status=PASS
sample_index=45 cpu_pipeline_ms=2.27207 gpu_pipeline_ms=6.12321 cuda_event_aux_sum_ms=4.34782 relative_l2=1.04133e-06 relative_linf=2.9641e-06 detection_mismatch_count=16 valid_detection_mismatch_count=0 boundary_detection_mismatch_count=16 mse=3.58851e-10 rmse=1.89434e-05 formal_relative_l2=1.04133e-06 formal_relative_linf=2.9641e-06 semantic_gates=5/5 accuracy_status=PASS
detection_mismatch_summary sample_index=46 total=16 valid=0 boundary=16
detection_mismatch sample_index=46 flat_index=27 doppler=0 range=27 cfar_cell=boundary gpu_detection=1 cpu_detection=0 gpu_power=2.71385e-14 cpu_power=0 gpu_threshold=0 cpu_threshold=0
detection_mismatch sample_index=46 flat_index=59 doppler=1 range=27 cfar_cell=boundary gpu_detection=1 cpu_detection=0 gpu_power=3.10458e-14 cpu_power=0 gpu_threshold=0 cpu_threshold=0
detection_mismatch sample_index=46 flat_index=91 doppler=2 range=27 cfar_cell=boundary gpu_detection=1 cpu_detection=0 gpu_power=7.3567e-14 cpu_power=0 gpu_threshold=0 cpu_threshold=0
detection_mismatch sample_index=46 flat_index=123 doppler=3 range=27 cfar_cell=boundary gpu_detection=1 cpu_detection=0 gpu_power=2.90151e-12 cpu_power=0 gpu_threshold=0 cpu_threshold=0
detection_mismatch sample_index=46 flat_index=155 doppler=4 range=27 cfar_cell=boundary gpu_detection=1 cpu_detection=0 gpu_power=1.24707e-11 cpu_power=0 gpu_threshold=0 cpu_threshold=0
detection_mismatch sample_index=46 flat_index=187 doppler=5 range=27 cfar_cell=boundary gpu_detection=1 cpu_detection=0 gpu_power=2.60242e-12 cpu_power=0 gpu_threshold=0 cpu_threshold=0
detection_mismatch sample_index=46 flat_index=219 doppler=6 range=27 cfar_cell=boundary gpu_detection=1 cpu_detection=0 gpu_power=2.09604e-14 cpu_power=0 gpu_threshold=0 cpu_threshold=0
detection_mismatch sample_index=46 flat_index=251 doppler=7 range=27 cfar_cell=boundary gpu_detection=1 cpu_detection=0 gpu_power=6.18493e-14 cpu_power=0 gpu_threshold=0 cpu_threshold=0
detection_mismatch sample_index=46 flat_index=283 doppler=8 range=27 cfar_cell=boundary gpu_detection=1 cpu_detection=0 gpu_power=1.02927e-13 cpu_power=0 gpu_threshold=0 cpu_threshold=0
detection_mismatch sample_index=46 flat_index=315 doppler=9 range=27 cfar_cell=boundary gpu_detection=1 cpu_detection=0 gpu_power=4.3125e-14 cpu_power=0 gpu_threshold=0 cpu_threshold=0
detection_mismatch sample_index=46 flat_index=347 doppler=10 range=27 cfar_cell=boundary gpu_detection=1 cpu_detection=0 gpu_power=4.59391e-14 cpu_power=0 gpu_threshold=0 cpu_threshold=0
detection_mismatch sample_index=46 flat_index=379 doppler=11 range=27 cfar_cell=boundary gpu_detection=1 cpu_detection=0 gpu_power=6.91818e-15 cpu_power=0 gpu_threshold=0 cpu_threshold=0
detection_mismatch sample_index=46 flat_index=411 doppler=12 range=27 cfar_cell=boundary gpu_detection=1 cpu_detection=0 gpu_power=1.30478e-13 cpu_power=0 gpu_threshold=0 cpu_threshold=0
detection_mismatch sample_index=46 flat_index=443 doppler=13 range=27 cfar_cell=boundary gpu_detection=1 cpu_detection=0 gpu_power=1.24239e-13 cpu_power=0 gpu_threshold=0 cpu_threshold=0
detection_mismatch sample_index=46 flat_index=475 doppler=14 range=27 cfar_cell=boundary gpu_detection=1 cpu_detection=0 gpu_power=1.22179e-13 cpu_power=0 gpu_threshold=0 cpu_threshold=0
detection_mismatch sample_index=46 flat_index=507 doppler=15 range=27 cfar_cell=boundary gpu_detection=1 cpu_detection=0 gpu_power=2.42141e-14 cpu_power=0 gpu_threshold=0 cpu_threshold=0
sample_index=46 step=step1 cpu_ms=0.04884 gpu_ms=0.331494 relative_l2=8.98327e-07 cpu_heap_peak=2699312 cpu_rss_peak=75907072 gpu_peak=357777408 status=PASS
sample_index=46 step=step2 cpu_ms=0.289274 gpu_ms=0.82751 relative_l2=1.39991e-07 cpu_heap_peak=2703968 cpu_rss_peak=75907072 gpu_peak=357777408 status=PASS
sample_index=46 step=step3 cpu_ms=0.660638 gpu_ms=0.370975 relative_l2=3.37245e-07 cpu_heap_peak=2708080 cpu_rss_peak=75907072 gpu_peak=357777408 status=PASS
sample_index=46 step=step4 cpu_ms=0.050201 gpu_ms=0.652858 relative_l2=1.46504e-07 cpu_heap_peak=2712464 cpu_rss_peak=75907072 gpu_peak=357777408 status=PASS
sample_index=46 step=step5 cpu_ms=1.20208 gpu_ms=3.7556 relative_l2=1.2481e-07 cpu_heap_peak=2720416 cpu_rss_peak=75907072 gpu_peak=357777408 status=PASS
sample_index=46 cpu_pipeline_ms=2.26032 gpu_pipeline_ms=6.50579 cuda_event_aux_sum_ms=4.5756 relative_l2=1.04133e-06 relative_linf=2.9641e-06 detection_mismatch_count=16 valid_detection_mismatch_count=0 boundary_detection_mismatch_count=16 mse=3.58851e-10 rmse=1.89434e-05 formal_relative_l2=1.04133e-06 formal_relative_linf=2.9641e-06 semantic_gates=5/5 accuracy_status=PASS
detection_mismatch_summary sample_index=47 total=16 valid=0 boundary=16
detection_mismatch sample_index=47 flat_index=27 doppler=0 range=27 cfar_cell=boundary gpu_detection=1 cpu_detection=0 gpu_power=2.71385e-14 cpu_power=0 gpu_threshold=0 cpu_threshold=0
detection_mismatch sample_index=47 flat_index=59 doppler=1 range=27 cfar_cell=boundary gpu_detection=1 cpu_detection=0 gpu_power=3.10458e-14 cpu_power=0 gpu_threshold=0 cpu_threshold=0
detection_mismatch sample_index=47 flat_index=91 doppler=2 range=27 cfar_cell=boundary gpu_detection=1 cpu_detection=0 gpu_power=7.3567e-14 cpu_power=0 gpu_threshold=0 cpu_threshold=0
detection_mismatch sample_index=47 flat_index=123 doppler=3 range=27 cfar_cell=boundary gpu_detection=1 cpu_detection=0 gpu_power=2.90151e-12 cpu_power=0 gpu_threshold=0 cpu_threshold=0
detection_mismatch sample_index=47 flat_index=155 doppler=4 range=27 cfar_cell=boundary gpu_detection=1 cpu_detection=0 gpu_power=1.24707e-11 cpu_power=0 gpu_threshold=0 cpu_threshold=0
detection_mismatch sample_index=47 flat_index=187 doppler=5 range=27 cfar_cell=boundary gpu_detection=1 cpu_detection=0 gpu_power=2.60242e-12 cpu_power=0 gpu_threshold=0 cpu_threshold=0
detection_mismatch sample_index=47 flat_index=219 doppler=6 range=27 cfar_cell=boundary gpu_detection=1 cpu_detection=0 gpu_power=2.09604e-14 cpu_power=0 gpu_threshold=0 cpu_threshold=0
detection_mismatch sample_index=47 flat_index=251 doppler=7 range=27 cfar_cell=boundary gpu_detection=1 cpu_detection=0 gpu_power=6.18493e-14 cpu_power=0 gpu_threshold=0 cpu_threshold=0
detection_mismatch sample_index=47 flat_index=283 doppler=8 range=27 cfar_cell=boundary gpu_detection=1 cpu_detection=0 gpu_power=1.02927e-13 cpu_power=0 gpu_threshold=0 cpu_threshold=0
detection_mismatch sample_index=47 flat_index=315 doppler=9 range=27 cfar_cell=boundary gpu_detection=1 cpu_detection=0 gpu_power=4.3125e-14 cpu_power=0 gpu_threshold=0 cpu_threshold=0
detection_mismatch sample_index=47 flat_index=347 doppler=10 range=27 cfar_cell=boundary gpu_detection=1 cpu_detection=0 gpu_power=4.59391e-14 cpu_power=0 gpu_threshold=0 cpu_threshold=0
detection_mismatch sample_index=47 flat_index=379 doppler=11 range=27 cfar_cell=boundary gpu_detection=1 cpu_detection=0 gpu_power=6.91818e-15 cpu_power=0 gpu_threshold=0 cpu_threshold=0
detection_mismatch sample_index=47 flat_index=411 doppler=12 range=27 cfar_cell=boundary gpu_detection=1 cpu_detection=0 gpu_power=1.30478e-13 cpu_power=0 gpu_threshold=0 cpu_threshold=0
detection_mismatch sample_index=47 flat_index=443 doppler=13 range=27 cfar_cell=boundary gpu_detection=1 cpu_detection=0 gpu_power=1.24239e-13 cpu_power=0 gpu_threshold=0 cpu_threshold=0
detection_mismatch sample_index=47 flat_index=475 doppler=14 range=27 cfar_cell=boundary gpu_detection=1 cpu_detection=0 gpu_power=1.22179e-13 cpu_power=0 gpu_threshold=0 cpu_threshold=0
detection_mismatch sample_index=47 flat_index=507 doppler=15 range=27 cfar_cell=boundary gpu_detection=1 cpu_detection=0 gpu_power=2.42141e-14 cpu_power=0 gpu_threshold=0 cpu_threshold=0
sample_index=47 step=step1 cpu_ms=0.048951 gpu_ms=0.330594 relative_l2=8.98327e-07 cpu_heap_peak=2700048 cpu_rss_peak=75907072 gpu_peak=357777408 status=PASS
sample_index=47 step=step2 cpu_ms=0.328604 gpu_ms=0.700899 relative_l2=1.39991e-07 cpu_heap_peak=2704704 cpu_rss_peak=75907072 gpu_peak=357777408 status=PASS
sample_index=47 step=step3 cpu_ms=0.661978 gpu_ms=0.363245 relative_l2=3.37245e-07 cpu_heap_peak=2708816 cpu_rss_peak=75907072 gpu_peak=357777408 status=PASS
sample_index=47 step=step4 cpu_ms=0.050161 gpu_ms=0.545347 relative_l2=1.46504e-07 cpu_heap_peak=2713200 cpu_rss_peak=75907072 gpu_peak=357777408 status=PASS
sample_index=47 step=step5 cpu_ms=1.20156 gpu_ms=3.79023 relative_l2=1.2481e-07 cpu_heap_peak=2721152 cpu_rss_peak=75907072 gpu_peak=357777408 status=PASS
sample_index=47 cpu_pipeline_ms=2.30021 gpu_pipeline_ms=6.35207 cuda_event_aux_sum_ms=4.47079 relative_l2=1.04133e-06 relative_linf=2.9641e-06 detection_mismatch_count=16 valid_detection_mismatch_count=0 boundary_detection_mismatch_count=16 mse=3.58851e-10 rmse=1.89434e-05 formal_relative_l2=1.04133e-06 formal_relative_linf=2.9641e-06 semantic_gates=5/5 accuracy_status=PASS
detection_mismatch_summary sample_index=48 total=16 valid=0 boundary=16
detection_mismatch sample_index=48 flat_index=27 doppler=0 range=27 cfar_cell=boundary gpu_detection=1 cpu_detection=0 gpu_power=2.71385e-14 cpu_power=0 gpu_threshold=0 cpu_threshold=0
detection_mismatch sample_index=48 flat_index=59 doppler=1 range=27 cfar_cell=boundary gpu_detection=1 cpu_detection=0 gpu_power=3.10458e-14 cpu_power=0 gpu_threshold=0 cpu_threshold=0
detection_mismatch sample_index=48 flat_index=91 doppler=2 range=27 cfar_cell=boundary gpu_detection=1 cpu_detection=0 gpu_power=7.3567e-14 cpu_power=0 gpu_threshold=0 cpu_threshold=0
detection_mismatch sample_index=48 flat_index=123 doppler=3 range=27 cfar_cell=boundary gpu_detection=1 cpu_detection=0 gpu_power=2.90151e-12 cpu_power=0 gpu_threshold=0 cpu_threshold=0
detection_mismatch sample_index=48 flat_index=155 doppler=4 range=27 cfar_cell=boundary gpu_detection=1 cpu_detection=0 gpu_power=1.24707e-11 cpu_power=0 gpu_threshold=0 cpu_threshold=0
detection_mismatch sample_index=48 flat_index=187 doppler=5 range=27 cfar_cell=boundary gpu_detection=1 cpu_detection=0 gpu_power=2.60242e-12 cpu_power=0 gpu_threshold=0 cpu_threshold=0
detection_mismatch sample_index=48 flat_index=219 doppler=6 range=27 cfar_cell=boundary gpu_detection=1 cpu_detection=0 gpu_power=2.09604e-14 cpu_power=0 gpu_threshold=0 cpu_threshold=0
detection_mismatch sample_index=48 flat_index=251 doppler=7 range=27 cfar_cell=boundary gpu_detection=1 cpu_detection=0 gpu_power=6.18493e-14 cpu_power=0 gpu_threshold=0 cpu_threshold=0
detection_mismatch sample_index=48 flat_index=283 doppler=8 range=27 cfar_cell=boundary gpu_detection=1 cpu_detection=0 gpu_power=1.02927e-13 cpu_power=0 gpu_threshold=0 cpu_threshold=0
detection_mismatch sample_index=48 flat_index=315 doppler=9 range=27 cfar_cell=boundary gpu_detection=1 cpu_detection=0 gpu_power=4.3125e-14 cpu_power=0 gpu_threshold=0 cpu_threshold=0
detection_mismatch sample_index=48 flat_index=347 doppler=10 range=27 cfar_cell=boundary gpu_detection=1 cpu_detection=0 gpu_power=4.59391e-14 cpu_power=0 gpu_threshold=0 cpu_threshold=0
detection_mismatch sample_index=48 flat_index=379 doppler=11 range=27 cfar_cell=boundary gpu_detection=1 cpu_detection=0 gpu_power=6.91818e-15 cpu_power=0 gpu_threshold=0 cpu_threshold=0
detection_mismatch sample_index=48 flat_index=411 doppler=12 range=27 cfar_cell=boundary gpu_detection=1 cpu_detection=0 gpu_power=1.30478e-13 cpu_power=0 gpu_threshold=0 cpu_threshold=0
detection_mismatch sample_index=48 flat_index=443 doppler=13 range=27 cfar_cell=boundary gpu_detection=1 cpu_detection=0 gpu_power=1.24239e-13 cpu_power=0 gpu_threshold=0 cpu_threshold=0
detection_mismatch sample_index=48 flat_index=475 doppler=14 range=27 cfar_cell=boundary gpu_detection=1 cpu_detection=0 gpu_power=1.22179e-13 cpu_power=0 gpu_threshold=0 cpu_threshold=0
detection_mismatch sample_index=48 flat_index=507 doppler=15 range=27 cfar_cell=boundary gpu_detection=1 cpu_detection=0 gpu_power=2.42141e-14 cpu_power=0 gpu_threshold=0 cpu_threshold=0
sample_index=48 step=step1 cpu_ms=0.048871 gpu_ms=0.327854 relative_l2=8.98327e-07 cpu_heap_peak=2700512 cpu_rss_peak=75907072 gpu_peak=357777408 status=PASS
sample_index=48 step=step2 cpu_ms=0.288904 gpu_ms=0.714549 relative_l2=1.39991e-07 cpu_heap_peak=2704880 cpu_rss_peak=75907072 gpu_peak=357777408 status=PASS
sample_index=48 step=step3 cpu_ms=0.676288 gpu_ms=0.364944 relative_l2=3.37245e-07 cpu_heap_peak=2708992 cpu_rss_peak=75907072 gpu_peak=357777408 status=PASS
sample_index=48 step=step4 cpu_ms=0.050851 gpu_ms=0.510696 relative_l2=1.46504e-07 cpu_heap_peak=2713376 cpu_rss_peak=75907072 gpu_peak=357777408 status=PASS
sample_index=48 step=step5 cpu_ms=1.20206 gpu_ms=3.88113 relative_l2=1.2481e-07 cpu_heap_peak=2721328 cpu_rss_peak=75907072 gpu_peak=357777408 status=PASS
sample_index=48 cpu_pipeline_ms=2.27575 gpu_pipeline_ms=6.42922 cuda_event_aux_sum_ms=4.55355 relative_l2=1.04133e-06 relative_linf=2.9641e-06 detection_mismatch_count=16 valid_detection_mismatch_count=0 boundary_detection_mismatch_count=16 mse=3.58851e-10 rmse=1.89434e-05 formal_relative_l2=1.04133e-06 formal_relative_linf=2.9641e-06 semantic_gates=5/5 accuracy_status=PASS
detection_mismatch_summary sample_index=49 total=16 valid=0 boundary=16
detection_mismatch sample_index=49 flat_index=27 doppler=0 range=27 cfar_cell=boundary gpu_detection=1 cpu_detection=0 gpu_power=2.71385e-14 cpu_power=0 gpu_threshold=0 cpu_threshold=0
detection_mismatch sample_index=49 flat_index=59 doppler=1 range=27 cfar_cell=boundary gpu_detection=1 cpu_detection=0 gpu_power=3.10458e-14 cpu_power=0 gpu_threshold=0 cpu_threshold=0
detection_mismatch sample_index=49 flat_index=91 doppler=2 range=27 cfar_cell=boundary gpu_detection=1 cpu_detection=0 gpu_power=7.3567e-14 cpu_power=0 gpu_threshold=0 cpu_threshold=0
detection_mismatch sample_index=49 flat_index=123 doppler=3 range=27 cfar_cell=boundary gpu_detection=1 cpu_detection=0 gpu_power=2.90151e-12 cpu_power=0 gpu_threshold=0 cpu_threshold=0
detection_mismatch sample_index=49 flat_index=155 doppler=4 range=27 cfar_cell=boundary gpu_detection=1 cpu_detection=0 gpu_power=1.24707e-11 cpu_power=0 gpu_threshold=0 cpu_threshold=0
detection_mismatch sample_index=49 flat_index=187 doppler=5 range=27 cfar_cell=boundary gpu_detection=1 cpu_detection=0 gpu_power=2.60242e-12 cpu_power=0 gpu_threshold=0 cpu_threshold=0
detection_mismatch sample_index=49 flat_index=219 doppler=6 range=27 cfar_cell=boundary gpu_detection=1 cpu_detection=0 gpu_power=2.09604e-14 cpu_power=0 gpu_threshold=0 cpu_threshold=0
detection_mismatch sample_index=49 flat_index=251 doppler=7 range=27 cfar_cell=boundary gpu_detection=1 cpu_detection=0 gpu_power=6.18493e-14 cpu_power=0 gpu_threshold=0 cpu_threshold=0
detection_mismatch sample_index=49 flat_index=283 doppler=8 range=27 cfar_cell=boundary gpu_detection=1 cpu_detection=0 gpu_power=1.02927e-13 cpu_power=0 gpu_threshold=0 cpu_threshold=0
detection_mismatch sample_index=49 flat_index=315 doppler=9 range=27 cfar_cell=boundary gpu_detection=1 cpu_detection=0 gpu_power=4.3125e-14 cpu_power=0 gpu_threshold=0 cpu_threshold=0
detection_mismatch sample_index=49 flat_index=347 doppler=10 range=27 cfar_cell=boundary gpu_detection=1 cpu_detection=0 gpu_power=4.59391e-14 cpu_power=0 gpu_threshold=0 cpu_threshold=0
detection_mismatch sample_index=49 flat_index=379 doppler=11 range=27 cfar_cell=boundary gpu_detection=1 cpu_detection=0 gpu_power=6.91818e-15 cpu_power=0 gpu_threshold=0 cpu_threshold=0
detection_mismatch sample_index=49 flat_index=411 doppler=12 range=27 cfar_cell=boundary gpu_detection=1 cpu_detection=0 gpu_power=1.30478e-13 cpu_power=0 gpu_threshold=0 cpu_threshold=0
detection_mismatch sample_index=49 flat_index=443 doppler=13 range=27 cfar_cell=boundary gpu_detection=1 cpu_detection=0 gpu_power=1.24239e-13 cpu_power=0 gpu_threshold=0 cpu_threshold=0
detection_mismatch sample_index=49 flat_index=475 doppler=14 range=27 cfar_cell=boundary gpu_detection=1 cpu_detection=0 gpu_power=1.22179e-13 cpu_power=0 gpu_threshold=0 cpu_threshold=0
detection_mismatch sample_index=49 flat_index=507 doppler=15 range=27 cfar_cell=boundary gpu_detection=1 cpu_detection=0 gpu_power=2.42141e-14 cpu_power=0 gpu_threshold=0 cpu_threshold=0
sample_index=49 step=step1 cpu_ms=0.04855 gpu_ms=0.326434 relative_l2=8.98327e-07 cpu_heap_peak=2701216 cpu_rss_peak=75907072 gpu_peak=357777408 status=PASS
sample_index=49 step=step2 cpu_ms=0.288224 gpu_ms=0.720559 relative_l2=1.39991e-07 cpu_heap_peak=2705584 cpu_rss_peak=75907072 gpu_peak=357777408 status=PASS
sample_index=49 step=step3 cpu_ms=0.662848 gpu_ms=0.361645 relative_l2=3.37245e-07 cpu_heap_peak=2709696 cpu_rss_peak=75907072 gpu_peak=357777408 status=PASS
sample_index=49 step=step4 cpu_ms=0.049611 gpu_ms=0.524527 relative_l2=1.46504e-07 cpu_heap_peak=2714080 cpu_rss_peak=75907072 gpu_peak=357777408 status=PASS
sample_index=49 step=step5 cpu_ms=1.21738 gpu_ms=3.78691 relative_l2=1.2481e-07 cpu_heap_peak=2722032 cpu_rss_peak=75907072 gpu_peak=357777408 status=PASS
sample_index=49 cpu_pipeline_ms=2.27607 gpu_pipeline_ms=6.32335 cuda_event_aux_sum_ms=4.47886 relative_l2=1.04133e-06 relative_linf=2.9641e-06 detection_mismatch_count=16 valid_detection_mismatch_count=0 boundary_detection_mismatch_count=16 mse=3.58851e-10 rmse=1.89434e-05 formal_relative_l2=1.04133e-06 formal_relative_linf=2.9641e-06 semantic_gates=5/5 accuracy_status=PASS
detection_mismatch_summary sample_index=50 total=16 valid=0 boundary=16
detection_mismatch sample_index=50 flat_index=27 doppler=0 range=27 cfar_cell=boundary gpu_detection=1 cpu_detection=0 gpu_power=2.71385e-14 cpu_power=0 gpu_threshold=0 cpu_threshold=0
detection_mismatch sample_index=50 flat_index=59 doppler=1 range=27 cfar_cell=boundary gpu_detection=1 cpu_detection=0 gpu_power=3.10458e-14 cpu_power=0 gpu_threshold=0 cpu_threshold=0
detection_mismatch sample_index=50 flat_index=91 doppler=2 range=27 cfar_cell=boundary gpu_detection=1 cpu_detection=0 gpu_power=7.3567e-14 cpu_power=0 gpu_threshold=0 cpu_threshold=0
detection_mismatch sample_index=50 flat_index=123 doppler=3 range=27 cfar_cell=boundary gpu_detection=1 cpu_detection=0 gpu_power=2.90151e-12 cpu_power=0 gpu_threshold=0 cpu_threshold=0
detection_mismatch sample_index=50 flat_index=155 doppler=4 range=27 cfar_cell=boundary gpu_detection=1 cpu_detection=0 gpu_power=1.24707e-11 cpu_power=0 gpu_threshold=0 cpu_threshold=0
detection_mismatch sample_index=50 flat_index=187 doppler=5 range=27 cfar_cell=boundary gpu_detection=1 cpu_detection=0 gpu_power=2.60242e-12 cpu_power=0 gpu_threshold=0 cpu_threshold=0
detection_mismatch sample_index=50 flat_index=219 doppler=6 range=27 cfar_cell=boundary gpu_detection=1 cpu_detection=0 gpu_power=2.09604e-14 cpu_power=0 gpu_threshold=0 cpu_threshold=0
detection_mismatch sample_index=50 flat_index=251 doppler=7 range=27 cfar_cell=boundary gpu_detection=1 cpu_detection=0 gpu_power=6.18493e-14 cpu_power=0 gpu_threshold=0 cpu_threshold=0
detection_mismatch sample_index=50 flat_index=283 doppler=8 range=27 cfar_cell=boundary gpu_detection=1 cpu_detection=0 gpu_power=1.02927e-13 cpu_power=0 gpu_threshold=0 cpu_threshold=0
detection_mismatch sample_index=50 flat_index=315 doppler=9 range=27 cfar_cell=boundary gpu_detection=1 cpu_detection=0 gpu_power=4.3125e-14 cpu_power=0 gpu_threshold=0 cpu_threshold=0
detection_mismatch sample_index=50 flat_index=347 doppler=10 range=27 cfar_cell=boundary gpu_detection=1 cpu_detection=0 gpu_power=4.59391e-14 cpu_power=0 gpu_threshold=0 cpu_threshold=0
detection_mismatch sample_index=50 flat_index=379 doppler=11 range=27 cfar_cell=boundary gpu_detection=1 cpu_detection=0 gpu_power=6.91818e-15 cpu_power=0 gpu_threshold=0 cpu_threshold=0
detection_mismatch sample_index=50 flat_index=411 doppler=12 range=27 cfar_cell=boundary gpu_detection=1 cpu_detection=0 gpu_power=1.30478e-13 cpu_power=0 gpu_threshold=0 cpu_threshold=0
detection_mismatch sample_index=50 flat_index=443 doppler=13 range=27 cfar_cell=boundary gpu_detection=1 cpu_detection=0 gpu_power=1.24239e-13 cpu_power=0 gpu_threshold=0 cpu_threshold=0
detection_mismatch sample_index=50 flat_index=475 doppler=14 range=27 cfar_cell=boundary gpu_detection=1 cpu_detection=0 gpu_power=1.22179e-13 cpu_power=0 gpu_threshold=0 cpu_threshold=0
detection_mismatch sample_index=50 flat_index=507 doppler=15 range=27 cfar_cell=boundary gpu_detection=1 cpu_detection=0 gpu_power=2.42141e-14 cpu_power=0 gpu_threshold=0 cpu_threshold=0
sample_index=50 step=step1 cpu_ms=0.048491 gpu_ms=0.330404 relative_l2=8.98327e-07 cpu_heap_peak=2702192 cpu_rss_peak=75907072 gpu_peak=357777408 status=PASS
sample_index=50 step=step2 cpu_ms=0.290093 gpu_ms=0.679579 relative_l2=1.39991e-07 cpu_heap_peak=2706560 cpu_rss_peak=75907072 gpu_peak=357777408 status=PASS
sample_index=50 step=step3 cpu_ms=0.660028 gpu_ms=0.346034 relative_l2=3.37245e-07 cpu_heap_peak=2710672 cpu_rss_peak=75907072 gpu_peak=357777408 status=PASS
sample_index=50 step=step4 cpu_ms=0.049621 gpu_ms=0.609217 relative_l2=1.46504e-07 cpu_heap_peak=2715056 cpu_rss_peak=75907072 gpu_peak=357777408 status=PASS
sample_index=50 step=step5 cpu_ms=1.22101 gpu_ms=3.76817 relative_l2=1.2481e-07 cpu_heap_peak=2723008 cpu_rss_peak=75907072 gpu_peak=357777408 status=PASS
sample_index=50 cpu_pipeline_ms=2.27813 gpu_pipeline_ms=6.26405 cuda_event_aux_sum_ms=4.40846 relative_l2=1.04133e-06 relative_linf=2.9641e-06 detection_mismatch_count=16 valid_detection_mismatch_count=0 boundary_detection_mismatch_count=16 mse=3.58851e-10 rmse=1.89434e-05 formal_relative_l2=1.04133e-06 formal_relative_linf=2.9641e-06 semantic_gates=5/5 accuracy_status=PASS
detection_mismatch_summary sample_index=51 total=16 valid=0 boundary=16
detection_mismatch sample_index=51 flat_index=27 doppler=0 range=27 cfar_cell=boundary gpu_detection=1 cpu_detection=0 gpu_power=2.71385e-14 cpu_power=0 gpu_threshold=0 cpu_threshold=0
detection_mismatch sample_index=51 flat_index=59 doppler=1 range=27 cfar_cell=boundary gpu_detection=1 cpu_detection=0 gpu_power=3.10458e-14 cpu_power=0 gpu_threshold=0 cpu_threshold=0
detection_mismatch sample_index=51 flat_index=91 doppler=2 range=27 cfar_cell=boundary gpu_detection=1 cpu_detection=0 gpu_power=7.3567e-14 cpu_power=0 gpu_threshold=0 cpu_threshold=0
detection_mismatch sample_index=51 flat_index=123 doppler=3 range=27 cfar_cell=boundary gpu_detection=1 cpu_detection=0 gpu_power=2.90151e-12 cpu_power=0 gpu_threshold=0 cpu_threshold=0
detection_mismatch sample_index=51 flat_index=155 doppler=4 range=27 cfar_cell=boundary gpu_detection=1 cpu_detection=0 gpu_power=1.24707e-11 cpu_power=0 gpu_threshold=0 cpu_threshold=0
detection_mismatch sample_index=51 flat_index=187 doppler=5 range=27 cfar_cell=boundary gpu_detection=1 cpu_detection=0 gpu_power=2.60242e-12 cpu_power=0 gpu_threshold=0 cpu_threshold=0
detection_mismatch sample_index=51 flat_index=219 doppler=6 range=27 cfar_cell=boundary gpu_detection=1 cpu_detection=0 gpu_power=2.09604e-14 cpu_power=0 gpu_threshold=0 cpu_threshold=0
detection_mismatch sample_index=51 flat_index=251 doppler=7 range=27 cfar_cell=boundary gpu_detection=1 cpu_detection=0 gpu_power=6.18493e-14 cpu_power=0 gpu_threshold=0 cpu_threshold=0
detection_mismatch sample_index=51 flat_index=283 doppler=8 range=27 cfar_cell=boundary gpu_detection=1 cpu_detection=0 gpu_power=1.02927e-13 cpu_power=0 gpu_threshold=0 cpu_threshold=0
detection_mismatch sample_index=51 flat_index=315 doppler=9 range=27 cfar_cell=boundary gpu_detection=1 cpu_detection=0 gpu_power=4.3125e-14 cpu_power=0 gpu_threshold=0 cpu_threshold=0
detection_mismatch sample_index=51 flat_index=347 doppler=10 range=27 cfar_cell=boundary gpu_detection=1 cpu_detection=0 gpu_power=4.59391e-14 cpu_power=0 gpu_threshold=0 cpu_threshold=0
detection_mismatch sample_index=51 flat_index=379 doppler=11 range=27 cfar_cell=boundary gpu_detection=1 cpu_detection=0 gpu_power=6.91818e-15 cpu_power=0 gpu_threshold=0 cpu_threshold=0
detection_mismatch sample_index=51 flat_index=411 doppler=12 range=27 cfar_cell=boundary gpu_detection=1 cpu_detection=0 gpu_power=1.30478e-13 cpu_power=0 gpu_threshold=0 cpu_threshold=0
detection_mismatch sample_index=51 flat_index=443 doppler=13 range=27 cfar_cell=boundary gpu_detection=1 cpu_detection=0 gpu_power=1.24239e-13 cpu_power=0 gpu_threshold=0 cpu_threshold=0
detection_mismatch sample_index=51 flat_index=475 doppler=14 range=27 cfar_cell=boundary gpu_detection=1 cpu_detection=0 gpu_power=1.22179e-13 cpu_power=0 gpu_threshold=0 cpu_threshold=0
detection_mismatch sample_index=51 flat_index=507 doppler=15 range=27 cfar_cell=boundary gpu_detection=1 cpu_detection=0 gpu_power=2.42141e-14 cpu_power=0 gpu_threshold=0 cpu_threshold=0
sample_index=51 step=step1 cpu_ms=0.048511 gpu_ms=0.321364 relative_l2=8.98327e-07 cpu_heap_peak=2701280 cpu_rss_peak=75907072 gpu_peak=357777408 status=PASS
sample_index=51 step=step2 cpu_ms=0.289184 gpu_ms=0.709038 relative_l2=1.39991e-07 cpu_heap_peak=2705648 cpu_rss_peak=75907072 gpu_peak=357777408 status=PASS
sample_index=51 step=step3 cpu_ms=0.660318 gpu_ms=0.350124 relative_l2=3.37245e-07 cpu_heap_peak=2709760 cpu_rss_peak=75907072 gpu_peak=357777408 status=PASS
sample_index=51 step=step4 cpu_ms=0.05065 gpu_ms=0.515836 relative_l2=1.46504e-07 cpu_heap_peak=2714144 cpu_rss_peak=75907072 gpu_peak=357777408 status=PASS
sample_index=51 step=step5 cpu_ms=1.20314 gpu_ms=3.8815 relative_l2=1.2481e-07 cpu_heap_peak=2722096 cpu_rss_peak=75907072 gpu_peak=357777408 status=PASS
sample_index=51 cpu_pipeline_ms=2.26063 gpu_pipeline_ms=6.30682 cuda_event_aux_sum_ms=4.42434 relative_l2=1.04133e-06 relative_linf=2.9641e-06 detection_mismatch_count=16 valid_detection_mismatch_count=0 boundary_detection_mismatch_count=16 mse=3.58851e-10 rmse=1.89434e-05 formal_relative_l2=1.04133e-06 formal_relative_linf=2.9641e-06 semantic_gates=5/5 accuracy_status=PASS
detection_mismatch_summary sample_index=52 total=16 valid=0 boundary=16
detection_mismatch sample_index=52 flat_index=27 doppler=0 range=27 cfar_cell=boundary gpu_detection=1 cpu_detection=0 gpu_power=2.71385e-14 cpu_power=0 gpu_threshold=0 cpu_threshold=0
detection_mismatch sample_index=52 flat_index=59 doppler=1 range=27 cfar_cell=boundary gpu_detection=1 cpu_detection=0 gpu_power=3.10458e-14 cpu_power=0 gpu_threshold=0 cpu_threshold=0
detection_mismatch sample_index=52 flat_index=91 doppler=2 range=27 cfar_cell=boundary gpu_detection=1 cpu_detection=0 gpu_power=7.3567e-14 cpu_power=0 gpu_threshold=0 cpu_threshold=0
detection_mismatch sample_index=52 flat_index=123 doppler=3 range=27 cfar_cell=boundary gpu_detection=1 cpu_detection=0 gpu_power=2.90151e-12 cpu_power=0 gpu_threshold=0 cpu_threshold=0
detection_mismatch sample_index=52 flat_index=155 doppler=4 range=27 cfar_cell=boundary gpu_detection=1 cpu_detection=0 gpu_power=1.24707e-11 cpu_power=0 gpu_threshold=0 cpu_threshold=0
detection_mismatch sample_index=52 flat_index=187 doppler=5 range=27 cfar_cell=boundary gpu_detection=1 cpu_detection=0 gpu_power=2.60242e-12 cpu_power=0 gpu_threshold=0 cpu_threshold=0
detection_mismatch sample_index=52 flat_index=219 doppler=6 range=27 cfar_cell=boundary gpu_detection=1 cpu_detection=0 gpu_power=2.09604e-14 cpu_power=0 gpu_threshold=0 cpu_threshold=0
detection_mismatch sample_index=52 flat_index=251 doppler=7 range=27 cfar_cell=boundary gpu_detection=1 cpu_detection=0 gpu_power=6.18493e-14 cpu_power=0 gpu_threshold=0 cpu_threshold=0
detection_mismatch sample_index=52 flat_index=283 doppler=8 range=27 cfar_cell=boundary gpu_detection=1 cpu_detection=0 gpu_power=1.02927e-13 cpu_power=0 gpu_threshold=0 cpu_threshold=0
detection_mismatch sample_index=52 flat_index=315 doppler=9 range=27 cfar_cell=boundary gpu_detection=1 cpu_detection=0 gpu_power=4.3125e-14 cpu_power=0 gpu_threshold=0 cpu_threshold=0
detection_mismatch sample_index=52 flat_index=347 doppler=10 range=27 cfar_cell=boundary gpu_detection=1 cpu_detection=0 gpu_power=4.59391e-14 cpu_power=0 gpu_threshold=0 cpu_threshold=0
detection_mismatch sample_index=52 flat_index=379 doppler=11 range=27 cfar_cell=boundary gpu_detection=1 cpu_detection=0 gpu_power=6.91818e-15 cpu_power=0 gpu_threshold=0 cpu_threshold=0
detection_mismatch sample_index=52 flat_index=411 doppler=12 range=27 cfar_cell=boundary gpu_detection=1 cpu_detection=0 gpu_power=1.30478e-13 cpu_power=0 gpu_threshold=0 cpu_threshold=0
detection_mismatch sample_index=52 flat_index=443 doppler=13 range=27 cfar_cell=boundary gpu_detection=1 cpu_detection=0 gpu_power=1.24239e-13 cpu_power=0 gpu_threshold=0 cpu_threshold=0
detection_mismatch sample_index=52 flat_index=475 doppler=14 range=27 cfar_cell=boundary gpu_detection=1 cpu_detection=0 gpu_power=1.22179e-13 cpu_power=0 gpu_threshold=0 cpu_threshold=0
detection_mismatch sample_index=52 flat_index=507 doppler=15 range=27 cfar_cell=boundary gpu_detection=1 cpu_detection=0 gpu_power=2.42141e-14 cpu_power=0 gpu_threshold=0 cpu_threshold=0
sample_index=52 step=step1 cpu_ms=0.04856 gpu_ms=0.327114 relative_l2=8.98327e-07 cpu_heap_peak=2702160 cpu_rss_peak=75907072 gpu_peak=357777408 status=PASS
sample_index=52 step=step2 cpu_ms=0.290624 gpu_ms=0.695309 relative_l2=1.39991e-07 cpu_heap_peak=2706528 cpu_rss_peak=75907072 gpu_peak=357777408 status=PASS
sample_index=52 step=step3 cpu_ms=0.660888 gpu_ms=0.352435 relative_l2=3.37245e-07 cpu_heap_peak=2710640 cpu_rss_peak=75907072 gpu_peak=357777408 status=PASS
sample_index=52 step=step4 cpu_ms=0.0502 gpu_ms=0.534877 relative_l2=1.46504e-07 cpu_heap_peak=2715024 cpu_rss_peak=75907072 gpu_peak=357777408 status=PASS
sample_index=52 step=step5 cpu_ms=1.20406 gpu_ms=3.76967 relative_l2=1.2481e-07 cpu_heap_peak=2722976 cpu_rss_peak=75907072 gpu_peak=357777408 status=PASS
sample_index=52 cpu_pipeline_ms=2.26356 gpu_pipeline_ms=6.20169 cuda_event_aux_sum_ms=4.42231 relative_l2=1.04133e-06 relative_linf=2.9641e-06 detection_mismatch_count=16 valid_detection_mismatch_count=0 boundary_detection_mismatch_count=16 mse=3.58851e-10 rmse=1.89434e-05 formal_relative_l2=1.04133e-06 formal_relative_linf=2.9641e-06 semantic_gates=5/5 accuracy_status=PASS
detection_mismatch_summary sample_index=53 total=16 valid=0 boundary=16
detection_mismatch sample_index=53 flat_index=27 doppler=0 range=27 cfar_cell=boundary gpu_detection=1 cpu_detection=0 gpu_power=2.71385e-14 cpu_power=0 gpu_threshold=0 cpu_threshold=0
detection_mismatch sample_index=53 flat_index=59 doppler=1 range=27 cfar_cell=boundary gpu_detection=1 cpu_detection=0 gpu_power=3.10458e-14 cpu_power=0 gpu_threshold=0 cpu_threshold=0
detection_mismatch sample_index=53 flat_index=91 doppler=2 range=27 cfar_cell=boundary gpu_detection=1 cpu_detection=0 gpu_power=7.3567e-14 cpu_power=0 gpu_threshold=0 cpu_threshold=0
detection_mismatch sample_index=53 flat_index=123 doppler=3 range=27 cfar_cell=boundary gpu_detection=1 cpu_detection=0 gpu_power=2.90151e-12 cpu_power=0 gpu_threshold=0 cpu_threshold=0
detection_mismatch sample_index=53 flat_index=155 doppler=4 range=27 cfar_cell=boundary gpu_detection=1 cpu_detection=0 gpu_power=1.24707e-11 cpu_power=0 gpu_threshold=0 cpu_threshold=0
detection_mismatch sample_index=53 flat_index=187 doppler=5 range=27 cfar_cell=boundary gpu_detection=1 cpu_detection=0 gpu_power=2.60242e-12 cpu_power=0 gpu_threshold=0 cpu_threshold=0
detection_mismatch sample_index=53 flat_index=219 doppler=6 range=27 cfar_cell=boundary gpu_detection=1 cpu_detection=0 gpu_power=2.09604e-14 cpu_power=0 gpu_threshold=0 cpu_threshold=0
detection_mismatch sample_index=53 flat_index=251 doppler=7 range=27 cfar_cell=boundary gpu_detection=1 cpu_detection=0 gpu_power=6.18493e-14 cpu_power=0 gpu_threshold=0 cpu_threshold=0
detection_mismatch sample_index=53 flat_index=283 doppler=8 range=27 cfar_cell=boundary gpu_detection=1 cpu_detection=0 gpu_power=1.02927e-13 cpu_power=0 gpu_threshold=0 cpu_threshold=0
detection_mismatch sample_index=53 flat_index=315 doppler=9 range=27 cfar_cell=boundary gpu_detection=1 cpu_detection=0 gpu_power=4.3125e-14 cpu_power=0 gpu_threshold=0 cpu_threshold=0
detection_mismatch sample_index=53 flat_index=347 doppler=10 range=27 cfar_cell=boundary gpu_detection=1 cpu_detection=0 gpu_power=4.59391e-14 cpu_power=0 gpu_threshold=0 cpu_threshold=0
detection_mismatch sample_index=53 flat_index=379 doppler=11 range=27 cfar_cell=boundary gpu_detection=1 cpu_detection=0 gpu_power=6.91818e-15 cpu_power=0 gpu_threshold=0 cpu_threshold=0
detection_mismatch sample_index=53 flat_index=411 doppler=12 range=27 cfar_cell=boundary gpu_detection=1 cpu_detection=0 gpu_power=1.30478e-13 cpu_power=0 gpu_threshold=0 cpu_threshold=0
detection_mismatch sample_index=53 flat_index=443 doppler=13 range=27 cfar_cell=boundary gpu_detection=1 cpu_detection=0 gpu_power=1.24239e-13 cpu_power=0 gpu_threshold=0 cpu_threshold=0
detection_mismatch sample_index=53 flat_index=475 doppler=14 range=27 cfar_cell=boundary gpu_detection=1 cpu_detection=0 gpu_power=1.22179e-13 cpu_power=0 gpu_threshold=0 cpu_threshold=0
detection_mismatch sample_index=53 flat_index=507 doppler=15 range=27 cfar_cell=boundary gpu_detection=1 cpu_detection=0 gpu_power=2.42141e-14 cpu_power=0 gpu_threshold=0 cpu_threshold=0
sample_index=53 step=step1 cpu_ms=0.04877 gpu_ms=0.330754 relative_l2=8.98327e-07 cpu_heap_peak=2700944 cpu_rss_peak=75907072 gpu_peak=357777408 status=PASS
sample_index=53 step=step2 cpu_ms=0.288284 gpu_ms=0.683799 relative_l2=1.39991e-07 cpu_heap_peak=2705312 cpu_rss_peak=75907072 gpu_peak=357777408 status=PASS
sample_index=53 step=step3 cpu_ms=0.663128 gpu_ms=0.344955 relative_l2=3.37245e-07 cpu_heap_peak=2709424 cpu_rss_peak=75907072 gpu_peak=357777408 status=PASS
sample_index=53 step=step4 cpu_ms=0.049501 gpu_ms=0.510376 relative_l2=1.46504e-07 cpu_heap_peak=2713808 cpu_rss_peak=75907072 gpu_peak=357777408 status=PASS
sample_index=53 step=step5 cpu_ms=1.21324 gpu_ms=3.78449 relative_l2=1.2481e-07 cpu_heap_peak=2721760 cpu_rss_peak=75907072 gpu_peak=357777408 status=PASS
sample_index=53 cpu_pipeline_ms=2.27165 gpu_pipeline_ms=6.19462 cuda_event_aux_sum_ms=4.41735 relative_l2=1.04133e-06 relative_linf=2.9641e-06 detection_mismatch_count=16 valid_detection_mismatch_count=0 boundary_detection_mismatch_count=16 mse=3.58851e-10 rmse=1.89434e-05 formal_relative_l2=1.04133e-06 formal_relative_linf=2.9641e-06 semantic_gates=5/5 accuracy_status=PASS
detection_mismatch_summary sample_index=54 total=16 valid=0 boundary=16
detection_mismatch sample_index=54 flat_index=27 doppler=0 range=27 cfar_cell=boundary gpu_detection=1 cpu_detection=0 gpu_power=2.71385e-14 cpu_power=0 gpu_threshold=0 cpu_threshold=0
detection_mismatch sample_index=54 flat_index=59 doppler=1 range=27 cfar_cell=boundary gpu_detection=1 cpu_detection=0 gpu_power=3.10458e-14 cpu_power=0 gpu_threshold=0 cpu_threshold=0
detection_mismatch sample_index=54 flat_index=91 doppler=2 range=27 cfar_cell=boundary gpu_detection=1 cpu_detection=0 gpu_power=7.3567e-14 cpu_power=0 gpu_threshold=0 cpu_threshold=0
detection_mismatch sample_index=54 flat_index=123 doppler=3 range=27 cfar_cell=boundary gpu_detection=1 cpu_detection=0 gpu_power=2.90151e-12 cpu_power=0 gpu_threshold=0 cpu_threshold=0
detection_mismatch sample_index=54 flat_index=155 doppler=4 range=27 cfar_cell=boundary gpu_detection=1 cpu_detection=0 gpu_power=1.24707e-11 cpu_power=0 gpu_threshold=0 cpu_threshold=0
detection_mismatch sample_index=54 flat_index=187 doppler=5 range=27 cfar_cell=boundary gpu_detection=1 cpu_detection=0 gpu_power=2.60242e-12 cpu_power=0 gpu_threshold=0 cpu_threshold=0
detection_mismatch sample_index=54 flat_index=219 doppler=6 range=27 cfar_cell=boundary gpu_detection=1 cpu_detection=0 gpu_power=2.09604e-14 cpu_power=0 gpu_threshold=0 cpu_threshold=0
detection_mismatch sample_index=54 flat_index=251 doppler=7 range=27 cfar_cell=boundary gpu_detection=1 cpu_detection=0 gpu_power=6.18493e-14 cpu_power=0 gpu_threshold=0 cpu_threshold=0
detection_mismatch sample_index=54 flat_index=283 doppler=8 range=27 cfar_cell=boundary gpu_detection=1 cpu_detection=0 gpu_power=1.02927e-13 cpu_power=0 gpu_threshold=0 cpu_threshold=0
detection_mismatch sample_index=54 flat_index=315 doppler=9 range=27 cfar_cell=boundary gpu_detection=1 cpu_detection=0 gpu_power=4.3125e-14 cpu_power=0 gpu_threshold=0 cpu_threshold=0
detection_mismatch sample_index=54 flat_index=347 doppler=10 range=27 cfar_cell=boundary gpu_detection=1 cpu_detection=0 gpu_power=4.59391e-14 cpu_power=0 gpu_threshold=0 cpu_threshold=0
detection_mismatch sample_index=54 flat_index=379 doppler=11 range=27 cfar_cell=boundary gpu_detection=1 cpu_detection=0 gpu_power=6.91818e-15 cpu_power=0 gpu_threshold=0 cpu_threshold=0
detection_mismatch sample_index=54 flat_index=411 doppler=12 range=27 cfar_cell=boundary gpu_detection=1 cpu_detection=0 gpu_power=1.30478e-13 cpu_power=0 gpu_threshold=0 cpu_threshold=0
detection_mismatch sample_index=54 flat_index=443 doppler=13 range=27 cfar_cell=boundary gpu_detection=1 cpu_detection=0 gpu_power=1.24239e-13 cpu_power=0 gpu_threshold=0 cpu_threshold=0
detection_mismatch sample_index=54 flat_index=475 doppler=14 range=27 cfar_cell=boundary gpu_detection=1 cpu_detection=0 gpu_power=1.22179e-13 cpu_power=0 gpu_threshold=0 cpu_threshold=0
detection_mismatch sample_index=54 flat_index=507 doppler=15 range=27 cfar_cell=boundary gpu_detection=1 cpu_detection=0 gpu_power=2.42141e-14 cpu_power=0 gpu_threshold=0 cpu_threshold=0
sample_index=54 step=step1 cpu_ms=0.048441 gpu_ms=0.325334 relative_l2=8.98327e-07 cpu_heap_peak=2700848 cpu_rss_peak=75907072 gpu_peak=357777408 status=PASS
sample_index=54 step=step2 cpu_ms=0.291363 gpu_ms=0.701839 relative_l2=1.39991e-07 cpu_heap_peak=2706080 cpu_rss_peak=75907072 gpu_peak=357777408 status=PASS
sample_index=54 step=step3 cpu_ms=0.660808 gpu_ms=0.342475 relative_l2=3.37245e-07 cpu_heap_peak=2710192 cpu_rss_peak=75907072 gpu_peak=357777408 status=PASS
sample_index=54 step=step4 cpu_ms=0.050131 gpu_ms=0.498516 relative_l2=1.46504e-07 cpu_heap_peak=2714576 cpu_rss_peak=75907072 gpu_peak=357777408 status=PASS
sample_index=54 step=step5 cpu_ms=1.21151 gpu_ms=3.75327 relative_l2=1.2481e-07 cpu_heap_peak=2722528 cpu_rss_peak=75907072 gpu_peak=357777408 status=PASS
sample_index=54 cpu_pipeline_ms=2.27125 gpu_pipeline_ms=6.16752 cuda_event_aux_sum_ms=4.37711 relative_l2=1.04133e-06 relative_linf=2.9641e-06 detection_mismatch_count=16 valid_detection_mismatch_count=0 boundary_detection_mismatch_count=16 mse=3.58851e-10 rmse=1.89434e-05 formal_relative_l2=1.04133e-06 formal_relative_linf=2.9641e-06 semantic_gates=5/5 accuracy_status=PASS
detection_mismatch_summary sample_index=55 total=16 valid=0 boundary=16
detection_mismatch sample_index=55 flat_index=27 doppler=0 range=27 cfar_cell=boundary gpu_detection=1 cpu_detection=0 gpu_power=2.71385e-14 cpu_power=0 gpu_threshold=0 cpu_threshold=0
detection_mismatch sample_index=55 flat_index=59 doppler=1 range=27 cfar_cell=boundary gpu_detection=1 cpu_detection=0 gpu_power=3.10458e-14 cpu_power=0 gpu_threshold=0 cpu_threshold=0
detection_mismatch sample_index=55 flat_index=91 doppler=2 range=27 cfar_cell=boundary gpu_detection=1 cpu_detection=0 gpu_power=7.3567e-14 cpu_power=0 gpu_threshold=0 cpu_threshold=0
detection_mismatch sample_index=55 flat_index=123 doppler=3 range=27 cfar_cell=boundary gpu_detection=1 cpu_detection=0 gpu_power=2.90151e-12 cpu_power=0 gpu_threshold=0 cpu_threshold=0
detection_mismatch sample_index=55 flat_index=155 doppler=4 range=27 cfar_cell=boundary gpu_detection=1 cpu_detection=0 gpu_power=1.24707e-11 cpu_power=0 gpu_threshold=0 cpu_threshold=0
detection_mismatch sample_index=55 flat_index=187 doppler=5 range=27 cfar_cell=boundary gpu_detection=1 cpu_detection=0 gpu_power=2.60242e-12 cpu_power=0 gpu_threshold=0 cpu_threshold=0
detection_mismatch sample_index=55 flat_index=219 doppler=6 range=27 cfar_cell=boundary gpu_detection=1 cpu_detection=0 gpu_power=2.09604e-14 cpu_power=0 gpu_threshold=0 cpu_threshold=0
detection_mismatch sample_index=55 flat_index=251 doppler=7 range=27 cfar_cell=boundary gpu_detection=1 cpu_detection=0 gpu_power=6.18493e-14 cpu_power=0 gpu_threshold=0 cpu_threshold=0
detection_mismatch sample_index=55 flat_index=283 doppler=8 range=27 cfar_cell=boundary gpu_detection=1 cpu_detection=0 gpu_power=1.02927e-13 cpu_power=0 gpu_threshold=0 cpu_threshold=0
detection_mismatch sample_index=55 flat_index=315 doppler=9 range=27 cfar_cell=boundary gpu_detection=1 cpu_detection=0 gpu_power=4.3125e-14 cpu_power=0 gpu_threshold=0 cpu_threshold=0
detection_mismatch sample_index=55 flat_index=347 doppler=10 range=27 cfar_cell=boundary gpu_detection=1 cpu_detection=0 gpu_power=4.59391e-14 cpu_power=0 gpu_threshold=0 cpu_threshold=0
detection_mismatch sample_index=55 flat_index=379 doppler=11 range=27 cfar_cell=boundary gpu_detection=1 cpu_detection=0 gpu_power=6.91818e-15 cpu_power=0 gpu_threshold=0 cpu_threshold=0
detection_mismatch sample_index=55 flat_index=411 doppler=12 range=27 cfar_cell=boundary gpu_detection=1 cpu_detection=0 gpu_power=1.30478e-13 cpu_power=0 gpu_threshold=0 cpu_threshold=0
detection_mismatch sample_index=55 flat_index=443 doppler=13 range=27 cfar_cell=boundary gpu_detection=1 cpu_detection=0 gpu_power=1.24239e-13 cpu_power=0 gpu_threshold=0 cpu_threshold=0
detection_mismatch sample_index=55 flat_index=475 doppler=14 range=27 cfar_cell=boundary gpu_detection=1 cpu_detection=0 gpu_power=1.22179e-13 cpu_power=0 gpu_threshold=0 cpu_threshold=0
detection_mismatch sample_index=55 flat_index=507 doppler=15 range=27 cfar_cell=boundary gpu_detection=1 cpu_detection=0 gpu_power=2.42141e-14 cpu_power=0 gpu_threshold=0 cpu_threshold=0
sample_index=55 step=step1 cpu_ms=0.049001 gpu_ms=0.325114 relative_l2=8.98327e-07 cpu_heap_peak=2700832 cpu_rss_peak=75907072 gpu_peak=357777408 status=PASS
sample_index=55 step=step2 cpu_ms=0.288923 gpu_ms=0.700719 relative_l2=1.39991e-07 cpu_heap_peak=2705776 cpu_rss_peak=75907072 gpu_peak=357777408 status=PASS
sample_index=55 step=step3 cpu_ms=0.667309 gpu_ms=0.346025 relative_l2=3.37245e-07 cpu_heap_peak=2709888 cpu_rss_peak=75907072 gpu_peak=357777408 status=PASS
sample_index=55 step=step4 cpu_ms=0.05058 gpu_ms=0.503736 relative_l2=1.46504e-07 cpu_heap_peak=2714272 cpu_rss_peak=75907072 gpu_peak=357777408 status=PASS
sample_index=55 step=step5 cpu_ms=1.20358 gpu_ms=3.82875 relative_l2=1.2481e-07 cpu_heap_peak=2722224 cpu_rss_peak=75907072 gpu_peak=357777408 status=PASS
sample_index=55 cpu_pipeline_ms=2.26873 gpu_pipeline_ms=6.23814 cuda_event_aux_sum_ms=4.35787 relative_l2=1.04133e-06 relative_linf=2.9641e-06 detection_mismatch_count=16 valid_detection_mismatch_count=0 boundary_detection_mismatch_count=16 mse=3.58851e-10 rmse=1.89434e-05 formal_relative_l2=1.04133e-06 formal_relative_linf=2.9641e-06 semantic_gates=5/5 accuracy_status=PASS
detection_mismatch_summary sample_index=56 total=16 valid=0 boundary=16
detection_mismatch sample_index=56 flat_index=27 doppler=0 range=27 cfar_cell=boundary gpu_detection=1 cpu_detection=0 gpu_power=2.71385e-14 cpu_power=0 gpu_threshold=0 cpu_threshold=0
detection_mismatch sample_index=56 flat_index=59 doppler=1 range=27 cfar_cell=boundary gpu_detection=1 cpu_detection=0 gpu_power=3.10458e-14 cpu_power=0 gpu_threshold=0 cpu_threshold=0
detection_mismatch sample_index=56 flat_index=91 doppler=2 range=27 cfar_cell=boundary gpu_detection=1 cpu_detection=0 gpu_power=7.3567e-14 cpu_power=0 gpu_threshold=0 cpu_threshold=0
detection_mismatch sample_index=56 flat_index=123 doppler=3 range=27 cfar_cell=boundary gpu_detection=1 cpu_detection=0 gpu_power=2.90151e-12 cpu_power=0 gpu_threshold=0 cpu_threshold=0
detection_mismatch sample_index=56 flat_index=155 doppler=4 range=27 cfar_cell=boundary gpu_detection=1 cpu_detection=0 gpu_power=1.24707e-11 cpu_power=0 gpu_threshold=0 cpu_threshold=0
detection_mismatch sample_index=56 flat_index=187 doppler=5 range=27 cfar_cell=boundary gpu_detection=1 cpu_detection=0 gpu_power=2.60242e-12 cpu_power=0 gpu_threshold=0 cpu_threshold=0
detection_mismatch sample_index=56 flat_index=219 doppler=6 range=27 cfar_cell=boundary gpu_detection=1 cpu_detection=0 gpu_power=2.09604e-14 cpu_power=0 gpu_threshold=0 cpu_threshold=0
detection_mismatch sample_index=56 flat_index=251 doppler=7 range=27 cfar_cell=boundary gpu_detection=1 cpu_detection=0 gpu_power=6.18493e-14 cpu_power=0 gpu_threshold=0 cpu_threshold=0
detection_mismatch sample_index=56 flat_index=283 doppler=8 range=27 cfar_cell=boundary gpu_detection=1 cpu_detection=0 gpu_power=1.02927e-13 cpu_power=0 gpu_threshold=0 cpu_threshold=0
detection_mismatch sample_index=56 flat_index=315 doppler=9 range=27 cfar_cell=boundary gpu_detection=1 cpu_detection=0 gpu_power=4.3125e-14 cpu_power=0 gpu_threshold=0 cpu_threshold=0
detection_mismatch sample_index=56 flat_index=347 doppler=10 range=27 cfar_cell=boundary gpu_detection=1 cpu_detection=0 gpu_power=4.59391e-14 cpu_power=0 gpu_threshold=0 cpu_threshold=0
detection_mismatch sample_index=56 flat_index=379 doppler=11 range=27 cfar_cell=boundary gpu_detection=1 cpu_detection=0 gpu_power=6.91818e-15 cpu_power=0 gpu_threshold=0 cpu_threshold=0
detection_mismatch sample_index=56 flat_index=411 doppler=12 range=27 cfar_cell=boundary gpu_detection=1 cpu_detection=0 gpu_power=1.30478e-13 cpu_power=0 gpu_threshold=0 cpu_threshold=0
detection_mismatch sample_index=56 flat_index=443 doppler=13 range=27 cfar_cell=boundary gpu_detection=1 cpu_detection=0 gpu_power=1.24239e-13 cpu_power=0 gpu_threshold=0 cpu_threshold=0
detection_mismatch sample_index=56 flat_index=475 doppler=14 range=27 cfar_cell=boundary gpu_detection=1 cpu_detection=0 gpu_power=1.22179e-13 cpu_power=0 gpu_threshold=0 cpu_threshold=0
detection_mismatch sample_index=56 flat_index=507 doppler=15 range=27 cfar_cell=boundary gpu_detection=1 cpu_detection=0 gpu_power=2.42141e-14 cpu_power=0 gpu_threshold=0 cpu_threshold=0
sample_index=56 step=step1 cpu_ms=0.048531 gpu_ms=0.332404 relative_l2=8.98327e-07 cpu_heap_peak=2701200 cpu_rss_peak=75907072 gpu_peak=357777408 status=PASS
sample_index=56 step=step2 cpu_ms=0.303063 gpu_ms=0.685128 relative_l2=1.39991e-07 cpu_heap_peak=2705568 cpu_rss_peak=75907072 gpu_peak=357777408 status=PASS
sample_index=56 step=step3 cpu_ms=0.662609 gpu_ms=0.341115 relative_l2=3.37245e-07 cpu_heap_peak=2709680 cpu_rss_peak=75907072 gpu_peak=357777408 status=PASS
sample_index=56 step=step4 cpu_ms=0.05103 gpu_ms=0.499206 relative_l2=1.46504e-07 cpu_heap_peak=2714064 cpu_rss_peak=75907072 gpu_peak=357777408 status=PASS
sample_index=56 step=step5 cpu_ms=1.20172 gpu_ms=3.82415 relative_l2=1.2481e-07 cpu_heap_peak=2722016 cpu_rss_peak=75907072 gpu_peak=357777408 status=PASS
sample_index=56 cpu_pipeline_ms=2.27565 gpu_pipeline_ms=6.21043 cuda_event_aux_sum_ms=4.39478 relative_l2=1.04133e-06 relative_linf=2.9641e-06 detection_mismatch_count=16 valid_detection_mismatch_count=0 boundary_detection_mismatch_count=16 mse=3.58851e-10 rmse=1.89434e-05 formal_relative_l2=1.04133e-06 formal_relative_linf=2.9641e-06 semantic_gates=5/5 accuracy_status=PASS
detection_mismatch_summary sample_index=57 total=16 valid=0 boundary=16
detection_mismatch sample_index=57 flat_index=27 doppler=0 range=27 cfar_cell=boundary gpu_detection=1 cpu_detection=0 gpu_power=2.71385e-14 cpu_power=0 gpu_threshold=0 cpu_threshold=0
detection_mismatch sample_index=57 flat_index=59 doppler=1 range=27 cfar_cell=boundary gpu_detection=1 cpu_detection=0 gpu_power=3.10458e-14 cpu_power=0 gpu_threshold=0 cpu_threshold=0
detection_mismatch sample_index=57 flat_index=91 doppler=2 range=27 cfar_cell=boundary gpu_detection=1 cpu_detection=0 gpu_power=7.3567e-14 cpu_power=0 gpu_threshold=0 cpu_threshold=0
detection_mismatch sample_index=57 flat_index=123 doppler=3 range=27 cfar_cell=boundary gpu_detection=1 cpu_detection=0 gpu_power=2.90151e-12 cpu_power=0 gpu_threshold=0 cpu_threshold=0
detection_mismatch sample_index=57 flat_index=155 doppler=4 range=27 cfar_cell=boundary gpu_detection=1 cpu_detection=0 gpu_power=1.24707e-11 cpu_power=0 gpu_threshold=0 cpu_threshold=0
detection_mismatch sample_index=57 flat_index=187 doppler=5 range=27 cfar_cell=boundary gpu_detection=1 cpu_detection=0 gpu_power=2.60242e-12 cpu_power=0 gpu_threshold=0 cpu_threshold=0
detection_mismatch sample_index=57 flat_index=219 doppler=6 range=27 cfar_cell=boundary gpu_detection=1 cpu_detection=0 gpu_power=2.09604e-14 cpu_power=0 gpu_threshold=0 cpu_threshold=0
detection_mismatch sample_index=57 flat_index=251 doppler=7 range=27 cfar_cell=boundary gpu_detection=1 cpu_detection=0 gpu_power=6.18493e-14 cpu_power=0 gpu_threshold=0 cpu_threshold=0
detection_mismatch sample_index=57 flat_index=283 doppler=8 range=27 cfar_cell=boundary gpu_detection=1 cpu_detection=0 gpu_power=1.02927e-13 cpu_power=0 gpu_threshold=0 cpu_threshold=0
detection_mismatch sample_index=57 flat_index=315 doppler=9 range=27 cfar_cell=boundary gpu_detection=1 cpu_detection=0 gpu_power=4.3125e-14 cpu_power=0 gpu_threshold=0 cpu_threshold=0
detection_mismatch sample_index=57 flat_index=347 doppler=10 range=27 cfar_cell=boundary gpu_detection=1 cpu_detection=0 gpu_power=4.59391e-14 cpu_power=0 gpu_threshold=0 cpu_threshold=0
detection_mismatch sample_index=57 flat_index=379 doppler=11 range=27 cfar_cell=boundary gpu_detection=1 cpu_detection=0 gpu_power=6.91818e-15 cpu_power=0 gpu_threshold=0 cpu_threshold=0
detection_mismatch sample_index=57 flat_index=411 doppler=12 range=27 cfar_cell=boundary gpu_detection=1 cpu_detection=0 gpu_power=1.30478e-13 cpu_power=0 gpu_threshold=0 cpu_threshold=0
detection_mismatch sample_index=57 flat_index=443 doppler=13 range=27 cfar_cell=boundary gpu_detection=1 cpu_detection=0 gpu_power=1.24239e-13 cpu_power=0 gpu_threshold=0 cpu_threshold=0
detection_mismatch sample_index=57 flat_index=475 doppler=14 range=27 cfar_cell=boundary gpu_detection=1 cpu_detection=0 gpu_power=1.22179e-13 cpu_power=0 gpu_threshold=0 cpu_threshold=0
detection_mismatch sample_index=57 flat_index=507 doppler=15 range=27 cfar_cell=boundary gpu_detection=1 cpu_detection=0 gpu_power=2.42141e-14 cpu_power=0 gpu_threshold=0 cpu_threshold=0
sample_index=57 step=step1 cpu_ms=0.048951 gpu_ms=0.325844 relative_l2=8.98327e-07 cpu_heap_peak=2701600 cpu_rss_peak=75907072 gpu_peak=357777408 status=PASS
sample_index=57 step=step2 cpu_ms=0.288533 gpu_ms=0.982342 relative_l2=1.39991e-07 cpu_heap_peak=2705968 cpu_rss_peak=75907072 gpu_peak=357777408 status=PASS
sample_index=57 step=step3 cpu_ms=0.662538 gpu_ms=0.343244 relative_l2=3.37245e-07 cpu_heap_peak=2710080 cpu_rss_peak=75907072 gpu_peak=357777408 status=PASS
sample_index=57 step=step4 cpu_ms=0.050301 gpu_ms=0.523367 relative_l2=1.46504e-07 cpu_heap_peak=2714464 cpu_rss_peak=75907072 gpu_peak=357777408 status=PASS
sample_index=57 step=step5 cpu_ms=1.22429 gpu_ms=3.73757 relative_l2=1.2481e-07 cpu_heap_peak=2722416 cpu_rss_peak=75907072 gpu_peak=357777408 status=PASS
sample_index=57 cpu_pipeline_ms=2.28383 gpu_pipeline_ms=6.43816 cuda_event_aux_sum_ms=4.67416 relative_l2=1.04133e-06 relative_linf=2.9641e-06 detection_mismatch_count=16 valid_detection_mismatch_count=0 boundary_detection_mismatch_count=16 mse=3.58851e-10 rmse=1.89434e-05 formal_relative_l2=1.04133e-06 formal_relative_linf=2.9641e-06 semantic_gates=5/5 accuracy_status=PASS
detection_mismatch_summary sample_index=58 total=16 valid=0 boundary=16
detection_mismatch sample_index=58 flat_index=27 doppler=0 range=27 cfar_cell=boundary gpu_detection=1 cpu_detection=0 gpu_power=2.71385e-14 cpu_power=0 gpu_threshold=0 cpu_threshold=0
detection_mismatch sample_index=58 flat_index=59 doppler=1 range=27 cfar_cell=boundary gpu_detection=1 cpu_detection=0 gpu_power=3.10458e-14 cpu_power=0 gpu_threshold=0 cpu_threshold=0
detection_mismatch sample_index=58 flat_index=91 doppler=2 range=27 cfar_cell=boundary gpu_detection=1 cpu_detection=0 gpu_power=7.3567e-14 cpu_power=0 gpu_threshold=0 cpu_threshold=0
detection_mismatch sample_index=58 flat_index=123 doppler=3 range=27 cfar_cell=boundary gpu_detection=1 cpu_detection=0 gpu_power=2.90151e-12 cpu_power=0 gpu_threshold=0 cpu_threshold=0
detection_mismatch sample_index=58 flat_index=155 doppler=4 range=27 cfar_cell=boundary gpu_detection=1 cpu_detection=0 gpu_power=1.24707e-11 cpu_power=0 gpu_threshold=0 cpu_threshold=0
detection_mismatch sample_index=58 flat_index=187 doppler=5 range=27 cfar_cell=boundary gpu_detection=1 cpu_detection=0 gpu_power=2.60242e-12 cpu_power=0 gpu_threshold=0 cpu_threshold=0
detection_mismatch sample_index=58 flat_index=219 doppler=6 range=27 cfar_cell=boundary gpu_detection=1 cpu_detection=0 gpu_power=2.09604e-14 cpu_power=0 gpu_threshold=0 cpu_threshold=0
detection_mismatch sample_index=58 flat_index=251 doppler=7 range=27 cfar_cell=boundary gpu_detection=1 cpu_detection=0 gpu_power=6.18493e-14 cpu_power=0 gpu_threshold=0 cpu_threshold=0
detection_mismatch sample_index=58 flat_index=283 doppler=8 range=27 cfar_cell=boundary gpu_detection=1 cpu_detection=0 gpu_power=1.02927e-13 cpu_power=0 gpu_threshold=0 cpu_threshold=0
detection_mismatch sample_index=58 flat_index=315 doppler=9 range=27 cfar_cell=boundary gpu_detection=1 cpu_detection=0 gpu_power=4.3125e-14 cpu_power=0 gpu_threshold=0 cpu_threshold=0
detection_mismatch sample_index=58 flat_index=347 doppler=10 range=27 cfar_cell=boundary gpu_detection=1 cpu_detection=0 gpu_power=4.59391e-14 cpu_power=0 gpu_threshold=0 cpu_threshold=0
detection_mismatch sample_index=58 flat_index=379 doppler=11 range=27 cfar_cell=boundary gpu_detection=1 cpu_detection=0 gpu_power=6.91818e-15 cpu_power=0 gpu_threshold=0 cpu_threshold=0
detection_mismatch sample_index=58 flat_index=411 doppler=12 range=27 cfar_cell=boundary gpu_detection=1 cpu_detection=0 gpu_power=1.30478e-13 cpu_power=0 gpu_threshold=0 cpu_threshold=0
detection_mismatch sample_index=58 flat_index=443 doppler=13 range=27 cfar_cell=boundary gpu_detection=1 cpu_detection=0 gpu_power=1.24239e-13 cpu_power=0 gpu_threshold=0 cpu_threshold=0
detection_mismatch sample_index=58 flat_index=475 doppler=14 range=27 cfar_cell=boundary gpu_detection=1 cpu_detection=0 gpu_power=1.22179e-13 cpu_power=0 gpu_threshold=0 cpu_threshold=0
detection_mismatch sample_index=58 flat_index=507 doppler=15 range=27 cfar_cell=boundary gpu_detection=1 cpu_detection=0 gpu_power=2.42141e-14 cpu_power=0 gpu_threshold=0 cpu_threshold=0
sample_index=58 step=step1 cpu_ms=0.048251 gpu_ms=0.334315 relative_l2=8.98327e-07 cpu_heap_peak=2702000 cpu_rss_peak=75907072 gpu_peak=357777408 status=PASS
sample_index=58 step=step2 cpu_ms=0.289044 gpu_ms=0.681289 relative_l2=1.39991e-07 cpu_heap_peak=2706368 cpu_rss_peak=75907072 gpu_peak=357777408 status=PASS
sample_index=58 step=step3 cpu_ms=0.665318 gpu_ms=0.342195 relative_l2=3.37245e-07 cpu_heap_peak=2710480 cpu_rss_peak=75907072 gpu_peak=357777408 status=PASS
sample_index=58 step=step4 cpu_ms=0.05089 gpu_ms=0.511776 relative_l2=1.46504e-07 cpu_heap_peak=2714864 cpu_rss_peak=75907072 gpu_peak=357777408 status=PASS
sample_index=58 step=step5 cpu_ms=1.25602 gpu_ms=3.69688 relative_l2=1.2481e-07 cpu_heap_peak=2722816 cpu_rss_peak=75907072 gpu_peak=357777408 status=PASS
sample_index=58 cpu_pipeline_ms=2.31895 gpu_pipeline_ms=6.09448 cuda_event_aux_sum_ms=4.32289 relative_l2=1.04133e-06 relative_linf=2.9641e-06 detection_mismatch_count=16 valid_detection_mismatch_count=0 boundary_detection_mismatch_count=16 mse=3.58851e-10 rmse=1.89434e-05 formal_relative_l2=1.04133e-06 formal_relative_linf=2.9641e-06 semantic_gates=5/5 accuracy_status=PASS
detection_mismatch_summary sample_index=59 total=16 valid=0 boundary=16
detection_mismatch sample_index=59 flat_index=27 doppler=0 range=27 cfar_cell=boundary gpu_detection=1 cpu_detection=0 gpu_power=2.71385e-14 cpu_power=0 gpu_threshold=0 cpu_threshold=0
detection_mismatch sample_index=59 flat_index=59 doppler=1 range=27 cfar_cell=boundary gpu_detection=1 cpu_detection=0 gpu_power=3.10458e-14 cpu_power=0 gpu_threshold=0 cpu_threshold=0
detection_mismatch sample_index=59 flat_index=91 doppler=2 range=27 cfar_cell=boundary gpu_detection=1 cpu_detection=0 gpu_power=7.3567e-14 cpu_power=0 gpu_threshold=0 cpu_threshold=0
detection_mismatch sample_index=59 flat_index=123 doppler=3 range=27 cfar_cell=boundary gpu_detection=1 cpu_detection=0 gpu_power=2.90151e-12 cpu_power=0 gpu_threshold=0 cpu_threshold=0
detection_mismatch sample_index=59 flat_index=155 doppler=4 range=27 cfar_cell=boundary gpu_detection=1 cpu_detection=0 gpu_power=1.24707e-11 cpu_power=0 gpu_threshold=0 cpu_threshold=0
detection_mismatch sample_index=59 flat_index=187 doppler=5 range=27 cfar_cell=boundary gpu_detection=1 cpu_detection=0 gpu_power=2.60242e-12 cpu_power=0 gpu_threshold=0 cpu_threshold=0
detection_mismatch sample_index=59 flat_index=219 doppler=6 range=27 cfar_cell=boundary gpu_detection=1 cpu_detection=0 gpu_power=2.09604e-14 cpu_power=0 gpu_threshold=0 cpu_threshold=0
detection_mismatch sample_index=59 flat_index=251 doppler=7 range=27 cfar_cell=boundary gpu_detection=1 cpu_detection=0 gpu_power=6.18493e-14 cpu_power=0 gpu_threshold=0 cpu_threshold=0
detection_mismatch sample_index=59 flat_index=283 doppler=8 range=27 cfar_cell=boundary gpu_detection=1 cpu_detection=0 gpu_power=1.02927e-13 cpu_power=0 gpu_threshold=0 cpu_threshold=0
detection_mismatch sample_index=59 flat_index=315 doppler=9 range=27 cfar_cell=boundary gpu_detection=1 cpu_detection=0 gpu_power=4.3125e-14 cpu_power=0 gpu_threshold=0 cpu_threshold=0
detection_mismatch sample_index=59 flat_index=347 doppler=10 range=27 cfar_cell=boundary gpu_detection=1 cpu_detection=0 gpu_power=4.59391e-14 cpu_power=0 gpu_threshold=0 cpu_threshold=0
detection_mismatch sample_index=59 flat_index=379 doppler=11 range=27 cfar_cell=boundary gpu_detection=1 cpu_detection=0 gpu_power=6.91818e-15 cpu_power=0 gpu_threshold=0 cpu_threshold=0
detection_mismatch sample_index=59 flat_index=411 doppler=12 range=27 cfar_cell=boundary gpu_detection=1 cpu_detection=0 gpu_power=1.30478e-13 cpu_power=0 gpu_threshold=0 cpu_threshold=0
detection_mismatch sample_index=59 flat_index=443 doppler=13 range=27 cfar_cell=boundary gpu_detection=1 cpu_detection=0 gpu_power=1.24239e-13 cpu_power=0 gpu_threshold=0 cpu_threshold=0
detection_mismatch sample_index=59 flat_index=475 doppler=14 range=27 cfar_cell=boundary gpu_detection=1 cpu_detection=0 gpu_power=1.22179e-13 cpu_power=0 gpu_threshold=0 cpu_threshold=0
detection_mismatch sample_index=59 flat_index=507 doppler=15 range=27 cfar_cell=boundary gpu_detection=1 cpu_detection=0 gpu_power=2.42141e-14 cpu_power=0 gpu_threshold=0 cpu_threshold=0
sample_index=59 step=step1 cpu_ms=0.048481 gpu_ms=0.324194 relative_l2=8.98327e-07 cpu_heap_peak=2701808 cpu_rss_peak=75907072 gpu_peak=357777408 status=PASS
sample_index=59 step=step2 cpu_ms=0.289164 gpu_ms=0.658568 relative_l2=1.39991e-07 cpu_heap_peak=2707040 cpu_rss_peak=75907072 gpu_peak=357777408 status=PASS
sample_index=59 step=step3 cpu_ms=0.659758 gpu_ms=0.345414 relative_l2=3.37245e-07 cpu_heap_peak=2711152 cpu_rss_peak=75907072 gpu_peak=357777408 status=PASS
sample_index=59 step=step4 cpu_ms=0.05024 gpu_ms=0.510076 relative_l2=1.46504e-07 cpu_heap_peak=2715536 cpu_rss_peak=75907072 gpu_peak=357777408 status=PASS
sample_index=59 step=step5 cpu_ms=1.20324 gpu_ms=3.7309 relative_l2=1.2481e-07 cpu_heap_peak=2723488 cpu_rss_peak=75907072 gpu_peak=357777408 status=PASS
sample_index=59 cpu_pipeline_ms=2.25956 gpu_pipeline_ms=6.10123 cuda_event_aux_sum_ms=4.34072 relative_l2=1.04133e-06 relative_linf=2.9641e-06 detection_mismatch_count=16 valid_detection_mismatch_count=0 boundary_detection_mismatch_count=16 mse=3.58851e-10 rmse=1.89434e-05 formal_relative_l2=1.04133e-06 formal_relative_linf=2.9641e-06 semantic_gates=5/5 accuracy_status=PASS
detection_mismatch_summary sample_index=60 total=16 valid=0 boundary=16
detection_mismatch sample_index=60 flat_index=27 doppler=0 range=27 cfar_cell=boundary gpu_detection=1 cpu_detection=0 gpu_power=2.71385e-14 cpu_power=0 gpu_threshold=0 cpu_threshold=0
detection_mismatch sample_index=60 flat_index=59 doppler=1 range=27 cfar_cell=boundary gpu_detection=1 cpu_detection=0 gpu_power=3.10458e-14 cpu_power=0 gpu_threshold=0 cpu_threshold=0
detection_mismatch sample_index=60 flat_index=91 doppler=2 range=27 cfar_cell=boundary gpu_detection=1 cpu_detection=0 gpu_power=7.3567e-14 cpu_power=0 gpu_threshold=0 cpu_threshold=0
detection_mismatch sample_index=60 flat_index=123 doppler=3 range=27 cfar_cell=boundary gpu_detection=1 cpu_detection=0 gpu_power=2.90151e-12 cpu_power=0 gpu_threshold=0 cpu_threshold=0
detection_mismatch sample_index=60 flat_index=155 doppler=4 range=27 cfar_cell=boundary gpu_detection=1 cpu_detection=0 gpu_power=1.24707e-11 cpu_power=0 gpu_threshold=0 cpu_threshold=0
detection_mismatch sample_index=60 flat_index=187 doppler=5 range=27 cfar_cell=boundary gpu_detection=1 cpu_detection=0 gpu_power=2.60242e-12 cpu_power=0 gpu_threshold=0 cpu_threshold=0
detection_mismatch sample_index=60 flat_index=219 doppler=6 range=27 cfar_cell=boundary gpu_detection=1 cpu_detection=0 gpu_power=2.09604e-14 cpu_power=0 gpu_threshold=0 cpu_threshold=0
detection_mismatch sample_index=60 flat_index=251 doppler=7 range=27 cfar_cell=boundary gpu_detection=1 cpu_detection=0 gpu_power=6.18493e-14 cpu_power=0 gpu_threshold=0 cpu_threshold=0
detection_mismatch sample_index=60 flat_index=283 doppler=8 range=27 cfar_cell=boundary gpu_detection=1 cpu_detection=0 gpu_power=1.02927e-13 cpu_power=0 gpu_threshold=0 cpu_threshold=0
detection_mismatch sample_index=60 flat_index=315 doppler=9 range=27 cfar_cell=boundary gpu_detection=1 cpu_detection=0 gpu_power=4.3125e-14 cpu_power=0 gpu_threshold=0 cpu_threshold=0
detection_mismatch sample_index=60 flat_index=347 doppler=10 range=27 cfar_cell=boundary gpu_detection=1 cpu_detection=0 gpu_power=4.59391e-14 cpu_power=0 gpu_threshold=0 cpu_threshold=0
detection_mismatch sample_index=60 flat_index=379 doppler=11 range=27 cfar_cell=boundary gpu_detection=1 cpu_detection=0 gpu_power=6.91818e-15 cpu_power=0 gpu_threshold=0 cpu_threshold=0
detection_mismatch sample_index=60 flat_index=411 doppler=12 range=27 cfar_cell=boundary gpu_detection=1 cpu_detection=0 gpu_power=1.30478e-13 cpu_power=0 gpu_threshold=0 cpu_threshold=0
detection_mismatch sample_index=60 flat_index=443 doppler=13 range=27 cfar_cell=boundary gpu_detection=1 cpu_detection=0 gpu_power=1.24239e-13 cpu_power=0 gpu_threshold=0 cpu_threshold=0
detection_mismatch sample_index=60 flat_index=475 doppler=14 range=27 cfar_cell=boundary gpu_detection=1 cpu_detection=0 gpu_power=1.22179e-13 cpu_power=0 gpu_threshold=0 cpu_threshold=0
detection_mismatch sample_index=60 flat_index=507 doppler=15 range=27 cfar_cell=boundary gpu_detection=1 cpu_detection=0 gpu_power=2.42141e-14 cpu_power=0 gpu_threshold=0 cpu_threshold=0
sample_index=60 step=step1 cpu_ms=0.04854 gpu_ms=0.324404 relative_l2=8.98327e-07 cpu_heap_peak=2702528 cpu_rss_peak=75907072 gpu_peak=357777408 status=PASS
sample_index=60 step=step2 cpu_ms=0.288914 gpu_ms=0.664809 relative_l2=1.39991e-07 cpu_heap_peak=2706896 cpu_rss_peak=75907072 gpu_peak=357777408 status=PASS
sample_index=60 step=step3 cpu_ms=0.673498 gpu_ms=0.341574 relative_l2=3.37245e-07 cpu_heap_peak=2711008 cpu_rss_peak=75907072 gpu_peak=357777408 status=PASS
sample_index=60 step=step4 cpu_ms=0.051201 gpu_ms=0.505336 relative_l2=1.46504e-07 cpu_heap_peak=2715392 cpu_rss_peak=75907072 gpu_peak=357777408 status=PASS
sample_index=60 step=step5 cpu_ms=1.20449 gpu_ms=3.72885 relative_l2=1.2481e-07 cpu_heap_peak=2723344 cpu_rss_peak=75907072 gpu_peak=357777408 status=PASS
sample_index=60 cpu_pipeline_ms=2.27564 gpu_pipeline_ms=6.0843 cuda_event_aux_sum_ms=4.35191 relative_l2=1.04133e-06 relative_linf=2.9641e-06 detection_mismatch_count=16 valid_detection_mismatch_count=0 boundary_detection_mismatch_count=16 mse=3.58851e-10 rmse=1.89434e-05 formal_relative_l2=1.04133e-06 formal_relative_linf=2.9641e-06 semantic_gates=5/5 accuracy_status=PASS
detection_mismatch_summary sample_index=61 total=16 valid=0 boundary=16
detection_mismatch sample_index=61 flat_index=27 doppler=0 range=27 cfar_cell=boundary gpu_detection=1 cpu_detection=0 gpu_power=2.71385e-14 cpu_power=0 gpu_threshold=0 cpu_threshold=0
detection_mismatch sample_index=61 flat_index=59 doppler=1 range=27 cfar_cell=boundary gpu_detection=1 cpu_detection=0 gpu_power=3.10458e-14 cpu_power=0 gpu_threshold=0 cpu_threshold=0
detection_mismatch sample_index=61 flat_index=91 doppler=2 range=27 cfar_cell=boundary gpu_detection=1 cpu_detection=0 gpu_power=7.3567e-14 cpu_power=0 gpu_threshold=0 cpu_threshold=0
detection_mismatch sample_index=61 flat_index=123 doppler=3 range=27 cfar_cell=boundary gpu_detection=1 cpu_detection=0 gpu_power=2.90151e-12 cpu_power=0 gpu_threshold=0 cpu_threshold=0
detection_mismatch sample_index=61 flat_index=155 doppler=4 range=27 cfar_cell=boundary gpu_detection=1 cpu_detection=0 gpu_power=1.24707e-11 cpu_power=0 gpu_threshold=0 cpu_threshold=0
detection_mismatch sample_index=61 flat_index=187 doppler=5 range=27 cfar_cell=boundary gpu_detection=1 cpu_detection=0 gpu_power=2.60242e-12 cpu_power=0 gpu_threshold=0 cpu_threshold=0
detection_mismatch sample_index=61 flat_index=219 doppler=6 range=27 cfar_cell=boundary gpu_detection=1 cpu_detection=0 gpu_power=2.09604e-14 cpu_power=0 gpu_threshold=0 cpu_threshold=0
detection_mismatch sample_index=61 flat_index=251 doppler=7 range=27 cfar_cell=boundary gpu_detection=1 cpu_detection=0 gpu_power=6.18493e-14 cpu_power=0 gpu_threshold=0 cpu_threshold=0
detection_mismatch sample_index=61 flat_index=283 doppler=8 range=27 cfar_cell=boundary gpu_detection=1 cpu_detection=0 gpu_power=1.02927e-13 cpu_power=0 gpu_threshold=0 cpu_threshold=0
detection_mismatch sample_index=61 flat_index=315 doppler=9 range=27 cfar_cell=boundary gpu_detection=1 cpu_detection=0 gpu_power=4.3125e-14 cpu_power=0 gpu_threshold=0 cpu_threshold=0
detection_mismatch sample_index=61 flat_index=347 doppler=10 range=27 cfar_cell=boundary gpu_detection=1 cpu_detection=0 gpu_power=4.59391e-14 cpu_power=0 gpu_threshold=0 cpu_threshold=0
detection_mismatch sample_index=61 flat_index=379 doppler=11 range=27 cfar_cell=boundary gpu_detection=1 cpu_detection=0 gpu_power=6.91818e-15 cpu_power=0 gpu_threshold=0 cpu_threshold=0
detection_mismatch sample_index=61 flat_index=411 doppler=12 range=27 cfar_cell=boundary gpu_detection=1 cpu_detection=0 gpu_power=1.30478e-13 cpu_power=0 gpu_threshold=0 cpu_threshold=0
detection_mismatch sample_index=61 flat_index=443 doppler=13 range=27 cfar_cell=boundary gpu_detection=1 cpu_detection=0 gpu_power=1.24239e-13 cpu_power=0 gpu_threshold=0 cpu_threshold=0
detection_mismatch sample_index=61 flat_index=475 doppler=14 range=27 cfar_cell=boundary gpu_detection=1 cpu_detection=0 gpu_power=1.22179e-13 cpu_power=0 gpu_threshold=0 cpu_threshold=0
detection_mismatch sample_index=61 flat_index=507 doppler=15 range=27 cfar_cell=boundary gpu_detection=1 cpu_detection=0 gpu_power=2.42141e-14 cpu_power=0 gpu_threshold=0 cpu_threshold=0
sample_index=61 step=step1 cpu_ms=0.048401 gpu_ms=0.318624 relative_l2=8.98327e-07 cpu_heap_peak=2702160 cpu_rss_peak=75907072 gpu_peak=357777408 status=PASS
sample_index=61 step=step2 cpu_ms=0.288803 gpu_ms=0.676969 relative_l2=1.39991e-07 cpu_heap_peak=2706528 cpu_rss_peak=75907072 gpu_peak=357777408 status=PASS
sample_index=61 step=step3 cpu_ms=0.659528 gpu_ms=0.337784 relative_l2=3.37245e-07 cpu_heap_peak=2710640 cpu_rss_peak=75907072 gpu_peak=357777408 status=PASS
sample_index=61 step=step4 cpu_ms=0.050651 gpu_ms=0.497486 relative_l2=1.46504e-07 cpu_heap_peak=2715024 cpu_rss_peak=75907072 gpu_peak=357777408 status=PASS
sample_index=61 step=step5 cpu_ms=1.2149 gpu_ms=3.68573 relative_l2=1.2481e-07 cpu_heap_peak=2722976 cpu_rss_peak=75907072 gpu_peak=357777408 status=PASS
sample_index=61 cpu_pipeline_ms=2.27171 gpu_pipeline_ms=6.03334 cuda_event_aux_sum_ms=4.31343 relative_l2=1.04133e-06 relative_linf=2.9641e-06 detection_mismatch_count=16 valid_detection_mismatch_count=0 boundary_detection_mismatch_count=16 mse=3.58851e-10 rmse=1.89434e-05 formal_relative_l2=1.04133e-06 formal_relative_linf=2.9641e-06 semantic_gates=5/5 accuracy_status=PASS
detection_mismatch_summary sample_index=62 total=16 valid=0 boundary=16
detection_mismatch sample_index=62 flat_index=27 doppler=0 range=27 cfar_cell=boundary gpu_detection=1 cpu_detection=0 gpu_power=2.71385e-14 cpu_power=0 gpu_threshold=0 cpu_threshold=0
detection_mismatch sample_index=62 flat_index=59 doppler=1 range=27 cfar_cell=boundary gpu_detection=1 cpu_detection=0 gpu_power=3.10458e-14 cpu_power=0 gpu_threshold=0 cpu_threshold=0
detection_mismatch sample_index=62 flat_index=91 doppler=2 range=27 cfar_cell=boundary gpu_detection=1 cpu_detection=0 gpu_power=7.3567e-14 cpu_power=0 gpu_threshold=0 cpu_threshold=0
detection_mismatch sample_index=62 flat_index=123 doppler=3 range=27 cfar_cell=boundary gpu_detection=1 cpu_detection=0 gpu_power=2.90151e-12 cpu_power=0 gpu_threshold=0 cpu_threshold=0
detection_mismatch sample_index=62 flat_index=155 doppler=4 range=27 cfar_cell=boundary gpu_detection=1 cpu_detection=0 gpu_power=1.24707e-11 cpu_power=0 gpu_threshold=0 cpu_threshold=0
detection_mismatch sample_index=62 flat_index=187 doppler=5 range=27 cfar_cell=boundary gpu_detection=1 cpu_detection=0 gpu_power=2.60242e-12 cpu_power=0 gpu_threshold=0 cpu_threshold=0
detection_mismatch sample_index=62 flat_index=219 doppler=6 range=27 cfar_cell=boundary gpu_detection=1 cpu_detection=0 gpu_power=2.09604e-14 cpu_power=0 gpu_threshold=0 cpu_threshold=0
detection_mismatch sample_index=62 flat_index=251 doppler=7 range=27 cfar_cell=boundary gpu_detection=1 cpu_detection=0 gpu_power=6.18493e-14 cpu_power=0 gpu_threshold=0 cpu_threshold=0
detection_mismatch sample_index=62 flat_index=283 doppler=8 range=27 cfar_cell=boundary gpu_detection=1 cpu_detection=0 gpu_power=1.02927e-13 cpu_power=0 gpu_threshold=0 cpu_threshold=0
detection_mismatch sample_index=62 flat_index=315 doppler=9 range=27 cfar_cell=boundary gpu_detection=1 cpu_detection=0 gpu_power=4.3125e-14 cpu_power=0 gpu_threshold=0 cpu_threshold=0
detection_mismatch sample_index=62 flat_index=347 doppler=10 range=27 cfar_cell=boundary gpu_detection=1 cpu_detection=0 gpu_power=4.59391e-14 cpu_power=0 gpu_threshold=0 cpu_threshold=0
detection_mismatch sample_index=62 flat_index=379 doppler=11 range=27 cfar_cell=boundary gpu_detection=1 cpu_detection=0 gpu_power=6.91818e-15 cpu_power=0 gpu_threshold=0 cpu_threshold=0
detection_mismatch sample_index=62 flat_index=411 doppler=12 range=27 cfar_cell=boundary gpu_detection=1 cpu_detection=0 gpu_power=1.30478e-13 cpu_power=0 gpu_threshold=0 cpu_threshold=0
detection_mismatch sample_index=62 flat_index=443 doppler=13 range=27 cfar_cell=boundary gpu_detection=1 cpu_detection=0 gpu_power=1.24239e-13 cpu_power=0 gpu_threshold=0 cpu_threshold=0
detection_mismatch sample_index=62 flat_index=475 doppler=14 range=27 cfar_cell=boundary gpu_detection=1 cpu_detection=0 gpu_power=1.22179e-13 cpu_power=0 gpu_threshold=0 cpu_threshold=0
detection_mismatch sample_index=62 flat_index=507 doppler=15 range=27 cfar_cell=boundary gpu_detection=1 cpu_detection=0 gpu_power=2.42141e-14 cpu_power=0 gpu_threshold=0 cpu_threshold=0
sample_index=62 step=step1 cpu_ms=0.0485 gpu_ms=0.331304 relative_l2=8.98327e-07 cpu_heap_peak=2701760 cpu_rss_peak=75907072 gpu_peak=357777408 status=PASS
sample_index=62 step=step2 cpu_ms=0.288904 gpu_ms=0.682488 relative_l2=1.39991e-07 cpu_heap_peak=2706992 cpu_rss_peak=75907072 gpu_peak=357777408 status=PASS
sample_index=62 step=step3 cpu_ms=0.660238 gpu_ms=0.354514 relative_l2=3.37245e-07 cpu_heap_peak=2711104 cpu_rss_peak=75907072 gpu_peak=357777408 status=PASS
sample_index=62 step=step4 cpu_ms=0.051301 gpu_ms=0.501116 relative_l2=1.46504e-07 cpu_heap_peak=2715488 cpu_rss_peak=75907072 gpu_peak=357777408 status=PASS
sample_index=62 step=step5 cpu_ms=1.20365 gpu_ms=3.89288 relative_l2=1.2481e-07 cpu_heap_peak=2723440 cpu_rss_peak=75907072 gpu_peak=357777408 status=PASS
sample_index=62 cpu_pipeline_ms=2.26177 gpu_pipeline_ms=6.29053 cuda_event_aux_sum_ms=4.50851 relative_l2=1.04133e-06 relative_linf=2.9641e-06 detection_mismatch_count=16 valid_detection_mismatch_count=0 boundary_detection_mismatch_count=16 mse=3.58851e-10 rmse=1.89434e-05 formal_relative_l2=1.04133e-06 formal_relative_linf=2.9641e-06 semantic_gates=5/5 accuracy_status=PASS
detection_mismatch_summary sample_index=63 total=16 valid=0 boundary=16
detection_mismatch sample_index=63 flat_index=27 doppler=0 range=27 cfar_cell=boundary gpu_detection=1 cpu_detection=0 gpu_power=2.71385e-14 cpu_power=0 gpu_threshold=0 cpu_threshold=0
detection_mismatch sample_index=63 flat_index=59 doppler=1 range=27 cfar_cell=boundary gpu_detection=1 cpu_detection=0 gpu_power=3.10458e-14 cpu_power=0 gpu_threshold=0 cpu_threshold=0
detection_mismatch sample_index=63 flat_index=91 doppler=2 range=27 cfar_cell=boundary gpu_detection=1 cpu_detection=0 gpu_power=7.3567e-14 cpu_power=0 gpu_threshold=0 cpu_threshold=0
detection_mismatch sample_index=63 flat_index=123 doppler=3 range=27 cfar_cell=boundary gpu_detection=1 cpu_detection=0 gpu_power=2.90151e-12 cpu_power=0 gpu_threshold=0 cpu_threshold=0
detection_mismatch sample_index=63 flat_index=155 doppler=4 range=27 cfar_cell=boundary gpu_detection=1 cpu_detection=0 gpu_power=1.24707e-11 cpu_power=0 gpu_threshold=0 cpu_threshold=0
detection_mismatch sample_index=63 flat_index=187 doppler=5 range=27 cfar_cell=boundary gpu_detection=1 cpu_detection=0 gpu_power=2.60242e-12 cpu_power=0 gpu_threshold=0 cpu_threshold=0
detection_mismatch sample_index=63 flat_index=219 doppler=6 range=27 cfar_cell=boundary gpu_detection=1 cpu_detection=0 gpu_power=2.09604e-14 cpu_power=0 gpu_threshold=0 cpu_threshold=0
detection_mismatch sample_index=63 flat_index=251 doppler=7 range=27 cfar_cell=boundary gpu_detection=1 cpu_detection=0 gpu_power=6.18493e-14 cpu_power=0 gpu_threshold=0 cpu_threshold=0
detection_mismatch sample_index=63 flat_index=283 doppler=8 range=27 cfar_cell=boundary gpu_detection=1 cpu_detection=0 gpu_power=1.02927e-13 cpu_power=0 gpu_threshold=0 cpu_threshold=0
detection_mismatch sample_index=63 flat_index=315 doppler=9 range=27 cfar_cell=boundary gpu_detection=1 cpu_detection=0 gpu_power=4.3125e-14 cpu_power=0 gpu_threshold=0 cpu_threshold=0
detection_mismatch sample_index=63 flat_index=347 doppler=10 range=27 cfar_cell=boundary gpu_detection=1 cpu_detection=0 gpu_power=4.59391e-14 cpu_power=0 gpu_threshold=0 cpu_threshold=0
detection_mismatch sample_index=63 flat_index=379 doppler=11 range=27 cfar_cell=boundary gpu_detection=1 cpu_detection=0 gpu_power=6.91818e-15 cpu_power=0 gpu_threshold=0 cpu_threshold=0
detection_mismatch sample_index=63 flat_index=411 doppler=12 range=27 cfar_cell=boundary gpu_detection=1 cpu_detection=0 gpu_power=1.30478e-13 cpu_power=0 gpu_threshold=0 cpu_threshold=0
detection_mismatch sample_index=63 flat_index=443 doppler=13 range=27 cfar_cell=boundary gpu_detection=1 cpu_detection=0 gpu_power=1.24239e-13 cpu_power=0 gpu_threshold=0 cpu_threshold=0
detection_mismatch sample_index=63 flat_index=475 doppler=14 range=27 cfar_cell=boundary gpu_detection=1 cpu_detection=0 gpu_power=1.22179e-13 cpu_power=0 gpu_threshold=0 cpu_threshold=0
detection_mismatch sample_index=63 flat_index=507 doppler=15 range=27 cfar_cell=boundary gpu_detection=1 cpu_detection=0 gpu_power=2.42141e-14 cpu_power=0 gpu_threshold=0 cpu_threshold=0
sample_index=63 step=step1 cpu_ms=0.048481 gpu_ms=0.332334 relative_l2=8.98327e-07 cpu_heap_peak=2703328 cpu_rss_peak=75907072 gpu_peak=357777408 status=PASS
sample_index=63 step=step2 cpu_ms=0.289234 gpu_ms=0.672788 relative_l2=1.39991e-07 cpu_heap_peak=2707696 cpu_rss_peak=75907072 gpu_peak=357777408 status=PASS
sample_index=63 step=step3 cpu_ms=0.708449 gpu_ms=0.363695 relative_l2=3.37245e-07 cpu_heap_peak=2711808 cpu_rss_peak=75907072 gpu_peak=357777408 status=PASS
sample_index=63 step=step4 cpu_ms=0.05166 gpu_ms=0.517247 relative_l2=1.46504e-07 cpu_heap_peak=2716192 cpu_rss_peak=75907072 gpu_peak=357777408 status=PASS
sample_index=63 step=step5 cpu_ms=1.20456 gpu_ms=3.70482 relative_l2=1.2481e-07 cpu_heap_peak=2724144 cpu_rss_peak=75907072 gpu_peak=357777408 status=PASS
sample_index=63 cpu_pipeline_ms=2.31117 gpu_pipeline_ms=6.13322 cuda_event_aux_sum_ms=4.33745 relative_l2=1.04133e-06 relative_linf=2.9641e-06 detection_mismatch_count=16 valid_detection_mismatch_count=0 boundary_detection_mismatch_count=16 mse=3.58851e-10 rmse=1.89434e-05 formal_relative_l2=1.04133e-06 formal_relative_linf=2.9641e-06 semantic_gates=5/5 accuracy_status=PASS
detection_mismatch_summary sample_index=64 total=16 valid=0 boundary=16
detection_mismatch sample_index=64 flat_index=27 doppler=0 range=27 cfar_cell=boundary gpu_detection=1 cpu_detection=0 gpu_power=2.71385e-14 cpu_power=0 gpu_threshold=0 cpu_threshold=0
detection_mismatch sample_index=64 flat_index=59 doppler=1 range=27 cfar_cell=boundary gpu_detection=1 cpu_detection=0 gpu_power=3.10458e-14 cpu_power=0 gpu_threshold=0 cpu_threshold=0
detection_mismatch sample_index=64 flat_index=91 doppler=2 range=27 cfar_cell=boundary gpu_detection=1 cpu_detection=0 gpu_power=7.3567e-14 cpu_power=0 gpu_threshold=0 cpu_threshold=0
detection_mismatch sample_index=64 flat_index=123 doppler=3 range=27 cfar_cell=boundary gpu_detection=1 cpu_detection=0 gpu_power=2.90151e-12 cpu_power=0 gpu_threshold=0 cpu_threshold=0
detection_mismatch sample_index=64 flat_index=155 doppler=4 range=27 cfar_cell=boundary gpu_detection=1 cpu_detection=0 gpu_power=1.24707e-11 cpu_power=0 gpu_threshold=0 cpu_threshold=0
detection_mismatch sample_index=64 flat_index=187 doppler=5 range=27 cfar_cell=boundary gpu_detection=1 cpu_detection=0 gpu_power=2.60242e-12 cpu_power=0 gpu_threshold=0 cpu_threshold=0
detection_mismatch sample_index=64 flat_index=219 doppler=6 range=27 cfar_cell=boundary gpu_detection=1 cpu_detection=0 gpu_power=2.09604e-14 cpu_power=0 gpu_threshold=0 cpu_threshold=0
detection_mismatch sample_index=64 flat_index=251 doppler=7 range=27 cfar_cell=boundary gpu_detection=1 cpu_detection=0 gpu_power=6.18493e-14 cpu_power=0 gpu_threshold=0 cpu_threshold=0
detection_mismatch sample_index=64 flat_index=283 doppler=8 range=27 cfar_cell=boundary gpu_detection=1 cpu_detection=0 gpu_power=1.02927e-13 cpu_power=0 gpu_threshold=0 cpu_threshold=0
detection_mismatch sample_index=64 flat_index=315 doppler=9 range=27 cfar_cell=boundary gpu_detection=1 cpu_detection=0 gpu_power=4.3125e-14 cpu_power=0 gpu_threshold=0 cpu_threshold=0
detection_mismatch sample_index=64 flat_index=347 doppler=10 range=27 cfar_cell=boundary gpu_detection=1 cpu_detection=0 gpu_power=4.59391e-14 cpu_power=0 gpu_threshold=0 cpu_threshold=0
detection_mismatch sample_index=64 flat_index=379 doppler=11 range=27 cfar_cell=boundary gpu_detection=1 cpu_detection=0 gpu_power=6.91818e-15 cpu_power=0 gpu_threshold=0 cpu_threshold=0
detection_mismatch sample_index=64 flat_index=411 doppler=12 range=27 cfar_cell=boundary gpu_detection=1 cpu_detection=0 gpu_power=1.30478e-13 cpu_power=0 gpu_threshold=0 cpu_threshold=0
detection_mismatch sample_index=64 flat_index=443 doppler=13 range=27 cfar_cell=boundary gpu_detection=1 cpu_detection=0 gpu_power=1.24239e-13 cpu_power=0 gpu_threshold=0 cpu_threshold=0
detection_mismatch sample_index=64 flat_index=475 doppler=14 range=27 cfar_cell=boundary gpu_detection=1 cpu_detection=0 gpu_power=1.22179e-13 cpu_power=0 gpu_threshold=0 cpu_threshold=0
detection_mismatch sample_index=64 flat_index=507 doppler=15 range=27 cfar_cell=boundary gpu_detection=1 cpu_detection=0 gpu_power=2.42141e-14 cpu_power=0 gpu_threshold=0 cpu_threshold=0
sample_index=64 step=step1 cpu_ms=0.04857 gpu_ms=0.330824 relative_l2=8.98327e-07 cpu_heap_peak=2703392 cpu_rss_peak=75907072 gpu_peak=357777408 status=PASS
sample_index=64 step=step2 cpu_ms=0.288804 gpu_ms=0.671978 relative_l2=1.39991e-07 cpu_heap_peak=2707760 cpu_rss_peak=75907072 gpu_peak=357777408 status=PASS
sample_index=64 step=step3 cpu_ms=0.657548 gpu_ms=0.343864 relative_l2=3.37245e-07 cpu_heap_peak=2711872 cpu_rss_peak=75907072 gpu_peak=357777408 status=PASS
sample_index=64 step=step4 cpu_ms=0.050891 gpu_ms=0.495846 relative_l2=1.46504e-07 cpu_heap_peak=2716256 cpu_rss_peak=75907072 gpu_peak=357777408 status=PASS
sample_index=64 step=step5 cpu_ms=1.21666 gpu_ms=3.74545 relative_l2=1.2481e-07 cpu_heap_peak=2724208 cpu_rss_peak=75907072 gpu_peak=357777408 status=PASS
sample_index=64 cpu_pipeline_ms=2.27184 gpu_pipeline_ms=6.10711 cuda_event_aux_sum_ms=4.35763 relative_l2=1.04133e-06 relative_linf=2.9641e-06 detection_mismatch_count=16 valid_detection_mismatch_count=0 boundary_detection_mismatch_count=16 mse=3.58851e-10 rmse=1.89434e-05 formal_relative_l2=1.04133e-06 formal_relative_linf=2.9641e-06 semantic_gates=5/5 accuracy_status=PASS
detection_mismatch_summary sample_index=65 total=16 valid=0 boundary=16
detection_mismatch sample_index=65 flat_index=27 doppler=0 range=27 cfar_cell=boundary gpu_detection=1 cpu_detection=0 gpu_power=2.71385e-14 cpu_power=0 gpu_threshold=0 cpu_threshold=0
detection_mismatch sample_index=65 flat_index=59 doppler=1 range=27 cfar_cell=boundary gpu_detection=1 cpu_detection=0 gpu_power=3.10458e-14 cpu_power=0 gpu_threshold=0 cpu_threshold=0
detection_mismatch sample_index=65 flat_index=91 doppler=2 range=27 cfar_cell=boundary gpu_detection=1 cpu_detection=0 gpu_power=7.3567e-14 cpu_power=0 gpu_threshold=0 cpu_threshold=0
detection_mismatch sample_index=65 flat_index=123 doppler=3 range=27 cfar_cell=boundary gpu_detection=1 cpu_detection=0 gpu_power=2.90151e-12 cpu_power=0 gpu_threshold=0 cpu_threshold=0
detection_mismatch sample_index=65 flat_index=155 doppler=4 range=27 cfar_cell=boundary gpu_detection=1 cpu_detection=0 gpu_power=1.24707e-11 cpu_power=0 gpu_threshold=0 cpu_threshold=0
detection_mismatch sample_index=65 flat_index=187 doppler=5 range=27 cfar_cell=boundary gpu_detection=1 cpu_detection=0 gpu_power=2.60242e-12 cpu_power=0 gpu_threshold=0 cpu_threshold=0
detection_mismatch sample_index=65 flat_index=219 doppler=6 range=27 cfar_cell=boundary gpu_detection=1 cpu_detection=0 gpu_power=2.09604e-14 cpu_power=0 gpu_threshold=0 cpu_threshold=0
detection_mismatch sample_index=65 flat_index=251 doppler=7 range=27 cfar_cell=boundary gpu_detection=1 cpu_detection=0 gpu_power=6.18493e-14 cpu_power=0 gpu_threshold=0 cpu_threshold=0
detection_mismatch sample_index=65 flat_index=283 doppler=8 range=27 cfar_cell=boundary gpu_detection=1 cpu_detection=0 gpu_power=1.02927e-13 cpu_power=0 gpu_threshold=0 cpu_threshold=0
detection_mismatch sample_index=65 flat_index=315 doppler=9 range=27 cfar_cell=boundary gpu_detection=1 cpu_detection=0 gpu_power=4.3125e-14 cpu_power=0 gpu_threshold=0 cpu_threshold=0
detection_mismatch sample_index=65 flat_index=347 doppler=10 range=27 cfar_cell=boundary gpu_detection=1 cpu_detection=0 gpu_power=4.59391e-14 cpu_power=0 gpu_threshold=0 cpu_threshold=0
detection_mismatch sample_index=65 flat_index=379 doppler=11 range=27 cfar_cell=boundary gpu_detection=1 cpu_detection=0 gpu_power=6.91818e-15 cpu_power=0 gpu_threshold=0 cpu_threshold=0
detection_mismatch sample_index=65 flat_index=411 doppler=12 range=27 cfar_cell=boundary gpu_detection=1 cpu_detection=0 gpu_power=1.30478e-13 cpu_power=0 gpu_threshold=0 cpu_threshold=0
detection_mismatch sample_index=65 flat_index=443 doppler=13 range=27 cfar_cell=boundary gpu_detection=1 cpu_detection=0 gpu_power=1.24239e-13 cpu_power=0 gpu_threshold=0 cpu_threshold=0
detection_mismatch sample_index=65 flat_index=475 doppler=14 range=27 cfar_cell=boundary gpu_detection=1 cpu_detection=0 gpu_power=1.22179e-13 cpu_power=0 gpu_threshold=0 cpu_threshold=0
detection_mismatch sample_index=65 flat_index=507 doppler=15 range=27 cfar_cell=boundary gpu_detection=1 cpu_detection=0 gpu_power=2.42141e-14 cpu_power=0 gpu_threshold=0 cpu_threshold=0
sample_index=65 step=step1 cpu_ms=0.04856 gpu_ms=0.344554 relative_l2=8.98327e-07 cpu_heap_peak=2739040 cpu_rss_peak=75907072 gpu_peak=357777408 status=PASS
sample_index=65 step=step2 cpu_ms=0.289044 gpu_ms=0.679429 relative_l2=1.39991e-07 cpu_heap_peak=2743408 cpu_rss_peak=75907072 gpu_peak=357777408 status=PASS
sample_index=65 step=step3 cpu_ms=0.657598 gpu_ms=0.344474 relative_l2=3.37245e-07 cpu_heap_peak=2747520 cpu_rss_peak=75907072 gpu_peak=357777408 status=PASS
sample_index=65 step=step4 cpu_ms=0.050441 gpu_ms=0.487746 relative_l2=1.46504e-07 cpu_heap_peak=2751904 cpu_rss_peak=75907072 gpu_peak=357777408 status=PASS
sample_index=65 step=step5 cpu_ms=1.20324 gpu_ms=3.86117 relative_l2=1.2481e-07 cpu_heap_peak=2759856 cpu_rss_peak=75907072 gpu_peak=357777408 status=PASS
sample_index=65 cpu_pipeline_ms=2.25786 gpu_pipeline_ms=6.23767 cuda_event_aux_sum_ms=4.48129 relative_l2=1.04133e-06 relative_linf=2.9641e-06 detection_mismatch_count=16 valid_detection_mismatch_count=0 boundary_detection_mismatch_count=16 mse=3.58851e-10 rmse=1.89434e-05 formal_relative_l2=1.04133e-06 formal_relative_linf=2.9641e-06 semantic_gates=5/5 accuracy_status=PASS
detection_mismatch_summary sample_index=66 total=16 valid=0 boundary=16
detection_mismatch sample_index=66 flat_index=27 doppler=0 range=27 cfar_cell=boundary gpu_detection=1 cpu_detection=0 gpu_power=2.71385e-14 cpu_power=0 gpu_threshold=0 cpu_threshold=0
detection_mismatch sample_index=66 flat_index=59 doppler=1 range=27 cfar_cell=boundary gpu_detection=1 cpu_detection=0 gpu_power=3.10458e-14 cpu_power=0 gpu_threshold=0 cpu_threshold=0
detection_mismatch sample_index=66 flat_index=91 doppler=2 range=27 cfar_cell=boundary gpu_detection=1 cpu_detection=0 gpu_power=7.3567e-14 cpu_power=0 gpu_threshold=0 cpu_threshold=0
detection_mismatch sample_index=66 flat_index=123 doppler=3 range=27 cfar_cell=boundary gpu_detection=1 cpu_detection=0 gpu_power=2.90151e-12 cpu_power=0 gpu_threshold=0 cpu_threshold=0
detection_mismatch sample_index=66 flat_index=155 doppler=4 range=27 cfar_cell=boundary gpu_detection=1 cpu_detection=0 gpu_power=1.24707e-11 cpu_power=0 gpu_threshold=0 cpu_threshold=0
detection_mismatch sample_index=66 flat_index=187 doppler=5 range=27 cfar_cell=boundary gpu_detection=1 cpu_detection=0 gpu_power=2.60242e-12 cpu_power=0 gpu_threshold=0 cpu_threshold=0
detection_mismatch sample_index=66 flat_index=219 doppler=6 range=27 cfar_cell=boundary gpu_detection=1 cpu_detection=0 gpu_power=2.09604e-14 cpu_power=0 gpu_threshold=0 cpu_threshold=0
detection_mismatch sample_index=66 flat_index=251 doppler=7 range=27 cfar_cell=boundary gpu_detection=1 cpu_detection=0 gpu_power=6.18493e-14 cpu_power=0 gpu_threshold=0 cpu_threshold=0
detection_mismatch sample_index=66 flat_index=283 doppler=8 range=27 cfar_cell=boundary gpu_detection=1 cpu_detection=0 gpu_power=1.02927e-13 cpu_power=0 gpu_threshold=0 cpu_threshold=0
detection_mismatch sample_index=66 flat_index=315 doppler=9 range=27 cfar_cell=boundary gpu_detection=1 cpu_detection=0 gpu_power=4.3125e-14 cpu_power=0 gpu_threshold=0 cpu_threshold=0
detection_mismatch sample_index=66 flat_index=347 doppler=10 range=27 cfar_cell=boundary gpu_detection=1 cpu_detection=0 gpu_power=4.59391e-14 cpu_power=0 gpu_threshold=0 cpu_threshold=0
detection_mismatch sample_index=66 flat_index=379 doppler=11 range=27 cfar_cell=boundary gpu_detection=1 cpu_detection=0 gpu_power=6.91818e-15 cpu_power=0 gpu_threshold=0 cpu_threshold=0
detection_mismatch sample_index=66 flat_index=411 doppler=12 range=27 cfar_cell=boundary gpu_detection=1 cpu_detection=0 gpu_power=1.30478e-13 cpu_power=0 gpu_threshold=0 cpu_threshold=0
detection_mismatch sample_index=66 flat_index=443 doppler=13 range=27 cfar_cell=boundary gpu_detection=1 cpu_detection=0 gpu_power=1.24239e-13 cpu_power=0 gpu_threshold=0 cpu_threshold=0
detection_mismatch sample_index=66 flat_index=475 doppler=14 range=27 cfar_cell=boundary gpu_detection=1 cpu_detection=0 gpu_power=1.22179e-13 cpu_power=0 gpu_threshold=0 cpu_threshold=0
detection_mismatch sample_index=66 flat_index=507 doppler=15 range=27 cfar_cell=boundary gpu_detection=1 cpu_detection=0 gpu_power=2.42141e-14 cpu_power=0 gpu_threshold=0 cpu_threshold=0
sample_index=66 step=step1 cpu_ms=0.048591 gpu_ms=0.339274 relative_l2=8.98327e-07 cpu_heap_peak=2739056 cpu_rss_peak=75907072 gpu_peak=357777408 status=PASS
sample_index=66 step=step2 cpu_ms=0.288833 gpu_ms=0.687539 relative_l2=1.39991e-07 cpu_heap_peak=2743424 cpu_rss_peak=75907072 gpu_peak=357777408 status=PASS
sample_index=66 step=step3 cpu_ms=0.660428 gpu_ms=0.381355 relative_l2=3.37245e-07 cpu_heap_peak=2747536 cpu_rss_peak=75907072 gpu_peak=357777408 status=PASS
sample_index=66 step=step4 cpu_ms=0.050621 gpu_ms=0.511857 relative_l2=1.46504e-07 cpu_heap_peak=2751920 cpu_rss_peak=75907072 gpu_peak=357777408 status=PASS
sample_index=66 step=step5 cpu_ms=1.20216 gpu_ms=3.70449 relative_l2=1.2481e-07 cpu_heap_peak=2759872 cpu_rss_peak=75907072 gpu_peak=357777408 status=PASS
sample_index=66 cpu_pipeline_ms=2.2595 gpu_pipeline_ms=6.17703 cuda_event_aux_sum_ms=4.38115 relative_l2=1.04133e-06 relative_linf=2.9641e-06 detection_mismatch_count=16 valid_detection_mismatch_count=0 boundary_detection_mismatch_count=16 mse=3.58851e-10 rmse=1.89434e-05 formal_relative_l2=1.04133e-06 formal_relative_linf=2.9641e-06 semantic_gates=5/5 accuracy_status=PASS
detection_mismatch_summary sample_index=67 total=16 valid=0 boundary=16
detection_mismatch sample_index=67 flat_index=27 doppler=0 range=27 cfar_cell=boundary gpu_detection=1 cpu_detection=0 gpu_power=2.71385e-14 cpu_power=0 gpu_threshold=0 cpu_threshold=0
detection_mismatch sample_index=67 flat_index=59 doppler=1 range=27 cfar_cell=boundary gpu_detection=1 cpu_detection=0 gpu_power=3.10458e-14 cpu_power=0 gpu_threshold=0 cpu_threshold=0
detection_mismatch sample_index=67 flat_index=91 doppler=2 range=27 cfar_cell=boundary gpu_detection=1 cpu_detection=0 gpu_power=7.3567e-14 cpu_power=0 gpu_threshold=0 cpu_threshold=0
detection_mismatch sample_index=67 flat_index=123 doppler=3 range=27 cfar_cell=boundary gpu_detection=1 cpu_detection=0 gpu_power=2.90151e-12 cpu_power=0 gpu_threshold=0 cpu_threshold=0
detection_mismatch sample_index=67 flat_index=155 doppler=4 range=27 cfar_cell=boundary gpu_detection=1 cpu_detection=0 gpu_power=1.24707e-11 cpu_power=0 gpu_threshold=0 cpu_threshold=0
detection_mismatch sample_index=67 flat_index=187 doppler=5 range=27 cfar_cell=boundary gpu_detection=1 cpu_detection=0 gpu_power=2.60242e-12 cpu_power=0 gpu_threshold=0 cpu_threshold=0
detection_mismatch sample_index=67 flat_index=219 doppler=6 range=27 cfar_cell=boundary gpu_detection=1 cpu_detection=0 gpu_power=2.09604e-14 cpu_power=0 gpu_threshold=0 cpu_threshold=0
detection_mismatch sample_index=67 flat_index=251 doppler=7 range=27 cfar_cell=boundary gpu_detection=1 cpu_detection=0 gpu_power=6.18493e-14 cpu_power=0 gpu_threshold=0 cpu_threshold=0
detection_mismatch sample_index=67 flat_index=283 doppler=8 range=27 cfar_cell=boundary gpu_detection=1 cpu_detection=0 gpu_power=1.02927e-13 cpu_power=0 gpu_threshold=0 cpu_threshold=0
detection_mismatch sample_index=67 flat_index=315 doppler=9 range=27 cfar_cell=boundary gpu_detection=1 cpu_detection=0 gpu_power=4.3125e-14 cpu_power=0 gpu_threshold=0 cpu_threshold=0
detection_mismatch sample_index=67 flat_index=347 doppler=10 range=27 cfar_cell=boundary gpu_detection=1 cpu_detection=0 gpu_power=4.59391e-14 cpu_power=0 gpu_threshold=0 cpu_threshold=0
detection_mismatch sample_index=67 flat_index=379 doppler=11 range=27 cfar_cell=boundary gpu_detection=1 cpu_detection=0 gpu_power=6.91818e-15 cpu_power=0 gpu_threshold=0 cpu_threshold=0
detection_mismatch sample_index=67 flat_index=411 doppler=12 range=27 cfar_cell=boundary gpu_detection=1 cpu_detection=0 gpu_power=1.30478e-13 cpu_power=0 gpu_threshold=0 cpu_threshold=0
detection_mismatch sample_index=67 flat_index=443 doppler=13 range=27 cfar_cell=boundary gpu_detection=1 cpu_detection=0 gpu_power=1.24239e-13 cpu_power=0 gpu_threshold=0 cpu_threshold=0
detection_mismatch sample_index=67 flat_index=475 doppler=14 range=27 cfar_cell=boundary gpu_detection=1 cpu_detection=0 gpu_power=1.22179e-13 cpu_power=0 gpu_threshold=0 cpu_threshold=0
detection_mismatch sample_index=67 flat_index=507 doppler=15 range=27 cfar_cell=boundary gpu_detection=1 cpu_detection=0 gpu_power=2.42141e-14 cpu_power=0 gpu_threshold=0 cpu_threshold=0
sample_index=67 step=step1 cpu_ms=0.048571 gpu_ms=0.322964 relative_l2=8.98327e-07 cpu_heap_peak=2740208 cpu_rss_peak=75907072 gpu_peak=357777408 status=PASS
sample_index=67 step=step2 cpu_ms=0.288383 gpu_ms=0.667578 relative_l2=1.39991e-07 cpu_heap_peak=2744576 cpu_rss_peak=75907072 gpu_peak=357777408 status=PASS
sample_index=67 step=step3 cpu_ms=0.704319 gpu_ms=0.340075 relative_l2=3.37245e-07 cpu_heap_peak=2748688 cpu_rss_peak=75907072 gpu_peak=357777408 status=PASS
sample_index=67 step=step4 cpu_ms=0.050731 gpu_ms=0.514926 relative_l2=1.46504e-07 cpu_heap_peak=2753072 cpu_rss_peak=75907072 gpu_peak=357777408 status=PASS
sample_index=67 step=step5 cpu_ms=1.20122 gpu_ms=3.7533 relative_l2=1.2481e-07 cpu_heap_peak=2761024 cpu_rss_peak=75907072 gpu_peak=357777408 status=PASS
sample_index=67 cpu_pipeline_ms=2.30272 gpu_pipeline_ms=6.12035 cuda_event_aux_sum_ms=4.36509 relative_l2=1.04133e-06 relative_linf=2.9641e-06 detection_mismatch_count=16 valid_detection_mismatch_count=0 boundary_detection_mismatch_count=16 mse=3.58851e-10 rmse=1.89434e-05 formal_relative_l2=1.04133e-06 formal_relative_linf=2.9641e-06 semantic_gates=5/5 accuracy_status=PASS
detection_mismatch_summary sample_index=68 total=16 valid=0 boundary=16
detection_mismatch sample_index=68 flat_index=27 doppler=0 range=27 cfar_cell=boundary gpu_detection=1 cpu_detection=0 gpu_power=2.71385e-14 cpu_power=0 gpu_threshold=0 cpu_threshold=0
detection_mismatch sample_index=68 flat_index=59 doppler=1 range=27 cfar_cell=boundary gpu_detection=1 cpu_detection=0 gpu_power=3.10458e-14 cpu_power=0 gpu_threshold=0 cpu_threshold=0
detection_mismatch sample_index=68 flat_index=91 doppler=2 range=27 cfar_cell=boundary gpu_detection=1 cpu_detection=0 gpu_power=7.3567e-14 cpu_power=0 gpu_threshold=0 cpu_threshold=0
detection_mismatch sample_index=68 flat_index=123 doppler=3 range=27 cfar_cell=boundary gpu_detection=1 cpu_detection=0 gpu_power=2.90151e-12 cpu_power=0 gpu_threshold=0 cpu_threshold=0
detection_mismatch sample_index=68 flat_index=155 doppler=4 range=27 cfar_cell=boundary gpu_detection=1 cpu_detection=0 gpu_power=1.24707e-11 cpu_power=0 gpu_threshold=0 cpu_threshold=0
detection_mismatch sample_index=68 flat_index=187 doppler=5 range=27 cfar_cell=boundary gpu_detection=1 cpu_detection=0 gpu_power=2.60242e-12 cpu_power=0 gpu_threshold=0 cpu_threshold=0
detection_mismatch sample_index=68 flat_index=219 doppler=6 range=27 cfar_cell=boundary gpu_detection=1 cpu_detection=0 gpu_power=2.09604e-14 cpu_power=0 gpu_threshold=0 cpu_threshold=0
detection_mismatch sample_index=68 flat_index=251 doppler=7 range=27 cfar_cell=boundary gpu_detection=1 cpu_detection=0 gpu_power=6.18493e-14 cpu_power=0 gpu_threshold=0 cpu_threshold=0
detection_mismatch sample_index=68 flat_index=283 doppler=8 range=27 cfar_cell=boundary gpu_detection=1 cpu_detection=0 gpu_power=1.02927e-13 cpu_power=0 gpu_threshold=0 cpu_threshold=0
detection_mismatch sample_index=68 flat_index=315 doppler=9 range=27 cfar_cell=boundary gpu_detection=1 cpu_detection=0 gpu_power=4.3125e-14 cpu_power=0 gpu_threshold=0 cpu_threshold=0
detection_mismatch sample_index=68 flat_index=347 doppler=10 range=27 cfar_cell=boundary gpu_detection=1 cpu_detection=0 gpu_power=4.59391e-14 cpu_power=0 gpu_threshold=0 cpu_threshold=0
detection_mismatch sample_index=68 flat_index=379 doppler=11 range=27 cfar_cell=boundary gpu_detection=1 cpu_detection=0 gpu_power=6.91818e-15 cpu_power=0 gpu_threshold=0 cpu_threshold=0
detection_mismatch sample_index=68 flat_index=411 doppler=12 range=27 cfar_cell=boundary gpu_detection=1 cpu_detection=0 gpu_power=1.30478e-13 cpu_power=0 gpu_threshold=0 cpu_threshold=0
detection_mismatch sample_index=68 flat_index=443 doppler=13 range=27 cfar_cell=boundary gpu_detection=1 cpu_detection=0 gpu_power=1.24239e-13 cpu_power=0 gpu_threshold=0 cpu_threshold=0
detection_mismatch sample_index=68 flat_index=475 doppler=14 range=27 cfar_cell=boundary gpu_detection=1 cpu_detection=0 gpu_power=1.22179e-13 cpu_power=0 gpu_threshold=0 cpu_threshold=0
detection_mismatch sample_index=68 flat_index=507 doppler=15 range=27 cfar_cell=boundary gpu_detection=1 cpu_detection=0 gpu_power=2.42141e-14 cpu_power=0 gpu_threshold=0 cpu_threshold=0
sample_index=68 step=step1 cpu_ms=0.04848 gpu_ms=0.337284 relative_l2=8.98327e-07 cpu_heap_peak=2738848 cpu_rss_peak=75907072 gpu_peak=357777408 status=PASS
sample_index=68 step=step2 cpu_ms=0.288104 gpu_ms=0.668098 relative_l2=1.39991e-07 cpu_heap_peak=2743216 cpu_rss_peak=75907072 gpu_peak=357777408 status=PASS
sample_index=68 step=step3 cpu_ms=0.659808 gpu_ms=0.341504 relative_l2=3.37245e-07 cpu_heap_peak=2747328 cpu_rss_peak=75907072 gpu_peak=357777408 status=PASS
sample_index=68 step=step4 cpu_ms=0.050961 gpu_ms=0.494496 relative_l2=1.46504e-07 cpu_heap_peak=2751712 cpu_rss_peak=75907072 gpu_peak=357777408 status=PASS
sample_index=68 step=step5 cpu_ms=1.20537 gpu_ms=3.7392 relative_l2=1.2481e-07 cpu_heap_peak=2759664 cpu_rss_peak=75907072 gpu_peak=357777408 status=PASS
sample_index=68 cpu_pipeline_ms=2.2614 gpu_pipeline_ms=6.10824 cuda_event_aux_sum_ms=4.3437 relative_l2=1.04133e-06 relative_linf=2.9641e-06 detection_mismatch_count=16 valid_detection_mismatch_count=0 boundary_detection_mismatch_count=16 mse=3.58851e-10 rmse=1.89434e-05 formal_relative_l2=1.04133e-06 formal_relative_linf=2.9641e-06 semantic_gates=5/5 accuracy_status=PASS
detection_mismatch_summary sample_index=69 total=16 valid=0 boundary=16
detection_mismatch sample_index=69 flat_index=27 doppler=0 range=27 cfar_cell=boundary gpu_detection=1 cpu_detection=0 gpu_power=2.71385e-14 cpu_power=0 gpu_threshold=0 cpu_threshold=0
detection_mismatch sample_index=69 flat_index=59 doppler=1 range=27 cfar_cell=boundary gpu_detection=1 cpu_detection=0 gpu_power=3.10458e-14 cpu_power=0 gpu_threshold=0 cpu_threshold=0
detection_mismatch sample_index=69 flat_index=91 doppler=2 range=27 cfar_cell=boundary gpu_detection=1 cpu_detection=0 gpu_power=7.3567e-14 cpu_power=0 gpu_threshold=0 cpu_threshold=0
detection_mismatch sample_index=69 flat_index=123 doppler=3 range=27 cfar_cell=boundary gpu_detection=1 cpu_detection=0 gpu_power=2.90151e-12 cpu_power=0 gpu_threshold=0 cpu_threshold=0
detection_mismatch sample_index=69 flat_index=155 doppler=4 range=27 cfar_cell=boundary gpu_detection=1 cpu_detection=0 gpu_power=1.24707e-11 cpu_power=0 gpu_threshold=0 cpu_threshold=0
detection_mismatch sample_index=69 flat_index=187 doppler=5 range=27 cfar_cell=boundary gpu_detection=1 cpu_detection=0 gpu_power=2.60242e-12 cpu_power=0 gpu_threshold=0 cpu_threshold=0
detection_mismatch sample_index=69 flat_index=219 doppler=6 range=27 cfar_cell=boundary gpu_detection=1 cpu_detection=0 gpu_power=2.09604e-14 cpu_power=0 gpu_threshold=0 cpu_threshold=0
detection_mismatch sample_index=69 flat_index=251 doppler=7 range=27 cfar_cell=boundary gpu_detection=1 cpu_detection=0 gpu_power=6.18493e-14 cpu_power=0 gpu_threshold=0 cpu_threshold=0
detection_mismatch sample_index=69 flat_index=283 doppler=8 range=27 cfar_cell=boundary gpu_detection=1 cpu_detection=0 gpu_power=1.02927e-13 cpu_power=0 gpu_threshold=0 cpu_threshold=0
detection_mismatch sample_index=69 flat_index=315 doppler=9 range=27 cfar_cell=boundary gpu_detection=1 cpu_detection=0 gpu_power=4.3125e-14 cpu_power=0 gpu_threshold=0 cpu_threshold=0
detection_mismatch sample_index=69 flat_index=347 doppler=10 range=27 cfar_cell=boundary gpu_detection=1 cpu_detection=0 gpu_power=4.59391e-14 cpu_power=0 gpu_threshold=0 cpu_threshold=0
detection_mismatch sample_index=69 flat_index=379 doppler=11 range=27 cfar_cell=boundary gpu_detection=1 cpu_detection=0 gpu_power=6.91818e-15 cpu_power=0 gpu_threshold=0 cpu_threshold=0
detection_mismatch sample_index=69 flat_index=411 doppler=12 range=27 cfar_cell=boundary gpu_detection=1 cpu_detection=0 gpu_power=1.30478e-13 cpu_power=0 gpu_threshold=0 cpu_threshold=0
detection_mismatch sample_index=69 flat_index=443 doppler=13 range=27 cfar_cell=boundary gpu_detection=1 cpu_detection=0 gpu_power=1.24239e-13 cpu_power=0 gpu_threshold=0 cpu_threshold=0
detection_mismatch sample_index=69 flat_index=475 doppler=14 range=27 cfar_cell=boundary gpu_detection=1 cpu_detection=0 gpu_power=1.22179e-13 cpu_power=0 gpu_threshold=0 cpu_threshold=0
detection_mismatch sample_index=69 flat_index=507 doppler=15 range=27 cfar_cell=boundary gpu_detection=1 cpu_detection=0 gpu_power=2.42141e-14 cpu_power=0 gpu_threshold=0 cpu_threshold=0
sample_index=69 step=step1 cpu_ms=0.0486 gpu_ms=0.330154 relative_l2=8.98327e-07 cpu_heap_peak=2738752 cpu_rss_peak=75907072 gpu_peak=357777408 status=PASS
sample_index=69 step=step2 cpu_ms=0.288254 gpu_ms=0.682619 relative_l2=1.39991e-07 cpu_heap_peak=2743984 cpu_rss_peak=75907072 gpu_peak=357777408 status=PASS
sample_index=69 step=step3 cpu_ms=0.660968 gpu_ms=0.346784 relative_l2=3.37245e-07 cpu_heap_peak=2748096 cpu_rss_peak=75907072 gpu_peak=357777408 status=PASS
sample_index=69 step=step4 cpu_ms=0.050431 gpu_ms=0.498786 relative_l2=1.46504e-07 cpu_heap_peak=2752480 cpu_rss_peak=75907072 gpu_peak=357777408 status=PASS
sample_index=69 step=step5 cpu_ms=1.20568 gpu_ms=3.76817 relative_l2=1.2481e-07 cpu_heap_peak=2760432 cpu_rss_peak=75907072 gpu_peak=357777408 status=PASS
sample_index=69 cpu_pipeline_ms=2.2627 gpu_pipeline_ms=6.22775 cuda_event_aux_sum_ms=4.38083 relative_l2=1.04133e-06 relative_linf=2.9641e-06 detection_mismatch_count=16 valid_detection_mismatch_count=0 boundary_detection_mismatch_count=16 mse=3.58851e-10 rmse=1.89434e-05 formal_relative_l2=1.04133e-06 formal_relative_linf=2.9641e-06 semantic_gates=5/5 accuracy_status=PASS
detection_mismatch_summary sample_index=70 total=16 valid=0 boundary=16
detection_mismatch sample_index=70 flat_index=27 doppler=0 range=27 cfar_cell=boundary gpu_detection=1 cpu_detection=0 gpu_power=2.71385e-14 cpu_power=0 gpu_threshold=0 cpu_threshold=0
detection_mismatch sample_index=70 flat_index=59 doppler=1 range=27 cfar_cell=boundary gpu_detection=1 cpu_detection=0 gpu_power=3.10458e-14 cpu_power=0 gpu_threshold=0 cpu_threshold=0
detection_mismatch sample_index=70 flat_index=91 doppler=2 range=27 cfar_cell=boundary gpu_detection=1 cpu_detection=0 gpu_power=7.3567e-14 cpu_power=0 gpu_threshold=0 cpu_threshold=0
detection_mismatch sample_index=70 flat_index=123 doppler=3 range=27 cfar_cell=boundary gpu_detection=1 cpu_detection=0 gpu_power=2.90151e-12 cpu_power=0 gpu_threshold=0 cpu_threshold=0
detection_mismatch sample_index=70 flat_index=155 doppler=4 range=27 cfar_cell=boundary gpu_detection=1 cpu_detection=0 gpu_power=1.24707e-11 cpu_power=0 gpu_threshold=0 cpu_threshold=0
detection_mismatch sample_index=70 flat_index=187 doppler=5 range=27 cfar_cell=boundary gpu_detection=1 cpu_detection=0 gpu_power=2.60242e-12 cpu_power=0 gpu_threshold=0 cpu_threshold=0
detection_mismatch sample_index=70 flat_index=219 doppler=6 range=27 cfar_cell=boundary gpu_detection=1 cpu_detection=0 gpu_power=2.09604e-14 cpu_power=0 gpu_threshold=0 cpu_threshold=0
detection_mismatch sample_index=70 flat_index=251 doppler=7 range=27 cfar_cell=boundary gpu_detection=1 cpu_detection=0 gpu_power=6.18493e-14 cpu_power=0 gpu_threshold=0 cpu_threshold=0
detection_mismatch sample_index=70 flat_index=283 doppler=8 range=27 cfar_cell=boundary gpu_detection=1 cpu_detection=0 gpu_power=1.02927e-13 cpu_power=0 gpu_threshold=0 cpu_threshold=0
detection_mismatch sample_index=70 flat_index=315 doppler=9 range=27 cfar_cell=boundary gpu_detection=1 cpu_detection=0 gpu_power=4.3125e-14 cpu_power=0 gpu_threshold=0 cpu_threshold=0
detection_mismatch sample_index=70 flat_index=347 doppler=10 range=27 cfar_cell=boundary gpu_detection=1 cpu_detection=0 gpu_power=4.59391e-14 cpu_power=0 gpu_threshold=0 cpu_threshold=0
detection_mismatch sample_index=70 flat_index=379 doppler=11 range=27 cfar_cell=boundary gpu_detection=1 cpu_detection=0 gpu_power=6.91818e-15 cpu_power=0 gpu_threshold=0 cpu_threshold=0
detection_mismatch sample_index=70 flat_index=411 doppler=12 range=27 cfar_cell=boundary gpu_detection=1 cpu_detection=0 gpu_power=1.30478e-13 cpu_power=0 gpu_threshold=0 cpu_threshold=0
detection_mismatch sample_index=70 flat_index=443 doppler=13 range=27 cfar_cell=boundary gpu_detection=1 cpu_detection=0 gpu_power=1.24239e-13 cpu_power=0 gpu_threshold=0 cpu_threshold=0
detection_mismatch sample_index=70 flat_index=475 doppler=14 range=27 cfar_cell=boundary gpu_detection=1 cpu_detection=0 gpu_power=1.22179e-13 cpu_power=0 gpu_threshold=0 cpu_threshold=0
detection_mismatch sample_index=70 flat_index=507 doppler=15 range=27 cfar_cell=boundary gpu_detection=1 cpu_detection=0 gpu_power=2.42141e-14 cpu_power=0 gpu_threshold=0 cpu_threshold=0
sample_index=70 step=step1 cpu_ms=0.048551 gpu_ms=0.332874 relative_l2=8.98327e-07 cpu_heap_peak=2739920 cpu_rss_peak=75907072 gpu_peak=357777408 status=PASS
sample_index=70 step=step2 cpu_ms=0.288814 gpu_ms=0.681468 relative_l2=1.39991e-07 cpu_heap_peak=2744288 cpu_rss_peak=75907072 gpu_peak=357777408 status=PASS
sample_index=70 step=step3 cpu_ms=0.673368 gpu_ms=0.342504 relative_l2=3.37245e-07 cpu_heap_peak=2748400 cpu_rss_peak=75907072 gpu_peak=357777408 status=PASS
sample_index=70 step=step4 cpu_ms=0.049791 gpu_ms=0.510297 relative_l2=1.46504e-07 cpu_heap_peak=2752752 cpu_rss_peak=75907072 gpu_peak=357777408 status=PASS
sample_index=70 step=step5 cpu_ms=1.20174 gpu_ms=3.72839 relative_l2=1.2481e-07 cpu_heap_peak=2760736 cpu_rss_peak=75907072 gpu_peak=357777408 status=PASS
sample_index=70 cpu_pipeline_ms=2.27151 gpu_pipeline_ms=6.14018 cuda_event_aux_sum_ms=4.35651 relative_l2=1.04133e-06 relative_linf=2.9641e-06 detection_mismatch_count=16 valid_detection_mismatch_count=0 boundary_detection_mismatch_count=16 mse=3.58851e-10 rmse=1.89434e-05 formal_relative_l2=1.04133e-06 formal_relative_linf=2.9641e-06 semantic_gates=5/5 accuracy_status=PASS
detection_mismatch_summary sample_index=71 total=16 valid=0 boundary=16
detection_mismatch sample_index=71 flat_index=27 doppler=0 range=27 cfar_cell=boundary gpu_detection=1 cpu_detection=0 gpu_power=2.71385e-14 cpu_power=0 gpu_threshold=0 cpu_threshold=0
detection_mismatch sample_index=71 flat_index=59 doppler=1 range=27 cfar_cell=boundary gpu_detection=1 cpu_detection=0 gpu_power=3.10458e-14 cpu_power=0 gpu_threshold=0 cpu_threshold=0
detection_mismatch sample_index=71 flat_index=91 doppler=2 range=27 cfar_cell=boundary gpu_detection=1 cpu_detection=0 gpu_power=7.3567e-14 cpu_power=0 gpu_threshold=0 cpu_threshold=0
detection_mismatch sample_index=71 flat_index=123 doppler=3 range=27 cfar_cell=boundary gpu_detection=1 cpu_detection=0 gpu_power=2.90151e-12 cpu_power=0 gpu_threshold=0 cpu_threshold=0
detection_mismatch sample_index=71 flat_index=155 doppler=4 range=27 cfar_cell=boundary gpu_detection=1 cpu_detection=0 gpu_power=1.24707e-11 cpu_power=0 gpu_threshold=0 cpu_threshold=0
detection_mismatch sample_index=71 flat_index=187 doppler=5 range=27 cfar_cell=boundary gpu_detection=1 cpu_detection=0 gpu_power=2.60242e-12 cpu_power=0 gpu_threshold=0 cpu_threshold=0
detection_mismatch sample_index=71 flat_index=219 doppler=6 range=27 cfar_cell=boundary gpu_detection=1 cpu_detection=0 gpu_power=2.09604e-14 cpu_power=0 gpu_threshold=0 cpu_threshold=0
detection_mismatch sample_index=71 flat_index=251 doppler=7 range=27 cfar_cell=boundary gpu_detection=1 cpu_detection=0 gpu_power=6.18493e-14 cpu_power=0 gpu_threshold=0 cpu_threshold=0
detection_mismatch sample_index=71 flat_index=283 doppler=8 range=27 cfar_cell=boundary gpu_detection=1 cpu_detection=0 gpu_power=1.02927e-13 cpu_power=0 gpu_threshold=0 cpu_threshold=0
detection_mismatch sample_index=71 flat_index=315 doppler=9 range=27 cfar_cell=boundary gpu_detection=1 cpu_detection=0 gpu_power=4.3125e-14 cpu_power=0 gpu_threshold=0 cpu_threshold=0
detection_mismatch sample_index=71 flat_index=347 doppler=10 range=27 cfar_cell=boundary gpu_detection=1 cpu_detection=0 gpu_power=4.59391e-14 cpu_power=0 gpu_threshold=0 cpu_threshold=0
detection_mismatch sample_index=71 flat_index=379 doppler=11 range=27 cfar_cell=boundary gpu_detection=1 cpu_detection=0 gpu_power=6.91818e-15 cpu_power=0 gpu_threshold=0 cpu_threshold=0
detection_mismatch sample_index=71 flat_index=411 doppler=12 range=27 cfar_cell=boundary gpu_detection=1 cpu_detection=0 gpu_power=1.30478e-13 cpu_power=0 gpu_threshold=0 cpu_threshold=0
detection_mismatch sample_index=71 flat_index=443 doppler=13 range=27 cfar_cell=boundary gpu_detection=1 cpu_detection=0 gpu_power=1.24239e-13 cpu_power=0 gpu_threshold=0 cpu_threshold=0
detection_mismatch sample_index=71 flat_index=475 doppler=14 range=27 cfar_cell=boundary gpu_detection=1 cpu_detection=0 gpu_power=1.22179e-13 cpu_power=0 gpu_threshold=0 cpu_threshold=0
detection_mismatch sample_index=71 flat_index=507 doppler=15 range=27 cfar_cell=boundary gpu_detection=1 cpu_detection=0 gpu_power=2.42141e-14 cpu_power=0 gpu_threshold=0 cpu_threshold=0
sample_index=71 step=step1 cpu_ms=0.04842 gpu_ms=0.361314 relative_l2=8.98327e-07 cpu_heap_peak=2739584 cpu_rss_peak=75907072 gpu_peak=357777408 status=PASS
sample_index=71 step=step2 cpu_ms=0.288134 gpu_ms=0.683189 relative_l2=1.39991e-07 cpu_heap_peak=2743952 cpu_rss_peak=75907072 gpu_peak=357777408 status=PASS
sample_index=71 step=step3 cpu_ms=0.659678 gpu_ms=0.343034 relative_l2=3.37245e-07 cpu_heap_peak=2748064 cpu_rss_peak=75907072 gpu_peak=357777408 status=PASS
sample_index=71 step=step4 cpu_ms=0.050951 gpu_ms=0.508296 relative_l2=1.46504e-07 cpu_heap_peak=2752448 cpu_rss_peak=75907072 gpu_peak=357777408 status=PASS
sample_index=71 step=step5 cpu_ms=1.22181 gpu_ms=3.75925 relative_l2=1.2481e-07 cpu_heap_peak=2760400 cpu_rss_peak=75907072 gpu_peak=357777408 status=PASS
sample_index=71 cpu_pipeline_ms=2.27789 gpu_pipeline_ms=6.19481 cuda_event_aux_sum_ms=4.37131 relative_l2=1.04133e-06 relative_linf=2.9641e-06 detection_mismatch_count=16 valid_detection_mismatch_count=0 boundary_detection_mismatch_count=16 mse=3.58851e-10 rmse=1.89434e-05 formal_relative_l2=1.04133e-06 formal_relative_linf=2.9641e-06 semantic_gates=5/5 accuracy_status=PASS
detection_mismatch_summary sample_index=72 total=16 valid=0 boundary=16
detection_mismatch sample_index=72 flat_index=27 doppler=0 range=27 cfar_cell=boundary gpu_detection=1 cpu_detection=0 gpu_power=2.71385e-14 cpu_power=0 gpu_threshold=0 cpu_threshold=0
detection_mismatch sample_index=72 flat_index=59 doppler=1 range=27 cfar_cell=boundary gpu_detection=1 cpu_detection=0 gpu_power=3.10458e-14 cpu_power=0 gpu_threshold=0 cpu_threshold=0
detection_mismatch sample_index=72 flat_index=91 doppler=2 range=27 cfar_cell=boundary gpu_detection=1 cpu_detection=0 gpu_power=7.3567e-14 cpu_power=0 gpu_threshold=0 cpu_threshold=0
detection_mismatch sample_index=72 flat_index=123 doppler=3 range=27 cfar_cell=boundary gpu_detection=1 cpu_detection=0 gpu_power=2.90151e-12 cpu_power=0 gpu_threshold=0 cpu_threshold=0
detection_mismatch sample_index=72 flat_index=155 doppler=4 range=27 cfar_cell=boundary gpu_detection=1 cpu_detection=0 gpu_power=1.24707e-11 cpu_power=0 gpu_threshold=0 cpu_threshold=0
detection_mismatch sample_index=72 flat_index=187 doppler=5 range=27 cfar_cell=boundary gpu_detection=1 cpu_detection=0 gpu_power=2.60242e-12 cpu_power=0 gpu_threshold=0 cpu_threshold=0
detection_mismatch sample_index=72 flat_index=219 doppler=6 range=27 cfar_cell=boundary gpu_detection=1 cpu_detection=0 gpu_power=2.09604e-14 cpu_power=0 gpu_threshold=0 cpu_threshold=0
detection_mismatch sample_index=72 flat_index=251 doppler=7 range=27 cfar_cell=boundary gpu_detection=1 cpu_detection=0 gpu_power=6.18493e-14 cpu_power=0 gpu_threshold=0 cpu_threshold=0
detection_mismatch sample_index=72 flat_index=283 doppler=8 range=27 cfar_cell=boundary gpu_detection=1 cpu_detection=0 gpu_power=1.02927e-13 cpu_power=0 gpu_threshold=0 cpu_threshold=0
detection_mismatch sample_index=72 flat_index=315 doppler=9 range=27 cfar_cell=boundary gpu_detection=1 cpu_detection=0 gpu_power=4.3125e-14 cpu_power=0 gpu_threshold=0 cpu_threshold=0
detection_mismatch sample_index=72 flat_index=347 doppler=10 range=27 cfar_cell=boundary gpu_detection=1 cpu_detection=0 gpu_power=4.59391e-14 cpu_power=0 gpu_threshold=0 cpu_threshold=0
detection_mismatch sample_index=72 flat_index=379 doppler=11 range=27 cfar_cell=boundary gpu_detection=1 cpu_detection=0 gpu_power=6.91818e-15 cpu_power=0 gpu_threshold=0 cpu_threshold=0
detection_mismatch sample_index=72 flat_index=411 doppler=12 range=27 cfar_cell=boundary gpu_detection=1 cpu_detection=0 gpu_power=1.30478e-13 cpu_power=0 gpu_threshold=0 cpu_threshold=0
detection_mismatch sample_index=72 flat_index=443 doppler=13 range=27 cfar_cell=boundary gpu_detection=1 cpu_detection=0 gpu_power=1.24239e-13 cpu_power=0 gpu_threshold=0 cpu_threshold=0
detection_mismatch sample_index=72 flat_index=475 doppler=14 range=27 cfar_cell=boundary gpu_detection=1 cpu_detection=0 gpu_power=1.22179e-13 cpu_power=0 gpu_threshold=0 cpu_threshold=0
detection_mismatch sample_index=72 flat_index=507 doppler=15 range=27 cfar_cell=boundary gpu_detection=1 cpu_detection=0 gpu_power=2.42141e-14 cpu_power=0 gpu_threshold=0 cpu_threshold=0
sample_index=72 step=step1 cpu_ms=0.04852 gpu_ms=0.324514 relative_l2=8.98327e-07 cpu_heap_peak=2740208 cpu_rss_peak=75907072 gpu_peak=357777408 status=PASS
sample_index=72 step=step2 cpu_ms=0.289024 gpu_ms=0.693869 relative_l2=1.39991e-07 cpu_heap_peak=2744576 cpu_rss_peak=75907072 gpu_peak=357777408 status=PASS
sample_index=72 step=step3 cpu_ms=0.660828 gpu_ms=0.343224 relative_l2=3.37245e-07 cpu_heap_peak=2748688 cpu_rss_peak=75907072 gpu_peak=357777408 status=PASS
sample_index=72 step=step4 cpu_ms=0.049901 gpu_ms=0.494346 relative_l2=1.46504e-07 cpu_heap_peak=2753072 cpu_rss_peak=75907072 gpu_peak=357777408 status=PASS
sample_index=72 step=step5 cpu_ms=1.20349 gpu_ms=3.76714 relative_l2=1.2481e-07 cpu_heap_peak=2761024 cpu_rss_peak=75907072 gpu_peak=357777408 status=PASS
sample_index=72 cpu_pipeline_ms=2.26055 gpu_pipeline_ms=6.1722 cuda_event_aux_sum_ms=4.38334 relative_l2=1.04133e-06 relative_linf=2.9641e-06 detection_mismatch_count=16 valid_detection_mismatch_count=0 boundary_detection_mismatch_count=16 mse=3.58851e-10 rmse=1.89434e-05 formal_relative_l2=1.04133e-06 formal_relative_linf=2.9641e-06 semantic_gates=5/5 accuracy_status=PASS
detection_mismatch_summary sample_index=73 total=16 valid=0 boundary=16
detection_mismatch sample_index=73 flat_index=27 doppler=0 range=27 cfar_cell=boundary gpu_detection=1 cpu_detection=0 gpu_power=2.71385e-14 cpu_power=0 gpu_threshold=0 cpu_threshold=0
detection_mismatch sample_index=73 flat_index=59 doppler=1 range=27 cfar_cell=boundary gpu_detection=1 cpu_detection=0 gpu_power=3.10458e-14 cpu_power=0 gpu_threshold=0 cpu_threshold=0
detection_mismatch sample_index=73 flat_index=91 doppler=2 range=27 cfar_cell=boundary gpu_detection=1 cpu_detection=0 gpu_power=7.3567e-14 cpu_power=0 gpu_threshold=0 cpu_threshold=0
detection_mismatch sample_index=73 flat_index=123 doppler=3 range=27 cfar_cell=boundary gpu_detection=1 cpu_detection=0 gpu_power=2.90151e-12 cpu_power=0 gpu_threshold=0 cpu_threshold=0
detection_mismatch sample_index=73 flat_index=155 doppler=4 range=27 cfar_cell=boundary gpu_detection=1 cpu_detection=0 gpu_power=1.24707e-11 cpu_power=0 gpu_threshold=0 cpu_threshold=0
detection_mismatch sample_index=73 flat_index=187 doppler=5 range=27 cfar_cell=boundary gpu_detection=1 cpu_detection=0 gpu_power=2.60242e-12 cpu_power=0 gpu_threshold=0 cpu_threshold=0
detection_mismatch sample_index=73 flat_index=219 doppler=6 range=27 cfar_cell=boundary gpu_detection=1 cpu_detection=0 gpu_power=2.09604e-14 cpu_power=0 gpu_threshold=0 cpu_threshold=0
detection_mismatch sample_index=73 flat_index=251 doppler=7 range=27 cfar_cell=boundary gpu_detection=1 cpu_detection=0 gpu_power=6.18493e-14 cpu_power=0 gpu_threshold=0 cpu_threshold=0
detection_mismatch sample_index=73 flat_index=283 doppler=8 range=27 cfar_cell=boundary gpu_detection=1 cpu_detection=0 gpu_power=1.02927e-13 cpu_power=0 gpu_threshold=0 cpu_threshold=0
detection_mismatch sample_index=73 flat_index=315 doppler=9 range=27 cfar_cell=boundary gpu_detection=1 cpu_detection=0 gpu_power=4.3125e-14 cpu_power=0 gpu_threshold=0 cpu_threshold=0
detection_mismatch sample_index=73 flat_index=347 doppler=10 range=27 cfar_cell=boundary gpu_detection=1 cpu_detection=0 gpu_power=4.59391e-14 cpu_power=0 gpu_threshold=0 cpu_threshold=0
detection_mismatch sample_index=73 flat_index=379 doppler=11 range=27 cfar_cell=boundary gpu_detection=1 cpu_detection=0 gpu_power=6.91818e-15 cpu_power=0 gpu_threshold=0 cpu_threshold=0
detection_mismatch sample_index=73 flat_index=411 doppler=12 range=27 cfar_cell=boundary gpu_detection=1 cpu_detection=0 gpu_power=1.30478e-13 cpu_power=0 gpu_threshold=0 cpu_threshold=0
detection_mismatch sample_index=73 flat_index=443 doppler=13 range=27 cfar_cell=boundary gpu_detection=1 cpu_detection=0 gpu_power=1.24239e-13 cpu_power=0 gpu_threshold=0 cpu_threshold=0
detection_mismatch sample_index=73 flat_index=475 doppler=14 range=27 cfar_cell=boundary gpu_detection=1 cpu_detection=0 gpu_power=1.22179e-13 cpu_power=0 gpu_threshold=0 cpu_threshold=0
detection_mismatch sample_index=73 flat_index=507 doppler=15 range=27 cfar_cell=boundary gpu_detection=1 cpu_detection=0 gpu_power=2.42141e-14 cpu_power=0 gpu_threshold=0 cpu_threshold=0
sample_index=73 step=step1 cpu_ms=0.048461 gpu_ms=0.324874 relative_l2=8.98327e-07 cpu_heap_peak=2740240 cpu_rss_peak=75907072 gpu_peak=357777408 status=PASS
sample_index=73 step=step2 cpu_ms=0.288563 gpu_ms=0.678368 relative_l2=1.39991e-07 cpu_heap_peak=2744608 cpu_rss_peak=75907072 gpu_peak=357777408 status=PASS
sample_index=73 step=step3 cpu_ms=0.663158 gpu_ms=0.342904 relative_l2=3.37245e-07 cpu_heap_peak=2748720 cpu_rss_peak=75907072 gpu_peak=357777408 status=PASS
sample_index=73 step=step4 cpu_ms=0.051751 gpu_ms=0.518927 relative_l2=1.46504e-07 cpu_heap_peak=2753072 cpu_rss_peak=75907072 gpu_peak=357777408 status=PASS
sample_index=73 step=step5 cpu_ms=1.20396 gpu_ms=3.73796 relative_l2=1.2481e-07 cpu_heap_peak=2761056 cpu_rss_peak=75907072 gpu_peak=357777408 status=PASS
sample_index=73 cpu_pipeline_ms=2.26522 gpu_pipeline_ms=6.1344 cuda_event_aux_sum_ms=4.38954 relative_l2=1.04133e-06 relative_linf=2.9641e-06 detection_mismatch_count=16 valid_detection_mismatch_count=0 boundary_detection_mismatch_count=16 mse=3.58851e-10 rmse=1.89434e-05 formal_relative_l2=1.04133e-06 formal_relative_linf=2.9641e-06 semantic_gates=5/5 accuracy_status=PASS
detection_mismatch_summary sample_index=74 total=16 valid=0 boundary=16
detection_mismatch sample_index=74 flat_index=27 doppler=0 range=27 cfar_cell=boundary gpu_detection=1 cpu_detection=0 gpu_power=2.71385e-14 cpu_power=0 gpu_threshold=0 cpu_threshold=0
detection_mismatch sample_index=74 flat_index=59 doppler=1 range=27 cfar_cell=boundary gpu_detection=1 cpu_detection=0 gpu_power=3.10458e-14 cpu_power=0 gpu_threshold=0 cpu_threshold=0
detection_mismatch sample_index=74 flat_index=91 doppler=2 range=27 cfar_cell=boundary gpu_detection=1 cpu_detection=0 gpu_power=7.3567e-14 cpu_power=0 gpu_threshold=0 cpu_threshold=0
detection_mismatch sample_index=74 flat_index=123 doppler=3 range=27 cfar_cell=boundary gpu_detection=1 cpu_detection=0 gpu_power=2.90151e-12 cpu_power=0 gpu_threshold=0 cpu_threshold=0
detection_mismatch sample_index=74 flat_index=155 doppler=4 range=27 cfar_cell=boundary gpu_detection=1 cpu_detection=0 gpu_power=1.24707e-11 cpu_power=0 gpu_threshold=0 cpu_threshold=0
detection_mismatch sample_index=74 flat_index=187 doppler=5 range=27 cfar_cell=boundary gpu_detection=1 cpu_detection=0 gpu_power=2.60242e-12 cpu_power=0 gpu_threshold=0 cpu_threshold=0
detection_mismatch sample_index=74 flat_index=219 doppler=6 range=27 cfar_cell=boundary gpu_detection=1 cpu_detection=0 gpu_power=2.09604e-14 cpu_power=0 gpu_threshold=0 cpu_threshold=0
detection_mismatch sample_index=74 flat_index=251 doppler=7 range=27 cfar_cell=boundary gpu_detection=1 cpu_detection=0 gpu_power=6.18493e-14 cpu_power=0 gpu_threshold=0 cpu_threshold=0
detection_mismatch sample_index=74 flat_index=283 doppler=8 range=27 cfar_cell=boundary gpu_detection=1 cpu_detection=0 gpu_power=1.02927e-13 cpu_power=0 gpu_threshold=0 cpu_threshold=0
detection_mismatch sample_index=74 flat_index=315 doppler=9 range=27 cfar_cell=boundary gpu_detection=1 cpu_detection=0 gpu_power=4.3125e-14 cpu_power=0 gpu_threshold=0 cpu_threshold=0
detection_mismatch sample_index=74 flat_index=347 doppler=10 range=27 cfar_cell=boundary gpu_detection=1 cpu_detection=0 gpu_power=4.59391e-14 cpu_power=0 gpu_threshold=0 cpu_threshold=0
detection_mismatch sample_index=74 flat_index=379 doppler=11 range=27 cfar_cell=boundary gpu_detection=1 cpu_detection=0 gpu_power=6.91818e-15 cpu_power=0 gpu_threshold=0 cpu_threshold=0
detection_mismatch sample_index=74 flat_index=411 doppler=12 range=27 cfar_cell=boundary gpu_detection=1 cpu_detection=0 gpu_power=1.30478e-13 cpu_power=0 gpu_threshold=0 cpu_threshold=0
detection_mismatch sample_index=74 flat_index=443 doppler=13 range=27 cfar_cell=boundary gpu_detection=1 cpu_detection=0 gpu_power=1.24239e-13 cpu_power=0 gpu_threshold=0 cpu_threshold=0
detection_mismatch sample_index=74 flat_index=475 doppler=14 range=27 cfar_cell=boundary gpu_detection=1 cpu_detection=0 gpu_power=1.22179e-13 cpu_power=0 gpu_threshold=0 cpu_threshold=0
detection_mismatch sample_index=74 flat_index=507 doppler=15 range=27 cfar_cell=boundary gpu_detection=1 cpu_detection=0 gpu_power=2.42141e-14 cpu_power=0 gpu_threshold=0 cpu_threshold=0
sample_index=74 step=step1 cpu_ms=0.048541 gpu_ms=0.328224 relative_l2=8.98327e-07 cpu_heap_peak=2740144 cpu_rss_peak=75907072 gpu_peak=357777408 status=PASS
sample_index=74 step=step2 cpu_ms=0.290094 gpu_ms=0.700099 relative_l2=1.39991e-07 cpu_heap_peak=2745376 cpu_rss_peak=75907072 gpu_peak=357777408 status=PASS
sample_index=74 step=step3 cpu_ms=0.660248 gpu_ms=0.360695 relative_l2=3.37245e-07 cpu_heap_peak=2749488 cpu_rss_peak=75907072 gpu_peak=357777408 status=PASS
sample_index=74 step=step4 cpu_ms=0.050511 gpu_ms=0.497646 relative_l2=1.46504e-07 cpu_heap_peak=2753872 cpu_rss_peak=75907072 gpu_peak=357777408 status=PASS
sample_index=74 step=step5 cpu_ms=1.22378 gpu_ms=3.73118 relative_l2=1.2481e-07 cpu_heap_peak=2761824 cpu_rss_peak=75907072 gpu_peak=357777408 status=PASS
sample_index=74 cpu_pipeline_ms=2.28225 gpu_pipeline_ms=6.15009 cuda_event_aux_sum_ms=4.39401 relative_l2=1.04133e-06 relative_linf=2.9641e-06 detection_mismatch_count=16 valid_detection_mismatch_count=0 boundary_detection_mismatch_count=16 mse=3.58851e-10 rmse=1.89434e-05 formal_relative_l2=1.04133e-06 formal_relative_linf=2.9641e-06 semantic_gates=5/5 accuracy_status=PASS
detection_mismatch_summary sample_index=75 total=16 valid=0 boundary=16
detection_mismatch sample_index=75 flat_index=27 doppler=0 range=27 cfar_cell=boundary gpu_detection=1 cpu_detection=0 gpu_power=2.71385e-14 cpu_power=0 gpu_threshold=0 cpu_threshold=0
detection_mismatch sample_index=75 flat_index=59 doppler=1 range=27 cfar_cell=boundary gpu_detection=1 cpu_detection=0 gpu_power=3.10458e-14 cpu_power=0 gpu_threshold=0 cpu_threshold=0
detection_mismatch sample_index=75 flat_index=91 doppler=2 range=27 cfar_cell=boundary gpu_detection=1 cpu_detection=0 gpu_power=7.3567e-14 cpu_power=0 gpu_threshold=0 cpu_threshold=0
detection_mismatch sample_index=75 flat_index=123 doppler=3 range=27 cfar_cell=boundary gpu_detection=1 cpu_detection=0 gpu_power=2.90151e-12 cpu_power=0 gpu_threshold=0 cpu_threshold=0
detection_mismatch sample_index=75 flat_index=155 doppler=4 range=27 cfar_cell=boundary gpu_detection=1 cpu_detection=0 gpu_power=1.24707e-11 cpu_power=0 gpu_threshold=0 cpu_threshold=0
detection_mismatch sample_index=75 flat_index=187 doppler=5 range=27 cfar_cell=boundary gpu_detection=1 cpu_detection=0 gpu_power=2.60242e-12 cpu_power=0 gpu_threshold=0 cpu_threshold=0
detection_mismatch sample_index=75 flat_index=219 doppler=6 range=27 cfar_cell=boundary gpu_detection=1 cpu_detection=0 gpu_power=2.09604e-14 cpu_power=0 gpu_threshold=0 cpu_threshold=0
detection_mismatch sample_index=75 flat_index=251 doppler=7 range=27 cfar_cell=boundary gpu_detection=1 cpu_detection=0 gpu_power=6.18493e-14 cpu_power=0 gpu_threshold=0 cpu_threshold=0
detection_mismatch sample_index=75 flat_index=283 doppler=8 range=27 cfar_cell=boundary gpu_detection=1 cpu_detection=0 gpu_power=1.02927e-13 cpu_power=0 gpu_threshold=0 cpu_threshold=0
detection_mismatch sample_index=75 flat_index=315 doppler=9 range=27 cfar_cell=boundary gpu_detection=1 cpu_detection=0 gpu_power=4.3125e-14 cpu_power=0 gpu_threshold=0 cpu_threshold=0
detection_mismatch sample_index=75 flat_index=347 doppler=10 range=27 cfar_cell=boundary gpu_detection=1 cpu_detection=0 gpu_power=4.59391e-14 cpu_power=0 gpu_threshold=0 cpu_threshold=0
detection_mismatch sample_index=75 flat_index=379 doppler=11 range=27 cfar_cell=boundary gpu_detection=1 cpu_detection=0 gpu_power=6.91818e-15 cpu_power=0 gpu_threshold=0 cpu_threshold=0
detection_mismatch sample_index=75 flat_index=411 doppler=12 range=27 cfar_cell=boundary gpu_detection=1 cpu_detection=0 gpu_power=1.30478e-13 cpu_power=0 gpu_threshold=0 cpu_threshold=0
detection_mismatch sample_index=75 flat_index=443 doppler=13 range=27 cfar_cell=boundary gpu_detection=1 cpu_detection=0 gpu_power=1.24239e-13 cpu_power=0 gpu_threshold=0 cpu_threshold=0
detection_mismatch sample_index=75 flat_index=475 doppler=14 range=27 cfar_cell=boundary gpu_detection=1 cpu_detection=0 gpu_power=1.22179e-13 cpu_power=0 gpu_threshold=0 cpu_threshold=0
detection_mismatch sample_index=75 flat_index=507 doppler=15 range=27 cfar_cell=boundary gpu_detection=1 cpu_detection=0 gpu_power=2.42141e-14 cpu_power=0 gpu_threshold=0 cpu_threshold=0
sample_index=75 step=step1 cpu_ms=0.048461 gpu_ms=0.346154 relative_l2=8.98327e-07 cpu_heap_peak=2739984 cpu_rss_peak=75907072 gpu_peak=357777408 status=PASS
sample_index=75 step=step2 cpu_ms=0.289283 gpu_ms=0.670728 relative_l2=1.39991e-07 cpu_heap_peak=2744352 cpu_rss_peak=75907072 gpu_peak=357777408 status=PASS
sample_index=75 step=step3 cpu_ms=0.662849 gpu_ms=0.341034 relative_l2=3.37245e-07 cpu_heap_peak=2748464 cpu_rss_peak=75907072 gpu_peak=357777408 status=PASS
sample_index=75 step=step4 cpu_ms=0.0512 gpu_ms=0.495356 relative_l2=1.46504e-07 cpu_heap_peak=2752848 cpu_rss_peak=75907072 gpu_peak=357777408 status=PASS
sample_index=75 step=step5 cpu_ms=1.20236 gpu_ms=3.79674 relative_l2=1.2481e-07 cpu_heap_peak=2760800 cpu_rss_peak=75907072 gpu_peak=357777408 status=PASS
sample_index=75 cpu_pipeline_ms=2.26301 gpu_pipeline_ms=6.18088 cuda_event_aux_sum_ms=4.40297 relative_l2=1.04133e-06 relative_linf=2.9641e-06 detection_mismatch_count=16 valid_detection_mismatch_count=0 boundary_detection_mismatch_count=16 mse=3.58851e-10 rmse=1.89434e-05 formal_relative_l2=1.04133e-06 formal_relative_linf=2.9641e-06 semantic_gates=5/5 accuracy_status=PASS
detection_mismatch_summary sample_index=76 total=16 valid=0 boundary=16
detection_mismatch sample_index=76 flat_index=27 doppler=0 range=27 cfar_cell=boundary gpu_detection=1 cpu_detection=0 gpu_power=2.71385e-14 cpu_power=0 gpu_threshold=0 cpu_threshold=0
detection_mismatch sample_index=76 flat_index=59 doppler=1 range=27 cfar_cell=boundary gpu_detection=1 cpu_detection=0 gpu_power=3.10458e-14 cpu_power=0 gpu_threshold=0 cpu_threshold=0
detection_mismatch sample_index=76 flat_index=91 doppler=2 range=27 cfar_cell=boundary gpu_detection=1 cpu_detection=0 gpu_power=7.3567e-14 cpu_power=0 gpu_threshold=0 cpu_threshold=0
detection_mismatch sample_index=76 flat_index=123 doppler=3 range=27 cfar_cell=boundary gpu_detection=1 cpu_detection=0 gpu_power=2.90151e-12 cpu_power=0 gpu_threshold=0 cpu_threshold=0
detection_mismatch sample_index=76 flat_index=155 doppler=4 range=27 cfar_cell=boundary gpu_detection=1 cpu_detection=0 gpu_power=1.24707e-11 cpu_power=0 gpu_threshold=0 cpu_threshold=0
detection_mismatch sample_index=76 flat_index=187 doppler=5 range=27 cfar_cell=boundary gpu_detection=1 cpu_detection=0 gpu_power=2.60242e-12 cpu_power=0 gpu_threshold=0 cpu_threshold=0
detection_mismatch sample_index=76 flat_index=219 doppler=6 range=27 cfar_cell=boundary gpu_detection=1 cpu_detection=0 gpu_power=2.09604e-14 cpu_power=0 gpu_threshold=0 cpu_threshold=0
detection_mismatch sample_index=76 flat_index=251 doppler=7 range=27 cfar_cell=boundary gpu_detection=1 cpu_detection=0 gpu_power=6.18493e-14 cpu_power=0 gpu_threshold=0 cpu_threshold=0
detection_mismatch sample_index=76 flat_index=283 doppler=8 range=27 cfar_cell=boundary gpu_detection=1 cpu_detection=0 gpu_power=1.02927e-13 cpu_power=0 gpu_threshold=0 cpu_threshold=0
detection_mismatch sample_index=76 flat_index=315 doppler=9 range=27 cfar_cell=boundary gpu_detection=1 cpu_detection=0 gpu_power=4.3125e-14 cpu_power=0 gpu_threshold=0 cpu_threshold=0
detection_mismatch sample_index=76 flat_index=347 doppler=10 range=27 cfar_cell=boundary gpu_detection=1 cpu_detection=0 gpu_power=4.59391e-14 cpu_power=0 gpu_threshold=0 cpu_threshold=0
detection_mismatch sample_index=76 flat_index=379 doppler=11 range=27 cfar_cell=boundary gpu_detection=1 cpu_detection=0 gpu_power=6.91818e-15 cpu_power=0 gpu_threshold=0 cpu_threshold=0
detection_mismatch sample_index=76 flat_index=411 doppler=12 range=27 cfar_cell=boundary gpu_detection=1 cpu_detection=0 gpu_power=1.30478e-13 cpu_power=0 gpu_threshold=0 cpu_threshold=0
detection_mismatch sample_index=76 flat_index=443 doppler=13 range=27 cfar_cell=boundary gpu_detection=1 cpu_detection=0 gpu_power=1.24239e-13 cpu_power=0 gpu_threshold=0 cpu_threshold=0
detection_mismatch sample_index=76 flat_index=475 doppler=14 range=27 cfar_cell=boundary gpu_detection=1 cpu_detection=0 gpu_power=1.22179e-13 cpu_power=0 gpu_threshold=0 cpu_threshold=0
detection_mismatch sample_index=76 flat_index=507 doppler=15 range=27 cfar_cell=boundary gpu_detection=1 cpu_detection=0 gpu_power=2.42141e-14 cpu_power=0 gpu_threshold=0 cpu_threshold=0
sample_index=76 step=step1 cpu_ms=0.04878 gpu_ms=0.325114 relative_l2=8.98327e-07 cpu_heap_peak=2740048 cpu_rss_peak=75907072 gpu_peak=357777408 status=PASS
sample_index=76 step=step2 cpu_ms=0.289214 gpu_ms=0.675048 relative_l2=1.39991e-07 cpu_heap_peak=2745424 cpu_rss_peak=75907072 gpu_peak=357777408 status=PASS
sample_index=76 step=step3 cpu_ms=0.659318 gpu_ms=0.330784 relative_l2=3.37245e-07 cpu_heap_peak=2749536 cpu_rss_peak=75907072 gpu_peak=357777408 status=PASS
sample_index=76 step=step4 cpu_ms=0.050931 gpu_ms=0.485846 relative_l2=1.46504e-07 cpu_heap_peak=2753920 cpu_rss_peak=75907072 gpu_peak=357777408 status=PASS
sample_index=76 step=step5 cpu_ms=1.20257 gpu_ms=3.74775 relative_l2=1.2481e-07 cpu_heap_peak=2761872 cpu_rss_peak=75907072 gpu_peak=357777408 status=PASS
sample_index=76 cpu_pipeline_ms=2.26024 gpu_pipeline_ms=6.1195 cuda_event_aux_sum_ms=4.34387 relative_l2=1.04133e-06 relative_linf=2.9641e-06 detection_mismatch_count=16 valid_detection_mismatch_count=0 boundary_detection_mismatch_count=16 mse=3.58851e-10 rmse=1.89434e-05 formal_relative_l2=1.04133e-06 formal_relative_linf=2.9641e-06 semantic_gates=5/5 accuracy_status=PASS
detection_mismatch_summary sample_index=77 total=16 valid=0 boundary=16
detection_mismatch sample_index=77 flat_index=27 doppler=0 range=27 cfar_cell=boundary gpu_detection=1 cpu_detection=0 gpu_power=2.71385e-14 cpu_power=0 gpu_threshold=0 cpu_threshold=0
detection_mismatch sample_index=77 flat_index=59 doppler=1 range=27 cfar_cell=boundary gpu_detection=1 cpu_detection=0 gpu_power=3.10458e-14 cpu_power=0 gpu_threshold=0 cpu_threshold=0
detection_mismatch sample_index=77 flat_index=91 doppler=2 range=27 cfar_cell=boundary gpu_detection=1 cpu_detection=0 gpu_power=7.3567e-14 cpu_power=0 gpu_threshold=0 cpu_threshold=0
detection_mismatch sample_index=77 flat_index=123 doppler=3 range=27 cfar_cell=boundary gpu_detection=1 cpu_detection=0 gpu_power=2.90151e-12 cpu_power=0 gpu_threshold=0 cpu_threshold=0
detection_mismatch sample_index=77 flat_index=155 doppler=4 range=27 cfar_cell=boundary gpu_detection=1 cpu_detection=0 gpu_power=1.24707e-11 cpu_power=0 gpu_threshold=0 cpu_threshold=0
detection_mismatch sample_index=77 flat_index=187 doppler=5 range=27 cfar_cell=boundary gpu_detection=1 cpu_detection=0 gpu_power=2.60242e-12 cpu_power=0 gpu_threshold=0 cpu_threshold=0
detection_mismatch sample_index=77 flat_index=219 doppler=6 range=27 cfar_cell=boundary gpu_detection=1 cpu_detection=0 gpu_power=2.09604e-14 cpu_power=0 gpu_threshold=0 cpu_threshold=0
detection_mismatch sample_index=77 flat_index=251 doppler=7 range=27 cfar_cell=boundary gpu_detection=1 cpu_detection=0 gpu_power=6.18493e-14 cpu_power=0 gpu_threshold=0 cpu_threshold=0
detection_mismatch sample_index=77 flat_index=283 doppler=8 range=27 cfar_cell=boundary gpu_detection=1 cpu_detection=0 gpu_power=1.02927e-13 cpu_power=0 gpu_threshold=0 cpu_threshold=0
detection_mismatch sample_index=77 flat_index=315 doppler=9 range=27 cfar_cell=boundary gpu_detection=1 cpu_detection=0 gpu_power=4.3125e-14 cpu_power=0 gpu_threshold=0 cpu_threshold=0
detection_mismatch sample_index=77 flat_index=347 doppler=10 range=27 cfar_cell=boundary gpu_detection=1 cpu_detection=0 gpu_power=4.59391e-14 cpu_power=0 gpu_threshold=0 cpu_threshold=0
detection_mismatch sample_index=77 flat_index=379 doppler=11 range=27 cfar_cell=boundary gpu_detection=1 cpu_detection=0 gpu_power=6.91818e-15 cpu_power=0 gpu_threshold=0 cpu_threshold=0
detection_mismatch sample_index=77 flat_index=411 doppler=12 range=27 cfar_cell=boundary gpu_detection=1 cpu_detection=0 gpu_power=1.30478e-13 cpu_power=0 gpu_threshold=0 cpu_threshold=0
detection_mismatch sample_index=77 flat_index=443 doppler=13 range=27 cfar_cell=boundary gpu_detection=1 cpu_detection=0 gpu_power=1.24239e-13 cpu_power=0 gpu_threshold=0 cpu_threshold=0
detection_mismatch sample_index=77 flat_index=475 doppler=14 range=27 cfar_cell=boundary gpu_detection=1 cpu_detection=0 gpu_power=1.22179e-13 cpu_power=0 gpu_threshold=0 cpu_threshold=0
detection_mismatch sample_index=77 flat_index=507 doppler=15 range=27 cfar_cell=boundary gpu_detection=1 cpu_detection=0 gpu_power=2.42141e-14 cpu_power=0 gpu_threshold=0 cpu_threshold=0
sample_index=77 step=step1 cpu_ms=0.048531 gpu_ms=0.332115 relative_l2=8.98327e-07 cpu_heap_peak=2741040 cpu_rss_peak=75907072 gpu_peak=357777408 status=PASS
sample_index=77 step=step2 cpu_ms=0.288463 gpu_ms=0.685679 relative_l2=1.39991e-07 cpu_heap_peak=2746272 cpu_rss_peak=75907072 gpu_peak=357777408 status=PASS
sample_index=77 step=step3 cpu_ms=0.670379 gpu_ms=0.339425 relative_l2=3.37245e-07 cpu_heap_peak=2750384 cpu_rss_peak=75907072 gpu_peak=357777408 status=PASS
sample_index=77 step=step4 cpu_ms=0.0505 gpu_ms=0.506136 relative_l2=1.46504e-07 cpu_heap_peak=2754768 cpu_rss_peak=75907072 gpu_peak=357777408 status=PASS
sample_index=77 step=step5 cpu_ms=1.20308 gpu_ms=3.77485 relative_l2=1.2481e-07 cpu_heap_peak=2762720 cpu_rss_peak=75907072 gpu_peak=357777408 status=PASS
sample_index=77 cpu_pipeline_ms=2.26988 gpu_pipeline_ms=6.15772 cuda_event_aux_sum_ms=4.40337 relative_l2=1.04133e-06 relative_linf=2.9641e-06 detection_mismatch_count=16 valid_detection_mismatch_count=0 boundary_detection_mismatch_count=16 mse=3.58851e-10 rmse=1.89434e-05 formal_relative_l2=1.04133e-06 formal_relative_linf=2.9641e-06 semantic_gates=5/5 accuracy_status=PASS
detection_mismatch_summary sample_index=78 total=16 valid=0 boundary=16
detection_mismatch sample_index=78 flat_index=27 doppler=0 range=27 cfar_cell=boundary gpu_detection=1 cpu_detection=0 gpu_power=2.71385e-14 cpu_power=0 gpu_threshold=0 cpu_threshold=0
detection_mismatch sample_index=78 flat_index=59 doppler=1 range=27 cfar_cell=boundary gpu_detection=1 cpu_detection=0 gpu_power=3.10458e-14 cpu_power=0 gpu_threshold=0 cpu_threshold=0
detection_mismatch sample_index=78 flat_index=91 doppler=2 range=27 cfar_cell=boundary gpu_detection=1 cpu_detection=0 gpu_power=7.3567e-14 cpu_power=0 gpu_threshold=0 cpu_threshold=0
detection_mismatch sample_index=78 flat_index=123 doppler=3 range=27 cfar_cell=boundary gpu_detection=1 cpu_detection=0 gpu_power=2.90151e-12 cpu_power=0 gpu_threshold=0 cpu_threshold=0
detection_mismatch sample_index=78 flat_index=155 doppler=4 range=27 cfar_cell=boundary gpu_detection=1 cpu_detection=0 gpu_power=1.24707e-11 cpu_power=0 gpu_threshold=0 cpu_threshold=0
detection_mismatch sample_index=78 flat_index=187 doppler=5 range=27 cfar_cell=boundary gpu_detection=1 cpu_detection=0 gpu_power=2.60242e-12 cpu_power=0 gpu_threshold=0 cpu_threshold=0
detection_mismatch sample_index=78 flat_index=219 doppler=6 range=27 cfar_cell=boundary gpu_detection=1 cpu_detection=0 gpu_power=2.09604e-14 cpu_power=0 gpu_threshold=0 cpu_threshold=0
detection_mismatch sample_index=78 flat_index=251 doppler=7 range=27 cfar_cell=boundary gpu_detection=1 cpu_detection=0 gpu_power=6.18493e-14 cpu_power=0 gpu_threshold=0 cpu_threshold=0
detection_mismatch sample_index=78 flat_index=283 doppler=8 range=27 cfar_cell=boundary gpu_detection=1 cpu_detection=0 gpu_power=1.02927e-13 cpu_power=0 gpu_threshold=0 cpu_threshold=0
detection_mismatch sample_index=78 flat_index=315 doppler=9 range=27 cfar_cell=boundary gpu_detection=1 cpu_detection=0 gpu_power=4.3125e-14 cpu_power=0 gpu_threshold=0 cpu_threshold=0
detection_mismatch sample_index=78 flat_index=347 doppler=10 range=27 cfar_cell=boundary gpu_detection=1 cpu_detection=0 gpu_power=4.59391e-14 cpu_power=0 gpu_threshold=0 cpu_threshold=0
detection_mismatch sample_index=78 flat_index=379 doppler=11 range=27 cfar_cell=boundary gpu_detection=1 cpu_detection=0 gpu_power=6.91818e-15 cpu_power=0 gpu_threshold=0 cpu_threshold=0
detection_mismatch sample_index=78 flat_index=411 doppler=12 range=27 cfar_cell=boundary gpu_detection=1 cpu_detection=0 gpu_power=1.30478e-13 cpu_power=0 gpu_threshold=0 cpu_threshold=0
detection_mismatch sample_index=78 flat_index=443 doppler=13 range=27 cfar_cell=boundary gpu_detection=1 cpu_detection=0 gpu_power=1.24239e-13 cpu_power=0 gpu_threshold=0 cpu_threshold=0
detection_mismatch sample_index=78 flat_index=475 doppler=14 range=27 cfar_cell=boundary gpu_detection=1 cpu_detection=0 gpu_power=1.22179e-13 cpu_power=0 gpu_threshold=0 cpu_threshold=0
detection_mismatch sample_index=78 flat_index=507 doppler=15 range=27 cfar_cell=boundary gpu_detection=1 cpu_detection=0 gpu_power=2.42141e-14 cpu_power=0 gpu_threshold=0 cpu_threshold=0
sample_index=78 step=step1 cpu_ms=0.048431 gpu_ms=0.334534 relative_l2=8.98327e-07 cpu_heap_peak=2742064 cpu_rss_peak=75907072 gpu_peak=357777408 status=PASS
sample_index=78 step=step2 cpu_ms=0.288953 gpu_ms=0.701319 relative_l2=1.39991e-07 cpu_heap_peak=2746432 cpu_rss_peak=75907072 gpu_peak=357777408 status=PASS
sample_index=78 step=step3 cpu_ms=0.662059 gpu_ms=0.349514 relative_l2=3.37245e-07 cpu_heap_peak=2750544 cpu_rss_peak=75907072 gpu_peak=357777408 status=PASS
sample_index=78 step=step4 cpu_ms=0.049 gpu_ms=0.518096 relative_l2=1.46504e-07 cpu_heap_peak=2754928 cpu_rss_peak=75907072 gpu_peak=357777408 status=PASS
sample_index=78 step=step5 cpu_ms=1.24816 gpu_ms=3.73871 relative_l2=1.2481e-07 cpu_heap_peak=2762880 cpu_rss_peak=75907072 gpu_peak=357777408 status=PASS
sample_index=78 cpu_pipeline_ms=2.30546 gpu_pipeline_ms=6.17088 cuda_event_aux_sum_ms=4.39237 relative_l2=1.04133e-06 relative_linf=2.9641e-06 detection_mismatch_count=16 valid_detection_mismatch_count=0 boundary_detection_mismatch_count=16 mse=3.58851e-10 rmse=1.89434e-05 formal_relative_l2=1.04133e-06 formal_relative_linf=2.9641e-06 semantic_gates=5/5 accuracy_status=PASS
detection_mismatch_summary sample_index=79 total=16 valid=0 boundary=16
detection_mismatch sample_index=79 flat_index=27 doppler=0 range=27 cfar_cell=boundary gpu_detection=1 cpu_detection=0 gpu_power=2.71385e-14 cpu_power=0 gpu_threshold=0 cpu_threshold=0
detection_mismatch sample_index=79 flat_index=59 doppler=1 range=27 cfar_cell=boundary gpu_detection=1 cpu_detection=0 gpu_power=3.10458e-14 cpu_power=0 gpu_threshold=0 cpu_threshold=0
detection_mismatch sample_index=79 flat_index=91 doppler=2 range=27 cfar_cell=boundary gpu_detection=1 cpu_detection=0 gpu_power=7.3567e-14 cpu_power=0 gpu_threshold=0 cpu_threshold=0
detection_mismatch sample_index=79 flat_index=123 doppler=3 range=27 cfar_cell=boundary gpu_detection=1 cpu_detection=0 gpu_power=2.90151e-12 cpu_power=0 gpu_threshold=0 cpu_threshold=0
detection_mismatch sample_index=79 flat_index=155 doppler=4 range=27 cfar_cell=boundary gpu_detection=1 cpu_detection=0 gpu_power=1.24707e-11 cpu_power=0 gpu_threshold=0 cpu_threshold=0
detection_mismatch sample_index=79 flat_index=187 doppler=5 range=27 cfar_cell=boundary gpu_detection=1 cpu_detection=0 gpu_power=2.60242e-12 cpu_power=0 gpu_threshold=0 cpu_threshold=0
detection_mismatch sample_index=79 flat_index=219 doppler=6 range=27 cfar_cell=boundary gpu_detection=1 cpu_detection=0 gpu_power=2.09604e-14 cpu_power=0 gpu_threshold=0 cpu_threshold=0
detection_mismatch sample_index=79 flat_index=251 doppler=7 range=27 cfar_cell=boundary gpu_detection=1 cpu_detection=0 gpu_power=6.18493e-14 cpu_power=0 gpu_threshold=0 cpu_threshold=0
detection_mismatch sample_index=79 flat_index=283 doppler=8 range=27 cfar_cell=boundary gpu_detection=1 cpu_detection=0 gpu_power=1.02927e-13 cpu_power=0 gpu_threshold=0 cpu_threshold=0
detection_mismatch sample_index=79 flat_index=315 doppler=9 range=27 cfar_cell=boundary gpu_detection=1 cpu_detection=0 gpu_power=4.3125e-14 cpu_power=0 gpu_threshold=0 cpu_threshold=0
detection_mismatch sample_index=79 flat_index=347 doppler=10 range=27 cfar_cell=boundary gpu_detection=1 cpu_detection=0 gpu_power=4.59391e-14 cpu_power=0 gpu_threshold=0 cpu_threshold=0
detection_mismatch sample_index=79 flat_index=379 doppler=11 range=27 cfar_cell=boundary gpu_detection=1 cpu_detection=0 gpu_power=6.91818e-15 cpu_power=0 gpu_threshold=0 cpu_threshold=0
detection_mismatch sample_index=79 flat_index=411 doppler=12 range=27 cfar_cell=boundary gpu_detection=1 cpu_detection=0 gpu_power=1.30478e-13 cpu_power=0 gpu_threshold=0 cpu_threshold=0
detection_mismatch sample_index=79 flat_index=443 doppler=13 range=27 cfar_cell=boundary gpu_detection=1 cpu_detection=0 gpu_power=1.24239e-13 cpu_power=0 gpu_threshold=0 cpu_threshold=0
detection_mismatch sample_index=79 flat_index=475 doppler=14 range=27 cfar_cell=boundary gpu_detection=1 cpu_detection=0 gpu_power=1.22179e-13 cpu_power=0 gpu_threshold=0 cpu_threshold=0
detection_mismatch sample_index=79 flat_index=507 doppler=15 range=27 cfar_cell=boundary gpu_detection=1 cpu_detection=0 gpu_power=2.42141e-14 cpu_power=0 gpu_threshold=0 cpu_threshold=0
sample_index=79 step=step1 cpu_ms=0.04849 gpu_ms=0.330714 relative_l2=8.98327e-07 cpu_heap_peak=2741056 cpu_rss_peak=75907072 gpu_peak=357777408 status=PASS
sample_index=79 step=step2 cpu_ms=0.289134 gpu_ms=0.8097 relative_l2=1.39991e-07 cpu_heap_peak=2745424 cpu_rss_peak=75907072 gpu_peak=357777408 status=PASS
sample_index=79 step=step3 cpu_ms=0.658838 gpu_ms=0.343414 relative_l2=3.37245e-07 cpu_heap_peak=2749536 cpu_rss_peak=75907072 gpu_peak=357777408 status=PASS
sample_index=79 step=step4 cpu_ms=0.050491 gpu_ms=0.520327 relative_l2=1.46504e-07 cpu_heap_peak=2753920 cpu_rss_peak=75907072 gpu_peak=357777408 status=PASS
sample_index=79 step=step5 cpu_ms=1.20314 gpu_ms=3.74846 relative_l2=1.2481e-07 cpu_heap_peak=2761872 cpu_rss_peak=75907072 gpu_peak=357777408 status=PASS
sample_index=79 cpu_pipeline_ms=2.25972 gpu_pipeline_ms=6.28285 cuda_event_aux_sum_ms=4.49204 relative_l2=1.04133e-06 relative_linf=2.9641e-06 detection_mismatch_count=16 valid_detection_mismatch_count=0 boundary_detection_mismatch_count=16 mse=3.58851e-10 rmse=1.89434e-05 formal_relative_l2=1.04133e-06 formal_relative_linf=2.9641e-06 semantic_gates=5/5 accuracy_status=PASS
detection_mismatch_summary sample_index=80 total=16 valid=0 boundary=16
detection_mismatch sample_index=80 flat_index=27 doppler=0 range=27 cfar_cell=boundary gpu_detection=1 cpu_detection=0 gpu_power=2.71385e-14 cpu_power=0 gpu_threshold=0 cpu_threshold=0
detection_mismatch sample_index=80 flat_index=59 doppler=1 range=27 cfar_cell=boundary gpu_detection=1 cpu_detection=0 gpu_power=3.10458e-14 cpu_power=0 gpu_threshold=0 cpu_threshold=0
detection_mismatch sample_index=80 flat_index=91 doppler=2 range=27 cfar_cell=boundary gpu_detection=1 cpu_detection=0 gpu_power=7.3567e-14 cpu_power=0 gpu_threshold=0 cpu_threshold=0
detection_mismatch sample_index=80 flat_index=123 doppler=3 range=27 cfar_cell=boundary gpu_detection=1 cpu_detection=0 gpu_power=2.90151e-12 cpu_power=0 gpu_threshold=0 cpu_threshold=0
detection_mismatch sample_index=80 flat_index=155 doppler=4 range=27 cfar_cell=boundary gpu_detection=1 cpu_detection=0 gpu_power=1.24707e-11 cpu_power=0 gpu_threshold=0 cpu_threshold=0
detection_mismatch sample_index=80 flat_index=187 doppler=5 range=27 cfar_cell=boundary gpu_detection=1 cpu_detection=0 gpu_power=2.60242e-12 cpu_power=0 gpu_threshold=0 cpu_threshold=0
detection_mismatch sample_index=80 flat_index=219 doppler=6 range=27 cfar_cell=boundary gpu_detection=1 cpu_detection=0 gpu_power=2.09604e-14 cpu_power=0 gpu_threshold=0 cpu_threshold=0
detection_mismatch sample_index=80 flat_index=251 doppler=7 range=27 cfar_cell=boundary gpu_detection=1 cpu_detection=0 gpu_power=6.18493e-14 cpu_power=0 gpu_threshold=0 cpu_threshold=0
detection_mismatch sample_index=80 flat_index=283 doppler=8 range=27 cfar_cell=boundary gpu_detection=1 cpu_detection=0 gpu_power=1.02927e-13 cpu_power=0 gpu_threshold=0 cpu_threshold=0
detection_mismatch sample_index=80 flat_index=315 doppler=9 range=27 cfar_cell=boundary gpu_detection=1 cpu_detection=0 gpu_power=4.3125e-14 cpu_power=0 gpu_threshold=0 cpu_threshold=0
detection_mismatch sample_index=80 flat_index=347 doppler=10 range=27 cfar_cell=boundary gpu_detection=1 cpu_detection=0 gpu_power=4.59391e-14 cpu_power=0 gpu_threshold=0 cpu_threshold=0
detection_mismatch sample_index=80 flat_index=379 doppler=11 range=27 cfar_cell=boundary gpu_detection=1 cpu_detection=0 gpu_power=6.91818e-15 cpu_power=0 gpu_threshold=0 cpu_threshold=0
detection_mismatch sample_index=80 flat_index=411 doppler=12 range=27 cfar_cell=boundary gpu_detection=1 cpu_detection=0 gpu_power=1.30478e-13 cpu_power=0 gpu_threshold=0 cpu_threshold=0
detection_mismatch sample_index=80 flat_index=443 doppler=13 range=27 cfar_cell=boundary gpu_detection=1 cpu_detection=0 gpu_power=1.24239e-13 cpu_power=0 gpu_threshold=0 cpu_threshold=0
detection_mismatch sample_index=80 flat_index=475 doppler=14 range=27 cfar_cell=boundary gpu_detection=1 cpu_detection=0 gpu_power=1.22179e-13 cpu_power=0 gpu_threshold=0 cpu_threshold=0
detection_mismatch sample_index=80 flat_index=507 doppler=15 range=27 cfar_cell=boundary gpu_detection=1 cpu_detection=0 gpu_power=2.42141e-14 cpu_power=0 gpu_threshold=0 cpu_threshold=0
sample_index=80 step=step1 cpu_ms=0.048461 gpu_ms=0.327074 relative_l2=8.98327e-07 cpu_heap_peak=2740848 cpu_rss_peak=75907072 gpu_peak=357777408 status=PASS
sample_index=80 step=step2 cpu_ms=0.300934 gpu_ms=0.655258 relative_l2=1.39991e-07 cpu_heap_peak=2745216 cpu_rss_peak=75907072 gpu_peak=357777408 status=PASS
sample_index=80 step=step3 cpu_ms=0.661068 gpu_ms=0.344784 relative_l2=3.37245e-07 cpu_heap_peak=2749328 cpu_rss_peak=75907072 gpu_peak=357777408 status=PASS
sample_index=80 step=step4 cpu_ms=0.04994 gpu_ms=0.522646 relative_l2=1.46504e-07 cpu_heap_peak=2753712 cpu_rss_peak=75907072 gpu_peak=357777408 status=PASS
sample_index=80 step=step5 cpu_ms=1.20337 gpu_ms=3.74774 relative_l2=1.2481e-07 cpu_heap_peak=2761664 cpu_rss_peak=75907072 gpu_peak=357777408 status=PASS
sample_index=80 cpu_pipeline_ms=2.27263 gpu_pipeline_ms=6.12227 cuda_event_aux_sum_ms=4.33978 relative_l2=1.04133e-06 relative_linf=2.9641e-06 detection_mismatch_count=16 valid_detection_mismatch_count=0 boundary_detection_mismatch_count=16 mse=3.58851e-10 rmse=1.89434e-05 formal_relative_l2=1.04133e-06 formal_relative_linf=2.9641e-06 semantic_gates=5/5 accuracy_status=PASS
detection_mismatch_summary sample_index=81 total=16 valid=0 boundary=16
detection_mismatch sample_index=81 flat_index=27 doppler=0 range=27 cfar_cell=boundary gpu_detection=1 cpu_detection=0 gpu_power=2.71385e-14 cpu_power=0 gpu_threshold=0 cpu_threshold=0
detection_mismatch sample_index=81 flat_index=59 doppler=1 range=27 cfar_cell=boundary gpu_detection=1 cpu_detection=0 gpu_power=3.10458e-14 cpu_power=0 gpu_threshold=0 cpu_threshold=0
detection_mismatch sample_index=81 flat_index=91 doppler=2 range=27 cfar_cell=boundary gpu_detection=1 cpu_detection=0 gpu_power=7.3567e-14 cpu_power=0 gpu_threshold=0 cpu_threshold=0
detection_mismatch sample_index=81 flat_index=123 doppler=3 range=27 cfar_cell=boundary gpu_detection=1 cpu_detection=0 gpu_power=2.90151e-12 cpu_power=0 gpu_threshold=0 cpu_threshold=0
detection_mismatch sample_index=81 flat_index=155 doppler=4 range=27 cfar_cell=boundary gpu_detection=1 cpu_detection=0 gpu_power=1.24707e-11 cpu_power=0 gpu_threshold=0 cpu_threshold=0
detection_mismatch sample_index=81 flat_index=187 doppler=5 range=27 cfar_cell=boundary gpu_detection=1 cpu_detection=0 gpu_power=2.60242e-12 cpu_power=0 gpu_threshold=0 cpu_threshold=0
detection_mismatch sample_index=81 flat_index=219 doppler=6 range=27 cfar_cell=boundary gpu_detection=1 cpu_detection=0 gpu_power=2.09604e-14 cpu_power=0 gpu_threshold=0 cpu_threshold=0
detection_mismatch sample_index=81 flat_index=251 doppler=7 range=27 cfar_cell=boundary gpu_detection=1 cpu_detection=0 gpu_power=6.18493e-14 cpu_power=0 gpu_threshold=0 cpu_threshold=0
detection_mismatch sample_index=81 flat_index=283 doppler=8 range=27 cfar_cell=boundary gpu_detection=1 cpu_detection=0 gpu_power=1.02927e-13 cpu_power=0 gpu_threshold=0 cpu_threshold=0
detection_mismatch sample_index=81 flat_index=315 doppler=9 range=27 cfar_cell=boundary gpu_detection=1 cpu_detection=0 gpu_power=4.3125e-14 cpu_power=0 gpu_threshold=0 cpu_threshold=0
detection_mismatch sample_index=81 flat_index=347 doppler=10 range=27 cfar_cell=boundary gpu_detection=1 cpu_detection=0 gpu_power=4.59391e-14 cpu_power=0 gpu_threshold=0 cpu_threshold=0
detection_mismatch sample_index=81 flat_index=379 doppler=11 range=27 cfar_cell=boundary gpu_detection=1 cpu_detection=0 gpu_power=6.91818e-15 cpu_power=0 gpu_threshold=0 cpu_threshold=0
detection_mismatch sample_index=81 flat_index=411 doppler=12 range=27 cfar_cell=boundary gpu_detection=1 cpu_detection=0 gpu_power=1.30478e-13 cpu_power=0 gpu_threshold=0 cpu_threshold=0
detection_mismatch sample_index=81 flat_index=443 doppler=13 range=27 cfar_cell=boundary gpu_detection=1 cpu_detection=0 gpu_power=1.24239e-13 cpu_power=0 gpu_threshold=0 cpu_threshold=0
detection_mismatch sample_index=81 flat_index=475 doppler=14 range=27 cfar_cell=boundary gpu_detection=1 cpu_detection=0 gpu_power=1.22179e-13 cpu_power=0 gpu_threshold=0 cpu_threshold=0
detection_mismatch sample_index=81 flat_index=507 doppler=15 range=27 cfar_cell=boundary gpu_detection=1 cpu_detection=0 gpu_power=2.42141e-14 cpu_power=0 gpu_threshold=0 cpu_threshold=0
sample_index=81 step=step1 cpu_ms=0.04858 gpu_ms=0.333044 relative_l2=8.98327e-07 cpu_heap_peak=2740880 cpu_rss_peak=75907072 gpu_peak=357777408 status=PASS
sample_index=81 step=step2 cpu_ms=0.289314 gpu_ms=0.675058 relative_l2=1.39991e-07 cpu_heap_peak=2745248 cpu_rss_peak=75907072 gpu_peak=357777408 status=PASS
sample_index=81 step=step3 cpu_ms=0.660428 gpu_ms=0.338004 relative_l2=3.37245e-07 cpu_heap_peak=2749360 cpu_rss_peak=75907072 gpu_peak=357777408 status=PASS
sample_index=81 step=step4 cpu_ms=0.049871 gpu_ms=0.528057 relative_l2=1.46504e-07 cpu_heap_peak=2753744 cpu_rss_peak=75907072 gpu_peak=357777408 status=PASS
sample_index=81 step=step5 cpu_ms=1.21818 gpu_ms=3.72375 relative_l2=1.2481e-07 cpu_heap_peak=2761696 cpu_rss_peak=75907072 gpu_peak=357777408 status=PASS
sample_index=81 cpu_pipeline_ms=2.27528 gpu_pipeline_ms=6.13116 cuda_event_aux_sum_ms=4.34772 relative_l2=1.04133e-06 relative_linf=2.9641e-06 detection_mismatch_count=16 valid_detection_mismatch_count=0 boundary_detection_mismatch_count=16 mse=3.58851e-10 rmse=1.89434e-05 formal_relative_l2=1.04133e-06 formal_relative_linf=2.9641e-06 semantic_gates=5/5 accuracy_status=PASS
detection_mismatch_summary sample_index=82 total=16 valid=0 boundary=16
detection_mismatch sample_index=82 flat_index=27 doppler=0 range=27 cfar_cell=boundary gpu_detection=1 cpu_detection=0 gpu_power=2.71385e-14 cpu_power=0 gpu_threshold=0 cpu_threshold=0
detection_mismatch sample_index=82 flat_index=59 doppler=1 range=27 cfar_cell=boundary gpu_detection=1 cpu_detection=0 gpu_power=3.10458e-14 cpu_power=0 gpu_threshold=0 cpu_threshold=0
detection_mismatch sample_index=82 flat_index=91 doppler=2 range=27 cfar_cell=boundary gpu_detection=1 cpu_detection=0 gpu_power=7.3567e-14 cpu_power=0 gpu_threshold=0 cpu_threshold=0
detection_mismatch sample_index=82 flat_index=123 doppler=3 range=27 cfar_cell=boundary gpu_detection=1 cpu_detection=0 gpu_power=2.90151e-12 cpu_power=0 gpu_threshold=0 cpu_threshold=0
detection_mismatch sample_index=82 flat_index=155 doppler=4 range=27 cfar_cell=boundary gpu_detection=1 cpu_detection=0 gpu_power=1.24707e-11 cpu_power=0 gpu_threshold=0 cpu_threshold=0
detection_mismatch sample_index=82 flat_index=187 doppler=5 range=27 cfar_cell=boundary gpu_detection=1 cpu_detection=0 gpu_power=2.60242e-12 cpu_power=0 gpu_threshold=0 cpu_threshold=0
detection_mismatch sample_index=82 flat_index=219 doppler=6 range=27 cfar_cell=boundary gpu_detection=1 cpu_detection=0 gpu_power=2.09604e-14 cpu_power=0 gpu_threshold=0 cpu_threshold=0
detection_mismatch sample_index=82 flat_index=251 doppler=7 range=27 cfar_cell=boundary gpu_detection=1 cpu_detection=0 gpu_power=6.18493e-14 cpu_power=0 gpu_threshold=0 cpu_threshold=0
detection_mismatch sample_index=82 flat_index=283 doppler=8 range=27 cfar_cell=boundary gpu_detection=1 cpu_detection=0 gpu_power=1.02927e-13 cpu_power=0 gpu_threshold=0 cpu_threshold=0
detection_mismatch sample_index=82 flat_index=315 doppler=9 range=27 cfar_cell=boundary gpu_detection=1 cpu_detection=0 gpu_power=4.3125e-14 cpu_power=0 gpu_threshold=0 cpu_threshold=0
detection_mismatch sample_index=82 flat_index=347 doppler=10 range=27 cfar_cell=boundary gpu_detection=1 cpu_detection=0 gpu_power=4.59391e-14 cpu_power=0 gpu_threshold=0 cpu_threshold=0
detection_mismatch sample_index=82 flat_index=379 doppler=11 range=27 cfar_cell=boundary gpu_detection=1 cpu_detection=0 gpu_power=6.91818e-15 cpu_power=0 gpu_threshold=0 cpu_threshold=0
detection_mismatch sample_index=82 flat_index=411 doppler=12 range=27 cfar_cell=boundary gpu_detection=1 cpu_detection=0 gpu_power=1.30478e-13 cpu_power=0 gpu_threshold=0 cpu_threshold=0
detection_mismatch sample_index=82 flat_index=443 doppler=13 range=27 cfar_cell=boundary gpu_detection=1 cpu_detection=0 gpu_power=1.24239e-13 cpu_power=0 gpu_threshold=0 cpu_threshold=0
detection_mismatch sample_index=82 flat_index=475 doppler=14 range=27 cfar_cell=boundary gpu_detection=1 cpu_detection=0 gpu_power=1.22179e-13 cpu_power=0 gpu_threshold=0 cpu_threshold=0
detection_mismatch sample_index=82 flat_index=507 doppler=15 range=27 cfar_cell=boundary gpu_detection=1 cpu_detection=0 gpu_power=2.42141e-14 cpu_power=0 gpu_threshold=0 cpu_threshold=0
sample_index=82 step=step1 cpu_ms=0.048541 gpu_ms=0.390645 relative_l2=8.98327e-07 cpu_heap_peak=2741360 cpu_rss_peak=75907072 gpu_peak=357777408 status=PASS
sample_index=82 step=step2 cpu_ms=0.289284 gpu_ms=0.681119 relative_l2=1.39991e-07 cpu_heap_peak=2745728 cpu_rss_peak=75907072 gpu_peak=357777408 status=PASS
sample_index=82 step=step3 cpu_ms=0.659628 gpu_ms=0.354304 relative_l2=3.37245e-07 cpu_heap_peak=2749840 cpu_rss_peak=75907072 gpu_peak=357777408 status=PASS
sample_index=82 step=step4 cpu_ms=0.05018 gpu_ms=0.502376 relative_l2=1.46504e-07 cpu_heap_peak=2754224 cpu_rss_peak=75907072 gpu_peak=357777408 status=PASS
sample_index=82 step=step5 cpu_ms=1.20419 gpu_ms=3.7584 relative_l2=1.2481e-07 cpu_heap_peak=2762176 cpu_rss_peak=75907072 gpu_peak=357777408 status=PASS
sample_index=82 cpu_pipeline_ms=2.26118 gpu_pipeline_ms=6.23726 cuda_event_aux_sum_ms=4.42654 relative_l2=1.04133e-06 relative_linf=2.9641e-06 detection_mismatch_count=16 valid_detection_mismatch_count=0 boundary_detection_mismatch_count=16 mse=3.58851e-10 rmse=1.89434e-05 formal_relative_l2=1.04133e-06 formal_relative_linf=2.9641e-06 semantic_gates=5/5 accuracy_status=PASS
detection_mismatch_summary sample_index=83 total=16 valid=0 boundary=16
detection_mismatch sample_index=83 flat_index=27 doppler=0 range=27 cfar_cell=boundary gpu_detection=1 cpu_detection=0 gpu_power=2.71385e-14 cpu_power=0 gpu_threshold=0 cpu_threshold=0
detection_mismatch sample_index=83 flat_index=59 doppler=1 range=27 cfar_cell=boundary gpu_detection=1 cpu_detection=0 gpu_power=3.10458e-14 cpu_power=0 gpu_threshold=0 cpu_threshold=0
detection_mismatch sample_index=83 flat_index=91 doppler=2 range=27 cfar_cell=boundary gpu_detection=1 cpu_detection=0 gpu_power=7.3567e-14 cpu_power=0 gpu_threshold=0 cpu_threshold=0
detection_mismatch sample_index=83 flat_index=123 doppler=3 range=27 cfar_cell=boundary gpu_detection=1 cpu_detection=0 gpu_power=2.90151e-12 cpu_power=0 gpu_threshold=0 cpu_threshold=0
detection_mismatch sample_index=83 flat_index=155 doppler=4 range=27 cfar_cell=boundary gpu_detection=1 cpu_detection=0 gpu_power=1.24707e-11 cpu_power=0 gpu_threshold=0 cpu_threshold=0
detection_mismatch sample_index=83 flat_index=187 doppler=5 range=27 cfar_cell=boundary gpu_detection=1 cpu_detection=0 gpu_power=2.60242e-12 cpu_power=0 gpu_threshold=0 cpu_threshold=0
detection_mismatch sample_index=83 flat_index=219 doppler=6 range=27 cfar_cell=boundary gpu_detection=1 cpu_detection=0 gpu_power=2.09604e-14 cpu_power=0 gpu_threshold=0 cpu_threshold=0
detection_mismatch sample_index=83 flat_index=251 doppler=7 range=27 cfar_cell=boundary gpu_detection=1 cpu_detection=0 gpu_power=6.18493e-14 cpu_power=0 gpu_threshold=0 cpu_threshold=0
detection_mismatch sample_index=83 flat_index=283 doppler=8 range=27 cfar_cell=boundary gpu_detection=1 cpu_detection=0 gpu_power=1.02927e-13 cpu_power=0 gpu_threshold=0 cpu_threshold=0
detection_mismatch sample_index=83 flat_index=315 doppler=9 range=27 cfar_cell=boundary gpu_detection=1 cpu_detection=0 gpu_power=4.3125e-14 cpu_power=0 gpu_threshold=0 cpu_threshold=0
detection_mismatch sample_index=83 flat_index=347 doppler=10 range=27 cfar_cell=boundary gpu_detection=1 cpu_detection=0 gpu_power=4.59391e-14 cpu_power=0 gpu_threshold=0 cpu_threshold=0
detection_mismatch sample_index=83 flat_index=379 doppler=11 range=27 cfar_cell=boundary gpu_detection=1 cpu_detection=0 gpu_power=6.91818e-15 cpu_power=0 gpu_threshold=0 cpu_threshold=0
detection_mismatch sample_index=83 flat_index=411 doppler=12 range=27 cfar_cell=boundary gpu_detection=1 cpu_detection=0 gpu_power=1.30478e-13 cpu_power=0 gpu_threshold=0 cpu_threshold=0
detection_mismatch sample_index=83 flat_index=443 doppler=13 range=27 cfar_cell=boundary gpu_detection=1 cpu_detection=0 gpu_power=1.24239e-13 cpu_power=0 gpu_threshold=0 cpu_threshold=0
detection_mismatch sample_index=83 flat_index=475 doppler=14 range=27 cfar_cell=boundary gpu_detection=1 cpu_detection=0 gpu_power=1.22179e-13 cpu_power=0 gpu_threshold=0 cpu_threshold=0
detection_mismatch sample_index=83 flat_index=507 doppler=15 range=27 cfar_cell=boundary gpu_detection=1 cpu_detection=0 gpu_power=2.42141e-14 cpu_power=0 gpu_threshold=0 cpu_threshold=0
sample_index=83 step=step1 cpu_ms=0.048631 gpu_ms=0.331024 relative_l2=8.98327e-07 cpu_heap_peak=2742080 cpu_rss_peak=75907072 gpu_peak=357777408 status=PASS
sample_index=83 step=step2 cpu_ms=0.289174 gpu_ms=0.698499 relative_l2=1.39991e-07 cpu_heap_peak=2746448 cpu_rss_peak=75907072 gpu_peak=357777408 status=PASS
sample_index=83 step=step3 cpu_ms=0.659538 gpu_ms=0.367715 relative_l2=3.37245e-07 cpu_heap_peak=2750560 cpu_rss_peak=75907072 gpu_peak=357777408 status=PASS
sample_index=83 step=step4 cpu_ms=0.050391 gpu_ms=0.494826 relative_l2=1.46504e-07 cpu_heap_peak=2754944 cpu_rss_peak=75907072 gpu_peak=357777408 status=PASS
sample_index=83 step=step5 cpu_ms=1.20398 gpu_ms=3.75677 relative_l2=1.2481e-07 cpu_heap_peak=2762896 cpu_rss_peak=75907072 gpu_peak=357777408 status=PASS
sample_index=83 cpu_pipeline_ms=2.26055 gpu_pipeline_ms=6.22564 cuda_event_aux_sum_ms=4.38474 relative_l2=1.04133e-06 relative_linf=2.9641e-06 detection_mismatch_count=16 valid_detection_mismatch_count=0 boundary_detection_mismatch_count=16 mse=3.58851e-10 rmse=1.89434e-05 formal_relative_l2=1.04133e-06 formal_relative_linf=2.9641e-06 semantic_gates=5/5 accuracy_status=PASS
detection_mismatch_summary sample_index=84 total=16 valid=0 boundary=16
detection_mismatch sample_index=84 flat_index=27 doppler=0 range=27 cfar_cell=boundary gpu_detection=1 cpu_detection=0 gpu_power=2.71385e-14 cpu_power=0 gpu_threshold=0 cpu_threshold=0
detection_mismatch sample_index=84 flat_index=59 doppler=1 range=27 cfar_cell=boundary gpu_detection=1 cpu_detection=0 gpu_power=3.10458e-14 cpu_power=0 gpu_threshold=0 cpu_threshold=0
detection_mismatch sample_index=84 flat_index=91 doppler=2 range=27 cfar_cell=boundary gpu_detection=1 cpu_detection=0 gpu_power=7.3567e-14 cpu_power=0 gpu_threshold=0 cpu_threshold=0
detection_mismatch sample_index=84 flat_index=123 doppler=3 range=27 cfar_cell=boundary gpu_detection=1 cpu_detection=0 gpu_power=2.90151e-12 cpu_power=0 gpu_threshold=0 cpu_threshold=0
detection_mismatch sample_index=84 flat_index=155 doppler=4 range=27 cfar_cell=boundary gpu_detection=1 cpu_detection=0 gpu_power=1.24707e-11 cpu_power=0 gpu_threshold=0 cpu_threshold=0
detection_mismatch sample_index=84 flat_index=187 doppler=5 range=27 cfar_cell=boundary gpu_detection=1 cpu_detection=0 gpu_power=2.60242e-12 cpu_power=0 gpu_threshold=0 cpu_threshold=0
detection_mismatch sample_index=84 flat_index=219 doppler=6 range=27 cfar_cell=boundary gpu_detection=1 cpu_detection=0 gpu_power=2.09604e-14 cpu_power=0 gpu_threshold=0 cpu_threshold=0
detection_mismatch sample_index=84 flat_index=251 doppler=7 range=27 cfar_cell=boundary gpu_detection=1 cpu_detection=0 gpu_power=6.18493e-14 cpu_power=0 gpu_threshold=0 cpu_threshold=0
detection_mismatch sample_index=84 flat_index=283 doppler=8 range=27 cfar_cell=boundary gpu_detection=1 cpu_detection=0 gpu_power=1.02927e-13 cpu_power=0 gpu_threshold=0 cpu_threshold=0
detection_mismatch sample_index=84 flat_index=315 doppler=9 range=27 cfar_cell=boundary gpu_detection=1 cpu_detection=0 gpu_power=4.3125e-14 cpu_power=0 gpu_threshold=0 cpu_threshold=0
detection_mismatch sample_index=84 flat_index=347 doppler=10 range=27 cfar_cell=boundary gpu_detection=1 cpu_detection=0 gpu_power=4.59391e-14 cpu_power=0 gpu_threshold=0 cpu_threshold=0
detection_mismatch sample_index=84 flat_index=379 doppler=11 range=27 cfar_cell=boundary gpu_detection=1 cpu_detection=0 gpu_power=6.91818e-15 cpu_power=0 gpu_threshold=0 cpu_threshold=0
detection_mismatch sample_index=84 flat_index=411 doppler=12 range=27 cfar_cell=boundary gpu_detection=1 cpu_detection=0 gpu_power=1.30478e-13 cpu_power=0 gpu_threshold=0 cpu_threshold=0
detection_mismatch sample_index=84 flat_index=443 doppler=13 range=27 cfar_cell=boundary gpu_detection=1 cpu_detection=0 gpu_power=1.24239e-13 cpu_power=0 gpu_threshold=0 cpu_threshold=0
detection_mismatch sample_index=84 flat_index=475 doppler=14 range=27 cfar_cell=boundary gpu_detection=1 cpu_detection=0 gpu_power=1.22179e-13 cpu_power=0 gpu_threshold=0 cpu_threshold=0
detection_mismatch sample_index=84 flat_index=507 doppler=15 range=27 cfar_cell=boundary gpu_detection=1 cpu_detection=0 gpu_power=2.42141e-14 cpu_power=0 gpu_threshold=0 cpu_threshold=0
sample_index=84 step=step1 cpu_ms=0.0484 gpu_ms=0.329014 relative_l2=8.98327e-07 cpu_heap_peak=2741200 cpu_rss_peak=75907072 gpu_peak=357777408 status=PASS
sample_index=84 step=step2 cpu_ms=0.289144 gpu_ms=0.684719 relative_l2=1.39991e-07 cpu_heap_peak=2746432 cpu_rss_peak=75907072 gpu_peak=357777408 status=PASS
sample_index=84 step=step3 cpu_ms=0.674138 gpu_ms=0.339484 relative_l2=3.37245e-07 cpu_heap_peak=2750544 cpu_rss_peak=75907072 gpu_peak=357777408 status=PASS
sample_index=84 step=step4 cpu_ms=0.050841 gpu_ms=0.515966 relative_l2=1.46504e-07 cpu_heap_peak=2754928 cpu_rss_peak=75907072 gpu_peak=357777408 status=PASS
sample_index=84 step=step5 cpu_ms=1.20525 gpu_ms=3.72123 relative_l2=1.2481e-07 cpu_heap_peak=2762880 cpu_rss_peak=75907072 gpu_peak=357777408 status=PASS
sample_index=84 cpu_pipeline_ms=2.27663 gpu_pipeline_ms=6.13066 cuda_event_aux_sum_ms=4.34847 relative_l2=1.04133e-06 relative_linf=2.9641e-06 detection_mismatch_count=16 valid_detection_mismatch_count=0 boundary_detection_mismatch_count=16 mse=3.58851e-10 rmse=1.89434e-05 formal_relative_l2=1.04133e-06 formal_relative_linf=2.9641e-06 semantic_gates=5/5 accuracy_status=PASS
detection_mismatch_summary sample_index=85 total=16 valid=0 boundary=16
detection_mismatch sample_index=85 flat_index=27 doppler=0 range=27 cfar_cell=boundary gpu_detection=1 cpu_detection=0 gpu_power=2.71385e-14 cpu_power=0 gpu_threshold=0 cpu_threshold=0
detection_mismatch sample_index=85 flat_index=59 doppler=1 range=27 cfar_cell=boundary gpu_detection=1 cpu_detection=0 gpu_power=3.10458e-14 cpu_power=0 gpu_threshold=0 cpu_threshold=0
detection_mismatch sample_index=85 flat_index=91 doppler=2 range=27 cfar_cell=boundary gpu_detection=1 cpu_detection=0 gpu_power=7.3567e-14 cpu_power=0 gpu_threshold=0 cpu_threshold=0
detection_mismatch sample_index=85 flat_index=123 doppler=3 range=27 cfar_cell=boundary gpu_detection=1 cpu_detection=0 gpu_power=2.90151e-12 cpu_power=0 gpu_threshold=0 cpu_threshold=0
detection_mismatch sample_index=85 flat_index=155 doppler=4 range=27 cfar_cell=boundary gpu_detection=1 cpu_detection=0 gpu_power=1.24707e-11 cpu_power=0 gpu_threshold=0 cpu_threshold=0
detection_mismatch sample_index=85 flat_index=187 doppler=5 range=27 cfar_cell=boundary gpu_detection=1 cpu_detection=0 gpu_power=2.60242e-12 cpu_power=0 gpu_threshold=0 cpu_threshold=0
detection_mismatch sample_index=85 flat_index=219 doppler=6 range=27 cfar_cell=boundary gpu_detection=1 cpu_detection=0 gpu_power=2.09604e-14 cpu_power=0 gpu_threshold=0 cpu_threshold=0
detection_mismatch sample_index=85 flat_index=251 doppler=7 range=27 cfar_cell=boundary gpu_detection=1 cpu_detection=0 gpu_power=6.18493e-14 cpu_power=0 gpu_threshold=0 cpu_threshold=0
detection_mismatch sample_index=85 flat_index=283 doppler=8 range=27 cfar_cell=boundary gpu_detection=1 cpu_detection=0 gpu_power=1.02927e-13 cpu_power=0 gpu_threshold=0 cpu_threshold=0
detection_mismatch sample_index=85 flat_index=315 doppler=9 range=27 cfar_cell=boundary gpu_detection=1 cpu_detection=0 gpu_power=4.3125e-14 cpu_power=0 gpu_threshold=0 cpu_threshold=0
detection_mismatch sample_index=85 flat_index=347 doppler=10 range=27 cfar_cell=boundary gpu_detection=1 cpu_detection=0 gpu_power=4.59391e-14 cpu_power=0 gpu_threshold=0 cpu_threshold=0
detection_mismatch sample_index=85 flat_index=379 doppler=11 range=27 cfar_cell=boundary gpu_detection=1 cpu_detection=0 gpu_power=6.91818e-15 cpu_power=0 gpu_threshold=0 cpu_threshold=0
detection_mismatch sample_index=85 flat_index=411 doppler=12 range=27 cfar_cell=boundary gpu_detection=1 cpu_detection=0 gpu_power=1.30478e-13 cpu_power=0 gpu_threshold=0 cpu_threshold=0
detection_mismatch sample_index=85 flat_index=443 doppler=13 range=27 cfar_cell=boundary gpu_detection=1 cpu_detection=0 gpu_power=1.24239e-13 cpu_power=0 gpu_threshold=0 cpu_threshold=0
detection_mismatch sample_index=85 flat_index=475 doppler=14 range=27 cfar_cell=boundary gpu_detection=1 cpu_detection=0 gpu_power=1.22179e-13 cpu_power=0 gpu_threshold=0 cpu_threshold=0
detection_mismatch sample_index=85 flat_index=507 doppler=15 range=27 cfar_cell=boundary gpu_detection=1 cpu_detection=0 gpu_power=2.42141e-14 cpu_power=0 gpu_threshold=0 cpu_threshold=0
sample_index=85 step=step1 cpu_ms=0.04854 gpu_ms=0.322505 relative_l2=8.98327e-07 cpu_heap_peak=2741600 cpu_rss_peak=75907072 gpu_peak=357777408 status=PASS
sample_index=85 step=step2 cpu_ms=0.288774 gpu_ms=0.678509 relative_l2=1.39991e-07 cpu_heap_peak=2746832 cpu_rss_peak=75907072 gpu_peak=357777408 status=PASS
sample_index=85 step=step3 cpu_ms=0.660038 gpu_ms=0.347935 relative_l2=3.37245e-07 cpu_heap_peak=2750944 cpu_rss_peak=75907072 gpu_peak=357777408 status=PASS
sample_index=85 step=step4 cpu_ms=0.051641 gpu_ms=0.496856 relative_l2=1.46504e-07 cpu_heap_peak=2755328 cpu_rss_peak=75907072 gpu_peak=357777408 status=PASS
sample_index=85 step=step5 cpu_ms=1.21947 gpu_ms=3.75775 relative_l2=1.2481e-07 cpu_heap_peak=2763280 cpu_rss_peak=75907072 gpu_peak=357777408 status=PASS
sample_index=85 cpu_pipeline_ms=2.27775 gpu_pipeline_ms=6.14233 cuda_event_aux_sum_ms=4.37442 relative_l2=1.04133e-06 relative_linf=2.9641e-06 detection_mismatch_count=16 valid_detection_mismatch_count=0 boundary_detection_mismatch_count=16 mse=3.58851e-10 rmse=1.89434e-05 formal_relative_l2=1.04133e-06 formal_relative_linf=2.9641e-06 semantic_gates=5/5 accuracy_status=PASS
detection_mismatch_summary sample_index=86 total=16 valid=0 boundary=16
detection_mismatch sample_index=86 flat_index=27 doppler=0 range=27 cfar_cell=boundary gpu_detection=1 cpu_detection=0 gpu_power=2.71385e-14 cpu_power=0 gpu_threshold=0 cpu_threshold=0
detection_mismatch sample_index=86 flat_index=59 doppler=1 range=27 cfar_cell=boundary gpu_detection=1 cpu_detection=0 gpu_power=3.10458e-14 cpu_power=0 gpu_threshold=0 cpu_threshold=0
detection_mismatch sample_index=86 flat_index=91 doppler=2 range=27 cfar_cell=boundary gpu_detection=1 cpu_detection=0 gpu_power=7.3567e-14 cpu_power=0 gpu_threshold=0 cpu_threshold=0
detection_mismatch sample_index=86 flat_index=123 doppler=3 range=27 cfar_cell=boundary gpu_detection=1 cpu_detection=0 gpu_power=2.90151e-12 cpu_power=0 gpu_threshold=0 cpu_threshold=0
detection_mismatch sample_index=86 flat_index=155 doppler=4 range=27 cfar_cell=boundary gpu_detection=1 cpu_detection=0 gpu_power=1.24707e-11 cpu_power=0 gpu_threshold=0 cpu_threshold=0
detection_mismatch sample_index=86 flat_index=187 doppler=5 range=27 cfar_cell=boundary gpu_detection=1 cpu_detection=0 gpu_power=2.60242e-12 cpu_power=0 gpu_threshold=0 cpu_threshold=0
detection_mismatch sample_index=86 flat_index=219 doppler=6 range=27 cfar_cell=boundary gpu_detection=1 cpu_detection=0 gpu_power=2.09604e-14 cpu_power=0 gpu_threshold=0 cpu_threshold=0
detection_mismatch sample_index=86 flat_index=251 doppler=7 range=27 cfar_cell=boundary gpu_detection=1 cpu_detection=0 gpu_power=6.18493e-14 cpu_power=0 gpu_threshold=0 cpu_threshold=0
detection_mismatch sample_index=86 flat_index=283 doppler=8 range=27 cfar_cell=boundary gpu_detection=1 cpu_detection=0 gpu_power=1.02927e-13 cpu_power=0 gpu_threshold=0 cpu_threshold=0
detection_mismatch sample_index=86 flat_index=315 doppler=9 range=27 cfar_cell=boundary gpu_detection=1 cpu_detection=0 gpu_power=4.3125e-14 cpu_power=0 gpu_threshold=0 cpu_threshold=0
detection_mismatch sample_index=86 flat_index=347 doppler=10 range=27 cfar_cell=boundary gpu_detection=1 cpu_detection=0 gpu_power=4.59391e-14 cpu_power=0 gpu_threshold=0 cpu_threshold=0
detection_mismatch sample_index=86 flat_index=379 doppler=11 range=27 cfar_cell=boundary gpu_detection=1 cpu_detection=0 gpu_power=6.91818e-15 cpu_power=0 gpu_threshold=0 cpu_threshold=0
detection_mismatch sample_index=86 flat_index=411 doppler=12 range=27 cfar_cell=boundary gpu_detection=1 cpu_detection=0 gpu_power=1.30478e-13 cpu_power=0 gpu_threshold=0 cpu_threshold=0
detection_mismatch sample_index=86 flat_index=443 doppler=13 range=27 cfar_cell=boundary gpu_detection=1 cpu_detection=0 gpu_power=1.24239e-13 cpu_power=0 gpu_threshold=0 cpu_threshold=0
detection_mismatch sample_index=86 flat_index=475 doppler=14 range=27 cfar_cell=boundary gpu_detection=1 cpu_detection=0 gpu_power=1.22179e-13 cpu_power=0 gpu_threshold=0 cpu_threshold=0
detection_mismatch sample_index=86 flat_index=507 doppler=15 range=27 cfar_cell=boundary gpu_detection=1 cpu_detection=0 gpu_power=2.42141e-14 cpu_power=0 gpu_threshold=0 cpu_threshold=0
sample_index=86 step=step1 cpu_ms=0.048541 gpu_ms=0.347805 relative_l2=8.98327e-07 cpu_heap_peak=2740976 cpu_rss_peak=75907072 gpu_peak=357777408 status=PASS
sample_index=86 step=step2 cpu_ms=0.289533 gpu_ms=0.705589 relative_l2=1.39991e-07 cpu_heap_peak=2746208 cpu_rss_peak=75907072 gpu_peak=357777408 status=PASS
sample_index=86 step=step3 cpu_ms=0.661379 gpu_ms=0.343484 relative_l2=3.37245e-07 cpu_heap_peak=2750320 cpu_rss_peak=75907072 gpu_peak=357777408 status=PASS
sample_index=86 step=step4 cpu_ms=0.05056 gpu_ms=0.496806 relative_l2=1.46504e-07 cpu_heap_peak=2754704 cpu_rss_peak=75907072 gpu_peak=357777408 status=PASS
sample_index=86 step=step5 cpu_ms=1.20341 gpu_ms=3.73274 relative_l2=1.2481e-07 cpu_heap_peak=2762656 cpu_rss_peak=75907072 gpu_peak=357777408 status=PASS
sample_index=86 cpu_pipeline_ms=2.26226 gpu_pipeline_ms=6.15382 cuda_event_aux_sum_ms=4.35778 relative_l2=1.04133e-06 relative_linf=2.9641e-06 detection_mismatch_count=16 valid_detection_mismatch_count=0 boundary_detection_mismatch_count=16 mse=3.58851e-10 rmse=1.89434e-05 formal_relative_l2=1.04133e-06 formal_relative_linf=2.9641e-06 semantic_gates=5/5 accuracy_status=PASS
detection_mismatch_summary sample_index=87 total=16 valid=0 boundary=16
detection_mismatch sample_index=87 flat_index=27 doppler=0 range=27 cfar_cell=boundary gpu_detection=1 cpu_detection=0 gpu_power=2.71385e-14 cpu_power=0 gpu_threshold=0 cpu_threshold=0
detection_mismatch sample_index=87 flat_index=59 doppler=1 range=27 cfar_cell=boundary gpu_detection=1 cpu_detection=0 gpu_power=3.10458e-14 cpu_power=0 gpu_threshold=0 cpu_threshold=0
detection_mismatch sample_index=87 flat_index=91 doppler=2 range=27 cfar_cell=boundary gpu_detection=1 cpu_detection=0 gpu_power=7.3567e-14 cpu_power=0 gpu_threshold=0 cpu_threshold=0
detection_mismatch sample_index=87 flat_index=123 doppler=3 range=27 cfar_cell=boundary gpu_detection=1 cpu_detection=0 gpu_power=2.90151e-12 cpu_power=0 gpu_threshold=0 cpu_threshold=0
detection_mismatch sample_index=87 flat_index=155 doppler=4 range=27 cfar_cell=boundary gpu_detection=1 cpu_detection=0 gpu_power=1.24707e-11 cpu_power=0 gpu_threshold=0 cpu_threshold=0
detection_mismatch sample_index=87 flat_index=187 doppler=5 range=27 cfar_cell=boundary gpu_detection=1 cpu_detection=0 gpu_power=2.60242e-12 cpu_power=0 gpu_threshold=0 cpu_threshold=0
detection_mismatch sample_index=87 flat_index=219 doppler=6 range=27 cfar_cell=boundary gpu_detection=1 cpu_detection=0 gpu_power=2.09604e-14 cpu_power=0 gpu_threshold=0 cpu_threshold=0
detection_mismatch sample_index=87 flat_index=251 doppler=7 range=27 cfar_cell=boundary gpu_detection=1 cpu_detection=0 gpu_power=6.18493e-14 cpu_power=0 gpu_threshold=0 cpu_threshold=0
detection_mismatch sample_index=87 flat_index=283 doppler=8 range=27 cfar_cell=boundary gpu_detection=1 cpu_detection=0 gpu_power=1.02927e-13 cpu_power=0 gpu_threshold=0 cpu_threshold=0
detection_mismatch sample_index=87 flat_index=315 doppler=9 range=27 cfar_cell=boundary gpu_detection=1 cpu_detection=0 gpu_power=4.3125e-14 cpu_power=0 gpu_threshold=0 cpu_threshold=0
detection_mismatch sample_index=87 flat_index=347 doppler=10 range=27 cfar_cell=boundary gpu_detection=1 cpu_detection=0 gpu_power=4.59391e-14 cpu_power=0 gpu_threshold=0 cpu_threshold=0
detection_mismatch sample_index=87 flat_index=379 doppler=11 range=27 cfar_cell=boundary gpu_detection=1 cpu_detection=0 gpu_power=6.91818e-15 cpu_power=0 gpu_threshold=0 cpu_threshold=0
detection_mismatch sample_index=87 flat_index=411 doppler=12 range=27 cfar_cell=boundary gpu_detection=1 cpu_detection=0 gpu_power=1.30478e-13 cpu_power=0 gpu_threshold=0 cpu_threshold=0
detection_mismatch sample_index=87 flat_index=443 doppler=13 range=27 cfar_cell=boundary gpu_detection=1 cpu_detection=0 gpu_power=1.24239e-13 cpu_power=0 gpu_threshold=0 cpu_threshold=0
detection_mismatch sample_index=87 flat_index=475 doppler=14 range=27 cfar_cell=boundary gpu_detection=1 cpu_detection=0 gpu_power=1.22179e-13 cpu_power=0 gpu_threshold=0 cpu_threshold=0
detection_mismatch sample_index=87 flat_index=507 doppler=15 range=27 cfar_cell=boundary gpu_detection=1 cpu_detection=0 gpu_power=2.42141e-14 cpu_power=0 gpu_threshold=0 cpu_threshold=0
sample_index=87 step=step1 cpu_ms=0.04853 gpu_ms=0.331214 relative_l2=8.98327e-07 cpu_heap_peak=2741232 cpu_rss_peak=75907072 gpu_peak=357777408 status=PASS
sample_index=87 step=step2 cpu_ms=0.288304 gpu_ms=0.703459 relative_l2=1.39991e-07 cpu_heap_peak=2746464 cpu_rss_peak=75907072 gpu_peak=357777408 status=PASS
sample_index=87 step=step3 cpu_ms=0.660188 gpu_ms=0.368005 relative_l2=3.37245e-07 cpu_heap_peak=2750576 cpu_rss_peak=75907072 gpu_peak=357777408 status=PASS
sample_index=87 step=step4 cpu_ms=0.05032 gpu_ms=0.508437 relative_l2=1.46504e-07 cpu_heap_peak=2754960 cpu_rss_peak=75907072 gpu_peak=357777408 status=PASS
sample_index=87 step=step5 cpu_ms=1.20528 gpu_ms=3.78803 relative_l2=1.2481e-07 cpu_heap_peak=2762912 cpu_rss_peak=75907072 gpu_peak=357777408 status=PASS
sample_index=87 cpu_pipeline_ms=2.26144 gpu_pipeline_ms=6.22904 cuda_event_aux_sum_ms=4.43697 relative_l2=1.04133e-06 relative_linf=2.9641e-06 detection_mismatch_count=16 valid_detection_mismatch_count=0 boundary_detection_mismatch_count=16 mse=3.58851e-10 rmse=1.89434e-05 formal_relative_l2=1.04133e-06 formal_relative_linf=2.9641e-06 semantic_gates=5/5 accuracy_status=PASS
detection_mismatch_summary sample_index=88 total=16 valid=0 boundary=16
detection_mismatch sample_index=88 flat_index=27 doppler=0 range=27 cfar_cell=boundary gpu_detection=1 cpu_detection=0 gpu_power=2.71385e-14 cpu_power=0 gpu_threshold=0 cpu_threshold=0
detection_mismatch sample_index=88 flat_index=59 doppler=1 range=27 cfar_cell=boundary gpu_detection=1 cpu_detection=0 gpu_power=3.10458e-14 cpu_power=0 gpu_threshold=0 cpu_threshold=0
detection_mismatch sample_index=88 flat_index=91 doppler=2 range=27 cfar_cell=boundary gpu_detection=1 cpu_detection=0 gpu_power=7.3567e-14 cpu_power=0 gpu_threshold=0 cpu_threshold=0
detection_mismatch sample_index=88 flat_index=123 doppler=3 range=27 cfar_cell=boundary gpu_detection=1 cpu_detection=0 gpu_power=2.90151e-12 cpu_power=0 gpu_threshold=0 cpu_threshold=0
detection_mismatch sample_index=88 flat_index=155 doppler=4 range=27 cfar_cell=boundary gpu_detection=1 cpu_detection=0 gpu_power=1.24707e-11 cpu_power=0 gpu_threshold=0 cpu_threshold=0
detection_mismatch sample_index=88 flat_index=187 doppler=5 range=27 cfar_cell=boundary gpu_detection=1 cpu_detection=0 gpu_power=2.60242e-12 cpu_power=0 gpu_threshold=0 cpu_threshold=0
detection_mismatch sample_index=88 flat_index=219 doppler=6 range=27 cfar_cell=boundary gpu_detection=1 cpu_detection=0 gpu_power=2.09604e-14 cpu_power=0 gpu_threshold=0 cpu_threshold=0
detection_mismatch sample_index=88 flat_index=251 doppler=7 range=27 cfar_cell=boundary gpu_detection=1 cpu_detection=0 gpu_power=6.18493e-14 cpu_power=0 gpu_threshold=0 cpu_threshold=0
detection_mismatch sample_index=88 flat_index=283 doppler=8 range=27 cfar_cell=boundary gpu_detection=1 cpu_detection=0 gpu_power=1.02927e-13 cpu_power=0 gpu_threshold=0 cpu_threshold=0
detection_mismatch sample_index=88 flat_index=315 doppler=9 range=27 cfar_cell=boundary gpu_detection=1 cpu_detection=0 gpu_power=4.3125e-14 cpu_power=0 gpu_threshold=0 cpu_threshold=0
detection_mismatch sample_index=88 flat_index=347 doppler=10 range=27 cfar_cell=boundary gpu_detection=1 cpu_detection=0 gpu_power=4.59391e-14 cpu_power=0 gpu_threshold=0 cpu_threshold=0
detection_mismatch sample_index=88 flat_index=379 doppler=11 range=27 cfar_cell=boundary gpu_detection=1 cpu_detection=0 gpu_power=6.91818e-15 cpu_power=0 gpu_threshold=0 cpu_threshold=0
detection_mismatch sample_index=88 flat_index=411 doppler=12 range=27 cfar_cell=boundary gpu_detection=1 cpu_detection=0 gpu_power=1.30478e-13 cpu_power=0 gpu_threshold=0 cpu_threshold=0
detection_mismatch sample_index=88 flat_index=443 doppler=13 range=27 cfar_cell=boundary gpu_detection=1 cpu_detection=0 gpu_power=1.24239e-13 cpu_power=0 gpu_threshold=0 cpu_threshold=0
detection_mismatch sample_index=88 flat_index=475 doppler=14 range=27 cfar_cell=boundary gpu_detection=1 cpu_detection=0 gpu_power=1.22179e-13 cpu_power=0 gpu_threshold=0 cpu_threshold=0
detection_mismatch sample_index=88 flat_index=507 doppler=15 range=27 cfar_cell=boundary gpu_detection=1 cpu_detection=0 gpu_power=2.42141e-14 cpu_power=0 gpu_threshold=0 cpu_threshold=0
sample_index=88 step=step1 cpu_ms=0.048391 gpu_ms=0.330604 relative_l2=8.98327e-07 cpu_heap_peak=2741200 cpu_rss_peak=75907072 gpu_peak=357777408 status=PASS
sample_index=88 step=step2 cpu_ms=0.288554 gpu_ms=0.668618 relative_l2=1.39991e-07 cpu_heap_peak=2746432 cpu_rss_peak=75907072 gpu_peak=357777408 status=PASS
sample_index=88 step=step3 cpu_ms=0.660698 gpu_ms=0.342424 relative_l2=3.37245e-07 cpu_heap_peak=2750544 cpu_rss_peak=75907072 gpu_peak=357777408 status=PASS
sample_index=88 step=step4 cpu_ms=0.05009 gpu_ms=0.501027 relative_l2=1.46504e-07 cpu_heap_peak=2754928 cpu_rss_peak=75907072 gpu_peak=357777408 status=PASS
sample_index=88 step=step5 cpu_ms=1.22014 gpu_ms=3.75986 relative_l2=1.2481e-07 cpu_heap_peak=2762880 cpu_rss_peak=75907072 gpu_peak=357777408 status=PASS
sample_index=88 cpu_pipeline_ms=2.27724 gpu_pipeline_ms=6.24687 cuda_event_aux_sum_ms=4.3656 relative_l2=1.04133e-06 relative_linf=2.9641e-06 detection_mismatch_count=16 valid_detection_mismatch_count=0 boundary_detection_mismatch_count=16 mse=3.58851e-10 rmse=1.89434e-05 formal_relative_l2=1.04133e-06 formal_relative_linf=2.9641e-06 semantic_gates=5/5 accuracy_status=PASS
detection_mismatch_summary sample_index=89 total=16 valid=0 boundary=16
detection_mismatch sample_index=89 flat_index=27 doppler=0 range=27 cfar_cell=boundary gpu_detection=1 cpu_detection=0 gpu_power=2.71385e-14 cpu_power=0 gpu_threshold=0 cpu_threshold=0
detection_mismatch sample_index=89 flat_index=59 doppler=1 range=27 cfar_cell=boundary gpu_detection=1 cpu_detection=0 gpu_power=3.10458e-14 cpu_power=0 gpu_threshold=0 cpu_threshold=0
detection_mismatch sample_index=89 flat_index=91 doppler=2 range=27 cfar_cell=boundary gpu_detection=1 cpu_detection=0 gpu_power=7.3567e-14 cpu_power=0 gpu_threshold=0 cpu_threshold=0
detection_mismatch sample_index=89 flat_index=123 doppler=3 range=27 cfar_cell=boundary gpu_detection=1 cpu_detection=0 gpu_power=2.90151e-12 cpu_power=0 gpu_threshold=0 cpu_threshold=0
detection_mismatch sample_index=89 flat_index=155 doppler=4 range=27 cfar_cell=boundary gpu_detection=1 cpu_detection=0 gpu_power=1.24707e-11 cpu_power=0 gpu_threshold=0 cpu_threshold=0
detection_mismatch sample_index=89 flat_index=187 doppler=5 range=27 cfar_cell=boundary gpu_detection=1 cpu_detection=0 gpu_power=2.60242e-12 cpu_power=0 gpu_threshold=0 cpu_threshold=0
detection_mismatch sample_index=89 flat_index=219 doppler=6 range=27 cfar_cell=boundary gpu_detection=1 cpu_detection=0 gpu_power=2.09604e-14 cpu_power=0 gpu_threshold=0 cpu_threshold=0
detection_mismatch sample_index=89 flat_index=251 doppler=7 range=27 cfar_cell=boundary gpu_detection=1 cpu_detection=0 gpu_power=6.18493e-14 cpu_power=0 gpu_threshold=0 cpu_threshold=0
detection_mismatch sample_index=89 flat_index=283 doppler=8 range=27 cfar_cell=boundary gpu_detection=1 cpu_detection=0 gpu_power=1.02927e-13 cpu_power=0 gpu_threshold=0 cpu_threshold=0
detection_mismatch sample_index=89 flat_index=315 doppler=9 range=27 cfar_cell=boundary gpu_detection=1 cpu_detection=0 gpu_power=4.3125e-14 cpu_power=0 gpu_threshold=0 cpu_threshold=0
detection_mismatch sample_index=89 flat_index=347 doppler=10 range=27 cfar_cell=boundary gpu_detection=1 cpu_detection=0 gpu_power=4.59391e-14 cpu_power=0 gpu_threshold=0 cpu_threshold=0
detection_mismatch sample_index=89 flat_index=379 doppler=11 range=27 cfar_cell=boundary gpu_detection=1 cpu_detection=0 gpu_power=6.91818e-15 cpu_power=0 gpu_threshold=0 cpu_threshold=0
detection_mismatch sample_index=89 flat_index=411 doppler=12 range=27 cfar_cell=boundary gpu_detection=1 cpu_detection=0 gpu_power=1.30478e-13 cpu_power=0 gpu_threshold=0 cpu_threshold=0
detection_mismatch sample_index=89 flat_index=443 doppler=13 range=27 cfar_cell=boundary gpu_detection=1 cpu_detection=0 gpu_power=1.24239e-13 cpu_power=0 gpu_threshold=0 cpu_threshold=0
detection_mismatch sample_index=89 flat_index=475 doppler=14 range=27 cfar_cell=boundary gpu_detection=1 cpu_detection=0 gpu_power=1.22179e-13 cpu_power=0 gpu_threshold=0 cpu_threshold=0
detection_mismatch sample_index=89 flat_index=507 doppler=15 range=27 cfar_cell=boundary gpu_detection=1 cpu_detection=0 gpu_power=2.42141e-14 cpu_power=0 gpu_threshold=0 cpu_threshold=0
sample_index=89 step=step1 cpu_ms=0.04865 gpu_ms=0.327704 relative_l2=8.98327e-07 cpu_heap_peak=2741760 cpu_rss_peak=75907072 gpu_peak=357777408 status=PASS
sample_index=89 step=step2 cpu_ms=0.289114 gpu_ms=0.681519 relative_l2=1.39991e-07 cpu_heap_peak=2746128 cpu_rss_peak=75907072 gpu_peak=357777408 status=PASS
sample_index=89 step=step3 cpu_ms=0.660748 gpu_ms=0.339794 relative_l2=3.37245e-07 cpu_heap_peak=2750240 cpu_rss_peak=75907072 gpu_peak=357777408 status=PASS
sample_index=89 step=step4 cpu_ms=0.049631 gpu_ms=0.519846 relative_l2=1.46504e-07 cpu_heap_peak=2754624 cpu_rss_peak=75907072 gpu_peak=357777408 status=PASS
sample_index=89 step=step5 cpu_ms=1.2188 gpu_ms=3.75375 relative_l2=1.2481e-07 cpu_heap_peak=2762576 cpu_rss_peak=75907072 gpu_peak=357777408 status=PASS
sample_index=89 cpu_pipeline_ms=2.27575 gpu_pipeline_ms=6.1615 cuda_event_aux_sum_ms=4.38862 relative_l2=1.04133e-06 relative_linf=2.9641e-06 detection_mismatch_count=16 valid_detection_mismatch_count=0 boundary_detection_mismatch_count=16 mse=3.58851e-10 rmse=1.89434e-05 formal_relative_l2=1.04133e-06 formal_relative_linf=2.9641e-06 semantic_gates=5/5 accuracy_status=PASS
detection_mismatch_summary sample_index=90 total=16 valid=0 boundary=16
detection_mismatch sample_index=90 flat_index=27 doppler=0 range=27 cfar_cell=boundary gpu_detection=1 cpu_detection=0 gpu_power=2.71385e-14 cpu_power=0 gpu_threshold=0 cpu_threshold=0
detection_mismatch sample_index=90 flat_index=59 doppler=1 range=27 cfar_cell=boundary gpu_detection=1 cpu_detection=0 gpu_power=3.10458e-14 cpu_power=0 gpu_threshold=0 cpu_threshold=0
detection_mismatch sample_index=90 flat_index=91 doppler=2 range=27 cfar_cell=boundary gpu_detection=1 cpu_detection=0 gpu_power=7.3567e-14 cpu_power=0 gpu_threshold=0 cpu_threshold=0
detection_mismatch sample_index=90 flat_index=123 doppler=3 range=27 cfar_cell=boundary gpu_detection=1 cpu_detection=0 gpu_power=2.90151e-12 cpu_power=0 gpu_threshold=0 cpu_threshold=0
detection_mismatch sample_index=90 flat_index=155 doppler=4 range=27 cfar_cell=boundary gpu_detection=1 cpu_detection=0 gpu_power=1.24707e-11 cpu_power=0 gpu_threshold=0 cpu_threshold=0
detection_mismatch sample_index=90 flat_index=187 doppler=5 range=27 cfar_cell=boundary gpu_detection=1 cpu_detection=0 gpu_power=2.60242e-12 cpu_power=0 gpu_threshold=0 cpu_threshold=0
detection_mismatch sample_index=90 flat_index=219 doppler=6 range=27 cfar_cell=boundary gpu_detection=1 cpu_detection=0 gpu_power=2.09604e-14 cpu_power=0 gpu_threshold=0 cpu_threshold=0
detection_mismatch sample_index=90 flat_index=251 doppler=7 range=27 cfar_cell=boundary gpu_detection=1 cpu_detection=0 gpu_power=6.18493e-14 cpu_power=0 gpu_threshold=0 cpu_threshold=0
detection_mismatch sample_index=90 flat_index=283 doppler=8 range=27 cfar_cell=boundary gpu_detection=1 cpu_detection=0 gpu_power=1.02927e-13 cpu_power=0 gpu_threshold=0 cpu_threshold=0
detection_mismatch sample_index=90 flat_index=315 doppler=9 range=27 cfar_cell=boundary gpu_detection=1 cpu_detection=0 gpu_power=4.3125e-14 cpu_power=0 gpu_threshold=0 cpu_threshold=0
detection_mismatch sample_index=90 flat_index=347 doppler=10 range=27 cfar_cell=boundary gpu_detection=1 cpu_detection=0 gpu_power=4.59391e-14 cpu_power=0 gpu_threshold=0 cpu_threshold=0
detection_mismatch sample_index=90 flat_index=379 doppler=11 range=27 cfar_cell=boundary gpu_detection=1 cpu_detection=0 gpu_power=6.91818e-15 cpu_power=0 gpu_threshold=0 cpu_threshold=0
detection_mismatch sample_index=90 flat_index=411 doppler=12 range=27 cfar_cell=boundary gpu_detection=1 cpu_detection=0 gpu_power=1.30478e-13 cpu_power=0 gpu_threshold=0 cpu_threshold=0
detection_mismatch sample_index=90 flat_index=443 doppler=13 range=27 cfar_cell=boundary gpu_detection=1 cpu_detection=0 gpu_power=1.24239e-13 cpu_power=0 gpu_threshold=0 cpu_threshold=0
detection_mismatch sample_index=90 flat_index=475 doppler=14 range=27 cfar_cell=boundary gpu_detection=1 cpu_detection=0 gpu_power=1.22179e-13 cpu_power=0 gpu_threshold=0 cpu_threshold=0
detection_mismatch sample_index=90 flat_index=507 doppler=15 range=27 cfar_cell=boundary gpu_detection=1 cpu_detection=0 gpu_power=2.42141e-14 cpu_power=0 gpu_threshold=0 cpu_threshold=0
sample_index=90 step=step1 cpu_ms=0.04853 gpu_ms=0.322724 relative_l2=8.98327e-07 cpu_heap_peak=2742016 cpu_rss_peak=75907072 gpu_peak=357777408 status=PASS
sample_index=90 step=step2 cpu_ms=0.288104 gpu_ms=0.715379 relative_l2=1.39991e-07 cpu_heap_peak=2746384 cpu_rss_peak=75907072 gpu_peak=357777408 status=PASS
sample_index=90 step=step3 cpu_ms=0.659538 gpu_ms=0.344515 relative_l2=3.37245e-07 cpu_heap_peak=2750496 cpu_rss_peak=75907072 gpu_peak=357777408 status=PASS
sample_index=90 step=step4 cpu_ms=0.050551 gpu_ms=0.506376 relative_l2=1.46504e-07 cpu_heap_peak=2754880 cpu_rss_peak=75907072 gpu_peak=357777408 status=PASS
sample_index=90 step=step5 cpu_ms=1.20164 gpu_ms=3.76383 relative_l2=1.2481e-07 cpu_heap_peak=2762832 cpu_rss_peak=75907072 gpu_peak=357777408 status=PASS
sample_index=90 cpu_pipeline_ms=2.257 gpu_pipeline_ms=6.17816 cuda_event_aux_sum_ms=4.42484 relative_l2=1.04133e-06 relative_linf=2.9641e-06 detection_mismatch_count=16 valid_detection_mismatch_count=0 boundary_detection_mismatch_count=16 mse=3.58851e-10 rmse=1.89434e-05 formal_relative_l2=1.04133e-06 formal_relative_linf=2.9641e-06 semantic_gates=5/5 accuracy_status=PASS
detection_mismatch_summary sample_index=91 total=16 valid=0 boundary=16
detection_mismatch sample_index=91 flat_index=27 doppler=0 range=27 cfar_cell=boundary gpu_detection=1 cpu_detection=0 gpu_power=2.71385e-14 cpu_power=0 gpu_threshold=0 cpu_threshold=0
detection_mismatch sample_index=91 flat_index=59 doppler=1 range=27 cfar_cell=boundary gpu_detection=1 cpu_detection=0 gpu_power=3.10458e-14 cpu_power=0 gpu_threshold=0 cpu_threshold=0
detection_mismatch sample_index=91 flat_index=91 doppler=2 range=27 cfar_cell=boundary gpu_detection=1 cpu_detection=0 gpu_power=7.3567e-14 cpu_power=0 gpu_threshold=0 cpu_threshold=0
detection_mismatch sample_index=91 flat_index=123 doppler=3 range=27 cfar_cell=boundary gpu_detection=1 cpu_detection=0 gpu_power=2.90151e-12 cpu_power=0 gpu_threshold=0 cpu_threshold=0
detection_mismatch sample_index=91 flat_index=155 doppler=4 range=27 cfar_cell=boundary gpu_detection=1 cpu_detection=0 gpu_power=1.24707e-11 cpu_power=0 gpu_threshold=0 cpu_threshold=0
detection_mismatch sample_index=91 flat_index=187 doppler=5 range=27 cfar_cell=boundary gpu_detection=1 cpu_detection=0 gpu_power=2.60242e-12 cpu_power=0 gpu_threshold=0 cpu_threshold=0
detection_mismatch sample_index=91 flat_index=219 doppler=6 range=27 cfar_cell=boundary gpu_detection=1 cpu_detection=0 gpu_power=2.09604e-14 cpu_power=0 gpu_threshold=0 cpu_threshold=0
detection_mismatch sample_index=91 flat_index=251 doppler=7 range=27 cfar_cell=boundary gpu_detection=1 cpu_detection=0 gpu_power=6.18493e-14 cpu_power=0 gpu_threshold=0 cpu_threshold=0
detection_mismatch sample_index=91 flat_index=283 doppler=8 range=27 cfar_cell=boundary gpu_detection=1 cpu_detection=0 gpu_power=1.02927e-13 cpu_power=0 gpu_threshold=0 cpu_threshold=0
detection_mismatch sample_index=91 flat_index=315 doppler=9 range=27 cfar_cell=boundary gpu_detection=1 cpu_detection=0 gpu_power=4.3125e-14 cpu_power=0 gpu_threshold=0 cpu_threshold=0
detection_mismatch sample_index=91 flat_index=347 doppler=10 range=27 cfar_cell=boundary gpu_detection=1 cpu_detection=0 gpu_power=4.59391e-14 cpu_power=0 gpu_threshold=0 cpu_threshold=0
detection_mismatch sample_index=91 flat_index=379 doppler=11 range=27 cfar_cell=boundary gpu_detection=1 cpu_detection=0 gpu_power=6.91818e-15 cpu_power=0 gpu_threshold=0 cpu_threshold=0
detection_mismatch sample_index=91 flat_index=411 doppler=12 range=27 cfar_cell=boundary gpu_detection=1 cpu_detection=0 gpu_power=1.30478e-13 cpu_power=0 gpu_threshold=0 cpu_threshold=0
detection_mismatch sample_index=91 flat_index=443 doppler=13 range=27 cfar_cell=boundary gpu_detection=1 cpu_detection=0 gpu_power=1.24239e-13 cpu_power=0 gpu_threshold=0 cpu_threshold=0
detection_mismatch sample_index=91 flat_index=475 doppler=14 range=27 cfar_cell=boundary gpu_detection=1 cpu_detection=0 gpu_power=1.22179e-13 cpu_power=0 gpu_threshold=0 cpu_threshold=0
detection_mismatch sample_index=91 flat_index=507 doppler=15 range=27 cfar_cell=boundary gpu_detection=1 cpu_detection=0 gpu_power=2.42141e-14 cpu_power=0 gpu_threshold=0 cpu_threshold=0
sample_index=91 step=step1 cpu_ms=0.048691 gpu_ms=0.331974 relative_l2=8.98327e-07 cpu_heap_peak=2742096 cpu_rss_peak=75907072 gpu_peak=357777408 status=PASS
sample_index=91 step=step2 cpu_ms=0.372014 gpu_ms=0.79598 relative_l2=1.39991e-07 cpu_heap_peak=2747472 cpu_rss_peak=75907072 gpu_peak=357777408 status=PASS
sample_index=91 step=step3 cpu_ms=0.662838 gpu_ms=0.341444 relative_l2=3.37245e-07 cpu_heap_peak=2751584 cpu_rss_peak=75907072 gpu_peak=357777408 status=PASS
sample_index=91 step=step4 cpu_ms=0.050741 gpu_ms=0.557417 relative_l2=1.46504e-07 cpu_heap_peak=2755968 cpu_rss_peak=75907072 gpu_peak=357777408 status=PASS
sample_index=91 step=step5 cpu_ms=1.20358 gpu_ms=3.80667 relative_l2=1.2481e-07 cpu_heap_peak=2763920 cpu_rss_peak=75907072 gpu_peak=357777408 status=PASS
sample_index=91 cpu_pipeline_ms=2.34741 gpu_pipeline_ms=6.3687 cuda_event_aux_sum_ms=4.58658 relative_l2=1.04133e-06 relative_linf=2.9641e-06 detection_mismatch_count=16 valid_detection_mismatch_count=0 boundary_detection_mismatch_count=16 mse=3.58851e-10 rmse=1.89434e-05 formal_relative_l2=1.04133e-06 formal_relative_linf=2.9641e-06 semantic_gates=5/5 accuracy_status=PASS
detection_mismatch_summary sample_index=92 total=16 valid=0 boundary=16
detection_mismatch sample_index=92 flat_index=27 doppler=0 range=27 cfar_cell=boundary gpu_detection=1 cpu_detection=0 gpu_power=2.71385e-14 cpu_power=0 gpu_threshold=0 cpu_threshold=0
detection_mismatch sample_index=92 flat_index=59 doppler=1 range=27 cfar_cell=boundary gpu_detection=1 cpu_detection=0 gpu_power=3.10458e-14 cpu_power=0 gpu_threshold=0 cpu_threshold=0
detection_mismatch sample_index=92 flat_index=91 doppler=2 range=27 cfar_cell=boundary gpu_detection=1 cpu_detection=0 gpu_power=7.3567e-14 cpu_power=0 gpu_threshold=0 cpu_threshold=0
detection_mismatch sample_index=92 flat_index=123 doppler=3 range=27 cfar_cell=boundary gpu_detection=1 cpu_detection=0 gpu_power=2.90151e-12 cpu_power=0 gpu_threshold=0 cpu_threshold=0
detection_mismatch sample_index=92 flat_index=155 doppler=4 range=27 cfar_cell=boundary gpu_detection=1 cpu_detection=0 gpu_power=1.24707e-11 cpu_power=0 gpu_threshold=0 cpu_threshold=0
detection_mismatch sample_index=92 flat_index=187 doppler=5 range=27 cfar_cell=boundary gpu_detection=1 cpu_detection=0 gpu_power=2.60242e-12 cpu_power=0 gpu_threshold=0 cpu_threshold=0
detection_mismatch sample_index=92 flat_index=219 doppler=6 range=27 cfar_cell=boundary gpu_detection=1 cpu_detection=0 gpu_power=2.09604e-14 cpu_power=0 gpu_threshold=0 cpu_threshold=0
detection_mismatch sample_index=92 flat_index=251 doppler=7 range=27 cfar_cell=boundary gpu_detection=1 cpu_detection=0 gpu_power=6.18493e-14 cpu_power=0 gpu_threshold=0 cpu_threshold=0
detection_mismatch sample_index=92 flat_index=283 doppler=8 range=27 cfar_cell=boundary gpu_detection=1 cpu_detection=0 gpu_power=1.02927e-13 cpu_power=0 gpu_threshold=0 cpu_threshold=0
detection_mismatch sample_index=92 flat_index=315 doppler=9 range=27 cfar_cell=boundary gpu_detection=1 cpu_detection=0 gpu_power=4.3125e-14 cpu_power=0 gpu_threshold=0 cpu_threshold=0
detection_mismatch sample_index=92 flat_index=347 doppler=10 range=27 cfar_cell=boundary gpu_detection=1 cpu_detection=0 gpu_power=4.59391e-14 cpu_power=0 gpu_threshold=0 cpu_threshold=0
detection_mismatch sample_index=92 flat_index=379 doppler=11 range=27 cfar_cell=boundary gpu_detection=1 cpu_detection=0 gpu_power=6.91818e-15 cpu_power=0 gpu_threshold=0 cpu_threshold=0
detection_mismatch sample_index=92 flat_index=411 doppler=12 range=27 cfar_cell=boundary gpu_detection=1 cpu_detection=0 gpu_power=1.30478e-13 cpu_power=0 gpu_threshold=0 cpu_threshold=0
detection_mismatch sample_index=92 flat_index=443 doppler=13 range=27 cfar_cell=boundary gpu_detection=1 cpu_detection=0 gpu_power=1.24239e-13 cpu_power=0 gpu_threshold=0 cpu_threshold=0
detection_mismatch sample_index=92 flat_index=475 doppler=14 range=27 cfar_cell=boundary gpu_detection=1 cpu_detection=0 gpu_power=1.22179e-13 cpu_power=0 gpu_threshold=0 cpu_threshold=0
detection_mismatch sample_index=92 flat_index=507 doppler=15 range=27 cfar_cell=boundary gpu_detection=1 cpu_detection=0 gpu_power=2.42141e-14 cpu_power=0 gpu_threshold=0 cpu_threshold=0
sample_index=92 step=step1 cpu_ms=0.048671 gpu_ms=0.322764 relative_l2=8.98327e-07 cpu_heap_peak=2742560 cpu_rss_peak=75907072 gpu_peak=357777408 status=PASS
sample_index=92 step=step2 cpu_ms=0.289464 gpu_ms=0.684238 relative_l2=1.39991e-07 cpu_heap_peak=2746928 cpu_rss_peak=75907072 gpu_peak=357777408 status=PASS
sample_index=92 step=step3 cpu_ms=0.658128 gpu_ms=0.337315 relative_l2=3.37245e-07 cpu_heap_peak=2751040 cpu_rss_peak=75907072 gpu_peak=357777408 status=PASS
sample_index=92 step=step4 cpu_ms=0.05049 gpu_ms=0.495836 relative_l2=1.46504e-07 cpu_heap_peak=2755424 cpu_rss_peak=75907072 gpu_peak=357777408 status=PASS
sample_index=92 step=step5 cpu_ms=1.23003 gpu_ms=3.74843 relative_l2=1.2481e-07 cpu_heap_peak=2763376 cpu_rss_peak=75907072 gpu_peak=357777408 status=PASS
sample_index=92 cpu_pipeline_ms=2.28571 gpu_pipeline_ms=6.12253 cuda_event_aux_sum_ms=4.38181 relative_l2=1.04133e-06 relative_linf=2.9641e-06 detection_mismatch_count=16 valid_detection_mismatch_count=0 boundary_detection_mismatch_count=16 mse=3.58851e-10 rmse=1.89434e-05 formal_relative_l2=1.04133e-06 formal_relative_linf=2.9641e-06 semantic_gates=5/5 accuracy_status=PASS
detection_mismatch_summary sample_index=93 total=16 valid=0 boundary=16
detection_mismatch sample_index=93 flat_index=27 doppler=0 range=27 cfar_cell=boundary gpu_detection=1 cpu_detection=0 gpu_power=2.71385e-14 cpu_power=0 gpu_threshold=0 cpu_threshold=0
detection_mismatch sample_index=93 flat_index=59 doppler=1 range=27 cfar_cell=boundary gpu_detection=1 cpu_detection=0 gpu_power=3.10458e-14 cpu_power=0 gpu_threshold=0 cpu_threshold=0
detection_mismatch sample_index=93 flat_index=91 doppler=2 range=27 cfar_cell=boundary gpu_detection=1 cpu_detection=0 gpu_power=7.3567e-14 cpu_power=0 gpu_threshold=0 cpu_threshold=0
detection_mismatch sample_index=93 flat_index=123 doppler=3 range=27 cfar_cell=boundary gpu_detection=1 cpu_detection=0 gpu_power=2.90151e-12 cpu_power=0 gpu_threshold=0 cpu_threshold=0
detection_mismatch sample_index=93 flat_index=155 doppler=4 range=27 cfar_cell=boundary gpu_detection=1 cpu_detection=0 gpu_power=1.24707e-11 cpu_power=0 gpu_threshold=0 cpu_threshold=0
detection_mismatch sample_index=93 flat_index=187 doppler=5 range=27 cfar_cell=boundary gpu_detection=1 cpu_detection=0 gpu_power=2.60242e-12 cpu_power=0 gpu_threshold=0 cpu_threshold=0
detection_mismatch sample_index=93 flat_index=219 doppler=6 range=27 cfar_cell=boundary gpu_detection=1 cpu_detection=0 gpu_power=2.09604e-14 cpu_power=0 gpu_threshold=0 cpu_threshold=0
detection_mismatch sample_index=93 flat_index=251 doppler=7 range=27 cfar_cell=boundary gpu_detection=1 cpu_detection=0 gpu_power=6.18493e-14 cpu_power=0 gpu_threshold=0 cpu_threshold=0
detection_mismatch sample_index=93 flat_index=283 doppler=8 range=27 cfar_cell=boundary gpu_detection=1 cpu_detection=0 gpu_power=1.02927e-13 cpu_power=0 gpu_threshold=0 cpu_threshold=0
detection_mismatch sample_index=93 flat_index=315 doppler=9 range=27 cfar_cell=boundary gpu_detection=1 cpu_detection=0 gpu_power=4.3125e-14 cpu_power=0 gpu_threshold=0 cpu_threshold=0
detection_mismatch sample_index=93 flat_index=347 doppler=10 range=27 cfar_cell=boundary gpu_detection=1 cpu_detection=0 gpu_power=4.59391e-14 cpu_power=0 gpu_threshold=0 cpu_threshold=0
detection_mismatch sample_index=93 flat_index=379 doppler=11 range=27 cfar_cell=boundary gpu_detection=1 cpu_detection=0 gpu_power=6.91818e-15 cpu_power=0 gpu_threshold=0 cpu_threshold=0
detection_mismatch sample_index=93 flat_index=411 doppler=12 range=27 cfar_cell=boundary gpu_detection=1 cpu_detection=0 gpu_power=1.30478e-13 cpu_power=0 gpu_threshold=0 cpu_threshold=0
detection_mismatch sample_index=93 flat_index=443 doppler=13 range=27 cfar_cell=boundary gpu_detection=1 cpu_detection=0 gpu_power=1.24239e-13 cpu_power=0 gpu_threshold=0 cpu_threshold=0
detection_mismatch sample_index=93 flat_index=475 doppler=14 range=27 cfar_cell=boundary gpu_detection=1 cpu_detection=0 gpu_power=1.22179e-13 cpu_power=0 gpu_threshold=0 cpu_threshold=0
detection_mismatch sample_index=93 flat_index=507 doppler=15 range=27 cfar_cell=boundary gpu_detection=1 cpu_detection=0 gpu_power=2.42141e-14 cpu_power=0 gpu_threshold=0 cpu_threshold=0
sample_index=93 step=step1 cpu_ms=0.048641 gpu_ms=0.337594 relative_l2=8.98327e-07 cpu_heap_peak=2741712 cpu_rss_peak=75907072 gpu_peak=357777408 status=PASS
sample_index=93 step=step2 cpu_ms=0.288814 gpu_ms=0.683078 relative_l2=1.39991e-07 cpu_heap_peak=2747088 cpu_rss_peak=75907072 gpu_peak=357777408 status=PASS
sample_index=93 step=step3 cpu_ms=0.660518 gpu_ms=0.345134 relative_l2=3.37245e-07 cpu_heap_peak=2751200 cpu_rss_peak=75907072 gpu_peak=357777408 status=PASS
sample_index=93 step=step4 cpu_ms=0.050151 gpu_ms=0.514206 relative_l2=1.46504e-07 cpu_heap_peak=2755584 cpu_rss_peak=75907072 gpu_peak=357777408 status=PASS
sample_index=93 step=step5 cpu_ms=1.20388 gpu_ms=3.99638 relative_l2=1.2481e-07 cpu_heap_peak=2763536 cpu_rss_peak=75907072 gpu_peak=357777408 status=PASS
sample_index=93 cpu_pipeline_ms=2.26087 gpu_pipeline_ms=6.4211 cuda_event_aux_sum_ms=4.6259 relative_l2=1.04133e-06 relative_linf=2.9641e-06 detection_mismatch_count=16 valid_detection_mismatch_count=0 boundary_detection_mismatch_count=16 mse=3.58851e-10 rmse=1.89434e-05 formal_relative_l2=1.04133e-06 formal_relative_linf=2.9641e-06 semantic_gates=5/5 accuracy_status=PASS
detection_mismatch_summary sample_index=94 total=16 valid=0 boundary=16
detection_mismatch sample_index=94 flat_index=27 doppler=0 range=27 cfar_cell=boundary gpu_detection=1 cpu_detection=0 gpu_power=2.71385e-14 cpu_power=0 gpu_threshold=0 cpu_threshold=0
detection_mismatch sample_index=94 flat_index=59 doppler=1 range=27 cfar_cell=boundary gpu_detection=1 cpu_detection=0 gpu_power=3.10458e-14 cpu_power=0 gpu_threshold=0 cpu_threshold=0
detection_mismatch sample_index=94 flat_index=91 doppler=2 range=27 cfar_cell=boundary gpu_detection=1 cpu_detection=0 gpu_power=7.3567e-14 cpu_power=0 gpu_threshold=0 cpu_threshold=0
detection_mismatch sample_index=94 flat_index=123 doppler=3 range=27 cfar_cell=boundary gpu_detection=1 cpu_detection=0 gpu_power=2.90151e-12 cpu_power=0 gpu_threshold=0 cpu_threshold=0
detection_mismatch sample_index=94 flat_index=155 doppler=4 range=27 cfar_cell=boundary gpu_detection=1 cpu_detection=0 gpu_power=1.24707e-11 cpu_power=0 gpu_threshold=0 cpu_threshold=0
detection_mismatch sample_index=94 flat_index=187 doppler=5 range=27 cfar_cell=boundary gpu_detection=1 cpu_detection=0 gpu_power=2.60242e-12 cpu_power=0 gpu_threshold=0 cpu_threshold=0
detection_mismatch sample_index=94 flat_index=219 doppler=6 range=27 cfar_cell=boundary gpu_detection=1 cpu_detection=0 gpu_power=2.09604e-14 cpu_power=0 gpu_threshold=0 cpu_threshold=0
detection_mismatch sample_index=94 flat_index=251 doppler=7 range=27 cfar_cell=boundary gpu_detection=1 cpu_detection=0 gpu_power=6.18493e-14 cpu_power=0 gpu_threshold=0 cpu_threshold=0
detection_mismatch sample_index=94 flat_index=283 doppler=8 range=27 cfar_cell=boundary gpu_detection=1 cpu_detection=0 gpu_power=1.02927e-13 cpu_power=0 gpu_threshold=0 cpu_threshold=0
detection_mismatch sample_index=94 flat_index=315 doppler=9 range=27 cfar_cell=boundary gpu_detection=1 cpu_detection=0 gpu_power=4.3125e-14 cpu_power=0 gpu_threshold=0 cpu_threshold=0
detection_mismatch sample_index=94 flat_index=347 doppler=10 range=27 cfar_cell=boundary gpu_detection=1 cpu_detection=0 gpu_power=4.59391e-14 cpu_power=0 gpu_threshold=0 cpu_threshold=0
detection_mismatch sample_index=94 flat_index=379 doppler=11 range=27 cfar_cell=boundary gpu_detection=1 cpu_detection=0 gpu_power=6.91818e-15 cpu_power=0 gpu_threshold=0 cpu_threshold=0
detection_mismatch sample_index=94 flat_index=411 doppler=12 range=27 cfar_cell=boundary gpu_detection=1 cpu_detection=0 gpu_power=1.30478e-13 cpu_power=0 gpu_threshold=0 cpu_threshold=0
detection_mismatch sample_index=94 flat_index=443 doppler=13 range=27 cfar_cell=boundary gpu_detection=1 cpu_detection=0 gpu_power=1.24239e-13 cpu_power=0 gpu_threshold=0 cpu_threshold=0
detection_mismatch sample_index=94 flat_index=475 doppler=14 range=27 cfar_cell=boundary gpu_detection=1 cpu_detection=0 gpu_power=1.22179e-13 cpu_power=0 gpu_threshold=0 cpu_threshold=0
detection_mismatch sample_index=94 flat_index=507 doppler=15 range=27 cfar_cell=boundary gpu_detection=1 cpu_detection=0 gpu_power=2.42141e-14 cpu_power=0 gpu_threshold=0 cpu_threshold=0
sample_index=94 step=step1 cpu_ms=0.04867 gpu_ms=0.332194 relative_l2=8.98327e-07 cpu_heap_peak=2742688 cpu_rss_peak=75907072 gpu_peak=357777408 status=PASS
sample_index=94 step=step2 cpu_ms=0.289384 gpu_ms=0.752479 relative_l2=1.39991e-07 cpu_heap_peak=2747056 cpu_rss_peak=75907072 gpu_peak=357777408 status=PASS
sample_index=94 step=step3 cpu_ms=0.661938 gpu_ms=0.343854 relative_l2=3.37245e-07 cpu_heap_peak=2751168 cpu_rss_peak=75907072 gpu_peak=357777408 status=PASS
sample_index=94 step=step4 cpu_ms=0.050671 gpu_ms=0.499266 relative_l2=1.46504e-07 cpu_heap_peak=2755552 cpu_rss_peak=75907072 gpu_peak=357777408 status=PASS
sample_index=94 step=step5 cpu_ms=1.2046 gpu_ms=3.72708 relative_l2=1.2481e-07 cpu_heap_peak=2763504 cpu_rss_peak=75907072 gpu_peak=357777408 status=PASS
sample_index=94 cpu_pipeline_ms=2.26449 gpu_pipeline_ms=6.19192 cuda_event_aux_sum_ms=4.42103 relative_l2=1.04133e-06 relative_linf=2.9641e-06 detection_mismatch_count=16 valid_detection_mismatch_count=0 boundary_detection_mismatch_count=16 mse=3.58851e-10 rmse=1.89434e-05 formal_relative_l2=1.04133e-06 formal_relative_linf=2.9641e-06 semantic_gates=5/5 accuracy_status=PASS
detection_mismatch_summary sample_index=95 total=16 valid=0 boundary=16
detection_mismatch sample_index=95 flat_index=27 doppler=0 range=27 cfar_cell=boundary gpu_detection=1 cpu_detection=0 gpu_power=2.71385e-14 cpu_power=0 gpu_threshold=0 cpu_threshold=0
detection_mismatch sample_index=95 flat_index=59 doppler=1 range=27 cfar_cell=boundary gpu_detection=1 cpu_detection=0 gpu_power=3.10458e-14 cpu_power=0 gpu_threshold=0 cpu_threshold=0
detection_mismatch sample_index=95 flat_index=91 doppler=2 range=27 cfar_cell=boundary gpu_detection=1 cpu_detection=0 gpu_power=7.3567e-14 cpu_power=0 gpu_threshold=0 cpu_threshold=0
detection_mismatch sample_index=95 flat_index=123 doppler=3 range=27 cfar_cell=boundary gpu_detection=1 cpu_detection=0 gpu_power=2.90151e-12 cpu_power=0 gpu_threshold=0 cpu_threshold=0
detection_mismatch sample_index=95 flat_index=155 doppler=4 range=27 cfar_cell=boundary gpu_detection=1 cpu_detection=0 gpu_power=1.24707e-11 cpu_power=0 gpu_threshold=0 cpu_threshold=0
detection_mismatch sample_index=95 flat_index=187 doppler=5 range=27 cfar_cell=boundary gpu_detection=1 cpu_detection=0 gpu_power=2.60242e-12 cpu_power=0 gpu_threshold=0 cpu_threshold=0
detection_mismatch sample_index=95 flat_index=219 doppler=6 range=27 cfar_cell=boundary gpu_detection=1 cpu_detection=0 gpu_power=2.09604e-14 cpu_power=0 gpu_threshold=0 cpu_threshold=0
detection_mismatch sample_index=95 flat_index=251 doppler=7 range=27 cfar_cell=boundary gpu_detection=1 cpu_detection=0 gpu_power=6.18493e-14 cpu_power=0 gpu_threshold=0 cpu_threshold=0
detection_mismatch sample_index=95 flat_index=283 doppler=8 range=27 cfar_cell=boundary gpu_detection=1 cpu_detection=0 gpu_power=1.02927e-13 cpu_power=0 gpu_threshold=0 cpu_threshold=0
detection_mismatch sample_index=95 flat_index=315 doppler=9 range=27 cfar_cell=boundary gpu_detection=1 cpu_detection=0 gpu_power=4.3125e-14 cpu_power=0 gpu_threshold=0 cpu_threshold=0
detection_mismatch sample_index=95 flat_index=347 doppler=10 range=27 cfar_cell=boundary gpu_detection=1 cpu_detection=0 gpu_power=4.59391e-14 cpu_power=0 gpu_threshold=0 cpu_threshold=0
detection_mismatch sample_index=95 flat_index=379 doppler=11 range=27 cfar_cell=boundary gpu_detection=1 cpu_detection=0 gpu_power=6.91818e-15 cpu_power=0 gpu_threshold=0 cpu_threshold=0
detection_mismatch sample_index=95 flat_index=411 doppler=12 range=27 cfar_cell=boundary gpu_detection=1 cpu_detection=0 gpu_power=1.30478e-13 cpu_power=0 gpu_threshold=0 cpu_threshold=0
detection_mismatch sample_index=95 flat_index=443 doppler=13 range=27 cfar_cell=boundary gpu_detection=1 cpu_detection=0 gpu_power=1.24239e-13 cpu_power=0 gpu_threshold=0 cpu_threshold=0
detection_mismatch sample_index=95 flat_index=475 doppler=14 range=27 cfar_cell=boundary gpu_detection=1 cpu_detection=0 gpu_power=1.22179e-13 cpu_power=0 gpu_threshold=0 cpu_threshold=0
detection_mismatch sample_index=95 flat_index=507 doppler=15 range=27 cfar_cell=boundary gpu_detection=1 cpu_detection=0 gpu_power=2.42141e-14 cpu_power=0 gpu_threshold=0 cpu_threshold=0
sample_index=95 step=step1 cpu_ms=0.048581 gpu_ms=0.325714 relative_l2=8.98327e-07 cpu_heap_peak=2743504 cpu_rss_peak=75907072 gpu_peak=357777408 status=PASS
sample_index=95 step=step2 cpu_ms=0.321984 gpu_ms=0.79596 relative_l2=1.39991e-07 cpu_heap_peak=2747872 cpu_rss_peak=75907072 gpu_peak=357777408 status=PASS
sample_index=95 step=step3 cpu_ms=0.663138 gpu_ms=0.367235 relative_l2=3.37245e-07 cpu_heap_peak=2751984 cpu_rss_peak=75907072 gpu_peak=357777408 status=PASS
sample_index=95 step=step4 cpu_ms=0.051 gpu_ms=0.524827 relative_l2=1.46504e-07 cpu_heap_peak=2756368 cpu_rss_peak=75907072 gpu_peak=357777408 status=PASS
sample_index=95 step=step5 cpu_ms=1.2021 gpu_ms=3.81139 relative_l2=1.2481e-07 cpu_heap_peak=2764320 cpu_rss_peak=75907072 gpu_peak=357777408 status=PASS
sample_index=95 cpu_pipeline_ms=2.29548 gpu_pipeline_ms=6.35931 cuda_event_aux_sum_ms=4.53915 relative_l2=1.04133e-06 relative_linf=2.9641e-06 detection_mismatch_count=16 valid_detection_mismatch_count=0 boundary_detection_mismatch_count=16 mse=3.58851e-10 rmse=1.89434e-05 formal_relative_l2=1.04133e-06 formal_relative_linf=2.9641e-06 semantic_gates=5/5 accuracy_status=PASS
detection_mismatch_summary sample_index=96 total=16 valid=0 boundary=16
detection_mismatch sample_index=96 flat_index=27 doppler=0 range=27 cfar_cell=boundary gpu_detection=1 cpu_detection=0 gpu_power=2.71385e-14 cpu_power=0 gpu_threshold=0 cpu_threshold=0
detection_mismatch sample_index=96 flat_index=59 doppler=1 range=27 cfar_cell=boundary gpu_detection=1 cpu_detection=0 gpu_power=3.10458e-14 cpu_power=0 gpu_threshold=0 cpu_threshold=0
detection_mismatch sample_index=96 flat_index=91 doppler=2 range=27 cfar_cell=boundary gpu_detection=1 cpu_detection=0 gpu_power=7.3567e-14 cpu_power=0 gpu_threshold=0 cpu_threshold=0
detection_mismatch sample_index=96 flat_index=123 doppler=3 range=27 cfar_cell=boundary gpu_detection=1 cpu_detection=0 gpu_power=2.90151e-12 cpu_power=0 gpu_threshold=0 cpu_threshold=0
detection_mismatch sample_index=96 flat_index=155 doppler=4 range=27 cfar_cell=boundary gpu_detection=1 cpu_detection=0 gpu_power=1.24707e-11 cpu_power=0 gpu_threshold=0 cpu_threshold=0
detection_mismatch sample_index=96 flat_index=187 doppler=5 range=27 cfar_cell=boundary gpu_detection=1 cpu_detection=0 gpu_power=2.60242e-12 cpu_power=0 gpu_threshold=0 cpu_threshold=0
detection_mismatch sample_index=96 flat_index=219 doppler=6 range=27 cfar_cell=boundary gpu_detection=1 cpu_detection=0 gpu_power=2.09604e-14 cpu_power=0 gpu_threshold=0 cpu_threshold=0
detection_mismatch sample_index=96 flat_index=251 doppler=7 range=27 cfar_cell=boundary gpu_detection=1 cpu_detection=0 gpu_power=6.18493e-14 cpu_power=0 gpu_threshold=0 cpu_threshold=0
detection_mismatch sample_index=96 flat_index=283 doppler=8 range=27 cfar_cell=boundary gpu_detection=1 cpu_detection=0 gpu_power=1.02927e-13 cpu_power=0 gpu_threshold=0 cpu_threshold=0
detection_mismatch sample_index=96 flat_index=315 doppler=9 range=27 cfar_cell=boundary gpu_detection=1 cpu_detection=0 gpu_power=4.3125e-14 cpu_power=0 gpu_threshold=0 cpu_threshold=0
detection_mismatch sample_index=96 flat_index=347 doppler=10 range=27 cfar_cell=boundary gpu_detection=1 cpu_detection=0 gpu_power=4.59391e-14 cpu_power=0 gpu_threshold=0 cpu_threshold=0
detection_mismatch sample_index=96 flat_index=379 doppler=11 range=27 cfar_cell=boundary gpu_detection=1 cpu_detection=0 gpu_power=6.91818e-15 cpu_power=0 gpu_threshold=0 cpu_threshold=0
detection_mismatch sample_index=96 flat_index=411 doppler=12 range=27 cfar_cell=boundary gpu_detection=1 cpu_detection=0 gpu_power=1.30478e-13 cpu_power=0 gpu_threshold=0 cpu_threshold=0
detection_mismatch sample_index=96 flat_index=443 doppler=13 range=27 cfar_cell=boundary gpu_detection=1 cpu_detection=0 gpu_power=1.24239e-13 cpu_power=0 gpu_threshold=0 cpu_threshold=0
detection_mismatch sample_index=96 flat_index=475 doppler=14 range=27 cfar_cell=boundary gpu_detection=1 cpu_detection=0 gpu_power=1.22179e-13 cpu_power=0 gpu_threshold=0 cpu_threshold=0
detection_mismatch sample_index=96 flat_index=507 doppler=15 range=27 cfar_cell=boundary gpu_detection=1 cpu_detection=0 gpu_power=2.42141e-14 cpu_power=0 gpu_threshold=0 cpu_threshold=0
sample_index=96 step=step1 cpu_ms=0.04867 gpu_ms=0.323524 relative_l2=8.98327e-07 cpu_heap_peak=2742752 cpu_rss_peak=75907072 gpu_peak=357777408 status=PASS
sample_index=96 step=step2 cpu_ms=0.288444 gpu_ms=0.690788 relative_l2=1.39991e-07 cpu_heap_peak=2747120 cpu_rss_peak=75907072 gpu_peak=357777408 status=PASS
sample_index=96 step=step3 cpu_ms=0.660478 gpu_ms=0.337374 relative_l2=3.37245e-07 cpu_heap_peak=2751232 cpu_rss_peak=75907072 gpu_peak=357777408 status=PASS
sample_index=96 step=step4 cpu_ms=0.05033 gpu_ms=0.496767 relative_l2=1.46504e-07 cpu_heap_peak=2755616 cpu_rss_peak=75907072 gpu_peak=357777408 status=PASS
sample_index=96 step=step5 cpu_ms=1.22558 gpu_ms=3.67678 relative_l2=1.2481e-07 cpu_heap_peak=2763568 cpu_rss_peak=75907072 gpu_peak=357777408 status=PASS
sample_index=96 cpu_pipeline_ms=2.2825 gpu_pipeline_ms=6.04267 cuda_event_aux_sum_ms=4.30732 relative_l2=1.04133e-06 relative_linf=2.9641e-06 detection_mismatch_count=16 valid_detection_mismatch_count=0 boundary_detection_mismatch_count=16 mse=3.58851e-10 rmse=1.89434e-05 formal_relative_l2=1.04133e-06 formal_relative_linf=2.9641e-06 semantic_gates=5/5 accuracy_status=PASS
detection_mismatch_summary sample_index=97 total=16 valid=0 boundary=16
detection_mismatch sample_index=97 flat_index=27 doppler=0 range=27 cfar_cell=boundary gpu_detection=1 cpu_detection=0 gpu_power=2.71385e-14 cpu_power=0 gpu_threshold=0 cpu_threshold=0
detection_mismatch sample_index=97 flat_index=59 doppler=1 range=27 cfar_cell=boundary gpu_detection=1 cpu_detection=0 gpu_power=3.10458e-14 cpu_power=0 gpu_threshold=0 cpu_threshold=0
detection_mismatch sample_index=97 flat_index=91 doppler=2 range=27 cfar_cell=boundary gpu_detection=1 cpu_detection=0 gpu_power=7.3567e-14 cpu_power=0 gpu_threshold=0 cpu_threshold=0
detection_mismatch sample_index=97 flat_index=123 doppler=3 range=27 cfar_cell=boundary gpu_detection=1 cpu_detection=0 gpu_power=2.90151e-12 cpu_power=0 gpu_threshold=0 cpu_threshold=0
detection_mismatch sample_index=97 flat_index=155 doppler=4 range=27 cfar_cell=boundary gpu_detection=1 cpu_detection=0 gpu_power=1.24707e-11 cpu_power=0 gpu_threshold=0 cpu_threshold=0
detection_mismatch sample_index=97 flat_index=187 doppler=5 range=27 cfar_cell=boundary gpu_detection=1 cpu_detection=0 gpu_power=2.60242e-12 cpu_power=0 gpu_threshold=0 cpu_threshold=0
detection_mismatch sample_index=97 flat_index=219 doppler=6 range=27 cfar_cell=boundary gpu_detection=1 cpu_detection=0 gpu_power=2.09604e-14 cpu_power=0 gpu_threshold=0 cpu_threshold=0
detection_mismatch sample_index=97 flat_index=251 doppler=7 range=27 cfar_cell=boundary gpu_detection=1 cpu_detection=0 gpu_power=6.18493e-14 cpu_power=0 gpu_threshold=0 cpu_threshold=0
detection_mismatch sample_index=97 flat_index=283 doppler=8 range=27 cfar_cell=boundary gpu_detection=1 cpu_detection=0 gpu_power=1.02927e-13 cpu_power=0 gpu_threshold=0 cpu_threshold=0
detection_mismatch sample_index=97 flat_index=315 doppler=9 range=27 cfar_cell=boundary gpu_detection=1 cpu_detection=0 gpu_power=4.3125e-14 cpu_power=0 gpu_threshold=0 cpu_threshold=0
detection_mismatch sample_index=97 flat_index=347 doppler=10 range=27 cfar_cell=boundary gpu_detection=1 cpu_detection=0 gpu_power=4.59391e-14 cpu_power=0 gpu_threshold=0 cpu_threshold=0
detection_mismatch sample_index=97 flat_index=379 doppler=11 range=27 cfar_cell=boundary gpu_detection=1 cpu_detection=0 gpu_power=6.91818e-15 cpu_power=0 gpu_threshold=0 cpu_threshold=0
detection_mismatch sample_index=97 flat_index=411 doppler=12 range=27 cfar_cell=boundary gpu_detection=1 cpu_detection=0 gpu_power=1.30478e-13 cpu_power=0 gpu_threshold=0 cpu_threshold=0
detection_mismatch sample_index=97 flat_index=443 doppler=13 range=27 cfar_cell=boundary gpu_detection=1 cpu_detection=0 gpu_power=1.24239e-13 cpu_power=0 gpu_threshold=0 cpu_threshold=0
detection_mismatch sample_index=97 flat_index=475 doppler=14 range=27 cfar_cell=boundary gpu_detection=1 cpu_detection=0 gpu_power=1.22179e-13 cpu_power=0 gpu_threshold=0 cpu_threshold=0
detection_mismatch sample_index=97 flat_index=507 doppler=15 range=27 cfar_cell=boundary gpu_detection=1 cpu_detection=0 gpu_power=2.42141e-14 cpu_power=0 gpu_threshold=0 cpu_threshold=0
sample_index=97 step=step1 cpu_ms=0.04837 gpu_ms=0.323144 relative_l2=8.98327e-07 cpu_heap_peak=2743680 cpu_rss_peak=75907072 gpu_peak=357777408 status=PASS
sample_index=97 step=step2 cpu_ms=0.289494 gpu_ms=0.688848 relative_l2=1.39991e-07 cpu_heap_peak=2748048 cpu_rss_peak=75907072 gpu_peak=357777408 status=PASS
sample_index=97 step=step3 cpu_ms=0.659278 gpu_ms=0.347184 relative_l2=3.37245e-07 cpu_heap_peak=2752160 cpu_rss_peak=75907072 gpu_peak=357777408 status=PASS
sample_index=97 step=step4 cpu_ms=0.050541 gpu_ms=0.499516 relative_l2=1.46504e-07 cpu_heap_peak=2756544 cpu_rss_peak=75907072 gpu_peak=357777408 status=PASS
sample_index=97 step=step5 cpu_ms=1.2025 gpu_ms=3.71939 relative_l2=1.2481e-07 cpu_heap_peak=2764496 cpu_rss_peak=75907072 gpu_peak=357777408 status=PASS
sample_index=97 cpu_pipeline_ms=2.25946 gpu_pipeline_ms=6.10912 cuda_event_aux_sum_ms=4.35141 relative_l2=1.04133e-06 relative_linf=2.9641e-06 detection_mismatch_count=16 valid_detection_mismatch_count=0 boundary_detection_mismatch_count=16 mse=3.58851e-10 rmse=1.89434e-05 formal_relative_l2=1.04133e-06 formal_relative_linf=2.9641e-06 semantic_gates=5/5 accuracy_status=PASS
detection_mismatch_summary sample_index=98 total=16 valid=0 boundary=16
detection_mismatch sample_index=98 flat_index=27 doppler=0 range=27 cfar_cell=boundary gpu_detection=1 cpu_detection=0 gpu_power=2.71385e-14 cpu_power=0 gpu_threshold=0 cpu_threshold=0
detection_mismatch sample_index=98 flat_index=59 doppler=1 range=27 cfar_cell=boundary gpu_detection=1 cpu_detection=0 gpu_power=3.10458e-14 cpu_power=0 gpu_threshold=0 cpu_threshold=0
detection_mismatch sample_index=98 flat_index=91 doppler=2 range=27 cfar_cell=boundary gpu_detection=1 cpu_detection=0 gpu_power=7.3567e-14 cpu_power=0 gpu_threshold=0 cpu_threshold=0
detection_mismatch sample_index=98 flat_index=123 doppler=3 range=27 cfar_cell=boundary gpu_detection=1 cpu_detection=0 gpu_power=2.90151e-12 cpu_power=0 gpu_threshold=0 cpu_threshold=0
detection_mismatch sample_index=98 flat_index=155 doppler=4 range=27 cfar_cell=boundary gpu_detection=1 cpu_detection=0 gpu_power=1.24707e-11 cpu_power=0 gpu_threshold=0 cpu_threshold=0
detection_mismatch sample_index=98 flat_index=187 doppler=5 range=27 cfar_cell=boundary gpu_detection=1 cpu_detection=0 gpu_power=2.60242e-12 cpu_power=0 gpu_threshold=0 cpu_threshold=0
detection_mismatch sample_index=98 flat_index=219 doppler=6 range=27 cfar_cell=boundary gpu_detection=1 cpu_detection=0 gpu_power=2.09604e-14 cpu_power=0 gpu_threshold=0 cpu_threshold=0
detection_mismatch sample_index=98 flat_index=251 doppler=7 range=27 cfar_cell=boundary gpu_detection=1 cpu_detection=0 gpu_power=6.18493e-14 cpu_power=0 gpu_threshold=0 cpu_threshold=0
detection_mismatch sample_index=98 flat_index=283 doppler=8 range=27 cfar_cell=boundary gpu_detection=1 cpu_detection=0 gpu_power=1.02927e-13 cpu_power=0 gpu_threshold=0 cpu_threshold=0
detection_mismatch sample_index=98 flat_index=315 doppler=9 range=27 cfar_cell=boundary gpu_detection=1 cpu_detection=0 gpu_power=4.3125e-14 cpu_power=0 gpu_threshold=0 cpu_threshold=0
detection_mismatch sample_index=98 flat_index=347 doppler=10 range=27 cfar_cell=boundary gpu_detection=1 cpu_detection=0 gpu_power=4.59391e-14 cpu_power=0 gpu_threshold=0 cpu_threshold=0
detection_mismatch sample_index=98 flat_index=379 doppler=11 range=27 cfar_cell=boundary gpu_detection=1 cpu_detection=0 gpu_power=6.91818e-15 cpu_power=0 gpu_threshold=0 cpu_threshold=0
detection_mismatch sample_index=98 flat_index=411 doppler=12 range=27 cfar_cell=boundary gpu_detection=1 cpu_detection=0 gpu_power=1.30478e-13 cpu_power=0 gpu_threshold=0 cpu_threshold=0
detection_mismatch sample_index=98 flat_index=443 doppler=13 range=27 cfar_cell=boundary gpu_detection=1 cpu_detection=0 gpu_power=1.24239e-13 cpu_power=0 gpu_threshold=0 cpu_threshold=0
detection_mismatch sample_index=98 flat_index=475 doppler=14 range=27 cfar_cell=boundary gpu_detection=1 cpu_detection=0 gpu_power=1.22179e-13 cpu_power=0 gpu_threshold=0 cpu_threshold=0
detection_mismatch sample_index=98 flat_index=507 doppler=15 range=27 cfar_cell=boundary gpu_detection=1 cpu_detection=0 gpu_power=2.42141e-14 cpu_power=0 gpu_threshold=0 cpu_threshold=0
sample_index=98 step=step1 cpu_ms=0.04854 gpu_ms=0.328494 relative_l2=8.98327e-07 cpu_heap_peak=2743280 cpu_rss_peak=75907072 gpu_peak=357777408 status=PASS
sample_index=98 step=step2 cpu_ms=0.288844 gpu_ms=0.687448 relative_l2=1.39991e-07 cpu_heap_peak=2748224 cpu_rss_peak=75907072 gpu_peak=357777408 status=PASS
sample_index=98 step=step3 cpu_ms=0.660808 gpu_ms=0.363904 relative_l2=3.37245e-07 cpu_heap_peak=2752336 cpu_rss_peak=75907072 gpu_peak=357777408 status=PASS
sample_index=98 step=step4 cpu_ms=0.050361 gpu_ms=0.494896 relative_l2=1.46504e-07 cpu_heap_peak=2756720 cpu_rss_peak=75907072 gpu_peak=357777408 status=PASS
sample_index=98 step=step5 cpu_ms=1.20504 gpu_ms=3.78762 relative_l2=1.2481e-07 cpu_heap_peak=2764672 cpu_rss_peak=75907072 gpu_peak=357777408 status=PASS
sample_index=98 cpu_pipeline_ms=2.26242 gpu_pipeline_ms=6.20044 cuda_event_aux_sum_ms=4.41815 relative_l2=1.04133e-06 relative_linf=2.9641e-06 detection_mismatch_count=16 valid_detection_mismatch_count=0 boundary_detection_mismatch_count=16 mse=3.58851e-10 rmse=1.89434e-05 formal_relative_l2=1.04133e-06 formal_relative_linf=2.9641e-06 semantic_gates=5/5 accuracy_status=PASS
detection_mismatch_summary sample_index=99 total=16 valid=0 boundary=16
detection_mismatch sample_index=99 flat_index=27 doppler=0 range=27 cfar_cell=boundary gpu_detection=1 cpu_detection=0 gpu_power=2.71385e-14 cpu_power=0 gpu_threshold=0 cpu_threshold=0
detection_mismatch sample_index=99 flat_index=59 doppler=1 range=27 cfar_cell=boundary gpu_detection=1 cpu_detection=0 gpu_power=3.10458e-14 cpu_power=0 gpu_threshold=0 cpu_threshold=0
detection_mismatch sample_index=99 flat_index=91 doppler=2 range=27 cfar_cell=boundary gpu_detection=1 cpu_detection=0 gpu_power=7.3567e-14 cpu_power=0 gpu_threshold=0 cpu_threshold=0
detection_mismatch sample_index=99 flat_index=123 doppler=3 range=27 cfar_cell=boundary gpu_detection=1 cpu_detection=0 gpu_power=2.90151e-12 cpu_power=0 gpu_threshold=0 cpu_threshold=0
detection_mismatch sample_index=99 flat_index=155 doppler=4 range=27 cfar_cell=boundary gpu_detection=1 cpu_detection=0 gpu_power=1.24707e-11 cpu_power=0 gpu_threshold=0 cpu_threshold=0
detection_mismatch sample_index=99 flat_index=187 doppler=5 range=27 cfar_cell=boundary gpu_detection=1 cpu_detection=0 gpu_power=2.60242e-12 cpu_power=0 gpu_threshold=0 cpu_threshold=0
detection_mismatch sample_index=99 flat_index=219 doppler=6 range=27 cfar_cell=boundary gpu_detection=1 cpu_detection=0 gpu_power=2.09604e-14 cpu_power=0 gpu_threshold=0 cpu_threshold=0
detection_mismatch sample_index=99 flat_index=251 doppler=7 range=27 cfar_cell=boundary gpu_detection=1 cpu_detection=0 gpu_power=6.18493e-14 cpu_power=0 gpu_threshold=0 cpu_threshold=0
detection_mismatch sample_index=99 flat_index=283 doppler=8 range=27 cfar_cell=boundary gpu_detection=1 cpu_detection=0 gpu_power=1.02927e-13 cpu_power=0 gpu_threshold=0 cpu_threshold=0
detection_mismatch sample_index=99 flat_index=315 doppler=9 range=27 cfar_cell=boundary gpu_detection=1 cpu_detection=0 gpu_power=4.3125e-14 cpu_power=0 gpu_threshold=0 cpu_threshold=0
detection_mismatch sample_index=99 flat_index=347 doppler=10 range=27 cfar_cell=boundary gpu_detection=1 cpu_detection=0 gpu_power=4.59391e-14 cpu_power=0 gpu_threshold=0 cpu_threshold=0
detection_mismatch sample_index=99 flat_index=379 doppler=11 range=27 cfar_cell=boundary gpu_detection=1 cpu_detection=0 gpu_power=6.91818e-15 cpu_power=0 gpu_threshold=0 cpu_threshold=0
detection_mismatch sample_index=99 flat_index=411 doppler=12 range=27 cfar_cell=boundary gpu_detection=1 cpu_detection=0 gpu_power=1.30478e-13 cpu_power=0 gpu_threshold=0 cpu_threshold=0
detection_mismatch sample_index=99 flat_index=443 doppler=13 range=27 cfar_cell=boundary gpu_detection=1 cpu_detection=0 gpu_power=1.24239e-13 cpu_power=0 gpu_threshold=0 cpu_threshold=0
detection_mismatch sample_index=99 flat_index=475 doppler=14 range=27 cfar_cell=boundary gpu_detection=1 cpu_detection=0 gpu_power=1.22179e-13 cpu_power=0 gpu_threshold=0 cpu_threshold=0
detection_mismatch sample_index=99 flat_index=507 doppler=15 range=27 cfar_cell=boundary gpu_detection=1 cpu_detection=0 gpu_power=2.42141e-14 cpu_power=0 gpu_threshold=0 cpu_threshold=0
sample_index=99 step=step1 cpu_ms=0.04857 gpu_ms=0.338914 relative_l2=8.98327e-07 cpu_heap_peak=2743296 cpu_rss_peak=75907072 gpu_peak=357777408 status=PASS
sample_index=99 step=step2 cpu_ms=0.288544 gpu_ms=0.687009 relative_l2=1.39991e-07 cpu_heap_peak=2747664 cpu_rss_peak=75907072 gpu_peak=357777408 status=PASS
sample_index=99 step=step3 cpu_ms=0.671008 gpu_ms=0.349605 relative_l2=3.37245e-07 cpu_heap_peak=2751776 cpu_rss_peak=75907072 gpu_peak=357777408 status=PASS
sample_index=99 step=step4 cpu_ms=0.051181 gpu_ms=0.516076 relative_l2=1.46504e-07 cpu_heap_peak=2756160 cpu_rss_peak=75907072 gpu_peak=357777408 status=PASS
sample_index=99 step=step5 cpu_ms=1.20334 gpu_ms=3.90377 relative_l2=1.2481e-07 cpu_heap_peak=2764112 cpu_rss_peak=75907072 gpu_peak=357777408 status=PASS
sample_index=99 cpu_pipeline_ms=2.27154 gpu_pipeline_ms=6.34412 cuda_event_aux_sum_ms=4.53993 relative_l2=1.04133e-06 relative_linf=2.9641e-06 detection_mismatch_count=16 valid_detection_mismatch_count=0 boundary_detection_mismatch_count=16 mse=3.58851e-10 rmse=1.89434e-05 formal_relative_l2=1.04133e-06 formal_relative_linf=2.9641e-06 semantic_gates=5/5 accuracy_status=PASS
function=Task1 frozen full pipeline
call_chain=Step1->{Step2->Step3->Step4,Step5};Step5_source=Step1.waveform
formal_operators=pulse_compression,pulse_doppler,cfar_alpha,ca_cfar,ambgfun
timing=pipeline_total measured directly;not=sum(step timings)
status=PASS return_code=0
