schema_version,run_id,run_type,test_time_utc,git_commit,git_dirty,config_id,config_sha256,target_kind,target,task_name,step_name,operator_name,case_id,scale_id,order_of_magnitude,actual_elements,input_shape,dtype,device,backend,timing_scope,status,error_code,warmup_runs,measured_runs,sample_index,latency_ms,synchronized,input_digest,output_digest
1,20260809T145721Z_336d860e7e54_stage08_b06_formal_8613f005,formal,20260809T145721Z,336d860e7e54523d86fe3e59542fb9dc2569f98c,true,stage08_b06_csd_scales_v1,f34a8418b38bdb14cc081605a2640838095875661c115422e9623793c66e122b,operator,csd,NA,NA,csd,csd__csd_fp16_10e4__57efefbc2eaa3501,csd_fp16_10e4,10^4,10000,"x=[10000],y=[9000]",FP16,CPU,fft_thrust,compatibility/end-to-end,PASS,OK,20,100,0,195.774301,true,57efefbc2eaa350146575fe9f90d8de9a28d28e6a5892e9e5c44f701c72792e1,e884839b52f6df7961a5bc24ff5ef6d70d1a19d85dd86c1f5e679515e5aab212
1,20260809T145721Z_336d860e7e54_stage08_b06_formal_8613f005,formal,20260809T145721Z,336d860e7e54523d86fe3e59542fb9dc2569f98c,true,stage08_b06_csd_scales_v1,f34a8418b38bdb14cc081605a2640838095875661c115422e9623793c66e122b,operator,csd,NA,NA,csd,csd__csd_fp16_10e4__57efefbc2eaa3501,csd_fp16_10e4,10^4,10000,"x=[10000],y=[9000]",FP16,CPU,fft_thrust,compatibility/end-to-end,PASS,OK,20,100,1,195.945713,true,57efefbc2eaa350146575fe9f90d8de9a28d28e6a5892e9e5c44f701c72792e1,e884839b52f6df7961a5bc24ff5ef6d70d1a19d85dd86c1f5e679515e5aab212
1,20260809T145721Z_336d860e7e54_stage08_b06_formal_8613f005,formal,20260809T145721Z,336d860e7e54523d86fe3e59542fb9dc2569f98c,true,stage08_b06_csd_scales_v1,f34a8418b38bdb14cc081605a2640838095875661c115422e9623793c66e122b,operator,csd,NA,NA,csd,csd__csd_fp16_10e4__57efefbc2eaa3501,csd_fp16_10e4,10^4,10000,"x=[10000],y=[9000]",FP16,CPU,fft_thrust,compatibility/end-to-end,PASS,OK,20,100,2,196.037043,true,57efefbc2eaa350146575fe9f90d8de9a28d28e6a5892e9e5c44f701c72792e1,e884839b52f6df7961a5bc24ff5ef6d70d1a19d85dd86c1f5e679515e5aab212
1,20260809T145721Z_336d860e7e54_stage08_b06_formal_8613f005,formal,20260809T145721Z,336d860e7e54523d86fe3e59542fb9dc2569f98c,true,stage08_b06_csd_scales_v1,f34a8418b38bdb14cc081605a2640838095875661c115422e9623793c66e122b,operator,csd,NA,NA,csd,csd__csd_fp16_10e4__57efefbc2eaa3501,csd_fp16_10e4,10^4,10000,"x=[10000],y=[9000]",FP16,CPU,fft_thrust,compatibility/end-to-end,PASS,OK,20,100,3,195.865052,true,57efefbc2eaa350146575fe9f90d8de9a28d28e6a5892e9e5c44f701c72792e1,e884839b52f6df7961a5bc24ff5ef6d70d1a19d85dd86c1f5e679515e5aab212
1,20260809T145721Z_336d860e7e54_stage08_b06_formal_8613f005,formal,20260809T145721Z,336d860e7e54523d86fe3e59542fb9dc2569f98c,true,stage08_b06_csd_scales_v1,f34a8418b38bdb14cc081605a2640838095875661c115422e9623793c66e122b,operator,csd,NA,NA,csd,csd__csd_fp16_10e4__57efefbc2eaa3501,csd_fp16_10e4,10^4,10000,"x=[10000],y=[9000]",FP16,CPU,fft_thrust,compatibility/end-to-end,PASS,OK,20,100,4,195.462972,true,57efefbc2eaa350146575fe9f90d8de9a28d28e6a5892e9e5c44f701c72792e1,e884839b52f6df7961a5bc24ff5ef6d70d1a19d85dd86c1f5e679515e5aab212
1,20260809T145721Z_336d860e7e54_stage08_b06_formal_8613f005,formal,20260809T145721Z,336d860e7e54523d86fe3e59542fb9dc2569f98c,true,stage08_b06_csd_scales_v1,f34a8418b38bdb14cc081605a2640838095875661c115422e9623793c66e122b,operator,csd,NA,NA,csd,csd__csd_fp16_10e4__57efefbc2eaa3501,csd_fp16_10e4,10^4,10000,"x=[10000],y=[9000]",FP16,CPU,fft_thrust,compatibility/end-to-end,PASS,OK,20,100,5,195.603231,true,57efefbc2eaa350146575fe9f90d8de9a28d28e6a5892e9e5c44f701c72792e1,e884839b52f6df7961a5bc24ff5ef6d70d1a19d85dd86c1f5e679515e5aab212
1,20260809T145721Z_336d860e7e54_stage08_b06_formal_8613f005,formal,20260809T145721Z,336d860e7e54523d86fe3e59542fb9dc2569f98c,true,stage08_b06_csd_scales_v1,f34a8418b38bdb14cc081605a2640838095875661c115422e9623793c66e122b,operator,csd,NA,NA,csd,csd__csd_fp16_10e4__57efefbc2eaa3501,csd_fp16_10e4,10^4,10000,"x=[10000],y=[9000]",FP16,CPU,fft_thrust,compatibility/end-to-end,PASS,OK,20,100,6,195.391913,true,57efefbc2eaa350146575fe9f90d8de9a28d28e6a5892e9e5c44f701c72792e1,e884839b52f6df7961a5bc24ff5ef6d70d1a19d85dd86c1f5e679515e5aab212
1,20260809T145721Z_336d860e7e54_stage08_b06_formal_8613f005,formal,20260809T145721Z,336d860e7e54523d86fe3e59542fb9dc2569f98c,true,stage08_b06_csd_scales_v1,f34a8418b38bdb14cc081605a2640838095875661c115422e9623793c66e122b,operator,csd,NA,NA,csd,csd__csd_fp16_10e4__57efefbc2eaa3501,csd_fp16_10e4,10^4,10000,"x=[10000],y=[9000]",FP16,CPU,fft_thrust,compatibility/end-to-end,PASS,OK,20,100,7,195.638423,true,57efefbc2eaa350146575fe9f90d8de9a28d28e6a5892e9e5c44f701c72792e1,e884839b52f6df7961a5bc24ff5ef6d70d1a19d85dd86c1f5e679515e5aab212
1,20260809T145721Z_336d860e7e54_stage08_b06_formal_8613f005,formal,20260809T145721Z,336d860e7e54523d86fe3e59542fb9dc2569f98c,true,stage08_b06_csd_scales_v1,f34a8418b38bdb14cc081605a2640838095875661c115422e9623793c66e122b,operator,csd,NA,NA,csd,csd__csd_fp16_10e4__57efefbc2eaa3501,csd_fp16_10e4,10^4,10000,"x=[10000],y=[9000]",FP16,CPU,fft_thrust,compatibility/end-to-end,PASS,OK,20,100,8,195.733453,true,57efefbc2eaa350146575fe9f90d8de9a28d28e6a5892e9e5c44f701c72792e1,e884839b52f6df7961a5bc24ff5ef6d70d1a19d85dd86c1f5e679515e5aab212
1,20260809T145721Z_336d860e7e54_stage08_b06_formal_8613f005,formal,20260809T145721Z,336d860e7e54523d86fe3e59542fb9dc2569f98c,true,stage08_b06_csd_scales_v1,f34a8418b38bdb14cc081605a2640838095875661c115422e9623793c66e122b,operator,csd,NA,NA,csd,csd__csd_fp16_10e4__57efefbc2eaa3501,csd_fp16_10e4,10^4,10000,"x=[10000],y=[9000]",FP16,CPU,fft_thrust,compatibility/end-to-end,PASS,OK,20,100,9,195.438222,true,57efefbc2eaa350146575fe9f90d8de9a28d28e6a5892e9e5c44f701c72792e1,e884839b52f6df7961a5bc24ff5ef6d70d1a19d85dd86c1f5e679515e5aab212
1,20260809T145721Z_336d860e7e54_stage08_b06_formal_8613f005,formal,20260809T145721Z,336d860e7e54523d86fe3e59542fb9dc2569f98c,true,stage08_b06_csd_scales_v1,f34a8418b38bdb14cc081605a2640838095875661c115422e9623793c66e122b,operator,csd,NA,NA,csd,csd__csd_fp16_10e4__57efefbc2eaa3501,csd_fp16_10e4,10^4,10000,"x=[10000],y=[9000]",FP16,CPU,fft_thrust,compatibility/end-to-end,PASS,OK,20,100,10,195.409983,true,57efefbc2eaa350146575fe9f90d8de9a28d28e6a5892e9e5c44f701c72792e1,e884839b52f6df7961a5bc24ff5ef6d70d1a19d85dd86c1f5e679515e5aab212
1,20260809T145721Z_336d860e7e54_stage08_b06_formal_8613f005,formal,20260809T145721Z,336d860e7e54523d86fe3e59542fb9dc2569f98c,true,stage08_b06_csd_scales_v1,f34a8418b38bdb14cc081605a2640838095875661c115422e9623793c66e122b,operator,csd,NA,NA,csd,csd__csd_fp16_10e4__57efefbc2eaa3501,csd_fp16_10e4,10^4,10000,"x=[10000],y=[9000]",FP16,CPU,fft_thrust,compatibility/end-to-end,PASS,OK,20,100,11,195.727614,true,57efefbc2eaa350146575fe9f90d8de9a28d28e6a5892e9e5c44f701c72792e1,e884839b52f6df7961a5bc24ff5ef6d70d1a19d85dd86c1f5e679515e5aab212
1,20260809T145721Z_336d860e7e54_stage08_b06_formal_8613f005,formal,20260809T145721Z,336d860e7e54523d86fe3e59542fb9dc2569f98c,true,stage08_b06_csd_scales_v1,f34a8418b38bdb14cc081605a2640838095875661c115422e9623793c66e122b,operator,csd,NA,NA,csd,csd__csd_fp16_10e4__57efefbc2eaa3501,csd_fp16_10e4,10^4,10000,"x=[10000],y=[9000]",FP16,CPU,fft_thrust,compatibility/end-to-end,PASS,OK,20,100,12,195.404214,true,57efefbc2eaa350146575fe9f90d8de9a28d28e6a5892e9e5c44f701c72792e1,e884839b52f6df7961a5bc24ff5ef6d70d1a19d85dd86c1f5e679515e5aab212
1,20260809T145721Z_336d860e7e54_stage08_b06_formal_8613f005,formal,20260809T145721Z,336d860e7e54523d86fe3e59542fb9dc2569f98c,true,stage08_b06_csd_scales_v1,f34a8418b38bdb14cc081605a2640838095875661c115422e9623793c66e122b,operator,csd,NA,NA,csd,csd__csd_fp16_10e4__57efefbc2eaa3501,csd_fp16_10e4,10^4,10000,"x=[10000],y=[9000]",FP16,CPU,fft_thrust,compatibility/end-to-end,PASS,OK,20,100,13,195.440613,true,57efefbc2eaa350146575fe9f90d8de9a28d28e6a5892e9e5c44f701c72792e1,e884839b52f6df7961a5bc24ff5ef6d70d1a19d85dd86c1f5e679515e5aab212
1,20260809T145721Z_336d860e7e54_stage08_b06_formal_8613f005,formal,20260809T145721Z,336d860e7e54523d86fe3e59542fb9dc2569f98c,true,stage08_b06_csd_scales_v1,f34a8418b38bdb14cc081605a2640838095875661c115422e9623793c66e122b,operator,csd,NA,NA,csd,csd__csd_fp16_10e4__57efefbc2eaa3501,csd_fp16_10e4,10^4,10000,"x=[10000],y=[9000]",FP16,CPU,fft_thrust,compatibility/end-to-end,PASS,OK,20,100,14,195.414904,true,57efefbc2eaa350146575fe9f90d8de9a28d28e6a5892e9e5c44f701c72792e1,e884839b52f6df7961a5bc24ff5ef6d70d1a19d85dd86c1f5e679515e5aab212
1,20260809T145721Z_336d860e7e54_stage08_b06_formal_8613f005,formal,20260809T145721Z,336d860e7e54523d86fe3e59542fb9dc2569f98c,true,stage08_b06_csd_scales_v1,f34a8418b38bdb14cc081605a2640838095875661c115422e9623793c66e122b,operator,csd,NA,NA,csd,csd__csd_fp16_10e4__57efefbc2eaa3501,csd_fp16_10e4,10^4,10000,"x=[10000],y=[9000]",FP16,CPU,fft_thrust,compatibility/end-to-end,PASS,OK,20,100,15,195.612424,true,57efefbc2eaa350146575fe9f90d8de9a28d28e6a5892e9e5c44f701c72792e1,e884839b52f6df7961a5bc24ff5ef6d70d1a19d85dd86c1f5e679515e5aab212
1,20260809T145721Z_336d860e7e54_stage08_b06_formal_8613f005,formal,20260809T145721Z,336d860e7e54523d86fe3e59542fb9dc2569f98c,true,stage08_b06_csd_scales_v1,f34a8418b38bdb14cc081605a2640838095875661c115422e9623793c66e122b,operator,csd,NA,NA,csd,csd__csd_fp16_10e4__57efefbc2eaa3501,csd_fp16_10e4,10^4,10000,"x=[10000],y=[9000]",FP16,CPU,fft_thrust,compatibility/end-to-end,PASS,OK,20,100,16,196.032707,true,57efefbc2eaa350146575fe9f90d8de9a28d28e6a5892e9e5c44f701c72792e1,e884839b52f6df7961a5bc24ff5ef6d70d1a19d85dd86c1f5e679515e5aab212
1,20260809T145721Z_336d860e7e54_stage08_b06_formal_8613f005,formal,20260809T145721Z,336d860e7e54523d86fe3e59542fb9dc2569f98c,true,stage08_b06_csd_scales_v1,f34a8418b38bdb14cc081605a2640838095875661c115422e9623793c66e122b,operator,csd,NA,NA,csd,csd__csd_fp16_10e4__57efefbc2eaa3501,csd_fp16_10e4,10^4,10000,"x=[10000],y=[9000]",FP16,CPU,fft_thrust,compatibility/end-to-end,PASS,OK,20,100,17,195.547556,true,57efefbc2eaa350146575fe9f90d8de9a28d28e6a5892e9e5c44f701c72792e1,e884839b52f6df7961a5bc24ff5ef6d70d1a19d85dd86c1f5e679515e5aab212
1,20260809T145721Z_336d860e7e54_stage08_b06_formal_8613f005,formal,20260809T145721Z,336d860e7e54523d86fe3e59542fb9dc2569f98c,true,stage08_b06_csd_scales_v1,f34a8418b38bdb14cc081605a2640838095875661c115422e9623793c66e122b,operator,csd,NA,NA,csd,csd__csd_fp16_10e4__57efefbc2eaa3501,csd_fp16_10e4,10^4,10000,"x=[10000],y=[9000]",FP16,CPU,fft_thrust,compatibility/end-to-end,PASS,OK,20,100,18,195.531465,true,57efefbc2eaa350146575fe9f90d8de9a28d28e6a5892e9e5c44f701c72792e1,e884839b52f6df7961a5bc24ff5ef6d70d1a19d85dd86c1f5e679515e5aab212
1,20260809T145721Z_336d860e7e54_stage08_b06_formal_8613f005,formal,20260809T145721Z,336d860e7e54523d86fe3e59542fb9dc2569f98c,true,stage08_b06_csd_scales_v1,f34a8418b38bdb14cc081605a2640838095875661c115422e9623793c66e122b,operator,csd,NA,NA,csd,csd__csd_fp16_10e4__57efefbc2eaa3501,csd_fp16_10e4,10^4,10000,"x=[10000],y=[9000]",FP16,CPU,fft_thrust,compatibility/end-to-end,PASS,OK,20,100,19,199.762142,true,57efefbc2eaa350146575fe9f90d8de9a28d28e6a5892e9e5c44f701c72792e1,e884839b52f6df7961a5bc24ff5ef6d70d1a19d85dd86c1f5e679515e5aab212
1,20260809T145721Z_336d860e7e54_stage08_b06_formal_8613f005,formal,20260809T145721Z,336d860e7e54523d86fe3e59542fb9dc2569f98c,true,stage08_b06_csd_scales_v1,f34a8418b38bdb14cc081605a2640838095875661c115422e9623793c66e122b,operator,csd,NA,NA,csd,csd__csd_fp16_10e4__57efefbc2eaa3501,csd_fp16_10e4,10^4,10000,"x=[10000],y=[9000]",FP16,CPU,fft_thrust,compatibility/end-to-end,PASS,OK,20,100,20,196.447059,true,57efefbc2eaa350146575fe9f90d8de9a28d28e6a5892e9e5c44f701c72792e1,e884839b52f6df7961a5bc24ff5ef6d70d1a19d85dd86c1f5e679515e5aab212
1,20260809T145721Z_336d860e7e54_stage08_b06_formal_8613f005,formal,20260809T145721Z,336d860e7e54523d86fe3e59542fb9dc2569f98c,true,stage08_b06_csd_scales_v1,f34a8418b38bdb14cc081605a2640838095875661c115422e9623793c66e122b,operator,csd,NA,NA,csd,csd__csd_fp16_10e4__57efefbc2eaa3501,csd_fp16_10e4,10^4,10000,"x=[10000],y=[9000]",FP16,CPU,fft_thrust,compatibility/end-to-end,PASS,OK,20,100,21,196.145229,true,57efefbc2eaa350146575fe9f90d8de9a28d28e6a5892e9e5c44f701c72792e1,e884839b52f6df7961a5bc24ff5ef6d70d1a19d85dd86c1f5e679515e5aab212
1,20260809T145721Z_336d860e7e54_stage08_b06_formal_8613f005,formal,20260809T145721Z,336d860e7e54523d86fe3e59542fb9dc2569f98c,true,stage08_b06_csd_scales_v1,f34a8418b38bdb14cc081605a2640838095875661c115422e9623793c66e122b,operator,csd,NA,NA,csd,csd__csd_fp16_10e4__57efefbc2eaa3501,csd_fp16_10e4,10^4,10000,"x=[10000],y=[9000]",FP16,CPU,fft_thrust,compatibility/end-to-end,PASS,OK,20,100,22,195.543436,true,57efefbc2eaa350146575fe9f90d8de9a28d28e6a5892e9e5c44f701c72792e1,e884839b52f6df7961a5bc24ff5ef6d70d1a19d85dd86c1f5e679515e5aab212
1,20260809T145721Z_336d860e7e54_stage08_b06_formal_8613f005,formal,20260809T145721Z,336d860e7e54523d86fe3e59542fb9dc2569f98c,true,stage08_b06_csd_scales_v1,f34a8418b38bdb14cc081605a2640838095875661c115422e9623793c66e122b,operator,csd,NA,NA,csd,csd__csd_fp16_10e4__57efefbc2eaa3501,csd_fp16_10e4,10^4,10000,"x=[10000],y=[9000]",FP16,CPU,fft_thrust,compatibility/end-to-end,PASS,OK,20,100,23,195.809458,true,57efefbc2eaa350146575fe9f90d8de9a28d28e6a5892e9e5c44f701c72792e1,e884839b52f6df7961a5bc24ff5ef6d70d1a19d85dd86c1f5e679515e5aab212
1,20260809T145721Z_336d860e7e54_stage08_b06_formal_8613f005,formal,20260809T145721Z,336d860e7e54523d86fe3e59542fb9dc2569f98c,true,stage08_b06_csd_scales_v1,f34a8418b38bdb14cc081605a2640838095875661c115422e9623793c66e122b,operator,csd,NA,NA,csd,csd__csd_fp16_10e4__57efefbc2eaa3501,csd_fp16_10e4,10^4,10000,"x=[10000],y=[9000]",FP16,CPU,fft_thrust,compatibility/end-to-end,PASS,OK,20,100,24,195.713188,true,57efefbc2eaa350146575fe9f90d8de9a28d28e6a5892e9e5c44f701c72792e1,e884839b52f6df7961a5bc24ff5ef6d70d1a19d85dd86c1f5e679515e5aab212
1,20260809T145721Z_336d860e7e54_stage08_b06_formal_8613f005,formal,20260809T145721Z,336d860e7e54523d86fe3e59542fb9dc2569f98c,true,stage08_b06_csd_scales_v1,f34a8418b38bdb14cc081605a2640838095875661c115422e9623793c66e122b,operator,csd,NA,NA,csd,csd__csd_fp16_10e4__57efefbc2eaa3501,csd_fp16_10e4,10^4,10000,"x=[10000],y=[9000]",FP16,CPU,fft_thrust,compatibility/end-to-end,PASS,OK,20,100,25,195.413266,true,57efefbc2eaa350146575fe9f90d8de9a28d28e6a5892e9e5c44f701c72792e1,e884839b52f6df7961a5bc24ff5ef6d70d1a19d85dd86c1f5e679515e5aab212
1,20260809T145721Z_336d860e7e54_stage08_b06_formal_8613f005,formal,20260809T145721Z,336d860e7e54523d86fe3e59542fb9dc2569f98c,true,stage08_b06_csd_scales_v1,f34a8418b38bdb14cc081605a2640838095875661c115422e9623793c66e122b,operator,csd,NA,NA,csd,csd__csd_fp16_10e4__57efefbc2eaa3501,csd_fp16_10e4,10^4,10000,"x=[10000],y=[9000]",FP16,CPU,fft_thrust,compatibility/end-to-end,PASS,OK,20,100,26,195.512578,true,57efefbc2eaa350146575fe9f90d8de9a28d28e6a5892e9e5c44f701c72792e1,e884839b52f6df7961a5bc24ff5ef6d70d1a19d85dd86c1f5e679515e5aab212
1,20260809T145721Z_336d860e7e54_stage08_b06_formal_8613f005,formal,20260809T145721Z,336d860e7e54523d86fe3e59542fb9dc2569f98c,true,stage08_b06_csd_scales_v1,f34a8418b38bdb14cc081605a2640838095875661c115422e9623793c66e122b,operator,csd,NA,NA,csd,csd__csd_fp16_10e4__57efefbc2eaa3501,csd_fp16_10e4,10^4,10000,"x=[10000],y=[9000]",FP16,CPU,fft_thrust,compatibility/end-to-end,PASS,OK,20,100,27,196.01363,true,57efefbc2eaa350146575fe9f90d8de9a28d28e6a5892e9e5c44f701c72792e1,e884839b52f6df7961a5bc24ff5ef6d70d1a19d85dd86c1f5e679515e5aab212
1,20260809T145721Z_336d860e7e54_stage08_b06_formal_8613f005,formal,20260809T145721Z,336d860e7e54523d86fe3e59542fb9dc2569f98c,true,stage08_b06_csd_scales_v1,f34a8418b38bdb14cc081605a2640838095875661c115422e9623793c66e122b,operator,csd,NA,NA,csd,csd__csd_fp16_10e4__57efefbc2eaa3501,csd_fp16_10e4,10^4,10000,"x=[10000],y=[9000]",FP16,CPU,fft_thrust,compatibility/end-to-end,PASS,OK,20,100,28,195.866489,true,57efefbc2eaa350146575fe9f90d8de9a28d28e6a5892e9e5c44f701c72792e1,e884839b52f6df7961a5bc24ff5ef6d70d1a19d85dd86c1f5e679515e5aab212
1,20260809T145721Z_336d860e7e54_stage08_b06_formal_8613f005,formal,20260809T145721Z,336d860e7e54523d86fe3e59542fb9dc2569f98c,true,stage08_b06_csd_scales_v1,f34a8418b38bdb14cc081605a2640838095875661c115422e9623793c66e122b,operator,csd,NA,NA,csd,csd__csd_fp16_10e4__57efefbc2eaa3501,csd_fp16_10e4,10^4,10000,"x=[10000],y=[9000]",FP16,CPU,fft_thrust,compatibility/end-to-end,PASS,OK,20,100,29,195.821589,true,57efefbc2eaa350146575fe9f90d8de9a28d28e6a5892e9e5c44f701c72792e1,e884839b52f6df7961a5bc24ff5ef6d70d1a19d85dd86c1f5e679515e5aab212
1,20260809T145721Z_336d860e7e54_stage08_b06_formal_8613f005,formal,20260809T145721Z,336d860e7e54523d86fe3e59542fb9dc2569f98c,true,stage08_b06_csd_scales_v1,f34a8418b38bdb14cc081605a2640838095875661c115422e9623793c66e122b,operator,csd,NA,NA,csd,csd__csd_fp16_10e4__57efefbc2eaa3501,csd_fp16_10e4,10^4,10000,"x=[10000],y=[9000]",FP16,CPU,fft_thrust,compatibility/end-to-end,PASS,OK,20,100,30,195.469598,true,57efefbc2eaa350146575fe9f90d8de9a28d28e6a5892e9e5c44f701c72792e1,e884839b52f6df7961a5bc24ff5ef6d70d1a19d85dd86c1f5e679515e5aab212
1,20260809T145721Z_336d860e7e54_stage08_b06_formal_8613f005,formal,20260809T145721Z,336d860e7e54523d86fe3e59542fb9dc2569f98c,true,stage08_b06_csd_scales_v1,f34a8418b38bdb14cc081605a2640838095875661c115422e9623793c66e122b,operator,csd,NA,NA,csd,csd__csd_fp16_10e4__57efefbc2eaa3501,csd_fp16_10e4,10^4,10000,"x=[10000],y=[9000]",FP16,CPU,fft_thrust,compatibility/end-to-end,PASS,OK,20,100,31,195.63329,true,57efefbc2eaa350146575fe9f90d8de9a28d28e6a5892e9e5c44f701c72792e1,e884839b52f6df7961a5bc24ff5ef6d70d1a19d85dd86c1f5e679515e5aab212
1,20260809T145721Z_336d860e7e54_stage08_b06_formal_8613f005,formal,20260809T145721Z,336d860e7e54523d86fe3e59542fb9dc2569f98c,true,stage08_b06_csd_scales_v1,f34a8418b38bdb14cc081605a2640838095875661c115422e9623793c66e122b,operator,csd,NA,NA,csd,csd__csd_fp16_10e4__57efefbc2eaa3501,csd_fp16_10e4,10^4,10000,"x=[10000],y=[9000]",FP16,CPU,fft_thrust,compatibility/end-to-end,PASS,OK,20,100,32,195.994031,true,57efefbc2eaa350146575fe9f90d8de9a28d28e6a5892e9e5c44f701c72792e1,e884839b52f6df7961a5bc24ff5ef6d70d1a19d85dd86c1f5e679515e5aab212
1,20260809T145721Z_336d860e7e54_stage08_b06_formal_8613f005,formal,20260809T145721Z,336d860e7e54523d86fe3e59542fb9dc2569f98c,true,stage08_b06_csd_scales_v1,f34a8418b38bdb14cc081605a2640838095875661c115422e9623793c66e122b,operator,csd,NA,NA,csd,csd__csd_fp16_10e4__57efefbc2eaa3501,csd_fp16_10e4,10^4,10000,"x=[10000],y=[9000]",FP16,CPU,fft_thrust,compatibility/end-to-end,PASS,OK,20,100,33,195.900351,true,57efefbc2eaa350146575fe9f90d8de9a28d28e6a5892e9e5c44f701c72792e1,e884839b52f6df7961a5bc24ff5ef6d70d1a19d85dd86c1f5e679515e5aab212
1,20260809T145721Z_336d860e7e54_stage08_b06_formal_8613f005,formal,20260809T145721Z,336d860e7e54523d86fe3e59542fb9dc2569f98c,true,stage08_b06_csd_scales_v1,f34a8418b38bdb14cc081605a2640838095875661c115422e9623793c66e122b,operator,csd,NA,NA,csd,csd__csd_fp16_10e4__57efefbc2eaa3501,csd_fp16_10e4,10^4,10000,"x=[10000],y=[9000]",FP16,CPU,fft_thrust,compatibility/end-to-end,PASS,OK,20,100,34,195.947151,true,57efefbc2eaa350146575fe9f90d8de9a28d28e6a5892e9e5c44f701c72792e1,e884839b52f6df7961a5bc24ff5ef6d70d1a19d85dd86c1f5e679515e5aab212
1,20260809T145721Z_336d860e7e54_stage08_b06_formal_8613f005,formal,20260809T145721Z,336d860e7e54523d86fe3e59542fb9dc2569f98c,true,stage08_b06_csd_scales_v1,f34a8418b38bdb14cc081605a2640838095875661c115422e9623793c66e122b,operator,csd,NA,NA,csd,csd__csd_fp16_10e4__57efefbc2eaa3501,csd_fp16_10e4,10^4,10000,"x=[10000],y=[9000]",FP16,CPU,fft_thrust,compatibility/end-to-end,PASS,OK,20,100,35,195.67964,true,57efefbc2eaa350146575fe9f90d8de9a28d28e6a5892e9e5c44f701c72792e1,e884839b52f6df7961a5bc24ff5ef6d70d1a19d85dd86c1f5e679515e5aab212
1,20260809T145721Z_336d860e7e54_stage08_b06_formal_8613f005,formal,20260809T145721Z,336d860e7e54523d86fe3e59542fb9dc2569f98c,true,stage08_b06_csd_scales_v1,f34a8418b38bdb14cc081605a2640838095875661c115422e9623793c66e122b,operator,csd,NA,NA,csd,csd__csd_fp16_10e4__57efefbc2eaa3501,csd_fp16_10e4,10^4,10000,"x=[10000],y=[9000]",FP16,CPU,fft_thrust,compatibility/end-to-end,PASS,OK,20,100,36,196.137093,true,57efefbc2eaa350146575fe9f90d8de9a28d28e6a5892e9e5c44f701c72792e1,e884839b52f6df7961a5bc24ff5ef6d70d1a19d85dd86c1f5e679515e5aab212
1,20260809T145721Z_336d860e7e54_stage08_b06_formal_8613f005,formal,20260809T145721Z,336d860e7e54523d86fe3e59542fb9dc2569f98c,true,stage08_b06_csd_scales_v1,f34a8418b38bdb14cc081605a2640838095875661c115422e9623793c66e122b,operator,csd,NA,NA,csd,csd__csd_fp16_10e4__57efefbc2eaa3501,csd_fp16_10e4,10^4,10000,"x=[10000],y=[9000]",FP16,CPU,fft_thrust,compatibility/end-to-end,PASS,OK,20,100,37,195.44121,true,57efefbc2eaa350146575fe9f90d8de9a28d28e6a5892e9e5c44f701c72792e1,e884839b52f6df7961a5bc24ff5ef6d70d1a19d85dd86c1f5e679515e5aab212
1,20260809T145721Z_336d860e7e54_stage08_b06_formal_8613f005,formal,20260809T145721Z,336d860e7e54523d86fe3e59542fb9dc2569f98c,true,stage08_b06_csd_scales_v1,f34a8418b38bdb14cc081605a2640838095875661c115422e9623793c66e122b,operator,csd,NA,NA,csd,csd__csd_fp16_10e4__57efefbc2eaa3501,csd_fp16_10e4,10^4,10000,"x=[10000],y=[9000]",FP16,CPU,fft_thrust,compatibility/end-to-end,PASS,OK,20,100,38,195.538051,true,57efefbc2eaa350146575fe9f90d8de9a28d28e6a5892e9e5c44f701c72792e1,e884839b52f6df7961a5bc24ff5ef6d70d1a19d85dd86c1f5e679515e5aab212
1,20260809T145721Z_336d860e7e54_stage08_b06_formal_8613f005,formal,20260809T145721Z,336d860e7e54523d86fe3e59542fb9dc2569f98c,true,stage08_b06_csd_scales_v1,f34a8418b38bdb14cc081605a2640838095875661c115422e9623793c66e122b,operator,csd,NA,NA,csd,csd__csd_fp16_10e4__57efefbc2eaa3501,csd_fp16_10e4,10^4,10000,"x=[10000],y=[9000]",FP16,CPU,fft_thrust,compatibility/end-to-end,PASS,OK,20,100,39,195.34931,true,57efefbc2eaa350146575fe9f90d8de9a28d28e6a5892e9e5c44f701c72792e1,e884839b52f6df7961a5bc24ff5ef6d70d1a19d85dd86c1f5e679515e5aab212
1,20260809T145721Z_336d860e7e54_stage08_b06_formal_8613f005,formal,20260809T145721Z,336d860e7e54523d86fe3e59542fb9dc2569f98c,true,stage08_b06_csd_scales_v1,f34a8418b38bdb14cc081605a2640838095875661c115422e9623793c66e122b,operator,csd,NA,NA,csd,csd__csd_fp16_10e4__57efefbc2eaa3501,csd_fp16_10e4,10^4,10000,"x=[10000],y=[9000]",FP16,CPU,fft_thrust,compatibility/end-to-end,PASS,OK,20,100,40,195.45842,true,57efefbc2eaa350146575fe9f90d8de9a28d28e6a5892e9e5c44f701c72792e1,e884839b52f6df7961a5bc24ff5ef6d70d1a19d85dd86c1f5e679515e5aab212
1,20260809T145721Z_336d860e7e54_stage08_b06_formal_8613f005,formal,20260809T145721Z,336d860e7e54523d86fe3e59542fb9dc2569f98c,true,stage08_b06_csd_scales_v1,f34a8418b38bdb14cc081605a2640838095875661c115422e9623793c66e122b,operator,csd,NA,NA,csd,csd__csd_fp16_10e4__57efefbc2eaa3501,csd_fp16_10e4,10^4,10000,"x=[10000],y=[9000]",FP16,CPU,fft_thrust,compatibility/end-to-end,PASS,OK,20,100,41,195.347901,true,57efefbc2eaa350146575fe9f90d8de9a28d28e6a5892e9e5c44f701c72792e1,e884839b52f6df7961a5bc24ff5ef6d70d1a19d85dd86c1f5e679515e5aab212
1,20260809T145721Z_336d860e7e54_stage08_b06_formal_8613f005,formal,20260809T145721Z,336d860e7e54523d86fe3e59542fb9dc2569f98c,true,stage08_b06_csd_scales_v1,f34a8418b38bdb14cc081605a2640838095875661c115422e9623793c66e122b,operator,csd,NA,NA,csd,csd__csd_fp16_10e4__57efefbc2eaa3501,csd_fp16_10e4,10^4,10000,"x=[10000],y=[9000]",FP16,CPU,fft_thrust,compatibility/end-to-end,PASS,OK,20,100,42,195.688923,true,57efefbc2eaa350146575fe9f90d8de9a28d28e6a5892e9e5c44f701c72792e1,e884839b52f6df7961a5bc24ff5ef6d70d1a19d85dd86c1f5e679515e5aab212
1,20260809T145721Z_336d860e7e54_stage08_b06_formal_8613f005,formal,20260809T145721Z,336d860e7e54523d86fe3e59542fb9dc2569f98c,true,stage08_b06_csd_scales_v1,f34a8418b38bdb14cc081605a2640838095875661c115422e9623793c66e122b,operator,csd,NA,NA,csd,csd__csd_fp16_10e4__57efefbc2eaa3501,csd_fp16_10e4,10^4,10000,"x=[10000],y=[9000]",FP16,CPU,fft_thrust,compatibility/end-to-end,PASS,OK,20,100,43,195.505582,true,57efefbc2eaa350146575fe9f90d8de9a28d28e6a5892e9e5c44f701c72792e1,e884839b52f6df7961a5bc24ff5ef6d70d1a19d85dd86c1f5e679515e5aab212
1,20260809T145721Z_336d860e7e54_stage08_b06_formal_8613f005,formal,20260809T145721Z,336d860e7e54523d86fe3e59542fb9dc2569f98c,true,stage08_b06_csd_scales_v1,f34a8418b38bdb14cc081605a2640838095875661c115422e9623793c66e122b,operator,csd,NA,NA,csd,csd__csd_fp16_10e4__57efefbc2eaa3501,csd_fp16_10e4,10^4,10000,"x=[10000],y=[9000]",FP16,CPU,fft_thrust,compatibility/end-to-end,PASS,OK,20,100,44,195.729013,true,57efefbc2eaa350146575fe9f90d8de9a28d28e6a5892e9e5c44f701c72792e1,e884839b52f6df7961a5bc24ff5ef6d70d1a19d85dd86c1f5e679515e5aab212
1,20260809T145721Z_336d860e7e54_stage08_b06_formal_8613f005,formal,20260809T145721Z,336d860e7e54523d86fe3e59542fb9dc2569f98c,true,stage08_b06_csd_scales_v1,f34a8418b38bdb14cc081605a2640838095875661c115422e9623793c66e122b,operator,csd,NA,NA,csd,csd__csd_fp16_10e4__57efefbc2eaa3501,csd_fp16_10e4,10^4,10000,"x=[10000],y=[9000]",FP16,CPU,fft_thrust,compatibility/end-to-end,PASS,OK,20,100,45,195.935233,true,57efefbc2eaa350146575fe9f90d8de9a28d28e6a5892e9e5c44f701c72792e1,e884839b52f6df7961a5bc24ff5ef6d70d1a19d85dd86c1f5e679515e5aab212
1,20260809T145721Z_336d860e7e54_stage08_b06_formal_8613f005,formal,20260809T145721Z,336d860e7e54523d86fe3e59542fb9dc2569f98c,true,stage08_b06_csd_scales_v1,f34a8418b38bdb14cc081605a2640838095875661c115422e9623793c66e122b,operator,csd,NA,NA,csd,csd__csd_fp16_10e4__57efefbc2eaa3501,csd_fp16_10e4,10^4,10000,"x=[10000],y=[9000]",FP16,CPU,fft_thrust,compatibility/end-to-end,PASS,OK,20,100,46,195.740564,true,57efefbc2eaa350146575fe9f90d8de9a28d28e6a5892e9e5c44f701c72792e1,e884839b52f6df7961a5bc24ff5ef6d70d1a19d85dd86c1f5e679515e5aab212
1,20260809T145721Z_336d860e7e54_stage08_b06_formal_8613f005,formal,20260809T145721Z,336d860e7e54523d86fe3e59542fb9dc2569f98c,true,stage08_b06_csd_scales_v1,f34a8418b38bdb14cc081605a2640838095875661c115422e9623793c66e122b,operator,csd,NA,NA,csd,csd__csd_fp16_10e4__57efefbc2eaa3501,csd_fp16_10e4,10^4,10000,"x=[10000],y=[9000]",FP16,CPU,fft_thrust,compatibility/end-to-end,PASS,OK,20,100,47,195.702614,true,57efefbc2eaa350146575fe9f90d8de9a28d28e6a5892e9e5c44f701c72792e1,e884839b52f6df7961a5bc24ff5ef6d70d1a19d85dd86c1f5e679515e5aab212
1,20260809T145721Z_336d860e7e54_stage08_b06_formal_8613f005,formal,20260809T145721Z,336d860e7e54523d86fe3e59542fb9dc2569f98c,true,stage08_b06_csd_scales_v1,f34a8418b38bdb14cc081605a2640838095875661c115422e9623793c66e122b,operator,csd,NA,NA,csd,csd__csd_fp16_10e4__57efefbc2eaa3501,csd_fp16_10e4,10^4,10000,"x=[10000],y=[9000]",FP16,CPU,fft_thrust,compatibility/end-to-end,PASS,OK,20,100,48,195.616694,true,57efefbc2eaa350146575fe9f90d8de9a28d28e6a5892e9e5c44f701c72792e1,e884839b52f6df7961a5bc24ff5ef6d70d1a19d85dd86c1f5e679515e5aab212
1,20260809T145721Z_336d860e7e54_stage08_b06_formal_8613f005,formal,20260809T145721Z,336d860e7e54523d86fe3e59542fb9dc2569f98c,true,stage08_b06_csd_scales_v1,f34a8418b38bdb14cc081605a2640838095875661c115422e9623793c66e122b,operator,csd,NA,NA,csd,csd__csd_fp16_10e4__57efefbc2eaa3501,csd_fp16_10e4,10^4,10000,"x=[10000],y=[9000]",FP16,CPU,fft_thrust,compatibility/end-to-end,PASS,OK,20,100,49,195.506874,true,57efefbc2eaa350146575fe9f90d8de9a28d28e6a5892e9e5c44f701c72792e1,e884839b52f6df7961a5bc24ff5ef6d70d1a19d85dd86c1f5e679515e5aab212
1,20260809T145721Z_336d860e7e54_stage08_b06_formal_8613f005,formal,20260809T145721Z,336d860e7e54523d86fe3e59542fb9dc2569f98c,true,stage08_b06_csd_scales_v1,f34a8418b38bdb14cc081605a2640838095875661c115422e9623793c66e122b,operator,csd,NA,NA,csd,csd__csd_fp16_10e4__57efefbc2eaa3501,csd_fp16_10e4,10^4,10000,"x=[10000],y=[9000]",FP16,CPU,fft_thrust,compatibility/end-to-end,PASS,OK,20,100,50,195.543563,true,57efefbc2eaa350146575fe9f90d8de9a28d28e6a5892e9e5c44f701c72792e1,e884839b52f6df7961a5bc24ff5ef6d70d1a19d85dd86c1f5e679515e5aab212
1,20260809T145721Z_336d860e7e54_stage08_b06_formal_8613f005,formal,20260809T145721Z,336d860e7e54523d86fe3e59542fb9dc2569f98c,true,stage08_b06_csd_scales_v1,f34a8418b38bdb14cc081605a2640838095875661c115422e9623793c66e122b,operator,csd,NA,NA,csd,csd__csd_fp16_10e4__57efefbc2eaa3501,csd_fp16_10e4,10^4,10000,"x=[10000],y=[9000]",FP16,CPU,fft_thrust,compatibility/end-to-end,PASS,OK,20,100,51,195.525334,true,57efefbc2eaa350146575fe9f90d8de9a28d28e6a5892e9e5c44f701c72792e1,e884839b52f6df7961a5bc24ff5ef6d70d1a19d85dd86c1f5e679515e5aab212
1,20260809T145721Z_336d860e7e54_stage08_b06_formal_8613f005,formal,20260809T145721Z,336d860e7e54523d86fe3e59542fb9dc2569f98c,true,stage08_b06_csd_scales_v1,f34a8418b38bdb14cc081605a2640838095875661c115422e9623793c66e122b,operator,csd,NA,NA,csd,csd__csd_fp16_10e4__57efefbc2eaa3501,csd_fp16_10e4,10^4,10000,"x=[10000],y=[9000]",FP16,CPU,fft_thrust,compatibility/end-to-end,PASS,OK,20,100,52,195.498345,true,57efefbc2eaa350146575fe9f90d8de9a28d28e6a5892e9e5c44f701c72792e1,e884839b52f6df7961a5bc24ff5ef6d70d1a19d85dd86c1f5e679515e5aab212
1,20260809T145721Z_336d860e7e54_stage08_b06_formal_8613f005,formal,20260809T145721Z,336d860e7e54523d86fe3e59542fb9dc2569f98c,true,stage08_b06_csd_scales_v1,f34a8418b38bdb14cc081605a2640838095875661c115422e9623793c66e122b,operator,csd,NA,NA,csd,csd__csd_fp16_10e4__57efefbc2eaa3501,csd_fp16_10e4,10^4,10000,"x=[10000],y=[9000]",FP16,CPU,fft_thrust,compatibility/end-to-end,PASS,OK,20,100,53,195.914977,true,57efefbc2eaa350146575fe9f90d8de9a28d28e6a5892e9e5c44f701c72792e1,e884839b52f6df7961a5bc24ff5ef6d70d1a19d85dd86c1f5e679515e5aab212
1,20260809T145721Z_336d860e7e54_stage08_b06_formal_8613f005,formal,20260809T145721Z,336d860e7e54523d86fe3e59542fb9dc2569f98c,true,stage08_b06_csd_scales_v1,f34a8418b38bdb14cc081605a2640838095875661c115422e9623793c66e122b,operator,csd,NA,NA,csd,csd__csd_fp16_10e4__57efefbc2eaa3501,csd_fp16_10e4,10^4,10000,"x=[10000],y=[9000]",FP16,CPU,fft_thrust,compatibility/end-to-end,PASS,OK,20,100,54,196.198687,true,57efefbc2eaa350146575fe9f90d8de9a28d28e6a5892e9e5c44f701c72792e1,e884839b52f6df7961a5bc24ff5ef6d70d1a19d85dd86c1f5e679515e5aab212
1,20260809T145721Z_336d860e7e54_stage08_b06_formal_8613f005,formal,20260809T145721Z,336d860e7e54523d86fe3e59542fb9dc2569f98c,true,stage08_b06_csd_scales_v1,f34a8418b38bdb14cc081605a2640838095875661c115422e9623793c66e122b,operator,csd,NA,NA,csd,csd__csd_fp16_10e4__57efefbc2eaa3501,csd_fp16_10e4,10^4,10000,"x=[10000],y=[9000]",FP16,CPU,fft_thrust,compatibility/end-to-end,PASS,OK,20,100,55,195.686385,true,57efefbc2eaa350146575fe9f90d8de9a28d28e6a5892e9e5c44f701c72792e1,e884839b52f6df7961a5bc24ff5ef6d70d1a19d85dd86c1f5e679515e5aab212
1,20260809T145721Z_336d860e7e54_stage08_b06_formal_8613f005,formal,20260809T145721Z,336d860e7e54523d86fe3e59542fb9dc2569f98c,true,stage08_b06_csd_scales_v1,f34a8418b38bdb14cc081605a2640838095875661c115422e9623793c66e122b,operator,csd,NA,NA,csd,csd__csd_fp16_10e4__57efefbc2eaa3501,csd_fp16_10e4,10^4,10000,"x=[10000],y=[9000]",FP16,CPU,fft_thrust,compatibility/end-to-end,PASS,OK,20,100,56,195.460305,true,57efefbc2eaa350146575fe9f90d8de9a28d28e6a5892e9e5c44f701c72792e1,e884839b52f6df7961a5bc24ff5ef6d70d1a19d85dd86c1f5e679515e5aab212
1,20260809T145721Z_336d860e7e54_stage08_b06_formal_8613f005,formal,20260809T145721Z,336d860e7e54523d86fe3e59542fb9dc2569f98c,true,stage08_b06_csd_scales_v1,f34a8418b38bdb14cc081605a2640838095875661c115422e9623793c66e122b,operator,csd,NA,NA,csd,csd__csd_fp16_10e4__57efefbc2eaa3501,csd_fp16_10e4,10^4,10000,"x=[10000],y=[9000]",FP16,CPU,fft_thrust,compatibility/end-to-end,PASS,OK,20,100,57,195.800318,true,57efefbc2eaa350146575fe9f90d8de9a28d28e6a5892e9e5c44f701c72792e1,e884839b52f6df7961a5bc24ff5ef6d70d1a19d85dd86c1f5e679515e5aab212
1,20260809T145721Z_336d860e7e54_stage08_b06_formal_8613f005,formal,20260809T145721Z,336d860e7e54523d86fe3e59542fb9dc2569f98c,true,stage08_b06_csd_scales_v1,f34a8418b38bdb14cc081605a2640838095875661c115422e9623793c66e122b,operator,csd,NA,NA,csd,csd__csd_fp16_10e4__57efefbc2eaa3501,csd_fp16_10e4,10^4,10000,"x=[10000],y=[9000]",FP16,CPU,fft_thrust,compatibility/end-to-end,PASS,OK,20,100,58,195.414965,true,57efefbc2eaa350146575fe9f90d8de9a28d28e6a5892e9e5c44f701c72792e1,e884839b52f6df7961a5bc24ff5ef6d70d1a19d85dd86c1f5e679515e5aab212
1,20260809T145721Z_336d860e7e54_stage08_b06_formal_8613f005,formal,20260809T145721Z,336d860e7e54523d86fe3e59542fb9dc2569f98c,true,stage08_b06_csd_scales_v1,f34a8418b38bdb14cc081605a2640838095875661c115422e9623793c66e122b,operator,csd,NA,NA,csd,csd__csd_fp16_10e4__57efefbc2eaa3501,csd_fp16_10e4,10^4,10000,"x=[10000],y=[9000]",FP16,CPU,fft_thrust,compatibility/end-to-end,PASS,OK,20,100,59,195.611747,true,57efefbc2eaa350146575fe9f90d8de9a28d28e6a5892e9e5c44f701c72792e1,e884839b52f6df7961a5bc24ff5ef6d70d1a19d85dd86c1f5e679515e5aab212
1,20260809T145721Z_336d860e7e54_stage08_b06_formal_8613f005,formal,20260809T145721Z,336d860e7e54523d86fe3e59542fb9dc2569f98c,true,stage08_b06_csd_scales_v1,f34a8418b38bdb14cc081605a2640838095875661c115422e9623793c66e122b,operator,csd,NA,NA,csd,csd__csd_fp16_10e4__57efefbc2eaa3501,csd_fp16_10e4,10^4,10000,"x=[10000],y=[9000]",FP16,CPU,fft_thrust,compatibility/end-to-end,PASS,OK,20,100,60,195.600026,true,57efefbc2eaa350146575fe9f90d8de9a28d28e6a5892e9e5c44f701c72792e1,e884839b52f6df7961a5bc24ff5ef6d70d1a19d85dd86c1f5e679515e5aab212
1,20260809T145721Z_336d860e7e54_stage08_b06_formal_8613f005,formal,20260809T145721Z,336d860e7e54523d86fe3e59542fb9dc2569f98c,true,stage08_b06_csd_scales_v1,f34a8418b38bdb14cc081605a2640838095875661c115422e9623793c66e122b,operator,csd,NA,NA,csd,csd__csd_fp16_10e4__57efefbc2eaa3501,csd_fp16_10e4,10^4,10000,"x=[10000],y=[9000]",FP16,CPU,fft_thrust,compatibility/end-to-end,PASS,OK,20,100,61,195.578417,true,57efefbc2eaa350146575fe9f90d8de9a28d28e6a5892e9e5c44f701c72792e1,e884839b52f6df7961a5bc24ff5ef6d70d1a19d85dd86c1f5e679515e5aab212
1,20260809T145721Z_336d860e7e54_stage08_b06_formal_8613f005,formal,20260809T145721Z,336d860e7e54523d86fe3e59542fb9dc2569f98c,true,stage08_b06_csd_scales_v1,f34a8418b38bdb14cc081605a2640838095875661c115422e9623793c66e122b,operator,csd,NA,NA,csd,csd__csd_fp16_10e4__57efefbc2eaa3501,csd_fp16_10e4,10^4,10000,"x=[10000],y=[9000]",FP16,CPU,fft_thrust,compatibility/end-to-end,PASS,OK,20,100,62,195.686358,true,57efefbc2eaa350146575fe9f90d8de9a28d28e6a5892e9e5c44f701c72792e1,e884839b52f6df7961a5bc24ff5ef6d70d1a19d85dd86c1f5e679515e5aab212
1,20260809T145721Z_336d860e7e54_stage08_b06_formal_8613f005,formal,20260809T145721Z,336d860e7e54523d86fe3e59542fb9dc2569f98c,true,stage08_b06_csd_scales_v1,f34a8418b38bdb14cc081605a2640838095875661c115422e9623793c66e122b,operator,csd,NA,NA,csd,csd__csd_fp16_10e4__57efefbc2eaa3501,csd_fp16_10e4,10^4,10000,"x=[10000],y=[9000]",FP16,CPU,fft_thrust,compatibility/end-to-end,PASS,OK,20,100,63,195.567107,true,57efefbc2eaa350146575fe9f90d8de9a28d28e6a5892e9e5c44f701c72792e1,e884839b52f6df7961a5bc24ff5ef6d70d1a19d85dd86c1f5e679515e5aab212
1,20260809T145721Z_336d860e7e54_stage08_b06_formal_8613f005,formal,20260809T145721Z,336d860e7e54523d86fe3e59542fb9dc2569f98c,true,stage08_b06_csd_scales_v1,f34a8418b38bdb14cc081605a2640838095875661c115422e9623793c66e122b,operator,csd,NA,NA,csd,csd__csd_fp16_10e4__57efefbc2eaa3501,csd_fp16_10e4,10^4,10000,"x=[10000],y=[9000]",FP16,CPU,fft_thrust,compatibility/end-to-end,PASS,OK,20,100,64,195.569308,true,57efefbc2eaa350146575fe9f90d8de9a28d28e6a5892e9e5c44f701c72792e1,e884839b52f6df7961a5bc24ff5ef6d70d1a19d85dd86c1f5e679515e5aab212
1,20260809T145721Z_336d860e7e54_stage08_b06_formal_8613f005,formal,20260809T145721Z,336d860e7e54523d86fe3e59542fb9dc2569f98c,true,stage08_b06_csd_scales_v1,f34a8418b38bdb14cc081605a2640838095875661c115422e9623793c66e122b,operator,csd,NA,NA,csd,csd__csd_fp16_10e4__57efefbc2eaa3501,csd_fp16_10e4,10^4,10000,"x=[10000],y=[9000]",FP16,CPU,fft_thrust,compatibility/end-to-end,PASS,OK,20,100,65,195.736259,true,57efefbc2eaa350146575fe9f90d8de9a28d28e6a5892e9e5c44f701c72792e1,e884839b52f6df7961a5bc24ff5ef6d70d1a19d85dd86c1f5e679515e5aab212
1,20260809T145721Z_336d860e7e54_stage08_b06_formal_8613f005,formal,20260809T145721Z,336d860e7e54523d86fe3e59542fb9dc2569f98c,true,stage08_b06_csd_scales_v1,f34a8418b38bdb14cc081605a2640838095875661c115422e9623793c66e122b,operator,csd,NA,NA,csd,csd__csd_fp16_10e4__57efefbc2eaa3501,csd_fp16_10e4,10^4,10000,"x=[10000],y=[9000]",FP16,CPU,fft_thrust,compatibility/end-to-end,PASS,OK,20,100,66,195.441757,true,57efefbc2eaa350146575fe9f90d8de9a28d28e6a5892e9e5c44f701c72792e1,e884839b52f6df7961a5bc24ff5ef6d70d1a19d85dd86c1f5e679515e5aab212
1,20260809T145721Z_336d860e7e54_stage08_b06_formal_8613f005,formal,20260809T145721Z,336d860e7e54523d86fe3e59542fb9dc2569f98c,true,stage08_b06_csd_scales_v1,f34a8418b38bdb14cc081605a2640838095875661c115422e9623793c66e122b,operator,csd,NA,NA,csd,csd__csd_fp16_10e4__57efefbc2eaa3501,csd_fp16_10e4,10^4,10000,"x=[10000],y=[9000]",FP16,CPU,fft_thrust,compatibility/end-to-end,PASS,OK,20,100,67,195.378018,true,57efefbc2eaa350146575fe9f90d8de9a28d28e6a5892e9e5c44f701c72792e1,e884839b52f6df7961a5bc24ff5ef6d70d1a19d85dd86c1f5e679515e5aab212
1,20260809T145721Z_336d860e7e54_stage08_b06_formal_8613f005,formal,20260809T145721Z,336d860e7e54523d86fe3e59542fb9dc2569f98c,true,stage08_b06_csd_scales_v1,f34a8418b38bdb14cc081605a2640838095875661c115422e9623793c66e122b,operator,csd,NA,NA,csd,csd__csd_fp16_10e4__57efefbc2eaa3501,csd_fp16_10e4,10^4,10000,"x=[10000],y=[9000]",FP16,CPU,fft_thrust,compatibility/end-to-end,PASS,OK,20,100,68,195.389059,true,57efefbc2eaa350146575fe9f90d8de9a28d28e6a5892e9e5c44f701c72792e1,e884839b52f6df7961a5bc24ff5ef6d70d1a19d85dd86c1f5e679515e5aab212
1,20260809T145721Z_336d860e7e54_stage08_b06_formal_8613f005,formal,20260809T145721Z,336d860e7e54523d86fe3e59542fb9dc2569f98c,true,stage08_b06_csd_scales_v1,f34a8418b38bdb14cc081605a2640838095875661c115422e9623793c66e122b,operator,csd,NA,NA,csd,csd__csd_fp16_10e4__57efefbc2eaa3501,csd_fp16_10e4,10^4,10000,"x=[10000],y=[9000]",FP16,CPU,fft_thrust,compatibility/end-to-end,PASS,OK,20,100,69,195.534168,true,57efefbc2eaa350146575fe9f90d8de9a28d28e6a5892e9e5c44f701c72792e1,e884839b52f6df7961a5bc24ff5ef6d70d1a19d85dd86c1f5e679515e5aab212
1,20260809T145721Z_336d860e7e54_stage08_b06_formal_8613f005,formal,20260809T145721Z,336d860e7e54523d86fe3e59542fb9dc2569f98c,true,stage08_b06_csd_scales_v1,f34a8418b38bdb14cc081605a2640838095875661c115422e9623793c66e122b,operator,csd,NA,NA,csd,csd__csd_fp16_10e4__57efefbc2eaa3501,csd_fp16_10e4,10^4,10000,"x=[10000],y=[9000]",FP16,CPU,fft_thrust,compatibility/end-to-end,PASS,OK,20,100,70,195.435839,true,57efefbc2eaa350146575fe9f90d8de9a28d28e6a5892e9e5c44f701c72792e1,e884839b52f6df7961a5bc24ff5ef6d70d1a19d85dd86c1f5e679515e5aab212
1,20260809T145721Z_336d860e7e54_stage08_b06_formal_8613f005,formal,20260809T145721Z,336d860e7e54523d86fe3e59542fb9dc2569f98c,true,stage08_b06_csd_scales_v1,f34a8418b38bdb14cc081605a2640838095875661c115422e9623793c66e122b,operator,csd,NA,NA,csd,csd__csd_fp16_10e4__57efefbc2eaa3501,csd_fp16_10e4,10^4,10000,"x=[10000],y=[9000]",FP16,CPU,fft_thrust,compatibility/end-to-end,PASS,OK,20,100,71,195.577619,true,57efefbc2eaa350146575fe9f90d8de9a28d28e6a5892e9e5c44f701c72792e1,e884839b52f6df7961a5bc24ff5ef6d70d1a19d85dd86c1f5e679515e5aab212
1,20260809T145721Z_336d860e7e54_stage08_b06_formal_8613f005,formal,20260809T145721Z,336d860e7e54523d86fe3e59542fb9dc2569f98c,true,stage08_b06_csd_scales_v1,f34a8418b38bdb14cc081605a2640838095875661c115422e9623793c66e122b,operator,csd,NA,NA,csd,csd__csd_fp16_10e4__57efefbc2eaa3501,csd_fp16_10e4,10^4,10000,"x=[10000],y=[9000]",FP16,CPU,fft_thrust,compatibility/end-to-end,PASS,OK,20,100,72,195.41547,true,57efefbc2eaa350146575fe9f90d8de9a28d28e6a5892e9e5c44f701c72792e1,e884839b52f6df7961a5bc24ff5ef6d70d1a19d85dd86c1f5e679515e5aab212
1,20260809T145721Z_336d860e7e54_stage08_b06_formal_8613f005,formal,20260809T145721Z,336d860e7e54523d86fe3e59542fb9dc2569f98c,true,stage08_b06_csd_scales_v1,f34a8418b38bdb14cc081605a2640838095875661c115422e9623793c66e122b,operator,csd,NA,NA,csd,csd__csd_fp16_10e4__57efefbc2eaa3501,csd_fp16_10e4,10^4,10000,"x=[10000],y=[9000]",FP16,CPU,fft_thrust,compatibility/end-to-end,PASS,OK,20,100,73,195.349739,true,57efefbc2eaa350146575fe9f90d8de9a28d28e6a5892e9e5c44f701c72792e1,e884839b52f6df7961a5bc24ff5ef6d70d1a19d85dd86c1f5e679515e5aab212
1,20260809T145721Z_336d860e7e54_stage08_b06_formal_8613f005,formal,20260809T145721Z,336d860e7e54523d86fe3e59542fb9dc2569f98c,true,stage08_b06_csd_scales_v1,f34a8418b38bdb14cc081605a2640838095875661c115422e9623793c66e122b,operator,csd,NA,NA,csd,csd__csd_fp16_10e4__57efefbc2eaa3501,csd_fp16_10e4,10^4,10000,"x=[10000],y=[9000]",FP16,CPU,fft_thrust,compatibility/end-to-end,PASS,OK,20,100,74,195.925642,true,57efefbc2eaa350146575fe9f90d8de9a28d28e6a5892e9e5c44f701c72792e1,e884839b52f6df7961a5bc24ff5ef6d70d1a19d85dd86c1f5e679515e5aab212
1,20260809T145721Z_336d860e7e54_stage08_b06_formal_8613f005,formal,20260809T145721Z,336d860e7e54523d86fe3e59542fb9dc2569f98c,true,stage08_b06_csd_scales_v1,f34a8418b38bdb14cc081605a2640838095875661c115422e9623793c66e122b,operator,csd,NA,NA,csd,csd__csd_fp16_10e4__57efefbc2eaa3501,csd_fp16_10e4,10^4,10000,"x=[10000],y=[9000]",FP16,CPU,fft_thrust,compatibility/end-to-end,PASS,OK,20,100,75,195.65296,true,57efefbc2eaa350146575fe9f90d8de9a28d28e6a5892e9e5c44f701c72792e1,e884839b52f6df7961a5bc24ff5ef6d70d1a19d85dd86c1f5e679515e5aab212
1,20260809T145721Z_336d860e7e54_stage08_b06_formal_8613f005,formal,20260809T145721Z,336d860e7e54523d86fe3e59542fb9dc2569f98c,true,stage08_b06_csd_scales_v1,f34a8418b38bdb14cc081605a2640838095875661c115422e9623793c66e122b,operator,csd,NA,NA,csd,csd__csd_fp16_10e4__57efefbc2eaa3501,csd_fp16_10e4,10^4,10000,"x=[10000],y=[9000]",FP16,CPU,fft_thrust,compatibility/end-to-end,PASS,OK,20,100,76,195.29826,true,57efefbc2eaa350146575fe9f90d8de9a28d28e6a5892e9e5c44f701c72792e1,e884839b52f6df7961a5bc24ff5ef6d70d1a19d85dd86c1f5e679515e5aab212
1,20260809T145721Z_336d860e7e54_stage08_b06_formal_8613f005,formal,20260809T145721Z,336d860e7e54523d86fe3e59542fb9dc2569f98c,true,stage08_b06_csd_scales_v1,f34a8418b38bdb14cc081605a2640838095875661c115422e9623793c66e122b,operator,csd,NA,NA,csd,csd__csd_fp16_10e4__57efefbc2eaa3501,csd_fp16_10e4,10^4,10000,"x=[10000],y=[9000]",FP16,CPU,fft_thrust,compatibility/end-to-end,PASS,OK,20,100,77,195.466501,true,57efefbc2eaa350146575fe9f90d8de9a28d28e6a5892e9e5c44f701c72792e1,e884839b52f6df7961a5bc24ff5ef6d70d1a19d85dd86c1f5e679515e5aab212
1,20260809T145721Z_336d860e7e54_stage08_b06_formal_8613f005,formal,20260809T145721Z,336d860e7e54523d86fe3e59542fb9dc2569f98c,true,stage08_b06_csd_scales_v1,f34a8418b38bdb14cc081605a2640838095875661c115422e9623793c66e122b,operator,csd,NA,NA,csd,csd__csd_fp16_10e4__57efefbc2eaa3501,csd_fp16_10e4,10^4,10000,"x=[10000],y=[9000]",FP16,CPU,fft_thrust,compatibility/end-to-end,PASS,OK,20,100,78,195.31433,true,57efefbc2eaa350146575fe9f90d8de9a28d28e6a5892e9e5c44f701c72792e1,e884839b52f6df7961a5bc24ff5ef6d70d1a19d85dd86c1f5e679515e5aab212
1,20260809T145721Z_336d860e7e54_stage08_b06_formal_8613f005,formal,20260809T145721Z,336d860e7e54523d86fe3e59542fb9dc2569f98c,true,stage08_b06_csd_scales_v1,f34a8418b38bdb14cc081605a2640838095875661c115422e9623793c66e122b,operator,csd,NA,NA,csd,csd__csd_fp16_10e4__57efefbc2eaa3501,csd_fp16_10e4,10^4,10000,"x=[10000],y=[9000]",FP16,CPU,fft_thrust,compatibility/end-to-end,PASS,OK,20,100,79,195.400591,true,57efefbc2eaa350146575fe9f90d8de9a28d28e6a5892e9e5c44f701c72792e1,e884839b52f6df7961a5bc24ff5ef6d70d1a19d85dd86c1f5e679515e5aab212
1,20260809T145721Z_336d860e7e54_stage08_b06_formal_8613f005,formal,20260809T145721Z,336d860e7e54523d86fe3e59542fb9dc2569f98c,true,stage08_b06_csd_scales_v1,f34a8418b38bdb14cc081605a2640838095875661c115422e9623793c66e122b,operator,csd,NA,NA,csd,csd__csd_fp16_10e4__57efefbc2eaa3501,csd_fp16_10e4,10^4,10000,"x=[10000],y=[9000]",FP16,CPU,fft_thrust,compatibility/end-to-end,PASS,OK,20,100,80,195.429872,true,57efefbc2eaa350146575fe9f90d8de9a28d28e6a5892e9e5c44f701c72792e1,e884839b52f6df7961a5bc24ff5ef6d70d1a19d85dd86c1f5e679515e5aab212
1,20260809T145721Z_336d860e7e54_stage08_b06_formal_8613f005,formal,20260809T145721Z,336d860e7e54523d86fe3e59542fb9dc2569f98c,true,stage08_b06_csd_scales_v1,f34a8418b38bdb14cc081605a2640838095875661c115422e9623793c66e122b,operator,csd,NA,NA,csd,csd__csd_fp16_10e4__57efefbc2eaa3501,csd_fp16_10e4,10^4,10000,"x=[10000],y=[9000]",FP16,CPU,fft_thrust,compatibility/end-to-end,PASS,OK,20,100,81,195.548731,true,57efefbc2eaa350146575fe9f90d8de9a28d28e6a5892e9e5c44f701c72792e1,e884839b52f6df7961a5bc24ff5ef6d70d1a19d85dd86c1f5e679515e5aab212
1,20260809T145721Z_336d860e7e54_stage08_b06_formal_8613f005,formal,20260809T145721Z,336d860e7e54523d86fe3e59542fb9dc2569f98c,true,stage08_b06_csd_scales_v1,f34a8418b38bdb14cc081605a2640838095875661c115422e9623793c66e122b,operator,csd,NA,NA,csd,csd__csd_fp16_10e4__57efefbc2eaa3501,csd_fp16_10e4,10^4,10000,"x=[10000],y=[9000]",FP16,CPU,fft_thrust,compatibility/end-to-end,PASS,OK,20,100,82,195.460102,true,57efefbc2eaa350146575fe9f90d8de9a28d28e6a5892e9e5c44f701c72792e1,e884839b52f6df7961a5bc24ff5ef6d70d1a19d85dd86c1f5e679515e5aab212
1,20260809T145721Z_336d860e7e54_stage08_b06_formal_8613f005,formal,20260809T145721Z,336d860e7e54523d86fe3e59542fb9dc2569f98c,true,stage08_b06_csd_scales_v1,f34a8418b38bdb14cc081605a2640838095875661c115422e9623793c66e122b,operator,csd,NA,NA,csd,csd__csd_fp16_10e4__57efefbc2eaa3501,csd_fp16_10e4,10^4,10000,"x=[10000],y=[9000]",FP16,CPU,fft_thrust,compatibility/end-to-end,PASS,OK,20,100,83,195.351133,true,57efefbc2eaa350146575fe9f90d8de9a28d28e6a5892e9e5c44f701c72792e1,e884839b52f6df7961a5bc24ff5ef6d70d1a19d85dd86c1f5e679515e5aab212
1,20260809T145721Z_336d860e7e54_stage08_b06_formal_8613f005,formal,20260809T145721Z,336d860e7e54523d86fe3e59542fb9dc2569f98c,true,stage08_b06_csd_scales_v1,f34a8418b38bdb14cc081605a2640838095875661c115422e9623793c66e122b,operator,csd,NA,NA,csd,csd__csd_fp16_10e4__57efefbc2eaa3501,csd_fp16_10e4,10^4,10000,"x=[10000],y=[9000]",FP16,CPU,fft_thrust,compatibility/end-to-end,PASS,OK,20,100,84,195.502172,true,57efefbc2eaa350146575fe9f90d8de9a28d28e6a5892e9e5c44f701c72792e1,e884839b52f6df7961a5bc24ff5ef6d70d1a19d85dd86c1f5e679515e5aab212
1,20260809T145721Z_336d860e7e54_stage08_b06_formal_8613f005,formal,20260809T145721Z,336d860e7e54523d86fe3e59542fb9dc2569f98c,true,stage08_b06_csd_scales_v1,f34a8418b38bdb14cc081605a2640838095875661c115422e9623793c66e122b,operator,csd,NA,NA,csd,csd__csd_fp16_10e4__57efefbc2eaa3501,csd_fp16_10e4,10^4,10000,"x=[10000],y=[9000]",FP16,CPU,fft_thrust,compatibility/end-to-end,PASS,OK,20,100,85,195.348293,true,57efefbc2eaa350146575fe9f90d8de9a28d28e6a5892e9e5c44f701c72792e1,e884839b52f6df7961a5bc24ff5ef6d70d1a19d85dd86c1f5e679515e5aab212
1,20260809T145721Z_336d860e7e54_stage08_b06_formal_8613f005,formal,20260809T145721Z,336d860e7e54523d86fe3e59542fb9dc2569f98c,true,stage08_b06_csd_scales_v1,f34a8418b38bdb14cc081605a2640838095875661c115422e9623793c66e122b,operator,csd,NA,NA,csd,csd__csd_fp16_10e4__57efefbc2eaa3501,csd_fp16_10e4,10^4,10000,"x=[10000],y=[9000]",FP16,CPU,fft_thrust,compatibility/end-to-end,PASS,OK,20,100,86,195.403382,true,57efefbc2eaa350146575fe9f90d8de9a28d28e6a5892e9e5c44f701c72792e1,e884839b52f6df7961a5bc24ff5ef6d70d1a19d85dd86c1f5e679515e5aab212
1,20260809T145721Z_336d860e7e54_stage08_b06_formal_8613f005,formal,20260809T145721Z,336d860e7e54523d86fe3e59542fb9dc2569f98c,true,stage08_b06_csd_scales_v1,f34a8418b38bdb14cc081605a2640838095875661c115422e9623793c66e122b,operator,csd,NA,NA,csd,csd__csd_fp16_10e4__57efefbc2eaa3501,csd_fp16_10e4,10^4,10000,"x=[10000],y=[9000]",FP16,CPU,fft_thrust,compatibility/end-to-end,PASS,OK,20,100,87,195.551774,true,57efefbc2eaa350146575fe9f90d8de9a28d28e6a5892e9e5c44f701c72792e1,e884839b52f6df7961a5bc24ff5ef6d70d1a19d85dd86c1f5e679515e5aab212
1,20260809T145721Z_336d860e7e54_stage08_b06_formal_8613f005,formal,20260809T145721Z,336d860e7e54523d86fe3e59542fb9dc2569f98c,true,stage08_b06_csd_scales_v1,f34a8418b38bdb14cc081605a2640838095875661c115422e9623793c66e122b,operator,csd,NA,NA,csd,csd__csd_fp16_10e4__57efefbc2eaa3501,csd_fp16_10e4,10^4,10000,"x=[10000],y=[9000]",FP16,CPU,fft_thrust,compatibility/end-to-end,PASS,OK,20,100,88,195.360283,true,57efefbc2eaa350146575fe9f90d8de9a28d28e6a5892e9e5c44f701c72792e1,e884839b52f6df7961a5bc24ff5ef6d70d1a19d85dd86c1f5e679515e5aab212
1,20260809T145721Z_336d860e7e54_stage08_b06_formal_8613f005,formal,20260809T145721Z,336d860e7e54523d86fe3e59542fb9dc2569f98c,true,stage08_b06_csd_scales_v1,f34a8418b38bdb14cc081605a2640838095875661c115422e9623793c66e122b,operator,csd,NA,NA,csd,csd__csd_fp16_10e4__57efefbc2eaa3501,csd_fp16_10e4,10^4,10000,"x=[10000],y=[9000]",FP16,CPU,fft_thrust,compatibility/end-to-end,PASS,OK,20,100,89,195.403924,true,57efefbc2eaa350146575fe9f90d8de9a28d28e6a5892e9e5c44f701c72792e1,e884839b52f6df7961a5bc24ff5ef6d70d1a19d85dd86c1f5e679515e5aab212
1,20260809T145721Z_336d860e7e54_stage08_b06_formal_8613f005,formal,20260809T145721Z,336d860e7e54523d86fe3e59542fb9dc2569f98c,true,stage08_b06_csd_scales_v1,f34a8418b38bdb14cc081605a2640838095875661c115422e9623793c66e122b,operator,csd,NA,NA,csd,csd__csd_fp16_10e4__57efefbc2eaa3501,csd_fp16_10e4,10^4,10000,"x=[10000],y=[9000]",FP16,CPU,fft_thrust,compatibility/end-to-end,PASS,OK,20,100,90,195.349233,true,57efefbc2eaa350146575fe9f90d8de9a28d28e6a5892e9e5c44f701c72792e1,e884839b52f6df7961a5bc24ff5ef6d70d1a19d85dd86c1f5e679515e5aab212
1,20260809T145721Z_336d860e7e54_stage08_b06_formal_8613f005,formal,20260809T145721Z,336d860e7e54523d86fe3e59542fb9dc2569f98c,true,stage08_b06_csd_scales_v1,f34a8418b38bdb14cc081605a2640838095875661c115422e9623793c66e122b,operator,csd,NA,NA,csd,csd__csd_fp16_10e4__57efefbc2eaa3501,csd_fp16_10e4,10^4,10000,"x=[10000],y=[9000]",FP16,CPU,fft_thrust,compatibility/end-to-end,PASS,OK,20,100,91,195.381664,true,57efefbc2eaa350146575fe9f90d8de9a28d28e6a5892e9e5c44f701c72792e1,e884839b52f6df7961a5bc24ff5ef6d70d1a19d85dd86c1f5e679515e5aab212
1,20260809T145721Z_336d860e7e54_stage08_b06_formal_8613f005,formal,20260809T145721Z,336d860e7e54523d86fe3e59542fb9dc2569f98c,true,stage08_b06_csd_scales_v1,f34a8418b38bdb14cc081605a2640838095875661c115422e9623793c66e122b,operator,csd,NA,NA,csd,csd__csd_fp16_10e4__57efefbc2eaa3501,csd_fp16_10e4,10^4,10000,"x=[10000],y=[9000]",FP16,CPU,fft_thrust,compatibility/end-to-end,PASS,OK,20,100,92,196.157417,true,57efefbc2eaa350146575fe9f90d8de9a28d28e6a5892e9e5c44f701c72792e1,e884839b52f6df7961a5bc24ff5ef6d70d1a19d85dd86c1f5e679515e5aab212
1,20260809T145721Z_336d860e7e54_stage08_b06_formal_8613f005,formal,20260809T145721Z,336d860e7e54523d86fe3e59542fb9dc2569f98c,true,stage08_b06_csd_scales_v1,f34a8418b38bdb14cc081605a2640838095875661c115422e9623793c66e122b,operator,csd,NA,NA,csd,csd__csd_fp16_10e4__57efefbc2eaa3501,csd_fp16_10e4,10^4,10000,"x=[10000],y=[9000]",FP16,CPU,fft_thrust,compatibility/end-to-end,PASS,OK,20,100,93,196.315639,true,57efefbc2eaa350146575fe9f90d8de9a28d28e6a5892e9e5c44f701c72792e1,e884839b52f6df7961a5bc24ff5ef6d70d1a19d85dd86c1f5e679515e5aab212
1,20260809T145721Z_336d860e7e54_stage08_b06_formal_8613f005,formal,20260809T145721Z,336d860e7e54523d86fe3e59542fb9dc2569f98c,true,stage08_b06_csd_scales_v1,f34a8418b38bdb14cc081605a2640838095875661c115422e9623793c66e122b,operator,csd,NA,NA,csd,csd__csd_fp16_10e4__57efefbc2eaa3501,csd_fp16_10e4,10^4,10000,"x=[10000],y=[9000]",FP16,CPU,fft_thrust,compatibility/end-to-end,PASS,OK,20,100,94,196.348859,true,57efefbc2eaa350146575fe9f90d8de9a28d28e6a5892e9e5c44f701c72792e1,e884839b52f6df7961a5bc24ff5ef6d70d1a19d85dd86c1f5e679515e5aab212
1,20260809T145721Z_336d860e7e54_stage08_b06_formal_8613f005,formal,20260809T145721Z,336d860e7e54523d86fe3e59542fb9dc2569f98c,true,stage08_b06_csd_scales_v1,f34a8418b38bdb14cc081605a2640838095875661c115422e9623793c66e122b,operator,csd,NA,NA,csd,csd__csd_fp16_10e4__57efefbc2eaa3501,csd_fp16_10e4,10^4,10000,"x=[10000],y=[9000]",FP16,CPU,fft_thrust,compatibility/end-to-end,PASS,OK,20,100,95,195.408804,true,57efefbc2eaa350146575fe9f90d8de9a28d28e6a5892e9e5c44f701c72792e1,e884839b52f6df7961a5bc24ff5ef6d70d1a19d85dd86c1f5e679515e5aab212
1,20260809T145721Z_336d860e7e54_stage08_b06_formal_8613f005,formal,20260809T145721Z,336d860e7e54523d86fe3e59542fb9dc2569f98c,true,stage08_b06_csd_scales_v1,f34a8418b38bdb14cc081605a2640838095875661c115422e9623793c66e122b,operator,csd,NA,NA,csd,csd__csd_fp16_10e4__57efefbc2eaa3501,csd_fp16_10e4,10^4,10000,"x=[10000],y=[9000]",FP16,CPU,fft_thrust,compatibility/end-to-end,PASS,OK,20,100,96,195.495076,true,57efefbc2eaa350146575fe9f90d8de9a28d28e6a5892e9e5c44f701c72792e1,e884839b52f6df7961a5bc24ff5ef6d70d1a19d85dd86c1f5e679515e5aab212
1,20260809T145721Z_336d860e7e54_stage08_b06_formal_8613f005,formal,20260809T145721Z,336d860e7e54523d86fe3e59542fb9dc2569f98c,true,stage08_b06_csd_scales_v1,f34a8418b38bdb14cc081605a2640838095875661c115422e9623793c66e122b,operator,csd,NA,NA,csd,csd__csd_fp16_10e4__57efefbc2eaa3501,csd_fp16_10e4,10^4,10000,"x=[10000],y=[9000]",FP16,CPU,fft_thrust,compatibility/end-to-end,PASS,OK,20,100,97,195.609017,true,57efefbc2eaa350146575fe9f90d8de9a28d28e6a5892e9e5c44f701c72792e1,e884839b52f6df7961a5bc24ff5ef6d70d1a19d85dd86c1f5e679515e5aab212
1,20260809T145721Z_336d860e7e54_stage08_b06_formal_8613f005,formal,20260809T145721Z,336d860e7e54523d86fe3e59542fb9dc2569f98c,true,stage08_b06_csd_scales_v1,f34a8418b38bdb14cc081605a2640838095875661c115422e9623793c66e122b,operator,csd,NA,NA,csd,csd__csd_fp16_10e4__57efefbc2eaa3501,csd_fp16_10e4,10^4,10000,"x=[10000],y=[9000]",FP16,CPU,fft_thrust,compatibility/end-to-end,PASS,OK,20,100,98,195.597347,true,57efefbc2eaa350146575fe9f90d8de9a28d28e6a5892e9e5c44f701c72792e1,e884839b52f6df7961a5bc24ff5ef6d70d1a19d85dd86c1f5e679515e5aab212
1,20260809T145721Z_336d860e7e54_stage08_b06_formal_8613f005,formal,20260809T145721Z,336d860e7e54523d86fe3e59542fb9dc2569f98c,true,stage08_b06_csd_scales_v1,f34a8418b38bdb14cc081605a2640838095875661c115422e9623793c66e122b,operator,csd,NA,NA,csd,csd__csd_fp16_10e4__57efefbc2eaa3501,csd_fp16_10e4,10^4,10000,"x=[10000],y=[9000]",FP16,CPU,fft_thrust,compatibility/end-to-end,PASS,OK,20,100,99,195.572417,true,57efefbc2eaa350146575fe9f90d8de9a28d28e6a5892e9e5c44f701c72792e1,e884839b52f6df7961a5bc24ff5ef6d70d1a19d85dd86c1f5e679515e5aab212
1,20260809T145721Z_336d860e7e54_stage08_b06_formal_8613f005,formal,20260809T145721Z,336d860e7e54523d86fe3e59542fb9dc2569f98c,true,stage08_b06_csd_scales_v1,f34a8418b38bdb14cc081605a2640838095875661c115422e9623793c66e122b,operator,csd,NA,NA,csd,csd__csd_fp16_10e4__57efefbc2eaa3501,csd_fp16_10e4,10^4,10000,"x=[10000],y=[9000]",FP16,GPU,fft_thrust,compatibility/end-to-end,PASS,OK,20,100,0,2.906281,true,57efefbc2eaa350146575fe9f90d8de9a28d28e6a5892e9e5c44f701c72792e1,412373224ab3907578c582f022f067bb0ca9ad821f1833a690da7c22af39e999
1,20260809T145721Z_336d860e7e54_stage08_b06_formal_8613f005,formal,20260809T145721Z,336d860e7e54523d86fe3e59542fb9dc2569f98c,true,stage08_b06_csd_scales_v1,f34a8418b38bdb14cc081605a2640838095875661c115422e9623793c66e122b,operator,csd,NA,NA,csd,csd__csd_fp16_10e4__57efefbc2eaa3501,csd_fp16_10e4,10^4,10000,"x=[10000],y=[9000]",FP16,GPU,fft_thrust,compatibility/end-to-end,PASS,OK,20,100,1,2.797662,true,57efefbc2eaa350146575fe9f90d8de9a28d28e6a5892e9e5c44f701c72792e1,412373224ab3907578c582f022f067bb0ca9ad821f1833a690da7c22af39e999
1,20260809T145721Z_336d860e7e54_stage08_b06_formal_8613f005,formal,20260809T145721Z,336d860e7e54523d86fe3e59542fb9dc2569f98c,true,stage08_b06_csd_scales_v1,f34a8418b38bdb14cc081605a2640838095875661c115422e9623793c66e122b,operator,csd,NA,NA,csd,csd__csd_fp16_10e4__57efefbc2eaa3501,csd_fp16_10e4,10^4,10000,"x=[10000],y=[9000]",FP16,GPU,fft_thrust,compatibility/end-to-end,PASS,OK,20,100,2,2.78668,true,57efefbc2eaa350146575fe9f90d8de9a28d28e6a5892e9e5c44f701c72792e1,412373224ab3907578c582f022f067bb0ca9ad821f1833a690da7c22af39e999
1,20260809T145721Z_336d860e7e54_stage08_b06_formal_8613f005,formal,20260809T145721Z,336d860e7e54523d86fe3e59542fb9dc2569f98c,true,stage08_b06_csd_scales_v1,f34a8418b38bdb14cc081605a2640838095875661c115422e9623793c66e122b,operator,csd,NA,NA,csd,csd__csd_fp16_10e4__57efefbc2eaa3501,csd_fp16_10e4,10^4,10000,"x=[10000],y=[9000]",FP16,GPU,fft_thrust,compatibility/end-to-end,PASS,OK,20,100,3,2.799542,true,57efefbc2eaa350146575fe9f90d8de9a28d28e6a5892e9e5c44f701c72792e1,412373224ab3907578c582f022f067bb0ca9ad821f1833a690da7c22af39e999
1,20260809T145721Z_336d860e7e54_stage08_b06_formal_8613f005,formal,20260809T145721Z,336d860e7e54523d86fe3e59542fb9dc2569f98c,true,stage08_b06_csd_scales_v1,f34a8418b38bdb14cc081605a2640838095875661c115422e9623793c66e122b,operator,csd,NA,NA,csd,csd__csd_fp16_10e4__57efefbc2eaa3501,csd_fp16_10e4,10^4,10000,"x=[10000],y=[9000]",FP16,GPU,fft_thrust,compatibility/end-to-end,PASS,OK,20,100,4,2.816621,true,57efefbc2eaa350146575fe9f90d8de9a28d28e6a5892e9e5c44f701c72792e1,412373224ab3907578c582f022f067bb0ca9ad821f1833a690da7c22af39e999
1,20260809T145721Z_336d860e7e54_stage08_b06_formal_8613f005,formal,20260809T145721Z,336d860e7e54523d86fe3e59542fb9dc2569f98c,true,stage08_b06_csd_scales_v1,f34a8418b38bdb14cc081605a2640838095875661c115422e9623793c66e122b,operator,csd,NA,NA,csd,csd__csd_fp16_10e4__57efefbc2eaa3501,csd_fp16_10e4,10^4,10000,"x=[10000],y=[9000]",FP16,GPU,fft_thrust,compatibility/end-to-end,PASS,OK,20,100,5,2.996492,true,57efefbc2eaa350146575fe9f90d8de9a28d28e6a5892e9e5c44f701c72792e1,412373224ab3907578c582f022f067bb0ca9ad821f1833a690da7c22af39e999
1,20260809T145721Z_336d860e7e54_stage08_b06_formal_8613f005,formal,20260809T145721Z,336d860e7e54523d86fe3e59542fb9dc2569f98c,true,stage08_b06_csd_scales_v1,f34a8418b38bdb14cc081605a2640838095875661c115422e9623793c66e122b,operator,csd,NA,NA,csd,csd__csd_fp16_10e4__57efefbc2eaa3501,csd_fp16_10e4,10^4,10000,"x=[10000],y=[9000]",FP16,GPU,fft_thrust,compatibility/end-to-end,PASS,OK,20,100,6,2.788471,true,57efefbc2eaa350146575fe9f90d8de9a28d28e6a5892e9e5c44f701c72792e1,412373224ab3907578c582f022f067bb0ca9ad821f1833a690da7c22af39e999
1,20260809T145721Z_336d860e7e54_stage08_b06_formal_8613f005,formal,20260809T145721Z,336d860e7e54523d86fe3e59542fb9dc2569f98c,true,stage08_b06_csd_scales_v1,f34a8418b38bdb14cc081605a2640838095875661c115422e9623793c66e122b,operator,csd,NA,NA,csd,csd__csd_fp16_10e4__57efefbc2eaa3501,csd_fp16_10e4,10^4,10000,"x=[10000],y=[9000]",FP16,GPU,fft_thrust,compatibility/end-to-end,PASS,OK,20,100,7,2.771161,true,57efefbc2eaa350146575fe9f90d8de9a28d28e6a5892e9e5c44f701c72792e1,412373224ab3907578c582f022f067bb0ca9ad821f1833a690da7c22af39e999
1,20260809T145721Z_336d860e7e54_stage08_b06_formal_8613f005,formal,20260809T145721Z,336d860e7e54523d86fe3e59542fb9dc2569f98c,true,stage08_b06_csd_scales_v1,f34a8418b38bdb14cc081605a2640838095875661c115422e9623793c66e122b,operator,csd,NA,NA,csd,csd__csd_fp16_10e4__57efefbc2eaa3501,csd_fp16_10e4,10^4,10000,"x=[10000],y=[9000]",FP16,GPU,fft_thrust,compatibility/end-to-end,PASS,OK,20,100,8,2.774391,true,57efefbc2eaa350146575fe9f90d8de9a28d28e6a5892e9e5c44f701c72792e1,412373224ab3907578c582f022f067bb0ca9ad821f1833a690da7c22af39e999
1,20260809T145721Z_336d860e7e54_stage08_b06_formal_8613f005,formal,20260809T145721Z,336d860e7e54523d86fe3e59542fb9dc2569f98c,true,stage08_b06_csd_scales_v1,f34a8418b38bdb14cc081605a2640838095875661c115422e9623793c66e122b,operator,csd,NA,NA,csd,csd__csd_fp16_10e4__57efefbc2eaa3501,csd_fp16_10e4,10^4,10000,"x=[10000],y=[9000]",FP16,GPU,fft_thrust,compatibility/end-to-end,PASS,OK,20,100,9,2.780251,true,57efefbc2eaa350146575fe9f90d8de9a28d28e6a5892e9e5c44f701c72792e1,412373224ab3907578c582f022f067bb0ca9ad821f1833a690da7c22af39e999
1,20260809T145721Z_336d860e7e54_stage08_b06_formal_8613f005,formal,20260809T145721Z,336d860e7e54523d86fe3e59542fb9dc2569f98c,true,stage08_b06_csd_scales_v1,f34a8418b38bdb14cc081605a2640838095875661c115422e9623793c66e122b,operator,csd,NA,NA,csd,csd__csd_fp16_10e4__57efefbc2eaa3501,csd_fp16_10e4,10^4,10000,"x=[10000],y=[9000]",FP16,GPU,fft_thrust,compatibility/end-to-end,PASS,OK,20,100,10,2.837881,true,57efefbc2eaa350146575fe9f90d8de9a28d28e6a5892e9e5c44f701c72792e1,412373224ab3907578c582f022f067bb0ca9ad821f1833a690da7c22af39e999
1,20260809T145721Z_336d860e7e54_stage08_b06_formal_8613f005,formal,20260809T145721Z,336d860e7e54523d86fe3e59542fb9dc2569f98c,true,stage08_b06_csd_scales_v1,f34a8418b38bdb14cc081605a2640838095875661c115422e9623793c66e122b,operator,csd,NA,NA,csd,csd__csd_fp16_10e4__57efefbc2eaa3501,csd_fp16_10e4,10^4,10000,"x=[10000],y=[9000]",FP16,GPU,fft_thrust,compatibility/end-to-end,PASS,OK,20,100,11,2.772291,true,57efefbc2eaa350146575fe9f90d8de9a28d28e6a5892e9e5c44f701c72792e1,412373224ab3907578c582f022f067bb0ca9ad821f1833a690da7c22af39e999
1,20260809T145721Z_336d860e7e54_stage08_b06_formal_8613f005,formal,20260809T145721Z,336d860e7e54523d86fe3e59542fb9dc2569f98c,true,stage08_b06_csd_scales_v1,f34a8418b38bdb14cc081605a2640838095875661c115422e9623793c66e122b,operator,csd,NA,NA,csd,csd__csd_fp16_10e4__57efefbc2eaa3501,csd_fp16_10e4,10^4,10000,"x=[10000],y=[9000]",FP16,GPU,fft_thrust,compatibility/end-to-end,PASS,OK,20,100,12,2.772591,true,57efefbc2eaa350146575fe9f90d8de9a28d28e6a5892e9e5c44f701c72792e1,412373224ab3907578c582f022f067bb0ca9ad821f1833a690da7c22af39e999
1,20260809T145721Z_336d860e7e54_stage08_b06_formal_8613f005,formal,20260809T145721Z,336d860e7e54523d86fe3e59542fb9dc2569f98c,true,stage08_b06_csd_scales_v1,f34a8418b38bdb14cc081605a2640838095875661c115422e9623793c66e122b,operator,csd,NA,NA,csd,csd__csd_fp16_10e4__57efefbc2eaa3501,csd_fp16_10e4,10^4,10000,"x=[10000],y=[9000]",FP16,GPU,fft_thrust,compatibility/end-to-end,PASS,OK,20,100,13,2.782371,true,57efefbc2eaa350146575fe9f90d8de9a28d28e6a5892e9e5c44f701c72792e1,412373224ab3907578c582f022f067bb0ca9ad821f1833a690da7c22af39e999
1,20260809T145721Z_336d860e7e54_stage08_b06_formal_8613f005,formal,20260809T145721Z,336d860e7e54523d86fe3e59542fb9dc2569f98c,true,stage08_b06_csd_scales_v1,f34a8418b38bdb14cc081605a2640838095875661c115422e9623793c66e122b,operator,csd,NA,NA,csd,csd__csd_fp16_10e4__57efefbc2eaa3501,csd_fp16_10e4,10^4,10000,"x=[10000],y=[9000]",FP16,GPU,fft_thrust,compatibility/end-to-end,PASS,OK,20,100,14,2.918332,true,57efefbc2eaa350146575fe9f90d8de9a28d28e6a5892e9e5c44f701c72792e1,412373224ab3907578c582f022f067bb0ca9ad821f1833a690da7c22af39e999
1,20260809T145721Z_336d860e7e54_stage08_b06_formal_8613f005,formal,20260809T145721Z,336d860e7e54523d86fe3e59542fb9dc2569f98c,true,stage08_b06_csd_scales_v1,f34a8418b38bdb14cc081605a2640838095875661c115422e9623793c66e122b,operator,csd,NA,NA,csd,csd__csd_fp16_10e4__57efefbc2eaa3501,csd_fp16_10e4,10^4,10000,"x=[10000],y=[9000]",FP16,GPU,fft_thrust,compatibility/end-to-end,PASS,OK,20,100,15,2.777531,true,57efefbc2eaa350146575fe9f90d8de9a28d28e6a5892e9e5c44f701c72792e1,412373224ab3907578c582f022f067bb0ca9ad821f1833a690da7c22af39e999
1,20260809T145721Z_336d860e7e54_stage08_b06_formal_8613f005,formal,20260809T145721Z,336d860e7e54523d86fe3e59542fb9dc2569f98c,true,stage08_b06_csd_scales_v1,f34a8418b38bdb14cc081605a2640838095875661c115422e9623793c66e122b,operator,csd,NA,NA,csd,csd__csd_fp16_10e4__57efefbc2eaa3501,csd_fp16_10e4,10^4,10000,"x=[10000],y=[9000]",FP16,GPU,fft_thrust,compatibility/end-to-end,PASS,OK,20,100,16,2.767321,true,57efefbc2eaa350146575fe9f90d8de9a28d28e6a5892e9e5c44f701c72792e1,412373224ab3907578c582f022f067bb0ca9ad821f1833a690da7c22af39e999
1,20260809T145721Z_336d860e7e54_stage08_b06_formal_8613f005,formal,20260809T145721Z,336d860e7e54523d86fe3e59542fb9dc2569f98c,true,stage08_b06_csd_scales_v1,f34a8418b38bdb14cc081605a2640838095875661c115422e9623793c66e122b,operator,csd,NA,NA,csd,csd__csd_fp16_10e4__57efefbc2eaa3501,csd_fp16_10e4,10^4,10000,"x=[10000],y=[9000]",FP16,GPU,fft_thrust,compatibility/end-to-end,PASS,OK,20,100,17,2.761561,true,57efefbc2eaa350146575fe9f90d8de9a28d28e6a5892e9e5c44f701c72792e1,412373224ab3907578c582f022f067bb0ca9ad821f1833a690da7c22af39e999
1,20260809T145721Z_336d860e7e54_stage08_b06_formal_8613f005,formal,20260809T145721Z,336d860e7e54523d86fe3e59542fb9dc2569f98c,true,stage08_b06_csd_scales_v1,f34a8418b38bdb14cc081605a2640838095875661c115422e9623793c66e122b,operator,csd,NA,NA,csd,csd__csd_fp16_10e4__57efefbc2eaa3501,csd_fp16_10e4,10^4,10000,"x=[10000],y=[9000]",FP16,GPU,fft_thrust,compatibility/end-to-end,PASS,OK,20,100,18,2.785171,true,57efefbc2eaa350146575fe9f90d8de9a28d28e6a5892e9e5c44f701c72792e1,412373224ab3907578c582f022f067bb0ca9ad821f1833a690da7c22af39e999
1,20260809T145721Z_336d860e7e54_stage08_b06_formal_8613f005,formal,20260809T145721Z,336d860e7e54523d86fe3e59542fb9dc2569f98c,true,stage08_b06_csd_scales_v1,f34a8418b38bdb14cc081605a2640838095875661c115422e9623793c66e122b,operator,csd,NA,NA,csd,csd__csd_fp16_10e4__57efefbc2eaa3501,csd_fp16_10e4,10^4,10000,"x=[10000],y=[9000]",FP16,GPU,fft_thrust,compatibility/end-to-end,PASS,OK,20,100,19,2.767151,true,57efefbc2eaa350146575fe9f90d8de9a28d28e6a5892e9e5c44f701c72792e1,412373224ab3907578c582f022f067bb0ca9ad821f1833a690da7c22af39e999
1,20260809T145721Z_336d860e7e54_stage08_b06_formal_8613f005,formal,20260809T145721Z,336d860e7e54523d86fe3e59542fb9dc2569f98c,true,stage08_b06_csd_scales_v1,f34a8418b38bdb14cc081605a2640838095875661c115422e9623793c66e122b,operator,csd,NA,NA,csd,csd__csd_fp16_10e4__57efefbc2eaa3501,csd_fp16_10e4,10^4,10000,"x=[10000],y=[9000]",FP16,GPU,fft_thrust,compatibility/end-to-end,PASS,OK,20,100,20,2.773391,true,57efefbc2eaa350146575fe9f90d8de9a28d28e6a5892e9e5c44f701c72792e1,412373224ab3907578c582f022f067bb0ca9ad821f1833a690da7c22af39e999
1,20260809T145721Z_336d860e7e54_stage08_b06_formal_8613f005,formal,20260809T145721Z,336d860e7e54523d86fe3e59542fb9dc2569f98c,true,stage08_b06_csd_scales_v1,f34a8418b38bdb14cc081605a2640838095875661c115422e9623793c66e122b,operator,csd,NA,NA,csd,csd__csd_fp16_10e4__57efefbc2eaa3501,csd_fp16_10e4,10^4,10000,"x=[10000],y=[9000]",FP16,GPU,fft_thrust,compatibility/end-to-end,PASS,OK,20,100,21,2.776031,true,57efefbc2eaa350146575fe9f90d8de9a28d28e6a5892e9e5c44f701c72792e1,412373224ab3907578c582f022f067bb0ca9ad821f1833a690da7c22af39e999
1,20260809T145721Z_336d860e7e54_stage08_b06_formal_8613f005,formal,20260809T145721Z,336d860e7e54523d86fe3e59542fb9dc2569f98c,true,stage08_b06_csd_scales_v1,f34a8418b38bdb14cc081605a2640838095875661c115422e9623793c66e122b,operator,csd,NA,NA,csd,csd__csd_fp16_10e4__57efefbc2eaa3501,csd_fp16_10e4,10^4,10000,"x=[10000],y=[9000]",FP16,GPU,fft_thrust,compatibility/end-to-end,PASS,OK,20,100,22,2.773631,true,57efefbc2eaa350146575fe9f90d8de9a28d28e6a5892e9e5c44f701c72792e1,412373224ab3907578c582f022f067bb0ca9ad821f1833a690da7c22af39e999
1,20260809T145721Z_336d860e7e54_stage08_b06_formal_8613f005,formal,20260809T145721Z,336d860e7e54523d86fe3e59542fb9dc2569f98c,true,stage08_b06_csd_scales_v1,f34a8418b38bdb14cc081605a2640838095875661c115422e9623793c66e122b,operator,csd,NA,NA,csd,csd__csd_fp16_10e4__57efefbc2eaa3501,csd_fp16_10e4,10^4,10000,"x=[10000],y=[9000]",FP16,GPU,fft_thrust,compatibility/end-to-end,PASS,OK,20,100,23,2.837211,true,57efefbc2eaa350146575fe9f90d8de9a28d28e6a5892e9e5c44f701c72792e1,412373224ab3907578c582f022f067bb0ca9ad821f1833a690da7c22af39e999
1,20260809T145721Z_336d860e7e54_stage08_b06_formal_8613f005,formal,20260809T145721Z,336d860e7e54523d86fe3e59542fb9dc2569f98c,true,stage08_b06_csd_scales_v1,f34a8418b38bdb14cc081605a2640838095875661c115422e9623793c66e122b,operator,csd,NA,NA,csd,csd__csd_fp16_10e4__57efefbc2eaa3501,csd_fp16_10e4,10^4,10000,"x=[10000],y=[9000]",FP16,GPU,fft_thrust,compatibility/end-to-end,PASS,OK,20,100,24,2.781331,true,57efefbc2eaa350146575fe9f90d8de9a28d28e6a5892e9e5c44f701c72792e1,412373224ab3907578c582f022f067bb0ca9ad821f1833a690da7c22af39e999
1,20260809T145721Z_336d860e7e54_stage08_b06_formal_8613f005,formal,20260809T145721Z,336d860e7e54523d86fe3e59542fb9dc2569f98c,true,stage08_b06_csd_scales_v1,f34a8418b38bdb14cc081605a2640838095875661c115422e9623793c66e122b,operator,csd,NA,NA,csd,csd__csd_fp16_10e4__57efefbc2eaa3501,csd_fp16_10e4,10^4,10000,"x=[10000],y=[9000]",FP16,GPU,fft_thrust,compatibility/end-to-end,PASS,OK,20,100,25,2.781961,true,57efefbc2eaa350146575fe9f90d8de9a28d28e6a5892e9e5c44f701c72792e1,412373224ab3907578c582f022f067bb0ca9ad821f1833a690da7c22af39e999
1,20260809T145721Z_336d860e7e54_stage08_b06_formal_8613f005,formal,20260809T145721Z,336d860e7e54523d86fe3e59542fb9dc2569f98c,true,stage08_b06_csd_scales_v1,f34a8418b38bdb14cc081605a2640838095875661c115422e9623793c66e122b,operator,csd,NA,NA,csd,csd__csd_fp16_10e4__57efefbc2eaa3501,csd_fp16_10e4,10^4,10000,"x=[10000],y=[9000]",FP16,GPU,fft_thrust,compatibility/end-to-end,PASS,OK,20,100,26,2.794301,true,57efefbc2eaa350146575fe9f90d8de9a28d28e6a5892e9e5c44f701c72792e1,412373224ab3907578c582f022f067bb0ca9ad821f1833a690da7c22af39e999
1,20260809T145721Z_336d860e7e54_stage08_b06_formal_8613f005,formal,20260809T145721Z,336d860e7e54523d86fe3e59542fb9dc2569f98c,true,stage08_b06_csd_scales_v1,f34a8418b38bdb14cc081605a2640838095875661c115422e9623793c66e122b,operator,csd,NA,NA,csd,csd__csd_fp16_10e4__57efefbc2eaa3501,csd_fp16_10e4,10^4,10000,"x=[10000],y=[9000]",FP16,GPU,fft_thrust,compatibility/end-to-end,PASS,OK,20,100,27,2.772161,true,57efefbc2eaa350146575fe9f90d8de9a28d28e6a5892e9e5c44f701c72792e1,412373224ab3907578c582f022f067bb0ca9ad821f1833a690da7c22af39e999
1,20260809T145721Z_336d860e7e54_stage08_b06_formal_8613f005,formal,20260809T145721Z,336d860e7e54523d86fe3e59542fb9dc2569f98c,true,stage08_b06_csd_scales_v1,f34a8418b38bdb14cc081605a2640838095875661c115422e9623793c66e122b,operator,csd,NA,NA,csd,csd__csd_fp16_10e4__57efefbc2eaa3501,csd_fp16_10e4,10^4,10000,"x=[10000],y=[9000]",FP16,GPU,fft_thrust,compatibility/end-to-end,PASS,OK,20,100,28,2.908612,true,57efefbc2eaa350146575fe9f90d8de9a28d28e6a5892e9e5c44f701c72792e1,412373224ab3907578c582f022f067bb0ca9ad821f1833a690da7c22af39e999
1,20260809T145721Z_336d860e7e54_stage08_b06_formal_8613f005,formal,20260809T145721Z,336d860e7e54523d86fe3e59542fb9dc2569f98c,true,stage08_b06_csd_scales_v1,f34a8418b38bdb14cc081605a2640838095875661c115422e9623793c66e122b,operator,csd,NA,NA,csd,csd__csd_fp16_10e4__57efefbc2eaa3501,csd_fp16_10e4,10^4,10000,"x=[10000],y=[9000]",FP16,GPU,fft_thrust,compatibility/end-to-end,PASS,OK,20,100,29,2.783461,true,57efefbc2eaa350146575fe9f90d8de9a28d28e6a5892e9e5c44f701c72792e1,412373224ab3907578c582f022f067bb0ca9ad821f1833a690da7c22af39e999
1,20260809T145721Z_336d860e7e54_stage08_b06_formal_8613f005,formal,20260809T145721Z,336d860e7e54523d86fe3e59542fb9dc2569f98c,true,stage08_b06_csd_scales_v1,f34a8418b38bdb14cc081605a2640838095875661c115422e9623793c66e122b,operator,csd,NA,NA,csd,csd__csd_fp16_10e4__57efefbc2eaa3501,csd_fp16_10e4,10^4,10000,"x=[10000],y=[9000]",FP16,GPU,fft_thrust,compatibility/end-to-end,PASS,OK,20,100,30,2.769771,true,57efefbc2eaa350146575fe9f90d8de9a28d28e6a5892e9e5c44f701c72792e1,412373224ab3907578c582f022f067bb0ca9ad821f1833a690da7c22af39e999
1,20260809T145721Z_336d860e7e54_stage08_b06_formal_8613f005,formal,20260809T145721Z,336d860e7e54523d86fe3e59542fb9dc2569f98c,true,stage08_b06_csd_scales_v1,f34a8418b38bdb14cc081605a2640838095875661c115422e9623793c66e122b,operator,csd,NA,NA,csd,csd__csd_fp16_10e4__57efefbc2eaa3501,csd_fp16_10e4,10^4,10000,"x=[10000],y=[9000]",FP16,GPU,fft_thrust,compatibility/end-to-end,PASS,OK,20,100,31,2.789701,true,57efefbc2eaa350146575fe9f90d8de9a28d28e6a5892e9e5c44f701c72792e1,412373224ab3907578c582f022f067bb0ca9ad821f1833a690da7c22af39e999
1,20260809T145721Z_336d860e7e54_stage08_b06_formal_8613f005,formal,20260809T145721Z,336d860e7e54523d86fe3e59542fb9dc2569f98c,true,stage08_b06_csd_scales_v1,f34a8418b38bdb14cc081605a2640838095875661c115422e9623793c66e122b,operator,csd,NA,NA,csd,csd__csd_fp16_10e4__57efefbc2eaa3501,csd_fp16_10e4,10^4,10000,"x=[10000],y=[9000]",FP16,GPU,fft_thrust,compatibility/end-to-end,PASS,OK,20,100,32,2.772631,true,57efefbc2eaa350146575fe9f90d8de9a28d28e6a5892e9e5c44f701c72792e1,412373224ab3907578c582f022f067bb0ca9ad821f1833a690da7c22af39e999
1,20260809T145721Z_336d860e7e54_stage08_b06_formal_8613f005,formal,20260809T145721Z,336d860e7e54523d86fe3e59542fb9dc2569f98c,true,stage08_b06_csd_scales_v1,f34a8418b38bdb14cc081605a2640838095875661c115422e9623793c66e122b,operator,csd,NA,NA,csd,csd__csd_fp16_10e4__57efefbc2eaa3501,csd_fp16_10e4,10^4,10000,"x=[10000],y=[9000]",FP16,GPU,fft_thrust,compatibility/end-to-end,PASS,OK,20,100,33,2.794421,true,57efefbc2eaa350146575fe9f90d8de9a28d28e6a5892e9e5c44f701c72792e1,412373224ab3907578c582f022f067bb0ca9ad821f1833a690da7c22af39e999
1,20260809T145721Z_336d860e7e54_stage08_b06_formal_8613f005,formal,20260809T145721Z,336d860e7e54523d86fe3e59542fb9dc2569f98c,true,stage08_b06_csd_scales_v1,f34a8418b38bdb14cc081605a2640838095875661c115422e9623793c66e122b,operator,csd,NA,NA,csd,csd__csd_fp16_10e4__57efefbc2eaa3501,csd_fp16_10e4,10^4,10000,"x=[10000],y=[9000]",FP16,GPU,fft_thrust,compatibility/end-to-end,PASS,OK,20,100,34,2.882862,true,57efefbc2eaa350146575fe9f90d8de9a28d28e6a5892e9e5c44f701c72792e1,412373224ab3907578c582f022f067bb0ca9ad821f1833a690da7c22af39e999
1,20260809T145721Z_336d860e7e54_stage08_b06_formal_8613f005,formal,20260809T145721Z,336d860e7e54523d86fe3e59542fb9dc2569f98c,true,stage08_b06_csd_scales_v1,f34a8418b38bdb14cc081605a2640838095875661c115422e9623793c66e122b,operator,csd,NA,NA,csd,csd__csd_fp16_10e4__57efefbc2eaa3501,csd_fp16_10e4,10^4,10000,"x=[10000],y=[9000]",FP16,GPU,fft_thrust,compatibility/end-to-end,PASS,OK,20,100,35,2.868691,true,57efefbc2eaa350146575fe9f90d8de9a28d28e6a5892e9e5c44f701c72792e1,412373224ab3907578c582f022f067bb0ca9ad821f1833a690da7c22af39e999
1,20260809T145721Z_336d860e7e54_stage08_b06_formal_8613f005,formal,20260809T145721Z,336d860e7e54523d86fe3e59542fb9dc2569f98c,true,stage08_b06_csd_scales_v1,f34a8418b38bdb14cc081605a2640838095875661c115422e9623793c66e122b,operator,csd,NA,NA,csd,csd__csd_fp16_10e4__57efefbc2eaa3501,csd_fp16_10e4,10^4,10000,"x=[10000],y=[9000]",FP16,GPU,fft_thrust,compatibility/end-to-end,PASS,OK,20,100,36,3.004702,true,57efefbc2eaa350146575fe9f90d8de9a28d28e6a5892e9e5c44f701c72792e1,412373224ab3907578c582f022f067bb0ca9ad821f1833a690da7c22af39e999
1,20260809T145721Z_336d860e7e54_stage08_b06_formal_8613f005,formal,20260809T145721Z,336d860e7e54523d86fe3e59542fb9dc2569f98c,true,stage08_b06_csd_scales_v1,f34a8418b38bdb14cc081605a2640838095875661c115422e9623793c66e122b,operator,csd,NA,NA,csd,csd__csd_fp16_10e4__57efefbc2eaa3501,csd_fp16_10e4,10^4,10000,"x=[10000],y=[9000]",FP16,GPU,fft_thrust,compatibility/end-to-end,PASS,OK,20,100,37,2.790371,true,57efefbc2eaa350146575fe9f90d8de9a28d28e6a5892e9e5c44f701c72792e1,412373224ab3907578c582f022f067bb0ca9ad821f1833a690da7c22af39e999
1,20260809T145721Z_336d860e7e54_stage08_b06_formal_8613f005,formal,20260809T145721Z,336d860e7e54523d86fe3e59542fb9dc2569f98c,true,stage08_b06_csd_scales_v1,f34a8418b38bdb14cc081605a2640838095875661c115422e9623793c66e122b,operator,csd,NA,NA,csd,csd__csd_fp16_10e4__57efefbc2eaa3501,csd_fp16_10e4,10^4,10000,"x=[10000],y=[9000]",FP16,GPU,fft_thrust,compatibility/end-to-end,PASS,OK,20,100,38,2.817211,true,57efefbc2eaa350146575fe9f90d8de9a28d28e6a5892e9e5c44f701c72792e1,412373224ab3907578c582f022f067bb0ca9ad821f1833a690da7c22af39e999
1,20260809T145721Z_336d860e7e54_stage08_b06_formal_8613f005,formal,20260809T145721Z,336d860e7e54523d86fe3e59542fb9dc2569f98c,true,stage08_b06_csd_scales_v1,f34a8418b38bdb14cc081605a2640838095875661c115422e9623793c66e122b,operator,csd,NA,NA,csd,csd__csd_fp16_10e4__57efefbc2eaa3501,csd_fp16_10e4,10^4,10000,"x=[10000],y=[9000]",FP16,GPU,fft_thrust,compatibility/end-to-end,PASS,OK,20,100,39,2.779711,true,57efefbc2eaa350146575fe9f90d8de9a28d28e6a5892e9e5c44f701c72792e1,412373224ab3907578c582f022f067bb0ca9ad821f1833a690da7c22af39e999
1,20260809T145721Z_336d860e7e54_stage08_b06_formal_8613f005,formal,20260809T145721Z,336d860e7e54523d86fe3e59542fb9dc2569f98c,true,stage08_b06_csd_scales_v1,f34a8418b38bdb14cc081605a2640838095875661c115422e9623793c66e122b,operator,csd,NA,NA,csd,csd__csd_fp16_10e4__57efefbc2eaa3501,csd_fp16_10e4,10^4,10000,"x=[10000],y=[9000]",FP16,GPU,fft_thrust,compatibility/end-to-end,PASS,OK,20,100,40,2.859682,true,57efefbc2eaa350146575fe9f90d8de9a28d28e6a5892e9e5c44f701c72792e1,412373224ab3907578c582f022f067bb0ca9ad821f1833a690da7c22af39e999
1,20260809T145721Z_336d860e7e54_stage08_b06_formal_8613f005,formal,20260809T145721Z,336d860e7e54523d86fe3e59542fb9dc2569f98c,true,stage08_b06_csd_scales_v1,f34a8418b38bdb14cc081605a2640838095875661c115422e9623793c66e122b,operator,csd,NA,NA,csd,csd__csd_fp16_10e4__57efefbc2eaa3501,csd_fp16_10e4,10^4,10000,"x=[10000],y=[9000]",FP16,GPU,fft_thrust,compatibility/end-to-end,PASS,OK,20,100,41,2.786421,true,57efefbc2eaa350146575fe9f90d8de9a28d28e6a5892e9e5c44f701c72792e1,412373224ab3907578c582f022f067bb0ca9ad821f1833a690da7c22af39e999
1,20260809T145721Z_336d860e7e54_stage08_b06_formal_8613f005,formal,20260809T145721Z,336d860e7e54523d86fe3e59542fb9dc2569f98c,true,stage08_b06_csd_scales_v1,f34a8418b38bdb14cc081605a2640838095875661c115422e9623793c66e122b,operator,csd,NA,NA,csd,csd__csd_fp16_10e4__57efefbc2eaa3501,csd_fp16_10e4,10^4,10000,"x=[10000],y=[9000]",FP16,GPU,fft_thrust,compatibility/end-to-end,PASS,OK,20,100,42,2.930691,true,57efefbc2eaa350146575fe9f90d8de9a28d28e6a5892e9e5c44f701c72792e1,412373224ab3907578c582f022f067bb0ca9ad821f1833a690da7c22af39e999
1,20260809T145721Z_336d860e7e54_stage08_b06_formal_8613f005,formal,20260809T145721Z,336d860e7e54523d86fe3e59542fb9dc2569f98c,true,stage08_b06_csd_scales_v1,f34a8418b38bdb14cc081605a2640838095875661c115422e9623793c66e122b,operator,csd,NA,NA,csd,csd__csd_fp16_10e4__57efefbc2eaa3501,csd_fp16_10e4,10^4,10000,"x=[10000],y=[9000]",FP16,GPU,fft_thrust,compatibility/end-to-end,PASS,OK,20,100,43,2.794071,true,57efefbc2eaa350146575fe9f90d8de9a28d28e6a5892e9e5c44f701c72792e1,412373224ab3907578c582f022f067bb0ca9ad821f1833a690da7c22af39e999
1,20260809T145721Z_336d860e7e54_stage08_b06_formal_8613f005,formal,20260809T145721Z,336d860e7e54523d86fe3e59542fb9dc2569f98c,true,stage08_b06_csd_scales_v1,f34a8418b38bdb14cc081605a2640838095875661c115422e9623793c66e122b,operator,csd,NA,NA,csd,csd__csd_fp16_10e4__57efefbc2eaa3501,csd_fp16_10e4,10^4,10000,"x=[10000],y=[9000]",FP16,GPU,fft_thrust,compatibility/end-to-end,PASS,OK,20,100,44,2.782991,true,57efefbc2eaa350146575fe9f90d8de9a28d28e6a5892e9e5c44f701c72792e1,412373224ab3907578c582f022f067bb0ca9ad821f1833a690da7c22af39e999
1,20260809T145721Z_336d860e7e54_stage08_b06_formal_8613f005,formal,20260809T145721Z,336d860e7e54523d86fe3e59542fb9dc2569f98c,true,stage08_b06_csd_scales_v1,f34a8418b38bdb14cc081605a2640838095875661c115422e9623793c66e122b,operator,csd,NA,NA,csd,csd__csd_fp16_10e4__57efefbc2eaa3501,csd_fp16_10e4,10^4,10000,"x=[10000],y=[9000]",FP16,GPU,fft_thrust,compatibility/end-to-end,PASS,OK,20,100,45,2.794572,true,57efefbc2eaa350146575fe9f90d8de9a28d28e6a5892e9e5c44f701c72792e1,412373224ab3907578c582f022f067bb0ca9ad821f1833a690da7c22af39e999
1,20260809T145721Z_336d860e7e54_stage08_b06_formal_8613f005,formal,20260809T145721Z,336d860e7e54523d86fe3e59542fb9dc2569f98c,true,stage08_b06_csd_scales_v1,f34a8418b38bdb14cc081605a2640838095875661c115422e9623793c66e122b,operator,csd,NA,NA,csd,csd__csd_fp16_10e4__57efefbc2eaa3501,csd_fp16_10e4,10^4,10000,"x=[10000],y=[9000]",FP16,GPU,fft_thrust,compatibility/end-to-end,PASS,OK,20,100,46,2.782091,true,57efefbc2eaa350146575fe9f90d8de9a28d28e6a5892e9e5c44f701c72792e1,412373224ab3907578c582f022f067bb0ca9ad821f1833a690da7c22af39e999
1,20260809T145721Z_336d860e7e54_stage08_b06_formal_8613f005,formal,20260809T145721Z,336d860e7e54523d86fe3e59542fb9dc2569f98c,true,stage08_b06_csd_scales_v1,f34a8418b38bdb14cc081605a2640838095875661c115422e9623793c66e122b,operator,csd,NA,NA,csd,csd__csd_fp16_10e4__57efefbc2eaa3501,csd_fp16_10e4,10^4,10000,"x=[10000],y=[9000]",FP16,GPU,fft_thrust,compatibility/end-to-end,PASS,OK,20,100,47,2.767031,true,57efefbc2eaa350146575fe9f90d8de9a28d28e6a5892e9e5c44f701c72792e1,412373224ab3907578c582f022f067bb0ca9ad821f1833a690da7c22af39e999
1,20260809T145721Z_336d860e7e54_stage08_b06_formal_8613f005,formal,20260809T145721Z,336d860e7e54523d86fe3e59542fb9dc2569f98c,true,stage08_b06_csd_scales_v1,f34a8418b38bdb14cc081605a2640838095875661c115422e9623793c66e122b,operator,csd,NA,NA,csd,csd__csd_fp16_10e4__57efefbc2eaa3501,csd_fp16_10e4,10^4,10000,"x=[10000],y=[9000]",FP16,GPU,fft_thrust,compatibility/end-to-end,PASS,OK,20,100,48,2.764321,true,57efefbc2eaa350146575fe9f90d8de9a28d28e6a5892e9e5c44f701c72792e1,412373224ab3907578c582f022f067bb0ca9ad821f1833a690da7c22af39e999
1,20260809T145721Z_336d860e7e54_stage08_b06_formal_8613f005,formal,20260809T145721Z,336d860e7e54523d86fe3e59542fb9dc2569f98c,true,stage08_b06_csd_scales_v1,f34a8418b38bdb14cc081605a2640838095875661c115422e9623793c66e122b,operator,csd,NA,NA,csd,csd__csd_fp16_10e4__57efefbc2eaa3501,csd_fp16_10e4,10^4,10000,"x=[10000],y=[9000]",FP16,GPU,fft_thrust,compatibility/end-to-end,PASS,OK,20,100,49,2.760341,true,57efefbc2eaa350146575fe9f90d8de9a28d28e6a5892e9e5c44f701c72792e1,412373224ab3907578c582f022f067bb0ca9ad821f1833a690da7c22af39e999
1,20260809T145721Z_336d860e7e54_stage08_b06_formal_8613f005,formal,20260809T145721Z,336d860e7e54523d86fe3e59542fb9dc2569f98c,true,stage08_b06_csd_scales_v1,f34a8418b38bdb14cc081605a2640838095875661c115422e9623793c66e122b,operator,csd,NA,NA,csd,csd__csd_fp16_10e4__57efefbc2eaa3501,csd_fp16_10e4,10^4,10000,"x=[10000],y=[9000]",FP16,GPU,fft_thrust,compatibility/end-to-end,PASS,OK,20,100,50,2.773851,true,57efefbc2eaa350146575fe9f90d8de9a28d28e6a5892e9e5c44f701c72792e1,412373224ab3907578c582f022f067bb0ca9ad821f1833a690da7c22af39e999
1,20260809T145721Z_336d860e7e54_stage08_b06_formal_8613f005,formal,20260809T145721Z,336d860e7e54523d86fe3e59542fb9dc2569f98c,true,stage08_b06_csd_scales_v1,f34a8418b38bdb14cc081605a2640838095875661c115422e9623793c66e122b,operator,csd,NA,NA,csd,csd__csd_fp16_10e4__57efefbc2eaa3501,csd_fp16_10e4,10^4,10000,"x=[10000],y=[9000]",FP16,GPU,fft_thrust,compatibility/end-to-end,PASS,OK,20,100,51,2.771121,true,57efefbc2eaa350146575fe9f90d8de9a28d28e6a5892e9e5c44f701c72792e1,412373224ab3907578c582f022f067bb0ca9ad821f1833a690da7c22af39e999
1,20260809T145721Z_336d860e7e54_stage08_b06_formal_8613f005,formal,20260809T145721Z,336d860e7e54523d86fe3e59542fb9dc2569f98c,true,stage08_b06_csd_scales_v1,f34a8418b38bdb14cc081605a2640838095875661c115422e9623793c66e122b,operator,csd,NA,NA,csd,csd__csd_fp16_10e4__57efefbc2eaa3501,csd_fp16_10e4,10^4,10000,"x=[10000],y=[9000]",FP16,GPU,fft_thrust,compatibility/end-to-end,PASS,OK,20,100,52,2.780441,true,57efefbc2eaa350146575fe9f90d8de9a28d28e6a5892e9e5c44f701c72792e1,412373224ab3907578c582f022f067bb0ca9ad821f1833a690da7c22af39e999
1,20260809T145721Z_336d860e7e54_stage08_b06_formal_8613f005,formal,20260809T145721Z,336d860e7e54523d86fe3e59542fb9dc2569f98c,true,stage08_b06_csd_scales_v1,f34a8418b38bdb14cc081605a2640838095875661c115422e9623793c66e122b,operator,csd,NA,NA,csd,csd__csd_fp16_10e4__57efefbc2eaa3501,csd_fp16_10e4,10^4,10000,"x=[10000],y=[9000]",FP16,GPU,fft_thrust,compatibility/end-to-end,PASS,OK,20,100,53,2.794691,true,57efefbc2eaa350146575fe9f90d8de9a28d28e6a5892e9e5c44f701c72792e1,412373224ab3907578c582f022f067bb0ca9ad821f1833a690da7c22af39e999
1,20260809T145721Z_336d860e7e54_stage08_b06_formal_8613f005,formal,20260809T145721Z,336d860e7e54523d86fe3e59542fb9dc2569f98c,true,stage08_b06_csd_scales_v1,f34a8418b38bdb14cc081605a2640838095875661c115422e9623793c66e122b,operator,csd,NA,NA,csd,csd__csd_fp16_10e4__57efefbc2eaa3501,csd_fp16_10e4,10^4,10000,"x=[10000],y=[9000]",FP16,GPU,fft_thrust,compatibility/end-to-end,PASS,OK,20,100,54,2.771901,true,57efefbc2eaa350146575fe9f90d8de9a28d28e6a5892e9e5c44f701c72792e1,412373224ab3907578c582f022f067bb0ca9ad821f1833a690da7c22af39e999
1,20260809T145721Z_336d860e7e54_stage08_b06_formal_8613f005,formal,20260809T145721Z,336d860e7e54523d86fe3e59542fb9dc2569f98c,true,stage08_b06_csd_scales_v1,f34a8418b38bdb14cc081605a2640838095875661c115422e9623793c66e122b,operator,csd,NA,NA,csd,csd__csd_fp16_10e4__57efefbc2eaa3501,csd_fp16_10e4,10^4,10000,"x=[10000],y=[9000]",FP16,GPU,fft_thrust,compatibility/end-to-end,PASS,OK,20,100,55,2.780741,true,57efefbc2eaa350146575fe9f90d8de9a28d28e6a5892e9e5c44f701c72792e1,412373224ab3907578c582f022f067bb0ca9ad821f1833a690da7c22af39e999
1,20260809T145721Z_336d860e7e54_stage08_b06_formal_8613f005,formal,20260809T145721Z,336d860e7e54523d86fe3e59542fb9dc2569f98c,true,stage08_b06_csd_scales_v1,f34a8418b38bdb14cc081605a2640838095875661c115422e9623793c66e122b,operator,csd,NA,NA,csd,csd__csd_fp16_10e4__57efefbc2eaa3501,csd_fp16_10e4,10^4,10000,"x=[10000],y=[9000]",FP16,GPU,fft_thrust,compatibility/end-to-end,PASS,OK,20,100,56,2.916312,true,57efefbc2eaa350146575fe9f90d8de9a28d28e6a5892e9e5c44f701c72792e1,412373224ab3907578c582f022f067bb0ca9ad821f1833a690da7c22af39e999
1,20260809T145721Z_336d860e7e54_stage08_b06_formal_8613f005,formal,20260809T145721Z,336d860e7e54523d86fe3e59542fb9dc2569f98c,true,stage08_b06_csd_scales_v1,f34a8418b38bdb14cc081605a2640838095875661c115422e9623793c66e122b,operator,csd,NA,NA,csd,csd__csd_fp16_10e4__57efefbc2eaa3501,csd_fp16_10e4,10^4,10000,"x=[10000],y=[9000]",FP16,GPU,fft_thrust,compatibility/end-to-end,PASS,OK,20,100,57,2.77826,true,57efefbc2eaa350146575fe9f90d8de9a28d28e6a5892e9e5c44f701c72792e1,412373224ab3907578c582f022f067bb0ca9ad821f1833a690da7c22af39e999
1,20260809T145721Z_336d860e7e54_stage08_b06_formal_8613f005,formal,20260809T145721Z,336d860e7e54523d86fe3e59542fb9dc2569f98c,true,stage08_b06_csd_scales_v1,f34a8418b38bdb14cc081605a2640838095875661c115422e9623793c66e122b,operator,csd,NA,NA,csd,csd__csd_fp16_10e4__57efefbc2eaa3501,csd_fp16_10e4,10^4,10000,"x=[10000],y=[9000]",FP16,GPU,fft_thrust,compatibility/end-to-end,PASS,OK,20,100,58,2.779821,true,57efefbc2eaa350146575fe9f90d8de9a28d28e6a5892e9e5c44f701c72792e1,412373224ab3907578c582f022f067bb0ca9ad821f1833a690da7c22af39e999
1,20260809T145721Z_336d860e7e54_stage08_b06_formal_8613f005,formal,20260809T145721Z,336d860e7e54523d86fe3e59542fb9dc2569f98c,true,stage08_b06_csd_scales_v1,f34a8418b38bdb14cc081605a2640838095875661c115422e9623793c66e122b,operator,csd,NA,NA,csd,csd__csd_fp16_10e4__57efefbc2eaa3501,csd_fp16_10e4,10^4,10000,"x=[10000],y=[9000]",FP16,GPU,fft_thrust,compatibility/end-to-end,PASS,OK,20,100,59,2.776502,true,57efefbc2eaa350146575fe9f90d8de9a28d28e6a5892e9e5c44f701c72792e1,412373224ab3907578c582f022f067bb0ca9ad821f1833a690da7c22af39e999
1,20260809T145721Z_336d860e7e54_stage08_b06_formal_8613f005,formal,20260809T145721Z,336d860e7e54523d86fe3e59542fb9dc2569f98c,true,stage08_b06_csd_scales_v1,f34a8418b38bdb14cc081605a2640838095875661c115422e9623793c66e122b,operator,csd,NA,NA,csd,csd__csd_fp16_10e4__57efefbc2eaa3501,csd_fp16_10e4,10^4,10000,"x=[10000],y=[9000]",FP16,GPU,fft_thrust,compatibility/end-to-end,PASS,OK,20,100,60,2.772871,true,57efefbc2eaa350146575fe9f90d8de9a28d28e6a5892e9e5c44f701c72792e1,412373224ab3907578c582f022f067bb0ca9ad821f1833a690da7c22af39e999
1,20260809T145721Z_336d860e7e54_stage08_b06_formal_8613f005,formal,20260809T145721Z,336d860e7e54523d86fe3e59542fb9dc2569f98c,true,stage08_b06_csd_scales_v1,f34a8418b38bdb14cc081605a2640838095875661c115422e9623793c66e122b,operator,csd,NA,NA,csd,csd__csd_fp16_10e4__57efefbc2eaa3501,csd_fp16_10e4,10^4,10000,"x=[10000],y=[9000]",FP16,GPU,fft_thrust,compatibility/end-to-end,PASS,OK,20,100,61,2.838571,true,57efefbc2eaa350146575fe9f90d8de9a28d28e6a5892e9e5c44f701c72792e1,412373224ab3907578c582f022f067bb0ca9ad821f1833a690da7c22af39e999
1,20260809T145721Z_336d860e7e54_stage08_b06_formal_8613f005,formal,20260809T145721Z,336d860e7e54523d86fe3e59542fb9dc2569f98c,true,stage08_b06_csd_scales_v1,f34a8418b38bdb14cc081605a2640838095875661c115422e9623793c66e122b,operator,csd,NA,NA,csd,csd__csd_fp16_10e4__57efefbc2eaa3501,csd_fp16_10e4,10^4,10000,"x=[10000],y=[9000]",FP16,GPU,fft_thrust,compatibility/end-to-end,PASS,OK,20,100,62,2.765401,true,57efefbc2eaa350146575fe9f90d8de9a28d28e6a5892e9e5c44f701c72792e1,412373224ab3907578c582f022f067bb0ca9ad821f1833a690da7c22af39e999
1,20260809T145721Z_336d860e7e54_stage08_b06_formal_8613f005,formal,20260809T145721Z,336d860e7e54523d86fe3e59542fb9dc2569f98c,true,stage08_b06_csd_scales_v1,f34a8418b38bdb14cc081605a2640838095875661c115422e9623793c66e122b,operator,csd,NA,NA,csd,csd__csd_fp16_10e4__57efefbc2eaa3501,csd_fp16_10e4,10^4,10000,"x=[10000],y=[9000]",FP16,GPU,fft_thrust,compatibility/end-to-end,PASS,OK,20,100,63,2.768401,true,57efefbc2eaa350146575fe9f90d8de9a28d28e6a5892e9e5c44f701c72792e1,412373224ab3907578c582f022f067bb0ca9ad821f1833a690da7c22af39e999
1,20260809T145721Z_336d860e7e54_stage08_b06_formal_8613f005,formal,20260809T145721Z,336d860e7e54523d86fe3e59542fb9dc2569f98c,true,stage08_b06_csd_scales_v1,f34a8418b38bdb14cc081605a2640838095875661c115422e9623793c66e122b,operator,csd,NA,NA,csd,csd__csd_fp16_10e4__57efefbc2eaa3501,csd_fp16_10e4,10^4,10000,"x=[10000],y=[9000]",FP16,GPU,fft_thrust,compatibility/end-to-end,PASS,OK,20,100,64,2.771951,true,57efefbc2eaa350146575fe9f90d8de9a28d28e6a5892e9e5c44f701c72792e1,412373224ab3907578c582f022f067bb0ca9ad821f1833a690da7c22af39e999
1,20260809T145721Z_336d860e7e54_stage08_b06_formal_8613f005,formal,20260809T145721Z,336d860e7e54523d86fe3e59542fb9dc2569f98c,true,stage08_b06_csd_scales_v1,f34a8418b38bdb14cc081605a2640838095875661c115422e9623793c66e122b,operator,csd,NA,NA,csd,csd__csd_fp16_10e4__57efefbc2eaa3501,csd_fp16_10e4,10^4,10000,"x=[10000],y=[9000]",FP16,GPU,fft_thrust,compatibility/end-to-end,PASS,OK,20,100,65,2.768991,true,57efefbc2eaa350146575fe9f90d8de9a28d28e6a5892e9e5c44f701c72792e1,412373224ab3907578c582f022f067bb0ca9ad821f1833a690da7c22af39e999
1,20260809T145721Z_336d860e7e54_stage08_b06_formal_8613f005,formal,20260809T145721Z,336d860e7e54523d86fe3e59542fb9dc2569f98c,true,stage08_b06_csd_scales_v1,f34a8418b38bdb14cc081605a2640838095875661c115422e9623793c66e122b,operator,csd,NA,NA,csd,csd__csd_fp16_10e4__57efefbc2eaa3501,csd_fp16_10e4,10^4,10000,"x=[10000],y=[9000]",FP16,GPU,fft_thrust,compatibility/end-to-end,PASS,OK,20,100,66,2.775161,true,57efefbc2eaa350146575fe9f90d8de9a28d28e6a5892e9e5c44f701c72792e1,412373224ab3907578c582f022f067bb0ca9ad821f1833a690da7c22af39e999
1,20260809T145721Z_336d860e7e54_stage08_b06_formal_8613f005,formal,20260809T145721Z,336d860e7e54523d86fe3e59542fb9dc2569f98c,true,stage08_b06_csd_scales_v1,f34a8418b38bdb14cc081605a2640838095875661c115422e9623793c66e122b,operator,csd,NA,NA,csd,csd__csd_fp16_10e4__57efefbc2eaa3501,csd_fp16_10e4,10^4,10000,"x=[10000],y=[9000]",FP16,GPU,fft_thrust,compatibility/end-to-end,PASS,OK,20,100,67,2.783431,true,57efefbc2eaa350146575fe9f90d8de9a28d28e6a5892e9e5c44f701c72792e1,412373224ab3907578c582f022f067bb0ca9ad821f1833a690da7c22af39e999
1,20260809T145721Z_336d860e7e54_stage08_b06_formal_8613f005,formal,20260809T145721Z,336d860e7e54523d86fe3e59542fb9dc2569f98c,true,stage08_b06_csd_scales_v1,f34a8418b38bdb14cc081605a2640838095875661c115422e9623793c66e122b,operator,csd,NA,NA,csd,csd__csd_fp16_10e4__57efefbc2eaa3501,csd_fp16_10e4,10^4,10000,"x=[10000],y=[9000]",FP16,GPU,fft_thrust,compatibility/end-to-end,PASS,OK,20,100,68,2.791181,true,57efefbc2eaa350146575fe9f90d8de9a28d28e6a5892e9e5c44f701c72792e1,412373224ab3907578c582f022f067bb0ca9ad821f1833a690da7c22af39e999
1,20260809T145721Z_336d860e7e54_stage08_b06_formal_8613f005,formal,20260809T145721Z,336d860e7e54523d86fe3e59542fb9dc2569f98c,true,stage08_b06_csd_scales_v1,f34a8418b38bdb14cc081605a2640838095875661c115422e9623793c66e122b,operator,csd,NA,NA,csd,csd__csd_fp16_10e4__57efefbc2eaa3501,csd_fp16_10e4,10^4,10000,"x=[10000],y=[9000]",FP16,GPU,fft_thrust,compatibility/end-to-end,PASS,OK,20,100,69,2.779791,true,57efefbc2eaa350146575fe9f90d8de9a28d28e6a5892e9e5c44f701c72792e1,412373224ab3907578c582f022f067bb0ca9ad821f1833a690da7c22af39e999
1,20260809T145721Z_336d860e7e54_stage08_b06_formal_8613f005,formal,20260809T145721Z,336d860e7e54523d86fe3e59542fb9dc2569f98c,true,stage08_b06_csd_scales_v1,f34a8418b38bdb14cc081605a2640838095875661c115422e9623793c66e122b,operator,csd,NA,NA,csd,csd__csd_fp16_10e4__57efefbc2eaa3501,csd_fp16_10e4,10^4,10000,"x=[10000],y=[9000]",FP16,GPU,fft_thrust,compatibility/end-to-end,PASS,OK,20,100,70,2.915032,true,57efefbc2eaa350146575fe9f90d8de9a28d28e6a5892e9e5c44f701c72792e1,412373224ab3907578c582f022f067bb0ca9ad821f1833a690da7c22af39e999
1,20260809T145721Z_336d860e7e54_stage08_b06_formal_8613f005,formal,20260809T145721Z,336d860e7e54523d86fe3e59542fb9dc2569f98c,true,stage08_b06_csd_scales_v1,f34a8418b38bdb14cc081605a2640838095875661c115422e9623793c66e122b,operator,csd,NA,NA,csd,csd__csd_fp16_10e4__57efefbc2eaa3501,csd_fp16_10e4,10^4,10000,"x=[10000],y=[9000]",FP16,GPU,fft_thrust,compatibility/end-to-end,PASS,OK,20,100,71,2.780361,true,57efefbc2eaa350146575fe9f90d8de9a28d28e6a5892e9e5c44f701c72792e1,412373224ab3907578c582f022f067bb0ca9ad821f1833a690da7c22af39e999
1,20260809T145721Z_336d860e7e54_stage08_b06_formal_8613f005,formal,20260809T145721Z,336d860e7e54523d86fe3e59542fb9dc2569f98c,true,stage08_b06_csd_scales_v1,f34a8418b38bdb14cc081605a2640838095875661c115422e9623793c66e122b,operator,csd,NA,NA,csd,csd__csd_fp16_10e4__57efefbc2eaa3501,csd_fp16_10e4,10^4,10000,"x=[10000],y=[9000]",FP16,GPU,fft_thrust,compatibility/end-to-end,PASS,OK,20,100,72,2.777291,true,57efefbc2eaa350146575fe9f90d8de9a28d28e6a5892e9e5c44f701c72792e1,412373224ab3907578c582f022f067bb0ca9ad821f1833a690da7c22af39e999
1,20260809T145721Z_336d860e7e54_stage08_b06_formal_8613f005,formal,20260809T145721Z,336d860e7e54523d86fe3e59542fb9dc2569f98c,true,stage08_b06_csd_scales_v1,f34a8418b38bdb14cc081605a2640838095875661c115422e9623793c66e122b,operator,csd,NA,NA,csd,csd__csd_fp16_10e4__57efefbc2eaa3501,csd_fp16_10e4,10^4,10000,"x=[10000],y=[9000]",FP16,GPU,fft_thrust,compatibility/end-to-end,PASS,OK,20,100,73,2.797741,true,57efefbc2eaa350146575fe9f90d8de9a28d28e6a5892e9e5c44f701c72792e1,412373224ab3907578c582f022f067bb0ca9ad821f1833a690da7c22af39e999
1,20260809T145721Z_336d860e7e54_stage08_b06_formal_8613f005,formal,20260809T145721Z,336d860e7e54523d86fe3e59542fb9dc2569f98c,true,stage08_b06_csd_scales_v1,f34a8418b38bdb14cc081605a2640838095875661c115422e9623793c66e122b,operator,csd,NA,NA,csd,csd__csd_fp16_10e4__57efefbc2eaa3501,csd_fp16_10e4,10^4,10000,"x=[10000],y=[9000]",FP16,GPU,fft_thrust,compatibility/end-to-end,PASS,OK,20,100,74,2.786761,true,57efefbc2eaa350146575fe9f90d8de9a28d28e6a5892e9e5c44f701c72792e1,412373224ab3907578c582f022f067bb0ca9ad821f1833a690da7c22af39e999
1,20260809T145721Z_336d860e7e54_stage08_b06_formal_8613f005,formal,20260809T145721Z,336d860e7e54523d86fe3e59542fb9dc2569f98c,true,stage08_b06_csd_scales_v1,f34a8418b38bdb14cc081605a2640838095875661c115422e9623793c66e122b,operator,csd,NA,NA,csd,csd__csd_fp16_10e4__57efefbc2eaa3501,csd_fp16_10e4,10^4,10000,"x=[10000],y=[9000]",FP16,GPU,fft_thrust,compatibility/end-to-end,PASS,OK,20,100,75,2.871811,true,57efefbc2eaa350146575fe9f90d8de9a28d28e6a5892e9e5c44f701c72792e1,412373224ab3907578c582f022f067bb0ca9ad821f1833a690da7c22af39e999
1,20260809T145721Z_336d860e7e54_stage08_b06_formal_8613f005,formal,20260809T145721Z,336d860e7e54523d86fe3e59542fb9dc2569f98c,true,stage08_b06_csd_scales_v1,f34a8418b38bdb14cc081605a2640838095875661c115422e9623793c66e122b,operator,csd,NA,NA,csd,csd__csd_fp16_10e4__57efefbc2eaa3501,csd_fp16_10e4,10^4,10000,"x=[10000],y=[9000]",FP16,GPU,fft_thrust,compatibility/end-to-end,PASS,OK,20,100,76,2.839942,true,57efefbc2eaa350146575fe9f90d8de9a28d28e6a5892e9e5c44f701c72792e1,412373224ab3907578c582f022f067bb0ca9ad821f1833a690da7c22af39e999
1,20260809T145721Z_336d860e7e54_stage08_b06_formal_8613f005,formal,20260809T145721Z,336d860e7e54523d86fe3e59542fb9dc2569f98c,true,stage08_b06_csd_scales_v1,f34a8418b38bdb14cc081605a2640838095875661c115422e9623793c66e122b,operator,csd,NA,NA,csd,csd__csd_fp16_10e4__57efefbc2eaa3501,csd_fp16_10e4,10^4,10000,"x=[10000],y=[9000]",FP16,GPU,fft_thrust,compatibility/end-to-end,PASS,OK,20,100,77,2.840931,true,57efefbc2eaa350146575fe9f90d8de9a28d28e6a5892e9e5c44f701c72792e1,412373224ab3907578c582f022f067bb0ca9ad821f1833a690da7c22af39e999
1,20260809T145721Z_336d860e7e54_stage08_b06_formal_8613f005,formal,20260809T145721Z,336d860e7e54523d86fe3e59542fb9dc2569f98c,true,stage08_b06_csd_scales_v1,f34a8418b38bdb14cc081605a2640838095875661c115422e9623793c66e122b,operator,csd,NA,NA,csd,csd__csd_fp16_10e4__57efefbc2eaa3501,csd_fp16_10e4,10^4,10000,"x=[10000],y=[9000]",FP16,GPU,fft_thrust,compatibility/end-to-end,PASS,OK,20,100,78,2.854561,true,57efefbc2eaa350146575fe9f90d8de9a28d28e6a5892e9e5c44f701c72792e1,412373224ab3907578c582f022f067bb0ca9ad821f1833a690da7c22af39e999
1,20260809T145721Z_336d860e7e54_stage08_b06_formal_8613f005,formal,20260809T145721Z,336d860e7e54523d86fe3e59542fb9dc2569f98c,true,stage08_b06_csd_scales_v1,f34a8418b38bdb14cc081605a2640838095875661c115422e9623793c66e122b,operator,csd,NA,NA,csd,csd__csd_fp16_10e4__57efefbc2eaa3501,csd_fp16_10e4,10^4,10000,"x=[10000],y=[9000]",FP16,GPU,fft_thrust,compatibility/end-to-end,PASS,OK,20,100,79,2.829192,true,57efefbc2eaa350146575fe9f90d8de9a28d28e6a5892e9e5c44f701c72792e1,412373224ab3907578c582f022f067bb0ca9ad821f1833a690da7c22af39e999
1,20260809T145721Z_336d860e7e54_stage08_b06_formal_8613f005,formal,20260809T145721Z,336d860e7e54523d86fe3e59542fb9dc2569f98c,true,stage08_b06_csd_scales_v1,f34a8418b38bdb14cc081605a2640838095875661c115422e9623793c66e122b,operator,csd,NA,NA,csd,csd__csd_fp16_10e4__57efefbc2eaa3501,csd_fp16_10e4,10^4,10000,"x=[10000],y=[9000]",FP16,GPU,fft_thrust,compatibility/end-to-end,PASS,OK,20,100,80,2.865911,true,57efefbc2eaa350146575fe9f90d8de9a28d28e6a5892e9e5c44f701c72792e1,412373224ab3907578c582f022f067bb0ca9ad821f1833a690da7c22af39e999
1,20260809T145721Z_336d860e7e54_stage08_b06_formal_8613f005,formal,20260809T145721Z,336d860e7e54523d86fe3e59542fb9dc2569f98c,true,stage08_b06_csd_scales_v1,f34a8418b38bdb14cc081605a2640838095875661c115422e9623793c66e122b,operator,csd,NA,NA,csd,csd__csd_fp16_10e4__57efefbc2eaa3501,csd_fp16_10e4,10^4,10000,"x=[10000],y=[9000]",FP16,GPU,fft_thrust,compatibility/end-to-end,PASS,OK,20,100,81,2.863832,true,57efefbc2eaa350146575fe9f90d8de9a28d28e6a5892e9e5c44f701c72792e1,412373224ab3907578c582f022f067bb0ca9ad821f1833a690da7c22af39e999
1,20260809T145721Z_336d860e7e54_stage08_b06_formal_8613f005,formal,20260809T145721Z,336d860e7e54523d86fe3e59542fb9dc2569f98c,true,stage08_b06_csd_scales_v1,f34a8418b38bdb14cc081605a2640838095875661c115422e9623793c66e122b,operator,csd,NA,NA,csd,csd__csd_fp16_10e4__57efefbc2eaa3501,csd_fp16_10e4,10^4,10000,"x=[10000],y=[9000]",FP16,GPU,fft_thrust,compatibility/end-to-end,PASS,OK,20,100,82,2.915781,true,57efefbc2eaa350146575fe9f90d8de9a28d28e6a5892e9e5c44f701c72792e1,412373224ab3907578c582f022f067bb0ca9ad821f1833a690da7c22af39e999
1,20260809T145721Z_336d860e7e54_stage08_b06_formal_8613f005,formal,20260809T145721Z,336d860e7e54523d86fe3e59542fb9dc2569f98c,true,stage08_b06_csd_scales_v1,f34a8418b38bdb14cc081605a2640838095875661c115422e9623793c66e122b,operator,csd,NA,NA,csd,csd__csd_fp16_10e4__57efefbc2eaa3501,csd_fp16_10e4,10^4,10000,"x=[10000],y=[9000]",FP16,GPU,fft_thrust,compatibility/end-to-end,PASS,OK,20,100,83,2.806791,true,57efefbc2eaa350146575fe9f90d8de9a28d28e6a5892e9e5c44f701c72792e1,412373224ab3907578c582f022f067bb0ca9ad821f1833a690da7c22af39e999
1,20260809T145721Z_336d860e7e54_stage08_b06_formal_8613f005,formal,20260809T145721Z,336d860e7e54523d86fe3e59542fb9dc2569f98c,true,stage08_b06_csd_scales_v1,f34a8418b38bdb14cc081605a2640838095875661c115422e9623793c66e122b,operator,csd,NA,NA,csd,csd__csd_fp16_10e4__57efefbc2eaa3501,csd_fp16_10e4,10^4,10000,"x=[10000],y=[9000]",FP16,GPU,fft_thrust,compatibility/end-to-end,PASS,OK,20,100,84,3.009462,true,57efefbc2eaa350146575fe9f90d8de9a28d28e6a5892e9e5c44f701c72792e1,412373224ab3907578c582f022f067bb0ca9ad821f1833a690da7c22af39e999
1,20260809T145721Z_336d860e7e54_stage08_b06_formal_8613f005,formal,20260809T145721Z,336d860e7e54523d86fe3e59542fb9dc2569f98c,true,stage08_b06_csd_scales_v1,f34a8418b38bdb14cc081605a2640838095875661c115422e9623793c66e122b,operator,csd,NA,NA,csd,csd__csd_fp16_10e4__57efefbc2eaa3501,csd_fp16_10e4,10^4,10000,"x=[10000],y=[9000]",FP16,GPU,fft_thrust,compatibility/end-to-end,PASS,OK,20,100,85,2.867032,true,57efefbc2eaa350146575fe9f90d8de9a28d28e6a5892e9e5c44f701c72792e1,412373224ab3907578c582f022f067bb0ca9ad821f1833a690da7c22af39e999
1,20260809T145721Z_336d860e7e54_stage08_b06_formal_8613f005,formal,20260809T145721Z,336d860e7e54523d86fe3e59542fb9dc2569f98c,true,stage08_b06_csd_scales_v1,f34a8418b38bdb14cc081605a2640838095875661c115422e9623793c66e122b,operator,csd,NA,NA,csd,csd__csd_fp16_10e4__57efefbc2eaa3501,csd_fp16_10e4,10^4,10000,"x=[10000],y=[9000]",FP16,GPU,fft_thrust,compatibility/end-to-end,PASS,OK,20,100,86,2.819461,true,57efefbc2eaa350146575fe9f90d8de9a28d28e6a5892e9e5c44f701c72792e1,412373224ab3907578c582f022f067bb0ca9ad821f1833a690da7c22af39e999
1,20260809T145721Z_336d860e7e54_stage08_b06_formal_8613f005,formal,20260809T145721Z,336d860e7e54523d86fe3e59542fb9dc2569f98c,true,stage08_b06_csd_scales_v1,f34a8418b38bdb14cc081605a2640838095875661c115422e9623793c66e122b,operator,csd,NA,NA,csd,csd__csd_fp16_10e4__57efefbc2eaa3501,csd_fp16_10e4,10^4,10000,"x=[10000],y=[9000]",FP16,GPU,fft_thrust,compatibility/end-to-end,PASS,OK,20,100,87,2.839051,true,57efefbc2eaa350146575fe9f90d8de9a28d28e6a5892e9e5c44f701c72792e1,412373224ab3907578c582f022f067bb0ca9ad821f1833a690da7c22af39e999
1,20260809T145721Z_336d860e7e54_stage08_b06_formal_8613f005,formal,20260809T145721Z,336d860e7e54523d86fe3e59542fb9dc2569f98c,true,stage08_b06_csd_scales_v1,f34a8418b38bdb14cc081605a2640838095875661c115422e9623793c66e122b,operator,csd,NA,NA,csd,csd__csd_fp16_10e4__57efefbc2eaa3501,csd_fp16_10e4,10^4,10000,"x=[10000],y=[9000]",FP16,GPU,fft_thrust,compatibility/end-to-end,PASS,OK,20,100,88,2.833301,true,57efefbc2eaa350146575fe9f90d8de9a28d28e6a5892e9e5c44f701c72792e1,412373224ab3907578c582f022f067bb0ca9ad821f1833a690da7c22af39e999
1,20260809T145721Z_336d860e7e54_stage08_b06_formal_8613f005,formal,20260809T145721Z,336d860e7e54523d86fe3e59542fb9dc2569f98c,true,stage08_b06_csd_scales_v1,f34a8418b38bdb14cc081605a2640838095875661c115422e9623793c66e122b,operator,csd,NA,NA,csd,csd__csd_fp16_10e4__57efefbc2eaa3501,csd_fp16_10e4,10^4,10000,"x=[10000],y=[9000]",FP16,GPU,fft_thrust,compatibility/end-to-end,PASS,OK,20,100,89,2.851552,true,57efefbc2eaa350146575fe9f90d8de9a28d28e6a5892e9e5c44f701c72792e1,412373224ab3907578c582f022f067bb0ca9ad821f1833a690da7c22af39e999
1,20260809T145721Z_336d860e7e54_stage08_b06_formal_8613f005,formal,20260809T145721Z,336d860e7e54523d86fe3e59542fb9dc2569f98c,true,stage08_b06_csd_scales_v1,f34a8418b38bdb14cc081605a2640838095875661c115422e9623793c66e122b,operator,csd,NA,NA,csd,csd__csd_fp16_10e4__57efefbc2eaa3501,csd_fp16_10e4,10^4,10000,"x=[10000],y=[9000]",FP16,GPU,fft_thrust,compatibility/end-to-end,PASS,OK,20,100,90,2.827651,true,57efefbc2eaa350146575fe9f90d8de9a28d28e6a5892e9e5c44f701c72792e1,412373224ab3907578c582f022f067bb0ca9ad821f1833a690da7c22af39e999
1,20260809T145721Z_336d860e7e54_stage08_b06_formal_8613f005,formal,20260809T145721Z,336d860e7e54523d86fe3e59542fb9dc2569f98c,true,stage08_b06_csd_scales_v1,f34a8418b38bdb14cc081605a2640838095875661c115422e9623793c66e122b,operator,csd,NA,NA,csd,csd__csd_fp16_10e4__57efefbc2eaa3501,csd_fp16_10e4,10^4,10000,"x=[10000],y=[9000]",FP16,GPU,fft_thrust,compatibility/end-to-end,PASS,OK,20,100,91,2.792561,true,57efefbc2eaa350146575fe9f90d8de9a28d28e6a5892e9e5c44f701c72792e1,412373224ab3907578c582f022f067bb0ca9ad821f1833a690da7c22af39e999
1,20260809T145721Z_336d860e7e54_stage08_b06_formal_8613f005,formal,20260809T145721Z,336d860e7e54523d86fe3e59542fb9dc2569f98c,true,stage08_b06_csd_scales_v1,f34a8418b38bdb14cc081605a2640838095875661c115422e9623793c66e122b,operator,csd,NA,NA,csd,csd__csd_fp16_10e4__57efefbc2eaa3501,csd_fp16_10e4,10^4,10000,"x=[10000],y=[9000]",FP16,GPU,fft_thrust,compatibility/end-to-end,PASS,OK,20,100,92,2.792451,true,57efefbc2eaa350146575fe9f90d8de9a28d28e6a5892e9e5c44f701c72792e1,412373224ab3907578c582f022f067bb0ca9ad821f1833a690da7c22af39e999
1,20260809T145721Z_336d860e7e54_stage08_b06_formal_8613f005,formal,20260809T145721Z,336d860e7e54523d86fe3e59542fb9dc2569f98c,true,stage08_b06_csd_scales_v1,f34a8418b38bdb14cc081605a2640838095875661c115422e9623793c66e122b,operator,csd,NA,NA,csd,csd__csd_fp16_10e4__57efefbc2eaa3501,csd_fp16_10e4,10^4,10000,"x=[10000],y=[9000]",FP16,GPU,fft_thrust,compatibility/end-to-end,PASS,OK,20,100,93,2.795271,true,57efefbc2eaa350146575fe9f90d8de9a28d28e6a5892e9e5c44f701c72792e1,412373224ab3907578c582f022f067bb0ca9ad821f1833a690da7c22af39e999
1,20260809T145721Z_336d860e7e54_stage08_b06_formal_8613f005,formal,20260809T145721Z,336d860e7e54523d86fe3e59542fb9dc2569f98c,true,stage08_b06_csd_scales_v1,f34a8418b38bdb14cc081605a2640838095875661c115422e9623793c66e122b,operator,csd,NA,NA,csd,csd__csd_fp16_10e4__57efefbc2eaa3501,csd_fp16_10e4,10^4,10000,"x=[10000],y=[9000]",FP16,GPU,fft_thrust,compatibility/end-to-end,PASS,OK,20,100,94,2.802121,true,57efefbc2eaa350146575fe9f90d8de9a28d28e6a5892e9e5c44f701c72792e1,412373224ab3907578c582f022f067bb0ca9ad821f1833a690da7c22af39e999
1,20260809T145721Z_336d860e7e54_stage08_b06_formal_8613f005,formal,20260809T145721Z,336d860e7e54523d86fe3e59542fb9dc2569f98c,true,stage08_b06_csd_scales_v1,f34a8418b38bdb14cc081605a2640838095875661c115422e9623793c66e122b,operator,csd,NA,NA,csd,csd__csd_fp16_10e4__57efefbc2eaa3501,csd_fp16_10e4,10^4,10000,"x=[10000],y=[9000]",FP16,GPU,fft_thrust,compatibility/end-to-end,PASS,OK,20,100,95,2.795742,true,57efefbc2eaa350146575fe9f90d8de9a28d28e6a5892e9e5c44f701c72792e1,412373224ab3907578c582f022f067bb0ca9ad821f1833a690da7c22af39e999
1,20260809T145721Z_336d860e7e54_stage08_b06_formal_8613f005,formal,20260809T145721Z,336d860e7e54523d86fe3e59542fb9dc2569f98c,true,stage08_b06_csd_scales_v1,f34a8418b38bdb14cc081605a2640838095875661c115422e9623793c66e122b,operator,csd,NA,NA,csd,csd__csd_fp16_10e4__57efefbc2eaa3501,csd_fp16_10e4,10^4,10000,"x=[10000],y=[9000]",FP16,GPU,fft_thrust,compatibility/end-to-end,PASS,OK,20,100,96,2.802671,true,57efefbc2eaa350146575fe9f90d8de9a28d28e6a5892e9e5c44f701c72792e1,412373224ab3907578c582f022f067bb0ca9ad821f1833a690da7c22af39e999
1,20260809T145721Z_336d860e7e54_stage08_b06_formal_8613f005,formal,20260809T145721Z,336d860e7e54523d86fe3e59542fb9dc2569f98c,true,stage08_b06_csd_scales_v1,f34a8418b38bdb14cc081605a2640838095875661c115422e9623793c66e122b,operator,csd,NA,NA,csd,csd__csd_fp16_10e4__57efefbc2eaa3501,csd_fp16_10e4,10^4,10000,"x=[10000],y=[9000]",FP16,GPU,fft_thrust,compatibility/end-to-end,PASS,OK,20,100,97,2.867791,true,57efefbc2eaa350146575fe9f90d8de9a28d28e6a5892e9e5c44f701c72792e1,412373224ab3907578c582f022f067bb0ca9ad821f1833a690da7c22af39e999
1,20260809T145721Z_336d860e7e54_stage08_b06_formal_8613f005,formal,20260809T145721Z,336d860e7e54523d86fe3e59542fb9dc2569f98c,true,stage08_b06_csd_scales_v1,f34a8418b38bdb14cc081605a2640838095875661c115422e9623793c66e122b,operator,csd,NA,NA,csd,csd__csd_fp16_10e4__57efefbc2eaa3501,csd_fp16_10e4,10^4,10000,"x=[10000],y=[9000]",FP16,GPU,fft_thrust,compatibility/end-to-end,PASS,OK,20,100,98,2.917951,true,57efefbc2eaa350146575fe9f90d8de9a28d28e6a5892e9e5c44f701c72792e1,412373224ab3907578c582f022f067bb0ca9ad821f1833a690da7c22af39e999
1,20260809T145721Z_336d860e7e54_stage08_b06_formal_8613f005,formal,20260809T145721Z,336d860e7e54523d86fe3e59542fb9dc2569f98c,true,stage08_b06_csd_scales_v1,f34a8418b38bdb14cc081605a2640838095875661c115422e9623793c66e122b,operator,csd,NA,NA,csd,csd__csd_fp16_10e4__57efefbc2eaa3501,csd_fp16_10e4,10^4,10000,"x=[10000],y=[9000]",FP16,GPU,fft_thrust,compatibility/end-to-end,PASS,OK,20,100,99,2.820692,true,57efefbc2eaa350146575fe9f90d8de9a28d28e6a5892e9e5c44f701c72792e1,412373224ab3907578c582f022f067bb0ca9ad821f1833a690da7c22af39e999
