schema_version,run_id,run_type,test_time_utc,git_commit,git_dirty,config_id,config_sha256,target_kind,target,task_name,step_name,operator_name,case_id,scale_id,order_of_magnitude,actual_elements,input_shape,dtype,device,backend,timing_scope,status,error_code,warmup_runs,measured_runs,sample_index,latency_ms,synchronized,input_digest,output_digest
1,20260810T090001Z_9b01dadd36f6_stage08_b06_formal_8675000e,formal,20260810T090001Z,9b01dadd36f6bf7c926f41342d17d4ffb3011408,false,stage08_b06_vectorstrength_scales_v1,158931b39f6bda2d04c731f57069adf8a6a6563b4f70b8ff7cc07e7bfa63098f,operator,vectorstrength,NA,NA,vectorstrength,vectorstrength__vectorstrength_int8_10e4__69b202bdfd791cf6,vectorstrength_int8_10e4,10^4,10280,"events=[257],periods=[40]",INT8,CPU,not_applicable,compatibility/end-to-end,PASS,OK,20,100,0,0.519223,true,69b202bdfd791cf6731b53602d84bf4c1d604a2c84161274804b494e1e4de2f4,aac565e5ad19140b834d95371bc7286a22d2401ae58bc13e105ed6737a692054
1,20260810T090001Z_9b01dadd36f6_stage08_b06_formal_8675000e,formal,20260810T090001Z,9b01dadd36f6bf7c926f41342d17d4ffb3011408,false,stage08_b06_vectorstrength_scales_v1,158931b39f6bda2d04c731f57069adf8a6a6563b4f70b8ff7cc07e7bfa63098f,operator,vectorstrength,NA,NA,vectorstrength,vectorstrength__vectorstrength_int8_10e4__69b202bdfd791cf6,vectorstrength_int8_10e4,10^4,10280,"events=[257],periods=[40]",INT8,CPU,not_applicable,compatibility/end-to-end,PASS,OK,20,100,1,0.510403,true,69b202bdfd791cf6731b53602d84bf4c1d604a2c84161274804b494e1e4de2f4,aac565e5ad19140b834d95371bc7286a22d2401ae58bc13e105ed6737a692054
1,20260810T090001Z_9b01dadd36f6_stage08_b06_formal_8675000e,formal,20260810T090001Z,9b01dadd36f6bf7c926f41342d17d4ffb3011408,false,stage08_b06_vectorstrength_scales_v1,158931b39f6bda2d04c731f57069adf8a6a6563b4f70b8ff7cc07e7bfa63098f,operator,vectorstrength,NA,NA,vectorstrength,vectorstrength__vectorstrength_int8_10e4__69b202bdfd791cf6,vectorstrength_int8_10e4,10^4,10280,"events=[257],periods=[40]",INT8,CPU,not_applicable,compatibility/end-to-end,PASS,OK,20,100,2,0.510353,true,69b202bdfd791cf6731b53602d84bf4c1d604a2c84161274804b494e1e4de2f4,aac565e5ad19140b834d95371bc7286a22d2401ae58bc13e105ed6737a692054
1,20260810T090001Z_9b01dadd36f6_stage08_b06_formal_8675000e,formal,20260810T090001Z,9b01dadd36f6bf7c926f41342d17d4ffb3011408,false,stage08_b06_vectorstrength_scales_v1,158931b39f6bda2d04c731f57069adf8a6a6563b4f70b8ff7cc07e7bfa63098f,operator,vectorstrength,NA,NA,vectorstrength,vectorstrength__vectorstrength_int8_10e4__69b202bdfd791cf6,vectorstrength_int8_10e4,10^4,10280,"events=[257],periods=[40]",INT8,CPU,not_applicable,compatibility/end-to-end,PASS,OK,20,100,3,0.510633,true,69b202bdfd791cf6731b53602d84bf4c1d604a2c84161274804b494e1e4de2f4,aac565e5ad19140b834d95371bc7286a22d2401ae58bc13e105ed6737a692054
1,20260810T090001Z_9b01dadd36f6_stage08_b06_formal_8675000e,formal,20260810T090001Z,9b01dadd36f6bf7c926f41342d17d4ffb3011408,false,stage08_b06_vectorstrength_scales_v1,158931b39f6bda2d04c731f57069adf8a6a6563b4f70b8ff7cc07e7bfa63098f,operator,vectorstrength,NA,NA,vectorstrength,vectorstrength__vectorstrength_int8_10e4__69b202bdfd791cf6,vectorstrength_int8_10e4,10^4,10280,"events=[257],periods=[40]",INT8,CPU,not_applicable,compatibility/end-to-end,PASS,OK,20,100,4,0.509543,true,69b202bdfd791cf6731b53602d84bf4c1d604a2c84161274804b494e1e4de2f4,aac565e5ad19140b834d95371bc7286a22d2401ae58bc13e105ed6737a692054
1,20260810T090001Z_9b01dadd36f6_stage08_b06_formal_8675000e,formal,20260810T090001Z,9b01dadd36f6bf7c926f41342d17d4ffb3011408,false,stage08_b06_vectorstrength_scales_v1,158931b39f6bda2d04c731f57069adf8a6a6563b4f70b8ff7cc07e7bfa63098f,operator,vectorstrength,NA,NA,vectorstrength,vectorstrength__vectorstrength_int8_10e4__69b202bdfd791cf6,vectorstrength_int8_10e4,10^4,10280,"events=[257],periods=[40]",INT8,CPU,not_applicable,compatibility/end-to-end,PASS,OK,20,100,5,0.510782,true,69b202bdfd791cf6731b53602d84bf4c1d604a2c84161274804b494e1e4de2f4,aac565e5ad19140b834d95371bc7286a22d2401ae58bc13e105ed6737a692054
1,20260810T090001Z_9b01dadd36f6_stage08_b06_formal_8675000e,formal,20260810T090001Z,9b01dadd36f6bf7c926f41342d17d4ffb3011408,false,stage08_b06_vectorstrength_scales_v1,158931b39f6bda2d04c731f57069adf8a6a6563b4f70b8ff7cc07e7bfa63098f,operator,vectorstrength,NA,NA,vectorstrength,vectorstrength__vectorstrength_int8_10e4__69b202bdfd791cf6,vectorstrength_int8_10e4,10^4,10280,"events=[257],periods=[40]",INT8,CPU,not_applicable,compatibility/end-to-end,PASS,OK,20,100,6,0.510833,true,69b202bdfd791cf6731b53602d84bf4c1d604a2c84161274804b494e1e4de2f4,aac565e5ad19140b834d95371bc7286a22d2401ae58bc13e105ed6737a692054
1,20260810T090001Z_9b01dadd36f6_stage08_b06_formal_8675000e,formal,20260810T090001Z,9b01dadd36f6bf7c926f41342d17d4ffb3011408,false,stage08_b06_vectorstrength_scales_v1,158931b39f6bda2d04c731f57069adf8a6a6563b4f70b8ff7cc07e7bfa63098f,operator,vectorstrength,NA,NA,vectorstrength,vectorstrength__vectorstrength_int8_10e4__69b202bdfd791cf6,vectorstrength_int8_10e4,10^4,10280,"events=[257],periods=[40]",INT8,CPU,not_applicable,compatibility/end-to-end,PASS,OK,20,100,7,0.510033,true,69b202bdfd791cf6731b53602d84bf4c1d604a2c84161274804b494e1e4de2f4,aac565e5ad19140b834d95371bc7286a22d2401ae58bc13e105ed6737a692054
1,20260810T090001Z_9b01dadd36f6_stage08_b06_formal_8675000e,formal,20260810T090001Z,9b01dadd36f6bf7c926f41342d17d4ffb3011408,false,stage08_b06_vectorstrength_scales_v1,158931b39f6bda2d04c731f57069adf8a6a6563b4f70b8ff7cc07e7bfa63098f,operator,vectorstrength,NA,NA,vectorstrength,vectorstrength__vectorstrength_int8_10e4__69b202bdfd791cf6,vectorstrength_int8_10e4,10^4,10280,"events=[257],periods=[40]",INT8,CPU,not_applicable,compatibility/end-to-end,PASS,OK,20,100,8,0.518523,true,69b202bdfd791cf6731b53602d84bf4c1d604a2c84161274804b494e1e4de2f4,aac565e5ad19140b834d95371bc7286a22d2401ae58bc13e105ed6737a692054
1,20260810T090001Z_9b01dadd36f6_stage08_b06_formal_8675000e,formal,20260810T090001Z,9b01dadd36f6bf7c926f41342d17d4ffb3011408,false,stage08_b06_vectorstrength_scales_v1,158931b39f6bda2d04c731f57069adf8a6a6563b4f70b8ff7cc07e7bfa63098f,operator,vectorstrength,NA,NA,vectorstrength,vectorstrength__vectorstrength_int8_10e4__69b202bdfd791cf6,vectorstrength_int8_10e4,10^4,10280,"events=[257],periods=[40]",INT8,CPU,not_applicable,compatibility/end-to-end,PASS,OK,20,100,9,0.510873,true,69b202bdfd791cf6731b53602d84bf4c1d604a2c84161274804b494e1e4de2f4,aac565e5ad19140b834d95371bc7286a22d2401ae58bc13e105ed6737a692054
1,20260810T090001Z_9b01dadd36f6_stage08_b06_formal_8675000e,formal,20260810T090001Z,9b01dadd36f6bf7c926f41342d17d4ffb3011408,false,stage08_b06_vectorstrength_scales_v1,158931b39f6bda2d04c731f57069adf8a6a6563b4f70b8ff7cc07e7bfa63098f,operator,vectorstrength,NA,NA,vectorstrength,vectorstrength__vectorstrength_int8_10e4__69b202bdfd791cf6,vectorstrength_int8_10e4,10^4,10280,"events=[257],periods=[40]",INT8,CPU,not_applicable,compatibility/end-to-end,PASS,OK,20,100,10,0.510082,true,69b202bdfd791cf6731b53602d84bf4c1d604a2c84161274804b494e1e4de2f4,aac565e5ad19140b834d95371bc7286a22d2401ae58bc13e105ed6737a692054
1,20260810T090001Z_9b01dadd36f6_stage08_b06_formal_8675000e,formal,20260810T090001Z,9b01dadd36f6bf7c926f41342d17d4ffb3011408,false,stage08_b06_vectorstrength_scales_v1,158931b39f6bda2d04c731f57069adf8a6a6563b4f70b8ff7cc07e7bfa63098f,operator,vectorstrength,NA,NA,vectorstrength,vectorstrength__vectorstrength_int8_10e4__69b202bdfd791cf6,vectorstrength_int8_10e4,10^4,10280,"events=[257],periods=[40]",INT8,CPU,not_applicable,compatibility/end-to-end,PASS,OK,20,100,11,0.510533,true,69b202bdfd791cf6731b53602d84bf4c1d604a2c84161274804b494e1e4de2f4,aac565e5ad19140b834d95371bc7286a22d2401ae58bc13e105ed6737a692054
1,20260810T090001Z_9b01dadd36f6_stage08_b06_formal_8675000e,formal,20260810T090001Z,9b01dadd36f6bf7c926f41342d17d4ffb3011408,false,stage08_b06_vectorstrength_scales_v1,158931b39f6bda2d04c731f57069adf8a6a6563b4f70b8ff7cc07e7bfa63098f,operator,vectorstrength,NA,NA,vectorstrength,vectorstrength__vectorstrength_int8_10e4__69b202bdfd791cf6,vectorstrength_int8_10e4,10^4,10280,"events=[257],periods=[40]",INT8,CPU,not_applicable,compatibility/end-to-end,PASS,OK,20,100,12,0.510363,true,69b202bdfd791cf6731b53602d84bf4c1d604a2c84161274804b494e1e4de2f4,aac565e5ad19140b834d95371bc7286a22d2401ae58bc13e105ed6737a692054
1,20260810T090001Z_9b01dadd36f6_stage08_b06_formal_8675000e,formal,20260810T090001Z,9b01dadd36f6bf7c926f41342d17d4ffb3011408,false,stage08_b06_vectorstrength_scales_v1,158931b39f6bda2d04c731f57069adf8a6a6563b4f70b8ff7cc07e7bfa63098f,operator,vectorstrength,NA,NA,vectorstrength,vectorstrength__vectorstrength_int8_10e4__69b202bdfd791cf6,vectorstrength_int8_10e4,10^4,10280,"events=[257],periods=[40]",INT8,CPU,not_applicable,compatibility/end-to-end,PASS,OK,20,100,13,0.509822,true,69b202bdfd791cf6731b53602d84bf4c1d604a2c84161274804b494e1e4de2f4,aac565e5ad19140b834d95371bc7286a22d2401ae58bc13e105ed6737a692054
1,20260810T090001Z_9b01dadd36f6_stage08_b06_formal_8675000e,formal,20260810T090001Z,9b01dadd36f6bf7c926f41342d17d4ffb3011408,false,stage08_b06_vectorstrength_scales_v1,158931b39f6bda2d04c731f57069adf8a6a6563b4f70b8ff7cc07e7bfa63098f,operator,vectorstrength,NA,NA,vectorstrength,vectorstrength__vectorstrength_int8_10e4__69b202bdfd791cf6,vectorstrength_int8_10e4,10^4,10280,"events=[257],periods=[40]",INT8,CPU,not_applicable,compatibility/end-to-end,PASS,OK,20,100,14,0.510033,true,69b202bdfd791cf6731b53602d84bf4c1d604a2c84161274804b494e1e4de2f4,aac565e5ad19140b834d95371bc7286a22d2401ae58bc13e105ed6737a692054
1,20260810T090001Z_9b01dadd36f6_stage08_b06_formal_8675000e,formal,20260810T090001Z,9b01dadd36f6bf7c926f41342d17d4ffb3011408,false,stage08_b06_vectorstrength_scales_v1,158931b39f6bda2d04c731f57069adf8a6a6563b4f70b8ff7cc07e7bfa63098f,operator,vectorstrength,NA,NA,vectorstrength,vectorstrength__vectorstrength_int8_10e4__69b202bdfd791cf6,vectorstrength_int8_10e4,10^4,10280,"events=[257],periods=[40]",INT8,CPU,not_applicable,compatibility/end-to-end,PASS,OK,20,100,15,0.510063,true,69b202bdfd791cf6731b53602d84bf4c1d604a2c84161274804b494e1e4de2f4,aac565e5ad19140b834d95371bc7286a22d2401ae58bc13e105ed6737a692054
1,20260810T090001Z_9b01dadd36f6_stage08_b06_formal_8675000e,formal,20260810T090001Z,9b01dadd36f6bf7c926f41342d17d4ffb3011408,false,stage08_b06_vectorstrength_scales_v1,158931b39f6bda2d04c731f57069adf8a6a6563b4f70b8ff7cc07e7bfa63098f,operator,vectorstrength,NA,NA,vectorstrength,vectorstrength__vectorstrength_int8_10e4__69b202bdfd791cf6,vectorstrength_int8_10e4,10^4,10280,"events=[257],periods=[40]",INT8,CPU,not_applicable,compatibility/end-to-end,PASS,OK,20,100,16,0.520793,true,69b202bdfd791cf6731b53602d84bf4c1d604a2c84161274804b494e1e4de2f4,aac565e5ad19140b834d95371bc7286a22d2401ae58bc13e105ed6737a692054
1,20260810T090001Z_9b01dadd36f6_stage08_b06_formal_8675000e,formal,20260810T090001Z,9b01dadd36f6bf7c926f41342d17d4ffb3011408,false,stage08_b06_vectorstrength_scales_v1,158931b39f6bda2d04c731f57069adf8a6a6563b4f70b8ff7cc07e7bfa63098f,operator,vectorstrength,NA,NA,vectorstrength,vectorstrength__vectorstrength_int8_10e4__69b202bdfd791cf6,vectorstrength_int8_10e4,10^4,10280,"events=[257],periods=[40]",INT8,CPU,not_applicable,compatibility/end-to-end,PASS,OK,20,100,17,0.510462,true,69b202bdfd791cf6731b53602d84bf4c1d604a2c84161274804b494e1e4de2f4,aac565e5ad19140b834d95371bc7286a22d2401ae58bc13e105ed6737a692054
1,20260810T090001Z_9b01dadd36f6_stage08_b06_formal_8675000e,formal,20260810T090001Z,9b01dadd36f6bf7c926f41342d17d4ffb3011408,false,stage08_b06_vectorstrength_scales_v1,158931b39f6bda2d04c731f57069adf8a6a6563b4f70b8ff7cc07e7bfa63098f,operator,vectorstrength,NA,NA,vectorstrength,vectorstrength__vectorstrength_int8_10e4__69b202bdfd791cf6,vectorstrength_int8_10e4,10^4,10280,"events=[257],periods=[40]",INT8,CPU,not_applicable,compatibility/end-to-end,PASS,OK,20,100,18,0.510293,true,69b202bdfd791cf6731b53602d84bf4c1d604a2c84161274804b494e1e4de2f4,aac565e5ad19140b834d95371bc7286a22d2401ae58bc13e105ed6737a692054
1,20260810T090001Z_9b01dadd36f6_stage08_b06_formal_8675000e,formal,20260810T090001Z,9b01dadd36f6bf7c926f41342d17d4ffb3011408,false,stage08_b06_vectorstrength_scales_v1,158931b39f6bda2d04c731f57069adf8a6a6563b4f70b8ff7cc07e7bfa63098f,operator,vectorstrength,NA,NA,vectorstrength,vectorstrength__vectorstrength_int8_10e4__69b202bdfd791cf6,vectorstrength_int8_10e4,10^4,10280,"events=[257],periods=[40]",INT8,CPU,not_applicable,compatibility/end-to-end,PASS,OK,20,100,19,0.509993,true,69b202bdfd791cf6731b53602d84bf4c1d604a2c84161274804b494e1e4de2f4,aac565e5ad19140b834d95371bc7286a22d2401ae58bc13e105ed6737a692054
1,20260810T090001Z_9b01dadd36f6_stage08_b06_formal_8675000e,formal,20260810T090001Z,9b01dadd36f6bf7c926f41342d17d4ffb3011408,false,stage08_b06_vectorstrength_scales_v1,158931b39f6bda2d04c731f57069adf8a6a6563b4f70b8ff7cc07e7bfa63098f,operator,vectorstrength,NA,NA,vectorstrength,vectorstrength__vectorstrength_int8_10e4__69b202bdfd791cf6,vectorstrength_int8_10e4,10^4,10280,"events=[257],periods=[40]",INT8,CPU,not_applicable,compatibility/end-to-end,PASS,OK,20,100,20,0.510233,true,69b202bdfd791cf6731b53602d84bf4c1d604a2c84161274804b494e1e4de2f4,aac565e5ad19140b834d95371bc7286a22d2401ae58bc13e105ed6737a692054
1,20260810T090001Z_9b01dadd36f6_stage08_b06_formal_8675000e,formal,20260810T090001Z,9b01dadd36f6bf7c926f41342d17d4ffb3011408,false,stage08_b06_vectorstrength_scales_v1,158931b39f6bda2d04c731f57069adf8a6a6563b4f70b8ff7cc07e7bfa63098f,operator,vectorstrength,NA,NA,vectorstrength,vectorstrength__vectorstrength_int8_10e4__69b202bdfd791cf6,vectorstrength_int8_10e4,10^4,10280,"events=[257],periods=[40]",INT8,CPU,not_applicable,compatibility/end-to-end,PASS,OK,20,100,21,0.510652,true,69b202bdfd791cf6731b53602d84bf4c1d604a2c84161274804b494e1e4de2f4,aac565e5ad19140b834d95371bc7286a22d2401ae58bc13e105ed6737a692054
1,20260810T090001Z_9b01dadd36f6_stage08_b06_formal_8675000e,formal,20260810T090001Z,9b01dadd36f6bf7c926f41342d17d4ffb3011408,false,stage08_b06_vectorstrength_scales_v1,158931b39f6bda2d04c731f57069adf8a6a6563b4f70b8ff7cc07e7bfa63098f,operator,vectorstrength,NA,NA,vectorstrength,vectorstrength__vectorstrength_int8_10e4__69b202bdfd791cf6,vectorstrength_int8_10e4,10^4,10280,"events=[257],periods=[40]",INT8,CPU,not_applicable,compatibility/end-to-end,PASS,OK,20,100,22,0.510443,true,69b202bdfd791cf6731b53602d84bf4c1d604a2c84161274804b494e1e4de2f4,aac565e5ad19140b834d95371bc7286a22d2401ae58bc13e105ed6737a692054
1,20260810T090001Z_9b01dadd36f6_stage08_b06_formal_8675000e,formal,20260810T090001Z,9b01dadd36f6bf7c926f41342d17d4ffb3011408,false,stage08_b06_vectorstrength_scales_v1,158931b39f6bda2d04c731f57069adf8a6a6563b4f70b8ff7cc07e7bfa63098f,operator,vectorstrength,NA,NA,vectorstrength,vectorstrength__vectorstrength_int8_10e4__69b202bdfd791cf6,vectorstrength_int8_10e4,10^4,10280,"events=[257],periods=[40]",INT8,CPU,not_applicable,compatibility/end-to-end,PASS,OK,20,100,23,0.518693,true,69b202bdfd791cf6731b53602d84bf4c1d604a2c84161274804b494e1e4de2f4,aac565e5ad19140b834d95371bc7286a22d2401ae58bc13e105ed6737a692054
1,20260810T090001Z_9b01dadd36f6_stage08_b06_formal_8675000e,formal,20260810T090001Z,9b01dadd36f6bf7c926f41342d17d4ffb3011408,false,stage08_b06_vectorstrength_scales_v1,158931b39f6bda2d04c731f57069adf8a6a6563b4f70b8ff7cc07e7bfa63098f,operator,vectorstrength,NA,NA,vectorstrength,vectorstrength__vectorstrength_int8_10e4__69b202bdfd791cf6,vectorstrength_int8_10e4,10^4,10280,"events=[257],periods=[40]",INT8,CPU,not_applicable,compatibility/end-to-end,PASS,OK,20,100,24,0.510003,true,69b202bdfd791cf6731b53602d84bf4c1d604a2c84161274804b494e1e4de2f4,aac565e5ad19140b834d95371bc7286a22d2401ae58bc13e105ed6737a692054
1,20260810T090001Z_9b01dadd36f6_stage08_b06_formal_8675000e,formal,20260810T090001Z,9b01dadd36f6bf7c926f41342d17d4ffb3011408,false,stage08_b06_vectorstrength_scales_v1,158931b39f6bda2d04c731f57069adf8a6a6563b4f70b8ff7cc07e7bfa63098f,operator,vectorstrength,NA,NA,vectorstrength,vectorstrength__vectorstrength_int8_10e4__69b202bdfd791cf6,vectorstrength_int8_10e4,10^4,10280,"events=[257],periods=[40]",INT8,CPU,not_applicable,compatibility/end-to-end,PASS,OK,20,100,25,0.510233,true,69b202bdfd791cf6731b53602d84bf4c1d604a2c84161274804b494e1e4de2f4,aac565e5ad19140b834d95371bc7286a22d2401ae58bc13e105ed6737a692054
1,20260810T090001Z_9b01dadd36f6_stage08_b06_formal_8675000e,formal,20260810T090001Z,9b01dadd36f6bf7c926f41342d17d4ffb3011408,false,stage08_b06_vectorstrength_scales_v1,158931b39f6bda2d04c731f57069adf8a6a6563b4f70b8ff7cc07e7bfa63098f,operator,vectorstrength,NA,NA,vectorstrength,vectorstrength__vectorstrength_int8_10e4__69b202bdfd791cf6,vectorstrength_int8_10e4,10^4,10280,"events=[257],periods=[40]",INT8,CPU,not_applicable,compatibility/end-to-end,PASS,OK,20,100,26,0.509892,true,69b202bdfd791cf6731b53602d84bf4c1d604a2c84161274804b494e1e4de2f4,aac565e5ad19140b834d95371bc7286a22d2401ae58bc13e105ed6737a692054
1,20260810T090001Z_9b01dadd36f6_stage08_b06_formal_8675000e,formal,20260810T090001Z,9b01dadd36f6bf7c926f41342d17d4ffb3011408,false,stage08_b06_vectorstrength_scales_v1,158931b39f6bda2d04c731f57069adf8a6a6563b4f70b8ff7cc07e7bfa63098f,operator,vectorstrength,NA,NA,vectorstrength,vectorstrength__vectorstrength_int8_10e4__69b202bdfd791cf6,vectorstrength_int8_10e4,10^4,10280,"events=[257],periods=[40]",INT8,CPU,not_applicable,compatibility/end-to-end,PASS,OK,20,100,27,0.510313,true,69b202bdfd791cf6731b53602d84bf4c1d604a2c84161274804b494e1e4de2f4,aac565e5ad19140b834d95371bc7286a22d2401ae58bc13e105ed6737a692054
1,20260810T090001Z_9b01dadd36f6_stage08_b06_formal_8675000e,formal,20260810T090001Z,9b01dadd36f6bf7c926f41342d17d4ffb3011408,false,stage08_b06_vectorstrength_scales_v1,158931b39f6bda2d04c731f57069adf8a6a6563b4f70b8ff7cc07e7bfa63098f,operator,vectorstrength,NA,NA,vectorstrength,vectorstrength__vectorstrength_int8_10e4__69b202bdfd791cf6,vectorstrength_int8_10e4,10^4,10280,"events=[257],periods=[40]",INT8,CPU,not_applicable,compatibility/end-to-end,PASS,OK,20,100,28,0.510073,true,69b202bdfd791cf6731b53602d84bf4c1d604a2c84161274804b494e1e4de2f4,aac565e5ad19140b834d95371bc7286a22d2401ae58bc13e105ed6737a692054
1,20260810T090001Z_9b01dadd36f6_stage08_b06_formal_8675000e,formal,20260810T090001Z,9b01dadd36f6bf7c926f41342d17d4ffb3011408,false,stage08_b06_vectorstrength_scales_v1,158931b39f6bda2d04c731f57069adf8a6a6563b4f70b8ff7cc07e7bfa63098f,operator,vectorstrength,NA,NA,vectorstrength,vectorstrength__vectorstrength_int8_10e4__69b202bdfd791cf6,vectorstrength_int8_10e4,10^4,10280,"events=[257],periods=[40]",INT8,CPU,not_applicable,compatibility/end-to-end,PASS,OK,20,100,29,0.509953,true,69b202bdfd791cf6731b53602d84bf4c1d604a2c84161274804b494e1e4de2f4,aac565e5ad19140b834d95371bc7286a22d2401ae58bc13e105ed6737a692054
1,20260810T090001Z_9b01dadd36f6_stage08_b06_formal_8675000e,formal,20260810T090001Z,9b01dadd36f6bf7c926f41342d17d4ffb3011408,false,stage08_b06_vectorstrength_scales_v1,158931b39f6bda2d04c731f57069adf8a6a6563b4f70b8ff7cc07e7bfa63098f,operator,vectorstrength,NA,NA,vectorstrength,vectorstrength__vectorstrength_int8_10e4__69b202bdfd791cf6,vectorstrength_int8_10e4,10^4,10280,"events=[257],periods=[40]",INT8,CPU,not_applicable,compatibility/end-to-end,PASS,OK,20,100,30,0.510493,true,69b202bdfd791cf6731b53602d84bf4c1d604a2c84161274804b494e1e4de2f4,aac565e5ad19140b834d95371bc7286a22d2401ae58bc13e105ed6737a692054
1,20260810T090001Z_9b01dadd36f6_stage08_b06_formal_8675000e,formal,20260810T090001Z,9b01dadd36f6bf7c926f41342d17d4ffb3011408,false,stage08_b06_vectorstrength_scales_v1,158931b39f6bda2d04c731f57069adf8a6a6563b4f70b8ff7cc07e7bfa63098f,operator,vectorstrength,NA,NA,vectorstrength,vectorstrength__vectorstrength_int8_10e4__69b202bdfd791cf6,vectorstrength_int8_10e4,10^4,10280,"events=[257],periods=[40]",INT8,CPU,not_applicable,compatibility/end-to-end,PASS,OK,20,100,31,0.520702,true,69b202bdfd791cf6731b53602d84bf4c1d604a2c84161274804b494e1e4de2f4,aac565e5ad19140b834d95371bc7286a22d2401ae58bc13e105ed6737a692054
1,20260810T090001Z_9b01dadd36f6_stage08_b06_formal_8675000e,formal,20260810T090001Z,9b01dadd36f6bf7c926f41342d17d4ffb3011408,false,stage08_b06_vectorstrength_scales_v1,158931b39f6bda2d04c731f57069adf8a6a6563b4f70b8ff7cc07e7bfa63098f,operator,vectorstrength,NA,NA,vectorstrength,vectorstrength__vectorstrength_int8_10e4__69b202bdfd791cf6,vectorstrength_int8_10e4,10^4,10280,"events=[257],periods=[40]",INT8,CPU,not_applicable,compatibility/end-to-end,PASS,OK,20,100,32,0.510253,true,69b202bdfd791cf6731b53602d84bf4c1d604a2c84161274804b494e1e4de2f4,aac565e5ad19140b834d95371bc7286a22d2401ae58bc13e105ed6737a692054
1,20260810T090001Z_9b01dadd36f6_stage08_b06_formal_8675000e,formal,20260810T090001Z,9b01dadd36f6bf7c926f41342d17d4ffb3011408,false,stage08_b06_vectorstrength_scales_v1,158931b39f6bda2d04c731f57069adf8a6a6563b4f70b8ff7cc07e7bfa63098f,operator,vectorstrength,NA,NA,vectorstrength,vectorstrength__vectorstrength_int8_10e4__69b202bdfd791cf6,vectorstrength_int8_10e4,10^4,10280,"events=[257],periods=[40]",INT8,CPU,not_applicable,compatibility/end-to-end,PASS,OK,20,100,33,0.510303,true,69b202bdfd791cf6731b53602d84bf4c1d604a2c84161274804b494e1e4de2f4,aac565e5ad19140b834d95371bc7286a22d2401ae58bc13e105ed6737a692054
1,20260810T090001Z_9b01dadd36f6_stage08_b06_formal_8675000e,formal,20260810T090001Z,9b01dadd36f6bf7c926f41342d17d4ffb3011408,false,stage08_b06_vectorstrength_scales_v1,158931b39f6bda2d04c731f57069adf8a6a6563b4f70b8ff7cc07e7bfa63098f,operator,vectorstrength,NA,NA,vectorstrength,vectorstrength__vectorstrength_int8_10e4__69b202bdfd791cf6,vectorstrength_int8_10e4,10^4,10280,"events=[257],periods=[40]",INT8,CPU,not_applicable,compatibility/end-to-end,PASS,OK,20,100,34,0.509843,true,69b202bdfd791cf6731b53602d84bf4c1d604a2c84161274804b494e1e4de2f4,aac565e5ad19140b834d95371bc7286a22d2401ae58bc13e105ed6737a692054
1,20260810T090001Z_9b01dadd36f6_stage08_b06_formal_8675000e,formal,20260810T090001Z,9b01dadd36f6bf7c926f41342d17d4ffb3011408,false,stage08_b06_vectorstrength_scales_v1,158931b39f6bda2d04c731f57069adf8a6a6563b4f70b8ff7cc07e7bfa63098f,operator,vectorstrength,NA,NA,vectorstrength,vectorstrength__vectorstrength_int8_10e4__69b202bdfd791cf6,vectorstrength_int8_10e4,10^4,10280,"events=[257],periods=[40]",INT8,CPU,not_applicable,compatibility/end-to-end,PASS,OK,20,100,35,0.510002,true,69b202bdfd791cf6731b53602d84bf4c1d604a2c84161274804b494e1e4de2f4,aac565e5ad19140b834d95371bc7286a22d2401ae58bc13e105ed6737a692054
1,20260810T090001Z_9b01dadd36f6_stage08_b06_formal_8675000e,formal,20260810T090001Z,9b01dadd36f6bf7c926f41342d17d4ffb3011408,false,stage08_b06_vectorstrength_scales_v1,158931b39f6bda2d04c731f57069adf8a6a6563b4f70b8ff7cc07e7bfa63098f,operator,vectorstrength,NA,NA,vectorstrength,vectorstrength__vectorstrength_int8_10e4__69b202bdfd791cf6,vectorstrength_int8_10e4,10^4,10280,"events=[257],periods=[40]",INT8,CPU,not_applicable,compatibility/end-to-end,PASS,OK,20,100,36,0.510093,true,69b202bdfd791cf6731b53602d84bf4c1d604a2c84161274804b494e1e4de2f4,aac565e5ad19140b834d95371bc7286a22d2401ae58bc13e105ed6737a692054
1,20260810T090001Z_9b01dadd36f6_stage08_b06_formal_8675000e,formal,20260810T090001Z,9b01dadd36f6bf7c926f41342d17d4ffb3011408,false,stage08_b06_vectorstrength_scales_v1,158931b39f6bda2d04c731f57069adf8a6a6563b4f70b8ff7cc07e7bfa63098f,operator,vectorstrength,NA,NA,vectorstrength,vectorstrength__vectorstrength_int8_10e4__69b202bdfd791cf6,vectorstrength_int8_10e4,10^4,10280,"events=[257],periods=[40]",INT8,CPU,not_applicable,compatibility/end-to-end,PASS,OK,20,100,37,0.510013,true,69b202bdfd791cf6731b53602d84bf4c1d604a2c84161274804b494e1e4de2f4,aac565e5ad19140b834d95371bc7286a22d2401ae58bc13e105ed6737a692054
1,20260810T090001Z_9b01dadd36f6_stage08_b06_formal_8675000e,formal,20260810T090001Z,9b01dadd36f6bf7c926f41342d17d4ffb3011408,false,stage08_b06_vectorstrength_scales_v1,158931b39f6bda2d04c731f57069adf8a6a6563b4f70b8ff7cc07e7bfa63098f,operator,vectorstrength,NA,NA,vectorstrength,vectorstrength__vectorstrength_int8_10e4__69b202bdfd791cf6,vectorstrength_int8_10e4,10^4,10280,"events=[257],periods=[40]",INT8,CPU,not_applicable,compatibility/end-to-end,PASS,OK,20,100,38,0.510103,true,69b202bdfd791cf6731b53602d84bf4c1d604a2c84161274804b494e1e4de2f4,aac565e5ad19140b834d95371bc7286a22d2401ae58bc13e105ed6737a692054
1,20260810T090001Z_9b01dadd36f6_stage08_b06_formal_8675000e,formal,20260810T090001Z,9b01dadd36f6bf7c926f41342d17d4ffb3011408,false,stage08_b06_vectorstrength_scales_v1,158931b39f6bda2d04c731f57069adf8a6a6563b4f70b8ff7cc07e7bfa63098f,operator,vectorstrength,NA,NA,vectorstrength,vectorstrength__vectorstrength_int8_10e4__69b202bdfd791cf6,vectorstrength_int8_10e4,10^4,10280,"events=[257],periods=[40]",INT8,CPU,not_applicable,compatibility/end-to-end,PASS,OK,20,100,39,0.583373,true,69b202bdfd791cf6731b53602d84bf4c1d604a2c84161274804b494e1e4de2f4,aac565e5ad19140b834d95371bc7286a22d2401ae58bc13e105ed6737a692054
1,20260810T090001Z_9b01dadd36f6_stage08_b06_formal_8675000e,formal,20260810T090001Z,9b01dadd36f6bf7c926f41342d17d4ffb3011408,false,stage08_b06_vectorstrength_scales_v1,158931b39f6bda2d04c731f57069adf8a6a6563b4f70b8ff7cc07e7bfa63098f,operator,vectorstrength,NA,NA,vectorstrength,vectorstrength__vectorstrength_int8_10e4__69b202bdfd791cf6,vectorstrength_int8_10e4,10^4,10280,"events=[257],periods=[40]",INT8,CPU,not_applicable,compatibility/end-to-end,PASS,OK,20,100,40,0.510143,true,69b202bdfd791cf6731b53602d84bf4c1d604a2c84161274804b494e1e4de2f4,aac565e5ad19140b834d95371bc7286a22d2401ae58bc13e105ed6737a692054
1,20260810T090001Z_9b01dadd36f6_stage08_b06_formal_8675000e,formal,20260810T090001Z,9b01dadd36f6bf7c926f41342d17d4ffb3011408,false,stage08_b06_vectorstrength_scales_v1,158931b39f6bda2d04c731f57069adf8a6a6563b4f70b8ff7cc07e7bfa63098f,operator,vectorstrength,NA,NA,vectorstrength,vectorstrength__vectorstrength_int8_10e4__69b202bdfd791cf6,vectorstrength_int8_10e4,10^4,10280,"events=[257],periods=[40]",INT8,CPU,not_applicable,compatibility/end-to-end,PASS,OK,20,100,41,0.510362,true,69b202bdfd791cf6731b53602d84bf4c1d604a2c84161274804b494e1e4de2f4,aac565e5ad19140b834d95371bc7286a22d2401ae58bc13e105ed6737a692054
1,20260810T090001Z_9b01dadd36f6_stage08_b06_formal_8675000e,formal,20260810T090001Z,9b01dadd36f6bf7c926f41342d17d4ffb3011408,false,stage08_b06_vectorstrength_scales_v1,158931b39f6bda2d04c731f57069adf8a6a6563b4f70b8ff7cc07e7bfa63098f,operator,vectorstrength,NA,NA,vectorstrength,vectorstrength__vectorstrength_int8_10e4__69b202bdfd791cf6,vectorstrength_int8_10e4,10^4,10280,"events=[257],periods=[40]",INT8,CPU,not_applicable,compatibility/end-to-end,PASS,OK,20,100,42,0.509673,true,69b202bdfd791cf6731b53602d84bf4c1d604a2c84161274804b494e1e4de2f4,aac565e5ad19140b834d95371bc7286a22d2401ae58bc13e105ed6737a692054
1,20260810T090001Z_9b01dadd36f6_stage08_b06_formal_8675000e,formal,20260810T090001Z,9b01dadd36f6bf7c926f41342d17d4ffb3011408,false,stage08_b06_vectorstrength_scales_v1,158931b39f6bda2d04c731f57069adf8a6a6563b4f70b8ff7cc07e7bfa63098f,operator,vectorstrength,NA,NA,vectorstrength,vectorstrength__vectorstrength_int8_10e4__69b202bdfd791cf6,vectorstrength_int8_10e4,10^4,10280,"events=[257],periods=[40]",INT8,CPU,not_applicable,compatibility/end-to-end,PASS,OK,20,100,43,0.509833,true,69b202bdfd791cf6731b53602d84bf4c1d604a2c84161274804b494e1e4de2f4,aac565e5ad19140b834d95371bc7286a22d2401ae58bc13e105ed6737a692054
1,20260810T090001Z_9b01dadd36f6_stage08_b06_formal_8675000e,formal,20260810T090001Z,9b01dadd36f6bf7c926f41342d17d4ffb3011408,false,stage08_b06_vectorstrength_scales_v1,158931b39f6bda2d04c731f57069adf8a6a6563b4f70b8ff7cc07e7bfa63098f,operator,vectorstrength,NA,NA,vectorstrength,vectorstrength__vectorstrength_int8_10e4__69b202bdfd791cf6,vectorstrength_int8_10e4,10^4,10280,"events=[257],periods=[40]",INT8,CPU,not_applicable,compatibility/end-to-end,PASS,OK,20,100,44,0.509703,true,69b202bdfd791cf6731b53602d84bf4c1d604a2c84161274804b494e1e4de2f4,aac565e5ad19140b834d95371bc7286a22d2401ae58bc13e105ed6737a692054
1,20260810T090001Z_9b01dadd36f6_stage08_b06_formal_8675000e,formal,20260810T090001Z,9b01dadd36f6bf7c926f41342d17d4ffb3011408,false,stage08_b06_vectorstrength_scales_v1,158931b39f6bda2d04c731f57069adf8a6a6563b4f70b8ff7cc07e7bfa63098f,operator,vectorstrength,NA,NA,vectorstrength,vectorstrength__vectorstrength_int8_10e4__69b202bdfd791cf6,vectorstrength_int8_10e4,10^4,10280,"events=[257],periods=[40]",INT8,CPU,not_applicable,compatibility/end-to-end,PASS,OK,20,100,45,0.509883,true,69b202bdfd791cf6731b53602d84bf4c1d604a2c84161274804b494e1e4de2f4,aac565e5ad19140b834d95371bc7286a22d2401ae58bc13e105ed6737a692054
1,20260810T090001Z_9b01dadd36f6_stage08_b06_formal_8675000e,formal,20260810T090001Z,9b01dadd36f6bf7c926f41342d17d4ffb3011408,false,stage08_b06_vectorstrength_scales_v1,158931b39f6bda2d04c731f57069adf8a6a6563b4f70b8ff7cc07e7bfa63098f,operator,vectorstrength,NA,NA,vectorstrength,vectorstrength__vectorstrength_int8_10e4__69b202bdfd791cf6,vectorstrength_int8_10e4,10^4,10280,"events=[257],periods=[40]",INT8,CPU,not_applicable,compatibility/end-to-end,PASS,OK,20,100,46,0.510322,true,69b202bdfd791cf6731b53602d84bf4c1d604a2c84161274804b494e1e4de2f4,aac565e5ad19140b834d95371bc7286a22d2401ae58bc13e105ed6737a692054
1,20260810T090001Z_9b01dadd36f6_stage08_b06_formal_8675000e,formal,20260810T090001Z,9b01dadd36f6bf7c926f41342d17d4ffb3011408,false,stage08_b06_vectorstrength_scales_v1,158931b39f6bda2d04c731f57069adf8a6a6563b4f70b8ff7cc07e7bfa63098f,operator,vectorstrength,NA,NA,vectorstrength,vectorstrength__vectorstrength_int8_10e4__69b202bdfd791cf6,vectorstrength_int8_10e4,10^4,10280,"events=[257],periods=[40]",INT8,CPU,not_applicable,compatibility/end-to-end,PASS,OK,20,100,47,0.531193,true,69b202bdfd791cf6731b53602d84bf4c1d604a2c84161274804b494e1e4de2f4,aac565e5ad19140b834d95371bc7286a22d2401ae58bc13e105ed6737a692054
1,20260810T090001Z_9b01dadd36f6_stage08_b06_formal_8675000e,formal,20260810T090001Z,9b01dadd36f6bf7c926f41342d17d4ffb3011408,false,stage08_b06_vectorstrength_scales_v1,158931b39f6bda2d04c731f57069adf8a6a6563b4f70b8ff7cc07e7bfa63098f,operator,vectorstrength,NA,NA,vectorstrength,vectorstrength__vectorstrength_int8_10e4__69b202bdfd791cf6,vectorstrength_int8_10e4,10^4,10280,"events=[257],periods=[40]",INT8,CPU,not_applicable,compatibility/end-to-end,PASS,OK,20,100,48,0.509963,true,69b202bdfd791cf6731b53602d84bf4c1d604a2c84161274804b494e1e4de2f4,aac565e5ad19140b834d95371bc7286a22d2401ae58bc13e105ed6737a692054
1,20260810T090001Z_9b01dadd36f6_stage08_b06_formal_8675000e,formal,20260810T090001Z,9b01dadd36f6bf7c926f41342d17d4ffb3011408,false,stage08_b06_vectorstrength_scales_v1,158931b39f6bda2d04c731f57069adf8a6a6563b4f70b8ff7cc07e7bfa63098f,operator,vectorstrength,NA,NA,vectorstrength,vectorstrength__vectorstrength_int8_10e4__69b202bdfd791cf6,vectorstrength_int8_10e4,10^4,10280,"events=[257],periods=[40]",INT8,CPU,not_applicable,compatibility/end-to-end,PASS,OK,20,100,49,0.510353,true,69b202bdfd791cf6731b53602d84bf4c1d604a2c84161274804b494e1e4de2f4,aac565e5ad19140b834d95371bc7286a22d2401ae58bc13e105ed6737a692054
1,20260810T090001Z_9b01dadd36f6_stage08_b06_formal_8675000e,formal,20260810T090001Z,9b01dadd36f6bf7c926f41342d17d4ffb3011408,false,stage08_b06_vectorstrength_scales_v1,158931b39f6bda2d04c731f57069adf8a6a6563b4f70b8ff7cc07e7bfa63098f,operator,vectorstrength,NA,NA,vectorstrength,vectorstrength__vectorstrength_int8_10e4__69b202bdfd791cf6,vectorstrength_int8_10e4,10^4,10280,"events=[257],periods=[40]",INT8,CPU,not_applicable,compatibility/end-to-end,PASS,OK,20,100,50,0.509833,true,69b202bdfd791cf6731b53602d84bf4c1d604a2c84161274804b494e1e4de2f4,aac565e5ad19140b834d95371bc7286a22d2401ae58bc13e105ed6737a692054
1,20260810T090001Z_9b01dadd36f6_stage08_b06_formal_8675000e,formal,20260810T090001Z,9b01dadd36f6bf7c926f41342d17d4ffb3011408,false,stage08_b06_vectorstrength_scales_v1,158931b39f6bda2d04c731f57069adf8a6a6563b4f70b8ff7cc07e7bfa63098f,operator,vectorstrength,NA,NA,vectorstrength,vectorstrength__vectorstrength_int8_10e4__69b202bdfd791cf6,vectorstrength_int8_10e4,10^4,10280,"events=[257],periods=[40]",INT8,CPU,not_applicable,compatibility/end-to-end,PASS,OK,20,100,51,0.509612,true,69b202bdfd791cf6731b53602d84bf4c1d604a2c84161274804b494e1e4de2f4,aac565e5ad19140b834d95371bc7286a22d2401ae58bc13e105ed6737a692054
1,20260810T090001Z_9b01dadd36f6_stage08_b06_formal_8675000e,formal,20260810T090001Z,9b01dadd36f6bf7c926f41342d17d4ffb3011408,false,stage08_b06_vectorstrength_scales_v1,158931b39f6bda2d04c731f57069adf8a6a6563b4f70b8ff7cc07e7bfa63098f,operator,vectorstrength,NA,NA,vectorstrength,vectorstrength__vectorstrength_int8_10e4__69b202bdfd791cf6,vectorstrength_int8_10e4,10^4,10280,"events=[257],periods=[40]",INT8,CPU,not_applicable,compatibility/end-to-end,PASS,OK,20,100,52,0.510003,true,69b202bdfd791cf6731b53602d84bf4c1d604a2c84161274804b494e1e4de2f4,aac565e5ad19140b834d95371bc7286a22d2401ae58bc13e105ed6737a692054
1,20260810T090001Z_9b01dadd36f6_stage08_b06_formal_8675000e,formal,20260810T090001Z,9b01dadd36f6bf7c926f41342d17d4ffb3011408,false,stage08_b06_vectorstrength_scales_v1,158931b39f6bda2d04c731f57069adf8a6a6563b4f70b8ff7cc07e7bfa63098f,operator,vectorstrength,NA,NA,vectorstrength,vectorstrength__vectorstrength_int8_10e4__69b202bdfd791cf6,vectorstrength_int8_10e4,10^4,10280,"events=[257],periods=[40]",INT8,CPU,not_applicable,compatibility/end-to-end,PASS,OK,20,100,53,0.509983,true,69b202bdfd791cf6731b53602d84bf4c1d604a2c84161274804b494e1e4de2f4,aac565e5ad19140b834d95371bc7286a22d2401ae58bc13e105ed6737a692054
1,20260810T090001Z_9b01dadd36f6_stage08_b06_formal_8675000e,formal,20260810T090001Z,9b01dadd36f6bf7c926f41342d17d4ffb3011408,false,stage08_b06_vectorstrength_scales_v1,158931b39f6bda2d04c731f57069adf8a6a6563b4f70b8ff7cc07e7bfa63098f,operator,vectorstrength,NA,NA,vectorstrength,vectorstrength__vectorstrength_int8_10e4__69b202bdfd791cf6,vectorstrength_int8_10e4,10^4,10280,"events=[257],periods=[40]",INT8,CPU,not_applicable,compatibility/end-to-end,PASS,OK,20,100,54,0.510433,true,69b202bdfd791cf6731b53602d84bf4c1d604a2c84161274804b494e1e4de2f4,aac565e5ad19140b834d95371bc7286a22d2401ae58bc13e105ed6737a692054
1,20260810T090001Z_9b01dadd36f6_stage08_b06_formal_8675000e,formal,20260810T090001Z,9b01dadd36f6bf7c926f41342d17d4ffb3011408,false,stage08_b06_vectorstrength_scales_v1,158931b39f6bda2d04c731f57069adf8a6a6563b4f70b8ff7cc07e7bfa63098f,operator,vectorstrength,NA,NA,vectorstrength,vectorstrength__vectorstrength_int8_10e4__69b202bdfd791cf6,vectorstrength_int8_10e4,10^4,10280,"events=[257],periods=[40]",INT8,CPU,not_applicable,compatibility/end-to-end,PASS,OK,20,100,55,0.523772,true,69b202bdfd791cf6731b53602d84bf4c1d604a2c84161274804b494e1e4de2f4,aac565e5ad19140b834d95371bc7286a22d2401ae58bc13e105ed6737a692054
1,20260810T090001Z_9b01dadd36f6_stage08_b06_formal_8675000e,formal,20260810T090001Z,9b01dadd36f6bf7c926f41342d17d4ffb3011408,false,stage08_b06_vectorstrength_scales_v1,158931b39f6bda2d04c731f57069adf8a6a6563b4f70b8ff7cc07e7bfa63098f,operator,vectorstrength,NA,NA,vectorstrength,vectorstrength__vectorstrength_int8_10e4__69b202bdfd791cf6,vectorstrength_int8_10e4,10^4,10280,"events=[257],periods=[40]",INT8,CPU,not_applicable,compatibility/end-to-end,PASS,OK,20,100,56,0.509713,true,69b202bdfd791cf6731b53602d84bf4c1d604a2c84161274804b494e1e4de2f4,aac565e5ad19140b834d95371bc7286a22d2401ae58bc13e105ed6737a692054
1,20260810T090001Z_9b01dadd36f6_stage08_b06_formal_8675000e,formal,20260810T090001Z,9b01dadd36f6bf7c926f41342d17d4ffb3011408,false,stage08_b06_vectorstrength_scales_v1,158931b39f6bda2d04c731f57069adf8a6a6563b4f70b8ff7cc07e7bfa63098f,operator,vectorstrength,NA,NA,vectorstrength,vectorstrength__vectorstrength_int8_10e4__69b202bdfd791cf6,vectorstrength_int8_10e4,10^4,10280,"events=[257],periods=[40]",INT8,CPU,not_applicable,compatibility/end-to-end,PASS,OK,20,100,57,0.509973,true,69b202bdfd791cf6731b53602d84bf4c1d604a2c84161274804b494e1e4de2f4,aac565e5ad19140b834d95371bc7286a22d2401ae58bc13e105ed6737a692054
1,20260810T090001Z_9b01dadd36f6_stage08_b06_formal_8675000e,formal,20260810T090001Z,9b01dadd36f6bf7c926f41342d17d4ffb3011408,false,stage08_b06_vectorstrength_scales_v1,158931b39f6bda2d04c731f57069adf8a6a6563b4f70b8ff7cc07e7bfa63098f,operator,vectorstrength,NA,NA,vectorstrength,vectorstrength__vectorstrength_int8_10e4__69b202bdfd791cf6,vectorstrength_int8_10e4,10^4,10280,"events=[257],periods=[40]",INT8,CPU,not_applicable,compatibility/end-to-end,PASS,OK,20,100,58,0.509443,true,69b202bdfd791cf6731b53602d84bf4c1d604a2c84161274804b494e1e4de2f4,aac565e5ad19140b834d95371bc7286a22d2401ae58bc13e105ed6737a692054
1,20260810T090001Z_9b01dadd36f6_stage08_b06_formal_8675000e,formal,20260810T090001Z,9b01dadd36f6bf7c926f41342d17d4ffb3011408,false,stage08_b06_vectorstrength_scales_v1,158931b39f6bda2d04c731f57069adf8a6a6563b4f70b8ff7cc07e7bfa63098f,operator,vectorstrength,NA,NA,vectorstrength,vectorstrength__vectorstrength_int8_10e4__69b202bdfd791cf6,vectorstrength_int8_10e4,10^4,10280,"events=[257],periods=[40]",INT8,CPU,not_applicable,compatibility/end-to-end,PASS,OK,20,100,59,0.509993,true,69b202bdfd791cf6731b53602d84bf4c1d604a2c84161274804b494e1e4de2f4,aac565e5ad19140b834d95371bc7286a22d2401ae58bc13e105ed6737a692054
1,20260810T090001Z_9b01dadd36f6_stage08_b06_formal_8675000e,formal,20260810T090001Z,9b01dadd36f6bf7c926f41342d17d4ffb3011408,false,stage08_b06_vectorstrength_scales_v1,158931b39f6bda2d04c731f57069adf8a6a6563b4f70b8ff7cc07e7bfa63098f,operator,vectorstrength,NA,NA,vectorstrength,vectorstrength__vectorstrength_int8_10e4__69b202bdfd791cf6,vectorstrength_int8_10e4,10^4,10280,"events=[257],periods=[40]",INT8,CPU,not_applicable,compatibility/end-to-end,PASS,OK,20,100,60,0.509672,true,69b202bdfd791cf6731b53602d84bf4c1d604a2c84161274804b494e1e4de2f4,aac565e5ad19140b834d95371bc7286a22d2401ae58bc13e105ed6737a692054
1,20260810T090001Z_9b01dadd36f6_stage08_b06_formal_8675000e,formal,20260810T090001Z,9b01dadd36f6bf7c926f41342d17d4ffb3011408,false,stage08_b06_vectorstrength_scales_v1,158931b39f6bda2d04c731f57069adf8a6a6563b4f70b8ff7cc07e7bfa63098f,operator,vectorstrength,NA,NA,vectorstrength,vectorstrength__vectorstrength_int8_10e4__69b202bdfd791cf6,vectorstrength_int8_10e4,10^4,10280,"events=[257],periods=[40]",INT8,CPU,not_applicable,compatibility/end-to-end,PASS,OK,20,100,61,0.509993,true,69b202bdfd791cf6731b53602d84bf4c1d604a2c84161274804b494e1e4de2f4,aac565e5ad19140b834d95371bc7286a22d2401ae58bc13e105ed6737a692054
1,20260810T090001Z_9b01dadd36f6_stage08_b06_formal_8675000e,formal,20260810T090001Z,9b01dadd36f6bf7c926f41342d17d4ffb3011408,false,stage08_b06_vectorstrength_scales_v1,158931b39f6bda2d04c731f57069adf8a6a6563b4f70b8ff7cc07e7bfa63098f,operator,vectorstrength,NA,NA,vectorstrength,vectorstrength__vectorstrength_int8_10e4__69b202bdfd791cf6,vectorstrength_int8_10e4,10^4,10280,"events=[257],periods=[40]",INT8,CPU,not_applicable,compatibility/end-to-end,PASS,OK,20,100,62,0.516763,true,69b202bdfd791cf6731b53602d84bf4c1d604a2c84161274804b494e1e4de2f4,aac565e5ad19140b834d95371bc7286a22d2401ae58bc13e105ed6737a692054
1,20260810T090001Z_9b01dadd36f6_stage08_b06_formal_8675000e,formal,20260810T090001Z,9b01dadd36f6bf7c926f41342d17d4ffb3011408,false,stage08_b06_vectorstrength_scales_v1,158931b39f6bda2d04c731f57069adf8a6a6563b4f70b8ff7cc07e7bfa63098f,operator,vectorstrength,NA,NA,vectorstrength,vectorstrength__vectorstrength_int8_10e4__69b202bdfd791cf6,vectorstrength_int8_10e4,10^4,10280,"events=[257],periods=[40]",INT8,CPU,not_applicable,compatibility/end-to-end,PASS,OK,20,100,63,0.509973,true,69b202bdfd791cf6731b53602d84bf4c1d604a2c84161274804b494e1e4de2f4,aac565e5ad19140b834d95371bc7286a22d2401ae58bc13e105ed6737a692054
1,20260810T090001Z_9b01dadd36f6_stage08_b06_formal_8675000e,formal,20260810T090001Z,9b01dadd36f6bf7c926f41342d17d4ffb3011408,false,stage08_b06_vectorstrength_scales_v1,158931b39f6bda2d04c731f57069adf8a6a6563b4f70b8ff7cc07e7bfa63098f,operator,vectorstrength,NA,NA,vectorstrength,vectorstrength__vectorstrength_int8_10e4__69b202bdfd791cf6,vectorstrength_int8_10e4,10^4,10280,"events=[257],periods=[40]",INT8,CPU,not_applicable,compatibility/end-to-end,PASS,OK,20,100,64,0.509583,true,69b202bdfd791cf6731b53602d84bf4c1d604a2c84161274804b494e1e4de2f4,aac565e5ad19140b834d95371bc7286a22d2401ae58bc13e105ed6737a692054
1,20260810T090001Z_9b01dadd36f6_stage08_b06_formal_8675000e,formal,20260810T090001Z,9b01dadd36f6bf7c926f41342d17d4ffb3011408,false,stage08_b06_vectorstrength_scales_v1,158931b39f6bda2d04c731f57069adf8a6a6563b4f70b8ff7cc07e7bfa63098f,operator,vectorstrength,NA,NA,vectorstrength,vectorstrength__vectorstrength_int8_10e4__69b202bdfd791cf6,vectorstrength_int8_10e4,10^4,10280,"events=[257],periods=[40]",INT8,CPU,not_applicable,compatibility/end-to-end,PASS,OK,20,100,65,0.509762,true,69b202bdfd791cf6731b53602d84bf4c1d604a2c84161274804b494e1e4de2f4,aac565e5ad19140b834d95371bc7286a22d2401ae58bc13e105ed6737a692054
1,20260810T090001Z_9b01dadd36f6_stage08_b06_formal_8675000e,formal,20260810T090001Z,9b01dadd36f6bf7c926f41342d17d4ffb3011408,false,stage08_b06_vectorstrength_scales_v1,158931b39f6bda2d04c731f57069adf8a6a6563b4f70b8ff7cc07e7bfa63098f,operator,vectorstrength,NA,NA,vectorstrength,vectorstrength__vectorstrength_int8_10e4__69b202bdfd791cf6,vectorstrength_int8_10e4,10^4,10280,"events=[257],periods=[40]",INT8,CPU,not_applicable,compatibility/end-to-end,PASS,OK,20,100,66,0.510153,true,69b202bdfd791cf6731b53602d84bf4c1d604a2c84161274804b494e1e4de2f4,aac565e5ad19140b834d95371bc7286a22d2401ae58bc13e105ed6737a692054
1,20260810T090001Z_9b01dadd36f6_stage08_b06_formal_8675000e,formal,20260810T090001Z,9b01dadd36f6bf7c926f41342d17d4ffb3011408,false,stage08_b06_vectorstrength_scales_v1,158931b39f6bda2d04c731f57069adf8a6a6563b4f70b8ff7cc07e7bfa63098f,operator,vectorstrength,NA,NA,vectorstrength,vectorstrength__vectorstrength_int8_10e4__69b202bdfd791cf6,vectorstrength_int8_10e4,10^4,10280,"events=[257],periods=[40]",INT8,CPU,not_applicable,compatibility/end-to-end,PASS,OK,20,100,67,0.509923,true,69b202bdfd791cf6731b53602d84bf4c1d604a2c84161274804b494e1e4de2f4,aac565e5ad19140b834d95371bc7286a22d2401ae58bc13e105ed6737a692054
1,20260810T090001Z_9b01dadd36f6_stage08_b06_formal_8675000e,formal,20260810T090001Z,9b01dadd36f6bf7c926f41342d17d4ffb3011408,false,stage08_b06_vectorstrength_scales_v1,158931b39f6bda2d04c731f57069adf8a6a6563b4f70b8ff7cc07e7bfa63098f,operator,vectorstrength,NA,NA,vectorstrength,vectorstrength__vectorstrength_int8_10e4__69b202bdfd791cf6,vectorstrength_int8_10e4,10^4,10280,"events=[257],periods=[40]",INT8,CPU,not_applicable,compatibility/end-to-end,PASS,OK,20,100,68,0.509953,true,69b202bdfd791cf6731b53602d84bf4c1d604a2c84161274804b494e1e4de2f4,aac565e5ad19140b834d95371bc7286a22d2401ae58bc13e105ed6737a692054
1,20260810T090001Z_9b01dadd36f6_stage08_b06_formal_8675000e,formal,20260810T090001Z,9b01dadd36f6bf7c926f41342d17d4ffb3011408,false,stage08_b06_vectorstrength_scales_v1,158931b39f6bda2d04c731f57069adf8a6a6563b4f70b8ff7cc07e7bfa63098f,operator,vectorstrength,NA,NA,vectorstrength,vectorstrength__vectorstrength_int8_10e4__69b202bdfd791cf6,vectorstrength_int8_10e4,10^4,10280,"events=[257],periods=[40]",INT8,CPU,not_applicable,compatibility/end-to-end,PASS,OK,20,100,69,0.509752,true,69b202bdfd791cf6731b53602d84bf4c1d604a2c84161274804b494e1e4de2f4,aac565e5ad19140b834d95371bc7286a22d2401ae58bc13e105ed6737a692054
1,20260810T090001Z_9b01dadd36f6_stage08_b06_formal_8675000e,formal,20260810T090001Z,9b01dadd36f6bf7c926f41342d17d4ffb3011408,false,stage08_b06_vectorstrength_scales_v1,158931b39f6bda2d04c731f57069adf8a6a6563b4f70b8ff7cc07e7bfa63098f,operator,vectorstrength,NA,NA,vectorstrength,vectorstrength__vectorstrength_int8_10e4__69b202bdfd791cf6,vectorstrength_int8_10e4,10^4,10280,"events=[257],periods=[40]",INT8,CPU,not_applicable,compatibility/end-to-end,PASS,OK,20,100,70,0.520313,true,69b202bdfd791cf6731b53602d84bf4c1d604a2c84161274804b494e1e4de2f4,aac565e5ad19140b834d95371bc7286a22d2401ae58bc13e105ed6737a692054
1,20260810T090001Z_9b01dadd36f6_stage08_b06_formal_8675000e,formal,20260810T090001Z,9b01dadd36f6bf7c926f41342d17d4ffb3011408,false,stage08_b06_vectorstrength_scales_v1,158931b39f6bda2d04c731f57069adf8a6a6563b4f70b8ff7cc07e7bfa63098f,operator,vectorstrength,NA,NA,vectorstrength,vectorstrength__vectorstrength_int8_10e4__69b202bdfd791cf6,vectorstrength_int8_10e4,10^4,10280,"events=[257],periods=[40]",INT8,CPU,not_applicable,compatibility/end-to-end,PASS,OK,20,100,71,0.509703,true,69b202bdfd791cf6731b53602d84bf4c1d604a2c84161274804b494e1e4de2f4,aac565e5ad19140b834d95371bc7286a22d2401ae58bc13e105ed6737a692054
1,20260810T090001Z_9b01dadd36f6_stage08_b06_formal_8675000e,formal,20260810T090001Z,9b01dadd36f6bf7c926f41342d17d4ffb3011408,false,stage08_b06_vectorstrength_scales_v1,158931b39f6bda2d04c731f57069adf8a6a6563b4f70b8ff7cc07e7bfa63098f,operator,vectorstrength,NA,NA,vectorstrength,vectorstrength__vectorstrength_int8_10e4__69b202bdfd791cf6,vectorstrength_int8_10e4,10^4,10280,"events=[257],periods=[40]",INT8,CPU,not_applicable,compatibility/end-to-end,PASS,OK,20,100,72,0.509773,true,69b202bdfd791cf6731b53602d84bf4c1d604a2c84161274804b494e1e4de2f4,aac565e5ad19140b834d95371bc7286a22d2401ae58bc13e105ed6737a692054
1,20260810T090001Z_9b01dadd36f6_stage08_b06_formal_8675000e,formal,20260810T090001Z,9b01dadd36f6bf7c926f41342d17d4ffb3011408,false,stage08_b06_vectorstrength_scales_v1,158931b39f6bda2d04c731f57069adf8a6a6563b4f70b8ff7cc07e7bfa63098f,operator,vectorstrength,NA,NA,vectorstrength,vectorstrength__vectorstrength_int8_10e4__69b202bdfd791cf6,vectorstrength_int8_10e4,10^4,10280,"events=[257],periods=[40]",INT8,CPU,not_applicable,compatibility/end-to-end,PASS,OK,20,100,73,0.509813,true,69b202bdfd791cf6731b53602d84bf4c1d604a2c84161274804b494e1e4de2f4,aac565e5ad19140b834d95371bc7286a22d2401ae58bc13e105ed6737a692054
1,20260810T090001Z_9b01dadd36f6_stage08_b06_formal_8675000e,formal,20260810T090001Z,9b01dadd36f6bf7c926f41342d17d4ffb3011408,false,stage08_b06_vectorstrength_scales_v1,158931b39f6bda2d04c731f57069adf8a6a6563b4f70b8ff7cc07e7bfa63098f,operator,vectorstrength,NA,NA,vectorstrength,vectorstrength__vectorstrength_int8_10e4__69b202bdfd791cf6,vectorstrength_int8_10e4,10^4,10280,"events=[257],periods=[40]",INT8,CPU,not_applicable,compatibility/end-to-end,PASS,OK,20,100,74,0.509662,true,69b202bdfd791cf6731b53602d84bf4c1d604a2c84161274804b494e1e4de2f4,aac565e5ad19140b834d95371bc7286a22d2401ae58bc13e105ed6737a692054
1,20260810T090001Z_9b01dadd36f6_stage08_b06_formal_8675000e,formal,20260810T090001Z,9b01dadd36f6bf7c926f41342d17d4ffb3011408,false,stage08_b06_vectorstrength_scales_v1,158931b39f6bda2d04c731f57069adf8a6a6563b4f70b8ff7cc07e7bfa63098f,operator,vectorstrength,NA,NA,vectorstrength,vectorstrength__vectorstrength_int8_10e4__69b202bdfd791cf6,vectorstrength_int8_10e4,10^4,10280,"events=[257],periods=[40]",INT8,CPU,not_applicable,compatibility/end-to-end,PASS,OK,20,100,75,0.509883,true,69b202bdfd791cf6731b53602d84bf4c1d604a2c84161274804b494e1e4de2f4,aac565e5ad19140b834d95371bc7286a22d2401ae58bc13e105ed6737a692054
1,20260810T090001Z_9b01dadd36f6_stage08_b06_formal_8675000e,formal,20260810T090001Z,9b01dadd36f6bf7c926f41342d17d4ffb3011408,false,stage08_b06_vectorstrength_scales_v1,158931b39f6bda2d04c731f57069adf8a6a6563b4f70b8ff7cc07e7bfa63098f,operator,vectorstrength,NA,NA,vectorstrength,vectorstrength__vectorstrength_int8_10e4__69b202bdfd791cf6,vectorstrength_int8_10e4,10^4,10280,"events=[257],periods=[40]",INT8,CPU,not_applicable,compatibility/end-to-end,PASS,OK,20,100,76,0.509273,true,69b202bdfd791cf6731b53602d84bf4c1d604a2c84161274804b494e1e4de2f4,aac565e5ad19140b834d95371bc7286a22d2401ae58bc13e105ed6737a692054
1,20260810T090001Z_9b01dadd36f6_stage08_b06_formal_8675000e,formal,20260810T090001Z,9b01dadd36f6bf7c926f41342d17d4ffb3011408,false,stage08_b06_vectorstrength_scales_v1,158931b39f6bda2d04c731f57069adf8a6a6563b4f70b8ff7cc07e7bfa63098f,operator,vectorstrength,NA,NA,vectorstrength,vectorstrength__vectorstrength_int8_10e4__69b202bdfd791cf6,vectorstrength_int8_10e4,10^4,10280,"events=[257],periods=[40]",INT8,CPU,not_applicable,compatibility/end-to-end,PASS,OK,20,100,77,0.509743,true,69b202bdfd791cf6731b53602d84bf4c1d604a2c84161274804b494e1e4de2f4,aac565e5ad19140b834d95371bc7286a22d2401ae58bc13e105ed6737a692054
1,20260810T090001Z_9b01dadd36f6_stage08_b06_formal_8675000e,formal,20260810T090001Z,9b01dadd36f6bf7c926f41342d17d4ffb3011408,false,stage08_b06_vectorstrength_scales_v1,158931b39f6bda2d04c731f57069adf8a6a6563b4f70b8ff7cc07e7bfa63098f,operator,vectorstrength,NA,NA,vectorstrength,vectorstrength__vectorstrength_int8_10e4__69b202bdfd791cf6,vectorstrength_int8_10e4,10^4,10280,"events=[257],periods=[40]",INT8,CPU,not_applicable,compatibility/end-to-end,PASS,OK,20,100,78,0.518223,true,69b202bdfd791cf6731b53602d84bf4c1d604a2c84161274804b494e1e4de2f4,aac565e5ad19140b834d95371bc7286a22d2401ae58bc13e105ed6737a692054
1,20260810T090001Z_9b01dadd36f6_stage08_b06_formal_8675000e,formal,20260810T090001Z,9b01dadd36f6bf7c926f41342d17d4ffb3011408,false,stage08_b06_vectorstrength_scales_v1,158931b39f6bda2d04c731f57069adf8a6a6563b4f70b8ff7cc07e7bfa63098f,operator,vectorstrength,NA,NA,vectorstrength,vectorstrength__vectorstrength_int8_10e4__69b202bdfd791cf6,vectorstrength_int8_10e4,10^4,10280,"events=[257],periods=[40]",INT8,CPU,not_applicable,compatibility/end-to-end,PASS,OK,20,100,79,0.510102,true,69b202bdfd791cf6731b53602d84bf4c1d604a2c84161274804b494e1e4de2f4,aac565e5ad19140b834d95371bc7286a22d2401ae58bc13e105ed6737a692054
1,20260810T090001Z_9b01dadd36f6_stage08_b06_formal_8675000e,formal,20260810T090001Z,9b01dadd36f6bf7c926f41342d17d4ffb3011408,false,stage08_b06_vectorstrength_scales_v1,158931b39f6bda2d04c731f57069adf8a6a6563b4f70b8ff7cc07e7bfa63098f,operator,vectorstrength,NA,NA,vectorstrength,vectorstrength__vectorstrength_int8_10e4__69b202bdfd791cf6,vectorstrength_int8_10e4,10^4,10280,"events=[257],periods=[40]",INT8,CPU,not_applicable,compatibility/end-to-end,PASS,OK,20,100,80,0.509823,true,69b202bdfd791cf6731b53602d84bf4c1d604a2c84161274804b494e1e4de2f4,aac565e5ad19140b834d95371bc7286a22d2401ae58bc13e105ed6737a692054
1,20260810T090001Z_9b01dadd36f6_stage08_b06_formal_8675000e,formal,20260810T090001Z,9b01dadd36f6bf7c926f41342d17d4ffb3011408,false,stage08_b06_vectorstrength_scales_v1,158931b39f6bda2d04c731f57069adf8a6a6563b4f70b8ff7cc07e7bfa63098f,operator,vectorstrength,NA,NA,vectorstrength,vectorstrength__vectorstrength_int8_10e4__69b202bdfd791cf6,vectorstrength_int8_10e4,10^4,10280,"events=[257],periods=[40]",INT8,CPU,not_applicable,compatibility/end-to-end,PASS,OK,20,100,81,0.510683,true,69b202bdfd791cf6731b53602d84bf4c1d604a2c84161274804b494e1e4de2f4,aac565e5ad19140b834d95371bc7286a22d2401ae58bc13e105ed6737a692054
1,20260810T090001Z_9b01dadd36f6_stage08_b06_formal_8675000e,formal,20260810T090001Z,9b01dadd36f6bf7c926f41342d17d4ffb3011408,false,stage08_b06_vectorstrength_scales_v1,158931b39f6bda2d04c731f57069adf8a6a6563b4f70b8ff7cc07e7bfa63098f,operator,vectorstrength,NA,NA,vectorstrength,vectorstrength__vectorstrength_int8_10e4__69b202bdfd791cf6,vectorstrength_int8_10e4,10^4,10280,"events=[257],periods=[40]",INT8,CPU,not_applicable,compatibility/end-to-end,PASS,OK,20,100,82,0.510013,true,69b202bdfd791cf6731b53602d84bf4c1d604a2c84161274804b494e1e4de2f4,aac565e5ad19140b834d95371bc7286a22d2401ae58bc13e105ed6737a692054
1,20260810T090001Z_9b01dadd36f6_stage08_b06_formal_8675000e,formal,20260810T090001Z,9b01dadd36f6bf7c926f41342d17d4ffb3011408,false,stage08_b06_vectorstrength_scales_v1,158931b39f6bda2d04c731f57069adf8a6a6563b4f70b8ff7cc07e7bfa63098f,operator,vectorstrength,NA,NA,vectorstrength,vectorstrength__vectorstrength_int8_10e4__69b202bdfd791cf6,vectorstrength_int8_10e4,10^4,10280,"events=[257],periods=[40]",INT8,CPU,not_applicable,compatibility/end-to-end,PASS,OK,20,100,83,0.510052,true,69b202bdfd791cf6731b53602d84bf4c1d604a2c84161274804b494e1e4de2f4,aac565e5ad19140b834d95371bc7286a22d2401ae58bc13e105ed6737a692054
1,20260810T090001Z_9b01dadd36f6_stage08_b06_formal_8675000e,formal,20260810T090001Z,9b01dadd36f6bf7c926f41342d17d4ffb3011408,false,stage08_b06_vectorstrength_scales_v1,158931b39f6bda2d04c731f57069adf8a6a6563b4f70b8ff7cc07e7bfa63098f,operator,vectorstrength,NA,NA,vectorstrength,vectorstrength__vectorstrength_int8_10e4__69b202bdfd791cf6,vectorstrength_int8_10e4,10^4,10280,"events=[257],periods=[40]",INT8,CPU,not_applicable,compatibility/end-to-end,PASS,OK,20,100,84,0.509883,true,69b202bdfd791cf6731b53602d84bf4c1d604a2c84161274804b494e1e4de2f4,aac565e5ad19140b834d95371bc7286a22d2401ae58bc13e105ed6737a692054
1,20260810T090001Z_9b01dadd36f6_stage08_b06_formal_8675000e,formal,20260810T090001Z,9b01dadd36f6bf7c926f41342d17d4ffb3011408,false,stage08_b06_vectorstrength_scales_v1,158931b39f6bda2d04c731f57069adf8a6a6563b4f70b8ff7cc07e7bfa63098f,operator,vectorstrength,NA,NA,vectorstrength,vectorstrength__vectorstrength_int8_10e4__69b202bdfd791cf6,vectorstrength_int8_10e4,10^4,10280,"events=[257],periods=[40]",INT8,CPU,not_applicable,compatibility/end-to-end,PASS,OK,20,100,85,0.509913,true,69b202bdfd791cf6731b53602d84bf4c1d604a2c84161274804b494e1e4de2f4,aac565e5ad19140b834d95371bc7286a22d2401ae58bc13e105ed6737a692054
1,20260810T090001Z_9b01dadd36f6_stage08_b06_formal_8675000e,formal,20260810T090001Z,9b01dadd36f6bf7c926f41342d17d4ffb3011408,false,stage08_b06_vectorstrength_scales_v1,158931b39f6bda2d04c731f57069adf8a6a6563b4f70b8ff7cc07e7bfa63098f,operator,vectorstrength,NA,NA,vectorstrength,vectorstrength__vectorstrength_int8_10e4__69b202bdfd791cf6,vectorstrength_int8_10e4,10^4,10280,"events=[257],periods=[40]",INT8,CPU,not_applicable,compatibility/end-to-end,PASS,OK,20,100,86,0.518463,true,69b202bdfd791cf6731b53602d84bf4c1d604a2c84161274804b494e1e4de2f4,aac565e5ad19140b834d95371bc7286a22d2401ae58bc13e105ed6737a692054
1,20260810T090001Z_9b01dadd36f6_stage08_b06_formal_8675000e,formal,20260810T090001Z,9b01dadd36f6bf7c926f41342d17d4ffb3011408,false,stage08_b06_vectorstrength_scales_v1,158931b39f6bda2d04c731f57069adf8a6a6563b4f70b8ff7cc07e7bfa63098f,operator,vectorstrength,NA,NA,vectorstrength,vectorstrength__vectorstrength_int8_10e4__69b202bdfd791cf6,vectorstrength_int8_10e4,10^4,10280,"events=[257],periods=[40]",INT8,CPU,not_applicable,compatibility/end-to-end,PASS,OK,20,100,87,0.509642,true,69b202bdfd791cf6731b53602d84bf4c1d604a2c84161274804b494e1e4de2f4,aac565e5ad19140b834d95371bc7286a22d2401ae58bc13e105ed6737a692054
1,20260810T090001Z_9b01dadd36f6_stage08_b06_formal_8675000e,formal,20260810T090001Z,9b01dadd36f6bf7c926f41342d17d4ffb3011408,false,stage08_b06_vectorstrength_scales_v1,158931b39f6bda2d04c731f57069adf8a6a6563b4f70b8ff7cc07e7bfa63098f,operator,vectorstrength,NA,NA,vectorstrength,vectorstrength__vectorstrength_int8_10e4__69b202bdfd791cf6,vectorstrength_int8_10e4,10^4,10280,"events=[257],periods=[40]",INT8,CPU,not_applicable,compatibility/end-to-end,PASS,OK,20,100,88,0.509983,true,69b202bdfd791cf6731b53602d84bf4c1d604a2c84161274804b494e1e4de2f4,aac565e5ad19140b834d95371bc7286a22d2401ae58bc13e105ed6737a692054
1,20260810T090001Z_9b01dadd36f6_stage08_b06_formal_8675000e,formal,20260810T090001Z,9b01dadd36f6bf7c926f41342d17d4ffb3011408,false,stage08_b06_vectorstrength_scales_v1,158931b39f6bda2d04c731f57069adf8a6a6563b4f70b8ff7cc07e7bfa63098f,operator,vectorstrength,NA,NA,vectorstrength,vectorstrength__vectorstrength_int8_10e4__69b202bdfd791cf6,vectorstrength_int8_10e4,10^4,10280,"events=[257],periods=[40]",INT8,CPU,not_applicable,compatibility/end-to-end,PASS,OK,20,100,89,0.509823,true,69b202bdfd791cf6731b53602d84bf4c1d604a2c84161274804b494e1e4de2f4,aac565e5ad19140b834d95371bc7286a22d2401ae58bc13e105ed6737a692054
1,20260810T090001Z_9b01dadd36f6_stage08_b06_formal_8675000e,formal,20260810T090001Z,9b01dadd36f6bf7c926f41342d17d4ffb3011408,false,stage08_b06_vectorstrength_scales_v1,158931b39f6bda2d04c731f57069adf8a6a6563b4f70b8ff7cc07e7bfa63098f,operator,vectorstrength,NA,NA,vectorstrength,vectorstrength__vectorstrength_int8_10e4__69b202bdfd791cf6,vectorstrength_int8_10e4,10^4,10280,"events=[257],periods=[40]",INT8,CPU,not_applicable,compatibility/end-to-end,PASS,OK,20,100,90,0.509773,true,69b202bdfd791cf6731b53602d84bf4c1d604a2c84161274804b494e1e4de2f4,aac565e5ad19140b834d95371bc7286a22d2401ae58bc13e105ed6737a692054
1,20260810T090001Z_9b01dadd36f6_stage08_b06_formal_8675000e,formal,20260810T090001Z,9b01dadd36f6bf7c926f41342d17d4ffb3011408,false,stage08_b06_vectorstrength_scales_v1,158931b39f6bda2d04c731f57069adf8a6a6563b4f70b8ff7cc07e7bfa63098f,operator,vectorstrength,NA,NA,vectorstrength,vectorstrength__vectorstrength_int8_10e4__69b202bdfd791cf6,vectorstrength_int8_10e4,10^4,10280,"events=[257],periods=[40]",INT8,CPU,not_applicable,compatibility/end-to-end,PASS,OK,20,100,91,0.509533,true,69b202bdfd791cf6731b53602d84bf4c1d604a2c84161274804b494e1e4de2f4,aac565e5ad19140b834d95371bc7286a22d2401ae58bc13e105ed6737a692054
1,20260810T090001Z_9b01dadd36f6_stage08_b06_formal_8675000e,formal,20260810T090001Z,9b01dadd36f6bf7c926f41342d17d4ffb3011408,false,stage08_b06_vectorstrength_scales_v1,158931b39f6bda2d04c731f57069adf8a6a6563b4f70b8ff7cc07e7bfa63098f,operator,vectorstrength,NA,NA,vectorstrength,vectorstrength__vectorstrength_int8_10e4__69b202bdfd791cf6,vectorstrength_int8_10e4,10^4,10280,"events=[257],periods=[40]",INT8,CPU,not_applicable,compatibility/end-to-end,PASS,OK,20,100,92,0.509832,true,69b202bdfd791cf6731b53602d84bf4c1d604a2c84161274804b494e1e4de2f4,aac565e5ad19140b834d95371bc7286a22d2401ae58bc13e105ed6737a692054
1,20260810T090001Z_9b01dadd36f6_stage08_b06_formal_8675000e,formal,20260810T090001Z,9b01dadd36f6bf7c926f41342d17d4ffb3011408,false,stage08_b06_vectorstrength_scales_v1,158931b39f6bda2d04c731f57069adf8a6a6563b4f70b8ff7cc07e7bfa63098f,operator,vectorstrength,NA,NA,vectorstrength,vectorstrength__vectorstrength_int8_10e4__69b202bdfd791cf6,vectorstrength_int8_10e4,10^4,10280,"events=[257],periods=[40]",INT8,CPU,not_applicable,compatibility/end-to-end,PASS,OK,20,100,93,0.509803,true,69b202bdfd791cf6731b53602d84bf4c1d604a2c84161274804b494e1e4de2f4,aac565e5ad19140b834d95371bc7286a22d2401ae58bc13e105ed6737a692054
1,20260810T090001Z_9b01dadd36f6_stage08_b06_formal_8675000e,formal,20260810T090001Z,9b01dadd36f6bf7c926f41342d17d4ffb3011408,false,stage08_b06_vectorstrength_scales_v1,158931b39f6bda2d04c731f57069adf8a6a6563b4f70b8ff7cc07e7bfa63098f,operator,vectorstrength,NA,NA,vectorstrength,vectorstrength__vectorstrength_int8_10e4__69b202bdfd791cf6,vectorstrength_int8_10e4,10^4,10280,"events=[257],periods=[40]",INT8,CPU,not_applicable,compatibility/end-to-end,PASS,OK,20,100,94,0.528953,true,69b202bdfd791cf6731b53602d84bf4c1d604a2c84161274804b494e1e4de2f4,aac565e5ad19140b834d95371bc7286a22d2401ae58bc13e105ed6737a692054
1,20260810T090001Z_9b01dadd36f6_stage08_b06_formal_8675000e,formal,20260810T090001Z,9b01dadd36f6bf7c926f41342d17d4ffb3011408,false,stage08_b06_vectorstrength_scales_v1,158931b39f6bda2d04c731f57069adf8a6a6563b4f70b8ff7cc07e7bfa63098f,operator,vectorstrength,NA,NA,vectorstrength,vectorstrength__vectorstrength_int8_10e4__69b202bdfd791cf6,vectorstrength_int8_10e4,10^4,10280,"events=[257],periods=[40]",INT8,CPU,not_applicable,compatibility/end-to-end,PASS,OK,20,100,95,0.509913,true,69b202bdfd791cf6731b53602d84bf4c1d604a2c84161274804b494e1e4de2f4,aac565e5ad19140b834d95371bc7286a22d2401ae58bc13e105ed6737a692054
1,20260810T090001Z_9b01dadd36f6_stage08_b06_formal_8675000e,formal,20260810T090001Z,9b01dadd36f6bf7c926f41342d17d4ffb3011408,false,stage08_b06_vectorstrength_scales_v1,158931b39f6bda2d04c731f57069adf8a6a6563b4f70b8ff7cc07e7bfa63098f,operator,vectorstrength,NA,NA,vectorstrength,vectorstrength__vectorstrength_int8_10e4__69b202bdfd791cf6,vectorstrength_int8_10e4,10^4,10280,"events=[257],periods=[40]",INT8,CPU,not_applicable,compatibility/end-to-end,PASS,OK,20,100,96,0.510033,true,69b202bdfd791cf6731b53602d84bf4c1d604a2c84161274804b494e1e4de2f4,aac565e5ad19140b834d95371bc7286a22d2401ae58bc13e105ed6737a692054
1,20260810T090001Z_9b01dadd36f6_stage08_b06_formal_8675000e,formal,20260810T090001Z,9b01dadd36f6bf7c926f41342d17d4ffb3011408,false,stage08_b06_vectorstrength_scales_v1,158931b39f6bda2d04c731f57069adf8a6a6563b4f70b8ff7cc07e7bfa63098f,operator,vectorstrength,NA,NA,vectorstrength,vectorstrength__vectorstrength_int8_10e4__69b202bdfd791cf6,vectorstrength_int8_10e4,10^4,10280,"events=[257],periods=[40]",INT8,CPU,not_applicable,compatibility/end-to-end,PASS,OK,20,100,97,0.509842,true,69b202bdfd791cf6731b53602d84bf4c1d604a2c84161274804b494e1e4de2f4,aac565e5ad19140b834d95371bc7286a22d2401ae58bc13e105ed6737a692054
1,20260810T090001Z_9b01dadd36f6_stage08_b06_formal_8675000e,formal,20260810T090001Z,9b01dadd36f6bf7c926f41342d17d4ffb3011408,false,stage08_b06_vectorstrength_scales_v1,158931b39f6bda2d04c731f57069adf8a6a6563b4f70b8ff7cc07e7bfa63098f,operator,vectorstrength,NA,NA,vectorstrength,vectorstrength__vectorstrength_int8_10e4__69b202bdfd791cf6,vectorstrength_int8_10e4,10^4,10280,"events=[257],periods=[40]",INT8,CPU,not_applicable,compatibility/end-to-end,PASS,OK,20,100,98,0.509543,true,69b202bdfd791cf6731b53602d84bf4c1d604a2c84161274804b494e1e4de2f4,aac565e5ad19140b834d95371bc7286a22d2401ae58bc13e105ed6737a692054
1,20260810T090001Z_9b01dadd36f6_stage08_b06_formal_8675000e,formal,20260810T090001Z,9b01dadd36f6bf7c926f41342d17d4ffb3011408,false,stage08_b06_vectorstrength_scales_v1,158931b39f6bda2d04c731f57069adf8a6a6563b4f70b8ff7cc07e7bfa63098f,operator,vectorstrength,NA,NA,vectorstrength,vectorstrength__vectorstrength_int8_10e4__69b202bdfd791cf6,vectorstrength_int8_10e4,10^4,10280,"events=[257],periods=[40]",INT8,CPU,not_applicable,compatibility/end-to-end,PASS,OK,20,100,99,0.509693,true,69b202bdfd791cf6731b53602d84bf4c1d604a2c84161274804b494e1e4de2f4,aac565e5ad19140b834d95371bc7286a22d2401ae58bc13e105ed6737a692054
1,20260810T090001Z_9b01dadd36f6_stage08_b06_formal_8675000e,formal,20260810T090001Z,9b01dadd36f6bf7c926f41342d17d4ffb3011408,false,stage08_b06_vectorstrength_scales_v1,158931b39f6bda2d04c731f57069adf8a6a6563b4f70b8ff7cc07e7bfa63098f,operator,vectorstrength,NA,NA,vectorstrength,vectorstrength__vectorstrength_int8_10e4__69b202bdfd791cf6,vectorstrength_int8_10e4,10^4,10280,"events=[257],periods=[40]",INT8,GPU,not_applicable,compatibility/end-to-end,PASS,OK,20,100,0,0.570083,true,69b202bdfd791cf6731b53602d84bf4c1d604a2c84161274804b494e1e4de2f4,6c0c420d172b48aa17439fb8e03241d7005add4604354c93203032cd81571721
1,20260810T090001Z_9b01dadd36f6_stage08_b06_formal_8675000e,formal,20260810T090001Z,9b01dadd36f6bf7c926f41342d17d4ffb3011408,false,stage08_b06_vectorstrength_scales_v1,158931b39f6bda2d04c731f57069adf8a6a6563b4f70b8ff7cc07e7bfa63098f,operator,vectorstrength,NA,NA,vectorstrength,vectorstrength__vectorstrength_int8_10e4__69b202bdfd791cf6,vectorstrength_int8_10e4,10^4,10280,"events=[257],periods=[40]",INT8,GPU,not_applicable,compatibility/end-to-end,PASS,OK,20,100,1,0.564693,true,69b202bdfd791cf6731b53602d84bf4c1d604a2c84161274804b494e1e4de2f4,6c0c420d172b48aa17439fb8e03241d7005add4604354c93203032cd81571721
1,20260810T090001Z_9b01dadd36f6_stage08_b06_formal_8675000e,formal,20260810T090001Z,9b01dadd36f6bf7c926f41342d17d4ffb3011408,false,stage08_b06_vectorstrength_scales_v1,158931b39f6bda2d04c731f57069adf8a6a6563b4f70b8ff7cc07e7bfa63098f,operator,vectorstrength,NA,NA,vectorstrength,vectorstrength__vectorstrength_int8_10e4__69b202bdfd791cf6,vectorstrength_int8_10e4,10^4,10280,"events=[257],periods=[40]",INT8,GPU,not_applicable,compatibility/end-to-end,PASS,OK,20,100,2,0.586913,true,69b202bdfd791cf6731b53602d84bf4c1d604a2c84161274804b494e1e4de2f4,6c0c420d172b48aa17439fb8e03241d7005add4604354c93203032cd81571721
1,20260810T090001Z_9b01dadd36f6_stage08_b06_formal_8675000e,formal,20260810T090001Z,9b01dadd36f6bf7c926f41342d17d4ffb3011408,false,stage08_b06_vectorstrength_scales_v1,158931b39f6bda2d04c731f57069adf8a6a6563b4f70b8ff7cc07e7bfa63098f,operator,vectorstrength,NA,NA,vectorstrength,vectorstrength__vectorstrength_int8_10e4__69b202bdfd791cf6,vectorstrength_int8_10e4,10^4,10280,"events=[257],periods=[40]",INT8,GPU,not_applicable,compatibility/end-to-end,PASS,OK,20,100,3,0.584213,true,69b202bdfd791cf6731b53602d84bf4c1d604a2c84161274804b494e1e4de2f4,6c0c420d172b48aa17439fb8e03241d7005add4604354c93203032cd81571721
1,20260810T090001Z_9b01dadd36f6_stage08_b06_formal_8675000e,formal,20260810T090001Z,9b01dadd36f6bf7c926f41342d17d4ffb3011408,false,stage08_b06_vectorstrength_scales_v1,158931b39f6bda2d04c731f57069adf8a6a6563b4f70b8ff7cc07e7bfa63098f,operator,vectorstrength,NA,NA,vectorstrength,vectorstrength__vectorstrength_int8_10e4__69b202bdfd791cf6,vectorstrength_int8_10e4,10^4,10280,"events=[257],periods=[40]",INT8,GPU,not_applicable,compatibility/end-to-end,PASS,OK,20,100,4,0.588203,true,69b202bdfd791cf6731b53602d84bf4c1d604a2c84161274804b494e1e4de2f4,6c0c420d172b48aa17439fb8e03241d7005add4604354c93203032cd81571721
1,20260810T090001Z_9b01dadd36f6_stage08_b06_formal_8675000e,formal,20260810T090001Z,9b01dadd36f6bf7c926f41342d17d4ffb3011408,false,stage08_b06_vectorstrength_scales_v1,158931b39f6bda2d04c731f57069adf8a6a6563b4f70b8ff7cc07e7bfa63098f,operator,vectorstrength,NA,NA,vectorstrength,vectorstrength__vectorstrength_int8_10e4__69b202bdfd791cf6,vectorstrength_int8_10e4,10^4,10280,"events=[257],periods=[40]",INT8,GPU,not_applicable,compatibility/end-to-end,PASS,OK,20,100,5,0.593263,true,69b202bdfd791cf6731b53602d84bf4c1d604a2c84161274804b494e1e4de2f4,6c0c420d172b48aa17439fb8e03241d7005add4604354c93203032cd81571721
1,20260810T090001Z_9b01dadd36f6_stage08_b06_formal_8675000e,formal,20260810T090001Z,9b01dadd36f6bf7c926f41342d17d4ffb3011408,false,stage08_b06_vectorstrength_scales_v1,158931b39f6bda2d04c731f57069adf8a6a6563b4f70b8ff7cc07e7bfa63098f,operator,vectorstrength,NA,NA,vectorstrength,vectorstrength__vectorstrength_int8_10e4__69b202bdfd791cf6,vectorstrength_int8_10e4,10^4,10280,"events=[257],periods=[40]",INT8,GPU,not_applicable,compatibility/end-to-end,PASS,OK,20,100,6,0.564363,true,69b202bdfd791cf6731b53602d84bf4c1d604a2c84161274804b494e1e4de2f4,6c0c420d172b48aa17439fb8e03241d7005add4604354c93203032cd81571721
1,20260810T090001Z_9b01dadd36f6_stage08_b06_formal_8675000e,formal,20260810T090001Z,9b01dadd36f6bf7c926f41342d17d4ffb3011408,false,stage08_b06_vectorstrength_scales_v1,158931b39f6bda2d04c731f57069adf8a6a6563b4f70b8ff7cc07e7bfa63098f,operator,vectorstrength,NA,NA,vectorstrength,vectorstrength__vectorstrength_int8_10e4__69b202bdfd791cf6,vectorstrength_int8_10e4,10^4,10280,"events=[257],periods=[40]",INT8,GPU,not_applicable,compatibility/end-to-end,PASS,OK,20,100,7,0.572353,true,69b202bdfd791cf6731b53602d84bf4c1d604a2c84161274804b494e1e4de2f4,6c0c420d172b48aa17439fb8e03241d7005add4604354c93203032cd81571721
1,20260810T090001Z_9b01dadd36f6_stage08_b06_formal_8675000e,formal,20260810T090001Z,9b01dadd36f6bf7c926f41342d17d4ffb3011408,false,stage08_b06_vectorstrength_scales_v1,158931b39f6bda2d04c731f57069adf8a6a6563b4f70b8ff7cc07e7bfa63098f,operator,vectorstrength,NA,NA,vectorstrength,vectorstrength__vectorstrength_int8_10e4__69b202bdfd791cf6,vectorstrength_int8_10e4,10^4,10280,"events=[257],periods=[40]",INT8,GPU,not_applicable,compatibility/end-to-end,PASS,OK,20,100,8,0.564683,true,69b202bdfd791cf6731b53602d84bf4c1d604a2c84161274804b494e1e4de2f4,6c0c420d172b48aa17439fb8e03241d7005add4604354c93203032cd81571721
1,20260810T090001Z_9b01dadd36f6_stage08_b06_formal_8675000e,formal,20260810T090001Z,9b01dadd36f6bf7c926f41342d17d4ffb3011408,false,stage08_b06_vectorstrength_scales_v1,158931b39f6bda2d04c731f57069adf8a6a6563b4f70b8ff7cc07e7bfa63098f,operator,vectorstrength,NA,NA,vectorstrength,vectorstrength__vectorstrength_int8_10e4__69b202bdfd791cf6,vectorstrength_int8_10e4,10^4,10280,"events=[257],periods=[40]",INT8,GPU,not_applicable,compatibility/end-to-end,PASS,OK,20,100,9,0.587953,true,69b202bdfd791cf6731b53602d84bf4c1d604a2c84161274804b494e1e4de2f4,6c0c420d172b48aa17439fb8e03241d7005add4604354c93203032cd81571721
1,20260810T090001Z_9b01dadd36f6_stage08_b06_formal_8675000e,formal,20260810T090001Z,9b01dadd36f6bf7c926f41342d17d4ffb3011408,false,stage08_b06_vectorstrength_scales_v1,158931b39f6bda2d04c731f57069adf8a6a6563b4f70b8ff7cc07e7bfa63098f,operator,vectorstrength,NA,NA,vectorstrength,vectorstrength__vectorstrength_int8_10e4__69b202bdfd791cf6,vectorstrength_int8_10e4,10^4,10280,"events=[257],periods=[40]",INT8,GPU,not_applicable,compatibility/end-to-end,PASS,OK,20,100,10,0.572933,true,69b202bdfd791cf6731b53602d84bf4c1d604a2c84161274804b494e1e4de2f4,6c0c420d172b48aa17439fb8e03241d7005add4604354c93203032cd81571721
1,20260810T090001Z_9b01dadd36f6_stage08_b06_formal_8675000e,formal,20260810T090001Z,9b01dadd36f6bf7c926f41342d17d4ffb3011408,false,stage08_b06_vectorstrength_scales_v1,158931b39f6bda2d04c731f57069adf8a6a6563b4f70b8ff7cc07e7bfa63098f,operator,vectorstrength,NA,NA,vectorstrength,vectorstrength__vectorstrength_int8_10e4__69b202bdfd791cf6,vectorstrength_int8_10e4,10^4,10280,"events=[257],periods=[40]",INT8,GPU,not_applicable,compatibility/end-to-end,PASS,OK,20,100,11,0.582713,true,69b202bdfd791cf6731b53602d84bf4c1d604a2c84161274804b494e1e4de2f4,6c0c420d172b48aa17439fb8e03241d7005add4604354c93203032cd81571721
1,20260810T090001Z_9b01dadd36f6_stage08_b06_formal_8675000e,formal,20260810T090001Z,9b01dadd36f6bf7c926f41342d17d4ffb3011408,false,stage08_b06_vectorstrength_scales_v1,158931b39f6bda2d04c731f57069adf8a6a6563b4f70b8ff7cc07e7bfa63098f,operator,vectorstrength,NA,NA,vectorstrength,vectorstrength__vectorstrength_int8_10e4__69b202bdfd791cf6,vectorstrength_int8_10e4,10^4,10280,"events=[257],periods=[40]",INT8,GPU,not_applicable,compatibility/end-to-end,PASS,OK,20,100,12,0.584684,true,69b202bdfd791cf6731b53602d84bf4c1d604a2c84161274804b494e1e4de2f4,6c0c420d172b48aa17439fb8e03241d7005add4604354c93203032cd81571721
1,20260810T090001Z_9b01dadd36f6_stage08_b06_formal_8675000e,formal,20260810T090001Z,9b01dadd36f6bf7c926f41342d17d4ffb3011408,false,stage08_b06_vectorstrength_scales_v1,158931b39f6bda2d04c731f57069adf8a6a6563b4f70b8ff7cc07e7bfa63098f,operator,vectorstrength,NA,NA,vectorstrength,vectorstrength__vectorstrength_int8_10e4__69b202bdfd791cf6,vectorstrength_int8_10e4,10^4,10280,"events=[257],periods=[40]",INT8,GPU,not_applicable,compatibility/end-to-end,PASS,OK,20,100,13,0.567553,true,69b202bdfd791cf6731b53602d84bf4c1d604a2c84161274804b494e1e4de2f4,6c0c420d172b48aa17439fb8e03241d7005add4604354c93203032cd81571721
1,20260810T090001Z_9b01dadd36f6_stage08_b06_formal_8675000e,formal,20260810T090001Z,9b01dadd36f6bf7c926f41342d17d4ffb3011408,false,stage08_b06_vectorstrength_scales_v1,158931b39f6bda2d04c731f57069adf8a6a6563b4f70b8ff7cc07e7bfa63098f,operator,vectorstrength,NA,NA,vectorstrength,vectorstrength__vectorstrength_int8_10e4__69b202bdfd791cf6,vectorstrength_int8_10e4,10^4,10280,"events=[257],periods=[40]",INT8,GPU,not_applicable,compatibility/end-to-end,PASS,OK,20,100,14,0.578063,true,69b202bdfd791cf6731b53602d84bf4c1d604a2c84161274804b494e1e4de2f4,6c0c420d172b48aa17439fb8e03241d7005add4604354c93203032cd81571721
1,20260810T090001Z_9b01dadd36f6_stage08_b06_formal_8675000e,formal,20260810T090001Z,9b01dadd36f6bf7c926f41342d17d4ffb3011408,false,stage08_b06_vectorstrength_scales_v1,158931b39f6bda2d04c731f57069adf8a6a6563b4f70b8ff7cc07e7bfa63098f,operator,vectorstrength,NA,NA,vectorstrength,vectorstrength__vectorstrength_int8_10e4__69b202bdfd791cf6,vectorstrength_int8_10e4,10^4,10280,"events=[257],periods=[40]",INT8,GPU,not_applicable,compatibility/end-to-end,PASS,OK,20,100,15,0.572383,true,69b202bdfd791cf6731b53602d84bf4c1d604a2c84161274804b494e1e4de2f4,6c0c420d172b48aa17439fb8e03241d7005add4604354c93203032cd81571721
1,20260810T090001Z_9b01dadd36f6_stage08_b06_formal_8675000e,formal,20260810T090001Z,9b01dadd36f6bf7c926f41342d17d4ffb3011408,false,stage08_b06_vectorstrength_scales_v1,158931b39f6bda2d04c731f57069adf8a6a6563b4f70b8ff7cc07e7bfa63098f,operator,vectorstrength,NA,NA,vectorstrength,vectorstrength__vectorstrength_int8_10e4__69b202bdfd791cf6,vectorstrength_int8_10e4,10^4,10280,"events=[257],periods=[40]",INT8,GPU,not_applicable,compatibility/end-to-end,PASS,OK,20,100,16,0.569073,true,69b202bdfd791cf6731b53602d84bf4c1d604a2c84161274804b494e1e4de2f4,6c0c420d172b48aa17439fb8e03241d7005add4604354c93203032cd81571721
1,20260810T090001Z_9b01dadd36f6_stage08_b06_formal_8675000e,formal,20260810T090001Z,9b01dadd36f6bf7c926f41342d17d4ffb3011408,false,stage08_b06_vectorstrength_scales_v1,158931b39f6bda2d04c731f57069adf8a6a6563b4f70b8ff7cc07e7bfa63098f,operator,vectorstrength,NA,NA,vectorstrength,vectorstrength__vectorstrength_int8_10e4__69b202bdfd791cf6,vectorstrength_int8_10e4,10^4,10280,"events=[257],periods=[40]",INT8,GPU,not_applicable,compatibility/end-to-end,PASS,OK,20,100,17,0.566083,true,69b202bdfd791cf6731b53602d84bf4c1d604a2c84161274804b494e1e4de2f4,6c0c420d172b48aa17439fb8e03241d7005add4604354c93203032cd81571721
1,20260810T090001Z_9b01dadd36f6_stage08_b06_formal_8675000e,formal,20260810T090001Z,9b01dadd36f6bf7c926f41342d17d4ffb3011408,false,stage08_b06_vectorstrength_scales_v1,158931b39f6bda2d04c731f57069adf8a6a6563b4f70b8ff7cc07e7bfa63098f,operator,vectorstrength,NA,NA,vectorstrength,vectorstrength__vectorstrength_int8_10e4__69b202bdfd791cf6,vectorstrength_int8_10e4,10^4,10280,"events=[257],periods=[40]",INT8,GPU,not_applicable,compatibility/end-to-end,PASS,OK,20,100,18,0.580934,true,69b202bdfd791cf6731b53602d84bf4c1d604a2c84161274804b494e1e4de2f4,6c0c420d172b48aa17439fb8e03241d7005add4604354c93203032cd81571721
1,20260810T090001Z_9b01dadd36f6_stage08_b06_formal_8675000e,formal,20260810T090001Z,9b01dadd36f6bf7c926f41342d17d4ffb3011408,false,stage08_b06_vectorstrength_scales_v1,158931b39f6bda2d04c731f57069adf8a6a6563b4f70b8ff7cc07e7bfa63098f,operator,vectorstrength,NA,NA,vectorstrength,vectorstrength__vectorstrength_int8_10e4__69b202bdfd791cf6,vectorstrength_int8_10e4,10^4,10280,"events=[257],periods=[40]",INT8,GPU,not_applicable,compatibility/end-to-end,PASS,OK,20,100,19,0.577273,true,69b202bdfd791cf6731b53602d84bf4c1d604a2c84161274804b494e1e4de2f4,6c0c420d172b48aa17439fb8e03241d7005add4604354c93203032cd81571721
1,20260810T090001Z_9b01dadd36f6_stage08_b06_formal_8675000e,formal,20260810T090001Z,9b01dadd36f6bf7c926f41342d17d4ffb3011408,false,stage08_b06_vectorstrength_scales_v1,158931b39f6bda2d04c731f57069adf8a6a6563b4f70b8ff7cc07e7bfa63098f,operator,vectorstrength,NA,NA,vectorstrength,vectorstrength__vectorstrength_int8_10e4__69b202bdfd791cf6,vectorstrength_int8_10e4,10^4,10280,"events=[257],periods=[40]",INT8,GPU,not_applicable,compatibility/end-to-end,PASS,OK,20,100,20,0.573433,true,69b202bdfd791cf6731b53602d84bf4c1d604a2c84161274804b494e1e4de2f4,6c0c420d172b48aa17439fb8e03241d7005add4604354c93203032cd81571721
1,20260810T090001Z_9b01dadd36f6_stage08_b06_formal_8675000e,formal,20260810T090001Z,9b01dadd36f6bf7c926f41342d17d4ffb3011408,false,stage08_b06_vectorstrength_scales_v1,158931b39f6bda2d04c731f57069adf8a6a6563b4f70b8ff7cc07e7bfa63098f,operator,vectorstrength,NA,NA,vectorstrength,vectorstrength__vectorstrength_int8_10e4__69b202bdfd791cf6,vectorstrength_int8_10e4,10^4,10280,"events=[257],periods=[40]",INT8,GPU,not_applicable,compatibility/end-to-end,PASS,OK,20,100,21,0.557373,true,69b202bdfd791cf6731b53602d84bf4c1d604a2c84161274804b494e1e4de2f4,6c0c420d172b48aa17439fb8e03241d7005add4604354c93203032cd81571721
1,20260810T090001Z_9b01dadd36f6_stage08_b06_formal_8675000e,formal,20260810T090001Z,9b01dadd36f6bf7c926f41342d17d4ffb3011408,false,stage08_b06_vectorstrength_scales_v1,158931b39f6bda2d04c731f57069adf8a6a6563b4f70b8ff7cc07e7bfa63098f,operator,vectorstrength,NA,NA,vectorstrength,vectorstrength__vectorstrength_int8_10e4__69b202bdfd791cf6,vectorstrength_int8_10e4,10^4,10280,"events=[257],periods=[40]",INT8,GPU,not_applicable,compatibility/end-to-end,PASS,OK,20,100,22,0.571203,true,69b202bdfd791cf6731b53602d84bf4c1d604a2c84161274804b494e1e4de2f4,6c0c420d172b48aa17439fb8e03241d7005add4604354c93203032cd81571721
1,20260810T090001Z_9b01dadd36f6_stage08_b06_formal_8675000e,formal,20260810T090001Z,9b01dadd36f6bf7c926f41342d17d4ffb3011408,false,stage08_b06_vectorstrength_scales_v1,158931b39f6bda2d04c731f57069adf8a6a6563b4f70b8ff7cc07e7bfa63098f,operator,vectorstrength,NA,NA,vectorstrength,vectorstrength__vectorstrength_int8_10e4__69b202bdfd791cf6,vectorstrength_int8_10e4,10^4,10280,"events=[257],periods=[40]",INT8,GPU,not_applicable,compatibility/end-to-end,PASS,OK,20,100,23,0.556353,true,69b202bdfd791cf6731b53602d84bf4c1d604a2c84161274804b494e1e4de2f4,6c0c420d172b48aa17439fb8e03241d7005add4604354c93203032cd81571721
1,20260810T090001Z_9b01dadd36f6_stage08_b06_formal_8675000e,formal,20260810T090001Z,9b01dadd36f6bf7c926f41342d17d4ffb3011408,false,stage08_b06_vectorstrength_scales_v1,158931b39f6bda2d04c731f57069adf8a6a6563b4f70b8ff7cc07e7bfa63098f,operator,vectorstrength,NA,NA,vectorstrength,vectorstrength__vectorstrength_int8_10e4__69b202bdfd791cf6,vectorstrength_int8_10e4,10^4,10280,"events=[257],periods=[40]",INT8,GPU,not_applicable,compatibility/end-to-end,PASS,OK,20,100,24,0.567343,true,69b202bdfd791cf6731b53602d84bf4c1d604a2c84161274804b494e1e4de2f4,6c0c420d172b48aa17439fb8e03241d7005add4604354c93203032cd81571721
1,20260810T090001Z_9b01dadd36f6_stage08_b06_formal_8675000e,formal,20260810T090001Z,9b01dadd36f6bf7c926f41342d17d4ffb3011408,false,stage08_b06_vectorstrength_scales_v1,158931b39f6bda2d04c731f57069adf8a6a6563b4f70b8ff7cc07e7bfa63098f,operator,vectorstrength,NA,NA,vectorstrength,vectorstrength__vectorstrength_int8_10e4__69b202bdfd791cf6,vectorstrength_int8_10e4,10^4,10280,"events=[257],periods=[40]",INT8,GPU,not_applicable,compatibility/end-to-end,PASS,OK,20,100,25,0.557693,true,69b202bdfd791cf6731b53602d84bf4c1d604a2c84161274804b494e1e4de2f4,6c0c420d172b48aa17439fb8e03241d7005add4604354c93203032cd81571721
1,20260810T090001Z_9b01dadd36f6_stage08_b06_formal_8675000e,formal,20260810T090001Z,9b01dadd36f6bf7c926f41342d17d4ffb3011408,false,stage08_b06_vectorstrength_scales_v1,158931b39f6bda2d04c731f57069adf8a6a6563b4f70b8ff7cc07e7bfa63098f,operator,vectorstrength,NA,NA,vectorstrength,vectorstrength__vectorstrength_int8_10e4__69b202bdfd791cf6,vectorstrength_int8_10e4,10^4,10280,"events=[257],periods=[40]",INT8,GPU,not_applicable,compatibility/end-to-end,PASS,OK,20,100,26,0.574223,true,69b202bdfd791cf6731b53602d84bf4c1d604a2c84161274804b494e1e4de2f4,6c0c420d172b48aa17439fb8e03241d7005add4604354c93203032cd81571721
1,20260810T090001Z_9b01dadd36f6_stage08_b06_formal_8675000e,formal,20260810T090001Z,9b01dadd36f6bf7c926f41342d17d4ffb3011408,false,stage08_b06_vectorstrength_scales_v1,158931b39f6bda2d04c731f57069adf8a6a6563b4f70b8ff7cc07e7bfa63098f,operator,vectorstrength,NA,NA,vectorstrength,vectorstrength__vectorstrength_int8_10e4__69b202bdfd791cf6,vectorstrength_int8_10e4,10^4,10280,"events=[257],periods=[40]",INT8,GPU,not_applicable,compatibility/end-to-end,PASS,OK,20,100,27,0.558693,true,69b202bdfd791cf6731b53602d84bf4c1d604a2c84161274804b494e1e4de2f4,6c0c420d172b48aa17439fb8e03241d7005add4604354c93203032cd81571721
1,20260810T090001Z_9b01dadd36f6_stage08_b06_formal_8675000e,formal,20260810T090001Z,9b01dadd36f6bf7c926f41342d17d4ffb3011408,false,stage08_b06_vectorstrength_scales_v1,158931b39f6bda2d04c731f57069adf8a6a6563b4f70b8ff7cc07e7bfa63098f,operator,vectorstrength,NA,NA,vectorstrength,vectorstrength__vectorstrength_int8_10e4__69b202bdfd791cf6,vectorstrength_int8_10e4,10^4,10280,"events=[257],periods=[40]",INT8,GPU,not_applicable,compatibility/end-to-end,PASS,OK,20,100,28,0.554403,true,69b202bdfd791cf6731b53602d84bf4c1d604a2c84161274804b494e1e4de2f4,6c0c420d172b48aa17439fb8e03241d7005add4604354c93203032cd81571721
1,20260810T090001Z_9b01dadd36f6_stage08_b06_formal_8675000e,formal,20260810T090001Z,9b01dadd36f6bf7c926f41342d17d4ffb3011408,false,stage08_b06_vectorstrength_scales_v1,158931b39f6bda2d04c731f57069adf8a6a6563b4f70b8ff7cc07e7bfa63098f,operator,vectorstrength,NA,NA,vectorstrength,vectorstrength__vectorstrength_int8_10e4__69b202bdfd791cf6,vectorstrength_int8_10e4,10^4,10280,"events=[257],periods=[40]",INT8,GPU,not_applicable,compatibility/end-to-end,PASS,OK,20,100,29,0.571313,true,69b202bdfd791cf6731b53602d84bf4c1d604a2c84161274804b494e1e4de2f4,6c0c420d172b48aa17439fb8e03241d7005add4604354c93203032cd81571721
1,20260810T090001Z_9b01dadd36f6_stage08_b06_formal_8675000e,formal,20260810T090001Z,9b01dadd36f6bf7c926f41342d17d4ffb3011408,false,stage08_b06_vectorstrength_scales_v1,158931b39f6bda2d04c731f57069adf8a6a6563b4f70b8ff7cc07e7bfa63098f,operator,vectorstrength,NA,NA,vectorstrength,vectorstrength__vectorstrength_int8_10e4__69b202bdfd791cf6,vectorstrength_int8_10e4,10^4,10280,"events=[257],periods=[40]",INT8,GPU,not_applicable,compatibility/end-to-end,PASS,OK,20,100,30,0.556083,true,69b202bdfd791cf6731b53602d84bf4c1d604a2c84161274804b494e1e4de2f4,6c0c420d172b48aa17439fb8e03241d7005add4604354c93203032cd81571721
1,20260810T090001Z_9b01dadd36f6_stage08_b06_formal_8675000e,formal,20260810T090001Z,9b01dadd36f6bf7c926f41342d17d4ffb3011408,false,stage08_b06_vectorstrength_scales_v1,158931b39f6bda2d04c731f57069adf8a6a6563b4f70b8ff7cc07e7bfa63098f,operator,vectorstrength,NA,NA,vectorstrength,vectorstrength__vectorstrength_int8_10e4__69b202bdfd791cf6,vectorstrength_int8_10e4,10^4,10280,"events=[257],periods=[40]",INT8,GPU,not_applicable,compatibility/end-to-end,PASS,OK,20,100,31,0.572454,true,69b202bdfd791cf6731b53602d84bf4c1d604a2c84161274804b494e1e4de2f4,6c0c420d172b48aa17439fb8e03241d7005add4604354c93203032cd81571721
1,20260810T090001Z_9b01dadd36f6_stage08_b06_formal_8675000e,formal,20260810T090001Z,9b01dadd36f6bf7c926f41342d17d4ffb3011408,false,stage08_b06_vectorstrength_scales_v1,158931b39f6bda2d04c731f57069adf8a6a6563b4f70b8ff7cc07e7bfa63098f,operator,vectorstrength,NA,NA,vectorstrength,vectorstrength__vectorstrength_int8_10e4__69b202bdfd791cf6,vectorstrength_int8_10e4,10^4,10280,"events=[257],periods=[40]",INT8,GPU,not_applicable,compatibility/end-to-end,PASS,OK,20,100,32,0.562583,true,69b202bdfd791cf6731b53602d84bf4c1d604a2c84161274804b494e1e4de2f4,6c0c420d172b48aa17439fb8e03241d7005add4604354c93203032cd81571721
1,20260810T090001Z_9b01dadd36f6_stage08_b06_formal_8675000e,formal,20260810T090001Z,9b01dadd36f6bf7c926f41342d17d4ffb3011408,false,stage08_b06_vectorstrength_scales_v1,158931b39f6bda2d04c731f57069adf8a6a6563b4f70b8ff7cc07e7bfa63098f,operator,vectorstrength,NA,NA,vectorstrength,vectorstrength__vectorstrength_int8_10e4__69b202bdfd791cf6,vectorstrength_int8_10e4,10^4,10280,"events=[257],periods=[40]",INT8,GPU,not_applicable,compatibility/end-to-end,PASS,OK,20,100,33,0.556963,true,69b202bdfd791cf6731b53602d84bf4c1d604a2c84161274804b494e1e4de2f4,6c0c420d172b48aa17439fb8e03241d7005add4604354c93203032cd81571721
1,20260810T090001Z_9b01dadd36f6_stage08_b06_formal_8675000e,formal,20260810T090001Z,9b01dadd36f6bf7c926f41342d17d4ffb3011408,false,stage08_b06_vectorstrength_scales_v1,158931b39f6bda2d04c731f57069adf8a6a6563b4f70b8ff7cc07e7bfa63098f,operator,vectorstrength,NA,NA,vectorstrength,vectorstrength__vectorstrength_int8_10e4__69b202bdfd791cf6,vectorstrength_int8_10e4,10^4,10280,"events=[257],periods=[40]",INT8,GPU,not_applicable,compatibility/end-to-end,PASS,OK,20,100,34,0.564163,true,69b202bdfd791cf6731b53602d84bf4c1d604a2c84161274804b494e1e4de2f4,6c0c420d172b48aa17439fb8e03241d7005add4604354c93203032cd81571721
1,20260810T090001Z_9b01dadd36f6_stage08_b06_formal_8675000e,formal,20260810T090001Z,9b01dadd36f6bf7c926f41342d17d4ffb3011408,false,stage08_b06_vectorstrength_scales_v1,158931b39f6bda2d04c731f57069adf8a6a6563b4f70b8ff7cc07e7bfa63098f,operator,vectorstrength,NA,NA,vectorstrength,vectorstrength__vectorstrength_int8_10e4__69b202bdfd791cf6,vectorstrength_int8_10e4,10^4,10280,"events=[257],periods=[40]",INT8,GPU,not_applicable,compatibility/end-to-end,PASS,OK,20,100,35,0.569753,true,69b202bdfd791cf6731b53602d84bf4c1d604a2c84161274804b494e1e4de2f4,6c0c420d172b48aa17439fb8e03241d7005add4604354c93203032cd81571721
1,20260810T090001Z_9b01dadd36f6_stage08_b06_formal_8675000e,formal,20260810T090001Z,9b01dadd36f6bf7c926f41342d17d4ffb3011408,false,stage08_b06_vectorstrength_scales_v1,158931b39f6bda2d04c731f57069adf8a6a6563b4f70b8ff7cc07e7bfa63098f,operator,vectorstrength,NA,NA,vectorstrength,vectorstrength__vectorstrength_int8_10e4__69b202bdfd791cf6,vectorstrength_int8_10e4,10^4,10280,"events=[257],periods=[40]",INT8,GPU,not_applicable,compatibility/end-to-end,PASS,OK,20,100,36,0.561213,true,69b202bdfd791cf6731b53602d84bf4c1d604a2c84161274804b494e1e4de2f4,6c0c420d172b48aa17439fb8e03241d7005add4604354c93203032cd81571721
1,20260810T090001Z_9b01dadd36f6_stage08_b06_formal_8675000e,formal,20260810T090001Z,9b01dadd36f6bf7c926f41342d17d4ffb3011408,false,stage08_b06_vectorstrength_scales_v1,158931b39f6bda2d04c731f57069adf8a6a6563b4f70b8ff7cc07e7bfa63098f,operator,vectorstrength,NA,NA,vectorstrength,vectorstrength__vectorstrength_int8_10e4__69b202bdfd791cf6,vectorstrength_int8_10e4,10^4,10280,"events=[257],periods=[40]",INT8,GPU,not_applicable,compatibility/end-to-end,PASS,OK,20,100,37,0.556303,true,69b202bdfd791cf6731b53602d84bf4c1d604a2c84161274804b494e1e4de2f4,6c0c420d172b48aa17439fb8e03241d7005add4604354c93203032cd81571721
1,20260810T090001Z_9b01dadd36f6_stage08_b06_formal_8675000e,formal,20260810T090001Z,9b01dadd36f6bf7c926f41342d17d4ffb3011408,false,stage08_b06_vectorstrength_scales_v1,158931b39f6bda2d04c731f57069adf8a6a6563b4f70b8ff7cc07e7bfa63098f,operator,vectorstrength,NA,NA,vectorstrength,vectorstrength__vectorstrength_int8_10e4__69b202bdfd791cf6,vectorstrength_int8_10e4,10^4,10280,"events=[257],periods=[40]",INT8,GPU,not_applicable,compatibility/end-to-end,PASS,OK,20,100,38,0.555133,true,69b202bdfd791cf6731b53602d84bf4c1d604a2c84161274804b494e1e4de2f4,6c0c420d172b48aa17439fb8e03241d7005add4604354c93203032cd81571721
1,20260810T090001Z_9b01dadd36f6_stage08_b06_formal_8675000e,formal,20260810T090001Z,9b01dadd36f6bf7c926f41342d17d4ffb3011408,false,stage08_b06_vectorstrength_scales_v1,158931b39f6bda2d04c731f57069adf8a6a6563b4f70b8ff7cc07e7bfa63098f,operator,vectorstrength,NA,NA,vectorstrength,vectorstrength__vectorstrength_int8_10e4__69b202bdfd791cf6,vectorstrength_int8_10e4,10^4,10280,"events=[257],periods=[40]",INT8,GPU,not_applicable,compatibility/end-to-end,PASS,OK,20,100,39,0.561533,true,69b202bdfd791cf6731b53602d84bf4c1d604a2c84161274804b494e1e4de2f4,6c0c420d172b48aa17439fb8e03241d7005add4604354c93203032cd81571721
1,20260810T090001Z_9b01dadd36f6_stage08_b06_formal_8675000e,formal,20260810T090001Z,9b01dadd36f6bf7c926f41342d17d4ffb3011408,false,stage08_b06_vectorstrength_scales_v1,158931b39f6bda2d04c731f57069adf8a6a6563b4f70b8ff7cc07e7bfa63098f,operator,vectorstrength,NA,NA,vectorstrength,vectorstrength__vectorstrength_int8_10e4__69b202bdfd791cf6,vectorstrength_int8_10e4,10^4,10280,"events=[257],periods=[40]",INT8,GPU,not_applicable,compatibility/end-to-end,PASS,OK,20,100,40,0.587713,true,69b202bdfd791cf6731b53602d84bf4c1d604a2c84161274804b494e1e4de2f4,6c0c420d172b48aa17439fb8e03241d7005add4604354c93203032cd81571721
1,20260810T090001Z_9b01dadd36f6_stage08_b06_formal_8675000e,formal,20260810T090001Z,9b01dadd36f6bf7c926f41342d17d4ffb3011408,false,stage08_b06_vectorstrength_scales_v1,158931b39f6bda2d04c731f57069adf8a6a6563b4f70b8ff7cc07e7bfa63098f,operator,vectorstrength,NA,NA,vectorstrength,vectorstrength__vectorstrength_int8_10e4__69b202bdfd791cf6,vectorstrength_int8_10e4,10^4,10280,"events=[257],periods=[40]",INT8,GPU,not_applicable,compatibility/end-to-end,PASS,OK,20,100,41,0.561553,true,69b202bdfd791cf6731b53602d84bf4c1d604a2c84161274804b494e1e4de2f4,6c0c420d172b48aa17439fb8e03241d7005add4604354c93203032cd81571721
1,20260810T090001Z_9b01dadd36f6_stage08_b06_formal_8675000e,formal,20260810T090001Z,9b01dadd36f6bf7c926f41342d17d4ffb3011408,false,stage08_b06_vectorstrength_scales_v1,158931b39f6bda2d04c731f57069adf8a6a6563b4f70b8ff7cc07e7bfa63098f,operator,vectorstrength,NA,NA,vectorstrength,vectorstrength__vectorstrength_int8_10e4__69b202bdfd791cf6,vectorstrength_int8_10e4,10^4,10280,"events=[257],periods=[40]",INT8,GPU,not_applicable,compatibility/end-to-end,PASS,OK,20,100,42,0.568713,true,69b202bdfd791cf6731b53602d84bf4c1d604a2c84161274804b494e1e4de2f4,6c0c420d172b48aa17439fb8e03241d7005add4604354c93203032cd81571721
1,20260810T090001Z_9b01dadd36f6_stage08_b06_formal_8675000e,formal,20260810T090001Z,9b01dadd36f6bf7c926f41342d17d4ffb3011408,false,stage08_b06_vectorstrength_scales_v1,158931b39f6bda2d04c731f57069adf8a6a6563b4f70b8ff7cc07e7bfa63098f,operator,vectorstrength,NA,NA,vectorstrength,vectorstrength__vectorstrength_int8_10e4__69b202bdfd791cf6,vectorstrength_int8_10e4,10^4,10280,"events=[257],periods=[40]",INT8,GPU,not_applicable,compatibility/end-to-end,PASS,OK,20,100,43,0.563393,true,69b202bdfd791cf6731b53602d84bf4c1d604a2c84161274804b494e1e4de2f4,6c0c420d172b48aa17439fb8e03241d7005add4604354c93203032cd81571721
1,20260810T090001Z_9b01dadd36f6_stage08_b06_formal_8675000e,formal,20260810T090001Z,9b01dadd36f6bf7c926f41342d17d4ffb3011408,false,stage08_b06_vectorstrength_scales_v1,158931b39f6bda2d04c731f57069adf8a6a6563b4f70b8ff7cc07e7bfa63098f,operator,vectorstrength,NA,NA,vectorstrength,vectorstrength__vectorstrength_int8_10e4__69b202bdfd791cf6,vectorstrength_int8_10e4,10^4,10280,"events=[257],periods=[40]",INT8,GPU,not_applicable,compatibility/end-to-end,PASS,OK,20,100,44,0.558163,true,69b202bdfd791cf6731b53602d84bf4c1d604a2c84161274804b494e1e4de2f4,6c0c420d172b48aa17439fb8e03241d7005add4604354c93203032cd81571721
1,20260810T090001Z_9b01dadd36f6_stage08_b06_formal_8675000e,formal,20260810T090001Z,9b01dadd36f6bf7c926f41342d17d4ffb3011408,false,stage08_b06_vectorstrength_scales_v1,158931b39f6bda2d04c731f57069adf8a6a6563b4f70b8ff7cc07e7bfa63098f,operator,vectorstrength,NA,NA,vectorstrength,vectorstrength__vectorstrength_int8_10e4__69b202bdfd791cf6,vectorstrength_int8_10e4,10^4,10280,"events=[257],periods=[40]",INT8,GPU,not_applicable,compatibility/end-to-end,PASS,OK,20,100,45,0.565793,true,69b202bdfd791cf6731b53602d84bf4c1d604a2c84161274804b494e1e4de2f4,6c0c420d172b48aa17439fb8e03241d7005add4604354c93203032cd81571721
1,20260810T090001Z_9b01dadd36f6_stage08_b06_formal_8675000e,formal,20260810T090001Z,9b01dadd36f6bf7c926f41342d17d4ffb3011408,false,stage08_b06_vectorstrength_scales_v1,158931b39f6bda2d04c731f57069adf8a6a6563b4f70b8ff7cc07e7bfa63098f,operator,vectorstrength,NA,NA,vectorstrength,vectorstrength__vectorstrength_int8_10e4__69b202bdfd791cf6,vectorstrength_int8_10e4,10^4,10280,"events=[257],periods=[40]",INT8,GPU,not_applicable,compatibility/end-to-end,PASS,OK,20,100,46,0.575804,true,69b202bdfd791cf6731b53602d84bf4c1d604a2c84161274804b494e1e4de2f4,6c0c420d172b48aa17439fb8e03241d7005add4604354c93203032cd81571721
1,20260810T090001Z_9b01dadd36f6_stage08_b06_formal_8675000e,formal,20260810T090001Z,9b01dadd36f6bf7c926f41342d17d4ffb3011408,false,stage08_b06_vectorstrength_scales_v1,158931b39f6bda2d04c731f57069adf8a6a6563b4f70b8ff7cc07e7bfa63098f,operator,vectorstrength,NA,NA,vectorstrength,vectorstrength__vectorstrength_int8_10e4__69b202bdfd791cf6,vectorstrength_int8_10e4,10^4,10280,"events=[257],periods=[40]",INT8,GPU,not_applicable,compatibility/end-to-end,PASS,OK,20,100,47,0.815834,true,69b202bdfd791cf6731b53602d84bf4c1d604a2c84161274804b494e1e4de2f4,6c0c420d172b48aa17439fb8e03241d7005add4604354c93203032cd81571721
1,20260810T090001Z_9b01dadd36f6_stage08_b06_formal_8675000e,formal,20260810T090001Z,9b01dadd36f6bf7c926f41342d17d4ffb3011408,false,stage08_b06_vectorstrength_scales_v1,158931b39f6bda2d04c731f57069adf8a6a6563b4f70b8ff7cc07e7bfa63098f,operator,vectorstrength,NA,NA,vectorstrength,vectorstrength__vectorstrength_int8_10e4__69b202bdfd791cf6,vectorstrength_int8_10e4,10^4,10280,"events=[257],periods=[40]",INT8,GPU,not_applicable,compatibility/end-to-end,PASS,OK,20,100,48,0.661094,true,69b202bdfd791cf6731b53602d84bf4c1d604a2c84161274804b494e1e4de2f4,6c0c420d172b48aa17439fb8e03241d7005add4604354c93203032cd81571721
1,20260810T090001Z_9b01dadd36f6_stage08_b06_formal_8675000e,formal,20260810T090001Z,9b01dadd36f6bf7c926f41342d17d4ffb3011408,false,stage08_b06_vectorstrength_scales_v1,158931b39f6bda2d04c731f57069adf8a6a6563b4f70b8ff7cc07e7bfa63098f,operator,vectorstrength,NA,NA,vectorstrength,vectorstrength__vectorstrength_int8_10e4__69b202bdfd791cf6,vectorstrength_int8_10e4,10^4,10280,"events=[257],periods=[40]",INT8,GPU,not_applicable,compatibility/end-to-end,PASS,OK,20,100,49,0.601593,true,69b202bdfd791cf6731b53602d84bf4c1d604a2c84161274804b494e1e4de2f4,6c0c420d172b48aa17439fb8e03241d7005add4604354c93203032cd81571721
1,20260810T090001Z_9b01dadd36f6_stage08_b06_formal_8675000e,formal,20260810T090001Z,9b01dadd36f6bf7c926f41342d17d4ffb3011408,false,stage08_b06_vectorstrength_scales_v1,158931b39f6bda2d04c731f57069adf8a6a6563b4f70b8ff7cc07e7bfa63098f,operator,vectorstrength,NA,NA,vectorstrength,vectorstrength__vectorstrength_int8_10e4__69b202bdfd791cf6,vectorstrength_int8_10e4,10^4,10280,"events=[257],periods=[40]",INT8,GPU,not_applicable,compatibility/end-to-end,PASS,OK,20,100,50,0.606193,true,69b202bdfd791cf6731b53602d84bf4c1d604a2c84161274804b494e1e4de2f4,6c0c420d172b48aa17439fb8e03241d7005add4604354c93203032cd81571721
1,20260810T090001Z_9b01dadd36f6_stage08_b06_formal_8675000e,formal,20260810T090001Z,9b01dadd36f6bf7c926f41342d17d4ffb3011408,false,stage08_b06_vectorstrength_scales_v1,158931b39f6bda2d04c731f57069adf8a6a6563b4f70b8ff7cc07e7bfa63098f,operator,vectorstrength,NA,NA,vectorstrength,vectorstrength__vectorstrength_int8_10e4__69b202bdfd791cf6,vectorstrength_int8_10e4,10^4,10280,"events=[257],periods=[40]",INT8,GPU,not_applicable,compatibility/end-to-end,PASS,OK,20,100,51,0.592443,true,69b202bdfd791cf6731b53602d84bf4c1d604a2c84161274804b494e1e4de2f4,6c0c420d172b48aa17439fb8e03241d7005add4604354c93203032cd81571721
1,20260810T090001Z_9b01dadd36f6_stage08_b06_formal_8675000e,formal,20260810T090001Z,9b01dadd36f6bf7c926f41342d17d4ffb3011408,false,stage08_b06_vectorstrength_scales_v1,158931b39f6bda2d04c731f57069adf8a6a6563b4f70b8ff7cc07e7bfa63098f,operator,vectorstrength,NA,NA,vectorstrength,vectorstrength__vectorstrength_int8_10e4__69b202bdfd791cf6,vectorstrength_int8_10e4,10^4,10280,"events=[257],periods=[40]",INT8,GPU,not_applicable,compatibility/end-to-end,PASS,OK,20,100,52,0.614014,true,69b202bdfd791cf6731b53602d84bf4c1d604a2c84161274804b494e1e4de2f4,6c0c420d172b48aa17439fb8e03241d7005add4604354c93203032cd81571721
1,20260810T090001Z_9b01dadd36f6_stage08_b06_formal_8675000e,formal,20260810T090001Z,9b01dadd36f6bf7c926f41342d17d4ffb3011408,false,stage08_b06_vectorstrength_scales_v1,158931b39f6bda2d04c731f57069adf8a6a6563b4f70b8ff7cc07e7bfa63098f,operator,vectorstrength,NA,NA,vectorstrength,vectorstrength__vectorstrength_int8_10e4__69b202bdfd791cf6,vectorstrength_int8_10e4,10^4,10280,"events=[257],periods=[40]",INT8,GPU,not_applicable,compatibility/end-to-end,PASS,OK,20,100,53,0.639463,true,69b202bdfd791cf6731b53602d84bf4c1d604a2c84161274804b494e1e4de2f4,6c0c420d172b48aa17439fb8e03241d7005add4604354c93203032cd81571721
1,20260810T090001Z_9b01dadd36f6_stage08_b06_formal_8675000e,formal,20260810T090001Z,9b01dadd36f6bf7c926f41342d17d4ffb3011408,false,stage08_b06_vectorstrength_scales_v1,158931b39f6bda2d04c731f57069adf8a6a6563b4f70b8ff7cc07e7bfa63098f,operator,vectorstrength,NA,NA,vectorstrength,vectorstrength__vectorstrength_int8_10e4__69b202bdfd791cf6,vectorstrength_int8_10e4,10^4,10280,"events=[257],periods=[40]",INT8,GPU,not_applicable,compatibility/end-to-end,PASS,OK,20,100,54,0.609633,true,69b202bdfd791cf6731b53602d84bf4c1d604a2c84161274804b494e1e4de2f4,6c0c420d172b48aa17439fb8e03241d7005add4604354c93203032cd81571721
1,20260810T090001Z_9b01dadd36f6_stage08_b06_formal_8675000e,formal,20260810T090001Z,9b01dadd36f6bf7c926f41342d17d4ffb3011408,false,stage08_b06_vectorstrength_scales_v1,158931b39f6bda2d04c731f57069adf8a6a6563b4f70b8ff7cc07e7bfa63098f,operator,vectorstrength,NA,NA,vectorstrength,vectorstrength__vectorstrength_int8_10e4__69b202bdfd791cf6,vectorstrength_int8_10e4,10^4,10280,"events=[257],periods=[40]",INT8,GPU,not_applicable,compatibility/end-to-end,PASS,OK,20,100,55,0.590934,true,69b202bdfd791cf6731b53602d84bf4c1d604a2c84161274804b494e1e4de2f4,6c0c420d172b48aa17439fb8e03241d7005add4604354c93203032cd81571721
1,20260810T090001Z_9b01dadd36f6_stage08_b06_formal_8675000e,formal,20260810T090001Z,9b01dadd36f6bf7c926f41342d17d4ffb3011408,false,stage08_b06_vectorstrength_scales_v1,158931b39f6bda2d04c731f57069adf8a6a6563b4f70b8ff7cc07e7bfa63098f,operator,vectorstrength,NA,NA,vectorstrength,vectorstrength__vectorstrength_int8_10e4__69b202bdfd791cf6,vectorstrength_int8_10e4,10^4,10280,"events=[257],periods=[40]",INT8,GPU,not_applicable,compatibility/end-to-end,PASS,OK,20,100,56,0.610233,true,69b202bdfd791cf6731b53602d84bf4c1d604a2c84161274804b494e1e4de2f4,6c0c420d172b48aa17439fb8e03241d7005add4604354c93203032cd81571721
1,20260810T090001Z_9b01dadd36f6_stage08_b06_formal_8675000e,formal,20260810T090001Z,9b01dadd36f6bf7c926f41342d17d4ffb3011408,false,stage08_b06_vectorstrength_scales_v1,158931b39f6bda2d04c731f57069adf8a6a6563b4f70b8ff7cc07e7bfa63098f,operator,vectorstrength,NA,NA,vectorstrength,vectorstrength__vectorstrength_int8_10e4__69b202bdfd791cf6,vectorstrength_int8_10e4,10^4,10280,"events=[257],periods=[40]",INT8,GPU,not_applicable,compatibility/end-to-end,PASS,OK,20,100,57,0.604253,true,69b202bdfd791cf6731b53602d84bf4c1d604a2c84161274804b494e1e4de2f4,6c0c420d172b48aa17439fb8e03241d7005add4604354c93203032cd81571721
1,20260810T090001Z_9b01dadd36f6_stage08_b06_formal_8675000e,formal,20260810T090001Z,9b01dadd36f6bf7c926f41342d17d4ffb3011408,false,stage08_b06_vectorstrength_scales_v1,158931b39f6bda2d04c731f57069adf8a6a6563b4f70b8ff7cc07e7bfa63098f,operator,vectorstrength,NA,NA,vectorstrength,vectorstrength__vectorstrength_int8_10e4__69b202bdfd791cf6,vectorstrength_int8_10e4,10^4,10280,"events=[257],periods=[40]",INT8,GPU,not_applicable,compatibility/end-to-end,PASS,OK,20,100,58,0.608194,true,69b202bdfd791cf6731b53602d84bf4c1d604a2c84161274804b494e1e4de2f4,6c0c420d172b48aa17439fb8e03241d7005add4604354c93203032cd81571721
1,20260810T090001Z_9b01dadd36f6_stage08_b06_formal_8675000e,formal,20260810T090001Z,9b01dadd36f6bf7c926f41342d17d4ffb3011408,false,stage08_b06_vectorstrength_scales_v1,158931b39f6bda2d04c731f57069adf8a6a6563b4f70b8ff7cc07e7bfa63098f,operator,vectorstrength,NA,NA,vectorstrength,vectorstrength__vectorstrength_int8_10e4__69b202bdfd791cf6,vectorstrength_int8_10e4,10^4,10280,"events=[257],periods=[40]",INT8,GPU,not_applicable,compatibility/end-to-end,PASS,OK,20,100,59,0.607943,true,69b202bdfd791cf6731b53602d84bf4c1d604a2c84161274804b494e1e4de2f4,6c0c420d172b48aa17439fb8e03241d7005add4604354c93203032cd81571721
1,20260810T090001Z_9b01dadd36f6_stage08_b06_formal_8675000e,formal,20260810T090001Z,9b01dadd36f6bf7c926f41342d17d4ffb3011408,false,stage08_b06_vectorstrength_scales_v1,158931b39f6bda2d04c731f57069adf8a6a6563b4f70b8ff7cc07e7bfa63098f,operator,vectorstrength,NA,NA,vectorstrength,vectorstrength__vectorstrength_int8_10e4__69b202bdfd791cf6,vectorstrength_int8_10e4,10^4,10280,"events=[257],periods=[40]",INT8,GPU,not_applicable,compatibility/end-to-end,PASS,OK,20,100,60,0.621933,true,69b202bdfd791cf6731b53602d84bf4c1d604a2c84161274804b494e1e4de2f4,6c0c420d172b48aa17439fb8e03241d7005add4604354c93203032cd81571721
1,20260810T090001Z_9b01dadd36f6_stage08_b06_formal_8675000e,formal,20260810T090001Z,9b01dadd36f6bf7c926f41342d17d4ffb3011408,false,stage08_b06_vectorstrength_scales_v1,158931b39f6bda2d04c731f57069adf8a6a6563b4f70b8ff7cc07e7bfa63098f,operator,vectorstrength,NA,NA,vectorstrength,vectorstrength__vectorstrength_int8_10e4__69b202bdfd791cf6,vectorstrength_int8_10e4,10^4,10280,"events=[257],periods=[40]",INT8,GPU,not_applicable,compatibility/end-to-end,PASS,OK,20,100,61,0.603424,true,69b202bdfd791cf6731b53602d84bf4c1d604a2c84161274804b494e1e4de2f4,6c0c420d172b48aa17439fb8e03241d7005add4604354c93203032cd81571721
1,20260810T090001Z_9b01dadd36f6_stage08_b06_formal_8675000e,formal,20260810T090001Z,9b01dadd36f6bf7c926f41342d17d4ffb3011408,false,stage08_b06_vectorstrength_scales_v1,158931b39f6bda2d04c731f57069adf8a6a6563b4f70b8ff7cc07e7bfa63098f,operator,vectorstrength,NA,NA,vectorstrength,vectorstrength__vectorstrength_int8_10e4__69b202bdfd791cf6,vectorstrength_int8_10e4,10^4,10280,"events=[257],periods=[40]",INT8,GPU,not_applicable,compatibility/end-to-end,PASS,OK,20,100,62,0.604193,true,69b202bdfd791cf6731b53602d84bf4c1d604a2c84161274804b494e1e4de2f4,6c0c420d172b48aa17439fb8e03241d7005add4604354c93203032cd81571721
1,20260810T090001Z_9b01dadd36f6_stage08_b06_formal_8675000e,formal,20260810T090001Z,9b01dadd36f6bf7c926f41342d17d4ffb3011408,false,stage08_b06_vectorstrength_scales_v1,158931b39f6bda2d04c731f57069adf8a6a6563b4f70b8ff7cc07e7bfa63098f,operator,vectorstrength,NA,NA,vectorstrength,vectorstrength__vectorstrength_int8_10e4__69b202bdfd791cf6,vectorstrength_int8_10e4,10^4,10280,"events=[257],periods=[40]",INT8,GPU,not_applicable,compatibility/end-to-end,PASS,OK,20,100,63,0.597623,true,69b202bdfd791cf6731b53602d84bf4c1d604a2c84161274804b494e1e4de2f4,6c0c420d172b48aa17439fb8e03241d7005add4604354c93203032cd81571721
1,20260810T090001Z_9b01dadd36f6_stage08_b06_formal_8675000e,formal,20260810T090001Z,9b01dadd36f6bf7c926f41342d17d4ffb3011408,false,stage08_b06_vectorstrength_scales_v1,158931b39f6bda2d04c731f57069adf8a6a6563b4f70b8ff7cc07e7bfa63098f,operator,vectorstrength,NA,NA,vectorstrength,vectorstrength__vectorstrength_int8_10e4__69b202bdfd791cf6,vectorstrength_int8_10e4,10^4,10280,"events=[257],periods=[40]",INT8,GPU,not_applicable,compatibility/end-to-end,PASS,OK,20,100,64,0.601213,true,69b202bdfd791cf6731b53602d84bf4c1d604a2c84161274804b494e1e4de2f4,6c0c420d172b48aa17439fb8e03241d7005add4604354c93203032cd81571721
1,20260810T090001Z_9b01dadd36f6_stage08_b06_formal_8675000e,formal,20260810T090001Z,9b01dadd36f6bf7c926f41342d17d4ffb3011408,false,stage08_b06_vectorstrength_scales_v1,158931b39f6bda2d04c731f57069adf8a6a6563b4f70b8ff7cc07e7bfa63098f,operator,vectorstrength,NA,NA,vectorstrength,vectorstrength__vectorstrength_int8_10e4__69b202bdfd791cf6,vectorstrength_int8_10e4,10^4,10280,"events=[257],periods=[40]",INT8,GPU,not_applicable,compatibility/end-to-end,PASS,OK,20,100,65,0.614514,true,69b202bdfd791cf6731b53602d84bf4c1d604a2c84161274804b494e1e4de2f4,6c0c420d172b48aa17439fb8e03241d7005add4604354c93203032cd81571721
1,20260810T090001Z_9b01dadd36f6_stage08_b06_formal_8675000e,formal,20260810T090001Z,9b01dadd36f6bf7c926f41342d17d4ffb3011408,false,stage08_b06_vectorstrength_scales_v1,158931b39f6bda2d04c731f57069adf8a6a6563b4f70b8ff7cc07e7bfa63098f,operator,vectorstrength,NA,NA,vectorstrength,vectorstrength__vectorstrength_int8_10e4__69b202bdfd791cf6,vectorstrength_int8_10e4,10^4,10280,"events=[257],periods=[40]",INT8,GPU,not_applicable,compatibility/end-to-end,PASS,OK,20,100,66,0.630343,true,69b202bdfd791cf6731b53602d84bf4c1d604a2c84161274804b494e1e4de2f4,6c0c420d172b48aa17439fb8e03241d7005add4604354c93203032cd81571721
1,20260810T090001Z_9b01dadd36f6_stage08_b06_formal_8675000e,formal,20260810T090001Z,9b01dadd36f6bf7c926f41342d17d4ffb3011408,false,stage08_b06_vectorstrength_scales_v1,158931b39f6bda2d04c731f57069adf8a6a6563b4f70b8ff7cc07e7bfa63098f,operator,vectorstrength,NA,NA,vectorstrength,vectorstrength__vectorstrength_int8_10e4__69b202bdfd791cf6,vectorstrength_int8_10e4,10^4,10280,"events=[257],periods=[40]",INT8,GPU,not_applicable,compatibility/end-to-end,PASS,OK,20,100,67,0.598423,true,69b202bdfd791cf6731b53602d84bf4c1d604a2c84161274804b494e1e4de2f4,6c0c420d172b48aa17439fb8e03241d7005add4604354c93203032cd81571721
1,20260810T090001Z_9b01dadd36f6_stage08_b06_formal_8675000e,formal,20260810T090001Z,9b01dadd36f6bf7c926f41342d17d4ffb3011408,false,stage08_b06_vectorstrength_scales_v1,158931b39f6bda2d04c731f57069adf8a6a6563b4f70b8ff7cc07e7bfa63098f,operator,vectorstrength,NA,NA,vectorstrength,vectorstrength__vectorstrength_int8_10e4__69b202bdfd791cf6,vectorstrength_int8_10e4,10^4,10280,"events=[257],periods=[40]",INT8,GPU,not_applicable,compatibility/end-to-end,PASS,OK,20,100,68,0.601454,true,69b202bdfd791cf6731b53602d84bf4c1d604a2c84161274804b494e1e4de2f4,6c0c420d172b48aa17439fb8e03241d7005add4604354c93203032cd81571721
1,20260810T090001Z_9b01dadd36f6_stage08_b06_formal_8675000e,formal,20260810T090001Z,9b01dadd36f6bf7c926f41342d17d4ffb3011408,false,stage08_b06_vectorstrength_scales_v1,158931b39f6bda2d04c731f57069adf8a6a6563b4f70b8ff7cc07e7bfa63098f,operator,vectorstrength,NA,NA,vectorstrength,vectorstrength__vectorstrength_int8_10e4__69b202bdfd791cf6,vectorstrength_int8_10e4,10^4,10280,"events=[257],periods=[40]",INT8,GPU,not_applicable,compatibility/end-to-end,PASS,OK,20,100,69,0.598753,true,69b202bdfd791cf6731b53602d84bf4c1d604a2c84161274804b494e1e4de2f4,6c0c420d172b48aa17439fb8e03241d7005add4604354c93203032cd81571721
1,20260810T090001Z_9b01dadd36f6_stage08_b06_formal_8675000e,formal,20260810T090001Z,9b01dadd36f6bf7c926f41342d17d4ffb3011408,false,stage08_b06_vectorstrength_scales_v1,158931b39f6bda2d04c731f57069adf8a6a6563b4f70b8ff7cc07e7bfa63098f,operator,vectorstrength,NA,NA,vectorstrength,vectorstrength__vectorstrength_int8_10e4__69b202bdfd791cf6,vectorstrength_int8_10e4,10^4,10280,"events=[257],periods=[40]",INT8,GPU,not_applicable,compatibility/end-to-end,PASS,OK,20,100,70,0.612723,true,69b202bdfd791cf6731b53602d84bf4c1d604a2c84161274804b494e1e4de2f4,6c0c420d172b48aa17439fb8e03241d7005add4604354c93203032cd81571721
1,20260810T090001Z_9b01dadd36f6_stage08_b06_formal_8675000e,formal,20260810T090001Z,9b01dadd36f6bf7c926f41342d17d4ffb3011408,false,stage08_b06_vectorstrength_scales_v1,158931b39f6bda2d04c731f57069adf8a6a6563b4f70b8ff7cc07e7bfa63098f,operator,vectorstrength,NA,NA,vectorstrength,vectorstrength__vectorstrength_int8_10e4__69b202bdfd791cf6,vectorstrength_int8_10e4,10^4,10280,"events=[257],periods=[40]",INT8,GPU,not_applicable,compatibility/end-to-end,PASS,OK,20,100,71,0.607114,true,69b202bdfd791cf6731b53602d84bf4c1d604a2c84161274804b494e1e4de2f4,6c0c420d172b48aa17439fb8e03241d7005add4604354c93203032cd81571721
1,20260810T090001Z_9b01dadd36f6_stage08_b06_formal_8675000e,formal,20260810T090001Z,9b01dadd36f6bf7c926f41342d17d4ffb3011408,false,stage08_b06_vectorstrength_scales_v1,158931b39f6bda2d04c731f57069adf8a6a6563b4f70b8ff7cc07e7bfa63098f,operator,vectorstrength,NA,NA,vectorstrength,vectorstrength__vectorstrength_int8_10e4__69b202bdfd791cf6,vectorstrength_int8_10e4,10^4,10280,"events=[257],periods=[40]",INT8,GPU,not_applicable,compatibility/end-to-end,PASS,OK,20,100,72,0.601693,true,69b202bdfd791cf6731b53602d84bf4c1d604a2c84161274804b494e1e4de2f4,6c0c420d172b48aa17439fb8e03241d7005add4604354c93203032cd81571721
1,20260810T090001Z_9b01dadd36f6_stage08_b06_formal_8675000e,formal,20260810T090001Z,9b01dadd36f6bf7c926f41342d17d4ffb3011408,false,stage08_b06_vectorstrength_scales_v1,158931b39f6bda2d04c731f57069adf8a6a6563b4f70b8ff7cc07e7bfa63098f,operator,vectorstrength,NA,NA,vectorstrength,vectorstrength__vectorstrength_int8_10e4__69b202bdfd791cf6,vectorstrength_int8_10e4,10^4,10280,"events=[257],periods=[40]",INT8,GPU,not_applicable,compatibility/end-to-end,PASS,OK,20,100,73,0.621983,true,69b202bdfd791cf6731b53602d84bf4c1d604a2c84161274804b494e1e4de2f4,6c0c420d172b48aa17439fb8e03241d7005add4604354c93203032cd81571721
1,20260810T090001Z_9b01dadd36f6_stage08_b06_formal_8675000e,formal,20260810T090001Z,9b01dadd36f6bf7c926f41342d17d4ffb3011408,false,stage08_b06_vectorstrength_scales_v1,158931b39f6bda2d04c731f57069adf8a6a6563b4f70b8ff7cc07e7bfa63098f,operator,vectorstrength,NA,NA,vectorstrength,vectorstrength__vectorstrength_int8_10e4__69b202bdfd791cf6,vectorstrength_int8_10e4,10^4,10280,"events=[257],periods=[40]",INT8,GPU,not_applicable,compatibility/end-to-end,PASS,OK,20,100,74,0.602264,true,69b202bdfd791cf6731b53602d84bf4c1d604a2c84161274804b494e1e4de2f4,6c0c420d172b48aa17439fb8e03241d7005add4604354c93203032cd81571721
1,20260810T090001Z_9b01dadd36f6_stage08_b06_formal_8675000e,formal,20260810T090001Z,9b01dadd36f6bf7c926f41342d17d4ffb3011408,false,stage08_b06_vectorstrength_scales_v1,158931b39f6bda2d04c731f57069adf8a6a6563b4f70b8ff7cc07e7bfa63098f,operator,vectorstrength,NA,NA,vectorstrength,vectorstrength__vectorstrength_int8_10e4__69b202bdfd791cf6,vectorstrength_int8_10e4,10^4,10280,"events=[257],periods=[40]",INT8,GPU,not_applicable,compatibility/end-to-end,PASS,OK,20,100,75,0.597593,true,69b202bdfd791cf6731b53602d84bf4c1d604a2c84161274804b494e1e4de2f4,6c0c420d172b48aa17439fb8e03241d7005add4604354c93203032cd81571721
1,20260810T090001Z_9b01dadd36f6_stage08_b06_formal_8675000e,formal,20260810T090001Z,9b01dadd36f6bf7c926f41342d17d4ffb3011408,false,stage08_b06_vectorstrength_scales_v1,158931b39f6bda2d04c731f57069adf8a6a6563b4f70b8ff7cc07e7bfa63098f,operator,vectorstrength,NA,NA,vectorstrength,vectorstrength__vectorstrength_int8_10e4__69b202bdfd791cf6,vectorstrength_int8_10e4,10^4,10280,"events=[257],periods=[40]",INT8,GPU,not_applicable,compatibility/end-to-end,PASS,OK,20,100,76,0.598633,true,69b202bdfd791cf6731b53602d84bf4c1d604a2c84161274804b494e1e4de2f4,6c0c420d172b48aa17439fb8e03241d7005add4604354c93203032cd81571721
1,20260810T090001Z_9b01dadd36f6_stage08_b06_formal_8675000e,formal,20260810T090001Z,9b01dadd36f6bf7c926f41342d17d4ffb3011408,false,stage08_b06_vectorstrength_scales_v1,158931b39f6bda2d04c731f57069adf8a6a6563b4f70b8ff7cc07e7bfa63098f,operator,vectorstrength,NA,NA,vectorstrength,vectorstrength__vectorstrength_int8_10e4__69b202bdfd791cf6,vectorstrength_int8_10e4,10^4,10280,"events=[257],periods=[40]",INT8,GPU,not_applicable,compatibility/end-to-end,PASS,OK,20,100,77,0.599663,true,69b202bdfd791cf6731b53602d84bf4c1d604a2c84161274804b494e1e4de2f4,6c0c420d172b48aa17439fb8e03241d7005add4604354c93203032cd81571721
1,20260810T090001Z_9b01dadd36f6_stage08_b06_formal_8675000e,formal,20260810T090001Z,9b01dadd36f6bf7c926f41342d17d4ffb3011408,false,stage08_b06_vectorstrength_scales_v1,158931b39f6bda2d04c731f57069adf8a6a6563b4f70b8ff7cc07e7bfa63098f,operator,vectorstrength,NA,NA,vectorstrength,vectorstrength__vectorstrength_int8_10e4__69b202bdfd791cf6,vectorstrength_int8_10e4,10^4,10280,"events=[257],periods=[40]",INT8,GPU,not_applicable,compatibility/end-to-end,PASS,OK,20,100,78,0.592283,true,69b202bdfd791cf6731b53602d84bf4c1d604a2c84161274804b494e1e4de2f4,6c0c420d172b48aa17439fb8e03241d7005add4604354c93203032cd81571721
1,20260810T090001Z_9b01dadd36f6_stage08_b06_formal_8675000e,formal,20260810T090001Z,9b01dadd36f6bf7c926f41342d17d4ffb3011408,false,stage08_b06_vectorstrength_scales_v1,158931b39f6bda2d04c731f57069adf8a6a6563b4f70b8ff7cc07e7bfa63098f,operator,vectorstrength,NA,NA,vectorstrength,vectorstrength__vectorstrength_int8_10e4__69b202bdfd791cf6,vectorstrength_int8_10e4,10^4,10280,"events=[257],periods=[40]",INT8,GPU,not_applicable,compatibility/end-to-end,PASS,OK,20,100,79,0.592274,true,69b202bdfd791cf6731b53602d84bf4c1d604a2c84161274804b494e1e4de2f4,6c0c420d172b48aa17439fb8e03241d7005add4604354c93203032cd81571721
1,20260810T090001Z_9b01dadd36f6_stage08_b06_formal_8675000e,formal,20260810T090001Z,9b01dadd36f6bf7c926f41342d17d4ffb3011408,false,stage08_b06_vectorstrength_scales_v1,158931b39f6bda2d04c731f57069adf8a6a6563b4f70b8ff7cc07e7bfa63098f,operator,vectorstrength,NA,NA,vectorstrength,vectorstrength__vectorstrength_int8_10e4__69b202bdfd791cf6,vectorstrength_int8_10e4,10^4,10280,"events=[257],periods=[40]",INT8,GPU,not_applicable,compatibility/end-to-end,PASS,OK,20,100,80,0.619253,true,69b202bdfd791cf6731b53602d84bf4c1d604a2c84161274804b494e1e4de2f4,6c0c420d172b48aa17439fb8e03241d7005add4604354c93203032cd81571721
1,20260810T090001Z_9b01dadd36f6_stage08_b06_formal_8675000e,formal,20260810T090001Z,9b01dadd36f6bf7c926f41342d17d4ffb3011408,false,stage08_b06_vectorstrength_scales_v1,158931b39f6bda2d04c731f57069adf8a6a6563b4f70b8ff7cc07e7bfa63098f,operator,vectorstrength,NA,NA,vectorstrength,vectorstrength__vectorstrength_int8_10e4__69b202bdfd791cf6,vectorstrength_int8_10e4,10^4,10280,"events=[257],periods=[40]",INT8,GPU,not_applicable,compatibility/end-to-end,PASS,OK,20,100,81,0.598633,true,69b202bdfd791cf6731b53602d84bf4c1d604a2c84161274804b494e1e4de2f4,6c0c420d172b48aa17439fb8e03241d7005add4604354c93203032cd81571721
1,20260810T090001Z_9b01dadd36f6_stage08_b06_formal_8675000e,formal,20260810T090001Z,9b01dadd36f6bf7c926f41342d17d4ffb3011408,false,stage08_b06_vectorstrength_scales_v1,158931b39f6bda2d04c731f57069adf8a6a6563b4f70b8ff7cc07e7bfa63098f,operator,vectorstrength,NA,NA,vectorstrength,vectorstrength__vectorstrength_int8_10e4__69b202bdfd791cf6,vectorstrength_int8_10e4,10^4,10280,"events=[257],periods=[40]",INT8,GPU,not_applicable,compatibility/end-to-end,PASS,OK,20,100,82,0.602124,true,69b202bdfd791cf6731b53602d84bf4c1d604a2c84161274804b494e1e4de2f4,6c0c420d172b48aa17439fb8e03241d7005add4604354c93203032cd81571721
1,20260810T090001Z_9b01dadd36f6_stage08_b06_formal_8675000e,formal,20260810T090001Z,9b01dadd36f6bf7c926f41342d17d4ffb3011408,false,stage08_b06_vectorstrength_scales_v1,158931b39f6bda2d04c731f57069adf8a6a6563b4f70b8ff7cc07e7bfa63098f,operator,vectorstrength,NA,NA,vectorstrength,vectorstrength__vectorstrength_int8_10e4__69b202bdfd791cf6,vectorstrength_int8_10e4,10^4,10280,"events=[257],periods=[40]",INT8,GPU,not_applicable,compatibility/end-to-end,PASS,OK,20,100,83,0.613443,true,69b202bdfd791cf6731b53602d84bf4c1d604a2c84161274804b494e1e4de2f4,6c0c420d172b48aa17439fb8e03241d7005add4604354c93203032cd81571721
1,20260810T090001Z_9b01dadd36f6_stage08_b06_formal_8675000e,formal,20260810T090001Z,9b01dadd36f6bf7c926f41342d17d4ffb3011408,false,stage08_b06_vectorstrength_scales_v1,158931b39f6bda2d04c731f57069adf8a6a6563b4f70b8ff7cc07e7bfa63098f,operator,vectorstrength,NA,NA,vectorstrength,vectorstrength__vectorstrength_int8_10e4__69b202bdfd791cf6,vectorstrength_int8_10e4,10^4,10280,"events=[257],periods=[40]",INT8,GPU,not_applicable,compatibility/end-to-end,PASS,OK,20,100,84,0.593673,true,69b202bdfd791cf6731b53602d84bf4c1d604a2c84161274804b494e1e4de2f4,6c0c420d172b48aa17439fb8e03241d7005add4604354c93203032cd81571721
1,20260810T090001Z_9b01dadd36f6_stage08_b06_formal_8675000e,formal,20260810T090001Z,9b01dadd36f6bf7c926f41342d17d4ffb3011408,false,stage08_b06_vectorstrength_scales_v1,158931b39f6bda2d04c731f57069adf8a6a6563b4f70b8ff7cc07e7bfa63098f,operator,vectorstrength,NA,NA,vectorstrength,vectorstrength__vectorstrength_int8_10e4__69b202bdfd791cf6,vectorstrength_int8_10e4,10^4,10280,"events=[257],periods=[40]",INT8,GPU,not_applicable,compatibility/end-to-end,PASS,OK,20,100,85,0.602404,true,69b202bdfd791cf6731b53602d84bf4c1d604a2c84161274804b494e1e4de2f4,6c0c420d172b48aa17439fb8e03241d7005add4604354c93203032cd81571721
1,20260810T090001Z_9b01dadd36f6_stage08_b06_formal_8675000e,formal,20260810T090001Z,9b01dadd36f6bf7c926f41342d17d4ffb3011408,false,stage08_b06_vectorstrength_scales_v1,158931b39f6bda2d04c731f57069adf8a6a6563b4f70b8ff7cc07e7bfa63098f,operator,vectorstrength,NA,NA,vectorstrength,vectorstrength__vectorstrength_int8_10e4__69b202bdfd791cf6,vectorstrength_int8_10e4,10^4,10280,"events=[257],periods=[40]",INT8,GPU,not_applicable,compatibility/end-to-end,PASS,OK,20,100,86,0.614023,true,69b202bdfd791cf6731b53602d84bf4c1d604a2c84161274804b494e1e4de2f4,6c0c420d172b48aa17439fb8e03241d7005add4604354c93203032cd81571721
1,20260810T090001Z_9b01dadd36f6_stage08_b06_formal_8675000e,formal,20260810T090001Z,9b01dadd36f6bf7c926f41342d17d4ffb3011408,false,stage08_b06_vectorstrength_scales_v1,158931b39f6bda2d04c731f57069adf8a6a6563b4f70b8ff7cc07e7bfa63098f,operator,vectorstrength,NA,NA,vectorstrength,vectorstrength__vectorstrength_int8_10e4__69b202bdfd791cf6,vectorstrength_int8_10e4,10^4,10280,"events=[257],periods=[40]",INT8,GPU,not_applicable,compatibility/end-to-end,PASS,OK,20,100,87,0.606513,true,69b202bdfd791cf6731b53602d84bf4c1d604a2c84161274804b494e1e4de2f4,6c0c420d172b48aa17439fb8e03241d7005add4604354c93203032cd81571721
1,20260810T090001Z_9b01dadd36f6_stage08_b06_formal_8675000e,formal,20260810T090001Z,9b01dadd36f6bf7c926f41342d17d4ffb3011408,false,stage08_b06_vectorstrength_scales_v1,158931b39f6bda2d04c731f57069adf8a6a6563b4f70b8ff7cc07e7bfa63098f,operator,vectorstrength,NA,NA,vectorstrength,vectorstrength__vectorstrength_int8_10e4__69b202bdfd791cf6,vectorstrength_int8_10e4,10^4,10280,"events=[257],periods=[40]",INT8,GPU,not_applicable,compatibility/end-to-end,PASS,OK,20,100,88,0.599974,true,69b202bdfd791cf6731b53602d84bf4c1d604a2c84161274804b494e1e4de2f4,6c0c420d172b48aa17439fb8e03241d7005add4604354c93203032cd81571721
1,20260810T090001Z_9b01dadd36f6_stage08_b06_formal_8675000e,formal,20260810T090001Z,9b01dadd36f6bf7c926f41342d17d4ffb3011408,false,stage08_b06_vectorstrength_scales_v1,158931b39f6bda2d04c731f57069adf8a6a6563b4f70b8ff7cc07e7bfa63098f,operator,vectorstrength,NA,NA,vectorstrength,vectorstrength__vectorstrength_int8_10e4__69b202bdfd791cf6,vectorstrength_int8_10e4,10^4,10280,"events=[257],periods=[40]",INT8,GPU,not_applicable,compatibility/end-to-end,PASS,OK,20,100,89,0.594653,true,69b202bdfd791cf6731b53602d84bf4c1d604a2c84161274804b494e1e4de2f4,6c0c420d172b48aa17439fb8e03241d7005add4604354c93203032cd81571721
1,20260810T090001Z_9b01dadd36f6_stage08_b06_formal_8675000e,formal,20260810T090001Z,9b01dadd36f6bf7c926f41342d17d4ffb3011408,false,stage08_b06_vectorstrength_scales_v1,158931b39f6bda2d04c731f57069adf8a6a6563b4f70b8ff7cc07e7bfa63098f,operator,vectorstrength,NA,NA,vectorstrength,vectorstrength__vectorstrength_int8_10e4__69b202bdfd791cf6,vectorstrength_int8_10e4,10^4,10280,"events=[257],periods=[40]",INT8,GPU,not_applicable,compatibility/end-to-end,PASS,OK,20,100,90,0.603613,true,69b202bdfd791cf6731b53602d84bf4c1d604a2c84161274804b494e1e4de2f4,6c0c420d172b48aa17439fb8e03241d7005add4604354c93203032cd81571721
1,20260810T090001Z_9b01dadd36f6_stage08_b06_formal_8675000e,formal,20260810T090001Z,9b01dadd36f6bf7c926f41342d17d4ffb3011408,false,stage08_b06_vectorstrength_scales_v1,158931b39f6bda2d04c731f57069adf8a6a6563b4f70b8ff7cc07e7bfa63098f,operator,vectorstrength,NA,NA,vectorstrength,vectorstrength__vectorstrength_int8_10e4__69b202bdfd791cf6,vectorstrength_int8_10e4,10^4,10280,"events=[257],periods=[40]",INT8,GPU,not_applicable,compatibility/end-to-end,PASS,OK,20,100,91,0.601643,true,69b202bdfd791cf6731b53602d84bf4c1d604a2c84161274804b494e1e4de2f4,6c0c420d172b48aa17439fb8e03241d7005add4604354c93203032cd81571721
1,20260810T090001Z_9b01dadd36f6_stage08_b06_formal_8675000e,formal,20260810T090001Z,9b01dadd36f6bf7c926f41342d17d4ffb3011408,false,stage08_b06_vectorstrength_scales_v1,158931b39f6bda2d04c731f57069adf8a6a6563b4f70b8ff7cc07e7bfa63098f,operator,vectorstrength,NA,NA,vectorstrength,vectorstrength__vectorstrength_int8_10e4__69b202bdfd791cf6,vectorstrength_int8_10e4,10^4,10280,"events=[257],periods=[40]",INT8,GPU,not_applicable,compatibility/end-to-end,PASS,OK,20,100,92,0.610603,true,69b202bdfd791cf6731b53602d84bf4c1d604a2c84161274804b494e1e4de2f4,6c0c420d172b48aa17439fb8e03241d7005add4604354c93203032cd81571721
1,20260810T090001Z_9b01dadd36f6_stage08_b06_formal_8675000e,formal,20260810T090001Z,9b01dadd36f6bf7c926f41342d17d4ffb3011408,false,stage08_b06_vectorstrength_scales_v1,158931b39f6bda2d04c731f57069adf8a6a6563b4f70b8ff7cc07e7bfa63098f,operator,vectorstrength,NA,NA,vectorstrength,vectorstrength__vectorstrength_int8_10e4__69b202bdfd791cf6,vectorstrength_int8_10e4,10^4,10280,"events=[257],periods=[40]",INT8,GPU,not_applicable,compatibility/end-to-end,PASS,OK,20,100,93,0.756515,true,69b202bdfd791cf6731b53602d84bf4c1d604a2c84161274804b494e1e4de2f4,6c0c420d172b48aa17439fb8e03241d7005add4604354c93203032cd81571721
1,20260810T090001Z_9b01dadd36f6_stage08_b06_formal_8675000e,formal,20260810T090001Z,9b01dadd36f6bf7c926f41342d17d4ffb3011408,false,stage08_b06_vectorstrength_scales_v1,158931b39f6bda2d04c731f57069adf8a6a6563b4f70b8ff7cc07e7bfa63098f,operator,vectorstrength,NA,NA,vectorstrength,vectorstrength__vectorstrength_int8_10e4__69b202bdfd791cf6,vectorstrength_int8_10e4,10^4,10280,"events=[257],periods=[40]",INT8,GPU,not_applicable,compatibility/end-to-end,PASS,OK,20,100,94,0.596893,true,69b202bdfd791cf6731b53602d84bf4c1d604a2c84161274804b494e1e4de2f4,6c0c420d172b48aa17439fb8e03241d7005add4604354c93203032cd81571721
1,20260810T090001Z_9b01dadd36f6_stage08_b06_formal_8675000e,formal,20260810T090001Z,9b01dadd36f6bf7c926f41342d17d4ffb3011408,false,stage08_b06_vectorstrength_scales_v1,158931b39f6bda2d04c731f57069adf8a6a6563b4f70b8ff7cc07e7bfa63098f,operator,vectorstrength,NA,NA,vectorstrength,vectorstrength__vectorstrength_int8_10e4__69b202bdfd791cf6,vectorstrength_int8_10e4,10^4,10280,"events=[257],periods=[40]",INT8,GPU,not_applicable,compatibility/end-to-end,PASS,OK,20,100,95,0.595333,true,69b202bdfd791cf6731b53602d84bf4c1d604a2c84161274804b494e1e4de2f4,6c0c420d172b48aa17439fb8e03241d7005add4604354c93203032cd81571721
1,20260810T090001Z_9b01dadd36f6_stage08_b06_formal_8675000e,formal,20260810T090001Z,9b01dadd36f6bf7c926f41342d17d4ffb3011408,false,stage08_b06_vectorstrength_scales_v1,158931b39f6bda2d04c731f57069adf8a6a6563b4f70b8ff7cc07e7bfa63098f,operator,vectorstrength,NA,NA,vectorstrength,vectorstrength__vectorstrength_int8_10e4__69b202bdfd791cf6,vectorstrength_int8_10e4,10^4,10280,"events=[257],periods=[40]",INT8,GPU,not_applicable,compatibility/end-to-end,PASS,OK,20,100,96,0.600123,true,69b202bdfd791cf6731b53602d84bf4c1d604a2c84161274804b494e1e4de2f4,6c0c420d172b48aa17439fb8e03241d7005add4604354c93203032cd81571721
1,20260810T090001Z_9b01dadd36f6_stage08_b06_formal_8675000e,formal,20260810T090001Z,9b01dadd36f6bf7c926f41342d17d4ffb3011408,false,stage08_b06_vectorstrength_scales_v1,158931b39f6bda2d04c731f57069adf8a6a6563b4f70b8ff7cc07e7bfa63098f,operator,vectorstrength,NA,NA,vectorstrength,vectorstrength__vectorstrength_int8_10e4__69b202bdfd791cf6,vectorstrength_int8_10e4,10^4,10280,"events=[257],periods=[40]",INT8,GPU,not_applicable,compatibility/end-to-end,PASS,OK,20,100,97,0.597614,true,69b202bdfd791cf6731b53602d84bf4c1d604a2c84161274804b494e1e4de2f4,6c0c420d172b48aa17439fb8e03241d7005add4604354c93203032cd81571721
1,20260810T090001Z_9b01dadd36f6_stage08_b06_formal_8675000e,formal,20260810T090001Z,9b01dadd36f6bf7c926f41342d17d4ffb3011408,false,stage08_b06_vectorstrength_scales_v1,158931b39f6bda2d04c731f57069adf8a6a6563b4f70b8ff7cc07e7bfa63098f,operator,vectorstrength,NA,NA,vectorstrength,vectorstrength__vectorstrength_int8_10e4__69b202bdfd791cf6,vectorstrength_int8_10e4,10^4,10280,"events=[257],periods=[40]",INT8,GPU,not_applicable,compatibility/end-to-end,PASS,OK,20,100,98,0.614563,true,69b202bdfd791cf6731b53602d84bf4c1d604a2c84161274804b494e1e4de2f4,6c0c420d172b48aa17439fb8e03241d7005add4604354c93203032cd81571721
1,20260810T090001Z_9b01dadd36f6_stage08_b06_formal_8675000e,formal,20260810T090001Z,9b01dadd36f6bf7c926f41342d17d4ffb3011408,false,stage08_b06_vectorstrength_scales_v1,158931b39f6bda2d04c731f57069adf8a6a6563b4f70b8ff7cc07e7bfa63098f,operator,vectorstrength,NA,NA,vectorstrength,vectorstrength__vectorstrength_int8_10e4__69b202bdfd791cf6,vectorstrength_int8_10e4,10^4,10280,"events=[257],periods=[40]",INT8,GPU,not_applicable,compatibility/end-to-end,PASS,OK,20,100,99,0.634564,true,69b202bdfd791cf6731b53602d84bf4c1d604a2c84161274804b494e1e4de2f4,6c0c420d172b48aa17439fb8e03241d7005add4604354c93203032cd81571721
