schema_version,run_id,run_type,test_time_utc,git_commit,git_dirty,config_id,config_sha256,target_kind,target,task_name,step_name,operator_name,case_id,scale_id,order_of_magnitude,actual_elements,input_shape,dtype,device,backend,timing_scope,status,error_code,warmup_runs,measured_runs,sample_index,latency_ms,synchronized,input_digest,output_digest
1,20260810T085747Z_9b01dadd36f6_stage08_b06_formal_86730006,formal,20260810T085747Z,9b01dadd36f6bf7c926f41342d17d4ffb3011408,false,stage08_b06_lombscargle_scales_v1,6b8abe6c23a94283f3ef195d7cf71c028080c652b9768e56186ccbcf5cfaceaf,operator,lombscargle,NA,NA,lombscargle,lombscargle__lombscargle_int32_10e2__c813437da217dbce,lombscargle_int32_10e2,10^2,119,"time=[17],value=[17],frequency=[7]",INT32,CPU,not_applicable,compatibility/end-to-end,PASS,OK,20,100,0,0.00627,true,c813437da217dbce80c08561258b361dd91c3759e2efdec527fde5eb2859b319,77b3fbea0efc6bd0aa03e9bff4c86749df41dc6c26376c403778a3aeba816be9
1,20260810T085747Z_9b01dadd36f6_stage08_b06_formal_86730006,formal,20260810T085747Z,9b01dadd36f6bf7c926f41342d17d4ffb3011408,false,stage08_b06_lombscargle_scales_v1,6b8abe6c23a94283f3ef195d7cf71c028080c652b9768e56186ccbcf5cfaceaf,operator,lombscargle,NA,NA,lombscargle,lombscargle__lombscargle_int32_10e2__c813437da217dbce,lombscargle_int32_10e2,10^2,119,"time=[17],value=[17],frequency=[7]",INT32,CPU,not_applicable,compatibility/end-to-end,PASS,OK,20,100,1,0.00616,true,c813437da217dbce80c08561258b361dd91c3759e2efdec527fde5eb2859b319,77b3fbea0efc6bd0aa03e9bff4c86749df41dc6c26376c403778a3aeba816be9
1,20260810T085747Z_9b01dadd36f6_stage08_b06_formal_86730006,formal,20260810T085747Z,9b01dadd36f6bf7c926f41342d17d4ffb3011408,false,stage08_b06_lombscargle_scales_v1,6b8abe6c23a94283f3ef195d7cf71c028080c652b9768e56186ccbcf5cfaceaf,operator,lombscargle,NA,NA,lombscargle,lombscargle__lombscargle_int32_10e2__c813437da217dbce,lombscargle_int32_10e2,10^2,119,"time=[17],value=[17],frequency=[7]",INT32,CPU,not_applicable,compatibility/end-to-end,PASS,OK,20,100,2,0.00616,true,c813437da217dbce80c08561258b361dd91c3759e2efdec527fde5eb2859b319,77b3fbea0efc6bd0aa03e9bff4c86749df41dc6c26376c403778a3aeba816be9
1,20260810T085747Z_9b01dadd36f6_stage08_b06_formal_86730006,formal,20260810T085747Z,9b01dadd36f6bf7c926f41342d17d4ffb3011408,false,stage08_b06_lombscargle_scales_v1,6b8abe6c23a94283f3ef195d7cf71c028080c652b9768e56186ccbcf5cfaceaf,operator,lombscargle,NA,NA,lombscargle,lombscargle__lombscargle_int32_10e2__c813437da217dbce,lombscargle_int32_10e2,10^2,119,"time=[17],value=[17],frequency=[7]",INT32,CPU,not_applicable,compatibility/end-to-end,PASS,OK,20,100,3,0.00616,true,c813437da217dbce80c08561258b361dd91c3759e2efdec527fde5eb2859b319,77b3fbea0efc6bd0aa03e9bff4c86749df41dc6c26376c403778a3aeba816be9
1,20260810T085747Z_9b01dadd36f6_stage08_b06_formal_86730006,formal,20260810T085747Z,9b01dadd36f6bf7c926f41342d17d4ffb3011408,false,stage08_b06_lombscargle_scales_v1,6b8abe6c23a94283f3ef195d7cf71c028080c652b9768e56186ccbcf5cfaceaf,operator,lombscargle,NA,NA,lombscargle,lombscargle__lombscargle_int32_10e2__c813437da217dbce,lombscargle_int32_10e2,10^2,119,"time=[17],value=[17],frequency=[7]",INT32,CPU,not_applicable,compatibility/end-to-end,PASS,OK,20,100,4,0.00614,true,c813437da217dbce80c08561258b361dd91c3759e2efdec527fde5eb2859b319,77b3fbea0efc6bd0aa03e9bff4c86749df41dc6c26376c403778a3aeba816be9
1,20260810T085747Z_9b01dadd36f6_stage08_b06_formal_86730006,formal,20260810T085747Z,9b01dadd36f6bf7c926f41342d17d4ffb3011408,false,stage08_b06_lombscargle_scales_v1,6b8abe6c23a94283f3ef195d7cf71c028080c652b9768e56186ccbcf5cfaceaf,operator,lombscargle,NA,NA,lombscargle,lombscargle__lombscargle_int32_10e2__c813437da217dbce,lombscargle_int32_10e2,10^2,119,"time=[17],value=[17],frequency=[7]",INT32,CPU,not_applicable,compatibility/end-to-end,PASS,OK,20,100,5,0.00615,true,c813437da217dbce80c08561258b361dd91c3759e2efdec527fde5eb2859b319,77b3fbea0efc6bd0aa03e9bff4c86749df41dc6c26376c403778a3aeba816be9
1,20260810T085747Z_9b01dadd36f6_stage08_b06_formal_86730006,formal,20260810T085747Z,9b01dadd36f6bf7c926f41342d17d4ffb3011408,false,stage08_b06_lombscargle_scales_v1,6b8abe6c23a94283f3ef195d7cf71c028080c652b9768e56186ccbcf5cfaceaf,operator,lombscargle,NA,NA,lombscargle,lombscargle__lombscargle_int32_10e2__c813437da217dbce,lombscargle_int32_10e2,10^2,119,"time=[17],value=[17],frequency=[7]",INT32,CPU,not_applicable,compatibility/end-to-end,PASS,OK,20,100,6,0.00615,true,c813437da217dbce80c08561258b361dd91c3759e2efdec527fde5eb2859b319,77b3fbea0efc6bd0aa03e9bff4c86749df41dc6c26376c403778a3aeba816be9
1,20260810T085747Z_9b01dadd36f6_stage08_b06_formal_86730006,formal,20260810T085747Z,9b01dadd36f6bf7c926f41342d17d4ffb3011408,false,stage08_b06_lombscargle_scales_v1,6b8abe6c23a94283f3ef195d7cf71c028080c652b9768e56186ccbcf5cfaceaf,operator,lombscargle,NA,NA,lombscargle,lombscargle__lombscargle_int32_10e2__c813437da217dbce,lombscargle_int32_10e2,10^2,119,"time=[17],value=[17],frequency=[7]",INT32,CPU,not_applicable,compatibility/end-to-end,PASS,OK,20,100,7,0.00618,true,c813437da217dbce80c08561258b361dd91c3759e2efdec527fde5eb2859b319,77b3fbea0efc6bd0aa03e9bff4c86749df41dc6c26376c403778a3aeba816be9
1,20260810T085747Z_9b01dadd36f6_stage08_b06_formal_86730006,formal,20260810T085747Z,9b01dadd36f6bf7c926f41342d17d4ffb3011408,false,stage08_b06_lombscargle_scales_v1,6b8abe6c23a94283f3ef195d7cf71c028080c652b9768e56186ccbcf5cfaceaf,operator,lombscargle,NA,NA,lombscargle,lombscargle__lombscargle_int32_10e2__c813437da217dbce,lombscargle_int32_10e2,10^2,119,"time=[17],value=[17],frequency=[7]",INT32,CPU,not_applicable,compatibility/end-to-end,PASS,OK,20,100,8,0.006151,true,c813437da217dbce80c08561258b361dd91c3759e2efdec527fde5eb2859b319,77b3fbea0efc6bd0aa03e9bff4c86749df41dc6c26376c403778a3aeba816be9
1,20260810T085747Z_9b01dadd36f6_stage08_b06_formal_86730006,formal,20260810T085747Z,9b01dadd36f6bf7c926f41342d17d4ffb3011408,false,stage08_b06_lombscargle_scales_v1,6b8abe6c23a94283f3ef195d7cf71c028080c652b9768e56186ccbcf5cfaceaf,operator,lombscargle,NA,NA,lombscargle,lombscargle__lombscargle_int32_10e2__c813437da217dbce,lombscargle_int32_10e2,10^2,119,"time=[17],value=[17],frequency=[7]",INT32,CPU,not_applicable,compatibility/end-to-end,PASS,OK,20,100,9,0.00617,true,c813437da217dbce80c08561258b361dd91c3759e2efdec527fde5eb2859b319,77b3fbea0efc6bd0aa03e9bff4c86749df41dc6c26376c403778a3aeba816be9
1,20260810T085747Z_9b01dadd36f6_stage08_b06_formal_86730006,formal,20260810T085747Z,9b01dadd36f6bf7c926f41342d17d4ffb3011408,false,stage08_b06_lombscargle_scales_v1,6b8abe6c23a94283f3ef195d7cf71c028080c652b9768e56186ccbcf5cfaceaf,operator,lombscargle,NA,NA,lombscargle,lombscargle__lombscargle_int32_10e2__c813437da217dbce,lombscargle_int32_10e2,10^2,119,"time=[17],value=[17],frequency=[7]",INT32,CPU,not_applicable,compatibility/end-to-end,PASS,OK,20,100,10,0.00616,true,c813437da217dbce80c08561258b361dd91c3759e2efdec527fde5eb2859b319,77b3fbea0efc6bd0aa03e9bff4c86749df41dc6c26376c403778a3aeba816be9
1,20260810T085747Z_9b01dadd36f6_stage08_b06_formal_86730006,formal,20260810T085747Z,9b01dadd36f6bf7c926f41342d17d4ffb3011408,false,stage08_b06_lombscargle_scales_v1,6b8abe6c23a94283f3ef195d7cf71c028080c652b9768e56186ccbcf5cfaceaf,operator,lombscargle,NA,NA,lombscargle,lombscargle__lombscargle_int32_10e2__c813437da217dbce,lombscargle_int32_10e2,10^2,119,"time=[17],value=[17],frequency=[7]",INT32,CPU,not_applicable,compatibility/end-to-end,PASS,OK,20,100,11,0.00616,true,c813437da217dbce80c08561258b361dd91c3759e2efdec527fde5eb2859b319,77b3fbea0efc6bd0aa03e9bff4c86749df41dc6c26376c403778a3aeba816be9
1,20260810T085747Z_9b01dadd36f6_stage08_b06_formal_86730006,formal,20260810T085747Z,9b01dadd36f6bf7c926f41342d17d4ffb3011408,false,stage08_b06_lombscargle_scales_v1,6b8abe6c23a94283f3ef195d7cf71c028080c652b9768e56186ccbcf5cfaceaf,operator,lombscargle,NA,NA,lombscargle,lombscargle__lombscargle_int32_10e2__c813437da217dbce,lombscargle_int32_10e2,10^2,119,"time=[17],value=[17],frequency=[7]",INT32,CPU,not_applicable,compatibility/end-to-end,PASS,OK,20,100,12,0.00615,true,c813437da217dbce80c08561258b361dd91c3759e2efdec527fde5eb2859b319,77b3fbea0efc6bd0aa03e9bff4c86749df41dc6c26376c403778a3aeba816be9
1,20260810T085747Z_9b01dadd36f6_stage08_b06_formal_86730006,formal,20260810T085747Z,9b01dadd36f6bf7c926f41342d17d4ffb3011408,false,stage08_b06_lombscargle_scales_v1,6b8abe6c23a94283f3ef195d7cf71c028080c652b9768e56186ccbcf5cfaceaf,operator,lombscargle,NA,NA,lombscargle,lombscargle__lombscargle_int32_10e2__c813437da217dbce,lombscargle_int32_10e2,10^2,119,"time=[17],value=[17],frequency=[7]",INT32,CPU,not_applicable,compatibility/end-to-end,PASS,OK,20,100,13,0.00616,true,c813437da217dbce80c08561258b361dd91c3759e2efdec527fde5eb2859b319,77b3fbea0efc6bd0aa03e9bff4c86749df41dc6c26376c403778a3aeba816be9
1,20260810T085747Z_9b01dadd36f6_stage08_b06_formal_86730006,formal,20260810T085747Z,9b01dadd36f6bf7c926f41342d17d4ffb3011408,false,stage08_b06_lombscargle_scales_v1,6b8abe6c23a94283f3ef195d7cf71c028080c652b9768e56186ccbcf5cfaceaf,operator,lombscargle,NA,NA,lombscargle,lombscargle__lombscargle_int32_10e2__c813437da217dbce,lombscargle_int32_10e2,10^2,119,"time=[17],value=[17],frequency=[7]",INT32,CPU,not_applicable,compatibility/end-to-end,PASS,OK,20,100,14,0.00617,true,c813437da217dbce80c08561258b361dd91c3759e2efdec527fde5eb2859b319,77b3fbea0efc6bd0aa03e9bff4c86749df41dc6c26376c403778a3aeba816be9
1,20260810T085747Z_9b01dadd36f6_stage08_b06_formal_86730006,formal,20260810T085747Z,9b01dadd36f6bf7c926f41342d17d4ffb3011408,false,stage08_b06_lombscargle_scales_v1,6b8abe6c23a94283f3ef195d7cf71c028080c652b9768e56186ccbcf5cfaceaf,operator,lombscargle,NA,NA,lombscargle,lombscargle__lombscargle_int32_10e2__c813437da217dbce,lombscargle_int32_10e2,10^2,119,"time=[17],value=[17],frequency=[7]",INT32,CPU,not_applicable,compatibility/end-to-end,PASS,OK,20,100,15,0.00616,true,c813437da217dbce80c08561258b361dd91c3759e2efdec527fde5eb2859b319,77b3fbea0efc6bd0aa03e9bff4c86749df41dc6c26376c403778a3aeba816be9
1,20260810T085747Z_9b01dadd36f6_stage08_b06_formal_86730006,formal,20260810T085747Z,9b01dadd36f6bf7c926f41342d17d4ffb3011408,false,stage08_b06_lombscargle_scales_v1,6b8abe6c23a94283f3ef195d7cf71c028080c652b9768e56186ccbcf5cfaceaf,operator,lombscargle,NA,NA,lombscargle,lombscargle__lombscargle_int32_10e2__c813437da217dbce,lombscargle_int32_10e2,10^2,119,"time=[17],value=[17],frequency=[7]",INT32,CPU,not_applicable,compatibility/end-to-end,PASS,OK,20,100,16,0.00615,true,c813437da217dbce80c08561258b361dd91c3759e2efdec527fde5eb2859b319,77b3fbea0efc6bd0aa03e9bff4c86749df41dc6c26376c403778a3aeba816be9
1,20260810T085747Z_9b01dadd36f6_stage08_b06_formal_86730006,formal,20260810T085747Z,9b01dadd36f6bf7c926f41342d17d4ffb3011408,false,stage08_b06_lombscargle_scales_v1,6b8abe6c23a94283f3ef195d7cf71c028080c652b9768e56186ccbcf5cfaceaf,operator,lombscargle,NA,NA,lombscargle,lombscargle__lombscargle_int32_10e2__c813437da217dbce,lombscargle_int32_10e2,10^2,119,"time=[17],value=[17],frequency=[7]",INT32,CPU,not_applicable,compatibility/end-to-end,PASS,OK,20,100,17,0.00622,true,c813437da217dbce80c08561258b361dd91c3759e2efdec527fde5eb2859b319,77b3fbea0efc6bd0aa03e9bff4c86749df41dc6c26376c403778a3aeba816be9
1,20260810T085747Z_9b01dadd36f6_stage08_b06_formal_86730006,formal,20260810T085747Z,9b01dadd36f6bf7c926f41342d17d4ffb3011408,false,stage08_b06_lombscargle_scales_v1,6b8abe6c23a94283f3ef195d7cf71c028080c652b9768e56186ccbcf5cfaceaf,operator,lombscargle,NA,NA,lombscargle,lombscargle__lombscargle_int32_10e2__c813437da217dbce,lombscargle_int32_10e2,10^2,119,"time=[17],value=[17],frequency=[7]",INT32,CPU,not_applicable,compatibility/end-to-end,PASS,OK,20,100,18,0.00616,true,c813437da217dbce80c08561258b361dd91c3759e2efdec527fde5eb2859b319,77b3fbea0efc6bd0aa03e9bff4c86749df41dc6c26376c403778a3aeba816be9
1,20260810T085747Z_9b01dadd36f6_stage08_b06_formal_86730006,formal,20260810T085747Z,9b01dadd36f6bf7c926f41342d17d4ffb3011408,false,stage08_b06_lombscargle_scales_v1,6b8abe6c23a94283f3ef195d7cf71c028080c652b9768e56186ccbcf5cfaceaf,operator,lombscargle,NA,NA,lombscargle,lombscargle__lombscargle_int32_10e2__c813437da217dbce,lombscargle_int32_10e2,10^2,119,"time=[17],value=[17],frequency=[7]",INT32,CPU,not_applicable,compatibility/end-to-end,PASS,OK,20,100,19,0.00615,true,c813437da217dbce80c08561258b361dd91c3759e2efdec527fde5eb2859b319,77b3fbea0efc6bd0aa03e9bff4c86749df41dc6c26376c403778a3aeba816be9
1,20260810T085747Z_9b01dadd36f6_stage08_b06_formal_86730006,formal,20260810T085747Z,9b01dadd36f6bf7c926f41342d17d4ffb3011408,false,stage08_b06_lombscargle_scales_v1,6b8abe6c23a94283f3ef195d7cf71c028080c652b9768e56186ccbcf5cfaceaf,operator,lombscargle,NA,NA,lombscargle,lombscargle__lombscargle_int32_10e2__c813437da217dbce,lombscargle_int32_10e2,10^2,119,"time=[17],value=[17],frequency=[7]",INT32,CPU,not_applicable,compatibility/end-to-end,PASS,OK,20,100,20,0.00616,true,c813437da217dbce80c08561258b361dd91c3759e2efdec527fde5eb2859b319,77b3fbea0efc6bd0aa03e9bff4c86749df41dc6c26376c403778a3aeba816be9
1,20260810T085747Z_9b01dadd36f6_stage08_b06_formal_86730006,formal,20260810T085747Z,9b01dadd36f6bf7c926f41342d17d4ffb3011408,false,stage08_b06_lombscargle_scales_v1,6b8abe6c23a94283f3ef195d7cf71c028080c652b9768e56186ccbcf5cfaceaf,operator,lombscargle,NA,NA,lombscargle,lombscargle__lombscargle_int32_10e2__c813437da217dbce,lombscargle_int32_10e2,10^2,119,"time=[17],value=[17],frequency=[7]",INT32,CPU,not_applicable,compatibility/end-to-end,PASS,OK,20,100,21,0.00617,true,c813437da217dbce80c08561258b361dd91c3759e2efdec527fde5eb2859b319,77b3fbea0efc6bd0aa03e9bff4c86749df41dc6c26376c403778a3aeba816be9
1,20260810T085747Z_9b01dadd36f6_stage08_b06_formal_86730006,formal,20260810T085747Z,9b01dadd36f6bf7c926f41342d17d4ffb3011408,false,stage08_b06_lombscargle_scales_v1,6b8abe6c23a94283f3ef195d7cf71c028080c652b9768e56186ccbcf5cfaceaf,operator,lombscargle,NA,NA,lombscargle,lombscargle__lombscargle_int32_10e2__c813437da217dbce,lombscargle_int32_10e2,10^2,119,"time=[17],value=[17],frequency=[7]",INT32,CPU,not_applicable,compatibility/end-to-end,PASS,OK,20,100,22,0.00617,true,c813437da217dbce80c08561258b361dd91c3759e2efdec527fde5eb2859b319,77b3fbea0efc6bd0aa03e9bff4c86749df41dc6c26376c403778a3aeba816be9
1,20260810T085747Z_9b01dadd36f6_stage08_b06_formal_86730006,formal,20260810T085747Z,9b01dadd36f6bf7c926f41342d17d4ffb3011408,false,stage08_b06_lombscargle_scales_v1,6b8abe6c23a94283f3ef195d7cf71c028080c652b9768e56186ccbcf5cfaceaf,operator,lombscargle,NA,NA,lombscargle,lombscargle__lombscargle_int32_10e2__c813437da217dbce,lombscargle_int32_10e2,10^2,119,"time=[17],value=[17],frequency=[7]",INT32,CPU,not_applicable,compatibility/end-to-end,PASS,OK,20,100,23,0.0062,true,c813437da217dbce80c08561258b361dd91c3759e2efdec527fde5eb2859b319,77b3fbea0efc6bd0aa03e9bff4c86749df41dc6c26376c403778a3aeba816be9
1,20260810T085747Z_9b01dadd36f6_stage08_b06_formal_86730006,formal,20260810T085747Z,9b01dadd36f6bf7c926f41342d17d4ffb3011408,false,stage08_b06_lombscargle_scales_v1,6b8abe6c23a94283f3ef195d7cf71c028080c652b9768e56186ccbcf5cfaceaf,operator,lombscargle,NA,NA,lombscargle,lombscargle__lombscargle_int32_10e2__c813437da217dbce,lombscargle_int32_10e2,10^2,119,"time=[17],value=[17],frequency=[7]",INT32,CPU,not_applicable,compatibility/end-to-end,PASS,OK,20,100,24,0.00616,true,c813437da217dbce80c08561258b361dd91c3759e2efdec527fde5eb2859b319,77b3fbea0efc6bd0aa03e9bff4c86749df41dc6c26376c403778a3aeba816be9
1,20260810T085747Z_9b01dadd36f6_stage08_b06_formal_86730006,formal,20260810T085747Z,9b01dadd36f6bf7c926f41342d17d4ffb3011408,false,stage08_b06_lombscargle_scales_v1,6b8abe6c23a94283f3ef195d7cf71c028080c652b9768e56186ccbcf5cfaceaf,operator,lombscargle,NA,NA,lombscargle,lombscargle__lombscargle_int32_10e2__c813437da217dbce,lombscargle_int32_10e2,10^2,119,"time=[17],value=[17],frequency=[7]",INT32,CPU,not_applicable,compatibility/end-to-end,PASS,OK,20,100,25,0.00617,true,c813437da217dbce80c08561258b361dd91c3759e2efdec527fde5eb2859b319,77b3fbea0efc6bd0aa03e9bff4c86749df41dc6c26376c403778a3aeba816be9
1,20260810T085747Z_9b01dadd36f6_stage08_b06_formal_86730006,formal,20260810T085747Z,9b01dadd36f6bf7c926f41342d17d4ffb3011408,false,stage08_b06_lombscargle_scales_v1,6b8abe6c23a94283f3ef195d7cf71c028080c652b9768e56186ccbcf5cfaceaf,operator,lombscargle,NA,NA,lombscargle,lombscargle__lombscargle_int32_10e2__c813437da217dbce,lombscargle_int32_10e2,10^2,119,"time=[17],value=[17],frequency=[7]",INT32,CPU,not_applicable,compatibility/end-to-end,PASS,OK,20,100,26,0.00617,true,c813437da217dbce80c08561258b361dd91c3759e2efdec527fde5eb2859b319,77b3fbea0efc6bd0aa03e9bff4c86749df41dc6c26376c403778a3aeba816be9
1,20260810T085747Z_9b01dadd36f6_stage08_b06_formal_86730006,formal,20260810T085747Z,9b01dadd36f6bf7c926f41342d17d4ffb3011408,false,stage08_b06_lombscargle_scales_v1,6b8abe6c23a94283f3ef195d7cf71c028080c652b9768e56186ccbcf5cfaceaf,operator,lombscargle,NA,NA,lombscargle,lombscargle__lombscargle_int32_10e2__c813437da217dbce,lombscargle_int32_10e2,10^2,119,"time=[17],value=[17],frequency=[7]",INT32,CPU,not_applicable,compatibility/end-to-end,PASS,OK,20,100,27,0.00615,true,c813437da217dbce80c08561258b361dd91c3759e2efdec527fde5eb2859b319,77b3fbea0efc6bd0aa03e9bff4c86749df41dc6c26376c403778a3aeba816be9
1,20260810T085747Z_9b01dadd36f6_stage08_b06_formal_86730006,formal,20260810T085747Z,9b01dadd36f6bf7c926f41342d17d4ffb3011408,false,stage08_b06_lombscargle_scales_v1,6b8abe6c23a94283f3ef195d7cf71c028080c652b9768e56186ccbcf5cfaceaf,operator,lombscargle,NA,NA,lombscargle,lombscargle__lombscargle_int32_10e2__c813437da217dbce,lombscargle_int32_10e2,10^2,119,"time=[17],value=[17],frequency=[7]",INT32,CPU,not_applicable,compatibility/end-to-end,PASS,OK,20,100,28,0.00616,true,c813437da217dbce80c08561258b361dd91c3759e2efdec527fde5eb2859b319,77b3fbea0efc6bd0aa03e9bff4c86749df41dc6c26376c403778a3aeba816be9
1,20260810T085747Z_9b01dadd36f6_stage08_b06_formal_86730006,formal,20260810T085747Z,9b01dadd36f6bf7c926f41342d17d4ffb3011408,false,stage08_b06_lombscargle_scales_v1,6b8abe6c23a94283f3ef195d7cf71c028080c652b9768e56186ccbcf5cfaceaf,operator,lombscargle,NA,NA,lombscargle,lombscargle__lombscargle_int32_10e2__c813437da217dbce,lombscargle_int32_10e2,10^2,119,"time=[17],value=[17],frequency=[7]",INT32,CPU,not_applicable,compatibility/end-to-end,PASS,OK,20,100,29,0.00617,true,c813437da217dbce80c08561258b361dd91c3759e2efdec527fde5eb2859b319,77b3fbea0efc6bd0aa03e9bff4c86749df41dc6c26376c403778a3aeba816be9
1,20260810T085747Z_9b01dadd36f6_stage08_b06_formal_86730006,formal,20260810T085747Z,9b01dadd36f6bf7c926f41342d17d4ffb3011408,false,stage08_b06_lombscargle_scales_v1,6b8abe6c23a94283f3ef195d7cf71c028080c652b9768e56186ccbcf5cfaceaf,operator,lombscargle,NA,NA,lombscargle,lombscargle__lombscargle_int32_10e2__c813437da217dbce,lombscargle_int32_10e2,10^2,119,"time=[17],value=[17],frequency=[7]",INT32,CPU,not_applicable,compatibility/end-to-end,PASS,OK,20,100,30,0.00616,true,c813437da217dbce80c08561258b361dd91c3759e2efdec527fde5eb2859b319,77b3fbea0efc6bd0aa03e9bff4c86749df41dc6c26376c403778a3aeba816be9
1,20260810T085747Z_9b01dadd36f6_stage08_b06_formal_86730006,formal,20260810T085747Z,9b01dadd36f6bf7c926f41342d17d4ffb3011408,false,stage08_b06_lombscargle_scales_v1,6b8abe6c23a94283f3ef195d7cf71c028080c652b9768e56186ccbcf5cfaceaf,operator,lombscargle,NA,NA,lombscargle,lombscargle__lombscargle_int32_10e2__c813437da217dbce,lombscargle_int32_10e2,10^2,119,"time=[17],value=[17],frequency=[7]",INT32,CPU,not_applicable,compatibility/end-to-end,PASS,OK,20,100,31,0.00616,true,c813437da217dbce80c08561258b361dd91c3759e2efdec527fde5eb2859b319,77b3fbea0efc6bd0aa03e9bff4c86749df41dc6c26376c403778a3aeba816be9
1,20260810T085747Z_9b01dadd36f6_stage08_b06_formal_86730006,formal,20260810T085747Z,9b01dadd36f6bf7c926f41342d17d4ffb3011408,false,stage08_b06_lombscargle_scales_v1,6b8abe6c23a94283f3ef195d7cf71c028080c652b9768e56186ccbcf5cfaceaf,operator,lombscargle,NA,NA,lombscargle,lombscargle__lombscargle_int32_10e2__c813437da217dbce,lombscargle_int32_10e2,10^2,119,"time=[17],value=[17],frequency=[7]",INT32,CPU,not_applicable,compatibility/end-to-end,PASS,OK,20,100,32,0.00619,true,c813437da217dbce80c08561258b361dd91c3759e2efdec527fde5eb2859b319,77b3fbea0efc6bd0aa03e9bff4c86749df41dc6c26376c403778a3aeba816be9
1,20260810T085747Z_9b01dadd36f6_stage08_b06_formal_86730006,formal,20260810T085747Z,9b01dadd36f6bf7c926f41342d17d4ffb3011408,false,stage08_b06_lombscargle_scales_v1,6b8abe6c23a94283f3ef195d7cf71c028080c652b9768e56186ccbcf5cfaceaf,operator,lombscargle,NA,NA,lombscargle,lombscargle__lombscargle_int32_10e2__c813437da217dbce,lombscargle_int32_10e2,10^2,119,"time=[17],value=[17],frequency=[7]",INT32,CPU,not_applicable,compatibility/end-to-end,PASS,OK,20,100,33,0.00617,true,c813437da217dbce80c08561258b361dd91c3759e2efdec527fde5eb2859b319,77b3fbea0efc6bd0aa03e9bff4c86749df41dc6c26376c403778a3aeba816be9
1,20260810T085747Z_9b01dadd36f6_stage08_b06_formal_86730006,formal,20260810T085747Z,9b01dadd36f6bf7c926f41342d17d4ffb3011408,false,stage08_b06_lombscargle_scales_v1,6b8abe6c23a94283f3ef195d7cf71c028080c652b9768e56186ccbcf5cfaceaf,operator,lombscargle,NA,NA,lombscargle,lombscargle__lombscargle_int32_10e2__c813437da217dbce,lombscargle_int32_10e2,10^2,119,"time=[17],value=[17],frequency=[7]",INT32,CPU,not_applicable,compatibility/end-to-end,PASS,OK,20,100,34,0.00615,true,c813437da217dbce80c08561258b361dd91c3759e2efdec527fde5eb2859b319,77b3fbea0efc6bd0aa03e9bff4c86749df41dc6c26376c403778a3aeba816be9
1,20260810T085747Z_9b01dadd36f6_stage08_b06_formal_86730006,formal,20260810T085747Z,9b01dadd36f6bf7c926f41342d17d4ffb3011408,false,stage08_b06_lombscargle_scales_v1,6b8abe6c23a94283f3ef195d7cf71c028080c652b9768e56186ccbcf5cfaceaf,operator,lombscargle,NA,NA,lombscargle,lombscargle__lombscargle_int32_10e2__c813437da217dbce,lombscargle_int32_10e2,10^2,119,"time=[17],value=[17],frequency=[7]",INT32,CPU,not_applicable,compatibility/end-to-end,PASS,OK,20,100,35,0.00617,true,c813437da217dbce80c08561258b361dd91c3759e2efdec527fde5eb2859b319,77b3fbea0efc6bd0aa03e9bff4c86749df41dc6c26376c403778a3aeba816be9
1,20260810T085747Z_9b01dadd36f6_stage08_b06_formal_86730006,formal,20260810T085747Z,9b01dadd36f6bf7c926f41342d17d4ffb3011408,false,stage08_b06_lombscargle_scales_v1,6b8abe6c23a94283f3ef195d7cf71c028080c652b9768e56186ccbcf5cfaceaf,operator,lombscargle,NA,NA,lombscargle,lombscargle__lombscargle_int32_10e2__c813437da217dbce,lombscargle_int32_10e2,10^2,119,"time=[17],value=[17],frequency=[7]",INT32,CPU,not_applicable,compatibility/end-to-end,PASS,OK,20,100,36,0.00616,true,c813437da217dbce80c08561258b361dd91c3759e2efdec527fde5eb2859b319,77b3fbea0efc6bd0aa03e9bff4c86749df41dc6c26376c403778a3aeba816be9
1,20260810T085747Z_9b01dadd36f6_stage08_b06_formal_86730006,formal,20260810T085747Z,9b01dadd36f6bf7c926f41342d17d4ffb3011408,false,stage08_b06_lombscargle_scales_v1,6b8abe6c23a94283f3ef195d7cf71c028080c652b9768e56186ccbcf5cfaceaf,operator,lombscargle,NA,NA,lombscargle,lombscargle__lombscargle_int32_10e2__c813437da217dbce,lombscargle_int32_10e2,10^2,119,"time=[17],value=[17],frequency=[7]",INT32,CPU,not_applicable,compatibility/end-to-end,PASS,OK,20,100,37,0.006171,true,c813437da217dbce80c08561258b361dd91c3759e2efdec527fde5eb2859b319,77b3fbea0efc6bd0aa03e9bff4c86749df41dc6c26376c403778a3aeba816be9
1,20260810T085747Z_9b01dadd36f6_stage08_b06_formal_86730006,formal,20260810T085747Z,9b01dadd36f6bf7c926f41342d17d4ffb3011408,false,stage08_b06_lombscargle_scales_v1,6b8abe6c23a94283f3ef195d7cf71c028080c652b9768e56186ccbcf5cfaceaf,operator,lombscargle,NA,NA,lombscargle,lombscargle__lombscargle_int32_10e2__c813437da217dbce,lombscargle_int32_10e2,10^2,119,"time=[17],value=[17],frequency=[7]",INT32,CPU,not_applicable,compatibility/end-to-end,PASS,OK,20,100,38,0.00614,true,c813437da217dbce80c08561258b361dd91c3759e2efdec527fde5eb2859b319,77b3fbea0efc6bd0aa03e9bff4c86749df41dc6c26376c403778a3aeba816be9
1,20260810T085747Z_9b01dadd36f6_stage08_b06_formal_86730006,formal,20260810T085747Z,9b01dadd36f6bf7c926f41342d17d4ffb3011408,false,stage08_b06_lombscargle_scales_v1,6b8abe6c23a94283f3ef195d7cf71c028080c652b9768e56186ccbcf5cfaceaf,operator,lombscargle,NA,NA,lombscargle,lombscargle__lombscargle_int32_10e2__c813437da217dbce,lombscargle_int32_10e2,10^2,119,"time=[17],value=[17],frequency=[7]",INT32,CPU,not_applicable,compatibility/end-to-end,PASS,OK,20,100,39,0.00616,true,c813437da217dbce80c08561258b361dd91c3759e2efdec527fde5eb2859b319,77b3fbea0efc6bd0aa03e9bff4c86749df41dc6c26376c403778a3aeba816be9
1,20260810T085747Z_9b01dadd36f6_stage08_b06_formal_86730006,formal,20260810T085747Z,9b01dadd36f6bf7c926f41342d17d4ffb3011408,false,stage08_b06_lombscargle_scales_v1,6b8abe6c23a94283f3ef195d7cf71c028080c652b9768e56186ccbcf5cfaceaf,operator,lombscargle,NA,NA,lombscargle,lombscargle__lombscargle_int32_10e2__c813437da217dbce,lombscargle_int32_10e2,10^2,119,"time=[17],value=[17],frequency=[7]",INT32,CPU,not_applicable,compatibility/end-to-end,PASS,OK,20,100,40,0.00615,true,c813437da217dbce80c08561258b361dd91c3759e2efdec527fde5eb2859b319,77b3fbea0efc6bd0aa03e9bff4c86749df41dc6c26376c403778a3aeba816be9
1,20260810T085747Z_9b01dadd36f6_stage08_b06_formal_86730006,formal,20260810T085747Z,9b01dadd36f6bf7c926f41342d17d4ffb3011408,false,stage08_b06_lombscargle_scales_v1,6b8abe6c23a94283f3ef195d7cf71c028080c652b9768e56186ccbcf5cfaceaf,operator,lombscargle,NA,NA,lombscargle,lombscargle__lombscargle_int32_10e2__c813437da217dbce,lombscargle_int32_10e2,10^2,119,"time=[17],value=[17],frequency=[7]",INT32,CPU,not_applicable,compatibility/end-to-end,PASS,OK,20,100,41,0.00617,true,c813437da217dbce80c08561258b361dd91c3759e2efdec527fde5eb2859b319,77b3fbea0efc6bd0aa03e9bff4c86749df41dc6c26376c403778a3aeba816be9
1,20260810T085747Z_9b01dadd36f6_stage08_b06_formal_86730006,formal,20260810T085747Z,9b01dadd36f6bf7c926f41342d17d4ffb3011408,false,stage08_b06_lombscargle_scales_v1,6b8abe6c23a94283f3ef195d7cf71c028080c652b9768e56186ccbcf5cfaceaf,operator,lombscargle,NA,NA,lombscargle,lombscargle__lombscargle_int32_10e2__c813437da217dbce,lombscargle_int32_10e2,10^2,119,"time=[17],value=[17],frequency=[7]",INT32,CPU,not_applicable,compatibility/end-to-end,PASS,OK,20,100,42,0.00616,true,c813437da217dbce80c08561258b361dd91c3759e2efdec527fde5eb2859b319,77b3fbea0efc6bd0aa03e9bff4c86749df41dc6c26376c403778a3aeba816be9
1,20260810T085747Z_9b01dadd36f6_stage08_b06_formal_86730006,formal,20260810T085747Z,9b01dadd36f6bf7c926f41342d17d4ffb3011408,false,stage08_b06_lombscargle_scales_v1,6b8abe6c23a94283f3ef195d7cf71c028080c652b9768e56186ccbcf5cfaceaf,operator,lombscargle,NA,NA,lombscargle,lombscargle__lombscargle_int32_10e2__c813437da217dbce,lombscargle_int32_10e2,10^2,119,"time=[17],value=[17],frequency=[7]",INT32,CPU,not_applicable,compatibility/end-to-end,PASS,OK,20,100,43,0.00618,true,c813437da217dbce80c08561258b361dd91c3759e2efdec527fde5eb2859b319,77b3fbea0efc6bd0aa03e9bff4c86749df41dc6c26376c403778a3aeba816be9
1,20260810T085747Z_9b01dadd36f6_stage08_b06_formal_86730006,formal,20260810T085747Z,9b01dadd36f6bf7c926f41342d17d4ffb3011408,false,stage08_b06_lombscargle_scales_v1,6b8abe6c23a94283f3ef195d7cf71c028080c652b9768e56186ccbcf5cfaceaf,operator,lombscargle,NA,NA,lombscargle,lombscargle__lombscargle_int32_10e2__c813437da217dbce,lombscargle_int32_10e2,10^2,119,"time=[17],value=[17],frequency=[7]",INT32,CPU,not_applicable,compatibility/end-to-end,PASS,OK,20,100,44,0.00614,true,c813437da217dbce80c08561258b361dd91c3759e2efdec527fde5eb2859b319,77b3fbea0efc6bd0aa03e9bff4c86749df41dc6c26376c403778a3aeba816be9
1,20260810T085747Z_9b01dadd36f6_stage08_b06_formal_86730006,formal,20260810T085747Z,9b01dadd36f6bf7c926f41342d17d4ffb3011408,false,stage08_b06_lombscargle_scales_v1,6b8abe6c23a94283f3ef195d7cf71c028080c652b9768e56186ccbcf5cfaceaf,operator,lombscargle,NA,NA,lombscargle,lombscargle__lombscargle_int32_10e2__c813437da217dbce,lombscargle_int32_10e2,10^2,119,"time=[17],value=[17],frequency=[7]",INT32,CPU,not_applicable,compatibility/end-to-end,PASS,OK,20,100,45,0.00617,true,c813437da217dbce80c08561258b361dd91c3759e2efdec527fde5eb2859b319,77b3fbea0efc6bd0aa03e9bff4c86749df41dc6c26376c403778a3aeba816be9
1,20260810T085747Z_9b01dadd36f6_stage08_b06_formal_86730006,formal,20260810T085747Z,9b01dadd36f6bf7c926f41342d17d4ffb3011408,false,stage08_b06_lombscargle_scales_v1,6b8abe6c23a94283f3ef195d7cf71c028080c652b9768e56186ccbcf5cfaceaf,operator,lombscargle,NA,NA,lombscargle,lombscargle__lombscargle_int32_10e2__c813437da217dbce,lombscargle_int32_10e2,10^2,119,"time=[17],value=[17],frequency=[7]",INT32,CPU,not_applicable,compatibility/end-to-end,PASS,OK,20,100,46,0.00615,true,c813437da217dbce80c08561258b361dd91c3759e2efdec527fde5eb2859b319,77b3fbea0efc6bd0aa03e9bff4c86749df41dc6c26376c403778a3aeba816be9
1,20260810T085747Z_9b01dadd36f6_stage08_b06_formal_86730006,formal,20260810T085747Z,9b01dadd36f6bf7c926f41342d17d4ffb3011408,false,stage08_b06_lombscargle_scales_v1,6b8abe6c23a94283f3ef195d7cf71c028080c652b9768e56186ccbcf5cfaceaf,operator,lombscargle,NA,NA,lombscargle,lombscargle__lombscargle_int32_10e2__c813437da217dbce,lombscargle_int32_10e2,10^2,119,"time=[17],value=[17],frequency=[7]",INT32,CPU,not_applicable,compatibility/end-to-end,PASS,OK,20,100,47,0.00618,true,c813437da217dbce80c08561258b361dd91c3759e2efdec527fde5eb2859b319,77b3fbea0efc6bd0aa03e9bff4c86749df41dc6c26376c403778a3aeba816be9
1,20260810T085747Z_9b01dadd36f6_stage08_b06_formal_86730006,formal,20260810T085747Z,9b01dadd36f6bf7c926f41342d17d4ffb3011408,false,stage08_b06_lombscargle_scales_v1,6b8abe6c23a94283f3ef195d7cf71c028080c652b9768e56186ccbcf5cfaceaf,operator,lombscargle,NA,NA,lombscargle,lombscargle__lombscargle_int32_10e2__c813437da217dbce,lombscargle_int32_10e2,10^2,119,"time=[17],value=[17],frequency=[7]",INT32,CPU,not_applicable,compatibility/end-to-end,PASS,OK,20,100,48,0.00618,true,c813437da217dbce80c08561258b361dd91c3759e2efdec527fde5eb2859b319,77b3fbea0efc6bd0aa03e9bff4c86749df41dc6c26376c403778a3aeba816be9
1,20260810T085747Z_9b01dadd36f6_stage08_b06_formal_86730006,formal,20260810T085747Z,9b01dadd36f6bf7c926f41342d17d4ffb3011408,false,stage08_b06_lombscargle_scales_v1,6b8abe6c23a94283f3ef195d7cf71c028080c652b9768e56186ccbcf5cfaceaf,operator,lombscargle,NA,NA,lombscargle,lombscargle__lombscargle_int32_10e2__c813437da217dbce,lombscargle_int32_10e2,10^2,119,"time=[17],value=[17],frequency=[7]",INT32,CPU,not_applicable,compatibility/end-to-end,PASS,OK,20,100,49,0.00616,true,c813437da217dbce80c08561258b361dd91c3759e2efdec527fde5eb2859b319,77b3fbea0efc6bd0aa03e9bff4c86749df41dc6c26376c403778a3aeba816be9
1,20260810T085747Z_9b01dadd36f6_stage08_b06_formal_86730006,formal,20260810T085747Z,9b01dadd36f6bf7c926f41342d17d4ffb3011408,false,stage08_b06_lombscargle_scales_v1,6b8abe6c23a94283f3ef195d7cf71c028080c652b9768e56186ccbcf5cfaceaf,operator,lombscargle,NA,NA,lombscargle,lombscargle__lombscargle_int32_10e2__c813437da217dbce,lombscargle_int32_10e2,10^2,119,"time=[17],value=[17],frequency=[7]",INT32,CPU,not_applicable,compatibility/end-to-end,PASS,OK,20,100,50,0.00616,true,c813437da217dbce80c08561258b361dd91c3759e2efdec527fde5eb2859b319,77b3fbea0efc6bd0aa03e9bff4c86749df41dc6c26376c403778a3aeba816be9
1,20260810T085747Z_9b01dadd36f6_stage08_b06_formal_86730006,formal,20260810T085747Z,9b01dadd36f6bf7c926f41342d17d4ffb3011408,false,stage08_b06_lombscargle_scales_v1,6b8abe6c23a94283f3ef195d7cf71c028080c652b9768e56186ccbcf5cfaceaf,operator,lombscargle,NA,NA,lombscargle,lombscargle__lombscargle_int32_10e2__c813437da217dbce,lombscargle_int32_10e2,10^2,119,"time=[17],value=[17],frequency=[7]",INT32,CPU,not_applicable,compatibility/end-to-end,PASS,OK,20,100,51,0.00617,true,c813437da217dbce80c08561258b361dd91c3759e2efdec527fde5eb2859b319,77b3fbea0efc6bd0aa03e9bff4c86749df41dc6c26376c403778a3aeba816be9
1,20260810T085747Z_9b01dadd36f6_stage08_b06_formal_86730006,formal,20260810T085747Z,9b01dadd36f6bf7c926f41342d17d4ffb3011408,false,stage08_b06_lombscargle_scales_v1,6b8abe6c23a94283f3ef195d7cf71c028080c652b9768e56186ccbcf5cfaceaf,operator,lombscargle,NA,NA,lombscargle,lombscargle__lombscargle_int32_10e2__c813437da217dbce,lombscargle_int32_10e2,10^2,119,"time=[17],value=[17],frequency=[7]",INT32,CPU,not_applicable,compatibility/end-to-end,PASS,OK,20,100,52,0.00614,true,c813437da217dbce80c08561258b361dd91c3759e2efdec527fde5eb2859b319,77b3fbea0efc6bd0aa03e9bff4c86749df41dc6c26376c403778a3aeba816be9
1,20260810T085747Z_9b01dadd36f6_stage08_b06_formal_86730006,formal,20260810T085747Z,9b01dadd36f6bf7c926f41342d17d4ffb3011408,false,stage08_b06_lombscargle_scales_v1,6b8abe6c23a94283f3ef195d7cf71c028080c652b9768e56186ccbcf5cfaceaf,operator,lombscargle,NA,NA,lombscargle,lombscargle__lombscargle_int32_10e2__c813437da217dbce,lombscargle_int32_10e2,10^2,119,"time=[17],value=[17],frequency=[7]",INT32,CPU,not_applicable,compatibility/end-to-end,PASS,OK,20,100,53,0.00616,true,c813437da217dbce80c08561258b361dd91c3759e2efdec527fde5eb2859b319,77b3fbea0efc6bd0aa03e9bff4c86749df41dc6c26376c403778a3aeba816be9
1,20260810T085747Z_9b01dadd36f6_stage08_b06_formal_86730006,formal,20260810T085747Z,9b01dadd36f6bf7c926f41342d17d4ffb3011408,false,stage08_b06_lombscargle_scales_v1,6b8abe6c23a94283f3ef195d7cf71c028080c652b9768e56186ccbcf5cfaceaf,operator,lombscargle,NA,NA,lombscargle,lombscargle__lombscargle_int32_10e2__c813437da217dbce,lombscargle_int32_10e2,10^2,119,"time=[17],value=[17],frequency=[7]",INT32,CPU,not_applicable,compatibility/end-to-end,PASS,OK,20,100,54,0.00616,true,c813437da217dbce80c08561258b361dd91c3759e2efdec527fde5eb2859b319,77b3fbea0efc6bd0aa03e9bff4c86749df41dc6c26376c403778a3aeba816be9
1,20260810T085747Z_9b01dadd36f6_stage08_b06_formal_86730006,formal,20260810T085747Z,9b01dadd36f6bf7c926f41342d17d4ffb3011408,false,stage08_b06_lombscargle_scales_v1,6b8abe6c23a94283f3ef195d7cf71c028080c652b9768e56186ccbcf5cfaceaf,operator,lombscargle,NA,NA,lombscargle,lombscargle__lombscargle_int32_10e2__c813437da217dbce,lombscargle_int32_10e2,10^2,119,"time=[17],value=[17],frequency=[7]",INT32,CPU,not_applicable,compatibility/end-to-end,PASS,OK,20,100,55,0.00617,true,c813437da217dbce80c08561258b361dd91c3759e2efdec527fde5eb2859b319,77b3fbea0efc6bd0aa03e9bff4c86749df41dc6c26376c403778a3aeba816be9
1,20260810T085747Z_9b01dadd36f6_stage08_b06_formal_86730006,formal,20260810T085747Z,9b01dadd36f6bf7c926f41342d17d4ffb3011408,false,stage08_b06_lombscargle_scales_v1,6b8abe6c23a94283f3ef195d7cf71c028080c652b9768e56186ccbcf5cfaceaf,operator,lombscargle,NA,NA,lombscargle,lombscargle__lombscargle_int32_10e2__c813437da217dbce,lombscargle_int32_10e2,10^2,119,"time=[17],value=[17],frequency=[7]",INT32,CPU,not_applicable,compatibility/end-to-end,PASS,OK,20,100,56,0.00613,true,c813437da217dbce80c08561258b361dd91c3759e2efdec527fde5eb2859b319,77b3fbea0efc6bd0aa03e9bff4c86749df41dc6c26376c403778a3aeba816be9
1,20260810T085747Z_9b01dadd36f6_stage08_b06_formal_86730006,formal,20260810T085747Z,9b01dadd36f6bf7c926f41342d17d4ffb3011408,false,stage08_b06_lombscargle_scales_v1,6b8abe6c23a94283f3ef195d7cf71c028080c652b9768e56186ccbcf5cfaceaf,operator,lombscargle,NA,NA,lombscargle,lombscargle__lombscargle_int32_10e2__c813437da217dbce,lombscargle_int32_10e2,10^2,119,"time=[17],value=[17],frequency=[7]",INT32,CPU,not_applicable,compatibility/end-to-end,PASS,OK,20,100,57,0.00618,true,c813437da217dbce80c08561258b361dd91c3759e2efdec527fde5eb2859b319,77b3fbea0efc6bd0aa03e9bff4c86749df41dc6c26376c403778a3aeba816be9
1,20260810T085747Z_9b01dadd36f6_stage08_b06_formal_86730006,formal,20260810T085747Z,9b01dadd36f6bf7c926f41342d17d4ffb3011408,false,stage08_b06_lombscargle_scales_v1,6b8abe6c23a94283f3ef195d7cf71c028080c652b9768e56186ccbcf5cfaceaf,operator,lombscargle,NA,NA,lombscargle,lombscargle__lombscargle_int32_10e2__c813437da217dbce,lombscargle_int32_10e2,10^2,119,"time=[17],value=[17],frequency=[7]",INT32,CPU,not_applicable,compatibility/end-to-end,PASS,OK,20,100,58,0.00615,true,c813437da217dbce80c08561258b361dd91c3759e2efdec527fde5eb2859b319,77b3fbea0efc6bd0aa03e9bff4c86749df41dc6c26376c403778a3aeba816be9
1,20260810T085747Z_9b01dadd36f6_stage08_b06_formal_86730006,formal,20260810T085747Z,9b01dadd36f6bf7c926f41342d17d4ffb3011408,false,stage08_b06_lombscargle_scales_v1,6b8abe6c23a94283f3ef195d7cf71c028080c652b9768e56186ccbcf5cfaceaf,operator,lombscargle,NA,NA,lombscargle,lombscargle__lombscargle_int32_10e2__c813437da217dbce,lombscargle_int32_10e2,10^2,119,"time=[17],value=[17],frequency=[7]",INT32,CPU,not_applicable,compatibility/end-to-end,PASS,OK,20,100,59,0.00615,true,c813437da217dbce80c08561258b361dd91c3759e2efdec527fde5eb2859b319,77b3fbea0efc6bd0aa03e9bff4c86749df41dc6c26376c403778a3aeba816be9
1,20260810T085747Z_9b01dadd36f6_stage08_b06_formal_86730006,formal,20260810T085747Z,9b01dadd36f6bf7c926f41342d17d4ffb3011408,false,stage08_b06_lombscargle_scales_v1,6b8abe6c23a94283f3ef195d7cf71c028080c652b9768e56186ccbcf5cfaceaf,operator,lombscargle,NA,NA,lombscargle,lombscargle__lombscargle_int32_10e2__c813437da217dbce,lombscargle_int32_10e2,10^2,119,"time=[17],value=[17],frequency=[7]",INT32,CPU,not_applicable,compatibility/end-to-end,PASS,OK,20,100,60,0.00614,true,c813437da217dbce80c08561258b361dd91c3759e2efdec527fde5eb2859b319,77b3fbea0efc6bd0aa03e9bff4c86749df41dc6c26376c403778a3aeba816be9
1,20260810T085747Z_9b01dadd36f6_stage08_b06_formal_86730006,formal,20260810T085747Z,9b01dadd36f6bf7c926f41342d17d4ffb3011408,false,stage08_b06_lombscargle_scales_v1,6b8abe6c23a94283f3ef195d7cf71c028080c652b9768e56186ccbcf5cfaceaf,operator,lombscargle,NA,NA,lombscargle,lombscargle__lombscargle_int32_10e2__c813437da217dbce,lombscargle_int32_10e2,10^2,119,"time=[17],value=[17],frequency=[7]",INT32,CPU,not_applicable,compatibility/end-to-end,PASS,OK,20,100,61,0.00617,true,c813437da217dbce80c08561258b361dd91c3759e2efdec527fde5eb2859b319,77b3fbea0efc6bd0aa03e9bff4c86749df41dc6c26376c403778a3aeba816be9
1,20260810T085747Z_9b01dadd36f6_stage08_b06_formal_86730006,formal,20260810T085747Z,9b01dadd36f6bf7c926f41342d17d4ffb3011408,false,stage08_b06_lombscargle_scales_v1,6b8abe6c23a94283f3ef195d7cf71c028080c652b9768e56186ccbcf5cfaceaf,operator,lombscargle,NA,NA,lombscargle,lombscargle__lombscargle_int32_10e2__c813437da217dbce,lombscargle_int32_10e2,10^2,119,"time=[17],value=[17],frequency=[7]",INT32,CPU,not_applicable,compatibility/end-to-end,PASS,OK,20,100,62,0.00615,true,c813437da217dbce80c08561258b361dd91c3759e2efdec527fde5eb2859b319,77b3fbea0efc6bd0aa03e9bff4c86749df41dc6c26376c403778a3aeba816be9
1,20260810T085747Z_9b01dadd36f6_stage08_b06_formal_86730006,formal,20260810T085747Z,9b01dadd36f6bf7c926f41342d17d4ffb3011408,false,stage08_b06_lombscargle_scales_v1,6b8abe6c23a94283f3ef195d7cf71c028080c652b9768e56186ccbcf5cfaceaf,operator,lombscargle,NA,NA,lombscargle,lombscargle__lombscargle_int32_10e2__c813437da217dbce,lombscargle_int32_10e2,10^2,119,"time=[17],value=[17],frequency=[7]",INT32,CPU,not_applicable,compatibility/end-to-end,PASS,OK,20,100,63,0.0062,true,c813437da217dbce80c08561258b361dd91c3759e2efdec527fde5eb2859b319,77b3fbea0efc6bd0aa03e9bff4c86749df41dc6c26376c403778a3aeba816be9
1,20260810T085747Z_9b01dadd36f6_stage08_b06_formal_86730006,formal,20260810T085747Z,9b01dadd36f6bf7c926f41342d17d4ffb3011408,false,stage08_b06_lombscargle_scales_v1,6b8abe6c23a94283f3ef195d7cf71c028080c652b9768e56186ccbcf5cfaceaf,operator,lombscargle,NA,NA,lombscargle,lombscargle__lombscargle_int32_10e2__c813437da217dbce,lombscargle_int32_10e2,10^2,119,"time=[17],value=[17],frequency=[7]",INT32,CPU,not_applicable,compatibility/end-to-end,PASS,OK,20,100,64,0.00616,true,c813437da217dbce80c08561258b361dd91c3759e2efdec527fde5eb2859b319,77b3fbea0efc6bd0aa03e9bff4c86749df41dc6c26376c403778a3aeba816be9
1,20260810T085747Z_9b01dadd36f6_stage08_b06_formal_86730006,formal,20260810T085747Z,9b01dadd36f6bf7c926f41342d17d4ffb3011408,false,stage08_b06_lombscargle_scales_v1,6b8abe6c23a94283f3ef195d7cf71c028080c652b9768e56186ccbcf5cfaceaf,operator,lombscargle,NA,NA,lombscargle,lombscargle__lombscargle_int32_10e2__c813437da217dbce,lombscargle_int32_10e2,10^2,119,"time=[17],value=[17],frequency=[7]",INT32,CPU,not_applicable,compatibility/end-to-end,PASS,OK,20,100,65,0.006281,true,c813437da217dbce80c08561258b361dd91c3759e2efdec527fde5eb2859b319,77b3fbea0efc6bd0aa03e9bff4c86749df41dc6c26376c403778a3aeba816be9
1,20260810T085747Z_9b01dadd36f6_stage08_b06_formal_86730006,formal,20260810T085747Z,9b01dadd36f6bf7c926f41342d17d4ffb3011408,false,stage08_b06_lombscargle_scales_v1,6b8abe6c23a94283f3ef195d7cf71c028080c652b9768e56186ccbcf5cfaceaf,operator,lombscargle,NA,NA,lombscargle,lombscargle__lombscargle_int32_10e2__c813437da217dbce,lombscargle_int32_10e2,10^2,119,"time=[17],value=[17],frequency=[7]",INT32,CPU,not_applicable,compatibility/end-to-end,PASS,OK,20,100,66,0.00618,true,c813437da217dbce80c08561258b361dd91c3759e2efdec527fde5eb2859b319,77b3fbea0efc6bd0aa03e9bff4c86749df41dc6c26376c403778a3aeba816be9
1,20260810T085747Z_9b01dadd36f6_stage08_b06_formal_86730006,formal,20260810T085747Z,9b01dadd36f6bf7c926f41342d17d4ffb3011408,false,stage08_b06_lombscargle_scales_v1,6b8abe6c23a94283f3ef195d7cf71c028080c652b9768e56186ccbcf5cfaceaf,operator,lombscargle,NA,NA,lombscargle,lombscargle__lombscargle_int32_10e2__c813437da217dbce,lombscargle_int32_10e2,10^2,119,"time=[17],value=[17],frequency=[7]",INT32,CPU,not_applicable,compatibility/end-to-end,PASS,OK,20,100,67,0.00617,true,c813437da217dbce80c08561258b361dd91c3759e2efdec527fde5eb2859b319,77b3fbea0efc6bd0aa03e9bff4c86749df41dc6c26376c403778a3aeba816be9
1,20260810T085747Z_9b01dadd36f6_stage08_b06_formal_86730006,formal,20260810T085747Z,9b01dadd36f6bf7c926f41342d17d4ffb3011408,false,stage08_b06_lombscargle_scales_v1,6b8abe6c23a94283f3ef195d7cf71c028080c652b9768e56186ccbcf5cfaceaf,operator,lombscargle,NA,NA,lombscargle,lombscargle__lombscargle_int32_10e2__c813437da217dbce,lombscargle_int32_10e2,10^2,119,"time=[17],value=[17],frequency=[7]",INT32,CPU,not_applicable,compatibility/end-to-end,PASS,OK,20,100,68,0.00613,true,c813437da217dbce80c08561258b361dd91c3759e2efdec527fde5eb2859b319,77b3fbea0efc6bd0aa03e9bff4c86749df41dc6c26376c403778a3aeba816be9
1,20260810T085747Z_9b01dadd36f6_stage08_b06_formal_86730006,formal,20260810T085747Z,9b01dadd36f6bf7c926f41342d17d4ffb3011408,false,stage08_b06_lombscargle_scales_v1,6b8abe6c23a94283f3ef195d7cf71c028080c652b9768e56186ccbcf5cfaceaf,operator,lombscargle,NA,NA,lombscargle,lombscargle__lombscargle_int32_10e2__c813437da217dbce,lombscargle_int32_10e2,10^2,119,"time=[17],value=[17],frequency=[7]",INT32,CPU,not_applicable,compatibility/end-to-end,PASS,OK,20,100,69,0.00617,true,c813437da217dbce80c08561258b361dd91c3759e2efdec527fde5eb2859b319,77b3fbea0efc6bd0aa03e9bff4c86749df41dc6c26376c403778a3aeba816be9
1,20260810T085747Z_9b01dadd36f6_stage08_b06_formal_86730006,formal,20260810T085747Z,9b01dadd36f6bf7c926f41342d17d4ffb3011408,false,stage08_b06_lombscargle_scales_v1,6b8abe6c23a94283f3ef195d7cf71c028080c652b9768e56186ccbcf5cfaceaf,operator,lombscargle,NA,NA,lombscargle,lombscargle__lombscargle_int32_10e2__c813437da217dbce,lombscargle_int32_10e2,10^2,119,"time=[17],value=[17],frequency=[7]",INT32,CPU,not_applicable,compatibility/end-to-end,PASS,OK,20,100,70,0.00615,true,c813437da217dbce80c08561258b361dd91c3759e2efdec527fde5eb2859b319,77b3fbea0efc6bd0aa03e9bff4c86749df41dc6c26376c403778a3aeba816be9
1,20260810T085747Z_9b01dadd36f6_stage08_b06_formal_86730006,formal,20260810T085747Z,9b01dadd36f6bf7c926f41342d17d4ffb3011408,false,stage08_b06_lombscargle_scales_v1,6b8abe6c23a94283f3ef195d7cf71c028080c652b9768e56186ccbcf5cfaceaf,operator,lombscargle,NA,NA,lombscargle,lombscargle__lombscargle_int32_10e2__c813437da217dbce,lombscargle_int32_10e2,10^2,119,"time=[17],value=[17],frequency=[7]",INT32,CPU,not_applicable,compatibility/end-to-end,PASS,OK,20,100,71,0.00616,true,c813437da217dbce80c08561258b361dd91c3759e2efdec527fde5eb2859b319,77b3fbea0efc6bd0aa03e9bff4c86749df41dc6c26376c403778a3aeba816be9
1,20260810T085747Z_9b01dadd36f6_stage08_b06_formal_86730006,formal,20260810T085747Z,9b01dadd36f6bf7c926f41342d17d4ffb3011408,false,stage08_b06_lombscargle_scales_v1,6b8abe6c23a94283f3ef195d7cf71c028080c652b9768e56186ccbcf5cfaceaf,operator,lombscargle,NA,NA,lombscargle,lombscargle__lombscargle_int32_10e2__c813437da217dbce,lombscargle_int32_10e2,10^2,119,"time=[17],value=[17],frequency=[7]",INT32,CPU,not_applicable,compatibility/end-to-end,PASS,OK,20,100,72,0.00615,true,c813437da217dbce80c08561258b361dd91c3759e2efdec527fde5eb2859b319,77b3fbea0efc6bd0aa03e9bff4c86749df41dc6c26376c403778a3aeba816be9
1,20260810T085747Z_9b01dadd36f6_stage08_b06_formal_86730006,formal,20260810T085747Z,9b01dadd36f6bf7c926f41342d17d4ffb3011408,false,stage08_b06_lombscargle_scales_v1,6b8abe6c23a94283f3ef195d7cf71c028080c652b9768e56186ccbcf5cfaceaf,operator,lombscargle,NA,NA,lombscargle,lombscargle__lombscargle_int32_10e2__c813437da217dbce,lombscargle_int32_10e2,10^2,119,"time=[17],value=[17],frequency=[7]",INT32,CPU,not_applicable,compatibility/end-to-end,PASS,OK,20,100,73,0.00618,true,c813437da217dbce80c08561258b361dd91c3759e2efdec527fde5eb2859b319,77b3fbea0efc6bd0aa03e9bff4c86749df41dc6c26376c403778a3aeba816be9
1,20260810T085747Z_9b01dadd36f6_stage08_b06_formal_86730006,formal,20260810T085747Z,9b01dadd36f6bf7c926f41342d17d4ffb3011408,false,stage08_b06_lombscargle_scales_v1,6b8abe6c23a94283f3ef195d7cf71c028080c652b9768e56186ccbcf5cfaceaf,operator,lombscargle,NA,NA,lombscargle,lombscargle__lombscargle_int32_10e2__c813437da217dbce,lombscargle_int32_10e2,10^2,119,"time=[17],value=[17],frequency=[7]",INT32,CPU,not_applicable,compatibility/end-to-end,PASS,OK,20,100,74,0.00616,true,c813437da217dbce80c08561258b361dd91c3759e2efdec527fde5eb2859b319,77b3fbea0efc6bd0aa03e9bff4c86749df41dc6c26376c403778a3aeba816be9
1,20260810T085747Z_9b01dadd36f6_stage08_b06_formal_86730006,formal,20260810T085747Z,9b01dadd36f6bf7c926f41342d17d4ffb3011408,false,stage08_b06_lombscargle_scales_v1,6b8abe6c23a94283f3ef195d7cf71c028080c652b9768e56186ccbcf5cfaceaf,operator,lombscargle,NA,NA,lombscargle,lombscargle__lombscargle_int32_10e2__c813437da217dbce,lombscargle_int32_10e2,10^2,119,"time=[17],value=[17],frequency=[7]",INT32,CPU,not_applicable,compatibility/end-to-end,PASS,OK,20,100,75,0.00616,true,c813437da217dbce80c08561258b361dd91c3759e2efdec527fde5eb2859b319,77b3fbea0efc6bd0aa03e9bff4c86749df41dc6c26376c403778a3aeba816be9
1,20260810T085747Z_9b01dadd36f6_stage08_b06_formal_86730006,formal,20260810T085747Z,9b01dadd36f6bf7c926f41342d17d4ffb3011408,false,stage08_b06_lombscargle_scales_v1,6b8abe6c23a94283f3ef195d7cf71c028080c652b9768e56186ccbcf5cfaceaf,operator,lombscargle,NA,NA,lombscargle,lombscargle__lombscargle_int32_10e2__c813437da217dbce,lombscargle_int32_10e2,10^2,119,"time=[17],value=[17],frequency=[7]",INT32,CPU,not_applicable,compatibility/end-to-end,PASS,OK,20,100,76,0.00615,true,c813437da217dbce80c08561258b361dd91c3759e2efdec527fde5eb2859b319,77b3fbea0efc6bd0aa03e9bff4c86749df41dc6c26376c403778a3aeba816be9
1,20260810T085747Z_9b01dadd36f6_stage08_b06_formal_86730006,formal,20260810T085747Z,9b01dadd36f6bf7c926f41342d17d4ffb3011408,false,stage08_b06_lombscargle_scales_v1,6b8abe6c23a94283f3ef195d7cf71c028080c652b9768e56186ccbcf5cfaceaf,operator,lombscargle,NA,NA,lombscargle,lombscargle__lombscargle_int32_10e2__c813437da217dbce,lombscargle_int32_10e2,10^2,119,"time=[17],value=[17],frequency=[7]",INT32,CPU,not_applicable,compatibility/end-to-end,PASS,OK,20,100,77,0.00616,true,c813437da217dbce80c08561258b361dd91c3759e2efdec527fde5eb2859b319,77b3fbea0efc6bd0aa03e9bff4c86749df41dc6c26376c403778a3aeba816be9
1,20260810T085747Z_9b01dadd36f6_stage08_b06_formal_86730006,formal,20260810T085747Z,9b01dadd36f6bf7c926f41342d17d4ffb3011408,false,stage08_b06_lombscargle_scales_v1,6b8abe6c23a94283f3ef195d7cf71c028080c652b9768e56186ccbcf5cfaceaf,operator,lombscargle,NA,NA,lombscargle,lombscargle__lombscargle_int32_10e2__c813437da217dbce,lombscargle_int32_10e2,10^2,119,"time=[17],value=[17],frequency=[7]",INT32,CPU,not_applicable,compatibility/end-to-end,PASS,OK,20,100,78,0.00615,true,c813437da217dbce80c08561258b361dd91c3759e2efdec527fde5eb2859b319,77b3fbea0efc6bd0aa03e9bff4c86749df41dc6c26376c403778a3aeba816be9
1,20260810T085747Z_9b01dadd36f6_stage08_b06_formal_86730006,formal,20260810T085747Z,9b01dadd36f6bf7c926f41342d17d4ffb3011408,false,stage08_b06_lombscargle_scales_v1,6b8abe6c23a94283f3ef195d7cf71c028080c652b9768e56186ccbcf5cfaceaf,operator,lombscargle,NA,NA,lombscargle,lombscargle__lombscargle_int32_10e2__c813437da217dbce,lombscargle_int32_10e2,10^2,119,"time=[17],value=[17],frequency=[7]",INT32,CPU,not_applicable,compatibility/end-to-end,PASS,OK,20,100,79,0.00617,true,c813437da217dbce80c08561258b361dd91c3759e2efdec527fde5eb2859b319,77b3fbea0efc6bd0aa03e9bff4c86749df41dc6c26376c403778a3aeba816be9
1,20260810T085747Z_9b01dadd36f6_stage08_b06_formal_86730006,formal,20260810T085747Z,9b01dadd36f6bf7c926f41342d17d4ffb3011408,false,stage08_b06_lombscargle_scales_v1,6b8abe6c23a94283f3ef195d7cf71c028080c652b9768e56186ccbcf5cfaceaf,operator,lombscargle,NA,NA,lombscargle,lombscargle__lombscargle_int32_10e2__c813437da217dbce,lombscargle_int32_10e2,10^2,119,"time=[17],value=[17],frequency=[7]",INT32,CPU,not_applicable,compatibility/end-to-end,PASS,OK,20,100,80,0.00616,true,c813437da217dbce80c08561258b361dd91c3759e2efdec527fde5eb2859b319,77b3fbea0efc6bd0aa03e9bff4c86749df41dc6c26376c403778a3aeba816be9
1,20260810T085747Z_9b01dadd36f6_stage08_b06_formal_86730006,formal,20260810T085747Z,9b01dadd36f6bf7c926f41342d17d4ffb3011408,false,stage08_b06_lombscargle_scales_v1,6b8abe6c23a94283f3ef195d7cf71c028080c652b9768e56186ccbcf5cfaceaf,operator,lombscargle,NA,NA,lombscargle,lombscargle__lombscargle_int32_10e2__c813437da217dbce,lombscargle_int32_10e2,10^2,119,"time=[17],value=[17],frequency=[7]",INT32,CPU,not_applicable,compatibility/end-to-end,PASS,OK,20,100,81,0.00616,true,c813437da217dbce80c08561258b361dd91c3759e2efdec527fde5eb2859b319,77b3fbea0efc6bd0aa03e9bff4c86749df41dc6c26376c403778a3aeba816be9
1,20260810T085747Z_9b01dadd36f6_stage08_b06_formal_86730006,formal,20260810T085747Z,9b01dadd36f6bf7c926f41342d17d4ffb3011408,false,stage08_b06_lombscargle_scales_v1,6b8abe6c23a94283f3ef195d7cf71c028080c652b9768e56186ccbcf5cfaceaf,operator,lombscargle,NA,NA,lombscargle,lombscargle__lombscargle_int32_10e2__c813437da217dbce,lombscargle_int32_10e2,10^2,119,"time=[17],value=[17],frequency=[7]",INT32,CPU,not_applicable,compatibility/end-to-end,PASS,OK,20,100,82,0.00615,true,c813437da217dbce80c08561258b361dd91c3759e2efdec527fde5eb2859b319,77b3fbea0efc6bd0aa03e9bff4c86749df41dc6c26376c403778a3aeba816be9
1,20260810T085747Z_9b01dadd36f6_stage08_b06_formal_86730006,formal,20260810T085747Z,9b01dadd36f6bf7c926f41342d17d4ffb3011408,false,stage08_b06_lombscargle_scales_v1,6b8abe6c23a94283f3ef195d7cf71c028080c652b9768e56186ccbcf5cfaceaf,operator,lombscargle,NA,NA,lombscargle,lombscargle__lombscargle_int32_10e2__c813437da217dbce,lombscargle_int32_10e2,10^2,119,"time=[17],value=[17],frequency=[7]",INT32,CPU,not_applicable,compatibility/end-to-end,PASS,OK,20,100,83,0.00617,true,c813437da217dbce80c08561258b361dd91c3759e2efdec527fde5eb2859b319,77b3fbea0efc6bd0aa03e9bff4c86749df41dc6c26376c403778a3aeba816be9
1,20260810T085747Z_9b01dadd36f6_stage08_b06_formal_86730006,formal,20260810T085747Z,9b01dadd36f6bf7c926f41342d17d4ffb3011408,false,stage08_b06_lombscargle_scales_v1,6b8abe6c23a94283f3ef195d7cf71c028080c652b9768e56186ccbcf5cfaceaf,operator,lombscargle,NA,NA,lombscargle,lombscargle__lombscargle_int32_10e2__c813437da217dbce,lombscargle_int32_10e2,10^2,119,"time=[17],value=[17],frequency=[7]",INT32,CPU,not_applicable,compatibility/end-to-end,PASS,OK,20,100,84,0.00616,true,c813437da217dbce80c08561258b361dd91c3759e2efdec527fde5eb2859b319,77b3fbea0efc6bd0aa03e9bff4c86749df41dc6c26376c403778a3aeba816be9
1,20260810T085747Z_9b01dadd36f6_stage08_b06_formal_86730006,formal,20260810T085747Z,9b01dadd36f6bf7c926f41342d17d4ffb3011408,false,stage08_b06_lombscargle_scales_v1,6b8abe6c23a94283f3ef195d7cf71c028080c652b9768e56186ccbcf5cfaceaf,operator,lombscargle,NA,NA,lombscargle,lombscargle__lombscargle_int32_10e2__c813437da217dbce,lombscargle_int32_10e2,10^2,119,"time=[17],value=[17],frequency=[7]",INT32,CPU,not_applicable,compatibility/end-to-end,PASS,OK,20,100,85,0.00616,true,c813437da217dbce80c08561258b361dd91c3759e2efdec527fde5eb2859b319,77b3fbea0efc6bd0aa03e9bff4c86749df41dc6c26376c403778a3aeba816be9
1,20260810T085747Z_9b01dadd36f6_stage08_b06_formal_86730006,formal,20260810T085747Z,9b01dadd36f6bf7c926f41342d17d4ffb3011408,false,stage08_b06_lombscargle_scales_v1,6b8abe6c23a94283f3ef195d7cf71c028080c652b9768e56186ccbcf5cfaceaf,operator,lombscargle,NA,NA,lombscargle,lombscargle__lombscargle_int32_10e2__c813437da217dbce,lombscargle_int32_10e2,10^2,119,"time=[17],value=[17],frequency=[7]",INT32,CPU,not_applicable,compatibility/end-to-end,PASS,OK,20,100,86,0.00616,true,c813437da217dbce80c08561258b361dd91c3759e2efdec527fde5eb2859b319,77b3fbea0efc6bd0aa03e9bff4c86749df41dc6c26376c403778a3aeba816be9
1,20260810T085747Z_9b01dadd36f6_stage08_b06_formal_86730006,formal,20260810T085747Z,9b01dadd36f6bf7c926f41342d17d4ffb3011408,false,stage08_b06_lombscargle_scales_v1,6b8abe6c23a94283f3ef195d7cf71c028080c652b9768e56186ccbcf5cfaceaf,operator,lombscargle,NA,NA,lombscargle,lombscargle__lombscargle_int32_10e2__c813437da217dbce,lombscargle_int32_10e2,10^2,119,"time=[17],value=[17],frequency=[7]",INT32,CPU,not_applicable,compatibility/end-to-end,PASS,OK,20,100,87,0.00618,true,c813437da217dbce80c08561258b361dd91c3759e2efdec527fde5eb2859b319,77b3fbea0efc6bd0aa03e9bff4c86749df41dc6c26376c403778a3aeba816be9
1,20260810T085747Z_9b01dadd36f6_stage08_b06_formal_86730006,formal,20260810T085747Z,9b01dadd36f6bf7c926f41342d17d4ffb3011408,false,stage08_b06_lombscargle_scales_v1,6b8abe6c23a94283f3ef195d7cf71c028080c652b9768e56186ccbcf5cfaceaf,operator,lombscargle,NA,NA,lombscargle,lombscargle__lombscargle_int32_10e2__c813437da217dbce,lombscargle_int32_10e2,10^2,119,"time=[17],value=[17],frequency=[7]",INT32,CPU,not_applicable,compatibility/end-to-end,PASS,OK,20,100,88,0.00616,true,c813437da217dbce80c08561258b361dd91c3759e2efdec527fde5eb2859b319,77b3fbea0efc6bd0aa03e9bff4c86749df41dc6c26376c403778a3aeba816be9
1,20260810T085747Z_9b01dadd36f6_stage08_b06_formal_86730006,formal,20260810T085747Z,9b01dadd36f6bf7c926f41342d17d4ffb3011408,false,stage08_b06_lombscargle_scales_v1,6b8abe6c23a94283f3ef195d7cf71c028080c652b9768e56186ccbcf5cfaceaf,operator,lombscargle,NA,NA,lombscargle,lombscargle__lombscargle_int32_10e2__c813437da217dbce,lombscargle_int32_10e2,10^2,119,"time=[17],value=[17],frequency=[7]",INT32,CPU,not_applicable,compatibility/end-to-end,PASS,OK,20,100,89,0.00616,true,c813437da217dbce80c08561258b361dd91c3759e2efdec527fde5eb2859b319,77b3fbea0efc6bd0aa03e9bff4c86749df41dc6c26376c403778a3aeba816be9
1,20260810T085747Z_9b01dadd36f6_stage08_b06_formal_86730006,formal,20260810T085747Z,9b01dadd36f6bf7c926f41342d17d4ffb3011408,false,stage08_b06_lombscargle_scales_v1,6b8abe6c23a94283f3ef195d7cf71c028080c652b9768e56186ccbcf5cfaceaf,operator,lombscargle,NA,NA,lombscargle,lombscargle__lombscargle_int32_10e2__c813437da217dbce,lombscargle_int32_10e2,10^2,119,"time=[17],value=[17],frequency=[7]",INT32,CPU,not_applicable,compatibility/end-to-end,PASS,OK,20,100,90,0.00616,true,c813437da217dbce80c08561258b361dd91c3759e2efdec527fde5eb2859b319,77b3fbea0efc6bd0aa03e9bff4c86749df41dc6c26376c403778a3aeba816be9
1,20260810T085747Z_9b01dadd36f6_stage08_b06_formal_86730006,formal,20260810T085747Z,9b01dadd36f6bf7c926f41342d17d4ffb3011408,false,stage08_b06_lombscargle_scales_v1,6b8abe6c23a94283f3ef195d7cf71c028080c652b9768e56186ccbcf5cfaceaf,operator,lombscargle,NA,NA,lombscargle,lombscargle__lombscargle_int32_10e2__c813437da217dbce,lombscargle_int32_10e2,10^2,119,"time=[17],value=[17],frequency=[7]",INT32,CPU,not_applicable,compatibility/end-to-end,PASS,OK,20,100,91,0.00616,true,c813437da217dbce80c08561258b361dd91c3759e2efdec527fde5eb2859b319,77b3fbea0efc6bd0aa03e9bff4c86749df41dc6c26376c403778a3aeba816be9
1,20260810T085747Z_9b01dadd36f6_stage08_b06_formal_86730006,formal,20260810T085747Z,9b01dadd36f6bf7c926f41342d17d4ffb3011408,false,stage08_b06_lombscargle_scales_v1,6b8abe6c23a94283f3ef195d7cf71c028080c652b9768e56186ccbcf5cfaceaf,operator,lombscargle,NA,NA,lombscargle,lombscargle__lombscargle_int32_10e2__c813437da217dbce,lombscargle_int32_10e2,10^2,119,"time=[17],value=[17],frequency=[7]",INT32,CPU,not_applicable,compatibility/end-to-end,PASS,OK,20,100,92,0.00615,true,c813437da217dbce80c08561258b361dd91c3759e2efdec527fde5eb2859b319,77b3fbea0efc6bd0aa03e9bff4c86749df41dc6c26376c403778a3aeba816be9
1,20260810T085747Z_9b01dadd36f6_stage08_b06_formal_86730006,formal,20260810T085747Z,9b01dadd36f6bf7c926f41342d17d4ffb3011408,false,stage08_b06_lombscargle_scales_v1,6b8abe6c23a94283f3ef195d7cf71c028080c652b9768e56186ccbcf5cfaceaf,operator,lombscargle,NA,NA,lombscargle,lombscargle__lombscargle_int32_10e2__c813437da217dbce,lombscargle_int32_10e2,10^2,119,"time=[17],value=[17],frequency=[7]",INT32,CPU,not_applicable,compatibility/end-to-end,PASS,OK,20,100,93,0.00616,true,c813437da217dbce80c08561258b361dd91c3759e2efdec527fde5eb2859b319,77b3fbea0efc6bd0aa03e9bff4c86749df41dc6c26376c403778a3aeba816be9
1,20260810T085747Z_9b01dadd36f6_stage08_b06_formal_86730006,formal,20260810T085747Z,9b01dadd36f6bf7c926f41342d17d4ffb3011408,false,stage08_b06_lombscargle_scales_v1,6b8abe6c23a94283f3ef195d7cf71c028080c652b9768e56186ccbcf5cfaceaf,operator,lombscargle,NA,NA,lombscargle,lombscargle__lombscargle_int32_10e2__c813437da217dbce,lombscargle_int32_10e2,10^2,119,"time=[17],value=[17],frequency=[7]",INT32,CPU,not_applicable,compatibility/end-to-end,PASS,OK,20,100,94,0.006151,true,c813437da217dbce80c08561258b361dd91c3759e2efdec527fde5eb2859b319,77b3fbea0efc6bd0aa03e9bff4c86749df41dc6c26376c403778a3aeba816be9
1,20260810T085747Z_9b01dadd36f6_stage08_b06_formal_86730006,formal,20260810T085747Z,9b01dadd36f6bf7c926f41342d17d4ffb3011408,false,stage08_b06_lombscargle_scales_v1,6b8abe6c23a94283f3ef195d7cf71c028080c652b9768e56186ccbcf5cfaceaf,operator,lombscargle,NA,NA,lombscargle,lombscargle__lombscargle_int32_10e2__c813437da217dbce,lombscargle_int32_10e2,10^2,119,"time=[17],value=[17],frequency=[7]",INT32,CPU,not_applicable,compatibility/end-to-end,PASS,OK,20,100,95,0.00615,true,c813437da217dbce80c08561258b361dd91c3759e2efdec527fde5eb2859b319,77b3fbea0efc6bd0aa03e9bff4c86749df41dc6c26376c403778a3aeba816be9
1,20260810T085747Z_9b01dadd36f6_stage08_b06_formal_86730006,formal,20260810T085747Z,9b01dadd36f6bf7c926f41342d17d4ffb3011408,false,stage08_b06_lombscargle_scales_v1,6b8abe6c23a94283f3ef195d7cf71c028080c652b9768e56186ccbcf5cfaceaf,operator,lombscargle,NA,NA,lombscargle,lombscargle__lombscargle_int32_10e2__c813437da217dbce,lombscargle_int32_10e2,10^2,119,"time=[17],value=[17],frequency=[7]",INT32,CPU,not_applicable,compatibility/end-to-end,PASS,OK,20,100,96,0.00614,true,c813437da217dbce80c08561258b361dd91c3759e2efdec527fde5eb2859b319,77b3fbea0efc6bd0aa03e9bff4c86749df41dc6c26376c403778a3aeba816be9
1,20260810T085747Z_9b01dadd36f6_stage08_b06_formal_86730006,formal,20260810T085747Z,9b01dadd36f6bf7c926f41342d17d4ffb3011408,false,stage08_b06_lombscargle_scales_v1,6b8abe6c23a94283f3ef195d7cf71c028080c652b9768e56186ccbcf5cfaceaf,operator,lombscargle,NA,NA,lombscargle,lombscargle__lombscargle_int32_10e2__c813437da217dbce,lombscargle_int32_10e2,10^2,119,"time=[17],value=[17],frequency=[7]",INT32,CPU,not_applicable,compatibility/end-to-end,PASS,OK,20,100,97,0.00617,true,c813437da217dbce80c08561258b361dd91c3759e2efdec527fde5eb2859b319,77b3fbea0efc6bd0aa03e9bff4c86749df41dc6c26376c403778a3aeba816be9
1,20260810T085747Z_9b01dadd36f6_stage08_b06_formal_86730006,formal,20260810T085747Z,9b01dadd36f6bf7c926f41342d17d4ffb3011408,false,stage08_b06_lombscargle_scales_v1,6b8abe6c23a94283f3ef195d7cf71c028080c652b9768e56186ccbcf5cfaceaf,operator,lombscargle,NA,NA,lombscargle,lombscargle__lombscargle_int32_10e2__c813437da217dbce,lombscargle_int32_10e2,10^2,119,"time=[17],value=[17],frequency=[7]",INT32,CPU,not_applicable,compatibility/end-to-end,PASS,OK,20,100,98,0.00614,true,c813437da217dbce80c08561258b361dd91c3759e2efdec527fde5eb2859b319,77b3fbea0efc6bd0aa03e9bff4c86749df41dc6c26376c403778a3aeba816be9
1,20260810T085747Z_9b01dadd36f6_stage08_b06_formal_86730006,formal,20260810T085747Z,9b01dadd36f6bf7c926f41342d17d4ffb3011408,false,stage08_b06_lombscargle_scales_v1,6b8abe6c23a94283f3ef195d7cf71c028080c652b9768e56186ccbcf5cfaceaf,operator,lombscargle,NA,NA,lombscargle,lombscargle__lombscargle_int32_10e2__c813437da217dbce,lombscargle_int32_10e2,10^2,119,"time=[17],value=[17],frequency=[7]",INT32,CPU,not_applicable,compatibility/end-to-end,PASS,OK,20,100,99,0.00617,true,c813437da217dbce80c08561258b361dd91c3759e2efdec527fde5eb2859b319,77b3fbea0efc6bd0aa03e9bff4c86749df41dc6c26376c403778a3aeba816be9
1,20260810T085747Z_9b01dadd36f6_stage08_b06_formal_86730006,formal,20260810T085747Z,9b01dadd36f6bf7c926f41342d17d4ffb3011408,false,stage08_b06_lombscargle_scales_v1,6b8abe6c23a94283f3ef195d7cf71c028080c652b9768e56186ccbcf5cfaceaf,operator,lombscargle,NA,NA,lombscargle,lombscargle__lombscargle_int32_10e2__c813437da217dbce,lombscargle_int32_10e2,10^2,119,"time=[17],value=[17],frequency=[7]",INT32,GPU,not_applicable,compatibility/end-to-end,PASS,OK,20,100,0,0.486303,true,c813437da217dbce80c08561258b361dd91c3759e2efdec527fde5eb2859b319,33e9949f4293016755636555f64bf28d93422f9efdb510b1adc13c25e2460bd8
1,20260810T085747Z_9b01dadd36f6_stage08_b06_formal_86730006,formal,20260810T085747Z,9b01dadd36f6bf7c926f41342d17d4ffb3011408,false,stage08_b06_lombscargle_scales_v1,6b8abe6c23a94283f3ef195d7cf71c028080c652b9768e56186ccbcf5cfaceaf,operator,lombscargle,NA,NA,lombscargle,lombscargle__lombscargle_int32_10e2__c813437da217dbce,lombscargle_int32_10e2,10^2,119,"time=[17],value=[17],frequency=[7]",INT32,GPU,not_applicable,compatibility/end-to-end,PASS,OK,20,100,1,0.494863,true,c813437da217dbce80c08561258b361dd91c3759e2efdec527fde5eb2859b319,33e9949f4293016755636555f64bf28d93422f9efdb510b1adc13c25e2460bd8
1,20260810T085747Z_9b01dadd36f6_stage08_b06_formal_86730006,formal,20260810T085747Z,9b01dadd36f6bf7c926f41342d17d4ffb3011408,false,stage08_b06_lombscargle_scales_v1,6b8abe6c23a94283f3ef195d7cf71c028080c652b9768e56186ccbcf5cfaceaf,operator,lombscargle,NA,NA,lombscargle,lombscargle__lombscargle_int32_10e2__c813437da217dbce,lombscargle_int32_10e2,10^2,119,"time=[17],value=[17],frequency=[7]",INT32,GPU,not_applicable,compatibility/end-to-end,PASS,OK,20,100,2,0.497642,true,c813437da217dbce80c08561258b361dd91c3759e2efdec527fde5eb2859b319,33e9949f4293016755636555f64bf28d93422f9efdb510b1adc13c25e2460bd8
1,20260810T085747Z_9b01dadd36f6_stage08_b06_formal_86730006,formal,20260810T085747Z,9b01dadd36f6bf7c926f41342d17d4ffb3011408,false,stage08_b06_lombscargle_scales_v1,6b8abe6c23a94283f3ef195d7cf71c028080c652b9768e56186ccbcf5cfaceaf,operator,lombscargle,NA,NA,lombscargle,lombscargle__lombscargle_int32_10e2__c813437da217dbce,lombscargle_int32_10e2,10^2,119,"time=[17],value=[17],frequency=[7]",INT32,GPU,not_applicable,compatibility/end-to-end,PASS,OK,20,100,3,0.492783,true,c813437da217dbce80c08561258b361dd91c3759e2efdec527fde5eb2859b319,33e9949f4293016755636555f64bf28d93422f9efdb510b1adc13c25e2460bd8
1,20260810T085747Z_9b01dadd36f6_stage08_b06_formal_86730006,formal,20260810T085747Z,9b01dadd36f6bf7c926f41342d17d4ffb3011408,false,stage08_b06_lombscargle_scales_v1,6b8abe6c23a94283f3ef195d7cf71c028080c652b9768e56186ccbcf5cfaceaf,operator,lombscargle,NA,NA,lombscargle,lombscargle__lombscargle_int32_10e2__c813437da217dbce,lombscargle_int32_10e2,10^2,119,"time=[17],value=[17],frequency=[7]",INT32,GPU,not_applicable,compatibility/end-to-end,PASS,OK,20,100,4,0.512583,true,c813437da217dbce80c08561258b361dd91c3759e2efdec527fde5eb2859b319,33e9949f4293016755636555f64bf28d93422f9efdb510b1adc13c25e2460bd8
1,20260810T085747Z_9b01dadd36f6_stage08_b06_formal_86730006,formal,20260810T085747Z,9b01dadd36f6bf7c926f41342d17d4ffb3011408,false,stage08_b06_lombscargle_scales_v1,6b8abe6c23a94283f3ef195d7cf71c028080c652b9768e56186ccbcf5cfaceaf,operator,lombscargle,NA,NA,lombscargle,lombscargle__lombscargle_int32_10e2__c813437da217dbce,lombscargle_int32_10e2,10^2,119,"time=[17],value=[17],frequency=[7]",INT32,GPU,not_applicable,compatibility/end-to-end,PASS,OK,20,100,5,0.490882,true,c813437da217dbce80c08561258b361dd91c3759e2efdec527fde5eb2859b319,33e9949f4293016755636555f64bf28d93422f9efdb510b1adc13c25e2460bd8
1,20260810T085747Z_9b01dadd36f6_stage08_b06_formal_86730006,formal,20260810T085747Z,9b01dadd36f6bf7c926f41342d17d4ffb3011408,false,stage08_b06_lombscargle_scales_v1,6b8abe6c23a94283f3ef195d7cf71c028080c652b9768e56186ccbcf5cfaceaf,operator,lombscargle,NA,NA,lombscargle,lombscargle__lombscargle_int32_10e2__c813437da217dbce,lombscargle_int32_10e2,10^2,119,"time=[17],value=[17],frequency=[7]",INT32,GPU,not_applicable,compatibility/end-to-end,PASS,OK,20,100,6,0.497673,true,c813437da217dbce80c08561258b361dd91c3759e2efdec527fde5eb2859b319,33e9949f4293016755636555f64bf28d93422f9efdb510b1adc13c25e2460bd8
1,20260810T085747Z_9b01dadd36f6_stage08_b06_formal_86730006,formal,20260810T085747Z,9b01dadd36f6bf7c926f41342d17d4ffb3011408,false,stage08_b06_lombscargle_scales_v1,6b8abe6c23a94283f3ef195d7cf71c028080c652b9768e56186ccbcf5cfaceaf,operator,lombscargle,NA,NA,lombscargle,lombscargle__lombscargle_int32_10e2__c813437da217dbce,lombscargle_int32_10e2,10^2,119,"time=[17],value=[17],frequency=[7]",INT32,GPU,not_applicable,compatibility/end-to-end,PASS,OK,20,100,7,0.486163,true,c813437da217dbce80c08561258b361dd91c3759e2efdec527fde5eb2859b319,33e9949f4293016755636555f64bf28d93422f9efdb510b1adc13c25e2460bd8
1,20260810T085747Z_9b01dadd36f6_stage08_b06_formal_86730006,formal,20260810T085747Z,9b01dadd36f6bf7c926f41342d17d4ffb3011408,false,stage08_b06_lombscargle_scales_v1,6b8abe6c23a94283f3ef195d7cf71c028080c652b9768e56186ccbcf5cfaceaf,operator,lombscargle,NA,NA,lombscargle,lombscargle__lombscargle_int32_10e2__c813437da217dbce,lombscargle_int32_10e2,10^2,119,"time=[17],value=[17],frequency=[7]",INT32,GPU,not_applicable,compatibility/end-to-end,PASS,OK,20,100,8,0.486302,true,c813437da217dbce80c08561258b361dd91c3759e2efdec527fde5eb2859b319,33e9949f4293016755636555f64bf28d93422f9efdb510b1adc13c25e2460bd8
1,20260810T085747Z_9b01dadd36f6_stage08_b06_formal_86730006,formal,20260810T085747Z,9b01dadd36f6bf7c926f41342d17d4ffb3011408,false,stage08_b06_lombscargle_scales_v1,6b8abe6c23a94283f3ef195d7cf71c028080c652b9768e56186ccbcf5cfaceaf,operator,lombscargle,NA,NA,lombscargle,lombscargle__lombscargle_int32_10e2__c813437da217dbce,lombscargle_int32_10e2,10^2,119,"time=[17],value=[17],frequency=[7]",INT32,GPU,not_applicable,compatibility/end-to-end,PASS,OK,20,100,9,0.498853,true,c813437da217dbce80c08561258b361dd91c3759e2efdec527fde5eb2859b319,33e9949f4293016755636555f64bf28d93422f9efdb510b1adc13c25e2460bd8
1,20260810T085747Z_9b01dadd36f6_stage08_b06_formal_86730006,formal,20260810T085747Z,9b01dadd36f6bf7c926f41342d17d4ffb3011408,false,stage08_b06_lombscargle_scales_v1,6b8abe6c23a94283f3ef195d7cf71c028080c652b9768e56186ccbcf5cfaceaf,operator,lombscargle,NA,NA,lombscargle,lombscargle__lombscargle_int32_10e2__c813437da217dbce,lombscargle_int32_10e2,10^2,119,"time=[17],value=[17],frequency=[7]",INT32,GPU,not_applicable,compatibility/end-to-end,PASS,OK,20,100,10,0.483083,true,c813437da217dbce80c08561258b361dd91c3759e2efdec527fde5eb2859b319,33e9949f4293016755636555f64bf28d93422f9efdb510b1adc13c25e2460bd8
1,20260810T085747Z_9b01dadd36f6_stage08_b06_formal_86730006,formal,20260810T085747Z,9b01dadd36f6bf7c926f41342d17d4ffb3011408,false,stage08_b06_lombscargle_scales_v1,6b8abe6c23a94283f3ef195d7cf71c028080c652b9768e56186ccbcf5cfaceaf,operator,lombscargle,NA,NA,lombscargle,lombscargle__lombscargle_int32_10e2__c813437da217dbce,lombscargle_int32_10e2,10^2,119,"time=[17],value=[17],frequency=[7]",INT32,GPU,not_applicable,compatibility/end-to-end,PASS,OK,20,100,11,0.503192,true,c813437da217dbce80c08561258b361dd91c3759e2efdec527fde5eb2859b319,33e9949f4293016755636555f64bf28d93422f9efdb510b1adc13c25e2460bd8
1,20260810T085747Z_9b01dadd36f6_stage08_b06_formal_86730006,formal,20260810T085747Z,9b01dadd36f6bf7c926f41342d17d4ffb3011408,false,stage08_b06_lombscargle_scales_v1,6b8abe6c23a94283f3ef195d7cf71c028080c652b9768e56186ccbcf5cfaceaf,operator,lombscargle,NA,NA,lombscargle,lombscargle__lombscargle_int32_10e2__c813437da217dbce,lombscargle_int32_10e2,10^2,119,"time=[17],value=[17],frequency=[7]",INT32,GPU,not_applicable,compatibility/end-to-end,PASS,OK,20,100,12,0.502833,true,c813437da217dbce80c08561258b361dd91c3759e2efdec527fde5eb2859b319,33e9949f4293016755636555f64bf28d93422f9efdb510b1adc13c25e2460bd8
1,20260810T085747Z_9b01dadd36f6_stage08_b06_formal_86730006,formal,20260810T085747Z,9b01dadd36f6bf7c926f41342d17d4ffb3011408,false,stage08_b06_lombscargle_scales_v1,6b8abe6c23a94283f3ef195d7cf71c028080c652b9768e56186ccbcf5cfaceaf,operator,lombscargle,NA,NA,lombscargle,lombscargle__lombscargle_int32_10e2__c813437da217dbce,lombscargle_int32_10e2,10^2,119,"time=[17],value=[17],frequency=[7]",INT32,GPU,not_applicable,compatibility/end-to-end,PASS,OK,20,100,13,0.481823,true,c813437da217dbce80c08561258b361dd91c3759e2efdec527fde5eb2859b319,33e9949f4293016755636555f64bf28d93422f9efdb510b1adc13c25e2460bd8
1,20260810T085747Z_9b01dadd36f6_stage08_b06_formal_86730006,formal,20260810T085747Z,9b01dadd36f6bf7c926f41342d17d4ffb3011408,false,stage08_b06_lombscargle_scales_v1,6b8abe6c23a94283f3ef195d7cf71c028080c652b9768e56186ccbcf5cfaceaf,operator,lombscargle,NA,NA,lombscargle,lombscargle__lombscargle_int32_10e2__c813437da217dbce,lombscargle_int32_10e2,10^2,119,"time=[17],value=[17],frequency=[7]",INT32,GPU,not_applicable,compatibility/end-to-end,PASS,OK,20,100,14,0.504252,true,c813437da217dbce80c08561258b361dd91c3759e2efdec527fde5eb2859b319,33e9949f4293016755636555f64bf28d93422f9efdb510b1adc13c25e2460bd8
1,20260810T085747Z_9b01dadd36f6_stage08_b06_formal_86730006,formal,20260810T085747Z,9b01dadd36f6bf7c926f41342d17d4ffb3011408,false,stage08_b06_lombscargle_scales_v1,6b8abe6c23a94283f3ef195d7cf71c028080c652b9768e56186ccbcf5cfaceaf,operator,lombscargle,NA,NA,lombscargle,lombscargle__lombscargle_int32_10e2__c813437da217dbce,lombscargle_int32_10e2,10^2,119,"time=[17],value=[17],frequency=[7]",INT32,GPU,not_applicable,compatibility/end-to-end,PASS,OK,20,100,15,0.742385,true,c813437da217dbce80c08561258b361dd91c3759e2efdec527fde5eb2859b319,33e9949f4293016755636555f64bf28d93422f9efdb510b1adc13c25e2460bd8
1,20260810T085747Z_9b01dadd36f6_stage08_b06_formal_86730006,formal,20260810T085747Z,9b01dadd36f6bf7c926f41342d17d4ffb3011408,false,stage08_b06_lombscargle_scales_v1,6b8abe6c23a94283f3ef195d7cf71c028080c652b9768e56186ccbcf5cfaceaf,operator,lombscargle,NA,NA,lombscargle,lombscargle__lombscargle_int32_10e2__c813437da217dbce,lombscargle_int32_10e2,10^2,119,"time=[17],value=[17],frequency=[7]",INT32,GPU,not_applicable,compatibility/end-to-end,PASS,OK,20,100,16,0.620513,true,c813437da217dbce80c08561258b361dd91c3759e2efdec527fde5eb2859b319,33e9949f4293016755636555f64bf28d93422f9efdb510b1adc13c25e2460bd8
1,20260810T085747Z_9b01dadd36f6_stage08_b06_formal_86730006,formal,20260810T085747Z,9b01dadd36f6bf7c926f41342d17d4ffb3011408,false,stage08_b06_lombscargle_scales_v1,6b8abe6c23a94283f3ef195d7cf71c028080c652b9768e56186ccbcf5cfaceaf,operator,lombscargle,NA,NA,lombscargle,lombscargle__lombscargle_int32_10e2__c813437da217dbce,lombscargle_int32_10e2,10^2,119,"time=[17],value=[17],frequency=[7]",INT32,GPU,not_applicable,compatibility/end-to-end,PASS,OK,20,100,17,0.505183,true,c813437da217dbce80c08561258b361dd91c3759e2efdec527fde5eb2859b319,33e9949f4293016755636555f64bf28d93422f9efdb510b1adc13c25e2460bd8
1,20260810T085747Z_9b01dadd36f6_stage08_b06_formal_86730006,formal,20260810T085747Z,9b01dadd36f6bf7c926f41342d17d4ffb3011408,false,stage08_b06_lombscargle_scales_v1,6b8abe6c23a94283f3ef195d7cf71c028080c652b9768e56186ccbcf5cfaceaf,operator,lombscargle,NA,NA,lombscargle,lombscargle__lombscargle_int32_10e2__c813437da217dbce,lombscargle_int32_10e2,10^2,119,"time=[17],value=[17],frequency=[7]",INT32,GPU,not_applicable,compatibility/end-to-end,PASS,OK,20,100,18,0.505923,true,c813437da217dbce80c08561258b361dd91c3759e2efdec527fde5eb2859b319,33e9949f4293016755636555f64bf28d93422f9efdb510b1adc13c25e2460bd8
1,20260810T085747Z_9b01dadd36f6_stage08_b06_formal_86730006,formal,20260810T085747Z,9b01dadd36f6bf7c926f41342d17d4ffb3011408,false,stage08_b06_lombscargle_scales_v1,6b8abe6c23a94283f3ef195d7cf71c028080c652b9768e56186ccbcf5cfaceaf,operator,lombscargle,NA,NA,lombscargle,lombscargle__lombscargle_int32_10e2__c813437da217dbce,lombscargle_int32_10e2,10^2,119,"time=[17],value=[17],frequency=[7]",INT32,GPU,not_applicable,compatibility/end-to-end,PASS,OK,20,100,19,0.510382,true,c813437da217dbce80c08561258b361dd91c3759e2efdec527fde5eb2859b319,33e9949f4293016755636555f64bf28d93422f9efdb510b1adc13c25e2460bd8
1,20260810T085747Z_9b01dadd36f6_stage08_b06_formal_86730006,formal,20260810T085747Z,9b01dadd36f6bf7c926f41342d17d4ffb3011408,false,stage08_b06_lombscargle_scales_v1,6b8abe6c23a94283f3ef195d7cf71c028080c652b9768e56186ccbcf5cfaceaf,operator,lombscargle,NA,NA,lombscargle,lombscargle__lombscargle_int32_10e2__c813437da217dbce,lombscargle_int32_10e2,10^2,119,"time=[17],value=[17],frequency=[7]",INT32,GPU,not_applicable,compatibility/end-to-end,PASS,OK,20,100,20,0.507993,true,c813437da217dbce80c08561258b361dd91c3759e2efdec527fde5eb2859b319,33e9949f4293016755636555f64bf28d93422f9efdb510b1adc13c25e2460bd8
1,20260810T085747Z_9b01dadd36f6_stage08_b06_formal_86730006,formal,20260810T085747Z,9b01dadd36f6bf7c926f41342d17d4ffb3011408,false,stage08_b06_lombscargle_scales_v1,6b8abe6c23a94283f3ef195d7cf71c028080c652b9768e56186ccbcf5cfaceaf,operator,lombscargle,NA,NA,lombscargle,lombscargle__lombscargle_int32_10e2__c813437da217dbce,lombscargle_int32_10e2,10^2,119,"time=[17],value=[17],frequency=[7]",INT32,GPU,not_applicable,compatibility/end-to-end,PASS,OK,20,100,21,0.501963,true,c813437da217dbce80c08561258b361dd91c3759e2efdec527fde5eb2859b319,33e9949f4293016755636555f64bf28d93422f9efdb510b1adc13c25e2460bd8
1,20260810T085747Z_9b01dadd36f6_stage08_b06_formal_86730006,formal,20260810T085747Z,9b01dadd36f6bf7c926f41342d17d4ffb3011408,false,stage08_b06_lombscargle_scales_v1,6b8abe6c23a94283f3ef195d7cf71c028080c652b9768e56186ccbcf5cfaceaf,operator,lombscargle,NA,NA,lombscargle,lombscargle__lombscargle_int32_10e2__c813437da217dbce,lombscargle_int32_10e2,10^2,119,"time=[17],value=[17],frequency=[7]",INT32,GPU,not_applicable,compatibility/end-to-end,PASS,OK,20,100,22,0.486562,true,c813437da217dbce80c08561258b361dd91c3759e2efdec527fde5eb2859b319,33e9949f4293016755636555f64bf28d93422f9efdb510b1adc13c25e2460bd8
1,20260810T085747Z_9b01dadd36f6_stage08_b06_formal_86730006,formal,20260810T085747Z,9b01dadd36f6bf7c926f41342d17d4ffb3011408,false,stage08_b06_lombscargle_scales_v1,6b8abe6c23a94283f3ef195d7cf71c028080c652b9768e56186ccbcf5cfaceaf,operator,lombscargle,NA,NA,lombscargle,lombscargle__lombscargle_int32_10e2__c813437da217dbce,lombscargle_int32_10e2,10^2,119,"time=[17],value=[17],frequency=[7]",INT32,GPU,not_applicable,compatibility/end-to-end,PASS,OK,20,100,23,0.498163,true,c813437da217dbce80c08561258b361dd91c3759e2efdec527fde5eb2859b319,33e9949f4293016755636555f64bf28d93422f9efdb510b1adc13c25e2460bd8
1,20260810T085747Z_9b01dadd36f6_stage08_b06_formal_86730006,formal,20260810T085747Z,9b01dadd36f6bf7c926f41342d17d4ffb3011408,false,stage08_b06_lombscargle_scales_v1,6b8abe6c23a94283f3ef195d7cf71c028080c652b9768e56186ccbcf5cfaceaf,operator,lombscargle,NA,NA,lombscargle,lombscargle__lombscargle_int32_10e2__c813437da217dbce,lombscargle_int32_10e2,10^2,119,"time=[17],value=[17],frequency=[7]",INT32,GPU,not_applicable,compatibility/end-to-end,PASS,OK,20,100,24,0.497513,true,c813437da217dbce80c08561258b361dd91c3759e2efdec527fde5eb2859b319,33e9949f4293016755636555f64bf28d93422f9efdb510b1adc13c25e2460bd8
1,20260810T085747Z_9b01dadd36f6_stage08_b06_formal_86730006,formal,20260810T085747Z,9b01dadd36f6bf7c926f41342d17d4ffb3011408,false,stage08_b06_lombscargle_scales_v1,6b8abe6c23a94283f3ef195d7cf71c028080c652b9768e56186ccbcf5cfaceaf,operator,lombscargle,NA,NA,lombscargle,lombscargle__lombscargle_int32_10e2__c813437da217dbce,lombscargle_int32_10e2,10^2,119,"time=[17],value=[17],frequency=[7]",INT32,GPU,not_applicable,compatibility/end-to-end,PASS,OK,20,100,25,0.497392,true,c813437da217dbce80c08561258b361dd91c3759e2efdec527fde5eb2859b319,33e9949f4293016755636555f64bf28d93422f9efdb510b1adc13c25e2460bd8
1,20260810T085747Z_9b01dadd36f6_stage08_b06_formal_86730006,formal,20260810T085747Z,9b01dadd36f6bf7c926f41342d17d4ffb3011408,false,stage08_b06_lombscargle_scales_v1,6b8abe6c23a94283f3ef195d7cf71c028080c652b9768e56186ccbcf5cfaceaf,operator,lombscargle,NA,NA,lombscargle,lombscargle__lombscargle_int32_10e2__c813437da217dbce,lombscargle_int32_10e2,10^2,119,"time=[17],value=[17],frequency=[7]",INT32,GPU,not_applicable,compatibility/end-to-end,PASS,OK,20,100,26,0.496063,true,c813437da217dbce80c08561258b361dd91c3759e2efdec527fde5eb2859b319,33e9949f4293016755636555f64bf28d93422f9efdb510b1adc13c25e2460bd8
1,20260810T085747Z_9b01dadd36f6_stage08_b06_formal_86730006,formal,20260810T085747Z,9b01dadd36f6bf7c926f41342d17d4ffb3011408,false,stage08_b06_lombscargle_scales_v1,6b8abe6c23a94283f3ef195d7cf71c028080c652b9768e56186ccbcf5cfaceaf,operator,lombscargle,NA,NA,lombscargle,lombscargle__lombscargle_int32_10e2__c813437da217dbce,lombscargle_int32_10e2,10^2,119,"time=[17],value=[17],frequency=[7]",INT32,GPU,not_applicable,compatibility/end-to-end,PASS,OK,20,100,27,0.498263,true,c813437da217dbce80c08561258b361dd91c3759e2efdec527fde5eb2859b319,33e9949f4293016755636555f64bf28d93422f9efdb510b1adc13c25e2460bd8
1,20260810T085747Z_9b01dadd36f6_stage08_b06_formal_86730006,formal,20260810T085747Z,9b01dadd36f6bf7c926f41342d17d4ffb3011408,false,stage08_b06_lombscargle_scales_v1,6b8abe6c23a94283f3ef195d7cf71c028080c652b9768e56186ccbcf5cfaceaf,operator,lombscargle,NA,NA,lombscargle,lombscargle__lombscargle_int32_10e2__c813437da217dbce,lombscargle_int32_10e2,10^2,119,"time=[17],value=[17],frequency=[7]",INT32,GPU,not_applicable,compatibility/end-to-end,PASS,OK,20,100,28,0.485892,true,c813437da217dbce80c08561258b361dd91c3759e2efdec527fde5eb2859b319,33e9949f4293016755636555f64bf28d93422f9efdb510b1adc13c25e2460bd8
1,20260810T085747Z_9b01dadd36f6_stage08_b06_formal_86730006,formal,20260810T085747Z,9b01dadd36f6bf7c926f41342d17d4ffb3011408,false,stage08_b06_lombscargle_scales_v1,6b8abe6c23a94283f3ef195d7cf71c028080c652b9768e56186ccbcf5cfaceaf,operator,lombscargle,NA,NA,lombscargle,lombscargle__lombscargle_int32_10e2__c813437da217dbce,lombscargle_int32_10e2,10^2,119,"time=[17],value=[17],frequency=[7]",INT32,GPU,not_applicable,compatibility/end-to-end,PASS,OK,20,100,29,0.494403,true,c813437da217dbce80c08561258b361dd91c3759e2efdec527fde5eb2859b319,33e9949f4293016755636555f64bf28d93422f9efdb510b1adc13c25e2460bd8
1,20260810T085747Z_9b01dadd36f6_stage08_b06_formal_86730006,formal,20260810T085747Z,9b01dadd36f6bf7c926f41342d17d4ffb3011408,false,stage08_b06_lombscargle_scales_v1,6b8abe6c23a94283f3ef195d7cf71c028080c652b9768e56186ccbcf5cfaceaf,operator,lombscargle,NA,NA,lombscargle,lombscargle__lombscargle_int32_10e2__c813437da217dbce,lombscargle_int32_10e2,10^2,119,"time=[17],value=[17],frequency=[7]",INT32,GPU,not_applicable,compatibility/end-to-end,PASS,OK,20,100,30,0.499843,true,c813437da217dbce80c08561258b361dd91c3759e2efdec527fde5eb2859b319,33e9949f4293016755636555f64bf28d93422f9efdb510b1adc13c25e2460bd8
1,20260810T085747Z_9b01dadd36f6_stage08_b06_formal_86730006,formal,20260810T085747Z,9b01dadd36f6bf7c926f41342d17d4ffb3011408,false,stage08_b06_lombscargle_scales_v1,6b8abe6c23a94283f3ef195d7cf71c028080c652b9768e56186ccbcf5cfaceaf,operator,lombscargle,NA,NA,lombscargle,lombscargle__lombscargle_int32_10e2__c813437da217dbce,lombscargle_int32_10e2,10^2,119,"time=[17],value=[17],frequency=[7]",INT32,GPU,not_applicable,compatibility/end-to-end,PASS,OK,20,100,31,0.492752,true,c813437da217dbce80c08561258b361dd91c3759e2efdec527fde5eb2859b319,33e9949f4293016755636555f64bf28d93422f9efdb510b1adc13c25e2460bd8
1,20260810T085747Z_9b01dadd36f6_stage08_b06_formal_86730006,formal,20260810T085747Z,9b01dadd36f6bf7c926f41342d17d4ffb3011408,false,stage08_b06_lombscargle_scales_v1,6b8abe6c23a94283f3ef195d7cf71c028080c652b9768e56186ccbcf5cfaceaf,operator,lombscargle,NA,NA,lombscargle,lombscargle__lombscargle_int32_10e2__c813437da217dbce,lombscargle_int32_10e2,10^2,119,"time=[17],value=[17],frequency=[7]",INT32,GPU,not_applicable,compatibility/end-to-end,PASS,OK,20,100,32,0.494773,true,c813437da217dbce80c08561258b361dd91c3759e2efdec527fde5eb2859b319,33e9949f4293016755636555f64bf28d93422f9efdb510b1adc13c25e2460bd8
1,20260810T085747Z_9b01dadd36f6_stage08_b06_formal_86730006,formal,20260810T085747Z,9b01dadd36f6bf7c926f41342d17d4ffb3011408,false,stage08_b06_lombscargle_scales_v1,6b8abe6c23a94283f3ef195d7cf71c028080c652b9768e56186ccbcf5cfaceaf,operator,lombscargle,NA,NA,lombscargle,lombscargle__lombscargle_int32_10e2__c813437da217dbce,lombscargle_int32_10e2,10^2,119,"time=[17],value=[17],frequency=[7]",INT32,GPU,not_applicable,compatibility/end-to-end,PASS,OK,20,100,33,0.495423,true,c813437da217dbce80c08561258b361dd91c3759e2efdec527fde5eb2859b319,33e9949f4293016755636555f64bf28d93422f9efdb510b1adc13c25e2460bd8
1,20260810T085747Z_9b01dadd36f6_stage08_b06_formal_86730006,formal,20260810T085747Z,9b01dadd36f6bf7c926f41342d17d4ffb3011408,false,stage08_b06_lombscargle_scales_v1,6b8abe6c23a94283f3ef195d7cf71c028080c652b9768e56186ccbcf5cfaceaf,operator,lombscargle,NA,NA,lombscargle,lombscargle__lombscargle_int32_10e2__c813437da217dbce,lombscargle_int32_10e2,10^2,119,"time=[17],value=[17],frequency=[7]",INT32,GPU,not_applicable,compatibility/end-to-end,PASS,OK,20,100,34,0.495282,true,c813437da217dbce80c08561258b361dd91c3759e2efdec527fde5eb2859b319,33e9949f4293016755636555f64bf28d93422f9efdb510b1adc13c25e2460bd8
1,20260810T085747Z_9b01dadd36f6_stage08_b06_formal_86730006,formal,20260810T085747Z,9b01dadd36f6bf7c926f41342d17d4ffb3011408,false,stage08_b06_lombscargle_scales_v1,6b8abe6c23a94283f3ef195d7cf71c028080c652b9768e56186ccbcf5cfaceaf,operator,lombscargle,NA,NA,lombscargle,lombscargle__lombscargle_int32_10e2__c813437da217dbce,lombscargle_int32_10e2,10^2,119,"time=[17],value=[17],frequency=[7]",INT32,GPU,not_applicable,compatibility/end-to-end,PASS,OK,20,100,35,0.501143,true,c813437da217dbce80c08561258b361dd91c3759e2efdec527fde5eb2859b319,33e9949f4293016755636555f64bf28d93422f9efdb510b1adc13c25e2460bd8
1,20260810T085747Z_9b01dadd36f6_stage08_b06_formal_86730006,formal,20260810T085747Z,9b01dadd36f6bf7c926f41342d17d4ffb3011408,false,stage08_b06_lombscargle_scales_v1,6b8abe6c23a94283f3ef195d7cf71c028080c652b9768e56186ccbcf5cfaceaf,operator,lombscargle,NA,NA,lombscargle,lombscargle__lombscargle_int32_10e2__c813437da217dbce,lombscargle_int32_10e2,10^2,119,"time=[17],value=[17],frequency=[7]",INT32,GPU,not_applicable,compatibility/end-to-end,PASS,OK,20,100,36,0.487643,true,c813437da217dbce80c08561258b361dd91c3759e2efdec527fde5eb2859b319,33e9949f4293016755636555f64bf28d93422f9efdb510b1adc13c25e2460bd8
1,20260810T085747Z_9b01dadd36f6_stage08_b06_formal_86730006,formal,20260810T085747Z,9b01dadd36f6bf7c926f41342d17d4ffb3011408,false,stage08_b06_lombscargle_scales_v1,6b8abe6c23a94283f3ef195d7cf71c028080c652b9768e56186ccbcf5cfaceaf,operator,lombscargle,NA,NA,lombscargle,lombscargle__lombscargle_int32_10e2__c813437da217dbce,lombscargle_int32_10e2,10^2,119,"time=[17],value=[17],frequency=[7]",INT32,GPU,not_applicable,compatibility/end-to-end,PASS,OK,20,100,37,0.478882,true,c813437da217dbce80c08561258b361dd91c3759e2efdec527fde5eb2859b319,33e9949f4293016755636555f64bf28d93422f9efdb510b1adc13c25e2460bd8
1,20260810T085747Z_9b01dadd36f6_stage08_b06_formal_86730006,formal,20260810T085747Z,9b01dadd36f6bf7c926f41342d17d4ffb3011408,false,stage08_b06_lombscargle_scales_v1,6b8abe6c23a94283f3ef195d7cf71c028080c652b9768e56186ccbcf5cfaceaf,operator,lombscargle,NA,NA,lombscargle,lombscargle__lombscargle_int32_10e2__c813437da217dbce,lombscargle_int32_10e2,10^2,119,"time=[17],value=[17],frequency=[7]",INT32,GPU,not_applicable,compatibility/end-to-end,PASS,OK,20,100,38,0.488703,true,c813437da217dbce80c08561258b361dd91c3759e2efdec527fde5eb2859b319,33e9949f4293016755636555f64bf28d93422f9efdb510b1adc13c25e2460bd8
1,20260810T085747Z_9b01dadd36f6_stage08_b06_formal_86730006,formal,20260810T085747Z,9b01dadd36f6bf7c926f41342d17d4ffb3011408,false,stage08_b06_lombscargle_scales_v1,6b8abe6c23a94283f3ef195d7cf71c028080c652b9768e56186ccbcf5cfaceaf,operator,lombscargle,NA,NA,lombscargle,lombscargle__lombscargle_int32_10e2__c813437da217dbce,lombscargle_int32_10e2,10^2,119,"time=[17],value=[17],frequency=[7]",INT32,GPU,not_applicable,compatibility/end-to-end,PASS,OK,20,100,39,0.491083,true,c813437da217dbce80c08561258b361dd91c3759e2efdec527fde5eb2859b319,33e9949f4293016755636555f64bf28d93422f9efdb510b1adc13c25e2460bd8
1,20260810T085747Z_9b01dadd36f6_stage08_b06_formal_86730006,formal,20260810T085747Z,9b01dadd36f6bf7c926f41342d17d4ffb3011408,false,stage08_b06_lombscargle_scales_v1,6b8abe6c23a94283f3ef195d7cf71c028080c652b9768e56186ccbcf5cfaceaf,operator,lombscargle,NA,NA,lombscargle,lombscargle__lombscargle_int32_10e2__c813437da217dbce,lombscargle_int32_10e2,10^2,119,"time=[17],value=[17],frequency=[7]",INT32,GPU,not_applicable,compatibility/end-to-end,PASS,OK,20,100,40,0.489102,true,c813437da217dbce80c08561258b361dd91c3759e2efdec527fde5eb2859b319,33e9949f4293016755636555f64bf28d93422f9efdb510b1adc13c25e2460bd8
1,20260810T085747Z_9b01dadd36f6_stage08_b06_formal_86730006,formal,20260810T085747Z,9b01dadd36f6bf7c926f41342d17d4ffb3011408,false,stage08_b06_lombscargle_scales_v1,6b8abe6c23a94283f3ef195d7cf71c028080c652b9768e56186ccbcf5cfaceaf,operator,lombscargle,NA,NA,lombscargle,lombscargle__lombscargle_int32_10e2__c813437da217dbce,lombscargle_int32_10e2,10^2,119,"time=[17],value=[17],frequency=[7]",INT32,GPU,not_applicable,compatibility/end-to-end,PASS,OK,20,100,41,0.561124,true,c813437da217dbce80c08561258b361dd91c3759e2efdec527fde5eb2859b319,33e9949f4293016755636555f64bf28d93422f9efdb510b1adc13c25e2460bd8
1,20260810T085747Z_9b01dadd36f6_stage08_b06_formal_86730006,formal,20260810T085747Z,9b01dadd36f6bf7c926f41342d17d4ffb3011408,false,stage08_b06_lombscargle_scales_v1,6b8abe6c23a94283f3ef195d7cf71c028080c652b9768e56186ccbcf5cfaceaf,operator,lombscargle,NA,NA,lombscargle,lombscargle__lombscargle_int32_10e2__c813437da217dbce,lombscargle_int32_10e2,10^2,119,"time=[17],value=[17],frequency=[7]",INT32,GPU,not_applicable,compatibility/end-to-end,PASS,OK,20,100,42,0.496522,true,c813437da217dbce80c08561258b361dd91c3759e2efdec527fde5eb2859b319,33e9949f4293016755636555f64bf28d93422f9efdb510b1adc13c25e2460bd8
1,20260810T085747Z_9b01dadd36f6_stage08_b06_formal_86730006,formal,20260810T085747Z,9b01dadd36f6bf7c926f41342d17d4ffb3011408,false,stage08_b06_lombscargle_scales_v1,6b8abe6c23a94283f3ef195d7cf71c028080c652b9768e56186ccbcf5cfaceaf,operator,lombscargle,NA,NA,lombscargle,lombscargle__lombscargle_int32_10e2__c813437da217dbce,lombscargle_int32_10e2,10^2,119,"time=[17],value=[17],frequency=[7]",INT32,GPU,not_applicable,compatibility/end-to-end,PASS,OK,20,100,43,0.553973,true,c813437da217dbce80c08561258b361dd91c3759e2efdec527fde5eb2859b319,33e9949f4293016755636555f64bf28d93422f9efdb510b1adc13c25e2460bd8
1,20260810T085747Z_9b01dadd36f6_stage08_b06_formal_86730006,formal,20260810T085747Z,9b01dadd36f6bf7c926f41342d17d4ffb3011408,false,stage08_b06_lombscargle_scales_v1,6b8abe6c23a94283f3ef195d7cf71c028080c652b9768e56186ccbcf5cfaceaf,operator,lombscargle,NA,NA,lombscargle,lombscargle__lombscargle_int32_10e2__c813437da217dbce,lombscargle_int32_10e2,10^2,119,"time=[17],value=[17],frequency=[7]",INT32,GPU,not_applicable,compatibility/end-to-end,PASS,OK,20,100,44,0.499893,true,c813437da217dbce80c08561258b361dd91c3759e2efdec527fde5eb2859b319,33e9949f4293016755636555f64bf28d93422f9efdb510b1adc13c25e2460bd8
1,20260810T085747Z_9b01dadd36f6_stage08_b06_formal_86730006,formal,20260810T085747Z,9b01dadd36f6bf7c926f41342d17d4ffb3011408,false,stage08_b06_lombscargle_scales_v1,6b8abe6c23a94283f3ef195d7cf71c028080c652b9768e56186ccbcf5cfaceaf,operator,lombscargle,NA,NA,lombscargle,lombscargle__lombscargle_int32_10e2__c813437da217dbce,lombscargle_int32_10e2,10^2,119,"time=[17],value=[17],frequency=[7]",INT32,GPU,not_applicable,compatibility/end-to-end,PASS,OK,20,100,45,0.561313,true,c813437da217dbce80c08561258b361dd91c3759e2efdec527fde5eb2859b319,33e9949f4293016755636555f64bf28d93422f9efdb510b1adc13c25e2460bd8
1,20260810T085747Z_9b01dadd36f6_stage08_b06_formal_86730006,formal,20260810T085747Z,9b01dadd36f6bf7c926f41342d17d4ffb3011408,false,stage08_b06_lombscargle_scales_v1,6b8abe6c23a94283f3ef195d7cf71c028080c652b9768e56186ccbcf5cfaceaf,operator,lombscargle,NA,NA,lombscargle,lombscargle__lombscargle_int32_10e2__c813437da217dbce,lombscargle_int32_10e2,10^2,119,"time=[17],value=[17],frequency=[7]",INT32,GPU,not_applicable,compatibility/end-to-end,PASS,OK,20,100,46,0.480383,true,c813437da217dbce80c08561258b361dd91c3759e2efdec527fde5eb2859b319,33e9949f4293016755636555f64bf28d93422f9efdb510b1adc13c25e2460bd8
1,20260810T085747Z_9b01dadd36f6_stage08_b06_formal_86730006,formal,20260810T085747Z,9b01dadd36f6bf7c926f41342d17d4ffb3011408,false,stage08_b06_lombscargle_scales_v1,6b8abe6c23a94283f3ef195d7cf71c028080c652b9768e56186ccbcf5cfaceaf,operator,lombscargle,NA,NA,lombscargle,lombscargle__lombscargle_int32_10e2__c813437da217dbce,lombscargle_int32_10e2,10^2,119,"time=[17],value=[17],frequency=[7]",INT32,GPU,not_applicable,compatibility/end-to-end,PASS,OK,20,100,47,0.509172,true,c813437da217dbce80c08561258b361dd91c3759e2efdec527fde5eb2859b319,33e9949f4293016755636555f64bf28d93422f9efdb510b1adc13c25e2460bd8
1,20260810T085747Z_9b01dadd36f6_stage08_b06_formal_86730006,formal,20260810T085747Z,9b01dadd36f6bf7c926f41342d17d4ffb3011408,false,stage08_b06_lombscargle_scales_v1,6b8abe6c23a94283f3ef195d7cf71c028080c652b9768e56186ccbcf5cfaceaf,operator,lombscargle,NA,NA,lombscargle,lombscargle__lombscargle_int32_10e2__c813437da217dbce,lombscargle_int32_10e2,10^2,119,"time=[17],value=[17],frequency=[7]",INT32,GPU,not_applicable,compatibility/end-to-end,PASS,OK,20,100,48,0.493093,true,c813437da217dbce80c08561258b361dd91c3759e2efdec527fde5eb2859b319,33e9949f4293016755636555f64bf28d93422f9efdb510b1adc13c25e2460bd8
1,20260810T085747Z_9b01dadd36f6_stage08_b06_formal_86730006,formal,20260810T085747Z,9b01dadd36f6bf7c926f41342d17d4ffb3011408,false,stage08_b06_lombscargle_scales_v1,6b8abe6c23a94283f3ef195d7cf71c028080c652b9768e56186ccbcf5cfaceaf,operator,lombscargle,NA,NA,lombscargle,lombscargle__lombscargle_int32_10e2__c813437da217dbce,lombscargle_int32_10e2,10^2,119,"time=[17],value=[17],frequency=[7]",INT32,GPU,not_applicable,compatibility/end-to-end,PASS,OK,20,100,49,0.510123,true,c813437da217dbce80c08561258b361dd91c3759e2efdec527fde5eb2859b319,33e9949f4293016755636555f64bf28d93422f9efdb510b1adc13c25e2460bd8
1,20260810T085747Z_9b01dadd36f6_stage08_b06_formal_86730006,formal,20260810T085747Z,9b01dadd36f6bf7c926f41342d17d4ffb3011408,false,stage08_b06_lombscargle_scales_v1,6b8abe6c23a94283f3ef195d7cf71c028080c652b9768e56186ccbcf5cfaceaf,operator,lombscargle,NA,NA,lombscargle,lombscargle__lombscargle_int32_10e2__c813437da217dbce,lombscargle_int32_10e2,10^2,119,"time=[17],value=[17],frequency=[7]",INT32,GPU,not_applicable,compatibility/end-to-end,PASS,OK,20,100,50,0.501372,true,c813437da217dbce80c08561258b361dd91c3759e2efdec527fde5eb2859b319,33e9949f4293016755636555f64bf28d93422f9efdb510b1adc13c25e2460bd8
1,20260810T085747Z_9b01dadd36f6_stage08_b06_formal_86730006,formal,20260810T085747Z,9b01dadd36f6bf7c926f41342d17d4ffb3011408,false,stage08_b06_lombscargle_scales_v1,6b8abe6c23a94283f3ef195d7cf71c028080c652b9768e56186ccbcf5cfaceaf,operator,lombscargle,NA,NA,lombscargle,lombscargle__lombscargle_int32_10e2__c813437da217dbce,lombscargle_int32_10e2,10^2,119,"time=[17],value=[17],frequency=[7]",INT32,GPU,not_applicable,compatibility/end-to-end,PASS,OK,20,100,51,0.518043,true,c813437da217dbce80c08561258b361dd91c3759e2efdec527fde5eb2859b319,33e9949f4293016755636555f64bf28d93422f9efdb510b1adc13c25e2460bd8
1,20260810T085747Z_9b01dadd36f6_stage08_b06_formal_86730006,formal,20260810T085747Z,9b01dadd36f6bf7c926f41342d17d4ffb3011408,false,stage08_b06_lombscargle_scales_v1,6b8abe6c23a94283f3ef195d7cf71c028080c652b9768e56186ccbcf5cfaceaf,operator,lombscargle,NA,NA,lombscargle,lombscargle__lombscargle_int32_10e2__c813437da217dbce,lombscargle_int32_10e2,10^2,119,"time=[17],value=[17],frequency=[7]",INT32,GPU,not_applicable,compatibility/end-to-end,PASS,OK,20,100,52,0.498293,true,c813437da217dbce80c08561258b361dd91c3759e2efdec527fde5eb2859b319,33e9949f4293016755636555f64bf28d93422f9efdb510b1adc13c25e2460bd8
1,20260810T085747Z_9b01dadd36f6_stage08_b06_formal_86730006,formal,20260810T085747Z,9b01dadd36f6bf7c926f41342d17d4ffb3011408,false,stage08_b06_lombscargle_scales_v1,6b8abe6c23a94283f3ef195d7cf71c028080c652b9768e56186ccbcf5cfaceaf,operator,lombscargle,NA,NA,lombscargle,lombscargle__lombscargle_int32_10e2__c813437da217dbce,lombscargle_int32_10e2,10^2,119,"time=[17],value=[17],frequency=[7]",INT32,GPU,not_applicable,compatibility/end-to-end,PASS,OK,20,100,53,0.502623,true,c813437da217dbce80c08561258b361dd91c3759e2efdec527fde5eb2859b319,33e9949f4293016755636555f64bf28d93422f9efdb510b1adc13c25e2460bd8
1,20260810T085747Z_9b01dadd36f6_stage08_b06_formal_86730006,formal,20260810T085747Z,9b01dadd36f6bf7c926f41342d17d4ffb3011408,false,stage08_b06_lombscargle_scales_v1,6b8abe6c23a94283f3ef195d7cf71c028080c652b9768e56186ccbcf5cfaceaf,operator,lombscargle,NA,NA,lombscargle,lombscargle__lombscargle_int32_10e2__c813437da217dbce,lombscargle_int32_10e2,10^2,119,"time=[17],value=[17],frequency=[7]",INT32,GPU,not_applicable,compatibility/end-to-end,PASS,OK,20,100,54,0.493042,true,c813437da217dbce80c08561258b361dd91c3759e2efdec527fde5eb2859b319,33e9949f4293016755636555f64bf28d93422f9efdb510b1adc13c25e2460bd8
1,20260810T085747Z_9b01dadd36f6_stage08_b06_formal_86730006,formal,20260810T085747Z,9b01dadd36f6bf7c926f41342d17d4ffb3011408,false,stage08_b06_lombscargle_scales_v1,6b8abe6c23a94283f3ef195d7cf71c028080c652b9768e56186ccbcf5cfaceaf,operator,lombscargle,NA,NA,lombscargle,lombscargle__lombscargle_int32_10e2__c813437da217dbce,lombscargle_int32_10e2,10^2,119,"time=[17],value=[17],frequency=[7]",INT32,GPU,not_applicable,compatibility/end-to-end,PASS,OK,20,100,55,0.494413,true,c813437da217dbce80c08561258b361dd91c3759e2efdec527fde5eb2859b319,33e9949f4293016755636555f64bf28d93422f9efdb510b1adc13c25e2460bd8
1,20260810T085747Z_9b01dadd36f6_stage08_b06_formal_86730006,formal,20260810T085747Z,9b01dadd36f6bf7c926f41342d17d4ffb3011408,false,stage08_b06_lombscargle_scales_v1,6b8abe6c23a94283f3ef195d7cf71c028080c652b9768e56186ccbcf5cfaceaf,operator,lombscargle,NA,NA,lombscargle,lombscargle__lombscargle_int32_10e2__c813437da217dbce,lombscargle_int32_10e2,10^2,119,"time=[17],value=[17],frequency=[7]",INT32,GPU,not_applicable,compatibility/end-to-end,PASS,OK,20,100,56,0.478473,true,c813437da217dbce80c08561258b361dd91c3759e2efdec527fde5eb2859b319,33e9949f4293016755636555f64bf28d93422f9efdb510b1adc13c25e2460bd8
1,20260810T085747Z_9b01dadd36f6_stage08_b06_formal_86730006,formal,20260810T085747Z,9b01dadd36f6bf7c926f41342d17d4ffb3011408,false,stage08_b06_lombscargle_scales_v1,6b8abe6c23a94283f3ef195d7cf71c028080c652b9768e56186ccbcf5cfaceaf,operator,lombscargle,NA,NA,lombscargle,lombscargle__lombscargle_int32_10e2__c813437da217dbce,lombscargle_int32_10e2,10^2,119,"time=[17],value=[17],frequency=[7]",INT32,GPU,not_applicable,compatibility/end-to-end,PASS,OK,20,100,57,0.499233,true,c813437da217dbce80c08561258b361dd91c3759e2efdec527fde5eb2859b319,33e9949f4293016755636555f64bf28d93422f9efdb510b1adc13c25e2460bd8
1,20260810T085747Z_9b01dadd36f6_stage08_b06_formal_86730006,formal,20260810T085747Z,9b01dadd36f6bf7c926f41342d17d4ffb3011408,false,stage08_b06_lombscargle_scales_v1,6b8abe6c23a94283f3ef195d7cf71c028080c652b9768e56186ccbcf5cfaceaf,operator,lombscargle,NA,NA,lombscargle,lombscargle__lombscargle_int32_10e2__c813437da217dbce,lombscargle_int32_10e2,10^2,119,"time=[17],value=[17],frequency=[7]",INT32,GPU,not_applicable,compatibility/end-to-end,PASS,OK,20,100,58,0.495392,true,c813437da217dbce80c08561258b361dd91c3759e2efdec527fde5eb2859b319,33e9949f4293016755636555f64bf28d93422f9efdb510b1adc13c25e2460bd8
1,20260810T085747Z_9b01dadd36f6_stage08_b06_formal_86730006,formal,20260810T085747Z,9b01dadd36f6bf7c926f41342d17d4ffb3011408,false,stage08_b06_lombscargle_scales_v1,6b8abe6c23a94283f3ef195d7cf71c028080c652b9768e56186ccbcf5cfaceaf,operator,lombscargle,NA,NA,lombscargle,lombscargle__lombscargle_int32_10e2__c813437da217dbce,lombscargle_int32_10e2,10^2,119,"time=[17],value=[17],frequency=[7]",INT32,GPU,not_applicable,compatibility/end-to-end,PASS,OK,20,100,59,0.523663,true,c813437da217dbce80c08561258b361dd91c3759e2efdec527fde5eb2859b319,33e9949f4293016755636555f64bf28d93422f9efdb510b1adc13c25e2460bd8
1,20260810T085747Z_9b01dadd36f6_stage08_b06_formal_86730006,formal,20260810T085747Z,9b01dadd36f6bf7c926f41342d17d4ffb3011408,false,stage08_b06_lombscargle_scales_v1,6b8abe6c23a94283f3ef195d7cf71c028080c652b9768e56186ccbcf5cfaceaf,operator,lombscargle,NA,NA,lombscargle,lombscargle__lombscargle_int32_10e2__c813437da217dbce,lombscargle_int32_10e2,10^2,119,"time=[17],value=[17],frequency=[7]",INT32,GPU,not_applicable,compatibility/end-to-end,PASS,OK,20,100,60,0.488183,true,c813437da217dbce80c08561258b361dd91c3759e2efdec527fde5eb2859b319,33e9949f4293016755636555f64bf28d93422f9efdb510b1adc13c25e2460bd8
1,20260810T085747Z_9b01dadd36f6_stage08_b06_formal_86730006,formal,20260810T085747Z,9b01dadd36f6bf7c926f41342d17d4ffb3011408,false,stage08_b06_lombscargle_scales_v1,6b8abe6c23a94283f3ef195d7cf71c028080c652b9768e56186ccbcf5cfaceaf,operator,lombscargle,NA,NA,lombscargle,lombscargle__lombscargle_int32_10e2__c813437da217dbce,lombscargle_int32_10e2,10^2,119,"time=[17],value=[17],frequency=[7]",INT32,GPU,not_applicable,compatibility/end-to-end,PASS,OK,20,100,61,0.488092,true,c813437da217dbce80c08561258b361dd91c3759e2efdec527fde5eb2859b319,33e9949f4293016755636555f64bf28d93422f9efdb510b1adc13c25e2460bd8
1,20260810T085747Z_9b01dadd36f6_stage08_b06_formal_86730006,formal,20260810T085747Z,9b01dadd36f6bf7c926f41342d17d4ffb3011408,false,stage08_b06_lombscargle_scales_v1,6b8abe6c23a94283f3ef195d7cf71c028080c652b9768e56186ccbcf5cfaceaf,operator,lombscargle,NA,NA,lombscargle,lombscargle__lombscargle_int32_10e2__c813437da217dbce,lombscargle_int32_10e2,10^2,119,"time=[17],value=[17],frequency=[7]",INT32,GPU,not_applicable,compatibility/end-to-end,PASS,OK,20,100,62,0.497713,true,c813437da217dbce80c08561258b361dd91c3759e2efdec527fde5eb2859b319,33e9949f4293016755636555f64bf28d93422f9efdb510b1adc13c25e2460bd8
1,20260810T085747Z_9b01dadd36f6_stage08_b06_formal_86730006,formal,20260810T085747Z,9b01dadd36f6bf7c926f41342d17d4ffb3011408,false,stage08_b06_lombscargle_scales_v1,6b8abe6c23a94283f3ef195d7cf71c028080c652b9768e56186ccbcf5cfaceaf,operator,lombscargle,NA,NA,lombscargle,lombscargle__lombscargle_int32_10e2__c813437da217dbce,lombscargle_int32_10e2,10^2,119,"time=[17],value=[17],frequency=[7]",INT32,GPU,not_applicable,compatibility/end-to-end,PASS,OK,20,100,63,0.505803,true,c813437da217dbce80c08561258b361dd91c3759e2efdec527fde5eb2859b319,33e9949f4293016755636555f64bf28d93422f9efdb510b1adc13c25e2460bd8
1,20260810T085747Z_9b01dadd36f6_stage08_b06_formal_86730006,formal,20260810T085747Z,9b01dadd36f6bf7c926f41342d17d4ffb3011408,false,stage08_b06_lombscargle_scales_v1,6b8abe6c23a94283f3ef195d7cf71c028080c652b9768e56186ccbcf5cfaceaf,operator,lombscargle,NA,NA,lombscargle,lombscargle__lombscargle_int32_10e2__c813437da217dbce,lombscargle_int32_10e2,10^2,119,"time=[17],value=[17],frequency=[7]",INT32,GPU,not_applicable,compatibility/end-to-end,PASS,OK,20,100,64,0.493892,true,c813437da217dbce80c08561258b361dd91c3759e2efdec527fde5eb2859b319,33e9949f4293016755636555f64bf28d93422f9efdb510b1adc13c25e2460bd8
1,20260810T085747Z_9b01dadd36f6_stage08_b06_formal_86730006,formal,20260810T085747Z,9b01dadd36f6bf7c926f41342d17d4ffb3011408,false,stage08_b06_lombscargle_scales_v1,6b8abe6c23a94283f3ef195d7cf71c028080c652b9768e56186ccbcf5cfaceaf,operator,lombscargle,NA,NA,lombscargle,lombscargle__lombscargle_int32_10e2__c813437da217dbce,lombscargle_int32_10e2,10^2,119,"time=[17],value=[17],frequency=[7]",INT32,GPU,not_applicable,compatibility/end-to-end,PASS,OK,20,100,65,0.508253,true,c813437da217dbce80c08561258b361dd91c3759e2efdec527fde5eb2859b319,33e9949f4293016755636555f64bf28d93422f9efdb510b1adc13c25e2460bd8
1,20260810T085747Z_9b01dadd36f6_stage08_b06_formal_86730006,formal,20260810T085747Z,9b01dadd36f6bf7c926f41342d17d4ffb3011408,false,stage08_b06_lombscargle_scales_v1,6b8abe6c23a94283f3ef195d7cf71c028080c652b9768e56186ccbcf5cfaceaf,operator,lombscargle,NA,NA,lombscargle,lombscargle__lombscargle_int32_10e2__c813437da217dbce,lombscargle_int32_10e2,10^2,119,"time=[17],value=[17],frequency=[7]",INT32,GPU,not_applicable,compatibility/end-to-end,PASS,OK,20,100,66,0.497843,true,c813437da217dbce80c08561258b361dd91c3759e2efdec527fde5eb2859b319,33e9949f4293016755636555f64bf28d93422f9efdb510b1adc13c25e2460bd8
1,20260810T085747Z_9b01dadd36f6_stage08_b06_formal_86730006,formal,20260810T085747Z,9b01dadd36f6bf7c926f41342d17d4ffb3011408,false,stage08_b06_lombscargle_scales_v1,6b8abe6c23a94283f3ef195d7cf71c028080c652b9768e56186ccbcf5cfaceaf,operator,lombscargle,NA,NA,lombscargle,lombscargle__lombscargle_int32_10e2__c813437da217dbce,lombscargle_int32_10e2,10^2,119,"time=[17],value=[17],frequency=[7]",INT32,GPU,not_applicable,compatibility/end-to-end,PASS,OK,20,100,67,0.519223,true,c813437da217dbce80c08561258b361dd91c3759e2efdec527fde5eb2859b319,33e9949f4293016755636555f64bf28d93422f9efdb510b1adc13c25e2460bd8
1,20260810T085747Z_9b01dadd36f6_stage08_b06_formal_86730006,formal,20260810T085747Z,9b01dadd36f6bf7c926f41342d17d4ffb3011408,false,stage08_b06_lombscargle_scales_v1,6b8abe6c23a94283f3ef195d7cf71c028080c652b9768e56186ccbcf5cfaceaf,operator,lombscargle,NA,NA,lombscargle,lombscargle__lombscargle_int32_10e2__c813437da217dbce,lombscargle_int32_10e2,10^2,119,"time=[17],value=[17],frequency=[7]",INT32,GPU,not_applicable,compatibility/end-to-end,PASS,OK,20,100,68,0.493932,true,c813437da217dbce80c08561258b361dd91c3759e2efdec527fde5eb2859b319,33e9949f4293016755636555f64bf28d93422f9efdb510b1adc13c25e2460bd8
1,20260810T085747Z_9b01dadd36f6_stage08_b06_formal_86730006,formal,20260810T085747Z,9b01dadd36f6bf7c926f41342d17d4ffb3011408,false,stage08_b06_lombscargle_scales_v1,6b8abe6c23a94283f3ef195d7cf71c028080c652b9768e56186ccbcf5cfaceaf,operator,lombscargle,NA,NA,lombscargle,lombscargle__lombscargle_int32_10e2__c813437da217dbce,lombscargle_int32_10e2,10^2,119,"time=[17],value=[17],frequency=[7]",INT32,GPU,not_applicable,compatibility/end-to-end,PASS,OK,20,100,69,0.488763,true,c813437da217dbce80c08561258b361dd91c3759e2efdec527fde5eb2859b319,33e9949f4293016755636555f64bf28d93422f9efdb510b1adc13c25e2460bd8
1,20260810T085747Z_9b01dadd36f6_stage08_b06_formal_86730006,formal,20260810T085747Z,9b01dadd36f6bf7c926f41342d17d4ffb3011408,false,stage08_b06_lombscargle_scales_v1,6b8abe6c23a94283f3ef195d7cf71c028080c652b9768e56186ccbcf5cfaceaf,operator,lombscargle,NA,NA,lombscargle,lombscargle__lombscargle_int32_10e2__c813437da217dbce,lombscargle_int32_10e2,10^2,119,"time=[17],value=[17],frequency=[7]",INT32,GPU,not_applicable,compatibility/end-to-end,PASS,OK,20,100,70,0.502383,true,c813437da217dbce80c08561258b361dd91c3759e2efdec527fde5eb2859b319,33e9949f4293016755636555f64bf28d93422f9efdb510b1adc13c25e2460bd8
1,20260810T085747Z_9b01dadd36f6_stage08_b06_formal_86730006,formal,20260810T085747Z,9b01dadd36f6bf7c926f41342d17d4ffb3011408,false,stage08_b06_lombscargle_scales_v1,6b8abe6c23a94283f3ef195d7cf71c028080c652b9768e56186ccbcf5cfaceaf,operator,lombscargle,NA,NA,lombscargle,lombscargle__lombscargle_int32_10e2__c813437da217dbce,lombscargle_int32_10e2,10^2,119,"time=[17],value=[17],frequency=[7]",INT32,GPU,not_applicable,compatibility/end-to-end,PASS,OK,20,100,71,0.497113,true,c813437da217dbce80c08561258b361dd91c3759e2efdec527fde5eb2859b319,33e9949f4293016755636555f64bf28d93422f9efdb510b1adc13c25e2460bd8
1,20260810T085747Z_9b01dadd36f6_stage08_b06_formal_86730006,formal,20260810T085747Z,9b01dadd36f6bf7c926f41342d17d4ffb3011408,false,stage08_b06_lombscargle_scales_v1,6b8abe6c23a94283f3ef195d7cf71c028080c652b9768e56186ccbcf5cfaceaf,operator,lombscargle,NA,NA,lombscargle,lombscargle__lombscargle_int32_10e2__c813437da217dbce,lombscargle_int32_10e2,10^2,119,"time=[17],value=[17],frequency=[7]",INT32,GPU,not_applicable,compatibility/end-to-end,PASS,OK,20,100,72,0.499232,true,c813437da217dbce80c08561258b361dd91c3759e2efdec527fde5eb2859b319,33e9949f4293016755636555f64bf28d93422f9efdb510b1adc13c25e2460bd8
1,20260810T085747Z_9b01dadd36f6_stage08_b06_formal_86730006,formal,20260810T085747Z,9b01dadd36f6bf7c926f41342d17d4ffb3011408,false,stage08_b06_lombscargle_scales_v1,6b8abe6c23a94283f3ef195d7cf71c028080c652b9768e56186ccbcf5cfaceaf,operator,lombscargle,NA,NA,lombscargle,lombscargle__lombscargle_int32_10e2__c813437da217dbce,lombscargle_int32_10e2,10^2,119,"time=[17],value=[17],frequency=[7]",INT32,GPU,not_applicable,compatibility/end-to-end,PASS,OK,20,100,73,0.501273,true,c813437da217dbce80c08561258b361dd91c3759e2efdec527fde5eb2859b319,33e9949f4293016755636555f64bf28d93422f9efdb510b1adc13c25e2460bd8
1,20260810T085747Z_9b01dadd36f6_stage08_b06_formal_86730006,formal,20260810T085747Z,9b01dadd36f6bf7c926f41342d17d4ffb3011408,false,stage08_b06_lombscargle_scales_v1,6b8abe6c23a94283f3ef195d7cf71c028080c652b9768e56186ccbcf5cfaceaf,operator,lombscargle,NA,NA,lombscargle,lombscargle__lombscargle_int32_10e2__c813437da217dbce,lombscargle_int32_10e2,10^2,119,"time=[17],value=[17],frequency=[7]",INT32,GPU,not_applicable,compatibility/end-to-end,PASS,OK,20,100,74,0.479893,true,c813437da217dbce80c08561258b361dd91c3759e2efdec527fde5eb2859b319,33e9949f4293016755636555f64bf28d93422f9efdb510b1adc13c25e2460bd8
1,20260810T085747Z_9b01dadd36f6_stage08_b06_formal_86730006,formal,20260810T085747Z,9b01dadd36f6bf7c926f41342d17d4ffb3011408,false,stage08_b06_lombscargle_scales_v1,6b8abe6c23a94283f3ef195d7cf71c028080c652b9768e56186ccbcf5cfaceaf,operator,lombscargle,NA,NA,lombscargle,lombscargle__lombscargle_int32_10e2__c813437da217dbce,lombscargle_int32_10e2,10^2,119,"time=[17],value=[17],frequency=[7]",INT32,GPU,not_applicable,compatibility/end-to-end,PASS,OK,20,100,75,0.787204,true,c813437da217dbce80c08561258b361dd91c3759e2efdec527fde5eb2859b319,33e9949f4293016755636555f64bf28d93422f9efdb510b1adc13c25e2460bd8
1,20260810T085747Z_9b01dadd36f6_stage08_b06_formal_86730006,formal,20260810T085747Z,9b01dadd36f6bf7c926f41342d17d4ffb3011408,false,stage08_b06_lombscargle_scales_v1,6b8abe6c23a94283f3ef195d7cf71c028080c652b9768e56186ccbcf5cfaceaf,operator,lombscargle,NA,NA,lombscargle,lombscargle__lombscargle_int32_10e2__c813437da217dbce,lombscargle_int32_10e2,10^2,119,"time=[17],value=[17],frequency=[7]",INT32,GPU,not_applicable,compatibility/end-to-end,PASS,OK,20,100,76,0.666154,true,c813437da217dbce80c08561258b361dd91c3759e2efdec527fde5eb2859b319,33e9949f4293016755636555f64bf28d93422f9efdb510b1adc13c25e2460bd8
1,20260810T085747Z_9b01dadd36f6_stage08_b06_formal_86730006,formal,20260810T085747Z,9b01dadd36f6bf7c926f41342d17d4ffb3011408,false,stage08_b06_lombscargle_scales_v1,6b8abe6c23a94283f3ef195d7cf71c028080c652b9768e56186ccbcf5cfaceaf,operator,lombscargle,NA,NA,lombscargle,lombscargle__lombscargle_int32_10e2__c813437da217dbce,lombscargle_int32_10e2,10^2,119,"time=[17],value=[17],frequency=[7]",INT32,GPU,not_applicable,compatibility/end-to-end,PASS,OK,20,100,77,0.505002,true,c813437da217dbce80c08561258b361dd91c3759e2efdec527fde5eb2859b319,33e9949f4293016755636555f64bf28d93422f9efdb510b1adc13c25e2460bd8
1,20260810T085747Z_9b01dadd36f6_stage08_b06_formal_86730006,formal,20260810T085747Z,9b01dadd36f6bf7c926f41342d17d4ffb3011408,false,stage08_b06_lombscargle_scales_v1,6b8abe6c23a94283f3ef195d7cf71c028080c652b9768e56186ccbcf5cfaceaf,operator,lombscargle,NA,NA,lombscargle,lombscargle__lombscargle_int32_10e2__c813437da217dbce,lombscargle_int32_10e2,10^2,119,"time=[17],value=[17],frequency=[7]",INT32,GPU,not_applicable,compatibility/end-to-end,PASS,OK,20,100,78,0.500423,true,c813437da217dbce80c08561258b361dd91c3759e2efdec527fde5eb2859b319,33e9949f4293016755636555f64bf28d93422f9efdb510b1adc13c25e2460bd8
1,20260810T085747Z_9b01dadd36f6_stage08_b06_formal_86730006,formal,20260810T085747Z,9b01dadd36f6bf7c926f41342d17d4ffb3011408,false,stage08_b06_lombscargle_scales_v1,6b8abe6c23a94283f3ef195d7cf71c028080c652b9768e56186ccbcf5cfaceaf,operator,lombscargle,NA,NA,lombscargle,lombscargle__lombscargle_int32_10e2__c813437da217dbce,lombscargle_int32_10e2,10^2,119,"time=[17],value=[17],frequency=[7]",INT32,GPU,not_applicable,compatibility/end-to-end,PASS,OK,20,100,79,0.488733,true,c813437da217dbce80c08561258b361dd91c3759e2efdec527fde5eb2859b319,33e9949f4293016755636555f64bf28d93422f9efdb510b1adc13c25e2460bd8
1,20260810T085747Z_9b01dadd36f6_stage08_b06_formal_86730006,formal,20260810T085747Z,9b01dadd36f6bf7c926f41342d17d4ffb3011408,false,stage08_b06_lombscargle_scales_v1,6b8abe6c23a94283f3ef195d7cf71c028080c652b9768e56186ccbcf5cfaceaf,operator,lombscargle,NA,NA,lombscargle,lombscargle__lombscargle_int32_10e2__c813437da217dbce,lombscargle_int32_10e2,10^2,119,"time=[17],value=[17],frequency=[7]",INT32,GPU,not_applicable,compatibility/end-to-end,PASS,OK,20,100,80,0.501892,true,c813437da217dbce80c08561258b361dd91c3759e2efdec527fde5eb2859b319,33e9949f4293016755636555f64bf28d93422f9efdb510b1adc13c25e2460bd8
1,20260810T085747Z_9b01dadd36f6_stage08_b06_formal_86730006,formal,20260810T085747Z,9b01dadd36f6bf7c926f41342d17d4ffb3011408,false,stage08_b06_lombscargle_scales_v1,6b8abe6c23a94283f3ef195d7cf71c028080c652b9768e56186ccbcf5cfaceaf,operator,lombscargle,NA,NA,lombscargle,lombscargle__lombscargle_int32_10e2__c813437da217dbce,lombscargle_int32_10e2,10^2,119,"time=[17],value=[17],frequency=[7]",INT32,GPU,not_applicable,compatibility/end-to-end,PASS,OK,20,100,81,0.485933,true,c813437da217dbce80c08561258b361dd91c3759e2efdec527fde5eb2859b319,33e9949f4293016755636555f64bf28d93422f9efdb510b1adc13c25e2460bd8
1,20260810T085747Z_9b01dadd36f6_stage08_b06_formal_86730006,formal,20260810T085747Z,9b01dadd36f6bf7c926f41342d17d4ffb3011408,false,stage08_b06_lombscargle_scales_v1,6b8abe6c23a94283f3ef195d7cf71c028080c652b9768e56186ccbcf5cfaceaf,operator,lombscargle,NA,NA,lombscargle,lombscargle__lombscargle_int32_10e2__c813437da217dbce,lombscargle_int32_10e2,10^2,119,"time=[17],value=[17],frequency=[7]",INT32,GPU,not_applicable,compatibility/end-to-end,PASS,OK,20,100,82,0.539463,true,c813437da217dbce80c08561258b361dd91c3759e2efdec527fde5eb2859b319,33e9949f4293016755636555f64bf28d93422f9efdb510b1adc13c25e2460bd8
1,20260810T085747Z_9b01dadd36f6_stage08_b06_formal_86730006,formal,20260810T085747Z,9b01dadd36f6bf7c926f41342d17d4ffb3011408,false,stage08_b06_lombscargle_scales_v1,6b8abe6c23a94283f3ef195d7cf71c028080c652b9768e56186ccbcf5cfaceaf,operator,lombscargle,NA,NA,lombscargle,lombscargle__lombscargle_int32_10e2__c813437da217dbce,lombscargle_int32_10e2,10^2,119,"time=[17],value=[17],frequency=[7]",INT32,GPU,not_applicable,compatibility/end-to-end,PASS,OK,20,100,83,0.507493,true,c813437da217dbce80c08561258b361dd91c3759e2efdec527fde5eb2859b319,33e9949f4293016755636555f64bf28d93422f9efdb510b1adc13c25e2460bd8
1,20260810T085747Z_9b01dadd36f6_stage08_b06_formal_86730006,formal,20260810T085747Z,9b01dadd36f6bf7c926f41342d17d4ffb3011408,false,stage08_b06_lombscargle_scales_v1,6b8abe6c23a94283f3ef195d7cf71c028080c652b9768e56186ccbcf5cfaceaf,operator,lombscargle,NA,NA,lombscargle,lombscargle__lombscargle_int32_10e2__c813437da217dbce,lombscargle_int32_10e2,10^2,119,"time=[17],value=[17],frequency=[7]",INT32,GPU,not_applicable,compatibility/end-to-end,PASS,OK,20,100,84,0.494962,true,c813437da217dbce80c08561258b361dd91c3759e2efdec527fde5eb2859b319,33e9949f4293016755636555f64bf28d93422f9efdb510b1adc13c25e2460bd8
1,20260810T085747Z_9b01dadd36f6_stage08_b06_formal_86730006,formal,20260810T085747Z,9b01dadd36f6bf7c926f41342d17d4ffb3011408,false,stage08_b06_lombscargle_scales_v1,6b8abe6c23a94283f3ef195d7cf71c028080c652b9768e56186ccbcf5cfaceaf,operator,lombscargle,NA,NA,lombscargle,lombscargle__lombscargle_int32_10e2__c813437da217dbce,lombscargle_int32_10e2,10^2,119,"time=[17],value=[17],frequency=[7]",INT32,GPU,not_applicable,compatibility/end-to-end,PASS,OK,20,100,85,0.494723,true,c813437da217dbce80c08561258b361dd91c3759e2efdec527fde5eb2859b319,33e9949f4293016755636555f64bf28d93422f9efdb510b1adc13c25e2460bd8
1,20260810T085747Z_9b01dadd36f6_stage08_b06_formal_86730006,formal,20260810T085747Z,9b01dadd36f6bf7c926f41342d17d4ffb3011408,false,stage08_b06_lombscargle_scales_v1,6b8abe6c23a94283f3ef195d7cf71c028080c652b9768e56186ccbcf5cfaceaf,operator,lombscargle,NA,NA,lombscargle,lombscargle__lombscargle_int32_10e2__c813437da217dbce,lombscargle_int32_10e2,10^2,119,"time=[17],value=[17],frequency=[7]",INT32,GPU,not_applicable,compatibility/end-to-end,PASS,OK,20,100,86,0.493003,true,c813437da217dbce80c08561258b361dd91c3759e2efdec527fde5eb2859b319,33e9949f4293016755636555f64bf28d93422f9efdb510b1adc13c25e2460bd8
1,20260810T085747Z_9b01dadd36f6_stage08_b06_formal_86730006,formal,20260810T085747Z,9b01dadd36f6bf7c926f41342d17d4ffb3011408,false,stage08_b06_lombscargle_scales_v1,6b8abe6c23a94283f3ef195d7cf71c028080c652b9768e56186ccbcf5cfaceaf,operator,lombscargle,NA,NA,lombscargle,lombscargle__lombscargle_int32_10e2__c813437da217dbce,lombscargle_int32_10e2,10^2,119,"time=[17],value=[17],frequency=[7]",INT32,GPU,not_applicable,compatibility/end-to-end,PASS,OK,20,100,87,0.497872,true,c813437da217dbce80c08561258b361dd91c3759e2efdec527fde5eb2859b319,33e9949f4293016755636555f64bf28d93422f9efdb510b1adc13c25e2460bd8
1,20260810T085747Z_9b01dadd36f6_stage08_b06_formal_86730006,formal,20260810T085747Z,9b01dadd36f6bf7c926f41342d17d4ffb3011408,false,stage08_b06_lombscargle_scales_v1,6b8abe6c23a94283f3ef195d7cf71c028080c652b9768e56186ccbcf5cfaceaf,operator,lombscargle,NA,NA,lombscargle,lombscargle__lombscargle_int32_10e2__c813437da217dbce,lombscargle_int32_10e2,10^2,119,"time=[17],value=[17],frequency=[7]",INT32,GPU,not_applicable,compatibility/end-to-end,PASS,OK,20,100,88,0.496693,true,c813437da217dbce80c08561258b361dd91c3759e2efdec527fde5eb2859b319,33e9949f4293016755636555f64bf28d93422f9efdb510b1adc13c25e2460bd8
1,20260810T085747Z_9b01dadd36f6_stage08_b06_formal_86730006,formal,20260810T085747Z,9b01dadd36f6bf7c926f41342d17d4ffb3011408,false,stage08_b06_lombscargle_scales_v1,6b8abe6c23a94283f3ef195d7cf71c028080c652b9768e56186ccbcf5cfaceaf,operator,lombscargle,NA,NA,lombscargle,lombscargle__lombscargle_int32_10e2__c813437da217dbce,lombscargle_int32_10e2,10^2,119,"time=[17],value=[17],frequency=[7]",INT32,GPU,not_applicable,compatibility/end-to-end,PASS,OK,20,100,89,0.504173,true,c813437da217dbce80c08561258b361dd91c3759e2efdec527fde5eb2859b319,33e9949f4293016755636555f64bf28d93422f9efdb510b1adc13c25e2460bd8
1,20260810T085747Z_9b01dadd36f6_stage08_b06_formal_86730006,formal,20260810T085747Z,9b01dadd36f6bf7c926f41342d17d4ffb3011408,false,stage08_b06_lombscargle_scales_v1,6b8abe6c23a94283f3ef195d7cf71c028080c652b9768e56186ccbcf5cfaceaf,operator,lombscargle,NA,NA,lombscargle,lombscargle__lombscargle_int32_10e2__c813437da217dbce,lombscargle_int32_10e2,10^2,119,"time=[17],value=[17],frequency=[7]",INT32,GPU,not_applicable,compatibility/end-to-end,PASS,OK,20,100,90,0.506672,true,c813437da217dbce80c08561258b361dd91c3759e2efdec527fde5eb2859b319,33e9949f4293016755636555f64bf28d93422f9efdb510b1adc13c25e2460bd8
1,20260810T085747Z_9b01dadd36f6_stage08_b06_formal_86730006,formal,20260810T085747Z,9b01dadd36f6bf7c926f41342d17d4ffb3011408,false,stage08_b06_lombscargle_scales_v1,6b8abe6c23a94283f3ef195d7cf71c028080c652b9768e56186ccbcf5cfaceaf,operator,lombscargle,NA,NA,lombscargle,lombscargle__lombscargle_int32_10e2__c813437da217dbce,lombscargle_int32_10e2,10^2,119,"time=[17],value=[17],frequency=[7]",INT32,GPU,not_applicable,compatibility/end-to-end,PASS,OK,20,100,91,0.505383,true,c813437da217dbce80c08561258b361dd91c3759e2efdec527fde5eb2859b319,33e9949f4293016755636555f64bf28d93422f9efdb510b1adc13c25e2460bd8
1,20260810T085747Z_9b01dadd36f6_stage08_b06_formal_86730006,formal,20260810T085747Z,9b01dadd36f6bf7c926f41342d17d4ffb3011408,false,stage08_b06_lombscargle_scales_v1,6b8abe6c23a94283f3ef195d7cf71c028080c652b9768e56186ccbcf5cfaceaf,operator,lombscargle,NA,NA,lombscargle,lombscargle__lombscargle_int32_10e2__c813437da217dbce,lombscargle_int32_10e2,10^2,119,"time=[17],value=[17],frequency=[7]",INT32,GPU,not_applicable,compatibility/end-to-end,PASS,OK,20,100,92,0.507773,true,c813437da217dbce80c08561258b361dd91c3759e2efdec527fde5eb2859b319,33e9949f4293016755636555f64bf28d93422f9efdb510b1adc13c25e2460bd8
1,20260810T085747Z_9b01dadd36f6_stage08_b06_formal_86730006,formal,20260810T085747Z,9b01dadd36f6bf7c926f41342d17d4ffb3011408,false,stage08_b06_lombscargle_scales_v1,6b8abe6c23a94283f3ef195d7cf71c028080c652b9768e56186ccbcf5cfaceaf,operator,lombscargle,NA,NA,lombscargle,lombscargle__lombscargle_int32_10e2__c813437da217dbce,lombscargle_int32_10e2,10^2,119,"time=[17],value=[17],frequency=[7]",INT32,GPU,not_applicable,compatibility/end-to-end,PASS,OK,20,100,93,0.505723,true,c813437da217dbce80c08561258b361dd91c3759e2efdec527fde5eb2859b319,33e9949f4293016755636555f64bf28d93422f9efdb510b1adc13c25e2460bd8
1,20260810T085747Z_9b01dadd36f6_stage08_b06_formal_86730006,formal,20260810T085747Z,9b01dadd36f6bf7c926f41342d17d4ffb3011408,false,stage08_b06_lombscargle_scales_v1,6b8abe6c23a94283f3ef195d7cf71c028080c652b9768e56186ccbcf5cfaceaf,operator,lombscargle,NA,NA,lombscargle,lombscargle__lombscargle_int32_10e2__c813437da217dbce,lombscargle_int32_10e2,10^2,119,"time=[17],value=[17],frequency=[7]",INT32,GPU,not_applicable,compatibility/end-to-end,PASS,OK,20,100,94,0.497912,true,c813437da217dbce80c08561258b361dd91c3759e2efdec527fde5eb2859b319,33e9949f4293016755636555f64bf28d93422f9efdb510b1adc13c25e2460bd8
1,20260810T085747Z_9b01dadd36f6_stage08_b06_formal_86730006,formal,20260810T085747Z,9b01dadd36f6bf7c926f41342d17d4ffb3011408,false,stage08_b06_lombscargle_scales_v1,6b8abe6c23a94283f3ef195d7cf71c028080c652b9768e56186ccbcf5cfaceaf,operator,lombscargle,NA,NA,lombscargle,lombscargle__lombscargle_int32_10e2__c813437da217dbce,lombscargle_int32_10e2,10^2,119,"time=[17],value=[17],frequency=[7]",INT32,GPU,not_applicable,compatibility/end-to-end,PASS,OK,20,100,95,0.495723,true,c813437da217dbce80c08561258b361dd91c3759e2efdec527fde5eb2859b319,33e9949f4293016755636555f64bf28d93422f9efdb510b1adc13c25e2460bd8
1,20260810T085747Z_9b01dadd36f6_stage08_b06_formal_86730006,formal,20260810T085747Z,9b01dadd36f6bf7c926f41342d17d4ffb3011408,false,stage08_b06_lombscargle_scales_v1,6b8abe6c23a94283f3ef195d7cf71c028080c652b9768e56186ccbcf5cfaceaf,operator,lombscargle,NA,NA,lombscargle,lombscargle__lombscargle_int32_10e2__c813437da217dbce,lombscargle_int32_10e2,10^2,119,"time=[17],value=[17],frequency=[7]",INT32,GPU,not_applicable,compatibility/end-to-end,PASS,OK,20,100,96,0.510133,true,c813437da217dbce80c08561258b361dd91c3759e2efdec527fde5eb2859b319,33e9949f4293016755636555f64bf28d93422f9efdb510b1adc13c25e2460bd8
1,20260810T085747Z_9b01dadd36f6_stage08_b06_formal_86730006,formal,20260810T085747Z,9b01dadd36f6bf7c926f41342d17d4ffb3011408,false,stage08_b06_lombscargle_scales_v1,6b8abe6c23a94283f3ef195d7cf71c028080c652b9768e56186ccbcf5cfaceaf,operator,lombscargle,NA,NA,lombscargle,lombscargle__lombscargle_int32_10e2__c813437da217dbce,lombscargle_int32_10e2,10^2,119,"time=[17],value=[17],frequency=[7]",INT32,GPU,not_applicable,compatibility/end-to-end,PASS,OK,20,100,97,0.500773,true,c813437da217dbce80c08561258b361dd91c3759e2efdec527fde5eb2859b319,33e9949f4293016755636555f64bf28d93422f9efdb510b1adc13c25e2460bd8
1,20260810T085747Z_9b01dadd36f6_stage08_b06_formal_86730006,formal,20260810T085747Z,9b01dadd36f6bf7c926f41342d17d4ffb3011408,false,stage08_b06_lombscargle_scales_v1,6b8abe6c23a94283f3ef195d7cf71c028080c652b9768e56186ccbcf5cfaceaf,operator,lombscargle,NA,NA,lombscargle,lombscargle__lombscargle_int32_10e2__c813437da217dbce,lombscargle_int32_10e2,10^2,119,"time=[17],value=[17],frequency=[7]",INT32,GPU,not_applicable,compatibility/end-to-end,PASS,OK,20,100,98,0.513313,true,c813437da217dbce80c08561258b361dd91c3759e2efdec527fde5eb2859b319,33e9949f4293016755636555f64bf28d93422f9efdb510b1adc13c25e2460bd8
1,20260810T085747Z_9b01dadd36f6_stage08_b06_formal_86730006,formal,20260810T085747Z,9b01dadd36f6bf7c926f41342d17d4ffb3011408,false,stage08_b06_lombscargle_scales_v1,6b8abe6c23a94283f3ef195d7cf71c028080c652b9768e56186ccbcf5cfaceaf,operator,lombscargle,NA,NA,lombscargle,lombscargle__lombscargle_int32_10e2__c813437da217dbce,lombscargle_int32_10e2,10^2,119,"time=[17],value=[17],frequency=[7]",INT32,GPU,not_applicable,compatibility/end-to-end,PASS,OK,20,100,99,0.501742,true,c813437da217dbce80c08561258b361dd91c3759e2efdec527fde5eb2859b319,33e9949f4293016755636555f64bf28d93422f9efdb510b1adc13c25e2460bd8
