schema_version,run_id,run_type,test_time_utc,git_commit,git_dirty,config_id,config_sha256,target_kind,target,task_name,step_name,operator_name,case_id,scale_id,order_of_magnitude,actual_elements,input_shape,dtype,device,backend,timing_scope,status,error_code,warmup_runs,measured_runs,sample_index,latency_ms,synchronized,input_digest,output_digest
1,20260810T084554Z_652061b694fc_stage08_b05_formal_85610006,formal,20260810T084554Z,652061b694fcdb9a4b0958a6c90f43d6801d64a7,false,stage08_b05_detrend_scales_v1,0df01b630b33511278bbe1cfc336a8f8751115a0ceef05ec33fd2aaac9c7793c,operator,detrend,NA,NA,detrend,detrend__detrend_int32_10e2__463abaac4ef6945f,detrend_int32_10e2,10^2,100,x=[100],INT32,CPU,not_applicable,compatibility/end-to-end,PASS,OK,20,100,0,0.00369,true,463abaac4ef6945f7aa70dbd597e643439e62d8634e3d9b684f0600a805abd17,01a06a808065f0ce3dcdf5e9d2cf65b491c96f41672b62bc0f1d7892e13f9f84
1,20260810T084554Z_652061b694fc_stage08_b05_formal_85610006,formal,20260810T084554Z,652061b694fcdb9a4b0958a6c90f43d6801d64a7,false,stage08_b05_detrend_scales_v1,0df01b630b33511278bbe1cfc336a8f8751115a0ceef05ec33fd2aaac9c7793c,operator,detrend,NA,NA,detrend,detrend__detrend_int32_10e2__463abaac4ef6945f,detrend_int32_10e2,10^2,100,x=[100],INT32,CPU,not_applicable,compatibility/end-to-end,PASS,OK,20,100,1,0.003671,true,463abaac4ef6945f7aa70dbd597e643439e62d8634e3d9b684f0600a805abd17,01a06a808065f0ce3dcdf5e9d2cf65b491c96f41672b62bc0f1d7892e13f9f84
1,20260810T084554Z_652061b694fc_stage08_b05_formal_85610006,formal,20260810T084554Z,652061b694fcdb9a4b0958a6c90f43d6801d64a7,false,stage08_b05_detrend_scales_v1,0df01b630b33511278bbe1cfc336a8f8751115a0ceef05ec33fd2aaac9c7793c,operator,detrend,NA,NA,detrend,detrend__detrend_int32_10e2__463abaac4ef6945f,detrend_int32_10e2,10^2,100,x=[100],INT32,CPU,not_applicable,compatibility/end-to-end,PASS,OK,20,100,2,0.00356,true,463abaac4ef6945f7aa70dbd597e643439e62d8634e3d9b684f0600a805abd17,01a06a808065f0ce3dcdf5e9d2cf65b491c96f41672b62bc0f1d7892e13f9f84
1,20260810T084554Z_652061b694fc_stage08_b05_formal_85610006,formal,20260810T084554Z,652061b694fcdb9a4b0958a6c90f43d6801d64a7,false,stage08_b05_detrend_scales_v1,0df01b630b33511278bbe1cfc336a8f8751115a0ceef05ec33fd2aaac9c7793c,operator,detrend,NA,NA,detrend,detrend__detrend_int32_10e2__463abaac4ef6945f,detrend_int32_10e2,10^2,100,x=[100],INT32,CPU,not_applicable,compatibility/end-to-end,PASS,OK,20,100,3,0.00354,true,463abaac4ef6945f7aa70dbd597e643439e62d8634e3d9b684f0600a805abd17,01a06a808065f0ce3dcdf5e9d2cf65b491c96f41672b62bc0f1d7892e13f9f84
1,20260810T084554Z_652061b694fc_stage08_b05_formal_85610006,formal,20260810T084554Z,652061b694fcdb9a4b0958a6c90f43d6801d64a7,false,stage08_b05_detrend_scales_v1,0df01b630b33511278bbe1cfc336a8f8751115a0ceef05ec33fd2aaac9c7793c,operator,detrend,NA,NA,detrend,detrend__detrend_int32_10e2__463abaac4ef6945f,detrend_int32_10e2,10^2,100,x=[100],INT32,CPU,not_applicable,compatibility/end-to-end,PASS,OK,20,100,4,0.00358,true,463abaac4ef6945f7aa70dbd597e643439e62d8634e3d9b684f0600a805abd17,01a06a808065f0ce3dcdf5e9d2cf65b491c96f41672b62bc0f1d7892e13f9f84
1,20260810T084554Z_652061b694fc_stage08_b05_formal_85610006,formal,20260810T084554Z,652061b694fcdb9a4b0958a6c90f43d6801d64a7,false,stage08_b05_detrend_scales_v1,0df01b630b33511278bbe1cfc336a8f8751115a0ceef05ec33fd2aaac9c7793c,operator,detrend,NA,NA,detrend,detrend__detrend_int32_10e2__463abaac4ef6945f,detrend_int32_10e2,10^2,100,x=[100],INT32,CPU,not_applicable,compatibility/end-to-end,PASS,OK,20,100,5,0.00358,true,463abaac4ef6945f7aa70dbd597e643439e62d8634e3d9b684f0600a805abd17,01a06a808065f0ce3dcdf5e9d2cf65b491c96f41672b62bc0f1d7892e13f9f84
1,20260810T084554Z_652061b694fc_stage08_b05_formal_85610006,formal,20260810T084554Z,652061b694fcdb9a4b0958a6c90f43d6801d64a7,false,stage08_b05_detrend_scales_v1,0df01b630b33511278bbe1cfc336a8f8751115a0ceef05ec33fd2aaac9c7793c,operator,detrend,NA,NA,detrend,detrend__detrend_int32_10e2__463abaac4ef6945f,detrend_int32_10e2,10^2,100,x=[100],INT32,CPU,not_applicable,compatibility/end-to-end,PASS,OK,20,100,6,0.00357,true,463abaac4ef6945f7aa70dbd597e643439e62d8634e3d9b684f0600a805abd17,01a06a808065f0ce3dcdf5e9d2cf65b491c96f41672b62bc0f1d7892e13f9f84
1,20260810T084554Z_652061b694fc_stage08_b05_formal_85610006,formal,20260810T084554Z,652061b694fcdb9a4b0958a6c90f43d6801d64a7,false,stage08_b05_detrend_scales_v1,0df01b630b33511278bbe1cfc336a8f8751115a0ceef05ec33fd2aaac9c7793c,operator,detrend,NA,NA,detrend,detrend__detrend_int32_10e2__463abaac4ef6945f,detrend_int32_10e2,10^2,100,x=[100],INT32,CPU,not_applicable,compatibility/end-to-end,PASS,OK,20,100,7,0.00358,true,463abaac4ef6945f7aa70dbd597e643439e62d8634e3d9b684f0600a805abd17,01a06a808065f0ce3dcdf5e9d2cf65b491c96f41672b62bc0f1d7892e13f9f84
1,20260810T084554Z_652061b694fc_stage08_b05_formal_85610006,formal,20260810T084554Z,652061b694fcdb9a4b0958a6c90f43d6801d64a7,false,stage08_b05_detrend_scales_v1,0df01b630b33511278bbe1cfc336a8f8751115a0ceef05ec33fd2aaac9c7793c,operator,detrend,NA,NA,detrend,detrend__detrend_int32_10e2__463abaac4ef6945f,detrend_int32_10e2,10^2,100,x=[100],INT32,CPU,not_applicable,compatibility/end-to-end,PASS,OK,20,100,8,0.00358,true,463abaac4ef6945f7aa70dbd597e643439e62d8634e3d9b684f0600a805abd17,01a06a808065f0ce3dcdf5e9d2cf65b491c96f41672b62bc0f1d7892e13f9f84
1,20260810T084554Z_652061b694fc_stage08_b05_formal_85610006,formal,20260810T084554Z,652061b694fcdb9a4b0958a6c90f43d6801d64a7,false,stage08_b05_detrend_scales_v1,0df01b630b33511278bbe1cfc336a8f8751115a0ceef05ec33fd2aaac9c7793c,operator,detrend,NA,NA,detrend,detrend__detrend_int32_10e2__463abaac4ef6945f,detrend_int32_10e2,10^2,100,x=[100],INT32,CPU,not_applicable,compatibility/end-to-end,PASS,OK,20,100,9,0.00357,true,463abaac4ef6945f7aa70dbd597e643439e62d8634e3d9b684f0600a805abd17,01a06a808065f0ce3dcdf5e9d2cf65b491c96f41672b62bc0f1d7892e13f9f84
1,20260810T084554Z_652061b694fc_stage08_b05_formal_85610006,formal,20260810T084554Z,652061b694fcdb9a4b0958a6c90f43d6801d64a7,false,stage08_b05_detrend_scales_v1,0df01b630b33511278bbe1cfc336a8f8751115a0ceef05ec33fd2aaac9c7793c,operator,detrend,NA,NA,detrend,detrend__detrend_int32_10e2__463abaac4ef6945f,detrend_int32_10e2,10^2,100,x=[100],INT32,CPU,not_applicable,compatibility/end-to-end,PASS,OK,20,100,10,0.00357,true,463abaac4ef6945f7aa70dbd597e643439e62d8634e3d9b684f0600a805abd17,01a06a808065f0ce3dcdf5e9d2cf65b491c96f41672b62bc0f1d7892e13f9f84
1,20260810T084554Z_652061b694fc_stage08_b05_formal_85610006,formal,20260810T084554Z,652061b694fcdb9a4b0958a6c90f43d6801d64a7,false,stage08_b05_detrend_scales_v1,0df01b630b33511278bbe1cfc336a8f8751115a0ceef05ec33fd2aaac9c7793c,operator,detrend,NA,NA,detrend,detrend__detrend_int32_10e2__463abaac4ef6945f,detrend_int32_10e2,10^2,100,x=[100],INT32,CPU,not_applicable,compatibility/end-to-end,PASS,OK,20,100,11,0.00358,true,463abaac4ef6945f7aa70dbd597e643439e62d8634e3d9b684f0600a805abd17,01a06a808065f0ce3dcdf5e9d2cf65b491c96f41672b62bc0f1d7892e13f9f84
1,20260810T084554Z_652061b694fc_stage08_b05_formal_85610006,formal,20260810T084554Z,652061b694fcdb9a4b0958a6c90f43d6801d64a7,false,stage08_b05_detrend_scales_v1,0df01b630b33511278bbe1cfc336a8f8751115a0ceef05ec33fd2aaac9c7793c,operator,detrend,NA,NA,detrend,detrend__detrend_int32_10e2__463abaac4ef6945f,detrend_int32_10e2,10^2,100,x=[100],INT32,CPU,not_applicable,compatibility/end-to-end,PASS,OK,20,100,12,0.00356,true,463abaac4ef6945f7aa70dbd597e643439e62d8634e3d9b684f0600a805abd17,01a06a808065f0ce3dcdf5e9d2cf65b491c96f41672b62bc0f1d7892e13f9f84
1,20260810T084554Z_652061b694fc_stage08_b05_formal_85610006,formal,20260810T084554Z,652061b694fcdb9a4b0958a6c90f43d6801d64a7,false,stage08_b05_detrend_scales_v1,0df01b630b33511278bbe1cfc336a8f8751115a0ceef05ec33fd2aaac9c7793c,operator,detrend,NA,NA,detrend,detrend__detrend_int32_10e2__463abaac4ef6945f,detrend_int32_10e2,10^2,100,x=[100],INT32,CPU,not_applicable,compatibility/end-to-end,PASS,OK,20,100,13,0.00356,true,463abaac4ef6945f7aa70dbd597e643439e62d8634e3d9b684f0600a805abd17,01a06a808065f0ce3dcdf5e9d2cf65b491c96f41672b62bc0f1d7892e13f9f84
1,20260810T084554Z_652061b694fc_stage08_b05_formal_85610006,formal,20260810T084554Z,652061b694fcdb9a4b0958a6c90f43d6801d64a7,false,stage08_b05_detrend_scales_v1,0df01b630b33511278bbe1cfc336a8f8751115a0ceef05ec33fd2aaac9c7793c,operator,detrend,NA,NA,detrend,detrend__detrend_int32_10e2__463abaac4ef6945f,detrend_int32_10e2,10^2,100,x=[100],INT32,CPU,not_applicable,compatibility/end-to-end,PASS,OK,20,100,14,0.00358,true,463abaac4ef6945f7aa70dbd597e643439e62d8634e3d9b684f0600a805abd17,01a06a808065f0ce3dcdf5e9d2cf65b491c96f41672b62bc0f1d7892e13f9f84
1,20260810T084554Z_652061b694fc_stage08_b05_formal_85610006,formal,20260810T084554Z,652061b694fcdb9a4b0958a6c90f43d6801d64a7,false,stage08_b05_detrend_scales_v1,0df01b630b33511278bbe1cfc336a8f8751115a0ceef05ec33fd2aaac9c7793c,operator,detrend,NA,NA,detrend,detrend__detrend_int32_10e2__463abaac4ef6945f,detrend_int32_10e2,10^2,100,x=[100],INT32,CPU,not_applicable,compatibility/end-to-end,PASS,OK,20,100,15,0.00357,true,463abaac4ef6945f7aa70dbd597e643439e62d8634e3d9b684f0600a805abd17,01a06a808065f0ce3dcdf5e9d2cf65b491c96f41672b62bc0f1d7892e13f9f84
1,20260810T084554Z_652061b694fc_stage08_b05_formal_85610006,formal,20260810T084554Z,652061b694fcdb9a4b0958a6c90f43d6801d64a7,false,stage08_b05_detrend_scales_v1,0df01b630b33511278bbe1cfc336a8f8751115a0ceef05ec33fd2aaac9c7793c,operator,detrend,NA,NA,detrend,detrend__detrend_int32_10e2__463abaac4ef6945f,detrend_int32_10e2,10^2,100,x=[100],INT32,CPU,not_applicable,compatibility/end-to-end,PASS,OK,20,100,16,0.00359,true,463abaac4ef6945f7aa70dbd597e643439e62d8634e3d9b684f0600a805abd17,01a06a808065f0ce3dcdf5e9d2cf65b491c96f41672b62bc0f1d7892e13f9f84
1,20260810T084554Z_652061b694fc_stage08_b05_formal_85610006,formal,20260810T084554Z,652061b694fcdb9a4b0958a6c90f43d6801d64a7,false,stage08_b05_detrend_scales_v1,0df01b630b33511278bbe1cfc336a8f8751115a0ceef05ec33fd2aaac9c7793c,operator,detrend,NA,NA,detrend,detrend__detrend_int32_10e2__463abaac4ef6945f,detrend_int32_10e2,10^2,100,x=[100],INT32,CPU,not_applicable,compatibility/end-to-end,PASS,OK,20,100,17,0.00357,true,463abaac4ef6945f7aa70dbd597e643439e62d8634e3d9b684f0600a805abd17,01a06a808065f0ce3dcdf5e9d2cf65b491c96f41672b62bc0f1d7892e13f9f84
1,20260810T084554Z_652061b694fc_stage08_b05_formal_85610006,formal,20260810T084554Z,652061b694fcdb9a4b0958a6c90f43d6801d64a7,false,stage08_b05_detrend_scales_v1,0df01b630b33511278bbe1cfc336a8f8751115a0ceef05ec33fd2aaac9c7793c,operator,detrend,NA,NA,detrend,detrend__detrend_int32_10e2__463abaac4ef6945f,detrend_int32_10e2,10^2,100,x=[100],INT32,CPU,not_applicable,compatibility/end-to-end,PASS,OK,20,100,18,0.00356,true,463abaac4ef6945f7aa70dbd597e643439e62d8634e3d9b684f0600a805abd17,01a06a808065f0ce3dcdf5e9d2cf65b491c96f41672b62bc0f1d7892e13f9f84
1,20260810T084554Z_652061b694fc_stage08_b05_formal_85610006,formal,20260810T084554Z,652061b694fcdb9a4b0958a6c90f43d6801d64a7,false,stage08_b05_detrend_scales_v1,0df01b630b33511278bbe1cfc336a8f8751115a0ceef05ec33fd2aaac9c7793c,operator,detrend,NA,NA,detrend,detrend__detrend_int32_10e2__463abaac4ef6945f,detrend_int32_10e2,10^2,100,x=[100],INT32,CPU,not_applicable,compatibility/end-to-end,PASS,OK,20,100,19,0.00356,true,463abaac4ef6945f7aa70dbd597e643439e62d8634e3d9b684f0600a805abd17,01a06a808065f0ce3dcdf5e9d2cf65b491c96f41672b62bc0f1d7892e13f9f84
1,20260810T084554Z_652061b694fc_stage08_b05_formal_85610006,formal,20260810T084554Z,652061b694fcdb9a4b0958a6c90f43d6801d64a7,false,stage08_b05_detrend_scales_v1,0df01b630b33511278bbe1cfc336a8f8751115a0ceef05ec33fd2aaac9c7793c,operator,detrend,NA,NA,detrend,detrend__detrend_int32_10e2__463abaac4ef6945f,detrend_int32_10e2,10^2,100,x=[100],INT32,CPU,not_applicable,compatibility/end-to-end,PASS,OK,20,100,20,0.00356,true,463abaac4ef6945f7aa70dbd597e643439e62d8634e3d9b684f0600a805abd17,01a06a808065f0ce3dcdf5e9d2cf65b491c96f41672b62bc0f1d7892e13f9f84
1,20260810T084554Z_652061b694fc_stage08_b05_formal_85610006,formal,20260810T084554Z,652061b694fcdb9a4b0958a6c90f43d6801d64a7,false,stage08_b05_detrend_scales_v1,0df01b630b33511278bbe1cfc336a8f8751115a0ceef05ec33fd2aaac9c7793c,operator,detrend,NA,NA,detrend,detrend__detrend_int32_10e2__463abaac4ef6945f,detrend_int32_10e2,10^2,100,x=[100],INT32,CPU,not_applicable,compatibility/end-to-end,PASS,OK,20,100,21,0.00361,true,463abaac4ef6945f7aa70dbd597e643439e62d8634e3d9b684f0600a805abd17,01a06a808065f0ce3dcdf5e9d2cf65b491c96f41672b62bc0f1d7892e13f9f84
1,20260810T084554Z_652061b694fc_stage08_b05_formal_85610006,formal,20260810T084554Z,652061b694fcdb9a4b0958a6c90f43d6801d64a7,false,stage08_b05_detrend_scales_v1,0df01b630b33511278bbe1cfc336a8f8751115a0ceef05ec33fd2aaac9c7793c,operator,detrend,NA,NA,detrend,detrend__detrend_int32_10e2__463abaac4ef6945f,detrend_int32_10e2,10^2,100,x=[100],INT32,CPU,not_applicable,compatibility/end-to-end,PASS,OK,20,100,22,0.00359,true,463abaac4ef6945f7aa70dbd597e643439e62d8634e3d9b684f0600a805abd17,01a06a808065f0ce3dcdf5e9d2cf65b491c96f41672b62bc0f1d7892e13f9f84
1,20260810T084554Z_652061b694fc_stage08_b05_formal_85610006,formal,20260810T084554Z,652061b694fcdb9a4b0958a6c90f43d6801d64a7,false,stage08_b05_detrend_scales_v1,0df01b630b33511278bbe1cfc336a8f8751115a0ceef05ec33fd2aaac9c7793c,operator,detrend,NA,NA,detrend,detrend__detrend_int32_10e2__463abaac4ef6945f,detrend_int32_10e2,10^2,100,x=[100],INT32,CPU,not_applicable,compatibility/end-to-end,PASS,OK,20,100,23,0.00358,true,463abaac4ef6945f7aa70dbd597e643439e62d8634e3d9b684f0600a805abd17,01a06a808065f0ce3dcdf5e9d2cf65b491c96f41672b62bc0f1d7892e13f9f84
1,20260810T084554Z_652061b694fc_stage08_b05_formal_85610006,formal,20260810T084554Z,652061b694fcdb9a4b0958a6c90f43d6801d64a7,false,stage08_b05_detrend_scales_v1,0df01b630b33511278bbe1cfc336a8f8751115a0ceef05ec33fd2aaac9c7793c,operator,detrend,NA,NA,detrend,detrend__detrend_int32_10e2__463abaac4ef6945f,detrend_int32_10e2,10^2,100,x=[100],INT32,CPU,not_applicable,compatibility/end-to-end,PASS,OK,20,100,24,0.00356,true,463abaac4ef6945f7aa70dbd597e643439e62d8634e3d9b684f0600a805abd17,01a06a808065f0ce3dcdf5e9d2cf65b491c96f41672b62bc0f1d7892e13f9f84
1,20260810T084554Z_652061b694fc_stage08_b05_formal_85610006,formal,20260810T084554Z,652061b694fcdb9a4b0958a6c90f43d6801d64a7,false,stage08_b05_detrend_scales_v1,0df01b630b33511278bbe1cfc336a8f8751115a0ceef05ec33fd2aaac9c7793c,operator,detrend,NA,NA,detrend,detrend__detrend_int32_10e2__463abaac4ef6945f,detrend_int32_10e2,10^2,100,x=[100],INT32,CPU,not_applicable,compatibility/end-to-end,PASS,OK,20,100,25,0.00356,true,463abaac4ef6945f7aa70dbd597e643439e62d8634e3d9b684f0600a805abd17,01a06a808065f0ce3dcdf5e9d2cf65b491c96f41672b62bc0f1d7892e13f9f84
1,20260810T084554Z_652061b694fc_stage08_b05_formal_85610006,formal,20260810T084554Z,652061b694fcdb9a4b0958a6c90f43d6801d64a7,false,stage08_b05_detrend_scales_v1,0df01b630b33511278bbe1cfc336a8f8751115a0ceef05ec33fd2aaac9c7793c,operator,detrend,NA,NA,detrend,detrend__detrend_int32_10e2__463abaac4ef6945f,detrend_int32_10e2,10^2,100,x=[100],INT32,CPU,not_applicable,compatibility/end-to-end,PASS,OK,20,100,26,0.00357,true,463abaac4ef6945f7aa70dbd597e643439e62d8634e3d9b684f0600a805abd17,01a06a808065f0ce3dcdf5e9d2cf65b491c96f41672b62bc0f1d7892e13f9f84
1,20260810T084554Z_652061b694fc_stage08_b05_formal_85610006,formal,20260810T084554Z,652061b694fcdb9a4b0958a6c90f43d6801d64a7,false,stage08_b05_detrend_scales_v1,0df01b630b33511278bbe1cfc336a8f8751115a0ceef05ec33fd2aaac9c7793c,operator,detrend,NA,NA,detrend,detrend__detrend_int32_10e2__463abaac4ef6945f,detrend_int32_10e2,10^2,100,x=[100],INT32,CPU,not_applicable,compatibility/end-to-end,PASS,OK,20,100,27,0.00355,true,463abaac4ef6945f7aa70dbd597e643439e62d8634e3d9b684f0600a805abd17,01a06a808065f0ce3dcdf5e9d2cf65b491c96f41672b62bc0f1d7892e13f9f84
1,20260810T084554Z_652061b694fc_stage08_b05_formal_85610006,formal,20260810T084554Z,652061b694fcdb9a4b0958a6c90f43d6801d64a7,false,stage08_b05_detrend_scales_v1,0df01b630b33511278bbe1cfc336a8f8751115a0ceef05ec33fd2aaac9c7793c,operator,detrend,NA,NA,detrend,detrend__detrend_int32_10e2__463abaac4ef6945f,detrend_int32_10e2,10^2,100,x=[100],INT32,CPU,not_applicable,compatibility/end-to-end,PASS,OK,20,100,28,0.00358,true,463abaac4ef6945f7aa70dbd597e643439e62d8634e3d9b684f0600a805abd17,01a06a808065f0ce3dcdf5e9d2cf65b491c96f41672b62bc0f1d7892e13f9f84
1,20260810T084554Z_652061b694fc_stage08_b05_formal_85610006,formal,20260810T084554Z,652061b694fcdb9a4b0958a6c90f43d6801d64a7,false,stage08_b05_detrend_scales_v1,0df01b630b33511278bbe1cfc336a8f8751115a0ceef05ec33fd2aaac9c7793c,operator,detrend,NA,NA,detrend,detrend__detrend_int32_10e2__463abaac4ef6945f,detrend_int32_10e2,10^2,100,x=[100],INT32,CPU,not_applicable,compatibility/end-to-end,PASS,OK,20,100,29,0.00357,true,463abaac4ef6945f7aa70dbd597e643439e62d8634e3d9b684f0600a805abd17,01a06a808065f0ce3dcdf5e9d2cf65b491c96f41672b62bc0f1d7892e13f9f84
1,20260810T084554Z_652061b694fc_stage08_b05_formal_85610006,formal,20260810T084554Z,652061b694fcdb9a4b0958a6c90f43d6801d64a7,false,stage08_b05_detrend_scales_v1,0df01b630b33511278bbe1cfc336a8f8751115a0ceef05ec33fd2aaac9c7793c,operator,detrend,NA,NA,detrend,detrend__detrend_int32_10e2__463abaac4ef6945f,detrend_int32_10e2,10^2,100,x=[100],INT32,CPU,not_applicable,compatibility/end-to-end,PASS,OK,20,100,30,0.00358,true,463abaac4ef6945f7aa70dbd597e643439e62d8634e3d9b684f0600a805abd17,01a06a808065f0ce3dcdf5e9d2cf65b491c96f41672b62bc0f1d7892e13f9f84
1,20260810T084554Z_652061b694fc_stage08_b05_formal_85610006,formal,20260810T084554Z,652061b694fcdb9a4b0958a6c90f43d6801d64a7,false,stage08_b05_detrend_scales_v1,0df01b630b33511278bbe1cfc336a8f8751115a0ceef05ec33fd2aaac9c7793c,operator,detrend,NA,NA,detrend,detrend__detrend_int32_10e2__463abaac4ef6945f,detrend_int32_10e2,10^2,100,x=[100],INT32,CPU,not_applicable,compatibility/end-to-end,PASS,OK,20,100,31,0.00363,true,463abaac4ef6945f7aa70dbd597e643439e62d8634e3d9b684f0600a805abd17,01a06a808065f0ce3dcdf5e9d2cf65b491c96f41672b62bc0f1d7892e13f9f84
1,20260810T084554Z_652061b694fc_stage08_b05_formal_85610006,formal,20260810T084554Z,652061b694fcdb9a4b0958a6c90f43d6801d64a7,false,stage08_b05_detrend_scales_v1,0df01b630b33511278bbe1cfc336a8f8751115a0ceef05ec33fd2aaac9c7793c,operator,detrend,NA,NA,detrend,detrend__detrend_int32_10e2__463abaac4ef6945f,detrend_int32_10e2,10^2,100,x=[100],INT32,CPU,not_applicable,compatibility/end-to-end,PASS,OK,20,100,32,0.00358,true,463abaac4ef6945f7aa70dbd597e643439e62d8634e3d9b684f0600a805abd17,01a06a808065f0ce3dcdf5e9d2cf65b491c96f41672b62bc0f1d7892e13f9f84
1,20260810T084554Z_652061b694fc_stage08_b05_formal_85610006,formal,20260810T084554Z,652061b694fcdb9a4b0958a6c90f43d6801d64a7,false,stage08_b05_detrend_scales_v1,0df01b630b33511278bbe1cfc336a8f8751115a0ceef05ec33fd2aaac9c7793c,operator,detrend,NA,NA,detrend,detrend__detrend_int32_10e2__463abaac4ef6945f,detrend_int32_10e2,10^2,100,x=[100],INT32,CPU,not_applicable,compatibility/end-to-end,PASS,OK,20,100,33,0.00375,true,463abaac4ef6945f7aa70dbd597e643439e62d8634e3d9b684f0600a805abd17,01a06a808065f0ce3dcdf5e9d2cf65b491c96f41672b62bc0f1d7892e13f9f84
1,20260810T084554Z_652061b694fc_stage08_b05_formal_85610006,formal,20260810T084554Z,652061b694fcdb9a4b0958a6c90f43d6801d64a7,false,stage08_b05_detrend_scales_v1,0df01b630b33511278bbe1cfc336a8f8751115a0ceef05ec33fd2aaac9c7793c,operator,detrend,NA,NA,detrend,detrend__detrend_int32_10e2__463abaac4ef6945f,detrend_int32_10e2,10^2,100,x=[100],INT32,CPU,not_applicable,compatibility/end-to-end,PASS,OK,20,100,34,0.0036,true,463abaac4ef6945f7aa70dbd597e643439e62d8634e3d9b684f0600a805abd17,01a06a808065f0ce3dcdf5e9d2cf65b491c96f41672b62bc0f1d7892e13f9f84
1,20260810T084554Z_652061b694fc_stage08_b05_formal_85610006,formal,20260810T084554Z,652061b694fcdb9a4b0958a6c90f43d6801d64a7,false,stage08_b05_detrend_scales_v1,0df01b630b33511278bbe1cfc336a8f8751115a0ceef05ec33fd2aaac9c7793c,operator,detrend,NA,NA,detrend,detrend__detrend_int32_10e2__463abaac4ef6945f,detrend_int32_10e2,10^2,100,x=[100],INT32,CPU,not_applicable,compatibility/end-to-end,PASS,OK,20,100,35,0.00358,true,463abaac4ef6945f7aa70dbd597e643439e62d8634e3d9b684f0600a805abd17,01a06a808065f0ce3dcdf5e9d2cf65b491c96f41672b62bc0f1d7892e13f9f84
1,20260810T084554Z_652061b694fc_stage08_b05_formal_85610006,formal,20260810T084554Z,652061b694fcdb9a4b0958a6c90f43d6801d64a7,false,stage08_b05_detrend_scales_v1,0df01b630b33511278bbe1cfc336a8f8751115a0ceef05ec33fd2aaac9c7793c,operator,detrend,NA,NA,detrend,detrend__detrend_int32_10e2__463abaac4ef6945f,detrend_int32_10e2,10^2,100,x=[100],INT32,CPU,not_applicable,compatibility/end-to-end,PASS,OK,20,100,36,0.00359,true,463abaac4ef6945f7aa70dbd597e643439e62d8634e3d9b684f0600a805abd17,01a06a808065f0ce3dcdf5e9d2cf65b491c96f41672b62bc0f1d7892e13f9f84
1,20260810T084554Z_652061b694fc_stage08_b05_formal_85610006,formal,20260810T084554Z,652061b694fcdb9a4b0958a6c90f43d6801d64a7,false,stage08_b05_detrend_scales_v1,0df01b630b33511278bbe1cfc336a8f8751115a0ceef05ec33fd2aaac9c7793c,operator,detrend,NA,NA,detrend,detrend__detrend_int32_10e2__463abaac4ef6945f,detrend_int32_10e2,10^2,100,x=[100],INT32,CPU,not_applicable,compatibility/end-to-end,PASS,OK,20,100,37,0.00359,true,463abaac4ef6945f7aa70dbd597e643439e62d8634e3d9b684f0600a805abd17,01a06a808065f0ce3dcdf5e9d2cf65b491c96f41672b62bc0f1d7892e13f9f84
1,20260810T084554Z_652061b694fc_stage08_b05_formal_85610006,formal,20260810T084554Z,652061b694fcdb9a4b0958a6c90f43d6801d64a7,false,stage08_b05_detrend_scales_v1,0df01b630b33511278bbe1cfc336a8f8751115a0ceef05ec33fd2aaac9c7793c,operator,detrend,NA,NA,detrend,detrend__detrend_int32_10e2__463abaac4ef6945f,detrend_int32_10e2,10^2,100,x=[100],INT32,CPU,not_applicable,compatibility/end-to-end,PASS,OK,20,100,38,0.00355,true,463abaac4ef6945f7aa70dbd597e643439e62d8634e3d9b684f0600a805abd17,01a06a808065f0ce3dcdf5e9d2cf65b491c96f41672b62bc0f1d7892e13f9f84
1,20260810T084554Z_652061b694fc_stage08_b05_formal_85610006,formal,20260810T084554Z,652061b694fcdb9a4b0958a6c90f43d6801d64a7,false,stage08_b05_detrend_scales_v1,0df01b630b33511278bbe1cfc336a8f8751115a0ceef05ec33fd2aaac9c7793c,operator,detrend,NA,NA,detrend,detrend__detrend_int32_10e2__463abaac4ef6945f,detrend_int32_10e2,10^2,100,x=[100],INT32,CPU,not_applicable,compatibility/end-to-end,PASS,OK,20,100,39,0.00358,true,463abaac4ef6945f7aa70dbd597e643439e62d8634e3d9b684f0600a805abd17,01a06a808065f0ce3dcdf5e9d2cf65b491c96f41672b62bc0f1d7892e13f9f84
1,20260810T084554Z_652061b694fc_stage08_b05_formal_85610006,formal,20260810T084554Z,652061b694fcdb9a4b0958a6c90f43d6801d64a7,false,stage08_b05_detrend_scales_v1,0df01b630b33511278bbe1cfc336a8f8751115a0ceef05ec33fd2aaac9c7793c,operator,detrend,NA,NA,detrend,detrend__detrend_int32_10e2__463abaac4ef6945f,detrend_int32_10e2,10^2,100,x=[100],INT32,CPU,not_applicable,compatibility/end-to-end,PASS,OK,20,100,40,0.00359,true,463abaac4ef6945f7aa70dbd597e643439e62d8634e3d9b684f0600a805abd17,01a06a808065f0ce3dcdf5e9d2cf65b491c96f41672b62bc0f1d7892e13f9f84
1,20260810T084554Z_652061b694fc_stage08_b05_formal_85610006,formal,20260810T084554Z,652061b694fcdb9a4b0958a6c90f43d6801d64a7,false,stage08_b05_detrend_scales_v1,0df01b630b33511278bbe1cfc336a8f8751115a0ceef05ec33fd2aaac9c7793c,operator,detrend,NA,NA,detrend,detrend__detrend_int32_10e2__463abaac4ef6945f,detrend_int32_10e2,10^2,100,x=[100],INT32,CPU,not_applicable,compatibility/end-to-end,PASS,OK,20,100,41,0.00359,true,463abaac4ef6945f7aa70dbd597e643439e62d8634e3d9b684f0600a805abd17,01a06a808065f0ce3dcdf5e9d2cf65b491c96f41672b62bc0f1d7892e13f9f84
1,20260810T084554Z_652061b694fc_stage08_b05_formal_85610006,formal,20260810T084554Z,652061b694fcdb9a4b0958a6c90f43d6801d64a7,false,stage08_b05_detrend_scales_v1,0df01b630b33511278bbe1cfc336a8f8751115a0ceef05ec33fd2aaac9c7793c,operator,detrend,NA,NA,detrend,detrend__detrend_int32_10e2__463abaac4ef6945f,detrend_int32_10e2,10^2,100,x=[100],INT32,CPU,not_applicable,compatibility/end-to-end,PASS,OK,20,100,42,0.00358,true,463abaac4ef6945f7aa70dbd597e643439e62d8634e3d9b684f0600a805abd17,01a06a808065f0ce3dcdf5e9d2cf65b491c96f41672b62bc0f1d7892e13f9f84
1,20260810T084554Z_652061b694fc_stage08_b05_formal_85610006,formal,20260810T084554Z,652061b694fcdb9a4b0958a6c90f43d6801d64a7,false,stage08_b05_detrend_scales_v1,0df01b630b33511278bbe1cfc336a8f8751115a0ceef05ec33fd2aaac9c7793c,operator,detrend,NA,NA,detrend,detrend__detrend_int32_10e2__463abaac4ef6945f,detrend_int32_10e2,10^2,100,x=[100],INT32,CPU,not_applicable,compatibility/end-to-end,PASS,OK,20,100,43,0.00358,true,463abaac4ef6945f7aa70dbd597e643439e62d8634e3d9b684f0600a805abd17,01a06a808065f0ce3dcdf5e9d2cf65b491c96f41672b62bc0f1d7892e13f9f84
1,20260810T084554Z_652061b694fc_stage08_b05_formal_85610006,formal,20260810T084554Z,652061b694fcdb9a4b0958a6c90f43d6801d64a7,false,stage08_b05_detrend_scales_v1,0df01b630b33511278bbe1cfc336a8f8751115a0ceef05ec33fd2aaac9c7793c,operator,detrend,NA,NA,detrend,detrend__detrend_int32_10e2__463abaac4ef6945f,detrend_int32_10e2,10^2,100,x=[100],INT32,CPU,not_applicable,compatibility/end-to-end,PASS,OK,20,100,44,0.00358,true,463abaac4ef6945f7aa70dbd597e643439e62d8634e3d9b684f0600a805abd17,01a06a808065f0ce3dcdf5e9d2cf65b491c96f41672b62bc0f1d7892e13f9f84
1,20260810T084554Z_652061b694fc_stage08_b05_formal_85610006,formal,20260810T084554Z,652061b694fcdb9a4b0958a6c90f43d6801d64a7,false,stage08_b05_detrend_scales_v1,0df01b630b33511278bbe1cfc336a8f8751115a0ceef05ec33fd2aaac9c7793c,operator,detrend,NA,NA,detrend,detrend__detrend_int32_10e2__463abaac4ef6945f,detrend_int32_10e2,10^2,100,x=[100],INT32,CPU,not_applicable,compatibility/end-to-end,PASS,OK,20,100,45,0.00357,true,463abaac4ef6945f7aa70dbd597e643439e62d8634e3d9b684f0600a805abd17,01a06a808065f0ce3dcdf5e9d2cf65b491c96f41672b62bc0f1d7892e13f9f84
1,20260810T084554Z_652061b694fc_stage08_b05_formal_85610006,formal,20260810T084554Z,652061b694fcdb9a4b0958a6c90f43d6801d64a7,false,stage08_b05_detrend_scales_v1,0df01b630b33511278bbe1cfc336a8f8751115a0ceef05ec33fd2aaac9c7793c,operator,detrend,NA,NA,detrend,detrend__detrend_int32_10e2__463abaac4ef6945f,detrend_int32_10e2,10^2,100,x=[100],INT32,CPU,not_applicable,compatibility/end-to-end,PASS,OK,20,100,46,0.00357,true,463abaac4ef6945f7aa70dbd597e643439e62d8634e3d9b684f0600a805abd17,01a06a808065f0ce3dcdf5e9d2cf65b491c96f41672b62bc0f1d7892e13f9f84
1,20260810T084554Z_652061b694fc_stage08_b05_formal_85610006,formal,20260810T084554Z,652061b694fcdb9a4b0958a6c90f43d6801d64a7,false,stage08_b05_detrend_scales_v1,0df01b630b33511278bbe1cfc336a8f8751115a0ceef05ec33fd2aaac9c7793c,operator,detrend,NA,NA,detrend,detrend__detrend_int32_10e2__463abaac4ef6945f,detrend_int32_10e2,10^2,100,x=[100],INT32,CPU,not_applicable,compatibility/end-to-end,PASS,OK,20,100,47,0.00357,true,463abaac4ef6945f7aa70dbd597e643439e62d8634e3d9b684f0600a805abd17,01a06a808065f0ce3dcdf5e9d2cf65b491c96f41672b62bc0f1d7892e13f9f84
1,20260810T084554Z_652061b694fc_stage08_b05_formal_85610006,formal,20260810T084554Z,652061b694fcdb9a4b0958a6c90f43d6801d64a7,false,stage08_b05_detrend_scales_v1,0df01b630b33511278bbe1cfc336a8f8751115a0ceef05ec33fd2aaac9c7793c,operator,detrend,NA,NA,detrend,detrend__detrend_int32_10e2__463abaac4ef6945f,detrend_int32_10e2,10^2,100,x=[100],INT32,CPU,not_applicable,compatibility/end-to-end,PASS,OK,20,100,48,0.0036,true,463abaac4ef6945f7aa70dbd597e643439e62d8634e3d9b684f0600a805abd17,01a06a808065f0ce3dcdf5e9d2cf65b491c96f41672b62bc0f1d7892e13f9f84
1,20260810T084554Z_652061b694fc_stage08_b05_formal_85610006,formal,20260810T084554Z,652061b694fcdb9a4b0958a6c90f43d6801d64a7,false,stage08_b05_detrend_scales_v1,0df01b630b33511278bbe1cfc336a8f8751115a0ceef05ec33fd2aaac9c7793c,operator,detrend,NA,NA,detrend,detrend__detrend_int32_10e2__463abaac4ef6945f,detrend_int32_10e2,10^2,100,x=[100],INT32,CPU,not_applicable,compatibility/end-to-end,PASS,OK,20,100,49,0.00359,true,463abaac4ef6945f7aa70dbd597e643439e62d8634e3d9b684f0600a805abd17,01a06a808065f0ce3dcdf5e9d2cf65b491c96f41672b62bc0f1d7892e13f9f84
1,20260810T084554Z_652061b694fc_stage08_b05_formal_85610006,formal,20260810T084554Z,652061b694fcdb9a4b0958a6c90f43d6801d64a7,false,stage08_b05_detrend_scales_v1,0df01b630b33511278bbe1cfc336a8f8751115a0ceef05ec33fd2aaac9c7793c,operator,detrend,NA,NA,detrend,detrend__detrend_int32_10e2__463abaac4ef6945f,detrend_int32_10e2,10^2,100,x=[100],INT32,CPU,not_applicable,compatibility/end-to-end,PASS,OK,20,100,50,0.0036,true,463abaac4ef6945f7aa70dbd597e643439e62d8634e3d9b684f0600a805abd17,01a06a808065f0ce3dcdf5e9d2cf65b491c96f41672b62bc0f1d7892e13f9f84
1,20260810T084554Z_652061b694fc_stage08_b05_formal_85610006,formal,20260810T084554Z,652061b694fcdb9a4b0958a6c90f43d6801d64a7,false,stage08_b05_detrend_scales_v1,0df01b630b33511278bbe1cfc336a8f8751115a0ceef05ec33fd2aaac9c7793c,operator,detrend,NA,NA,detrend,detrend__detrend_int32_10e2__463abaac4ef6945f,detrend_int32_10e2,10^2,100,x=[100],INT32,CPU,not_applicable,compatibility/end-to-end,PASS,OK,20,100,51,0.003561,true,463abaac4ef6945f7aa70dbd597e643439e62d8634e3d9b684f0600a805abd17,01a06a808065f0ce3dcdf5e9d2cf65b491c96f41672b62bc0f1d7892e13f9f84
1,20260810T084554Z_652061b694fc_stage08_b05_formal_85610006,formal,20260810T084554Z,652061b694fcdb9a4b0958a6c90f43d6801d64a7,false,stage08_b05_detrend_scales_v1,0df01b630b33511278bbe1cfc336a8f8751115a0ceef05ec33fd2aaac9c7793c,operator,detrend,NA,NA,detrend,detrend__detrend_int32_10e2__463abaac4ef6945f,detrend_int32_10e2,10^2,100,x=[100],INT32,CPU,not_applicable,compatibility/end-to-end,PASS,OK,20,100,52,0.00357,true,463abaac4ef6945f7aa70dbd597e643439e62d8634e3d9b684f0600a805abd17,01a06a808065f0ce3dcdf5e9d2cf65b491c96f41672b62bc0f1d7892e13f9f84
1,20260810T084554Z_652061b694fc_stage08_b05_formal_85610006,formal,20260810T084554Z,652061b694fcdb9a4b0958a6c90f43d6801d64a7,false,stage08_b05_detrend_scales_v1,0df01b630b33511278bbe1cfc336a8f8751115a0ceef05ec33fd2aaac9c7793c,operator,detrend,NA,NA,detrend,detrend__detrend_int32_10e2__463abaac4ef6945f,detrend_int32_10e2,10^2,100,x=[100],INT32,CPU,not_applicable,compatibility/end-to-end,PASS,OK,20,100,53,0.00356,true,463abaac4ef6945f7aa70dbd597e643439e62d8634e3d9b684f0600a805abd17,01a06a808065f0ce3dcdf5e9d2cf65b491c96f41672b62bc0f1d7892e13f9f84
1,20260810T084554Z_652061b694fc_stage08_b05_formal_85610006,formal,20260810T084554Z,652061b694fcdb9a4b0958a6c90f43d6801d64a7,false,stage08_b05_detrend_scales_v1,0df01b630b33511278bbe1cfc336a8f8751115a0ceef05ec33fd2aaac9c7793c,operator,detrend,NA,NA,detrend,detrend__detrend_int32_10e2__463abaac4ef6945f,detrend_int32_10e2,10^2,100,x=[100],INT32,CPU,not_applicable,compatibility/end-to-end,PASS,OK,20,100,54,0.00358,true,463abaac4ef6945f7aa70dbd597e643439e62d8634e3d9b684f0600a805abd17,01a06a808065f0ce3dcdf5e9d2cf65b491c96f41672b62bc0f1d7892e13f9f84
1,20260810T084554Z_652061b694fc_stage08_b05_formal_85610006,formal,20260810T084554Z,652061b694fcdb9a4b0958a6c90f43d6801d64a7,false,stage08_b05_detrend_scales_v1,0df01b630b33511278bbe1cfc336a8f8751115a0ceef05ec33fd2aaac9c7793c,operator,detrend,NA,NA,detrend,detrend__detrend_int32_10e2__463abaac4ef6945f,detrend_int32_10e2,10^2,100,x=[100],INT32,CPU,not_applicable,compatibility/end-to-end,PASS,OK,20,100,55,0.00358,true,463abaac4ef6945f7aa70dbd597e643439e62d8634e3d9b684f0600a805abd17,01a06a808065f0ce3dcdf5e9d2cf65b491c96f41672b62bc0f1d7892e13f9f84
1,20260810T084554Z_652061b694fc_stage08_b05_formal_85610006,formal,20260810T084554Z,652061b694fcdb9a4b0958a6c90f43d6801d64a7,false,stage08_b05_detrend_scales_v1,0df01b630b33511278bbe1cfc336a8f8751115a0ceef05ec33fd2aaac9c7793c,operator,detrend,NA,NA,detrend,detrend__detrend_int32_10e2__463abaac4ef6945f,detrend_int32_10e2,10^2,100,x=[100],INT32,CPU,not_applicable,compatibility/end-to-end,PASS,OK,20,100,56,0.00356,true,463abaac4ef6945f7aa70dbd597e643439e62d8634e3d9b684f0600a805abd17,01a06a808065f0ce3dcdf5e9d2cf65b491c96f41672b62bc0f1d7892e13f9f84
1,20260810T084554Z_652061b694fc_stage08_b05_formal_85610006,formal,20260810T084554Z,652061b694fcdb9a4b0958a6c90f43d6801d64a7,false,stage08_b05_detrend_scales_v1,0df01b630b33511278bbe1cfc336a8f8751115a0ceef05ec33fd2aaac9c7793c,operator,detrend,NA,NA,detrend,detrend__detrend_int32_10e2__463abaac4ef6945f,detrend_int32_10e2,10^2,100,x=[100],INT32,CPU,not_applicable,compatibility/end-to-end,PASS,OK,20,100,57,0.00357,true,463abaac4ef6945f7aa70dbd597e643439e62d8634e3d9b684f0600a805abd17,01a06a808065f0ce3dcdf5e9d2cf65b491c96f41672b62bc0f1d7892e13f9f84
1,20260810T084554Z_652061b694fc_stage08_b05_formal_85610006,formal,20260810T084554Z,652061b694fcdb9a4b0958a6c90f43d6801d64a7,false,stage08_b05_detrend_scales_v1,0df01b630b33511278bbe1cfc336a8f8751115a0ceef05ec33fd2aaac9c7793c,operator,detrend,NA,NA,detrend,detrend__detrend_int32_10e2__463abaac4ef6945f,detrend_int32_10e2,10^2,100,x=[100],INT32,CPU,not_applicable,compatibility/end-to-end,PASS,OK,20,100,58,0.00356,true,463abaac4ef6945f7aa70dbd597e643439e62d8634e3d9b684f0600a805abd17,01a06a808065f0ce3dcdf5e9d2cf65b491c96f41672b62bc0f1d7892e13f9f84
1,20260810T084554Z_652061b694fc_stage08_b05_formal_85610006,formal,20260810T084554Z,652061b694fcdb9a4b0958a6c90f43d6801d64a7,false,stage08_b05_detrend_scales_v1,0df01b630b33511278bbe1cfc336a8f8751115a0ceef05ec33fd2aaac9c7793c,operator,detrend,NA,NA,detrend,detrend__detrend_int32_10e2__463abaac4ef6945f,detrend_int32_10e2,10^2,100,x=[100],INT32,CPU,not_applicable,compatibility/end-to-end,PASS,OK,20,100,59,0.00357,true,463abaac4ef6945f7aa70dbd597e643439e62d8634e3d9b684f0600a805abd17,01a06a808065f0ce3dcdf5e9d2cf65b491c96f41672b62bc0f1d7892e13f9f84
1,20260810T084554Z_652061b694fc_stage08_b05_formal_85610006,formal,20260810T084554Z,652061b694fcdb9a4b0958a6c90f43d6801d64a7,false,stage08_b05_detrend_scales_v1,0df01b630b33511278bbe1cfc336a8f8751115a0ceef05ec33fd2aaac9c7793c,operator,detrend,NA,NA,detrend,detrend__detrend_int32_10e2__463abaac4ef6945f,detrend_int32_10e2,10^2,100,x=[100],INT32,CPU,not_applicable,compatibility/end-to-end,PASS,OK,20,100,60,0.00357,true,463abaac4ef6945f7aa70dbd597e643439e62d8634e3d9b684f0600a805abd17,01a06a808065f0ce3dcdf5e9d2cf65b491c96f41672b62bc0f1d7892e13f9f84
1,20260810T084554Z_652061b694fc_stage08_b05_formal_85610006,formal,20260810T084554Z,652061b694fcdb9a4b0958a6c90f43d6801d64a7,false,stage08_b05_detrend_scales_v1,0df01b630b33511278bbe1cfc336a8f8751115a0ceef05ec33fd2aaac9c7793c,operator,detrend,NA,NA,detrend,detrend__detrend_int32_10e2__463abaac4ef6945f,detrend_int32_10e2,10^2,100,x=[100],INT32,CPU,not_applicable,compatibility/end-to-end,PASS,OK,20,100,61,0.00358,true,463abaac4ef6945f7aa70dbd597e643439e62d8634e3d9b684f0600a805abd17,01a06a808065f0ce3dcdf5e9d2cf65b491c96f41672b62bc0f1d7892e13f9f84
1,20260810T084554Z_652061b694fc_stage08_b05_formal_85610006,formal,20260810T084554Z,652061b694fcdb9a4b0958a6c90f43d6801d64a7,false,stage08_b05_detrend_scales_v1,0df01b630b33511278bbe1cfc336a8f8751115a0ceef05ec33fd2aaac9c7793c,operator,detrend,NA,NA,detrend,detrend__detrend_int32_10e2__463abaac4ef6945f,detrend_int32_10e2,10^2,100,x=[100],INT32,CPU,not_applicable,compatibility/end-to-end,PASS,OK,20,100,62,0.00356,true,463abaac4ef6945f7aa70dbd597e643439e62d8634e3d9b684f0600a805abd17,01a06a808065f0ce3dcdf5e9d2cf65b491c96f41672b62bc0f1d7892e13f9f84
1,20260810T084554Z_652061b694fc_stage08_b05_formal_85610006,formal,20260810T084554Z,652061b694fcdb9a4b0958a6c90f43d6801d64a7,false,stage08_b05_detrend_scales_v1,0df01b630b33511278bbe1cfc336a8f8751115a0ceef05ec33fd2aaac9c7793c,operator,detrend,NA,NA,detrend,detrend__detrend_int32_10e2__463abaac4ef6945f,detrend_int32_10e2,10^2,100,x=[100],INT32,CPU,not_applicable,compatibility/end-to-end,PASS,OK,20,100,63,0.00357,true,463abaac4ef6945f7aa70dbd597e643439e62d8634e3d9b684f0600a805abd17,01a06a808065f0ce3dcdf5e9d2cf65b491c96f41672b62bc0f1d7892e13f9f84
1,20260810T084554Z_652061b694fc_stage08_b05_formal_85610006,formal,20260810T084554Z,652061b694fcdb9a4b0958a6c90f43d6801d64a7,false,stage08_b05_detrend_scales_v1,0df01b630b33511278bbe1cfc336a8f8751115a0ceef05ec33fd2aaac9c7793c,operator,detrend,NA,NA,detrend,detrend__detrend_int32_10e2__463abaac4ef6945f,detrend_int32_10e2,10^2,100,x=[100],INT32,CPU,not_applicable,compatibility/end-to-end,PASS,OK,20,100,64,0.00358,true,463abaac4ef6945f7aa70dbd597e643439e62d8634e3d9b684f0600a805abd17,01a06a808065f0ce3dcdf5e9d2cf65b491c96f41672b62bc0f1d7892e13f9f84
1,20260810T084554Z_652061b694fc_stage08_b05_formal_85610006,formal,20260810T084554Z,652061b694fcdb9a4b0958a6c90f43d6801d64a7,false,stage08_b05_detrend_scales_v1,0df01b630b33511278bbe1cfc336a8f8751115a0ceef05ec33fd2aaac9c7793c,operator,detrend,NA,NA,detrend,detrend__detrend_int32_10e2__463abaac4ef6945f,detrend_int32_10e2,10^2,100,x=[100],INT32,CPU,not_applicable,compatibility/end-to-end,PASS,OK,20,100,65,0.00365,true,463abaac4ef6945f7aa70dbd597e643439e62d8634e3d9b684f0600a805abd17,01a06a808065f0ce3dcdf5e9d2cf65b491c96f41672b62bc0f1d7892e13f9f84
1,20260810T084554Z_652061b694fc_stage08_b05_formal_85610006,formal,20260810T084554Z,652061b694fcdb9a4b0958a6c90f43d6801d64a7,false,stage08_b05_detrend_scales_v1,0df01b630b33511278bbe1cfc336a8f8751115a0ceef05ec33fd2aaac9c7793c,operator,detrend,NA,NA,detrend,detrend__detrend_int32_10e2__463abaac4ef6945f,detrend_int32_10e2,10^2,100,x=[100],INT32,CPU,not_applicable,compatibility/end-to-end,PASS,OK,20,100,66,0.00361,true,463abaac4ef6945f7aa70dbd597e643439e62d8634e3d9b684f0600a805abd17,01a06a808065f0ce3dcdf5e9d2cf65b491c96f41672b62bc0f1d7892e13f9f84
1,20260810T084554Z_652061b694fc_stage08_b05_formal_85610006,formal,20260810T084554Z,652061b694fcdb9a4b0958a6c90f43d6801d64a7,false,stage08_b05_detrend_scales_v1,0df01b630b33511278bbe1cfc336a8f8751115a0ceef05ec33fd2aaac9c7793c,operator,detrend,NA,NA,detrend,detrend__detrend_int32_10e2__463abaac4ef6945f,detrend_int32_10e2,10^2,100,x=[100],INT32,CPU,not_applicable,compatibility/end-to-end,PASS,OK,20,100,67,0.00358,true,463abaac4ef6945f7aa70dbd597e643439e62d8634e3d9b684f0600a805abd17,01a06a808065f0ce3dcdf5e9d2cf65b491c96f41672b62bc0f1d7892e13f9f84
1,20260810T084554Z_652061b694fc_stage08_b05_formal_85610006,formal,20260810T084554Z,652061b694fcdb9a4b0958a6c90f43d6801d64a7,false,stage08_b05_detrend_scales_v1,0df01b630b33511278bbe1cfc336a8f8751115a0ceef05ec33fd2aaac9c7793c,operator,detrend,NA,NA,detrend,detrend__detrend_int32_10e2__463abaac4ef6945f,detrend_int32_10e2,10^2,100,x=[100],INT32,CPU,not_applicable,compatibility/end-to-end,PASS,OK,20,100,68,0.00358,true,463abaac4ef6945f7aa70dbd597e643439e62d8634e3d9b684f0600a805abd17,01a06a808065f0ce3dcdf5e9d2cf65b491c96f41672b62bc0f1d7892e13f9f84
1,20260810T084554Z_652061b694fc_stage08_b05_formal_85610006,formal,20260810T084554Z,652061b694fcdb9a4b0958a6c90f43d6801d64a7,false,stage08_b05_detrend_scales_v1,0df01b630b33511278bbe1cfc336a8f8751115a0ceef05ec33fd2aaac9c7793c,operator,detrend,NA,NA,detrend,detrend__detrend_int32_10e2__463abaac4ef6945f,detrend_int32_10e2,10^2,100,x=[100],INT32,CPU,not_applicable,compatibility/end-to-end,PASS,OK,20,100,69,0.00359,true,463abaac4ef6945f7aa70dbd597e643439e62d8634e3d9b684f0600a805abd17,01a06a808065f0ce3dcdf5e9d2cf65b491c96f41672b62bc0f1d7892e13f9f84
1,20260810T084554Z_652061b694fc_stage08_b05_formal_85610006,formal,20260810T084554Z,652061b694fcdb9a4b0958a6c90f43d6801d64a7,false,stage08_b05_detrend_scales_v1,0df01b630b33511278bbe1cfc336a8f8751115a0ceef05ec33fd2aaac9c7793c,operator,detrend,NA,NA,detrend,detrend__detrend_int32_10e2__463abaac4ef6945f,detrend_int32_10e2,10^2,100,x=[100],INT32,CPU,not_applicable,compatibility/end-to-end,PASS,OK,20,100,70,0.0036,true,463abaac4ef6945f7aa70dbd597e643439e62d8634e3d9b684f0600a805abd17,01a06a808065f0ce3dcdf5e9d2cf65b491c96f41672b62bc0f1d7892e13f9f84
1,20260810T084554Z_652061b694fc_stage08_b05_formal_85610006,formal,20260810T084554Z,652061b694fcdb9a4b0958a6c90f43d6801d64a7,false,stage08_b05_detrend_scales_v1,0df01b630b33511278bbe1cfc336a8f8751115a0ceef05ec33fd2aaac9c7793c,operator,detrend,NA,NA,detrend,detrend__detrend_int32_10e2__463abaac4ef6945f,detrend_int32_10e2,10^2,100,x=[100],INT32,CPU,not_applicable,compatibility/end-to-end,PASS,OK,20,100,71,0.0036,true,463abaac4ef6945f7aa70dbd597e643439e62d8634e3d9b684f0600a805abd17,01a06a808065f0ce3dcdf5e9d2cf65b491c96f41672b62bc0f1d7892e13f9f84
1,20260810T084554Z_652061b694fc_stage08_b05_formal_85610006,formal,20260810T084554Z,652061b694fcdb9a4b0958a6c90f43d6801d64a7,false,stage08_b05_detrend_scales_v1,0df01b630b33511278bbe1cfc336a8f8751115a0ceef05ec33fd2aaac9c7793c,operator,detrend,NA,NA,detrend,detrend__detrend_int32_10e2__463abaac4ef6945f,detrend_int32_10e2,10^2,100,x=[100],INT32,CPU,not_applicable,compatibility/end-to-end,PASS,OK,20,100,72,0.00357,true,463abaac4ef6945f7aa70dbd597e643439e62d8634e3d9b684f0600a805abd17,01a06a808065f0ce3dcdf5e9d2cf65b491c96f41672b62bc0f1d7892e13f9f84
1,20260810T084554Z_652061b694fc_stage08_b05_formal_85610006,formal,20260810T084554Z,652061b694fcdb9a4b0958a6c90f43d6801d64a7,false,stage08_b05_detrend_scales_v1,0df01b630b33511278bbe1cfc336a8f8751115a0ceef05ec33fd2aaac9c7793c,operator,detrend,NA,NA,detrend,detrend__detrend_int32_10e2__463abaac4ef6945f,detrend_int32_10e2,10^2,100,x=[100],INT32,CPU,not_applicable,compatibility/end-to-end,PASS,OK,20,100,73,0.00355,true,463abaac4ef6945f7aa70dbd597e643439e62d8634e3d9b684f0600a805abd17,01a06a808065f0ce3dcdf5e9d2cf65b491c96f41672b62bc0f1d7892e13f9f84
1,20260810T084554Z_652061b694fc_stage08_b05_formal_85610006,formal,20260810T084554Z,652061b694fcdb9a4b0958a6c90f43d6801d64a7,false,stage08_b05_detrend_scales_v1,0df01b630b33511278bbe1cfc336a8f8751115a0ceef05ec33fd2aaac9c7793c,operator,detrend,NA,NA,detrend,detrend__detrend_int32_10e2__463abaac4ef6945f,detrend_int32_10e2,10^2,100,x=[100],INT32,CPU,not_applicable,compatibility/end-to-end,PASS,OK,20,100,74,0.00358,true,463abaac4ef6945f7aa70dbd597e643439e62d8634e3d9b684f0600a805abd17,01a06a808065f0ce3dcdf5e9d2cf65b491c96f41672b62bc0f1d7892e13f9f84
1,20260810T084554Z_652061b694fc_stage08_b05_formal_85610006,formal,20260810T084554Z,652061b694fcdb9a4b0958a6c90f43d6801d64a7,false,stage08_b05_detrend_scales_v1,0df01b630b33511278bbe1cfc336a8f8751115a0ceef05ec33fd2aaac9c7793c,operator,detrend,NA,NA,detrend,detrend__detrend_int32_10e2__463abaac4ef6945f,detrend_int32_10e2,10^2,100,x=[100],INT32,CPU,not_applicable,compatibility/end-to-end,PASS,OK,20,100,75,0.00356,true,463abaac4ef6945f7aa70dbd597e643439e62d8634e3d9b684f0600a805abd17,01a06a808065f0ce3dcdf5e9d2cf65b491c96f41672b62bc0f1d7892e13f9f84
1,20260810T084554Z_652061b694fc_stage08_b05_formal_85610006,formal,20260810T084554Z,652061b694fcdb9a4b0958a6c90f43d6801d64a7,false,stage08_b05_detrend_scales_v1,0df01b630b33511278bbe1cfc336a8f8751115a0ceef05ec33fd2aaac9c7793c,operator,detrend,NA,NA,detrend,detrend__detrend_int32_10e2__463abaac4ef6945f,detrend_int32_10e2,10^2,100,x=[100],INT32,CPU,not_applicable,compatibility/end-to-end,PASS,OK,20,100,76,0.00357,true,463abaac4ef6945f7aa70dbd597e643439e62d8634e3d9b684f0600a805abd17,01a06a808065f0ce3dcdf5e9d2cf65b491c96f41672b62bc0f1d7892e13f9f84
1,20260810T084554Z_652061b694fc_stage08_b05_formal_85610006,formal,20260810T084554Z,652061b694fcdb9a4b0958a6c90f43d6801d64a7,false,stage08_b05_detrend_scales_v1,0df01b630b33511278bbe1cfc336a8f8751115a0ceef05ec33fd2aaac9c7793c,operator,detrend,NA,NA,detrend,detrend__detrend_int32_10e2__463abaac4ef6945f,detrend_int32_10e2,10^2,100,x=[100],INT32,CPU,not_applicable,compatibility/end-to-end,PASS,OK,20,100,77,0.00356,true,463abaac4ef6945f7aa70dbd597e643439e62d8634e3d9b684f0600a805abd17,01a06a808065f0ce3dcdf5e9d2cf65b491c96f41672b62bc0f1d7892e13f9f84
1,20260810T084554Z_652061b694fc_stage08_b05_formal_85610006,formal,20260810T084554Z,652061b694fcdb9a4b0958a6c90f43d6801d64a7,false,stage08_b05_detrend_scales_v1,0df01b630b33511278bbe1cfc336a8f8751115a0ceef05ec33fd2aaac9c7793c,operator,detrend,NA,NA,detrend,detrend__detrend_int32_10e2__463abaac4ef6945f,detrend_int32_10e2,10^2,100,x=[100],INT32,CPU,not_applicable,compatibility/end-to-end,PASS,OK,20,100,78,0.00357,true,463abaac4ef6945f7aa70dbd597e643439e62d8634e3d9b684f0600a805abd17,01a06a808065f0ce3dcdf5e9d2cf65b491c96f41672b62bc0f1d7892e13f9f84
1,20260810T084554Z_652061b694fc_stage08_b05_formal_85610006,formal,20260810T084554Z,652061b694fcdb9a4b0958a6c90f43d6801d64a7,false,stage08_b05_detrend_scales_v1,0df01b630b33511278bbe1cfc336a8f8751115a0ceef05ec33fd2aaac9c7793c,operator,detrend,NA,NA,detrend,detrend__detrend_int32_10e2__463abaac4ef6945f,detrend_int32_10e2,10^2,100,x=[100],INT32,CPU,not_applicable,compatibility/end-to-end,PASS,OK,20,100,79,0.00358,true,463abaac4ef6945f7aa70dbd597e643439e62d8634e3d9b684f0600a805abd17,01a06a808065f0ce3dcdf5e9d2cf65b491c96f41672b62bc0f1d7892e13f9f84
1,20260810T084554Z_652061b694fc_stage08_b05_formal_85610006,formal,20260810T084554Z,652061b694fcdb9a4b0958a6c90f43d6801d64a7,false,stage08_b05_detrend_scales_v1,0df01b630b33511278bbe1cfc336a8f8751115a0ceef05ec33fd2aaac9c7793c,operator,detrend,NA,NA,detrend,detrend__detrend_int32_10e2__463abaac4ef6945f,detrend_int32_10e2,10^2,100,x=[100],INT32,CPU,not_applicable,compatibility/end-to-end,PASS,OK,20,100,80,0.00359,true,463abaac4ef6945f7aa70dbd597e643439e62d8634e3d9b684f0600a805abd17,01a06a808065f0ce3dcdf5e9d2cf65b491c96f41672b62bc0f1d7892e13f9f84
1,20260810T084554Z_652061b694fc_stage08_b05_formal_85610006,formal,20260810T084554Z,652061b694fcdb9a4b0958a6c90f43d6801d64a7,false,stage08_b05_detrend_scales_v1,0df01b630b33511278bbe1cfc336a8f8751115a0ceef05ec33fd2aaac9c7793c,operator,detrend,NA,NA,detrend,detrend__detrend_int32_10e2__463abaac4ef6945f,detrend_int32_10e2,10^2,100,x=[100],INT32,CPU,not_applicable,compatibility/end-to-end,PASS,OK,20,100,81,0.00359,true,463abaac4ef6945f7aa70dbd597e643439e62d8634e3d9b684f0600a805abd17,01a06a808065f0ce3dcdf5e9d2cf65b491c96f41672b62bc0f1d7892e13f9f84
1,20260810T084554Z_652061b694fc_stage08_b05_formal_85610006,formal,20260810T084554Z,652061b694fcdb9a4b0958a6c90f43d6801d64a7,false,stage08_b05_detrend_scales_v1,0df01b630b33511278bbe1cfc336a8f8751115a0ceef05ec33fd2aaac9c7793c,operator,detrend,NA,NA,detrend,detrend__detrend_int32_10e2__463abaac4ef6945f,detrend_int32_10e2,10^2,100,x=[100],INT32,CPU,not_applicable,compatibility/end-to-end,PASS,OK,20,100,82,0.00359,true,463abaac4ef6945f7aa70dbd597e643439e62d8634e3d9b684f0600a805abd17,01a06a808065f0ce3dcdf5e9d2cf65b491c96f41672b62bc0f1d7892e13f9f84
1,20260810T084554Z_652061b694fc_stage08_b05_formal_85610006,formal,20260810T084554Z,652061b694fcdb9a4b0958a6c90f43d6801d64a7,false,stage08_b05_detrend_scales_v1,0df01b630b33511278bbe1cfc336a8f8751115a0ceef05ec33fd2aaac9c7793c,operator,detrend,NA,NA,detrend,detrend__detrend_int32_10e2__463abaac4ef6945f,detrend_int32_10e2,10^2,100,x=[100],INT32,CPU,not_applicable,compatibility/end-to-end,PASS,OK,20,100,83,0.00355,true,463abaac4ef6945f7aa70dbd597e643439e62d8634e3d9b684f0600a805abd17,01a06a808065f0ce3dcdf5e9d2cf65b491c96f41672b62bc0f1d7892e13f9f84
1,20260810T084554Z_652061b694fc_stage08_b05_formal_85610006,formal,20260810T084554Z,652061b694fcdb9a4b0958a6c90f43d6801d64a7,false,stage08_b05_detrend_scales_v1,0df01b630b33511278bbe1cfc336a8f8751115a0ceef05ec33fd2aaac9c7793c,operator,detrend,NA,NA,detrend,detrend__detrend_int32_10e2__463abaac4ef6945f,detrend_int32_10e2,10^2,100,x=[100],INT32,CPU,not_applicable,compatibility/end-to-end,PASS,OK,20,100,84,0.0036,true,463abaac4ef6945f7aa70dbd597e643439e62d8634e3d9b684f0600a805abd17,01a06a808065f0ce3dcdf5e9d2cf65b491c96f41672b62bc0f1d7892e13f9f84
1,20260810T084554Z_652061b694fc_stage08_b05_formal_85610006,formal,20260810T084554Z,652061b694fcdb9a4b0958a6c90f43d6801d64a7,false,stage08_b05_detrend_scales_v1,0df01b630b33511278bbe1cfc336a8f8751115a0ceef05ec33fd2aaac9c7793c,operator,detrend,NA,NA,detrend,detrend__detrend_int32_10e2__463abaac4ef6945f,detrend_int32_10e2,10^2,100,x=[100],INT32,CPU,not_applicable,compatibility/end-to-end,PASS,OK,20,100,85,0.00358,true,463abaac4ef6945f7aa70dbd597e643439e62d8634e3d9b684f0600a805abd17,01a06a808065f0ce3dcdf5e9d2cf65b491c96f41672b62bc0f1d7892e13f9f84
1,20260810T084554Z_652061b694fc_stage08_b05_formal_85610006,formal,20260810T084554Z,652061b694fcdb9a4b0958a6c90f43d6801d64a7,false,stage08_b05_detrend_scales_v1,0df01b630b33511278bbe1cfc336a8f8751115a0ceef05ec33fd2aaac9c7793c,operator,detrend,NA,NA,detrend,detrend__detrend_int32_10e2__463abaac4ef6945f,detrend_int32_10e2,10^2,100,x=[100],INT32,CPU,not_applicable,compatibility/end-to-end,PASS,OK,20,100,86,0.00357,true,463abaac4ef6945f7aa70dbd597e643439e62d8634e3d9b684f0600a805abd17,01a06a808065f0ce3dcdf5e9d2cf65b491c96f41672b62bc0f1d7892e13f9f84
1,20260810T084554Z_652061b694fc_stage08_b05_formal_85610006,formal,20260810T084554Z,652061b694fcdb9a4b0958a6c90f43d6801d64a7,false,stage08_b05_detrend_scales_v1,0df01b630b33511278bbe1cfc336a8f8751115a0ceef05ec33fd2aaac9c7793c,operator,detrend,NA,NA,detrend,detrend__detrend_int32_10e2__463abaac4ef6945f,detrend_int32_10e2,10^2,100,x=[100],INT32,CPU,not_applicable,compatibility/end-to-end,PASS,OK,20,100,87,0.00356,true,463abaac4ef6945f7aa70dbd597e643439e62d8634e3d9b684f0600a805abd17,01a06a808065f0ce3dcdf5e9d2cf65b491c96f41672b62bc0f1d7892e13f9f84
1,20260810T084554Z_652061b694fc_stage08_b05_formal_85610006,formal,20260810T084554Z,652061b694fcdb9a4b0958a6c90f43d6801d64a7,false,stage08_b05_detrend_scales_v1,0df01b630b33511278bbe1cfc336a8f8751115a0ceef05ec33fd2aaac9c7793c,operator,detrend,NA,NA,detrend,detrend__detrend_int32_10e2__463abaac4ef6945f,detrend_int32_10e2,10^2,100,x=[100],INT32,CPU,not_applicable,compatibility/end-to-end,PASS,OK,20,100,88,0.00356,true,463abaac4ef6945f7aa70dbd597e643439e62d8634e3d9b684f0600a805abd17,01a06a808065f0ce3dcdf5e9d2cf65b491c96f41672b62bc0f1d7892e13f9f84
1,20260810T084554Z_652061b694fc_stage08_b05_formal_85610006,formal,20260810T084554Z,652061b694fcdb9a4b0958a6c90f43d6801d64a7,false,stage08_b05_detrend_scales_v1,0df01b630b33511278bbe1cfc336a8f8751115a0ceef05ec33fd2aaac9c7793c,operator,detrend,NA,NA,detrend,detrend__detrend_int32_10e2__463abaac4ef6945f,detrend_int32_10e2,10^2,100,x=[100],INT32,CPU,not_applicable,compatibility/end-to-end,PASS,OK,20,100,89,0.00359,true,463abaac4ef6945f7aa70dbd597e643439e62d8634e3d9b684f0600a805abd17,01a06a808065f0ce3dcdf5e9d2cf65b491c96f41672b62bc0f1d7892e13f9f84
1,20260810T084554Z_652061b694fc_stage08_b05_formal_85610006,formal,20260810T084554Z,652061b694fcdb9a4b0958a6c90f43d6801d64a7,false,stage08_b05_detrend_scales_v1,0df01b630b33511278bbe1cfc336a8f8751115a0ceef05ec33fd2aaac9c7793c,operator,detrend,NA,NA,detrend,detrend__detrend_int32_10e2__463abaac4ef6945f,detrend_int32_10e2,10^2,100,x=[100],INT32,CPU,not_applicable,compatibility/end-to-end,PASS,OK,20,100,90,0.00358,true,463abaac4ef6945f7aa70dbd597e643439e62d8634e3d9b684f0600a805abd17,01a06a808065f0ce3dcdf5e9d2cf65b491c96f41672b62bc0f1d7892e13f9f84
1,20260810T084554Z_652061b694fc_stage08_b05_formal_85610006,formal,20260810T084554Z,652061b694fcdb9a4b0958a6c90f43d6801d64a7,false,stage08_b05_detrend_scales_v1,0df01b630b33511278bbe1cfc336a8f8751115a0ceef05ec33fd2aaac9c7793c,operator,detrend,NA,NA,detrend,detrend__detrend_int32_10e2__463abaac4ef6945f,detrend_int32_10e2,10^2,100,x=[100],INT32,CPU,not_applicable,compatibility/end-to-end,PASS,OK,20,100,91,0.00358,true,463abaac4ef6945f7aa70dbd597e643439e62d8634e3d9b684f0600a805abd17,01a06a808065f0ce3dcdf5e9d2cf65b491c96f41672b62bc0f1d7892e13f9f84
1,20260810T084554Z_652061b694fc_stage08_b05_formal_85610006,formal,20260810T084554Z,652061b694fcdb9a4b0958a6c90f43d6801d64a7,false,stage08_b05_detrend_scales_v1,0df01b630b33511278bbe1cfc336a8f8751115a0ceef05ec33fd2aaac9c7793c,operator,detrend,NA,NA,detrend,detrend__detrend_int32_10e2__463abaac4ef6945f,detrend_int32_10e2,10^2,100,x=[100],INT32,CPU,not_applicable,compatibility/end-to-end,PASS,OK,20,100,92,0.00358,true,463abaac4ef6945f7aa70dbd597e643439e62d8634e3d9b684f0600a805abd17,01a06a808065f0ce3dcdf5e9d2cf65b491c96f41672b62bc0f1d7892e13f9f84
1,20260810T084554Z_652061b694fc_stage08_b05_formal_85610006,formal,20260810T084554Z,652061b694fcdb9a4b0958a6c90f43d6801d64a7,false,stage08_b05_detrend_scales_v1,0df01b630b33511278bbe1cfc336a8f8751115a0ceef05ec33fd2aaac9c7793c,operator,detrend,NA,NA,detrend,detrend__detrend_int32_10e2__463abaac4ef6945f,detrend_int32_10e2,10^2,100,x=[100],INT32,CPU,not_applicable,compatibility/end-to-end,PASS,OK,20,100,93,0.00358,true,463abaac4ef6945f7aa70dbd597e643439e62d8634e3d9b684f0600a805abd17,01a06a808065f0ce3dcdf5e9d2cf65b491c96f41672b62bc0f1d7892e13f9f84
1,20260810T084554Z_652061b694fc_stage08_b05_formal_85610006,formal,20260810T084554Z,652061b694fcdb9a4b0958a6c90f43d6801d64a7,false,stage08_b05_detrend_scales_v1,0df01b630b33511278bbe1cfc336a8f8751115a0ceef05ec33fd2aaac9c7793c,operator,detrend,NA,NA,detrend,detrend__detrend_int32_10e2__463abaac4ef6945f,detrend_int32_10e2,10^2,100,x=[100],INT32,CPU,not_applicable,compatibility/end-to-end,PASS,OK,20,100,94,0.0036,true,463abaac4ef6945f7aa70dbd597e643439e62d8634e3d9b684f0600a805abd17,01a06a808065f0ce3dcdf5e9d2cf65b491c96f41672b62bc0f1d7892e13f9f84
1,20260810T084554Z_652061b694fc_stage08_b05_formal_85610006,formal,20260810T084554Z,652061b694fcdb9a4b0958a6c90f43d6801d64a7,false,stage08_b05_detrend_scales_v1,0df01b630b33511278bbe1cfc336a8f8751115a0ceef05ec33fd2aaac9c7793c,operator,detrend,NA,NA,detrend,detrend__detrend_int32_10e2__463abaac4ef6945f,detrend_int32_10e2,10^2,100,x=[100],INT32,CPU,not_applicable,compatibility/end-to-end,PASS,OK,20,100,95,0.00359,true,463abaac4ef6945f7aa70dbd597e643439e62d8634e3d9b684f0600a805abd17,01a06a808065f0ce3dcdf5e9d2cf65b491c96f41672b62bc0f1d7892e13f9f84
1,20260810T084554Z_652061b694fc_stage08_b05_formal_85610006,formal,20260810T084554Z,652061b694fcdb9a4b0958a6c90f43d6801d64a7,false,stage08_b05_detrend_scales_v1,0df01b630b33511278bbe1cfc336a8f8751115a0ceef05ec33fd2aaac9c7793c,operator,detrend,NA,NA,detrend,detrend__detrend_int32_10e2__463abaac4ef6945f,detrend_int32_10e2,10^2,100,x=[100],INT32,CPU,not_applicable,compatibility/end-to-end,PASS,OK,20,100,96,0.00356,true,463abaac4ef6945f7aa70dbd597e643439e62d8634e3d9b684f0600a805abd17,01a06a808065f0ce3dcdf5e9d2cf65b491c96f41672b62bc0f1d7892e13f9f84
1,20260810T084554Z_652061b694fc_stage08_b05_formal_85610006,formal,20260810T084554Z,652061b694fcdb9a4b0958a6c90f43d6801d64a7,false,stage08_b05_detrend_scales_v1,0df01b630b33511278bbe1cfc336a8f8751115a0ceef05ec33fd2aaac9c7793c,operator,detrend,NA,NA,detrend,detrend__detrend_int32_10e2__463abaac4ef6945f,detrend_int32_10e2,10^2,100,x=[100],INT32,CPU,not_applicable,compatibility/end-to-end,PASS,OK,20,100,97,0.00357,true,463abaac4ef6945f7aa70dbd597e643439e62d8634e3d9b684f0600a805abd17,01a06a808065f0ce3dcdf5e9d2cf65b491c96f41672b62bc0f1d7892e13f9f84
1,20260810T084554Z_652061b694fc_stage08_b05_formal_85610006,formal,20260810T084554Z,652061b694fcdb9a4b0958a6c90f43d6801d64a7,false,stage08_b05_detrend_scales_v1,0df01b630b33511278bbe1cfc336a8f8751115a0ceef05ec33fd2aaac9c7793c,operator,detrend,NA,NA,detrend,detrend__detrend_int32_10e2__463abaac4ef6945f,detrend_int32_10e2,10^2,100,x=[100],INT32,CPU,not_applicable,compatibility/end-to-end,PASS,OK,20,100,98,0.00355,true,463abaac4ef6945f7aa70dbd597e643439e62d8634e3d9b684f0600a805abd17,01a06a808065f0ce3dcdf5e9d2cf65b491c96f41672b62bc0f1d7892e13f9f84
1,20260810T084554Z_652061b694fc_stage08_b05_formal_85610006,formal,20260810T084554Z,652061b694fcdb9a4b0958a6c90f43d6801d64a7,false,stage08_b05_detrend_scales_v1,0df01b630b33511278bbe1cfc336a8f8751115a0ceef05ec33fd2aaac9c7793c,operator,detrend,NA,NA,detrend,detrend__detrend_int32_10e2__463abaac4ef6945f,detrend_int32_10e2,10^2,100,x=[100],INT32,CPU,not_applicable,compatibility/end-to-end,PASS,OK,20,100,99,0.00357,true,463abaac4ef6945f7aa70dbd597e643439e62d8634e3d9b684f0600a805abd17,01a06a808065f0ce3dcdf5e9d2cf65b491c96f41672b62bc0f1d7892e13f9f84
1,20260810T084554Z_652061b694fc_stage08_b05_formal_85610006,formal,20260810T084554Z,652061b694fcdb9a4b0958a6c90f43d6801d64a7,false,stage08_b05_detrend_scales_v1,0df01b630b33511278bbe1cfc336a8f8751115a0ceef05ec33fd2aaac9c7793c,operator,detrend,NA,NA,detrend,detrend__detrend_int32_10e2__463abaac4ef6945f,detrend_int32_10e2,10^2,100,x=[100],INT32,GPU,not_applicable,compatibility/end-to-end,PASS,OK,20,100,0,0.426322,true,463abaac4ef6945f7aa70dbd597e643439e62d8634e3d9b684f0600a805abd17,6f55be957090879e069a1cb6e3594279a6d42ebd020704464ceed7ac4e14fdb3
1,20260810T084554Z_652061b694fc_stage08_b05_formal_85610006,formal,20260810T084554Z,652061b694fcdb9a4b0958a6c90f43d6801d64a7,false,stage08_b05_detrend_scales_v1,0df01b630b33511278bbe1cfc336a8f8751115a0ceef05ec33fd2aaac9c7793c,operator,detrend,NA,NA,detrend,detrend__detrend_int32_10e2__463abaac4ef6945f,detrend_int32_10e2,10^2,100,x=[100],INT32,GPU,not_applicable,compatibility/end-to-end,PASS,OK,20,100,1,0.423612,true,463abaac4ef6945f7aa70dbd597e643439e62d8634e3d9b684f0600a805abd17,6f55be957090879e069a1cb6e3594279a6d42ebd020704464ceed7ac4e14fdb3
1,20260810T084554Z_652061b694fc_stage08_b05_formal_85610006,formal,20260810T084554Z,652061b694fcdb9a4b0958a6c90f43d6801d64a7,false,stage08_b05_detrend_scales_v1,0df01b630b33511278bbe1cfc336a8f8751115a0ceef05ec33fd2aaac9c7793c,operator,detrend,NA,NA,detrend,detrend__detrend_int32_10e2__463abaac4ef6945f,detrend_int32_10e2,10^2,100,x=[100],INT32,GPU,not_applicable,compatibility/end-to-end,PASS,OK,20,100,2,0.421742,true,463abaac4ef6945f7aa70dbd597e643439e62d8634e3d9b684f0600a805abd17,6f55be957090879e069a1cb6e3594279a6d42ebd020704464ceed7ac4e14fdb3
1,20260810T084554Z_652061b694fc_stage08_b05_formal_85610006,formal,20260810T084554Z,652061b694fcdb9a4b0958a6c90f43d6801d64a7,false,stage08_b05_detrend_scales_v1,0df01b630b33511278bbe1cfc336a8f8751115a0ceef05ec33fd2aaac9c7793c,operator,detrend,NA,NA,detrend,detrend__detrend_int32_10e2__463abaac4ef6945f,detrend_int32_10e2,10^2,100,x=[100],INT32,GPU,not_applicable,compatibility/end-to-end,PASS,OK,20,100,3,0.418802,true,463abaac4ef6945f7aa70dbd597e643439e62d8634e3d9b684f0600a805abd17,6f55be957090879e069a1cb6e3594279a6d42ebd020704464ceed7ac4e14fdb3
1,20260810T084554Z_652061b694fc_stage08_b05_formal_85610006,formal,20260810T084554Z,652061b694fcdb9a4b0958a6c90f43d6801d64a7,false,stage08_b05_detrend_scales_v1,0df01b630b33511278bbe1cfc336a8f8751115a0ceef05ec33fd2aaac9c7793c,operator,detrend,NA,NA,detrend,detrend__detrend_int32_10e2__463abaac4ef6945f,detrend_int32_10e2,10^2,100,x=[100],INT32,GPU,not_applicable,compatibility/end-to-end,PASS,OK,20,100,4,0.420263,true,463abaac4ef6945f7aa70dbd597e643439e62d8634e3d9b684f0600a805abd17,6f55be957090879e069a1cb6e3594279a6d42ebd020704464ceed7ac4e14fdb3
1,20260810T084554Z_652061b694fc_stage08_b05_formal_85610006,formal,20260810T084554Z,652061b694fcdb9a4b0958a6c90f43d6801d64a7,false,stage08_b05_detrend_scales_v1,0df01b630b33511278bbe1cfc336a8f8751115a0ceef05ec33fd2aaac9c7793c,operator,detrend,NA,NA,detrend,detrend__detrend_int32_10e2__463abaac4ef6945f,detrend_int32_10e2,10^2,100,x=[100],INT32,GPU,not_applicable,compatibility/end-to-end,PASS,OK,20,100,5,0.414112,true,463abaac4ef6945f7aa70dbd597e643439e62d8634e3d9b684f0600a805abd17,6f55be957090879e069a1cb6e3594279a6d42ebd020704464ceed7ac4e14fdb3
1,20260810T084554Z_652061b694fc_stage08_b05_formal_85610006,formal,20260810T084554Z,652061b694fcdb9a4b0958a6c90f43d6801d64a7,false,stage08_b05_detrend_scales_v1,0df01b630b33511278bbe1cfc336a8f8751115a0ceef05ec33fd2aaac9c7793c,operator,detrend,NA,NA,detrend,detrend__detrend_int32_10e2__463abaac4ef6945f,detrend_int32_10e2,10^2,100,x=[100],INT32,GPU,not_applicable,compatibility/end-to-end,PASS,OK,20,100,6,0.421342,true,463abaac4ef6945f7aa70dbd597e643439e62d8634e3d9b684f0600a805abd17,6f55be957090879e069a1cb6e3594279a6d42ebd020704464ceed7ac4e14fdb3
1,20260810T084554Z_652061b694fc_stage08_b05_formal_85610006,formal,20260810T084554Z,652061b694fcdb9a4b0958a6c90f43d6801d64a7,false,stage08_b05_detrend_scales_v1,0df01b630b33511278bbe1cfc336a8f8751115a0ceef05ec33fd2aaac9c7793c,operator,detrend,NA,NA,detrend,detrend__detrend_int32_10e2__463abaac4ef6945f,detrend_int32_10e2,10^2,100,x=[100],INT32,GPU,not_applicable,compatibility/end-to-end,PASS,OK,20,100,7,0.418872,true,463abaac4ef6945f7aa70dbd597e643439e62d8634e3d9b684f0600a805abd17,6f55be957090879e069a1cb6e3594279a6d42ebd020704464ceed7ac4e14fdb3
1,20260810T084554Z_652061b694fc_stage08_b05_formal_85610006,formal,20260810T084554Z,652061b694fcdb9a4b0958a6c90f43d6801d64a7,false,stage08_b05_detrend_scales_v1,0df01b630b33511278bbe1cfc336a8f8751115a0ceef05ec33fd2aaac9c7793c,operator,detrend,NA,NA,detrend,detrend__detrend_int32_10e2__463abaac4ef6945f,detrend_int32_10e2,10^2,100,x=[100],INT32,GPU,not_applicable,compatibility/end-to-end,PASS,OK,20,100,8,0.422163,true,463abaac4ef6945f7aa70dbd597e643439e62d8634e3d9b684f0600a805abd17,6f55be957090879e069a1cb6e3594279a6d42ebd020704464ceed7ac4e14fdb3
1,20260810T084554Z_652061b694fc_stage08_b05_formal_85610006,formal,20260810T084554Z,652061b694fcdb9a4b0958a6c90f43d6801d64a7,false,stage08_b05_detrend_scales_v1,0df01b630b33511278bbe1cfc336a8f8751115a0ceef05ec33fd2aaac9c7793c,operator,detrend,NA,NA,detrend,detrend__detrend_int32_10e2__463abaac4ef6945f,detrend_int32_10e2,10^2,100,x=[100],INT32,GPU,not_applicable,compatibility/end-to-end,PASS,OK,20,100,9,0.441452,true,463abaac4ef6945f7aa70dbd597e643439e62d8634e3d9b684f0600a805abd17,6f55be957090879e069a1cb6e3594279a6d42ebd020704464ceed7ac4e14fdb3
1,20260810T084554Z_652061b694fc_stage08_b05_formal_85610006,formal,20260810T084554Z,652061b694fcdb9a4b0958a6c90f43d6801d64a7,false,stage08_b05_detrend_scales_v1,0df01b630b33511278bbe1cfc336a8f8751115a0ceef05ec33fd2aaac9c7793c,operator,detrend,NA,NA,detrend,detrend__detrend_int32_10e2__463abaac4ef6945f,detrend_int32_10e2,10^2,100,x=[100],INT32,GPU,not_applicable,compatibility/end-to-end,PASS,OK,20,100,10,0.424012,true,463abaac4ef6945f7aa70dbd597e643439e62d8634e3d9b684f0600a805abd17,6f55be957090879e069a1cb6e3594279a6d42ebd020704464ceed7ac4e14fdb3
1,20260810T084554Z_652061b694fc_stage08_b05_formal_85610006,formal,20260810T084554Z,652061b694fcdb9a4b0958a6c90f43d6801d64a7,false,stage08_b05_detrend_scales_v1,0df01b630b33511278bbe1cfc336a8f8751115a0ceef05ec33fd2aaac9c7793c,operator,detrend,NA,NA,detrend,detrend__detrend_int32_10e2__463abaac4ef6945f,detrend_int32_10e2,10^2,100,x=[100],INT32,GPU,not_applicable,compatibility/end-to-end,PASS,OK,20,100,11,0.423902,true,463abaac4ef6945f7aa70dbd597e643439e62d8634e3d9b684f0600a805abd17,6f55be957090879e069a1cb6e3594279a6d42ebd020704464ceed7ac4e14fdb3
1,20260810T084554Z_652061b694fc_stage08_b05_formal_85610006,formal,20260810T084554Z,652061b694fcdb9a4b0958a6c90f43d6801d64a7,false,stage08_b05_detrend_scales_v1,0df01b630b33511278bbe1cfc336a8f8751115a0ceef05ec33fd2aaac9c7793c,operator,detrend,NA,NA,detrend,detrend__detrend_int32_10e2__463abaac4ef6945f,detrend_int32_10e2,10^2,100,x=[100],INT32,GPU,not_applicable,compatibility/end-to-end,PASS,OK,20,100,12,0.422683,true,463abaac4ef6945f7aa70dbd597e643439e62d8634e3d9b684f0600a805abd17,6f55be957090879e069a1cb6e3594279a6d42ebd020704464ceed7ac4e14fdb3
1,20260810T084554Z_652061b694fc_stage08_b05_formal_85610006,formal,20260810T084554Z,652061b694fcdb9a4b0958a6c90f43d6801d64a7,false,stage08_b05_detrend_scales_v1,0df01b630b33511278bbe1cfc336a8f8751115a0ceef05ec33fd2aaac9c7793c,operator,detrend,NA,NA,detrend,detrend__detrend_int32_10e2__463abaac4ef6945f,detrend_int32_10e2,10^2,100,x=[100],INT32,GPU,not_applicable,compatibility/end-to-end,PASS,OK,20,100,13,0.421382,true,463abaac4ef6945f7aa70dbd597e643439e62d8634e3d9b684f0600a805abd17,6f55be957090879e069a1cb6e3594279a6d42ebd020704464ceed7ac4e14fdb3
1,20260810T084554Z_652061b694fc_stage08_b05_formal_85610006,formal,20260810T084554Z,652061b694fcdb9a4b0958a6c90f43d6801d64a7,false,stage08_b05_detrend_scales_v1,0df01b630b33511278bbe1cfc336a8f8751115a0ceef05ec33fd2aaac9c7793c,operator,detrend,NA,NA,detrend,detrend__detrend_int32_10e2__463abaac4ef6945f,detrend_int32_10e2,10^2,100,x=[100],INT32,GPU,not_applicable,compatibility/end-to-end,PASS,OK,20,100,14,0.428102,true,463abaac4ef6945f7aa70dbd597e643439e62d8634e3d9b684f0600a805abd17,6f55be957090879e069a1cb6e3594279a6d42ebd020704464ceed7ac4e14fdb3
1,20260810T084554Z_652061b694fc_stage08_b05_formal_85610006,formal,20260810T084554Z,652061b694fcdb9a4b0958a6c90f43d6801d64a7,false,stage08_b05_detrend_scales_v1,0df01b630b33511278bbe1cfc336a8f8751115a0ceef05ec33fd2aaac9c7793c,operator,detrend,NA,NA,detrend,detrend__detrend_int32_10e2__463abaac4ef6945f,detrend_int32_10e2,10^2,100,x=[100],INT32,GPU,not_applicable,compatibility/end-to-end,PASS,OK,20,100,15,0.528953,true,463abaac4ef6945f7aa70dbd597e643439e62d8634e3d9b684f0600a805abd17,6f55be957090879e069a1cb6e3594279a6d42ebd020704464ceed7ac4e14fdb3
1,20260810T084554Z_652061b694fc_stage08_b05_formal_85610006,formal,20260810T084554Z,652061b694fcdb9a4b0958a6c90f43d6801d64a7,false,stage08_b05_detrend_scales_v1,0df01b630b33511278bbe1cfc336a8f8751115a0ceef05ec33fd2aaac9c7793c,operator,detrend,NA,NA,detrend,detrend__detrend_int32_10e2__463abaac4ef6945f,detrend_int32_10e2,10^2,100,x=[100],INT32,GPU,not_applicable,compatibility/end-to-end,PASS,OK,20,100,16,0.431802,true,463abaac4ef6945f7aa70dbd597e643439e62d8634e3d9b684f0600a805abd17,6f55be957090879e069a1cb6e3594279a6d42ebd020704464ceed7ac4e14fdb3
1,20260810T084554Z_652061b694fc_stage08_b05_formal_85610006,formal,20260810T084554Z,652061b694fcdb9a4b0958a6c90f43d6801d64a7,false,stage08_b05_detrend_scales_v1,0df01b630b33511278bbe1cfc336a8f8751115a0ceef05ec33fd2aaac9c7793c,operator,detrend,NA,NA,detrend,detrend__detrend_int32_10e2__463abaac4ef6945f,detrend_int32_10e2,10^2,100,x=[100],INT32,GPU,not_applicable,compatibility/end-to-end,PASS,OK,20,100,17,0.426993,true,463abaac4ef6945f7aa70dbd597e643439e62d8634e3d9b684f0600a805abd17,6f55be957090879e069a1cb6e3594279a6d42ebd020704464ceed7ac4e14fdb3
1,20260810T084554Z_652061b694fc_stage08_b05_formal_85610006,formal,20260810T084554Z,652061b694fcdb9a4b0958a6c90f43d6801d64a7,false,stage08_b05_detrend_scales_v1,0df01b630b33511278bbe1cfc336a8f8751115a0ceef05ec33fd2aaac9c7793c,operator,detrend,NA,NA,detrend,detrend__detrend_int32_10e2__463abaac4ef6945f,detrend_int32_10e2,10^2,100,x=[100],INT32,GPU,not_applicable,compatibility/end-to-end,PASS,OK,20,100,18,0.431822,true,463abaac4ef6945f7aa70dbd597e643439e62d8634e3d9b684f0600a805abd17,6f55be957090879e069a1cb6e3594279a6d42ebd020704464ceed7ac4e14fdb3
1,20260810T084554Z_652061b694fc_stage08_b05_formal_85610006,formal,20260810T084554Z,652061b694fcdb9a4b0958a6c90f43d6801d64a7,false,stage08_b05_detrend_scales_v1,0df01b630b33511278bbe1cfc336a8f8751115a0ceef05ec33fd2aaac9c7793c,operator,detrend,NA,NA,detrend,detrend__detrend_int32_10e2__463abaac4ef6945f,detrend_int32_10e2,10^2,100,x=[100],INT32,GPU,not_applicable,compatibility/end-to-end,PASS,OK,20,100,19,0.430802,true,463abaac4ef6945f7aa70dbd597e643439e62d8634e3d9b684f0600a805abd17,6f55be957090879e069a1cb6e3594279a6d42ebd020704464ceed7ac4e14fdb3
1,20260810T084554Z_652061b694fc_stage08_b05_formal_85610006,formal,20260810T084554Z,652061b694fcdb9a4b0958a6c90f43d6801d64a7,false,stage08_b05_detrend_scales_v1,0df01b630b33511278bbe1cfc336a8f8751115a0ceef05ec33fd2aaac9c7793c,operator,detrend,NA,NA,detrend,detrend__detrend_int32_10e2__463abaac4ef6945f,detrend_int32_10e2,10^2,100,x=[100],INT32,GPU,not_applicable,compatibility/end-to-end,PASS,OK,20,100,20,0.433523,true,463abaac4ef6945f7aa70dbd597e643439e62d8634e3d9b684f0600a805abd17,6f55be957090879e069a1cb6e3594279a6d42ebd020704464ceed7ac4e14fdb3
1,20260810T084554Z_652061b694fc_stage08_b05_formal_85610006,formal,20260810T084554Z,652061b694fcdb9a4b0958a6c90f43d6801d64a7,false,stage08_b05_detrend_scales_v1,0df01b630b33511278bbe1cfc336a8f8751115a0ceef05ec33fd2aaac9c7793c,operator,detrend,NA,NA,detrend,detrend__detrend_int32_10e2__463abaac4ef6945f,detrend_int32_10e2,10^2,100,x=[100],INT32,GPU,not_applicable,compatibility/end-to-end,PASS,OK,20,100,21,0.423022,true,463abaac4ef6945f7aa70dbd597e643439e62d8634e3d9b684f0600a805abd17,6f55be957090879e069a1cb6e3594279a6d42ebd020704464ceed7ac4e14fdb3
1,20260810T084554Z_652061b694fc_stage08_b05_formal_85610006,formal,20260810T084554Z,652061b694fcdb9a4b0958a6c90f43d6801d64a7,false,stage08_b05_detrend_scales_v1,0df01b630b33511278bbe1cfc336a8f8751115a0ceef05ec33fd2aaac9c7793c,operator,detrend,NA,NA,detrend,detrend__detrend_int32_10e2__463abaac4ef6945f,detrend_int32_10e2,10^2,100,x=[100],INT32,GPU,not_applicable,compatibility/end-to-end,PASS,OK,20,100,22,0.428082,true,463abaac4ef6945f7aa70dbd597e643439e62d8634e3d9b684f0600a805abd17,6f55be957090879e069a1cb6e3594279a6d42ebd020704464ceed7ac4e14fdb3
1,20260810T084554Z_652061b694fc_stage08_b05_formal_85610006,formal,20260810T084554Z,652061b694fcdb9a4b0958a6c90f43d6801d64a7,false,stage08_b05_detrend_scales_v1,0df01b630b33511278bbe1cfc336a8f8751115a0ceef05ec33fd2aaac9c7793c,operator,detrend,NA,NA,detrend,detrend__detrend_int32_10e2__463abaac4ef6945f,detrend_int32_10e2,10^2,100,x=[100],INT32,GPU,not_applicable,compatibility/end-to-end,PASS,OK,20,100,23,0.551243,true,463abaac4ef6945f7aa70dbd597e643439e62d8634e3d9b684f0600a805abd17,6f55be957090879e069a1cb6e3594279a6d42ebd020704464ceed7ac4e14fdb3
1,20260810T084554Z_652061b694fc_stage08_b05_formal_85610006,formal,20260810T084554Z,652061b694fcdb9a4b0958a6c90f43d6801d64a7,false,stage08_b05_detrend_scales_v1,0df01b630b33511278bbe1cfc336a8f8751115a0ceef05ec33fd2aaac9c7793c,operator,detrend,NA,NA,detrend,detrend__detrend_int32_10e2__463abaac4ef6945f,detrend_int32_10e2,10^2,100,x=[100],INT32,GPU,not_applicable,compatibility/end-to-end,PASS,OK,20,100,24,0.430032,true,463abaac4ef6945f7aa70dbd597e643439e62d8634e3d9b684f0600a805abd17,6f55be957090879e069a1cb6e3594279a6d42ebd020704464ceed7ac4e14fdb3
1,20260810T084554Z_652061b694fc_stage08_b05_formal_85610006,formal,20260810T084554Z,652061b694fcdb9a4b0958a6c90f43d6801d64a7,false,stage08_b05_detrend_scales_v1,0df01b630b33511278bbe1cfc336a8f8751115a0ceef05ec33fd2aaac9c7793c,operator,detrend,NA,NA,detrend,detrend__detrend_int32_10e2__463abaac4ef6945f,detrend_int32_10e2,10^2,100,x=[100],INT32,GPU,not_applicable,compatibility/end-to-end,PASS,OK,20,100,25,0.431973,true,463abaac4ef6945f7aa70dbd597e643439e62d8634e3d9b684f0600a805abd17,6f55be957090879e069a1cb6e3594279a6d42ebd020704464ceed7ac4e14fdb3
1,20260810T084554Z_652061b694fc_stage08_b05_formal_85610006,formal,20260810T084554Z,652061b694fcdb9a4b0958a6c90f43d6801d64a7,false,stage08_b05_detrend_scales_v1,0df01b630b33511278bbe1cfc336a8f8751115a0ceef05ec33fd2aaac9c7793c,operator,detrend,NA,NA,detrend,detrend__detrend_int32_10e2__463abaac4ef6945f,detrend_int32_10e2,10^2,100,x=[100],INT32,GPU,not_applicable,compatibility/end-to-end,PASS,OK,20,100,26,0.428752,true,463abaac4ef6945f7aa70dbd597e643439e62d8634e3d9b684f0600a805abd17,6f55be957090879e069a1cb6e3594279a6d42ebd020704464ceed7ac4e14fdb3
1,20260810T084554Z_652061b694fc_stage08_b05_formal_85610006,formal,20260810T084554Z,652061b694fcdb9a4b0958a6c90f43d6801d64a7,false,stage08_b05_detrend_scales_v1,0df01b630b33511278bbe1cfc336a8f8751115a0ceef05ec33fd2aaac9c7793c,operator,detrend,NA,NA,detrend,detrend__detrend_int32_10e2__463abaac4ef6945f,detrend_int32_10e2,10^2,100,x=[100],INT32,GPU,not_applicable,compatibility/end-to-end,PASS,OK,20,100,27,0.441312,true,463abaac4ef6945f7aa70dbd597e643439e62d8634e3d9b684f0600a805abd17,6f55be957090879e069a1cb6e3594279a6d42ebd020704464ceed7ac4e14fdb3
1,20260810T084554Z_652061b694fc_stage08_b05_formal_85610006,formal,20260810T084554Z,652061b694fcdb9a4b0958a6c90f43d6801d64a7,false,stage08_b05_detrend_scales_v1,0df01b630b33511278bbe1cfc336a8f8751115a0ceef05ec33fd2aaac9c7793c,operator,detrend,NA,NA,detrend,detrend__detrend_int32_10e2__463abaac4ef6945f,detrend_int32_10e2,10^2,100,x=[100],INT32,GPU,not_applicable,compatibility/end-to-end,PASS,OK,20,100,28,0.427853,true,463abaac4ef6945f7aa70dbd597e643439e62d8634e3d9b684f0600a805abd17,6f55be957090879e069a1cb6e3594279a6d42ebd020704464ceed7ac4e14fdb3
1,20260810T084554Z_652061b694fc_stage08_b05_formal_85610006,formal,20260810T084554Z,652061b694fcdb9a4b0958a6c90f43d6801d64a7,false,stage08_b05_detrend_scales_v1,0df01b630b33511278bbe1cfc336a8f8751115a0ceef05ec33fd2aaac9c7793c,operator,detrend,NA,NA,detrend,detrend__detrend_int32_10e2__463abaac4ef6945f,detrend_int32_10e2,10^2,100,x=[100],INT32,GPU,not_applicable,compatibility/end-to-end,PASS,OK,20,100,29,0.429342,true,463abaac4ef6945f7aa70dbd597e643439e62d8634e3d9b684f0600a805abd17,6f55be957090879e069a1cb6e3594279a6d42ebd020704464ceed7ac4e14fdb3
1,20260810T084554Z_652061b694fc_stage08_b05_formal_85610006,formal,20260810T084554Z,652061b694fcdb9a4b0958a6c90f43d6801d64a7,false,stage08_b05_detrend_scales_v1,0df01b630b33511278bbe1cfc336a8f8751115a0ceef05ec33fd2aaac9c7793c,operator,detrend,NA,NA,detrend,detrend__detrend_int32_10e2__463abaac4ef6945f,detrend_int32_10e2,10^2,100,x=[100],INT32,GPU,not_applicable,compatibility/end-to-end,PASS,OK,20,100,30,0.546513,true,463abaac4ef6945f7aa70dbd597e643439e62d8634e3d9b684f0600a805abd17,6f55be957090879e069a1cb6e3594279a6d42ebd020704464ceed7ac4e14fdb3
1,20260810T084554Z_652061b694fc_stage08_b05_formal_85610006,formal,20260810T084554Z,652061b694fcdb9a4b0958a6c90f43d6801d64a7,false,stage08_b05_detrend_scales_v1,0df01b630b33511278bbe1cfc336a8f8751115a0ceef05ec33fd2aaac9c7793c,operator,detrend,NA,NA,detrend,detrend__detrend_int32_10e2__463abaac4ef6945f,detrend_int32_10e2,10^2,100,x=[100],INT32,GPU,not_applicable,compatibility/end-to-end,PASS,OK,20,100,31,0.427452,true,463abaac4ef6945f7aa70dbd597e643439e62d8634e3d9b684f0600a805abd17,6f55be957090879e069a1cb6e3594279a6d42ebd020704464ceed7ac4e14fdb3
1,20260810T084554Z_652061b694fc_stage08_b05_formal_85610006,formal,20260810T084554Z,652061b694fcdb9a4b0958a6c90f43d6801d64a7,false,stage08_b05_detrend_scales_v1,0df01b630b33511278bbe1cfc336a8f8751115a0ceef05ec33fd2aaac9c7793c,operator,detrend,NA,NA,detrend,detrend__detrend_int32_10e2__463abaac4ef6945f,detrend_int32_10e2,10^2,100,x=[100],INT32,GPU,not_applicable,compatibility/end-to-end,PASS,OK,20,100,32,0.430382,true,463abaac4ef6945f7aa70dbd597e643439e62d8634e3d9b684f0600a805abd17,6f55be957090879e069a1cb6e3594279a6d42ebd020704464ceed7ac4e14fdb3
1,20260810T084554Z_652061b694fc_stage08_b05_formal_85610006,formal,20260810T084554Z,652061b694fcdb9a4b0958a6c90f43d6801d64a7,false,stage08_b05_detrend_scales_v1,0df01b630b33511278bbe1cfc336a8f8751115a0ceef05ec33fd2aaac9c7793c,operator,detrend,NA,NA,detrend,detrend__detrend_int32_10e2__463abaac4ef6945f,detrend_int32_10e2,10^2,100,x=[100],INT32,GPU,not_applicable,compatibility/end-to-end,PASS,OK,20,100,33,0.431922,true,463abaac4ef6945f7aa70dbd597e643439e62d8634e3d9b684f0600a805abd17,6f55be957090879e069a1cb6e3594279a6d42ebd020704464ceed7ac4e14fdb3
1,20260810T084554Z_652061b694fc_stage08_b05_formal_85610006,formal,20260810T084554Z,652061b694fcdb9a4b0958a6c90f43d6801d64a7,false,stage08_b05_detrend_scales_v1,0df01b630b33511278bbe1cfc336a8f8751115a0ceef05ec33fd2aaac9c7793c,operator,detrend,NA,NA,detrend,detrend__detrend_int32_10e2__463abaac4ef6945f,detrend_int32_10e2,10^2,100,x=[100],INT32,GPU,not_applicable,compatibility/end-to-end,PASS,OK,20,100,34,0.429583,true,463abaac4ef6945f7aa70dbd597e643439e62d8634e3d9b684f0600a805abd17,6f55be957090879e069a1cb6e3594279a6d42ebd020704464ceed7ac4e14fdb3
1,20260810T084554Z_652061b694fc_stage08_b05_formal_85610006,formal,20260810T084554Z,652061b694fcdb9a4b0958a6c90f43d6801d64a7,false,stage08_b05_detrend_scales_v1,0df01b630b33511278bbe1cfc336a8f8751115a0ceef05ec33fd2aaac9c7793c,operator,detrend,NA,NA,detrend,detrend__detrend_int32_10e2__463abaac4ef6945f,detrend_int32_10e2,10^2,100,x=[100],INT32,GPU,not_applicable,compatibility/end-to-end,PASS,OK,20,100,35,0.517442,true,463abaac4ef6945f7aa70dbd597e643439e62d8634e3d9b684f0600a805abd17,6f55be957090879e069a1cb6e3594279a6d42ebd020704464ceed7ac4e14fdb3
1,20260810T084554Z_652061b694fc_stage08_b05_formal_85610006,formal,20260810T084554Z,652061b694fcdb9a4b0958a6c90f43d6801d64a7,false,stage08_b05_detrend_scales_v1,0df01b630b33511278bbe1cfc336a8f8751115a0ceef05ec33fd2aaac9c7793c,operator,detrend,NA,NA,detrend,detrend__detrend_int32_10e2__463abaac4ef6945f,detrend_int32_10e2,10^2,100,x=[100],INT32,GPU,not_applicable,compatibility/end-to-end,PASS,OK,20,100,36,0.534793,true,463abaac4ef6945f7aa70dbd597e643439e62d8634e3d9b684f0600a805abd17,6f55be957090879e069a1cb6e3594279a6d42ebd020704464ceed7ac4e14fdb3
1,20260810T084554Z_652061b694fc_stage08_b05_formal_85610006,formal,20260810T084554Z,652061b694fcdb9a4b0958a6c90f43d6801d64a7,false,stage08_b05_detrend_scales_v1,0df01b630b33511278bbe1cfc336a8f8751115a0ceef05ec33fd2aaac9c7793c,operator,detrend,NA,NA,detrend,detrend__detrend_int32_10e2__463abaac4ef6945f,detrend_int32_10e2,10^2,100,x=[100],INT32,GPU,not_applicable,compatibility/end-to-end,PASS,OK,20,100,37,0.423202,true,463abaac4ef6945f7aa70dbd597e643439e62d8634e3d9b684f0600a805abd17,6f55be957090879e069a1cb6e3594279a6d42ebd020704464ceed7ac4e14fdb3
1,20260810T084554Z_652061b694fc_stage08_b05_formal_85610006,formal,20260810T084554Z,652061b694fcdb9a4b0958a6c90f43d6801d64a7,false,stage08_b05_detrend_scales_v1,0df01b630b33511278bbe1cfc336a8f8751115a0ceef05ec33fd2aaac9c7793c,operator,detrend,NA,NA,detrend,detrend__detrend_int32_10e2__463abaac4ef6945f,detrend_int32_10e2,10^2,100,x=[100],INT32,GPU,not_applicable,compatibility/end-to-end,PASS,OK,20,100,38,0.426632,true,463abaac4ef6945f7aa70dbd597e643439e62d8634e3d9b684f0600a805abd17,6f55be957090879e069a1cb6e3594279a6d42ebd020704464ceed7ac4e14fdb3
1,20260810T084554Z_652061b694fc_stage08_b05_formal_85610006,formal,20260810T084554Z,652061b694fcdb9a4b0958a6c90f43d6801d64a7,false,stage08_b05_detrend_scales_v1,0df01b630b33511278bbe1cfc336a8f8751115a0ceef05ec33fd2aaac9c7793c,operator,detrend,NA,NA,detrend,detrend__detrend_int32_10e2__463abaac4ef6945f,detrend_int32_10e2,10^2,100,x=[100],INT32,GPU,not_applicable,compatibility/end-to-end,PASS,OK,20,100,39,0.426902,true,463abaac4ef6945f7aa70dbd597e643439e62d8634e3d9b684f0600a805abd17,6f55be957090879e069a1cb6e3594279a6d42ebd020704464ceed7ac4e14fdb3
1,20260810T084554Z_652061b694fc_stage08_b05_formal_85610006,formal,20260810T084554Z,652061b694fcdb9a4b0958a6c90f43d6801d64a7,false,stage08_b05_detrend_scales_v1,0df01b630b33511278bbe1cfc336a8f8751115a0ceef05ec33fd2aaac9c7793c,operator,detrend,NA,NA,detrend,detrend__detrend_int32_10e2__463abaac4ef6945f,detrend_int32_10e2,10^2,100,x=[100],INT32,GPU,not_applicable,compatibility/end-to-end,PASS,OK,20,100,40,0.426792,true,463abaac4ef6945f7aa70dbd597e643439e62d8634e3d9b684f0600a805abd17,6f55be957090879e069a1cb6e3594279a6d42ebd020704464ceed7ac4e14fdb3
1,20260810T084554Z_652061b694fc_stage08_b05_formal_85610006,formal,20260810T084554Z,652061b694fcdb9a4b0958a6c90f43d6801d64a7,false,stage08_b05_detrend_scales_v1,0df01b630b33511278bbe1cfc336a8f8751115a0ceef05ec33fd2aaac9c7793c,operator,detrend,NA,NA,detrend,detrend__detrend_int32_10e2__463abaac4ef6945f,detrend_int32_10e2,10^2,100,x=[100],INT32,GPU,not_applicable,compatibility/end-to-end,PASS,OK,20,100,41,0.425103,true,463abaac4ef6945f7aa70dbd597e643439e62d8634e3d9b684f0600a805abd17,6f55be957090879e069a1cb6e3594279a6d42ebd020704464ceed7ac4e14fdb3
1,20260810T084554Z_652061b694fc_stage08_b05_formal_85610006,formal,20260810T084554Z,652061b694fcdb9a4b0958a6c90f43d6801d64a7,false,stage08_b05_detrend_scales_v1,0df01b630b33511278bbe1cfc336a8f8751115a0ceef05ec33fd2aaac9c7793c,operator,detrend,NA,NA,detrend,detrend__detrend_int32_10e2__463abaac4ef6945f,detrend_int32_10e2,10^2,100,x=[100],INT32,GPU,not_applicable,compatibility/end-to-end,PASS,OK,20,100,42,0.431432,true,463abaac4ef6945f7aa70dbd597e643439e62d8634e3d9b684f0600a805abd17,6f55be957090879e069a1cb6e3594279a6d42ebd020704464ceed7ac4e14fdb3
1,20260810T084554Z_652061b694fc_stage08_b05_formal_85610006,formal,20260810T084554Z,652061b694fcdb9a4b0958a6c90f43d6801d64a7,false,stage08_b05_detrend_scales_v1,0df01b630b33511278bbe1cfc336a8f8751115a0ceef05ec33fd2aaac9c7793c,operator,detrend,NA,NA,detrend,detrend__detrend_int32_10e2__463abaac4ef6945f,detrend_int32_10e2,10^2,100,x=[100],INT32,GPU,not_applicable,compatibility/end-to-end,PASS,OK,20,100,43,0.425782,true,463abaac4ef6945f7aa70dbd597e643439e62d8634e3d9b684f0600a805abd17,6f55be957090879e069a1cb6e3594279a6d42ebd020704464ceed7ac4e14fdb3
1,20260810T084554Z_652061b694fc_stage08_b05_formal_85610006,formal,20260810T084554Z,652061b694fcdb9a4b0958a6c90f43d6801d64a7,false,stage08_b05_detrend_scales_v1,0df01b630b33511278bbe1cfc336a8f8751115a0ceef05ec33fd2aaac9c7793c,operator,detrend,NA,NA,detrend,detrend__detrend_int32_10e2__463abaac4ef6945f,detrend_int32_10e2,10^2,100,x=[100],INT32,GPU,not_applicable,compatibility/end-to-end,PASS,OK,20,100,44,0.425933,true,463abaac4ef6945f7aa70dbd597e643439e62d8634e3d9b684f0600a805abd17,6f55be957090879e069a1cb6e3594279a6d42ebd020704464ceed7ac4e14fdb3
1,20260810T084554Z_652061b694fc_stage08_b05_formal_85610006,formal,20260810T084554Z,652061b694fcdb9a4b0958a6c90f43d6801d64a7,false,stage08_b05_detrend_scales_v1,0df01b630b33511278bbe1cfc336a8f8751115a0ceef05ec33fd2aaac9c7793c,operator,detrend,NA,NA,detrend,detrend__detrend_int32_10e2__463abaac4ef6945f,detrend_int32_10e2,10^2,100,x=[100],INT32,GPU,not_applicable,compatibility/end-to-end,PASS,OK,20,100,45,0.442942,true,463abaac4ef6945f7aa70dbd597e643439e62d8634e3d9b684f0600a805abd17,6f55be957090879e069a1cb6e3594279a6d42ebd020704464ceed7ac4e14fdb3
1,20260810T084554Z_652061b694fc_stage08_b05_formal_85610006,formal,20260810T084554Z,652061b694fcdb9a4b0958a6c90f43d6801d64a7,false,stage08_b05_detrend_scales_v1,0df01b630b33511278bbe1cfc336a8f8751115a0ceef05ec33fd2aaac9c7793c,operator,detrend,NA,NA,detrend,detrend__detrend_int32_10e2__463abaac4ef6945f,detrend_int32_10e2,10^2,100,x=[100],INT32,GPU,not_applicable,compatibility/end-to-end,PASS,OK,20,100,46,0.428312,true,463abaac4ef6945f7aa70dbd597e643439e62d8634e3d9b684f0600a805abd17,6f55be957090879e069a1cb6e3594279a6d42ebd020704464ceed7ac4e14fdb3
1,20260810T084554Z_652061b694fc_stage08_b05_formal_85610006,formal,20260810T084554Z,652061b694fcdb9a4b0958a6c90f43d6801d64a7,false,stage08_b05_detrend_scales_v1,0df01b630b33511278bbe1cfc336a8f8751115a0ceef05ec33fd2aaac9c7793c,operator,detrend,NA,NA,detrend,detrend__detrend_int32_10e2__463abaac4ef6945f,detrend_int32_10e2,10^2,100,x=[100],INT32,GPU,not_applicable,compatibility/end-to-end,PASS,OK,20,100,47,0.424402,true,463abaac4ef6945f7aa70dbd597e643439e62d8634e3d9b684f0600a805abd17,6f55be957090879e069a1cb6e3594279a6d42ebd020704464ceed7ac4e14fdb3
1,20260810T084554Z_652061b694fc_stage08_b05_formal_85610006,formal,20260810T084554Z,652061b694fcdb9a4b0958a6c90f43d6801d64a7,false,stage08_b05_detrend_scales_v1,0df01b630b33511278bbe1cfc336a8f8751115a0ceef05ec33fd2aaac9c7793c,operator,detrend,NA,NA,detrend,detrend__detrend_int32_10e2__463abaac4ef6945f,detrend_int32_10e2,10^2,100,x=[100],INT32,GPU,not_applicable,compatibility/end-to-end,PASS,OK,20,100,48,0.428343,true,463abaac4ef6945f7aa70dbd597e643439e62d8634e3d9b684f0600a805abd17,6f55be957090879e069a1cb6e3594279a6d42ebd020704464ceed7ac4e14fdb3
1,20260810T084554Z_652061b694fc_stage08_b05_formal_85610006,formal,20260810T084554Z,652061b694fcdb9a4b0958a6c90f43d6801d64a7,false,stage08_b05_detrend_scales_v1,0df01b630b33511278bbe1cfc336a8f8751115a0ceef05ec33fd2aaac9c7793c,operator,detrend,NA,NA,detrend,detrend__detrend_int32_10e2__463abaac4ef6945f,detrend_int32_10e2,10^2,100,x=[100],INT32,GPU,not_applicable,compatibility/end-to-end,PASS,OK,20,100,49,0.422152,true,463abaac4ef6945f7aa70dbd597e643439e62d8634e3d9b684f0600a805abd17,6f55be957090879e069a1cb6e3594279a6d42ebd020704464ceed7ac4e14fdb3
1,20260810T084554Z_652061b694fc_stage08_b05_formal_85610006,formal,20260810T084554Z,652061b694fcdb9a4b0958a6c90f43d6801d64a7,false,stage08_b05_detrend_scales_v1,0df01b630b33511278bbe1cfc336a8f8751115a0ceef05ec33fd2aaac9c7793c,operator,detrend,NA,NA,detrend,detrend__detrend_int32_10e2__463abaac4ef6945f,detrend_int32_10e2,10^2,100,x=[100],INT32,GPU,not_applicable,compatibility/end-to-end,PASS,OK,20,100,50,0.429462,true,463abaac4ef6945f7aa70dbd597e643439e62d8634e3d9b684f0600a805abd17,6f55be957090879e069a1cb6e3594279a6d42ebd020704464ceed7ac4e14fdb3
1,20260810T084554Z_652061b694fc_stage08_b05_formal_85610006,formal,20260810T084554Z,652061b694fcdb9a4b0958a6c90f43d6801d64a7,false,stage08_b05_detrend_scales_v1,0df01b630b33511278bbe1cfc336a8f8751115a0ceef05ec33fd2aaac9c7793c,operator,detrend,NA,NA,detrend,detrend__detrend_int32_10e2__463abaac4ef6945f,detrend_int32_10e2,10^2,100,x=[100],INT32,GPU,not_applicable,compatibility/end-to-end,PASS,OK,20,100,51,0.422223,true,463abaac4ef6945f7aa70dbd597e643439e62d8634e3d9b684f0600a805abd17,6f55be957090879e069a1cb6e3594279a6d42ebd020704464ceed7ac4e14fdb3
1,20260810T084554Z_652061b694fc_stage08_b05_formal_85610006,formal,20260810T084554Z,652061b694fcdb9a4b0958a6c90f43d6801d64a7,false,stage08_b05_detrend_scales_v1,0df01b630b33511278bbe1cfc336a8f8751115a0ceef05ec33fd2aaac9c7793c,operator,detrend,NA,NA,detrend,detrend__detrend_int32_10e2__463abaac4ef6945f,detrend_int32_10e2,10^2,100,x=[100],INT32,GPU,not_applicable,compatibility/end-to-end,PASS,OK,20,100,52,0.428802,true,463abaac4ef6945f7aa70dbd597e643439e62d8634e3d9b684f0600a805abd17,6f55be957090879e069a1cb6e3594279a6d42ebd020704464ceed7ac4e14fdb3
1,20260810T084554Z_652061b694fc_stage08_b05_formal_85610006,formal,20260810T084554Z,652061b694fcdb9a4b0958a6c90f43d6801d64a7,false,stage08_b05_detrend_scales_v1,0df01b630b33511278bbe1cfc336a8f8751115a0ceef05ec33fd2aaac9c7793c,operator,detrend,NA,NA,detrend,detrend__detrend_int32_10e2__463abaac4ef6945f,detrend_int32_10e2,10^2,100,x=[100],INT32,GPU,not_applicable,compatibility/end-to-end,PASS,OK,20,100,53,0.427932,true,463abaac4ef6945f7aa70dbd597e643439e62d8634e3d9b684f0600a805abd17,6f55be957090879e069a1cb6e3594279a6d42ebd020704464ceed7ac4e14fdb3
1,20260810T084554Z_652061b694fc_stage08_b05_formal_85610006,formal,20260810T084554Z,652061b694fcdb9a4b0958a6c90f43d6801d64a7,false,stage08_b05_detrend_scales_v1,0df01b630b33511278bbe1cfc336a8f8751115a0ceef05ec33fd2aaac9c7793c,operator,detrend,NA,NA,detrend,detrend__detrend_int32_10e2__463abaac4ef6945f,detrend_int32_10e2,10^2,100,x=[100],INT32,GPU,not_applicable,compatibility/end-to-end,PASS,OK,20,100,54,0.436963,true,463abaac4ef6945f7aa70dbd597e643439e62d8634e3d9b684f0600a805abd17,6f55be957090879e069a1cb6e3594279a6d42ebd020704464ceed7ac4e14fdb3
1,20260810T084554Z_652061b694fc_stage08_b05_formal_85610006,formal,20260810T084554Z,652061b694fcdb9a4b0958a6c90f43d6801d64a7,false,stage08_b05_detrend_scales_v1,0df01b630b33511278bbe1cfc336a8f8751115a0ceef05ec33fd2aaac9c7793c,operator,detrend,NA,NA,detrend,detrend__detrend_int32_10e2__463abaac4ef6945f,detrend_int32_10e2,10^2,100,x=[100],INT32,GPU,not_applicable,compatibility/end-to-end,PASS,OK,20,100,55,0.424742,true,463abaac4ef6945f7aa70dbd597e643439e62d8634e3d9b684f0600a805abd17,6f55be957090879e069a1cb6e3594279a6d42ebd020704464ceed7ac4e14fdb3
1,20260810T084554Z_652061b694fc_stage08_b05_formal_85610006,formal,20260810T084554Z,652061b694fcdb9a4b0958a6c90f43d6801d64a7,false,stage08_b05_detrend_scales_v1,0df01b630b33511278bbe1cfc336a8f8751115a0ceef05ec33fd2aaac9c7793c,operator,detrend,NA,NA,detrend,detrend__detrend_int32_10e2__463abaac4ef6945f,detrend_int32_10e2,10^2,100,x=[100],INT32,GPU,not_applicable,compatibility/end-to-end,PASS,OK,20,100,56,0.421812,true,463abaac4ef6945f7aa70dbd597e643439e62d8634e3d9b684f0600a805abd17,6f55be957090879e069a1cb6e3594279a6d42ebd020704464ceed7ac4e14fdb3
1,20260810T084554Z_652061b694fc_stage08_b05_formal_85610006,formal,20260810T084554Z,652061b694fcdb9a4b0958a6c90f43d6801d64a7,false,stage08_b05_detrend_scales_v1,0df01b630b33511278bbe1cfc336a8f8751115a0ceef05ec33fd2aaac9c7793c,operator,detrend,NA,NA,detrend,detrend__detrend_int32_10e2__463abaac4ef6945f,detrend_int32_10e2,10^2,100,x=[100],INT32,GPU,not_applicable,compatibility/end-to-end,PASS,OK,20,100,57,0.423792,true,463abaac4ef6945f7aa70dbd597e643439e62d8634e3d9b684f0600a805abd17,6f55be957090879e069a1cb6e3594279a6d42ebd020704464ceed7ac4e14fdb3
1,20260810T084554Z_652061b694fc_stage08_b05_formal_85610006,formal,20260810T084554Z,652061b694fcdb9a4b0958a6c90f43d6801d64a7,false,stage08_b05_detrend_scales_v1,0df01b630b33511278bbe1cfc336a8f8751115a0ceef05ec33fd2aaac9c7793c,operator,detrend,NA,NA,detrend,detrend__detrend_int32_10e2__463abaac4ef6945f,detrend_int32_10e2,10^2,100,x=[100],INT32,GPU,not_applicable,compatibility/end-to-end,PASS,OK,20,100,58,0.428533,true,463abaac4ef6945f7aa70dbd597e643439e62d8634e3d9b684f0600a805abd17,6f55be957090879e069a1cb6e3594279a6d42ebd020704464ceed7ac4e14fdb3
1,20260810T084554Z_652061b694fc_stage08_b05_formal_85610006,formal,20260810T084554Z,652061b694fcdb9a4b0958a6c90f43d6801d64a7,false,stage08_b05_detrend_scales_v1,0df01b630b33511278bbe1cfc336a8f8751115a0ceef05ec33fd2aaac9c7793c,operator,detrend,NA,NA,detrend,detrend__detrend_int32_10e2__463abaac4ef6945f,detrend_int32_10e2,10^2,100,x=[100],INT32,GPU,not_applicable,compatibility/end-to-end,PASS,OK,20,100,59,0.445892,true,463abaac4ef6945f7aa70dbd597e643439e62d8634e3d9b684f0600a805abd17,6f55be957090879e069a1cb6e3594279a6d42ebd020704464ceed7ac4e14fdb3
1,20260810T084554Z_652061b694fc_stage08_b05_formal_85610006,formal,20260810T084554Z,652061b694fcdb9a4b0958a6c90f43d6801d64a7,false,stage08_b05_detrend_scales_v1,0df01b630b33511278bbe1cfc336a8f8751115a0ceef05ec33fd2aaac9c7793c,operator,detrend,NA,NA,detrend,detrend__detrend_int32_10e2__463abaac4ef6945f,detrend_int32_10e2,10^2,100,x=[100],INT32,GPU,not_applicable,compatibility/end-to-end,PASS,OK,20,100,60,0.546833,true,463abaac4ef6945f7aa70dbd597e643439e62d8634e3d9b684f0600a805abd17,6f55be957090879e069a1cb6e3594279a6d42ebd020704464ceed7ac4e14fdb3
1,20260810T084554Z_652061b694fc_stage08_b05_formal_85610006,formal,20260810T084554Z,652061b694fcdb9a4b0958a6c90f43d6801d64a7,false,stage08_b05_detrend_scales_v1,0df01b630b33511278bbe1cfc336a8f8751115a0ceef05ec33fd2aaac9c7793c,operator,detrend,NA,NA,detrend,detrend__detrend_int32_10e2__463abaac4ef6945f,detrend_int32_10e2,10^2,100,x=[100],INT32,GPU,not_applicable,compatibility/end-to-end,PASS,OK,20,100,61,0.432502,true,463abaac4ef6945f7aa70dbd597e643439e62d8634e3d9b684f0600a805abd17,6f55be957090879e069a1cb6e3594279a6d42ebd020704464ceed7ac4e14fdb3
1,20260810T084554Z_652061b694fc_stage08_b05_formal_85610006,formal,20260810T084554Z,652061b694fcdb9a4b0958a6c90f43d6801d64a7,false,stage08_b05_detrend_scales_v1,0df01b630b33511278bbe1cfc336a8f8751115a0ceef05ec33fd2aaac9c7793c,operator,detrend,NA,NA,detrend,detrend__detrend_int32_10e2__463abaac4ef6945f,detrend_int32_10e2,10^2,100,x=[100],INT32,GPU,not_applicable,compatibility/end-to-end,PASS,OK,20,100,62,0.425653,true,463abaac4ef6945f7aa70dbd597e643439e62d8634e3d9b684f0600a805abd17,6f55be957090879e069a1cb6e3594279a6d42ebd020704464ceed7ac4e14fdb3
1,20260810T084554Z_652061b694fc_stage08_b05_formal_85610006,formal,20260810T084554Z,652061b694fcdb9a4b0958a6c90f43d6801d64a7,false,stage08_b05_detrend_scales_v1,0df01b630b33511278bbe1cfc336a8f8751115a0ceef05ec33fd2aaac9c7793c,operator,detrend,NA,NA,detrend,detrend__detrend_int32_10e2__463abaac4ef6945f,detrend_int32_10e2,10^2,100,x=[100],INT32,GPU,not_applicable,compatibility/end-to-end,PASS,OK,20,100,63,0.427832,true,463abaac4ef6945f7aa70dbd597e643439e62d8634e3d9b684f0600a805abd17,6f55be957090879e069a1cb6e3594279a6d42ebd020704464ceed7ac4e14fdb3
1,20260810T084554Z_652061b694fc_stage08_b05_formal_85610006,formal,20260810T084554Z,652061b694fcdb9a4b0958a6c90f43d6801d64a7,false,stage08_b05_detrend_scales_v1,0df01b630b33511278bbe1cfc336a8f8751115a0ceef05ec33fd2aaac9c7793c,operator,detrend,NA,NA,detrend,detrend__detrend_int32_10e2__463abaac4ef6945f,detrend_int32_10e2,10^2,100,x=[100],INT32,GPU,not_applicable,compatibility/end-to-end,PASS,OK,20,100,64,0.434642,true,463abaac4ef6945f7aa70dbd597e643439e62d8634e3d9b684f0600a805abd17,6f55be957090879e069a1cb6e3594279a6d42ebd020704464ceed7ac4e14fdb3
1,20260810T084554Z_652061b694fc_stage08_b05_formal_85610006,formal,20260810T084554Z,652061b694fcdb9a4b0958a6c90f43d6801d64a7,false,stage08_b05_detrend_scales_v1,0df01b630b33511278bbe1cfc336a8f8751115a0ceef05ec33fd2aaac9c7793c,operator,detrend,NA,NA,detrend,detrend__detrend_int32_10e2__463abaac4ef6945f,detrend_int32_10e2,10^2,100,x=[100],INT32,GPU,not_applicable,compatibility/end-to-end,PASS,OK,20,100,65,0.427222,true,463abaac4ef6945f7aa70dbd597e643439e62d8634e3d9b684f0600a805abd17,6f55be957090879e069a1cb6e3594279a6d42ebd020704464ceed7ac4e14fdb3
1,20260810T084554Z_652061b694fc_stage08_b05_formal_85610006,formal,20260810T084554Z,652061b694fcdb9a4b0958a6c90f43d6801d64a7,false,stage08_b05_detrend_scales_v1,0df01b630b33511278bbe1cfc336a8f8751115a0ceef05ec33fd2aaac9c7793c,operator,detrend,NA,NA,detrend,detrend__detrend_int32_10e2__463abaac4ef6945f,detrend_int32_10e2,10^2,100,x=[100],INT32,GPU,not_applicable,compatibility/end-to-end,PASS,OK,20,100,66,0.424453,true,463abaac4ef6945f7aa70dbd597e643439e62d8634e3d9b684f0600a805abd17,6f55be957090879e069a1cb6e3594279a6d42ebd020704464ceed7ac4e14fdb3
1,20260810T084554Z_652061b694fc_stage08_b05_formal_85610006,formal,20260810T084554Z,652061b694fcdb9a4b0958a6c90f43d6801d64a7,false,stage08_b05_detrend_scales_v1,0df01b630b33511278bbe1cfc336a8f8751115a0ceef05ec33fd2aaac9c7793c,operator,detrend,NA,NA,detrend,detrend__detrend_int32_10e2__463abaac4ef6945f,detrend_int32_10e2,10^2,100,x=[100],INT32,GPU,not_applicable,compatibility/end-to-end,PASS,OK,20,100,67,0.420462,true,463abaac4ef6945f7aa70dbd597e643439e62d8634e3d9b684f0600a805abd17,6f55be957090879e069a1cb6e3594279a6d42ebd020704464ceed7ac4e14fdb3
1,20260810T084554Z_652061b694fc_stage08_b05_formal_85610006,formal,20260810T084554Z,652061b694fcdb9a4b0958a6c90f43d6801d64a7,false,stage08_b05_detrend_scales_v1,0df01b630b33511278bbe1cfc336a8f8751115a0ceef05ec33fd2aaac9c7793c,operator,detrend,NA,NA,detrend,detrend__detrend_int32_10e2__463abaac4ef6945f,detrend_int32_10e2,10^2,100,x=[100],INT32,GPU,not_applicable,compatibility/end-to-end,PASS,OK,20,100,68,0.423762,true,463abaac4ef6945f7aa70dbd597e643439e62d8634e3d9b684f0600a805abd17,6f55be957090879e069a1cb6e3594279a6d42ebd020704464ceed7ac4e14fdb3
1,20260810T084554Z_652061b694fc_stage08_b05_formal_85610006,formal,20260810T084554Z,652061b694fcdb9a4b0958a6c90f43d6801d64a7,false,stage08_b05_detrend_scales_v1,0df01b630b33511278bbe1cfc336a8f8751115a0ceef05ec33fd2aaac9c7793c,operator,detrend,NA,NA,detrend,detrend__detrend_int32_10e2__463abaac4ef6945f,detrend_int32_10e2,10^2,100,x=[100],INT32,GPU,not_applicable,compatibility/end-to-end,PASS,OK,20,100,69,0.423222,true,463abaac4ef6945f7aa70dbd597e643439e62d8634e3d9b684f0600a805abd17,6f55be957090879e069a1cb6e3594279a6d42ebd020704464ceed7ac4e14fdb3
1,20260810T084554Z_652061b694fc_stage08_b05_formal_85610006,formal,20260810T084554Z,652061b694fcdb9a4b0958a6c90f43d6801d64a7,false,stage08_b05_detrend_scales_v1,0df01b630b33511278bbe1cfc336a8f8751115a0ceef05ec33fd2aaac9c7793c,operator,detrend,NA,NA,detrend,detrend__detrend_int32_10e2__463abaac4ef6945f,detrend_int32_10e2,10^2,100,x=[100],INT32,GPU,not_applicable,compatibility/end-to-end,PASS,OK,20,100,70,0.427142,true,463abaac4ef6945f7aa70dbd597e643439e62d8634e3d9b684f0600a805abd17,6f55be957090879e069a1cb6e3594279a6d42ebd020704464ceed7ac4e14fdb3
1,20260810T084554Z_652061b694fc_stage08_b05_formal_85610006,formal,20260810T084554Z,652061b694fcdb9a4b0958a6c90f43d6801d64a7,false,stage08_b05_detrend_scales_v1,0df01b630b33511278bbe1cfc336a8f8751115a0ceef05ec33fd2aaac9c7793c,operator,detrend,NA,NA,detrend,detrend__detrend_int32_10e2__463abaac4ef6945f,detrend_int32_10e2,10^2,100,x=[100],INT32,GPU,not_applicable,compatibility/end-to-end,PASS,OK,20,100,71,0.422773,true,463abaac4ef6945f7aa70dbd597e643439e62d8634e3d9b684f0600a805abd17,6f55be957090879e069a1cb6e3594279a6d42ebd020704464ceed7ac4e14fdb3
1,20260810T084554Z_652061b694fc_stage08_b05_formal_85610006,formal,20260810T084554Z,652061b694fcdb9a4b0958a6c90f43d6801d64a7,false,stage08_b05_detrend_scales_v1,0df01b630b33511278bbe1cfc336a8f8751115a0ceef05ec33fd2aaac9c7793c,operator,detrend,NA,NA,detrend,detrend__detrend_int32_10e2__463abaac4ef6945f,detrend_int32_10e2,10^2,100,x=[100],INT32,GPU,not_applicable,compatibility/end-to-end,PASS,OK,20,100,72,0.431192,true,463abaac4ef6945f7aa70dbd597e643439e62d8634e3d9b684f0600a805abd17,6f55be957090879e069a1cb6e3594279a6d42ebd020704464ceed7ac4e14fdb3
1,20260810T084554Z_652061b694fc_stage08_b05_formal_85610006,formal,20260810T084554Z,652061b694fcdb9a4b0958a6c90f43d6801d64a7,false,stage08_b05_detrend_scales_v1,0df01b630b33511278bbe1cfc336a8f8751115a0ceef05ec33fd2aaac9c7793c,operator,detrend,NA,NA,detrend,detrend__detrend_int32_10e2__463abaac4ef6945f,detrend_int32_10e2,10^2,100,x=[100],INT32,GPU,not_applicable,compatibility/end-to-end,PASS,OK,20,100,73,0.456432,true,463abaac4ef6945f7aa70dbd597e643439e62d8634e3d9b684f0600a805abd17,6f55be957090879e069a1cb6e3594279a6d42ebd020704464ceed7ac4e14fdb3
1,20260810T084554Z_652061b694fc_stage08_b05_formal_85610006,formal,20260810T084554Z,652061b694fcdb9a4b0958a6c90f43d6801d64a7,false,stage08_b05_detrend_scales_v1,0df01b630b33511278bbe1cfc336a8f8751115a0ceef05ec33fd2aaac9c7793c,operator,detrend,NA,NA,detrend,detrend__detrend_int32_10e2__463abaac4ef6945f,detrend_int32_10e2,10^2,100,x=[100],INT32,GPU,not_applicable,compatibility/end-to-end,PASS,OK,20,100,74,0.428363,true,463abaac4ef6945f7aa70dbd597e643439e62d8634e3d9b684f0600a805abd17,6f55be957090879e069a1cb6e3594279a6d42ebd020704464ceed7ac4e14fdb3
1,20260810T084554Z_652061b694fc_stage08_b05_formal_85610006,formal,20260810T084554Z,652061b694fcdb9a4b0958a6c90f43d6801d64a7,false,stage08_b05_detrend_scales_v1,0df01b630b33511278bbe1cfc336a8f8751115a0ceef05ec33fd2aaac9c7793c,operator,detrend,NA,NA,detrend,detrend__detrend_int32_10e2__463abaac4ef6945f,detrend_int32_10e2,10^2,100,x=[100],INT32,GPU,not_applicable,compatibility/end-to-end,PASS,OK,20,100,75,0.424832,true,463abaac4ef6945f7aa70dbd597e643439e62d8634e3d9b684f0600a805abd17,6f55be957090879e069a1cb6e3594279a6d42ebd020704464ceed7ac4e14fdb3
1,20260810T084554Z_652061b694fc_stage08_b05_formal_85610006,formal,20260810T084554Z,652061b694fcdb9a4b0958a6c90f43d6801d64a7,false,stage08_b05_detrend_scales_v1,0df01b630b33511278bbe1cfc336a8f8751115a0ceef05ec33fd2aaac9c7793c,operator,detrend,NA,NA,detrend,detrend__detrend_int32_10e2__463abaac4ef6945f,detrend_int32_10e2,10^2,100,x=[100],INT32,GPU,not_applicable,compatibility/end-to-end,PASS,OK,20,100,76,0.425372,true,463abaac4ef6945f7aa70dbd597e643439e62d8634e3d9b684f0600a805abd17,6f55be957090879e069a1cb6e3594279a6d42ebd020704464ceed7ac4e14fdb3
1,20260810T084554Z_652061b694fc_stage08_b05_formal_85610006,formal,20260810T084554Z,652061b694fcdb9a4b0958a6c90f43d6801d64a7,false,stage08_b05_detrend_scales_v1,0df01b630b33511278bbe1cfc336a8f8751115a0ceef05ec33fd2aaac9c7793c,operator,detrend,NA,NA,detrend,detrend__detrend_int32_10e2__463abaac4ef6945f,detrend_int32_10e2,10^2,100,x=[100],INT32,GPU,not_applicable,compatibility/end-to-end,PASS,OK,20,100,77,0.423142,true,463abaac4ef6945f7aa70dbd597e643439e62d8634e3d9b684f0600a805abd17,6f55be957090879e069a1cb6e3594279a6d42ebd020704464ceed7ac4e14fdb3
1,20260810T084554Z_652061b694fc_stage08_b05_formal_85610006,formal,20260810T084554Z,652061b694fcdb9a4b0958a6c90f43d6801d64a7,false,stage08_b05_detrend_scales_v1,0df01b630b33511278bbe1cfc336a8f8751115a0ceef05ec33fd2aaac9c7793c,operator,detrend,NA,NA,detrend,detrend__detrend_int32_10e2__463abaac4ef6945f,detrend_int32_10e2,10^2,100,x=[100],INT32,GPU,not_applicable,compatibility/end-to-end,PASS,OK,20,100,78,0.427473,true,463abaac4ef6945f7aa70dbd597e643439e62d8634e3d9b684f0600a805abd17,6f55be957090879e069a1cb6e3594279a6d42ebd020704464ceed7ac4e14fdb3
1,20260810T084554Z_652061b694fc_stage08_b05_formal_85610006,formal,20260810T084554Z,652061b694fcdb9a4b0958a6c90f43d6801d64a7,false,stage08_b05_detrend_scales_v1,0df01b630b33511278bbe1cfc336a8f8751115a0ceef05ec33fd2aaac9c7793c,operator,detrend,NA,NA,detrend,detrend__detrend_int32_10e2__463abaac4ef6945f,detrend_int32_10e2,10^2,100,x=[100],INT32,GPU,not_applicable,compatibility/end-to-end,PASS,OK,20,100,79,0.425242,true,463abaac4ef6945f7aa70dbd597e643439e62d8634e3d9b684f0600a805abd17,6f55be957090879e069a1cb6e3594279a6d42ebd020704464ceed7ac4e14fdb3
1,20260810T084554Z_652061b694fc_stage08_b05_formal_85610006,formal,20260810T084554Z,652061b694fcdb9a4b0958a6c90f43d6801d64a7,false,stage08_b05_detrend_scales_v1,0df01b630b33511278bbe1cfc336a8f8751115a0ceef05ec33fd2aaac9c7793c,operator,detrend,NA,NA,detrend,detrend__detrend_int32_10e2__463abaac4ef6945f,detrend_int32_10e2,10^2,100,x=[100],INT32,GPU,not_applicable,compatibility/end-to-end,PASS,OK,20,100,80,0.432242,true,463abaac4ef6945f7aa70dbd597e643439e62d8634e3d9b684f0600a805abd17,6f55be957090879e069a1cb6e3594279a6d42ebd020704464ceed7ac4e14fdb3
1,20260810T084554Z_652061b694fc_stage08_b05_formal_85610006,formal,20260810T084554Z,652061b694fcdb9a4b0958a6c90f43d6801d64a7,false,stage08_b05_detrend_scales_v1,0df01b630b33511278bbe1cfc336a8f8751115a0ceef05ec33fd2aaac9c7793c,operator,detrend,NA,NA,detrend,detrend__detrend_int32_10e2__463abaac4ef6945f,detrend_int32_10e2,10^2,100,x=[100],INT32,GPU,not_applicable,compatibility/end-to-end,PASS,OK,20,100,81,0.424253,true,463abaac4ef6945f7aa70dbd597e643439e62d8634e3d9b684f0600a805abd17,6f55be957090879e069a1cb6e3594279a6d42ebd020704464ceed7ac4e14fdb3
1,20260810T084554Z_652061b694fc_stage08_b05_formal_85610006,formal,20260810T084554Z,652061b694fcdb9a4b0958a6c90f43d6801d64a7,false,stage08_b05_detrend_scales_v1,0df01b630b33511278bbe1cfc336a8f8751115a0ceef05ec33fd2aaac9c7793c,operator,detrend,NA,NA,detrend,detrend__detrend_int32_10e2__463abaac4ef6945f,detrend_int32_10e2,10^2,100,x=[100],INT32,GPU,not_applicable,compatibility/end-to-end,PASS,OK,20,100,82,0.426572,true,463abaac4ef6945f7aa70dbd597e643439e62d8634e3d9b684f0600a805abd17,6f55be957090879e069a1cb6e3594279a6d42ebd020704464ceed7ac4e14fdb3
1,20260810T084554Z_652061b694fc_stage08_b05_formal_85610006,formal,20260810T084554Z,652061b694fcdb9a4b0958a6c90f43d6801d64a7,false,stage08_b05_detrend_scales_v1,0df01b630b33511278bbe1cfc336a8f8751115a0ceef05ec33fd2aaac9c7793c,operator,detrend,NA,NA,detrend,detrend__detrend_int32_10e2__463abaac4ef6945f,detrend_int32_10e2,10^2,100,x=[100],INT32,GPU,not_applicable,compatibility/end-to-end,PASS,OK,20,100,83,0.424902,true,463abaac4ef6945f7aa70dbd597e643439e62d8634e3d9b684f0600a805abd17,6f55be957090879e069a1cb6e3594279a6d42ebd020704464ceed7ac4e14fdb3
1,20260810T084554Z_652061b694fc_stage08_b05_formal_85610006,formal,20260810T084554Z,652061b694fcdb9a4b0958a6c90f43d6801d64a7,false,stage08_b05_detrend_scales_v1,0df01b630b33511278bbe1cfc336a8f8751115a0ceef05ec33fd2aaac9c7793c,operator,detrend,NA,NA,detrend,detrend__detrend_int32_10e2__463abaac4ef6945f,detrend_int32_10e2,10^2,100,x=[100],INT32,GPU,not_applicable,compatibility/end-to-end,PASS,OK,20,100,84,0.424352,true,463abaac4ef6945f7aa70dbd597e643439e62d8634e3d9b684f0600a805abd17,6f55be957090879e069a1cb6e3594279a6d42ebd020704464ceed7ac4e14fdb3
1,20260810T084554Z_652061b694fc_stage08_b05_formal_85610006,formal,20260810T084554Z,652061b694fcdb9a4b0958a6c90f43d6801d64a7,false,stage08_b05_detrend_scales_v1,0df01b630b33511278bbe1cfc336a8f8751115a0ceef05ec33fd2aaac9c7793c,operator,detrend,NA,NA,detrend,detrend__detrend_int32_10e2__463abaac4ef6945f,detrend_int32_10e2,10^2,100,x=[100],INT32,GPU,not_applicable,compatibility/end-to-end,PASS,OK,20,100,85,0.428663,true,463abaac4ef6945f7aa70dbd597e643439e62d8634e3d9b684f0600a805abd17,6f55be957090879e069a1cb6e3594279a6d42ebd020704464ceed7ac4e14fdb3
1,20260810T084554Z_652061b694fc_stage08_b05_formal_85610006,formal,20260810T084554Z,652061b694fcdb9a4b0958a6c90f43d6801d64a7,false,stage08_b05_detrend_scales_v1,0df01b630b33511278bbe1cfc336a8f8751115a0ceef05ec33fd2aaac9c7793c,operator,detrend,NA,NA,detrend,detrend__detrend_int32_10e2__463abaac4ef6945f,detrend_int32_10e2,10^2,100,x=[100],INT32,GPU,not_applicable,compatibility/end-to-end,PASS,OK,20,100,86,0.427422,true,463abaac4ef6945f7aa70dbd597e643439e62d8634e3d9b684f0600a805abd17,6f55be957090879e069a1cb6e3594279a6d42ebd020704464ceed7ac4e14fdb3
1,20260810T084554Z_652061b694fc_stage08_b05_formal_85610006,formal,20260810T084554Z,652061b694fcdb9a4b0958a6c90f43d6801d64a7,false,stage08_b05_detrend_scales_v1,0df01b630b33511278bbe1cfc336a8f8751115a0ceef05ec33fd2aaac9c7793c,operator,detrend,NA,NA,detrend,detrend__detrend_int32_10e2__463abaac4ef6945f,detrend_int32_10e2,10^2,100,x=[100],INT32,GPU,not_applicable,compatibility/end-to-end,PASS,OK,20,100,87,0.426802,true,463abaac4ef6945f7aa70dbd597e643439e62d8634e3d9b684f0600a805abd17,6f55be957090879e069a1cb6e3594279a6d42ebd020704464ceed7ac4e14fdb3
1,20260810T084554Z_652061b694fc_stage08_b05_formal_85610006,formal,20260810T084554Z,652061b694fcdb9a4b0958a6c90f43d6801d64a7,false,stage08_b05_detrend_scales_v1,0df01b630b33511278bbe1cfc336a8f8751115a0ceef05ec33fd2aaac9c7793c,operator,detrend,NA,NA,detrend,detrend__detrend_int32_10e2__463abaac4ef6945f,detrend_int32_10e2,10^2,100,x=[100],INT32,GPU,not_applicable,compatibility/end-to-end,PASS,OK,20,100,88,0.423413,true,463abaac4ef6945f7aa70dbd597e643439e62d8634e3d9b684f0600a805abd17,6f55be957090879e069a1cb6e3594279a6d42ebd020704464ceed7ac4e14fdb3
1,20260810T084554Z_652061b694fc_stage08_b05_formal_85610006,formal,20260810T084554Z,652061b694fcdb9a4b0958a6c90f43d6801d64a7,false,stage08_b05_detrend_scales_v1,0df01b630b33511278bbe1cfc336a8f8751115a0ceef05ec33fd2aaac9c7793c,operator,detrend,NA,NA,detrend,detrend__detrend_int32_10e2__463abaac4ef6945f,detrend_int32_10e2,10^2,100,x=[100],INT32,GPU,not_applicable,compatibility/end-to-end,PASS,OK,20,100,89,0.430742,true,463abaac4ef6945f7aa70dbd597e643439e62d8634e3d9b684f0600a805abd17,6f55be957090879e069a1cb6e3594279a6d42ebd020704464ceed7ac4e14fdb3
1,20260810T084554Z_652061b694fc_stage08_b05_formal_85610006,formal,20260810T084554Z,652061b694fcdb9a4b0958a6c90f43d6801d64a7,false,stage08_b05_detrend_scales_v1,0df01b630b33511278bbe1cfc336a8f8751115a0ceef05ec33fd2aaac9c7793c,operator,detrend,NA,NA,detrend,detrend__detrend_int32_10e2__463abaac4ef6945f,detrend_int32_10e2,10^2,100,x=[100],INT32,GPU,not_applicable,compatibility/end-to-end,PASS,OK,20,100,90,0.426042,true,463abaac4ef6945f7aa70dbd597e643439e62d8634e3d9b684f0600a805abd17,6f55be957090879e069a1cb6e3594279a6d42ebd020704464ceed7ac4e14fdb3
1,20260810T084554Z_652061b694fc_stage08_b05_formal_85610006,formal,20260810T084554Z,652061b694fcdb9a4b0958a6c90f43d6801d64a7,false,stage08_b05_detrend_scales_v1,0df01b630b33511278bbe1cfc336a8f8751115a0ceef05ec33fd2aaac9c7793c,operator,detrend,NA,NA,detrend,detrend__detrend_int32_10e2__463abaac4ef6945f,detrend_int32_10e2,10^2,100,x=[100],INT32,GPU,not_applicable,compatibility/end-to-end,PASS,OK,20,100,91,0.621613,true,463abaac4ef6945f7aa70dbd597e643439e62d8634e3d9b684f0600a805abd17,6f55be957090879e069a1cb6e3594279a6d42ebd020704464ceed7ac4e14fdb3
1,20260810T084554Z_652061b694fc_stage08_b05_formal_85610006,formal,20260810T084554Z,652061b694fcdb9a4b0958a6c90f43d6801d64a7,false,stage08_b05_detrend_scales_v1,0df01b630b33511278bbe1cfc336a8f8751115a0ceef05ec33fd2aaac9c7793c,operator,detrend,NA,NA,detrend,detrend__detrend_int32_10e2__463abaac4ef6945f,detrend_int32_10e2,10^2,100,x=[100],INT32,GPU,not_applicable,compatibility/end-to-end,PASS,OK,20,100,92,0.473463,true,463abaac4ef6945f7aa70dbd597e643439e62d8634e3d9b684f0600a805abd17,6f55be957090879e069a1cb6e3594279a6d42ebd020704464ceed7ac4e14fdb3
1,20260810T084554Z_652061b694fc_stage08_b05_formal_85610006,formal,20260810T084554Z,652061b694fcdb9a4b0958a6c90f43d6801d64a7,false,stage08_b05_detrend_scales_v1,0df01b630b33511278bbe1cfc336a8f8751115a0ceef05ec33fd2aaac9c7793c,operator,detrend,NA,NA,detrend,detrend__detrend_int32_10e2__463abaac4ef6945f,detrend_int32_10e2,10^2,100,x=[100],INT32,GPU,not_applicable,compatibility/end-to-end,PASS,OK,20,100,93,0.461062,true,463abaac4ef6945f7aa70dbd597e643439e62d8634e3d9b684f0600a805abd17,6f55be957090879e069a1cb6e3594279a6d42ebd020704464ceed7ac4e14fdb3
1,20260810T084554Z_652061b694fc_stage08_b05_formal_85610006,formal,20260810T084554Z,652061b694fcdb9a4b0958a6c90f43d6801d64a7,false,stage08_b05_detrend_scales_v1,0df01b630b33511278bbe1cfc336a8f8751115a0ceef05ec33fd2aaac9c7793c,operator,detrend,NA,NA,detrend,detrend__detrend_int32_10e2__463abaac4ef6945f,detrend_int32_10e2,10^2,100,x=[100],INT32,GPU,not_applicable,compatibility/end-to-end,PASS,OK,20,100,94,0.466113,true,463abaac4ef6945f7aa70dbd597e643439e62d8634e3d9b684f0600a805abd17,6f55be957090879e069a1cb6e3594279a6d42ebd020704464ceed7ac4e14fdb3
1,20260810T084554Z_652061b694fc_stage08_b05_formal_85610006,formal,20260810T084554Z,652061b694fcdb9a4b0958a6c90f43d6801d64a7,false,stage08_b05_detrend_scales_v1,0df01b630b33511278bbe1cfc336a8f8751115a0ceef05ec33fd2aaac9c7793c,operator,detrend,NA,NA,detrend,detrend__detrend_int32_10e2__463abaac4ef6945f,detrend_int32_10e2,10^2,100,x=[100],INT32,GPU,not_applicable,compatibility/end-to-end,PASS,OK,20,100,95,0.456112,true,463abaac4ef6945f7aa70dbd597e643439e62d8634e3d9b684f0600a805abd17,6f55be957090879e069a1cb6e3594279a6d42ebd020704464ceed7ac4e14fdb3
1,20260810T084554Z_652061b694fc_stage08_b05_formal_85610006,formal,20260810T084554Z,652061b694fcdb9a4b0958a6c90f43d6801d64a7,false,stage08_b05_detrend_scales_v1,0df01b630b33511278bbe1cfc336a8f8751115a0ceef05ec33fd2aaac9c7793c,operator,detrend,NA,NA,detrend,detrend__detrend_int32_10e2__463abaac4ef6945f,detrend_int32_10e2,10^2,100,x=[100],INT32,GPU,not_applicable,compatibility/end-to-end,PASS,OK,20,100,96,0.451283,true,463abaac4ef6945f7aa70dbd597e643439e62d8634e3d9b684f0600a805abd17,6f55be957090879e069a1cb6e3594279a6d42ebd020704464ceed7ac4e14fdb3
1,20260810T084554Z_652061b694fc_stage08_b05_formal_85610006,formal,20260810T084554Z,652061b694fcdb9a4b0958a6c90f43d6801d64a7,false,stage08_b05_detrend_scales_v1,0df01b630b33511278bbe1cfc336a8f8751115a0ceef05ec33fd2aaac9c7793c,operator,detrend,NA,NA,detrend,detrend__detrend_int32_10e2__463abaac4ef6945f,detrend_int32_10e2,10^2,100,x=[100],INT32,GPU,not_applicable,compatibility/end-to-end,PASS,OK,20,100,97,0.449652,true,463abaac4ef6945f7aa70dbd597e643439e62d8634e3d9b684f0600a805abd17,6f55be957090879e069a1cb6e3594279a6d42ebd020704464ceed7ac4e14fdb3
1,20260810T084554Z_652061b694fc_stage08_b05_formal_85610006,formal,20260810T084554Z,652061b694fcdb9a4b0958a6c90f43d6801d64a7,false,stage08_b05_detrend_scales_v1,0df01b630b33511278bbe1cfc336a8f8751115a0ceef05ec33fd2aaac9c7793c,operator,detrend,NA,NA,detrend,detrend__detrend_int32_10e2__463abaac4ef6945f,detrend_int32_10e2,10^2,100,x=[100],INT32,GPU,not_applicable,compatibility/end-to-end,PASS,OK,20,100,98,0.457353,true,463abaac4ef6945f7aa70dbd597e643439e62d8634e3d9b684f0600a805abd17,6f55be957090879e069a1cb6e3594279a6d42ebd020704464ceed7ac4e14fdb3
1,20260810T084554Z_652061b694fc_stage08_b05_formal_85610006,formal,20260810T084554Z,652061b694fcdb9a4b0958a6c90f43d6801d64a7,false,stage08_b05_detrend_scales_v1,0df01b630b33511278bbe1cfc336a8f8751115a0ceef05ec33fd2aaac9c7793c,operator,detrend,NA,NA,detrend,detrend__detrend_int32_10e2__463abaac4ef6945f,detrend_int32_10e2,10^2,100,x=[100],INT32,GPU,not_applicable,compatibility/end-to-end,PASS,OK,20,100,99,0.457112,true,463abaac4ef6945f7aa70dbd597e643439e62d8634e3d9b684f0600a805abd17,6f55be957090879e069a1cb6e3594279a6d42ebd020704464ceed7ac4e14fdb3
