schema_version,run_id,run_type,test_time_utc,git_commit,git_dirty,config_id,config_sha256,target_kind,target,task_name,step_name,operator_name,case_id,scale_id,order_of_magnitude,actual_elements,input_shape,dtype,device,backend,timing_scope,status,error_code,warmup_runs,measured_runs,sample_index,latency_ms,synchronized,input_digest,output_digest
1,20260809T112202Z_ba26c5229701_stage08_b04_formal_8413f001,formal,20260809T112202Z,ba26c52297015b04c82730c65a6ca30d2b8a7891,true,stage08_b04_firwin2_scales_v1,bcb48196b1679bf19461e2362b475e2099029c2987b81c090f1620eb8246872f,operator,firwin2,NA,NA,firwin2,firwin2__firwin2_fp32_10e3__a26a252576b841ba,firwin2_fp32_10e3,10^3,2080,freq=[3];gain=[3],FP32,CPU,fft_thrust,compatibility/end-to-end,PASS,OK,20,100,0,0.25915199999999999,true,a26a252576b841baf1b94619cf5f52ed4bc780e063cb61ea0a43dba89c157c78,ddebe4aa13aa2f17036e84c8a937191a0f7ec331dd5dafc6dd0b35bc01d53a4a
1,20260809T112202Z_ba26c5229701_stage08_b04_formal_8413f001,formal,20260809T112202Z,ba26c52297015b04c82730c65a6ca30d2b8a7891,true,stage08_b04_firwin2_scales_v1,bcb48196b1679bf19461e2362b475e2099029c2987b81c090f1620eb8246872f,operator,firwin2,NA,NA,firwin2,firwin2__firwin2_fp32_10e3__a26a252576b841ba,firwin2_fp32_10e3,10^3,2080,freq=[3];gain=[3],FP32,CPU,fft_thrust,compatibility/end-to-end,PASS,OK,20,100,1,0.25954199999999999,true,a26a252576b841baf1b94619cf5f52ed4bc780e063cb61ea0a43dba89c157c78,ddebe4aa13aa2f17036e84c8a937191a0f7ec331dd5dafc6dd0b35bc01d53a4a
1,20260809T112202Z_ba26c5229701_stage08_b04_formal_8413f001,formal,20260809T112202Z,ba26c52297015b04c82730c65a6ca30d2b8a7891,true,stage08_b04_firwin2_scales_v1,bcb48196b1679bf19461e2362b475e2099029c2987b81c090f1620eb8246872f,operator,firwin2,NA,NA,firwin2,firwin2__firwin2_fp32_10e3__a26a252576b841ba,firwin2_fp32_10e3,10^3,2080,freq=[3];gain=[3],FP32,CPU,fft_thrust,compatibility/end-to-end,PASS,OK,20,100,2,0.25944099999999998,true,a26a252576b841baf1b94619cf5f52ed4bc780e063cb61ea0a43dba89c157c78,ddebe4aa13aa2f17036e84c8a937191a0f7ec331dd5dafc6dd0b35bc01d53a4a
1,20260809T112202Z_ba26c5229701_stage08_b04_formal_8413f001,formal,20260809T112202Z,ba26c52297015b04c82730c65a6ca30d2b8a7891,true,stage08_b04_firwin2_scales_v1,bcb48196b1679bf19461e2362b475e2099029c2987b81c090f1620eb8246872f,operator,firwin2,NA,NA,firwin2,firwin2__firwin2_fp32_10e3__a26a252576b841ba,firwin2_fp32_10e3,10^3,2080,freq=[3];gain=[3],FP32,CPU,fft_thrust,compatibility/end-to-end,PASS,OK,20,100,3,0.25944200000000001,true,a26a252576b841baf1b94619cf5f52ed4bc780e063cb61ea0a43dba89c157c78,ddebe4aa13aa2f17036e84c8a937191a0f7ec331dd5dafc6dd0b35bc01d53a4a
1,20260809T112202Z_ba26c5229701_stage08_b04_formal_8413f001,formal,20260809T112202Z,ba26c52297015b04c82730c65a6ca30d2b8a7891,true,stage08_b04_firwin2_scales_v1,bcb48196b1679bf19461e2362b475e2099029c2987b81c090f1620eb8246872f,operator,firwin2,NA,NA,firwin2,firwin2__firwin2_fp32_10e3__a26a252576b841ba,firwin2_fp32_10e3,10^3,2080,freq=[3];gain=[3],FP32,CPU,fft_thrust,compatibility/end-to-end,PASS,OK,20,100,4,0.25883200000000001,true,a26a252576b841baf1b94619cf5f52ed4bc780e063cb61ea0a43dba89c157c78,ddebe4aa13aa2f17036e84c8a937191a0f7ec331dd5dafc6dd0b35bc01d53a4a
1,20260809T112202Z_ba26c5229701_stage08_b04_formal_8413f001,formal,20260809T112202Z,ba26c52297015b04c82730c65a6ca30d2b8a7891,true,stage08_b04_firwin2_scales_v1,bcb48196b1679bf19461e2362b475e2099029c2987b81c090f1620eb8246872f,operator,firwin2,NA,NA,firwin2,firwin2__firwin2_fp32_10e3__a26a252576b841ba,firwin2_fp32_10e3,10^3,2080,freq=[3];gain=[3],FP32,CPU,fft_thrust,compatibility/end-to-end,PASS,OK,20,100,5,0.27277200000000001,true,a26a252576b841baf1b94619cf5f52ed4bc780e063cb61ea0a43dba89c157c78,ddebe4aa13aa2f17036e84c8a937191a0f7ec331dd5dafc6dd0b35bc01d53a4a
1,20260809T112202Z_ba26c5229701_stage08_b04_formal_8413f001,formal,20260809T112202Z,ba26c52297015b04c82730c65a6ca30d2b8a7891,true,stage08_b04_firwin2_scales_v1,bcb48196b1679bf19461e2362b475e2099029c2987b81c090f1620eb8246872f,operator,firwin2,NA,NA,firwin2,firwin2__firwin2_fp32_10e3__a26a252576b841ba,firwin2_fp32_10e3,10^3,2080,freq=[3];gain=[3],FP32,CPU,fft_thrust,compatibility/end-to-end,PASS,OK,20,100,6,0.259241,true,a26a252576b841baf1b94619cf5f52ed4bc780e063cb61ea0a43dba89c157c78,ddebe4aa13aa2f17036e84c8a937191a0f7ec331dd5dafc6dd0b35bc01d53a4a
1,20260809T112202Z_ba26c5229701_stage08_b04_formal_8413f001,formal,20260809T112202Z,ba26c52297015b04c82730c65a6ca30d2b8a7891,true,stage08_b04_firwin2_scales_v1,bcb48196b1679bf19461e2362b475e2099029c2987b81c090f1620eb8246872f,operator,firwin2,NA,NA,firwin2,firwin2__firwin2_fp32_10e3__a26a252576b841ba,firwin2_fp32_10e3,10^3,2080,freq=[3];gain=[3],FP32,CPU,fft_thrust,compatibility/end-to-end,PASS,OK,20,100,7,0.25948199999999999,true,a26a252576b841baf1b94619cf5f52ed4bc780e063cb61ea0a43dba89c157c78,ddebe4aa13aa2f17036e84c8a937191a0f7ec331dd5dafc6dd0b35bc01d53a4a
1,20260809T112202Z_ba26c5229701_stage08_b04_formal_8413f001,formal,20260809T112202Z,ba26c52297015b04c82730c65a6ca30d2b8a7891,true,stage08_b04_firwin2_scales_v1,bcb48196b1679bf19461e2362b475e2099029c2987b81c090f1620eb8246872f,operator,firwin2,NA,NA,firwin2,firwin2__firwin2_fp32_10e3__a26a252576b841ba,firwin2_fp32_10e3,10^3,2080,freq=[3];gain=[3],FP32,CPU,fft_thrust,compatibility/end-to-end,PASS,OK,20,100,8,0.25946200000000003,true,a26a252576b841baf1b94619cf5f52ed4bc780e063cb61ea0a43dba89c157c78,ddebe4aa13aa2f17036e84c8a937191a0f7ec331dd5dafc6dd0b35bc01d53a4a
1,20260809T112202Z_ba26c5229701_stage08_b04_formal_8413f001,formal,20260809T112202Z,ba26c52297015b04c82730c65a6ca30d2b8a7891,true,stage08_b04_firwin2_scales_v1,bcb48196b1679bf19461e2362b475e2099029c2987b81c090f1620eb8246872f,operator,firwin2,NA,NA,firwin2,firwin2__firwin2_fp32_10e3__a26a252576b841ba,firwin2_fp32_10e3,10^3,2080,freq=[3];gain=[3],FP32,CPU,fft_thrust,compatibility/end-to-end,PASS,OK,20,100,9,0.262461,true,a26a252576b841baf1b94619cf5f52ed4bc780e063cb61ea0a43dba89c157c78,ddebe4aa13aa2f17036e84c8a937191a0f7ec331dd5dafc6dd0b35bc01d53a4a
1,20260809T112202Z_ba26c5229701_stage08_b04_formal_8413f001,formal,20260809T112202Z,ba26c52297015b04c82730c65a6ca30d2b8a7891,true,stage08_b04_firwin2_scales_v1,bcb48196b1679bf19461e2362b475e2099029c2987b81c090f1620eb8246872f,operator,firwin2,NA,NA,firwin2,firwin2__firwin2_fp32_10e3__a26a252576b841ba,firwin2_fp32_10e3,10^3,2080,freq=[3];gain=[3],FP32,CPU,fft_thrust,compatibility/end-to-end,PASS,OK,20,100,10,0.25896200000000003,true,a26a252576b841baf1b94619cf5f52ed4bc780e063cb61ea0a43dba89c157c78,ddebe4aa13aa2f17036e84c8a937191a0f7ec331dd5dafc6dd0b35bc01d53a4a
1,20260809T112202Z_ba26c5229701_stage08_b04_formal_8413f001,formal,20260809T112202Z,ba26c52297015b04c82730c65a6ca30d2b8a7891,true,stage08_b04_firwin2_scales_v1,bcb48196b1679bf19461e2362b475e2099029c2987b81c090f1620eb8246872f,operator,firwin2,NA,NA,firwin2,firwin2__firwin2_fp32_10e3__a26a252576b841ba,firwin2_fp32_10e3,10^3,2080,freq=[3];gain=[3],FP32,CPU,fft_thrust,compatibility/end-to-end,PASS,OK,20,100,11,0.25928200000000001,true,a26a252576b841baf1b94619cf5f52ed4bc780e063cb61ea0a43dba89c157c78,ddebe4aa13aa2f17036e84c8a937191a0f7ec331dd5dafc6dd0b35bc01d53a4a
1,20260809T112202Z_ba26c5229701_stage08_b04_formal_8413f001,formal,20260809T112202Z,ba26c52297015b04c82730c65a6ca30d2b8a7891,true,stage08_b04_firwin2_scales_v1,bcb48196b1679bf19461e2362b475e2099029c2987b81c090f1620eb8246872f,operator,firwin2,NA,NA,firwin2,firwin2__firwin2_fp32_10e3__a26a252576b841ba,firwin2_fp32_10e3,10^3,2080,freq=[3];gain=[3],FP32,CPU,fft_thrust,compatibility/end-to-end,PASS,OK,20,100,12,0.25936100000000001,true,a26a252576b841baf1b94619cf5f52ed4bc780e063cb61ea0a43dba89c157c78,ddebe4aa13aa2f17036e84c8a937191a0f7ec331dd5dafc6dd0b35bc01d53a4a
1,20260809T112202Z_ba26c5229701_stage08_b04_formal_8413f001,formal,20260809T112202Z,ba26c52297015b04c82730c65a6ca30d2b8a7891,true,stage08_b04_firwin2_scales_v1,bcb48196b1679bf19461e2362b475e2099029c2987b81c090f1620eb8246872f,operator,firwin2,NA,NA,firwin2,firwin2__firwin2_fp32_10e3__a26a252576b841ba,firwin2_fp32_10e3,10^3,2080,freq=[3];gain=[3],FP32,CPU,fft_thrust,compatibility/end-to-end,PASS,OK,20,100,13,0.260162,true,a26a252576b841baf1b94619cf5f52ed4bc780e063cb61ea0a43dba89c157c78,ddebe4aa13aa2f17036e84c8a937191a0f7ec331dd5dafc6dd0b35bc01d53a4a
1,20260809T112202Z_ba26c5229701_stage08_b04_formal_8413f001,formal,20260809T112202Z,ba26c52297015b04c82730c65a6ca30d2b8a7891,true,stage08_b04_firwin2_scales_v1,bcb48196b1679bf19461e2362b475e2099029c2987b81c090f1620eb8246872f,operator,firwin2,NA,NA,firwin2,firwin2__firwin2_fp32_10e3__a26a252576b841ba,firwin2_fp32_10e3,10^3,2080,freq=[3];gain=[3],FP32,CPU,fft_thrust,compatibility/end-to-end,PASS,OK,20,100,14,0.25941199999999998,true,a26a252576b841baf1b94619cf5f52ed4bc780e063cb61ea0a43dba89c157c78,ddebe4aa13aa2f17036e84c8a937191a0f7ec331dd5dafc6dd0b35bc01d53a4a
1,20260809T112202Z_ba26c5229701_stage08_b04_formal_8413f001,formal,20260809T112202Z,ba26c52297015b04c82730c65a6ca30d2b8a7891,true,stage08_b04_firwin2_scales_v1,bcb48196b1679bf19461e2362b475e2099029c2987b81c090f1620eb8246872f,operator,firwin2,NA,NA,firwin2,firwin2__firwin2_fp32_10e3__a26a252576b841ba,firwin2_fp32_10e3,10^3,2080,freq=[3];gain=[3],FP32,CPU,fft_thrust,compatibility/end-to-end,PASS,OK,20,100,15,0.25927099999999997,true,a26a252576b841baf1b94619cf5f52ed4bc780e063cb61ea0a43dba89c157c78,ddebe4aa13aa2f17036e84c8a937191a0f7ec331dd5dafc6dd0b35bc01d53a4a
1,20260809T112202Z_ba26c5229701_stage08_b04_formal_8413f001,formal,20260809T112202Z,ba26c52297015b04c82730c65a6ca30d2b8a7891,true,stage08_b04_firwin2_scales_v1,bcb48196b1679bf19461e2362b475e2099029c2987b81c090f1620eb8246872f,operator,firwin2,NA,NA,firwin2,firwin2__firwin2_fp32_10e3__a26a252576b841ba,firwin2_fp32_10e3,10^3,2080,freq=[3];gain=[3],FP32,CPU,fft_thrust,compatibility/end-to-end,PASS,OK,20,100,16,0.25926199999999999,true,a26a252576b841baf1b94619cf5f52ed4bc780e063cb61ea0a43dba89c157c78,ddebe4aa13aa2f17036e84c8a937191a0f7ec331dd5dafc6dd0b35bc01d53a4a
1,20260809T112202Z_ba26c5229701_stage08_b04_formal_8413f001,formal,20260809T112202Z,ba26c52297015b04c82730c65a6ca30d2b8a7891,true,stage08_b04_firwin2_scales_v1,bcb48196b1679bf19461e2362b475e2099029c2987b81c090f1620eb8246872f,operator,firwin2,NA,NA,firwin2,firwin2__firwin2_fp32_10e3__a26a252576b841ba,firwin2_fp32_10e3,10^3,2080,freq=[3];gain=[3],FP32,CPU,fft_thrust,compatibility/end-to-end,PASS,OK,20,100,17,0.259272,true,a26a252576b841baf1b94619cf5f52ed4bc780e063cb61ea0a43dba89c157c78,ddebe4aa13aa2f17036e84c8a937191a0f7ec331dd5dafc6dd0b35bc01d53a4a
1,20260809T112202Z_ba26c5229701_stage08_b04_formal_8413f001,formal,20260809T112202Z,ba26c52297015b04c82730c65a6ca30d2b8a7891,true,stage08_b04_firwin2_scales_v1,bcb48196b1679bf19461e2362b475e2099029c2987b81c090f1620eb8246872f,operator,firwin2,NA,NA,firwin2,firwin2__firwin2_fp32_10e3__a26a252576b841ba,firwin2_fp32_10e3,10^3,2080,freq=[3];gain=[3],FP32,CPU,fft_thrust,compatibility/end-to-end,PASS,OK,20,100,18,0.25934200000000002,true,a26a252576b841baf1b94619cf5f52ed4bc780e063cb61ea0a43dba89c157c78,ddebe4aa13aa2f17036e84c8a937191a0f7ec331dd5dafc6dd0b35bc01d53a4a
1,20260809T112202Z_ba26c5229701_stage08_b04_formal_8413f001,formal,20260809T112202Z,ba26c52297015b04c82730c65a6ca30d2b8a7891,true,stage08_b04_firwin2_scales_v1,bcb48196b1679bf19461e2362b475e2099029c2987b81c090f1620eb8246872f,operator,firwin2,NA,NA,firwin2,firwin2__firwin2_fp32_10e3__a26a252576b841ba,firwin2_fp32_10e3,10^3,2080,freq=[3];gain=[3],FP32,CPU,fft_thrust,compatibility/end-to-end,PASS,OK,20,100,19,0.25939099999999998,true,a26a252576b841baf1b94619cf5f52ed4bc780e063cb61ea0a43dba89c157c78,ddebe4aa13aa2f17036e84c8a937191a0f7ec331dd5dafc6dd0b35bc01d53a4a
1,20260809T112202Z_ba26c5229701_stage08_b04_formal_8413f001,formal,20260809T112202Z,ba26c52297015b04c82730c65a6ca30d2b8a7891,true,stage08_b04_firwin2_scales_v1,bcb48196b1679bf19461e2362b475e2099029c2987b81c090f1620eb8246872f,operator,firwin2,NA,NA,firwin2,firwin2__firwin2_fp32_10e3__a26a252576b841ba,firwin2_fp32_10e3,10^3,2080,freq=[3];gain=[3],FP32,CPU,fft_thrust,compatibility/end-to-end,PASS,OK,20,100,20,0.259492,true,a26a252576b841baf1b94619cf5f52ed4bc780e063cb61ea0a43dba89c157c78,ddebe4aa13aa2f17036e84c8a937191a0f7ec331dd5dafc6dd0b35bc01d53a4a
1,20260809T112202Z_ba26c5229701_stage08_b04_formal_8413f001,formal,20260809T112202Z,ba26c52297015b04c82730c65a6ca30d2b8a7891,true,stage08_b04_firwin2_scales_v1,bcb48196b1679bf19461e2362b475e2099029c2987b81c090f1620eb8246872f,operator,firwin2,NA,NA,firwin2,firwin2__firwin2_fp32_10e3__a26a252576b841ba,firwin2_fp32_10e3,10^3,2080,freq=[3];gain=[3],FP32,CPU,fft_thrust,compatibility/end-to-end,PASS,OK,20,100,21,0.26729199999999997,true,a26a252576b841baf1b94619cf5f52ed4bc780e063cb61ea0a43dba89c157c78,ddebe4aa13aa2f17036e84c8a937191a0f7ec331dd5dafc6dd0b35bc01d53a4a
1,20260809T112202Z_ba26c5229701_stage08_b04_formal_8413f001,formal,20260809T112202Z,ba26c52297015b04c82730c65a6ca30d2b8a7891,true,stage08_b04_firwin2_scales_v1,bcb48196b1679bf19461e2362b475e2099029c2987b81c090f1620eb8246872f,operator,firwin2,NA,NA,firwin2,firwin2__firwin2_fp32_10e3__a26a252576b841ba,firwin2_fp32_10e3,10^3,2080,freq=[3];gain=[3],FP32,CPU,fft_thrust,compatibility/end-to-end,PASS,OK,20,100,22,0.25917099999999998,true,a26a252576b841baf1b94619cf5f52ed4bc780e063cb61ea0a43dba89c157c78,ddebe4aa13aa2f17036e84c8a937191a0f7ec331dd5dafc6dd0b35bc01d53a4a
1,20260809T112202Z_ba26c5229701_stage08_b04_formal_8413f001,formal,20260809T112202Z,ba26c52297015b04c82730c65a6ca30d2b8a7891,true,stage08_b04_firwin2_scales_v1,bcb48196b1679bf19461e2362b475e2099029c2987b81c090f1620eb8246872f,operator,firwin2,NA,NA,firwin2,firwin2__firwin2_fp32_10e3__a26a252576b841ba,firwin2_fp32_10e3,10^3,2080,freq=[3];gain=[3],FP32,CPU,fft_thrust,compatibility/end-to-end,PASS,OK,20,100,23,0.25942199999999999,true,a26a252576b841baf1b94619cf5f52ed4bc780e063cb61ea0a43dba89c157c78,ddebe4aa13aa2f17036e84c8a937191a0f7ec331dd5dafc6dd0b35bc01d53a4a
1,20260809T112202Z_ba26c5229701_stage08_b04_formal_8413f001,formal,20260809T112202Z,ba26c52297015b04c82730c65a6ca30d2b8a7891,true,stage08_b04_firwin2_scales_v1,bcb48196b1679bf19461e2362b475e2099029c2987b81c090f1620eb8246872f,operator,firwin2,NA,NA,firwin2,firwin2__firwin2_fp32_10e3__a26a252576b841ba,firwin2_fp32_10e3,10^3,2080,freq=[3];gain=[3],FP32,CPU,fft_thrust,compatibility/end-to-end,PASS,OK,20,100,24,0.25914199999999998,true,a26a252576b841baf1b94619cf5f52ed4bc780e063cb61ea0a43dba89c157c78,ddebe4aa13aa2f17036e84c8a937191a0f7ec331dd5dafc6dd0b35bc01d53a4a
1,20260809T112202Z_ba26c5229701_stage08_b04_formal_8413f001,formal,20260809T112202Z,ba26c52297015b04c82730c65a6ca30d2b8a7891,true,stage08_b04_firwin2_scales_v1,bcb48196b1679bf19461e2362b475e2099029c2987b81c090f1620eb8246872f,operator,firwin2,NA,NA,firwin2,firwin2__firwin2_fp32_10e3__a26a252576b841ba,firwin2_fp32_10e3,10^3,2080,freq=[3];gain=[3],FP32,CPU,fft_thrust,compatibility/end-to-end,PASS,OK,20,100,25,0.25925100000000001,true,a26a252576b841baf1b94619cf5f52ed4bc780e063cb61ea0a43dba89c157c78,ddebe4aa13aa2f17036e84c8a937191a0f7ec331dd5dafc6dd0b35bc01d53a4a
1,20260809T112202Z_ba26c5229701_stage08_b04_formal_8413f001,formal,20260809T112202Z,ba26c52297015b04c82730c65a6ca30d2b8a7891,true,stage08_b04_firwin2_scales_v1,bcb48196b1679bf19461e2362b475e2099029c2987b81c090f1620eb8246872f,operator,firwin2,NA,NA,firwin2,firwin2__firwin2_fp32_10e3__a26a252576b841ba,firwin2_fp32_10e3,10^3,2080,freq=[3];gain=[3],FP32,CPU,fft_thrust,compatibility/end-to-end,PASS,OK,20,100,26,0.25946200000000003,true,a26a252576b841baf1b94619cf5f52ed4bc780e063cb61ea0a43dba89c157c78,ddebe4aa13aa2f17036e84c8a937191a0f7ec331dd5dafc6dd0b35bc01d53a4a
1,20260809T112202Z_ba26c5229701_stage08_b04_formal_8413f001,formal,20260809T112202Z,ba26c52297015b04c82730c65a6ca30d2b8a7891,true,stage08_b04_firwin2_scales_v1,bcb48196b1679bf19461e2362b475e2099029c2987b81c090f1620eb8246872f,operator,firwin2,NA,NA,firwin2,firwin2__firwin2_fp32_10e3__a26a252576b841ba,firwin2_fp32_10e3,10^3,2080,freq=[3];gain=[3],FP32,CPU,fft_thrust,compatibility/end-to-end,PASS,OK,20,100,27,0.25949100000000003,true,a26a252576b841baf1b94619cf5f52ed4bc780e063cb61ea0a43dba89c157c78,ddebe4aa13aa2f17036e84c8a937191a0f7ec331dd5dafc6dd0b35bc01d53a4a
1,20260809T112202Z_ba26c5229701_stage08_b04_formal_8413f001,formal,20260809T112202Z,ba26c52297015b04c82730c65a6ca30d2b8a7891,true,stage08_b04_firwin2_scales_v1,bcb48196b1679bf19461e2362b475e2099029c2987b81c090f1620eb8246872f,operator,firwin2,NA,NA,firwin2,firwin2__firwin2_fp32_10e3__a26a252576b841ba,firwin2_fp32_10e3,10^3,2080,freq=[3];gain=[3],FP32,CPU,fft_thrust,compatibility/end-to-end,PASS,OK,20,100,28,0.259212,true,a26a252576b841baf1b94619cf5f52ed4bc780e063cb61ea0a43dba89c157c78,ddebe4aa13aa2f17036e84c8a937191a0f7ec331dd5dafc6dd0b35bc01d53a4a
1,20260809T112202Z_ba26c5229701_stage08_b04_formal_8413f001,formal,20260809T112202Z,ba26c52297015b04c82730c65a6ca30d2b8a7891,true,stage08_b04_firwin2_scales_v1,bcb48196b1679bf19461e2362b475e2099029c2987b81c090f1620eb8246872f,operator,firwin2,NA,NA,firwin2,firwin2__firwin2_fp32_10e3__a26a252576b841ba,firwin2_fp32_10e3,10^3,2080,freq=[3];gain=[3],FP32,CPU,fft_thrust,compatibility/end-to-end,PASS,OK,20,100,29,0.259602,true,a26a252576b841baf1b94619cf5f52ed4bc780e063cb61ea0a43dba89c157c78,ddebe4aa13aa2f17036e84c8a937191a0f7ec331dd5dafc6dd0b35bc01d53a4a
1,20260809T112202Z_ba26c5229701_stage08_b04_formal_8413f001,formal,20260809T112202Z,ba26c52297015b04c82730c65a6ca30d2b8a7891,true,stage08_b04_firwin2_scales_v1,bcb48196b1679bf19461e2362b475e2099029c2987b81c090f1620eb8246872f,operator,firwin2,NA,NA,firwin2,firwin2__firwin2_fp32_10e3__a26a252576b841ba,firwin2_fp32_10e3,10^3,2080,freq=[3];gain=[3],FP32,CPU,fft_thrust,compatibility/end-to-end,PASS,OK,20,100,30,0.259071,true,a26a252576b841baf1b94619cf5f52ed4bc780e063cb61ea0a43dba89c157c78,ddebe4aa13aa2f17036e84c8a937191a0f7ec331dd5dafc6dd0b35bc01d53a4a
1,20260809T112202Z_ba26c5229701_stage08_b04_formal_8413f001,formal,20260809T112202Z,ba26c52297015b04c82730c65a6ca30d2b8a7891,true,stage08_b04_firwin2_scales_v1,bcb48196b1679bf19461e2362b475e2099029c2987b81c090f1620eb8246872f,operator,firwin2,NA,NA,firwin2,firwin2__firwin2_fp32_10e3__a26a252576b841ba,firwin2_fp32_10e3,10^3,2080,freq=[3];gain=[3],FP32,CPU,fft_thrust,compatibility/end-to-end,PASS,OK,20,100,31,0.25958199999999998,true,a26a252576b841baf1b94619cf5f52ed4bc780e063cb61ea0a43dba89c157c78,ddebe4aa13aa2f17036e84c8a937191a0f7ec331dd5dafc6dd0b35bc01d53a4a
1,20260809T112202Z_ba26c5229701_stage08_b04_formal_8413f001,formal,20260809T112202Z,ba26c52297015b04c82730c65a6ca30d2b8a7891,true,stage08_b04_firwin2_scales_v1,bcb48196b1679bf19461e2362b475e2099029c2987b81c090f1620eb8246872f,operator,firwin2,NA,NA,firwin2,firwin2__firwin2_fp32_10e3__a26a252576b841ba,firwin2_fp32_10e3,10^3,2080,freq=[3];gain=[3],FP32,CPU,fft_thrust,compatibility/end-to-end,PASS,OK,20,100,32,0.25937199999999999,true,a26a252576b841baf1b94619cf5f52ed4bc780e063cb61ea0a43dba89c157c78,ddebe4aa13aa2f17036e84c8a937191a0f7ec331dd5dafc6dd0b35bc01d53a4a
1,20260809T112202Z_ba26c5229701_stage08_b04_formal_8413f001,formal,20260809T112202Z,ba26c52297015b04c82730c65a6ca30d2b8a7891,true,stage08_b04_firwin2_scales_v1,bcb48196b1679bf19461e2362b475e2099029c2987b81c090f1620eb8246872f,operator,firwin2,NA,NA,firwin2,firwin2__firwin2_fp32_10e3__a26a252576b841ba,firwin2_fp32_10e3,10^3,2080,freq=[3];gain=[3],FP32,CPU,fft_thrust,compatibility/end-to-end,PASS,OK,20,100,33,0.25956099999999999,true,a26a252576b841baf1b94619cf5f52ed4bc780e063cb61ea0a43dba89c157c78,ddebe4aa13aa2f17036e84c8a937191a0f7ec331dd5dafc6dd0b35bc01d53a4a
1,20260809T112202Z_ba26c5229701_stage08_b04_formal_8413f001,formal,20260809T112202Z,ba26c52297015b04c82730c65a6ca30d2b8a7891,true,stage08_b04_firwin2_scales_v1,bcb48196b1679bf19461e2362b475e2099029c2987b81c090f1620eb8246872f,operator,firwin2,NA,NA,firwin2,firwin2__firwin2_fp32_10e3__a26a252576b841ba,firwin2_fp32_10e3,10^3,2080,freq=[3];gain=[3],FP32,CPU,fft_thrust,compatibility/end-to-end,PASS,OK,20,100,34,0.259102,true,a26a252576b841baf1b94619cf5f52ed4bc780e063cb61ea0a43dba89c157c78,ddebe4aa13aa2f17036e84c8a937191a0f7ec331dd5dafc6dd0b35bc01d53a4a
1,20260809T112202Z_ba26c5229701_stage08_b04_formal_8413f001,formal,20260809T112202Z,ba26c52297015b04c82730c65a6ca30d2b8a7891,true,stage08_b04_firwin2_scales_v1,bcb48196b1679bf19461e2362b475e2099029c2987b81c090f1620eb8246872f,operator,firwin2,NA,NA,firwin2,firwin2__firwin2_fp32_10e3__a26a252576b841ba,firwin2_fp32_10e3,10^3,2080,freq=[3];gain=[3],FP32,CPU,fft_thrust,compatibility/end-to-end,PASS,OK,20,100,35,0.25918200000000002,true,a26a252576b841baf1b94619cf5f52ed4bc780e063cb61ea0a43dba89c157c78,ddebe4aa13aa2f17036e84c8a937191a0f7ec331dd5dafc6dd0b35bc01d53a4a
1,20260809T112202Z_ba26c5229701_stage08_b04_formal_8413f001,formal,20260809T112202Z,ba26c52297015b04c82730c65a6ca30d2b8a7891,true,stage08_b04_firwin2_scales_v1,bcb48196b1679bf19461e2362b475e2099029c2987b81c090f1620eb8246872f,operator,firwin2,NA,NA,firwin2,firwin2__firwin2_fp32_10e3__a26a252576b841ba,firwin2_fp32_10e3,10^3,2080,freq=[3];gain=[3],FP32,CPU,fft_thrust,compatibility/end-to-end,PASS,OK,20,100,36,0.26759100000000002,true,a26a252576b841baf1b94619cf5f52ed4bc780e063cb61ea0a43dba89c157c78,ddebe4aa13aa2f17036e84c8a937191a0f7ec331dd5dafc6dd0b35bc01d53a4a
1,20260809T112202Z_ba26c5229701_stage08_b04_formal_8413f001,formal,20260809T112202Z,ba26c52297015b04c82730c65a6ca30d2b8a7891,true,stage08_b04_firwin2_scales_v1,bcb48196b1679bf19461e2362b475e2099029c2987b81c090f1620eb8246872f,operator,firwin2,NA,NA,firwin2,firwin2__firwin2_fp32_10e3__a26a252576b841ba,firwin2_fp32_10e3,10^3,2080,freq=[3];gain=[3],FP32,CPU,fft_thrust,compatibility/end-to-end,PASS,OK,20,100,37,0.25940200000000002,true,a26a252576b841baf1b94619cf5f52ed4bc780e063cb61ea0a43dba89c157c78,ddebe4aa13aa2f17036e84c8a937191a0f7ec331dd5dafc6dd0b35bc01d53a4a
1,20260809T112202Z_ba26c5229701_stage08_b04_formal_8413f001,formal,20260809T112202Z,ba26c52297015b04c82730c65a6ca30d2b8a7891,true,stage08_b04_firwin2_scales_v1,bcb48196b1679bf19461e2362b475e2099029c2987b81c090f1620eb8246872f,operator,firwin2,NA,NA,firwin2,firwin2__firwin2_fp32_10e3__a26a252576b841ba,firwin2_fp32_10e3,10^3,2080,freq=[3];gain=[3],FP32,CPU,fft_thrust,compatibility/end-to-end,PASS,OK,20,100,38,0.25942199999999999,true,a26a252576b841baf1b94619cf5f52ed4bc780e063cb61ea0a43dba89c157c78,ddebe4aa13aa2f17036e84c8a937191a0f7ec331dd5dafc6dd0b35bc01d53a4a
1,20260809T112202Z_ba26c5229701_stage08_b04_formal_8413f001,formal,20260809T112202Z,ba26c52297015b04c82730c65a6ca30d2b8a7891,true,stage08_b04_firwin2_scales_v1,bcb48196b1679bf19461e2362b475e2099029c2987b81c090f1620eb8246872f,operator,firwin2,NA,NA,firwin2,firwin2__firwin2_fp32_10e3__a26a252576b841ba,firwin2_fp32_10e3,10^3,2080,freq=[3];gain=[3],FP32,CPU,fft_thrust,compatibility/end-to-end,PASS,OK,20,100,39,0.25909100000000002,true,a26a252576b841baf1b94619cf5f52ed4bc780e063cb61ea0a43dba89c157c78,ddebe4aa13aa2f17036e84c8a937191a0f7ec331dd5dafc6dd0b35bc01d53a4a
1,20260809T112202Z_ba26c5229701_stage08_b04_formal_8413f001,formal,20260809T112202Z,ba26c52297015b04c82730c65a6ca30d2b8a7891,true,stage08_b04_firwin2_scales_v1,bcb48196b1679bf19461e2362b475e2099029c2987b81c090f1620eb8246872f,operator,firwin2,NA,NA,firwin2,firwin2__firwin2_fp32_10e3__a26a252576b841ba,firwin2_fp32_10e3,10^3,2080,freq=[3];gain=[3],FP32,CPU,fft_thrust,compatibility/end-to-end,PASS,OK,20,100,40,0.25952199999999997,true,a26a252576b841baf1b94619cf5f52ed4bc780e063cb61ea0a43dba89c157c78,ddebe4aa13aa2f17036e84c8a937191a0f7ec331dd5dafc6dd0b35bc01d53a4a
1,20260809T112202Z_ba26c5229701_stage08_b04_formal_8413f001,formal,20260809T112202Z,ba26c52297015b04c82730c65a6ca30d2b8a7891,true,stage08_b04_firwin2_scales_v1,bcb48196b1679bf19461e2362b475e2099029c2987b81c090f1620eb8246872f,operator,firwin2,NA,NA,firwin2,firwin2__firwin2_fp32_10e3__a26a252576b841ba,firwin2_fp32_10e3,10^3,2080,freq=[3];gain=[3],FP32,CPU,fft_thrust,compatibility/end-to-end,PASS,OK,20,100,41,0.25929200000000002,true,a26a252576b841baf1b94619cf5f52ed4bc780e063cb61ea0a43dba89c157c78,ddebe4aa13aa2f17036e84c8a937191a0f7ec331dd5dafc6dd0b35bc01d53a4a
1,20260809T112202Z_ba26c5229701_stage08_b04_formal_8413f001,formal,20260809T112202Z,ba26c52297015b04c82730c65a6ca30d2b8a7891,true,stage08_b04_firwin2_scales_v1,bcb48196b1679bf19461e2362b475e2099029c2987b81c090f1620eb8246872f,operator,firwin2,NA,NA,firwin2,firwin2__firwin2_fp32_10e3__a26a252576b841ba,firwin2_fp32_10e3,10^3,2080,freq=[3];gain=[3],FP32,CPU,fft_thrust,compatibility/end-to-end,PASS,OK,20,100,42,0.25921100000000002,true,a26a252576b841baf1b94619cf5f52ed4bc780e063cb61ea0a43dba89c157c78,ddebe4aa13aa2f17036e84c8a937191a0f7ec331dd5dafc6dd0b35bc01d53a4a
1,20260809T112202Z_ba26c5229701_stage08_b04_formal_8413f001,formal,20260809T112202Z,ba26c52297015b04c82730c65a6ca30d2b8a7891,true,stage08_b04_firwin2_scales_v1,bcb48196b1679bf19461e2362b475e2099029c2987b81c090f1620eb8246872f,operator,firwin2,NA,NA,firwin2,firwin2__firwin2_fp32_10e3__a26a252576b841ba,firwin2_fp32_10e3,10^3,2080,freq=[3];gain=[3],FP32,CPU,fft_thrust,compatibility/end-to-end,PASS,OK,20,100,43,0.25913199999999997,true,a26a252576b841baf1b94619cf5f52ed4bc780e063cb61ea0a43dba89c157c78,ddebe4aa13aa2f17036e84c8a937191a0f7ec331dd5dafc6dd0b35bc01d53a4a
1,20260809T112202Z_ba26c5229701_stage08_b04_formal_8413f001,formal,20260809T112202Z,ba26c52297015b04c82730c65a6ca30d2b8a7891,true,stage08_b04_firwin2_scales_v1,bcb48196b1679bf19461e2362b475e2099029c2987b81c090f1620eb8246872f,operator,firwin2,NA,NA,firwin2,firwin2__firwin2_fp32_10e3__a26a252576b841ba,firwin2_fp32_10e3,10^3,2080,freq=[3];gain=[3],FP32,CPU,fft_thrust,compatibility/end-to-end,PASS,OK,20,100,44,0.25936199999999998,true,a26a252576b841baf1b94619cf5f52ed4bc780e063cb61ea0a43dba89c157c78,ddebe4aa13aa2f17036e84c8a937191a0f7ec331dd5dafc6dd0b35bc01d53a4a
1,20260809T112202Z_ba26c5229701_stage08_b04_formal_8413f001,formal,20260809T112202Z,ba26c52297015b04c82730c65a6ca30d2b8a7891,true,stage08_b04_firwin2_scales_v1,bcb48196b1679bf19461e2362b475e2099029c2987b81c090f1620eb8246872f,operator,firwin2,NA,NA,firwin2,firwin2__firwin2_fp32_10e3__a26a252576b841ba,firwin2_fp32_10e3,10^3,2080,freq=[3];gain=[3],FP32,CPU,fft_thrust,compatibility/end-to-end,PASS,OK,20,100,45,0.25949100000000003,true,a26a252576b841baf1b94619cf5f52ed4bc780e063cb61ea0a43dba89c157c78,ddebe4aa13aa2f17036e84c8a937191a0f7ec331dd5dafc6dd0b35bc01d53a4a
1,20260809T112202Z_ba26c5229701_stage08_b04_formal_8413f001,formal,20260809T112202Z,ba26c52297015b04c82730c65a6ca30d2b8a7891,true,stage08_b04_firwin2_scales_v1,bcb48196b1679bf19461e2362b475e2099029c2987b81c090f1620eb8246872f,operator,firwin2,NA,NA,firwin2,firwin2__firwin2_fp32_10e3__a26a252576b841ba,firwin2_fp32_10e3,10^3,2080,freq=[3];gain=[3],FP32,CPU,fft_thrust,compatibility/end-to-end,PASS,OK,20,100,46,0.25958199999999998,true,a26a252576b841baf1b94619cf5f52ed4bc780e063cb61ea0a43dba89c157c78,ddebe4aa13aa2f17036e84c8a937191a0f7ec331dd5dafc6dd0b35bc01d53a4a
1,20260809T112202Z_ba26c5229701_stage08_b04_formal_8413f001,formal,20260809T112202Z,ba26c52297015b04c82730c65a6ca30d2b8a7891,true,stage08_b04_firwin2_scales_v1,bcb48196b1679bf19461e2362b475e2099029c2987b81c090f1620eb8246872f,operator,firwin2,NA,NA,firwin2,firwin2__firwin2_fp32_10e3__a26a252576b841ba,firwin2_fp32_10e3,10^3,2080,freq=[3];gain=[3],FP32,CPU,fft_thrust,compatibility/end-to-end,PASS,OK,20,100,47,0.25902199999999997,true,a26a252576b841baf1b94619cf5f52ed4bc780e063cb61ea0a43dba89c157c78,ddebe4aa13aa2f17036e84c8a937191a0f7ec331dd5dafc6dd0b35bc01d53a4a
1,20260809T112202Z_ba26c5229701_stage08_b04_formal_8413f001,formal,20260809T112202Z,ba26c52297015b04c82730c65a6ca30d2b8a7891,true,stage08_b04_firwin2_scales_v1,bcb48196b1679bf19461e2362b475e2099029c2987b81c090f1620eb8246872f,operator,firwin2,NA,NA,firwin2,firwin2__firwin2_fp32_10e3__a26a252576b841ba,firwin2_fp32_10e3,10^3,2080,freq=[3];gain=[3],FP32,CPU,fft_thrust,compatibility/end-to-end,PASS,OK,20,100,48,0.25932100000000002,true,a26a252576b841baf1b94619cf5f52ed4bc780e063cb61ea0a43dba89c157c78,ddebe4aa13aa2f17036e84c8a937191a0f7ec331dd5dafc6dd0b35bc01d53a4a
1,20260809T112202Z_ba26c5229701_stage08_b04_formal_8413f001,formal,20260809T112202Z,ba26c52297015b04c82730c65a6ca30d2b8a7891,true,stage08_b04_firwin2_scales_v1,bcb48196b1679bf19461e2362b475e2099029c2987b81c090f1620eb8246872f,operator,firwin2,NA,NA,firwin2,firwin2__firwin2_fp32_10e3__a26a252576b841ba,firwin2_fp32_10e3,10^3,2080,freq=[3];gain=[3],FP32,CPU,fft_thrust,compatibility/end-to-end,PASS,OK,20,100,49,0.25919199999999998,true,a26a252576b841baf1b94619cf5f52ed4bc780e063cb61ea0a43dba89c157c78,ddebe4aa13aa2f17036e84c8a937191a0f7ec331dd5dafc6dd0b35bc01d53a4a
1,20260809T112202Z_ba26c5229701_stage08_b04_formal_8413f001,formal,20260809T112202Z,ba26c52297015b04c82730c65a6ca30d2b8a7891,true,stage08_b04_firwin2_scales_v1,bcb48196b1679bf19461e2362b475e2099029c2987b81c090f1620eb8246872f,operator,firwin2,NA,NA,firwin2,firwin2__firwin2_fp32_10e3__a26a252576b841ba,firwin2_fp32_10e3,10^3,2080,freq=[3];gain=[3],FP32,CPU,fft_thrust,compatibility/end-to-end,PASS,OK,20,100,50,0.25954199999999999,true,a26a252576b841baf1b94619cf5f52ed4bc780e063cb61ea0a43dba89c157c78,ddebe4aa13aa2f17036e84c8a937191a0f7ec331dd5dafc6dd0b35bc01d53a4a
1,20260809T112202Z_ba26c5229701_stage08_b04_formal_8413f001,formal,20260809T112202Z,ba26c52297015b04c82730c65a6ca30d2b8a7891,true,stage08_b04_firwin2_scales_v1,bcb48196b1679bf19461e2362b475e2099029c2987b81c090f1620eb8246872f,operator,firwin2,NA,NA,firwin2,firwin2__firwin2_fp32_10e3__a26a252576b841ba,firwin2_fp32_10e3,10^3,2080,freq=[3];gain=[3],FP32,CPU,fft_thrust,compatibility/end-to-end,PASS,OK,20,100,51,0.26852199999999998,true,a26a252576b841baf1b94619cf5f52ed4bc780e063cb61ea0a43dba89c157c78,ddebe4aa13aa2f17036e84c8a937191a0f7ec331dd5dafc6dd0b35bc01d53a4a
1,20260809T112202Z_ba26c5229701_stage08_b04_formal_8413f001,formal,20260809T112202Z,ba26c52297015b04c82730c65a6ca30d2b8a7891,true,stage08_b04_firwin2_scales_v1,bcb48196b1679bf19461e2362b475e2099029c2987b81c090f1620eb8246872f,operator,firwin2,NA,NA,firwin2,firwin2__firwin2_fp32_10e3__a26a252576b841ba,firwin2_fp32_10e3,10^3,2080,freq=[3];gain=[3],FP32,CPU,fft_thrust,compatibility/end-to-end,PASS,OK,20,100,52,0.25982100000000002,true,a26a252576b841baf1b94619cf5f52ed4bc780e063cb61ea0a43dba89c157c78,ddebe4aa13aa2f17036e84c8a937191a0f7ec331dd5dafc6dd0b35bc01d53a4a
1,20260809T112202Z_ba26c5229701_stage08_b04_formal_8413f001,formal,20260809T112202Z,ba26c52297015b04c82730c65a6ca30d2b8a7891,true,stage08_b04_firwin2_scales_v1,bcb48196b1679bf19461e2362b475e2099029c2987b81c090f1620eb8246872f,operator,firwin2,NA,NA,firwin2,firwin2__firwin2_fp32_10e3__a26a252576b841ba,firwin2_fp32_10e3,10^3,2080,freq=[3];gain=[3],FP32,CPU,fft_thrust,compatibility/end-to-end,PASS,OK,20,100,53,0.25936199999999998,true,a26a252576b841baf1b94619cf5f52ed4bc780e063cb61ea0a43dba89c157c78,ddebe4aa13aa2f17036e84c8a937191a0f7ec331dd5dafc6dd0b35bc01d53a4a
1,20260809T112202Z_ba26c5229701_stage08_b04_formal_8413f001,formal,20260809T112202Z,ba26c52297015b04c82730c65a6ca30d2b8a7891,true,stage08_b04_firwin2_scales_v1,bcb48196b1679bf19461e2362b475e2099029c2987b81c090f1620eb8246872f,operator,firwin2,NA,NA,firwin2,firwin2__firwin2_fp32_10e3__a26a252576b841ba,firwin2_fp32_10e3,10^3,2080,freq=[3];gain=[3],FP32,CPU,fft_thrust,compatibility/end-to-end,PASS,OK,20,100,54,0.259411,true,a26a252576b841baf1b94619cf5f52ed4bc780e063cb61ea0a43dba89c157c78,ddebe4aa13aa2f17036e84c8a937191a0f7ec331dd5dafc6dd0b35bc01d53a4a
1,20260809T112202Z_ba26c5229701_stage08_b04_formal_8413f001,formal,20260809T112202Z,ba26c52297015b04c82730c65a6ca30d2b8a7891,true,stage08_b04_firwin2_scales_v1,bcb48196b1679bf19461e2362b475e2099029c2987b81c090f1620eb8246872f,operator,firwin2,NA,NA,firwin2,firwin2__firwin2_fp32_10e3__a26a252576b841ba,firwin2_fp32_10e3,10^3,2080,freq=[3];gain=[3],FP32,CPU,fft_thrust,compatibility/end-to-end,PASS,OK,20,100,55,0.25908199999999998,true,a26a252576b841baf1b94619cf5f52ed4bc780e063cb61ea0a43dba89c157c78,ddebe4aa13aa2f17036e84c8a937191a0f7ec331dd5dafc6dd0b35bc01d53a4a
1,20260809T112202Z_ba26c5229701_stage08_b04_formal_8413f001,formal,20260809T112202Z,ba26c52297015b04c82730c65a6ca30d2b8a7891,true,stage08_b04_firwin2_scales_v1,bcb48196b1679bf19461e2362b475e2099029c2987b81c090f1620eb8246872f,operator,firwin2,NA,NA,firwin2,firwin2__firwin2_fp32_10e3__a26a252576b841ba,firwin2_fp32_10e3,10^3,2080,freq=[3];gain=[3],FP32,CPU,fft_thrust,compatibility/end-to-end,PASS,OK,20,100,56,0.25931199999999999,true,a26a252576b841baf1b94619cf5f52ed4bc780e063cb61ea0a43dba89c157c78,ddebe4aa13aa2f17036e84c8a937191a0f7ec331dd5dafc6dd0b35bc01d53a4a
1,20260809T112202Z_ba26c5229701_stage08_b04_formal_8413f001,formal,20260809T112202Z,ba26c52297015b04c82730c65a6ca30d2b8a7891,true,stage08_b04_firwin2_scales_v1,bcb48196b1679bf19461e2362b475e2099029c2987b81c090f1620eb8246872f,operator,firwin2,NA,NA,firwin2,firwin2__firwin2_fp32_10e3__a26a252576b841ba,firwin2_fp32_10e3,10^3,2080,freq=[3];gain=[3],FP32,CPU,fft_thrust,compatibility/end-to-end,PASS,OK,20,100,57,0.25956099999999999,true,a26a252576b841baf1b94619cf5f52ed4bc780e063cb61ea0a43dba89c157c78,ddebe4aa13aa2f17036e84c8a937191a0f7ec331dd5dafc6dd0b35bc01d53a4a
1,20260809T112202Z_ba26c5229701_stage08_b04_formal_8413f001,formal,20260809T112202Z,ba26c52297015b04c82730c65a6ca30d2b8a7891,true,stage08_b04_firwin2_scales_v1,bcb48196b1679bf19461e2362b475e2099029c2987b81c090f1620eb8246872f,operator,firwin2,NA,NA,firwin2,firwin2__firwin2_fp32_10e3__a26a252576b841ba,firwin2_fp32_10e3,10^3,2080,freq=[3];gain=[3],FP32,CPU,fft_thrust,compatibility/end-to-end,PASS,OK,20,100,58,0.259322,true,a26a252576b841baf1b94619cf5f52ed4bc780e063cb61ea0a43dba89c157c78,ddebe4aa13aa2f17036e84c8a937191a0f7ec331dd5dafc6dd0b35bc01d53a4a
1,20260809T112202Z_ba26c5229701_stage08_b04_formal_8413f001,formal,20260809T112202Z,ba26c52297015b04c82730c65a6ca30d2b8a7891,true,stage08_b04_firwin2_scales_v1,bcb48196b1679bf19461e2362b475e2099029c2987b81c090f1620eb8246872f,operator,firwin2,NA,NA,firwin2,firwin2__firwin2_fp32_10e3__a26a252576b841ba,firwin2_fp32_10e3,10^3,2080,freq=[3];gain=[3],FP32,CPU,fft_thrust,compatibility/end-to-end,PASS,OK,20,100,59,0.25939200000000001,true,a26a252576b841baf1b94619cf5f52ed4bc780e063cb61ea0a43dba89c157c78,ddebe4aa13aa2f17036e84c8a937191a0f7ec331dd5dafc6dd0b35bc01d53a4a
1,20260809T112202Z_ba26c5229701_stage08_b04_formal_8413f001,formal,20260809T112202Z,ba26c52297015b04c82730c65a6ca30d2b8a7891,true,stage08_b04_firwin2_scales_v1,bcb48196b1679bf19461e2362b475e2099029c2987b81c090f1620eb8246872f,operator,firwin2,NA,NA,firwin2,firwin2__firwin2_fp32_10e3__a26a252576b841ba,firwin2_fp32_10e3,10^3,2080,freq=[3];gain=[3],FP32,CPU,fft_thrust,compatibility/end-to-end,PASS,OK,20,100,60,0.25937100000000002,true,a26a252576b841baf1b94619cf5f52ed4bc780e063cb61ea0a43dba89c157c78,ddebe4aa13aa2f17036e84c8a937191a0f7ec331dd5dafc6dd0b35bc01d53a4a
1,20260809T112202Z_ba26c5229701_stage08_b04_formal_8413f001,formal,20260809T112202Z,ba26c52297015b04c82730c65a6ca30d2b8a7891,true,stage08_b04_firwin2_scales_v1,bcb48196b1679bf19461e2362b475e2099029c2987b81c090f1620eb8246872f,operator,firwin2,NA,NA,firwin2,firwin2__firwin2_fp32_10e3__a26a252576b841ba,firwin2_fp32_10e3,10^3,2080,freq=[3];gain=[3],FP32,CPU,fft_thrust,compatibility/end-to-end,PASS,OK,20,100,61,0.25941199999999998,true,a26a252576b841baf1b94619cf5f52ed4bc780e063cb61ea0a43dba89c157c78,ddebe4aa13aa2f17036e84c8a937191a0f7ec331dd5dafc6dd0b35bc01d53a4a
1,20260809T112202Z_ba26c5229701_stage08_b04_formal_8413f001,formal,20260809T112202Z,ba26c52297015b04c82730c65a6ca30d2b8a7891,true,stage08_b04_firwin2_scales_v1,bcb48196b1679bf19461e2362b475e2099029c2987b81c090f1620eb8246872f,operator,firwin2,NA,NA,firwin2,firwin2__firwin2_fp32_10e3__a26a252576b841ba,firwin2_fp32_10e3,10^3,2080,freq=[3];gain=[3],FP32,CPU,fft_thrust,compatibility/end-to-end,PASS,OK,20,100,62,0.25925199999999998,true,a26a252576b841baf1b94619cf5f52ed4bc780e063cb61ea0a43dba89c157c78,ddebe4aa13aa2f17036e84c8a937191a0f7ec331dd5dafc6dd0b35bc01d53a4a
1,20260809T112202Z_ba26c5229701_stage08_b04_formal_8413f001,formal,20260809T112202Z,ba26c52297015b04c82730c65a6ca30d2b8a7891,true,stage08_b04_firwin2_scales_v1,bcb48196b1679bf19461e2362b475e2099029c2987b81c090f1620eb8246872f,operator,firwin2,NA,NA,firwin2,firwin2__firwin2_fp32_10e3__a26a252576b841ba,firwin2_fp32_10e3,10^3,2080,freq=[3];gain=[3],FP32,CPU,fft_thrust,compatibility/end-to-end,PASS,OK,20,100,63,0.25960100000000003,true,a26a252576b841baf1b94619cf5f52ed4bc780e063cb61ea0a43dba89c157c78,ddebe4aa13aa2f17036e84c8a937191a0f7ec331dd5dafc6dd0b35bc01d53a4a
1,20260809T112202Z_ba26c5229701_stage08_b04_formal_8413f001,formal,20260809T112202Z,ba26c52297015b04c82730c65a6ca30d2b8a7891,true,stage08_b04_firwin2_scales_v1,bcb48196b1679bf19461e2362b475e2099029c2987b81c090f1620eb8246872f,operator,firwin2,NA,NA,firwin2,firwin2__firwin2_fp32_10e3__a26a252576b841ba,firwin2_fp32_10e3,10^3,2080,freq=[3];gain=[3],FP32,CPU,fft_thrust,compatibility/end-to-end,PASS,OK,20,100,64,0.25918200000000002,true,a26a252576b841baf1b94619cf5f52ed4bc780e063cb61ea0a43dba89c157c78,ddebe4aa13aa2f17036e84c8a937191a0f7ec331dd5dafc6dd0b35bc01d53a4a
1,20260809T112202Z_ba26c5229701_stage08_b04_formal_8413f001,formal,20260809T112202Z,ba26c52297015b04c82730c65a6ca30d2b8a7891,true,stage08_b04_firwin2_scales_v1,bcb48196b1679bf19461e2362b475e2099029c2987b81c090f1620eb8246872f,operator,firwin2,NA,NA,firwin2,firwin2__firwin2_fp32_10e3__a26a252576b841ba,firwin2_fp32_10e3,10^3,2080,freq=[3];gain=[3],FP32,CPU,fft_thrust,compatibility/end-to-end,PASS,OK,20,100,65,0.25953199999999998,true,a26a252576b841baf1b94619cf5f52ed4bc780e063cb61ea0a43dba89c157c78,ddebe4aa13aa2f17036e84c8a937191a0f7ec331dd5dafc6dd0b35bc01d53a4a
1,20260809T112202Z_ba26c5229701_stage08_b04_formal_8413f001,formal,20260809T112202Z,ba26c52297015b04c82730c65a6ca30d2b8a7891,true,stage08_b04_firwin2_scales_v1,bcb48196b1679bf19461e2362b475e2099029c2987b81c090f1620eb8246872f,operator,firwin2,NA,NA,firwin2,firwin2__firwin2_fp32_10e3__a26a252576b841ba,firwin2_fp32_10e3,10^3,2080,freq=[3];gain=[3],FP32,CPU,fft_thrust,compatibility/end-to-end,PASS,OK,20,100,66,0.25947100000000001,true,a26a252576b841baf1b94619cf5f52ed4bc780e063cb61ea0a43dba89c157c78,ddebe4aa13aa2f17036e84c8a937191a0f7ec331dd5dafc6dd0b35bc01d53a4a
1,20260809T112202Z_ba26c5229701_stage08_b04_formal_8413f001,formal,20260809T112202Z,ba26c52297015b04c82730c65a6ca30d2b8a7891,true,stage08_b04_firwin2_scales_v1,bcb48196b1679bf19461e2362b475e2099029c2987b81c090f1620eb8246872f,operator,firwin2,NA,NA,firwin2,firwin2__firwin2_fp32_10e3__a26a252576b841ba,firwin2_fp32_10e3,10^3,2080,freq=[3];gain=[3],FP32,CPU,fft_thrust,compatibility/end-to-end,PASS,OK,20,100,67,0.26542199999999999,true,a26a252576b841baf1b94619cf5f52ed4bc780e063cb61ea0a43dba89c157c78,ddebe4aa13aa2f17036e84c8a937191a0f7ec331dd5dafc6dd0b35bc01d53a4a
1,20260809T112202Z_ba26c5229701_stage08_b04_formal_8413f001,formal,20260809T112202Z,ba26c52297015b04c82730c65a6ca30d2b8a7891,true,stage08_b04_firwin2_scales_v1,bcb48196b1679bf19461e2362b475e2099029c2987b81c090f1620eb8246872f,operator,firwin2,NA,NA,firwin2,firwin2__firwin2_fp32_10e3__a26a252576b841ba,firwin2_fp32_10e3,10^3,2080,freq=[3];gain=[3],FP32,CPU,fft_thrust,compatibility/end-to-end,PASS,OK,20,100,68,0.259212,true,a26a252576b841baf1b94619cf5f52ed4bc780e063cb61ea0a43dba89c157c78,ddebe4aa13aa2f17036e84c8a937191a0f7ec331dd5dafc6dd0b35bc01d53a4a
1,20260809T112202Z_ba26c5229701_stage08_b04_formal_8413f001,formal,20260809T112202Z,ba26c52297015b04c82730c65a6ca30d2b8a7891,true,stage08_b04_firwin2_scales_v1,bcb48196b1679bf19461e2362b475e2099029c2987b81c090f1620eb8246872f,operator,firwin2,NA,NA,firwin2,firwin2__firwin2_fp32_10e3__a26a252576b841ba,firwin2_fp32_10e3,10^3,2080,freq=[3];gain=[3],FP32,CPU,fft_thrust,compatibility/end-to-end,PASS,OK,20,100,69,0.259461,true,a26a252576b841baf1b94619cf5f52ed4bc780e063cb61ea0a43dba89c157c78,ddebe4aa13aa2f17036e84c8a937191a0f7ec331dd5dafc6dd0b35bc01d53a4a
1,20260809T112202Z_ba26c5229701_stage08_b04_formal_8413f001,formal,20260809T112202Z,ba26c52297015b04c82730c65a6ca30d2b8a7891,true,stage08_b04_firwin2_scales_v1,bcb48196b1679bf19461e2362b475e2099029c2987b81c090f1620eb8246872f,operator,firwin2,NA,NA,firwin2,firwin2__firwin2_fp32_10e3__a26a252576b841ba,firwin2_fp32_10e3,10^3,2080,freq=[3];gain=[3],FP32,CPU,fft_thrust,compatibility/end-to-end,PASS,OK,20,100,70,0.25931199999999999,true,a26a252576b841baf1b94619cf5f52ed4bc780e063cb61ea0a43dba89c157c78,ddebe4aa13aa2f17036e84c8a937191a0f7ec331dd5dafc6dd0b35bc01d53a4a
1,20260809T112202Z_ba26c5229701_stage08_b04_formal_8413f001,formal,20260809T112202Z,ba26c52297015b04c82730c65a6ca30d2b8a7891,true,stage08_b04_firwin2_scales_v1,bcb48196b1679bf19461e2362b475e2099029c2987b81c090f1620eb8246872f,operator,firwin2,NA,NA,firwin2,firwin2__firwin2_fp32_10e3__a26a252576b841ba,firwin2_fp32_10e3,10^3,2080,freq=[3];gain=[3],FP32,CPU,fft_thrust,compatibility/end-to-end,PASS,OK,20,100,71,0.25941199999999998,true,a26a252576b841baf1b94619cf5f52ed4bc780e063cb61ea0a43dba89c157c78,ddebe4aa13aa2f17036e84c8a937191a0f7ec331dd5dafc6dd0b35bc01d53a4a
1,20260809T112202Z_ba26c5229701_stage08_b04_formal_8413f001,formal,20260809T112202Z,ba26c52297015b04c82730c65a6ca30d2b8a7891,true,stage08_b04_firwin2_scales_v1,bcb48196b1679bf19461e2362b475e2099029c2987b81c090f1620eb8246872f,operator,firwin2,NA,NA,firwin2,firwin2__firwin2_fp32_10e3__a26a252576b841ba,firwin2_fp32_10e3,10^3,2080,freq=[3];gain=[3],FP32,CPU,fft_thrust,compatibility/end-to-end,PASS,OK,20,100,72,0.25949100000000003,true,a26a252576b841baf1b94619cf5f52ed4bc780e063cb61ea0a43dba89c157c78,ddebe4aa13aa2f17036e84c8a937191a0f7ec331dd5dafc6dd0b35bc01d53a4a
1,20260809T112202Z_ba26c5229701_stage08_b04_formal_8413f001,formal,20260809T112202Z,ba26c52297015b04c82730c65a6ca30d2b8a7891,true,stage08_b04_firwin2_scales_v1,bcb48196b1679bf19461e2362b475e2099029c2987b81c090f1620eb8246872f,operator,firwin2,NA,NA,firwin2,firwin2__firwin2_fp32_10e3__a26a252576b841ba,firwin2_fp32_10e3,10^3,2080,freq=[3];gain=[3],FP32,CPU,fft_thrust,compatibility/end-to-end,PASS,OK,20,100,73,0.25924199999999997,true,a26a252576b841baf1b94619cf5f52ed4bc780e063cb61ea0a43dba89c157c78,ddebe4aa13aa2f17036e84c8a937191a0f7ec331dd5dafc6dd0b35bc01d53a4a
1,20260809T112202Z_ba26c5229701_stage08_b04_formal_8413f001,formal,20260809T112202Z,ba26c52297015b04c82730c65a6ca30d2b8a7891,true,stage08_b04_firwin2_scales_v1,bcb48196b1679bf19461e2362b475e2099029c2987b81c090f1620eb8246872f,operator,firwin2,NA,NA,firwin2,firwin2__firwin2_fp32_10e3__a26a252576b841ba,firwin2_fp32_10e3,10^3,2080,freq=[3];gain=[3],FP32,CPU,fft_thrust,compatibility/end-to-end,PASS,OK,20,100,74,0.25928200000000001,true,a26a252576b841baf1b94619cf5f52ed4bc780e063cb61ea0a43dba89c157c78,ddebe4aa13aa2f17036e84c8a937191a0f7ec331dd5dafc6dd0b35bc01d53a4a
1,20260809T112202Z_ba26c5229701_stage08_b04_formal_8413f001,formal,20260809T112202Z,ba26c52297015b04c82730c65a6ca30d2b8a7891,true,stage08_b04_firwin2_scales_v1,bcb48196b1679bf19461e2362b475e2099029c2987b81c090f1620eb8246872f,operator,firwin2,NA,NA,firwin2,firwin2__firwin2_fp32_10e3__a26a252576b841ba,firwin2_fp32_10e3,10^3,2080,freq=[3];gain=[3],FP32,CPU,fft_thrust,compatibility/end-to-end,PASS,OK,20,100,75,0.259411,true,a26a252576b841baf1b94619cf5f52ed4bc780e063cb61ea0a43dba89c157c78,ddebe4aa13aa2f17036e84c8a937191a0f7ec331dd5dafc6dd0b35bc01d53a4a
1,20260809T112202Z_ba26c5229701_stage08_b04_formal_8413f001,formal,20260809T112202Z,ba26c52297015b04c82730c65a6ca30d2b8a7891,true,stage08_b04_firwin2_scales_v1,bcb48196b1679bf19461e2362b475e2099029c2987b81c090f1620eb8246872f,operator,firwin2,NA,NA,firwin2,firwin2__firwin2_fp32_10e3__a26a252576b841ba,firwin2_fp32_10e3,10^3,2080,freq=[3];gain=[3],FP32,CPU,fft_thrust,compatibility/end-to-end,PASS,OK,20,100,76,0.25931199999999999,true,a26a252576b841baf1b94619cf5f52ed4bc780e063cb61ea0a43dba89c157c78,ddebe4aa13aa2f17036e84c8a937191a0f7ec331dd5dafc6dd0b35bc01d53a4a
1,20260809T112202Z_ba26c5229701_stage08_b04_formal_8413f001,formal,20260809T112202Z,ba26c52297015b04c82730c65a6ca30d2b8a7891,true,stage08_b04_firwin2_scales_v1,bcb48196b1679bf19461e2362b475e2099029c2987b81c090f1620eb8246872f,operator,firwin2,NA,NA,firwin2,firwin2__firwin2_fp32_10e3__a26a252576b841ba,firwin2_fp32_10e3,10^3,2080,freq=[3];gain=[3],FP32,CPU,fft_thrust,compatibility/end-to-end,PASS,OK,20,100,77,0.25939200000000001,true,a26a252576b841baf1b94619cf5f52ed4bc780e063cb61ea0a43dba89c157c78,ddebe4aa13aa2f17036e84c8a937191a0f7ec331dd5dafc6dd0b35bc01d53a4a
1,20260809T112202Z_ba26c5229701_stage08_b04_formal_8413f001,formal,20260809T112202Z,ba26c52297015b04c82730c65a6ca30d2b8a7891,true,stage08_b04_firwin2_scales_v1,bcb48196b1679bf19461e2362b475e2099029c2987b81c090f1620eb8246872f,operator,firwin2,NA,NA,firwin2,firwin2__firwin2_fp32_10e3__a26a252576b841ba,firwin2_fp32_10e3,10^3,2080,freq=[3];gain=[3],FP32,CPU,fft_thrust,compatibility/end-to-end,PASS,OK,20,100,78,0.25929099999999999,true,a26a252576b841baf1b94619cf5f52ed4bc780e063cb61ea0a43dba89c157c78,ddebe4aa13aa2f17036e84c8a937191a0f7ec331dd5dafc6dd0b35bc01d53a4a
1,20260809T112202Z_ba26c5229701_stage08_b04_formal_8413f001,formal,20260809T112202Z,ba26c52297015b04c82730c65a6ca30d2b8a7891,true,stage08_b04_firwin2_scales_v1,bcb48196b1679bf19461e2362b475e2099029c2987b81c090f1620eb8246872f,operator,firwin2,NA,NA,firwin2,firwin2__firwin2_fp32_10e3__a26a252576b841ba,firwin2_fp32_10e3,10^3,2080,freq=[3];gain=[3],FP32,CPU,fft_thrust,compatibility/end-to-end,PASS,OK,20,100,79,0.25931199999999999,true,a26a252576b841baf1b94619cf5f52ed4bc780e063cb61ea0a43dba89c157c78,ddebe4aa13aa2f17036e84c8a937191a0f7ec331dd5dafc6dd0b35bc01d53a4a
1,20260809T112202Z_ba26c5229701_stage08_b04_formal_8413f001,formal,20260809T112202Z,ba26c52297015b04c82730c65a6ca30d2b8a7891,true,stage08_b04_firwin2_scales_v1,bcb48196b1679bf19461e2362b475e2099029c2987b81c090f1620eb8246872f,operator,firwin2,NA,NA,firwin2,firwin2__firwin2_fp32_10e3__a26a252576b841ba,firwin2_fp32_10e3,10^3,2080,freq=[3];gain=[3],FP32,CPU,fft_thrust,compatibility/end-to-end,PASS,OK,20,100,80,0.25945200000000002,true,a26a252576b841baf1b94619cf5f52ed4bc780e063cb61ea0a43dba89c157c78,ddebe4aa13aa2f17036e84c8a937191a0f7ec331dd5dafc6dd0b35bc01d53a4a
1,20260809T112202Z_ba26c5229701_stage08_b04_formal_8413f001,formal,20260809T112202Z,ba26c52297015b04c82730c65a6ca30d2b8a7891,true,stage08_b04_firwin2_scales_v1,bcb48196b1679bf19461e2362b475e2099029c2987b81c090f1620eb8246872f,operator,firwin2,NA,NA,firwin2,firwin2__firwin2_fp32_10e3__a26a252576b841ba,firwin2_fp32_10e3,10^3,2080,freq=[3];gain=[3],FP32,CPU,fft_thrust,compatibility/end-to-end,PASS,OK,20,100,81,0.259301,true,a26a252576b841baf1b94619cf5f52ed4bc780e063cb61ea0a43dba89c157c78,ddebe4aa13aa2f17036e84c8a937191a0f7ec331dd5dafc6dd0b35bc01d53a4a
1,20260809T112202Z_ba26c5229701_stage08_b04_formal_8413f001,formal,20260809T112202Z,ba26c52297015b04c82730c65a6ca30d2b8a7891,true,stage08_b04_firwin2_scales_v1,bcb48196b1679bf19461e2362b475e2099029c2987b81c090f1620eb8246872f,operator,firwin2,NA,NA,firwin2,firwin2__firwin2_fp32_10e3__a26a252576b841ba,firwin2_fp32_10e3,10^3,2080,freq=[3];gain=[3],FP32,CPU,fft_thrust,compatibility/end-to-end,PASS,OK,20,100,82,0.26829199999999997,true,a26a252576b841baf1b94619cf5f52ed4bc780e063cb61ea0a43dba89c157c78,ddebe4aa13aa2f17036e84c8a937191a0f7ec331dd5dafc6dd0b35bc01d53a4a
1,20260809T112202Z_ba26c5229701_stage08_b04_formal_8413f001,formal,20260809T112202Z,ba26c52297015b04c82730c65a6ca30d2b8a7891,true,stage08_b04_firwin2_scales_v1,bcb48196b1679bf19461e2362b475e2099029c2987b81c090f1620eb8246872f,operator,firwin2,NA,NA,firwin2,firwin2__firwin2_fp32_10e3__a26a252576b841ba,firwin2_fp32_10e3,10^3,2080,freq=[3];gain=[3],FP32,CPU,fft_thrust,compatibility/end-to-end,PASS,OK,20,100,83,0.25944200000000001,true,a26a252576b841baf1b94619cf5f52ed4bc780e063cb61ea0a43dba89c157c78,ddebe4aa13aa2f17036e84c8a937191a0f7ec331dd5dafc6dd0b35bc01d53a4a
1,20260809T112202Z_ba26c5229701_stage08_b04_formal_8413f001,formal,20260809T112202Z,ba26c52297015b04c82730c65a6ca30d2b8a7891,true,stage08_b04_firwin2_scales_v1,bcb48196b1679bf19461e2362b475e2099029c2987b81c090f1620eb8246872f,operator,firwin2,NA,NA,firwin2,firwin2__firwin2_fp32_10e3__a26a252576b841ba,firwin2_fp32_10e3,10^3,2080,freq=[3];gain=[3],FP32,CPU,fft_thrust,compatibility/end-to-end,PASS,OK,20,100,84,0.259681,true,a26a252576b841baf1b94619cf5f52ed4bc780e063cb61ea0a43dba89c157c78,ddebe4aa13aa2f17036e84c8a937191a0f7ec331dd5dafc6dd0b35bc01d53a4a
1,20260809T112202Z_ba26c5229701_stage08_b04_formal_8413f001,formal,20260809T112202Z,ba26c52297015b04c82730c65a6ca30d2b8a7891,true,stage08_b04_firwin2_scales_v1,bcb48196b1679bf19461e2362b475e2099029c2987b81c090f1620eb8246872f,operator,firwin2,NA,NA,firwin2,firwin2__firwin2_fp32_10e3__a26a252576b841ba,firwin2_fp32_10e3,10^3,2080,freq=[3];gain=[3],FP32,CPU,fft_thrust,compatibility/end-to-end,PASS,OK,20,100,85,0.25963199999999997,true,a26a252576b841baf1b94619cf5f52ed4bc780e063cb61ea0a43dba89c157c78,ddebe4aa13aa2f17036e84c8a937191a0f7ec331dd5dafc6dd0b35bc01d53a4a
1,20260809T112202Z_ba26c5229701_stage08_b04_formal_8413f001,formal,20260809T112202Z,ba26c52297015b04c82730c65a6ca30d2b8a7891,true,stage08_b04_firwin2_scales_v1,bcb48196b1679bf19461e2362b475e2099029c2987b81c090f1620eb8246872f,operator,firwin2,NA,NA,firwin2,firwin2__firwin2_fp32_10e3__a26a252576b841ba,firwin2_fp32_10e3,10^3,2080,freq=[3];gain=[3],FP32,CPU,fft_thrust,compatibility/end-to-end,PASS,OK,20,100,86,0.25947199999999998,true,a26a252576b841baf1b94619cf5f52ed4bc780e063cb61ea0a43dba89c157c78,ddebe4aa13aa2f17036e84c8a937191a0f7ec331dd5dafc6dd0b35bc01d53a4a
1,20260809T112202Z_ba26c5229701_stage08_b04_formal_8413f001,formal,20260809T112202Z,ba26c52297015b04c82730c65a6ca30d2b8a7891,true,stage08_b04_firwin2_scales_v1,bcb48196b1679bf19461e2362b475e2099029c2987b81c090f1620eb8246872f,operator,firwin2,NA,NA,firwin2,firwin2__firwin2_fp32_10e3__a26a252576b841ba,firwin2_fp32_10e3,10^3,2080,freq=[3];gain=[3],FP32,CPU,fft_thrust,compatibility/end-to-end,PASS,OK,20,100,87,0.25961099999999998,true,a26a252576b841baf1b94619cf5f52ed4bc780e063cb61ea0a43dba89c157c78,ddebe4aa13aa2f17036e84c8a937191a0f7ec331dd5dafc6dd0b35bc01d53a4a
1,20260809T112202Z_ba26c5229701_stage08_b04_formal_8413f001,formal,20260809T112202Z,ba26c52297015b04c82730c65a6ca30d2b8a7891,true,stage08_b04_firwin2_scales_v1,bcb48196b1679bf19461e2362b475e2099029c2987b81c090f1620eb8246872f,operator,firwin2,NA,NA,firwin2,firwin2__firwin2_fp32_10e3__a26a252576b841ba,firwin2_fp32_10e3,10^3,2080,freq=[3];gain=[3],FP32,CPU,fft_thrust,compatibility/end-to-end,PASS,OK,20,100,88,0.259382,true,a26a252576b841baf1b94619cf5f52ed4bc780e063cb61ea0a43dba89c157c78,ddebe4aa13aa2f17036e84c8a937191a0f7ec331dd5dafc6dd0b35bc01d53a4a
1,20260809T112202Z_ba26c5229701_stage08_b04_formal_8413f001,formal,20260809T112202Z,ba26c52297015b04c82730c65a6ca30d2b8a7891,true,stage08_b04_firwin2_scales_v1,bcb48196b1679bf19461e2362b475e2099029c2987b81c090f1620eb8246872f,operator,firwin2,NA,NA,firwin2,firwin2__firwin2_fp32_10e3__a26a252576b841ba,firwin2_fp32_10e3,10^3,2080,freq=[3];gain=[3],FP32,CPU,fft_thrust,compatibility/end-to-end,PASS,OK,20,100,89,0.25940200000000002,true,a26a252576b841baf1b94619cf5f52ed4bc780e063cb61ea0a43dba89c157c78,ddebe4aa13aa2f17036e84c8a937191a0f7ec331dd5dafc6dd0b35bc01d53a4a
1,20260809T112202Z_ba26c5229701_stage08_b04_formal_8413f001,formal,20260809T112202Z,ba26c52297015b04c82730c65a6ca30d2b8a7891,true,stage08_b04_firwin2_scales_v1,bcb48196b1679bf19461e2362b475e2099029c2987b81c090f1620eb8246872f,operator,firwin2,NA,NA,firwin2,firwin2__firwin2_fp32_10e3__a26a252576b841ba,firwin2_fp32_10e3,10^3,2080,freq=[3];gain=[3],FP32,CPU,fft_thrust,compatibility/end-to-end,PASS,OK,20,100,90,0.25892100000000001,true,a26a252576b841baf1b94619cf5f52ed4bc780e063cb61ea0a43dba89c157c78,ddebe4aa13aa2f17036e84c8a937191a0f7ec331dd5dafc6dd0b35bc01d53a4a
1,20260809T112202Z_ba26c5229701_stage08_b04_formal_8413f001,formal,20260809T112202Z,ba26c52297015b04c82730c65a6ca30d2b8a7891,true,stage08_b04_firwin2_scales_v1,bcb48196b1679bf19461e2362b475e2099029c2987b81c090f1620eb8246872f,operator,firwin2,NA,NA,firwin2,firwin2__firwin2_fp32_10e3__a26a252576b841ba,firwin2_fp32_10e3,10^3,2080,freq=[3];gain=[3],FP32,CPU,fft_thrust,compatibility/end-to-end,PASS,OK,20,100,91,0.25963199999999997,true,a26a252576b841baf1b94619cf5f52ed4bc780e063cb61ea0a43dba89c157c78,ddebe4aa13aa2f17036e84c8a937191a0f7ec331dd5dafc6dd0b35bc01d53a4a
1,20260809T112202Z_ba26c5229701_stage08_b04_formal_8413f001,formal,20260809T112202Z,ba26c52297015b04c82730c65a6ca30d2b8a7891,true,stage08_b04_firwin2_scales_v1,bcb48196b1679bf19461e2362b475e2099029c2987b81c090f1620eb8246872f,operator,firwin2,NA,NA,firwin2,firwin2__firwin2_fp32_10e3__a26a252576b841ba,firwin2_fp32_10e3,10^3,2080,freq=[3];gain=[3],FP32,CPU,fft_thrust,compatibility/end-to-end,PASS,OK,20,100,92,0.25913199999999997,true,a26a252576b841baf1b94619cf5f52ed4bc780e063cb61ea0a43dba89c157c78,ddebe4aa13aa2f17036e84c8a937191a0f7ec331dd5dafc6dd0b35bc01d53a4a
1,20260809T112202Z_ba26c5229701_stage08_b04_formal_8413f001,formal,20260809T112202Z,ba26c52297015b04c82730c65a6ca30d2b8a7891,true,stage08_b04_firwin2_scales_v1,bcb48196b1679bf19461e2362b475e2099029c2987b81c090f1620eb8246872f,operator,firwin2,NA,NA,firwin2,firwin2__firwin2_fp32_10e3__a26a252576b841ba,firwin2_fp32_10e3,10^3,2080,freq=[3];gain=[3],FP32,CPU,fft_thrust,compatibility/end-to-end,PASS,OK,20,100,93,0.25951099999999999,true,a26a252576b841baf1b94619cf5f52ed4bc780e063cb61ea0a43dba89c157c78,ddebe4aa13aa2f17036e84c8a937191a0f7ec331dd5dafc6dd0b35bc01d53a4a
1,20260809T112202Z_ba26c5229701_stage08_b04_formal_8413f001,formal,20260809T112202Z,ba26c52297015b04c82730c65a6ca30d2b8a7891,true,stage08_b04_firwin2_scales_v1,bcb48196b1679bf19461e2362b475e2099029c2987b81c090f1620eb8246872f,operator,firwin2,NA,NA,firwin2,firwin2__firwin2_fp32_10e3__a26a252576b841ba,firwin2_fp32_10e3,10^3,2080,freq=[3];gain=[3],FP32,CPU,fft_thrust,compatibility/end-to-end,PASS,OK,20,100,94,0.25947199999999998,true,a26a252576b841baf1b94619cf5f52ed4bc780e063cb61ea0a43dba89c157c78,ddebe4aa13aa2f17036e84c8a937191a0f7ec331dd5dafc6dd0b35bc01d53a4a
1,20260809T112202Z_ba26c5229701_stage08_b04_formal_8413f001,formal,20260809T112202Z,ba26c52297015b04c82730c65a6ca30d2b8a7891,true,stage08_b04_firwin2_scales_v1,bcb48196b1679bf19461e2362b475e2099029c2987b81c090f1620eb8246872f,operator,firwin2,NA,NA,firwin2,firwin2__firwin2_fp32_10e3__a26a252576b841ba,firwin2_fp32_10e3,10^3,2080,freq=[3];gain=[3],FP32,CPU,fft_thrust,compatibility/end-to-end,PASS,OK,20,100,95,0.25947199999999998,true,a26a252576b841baf1b94619cf5f52ed4bc780e063cb61ea0a43dba89c157c78,ddebe4aa13aa2f17036e84c8a937191a0f7ec331dd5dafc6dd0b35bc01d53a4a
1,20260809T112202Z_ba26c5229701_stage08_b04_formal_8413f001,formal,20260809T112202Z,ba26c52297015b04c82730c65a6ca30d2b8a7891,true,stage08_b04_firwin2_scales_v1,bcb48196b1679bf19461e2362b475e2099029c2987b81c090f1620eb8246872f,operator,firwin2,NA,NA,firwin2,firwin2__firwin2_fp32_10e3__a26a252576b841ba,firwin2_fp32_10e3,10^3,2080,freq=[3];gain=[3],FP32,CPU,fft_thrust,compatibility/end-to-end,PASS,OK,20,100,96,0.259301,true,a26a252576b841baf1b94619cf5f52ed4bc780e063cb61ea0a43dba89c157c78,ddebe4aa13aa2f17036e84c8a937191a0f7ec331dd5dafc6dd0b35bc01d53a4a
1,20260809T112202Z_ba26c5229701_stage08_b04_formal_8413f001,formal,20260809T112202Z,ba26c52297015b04c82730c65a6ca30d2b8a7891,true,stage08_b04_firwin2_scales_v1,bcb48196b1679bf19461e2362b475e2099029c2987b81c090f1620eb8246872f,operator,firwin2,NA,NA,firwin2,firwin2__firwin2_fp32_10e3__a26a252576b841ba,firwin2_fp32_10e3,10^3,2080,freq=[3];gain=[3],FP32,CPU,fft_thrust,compatibility/end-to-end,PASS,OK,20,100,97,0.25957200000000002,true,a26a252576b841baf1b94619cf5f52ed4bc780e063cb61ea0a43dba89c157c78,ddebe4aa13aa2f17036e84c8a937191a0f7ec331dd5dafc6dd0b35bc01d53a4a
1,20260809T112202Z_ba26c5229701_stage08_b04_formal_8413f001,formal,20260809T112202Z,ba26c52297015b04c82730c65a6ca30d2b8a7891,true,stage08_b04_firwin2_scales_v1,bcb48196b1679bf19461e2362b475e2099029c2987b81c090f1620eb8246872f,operator,firwin2,NA,NA,firwin2,firwin2__firwin2_fp32_10e3__a26a252576b841ba,firwin2_fp32_10e3,10^3,2080,freq=[3];gain=[3],FP32,CPU,fft_thrust,compatibility/end-to-end,PASS,OK,20,100,98,0.34152199999999999,true,a26a252576b841baf1b94619cf5f52ed4bc780e063cb61ea0a43dba89c157c78,ddebe4aa13aa2f17036e84c8a937191a0f7ec331dd5dafc6dd0b35bc01d53a4a
1,20260809T112202Z_ba26c5229701_stage08_b04_formal_8413f001,formal,20260809T112202Z,ba26c52297015b04c82730c65a6ca30d2b8a7891,true,stage08_b04_firwin2_scales_v1,bcb48196b1679bf19461e2362b475e2099029c2987b81c090f1620eb8246872f,operator,firwin2,NA,NA,firwin2,firwin2__firwin2_fp32_10e3__a26a252576b841ba,firwin2_fp32_10e3,10^3,2080,freq=[3];gain=[3],FP32,CPU,fft_thrust,compatibility/end-to-end,PASS,OK,20,100,99,0.259052,true,a26a252576b841baf1b94619cf5f52ed4bc780e063cb61ea0a43dba89c157c78,ddebe4aa13aa2f17036e84c8a937191a0f7ec331dd5dafc6dd0b35bc01d53a4a
1,20260809T112202Z_ba26c5229701_stage08_b04_formal_8413f001,formal,20260809T112202Z,ba26c52297015b04c82730c65a6ca30d2b8a7891,true,stage08_b04_firwin2_scales_v1,bcb48196b1679bf19461e2362b475e2099029c2987b81c090f1620eb8246872f,operator,firwin2,NA,NA,firwin2,firwin2__firwin2_fp32_10e3__a26a252576b841ba,firwin2_fp32_10e3,10^3,2080,freq=[3];gain=[3],FP32,GPU,fft_thrust,compatibility/end-to-end,PASS,OK,20,100,0,0.86036500000000005,true,a26a252576b841baf1b94619cf5f52ed4bc780e063cb61ea0a43dba89c157c78,5badb9a978c0c6ab250a0b6ac537c6884792a56562bd3164a4f2b9a16d92152c
1,20260809T112202Z_ba26c5229701_stage08_b04_formal_8413f001,formal,20260809T112202Z,ba26c52297015b04c82730c65a6ca30d2b8a7891,true,stage08_b04_firwin2_scales_v1,bcb48196b1679bf19461e2362b475e2099029c2987b81c090f1620eb8246872f,operator,firwin2,NA,NA,firwin2,firwin2__firwin2_fp32_10e3__a26a252576b841ba,firwin2_fp32_10e3,10^3,2080,freq=[3];gain=[3],FP32,GPU,fft_thrust,compatibility/end-to-end,PASS,OK,20,100,1,0.85047600000000001,true,a26a252576b841baf1b94619cf5f52ed4bc780e063cb61ea0a43dba89c157c78,5badb9a978c0c6ab250a0b6ac537c6884792a56562bd3164a4f2b9a16d92152c
1,20260809T112202Z_ba26c5229701_stage08_b04_formal_8413f001,formal,20260809T112202Z,ba26c52297015b04c82730c65a6ca30d2b8a7891,true,stage08_b04_firwin2_scales_v1,bcb48196b1679bf19461e2362b475e2099029c2987b81c090f1620eb8246872f,operator,firwin2,NA,NA,firwin2,firwin2__firwin2_fp32_10e3__a26a252576b841ba,firwin2_fp32_10e3,10^3,2080,freq=[3];gain=[3],FP32,GPU,fft_thrust,compatibility/end-to-end,PASS,OK,20,100,2,0.871166,true,a26a252576b841baf1b94619cf5f52ed4bc780e063cb61ea0a43dba89c157c78,5badb9a978c0c6ab250a0b6ac537c6884792a56562bd3164a4f2b9a16d92152c
1,20260809T112202Z_ba26c5229701_stage08_b04_formal_8413f001,formal,20260809T112202Z,ba26c52297015b04c82730c65a6ca30d2b8a7891,true,stage08_b04_firwin2_scales_v1,bcb48196b1679bf19461e2362b475e2099029c2987b81c090f1620eb8246872f,operator,firwin2,NA,NA,firwin2,firwin2__firwin2_fp32_10e3__a26a252576b841ba,firwin2_fp32_10e3,10^3,2080,freq=[3];gain=[3],FP32,GPU,fft_thrust,compatibility/end-to-end,PASS,OK,20,100,3,0.85485500000000003,true,a26a252576b841baf1b94619cf5f52ed4bc780e063cb61ea0a43dba89c157c78,5badb9a978c0c6ab250a0b6ac537c6884792a56562bd3164a4f2b9a16d92152c
1,20260809T112202Z_ba26c5229701_stage08_b04_formal_8413f001,formal,20260809T112202Z,ba26c52297015b04c82730c65a6ca30d2b8a7891,true,stage08_b04_firwin2_scales_v1,bcb48196b1679bf19461e2362b475e2099029c2987b81c090f1620eb8246872f,operator,firwin2,NA,NA,firwin2,firwin2__firwin2_fp32_10e3__a26a252576b841ba,firwin2_fp32_10e3,10^3,2080,freq=[3];gain=[3],FP32,GPU,fft_thrust,compatibility/end-to-end,PASS,OK,20,100,4,0.860205,true,a26a252576b841baf1b94619cf5f52ed4bc780e063cb61ea0a43dba89c157c78,5badb9a978c0c6ab250a0b6ac537c6884792a56562bd3164a4f2b9a16d92152c
1,20260809T112202Z_ba26c5229701_stage08_b04_formal_8413f001,formal,20260809T112202Z,ba26c52297015b04c82730c65a6ca30d2b8a7891,true,stage08_b04_firwin2_scales_v1,bcb48196b1679bf19461e2362b475e2099029c2987b81c090f1620eb8246872f,operator,firwin2,NA,NA,firwin2,firwin2__firwin2_fp32_10e3__a26a252576b841ba,firwin2_fp32_10e3,10^3,2080,freq=[3];gain=[3],FP32,GPU,fft_thrust,compatibility/end-to-end,PASS,OK,20,100,5,0.85207599999999994,true,a26a252576b841baf1b94619cf5f52ed4bc780e063cb61ea0a43dba89c157c78,5badb9a978c0c6ab250a0b6ac537c6884792a56562bd3164a4f2b9a16d92152c
1,20260809T112202Z_ba26c5229701_stage08_b04_formal_8413f001,formal,20260809T112202Z,ba26c52297015b04c82730c65a6ca30d2b8a7891,true,stage08_b04_firwin2_scales_v1,bcb48196b1679bf19461e2362b475e2099029c2987b81c090f1620eb8246872f,operator,firwin2,NA,NA,firwin2,firwin2__firwin2_fp32_10e3__a26a252576b841ba,firwin2_fp32_10e3,10^3,2080,freq=[3];gain=[3],FP32,GPU,fft_thrust,compatibility/end-to-end,PASS,OK,20,100,6,0.86223499999999997,true,a26a252576b841baf1b94619cf5f52ed4bc780e063cb61ea0a43dba89c157c78,5badb9a978c0c6ab250a0b6ac537c6884792a56562bd3164a4f2b9a16d92152c
1,20260809T112202Z_ba26c5229701_stage08_b04_formal_8413f001,formal,20260809T112202Z,ba26c52297015b04c82730c65a6ca30d2b8a7891,true,stage08_b04_firwin2_scales_v1,bcb48196b1679bf19461e2362b475e2099029c2987b81c090f1620eb8246872f,operator,firwin2,NA,NA,firwin2,firwin2__firwin2_fp32_10e3__a26a252576b841ba,firwin2_fp32_10e3,10^3,2080,freq=[3];gain=[3],FP32,GPU,fft_thrust,compatibility/end-to-end,PASS,OK,20,100,7,0.88483599999999996,true,a26a252576b841baf1b94619cf5f52ed4bc780e063cb61ea0a43dba89c157c78,5badb9a978c0c6ab250a0b6ac537c6884792a56562bd3164a4f2b9a16d92152c
1,20260809T112202Z_ba26c5229701_stage08_b04_formal_8413f001,formal,20260809T112202Z,ba26c52297015b04c82730c65a6ca30d2b8a7891,true,stage08_b04_firwin2_scales_v1,bcb48196b1679bf19461e2362b475e2099029c2987b81c090f1620eb8246872f,operator,firwin2,NA,NA,firwin2,firwin2__firwin2_fp32_10e3__a26a252576b841ba,firwin2_fp32_10e3,10^3,2080,freq=[3];gain=[3],FP32,GPU,fft_thrust,compatibility/end-to-end,PASS,OK,20,100,8,0.865456,true,a26a252576b841baf1b94619cf5f52ed4bc780e063cb61ea0a43dba89c157c78,5badb9a978c0c6ab250a0b6ac537c6884792a56562bd3164a4f2b9a16d92152c
1,20260809T112202Z_ba26c5229701_stage08_b04_formal_8413f001,formal,20260809T112202Z,ba26c52297015b04c82730c65a6ca30d2b8a7891,true,stage08_b04_firwin2_scales_v1,bcb48196b1679bf19461e2362b475e2099029c2987b81c090f1620eb8246872f,operator,firwin2,NA,NA,firwin2,firwin2__firwin2_fp32_10e3__a26a252576b841ba,firwin2_fp32_10e3,10^3,2080,freq=[3];gain=[3],FP32,GPU,fft_thrust,compatibility/end-to-end,PASS,OK,20,100,9,0.867645,true,a26a252576b841baf1b94619cf5f52ed4bc780e063cb61ea0a43dba89c157c78,5badb9a978c0c6ab250a0b6ac537c6884792a56562bd3164a4f2b9a16d92152c
1,20260809T112202Z_ba26c5229701_stage08_b04_formal_8413f001,formal,20260809T112202Z,ba26c52297015b04c82730c65a6ca30d2b8a7891,true,stage08_b04_firwin2_scales_v1,bcb48196b1679bf19461e2362b475e2099029c2987b81c090f1620eb8246872f,operator,firwin2,NA,NA,firwin2,firwin2__firwin2_fp32_10e3__a26a252576b841ba,firwin2_fp32_10e3,10^3,2080,freq=[3];gain=[3],FP32,GPU,fft_thrust,compatibility/end-to-end,PASS,OK,20,100,10,0.86505600000000005,true,a26a252576b841baf1b94619cf5f52ed4bc780e063cb61ea0a43dba89c157c78,5badb9a978c0c6ab250a0b6ac537c6884792a56562bd3164a4f2b9a16d92152c
1,20260809T112202Z_ba26c5229701_stage08_b04_formal_8413f001,formal,20260809T112202Z,ba26c52297015b04c82730c65a6ca30d2b8a7891,true,stage08_b04_firwin2_scales_v1,bcb48196b1679bf19461e2362b475e2099029c2987b81c090f1620eb8246872f,operator,firwin2,NA,NA,firwin2,firwin2__firwin2_fp32_10e3__a26a252576b841ba,firwin2_fp32_10e3,10^3,2080,freq=[3];gain=[3],FP32,GPU,fft_thrust,compatibility/end-to-end,PASS,OK,20,100,11,0.88215600000000005,true,a26a252576b841baf1b94619cf5f52ed4bc780e063cb61ea0a43dba89c157c78,5badb9a978c0c6ab250a0b6ac537c6884792a56562bd3164a4f2b9a16d92152c
1,20260809T112202Z_ba26c5229701_stage08_b04_formal_8413f001,formal,20260809T112202Z,ba26c52297015b04c82730c65a6ca30d2b8a7891,true,stage08_b04_firwin2_scales_v1,bcb48196b1679bf19461e2362b475e2099029c2987b81c090f1620eb8246872f,operator,firwin2,NA,NA,firwin2,firwin2__firwin2_fp32_10e3__a26a252576b841ba,firwin2_fp32_10e3,10^3,2080,freq=[3];gain=[3],FP32,GPU,fft_thrust,compatibility/end-to-end,PASS,OK,20,100,12,0.87643499999999996,true,a26a252576b841baf1b94619cf5f52ed4bc780e063cb61ea0a43dba89c157c78,5badb9a978c0c6ab250a0b6ac537c6884792a56562bd3164a4f2b9a16d92152c
1,20260809T112202Z_ba26c5229701_stage08_b04_formal_8413f001,formal,20260809T112202Z,ba26c52297015b04c82730c65a6ca30d2b8a7891,true,stage08_b04_firwin2_scales_v1,bcb48196b1679bf19461e2362b475e2099029c2987b81c090f1620eb8246872f,operator,firwin2,NA,NA,firwin2,firwin2__firwin2_fp32_10e3__a26a252576b841ba,firwin2_fp32_10e3,10^3,2080,freq=[3];gain=[3],FP32,GPU,fft_thrust,compatibility/end-to-end,PASS,OK,20,100,13,0.877606,true,a26a252576b841baf1b94619cf5f52ed4bc780e063cb61ea0a43dba89c157c78,5badb9a978c0c6ab250a0b6ac537c6884792a56562bd3164a4f2b9a16d92152c
1,20260809T112202Z_ba26c5229701_stage08_b04_formal_8413f001,formal,20260809T112202Z,ba26c52297015b04c82730c65a6ca30d2b8a7891,true,stage08_b04_firwin2_scales_v1,bcb48196b1679bf19461e2362b475e2099029c2987b81c090f1620eb8246872f,operator,firwin2,NA,NA,firwin2,firwin2__firwin2_fp32_10e3__a26a252576b841ba,firwin2_fp32_10e3,10^3,2080,freq=[3];gain=[3],FP32,GPU,fft_thrust,compatibility/end-to-end,PASS,OK,20,100,14,0.87329599999999996,true,a26a252576b841baf1b94619cf5f52ed4bc780e063cb61ea0a43dba89c157c78,5badb9a978c0c6ab250a0b6ac537c6884792a56562bd3164a4f2b9a16d92152c
1,20260809T112202Z_ba26c5229701_stage08_b04_formal_8413f001,formal,20260809T112202Z,ba26c52297015b04c82730c65a6ca30d2b8a7891,true,stage08_b04_firwin2_scales_v1,bcb48196b1679bf19461e2362b475e2099029c2987b81c090f1620eb8246872f,operator,firwin2,NA,NA,firwin2,firwin2__firwin2_fp32_10e3__a26a252576b841ba,firwin2_fp32_10e3,10^3,2080,freq=[3];gain=[3],FP32,GPU,fft_thrust,compatibility/end-to-end,PASS,OK,20,100,15,0.87939500000000004,true,a26a252576b841baf1b94619cf5f52ed4bc780e063cb61ea0a43dba89c157c78,5badb9a978c0c6ab250a0b6ac537c6884792a56562bd3164a4f2b9a16d92152c
1,20260809T112202Z_ba26c5229701_stage08_b04_formal_8413f001,formal,20260809T112202Z,ba26c52297015b04c82730c65a6ca30d2b8a7891,true,stage08_b04_firwin2_scales_v1,bcb48196b1679bf19461e2362b475e2099029c2987b81c090f1620eb8246872f,operator,firwin2,NA,NA,firwin2,firwin2__firwin2_fp32_10e3__a26a252576b841ba,firwin2_fp32_10e3,10^3,2080,freq=[3];gain=[3],FP32,GPU,fft_thrust,compatibility/end-to-end,PASS,OK,20,100,16,0.90111600000000003,true,a26a252576b841baf1b94619cf5f52ed4bc780e063cb61ea0a43dba89c157c78,5badb9a978c0c6ab250a0b6ac537c6884792a56562bd3164a4f2b9a16d92152c
1,20260809T112202Z_ba26c5229701_stage08_b04_formal_8413f001,formal,20260809T112202Z,ba26c52297015b04c82730c65a6ca30d2b8a7891,true,stage08_b04_firwin2_scales_v1,bcb48196b1679bf19461e2362b475e2099029c2987b81c090f1620eb8246872f,operator,firwin2,NA,NA,firwin2,firwin2__firwin2_fp32_10e3__a26a252576b841ba,firwin2_fp32_10e3,10^3,2080,freq=[3];gain=[3],FP32,GPU,fft_thrust,compatibility/end-to-end,PASS,OK,20,100,17,0.87201600000000001,true,a26a252576b841baf1b94619cf5f52ed4bc780e063cb61ea0a43dba89c157c78,5badb9a978c0c6ab250a0b6ac537c6884792a56562bd3164a4f2b9a16d92152c
1,20260809T112202Z_ba26c5229701_stage08_b04_formal_8413f001,formal,20260809T112202Z,ba26c52297015b04c82730c65a6ca30d2b8a7891,true,stage08_b04_firwin2_scales_v1,bcb48196b1679bf19461e2362b475e2099029c2987b81c090f1620eb8246872f,operator,firwin2,NA,NA,firwin2,firwin2__firwin2_fp32_10e3__a26a252576b841ba,firwin2_fp32_10e3,10^3,2080,freq=[3];gain=[3],FP32,GPU,fft_thrust,compatibility/end-to-end,PASS,OK,20,100,18,0.87111499999999997,true,a26a252576b841baf1b94619cf5f52ed4bc780e063cb61ea0a43dba89c157c78,5badb9a978c0c6ab250a0b6ac537c6884792a56562bd3164a4f2b9a16d92152c
1,20260809T112202Z_ba26c5229701_stage08_b04_formal_8413f001,formal,20260809T112202Z,ba26c52297015b04c82730c65a6ca30d2b8a7891,true,stage08_b04_firwin2_scales_v1,bcb48196b1679bf19461e2362b475e2099029c2987b81c090f1620eb8246872f,operator,firwin2,NA,NA,firwin2,firwin2__firwin2_fp32_10e3__a26a252576b841ba,firwin2_fp32_10e3,10^3,2080,freq=[3];gain=[3],FP32,GPU,fft_thrust,compatibility/end-to-end,PASS,OK,20,100,19,0.87331599999999998,true,a26a252576b841baf1b94619cf5f52ed4bc780e063cb61ea0a43dba89c157c78,5badb9a978c0c6ab250a0b6ac537c6884792a56562bd3164a4f2b9a16d92152c
1,20260809T112202Z_ba26c5229701_stage08_b04_formal_8413f001,formal,20260809T112202Z,ba26c52297015b04c82730c65a6ca30d2b8a7891,true,stage08_b04_firwin2_scales_v1,bcb48196b1679bf19461e2362b475e2099029c2987b81c090f1620eb8246872f,operator,firwin2,NA,NA,firwin2,firwin2__firwin2_fp32_10e3__a26a252576b841ba,firwin2_fp32_10e3,10^3,2080,freq=[3];gain=[3],FP32,GPU,fft_thrust,compatibility/end-to-end,PASS,OK,20,100,20,0.91280499999999998,true,a26a252576b841baf1b94619cf5f52ed4bc780e063cb61ea0a43dba89c157c78,5badb9a978c0c6ab250a0b6ac537c6884792a56562bd3164a4f2b9a16d92152c
1,20260809T112202Z_ba26c5229701_stage08_b04_formal_8413f001,formal,20260809T112202Z,ba26c52297015b04c82730c65a6ca30d2b8a7891,true,stage08_b04_firwin2_scales_v1,bcb48196b1679bf19461e2362b475e2099029c2987b81c090f1620eb8246872f,operator,firwin2,NA,NA,firwin2,firwin2__firwin2_fp32_10e3__a26a252576b841ba,firwin2_fp32_10e3,10^3,2080,freq=[3];gain=[3],FP32,GPU,fft_thrust,compatibility/end-to-end,PASS,OK,20,100,21,0.88836599999999999,true,a26a252576b841baf1b94619cf5f52ed4bc780e063cb61ea0a43dba89c157c78,5badb9a978c0c6ab250a0b6ac537c6884792a56562bd3164a4f2b9a16d92152c
1,20260809T112202Z_ba26c5229701_stage08_b04_formal_8413f001,formal,20260809T112202Z,ba26c52297015b04c82730c65a6ca30d2b8a7891,true,stage08_b04_firwin2_scales_v1,bcb48196b1679bf19461e2362b475e2099029c2987b81c090f1620eb8246872f,operator,firwin2,NA,NA,firwin2,firwin2__firwin2_fp32_10e3__a26a252576b841ba,firwin2_fp32_10e3,10^3,2080,freq=[3];gain=[3],FP32,GPU,fft_thrust,compatibility/end-to-end,PASS,OK,20,100,22,0.88573599999999997,true,a26a252576b841baf1b94619cf5f52ed4bc780e063cb61ea0a43dba89c157c78,5badb9a978c0c6ab250a0b6ac537c6884792a56562bd3164a4f2b9a16d92152c
1,20260809T112202Z_ba26c5229701_stage08_b04_formal_8413f001,formal,20260809T112202Z,ba26c52297015b04c82730c65a6ca30d2b8a7891,true,stage08_b04_firwin2_scales_v1,bcb48196b1679bf19461e2362b475e2099029c2987b81c090f1620eb8246872f,operator,firwin2,NA,NA,firwin2,firwin2__firwin2_fp32_10e3__a26a252576b841ba,firwin2_fp32_10e3,10^3,2080,freq=[3];gain=[3],FP32,GPU,fft_thrust,compatibility/end-to-end,PASS,OK,20,100,23,0.88392599999999999,true,a26a252576b841baf1b94619cf5f52ed4bc780e063cb61ea0a43dba89c157c78,5badb9a978c0c6ab250a0b6ac537c6884792a56562bd3164a4f2b9a16d92152c
1,20260809T112202Z_ba26c5229701_stage08_b04_formal_8413f001,formal,20260809T112202Z,ba26c52297015b04c82730c65a6ca30d2b8a7891,true,stage08_b04_firwin2_scales_v1,bcb48196b1679bf19461e2362b475e2099029c2987b81c090f1620eb8246872f,operator,firwin2,NA,NA,firwin2,firwin2__firwin2_fp32_10e3__a26a252576b841ba,firwin2_fp32_10e3,10^3,2080,freq=[3];gain=[3],FP32,GPU,fft_thrust,compatibility/end-to-end,PASS,OK,20,100,24,1.065367,true,a26a252576b841baf1b94619cf5f52ed4bc780e063cb61ea0a43dba89c157c78,5badb9a978c0c6ab250a0b6ac537c6884792a56562bd3164a4f2b9a16d92152c
1,20260809T112202Z_ba26c5229701_stage08_b04_formal_8413f001,formal,20260809T112202Z,ba26c52297015b04c82730c65a6ca30d2b8a7891,true,stage08_b04_firwin2_scales_v1,bcb48196b1679bf19461e2362b475e2099029c2987b81c090f1620eb8246872f,operator,firwin2,NA,NA,firwin2,firwin2__firwin2_fp32_10e3__a26a252576b841ba,firwin2_fp32_10e3,10^3,2080,freq=[3];gain=[3],FP32,GPU,fft_thrust,compatibility/end-to-end,PASS,OK,20,100,25,0.894015,true,a26a252576b841baf1b94619cf5f52ed4bc780e063cb61ea0a43dba89c157c78,5badb9a978c0c6ab250a0b6ac537c6884792a56562bd3164a4f2b9a16d92152c
1,20260809T112202Z_ba26c5229701_stage08_b04_formal_8413f001,formal,20260809T112202Z,ba26c52297015b04c82730c65a6ca30d2b8a7891,true,stage08_b04_firwin2_scales_v1,bcb48196b1679bf19461e2362b475e2099029c2987b81c090f1620eb8246872f,operator,firwin2,NA,NA,firwin2,firwin2__firwin2_fp32_10e3__a26a252576b841ba,firwin2_fp32_10e3,10^3,2080,freq=[3];gain=[3],FP32,GPU,fft_thrust,compatibility/end-to-end,PASS,OK,20,100,26,0.87890599999999997,true,a26a252576b841baf1b94619cf5f52ed4bc780e063cb61ea0a43dba89c157c78,5badb9a978c0c6ab250a0b6ac537c6884792a56562bd3164a4f2b9a16d92152c
1,20260809T112202Z_ba26c5229701_stage08_b04_formal_8413f001,formal,20260809T112202Z,ba26c52297015b04c82730c65a6ca30d2b8a7891,true,stage08_b04_firwin2_scales_v1,bcb48196b1679bf19461e2362b475e2099029c2987b81c090f1620eb8246872f,operator,firwin2,NA,NA,firwin2,firwin2__firwin2_fp32_10e3__a26a252576b841ba,firwin2_fp32_10e3,10^3,2080,freq=[3];gain=[3],FP32,GPU,fft_thrust,compatibility/end-to-end,PASS,OK,20,100,27,0.87648499999999996,true,a26a252576b841baf1b94619cf5f52ed4bc780e063cb61ea0a43dba89c157c78,5badb9a978c0c6ab250a0b6ac537c6884792a56562bd3164a4f2b9a16d92152c
1,20260809T112202Z_ba26c5229701_stage08_b04_formal_8413f001,formal,20260809T112202Z,ba26c52297015b04c82730c65a6ca30d2b8a7891,true,stage08_b04_firwin2_scales_v1,bcb48196b1679bf19461e2362b475e2099029c2987b81c090f1620eb8246872f,operator,firwin2,NA,NA,firwin2,firwin2__firwin2_fp32_10e3__a26a252576b841ba,firwin2_fp32_10e3,10^3,2080,freq=[3];gain=[3],FP32,GPU,fft_thrust,compatibility/end-to-end,PASS,OK,20,100,28,0.88212599999999997,true,a26a252576b841baf1b94619cf5f52ed4bc780e063cb61ea0a43dba89c157c78,5badb9a978c0c6ab250a0b6ac537c6884792a56562bd3164a4f2b9a16d92152c
1,20260809T112202Z_ba26c5229701_stage08_b04_formal_8413f001,formal,20260809T112202Z,ba26c52297015b04c82730c65a6ca30d2b8a7891,true,stage08_b04_firwin2_scales_v1,bcb48196b1679bf19461e2362b475e2099029c2987b81c090f1620eb8246872f,operator,firwin2,NA,NA,firwin2,firwin2__firwin2_fp32_10e3__a26a252576b841ba,firwin2_fp32_10e3,10^3,2080,freq=[3];gain=[3],FP32,GPU,fft_thrust,compatibility/end-to-end,PASS,OK,20,100,29,0.90123600000000004,true,a26a252576b841baf1b94619cf5f52ed4bc780e063cb61ea0a43dba89c157c78,5badb9a978c0c6ab250a0b6ac537c6884792a56562bd3164a4f2b9a16d92152c
1,20260809T112202Z_ba26c5229701_stage08_b04_formal_8413f001,formal,20260809T112202Z,ba26c52297015b04c82730c65a6ca30d2b8a7891,true,stage08_b04_firwin2_scales_v1,bcb48196b1679bf19461e2362b475e2099029c2987b81c090f1620eb8246872f,operator,firwin2,NA,NA,firwin2,firwin2__firwin2_fp32_10e3__a26a252576b841ba,firwin2_fp32_10e3,10^3,2080,freq=[3];gain=[3],FP32,GPU,fft_thrust,compatibility/end-to-end,PASS,OK,20,100,30,0.88626499999999997,true,a26a252576b841baf1b94619cf5f52ed4bc780e063cb61ea0a43dba89c157c78,5badb9a978c0c6ab250a0b6ac537c6884792a56562bd3164a4f2b9a16d92152c
1,20260809T112202Z_ba26c5229701_stage08_b04_formal_8413f001,formal,20260809T112202Z,ba26c52297015b04c82730c65a6ca30d2b8a7891,true,stage08_b04_firwin2_scales_v1,bcb48196b1679bf19461e2362b475e2099029c2987b81c090f1620eb8246872f,operator,firwin2,NA,NA,firwin2,firwin2__firwin2_fp32_10e3__a26a252576b841ba,firwin2_fp32_10e3,10^3,2080,freq=[3];gain=[3],FP32,GPU,fft_thrust,compatibility/end-to-end,PASS,OK,20,100,31,0.88251599999999997,true,a26a252576b841baf1b94619cf5f52ed4bc780e063cb61ea0a43dba89c157c78,5badb9a978c0c6ab250a0b6ac537c6884792a56562bd3164a4f2b9a16d92152c
1,20260809T112202Z_ba26c5229701_stage08_b04_formal_8413f001,formal,20260809T112202Z,ba26c52297015b04c82730c65a6ca30d2b8a7891,true,stage08_b04_firwin2_scales_v1,bcb48196b1679bf19461e2362b475e2099029c2987b81c090f1620eb8246872f,operator,firwin2,NA,NA,firwin2,firwin2__firwin2_fp32_10e3__a26a252576b841ba,firwin2_fp32_10e3,10^3,2080,freq=[3];gain=[3],FP32,GPU,fft_thrust,compatibility/end-to-end,PASS,OK,20,100,32,0.88301600000000002,true,a26a252576b841baf1b94619cf5f52ed4bc780e063cb61ea0a43dba89c157c78,5badb9a978c0c6ab250a0b6ac537c6884792a56562bd3164a4f2b9a16d92152c
1,20260809T112202Z_ba26c5229701_stage08_b04_formal_8413f001,formal,20260809T112202Z,ba26c52297015b04c82730c65a6ca30d2b8a7891,true,stage08_b04_firwin2_scales_v1,bcb48196b1679bf19461e2362b475e2099029c2987b81c090f1620eb8246872f,operator,firwin2,NA,NA,firwin2,firwin2__firwin2_fp32_10e3__a26a252576b841ba,firwin2_fp32_10e3,10^3,2080,freq=[3];gain=[3],FP32,GPU,fft_thrust,compatibility/end-to-end,PASS,OK,20,100,33,0.87514599999999998,true,a26a252576b841baf1b94619cf5f52ed4bc780e063cb61ea0a43dba89c157c78,5badb9a978c0c6ab250a0b6ac537c6884792a56562bd3164a4f2b9a16d92152c
1,20260809T112202Z_ba26c5229701_stage08_b04_formal_8413f001,formal,20260809T112202Z,ba26c52297015b04c82730c65a6ca30d2b8a7891,true,stage08_b04_firwin2_scales_v1,bcb48196b1679bf19461e2362b475e2099029c2987b81c090f1620eb8246872f,operator,firwin2,NA,NA,firwin2,firwin2__firwin2_fp32_10e3__a26a252576b841ba,firwin2_fp32_10e3,10^3,2080,freq=[3];gain=[3],FP32,GPU,fft_thrust,compatibility/end-to-end,PASS,OK,20,100,34,0.87441500000000005,true,a26a252576b841baf1b94619cf5f52ed4bc780e063cb61ea0a43dba89c157c78,5badb9a978c0c6ab250a0b6ac537c6884792a56562bd3164a4f2b9a16d92152c
1,20260809T112202Z_ba26c5229701_stage08_b04_formal_8413f001,formal,20260809T112202Z,ba26c52297015b04c82730c65a6ca30d2b8a7891,true,stage08_b04_firwin2_scales_v1,bcb48196b1679bf19461e2362b475e2099029c2987b81c090f1620eb8246872f,operator,firwin2,NA,NA,firwin2,firwin2__firwin2_fp32_10e3__a26a252576b841ba,firwin2_fp32_10e3,10^3,2080,freq=[3];gain=[3],FP32,GPU,fft_thrust,compatibility/end-to-end,PASS,OK,20,100,35,0.84512500000000002,true,a26a252576b841baf1b94619cf5f52ed4bc780e063cb61ea0a43dba89c157c78,5badb9a978c0c6ab250a0b6ac537c6884792a56562bd3164a4f2b9a16d92152c
1,20260809T112202Z_ba26c5229701_stage08_b04_formal_8413f001,formal,20260809T112202Z,ba26c52297015b04c82730c65a6ca30d2b8a7891,true,stage08_b04_firwin2_scales_v1,bcb48196b1679bf19461e2362b475e2099029c2987b81c090f1620eb8246872f,operator,firwin2,NA,NA,firwin2,firwin2__firwin2_fp32_10e3__a26a252576b841ba,firwin2_fp32_10e3,10^3,2080,freq=[3];gain=[3],FP32,GPU,fft_thrust,compatibility/end-to-end,PASS,OK,20,100,36,0.85304599999999997,true,a26a252576b841baf1b94619cf5f52ed4bc780e063cb61ea0a43dba89c157c78,5badb9a978c0c6ab250a0b6ac537c6884792a56562bd3164a4f2b9a16d92152c
1,20260809T112202Z_ba26c5229701_stage08_b04_formal_8413f001,formal,20260809T112202Z,ba26c52297015b04c82730c65a6ca30d2b8a7891,true,stage08_b04_firwin2_scales_v1,bcb48196b1679bf19461e2362b475e2099029c2987b81c090f1620eb8246872f,operator,firwin2,NA,NA,firwin2,firwin2__firwin2_fp32_10e3__a26a252576b841ba,firwin2_fp32_10e3,10^3,2080,freq=[3];gain=[3],FP32,GPU,fft_thrust,compatibility/end-to-end,PASS,OK,20,100,37,0.864205,true,a26a252576b841baf1b94619cf5f52ed4bc780e063cb61ea0a43dba89c157c78,5badb9a978c0c6ab250a0b6ac537c6884792a56562bd3164a4f2b9a16d92152c
1,20260809T112202Z_ba26c5229701_stage08_b04_formal_8413f001,formal,20260809T112202Z,ba26c52297015b04c82730c65a6ca30d2b8a7891,true,stage08_b04_firwin2_scales_v1,bcb48196b1679bf19461e2362b475e2099029c2987b81c090f1620eb8246872f,operator,firwin2,NA,NA,firwin2,firwin2__firwin2_fp32_10e3__a26a252576b841ba,firwin2_fp32_10e3,10^3,2080,freq=[3];gain=[3],FP32,GPU,fft_thrust,compatibility/end-to-end,PASS,OK,20,100,38,0.87109599999999998,true,a26a252576b841baf1b94619cf5f52ed4bc780e063cb61ea0a43dba89c157c78,5badb9a978c0c6ab250a0b6ac537c6884792a56562bd3164a4f2b9a16d92152c
1,20260809T112202Z_ba26c5229701_stage08_b04_formal_8413f001,formal,20260809T112202Z,ba26c52297015b04c82730c65a6ca30d2b8a7891,true,stage08_b04_firwin2_scales_v1,bcb48196b1679bf19461e2362b475e2099029c2987b81c090f1620eb8246872f,operator,firwin2,NA,NA,firwin2,firwin2__firwin2_fp32_10e3__a26a252576b841ba,firwin2_fp32_10e3,10^3,2080,freq=[3];gain=[3],FP32,GPU,fft_thrust,compatibility/end-to-end,PASS,OK,20,100,39,0.87781600000000004,true,a26a252576b841baf1b94619cf5f52ed4bc780e063cb61ea0a43dba89c157c78,5badb9a978c0c6ab250a0b6ac537c6884792a56562bd3164a4f2b9a16d92152c
1,20260809T112202Z_ba26c5229701_stage08_b04_formal_8413f001,formal,20260809T112202Z,ba26c52297015b04c82730c65a6ca30d2b8a7891,true,stage08_b04_firwin2_scales_v1,bcb48196b1679bf19461e2362b475e2099029c2987b81c090f1620eb8246872f,operator,firwin2,NA,NA,firwin2,firwin2__firwin2_fp32_10e3__a26a252576b841ba,firwin2_fp32_10e3,10^3,2080,freq=[3];gain=[3],FP32,GPU,fft_thrust,compatibility/end-to-end,PASS,OK,20,100,40,0.87184499999999998,true,a26a252576b841baf1b94619cf5f52ed4bc780e063cb61ea0a43dba89c157c78,5badb9a978c0c6ab250a0b6ac537c6884792a56562bd3164a4f2b9a16d92152c
1,20260809T112202Z_ba26c5229701_stage08_b04_formal_8413f001,formal,20260809T112202Z,ba26c52297015b04c82730c65a6ca30d2b8a7891,true,stage08_b04_firwin2_scales_v1,bcb48196b1679bf19461e2362b475e2099029c2987b81c090f1620eb8246872f,operator,firwin2,NA,NA,firwin2,firwin2__firwin2_fp32_10e3__a26a252576b841ba,firwin2_fp32_10e3,10^3,2080,freq=[3];gain=[3],FP32,GPU,fft_thrust,compatibility/end-to-end,PASS,OK,20,100,41,1.1286480000000001,true,a26a252576b841baf1b94619cf5f52ed4bc780e063cb61ea0a43dba89c157c78,5badb9a978c0c6ab250a0b6ac537c6884792a56562bd3164a4f2b9a16d92152c
1,20260809T112202Z_ba26c5229701_stage08_b04_formal_8413f001,formal,20260809T112202Z,ba26c52297015b04c82730c65a6ca30d2b8a7891,true,stage08_b04_firwin2_scales_v1,bcb48196b1679bf19461e2362b475e2099029c2987b81c090f1620eb8246872f,operator,firwin2,NA,NA,firwin2,firwin2__firwin2_fp32_10e3__a26a252576b841ba,firwin2_fp32_10e3,10^3,2080,freq=[3];gain=[3],FP32,GPU,fft_thrust,compatibility/end-to-end,PASS,OK,20,100,42,0.87975499999999995,true,a26a252576b841baf1b94619cf5f52ed4bc780e063cb61ea0a43dba89c157c78,5badb9a978c0c6ab250a0b6ac537c6884792a56562bd3164a4f2b9a16d92152c
1,20260809T112202Z_ba26c5229701_stage08_b04_formal_8413f001,formal,20260809T112202Z,ba26c52297015b04c82730c65a6ca30d2b8a7891,true,stage08_b04_firwin2_scales_v1,bcb48196b1679bf19461e2362b475e2099029c2987b81c090f1620eb8246872f,operator,firwin2,NA,NA,firwin2,firwin2__firwin2_fp32_10e3__a26a252576b841ba,firwin2_fp32_10e3,10^3,2080,freq=[3];gain=[3],FP32,GPU,fft_thrust,compatibility/end-to-end,PASS,OK,20,100,43,0.88393600000000006,true,a26a252576b841baf1b94619cf5f52ed4bc780e063cb61ea0a43dba89c157c78,5badb9a978c0c6ab250a0b6ac537c6884792a56562bd3164a4f2b9a16d92152c
1,20260809T112202Z_ba26c5229701_stage08_b04_formal_8413f001,formal,20260809T112202Z,ba26c52297015b04c82730c65a6ca30d2b8a7891,true,stage08_b04_firwin2_scales_v1,bcb48196b1679bf19461e2362b475e2099029c2987b81c090f1620eb8246872f,operator,firwin2,NA,NA,firwin2,firwin2__firwin2_fp32_10e3__a26a252576b841ba,firwin2_fp32_10e3,10^3,2080,freq=[3];gain=[3],FP32,GPU,fft_thrust,compatibility/end-to-end,PASS,OK,20,100,44,0.88575599999999999,true,a26a252576b841baf1b94619cf5f52ed4bc780e063cb61ea0a43dba89c157c78,5badb9a978c0c6ab250a0b6ac537c6884792a56562bd3164a4f2b9a16d92152c
1,20260809T112202Z_ba26c5229701_stage08_b04_formal_8413f001,formal,20260809T112202Z,ba26c52297015b04c82730c65a6ca30d2b8a7891,true,stage08_b04_firwin2_scales_v1,bcb48196b1679bf19461e2362b475e2099029c2987b81c090f1620eb8246872f,operator,firwin2,NA,NA,firwin2,firwin2__firwin2_fp32_10e3__a26a252576b841ba,firwin2_fp32_10e3,10^3,2080,freq=[3];gain=[3],FP32,GPU,fft_thrust,compatibility/end-to-end,PASS,OK,20,100,45,0.87282499999999996,true,a26a252576b841baf1b94619cf5f52ed4bc780e063cb61ea0a43dba89c157c78,5badb9a978c0c6ab250a0b6ac537c6884792a56562bd3164a4f2b9a16d92152c
1,20260809T112202Z_ba26c5229701_stage08_b04_formal_8413f001,formal,20260809T112202Z,ba26c52297015b04c82730c65a6ca30d2b8a7891,true,stage08_b04_firwin2_scales_v1,bcb48196b1679bf19461e2362b475e2099029c2987b81c090f1620eb8246872f,operator,firwin2,NA,NA,firwin2,firwin2__firwin2_fp32_10e3__a26a252576b841ba,firwin2_fp32_10e3,10^3,2080,freq=[3];gain=[3],FP32,GPU,fft_thrust,compatibility/end-to-end,PASS,OK,20,100,46,0.86986600000000003,true,a26a252576b841baf1b94619cf5f52ed4bc780e063cb61ea0a43dba89c157c78,5badb9a978c0c6ab250a0b6ac537c6884792a56562bd3164a4f2b9a16d92152c
1,20260809T112202Z_ba26c5229701_stage08_b04_formal_8413f001,formal,20260809T112202Z,ba26c52297015b04c82730c65a6ca30d2b8a7891,true,stage08_b04_firwin2_scales_v1,bcb48196b1679bf19461e2362b475e2099029c2987b81c090f1620eb8246872f,operator,firwin2,NA,NA,firwin2,firwin2__firwin2_fp32_10e3__a26a252576b841ba,firwin2_fp32_10e3,10^3,2080,freq=[3];gain=[3],FP32,GPU,fft_thrust,compatibility/end-to-end,PASS,OK,20,100,47,0.87331599999999998,true,a26a252576b841baf1b94619cf5f52ed4bc780e063cb61ea0a43dba89c157c78,5badb9a978c0c6ab250a0b6ac537c6884792a56562bd3164a4f2b9a16d92152c
1,20260809T112202Z_ba26c5229701_stage08_b04_formal_8413f001,formal,20260809T112202Z,ba26c52297015b04c82730c65a6ca30d2b8a7891,true,stage08_b04_firwin2_scales_v1,bcb48196b1679bf19461e2362b475e2099029c2987b81c090f1620eb8246872f,operator,firwin2,NA,NA,firwin2,firwin2__firwin2_fp32_10e3__a26a252576b841ba,firwin2_fp32_10e3,10^3,2080,freq=[3];gain=[3],FP32,GPU,fft_thrust,compatibility/end-to-end,PASS,OK,20,100,48,0.87832500000000002,true,a26a252576b841baf1b94619cf5f52ed4bc780e063cb61ea0a43dba89c157c78,5badb9a978c0c6ab250a0b6ac537c6884792a56562bd3164a4f2b9a16d92152c
1,20260809T112202Z_ba26c5229701_stage08_b04_formal_8413f001,formal,20260809T112202Z,ba26c52297015b04c82730c65a6ca30d2b8a7891,true,stage08_b04_firwin2_scales_v1,bcb48196b1679bf19461e2362b475e2099029c2987b81c090f1620eb8246872f,operator,firwin2,NA,NA,firwin2,firwin2__firwin2_fp32_10e3__a26a252576b841ba,firwin2_fp32_10e3,10^3,2080,freq=[3];gain=[3],FP32,GPU,fft_thrust,compatibility/end-to-end,PASS,OK,20,100,49,0.87201600000000001,true,a26a252576b841baf1b94619cf5f52ed4bc780e063cb61ea0a43dba89c157c78,5badb9a978c0c6ab250a0b6ac537c6884792a56562bd3164a4f2b9a16d92152c
1,20260809T112202Z_ba26c5229701_stage08_b04_formal_8413f001,formal,20260809T112202Z,ba26c52297015b04c82730c65a6ca30d2b8a7891,true,stage08_b04_firwin2_scales_v1,bcb48196b1679bf19461e2362b475e2099029c2987b81c090f1620eb8246872f,operator,firwin2,NA,NA,firwin2,firwin2__firwin2_fp32_10e3__a26a252576b841ba,firwin2_fp32_10e3,10^3,2080,freq=[3];gain=[3],FP32,GPU,fft_thrust,compatibility/end-to-end,PASS,OK,20,100,50,0.86515500000000001,true,a26a252576b841baf1b94619cf5f52ed4bc780e063cb61ea0a43dba89c157c78,5badb9a978c0c6ab250a0b6ac537c6884792a56562bd3164a4f2b9a16d92152c
1,20260809T112202Z_ba26c5229701_stage08_b04_formal_8413f001,formal,20260809T112202Z,ba26c52297015b04c82730c65a6ca30d2b8a7891,true,stage08_b04_firwin2_scales_v1,bcb48196b1679bf19461e2362b475e2099029c2987b81c090f1620eb8246872f,operator,firwin2,NA,NA,firwin2,firwin2__firwin2_fp32_10e3__a26a252576b841ba,firwin2_fp32_10e3,10^3,2080,freq=[3];gain=[3],FP32,GPU,fft_thrust,compatibility/end-to-end,PASS,OK,20,100,51,0.98261600000000004,true,a26a252576b841baf1b94619cf5f52ed4bc780e063cb61ea0a43dba89c157c78,5badb9a978c0c6ab250a0b6ac537c6884792a56562bd3164a4f2b9a16d92152c
1,20260809T112202Z_ba26c5229701_stage08_b04_formal_8413f001,formal,20260809T112202Z,ba26c52297015b04c82730c65a6ca30d2b8a7891,true,stage08_b04_firwin2_scales_v1,bcb48196b1679bf19461e2362b475e2099029c2987b81c090f1620eb8246872f,operator,firwin2,NA,NA,firwin2,firwin2__firwin2_fp32_10e3__a26a252576b841ba,firwin2_fp32_10e3,10^3,2080,freq=[3];gain=[3],FP32,GPU,fft_thrust,compatibility/end-to-end,PASS,OK,20,100,52,1.148488,true,a26a252576b841baf1b94619cf5f52ed4bc780e063cb61ea0a43dba89c157c78,5badb9a978c0c6ab250a0b6ac537c6884792a56562bd3164a4f2b9a16d92152c
1,20260809T112202Z_ba26c5229701_stage08_b04_formal_8413f001,formal,20260809T112202Z,ba26c52297015b04c82730c65a6ca30d2b8a7891,true,stage08_b04_firwin2_scales_v1,bcb48196b1679bf19461e2362b475e2099029c2987b81c090f1620eb8246872f,operator,firwin2,NA,NA,firwin2,firwin2__firwin2_fp32_10e3__a26a252576b841ba,firwin2_fp32_10e3,10^3,2080,freq=[3];gain=[3],FP32,GPU,fft_thrust,compatibility/end-to-end,PASS,OK,20,100,53,0.886656,true,a26a252576b841baf1b94619cf5f52ed4bc780e063cb61ea0a43dba89c157c78,5badb9a978c0c6ab250a0b6ac537c6884792a56562bd3164a4f2b9a16d92152c
1,20260809T112202Z_ba26c5229701_stage08_b04_formal_8413f001,formal,20260809T112202Z,ba26c52297015b04c82730c65a6ca30d2b8a7891,true,stage08_b04_firwin2_scales_v1,bcb48196b1679bf19461e2362b475e2099029c2987b81c090f1620eb8246872f,operator,firwin2,NA,NA,firwin2,firwin2__firwin2_fp32_10e3__a26a252576b841ba,firwin2_fp32_10e3,10^3,2080,freq=[3];gain=[3],FP32,GPU,fft_thrust,compatibility/end-to-end,PASS,OK,20,100,54,0.86711499999999997,true,a26a252576b841baf1b94619cf5f52ed4bc780e063cb61ea0a43dba89c157c78,5badb9a978c0c6ab250a0b6ac537c6884792a56562bd3164a4f2b9a16d92152c
1,20260809T112202Z_ba26c5229701_stage08_b04_formal_8413f001,formal,20260809T112202Z,ba26c52297015b04c82730c65a6ca30d2b8a7891,true,stage08_b04_firwin2_scales_v1,bcb48196b1679bf19461e2362b475e2099029c2987b81c090f1620eb8246872f,operator,firwin2,NA,NA,firwin2,firwin2__firwin2_fp32_10e3__a26a252576b841ba,firwin2_fp32_10e3,10^3,2080,freq=[3];gain=[3],FP32,GPU,fft_thrust,compatibility/end-to-end,PASS,OK,20,100,55,0.87022600000000006,true,a26a252576b841baf1b94619cf5f52ed4bc780e063cb61ea0a43dba89c157c78,5badb9a978c0c6ab250a0b6ac537c6884792a56562bd3164a4f2b9a16d92152c
1,20260809T112202Z_ba26c5229701_stage08_b04_formal_8413f001,formal,20260809T112202Z,ba26c52297015b04c82730c65a6ca30d2b8a7891,true,stage08_b04_firwin2_scales_v1,bcb48196b1679bf19461e2362b475e2099029c2987b81c090f1620eb8246872f,operator,firwin2,NA,NA,firwin2,firwin2__firwin2_fp32_10e3__a26a252576b841ba,firwin2_fp32_10e3,10^3,2080,freq=[3];gain=[3],FP32,GPU,fft_thrust,compatibility/end-to-end,PASS,OK,20,100,56,0.88935600000000004,true,a26a252576b841baf1b94619cf5f52ed4bc780e063cb61ea0a43dba89c157c78,5badb9a978c0c6ab250a0b6ac537c6884792a56562bd3164a4f2b9a16d92152c
1,20260809T112202Z_ba26c5229701_stage08_b04_formal_8413f001,formal,20260809T112202Z,ba26c52297015b04c82730c65a6ca30d2b8a7891,true,stage08_b04_firwin2_scales_v1,bcb48196b1679bf19461e2362b475e2099029c2987b81c090f1620eb8246872f,operator,firwin2,NA,NA,firwin2,firwin2__firwin2_fp32_10e3__a26a252576b841ba,firwin2_fp32_10e3,10^3,2080,freq=[3];gain=[3],FP32,GPU,fft_thrust,compatibility/end-to-end,PASS,OK,20,100,57,0.869085,true,a26a252576b841baf1b94619cf5f52ed4bc780e063cb61ea0a43dba89c157c78,5badb9a978c0c6ab250a0b6ac537c6884792a56562bd3164a4f2b9a16d92152c
1,20260809T112202Z_ba26c5229701_stage08_b04_formal_8413f001,formal,20260809T112202Z,ba26c52297015b04c82730c65a6ca30d2b8a7891,true,stage08_b04_firwin2_scales_v1,bcb48196b1679bf19461e2362b475e2099029c2987b81c090f1620eb8246872f,operator,firwin2,NA,NA,firwin2,firwin2__firwin2_fp32_10e3__a26a252576b841ba,firwin2_fp32_10e3,10^3,2080,freq=[3];gain=[3],FP32,GPU,fft_thrust,compatibility/end-to-end,PASS,OK,20,100,58,0.86893600000000004,true,a26a252576b841baf1b94619cf5f52ed4bc780e063cb61ea0a43dba89c157c78,5badb9a978c0c6ab250a0b6ac537c6884792a56562bd3164a4f2b9a16d92152c
1,20260809T112202Z_ba26c5229701_stage08_b04_formal_8413f001,formal,20260809T112202Z,ba26c52297015b04c82730c65a6ca30d2b8a7891,true,stage08_b04_firwin2_scales_v1,bcb48196b1679bf19461e2362b475e2099029c2987b81c090f1620eb8246872f,operator,firwin2,NA,NA,firwin2,firwin2__firwin2_fp32_10e3__a26a252576b841ba,firwin2_fp32_10e3,10^3,2080,freq=[3];gain=[3],FP32,GPU,fft_thrust,compatibility/end-to-end,PASS,OK,20,100,59,0.86346500000000004,true,a26a252576b841baf1b94619cf5f52ed4bc780e063cb61ea0a43dba89c157c78,5badb9a978c0c6ab250a0b6ac537c6884792a56562bd3164a4f2b9a16d92152c
1,20260809T112202Z_ba26c5229701_stage08_b04_formal_8413f001,formal,20260809T112202Z,ba26c52297015b04c82730c65a6ca30d2b8a7891,true,stage08_b04_firwin2_scales_v1,bcb48196b1679bf19461e2362b475e2099029c2987b81c090f1620eb8246872f,operator,firwin2,NA,NA,firwin2,firwin2__firwin2_fp32_10e3__a26a252576b841ba,firwin2_fp32_10e3,10^3,2080,freq=[3];gain=[3],FP32,GPU,fft_thrust,compatibility/end-to-end,PASS,OK,20,100,60,0.88336599999999998,true,a26a252576b841baf1b94619cf5f52ed4bc780e063cb61ea0a43dba89c157c78,5badb9a978c0c6ab250a0b6ac537c6884792a56562bd3164a4f2b9a16d92152c
1,20260809T112202Z_ba26c5229701_stage08_b04_formal_8413f001,formal,20260809T112202Z,ba26c52297015b04c82730c65a6ca30d2b8a7891,true,stage08_b04_firwin2_scales_v1,bcb48196b1679bf19461e2362b475e2099029c2987b81c090f1620eb8246872f,operator,firwin2,NA,NA,firwin2,firwin2__firwin2_fp32_10e3__a26a252576b841ba,firwin2_fp32_10e3,10^3,2080,freq=[3];gain=[3],FP32,GPU,fft_thrust,compatibility/end-to-end,PASS,OK,20,100,61,0.87722500000000003,true,a26a252576b841baf1b94619cf5f52ed4bc780e063cb61ea0a43dba89c157c78,5badb9a978c0c6ab250a0b6ac537c6884792a56562bd3164a4f2b9a16d92152c
1,20260809T112202Z_ba26c5229701_stage08_b04_formal_8413f001,formal,20260809T112202Z,ba26c52297015b04c82730c65a6ca30d2b8a7891,true,stage08_b04_firwin2_scales_v1,bcb48196b1679bf19461e2362b475e2099029c2987b81c090f1620eb8246872f,operator,firwin2,NA,NA,firwin2,firwin2__firwin2_fp32_10e3__a26a252576b841ba,firwin2_fp32_10e3,10^3,2080,freq=[3];gain=[3],FP32,GPU,fft_thrust,compatibility/end-to-end,PASS,OK,20,100,62,0.87756599999999996,true,a26a252576b841baf1b94619cf5f52ed4bc780e063cb61ea0a43dba89c157c78,5badb9a978c0c6ab250a0b6ac537c6884792a56562bd3164a4f2b9a16d92152c
1,20260809T112202Z_ba26c5229701_stage08_b04_formal_8413f001,formal,20260809T112202Z,ba26c52297015b04c82730c65a6ca30d2b8a7891,true,stage08_b04_firwin2_scales_v1,bcb48196b1679bf19461e2362b475e2099029c2987b81c090f1620eb8246872f,operator,firwin2,NA,NA,firwin2,firwin2__firwin2_fp32_10e3__a26a252576b841ba,firwin2_fp32_10e3,10^3,2080,freq=[3];gain=[3],FP32,GPU,fft_thrust,compatibility/end-to-end,PASS,OK,20,100,63,0.87292599999999998,true,a26a252576b841baf1b94619cf5f52ed4bc780e063cb61ea0a43dba89c157c78,5badb9a978c0c6ab250a0b6ac537c6884792a56562bd3164a4f2b9a16d92152c
1,20260809T112202Z_ba26c5229701_stage08_b04_formal_8413f001,formal,20260809T112202Z,ba26c52297015b04c82730c65a6ca30d2b8a7891,true,stage08_b04_firwin2_scales_v1,bcb48196b1679bf19461e2362b475e2099029c2987b81c090f1620eb8246872f,operator,firwin2,NA,NA,firwin2,firwin2__firwin2_fp32_10e3__a26a252576b841ba,firwin2_fp32_10e3,10^3,2080,freq=[3];gain=[3],FP32,GPU,fft_thrust,compatibility/end-to-end,PASS,OK,20,100,64,0.885015,true,a26a252576b841baf1b94619cf5f52ed4bc780e063cb61ea0a43dba89c157c78,5badb9a978c0c6ab250a0b6ac537c6884792a56562bd3164a4f2b9a16d92152c
1,20260809T112202Z_ba26c5229701_stage08_b04_formal_8413f001,formal,20260809T112202Z,ba26c52297015b04c82730c65a6ca30d2b8a7891,true,stage08_b04_firwin2_scales_v1,bcb48196b1679bf19461e2362b475e2099029c2987b81c090f1620eb8246872f,operator,firwin2,NA,NA,firwin2,firwin2__firwin2_fp32_10e3__a26a252576b841ba,firwin2_fp32_10e3,10^3,2080,freq=[3];gain=[3],FP32,GPU,fft_thrust,compatibility/end-to-end,PASS,OK,20,100,65,0.86990599999999996,true,a26a252576b841baf1b94619cf5f52ed4bc780e063cb61ea0a43dba89c157c78,5badb9a978c0c6ab250a0b6ac537c6884792a56562bd3164a4f2b9a16d92152c
1,20260809T112202Z_ba26c5229701_stage08_b04_formal_8413f001,formal,20260809T112202Z,ba26c52297015b04c82730c65a6ca30d2b8a7891,true,stage08_b04_firwin2_scales_v1,bcb48196b1679bf19461e2362b475e2099029c2987b81c090f1620eb8246872f,operator,firwin2,NA,NA,firwin2,firwin2__firwin2_fp32_10e3__a26a252576b841ba,firwin2_fp32_10e3,10^3,2080,freq=[3];gain=[3],FP32,GPU,fft_thrust,compatibility/end-to-end,PASS,OK,20,100,66,0.86642600000000003,true,a26a252576b841baf1b94619cf5f52ed4bc780e063cb61ea0a43dba89c157c78,5badb9a978c0c6ab250a0b6ac537c6884792a56562bd3164a4f2b9a16d92152c
1,20260809T112202Z_ba26c5229701_stage08_b04_formal_8413f001,formal,20260809T112202Z,ba26c52297015b04c82730c65a6ca30d2b8a7891,true,stage08_b04_firwin2_scales_v1,bcb48196b1679bf19461e2362b475e2099029c2987b81c090f1620eb8246872f,operator,firwin2,NA,NA,firwin2,firwin2__firwin2_fp32_10e3__a26a252576b841ba,firwin2_fp32_10e3,10^3,2080,freq=[3];gain=[3],FP32,GPU,fft_thrust,compatibility/end-to-end,PASS,OK,20,100,67,0.87178500000000003,true,a26a252576b841baf1b94619cf5f52ed4bc780e063cb61ea0a43dba89c157c78,5badb9a978c0c6ab250a0b6ac537c6884792a56562bd3164a4f2b9a16d92152c
1,20260809T112202Z_ba26c5229701_stage08_b04_formal_8413f001,formal,20260809T112202Z,ba26c52297015b04c82730c65a6ca30d2b8a7891,true,stage08_b04_firwin2_scales_v1,bcb48196b1679bf19461e2362b475e2099029c2987b81c090f1620eb8246872f,operator,firwin2,NA,NA,firwin2,firwin2__firwin2_fp32_10e3__a26a252576b841ba,firwin2_fp32_10e3,10^3,2080,freq=[3];gain=[3],FP32,GPU,fft_thrust,compatibility/end-to-end,PASS,OK,20,100,68,0.86934599999999995,true,a26a252576b841baf1b94619cf5f52ed4bc780e063cb61ea0a43dba89c157c78,5badb9a978c0c6ab250a0b6ac537c6884792a56562bd3164a4f2b9a16d92152c
1,20260809T112202Z_ba26c5229701_stage08_b04_formal_8413f001,formal,20260809T112202Z,ba26c52297015b04c82730c65a6ca30d2b8a7891,true,stage08_b04_firwin2_scales_v1,bcb48196b1679bf19461e2362b475e2099029c2987b81c090f1620eb8246872f,operator,firwin2,NA,NA,firwin2,firwin2__firwin2_fp32_10e3__a26a252576b841ba,firwin2_fp32_10e3,10^3,2080,freq=[3];gain=[3],FP32,GPU,fft_thrust,compatibility/end-to-end,PASS,OK,20,100,69,0.86822600000000005,true,a26a252576b841baf1b94619cf5f52ed4bc780e063cb61ea0a43dba89c157c78,5badb9a978c0c6ab250a0b6ac537c6884792a56562bd3164a4f2b9a16d92152c
1,20260809T112202Z_ba26c5229701_stage08_b04_formal_8413f001,formal,20260809T112202Z,ba26c52297015b04c82730c65a6ca30d2b8a7891,true,stage08_b04_firwin2_scales_v1,bcb48196b1679bf19461e2362b475e2099029c2987b81c090f1620eb8246872f,operator,firwin2,NA,NA,firwin2,firwin2__firwin2_fp32_10e3__a26a252576b841ba,firwin2_fp32_10e3,10^3,2080,freq=[3];gain=[3],FP32,GPU,fft_thrust,compatibility/end-to-end,PASS,OK,20,100,70,0.88766500000000004,true,a26a252576b841baf1b94619cf5f52ed4bc780e063cb61ea0a43dba89c157c78,5badb9a978c0c6ab250a0b6ac537c6884792a56562bd3164a4f2b9a16d92152c
1,20260809T112202Z_ba26c5229701_stage08_b04_formal_8413f001,formal,20260809T112202Z,ba26c52297015b04c82730c65a6ca30d2b8a7891,true,stage08_b04_firwin2_scales_v1,bcb48196b1679bf19461e2362b475e2099029c2987b81c090f1620eb8246872f,operator,firwin2,NA,NA,firwin2,firwin2__firwin2_fp32_10e3__a26a252576b841ba,firwin2_fp32_10e3,10^3,2080,freq=[3];gain=[3],FP32,GPU,fft_thrust,compatibility/end-to-end,PASS,OK,20,100,71,0.87009599999999998,true,a26a252576b841baf1b94619cf5f52ed4bc780e063cb61ea0a43dba89c157c78,5badb9a978c0c6ab250a0b6ac537c6884792a56562bd3164a4f2b9a16d92152c
1,20260809T112202Z_ba26c5229701_stage08_b04_formal_8413f001,formal,20260809T112202Z,ba26c52297015b04c82730c65a6ca30d2b8a7891,true,stage08_b04_firwin2_scales_v1,bcb48196b1679bf19461e2362b475e2099029c2987b81c090f1620eb8246872f,operator,firwin2,NA,NA,firwin2,firwin2__firwin2_fp32_10e3__a26a252576b841ba,firwin2_fp32_10e3,10^3,2080,freq=[3];gain=[3],FP32,GPU,fft_thrust,compatibility/end-to-end,PASS,OK,20,100,72,0.86509499999999995,true,a26a252576b841baf1b94619cf5f52ed4bc780e063cb61ea0a43dba89c157c78,5badb9a978c0c6ab250a0b6ac537c6884792a56562bd3164a4f2b9a16d92152c
1,20260809T112202Z_ba26c5229701_stage08_b04_formal_8413f001,formal,20260809T112202Z,ba26c52297015b04c82730c65a6ca30d2b8a7891,true,stage08_b04_firwin2_scales_v1,bcb48196b1679bf19461e2362b475e2099029c2987b81c090f1620eb8246872f,operator,firwin2,NA,NA,firwin2,firwin2__firwin2_fp32_10e3__a26a252576b841ba,firwin2_fp32_10e3,10^3,2080,freq=[3];gain=[3],FP32,GPU,fft_thrust,compatibility/end-to-end,PASS,OK,20,100,73,0.86990599999999996,true,a26a252576b841baf1b94619cf5f52ed4bc780e063cb61ea0a43dba89c157c78,5badb9a978c0c6ab250a0b6ac537c6884792a56562bd3164a4f2b9a16d92152c
1,20260809T112202Z_ba26c5229701_stage08_b04_formal_8413f001,formal,20260809T112202Z,ba26c52297015b04c82730c65a6ca30d2b8a7891,true,stage08_b04_firwin2_scales_v1,bcb48196b1679bf19461e2362b475e2099029c2987b81c090f1620eb8246872f,operator,firwin2,NA,NA,firwin2,firwin2__firwin2_fp32_10e3__a26a252576b841ba,firwin2_fp32_10e3,10^3,2080,freq=[3];gain=[3],FP32,GPU,fft_thrust,compatibility/end-to-end,PASS,OK,20,100,74,0.89285499999999995,true,a26a252576b841baf1b94619cf5f52ed4bc780e063cb61ea0a43dba89c157c78,5badb9a978c0c6ab250a0b6ac537c6884792a56562bd3164a4f2b9a16d92152c
1,20260809T112202Z_ba26c5229701_stage08_b04_formal_8413f001,formal,20260809T112202Z,ba26c52297015b04c82730c65a6ca30d2b8a7891,true,stage08_b04_firwin2_scales_v1,bcb48196b1679bf19461e2362b475e2099029c2987b81c090f1620eb8246872f,operator,firwin2,NA,NA,firwin2,firwin2__firwin2_fp32_10e3__a26a252576b841ba,firwin2_fp32_10e3,10^3,2080,freq=[3];gain=[3],FP32,GPU,fft_thrust,compatibility/end-to-end,PASS,OK,20,100,75,0.87122599999999994,true,a26a252576b841baf1b94619cf5f52ed4bc780e063cb61ea0a43dba89c157c78,5badb9a978c0c6ab250a0b6ac537c6884792a56562bd3164a4f2b9a16d92152c
1,20260809T112202Z_ba26c5229701_stage08_b04_formal_8413f001,formal,20260809T112202Z,ba26c52297015b04c82730c65a6ca30d2b8a7891,true,stage08_b04_firwin2_scales_v1,bcb48196b1679bf19461e2362b475e2099029c2987b81c090f1620eb8246872f,operator,firwin2,NA,NA,firwin2,firwin2__firwin2_fp32_10e3__a26a252576b841ba,firwin2_fp32_10e3,10^3,2080,freq=[3];gain=[3],FP32,GPU,fft_thrust,compatibility/end-to-end,PASS,OK,20,100,76,0.87421599999999999,true,a26a252576b841baf1b94619cf5f52ed4bc780e063cb61ea0a43dba89c157c78,5badb9a978c0c6ab250a0b6ac537c6884792a56562bd3164a4f2b9a16d92152c
1,20260809T112202Z_ba26c5229701_stage08_b04_formal_8413f001,formal,20260809T112202Z,ba26c52297015b04c82730c65a6ca30d2b8a7891,true,stage08_b04_firwin2_scales_v1,bcb48196b1679bf19461e2362b475e2099029c2987b81c090f1620eb8246872f,operator,firwin2,NA,NA,firwin2,firwin2__firwin2_fp32_10e3__a26a252576b841ba,firwin2_fp32_10e3,10^3,2080,freq=[3];gain=[3],FP32,GPU,fft_thrust,compatibility/end-to-end,PASS,OK,20,100,77,0.87610500000000002,true,a26a252576b841baf1b94619cf5f52ed4bc780e063cb61ea0a43dba89c157c78,5badb9a978c0c6ab250a0b6ac537c6884792a56562bd3164a4f2b9a16d92152c
1,20260809T112202Z_ba26c5229701_stage08_b04_formal_8413f001,formal,20260809T112202Z,ba26c52297015b04c82730c65a6ca30d2b8a7891,true,stage08_b04_firwin2_scales_v1,bcb48196b1679bf19461e2362b475e2099029c2987b81c090f1620eb8246872f,operator,firwin2,NA,NA,firwin2,firwin2__firwin2_fp32_10e3__a26a252576b841ba,firwin2_fp32_10e3,10^3,2080,freq=[3];gain=[3],FP32,GPU,fft_thrust,compatibility/end-to-end,PASS,OK,20,100,78,0.86938599999999999,true,a26a252576b841baf1b94619cf5f52ed4bc780e063cb61ea0a43dba89c157c78,5badb9a978c0c6ab250a0b6ac537c6884792a56562bd3164a4f2b9a16d92152c
1,20260809T112202Z_ba26c5229701_stage08_b04_formal_8413f001,formal,20260809T112202Z,ba26c52297015b04c82730c65a6ca30d2b8a7891,true,stage08_b04_firwin2_scales_v1,bcb48196b1679bf19461e2362b475e2099029c2987b81c090f1620eb8246872f,operator,firwin2,NA,NA,firwin2,firwin2__firwin2_fp32_10e3__a26a252576b841ba,firwin2_fp32_10e3,10^3,2080,freq=[3];gain=[3],FP32,GPU,fft_thrust,compatibility/end-to-end,PASS,OK,20,100,79,0.88300599999999996,true,a26a252576b841baf1b94619cf5f52ed4bc780e063cb61ea0a43dba89c157c78,5badb9a978c0c6ab250a0b6ac537c6884792a56562bd3164a4f2b9a16d92152c
1,20260809T112202Z_ba26c5229701_stage08_b04_formal_8413f001,formal,20260809T112202Z,ba26c52297015b04c82730c65a6ca30d2b8a7891,true,stage08_b04_firwin2_scales_v1,bcb48196b1679bf19461e2362b475e2099029c2987b81c090f1620eb8246872f,operator,firwin2,NA,NA,firwin2,firwin2__firwin2_fp32_10e3__a26a252576b841ba,firwin2_fp32_10e3,10^3,2080,freq=[3];gain=[3],FP32,GPU,fft_thrust,compatibility/end-to-end,PASS,OK,20,100,80,0.87360499999999996,true,a26a252576b841baf1b94619cf5f52ed4bc780e063cb61ea0a43dba89c157c78,5badb9a978c0c6ab250a0b6ac537c6884792a56562bd3164a4f2b9a16d92152c
1,20260809T112202Z_ba26c5229701_stage08_b04_formal_8413f001,formal,20260809T112202Z,ba26c52297015b04c82730c65a6ca30d2b8a7891,true,stage08_b04_firwin2_scales_v1,bcb48196b1679bf19461e2362b475e2099029c2987b81c090f1620eb8246872f,operator,firwin2,NA,NA,firwin2,firwin2__firwin2_fp32_10e3__a26a252576b841ba,firwin2_fp32_10e3,10^3,2080,freq=[3];gain=[3],FP32,GPU,fft_thrust,compatibility/end-to-end,PASS,OK,20,100,81,0.86883600000000005,true,a26a252576b841baf1b94619cf5f52ed4bc780e063cb61ea0a43dba89c157c78,5badb9a978c0c6ab250a0b6ac537c6884792a56562bd3164a4f2b9a16d92152c
1,20260809T112202Z_ba26c5229701_stage08_b04_formal_8413f001,formal,20260809T112202Z,ba26c52297015b04c82730c65a6ca30d2b8a7891,true,stage08_b04_firwin2_scales_v1,bcb48196b1679bf19461e2362b475e2099029c2987b81c090f1620eb8246872f,operator,firwin2,NA,NA,firwin2,firwin2__firwin2_fp32_10e3__a26a252576b841ba,firwin2_fp32_10e3,10^3,2080,freq=[3];gain=[3],FP32,GPU,fft_thrust,compatibility/end-to-end,PASS,OK,20,100,82,0.873255,true,a26a252576b841baf1b94619cf5f52ed4bc780e063cb61ea0a43dba89c157c78,5badb9a978c0c6ab250a0b6ac537c6884792a56562bd3164a4f2b9a16d92152c
1,20260809T112202Z_ba26c5229701_stage08_b04_formal_8413f001,formal,20260809T112202Z,ba26c52297015b04c82730c65a6ca30d2b8a7891,true,stage08_b04_firwin2_scales_v1,bcb48196b1679bf19461e2362b475e2099029c2987b81c090f1620eb8246872f,operator,firwin2,NA,NA,firwin2,firwin2__firwin2_fp32_10e3__a26a252576b841ba,firwin2_fp32_10e3,10^3,2080,freq=[3];gain=[3],FP32,GPU,fft_thrust,compatibility/end-to-end,PASS,OK,20,100,83,0.88606600000000002,true,a26a252576b841baf1b94619cf5f52ed4bc780e063cb61ea0a43dba89c157c78,5badb9a978c0c6ab250a0b6ac537c6884792a56562bd3164a4f2b9a16d92152c
1,20260809T112202Z_ba26c5229701_stage08_b04_formal_8413f001,formal,20260809T112202Z,ba26c52297015b04c82730c65a6ca30d2b8a7891,true,stage08_b04_firwin2_scales_v1,bcb48196b1679bf19461e2362b475e2099029c2987b81c090f1620eb8246872f,operator,firwin2,NA,NA,firwin2,firwin2__firwin2_fp32_10e3__a26a252576b841ba,firwin2_fp32_10e3,10^3,2080,freq=[3];gain=[3],FP32,GPU,fft_thrust,compatibility/end-to-end,PASS,OK,20,100,84,0.87366600000000005,true,a26a252576b841baf1b94619cf5f52ed4bc780e063cb61ea0a43dba89c157c78,5badb9a978c0c6ab250a0b6ac537c6884792a56562bd3164a4f2b9a16d92152c
1,20260809T112202Z_ba26c5229701_stage08_b04_formal_8413f001,formal,20260809T112202Z,ba26c52297015b04c82730c65a6ca30d2b8a7891,true,stage08_b04_firwin2_scales_v1,bcb48196b1679bf19461e2362b475e2099029c2987b81c090f1620eb8246872f,operator,firwin2,NA,NA,firwin2,firwin2__firwin2_fp32_10e3__a26a252576b841ba,firwin2_fp32_10e3,10^3,2080,freq=[3];gain=[3],FP32,GPU,fft_thrust,compatibility/end-to-end,PASS,OK,20,100,85,0.87437500000000001,true,a26a252576b841baf1b94619cf5f52ed4bc780e063cb61ea0a43dba89c157c78,5badb9a978c0c6ab250a0b6ac537c6884792a56562bd3164a4f2b9a16d92152c
1,20260809T112202Z_ba26c5229701_stage08_b04_formal_8413f001,formal,20260809T112202Z,ba26c52297015b04c82730c65a6ca30d2b8a7891,true,stage08_b04_firwin2_scales_v1,bcb48196b1679bf19461e2362b475e2099029c2987b81c090f1620eb8246872f,operator,firwin2,NA,NA,firwin2,firwin2__firwin2_fp32_10e3__a26a252576b841ba,firwin2_fp32_10e3,10^3,2080,freq=[3];gain=[3],FP32,GPU,fft_thrust,compatibility/end-to-end,PASS,OK,20,100,86,0.86986600000000003,true,a26a252576b841baf1b94619cf5f52ed4bc780e063cb61ea0a43dba89c157c78,5badb9a978c0c6ab250a0b6ac537c6884792a56562bd3164a4f2b9a16d92152c
1,20260809T112202Z_ba26c5229701_stage08_b04_formal_8413f001,formal,20260809T112202Z,ba26c52297015b04c82730c65a6ca30d2b8a7891,true,stage08_b04_firwin2_scales_v1,bcb48196b1679bf19461e2362b475e2099029c2987b81c090f1620eb8246872f,operator,firwin2,NA,NA,firwin2,firwin2__firwin2_fp32_10e3__a26a252576b841ba,firwin2_fp32_10e3,10^3,2080,freq=[3];gain=[3],FP32,GPU,fft_thrust,compatibility/end-to-end,PASS,OK,20,100,87,0.88364600000000004,true,a26a252576b841baf1b94619cf5f52ed4bc780e063cb61ea0a43dba89c157c78,5badb9a978c0c6ab250a0b6ac537c6884792a56562bd3164a4f2b9a16d92152c
1,20260809T112202Z_ba26c5229701_stage08_b04_formal_8413f001,formal,20260809T112202Z,ba26c52297015b04c82730c65a6ca30d2b8a7891,true,stage08_b04_firwin2_scales_v1,bcb48196b1679bf19461e2362b475e2099029c2987b81c090f1620eb8246872f,operator,firwin2,NA,NA,firwin2,firwin2__firwin2_fp32_10e3__a26a252576b841ba,firwin2_fp32_10e3,10^3,2080,freq=[3];gain=[3],FP32,GPU,fft_thrust,compatibility/end-to-end,PASS,OK,20,100,88,0.88419499999999995,true,a26a252576b841baf1b94619cf5f52ed4bc780e063cb61ea0a43dba89c157c78,5badb9a978c0c6ab250a0b6ac537c6884792a56562bd3164a4f2b9a16d92152c
1,20260809T112202Z_ba26c5229701_stage08_b04_formal_8413f001,formal,20260809T112202Z,ba26c52297015b04c82730c65a6ca30d2b8a7891,true,stage08_b04_firwin2_scales_v1,bcb48196b1679bf19461e2362b475e2099029c2987b81c090f1620eb8246872f,operator,firwin2,NA,NA,firwin2,firwin2__firwin2_fp32_10e3__a26a252576b841ba,firwin2_fp32_10e3,10^3,2080,freq=[3];gain=[3],FP32,GPU,fft_thrust,compatibility/end-to-end,PASS,OK,20,100,89,0.87530600000000003,true,a26a252576b841baf1b94619cf5f52ed4bc780e063cb61ea0a43dba89c157c78,5badb9a978c0c6ab250a0b6ac537c6884792a56562bd3164a4f2b9a16d92152c
1,20260809T112202Z_ba26c5229701_stage08_b04_formal_8413f001,formal,20260809T112202Z,ba26c52297015b04c82730c65a6ca30d2b8a7891,true,stage08_b04_firwin2_scales_v1,bcb48196b1679bf19461e2362b475e2099029c2987b81c090f1620eb8246872f,operator,firwin2,NA,NA,firwin2,firwin2__firwin2_fp32_10e3__a26a252576b841ba,firwin2_fp32_10e3,10^3,2080,freq=[3];gain=[3],FP32,GPU,fft_thrust,compatibility/end-to-end,PASS,OK,20,100,90,0.87561599999999995,true,a26a252576b841baf1b94619cf5f52ed4bc780e063cb61ea0a43dba89c157c78,5badb9a978c0c6ab250a0b6ac537c6884792a56562bd3164a4f2b9a16d92152c
1,20260809T112202Z_ba26c5229701_stage08_b04_formal_8413f001,formal,20260809T112202Z,ba26c52297015b04c82730c65a6ca30d2b8a7891,true,stage08_b04_firwin2_scales_v1,bcb48196b1679bf19461e2362b475e2099029c2987b81c090f1620eb8246872f,operator,firwin2,NA,NA,firwin2,firwin2__firwin2_fp32_10e3__a26a252576b841ba,firwin2_fp32_10e3,10^3,2080,freq=[3];gain=[3],FP32,GPU,fft_thrust,compatibility/end-to-end,PASS,OK,20,100,91,0.87680499999999995,true,a26a252576b841baf1b94619cf5f52ed4bc780e063cb61ea0a43dba89c157c78,5badb9a978c0c6ab250a0b6ac537c6884792a56562bd3164a4f2b9a16d92152c
1,20260809T112202Z_ba26c5229701_stage08_b04_formal_8413f001,formal,20260809T112202Z,ba26c52297015b04c82730c65a6ca30d2b8a7891,true,stage08_b04_firwin2_scales_v1,bcb48196b1679bf19461e2362b475e2099029c2987b81c090f1620eb8246872f,operator,firwin2,NA,NA,firwin2,firwin2__firwin2_fp32_10e3__a26a252576b841ba,firwin2_fp32_10e3,10^3,2080,freq=[3];gain=[3],FP32,GPU,fft_thrust,compatibility/end-to-end,PASS,OK,20,100,92,0.87410600000000005,true,a26a252576b841baf1b94619cf5f52ed4bc780e063cb61ea0a43dba89c157c78,5badb9a978c0c6ab250a0b6ac537c6884792a56562bd3164a4f2b9a16d92152c
1,20260809T112202Z_ba26c5229701_stage08_b04_formal_8413f001,formal,20260809T112202Z,ba26c52297015b04c82730c65a6ca30d2b8a7891,true,stage08_b04_firwin2_scales_v1,bcb48196b1679bf19461e2362b475e2099029c2987b81c090f1620eb8246872f,operator,firwin2,NA,NA,firwin2,firwin2__firwin2_fp32_10e3__a26a252576b841ba,firwin2_fp32_10e3,10^3,2080,freq=[3];gain=[3],FP32,GPU,fft_thrust,compatibility/end-to-end,PASS,OK,20,100,93,0.863375,true,a26a252576b841baf1b94619cf5f52ed4bc780e063cb61ea0a43dba89c157c78,5badb9a978c0c6ab250a0b6ac537c6884792a56562bd3164a4f2b9a16d92152c
1,20260809T112202Z_ba26c5229701_stage08_b04_formal_8413f001,formal,20260809T112202Z,ba26c52297015b04c82730c65a6ca30d2b8a7891,true,stage08_b04_firwin2_scales_v1,bcb48196b1679bf19461e2362b475e2099029c2987b81c090f1620eb8246872f,operator,firwin2,NA,NA,firwin2,firwin2__firwin2_fp32_10e3__a26a252576b841ba,firwin2_fp32_10e3,10^3,2080,freq=[3];gain=[3],FP32,GPU,fft_thrust,compatibility/end-to-end,PASS,OK,20,100,94,0.85898600000000003,true,a26a252576b841baf1b94619cf5f52ed4bc780e063cb61ea0a43dba89c157c78,5badb9a978c0c6ab250a0b6ac537c6884792a56562bd3164a4f2b9a16d92152c
1,20260809T112202Z_ba26c5229701_stage08_b04_formal_8413f001,formal,20260809T112202Z,ba26c52297015b04c82730c65a6ca30d2b8a7891,true,stage08_b04_firwin2_scales_v1,bcb48196b1679bf19461e2362b475e2099029c2987b81c090f1620eb8246872f,operator,firwin2,NA,NA,firwin2,firwin2__firwin2_fp32_10e3__a26a252576b841ba,firwin2_fp32_10e3,10^3,2080,freq=[3];gain=[3],FP32,GPU,fft_thrust,compatibility/end-to-end,PASS,OK,20,100,95,0.86146500000000004,true,a26a252576b841baf1b94619cf5f52ed4bc780e063cb61ea0a43dba89c157c78,5badb9a978c0c6ab250a0b6ac537c6884792a56562bd3164a4f2b9a16d92152c
1,20260809T112202Z_ba26c5229701_stage08_b04_formal_8413f001,formal,20260809T112202Z,ba26c52297015b04c82730c65a6ca30d2b8a7891,true,stage08_b04_firwin2_scales_v1,bcb48196b1679bf19461e2362b475e2099029c2987b81c090f1620eb8246872f,operator,firwin2,NA,NA,firwin2,firwin2__firwin2_fp32_10e3__a26a252576b841ba,firwin2_fp32_10e3,10^3,2080,freq=[3];gain=[3],FP32,GPU,fft_thrust,compatibility/end-to-end,PASS,OK,20,100,96,0.86141599999999996,true,a26a252576b841baf1b94619cf5f52ed4bc780e063cb61ea0a43dba89c157c78,5badb9a978c0c6ab250a0b6ac537c6884792a56562bd3164a4f2b9a16d92152c
1,20260809T112202Z_ba26c5229701_stage08_b04_formal_8413f001,formal,20260809T112202Z,ba26c52297015b04c82730c65a6ca30d2b8a7891,true,stage08_b04_firwin2_scales_v1,bcb48196b1679bf19461e2362b475e2099029c2987b81c090f1620eb8246872f,operator,firwin2,NA,NA,firwin2,firwin2__firwin2_fp32_10e3__a26a252576b841ba,firwin2_fp32_10e3,10^3,2080,freq=[3];gain=[3],FP32,GPU,fft_thrust,compatibility/end-to-end,PASS,OK,20,100,97,0.870865,true,a26a252576b841baf1b94619cf5f52ed4bc780e063cb61ea0a43dba89c157c78,5badb9a978c0c6ab250a0b6ac537c6884792a56562bd3164a4f2b9a16d92152c
1,20260809T112202Z_ba26c5229701_stage08_b04_formal_8413f001,formal,20260809T112202Z,ba26c52297015b04c82730c65a6ca30d2b8a7891,true,stage08_b04_firwin2_scales_v1,bcb48196b1679bf19461e2362b475e2099029c2987b81c090f1620eb8246872f,operator,firwin2,NA,NA,firwin2,firwin2__firwin2_fp32_10e3__a26a252576b841ba,firwin2_fp32_10e3,10^3,2080,freq=[3];gain=[3],FP32,GPU,fft_thrust,compatibility/end-to-end,PASS,OK,20,100,98,0.85963599999999996,true,a26a252576b841baf1b94619cf5f52ed4bc780e063cb61ea0a43dba89c157c78,5badb9a978c0c6ab250a0b6ac537c6884792a56562bd3164a4f2b9a16d92152c
1,20260809T112202Z_ba26c5229701_stage08_b04_formal_8413f001,formal,20260809T112202Z,ba26c52297015b04c82730c65a6ca30d2b8a7891,true,stage08_b04_firwin2_scales_v1,bcb48196b1679bf19461e2362b475e2099029c2987b81c090f1620eb8246872f,operator,firwin2,NA,NA,firwin2,firwin2__firwin2_fp32_10e3__a26a252576b841ba,firwin2_fp32_10e3,10^3,2080,freq=[3];gain=[3],FP32,GPU,fft_thrust,compatibility/end-to-end,PASS,OK,20,100,99,0.86153599999999997,true,a26a252576b841baf1b94619cf5f52ed4bc780e063cb61ea0a43dba89c157c78,5badb9a978c0c6ab250a0b6ac537c6884792a56562bd3164a4f2b9a16d92152c
