schema_version,run_id,run_type,test_time_utc,git_commit,git_dirty,config_id,config_sha256,target_kind,target,task_name,step_name,operator_name,case_id,scale_id,order_of_magnitude,actual_elements,input_shape,dtype,device,backend,timing_scope,status,error_code,warmup_runs,measured_runs,sample_index,latency_ms,synchronized,input_digest,output_digest
1,20260810T024406Z_5e66669d177a_stage07_b01_formal_3cadf28a,formal,20260810T024406Z,5e66669d177af61a75bb35b4b5c102ab6988e92c,false,stage07_b01_radartools_five_dtype_v2,03a5a9e2f6cb3af6d8b402d33c46fde5838cae300fea1ab7f1d92294a3677211,operator,pulse_doppler,Task1,Step3,pulse_doppler,pulse_doppler__pd_int8_10e2__751a24a88233665c,pd_int8_10e2,10^2,256,"compressed=[16, 16]",INT8,CPU,fft_thrust,compatibility/end-to-end,PASS,OK,20,100,0,0.242692,true,751a24a88233665c6c010d54114fa1cd0e181b5bf5670c670ca04fb8533ee7b5,16236a22ab088c98bfa334f0fd0a556107e12c16ec8a26d23c644156a9d172c6
1,20260810T024406Z_5e66669d177a_stage07_b01_formal_3cadf28a,formal,20260810T024406Z,5e66669d177af61a75bb35b4b5c102ab6988e92c,false,stage07_b01_radartools_five_dtype_v2,03a5a9e2f6cb3af6d8b402d33c46fde5838cae300fea1ab7f1d92294a3677211,operator,pulse_doppler,Task1,Step3,pulse_doppler,pulse_doppler__pd_int8_10e2__751a24a88233665c,pd_int8_10e2,10^2,256,"compressed=[16, 16]",INT8,CPU,fft_thrust,compatibility/end-to-end,PASS,OK,20,100,1,0.242202,true,751a24a88233665c6c010d54114fa1cd0e181b5bf5670c670ca04fb8533ee7b5,16236a22ab088c98bfa334f0fd0a556107e12c16ec8a26d23c644156a9d172c6
1,20260810T024406Z_5e66669d177a_stage07_b01_formal_3cadf28a,formal,20260810T024406Z,5e66669d177af61a75bb35b4b5c102ab6988e92c,false,stage07_b01_radartools_five_dtype_v2,03a5a9e2f6cb3af6d8b402d33c46fde5838cae300fea1ab7f1d92294a3677211,operator,pulse_doppler,Task1,Step3,pulse_doppler,pulse_doppler__pd_int8_10e2__751a24a88233665c,pd_int8_10e2,10^2,256,"compressed=[16, 16]",INT8,CPU,fft_thrust,compatibility/end-to-end,PASS,OK,20,100,2,0.242552,true,751a24a88233665c6c010d54114fa1cd0e181b5bf5670c670ca04fb8533ee7b5,16236a22ab088c98bfa334f0fd0a556107e12c16ec8a26d23c644156a9d172c6
1,20260810T024406Z_5e66669d177a_stage07_b01_formal_3cadf28a,formal,20260810T024406Z,5e66669d177af61a75bb35b4b5c102ab6988e92c,false,stage07_b01_radartools_five_dtype_v2,03a5a9e2f6cb3af6d8b402d33c46fde5838cae300fea1ab7f1d92294a3677211,operator,pulse_doppler,Task1,Step3,pulse_doppler,pulse_doppler__pd_int8_10e2__751a24a88233665c,pd_int8_10e2,10^2,256,"compressed=[16, 16]",INT8,CPU,fft_thrust,compatibility/end-to-end,PASS,OK,20,100,3,0.242413,true,751a24a88233665c6c010d54114fa1cd0e181b5bf5670c670ca04fb8533ee7b5,16236a22ab088c98bfa334f0fd0a556107e12c16ec8a26d23c644156a9d172c6
1,20260810T024406Z_5e66669d177a_stage07_b01_formal_3cadf28a,formal,20260810T024406Z,5e66669d177af61a75bb35b4b5c102ab6988e92c,false,stage07_b01_radartools_five_dtype_v2,03a5a9e2f6cb3af6d8b402d33c46fde5838cae300fea1ab7f1d92294a3677211,operator,pulse_doppler,Task1,Step3,pulse_doppler,pulse_doppler__pd_int8_10e2__751a24a88233665c,pd_int8_10e2,10^2,256,"compressed=[16, 16]",INT8,CPU,fft_thrust,compatibility/end-to-end,PASS,OK,20,100,4,0.242282,true,751a24a88233665c6c010d54114fa1cd0e181b5bf5670c670ca04fb8533ee7b5,16236a22ab088c98bfa334f0fd0a556107e12c16ec8a26d23c644156a9d172c6
1,20260810T024406Z_5e66669d177a_stage07_b01_formal_3cadf28a,formal,20260810T024406Z,5e66669d177af61a75bb35b4b5c102ab6988e92c,false,stage07_b01_radartools_five_dtype_v2,03a5a9e2f6cb3af6d8b402d33c46fde5838cae300fea1ab7f1d92294a3677211,operator,pulse_doppler,Task1,Step3,pulse_doppler,pulse_doppler__pd_int8_10e2__751a24a88233665c,pd_int8_10e2,10^2,256,"compressed=[16, 16]",INT8,CPU,fft_thrust,compatibility/end-to-end,PASS,OK,20,100,5,0.242182,true,751a24a88233665c6c010d54114fa1cd0e181b5bf5670c670ca04fb8533ee7b5,16236a22ab088c98bfa334f0fd0a556107e12c16ec8a26d23c644156a9d172c6
1,20260810T024406Z_5e66669d177a_stage07_b01_formal_3cadf28a,formal,20260810T024406Z,5e66669d177af61a75bb35b4b5c102ab6988e92c,false,stage07_b01_radartools_five_dtype_v2,03a5a9e2f6cb3af6d8b402d33c46fde5838cae300fea1ab7f1d92294a3677211,operator,pulse_doppler,Task1,Step3,pulse_doppler,pulse_doppler__pd_int8_10e2__751a24a88233665c,pd_int8_10e2,10^2,256,"compressed=[16, 16]",INT8,CPU,fft_thrust,compatibility/end-to-end,PASS,OK,20,100,6,0.258722,true,751a24a88233665c6c010d54114fa1cd0e181b5bf5670c670ca04fb8533ee7b5,16236a22ab088c98bfa334f0fd0a556107e12c16ec8a26d23c644156a9d172c6
1,20260810T024406Z_5e66669d177a_stage07_b01_formal_3cadf28a,formal,20260810T024406Z,5e66669d177af61a75bb35b4b5c102ab6988e92c,false,stage07_b01_radartools_five_dtype_v2,03a5a9e2f6cb3af6d8b402d33c46fde5838cae300fea1ab7f1d92294a3677211,operator,pulse_doppler,Task1,Step3,pulse_doppler,pulse_doppler__pd_int8_10e2__751a24a88233665c,pd_int8_10e2,10^2,256,"compressed=[16, 16]",INT8,CPU,fft_thrust,compatibility/end-to-end,PASS,OK,20,100,7,0.242943,true,751a24a88233665c6c010d54114fa1cd0e181b5bf5670c670ca04fb8533ee7b5,16236a22ab088c98bfa334f0fd0a556107e12c16ec8a26d23c644156a9d172c6
1,20260810T024406Z_5e66669d177a_stage07_b01_formal_3cadf28a,formal,20260810T024406Z,5e66669d177af61a75bb35b4b5c102ab6988e92c,false,stage07_b01_radartools_five_dtype_v2,03a5a9e2f6cb3af6d8b402d33c46fde5838cae300fea1ab7f1d92294a3677211,operator,pulse_doppler,Task1,Step3,pulse_doppler,pulse_doppler__pd_int8_10e2__751a24a88233665c,pd_int8_10e2,10^2,256,"compressed=[16, 16]",INT8,CPU,fft_thrust,compatibility/end-to-end,PASS,OK,20,100,8,0.242812,true,751a24a88233665c6c010d54114fa1cd0e181b5bf5670c670ca04fb8533ee7b5,16236a22ab088c98bfa334f0fd0a556107e12c16ec8a26d23c644156a9d172c6
1,20260810T024406Z_5e66669d177a_stage07_b01_formal_3cadf28a,formal,20260810T024406Z,5e66669d177af61a75bb35b4b5c102ab6988e92c,false,stage07_b01_radartools_five_dtype_v2,03a5a9e2f6cb3af6d8b402d33c46fde5838cae300fea1ab7f1d92294a3677211,operator,pulse_doppler,Task1,Step3,pulse_doppler,pulse_doppler__pd_int8_10e2__751a24a88233665c,pd_int8_10e2,10^2,256,"compressed=[16, 16]",INT8,CPU,fft_thrust,compatibility/end-to-end,PASS,OK,20,100,9,0.243242,true,751a24a88233665c6c010d54114fa1cd0e181b5bf5670c670ca04fb8533ee7b5,16236a22ab088c98bfa334f0fd0a556107e12c16ec8a26d23c644156a9d172c6
1,20260810T024406Z_5e66669d177a_stage07_b01_formal_3cadf28a,formal,20260810T024406Z,5e66669d177af61a75bb35b4b5c102ab6988e92c,false,stage07_b01_radartools_five_dtype_v2,03a5a9e2f6cb3af6d8b402d33c46fde5838cae300fea1ab7f1d92294a3677211,operator,pulse_doppler,Task1,Step3,pulse_doppler,pulse_doppler__pd_int8_10e2__751a24a88233665c,pd_int8_10e2,10^2,256,"compressed=[16, 16]",INT8,CPU,fft_thrust,compatibility/end-to-end,PASS,OK,20,100,10,0.243002,true,751a24a88233665c6c010d54114fa1cd0e181b5bf5670c670ca04fb8533ee7b5,16236a22ab088c98bfa334f0fd0a556107e12c16ec8a26d23c644156a9d172c6
1,20260810T024406Z_5e66669d177a_stage07_b01_formal_3cadf28a,formal,20260810T024406Z,5e66669d177af61a75bb35b4b5c102ab6988e92c,false,stage07_b01_radartools_five_dtype_v2,03a5a9e2f6cb3af6d8b402d33c46fde5838cae300fea1ab7f1d92294a3677211,operator,pulse_doppler,Task1,Step3,pulse_doppler,pulse_doppler__pd_int8_10e2__751a24a88233665c,pd_int8_10e2,10^2,256,"compressed=[16, 16]",INT8,CPU,fft_thrust,compatibility/end-to-end,PASS,OK,20,100,11,0.242933,true,751a24a88233665c6c010d54114fa1cd0e181b5bf5670c670ca04fb8533ee7b5,16236a22ab088c98bfa334f0fd0a556107e12c16ec8a26d23c644156a9d172c6
1,20260810T024406Z_5e66669d177a_stage07_b01_formal_3cadf28a,formal,20260810T024406Z,5e66669d177af61a75bb35b4b5c102ab6988e92c,false,stage07_b01_radartools_five_dtype_v2,03a5a9e2f6cb3af6d8b402d33c46fde5838cae300fea1ab7f1d92294a3677211,operator,pulse_doppler,Task1,Step3,pulse_doppler,pulse_doppler__pd_int8_10e2__751a24a88233665c,pd_int8_10e2,10^2,256,"compressed=[16, 16]",INT8,CPU,fft_thrust,compatibility/end-to-end,PASS,OK,20,100,12,0.242872,true,751a24a88233665c6c010d54114fa1cd0e181b5bf5670c670ca04fb8533ee7b5,16236a22ab088c98bfa334f0fd0a556107e12c16ec8a26d23c644156a9d172c6
1,20260810T024406Z_5e66669d177a_stage07_b01_formal_3cadf28a,formal,20260810T024406Z,5e66669d177af61a75bb35b4b5c102ab6988e92c,false,stage07_b01_radartools_five_dtype_v2,03a5a9e2f6cb3af6d8b402d33c46fde5838cae300fea1ab7f1d92294a3677211,operator,pulse_doppler,Task1,Step3,pulse_doppler,pulse_doppler__pd_int8_10e2__751a24a88233665c,pd_int8_10e2,10^2,256,"compressed=[16, 16]",INT8,CPU,fft_thrust,compatibility/end-to-end,PASS,OK,20,100,13,0.242752,true,751a24a88233665c6c010d54114fa1cd0e181b5bf5670c670ca04fb8533ee7b5,16236a22ab088c98bfa334f0fd0a556107e12c16ec8a26d23c644156a9d172c6
1,20260810T024406Z_5e66669d177a_stage07_b01_formal_3cadf28a,formal,20260810T024406Z,5e66669d177af61a75bb35b4b5c102ab6988e92c,false,stage07_b01_radartools_five_dtype_v2,03a5a9e2f6cb3af6d8b402d33c46fde5838cae300fea1ab7f1d92294a3677211,operator,pulse_doppler,Task1,Step3,pulse_doppler,pulse_doppler__pd_int8_10e2__751a24a88233665c,pd_int8_10e2,10^2,256,"compressed=[16, 16]",INT8,CPU,fft_thrust,compatibility/end-to-end,PASS,OK,20,100,14,0.242792,true,751a24a88233665c6c010d54114fa1cd0e181b5bf5670c670ca04fb8533ee7b5,16236a22ab088c98bfa334f0fd0a556107e12c16ec8a26d23c644156a9d172c6
1,20260810T024406Z_5e66669d177a_stage07_b01_formal_3cadf28a,formal,20260810T024406Z,5e66669d177af61a75bb35b4b5c102ab6988e92c,false,stage07_b01_radartools_five_dtype_v2,03a5a9e2f6cb3af6d8b402d33c46fde5838cae300fea1ab7f1d92294a3677211,operator,pulse_doppler,Task1,Step3,pulse_doppler,pulse_doppler__pd_int8_10e2__751a24a88233665c,pd_int8_10e2,10^2,256,"compressed=[16, 16]",INT8,CPU,fft_thrust,compatibility/end-to-end,PASS,OK,20,100,15,0.242673,true,751a24a88233665c6c010d54114fa1cd0e181b5bf5670c670ca04fb8533ee7b5,16236a22ab088c98bfa334f0fd0a556107e12c16ec8a26d23c644156a9d172c6
1,20260810T024406Z_5e66669d177a_stage07_b01_formal_3cadf28a,formal,20260810T024406Z,5e66669d177af61a75bb35b4b5c102ab6988e92c,false,stage07_b01_radartools_five_dtype_v2,03a5a9e2f6cb3af6d8b402d33c46fde5838cae300fea1ab7f1d92294a3677211,operator,pulse_doppler,Task1,Step3,pulse_doppler,pulse_doppler__pd_int8_10e2__751a24a88233665c,pd_int8_10e2,10^2,256,"compressed=[16, 16]",INT8,CPU,fft_thrust,compatibility/end-to-end,PASS,OK,20,100,16,0.242822,true,751a24a88233665c6c010d54114fa1cd0e181b5bf5670c670ca04fb8533ee7b5,16236a22ab088c98bfa334f0fd0a556107e12c16ec8a26d23c644156a9d172c6
1,20260810T024406Z_5e66669d177a_stage07_b01_formal_3cadf28a,formal,20260810T024406Z,5e66669d177af61a75bb35b4b5c102ab6988e92c,false,stage07_b01_radartools_five_dtype_v2,03a5a9e2f6cb3af6d8b402d33c46fde5838cae300fea1ab7f1d92294a3677211,operator,pulse_doppler,Task1,Step3,pulse_doppler,pulse_doppler__pd_int8_10e2__751a24a88233665c,pd_int8_10e2,10^2,256,"compressed=[16, 16]",INT8,CPU,fft_thrust,compatibility/end-to-end,PASS,OK,20,100,17,0.242702,true,751a24a88233665c6c010d54114fa1cd0e181b5bf5670c670ca04fb8533ee7b5,16236a22ab088c98bfa334f0fd0a556107e12c16ec8a26d23c644156a9d172c6
1,20260810T024406Z_5e66669d177a_stage07_b01_formal_3cadf28a,formal,20260810T024406Z,5e66669d177af61a75bb35b4b5c102ab6988e92c,false,stage07_b01_radartools_five_dtype_v2,03a5a9e2f6cb3af6d8b402d33c46fde5838cae300fea1ab7f1d92294a3677211,operator,pulse_doppler,Task1,Step3,pulse_doppler,pulse_doppler__pd_int8_10e2__751a24a88233665c,pd_int8_10e2,10^2,256,"compressed=[16, 16]",INT8,CPU,fft_thrust,compatibility/end-to-end,PASS,OK,20,100,18,0.242682,true,751a24a88233665c6c010d54114fa1cd0e181b5bf5670c670ca04fb8533ee7b5,16236a22ab088c98bfa334f0fd0a556107e12c16ec8a26d23c644156a9d172c6
1,20260810T024406Z_5e66669d177a_stage07_b01_formal_3cadf28a,formal,20260810T024406Z,5e66669d177af61a75bb35b4b5c102ab6988e92c,false,stage07_b01_radartools_five_dtype_v2,03a5a9e2f6cb3af6d8b402d33c46fde5838cae300fea1ab7f1d92294a3677211,operator,pulse_doppler,Task1,Step3,pulse_doppler,pulse_doppler__pd_int8_10e2__751a24a88233665c,pd_int8_10e2,10^2,256,"compressed=[16, 16]",INT8,CPU,fft_thrust,compatibility/end-to-end,PASS,OK,20,100,19,0.242763,true,751a24a88233665c6c010d54114fa1cd0e181b5bf5670c670ca04fb8533ee7b5,16236a22ab088c98bfa334f0fd0a556107e12c16ec8a26d23c644156a9d172c6
1,20260810T024406Z_5e66669d177a_stage07_b01_formal_3cadf28a,formal,20260810T024406Z,5e66669d177af61a75bb35b4b5c102ab6988e92c,false,stage07_b01_radartools_five_dtype_v2,03a5a9e2f6cb3af6d8b402d33c46fde5838cae300fea1ab7f1d92294a3677211,operator,pulse_doppler,Task1,Step3,pulse_doppler,pulse_doppler__pd_int8_10e2__751a24a88233665c,pd_int8_10e2,10^2,256,"compressed=[16, 16]",INT8,CPU,fft_thrust,compatibility/end-to-end,PASS,OK,20,100,20,0.242792,true,751a24a88233665c6c010d54114fa1cd0e181b5bf5670c670ca04fb8533ee7b5,16236a22ab088c98bfa334f0fd0a556107e12c16ec8a26d23c644156a9d172c6
1,20260810T024406Z_5e66669d177a_stage07_b01_formal_3cadf28a,formal,20260810T024406Z,5e66669d177af61a75bb35b4b5c102ab6988e92c,false,stage07_b01_radartools_five_dtype_v2,03a5a9e2f6cb3af6d8b402d33c46fde5838cae300fea1ab7f1d92294a3677211,operator,pulse_doppler,Task1,Step3,pulse_doppler,pulse_doppler__pd_int8_10e2__751a24a88233665c,pd_int8_10e2,10^2,256,"compressed=[16, 16]",INT8,CPU,fft_thrust,compatibility/end-to-end,PASS,OK,20,100,21,0.243032,true,751a24a88233665c6c010d54114fa1cd0e181b5bf5670c670ca04fb8533ee7b5,16236a22ab088c98bfa334f0fd0a556107e12c16ec8a26d23c644156a9d172c6
1,20260810T024406Z_5e66669d177a_stage07_b01_formal_3cadf28a,formal,20260810T024406Z,5e66669d177af61a75bb35b4b5c102ab6988e92c,false,stage07_b01_radartools_five_dtype_v2,03a5a9e2f6cb3af6d8b402d33c46fde5838cae300fea1ab7f1d92294a3677211,operator,pulse_doppler,Task1,Step3,pulse_doppler,pulse_doppler__pd_int8_10e2__751a24a88233665c,pd_int8_10e2,10^2,256,"compressed=[16, 16]",INT8,CPU,fft_thrust,compatibility/end-to-end,PASS,OK,20,100,22,0.243102,true,751a24a88233665c6c010d54114fa1cd0e181b5bf5670c670ca04fb8533ee7b5,16236a22ab088c98bfa334f0fd0a556107e12c16ec8a26d23c644156a9d172c6
1,20260810T024406Z_5e66669d177a_stage07_b01_formal_3cadf28a,formal,20260810T024406Z,5e66669d177af61a75bb35b4b5c102ab6988e92c,false,stage07_b01_radartools_five_dtype_v2,03a5a9e2f6cb3af6d8b402d33c46fde5838cae300fea1ab7f1d92294a3677211,operator,pulse_doppler,Task1,Step3,pulse_doppler,pulse_doppler__pd_int8_10e2__751a24a88233665c,pd_int8_10e2,10^2,256,"compressed=[16, 16]",INT8,CPU,fft_thrust,compatibility/end-to-end,PASS,OK,20,100,23,0.256583,true,751a24a88233665c6c010d54114fa1cd0e181b5bf5670c670ca04fb8533ee7b5,16236a22ab088c98bfa334f0fd0a556107e12c16ec8a26d23c644156a9d172c6
1,20260810T024406Z_5e66669d177a_stage07_b01_formal_3cadf28a,formal,20260810T024406Z,5e66669d177af61a75bb35b4b5c102ab6988e92c,false,stage07_b01_radartools_five_dtype_v2,03a5a9e2f6cb3af6d8b402d33c46fde5838cae300fea1ab7f1d92294a3677211,operator,pulse_doppler,Task1,Step3,pulse_doppler,pulse_doppler__pd_int8_10e2__751a24a88233665c,pd_int8_10e2,10^2,256,"compressed=[16, 16]",INT8,CPU,fft_thrust,compatibility/end-to-end,PASS,OK,20,100,24,0.242542,true,751a24a88233665c6c010d54114fa1cd0e181b5bf5670c670ca04fb8533ee7b5,16236a22ab088c98bfa334f0fd0a556107e12c16ec8a26d23c644156a9d172c6
1,20260810T024406Z_5e66669d177a_stage07_b01_formal_3cadf28a,formal,20260810T024406Z,5e66669d177af61a75bb35b4b5c102ab6988e92c,false,stage07_b01_radartools_five_dtype_v2,03a5a9e2f6cb3af6d8b402d33c46fde5838cae300fea1ab7f1d92294a3677211,operator,pulse_doppler,Task1,Step3,pulse_doppler,pulse_doppler__pd_int8_10e2__751a24a88233665c,pd_int8_10e2,10^2,256,"compressed=[16, 16]",INT8,CPU,fft_thrust,compatibility/end-to-end,PASS,OK,20,100,25,0.242392,true,751a24a88233665c6c010d54114fa1cd0e181b5bf5670c670ca04fb8533ee7b5,16236a22ab088c98bfa334f0fd0a556107e12c16ec8a26d23c644156a9d172c6
1,20260810T024406Z_5e66669d177a_stage07_b01_formal_3cadf28a,formal,20260810T024406Z,5e66669d177af61a75bb35b4b5c102ab6988e92c,false,stage07_b01_radartools_five_dtype_v2,03a5a9e2f6cb3af6d8b402d33c46fde5838cae300fea1ab7f1d92294a3677211,operator,pulse_doppler,Task1,Step3,pulse_doppler,pulse_doppler__pd_int8_10e2__751a24a88233665c,pd_int8_10e2,10^2,256,"compressed=[16, 16]",INT8,CPU,fft_thrust,compatibility/end-to-end,PASS,OK,20,100,26,0.242242,true,751a24a88233665c6c010d54114fa1cd0e181b5bf5670c670ca04fb8533ee7b5,16236a22ab088c98bfa334f0fd0a556107e12c16ec8a26d23c644156a9d172c6
1,20260810T024406Z_5e66669d177a_stage07_b01_formal_3cadf28a,formal,20260810T024406Z,5e66669d177af61a75bb35b4b5c102ab6988e92c,false,stage07_b01_radartools_five_dtype_v2,03a5a9e2f6cb3af6d8b402d33c46fde5838cae300fea1ab7f1d92294a3677211,operator,pulse_doppler,Task1,Step3,pulse_doppler,pulse_doppler__pd_int8_10e2__751a24a88233665c,pd_int8_10e2,10^2,256,"compressed=[16, 16]",INT8,CPU,fft_thrust,compatibility/end-to-end,PASS,OK,20,100,27,0.242273,true,751a24a88233665c6c010d54114fa1cd0e181b5bf5670c670ca04fb8533ee7b5,16236a22ab088c98bfa334f0fd0a556107e12c16ec8a26d23c644156a9d172c6
1,20260810T024406Z_5e66669d177a_stage07_b01_formal_3cadf28a,formal,20260810T024406Z,5e66669d177af61a75bb35b4b5c102ab6988e92c,false,stage07_b01_radartools_five_dtype_v2,03a5a9e2f6cb3af6d8b402d33c46fde5838cae300fea1ab7f1d92294a3677211,operator,pulse_doppler,Task1,Step3,pulse_doppler,pulse_doppler__pd_int8_10e2__751a24a88233665c,pd_int8_10e2,10^2,256,"compressed=[16, 16]",INT8,CPU,fft_thrust,compatibility/end-to-end,PASS,OK,20,100,28,0.242122,true,751a24a88233665c6c010d54114fa1cd0e181b5bf5670c670ca04fb8533ee7b5,16236a22ab088c98bfa334f0fd0a556107e12c16ec8a26d23c644156a9d172c6
1,20260810T024406Z_5e66669d177a_stage07_b01_formal_3cadf28a,formal,20260810T024406Z,5e66669d177af61a75bb35b4b5c102ab6988e92c,false,stage07_b01_radartools_five_dtype_v2,03a5a9e2f6cb3af6d8b402d33c46fde5838cae300fea1ab7f1d92294a3677211,operator,pulse_doppler,Task1,Step3,pulse_doppler,pulse_doppler__pd_int8_10e2__751a24a88233665c,pd_int8_10e2,10^2,256,"compressed=[16, 16]",INT8,CPU,fft_thrust,compatibility/end-to-end,PASS,OK,20,100,29,0.242412,true,751a24a88233665c6c010d54114fa1cd0e181b5bf5670c670ca04fb8533ee7b5,16236a22ab088c98bfa334f0fd0a556107e12c16ec8a26d23c644156a9d172c6
1,20260810T024406Z_5e66669d177a_stage07_b01_formal_3cadf28a,formal,20260810T024406Z,5e66669d177af61a75bb35b4b5c102ab6988e92c,false,stage07_b01_radartools_five_dtype_v2,03a5a9e2f6cb3af6d8b402d33c46fde5838cae300fea1ab7f1d92294a3677211,operator,pulse_doppler,Task1,Step3,pulse_doppler,pulse_doppler__pd_int8_10e2__751a24a88233665c,pd_int8_10e2,10^2,256,"compressed=[16, 16]",INT8,CPU,fft_thrust,compatibility/end-to-end,PASS,OK,20,100,30,0.242332,true,751a24a88233665c6c010d54114fa1cd0e181b5bf5670c670ca04fb8533ee7b5,16236a22ab088c98bfa334f0fd0a556107e12c16ec8a26d23c644156a9d172c6
1,20260810T024406Z_5e66669d177a_stage07_b01_formal_3cadf28a,formal,20260810T024406Z,5e66669d177af61a75bb35b4b5c102ab6988e92c,false,stage07_b01_radartools_five_dtype_v2,03a5a9e2f6cb3af6d8b402d33c46fde5838cae300fea1ab7f1d92294a3677211,operator,pulse_doppler,Task1,Step3,pulse_doppler,pulse_doppler__pd_int8_10e2__751a24a88233665c,pd_int8_10e2,10^2,256,"compressed=[16, 16]",INT8,CPU,fft_thrust,compatibility/end-to-end,PASS,OK,20,100,31,0.242262,true,751a24a88233665c6c010d54114fa1cd0e181b5bf5670c670ca04fb8533ee7b5,16236a22ab088c98bfa334f0fd0a556107e12c16ec8a26d23c644156a9d172c6
1,20260810T024406Z_5e66669d177a_stage07_b01_formal_3cadf28a,formal,20260810T024406Z,5e66669d177af61a75bb35b4b5c102ab6988e92c,false,stage07_b01_radartools_five_dtype_v2,03a5a9e2f6cb3af6d8b402d33c46fde5838cae300fea1ab7f1d92294a3677211,operator,pulse_doppler,Task1,Step3,pulse_doppler,pulse_doppler__pd_int8_10e2__751a24a88233665c,pd_int8_10e2,10^2,256,"compressed=[16, 16]",INT8,CPU,fft_thrust,compatibility/end-to-end,PASS,OK,20,100,32,0.242093,true,751a24a88233665c6c010d54114fa1cd0e181b5bf5670c670ca04fb8533ee7b5,16236a22ab088c98bfa334f0fd0a556107e12c16ec8a26d23c644156a9d172c6
1,20260810T024406Z_5e66669d177a_stage07_b01_formal_3cadf28a,formal,20260810T024406Z,5e66669d177af61a75bb35b4b5c102ab6988e92c,false,stage07_b01_radartools_five_dtype_v2,03a5a9e2f6cb3af6d8b402d33c46fde5838cae300fea1ab7f1d92294a3677211,operator,pulse_doppler,Task1,Step3,pulse_doppler,pulse_doppler__pd_int8_10e2__751a24a88233665c,pd_int8_10e2,10^2,256,"compressed=[16, 16]",INT8,CPU,fft_thrust,compatibility/end-to-end,PASS,OK,20,100,33,0.242042,true,751a24a88233665c6c010d54114fa1cd0e181b5bf5670c670ca04fb8533ee7b5,16236a22ab088c98bfa334f0fd0a556107e12c16ec8a26d23c644156a9d172c6
1,20260810T024406Z_5e66669d177a_stage07_b01_formal_3cadf28a,formal,20260810T024406Z,5e66669d177af61a75bb35b4b5c102ab6988e92c,false,stage07_b01_radartools_five_dtype_v2,03a5a9e2f6cb3af6d8b402d33c46fde5838cae300fea1ab7f1d92294a3677211,operator,pulse_doppler,Task1,Step3,pulse_doppler,pulse_doppler__pd_int8_10e2__751a24a88233665c,pd_int8_10e2,10^2,256,"compressed=[16, 16]",INT8,CPU,fft_thrust,compatibility/end-to-end,PASS,OK,20,100,34,0.242282,true,751a24a88233665c6c010d54114fa1cd0e181b5bf5670c670ca04fb8533ee7b5,16236a22ab088c98bfa334f0fd0a556107e12c16ec8a26d23c644156a9d172c6
1,20260810T024406Z_5e66669d177a_stage07_b01_formal_3cadf28a,formal,20260810T024406Z,5e66669d177af61a75bb35b4b5c102ab6988e92c,false,stage07_b01_radartools_five_dtype_v2,03a5a9e2f6cb3af6d8b402d33c46fde5838cae300fea1ab7f1d92294a3677211,operator,pulse_doppler,Task1,Step3,pulse_doppler,pulse_doppler__pd_int8_10e2__751a24a88233665c,pd_int8_10e2,10^2,256,"compressed=[16, 16]",INT8,CPU,fft_thrust,compatibility/end-to-end,PASS,OK,20,100,35,0.242152,true,751a24a88233665c6c010d54114fa1cd0e181b5bf5670c670ca04fb8533ee7b5,16236a22ab088c98bfa334f0fd0a556107e12c16ec8a26d23c644156a9d172c6
1,20260810T024406Z_5e66669d177a_stage07_b01_formal_3cadf28a,formal,20260810T024406Z,5e66669d177af61a75bb35b4b5c102ab6988e92c,false,stage07_b01_radartools_five_dtype_v2,03a5a9e2f6cb3af6d8b402d33c46fde5838cae300fea1ab7f1d92294a3677211,operator,pulse_doppler,Task1,Step3,pulse_doppler,pulse_doppler__pd_int8_10e2__751a24a88233665c,pd_int8_10e2,10^2,256,"compressed=[16, 16]",INT8,CPU,fft_thrust,compatibility/end-to-end,PASS,OK,20,100,36,0.242213,true,751a24a88233665c6c010d54114fa1cd0e181b5bf5670c670ca04fb8533ee7b5,16236a22ab088c98bfa334f0fd0a556107e12c16ec8a26d23c644156a9d172c6
1,20260810T024406Z_5e66669d177a_stage07_b01_formal_3cadf28a,formal,20260810T024406Z,5e66669d177af61a75bb35b4b5c102ab6988e92c,false,stage07_b01_radartools_five_dtype_v2,03a5a9e2f6cb3af6d8b402d33c46fde5838cae300fea1ab7f1d92294a3677211,operator,pulse_doppler,Task1,Step3,pulse_doppler,pulse_doppler__pd_int8_10e2__751a24a88233665c,pd_int8_10e2,10^2,256,"compressed=[16, 16]",INT8,CPU,fft_thrust,compatibility/end-to-end,PASS,OK,20,100,37,0.242112,true,751a24a88233665c6c010d54114fa1cd0e181b5bf5670c670ca04fb8533ee7b5,16236a22ab088c98bfa334f0fd0a556107e12c16ec8a26d23c644156a9d172c6
1,20260810T024406Z_5e66669d177a_stage07_b01_formal_3cadf28a,formal,20260810T024406Z,5e66669d177af61a75bb35b4b5c102ab6988e92c,false,stage07_b01_radartools_five_dtype_v2,03a5a9e2f6cb3af6d8b402d33c46fde5838cae300fea1ab7f1d92294a3677211,operator,pulse_doppler,Task1,Step3,pulse_doppler,pulse_doppler__pd_int8_10e2__751a24a88233665c,pd_int8_10e2,10^2,256,"compressed=[16, 16]",INT8,CPU,fft_thrust,compatibility/end-to-end,PASS,OK,20,100,38,0.242212,true,751a24a88233665c6c010d54114fa1cd0e181b5bf5670c670ca04fb8533ee7b5,16236a22ab088c98bfa334f0fd0a556107e12c16ec8a26d23c644156a9d172c6
1,20260810T024406Z_5e66669d177a_stage07_b01_formal_3cadf28a,formal,20260810T024406Z,5e66669d177af61a75bb35b4b5c102ab6988e92c,false,stage07_b01_radartools_five_dtype_v2,03a5a9e2f6cb3af6d8b402d33c46fde5838cae300fea1ab7f1d92294a3677211,operator,pulse_doppler,Task1,Step3,pulse_doppler,pulse_doppler__pd_int8_10e2__751a24a88233665c,pd_int8_10e2,10^2,256,"compressed=[16, 16]",INT8,CPU,fft_thrust,compatibility/end-to-end,PASS,OK,20,100,39,0.256362,true,751a24a88233665c6c010d54114fa1cd0e181b5bf5670c670ca04fb8533ee7b5,16236a22ab088c98bfa334f0fd0a556107e12c16ec8a26d23c644156a9d172c6
1,20260810T024406Z_5e66669d177a_stage07_b01_formal_3cadf28a,formal,20260810T024406Z,5e66669d177af61a75bb35b4b5c102ab6988e92c,false,stage07_b01_radartools_five_dtype_v2,03a5a9e2f6cb3af6d8b402d33c46fde5838cae300fea1ab7f1d92294a3677211,operator,pulse_doppler,Task1,Step3,pulse_doppler,pulse_doppler__pd_int8_10e2__751a24a88233665c,pd_int8_10e2,10^2,256,"compressed=[16, 16]",INT8,CPU,fft_thrust,compatibility/end-to-end,PASS,OK,20,100,40,0.242522,true,751a24a88233665c6c010d54114fa1cd0e181b5bf5670c670ca04fb8533ee7b5,16236a22ab088c98bfa334f0fd0a556107e12c16ec8a26d23c644156a9d172c6
1,20260810T024406Z_5e66669d177a_stage07_b01_formal_3cadf28a,formal,20260810T024406Z,5e66669d177af61a75bb35b4b5c102ab6988e92c,false,stage07_b01_radartools_five_dtype_v2,03a5a9e2f6cb3af6d8b402d33c46fde5838cae300fea1ab7f1d92294a3677211,operator,pulse_doppler,Task1,Step3,pulse_doppler,pulse_doppler__pd_int8_10e2__751a24a88233665c,pd_int8_10e2,10^2,256,"compressed=[16, 16]",INT8,CPU,fft_thrust,compatibility/end-to-end,PASS,OK,20,100,41,0.242492,true,751a24a88233665c6c010d54114fa1cd0e181b5bf5670c670ca04fb8533ee7b5,16236a22ab088c98bfa334f0fd0a556107e12c16ec8a26d23c644156a9d172c6
1,20260810T024406Z_5e66669d177a_stage07_b01_formal_3cadf28a,formal,20260810T024406Z,5e66669d177af61a75bb35b4b5c102ab6988e92c,false,stage07_b01_radartools_five_dtype_v2,03a5a9e2f6cb3af6d8b402d33c46fde5838cae300fea1ab7f1d92294a3677211,operator,pulse_doppler,Task1,Step3,pulse_doppler,pulse_doppler__pd_int8_10e2__751a24a88233665c,pd_int8_10e2,10^2,256,"compressed=[16, 16]",INT8,CPU,fft_thrust,compatibility/end-to-end,PASS,OK,20,100,42,0.242332,true,751a24a88233665c6c010d54114fa1cd0e181b5bf5670c670ca04fb8533ee7b5,16236a22ab088c98bfa334f0fd0a556107e12c16ec8a26d23c644156a9d172c6
1,20260810T024406Z_5e66669d177a_stage07_b01_formal_3cadf28a,formal,20260810T024406Z,5e66669d177af61a75bb35b4b5c102ab6988e92c,false,stage07_b01_radartools_five_dtype_v2,03a5a9e2f6cb3af6d8b402d33c46fde5838cae300fea1ab7f1d92294a3677211,operator,pulse_doppler,Task1,Step3,pulse_doppler,pulse_doppler__pd_int8_10e2__751a24a88233665c,pd_int8_10e2,10^2,256,"compressed=[16, 16]",INT8,CPU,fft_thrust,compatibility/end-to-end,PASS,OK,20,100,43,0.242572,true,751a24a88233665c6c010d54114fa1cd0e181b5bf5670c670ca04fb8533ee7b5,16236a22ab088c98bfa334f0fd0a556107e12c16ec8a26d23c644156a9d172c6
1,20260810T024406Z_5e66669d177a_stage07_b01_formal_3cadf28a,formal,20260810T024406Z,5e66669d177af61a75bb35b4b5c102ab6988e92c,false,stage07_b01_radartools_five_dtype_v2,03a5a9e2f6cb3af6d8b402d33c46fde5838cae300fea1ab7f1d92294a3677211,operator,pulse_doppler,Task1,Step3,pulse_doppler,pulse_doppler__pd_int8_10e2__751a24a88233665c,pd_int8_10e2,10^2,256,"compressed=[16, 16]",INT8,CPU,fft_thrust,compatibility/end-to-end,PASS,OK,20,100,44,0.242223,true,751a24a88233665c6c010d54114fa1cd0e181b5bf5670c670ca04fb8533ee7b5,16236a22ab088c98bfa334f0fd0a556107e12c16ec8a26d23c644156a9d172c6
1,20260810T024406Z_5e66669d177a_stage07_b01_formal_3cadf28a,formal,20260810T024406Z,5e66669d177af61a75bb35b4b5c102ab6988e92c,false,stage07_b01_radartools_five_dtype_v2,03a5a9e2f6cb3af6d8b402d33c46fde5838cae300fea1ab7f1d92294a3677211,operator,pulse_doppler,Task1,Step3,pulse_doppler,pulse_doppler__pd_int8_10e2__751a24a88233665c,pd_int8_10e2,10^2,256,"compressed=[16, 16]",INT8,CPU,fft_thrust,compatibility/end-to-end,PASS,OK,20,100,45,0.242332,true,751a24a88233665c6c010d54114fa1cd0e181b5bf5670c670ca04fb8533ee7b5,16236a22ab088c98bfa334f0fd0a556107e12c16ec8a26d23c644156a9d172c6
1,20260810T024406Z_5e66669d177a_stage07_b01_formal_3cadf28a,formal,20260810T024406Z,5e66669d177af61a75bb35b4b5c102ab6988e92c,false,stage07_b01_radartools_five_dtype_v2,03a5a9e2f6cb3af6d8b402d33c46fde5838cae300fea1ab7f1d92294a3677211,operator,pulse_doppler,Task1,Step3,pulse_doppler,pulse_doppler__pd_int8_10e2__751a24a88233665c,pd_int8_10e2,10^2,256,"compressed=[16, 16]",INT8,CPU,fft_thrust,compatibility/end-to-end,PASS,OK,20,100,46,0.242582,true,751a24a88233665c6c010d54114fa1cd0e181b5bf5670c670ca04fb8533ee7b5,16236a22ab088c98bfa334f0fd0a556107e12c16ec8a26d23c644156a9d172c6
1,20260810T024406Z_5e66669d177a_stage07_b01_formal_3cadf28a,formal,20260810T024406Z,5e66669d177af61a75bb35b4b5c102ab6988e92c,false,stage07_b01_radartools_five_dtype_v2,03a5a9e2f6cb3af6d8b402d33c46fde5838cae300fea1ab7f1d92294a3677211,operator,pulse_doppler,Task1,Step3,pulse_doppler,pulse_doppler__pd_int8_10e2__751a24a88233665c,pd_int8_10e2,10^2,256,"compressed=[16, 16]",INT8,CPU,fft_thrust,compatibility/end-to-end,PASS,OK,20,100,47,0.242802,true,751a24a88233665c6c010d54114fa1cd0e181b5bf5670c670ca04fb8533ee7b5,16236a22ab088c98bfa334f0fd0a556107e12c16ec8a26d23c644156a9d172c6
1,20260810T024406Z_5e66669d177a_stage07_b01_formal_3cadf28a,formal,20260810T024406Z,5e66669d177af61a75bb35b4b5c102ab6988e92c,false,stage07_b01_radartools_five_dtype_v2,03a5a9e2f6cb3af6d8b402d33c46fde5838cae300fea1ab7f1d92294a3677211,operator,pulse_doppler,Task1,Step3,pulse_doppler,pulse_doppler__pd_int8_10e2__751a24a88233665c,pd_int8_10e2,10^2,256,"compressed=[16, 16]",INT8,CPU,fft_thrust,compatibility/end-to-end,PASS,OK,20,100,48,0.242563,true,751a24a88233665c6c010d54114fa1cd0e181b5bf5670c670ca04fb8533ee7b5,16236a22ab088c98bfa334f0fd0a556107e12c16ec8a26d23c644156a9d172c6
1,20260810T024406Z_5e66669d177a_stage07_b01_formal_3cadf28a,formal,20260810T024406Z,5e66669d177af61a75bb35b4b5c102ab6988e92c,false,stage07_b01_radartools_five_dtype_v2,03a5a9e2f6cb3af6d8b402d33c46fde5838cae300fea1ab7f1d92294a3677211,operator,pulse_doppler,Task1,Step3,pulse_doppler,pulse_doppler__pd_int8_10e2__751a24a88233665c,pd_int8_10e2,10^2,256,"compressed=[16, 16]",INT8,CPU,fft_thrust,compatibility/end-to-end,PASS,OK,20,100,49,0.242722,true,751a24a88233665c6c010d54114fa1cd0e181b5bf5670c670ca04fb8533ee7b5,16236a22ab088c98bfa334f0fd0a556107e12c16ec8a26d23c644156a9d172c6
1,20260810T024406Z_5e66669d177a_stage07_b01_formal_3cadf28a,formal,20260810T024406Z,5e66669d177af61a75bb35b4b5c102ab6988e92c,false,stage07_b01_radartools_five_dtype_v2,03a5a9e2f6cb3af6d8b402d33c46fde5838cae300fea1ab7f1d92294a3677211,operator,pulse_doppler,Task1,Step3,pulse_doppler,pulse_doppler__pd_int8_10e2__751a24a88233665c,pd_int8_10e2,10^2,256,"compressed=[16, 16]",INT8,CPU,fft_thrust,compatibility/end-to-end,PASS,OK,20,100,50,0.242652,true,751a24a88233665c6c010d54114fa1cd0e181b5bf5670c670ca04fb8533ee7b5,16236a22ab088c98bfa334f0fd0a556107e12c16ec8a26d23c644156a9d172c6
1,20260810T024406Z_5e66669d177a_stage07_b01_formal_3cadf28a,formal,20260810T024406Z,5e66669d177af61a75bb35b4b5c102ab6988e92c,false,stage07_b01_radartools_five_dtype_v2,03a5a9e2f6cb3af6d8b402d33c46fde5838cae300fea1ab7f1d92294a3677211,operator,pulse_doppler,Task1,Step3,pulse_doppler,pulse_doppler__pd_int8_10e2__751a24a88233665c,pd_int8_10e2,10^2,256,"compressed=[16, 16]",INT8,CPU,fft_thrust,compatibility/end-to-end,PASS,OK,20,100,51,0.242662,true,751a24a88233665c6c010d54114fa1cd0e181b5bf5670c670ca04fb8533ee7b5,16236a22ab088c98bfa334f0fd0a556107e12c16ec8a26d23c644156a9d172c6
1,20260810T024406Z_5e66669d177a_stage07_b01_formal_3cadf28a,formal,20260810T024406Z,5e66669d177af61a75bb35b4b5c102ab6988e92c,false,stage07_b01_radartools_five_dtype_v2,03a5a9e2f6cb3af6d8b402d33c46fde5838cae300fea1ab7f1d92294a3677211,operator,pulse_doppler,Task1,Step3,pulse_doppler,pulse_doppler__pd_int8_10e2__751a24a88233665c,pd_int8_10e2,10^2,256,"compressed=[16, 16]",INT8,CPU,fft_thrust,compatibility/end-to-end,PASS,OK,20,100,52,0.242483,true,751a24a88233665c6c010d54114fa1cd0e181b5bf5670c670ca04fb8533ee7b5,16236a22ab088c98bfa334f0fd0a556107e12c16ec8a26d23c644156a9d172c6
1,20260810T024406Z_5e66669d177a_stage07_b01_formal_3cadf28a,formal,20260810T024406Z,5e66669d177af61a75bb35b4b5c102ab6988e92c,false,stage07_b01_radartools_five_dtype_v2,03a5a9e2f6cb3af6d8b402d33c46fde5838cae300fea1ab7f1d92294a3677211,operator,pulse_doppler,Task1,Step3,pulse_doppler,pulse_doppler__pd_int8_10e2__751a24a88233665c,pd_int8_10e2,10^2,256,"compressed=[16, 16]",INT8,CPU,fft_thrust,compatibility/end-to-end,PASS,OK,20,100,53,0.242692,true,751a24a88233665c6c010d54114fa1cd0e181b5bf5670c670ca04fb8533ee7b5,16236a22ab088c98bfa334f0fd0a556107e12c16ec8a26d23c644156a9d172c6
1,20260810T024406Z_5e66669d177a_stage07_b01_formal_3cadf28a,formal,20260810T024406Z,5e66669d177af61a75bb35b4b5c102ab6988e92c,false,stage07_b01_radartools_five_dtype_v2,03a5a9e2f6cb3af6d8b402d33c46fde5838cae300fea1ab7f1d92294a3677211,operator,pulse_doppler,Task1,Step3,pulse_doppler,pulse_doppler__pd_int8_10e2__751a24a88233665c,pd_int8_10e2,10^2,256,"compressed=[16, 16]",INT8,CPU,fft_thrust,compatibility/end-to-end,PASS,OK,20,100,54,0.242482,true,751a24a88233665c6c010d54114fa1cd0e181b5bf5670c670ca04fb8533ee7b5,16236a22ab088c98bfa334f0fd0a556107e12c16ec8a26d23c644156a9d172c6
1,20260810T024406Z_5e66669d177a_stage07_b01_formal_3cadf28a,formal,20260810T024406Z,5e66669d177af61a75bb35b4b5c102ab6988e92c,false,stage07_b01_radartools_five_dtype_v2,03a5a9e2f6cb3af6d8b402d33c46fde5838cae300fea1ab7f1d92294a3677211,operator,pulse_doppler,Task1,Step3,pulse_doppler,pulse_doppler__pd_int8_10e2__751a24a88233665c,pd_int8_10e2,10^2,256,"compressed=[16, 16]",INT8,CPU,fft_thrust,compatibility/end-to-end,PASS,OK,20,100,55,0.242342,true,751a24a88233665c6c010d54114fa1cd0e181b5bf5670c670ca04fb8533ee7b5,16236a22ab088c98bfa334f0fd0a556107e12c16ec8a26d23c644156a9d172c6
1,20260810T024406Z_5e66669d177a_stage07_b01_formal_3cadf28a,formal,20260810T024406Z,5e66669d177af61a75bb35b4b5c102ab6988e92c,false,stage07_b01_radartools_five_dtype_v2,03a5a9e2f6cb3af6d8b402d33c46fde5838cae300fea1ab7f1d92294a3677211,operator,pulse_doppler,Task1,Step3,pulse_doppler,pulse_doppler__pd_int8_10e2__751a24a88233665c,pd_int8_10e2,10^2,256,"compressed=[16, 16]",INT8,CPU,fft_thrust,compatibility/end-to-end,PASS,OK,20,100,56,0.259783,true,751a24a88233665c6c010d54114fa1cd0e181b5bf5670c670ca04fb8533ee7b5,16236a22ab088c98bfa334f0fd0a556107e12c16ec8a26d23c644156a9d172c6
1,20260810T024406Z_5e66669d177a_stage07_b01_formal_3cadf28a,formal,20260810T024406Z,5e66669d177af61a75bb35b4b5c102ab6988e92c,false,stage07_b01_radartools_five_dtype_v2,03a5a9e2f6cb3af6d8b402d33c46fde5838cae300fea1ab7f1d92294a3677211,operator,pulse_doppler,Task1,Step3,pulse_doppler,pulse_doppler__pd_int8_10e2__751a24a88233665c,pd_int8_10e2,10^2,256,"compressed=[16, 16]",INT8,CPU,fft_thrust,compatibility/end-to-end,PASS,OK,20,100,57,0.242672,true,751a24a88233665c6c010d54114fa1cd0e181b5bf5670c670ca04fb8533ee7b5,16236a22ab088c98bfa334f0fd0a556107e12c16ec8a26d23c644156a9d172c6
1,20260810T024406Z_5e66669d177a_stage07_b01_formal_3cadf28a,formal,20260810T024406Z,5e66669d177af61a75bb35b4b5c102ab6988e92c,false,stage07_b01_radartools_five_dtype_v2,03a5a9e2f6cb3af6d8b402d33c46fde5838cae300fea1ab7f1d92294a3677211,operator,pulse_doppler,Task1,Step3,pulse_doppler,pulse_doppler__pd_int8_10e2__751a24a88233665c,pd_int8_10e2,10^2,256,"compressed=[16, 16]",INT8,CPU,fft_thrust,compatibility/end-to-end,PASS,OK,20,100,58,0.242352,true,751a24a88233665c6c010d54114fa1cd0e181b5bf5670c670ca04fb8533ee7b5,16236a22ab088c98bfa334f0fd0a556107e12c16ec8a26d23c644156a9d172c6
1,20260810T024406Z_5e66669d177a_stage07_b01_formal_3cadf28a,formal,20260810T024406Z,5e66669d177af61a75bb35b4b5c102ab6988e92c,false,stage07_b01_radartools_five_dtype_v2,03a5a9e2f6cb3af6d8b402d33c46fde5838cae300fea1ab7f1d92294a3677211,operator,pulse_doppler,Task1,Step3,pulse_doppler,pulse_doppler__pd_int8_10e2__751a24a88233665c,pd_int8_10e2,10^2,256,"compressed=[16, 16]",INT8,CPU,fft_thrust,compatibility/end-to-end,PASS,OK,20,100,59,0.242232,true,751a24a88233665c6c010d54114fa1cd0e181b5bf5670c670ca04fb8533ee7b5,16236a22ab088c98bfa334f0fd0a556107e12c16ec8a26d23c644156a9d172c6
1,20260810T024406Z_5e66669d177a_stage07_b01_formal_3cadf28a,formal,20260810T024406Z,5e66669d177af61a75bb35b4b5c102ab6988e92c,false,stage07_b01_radartools_five_dtype_v2,03a5a9e2f6cb3af6d8b402d33c46fde5838cae300fea1ab7f1d92294a3677211,operator,pulse_doppler,Task1,Step3,pulse_doppler,pulse_doppler__pd_int8_10e2__751a24a88233665c,pd_int8_10e2,10^2,256,"compressed=[16, 16]",INT8,CPU,fft_thrust,compatibility/end-to-end,PASS,OK,20,100,60,0.242173,true,751a24a88233665c6c010d54114fa1cd0e181b5bf5670c670ca04fb8533ee7b5,16236a22ab088c98bfa334f0fd0a556107e12c16ec8a26d23c644156a9d172c6
1,20260810T024406Z_5e66669d177a_stage07_b01_formal_3cadf28a,formal,20260810T024406Z,5e66669d177af61a75bb35b4b5c102ab6988e92c,false,stage07_b01_radartools_five_dtype_v2,03a5a9e2f6cb3af6d8b402d33c46fde5838cae300fea1ab7f1d92294a3677211,operator,pulse_doppler,Task1,Step3,pulse_doppler,pulse_doppler__pd_int8_10e2__751a24a88233665c,pd_int8_10e2,10^2,256,"compressed=[16, 16]",INT8,CPU,fft_thrust,compatibility/end-to-end,PASS,OK,20,100,61,0.242122,true,751a24a88233665c6c010d54114fa1cd0e181b5bf5670c670ca04fb8533ee7b5,16236a22ab088c98bfa334f0fd0a556107e12c16ec8a26d23c644156a9d172c6
1,20260810T024406Z_5e66669d177a_stage07_b01_formal_3cadf28a,formal,20260810T024406Z,5e66669d177af61a75bb35b4b5c102ab6988e92c,false,stage07_b01_radartools_five_dtype_v2,03a5a9e2f6cb3af6d8b402d33c46fde5838cae300fea1ab7f1d92294a3677211,operator,pulse_doppler,Task1,Step3,pulse_doppler,pulse_doppler__pd_int8_10e2__751a24a88233665c,pd_int8_10e2,10^2,256,"compressed=[16, 16]",INT8,CPU,fft_thrust,compatibility/end-to-end,PASS,OK,20,100,62,0.241932,true,751a24a88233665c6c010d54114fa1cd0e181b5bf5670c670ca04fb8533ee7b5,16236a22ab088c98bfa334f0fd0a556107e12c16ec8a26d23c644156a9d172c6
1,20260810T024406Z_5e66669d177a_stage07_b01_formal_3cadf28a,formal,20260810T024406Z,5e66669d177af61a75bb35b4b5c102ab6988e92c,false,stage07_b01_radartools_five_dtype_v2,03a5a9e2f6cb3af6d8b402d33c46fde5838cae300fea1ab7f1d92294a3677211,operator,pulse_doppler,Task1,Step3,pulse_doppler,pulse_doppler__pd_int8_10e2__751a24a88233665c,pd_int8_10e2,10^2,256,"compressed=[16, 16]",INT8,CPU,fft_thrust,compatibility/end-to-end,PASS,OK,20,100,63,0.242302,true,751a24a88233665c6c010d54114fa1cd0e181b5bf5670c670ca04fb8533ee7b5,16236a22ab088c98bfa334f0fd0a556107e12c16ec8a26d23c644156a9d172c6
1,20260810T024406Z_5e66669d177a_stage07_b01_formal_3cadf28a,formal,20260810T024406Z,5e66669d177af61a75bb35b4b5c102ab6988e92c,false,stage07_b01_radartools_five_dtype_v2,03a5a9e2f6cb3af6d8b402d33c46fde5838cae300fea1ab7f1d92294a3677211,operator,pulse_doppler,Task1,Step3,pulse_doppler,pulse_doppler__pd_int8_10e2__751a24a88233665c,pd_int8_10e2,10^2,256,"compressed=[16, 16]",INT8,CPU,fft_thrust,compatibility/end-to-end,PASS,OK,20,100,64,0.242293,true,751a24a88233665c6c010d54114fa1cd0e181b5bf5670c670ca04fb8533ee7b5,16236a22ab088c98bfa334f0fd0a556107e12c16ec8a26d23c644156a9d172c6
1,20260810T024406Z_5e66669d177a_stage07_b01_formal_3cadf28a,formal,20260810T024406Z,5e66669d177af61a75bb35b4b5c102ab6988e92c,false,stage07_b01_radartools_five_dtype_v2,03a5a9e2f6cb3af6d8b402d33c46fde5838cae300fea1ab7f1d92294a3677211,operator,pulse_doppler,Task1,Step3,pulse_doppler,pulse_doppler__pd_int8_10e2__751a24a88233665c,pd_int8_10e2,10^2,256,"compressed=[16, 16]",INT8,CPU,fft_thrust,compatibility/end-to-end,PASS,OK,20,100,65,0.242352,true,751a24a88233665c6c010d54114fa1cd0e181b5bf5670c670ca04fb8533ee7b5,16236a22ab088c98bfa334f0fd0a556107e12c16ec8a26d23c644156a9d172c6
1,20260810T024406Z_5e66669d177a_stage07_b01_formal_3cadf28a,formal,20260810T024406Z,5e66669d177af61a75bb35b4b5c102ab6988e92c,false,stage07_b01_radartools_five_dtype_v2,03a5a9e2f6cb3af6d8b402d33c46fde5838cae300fea1ab7f1d92294a3677211,operator,pulse_doppler,Task1,Step3,pulse_doppler,pulse_doppler__pd_int8_10e2__751a24a88233665c,pd_int8_10e2,10^2,256,"compressed=[16, 16]",INT8,CPU,fft_thrust,compatibility/end-to-end,PASS,OK,20,100,66,0.242182,true,751a24a88233665c6c010d54114fa1cd0e181b5bf5670c670ca04fb8533ee7b5,16236a22ab088c98bfa334f0fd0a556107e12c16ec8a26d23c644156a9d172c6
1,20260810T024406Z_5e66669d177a_stage07_b01_formal_3cadf28a,formal,20260810T024406Z,5e66669d177af61a75bb35b4b5c102ab6988e92c,false,stage07_b01_radartools_five_dtype_v2,03a5a9e2f6cb3af6d8b402d33c46fde5838cae300fea1ab7f1d92294a3677211,operator,pulse_doppler,Task1,Step3,pulse_doppler,pulse_doppler__pd_int8_10e2__751a24a88233665c,pd_int8_10e2,10^2,256,"compressed=[16, 16]",INT8,CPU,fft_thrust,compatibility/end-to-end,PASS,OK,20,100,67,0.246622,true,751a24a88233665c6c010d54114fa1cd0e181b5bf5670c670ca04fb8533ee7b5,16236a22ab088c98bfa334f0fd0a556107e12c16ec8a26d23c644156a9d172c6
1,20260810T024406Z_5e66669d177a_stage07_b01_formal_3cadf28a,formal,20260810T024406Z,5e66669d177af61a75bb35b4b5c102ab6988e92c,false,stage07_b01_radartools_five_dtype_v2,03a5a9e2f6cb3af6d8b402d33c46fde5838cae300fea1ab7f1d92294a3677211,operator,pulse_doppler,Task1,Step3,pulse_doppler,pulse_doppler__pd_int8_10e2__751a24a88233665c,pd_int8_10e2,10^2,256,"compressed=[16, 16]",INT8,CPU,fft_thrust,compatibility/end-to-end,PASS,OK,20,100,68,0.242383,true,751a24a88233665c6c010d54114fa1cd0e181b5bf5670c670ca04fb8533ee7b5,16236a22ab088c98bfa334f0fd0a556107e12c16ec8a26d23c644156a9d172c6
1,20260810T024406Z_5e66669d177a_stage07_b01_formal_3cadf28a,formal,20260810T024406Z,5e66669d177af61a75bb35b4b5c102ab6988e92c,false,stage07_b01_radartools_five_dtype_v2,03a5a9e2f6cb3af6d8b402d33c46fde5838cae300fea1ab7f1d92294a3677211,operator,pulse_doppler,Task1,Step3,pulse_doppler,pulse_doppler__pd_int8_10e2__751a24a88233665c,pd_int8_10e2,10^2,256,"compressed=[16, 16]",INT8,CPU,fft_thrust,compatibility/end-to-end,PASS,OK,20,100,69,0.242272,true,751a24a88233665c6c010d54114fa1cd0e181b5bf5670c670ca04fb8533ee7b5,16236a22ab088c98bfa334f0fd0a556107e12c16ec8a26d23c644156a9d172c6
1,20260810T024406Z_5e66669d177a_stage07_b01_formal_3cadf28a,formal,20260810T024406Z,5e66669d177af61a75bb35b4b5c102ab6988e92c,false,stage07_b01_radartools_five_dtype_v2,03a5a9e2f6cb3af6d8b402d33c46fde5838cae300fea1ab7f1d92294a3677211,operator,pulse_doppler,Task1,Step3,pulse_doppler,pulse_doppler__pd_int8_10e2__751a24a88233665c,pd_int8_10e2,10^2,256,"compressed=[16, 16]",INT8,CPU,fft_thrust,compatibility/end-to-end,PASS,OK,20,100,70,0.242192,true,751a24a88233665c6c010d54114fa1cd0e181b5bf5670c670ca04fb8533ee7b5,16236a22ab088c98bfa334f0fd0a556107e12c16ec8a26d23c644156a9d172c6
1,20260810T024406Z_5e66669d177a_stage07_b01_formal_3cadf28a,formal,20260810T024406Z,5e66669d177af61a75bb35b4b5c102ab6988e92c,false,stage07_b01_radartools_five_dtype_v2,03a5a9e2f6cb3af6d8b402d33c46fde5838cae300fea1ab7f1d92294a3677211,operator,pulse_doppler,Task1,Step3,pulse_doppler,pulse_doppler__pd_int8_10e2__751a24a88233665c,pd_int8_10e2,10^2,256,"compressed=[16, 16]",INT8,CPU,fft_thrust,compatibility/end-to-end,PASS,OK,20,100,71,0.242122,true,751a24a88233665c6c010d54114fa1cd0e181b5bf5670c670ca04fb8533ee7b5,16236a22ab088c98bfa334f0fd0a556107e12c16ec8a26d23c644156a9d172c6
1,20260810T024406Z_5e66669d177a_stage07_b01_formal_3cadf28a,formal,20260810T024406Z,5e66669d177af61a75bb35b4b5c102ab6988e92c,false,stage07_b01_radartools_five_dtype_v2,03a5a9e2f6cb3af6d8b402d33c46fde5838cae300fea1ab7f1d92294a3677211,operator,pulse_doppler,Task1,Step3,pulse_doppler,pulse_doppler__pd_int8_10e2__751a24a88233665c,pd_int8_10e2,10^2,256,"compressed=[16, 16]",INT8,CPU,fft_thrust,compatibility/end-to-end,PASS,OK,20,100,72,0.253603,true,751a24a88233665c6c010d54114fa1cd0e181b5bf5670c670ca04fb8533ee7b5,16236a22ab088c98bfa334f0fd0a556107e12c16ec8a26d23c644156a9d172c6
1,20260810T024406Z_5e66669d177a_stage07_b01_formal_3cadf28a,formal,20260810T024406Z,5e66669d177af61a75bb35b4b5c102ab6988e92c,false,stage07_b01_radartools_five_dtype_v2,03a5a9e2f6cb3af6d8b402d33c46fde5838cae300fea1ab7f1d92294a3677211,operator,pulse_doppler,Task1,Step3,pulse_doppler,pulse_doppler__pd_int8_10e2__751a24a88233665c,pd_int8_10e2,10^2,256,"compressed=[16, 16]",INT8,CPU,fft_thrust,compatibility/end-to-end,PASS,OK,20,100,73,0.242642,true,751a24a88233665c6c010d54114fa1cd0e181b5bf5670c670ca04fb8533ee7b5,16236a22ab088c98bfa334f0fd0a556107e12c16ec8a26d23c644156a9d172c6
1,20260810T024406Z_5e66669d177a_stage07_b01_formal_3cadf28a,formal,20260810T024406Z,5e66669d177af61a75bb35b4b5c102ab6988e92c,false,stage07_b01_radartools_five_dtype_v2,03a5a9e2f6cb3af6d8b402d33c46fde5838cae300fea1ab7f1d92294a3677211,operator,pulse_doppler,Task1,Step3,pulse_doppler,pulse_doppler__pd_int8_10e2__751a24a88233665c,pd_int8_10e2,10^2,256,"compressed=[16, 16]",INT8,CPU,fft_thrust,compatibility/end-to-end,PASS,OK,20,100,74,0.242182,true,751a24a88233665c6c010d54114fa1cd0e181b5bf5670c670ca04fb8533ee7b5,16236a22ab088c98bfa334f0fd0a556107e12c16ec8a26d23c644156a9d172c6
1,20260810T024406Z_5e66669d177a_stage07_b01_formal_3cadf28a,formal,20260810T024406Z,5e66669d177af61a75bb35b4b5c102ab6988e92c,false,stage07_b01_radartools_five_dtype_v2,03a5a9e2f6cb3af6d8b402d33c46fde5838cae300fea1ab7f1d92294a3677211,operator,pulse_doppler,Task1,Step3,pulse_doppler,pulse_doppler__pd_int8_10e2__751a24a88233665c,pd_int8_10e2,10^2,256,"compressed=[16, 16]",INT8,CPU,fft_thrust,compatibility/end-to-end,PASS,OK,20,100,75,0.242192,true,751a24a88233665c6c010d54114fa1cd0e181b5bf5670c670ca04fb8533ee7b5,16236a22ab088c98bfa334f0fd0a556107e12c16ec8a26d23c644156a9d172c6
1,20260810T024406Z_5e66669d177a_stage07_b01_formal_3cadf28a,formal,20260810T024406Z,5e66669d177af61a75bb35b4b5c102ab6988e92c,false,stage07_b01_radartools_five_dtype_v2,03a5a9e2f6cb3af6d8b402d33c46fde5838cae300fea1ab7f1d92294a3677211,operator,pulse_doppler,Task1,Step3,pulse_doppler,pulse_doppler__pd_int8_10e2__751a24a88233665c,pd_int8_10e2,10^2,256,"compressed=[16, 16]",INT8,CPU,fft_thrust,compatibility/end-to-end,PASS,OK,20,100,76,0.242323,true,751a24a88233665c6c010d54114fa1cd0e181b5bf5670c670ca04fb8533ee7b5,16236a22ab088c98bfa334f0fd0a556107e12c16ec8a26d23c644156a9d172c6
1,20260810T024406Z_5e66669d177a_stage07_b01_formal_3cadf28a,formal,20260810T024406Z,5e66669d177af61a75bb35b4b5c102ab6988e92c,false,stage07_b01_radartools_five_dtype_v2,03a5a9e2f6cb3af6d8b402d33c46fde5838cae300fea1ab7f1d92294a3677211,operator,pulse_doppler,Task1,Step3,pulse_doppler,pulse_doppler__pd_int8_10e2__751a24a88233665c,pd_int8_10e2,10^2,256,"compressed=[16, 16]",INT8,CPU,fft_thrust,compatibility/end-to-end,PASS,OK,20,100,77,0.242272,true,751a24a88233665c6c010d54114fa1cd0e181b5bf5670c670ca04fb8533ee7b5,16236a22ab088c98bfa334f0fd0a556107e12c16ec8a26d23c644156a9d172c6
1,20260810T024406Z_5e66669d177a_stage07_b01_formal_3cadf28a,formal,20260810T024406Z,5e66669d177af61a75bb35b4b5c102ab6988e92c,false,stage07_b01_radartools_five_dtype_v2,03a5a9e2f6cb3af6d8b402d33c46fde5838cae300fea1ab7f1d92294a3677211,operator,pulse_doppler,Task1,Step3,pulse_doppler,pulse_doppler__pd_int8_10e2__751a24a88233665c,pd_int8_10e2,10^2,256,"compressed=[16, 16]",INT8,CPU,fft_thrust,compatibility/end-to-end,PASS,OK,20,100,78,0.242042,true,751a24a88233665c6c010d54114fa1cd0e181b5bf5670c670ca04fb8533ee7b5,16236a22ab088c98bfa334f0fd0a556107e12c16ec8a26d23c644156a9d172c6
1,20260810T024406Z_5e66669d177a_stage07_b01_formal_3cadf28a,formal,20260810T024406Z,5e66669d177af61a75bb35b4b5c102ab6988e92c,false,stage07_b01_radartools_five_dtype_v2,03a5a9e2f6cb3af6d8b402d33c46fde5838cae300fea1ab7f1d92294a3677211,operator,pulse_doppler,Task1,Step3,pulse_doppler,pulse_doppler__pd_int8_10e2__751a24a88233665c,pd_int8_10e2,10^2,256,"compressed=[16, 16]",INT8,CPU,fft_thrust,compatibility/end-to-end,PASS,OK,20,100,79,0.242322,true,751a24a88233665c6c010d54114fa1cd0e181b5bf5670c670ca04fb8533ee7b5,16236a22ab088c98bfa334f0fd0a556107e12c16ec8a26d23c644156a9d172c6
1,20260810T024406Z_5e66669d177a_stage07_b01_formal_3cadf28a,formal,20260810T024406Z,5e66669d177af61a75bb35b4b5c102ab6988e92c,false,stage07_b01_radartools_five_dtype_v2,03a5a9e2f6cb3af6d8b402d33c46fde5838cae300fea1ab7f1d92294a3677211,operator,pulse_doppler,Task1,Step3,pulse_doppler,pulse_doppler__pd_int8_10e2__751a24a88233665c,pd_int8_10e2,10^2,256,"compressed=[16, 16]",INT8,CPU,fft_thrust,compatibility/end-to-end,PASS,OK,20,100,80,0.242062,true,751a24a88233665c6c010d54114fa1cd0e181b5bf5670c670ca04fb8533ee7b5,16236a22ab088c98bfa334f0fd0a556107e12c16ec8a26d23c644156a9d172c6
1,20260810T024406Z_5e66669d177a_stage07_b01_formal_3cadf28a,formal,20260810T024406Z,5e66669d177af61a75bb35b4b5c102ab6988e92c,false,stage07_b01_radartools_five_dtype_v2,03a5a9e2f6cb3af6d8b402d33c46fde5838cae300fea1ab7f1d92294a3677211,operator,pulse_doppler,Task1,Step3,pulse_doppler,pulse_doppler__pd_int8_10e2__751a24a88233665c,pd_int8_10e2,10^2,256,"compressed=[16, 16]",INT8,CPU,fft_thrust,compatibility/end-to-end,PASS,OK,20,100,81,0.242303,true,751a24a88233665c6c010d54114fa1cd0e181b5bf5670c670ca04fb8533ee7b5,16236a22ab088c98bfa334f0fd0a556107e12c16ec8a26d23c644156a9d172c6
1,20260810T024406Z_5e66669d177a_stage07_b01_formal_3cadf28a,formal,20260810T024406Z,5e66669d177af61a75bb35b4b5c102ab6988e92c,false,stage07_b01_radartools_five_dtype_v2,03a5a9e2f6cb3af6d8b402d33c46fde5838cae300fea1ab7f1d92294a3677211,operator,pulse_doppler,Task1,Step3,pulse_doppler,pulse_doppler__pd_int8_10e2__751a24a88233665c,pd_int8_10e2,10^2,256,"compressed=[16, 16]",INT8,CPU,fft_thrust,compatibility/end-to-end,PASS,OK,20,100,82,0.242202,true,751a24a88233665c6c010d54114fa1cd0e181b5bf5670c670ca04fb8533ee7b5,16236a22ab088c98bfa334f0fd0a556107e12c16ec8a26d23c644156a9d172c6
1,20260810T024406Z_5e66669d177a_stage07_b01_formal_3cadf28a,formal,20260810T024406Z,5e66669d177af61a75bb35b4b5c102ab6988e92c,false,stage07_b01_radartools_five_dtype_v2,03a5a9e2f6cb3af6d8b402d33c46fde5838cae300fea1ab7f1d92294a3677211,operator,pulse_doppler,Task1,Step3,pulse_doppler,pulse_doppler__pd_int8_10e2__751a24a88233665c,pd_int8_10e2,10^2,256,"compressed=[16, 16]",INT8,CPU,fft_thrust,compatibility/end-to-end,PASS,OK,20,100,83,0.242182,true,751a24a88233665c6c010d54114fa1cd0e181b5bf5670c670ca04fb8533ee7b5,16236a22ab088c98bfa334f0fd0a556107e12c16ec8a26d23c644156a9d172c6
1,20260810T024406Z_5e66669d177a_stage07_b01_formal_3cadf28a,formal,20260810T024406Z,5e66669d177af61a75bb35b4b5c102ab6988e92c,false,stage07_b01_radartools_five_dtype_v2,03a5a9e2f6cb3af6d8b402d33c46fde5838cae300fea1ab7f1d92294a3677211,operator,pulse_doppler,Task1,Step3,pulse_doppler,pulse_doppler__pd_int8_10e2__751a24a88233665c,pd_int8_10e2,10^2,256,"compressed=[16, 16]",INT8,CPU,fft_thrust,compatibility/end-to-end,PASS,OK,20,100,84,0.241992,true,751a24a88233665c6c010d54114fa1cd0e181b5bf5670c670ca04fb8533ee7b5,16236a22ab088c98bfa334f0fd0a556107e12c16ec8a26d23c644156a9d172c6
1,20260810T024406Z_5e66669d177a_stage07_b01_formal_3cadf28a,formal,20260810T024406Z,5e66669d177af61a75bb35b4b5c102ab6988e92c,false,stage07_b01_radartools_five_dtype_v2,03a5a9e2f6cb3af6d8b402d33c46fde5838cae300fea1ab7f1d92294a3677211,operator,pulse_doppler,Task1,Step3,pulse_doppler,pulse_doppler__pd_int8_10e2__751a24a88233665c,pd_int8_10e2,10^2,256,"compressed=[16, 16]",INT8,CPU,fft_thrust,compatibility/end-to-end,PASS,OK,20,100,85,0.241963,true,751a24a88233665c6c010d54114fa1cd0e181b5bf5670c670ca04fb8533ee7b5,16236a22ab088c98bfa334f0fd0a556107e12c16ec8a26d23c644156a9d172c6
1,20260810T024406Z_5e66669d177a_stage07_b01_formal_3cadf28a,formal,20260810T024406Z,5e66669d177af61a75bb35b4b5c102ab6988e92c,false,stage07_b01_radartools_five_dtype_v2,03a5a9e2f6cb3af6d8b402d33c46fde5838cae300fea1ab7f1d92294a3677211,operator,pulse_doppler,Task1,Step3,pulse_doppler,pulse_doppler__pd_int8_10e2__751a24a88233665c,pd_int8_10e2,10^2,256,"compressed=[16, 16]",INT8,CPU,fft_thrust,compatibility/end-to-end,PASS,OK,20,100,86,0.242242,true,751a24a88233665c6c010d54114fa1cd0e181b5bf5670c670ca04fb8533ee7b5,16236a22ab088c98bfa334f0fd0a556107e12c16ec8a26d23c644156a9d172c6
1,20260810T024406Z_5e66669d177a_stage07_b01_formal_3cadf28a,formal,20260810T024406Z,5e66669d177af61a75bb35b4b5c102ab6988e92c,false,stage07_b01_radartools_five_dtype_v2,03a5a9e2f6cb3af6d8b402d33c46fde5838cae300fea1ab7f1d92294a3677211,operator,pulse_doppler,Task1,Step3,pulse_doppler,pulse_doppler__pd_int8_10e2__751a24a88233665c,pd_int8_10e2,10^2,256,"compressed=[16, 16]",INT8,CPU,fft_thrust,compatibility/end-to-end,PASS,OK,20,100,87,0.242012,true,751a24a88233665c6c010d54114fa1cd0e181b5bf5670c670ca04fb8533ee7b5,16236a22ab088c98bfa334f0fd0a556107e12c16ec8a26d23c644156a9d172c6
1,20260810T024406Z_5e66669d177a_stage07_b01_formal_3cadf28a,formal,20260810T024406Z,5e66669d177af61a75bb35b4b5c102ab6988e92c,false,stage07_b01_radartools_five_dtype_v2,03a5a9e2f6cb3af6d8b402d33c46fde5838cae300fea1ab7f1d92294a3677211,operator,pulse_doppler,Task1,Step3,pulse_doppler,pulse_doppler__pd_int8_10e2__751a24a88233665c,pd_int8_10e2,10^2,256,"compressed=[16, 16]",INT8,CPU,fft_thrust,compatibility/end-to-end,PASS,OK,20,100,88,0.242222,true,751a24a88233665c6c010d54114fa1cd0e181b5bf5670c670ca04fb8533ee7b5,16236a22ab088c98bfa334f0fd0a556107e12c16ec8a26d23c644156a9d172c6
1,20260810T024406Z_5e66669d177a_stage07_b01_formal_3cadf28a,formal,20260810T024406Z,5e66669d177af61a75bb35b4b5c102ab6988e92c,false,stage07_b01_radartools_five_dtype_v2,03a5a9e2f6cb3af6d8b402d33c46fde5838cae300fea1ab7f1d92294a3677211,operator,pulse_doppler,Task1,Step3,pulse_doppler,pulse_doppler__pd_int8_10e2__751a24a88233665c,pd_int8_10e2,10^2,256,"compressed=[16, 16]",INT8,CPU,fft_thrust,compatibility/end-to-end,PASS,OK,20,100,89,0.299243,true,751a24a88233665c6c010d54114fa1cd0e181b5bf5670c670ca04fb8533ee7b5,16236a22ab088c98bfa334f0fd0a556107e12c16ec8a26d23c644156a9d172c6
1,20260810T024406Z_5e66669d177a_stage07_b01_formal_3cadf28a,formal,20260810T024406Z,5e66669d177af61a75bb35b4b5c102ab6988e92c,false,stage07_b01_radartools_five_dtype_v2,03a5a9e2f6cb3af6d8b402d33c46fde5838cae300fea1ab7f1d92294a3677211,operator,pulse_doppler,Task1,Step3,pulse_doppler,pulse_doppler__pd_int8_10e2__751a24a88233665c,pd_int8_10e2,10^2,256,"compressed=[16, 16]",INT8,CPU,fft_thrust,compatibility/end-to-end,PASS,OK,20,100,90,0.242602,true,751a24a88233665c6c010d54114fa1cd0e181b5bf5670c670ca04fb8533ee7b5,16236a22ab088c98bfa334f0fd0a556107e12c16ec8a26d23c644156a9d172c6
1,20260810T024406Z_5e66669d177a_stage07_b01_formal_3cadf28a,formal,20260810T024406Z,5e66669d177af61a75bb35b4b5c102ab6988e92c,false,stage07_b01_radartools_five_dtype_v2,03a5a9e2f6cb3af6d8b402d33c46fde5838cae300fea1ab7f1d92294a3677211,operator,pulse_doppler,Task1,Step3,pulse_doppler,pulse_doppler__pd_int8_10e2__751a24a88233665c,pd_int8_10e2,10^2,256,"compressed=[16, 16]",INT8,CPU,fft_thrust,compatibility/end-to-end,PASS,OK,20,100,91,0.242183,true,751a24a88233665c6c010d54114fa1cd0e181b5bf5670c670ca04fb8533ee7b5,16236a22ab088c98bfa334f0fd0a556107e12c16ec8a26d23c644156a9d172c6
1,20260810T024406Z_5e66669d177a_stage07_b01_formal_3cadf28a,formal,20260810T024406Z,5e66669d177af61a75bb35b4b5c102ab6988e92c,false,stage07_b01_radartools_five_dtype_v2,03a5a9e2f6cb3af6d8b402d33c46fde5838cae300fea1ab7f1d92294a3677211,operator,pulse_doppler,Task1,Step3,pulse_doppler,pulse_doppler__pd_int8_10e2__751a24a88233665c,pd_int8_10e2,10^2,256,"compressed=[16, 16]",INT8,CPU,fft_thrust,compatibility/end-to-end,PASS,OK,20,100,92,0.242662,true,751a24a88233665c6c010d54114fa1cd0e181b5bf5670c670ca04fb8533ee7b5,16236a22ab088c98bfa334f0fd0a556107e12c16ec8a26d23c644156a9d172c6
1,20260810T024406Z_5e66669d177a_stage07_b01_formal_3cadf28a,formal,20260810T024406Z,5e66669d177af61a75bb35b4b5c102ab6988e92c,false,stage07_b01_radartools_five_dtype_v2,03a5a9e2f6cb3af6d8b402d33c46fde5838cae300fea1ab7f1d92294a3677211,operator,pulse_doppler,Task1,Step3,pulse_doppler,pulse_doppler__pd_int8_10e2__751a24a88233665c,pd_int8_10e2,10^2,256,"compressed=[16, 16]",INT8,CPU,fft_thrust,compatibility/end-to-end,PASS,OK,20,100,93,0.242692,true,751a24a88233665c6c010d54114fa1cd0e181b5bf5670c670ca04fb8533ee7b5,16236a22ab088c98bfa334f0fd0a556107e12c16ec8a26d23c644156a9d172c6
1,20260810T024406Z_5e66669d177a_stage07_b01_formal_3cadf28a,formal,20260810T024406Z,5e66669d177af61a75bb35b4b5c102ab6988e92c,false,stage07_b01_radartools_five_dtype_v2,03a5a9e2f6cb3af6d8b402d33c46fde5838cae300fea1ab7f1d92294a3677211,operator,pulse_doppler,Task1,Step3,pulse_doppler,pulse_doppler__pd_int8_10e2__751a24a88233665c,pd_int8_10e2,10^2,256,"compressed=[16, 16]",INT8,CPU,fft_thrust,compatibility/end-to-end,PASS,OK,20,100,94,0.242122,true,751a24a88233665c6c010d54114fa1cd0e181b5bf5670c670ca04fb8533ee7b5,16236a22ab088c98bfa334f0fd0a556107e12c16ec8a26d23c644156a9d172c6
1,20260810T024406Z_5e66669d177a_stage07_b01_formal_3cadf28a,formal,20260810T024406Z,5e66669d177af61a75bb35b4b5c102ab6988e92c,false,stage07_b01_radartools_five_dtype_v2,03a5a9e2f6cb3af6d8b402d33c46fde5838cae300fea1ab7f1d92294a3677211,operator,pulse_doppler,Task1,Step3,pulse_doppler,pulse_doppler__pd_int8_10e2__751a24a88233665c,pd_int8_10e2,10^2,256,"compressed=[16, 16]",INT8,CPU,fft_thrust,compatibility/end-to-end,PASS,OK,20,100,95,0.242673,true,751a24a88233665c6c010d54114fa1cd0e181b5bf5670c670ca04fb8533ee7b5,16236a22ab088c98bfa334f0fd0a556107e12c16ec8a26d23c644156a9d172c6
1,20260810T024406Z_5e66669d177a_stage07_b01_formal_3cadf28a,formal,20260810T024406Z,5e66669d177af61a75bb35b4b5c102ab6988e92c,false,stage07_b01_radartools_five_dtype_v2,03a5a9e2f6cb3af6d8b402d33c46fde5838cae300fea1ab7f1d92294a3677211,operator,pulse_doppler,Task1,Step3,pulse_doppler,pulse_doppler__pd_int8_10e2__751a24a88233665c,pd_int8_10e2,10^2,256,"compressed=[16, 16]",INT8,CPU,fft_thrust,compatibility/end-to-end,PASS,OK,20,100,96,0.242732,true,751a24a88233665c6c010d54114fa1cd0e181b5bf5670c670ca04fb8533ee7b5,16236a22ab088c98bfa334f0fd0a556107e12c16ec8a26d23c644156a9d172c6
1,20260810T024406Z_5e66669d177a_stage07_b01_formal_3cadf28a,formal,20260810T024406Z,5e66669d177af61a75bb35b4b5c102ab6988e92c,false,stage07_b01_radartools_five_dtype_v2,03a5a9e2f6cb3af6d8b402d33c46fde5838cae300fea1ab7f1d92294a3677211,operator,pulse_doppler,Task1,Step3,pulse_doppler,pulse_doppler__pd_int8_10e2__751a24a88233665c,pd_int8_10e2,10^2,256,"compressed=[16, 16]",INT8,CPU,fft_thrust,compatibility/end-to-end,PASS,OK,20,100,97,0.242652,true,751a24a88233665c6c010d54114fa1cd0e181b5bf5670c670ca04fb8533ee7b5,16236a22ab088c98bfa334f0fd0a556107e12c16ec8a26d23c644156a9d172c6
1,20260810T024406Z_5e66669d177a_stage07_b01_formal_3cadf28a,formal,20260810T024406Z,5e66669d177af61a75bb35b4b5c102ab6988e92c,false,stage07_b01_radartools_five_dtype_v2,03a5a9e2f6cb3af6d8b402d33c46fde5838cae300fea1ab7f1d92294a3677211,operator,pulse_doppler,Task1,Step3,pulse_doppler,pulse_doppler__pd_int8_10e2__751a24a88233665c,pd_int8_10e2,10^2,256,"compressed=[16, 16]",INT8,CPU,fft_thrust,compatibility/end-to-end,PASS,OK,20,100,98,0.242262,true,751a24a88233665c6c010d54114fa1cd0e181b5bf5670c670ca04fb8533ee7b5,16236a22ab088c98bfa334f0fd0a556107e12c16ec8a26d23c644156a9d172c6
1,20260810T024406Z_5e66669d177a_stage07_b01_formal_3cadf28a,formal,20260810T024406Z,5e66669d177af61a75bb35b4b5c102ab6988e92c,false,stage07_b01_radartools_five_dtype_v2,03a5a9e2f6cb3af6d8b402d33c46fde5838cae300fea1ab7f1d92294a3677211,operator,pulse_doppler,Task1,Step3,pulse_doppler,pulse_doppler__pd_int8_10e2__751a24a88233665c,pd_int8_10e2,10^2,256,"compressed=[16, 16]",INT8,CPU,fft_thrust,compatibility/end-to-end,PASS,OK,20,100,99,0.242382,true,751a24a88233665c6c010d54114fa1cd0e181b5bf5670c670ca04fb8533ee7b5,16236a22ab088c98bfa334f0fd0a556107e12c16ec8a26d23c644156a9d172c6
1,20260810T024406Z_5e66669d177a_stage07_b01_formal_3cadf28a,formal,20260810T024406Z,5e66669d177af61a75bb35b4b5c102ab6988e92c,false,stage07_b01_radartools_five_dtype_v2,03a5a9e2f6cb3af6d8b402d33c46fde5838cae300fea1ab7f1d92294a3677211,operator,pulse_doppler,Task1,Step3,pulse_doppler,pulse_doppler__pd_int8_10e2__751a24a88233665c,pd_int8_10e2,10^2,256,"compressed=[16, 16]",INT8,GPU,fft_thrust,compatibility/end-to-end,PASS,OK,20,100,0,0.496865,true,751a24a88233665c6c010d54114fa1cd0e181b5bf5670c670ca04fb8533ee7b5,32a986a7dba648a338862ea528299e04bf8862ced207f9c5af929b049b81c6eb
1,20260810T024406Z_5e66669d177a_stage07_b01_formal_3cadf28a,formal,20260810T024406Z,5e66669d177af61a75bb35b4b5c102ab6988e92c,false,stage07_b01_radartools_five_dtype_v2,03a5a9e2f6cb3af6d8b402d33c46fde5838cae300fea1ab7f1d92294a3677211,operator,pulse_doppler,Task1,Step3,pulse_doppler,pulse_doppler__pd_int8_10e2__751a24a88233665c,pd_int8_10e2,10^2,256,"compressed=[16, 16]",INT8,GPU,fft_thrust,compatibility/end-to-end,PASS,OK,20,100,1,0.450354,true,751a24a88233665c6c010d54114fa1cd0e181b5bf5670c670ca04fb8533ee7b5,32a986a7dba648a338862ea528299e04bf8862ced207f9c5af929b049b81c6eb
1,20260810T024406Z_5e66669d177a_stage07_b01_formal_3cadf28a,formal,20260810T024406Z,5e66669d177af61a75bb35b4b5c102ab6988e92c,false,stage07_b01_radartools_five_dtype_v2,03a5a9e2f6cb3af6d8b402d33c46fde5838cae300fea1ab7f1d92294a3677211,operator,pulse_doppler,Task1,Step3,pulse_doppler,pulse_doppler__pd_int8_10e2__751a24a88233665c,pd_int8_10e2,10^2,256,"compressed=[16, 16]",INT8,GPU,fft_thrust,compatibility/end-to-end,PASS,OK,20,100,2,0.424374,true,751a24a88233665c6c010d54114fa1cd0e181b5bf5670c670ca04fb8533ee7b5,32a986a7dba648a338862ea528299e04bf8862ced207f9c5af929b049b81c6eb
1,20260810T024406Z_5e66669d177a_stage07_b01_formal_3cadf28a,formal,20260810T024406Z,5e66669d177af61a75bb35b4b5c102ab6988e92c,false,stage07_b01_radartools_five_dtype_v2,03a5a9e2f6cb3af6d8b402d33c46fde5838cae300fea1ab7f1d92294a3677211,operator,pulse_doppler,Task1,Step3,pulse_doppler,pulse_doppler__pd_int8_10e2__751a24a88233665c,pd_int8_10e2,10^2,256,"compressed=[16, 16]",INT8,GPU,fft_thrust,compatibility/end-to-end,PASS,OK,20,100,3,0.420624,true,751a24a88233665c6c010d54114fa1cd0e181b5bf5670c670ca04fb8533ee7b5,32a986a7dba648a338862ea528299e04bf8862ced207f9c5af929b049b81c6eb
1,20260810T024406Z_5e66669d177a_stage07_b01_formal_3cadf28a,formal,20260810T024406Z,5e66669d177af61a75bb35b4b5c102ab6988e92c,false,stage07_b01_radartools_five_dtype_v2,03a5a9e2f6cb3af6d8b402d33c46fde5838cae300fea1ab7f1d92294a3677211,operator,pulse_doppler,Task1,Step3,pulse_doppler,pulse_doppler__pd_int8_10e2__751a24a88233665c,pd_int8_10e2,10^2,256,"compressed=[16, 16]",INT8,GPU,fft_thrust,compatibility/end-to-end,PASS,OK,20,100,4,0.490724,true,751a24a88233665c6c010d54114fa1cd0e181b5bf5670c670ca04fb8533ee7b5,32a986a7dba648a338862ea528299e04bf8862ced207f9c5af929b049b81c6eb
1,20260810T024406Z_5e66669d177a_stage07_b01_formal_3cadf28a,formal,20260810T024406Z,5e66669d177af61a75bb35b4b5c102ab6988e92c,false,stage07_b01_radartools_five_dtype_v2,03a5a9e2f6cb3af6d8b402d33c46fde5838cae300fea1ab7f1d92294a3677211,operator,pulse_doppler,Task1,Step3,pulse_doppler,pulse_doppler__pd_int8_10e2__751a24a88233665c,pd_int8_10e2,10^2,256,"compressed=[16, 16]",INT8,GPU,fft_thrust,compatibility/end-to-end,PASS,OK,20,100,5,0.417984,true,751a24a88233665c6c010d54114fa1cd0e181b5bf5670c670ca04fb8533ee7b5,32a986a7dba648a338862ea528299e04bf8862ced207f9c5af929b049b81c6eb
1,20260810T024406Z_5e66669d177a_stage07_b01_formal_3cadf28a,formal,20260810T024406Z,5e66669d177af61a75bb35b4b5c102ab6988e92c,false,stage07_b01_radartools_five_dtype_v2,03a5a9e2f6cb3af6d8b402d33c46fde5838cae300fea1ab7f1d92294a3677211,operator,pulse_doppler,Task1,Step3,pulse_doppler,pulse_doppler__pd_int8_10e2__751a24a88233665c,pd_int8_10e2,10^2,256,"compressed=[16, 16]",INT8,GPU,fft_thrust,compatibility/end-to-end,PASS,OK,20,100,6,0.438974,true,751a24a88233665c6c010d54114fa1cd0e181b5bf5670c670ca04fb8533ee7b5,32a986a7dba648a338862ea528299e04bf8862ced207f9c5af929b049b81c6eb
1,20260810T024406Z_5e66669d177a_stage07_b01_formal_3cadf28a,formal,20260810T024406Z,5e66669d177af61a75bb35b4b5c102ab6988e92c,false,stage07_b01_radartools_five_dtype_v2,03a5a9e2f6cb3af6d8b402d33c46fde5838cae300fea1ab7f1d92294a3677211,operator,pulse_doppler,Task1,Step3,pulse_doppler,pulse_doppler__pd_int8_10e2__751a24a88233665c,pd_int8_10e2,10^2,256,"compressed=[16, 16]",INT8,GPU,fft_thrust,compatibility/end-to-end,PASS,OK,20,100,7,0.426394,true,751a24a88233665c6c010d54114fa1cd0e181b5bf5670c670ca04fb8533ee7b5,32a986a7dba648a338862ea528299e04bf8862ced207f9c5af929b049b81c6eb
1,20260810T024406Z_5e66669d177a_stage07_b01_formal_3cadf28a,formal,20260810T024406Z,5e66669d177af61a75bb35b4b5c102ab6988e92c,false,stage07_b01_radartools_five_dtype_v2,03a5a9e2f6cb3af6d8b402d33c46fde5838cae300fea1ab7f1d92294a3677211,operator,pulse_doppler,Task1,Step3,pulse_doppler,pulse_doppler__pd_int8_10e2__751a24a88233665c,pd_int8_10e2,10^2,256,"compressed=[16, 16]",INT8,GPU,fft_thrust,compatibility/end-to-end,PASS,OK,20,100,8,0.423084,true,751a24a88233665c6c010d54114fa1cd0e181b5bf5670c670ca04fb8533ee7b5,32a986a7dba648a338862ea528299e04bf8862ced207f9c5af929b049b81c6eb
1,20260810T024406Z_5e66669d177a_stage07_b01_formal_3cadf28a,formal,20260810T024406Z,5e66669d177af61a75bb35b4b5c102ab6988e92c,false,stage07_b01_radartools_five_dtype_v2,03a5a9e2f6cb3af6d8b402d33c46fde5838cae300fea1ab7f1d92294a3677211,operator,pulse_doppler,Task1,Step3,pulse_doppler,pulse_doppler__pd_int8_10e2__751a24a88233665c,pd_int8_10e2,10^2,256,"compressed=[16, 16]",INT8,GPU,fft_thrust,compatibility/end-to-end,PASS,OK,20,100,9,0.479874,true,751a24a88233665c6c010d54114fa1cd0e181b5bf5670c670ca04fb8533ee7b5,32a986a7dba648a338862ea528299e04bf8862ced207f9c5af929b049b81c6eb
1,20260810T024406Z_5e66669d177a_stage07_b01_formal_3cadf28a,formal,20260810T024406Z,5e66669d177af61a75bb35b4b5c102ab6988e92c,false,stage07_b01_radartools_five_dtype_v2,03a5a9e2f6cb3af6d8b402d33c46fde5838cae300fea1ab7f1d92294a3677211,operator,pulse_doppler,Task1,Step3,pulse_doppler,pulse_doppler__pd_int8_10e2__751a24a88233665c,pd_int8_10e2,10^2,256,"compressed=[16, 16]",INT8,GPU,fft_thrust,compatibility/end-to-end,PASS,OK,20,100,10,0.473085,true,751a24a88233665c6c010d54114fa1cd0e181b5bf5670c670ca04fb8533ee7b5,32a986a7dba648a338862ea528299e04bf8862ced207f9c5af929b049b81c6eb
1,20260810T024406Z_5e66669d177a_stage07_b01_formal_3cadf28a,formal,20260810T024406Z,5e66669d177af61a75bb35b4b5c102ab6988e92c,false,stage07_b01_radartools_five_dtype_v2,03a5a9e2f6cb3af6d8b402d33c46fde5838cae300fea1ab7f1d92294a3677211,operator,pulse_doppler,Task1,Step3,pulse_doppler,pulse_doppler__pd_int8_10e2__751a24a88233665c,pd_int8_10e2,10^2,256,"compressed=[16, 16]",INT8,GPU,fft_thrust,compatibility/end-to-end,PASS,OK,20,100,11,0.500794,true,751a24a88233665c6c010d54114fa1cd0e181b5bf5670c670ca04fb8533ee7b5,32a986a7dba648a338862ea528299e04bf8862ced207f9c5af929b049b81c6eb
1,20260810T024406Z_5e66669d177a_stage07_b01_formal_3cadf28a,formal,20260810T024406Z,5e66669d177af61a75bb35b4b5c102ab6988e92c,false,stage07_b01_radartools_five_dtype_v2,03a5a9e2f6cb3af6d8b402d33c46fde5838cae300fea1ab7f1d92294a3677211,operator,pulse_doppler,Task1,Step3,pulse_doppler,pulse_doppler__pd_int8_10e2__751a24a88233665c,pd_int8_10e2,10^2,256,"compressed=[16, 16]",INT8,GPU,fft_thrust,compatibility/end-to-end,PASS,OK,20,100,12,0.415804,true,751a24a88233665c6c010d54114fa1cd0e181b5bf5670c670ca04fb8533ee7b5,32a986a7dba648a338862ea528299e04bf8862ced207f9c5af929b049b81c6eb
1,20260810T024406Z_5e66669d177a_stage07_b01_formal_3cadf28a,formal,20260810T024406Z,5e66669d177af61a75bb35b4b5c102ab6988e92c,false,stage07_b01_radartools_five_dtype_v2,03a5a9e2f6cb3af6d8b402d33c46fde5838cae300fea1ab7f1d92294a3677211,operator,pulse_doppler,Task1,Step3,pulse_doppler,pulse_doppler__pd_int8_10e2__751a24a88233665c,pd_int8_10e2,10^2,256,"compressed=[16, 16]",INT8,GPU,fft_thrust,compatibility/end-to-end,PASS,OK,20,100,13,0.414944,true,751a24a88233665c6c010d54114fa1cd0e181b5bf5670c670ca04fb8533ee7b5,32a986a7dba648a338862ea528299e04bf8862ced207f9c5af929b049b81c6eb
1,20260810T024406Z_5e66669d177a_stage07_b01_formal_3cadf28a,formal,20260810T024406Z,5e66669d177af61a75bb35b4b5c102ab6988e92c,false,stage07_b01_radartools_five_dtype_v2,03a5a9e2f6cb3af6d8b402d33c46fde5838cae300fea1ab7f1d92294a3677211,operator,pulse_doppler,Task1,Step3,pulse_doppler,pulse_doppler__pd_int8_10e2__751a24a88233665c,pd_int8_10e2,10^2,256,"compressed=[16, 16]",INT8,GPU,fft_thrust,compatibility/end-to-end,PASS,OK,20,100,14,0.399784,true,751a24a88233665c6c010d54114fa1cd0e181b5bf5670c670ca04fb8533ee7b5,32a986a7dba648a338862ea528299e04bf8862ced207f9c5af929b049b81c6eb
1,20260810T024406Z_5e66669d177a_stage07_b01_formal_3cadf28a,formal,20260810T024406Z,5e66669d177af61a75bb35b4b5c102ab6988e92c,false,stage07_b01_radartools_five_dtype_v2,03a5a9e2f6cb3af6d8b402d33c46fde5838cae300fea1ab7f1d92294a3677211,operator,pulse_doppler,Task1,Step3,pulse_doppler,pulse_doppler__pd_int8_10e2__751a24a88233665c,pd_int8_10e2,10^2,256,"compressed=[16, 16]",INT8,GPU,fft_thrust,compatibility/end-to-end,PASS,OK,20,100,15,0.413604,true,751a24a88233665c6c010d54114fa1cd0e181b5bf5670c670ca04fb8533ee7b5,32a986a7dba648a338862ea528299e04bf8862ced207f9c5af929b049b81c6eb
1,20260810T024406Z_5e66669d177a_stage07_b01_formal_3cadf28a,formal,20260810T024406Z,5e66669d177af61a75bb35b4b5c102ab6988e92c,false,stage07_b01_radartools_five_dtype_v2,03a5a9e2f6cb3af6d8b402d33c46fde5838cae300fea1ab7f1d92294a3677211,operator,pulse_doppler,Task1,Step3,pulse_doppler,pulse_doppler__pd_int8_10e2__751a24a88233665c,pd_int8_10e2,10^2,256,"compressed=[16, 16]",INT8,GPU,fft_thrust,compatibility/end-to-end,PASS,OK,20,100,16,0.409793,true,751a24a88233665c6c010d54114fa1cd0e181b5bf5670c670ca04fb8533ee7b5,32a986a7dba648a338862ea528299e04bf8862ced207f9c5af929b049b81c6eb
1,20260810T024406Z_5e66669d177a_stage07_b01_formal_3cadf28a,formal,20260810T024406Z,5e66669d177af61a75bb35b4b5c102ab6988e92c,false,stage07_b01_radartools_five_dtype_v2,03a5a9e2f6cb3af6d8b402d33c46fde5838cae300fea1ab7f1d92294a3677211,operator,pulse_doppler,Task1,Step3,pulse_doppler,pulse_doppler__pd_int8_10e2__751a24a88233665c,pd_int8_10e2,10^2,256,"compressed=[16, 16]",INT8,GPU,fft_thrust,compatibility/end-to-end,PASS,OK,20,100,17,0.408874,true,751a24a88233665c6c010d54114fa1cd0e181b5bf5670c670ca04fb8533ee7b5,32a986a7dba648a338862ea528299e04bf8862ced207f9c5af929b049b81c6eb
1,20260810T024406Z_5e66669d177a_stage07_b01_formal_3cadf28a,formal,20260810T024406Z,5e66669d177af61a75bb35b4b5c102ab6988e92c,false,stage07_b01_radartools_five_dtype_v2,03a5a9e2f6cb3af6d8b402d33c46fde5838cae300fea1ab7f1d92294a3677211,operator,pulse_doppler,Task1,Step3,pulse_doppler,pulse_doppler__pd_int8_10e2__751a24a88233665c,pd_int8_10e2,10^2,256,"compressed=[16, 16]",INT8,GPU,fft_thrust,compatibility/end-to-end,PASS,OK,20,100,18,0.411634,true,751a24a88233665c6c010d54114fa1cd0e181b5bf5670c670ca04fb8533ee7b5,32a986a7dba648a338862ea528299e04bf8862ced207f9c5af929b049b81c6eb
1,20260810T024406Z_5e66669d177a_stage07_b01_formal_3cadf28a,formal,20260810T024406Z,5e66669d177af61a75bb35b4b5c102ab6988e92c,false,stage07_b01_radartools_five_dtype_v2,03a5a9e2f6cb3af6d8b402d33c46fde5838cae300fea1ab7f1d92294a3677211,operator,pulse_doppler,Task1,Step3,pulse_doppler,pulse_doppler__pd_int8_10e2__751a24a88233665c,pd_int8_10e2,10^2,256,"compressed=[16, 16]",INT8,GPU,fft_thrust,compatibility/end-to-end,PASS,OK,20,100,19,0.410364,true,751a24a88233665c6c010d54114fa1cd0e181b5bf5670c670ca04fb8533ee7b5,32a986a7dba648a338862ea528299e04bf8862ced207f9c5af929b049b81c6eb
1,20260810T024406Z_5e66669d177a_stage07_b01_formal_3cadf28a,formal,20260810T024406Z,5e66669d177af61a75bb35b4b5c102ab6988e92c,false,stage07_b01_radartools_five_dtype_v2,03a5a9e2f6cb3af6d8b402d33c46fde5838cae300fea1ab7f1d92294a3677211,operator,pulse_doppler,Task1,Step3,pulse_doppler,pulse_doppler__pd_int8_10e2__751a24a88233665c,pd_int8_10e2,10^2,256,"compressed=[16, 16]",INT8,GPU,fft_thrust,compatibility/end-to-end,PASS,OK,20,100,20,0.489674,true,751a24a88233665c6c010d54114fa1cd0e181b5bf5670c670ca04fb8533ee7b5,32a986a7dba648a338862ea528299e04bf8862ced207f9c5af929b049b81c6eb
1,20260810T024406Z_5e66669d177a_stage07_b01_formal_3cadf28a,formal,20260810T024406Z,5e66669d177af61a75bb35b4b5c102ab6988e92c,false,stage07_b01_radartools_five_dtype_v2,03a5a9e2f6cb3af6d8b402d33c46fde5838cae300fea1ab7f1d92294a3677211,operator,pulse_doppler,Task1,Step3,pulse_doppler,pulse_doppler__pd_int8_10e2__751a24a88233665c,pd_int8_10e2,10^2,256,"compressed=[16, 16]",INT8,GPU,fft_thrust,compatibility/end-to-end,PASS,OK,20,100,21,0.491295,true,751a24a88233665c6c010d54114fa1cd0e181b5bf5670c670ca04fb8533ee7b5,32a986a7dba648a338862ea528299e04bf8862ced207f9c5af929b049b81c6eb
1,20260810T024406Z_5e66669d177a_stage07_b01_formal_3cadf28a,formal,20260810T024406Z,5e66669d177af61a75bb35b4b5c102ab6988e92c,false,stage07_b01_radartools_five_dtype_v2,03a5a9e2f6cb3af6d8b402d33c46fde5838cae300fea1ab7f1d92294a3677211,operator,pulse_doppler,Task1,Step3,pulse_doppler,pulse_doppler__pd_int8_10e2__751a24a88233665c,pd_int8_10e2,10^2,256,"compressed=[16, 16]",INT8,GPU,fft_thrust,compatibility/end-to-end,PASS,OK,20,100,22,0.404333,true,751a24a88233665c6c010d54114fa1cd0e181b5bf5670c670ca04fb8533ee7b5,32a986a7dba648a338862ea528299e04bf8862ced207f9c5af929b049b81c6eb
1,20260810T024406Z_5e66669d177a_stage07_b01_formal_3cadf28a,formal,20260810T024406Z,5e66669d177af61a75bb35b4b5c102ab6988e92c,false,stage07_b01_radartools_five_dtype_v2,03a5a9e2f6cb3af6d8b402d33c46fde5838cae300fea1ab7f1d92294a3677211,operator,pulse_doppler,Task1,Step3,pulse_doppler,pulse_doppler__pd_int8_10e2__751a24a88233665c,pd_int8_10e2,10^2,256,"compressed=[16, 16]",INT8,GPU,fft_thrust,compatibility/end-to-end,PASS,OK,20,100,23,0.404413,true,751a24a88233665c6c010d54114fa1cd0e181b5bf5670c670ca04fb8533ee7b5,32a986a7dba648a338862ea528299e04bf8862ced207f9c5af929b049b81c6eb
1,20260810T024406Z_5e66669d177a_stage07_b01_formal_3cadf28a,formal,20260810T024406Z,5e66669d177af61a75bb35b4b5c102ab6988e92c,false,stage07_b01_radartools_five_dtype_v2,03a5a9e2f6cb3af6d8b402d33c46fde5838cae300fea1ab7f1d92294a3677211,operator,pulse_doppler,Task1,Step3,pulse_doppler,pulse_doppler__pd_int8_10e2__751a24a88233665c,pd_int8_10e2,10^2,256,"compressed=[16, 16]",INT8,GPU,fft_thrust,compatibility/end-to-end,PASS,OK,20,100,24,0.401404,true,751a24a88233665c6c010d54114fa1cd0e181b5bf5670c670ca04fb8533ee7b5,32a986a7dba648a338862ea528299e04bf8862ced207f9c5af929b049b81c6eb
1,20260810T024406Z_5e66669d177a_stage07_b01_formal_3cadf28a,formal,20260810T024406Z,5e66669d177af61a75bb35b4b5c102ab6988e92c,false,stage07_b01_radartools_five_dtype_v2,03a5a9e2f6cb3af6d8b402d33c46fde5838cae300fea1ab7f1d92294a3677211,operator,pulse_doppler,Task1,Step3,pulse_doppler,pulse_doppler__pd_int8_10e2__751a24a88233665c,pd_int8_10e2,10^2,256,"compressed=[16, 16]",INT8,GPU,fft_thrust,compatibility/end-to-end,PASS,OK,20,100,25,0.406874,true,751a24a88233665c6c010d54114fa1cd0e181b5bf5670c670ca04fb8533ee7b5,32a986a7dba648a338862ea528299e04bf8862ced207f9c5af929b049b81c6eb
1,20260810T024406Z_5e66669d177a_stage07_b01_formal_3cadf28a,formal,20260810T024406Z,5e66669d177af61a75bb35b4b5c102ab6988e92c,false,stage07_b01_radartools_five_dtype_v2,03a5a9e2f6cb3af6d8b402d33c46fde5838cae300fea1ab7f1d92294a3677211,operator,pulse_doppler,Task1,Step3,pulse_doppler,pulse_doppler__pd_int8_10e2__751a24a88233665c,pd_int8_10e2,10^2,256,"compressed=[16, 16]",INT8,GPU,fft_thrust,compatibility/end-to-end,PASS,OK,20,100,26,0.398833,true,751a24a88233665c6c010d54114fa1cd0e181b5bf5670c670ca04fb8533ee7b5,32a986a7dba648a338862ea528299e04bf8862ced207f9c5af929b049b81c6eb
1,20260810T024406Z_5e66669d177a_stage07_b01_formal_3cadf28a,formal,20260810T024406Z,5e66669d177af61a75bb35b4b5c102ab6988e92c,false,stage07_b01_radartools_five_dtype_v2,03a5a9e2f6cb3af6d8b402d33c46fde5838cae300fea1ab7f1d92294a3677211,operator,pulse_doppler,Task1,Step3,pulse_doppler,pulse_doppler__pd_int8_10e2__751a24a88233665c,pd_int8_10e2,10^2,256,"compressed=[16, 16]",INT8,GPU,fft_thrust,compatibility/end-to-end,PASS,OK,20,100,27,0.403064,true,751a24a88233665c6c010d54114fa1cd0e181b5bf5670c670ca04fb8533ee7b5,32a986a7dba648a338862ea528299e04bf8862ced207f9c5af929b049b81c6eb
1,20260810T024406Z_5e66669d177a_stage07_b01_formal_3cadf28a,formal,20260810T024406Z,5e66669d177af61a75bb35b4b5c102ab6988e92c,false,stage07_b01_radartools_five_dtype_v2,03a5a9e2f6cb3af6d8b402d33c46fde5838cae300fea1ab7f1d92294a3677211,operator,pulse_doppler,Task1,Step3,pulse_doppler,pulse_doppler__pd_int8_10e2__751a24a88233665c,pd_int8_10e2,10^2,256,"compressed=[16, 16]",INT8,GPU,fft_thrust,compatibility/end-to-end,PASS,OK,20,100,28,0.398714,true,751a24a88233665c6c010d54114fa1cd0e181b5bf5670c670ca04fb8533ee7b5,32a986a7dba648a338862ea528299e04bf8862ced207f9c5af929b049b81c6eb
1,20260810T024406Z_5e66669d177a_stage07_b01_formal_3cadf28a,formal,20260810T024406Z,5e66669d177af61a75bb35b4b5c102ab6988e92c,false,stage07_b01_radartools_five_dtype_v2,03a5a9e2f6cb3af6d8b402d33c46fde5838cae300fea1ab7f1d92294a3677211,operator,pulse_doppler,Task1,Step3,pulse_doppler,pulse_doppler__pd_int8_10e2__751a24a88233665c,pd_int8_10e2,10^2,256,"compressed=[16, 16]",INT8,GPU,fft_thrust,compatibility/end-to-end,PASS,OK,20,100,29,0.408014,true,751a24a88233665c6c010d54114fa1cd0e181b5bf5670c670ca04fb8533ee7b5,32a986a7dba648a338862ea528299e04bf8862ced207f9c5af929b049b81c6eb
1,20260810T024406Z_5e66669d177a_stage07_b01_formal_3cadf28a,formal,20260810T024406Z,5e66669d177af61a75bb35b4b5c102ab6988e92c,false,stage07_b01_radartools_five_dtype_v2,03a5a9e2f6cb3af6d8b402d33c46fde5838cae300fea1ab7f1d92294a3677211,operator,pulse_doppler,Task1,Step3,pulse_doppler,pulse_doppler__pd_int8_10e2__751a24a88233665c,pd_int8_10e2,10^2,256,"compressed=[16, 16]",INT8,GPU,fft_thrust,compatibility/end-to-end,PASS,OK,20,100,30,0.407023,true,751a24a88233665c6c010d54114fa1cd0e181b5bf5670c670ca04fb8533ee7b5,32a986a7dba648a338862ea528299e04bf8862ced207f9c5af929b049b81c6eb
1,20260810T024406Z_5e66669d177a_stage07_b01_formal_3cadf28a,formal,20260810T024406Z,5e66669d177af61a75bb35b4b5c102ab6988e92c,false,stage07_b01_radartools_five_dtype_v2,03a5a9e2f6cb3af6d8b402d33c46fde5838cae300fea1ab7f1d92294a3677211,operator,pulse_doppler,Task1,Step3,pulse_doppler,pulse_doppler__pd_int8_10e2__751a24a88233665c,pd_int8_10e2,10^2,256,"compressed=[16, 16]",INT8,GPU,fft_thrust,compatibility/end-to-end,PASS,OK,20,100,31,0.399644,true,751a24a88233665c6c010d54114fa1cd0e181b5bf5670c670ca04fb8533ee7b5,32a986a7dba648a338862ea528299e04bf8862ced207f9c5af929b049b81c6eb
1,20260810T024406Z_5e66669d177a_stage07_b01_formal_3cadf28a,formal,20260810T024406Z,5e66669d177af61a75bb35b4b5c102ab6988e92c,false,stage07_b01_radartools_five_dtype_v2,03a5a9e2f6cb3af6d8b402d33c46fde5838cae300fea1ab7f1d92294a3677211,operator,pulse_doppler,Task1,Step3,pulse_doppler,pulse_doppler__pd_int8_10e2__751a24a88233665c,pd_int8_10e2,10^2,256,"compressed=[16, 16]",INT8,GPU,fft_thrust,compatibility/end-to-end,PASS,OK,20,100,32,0.401883,true,751a24a88233665c6c010d54114fa1cd0e181b5bf5670c670ca04fb8533ee7b5,32a986a7dba648a338862ea528299e04bf8862ced207f9c5af929b049b81c6eb
1,20260810T024406Z_5e66669d177a_stage07_b01_formal_3cadf28a,formal,20260810T024406Z,5e66669d177af61a75bb35b4b5c102ab6988e92c,false,stage07_b01_radartools_five_dtype_v2,03a5a9e2f6cb3af6d8b402d33c46fde5838cae300fea1ab7f1d92294a3677211,operator,pulse_doppler,Task1,Step3,pulse_doppler,pulse_doppler__pd_int8_10e2__751a24a88233665c,pd_int8_10e2,10^2,256,"compressed=[16, 16]",INT8,GPU,fft_thrust,compatibility/end-to-end,PASS,OK,20,100,33,0.401474,true,751a24a88233665c6c010d54114fa1cd0e181b5bf5670c670ca04fb8533ee7b5,32a986a7dba648a338862ea528299e04bf8862ced207f9c5af929b049b81c6eb
1,20260810T024406Z_5e66669d177a_stage07_b01_formal_3cadf28a,formal,20260810T024406Z,5e66669d177af61a75bb35b4b5c102ab6988e92c,false,stage07_b01_radartools_five_dtype_v2,03a5a9e2f6cb3af6d8b402d33c46fde5838cae300fea1ab7f1d92294a3677211,operator,pulse_doppler,Task1,Step3,pulse_doppler,pulse_doppler__pd_int8_10e2__751a24a88233665c,pd_int8_10e2,10^2,256,"compressed=[16, 16]",INT8,GPU,fft_thrust,compatibility/end-to-end,PASS,OK,20,100,34,0.398444,true,751a24a88233665c6c010d54114fa1cd0e181b5bf5670c670ca04fb8533ee7b5,32a986a7dba648a338862ea528299e04bf8862ced207f9c5af929b049b81c6eb
1,20260810T024406Z_5e66669d177a_stage07_b01_formal_3cadf28a,formal,20260810T024406Z,5e66669d177af61a75bb35b4b5c102ab6988e92c,false,stage07_b01_radartools_five_dtype_v2,03a5a9e2f6cb3af6d8b402d33c46fde5838cae300fea1ab7f1d92294a3677211,operator,pulse_doppler,Task1,Step3,pulse_doppler,pulse_doppler__pd_int8_10e2__751a24a88233665c,pd_int8_10e2,10^2,256,"compressed=[16, 16]",INT8,GPU,fft_thrust,compatibility/end-to-end,PASS,OK,20,100,35,0.401083,true,751a24a88233665c6c010d54114fa1cd0e181b5bf5670c670ca04fb8533ee7b5,32a986a7dba648a338862ea528299e04bf8862ced207f9c5af929b049b81c6eb
1,20260810T024406Z_5e66669d177a_stage07_b01_formal_3cadf28a,formal,20260810T024406Z,5e66669d177af61a75bb35b4b5c102ab6988e92c,false,stage07_b01_radartools_five_dtype_v2,03a5a9e2f6cb3af6d8b402d33c46fde5838cae300fea1ab7f1d92294a3677211,operator,pulse_doppler,Task1,Step3,pulse_doppler,pulse_doppler__pd_int8_10e2__751a24a88233665c,pd_int8_10e2,10^2,256,"compressed=[16, 16]",INT8,GPU,fft_thrust,compatibility/end-to-end,PASS,OK,20,100,36,0.397664,true,751a24a88233665c6c010d54114fa1cd0e181b5bf5670c670ca04fb8533ee7b5,32a986a7dba648a338862ea528299e04bf8862ced207f9c5af929b049b81c6eb
1,20260810T024406Z_5e66669d177a_stage07_b01_formal_3cadf28a,formal,20260810T024406Z,5e66669d177af61a75bb35b4b5c102ab6988e92c,false,stage07_b01_radartools_five_dtype_v2,03a5a9e2f6cb3af6d8b402d33c46fde5838cae300fea1ab7f1d92294a3677211,operator,pulse_doppler,Task1,Step3,pulse_doppler,pulse_doppler__pd_int8_10e2__751a24a88233665c,pd_int8_10e2,10^2,256,"compressed=[16, 16]",INT8,GPU,fft_thrust,compatibility/end-to-end,PASS,OK,20,100,37,0.406234,true,751a24a88233665c6c010d54114fa1cd0e181b5bf5670c670ca04fb8533ee7b5,32a986a7dba648a338862ea528299e04bf8862ced207f9c5af929b049b81c6eb
1,20260810T024406Z_5e66669d177a_stage07_b01_formal_3cadf28a,formal,20260810T024406Z,5e66669d177af61a75bb35b4b5c102ab6988e92c,false,stage07_b01_radartools_five_dtype_v2,03a5a9e2f6cb3af6d8b402d33c46fde5838cae300fea1ab7f1d92294a3677211,operator,pulse_doppler,Task1,Step3,pulse_doppler,pulse_doppler__pd_int8_10e2__751a24a88233665c,pd_int8_10e2,10^2,256,"compressed=[16, 16]",INT8,GPU,fft_thrust,compatibility/end-to-end,PASS,OK,20,100,38,0.400723,true,751a24a88233665c6c010d54114fa1cd0e181b5bf5670c670ca04fb8533ee7b5,32a986a7dba648a338862ea528299e04bf8862ced207f9c5af929b049b81c6eb
1,20260810T024406Z_5e66669d177a_stage07_b01_formal_3cadf28a,formal,20260810T024406Z,5e66669d177af61a75bb35b4b5c102ab6988e92c,false,stage07_b01_radartools_five_dtype_v2,03a5a9e2f6cb3af6d8b402d33c46fde5838cae300fea1ab7f1d92294a3677211,operator,pulse_doppler,Task1,Step3,pulse_doppler,pulse_doppler__pd_int8_10e2__751a24a88233665c,pd_int8_10e2,10^2,256,"compressed=[16, 16]",INT8,GPU,fft_thrust,compatibility/end-to-end,PASS,OK,20,100,39,0.420714,true,751a24a88233665c6c010d54114fa1cd0e181b5bf5670c670ca04fb8533ee7b5,32a986a7dba648a338862ea528299e04bf8862ced207f9c5af929b049b81c6eb
1,20260810T024406Z_5e66669d177a_stage07_b01_formal_3cadf28a,formal,20260810T024406Z,5e66669d177af61a75bb35b4b5c102ab6988e92c,false,stage07_b01_radartools_five_dtype_v2,03a5a9e2f6cb3af6d8b402d33c46fde5838cae300fea1ab7f1d92294a3677211,operator,pulse_doppler,Task1,Step3,pulse_doppler,pulse_doppler__pd_int8_10e2__751a24a88233665c,pd_int8_10e2,10^2,256,"compressed=[16, 16]",INT8,GPU,fft_thrust,compatibility/end-to-end,PASS,OK,20,100,40,0.407254,true,751a24a88233665c6c010d54114fa1cd0e181b5bf5670c670ca04fb8533ee7b5,32a986a7dba648a338862ea528299e04bf8862ced207f9c5af929b049b81c6eb
1,20260810T024406Z_5e66669d177a_stage07_b01_formal_3cadf28a,formal,20260810T024406Z,5e66669d177af61a75bb35b4b5c102ab6988e92c,false,stage07_b01_radartools_five_dtype_v2,03a5a9e2f6cb3af6d8b402d33c46fde5838cae300fea1ab7f1d92294a3677211,operator,pulse_doppler,Task1,Step3,pulse_doppler,pulse_doppler__pd_int8_10e2__751a24a88233665c,pd_int8_10e2,10^2,256,"compressed=[16, 16]",INT8,GPU,fft_thrust,compatibility/end-to-end,PASS,OK,20,100,41,0.401234,true,751a24a88233665c6c010d54114fa1cd0e181b5bf5670c670ca04fb8533ee7b5,32a986a7dba648a338862ea528299e04bf8862ced207f9c5af929b049b81c6eb
1,20260810T024406Z_5e66669d177a_stage07_b01_formal_3cadf28a,formal,20260810T024406Z,5e66669d177af61a75bb35b4b5c102ab6988e92c,false,stage07_b01_radartools_five_dtype_v2,03a5a9e2f6cb3af6d8b402d33c46fde5838cae300fea1ab7f1d92294a3677211,operator,pulse_doppler,Task1,Step3,pulse_doppler,pulse_doppler__pd_int8_10e2__751a24a88233665c,pd_int8_10e2,10^2,256,"compressed=[16, 16]",INT8,GPU,fft_thrust,compatibility/end-to-end,PASS,OK,20,100,42,0.406903,true,751a24a88233665c6c010d54114fa1cd0e181b5bf5670c670ca04fb8533ee7b5,32a986a7dba648a338862ea528299e04bf8862ced207f9c5af929b049b81c6eb
1,20260810T024406Z_5e66669d177a_stage07_b01_formal_3cadf28a,formal,20260810T024406Z,5e66669d177af61a75bb35b4b5c102ab6988e92c,false,stage07_b01_radartools_five_dtype_v2,03a5a9e2f6cb3af6d8b402d33c46fde5838cae300fea1ab7f1d92294a3677211,operator,pulse_doppler,Task1,Step3,pulse_doppler,pulse_doppler__pd_int8_10e2__751a24a88233665c,pd_int8_10e2,10^2,256,"compressed=[16, 16]",INT8,GPU,fft_thrust,compatibility/end-to-end,PASS,OK,20,100,43,0.402724,true,751a24a88233665c6c010d54114fa1cd0e181b5bf5670c670ca04fb8533ee7b5,32a986a7dba648a338862ea528299e04bf8862ced207f9c5af929b049b81c6eb
1,20260810T024406Z_5e66669d177a_stage07_b01_formal_3cadf28a,formal,20260810T024406Z,5e66669d177af61a75bb35b4b5c102ab6988e92c,false,stage07_b01_radartools_five_dtype_v2,03a5a9e2f6cb3af6d8b402d33c46fde5838cae300fea1ab7f1d92294a3677211,operator,pulse_doppler,Task1,Step3,pulse_doppler,pulse_doppler__pd_int8_10e2__751a24a88233665c,pd_int8_10e2,10^2,256,"compressed=[16, 16]",INT8,GPU,fft_thrust,compatibility/end-to-end,PASS,OK,20,100,44,0.401854,true,751a24a88233665c6c010d54114fa1cd0e181b5bf5670c670ca04fb8533ee7b5,32a986a7dba648a338862ea528299e04bf8862ced207f9c5af929b049b81c6eb
1,20260810T024406Z_5e66669d177a_stage07_b01_formal_3cadf28a,formal,20260810T024406Z,5e66669d177af61a75bb35b4b5c102ab6988e92c,false,stage07_b01_radartools_five_dtype_v2,03a5a9e2f6cb3af6d8b402d33c46fde5838cae300fea1ab7f1d92294a3677211,operator,pulse_doppler,Task1,Step3,pulse_doppler,pulse_doppler__pd_int8_10e2__751a24a88233665c,pd_int8_10e2,10^2,256,"compressed=[16, 16]",INT8,GPU,fft_thrust,compatibility/end-to-end,PASS,OK,20,100,45,0.406864,true,751a24a88233665c6c010d54114fa1cd0e181b5bf5670c670ca04fb8533ee7b5,32a986a7dba648a338862ea528299e04bf8862ced207f9c5af929b049b81c6eb
1,20260810T024406Z_5e66669d177a_stage07_b01_formal_3cadf28a,formal,20260810T024406Z,5e66669d177af61a75bb35b4b5c102ab6988e92c,false,stage07_b01_radartools_five_dtype_v2,03a5a9e2f6cb3af6d8b402d33c46fde5838cae300fea1ab7f1d92294a3677211,operator,pulse_doppler,Task1,Step3,pulse_doppler,pulse_doppler__pd_int8_10e2__751a24a88233665c,pd_int8_10e2,10^2,256,"compressed=[16, 16]",INT8,GPU,fft_thrust,compatibility/end-to-end,PASS,OK,20,100,46,0.400073,true,751a24a88233665c6c010d54114fa1cd0e181b5bf5670c670ca04fb8533ee7b5,32a986a7dba648a338862ea528299e04bf8862ced207f9c5af929b049b81c6eb
1,20260810T024406Z_5e66669d177a_stage07_b01_formal_3cadf28a,formal,20260810T024406Z,5e66669d177af61a75bb35b4b5c102ab6988e92c,false,stage07_b01_radartools_five_dtype_v2,03a5a9e2f6cb3af6d8b402d33c46fde5838cae300fea1ab7f1d92294a3677211,operator,pulse_doppler,Task1,Step3,pulse_doppler,pulse_doppler__pd_int8_10e2__751a24a88233665c,pd_int8_10e2,10^2,256,"compressed=[16, 16]",INT8,GPU,fft_thrust,compatibility/end-to-end,PASS,OK,20,100,47,0.403974,true,751a24a88233665c6c010d54114fa1cd0e181b5bf5670c670ca04fb8533ee7b5,32a986a7dba648a338862ea528299e04bf8862ced207f9c5af929b049b81c6eb
1,20260810T024406Z_5e66669d177a_stage07_b01_formal_3cadf28a,formal,20260810T024406Z,5e66669d177af61a75bb35b4b5c102ab6988e92c,false,stage07_b01_radartools_five_dtype_v2,03a5a9e2f6cb3af6d8b402d33c46fde5838cae300fea1ab7f1d92294a3677211,operator,pulse_doppler,Task1,Step3,pulse_doppler,pulse_doppler__pd_int8_10e2__751a24a88233665c,pd_int8_10e2,10^2,256,"compressed=[16, 16]",INT8,GPU,fft_thrust,compatibility/end-to-end,PASS,OK,20,100,48,0.398154,true,751a24a88233665c6c010d54114fa1cd0e181b5bf5670c670ca04fb8533ee7b5,32a986a7dba648a338862ea528299e04bf8862ced207f9c5af929b049b81c6eb
1,20260810T024406Z_5e66669d177a_stage07_b01_formal_3cadf28a,formal,20260810T024406Z,5e66669d177af61a75bb35b4b5c102ab6988e92c,false,stage07_b01_radartools_five_dtype_v2,03a5a9e2f6cb3af6d8b402d33c46fde5838cae300fea1ab7f1d92294a3677211,operator,pulse_doppler,Task1,Step3,pulse_doppler,pulse_doppler__pd_int8_10e2__751a24a88233665c,pd_int8_10e2,10^2,256,"compressed=[16, 16]",INT8,GPU,fft_thrust,compatibility/end-to-end,PASS,OK,20,100,49,0.418953,true,751a24a88233665c6c010d54114fa1cd0e181b5bf5670c670ca04fb8533ee7b5,32a986a7dba648a338862ea528299e04bf8862ced207f9c5af929b049b81c6eb
1,20260810T024406Z_5e66669d177a_stage07_b01_formal_3cadf28a,formal,20260810T024406Z,5e66669d177af61a75bb35b4b5c102ab6988e92c,false,stage07_b01_radartools_five_dtype_v2,03a5a9e2f6cb3af6d8b402d33c46fde5838cae300fea1ab7f1d92294a3677211,operator,pulse_doppler,Task1,Step3,pulse_doppler,pulse_doppler__pd_int8_10e2__751a24a88233665c,pd_int8_10e2,10^2,256,"compressed=[16, 16]",INT8,GPU,fft_thrust,compatibility/end-to-end,PASS,OK,20,100,50,0.401474,true,751a24a88233665c6c010d54114fa1cd0e181b5bf5670c670ca04fb8533ee7b5,32a986a7dba648a338862ea528299e04bf8862ced207f9c5af929b049b81c6eb
1,20260810T024406Z_5e66669d177a_stage07_b01_formal_3cadf28a,formal,20260810T024406Z,5e66669d177af61a75bb35b4b5c102ab6988e92c,false,stage07_b01_radartools_five_dtype_v2,03a5a9e2f6cb3af6d8b402d33c46fde5838cae300fea1ab7f1d92294a3677211,operator,pulse_doppler,Task1,Step3,pulse_doppler,pulse_doppler__pd_int8_10e2__751a24a88233665c,pd_int8_10e2,10^2,256,"compressed=[16, 16]",INT8,GPU,fft_thrust,compatibility/end-to-end,PASS,OK,20,100,51,0.398584,true,751a24a88233665c6c010d54114fa1cd0e181b5bf5670c670ca04fb8533ee7b5,32a986a7dba648a338862ea528299e04bf8862ced207f9c5af929b049b81c6eb
1,20260810T024406Z_5e66669d177a_stage07_b01_formal_3cadf28a,formal,20260810T024406Z,5e66669d177af61a75bb35b4b5c102ab6988e92c,false,stage07_b01_radartools_five_dtype_v2,03a5a9e2f6cb3af6d8b402d33c46fde5838cae300fea1ab7f1d92294a3677211,operator,pulse_doppler,Task1,Step3,pulse_doppler,pulse_doppler__pd_int8_10e2__751a24a88233665c,pd_int8_10e2,10^2,256,"compressed=[16, 16]",INT8,GPU,fft_thrust,compatibility/end-to-end,PASS,OK,20,100,52,0.402374,true,751a24a88233665c6c010d54114fa1cd0e181b5bf5670c670ca04fb8533ee7b5,32a986a7dba648a338862ea528299e04bf8862ced207f9c5af929b049b81c6eb
1,20260810T024406Z_5e66669d177a_stage07_b01_formal_3cadf28a,formal,20260810T024406Z,5e66669d177af61a75bb35b4b5c102ab6988e92c,false,stage07_b01_radartools_five_dtype_v2,03a5a9e2f6cb3af6d8b402d33c46fde5838cae300fea1ab7f1d92294a3677211,operator,pulse_doppler,Task1,Step3,pulse_doppler,pulse_doppler__pd_int8_10e2__751a24a88233665c,pd_int8_10e2,10^2,256,"compressed=[16, 16]",INT8,GPU,fft_thrust,compatibility/end-to-end,PASS,OK,20,100,53,0.400363,true,751a24a88233665c6c010d54114fa1cd0e181b5bf5670c670ca04fb8533ee7b5,32a986a7dba648a338862ea528299e04bf8862ced207f9c5af929b049b81c6eb
1,20260810T024406Z_5e66669d177a_stage07_b01_formal_3cadf28a,formal,20260810T024406Z,5e66669d177af61a75bb35b4b5c102ab6988e92c,false,stage07_b01_radartools_five_dtype_v2,03a5a9e2f6cb3af6d8b402d33c46fde5838cae300fea1ab7f1d92294a3677211,operator,pulse_doppler,Task1,Step3,pulse_doppler,pulse_doppler__pd_int8_10e2__751a24a88233665c,pd_int8_10e2,10^2,256,"compressed=[16, 16]",INT8,GPU,fft_thrust,compatibility/end-to-end,PASS,OK,20,100,54,0.401414,true,751a24a88233665c6c010d54114fa1cd0e181b5bf5670c670ca04fb8533ee7b5,32a986a7dba648a338862ea528299e04bf8862ced207f9c5af929b049b81c6eb
1,20260810T024406Z_5e66669d177a_stage07_b01_formal_3cadf28a,formal,20260810T024406Z,5e66669d177af61a75bb35b4b5c102ab6988e92c,false,stage07_b01_radartools_five_dtype_v2,03a5a9e2f6cb3af6d8b402d33c46fde5838cae300fea1ab7f1d92294a3677211,operator,pulse_doppler,Task1,Step3,pulse_doppler,pulse_doppler__pd_int8_10e2__751a24a88233665c,pd_int8_10e2,10^2,256,"compressed=[16, 16]",INT8,GPU,fft_thrust,compatibility/end-to-end,PASS,OK,20,100,55,0.413024,true,751a24a88233665c6c010d54114fa1cd0e181b5bf5670c670ca04fb8533ee7b5,32a986a7dba648a338862ea528299e04bf8862ced207f9c5af929b049b81c6eb
1,20260810T024406Z_5e66669d177a_stage07_b01_formal_3cadf28a,formal,20260810T024406Z,5e66669d177af61a75bb35b4b5c102ab6988e92c,false,stage07_b01_radartools_five_dtype_v2,03a5a9e2f6cb3af6d8b402d33c46fde5838cae300fea1ab7f1d92294a3677211,operator,pulse_doppler,Task1,Step3,pulse_doppler,pulse_doppler__pd_int8_10e2__751a24a88233665c,pd_int8_10e2,10^2,256,"compressed=[16, 16]",INT8,GPU,fft_thrust,compatibility/end-to-end,PASS,OK,20,100,56,0.401434,true,751a24a88233665c6c010d54114fa1cd0e181b5bf5670c670ca04fb8533ee7b5,32a986a7dba648a338862ea528299e04bf8862ced207f9c5af929b049b81c6eb
1,20260810T024406Z_5e66669d177a_stage07_b01_formal_3cadf28a,formal,20260810T024406Z,5e66669d177af61a75bb35b4b5c102ab6988e92c,false,stage07_b01_radartools_five_dtype_v2,03a5a9e2f6cb3af6d8b402d33c46fde5838cae300fea1ab7f1d92294a3677211,operator,pulse_doppler,Task1,Step3,pulse_doppler,pulse_doppler__pd_int8_10e2__751a24a88233665c,pd_int8_10e2,10^2,256,"compressed=[16, 16]",INT8,GPU,fft_thrust,compatibility/end-to-end,PASS,OK,20,100,57,0.399623,true,751a24a88233665c6c010d54114fa1cd0e181b5bf5670c670ca04fb8533ee7b5,32a986a7dba648a338862ea528299e04bf8862ced207f9c5af929b049b81c6eb
1,20260810T024406Z_5e66669d177a_stage07_b01_formal_3cadf28a,formal,20260810T024406Z,5e66669d177af61a75bb35b4b5c102ab6988e92c,false,stage07_b01_radartools_five_dtype_v2,03a5a9e2f6cb3af6d8b402d33c46fde5838cae300fea1ab7f1d92294a3677211,operator,pulse_doppler,Task1,Step3,pulse_doppler,pulse_doppler__pd_int8_10e2__751a24a88233665c,pd_int8_10e2,10^2,256,"compressed=[16, 16]",INT8,GPU,fft_thrust,compatibility/end-to-end,PASS,OK,20,100,58,0.398574,true,751a24a88233665c6c010d54114fa1cd0e181b5bf5670c670ca04fb8533ee7b5,32a986a7dba648a338862ea528299e04bf8862ced207f9c5af929b049b81c6eb
1,20260810T024406Z_5e66669d177a_stage07_b01_formal_3cadf28a,formal,20260810T024406Z,5e66669d177af61a75bb35b4b5c102ab6988e92c,false,stage07_b01_radartools_five_dtype_v2,03a5a9e2f6cb3af6d8b402d33c46fde5838cae300fea1ab7f1d92294a3677211,operator,pulse_doppler,Task1,Step3,pulse_doppler,pulse_doppler__pd_int8_10e2__751a24a88233665c,pd_int8_10e2,10^2,256,"compressed=[16, 16]",INT8,GPU,fft_thrust,compatibility/end-to-end,PASS,OK,20,100,59,0.412014,true,751a24a88233665c6c010d54114fa1cd0e181b5bf5670c670ca04fb8533ee7b5,32a986a7dba648a338862ea528299e04bf8862ced207f9c5af929b049b81c6eb
1,20260810T024406Z_5e66669d177a_stage07_b01_formal_3cadf28a,formal,20260810T024406Z,5e66669d177af61a75bb35b4b5c102ab6988e92c,false,stage07_b01_radartools_five_dtype_v2,03a5a9e2f6cb3af6d8b402d33c46fde5838cae300fea1ab7f1d92294a3677211,operator,pulse_doppler,Task1,Step3,pulse_doppler,pulse_doppler__pd_int8_10e2__751a24a88233665c,pd_int8_10e2,10^2,256,"compressed=[16, 16]",INT8,GPU,fft_thrust,compatibility/end-to-end,PASS,OK,20,100,60,0.404433,true,751a24a88233665c6c010d54114fa1cd0e181b5bf5670c670ca04fb8533ee7b5,32a986a7dba648a338862ea528299e04bf8862ced207f9c5af929b049b81c6eb
1,20260810T024406Z_5e66669d177a_stage07_b01_formal_3cadf28a,formal,20260810T024406Z,5e66669d177af61a75bb35b4b5c102ab6988e92c,false,stage07_b01_radartools_five_dtype_v2,03a5a9e2f6cb3af6d8b402d33c46fde5838cae300fea1ab7f1d92294a3677211,operator,pulse_doppler,Task1,Step3,pulse_doppler,pulse_doppler__pd_int8_10e2__751a24a88233665c,pd_int8_10e2,10^2,256,"compressed=[16, 16]",INT8,GPU,fft_thrust,compatibility/end-to-end,PASS,OK,20,100,61,0.399654,true,751a24a88233665c6c010d54114fa1cd0e181b5bf5670c670ca04fb8533ee7b5,32a986a7dba648a338862ea528299e04bf8862ced207f9c5af929b049b81c6eb
1,20260810T024406Z_5e66669d177a_stage07_b01_formal_3cadf28a,formal,20260810T024406Z,5e66669d177af61a75bb35b4b5c102ab6988e92c,false,stage07_b01_radartools_five_dtype_v2,03a5a9e2f6cb3af6d8b402d33c46fde5838cae300fea1ab7f1d92294a3677211,operator,pulse_doppler,Task1,Step3,pulse_doppler,pulse_doppler__pd_int8_10e2__751a24a88233665c,pd_int8_10e2,10^2,256,"compressed=[16, 16]",INT8,GPU,fft_thrust,compatibility/end-to-end,PASS,OK,20,100,62,0.401914,true,751a24a88233665c6c010d54114fa1cd0e181b5bf5670c670ca04fb8533ee7b5,32a986a7dba648a338862ea528299e04bf8862ced207f9c5af929b049b81c6eb
1,20260810T024406Z_5e66669d177a_stage07_b01_formal_3cadf28a,formal,20260810T024406Z,5e66669d177af61a75bb35b4b5c102ab6988e92c,false,stage07_b01_radartools_five_dtype_v2,03a5a9e2f6cb3af6d8b402d33c46fde5838cae300fea1ab7f1d92294a3677211,operator,pulse_doppler,Task1,Step3,pulse_doppler,pulse_doppler__pd_int8_10e2__751a24a88233665c,pd_int8_10e2,10^2,256,"compressed=[16, 16]",INT8,GPU,fft_thrust,compatibility/end-to-end,PASS,OK,20,100,63,0.398753,true,751a24a88233665c6c010d54114fa1cd0e181b5bf5670c670ca04fb8533ee7b5,32a986a7dba648a338862ea528299e04bf8862ced207f9c5af929b049b81c6eb
1,20260810T024406Z_5e66669d177a_stage07_b01_formal_3cadf28a,formal,20260810T024406Z,5e66669d177af61a75bb35b4b5c102ab6988e92c,false,stage07_b01_radartools_five_dtype_v2,03a5a9e2f6cb3af6d8b402d33c46fde5838cae300fea1ab7f1d92294a3677211,operator,pulse_doppler,Task1,Step3,pulse_doppler,pulse_doppler__pd_int8_10e2__751a24a88233665c,pd_int8_10e2,10^2,256,"compressed=[16, 16]",INT8,GPU,fft_thrust,compatibility/end-to-end,PASS,OK,20,100,64,0.400604,true,751a24a88233665c6c010d54114fa1cd0e181b5bf5670c670ca04fb8533ee7b5,32a986a7dba648a338862ea528299e04bf8862ced207f9c5af929b049b81c6eb
1,20260810T024406Z_5e66669d177a_stage07_b01_formal_3cadf28a,formal,20260810T024406Z,5e66669d177af61a75bb35b4b5c102ab6988e92c,false,stage07_b01_radartools_five_dtype_v2,03a5a9e2f6cb3af6d8b402d33c46fde5838cae300fea1ab7f1d92294a3677211,operator,pulse_doppler,Task1,Step3,pulse_doppler,pulse_doppler__pd_int8_10e2__751a24a88233665c,pd_int8_10e2,10^2,256,"compressed=[16, 16]",INT8,GPU,fft_thrust,compatibility/end-to-end,PASS,OK,20,100,65,0.403804,true,751a24a88233665c6c010d54114fa1cd0e181b5bf5670c670ca04fb8533ee7b5,32a986a7dba648a338862ea528299e04bf8862ced207f9c5af929b049b81c6eb
1,20260810T024406Z_5e66669d177a_stage07_b01_formal_3cadf28a,formal,20260810T024406Z,5e66669d177af61a75bb35b4b5c102ab6988e92c,false,stage07_b01_radartools_five_dtype_v2,03a5a9e2f6cb3af6d8b402d33c46fde5838cae300fea1ab7f1d92294a3677211,operator,pulse_doppler,Task1,Step3,pulse_doppler,pulse_doppler__pd_int8_10e2__751a24a88233665c,pd_int8_10e2,10^2,256,"compressed=[16, 16]",INT8,GPU,fft_thrust,compatibility/end-to-end,PASS,OK,20,100,66,0.402414,true,751a24a88233665c6c010d54114fa1cd0e181b5bf5670c670ca04fb8533ee7b5,32a986a7dba648a338862ea528299e04bf8862ced207f9c5af929b049b81c6eb
1,20260810T024406Z_5e66669d177a_stage07_b01_formal_3cadf28a,formal,20260810T024406Z,5e66669d177af61a75bb35b4b5c102ab6988e92c,false,stage07_b01_radartools_five_dtype_v2,03a5a9e2f6cb3af6d8b402d33c46fde5838cae300fea1ab7f1d92294a3677211,operator,pulse_doppler,Task1,Step3,pulse_doppler,pulse_doppler__pd_int8_10e2__751a24a88233665c,pd_int8_10e2,10^2,256,"compressed=[16, 16]",INT8,GPU,fft_thrust,compatibility/end-to-end,PASS,OK,20,100,67,0.404893,true,751a24a88233665c6c010d54114fa1cd0e181b5bf5670c670ca04fb8533ee7b5,32a986a7dba648a338862ea528299e04bf8862ced207f9c5af929b049b81c6eb
1,20260810T024406Z_5e66669d177a_stage07_b01_formal_3cadf28a,formal,20260810T024406Z,5e66669d177af61a75bb35b4b5c102ab6988e92c,false,stage07_b01_radartools_five_dtype_v2,03a5a9e2f6cb3af6d8b402d33c46fde5838cae300fea1ab7f1d92294a3677211,operator,pulse_doppler,Task1,Step3,pulse_doppler,pulse_doppler__pd_int8_10e2__751a24a88233665c,pd_int8_10e2,10^2,256,"compressed=[16, 16]",INT8,GPU,fft_thrust,compatibility/end-to-end,PASS,OK,20,100,68,0.409474,true,751a24a88233665c6c010d54114fa1cd0e181b5bf5670c670ca04fb8533ee7b5,32a986a7dba648a338862ea528299e04bf8862ced207f9c5af929b049b81c6eb
1,20260810T024406Z_5e66669d177a_stage07_b01_formal_3cadf28a,formal,20260810T024406Z,5e66669d177af61a75bb35b4b5c102ab6988e92c,false,stage07_b01_radartools_five_dtype_v2,03a5a9e2f6cb3af6d8b402d33c46fde5838cae300fea1ab7f1d92294a3677211,operator,pulse_doppler,Task1,Step3,pulse_doppler,pulse_doppler__pd_int8_10e2__751a24a88233665c,pd_int8_10e2,10^2,256,"compressed=[16, 16]",INT8,GPU,fft_thrust,compatibility/end-to-end,PASS,OK,20,100,69,0.586676,true,751a24a88233665c6c010d54114fa1cd0e181b5bf5670c670ca04fb8533ee7b5,32a986a7dba648a338862ea528299e04bf8862ced207f9c5af929b049b81c6eb
1,20260810T024406Z_5e66669d177a_stage07_b01_formal_3cadf28a,formal,20260810T024406Z,5e66669d177af61a75bb35b4b5c102ab6988e92c,false,stage07_b01_radartools_five_dtype_v2,03a5a9e2f6cb3af6d8b402d33c46fde5838cae300fea1ab7f1d92294a3677211,operator,pulse_doppler,Task1,Step3,pulse_doppler,pulse_doppler__pd_int8_10e2__751a24a88233665c,pd_int8_10e2,10^2,256,"compressed=[16, 16]",INT8,GPU,fft_thrust,compatibility/end-to-end,PASS,OK,20,100,70,0.414653,true,751a24a88233665c6c010d54114fa1cd0e181b5bf5670c670ca04fb8533ee7b5,32a986a7dba648a338862ea528299e04bf8862ced207f9c5af929b049b81c6eb
1,20260810T024406Z_5e66669d177a_stage07_b01_formal_3cadf28a,formal,20260810T024406Z,5e66669d177af61a75bb35b4b5c102ab6988e92c,false,stage07_b01_radartools_five_dtype_v2,03a5a9e2f6cb3af6d8b402d33c46fde5838cae300fea1ab7f1d92294a3677211,operator,pulse_doppler,Task1,Step3,pulse_doppler,pulse_doppler__pd_int8_10e2__751a24a88233665c,pd_int8_10e2,10^2,256,"compressed=[16, 16]",INT8,GPU,fft_thrust,compatibility/end-to-end,PASS,OK,20,100,71,0.461375,true,751a24a88233665c6c010d54114fa1cd0e181b5bf5670c670ca04fb8533ee7b5,32a986a7dba648a338862ea528299e04bf8862ced207f9c5af929b049b81c6eb
1,20260810T024406Z_5e66669d177a_stage07_b01_formal_3cadf28a,formal,20260810T024406Z,5e66669d177af61a75bb35b4b5c102ab6988e92c,false,stage07_b01_radartools_five_dtype_v2,03a5a9e2f6cb3af6d8b402d33c46fde5838cae300fea1ab7f1d92294a3677211,operator,pulse_doppler,Task1,Step3,pulse_doppler,pulse_doppler__pd_int8_10e2__751a24a88233665c,pd_int8_10e2,10^2,256,"compressed=[16, 16]",INT8,GPU,fft_thrust,compatibility/end-to-end,PASS,OK,20,100,72,0.410673,true,751a24a88233665c6c010d54114fa1cd0e181b5bf5670c670ca04fb8533ee7b5,32a986a7dba648a338862ea528299e04bf8862ced207f9c5af929b049b81c6eb
1,20260810T024406Z_5e66669d177a_stage07_b01_formal_3cadf28a,formal,20260810T024406Z,5e66669d177af61a75bb35b4b5c102ab6988e92c,false,stage07_b01_radartools_five_dtype_v2,03a5a9e2f6cb3af6d8b402d33c46fde5838cae300fea1ab7f1d92294a3677211,operator,pulse_doppler,Task1,Step3,pulse_doppler,pulse_doppler__pd_int8_10e2__751a24a88233665c,pd_int8_10e2,10^2,256,"compressed=[16, 16]",INT8,GPU,fft_thrust,compatibility/end-to-end,PASS,OK,20,100,73,0.411264,true,751a24a88233665c6c010d54114fa1cd0e181b5bf5670c670ca04fb8533ee7b5,32a986a7dba648a338862ea528299e04bf8862ced207f9c5af929b049b81c6eb
1,20260810T024406Z_5e66669d177a_stage07_b01_formal_3cadf28a,formal,20260810T024406Z,5e66669d177af61a75bb35b4b5c102ab6988e92c,false,stage07_b01_radartools_five_dtype_v2,03a5a9e2f6cb3af6d8b402d33c46fde5838cae300fea1ab7f1d92294a3677211,operator,pulse_doppler,Task1,Step3,pulse_doppler,pulse_doppler__pd_int8_10e2__751a24a88233665c,pd_int8_10e2,10^2,256,"compressed=[16, 16]",INT8,GPU,fft_thrust,compatibility/end-to-end,PASS,OK,20,100,74,0.409464,true,751a24a88233665c6c010d54114fa1cd0e181b5bf5670c670ca04fb8533ee7b5,32a986a7dba648a338862ea528299e04bf8862ced207f9c5af929b049b81c6eb
1,20260810T024406Z_5e66669d177a_stage07_b01_formal_3cadf28a,formal,20260810T024406Z,5e66669d177af61a75bb35b4b5c102ab6988e92c,false,stage07_b01_radartools_five_dtype_v2,03a5a9e2f6cb3af6d8b402d33c46fde5838cae300fea1ab7f1d92294a3677211,operator,pulse_doppler,Task1,Step3,pulse_doppler,pulse_doppler__pd_int8_10e2__751a24a88233665c,pd_int8_10e2,10^2,256,"compressed=[16, 16]",INT8,GPU,fft_thrust,compatibility/end-to-end,PASS,OK,20,100,75,0.415314,true,751a24a88233665c6c010d54114fa1cd0e181b5bf5670c670ca04fb8533ee7b5,32a986a7dba648a338862ea528299e04bf8862ced207f9c5af929b049b81c6eb
1,20260810T024406Z_5e66669d177a_stage07_b01_formal_3cadf28a,formal,20260810T024406Z,5e66669d177af61a75bb35b4b5c102ab6988e92c,false,stage07_b01_radartools_five_dtype_v2,03a5a9e2f6cb3af6d8b402d33c46fde5838cae300fea1ab7f1d92294a3677211,operator,pulse_doppler,Task1,Step3,pulse_doppler,pulse_doppler__pd_int8_10e2__751a24a88233665c,pd_int8_10e2,10^2,256,"compressed=[16, 16]",INT8,GPU,fft_thrust,compatibility/end-to-end,PASS,OK,20,100,76,0.519945,true,751a24a88233665c6c010d54114fa1cd0e181b5bf5670c670ca04fb8533ee7b5,32a986a7dba648a338862ea528299e04bf8862ced207f9c5af929b049b81c6eb
1,20260810T024406Z_5e66669d177a_stage07_b01_formal_3cadf28a,formal,20260810T024406Z,5e66669d177af61a75bb35b4b5c102ab6988e92c,false,stage07_b01_radartools_five_dtype_v2,03a5a9e2f6cb3af6d8b402d33c46fde5838cae300fea1ab7f1d92294a3677211,operator,pulse_doppler,Task1,Step3,pulse_doppler,pulse_doppler__pd_int8_10e2__751a24a88233665c,pd_int8_10e2,10^2,256,"compressed=[16, 16]",INT8,GPU,fft_thrust,compatibility/end-to-end,PASS,OK,20,100,77,0.407003,true,751a24a88233665c6c010d54114fa1cd0e181b5bf5670c670ca04fb8533ee7b5,32a986a7dba648a338862ea528299e04bf8862ced207f9c5af929b049b81c6eb
1,20260810T024406Z_5e66669d177a_stage07_b01_formal_3cadf28a,formal,20260810T024406Z,5e66669d177af61a75bb35b4b5c102ab6988e92c,false,stage07_b01_radartools_five_dtype_v2,03a5a9e2f6cb3af6d8b402d33c46fde5838cae300fea1ab7f1d92294a3677211,operator,pulse_doppler,Task1,Step3,pulse_doppler,pulse_doppler__pd_int8_10e2__751a24a88233665c,pd_int8_10e2,10^2,256,"compressed=[16, 16]",INT8,GPU,fft_thrust,compatibility/end-to-end,PASS,OK,20,100,78,0.423004,true,751a24a88233665c6c010d54114fa1cd0e181b5bf5670c670ca04fb8533ee7b5,32a986a7dba648a338862ea528299e04bf8862ced207f9c5af929b049b81c6eb
1,20260810T024406Z_5e66669d177a_stage07_b01_formal_3cadf28a,formal,20260810T024406Z,5e66669d177af61a75bb35b4b5c102ab6988e92c,false,stage07_b01_radartools_five_dtype_v2,03a5a9e2f6cb3af6d8b402d33c46fde5838cae300fea1ab7f1d92294a3677211,operator,pulse_doppler,Task1,Step3,pulse_doppler,pulse_doppler__pd_int8_10e2__751a24a88233665c,pd_int8_10e2,10^2,256,"compressed=[16, 16]",INT8,GPU,fft_thrust,compatibility/end-to-end,PASS,OK,20,100,79,0.402554,true,751a24a88233665c6c010d54114fa1cd0e181b5bf5670c670ca04fb8533ee7b5,32a986a7dba648a338862ea528299e04bf8862ced207f9c5af929b049b81c6eb
1,20260810T024406Z_5e66669d177a_stage07_b01_formal_3cadf28a,formal,20260810T024406Z,5e66669d177af61a75bb35b4b5c102ab6988e92c,false,stage07_b01_radartools_five_dtype_v2,03a5a9e2f6cb3af6d8b402d33c46fde5838cae300fea1ab7f1d92294a3677211,operator,pulse_doppler,Task1,Step3,pulse_doppler,pulse_doppler__pd_int8_10e2__751a24a88233665c,pd_int8_10e2,10^2,256,"compressed=[16, 16]",INT8,GPU,fft_thrust,compatibility/end-to-end,PASS,OK,20,100,80,0.396074,true,751a24a88233665c6c010d54114fa1cd0e181b5bf5670c670ca04fb8533ee7b5,32a986a7dba648a338862ea528299e04bf8862ced207f9c5af929b049b81c6eb
1,20260810T024406Z_5e66669d177a_stage07_b01_formal_3cadf28a,formal,20260810T024406Z,5e66669d177af61a75bb35b4b5c102ab6988e92c,false,stage07_b01_radartools_five_dtype_v2,03a5a9e2f6cb3af6d8b402d33c46fde5838cae300fea1ab7f1d92294a3677211,operator,pulse_doppler,Task1,Step3,pulse_doppler,pulse_doppler__pd_int8_10e2__751a24a88233665c,pd_int8_10e2,10^2,256,"compressed=[16, 16]",INT8,GPU,fft_thrust,compatibility/end-to-end,PASS,OK,20,100,81,0.409803,true,751a24a88233665c6c010d54114fa1cd0e181b5bf5670c670ca04fb8533ee7b5,32a986a7dba648a338862ea528299e04bf8862ced207f9c5af929b049b81c6eb
1,20260810T024406Z_5e66669d177a_stage07_b01_formal_3cadf28a,formal,20260810T024406Z,5e66669d177af61a75bb35b4b5c102ab6988e92c,false,stage07_b01_radartools_five_dtype_v2,03a5a9e2f6cb3af6d8b402d33c46fde5838cae300fea1ab7f1d92294a3677211,operator,pulse_doppler,Task1,Step3,pulse_doppler,pulse_doppler__pd_int8_10e2__751a24a88233665c,pd_int8_10e2,10^2,256,"compressed=[16, 16]",INT8,GPU,fft_thrust,compatibility/end-to-end,PASS,OK,20,100,82,0.404744,true,751a24a88233665c6c010d54114fa1cd0e181b5bf5670c670ca04fb8533ee7b5,32a986a7dba648a338862ea528299e04bf8862ced207f9c5af929b049b81c6eb
1,20260810T024406Z_5e66669d177a_stage07_b01_formal_3cadf28a,formal,20260810T024406Z,5e66669d177af61a75bb35b4b5c102ab6988e92c,false,stage07_b01_radartools_five_dtype_v2,03a5a9e2f6cb3af6d8b402d33c46fde5838cae300fea1ab7f1d92294a3677211,operator,pulse_doppler,Task1,Step3,pulse_doppler,pulse_doppler__pd_int8_10e2__751a24a88233665c,pd_int8_10e2,10^2,256,"compressed=[16, 16]",INT8,GPU,fft_thrust,compatibility/end-to-end,PASS,OK,20,100,83,0.404484,true,751a24a88233665c6c010d54114fa1cd0e181b5bf5670c670ca04fb8533ee7b5,32a986a7dba648a338862ea528299e04bf8862ced207f9c5af929b049b81c6eb
1,20260810T024406Z_5e66669d177a_stage07_b01_formal_3cadf28a,formal,20260810T024406Z,5e66669d177af61a75bb35b4b5c102ab6988e92c,false,stage07_b01_radartools_five_dtype_v2,03a5a9e2f6cb3af6d8b402d33c46fde5838cae300fea1ab7f1d92294a3677211,operator,pulse_doppler,Task1,Step3,pulse_doppler,pulse_doppler__pd_int8_10e2__751a24a88233665c,pd_int8_10e2,10^2,256,"compressed=[16, 16]",INT8,GPU,fft_thrust,compatibility/end-to-end,PASS,OK,20,100,84,0.408584,true,751a24a88233665c6c010d54114fa1cd0e181b5bf5670c670ca04fb8533ee7b5,32a986a7dba648a338862ea528299e04bf8862ced207f9c5af929b049b81c6eb
1,20260810T024406Z_5e66669d177a_stage07_b01_formal_3cadf28a,formal,20260810T024406Z,5e66669d177af61a75bb35b4b5c102ab6988e92c,false,stage07_b01_radartools_five_dtype_v2,03a5a9e2f6cb3af6d8b402d33c46fde5838cae300fea1ab7f1d92294a3677211,operator,pulse_doppler,Task1,Step3,pulse_doppler,pulse_doppler__pd_int8_10e2__751a24a88233665c,pd_int8_10e2,10^2,256,"compressed=[16, 16]",INT8,GPU,fft_thrust,compatibility/end-to-end,PASS,OK,20,100,85,0.410923,true,751a24a88233665c6c010d54114fa1cd0e181b5bf5670c670ca04fb8533ee7b5,32a986a7dba648a338862ea528299e04bf8862ced207f9c5af929b049b81c6eb
1,20260810T024406Z_5e66669d177a_stage07_b01_formal_3cadf28a,formal,20260810T024406Z,5e66669d177af61a75bb35b4b5c102ab6988e92c,false,stage07_b01_radartools_five_dtype_v2,03a5a9e2f6cb3af6d8b402d33c46fde5838cae300fea1ab7f1d92294a3677211,operator,pulse_doppler,Task1,Step3,pulse_doppler,pulse_doppler__pd_int8_10e2__751a24a88233665c,pd_int8_10e2,10^2,256,"compressed=[16, 16]",INT8,GPU,fft_thrust,compatibility/end-to-end,PASS,OK,20,100,86,0.414534,true,751a24a88233665c6c010d54114fa1cd0e181b5bf5670c670ca04fb8533ee7b5,32a986a7dba648a338862ea528299e04bf8862ced207f9c5af929b049b81c6eb
1,20260810T024406Z_5e66669d177a_stage07_b01_formal_3cadf28a,formal,20260810T024406Z,5e66669d177af61a75bb35b4b5c102ab6988e92c,false,stage07_b01_radartools_five_dtype_v2,03a5a9e2f6cb3af6d8b402d33c46fde5838cae300fea1ab7f1d92294a3677211,operator,pulse_doppler,Task1,Step3,pulse_doppler,pulse_doppler__pd_int8_10e2__751a24a88233665c,pd_int8_10e2,10^2,256,"compressed=[16, 16]",INT8,GPU,fft_thrust,compatibility/end-to-end,PASS,OK,20,100,87,0.419474,true,751a24a88233665c6c010d54114fa1cd0e181b5bf5670c670ca04fb8533ee7b5,32a986a7dba648a338862ea528299e04bf8862ced207f9c5af929b049b81c6eb
1,20260810T024406Z_5e66669d177a_stage07_b01_formal_3cadf28a,formal,20260810T024406Z,5e66669d177af61a75bb35b4b5c102ab6988e92c,false,stage07_b01_radartools_five_dtype_v2,03a5a9e2f6cb3af6d8b402d33c46fde5838cae300fea1ab7f1d92294a3677211,operator,pulse_doppler,Task1,Step3,pulse_doppler,pulse_doppler__pd_int8_10e2__751a24a88233665c,pd_int8_10e2,10^2,256,"compressed=[16, 16]",INT8,GPU,fft_thrust,compatibility/end-to-end,PASS,OK,20,100,88,0.444624,true,751a24a88233665c6c010d54114fa1cd0e181b5bf5670c670ca04fb8533ee7b5,32a986a7dba648a338862ea528299e04bf8862ced207f9c5af929b049b81c6eb
1,20260810T024406Z_5e66669d177a_stage07_b01_formal_3cadf28a,formal,20260810T024406Z,5e66669d177af61a75bb35b4b5c102ab6988e92c,false,stage07_b01_radartools_five_dtype_v2,03a5a9e2f6cb3af6d8b402d33c46fde5838cae300fea1ab7f1d92294a3677211,operator,pulse_doppler,Task1,Step3,pulse_doppler,pulse_doppler__pd_int8_10e2__751a24a88233665c,pd_int8_10e2,10^2,256,"compressed=[16, 16]",INT8,GPU,fft_thrust,compatibility/end-to-end,PASS,OK,20,100,89,0.431484,true,751a24a88233665c6c010d54114fa1cd0e181b5bf5670c670ca04fb8533ee7b5,32a986a7dba648a338862ea528299e04bf8862ced207f9c5af929b049b81c6eb
1,20260810T024406Z_5e66669d177a_stage07_b01_formal_3cadf28a,formal,20260810T024406Z,5e66669d177af61a75bb35b4b5c102ab6988e92c,false,stage07_b01_radartools_five_dtype_v2,03a5a9e2f6cb3af6d8b402d33c46fde5838cae300fea1ab7f1d92294a3677211,operator,pulse_doppler,Task1,Step3,pulse_doppler,pulse_doppler__pd_int8_10e2__751a24a88233665c,pd_int8_10e2,10^2,256,"compressed=[16, 16]",INT8,GPU,fft_thrust,compatibility/end-to-end,PASS,OK,20,100,90,0.428204,true,751a24a88233665c6c010d54114fa1cd0e181b5bf5670c670ca04fb8533ee7b5,32a986a7dba648a338862ea528299e04bf8862ced207f9c5af929b049b81c6eb
1,20260810T024406Z_5e66669d177a_stage07_b01_formal_3cadf28a,formal,20260810T024406Z,5e66669d177af61a75bb35b4b5c102ab6988e92c,false,stage07_b01_radartools_five_dtype_v2,03a5a9e2f6cb3af6d8b402d33c46fde5838cae300fea1ab7f1d92294a3677211,operator,pulse_doppler,Task1,Step3,pulse_doppler,pulse_doppler__pd_int8_10e2__751a24a88233665c,pd_int8_10e2,10^2,256,"compressed=[16, 16]",INT8,GPU,fft_thrust,compatibility/end-to-end,PASS,OK,20,100,91,0.426804,true,751a24a88233665c6c010d54114fa1cd0e181b5bf5670c670ca04fb8533ee7b5,32a986a7dba648a338862ea528299e04bf8862ced207f9c5af929b049b81c6eb
1,20260810T024406Z_5e66669d177a_stage07_b01_formal_3cadf28a,formal,20260810T024406Z,5e66669d177af61a75bb35b4b5c102ab6988e92c,false,stage07_b01_radartools_five_dtype_v2,03a5a9e2f6cb3af6d8b402d33c46fde5838cae300fea1ab7f1d92294a3677211,operator,pulse_doppler,Task1,Step3,pulse_doppler,pulse_doppler__pd_int8_10e2__751a24a88233665c,pd_int8_10e2,10^2,256,"compressed=[16, 16]",INT8,GPU,fft_thrust,compatibility/end-to-end,PASS,OK,20,100,92,0.420784,true,751a24a88233665c6c010d54114fa1cd0e181b5bf5670c670ca04fb8533ee7b5,32a986a7dba648a338862ea528299e04bf8862ced207f9c5af929b049b81c6eb
1,20260810T024406Z_5e66669d177a_stage07_b01_formal_3cadf28a,formal,20260810T024406Z,5e66669d177af61a75bb35b4b5c102ab6988e92c,false,stage07_b01_radartools_five_dtype_v2,03a5a9e2f6cb3af6d8b402d33c46fde5838cae300fea1ab7f1d92294a3677211,operator,pulse_doppler,Task1,Step3,pulse_doppler,pulse_doppler__pd_int8_10e2__751a24a88233665c,pd_int8_10e2,10^2,256,"compressed=[16, 16]",INT8,GPU,fft_thrust,compatibility/end-to-end,PASS,OK,20,100,93,0.428094,true,751a24a88233665c6c010d54114fa1cd0e181b5bf5670c670ca04fb8533ee7b5,32a986a7dba648a338862ea528299e04bf8862ced207f9c5af929b049b81c6eb
1,20260810T024406Z_5e66669d177a_stage07_b01_formal_3cadf28a,formal,20260810T024406Z,5e66669d177af61a75bb35b4b5c102ab6988e92c,false,stage07_b01_radartools_five_dtype_v2,03a5a9e2f6cb3af6d8b402d33c46fde5838cae300fea1ab7f1d92294a3677211,operator,pulse_doppler,Task1,Step3,pulse_doppler,pulse_doppler__pd_int8_10e2__751a24a88233665c,pd_int8_10e2,10^2,256,"compressed=[16, 16]",INT8,GPU,fft_thrust,compatibility/end-to-end,PASS,OK,20,100,94,0.425164,true,751a24a88233665c6c010d54114fa1cd0e181b5bf5670c670ca04fb8533ee7b5,32a986a7dba648a338862ea528299e04bf8862ced207f9c5af929b049b81c6eb
1,20260810T024406Z_5e66669d177a_stage07_b01_formal_3cadf28a,formal,20260810T024406Z,5e66669d177af61a75bb35b4b5c102ab6988e92c,false,stage07_b01_radartools_five_dtype_v2,03a5a9e2f6cb3af6d8b402d33c46fde5838cae300fea1ab7f1d92294a3677211,operator,pulse_doppler,Task1,Step3,pulse_doppler,pulse_doppler__pd_int8_10e2__751a24a88233665c,pd_int8_10e2,10^2,256,"compressed=[16, 16]",INT8,GPU,fft_thrust,compatibility/end-to-end,PASS,OK,20,100,95,0.431354,true,751a24a88233665c6c010d54114fa1cd0e181b5bf5670c670ca04fb8533ee7b5,32a986a7dba648a338862ea528299e04bf8862ced207f9c5af929b049b81c6eb
1,20260810T024406Z_5e66669d177a_stage07_b01_formal_3cadf28a,formal,20260810T024406Z,5e66669d177af61a75bb35b4b5c102ab6988e92c,false,stage07_b01_radartools_five_dtype_v2,03a5a9e2f6cb3af6d8b402d33c46fde5838cae300fea1ab7f1d92294a3677211,operator,pulse_doppler,Task1,Step3,pulse_doppler,pulse_doppler__pd_int8_10e2__751a24a88233665c,pd_int8_10e2,10^2,256,"compressed=[16, 16]",INT8,GPU,fft_thrust,compatibility/end-to-end,PASS,OK,20,100,96,0.431934,true,751a24a88233665c6c010d54114fa1cd0e181b5bf5670c670ca04fb8533ee7b5,32a986a7dba648a338862ea528299e04bf8862ced207f9c5af929b049b81c6eb
1,20260810T024406Z_5e66669d177a_stage07_b01_formal_3cadf28a,formal,20260810T024406Z,5e66669d177af61a75bb35b4b5c102ab6988e92c,false,stage07_b01_radartools_five_dtype_v2,03a5a9e2f6cb3af6d8b402d33c46fde5838cae300fea1ab7f1d92294a3677211,operator,pulse_doppler,Task1,Step3,pulse_doppler,pulse_doppler__pd_int8_10e2__751a24a88233665c,pd_int8_10e2,10^2,256,"compressed=[16, 16]",INT8,GPU,fft_thrust,compatibility/end-to-end,PASS,OK,20,100,97,0.417324,true,751a24a88233665c6c010d54114fa1cd0e181b5bf5670c670ca04fb8533ee7b5,32a986a7dba648a338862ea528299e04bf8862ced207f9c5af929b049b81c6eb
1,20260810T024406Z_5e66669d177a_stage07_b01_formal_3cadf28a,formal,20260810T024406Z,5e66669d177af61a75bb35b4b5c102ab6988e92c,false,stage07_b01_radartools_five_dtype_v2,03a5a9e2f6cb3af6d8b402d33c46fde5838cae300fea1ab7f1d92294a3677211,operator,pulse_doppler,Task1,Step3,pulse_doppler,pulse_doppler__pd_int8_10e2__751a24a88233665c,pd_int8_10e2,10^2,256,"compressed=[16, 16]",INT8,GPU,fft_thrust,compatibility/end-to-end,PASS,OK,20,100,98,0.406283,true,751a24a88233665c6c010d54114fa1cd0e181b5bf5670c670ca04fb8533ee7b5,32a986a7dba648a338862ea528299e04bf8862ced207f9c5af929b049b81c6eb
1,20260810T024406Z_5e66669d177a_stage07_b01_formal_3cadf28a,formal,20260810T024406Z,5e66669d177af61a75bb35b4b5c102ab6988e92c,false,stage07_b01_radartools_five_dtype_v2,03a5a9e2f6cb3af6d8b402d33c46fde5838cae300fea1ab7f1d92294a3677211,operator,pulse_doppler,Task1,Step3,pulse_doppler,pulse_doppler__pd_int8_10e2__751a24a88233665c,pd_int8_10e2,10^2,256,"compressed=[16, 16]",INT8,GPU,fft_thrust,compatibility/end-to-end,PASS,OK,20,100,99,0.405974,true,751a24a88233665c6c010d54114fa1cd0e181b5bf5670c670ca04fb8533ee7b5,32a986a7dba648a338862ea528299e04bf8862ced207f9c5af929b049b81c6eb
