detection_mismatch_summary sample_index=0 total=12 valid=12 boundary=0
detection_mismatch sample_index=0 flat_index=18121 doppler=35 range=201 cfar_cell=valid gpu_detection=1 cpu_detection=0 gpu_power=0.1727 cpu_power=0.172697 gpu_threshold=0.171691 cpu_threshold=0.180275
detection_mismatch sample_index=0 flat_index=19231 doppler=37 range=287 cfar_cell=valid gpu_detection=1 cpu_detection=0 gpu_power=0.168287 cpu_power=0.168288 gpu_threshold=0.163106 cpu_threshold=0.171691
detection_mismatch sample_index=0 flat_index=19644 doppler=38 range=188 cfar_cell=valid gpu_detection=0 cpu_detection=1 gpu_power=0.129183 cpu_power=0.12918 gpu_threshold=0.137352 cpu_threshold=0.128768
detection_mismatch sample_index=0 flat_index=24750 doppler=48 range=174 cfar_cell=valid gpu_detection=1 cpu_detection=0 gpu_power=0.134319 cpu_power=0.134313 gpu_threshold=0.113745 cpu_threshold=0.138426
detection_mismatch sample_index=0 flat_index=25261 doppler=49 range=173 cfar_cell=valid gpu_detection=1 cpu_detection=0 gpu_power=0.146269 cpu_power=0.146253 gpu_threshold=0.127427 cpu_threshold=0.157741
detection_mismatch sample_index=0 flat_index=25262 doppler=49 range=174 cfar_cell=valid gpu_detection=1 cpu_detection=0 gpu_power=0.142449 cpu_power=0.142448 gpu_threshold=0.123939 cpu_threshold=0.157741
detection_mismatch sample_index=0 flat_index=26320 doppler=51 range=208 cfar_cell=valid gpu_detection=0 cpu_detection=1 gpu_power=0.0439611 cpu_power=0.0439566 gpu_threshold=0.0515072 cpu_threshold=0.0429226
detection_mismatch sample_index=0 flat_index=28931 doppler=56 range=259 cfar_cell=valid gpu_detection=0 cpu_detection=1 gpu_power=0.138231 cpu_power=0.138231 gpu_threshold=0.145937 cpu_threshold=0.137352
detection_mismatch sample_index=0 flat_index=29363 doppler=57 range=179 cfar_cell=valid gpu_detection=0 cpu_detection=1 gpu_power=0.0749506 cpu_power=0.074951 gpu_threshold=0.103014 cpu_threshold=0.0600917
detection_mismatch sample_index=0 flat_index=29364 doppler=57 range=180 cfar_cell=valid gpu_detection=0 cpu_detection=1 gpu_power=0.0856762 cpu_power=0.0856767 gpu_threshold=0.111599 cpu_threshold=0.0686762
detection_mismatch sample_index=0 flat_index=29365 doppler=57 range=181 cfar_cell=valid gpu_detection=0 cpu_detection=1 gpu_power=0.0966618 cpu_power=0.0966604 gpu_threshold=0.128768 cpu_threshold=0.0858453
detection_mismatch sample_index=0 flat_index=30934 doppler=60 range=214 cfar_cell=valid gpu_detection=0 cpu_detection=1 gpu_power=0.100427 cpu_power=0.100427 gpu_threshold=0.103014 cpu_threshold=0.0944298
sample_index=0 step=step1 cpu_ms=2.42173 gpu_ms=1.0096 relative_l2=2.10803e-06 cpu_heap_peak=7100496 cpu_rss_peak=80203776 gpu_peak=357777408 status=PASS
sample_index=0 step=step2 cpu_ms=135.507 gpu_ms=1.61841 relative_l2=2.54296e-07 cpu_heap_peak=7362832 cpu_rss_peak=80744448 gpu_peak=357777408 status=PASS
sample_index=0 step=step3 cpu_ms=172.627 gpu_ms=1.09683 relative_l2=6.76648e-07 cpu_heap_peak=7625120 cpu_rss_peak=81555456 gpu_peak=357777408 status=PASS
sample_index=0 step=step4 cpu_ms=3.52307 gpu_ms=1.07622 relative_l2=1.91856e-07 cpu_heap_peak=7953104 cpu_rss_peak=81555456 gpu_peak=357777408 status=PASS
sample_index=0 step=step5 cpu_ms=415.918 gpu_ms=6.12078 relative_l2=2.43858e-07 cpu_heap_peak=8479536 cpu_rss_peak=82096128 gpu_peak=357777408 status=PASS
sample_index=0 cpu_pipeline_ms=730.201 gpu_pipeline_ms=11.4473 cuda_event_aux_sum_ms=6.38517 relative_l2=2.25882e-06 relative_linf=9.58014e-06 detection_mismatch_count=12 valid_detection_mismatch_count=12 boundary_detection_mismatch_count=0 mse=1.4118e-05 rmse=0.0037574 formal_relative_l2=2.25882e-06 formal_relative_linf=9.8883e-06 semantic_gates=5/5 accuracy_status=PASS
detection_mismatch_summary sample_index=1 total=12 valid=12 boundary=0
detection_mismatch sample_index=1 flat_index=18121 doppler=35 range=201 cfar_cell=valid gpu_detection=1 cpu_detection=0 gpu_power=0.1727 cpu_power=0.172697 gpu_threshold=0.171691 cpu_threshold=0.180275
detection_mismatch sample_index=1 flat_index=19231 doppler=37 range=287 cfar_cell=valid gpu_detection=1 cpu_detection=0 gpu_power=0.168287 cpu_power=0.168288 gpu_threshold=0.163106 cpu_threshold=0.171691
detection_mismatch sample_index=1 flat_index=19644 doppler=38 range=188 cfar_cell=valid gpu_detection=0 cpu_detection=1 gpu_power=0.129183 cpu_power=0.12918 gpu_threshold=0.137352 cpu_threshold=0.128768
detection_mismatch sample_index=1 flat_index=24750 doppler=48 range=174 cfar_cell=valid gpu_detection=1 cpu_detection=0 gpu_power=0.134319 cpu_power=0.134313 gpu_threshold=0.113745 cpu_threshold=0.138426
detection_mismatch sample_index=1 flat_index=25261 doppler=49 range=173 cfar_cell=valid gpu_detection=1 cpu_detection=0 gpu_power=0.146269 cpu_power=0.146253 gpu_threshold=0.127427 cpu_threshold=0.157741
detection_mismatch sample_index=1 flat_index=25262 doppler=49 range=174 cfar_cell=valid gpu_detection=1 cpu_detection=0 gpu_power=0.142449 cpu_power=0.142448 gpu_threshold=0.123939 cpu_threshold=0.157741
detection_mismatch sample_index=1 flat_index=26320 doppler=51 range=208 cfar_cell=valid gpu_detection=0 cpu_detection=1 gpu_power=0.0439611 cpu_power=0.0439566 gpu_threshold=0.0515072 cpu_threshold=0.0429226
detection_mismatch sample_index=1 flat_index=28931 doppler=56 range=259 cfar_cell=valid gpu_detection=0 cpu_detection=1 gpu_power=0.138231 cpu_power=0.138231 gpu_threshold=0.145937 cpu_threshold=0.137352
detection_mismatch sample_index=1 flat_index=29363 doppler=57 range=179 cfar_cell=valid gpu_detection=0 cpu_detection=1 gpu_power=0.0749506 cpu_power=0.074951 gpu_threshold=0.103014 cpu_threshold=0.0600917
detection_mismatch sample_index=1 flat_index=29364 doppler=57 range=180 cfar_cell=valid gpu_detection=0 cpu_detection=1 gpu_power=0.0856762 cpu_power=0.0856767 gpu_threshold=0.111599 cpu_threshold=0.0686762
detection_mismatch sample_index=1 flat_index=29365 doppler=57 range=181 cfar_cell=valid gpu_detection=0 cpu_detection=1 gpu_power=0.0966618 cpu_power=0.0966604 gpu_threshold=0.128768 cpu_threshold=0.0858453
detection_mismatch sample_index=1 flat_index=30934 doppler=60 range=214 cfar_cell=valid gpu_detection=0 cpu_detection=1 gpu_power=0.100427 cpu_power=0.100427 gpu_threshold=0.103014 cpu_threshold=0.0944298
sample_index=1 step=step1 cpu_ms=2.41972 gpu_ms=0.882816 relative_l2=2.10803e-06 cpu_heap_peak=7108432 cpu_rss_peak=84107264 gpu_peak=357777408 status=PASS
sample_index=1 step=step2 cpu_ms=135.597 gpu_ms=1.44928 relative_l2=2.54296e-07 cpu_heap_peak=7370592 cpu_rss_peak=84107264 gpu_peak=357777408 status=PASS
sample_index=1 step=step3 cpu_ms=173.016 gpu_ms=1.01436 relative_l2=6.76648e-07 cpu_heap_peak=7632864 cpu_rss_peak=84107264 gpu_peak=357777408 status=PASS
sample_index=1 step=step4 cpu_ms=3.52878 gpu_ms=1.03915 relative_l2=1.91856e-07 cpu_heap_peak=7960880 cpu_rss_peak=84107264 gpu_peak=357777408 status=PASS
sample_index=1 step=step5 cpu_ms=416.036 gpu_ms=6.07622 relative_l2=2.43858e-07 cpu_heap_peak=8487280 cpu_rss_peak=84107264 gpu_peak=357777408 status=PASS
sample_index=1 cpu_pipeline_ms=730.8 gpu_pipeline_ms=10.9802 cuda_event_aux_sum_ms=6.43121 relative_l2=2.25882e-06 relative_linf=9.58014e-06 detection_mismatch_count=12 valid_detection_mismatch_count=12 boundary_detection_mismatch_count=0 mse=1.4118e-05 rmse=0.0037574 formal_relative_l2=2.25882e-06 formal_relative_linf=9.8883e-06 semantic_gates=5/5 accuracy_status=PASS
detection_mismatch_summary sample_index=2 total=12 valid=12 boundary=0
detection_mismatch sample_index=2 flat_index=18121 doppler=35 range=201 cfar_cell=valid gpu_detection=1 cpu_detection=0 gpu_power=0.1727 cpu_power=0.172697 gpu_threshold=0.171691 cpu_threshold=0.180275
detection_mismatch sample_index=2 flat_index=19231 doppler=37 range=287 cfar_cell=valid gpu_detection=1 cpu_detection=0 gpu_power=0.168287 cpu_power=0.168288 gpu_threshold=0.163106 cpu_threshold=0.171691
detection_mismatch sample_index=2 flat_index=19644 doppler=38 range=188 cfar_cell=valid gpu_detection=0 cpu_detection=1 gpu_power=0.129183 cpu_power=0.12918 gpu_threshold=0.137352 cpu_threshold=0.128768
detection_mismatch sample_index=2 flat_index=24750 doppler=48 range=174 cfar_cell=valid gpu_detection=1 cpu_detection=0 gpu_power=0.134319 cpu_power=0.134313 gpu_threshold=0.113745 cpu_threshold=0.138426
detection_mismatch sample_index=2 flat_index=25261 doppler=49 range=173 cfar_cell=valid gpu_detection=1 cpu_detection=0 gpu_power=0.146269 cpu_power=0.146253 gpu_threshold=0.127427 cpu_threshold=0.157741
detection_mismatch sample_index=2 flat_index=25262 doppler=49 range=174 cfar_cell=valid gpu_detection=1 cpu_detection=0 gpu_power=0.142449 cpu_power=0.142448 gpu_threshold=0.123939 cpu_threshold=0.157741
detection_mismatch sample_index=2 flat_index=26320 doppler=51 range=208 cfar_cell=valid gpu_detection=0 cpu_detection=1 gpu_power=0.0439611 cpu_power=0.0439566 gpu_threshold=0.0515072 cpu_threshold=0.0429226
detection_mismatch sample_index=2 flat_index=28931 doppler=56 range=259 cfar_cell=valid gpu_detection=0 cpu_detection=1 gpu_power=0.138231 cpu_power=0.138231 gpu_threshold=0.145937 cpu_threshold=0.137352
detection_mismatch sample_index=2 flat_index=29363 doppler=57 range=179 cfar_cell=valid gpu_detection=0 cpu_detection=1 gpu_power=0.0749506 cpu_power=0.074951 gpu_threshold=0.103014 cpu_threshold=0.0600917
detection_mismatch sample_index=2 flat_index=29364 doppler=57 range=180 cfar_cell=valid gpu_detection=0 cpu_detection=1 gpu_power=0.0856762 cpu_power=0.0856767 gpu_threshold=0.111599 cpu_threshold=0.0686762
detection_mismatch sample_index=2 flat_index=29365 doppler=57 range=181 cfar_cell=valid gpu_detection=0 cpu_detection=1 gpu_power=0.0966618 cpu_power=0.0966604 gpu_threshold=0.128768 cpu_threshold=0.0858453
detection_mismatch sample_index=2 flat_index=30934 doppler=60 range=214 cfar_cell=valid gpu_detection=0 cpu_detection=1 gpu_power=0.100427 cpu_power=0.100427 gpu_threshold=0.103014 cpu_threshold=0.0944298
sample_index=2 step=step1 cpu_ms=2.42956 gpu_ms=0.901585 relative_l2=2.10803e-06 cpu_heap_peak=7111536 cpu_rss_peak=84062208 gpu_peak=357777408 status=PASS
sample_index=2 step=step2 cpu_ms=135.63 gpu_ms=1.50053 relative_l2=2.54296e-07 cpu_heap_peak=7373760 cpu_rss_peak=84062208 gpu_peak=357777408 status=PASS
sample_index=2 step=step3 cpu_ms=172.981 gpu_ms=1.01952 relative_l2=6.76648e-07 cpu_heap_peak=7636048 cpu_rss_peak=84107264 gpu_peak=357777408 status=PASS
sample_index=2 step=step4 cpu_ms=3.52428 gpu_ms=1.09064 relative_l2=1.91856e-07 cpu_heap_peak=7964016 cpu_rss_peak=84107264 gpu_peak=357777408 status=PASS
sample_index=2 step=step5 cpu_ms=418.04 gpu_ms=6.15311 relative_l2=2.43858e-07 cpu_heap_peak=8490416 cpu_rss_peak=84107264 gpu_peak=357777408 status=PASS
sample_index=2 cpu_pipeline_ms=732.803 gpu_pipeline_ms=11.1925 cuda_event_aux_sum_ms=6.46833 relative_l2=2.25882e-06 relative_linf=9.58014e-06 detection_mismatch_count=12 valid_detection_mismatch_count=12 boundary_detection_mismatch_count=0 mse=1.4118e-05 rmse=0.0037574 formal_relative_l2=2.25882e-06 formal_relative_linf=9.8883e-06 semantic_gates=5/5 accuracy_status=PASS
detection_mismatch_summary sample_index=3 total=12 valid=12 boundary=0
detection_mismatch sample_index=3 flat_index=18121 doppler=35 range=201 cfar_cell=valid gpu_detection=1 cpu_detection=0 gpu_power=0.1727 cpu_power=0.172697 gpu_threshold=0.171691 cpu_threshold=0.180275
detection_mismatch sample_index=3 flat_index=19231 doppler=37 range=287 cfar_cell=valid gpu_detection=1 cpu_detection=0 gpu_power=0.168287 cpu_power=0.168288 gpu_threshold=0.163106 cpu_threshold=0.171691
detection_mismatch sample_index=3 flat_index=19644 doppler=38 range=188 cfar_cell=valid gpu_detection=0 cpu_detection=1 gpu_power=0.129183 cpu_power=0.12918 gpu_threshold=0.137352 cpu_threshold=0.128768
detection_mismatch sample_index=3 flat_index=24750 doppler=48 range=174 cfar_cell=valid gpu_detection=1 cpu_detection=0 gpu_power=0.134319 cpu_power=0.134313 gpu_threshold=0.113745 cpu_threshold=0.138426
detection_mismatch sample_index=3 flat_index=25261 doppler=49 range=173 cfar_cell=valid gpu_detection=1 cpu_detection=0 gpu_power=0.146269 cpu_power=0.146253 gpu_threshold=0.127427 cpu_threshold=0.157741
detection_mismatch sample_index=3 flat_index=25262 doppler=49 range=174 cfar_cell=valid gpu_detection=1 cpu_detection=0 gpu_power=0.142449 cpu_power=0.142448 gpu_threshold=0.123939 cpu_threshold=0.157741
detection_mismatch sample_index=3 flat_index=26320 doppler=51 range=208 cfar_cell=valid gpu_detection=0 cpu_detection=1 gpu_power=0.0439611 cpu_power=0.0439566 gpu_threshold=0.0515072 cpu_threshold=0.0429226
detection_mismatch sample_index=3 flat_index=28931 doppler=56 range=259 cfar_cell=valid gpu_detection=0 cpu_detection=1 gpu_power=0.138231 cpu_power=0.138231 gpu_threshold=0.145937 cpu_threshold=0.137352
detection_mismatch sample_index=3 flat_index=29363 doppler=57 range=179 cfar_cell=valid gpu_detection=0 cpu_detection=1 gpu_power=0.0749506 cpu_power=0.074951 gpu_threshold=0.103014 cpu_threshold=0.0600917
detection_mismatch sample_index=3 flat_index=29364 doppler=57 range=180 cfar_cell=valid gpu_detection=0 cpu_detection=1 gpu_power=0.0856762 cpu_power=0.0856767 gpu_threshold=0.111599 cpu_threshold=0.0686762
detection_mismatch sample_index=3 flat_index=29365 doppler=57 range=181 cfar_cell=valid gpu_detection=0 cpu_detection=1 gpu_power=0.0966618 cpu_power=0.0966604 gpu_threshold=0.128768 cpu_threshold=0.0858453
detection_mismatch sample_index=3 flat_index=30934 doppler=60 range=214 cfar_cell=valid gpu_detection=0 cpu_detection=1 gpu_power=0.100427 cpu_power=0.100427 gpu_threshold=0.103014 cpu_threshold=0.0944298
sample_index=3 step=step1 cpu_ms=2.51219 gpu_ms=0.990576 relative_l2=2.10803e-06 cpu_heap_peak=7113456 cpu_rss_peak=84086784 gpu_peak=357777408 status=PASS
sample_index=3 step=step2 cpu_ms=135.593 gpu_ms=1.48407 relative_l2=2.54296e-07 cpu_heap_peak=7375776 cpu_rss_peak=84086784 gpu_peak=357777408 status=PASS
sample_index=3 step=step3 cpu_ms=173.021 gpu_ms=1.01573 relative_l2=6.76648e-07 cpu_heap_peak=7638032 cpu_rss_peak=84086784 gpu_peak=357777408 status=PASS
sample_index=3 step=step4 cpu_ms=3.52887 gpu_ms=1.07635 relative_l2=1.91856e-07 cpu_heap_peak=7966048 cpu_rss_peak=84086784 gpu_peak=357777408 status=PASS
sample_index=3 step=step5 cpu_ms=424.093 gpu_ms=6.17799 relative_l2=2.43858e-07 cpu_heap_peak=8492464 cpu_rss_peak=84086784 gpu_peak=357777408 status=PASS
sample_index=3 cpu_pipeline_ms=738.947 gpu_pipeline_ms=11.2917 cuda_event_aux_sum_ms=6.52456 relative_l2=2.25882e-06 relative_linf=9.58014e-06 detection_mismatch_count=12 valid_detection_mismatch_count=12 boundary_detection_mismatch_count=0 mse=1.4118e-05 rmse=0.0037574 formal_relative_l2=2.25882e-06 formal_relative_linf=9.8883e-06 semantic_gates=5/5 accuracy_status=PASS
detection_mismatch_summary sample_index=4 total=12 valid=12 boundary=0
detection_mismatch sample_index=4 flat_index=18121 doppler=35 range=201 cfar_cell=valid gpu_detection=1 cpu_detection=0 gpu_power=0.1727 cpu_power=0.172697 gpu_threshold=0.171691 cpu_threshold=0.180275
detection_mismatch sample_index=4 flat_index=19231 doppler=37 range=287 cfar_cell=valid gpu_detection=1 cpu_detection=0 gpu_power=0.168287 cpu_power=0.168288 gpu_threshold=0.163106 cpu_threshold=0.171691
detection_mismatch sample_index=4 flat_index=19644 doppler=38 range=188 cfar_cell=valid gpu_detection=0 cpu_detection=1 gpu_power=0.129183 cpu_power=0.12918 gpu_threshold=0.137352 cpu_threshold=0.128768
detection_mismatch sample_index=4 flat_index=24750 doppler=48 range=174 cfar_cell=valid gpu_detection=1 cpu_detection=0 gpu_power=0.134319 cpu_power=0.134313 gpu_threshold=0.113745 cpu_threshold=0.138426
detection_mismatch sample_index=4 flat_index=25261 doppler=49 range=173 cfar_cell=valid gpu_detection=1 cpu_detection=0 gpu_power=0.146269 cpu_power=0.146253 gpu_threshold=0.127427 cpu_threshold=0.157741
detection_mismatch sample_index=4 flat_index=25262 doppler=49 range=174 cfar_cell=valid gpu_detection=1 cpu_detection=0 gpu_power=0.142449 cpu_power=0.142448 gpu_threshold=0.123939 cpu_threshold=0.157741
detection_mismatch sample_index=4 flat_index=26320 doppler=51 range=208 cfar_cell=valid gpu_detection=0 cpu_detection=1 gpu_power=0.0439611 cpu_power=0.0439566 gpu_threshold=0.0515072 cpu_threshold=0.0429226
detection_mismatch sample_index=4 flat_index=28931 doppler=56 range=259 cfar_cell=valid gpu_detection=0 cpu_detection=1 gpu_power=0.138231 cpu_power=0.138231 gpu_threshold=0.145937 cpu_threshold=0.137352
detection_mismatch sample_index=4 flat_index=29363 doppler=57 range=179 cfar_cell=valid gpu_detection=0 cpu_detection=1 gpu_power=0.0749506 cpu_power=0.074951 gpu_threshold=0.103014 cpu_threshold=0.0600917
detection_mismatch sample_index=4 flat_index=29364 doppler=57 range=180 cfar_cell=valid gpu_detection=0 cpu_detection=1 gpu_power=0.0856762 cpu_power=0.0856767 gpu_threshold=0.111599 cpu_threshold=0.0686762
detection_mismatch sample_index=4 flat_index=29365 doppler=57 range=181 cfar_cell=valid gpu_detection=0 cpu_detection=1 gpu_power=0.0966618 cpu_power=0.0966604 gpu_threshold=0.128768 cpu_threshold=0.0858453
detection_mismatch sample_index=4 flat_index=30934 doppler=60 range=214 cfar_cell=valid gpu_detection=0 cpu_detection=1 gpu_power=0.100427 cpu_power=0.100427 gpu_threshold=0.103014 cpu_threshold=0.0944298
sample_index=4 step=step1 cpu_ms=2.42983 gpu_ms=0.884635 relative_l2=2.10803e-06 cpu_heap_peak=7113904 cpu_rss_peak=84107264 gpu_peak=357777408 status=PASS
sample_index=4 step=step2 cpu_ms=137.056 gpu_ms=1.45561 relative_l2=2.54296e-07 cpu_heap_peak=7376224 cpu_rss_peak=84107264 gpu_peak=357777408 status=PASS
sample_index=4 step=step3 cpu_ms=173.083 gpu_ms=1.0265 relative_l2=6.76648e-07 cpu_heap_peak=7638512 cpu_rss_peak=84107264 gpu_peak=357777408 status=PASS
sample_index=4 step=step4 cpu_ms=3.52102 gpu_ms=1.08333 relative_l2=1.91856e-07 cpu_heap_peak=7966480 cpu_rss_peak=84107264 gpu_peak=357777408 status=PASS
sample_index=4 step=step5 cpu_ms=416.965 gpu_ms=6.09433 relative_l2=2.43858e-07 cpu_heap_peak=8492896 cpu_rss_peak=84107264 gpu_peak=357777408 status=PASS
sample_index=4 cpu_pipeline_ms=733.253 gpu_pipeline_ms=11.0702 cuda_event_aux_sum_ms=6.42227 relative_l2=2.25882e-06 relative_linf=9.58014e-06 detection_mismatch_count=12 valid_detection_mismatch_count=12 boundary_detection_mismatch_count=0 mse=1.4118e-05 rmse=0.0037574 formal_relative_l2=2.25882e-06 formal_relative_linf=9.8883e-06 semantic_gates=5/5 accuracy_status=PASS
detection_mismatch_summary sample_index=5 total=12 valid=12 boundary=0
detection_mismatch sample_index=5 flat_index=18121 doppler=35 range=201 cfar_cell=valid gpu_detection=1 cpu_detection=0 gpu_power=0.1727 cpu_power=0.172697 gpu_threshold=0.171691 cpu_threshold=0.180275
detection_mismatch sample_index=5 flat_index=19231 doppler=37 range=287 cfar_cell=valid gpu_detection=1 cpu_detection=0 gpu_power=0.168287 cpu_power=0.168288 gpu_threshold=0.163106 cpu_threshold=0.171691
detection_mismatch sample_index=5 flat_index=19644 doppler=38 range=188 cfar_cell=valid gpu_detection=0 cpu_detection=1 gpu_power=0.129183 cpu_power=0.12918 gpu_threshold=0.137352 cpu_threshold=0.128768
detection_mismatch sample_index=5 flat_index=24750 doppler=48 range=174 cfar_cell=valid gpu_detection=1 cpu_detection=0 gpu_power=0.134319 cpu_power=0.134313 gpu_threshold=0.113745 cpu_threshold=0.138426
detection_mismatch sample_index=5 flat_index=25261 doppler=49 range=173 cfar_cell=valid gpu_detection=1 cpu_detection=0 gpu_power=0.146269 cpu_power=0.146253 gpu_threshold=0.127427 cpu_threshold=0.157741
detection_mismatch sample_index=5 flat_index=25262 doppler=49 range=174 cfar_cell=valid gpu_detection=1 cpu_detection=0 gpu_power=0.142449 cpu_power=0.142448 gpu_threshold=0.123939 cpu_threshold=0.157741
detection_mismatch sample_index=5 flat_index=26320 doppler=51 range=208 cfar_cell=valid gpu_detection=0 cpu_detection=1 gpu_power=0.0439611 cpu_power=0.0439566 gpu_threshold=0.0515072 cpu_threshold=0.0429226
detection_mismatch sample_index=5 flat_index=28931 doppler=56 range=259 cfar_cell=valid gpu_detection=0 cpu_detection=1 gpu_power=0.138231 cpu_power=0.138231 gpu_threshold=0.145937 cpu_threshold=0.137352
detection_mismatch sample_index=5 flat_index=29363 doppler=57 range=179 cfar_cell=valid gpu_detection=0 cpu_detection=1 gpu_power=0.0749506 cpu_power=0.074951 gpu_threshold=0.103014 cpu_threshold=0.0600917
detection_mismatch sample_index=5 flat_index=29364 doppler=57 range=180 cfar_cell=valid gpu_detection=0 cpu_detection=1 gpu_power=0.0856762 cpu_power=0.0856767 gpu_threshold=0.111599 cpu_threshold=0.0686762
detection_mismatch sample_index=5 flat_index=29365 doppler=57 range=181 cfar_cell=valid gpu_detection=0 cpu_detection=1 gpu_power=0.0966618 cpu_power=0.0966604 gpu_threshold=0.128768 cpu_threshold=0.0858453
detection_mismatch sample_index=5 flat_index=30934 doppler=60 range=214 cfar_cell=valid gpu_detection=0 cpu_detection=1 gpu_power=0.100427 cpu_power=0.100427 gpu_threshold=0.103014 cpu_threshold=0.0944298
sample_index=5 step=step1 cpu_ms=2.43616 gpu_ms=0.891805 relative_l2=2.10803e-06 cpu_heap_peak=7117584 cpu_rss_peak=84099072 gpu_peak=357777408 status=PASS
sample_index=5 step=step2 cpu_ms=135.663 gpu_ms=1.47986 relative_l2=2.54296e-07 cpu_heap_peak=7379856 cpu_rss_peak=84099072 gpu_peak=357777408 status=PASS
sample_index=5 step=step3 cpu_ms=172.903 gpu_ms=1.02422 relative_l2=6.76648e-07 cpu_heap_peak=7642144 cpu_rss_peak=84099072 gpu_peak=357777408 status=PASS
sample_index=5 step=step4 cpu_ms=3.53679 gpu_ms=1.06806 relative_l2=1.91856e-07 cpu_heap_peak=7970128 cpu_rss_peak=84099072 gpu_peak=357777408 status=PASS
sample_index=5 step=step5 cpu_ms=415.94 gpu_ms=6.09532 relative_l2=2.43858e-07 cpu_heap_peak=8496544 cpu_rss_peak=84099072 gpu_peak=357777408 status=PASS
sample_index=5 cpu_pipeline_ms=730.68 gpu_pipeline_ms=11.0905 cuda_event_aux_sum_ms=6.43768 relative_l2=2.25882e-06 relative_linf=9.58014e-06 detection_mismatch_count=12 valid_detection_mismatch_count=12 boundary_detection_mismatch_count=0 mse=1.4118e-05 rmse=0.0037574 formal_relative_l2=2.25882e-06 formal_relative_linf=9.8883e-06 semantic_gates=5/5 accuracy_status=PASS
detection_mismatch_summary sample_index=6 total=12 valid=12 boundary=0
detection_mismatch sample_index=6 flat_index=18121 doppler=35 range=201 cfar_cell=valid gpu_detection=1 cpu_detection=0 gpu_power=0.1727 cpu_power=0.172697 gpu_threshold=0.171691 cpu_threshold=0.180275
detection_mismatch sample_index=6 flat_index=19231 doppler=37 range=287 cfar_cell=valid gpu_detection=1 cpu_detection=0 gpu_power=0.168287 cpu_power=0.168288 gpu_threshold=0.163106 cpu_threshold=0.171691
detection_mismatch sample_index=6 flat_index=19644 doppler=38 range=188 cfar_cell=valid gpu_detection=0 cpu_detection=1 gpu_power=0.129183 cpu_power=0.12918 gpu_threshold=0.137352 cpu_threshold=0.128768
detection_mismatch sample_index=6 flat_index=24750 doppler=48 range=174 cfar_cell=valid gpu_detection=1 cpu_detection=0 gpu_power=0.134319 cpu_power=0.134313 gpu_threshold=0.113745 cpu_threshold=0.138426
detection_mismatch sample_index=6 flat_index=25261 doppler=49 range=173 cfar_cell=valid gpu_detection=1 cpu_detection=0 gpu_power=0.146269 cpu_power=0.146253 gpu_threshold=0.127427 cpu_threshold=0.157741
detection_mismatch sample_index=6 flat_index=25262 doppler=49 range=174 cfar_cell=valid gpu_detection=1 cpu_detection=0 gpu_power=0.142449 cpu_power=0.142448 gpu_threshold=0.123939 cpu_threshold=0.157741
detection_mismatch sample_index=6 flat_index=26320 doppler=51 range=208 cfar_cell=valid gpu_detection=0 cpu_detection=1 gpu_power=0.0439611 cpu_power=0.0439566 gpu_threshold=0.0515072 cpu_threshold=0.0429226
detection_mismatch sample_index=6 flat_index=28931 doppler=56 range=259 cfar_cell=valid gpu_detection=0 cpu_detection=1 gpu_power=0.138231 cpu_power=0.138231 gpu_threshold=0.145937 cpu_threshold=0.137352
detection_mismatch sample_index=6 flat_index=29363 doppler=57 range=179 cfar_cell=valid gpu_detection=0 cpu_detection=1 gpu_power=0.0749506 cpu_power=0.074951 gpu_threshold=0.103014 cpu_threshold=0.0600917
detection_mismatch sample_index=6 flat_index=29364 doppler=57 range=180 cfar_cell=valid gpu_detection=0 cpu_detection=1 gpu_power=0.0856762 cpu_power=0.0856767 gpu_threshold=0.111599 cpu_threshold=0.0686762
detection_mismatch sample_index=6 flat_index=29365 doppler=57 range=181 cfar_cell=valid gpu_detection=0 cpu_detection=1 gpu_power=0.0966618 cpu_power=0.0966604 gpu_threshold=0.128768 cpu_threshold=0.0858453
detection_mismatch sample_index=6 flat_index=30934 doppler=60 range=214 cfar_cell=valid gpu_detection=0 cpu_detection=1 gpu_power=0.100427 cpu_power=0.100427 gpu_threshold=0.103014 cpu_threshold=0.0944298
sample_index=6 step=step1 cpu_ms=2.43787 gpu_ms=0.884665 relative_l2=2.10803e-06 cpu_heap_peak=7117072 cpu_rss_peak=84107264 gpu_peak=357777408 status=PASS
sample_index=6 step=step2 cpu_ms=135.508 gpu_ms=1.45569 relative_l2=2.54296e-07 cpu_heap_peak=7379360 cpu_rss_peak=84107264 gpu_peak=357777408 status=PASS
sample_index=6 step=step3 cpu_ms=172.918 gpu_ms=1.03596 relative_l2=6.76648e-07 cpu_heap_peak=7641648 cpu_rss_peak=84107264 gpu_peak=357777408 status=PASS
sample_index=6 step=step4 cpu_ms=3.53187 gpu_ms=1.07061 relative_l2=1.91856e-07 cpu_heap_peak=7969616 cpu_rss_peak=84107264 gpu_peak=357777408 status=PASS
sample_index=6 step=step5 cpu_ms=416.521 gpu_ms=6.07526 relative_l2=2.43858e-07 cpu_heap_peak=8496032 cpu_rss_peak=84107264 gpu_peak=357777408 status=PASS
sample_index=6 cpu_pipeline_ms=731.115 gpu_pipeline_ms=11.1755 cuda_event_aux_sum_ms=6.43978 relative_l2=2.25882e-06 relative_linf=9.58014e-06 detection_mismatch_count=12 valid_detection_mismatch_count=12 boundary_detection_mismatch_count=0 mse=1.4118e-05 rmse=0.0037574 formal_relative_l2=2.25882e-06 formal_relative_linf=9.8883e-06 semantic_gates=5/5 accuracy_status=PASS
detection_mismatch_summary sample_index=7 total=12 valid=12 boundary=0
detection_mismatch sample_index=7 flat_index=18121 doppler=35 range=201 cfar_cell=valid gpu_detection=1 cpu_detection=0 gpu_power=0.1727 cpu_power=0.172697 gpu_threshold=0.171691 cpu_threshold=0.180275
detection_mismatch sample_index=7 flat_index=19231 doppler=37 range=287 cfar_cell=valid gpu_detection=1 cpu_detection=0 gpu_power=0.168287 cpu_power=0.168288 gpu_threshold=0.163106 cpu_threshold=0.171691
detection_mismatch sample_index=7 flat_index=19644 doppler=38 range=188 cfar_cell=valid gpu_detection=0 cpu_detection=1 gpu_power=0.129183 cpu_power=0.12918 gpu_threshold=0.137352 cpu_threshold=0.128768
detection_mismatch sample_index=7 flat_index=24750 doppler=48 range=174 cfar_cell=valid gpu_detection=1 cpu_detection=0 gpu_power=0.134319 cpu_power=0.134313 gpu_threshold=0.113745 cpu_threshold=0.138426
detection_mismatch sample_index=7 flat_index=25261 doppler=49 range=173 cfar_cell=valid gpu_detection=1 cpu_detection=0 gpu_power=0.146269 cpu_power=0.146253 gpu_threshold=0.127427 cpu_threshold=0.157741
detection_mismatch sample_index=7 flat_index=25262 doppler=49 range=174 cfar_cell=valid gpu_detection=1 cpu_detection=0 gpu_power=0.142449 cpu_power=0.142448 gpu_threshold=0.123939 cpu_threshold=0.157741
detection_mismatch sample_index=7 flat_index=26320 doppler=51 range=208 cfar_cell=valid gpu_detection=0 cpu_detection=1 gpu_power=0.0439611 cpu_power=0.0439566 gpu_threshold=0.0515072 cpu_threshold=0.0429226
detection_mismatch sample_index=7 flat_index=28931 doppler=56 range=259 cfar_cell=valid gpu_detection=0 cpu_detection=1 gpu_power=0.138231 cpu_power=0.138231 gpu_threshold=0.145937 cpu_threshold=0.137352
detection_mismatch sample_index=7 flat_index=29363 doppler=57 range=179 cfar_cell=valid gpu_detection=0 cpu_detection=1 gpu_power=0.0749506 cpu_power=0.074951 gpu_threshold=0.103014 cpu_threshold=0.0600917
detection_mismatch sample_index=7 flat_index=29364 doppler=57 range=180 cfar_cell=valid gpu_detection=0 cpu_detection=1 gpu_power=0.0856762 cpu_power=0.0856767 gpu_threshold=0.111599 cpu_threshold=0.0686762
detection_mismatch sample_index=7 flat_index=29365 doppler=57 range=181 cfar_cell=valid gpu_detection=0 cpu_detection=1 gpu_power=0.0966618 cpu_power=0.0966604 gpu_threshold=0.128768 cpu_threshold=0.0858453
detection_mismatch sample_index=7 flat_index=30934 doppler=60 range=214 cfar_cell=valid gpu_detection=0 cpu_detection=1 gpu_power=0.100427 cpu_power=0.100427 gpu_threshold=0.103014 cpu_threshold=0.0944298
sample_index=7 step=step1 cpu_ms=2.4347 gpu_ms=0.896746 relative_l2=2.10803e-06 cpu_heap_peak=7120048 cpu_rss_peak=84086784 gpu_peak=357777408 status=PASS
sample_index=7 step=step2 cpu_ms=139.753 gpu_ms=1.54933 relative_l2=2.54296e-07 cpu_heap_peak=7382304 cpu_rss_peak=84086784 gpu_peak=357777408 status=PASS
sample_index=7 step=step3 cpu_ms=172.811 gpu_ms=1.02077 relative_l2=6.76648e-07 cpu_heap_peak=7644608 cpu_rss_peak=84086784 gpu_peak=357777408 status=PASS
sample_index=7 step=step4 cpu_ms=3.52809 gpu_ms=1.07291 relative_l2=1.91856e-07 cpu_heap_peak=7972576 cpu_rss_peak=84086784 gpu_peak=357777408 status=PASS
sample_index=7 step=step5 cpu_ms=416.383 gpu_ms=6.1092 relative_l2=2.43858e-07 cpu_heap_peak=8498992 cpu_rss_peak=84086784 gpu_peak=357777408 status=PASS
sample_index=7 cpu_pipeline_ms=735.112 gpu_pipeline_ms=11.172 cuda_event_aux_sum_ms=6.44959 relative_l2=2.25882e-06 relative_linf=9.58014e-06 detection_mismatch_count=12 valid_detection_mismatch_count=12 boundary_detection_mismatch_count=0 mse=1.4118e-05 rmse=0.0037574 formal_relative_l2=2.25882e-06 formal_relative_linf=9.8883e-06 semantic_gates=5/5 accuracy_status=PASS
detection_mismatch_summary sample_index=8 total=12 valid=12 boundary=0
detection_mismatch sample_index=8 flat_index=18121 doppler=35 range=201 cfar_cell=valid gpu_detection=1 cpu_detection=0 gpu_power=0.1727 cpu_power=0.172697 gpu_threshold=0.171691 cpu_threshold=0.180275
detection_mismatch sample_index=8 flat_index=19231 doppler=37 range=287 cfar_cell=valid gpu_detection=1 cpu_detection=0 gpu_power=0.168287 cpu_power=0.168288 gpu_threshold=0.163106 cpu_threshold=0.171691
detection_mismatch sample_index=8 flat_index=19644 doppler=38 range=188 cfar_cell=valid gpu_detection=0 cpu_detection=1 gpu_power=0.129183 cpu_power=0.12918 gpu_threshold=0.137352 cpu_threshold=0.128768
detection_mismatch sample_index=8 flat_index=24750 doppler=48 range=174 cfar_cell=valid gpu_detection=1 cpu_detection=0 gpu_power=0.134319 cpu_power=0.134313 gpu_threshold=0.113745 cpu_threshold=0.138426
detection_mismatch sample_index=8 flat_index=25261 doppler=49 range=173 cfar_cell=valid gpu_detection=1 cpu_detection=0 gpu_power=0.146269 cpu_power=0.146253 gpu_threshold=0.127427 cpu_threshold=0.157741
detection_mismatch sample_index=8 flat_index=25262 doppler=49 range=174 cfar_cell=valid gpu_detection=1 cpu_detection=0 gpu_power=0.142449 cpu_power=0.142448 gpu_threshold=0.123939 cpu_threshold=0.157741
detection_mismatch sample_index=8 flat_index=26320 doppler=51 range=208 cfar_cell=valid gpu_detection=0 cpu_detection=1 gpu_power=0.0439611 cpu_power=0.0439566 gpu_threshold=0.0515072 cpu_threshold=0.0429226
detection_mismatch sample_index=8 flat_index=28931 doppler=56 range=259 cfar_cell=valid gpu_detection=0 cpu_detection=1 gpu_power=0.138231 cpu_power=0.138231 gpu_threshold=0.145937 cpu_threshold=0.137352
detection_mismatch sample_index=8 flat_index=29363 doppler=57 range=179 cfar_cell=valid gpu_detection=0 cpu_detection=1 gpu_power=0.0749506 cpu_power=0.074951 gpu_threshold=0.103014 cpu_threshold=0.0600917
detection_mismatch sample_index=8 flat_index=29364 doppler=57 range=180 cfar_cell=valid gpu_detection=0 cpu_detection=1 gpu_power=0.0856762 cpu_power=0.0856767 gpu_threshold=0.111599 cpu_threshold=0.0686762
detection_mismatch sample_index=8 flat_index=29365 doppler=57 range=181 cfar_cell=valid gpu_detection=0 cpu_detection=1 gpu_power=0.0966618 cpu_power=0.0966604 gpu_threshold=0.128768 cpu_threshold=0.0858453
detection_mismatch sample_index=8 flat_index=30934 doppler=60 range=214 cfar_cell=valid gpu_detection=0 cpu_detection=1 gpu_power=0.100427 cpu_power=0.100427 gpu_threshold=0.103014 cpu_threshold=0.0944298
sample_index=8 step=step1 cpu_ms=2.41759 gpu_ms=0.880446 relative_l2=2.10803e-06 cpu_heap_peak=7118576 cpu_rss_peak=83959808 gpu_peak=357777408 status=PASS
sample_index=8 step=step2 cpu_ms=135.539 gpu_ms=1.45581 relative_l2=2.54296e-07 cpu_heap_peak=7380896 cpu_rss_peak=83959808 gpu_peak=357777408 status=PASS
sample_index=8 step=step3 cpu_ms=172.794 gpu_ms=1.01611 relative_l2=6.76648e-07 cpu_heap_peak=7643200 cpu_rss_peak=83959808 gpu_peak=357777408 status=PASS
sample_index=8 step=step4 cpu_ms=3.52312 gpu_ms=1.07022 relative_l2=1.91856e-07 cpu_heap_peak=7971168 cpu_rss_peak=83959808 gpu_peak=357777408 status=PASS
sample_index=8 step=step5 cpu_ms=415.573 gpu_ms=6.06639 relative_l2=2.43858e-07 cpu_heap_peak=8497568 cpu_rss_peak=83959808 gpu_peak=357777408 status=PASS
sample_index=8 cpu_pipeline_ms=730.046 gpu_pipeline_ms=11.0059 cuda_event_aux_sum_ms=6.4219 relative_l2=2.25882e-06 relative_linf=9.58014e-06 detection_mismatch_count=12 valid_detection_mismatch_count=12 boundary_detection_mismatch_count=0 mse=1.4118e-05 rmse=0.0037574 formal_relative_l2=2.25882e-06 formal_relative_linf=9.8883e-06 semantic_gates=5/5 accuracy_status=PASS
detection_mismatch_summary sample_index=9 total=12 valid=12 boundary=0
detection_mismatch sample_index=9 flat_index=18121 doppler=35 range=201 cfar_cell=valid gpu_detection=1 cpu_detection=0 gpu_power=0.1727 cpu_power=0.172697 gpu_threshold=0.171691 cpu_threshold=0.180275
detection_mismatch sample_index=9 flat_index=19231 doppler=37 range=287 cfar_cell=valid gpu_detection=1 cpu_detection=0 gpu_power=0.168287 cpu_power=0.168288 gpu_threshold=0.163106 cpu_threshold=0.171691
detection_mismatch sample_index=9 flat_index=19644 doppler=38 range=188 cfar_cell=valid gpu_detection=0 cpu_detection=1 gpu_power=0.129183 cpu_power=0.12918 gpu_threshold=0.137352 cpu_threshold=0.128768
detection_mismatch sample_index=9 flat_index=24750 doppler=48 range=174 cfar_cell=valid gpu_detection=1 cpu_detection=0 gpu_power=0.134319 cpu_power=0.134313 gpu_threshold=0.113745 cpu_threshold=0.138426
detection_mismatch sample_index=9 flat_index=25261 doppler=49 range=173 cfar_cell=valid gpu_detection=1 cpu_detection=0 gpu_power=0.146269 cpu_power=0.146253 gpu_threshold=0.127427 cpu_threshold=0.157741
detection_mismatch sample_index=9 flat_index=25262 doppler=49 range=174 cfar_cell=valid gpu_detection=1 cpu_detection=0 gpu_power=0.142449 cpu_power=0.142448 gpu_threshold=0.123939 cpu_threshold=0.157741
detection_mismatch sample_index=9 flat_index=26320 doppler=51 range=208 cfar_cell=valid gpu_detection=0 cpu_detection=1 gpu_power=0.0439611 cpu_power=0.0439566 gpu_threshold=0.0515072 cpu_threshold=0.0429226
detection_mismatch sample_index=9 flat_index=28931 doppler=56 range=259 cfar_cell=valid gpu_detection=0 cpu_detection=1 gpu_power=0.138231 cpu_power=0.138231 gpu_threshold=0.145937 cpu_threshold=0.137352
detection_mismatch sample_index=9 flat_index=29363 doppler=57 range=179 cfar_cell=valid gpu_detection=0 cpu_detection=1 gpu_power=0.0749506 cpu_power=0.074951 gpu_threshold=0.103014 cpu_threshold=0.0600917
detection_mismatch sample_index=9 flat_index=29364 doppler=57 range=180 cfar_cell=valid gpu_detection=0 cpu_detection=1 gpu_power=0.0856762 cpu_power=0.0856767 gpu_threshold=0.111599 cpu_threshold=0.0686762
detection_mismatch sample_index=9 flat_index=29365 doppler=57 range=181 cfar_cell=valid gpu_detection=0 cpu_detection=1 gpu_power=0.0966618 cpu_power=0.0966604 gpu_threshold=0.128768 cpu_threshold=0.0858453
detection_mismatch sample_index=9 flat_index=30934 doppler=60 range=214 cfar_cell=valid gpu_detection=0 cpu_detection=1 gpu_power=0.100427 cpu_power=0.100427 gpu_threshold=0.103014 cpu_threshold=0.0944298
sample_index=9 step=step1 cpu_ms=2.43019 gpu_ms=0.879125 relative_l2=2.10803e-06 cpu_heap_peak=7124672 cpu_rss_peak=84107264 gpu_peak=357777408 status=PASS
sample_index=9 step=step2 cpu_ms=135.48 gpu_ms=1.53882 relative_l2=2.54296e-07 cpu_heap_peak=7386992 cpu_rss_peak=84107264 gpu_peak=357777408 status=PASS
sample_index=9 step=step3 cpu_ms=173.172 gpu_ms=1.05721 relative_l2=6.76648e-07 cpu_heap_peak=7649280 cpu_rss_peak=84107264 gpu_peak=357777408 status=PASS
sample_index=9 step=step4 cpu_ms=3.76541 gpu_ms=1.11354 relative_l2=1.91856e-07 cpu_heap_peak=7977264 cpu_rss_peak=84107264 gpu_peak=357777408 status=PASS
sample_index=9 step=step5 cpu_ms=416.356 gpu_ms=6.14539 relative_l2=2.43858e-07 cpu_heap_peak=8503680 cpu_rss_peak=84107264 gpu_peak=357777408 status=PASS
sample_index=9 cpu_pipeline_ms=731.407 gpu_pipeline_ms=11.2829 cuda_event_aux_sum_ms=6.43232 relative_l2=2.25882e-06 relative_linf=9.58014e-06 detection_mismatch_count=12 valid_detection_mismatch_count=12 boundary_detection_mismatch_count=0 mse=1.4118e-05 rmse=0.0037574 formal_relative_l2=2.25882e-06 formal_relative_linf=9.8883e-06 semantic_gates=5/5 accuracy_status=PASS
detection_mismatch_summary sample_index=10 total=12 valid=12 boundary=0
detection_mismatch sample_index=10 flat_index=18121 doppler=35 range=201 cfar_cell=valid gpu_detection=1 cpu_detection=0 gpu_power=0.1727 cpu_power=0.172697 gpu_threshold=0.171691 cpu_threshold=0.180275
detection_mismatch sample_index=10 flat_index=19231 doppler=37 range=287 cfar_cell=valid gpu_detection=1 cpu_detection=0 gpu_power=0.168287 cpu_power=0.168288 gpu_threshold=0.163106 cpu_threshold=0.171691
detection_mismatch sample_index=10 flat_index=19644 doppler=38 range=188 cfar_cell=valid gpu_detection=0 cpu_detection=1 gpu_power=0.129183 cpu_power=0.12918 gpu_threshold=0.137352 cpu_threshold=0.128768
detection_mismatch sample_index=10 flat_index=24750 doppler=48 range=174 cfar_cell=valid gpu_detection=1 cpu_detection=0 gpu_power=0.134319 cpu_power=0.134313 gpu_threshold=0.113745 cpu_threshold=0.138426
detection_mismatch sample_index=10 flat_index=25261 doppler=49 range=173 cfar_cell=valid gpu_detection=1 cpu_detection=0 gpu_power=0.146269 cpu_power=0.146253 gpu_threshold=0.127427 cpu_threshold=0.157741
detection_mismatch sample_index=10 flat_index=25262 doppler=49 range=174 cfar_cell=valid gpu_detection=1 cpu_detection=0 gpu_power=0.142449 cpu_power=0.142448 gpu_threshold=0.123939 cpu_threshold=0.157741
detection_mismatch sample_index=10 flat_index=26320 doppler=51 range=208 cfar_cell=valid gpu_detection=0 cpu_detection=1 gpu_power=0.0439611 cpu_power=0.0439566 gpu_threshold=0.0515072 cpu_threshold=0.0429226
detection_mismatch sample_index=10 flat_index=28931 doppler=56 range=259 cfar_cell=valid gpu_detection=0 cpu_detection=1 gpu_power=0.138231 cpu_power=0.138231 gpu_threshold=0.145937 cpu_threshold=0.137352
detection_mismatch sample_index=10 flat_index=29363 doppler=57 range=179 cfar_cell=valid gpu_detection=0 cpu_detection=1 gpu_power=0.0749506 cpu_power=0.074951 gpu_threshold=0.103014 cpu_threshold=0.0600917
detection_mismatch sample_index=10 flat_index=29364 doppler=57 range=180 cfar_cell=valid gpu_detection=0 cpu_detection=1 gpu_power=0.0856762 cpu_power=0.0856767 gpu_threshold=0.111599 cpu_threshold=0.0686762
detection_mismatch sample_index=10 flat_index=29365 doppler=57 range=181 cfar_cell=valid gpu_detection=0 cpu_detection=1 gpu_power=0.0966618 cpu_power=0.0966604 gpu_threshold=0.128768 cpu_threshold=0.0858453
detection_mismatch sample_index=10 flat_index=30934 doppler=60 range=214 cfar_cell=valid gpu_detection=0 cpu_detection=1 gpu_power=0.100427 cpu_power=0.100427 gpu_threshold=0.103014 cpu_threshold=0.0944298
sample_index=10 step=step1 cpu_ms=2.43744 gpu_ms=0.886455 relative_l2=2.10803e-06 cpu_heap_peak=7123952 cpu_rss_peak=83959808 gpu_peak=357777408 status=PASS
sample_index=10 step=step2 cpu_ms=135.431 gpu_ms=1.49297 relative_l2=2.54296e-07 cpu_heap_peak=7386272 cpu_rss_peak=83959808 gpu_peak=357777408 status=PASS
sample_index=10 step=step3 cpu_ms=173.049 gpu_ms=1.0441 relative_l2=6.76648e-07 cpu_heap_peak=7648560 cpu_rss_peak=83959808 gpu_peak=357777408 status=PASS
sample_index=10 step=step4 cpu_ms=3.53169 gpu_ms=1.09799 relative_l2=1.91856e-07 cpu_heap_peak=7976512 cpu_rss_peak=83959808 gpu_peak=357777408 status=PASS
sample_index=10 step=step5 cpu_ms=415.998 gpu_ms=6.21706 relative_l2=2.43858e-07 cpu_heap_peak=8502976 cpu_rss_peak=83959808 gpu_peak=357777408 status=PASS
sample_index=10 cpu_pipeline_ms=730.65 gpu_pipeline_ms=11.3655 cuda_event_aux_sum_ms=6.60786 relative_l2=2.25882e-06 relative_linf=9.58014e-06 detection_mismatch_count=12 valid_detection_mismatch_count=12 boundary_detection_mismatch_count=0 mse=1.4118e-05 rmse=0.0037574 formal_relative_l2=2.25882e-06 formal_relative_linf=9.8883e-06 semantic_gates=5/5 accuracy_status=PASS
detection_mismatch_summary sample_index=11 total=12 valid=12 boundary=0
detection_mismatch sample_index=11 flat_index=18121 doppler=35 range=201 cfar_cell=valid gpu_detection=1 cpu_detection=0 gpu_power=0.1727 cpu_power=0.172697 gpu_threshold=0.171691 cpu_threshold=0.180275
detection_mismatch sample_index=11 flat_index=19231 doppler=37 range=287 cfar_cell=valid gpu_detection=1 cpu_detection=0 gpu_power=0.168287 cpu_power=0.168288 gpu_threshold=0.163106 cpu_threshold=0.171691
detection_mismatch sample_index=11 flat_index=19644 doppler=38 range=188 cfar_cell=valid gpu_detection=0 cpu_detection=1 gpu_power=0.129183 cpu_power=0.12918 gpu_threshold=0.137352 cpu_threshold=0.128768
detection_mismatch sample_index=11 flat_index=24750 doppler=48 range=174 cfar_cell=valid gpu_detection=1 cpu_detection=0 gpu_power=0.134319 cpu_power=0.134313 gpu_threshold=0.113745 cpu_threshold=0.138426
detection_mismatch sample_index=11 flat_index=25261 doppler=49 range=173 cfar_cell=valid gpu_detection=1 cpu_detection=0 gpu_power=0.146269 cpu_power=0.146253 gpu_threshold=0.127427 cpu_threshold=0.157741
detection_mismatch sample_index=11 flat_index=25262 doppler=49 range=174 cfar_cell=valid gpu_detection=1 cpu_detection=0 gpu_power=0.142449 cpu_power=0.142448 gpu_threshold=0.123939 cpu_threshold=0.157741
detection_mismatch sample_index=11 flat_index=26320 doppler=51 range=208 cfar_cell=valid gpu_detection=0 cpu_detection=1 gpu_power=0.0439611 cpu_power=0.0439566 gpu_threshold=0.0515072 cpu_threshold=0.0429226
detection_mismatch sample_index=11 flat_index=28931 doppler=56 range=259 cfar_cell=valid gpu_detection=0 cpu_detection=1 gpu_power=0.138231 cpu_power=0.138231 gpu_threshold=0.145937 cpu_threshold=0.137352
detection_mismatch sample_index=11 flat_index=29363 doppler=57 range=179 cfar_cell=valid gpu_detection=0 cpu_detection=1 gpu_power=0.0749506 cpu_power=0.074951 gpu_threshold=0.103014 cpu_threshold=0.0600917
detection_mismatch sample_index=11 flat_index=29364 doppler=57 range=180 cfar_cell=valid gpu_detection=0 cpu_detection=1 gpu_power=0.0856762 cpu_power=0.0856767 gpu_threshold=0.111599 cpu_threshold=0.0686762
detection_mismatch sample_index=11 flat_index=29365 doppler=57 range=181 cfar_cell=valid gpu_detection=0 cpu_detection=1 gpu_power=0.0966618 cpu_power=0.0966604 gpu_threshold=0.128768 cpu_threshold=0.0858453
detection_mismatch sample_index=11 flat_index=30934 doppler=60 range=214 cfar_cell=valid gpu_detection=0 cpu_detection=1 gpu_power=0.100427 cpu_power=0.100427 gpu_threshold=0.103014 cpu_threshold=0.0944298
sample_index=11 step=step1 cpu_ms=2.43133 gpu_ms=0.898446 relative_l2=2.10803e-06 cpu_heap_peak=7124912 cpu_rss_peak=83963904 gpu_peak=357777408 status=PASS
sample_index=11 step=step2 cpu_ms=135.413 gpu_ms=1.46437 relative_l2=2.54296e-07 cpu_heap_peak=7387200 cpu_rss_peak=83963904 gpu_peak=357777408 status=PASS
sample_index=11 step=step3 cpu_ms=172.854 gpu_ms=1.03088 relative_l2=6.76648e-07 cpu_heap_peak=7649536 cpu_rss_peak=83963904 gpu_peak=357777408 status=PASS
sample_index=11 step=step4 cpu_ms=3.53005 gpu_ms=1.08602 relative_l2=1.91856e-07 cpu_heap_peak=7977488 cpu_rss_peak=83963904 gpu_peak=357777408 status=PASS
sample_index=11 step=step5 cpu_ms=416.04 gpu_ms=6.19089 relative_l2=2.43858e-07 cpu_heap_peak=8503952 cpu_rss_peak=83963904 gpu_peak=357777408 status=PASS
sample_index=11 cpu_pipeline_ms=730.471 gpu_pipeline_ms=11.2618 cuda_event_aux_sum_ms=6.53845 relative_l2=2.25882e-06 relative_linf=9.58014e-06 detection_mismatch_count=12 valid_detection_mismatch_count=12 boundary_detection_mismatch_count=0 mse=1.4118e-05 rmse=0.0037574 formal_relative_l2=2.25882e-06 formal_relative_linf=9.8883e-06 semantic_gates=5/5 accuracy_status=PASS
detection_mismatch_summary sample_index=12 total=12 valid=12 boundary=0
detection_mismatch sample_index=12 flat_index=18121 doppler=35 range=201 cfar_cell=valid gpu_detection=1 cpu_detection=0 gpu_power=0.1727 cpu_power=0.172697 gpu_threshold=0.171691 cpu_threshold=0.180275
detection_mismatch sample_index=12 flat_index=19231 doppler=37 range=287 cfar_cell=valid gpu_detection=1 cpu_detection=0 gpu_power=0.168287 cpu_power=0.168288 gpu_threshold=0.163106 cpu_threshold=0.171691
detection_mismatch sample_index=12 flat_index=19644 doppler=38 range=188 cfar_cell=valid gpu_detection=0 cpu_detection=1 gpu_power=0.129183 cpu_power=0.12918 gpu_threshold=0.137352 cpu_threshold=0.128768
detection_mismatch sample_index=12 flat_index=24750 doppler=48 range=174 cfar_cell=valid gpu_detection=1 cpu_detection=0 gpu_power=0.134319 cpu_power=0.134313 gpu_threshold=0.113745 cpu_threshold=0.138426
detection_mismatch sample_index=12 flat_index=25261 doppler=49 range=173 cfar_cell=valid gpu_detection=1 cpu_detection=0 gpu_power=0.146269 cpu_power=0.146253 gpu_threshold=0.127427 cpu_threshold=0.157741
detection_mismatch sample_index=12 flat_index=25262 doppler=49 range=174 cfar_cell=valid gpu_detection=1 cpu_detection=0 gpu_power=0.142449 cpu_power=0.142448 gpu_threshold=0.123939 cpu_threshold=0.157741
detection_mismatch sample_index=12 flat_index=26320 doppler=51 range=208 cfar_cell=valid gpu_detection=0 cpu_detection=1 gpu_power=0.0439611 cpu_power=0.0439566 gpu_threshold=0.0515072 cpu_threshold=0.0429226
detection_mismatch sample_index=12 flat_index=28931 doppler=56 range=259 cfar_cell=valid gpu_detection=0 cpu_detection=1 gpu_power=0.138231 cpu_power=0.138231 gpu_threshold=0.145937 cpu_threshold=0.137352
detection_mismatch sample_index=12 flat_index=29363 doppler=57 range=179 cfar_cell=valid gpu_detection=0 cpu_detection=1 gpu_power=0.0749506 cpu_power=0.074951 gpu_threshold=0.103014 cpu_threshold=0.0600917
detection_mismatch sample_index=12 flat_index=29364 doppler=57 range=180 cfar_cell=valid gpu_detection=0 cpu_detection=1 gpu_power=0.0856762 cpu_power=0.0856767 gpu_threshold=0.111599 cpu_threshold=0.0686762
detection_mismatch sample_index=12 flat_index=29365 doppler=57 range=181 cfar_cell=valid gpu_detection=0 cpu_detection=1 gpu_power=0.0966618 cpu_power=0.0966604 gpu_threshold=0.128768 cpu_threshold=0.0858453
detection_mismatch sample_index=12 flat_index=30934 doppler=60 range=214 cfar_cell=valid gpu_detection=0 cpu_detection=1 gpu_power=0.100427 cpu_power=0.100427 gpu_threshold=0.103014 cpu_threshold=0.0944298
sample_index=12 step=step1 cpu_ms=2.44067 gpu_ms=0.889566 relative_l2=2.10803e-06 cpu_heap_peak=7126656 cpu_rss_peak=84115456 gpu_peak=357777408 status=PASS
sample_index=12 step=step2 cpu_ms=135.63 gpu_ms=1.49643 relative_l2=2.54296e-07 cpu_heap_peak=7388992 cpu_rss_peak=84115456 gpu_peak=357777408 status=PASS
sample_index=12 step=step3 cpu_ms=173.047 gpu_ms=1.02973 relative_l2=6.76648e-07 cpu_heap_peak=7651280 cpu_rss_peak=84115456 gpu_peak=357777408 status=PASS
sample_index=12 step=step4 cpu_ms=3.52627 gpu_ms=1.08335 relative_l2=1.91856e-07 cpu_heap_peak=7979248 cpu_rss_peak=84115456 gpu_peak=357777408 status=PASS
sample_index=12 step=step5 cpu_ms=416.918 gpu_ms=6.20751 relative_l2=2.43858e-07 cpu_heap_peak=8505664 cpu_rss_peak=84115456 gpu_peak=357777408 status=PASS
sample_index=12 cpu_pipeline_ms=731.762 gpu_pipeline_ms=11.3308 cuda_event_aux_sum_ms=6.61654 relative_l2=2.25882e-06 relative_linf=9.58014e-06 detection_mismatch_count=12 valid_detection_mismatch_count=12 boundary_detection_mismatch_count=0 mse=1.4118e-05 rmse=0.0037574 formal_relative_l2=2.25882e-06 formal_relative_linf=9.8883e-06 semantic_gates=5/5 accuracy_status=PASS
detection_mismatch_summary sample_index=13 total=12 valid=12 boundary=0
detection_mismatch sample_index=13 flat_index=18121 doppler=35 range=201 cfar_cell=valid gpu_detection=1 cpu_detection=0 gpu_power=0.1727 cpu_power=0.172697 gpu_threshold=0.171691 cpu_threshold=0.180275
detection_mismatch sample_index=13 flat_index=19231 doppler=37 range=287 cfar_cell=valid gpu_detection=1 cpu_detection=0 gpu_power=0.168287 cpu_power=0.168288 gpu_threshold=0.163106 cpu_threshold=0.171691
detection_mismatch sample_index=13 flat_index=19644 doppler=38 range=188 cfar_cell=valid gpu_detection=0 cpu_detection=1 gpu_power=0.129183 cpu_power=0.12918 gpu_threshold=0.137352 cpu_threshold=0.128768
detection_mismatch sample_index=13 flat_index=24750 doppler=48 range=174 cfar_cell=valid gpu_detection=1 cpu_detection=0 gpu_power=0.134319 cpu_power=0.134313 gpu_threshold=0.113745 cpu_threshold=0.138426
detection_mismatch sample_index=13 flat_index=25261 doppler=49 range=173 cfar_cell=valid gpu_detection=1 cpu_detection=0 gpu_power=0.146269 cpu_power=0.146253 gpu_threshold=0.127427 cpu_threshold=0.157741
detection_mismatch sample_index=13 flat_index=25262 doppler=49 range=174 cfar_cell=valid gpu_detection=1 cpu_detection=0 gpu_power=0.142449 cpu_power=0.142448 gpu_threshold=0.123939 cpu_threshold=0.157741
detection_mismatch sample_index=13 flat_index=26320 doppler=51 range=208 cfar_cell=valid gpu_detection=0 cpu_detection=1 gpu_power=0.0439611 cpu_power=0.0439566 gpu_threshold=0.0515072 cpu_threshold=0.0429226
detection_mismatch sample_index=13 flat_index=28931 doppler=56 range=259 cfar_cell=valid gpu_detection=0 cpu_detection=1 gpu_power=0.138231 cpu_power=0.138231 gpu_threshold=0.145937 cpu_threshold=0.137352
detection_mismatch sample_index=13 flat_index=29363 doppler=57 range=179 cfar_cell=valid gpu_detection=0 cpu_detection=1 gpu_power=0.0749506 cpu_power=0.074951 gpu_threshold=0.103014 cpu_threshold=0.0600917
detection_mismatch sample_index=13 flat_index=29364 doppler=57 range=180 cfar_cell=valid gpu_detection=0 cpu_detection=1 gpu_power=0.0856762 cpu_power=0.0856767 gpu_threshold=0.111599 cpu_threshold=0.0686762
detection_mismatch sample_index=13 flat_index=29365 doppler=57 range=181 cfar_cell=valid gpu_detection=0 cpu_detection=1 gpu_power=0.0966618 cpu_power=0.0966604 gpu_threshold=0.128768 cpu_threshold=0.0858453
detection_mismatch sample_index=13 flat_index=30934 doppler=60 range=214 cfar_cell=valid gpu_detection=0 cpu_detection=1 gpu_power=0.100427 cpu_power=0.100427 gpu_threshold=0.103014 cpu_threshold=0.0944298
sample_index=13 step=step1 cpu_ms=2.41956 gpu_ms=0.917625 relative_l2=2.10803e-06 cpu_heap_peak=7125232 cpu_rss_peak=84107264 gpu_peak=357777408 status=PASS
sample_index=13 step=step2 cpu_ms=135.61 gpu_ms=1.45297 relative_l2=2.54296e-07 cpu_heap_peak=7387488 cpu_rss_peak=84107264 gpu_peak=357777408 status=PASS
sample_index=13 step=step3 cpu_ms=172.921 gpu_ms=1.06167 relative_l2=6.76648e-07 cpu_heap_peak=7649776 cpu_rss_peak=84107264 gpu_peak=357777408 status=PASS
sample_index=13 step=step4 cpu_ms=3.53743 gpu_ms=1.0759 relative_l2=1.91856e-07 cpu_heap_peak=7977712 cpu_rss_peak=84107264 gpu_peak=357777408 status=PASS
sample_index=13 step=step5 cpu_ms=415.941 gpu_ms=6.04534 relative_l2=2.43858e-07 cpu_heap_peak=8504160 cpu_rss_peak=84107264 gpu_peak=357777408 status=PASS
sample_index=13 cpu_pipeline_ms=730.628 gpu_pipeline_ms=11.0913 cuda_event_aux_sum_ms=6.31242 relative_l2=2.25882e-06 relative_linf=9.58014e-06 detection_mismatch_count=12 valid_detection_mismatch_count=12 boundary_detection_mismatch_count=0 mse=1.4118e-05 rmse=0.0037574 formal_relative_l2=2.25882e-06 formal_relative_linf=9.8883e-06 semantic_gates=5/5 accuracy_status=PASS
detection_mismatch_summary sample_index=14 total=12 valid=12 boundary=0
detection_mismatch sample_index=14 flat_index=18121 doppler=35 range=201 cfar_cell=valid gpu_detection=1 cpu_detection=0 gpu_power=0.1727 cpu_power=0.172697 gpu_threshold=0.171691 cpu_threshold=0.180275
detection_mismatch sample_index=14 flat_index=19231 doppler=37 range=287 cfar_cell=valid gpu_detection=1 cpu_detection=0 gpu_power=0.168287 cpu_power=0.168288 gpu_threshold=0.163106 cpu_threshold=0.171691
detection_mismatch sample_index=14 flat_index=19644 doppler=38 range=188 cfar_cell=valid gpu_detection=0 cpu_detection=1 gpu_power=0.129183 cpu_power=0.12918 gpu_threshold=0.137352 cpu_threshold=0.128768
detection_mismatch sample_index=14 flat_index=24750 doppler=48 range=174 cfar_cell=valid gpu_detection=1 cpu_detection=0 gpu_power=0.134319 cpu_power=0.134313 gpu_threshold=0.113745 cpu_threshold=0.138426
detection_mismatch sample_index=14 flat_index=25261 doppler=49 range=173 cfar_cell=valid gpu_detection=1 cpu_detection=0 gpu_power=0.146269 cpu_power=0.146253 gpu_threshold=0.127427 cpu_threshold=0.157741
detection_mismatch sample_index=14 flat_index=25262 doppler=49 range=174 cfar_cell=valid gpu_detection=1 cpu_detection=0 gpu_power=0.142449 cpu_power=0.142448 gpu_threshold=0.123939 cpu_threshold=0.157741
detection_mismatch sample_index=14 flat_index=26320 doppler=51 range=208 cfar_cell=valid gpu_detection=0 cpu_detection=1 gpu_power=0.0439611 cpu_power=0.0439566 gpu_threshold=0.0515072 cpu_threshold=0.0429226
detection_mismatch sample_index=14 flat_index=28931 doppler=56 range=259 cfar_cell=valid gpu_detection=0 cpu_detection=1 gpu_power=0.138231 cpu_power=0.138231 gpu_threshold=0.145937 cpu_threshold=0.137352
detection_mismatch sample_index=14 flat_index=29363 doppler=57 range=179 cfar_cell=valid gpu_detection=0 cpu_detection=1 gpu_power=0.0749506 cpu_power=0.074951 gpu_threshold=0.103014 cpu_threshold=0.0600917
detection_mismatch sample_index=14 flat_index=29364 doppler=57 range=180 cfar_cell=valid gpu_detection=0 cpu_detection=1 gpu_power=0.0856762 cpu_power=0.0856767 gpu_threshold=0.111599 cpu_threshold=0.0686762
detection_mismatch sample_index=14 flat_index=29365 doppler=57 range=181 cfar_cell=valid gpu_detection=0 cpu_detection=1 gpu_power=0.0966618 cpu_power=0.0966604 gpu_threshold=0.128768 cpu_threshold=0.0858453
detection_mismatch sample_index=14 flat_index=30934 doppler=60 range=214 cfar_cell=valid gpu_detection=0 cpu_detection=1 gpu_power=0.100427 cpu_power=0.100427 gpu_threshold=0.103014 cpu_threshold=0.0944298
sample_index=14 step=step1 cpu_ms=2.42928 gpu_ms=0.890676 relative_l2=2.10803e-06 cpu_heap_peak=7126688 cpu_rss_peak=83976192 gpu_peak=357777408 status=PASS
sample_index=14 step=step2 cpu_ms=135.502 gpu_ms=1.42841 relative_l2=2.54296e-07 cpu_heap_peak=7388976 cpu_rss_peak=83976192 gpu_peak=357777408 status=PASS
sample_index=14 step=step3 cpu_ms=172.917 gpu_ms=1.00583 relative_l2=6.76648e-07 cpu_heap_peak=7651264 cpu_rss_peak=83976192 gpu_peak=357777408 status=PASS
sample_index=14 step=step4 cpu_ms=3.52118 gpu_ms=1.09272 relative_l2=1.91856e-07 cpu_heap_peak=7979200 cpu_rss_peak=83976192 gpu_peak=357777408 status=PASS
sample_index=14 step=step5 cpu_ms=416.001 gpu_ms=6.01694 relative_l2=2.43858e-07 cpu_heap_peak=8505648 cpu_rss_peak=83976192 gpu_peak=357777408 status=PASS
sample_index=14 cpu_pipeline_ms=730.568 gpu_pipeline_ms=10.898 cuda_event_aux_sum_ms=6.32023 relative_l2=2.25882e-06 relative_linf=9.58014e-06 detection_mismatch_count=12 valid_detection_mismatch_count=12 boundary_detection_mismatch_count=0 mse=1.4118e-05 rmse=0.0037574 formal_relative_l2=2.25882e-06 formal_relative_linf=9.8883e-06 semantic_gates=5/5 accuracy_status=PASS
detection_mismatch_summary sample_index=15 total=12 valid=12 boundary=0
detection_mismatch sample_index=15 flat_index=18121 doppler=35 range=201 cfar_cell=valid gpu_detection=1 cpu_detection=0 gpu_power=0.1727 cpu_power=0.172697 gpu_threshold=0.171691 cpu_threshold=0.180275
detection_mismatch sample_index=15 flat_index=19231 doppler=37 range=287 cfar_cell=valid gpu_detection=1 cpu_detection=0 gpu_power=0.168287 cpu_power=0.168288 gpu_threshold=0.163106 cpu_threshold=0.171691
detection_mismatch sample_index=15 flat_index=19644 doppler=38 range=188 cfar_cell=valid gpu_detection=0 cpu_detection=1 gpu_power=0.129183 cpu_power=0.12918 gpu_threshold=0.137352 cpu_threshold=0.128768
detection_mismatch sample_index=15 flat_index=24750 doppler=48 range=174 cfar_cell=valid gpu_detection=1 cpu_detection=0 gpu_power=0.134319 cpu_power=0.134313 gpu_threshold=0.113745 cpu_threshold=0.138426
detection_mismatch sample_index=15 flat_index=25261 doppler=49 range=173 cfar_cell=valid gpu_detection=1 cpu_detection=0 gpu_power=0.146269 cpu_power=0.146253 gpu_threshold=0.127427 cpu_threshold=0.157741
detection_mismatch sample_index=15 flat_index=25262 doppler=49 range=174 cfar_cell=valid gpu_detection=1 cpu_detection=0 gpu_power=0.142449 cpu_power=0.142448 gpu_threshold=0.123939 cpu_threshold=0.157741
detection_mismatch sample_index=15 flat_index=26320 doppler=51 range=208 cfar_cell=valid gpu_detection=0 cpu_detection=1 gpu_power=0.0439611 cpu_power=0.0439566 gpu_threshold=0.0515072 cpu_threshold=0.0429226
detection_mismatch sample_index=15 flat_index=28931 doppler=56 range=259 cfar_cell=valid gpu_detection=0 cpu_detection=1 gpu_power=0.138231 cpu_power=0.138231 gpu_threshold=0.145937 cpu_threshold=0.137352
detection_mismatch sample_index=15 flat_index=29363 doppler=57 range=179 cfar_cell=valid gpu_detection=0 cpu_detection=1 gpu_power=0.0749506 cpu_power=0.074951 gpu_threshold=0.103014 cpu_threshold=0.0600917
detection_mismatch sample_index=15 flat_index=29364 doppler=57 range=180 cfar_cell=valid gpu_detection=0 cpu_detection=1 gpu_power=0.0856762 cpu_power=0.0856767 gpu_threshold=0.111599 cpu_threshold=0.0686762
detection_mismatch sample_index=15 flat_index=29365 doppler=57 range=181 cfar_cell=valid gpu_detection=0 cpu_detection=1 gpu_power=0.0966618 cpu_power=0.0966604 gpu_threshold=0.128768 cpu_threshold=0.0858453
detection_mismatch sample_index=15 flat_index=30934 doppler=60 range=214 cfar_cell=valid gpu_detection=0 cpu_detection=1 gpu_power=0.100427 cpu_power=0.100427 gpu_threshold=0.103014 cpu_threshold=0.0944298
sample_index=15 step=step1 cpu_ms=2.41759 gpu_ms=0.893605 relative_l2=2.10803e-06 cpu_heap_peak=7125568 cpu_rss_peak=83976192 gpu_peak=357777408 status=PASS
sample_index=15 step=step2 cpu_ms=135.573 gpu_ms=1.43633 relative_l2=2.54296e-07 cpu_heap_peak=7387792 cpu_rss_peak=83976192 gpu_peak=357777408 status=PASS
sample_index=15 step=step3 cpu_ms=172.543 gpu_ms=1.00901 relative_l2=6.76648e-07 cpu_heap_peak=7650080 cpu_rss_peak=83976192 gpu_peak=357777408 status=PASS
sample_index=15 step=step4 cpu_ms=3.53198 gpu_ms=1.05771 relative_l2=1.91856e-07 cpu_heap_peak=7978048 cpu_rss_peak=83976192 gpu_peak=357777408 status=PASS
sample_index=15 step=step5 cpu_ms=415.898 gpu_ms=5.97594 relative_l2=2.43858e-07 cpu_heap_peak=8504448 cpu_rss_peak=83976192 gpu_peak=357777408 status=PASS
sample_index=15 cpu_pipeline_ms=730.162 gpu_pipeline_ms=10.836 cuda_event_aux_sum_ms=6.28357 relative_l2=2.25882e-06 relative_linf=9.58014e-06 detection_mismatch_count=12 valid_detection_mismatch_count=12 boundary_detection_mismatch_count=0 mse=1.4118e-05 rmse=0.0037574 formal_relative_l2=2.25882e-06 formal_relative_linf=9.8883e-06 semantic_gates=5/5 accuracy_status=PASS
detection_mismatch_summary sample_index=16 total=12 valid=12 boundary=0
detection_mismatch sample_index=16 flat_index=18121 doppler=35 range=201 cfar_cell=valid gpu_detection=1 cpu_detection=0 gpu_power=0.1727 cpu_power=0.172697 gpu_threshold=0.171691 cpu_threshold=0.180275
detection_mismatch sample_index=16 flat_index=19231 doppler=37 range=287 cfar_cell=valid gpu_detection=1 cpu_detection=0 gpu_power=0.168287 cpu_power=0.168288 gpu_threshold=0.163106 cpu_threshold=0.171691
detection_mismatch sample_index=16 flat_index=19644 doppler=38 range=188 cfar_cell=valid gpu_detection=0 cpu_detection=1 gpu_power=0.129183 cpu_power=0.12918 gpu_threshold=0.137352 cpu_threshold=0.128768
detection_mismatch sample_index=16 flat_index=24750 doppler=48 range=174 cfar_cell=valid gpu_detection=1 cpu_detection=0 gpu_power=0.134319 cpu_power=0.134313 gpu_threshold=0.113745 cpu_threshold=0.138426
detection_mismatch sample_index=16 flat_index=25261 doppler=49 range=173 cfar_cell=valid gpu_detection=1 cpu_detection=0 gpu_power=0.146269 cpu_power=0.146253 gpu_threshold=0.127427 cpu_threshold=0.157741
detection_mismatch sample_index=16 flat_index=25262 doppler=49 range=174 cfar_cell=valid gpu_detection=1 cpu_detection=0 gpu_power=0.142449 cpu_power=0.142448 gpu_threshold=0.123939 cpu_threshold=0.157741
detection_mismatch sample_index=16 flat_index=26320 doppler=51 range=208 cfar_cell=valid gpu_detection=0 cpu_detection=1 gpu_power=0.0439611 cpu_power=0.0439566 gpu_threshold=0.0515072 cpu_threshold=0.0429226
detection_mismatch sample_index=16 flat_index=28931 doppler=56 range=259 cfar_cell=valid gpu_detection=0 cpu_detection=1 gpu_power=0.138231 cpu_power=0.138231 gpu_threshold=0.145937 cpu_threshold=0.137352
detection_mismatch sample_index=16 flat_index=29363 doppler=57 range=179 cfar_cell=valid gpu_detection=0 cpu_detection=1 gpu_power=0.0749506 cpu_power=0.074951 gpu_threshold=0.103014 cpu_threshold=0.0600917
detection_mismatch sample_index=16 flat_index=29364 doppler=57 range=180 cfar_cell=valid gpu_detection=0 cpu_detection=1 gpu_power=0.0856762 cpu_power=0.0856767 gpu_threshold=0.111599 cpu_threshold=0.0686762
detection_mismatch sample_index=16 flat_index=29365 doppler=57 range=181 cfar_cell=valid gpu_detection=0 cpu_detection=1 gpu_power=0.0966618 cpu_power=0.0966604 gpu_threshold=0.128768 cpu_threshold=0.0858453
detection_mismatch sample_index=16 flat_index=30934 doppler=60 range=214 cfar_cell=valid gpu_detection=0 cpu_detection=1 gpu_power=0.100427 cpu_power=0.100427 gpu_threshold=0.103014 cpu_threshold=0.0944298
sample_index=16 step=step1 cpu_ms=2.41719 gpu_ms=0.890366 relative_l2=2.10803e-06 cpu_heap_peak=7127376 cpu_rss_peak=84115456 gpu_peak=357777408 status=PASS
sample_index=16 step=step2 cpu_ms=135.49 gpu_ms=1.42678 relative_l2=2.54296e-07 cpu_heap_peak=7389568 cpu_rss_peak=84115456 gpu_peak=357777408 status=PASS
sample_index=16 step=step3 cpu_ms=172.903 gpu_ms=1.00579 relative_l2=6.76648e-07 cpu_heap_peak=7651856 cpu_rss_peak=84115456 gpu_peak=357777408 status=PASS
sample_index=16 step=step4 cpu_ms=3.54425 gpu_ms=1.0821 relative_l2=1.91856e-07 cpu_heap_peak=7979808 cpu_rss_peak=84115456 gpu_peak=357777408 status=PASS
sample_index=16 step=step5 cpu_ms=416.065 gpu_ms=5.99225 relative_l2=2.43858e-07 cpu_heap_peak=8506256 cpu_rss_peak=84115456 gpu_peak=357777408 status=PASS
sample_index=16 cpu_pipeline_ms=730.624 gpu_pipeline_ms=10.8597 cuda_event_aux_sum_ms=6.29091 relative_l2=2.25882e-06 relative_linf=9.58014e-06 detection_mismatch_count=12 valid_detection_mismatch_count=12 boundary_detection_mismatch_count=0 mse=1.4118e-05 rmse=0.0037574 formal_relative_l2=2.25882e-06 formal_relative_linf=9.8883e-06 semantic_gates=5/5 accuracy_status=PASS
detection_mismatch_summary sample_index=17 total=12 valid=12 boundary=0
detection_mismatch sample_index=17 flat_index=18121 doppler=35 range=201 cfar_cell=valid gpu_detection=1 cpu_detection=0 gpu_power=0.1727 cpu_power=0.172697 gpu_threshold=0.171691 cpu_threshold=0.180275
detection_mismatch sample_index=17 flat_index=19231 doppler=37 range=287 cfar_cell=valid gpu_detection=1 cpu_detection=0 gpu_power=0.168287 cpu_power=0.168288 gpu_threshold=0.163106 cpu_threshold=0.171691
detection_mismatch sample_index=17 flat_index=19644 doppler=38 range=188 cfar_cell=valid gpu_detection=0 cpu_detection=1 gpu_power=0.129183 cpu_power=0.12918 gpu_threshold=0.137352 cpu_threshold=0.128768
detection_mismatch sample_index=17 flat_index=24750 doppler=48 range=174 cfar_cell=valid gpu_detection=1 cpu_detection=0 gpu_power=0.134319 cpu_power=0.134313 gpu_threshold=0.113745 cpu_threshold=0.138426
detection_mismatch sample_index=17 flat_index=25261 doppler=49 range=173 cfar_cell=valid gpu_detection=1 cpu_detection=0 gpu_power=0.146269 cpu_power=0.146253 gpu_threshold=0.127427 cpu_threshold=0.157741
detection_mismatch sample_index=17 flat_index=25262 doppler=49 range=174 cfar_cell=valid gpu_detection=1 cpu_detection=0 gpu_power=0.142449 cpu_power=0.142448 gpu_threshold=0.123939 cpu_threshold=0.157741
detection_mismatch sample_index=17 flat_index=26320 doppler=51 range=208 cfar_cell=valid gpu_detection=0 cpu_detection=1 gpu_power=0.0439611 cpu_power=0.0439566 gpu_threshold=0.0515072 cpu_threshold=0.0429226
detection_mismatch sample_index=17 flat_index=28931 doppler=56 range=259 cfar_cell=valid gpu_detection=0 cpu_detection=1 gpu_power=0.138231 cpu_power=0.138231 gpu_threshold=0.145937 cpu_threshold=0.137352
detection_mismatch sample_index=17 flat_index=29363 doppler=57 range=179 cfar_cell=valid gpu_detection=0 cpu_detection=1 gpu_power=0.0749506 cpu_power=0.074951 gpu_threshold=0.103014 cpu_threshold=0.0600917
detection_mismatch sample_index=17 flat_index=29364 doppler=57 range=180 cfar_cell=valid gpu_detection=0 cpu_detection=1 gpu_power=0.0856762 cpu_power=0.0856767 gpu_threshold=0.111599 cpu_threshold=0.0686762
detection_mismatch sample_index=17 flat_index=29365 doppler=57 range=181 cfar_cell=valid gpu_detection=0 cpu_detection=1 gpu_power=0.0966618 cpu_power=0.0966604 gpu_threshold=0.128768 cpu_threshold=0.0858453
detection_mismatch sample_index=17 flat_index=30934 doppler=60 range=214 cfar_cell=valid gpu_detection=0 cpu_detection=1 gpu_power=0.100427 cpu_power=0.100427 gpu_threshold=0.103014 cpu_threshold=0.0944298
sample_index=17 step=step1 cpu_ms=2.43278 gpu_ms=0.936476 relative_l2=2.10803e-06 cpu_heap_peak=7135808 cpu_rss_peak=84111360 gpu_peak=357777408 status=PASS
sample_index=17 step=step2 cpu_ms=135.508 gpu_ms=1.45153 relative_l2=2.54296e-07 cpu_heap_peak=7397968 cpu_rss_peak=84111360 gpu_peak=357777408 status=PASS
sample_index=17 step=step3 cpu_ms=172.896 gpu_ms=1.00619 relative_l2=6.76648e-07 cpu_heap_peak=7660224 cpu_rss_peak=84111360 gpu_peak=357777408 status=PASS
sample_index=17 step=step4 cpu_ms=3.53602 gpu_ms=1.07882 relative_l2=1.91856e-07 cpu_heap_peak=7988192 cpu_rss_peak=84111360 gpu_peak=357777408 status=PASS
sample_index=17 step=step5 cpu_ms=423.983 gpu_ms=6.01574 relative_l2=2.43858e-07 cpu_heap_peak=8514592 cpu_rss_peak=84111360 gpu_peak=357777408 status=PASS
sample_index=17 cpu_pipeline_ms=738.555 gpu_pipeline_ms=11.0183 cuda_event_aux_sum_ms=6.31349 relative_l2=2.25882e-06 relative_linf=9.58014e-06 detection_mismatch_count=12 valid_detection_mismatch_count=12 boundary_detection_mismatch_count=0 mse=1.4118e-05 rmse=0.0037574 formal_relative_l2=2.25882e-06 formal_relative_linf=9.8883e-06 semantic_gates=5/5 accuracy_status=PASS
detection_mismatch_summary sample_index=18 total=12 valid=12 boundary=0
detection_mismatch sample_index=18 flat_index=18121 doppler=35 range=201 cfar_cell=valid gpu_detection=1 cpu_detection=0 gpu_power=0.1727 cpu_power=0.172697 gpu_threshold=0.171691 cpu_threshold=0.180275
detection_mismatch sample_index=18 flat_index=19231 doppler=37 range=287 cfar_cell=valid gpu_detection=1 cpu_detection=0 gpu_power=0.168287 cpu_power=0.168288 gpu_threshold=0.163106 cpu_threshold=0.171691
detection_mismatch sample_index=18 flat_index=19644 doppler=38 range=188 cfar_cell=valid gpu_detection=0 cpu_detection=1 gpu_power=0.129183 cpu_power=0.12918 gpu_threshold=0.137352 cpu_threshold=0.128768
detection_mismatch sample_index=18 flat_index=24750 doppler=48 range=174 cfar_cell=valid gpu_detection=1 cpu_detection=0 gpu_power=0.134319 cpu_power=0.134313 gpu_threshold=0.113745 cpu_threshold=0.138426
detection_mismatch sample_index=18 flat_index=25261 doppler=49 range=173 cfar_cell=valid gpu_detection=1 cpu_detection=0 gpu_power=0.146269 cpu_power=0.146253 gpu_threshold=0.127427 cpu_threshold=0.157741
detection_mismatch sample_index=18 flat_index=25262 doppler=49 range=174 cfar_cell=valid gpu_detection=1 cpu_detection=0 gpu_power=0.142449 cpu_power=0.142448 gpu_threshold=0.123939 cpu_threshold=0.157741
detection_mismatch sample_index=18 flat_index=26320 doppler=51 range=208 cfar_cell=valid gpu_detection=0 cpu_detection=1 gpu_power=0.0439611 cpu_power=0.0439566 gpu_threshold=0.0515072 cpu_threshold=0.0429226
detection_mismatch sample_index=18 flat_index=28931 doppler=56 range=259 cfar_cell=valid gpu_detection=0 cpu_detection=1 gpu_power=0.138231 cpu_power=0.138231 gpu_threshold=0.145937 cpu_threshold=0.137352
detection_mismatch sample_index=18 flat_index=29363 doppler=57 range=179 cfar_cell=valid gpu_detection=0 cpu_detection=1 gpu_power=0.0749506 cpu_power=0.074951 gpu_threshold=0.103014 cpu_threshold=0.0600917
detection_mismatch sample_index=18 flat_index=29364 doppler=57 range=180 cfar_cell=valid gpu_detection=0 cpu_detection=1 gpu_power=0.0856762 cpu_power=0.0856767 gpu_threshold=0.111599 cpu_threshold=0.0686762
detection_mismatch sample_index=18 flat_index=29365 doppler=57 range=181 cfar_cell=valid gpu_detection=0 cpu_detection=1 gpu_power=0.0966618 cpu_power=0.0966604 gpu_threshold=0.128768 cpu_threshold=0.0858453
detection_mismatch sample_index=18 flat_index=30934 doppler=60 range=214 cfar_cell=valid gpu_detection=0 cpu_detection=1 gpu_power=0.100427 cpu_power=0.100427 gpu_threshold=0.103014 cpu_threshold=0.0944298
sample_index=18 step=step1 cpu_ms=2.41758 gpu_ms=0.905455 relative_l2=2.10803e-06 cpu_heap_peak=7136576 cpu_rss_peak=83972096 gpu_peak=357777408 status=PASS
sample_index=18 step=step2 cpu_ms=135.701 gpu_ms=1.42503 relative_l2=2.54296e-07 cpu_heap_peak=7398864 cpu_rss_peak=83972096 gpu_peak=357777408 status=PASS
sample_index=18 step=step3 cpu_ms=172.903 gpu_ms=1.00377 relative_l2=6.76648e-07 cpu_heap_peak=7661152 cpu_rss_peak=83972096 gpu_peak=357777408 status=PASS
sample_index=18 step=step4 cpu_ms=3.52689 gpu_ms=1.07778 relative_l2=1.91856e-07 cpu_heap_peak=7989104 cpu_rss_peak=83972096 gpu_peak=357777408 status=PASS
sample_index=18 step=step5 cpu_ms=415.648 gpu_ms=5.98642 relative_l2=2.43858e-07 cpu_heap_peak=8515552 cpu_rss_peak=83972096 gpu_peak=357777408 status=PASS
sample_index=18 cpu_pipeline_ms=730.398 gpu_pipeline_ms=10.8622 cuda_event_aux_sum_ms=6.29143 relative_l2=2.25882e-06 relative_linf=9.58014e-06 detection_mismatch_count=12 valid_detection_mismatch_count=12 boundary_detection_mismatch_count=0 mse=1.4118e-05 rmse=0.0037574 formal_relative_l2=2.25882e-06 formal_relative_linf=9.8883e-06 semantic_gates=5/5 accuracy_status=PASS
detection_mismatch_summary sample_index=19 total=12 valid=12 boundary=0
detection_mismatch sample_index=19 flat_index=18121 doppler=35 range=201 cfar_cell=valid gpu_detection=1 cpu_detection=0 gpu_power=0.1727 cpu_power=0.172697 gpu_threshold=0.171691 cpu_threshold=0.180275
detection_mismatch sample_index=19 flat_index=19231 doppler=37 range=287 cfar_cell=valid gpu_detection=1 cpu_detection=0 gpu_power=0.168287 cpu_power=0.168288 gpu_threshold=0.163106 cpu_threshold=0.171691
detection_mismatch sample_index=19 flat_index=19644 doppler=38 range=188 cfar_cell=valid gpu_detection=0 cpu_detection=1 gpu_power=0.129183 cpu_power=0.12918 gpu_threshold=0.137352 cpu_threshold=0.128768
detection_mismatch sample_index=19 flat_index=24750 doppler=48 range=174 cfar_cell=valid gpu_detection=1 cpu_detection=0 gpu_power=0.134319 cpu_power=0.134313 gpu_threshold=0.113745 cpu_threshold=0.138426
detection_mismatch sample_index=19 flat_index=25261 doppler=49 range=173 cfar_cell=valid gpu_detection=1 cpu_detection=0 gpu_power=0.146269 cpu_power=0.146253 gpu_threshold=0.127427 cpu_threshold=0.157741
detection_mismatch sample_index=19 flat_index=25262 doppler=49 range=174 cfar_cell=valid gpu_detection=1 cpu_detection=0 gpu_power=0.142449 cpu_power=0.142448 gpu_threshold=0.123939 cpu_threshold=0.157741
detection_mismatch sample_index=19 flat_index=26320 doppler=51 range=208 cfar_cell=valid gpu_detection=0 cpu_detection=1 gpu_power=0.0439611 cpu_power=0.0439566 gpu_threshold=0.0515072 cpu_threshold=0.0429226
detection_mismatch sample_index=19 flat_index=28931 doppler=56 range=259 cfar_cell=valid gpu_detection=0 cpu_detection=1 gpu_power=0.138231 cpu_power=0.138231 gpu_threshold=0.145937 cpu_threshold=0.137352
detection_mismatch sample_index=19 flat_index=29363 doppler=57 range=179 cfar_cell=valid gpu_detection=0 cpu_detection=1 gpu_power=0.0749506 cpu_power=0.074951 gpu_threshold=0.103014 cpu_threshold=0.0600917
detection_mismatch sample_index=19 flat_index=29364 doppler=57 range=180 cfar_cell=valid gpu_detection=0 cpu_detection=1 gpu_power=0.0856762 cpu_power=0.0856767 gpu_threshold=0.111599 cpu_threshold=0.0686762
detection_mismatch sample_index=19 flat_index=29365 doppler=57 range=181 cfar_cell=valid gpu_detection=0 cpu_detection=1 gpu_power=0.0966618 cpu_power=0.0966604 gpu_threshold=0.128768 cpu_threshold=0.0858453
detection_mismatch sample_index=19 flat_index=30934 doppler=60 range=214 cfar_cell=valid gpu_detection=0 cpu_detection=1 gpu_power=0.100427 cpu_power=0.100427 gpu_threshold=0.103014 cpu_threshold=0.0944298
sample_index=19 step=step1 cpu_ms=2.4322 gpu_ms=0.903516 relative_l2=2.10803e-06 cpu_heap_peak=7137888 cpu_rss_peak=83976192 gpu_peak=357777408 status=PASS
sample_index=19 step=step2 cpu_ms=135.451 gpu_ms=1.44226 relative_l2=2.54296e-07 cpu_heap_peak=7400128 cpu_rss_peak=83976192 gpu_peak=357777408 status=PASS
sample_index=19 step=step3 cpu_ms=173.108 gpu_ms=1.01092 relative_l2=6.76648e-07 cpu_heap_peak=7662416 cpu_rss_peak=83976192 gpu_peak=357777408 status=PASS
sample_index=19 step=step4 cpu_ms=3.5368 gpu_ms=1.06777 relative_l2=1.91856e-07 cpu_heap_peak=7990384 cpu_rss_peak=83976192 gpu_peak=357777408 status=PASS
sample_index=19 step=step5 cpu_ms=420.59 gpu_ms=6.055 relative_l2=2.43858e-07 cpu_heap_peak=8516784 cpu_rss_peak=83976192 gpu_peak=357777408 status=PASS
sample_index=19 cpu_pipeline_ms=735.317 gpu_pipeline_ms=10.9416 cuda_event_aux_sum_ms=6.33936 relative_l2=2.25882e-06 relative_linf=9.58014e-06 detection_mismatch_count=12 valid_detection_mismatch_count=12 boundary_detection_mismatch_count=0 mse=1.4118e-05 rmse=0.0037574 formal_relative_l2=2.25882e-06 formal_relative_linf=9.8883e-06 semantic_gates=5/5 accuracy_status=PASS
detection_mismatch_summary sample_index=20 total=12 valid=12 boundary=0
detection_mismatch sample_index=20 flat_index=18121 doppler=35 range=201 cfar_cell=valid gpu_detection=1 cpu_detection=0 gpu_power=0.1727 cpu_power=0.172697 gpu_threshold=0.171691 cpu_threshold=0.180275
detection_mismatch sample_index=20 flat_index=19231 doppler=37 range=287 cfar_cell=valid gpu_detection=1 cpu_detection=0 gpu_power=0.168287 cpu_power=0.168288 gpu_threshold=0.163106 cpu_threshold=0.171691
detection_mismatch sample_index=20 flat_index=19644 doppler=38 range=188 cfar_cell=valid gpu_detection=0 cpu_detection=1 gpu_power=0.129183 cpu_power=0.12918 gpu_threshold=0.137352 cpu_threshold=0.128768
detection_mismatch sample_index=20 flat_index=24750 doppler=48 range=174 cfar_cell=valid gpu_detection=1 cpu_detection=0 gpu_power=0.134319 cpu_power=0.134313 gpu_threshold=0.113745 cpu_threshold=0.138426
detection_mismatch sample_index=20 flat_index=25261 doppler=49 range=173 cfar_cell=valid gpu_detection=1 cpu_detection=0 gpu_power=0.146269 cpu_power=0.146253 gpu_threshold=0.127427 cpu_threshold=0.157741
detection_mismatch sample_index=20 flat_index=25262 doppler=49 range=174 cfar_cell=valid gpu_detection=1 cpu_detection=0 gpu_power=0.142449 cpu_power=0.142448 gpu_threshold=0.123939 cpu_threshold=0.157741
detection_mismatch sample_index=20 flat_index=26320 doppler=51 range=208 cfar_cell=valid gpu_detection=0 cpu_detection=1 gpu_power=0.0439611 cpu_power=0.0439566 gpu_threshold=0.0515072 cpu_threshold=0.0429226
detection_mismatch sample_index=20 flat_index=28931 doppler=56 range=259 cfar_cell=valid gpu_detection=0 cpu_detection=1 gpu_power=0.138231 cpu_power=0.138231 gpu_threshold=0.145937 cpu_threshold=0.137352
detection_mismatch sample_index=20 flat_index=29363 doppler=57 range=179 cfar_cell=valid gpu_detection=0 cpu_detection=1 gpu_power=0.0749506 cpu_power=0.074951 gpu_threshold=0.103014 cpu_threshold=0.0600917
detection_mismatch sample_index=20 flat_index=29364 doppler=57 range=180 cfar_cell=valid gpu_detection=0 cpu_detection=1 gpu_power=0.0856762 cpu_power=0.0856767 gpu_threshold=0.111599 cpu_threshold=0.0686762
detection_mismatch sample_index=20 flat_index=29365 doppler=57 range=181 cfar_cell=valid gpu_detection=0 cpu_detection=1 gpu_power=0.0966618 cpu_power=0.0966604 gpu_threshold=0.128768 cpu_threshold=0.0858453
detection_mismatch sample_index=20 flat_index=30934 doppler=60 range=214 cfar_cell=valid gpu_detection=0 cpu_detection=1 gpu_power=0.100427 cpu_power=0.100427 gpu_threshold=0.103014 cpu_threshold=0.0944298
sample_index=20 step=step1 cpu_ms=2.43359 gpu_ms=0.879995 relative_l2=2.10803e-06 cpu_heap_peak=7137328 cpu_rss_peak=83976192 gpu_peak=357777408 status=PASS
sample_index=20 step=step2 cpu_ms=135.526 gpu_ms=1.42293 relative_l2=2.54296e-07 cpu_heap_peak=7399488 cpu_rss_peak=83976192 gpu_peak=357777408 status=PASS
sample_index=20 step=step3 cpu_ms=173.023 gpu_ms=1.01565 relative_l2=6.76648e-07 cpu_heap_peak=7661776 cpu_rss_peak=83976192 gpu_peak=357777408 status=PASS
sample_index=20 step=step4 cpu_ms=3.52759 gpu_ms=1.06207 relative_l2=1.91856e-07 cpu_heap_peak=7989712 cpu_rss_peak=83976192 gpu_peak=357777408 status=PASS
sample_index=20 step=step5 cpu_ms=416.081 gpu_ms=5.96518 relative_l2=2.43858e-07 cpu_heap_peak=8516128 cpu_rss_peak=83976192 gpu_peak=357777408 status=PASS
sample_index=20 cpu_pipeline_ms=730.79 gpu_pipeline_ms=10.806 cuda_event_aux_sum_ms=6.26106 relative_l2=2.25882e-06 relative_linf=9.58014e-06 detection_mismatch_count=12 valid_detection_mismatch_count=12 boundary_detection_mismatch_count=0 mse=1.4118e-05 rmse=0.0037574 formal_relative_l2=2.25882e-06 formal_relative_linf=9.8883e-06 semantic_gates=5/5 accuracy_status=PASS
detection_mismatch_summary sample_index=21 total=12 valid=12 boundary=0
detection_mismatch sample_index=21 flat_index=18121 doppler=35 range=201 cfar_cell=valid gpu_detection=1 cpu_detection=0 gpu_power=0.1727 cpu_power=0.172697 gpu_threshold=0.171691 cpu_threshold=0.180275
detection_mismatch sample_index=21 flat_index=19231 doppler=37 range=287 cfar_cell=valid gpu_detection=1 cpu_detection=0 gpu_power=0.168287 cpu_power=0.168288 gpu_threshold=0.163106 cpu_threshold=0.171691
detection_mismatch sample_index=21 flat_index=19644 doppler=38 range=188 cfar_cell=valid gpu_detection=0 cpu_detection=1 gpu_power=0.129183 cpu_power=0.12918 gpu_threshold=0.137352 cpu_threshold=0.128768
detection_mismatch sample_index=21 flat_index=24750 doppler=48 range=174 cfar_cell=valid gpu_detection=1 cpu_detection=0 gpu_power=0.134319 cpu_power=0.134313 gpu_threshold=0.113745 cpu_threshold=0.138426
detection_mismatch sample_index=21 flat_index=25261 doppler=49 range=173 cfar_cell=valid gpu_detection=1 cpu_detection=0 gpu_power=0.146269 cpu_power=0.146253 gpu_threshold=0.127427 cpu_threshold=0.157741
detection_mismatch sample_index=21 flat_index=25262 doppler=49 range=174 cfar_cell=valid gpu_detection=1 cpu_detection=0 gpu_power=0.142449 cpu_power=0.142448 gpu_threshold=0.123939 cpu_threshold=0.157741
detection_mismatch sample_index=21 flat_index=26320 doppler=51 range=208 cfar_cell=valid gpu_detection=0 cpu_detection=1 gpu_power=0.0439611 cpu_power=0.0439566 gpu_threshold=0.0515072 cpu_threshold=0.0429226
detection_mismatch sample_index=21 flat_index=28931 doppler=56 range=259 cfar_cell=valid gpu_detection=0 cpu_detection=1 gpu_power=0.138231 cpu_power=0.138231 gpu_threshold=0.145937 cpu_threshold=0.137352
detection_mismatch sample_index=21 flat_index=29363 doppler=57 range=179 cfar_cell=valid gpu_detection=0 cpu_detection=1 gpu_power=0.0749506 cpu_power=0.074951 gpu_threshold=0.103014 cpu_threshold=0.0600917
detection_mismatch sample_index=21 flat_index=29364 doppler=57 range=180 cfar_cell=valid gpu_detection=0 cpu_detection=1 gpu_power=0.0856762 cpu_power=0.0856767 gpu_threshold=0.111599 cpu_threshold=0.0686762
detection_mismatch sample_index=21 flat_index=29365 doppler=57 range=181 cfar_cell=valid gpu_detection=0 cpu_detection=1 gpu_power=0.0966618 cpu_power=0.0966604 gpu_threshold=0.128768 cpu_threshold=0.0858453
detection_mismatch sample_index=21 flat_index=30934 doppler=60 range=214 cfar_cell=valid gpu_detection=0 cpu_detection=1 gpu_power=0.100427 cpu_power=0.100427 gpu_threshold=0.103014 cpu_threshold=0.0944298
sample_index=21 step=step1 cpu_ms=2.42916 gpu_ms=0.899556 relative_l2=2.10803e-06 cpu_heap_peak=7138640 cpu_rss_peak=84123648 gpu_peak=357777408 status=PASS
sample_index=21 step=step2 cpu_ms=135.596 gpu_ms=1.511 relative_l2=2.54296e-07 cpu_heap_peak=7400800 cpu_rss_peak=84123648 gpu_peak=357777408 status=PASS
sample_index=21 step=step3 cpu_ms=172.976 gpu_ms=1.0397 relative_l2=6.76648e-07 cpu_heap_peak=7663056 cpu_rss_peak=84123648 gpu_peak=357777408 status=PASS
sample_index=21 step=step4 cpu_ms=3.5326 gpu_ms=1.0986 relative_l2=1.91856e-07 cpu_heap_peak=7991024 cpu_rss_peak=84123648 gpu_peak=357777408 status=PASS
sample_index=21 step=step5 cpu_ms=416.52 gpu_ms=6.05074 relative_l2=2.43858e-07 cpu_heap_peak=8517424 cpu_rss_peak=84123648 gpu_peak=357777408 status=PASS
sample_index=21 cpu_pipeline_ms=731.26 gpu_pipeline_ms=11.0871 cuda_event_aux_sum_ms=6.30497 relative_l2=2.25882e-06 relative_linf=9.58014e-06 detection_mismatch_count=12 valid_detection_mismatch_count=12 boundary_detection_mismatch_count=0 mse=1.4118e-05 rmse=0.0037574 formal_relative_l2=2.25882e-06 formal_relative_linf=9.8883e-06 semantic_gates=5/5 accuracy_status=PASS
detection_mismatch_summary sample_index=22 total=12 valid=12 boundary=0
detection_mismatch sample_index=22 flat_index=18121 doppler=35 range=201 cfar_cell=valid gpu_detection=1 cpu_detection=0 gpu_power=0.1727 cpu_power=0.172697 gpu_threshold=0.171691 cpu_threshold=0.180275
detection_mismatch sample_index=22 flat_index=19231 doppler=37 range=287 cfar_cell=valid gpu_detection=1 cpu_detection=0 gpu_power=0.168287 cpu_power=0.168288 gpu_threshold=0.163106 cpu_threshold=0.171691
detection_mismatch sample_index=22 flat_index=19644 doppler=38 range=188 cfar_cell=valid gpu_detection=0 cpu_detection=1 gpu_power=0.129183 cpu_power=0.12918 gpu_threshold=0.137352 cpu_threshold=0.128768
detection_mismatch sample_index=22 flat_index=24750 doppler=48 range=174 cfar_cell=valid gpu_detection=1 cpu_detection=0 gpu_power=0.134319 cpu_power=0.134313 gpu_threshold=0.113745 cpu_threshold=0.138426
detection_mismatch sample_index=22 flat_index=25261 doppler=49 range=173 cfar_cell=valid gpu_detection=1 cpu_detection=0 gpu_power=0.146269 cpu_power=0.146253 gpu_threshold=0.127427 cpu_threshold=0.157741
detection_mismatch sample_index=22 flat_index=25262 doppler=49 range=174 cfar_cell=valid gpu_detection=1 cpu_detection=0 gpu_power=0.142449 cpu_power=0.142448 gpu_threshold=0.123939 cpu_threshold=0.157741
detection_mismatch sample_index=22 flat_index=26320 doppler=51 range=208 cfar_cell=valid gpu_detection=0 cpu_detection=1 gpu_power=0.0439611 cpu_power=0.0439566 gpu_threshold=0.0515072 cpu_threshold=0.0429226
detection_mismatch sample_index=22 flat_index=28931 doppler=56 range=259 cfar_cell=valid gpu_detection=0 cpu_detection=1 gpu_power=0.138231 cpu_power=0.138231 gpu_threshold=0.145937 cpu_threshold=0.137352
detection_mismatch sample_index=22 flat_index=29363 doppler=57 range=179 cfar_cell=valid gpu_detection=0 cpu_detection=1 gpu_power=0.0749506 cpu_power=0.074951 gpu_threshold=0.103014 cpu_threshold=0.0600917
detection_mismatch sample_index=22 flat_index=29364 doppler=57 range=180 cfar_cell=valid gpu_detection=0 cpu_detection=1 gpu_power=0.0856762 cpu_power=0.0856767 gpu_threshold=0.111599 cpu_threshold=0.0686762
detection_mismatch sample_index=22 flat_index=29365 doppler=57 range=181 cfar_cell=valid gpu_detection=0 cpu_detection=1 gpu_power=0.0966618 cpu_power=0.0966604 gpu_threshold=0.128768 cpu_threshold=0.0858453
detection_mismatch sample_index=22 flat_index=30934 doppler=60 range=214 cfar_cell=valid gpu_detection=0 cpu_detection=1 gpu_power=0.100427 cpu_power=0.100427 gpu_threshold=0.103014 cpu_threshold=0.0944298
sample_index=22 step=step1 cpu_ms=2.43373 gpu_ms=0.886375 relative_l2=2.10803e-06 cpu_heap_peak=7139264 cpu_rss_peak=83976192 gpu_peak=357777408 status=PASS
sample_index=22 step=step2 cpu_ms=135.695 gpu_ms=1.58037 relative_l2=2.54296e-07 cpu_heap_peak=7401424 cpu_rss_peak=83976192 gpu_peak=357777408 status=PASS
sample_index=22 step=step3 cpu_ms=173.32 gpu_ms=1.00291 relative_l2=6.76648e-07 cpu_heap_peak=7663680 cpu_rss_peak=83976192 gpu_peak=357777408 status=PASS
sample_index=22 step=step4 cpu_ms=3.52939 gpu_ms=1.09909 relative_l2=1.91856e-07 cpu_heap_peak=7991648 cpu_rss_peak=83976192 gpu_peak=357777408 status=PASS
sample_index=22 step=step5 cpu_ms=417.717 gpu_ms=6.095 relative_l2=2.43858e-07 cpu_heap_peak=8518064 cpu_rss_peak=83976192 gpu_peak=357777408 status=PASS
sample_index=22 cpu_pipeline_ms=732.893 gpu_pipeline_ms=11.1369 cuda_event_aux_sum_ms=6.55329 relative_l2=2.25882e-06 relative_linf=9.58014e-06 detection_mismatch_count=12 valid_detection_mismatch_count=12 boundary_detection_mismatch_count=0 mse=1.4118e-05 rmse=0.0037574 formal_relative_l2=2.25882e-06 formal_relative_linf=9.8883e-06 semantic_gates=5/5 accuracy_status=PASS
detection_mismatch_summary sample_index=23 total=12 valid=12 boundary=0
detection_mismatch sample_index=23 flat_index=18121 doppler=35 range=201 cfar_cell=valid gpu_detection=1 cpu_detection=0 gpu_power=0.1727 cpu_power=0.172697 gpu_threshold=0.171691 cpu_threshold=0.180275
detection_mismatch sample_index=23 flat_index=19231 doppler=37 range=287 cfar_cell=valid gpu_detection=1 cpu_detection=0 gpu_power=0.168287 cpu_power=0.168288 gpu_threshold=0.163106 cpu_threshold=0.171691
detection_mismatch sample_index=23 flat_index=19644 doppler=38 range=188 cfar_cell=valid gpu_detection=0 cpu_detection=1 gpu_power=0.129183 cpu_power=0.12918 gpu_threshold=0.137352 cpu_threshold=0.128768
detection_mismatch sample_index=23 flat_index=24750 doppler=48 range=174 cfar_cell=valid gpu_detection=1 cpu_detection=0 gpu_power=0.134319 cpu_power=0.134313 gpu_threshold=0.113745 cpu_threshold=0.138426
detection_mismatch sample_index=23 flat_index=25261 doppler=49 range=173 cfar_cell=valid gpu_detection=1 cpu_detection=0 gpu_power=0.146269 cpu_power=0.146253 gpu_threshold=0.127427 cpu_threshold=0.157741
detection_mismatch sample_index=23 flat_index=25262 doppler=49 range=174 cfar_cell=valid gpu_detection=1 cpu_detection=0 gpu_power=0.142449 cpu_power=0.142448 gpu_threshold=0.123939 cpu_threshold=0.157741
detection_mismatch sample_index=23 flat_index=26320 doppler=51 range=208 cfar_cell=valid gpu_detection=0 cpu_detection=1 gpu_power=0.0439611 cpu_power=0.0439566 gpu_threshold=0.0515072 cpu_threshold=0.0429226
detection_mismatch sample_index=23 flat_index=28931 doppler=56 range=259 cfar_cell=valid gpu_detection=0 cpu_detection=1 gpu_power=0.138231 cpu_power=0.138231 gpu_threshold=0.145937 cpu_threshold=0.137352
detection_mismatch sample_index=23 flat_index=29363 doppler=57 range=179 cfar_cell=valid gpu_detection=0 cpu_detection=1 gpu_power=0.0749506 cpu_power=0.074951 gpu_threshold=0.103014 cpu_threshold=0.0600917
detection_mismatch sample_index=23 flat_index=29364 doppler=57 range=180 cfar_cell=valid gpu_detection=0 cpu_detection=1 gpu_power=0.0856762 cpu_power=0.0856767 gpu_threshold=0.111599 cpu_threshold=0.0686762
detection_mismatch sample_index=23 flat_index=29365 doppler=57 range=181 cfar_cell=valid gpu_detection=0 cpu_detection=1 gpu_power=0.0966618 cpu_power=0.0966604 gpu_threshold=0.128768 cpu_threshold=0.0858453
detection_mismatch sample_index=23 flat_index=30934 doppler=60 range=214 cfar_cell=valid gpu_detection=0 cpu_detection=1 gpu_power=0.100427 cpu_power=0.100427 gpu_threshold=0.103014 cpu_threshold=0.0944298
sample_index=23 step=step1 cpu_ms=2.41661 gpu_ms=0.887555 relative_l2=2.10803e-06 cpu_heap_peak=7140208 cpu_rss_peak=83984384 gpu_peak=357777408 status=PASS
sample_index=23 step=step2 cpu_ms=135.564 gpu_ms=1.43049 relative_l2=2.54296e-07 cpu_heap_peak=7402368 cpu_rss_peak=83984384 gpu_peak=357777408 status=PASS
sample_index=23 step=step3 cpu_ms=172.765 gpu_ms=1.00416 relative_l2=6.76648e-07 cpu_heap_peak=7664656 cpu_rss_peak=83984384 gpu_peak=357777408 status=PASS
sample_index=23 step=step4 cpu_ms=3.51688 gpu_ms=1.09072 relative_l2=1.91856e-07 cpu_heap_peak=7992592 cpu_rss_peak=83984384 gpu_peak=357777408 status=PASS
sample_index=23 step=step5 cpu_ms=415.957 gpu_ms=5.98866 relative_l2=2.43858e-07 cpu_heap_peak=8518992 cpu_rss_peak=83984384 gpu_peak=357777408 status=PASS
sample_index=23 cpu_pipeline_ms=730.42 gpu_pipeline_ms=10.8661 cuda_event_aux_sum_ms=6.30419 relative_l2=2.25882e-06 relative_linf=9.58014e-06 detection_mismatch_count=12 valid_detection_mismatch_count=12 boundary_detection_mismatch_count=0 mse=1.4118e-05 rmse=0.0037574 formal_relative_l2=2.25882e-06 formal_relative_linf=9.8883e-06 semantic_gates=5/5 accuracy_status=PASS
detection_mismatch_summary sample_index=24 total=12 valid=12 boundary=0
detection_mismatch sample_index=24 flat_index=18121 doppler=35 range=201 cfar_cell=valid gpu_detection=1 cpu_detection=0 gpu_power=0.1727 cpu_power=0.172697 gpu_threshold=0.171691 cpu_threshold=0.180275
detection_mismatch sample_index=24 flat_index=19231 doppler=37 range=287 cfar_cell=valid gpu_detection=1 cpu_detection=0 gpu_power=0.168287 cpu_power=0.168288 gpu_threshold=0.163106 cpu_threshold=0.171691
detection_mismatch sample_index=24 flat_index=19644 doppler=38 range=188 cfar_cell=valid gpu_detection=0 cpu_detection=1 gpu_power=0.129183 cpu_power=0.12918 gpu_threshold=0.137352 cpu_threshold=0.128768
detection_mismatch sample_index=24 flat_index=24750 doppler=48 range=174 cfar_cell=valid gpu_detection=1 cpu_detection=0 gpu_power=0.134319 cpu_power=0.134313 gpu_threshold=0.113745 cpu_threshold=0.138426
detection_mismatch sample_index=24 flat_index=25261 doppler=49 range=173 cfar_cell=valid gpu_detection=1 cpu_detection=0 gpu_power=0.146269 cpu_power=0.146253 gpu_threshold=0.127427 cpu_threshold=0.157741
detection_mismatch sample_index=24 flat_index=25262 doppler=49 range=174 cfar_cell=valid gpu_detection=1 cpu_detection=0 gpu_power=0.142449 cpu_power=0.142448 gpu_threshold=0.123939 cpu_threshold=0.157741
detection_mismatch sample_index=24 flat_index=26320 doppler=51 range=208 cfar_cell=valid gpu_detection=0 cpu_detection=1 gpu_power=0.0439611 cpu_power=0.0439566 gpu_threshold=0.0515072 cpu_threshold=0.0429226
detection_mismatch sample_index=24 flat_index=28931 doppler=56 range=259 cfar_cell=valid gpu_detection=0 cpu_detection=1 gpu_power=0.138231 cpu_power=0.138231 gpu_threshold=0.145937 cpu_threshold=0.137352
detection_mismatch sample_index=24 flat_index=29363 doppler=57 range=179 cfar_cell=valid gpu_detection=0 cpu_detection=1 gpu_power=0.0749506 cpu_power=0.074951 gpu_threshold=0.103014 cpu_threshold=0.0600917
detection_mismatch sample_index=24 flat_index=29364 doppler=57 range=180 cfar_cell=valid gpu_detection=0 cpu_detection=1 gpu_power=0.0856762 cpu_power=0.0856767 gpu_threshold=0.111599 cpu_threshold=0.0686762
detection_mismatch sample_index=24 flat_index=29365 doppler=57 range=181 cfar_cell=valid gpu_detection=0 cpu_detection=1 gpu_power=0.0966618 cpu_power=0.0966604 gpu_threshold=0.128768 cpu_threshold=0.0858453
detection_mismatch sample_index=24 flat_index=30934 doppler=60 range=214 cfar_cell=valid gpu_detection=0 cpu_detection=1 gpu_power=0.100427 cpu_power=0.100427 gpu_threshold=0.103014 cpu_threshold=0.0944298
sample_index=24 step=step1 cpu_ms=2.43031 gpu_ms=0.892936 relative_l2=2.10803e-06 cpu_heap_peak=7138608 cpu_rss_peak=83984384 gpu_peak=357777408 status=PASS
sample_index=24 step=step2 cpu_ms=135.677 gpu_ms=1.44041 relative_l2=2.54296e-07 cpu_heap_peak=7400768 cpu_rss_peak=83984384 gpu_peak=357777408 status=PASS
sample_index=24 step=step3 cpu_ms=172.731 gpu_ms=1.00917 relative_l2=6.76648e-07 cpu_heap_peak=7663040 cpu_rss_peak=83984384 gpu_peak=357777408 status=PASS
sample_index=24 step=step4 cpu_ms=3.53524 gpu_ms=1.06831 relative_l2=1.91856e-07 cpu_heap_peak=7991024 cpu_rss_peak=83984384 gpu_peak=357777408 status=PASS
sample_index=24 step=step5 cpu_ms=416.273 gpu_ms=5.98789 relative_l2=2.43858e-07 cpu_heap_peak=8517488 cpu_rss_peak=83984384 gpu_peak=357777408 status=PASS
sample_index=24 cpu_pipeline_ms=730.846 gpu_pipeline_ms=10.8676 cuda_event_aux_sum_ms=6.31775 relative_l2=2.25882e-06 relative_linf=9.58014e-06 detection_mismatch_count=12 valid_detection_mismatch_count=12 boundary_detection_mismatch_count=0 mse=1.4118e-05 rmse=0.0037574 formal_relative_l2=2.25882e-06 formal_relative_linf=9.8883e-06 semantic_gates=5/5 accuracy_status=PASS
detection_mismatch_summary sample_index=25 total=12 valid=12 boundary=0
detection_mismatch sample_index=25 flat_index=18121 doppler=35 range=201 cfar_cell=valid gpu_detection=1 cpu_detection=0 gpu_power=0.1727 cpu_power=0.172697 gpu_threshold=0.171691 cpu_threshold=0.180275
detection_mismatch sample_index=25 flat_index=19231 doppler=37 range=287 cfar_cell=valid gpu_detection=1 cpu_detection=0 gpu_power=0.168287 cpu_power=0.168288 gpu_threshold=0.163106 cpu_threshold=0.171691
detection_mismatch sample_index=25 flat_index=19644 doppler=38 range=188 cfar_cell=valid gpu_detection=0 cpu_detection=1 gpu_power=0.129183 cpu_power=0.12918 gpu_threshold=0.137352 cpu_threshold=0.128768
detection_mismatch sample_index=25 flat_index=24750 doppler=48 range=174 cfar_cell=valid gpu_detection=1 cpu_detection=0 gpu_power=0.134319 cpu_power=0.134313 gpu_threshold=0.113745 cpu_threshold=0.138426
detection_mismatch sample_index=25 flat_index=25261 doppler=49 range=173 cfar_cell=valid gpu_detection=1 cpu_detection=0 gpu_power=0.146269 cpu_power=0.146253 gpu_threshold=0.127427 cpu_threshold=0.157741
detection_mismatch sample_index=25 flat_index=25262 doppler=49 range=174 cfar_cell=valid gpu_detection=1 cpu_detection=0 gpu_power=0.142449 cpu_power=0.142448 gpu_threshold=0.123939 cpu_threshold=0.157741
detection_mismatch sample_index=25 flat_index=26320 doppler=51 range=208 cfar_cell=valid gpu_detection=0 cpu_detection=1 gpu_power=0.0439611 cpu_power=0.0439566 gpu_threshold=0.0515072 cpu_threshold=0.0429226
detection_mismatch sample_index=25 flat_index=28931 doppler=56 range=259 cfar_cell=valid gpu_detection=0 cpu_detection=1 gpu_power=0.138231 cpu_power=0.138231 gpu_threshold=0.145937 cpu_threshold=0.137352
detection_mismatch sample_index=25 flat_index=29363 doppler=57 range=179 cfar_cell=valid gpu_detection=0 cpu_detection=1 gpu_power=0.0749506 cpu_power=0.074951 gpu_threshold=0.103014 cpu_threshold=0.0600917
detection_mismatch sample_index=25 flat_index=29364 doppler=57 range=180 cfar_cell=valid gpu_detection=0 cpu_detection=1 gpu_power=0.0856762 cpu_power=0.0856767 gpu_threshold=0.111599 cpu_threshold=0.0686762
detection_mismatch sample_index=25 flat_index=29365 doppler=57 range=181 cfar_cell=valid gpu_detection=0 cpu_detection=1 gpu_power=0.0966618 cpu_power=0.0966604 gpu_threshold=0.128768 cpu_threshold=0.0858453
detection_mismatch sample_index=25 flat_index=30934 doppler=60 range=214 cfar_cell=valid gpu_detection=0 cpu_detection=1 gpu_power=0.100427 cpu_power=0.100427 gpu_threshold=0.103014 cpu_threshold=0.0944298
sample_index=25 step=step1 cpu_ms=2.41534 gpu_ms=0.897855 relative_l2=2.10803e-06 cpu_heap_peak=7139584 cpu_rss_peak=83984384 gpu_peak=357777408 status=PASS
sample_index=25 step=step2 cpu_ms=135.564 gpu_ms=1.4346 relative_l2=2.54296e-07 cpu_heap_peak=7401744 cpu_rss_peak=83984384 gpu_peak=357777408 status=PASS
sample_index=25 step=step3 cpu_ms=173.055 gpu_ms=1.00596 relative_l2=6.76648e-07 cpu_heap_peak=7664064 cpu_rss_peak=83984384 gpu_peak=357777408 status=PASS
sample_index=25 step=step4 cpu_ms=3.53429 gpu_ms=1.07494 relative_l2=1.91856e-07 cpu_heap_peak=7991984 cpu_rss_peak=83984384 gpu_peak=357777408 status=PASS
sample_index=25 step=step5 cpu_ms=415.964 gpu_ms=5.99445 relative_l2=2.43858e-07 cpu_heap_peak=8518384 cpu_rss_peak=83984384 gpu_peak=357777408 status=PASS
sample_index=25 cpu_pipeline_ms=730.733 gpu_pipeline_ms=10.9359 cuda_event_aux_sum_ms=6.31326 relative_l2=2.25882e-06 relative_linf=9.58014e-06 detection_mismatch_count=12 valid_detection_mismatch_count=12 boundary_detection_mismatch_count=0 mse=1.4118e-05 rmse=0.0037574 formal_relative_l2=2.25882e-06 formal_relative_linf=9.8883e-06 semantic_gates=5/5 accuracy_status=PASS
detection_mismatch_summary sample_index=26 total=12 valid=12 boundary=0
detection_mismatch sample_index=26 flat_index=18121 doppler=35 range=201 cfar_cell=valid gpu_detection=1 cpu_detection=0 gpu_power=0.1727 cpu_power=0.172697 gpu_threshold=0.171691 cpu_threshold=0.180275
detection_mismatch sample_index=26 flat_index=19231 doppler=37 range=287 cfar_cell=valid gpu_detection=1 cpu_detection=0 gpu_power=0.168287 cpu_power=0.168288 gpu_threshold=0.163106 cpu_threshold=0.171691
detection_mismatch sample_index=26 flat_index=19644 doppler=38 range=188 cfar_cell=valid gpu_detection=0 cpu_detection=1 gpu_power=0.129183 cpu_power=0.12918 gpu_threshold=0.137352 cpu_threshold=0.128768
detection_mismatch sample_index=26 flat_index=24750 doppler=48 range=174 cfar_cell=valid gpu_detection=1 cpu_detection=0 gpu_power=0.134319 cpu_power=0.134313 gpu_threshold=0.113745 cpu_threshold=0.138426
detection_mismatch sample_index=26 flat_index=25261 doppler=49 range=173 cfar_cell=valid gpu_detection=1 cpu_detection=0 gpu_power=0.146269 cpu_power=0.146253 gpu_threshold=0.127427 cpu_threshold=0.157741
detection_mismatch sample_index=26 flat_index=25262 doppler=49 range=174 cfar_cell=valid gpu_detection=1 cpu_detection=0 gpu_power=0.142449 cpu_power=0.142448 gpu_threshold=0.123939 cpu_threshold=0.157741
detection_mismatch sample_index=26 flat_index=26320 doppler=51 range=208 cfar_cell=valid gpu_detection=0 cpu_detection=1 gpu_power=0.0439611 cpu_power=0.0439566 gpu_threshold=0.0515072 cpu_threshold=0.0429226
detection_mismatch sample_index=26 flat_index=28931 doppler=56 range=259 cfar_cell=valid gpu_detection=0 cpu_detection=1 gpu_power=0.138231 cpu_power=0.138231 gpu_threshold=0.145937 cpu_threshold=0.137352
detection_mismatch sample_index=26 flat_index=29363 doppler=57 range=179 cfar_cell=valid gpu_detection=0 cpu_detection=1 gpu_power=0.0749506 cpu_power=0.074951 gpu_threshold=0.103014 cpu_threshold=0.0600917
detection_mismatch sample_index=26 flat_index=29364 doppler=57 range=180 cfar_cell=valid gpu_detection=0 cpu_detection=1 gpu_power=0.0856762 cpu_power=0.0856767 gpu_threshold=0.111599 cpu_threshold=0.0686762
detection_mismatch sample_index=26 flat_index=29365 doppler=57 range=181 cfar_cell=valid gpu_detection=0 cpu_detection=1 gpu_power=0.0966618 cpu_power=0.0966604 gpu_threshold=0.128768 cpu_threshold=0.0858453
detection_mismatch sample_index=26 flat_index=30934 doppler=60 range=214 cfar_cell=valid gpu_detection=0 cpu_detection=1 gpu_power=0.100427 cpu_power=0.100427 gpu_threshold=0.103014 cpu_threshold=0.0944298
sample_index=26 step=step1 cpu_ms=2.44295 gpu_ms=0.898885 relative_l2=2.10803e-06 cpu_heap_peak=7138816 cpu_rss_peak=83984384 gpu_peak=357777408 status=PASS
sample_index=26 step=step2 cpu_ms=135.473 gpu_ms=1.45293 relative_l2=2.54296e-07 cpu_heap_peak=7400976 cpu_rss_peak=83984384 gpu_peak=357777408 status=PASS
sample_index=26 step=step3 cpu_ms=173.028 gpu_ms=1.01073 relative_l2=6.76648e-07 cpu_heap_peak=7663296 cpu_rss_peak=83984384 gpu_peak=357777408 status=PASS
sample_index=26 step=step4 cpu_ms=3.53269 gpu_ms=1.07445 relative_l2=1.91856e-07 cpu_heap_peak=7991200 cpu_rss_peak=83984384 gpu_peak=357777408 status=PASS
sample_index=26 step=step5 cpu_ms=415.797 gpu_ms=6.01719 relative_l2=2.43858e-07 cpu_heap_peak=8517600 cpu_rss_peak=84123648 gpu_peak=357777408 status=PASS
sample_index=26 cpu_pipeline_ms=730.472 gpu_pipeline_ms=11.0518 cuda_event_aux_sum_ms=6.34456 relative_l2=2.25882e-06 relative_linf=9.58014e-06 detection_mismatch_count=12 valid_detection_mismatch_count=12 boundary_detection_mismatch_count=0 mse=1.4118e-05 rmse=0.0037574 formal_relative_l2=2.25882e-06 formal_relative_linf=9.8883e-06 semantic_gates=5/5 accuracy_status=PASS
detection_mismatch_summary sample_index=27 total=12 valid=12 boundary=0
detection_mismatch sample_index=27 flat_index=18121 doppler=35 range=201 cfar_cell=valid gpu_detection=1 cpu_detection=0 gpu_power=0.1727 cpu_power=0.172697 gpu_threshold=0.171691 cpu_threshold=0.180275
detection_mismatch sample_index=27 flat_index=19231 doppler=37 range=287 cfar_cell=valid gpu_detection=1 cpu_detection=0 gpu_power=0.168287 cpu_power=0.168288 gpu_threshold=0.163106 cpu_threshold=0.171691
detection_mismatch sample_index=27 flat_index=19644 doppler=38 range=188 cfar_cell=valid gpu_detection=0 cpu_detection=1 gpu_power=0.129183 cpu_power=0.12918 gpu_threshold=0.137352 cpu_threshold=0.128768
detection_mismatch sample_index=27 flat_index=24750 doppler=48 range=174 cfar_cell=valid gpu_detection=1 cpu_detection=0 gpu_power=0.134319 cpu_power=0.134313 gpu_threshold=0.113745 cpu_threshold=0.138426
detection_mismatch sample_index=27 flat_index=25261 doppler=49 range=173 cfar_cell=valid gpu_detection=1 cpu_detection=0 gpu_power=0.146269 cpu_power=0.146253 gpu_threshold=0.127427 cpu_threshold=0.157741
detection_mismatch sample_index=27 flat_index=25262 doppler=49 range=174 cfar_cell=valid gpu_detection=1 cpu_detection=0 gpu_power=0.142449 cpu_power=0.142448 gpu_threshold=0.123939 cpu_threshold=0.157741
detection_mismatch sample_index=27 flat_index=26320 doppler=51 range=208 cfar_cell=valid gpu_detection=0 cpu_detection=1 gpu_power=0.0439611 cpu_power=0.0439566 gpu_threshold=0.0515072 cpu_threshold=0.0429226
detection_mismatch sample_index=27 flat_index=28931 doppler=56 range=259 cfar_cell=valid gpu_detection=0 cpu_detection=1 gpu_power=0.138231 cpu_power=0.138231 gpu_threshold=0.145937 cpu_threshold=0.137352
detection_mismatch sample_index=27 flat_index=29363 doppler=57 range=179 cfar_cell=valid gpu_detection=0 cpu_detection=1 gpu_power=0.0749506 cpu_power=0.074951 gpu_threshold=0.103014 cpu_threshold=0.0600917
detection_mismatch sample_index=27 flat_index=29364 doppler=57 range=180 cfar_cell=valid gpu_detection=0 cpu_detection=1 gpu_power=0.0856762 cpu_power=0.0856767 gpu_threshold=0.111599 cpu_threshold=0.0686762
detection_mismatch sample_index=27 flat_index=29365 doppler=57 range=181 cfar_cell=valid gpu_detection=0 cpu_detection=1 gpu_power=0.0966618 cpu_power=0.0966604 gpu_threshold=0.128768 cpu_threshold=0.0858453
detection_mismatch sample_index=27 flat_index=30934 doppler=60 range=214 cfar_cell=valid gpu_detection=0 cpu_detection=1 gpu_power=0.100427 cpu_power=0.100427 gpu_threshold=0.103014 cpu_threshold=0.0944298
sample_index=27 step=step1 cpu_ms=2.51342 gpu_ms=0.910196 relative_l2=2.10803e-06 cpu_heap_peak=7140752 cpu_rss_peak=84090880 gpu_peak=357777408 status=PASS
sample_index=27 step=step2 cpu_ms=135.781 gpu_ms=1.45672 relative_l2=2.54296e-07 cpu_heap_peak=7402912 cpu_rss_peak=84090880 gpu_peak=357777408 status=PASS
sample_index=27 step=step3 cpu_ms=173.007 gpu_ms=1.01274 relative_l2=6.76648e-07 cpu_heap_peak=7665168 cpu_rss_peak=84090880 gpu_peak=357777408 status=PASS
sample_index=27 step=step4 cpu_ms=3.53745 gpu_ms=1.0732 relative_l2=1.91856e-07 cpu_heap_peak=7993136 cpu_rss_peak=84090880 gpu_peak=357777408 status=PASS
sample_index=27 step=step5 cpu_ms=415.832 gpu_ms=5.95858 relative_l2=2.43858e-07 cpu_heap_peak=8519536 cpu_rss_peak=84090880 gpu_peak=357777408 status=PASS
sample_index=27 cpu_pipeline_ms=730.869 gpu_pipeline_ms=10.8929 cuda_event_aux_sum_ms=6.28934 relative_l2=2.25882e-06 relative_linf=9.58014e-06 detection_mismatch_count=12 valid_detection_mismatch_count=12 boundary_detection_mismatch_count=0 mse=1.4118e-05 rmse=0.0037574 formal_relative_l2=2.25882e-06 formal_relative_linf=9.8883e-06 semantic_gates=5/5 accuracy_status=PASS
detection_mismatch_summary sample_index=28 total=12 valid=12 boundary=0
detection_mismatch sample_index=28 flat_index=18121 doppler=35 range=201 cfar_cell=valid gpu_detection=1 cpu_detection=0 gpu_power=0.1727 cpu_power=0.172697 gpu_threshold=0.171691 cpu_threshold=0.180275
detection_mismatch sample_index=28 flat_index=19231 doppler=37 range=287 cfar_cell=valid gpu_detection=1 cpu_detection=0 gpu_power=0.168287 cpu_power=0.168288 gpu_threshold=0.163106 cpu_threshold=0.171691
detection_mismatch sample_index=28 flat_index=19644 doppler=38 range=188 cfar_cell=valid gpu_detection=0 cpu_detection=1 gpu_power=0.129183 cpu_power=0.12918 gpu_threshold=0.137352 cpu_threshold=0.128768
detection_mismatch sample_index=28 flat_index=24750 doppler=48 range=174 cfar_cell=valid gpu_detection=1 cpu_detection=0 gpu_power=0.134319 cpu_power=0.134313 gpu_threshold=0.113745 cpu_threshold=0.138426
detection_mismatch sample_index=28 flat_index=25261 doppler=49 range=173 cfar_cell=valid gpu_detection=1 cpu_detection=0 gpu_power=0.146269 cpu_power=0.146253 gpu_threshold=0.127427 cpu_threshold=0.157741
detection_mismatch sample_index=28 flat_index=25262 doppler=49 range=174 cfar_cell=valid gpu_detection=1 cpu_detection=0 gpu_power=0.142449 cpu_power=0.142448 gpu_threshold=0.123939 cpu_threshold=0.157741
detection_mismatch sample_index=28 flat_index=26320 doppler=51 range=208 cfar_cell=valid gpu_detection=0 cpu_detection=1 gpu_power=0.0439611 cpu_power=0.0439566 gpu_threshold=0.0515072 cpu_threshold=0.0429226
detection_mismatch sample_index=28 flat_index=28931 doppler=56 range=259 cfar_cell=valid gpu_detection=0 cpu_detection=1 gpu_power=0.138231 cpu_power=0.138231 gpu_threshold=0.145937 cpu_threshold=0.137352
detection_mismatch sample_index=28 flat_index=29363 doppler=57 range=179 cfar_cell=valid gpu_detection=0 cpu_detection=1 gpu_power=0.0749506 cpu_power=0.074951 gpu_threshold=0.103014 cpu_threshold=0.0600917
detection_mismatch sample_index=28 flat_index=29364 doppler=57 range=180 cfar_cell=valid gpu_detection=0 cpu_detection=1 gpu_power=0.0856762 cpu_power=0.0856767 gpu_threshold=0.111599 cpu_threshold=0.0686762
detection_mismatch sample_index=28 flat_index=29365 doppler=57 range=181 cfar_cell=valid gpu_detection=0 cpu_detection=1 gpu_power=0.0966618 cpu_power=0.0966604 gpu_threshold=0.128768 cpu_threshold=0.0858453
detection_mismatch sample_index=28 flat_index=30934 doppler=60 range=214 cfar_cell=valid gpu_detection=0 cpu_detection=1 gpu_power=0.100427 cpu_power=0.100427 gpu_threshold=0.103014 cpu_threshold=0.0944298
sample_index=28 step=step1 cpu_ms=2.43709 gpu_ms=0.884615 relative_l2=2.10803e-06 cpu_heap_peak=7140880 cpu_rss_peak=83980288 gpu_peak=357777408 status=PASS
sample_index=28 step=step2 cpu_ms=135.651 gpu_ms=1.42553 relative_l2=2.54296e-07 cpu_heap_peak=7403040 cpu_rss_peak=83980288 gpu_peak=357777408 status=PASS
sample_index=28 step=step3 cpu_ms=172.965 gpu_ms=1.01263 relative_l2=6.76648e-07 cpu_heap_peak=7665424 cpu_rss_peak=83980288 gpu_peak=357777408 status=PASS
sample_index=28 step=step4 cpu_ms=3.53632 gpu_ms=1.05695 relative_l2=1.91856e-07 cpu_heap_peak=7993280 cpu_rss_peak=83980288 gpu_peak=357777408 status=PASS
sample_index=28 step=step5 cpu_ms=415.969 gpu_ms=5.99766 relative_l2=2.43858e-07 cpu_heap_peak=8519712 cpu_rss_peak=83980288 gpu_peak=357777408 status=PASS
sample_index=28 cpu_pipeline_ms=730.757 gpu_pipeline_ms=10.8411 cuda_event_aux_sum_ms=6.29673 relative_l2=2.25882e-06 relative_linf=9.58014e-06 detection_mismatch_count=12 valid_detection_mismatch_count=12 boundary_detection_mismatch_count=0 mse=1.4118e-05 rmse=0.0037574 formal_relative_l2=2.25882e-06 formal_relative_linf=9.8883e-06 semantic_gates=5/5 accuracy_status=PASS
detection_mismatch_summary sample_index=29 total=12 valid=12 boundary=0
detection_mismatch sample_index=29 flat_index=18121 doppler=35 range=201 cfar_cell=valid gpu_detection=1 cpu_detection=0 gpu_power=0.1727 cpu_power=0.172697 gpu_threshold=0.171691 cpu_threshold=0.180275
detection_mismatch sample_index=29 flat_index=19231 doppler=37 range=287 cfar_cell=valid gpu_detection=1 cpu_detection=0 gpu_power=0.168287 cpu_power=0.168288 gpu_threshold=0.163106 cpu_threshold=0.171691
detection_mismatch sample_index=29 flat_index=19644 doppler=38 range=188 cfar_cell=valid gpu_detection=0 cpu_detection=1 gpu_power=0.129183 cpu_power=0.12918 gpu_threshold=0.137352 cpu_threshold=0.128768
detection_mismatch sample_index=29 flat_index=24750 doppler=48 range=174 cfar_cell=valid gpu_detection=1 cpu_detection=0 gpu_power=0.134319 cpu_power=0.134313 gpu_threshold=0.113745 cpu_threshold=0.138426
detection_mismatch sample_index=29 flat_index=25261 doppler=49 range=173 cfar_cell=valid gpu_detection=1 cpu_detection=0 gpu_power=0.146269 cpu_power=0.146253 gpu_threshold=0.127427 cpu_threshold=0.157741
detection_mismatch sample_index=29 flat_index=25262 doppler=49 range=174 cfar_cell=valid gpu_detection=1 cpu_detection=0 gpu_power=0.142449 cpu_power=0.142448 gpu_threshold=0.123939 cpu_threshold=0.157741
detection_mismatch sample_index=29 flat_index=26320 doppler=51 range=208 cfar_cell=valid gpu_detection=0 cpu_detection=1 gpu_power=0.0439611 cpu_power=0.0439566 gpu_threshold=0.0515072 cpu_threshold=0.0429226
detection_mismatch sample_index=29 flat_index=28931 doppler=56 range=259 cfar_cell=valid gpu_detection=0 cpu_detection=1 gpu_power=0.138231 cpu_power=0.138231 gpu_threshold=0.145937 cpu_threshold=0.137352
detection_mismatch sample_index=29 flat_index=29363 doppler=57 range=179 cfar_cell=valid gpu_detection=0 cpu_detection=1 gpu_power=0.0749506 cpu_power=0.074951 gpu_threshold=0.103014 cpu_threshold=0.0600917
detection_mismatch sample_index=29 flat_index=29364 doppler=57 range=180 cfar_cell=valid gpu_detection=0 cpu_detection=1 gpu_power=0.0856762 cpu_power=0.0856767 gpu_threshold=0.111599 cpu_threshold=0.0686762
detection_mismatch sample_index=29 flat_index=29365 doppler=57 range=181 cfar_cell=valid gpu_detection=0 cpu_detection=1 gpu_power=0.0966618 cpu_power=0.0966604 gpu_threshold=0.128768 cpu_threshold=0.0858453
detection_mismatch sample_index=29 flat_index=30934 doppler=60 range=214 cfar_cell=valid gpu_detection=0 cpu_detection=1 gpu_power=0.100427 cpu_power=0.100427 gpu_threshold=0.103014 cpu_threshold=0.0944298
sample_index=29 step=step1 cpu_ms=2.43049 gpu_ms=0.893495 relative_l2=2.10803e-06 cpu_heap_peak=7139840 cpu_rss_peak=83980288 gpu_peak=357777408 status=PASS
sample_index=29 step=step2 cpu_ms=135.598 gpu_ms=1.43541 relative_l2=2.54296e-07 cpu_heap_peak=7402000 cpu_rss_peak=83980288 gpu_peak=357777408 status=PASS
sample_index=29 step=step3 cpu_ms=172.98 gpu_ms=1.01297 relative_l2=6.76648e-07 cpu_heap_peak=7664384 cpu_rss_peak=83980288 gpu_peak=357777408 status=PASS
sample_index=29 step=step4 cpu_ms=3.53094 gpu_ms=1.08069 relative_l2=1.91856e-07 cpu_heap_peak=7992224 cpu_rss_peak=83980288 gpu_peak=357777408 status=PASS
sample_index=29 step=step5 cpu_ms=415.951 gpu_ms=5.98855 relative_l2=2.43858e-07 cpu_heap_peak=8518624 cpu_rss_peak=83980288 gpu_peak=357777408 status=PASS
sample_index=29 cpu_pipeline_ms=730.691 gpu_pipeline_ms=10.8859 cuda_event_aux_sum_ms=6.2937 relative_l2=2.25882e-06 relative_linf=9.58014e-06 detection_mismatch_count=12 valid_detection_mismatch_count=12 boundary_detection_mismatch_count=0 mse=1.4118e-05 rmse=0.0037574 formal_relative_l2=2.25882e-06 formal_relative_linf=9.8883e-06 semantic_gates=5/5 accuracy_status=PASS
detection_mismatch_summary sample_index=30 total=12 valid=12 boundary=0
detection_mismatch sample_index=30 flat_index=18121 doppler=35 range=201 cfar_cell=valid gpu_detection=1 cpu_detection=0 gpu_power=0.1727 cpu_power=0.172697 gpu_threshold=0.171691 cpu_threshold=0.180275
detection_mismatch sample_index=30 flat_index=19231 doppler=37 range=287 cfar_cell=valid gpu_detection=1 cpu_detection=0 gpu_power=0.168287 cpu_power=0.168288 gpu_threshold=0.163106 cpu_threshold=0.171691
detection_mismatch sample_index=30 flat_index=19644 doppler=38 range=188 cfar_cell=valid gpu_detection=0 cpu_detection=1 gpu_power=0.129183 cpu_power=0.12918 gpu_threshold=0.137352 cpu_threshold=0.128768
detection_mismatch sample_index=30 flat_index=24750 doppler=48 range=174 cfar_cell=valid gpu_detection=1 cpu_detection=0 gpu_power=0.134319 cpu_power=0.134313 gpu_threshold=0.113745 cpu_threshold=0.138426
detection_mismatch sample_index=30 flat_index=25261 doppler=49 range=173 cfar_cell=valid gpu_detection=1 cpu_detection=0 gpu_power=0.146269 cpu_power=0.146253 gpu_threshold=0.127427 cpu_threshold=0.157741
detection_mismatch sample_index=30 flat_index=25262 doppler=49 range=174 cfar_cell=valid gpu_detection=1 cpu_detection=0 gpu_power=0.142449 cpu_power=0.142448 gpu_threshold=0.123939 cpu_threshold=0.157741
detection_mismatch sample_index=30 flat_index=26320 doppler=51 range=208 cfar_cell=valid gpu_detection=0 cpu_detection=1 gpu_power=0.0439611 cpu_power=0.0439566 gpu_threshold=0.0515072 cpu_threshold=0.0429226
detection_mismatch sample_index=30 flat_index=28931 doppler=56 range=259 cfar_cell=valid gpu_detection=0 cpu_detection=1 gpu_power=0.138231 cpu_power=0.138231 gpu_threshold=0.145937 cpu_threshold=0.137352
detection_mismatch sample_index=30 flat_index=29363 doppler=57 range=179 cfar_cell=valid gpu_detection=0 cpu_detection=1 gpu_power=0.0749506 cpu_power=0.074951 gpu_threshold=0.103014 cpu_threshold=0.0600917
detection_mismatch sample_index=30 flat_index=29364 doppler=57 range=180 cfar_cell=valid gpu_detection=0 cpu_detection=1 gpu_power=0.0856762 cpu_power=0.0856767 gpu_threshold=0.111599 cpu_threshold=0.0686762
detection_mismatch sample_index=30 flat_index=29365 doppler=57 range=181 cfar_cell=valid gpu_detection=0 cpu_detection=1 gpu_power=0.0966618 cpu_power=0.0966604 gpu_threshold=0.128768 cpu_threshold=0.0858453
detection_mismatch sample_index=30 flat_index=30934 doppler=60 range=214 cfar_cell=valid gpu_detection=0 cpu_detection=1 gpu_power=0.100427 cpu_power=0.100427 gpu_threshold=0.103014 cpu_threshold=0.0944298
sample_index=30 step=step1 cpu_ms=2.43642 gpu_ms=0.957616 relative_l2=2.10803e-06 cpu_heap_peak=7140800 cpu_rss_peak=83984384 gpu_peak=357777408 status=PASS
sample_index=30 step=step2 cpu_ms=135.481 gpu_ms=1.43789 relative_l2=2.54296e-07 cpu_heap_peak=7402960 cpu_rss_peak=83984384 gpu_peak=357777408 status=PASS
sample_index=30 step=step3 cpu_ms=172.865 gpu_ms=1.00932 relative_l2=6.76648e-07 cpu_heap_peak=7665376 cpu_rss_peak=83984384 gpu_peak=357777408 status=PASS
sample_index=30 step=step4 cpu_ms=3.53783 gpu_ms=1.06513 relative_l2=1.91856e-07 cpu_heap_peak=7993184 cpu_rss_peak=83984384 gpu_peak=357777408 status=PASS
sample_index=30 step=step5 cpu_ms=415.951 gpu_ms=6.00638 relative_l2=2.43858e-07 cpu_heap_peak=8519632 cpu_rss_peak=83984384 gpu_peak=357777408 status=PASS
sample_index=30 cpu_pipeline_ms=730.471 gpu_pipeline_ms=10.9451 cuda_event_aux_sum_ms=6.32962 relative_l2=2.25882e-06 relative_linf=9.58014e-06 detection_mismatch_count=12 valid_detection_mismatch_count=12 boundary_detection_mismatch_count=0 mse=1.4118e-05 rmse=0.0037574 formal_relative_l2=2.25882e-06 formal_relative_linf=9.8883e-06 semantic_gates=5/5 accuracy_status=PASS
detection_mismatch_summary sample_index=31 total=12 valid=12 boundary=0
detection_mismatch sample_index=31 flat_index=18121 doppler=35 range=201 cfar_cell=valid gpu_detection=1 cpu_detection=0 gpu_power=0.1727 cpu_power=0.172697 gpu_threshold=0.171691 cpu_threshold=0.180275
detection_mismatch sample_index=31 flat_index=19231 doppler=37 range=287 cfar_cell=valid gpu_detection=1 cpu_detection=0 gpu_power=0.168287 cpu_power=0.168288 gpu_threshold=0.163106 cpu_threshold=0.171691
detection_mismatch sample_index=31 flat_index=19644 doppler=38 range=188 cfar_cell=valid gpu_detection=0 cpu_detection=1 gpu_power=0.129183 cpu_power=0.12918 gpu_threshold=0.137352 cpu_threshold=0.128768
detection_mismatch sample_index=31 flat_index=24750 doppler=48 range=174 cfar_cell=valid gpu_detection=1 cpu_detection=0 gpu_power=0.134319 cpu_power=0.134313 gpu_threshold=0.113745 cpu_threshold=0.138426
detection_mismatch sample_index=31 flat_index=25261 doppler=49 range=173 cfar_cell=valid gpu_detection=1 cpu_detection=0 gpu_power=0.146269 cpu_power=0.146253 gpu_threshold=0.127427 cpu_threshold=0.157741
detection_mismatch sample_index=31 flat_index=25262 doppler=49 range=174 cfar_cell=valid gpu_detection=1 cpu_detection=0 gpu_power=0.142449 cpu_power=0.142448 gpu_threshold=0.123939 cpu_threshold=0.157741
detection_mismatch sample_index=31 flat_index=26320 doppler=51 range=208 cfar_cell=valid gpu_detection=0 cpu_detection=1 gpu_power=0.0439611 cpu_power=0.0439566 gpu_threshold=0.0515072 cpu_threshold=0.0429226
detection_mismatch sample_index=31 flat_index=28931 doppler=56 range=259 cfar_cell=valid gpu_detection=0 cpu_detection=1 gpu_power=0.138231 cpu_power=0.138231 gpu_threshold=0.145937 cpu_threshold=0.137352
detection_mismatch sample_index=31 flat_index=29363 doppler=57 range=179 cfar_cell=valid gpu_detection=0 cpu_detection=1 gpu_power=0.0749506 cpu_power=0.074951 gpu_threshold=0.103014 cpu_threshold=0.0600917
detection_mismatch sample_index=31 flat_index=29364 doppler=57 range=180 cfar_cell=valid gpu_detection=0 cpu_detection=1 gpu_power=0.0856762 cpu_power=0.0856767 gpu_threshold=0.111599 cpu_threshold=0.0686762
detection_mismatch sample_index=31 flat_index=29365 doppler=57 range=181 cfar_cell=valid gpu_detection=0 cpu_detection=1 gpu_power=0.0966618 cpu_power=0.0966604 gpu_threshold=0.128768 cpu_threshold=0.0858453
detection_mismatch sample_index=31 flat_index=30934 doppler=60 range=214 cfar_cell=valid gpu_detection=0 cpu_detection=1 gpu_power=0.100427 cpu_power=0.100427 gpu_threshold=0.103014 cpu_threshold=0.0944298
sample_index=31 step=step1 cpu_ms=2.43127 gpu_ms=0.882426 relative_l2=2.10803e-06 cpu_heap_peak=7139712 cpu_rss_peak=83984384 gpu_peak=357777408 status=PASS
sample_index=31 step=step2 cpu_ms=135.559 gpu_ms=1.43609 relative_l2=2.54296e-07 cpu_heap_peak=7401872 cpu_rss_peak=83984384 gpu_peak=357777408 status=PASS
sample_index=31 step=step3 cpu_ms=173.047 gpu_ms=1.0052 relative_l2=6.76648e-07 cpu_heap_peak=7664288 cpu_rss_peak=83984384 gpu_peak=357777408 status=PASS
sample_index=31 step=step4 cpu_ms=3.53226 gpu_ms=1.08882 relative_l2=1.91856e-07 cpu_heap_peak=7992064 cpu_rss_peak=83984384 gpu_peak=357777408 status=PASS
sample_index=31 step=step5 cpu_ms=415.812 gpu_ms=6.10708 relative_l2=2.43858e-07 cpu_heap_peak=8518496 cpu_rss_peak=83984384 gpu_peak=357777408 status=PASS
sample_index=31 cpu_pipeline_ms=730.58 gpu_pipeline_ms=10.9921 cuda_event_aux_sum_ms=6.37696 relative_l2=2.25882e-06 relative_linf=9.58014e-06 detection_mismatch_count=12 valid_detection_mismatch_count=12 boundary_detection_mismatch_count=0 mse=1.4118e-05 rmse=0.0037574 formal_relative_l2=2.25882e-06 formal_relative_linf=9.8883e-06 semantic_gates=5/5 accuracy_status=PASS
detection_mismatch_summary sample_index=32 total=12 valid=12 boundary=0
detection_mismatch sample_index=32 flat_index=18121 doppler=35 range=201 cfar_cell=valid gpu_detection=1 cpu_detection=0 gpu_power=0.1727 cpu_power=0.172697 gpu_threshold=0.171691 cpu_threshold=0.180275
detection_mismatch sample_index=32 flat_index=19231 doppler=37 range=287 cfar_cell=valid gpu_detection=1 cpu_detection=0 gpu_power=0.168287 cpu_power=0.168288 gpu_threshold=0.163106 cpu_threshold=0.171691
detection_mismatch sample_index=32 flat_index=19644 doppler=38 range=188 cfar_cell=valid gpu_detection=0 cpu_detection=1 gpu_power=0.129183 cpu_power=0.12918 gpu_threshold=0.137352 cpu_threshold=0.128768
detection_mismatch sample_index=32 flat_index=24750 doppler=48 range=174 cfar_cell=valid gpu_detection=1 cpu_detection=0 gpu_power=0.134319 cpu_power=0.134313 gpu_threshold=0.113745 cpu_threshold=0.138426
detection_mismatch sample_index=32 flat_index=25261 doppler=49 range=173 cfar_cell=valid gpu_detection=1 cpu_detection=0 gpu_power=0.146269 cpu_power=0.146253 gpu_threshold=0.127427 cpu_threshold=0.157741
detection_mismatch sample_index=32 flat_index=25262 doppler=49 range=174 cfar_cell=valid gpu_detection=1 cpu_detection=0 gpu_power=0.142449 cpu_power=0.142448 gpu_threshold=0.123939 cpu_threshold=0.157741
detection_mismatch sample_index=32 flat_index=26320 doppler=51 range=208 cfar_cell=valid gpu_detection=0 cpu_detection=1 gpu_power=0.0439611 cpu_power=0.0439566 gpu_threshold=0.0515072 cpu_threshold=0.0429226
detection_mismatch sample_index=32 flat_index=28931 doppler=56 range=259 cfar_cell=valid gpu_detection=0 cpu_detection=1 gpu_power=0.138231 cpu_power=0.138231 gpu_threshold=0.145937 cpu_threshold=0.137352
detection_mismatch sample_index=32 flat_index=29363 doppler=57 range=179 cfar_cell=valid gpu_detection=0 cpu_detection=1 gpu_power=0.0749506 cpu_power=0.074951 gpu_threshold=0.103014 cpu_threshold=0.0600917
detection_mismatch sample_index=32 flat_index=29364 doppler=57 range=180 cfar_cell=valid gpu_detection=0 cpu_detection=1 gpu_power=0.0856762 cpu_power=0.0856767 gpu_threshold=0.111599 cpu_threshold=0.0686762
detection_mismatch sample_index=32 flat_index=29365 doppler=57 range=181 cfar_cell=valid gpu_detection=0 cpu_detection=1 gpu_power=0.0966618 cpu_power=0.0966604 gpu_threshold=0.128768 cpu_threshold=0.0858453
detection_mismatch sample_index=32 flat_index=30934 doppler=60 range=214 cfar_cell=valid gpu_detection=0 cpu_detection=1 gpu_power=0.100427 cpu_power=0.100427 gpu_threshold=0.103014 cpu_threshold=0.0944298
sample_index=32 step=step1 cpu_ms=2.43045 gpu_ms=0.930725 relative_l2=2.10803e-06 cpu_heap_peak=7140240 cpu_rss_peak=83984384 gpu_peak=357777408 status=PASS
sample_index=32 step=step2 cpu_ms=139.684 gpu_ms=1.5954 relative_l2=2.54296e-07 cpu_heap_peak=7402400 cpu_rss_peak=83984384 gpu_peak=357777408 status=PASS
sample_index=32 step=step3 cpu_ms=172.775 gpu_ms=1.01927 relative_l2=6.76648e-07 cpu_heap_peak=7664816 cpu_rss_peak=83984384 gpu_peak=357777408 status=PASS
sample_index=32 step=step4 cpu_ms=3.53227 gpu_ms=1.07419 relative_l2=1.91856e-07 cpu_heap_peak=7992624 cpu_rss_peak=83984384 gpu_peak=357777408 status=PASS
sample_index=32 step=step5 cpu_ms=416.096 gpu_ms=5.99463 relative_l2=2.43858e-07 cpu_heap_peak=8518992 cpu_rss_peak=83984384 gpu_peak=357777408 status=PASS
sample_index=32 cpu_pipeline_ms=734.72 gpu_pipeline_ms=11.26 cuda_event_aux_sum_ms=6.44088 relative_l2=2.25882e-06 relative_linf=9.58014e-06 detection_mismatch_count=12 valid_detection_mismatch_count=12 boundary_detection_mismatch_count=0 mse=1.4118e-05 rmse=0.0037574 formal_relative_l2=2.25882e-06 formal_relative_linf=9.8883e-06 semantic_gates=5/5 accuracy_status=PASS
detection_mismatch_summary sample_index=33 total=12 valid=12 boundary=0
detection_mismatch sample_index=33 flat_index=18121 doppler=35 range=201 cfar_cell=valid gpu_detection=1 cpu_detection=0 gpu_power=0.1727 cpu_power=0.172697 gpu_threshold=0.171691 cpu_threshold=0.180275
detection_mismatch sample_index=33 flat_index=19231 doppler=37 range=287 cfar_cell=valid gpu_detection=1 cpu_detection=0 gpu_power=0.168287 cpu_power=0.168288 gpu_threshold=0.163106 cpu_threshold=0.171691
detection_mismatch sample_index=33 flat_index=19644 doppler=38 range=188 cfar_cell=valid gpu_detection=0 cpu_detection=1 gpu_power=0.129183 cpu_power=0.12918 gpu_threshold=0.137352 cpu_threshold=0.128768
detection_mismatch sample_index=33 flat_index=24750 doppler=48 range=174 cfar_cell=valid gpu_detection=1 cpu_detection=0 gpu_power=0.134319 cpu_power=0.134313 gpu_threshold=0.113745 cpu_threshold=0.138426
detection_mismatch sample_index=33 flat_index=25261 doppler=49 range=173 cfar_cell=valid gpu_detection=1 cpu_detection=0 gpu_power=0.146269 cpu_power=0.146253 gpu_threshold=0.127427 cpu_threshold=0.157741
detection_mismatch sample_index=33 flat_index=25262 doppler=49 range=174 cfar_cell=valid gpu_detection=1 cpu_detection=0 gpu_power=0.142449 cpu_power=0.142448 gpu_threshold=0.123939 cpu_threshold=0.157741
detection_mismatch sample_index=33 flat_index=26320 doppler=51 range=208 cfar_cell=valid gpu_detection=0 cpu_detection=1 gpu_power=0.0439611 cpu_power=0.0439566 gpu_threshold=0.0515072 cpu_threshold=0.0429226
detection_mismatch sample_index=33 flat_index=28931 doppler=56 range=259 cfar_cell=valid gpu_detection=0 cpu_detection=1 gpu_power=0.138231 cpu_power=0.138231 gpu_threshold=0.145937 cpu_threshold=0.137352
detection_mismatch sample_index=33 flat_index=29363 doppler=57 range=179 cfar_cell=valid gpu_detection=0 cpu_detection=1 gpu_power=0.0749506 cpu_power=0.074951 gpu_threshold=0.103014 cpu_threshold=0.0600917
detection_mismatch sample_index=33 flat_index=29364 doppler=57 range=180 cfar_cell=valid gpu_detection=0 cpu_detection=1 gpu_power=0.0856762 cpu_power=0.0856767 gpu_threshold=0.111599 cpu_threshold=0.0686762
detection_mismatch sample_index=33 flat_index=29365 doppler=57 range=181 cfar_cell=valid gpu_detection=0 cpu_detection=1 gpu_power=0.0966618 cpu_power=0.0966604 gpu_threshold=0.128768 cpu_threshold=0.0858453
detection_mismatch sample_index=33 flat_index=30934 doppler=60 range=214 cfar_cell=valid gpu_detection=0 cpu_detection=1 gpu_power=0.100427 cpu_power=0.100427 gpu_threshold=0.103014 cpu_threshold=0.0944298
sample_index=33 step=step1 cpu_ms=2.41473 gpu_ms=0.909126 relative_l2=2.10803e-06 cpu_heap_peak=7161552 cpu_rss_peak=83976192 gpu_peak=357777408 status=PASS
sample_index=33 step=step2 cpu_ms=135.466 gpu_ms=1.42895 relative_l2=2.54296e-07 cpu_heap_peak=7423712 cpu_rss_peak=83976192 gpu_peak=357777408 status=PASS
sample_index=33 step=step3 cpu_ms=173.115 gpu_ms=1.00516 relative_l2=6.76648e-07 cpu_heap_peak=7686128 cpu_rss_peak=83976192 gpu_peak=357777408 status=PASS
sample_index=33 step=step4 cpu_ms=3.52824 gpu_ms=1.08604 relative_l2=1.91856e-07 cpu_heap_peak=8014032 cpu_rss_peak=83976192 gpu_peak=357777408 status=PASS
sample_index=33 step=step5 cpu_ms=415.971 gpu_ms=5.99485 relative_l2=2.43858e-07 cpu_heap_peak=8540400 cpu_rss_peak=84123648 gpu_peak=357777408 status=PASS
sample_index=33 cpu_pipeline_ms=730.694 gpu_pipeline_ms=10.8948 cuda_event_aux_sum_ms=6.29387 relative_l2=2.25882e-06 relative_linf=9.58014e-06 detection_mismatch_count=12 valid_detection_mismatch_count=12 boundary_detection_mismatch_count=0 mse=1.4118e-05 rmse=0.0037574 formal_relative_l2=2.25882e-06 formal_relative_linf=9.8883e-06 semantic_gates=5/5 accuracy_status=PASS
detection_mismatch_summary sample_index=34 total=12 valid=12 boundary=0
detection_mismatch sample_index=34 flat_index=18121 doppler=35 range=201 cfar_cell=valid gpu_detection=1 cpu_detection=0 gpu_power=0.1727 cpu_power=0.172697 gpu_threshold=0.171691 cpu_threshold=0.180275
detection_mismatch sample_index=34 flat_index=19231 doppler=37 range=287 cfar_cell=valid gpu_detection=1 cpu_detection=0 gpu_power=0.168287 cpu_power=0.168288 gpu_threshold=0.163106 cpu_threshold=0.171691
detection_mismatch sample_index=34 flat_index=19644 doppler=38 range=188 cfar_cell=valid gpu_detection=0 cpu_detection=1 gpu_power=0.129183 cpu_power=0.12918 gpu_threshold=0.137352 cpu_threshold=0.128768
detection_mismatch sample_index=34 flat_index=24750 doppler=48 range=174 cfar_cell=valid gpu_detection=1 cpu_detection=0 gpu_power=0.134319 cpu_power=0.134313 gpu_threshold=0.113745 cpu_threshold=0.138426
detection_mismatch sample_index=34 flat_index=25261 doppler=49 range=173 cfar_cell=valid gpu_detection=1 cpu_detection=0 gpu_power=0.146269 cpu_power=0.146253 gpu_threshold=0.127427 cpu_threshold=0.157741
detection_mismatch sample_index=34 flat_index=25262 doppler=49 range=174 cfar_cell=valid gpu_detection=1 cpu_detection=0 gpu_power=0.142449 cpu_power=0.142448 gpu_threshold=0.123939 cpu_threshold=0.157741
detection_mismatch sample_index=34 flat_index=26320 doppler=51 range=208 cfar_cell=valid gpu_detection=0 cpu_detection=1 gpu_power=0.0439611 cpu_power=0.0439566 gpu_threshold=0.0515072 cpu_threshold=0.0429226
detection_mismatch sample_index=34 flat_index=28931 doppler=56 range=259 cfar_cell=valid gpu_detection=0 cpu_detection=1 gpu_power=0.138231 cpu_power=0.138231 gpu_threshold=0.145937 cpu_threshold=0.137352
detection_mismatch sample_index=34 flat_index=29363 doppler=57 range=179 cfar_cell=valid gpu_detection=0 cpu_detection=1 gpu_power=0.0749506 cpu_power=0.074951 gpu_threshold=0.103014 cpu_threshold=0.0600917
detection_mismatch sample_index=34 flat_index=29364 doppler=57 range=180 cfar_cell=valid gpu_detection=0 cpu_detection=1 gpu_power=0.0856762 cpu_power=0.0856767 gpu_threshold=0.111599 cpu_threshold=0.0686762
detection_mismatch sample_index=34 flat_index=29365 doppler=57 range=181 cfar_cell=valid gpu_detection=0 cpu_detection=1 gpu_power=0.0966618 cpu_power=0.0966604 gpu_threshold=0.128768 cpu_threshold=0.0858453
detection_mismatch sample_index=34 flat_index=30934 doppler=60 range=214 cfar_cell=valid gpu_detection=0 cpu_detection=1 gpu_power=0.100427 cpu_power=0.100427 gpu_threshold=0.103014 cpu_threshold=0.0944298
sample_index=34 step=step1 cpu_ms=2.52986 gpu_ms=0.932806 relative_l2=2.10803e-06 cpu_heap_peak=7161056 cpu_rss_peak=84119552 gpu_peak=357777408 status=PASS
sample_index=34 step=step2 cpu_ms=135.729 gpu_ms=1.45118 relative_l2=2.54296e-07 cpu_heap_peak=7423216 cpu_rss_peak=84119552 gpu_peak=357777408 status=PASS
sample_index=34 step=step3 cpu_ms=174.908 gpu_ms=1.00786 relative_l2=6.76648e-07 cpu_heap_peak=7685632 cpu_rss_peak=84119552 gpu_peak=357777408 status=PASS
sample_index=34 step=step4 cpu_ms=3.53228 gpu_ms=1.08226 relative_l2=1.91856e-07 cpu_heap_peak=8013536 cpu_rss_peak=84119552 gpu_peak=357777408 status=PASS
sample_index=34 step=step5 cpu_ms=415.926 gpu_ms=6.02853 relative_l2=2.43858e-07 cpu_heap_peak=8539904 cpu_rss_peak=84119552 gpu_peak=357777408 status=PASS
sample_index=34 cpu_pipeline_ms=732.828 gpu_pipeline_ms=11.0375 cuda_event_aux_sum_ms=6.30803 relative_l2=2.25882e-06 relative_linf=9.58014e-06 detection_mismatch_count=12 valid_detection_mismatch_count=12 boundary_detection_mismatch_count=0 mse=1.4118e-05 rmse=0.0037574 formal_relative_l2=2.25882e-06 formal_relative_linf=9.8883e-06 semantic_gates=5/5 accuracy_status=PASS
detection_mismatch_summary sample_index=35 total=12 valid=12 boundary=0
detection_mismatch sample_index=35 flat_index=18121 doppler=35 range=201 cfar_cell=valid gpu_detection=1 cpu_detection=0 gpu_power=0.1727 cpu_power=0.172697 gpu_threshold=0.171691 cpu_threshold=0.180275
detection_mismatch sample_index=35 flat_index=19231 doppler=37 range=287 cfar_cell=valid gpu_detection=1 cpu_detection=0 gpu_power=0.168287 cpu_power=0.168288 gpu_threshold=0.163106 cpu_threshold=0.171691
detection_mismatch sample_index=35 flat_index=19644 doppler=38 range=188 cfar_cell=valid gpu_detection=0 cpu_detection=1 gpu_power=0.129183 cpu_power=0.12918 gpu_threshold=0.137352 cpu_threshold=0.128768
detection_mismatch sample_index=35 flat_index=24750 doppler=48 range=174 cfar_cell=valid gpu_detection=1 cpu_detection=0 gpu_power=0.134319 cpu_power=0.134313 gpu_threshold=0.113745 cpu_threshold=0.138426
detection_mismatch sample_index=35 flat_index=25261 doppler=49 range=173 cfar_cell=valid gpu_detection=1 cpu_detection=0 gpu_power=0.146269 cpu_power=0.146253 gpu_threshold=0.127427 cpu_threshold=0.157741
detection_mismatch sample_index=35 flat_index=25262 doppler=49 range=174 cfar_cell=valid gpu_detection=1 cpu_detection=0 gpu_power=0.142449 cpu_power=0.142448 gpu_threshold=0.123939 cpu_threshold=0.157741
detection_mismatch sample_index=35 flat_index=26320 doppler=51 range=208 cfar_cell=valid gpu_detection=0 cpu_detection=1 gpu_power=0.0439611 cpu_power=0.0439566 gpu_threshold=0.0515072 cpu_threshold=0.0429226
detection_mismatch sample_index=35 flat_index=28931 doppler=56 range=259 cfar_cell=valid gpu_detection=0 cpu_detection=1 gpu_power=0.138231 cpu_power=0.138231 gpu_threshold=0.145937 cpu_threshold=0.137352
detection_mismatch sample_index=35 flat_index=29363 doppler=57 range=179 cfar_cell=valid gpu_detection=0 cpu_detection=1 gpu_power=0.0749506 cpu_power=0.074951 gpu_threshold=0.103014 cpu_threshold=0.0600917
detection_mismatch sample_index=35 flat_index=29364 doppler=57 range=180 cfar_cell=valid gpu_detection=0 cpu_detection=1 gpu_power=0.0856762 cpu_power=0.0856767 gpu_threshold=0.111599 cpu_threshold=0.0686762
detection_mismatch sample_index=35 flat_index=29365 doppler=57 range=181 cfar_cell=valid gpu_detection=0 cpu_detection=1 gpu_power=0.0966618 cpu_power=0.0966604 gpu_threshold=0.128768 cpu_threshold=0.0858453
detection_mismatch sample_index=35 flat_index=30934 doppler=60 range=214 cfar_cell=valid gpu_detection=0 cpu_detection=1 gpu_power=0.100427 cpu_power=0.100427 gpu_threshold=0.103014 cpu_threshold=0.0944298
sample_index=35 step=step1 cpu_ms=2.41498 gpu_ms=0.889915 relative_l2=2.10803e-06 cpu_heap_peak=7161728 cpu_rss_peak=83976192 gpu_peak=357777408 status=PASS
sample_index=35 step=step2 cpu_ms=135.636 gpu_ms=1.43215 relative_l2=2.54296e-07 cpu_heap_peak=7423888 cpu_rss_peak=83976192 gpu_peak=357777408 status=PASS
sample_index=35 step=step3 cpu_ms=172.814 gpu_ms=1.0199 relative_l2=6.76648e-07 cpu_heap_peak=7686304 cpu_rss_peak=83976192 gpu_peak=357777408 status=PASS
sample_index=35 step=step4 cpu_ms=3.55298 gpu_ms=1.07088 relative_l2=1.91856e-07 cpu_heap_peak=8014144 cpu_rss_peak=83976192 gpu_peak=357777408 status=PASS
sample_index=35 step=step5 cpu_ms=417.447 gpu_ms=5.97162 relative_l2=2.43858e-07 cpu_heap_peak=8540512 cpu_rss_peak=83976192 gpu_peak=357777408 status=PASS
sample_index=35 cpu_pipeline_ms=732.064 gpu_pipeline_ms=10.8499 cuda_event_aux_sum_ms=6.29931 relative_l2=2.25882e-06 relative_linf=9.58014e-06 detection_mismatch_count=12 valid_detection_mismatch_count=12 boundary_detection_mismatch_count=0 mse=1.4118e-05 rmse=0.0037574 formal_relative_l2=2.25882e-06 formal_relative_linf=9.8883e-06 semantic_gates=5/5 accuracy_status=PASS
detection_mismatch_summary sample_index=36 total=12 valid=12 boundary=0
detection_mismatch sample_index=36 flat_index=18121 doppler=35 range=201 cfar_cell=valid gpu_detection=1 cpu_detection=0 gpu_power=0.1727 cpu_power=0.172697 gpu_threshold=0.171691 cpu_threshold=0.180275
detection_mismatch sample_index=36 flat_index=19231 doppler=37 range=287 cfar_cell=valid gpu_detection=1 cpu_detection=0 gpu_power=0.168287 cpu_power=0.168288 gpu_threshold=0.163106 cpu_threshold=0.171691
detection_mismatch sample_index=36 flat_index=19644 doppler=38 range=188 cfar_cell=valid gpu_detection=0 cpu_detection=1 gpu_power=0.129183 cpu_power=0.12918 gpu_threshold=0.137352 cpu_threshold=0.128768
detection_mismatch sample_index=36 flat_index=24750 doppler=48 range=174 cfar_cell=valid gpu_detection=1 cpu_detection=0 gpu_power=0.134319 cpu_power=0.134313 gpu_threshold=0.113745 cpu_threshold=0.138426
detection_mismatch sample_index=36 flat_index=25261 doppler=49 range=173 cfar_cell=valid gpu_detection=1 cpu_detection=0 gpu_power=0.146269 cpu_power=0.146253 gpu_threshold=0.127427 cpu_threshold=0.157741
detection_mismatch sample_index=36 flat_index=25262 doppler=49 range=174 cfar_cell=valid gpu_detection=1 cpu_detection=0 gpu_power=0.142449 cpu_power=0.142448 gpu_threshold=0.123939 cpu_threshold=0.157741
detection_mismatch sample_index=36 flat_index=26320 doppler=51 range=208 cfar_cell=valid gpu_detection=0 cpu_detection=1 gpu_power=0.0439611 cpu_power=0.0439566 gpu_threshold=0.0515072 cpu_threshold=0.0429226
detection_mismatch sample_index=36 flat_index=28931 doppler=56 range=259 cfar_cell=valid gpu_detection=0 cpu_detection=1 gpu_power=0.138231 cpu_power=0.138231 gpu_threshold=0.145937 cpu_threshold=0.137352
detection_mismatch sample_index=36 flat_index=29363 doppler=57 range=179 cfar_cell=valid gpu_detection=0 cpu_detection=1 gpu_power=0.0749506 cpu_power=0.074951 gpu_threshold=0.103014 cpu_threshold=0.0600917
detection_mismatch sample_index=36 flat_index=29364 doppler=57 range=180 cfar_cell=valid gpu_detection=0 cpu_detection=1 gpu_power=0.0856762 cpu_power=0.0856767 gpu_threshold=0.111599 cpu_threshold=0.0686762
detection_mismatch sample_index=36 flat_index=29365 doppler=57 range=181 cfar_cell=valid gpu_detection=0 cpu_detection=1 gpu_power=0.0966618 cpu_power=0.0966604 gpu_threshold=0.128768 cpu_threshold=0.0858453
detection_mismatch sample_index=36 flat_index=30934 doppler=60 range=214 cfar_cell=valid gpu_detection=0 cpu_detection=1 gpu_power=0.100427 cpu_power=0.100427 gpu_threshold=0.103014 cpu_threshold=0.0944298
sample_index=36 step=step1 cpu_ms=2.41829 gpu_ms=0.891135 relative_l2=2.10803e-06 cpu_heap_peak=7162608 cpu_rss_peak=83984384 gpu_peak=357777408 status=PASS
sample_index=36 step=step2 cpu_ms=135.636 gpu_ms=1.43819 relative_l2=2.54296e-07 cpu_heap_peak=7424768 cpu_rss_peak=83984384 gpu_peak=357777408 status=PASS
sample_index=36 step=step3 cpu_ms=172.795 gpu_ms=1.00793 relative_l2=6.76648e-07 cpu_heap_peak=7687184 cpu_rss_peak=83984384 gpu_peak=357777408 status=PASS
sample_index=36 step=step4 cpu_ms=3.53189 gpu_ms=1.06399 relative_l2=1.91856e-07 cpu_heap_peak=8015088 cpu_rss_peak=83984384 gpu_peak=357777408 status=PASS
sample_index=36 step=step5 cpu_ms=415.792 gpu_ms=6.01803 relative_l2=2.43858e-07 cpu_heap_peak=8541456 cpu_rss_peak=83984384 gpu_peak=357777408 status=PASS
sample_index=36 cpu_pipeline_ms=730.371 gpu_pipeline_ms=10.8835 cuda_event_aux_sum_ms=6.32339 relative_l2=2.25882e-06 relative_linf=9.58014e-06 detection_mismatch_count=12 valid_detection_mismatch_count=12 boundary_detection_mismatch_count=0 mse=1.4118e-05 rmse=0.0037574 formal_relative_l2=2.25882e-06 formal_relative_linf=9.8883e-06 semantic_gates=5/5 accuracy_status=PASS
detection_mismatch_summary sample_index=37 total=12 valid=12 boundary=0
detection_mismatch sample_index=37 flat_index=18121 doppler=35 range=201 cfar_cell=valid gpu_detection=1 cpu_detection=0 gpu_power=0.1727 cpu_power=0.172697 gpu_threshold=0.171691 cpu_threshold=0.180275
detection_mismatch sample_index=37 flat_index=19231 doppler=37 range=287 cfar_cell=valid gpu_detection=1 cpu_detection=0 gpu_power=0.168287 cpu_power=0.168288 gpu_threshold=0.163106 cpu_threshold=0.171691
detection_mismatch sample_index=37 flat_index=19644 doppler=38 range=188 cfar_cell=valid gpu_detection=0 cpu_detection=1 gpu_power=0.129183 cpu_power=0.12918 gpu_threshold=0.137352 cpu_threshold=0.128768
detection_mismatch sample_index=37 flat_index=24750 doppler=48 range=174 cfar_cell=valid gpu_detection=1 cpu_detection=0 gpu_power=0.134319 cpu_power=0.134313 gpu_threshold=0.113745 cpu_threshold=0.138426
detection_mismatch sample_index=37 flat_index=25261 doppler=49 range=173 cfar_cell=valid gpu_detection=1 cpu_detection=0 gpu_power=0.146269 cpu_power=0.146253 gpu_threshold=0.127427 cpu_threshold=0.157741
detection_mismatch sample_index=37 flat_index=25262 doppler=49 range=174 cfar_cell=valid gpu_detection=1 cpu_detection=0 gpu_power=0.142449 cpu_power=0.142448 gpu_threshold=0.123939 cpu_threshold=0.157741
detection_mismatch sample_index=37 flat_index=26320 doppler=51 range=208 cfar_cell=valid gpu_detection=0 cpu_detection=1 gpu_power=0.0439611 cpu_power=0.0439566 gpu_threshold=0.0515072 cpu_threshold=0.0429226
detection_mismatch sample_index=37 flat_index=28931 doppler=56 range=259 cfar_cell=valid gpu_detection=0 cpu_detection=1 gpu_power=0.138231 cpu_power=0.138231 gpu_threshold=0.145937 cpu_threshold=0.137352
detection_mismatch sample_index=37 flat_index=29363 doppler=57 range=179 cfar_cell=valid gpu_detection=0 cpu_detection=1 gpu_power=0.0749506 cpu_power=0.074951 gpu_threshold=0.103014 cpu_threshold=0.0600917
detection_mismatch sample_index=37 flat_index=29364 doppler=57 range=180 cfar_cell=valid gpu_detection=0 cpu_detection=1 gpu_power=0.0856762 cpu_power=0.0856767 gpu_threshold=0.111599 cpu_threshold=0.0686762
detection_mismatch sample_index=37 flat_index=29365 doppler=57 range=181 cfar_cell=valid gpu_detection=0 cpu_detection=1 gpu_power=0.0966618 cpu_power=0.0966604 gpu_threshold=0.128768 cpu_threshold=0.0858453
detection_mismatch sample_index=37 flat_index=30934 doppler=60 range=214 cfar_cell=valid gpu_detection=0 cpu_detection=1 gpu_power=0.100427 cpu_power=0.100427 gpu_threshold=0.103014 cpu_threshold=0.0944298
sample_index=37 step=step1 cpu_ms=2.42633 gpu_ms=0.902486 relative_l2=2.10803e-06 cpu_heap_peak=7162528 cpu_rss_peak=83984384 gpu_peak=357777408 status=PASS
sample_index=37 step=step2 cpu_ms=135.887 gpu_ms=1.43778 relative_l2=2.54296e-07 cpu_heap_peak=7424688 cpu_rss_peak=83984384 gpu_peak=357777408 status=PASS
sample_index=37 step=step3 cpu_ms=172.938 gpu_ms=1.01538 relative_l2=6.76648e-07 cpu_heap_peak=7687104 cpu_rss_peak=83984384 gpu_peak=357777408 status=PASS
sample_index=37 step=step4 cpu_ms=3.53994 gpu_ms=1.08369 relative_l2=1.91856e-07 cpu_heap_peak=8015008 cpu_rss_peak=83984384 gpu_peak=357777408 status=PASS
sample_index=37 step=step5 cpu_ms=415.944 gpu_ms=6.0162 relative_l2=2.43858e-07 cpu_heap_peak=8541376 cpu_rss_peak=83984384 gpu_peak=357777408 status=PASS
sample_index=37 cpu_pipeline_ms=730.934 gpu_pipeline_ms=10.9361 cuda_event_aux_sum_ms=6.29812 relative_l2=2.25882e-06 relative_linf=9.58014e-06 detection_mismatch_count=12 valid_detection_mismatch_count=12 boundary_detection_mismatch_count=0 mse=1.4118e-05 rmse=0.0037574 formal_relative_l2=2.25882e-06 formal_relative_linf=9.8883e-06 semantic_gates=5/5 accuracy_status=PASS
detection_mismatch_summary sample_index=38 total=12 valid=12 boundary=0
detection_mismatch sample_index=38 flat_index=18121 doppler=35 range=201 cfar_cell=valid gpu_detection=1 cpu_detection=0 gpu_power=0.1727 cpu_power=0.172697 gpu_threshold=0.171691 cpu_threshold=0.180275
detection_mismatch sample_index=38 flat_index=19231 doppler=37 range=287 cfar_cell=valid gpu_detection=1 cpu_detection=0 gpu_power=0.168287 cpu_power=0.168288 gpu_threshold=0.163106 cpu_threshold=0.171691
detection_mismatch sample_index=38 flat_index=19644 doppler=38 range=188 cfar_cell=valid gpu_detection=0 cpu_detection=1 gpu_power=0.129183 cpu_power=0.12918 gpu_threshold=0.137352 cpu_threshold=0.128768
detection_mismatch sample_index=38 flat_index=24750 doppler=48 range=174 cfar_cell=valid gpu_detection=1 cpu_detection=0 gpu_power=0.134319 cpu_power=0.134313 gpu_threshold=0.113745 cpu_threshold=0.138426
detection_mismatch sample_index=38 flat_index=25261 doppler=49 range=173 cfar_cell=valid gpu_detection=1 cpu_detection=0 gpu_power=0.146269 cpu_power=0.146253 gpu_threshold=0.127427 cpu_threshold=0.157741
detection_mismatch sample_index=38 flat_index=25262 doppler=49 range=174 cfar_cell=valid gpu_detection=1 cpu_detection=0 gpu_power=0.142449 cpu_power=0.142448 gpu_threshold=0.123939 cpu_threshold=0.157741
detection_mismatch sample_index=38 flat_index=26320 doppler=51 range=208 cfar_cell=valid gpu_detection=0 cpu_detection=1 gpu_power=0.0439611 cpu_power=0.0439566 gpu_threshold=0.0515072 cpu_threshold=0.0429226
detection_mismatch sample_index=38 flat_index=28931 doppler=56 range=259 cfar_cell=valid gpu_detection=0 cpu_detection=1 gpu_power=0.138231 cpu_power=0.138231 gpu_threshold=0.145937 cpu_threshold=0.137352
detection_mismatch sample_index=38 flat_index=29363 doppler=57 range=179 cfar_cell=valid gpu_detection=0 cpu_detection=1 gpu_power=0.0749506 cpu_power=0.074951 gpu_threshold=0.103014 cpu_threshold=0.0600917
detection_mismatch sample_index=38 flat_index=29364 doppler=57 range=180 cfar_cell=valid gpu_detection=0 cpu_detection=1 gpu_power=0.0856762 cpu_power=0.0856767 gpu_threshold=0.111599 cpu_threshold=0.0686762
detection_mismatch sample_index=38 flat_index=29365 doppler=57 range=181 cfar_cell=valid gpu_detection=0 cpu_detection=1 gpu_power=0.0966618 cpu_power=0.0966604 gpu_threshold=0.128768 cpu_threshold=0.0858453
detection_mismatch sample_index=38 flat_index=30934 doppler=60 range=214 cfar_cell=valid gpu_detection=0 cpu_detection=1 gpu_power=0.100427 cpu_power=0.100427 gpu_threshold=0.103014 cpu_threshold=0.0944298
sample_index=38 step=step1 cpu_ms=2.42919 gpu_ms=0.884005 relative_l2=2.10803e-06 cpu_heap_peak=7162240 cpu_rss_peak=83980288 gpu_peak=357777408 status=PASS
sample_index=38 step=step2 cpu_ms=135.599 gpu_ms=1.42436 relative_l2=2.54296e-07 cpu_heap_peak=7424400 cpu_rss_peak=83980288 gpu_peak=357777408 status=PASS
sample_index=38 step=step3 cpu_ms=173.025 gpu_ms=1.01658 relative_l2=6.76648e-07 cpu_heap_peak=7686816 cpu_rss_peak=83980288 gpu_peak=357777408 status=PASS
sample_index=38 step=step4 cpu_ms=3.53522 gpu_ms=1.07799 relative_l2=1.91856e-07 cpu_heap_peak=8014720 cpu_rss_peak=83980288 gpu_peak=357777408 status=PASS
sample_index=38 step=step5 cpu_ms=415.794 gpu_ms=5.99343 relative_l2=2.43858e-07 cpu_heap_peak=8541088 cpu_rss_peak=83980288 gpu_peak=357777408 status=PASS
sample_index=38 cpu_pipeline_ms=730.585 gpu_pipeline_ms=10.8608 cuda_event_aux_sum_ms=6.2872 relative_l2=2.25882e-06 relative_linf=9.58014e-06 detection_mismatch_count=12 valid_detection_mismatch_count=12 boundary_detection_mismatch_count=0 mse=1.4118e-05 rmse=0.0037574 formal_relative_l2=2.25882e-06 formal_relative_linf=9.8883e-06 semantic_gates=5/5 accuracy_status=PASS
detection_mismatch_summary sample_index=39 total=12 valid=12 boundary=0
detection_mismatch sample_index=39 flat_index=18121 doppler=35 range=201 cfar_cell=valid gpu_detection=1 cpu_detection=0 gpu_power=0.1727 cpu_power=0.172697 gpu_threshold=0.171691 cpu_threshold=0.180275
detection_mismatch sample_index=39 flat_index=19231 doppler=37 range=287 cfar_cell=valid gpu_detection=1 cpu_detection=0 gpu_power=0.168287 cpu_power=0.168288 gpu_threshold=0.163106 cpu_threshold=0.171691
detection_mismatch sample_index=39 flat_index=19644 doppler=38 range=188 cfar_cell=valid gpu_detection=0 cpu_detection=1 gpu_power=0.129183 cpu_power=0.12918 gpu_threshold=0.137352 cpu_threshold=0.128768
detection_mismatch sample_index=39 flat_index=24750 doppler=48 range=174 cfar_cell=valid gpu_detection=1 cpu_detection=0 gpu_power=0.134319 cpu_power=0.134313 gpu_threshold=0.113745 cpu_threshold=0.138426
detection_mismatch sample_index=39 flat_index=25261 doppler=49 range=173 cfar_cell=valid gpu_detection=1 cpu_detection=0 gpu_power=0.146269 cpu_power=0.146253 gpu_threshold=0.127427 cpu_threshold=0.157741
detection_mismatch sample_index=39 flat_index=25262 doppler=49 range=174 cfar_cell=valid gpu_detection=1 cpu_detection=0 gpu_power=0.142449 cpu_power=0.142448 gpu_threshold=0.123939 cpu_threshold=0.157741
detection_mismatch sample_index=39 flat_index=26320 doppler=51 range=208 cfar_cell=valid gpu_detection=0 cpu_detection=1 gpu_power=0.0439611 cpu_power=0.0439566 gpu_threshold=0.0515072 cpu_threshold=0.0429226
detection_mismatch sample_index=39 flat_index=28931 doppler=56 range=259 cfar_cell=valid gpu_detection=0 cpu_detection=1 gpu_power=0.138231 cpu_power=0.138231 gpu_threshold=0.145937 cpu_threshold=0.137352
detection_mismatch sample_index=39 flat_index=29363 doppler=57 range=179 cfar_cell=valid gpu_detection=0 cpu_detection=1 gpu_power=0.0749506 cpu_power=0.074951 gpu_threshold=0.103014 cpu_threshold=0.0600917
detection_mismatch sample_index=39 flat_index=29364 doppler=57 range=180 cfar_cell=valid gpu_detection=0 cpu_detection=1 gpu_power=0.0856762 cpu_power=0.0856767 gpu_threshold=0.111599 cpu_threshold=0.0686762
detection_mismatch sample_index=39 flat_index=29365 doppler=57 range=181 cfar_cell=valid gpu_detection=0 cpu_detection=1 gpu_power=0.0966618 cpu_power=0.0966604 gpu_threshold=0.128768 cpu_threshold=0.0858453
detection_mismatch sample_index=39 flat_index=30934 doppler=60 range=214 cfar_cell=valid gpu_detection=0 cpu_detection=1 gpu_power=0.100427 cpu_power=0.100427 gpu_threshold=0.103014 cpu_threshold=0.0944298
sample_index=39 step=step1 cpu_ms=2.43172 gpu_ms=0.886735 relative_l2=2.10803e-06 cpu_heap_peak=7162960 cpu_rss_peak=83984384 gpu_peak=357777408 status=PASS
sample_index=39 step=step2 cpu_ms=135.528 gpu_ms=1.43859 relative_l2=2.54296e-07 cpu_heap_peak=7425120 cpu_rss_peak=83984384 gpu_peak=357777408 status=PASS
sample_index=39 step=step3 cpu_ms=173.216 gpu_ms=1.00603 relative_l2=6.76648e-07 cpu_heap_peak=7687536 cpu_rss_peak=83984384 gpu_peak=357777408 status=PASS
sample_index=39 step=step4 cpu_ms=3.5326 gpu_ms=1.07164 relative_l2=1.91856e-07 cpu_heap_peak=8015440 cpu_rss_peak=83984384 gpu_peak=357777408 status=PASS
sample_index=39 step=step5 cpu_ms=416.043 gpu_ms=5.97771 relative_l2=2.43858e-07 cpu_heap_peak=8541808 cpu_rss_peak=83984384 gpu_peak=357777408 status=PASS
sample_index=39 cpu_pipeline_ms=730.95 gpu_pipeline_ms=10.8426 cuda_event_aux_sum_ms=6.29972 relative_l2=2.25882e-06 relative_linf=9.58014e-06 detection_mismatch_count=12 valid_detection_mismatch_count=12 boundary_detection_mismatch_count=0 mse=1.4118e-05 rmse=0.0037574 formal_relative_l2=2.25882e-06 formal_relative_linf=9.8883e-06 semantic_gates=5/5 accuracy_status=PASS
detection_mismatch_summary sample_index=40 total=12 valid=12 boundary=0
detection_mismatch sample_index=40 flat_index=18121 doppler=35 range=201 cfar_cell=valid gpu_detection=1 cpu_detection=0 gpu_power=0.1727 cpu_power=0.172697 gpu_threshold=0.171691 cpu_threshold=0.180275
detection_mismatch sample_index=40 flat_index=19231 doppler=37 range=287 cfar_cell=valid gpu_detection=1 cpu_detection=0 gpu_power=0.168287 cpu_power=0.168288 gpu_threshold=0.163106 cpu_threshold=0.171691
detection_mismatch sample_index=40 flat_index=19644 doppler=38 range=188 cfar_cell=valid gpu_detection=0 cpu_detection=1 gpu_power=0.129183 cpu_power=0.12918 gpu_threshold=0.137352 cpu_threshold=0.128768
detection_mismatch sample_index=40 flat_index=24750 doppler=48 range=174 cfar_cell=valid gpu_detection=1 cpu_detection=0 gpu_power=0.134319 cpu_power=0.134313 gpu_threshold=0.113745 cpu_threshold=0.138426
detection_mismatch sample_index=40 flat_index=25261 doppler=49 range=173 cfar_cell=valid gpu_detection=1 cpu_detection=0 gpu_power=0.146269 cpu_power=0.146253 gpu_threshold=0.127427 cpu_threshold=0.157741
detection_mismatch sample_index=40 flat_index=25262 doppler=49 range=174 cfar_cell=valid gpu_detection=1 cpu_detection=0 gpu_power=0.142449 cpu_power=0.142448 gpu_threshold=0.123939 cpu_threshold=0.157741
detection_mismatch sample_index=40 flat_index=26320 doppler=51 range=208 cfar_cell=valid gpu_detection=0 cpu_detection=1 gpu_power=0.0439611 cpu_power=0.0439566 gpu_threshold=0.0515072 cpu_threshold=0.0429226
detection_mismatch sample_index=40 flat_index=28931 doppler=56 range=259 cfar_cell=valid gpu_detection=0 cpu_detection=1 gpu_power=0.138231 cpu_power=0.138231 gpu_threshold=0.145937 cpu_threshold=0.137352
detection_mismatch sample_index=40 flat_index=29363 doppler=57 range=179 cfar_cell=valid gpu_detection=0 cpu_detection=1 gpu_power=0.0749506 cpu_power=0.074951 gpu_threshold=0.103014 cpu_threshold=0.0600917
detection_mismatch sample_index=40 flat_index=29364 doppler=57 range=180 cfar_cell=valid gpu_detection=0 cpu_detection=1 gpu_power=0.0856762 cpu_power=0.0856767 gpu_threshold=0.111599 cpu_threshold=0.0686762
detection_mismatch sample_index=40 flat_index=29365 doppler=57 range=181 cfar_cell=valid gpu_detection=0 cpu_detection=1 gpu_power=0.0966618 cpu_power=0.0966604 gpu_threshold=0.128768 cpu_threshold=0.0858453
detection_mismatch sample_index=40 flat_index=30934 doppler=60 range=214 cfar_cell=valid gpu_detection=0 cpu_detection=1 gpu_power=0.100427 cpu_power=0.100427 gpu_threshold=0.103014 cpu_threshold=0.0944298
sample_index=40 step=step1 cpu_ms=2.41623 gpu_ms=0.898075 relative_l2=2.10803e-06 cpu_heap_peak=7163168 cpu_rss_peak=83980288 gpu_peak=357777408 status=PASS
sample_index=40 step=step2 cpu_ms=135.51 gpu_ms=1.42279 relative_l2=2.54296e-07 cpu_heap_peak=7425328 cpu_rss_peak=83980288 gpu_peak=357777408 status=PASS
sample_index=40 step=step3 cpu_ms=172.76 gpu_ms=1.00927 relative_l2=6.76648e-07 cpu_heap_peak=7687744 cpu_rss_peak=83980288 gpu_peak=357777408 status=PASS
sample_index=40 step=step4 cpu_ms=3.52546 gpu_ms=1.07909 relative_l2=1.91856e-07 cpu_heap_peak=8015648 cpu_rss_peak=83980288 gpu_peak=357777408 status=PASS
sample_index=40 step=step5 cpu_ms=415.809 gpu_ms=5.98249 relative_l2=2.43858e-07 cpu_heap_peak=8542016 cpu_rss_peak=83980288 gpu_peak=357777408 status=PASS
sample_index=40 cpu_pipeline_ms=730.219 gpu_pipeline_ms=10.8586 cuda_event_aux_sum_ms=6.31398 relative_l2=2.25882e-06 relative_linf=9.58014e-06 detection_mismatch_count=12 valid_detection_mismatch_count=12 boundary_detection_mismatch_count=0 mse=1.4118e-05 rmse=0.0037574 formal_relative_l2=2.25882e-06 formal_relative_linf=9.8883e-06 semantic_gates=5/5 accuracy_status=PASS
detection_mismatch_summary sample_index=41 total=12 valid=12 boundary=0
detection_mismatch sample_index=41 flat_index=18121 doppler=35 range=201 cfar_cell=valid gpu_detection=1 cpu_detection=0 gpu_power=0.1727 cpu_power=0.172697 gpu_threshold=0.171691 cpu_threshold=0.180275
detection_mismatch sample_index=41 flat_index=19231 doppler=37 range=287 cfar_cell=valid gpu_detection=1 cpu_detection=0 gpu_power=0.168287 cpu_power=0.168288 gpu_threshold=0.163106 cpu_threshold=0.171691
detection_mismatch sample_index=41 flat_index=19644 doppler=38 range=188 cfar_cell=valid gpu_detection=0 cpu_detection=1 gpu_power=0.129183 cpu_power=0.12918 gpu_threshold=0.137352 cpu_threshold=0.128768
detection_mismatch sample_index=41 flat_index=24750 doppler=48 range=174 cfar_cell=valid gpu_detection=1 cpu_detection=0 gpu_power=0.134319 cpu_power=0.134313 gpu_threshold=0.113745 cpu_threshold=0.138426
detection_mismatch sample_index=41 flat_index=25261 doppler=49 range=173 cfar_cell=valid gpu_detection=1 cpu_detection=0 gpu_power=0.146269 cpu_power=0.146253 gpu_threshold=0.127427 cpu_threshold=0.157741
detection_mismatch sample_index=41 flat_index=25262 doppler=49 range=174 cfar_cell=valid gpu_detection=1 cpu_detection=0 gpu_power=0.142449 cpu_power=0.142448 gpu_threshold=0.123939 cpu_threshold=0.157741
detection_mismatch sample_index=41 flat_index=26320 doppler=51 range=208 cfar_cell=valid gpu_detection=0 cpu_detection=1 gpu_power=0.0439611 cpu_power=0.0439566 gpu_threshold=0.0515072 cpu_threshold=0.0429226
detection_mismatch sample_index=41 flat_index=28931 doppler=56 range=259 cfar_cell=valid gpu_detection=0 cpu_detection=1 gpu_power=0.138231 cpu_power=0.138231 gpu_threshold=0.145937 cpu_threshold=0.137352
detection_mismatch sample_index=41 flat_index=29363 doppler=57 range=179 cfar_cell=valid gpu_detection=0 cpu_detection=1 gpu_power=0.0749506 cpu_power=0.074951 gpu_threshold=0.103014 cpu_threshold=0.0600917
detection_mismatch sample_index=41 flat_index=29364 doppler=57 range=180 cfar_cell=valid gpu_detection=0 cpu_detection=1 gpu_power=0.0856762 cpu_power=0.0856767 gpu_threshold=0.111599 cpu_threshold=0.0686762
detection_mismatch sample_index=41 flat_index=29365 doppler=57 range=181 cfar_cell=valid gpu_detection=0 cpu_detection=1 gpu_power=0.0966618 cpu_power=0.0966604 gpu_threshold=0.128768 cpu_threshold=0.0858453
detection_mismatch sample_index=41 flat_index=30934 doppler=60 range=214 cfar_cell=valid gpu_detection=0 cpu_detection=1 gpu_power=0.100427 cpu_power=0.100427 gpu_threshold=0.103014 cpu_threshold=0.0944298
sample_index=41 step=step1 cpu_ms=2.42679 gpu_ms=0.876755 relative_l2=2.10803e-06 cpu_heap_peak=7163936 cpu_rss_peak=83984384 gpu_peak=357777408 status=PASS
sample_index=41 step=step2 cpu_ms=135.48 gpu_ms=1.54798 relative_l2=2.54296e-07 cpu_heap_peak=7426096 cpu_rss_peak=83984384 gpu_peak=357777408 status=PASS
sample_index=41 step=step3 cpu_ms=173.021 gpu_ms=1.04438 relative_l2=6.76648e-07 cpu_heap_peak=7688512 cpu_rss_peak=83984384 gpu_peak=357777408 status=PASS
sample_index=41 step=step4 cpu_ms=3.53033 gpu_ms=1.05916 relative_l2=1.91856e-07 cpu_heap_peak=8016416 cpu_rss_peak=83984384 gpu_peak=357777408 status=PASS
sample_index=41 step=step5 cpu_ms=415.717 gpu_ms=6.17459 relative_l2=2.43858e-07 cpu_heap_peak=8542784 cpu_rss_peak=83984384 gpu_peak=357777408 status=PASS
sample_index=41 cpu_pipeline_ms=730.374 gpu_pipeline_ms=11.1917 cuda_event_aux_sum_ms=6.47531 relative_l2=2.25882e-06 relative_linf=9.58014e-06 detection_mismatch_count=12 valid_detection_mismatch_count=12 boundary_detection_mismatch_count=0 mse=1.4118e-05 rmse=0.0037574 formal_relative_l2=2.25882e-06 formal_relative_linf=9.8883e-06 semantic_gates=5/5 accuracy_status=PASS
detection_mismatch_summary sample_index=42 total=12 valid=12 boundary=0
detection_mismatch sample_index=42 flat_index=18121 doppler=35 range=201 cfar_cell=valid gpu_detection=1 cpu_detection=0 gpu_power=0.1727 cpu_power=0.172697 gpu_threshold=0.171691 cpu_threshold=0.180275
detection_mismatch sample_index=42 flat_index=19231 doppler=37 range=287 cfar_cell=valid gpu_detection=1 cpu_detection=0 gpu_power=0.168287 cpu_power=0.168288 gpu_threshold=0.163106 cpu_threshold=0.171691
detection_mismatch sample_index=42 flat_index=19644 doppler=38 range=188 cfar_cell=valid gpu_detection=0 cpu_detection=1 gpu_power=0.129183 cpu_power=0.12918 gpu_threshold=0.137352 cpu_threshold=0.128768
detection_mismatch sample_index=42 flat_index=24750 doppler=48 range=174 cfar_cell=valid gpu_detection=1 cpu_detection=0 gpu_power=0.134319 cpu_power=0.134313 gpu_threshold=0.113745 cpu_threshold=0.138426
detection_mismatch sample_index=42 flat_index=25261 doppler=49 range=173 cfar_cell=valid gpu_detection=1 cpu_detection=0 gpu_power=0.146269 cpu_power=0.146253 gpu_threshold=0.127427 cpu_threshold=0.157741
detection_mismatch sample_index=42 flat_index=25262 doppler=49 range=174 cfar_cell=valid gpu_detection=1 cpu_detection=0 gpu_power=0.142449 cpu_power=0.142448 gpu_threshold=0.123939 cpu_threshold=0.157741
detection_mismatch sample_index=42 flat_index=26320 doppler=51 range=208 cfar_cell=valid gpu_detection=0 cpu_detection=1 gpu_power=0.0439611 cpu_power=0.0439566 gpu_threshold=0.0515072 cpu_threshold=0.0429226
detection_mismatch sample_index=42 flat_index=28931 doppler=56 range=259 cfar_cell=valid gpu_detection=0 cpu_detection=1 gpu_power=0.138231 cpu_power=0.138231 gpu_threshold=0.145937 cpu_threshold=0.137352
detection_mismatch sample_index=42 flat_index=29363 doppler=57 range=179 cfar_cell=valid gpu_detection=0 cpu_detection=1 gpu_power=0.0749506 cpu_power=0.074951 gpu_threshold=0.103014 cpu_threshold=0.0600917
detection_mismatch sample_index=42 flat_index=29364 doppler=57 range=180 cfar_cell=valid gpu_detection=0 cpu_detection=1 gpu_power=0.0856762 cpu_power=0.0856767 gpu_threshold=0.111599 cpu_threshold=0.0686762
detection_mismatch sample_index=42 flat_index=29365 doppler=57 range=181 cfar_cell=valid gpu_detection=0 cpu_detection=1 gpu_power=0.0966618 cpu_power=0.0966604 gpu_threshold=0.128768 cpu_threshold=0.0858453
detection_mismatch sample_index=42 flat_index=30934 doppler=60 range=214 cfar_cell=valid gpu_detection=0 cpu_detection=1 gpu_power=0.100427 cpu_power=0.100427 gpu_threshold=0.103014 cpu_threshold=0.0944298
sample_index=42 step=step1 cpu_ms=2.43275 gpu_ms=0.936486 relative_l2=2.10803e-06 cpu_heap_peak=7165072 cpu_rss_peak=84123648 gpu_peak=357777408 status=PASS
sample_index=42 step=step2 cpu_ms=141.315 gpu_ms=1.50818 relative_l2=2.54296e-07 cpu_heap_peak=7427232 cpu_rss_peak=84123648 gpu_peak=357777408 status=PASS
sample_index=42 step=step3 cpu_ms=173.427 gpu_ms=1.06264 relative_l2=6.76648e-07 cpu_heap_peak=7689648 cpu_rss_peak=84123648 gpu_peak=357777408 status=PASS
sample_index=42 step=step4 cpu_ms=3.58687 gpu_ms=1.1021 relative_l2=1.91856e-07 cpu_heap_peak=8017552 cpu_rss_peak=84123648 gpu_peak=357777408 status=PASS
sample_index=42 step=step5 cpu_ms=417.642 gpu_ms=6.08304 relative_l2=2.43858e-07 cpu_heap_peak=8543920 cpu_rss_peak=84123648 gpu_peak=357777408 status=PASS
sample_index=42 cpu_pipeline_ms=738.611 gpu_pipeline_ms=11.236 cuda_event_aux_sum_ms=6.31572 relative_l2=2.25882e-06 relative_linf=9.58014e-06 detection_mismatch_count=12 valid_detection_mismatch_count=12 boundary_detection_mismatch_count=0 mse=1.4118e-05 rmse=0.0037574 formal_relative_l2=2.25882e-06 formal_relative_linf=9.8883e-06 semantic_gates=5/5 accuracy_status=PASS
detection_mismatch_summary sample_index=43 total=12 valid=12 boundary=0
detection_mismatch sample_index=43 flat_index=18121 doppler=35 range=201 cfar_cell=valid gpu_detection=1 cpu_detection=0 gpu_power=0.1727 cpu_power=0.172697 gpu_threshold=0.171691 cpu_threshold=0.180275
detection_mismatch sample_index=43 flat_index=19231 doppler=37 range=287 cfar_cell=valid gpu_detection=1 cpu_detection=0 gpu_power=0.168287 cpu_power=0.168288 gpu_threshold=0.163106 cpu_threshold=0.171691
detection_mismatch sample_index=43 flat_index=19644 doppler=38 range=188 cfar_cell=valid gpu_detection=0 cpu_detection=1 gpu_power=0.129183 cpu_power=0.12918 gpu_threshold=0.137352 cpu_threshold=0.128768
detection_mismatch sample_index=43 flat_index=24750 doppler=48 range=174 cfar_cell=valid gpu_detection=1 cpu_detection=0 gpu_power=0.134319 cpu_power=0.134313 gpu_threshold=0.113745 cpu_threshold=0.138426
detection_mismatch sample_index=43 flat_index=25261 doppler=49 range=173 cfar_cell=valid gpu_detection=1 cpu_detection=0 gpu_power=0.146269 cpu_power=0.146253 gpu_threshold=0.127427 cpu_threshold=0.157741
detection_mismatch sample_index=43 flat_index=25262 doppler=49 range=174 cfar_cell=valid gpu_detection=1 cpu_detection=0 gpu_power=0.142449 cpu_power=0.142448 gpu_threshold=0.123939 cpu_threshold=0.157741
detection_mismatch sample_index=43 flat_index=26320 doppler=51 range=208 cfar_cell=valid gpu_detection=0 cpu_detection=1 gpu_power=0.0439611 cpu_power=0.0439566 gpu_threshold=0.0515072 cpu_threshold=0.0429226
detection_mismatch sample_index=43 flat_index=28931 doppler=56 range=259 cfar_cell=valid gpu_detection=0 cpu_detection=1 gpu_power=0.138231 cpu_power=0.138231 gpu_threshold=0.145937 cpu_threshold=0.137352
detection_mismatch sample_index=43 flat_index=29363 doppler=57 range=179 cfar_cell=valid gpu_detection=0 cpu_detection=1 gpu_power=0.0749506 cpu_power=0.074951 gpu_threshold=0.103014 cpu_threshold=0.0600917
detection_mismatch sample_index=43 flat_index=29364 doppler=57 range=180 cfar_cell=valid gpu_detection=0 cpu_detection=1 gpu_power=0.0856762 cpu_power=0.0856767 gpu_threshold=0.111599 cpu_threshold=0.0686762
detection_mismatch sample_index=43 flat_index=29365 doppler=57 range=181 cfar_cell=valid gpu_detection=0 cpu_detection=1 gpu_power=0.0966618 cpu_power=0.0966604 gpu_threshold=0.128768 cpu_threshold=0.0858453
detection_mismatch sample_index=43 flat_index=30934 doppler=60 range=214 cfar_cell=valid gpu_detection=0 cpu_detection=1 gpu_power=0.100427 cpu_power=0.100427 gpu_threshold=0.103014 cpu_threshold=0.0944298
sample_index=43 step=step1 cpu_ms=2.42697 gpu_ms=0.880576 relative_l2=2.10803e-06 cpu_heap_peak=7163072 cpu_rss_peak=83984384 gpu_peak=357777408 status=PASS
sample_index=43 step=step2 cpu_ms=135.545 gpu_ms=1.42141 relative_l2=2.54296e-07 cpu_heap_peak=7425232 cpu_rss_peak=83984384 gpu_peak=357777408 status=PASS
sample_index=43 step=step3 cpu_ms=173.08 gpu_ms=1.00219 relative_l2=6.76648e-07 cpu_heap_peak=7687648 cpu_rss_peak=83984384 gpu_peak=357777408 status=PASS
sample_index=43 step=step4 cpu_ms=3.52801 gpu_ms=1.07144 relative_l2=1.91856e-07 cpu_heap_peak=8015552 cpu_rss_peak=83984384 gpu_peak=357777408 status=PASS
sample_index=43 step=step5 cpu_ms=416.02 gpu_ms=5.98412 relative_l2=2.43858e-07 cpu_heap_peak=8541920 cpu_rss_peak=83984384 gpu_peak=357777408 status=PASS
sample_index=43 cpu_pipeline_ms=730.799 gpu_pipeline_ms=10.8306 cuda_event_aux_sum_ms=6.27889 relative_l2=2.25882e-06 relative_linf=9.58014e-06 detection_mismatch_count=12 valid_detection_mismatch_count=12 boundary_detection_mismatch_count=0 mse=1.4118e-05 rmse=0.0037574 formal_relative_l2=2.25882e-06 formal_relative_linf=9.8883e-06 semantic_gates=5/5 accuracy_status=PASS
detection_mismatch_summary sample_index=44 total=12 valid=12 boundary=0
detection_mismatch sample_index=44 flat_index=18121 doppler=35 range=201 cfar_cell=valid gpu_detection=1 cpu_detection=0 gpu_power=0.1727 cpu_power=0.172697 gpu_threshold=0.171691 cpu_threshold=0.180275
detection_mismatch sample_index=44 flat_index=19231 doppler=37 range=287 cfar_cell=valid gpu_detection=1 cpu_detection=0 gpu_power=0.168287 cpu_power=0.168288 gpu_threshold=0.163106 cpu_threshold=0.171691
detection_mismatch sample_index=44 flat_index=19644 doppler=38 range=188 cfar_cell=valid gpu_detection=0 cpu_detection=1 gpu_power=0.129183 cpu_power=0.12918 gpu_threshold=0.137352 cpu_threshold=0.128768
detection_mismatch sample_index=44 flat_index=24750 doppler=48 range=174 cfar_cell=valid gpu_detection=1 cpu_detection=0 gpu_power=0.134319 cpu_power=0.134313 gpu_threshold=0.113745 cpu_threshold=0.138426
detection_mismatch sample_index=44 flat_index=25261 doppler=49 range=173 cfar_cell=valid gpu_detection=1 cpu_detection=0 gpu_power=0.146269 cpu_power=0.146253 gpu_threshold=0.127427 cpu_threshold=0.157741
detection_mismatch sample_index=44 flat_index=25262 doppler=49 range=174 cfar_cell=valid gpu_detection=1 cpu_detection=0 gpu_power=0.142449 cpu_power=0.142448 gpu_threshold=0.123939 cpu_threshold=0.157741
detection_mismatch sample_index=44 flat_index=26320 doppler=51 range=208 cfar_cell=valid gpu_detection=0 cpu_detection=1 gpu_power=0.0439611 cpu_power=0.0439566 gpu_threshold=0.0515072 cpu_threshold=0.0429226
detection_mismatch sample_index=44 flat_index=28931 doppler=56 range=259 cfar_cell=valid gpu_detection=0 cpu_detection=1 gpu_power=0.138231 cpu_power=0.138231 gpu_threshold=0.145937 cpu_threshold=0.137352
detection_mismatch sample_index=44 flat_index=29363 doppler=57 range=179 cfar_cell=valid gpu_detection=0 cpu_detection=1 gpu_power=0.0749506 cpu_power=0.074951 gpu_threshold=0.103014 cpu_threshold=0.0600917
detection_mismatch sample_index=44 flat_index=29364 doppler=57 range=180 cfar_cell=valid gpu_detection=0 cpu_detection=1 gpu_power=0.0856762 cpu_power=0.0856767 gpu_threshold=0.111599 cpu_threshold=0.0686762
detection_mismatch sample_index=44 flat_index=29365 doppler=57 range=181 cfar_cell=valid gpu_detection=0 cpu_detection=1 gpu_power=0.0966618 cpu_power=0.0966604 gpu_threshold=0.128768 cpu_threshold=0.0858453
detection_mismatch sample_index=44 flat_index=30934 doppler=60 range=214 cfar_cell=valid gpu_detection=0 cpu_detection=1 gpu_power=0.100427 cpu_power=0.100427 gpu_threshold=0.103014 cpu_threshold=0.0944298
sample_index=44 step=step1 cpu_ms=2.42849 gpu_ms=0.886925 relative_l2=2.10803e-06 cpu_heap_peak=7164160 cpu_rss_peak=83984384 gpu_peak=357777408 status=PASS
sample_index=44 step=step2 cpu_ms=135.569 gpu_ms=1.4402 relative_l2=2.54296e-07 cpu_heap_peak=7426320 cpu_rss_peak=83984384 gpu_peak=357777408 status=PASS
sample_index=44 step=step3 cpu_ms=172.397 gpu_ms=1.00934 relative_l2=6.76648e-07 cpu_heap_peak=7688736 cpu_rss_peak=83984384 gpu_peak=357777408 status=PASS
sample_index=44 step=step4 cpu_ms=3.53311 gpu_ms=1.07869 relative_l2=1.91856e-07 cpu_heap_peak=8016640 cpu_rss_peak=83984384 gpu_peak=357777408 status=PASS
sample_index=44 step=step5 cpu_ms=415.735 gpu_ms=6.04727 relative_l2=2.43858e-07 cpu_heap_peak=8543024 cpu_rss_peak=83984384 gpu_peak=357777408 status=PASS
sample_index=44 cpu_pipeline_ms=729.861 gpu_pipeline_ms=10.9282 cuda_event_aux_sum_ms=6.34522 relative_l2=2.25882e-06 relative_linf=9.58014e-06 detection_mismatch_count=12 valid_detection_mismatch_count=12 boundary_detection_mismatch_count=0 mse=1.4118e-05 rmse=0.0037574 formal_relative_l2=2.25882e-06 formal_relative_linf=9.8883e-06 semantic_gates=5/5 accuracy_status=PASS
detection_mismatch_summary sample_index=45 total=12 valid=12 boundary=0
detection_mismatch sample_index=45 flat_index=18121 doppler=35 range=201 cfar_cell=valid gpu_detection=1 cpu_detection=0 gpu_power=0.1727 cpu_power=0.172697 gpu_threshold=0.171691 cpu_threshold=0.180275
detection_mismatch sample_index=45 flat_index=19231 doppler=37 range=287 cfar_cell=valid gpu_detection=1 cpu_detection=0 gpu_power=0.168287 cpu_power=0.168288 gpu_threshold=0.163106 cpu_threshold=0.171691
detection_mismatch sample_index=45 flat_index=19644 doppler=38 range=188 cfar_cell=valid gpu_detection=0 cpu_detection=1 gpu_power=0.129183 cpu_power=0.12918 gpu_threshold=0.137352 cpu_threshold=0.128768
detection_mismatch sample_index=45 flat_index=24750 doppler=48 range=174 cfar_cell=valid gpu_detection=1 cpu_detection=0 gpu_power=0.134319 cpu_power=0.134313 gpu_threshold=0.113745 cpu_threshold=0.138426
detection_mismatch sample_index=45 flat_index=25261 doppler=49 range=173 cfar_cell=valid gpu_detection=1 cpu_detection=0 gpu_power=0.146269 cpu_power=0.146253 gpu_threshold=0.127427 cpu_threshold=0.157741
detection_mismatch sample_index=45 flat_index=25262 doppler=49 range=174 cfar_cell=valid gpu_detection=1 cpu_detection=0 gpu_power=0.142449 cpu_power=0.142448 gpu_threshold=0.123939 cpu_threshold=0.157741
detection_mismatch sample_index=45 flat_index=26320 doppler=51 range=208 cfar_cell=valid gpu_detection=0 cpu_detection=1 gpu_power=0.0439611 cpu_power=0.0439566 gpu_threshold=0.0515072 cpu_threshold=0.0429226
detection_mismatch sample_index=45 flat_index=28931 doppler=56 range=259 cfar_cell=valid gpu_detection=0 cpu_detection=1 gpu_power=0.138231 cpu_power=0.138231 gpu_threshold=0.145937 cpu_threshold=0.137352
detection_mismatch sample_index=45 flat_index=29363 doppler=57 range=179 cfar_cell=valid gpu_detection=0 cpu_detection=1 gpu_power=0.0749506 cpu_power=0.074951 gpu_threshold=0.103014 cpu_threshold=0.0600917
detection_mismatch sample_index=45 flat_index=29364 doppler=57 range=180 cfar_cell=valid gpu_detection=0 cpu_detection=1 gpu_power=0.0856762 cpu_power=0.0856767 gpu_threshold=0.111599 cpu_threshold=0.0686762
detection_mismatch sample_index=45 flat_index=29365 doppler=57 range=181 cfar_cell=valid gpu_detection=0 cpu_detection=1 gpu_power=0.0966618 cpu_power=0.0966604 gpu_threshold=0.128768 cpu_threshold=0.0858453
detection_mismatch sample_index=45 flat_index=30934 doppler=60 range=214 cfar_cell=valid gpu_detection=0 cpu_detection=1 gpu_power=0.100427 cpu_power=0.100427 gpu_threshold=0.103014 cpu_threshold=0.0944298
sample_index=45 step=step1 cpu_ms=2.43445 gpu_ms=0.904555 relative_l2=2.10803e-06 cpu_heap_peak=7164352 cpu_rss_peak=83984384 gpu_peak=357777408 status=PASS
sample_index=45 step=step2 cpu_ms=135.546 gpu_ms=1.42512 relative_l2=2.54296e-07 cpu_heap_peak=7426512 cpu_rss_peak=83984384 gpu_peak=357777408 status=PASS
sample_index=45 step=step3 cpu_ms=172.917 gpu_ms=1.0023 relative_l2=6.76648e-07 cpu_heap_peak=7688928 cpu_rss_peak=83984384 gpu_peak=357777408 status=PASS
sample_index=45 step=step4 cpu_ms=3.52825 gpu_ms=1.07013 relative_l2=1.91856e-07 cpu_heap_peak=8016832 cpu_rss_peak=83984384 gpu_peak=357777408 status=PASS
sample_index=45 step=step5 cpu_ms=416.17 gpu_ms=6.01773 relative_l2=2.43858e-07 cpu_heap_peak=8543200 cpu_rss_peak=83984384 gpu_peak=357777408 status=PASS
sample_index=45 cpu_pipeline_ms=730.793 gpu_pipeline_ms=10.8818 cuda_event_aux_sum_ms=6.34151 relative_l2=2.25882e-06 relative_linf=9.58014e-06 detection_mismatch_count=12 valid_detection_mismatch_count=12 boundary_detection_mismatch_count=0 mse=1.4118e-05 rmse=0.0037574 formal_relative_l2=2.25882e-06 formal_relative_linf=9.8883e-06 semantic_gates=5/5 accuracy_status=PASS
detection_mismatch_summary sample_index=46 total=12 valid=12 boundary=0
detection_mismatch sample_index=46 flat_index=18121 doppler=35 range=201 cfar_cell=valid gpu_detection=1 cpu_detection=0 gpu_power=0.1727 cpu_power=0.172697 gpu_threshold=0.171691 cpu_threshold=0.180275
detection_mismatch sample_index=46 flat_index=19231 doppler=37 range=287 cfar_cell=valid gpu_detection=1 cpu_detection=0 gpu_power=0.168287 cpu_power=0.168288 gpu_threshold=0.163106 cpu_threshold=0.171691
detection_mismatch sample_index=46 flat_index=19644 doppler=38 range=188 cfar_cell=valid gpu_detection=0 cpu_detection=1 gpu_power=0.129183 cpu_power=0.12918 gpu_threshold=0.137352 cpu_threshold=0.128768
detection_mismatch sample_index=46 flat_index=24750 doppler=48 range=174 cfar_cell=valid gpu_detection=1 cpu_detection=0 gpu_power=0.134319 cpu_power=0.134313 gpu_threshold=0.113745 cpu_threshold=0.138426
detection_mismatch sample_index=46 flat_index=25261 doppler=49 range=173 cfar_cell=valid gpu_detection=1 cpu_detection=0 gpu_power=0.146269 cpu_power=0.146253 gpu_threshold=0.127427 cpu_threshold=0.157741
detection_mismatch sample_index=46 flat_index=25262 doppler=49 range=174 cfar_cell=valid gpu_detection=1 cpu_detection=0 gpu_power=0.142449 cpu_power=0.142448 gpu_threshold=0.123939 cpu_threshold=0.157741
detection_mismatch sample_index=46 flat_index=26320 doppler=51 range=208 cfar_cell=valid gpu_detection=0 cpu_detection=1 gpu_power=0.0439611 cpu_power=0.0439566 gpu_threshold=0.0515072 cpu_threshold=0.0429226
detection_mismatch sample_index=46 flat_index=28931 doppler=56 range=259 cfar_cell=valid gpu_detection=0 cpu_detection=1 gpu_power=0.138231 cpu_power=0.138231 gpu_threshold=0.145937 cpu_threshold=0.137352
detection_mismatch sample_index=46 flat_index=29363 doppler=57 range=179 cfar_cell=valid gpu_detection=0 cpu_detection=1 gpu_power=0.0749506 cpu_power=0.074951 gpu_threshold=0.103014 cpu_threshold=0.0600917
detection_mismatch sample_index=46 flat_index=29364 doppler=57 range=180 cfar_cell=valid gpu_detection=0 cpu_detection=1 gpu_power=0.0856762 cpu_power=0.0856767 gpu_threshold=0.111599 cpu_threshold=0.0686762
detection_mismatch sample_index=46 flat_index=29365 doppler=57 range=181 cfar_cell=valid gpu_detection=0 cpu_detection=1 gpu_power=0.0966618 cpu_power=0.0966604 gpu_threshold=0.128768 cpu_threshold=0.0858453
detection_mismatch sample_index=46 flat_index=30934 doppler=60 range=214 cfar_cell=valid gpu_detection=0 cpu_detection=1 gpu_power=0.100427 cpu_power=0.100427 gpu_threshold=0.103014 cpu_threshold=0.0944298
sample_index=46 step=step1 cpu_ms=2.42062 gpu_ms=0.826215 relative_l2=2.10803e-06 cpu_heap_peak=7164272 cpu_rss_peak=83984384 gpu_peak=357777408 status=PASS
sample_index=46 step=step2 cpu_ms=135.409 gpu_ms=1.42002 relative_l2=2.54296e-07 cpu_heap_peak=7426432 cpu_rss_peak=83984384 gpu_peak=357777408 status=PASS
sample_index=46 step=step3 cpu_ms=173.22 gpu_ms=1.0041 relative_l2=6.76648e-07 cpu_heap_peak=7688848 cpu_rss_peak=83984384 gpu_peak=357777408 status=PASS
sample_index=46 step=step4 cpu_ms=3.51844 gpu_ms=1.09407 relative_l2=1.91856e-07 cpu_heap_peak=8016752 cpu_rss_peak=83984384 gpu_peak=357777408 status=PASS
sample_index=46 step=step5 cpu_ms=415.723 gpu_ms=5.9593 relative_l2=2.43858e-07 cpu_heap_peak=8543120 cpu_rss_peak=83984384 gpu_peak=357777408 status=PASS
sample_index=46 cpu_pipeline_ms=730.494 gpu_pipeline_ms=10.7577 cuda_event_aux_sum_ms=6.25793 relative_l2=2.25882e-06 relative_linf=9.58014e-06 detection_mismatch_count=12 valid_detection_mismatch_count=12 boundary_detection_mismatch_count=0 mse=1.4118e-05 rmse=0.0037574 formal_relative_l2=2.25882e-06 formal_relative_linf=9.8883e-06 semantic_gates=5/5 accuracy_status=PASS
detection_mismatch_summary sample_index=47 total=12 valid=12 boundary=0
detection_mismatch sample_index=47 flat_index=18121 doppler=35 range=201 cfar_cell=valid gpu_detection=1 cpu_detection=0 gpu_power=0.1727 cpu_power=0.172697 gpu_threshold=0.171691 cpu_threshold=0.180275
detection_mismatch sample_index=47 flat_index=19231 doppler=37 range=287 cfar_cell=valid gpu_detection=1 cpu_detection=0 gpu_power=0.168287 cpu_power=0.168288 gpu_threshold=0.163106 cpu_threshold=0.171691
detection_mismatch sample_index=47 flat_index=19644 doppler=38 range=188 cfar_cell=valid gpu_detection=0 cpu_detection=1 gpu_power=0.129183 cpu_power=0.12918 gpu_threshold=0.137352 cpu_threshold=0.128768
detection_mismatch sample_index=47 flat_index=24750 doppler=48 range=174 cfar_cell=valid gpu_detection=1 cpu_detection=0 gpu_power=0.134319 cpu_power=0.134313 gpu_threshold=0.113745 cpu_threshold=0.138426
detection_mismatch sample_index=47 flat_index=25261 doppler=49 range=173 cfar_cell=valid gpu_detection=1 cpu_detection=0 gpu_power=0.146269 cpu_power=0.146253 gpu_threshold=0.127427 cpu_threshold=0.157741
detection_mismatch sample_index=47 flat_index=25262 doppler=49 range=174 cfar_cell=valid gpu_detection=1 cpu_detection=0 gpu_power=0.142449 cpu_power=0.142448 gpu_threshold=0.123939 cpu_threshold=0.157741
detection_mismatch sample_index=47 flat_index=26320 doppler=51 range=208 cfar_cell=valid gpu_detection=0 cpu_detection=1 gpu_power=0.0439611 cpu_power=0.0439566 gpu_threshold=0.0515072 cpu_threshold=0.0429226
detection_mismatch sample_index=47 flat_index=28931 doppler=56 range=259 cfar_cell=valid gpu_detection=0 cpu_detection=1 gpu_power=0.138231 cpu_power=0.138231 gpu_threshold=0.145937 cpu_threshold=0.137352
detection_mismatch sample_index=47 flat_index=29363 doppler=57 range=179 cfar_cell=valid gpu_detection=0 cpu_detection=1 gpu_power=0.0749506 cpu_power=0.074951 gpu_threshold=0.103014 cpu_threshold=0.0600917
detection_mismatch sample_index=47 flat_index=29364 doppler=57 range=180 cfar_cell=valid gpu_detection=0 cpu_detection=1 gpu_power=0.0856762 cpu_power=0.0856767 gpu_threshold=0.111599 cpu_threshold=0.0686762
detection_mismatch sample_index=47 flat_index=29365 doppler=57 range=181 cfar_cell=valid gpu_detection=0 cpu_detection=1 gpu_power=0.0966618 cpu_power=0.0966604 gpu_threshold=0.128768 cpu_threshold=0.0858453
detection_mismatch sample_index=47 flat_index=30934 doppler=60 range=214 cfar_cell=valid gpu_detection=0 cpu_detection=1 gpu_power=0.100427 cpu_power=0.100427 gpu_threshold=0.103014 cpu_threshold=0.0944298
sample_index=47 step=step1 cpu_ms=2.43214 gpu_ms=0.887555 relative_l2=2.10803e-06 cpu_heap_peak=7164336 cpu_rss_peak=83984384 gpu_peak=357777408 status=PASS
sample_index=47 step=step2 cpu_ms=135.537 gpu_ms=1.42796 relative_l2=2.54296e-07 cpu_heap_peak=7426496 cpu_rss_peak=83984384 gpu_peak=357777408 status=PASS
sample_index=47 step=step3 cpu_ms=172.904 gpu_ms=1.00756 relative_l2=6.76648e-07 cpu_heap_peak=7688912 cpu_rss_peak=83984384 gpu_peak=357777408 status=PASS
sample_index=47 step=step4 cpu_ms=3.53123 gpu_ms=1.07588 relative_l2=1.91856e-07 cpu_heap_peak=8016816 cpu_rss_peak=83984384 gpu_peak=357777408 status=PASS
sample_index=47 step=step5 cpu_ms=415.75 gpu_ms=6.0687 relative_l2=2.43858e-07 cpu_heap_peak=8543184 cpu_rss_peak=83984384 gpu_peak=357777408 status=PASS
sample_index=47 cpu_pipeline_ms=730.357 gpu_pipeline_ms=10.9305 cuda_event_aux_sum_ms=6.35627 relative_l2=2.25882e-06 relative_linf=9.58014e-06 detection_mismatch_count=12 valid_detection_mismatch_count=12 boundary_detection_mismatch_count=0 mse=1.4118e-05 rmse=0.0037574 formal_relative_l2=2.25882e-06 formal_relative_linf=9.8883e-06 semantic_gates=5/5 accuracy_status=PASS
detection_mismatch_summary sample_index=48 total=12 valid=12 boundary=0
detection_mismatch sample_index=48 flat_index=18121 doppler=35 range=201 cfar_cell=valid gpu_detection=1 cpu_detection=0 gpu_power=0.1727 cpu_power=0.172697 gpu_threshold=0.171691 cpu_threshold=0.180275
detection_mismatch sample_index=48 flat_index=19231 doppler=37 range=287 cfar_cell=valid gpu_detection=1 cpu_detection=0 gpu_power=0.168287 cpu_power=0.168288 gpu_threshold=0.163106 cpu_threshold=0.171691
detection_mismatch sample_index=48 flat_index=19644 doppler=38 range=188 cfar_cell=valid gpu_detection=0 cpu_detection=1 gpu_power=0.129183 cpu_power=0.12918 gpu_threshold=0.137352 cpu_threshold=0.128768
detection_mismatch sample_index=48 flat_index=24750 doppler=48 range=174 cfar_cell=valid gpu_detection=1 cpu_detection=0 gpu_power=0.134319 cpu_power=0.134313 gpu_threshold=0.113745 cpu_threshold=0.138426
detection_mismatch sample_index=48 flat_index=25261 doppler=49 range=173 cfar_cell=valid gpu_detection=1 cpu_detection=0 gpu_power=0.146269 cpu_power=0.146253 gpu_threshold=0.127427 cpu_threshold=0.157741
detection_mismatch sample_index=48 flat_index=25262 doppler=49 range=174 cfar_cell=valid gpu_detection=1 cpu_detection=0 gpu_power=0.142449 cpu_power=0.142448 gpu_threshold=0.123939 cpu_threshold=0.157741
detection_mismatch sample_index=48 flat_index=26320 doppler=51 range=208 cfar_cell=valid gpu_detection=0 cpu_detection=1 gpu_power=0.0439611 cpu_power=0.0439566 gpu_threshold=0.0515072 cpu_threshold=0.0429226
detection_mismatch sample_index=48 flat_index=28931 doppler=56 range=259 cfar_cell=valid gpu_detection=0 cpu_detection=1 gpu_power=0.138231 cpu_power=0.138231 gpu_threshold=0.145937 cpu_threshold=0.137352
detection_mismatch sample_index=48 flat_index=29363 doppler=57 range=179 cfar_cell=valid gpu_detection=0 cpu_detection=1 gpu_power=0.0749506 cpu_power=0.074951 gpu_threshold=0.103014 cpu_threshold=0.0600917
detection_mismatch sample_index=48 flat_index=29364 doppler=57 range=180 cfar_cell=valid gpu_detection=0 cpu_detection=1 gpu_power=0.0856762 cpu_power=0.0856767 gpu_threshold=0.111599 cpu_threshold=0.0686762
detection_mismatch sample_index=48 flat_index=29365 doppler=57 range=181 cfar_cell=valid gpu_detection=0 cpu_detection=1 gpu_power=0.0966618 cpu_power=0.0966604 gpu_threshold=0.128768 cpu_threshold=0.0858453
detection_mismatch sample_index=48 flat_index=30934 doppler=60 range=214 cfar_cell=valid gpu_detection=0 cpu_detection=1 gpu_power=0.100427 cpu_power=0.100427 gpu_threshold=0.103014 cpu_threshold=0.0944298
sample_index=48 step=step1 cpu_ms=2.41887 gpu_ms=0.882326 relative_l2=2.10803e-06 cpu_heap_peak=7165056 cpu_rss_peak=83984384 gpu_peak=357777408 status=PASS
sample_index=48 step=step2 cpu_ms=135.559 gpu_ms=1.41832 relative_l2=2.54296e-07 cpu_heap_peak=7427216 cpu_rss_peak=83984384 gpu_peak=357777408 status=PASS
sample_index=48 step=step3 cpu_ms=172.801 gpu_ms=1.00896 relative_l2=6.76648e-07 cpu_heap_peak=7689632 cpu_rss_peak=83984384 gpu_peak=357777408 status=PASS
sample_index=48 step=step4 cpu_ms=3.52827 gpu_ms=1.02411 relative_l2=1.91856e-07 cpu_heap_peak=8017536 cpu_rss_peak=83984384 gpu_peak=357777408 status=PASS
sample_index=48 step=step5 cpu_ms=417.322 gpu_ms=5.96891 relative_l2=2.43858e-07 cpu_heap_peak=8543904 cpu_rss_peak=83984384 gpu_peak=357777408 status=PASS
sample_index=48 cpu_pipeline_ms=731.837 gpu_pipeline_ms=10.7609 cuda_event_aux_sum_ms=6.27044 relative_l2=2.25882e-06 relative_linf=9.58014e-06 detection_mismatch_count=12 valid_detection_mismatch_count=12 boundary_detection_mismatch_count=0 mse=1.4118e-05 rmse=0.0037574 formal_relative_l2=2.25882e-06 formal_relative_linf=9.8883e-06 semantic_gates=5/5 accuracy_status=PASS
detection_mismatch_summary sample_index=49 total=12 valid=12 boundary=0
detection_mismatch sample_index=49 flat_index=18121 doppler=35 range=201 cfar_cell=valid gpu_detection=1 cpu_detection=0 gpu_power=0.1727 cpu_power=0.172697 gpu_threshold=0.171691 cpu_threshold=0.180275
detection_mismatch sample_index=49 flat_index=19231 doppler=37 range=287 cfar_cell=valid gpu_detection=1 cpu_detection=0 gpu_power=0.168287 cpu_power=0.168288 gpu_threshold=0.163106 cpu_threshold=0.171691
detection_mismatch sample_index=49 flat_index=19644 doppler=38 range=188 cfar_cell=valid gpu_detection=0 cpu_detection=1 gpu_power=0.129183 cpu_power=0.12918 gpu_threshold=0.137352 cpu_threshold=0.128768
detection_mismatch sample_index=49 flat_index=24750 doppler=48 range=174 cfar_cell=valid gpu_detection=1 cpu_detection=0 gpu_power=0.134319 cpu_power=0.134313 gpu_threshold=0.113745 cpu_threshold=0.138426
detection_mismatch sample_index=49 flat_index=25261 doppler=49 range=173 cfar_cell=valid gpu_detection=1 cpu_detection=0 gpu_power=0.146269 cpu_power=0.146253 gpu_threshold=0.127427 cpu_threshold=0.157741
detection_mismatch sample_index=49 flat_index=25262 doppler=49 range=174 cfar_cell=valid gpu_detection=1 cpu_detection=0 gpu_power=0.142449 cpu_power=0.142448 gpu_threshold=0.123939 cpu_threshold=0.157741
detection_mismatch sample_index=49 flat_index=26320 doppler=51 range=208 cfar_cell=valid gpu_detection=0 cpu_detection=1 gpu_power=0.0439611 cpu_power=0.0439566 gpu_threshold=0.0515072 cpu_threshold=0.0429226
detection_mismatch sample_index=49 flat_index=28931 doppler=56 range=259 cfar_cell=valid gpu_detection=0 cpu_detection=1 gpu_power=0.138231 cpu_power=0.138231 gpu_threshold=0.145937 cpu_threshold=0.137352
detection_mismatch sample_index=49 flat_index=29363 doppler=57 range=179 cfar_cell=valid gpu_detection=0 cpu_detection=1 gpu_power=0.0749506 cpu_power=0.074951 gpu_threshold=0.103014 cpu_threshold=0.0600917
detection_mismatch sample_index=49 flat_index=29364 doppler=57 range=180 cfar_cell=valid gpu_detection=0 cpu_detection=1 gpu_power=0.0856762 cpu_power=0.0856767 gpu_threshold=0.111599 cpu_threshold=0.0686762
detection_mismatch sample_index=49 flat_index=29365 doppler=57 range=181 cfar_cell=valid gpu_detection=0 cpu_detection=1 gpu_power=0.0966618 cpu_power=0.0966604 gpu_threshold=0.128768 cpu_threshold=0.0858453
detection_mismatch sample_index=49 flat_index=30934 doppler=60 range=214 cfar_cell=valid gpu_detection=0 cpu_detection=1 gpu_power=0.100427 cpu_power=0.100427 gpu_threshold=0.103014 cpu_threshold=0.0944298
sample_index=49 step=step1 cpu_ms=2.42403 gpu_ms=0.912156 relative_l2=2.10803e-06 cpu_heap_peak=7166352 cpu_rss_peak=83984384 gpu_peak=357777408 status=PASS
sample_index=49 step=step2 cpu_ms=135.543 gpu_ms=1.41874 relative_l2=2.54296e-07 cpu_heap_peak=7428512 cpu_rss_peak=83984384 gpu_peak=357777408 status=PASS
sample_index=49 step=step3 cpu_ms=173.511 gpu_ms=1.00195 relative_l2=6.76648e-07 cpu_heap_peak=7690928 cpu_rss_peak=83984384 gpu_peak=357777408 status=PASS
sample_index=49 step=step4 cpu_ms=3.53154 gpu_ms=1.12435 relative_l2=1.91856e-07 cpu_heap_peak=8018832 cpu_rss_peak=83984384 gpu_peak=357777408 status=PASS
sample_index=49 step=step5 cpu_ms=417.477 gpu_ms=6.00209 relative_l2=2.43858e-07 cpu_heap_peak=8545200 cpu_rss_peak=83984384 gpu_peak=357777408 status=PASS
sample_index=49 cpu_pipeline_ms=732.687 gpu_pipeline_ms=10.9293 cuda_event_aux_sum_ms=6.29599 relative_l2=2.25882e-06 relative_linf=9.58014e-06 detection_mismatch_count=12 valid_detection_mismatch_count=12 boundary_detection_mismatch_count=0 mse=1.4118e-05 rmse=0.0037574 formal_relative_l2=2.25882e-06 formal_relative_linf=9.8883e-06 semantic_gates=5/5 accuracy_status=PASS
detection_mismatch_summary sample_index=50 total=12 valid=12 boundary=0
detection_mismatch sample_index=50 flat_index=18121 doppler=35 range=201 cfar_cell=valid gpu_detection=1 cpu_detection=0 gpu_power=0.1727 cpu_power=0.172697 gpu_threshold=0.171691 cpu_threshold=0.180275
detection_mismatch sample_index=50 flat_index=19231 doppler=37 range=287 cfar_cell=valid gpu_detection=1 cpu_detection=0 gpu_power=0.168287 cpu_power=0.168288 gpu_threshold=0.163106 cpu_threshold=0.171691
detection_mismatch sample_index=50 flat_index=19644 doppler=38 range=188 cfar_cell=valid gpu_detection=0 cpu_detection=1 gpu_power=0.129183 cpu_power=0.12918 gpu_threshold=0.137352 cpu_threshold=0.128768
detection_mismatch sample_index=50 flat_index=24750 doppler=48 range=174 cfar_cell=valid gpu_detection=1 cpu_detection=0 gpu_power=0.134319 cpu_power=0.134313 gpu_threshold=0.113745 cpu_threshold=0.138426
detection_mismatch sample_index=50 flat_index=25261 doppler=49 range=173 cfar_cell=valid gpu_detection=1 cpu_detection=0 gpu_power=0.146269 cpu_power=0.146253 gpu_threshold=0.127427 cpu_threshold=0.157741
detection_mismatch sample_index=50 flat_index=25262 doppler=49 range=174 cfar_cell=valid gpu_detection=1 cpu_detection=0 gpu_power=0.142449 cpu_power=0.142448 gpu_threshold=0.123939 cpu_threshold=0.157741
detection_mismatch sample_index=50 flat_index=26320 doppler=51 range=208 cfar_cell=valid gpu_detection=0 cpu_detection=1 gpu_power=0.0439611 cpu_power=0.0439566 gpu_threshold=0.0515072 cpu_threshold=0.0429226
detection_mismatch sample_index=50 flat_index=28931 doppler=56 range=259 cfar_cell=valid gpu_detection=0 cpu_detection=1 gpu_power=0.138231 cpu_power=0.138231 gpu_threshold=0.145937 cpu_threshold=0.137352
detection_mismatch sample_index=50 flat_index=29363 doppler=57 range=179 cfar_cell=valid gpu_detection=0 cpu_detection=1 gpu_power=0.0749506 cpu_power=0.074951 gpu_threshold=0.103014 cpu_threshold=0.0600917
detection_mismatch sample_index=50 flat_index=29364 doppler=57 range=180 cfar_cell=valid gpu_detection=0 cpu_detection=1 gpu_power=0.0856762 cpu_power=0.0856767 gpu_threshold=0.111599 cpu_threshold=0.0686762
detection_mismatch sample_index=50 flat_index=29365 doppler=57 range=181 cfar_cell=valid gpu_detection=0 cpu_detection=1 gpu_power=0.0966618 cpu_power=0.0966604 gpu_threshold=0.128768 cpu_threshold=0.0858453
detection_mismatch sample_index=50 flat_index=30934 doppler=60 range=214 cfar_cell=valid gpu_detection=0 cpu_detection=1 gpu_power=0.100427 cpu_power=0.100427 gpu_threshold=0.103014 cpu_threshold=0.0944298
sample_index=50 step=step1 cpu_ms=2.41765 gpu_ms=0.889915 relative_l2=2.10803e-06 cpu_heap_peak=7166032 cpu_rss_peak=83984384 gpu_peak=357777408 status=PASS
sample_index=50 step=step2 cpu_ms=138.309 gpu_ms=1.42891 relative_l2=2.54296e-07 cpu_heap_peak=7428192 cpu_rss_peak=83984384 gpu_peak=357777408 status=PASS
sample_index=50 step=step3 cpu_ms=173.127 gpu_ms=1.0075 relative_l2=6.76648e-07 cpu_heap_peak=7690608 cpu_rss_peak=83984384 gpu_peak=357777408 status=PASS
sample_index=50 step=step4 cpu_ms=3.53055 gpu_ms=1.09062 relative_l2=1.91856e-07 cpu_heap_peak=8018512 cpu_rss_peak=83984384 gpu_peak=357777408 status=PASS
sample_index=50 step=step5 cpu_ms=417.221 gpu_ms=6.03513 relative_l2=2.43858e-07 cpu_heap_peak=8544880 cpu_rss_peak=83984384 gpu_peak=357777408 status=PASS
sample_index=50 cpu_pipeline_ms=734.805 gpu_pipeline_ms=10.9184 cuda_event_aux_sum_ms=6.33966 relative_l2=2.25882e-06 relative_linf=9.58014e-06 detection_mismatch_count=12 valid_detection_mismatch_count=12 boundary_detection_mismatch_count=0 mse=1.4118e-05 rmse=0.0037574 formal_relative_l2=2.25882e-06 formal_relative_linf=9.8883e-06 semantic_gates=5/5 accuracy_status=PASS
detection_mismatch_summary sample_index=51 total=12 valid=12 boundary=0
detection_mismatch sample_index=51 flat_index=18121 doppler=35 range=201 cfar_cell=valid gpu_detection=1 cpu_detection=0 gpu_power=0.1727 cpu_power=0.172697 gpu_threshold=0.171691 cpu_threshold=0.180275
detection_mismatch sample_index=51 flat_index=19231 doppler=37 range=287 cfar_cell=valid gpu_detection=1 cpu_detection=0 gpu_power=0.168287 cpu_power=0.168288 gpu_threshold=0.163106 cpu_threshold=0.171691
detection_mismatch sample_index=51 flat_index=19644 doppler=38 range=188 cfar_cell=valid gpu_detection=0 cpu_detection=1 gpu_power=0.129183 cpu_power=0.12918 gpu_threshold=0.137352 cpu_threshold=0.128768
detection_mismatch sample_index=51 flat_index=24750 doppler=48 range=174 cfar_cell=valid gpu_detection=1 cpu_detection=0 gpu_power=0.134319 cpu_power=0.134313 gpu_threshold=0.113745 cpu_threshold=0.138426
detection_mismatch sample_index=51 flat_index=25261 doppler=49 range=173 cfar_cell=valid gpu_detection=1 cpu_detection=0 gpu_power=0.146269 cpu_power=0.146253 gpu_threshold=0.127427 cpu_threshold=0.157741
detection_mismatch sample_index=51 flat_index=25262 doppler=49 range=174 cfar_cell=valid gpu_detection=1 cpu_detection=0 gpu_power=0.142449 cpu_power=0.142448 gpu_threshold=0.123939 cpu_threshold=0.157741
detection_mismatch sample_index=51 flat_index=26320 doppler=51 range=208 cfar_cell=valid gpu_detection=0 cpu_detection=1 gpu_power=0.0439611 cpu_power=0.0439566 gpu_threshold=0.0515072 cpu_threshold=0.0429226
detection_mismatch sample_index=51 flat_index=28931 doppler=56 range=259 cfar_cell=valid gpu_detection=0 cpu_detection=1 gpu_power=0.138231 cpu_power=0.138231 gpu_threshold=0.145937 cpu_threshold=0.137352
detection_mismatch sample_index=51 flat_index=29363 doppler=57 range=179 cfar_cell=valid gpu_detection=0 cpu_detection=1 gpu_power=0.0749506 cpu_power=0.074951 gpu_threshold=0.103014 cpu_threshold=0.0600917
detection_mismatch sample_index=51 flat_index=29364 doppler=57 range=180 cfar_cell=valid gpu_detection=0 cpu_detection=1 gpu_power=0.0856762 cpu_power=0.0856767 gpu_threshold=0.111599 cpu_threshold=0.0686762
detection_mismatch sample_index=51 flat_index=29365 doppler=57 range=181 cfar_cell=valid gpu_detection=0 cpu_detection=1 gpu_power=0.0966618 cpu_power=0.0966604 gpu_threshold=0.128768 cpu_threshold=0.0858453
detection_mismatch sample_index=51 flat_index=30934 doppler=60 range=214 cfar_cell=valid gpu_detection=0 cpu_detection=1 gpu_power=0.100427 cpu_power=0.100427 gpu_threshold=0.103014 cpu_threshold=0.0944298
sample_index=51 step=step1 cpu_ms=2.43365 gpu_ms=0.911645 relative_l2=2.10803e-06 cpu_heap_peak=7165728 cpu_rss_peak=83984384 gpu_peak=357777408 status=PASS
sample_index=51 step=step2 cpu_ms=136.025 gpu_ms=1.43474 relative_l2=2.54296e-07 cpu_heap_peak=7427888 cpu_rss_peak=83984384 gpu_peak=357777408 status=PASS
sample_index=51 step=step3 cpu_ms=172.894 gpu_ms=1.00291 relative_l2=6.76648e-07 cpu_heap_peak=7690304 cpu_rss_peak=83984384 gpu_peak=357777408 status=PASS
sample_index=51 step=step4 cpu_ms=3.53304 gpu_ms=1.06376 relative_l2=1.91856e-07 cpu_heap_peak=8018208 cpu_rss_peak=83984384 gpu_peak=357777408 status=PASS
sample_index=51 step=step5 cpu_ms=417.531 gpu_ms=6.1203 relative_l2=2.43858e-07 cpu_heap_peak=8544576 cpu_rss_peak=83984384 gpu_peak=357777408 status=PASS
sample_index=51 cpu_pipeline_ms=732.62 gpu_pipeline_ms=10.9983 cuda_event_aux_sum_ms=6.42124 relative_l2=2.25882e-06 relative_linf=9.58014e-06 detection_mismatch_count=12 valid_detection_mismatch_count=12 boundary_detection_mismatch_count=0 mse=1.4118e-05 rmse=0.0037574 formal_relative_l2=2.25882e-06 formal_relative_linf=9.8883e-06 semantic_gates=5/5 accuracy_status=PASS
detection_mismatch_summary sample_index=52 total=12 valid=12 boundary=0
detection_mismatch sample_index=52 flat_index=18121 doppler=35 range=201 cfar_cell=valid gpu_detection=1 cpu_detection=0 gpu_power=0.1727 cpu_power=0.172697 gpu_threshold=0.171691 cpu_threshold=0.180275
detection_mismatch sample_index=52 flat_index=19231 doppler=37 range=287 cfar_cell=valid gpu_detection=1 cpu_detection=0 gpu_power=0.168287 cpu_power=0.168288 gpu_threshold=0.163106 cpu_threshold=0.171691
detection_mismatch sample_index=52 flat_index=19644 doppler=38 range=188 cfar_cell=valid gpu_detection=0 cpu_detection=1 gpu_power=0.129183 cpu_power=0.12918 gpu_threshold=0.137352 cpu_threshold=0.128768
detection_mismatch sample_index=52 flat_index=24750 doppler=48 range=174 cfar_cell=valid gpu_detection=1 cpu_detection=0 gpu_power=0.134319 cpu_power=0.134313 gpu_threshold=0.113745 cpu_threshold=0.138426
detection_mismatch sample_index=52 flat_index=25261 doppler=49 range=173 cfar_cell=valid gpu_detection=1 cpu_detection=0 gpu_power=0.146269 cpu_power=0.146253 gpu_threshold=0.127427 cpu_threshold=0.157741
detection_mismatch sample_index=52 flat_index=25262 doppler=49 range=174 cfar_cell=valid gpu_detection=1 cpu_detection=0 gpu_power=0.142449 cpu_power=0.142448 gpu_threshold=0.123939 cpu_threshold=0.157741
detection_mismatch sample_index=52 flat_index=26320 doppler=51 range=208 cfar_cell=valid gpu_detection=0 cpu_detection=1 gpu_power=0.0439611 cpu_power=0.0439566 gpu_threshold=0.0515072 cpu_threshold=0.0429226
detection_mismatch sample_index=52 flat_index=28931 doppler=56 range=259 cfar_cell=valid gpu_detection=0 cpu_detection=1 gpu_power=0.138231 cpu_power=0.138231 gpu_threshold=0.145937 cpu_threshold=0.137352
detection_mismatch sample_index=52 flat_index=29363 doppler=57 range=179 cfar_cell=valid gpu_detection=0 cpu_detection=1 gpu_power=0.0749506 cpu_power=0.074951 gpu_threshold=0.103014 cpu_threshold=0.0600917
detection_mismatch sample_index=52 flat_index=29364 doppler=57 range=180 cfar_cell=valid gpu_detection=0 cpu_detection=1 gpu_power=0.0856762 cpu_power=0.0856767 gpu_threshold=0.111599 cpu_threshold=0.0686762
detection_mismatch sample_index=52 flat_index=29365 doppler=57 range=181 cfar_cell=valid gpu_detection=0 cpu_detection=1 gpu_power=0.0966618 cpu_power=0.0966604 gpu_threshold=0.128768 cpu_threshold=0.0858453
detection_mismatch sample_index=52 flat_index=30934 doppler=60 range=214 cfar_cell=valid gpu_detection=0 cpu_detection=1 gpu_power=0.100427 cpu_power=0.100427 gpu_threshold=0.103014 cpu_threshold=0.0944298
sample_index=52 step=step1 cpu_ms=2.42685 gpu_ms=0.886085 relative_l2=2.10803e-06 cpu_heap_peak=7165040 cpu_rss_peak=83984384 gpu_peak=357777408 status=PASS
sample_index=52 step=step2 cpu_ms=135.655 gpu_ms=1.50587 relative_l2=2.54296e-07 cpu_heap_peak=7427200 cpu_rss_peak=83984384 gpu_peak=357777408 status=PASS
sample_index=52 step=step3 cpu_ms=172.883 gpu_ms=1.00797 relative_l2=6.76648e-07 cpu_heap_peak=7689616 cpu_rss_peak=83984384 gpu_peak=357777408 status=PASS
sample_index=52 step=step4 cpu_ms=3.52078 gpu_ms=1.073 relative_l2=1.91856e-07 cpu_heap_peak=8017520 cpu_rss_peak=83984384 gpu_peak=357777408 status=PASS
sample_index=52 step=step5 cpu_ms=417.834 gpu_ms=5.94634 relative_l2=2.43858e-07 cpu_heap_peak=8543888 cpu_rss_peak=84123648 gpu_peak=357777408 status=PASS
sample_index=52 cpu_pipeline_ms=732.519 gpu_pipeline_ms=10.8843 cuda_event_aux_sum_ms=6.35149 relative_l2=2.25882e-06 relative_linf=9.58014e-06 detection_mismatch_count=12 valid_detection_mismatch_count=12 boundary_detection_mismatch_count=0 mse=1.4118e-05 rmse=0.0037574 formal_relative_l2=2.25882e-06 formal_relative_linf=9.8883e-06 semantic_gates=5/5 accuracy_status=PASS
detection_mismatch_summary sample_index=53 total=12 valid=12 boundary=0
detection_mismatch sample_index=53 flat_index=18121 doppler=35 range=201 cfar_cell=valid gpu_detection=1 cpu_detection=0 gpu_power=0.1727 cpu_power=0.172697 gpu_threshold=0.171691 cpu_threshold=0.180275
detection_mismatch sample_index=53 flat_index=19231 doppler=37 range=287 cfar_cell=valid gpu_detection=1 cpu_detection=0 gpu_power=0.168287 cpu_power=0.168288 gpu_threshold=0.163106 cpu_threshold=0.171691
detection_mismatch sample_index=53 flat_index=19644 doppler=38 range=188 cfar_cell=valid gpu_detection=0 cpu_detection=1 gpu_power=0.129183 cpu_power=0.12918 gpu_threshold=0.137352 cpu_threshold=0.128768
detection_mismatch sample_index=53 flat_index=24750 doppler=48 range=174 cfar_cell=valid gpu_detection=1 cpu_detection=0 gpu_power=0.134319 cpu_power=0.134313 gpu_threshold=0.113745 cpu_threshold=0.138426
detection_mismatch sample_index=53 flat_index=25261 doppler=49 range=173 cfar_cell=valid gpu_detection=1 cpu_detection=0 gpu_power=0.146269 cpu_power=0.146253 gpu_threshold=0.127427 cpu_threshold=0.157741
detection_mismatch sample_index=53 flat_index=25262 doppler=49 range=174 cfar_cell=valid gpu_detection=1 cpu_detection=0 gpu_power=0.142449 cpu_power=0.142448 gpu_threshold=0.123939 cpu_threshold=0.157741
detection_mismatch sample_index=53 flat_index=26320 doppler=51 range=208 cfar_cell=valid gpu_detection=0 cpu_detection=1 gpu_power=0.0439611 cpu_power=0.0439566 gpu_threshold=0.0515072 cpu_threshold=0.0429226
detection_mismatch sample_index=53 flat_index=28931 doppler=56 range=259 cfar_cell=valid gpu_detection=0 cpu_detection=1 gpu_power=0.138231 cpu_power=0.138231 gpu_threshold=0.145937 cpu_threshold=0.137352
detection_mismatch sample_index=53 flat_index=29363 doppler=57 range=179 cfar_cell=valid gpu_detection=0 cpu_detection=1 gpu_power=0.0749506 cpu_power=0.074951 gpu_threshold=0.103014 cpu_threshold=0.0600917
detection_mismatch sample_index=53 flat_index=29364 doppler=57 range=180 cfar_cell=valid gpu_detection=0 cpu_detection=1 gpu_power=0.0856762 cpu_power=0.0856767 gpu_threshold=0.111599 cpu_threshold=0.0686762
detection_mismatch sample_index=53 flat_index=29365 doppler=57 range=181 cfar_cell=valid gpu_detection=0 cpu_detection=1 gpu_power=0.0966618 cpu_power=0.0966604 gpu_threshold=0.128768 cpu_threshold=0.0858453
detection_mismatch sample_index=53 flat_index=30934 doppler=60 range=214 cfar_cell=valid gpu_detection=0 cpu_detection=1 gpu_power=0.100427 cpu_power=0.100427 gpu_threshold=0.103014 cpu_threshold=0.0944298
sample_index=53 step=step1 cpu_ms=2.51686 gpu_ms=0.898716 relative_l2=2.10803e-06 cpu_heap_peak=7165024 cpu_rss_peak=84115456 gpu_peak=357777408 status=PASS
sample_index=53 step=step2 cpu_ms=135.888 gpu_ms=1.44681 relative_l2=2.54296e-07 cpu_heap_peak=7427184 cpu_rss_peak=84115456 gpu_peak=357777408 status=PASS
sample_index=53 step=step3 cpu_ms=173.058 gpu_ms=1.04176 relative_l2=6.76648e-07 cpu_heap_peak=7689600 cpu_rss_peak=84115456 gpu_peak=357777408 status=PASS
sample_index=53 step=step4 cpu_ms=3.53149 gpu_ms=1.08745 relative_l2=1.91856e-07 cpu_heap_peak=8017504 cpu_rss_peak=84115456 gpu_peak=357777408 status=PASS
sample_index=53 step=step5 cpu_ms=417.55 gpu_ms=6.00803 relative_l2=2.43858e-07 cpu_heap_peak=8543872 cpu_rss_peak=84115456 gpu_peak=357777408 status=PASS
sample_index=53 cpu_pipeline_ms=732.743 gpu_pipeline_ms=10.9537 cuda_event_aux_sum_ms=6.30029 relative_l2=2.25882e-06 relative_linf=9.58014e-06 detection_mismatch_count=12 valid_detection_mismatch_count=12 boundary_detection_mismatch_count=0 mse=1.4118e-05 rmse=0.0037574 formal_relative_l2=2.25882e-06 formal_relative_linf=9.8883e-06 semantic_gates=5/5 accuracy_status=PASS
detection_mismatch_summary sample_index=54 total=12 valid=12 boundary=0
detection_mismatch sample_index=54 flat_index=18121 doppler=35 range=201 cfar_cell=valid gpu_detection=1 cpu_detection=0 gpu_power=0.1727 cpu_power=0.172697 gpu_threshold=0.171691 cpu_threshold=0.180275
detection_mismatch sample_index=54 flat_index=19231 doppler=37 range=287 cfar_cell=valid gpu_detection=1 cpu_detection=0 gpu_power=0.168287 cpu_power=0.168288 gpu_threshold=0.163106 cpu_threshold=0.171691
detection_mismatch sample_index=54 flat_index=19644 doppler=38 range=188 cfar_cell=valid gpu_detection=0 cpu_detection=1 gpu_power=0.129183 cpu_power=0.12918 gpu_threshold=0.137352 cpu_threshold=0.128768
detection_mismatch sample_index=54 flat_index=24750 doppler=48 range=174 cfar_cell=valid gpu_detection=1 cpu_detection=0 gpu_power=0.134319 cpu_power=0.134313 gpu_threshold=0.113745 cpu_threshold=0.138426
detection_mismatch sample_index=54 flat_index=25261 doppler=49 range=173 cfar_cell=valid gpu_detection=1 cpu_detection=0 gpu_power=0.146269 cpu_power=0.146253 gpu_threshold=0.127427 cpu_threshold=0.157741
detection_mismatch sample_index=54 flat_index=25262 doppler=49 range=174 cfar_cell=valid gpu_detection=1 cpu_detection=0 gpu_power=0.142449 cpu_power=0.142448 gpu_threshold=0.123939 cpu_threshold=0.157741
detection_mismatch sample_index=54 flat_index=26320 doppler=51 range=208 cfar_cell=valid gpu_detection=0 cpu_detection=1 gpu_power=0.0439611 cpu_power=0.0439566 gpu_threshold=0.0515072 cpu_threshold=0.0429226
detection_mismatch sample_index=54 flat_index=28931 doppler=56 range=259 cfar_cell=valid gpu_detection=0 cpu_detection=1 gpu_power=0.138231 cpu_power=0.138231 gpu_threshold=0.145937 cpu_threshold=0.137352
detection_mismatch sample_index=54 flat_index=29363 doppler=57 range=179 cfar_cell=valid gpu_detection=0 cpu_detection=1 gpu_power=0.0749506 cpu_power=0.074951 gpu_threshold=0.103014 cpu_threshold=0.0600917
detection_mismatch sample_index=54 flat_index=29364 doppler=57 range=180 cfar_cell=valid gpu_detection=0 cpu_detection=1 gpu_power=0.0856762 cpu_power=0.0856767 gpu_threshold=0.111599 cpu_threshold=0.0686762
detection_mismatch sample_index=54 flat_index=29365 doppler=57 range=181 cfar_cell=valid gpu_detection=0 cpu_detection=1 gpu_power=0.0966618 cpu_power=0.0966604 gpu_threshold=0.128768 cpu_threshold=0.0858453
detection_mismatch sample_index=54 flat_index=30934 doppler=60 range=214 cfar_cell=valid gpu_detection=0 cpu_detection=1 gpu_power=0.100427 cpu_power=0.100427 gpu_threshold=0.103014 cpu_threshold=0.0944298
sample_index=54 step=step1 cpu_ms=2.4179 gpu_ms=0.892086 relative_l2=2.10803e-06 cpu_heap_peak=7165024 cpu_rss_peak=83984384 gpu_peak=357777408 status=PASS
sample_index=54 step=step2 cpu_ms=135.932 gpu_ms=1.42493 relative_l2=2.54296e-07 cpu_heap_peak=7427184 cpu_rss_peak=83984384 gpu_peak=357777408 status=PASS
sample_index=54 step=step3 cpu_ms=172.799 gpu_ms=1.02525 relative_l2=6.76648e-07 cpu_heap_peak=7689600 cpu_rss_peak=83984384 gpu_peak=357777408 status=PASS
sample_index=54 step=step4 cpu_ms=3.52656 gpu_ms=1.06193 relative_l2=1.91856e-07 cpu_heap_peak=8017504 cpu_rss_peak=83984384 gpu_peak=357777408 status=PASS
sample_index=54 step=step5 cpu_ms=417.497 gpu_ms=6.0389 relative_l2=2.43858e-07 cpu_heap_peak=8543872 cpu_rss_peak=83984384 gpu_peak=357777408 status=PASS
sample_index=54 cpu_pipeline_ms=732.371 gpu_pipeline_ms=10.9137 cuda_event_aux_sum_ms=6.35211 relative_l2=2.25882e-06 relative_linf=9.58014e-06 detection_mismatch_count=12 valid_detection_mismatch_count=12 boundary_detection_mismatch_count=0 mse=1.4118e-05 rmse=0.0037574 formal_relative_l2=2.25882e-06 formal_relative_linf=9.8883e-06 semantic_gates=5/5 accuracy_status=PASS
detection_mismatch_summary sample_index=55 total=12 valid=12 boundary=0
detection_mismatch sample_index=55 flat_index=18121 doppler=35 range=201 cfar_cell=valid gpu_detection=1 cpu_detection=0 gpu_power=0.1727 cpu_power=0.172697 gpu_threshold=0.171691 cpu_threshold=0.180275
detection_mismatch sample_index=55 flat_index=19231 doppler=37 range=287 cfar_cell=valid gpu_detection=1 cpu_detection=0 gpu_power=0.168287 cpu_power=0.168288 gpu_threshold=0.163106 cpu_threshold=0.171691
detection_mismatch sample_index=55 flat_index=19644 doppler=38 range=188 cfar_cell=valid gpu_detection=0 cpu_detection=1 gpu_power=0.129183 cpu_power=0.12918 gpu_threshold=0.137352 cpu_threshold=0.128768
detection_mismatch sample_index=55 flat_index=24750 doppler=48 range=174 cfar_cell=valid gpu_detection=1 cpu_detection=0 gpu_power=0.134319 cpu_power=0.134313 gpu_threshold=0.113745 cpu_threshold=0.138426
detection_mismatch sample_index=55 flat_index=25261 doppler=49 range=173 cfar_cell=valid gpu_detection=1 cpu_detection=0 gpu_power=0.146269 cpu_power=0.146253 gpu_threshold=0.127427 cpu_threshold=0.157741
detection_mismatch sample_index=55 flat_index=25262 doppler=49 range=174 cfar_cell=valid gpu_detection=1 cpu_detection=0 gpu_power=0.142449 cpu_power=0.142448 gpu_threshold=0.123939 cpu_threshold=0.157741
detection_mismatch sample_index=55 flat_index=26320 doppler=51 range=208 cfar_cell=valid gpu_detection=0 cpu_detection=1 gpu_power=0.0439611 cpu_power=0.0439566 gpu_threshold=0.0515072 cpu_threshold=0.0429226
detection_mismatch sample_index=55 flat_index=28931 doppler=56 range=259 cfar_cell=valid gpu_detection=0 cpu_detection=1 gpu_power=0.138231 cpu_power=0.138231 gpu_threshold=0.145937 cpu_threshold=0.137352
detection_mismatch sample_index=55 flat_index=29363 doppler=57 range=179 cfar_cell=valid gpu_detection=0 cpu_detection=1 gpu_power=0.0749506 cpu_power=0.074951 gpu_threshold=0.103014 cpu_threshold=0.0600917
detection_mismatch sample_index=55 flat_index=29364 doppler=57 range=180 cfar_cell=valid gpu_detection=0 cpu_detection=1 gpu_power=0.0856762 cpu_power=0.0856767 gpu_threshold=0.111599 cpu_threshold=0.0686762
detection_mismatch sample_index=55 flat_index=29365 doppler=57 range=181 cfar_cell=valid gpu_detection=0 cpu_detection=1 gpu_power=0.0966618 cpu_power=0.0966604 gpu_threshold=0.128768 cpu_threshold=0.0858453
detection_mismatch sample_index=55 flat_index=30934 doppler=60 range=214 cfar_cell=valid gpu_detection=0 cpu_detection=1 gpu_power=0.100427 cpu_power=0.100427 gpu_threshold=0.103014 cpu_threshold=0.0944298
sample_index=55 step=step1 cpu_ms=2.41922 gpu_ms=0.882075 relative_l2=2.10803e-06 cpu_heap_peak=7166064 cpu_rss_peak=83984384 gpu_peak=357777408 status=PASS
sample_index=55 step=step2 cpu_ms=135.516 gpu_ms=1.44436 relative_l2=2.54296e-07 cpu_heap_peak=7428224 cpu_rss_peak=83984384 gpu_peak=357777408 status=PASS
sample_index=55 step=step3 cpu_ms=172.919 gpu_ms=1.00836 relative_l2=6.76648e-07 cpu_heap_peak=7690640 cpu_rss_peak=83984384 gpu_peak=357777408 status=PASS
sample_index=55 step=step4 cpu_ms=3.51881 gpu_ms=1.07301 relative_l2=1.91856e-07 cpu_heap_peak=8018544 cpu_rss_peak=83984384 gpu_peak=357777408 status=PASS
sample_index=55 step=step5 cpu_ms=417.597 gpu_ms=5.97956 relative_l2=2.43858e-07 cpu_heap_peak=8544912 cpu_rss_peak=83984384 gpu_peak=357777408 status=PASS
sample_index=55 cpu_pipeline_ms=732.171 gpu_pipeline_ms=10.855 cuda_event_aux_sum_ms=6.27801 relative_l2=2.25882e-06 relative_linf=9.58014e-06 detection_mismatch_count=12 valid_detection_mismatch_count=12 boundary_detection_mismatch_count=0 mse=1.4118e-05 rmse=0.0037574 formal_relative_l2=2.25882e-06 formal_relative_linf=9.8883e-06 semantic_gates=5/5 accuracy_status=PASS
detection_mismatch_summary sample_index=56 total=12 valid=12 boundary=0
detection_mismatch sample_index=56 flat_index=18121 doppler=35 range=201 cfar_cell=valid gpu_detection=1 cpu_detection=0 gpu_power=0.1727 cpu_power=0.172697 gpu_threshold=0.171691 cpu_threshold=0.180275
detection_mismatch sample_index=56 flat_index=19231 doppler=37 range=287 cfar_cell=valid gpu_detection=1 cpu_detection=0 gpu_power=0.168287 cpu_power=0.168288 gpu_threshold=0.163106 cpu_threshold=0.171691
detection_mismatch sample_index=56 flat_index=19644 doppler=38 range=188 cfar_cell=valid gpu_detection=0 cpu_detection=1 gpu_power=0.129183 cpu_power=0.12918 gpu_threshold=0.137352 cpu_threshold=0.128768
detection_mismatch sample_index=56 flat_index=24750 doppler=48 range=174 cfar_cell=valid gpu_detection=1 cpu_detection=0 gpu_power=0.134319 cpu_power=0.134313 gpu_threshold=0.113745 cpu_threshold=0.138426
detection_mismatch sample_index=56 flat_index=25261 doppler=49 range=173 cfar_cell=valid gpu_detection=1 cpu_detection=0 gpu_power=0.146269 cpu_power=0.146253 gpu_threshold=0.127427 cpu_threshold=0.157741
detection_mismatch sample_index=56 flat_index=25262 doppler=49 range=174 cfar_cell=valid gpu_detection=1 cpu_detection=0 gpu_power=0.142449 cpu_power=0.142448 gpu_threshold=0.123939 cpu_threshold=0.157741
detection_mismatch sample_index=56 flat_index=26320 doppler=51 range=208 cfar_cell=valid gpu_detection=0 cpu_detection=1 gpu_power=0.0439611 cpu_power=0.0439566 gpu_threshold=0.0515072 cpu_threshold=0.0429226
detection_mismatch sample_index=56 flat_index=28931 doppler=56 range=259 cfar_cell=valid gpu_detection=0 cpu_detection=1 gpu_power=0.138231 cpu_power=0.138231 gpu_threshold=0.145937 cpu_threshold=0.137352
detection_mismatch sample_index=56 flat_index=29363 doppler=57 range=179 cfar_cell=valid gpu_detection=0 cpu_detection=1 gpu_power=0.0749506 cpu_power=0.074951 gpu_threshold=0.103014 cpu_threshold=0.0600917
detection_mismatch sample_index=56 flat_index=29364 doppler=57 range=180 cfar_cell=valid gpu_detection=0 cpu_detection=1 gpu_power=0.0856762 cpu_power=0.0856767 gpu_threshold=0.111599 cpu_threshold=0.0686762
detection_mismatch sample_index=56 flat_index=29365 doppler=57 range=181 cfar_cell=valid gpu_detection=0 cpu_detection=1 gpu_power=0.0966618 cpu_power=0.0966604 gpu_threshold=0.128768 cpu_threshold=0.0858453
detection_mismatch sample_index=56 flat_index=30934 doppler=60 range=214 cfar_cell=valid gpu_detection=0 cpu_detection=1 gpu_power=0.100427 cpu_power=0.100427 gpu_threshold=0.103014 cpu_threshold=0.0944298
sample_index=56 step=step1 cpu_ms=2.43115 gpu_ms=0.870775 relative_l2=2.10803e-06 cpu_heap_peak=7166304 cpu_rss_peak=83984384 gpu_peak=357777408 status=PASS
sample_index=56 step=step2 cpu_ms=135.494 gpu_ms=1.44553 relative_l2=2.54296e-07 cpu_heap_peak=7428464 cpu_rss_peak=83984384 gpu_peak=357777408 status=PASS
sample_index=56 step=step3 cpu_ms=172.797 gpu_ms=1.01284 relative_l2=6.76648e-07 cpu_heap_peak=7690880 cpu_rss_peak=83984384 gpu_peak=357777408 status=PASS
sample_index=56 step=step4 cpu_ms=3.53156 gpu_ms=1.08659 relative_l2=1.91856e-07 cpu_heap_peak=8018784 cpu_rss_peak=83984384 gpu_peak=357777408 status=PASS
sample_index=56 step=step5 cpu_ms=417.498 gpu_ms=6.0065 relative_l2=2.43858e-07 cpu_heap_peak=8545168 cpu_rss_peak=83984384 gpu_peak=357777408 status=PASS
sample_index=56 cpu_pipeline_ms=731.953 gpu_pipeline_ms=10.9588 cuda_event_aux_sum_ms=6.30706 relative_l2=2.25882e-06 relative_linf=9.58014e-06 detection_mismatch_count=12 valid_detection_mismatch_count=12 boundary_detection_mismatch_count=0 mse=1.4118e-05 rmse=0.0037574 formal_relative_l2=2.25882e-06 formal_relative_linf=9.8883e-06 semantic_gates=5/5 accuracy_status=PASS
detection_mismatch_summary sample_index=57 total=12 valid=12 boundary=0
detection_mismatch sample_index=57 flat_index=18121 doppler=35 range=201 cfar_cell=valid gpu_detection=1 cpu_detection=0 gpu_power=0.1727 cpu_power=0.172697 gpu_threshold=0.171691 cpu_threshold=0.180275
detection_mismatch sample_index=57 flat_index=19231 doppler=37 range=287 cfar_cell=valid gpu_detection=1 cpu_detection=0 gpu_power=0.168287 cpu_power=0.168288 gpu_threshold=0.163106 cpu_threshold=0.171691
detection_mismatch sample_index=57 flat_index=19644 doppler=38 range=188 cfar_cell=valid gpu_detection=0 cpu_detection=1 gpu_power=0.129183 cpu_power=0.12918 gpu_threshold=0.137352 cpu_threshold=0.128768
detection_mismatch sample_index=57 flat_index=24750 doppler=48 range=174 cfar_cell=valid gpu_detection=1 cpu_detection=0 gpu_power=0.134319 cpu_power=0.134313 gpu_threshold=0.113745 cpu_threshold=0.138426
detection_mismatch sample_index=57 flat_index=25261 doppler=49 range=173 cfar_cell=valid gpu_detection=1 cpu_detection=0 gpu_power=0.146269 cpu_power=0.146253 gpu_threshold=0.127427 cpu_threshold=0.157741
detection_mismatch sample_index=57 flat_index=25262 doppler=49 range=174 cfar_cell=valid gpu_detection=1 cpu_detection=0 gpu_power=0.142449 cpu_power=0.142448 gpu_threshold=0.123939 cpu_threshold=0.157741
detection_mismatch sample_index=57 flat_index=26320 doppler=51 range=208 cfar_cell=valid gpu_detection=0 cpu_detection=1 gpu_power=0.0439611 cpu_power=0.0439566 gpu_threshold=0.0515072 cpu_threshold=0.0429226
detection_mismatch sample_index=57 flat_index=28931 doppler=56 range=259 cfar_cell=valid gpu_detection=0 cpu_detection=1 gpu_power=0.138231 cpu_power=0.138231 gpu_threshold=0.145937 cpu_threshold=0.137352
detection_mismatch sample_index=57 flat_index=29363 doppler=57 range=179 cfar_cell=valid gpu_detection=0 cpu_detection=1 gpu_power=0.0749506 cpu_power=0.074951 gpu_threshold=0.103014 cpu_threshold=0.0600917
detection_mismatch sample_index=57 flat_index=29364 doppler=57 range=180 cfar_cell=valid gpu_detection=0 cpu_detection=1 gpu_power=0.0856762 cpu_power=0.0856767 gpu_threshold=0.111599 cpu_threshold=0.0686762
detection_mismatch sample_index=57 flat_index=29365 doppler=57 range=181 cfar_cell=valid gpu_detection=0 cpu_detection=1 gpu_power=0.0966618 cpu_power=0.0966604 gpu_threshold=0.128768 cpu_threshold=0.0858453
detection_mismatch sample_index=57 flat_index=30934 doppler=60 range=214 cfar_cell=valid gpu_detection=0 cpu_detection=1 gpu_power=0.100427 cpu_power=0.100427 gpu_threshold=0.103014 cpu_threshold=0.0944298
sample_index=57 step=step1 cpu_ms=2.43721 gpu_ms=0.890525 relative_l2=2.10803e-06 cpu_heap_peak=7166608 cpu_rss_peak=83984384 gpu_peak=357777408 status=PASS
sample_index=57 step=step2 cpu_ms=135.87 gpu_ms=1.42594 relative_l2=2.54296e-07 cpu_heap_peak=7428768 cpu_rss_peak=83984384 gpu_peak=357777408 status=PASS
sample_index=57 step=step3 cpu_ms=173.061 gpu_ms=1.01861 relative_l2=6.76648e-07 cpu_heap_peak=7691184 cpu_rss_peak=83984384 gpu_peak=357777408 status=PASS
sample_index=57 step=step4 cpu_ms=3.53495 gpu_ms=1.08223 relative_l2=1.91856e-07 cpu_heap_peak=8019088 cpu_rss_peak=83984384 gpu_peak=357777408 status=PASS
sample_index=57 step=step5 cpu_ms=417.514 gpu_ms=6.06473 relative_l2=2.43858e-07 cpu_heap_peak=8545456 cpu_rss_peak=83984384 gpu_peak=357777408 status=PASS
sample_index=57 cpu_pipeline_ms=732.616 gpu_pipeline_ms=10.9487 cuda_event_aux_sum_ms=6.3765 relative_l2=2.25882e-06 relative_linf=9.58014e-06 detection_mismatch_count=12 valid_detection_mismatch_count=12 boundary_detection_mismatch_count=0 mse=1.4118e-05 rmse=0.0037574 formal_relative_l2=2.25882e-06 formal_relative_linf=9.8883e-06 semantic_gates=5/5 accuracy_status=PASS
detection_mismatch_summary sample_index=58 total=12 valid=12 boundary=0
detection_mismatch sample_index=58 flat_index=18121 doppler=35 range=201 cfar_cell=valid gpu_detection=1 cpu_detection=0 gpu_power=0.1727 cpu_power=0.172697 gpu_threshold=0.171691 cpu_threshold=0.180275
detection_mismatch sample_index=58 flat_index=19231 doppler=37 range=287 cfar_cell=valid gpu_detection=1 cpu_detection=0 gpu_power=0.168287 cpu_power=0.168288 gpu_threshold=0.163106 cpu_threshold=0.171691
detection_mismatch sample_index=58 flat_index=19644 doppler=38 range=188 cfar_cell=valid gpu_detection=0 cpu_detection=1 gpu_power=0.129183 cpu_power=0.12918 gpu_threshold=0.137352 cpu_threshold=0.128768
detection_mismatch sample_index=58 flat_index=24750 doppler=48 range=174 cfar_cell=valid gpu_detection=1 cpu_detection=0 gpu_power=0.134319 cpu_power=0.134313 gpu_threshold=0.113745 cpu_threshold=0.138426
detection_mismatch sample_index=58 flat_index=25261 doppler=49 range=173 cfar_cell=valid gpu_detection=1 cpu_detection=0 gpu_power=0.146269 cpu_power=0.146253 gpu_threshold=0.127427 cpu_threshold=0.157741
detection_mismatch sample_index=58 flat_index=25262 doppler=49 range=174 cfar_cell=valid gpu_detection=1 cpu_detection=0 gpu_power=0.142449 cpu_power=0.142448 gpu_threshold=0.123939 cpu_threshold=0.157741
detection_mismatch sample_index=58 flat_index=26320 doppler=51 range=208 cfar_cell=valid gpu_detection=0 cpu_detection=1 gpu_power=0.0439611 cpu_power=0.0439566 gpu_threshold=0.0515072 cpu_threshold=0.0429226
detection_mismatch sample_index=58 flat_index=28931 doppler=56 range=259 cfar_cell=valid gpu_detection=0 cpu_detection=1 gpu_power=0.138231 cpu_power=0.138231 gpu_threshold=0.145937 cpu_threshold=0.137352
detection_mismatch sample_index=58 flat_index=29363 doppler=57 range=179 cfar_cell=valid gpu_detection=0 cpu_detection=1 gpu_power=0.0749506 cpu_power=0.074951 gpu_threshold=0.103014 cpu_threshold=0.0600917
detection_mismatch sample_index=58 flat_index=29364 doppler=57 range=180 cfar_cell=valid gpu_detection=0 cpu_detection=1 gpu_power=0.0856762 cpu_power=0.0856767 gpu_threshold=0.111599 cpu_threshold=0.0686762
detection_mismatch sample_index=58 flat_index=29365 doppler=57 range=181 cfar_cell=valid gpu_detection=0 cpu_detection=1 gpu_power=0.0966618 cpu_power=0.0966604 gpu_threshold=0.128768 cpu_threshold=0.0858453
detection_mismatch sample_index=58 flat_index=30934 doppler=60 range=214 cfar_cell=valid gpu_detection=0 cpu_detection=1 gpu_power=0.100427 cpu_power=0.100427 gpu_threshold=0.103014 cpu_threshold=0.0944298
sample_index=58 step=step1 cpu_ms=2.42021 gpu_ms=0.892945 relative_l2=2.10803e-06 cpu_heap_peak=7166576 cpu_rss_peak=83984384 gpu_peak=357777408 status=PASS
sample_index=58 step=step2 cpu_ms=135.723 gpu_ms=1.44076 relative_l2=2.54296e-07 cpu_heap_peak=7428736 cpu_rss_peak=83984384 gpu_peak=357777408 status=PASS
sample_index=58 step=step3 cpu_ms=173.107 gpu_ms=1.00832 relative_l2=6.76648e-07 cpu_heap_peak=7691152 cpu_rss_peak=83984384 gpu_peak=357777408 status=PASS
sample_index=58 step=step4 cpu_ms=3.54392 gpu_ms=1.07229 relative_l2=1.91856e-07 cpu_heap_peak=8019056 cpu_rss_peak=83984384 gpu_peak=357777408 status=PASS
sample_index=58 step=step5 cpu_ms=417.338 gpu_ms=6.01661 relative_l2=2.43858e-07 cpu_heap_peak=8545424 cpu_rss_peak=83984384 gpu_peak=357777408 status=PASS
sample_index=58 cpu_pipeline_ms=732.334 gpu_pipeline_ms=10.8955 cuda_event_aux_sum_ms=6.32124 relative_l2=2.25882e-06 relative_linf=9.58014e-06 detection_mismatch_count=12 valid_detection_mismatch_count=12 boundary_detection_mismatch_count=0 mse=1.4118e-05 rmse=0.0037574 formal_relative_l2=2.25882e-06 formal_relative_linf=9.8883e-06 semantic_gates=5/5 accuracy_status=PASS
detection_mismatch_summary sample_index=59 total=12 valid=12 boundary=0
detection_mismatch sample_index=59 flat_index=18121 doppler=35 range=201 cfar_cell=valid gpu_detection=1 cpu_detection=0 gpu_power=0.1727 cpu_power=0.172697 gpu_threshold=0.171691 cpu_threshold=0.180275
detection_mismatch sample_index=59 flat_index=19231 doppler=37 range=287 cfar_cell=valid gpu_detection=1 cpu_detection=0 gpu_power=0.168287 cpu_power=0.168288 gpu_threshold=0.163106 cpu_threshold=0.171691
detection_mismatch sample_index=59 flat_index=19644 doppler=38 range=188 cfar_cell=valid gpu_detection=0 cpu_detection=1 gpu_power=0.129183 cpu_power=0.12918 gpu_threshold=0.137352 cpu_threshold=0.128768
detection_mismatch sample_index=59 flat_index=24750 doppler=48 range=174 cfar_cell=valid gpu_detection=1 cpu_detection=0 gpu_power=0.134319 cpu_power=0.134313 gpu_threshold=0.113745 cpu_threshold=0.138426
detection_mismatch sample_index=59 flat_index=25261 doppler=49 range=173 cfar_cell=valid gpu_detection=1 cpu_detection=0 gpu_power=0.146269 cpu_power=0.146253 gpu_threshold=0.127427 cpu_threshold=0.157741
detection_mismatch sample_index=59 flat_index=25262 doppler=49 range=174 cfar_cell=valid gpu_detection=1 cpu_detection=0 gpu_power=0.142449 cpu_power=0.142448 gpu_threshold=0.123939 cpu_threshold=0.157741
detection_mismatch sample_index=59 flat_index=26320 doppler=51 range=208 cfar_cell=valid gpu_detection=0 cpu_detection=1 gpu_power=0.0439611 cpu_power=0.0439566 gpu_threshold=0.0515072 cpu_threshold=0.0429226
detection_mismatch sample_index=59 flat_index=28931 doppler=56 range=259 cfar_cell=valid gpu_detection=0 cpu_detection=1 gpu_power=0.138231 cpu_power=0.138231 gpu_threshold=0.145937 cpu_threshold=0.137352
detection_mismatch sample_index=59 flat_index=29363 doppler=57 range=179 cfar_cell=valid gpu_detection=0 cpu_detection=1 gpu_power=0.0749506 cpu_power=0.074951 gpu_threshold=0.103014 cpu_threshold=0.0600917
detection_mismatch sample_index=59 flat_index=29364 doppler=57 range=180 cfar_cell=valid gpu_detection=0 cpu_detection=1 gpu_power=0.0856762 cpu_power=0.0856767 gpu_threshold=0.111599 cpu_threshold=0.0686762
detection_mismatch sample_index=59 flat_index=29365 doppler=57 range=181 cfar_cell=valid gpu_detection=0 cpu_detection=1 gpu_power=0.0966618 cpu_power=0.0966604 gpu_threshold=0.128768 cpu_threshold=0.0858453
detection_mismatch sample_index=59 flat_index=30934 doppler=60 range=214 cfar_cell=valid gpu_detection=0 cpu_detection=1 gpu_power=0.100427 cpu_power=0.100427 gpu_threshold=0.103014 cpu_threshold=0.0944298
sample_index=59 step=step1 cpu_ms=2.43106 gpu_ms=1.08914 relative_l2=2.10803e-06 cpu_heap_peak=7166528 cpu_rss_peak=83984384 gpu_peak=357777408 status=PASS
sample_index=59 step=step2 cpu_ms=135.457 gpu_ms=1.42613 relative_l2=2.54296e-07 cpu_heap_peak=7428688 cpu_rss_peak=83984384 gpu_peak=357777408 status=PASS
sample_index=59 step=step3 cpu_ms=172.6 gpu_ms=1.02664 relative_l2=6.76648e-07 cpu_heap_peak=7691104 cpu_rss_peak=83984384 gpu_peak=357777408 status=PASS
sample_index=59 step=step4 cpu_ms=3.52536 gpu_ms=1.09133 relative_l2=1.91856e-07 cpu_heap_peak=8019008 cpu_rss_peak=83984384 gpu_peak=357777408 status=PASS
sample_index=59 step=step5 cpu_ms=417.782 gpu_ms=6.04411 relative_l2=2.43858e-07 cpu_heap_peak=8545392 cpu_rss_peak=83984384 gpu_peak=357777408 status=PASS
sample_index=59 cpu_pipeline_ms=731.993 gpu_pipeline_ms=11.149 cuda_event_aux_sum_ms=6.33735 relative_l2=2.25882e-06 relative_linf=9.58014e-06 detection_mismatch_count=12 valid_detection_mismatch_count=12 boundary_detection_mismatch_count=0 mse=1.4118e-05 rmse=0.0037574 formal_relative_l2=2.25882e-06 formal_relative_linf=9.8883e-06 semantic_gates=5/5 accuracy_status=PASS
detection_mismatch_summary sample_index=60 total=12 valid=12 boundary=0
detection_mismatch sample_index=60 flat_index=18121 doppler=35 range=201 cfar_cell=valid gpu_detection=1 cpu_detection=0 gpu_power=0.1727 cpu_power=0.172697 gpu_threshold=0.171691 cpu_threshold=0.180275
detection_mismatch sample_index=60 flat_index=19231 doppler=37 range=287 cfar_cell=valid gpu_detection=1 cpu_detection=0 gpu_power=0.168287 cpu_power=0.168288 gpu_threshold=0.163106 cpu_threshold=0.171691
detection_mismatch sample_index=60 flat_index=19644 doppler=38 range=188 cfar_cell=valid gpu_detection=0 cpu_detection=1 gpu_power=0.129183 cpu_power=0.12918 gpu_threshold=0.137352 cpu_threshold=0.128768
detection_mismatch sample_index=60 flat_index=24750 doppler=48 range=174 cfar_cell=valid gpu_detection=1 cpu_detection=0 gpu_power=0.134319 cpu_power=0.134313 gpu_threshold=0.113745 cpu_threshold=0.138426
detection_mismatch sample_index=60 flat_index=25261 doppler=49 range=173 cfar_cell=valid gpu_detection=1 cpu_detection=0 gpu_power=0.146269 cpu_power=0.146253 gpu_threshold=0.127427 cpu_threshold=0.157741
detection_mismatch sample_index=60 flat_index=25262 doppler=49 range=174 cfar_cell=valid gpu_detection=1 cpu_detection=0 gpu_power=0.142449 cpu_power=0.142448 gpu_threshold=0.123939 cpu_threshold=0.157741
detection_mismatch sample_index=60 flat_index=26320 doppler=51 range=208 cfar_cell=valid gpu_detection=0 cpu_detection=1 gpu_power=0.0439611 cpu_power=0.0439566 gpu_threshold=0.0515072 cpu_threshold=0.0429226
detection_mismatch sample_index=60 flat_index=28931 doppler=56 range=259 cfar_cell=valid gpu_detection=0 cpu_detection=1 gpu_power=0.138231 cpu_power=0.138231 gpu_threshold=0.145937 cpu_threshold=0.137352
detection_mismatch sample_index=60 flat_index=29363 doppler=57 range=179 cfar_cell=valid gpu_detection=0 cpu_detection=1 gpu_power=0.0749506 cpu_power=0.074951 gpu_threshold=0.103014 cpu_threshold=0.0600917
detection_mismatch sample_index=60 flat_index=29364 doppler=57 range=180 cfar_cell=valid gpu_detection=0 cpu_detection=1 gpu_power=0.0856762 cpu_power=0.0856767 gpu_threshold=0.111599 cpu_threshold=0.0686762
detection_mismatch sample_index=60 flat_index=29365 doppler=57 range=181 cfar_cell=valid gpu_detection=0 cpu_detection=1 gpu_power=0.0966618 cpu_power=0.0966604 gpu_threshold=0.128768 cpu_threshold=0.0858453
detection_mismatch sample_index=60 flat_index=30934 doppler=60 range=214 cfar_cell=valid gpu_detection=0 cpu_detection=1 gpu_power=0.100427 cpu_power=0.100427 gpu_threshold=0.103014 cpu_threshold=0.0944298
sample_index=60 step=step1 cpu_ms=2.41594 gpu_ms=0.883845 relative_l2=2.10803e-06 cpu_heap_peak=7167216 cpu_rss_peak=83984384 gpu_peak=357777408 status=PASS
sample_index=60 step=step2 cpu_ms=135.602 gpu_ms=1.42216 relative_l2=2.54296e-07 cpu_heap_peak=7429376 cpu_rss_peak=83984384 gpu_peak=357777408 status=PASS
sample_index=60 step=step3 cpu_ms=172.694 gpu_ms=1.016 relative_l2=6.76648e-07 cpu_heap_peak=7691792 cpu_rss_peak=83984384 gpu_peak=357777408 status=PASS
sample_index=60 step=step4 cpu_ms=3.52591 gpu_ms=1.12523 relative_l2=1.91856e-07 cpu_heap_peak=8019696 cpu_rss_peak=83984384 gpu_peak=357777408 status=PASS
sample_index=60 step=step5 cpu_ms=417.554 gpu_ms=5.99094 relative_l2=2.43858e-07 cpu_heap_peak=8546080 cpu_rss_peak=83984384 gpu_peak=357777408 status=PASS
sample_index=60 cpu_pipeline_ms=731.99 gpu_pipeline_ms=10.9125 cuda_event_aux_sum_ms=6.32772 relative_l2=2.25882e-06 relative_linf=9.58014e-06 detection_mismatch_count=12 valid_detection_mismatch_count=12 boundary_detection_mismatch_count=0 mse=1.4118e-05 rmse=0.0037574 formal_relative_l2=2.25882e-06 formal_relative_linf=9.8883e-06 semantic_gates=5/5 accuracy_status=PASS
detection_mismatch_summary sample_index=61 total=12 valid=12 boundary=0
detection_mismatch sample_index=61 flat_index=18121 doppler=35 range=201 cfar_cell=valid gpu_detection=1 cpu_detection=0 gpu_power=0.1727 cpu_power=0.172697 gpu_threshold=0.171691 cpu_threshold=0.180275
detection_mismatch sample_index=61 flat_index=19231 doppler=37 range=287 cfar_cell=valid gpu_detection=1 cpu_detection=0 gpu_power=0.168287 cpu_power=0.168288 gpu_threshold=0.163106 cpu_threshold=0.171691
detection_mismatch sample_index=61 flat_index=19644 doppler=38 range=188 cfar_cell=valid gpu_detection=0 cpu_detection=1 gpu_power=0.129183 cpu_power=0.12918 gpu_threshold=0.137352 cpu_threshold=0.128768
detection_mismatch sample_index=61 flat_index=24750 doppler=48 range=174 cfar_cell=valid gpu_detection=1 cpu_detection=0 gpu_power=0.134319 cpu_power=0.134313 gpu_threshold=0.113745 cpu_threshold=0.138426
detection_mismatch sample_index=61 flat_index=25261 doppler=49 range=173 cfar_cell=valid gpu_detection=1 cpu_detection=0 gpu_power=0.146269 cpu_power=0.146253 gpu_threshold=0.127427 cpu_threshold=0.157741
detection_mismatch sample_index=61 flat_index=25262 doppler=49 range=174 cfar_cell=valid gpu_detection=1 cpu_detection=0 gpu_power=0.142449 cpu_power=0.142448 gpu_threshold=0.123939 cpu_threshold=0.157741
detection_mismatch sample_index=61 flat_index=26320 doppler=51 range=208 cfar_cell=valid gpu_detection=0 cpu_detection=1 gpu_power=0.0439611 cpu_power=0.0439566 gpu_threshold=0.0515072 cpu_threshold=0.0429226
detection_mismatch sample_index=61 flat_index=28931 doppler=56 range=259 cfar_cell=valid gpu_detection=0 cpu_detection=1 gpu_power=0.138231 cpu_power=0.138231 gpu_threshold=0.145937 cpu_threshold=0.137352
detection_mismatch sample_index=61 flat_index=29363 doppler=57 range=179 cfar_cell=valid gpu_detection=0 cpu_detection=1 gpu_power=0.0749506 cpu_power=0.074951 gpu_threshold=0.103014 cpu_threshold=0.0600917
detection_mismatch sample_index=61 flat_index=29364 doppler=57 range=180 cfar_cell=valid gpu_detection=0 cpu_detection=1 gpu_power=0.0856762 cpu_power=0.0856767 gpu_threshold=0.111599 cpu_threshold=0.0686762
detection_mismatch sample_index=61 flat_index=29365 doppler=57 range=181 cfar_cell=valid gpu_detection=0 cpu_detection=1 gpu_power=0.0966618 cpu_power=0.0966604 gpu_threshold=0.128768 cpu_threshold=0.0858453
detection_mismatch sample_index=61 flat_index=30934 doppler=60 range=214 cfar_cell=valid gpu_detection=0 cpu_detection=1 gpu_power=0.100427 cpu_power=0.100427 gpu_threshold=0.103014 cpu_threshold=0.0944298
sample_index=61 step=step1 cpu_ms=2.4284 gpu_ms=0.882066 relative_l2=2.10803e-06 cpu_heap_peak=7166864 cpu_rss_peak=83984384 gpu_peak=357777408 status=PASS
sample_index=61 step=step2 cpu_ms=135.463 gpu_ms=1.4255 relative_l2=2.54296e-07 cpu_heap_peak=7429024 cpu_rss_peak=83984384 gpu_peak=357777408 status=PASS
sample_index=61 step=step3 cpu_ms=173.005 gpu_ms=1.06049 relative_l2=6.76648e-07 cpu_heap_peak=7691440 cpu_rss_peak=83984384 gpu_peak=357777408 status=PASS
sample_index=61 step=step4 cpu_ms=3.52921 gpu_ms=1.07694 relative_l2=1.91856e-07 cpu_heap_peak=8019280 cpu_rss_peak=83984384 gpu_peak=357777408 status=PASS
sample_index=61 step=step5 cpu_ms=417.54 gpu_ms=6.01075 relative_l2=2.43858e-07 cpu_heap_peak=8545648 cpu_rss_peak=83984384 gpu_peak=357777408 status=PASS
sample_index=61 cpu_pipeline_ms=732.164 gpu_pipeline_ms=10.9242 cuda_event_aux_sum_ms=6.31178 relative_l2=2.25882e-06 relative_linf=9.58014e-06 detection_mismatch_count=12 valid_detection_mismatch_count=12 boundary_detection_mismatch_count=0 mse=1.4118e-05 rmse=0.0037574 formal_relative_l2=2.25882e-06 formal_relative_linf=9.8883e-06 semantic_gates=5/5 accuracy_status=PASS
detection_mismatch_summary sample_index=62 total=12 valid=12 boundary=0
detection_mismatch sample_index=62 flat_index=18121 doppler=35 range=201 cfar_cell=valid gpu_detection=1 cpu_detection=0 gpu_power=0.1727 cpu_power=0.172697 gpu_threshold=0.171691 cpu_threshold=0.180275
detection_mismatch sample_index=62 flat_index=19231 doppler=37 range=287 cfar_cell=valid gpu_detection=1 cpu_detection=0 gpu_power=0.168287 cpu_power=0.168288 gpu_threshold=0.163106 cpu_threshold=0.171691
detection_mismatch sample_index=62 flat_index=19644 doppler=38 range=188 cfar_cell=valid gpu_detection=0 cpu_detection=1 gpu_power=0.129183 cpu_power=0.12918 gpu_threshold=0.137352 cpu_threshold=0.128768
detection_mismatch sample_index=62 flat_index=24750 doppler=48 range=174 cfar_cell=valid gpu_detection=1 cpu_detection=0 gpu_power=0.134319 cpu_power=0.134313 gpu_threshold=0.113745 cpu_threshold=0.138426
detection_mismatch sample_index=62 flat_index=25261 doppler=49 range=173 cfar_cell=valid gpu_detection=1 cpu_detection=0 gpu_power=0.146269 cpu_power=0.146253 gpu_threshold=0.127427 cpu_threshold=0.157741
detection_mismatch sample_index=62 flat_index=25262 doppler=49 range=174 cfar_cell=valid gpu_detection=1 cpu_detection=0 gpu_power=0.142449 cpu_power=0.142448 gpu_threshold=0.123939 cpu_threshold=0.157741
detection_mismatch sample_index=62 flat_index=26320 doppler=51 range=208 cfar_cell=valid gpu_detection=0 cpu_detection=1 gpu_power=0.0439611 cpu_power=0.0439566 gpu_threshold=0.0515072 cpu_threshold=0.0429226
detection_mismatch sample_index=62 flat_index=28931 doppler=56 range=259 cfar_cell=valid gpu_detection=0 cpu_detection=1 gpu_power=0.138231 cpu_power=0.138231 gpu_threshold=0.145937 cpu_threshold=0.137352
detection_mismatch sample_index=62 flat_index=29363 doppler=57 range=179 cfar_cell=valid gpu_detection=0 cpu_detection=1 gpu_power=0.0749506 cpu_power=0.074951 gpu_threshold=0.103014 cpu_threshold=0.0600917
detection_mismatch sample_index=62 flat_index=29364 doppler=57 range=180 cfar_cell=valid gpu_detection=0 cpu_detection=1 gpu_power=0.0856762 cpu_power=0.0856767 gpu_threshold=0.111599 cpu_threshold=0.0686762
detection_mismatch sample_index=62 flat_index=29365 doppler=57 range=181 cfar_cell=valid gpu_detection=0 cpu_detection=1 gpu_power=0.0966618 cpu_power=0.0966604 gpu_threshold=0.128768 cpu_threshold=0.0858453
detection_mismatch sample_index=62 flat_index=30934 doppler=60 range=214 cfar_cell=valid gpu_detection=0 cpu_detection=1 gpu_power=0.100427 cpu_power=0.100427 gpu_threshold=0.103014 cpu_threshold=0.0944298
sample_index=62 step=step1 cpu_ms=2.43427 gpu_ms=0.903616 relative_l2=2.10803e-06 cpu_heap_peak=7167184 cpu_rss_peak=83984384 gpu_peak=357777408 status=PASS
sample_index=62 step=step2 cpu_ms=135.637 gpu_ms=1.42331 relative_l2=2.54296e-07 cpu_heap_peak=7429344 cpu_rss_peak=83984384 gpu_peak=357777408 status=PASS
sample_index=62 step=step3 cpu_ms=172.898 gpu_ms=1.00973 relative_l2=6.76648e-07 cpu_heap_peak=7691760 cpu_rss_peak=83984384 gpu_peak=357777408 status=PASS
sample_index=62 step=step4 cpu_ms=3.53159 gpu_ms=1.03598 relative_l2=1.91856e-07 cpu_heap_peak=8019664 cpu_rss_peak=83984384 gpu_peak=357777408 status=PASS
sample_index=62 step=step5 cpu_ms=421.693 gpu_ms=6.00907 relative_l2=2.43858e-07 cpu_heap_peak=8546048 cpu_rss_peak=83984384 gpu_peak=357777408 status=PASS
sample_index=62 cpu_pipeline_ms=736.41 gpu_pipeline_ms=10.9065 cuda_event_aux_sum_ms=6.28962 relative_l2=2.25882e-06 relative_linf=9.58014e-06 detection_mismatch_count=12 valid_detection_mismatch_count=12 boundary_detection_mismatch_count=0 mse=1.4118e-05 rmse=0.0037574 formal_relative_l2=2.25882e-06 formal_relative_linf=9.8883e-06 semantic_gates=5/5 accuracy_status=PASS
detection_mismatch_summary sample_index=63 total=12 valid=12 boundary=0
detection_mismatch sample_index=63 flat_index=18121 doppler=35 range=201 cfar_cell=valid gpu_detection=1 cpu_detection=0 gpu_power=0.1727 cpu_power=0.172697 gpu_threshold=0.171691 cpu_threshold=0.180275
detection_mismatch sample_index=63 flat_index=19231 doppler=37 range=287 cfar_cell=valid gpu_detection=1 cpu_detection=0 gpu_power=0.168287 cpu_power=0.168288 gpu_threshold=0.163106 cpu_threshold=0.171691
detection_mismatch sample_index=63 flat_index=19644 doppler=38 range=188 cfar_cell=valid gpu_detection=0 cpu_detection=1 gpu_power=0.129183 cpu_power=0.12918 gpu_threshold=0.137352 cpu_threshold=0.128768
detection_mismatch sample_index=63 flat_index=24750 doppler=48 range=174 cfar_cell=valid gpu_detection=1 cpu_detection=0 gpu_power=0.134319 cpu_power=0.134313 gpu_threshold=0.113745 cpu_threshold=0.138426
detection_mismatch sample_index=63 flat_index=25261 doppler=49 range=173 cfar_cell=valid gpu_detection=1 cpu_detection=0 gpu_power=0.146269 cpu_power=0.146253 gpu_threshold=0.127427 cpu_threshold=0.157741
detection_mismatch sample_index=63 flat_index=25262 doppler=49 range=174 cfar_cell=valid gpu_detection=1 cpu_detection=0 gpu_power=0.142449 cpu_power=0.142448 gpu_threshold=0.123939 cpu_threshold=0.157741
detection_mismatch sample_index=63 flat_index=26320 doppler=51 range=208 cfar_cell=valid gpu_detection=0 cpu_detection=1 gpu_power=0.0439611 cpu_power=0.0439566 gpu_threshold=0.0515072 cpu_threshold=0.0429226
detection_mismatch sample_index=63 flat_index=28931 doppler=56 range=259 cfar_cell=valid gpu_detection=0 cpu_detection=1 gpu_power=0.138231 cpu_power=0.138231 gpu_threshold=0.145937 cpu_threshold=0.137352
detection_mismatch sample_index=63 flat_index=29363 doppler=57 range=179 cfar_cell=valid gpu_detection=0 cpu_detection=1 gpu_power=0.0749506 cpu_power=0.074951 gpu_threshold=0.103014 cpu_threshold=0.0600917
detection_mismatch sample_index=63 flat_index=29364 doppler=57 range=180 cfar_cell=valid gpu_detection=0 cpu_detection=1 gpu_power=0.0856762 cpu_power=0.0856767 gpu_threshold=0.111599 cpu_threshold=0.0686762
detection_mismatch sample_index=63 flat_index=29365 doppler=57 range=181 cfar_cell=valid gpu_detection=0 cpu_detection=1 gpu_power=0.0966618 cpu_power=0.0966604 gpu_threshold=0.128768 cpu_threshold=0.0858453
detection_mismatch sample_index=63 flat_index=30934 doppler=60 range=214 cfar_cell=valid gpu_detection=0 cpu_detection=1 gpu_power=0.100427 cpu_power=0.100427 gpu_threshold=0.103014 cpu_threshold=0.0944298
sample_index=63 step=step1 cpu_ms=2.4167 gpu_ms=0.878126 relative_l2=2.10803e-06 cpu_heap_peak=7166960 cpu_rss_peak=83980288 gpu_peak=357777408 status=PASS
sample_index=63 step=step2 cpu_ms=135.651 gpu_ms=1.41645 relative_l2=2.54296e-07 cpu_heap_peak=7429120 cpu_rss_peak=83980288 gpu_peak=357777408 status=PASS
sample_index=63 step=step3 cpu_ms=172.947 gpu_ms=1.03154 relative_l2=6.76648e-07 cpu_heap_peak=7691536 cpu_rss_peak=83980288 gpu_peak=357777408 status=PASS
sample_index=63 step=step4 cpu_ms=3.54376 gpu_ms=1.06461 relative_l2=1.91856e-07 cpu_heap_peak=8019440 cpu_rss_peak=83980288 gpu_peak=357777408 status=PASS
sample_index=63 step=step5 cpu_ms=417.205 gpu_ms=5.98874 relative_l2=2.43858e-07 cpu_heap_peak=8545808 cpu_rss_peak=83980288 gpu_peak=357777408 status=PASS
sample_index=63 cpu_pipeline_ms=731.971 gpu_pipeline_ms=10.8433 cuda_event_aux_sum_ms=6.27946 relative_l2=2.25882e-06 relative_linf=9.58014e-06 detection_mismatch_count=12 valid_detection_mismatch_count=12 boundary_detection_mismatch_count=0 mse=1.4118e-05 rmse=0.0037574 formal_relative_l2=2.25882e-06 formal_relative_linf=9.8883e-06 semantic_gates=5/5 accuracy_status=PASS
detection_mismatch_summary sample_index=64 total=12 valid=12 boundary=0
detection_mismatch sample_index=64 flat_index=18121 doppler=35 range=201 cfar_cell=valid gpu_detection=1 cpu_detection=0 gpu_power=0.1727 cpu_power=0.172697 gpu_threshold=0.171691 cpu_threshold=0.180275
detection_mismatch sample_index=64 flat_index=19231 doppler=37 range=287 cfar_cell=valid gpu_detection=1 cpu_detection=0 gpu_power=0.168287 cpu_power=0.168288 gpu_threshold=0.163106 cpu_threshold=0.171691
detection_mismatch sample_index=64 flat_index=19644 doppler=38 range=188 cfar_cell=valid gpu_detection=0 cpu_detection=1 gpu_power=0.129183 cpu_power=0.12918 gpu_threshold=0.137352 cpu_threshold=0.128768
detection_mismatch sample_index=64 flat_index=24750 doppler=48 range=174 cfar_cell=valid gpu_detection=1 cpu_detection=0 gpu_power=0.134319 cpu_power=0.134313 gpu_threshold=0.113745 cpu_threshold=0.138426
detection_mismatch sample_index=64 flat_index=25261 doppler=49 range=173 cfar_cell=valid gpu_detection=1 cpu_detection=0 gpu_power=0.146269 cpu_power=0.146253 gpu_threshold=0.127427 cpu_threshold=0.157741
detection_mismatch sample_index=64 flat_index=25262 doppler=49 range=174 cfar_cell=valid gpu_detection=1 cpu_detection=0 gpu_power=0.142449 cpu_power=0.142448 gpu_threshold=0.123939 cpu_threshold=0.157741
detection_mismatch sample_index=64 flat_index=26320 doppler=51 range=208 cfar_cell=valid gpu_detection=0 cpu_detection=1 gpu_power=0.0439611 cpu_power=0.0439566 gpu_threshold=0.0515072 cpu_threshold=0.0429226
detection_mismatch sample_index=64 flat_index=28931 doppler=56 range=259 cfar_cell=valid gpu_detection=0 cpu_detection=1 gpu_power=0.138231 cpu_power=0.138231 gpu_threshold=0.145937 cpu_threshold=0.137352
detection_mismatch sample_index=64 flat_index=29363 doppler=57 range=179 cfar_cell=valid gpu_detection=0 cpu_detection=1 gpu_power=0.0749506 cpu_power=0.074951 gpu_threshold=0.103014 cpu_threshold=0.0600917
detection_mismatch sample_index=64 flat_index=29364 doppler=57 range=180 cfar_cell=valid gpu_detection=0 cpu_detection=1 gpu_power=0.0856762 cpu_power=0.0856767 gpu_threshold=0.111599 cpu_threshold=0.0686762
detection_mismatch sample_index=64 flat_index=29365 doppler=57 range=181 cfar_cell=valid gpu_detection=0 cpu_detection=1 gpu_power=0.0966618 cpu_power=0.0966604 gpu_threshold=0.128768 cpu_threshold=0.0858453
detection_mismatch sample_index=64 flat_index=30934 doppler=60 range=214 cfar_cell=valid gpu_detection=0 cpu_detection=1 gpu_power=0.100427 cpu_power=0.100427 gpu_threshold=0.103014 cpu_threshold=0.0944298
sample_index=64 step=step1 cpu_ms=2.41678 gpu_ms=0.886415 relative_l2=2.10803e-06 cpu_heap_peak=7166544 cpu_rss_peak=83984384 gpu_peak=357777408 status=PASS
sample_index=64 step=step2 cpu_ms=135.525 gpu_ms=1.43336 relative_l2=2.54296e-07 cpu_heap_peak=7428704 cpu_rss_peak=83984384 gpu_peak=357777408 status=PASS
sample_index=64 step=step3 cpu_ms=173.135 gpu_ms=1.00816 relative_l2=6.76648e-07 cpu_heap_peak=7691120 cpu_rss_peak=83984384 gpu_peak=357777408 status=PASS
sample_index=64 step=step4 cpu_ms=3.5292 gpu_ms=1.07288 relative_l2=1.91856e-07 cpu_heap_peak=8019024 cpu_rss_peak=83984384 gpu_peak=357777408 status=PASS
sample_index=64 step=step5 cpu_ms=417.774 gpu_ms=6.00292 relative_l2=2.43858e-07 cpu_heap_peak=8545408 cpu_rss_peak=83984384 gpu_peak=357777408 status=PASS
sample_index=64 cpu_pipeline_ms=732.578 gpu_pipeline_ms=10.8702 cuda_event_aux_sum_ms=6.29852 relative_l2=2.25882e-06 relative_linf=9.58014e-06 detection_mismatch_count=12 valid_detection_mismatch_count=12 boundary_detection_mismatch_count=0 mse=1.4118e-05 rmse=0.0037574 formal_relative_l2=2.25882e-06 formal_relative_linf=9.8883e-06 semantic_gates=5/5 accuracy_status=PASS
detection_mismatch_summary sample_index=65 total=12 valid=12 boundary=0
detection_mismatch sample_index=65 flat_index=18121 doppler=35 range=201 cfar_cell=valid gpu_detection=1 cpu_detection=0 gpu_power=0.1727 cpu_power=0.172697 gpu_threshold=0.171691 cpu_threshold=0.180275
detection_mismatch sample_index=65 flat_index=19231 doppler=37 range=287 cfar_cell=valid gpu_detection=1 cpu_detection=0 gpu_power=0.168287 cpu_power=0.168288 gpu_threshold=0.163106 cpu_threshold=0.171691
detection_mismatch sample_index=65 flat_index=19644 doppler=38 range=188 cfar_cell=valid gpu_detection=0 cpu_detection=1 gpu_power=0.129183 cpu_power=0.12918 gpu_threshold=0.137352 cpu_threshold=0.128768
detection_mismatch sample_index=65 flat_index=24750 doppler=48 range=174 cfar_cell=valid gpu_detection=1 cpu_detection=0 gpu_power=0.134319 cpu_power=0.134313 gpu_threshold=0.113745 cpu_threshold=0.138426
detection_mismatch sample_index=65 flat_index=25261 doppler=49 range=173 cfar_cell=valid gpu_detection=1 cpu_detection=0 gpu_power=0.146269 cpu_power=0.146253 gpu_threshold=0.127427 cpu_threshold=0.157741
detection_mismatch sample_index=65 flat_index=25262 doppler=49 range=174 cfar_cell=valid gpu_detection=1 cpu_detection=0 gpu_power=0.142449 cpu_power=0.142448 gpu_threshold=0.123939 cpu_threshold=0.157741
detection_mismatch sample_index=65 flat_index=26320 doppler=51 range=208 cfar_cell=valid gpu_detection=0 cpu_detection=1 gpu_power=0.0439611 cpu_power=0.0439566 gpu_threshold=0.0515072 cpu_threshold=0.0429226
detection_mismatch sample_index=65 flat_index=28931 doppler=56 range=259 cfar_cell=valid gpu_detection=0 cpu_detection=1 gpu_power=0.138231 cpu_power=0.138231 gpu_threshold=0.145937 cpu_threshold=0.137352
detection_mismatch sample_index=65 flat_index=29363 doppler=57 range=179 cfar_cell=valid gpu_detection=0 cpu_detection=1 gpu_power=0.0749506 cpu_power=0.074951 gpu_threshold=0.103014 cpu_threshold=0.0600917
detection_mismatch sample_index=65 flat_index=29364 doppler=57 range=180 cfar_cell=valid gpu_detection=0 cpu_detection=1 gpu_power=0.0856762 cpu_power=0.0856767 gpu_threshold=0.111599 cpu_threshold=0.0686762
detection_mismatch sample_index=65 flat_index=29365 doppler=57 range=181 cfar_cell=valid gpu_detection=0 cpu_detection=1 gpu_power=0.0966618 cpu_power=0.0966604 gpu_threshold=0.128768 cpu_threshold=0.0858453
detection_mismatch sample_index=65 flat_index=30934 doppler=60 range=214 cfar_cell=valid gpu_detection=0 cpu_detection=1 gpu_power=0.100427 cpu_power=0.100427 gpu_threshold=0.103014 cpu_threshold=0.0944298
sample_index=65 step=step1 cpu_ms=2.43217 gpu_ms=0.887556 relative_l2=2.10803e-06 cpu_heap_peak=7205216 cpu_rss_peak=83984384 gpu_peak=357777408 status=PASS
sample_index=65 step=step2 cpu_ms=135.633 gpu_ms=1.46226 relative_l2=2.54296e-07 cpu_heap_peak=7467376 cpu_rss_peak=84254720 gpu_peak=357777408 status=PASS
sample_index=65 step=step3 cpu_ms=172.759 gpu_ms=0.998776 relative_l2=6.76648e-07 cpu_heap_peak=7729792 cpu_rss_peak=84254720 gpu_peak=357777408 status=PASS
sample_index=65 step=step4 cpu_ms=3.53535 gpu_ms=1.07764 relative_l2=1.91856e-07 cpu_heap_peak=8057696 cpu_rss_peak=84254720 gpu_peak=357777408 status=PASS
sample_index=65 step=step5 cpu_ms=417.483 gpu_ms=6.01124 relative_l2=2.43858e-07 cpu_heap_peak=8584064 cpu_rss_peak=84254720 gpu_peak=357777408 status=PASS
sample_index=65 cpu_pipeline_ms=732.041 gpu_pipeline_ms=10.8974 cuda_event_aux_sum_ms=6.30109 relative_l2=2.25882e-06 relative_linf=9.58014e-06 detection_mismatch_count=12 valid_detection_mismatch_count=12 boundary_detection_mismatch_count=0 mse=1.4118e-05 rmse=0.0037574 formal_relative_l2=2.25882e-06 formal_relative_linf=9.8883e-06 semantic_gates=5/5 accuracy_status=PASS
detection_mismatch_summary sample_index=66 total=12 valid=12 boundary=0
detection_mismatch sample_index=66 flat_index=18121 doppler=35 range=201 cfar_cell=valid gpu_detection=1 cpu_detection=0 gpu_power=0.1727 cpu_power=0.172697 gpu_threshold=0.171691 cpu_threshold=0.180275
detection_mismatch sample_index=66 flat_index=19231 doppler=37 range=287 cfar_cell=valid gpu_detection=1 cpu_detection=0 gpu_power=0.168287 cpu_power=0.168288 gpu_threshold=0.163106 cpu_threshold=0.171691
detection_mismatch sample_index=66 flat_index=19644 doppler=38 range=188 cfar_cell=valid gpu_detection=0 cpu_detection=1 gpu_power=0.129183 cpu_power=0.12918 gpu_threshold=0.137352 cpu_threshold=0.128768
detection_mismatch sample_index=66 flat_index=24750 doppler=48 range=174 cfar_cell=valid gpu_detection=1 cpu_detection=0 gpu_power=0.134319 cpu_power=0.134313 gpu_threshold=0.113745 cpu_threshold=0.138426
detection_mismatch sample_index=66 flat_index=25261 doppler=49 range=173 cfar_cell=valid gpu_detection=1 cpu_detection=0 gpu_power=0.146269 cpu_power=0.146253 gpu_threshold=0.127427 cpu_threshold=0.157741
detection_mismatch sample_index=66 flat_index=25262 doppler=49 range=174 cfar_cell=valid gpu_detection=1 cpu_detection=0 gpu_power=0.142449 cpu_power=0.142448 gpu_threshold=0.123939 cpu_threshold=0.157741
detection_mismatch sample_index=66 flat_index=26320 doppler=51 range=208 cfar_cell=valid gpu_detection=0 cpu_detection=1 gpu_power=0.0439611 cpu_power=0.0439566 gpu_threshold=0.0515072 cpu_threshold=0.0429226
detection_mismatch sample_index=66 flat_index=28931 doppler=56 range=259 cfar_cell=valid gpu_detection=0 cpu_detection=1 gpu_power=0.138231 cpu_power=0.138231 gpu_threshold=0.145937 cpu_threshold=0.137352
detection_mismatch sample_index=66 flat_index=29363 doppler=57 range=179 cfar_cell=valid gpu_detection=0 cpu_detection=1 gpu_power=0.0749506 cpu_power=0.074951 gpu_threshold=0.103014 cpu_threshold=0.0600917
detection_mismatch sample_index=66 flat_index=29364 doppler=57 range=180 cfar_cell=valid gpu_detection=0 cpu_detection=1 gpu_power=0.0856762 cpu_power=0.0856767 gpu_threshold=0.111599 cpu_threshold=0.0686762
detection_mismatch sample_index=66 flat_index=29365 doppler=57 range=181 cfar_cell=valid gpu_detection=0 cpu_detection=1 gpu_power=0.0966618 cpu_power=0.0966604 gpu_threshold=0.128768 cpu_threshold=0.0858453
detection_mismatch sample_index=66 flat_index=30934 doppler=60 range=214 cfar_cell=valid gpu_detection=0 cpu_detection=1 gpu_power=0.100427 cpu_power=0.100427 gpu_threshold=0.103014 cpu_threshold=0.0944298
sample_index=66 step=step1 cpu_ms=2.51579 gpu_ms=0.908396 relative_l2=2.10803e-06 cpu_heap_peak=7206160 cpu_rss_peak=84267008 gpu_peak=357777408 status=PASS
sample_index=66 step=step2 cpu_ms=135.538 gpu_ms=1.43237 relative_l2=2.54296e-07 cpu_heap_peak=7468320 cpu_rss_peak=84267008 gpu_peak=357777408 status=PASS
sample_index=66 step=step3 cpu_ms=173.309 gpu_ms=1.04125 relative_l2=6.76648e-07 cpu_heap_peak=7730736 cpu_rss_peak=84267008 gpu_peak=357777408 status=PASS
sample_index=66 step=step4 cpu_ms=3.51868 gpu_ms=1.06955 relative_l2=1.91856e-07 cpu_heap_peak=8058640 cpu_rss_peak=84267008 gpu_peak=357777408 status=PASS
sample_index=66 step=step5 cpu_ms=417.369 gpu_ms=6.05479 relative_l2=2.43858e-07 cpu_heap_peak=8585008 cpu_rss_peak=84267008 gpu_peak=357777408 status=PASS
sample_index=66 cpu_pipeline_ms=732.448 gpu_pipeline_ms=11.0341 cuda_event_aux_sum_ms=6.33846 relative_l2=2.25882e-06 relative_linf=9.58014e-06 detection_mismatch_count=12 valid_detection_mismatch_count=12 boundary_detection_mismatch_count=0 mse=1.4118e-05 rmse=0.0037574 formal_relative_l2=2.25882e-06 formal_relative_linf=9.8883e-06 semantic_gates=5/5 accuracy_status=PASS
detection_mismatch_summary sample_index=67 total=12 valid=12 boundary=0
detection_mismatch sample_index=67 flat_index=18121 doppler=35 range=201 cfar_cell=valid gpu_detection=1 cpu_detection=0 gpu_power=0.1727 cpu_power=0.172697 gpu_threshold=0.171691 cpu_threshold=0.180275
detection_mismatch sample_index=67 flat_index=19231 doppler=37 range=287 cfar_cell=valid gpu_detection=1 cpu_detection=0 gpu_power=0.168287 cpu_power=0.168288 gpu_threshold=0.163106 cpu_threshold=0.171691
detection_mismatch sample_index=67 flat_index=19644 doppler=38 range=188 cfar_cell=valid gpu_detection=0 cpu_detection=1 gpu_power=0.129183 cpu_power=0.12918 gpu_threshold=0.137352 cpu_threshold=0.128768
detection_mismatch sample_index=67 flat_index=24750 doppler=48 range=174 cfar_cell=valid gpu_detection=1 cpu_detection=0 gpu_power=0.134319 cpu_power=0.134313 gpu_threshold=0.113745 cpu_threshold=0.138426
detection_mismatch sample_index=67 flat_index=25261 doppler=49 range=173 cfar_cell=valid gpu_detection=1 cpu_detection=0 gpu_power=0.146269 cpu_power=0.146253 gpu_threshold=0.127427 cpu_threshold=0.157741
detection_mismatch sample_index=67 flat_index=25262 doppler=49 range=174 cfar_cell=valid gpu_detection=1 cpu_detection=0 gpu_power=0.142449 cpu_power=0.142448 gpu_threshold=0.123939 cpu_threshold=0.157741
detection_mismatch sample_index=67 flat_index=26320 doppler=51 range=208 cfar_cell=valid gpu_detection=0 cpu_detection=1 gpu_power=0.0439611 cpu_power=0.0439566 gpu_threshold=0.0515072 cpu_threshold=0.0429226
detection_mismatch sample_index=67 flat_index=28931 doppler=56 range=259 cfar_cell=valid gpu_detection=0 cpu_detection=1 gpu_power=0.138231 cpu_power=0.138231 gpu_threshold=0.145937 cpu_threshold=0.137352
detection_mismatch sample_index=67 flat_index=29363 doppler=57 range=179 cfar_cell=valid gpu_detection=0 cpu_detection=1 gpu_power=0.0749506 cpu_power=0.074951 gpu_threshold=0.103014 cpu_threshold=0.0600917
detection_mismatch sample_index=67 flat_index=29364 doppler=57 range=180 cfar_cell=valid gpu_detection=0 cpu_detection=1 gpu_power=0.0856762 cpu_power=0.0856767 gpu_threshold=0.111599 cpu_threshold=0.0686762
detection_mismatch sample_index=67 flat_index=29365 doppler=57 range=181 cfar_cell=valid gpu_detection=0 cpu_detection=1 gpu_power=0.0966618 cpu_power=0.0966604 gpu_threshold=0.128768 cpu_threshold=0.0858453
detection_mismatch sample_index=67 flat_index=30934 doppler=60 range=214 cfar_cell=valid gpu_detection=0 cpu_detection=1 gpu_power=0.100427 cpu_power=0.100427 gpu_threshold=0.103014 cpu_threshold=0.0944298
sample_index=67 step=step1 cpu_ms=2.41646 gpu_ms=0.899336 relative_l2=2.10803e-06 cpu_heap_peak=7204784 cpu_rss_peak=84377600 gpu_peak=357777408 status=PASS
sample_index=67 step=step2 cpu_ms=139.663 gpu_ms=1.44584 relative_l2=2.54296e-07 cpu_heap_peak=7466944 cpu_rss_peak=84377600 gpu_peak=357777408 status=PASS
sample_index=67 step=step3 cpu_ms=172.864 gpu_ms=1.05123 relative_l2=6.76648e-07 cpu_heap_peak=7729360 cpu_rss_peak=84377600 gpu_peak=357777408 status=PASS
sample_index=67 step=step4 cpu_ms=3.52488 gpu_ms=1.06099 relative_l2=1.91856e-07 cpu_heap_peak=8057264 cpu_rss_peak=84377600 gpu_peak=357777408 status=PASS
sample_index=67 step=step5 cpu_ms=417.391 gpu_ms=6.14559 relative_l2=2.43858e-07 cpu_heap_peak=8583648 cpu_rss_peak=84377600 gpu_peak=357777408 status=PASS
sample_index=67 cpu_pipeline_ms=736.058 gpu_pipeline_ms=11.0764 cuda_event_aux_sum_ms=6.4136 relative_l2=2.25882e-06 relative_linf=9.58014e-06 detection_mismatch_count=12 valid_detection_mismatch_count=12 boundary_detection_mismatch_count=0 mse=1.4118e-05 rmse=0.0037574 formal_relative_l2=2.25882e-06 formal_relative_linf=9.8883e-06 semantic_gates=5/5 accuracy_status=PASS
detection_mismatch_summary sample_index=68 total=12 valid=12 boundary=0
detection_mismatch sample_index=68 flat_index=18121 doppler=35 range=201 cfar_cell=valid gpu_detection=1 cpu_detection=0 gpu_power=0.1727 cpu_power=0.172697 gpu_threshold=0.171691 cpu_threshold=0.180275
detection_mismatch sample_index=68 flat_index=19231 doppler=37 range=287 cfar_cell=valid gpu_detection=1 cpu_detection=0 gpu_power=0.168287 cpu_power=0.168288 gpu_threshold=0.163106 cpu_threshold=0.171691
detection_mismatch sample_index=68 flat_index=19644 doppler=38 range=188 cfar_cell=valid gpu_detection=0 cpu_detection=1 gpu_power=0.129183 cpu_power=0.12918 gpu_threshold=0.137352 cpu_threshold=0.128768
detection_mismatch sample_index=68 flat_index=24750 doppler=48 range=174 cfar_cell=valid gpu_detection=1 cpu_detection=0 gpu_power=0.134319 cpu_power=0.134313 gpu_threshold=0.113745 cpu_threshold=0.138426
detection_mismatch sample_index=68 flat_index=25261 doppler=49 range=173 cfar_cell=valid gpu_detection=1 cpu_detection=0 gpu_power=0.146269 cpu_power=0.146253 gpu_threshold=0.127427 cpu_threshold=0.157741
detection_mismatch sample_index=68 flat_index=25262 doppler=49 range=174 cfar_cell=valid gpu_detection=1 cpu_detection=0 gpu_power=0.142449 cpu_power=0.142448 gpu_threshold=0.123939 cpu_threshold=0.157741
detection_mismatch sample_index=68 flat_index=26320 doppler=51 range=208 cfar_cell=valid gpu_detection=0 cpu_detection=1 gpu_power=0.0439611 cpu_power=0.0439566 gpu_threshold=0.0515072 cpu_threshold=0.0429226
detection_mismatch sample_index=68 flat_index=28931 doppler=56 range=259 cfar_cell=valid gpu_detection=0 cpu_detection=1 gpu_power=0.138231 cpu_power=0.138231 gpu_threshold=0.145937 cpu_threshold=0.137352
detection_mismatch sample_index=68 flat_index=29363 doppler=57 range=179 cfar_cell=valid gpu_detection=0 cpu_detection=1 gpu_power=0.0749506 cpu_power=0.074951 gpu_threshold=0.103014 cpu_threshold=0.0600917
detection_mismatch sample_index=68 flat_index=29364 doppler=57 range=180 cfar_cell=valid gpu_detection=0 cpu_detection=1 gpu_power=0.0856762 cpu_power=0.0856767 gpu_threshold=0.111599 cpu_threshold=0.0686762
detection_mismatch sample_index=68 flat_index=29365 doppler=57 range=181 cfar_cell=valid gpu_detection=0 cpu_detection=1 gpu_power=0.0966618 cpu_power=0.0966604 gpu_threshold=0.128768 cpu_threshold=0.0858453
detection_mismatch sample_index=68 flat_index=30934 doppler=60 range=214 cfar_cell=valid gpu_detection=0 cpu_detection=1 gpu_power=0.100427 cpu_power=0.100427 gpu_threshold=0.103014 cpu_threshold=0.0944298
sample_index=68 step=step1 cpu_ms=2.41594 gpu_ms=0.907215 relative_l2=2.10803e-06 cpu_heap_peak=7206624 cpu_rss_peak=84369408 gpu_peak=357777408 status=PASS
sample_index=68 step=step2 cpu_ms=135.726 gpu_ms=1.43246 relative_l2=2.54296e-07 cpu_heap_peak=7468784 cpu_rss_peak=84369408 gpu_peak=357777408 status=PASS
sample_index=68 step=step3 cpu_ms=173.341 gpu_ms=1.01131 relative_l2=6.76648e-07 cpu_heap_peak=7731200 cpu_rss_peak=84369408 gpu_peak=357777408 status=PASS
sample_index=68 step=step4 cpu_ms=3.5188 gpu_ms=1.06785 relative_l2=1.91856e-07 cpu_heap_peak=8059104 cpu_rss_peak=84369408 gpu_peak=357777408 status=PASS
sample_index=68 step=step5 cpu_ms=417.077 gpu_ms=6.01118 relative_l2=2.43858e-07 cpu_heap_peak=8585472 cpu_rss_peak=84369408 gpu_peak=357777408 status=PASS
sample_index=68 cpu_pipeline_ms=732.277 gpu_pipeline_ms=11.0294 cuda_event_aux_sum_ms=6.29416 relative_l2=2.25882e-06 relative_linf=9.58014e-06 detection_mismatch_count=12 valid_detection_mismatch_count=12 boundary_detection_mismatch_count=0 mse=1.4118e-05 rmse=0.0037574 formal_relative_l2=2.25882e-06 formal_relative_linf=9.8883e-06 semantic_gates=5/5 accuracy_status=PASS
detection_mismatch_summary sample_index=69 total=12 valid=12 boundary=0
detection_mismatch sample_index=69 flat_index=18121 doppler=35 range=201 cfar_cell=valid gpu_detection=1 cpu_detection=0 gpu_power=0.1727 cpu_power=0.172697 gpu_threshold=0.171691 cpu_threshold=0.180275
detection_mismatch sample_index=69 flat_index=19231 doppler=37 range=287 cfar_cell=valid gpu_detection=1 cpu_detection=0 gpu_power=0.168287 cpu_power=0.168288 gpu_threshold=0.163106 cpu_threshold=0.171691
detection_mismatch sample_index=69 flat_index=19644 doppler=38 range=188 cfar_cell=valid gpu_detection=0 cpu_detection=1 gpu_power=0.129183 cpu_power=0.12918 gpu_threshold=0.137352 cpu_threshold=0.128768
detection_mismatch sample_index=69 flat_index=24750 doppler=48 range=174 cfar_cell=valid gpu_detection=1 cpu_detection=0 gpu_power=0.134319 cpu_power=0.134313 gpu_threshold=0.113745 cpu_threshold=0.138426
detection_mismatch sample_index=69 flat_index=25261 doppler=49 range=173 cfar_cell=valid gpu_detection=1 cpu_detection=0 gpu_power=0.146269 cpu_power=0.146253 gpu_threshold=0.127427 cpu_threshold=0.157741
detection_mismatch sample_index=69 flat_index=25262 doppler=49 range=174 cfar_cell=valid gpu_detection=1 cpu_detection=0 gpu_power=0.142449 cpu_power=0.142448 gpu_threshold=0.123939 cpu_threshold=0.157741
detection_mismatch sample_index=69 flat_index=26320 doppler=51 range=208 cfar_cell=valid gpu_detection=0 cpu_detection=1 gpu_power=0.0439611 cpu_power=0.0439566 gpu_threshold=0.0515072 cpu_threshold=0.0429226
detection_mismatch sample_index=69 flat_index=28931 doppler=56 range=259 cfar_cell=valid gpu_detection=0 cpu_detection=1 gpu_power=0.138231 cpu_power=0.138231 gpu_threshold=0.145937 cpu_threshold=0.137352
detection_mismatch sample_index=69 flat_index=29363 doppler=57 range=179 cfar_cell=valid gpu_detection=0 cpu_detection=1 gpu_power=0.0749506 cpu_power=0.074951 gpu_threshold=0.103014 cpu_threshold=0.0600917
detection_mismatch sample_index=69 flat_index=29364 doppler=57 range=180 cfar_cell=valid gpu_detection=0 cpu_detection=1 gpu_power=0.0856762 cpu_power=0.0856767 gpu_threshold=0.111599 cpu_threshold=0.0686762
detection_mismatch sample_index=69 flat_index=29365 doppler=57 range=181 cfar_cell=valid gpu_detection=0 cpu_detection=1 gpu_power=0.0966618 cpu_power=0.0966604 gpu_threshold=0.128768 cpu_threshold=0.0858453
detection_mismatch sample_index=69 flat_index=30934 doppler=60 range=214 cfar_cell=valid gpu_detection=0 cpu_detection=1 gpu_power=0.100427 cpu_power=0.100427 gpu_threshold=0.103014 cpu_threshold=0.0944298
sample_index=69 step=step1 cpu_ms=2.41783 gpu_ms=0.883286 relative_l2=2.10803e-06 cpu_heap_peak=7205184 cpu_rss_peak=84369408 gpu_peak=357777408 status=PASS
sample_index=69 step=step2 cpu_ms=135.513 gpu_ms=1.41722 relative_l2=2.54296e-07 cpu_heap_peak=7467344 cpu_rss_peak=84369408 gpu_peak=357777408 status=PASS
sample_index=69 step=step3 cpu_ms=173.115 gpu_ms=1.00908 relative_l2=6.76648e-07 cpu_heap_peak=7729760 cpu_rss_peak=84369408 gpu_peak=357777408 status=PASS
sample_index=69 step=step4 cpu_ms=3.53156 gpu_ms=1.06789 relative_l2=1.91856e-07 cpu_heap_peak=8057664 cpu_rss_peak=84369408 gpu_peak=357777408 status=PASS
sample_index=69 step=step5 cpu_ms=417.61 gpu_ms=5.97972 relative_l2=2.43858e-07 cpu_heap_peak=8584032 cpu_rss_peak=84369408 gpu_peak=357777408 status=PASS
sample_index=69 cpu_pipeline_ms=732.386 gpu_pipeline_ms=10.8205 cuda_event_aux_sum_ms=6.29764 relative_l2=2.25882e-06 relative_linf=9.58014e-06 detection_mismatch_count=12 valid_detection_mismatch_count=12 boundary_detection_mismatch_count=0 mse=1.4118e-05 rmse=0.0037574 formal_relative_l2=2.25882e-06 formal_relative_linf=9.8883e-06 semantic_gates=5/5 accuracy_status=PASS
detection_mismatch_summary sample_index=70 total=12 valid=12 boundary=0
detection_mismatch sample_index=70 flat_index=18121 doppler=35 range=201 cfar_cell=valid gpu_detection=1 cpu_detection=0 gpu_power=0.1727 cpu_power=0.172697 gpu_threshold=0.171691 cpu_threshold=0.180275
detection_mismatch sample_index=70 flat_index=19231 doppler=37 range=287 cfar_cell=valid gpu_detection=1 cpu_detection=0 gpu_power=0.168287 cpu_power=0.168288 gpu_threshold=0.163106 cpu_threshold=0.171691
detection_mismatch sample_index=70 flat_index=19644 doppler=38 range=188 cfar_cell=valid gpu_detection=0 cpu_detection=1 gpu_power=0.129183 cpu_power=0.12918 gpu_threshold=0.137352 cpu_threshold=0.128768
detection_mismatch sample_index=70 flat_index=24750 doppler=48 range=174 cfar_cell=valid gpu_detection=1 cpu_detection=0 gpu_power=0.134319 cpu_power=0.134313 gpu_threshold=0.113745 cpu_threshold=0.138426
detection_mismatch sample_index=70 flat_index=25261 doppler=49 range=173 cfar_cell=valid gpu_detection=1 cpu_detection=0 gpu_power=0.146269 cpu_power=0.146253 gpu_threshold=0.127427 cpu_threshold=0.157741
detection_mismatch sample_index=70 flat_index=25262 doppler=49 range=174 cfar_cell=valid gpu_detection=1 cpu_detection=0 gpu_power=0.142449 cpu_power=0.142448 gpu_threshold=0.123939 cpu_threshold=0.157741
detection_mismatch sample_index=70 flat_index=26320 doppler=51 range=208 cfar_cell=valid gpu_detection=0 cpu_detection=1 gpu_power=0.0439611 cpu_power=0.0439566 gpu_threshold=0.0515072 cpu_threshold=0.0429226
detection_mismatch sample_index=70 flat_index=28931 doppler=56 range=259 cfar_cell=valid gpu_detection=0 cpu_detection=1 gpu_power=0.138231 cpu_power=0.138231 gpu_threshold=0.145937 cpu_threshold=0.137352
detection_mismatch sample_index=70 flat_index=29363 doppler=57 range=179 cfar_cell=valid gpu_detection=0 cpu_detection=1 gpu_power=0.0749506 cpu_power=0.074951 gpu_threshold=0.103014 cpu_threshold=0.0600917
detection_mismatch sample_index=70 flat_index=29364 doppler=57 range=180 cfar_cell=valid gpu_detection=0 cpu_detection=1 gpu_power=0.0856762 cpu_power=0.0856767 gpu_threshold=0.111599 cpu_threshold=0.0686762
detection_mismatch sample_index=70 flat_index=29365 doppler=57 range=181 cfar_cell=valid gpu_detection=0 cpu_detection=1 gpu_power=0.0966618 cpu_power=0.0966604 gpu_threshold=0.128768 cpu_threshold=0.0858453
detection_mismatch sample_index=70 flat_index=30934 doppler=60 range=214 cfar_cell=valid gpu_detection=0 cpu_detection=1 gpu_power=0.100427 cpu_power=0.100427 gpu_threshold=0.103014 cpu_threshold=0.0944298
sample_index=70 step=step1 cpu_ms=2.42674 gpu_ms=0.891085 relative_l2=2.10803e-06 cpu_heap_peak=7205488 cpu_rss_peak=84369408 gpu_peak=357777408 status=PASS
sample_index=70 step=step2 cpu_ms=135.898 gpu_ms=1.42897 relative_l2=2.54296e-07 cpu_heap_peak=7467648 cpu_rss_peak=84369408 gpu_peak=357777408 status=PASS
sample_index=70 step=step3 cpu_ms=173.009 gpu_ms=1.02175 relative_l2=6.76648e-07 cpu_heap_peak=7730064 cpu_rss_peak=84369408 gpu_peak=357777408 status=PASS
sample_index=70 step=step4 cpu_ms=3.51727 gpu_ms=1.09262 relative_l2=1.91856e-07 cpu_heap_peak=8057968 cpu_rss_peak=84369408 gpu_peak=357777408 status=PASS
sample_index=70 step=step5 cpu_ms=417.551 gpu_ms=5.99407 relative_l2=2.43858e-07 cpu_heap_peak=8584336 cpu_rss_peak=84369408 gpu_peak=357777408 status=PASS
sample_index=70 cpu_pipeline_ms=732.599 gpu_pipeline_ms=10.9035 cuda_event_aux_sum_ms=6.30009 relative_l2=2.25882e-06 relative_linf=9.58014e-06 detection_mismatch_count=12 valid_detection_mismatch_count=12 boundary_detection_mismatch_count=0 mse=1.4118e-05 rmse=0.0037574 formal_relative_l2=2.25882e-06 formal_relative_linf=9.8883e-06 semantic_gates=5/5 accuracy_status=PASS
detection_mismatch_summary sample_index=71 total=12 valid=12 boundary=0
detection_mismatch sample_index=71 flat_index=18121 doppler=35 range=201 cfar_cell=valid gpu_detection=1 cpu_detection=0 gpu_power=0.1727 cpu_power=0.172697 gpu_threshold=0.171691 cpu_threshold=0.180275
detection_mismatch sample_index=71 flat_index=19231 doppler=37 range=287 cfar_cell=valid gpu_detection=1 cpu_detection=0 gpu_power=0.168287 cpu_power=0.168288 gpu_threshold=0.163106 cpu_threshold=0.171691
detection_mismatch sample_index=71 flat_index=19644 doppler=38 range=188 cfar_cell=valid gpu_detection=0 cpu_detection=1 gpu_power=0.129183 cpu_power=0.12918 gpu_threshold=0.137352 cpu_threshold=0.128768
detection_mismatch sample_index=71 flat_index=24750 doppler=48 range=174 cfar_cell=valid gpu_detection=1 cpu_detection=0 gpu_power=0.134319 cpu_power=0.134313 gpu_threshold=0.113745 cpu_threshold=0.138426
detection_mismatch sample_index=71 flat_index=25261 doppler=49 range=173 cfar_cell=valid gpu_detection=1 cpu_detection=0 gpu_power=0.146269 cpu_power=0.146253 gpu_threshold=0.127427 cpu_threshold=0.157741
detection_mismatch sample_index=71 flat_index=25262 doppler=49 range=174 cfar_cell=valid gpu_detection=1 cpu_detection=0 gpu_power=0.142449 cpu_power=0.142448 gpu_threshold=0.123939 cpu_threshold=0.157741
detection_mismatch sample_index=71 flat_index=26320 doppler=51 range=208 cfar_cell=valid gpu_detection=0 cpu_detection=1 gpu_power=0.0439611 cpu_power=0.0439566 gpu_threshold=0.0515072 cpu_threshold=0.0429226
detection_mismatch sample_index=71 flat_index=28931 doppler=56 range=259 cfar_cell=valid gpu_detection=0 cpu_detection=1 gpu_power=0.138231 cpu_power=0.138231 gpu_threshold=0.145937 cpu_threshold=0.137352
detection_mismatch sample_index=71 flat_index=29363 doppler=57 range=179 cfar_cell=valid gpu_detection=0 cpu_detection=1 gpu_power=0.0749506 cpu_power=0.074951 gpu_threshold=0.103014 cpu_threshold=0.0600917
detection_mismatch sample_index=71 flat_index=29364 doppler=57 range=180 cfar_cell=valid gpu_detection=0 cpu_detection=1 gpu_power=0.0856762 cpu_power=0.0856767 gpu_threshold=0.111599 cpu_threshold=0.0686762
detection_mismatch sample_index=71 flat_index=29365 doppler=57 range=181 cfar_cell=valid gpu_detection=0 cpu_detection=1 gpu_power=0.0966618 cpu_power=0.0966604 gpu_threshold=0.128768 cpu_threshold=0.0858453
detection_mismatch sample_index=71 flat_index=30934 doppler=60 range=214 cfar_cell=valid gpu_detection=0 cpu_detection=1 gpu_power=0.100427 cpu_power=0.100427 gpu_threshold=0.103014 cpu_threshold=0.0944298
sample_index=71 step=step1 cpu_ms=2.4314 gpu_ms=0.901126 relative_l2=2.10803e-06 cpu_heap_peak=7205552 cpu_rss_peak=84369408 gpu_peak=357777408 status=PASS
sample_index=71 step=step2 cpu_ms=135.597 gpu_ms=1.42138 relative_l2=2.54296e-07 cpu_heap_peak=7467712 cpu_rss_peak=84369408 gpu_peak=357777408 status=PASS
sample_index=71 step=step3 cpu_ms=173.125 gpu_ms=1.00596 relative_l2=6.76648e-07 cpu_heap_peak=7730128 cpu_rss_peak=84369408 gpu_peak=357777408 status=PASS
sample_index=71 step=step4 cpu_ms=3.51883 gpu_ms=1.08677 relative_l2=1.91856e-07 cpu_heap_peak=8058032 cpu_rss_peak=84369408 gpu_peak=357777408 status=PASS
sample_index=71 step=step5 cpu_ms=417.552 gpu_ms=5.91089 relative_l2=2.43858e-07 cpu_heap_peak=8584400 cpu_rss_peak=84369408 gpu_peak=357777408 status=PASS
sample_index=71 cpu_pipeline_ms=732.423 gpu_pipeline_ms=10.7893 cuda_event_aux_sum_ms=6.27215 relative_l2=2.25882e-06 relative_linf=9.58014e-06 detection_mismatch_count=12 valid_detection_mismatch_count=12 boundary_detection_mismatch_count=0 mse=1.4118e-05 rmse=0.0037574 formal_relative_l2=2.25882e-06 formal_relative_linf=9.8883e-06 semantic_gates=5/5 accuracy_status=PASS
detection_mismatch_summary sample_index=72 total=12 valid=12 boundary=0
detection_mismatch sample_index=72 flat_index=18121 doppler=35 range=201 cfar_cell=valid gpu_detection=1 cpu_detection=0 gpu_power=0.1727 cpu_power=0.172697 gpu_threshold=0.171691 cpu_threshold=0.180275
detection_mismatch sample_index=72 flat_index=19231 doppler=37 range=287 cfar_cell=valid gpu_detection=1 cpu_detection=0 gpu_power=0.168287 cpu_power=0.168288 gpu_threshold=0.163106 cpu_threshold=0.171691
detection_mismatch sample_index=72 flat_index=19644 doppler=38 range=188 cfar_cell=valid gpu_detection=0 cpu_detection=1 gpu_power=0.129183 cpu_power=0.12918 gpu_threshold=0.137352 cpu_threshold=0.128768
detection_mismatch sample_index=72 flat_index=24750 doppler=48 range=174 cfar_cell=valid gpu_detection=1 cpu_detection=0 gpu_power=0.134319 cpu_power=0.134313 gpu_threshold=0.113745 cpu_threshold=0.138426
detection_mismatch sample_index=72 flat_index=25261 doppler=49 range=173 cfar_cell=valid gpu_detection=1 cpu_detection=0 gpu_power=0.146269 cpu_power=0.146253 gpu_threshold=0.127427 cpu_threshold=0.157741
detection_mismatch sample_index=72 flat_index=25262 doppler=49 range=174 cfar_cell=valid gpu_detection=1 cpu_detection=0 gpu_power=0.142449 cpu_power=0.142448 gpu_threshold=0.123939 cpu_threshold=0.157741
detection_mismatch sample_index=72 flat_index=26320 doppler=51 range=208 cfar_cell=valid gpu_detection=0 cpu_detection=1 gpu_power=0.0439611 cpu_power=0.0439566 gpu_threshold=0.0515072 cpu_threshold=0.0429226
detection_mismatch sample_index=72 flat_index=28931 doppler=56 range=259 cfar_cell=valid gpu_detection=0 cpu_detection=1 gpu_power=0.138231 cpu_power=0.138231 gpu_threshold=0.145937 cpu_threshold=0.137352
detection_mismatch sample_index=72 flat_index=29363 doppler=57 range=179 cfar_cell=valid gpu_detection=0 cpu_detection=1 gpu_power=0.0749506 cpu_power=0.074951 gpu_threshold=0.103014 cpu_threshold=0.0600917
detection_mismatch sample_index=72 flat_index=29364 doppler=57 range=180 cfar_cell=valid gpu_detection=0 cpu_detection=1 gpu_power=0.0856762 cpu_power=0.0856767 gpu_threshold=0.111599 cpu_threshold=0.0686762
detection_mismatch sample_index=72 flat_index=29365 doppler=57 range=181 cfar_cell=valid gpu_detection=0 cpu_detection=1 gpu_power=0.0966618 cpu_power=0.0966604 gpu_threshold=0.128768 cpu_threshold=0.0858453
detection_mismatch sample_index=72 flat_index=30934 doppler=60 range=214 cfar_cell=valid gpu_detection=0 cpu_detection=1 gpu_power=0.100427 cpu_power=0.100427 gpu_threshold=0.103014 cpu_threshold=0.0944298
sample_index=72 step=step1 cpu_ms=2.42601 gpu_ms=0.885976 relative_l2=2.10803e-06 cpu_heap_peak=7206832 cpu_rss_peak=84377600 gpu_peak=357777408 status=PASS
sample_index=72 step=step2 cpu_ms=135.546 gpu_ms=1.42066 relative_l2=2.54296e-07 cpu_heap_peak=7468992 cpu_rss_peak=84377600 gpu_peak=357777408 status=PASS
sample_index=72 step=step3 cpu_ms=173.084 gpu_ms=1.00883 relative_l2=6.76648e-07 cpu_heap_peak=7731408 cpu_rss_peak=84377600 gpu_peak=357777408 status=PASS
sample_index=72 step=step4 cpu_ms=3.51918 gpu_ms=1.0668 relative_l2=1.91856e-07 cpu_heap_peak=8059312 cpu_rss_peak=84377600 gpu_peak=357777408 status=PASS
sample_index=72 step=step5 cpu_ms=424.714 gpu_ms=5.99521 relative_l2=2.43858e-07 cpu_heap_peak=8585680 cpu_rss_peak=84377600 gpu_peak=357777408 status=PASS
sample_index=72 cpu_pipeline_ms=739.491 gpu_pipeline_ms=10.8682 cuda_event_aux_sum_ms=6.27671 relative_l2=2.25882e-06 relative_linf=9.58014e-06 detection_mismatch_count=12 valid_detection_mismatch_count=12 boundary_detection_mismatch_count=0 mse=1.4118e-05 rmse=0.0037574 formal_relative_l2=2.25882e-06 formal_relative_linf=9.8883e-06 semantic_gates=5/5 accuracy_status=PASS
detection_mismatch_summary sample_index=73 total=12 valid=12 boundary=0
detection_mismatch sample_index=73 flat_index=18121 doppler=35 range=201 cfar_cell=valid gpu_detection=1 cpu_detection=0 gpu_power=0.1727 cpu_power=0.172697 gpu_threshold=0.171691 cpu_threshold=0.180275
detection_mismatch sample_index=73 flat_index=19231 doppler=37 range=287 cfar_cell=valid gpu_detection=1 cpu_detection=0 gpu_power=0.168287 cpu_power=0.168288 gpu_threshold=0.163106 cpu_threshold=0.171691
detection_mismatch sample_index=73 flat_index=19644 doppler=38 range=188 cfar_cell=valid gpu_detection=0 cpu_detection=1 gpu_power=0.129183 cpu_power=0.12918 gpu_threshold=0.137352 cpu_threshold=0.128768
detection_mismatch sample_index=73 flat_index=24750 doppler=48 range=174 cfar_cell=valid gpu_detection=1 cpu_detection=0 gpu_power=0.134319 cpu_power=0.134313 gpu_threshold=0.113745 cpu_threshold=0.138426
detection_mismatch sample_index=73 flat_index=25261 doppler=49 range=173 cfar_cell=valid gpu_detection=1 cpu_detection=0 gpu_power=0.146269 cpu_power=0.146253 gpu_threshold=0.127427 cpu_threshold=0.157741
detection_mismatch sample_index=73 flat_index=25262 doppler=49 range=174 cfar_cell=valid gpu_detection=1 cpu_detection=0 gpu_power=0.142449 cpu_power=0.142448 gpu_threshold=0.123939 cpu_threshold=0.157741
detection_mismatch sample_index=73 flat_index=26320 doppler=51 range=208 cfar_cell=valid gpu_detection=0 cpu_detection=1 gpu_power=0.0439611 cpu_power=0.0439566 gpu_threshold=0.0515072 cpu_threshold=0.0429226
detection_mismatch sample_index=73 flat_index=28931 doppler=56 range=259 cfar_cell=valid gpu_detection=0 cpu_detection=1 gpu_power=0.138231 cpu_power=0.138231 gpu_threshold=0.145937 cpu_threshold=0.137352
detection_mismatch sample_index=73 flat_index=29363 doppler=57 range=179 cfar_cell=valid gpu_detection=0 cpu_detection=1 gpu_power=0.0749506 cpu_power=0.074951 gpu_threshold=0.103014 cpu_threshold=0.0600917
detection_mismatch sample_index=73 flat_index=29364 doppler=57 range=180 cfar_cell=valid gpu_detection=0 cpu_detection=1 gpu_power=0.0856762 cpu_power=0.0856767 gpu_threshold=0.111599 cpu_threshold=0.0686762
detection_mismatch sample_index=73 flat_index=29365 doppler=57 range=181 cfar_cell=valid gpu_detection=0 cpu_detection=1 gpu_power=0.0966618 cpu_power=0.0966604 gpu_threshold=0.128768 cpu_threshold=0.0858453
detection_mismatch sample_index=73 flat_index=30934 doppler=60 range=214 cfar_cell=valid gpu_detection=0 cpu_detection=1 gpu_power=0.100427 cpu_power=0.100427 gpu_threshold=0.103014 cpu_threshold=0.0944298
sample_index=73 step=step1 cpu_ms=2.43465 gpu_ms=0.902965 relative_l2=2.10803e-06 cpu_heap_peak=7207760 cpu_rss_peak=84377600 gpu_peak=357777408 status=PASS
sample_index=73 step=step2 cpu_ms=135.571 gpu_ms=1.42533 relative_l2=2.54296e-07 cpu_heap_peak=7469920 cpu_rss_peak=84377600 gpu_peak=357777408 status=PASS
sample_index=73 step=step3 cpu_ms=173.159 gpu_ms=1.0594 relative_l2=6.76648e-07 cpu_heap_peak=7732336 cpu_rss_peak=84377600 gpu_peak=357777408 status=PASS
sample_index=73 step=step4 cpu_ms=3.52533 gpu_ms=1.08534 relative_l2=1.91856e-07 cpu_heap_peak=8060240 cpu_rss_peak=84377600 gpu_peak=357777408 status=PASS
sample_index=73 step=step5 cpu_ms=418.636 gpu_ms=6.09827 relative_l2=2.43858e-07 cpu_heap_peak=8586608 cpu_rss_peak=84377600 gpu_peak=357777408 status=PASS
sample_index=73 cpu_pipeline_ms=733.525 gpu_pipeline_ms=11.0528 cuda_event_aux_sum_ms=6.38469 relative_l2=2.25882e-06 relative_linf=9.58014e-06 detection_mismatch_count=12 valid_detection_mismatch_count=12 boundary_detection_mismatch_count=0 mse=1.4118e-05 rmse=0.0037574 formal_relative_l2=2.25882e-06 formal_relative_linf=9.8883e-06 semantic_gates=5/5 accuracy_status=PASS
detection_mismatch_summary sample_index=74 total=12 valid=12 boundary=0
detection_mismatch sample_index=74 flat_index=18121 doppler=35 range=201 cfar_cell=valid gpu_detection=1 cpu_detection=0 gpu_power=0.1727 cpu_power=0.172697 gpu_threshold=0.171691 cpu_threshold=0.180275
detection_mismatch sample_index=74 flat_index=19231 doppler=37 range=287 cfar_cell=valid gpu_detection=1 cpu_detection=0 gpu_power=0.168287 cpu_power=0.168288 gpu_threshold=0.163106 cpu_threshold=0.171691
detection_mismatch sample_index=74 flat_index=19644 doppler=38 range=188 cfar_cell=valid gpu_detection=0 cpu_detection=1 gpu_power=0.129183 cpu_power=0.12918 gpu_threshold=0.137352 cpu_threshold=0.128768
detection_mismatch sample_index=74 flat_index=24750 doppler=48 range=174 cfar_cell=valid gpu_detection=1 cpu_detection=0 gpu_power=0.134319 cpu_power=0.134313 gpu_threshold=0.113745 cpu_threshold=0.138426
detection_mismatch sample_index=74 flat_index=25261 doppler=49 range=173 cfar_cell=valid gpu_detection=1 cpu_detection=0 gpu_power=0.146269 cpu_power=0.146253 gpu_threshold=0.127427 cpu_threshold=0.157741
detection_mismatch sample_index=74 flat_index=25262 doppler=49 range=174 cfar_cell=valid gpu_detection=1 cpu_detection=0 gpu_power=0.142449 cpu_power=0.142448 gpu_threshold=0.123939 cpu_threshold=0.157741
detection_mismatch sample_index=74 flat_index=26320 doppler=51 range=208 cfar_cell=valid gpu_detection=0 cpu_detection=1 gpu_power=0.0439611 cpu_power=0.0439566 gpu_threshold=0.0515072 cpu_threshold=0.0429226
detection_mismatch sample_index=74 flat_index=28931 doppler=56 range=259 cfar_cell=valid gpu_detection=0 cpu_detection=1 gpu_power=0.138231 cpu_power=0.138231 gpu_threshold=0.145937 cpu_threshold=0.137352
detection_mismatch sample_index=74 flat_index=29363 doppler=57 range=179 cfar_cell=valid gpu_detection=0 cpu_detection=1 gpu_power=0.0749506 cpu_power=0.074951 gpu_threshold=0.103014 cpu_threshold=0.0600917
detection_mismatch sample_index=74 flat_index=29364 doppler=57 range=180 cfar_cell=valid gpu_detection=0 cpu_detection=1 gpu_power=0.0856762 cpu_power=0.0856767 gpu_threshold=0.111599 cpu_threshold=0.0686762
detection_mismatch sample_index=74 flat_index=29365 doppler=57 range=181 cfar_cell=valid gpu_detection=0 cpu_detection=1 gpu_power=0.0966618 cpu_power=0.0966604 gpu_threshold=0.128768 cpu_threshold=0.0858453
detection_mismatch sample_index=74 flat_index=30934 doppler=60 range=214 cfar_cell=valid gpu_detection=0 cpu_detection=1 gpu_power=0.100427 cpu_power=0.100427 gpu_threshold=0.103014 cpu_threshold=0.0944298
sample_index=74 step=step1 cpu_ms=2.41192 gpu_ms=0.892806 relative_l2=2.10803e-06 cpu_heap_peak=7208112 cpu_rss_peak=84369408 gpu_peak=357777408 status=PASS
sample_index=74 step=step2 cpu_ms=135.517 gpu_ms=1.49577 relative_l2=2.54296e-07 cpu_heap_peak=7470272 cpu_rss_peak=84369408 gpu_peak=357777408 status=PASS
sample_index=74 step=step3 cpu_ms=172.93 gpu_ms=1.04026 relative_l2=6.76648e-07 cpu_heap_peak=7732688 cpu_rss_peak=84369408 gpu_peak=357777408 status=PASS
sample_index=74 step=step4 cpu_ms=3.52318 gpu_ms=1.07759 relative_l2=1.91856e-07 cpu_heap_peak=8060592 cpu_rss_peak=84369408 gpu_peak=357777408 status=PASS
sample_index=74 step=step5 cpu_ms=421.033 gpu_ms=6.06803 relative_l2=2.43858e-07 cpu_heap_peak=8586960 cpu_rss_peak=84369408 gpu_peak=357777408 status=PASS
sample_index=74 cpu_pipeline_ms=735.614 gpu_pipeline_ms=11.1779 cuda_event_aux_sum_ms=6.52316 relative_l2=2.25882e-06 relative_linf=9.58014e-06 detection_mismatch_count=12 valid_detection_mismatch_count=12 boundary_detection_mismatch_count=0 mse=1.4118e-05 rmse=0.0037574 formal_relative_l2=2.25882e-06 formal_relative_linf=9.8883e-06 semantic_gates=5/5 accuracy_status=PASS
detection_mismatch_summary sample_index=75 total=12 valid=12 boundary=0
detection_mismatch sample_index=75 flat_index=18121 doppler=35 range=201 cfar_cell=valid gpu_detection=1 cpu_detection=0 gpu_power=0.1727 cpu_power=0.172697 gpu_threshold=0.171691 cpu_threshold=0.180275
detection_mismatch sample_index=75 flat_index=19231 doppler=37 range=287 cfar_cell=valid gpu_detection=1 cpu_detection=0 gpu_power=0.168287 cpu_power=0.168288 gpu_threshold=0.163106 cpu_threshold=0.171691
detection_mismatch sample_index=75 flat_index=19644 doppler=38 range=188 cfar_cell=valid gpu_detection=0 cpu_detection=1 gpu_power=0.129183 cpu_power=0.12918 gpu_threshold=0.137352 cpu_threshold=0.128768
detection_mismatch sample_index=75 flat_index=24750 doppler=48 range=174 cfar_cell=valid gpu_detection=1 cpu_detection=0 gpu_power=0.134319 cpu_power=0.134313 gpu_threshold=0.113745 cpu_threshold=0.138426
detection_mismatch sample_index=75 flat_index=25261 doppler=49 range=173 cfar_cell=valid gpu_detection=1 cpu_detection=0 gpu_power=0.146269 cpu_power=0.146253 gpu_threshold=0.127427 cpu_threshold=0.157741
detection_mismatch sample_index=75 flat_index=25262 doppler=49 range=174 cfar_cell=valid gpu_detection=1 cpu_detection=0 gpu_power=0.142449 cpu_power=0.142448 gpu_threshold=0.123939 cpu_threshold=0.157741
detection_mismatch sample_index=75 flat_index=26320 doppler=51 range=208 cfar_cell=valid gpu_detection=0 cpu_detection=1 gpu_power=0.0439611 cpu_power=0.0439566 gpu_threshold=0.0515072 cpu_threshold=0.0429226
detection_mismatch sample_index=75 flat_index=28931 doppler=56 range=259 cfar_cell=valid gpu_detection=0 cpu_detection=1 gpu_power=0.138231 cpu_power=0.138231 gpu_threshold=0.145937 cpu_threshold=0.137352
detection_mismatch sample_index=75 flat_index=29363 doppler=57 range=179 cfar_cell=valid gpu_detection=0 cpu_detection=1 gpu_power=0.0749506 cpu_power=0.074951 gpu_threshold=0.103014 cpu_threshold=0.0600917
detection_mismatch sample_index=75 flat_index=29364 doppler=57 range=180 cfar_cell=valid gpu_detection=0 cpu_detection=1 gpu_power=0.0856762 cpu_power=0.0856767 gpu_threshold=0.111599 cpu_threshold=0.0686762
detection_mismatch sample_index=75 flat_index=29365 doppler=57 range=181 cfar_cell=valid gpu_detection=0 cpu_detection=1 gpu_power=0.0966618 cpu_power=0.0966604 gpu_threshold=0.128768 cpu_threshold=0.0858453
detection_mismatch sample_index=75 flat_index=30934 doppler=60 range=214 cfar_cell=valid gpu_detection=0 cpu_detection=1 gpu_power=0.100427 cpu_power=0.100427 gpu_threshold=0.103014 cpu_threshold=0.0944298
sample_index=75 step=step1 cpu_ms=2.41434 gpu_ms=0.894366 relative_l2=2.10803e-06 cpu_heap_peak=7207584 cpu_rss_peak=84377600 gpu_peak=357777408 status=PASS
sample_index=75 step=step2 cpu_ms=146.389 gpu_ms=1.46021 relative_l2=2.54296e-07 cpu_heap_peak=7469744 cpu_rss_peak=84377600 gpu_peak=357777408 status=PASS
sample_index=75 step=step3 cpu_ms=172.802 gpu_ms=1.01895 relative_l2=6.76648e-07 cpu_heap_peak=7732160 cpu_rss_peak=84377600 gpu_peak=357777408 status=PASS
sample_index=75 step=step4 cpu_ms=3.51549 gpu_ms=1.07017 relative_l2=1.91856e-07 cpu_heap_peak=8060064 cpu_rss_peak=84377600 gpu_peak=357777408 status=PASS
sample_index=75 step=step5 cpu_ms=416.711 gpu_ms=6.09292 relative_l2=2.43858e-07 cpu_heap_peak=8586432 cpu_rss_peak=84377600 gpu_peak=357777408 status=PASS
sample_index=75 cpu_pipeline_ms=742.031 gpu_pipeline_ms=11.0973 cuda_event_aux_sum_ms=6.44155 relative_l2=2.25882e-06 relative_linf=9.58014e-06 detection_mismatch_count=12 valid_detection_mismatch_count=12 boundary_detection_mismatch_count=0 mse=1.4118e-05 rmse=0.0037574 formal_relative_l2=2.25882e-06 formal_relative_linf=9.8883e-06 semantic_gates=5/5 accuracy_status=PASS
detection_mismatch_summary sample_index=76 total=12 valid=12 boundary=0
detection_mismatch sample_index=76 flat_index=18121 doppler=35 range=201 cfar_cell=valid gpu_detection=1 cpu_detection=0 gpu_power=0.1727 cpu_power=0.172697 gpu_threshold=0.171691 cpu_threshold=0.180275
detection_mismatch sample_index=76 flat_index=19231 doppler=37 range=287 cfar_cell=valid gpu_detection=1 cpu_detection=0 gpu_power=0.168287 cpu_power=0.168288 gpu_threshold=0.163106 cpu_threshold=0.171691
detection_mismatch sample_index=76 flat_index=19644 doppler=38 range=188 cfar_cell=valid gpu_detection=0 cpu_detection=1 gpu_power=0.129183 cpu_power=0.12918 gpu_threshold=0.137352 cpu_threshold=0.128768
detection_mismatch sample_index=76 flat_index=24750 doppler=48 range=174 cfar_cell=valid gpu_detection=1 cpu_detection=0 gpu_power=0.134319 cpu_power=0.134313 gpu_threshold=0.113745 cpu_threshold=0.138426
detection_mismatch sample_index=76 flat_index=25261 doppler=49 range=173 cfar_cell=valid gpu_detection=1 cpu_detection=0 gpu_power=0.146269 cpu_power=0.146253 gpu_threshold=0.127427 cpu_threshold=0.157741
detection_mismatch sample_index=76 flat_index=25262 doppler=49 range=174 cfar_cell=valid gpu_detection=1 cpu_detection=0 gpu_power=0.142449 cpu_power=0.142448 gpu_threshold=0.123939 cpu_threshold=0.157741
detection_mismatch sample_index=76 flat_index=26320 doppler=51 range=208 cfar_cell=valid gpu_detection=0 cpu_detection=1 gpu_power=0.0439611 cpu_power=0.0439566 gpu_threshold=0.0515072 cpu_threshold=0.0429226
detection_mismatch sample_index=76 flat_index=28931 doppler=56 range=259 cfar_cell=valid gpu_detection=0 cpu_detection=1 gpu_power=0.138231 cpu_power=0.138231 gpu_threshold=0.145937 cpu_threshold=0.137352
detection_mismatch sample_index=76 flat_index=29363 doppler=57 range=179 cfar_cell=valid gpu_detection=0 cpu_detection=1 gpu_power=0.0749506 cpu_power=0.074951 gpu_threshold=0.103014 cpu_threshold=0.0600917
detection_mismatch sample_index=76 flat_index=29364 doppler=57 range=180 cfar_cell=valid gpu_detection=0 cpu_detection=1 gpu_power=0.0856762 cpu_power=0.0856767 gpu_threshold=0.111599 cpu_threshold=0.0686762
detection_mismatch sample_index=76 flat_index=29365 doppler=57 range=181 cfar_cell=valid gpu_detection=0 cpu_detection=1 gpu_power=0.0966618 cpu_power=0.0966604 gpu_threshold=0.128768 cpu_threshold=0.0858453
detection_mismatch sample_index=76 flat_index=30934 doppler=60 range=214 cfar_cell=valid gpu_detection=0 cpu_detection=1 gpu_power=0.100427 cpu_power=0.100427 gpu_threshold=0.103014 cpu_threshold=0.0944298
sample_index=76 step=step1 cpu_ms=2.42971 gpu_ms=0.880566 relative_l2=2.10803e-06 cpu_heap_peak=7208944 cpu_rss_peak=84377600 gpu_peak=357777408 status=PASS
sample_index=76 step=step2 cpu_ms=135.56 gpu_ms=1.45788 relative_l2=2.54296e-07 cpu_heap_peak=7471104 cpu_rss_peak=84377600 gpu_peak=357777408 status=PASS
sample_index=76 step=step3 cpu_ms=173.278 gpu_ms=1.06048 relative_l2=6.76648e-07 cpu_heap_peak=7733520 cpu_rss_peak=84377600 gpu_peak=357777408 status=PASS
sample_index=76 step=step4 cpu_ms=3.52718 gpu_ms=1.01647 relative_l2=1.91856e-07 cpu_heap_peak=8061424 cpu_rss_peak=84377600 gpu_peak=357777408 status=PASS
sample_index=76 step=step5 cpu_ms=417.299 gpu_ms=6.09684 relative_l2=2.43858e-07 cpu_heap_peak=8587808 cpu_rss_peak=84377600 gpu_peak=357777408 status=PASS
sample_index=76 cpu_pipeline_ms=732.296 gpu_pipeline_ms=11.0639 cuda_event_aux_sum_ms=6.43552 relative_l2=2.25882e-06 relative_linf=9.58014e-06 detection_mismatch_count=12 valid_detection_mismatch_count=12 boundary_detection_mismatch_count=0 mse=1.4118e-05 rmse=0.0037574 formal_relative_l2=2.25882e-06 formal_relative_linf=9.8883e-06 semantic_gates=5/5 accuracy_status=PASS
detection_mismatch_summary sample_index=77 total=12 valid=12 boundary=0
detection_mismatch sample_index=77 flat_index=18121 doppler=35 range=201 cfar_cell=valid gpu_detection=1 cpu_detection=0 gpu_power=0.1727 cpu_power=0.172697 gpu_threshold=0.171691 cpu_threshold=0.180275
detection_mismatch sample_index=77 flat_index=19231 doppler=37 range=287 cfar_cell=valid gpu_detection=1 cpu_detection=0 gpu_power=0.168287 cpu_power=0.168288 gpu_threshold=0.163106 cpu_threshold=0.171691
detection_mismatch sample_index=77 flat_index=19644 doppler=38 range=188 cfar_cell=valid gpu_detection=0 cpu_detection=1 gpu_power=0.129183 cpu_power=0.12918 gpu_threshold=0.137352 cpu_threshold=0.128768
detection_mismatch sample_index=77 flat_index=24750 doppler=48 range=174 cfar_cell=valid gpu_detection=1 cpu_detection=0 gpu_power=0.134319 cpu_power=0.134313 gpu_threshold=0.113745 cpu_threshold=0.138426
detection_mismatch sample_index=77 flat_index=25261 doppler=49 range=173 cfar_cell=valid gpu_detection=1 cpu_detection=0 gpu_power=0.146269 cpu_power=0.146253 gpu_threshold=0.127427 cpu_threshold=0.157741
detection_mismatch sample_index=77 flat_index=25262 doppler=49 range=174 cfar_cell=valid gpu_detection=1 cpu_detection=0 gpu_power=0.142449 cpu_power=0.142448 gpu_threshold=0.123939 cpu_threshold=0.157741
detection_mismatch sample_index=77 flat_index=26320 doppler=51 range=208 cfar_cell=valid gpu_detection=0 cpu_detection=1 gpu_power=0.0439611 cpu_power=0.0439566 gpu_threshold=0.0515072 cpu_threshold=0.0429226
detection_mismatch sample_index=77 flat_index=28931 doppler=56 range=259 cfar_cell=valid gpu_detection=0 cpu_detection=1 gpu_power=0.138231 cpu_power=0.138231 gpu_threshold=0.145937 cpu_threshold=0.137352
detection_mismatch sample_index=77 flat_index=29363 doppler=57 range=179 cfar_cell=valid gpu_detection=0 cpu_detection=1 gpu_power=0.0749506 cpu_power=0.074951 gpu_threshold=0.103014 cpu_threshold=0.0600917
detection_mismatch sample_index=77 flat_index=29364 doppler=57 range=180 cfar_cell=valid gpu_detection=0 cpu_detection=1 gpu_power=0.0856762 cpu_power=0.0856767 gpu_threshold=0.111599 cpu_threshold=0.0686762
detection_mismatch sample_index=77 flat_index=29365 doppler=57 range=181 cfar_cell=valid gpu_detection=0 cpu_detection=1 gpu_power=0.0966618 cpu_power=0.0966604 gpu_threshold=0.128768 cpu_threshold=0.0858453
detection_mismatch sample_index=77 flat_index=30934 doppler=60 range=214 cfar_cell=valid gpu_detection=0 cpu_detection=1 gpu_power=0.100427 cpu_power=0.100427 gpu_threshold=0.103014 cpu_threshold=0.0944298
sample_index=77 step=step1 cpu_ms=2.43547 gpu_ms=0.888026 relative_l2=2.10803e-06 cpu_heap_peak=7207968 cpu_rss_peak=84369408 gpu_peak=357777408 status=PASS
sample_index=77 step=step2 cpu_ms=135.715 gpu_ms=1.46448 relative_l2=2.54296e-07 cpu_heap_peak=7470128 cpu_rss_peak=84369408 gpu_peak=357777408 status=PASS
sample_index=77 step=step3 cpu_ms=173.006 gpu_ms=1.02605 relative_l2=6.76648e-07 cpu_heap_peak=7732544 cpu_rss_peak=84369408 gpu_peak=357777408 status=PASS
sample_index=77 step=step4 cpu_ms=3.52237 gpu_ms=1.08064 relative_l2=1.91856e-07 cpu_heap_peak=8060448 cpu_rss_peak=84369408 gpu_peak=357777408 status=PASS
sample_index=77 step=step5 cpu_ms=417.433 gpu_ms=6.07349 relative_l2=2.43858e-07 cpu_heap_peak=8586832 cpu_rss_peak=84369408 gpu_peak=357777408 status=PASS
sample_index=77 cpu_pipeline_ms=732.311 gpu_pipeline_ms=11.0904 cuda_event_aux_sum_ms=6.49318 relative_l2=2.25882e-06 relative_linf=9.58014e-06 detection_mismatch_count=12 valid_detection_mismatch_count=12 boundary_detection_mismatch_count=0 mse=1.4118e-05 rmse=0.0037574 formal_relative_l2=2.25882e-06 formal_relative_linf=9.8883e-06 semantic_gates=5/5 accuracy_status=PASS
detection_mismatch_summary sample_index=78 total=12 valid=12 boundary=0
detection_mismatch sample_index=78 flat_index=18121 doppler=35 range=201 cfar_cell=valid gpu_detection=1 cpu_detection=0 gpu_power=0.1727 cpu_power=0.172697 gpu_threshold=0.171691 cpu_threshold=0.180275
detection_mismatch sample_index=78 flat_index=19231 doppler=37 range=287 cfar_cell=valid gpu_detection=1 cpu_detection=0 gpu_power=0.168287 cpu_power=0.168288 gpu_threshold=0.163106 cpu_threshold=0.171691
detection_mismatch sample_index=78 flat_index=19644 doppler=38 range=188 cfar_cell=valid gpu_detection=0 cpu_detection=1 gpu_power=0.129183 cpu_power=0.12918 gpu_threshold=0.137352 cpu_threshold=0.128768
detection_mismatch sample_index=78 flat_index=24750 doppler=48 range=174 cfar_cell=valid gpu_detection=1 cpu_detection=0 gpu_power=0.134319 cpu_power=0.134313 gpu_threshold=0.113745 cpu_threshold=0.138426
detection_mismatch sample_index=78 flat_index=25261 doppler=49 range=173 cfar_cell=valid gpu_detection=1 cpu_detection=0 gpu_power=0.146269 cpu_power=0.146253 gpu_threshold=0.127427 cpu_threshold=0.157741
detection_mismatch sample_index=78 flat_index=25262 doppler=49 range=174 cfar_cell=valid gpu_detection=1 cpu_detection=0 gpu_power=0.142449 cpu_power=0.142448 gpu_threshold=0.123939 cpu_threshold=0.157741
detection_mismatch sample_index=78 flat_index=26320 doppler=51 range=208 cfar_cell=valid gpu_detection=0 cpu_detection=1 gpu_power=0.0439611 cpu_power=0.0439566 gpu_threshold=0.0515072 cpu_threshold=0.0429226
detection_mismatch sample_index=78 flat_index=28931 doppler=56 range=259 cfar_cell=valid gpu_detection=0 cpu_detection=1 gpu_power=0.138231 cpu_power=0.138231 gpu_threshold=0.145937 cpu_threshold=0.137352
detection_mismatch sample_index=78 flat_index=29363 doppler=57 range=179 cfar_cell=valid gpu_detection=0 cpu_detection=1 gpu_power=0.0749506 cpu_power=0.074951 gpu_threshold=0.103014 cpu_threshold=0.0600917
detection_mismatch sample_index=78 flat_index=29364 doppler=57 range=180 cfar_cell=valid gpu_detection=0 cpu_detection=1 gpu_power=0.0856762 cpu_power=0.0856767 gpu_threshold=0.111599 cpu_threshold=0.0686762
detection_mismatch sample_index=78 flat_index=29365 doppler=57 range=181 cfar_cell=valid gpu_detection=0 cpu_detection=1 gpu_power=0.0966618 cpu_power=0.0966604 gpu_threshold=0.128768 cpu_threshold=0.0858453
detection_mismatch sample_index=78 flat_index=30934 doppler=60 range=214 cfar_cell=valid gpu_detection=0 cpu_detection=1 gpu_power=0.100427 cpu_power=0.100427 gpu_threshold=0.103014 cpu_threshold=0.0944298
sample_index=78 step=step1 cpu_ms=2.43383 gpu_ms=0.897445 relative_l2=2.10803e-06 cpu_heap_peak=7208544 cpu_rss_peak=84377600 gpu_peak=357777408 status=PASS
sample_index=78 step=step2 cpu_ms=135.604 gpu_ms=1.47897 relative_l2=2.54296e-07 cpu_heap_peak=7470704 cpu_rss_peak=84377600 gpu_peak=357777408 status=PASS
sample_index=78 step=step3 cpu_ms=172.917 gpu_ms=1.02106 relative_l2=6.76648e-07 cpu_heap_peak=7733120 cpu_rss_peak=84377600 gpu_peak=357777408 status=PASS
sample_index=78 step=step4 cpu_ms=3.52252 gpu_ms=1.09036 relative_l2=1.91856e-07 cpu_heap_peak=8061024 cpu_rss_peak=84377600 gpu_peak=357777408 status=PASS
sample_index=78 step=step5 cpu_ms=416.776 gpu_ms=6.1321 relative_l2=2.43858e-07 cpu_heap_peak=8587408 cpu_rss_peak=84377600 gpu_peak=357777408 status=PASS
sample_index=78 cpu_pipeline_ms=731.452 gpu_pipeline_ms=11.1784 cuda_event_aux_sum_ms=6.46577 relative_l2=2.25882e-06 relative_linf=9.58014e-06 detection_mismatch_count=12 valid_detection_mismatch_count=12 boundary_detection_mismatch_count=0 mse=1.4118e-05 rmse=0.0037574 formal_relative_l2=2.25882e-06 formal_relative_linf=9.8883e-06 semantic_gates=5/5 accuracy_status=PASS
detection_mismatch_summary sample_index=79 total=12 valid=12 boundary=0
detection_mismatch sample_index=79 flat_index=18121 doppler=35 range=201 cfar_cell=valid gpu_detection=1 cpu_detection=0 gpu_power=0.1727 cpu_power=0.172697 gpu_threshold=0.171691 cpu_threshold=0.180275
detection_mismatch sample_index=79 flat_index=19231 doppler=37 range=287 cfar_cell=valid gpu_detection=1 cpu_detection=0 gpu_power=0.168287 cpu_power=0.168288 gpu_threshold=0.163106 cpu_threshold=0.171691
detection_mismatch sample_index=79 flat_index=19644 doppler=38 range=188 cfar_cell=valid gpu_detection=0 cpu_detection=1 gpu_power=0.129183 cpu_power=0.12918 gpu_threshold=0.137352 cpu_threshold=0.128768
detection_mismatch sample_index=79 flat_index=24750 doppler=48 range=174 cfar_cell=valid gpu_detection=1 cpu_detection=0 gpu_power=0.134319 cpu_power=0.134313 gpu_threshold=0.113745 cpu_threshold=0.138426
detection_mismatch sample_index=79 flat_index=25261 doppler=49 range=173 cfar_cell=valid gpu_detection=1 cpu_detection=0 gpu_power=0.146269 cpu_power=0.146253 gpu_threshold=0.127427 cpu_threshold=0.157741
detection_mismatch sample_index=79 flat_index=25262 doppler=49 range=174 cfar_cell=valid gpu_detection=1 cpu_detection=0 gpu_power=0.142449 cpu_power=0.142448 gpu_threshold=0.123939 cpu_threshold=0.157741
detection_mismatch sample_index=79 flat_index=26320 doppler=51 range=208 cfar_cell=valid gpu_detection=0 cpu_detection=1 gpu_power=0.0439611 cpu_power=0.0439566 gpu_threshold=0.0515072 cpu_threshold=0.0429226
detection_mismatch sample_index=79 flat_index=28931 doppler=56 range=259 cfar_cell=valid gpu_detection=0 cpu_detection=1 gpu_power=0.138231 cpu_power=0.138231 gpu_threshold=0.145937 cpu_threshold=0.137352
detection_mismatch sample_index=79 flat_index=29363 doppler=57 range=179 cfar_cell=valid gpu_detection=0 cpu_detection=1 gpu_power=0.0749506 cpu_power=0.074951 gpu_threshold=0.103014 cpu_threshold=0.0600917
detection_mismatch sample_index=79 flat_index=29364 doppler=57 range=180 cfar_cell=valid gpu_detection=0 cpu_detection=1 gpu_power=0.0856762 cpu_power=0.0856767 gpu_threshold=0.111599 cpu_threshold=0.0686762
detection_mismatch sample_index=79 flat_index=29365 doppler=57 range=181 cfar_cell=valid gpu_detection=0 cpu_detection=1 gpu_power=0.0966618 cpu_power=0.0966604 gpu_threshold=0.128768 cpu_threshold=0.0858453
detection_mismatch sample_index=79 flat_index=30934 doppler=60 range=214 cfar_cell=valid gpu_detection=0 cpu_detection=1 gpu_power=0.100427 cpu_power=0.100427 gpu_threshold=0.103014 cpu_threshold=0.0944298
sample_index=79 step=step1 cpu_ms=2.41243 gpu_ms=0.956206 relative_l2=2.10803e-06 cpu_heap_peak=7207824 cpu_rss_peak=84377600 gpu_peak=357777408 status=PASS
sample_index=79 step=step2 cpu_ms=135.576 gpu_ms=1.48736 relative_l2=2.54296e-07 cpu_heap_peak=7469984 cpu_rss_peak=84377600 gpu_peak=357777408 status=PASS
sample_index=79 step=step3 cpu_ms=173.002 gpu_ms=1.02976 relative_l2=6.76648e-07 cpu_heap_peak=7732400 cpu_rss_peak=84377600 gpu_peak=357777408 status=PASS
sample_index=79 step=step4 cpu_ms=3.51901 gpu_ms=1.08065 relative_l2=1.91856e-07 cpu_heap_peak=8060304 cpu_rss_peak=84377600 gpu_peak=357777408 status=PASS
sample_index=79 step=step5 cpu_ms=417.538 gpu_ms=6.22619 relative_l2=2.43858e-07 cpu_heap_peak=8586688 cpu_rss_peak=84377600 gpu_peak=357777408 status=PASS
sample_index=79 cpu_pipeline_ms=732.246 gpu_pipeline_ms=11.3687 cuda_event_aux_sum_ms=6.55027 relative_l2=2.25882e-06 relative_linf=9.58014e-06 detection_mismatch_count=12 valid_detection_mismatch_count=12 boundary_detection_mismatch_count=0 mse=1.4118e-05 rmse=0.0037574 formal_relative_l2=2.25882e-06 formal_relative_linf=9.8883e-06 semantic_gates=5/5 accuracy_status=PASS
detection_mismatch_summary sample_index=80 total=12 valid=12 boundary=0
detection_mismatch sample_index=80 flat_index=18121 doppler=35 range=201 cfar_cell=valid gpu_detection=1 cpu_detection=0 gpu_power=0.1727 cpu_power=0.172697 gpu_threshold=0.171691 cpu_threshold=0.180275
detection_mismatch sample_index=80 flat_index=19231 doppler=37 range=287 cfar_cell=valid gpu_detection=1 cpu_detection=0 gpu_power=0.168287 cpu_power=0.168288 gpu_threshold=0.163106 cpu_threshold=0.171691
detection_mismatch sample_index=80 flat_index=19644 doppler=38 range=188 cfar_cell=valid gpu_detection=0 cpu_detection=1 gpu_power=0.129183 cpu_power=0.12918 gpu_threshold=0.137352 cpu_threshold=0.128768
detection_mismatch sample_index=80 flat_index=24750 doppler=48 range=174 cfar_cell=valid gpu_detection=1 cpu_detection=0 gpu_power=0.134319 cpu_power=0.134313 gpu_threshold=0.113745 cpu_threshold=0.138426
detection_mismatch sample_index=80 flat_index=25261 doppler=49 range=173 cfar_cell=valid gpu_detection=1 cpu_detection=0 gpu_power=0.146269 cpu_power=0.146253 gpu_threshold=0.127427 cpu_threshold=0.157741
detection_mismatch sample_index=80 flat_index=25262 doppler=49 range=174 cfar_cell=valid gpu_detection=1 cpu_detection=0 gpu_power=0.142449 cpu_power=0.142448 gpu_threshold=0.123939 cpu_threshold=0.157741
detection_mismatch sample_index=80 flat_index=26320 doppler=51 range=208 cfar_cell=valid gpu_detection=0 cpu_detection=1 gpu_power=0.0439611 cpu_power=0.0439566 gpu_threshold=0.0515072 cpu_threshold=0.0429226
detection_mismatch sample_index=80 flat_index=28931 doppler=56 range=259 cfar_cell=valid gpu_detection=0 cpu_detection=1 gpu_power=0.138231 cpu_power=0.138231 gpu_threshold=0.145937 cpu_threshold=0.137352
detection_mismatch sample_index=80 flat_index=29363 doppler=57 range=179 cfar_cell=valid gpu_detection=0 cpu_detection=1 gpu_power=0.0749506 cpu_power=0.074951 gpu_threshold=0.103014 cpu_threshold=0.0600917
detection_mismatch sample_index=80 flat_index=29364 doppler=57 range=180 cfar_cell=valid gpu_detection=0 cpu_detection=1 gpu_power=0.0856762 cpu_power=0.0856767 gpu_threshold=0.111599 cpu_threshold=0.0686762
detection_mismatch sample_index=80 flat_index=29365 doppler=57 range=181 cfar_cell=valid gpu_detection=0 cpu_detection=1 gpu_power=0.0966618 cpu_power=0.0966604 gpu_threshold=0.128768 cpu_threshold=0.0858453
detection_mismatch sample_index=80 flat_index=30934 doppler=60 range=214 cfar_cell=valid gpu_detection=0 cpu_detection=1 gpu_power=0.100427 cpu_power=0.100427 gpu_threshold=0.103014 cpu_threshold=0.0944298
sample_index=80 step=step1 cpu_ms=2.41479 gpu_ms=0.896266 relative_l2=2.10803e-06 cpu_heap_peak=7208608 cpu_rss_peak=84377600 gpu_peak=357777408 status=PASS
sample_index=80 step=step2 cpu_ms=135.53 gpu_ms=1.46435 relative_l2=2.54296e-07 cpu_heap_peak=7470768 cpu_rss_peak=84377600 gpu_peak=357777408 status=PASS
sample_index=80 step=step3 cpu_ms=173.247 gpu_ms=1.06083 relative_l2=6.76648e-07 cpu_heap_peak=7733184 cpu_rss_peak=84377600 gpu_peak=357777408 status=PASS
sample_index=80 step=step4 cpu_ms=3.52183 gpu_ms=1.14395 relative_l2=1.91856e-07 cpu_heap_peak=8061088 cpu_rss_peak=84377600 gpu_peak=357777408 status=PASS
sample_index=80 step=step5 cpu_ms=417.701 gpu_ms=6.1518 relative_l2=2.43858e-07 cpu_heap_peak=8587472 cpu_rss_peak=84377600 gpu_peak=357777408 status=PASS
sample_index=80 cpu_pipeline_ms=732.617 gpu_pipeline_ms=11.3359 cuda_event_aux_sum_ms=6.47651 relative_l2=2.25882e-06 relative_linf=9.58014e-06 detection_mismatch_count=12 valid_detection_mismatch_count=12 boundary_detection_mismatch_count=0 mse=1.4118e-05 rmse=0.0037574 formal_relative_l2=2.25882e-06 formal_relative_linf=9.8883e-06 semantic_gates=5/5 accuracy_status=PASS
detection_mismatch_summary sample_index=81 total=12 valid=12 boundary=0
detection_mismatch sample_index=81 flat_index=18121 doppler=35 range=201 cfar_cell=valid gpu_detection=1 cpu_detection=0 gpu_power=0.1727 cpu_power=0.172697 gpu_threshold=0.171691 cpu_threshold=0.180275
detection_mismatch sample_index=81 flat_index=19231 doppler=37 range=287 cfar_cell=valid gpu_detection=1 cpu_detection=0 gpu_power=0.168287 cpu_power=0.168288 gpu_threshold=0.163106 cpu_threshold=0.171691
detection_mismatch sample_index=81 flat_index=19644 doppler=38 range=188 cfar_cell=valid gpu_detection=0 cpu_detection=1 gpu_power=0.129183 cpu_power=0.12918 gpu_threshold=0.137352 cpu_threshold=0.128768
detection_mismatch sample_index=81 flat_index=24750 doppler=48 range=174 cfar_cell=valid gpu_detection=1 cpu_detection=0 gpu_power=0.134319 cpu_power=0.134313 gpu_threshold=0.113745 cpu_threshold=0.138426
detection_mismatch sample_index=81 flat_index=25261 doppler=49 range=173 cfar_cell=valid gpu_detection=1 cpu_detection=0 gpu_power=0.146269 cpu_power=0.146253 gpu_threshold=0.127427 cpu_threshold=0.157741
detection_mismatch sample_index=81 flat_index=25262 doppler=49 range=174 cfar_cell=valid gpu_detection=1 cpu_detection=0 gpu_power=0.142449 cpu_power=0.142448 gpu_threshold=0.123939 cpu_threshold=0.157741
detection_mismatch sample_index=81 flat_index=26320 doppler=51 range=208 cfar_cell=valid gpu_detection=0 cpu_detection=1 gpu_power=0.0439611 cpu_power=0.0439566 gpu_threshold=0.0515072 cpu_threshold=0.0429226
detection_mismatch sample_index=81 flat_index=28931 doppler=56 range=259 cfar_cell=valid gpu_detection=0 cpu_detection=1 gpu_power=0.138231 cpu_power=0.138231 gpu_threshold=0.145937 cpu_threshold=0.137352
detection_mismatch sample_index=81 flat_index=29363 doppler=57 range=179 cfar_cell=valid gpu_detection=0 cpu_detection=1 gpu_power=0.0749506 cpu_power=0.074951 gpu_threshold=0.103014 cpu_threshold=0.0600917
detection_mismatch sample_index=81 flat_index=29364 doppler=57 range=180 cfar_cell=valid gpu_detection=0 cpu_detection=1 gpu_power=0.0856762 cpu_power=0.0856767 gpu_threshold=0.111599 cpu_threshold=0.0686762
detection_mismatch sample_index=81 flat_index=29365 doppler=57 range=181 cfar_cell=valid gpu_detection=0 cpu_detection=1 gpu_power=0.0966618 cpu_power=0.0966604 gpu_threshold=0.128768 cpu_threshold=0.0858453
detection_mismatch sample_index=81 flat_index=30934 doppler=60 range=214 cfar_cell=valid gpu_detection=0 cpu_detection=1 gpu_power=0.100427 cpu_power=0.100427 gpu_threshold=0.103014 cpu_threshold=0.0944298
sample_index=81 step=step1 cpu_ms=2.41476 gpu_ms=0.947916 relative_l2=2.10803e-06 cpu_heap_peak=7208144 cpu_rss_peak=84516864 gpu_peak=357777408 status=PASS
sample_index=81 step=step2 cpu_ms=135.632 gpu_ms=1.51133 relative_l2=2.54296e-07 cpu_heap_peak=7470304 cpu_rss_peak=84516864 gpu_peak=357777408 status=PASS
sample_index=81 step=step3 cpu_ms=172.883 gpu_ms=1.06364 relative_l2=6.76648e-07 cpu_heap_peak=7732720 cpu_rss_peak=84516864 gpu_peak=357777408 status=PASS
sample_index=81 step=step4 cpu_ms=3.51714 gpu_ms=1.09693 relative_l2=1.91856e-07 cpu_heap_peak=8060624 cpu_rss_peak=84516864 gpu_peak=357777408 status=PASS
sample_index=81 step=step5 cpu_ms=417.631 gpu_ms=5.97427 relative_l2=2.43858e-07 cpu_heap_peak=8587008 cpu_rss_peak=84516864 gpu_peak=357777408 status=PASS
sample_index=81 cpu_pipeline_ms=732.286 gpu_pipeline_ms=11.1454 cuda_event_aux_sum_ms=6.30196 relative_l2=2.25882e-06 relative_linf=9.58014e-06 detection_mismatch_count=12 valid_detection_mismatch_count=12 boundary_detection_mismatch_count=0 mse=1.4118e-05 rmse=0.0037574 formal_relative_l2=2.25882e-06 formal_relative_linf=9.8883e-06 semantic_gates=5/5 accuracy_status=PASS
detection_mismatch_summary sample_index=82 total=12 valid=12 boundary=0
detection_mismatch sample_index=82 flat_index=18121 doppler=35 range=201 cfar_cell=valid gpu_detection=1 cpu_detection=0 gpu_power=0.1727 cpu_power=0.172697 gpu_threshold=0.171691 cpu_threshold=0.180275
detection_mismatch sample_index=82 flat_index=19231 doppler=37 range=287 cfar_cell=valid gpu_detection=1 cpu_detection=0 gpu_power=0.168287 cpu_power=0.168288 gpu_threshold=0.163106 cpu_threshold=0.171691
detection_mismatch sample_index=82 flat_index=19644 doppler=38 range=188 cfar_cell=valid gpu_detection=0 cpu_detection=1 gpu_power=0.129183 cpu_power=0.12918 gpu_threshold=0.137352 cpu_threshold=0.128768
detection_mismatch sample_index=82 flat_index=24750 doppler=48 range=174 cfar_cell=valid gpu_detection=1 cpu_detection=0 gpu_power=0.134319 cpu_power=0.134313 gpu_threshold=0.113745 cpu_threshold=0.138426
detection_mismatch sample_index=82 flat_index=25261 doppler=49 range=173 cfar_cell=valid gpu_detection=1 cpu_detection=0 gpu_power=0.146269 cpu_power=0.146253 gpu_threshold=0.127427 cpu_threshold=0.157741
detection_mismatch sample_index=82 flat_index=25262 doppler=49 range=174 cfar_cell=valid gpu_detection=1 cpu_detection=0 gpu_power=0.142449 cpu_power=0.142448 gpu_threshold=0.123939 cpu_threshold=0.157741
detection_mismatch sample_index=82 flat_index=26320 doppler=51 range=208 cfar_cell=valid gpu_detection=0 cpu_detection=1 gpu_power=0.0439611 cpu_power=0.0439566 gpu_threshold=0.0515072 cpu_threshold=0.0429226
detection_mismatch sample_index=82 flat_index=28931 doppler=56 range=259 cfar_cell=valid gpu_detection=0 cpu_detection=1 gpu_power=0.138231 cpu_power=0.138231 gpu_threshold=0.145937 cpu_threshold=0.137352
detection_mismatch sample_index=82 flat_index=29363 doppler=57 range=179 cfar_cell=valid gpu_detection=0 cpu_detection=1 gpu_power=0.0749506 cpu_power=0.074951 gpu_threshold=0.103014 cpu_threshold=0.0600917
detection_mismatch sample_index=82 flat_index=29364 doppler=57 range=180 cfar_cell=valid gpu_detection=0 cpu_detection=1 gpu_power=0.0856762 cpu_power=0.0856767 gpu_threshold=0.111599 cpu_threshold=0.0686762
detection_mismatch sample_index=82 flat_index=29365 doppler=57 range=181 cfar_cell=valid gpu_detection=0 cpu_detection=1 gpu_power=0.0966618 cpu_power=0.0966604 gpu_threshold=0.128768 cpu_threshold=0.0858453
detection_mismatch sample_index=82 flat_index=30934 doppler=60 range=214 cfar_cell=valid gpu_detection=0 cpu_detection=1 gpu_power=0.100427 cpu_power=0.100427 gpu_threshold=0.103014 cpu_threshold=0.0944298
sample_index=82 step=step1 cpu_ms=2.41687 gpu_ms=0.889536 relative_l2=2.10803e-06 cpu_heap_peak=7208976 cpu_rss_peak=84373504 gpu_peak=357777408 status=PASS
sample_index=82 step=step2 cpu_ms=135.742 gpu_ms=1.41794 relative_l2=2.54296e-07 cpu_heap_peak=7471136 cpu_rss_peak=84373504 gpu_peak=357777408 status=PASS
sample_index=82 step=step3 cpu_ms=176.222 gpu_ms=1.00586 relative_l2=6.76648e-07 cpu_heap_peak=7733552 cpu_rss_peak=84373504 gpu_peak=357777408 status=PASS
sample_index=82 step=step4 cpu_ms=3.53373 gpu_ms=1.0795 relative_l2=1.91856e-07 cpu_heap_peak=8061456 cpu_rss_peak=84373504 gpu_peak=357777408 status=PASS
sample_index=82 step=step5 cpu_ms=417.621 gpu_ms=6.03867 relative_l2=2.43858e-07 cpu_heap_peak=8587824 cpu_rss_peak=84373504 gpu_peak=357777408 status=PASS
sample_index=82 cpu_pipeline_ms=735.736 gpu_pipeline_ms=10.8987 cuda_event_aux_sum_ms=6.32144 relative_l2=2.25882e-06 relative_linf=9.58014e-06 detection_mismatch_count=12 valid_detection_mismatch_count=12 boundary_detection_mismatch_count=0 mse=1.4118e-05 rmse=0.0037574 formal_relative_l2=2.25882e-06 formal_relative_linf=9.8883e-06 semantic_gates=5/5 accuracy_status=PASS
detection_mismatch_summary sample_index=83 total=12 valid=12 boundary=0
detection_mismatch sample_index=83 flat_index=18121 doppler=35 range=201 cfar_cell=valid gpu_detection=1 cpu_detection=0 gpu_power=0.1727 cpu_power=0.172697 gpu_threshold=0.171691 cpu_threshold=0.180275
detection_mismatch sample_index=83 flat_index=19231 doppler=37 range=287 cfar_cell=valid gpu_detection=1 cpu_detection=0 gpu_power=0.168287 cpu_power=0.168288 gpu_threshold=0.163106 cpu_threshold=0.171691
detection_mismatch sample_index=83 flat_index=19644 doppler=38 range=188 cfar_cell=valid gpu_detection=0 cpu_detection=1 gpu_power=0.129183 cpu_power=0.12918 gpu_threshold=0.137352 cpu_threshold=0.128768
detection_mismatch sample_index=83 flat_index=24750 doppler=48 range=174 cfar_cell=valid gpu_detection=1 cpu_detection=0 gpu_power=0.134319 cpu_power=0.134313 gpu_threshold=0.113745 cpu_threshold=0.138426
detection_mismatch sample_index=83 flat_index=25261 doppler=49 range=173 cfar_cell=valid gpu_detection=1 cpu_detection=0 gpu_power=0.146269 cpu_power=0.146253 gpu_threshold=0.127427 cpu_threshold=0.157741
detection_mismatch sample_index=83 flat_index=25262 doppler=49 range=174 cfar_cell=valid gpu_detection=1 cpu_detection=0 gpu_power=0.142449 cpu_power=0.142448 gpu_threshold=0.123939 cpu_threshold=0.157741
detection_mismatch sample_index=83 flat_index=26320 doppler=51 range=208 cfar_cell=valid gpu_detection=0 cpu_detection=1 gpu_power=0.0439611 cpu_power=0.0439566 gpu_threshold=0.0515072 cpu_threshold=0.0429226
detection_mismatch sample_index=83 flat_index=28931 doppler=56 range=259 cfar_cell=valid gpu_detection=0 cpu_detection=1 gpu_power=0.138231 cpu_power=0.138231 gpu_threshold=0.145937 cpu_threshold=0.137352
detection_mismatch sample_index=83 flat_index=29363 doppler=57 range=179 cfar_cell=valid gpu_detection=0 cpu_detection=1 gpu_power=0.0749506 cpu_power=0.074951 gpu_threshold=0.103014 cpu_threshold=0.0600917
detection_mismatch sample_index=83 flat_index=29364 doppler=57 range=180 cfar_cell=valid gpu_detection=0 cpu_detection=1 gpu_power=0.0856762 cpu_power=0.0856767 gpu_threshold=0.111599 cpu_threshold=0.0686762
detection_mismatch sample_index=83 flat_index=29365 doppler=57 range=181 cfar_cell=valid gpu_detection=0 cpu_detection=1 gpu_power=0.0966618 cpu_power=0.0966604 gpu_threshold=0.128768 cpu_threshold=0.0858453
detection_mismatch sample_index=83 flat_index=30934 doppler=60 range=214 cfar_cell=valid gpu_detection=0 cpu_detection=1 gpu_power=0.100427 cpu_power=0.100427 gpu_threshold=0.103014 cpu_threshold=0.0944298
sample_index=83 step=step1 cpu_ms=2.41635 gpu_ms=0.897506 relative_l2=2.10803e-06 cpu_heap_peak=7208576 cpu_rss_peak=84377600 gpu_peak=357777408 status=PASS
sample_index=83 step=step2 cpu_ms=135.909 gpu_ms=1.4372 relative_l2=2.54296e-07 cpu_heap_peak=7470736 cpu_rss_peak=84377600 gpu_peak=357777408 status=PASS
sample_index=83 step=step3 cpu_ms=172.971 gpu_ms=1.00642 relative_l2=6.76648e-07 cpu_heap_peak=7733152 cpu_rss_peak=84377600 gpu_peak=357777408 status=PASS
sample_index=83 step=step4 cpu_ms=3.51884 gpu_ms=1.07928 relative_l2=1.91856e-07 cpu_heap_peak=8061056 cpu_rss_peak=84377600 gpu_peak=357777408 status=PASS
sample_index=83 step=step5 cpu_ms=417.668 gpu_ms=6.00324 relative_l2=2.43858e-07 cpu_heap_peak=8587440 cpu_rss_peak=84377600 gpu_peak=357777408 status=PASS
sample_index=83 cpu_pipeline_ms=732.682 gpu_pipeline_ms=10.8895 cuda_event_aux_sum_ms=6.29799 relative_l2=2.25882e-06 relative_linf=9.58014e-06 detection_mismatch_count=12 valid_detection_mismatch_count=12 boundary_detection_mismatch_count=0 mse=1.4118e-05 rmse=0.0037574 formal_relative_l2=2.25882e-06 formal_relative_linf=9.8883e-06 semantic_gates=5/5 accuracy_status=PASS
detection_mismatch_summary sample_index=84 total=12 valid=12 boundary=0
detection_mismatch sample_index=84 flat_index=18121 doppler=35 range=201 cfar_cell=valid gpu_detection=1 cpu_detection=0 gpu_power=0.1727 cpu_power=0.172697 gpu_threshold=0.171691 cpu_threshold=0.180275
detection_mismatch sample_index=84 flat_index=19231 doppler=37 range=287 cfar_cell=valid gpu_detection=1 cpu_detection=0 gpu_power=0.168287 cpu_power=0.168288 gpu_threshold=0.163106 cpu_threshold=0.171691
detection_mismatch sample_index=84 flat_index=19644 doppler=38 range=188 cfar_cell=valid gpu_detection=0 cpu_detection=1 gpu_power=0.129183 cpu_power=0.12918 gpu_threshold=0.137352 cpu_threshold=0.128768
detection_mismatch sample_index=84 flat_index=24750 doppler=48 range=174 cfar_cell=valid gpu_detection=1 cpu_detection=0 gpu_power=0.134319 cpu_power=0.134313 gpu_threshold=0.113745 cpu_threshold=0.138426
detection_mismatch sample_index=84 flat_index=25261 doppler=49 range=173 cfar_cell=valid gpu_detection=1 cpu_detection=0 gpu_power=0.146269 cpu_power=0.146253 gpu_threshold=0.127427 cpu_threshold=0.157741
detection_mismatch sample_index=84 flat_index=25262 doppler=49 range=174 cfar_cell=valid gpu_detection=1 cpu_detection=0 gpu_power=0.142449 cpu_power=0.142448 gpu_threshold=0.123939 cpu_threshold=0.157741
detection_mismatch sample_index=84 flat_index=26320 doppler=51 range=208 cfar_cell=valid gpu_detection=0 cpu_detection=1 gpu_power=0.0439611 cpu_power=0.0439566 gpu_threshold=0.0515072 cpu_threshold=0.0429226
detection_mismatch sample_index=84 flat_index=28931 doppler=56 range=259 cfar_cell=valid gpu_detection=0 cpu_detection=1 gpu_power=0.138231 cpu_power=0.138231 gpu_threshold=0.145937 cpu_threshold=0.137352
detection_mismatch sample_index=84 flat_index=29363 doppler=57 range=179 cfar_cell=valid gpu_detection=0 cpu_detection=1 gpu_power=0.0749506 cpu_power=0.074951 gpu_threshold=0.103014 cpu_threshold=0.0600917
detection_mismatch sample_index=84 flat_index=29364 doppler=57 range=180 cfar_cell=valid gpu_detection=0 cpu_detection=1 gpu_power=0.0856762 cpu_power=0.0856767 gpu_threshold=0.111599 cpu_threshold=0.0686762
detection_mismatch sample_index=84 flat_index=29365 doppler=57 range=181 cfar_cell=valid gpu_detection=0 cpu_detection=1 gpu_power=0.0966618 cpu_power=0.0966604 gpu_threshold=0.128768 cpu_threshold=0.0858453
detection_mismatch sample_index=84 flat_index=30934 doppler=60 range=214 cfar_cell=valid gpu_detection=0 cpu_detection=1 gpu_power=0.100427 cpu_power=0.100427 gpu_threshold=0.103014 cpu_threshold=0.0944298
sample_index=84 step=step1 cpu_ms=2.42988 gpu_ms=0.834155 relative_l2=2.10803e-06 cpu_heap_peak=7208800 cpu_rss_peak=84377600 gpu_peak=357777408 status=PASS
sample_index=84 step=step2 cpu_ms=135.712 gpu_ms=1.42489 relative_l2=2.54296e-07 cpu_heap_peak=7470960 cpu_rss_peak=84377600 gpu_peak=357777408 status=PASS
sample_index=84 step=step3 cpu_ms=172.5 gpu_ms=1.04831 relative_l2=6.76648e-07 cpu_heap_peak=7733376 cpu_rss_peak=84377600 gpu_peak=357777408 status=PASS
sample_index=84 step=step4 cpu_ms=3.52043 gpu_ms=1.07966 relative_l2=1.91856e-07 cpu_heap_peak=8061280 cpu_rss_peak=84377600 gpu_peak=357777408 status=PASS
sample_index=84 step=step5 cpu_ms=417.609 gpu_ms=6.10702 relative_l2=2.43858e-07 cpu_heap_peak=8587664 cpu_rss_peak=84377600 gpu_peak=357777408 status=PASS
sample_index=84 cpu_pipeline_ms=731.974 gpu_pipeline_ms=10.9594 cuda_event_aux_sum_ms=6.39521 relative_l2=2.25882e-06 relative_linf=9.58014e-06 detection_mismatch_count=12 valid_detection_mismatch_count=12 boundary_detection_mismatch_count=0 mse=1.4118e-05 rmse=0.0037574 formal_relative_l2=2.25882e-06 formal_relative_linf=9.8883e-06 semantic_gates=5/5 accuracy_status=PASS
detection_mismatch_summary sample_index=85 total=12 valid=12 boundary=0
detection_mismatch sample_index=85 flat_index=18121 doppler=35 range=201 cfar_cell=valid gpu_detection=1 cpu_detection=0 gpu_power=0.1727 cpu_power=0.172697 gpu_threshold=0.171691 cpu_threshold=0.180275
detection_mismatch sample_index=85 flat_index=19231 doppler=37 range=287 cfar_cell=valid gpu_detection=1 cpu_detection=0 gpu_power=0.168287 cpu_power=0.168288 gpu_threshold=0.163106 cpu_threshold=0.171691
detection_mismatch sample_index=85 flat_index=19644 doppler=38 range=188 cfar_cell=valid gpu_detection=0 cpu_detection=1 gpu_power=0.129183 cpu_power=0.12918 gpu_threshold=0.137352 cpu_threshold=0.128768
detection_mismatch sample_index=85 flat_index=24750 doppler=48 range=174 cfar_cell=valid gpu_detection=1 cpu_detection=0 gpu_power=0.134319 cpu_power=0.134313 gpu_threshold=0.113745 cpu_threshold=0.138426
detection_mismatch sample_index=85 flat_index=25261 doppler=49 range=173 cfar_cell=valid gpu_detection=1 cpu_detection=0 gpu_power=0.146269 cpu_power=0.146253 gpu_threshold=0.127427 cpu_threshold=0.157741
detection_mismatch sample_index=85 flat_index=25262 doppler=49 range=174 cfar_cell=valid gpu_detection=1 cpu_detection=0 gpu_power=0.142449 cpu_power=0.142448 gpu_threshold=0.123939 cpu_threshold=0.157741
detection_mismatch sample_index=85 flat_index=26320 doppler=51 range=208 cfar_cell=valid gpu_detection=0 cpu_detection=1 gpu_power=0.0439611 cpu_power=0.0439566 gpu_threshold=0.0515072 cpu_threshold=0.0429226
detection_mismatch sample_index=85 flat_index=28931 doppler=56 range=259 cfar_cell=valid gpu_detection=0 cpu_detection=1 gpu_power=0.138231 cpu_power=0.138231 gpu_threshold=0.145937 cpu_threshold=0.137352
detection_mismatch sample_index=85 flat_index=29363 doppler=57 range=179 cfar_cell=valid gpu_detection=0 cpu_detection=1 gpu_power=0.0749506 cpu_power=0.074951 gpu_threshold=0.103014 cpu_threshold=0.0600917
detection_mismatch sample_index=85 flat_index=29364 doppler=57 range=180 cfar_cell=valid gpu_detection=0 cpu_detection=1 gpu_power=0.0856762 cpu_power=0.0856767 gpu_threshold=0.111599 cpu_threshold=0.0686762
detection_mismatch sample_index=85 flat_index=29365 doppler=57 range=181 cfar_cell=valid gpu_detection=0 cpu_detection=1 gpu_power=0.0966618 cpu_power=0.0966604 gpu_threshold=0.128768 cpu_threshold=0.0858453
detection_mismatch sample_index=85 flat_index=30934 doppler=60 range=214 cfar_cell=valid gpu_detection=0 cpu_detection=1 gpu_power=0.100427 cpu_power=0.100427 gpu_threshold=0.103014 cpu_threshold=0.0944298
sample_index=85 step=step1 cpu_ms=2.42755 gpu_ms=0.886306 relative_l2=2.10803e-06 cpu_heap_peak=7209312 cpu_rss_peak=84369408 gpu_peak=357777408 status=PASS
sample_index=85 step=step2 cpu_ms=135.528 gpu_ms=1.42439 relative_l2=2.54296e-07 cpu_heap_peak=7471472 cpu_rss_peak=84369408 gpu_peak=357777408 status=PASS
sample_index=85 step=step3 cpu_ms=173.089 gpu_ms=1.00456 relative_l2=6.76648e-07 cpu_heap_peak=7733888 cpu_rss_peak=84369408 gpu_peak=357777408 status=PASS
sample_index=85 step=step4 cpu_ms=3.52241 gpu_ms=1.0654 relative_l2=1.91856e-07 cpu_heap_peak=8061792 cpu_rss_peak=84369408 gpu_peak=357777408 status=PASS
sample_index=85 step=step5 cpu_ms=417.536 gpu_ms=5.93376 relative_l2=2.43858e-07 cpu_heap_peak=8588176 cpu_rss_peak=84369408 gpu_peak=357777408 status=PASS
sample_index=85 cpu_pipeline_ms=732.3 gpu_pipeline_ms=10.7889 cuda_event_aux_sum_ms=6.29073 relative_l2=2.25882e-06 relative_linf=9.58014e-06 detection_mismatch_count=12 valid_detection_mismatch_count=12 boundary_detection_mismatch_count=0 mse=1.4118e-05 rmse=0.0037574 formal_relative_l2=2.25882e-06 formal_relative_linf=9.8883e-06 semantic_gates=5/5 accuracy_status=PASS
detection_mismatch_summary sample_index=86 total=12 valid=12 boundary=0
detection_mismatch sample_index=86 flat_index=18121 doppler=35 range=201 cfar_cell=valid gpu_detection=1 cpu_detection=0 gpu_power=0.1727 cpu_power=0.172697 gpu_threshold=0.171691 cpu_threshold=0.180275
detection_mismatch sample_index=86 flat_index=19231 doppler=37 range=287 cfar_cell=valid gpu_detection=1 cpu_detection=0 gpu_power=0.168287 cpu_power=0.168288 gpu_threshold=0.163106 cpu_threshold=0.171691
detection_mismatch sample_index=86 flat_index=19644 doppler=38 range=188 cfar_cell=valid gpu_detection=0 cpu_detection=1 gpu_power=0.129183 cpu_power=0.12918 gpu_threshold=0.137352 cpu_threshold=0.128768
detection_mismatch sample_index=86 flat_index=24750 doppler=48 range=174 cfar_cell=valid gpu_detection=1 cpu_detection=0 gpu_power=0.134319 cpu_power=0.134313 gpu_threshold=0.113745 cpu_threshold=0.138426
detection_mismatch sample_index=86 flat_index=25261 doppler=49 range=173 cfar_cell=valid gpu_detection=1 cpu_detection=0 gpu_power=0.146269 cpu_power=0.146253 gpu_threshold=0.127427 cpu_threshold=0.157741
detection_mismatch sample_index=86 flat_index=25262 doppler=49 range=174 cfar_cell=valid gpu_detection=1 cpu_detection=0 gpu_power=0.142449 cpu_power=0.142448 gpu_threshold=0.123939 cpu_threshold=0.157741
detection_mismatch sample_index=86 flat_index=26320 doppler=51 range=208 cfar_cell=valid gpu_detection=0 cpu_detection=1 gpu_power=0.0439611 cpu_power=0.0439566 gpu_threshold=0.0515072 cpu_threshold=0.0429226
detection_mismatch sample_index=86 flat_index=28931 doppler=56 range=259 cfar_cell=valid gpu_detection=0 cpu_detection=1 gpu_power=0.138231 cpu_power=0.138231 gpu_threshold=0.145937 cpu_threshold=0.137352
detection_mismatch sample_index=86 flat_index=29363 doppler=57 range=179 cfar_cell=valid gpu_detection=0 cpu_detection=1 gpu_power=0.0749506 cpu_power=0.074951 gpu_threshold=0.103014 cpu_threshold=0.0600917
detection_mismatch sample_index=86 flat_index=29364 doppler=57 range=180 cfar_cell=valid gpu_detection=0 cpu_detection=1 gpu_power=0.0856762 cpu_power=0.0856767 gpu_threshold=0.111599 cpu_threshold=0.0686762
detection_mismatch sample_index=86 flat_index=29365 doppler=57 range=181 cfar_cell=valid gpu_detection=0 cpu_detection=1 gpu_power=0.0966618 cpu_power=0.0966604 gpu_threshold=0.128768 cpu_threshold=0.0858453
detection_mismatch sample_index=86 flat_index=30934 doppler=60 range=214 cfar_cell=valid gpu_detection=0 cpu_detection=1 gpu_power=0.100427 cpu_power=0.100427 gpu_threshold=0.103014 cpu_threshold=0.0944298
sample_index=86 step=step1 cpu_ms=2.43619 gpu_ms=0.897885 relative_l2=2.10803e-06 cpu_heap_peak=7208768 cpu_rss_peak=84377600 gpu_peak=357777408 status=PASS
sample_index=86 step=step2 cpu_ms=135.619 gpu_ms=1.59967 relative_l2=2.54296e-07 cpu_heap_peak=7470928 cpu_rss_peak=84377600 gpu_peak=357777408 status=PASS
sample_index=86 step=step3 cpu_ms=173.043 gpu_ms=1.04181 relative_l2=6.76648e-07 cpu_heap_peak=7733344 cpu_rss_peak=84377600 gpu_peak=357777408 status=PASS
sample_index=86 step=step4 cpu_ms=3.53049 gpu_ms=1.06938 relative_l2=1.91856e-07 cpu_heap_peak=8061248 cpu_rss_peak=84377600 gpu_peak=357777408 status=PASS
sample_index=86 step=step5 cpu_ms=417.475 gpu_ms=6.03062 relative_l2=2.43858e-07 cpu_heap_peak=8587616 cpu_rss_peak=84377600 gpu_peak=357777408 status=PASS
sample_index=86 cpu_pipeline_ms=732.302 gpu_pipeline_ms=11.1042 cuda_event_aux_sum_ms=6.47896 relative_l2=2.25882e-06 relative_linf=9.58014e-06 detection_mismatch_count=12 valid_detection_mismatch_count=12 boundary_detection_mismatch_count=0 mse=1.4118e-05 rmse=0.0037574 formal_relative_l2=2.25882e-06 formal_relative_linf=9.8883e-06 semantic_gates=5/5 accuracy_status=PASS
detection_mismatch_summary sample_index=87 total=12 valid=12 boundary=0
detection_mismatch sample_index=87 flat_index=18121 doppler=35 range=201 cfar_cell=valid gpu_detection=1 cpu_detection=0 gpu_power=0.1727 cpu_power=0.172697 gpu_threshold=0.171691 cpu_threshold=0.180275
detection_mismatch sample_index=87 flat_index=19231 doppler=37 range=287 cfar_cell=valid gpu_detection=1 cpu_detection=0 gpu_power=0.168287 cpu_power=0.168288 gpu_threshold=0.163106 cpu_threshold=0.171691
detection_mismatch sample_index=87 flat_index=19644 doppler=38 range=188 cfar_cell=valid gpu_detection=0 cpu_detection=1 gpu_power=0.129183 cpu_power=0.12918 gpu_threshold=0.137352 cpu_threshold=0.128768
detection_mismatch sample_index=87 flat_index=24750 doppler=48 range=174 cfar_cell=valid gpu_detection=1 cpu_detection=0 gpu_power=0.134319 cpu_power=0.134313 gpu_threshold=0.113745 cpu_threshold=0.138426
detection_mismatch sample_index=87 flat_index=25261 doppler=49 range=173 cfar_cell=valid gpu_detection=1 cpu_detection=0 gpu_power=0.146269 cpu_power=0.146253 gpu_threshold=0.127427 cpu_threshold=0.157741
detection_mismatch sample_index=87 flat_index=25262 doppler=49 range=174 cfar_cell=valid gpu_detection=1 cpu_detection=0 gpu_power=0.142449 cpu_power=0.142448 gpu_threshold=0.123939 cpu_threshold=0.157741
detection_mismatch sample_index=87 flat_index=26320 doppler=51 range=208 cfar_cell=valid gpu_detection=0 cpu_detection=1 gpu_power=0.0439611 cpu_power=0.0439566 gpu_threshold=0.0515072 cpu_threshold=0.0429226
detection_mismatch sample_index=87 flat_index=28931 doppler=56 range=259 cfar_cell=valid gpu_detection=0 cpu_detection=1 gpu_power=0.138231 cpu_power=0.138231 gpu_threshold=0.145937 cpu_threshold=0.137352
detection_mismatch sample_index=87 flat_index=29363 doppler=57 range=179 cfar_cell=valid gpu_detection=0 cpu_detection=1 gpu_power=0.0749506 cpu_power=0.074951 gpu_threshold=0.103014 cpu_threshold=0.0600917
detection_mismatch sample_index=87 flat_index=29364 doppler=57 range=180 cfar_cell=valid gpu_detection=0 cpu_detection=1 gpu_power=0.0856762 cpu_power=0.0856767 gpu_threshold=0.111599 cpu_threshold=0.0686762
detection_mismatch sample_index=87 flat_index=29365 doppler=57 range=181 cfar_cell=valid gpu_detection=0 cpu_detection=1 gpu_power=0.0966618 cpu_power=0.0966604 gpu_threshold=0.128768 cpu_threshold=0.0858453
detection_mismatch sample_index=87 flat_index=30934 doppler=60 range=214 cfar_cell=valid gpu_detection=0 cpu_detection=1 gpu_power=0.100427 cpu_power=0.100427 gpu_threshold=0.103014 cpu_threshold=0.0944298
sample_index=87 step=step1 cpu_ms=2.41784 gpu_ms=0.886536 relative_l2=2.10803e-06 cpu_heap_peak=7209440 cpu_rss_peak=84369408 gpu_peak=357777408 status=PASS
sample_index=87 step=step2 cpu_ms=135.622 gpu_ms=1.41879 relative_l2=2.54296e-07 cpu_heap_peak=7471600 cpu_rss_peak=84369408 gpu_peak=357777408 status=PASS
sample_index=87 step=step3 cpu_ms=173.096 gpu_ms=1.00828 relative_l2=6.76648e-07 cpu_heap_peak=7734016 cpu_rss_peak=84369408 gpu_peak=357777408 status=PASS
sample_index=87 step=step4 cpu_ms=3.51567 gpu_ms=1.07665 relative_l2=1.91856e-07 cpu_heap_peak=8061920 cpu_rss_peak=84369408 gpu_peak=357777408 status=PASS
sample_index=87 step=step5 cpu_ms=417.587 gpu_ms=5.99549 relative_l2=2.43858e-07 cpu_heap_peak=8588304 cpu_rss_peak=84369408 gpu_peak=357777408 status=PASS
sample_index=87 cpu_pipeline_ms=732.438 gpu_pipeline_ms=10.8491 cuda_event_aux_sum_ms=6.28035 relative_l2=2.25882e-06 relative_linf=9.58014e-06 detection_mismatch_count=12 valid_detection_mismatch_count=12 boundary_detection_mismatch_count=0 mse=1.4118e-05 rmse=0.0037574 formal_relative_l2=2.25882e-06 formal_relative_linf=9.8883e-06 semantic_gates=5/5 accuracy_status=PASS
detection_mismatch_summary sample_index=88 total=12 valid=12 boundary=0
detection_mismatch sample_index=88 flat_index=18121 doppler=35 range=201 cfar_cell=valid gpu_detection=1 cpu_detection=0 gpu_power=0.1727 cpu_power=0.172697 gpu_threshold=0.171691 cpu_threshold=0.180275
detection_mismatch sample_index=88 flat_index=19231 doppler=37 range=287 cfar_cell=valid gpu_detection=1 cpu_detection=0 gpu_power=0.168287 cpu_power=0.168288 gpu_threshold=0.163106 cpu_threshold=0.171691
detection_mismatch sample_index=88 flat_index=19644 doppler=38 range=188 cfar_cell=valid gpu_detection=0 cpu_detection=1 gpu_power=0.129183 cpu_power=0.12918 gpu_threshold=0.137352 cpu_threshold=0.128768
detection_mismatch sample_index=88 flat_index=24750 doppler=48 range=174 cfar_cell=valid gpu_detection=1 cpu_detection=0 gpu_power=0.134319 cpu_power=0.134313 gpu_threshold=0.113745 cpu_threshold=0.138426
detection_mismatch sample_index=88 flat_index=25261 doppler=49 range=173 cfar_cell=valid gpu_detection=1 cpu_detection=0 gpu_power=0.146269 cpu_power=0.146253 gpu_threshold=0.127427 cpu_threshold=0.157741
detection_mismatch sample_index=88 flat_index=25262 doppler=49 range=174 cfar_cell=valid gpu_detection=1 cpu_detection=0 gpu_power=0.142449 cpu_power=0.142448 gpu_threshold=0.123939 cpu_threshold=0.157741
detection_mismatch sample_index=88 flat_index=26320 doppler=51 range=208 cfar_cell=valid gpu_detection=0 cpu_detection=1 gpu_power=0.0439611 cpu_power=0.0439566 gpu_threshold=0.0515072 cpu_threshold=0.0429226
detection_mismatch sample_index=88 flat_index=28931 doppler=56 range=259 cfar_cell=valid gpu_detection=0 cpu_detection=1 gpu_power=0.138231 cpu_power=0.138231 gpu_threshold=0.145937 cpu_threshold=0.137352
detection_mismatch sample_index=88 flat_index=29363 doppler=57 range=179 cfar_cell=valid gpu_detection=0 cpu_detection=1 gpu_power=0.0749506 cpu_power=0.074951 gpu_threshold=0.103014 cpu_threshold=0.0600917
detection_mismatch sample_index=88 flat_index=29364 doppler=57 range=180 cfar_cell=valid gpu_detection=0 cpu_detection=1 gpu_power=0.0856762 cpu_power=0.0856767 gpu_threshold=0.111599 cpu_threshold=0.0686762
detection_mismatch sample_index=88 flat_index=29365 doppler=57 range=181 cfar_cell=valid gpu_detection=0 cpu_detection=1 gpu_power=0.0966618 cpu_power=0.0966604 gpu_threshold=0.128768 cpu_threshold=0.0858453
detection_mismatch sample_index=88 flat_index=30934 doppler=60 range=214 cfar_cell=valid gpu_detection=0 cpu_detection=1 gpu_power=0.100427 cpu_power=0.100427 gpu_threshold=0.103014 cpu_threshold=0.0944298
sample_index=88 step=step1 cpu_ms=2.41479 gpu_ms=0.911906 relative_l2=2.10803e-06 cpu_heap_peak=7209104 cpu_rss_peak=84369408 gpu_peak=357777408 status=PASS
sample_index=88 step=step2 cpu_ms=135.652 gpu_ms=1.42018 relative_l2=2.54296e-07 cpu_heap_peak=7471264 cpu_rss_peak=84369408 gpu_peak=357777408 status=PASS
sample_index=88 step=step3 cpu_ms=172.557 gpu_ms=1.00155 relative_l2=6.76648e-07 cpu_heap_peak=7733680 cpu_rss_peak=84369408 gpu_peak=357777408 status=PASS
sample_index=88 step=step4 cpu_ms=3.52927 gpu_ms=1.08078 relative_l2=1.91856e-07 cpu_heap_peak=8061584 cpu_rss_peak=84369408 gpu_peak=357777408 status=PASS
sample_index=88 step=step5 cpu_ms=417.3 gpu_ms=5.96171 relative_l2=2.43858e-07 cpu_heap_peak=8587968 cpu_rss_peak=84369408 gpu_peak=357777408 status=PASS
sample_index=88 cpu_pipeline_ms=731.652 gpu_pipeline_ms=10.8308 cuda_event_aux_sum_ms=6.3283 relative_l2=2.25882e-06 relative_linf=9.58014e-06 detection_mismatch_count=12 valid_detection_mismatch_count=12 boundary_detection_mismatch_count=0 mse=1.4118e-05 rmse=0.0037574 formal_relative_l2=2.25882e-06 formal_relative_linf=9.8883e-06 semantic_gates=5/5 accuracy_status=PASS
detection_mismatch_summary sample_index=89 total=12 valid=12 boundary=0
detection_mismatch sample_index=89 flat_index=18121 doppler=35 range=201 cfar_cell=valid gpu_detection=1 cpu_detection=0 gpu_power=0.1727 cpu_power=0.172697 gpu_threshold=0.171691 cpu_threshold=0.180275
detection_mismatch sample_index=89 flat_index=19231 doppler=37 range=287 cfar_cell=valid gpu_detection=1 cpu_detection=0 gpu_power=0.168287 cpu_power=0.168288 gpu_threshold=0.163106 cpu_threshold=0.171691
detection_mismatch sample_index=89 flat_index=19644 doppler=38 range=188 cfar_cell=valid gpu_detection=0 cpu_detection=1 gpu_power=0.129183 cpu_power=0.12918 gpu_threshold=0.137352 cpu_threshold=0.128768
detection_mismatch sample_index=89 flat_index=24750 doppler=48 range=174 cfar_cell=valid gpu_detection=1 cpu_detection=0 gpu_power=0.134319 cpu_power=0.134313 gpu_threshold=0.113745 cpu_threshold=0.138426
detection_mismatch sample_index=89 flat_index=25261 doppler=49 range=173 cfar_cell=valid gpu_detection=1 cpu_detection=0 gpu_power=0.146269 cpu_power=0.146253 gpu_threshold=0.127427 cpu_threshold=0.157741
detection_mismatch sample_index=89 flat_index=25262 doppler=49 range=174 cfar_cell=valid gpu_detection=1 cpu_detection=0 gpu_power=0.142449 cpu_power=0.142448 gpu_threshold=0.123939 cpu_threshold=0.157741
detection_mismatch sample_index=89 flat_index=26320 doppler=51 range=208 cfar_cell=valid gpu_detection=0 cpu_detection=1 gpu_power=0.0439611 cpu_power=0.0439566 gpu_threshold=0.0515072 cpu_threshold=0.0429226
detection_mismatch sample_index=89 flat_index=28931 doppler=56 range=259 cfar_cell=valid gpu_detection=0 cpu_detection=1 gpu_power=0.138231 cpu_power=0.138231 gpu_threshold=0.145937 cpu_threshold=0.137352
detection_mismatch sample_index=89 flat_index=29363 doppler=57 range=179 cfar_cell=valid gpu_detection=0 cpu_detection=1 gpu_power=0.0749506 cpu_power=0.074951 gpu_threshold=0.103014 cpu_threshold=0.0600917
detection_mismatch sample_index=89 flat_index=29364 doppler=57 range=180 cfar_cell=valid gpu_detection=0 cpu_detection=1 gpu_power=0.0856762 cpu_power=0.0856767 gpu_threshold=0.111599 cpu_threshold=0.0686762
detection_mismatch sample_index=89 flat_index=29365 doppler=57 range=181 cfar_cell=valid gpu_detection=0 cpu_detection=1 gpu_power=0.0966618 cpu_power=0.0966604 gpu_threshold=0.128768 cpu_threshold=0.0858453
detection_mismatch sample_index=89 flat_index=30934 doppler=60 range=214 cfar_cell=valid gpu_detection=0 cpu_detection=1 gpu_power=0.100427 cpu_power=0.100427 gpu_threshold=0.103014 cpu_threshold=0.0944298
sample_index=89 step=step1 cpu_ms=2.43744 gpu_ms=0.887915 relative_l2=2.10803e-06 cpu_heap_peak=7208976 cpu_rss_peak=84373504 gpu_peak=357777408 status=PASS
sample_index=89 step=step2 cpu_ms=135.676 gpu_ms=1.41975 relative_l2=2.54296e-07 cpu_heap_peak=7471136 cpu_rss_peak=84373504 gpu_peak=357777408 status=PASS
sample_index=89 step=step3 cpu_ms=173.296 gpu_ms=1.09056 relative_l2=6.76648e-07 cpu_heap_peak=7733552 cpu_rss_peak=84373504 gpu_peak=357777408 status=PASS
sample_index=89 step=step4 cpu_ms=3.53347 gpu_ms=1.08606 relative_l2=1.91856e-07 cpu_heap_peak=8061456 cpu_rss_peak=84373504 gpu_peak=357777408 status=PASS
sample_index=89 step=step5 cpu_ms=417.86 gpu_ms=5.9706 relative_l2=2.43858e-07 cpu_heap_peak=8587824 cpu_rss_peak=84373504 gpu_peak=357777408 status=PASS
sample_index=89 cpu_pipeline_ms=733.003 gpu_pipeline_ms=11.0136 cuda_event_aux_sum_ms=6.28048 relative_l2=2.25882e-06 relative_linf=9.58014e-06 detection_mismatch_count=12 valid_detection_mismatch_count=12 boundary_detection_mismatch_count=0 mse=1.4118e-05 rmse=0.0037574 formal_relative_l2=2.25882e-06 formal_relative_linf=9.8883e-06 semantic_gates=5/5 accuracy_status=PASS
detection_mismatch_summary sample_index=90 total=12 valid=12 boundary=0
detection_mismatch sample_index=90 flat_index=18121 doppler=35 range=201 cfar_cell=valid gpu_detection=1 cpu_detection=0 gpu_power=0.1727 cpu_power=0.172697 gpu_threshold=0.171691 cpu_threshold=0.180275
detection_mismatch sample_index=90 flat_index=19231 doppler=37 range=287 cfar_cell=valid gpu_detection=1 cpu_detection=0 gpu_power=0.168287 cpu_power=0.168288 gpu_threshold=0.163106 cpu_threshold=0.171691
detection_mismatch sample_index=90 flat_index=19644 doppler=38 range=188 cfar_cell=valid gpu_detection=0 cpu_detection=1 gpu_power=0.129183 cpu_power=0.12918 gpu_threshold=0.137352 cpu_threshold=0.128768
detection_mismatch sample_index=90 flat_index=24750 doppler=48 range=174 cfar_cell=valid gpu_detection=1 cpu_detection=0 gpu_power=0.134319 cpu_power=0.134313 gpu_threshold=0.113745 cpu_threshold=0.138426
detection_mismatch sample_index=90 flat_index=25261 doppler=49 range=173 cfar_cell=valid gpu_detection=1 cpu_detection=0 gpu_power=0.146269 cpu_power=0.146253 gpu_threshold=0.127427 cpu_threshold=0.157741
detection_mismatch sample_index=90 flat_index=25262 doppler=49 range=174 cfar_cell=valid gpu_detection=1 cpu_detection=0 gpu_power=0.142449 cpu_power=0.142448 gpu_threshold=0.123939 cpu_threshold=0.157741
detection_mismatch sample_index=90 flat_index=26320 doppler=51 range=208 cfar_cell=valid gpu_detection=0 cpu_detection=1 gpu_power=0.0439611 cpu_power=0.0439566 gpu_threshold=0.0515072 cpu_threshold=0.0429226
detection_mismatch sample_index=90 flat_index=28931 doppler=56 range=259 cfar_cell=valid gpu_detection=0 cpu_detection=1 gpu_power=0.138231 cpu_power=0.138231 gpu_threshold=0.145937 cpu_threshold=0.137352
detection_mismatch sample_index=90 flat_index=29363 doppler=57 range=179 cfar_cell=valid gpu_detection=0 cpu_detection=1 gpu_power=0.0749506 cpu_power=0.074951 gpu_threshold=0.103014 cpu_threshold=0.0600917
detection_mismatch sample_index=90 flat_index=29364 doppler=57 range=180 cfar_cell=valid gpu_detection=0 cpu_detection=1 gpu_power=0.0856762 cpu_power=0.0856767 gpu_threshold=0.111599 cpu_threshold=0.0686762
detection_mismatch sample_index=90 flat_index=29365 doppler=57 range=181 cfar_cell=valid gpu_detection=0 cpu_detection=1 gpu_power=0.0966618 cpu_power=0.0966604 gpu_threshold=0.128768 cpu_threshold=0.0858453
detection_mismatch sample_index=90 flat_index=30934 doppler=60 range=214 cfar_cell=valid gpu_detection=0 cpu_detection=1 gpu_power=0.100427 cpu_power=0.100427 gpu_threshold=0.103014 cpu_threshold=0.0944298
sample_index=90 step=step1 cpu_ms=2.43128 gpu_ms=0.892686 relative_l2=2.10803e-06 cpu_heap_peak=7209264 cpu_rss_peak=84377600 gpu_peak=357777408 status=PASS
sample_index=90 step=step2 cpu_ms=135.644 gpu_ms=1.42347 relative_l2=2.54296e-07 cpu_heap_peak=7471424 cpu_rss_peak=84377600 gpu_peak=357777408 status=PASS
sample_index=90 step=step3 cpu_ms=172.849 gpu_ms=1.04027 relative_l2=6.76648e-07 cpu_heap_peak=7733840 cpu_rss_peak=84377600 gpu_peak=357777408 status=PASS
sample_index=90 step=step4 cpu_ms=3.52304 gpu_ms=1.07783 relative_l2=1.91856e-07 cpu_heap_peak=8061744 cpu_rss_peak=84377600 gpu_peak=357777408 status=PASS
sample_index=90 step=step5 cpu_ms=417.446 gpu_ms=6.03163 relative_l2=2.43858e-07 cpu_heap_peak=8588128 cpu_rss_peak=84377600 gpu_peak=357777408 status=PASS
sample_index=90 cpu_pipeline_ms=732.091 gpu_pipeline_ms=10.9253 cuda_event_aux_sum_ms=6.31151 relative_l2=2.25882e-06 relative_linf=9.58014e-06 detection_mismatch_count=12 valid_detection_mismatch_count=12 boundary_detection_mismatch_count=0 mse=1.4118e-05 rmse=0.0037574 formal_relative_l2=2.25882e-06 formal_relative_linf=9.8883e-06 semantic_gates=5/5 accuracy_status=PASS
detection_mismatch_summary sample_index=91 total=12 valid=12 boundary=0
detection_mismatch sample_index=91 flat_index=18121 doppler=35 range=201 cfar_cell=valid gpu_detection=1 cpu_detection=0 gpu_power=0.1727 cpu_power=0.172697 gpu_threshold=0.171691 cpu_threshold=0.180275
detection_mismatch sample_index=91 flat_index=19231 doppler=37 range=287 cfar_cell=valid gpu_detection=1 cpu_detection=0 gpu_power=0.168287 cpu_power=0.168288 gpu_threshold=0.163106 cpu_threshold=0.171691
detection_mismatch sample_index=91 flat_index=19644 doppler=38 range=188 cfar_cell=valid gpu_detection=0 cpu_detection=1 gpu_power=0.129183 cpu_power=0.12918 gpu_threshold=0.137352 cpu_threshold=0.128768
detection_mismatch sample_index=91 flat_index=24750 doppler=48 range=174 cfar_cell=valid gpu_detection=1 cpu_detection=0 gpu_power=0.134319 cpu_power=0.134313 gpu_threshold=0.113745 cpu_threshold=0.138426
detection_mismatch sample_index=91 flat_index=25261 doppler=49 range=173 cfar_cell=valid gpu_detection=1 cpu_detection=0 gpu_power=0.146269 cpu_power=0.146253 gpu_threshold=0.127427 cpu_threshold=0.157741
detection_mismatch sample_index=91 flat_index=25262 doppler=49 range=174 cfar_cell=valid gpu_detection=1 cpu_detection=0 gpu_power=0.142449 cpu_power=0.142448 gpu_threshold=0.123939 cpu_threshold=0.157741
detection_mismatch sample_index=91 flat_index=26320 doppler=51 range=208 cfar_cell=valid gpu_detection=0 cpu_detection=1 gpu_power=0.0439611 cpu_power=0.0439566 gpu_threshold=0.0515072 cpu_threshold=0.0429226
detection_mismatch sample_index=91 flat_index=28931 doppler=56 range=259 cfar_cell=valid gpu_detection=0 cpu_detection=1 gpu_power=0.138231 cpu_power=0.138231 gpu_threshold=0.145937 cpu_threshold=0.137352
detection_mismatch sample_index=91 flat_index=29363 doppler=57 range=179 cfar_cell=valid gpu_detection=0 cpu_detection=1 gpu_power=0.0749506 cpu_power=0.074951 gpu_threshold=0.103014 cpu_threshold=0.0600917
detection_mismatch sample_index=91 flat_index=29364 doppler=57 range=180 cfar_cell=valid gpu_detection=0 cpu_detection=1 gpu_power=0.0856762 cpu_power=0.0856767 gpu_threshold=0.111599 cpu_threshold=0.0686762
detection_mismatch sample_index=91 flat_index=29365 doppler=57 range=181 cfar_cell=valid gpu_detection=0 cpu_detection=1 gpu_power=0.0966618 cpu_power=0.0966604 gpu_threshold=0.128768 cpu_threshold=0.0858453
detection_mismatch sample_index=91 flat_index=30934 doppler=60 range=214 cfar_cell=valid gpu_detection=0 cpu_detection=1 gpu_power=0.100427 cpu_power=0.100427 gpu_threshold=0.103014 cpu_threshold=0.0944298
sample_index=91 step=step1 cpu_ms=2.43762 gpu_ms=0.900306 relative_l2=2.10803e-06 cpu_heap_peak=7209344 cpu_rss_peak=84369408 gpu_peak=357777408 status=PASS
sample_index=91 step=step2 cpu_ms=135.753 gpu_ms=1.41762 relative_l2=2.54296e-07 cpu_heap_peak=7471504 cpu_rss_peak=84369408 gpu_peak=357777408 status=PASS
sample_index=91 step=step3 cpu_ms=178.888 gpu_ms=1.02628 relative_l2=6.76648e-07 cpu_heap_peak=7733920 cpu_rss_peak=84369408 gpu_peak=357777408 status=PASS
sample_index=91 step=step4 cpu_ms=3.52753 gpu_ms=1.06177 relative_l2=1.91856e-07 cpu_heap_peak=8061824 cpu_rss_peak=84369408 gpu_peak=357777408 status=PASS
sample_index=91 step=step5 cpu_ms=417.625 gpu_ms=5.97995 relative_l2=2.43858e-07 cpu_heap_peak=8588192 cpu_rss_peak=84369408 gpu_peak=357777408 status=PASS
sample_index=91 cpu_pipeline_ms=738.435 gpu_pipeline_ms=10.8509 cuda_event_aux_sum_ms=6.27759 relative_l2=2.25882e-06 relative_linf=9.58014e-06 detection_mismatch_count=12 valid_detection_mismatch_count=12 boundary_detection_mismatch_count=0 mse=1.4118e-05 rmse=0.0037574 formal_relative_l2=2.25882e-06 formal_relative_linf=9.8883e-06 semantic_gates=5/5 accuracy_status=PASS
detection_mismatch_summary sample_index=92 total=12 valid=12 boundary=0
detection_mismatch sample_index=92 flat_index=18121 doppler=35 range=201 cfar_cell=valid gpu_detection=1 cpu_detection=0 gpu_power=0.1727 cpu_power=0.172697 gpu_threshold=0.171691 cpu_threshold=0.180275
detection_mismatch sample_index=92 flat_index=19231 doppler=37 range=287 cfar_cell=valid gpu_detection=1 cpu_detection=0 gpu_power=0.168287 cpu_power=0.168288 gpu_threshold=0.163106 cpu_threshold=0.171691
detection_mismatch sample_index=92 flat_index=19644 doppler=38 range=188 cfar_cell=valid gpu_detection=0 cpu_detection=1 gpu_power=0.129183 cpu_power=0.12918 gpu_threshold=0.137352 cpu_threshold=0.128768
detection_mismatch sample_index=92 flat_index=24750 doppler=48 range=174 cfar_cell=valid gpu_detection=1 cpu_detection=0 gpu_power=0.134319 cpu_power=0.134313 gpu_threshold=0.113745 cpu_threshold=0.138426
detection_mismatch sample_index=92 flat_index=25261 doppler=49 range=173 cfar_cell=valid gpu_detection=1 cpu_detection=0 gpu_power=0.146269 cpu_power=0.146253 gpu_threshold=0.127427 cpu_threshold=0.157741
detection_mismatch sample_index=92 flat_index=25262 doppler=49 range=174 cfar_cell=valid gpu_detection=1 cpu_detection=0 gpu_power=0.142449 cpu_power=0.142448 gpu_threshold=0.123939 cpu_threshold=0.157741
detection_mismatch sample_index=92 flat_index=26320 doppler=51 range=208 cfar_cell=valid gpu_detection=0 cpu_detection=1 gpu_power=0.0439611 cpu_power=0.0439566 gpu_threshold=0.0515072 cpu_threshold=0.0429226
detection_mismatch sample_index=92 flat_index=28931 doppler=56 range=259 cfar_cell=valid gpu_detection=0 cpu_detection=1 gpu_power=0.138231 cpu_power=0.138231 gpu_threshold=0.145937 cpu_threshold=0.137352
detection_mismatch sample_index=92 flat_index=29363 doppler=57 range=179 cfar_cell=valid gpu_detection=0 cpu_detection=1 gpu_power=0.0749506 cpu_power=0.074951 gpu_threshold=0.103014 cpu_threshold=0.0600917
detection_mismatch sample_index=92 flat_index=29364 doppler=57 range=180 cfar_cell=valid gpu_detection=0 cpu_detection=1 gpu_power=0.0856762 cpu_power=0.0856767 gpu_threshold=0.111599 cpu_threshold=0.0686762
detection_mismatch sample_index=92 flat_index=29365 doppler=57 range=181 cfar_cell=valid gpu_detection=0 cpu_detection=1 gpu_power=0.0966618 cpu_power=0.0966604 gpu_threshold=0.128768 cpu_threshold=0.0858453
detection_mismatch sample_index=92 flat_index=30934 doppler=60 range=214 cfar_cell=valid gpu_detection=0 cpu_detection=1 gpu_power=0.100427 cpu_power=0.100427 gpu_threshold=0.103014 cpu_threshold=0.0944298
sample_index=92 step=step1 cpu_ms=2.56767 gpu_ms=0.895495 relative_l2=2.10803e-06 cpu_heap_peak=7209504 cpu_rss_peak=84377600 gpu_peak=357777408 status=PASS
sample_index=92 step=step2 cpu_ms=135.653 gpu_ms=1.42466 relative_l2=2.54296e-07 cpu_heap_peak=7471664 cpu_rss_peak=84377600 gpu_peak=357777408 status=PASS
sample_index=92 step=step3 cpu_ms=178.211 gpu_ms=1.0168 relative_l2=6.76648e-07 cpu_heap_peak=7734080 cpu_rss_peak=84377600 gpu_peak=357777408 status=PASS
sample_index=92 step=step4 cpu_ms=3.51884 gpu_ms=1.06811 relative_l2=1.91856e-07 cpu_heap_peak=8061984 cpu_rss_peak=84377600 gpu_peak=357777408 status=PASS
sample_index=92 step=step5 cpu_ms=417.51 gpu_ms=6.02854 relative_l2=2.43858e-07 cpu_heap_peak=8588368 cpu_rss_peak=84377600 gpu_peak=357777408 status=PASS
sample_index=92 cpu_pipeline_ms=737.66 gpu_pipeline_ms=10.9003 cuda_event_aux_sum_ms=6.32285 relative_l2=2.25882e-06 relative_linf=9.58014e-06 detection_mismatch_count=12 valid_detection_mismatch_count=12 boundary_detection_mismatch_count=0 mse=1.4118e-05 rmse=0.0037574 formal_relative_l2=2.25882e-06 formal_relative_linf=9.8883e-06 semantic_gates=5/5 accuracy_status=PASS
detection_mismatch_summary sample_index=93 total=12 valid=12 boundary=0
detection_mismatch sample_index=93 flat_index=18121 doppler=35 range=201 cfar_cell=valid gpu_detection=1 cpu_detection=0 gpu_power=0.1727 cpu_power=0.172697 gpu_threshold=0.171691 cpu_threshold=0.180275
detection_mismatch sample_index=93 flat_index=19231 doppler=37 range=287 cfar_cell=valid gpu_detection=1 cpu_detection=0 gpu_power=0.168287 cpu_power=0.168288 gpu_threshold=0.163106 cpu_threshold=0.171691
detection_mismatch sample_index=93 flat_index=19644 doppler=38 range=188 cfar_cell=valid gpu_detection=0 cpu_detection=1 gpu_power=0.129183 cpu_power=0.12918 gpu_threshold=0.137352 cpu_threshold=0.128768
detection_mismatch sample_index=93 flat_index=24750 doppler=48 range=174 cfar_cell=valid gpu_detection=1 cpu_detection=0 gpu_power=0.134319 cpu_power=0.134313 gpu_threshold=0.113745 cpu_threshold=0.138426
detection_mismatch sample_index=93 flat_index=25261 doppler=49 range=173 cfar_cell=valid gpu_detection=1 cpu_detection=0 gpu_power=0.146269 cpu_power=0.146253 gpu_threshold=0.127427 cpu_threshold=0.157741
detection_mismatch sample_index=93 flat_index=25262 doppler=49 range=174 cfar_cell=valid gpu_detection=1 cpu_detection=0 gpu_power=0.142449 cpu_power=0.142448 gpu_threshold=0.123939 cpu_threshold=0.157741
detection_mismatch sample_index=93 flat_index=26320 doppler=51 range=208 cfar_cell=valid gpu_detection=0 cpu_detection=1 gpu_power=0.0439611 cpu_power=0.0439566 gpu_threshold=0.0515072 cpu_threshold=0.0429226
detection_mismatch sample_index=93 flat_index=28931 doppler=56 range=259 cfar_cell=valid gpu_detection=0 cpu_detection=1 gpu_power=0.138231 cpu_power=0.138231 gpu_threshold=0.145937 cpu_threshold=0.137352
detection_mismatch sample_index=93 flat_index=29363 doppler=57 range=179 cfar_cell=valid gpu_detection=0 cpu_detection=1 gpu_power=0.0749506 cpu_power=0.074951 gpu_threshold=0.103014 cpu_threshold=0.0600917
detection_mismatch sample_index=93 flat_index=29364 doppler=57 range=180 cfar_cell=valid gpu_detection=0 cpu_detection=1 gpu_power=0.0856762 cpu_power=0.0856767 gpu_threshold=0.111599 cpu_threshold=0.0686762
detection_mismatch sample_index=93 flat_index=29365 doppler=57 range=181 cfar_cell=valid gpu_detection=0 cpu_detection=1 gpu_power=0.0966618 cpu_power=0.0966604 gpu_threshold=0.128768 cpu_threshold=0.0858453
detection_mismatch sample_index=93 flat_index=30934 doppler=60 range=214 cfar_cell=valid gpu_detection=0 cpu_detection=1 gpu_power=0.100427 cpu_power=0.100427 gpu_threshold=0.103014 cpu_threshold=0.0944298
sample_index=93 step=step1 cpu_ms=2.41626 gpu_ms=0.897066 relative_l2=2.10803e-06 cpu_heap_peak=7210416 cpu_rss_peak=84377600 gpu_peak=357777408 status=PASS
sample_index=93 step=step2 cpu_ms=135.555 gpu_ms=1.45166 relative_l2=2.54296e-07 cpu_heap_peak=7472576 cpu_rss_peak=84377600 gpu_peak=357777408 status=PASS
sample_index=93 step=step3 cpu_ms=178.755 gpu_ms=1.00606 relative_l2=6.76648e-07 cpu_heap_peak=7734992 cpu_rss_peak=84377600 gpu_peak=357777408 status=PASS
sample_index=93 step=step4 cpu_ms=3.52462 gpu_ms=1.09197 relative_l2=1.91856e-07 cpu_heap_peak=8062896 cpu_rss_peak=84377600 gpu_peak=357777408 status=PASS
sample_index=93 step=step5 cpu_ms=417.452 gpu_ms=6.00125 relative_l2=2.43858e-07 cpu_heap_peak=8589280 cpu_rss_peak=84377600 gpu_peak=357777408 status=PASS
sample_index=93 cpu_pipeline_ms=737.906 gpu_pipeline_ms=10.9162 cuda_event_aux_sum_ms=6.29682 relative_l2=2.25882e-06 relative_linf=9.58014e-06 detection_mismatch_count=12 valid_detection_mismatch_count=12 boundary_detection_mismatch_count=0 mse=1.4118e-05 rmse=0.0037574 formal_relative_l2=2.25882e-06 formal_relative_linf=9.8883e-06 semantic_gates=5/5 accuracy_status=PASS
detection_mismatch_summary sample_index=94 total=12 valid=12 boundary=0
detection_mismatch sample_index=94 flat_index=18121 doppler=35 range=201 cfar_cell=valid gpu_detection=1 cpu_detection=0 gpu_power=0.1727 cpu_power=0.172697 gpu_threshold=0.171691 cpu_threshold=0.180275
detection_mismatch sample_index=94 flat_index=19231 doppler=37 range=287 cfar_cell=valid gpu_detection=1 cpu_detection=0 gpu_power=0.168287 cpu_power=0.168288 gpu_threshold=0.163106 cpu_threshold=0.171691
detection_mismatch sample_index=94 flat_index=19644 doppler=38 range=188 cfar_cell=valid gpu_detection=0 cpu_detection=1 gpu_power=0.129183 cpu_power=0.12918 gpu_threshold=0.137352 cpu_threshold=0.128768
detection_mismatch sample_index=94 flat_index=24750 doppler=48 range=174 cfar_cell=valid gpu_detection=1 cpu_detection=0 gpu_power=0.134319 cpu_power=0.134313 gpu_threshold=0.113745 cpu_threshold=0.138426
detection_mismatch sample_index=94 flat_index=25261 doppler=49 range=173 cfar_cell=valid gpu_detection=1 cpu_detection=0 gpu_power=0.146269 cpu_power=0.146253 gpu_threshold=0.127427 cpu_threshold=0.157741
detection_mismatch sample_index=94 flat_index=25262 doppler=49 range=174 cfar_cell=valid gpu_detection=1 cpu_detection=0 gpu_power=0.142449 cpu_power=0.142448 gpu_threshold=0.123939 cpu_threshold=0.157741
detection_mismatch sample_index=94 flat_index=26320 doppler=51 range=208 cfar_cell=valid gpu_detection=0 cpu_detection=1 gpu_power=0.0439611 cpu_power=0.0439566 gpu_threshold=0.0515072 cpu_threshold=0.0429226
detection_mismatch sample_index=94 flat_index=28931 doppler=56 range=259 cfar_cell=valid gpu_detection=0 cpu_detection=1 gpu_power=0.138231 cpu_power=0.138231 gpu_threshold=0.145937 cpu_threshold=0.137352
detection_mismatch sample_index=94 flat_index=29363 doppler=57 range=179 cfar_cell=valid gpu_detection=0 cpu_detection=1 gpu_power=0.0749506 cpu_power=0.074951 gpu_threshold=0.103014 cpu_threshold=0.0600917
detection_mismatch sample_index=94 flat_index=29364 doppler=57 range=180 cfar_cell=valid gpu_detection=0 cpu_detection=1 gpu_power=0.0856762 cpu_power=0.0856767 gpu_threshold=0.111599 cpu_threshold=0.0686762
detection_mismatch sample_index=94 flat_index=29365 doppler=57 range=181 cfar_cell=valid gpu_detection=0 cpu_detection=1 gpu_power=0.0966618 cpu_power=0.0966604 gpu_threshold=0.128768 cpu_threshold=0.0858453
detection_mismatch sample_index=94 flat_index=30934 doppler=60 range=214 cfar_cell=valid gpu_detection=0 cpu_detection=1 gpu_power=0.100427 cpu_power=0.100427 gpu_threshold=0.103014 cpu_threshold=0.0944298
sample_index=94 step=step1 cpu_ms=2.41549 gpu_ms=0.893915 relative_l2=2.10803e-06 cpu_heap_peak=7210000 cpu_rss_peak=84377600 gpu_peak=357777408 status=PASS
sample_index=94 step=step2 cpu_ms=135.618 gpu_ms=1.42199 relative_l2=2.54296e-07 cpu_heap_peak=7472160 cpu_rss_peak=84377600 gpu_peak=357777408 status=PASS
sample_index=94 step=step3 cpu_ms=172.875 gpu_ms=1.00769 relative_l2=6.76648e-07 cpu_heap_peak=7734576 cpu_rss_peak=84377600 gpu_peak=357777408 status=PASS
sample_index=94 step=step4 cpu_ms=3.52633 gpu_ms=1.07905 relative_l2=1.91856e-07 cpu_heap_peak=8062480 cpu_rss_peak=84377600 gpu_peak=357777408 status=PASS
sample_index=94 step=step5 cpu_ms=417.611 gpu_ms=6.05855 relative_l2=2.43858e-07 cpu_heap_peak=8588848 cpu_rss_peak=84377600 gpu_peak=357777408 status=PASS
sample_index=94 cpu_pipeline_ms=732.248 gpu_pipeline_ms=10.9247 cuda_event_aux_sum_ms=6.37836 relative_l2=2.25882e-06 relative_linf=9.58014e-06 detection_mismatch_count=12 valid_detection_mismatch_count=12 boundary_detection_mismatch_count=0 mse=1.4118e-05 rmse=0.0037574 formal_relative_l2=2.25882e-06 formal_relative_linf=9.8883e-06 semantic_gates=5/5 accuracy_status=PASS
detection_mismatch_summary sample_index=95 total=12 valid=12 boundary=0
detection_mismatch sample_index=95 flat_index=18121 doppler=35 range=201 cfar_cell=valid gpu_detection=1 cpu_detection=0 gpu_power=0.1727 cpu_power=0.172697 gpu_threshold=0.171691 cpu_threshold=0.180275
detection_mismatch sample_index=95 flat_index=19231 doppler=37 range=287 cfar_cell=valid gpu_detection=1 cpu_detection=0 gpu_power=0.168287 cpu_power=0.168288 gpu_threshold=0.163106 cpu_threshold=0.171691
detection_mismatch sample_index=95 flat_index=19644 doppler=38 range=188 cfar_cell=valid gpu_detection=0 cpu_detection=1 gpu_power=0.129183 cpu_power=0.12918 gpu_threshold=0.137352 cpu_threshold=0.128768
detection_mismatch sample_index=95 flat_index=24750 doppler=48 range=174 cfar_cell=valid gpu_detection=1 cpu_detection=0 gpu_power=0.134319 cpu_power=0.134313 gpu_threshold=0.113745 cpu_threshold=0.138426
detection_mismatch sample_index=95 flat_index=25261 doppler=49 range=173 cfar_cell=valid gpu_detection=1 cpu_detection=0 gpu_power=0.146269 cpu_power=0.146253 gpu_threshold=0.127427 cpu_threshold=0.157741
detection_mismatch sample_index=95 flat_index=25262 doppler=49 range=174 cfar_cell=valid gpu_detection=1 cpu_detection=0 gpu_power=0.142449 cpu_power=0.142448 gpu_threshold=0.123939 cpu_threshold=0.157741
detection_mismatch sample_index=95 flat_index=26320 doppler=51 range=208 cfar_cell=valid gpu_detection=0 cpu_detection=1 gpu_power=0.0439611 cpu_power=0.0439566 gpu_threshold=0.0515072 cpu_threshold=0.0429226
detection_mismatch sample_index=95 flat_index=28931 doppler=56 range=259 cfar_cell=valid gpu_detection=0 cpu_detection=1 gpu_power=0.138231 cpu_power=0.138231 gpu_threshold=0.145937 cpu_threshold=0.137352
detection_mismatch sample_index=95 flat_index=29363 doppler=57 range=179 cfar_cell=valid gpu_detection=0 cpu_detection=1 gpu_power=0.0749506 cpu_power=0.074951 gpu_threshold=0.103014 cpu_threshold=0.0600917
detection_mismatch sample_index=95 flat_index=29364 doppler=57 range=180 cfar_cell=valid gpu_detection=0 cpu_detection=1 gpu_power=0.0856762 cpu_power=0.0856767 gpu_threshold=0.111599 cpu_threshold=0.0686762
detection_mismatch sample_index=95 flat_index=29365 doppler=57 range=181 cfar_cell=valid gpu_detection=0 cpu_detection=1 gpu_power=0.0966618 cpu_power=0.0966604 gpu_threshold=0.128768 cpu_threshold=0.0858453
detection_mismatch sample_index=95 flat_index=30934 doppler=60 range=214 cfar_cell=valid gpu_detection=0 cpu_detection=1 gpu_power=0.100427 cpu_power=0.100427 gpu_threshold=0.103014 cpu_threshold=0.0944298
sample_index=95 step=step1 cpu_ms=2.41643 gpu_ms=0.899186 relative_l2=2.10803e-06 cpu_heap_peak=7210032 cpu_rss_peak=84377600 gpu_peak=357777408 status=PASS
sample_index=95 step=step2 cpu_ms=135.575 gpu_ms=1.42601 relative_l2=2.54296e-07 cpu_heap_peak=7472192 cpu_rss_peak=84377600 gpu_peak=357777408 status=PASS
sample_index=95 step=step3 cpu_ms=173.129 gpu_ms=1.04474 relative_l2=6.76648e-07 cpu_heap_peak=7734608 cpu_rss_peak=84377600 gpu_peak=357777408 status=PASS
sample_index=95 step=step4 cpu_ms=3.51094 gpu_ms=1.06933 relative_l2=1.91856e-07 cpu_heap_peak=8062512 cpu_rss_peak=84377600 gpu_peak=357777408 status=PASS
sample_index=95 step=step5 cpu_ms=417.622 gpu_ms=6.04474 relative_l2=2.43858e-07 cpu_heap_peak=8588896 cpu_rss_peak=84377600 gpu_peak=357777408 status=PASS
sample_index=95 cpu_pipeline_ms=732.453 gpu_pipeline_ms=10.9582 cuda_event_aux_sum_ms=6.31649 relative_l2=2.25882e-06 relative_linf=9.58014e-06 detection_mismatch_count=12 valid_detection_mismatch_count=12 boundary_detection_mismatch_count=0 mse=1.4118e-05 rmse=0.0037574 formal_relative_l2=2.25882e-06 formal_relative_linf=9.8883e-06 semantic_gates=5/5 accuracy_status=PASS
detection_mismatch_summary sample_index=96 total=12 valid=12 boundary=0
detection_mismatch sample_index=96 flat_index=18121 doppler=35 range=201 cfar_cell=valid gpu_detection=1 cpu_detection=0 gpu_power=0.1727 cpu_power=0.172697 gpu_threshold=0.171691 cpu_threshold=0.180275
detection_mismatch sample_index=96 flat_index=19231 doppler=37 range=287 cfar_cell=valid gpu_detection=1 cpu_detection=0 gpu_power=0.168287 cpu_power=0.168288 gpu_threshold=0.163106 cpu_threshold=0.171691
detection_mismatch sample_index=96 flat_index=19644 doppler=38 range=188 cfar_cell=valid gpu_detection=0 cpu_detection=1 gpu_power=0.129183 cpu_power=0.12918 gpu_threshold=0.137352 cpu_threshold=0.128768
detection_mismatch sample_index=96 flat_index=24750 doppler=48 range=174 cfar_cell=valid gpu_detection=1 cpu_detection=0 gpu_power=0.134319 cpu_power=0.134313 gpu_threshold=0.113745 cpu_threshold=0.138426
detection_mismatch sample_index=96 flat_index=25261 doppler=49 range=173 cfar_cell=valid gpu_detection=1 cpu_detection=0 gpu_power=0.146269 cpu_power=0.146253 gpu_threshold=0.127427 cpu_threshold=0.157741
detection_mismatch sample_index=96 flat_index=25262 doppler=49 range=174 cfar_cell=valid gpu_detection=1 cpu_detection=0 gpu_power=0.142449 cpu_power=0.142448 gpu_threshold=0.123939 cpu_threshold=0.157741
detection_mismatch sample_index=96 flat_index=26320 doppler=51 range=208 cfar_cell=valid gpu_detection=0 cpu_detection=1 gpu_power=0.0439611 cpu_power=0.0439566 gpu_threshold=0.0515072 cpu_threshold=0.0429226
detection_mismatch sample_index=96 flat_index=28931 doppler=56 range=259 cfar_cell=valid gpu_detection=0 cpu_detection=1 gpu_power=0.138231 cpu_power=0.138231 gpu_threshold=0.145937 cpu_threshold=0.137352
detection_mismatch sample_index=96 flat_index=29363 doppler=57 range=179 cfar_cell=valid gpu_detection=0 cpu_detection=1 gpu_power=0.0749506 cpu_power=0.074951 gpu_threshold=0.103014 cpu_threshold=0.0600917
detection_mismatch sample_index=96 flat_index=29364 doppler=57 range=180 cfar_cell=valid gpu_detection=0 cpu_detection=1 gpu_power=0.0856762 cpu_power=0.0856767 gpu_threshold=0.111599 cpu_threshold=0.0686762
detection_mismatch sample_index=96 flat_index=29365 doppler=57 range=181 cfar_cell=valid gpu_detection=0 cpu_detection=1 gpu_power=0.0966618 cpu_power=0.0966604 gpu_threshold=0.128768 cpu_threshold=0.0858453
detection_mismatch sample_index=96 flat_index=30934 doppler=60 range=214 cfar_cell=valid gpu_detection=0 cpu_detection=1 gpu_power=0.100427 cpu_power=0.100427 gpu_threshold=0.103014 cpu_threshold=0.0944298
sample_index=96 step=step1 cpu_ms=2.418 gpu_ms=0.902716 relative_l2=2.10803e-06 cpu_heap_peak=7209568 cpu_rss_peak=84369408 gpu_peak=357777408 status=PASS
sample_index=96 step=step2 cpu_ms=135.589 gpu_ms=1.42361 relative_l2=2.54296e-07 cpu_heap_peak=7471728 cpu_rss_peak=84369408 gpu_peak=357777408 status=PASS
sample_index=96 step=step3 cpu_ms=173.097 gpu_ms=1.01918 relative_l2=6.76648e-07 cpu_heap_peak=7734144 cpu_rss_peak=84369408 gpu_peak=357777408 status=PASS
sample_index=96 step=step4 cpu_ms=3.5257 gpu_ms=1.06599 relative_l2=1.91856e-07 cpu_heap_peak=8062048 cpu_rss_peak=84369408 gpu_peak=357777408 status=PASS
sample_index=96 step=step5 cpu_ms=417.453 gpu_ms=5.97329 relative_l2=2.43858e-07 cpu_heap_peak=8588432 cpu_rss_peak=84369408 gpu_peak=357777408 status=PASS
sample_index=96 cpu_pipeline_ms=732.288 gpu_pipeline_ms=10.8569 cuda_event_aux_sum_ms=6.28105 relative_l2=2.25882e-06 relative_linf=9.58014e-06 detection_mismatch_count=12 valid_detection_mismatch_count=12 boundary_detection_mismatch_count=0 mse=1.4118e-05 rmse=0.0037574 formal_relative_l2=2.25882e-06 formal_relative_linf=9.8883e-06 semantic_gates=5/5 accuracy_status=PASS
detection_mismatch_summary sample_index=97 total=12 valid=12 boundary=0
detection_mismatch sample_index=97 flat_index=18121 doppler=35 range=201 cfar_cell=valid gpu_detection=1 cpu_detection=0 gpu_power=0.1727 cpu_power=0.172697 gpu_threshold=0.171691 cpu_threshold=0.180275
detection_mismatch sample_index=97 flat_index=19231 doppler=37 range=287 cfar_cell=valid gpu_detection=1 cpu_detection=0 gpu_power=0.168287 cpu_power=0.168288 gpu_threshold=0.163106 cpu_threshold=0.171691
detection_mismatch sample_index=97 flat_index=19644 doppler=38 range=188 cfar_cell=valid gpu_detection=0 cpu_detection=1 gpu_power=0.129183 cpu_power=0.12918 gpu_threshold=0.137352 cpu_threshold=0.128768
detection_mismatch sample_index=97 flat_index=24750 doppler=48 range=174 cfar_cell=valid gpu_detection=1 cpu_detection=0 gpu_power=0.134319 cpu_power=0.134313 gpu_threshold=0.113745 cpu_threshold=0.138426
detection_mismatch sample_index=97 flat_index=25261 doppler=49 range=173 cfar_cell=valid gpu_detection=1 cpu_detection=0 gpu_power=0.146269 cpu_power=0.146253 gpu_threshold=0.127427 cpu_threshold=0.157741
detection_mismatch sample_index=97 flat_index=25262 doppler=49 range=174 cfar_cell=valid gpu_detection=1 cpu_detection=0 gpu_power=0.142449 cpu_power=0.142448 gpu_threshold=0.123939 cpu_threshold=0.157741
detection_mismatch sample_index=97 flat_index=26320 doppler=51 range=208 cfar_cell=valid gpu_detection=0 cpu_detection=1 gpu_power=0.0439611 cpu_power=0.0439566 gpu_threshold=0.0515072 cpu_threshold=0.0429226
detection_mismatch sample_index=97 flat_index=28931 doppler=56 range=259 cfar_cell=valid gpu_detection=0 cpu_detection=1 gpu_power=0.138231 cpu_power=0.138231 gpu_threshold=0.145937 cpu_threshold=0.137352
detection_mismatch sample_index=97 flat_index=29363 doppler=57 range=179 cfar_cell=valid gpu_detection=0 cpu_detection=1 gpu_power=0.0749506 cpu_power=0.074951 gpu_threshold=0.103014 cpu_threshold=0.0600917
detection_mismatch sample_index=97 flat_index=29364 doppler=57 range=180 cfar_cell=valid gpu_detection=0 cpu_detection=1 gpu_power=0.0856762 cpu_power=0.0856767 gpu_threshold=0.111599 cpu_threshold=0.0686762
detection_mismatch sample_index=97 flat_index=29365 doppler=57 range=181 cfar_cell=valid gpu_detection=0 cpu_detection=1 gpu_power=0.0966618 cpu_power=0.0966604 gpu_threshold=0.128768 cpu_threshold=0.0858453
detection_mismatch sample_index=97 flat_index=30934 doppler=60 range=214 cfar_cell=valid gpu_detection=0 cpu_detection=1 gpu_power=0.100427 cpu_power=0.100427 gpu_threshold=0.103014 cpu_threshold=0.0944298
sample_index=97 step=step1 cpu_ms=2.4276 gpu_ms=0.906495 relative_l2=2.10803e-06 cpu_heap_peak=7210384 cpu_rss_peak=84369408 gpu_peak=357777408 status=PASS
sample_index=97 step=step2 cpu_ms=135.829 gpu_ms=1.42562 relative_l2=2.54296e-07 cpu_heap_peak=7472544 cpu_rss_peak=84369408 gpu_peak=357777408 status=PASS
sample_index=97 step=step3 cpu_ms=173.339 gpu_ms=1.01033 relative_l2=6.76648e-07 cpu_heap_peak=7734960 cpu_rss_peak=84369408 gpu_peak=357777408 status=PASS
sample_index=97 step=step4 cpu_ms=3.52511 gpu_ms=1.06703 relative_l2=1.91856e-07 cpu_heap_peak=8062864 cpu_rss_peak=84369408 gpu_peak=357777408 status=PASS
sample_index=97 step=step5 cpu_ms=417.463 gpu_ms=5.9724 relative_l2=2.43858e-07 cpu_heap_peak=8589248 cpu_rss_peak=84369408 gpu_peak=357777408 status=PASS
sample_index=97 cpu_pipeline_ms=732.783 gpu_pipeline_ms=10.8463 cuda_event_aux_sum_ms=6.29343 relative_l2=2.25882e-06 relative_linf=9.58014e-06 detection_mismatch_count=12 valid_detection_mismatch_count=12 boundary_detection_mismatch_count=0 mse=1.4118e-05 rmse=0.0037574 formal_relative_l2=2.25882e-06 formal_relative_linf=9.8883e-06 semantic_gates=5/5 accuracy_status=PASS
detection_mismatch_summary sample_index=98 total=12 valid=12 boundary=0
detection_mismatch sample_index=98 flat_index=18121 doppler=35 range=201 cfar_cell=valid gpu_detection=1 cpu_detection=0 gpu_power=0.1727 cpu_power=0.172697 gpu_threshold=0.171691 cpu_threshold=0.180275
detection_mismatch sample_index=98 flat_index=19231 doppler=37 range=287 cfar_cell=valid gpu_detection=1 cpu_detection=0 gpu_power=0.168287 cpu_power=0.168288 gpu_threshold=0.163106 cpu_threshold=0.171691
detection_mismatch sample_index=98 flat_index=19644 doppler=38 range=188 cfar_cell=valid gpu_detection=0 cpu_detection=1 gpu_power=0.129183 cpu_power=0.12918 gpu_threshold=0.137352 cpu_threshold=0.128768
detection_mismatch sample_index=98 flat_index=24750 doppler=48 range=174 cfar_cell=valid gpu_detection=1 cpu_detection=0 gpu_power=0.134319 cpu_power=0.134313 gpu_threshold=0.113745 cpu_threshold=0.138426
detection_mismatch sample_index=98 flat_index=25261 doppler=49 range=173 cfar_cell=valid gpu_detection=1 cpu_detection=0 gpu_power=0.146269 cpu_power=0.146253 gpu_threshold=0.127427 cpu_threshold=0.157741
detection_mismatch sample_index=98 flat_index=25262 doppler=49 range=174 cfar_cell=valid gpu_detection=1 cpu_detection=0 gpu_power=0.142449 cpu_power=0.142448 gpu_threshold=0.123939 cpu_threshold=0.157741
detection_mismatch sample_index=98 flat_index=26320 doppler=51 range=208 cfar_cell=valid gpu_detection=0 cpu_detection=1 gpu_power=0.0439611 cpu_power=0.0439566 gpu_threshold=0.0515072 cpu_threshold=0.0429226
detection_mismatch sample_index=98 flat_index=28931 doppler=56 range=259 cfar_cell=valid gpu_detection=0 cpu_detection=1 gpu_power=0.138231 cpu_power=0.138231 gpu_threshold=0.145937 cpu_threshold=0.137352
detection_mismatch sample_index=98 flat_index=29363 doppler=57 range=179 cfar_cell=valid gpu_detection=0 cpu_detection=1 gpu_power=0.0749506 cpu_power=0.074951 gpu_threshold=0.103014 cpu_threshold=0.0600917
detection_mismatch sample_index=98 flat_index=29364 doppler=57 range=180 cfar_cell=valid gpu_detection=0 cpu_detection=1 gpu_power=0.0856762 cpu_power=0.0856767 gpu_threshold=0.111599 cpu_threshold=0.0686762
detection_mismatch sample_index=98 flat_index=29365 doppler=57 range=181 cfar_cell=valid gpu_detection=0 cpu_detection=1 gpu_power=0.0966618 cpu_power=0.0966604 gpu_threshold=0.128768 cpu_threshold=0.0858453
detection_mismatch sample_index=98 flat_index=30934 doppler=60 range=214 cfar_cell=valid gpu_detection=0 cpu_detection=1 gpu_power=0.100427 cpu_power=0.100427 gpu_threshold=0.103014 cpu_threshold=0.0944298
sample_index=98 step=step1 cpu_ms=2.43051 gpu_ms=0.893485 relative_l2=2.10803e-06 cpu_heap_peak=7211232 cpu_rss_peak=84369408 gpu_peak=357777408 status=PASS
sample_index=98 step=step2 cpu_ms=138.254 gpu_ms=1.42859 relative_l2=2.54296e-07 cpu_heap_peak=7473392 cpu_rss_peak=84369408 gpu_peak=357777408 status=PASS
sample_index=98 step=step3 cpu_ms=173.107 gpu_ms=1.01104 relative_l2=6.76648e-07 cpu_heap_peak=7735808 cpu_rss_peak=84369408 gpu_peak=357777408 status=PASS
sample_index=98 step=step4 cpu_ms=3.52369 gpu_ms=1.0667 relative_l2=1.91856e-07 cpu_heap_peak=8063712 cpu_rss_peak=84369408 gpu_peak=357777408 status=PASS
sample_index=98 step=step5 cpu_ms=417.605 gpu_ms=6.02035 relative_l2=2.43858e-07 cpu_heap_peak=8590080 cpu_rss_peak=84369408 gpu_peak=357777408 status=PASS
sample_index=98 cpu_pipeline_ms=735.12 gpu_pipeline_ms=10.8871 cuda_event_aux_sum_ms=6.29283 relative_l2=2.25882e-06 relative_linf=9.58014e-06 detection_mismatch_count=12 valid_detection_mismatch_count=12 boundary_detection_mismatch_count=0 mse=1.4118e-05 rmse=0.0037574 formal_relative_l2=2.25882e-06 formal_relative_linf=9.8883e-06 semantic_gates=5/5 accuracy_status=PASS
detection_mismatch_summary sample_index=99 total=12 valid=12 boundary=0
detection_mismatch sample_index=99 flat_index=18121 doppler=35 range=201 cfar_cell=valid gpu_detection=1 cpu_detection=0 gpu_power=0.1727 cpu_power=0.172697 gpu_threshold=0.171691 cpu_threshold=0.180275
detection_mismatch sample_index=99 flat_index=19231 doppler=37 range=287 cfar_cell=valid gpu_detection=1 cpu_detection=0 gpu_power=0.168287 cpu_power=0.168288 gpu_threshold=0.163106 cpu_threshold=0.171691
detection_mismatch sample_index=99 flat_index=19644 doppler=38 range=188 cfar_cell=valid gpu_detection=0 cpu_detection=1 gpu_power=0.129183 cpu_power=0.12918 gpu_threshold=0.137352 cpu_threshold=0.128768
detection_mismatch sample_index=99 flat_index=24750 doppler=48 range=174 cfar_cell=valid gpu_detection=1 cpu_detection=0 gpu_power=0.134319 cpu_power=0.134313 gpu_threshold=0.113745 cpu_threshold=0.138426
detection_mismatch sample_index=99 flat_index=25261 doppler=49 range=173 cfar_cell=valid gpu_detection=1 cpu_detection=0 gpu_power=0.146269 cpu_power=0.146253 gpu_threshold=0.127427 cpu_threshold=0.157741
detection_mismatch sample_index=99 flat_index=25262 doppler=49 range=174 cfar_cell=valid gpu_detection=1 cpu_detection=0 gpu_power=0.142449 cpu_power=0.142448 gpu_threshold=0.123939 cpu_threshold=0.157741
detection_mismatch sample_index=99 flat_index=26320 doppler=51 range=208 cfar_cell=valid gpu_detection=0 cpu_detection=1 gpu_power=0.0439611 cpu_power=0.0439566 gpu_threshold=0.0515072 cpu_threshold=0.0429226
detection_mismatch sample_index=99 flat_index=28931 doppler=56 range=259 cfar_cell=valid gpu_detection=0 cpu_detection=1 gpu_power=0.138231 cpu_power=0.138231 gpu_threshold=0.145937 cpu_threshold=0.137352
detection_mismatch sample_index=99 flat_index=29363 doppler=57 range=179 cfar_cell=valid gpu_detection=0 cpu_detection=1 gpu_power=0.0749506 cpu_power=0.074951 gpu_threshold=0.103014 cpu_threshold=0.0600917
detection_mismatch sample_index=99 flat_index=29364 doppler=57 range=180 cfar_cell=valid gpu_detection=0 cpu_detection=1 gpu_power=0.0856762 cpu_power=0.0856767 gpu_threshold=0.111599 cpu_threshold=0.0686762
detection_mismatch sample_index=99 flat_index=29365 doppler=57 range=181 cfar_cell=valid gpu_detection=0 cpu_detection=1 gpu_power=0.0966618 cpu_power=0.0966604 gpu_threshold=0.128768 cpu_threshold=0.0858453
detection_mismatch sample_index=99 flat_index=30934 doppler=60 range=214 cfar_cell=valid gpu_detection=0 cpu_detection=1 gpu_power=0.100427 cpu_power=0.100427 gpu_threshold=0.103014 cpu_threshold=0.0944298
sample_index=99 step=step1 cpu_ms=2.42674 gpu_ms=0.906746 relative_l2=2.10803e-06 cpu_heap_peak=7210352 cpu_rss_peak=84369408 gpu_peak=357777408 status=PASS
sample_index=99 step=step2 cpu_ms=135.67 gpu_ms=1.42132 relative_l2=2.54296e-07 cpu_heap_peak=7472512 cpu_rss_peak=84369408 gpu_peak=357777408 status=PASS
sample_index=99 step=step3 cpu_ms=172.908 gpu_ms=1.00751 relative_l2=6.76648e-07 cpu_heap_peak=7734928 cpu_rss_peak=84369408 gpu_peak=357777408 status=PASS
sample_index=99 step=step4 cpu_ms=3.53437 gpu_ms=1.32421 relative_l2=1.91856e-07 cpu_heap_peak=8062832 cpu_rss_peak=84369408 gpu_peak=357777408 status=PASS
sample_index=99 step=step5 cpu_ms=417.475 gpu_ms=5.99902 relative_l2=2.43858e-07 cpu_heap_peak=8589216 cpu_rss_peak=84516864 gpu_peak=357777408 status=PASS
sample_index=99 cpu_pipeline_ms=732.213 gpu_pipeline_ms=11.1775 cuda_event_aux_sum_ms=6.31701 relative_l2=2.25882e-06 relative_linf=9.58014e-06 detection_mismatch_count=12 valid_detection_mismatch_count=12 boundary_detection_mismatch_count=0 mse=1.4118e-05 rmse=0.0037574 formal_relative_l2=2.25882e-06 formal_relative_linf=9.8883e-06 semantic_gates=5/5 accuracy_status=PASS
function=Task1 frozen full pipeline
call_chain=Step1->{Step2->Step3->Step4,Step5};Step5_source=Step1.waveform
formal_operators=pulse_compression,pulse_doppler,cfar_alpha,ca_cfar,ambgfun
timing=pipeline_total measured directly;not=sum(step timings)
status=PASS return_code=0
