schema_version,run_id,run_type,test_time_utc,git_commit,git_dirty,config_id,config_sha256,target_kind,target,task_name,step_name,operator_name,case_id,scale_id,order_of_magnitude,actual_elements,input_shape,dtype,device,backend,timing_scope,status,error_code,warmup_runs,measured_runs,sample_index,latency_ms,synchronized,input_digest,output_digest
1,20260815T152000Z_b0478e7_fft_thrust_fft_thrust_task2_pipeline_benchmark_task2_s01_near,formal,2026-08-15T15:05:00Z,b0478e7c5f1ad93e4cf41827d653d191c4a86804,false,task_scales_formal_v3,baaa5c346f0c31ac4bb1fd1f81069be745425af6b28982a50aa11d42ff41b232,task,Task2.pipeline,Task2,pipeline_total,chirp+gausspulse+sawtooth+square+hamming+firwin+firfilter+cubic+fm_demod+correlate+spectrogram+cwt+argrelextrema+kalman_filter;host:ricker+fusion+observation,task2_pipeline__task2_s01_near__3ffea69561cd022b,task2_s01_near,10^2,256,[256],FP32,cpu,fft_thrust,compatibility/end-to-end,PASS,OK,20,100,0,25.176392,true,3ffea69561cd022b7efce5632368854a93bb112af12cf45f40ef946b3f24c98a,2a62e5502f1f8160ddc9bf6d038d6847bdfce0c276145728879fdf6bb2f99162
1,20260815T152000Z_b0478e7_fft_thrust_fft_thrust_task2_pipeline_benchmark_task2_s01_near,formal,2026-08-15T15:05:00Z,b0478e7c5f1ad93e4cf41827d653d191c4a86804,false,task_scales_formal_v3,baaa5c346f0c31ac4bb1fd1f81069be745425af6b28982a50aa11d42ff41b232,task,Task2.pipeline,Task2,pipeline_total,chirp+gausspulse+sawtooth+square+hamming+firwin+firfilter+cubic+fm_demod+correlate+spectrogram+cwt+argrelextrema+kalman_filter;host:ricker+fusion+observation,task2_pipeline__task2_s01_near__3ffea69561cd022b,task2_s01_near,10^2,256,[256],FP32,gpu,fft_thrust,compatibility/end-to-end,PASS,OK,20,100,0,6.134334,true,3ffea69561cd022b7efce5632368854a93bb112af12cf45f40ef946b3f24c98a,a2a96fb1d9d4986297993bdb03565bcf91848c83b23b91be63a00135e67f1343
1,20260815T152000Z_b0478e7_fft_thrust_fft_thrust_task2_pipeline_benchmark_task2_s01_near,formal,2026-08-15T15:05:00Z,b0478e7c5f1ad93e4cf41827d653d191c4a86804,false,task_scales_formal_v3,baaa5c346f0c31ac4bb1fd1f81069be745425af6b28982a50aa11d42ff41b232,task,Task2.pipeline,Task2,pipeline_total,chirp+gausspulse+sawtooth+square+hamming+firwin+firfilter+cubic+fm_demod+correlate+spectrogram+cwt+argrelextrema+kalman_filter;host:ricker+fusion+observation,task2_pipeline__task2_s01_near__3ffea69561cd022b,task2_s01_near,10^2,256,[256],FP32,cpu,fft_thrust,compatibility/end-to-end,PASS,OK,20,100,1,25.244684000000003,true,3ffea69561cd022b7efce5632368854a93bb112af12cf45f40ef946b3f24c98a,2a62e5502f1f8160ddc9bf6d038d6847bdfce0c276145728879fdf6bb2f99162
1,20260815T152000Z_b0478e7_fft_thrust_fft_thrust_task2_pipeline_benchmark_task2_s01_near,formal,2026-08-15T15:05:00Z,b0478e7c5f1ad93e4cf41827d653d191c4a86804,false,task_scales_formal_v3,baaa5c346f0c31ac4bb1fd1f81069be745425af6b28982a50aa11d42ff41b232,task,Task2.pipeline,Task2,pipeline_total,chirp+gausspulse+sawtooth+square+hamming+firwin+firfilter+cubic+fm_demod+correlate+spectrogram+cwt+argrelextrema+kalman_filter;host:ricker+fusion+observation,task2_pipeline__task2_s01_near__3ffea69561cd022b,task2_s01_near,10^2,256,[256],FP32,gpu,fft_thrust,compatibility/end-to-end,PASS,OK,20,100,1,6.1057240000000004,true,3ffea69561cd022b7efce5632368854a93bb112af12cf45f40ef946b3f24c98a,a2a96fb1d9d4986297993bdb03565bcf91848c83b23b91be63a00135e67f1343
1,20260815T152000Z_b0478e7_fft_thrust_fft_thrust_task2_pipeline_benchmark_task2_s01_near,formal,2026-08-15T15:05:00Z,b0478e7c5f1ad93e4cf41827d653d191c4a86804,false,task_scales_formal_v3,baaa5c346f0c31ac4bb1fd1f81069be745425af6b28982a50aa11d42ff41b232,task,Task2.pipeline,Task2,pipeline_total,chirp+gausspulse+sawtooth+square+hamming+firwin+firfilter+cubic+fm_demod+correlate+spectrogram+cwt+argrelextrema+kalman_filter;host:ricker+fusion+observation,task2_pipeline__task2_s01_near__3ffea69561cd022b,task2_s01_near,10^2,256,[256],FP32,cpu,fft_thrust,compatibility/end-to-end,PASS,OK,20,100,2,24.967921,true,3ffea69561cd022b7efce5632368854a93bb112af12cf45f40ef946b3f24c98a,2a62e5502f1f8160ddc9bf6d038d6847bdfce0c276145728879fdf6bb2f99162
1,20260815T152000Z_b0478e7_fft_thrust_fft_thrust_task2_pipeline_benchmark_task2_s01_near,formal,2026-08-15T15:05:00Z,b0478e7c5f1ad93e4cf41827d653d191c4a86804,false,task_scales_formal_v3,baaa5c346f0c31ac4bb1fd1f81069be745425af6b28982a50aa11d42ff41b232,task,Task2.pipeline,Task2,pipeline_total,chirp+gausspulse+sawtooth+square+hamming+firwin+firfilter+cubic+fm_demod+correlate+spectrogram+cwt+argrelextrema+kalman_filter;host:ricker+fusion+observation,task2_pipeline__task2_s01_near__3ffea69561cd022b,task2_s01_near,10^2,256,[256],FP32,gpu,fft_thrust,compatibility/end-to-end,PASS,OK,20,100,2,6.1211149999999996,true,3ffea69561cd022b7efce5632368854a93bb112af12cf45f40ef946b3f24c98a,a2a96fb1d9d4986297993bdb03565bcf91848c83b23b91be63a00135e67f1343
1,20260815T152000Z_b0478e7_fft_thrust_fft_thrust_task2_pipeline_benchmark_task2_s01_near,formal,2026-08-15T15:05:00Z,b0478e7c5f1ad93e4cf41827d653d191c4a86804,false,task_scales_formal_v3,baaa5c346f0c31ac4bb1fd1f81069be745425af6b28982a50aa11d42ff41b232,task,Task2.pipeline,Task2,pipeline_total,chirp+gausspulse+sawtooth+square+hamming+firwin+firfilter+cubic+fm_demod+correlate+spectrogram+cwt+argrelextrema+kalman_filter;host:ricker+fusion+observation,task2_pipeline__task2_s01_near__3ffea69561cd022b,task2_s01_near,10^2,256,[256],FP32,cpu,fft_thrust,compatibility/end-to-end,PASS,OK,20,100,3,25.436284000000001,true,3ffea69561cd022b7efce5632368854a93bb112af12cf45f40ef946b3f24c98a,2a62e5502f1f8160ddc9bf6d038d6847bdfce0c276145728879fdf6bb2f99162
1,20260815T152000Z_b0478e7_fft_thrust_fft_thrust_task2_pipeline_benchmark_task2_s01_near,formal,2026-08-15T15:05:00Z,b0478e7c5f1ad93e4cf41827d653d191c4a86804,false,task_scales_formal_v3,baaa5c346f0c31ac4bb1fd1f81069be745425af6b28982a50aa11d42ff41b232,task,Task2.pipeline,Task2,pipeline_total,chirp+gausspulse+sawtooth+square+hamming+firwin+firfilter+cubic+fm_demod+correlate+spectrogram+cwt+argrelextrema+kalman_filter;host:ricker+fusion+observation,task2_pipeline__task2_s01_near__3ffea69561cd022b,task2_s01_near,10^2,256,[256],FP32,gpu,fft_thrust,compatibility/end-to-end,PASS,OK,20,100,3,6.0616729999999999,true,3ffea69561cd022b7efce5632368854a93bb112af12cf45f40ef946b3f24c98a,a2a96fb1d9d4986297993bdb03565bcf91848c83b23b91be63a00135e67f1343
1,20260815T152000Z_b0478e7_fft_thrust_fft_thrust_task2_pipeline_benchmark_task2_s01_near,formal,2026-08-15T15:05:00Z,b0478e7c5f1ad93e4cf41827d653d191c4a86804,false,task_scales_formal_v3,baaa5c346f0c31ac4bb1fd1f81069be745425af6b28982a50aa11d42ff41b232,task,Task2.pipeline,Task2,pipeline_total,chirp+gausspulse+sawtooth+square+hamming+firwin+firfilter+cubic+fm_demod+correlate+spectrogram+cwt+argrelextrema+kalman_filter;host:ricker+fusion+observation,task2_pipeline__task2_s01_near__3ffea69561cd022b,task2_s01_near,10^2,256,[256],FP32,cpu,fft_thrust,compatibility/end-to-end,PASS,OK,20,100,4,25.586825000000001,true,3ffea69561cd022b7efce5632368854a93bb112af12cf45f40ef946b3f24c98a,2a62e5502f1f8160ddc9bf6d038d6847bdfce0c276145728879fdf6bb2f99162
1,20260815T152000Z_b0478e7_fft_thrust_fft_thrust_task2_pipeline_benchmark_task2_s01_near,formal,2026-08-15T15:05:00Z,b0478e7c5f1ad93e4cf41827d653d191c4a86804,false,task_scales_formal_v3,baaa5c346f0c31ac4bb1fd1f81069be745425af6b28982a50aa11d42ff41b232,task,Task2.pipeline,Task2,pipeline_total,chirp+gausspulse+sawtooth+square+hamming+firwin+firfilter+cubic+fm_demod+correlate+spectrogram+cwt+argrelextrema+kalman_filter;host:ricker+fusion+observation,task2_pipeline__task2_s01_near__3ffea69561cd022b,task2_s01_near,10^2,256,[256],FP32,gpu,fft_thrust,compatibility/end-to-end,PASS,OK,20,100,4,6.1615249999999993,true,3ffea69561cd022b7efce5632368854a93bb112af12cf45f40ef946b3f24c98a,a2a96fb1d9d4986297993bdb03565bcf91848c83b23b91be63a00135e67f1343
1,20260815T152000Z_b0478e7_fft_thrust_fft_thrust_task2_pipeline_benchmark_task2_s01_near,formal,2026-08-15T15:05:00Z,b0478e7c5f1ad93e4cf41827d653d191c4a86804,false,task_scales_formal_v3,baaa5c346f0c31ac4bb1fd1f81069be745425af6b28982a50aa11d42ff41b232,task,Task2.pipeline,Task2,pipeline_total,chirp+gausspulse+sawtooth+square+hamming+firwin+firfilter+cubic+fm_demod+correlate+spectrogram+cwt+argrelextrema+kalman_filter;host:ricker+fusion+observation,task2_pipeline__task2_s01_near__3ffea69561cd022b,task2_s01_near,10^2,256,[256],FP32,cpu,fft_thrust,compatibility/end-to-end,PASS,OK,20,100,5,25.035941000000001,true,3ffea69561cd022b7efce5632368854a93bb112af12cf45f40ef946b3f24c98a,2a62e5502f1f8160ddc9bf6d038d6847bdfce0c276145728879fdf6bb2f99162
1,20260815T152000Z_b0478e7_fft_thrust_fft_thrust_task2_pipeline_benchmark_task2_s01_near,formal,2026-08-15T15:05:00Z,b0478e7c5f1ad93e4cf41827d653d191c4a86804,false,task_scales_formal_v3,baaa5c346f0c31ac4bb1fd1f81069be745425af6b28982a50aa11d42ff41b232,task,Task2.pipeline,Task2,pipeline_total,chirp+gausspulse+sawtooth+square+hamming+firwin+firfilter+cubic+fm_demod+correlate+spectrogram+cwt+argrelextrema+kalman_filter;host:ricker+fusion+observation,task2_pipeline__task2_s01_near__3ffea69561cd022b,task2_s01_near,10^2,256,[256],FP32,gpu,fft_thrust,compatibility/end-to-end,PASS,OK,20,100,5,5.9452030000000002,true,3ffea69561cd022b7efce5632368854a93bb112af12cf45f40ef946b3f24c98a,a2a96fb1d9d4986297993bdb03565bcf91848c83b23b91be63a00135e67f1343
1,20260815T152000Z_b0478e7_fft_thrust_fft_thrust_task2_pipeline_benchmark_task2_s01_near,formal,2026-08-15T15:05:00Z,b0478e7c5f1ad93e4cf41827d653d191c4a86804,false,task_scales_formal_v3,baaa5c346f0c31ac4bb1fd1f81069be745425af6b28982a50aa11d42ff41b232,task,Task2.pipeline,Task2,pipeline_total,chirp+gausspulse+sawtooth+square+hamming+firwin+firfilter+cubic+fm_demod+correlate+spectrogram+cwt+argrelextrema+kalman_filter;host:ricker+fusion+observation,task2_pipeline__task2_s01_near__3ffea69561cd022b,task2_s01_near,10^2,256,[256],FP32,cpu,fft_thrust,compatibility/end-to-end,PASS,OK,20,100,6,25.520455999999999,true,3ffea69561cd022b7efce5632368854a93bb112af12cf45f40ef946b3f24c98a,2a62e5502f1f8160ddc9bf6d038d6847bdfce0c276145728879fdf6bb2f99162
1,20260815T152000Z_b0478e7_fft_thrust_fft_thrust_task2_pipeline_benchmark_task2_s01_near,formal,2026-08-15T15:05:00Z,b0478e7c5f1ad93e4cf41827d653d191c4a86804,false,task_scales_formal_v3,baaa5c346f0c31ac4bb1fd1f81069be745425af6b28982a50aa11d42ff41b232,task,Task2.pipeline,Task2,pipeline_total,chirp+gausspulse+sawtooth+square+hamming+firwin+firfilter+cubic+fm_demod+correlate+spectrogram+cwt+argrelextrema+kalman_filter;host:ricker+fusion+observation,task2_pipeline__task2_s01_near__3ffea69561cd022b,task2_s01_near,10^2,256,[256],FP32,gpu,fft_thrust,compatibility/end-to-end,PASS,OK,20,100,6,6.1204450000000001,true,3ffea69561cd022b7efce5632368854a93bb112af12cf45f40ef946b3f24c98a,a2a96fb1d9d4986297993bdb03565bcf91848c83b23b91be63a00135e67f1343
1,20260815T152000Z_b0478e7_fft_thrust_fft_thrust_task2_pipeline_benchmark_task2_s01_near,formal,2026-08-15T15:05:00Z,b0478e7c5f1ad93e4cf41827d653d191c4a86804,false,task_scales_formal_v3,baaa5c346f0c31ac4bb1fd1f81069be745425af6b28982a50aa11d42ff41b232,task,Task2.pipeline,Task2,pipeline_total,chirp+gausspulse+sawtooth+square+hamming+firwin+firfilter+cubic+fm_demod+correlate+spectrogram+cwt+argrelextrema+kalman_filter;host:ricker+fusion+observation,task2_pipeline__task2_s01_near__3ffea69561cd022b,task2_s01_near,10^2,256,[256],FP32,cpu,fft_thrust,compatibility/end-to-end,PASS,OK,20,100,7,31.807559999999999,true,3ffea69561cd022b7efce5632368854a93bb112af12cf45f40ef946b3f24c98a,2a62e5502f1f8160ddc9bf6d038d6847bdfce0c276145728879fdf6bb2f99162
1,20260815T152000Z_b0478e7_fft_thrust_fft_thrust_task2_pipeline_benchmark_task2_s01_near,formal,2026-08-15T15:05:00Z,b0478e7c5f1ad93e4cf41827d653d191c4a86804,false,task_scales_formal_v3,baaa5c346f0c31ac4bb1fd1f81069be745425af6b28982a50aa11d42ff41b232,task,Task2.pipeline,Task2,pipeline_total,chirp+gausspulse+sawtooth+square+hamming+firwin+firfilter+cubic+fm_demod+correlate+spectrogram+cwt+argrelextrema+kalman_filter;host:ricker+fusion+observation,task2_pipeline__task2_s01_near__3ffea69561cd022b,task2_s01_near,10^2,256,[256],FP32,gpu,fft_thrust,compatibility/end-to-end,PASS,OK,20,100,7,6.5468080000000004,true,3ffea69561cd022b7efce5632368854a93bb112af12cf45f40ef946b3f24c98a,a2a96fb1d9d4986297993bdb03565bcf91848c83b23b91be63a00135e67f1343
1,20260815T152000Z_b0478e7_fft_thrust_fft_thrust_task2_pipeline_benchmark_task2_s01_near,formal,2026-08-15T15:05:00Z,b0478e7c5f1ad93e4cf41827d653d191c4a86804,false,task_scales_formal_v3,baaa5c346f0c31ac4bb1fd1f81069be745425af6b28982a50aa11d42ff41b232,task,Task2.pipeline,Task2,pipeline_total,chirp+gausspulse+sawtooth+square+hamming+firwin+firfilter+cubic+fm_demod+correlate+spectrogram+cwt+argrelextrema+kalman_filter;host:ricker+fusion+observation,task2_pipeline__task2_s01_near__3ffea69561cd022b,task2_s01_near,10^2,256,[256],FP32,cpu,fft_thrust,compatibility/end-to-end,PASS,OK,20,100,8,25.585515000000001,true,3ffea69561cd022b7efce5632368854a93bb112af12cf45f40ef946b3f24c98a,2a62e5502f1f8160ddc9bf6d038d6847bdfce0c276145728879fdf6bb2f99162
1,20260815T152000Z_b0478e7_fft_thrust_fft_thrust_task2_pipeline_benchmark_task2_s01_near,formal,2026-08-15T15:05:00Z,b0478e7c5f1ad93e4cf41827d653d191c4a86804,false,task_scales_formal_v3,baaa5c346f0c31ac4bb1fd1f81069be745425af6b28982a50aa11d42ff41b232,task,Task2.pipeline,Task2,pipeline_total,chirp+gausspulse+sawtooth+square+hamming+firwin+firfilter+cubic+fm_demod+correlate+spectrogram+cwt+argrelextrema+kalman_filter;host:ricker+fusion+observation,task2_pipeline__task2_s01_near__3ffea69561cd022b,task2_s01_near,10^2,256,[256],FP32,gpu,fft_thrust,compatibility/end-to-end,PASS,OK,20,100,8,6.4363460000000003,true,3ffea69561cd022b7efce5632368854a93bb112af12cf45f40ef946b3f24c98a,a2a96fb1d9d4986297993bdb03565bcf91848c83b23b91be63a00135e67f1343
1,20260815T152000Z_b0478e7_fft_thrust_fft_thrust_task2_pipeline_benchmark_task2_s01_near,formal,2026-08-15T15:05:00Z,b0478e7c5f1ad93e4cf41827d653d191c4a86804,false,task_scales_formal_v3,baaa5c346f0c31ac4bb1fd1f81069be745425af6b28982a50aa11d42ff41b232,task,Task2.pipeline,Task2,pipeline_total,chirp+gausspulse+sawtooth+square+hamming+firwin+firfilter+cubic+fm_demod+correlate+spectrogram+cwt+argrelextrema+kalman_filter;host:ricker+fusion+observation,task2_pipeline__task2_s01_near__3ffea69561cd022b,task2_s01_near,10^2,256,[256],FP32,cpu,fft_thrust,compatibility/end-to-end,PASS,OK,20,100,9,25.599185000000002,true,3ffea69561cd022b7efce5632368854a93bb112af12cf45f40ef946b3f24c98a,2a62e5502f1f8160ddc9bf6d038d6847bdfce0c276145728879fdf6bb2f99162
1,20260815T152000Z_b0478e7_fft_thrust_fft_thrust_task2_pipeline_benchmark_task2_s01_near,formal,2026-08-15T15:05:00Z,b0478e7c5f1ad93e4cf41827d653d191c4a86804,false,task_scales_formal_v3,baaa5c346f0c31ac4bb1fd1f81069be745425af6b28982a50aa11d42ff41b232,task,Task2.pipeline,Task2,pipeline_total,chirp+gausspulse+sawtooth+square+hamming+firwin+firfilter+cubic+fm_demod+correlate+spectrogram+cwt+argrelextrema+kalman_filter;host:ricker+fusion+observation,task2_pipeline__task2_s01_near__3ffea69561cd022b,task2_s01_near,10^2,256,[256],FP32,gpu,fft_thrust,compatibility/end-to-end,PASS,OK,20,100,9,6.1621749999999995,true,3ffea69561cd022b7efce5632368854a93bb112af12cf45f40ef946b3f24c98a,a2a96fb1d9d4986297993bdb03565bcf91848c83b23b91be63a00135e67f1343
1,20260815T152000Z_b0478e7_fft_thrust_fft_thrust_task2_pipeline_benchmark_task2_s01_near,formal,2026-08-15T15:05:00Z,b0478e7c5f1ad93e4cf41827d653d191c4a86804,false,task_scales_formal_v3,baaa5c346f0c31ac4bb1fd1f81069be745425af6b28982a50aa11d42ff41b232,task,Task2.pipeline,Task2,pipeline_total,chirp+gausspulse+sawtooth+square+hamming+firwin+firfilter+cubic+fm_demod+correlate+spectrogram+cwt+argrelextrema+kalman_filter;host:ricker+fusion+observation,task2_pipeline__task2_s01_near__3ffea69561cd022b,task2_s01_near,10^2,256,[256],FP32,cpu,fft_thrust,compatibility/end-to-end,PASS,OK,20,100,10,25.285145,true,3ffea69561cd022b7efce5632368854a93bb112af12cf45f40ef946b3f24c98a,2a62e5502f1f8160ddc9bf6d038d6847bdfce0c276145728879fdf6bb2f99162
1,20260815T152000Z_b0478e7_fft_thrust_fft_thrust_task2_pipeline_benchmark_task2_s01_near,formal,2026-08-15T15:05:00Z,b0478e7c5f1ad93e4cf41827d653d191c4a86804,false,task_scales_formal_v3,baaa5c346f0c31ac4bb1fd1f81069be745425af6b28982a50aa11d42ff41b232,task,Task2.pipeline,Task2,pipeline_total,chirp+gausspulse+sawtooth+square+hamming+firwin+firfilter+cubic+fm_demod+correlate+spectrogram+cwt+argrelextrema+kalman_filter;host:ricker+fusion+observation,task2_pipeline__task2_s01_near__3ffea69561cd022b,task2_s01_near,10^2,256,[256],FP32,gpu,fft_thrust,compatibility/end-to-end,PASS,OK,20,100,10,6.2902249999999995,true,3ffea69561cd022b7efce5632368854a93bb112af12cf45f40ef946b3f24c98a,a2a96fb1d9d4986297993bdb03565bcf91848c83b23b91be63a00135e67f1343
1,20260815T152000Z_b0478e7_fft_thrust_fft_thrust_task2_pipeline_benchmark_task2_s01_near,formal,2026-08-15T15:05:00Z,b0478e7c5f1ad93e4cf41827d653d191c4a86804,false,task_scales_formal_v3,baaa5c346f0c31ac4bb1fd1f81069be745425af6b28982a50aa11d42ff41b232,task,Task2.pipeline,Task2,pipeline_total,chirp+gausspulse+sawtooth+square+hamming+firwin+firfilter+cubic+fm_demod+correlate+spectrogram+cwt+argrelextrema+kalman_filter;host:ricker+fusion+observation,task2_pipeline__task2_s01_near__3ffea69561cd022b,task2_s01_near,10^2,256,[256],FP32,cpu,fft_thrust,compatibility/end-to-end,PASS,OK,20,100,11,29.455904,true,3ffea69561cd022b7efce5632368854a93bb112af12cf45f40ef946b3f24c98a,2a62e5502f1f8160ddc9bf6d038d6847bdfce0c276145728879fdf6bb2f99162
1,20260815T152000Z_b0478e7_fft_thrust_fft_thrust_task2_pipeline_benchmark_task2_s01_near,formal,2026-08-15T15:05:00Z,b0478e7c5f1ad93e4cf41827d653d191c4a86804,false,task_scales_formal_v3,baaa5c346f0c31ac4bb1fd1f81069be745425af6b28982a50aa11d42ff41b232,task,Task2.pipeline,Task2,pipeline_total,chirp+gausspulse+sawtooth+square+hamming+firwin+firfilter+cubic+fm_demod+correlate+spectrogram+cwt+argrelextrema+kalman_filter;host:ricker+fusion+observation,task2_pipeline__task2_s01_near__3ffea69561cd022b,task2_s01_near,10^2,256,[256],FP32,gpu,fft_thrust,compatibility/end-to-end,PASS,OK,20,100,11,6.2762159999999998,true,3ffea69561cd022b7efce5632368854a93bb112af12cf45f40ef946b3f24c98a,a2a96fb1d9d4986297993bdb03565bcf91848c83b23b91be63a00135e67f1343
1,20260815T152000Z_b0478e7_fft_thrust_fft_thrust_task2_pipeline_benchmark_task2_s01_near,formal,2026-08-15T15:05:00Z,b0478e7c5f1ad93e4cf41827d653d191c4a86804,false,task_scales_formal_v3,baaa5c346f0c31ac4bb1fd1f81069be745425af6b28982a50aa11d42ff41b232,task,Task2.pipeline,Task2,pipeline_total,chirp+gausspulse+sawtooth+square+hamming+firwin+firfilter+cubic+fm_demod+correlate+spectrogram+cwt+argrelextrema+kalman_filter;host:ricker+fusion+observation,task2_pipeline__task2_s01_near__3ffea69561cd022b,task2_s01_near,10^2,256,[256],FP32,cpu,fft_thrust,compatibility/end-to-end,PASS,OK,20,100,12,25.263335000000001,true,3ffea69561cd022b7efce5632368854a93bb112af12cf45f40ef946b3f24c98a,2a62e5502f1f8160ddc9bf6d038d6847bdfce0c276145728879fdf6bb2f99162
1,20260815T152000Z_b0478e7_fft_thrust_fft_thrust_task2_pipeline_benchmark_task2_s01_near,formal,2026-08-15T15:05:00Z,b0478e7c5f1ad93e4cf41827d653d191c4a86804,false,task_scales_formal_v3,baaa5c346f0c31ac4bb1fd1f81069be745425af6b28982a50aa11d42ff41b232,task,Task2.pipeline,Task2,pipeline_total,chirp+gausspulse+sawtooth+square+hamming+firwin+firfilter+cubic+fm_demod+correlate+spectrogram+cwt+argrelextrema+kalman_filter;host:ricker+fusion+observation,task2_pipeline__task2_s01_near__3ffea69561cd022b,task2_s01_near,10^2,256,[256],FP32,gpu,fft_thrust,compatibility/end-to-end,PASS,OK,20,100,12,6.2860949999999995,true,3ffea69561cd022b7efce5632368854a93bb112af12cf45f40ef946b3f24c98a,a2a96fb1d9d4986297993bdb03565bcf91848c83b23b91be63a00135e67f1343
1,20260815T152000Z_b0478e7_fft_thrust_fft_thrust_task2_pipeline_benchmark_task2_s01_near,formal,2026-08-15T15:05:00Z,b0478e7c5f1ad93e4cf41827d653d191c4a86804,false,task_scales_formal_v3,baaa5c346f0c31ac4bb1fd1f81069be745425af6b28982a50aa11d42ff41b232,task,Task2.pipeline,Task2,pipeline_total,chirp+gausspulse+sawtooth+square+hamming+firwin+firfilter+cubic+fm_demod+correlate+spectrogram+cwt+argrelextrema+kalman_filter;host:ricker+fusion+observation,task2_pipeline__task2_s01_near__3ffea69561cd022b,task2_s01_near,10^2,256,[256],FP32,cpu,fft_thrust,compatibility/end-to-end,PASS,OK,20,100,13,24.87764,true,3ffea69561cd022b7efce5632368854a93bb112af12cf45f40ef946b3f24c98a,2a62e5502f1f8160ddc9bf6d038d6847bdfce0c276145728879fdf6bb2f99162
1,20260815T152000Z_b0478e7_fft_thrust_fft_thrust_task2_pipeline_benchmark_task2_s01_near,formal,2026-08-15T15:05:00Z,b0478e7c5f1ad93e4cf41827d653d191c4a86804,false,task_scales_formal_v3,baaa5c346f0c31ac4bb1fd1f81069be745425af6b28982a50aa11d42ff41b232,task,Task2.pipeline,Task2,pipeline_total,chirp+gausspulse+sawtooth+square+hamming+firwin+firfilter+cubic+fm_demod+correlate+spectrogram+cwt+argrelextrema+kalman_filter;host:ricker+fusion+observation,task2_pipeline__task2_s01_near__3ffea69561cd022b,task2_s01_near,10^2,256,[256],FP32,gpu,fft_thrust,compatibility/end-to-end,PASS,OK,20,100,13,6.2169750000000006,true,3ffea69561cd022b7efce5632368854a93bb112af12cf45f40ef946b3f24c98a,a2a96fb1d9d4986297993bdb03565bcf91848c83b23b91be63a00135e67f1343
1,20260815T152000Z_b0478e7_fft_thrust_fft_thrust_task2_pipeline_benchmark_task2_s01_near,formal,2026-08-15T15:05:00Z,b0478e7c5f1ad93e4cf41827d653d191c4a86804,false,task_scales_formal_v3,baaa5c346f0c31ac4bb1fd1f81069be745425af6b28982a50aa11d42ff41b232,task,Task2.pipeline,Task2,pipeline_total,chirp+gausspulse+sawtooth+square+hamming+firwin+firfilter+cubic+fm_demod+correlate+spectrogram+cwt+argrelextrema+kalman_filter;host:ricker+fusion+observation,task2_pipeline__task2_s01_near__3ffea69561cd022b,task2_s01_near,10^2,256,[256],FP32,cpu,fft_thrust,compatibility/end-to-end,PASS,OK,20,100,14,25.213712000000001,true,3ffea69561cd022b7efce5632368854a93bb112af12cf45f40ef946b3f24c98a,2a62e5502f1f8160ddc9bf6d038d6847bdfce0c276145728879fdf6bb2f99162
1,20260815T152000Z_b0478e7_fft_thrust_fft_thrust_task2_pipeline_benchmark_task2_s01_near,formal,2026-08-15T15:05:00Z,b0478e7c5f1ad93e4cf41827d653d191c4a86804,false,task_scales_formal_v3,baaa5c346f0c31ac4bb1fd1f81069be745425af6b28982a50aa11d42ff41b232,task,Task2.pipeline,Task2,pipeline_total,chirp+gausspulse+sawtooth+square+hamming+firwin+firfilter+cubic+fm_demod+correlate+spectrogram+cwt+argrelextrema+kalman_filter;host:ricker+fusion+observation,task2_pipeline__task2_s01_near__3ffea69561cd022b,task2_s01_near,10^2,256,[256],FP32,gpu,fft_thrust,compatibility/end-to-end,PASS,OK,20,100,14,6.2869659999999996,true,3ffea69561cd022b7efce5632368854a93bb112af12cf45f40ef946b3f24c98a,a2a96fb1d9d4986297993bdb03565bcf91848c83b23b91be63a00135e67f1343
1,20260815T152000Z_b0478e7_fft_thrust_fft_thrust_task2_pipeline_benchmark_task2_s01_near,formal,2026-08-15T15:05:00Z,b0478e7c5f1ad93e4cf41827d653d191c4a86804,false,task_scales_formal_v3,baaa5c346f0c31ac4bb1fd1f81069be745425af6b28982a50aa11d42ff41b232,task,Task2.pipeline,Task2,pipeline_total,chirp+gausspulse+sawtooth+square+hamming+firwin+firfilter+cubic+fm_demod+correlate+spectrogram+cwt+argrelextrema+kalman_filter;host:ricker+fusion+observation,task2_pipeline__task2_s01_near__3ffea69561cd022b,task2_s01_near,10^2,256,[256],FP32,cpu,fft_thrust,compatibility/end-to-end,PASS,OK,20,100,15,24.928531,true,3ffea69561cd022b7efce5632368854a93bb112af12cf45f40ef946b3f24c98a,2a62e5502f1f8160ddc9bf6d038d6847bdfce0c276145728879fdf6bb2f99162
1,20260815T152000Z_b0478e7_fft_thrust_fft_thrust_task2_pipeline_benchmark_task2_s01_near,formal,2026-08-15T15:05:00Z,b0478e7c5f1ad93e4cf41827d653d191c4a86804,false,task_scales_formal_v3,baaa5c346f0c31ac4bb1fd1f81069be745425af6b28982a50aa11d42ff41b232,task,Task2.pipeline,Task2,pipeline_total,chirp+gausspulse+sawtooth+square+hamming+firwin+firfilter+cubic+fm_demod+correlate+spectrogram+cwt+argrelextrema+kalman_filter;host:ricker+fusion+observation,task2_pipeline__task2_s01_near__3ffea69561cd022b,task2_s01_near,10^2,256,[256],FP32,gpu,fft_thrust,compatibility/end-to-end,PASS,OK,20,100,15,6.3250850000000005,true,3ffea69561cd022b7efce5632368854a93bb112af12cf45f40ef946b3f24c98a,a2a96fb1d9d4986297993bdb03565bcf91848c83b23b91be63a00135e67f1343
1,20260815T152000Z_b0478e7_fft_thrust_fft_thrust_task2_pipeline_benchmark_task2_s01_near,formal,2026-08-15T15:05:00Z,b0478e7c5f1ad93e4cf41827d653d191c4a86804,false,task_scales_formal_v3,baaa5c346f0c31ac4bb1fd1f81069be745425af6b28982a50aa11d42ff41b232,task,Task2.pipeline,Task2,pipeline_total,chirp+gausspulse+sawtooth+square+hamming+firwin+firfilter+cubic+fm_demod+correlate+spectrogram+cwt+argrelextrema+kalman_filter;host:ricker+fusion+observation,task2_pipeline__task2_s01_near__3ffea69561cd022b,task2_s01_near,10^2,256,[256],FP32,cpu,fft_thrust,compatibility/end-to-end,PASS,OK,20,100,16,24.989001999999999,true,3ffea69561cd022b7efce5632368854a93bb112af12cf45f40ef946b3f24c98a,2a62e5502f1f8160ddc9bf6d038d6847bdfce0c276145728879fdf6bb2f99162
1,20260815T152000Z_b0478e7_fft_thrust_fft_thrust_task2_pipeline_benchmark_task2_s01_near,formal,2026-08-15T15:05:00Z,b0478e7c5f1ad93e4cf41827d653d191c4a86804,false,task_scales_formal_v3,baaa5c346f0c31ac4bb1fd1f81069be745425af6b28982a50aa11d42ff41b232,task,Task2.pipeline,Task2,pipeline_total,chirp+gausspulse+sawtooth+square+hamming+firwin+firfilter+cubic+fm_demod+correlate+spectrogram+cwt+argrelextrema+kalman_filter;host:ricker+fusion+observation,task2_pipeline__task2_s01_near__3ffea69561cd022b,task2_s01_near,10^2,256,[256],FP32,gpu,fft_thrust,compatibility/end-to-end,PASS,OK,20,100,16,8.2290600000000005,true,3ffea69561cd022b7efce5632368854a93bb112af12cf45f40ef946b3f24c98a,a2a96fb1d9d4986297993bdb03565bcf91848c83b23b91be63a00135e67f1343
1,20260815T152000Z_b0478e7_fft_thrust_fft_thrust_task2_pipeline_benchmark_task2_s01_near,formal,2026-08-15T15:05:00Z,b0478e7c5f1ad93e4cf41827d653d191c4a86804,false,task_scales_formal_v3,baaa5c346f0c31ac4bb1fd1f81069be745425af6b28982a50aa11d42ff41b232,task,Task2.pipeline,Task2,pipeline_total,chirp+gausspulse+sawtooth+square+hamming+firwin+firfilter+cubic+fm_demod+correlate+spectrogram+cwt+argrelextrema+kalman_filter;host:ricker+fusion+observation,task2_pipeline__task2_s01_near__3ffea69561cd022b,task2_s01_near,10^2,256,[256],FP32,cpu,fft_thrust,compatibility/end-to-end,PASS,OK,20,100,17,25.497505999999998,true,3ffea69561cd022b7efce5632368854a93bb112af12cf45f40ef946b3f24c98a,2a62e5502f1f8160ddc9bf6d038d6847bdfce0c276145728879fdf6bb2f99162
1,20260815T152000Z_b0478e7_fft_thrust_fft_thrust_task2_pipeline_benchmark_task2_s01_near,formal,2026-08-15T15:05:00Z,b0478e7c5f1ad93e4cf41827d653d191c4a86804,false,task_scales_formal_v3,baaa5c346f0c31ac4bb1fd1f81069be745425af6b28982a50aa11d42ff41b232,task,Task2.pipeline,Task2,pipeline_total,chirp+gausspulse+sawtooth+square+hamming+firwin+firfilter+cubic+fm_demod+correlate+spectrogram+cwt+argrelextrema+kalman_filter;host:ricker+fusion+observation,task2_pipeline__task2_s01_near__3ffea69561cd022b,task2_s01_near,10^2,256,[256],FP32,gpu,fft_thrust,compatibility/end-to-end,PASS,OK,20,100,17,6.2702660000000003,true,3ffea69561cd022b7efce5632368854a93bb112af12cf45f40ef946b3f24c98a,a2a96fb1d9d4986297993bdb03565bcf91848c83b23b91be63a00135e67f1343
1,20260815T152000Z_b0478e7_fft_thrust_fft_thrust_task2_pipeline_benchmark_task2_s01_near,formal,2026-08-15T15:05:00Z,b0478e7c5f1ad93e4cf41827d653d191c4a86804,false,task_scales_formal_v3,baaa5c346f0c31ac4bb1fd1f81069be745425af6b28982a50aa11d42ff41b232,task,Task2.pipeline,Task2,pipeline_total,chirp+gausspulse+sawtooth+square+hamming+firwin+firfilter+cubic+fm_demod+correlate+spectrogram+cwt+argrelextrema+kalman_filter;host:ricker+fusion+observation,task2_pipeline__task2_s01_near__3ffea69561cd022b,task2_s01_near,10^2,256,[256],FP32,cpu,fft_thrust,compatibility/end-to-end,PASS,OK,20,100,18,25.204833999999998,true,3ffea69561cd022b7efce5632368854a93bb112af12cf45f40ef946b3f24c98a,2a62e5502f1f8160ddc9bf6d038d6847bdfce0c276145728879fdf6bb2f99162
1,20260815T152000Z_b0478e7_fft_thrust_fft_thrust_task2_pipeline_benchmark_task2_s01_near,formal,2026-08-15T15:05:00Z,b0478e7c5f1ad93e4cf41827d653d191c4a86804,false,task_scales_formal_v3,baaa5c346f0c31ac4bb1fd1f81069be745425af6b28982a50aa11d42ff41b232,task,Task2.pipeline,Task2,pipeline_total,chirp+gausspulse+sawtooth+square+hamming+firwin+firfilter+cubic+fm_demod+correlate+spectrogram+cwt+argrelextrema+kalman_filter;host:ricker+fusion+observation,task2_pipeline__task2_s01_near__3ffea69561cd022b,task2_s01_near,10^2,256,[256],FP32,gpu,fft_thrust,compatibility/end-to-end,PASS,OK,20,100,18,6.3970859999999998,true,3ffea69561cd022b7efce5632368854a93bb112af12cf45f40ef946b3f24c98a,a2a96fb1d9d4986297993bdb03565bcf91848c83b23b91be63a00135e67f1343
1,20260815T152000Z_b0478e7_fft_thrust_fft_thrust_task2_pipeline_benchmark_task2_s01_near,formal,2026-08-15T15:05:00Z,b0478e7c5f1ad93e4cf41827d653d191c4a86804,false,task_scales_formal_v3,baaa5c346f0c31ac4bb1fd1f81069be745425af6b28982a50aa11d42ff41b232,task,Task2.pipeline,Task2,pipeline_total,chirp+gausspulse+sawtooth+square+hamming+firwin+firfilter+cubic+fm_demod+correlate+spectrogram+cwt+argrelextrema+kalman_filter;host:ricker+fusion+observation,task2_pipeline__task2_s01_near__3ffea69561cd022b,task2_s01_near,10^2,256,[256],FP32,cpu,fft_thrust,compatibility/end-to-end,PASS,OK,20,100,19,25.155802999999999,true,3ffea69561cd022b7efce5632368854a93bb112af12cf45f40ef946b3f24c98a,2a62e5502f1f8160ddc9bf6d038d6847bdfce0c276145728879fdf6bb2f99162
1,20260815T152000Z_b0478e7_fft_thrust_fft_thrust_task2_pipeline_benchmark_task2_s01_near,formal,2026-08-15T15:05:00Z,b0478e7c5f1ad93e4cf41827d653d191c4a86804,false,task_scales_formal_v3,baaa5c346f0c31ac4bb1fd1f81069be745425af6b28982a50aa11d42ff41b232,task,Task2.pipeline,Task2,pipeline_total,chirp+gausspulse+sawtooth+square+hamming+firwin+firfilter+cubic+fm_demod+correlate+spectrogram+cwt+argrelextrema+kalman_filter;host:ricker+fusion+observation,task2_pipeline__task2_s01_near__3ffea69561cd022b,task2_s01_near,10^2,256,[256],FP32,gpu,fft_thrust,compatibility/end-to-end,PASS,OK,20,100,19,6.3546849999999999,true,3ffea69561cd022b7efce5632368854a93bb112af12cf45f40ef946b3f24c98a,a2a96fb1d9d4986297993bdb03565bcf91848c83b23b91be63a00135e67f1343
1,20260815T152000Z_b0478e7_fft_thrust_fft_thrust_task2_pipeline_benchmark_task2_s01_near,formal,2026-08-15T15:05:00Z,b0478e7c5f1ad93e4cf41827d653d191c4a86804,false,task_scales_formal_v3,baaa5c346f0c31ac4bb1fd1f81069be745425af6b28982a50aa11d42ff41b232,task,Task2.pipeline,Task2,pipeline_total,chirp+gausspulse+sawtooth+square+hamming+firwin+firfilter+cubic+fm_demod+correlate+spectrogram+cwt+argrelextrema+kalman_filter;host:ricker+fusion+observation,task2_pipeline__task2_s01_near__3ffea69561cd022b,task2_s01_near,10^2,256,[256],FP32,cpu,fft_thrust,compatibility/end-to-end,PASS,OK,20,100,20,25.163841999999999,true,3ffea69561cd022b7efce5632368854a93bb112af12cf45f40ef946b3f24c98a,2a62e5502f1f8160ddc9bf6d038d6847bdfce0c276145728879fdf6bb2f99162
1,20260815T152000Z_b0478e7_fft_thrust_fft_thrust_task2_pipeline_benchmark_task2_s01_near,formal,2026-08-15T15:05:00Z,b0478e7c5f1ad93e4cf41827d653d191c4a86804,false,task_scales_formal_v3,baaa5c346f0c31ac4bb1fd1f81069be745425af6b28982a50aa11d42ff41b232,task,Task2.pipeline,Task2,pipeline_total,chirp+gausspulse+sawtooth+square+hamming+firwin+firfilter+cubic+fm_demod+correlate+spectrogram+cwt+argrelextrema+kalman_filter;host:ricker+fusion+observation,task2_pipeline__task2_s01_near__3ffea69561cd022b,task2_s01_near,10^2,256,[256],FP32,gpu,fft_thrust,compatibility/end-to-end,PASS,OK,20,100,20,6.4610050000000001,true,3ffea69561cd022b7efce5632368854a93bb112af12cf45f40ef946b3f24c98a,a2a96fb1d9d4986297993bdb03565bcf91848c83b23b91be63a00135e67f1343
1,20260815T152000Z_b0478e7_fft_thrust_fft_thrust_task2_pipeline_benchmark_task2_s01_near,formal,2026-08-15T15:05:00Z,b0478e7c5f1ad93e4cf41827d653d191c4a86804,false,task_scales_formal_v3,baaa5c346f0c31ac4bb1fd1f81069be745425af6b28982a50aa11d42ff41b232,task,Task2.pipeline,Task2,pipeline_total,chirp+gausspulse+sawtooth+square+hamming+firwin+firfilter+cubic+fm_demod+correlate+spectrogram+cwt+argrelextrema+kalman_filter;host:ricker+fusion+observation,task2_pipeline__task2_s01_near__3ffea69561cd022b,task2_s01_near,10^2,256,[256],FP32,cpu,fft_thrust,compatibility/end-to-end,PASS,OK,20,100,21,24.788699999999999,true,3ffea69561cd022b7efce5632368854a93bb112af12cf45f40ef946b3f24c98a,2a62e5502f1f8160ddc9bf6d038d6847bdfce0c276145728879fdf6bb2f99162
1,20260815T152000Z_b0478e7_fft_thrust_fft_thrust_task2_pipeline_benchmark_task2_s01_near,formal,2026-08-15T15:05:00Z,b0478e7c5f1ad93e4cf41827d653d191c4a86804,false,task_scales_formal_v3,baaa5c346f0c31ac4bb1fd1f81069be745425af6b28982a50aa11d42ff41b232,task,Task2.pipeline,Task2,pipeline_total,chirp+gausspulse+sawtooth+square+hamming+firwin+firfilter+cubic+fm_demod+correlate+spectrogram+cwt+argrelextrema+kalman_filter;host:ricker+fusion+observation,task2_pipeline__task2_s01_near__3ffea69561cd022b,task2_s01_near,10^2,256,[256],FP32,gpu,fft_thrust,compatibility/end-to-end,PASS,OK,20,100,21,6.332535,true,3ffea69561cd022b7efce5632368854a93bb112af12cf45f40ef946b3f24c98a,a2a96fb1d9d4986297993bdb03565bcf91848c83b23b91be63a00135e67f1343
1,20260815T152000Z_b0478e7_fft_thrust_fft_thrust_task2_pipeline_benchmark_task2_s01_near,formal,2026-08-15T15:05:00Z,b0478e7c5f1ad93e4cf41827d653d191c4a86804,false,task_scales_formal_v3,baaa5c346f0c31ac4bb1fd1f81069be745425af6b28982a50aa11d42ff41b232,task,Task2.pipeline,Task2,pipeline_total,chirp+gausspulse+sawtooth+square+hamming+firwin+firfilter+cubic+fm_demod+correlate+spectrogram+cwt+argrelextrema+kalman_filter;host:ricker+fusion+observation,task2_pipeline__task2_s01_near__3ffea69561cd022b,task2_s01_near,10^2,256,[256],FP32,cpu,fft_thrust,compatibility/end-to-end,PASS,OK,20,100,22,25.196303,true,3ffea69561cd022b7efce5632368854a93bb112af12cf45f40ef946b3f24c98a,2a62e5502f1f8160ddc9bf6d038d6847bdfce0c276145728879fdf6bb2f99162
1,20260815T152000Z_b0478e7_fft_thrust_fft_thrust_task2_pipeline_benchmark_task2_s01_near,formal,2026-08-15T15:05:00Z,b0478e7c5f1ad93e4cf41827d653d191c4a86804,false,task_scales_formal_v3,baaa5c346f0c31ac4bb1fd1f81069be745425af6b28982a50aa11d42ff41b232,task,Task2.pipeline,Task2,pipeline_total,chirp+gausspulse+sawtooth+square+hamming+firwin+firfilter+cubic+fm_demod+correlate+spectrogram+cwt+argrelextrema+kalman_filter;host:ricker+fusion+observation,task2_pipeline__task2_s01_near__3ffea69561cd022b,task2_s01_near,10^2,256,[256],FP32,gpu,fft_thrust,compatibility/end-to-end,PASS,OK,20,100,22,6.5219269999999998,true,3ffea69561cd022b7efce5632368854a93bb112af12cf45f40ef946b3f24c98a,a2a96fb1d9d4986297993bdb03565bcf91848c83b23b91be63a00135e67f1343
1,20260815T152000Z_b0478e7_fft_thrust_fft_thrust_task2_pipeline_benchmark_task2_s01_near,formal,2026-08-15T15:05:00Z,b0478e7c5f1ad93e4cf41827d653d191c4a86804,false,task_scales_formal_v3,baaa5c346f0c31ac4bb1fd1f81069be745425af6b28982a50aa11d42ff41b232,task,Task2.pipeline,Task2,pipeline_total,chirp+gausspulse+sawtooth+square+hamming+firwin+firfilter+cubic+fm_demod+correlate+spectrogram+cwt+argrelextrema+kalman_filter;host:ricker+fusion+observation,task2_pipeline__task2_s01_near__3ffea69561cd022b,task2_s01_near,10^2,256,[256],FP32,cpu,fft_thrust,compatibility/end-to-end,PASS,OK,20,100,23,24.854340000000001,true,3ffea69561cd022b7efce5632368854a93bb112af12cf45f40ef946b3f24c98a,2a62e5502f1f8160ddc9bf6d038d6847bdfce0c276145728879fdf6bb2f99162
1,20260815T152000Z_b0478e7_fft_thrust_fft_thrust_task2_pipeline_benchmark_task2_s01_near,formal,2026-08-15T15:05:00Z,b0478e7c5f1ad93e4cf41827d653d191c4a86804,false,task_scales_formal_v3,baaa5c346f0c31ac4bb1fd1f81069be745425af6b28982a50aa11d42ff41b232,task,Task2.pipeline,Task2,pipeline_total,chirp+gausspulse+sawtooth+square+hamming+firwin+firfilter+cubic+fm_demod+correlate+spectrogram+cwt+argrelextrema+kalman_filter;host:ricker+fusion+observation,task2_pipeline__task2_s01_near__3ffea69561cd022b,task2_s01_near,10^2,256,[256],FP32,gpu,fft_thrust,compatibility/end-to-end,PASS,OK,20,100,23,6.5402979999999999,true,3ffea69561cd022b7efce5632368854a93bb112af12cf45f40ef946b3f24c98a,a2a96fb1d9d4986297993bdb03565bcf91848c83b23b91be63a00135e67f1343
1,20260815T152000Z_b0478e7_fft_thrust_fft_thrust_task2_pipeline_benchmark_task2_s01_near,formal,2026-08-15T15:05:00Z,b0478e7c5f1ad93e4cf41827d653d191c4a86804,false,task_scales_formal_v3,baaa5c346f0c31ac4bb1fd1f81069be745425af6b28982a50aa11d42ff41b232,task,Task2.pipeline,Task2,pipeline_total,chirp+gausspulse+sawtooth+square+hamming+firwin+firfilter+cubic+fm_demod+correlate+spectrogram+cwt+argrelextrema+kalman_filter;host:ricker+fusion+observation,task2_pipeline__task2_s01_near__3ffea69561cd022b,task2_s01_near,10^2,256,[256],FP32,cpu,fft_thrust,compatibility/end-to-end,PASS,OK,20,100,24,24.724709000000001,true,3ffea69561cd022b7efce5632368854a93bb112af12cf45f40ef946b3f24c98a,2a62e5502f1f8160ddc9bf6d038d6847bdfce0c276145728879fdf6bb2f99162
1,20260815T152000Z_b0478e7_fft_thrust_fft_thrust_task2_pipeline_benchmark_task2_s01_near,formal,2026-08-15T15:05:00Z,b0478e7c5f1ad93e4cf41827d653d191c4a86804,false,task_scales_formal_v3,baaa5c346f0c31ac4bb1fd1f81069be745425af6b28982a50aa11d42ff41b232,task,Task2.pipeline,Task2,pipeline_total,chirp+gausspulse+sawtooth+square+hamming+firwin+firfilter+cubic+fm_demod+correlate+spectrogram+cwt+argrelextrema+kalman_filter;host:ricker+fusion+observation,task2_pipeline__task2_s01_near__3ffea69561cd022b,task2_s01_near,10^2,256,[256],FP32,gpu,fft_thrust,compatibility/end-to-end,PASS,OK,20,100,24,6.2405359999999996,true,3ffea69561cd022b7efce5632368854a93bb112af12cf45f40ef946b3f24c98a,a2a96fb1d9d4986297993bdb03565bcf91848c83b23b91be63a00135e67f1343
1,20260815T152000Z_b0478e7_fft_thrust_fft_thrust_task2_pipeline_benchmark_task2_s01_near,formal,2026-08-15T15:05:00Z,b0478e7c5f1ad93e4cf41827d653d191c4a86804,false,task_scales_formal_v3,baaa5c346f0c31ac4bb1fd1f81069be745425af6b28982a50aa11d42ff41b232,task,Task2.pipeline,Task2,pipeline_total,chirp+gausspulse+sawtooth+square+hamming+firwin+firfilter+cubic+fm_demod+correlate+spectrogram+cwt+argrelextrema+kalman_filter;host:ricker+fusion+observation,task2_pipeline__task2_s01_near__3ffea69561cd022b,task2_s01_near,10^2,256,[256],FP32,cpu,fft_thrust,compatibility/end-to-end,PASS,OK,20,100,25,25.290991999999999,true,3ffea69561cd022b7efce5632368854a93bb112af12cf45f40ef946b3f24c98a,2a62e5502f1f8160ddc9bf6d038d6847bdfce0c276145728879fdf6bb2f99162
1,20260815T152000Z_b0478e7_fft_thrust_fft_thrust_task2_pipeline_benchmark_task2_s01_near,formal,2026-08-15T15:05:00Z,b0478e7c5f1ad93e4cf41827d653d191c4a86804,false,task_scales_formal_v3,baaa5c346f0c31ac4bb1fd1f81069be745425af6b28982a50aa11d42ff41b232,task,Task2.pipeline,Task2,pipeline_total,chirp+gausspulse+sawtooth+square+hamming+firwin+firfilter+cubic+fm_demod+correlate+spectrogram+cwt+argrelextrema+kalman_filter;host:ricker+fusion+observation,task2_pipeline__task2_s01_near__3ffea69561cd022b,task2_s01_near,10^2,256,[256],FP32,gpu,fft_thrust,compatibility/end-to-end,PASS,OK,20,100,25,6.3737069999999996,true,3ffea69561cd022b7efce5632368854a93bb112af12cf45f40ef946b3f24c98a,a2a96fb1d9d4986297993bdb03565bcf91848c83b23b91be63a00135e67f1343
1,20260815T152000Z_b0478e7_fft_thrust_fft_thrust_task2_pipeline_benchmark_task2_s01_near,formal,2026-08-15T15:05:00Z,b0478e7c5f1ad93e4cf41827d653d191c4a86804,false,task_scales_formal_v3,baaa5c346f0c31ac4bb1fd1f81069be745425af6b28982a50aa11d42ff41b232,task,Task2.pipeline,Task2,pipeline_total,chirp+gausspulse+sawtooth+square+hamming+firwin+firfilter+cubic+fm_demod+correlate+spectrogram+cwt+argrelextrema+kalman_filter;host:ricker+fusion+observation,task2_pipeline__task2_s01_near__3ffea69561cd022b,task2_s01_near,10^2,256,[256],FP32,cpu,fft_thrust,compatibility/end-to-end,PASS,OK,20,100,26,24.963630999999999,true,3ffea69561cd022b7efce5632368854a93bb112af12cf45f40ef946b3f24c98a,2a62e5502f1f8160ddc9bf6d038d6847bdfce0c276145728879fdf6bb2f99162
1,20260815T152000Z_b0478e7_fft_thrust_fft_thrust_task2_pipeline_benchmark_task2_s01_near,formal,2026-08-15T15:05:00Z,b0478e7c5f1ad93e4cf41827d653d191c4a86804,false,task_scales_formal_v3,baaa5c346f0c31ac4bb1fd1f81069be745425af6b28982a50aa11d42ff41b232,task,Task2.pipeline,Task2,pipeline_total,chirp+gausspulse+sawtooth+square+hamming+firwin+firfilter+cubic+fm_demod+correlate+spectrogram+cwt+argrelextrema+kalman_filter;host:ricker+fusion+observation,task2_pipeline__task2_s01_near__3ffea69561cd022b,task2_s01_near,10^2,256,[256],FP32,gpu,fft_thrust,compatibility/end-to-end,PASS,OK,20,100,26,6.2240850000000005,true,3ffea69561cd022b7efce5632368854a93bb112af12cf45f40ef946b3f24c98a,a2a96fb1d9d4986297993bdb03565bcf91848c83b23b91be63a00135e67f1343
1,20260815T152000Z_b0478e7_fft_thrust_fft_thrust_task2_pipeline_benchmark_task2_s01_near,formal,2026-08-15T15:05:00Z,b0478e7c5f1ad93e4cf41827d653d191c4a86804,false,task_scales_formal_v3,baaa5c346f0c31ac4bb1fd1f81069be745425af6b28982a50aa11d42ff41b232,task,Task2.pipeline,Task2,pipeline_total,chirp+gausspulse+sawtooth+square+hamming+firwin+firfilter+cubic+fm_demod+correlate+spectrogram+cwt+argrelextrema+kalman_filter;host:ricker+fusion+observation,task2_pipeline__task2_s01_near__3ffea69561cd022b,task2_s01_near,10^2,256,[256],FP32,cpu,fft_thrust,compatibility/end-to-end,PASS,OK,20,100,27,24.837278999999999,true,3ffea69561cd022b7efce5632368854a93bb112af12cf45f40ef946b3f24c98a,2a62e5502f1f8160ddc9bf6d038d6847bdfce0c276145728879fdf6bb2f99162
1,20260815T152000Z_b0478e7_fft_thrust_fft_thrust_task2_pipeline_benchmark_task2_s01_near,formal,2026-08-15T15:05:00Z,b0478e7c5f1ad93e4cf41827d653d191c4a86804,false,task_scales_formal_v3,baaa5c346f0c31ac4bb1fd1f81069be745425af6b28982a50aa11d42ff41b232,task,Task2.pipeline,Task2,pipeline_total,chirp+gausspulse+sawtooth+square+hamming+firwin+firfilter+cubic+fm_demod+correlate+spectrogram+cwt+argrelextrema+kalman_filter;host:ricker+fusion+observation,task2_pipeline__task2_s01_near__3ffea69561cd022b,task2_s01_near,10^2,256,[256],FP32,gpu,fft_thrust,compatibility/end-to-end,PASS,OK,20,100,27,6.2922859999999998,true,3ffea69561cd022b7efce5632368854a93bb112af12cf45f40ef946b3f24c98a,a2a96fb1d9d4986297993bdb03565bcf91848c83b23b91be63a00135e67f1343
1,20260815T152000Z_b0478e7_fft_thrust_fft_thrust_task2_pipeline_benchmark_task2_s01_near,formal,2026-08-15T15:05:00Z,b0478e7c5f1ad93e4cf41827d653d191c4a86804,false,task_scales_formal_v3,baaa5c346f0c31ac4bb1fd1f81069be745425af6b28982a50aa11d42ff41b232,task,Task2.pipeline,Task2,pipeline_total,chirp+gausspulse+sawtooth+square+hamming+firwin+firfilter+cubic+fm_demod+correlate+spectrogram+cwt+argrelextrema+kalman_filter;host:ricker+fusion+observation,task2_pipeline__task2_s01_near__3ffea69561cd022b,task2_s01_near,10^2,256,[256],FP32,cpu,fft_thrust,compatibility/end-to-end,PASS,OK,20,100,28,25.185362999999999,true,3ffea69561cd022b7efce5632368854a93bb112af12cf45f40ef946b3f24c98a,2a62e5502f1f8160ddc9bf6d038d6847bdfce0c276145728879fdf6bb2f99162
1,20260815T152000Z_b0478e7_fft_thrust_fft_thrust_task2_pipeline_benchmark_task2_s01_near,formal,2026-08-15T15:05:00Z,b0478e7c5f1ad93e4cf41827d653d191c4a86804,false,task_scales_formal_v3,baaa5c346f0c31ac4bb1fd1f81069be745425af6b28982a50aa11d42ff41b232,task,Task2.pipeline,Task2,pipeline_total,chirp+gausspulse+sawtooth+square+hamming+firwin+firfilter+cubic+fm_demod+correlate+spectrogram+cwt+argrelextrema+kalman_filter;host:ricker+fusion+observation,task2_pipeline__task2_s01_near__3ffea69561cd022b,task2_s01_near,10^2,256,[256],FP32,gpu,fft_thrust,compatibility/end-to-end,PASS,OK,20,100,28,6.1414239999999998,true,3ffea69561cd022b7efce5632368854a93bb112af12cf45f40ef946b3f24c98a,a2a96fb1d9d4986297993bdb03565bcf91848c83b23b91be63a00135e67f1343
1,20260815T152000Z_b0478e7_fft_thrust_fft_thrust_task2_pipeline_benchmark_task2_s01_near,formal,2026-08-15T15:05:00Z,b0478e7c5f1ad93e4cf41827d653d191c4a86804,false,task_scales_formal_v3,baaa5c346f0c31ac4bb1fd1f81069be745425af6b28982a50aa11d42ff41b232,task,Task2.pipeline,Task2,pipeline_total,chirp+gausspulse+sawtooth+square+hamming+firwin+firfilter+cubic+fm_demod+correlate+spectrogram+cwt+argrelextrema+kalman_filter;host:ricker+fusion+observation,task2_pipeline__task2_s01_near__3ffea69561cd022b,task2_s01_near,10^2,256,[256],FP32,cpu,fft_thrust,compatibility/end-to-end,PASS,OK,20,100,29,24.930741000000001,true,3ffea69561cd022b7efce5632368854a93bb112af12cf45f40ef946b3f24c98a,2a62e5502f1f8160ddc9bf6d038d6847bdfce0c276145728879fdf6bb2f99162
1,20260815T152000Z_b0478e7_fft_thrust_fft_thrust_task2_pipeline_benchmark_task2_s01_near,formal,2026-08-15T15:05:00Z,b0478e7c5f1ad93e4cf41827d653d191c4a86804,false,task_scales_formal_v3,baaa5c346f0c31ac4bb1fd1f81069be745425af6b28982a50aa11d42ff41b232,task,Task2.pipeline,Task2,pipeline_total,chirp+gausspulse+sawtooth+square+hamming+firwin+firfilter+cubic+fm_demod+correlate+spectrogram+cwt+argrelextrema+kalman_filter;host:ricker+fusion+observation,task2_pipeline__task2_s01_near__3ffea69561cd022b,task2_s01_near,10^2,256,[256],FP32,gpu,fft_thrust,compatibility/end-to-end,PASS,OK,20,100,29,5.9670829999999997,true,3ffea69561cd022b7efce5632368854a93bb112af12cf45f40ef946b3f24c98a,a2a96fb1d9d4986297993bdb03565bcf91848c83b23b91be63a00135e67f1343
1,20260815T152000Z_b0478e7_fft_thrust_fft_thrust_task2_pipeline_benchmark_task2_s01_near,formal,2026-08-15T15:05:00Z,b0478e7c5f1ad93e4cf41827d653d191c4a86804,false,task_scales_formal_v3,baaa5c346f0c31ac4bb1fd1f81069be745425af6b28982a50aa11d42ff41b232,task,Task2.pipeline,Task2,pipeline_total,chirp+gausspulse+sawtooth+square+hamming+firwin+firfilter+cubic+fm_demod+correlate+spectrogram+cwt+argrelextrema+kalman_filter;host:ricker+fusion+observation,task2_pipeline__task2_s01_near__3ffea69561cd022b,task2_s01_near,10^2,256,[256],FP32,cpu,fft_thrust,compatibility/end-to-end,PASS,OK,20,100,30,25.027181000000002,true,3ffea69561cd022b7efce5632368854a93bb112af12cf45f40ef946b3f24c98a,2a62e5502f1f8160ddc9bf6d038d6847bdfce0c276145728879fdf6bb2f99162
1,20260815T152000Z_b0478e7_fft_thrust_fft_thrust_task2_pipeline_benchmark_task2_s01_near,formal,2026-08-15T15:05:00Z,b0478e7c5f1ad93e4cf41827d653d191c4a86804,false,task_scales_formal_v3,baaa5c346f0c31ac4bb1fd1f81069be745425af6b28982a50aa11d42ff41b232,task,Task2.pipeline,Task2,pipeline_total,chirp+gausspulse+sawtooth+square+hamming+firwin+firfilter+cubic+fm_demod+correlate+spectrogram+cwt+argrelextrema+kalman_filter;host:ricker+fusion+observation,task2_pipeline__task2_s01_near__3ffea69561cd022b,task2_s01_near,10^2,256,[256],FP32,gpu,fft_thrust,compatibility/end-to-end,PASS,OK,20,100,30,6.3088660000000001,true,3ffea69561cd022b7efce5632368854a93bb112af12cf45f40ef946b3f24c98a,a2a96fb1d9d4986297993bdb03565bcf91848c83b23b91be63a00135e67f1343
1,20260815T152000Z_b0478e7_fft_thrust_fft_thrust_task2_pipeline_benchmark_task2_s01_near,formal,2026-08-15T15:05:00Z,b0478e7c5f1ad93e4cf41827d653d191c4a86804,false,task_scales_formal_v3,baaa5c346f0c31ac4bb1fd1f81069be745425af6b28982a50aa11d42ff41b232,task,Task2.pipeline,Task2,pipeline_total,chirp+gausspulse+sawtooth+square+hamming+firwin+firfilter+cubic+fm_demod+correlate+spectrogram+cwt+argrelextrema+kalman_filter;host:ricker+fusion+observation,task2_pipeline__task2_s01_near__3ffea69561cd022b,task2_s01_near,10^2,256,[256],FP32,cpu,fft_thrust,compatibility/end-to-end,PASS,OK,20,100,31,25.122862000000001,true,3ffea69561cd022b7efce5632368854a93bb112af12cf45f40ef946b3f24c98a,2a62e5502f1f8160ddc9bf6d038d6847bdfce0c276145728879fdf6bb2f99162
1,20260815T152000Z_b0478e7_fft_thrust_fft_thrust_task2_pipeline_benchmark_task2_s01_near,formal,2026-08-15T15:05:00Z,b0478e7c5f1ad93e4cf41827d653d191c4a86804,false,task_scales_formal_v3,baaa5c346f0c31ac4bb1fd1f81069be745425af6b28982a50aa11d42ff41b232,task,Task2.pipeline,Task2,pipeline_total,chirp+gausspulse+sawtooth+square+hamming+firwin+firfilter+cubic+fm_demod+correlate+spectrogram+cwt+argrelextrema+kalman_filter;host:ricker+fusion+observation,task2_pipeline__task2_s01_near__3ffea69561cd022b,task2_s01_near,10^2,256,[256],FP32,gpu,fft_thrust,compatibility/end-to-end,PASS,OK,20,100,31,6.0985940000000003,true,3ffea69561cd022b7efce5632368854a93bb112af12cf45f40ef946b3f24c98a,a2a96fb1d9d4986297993bdb03565bcf91848c83b23b91be63a00135e67f1343
1,20260815T152000Z_b0478e7_fft_thrust_fft_thrust_task2_pipeline_benchmark_task2_s01_near,formal,2026-08-15T15:05:00Z,b0478e7c5f1ad93e4cf41827d653d191c4a86804,false,task_scales_formal_v3,baaa5c346f0c31ac4bb1fd1f81069be745425af6b28982a50aa11d42ff41b232,task,Task2.pipeline,Task2,pipeline_total,chirp+gausspulse+sawtooth+square+hamming+firwin+firfilter+cubic+fm_demod+correlate+spectrogram+cwt+argrelextrema+kalman_filter;host:ricker+fusion+observation,task2_pipeline__task2_s01_near__3ffea69561cd022b,task2_s01_near,10^2,256,[256],FP32,cpu,fft_thrust,compatibility/end-to-end,PASS,OK,20,100,32,24.710989999999999,true,3ffea69561cd022b7efce5632368854a93bb112af12cf45f40ef946b3f24c98a,2a62e5502f1f8160ddc9bf6d038d6847bdfce0c276145728879fdf6bb2f99162
1,20260815T152000Z_b0478e7_fft_thrust_fft_thrust_task2_pipeline_benchmark_task2_s01_near,formal,2026-08-15T15:05:00Z,b0478e7c5f1ad93e4cf41827d653d191c4a86804,false,task_scales_formal_v3,baaa5c346f0c31ac4bb1fd1f81069be745425af6b28982a50aa11d42ff41b232,task,Task2.pipeline,Task2,pipeline_total,chirp+gausspulse+sawtooth+square+hamming+firwin+firfilter+cubic+fm_demod+correlate+spectrogram+cwt+argrelextrema+kalman_filter;host:ricker+fusion+observation,task2_pipeline__task2_s01_near__3ffea69561cd022b,task2_s01_near,10^2,256,[256],FP32,gpu,fft_thrust,compatibility/end-to-end,PASS,OK,20,100,32,6.2718160000000003,true,3ffea69561cd022b7efce5632368854a93bb112af12cf45f40ef946b3f24c98a,a2a96fb1d9d4986297993bdb03565bcf91848c83b23b91be63a00135e67f1343
1,20260815T152000Z_b0478e7_fft_thrust_fft_thrust_task2_pipeline_benchmark_task2_s01_near,formal,2026-08-15T15:05:00Z,b0478e7c5f1ad93e4cf41827d653d191c4a86804,false,task_scales_formal_v3,baaa5c346f0c31ac4bb1fd1f81069be745425af6b28982a50aa11d42ff41b232,task,Task2.pipeline,Task2,pipeline_total,chirp+gausspulse+sawtooth+square+hamming+firwin+firfilter+cubic+fm_demod+correlate+spectrogram+cwt+argrelextrema+kalman_filter;host:ricker+fusion+observation,task2_pipeline__task2_s01_near__3ffea69561cd022b,task2_s01_near,10^2,256,[256],FP32,cpu,fft_thrust,compatibility/end-to-end,PASS,OK,20,100,33,25.397254999999998,true,3ffea69561cd022b7efce5632368854a93bb112af12cf45f40ef946b3f24c98a,2a62e5502f1f8160ddc9bf6d038d6847bdfce0c276145728879fdf6bb2f99162
1,20260815T152000Z_b0478e7_fft_thrust_fft_thrust_task2_pipeline_benchmark_task2_s01_near,formal,2026-08-15T15:05:00Z,b0478e7c5f1ad93e4cf41827d653d191c4a86804,false,task_scales_formal_v3,baaa5c346f0c31ac4bb1fd1f81069be745425af6b28982a50aa11d42ff41b232,task,Task2.pipeline,Task2,pipeline_total,chirp+gausspulse+sawtooth+square+hamming+firwin+firfilter+cubic+fm_demod+correlate+spectrogram+cwt+argrelextrema+kalman_filter;host:ricker+fusion+observation,task2_pipeline__task2_s01_near__3ffea69561cd022b,task2_s01_near,10^2,256,[256],FP32,gpu,fft_thrust,compatibility/end-to-end,PASS,OK,20,100,33,6.4358570000000004,true,3ffea69561cd022b7efce5632368854a93bb112af12cf45f40ef946b3f24c98a,a2a96fb1d9d4986297993bdb03565bcf91848c83b23b91be63a00135e67f1343
1,20260815T152000Z_b0478e7_fft_thrust_fft_thrust_task2_pipeline_benchmark_task2_s01_near,formal,2026-08-15T15:05:00Z,b0478e7c5f1ad93e4cf41827d653d191c4a86804,false,task_scales_formal_v3,baaa5c346f0c31ac4bb1fd1f81069be745425af6b28982a50aa11d42ff41b232,task,Task2.pipeline,Task2,pipeline_total,chirp+gausspulse+sawtooth+square+hamming+firwin+firfilter+cubic+fm_demod+correlate+spectrogram+cwt+argrelextrema+kalman_filter;host:ricker+fusion+observation,task2_pipeline__task2_s01_near__3ffea69561cd022b,task2_s01_near,10^2,256,[256],FP32,cpu,fft_thrust,compatibility/end-to-end,PASS,OK,20,100,34,25.198893999999999,true,3ffea69561cd022b7efce5632368854a93bb112af12cf45f40ef946b3f24c98a,2a62e5502f1f8160ddc9bf6d038d6847bdfce0c276145728879fdf6bb2f99162
1,20260815T152000Z_b0478e7_fft_thrust_fft_thrust_task2_pipeline_benchmark_task2_s01_near,formal,2026-08-15T15:05:00Z,b0478e7c5f1ad93e4cf41827d653d191c4a86804,false,task_scales_formal_v3,baaa5c346f0c31ac4bb1fd1f81069be745425af6b28982a50aa11d42ff41b232,task,Task2.pipeline,Task2,pipeline_total,chirp+gausspulse+sawtooth+square+hamming+firwin+firfilter+cubic+fm_demod+correlate+spectrogram+cwt+argrelextrema+kalman_filter;host:ricker+fusion+observation,task2_pipeline__task2_s01_near__3ffea69561cd022b,task2_s01_near,10^2,256,[256],FP32,gpu,fft_thrust,compatibility/end-to-end,PASS,OK,20,100,34,6.201225,true,3ffea69561cd022b7efce5632368854a93bb112af12cf45f40ef946b3f24c98a,a2a96fb1d9d4986297993bdb03565bcf91848c83b23b91be63a00135e67f1343
1,20260815T152000Z_b0478e7_fft_thrust_fft_thrust_task2_pipeline_benchmark_task2_s01_near,formal,2026-08-15T15:05:00Z,b0478e7c5f1ad93e4cf41827d653d191c4a86804,false,task_scales_formal_v3,baaa5c346f0c31ac4bb1fd1f81069be745425af6b28982a50aa11d42ff41b232,task,Task2.pipeline,Task2,pipeline_total,chirp+gausspulse+sawtooth+square+hamming+firwin+firfilter+cubic+fm_demod+correlate+spectrogram+cwt+argrelextrema+kalman_filter;host:ricker+fusion+observation,task2_pipeline__task2_s01_near__3ffea69561cd022b,task2_s01_near,10^2,256,[256],FP32,cpu,fft_thrust,compatibility/end-to-end,PASS,OK,20,100,35,24.511828000000001,true,3ffea69561cd022b7efce5632368854a93bb112af12cf45f40ef946b3f24c98a,2a62e5502f1f8160ddc9bf6d038d6847bdfce0c276145728879fdf6bb2f99162
1,20260815T152000Z_b0478e7_fft_thrust_fft_thrust_task2_pipeline_benchmark_task2_s01_near,formal,2026-08-15T15:05:00Z,b0478e7c5f1ad93e4cf41827d653d191c4a86804,false,task_scales_formal_v3,baaa5c346f0c31ac4bb1fd1f81069be745425af6b28982a50aa11d42ff41b232,task,Task2.pipeline,Task2,pipeline_total,chirp+gausspulse+sawtooth+square+hamming+firwin+firfilter+cubic+fm_demod+correlate+spectrogram+cwt+argrelextrema+kalman_filter;host:ricker+fusion+observation,task2_pipeline__task2_s01_near__3ffea69561cd022b,task2_s01_near,10^2,256,[256],FP32,gpu,fft_thrust,compatibility/end-to-end,PASS,OK,20,100,35,6.0368250000000003,true,3ffea69561cd022b7efce5632368854a93bb112af12cf45f40ef946b3f24c98a,a2a96fb1d9d4986297993bdb03565bcf91848c83b23b91be63a00135e67f1343
1,20260815T152000Z_b0478e7_fft_thrust_fft_thrust_task2_pipeline_benchmark_task2_s01_near,formal,2026-08-15T15:05:00Z,b0478e7c5f1ad93e4cf41827d653d191c4a86804,false,task_scales_formal_v3,baaa5c346f0c31ac4bb1fd1f81069be745425af6b28982a50aa11d42ff41b232,task,Task2.pipeline,Task2,pipeline_total,chirp+gausspulse+sawtooth+square+hamming+firwin+firfilter+cubic+fm_demod+correlate+spectrogram+cwt+argrelextrema+kalman_filter;host:ricker+fusion+observation,task2_pipeline__task2_s01_near__3ffea69561cd022b,task2_s01_near,10^2,256,[256],FP32,cpu,fft_thrust,compatibility/end-to-end,PASS,OK,20,100,36,25.290993,true,3ffea69561cd022b7efce5632368854a93bb112af12cf45f40ef946b3f24c98a,2a62e5502f1f8160ddc9bf6d038d6847bdfce0c276145728879fdf6bb2f99162
1,20260815T152000Z_b0478e7_fft_thrust_fft_thrust_task2_pipeline_benchmark_task2_s01_near,formal,2026-08-15T15:05:00Z,b0478e7c5f1ad93e4cf41827d653d191c4a86804,false,task_scales_formal_v3,baaa5c346f0c31ac4bb1fd1f81069be745425af6b28982a50aa11d42ff41b232,task,Task2.pipeline,Task2,pipeline_total,chirp+gausspulse+sawtooth+square+hamming+firwin+firfilter+cubic+fm_demod+correlate+spectrogram+cwt+argrelextrema+kalman_filter;host:ricker+fusion+observation,task2_pipeline__task2_s01_near__3ffea69561cd022b,task2_s01_near,10^2,256,[256],FP32,gpu,fft_thrust,compatibility/end-to-end,PASS,OK,20,100,36,6.3273659999999996,true,3ffea69561cd022b7efce5632368854a93bb112af12cf45f40ef946b3f24c98a,a2a96fb1d9d4986297993bdb03565bcf91848c83b23b91be63a00135e67f1343
1,20260815T152000Z_b0478e7_fft_thrust_fft_thrust_task2_pipeline_benchmark_task2_s01_near,formal,2026-08-15T15:05:00Z,b0478e7c5f1ad93e4cf41827d653d191c4a86804,false,task_scales_formal_v3,baaa5c346f0c31ac4bb1fd1f81069be745425af6b28982a50aa11d42ff41b232,task,Task2.pipeline,Task2,pipeline_total,chirp+gausspulse+sawtooth+square+hamming+firwin+firfilter+cubic+fm_demod+correlate+spectrogram+cwt+argrelextrema+kalman_filter;host:ricker+fusion+observation,task2_pipeline__task2_s01_near__3ffea69561cd022b,task2_s01_near,10^2,256,[256],FP32,cpu,fft_thrust,compatibility/end-to-end,PASS,OK,20,100,37,24.850580999999998,true,3ffea69561cd022b7efce5632368854a93bb112af12cf45f40ef946b3f24c98a,2a62e5502f1f8160ddc9bf6d038d6847bdfce0c276145728879fdf6bb2f99162
1,20260815T152000Z_b0478e7_fft_thrust_fft_thrust_task2_pipeline_benchmark_task2_s01_near,formal,2026-08-15T15:05:00Z,b0478e7c5f1ad93e4cf41827d653d191c4a86804,false,task_scales_formal_v3,baaa5c346f0c31ac4bb1fd1f81069be745425af6b28982a50aa11d42ff41b232,task,Task2.pipeline,Task2,pipeline_total,chirp+gausspulse+sawtooth+square+hamming+firwin+firfilter+cubic+fm_demod+correlate+spectrogram+cwt+argrelextrema+kalman_filter;host:ricker+fusion+observation,task2_pipeline__task2_s01_near__3ffea69561cd022b,task2_s01_near,10^2,256,[256],FP32,gpu,fft_thrust,compatibility/end-to-end,PASS,OK,20,100,37,6.0774540000000004,true,3ffea69561cd022b7efce5632368854a93bb112af12cf45f40ef946b3f24c98a,a2a96fb1d9d4986297993bdb03565bcf91848c83b23b91be63a00135e67f1343
1,20260815T152000Z_b0478e7_fft_thrust_fft_thrust_task2_pipeline_benchmark_task2_s01_near,formal,2026-08-15T15:05:00Z,b0478e7c5f1ad93e4cf41827d653d191c4a86804,false,task_scales_formal_v3,baaa5c346f0c31ac4bb1fd1f81069be745425af6b28982a50aa11d42ff41b232,task,Task2.pipeline,Task2,pipeline_total,chirp+gausspulse+sawtooth+square+hamming+firwin+firfilter+cubic+fm_demod+correlate+spectrogram+cwt+argrelextrema+kalman_filter;host:ricker+fusion+observation,task2_pipeline__task2_s01_near__3ffea69561cd022b,task2_s01_near,10^2,256,[256],FP32,cpu,fft_thrust,compatibility/end-to-end,PASS,OK,20,100,38,24.846360999999998,true,3ffea69561cd022b7efce5632368854a93bb112af12cf45f40ef946b3f24c98a,2a62e5502f1f8160ddc9bf6d038d6847bdfce0c276145728879fdf6bb2f99162
1,20260815T152000Z_b0478e7_fft_thrust_fft_thrust_task2_pipeline_benchmark_task2_s01_near,formal,2026-08-15T15:05:00Z,b0478e7c5f1ad93e4cf41827d653d191c4a86804,false,task_scales_formal_v3,baaa5c346f0c31ac4bb1fd1f81069be745425af6b28982a50aa11d42ff41b232,task,Task2.pipeline,Task2,pipeline_total,chirp+gausspulse+sawtooth+square+hamming+firwin+firfilter+cubic+fm_demod+correlate+spectrogram+cwt+argrelextrema+kalman_filter;host:ricker+fusion+observation,task2_pipeline__task2_s01_near__3ffea69561cd022b,task2_s01_near,10^2,256,[256],FP32,gpu,fft_thrust,compatibility/end-to-end,PASS,OK,20,100,38,6.2377549999999999,true,3ffea69561cd022b7efce5632368854a93bb112af12cf45f40ef946b3f24c98a,a2a96fb1d9d4986297993bdb03565bcf91848c83b23b91be63a00135e67f1343
1,20260815T152000Z_b0478e7_fft_thrust_fft_thrust_task2_pipeline_benchmark_task2_s01_near,formal,2026-08-15T15:05:00Z,b0478e7c5f1ad93e4cf41827d653d191c4a86804,false,task_scales_formal_v3,baaa5c346f0c31ac4bb1fd1f81069be745425af6b28982a50aa11d42ff41b232,task,Task2.pipeline,Task2,pipeline_total,chirp+gausspulse+sawtooth+square+hamming+firwin+firfilter+cubic+fm_demod+correlate+spectrogram+cwt+argrelextrema+kalman_filter;host:ricker+fusion+observation,task2_pipeline__task2_s01_near__3ffea69561cd022b,task2_s01_near,10^2,256,[256],FP32,cpu,fft_thrust,compatibility/end-to-end,PASS,OK,20,100,39,25.241153000000001,true,3ffea69561cd022b7efce5632368854a93bb112af12cf45f40ef946b3f24c98a,2a62e5502f1f8160ddc9bf6d038d6847bdfce0c276145728879fdf6bb2f99162
1,20260815T152000Z_b0478e7_fft_thrust_fft_thrust_task2_pipeline_benchmark_task2_s01_near,formal,2026-08-15T15:05:00Z,b0478e7c5f1ad93e4cf41827d653d191c4a86804,false,task_scales_formal_v3,baaa5c346f0c31ac4bb1fd1f81069be745425af6b28982a50aa11d42ff41b232,task,Task2.pipeline,Task2,pipeline_total,chirp+gausspulse+sawtooth+square+hamming+firwin+firfilter+cubic+fm_demod+correlate+spectrogram+cwt+argrelextrema+kalman_filter;host:ricker+fusion+observation,task2_pipeline__task2_s01_near__3ffea69561cd022b,task2_s01_near,10^2,256,[256],FP32,gpu,fft_thrust,compatibility/end-to-end,PASS,OK,20,100,39,6.0843549999999995,true,3ffea69561cd022b7efce5632368854a93bb112af12cf45f40ef946b3f24c98a,a2a96fb1d9d4986297993bdb03565bcf91848c83b23b91be63a00135e67f1343
1,20260815T152000Z_b0478e7_fft_thrust_fft_thrust_task2_pipeline_benchmark_task2_s01_near,formal,2026-08-15T15:05:00Z,b0478e7c5f1ad93e4cf41827d653d191c4a86804,false,task_scales_formal_v3,baaa5c346f0c31ac4bb1fd1f81069be745425af6b28982a50aa11d42ff41b232,task,Task2.pipeline,Task2,pipeline_total,chirp+gausspulse+sawtooth+square+hamming+firwin+firfilter+cubic+fm_demod+correlate+spectrogram+cwt+argrelextrema+kalman_filter;host:ricker+fusion+observation,task2_pipeline__task2_s01_near__3ffea69561cd022b,task2_s01_near,10^2,256,[256],FP32,cpu,fft_thrust,compatibility/end-to-end,PASS,OK,20,100,40,24.734310000000001,true,3ffea69561cd022b7efce5632368854a93bb112af12cf45f40ef946b3f24c98a,2a62e5502f1f8160ddc9bf6d038d6847bdfce0c276145728879fdf6bb2f99162
1,20260815T152000Z_b0478e7_fft_thrust_fft_thrust_task2_pipeline_benchmark_task2_s01_near,formal,2026-08-15T15:05:00Z,b0478e7c5f1ad93e4cf41827d653d191c4a86804,false,task_scales_formal_v3,baaa5c346f0c31ac4bb1fd1f81069be745425af6b28982a50aa11d42ff41b232,task,Task2.pipeline,Task2,pipeline_total,chirp+gausspulse+sawtooth+square+hamming+firwin+firfilter+cubic+fm_demod+correlate+spectrogram+cwt+argrelextrema+kalman_filter;host:ricker+fusion+observation,task2_pipeline__task2_s01_near__3ffea69561cd022b,task2_s01_near,10^2,256,[256],FP32,gpu,fft_thrust,compatibility/end-to-end,PASS,OK,20,100,40,6.3027160000000002,true,3ffea69561cd022b7efce5632368854a93bb112af12cf45f40ef946b3f24c98a,a2a96fb1d9d4986297993bdb03565bcf91848c83b23b91be63a00135e67f1343
1,20260815T152000Z_b0478e7_fft_thrust_fft_thrust_task2_pipeline_benchmark_task2_s01_near,formal,2026-08-15T15:05:00Z,b0478e7c5f1ad93e4cf41827d653d191c4a86804,false,task_scales_formal_v3,baaa5c346f0c31ac4bb1fd1f81069be745425af6b28982a50aa11d42ff41b232,task,Task2.pipeline,Task2,pipeline_total,chirp+gausspulse+sawtooth+square+hamming+firwin+firfilter+cubic+fm_demod+correlate+spectrogram+cwt+argrelextrema+kalman_filter;host:ricker+fusion+observation,task2_pipeline__task2_s01_near__3ffea69561cd022b,task2_s01_near,10^2,256,[256],FP32,cpu,fft_thrust,compatibility/end-to-end,PASS,OK,20,100,41,24.679777999999999,true,3ffea69561cd022b7efce5632368854a93bb112af12cf45f40ef946b3f24c98a,2a62e5502f1f8160ddc9bf6d038d6847bdfce0c276145728879fdf6bb2f99162
1,20260815T152000Z_b0478e7_fft_thrust_fft_thrust_task2_pipeline_benchmark_task2_s01_near,formal,2026-08-15T15:05:00Z,b0478e7c5f1ad93e4cf41827d653d191c4a86804,false,task_scales_formal_v3,baaa5c346f0c31ac4bb1fd1f81069be745425af6b28982a50aa11d42ff41b232,task,Task2.pipeline,Task2,pipeline_total,chirp+gausspulse+sawtooth+square+hamming+firwin+firfilter+cubic+fm_demod+correlate+spectrogram+cwt+argrelextrema+kalman_filter;host:ricker+fusion+observation,task2_pipeline__task2_s01_near__3ffea69561cd022b,task2_s01_near,10^2,256,[256],FP32,gpu,fft_thrust,compatibility/end-to-end,PASS,OK,20,100,41,6.3941049999999997,true,3ffea69561cd022b7efce5632368854a93bb112af12cf45f40ef946b3f24c98a,a2a96fb1d9d4986297993bdb03565bcf91848c83b23b91be63a00135e67f1343
1,20260815T152000Z_b0478e7_fft_thrust_fft_thrust_task2_pipeline_benchmark_task2_s01_near,formal,2026-08-15T15:05:00Z,b0478e7c5f1ad93e4cf41827d653d191c4a86804,false,task_scales_formal_v3,baaa5c346f0c31ac4bb1fd1f81069be745425af6b28982a50aa11d42ff41b232,task,Task2.pipeline,Task2,pipeline_total,chirp+gausspulse+sawtooth+square+hamming+firwin+firfilter+cubic+fm_demod+correlate+spectrogram+cwt+argrelextrema+kalman_filter;host:ricker+fusion+observation,task2_pipeline__task2_s01_near__3ffea69561cd022b,task2_s01_near,10^2,256,[256],FP32,cpu,fft_thrust,compatibility/end-to-end,PASS,OK,20,100,42,25.238243000000001,true,3ffea69561cd022b7efce5632368854a93bb112af12cf45f40ef946b3f24c98a,2a62e5502f1f8160ddc9bf6d038d6847bdfce0c276145728879fdf6bb2f99162
1,20260815T152000Z_b0478e7_fft_thrust_fft_thrust_task2_pipeline_benchmark_task2_s01_near,formal,2026-08-15T15:05:00Z,b0478e7c5f1ad93e4cf41827d653d191c4a86804,false,task_scales_formal_v3,baaa5c346f0c31ac4bb1fd1f81069be745425af6b28982a50aa11d42ff41b232,task,Task2.pipeline,Task2,pipeline_total,chirp+gausspulse+sawtooth+square+hamming+firwin+firfilter+cubic+fm_demod+correlate+spectrogram+cwt+argrelextrema+kalman_filter;host:ricker+fusion+observation,task2_pipeline__task2_s01_near__3ffea69561cd022b,task2_s01_near,10^2,256,[256],FP32,gpu,fft_thrust,compatibility/end-to-end,PASS,OK,20,100,42,6.2389250000000001,true,3ffea69561cd022b7efce5632368854a93bb112af12cf45f40ef946b3f24c98a,a2a96fb1d9d4986297993bdb03565bcf91848c83b23b91be63a00135e67f1343
1,20260815T152000Z_b0478e7_fft_thrust_fft_thrust_task2_pipeline_benchmark_task2_s01_near,formal,2026-08-15T15:05:00Z,b0478e7c5f1ad93e4cf41827d653d191c4a86804,false,task_scales_formal_v3,baaa5c346f0c31ac4bb1fd1f81069be745425af6b28982a50aa11d42ff41b232,task,Task2.pipeline,Task2,pipeline_total,chirp+gausspulse+sawtooth+square+hamming+firwin+firfilter+cubic+fm_demod+correlate+spectrogram+cwt+argrelextrema+kalman_filter;host:ricker+fusion+observation,task2_pipeline__task2_s01_near__3ffea69561cd022b,task2_s01_near,10^2,256,[256],FP32,cpu,fft_thrust,compatibility/end-to-end,PASS,OK,20,100,43,24.850359000000001,true,3ffea69561cd022b7efce5632368854a93bb112af12cf45f40ef946b3f24c98a,2a62e5502f1f8160ddc9bf6d038d6847bdfce0c276145728879fdf6bb2f99162
1,20260815T152000Z_b0478e7_fft_thrust_fft_thrust_task2_pipeline_benchmark_task2_s01_near,formal,2026-08-15T15:05:00Z,b0478e7c5f1ad93e4cf41827d653d191c4a86804,false,task_scales_formal_v3,baaa5c346f0c31ac4bb1fd1f81069be745425af6b28982a50aa11d42ff41b232,task,Task2.pipeline,Task2,pipeline_total,chirp+gausspulse+sawtooth+square+hamming+firwin+firfilter+cubic+fm_demod+correlate+spectrogram+cwt+argrelextrema+kalman_filter;host:ricker+fusion+observation,task2_pipeline__task2_s01_near__3ffea69561cd022b,task2_s01_near,10^2,256,[256],FP32,gpu,fft_thrust,compatibility/end-to-end,PASS,OK,20,100,43,6.1519349999999999,true,3ffea69561cd022b7efce5632368854a93bb112af12cf45f40ef946b3f24c98a,a2a96fb1d9d4986297993bdb03565bcf91848c83b23b91be63a00135e67f1343
1,20260815T152000Z_b0478e7_fft_thrust_fft_thrust_task2_pipeline_benchmark_task2_s01_near,formal,2026-08-15T15:05:00Z,b0478e7c5f1ad93e4cf41827d653d191c4a86804,false,task_scales_formal_v3,baaa5c346f0c31ac4bb1fd1f81069be745425af6b28982a50aa11d42ff41b232,task,Task2.pipeline,Task2,pipeline_total,chirp+gausspulse+sawtooth+square+hamming+firwin+firfilter+cubic+fm_demod+correlate+spectrogram+cwt+argrelextrema+kalman_filter;host:ricker+fusion+observation,task2_pipeline__task2_s01_near__3ffea69561cd022b,task2_s01_near,10^2,256,[256],FP32,cpu,fft_thrust,compatibility/end-to-end,PASS,OK,20,100,44,27.345777999999999,true,3ffea69561cd022b7efce5632368854a93bb112af12cf45f40ef946b3f24c98a,2a62e5502f1f8160ddc9bf6d038d6847bdfce0c276145728879fdf6bb2f99162
1,20260815T152000Z_b0478e7_fft_thrust_fft_thrust_task2_pipeline_benchmark_task2_s01_near,formal,2026-08-15T15:05:00Z,b0478e7c5f1ad93e4cf41827d653d191c4a86804,false,task_scales_formal_v3,baaa5c346f0c31ac4bb1fd1f81069be745425af6b28982a50aa11d42ff41b232,task,Task2.pipeline,Task2,pipeline_total,chirp+gausspulse+sawtooth+square+hamming+firwin+firfilter+cubic+fm_demod+correlate+spectrogram+cwt+argrelextrema+kalman_filter;host:ricker+fusion+observation,task2_pipeline__task2_s01_near__3ffea69561cd022b,task2_s01_near,10^2,256,[256],FP32,gpu,fft_thrust,compatibility/end-to-end,PASS,OK,20,100,44,6.3751760000000006,true,3ffea69561cd022b7efce5632368854a93bb112af12cf45f40ef946b3f24c98a,a2a96fb1d9d4986297993bdb03565bcf91848c83b23b91be63a00135e67f1343
1,20260815T152000Z_b0478e7_fft_thrust_fft_thrust_task2_pipeline_benchmark_task2_s01_near,formal,2026-08-15T15:05:00Z,b0478e7c5f1ad93e4cf41827d653d191c4a86804,false,task_scales_formal_v3,baaa5c346f0c31ac4bb1fd1f81069be745425af6b28982a50aa11d42ff41b232,task,Task2.pipeline,Task2,pipeline_total,chirp+gausspulse+sawtooth+square+hamming+firwin+firfilter+cubic+fm_demod+correlate+spectrogram+cwt+argrelextrema+kalman_filter;host:ricker+fusion+observation,task2_pipeline__task2_s01_near__3ffea69561cd022b,task2_s01_near,10^2,256,[256],FP32,cpu,fft_thrust,compatibility/end-to-end,PASS,OK,20,100,45,27.021857000000001,true,3ffea69561cd022b7efce5632368854a93bb112af12cf45f40ef946b3f24c98a,2a62e5502f1f8160ddc9bf6d038d6847bdfce0c276145728879fdf6bb2f99162
1,20260815T152000Z_b0478e7_fft_thrust_fft_thrust_task2_pipeline_benchmark_task2_s01_near,formal,2026-08-15T15:05:00Z,b0478e7c5f1ad93e4cf41827d653d191c4a86804,false,task_scales_formal_v3,baaa5c346f0c31ac4bb1fd1f81069be745425af6b28982a50aa11d42ff41b232,task,Task2.pipeline,Task2,pipeline_total,chirp+gausspulse+sawtooth+square+hamming+firwin+firfilter+cubic+fm_demod+correlate+spectrogram+cwt+argrelextrema+kalman_filter;host:ricker+fusion+observation,task2_pipeline__task2_s01_near__3ffea69561cd022b,task2_s01_near,10^2,256,[256],FP32,gpu,fft_thrust,compatibility/end-to-end,PASS,OK,20,100,45,6.3155360000000007,true,3ffea69561cd022b7efce5632368854a93bb112af12cf45f40ef946b3f24c98a,a2a96fb1d9d4986297993bdb03565bcf91848c83b23b91be63a00135e67f1343
1,20260815T152000Z_b0478e7_fft_thrust_fft_thrust_task2_pipeline_benchmark_task2_s01_near,formal,2026-08-15T15:05:00Z,b0478e7c5f1ad93e4cf41827d653d191c4a86804,false,task_scales_formal_v3,baaa5c346f0c31ac4bb1fd1f81069be745425af6b28982a50aa11d42ff41b232,task,Task2.pipeline,Task2,pipeline_total,chirp+gausspulse+sawtooth+square+hamming+firwin+firfilter+cubic+fm_demod+correlate+spectrogram+cwt+argrelextrema+kalman_filter;host:ricker+fusion+observation,task2_pipeline__task2_s01_near__3ffea69561cd022b,task2_s01_near,10^2,256,[256],FP32,cpu,fft_thrust,compatibility/end-to-end,PASS,OK,20,100,46,24.733829999999998,true,3ffea69561cd022b7efce5632368854a93bb112af12cf45f40ef946b3f24c98a,2a62e5502f1f8160ddc9bf6d038d6847bdfce0c276145728879fdf6bb2f99162
1,20260815T152000Z_b0478e7_fft_thrust_fft_thrust_task2_pipeline_benchmark_task2_s01_near,formal,2026-08-15T15:05:00Z,b0478e7c5f1ad93e4cf41827d653d191c4a86804,false,task_scales_formal_v3,baaa5c346f0c31ac4bb1fd1f81069be745425af6b28982a50aa11d42ff41b232,task,Task2.pipeline,Task2,pipeline_total,chirp+gausspulse+sawtooth+square+hamming+firwin+firfilter+cubic+fm_demod+correlate+spectrogram+cwt+argrelextrema+kalman_filter;host:ricker+fusion+observation,task2_pipeline__task2_s01_near__3ffea69561cd022b,task2_s01_near,10^2,256,[256],FP32,gpu,fft_thrust,compatibility/end-to-end,PASS,OK,20,100,46,6.3923360000000002,true,3ffea69561cd022b7efce5632368854a93bb112af12cf45f40ef946b3f24c98a,a2a96fb1d9d4986297993bdb03565bcf91848c83b23b91be63a00135e67f1343
1,20260815T152000Z_b0478e7_fft_thrust_fft_thrust_task2_pipeline_benchmark_task2_s01_near,formal,2026-08-15T15:05:00Z,b0478e7c5f1ad93e4cf41827d653d191c4a86804,false,task_scales_formal_v3,baaa5c346f0c31ac4bb1fd1f81069be745425af6b28982a50aa11d42ff41b232,task,Task2.pipeline,Task2,pipeline_total,chirp+gausspulse+sawtooth+square+hamming+firwin+firfilter+cubic+fm_demod+correlate+spectrogram+cwt+argrelextrema+kalman_filter;host:ricker+fusion+observation,task2_pipeline__task2_s01_near__3ffea69561cd022b,task2_s01_near,10^2,256,[256],FP32,cpu,fft_thrust,compatibility/end-to-end,PASS,OK,20,100,47,25.398745000000002,true,3ffea69561cd022b7efce5632368854a93bb112af12cf45f40ef946b3f24c98a,2a62e5502f1f8160ddc9bf6d038d6847bdfce0c276145728879fdf6bb2f99162
1,20260815T152000Z_b0478e7_fft_thrust_fft_thrust_task2_pipeline_benchmark_task2_s01_near,formal,2026-08-15T15:05:00Z,b0478e7c5f1ad93e4cf41827d653d191c4a86804,false,task_scales_formal_v3,baaa5c346f0c31ac4bb1fd1f81069be745425af6b28982a50aa11d42ff41b232,task,Task2.pipeline,Task2,pipeline_total,chirp+gausspulse+sawtooth+square+hamming+firwin+firfilter+cubic+fm_demod+correlate+spectrogram+cwt+argrelextrema+kalman_filter;host:ricker+fusion+observation,task2_pipeline__task2_s01_near__3ffea69561cd022b,task2_s01_near,10^2,256,[256],FP32,gpu,fft_thrust,compatibility/end-to-end,PASS,OK,20,100,47,6.2630249999999998,true,3ffea69561cd022b7efce5632368854a93bb112af12cf45f40ef946b3f24c98a,a2a96fb1d9d4986297993bdb03565bcf91848c83b23b91be63a00135e67f1343
1,20260815T152000Z_b0478e7_fft_thrust_fft_thrust_task2_pipeline_benchmark_task2_s01_near,formal,2026-08-15T15:05:00Z,b0478e7c5f1ad93e4cf41827d653d191c4a86804,false,task_scales_formal_v3,baaa5c346f0c31ac4bb1fd1f81069be745425af6b28982a50aa11d42ff41b232,task,Task2.pipeline,Task2,pipeline_total,chirp+gausspulse+sawtooth+square+hamming+firwin+firfilter+cubic+fm_demod+correlate+spectrogram+cwt+argrelextrema+kalman_filter;host:ricker+fusion+observation,task2_pipeline__task2_s01_near__3ffea69561cd022b,task2_s01_near,10^2,256,[256],FP32,cpu,fft_thrust,compatibility/end-to-end,PASS,OK,20,100,48,24.910861000000001,true,3ffea69561cd022b7efce5632368854a93bb112af12cf45f40ef946b3f24c98a,2a62e5502f1f8160ddc9bf6d038d6847bdfce0c276145728879fdf6bb2f99162
1,20260815T152000Z_b0478e7_fft_thrust_fft_thrust_task2_pipeline_benchmark_task2_s01_near,formal,2026-08-15T15:05:00Z,b0478e7c5f1ad93e4cf41827d653d191c4a86804,false,task_scales_formal_v3,baaa5c346f0c31ac4bb1fd1f81069be745425af6b28982a50aa11d42ff41b232,task,Task2.pipeline,Task2,pipeline_total,chirp+gausspulse+sawtooth+square+hamming+firwin+firfilter+cubic+fm_demod+correlate+spectrogram+cwt+argrelextrema+kalman_filter;host:ricker+fusion+observation,task2_pipeline__task2_s01_near__3ffea69561cd022b,task2_s01_near,10^2,256,[256],FP32,gpu,fft_thrust,compatibility/end-to-end,PASS,OK,20,100,48,6.2619439999999997,true,3ffea69561cd022b7efce5632368854a93bb112af12cf45f40ef946b3f24c98a,a2a96fb1d9d4986297993bdb03565bcf91848c83b23b91be63a00135e67f1343
1,20260815T152000Z_b0478e7_fft_thrust_fft_thrust_task2_pipeline_benchmark_task2_s01_near,formal,2026-08-15T15:05:00Z,b0478e7c5f1ad93e4cf41827d653d191c4a86804,false,task_scales_formal_v3,baaa5c346f0c31ac4bb1fd1f81069be745425af6b28982a50aa11d42ff41b232,task,Task2.pipeline,Task2,pipeline_total,chirp+gausspulse+sawtooth+square+hamming+firwin+firfilter+cubic+fm_demod+correlate+spectrogram+cwt+argrelextrema+kalman_filter;host:ricker+fusion+observation,task2_pipeline__task2_s01_near__3ffea69561cd022b,task2_s01_near,10^2,256,[256],FP32,cpu,fft_thrust,compatibility/end-to-end,PASS,OK,20,100,49,25.012403000000003,true,3ffea69561cd022b7efce5632368854a93bb112af12cf45f40ef946b3f24c98a,2a62e5502f1f8160ddc9bf6d038d6847bdfce0c276145728879fdf6bb2f99162
1,20260815T152000Z_b0478e7_fft_thrust_fft_thrust_task2_pipeline_benchmark_task2_s01_near,formal,2026-08-15T15:05:00Z,b0478e7c5f1ad93e4cf41827d653d191c4a86804,false,task_scales_formal_v3,baaa5c346f0c31ac4bb1fd1f81069be745425af6b28982a50aa11d42ff41b232,task,Task2.pipeline,Task2,pipeline_total,chirp+gausspulse+sawtooth+square+hamming+firwin+firfilter+cubic+fm_demod+correlate+spectrogram+cwt+argrelextrema+kalman_filter;host:ricker+fusion+observation,task2_pipeline__task2_s01_near__3ffea69561cd022b,task2_s01_near,10^2,256,[256],FP32,gpu,fft_thrust,compatibility/end-to-end,PASS,OK,20,100,49,6.1485050000000001,true,3ffea69561cd022b7efce5632368854a93bb112af12cf45f40ef946b3f24c98a,a2a96fb1d9d4986297993bdb03565bcf91848c83b23b91be63a00135e67f1343
1,20260815T152000Z_b0478e7_fft_thrust_fft_thrust_task2_pipeline_benchmark_task2_s01_near,formal,2026-08-15T15:05:00Z,b0478e7c5f1ad93e4cf41827d653d191c4a86804,false,task_scales_formal_v3,baaa5c346f0c31ac4bb1fd1f81069be745425af6b28982a50aa11d42ff41b232,task,Task2.pipeline,Task2,pipeline_total,chirp+gausspulse+sawtooth+square+hamming+firwin+firfilter+cubic+fm_demod+correlate+spectrogram+cwt+argrelextrema+kalman_filter;host:ricker+fusion+observation,task2_pipeline__task2_s01_near__3ffea69561cd022b,task2_s01_near,10^2,256,[256],FP32,cpu,fft_thrust,compatibility/end-to-end,PASS,OK,20,100,50,25.371554,true,3ffea69561cd022b7efce5632368854a93bb112af12cf45f40ef946b3f24c98a,2a62e5502f1f8160ddc9bf6d038d6847bdfce0c276145728879fdf6bb2f99162
1,20260815T152000Z_b0478e7_fft_thrust_fft_thrust_task2_pipeline_benchmark_task2_s01_near,formal,2026-08-15T15:05:00Z,b0478e7c5f1ad93e4cf41827d653d191c4a86804,false,task_scales_formal_v3,baaa5c346f0c31ac4bb1fd1f81069be745425af6b28982a50aa11d42ff41b232,task,Task2.pipeline,Task2,pipeline_total,chirp+gausspulse+sawtooth+square+hamming+firwin+firfilter+cubic+fm_demod+correlate+spectrogram+cwt+argrelextrema+kalman_filter;host:ricker+fusion+observation,task2_pipeline__task2_s01_near__3ffea69561cd022b,task2_s01_near,10^2,256,[256],FP32,gpu,fft_thrust,compatibility/end-to-end,PASS,OK,20,100,50,6.1738339999999994,true,3ffea69561cd022b7efce5632368854a93bb112af12cf45f40ef946b3f24c98a,a2a96fb1d9d4986297993bdb03565bcf91848c83b23b91be63a00135e67f1343
1,20260815T152000Z_b0478e7_fft_thrust_fft_thrust_task2_pipeline_benchmark_task2_s01_near,formal,2026-08-15T15:05:00Z,b0478e7c5f1ad93e4cf41827d653d191c4a86804,false,task_scales_formal_v3,baaa5c346f0c31ac4bb1fd1f81069be745425af6b28982a50aa11d42ff41b232,task,Task2.pipeline,Task2,pipeline_total,chirp+gausspulse+sawtooth+square+hamming+firwin+firfilter+cubic+fm_demod+correlate+spectrogram+cwt+argrelextrema+kalman_filter;host:ricker+fusion+observation,task2_pipeline__task2_s01_near__3ffea69561cd022b,task2_s01_near,10^2,256,[256],FP32,cpu,fft_thrust,compatibility/end-to-end,PASS,OK,20,100,51,24.820981,true,3ffea69561cd022b7efce5632368854a93bb112af12cf45f40ef946b3f24c98a,2a62e5502f1f8160ddc9bf6d038d6847bdfce0c276145728879fdf6bb2f99162
1,20260815T152000Z_b0478e7_fft_thrust_fft_thrust_task2_pipeline_benchmark_task2_s01_near,formal,2026-08-15T15:05:00Z,b0478e7c5f1ad93e4cf41827d653d191c4a86804,false,task_scales_formal_v3,baaa5c346f0c31ac4bb1fd1f81069be745425af6b28982a50aa11d42ff41b232,task,Task2.pipeline,Task2,pipeline_total,chirp+gausspulse+sawtooth+square+hamming+firwin+firfilter+cubic+fm_demod+correlate+spectrogram+cwt+argrelextrema+kalman_filter;host:ricker+fusion+observation,task2_pipeline__task2_s01_near__3ffea69561cd022b,task2_s01_near,10^2,256,[256],FP32,gpu,fft_thrust,compatibility/end-to-end,PASS,OK,20,100,51,6.2450049999999999,true,3ffea69561cd022b7efce5632368854a93bb112af12cf45f40ef946b3f24c98a,a2a96fb1d9d4986297993bdb03565bcf91848c83b23b91be63a00135e67f1343
1,20260815T152000Z_b0478e7_fft_thrust_fft_thrust_task2_pipeline_benchmark_task2_s01_near,formal,2026-08-15T15:05:00Z,b0478e7c5f1ad93e4cf41827d653d191c4a86804,false,task_scales_formal_v3,baaa5c346f0c31ac4bb1fd1f81069be745425af6b28982a50aa11d42ff41b232,task,Task2.pipeline,Task2,pipeline_total,chirp+gausspulse+sawtooth+square+hamming+firwin+firfilter+cubic+fm_demod+correlate+spectrogram+cwt+argrelextrema+kalman_filter;host:ricker+fusion+observation,task2_pipeline__task2_s01_near__3ffea69561cd022b,task2_s01_near,10^2,256,[256],FP32,cpu,fft_thrust,compatibility/end-to-end,PASS,OK,20,100,52,24.868400999999999,true,3ffea69561cd022b7efce5632368854a93bb112af12cf45f40ef946b3f24c98a,2a62e5502f1f8160ddc9bf6d038d6847bdfce0c276145728879fdf6bb2f99162
1,20260815T152000Z_b0478e7_fft_thrust_fft_thrust_task2_pipeline_benchmark_task2_s01_near,formal,2026-08-15T15:05:00Z,b0478e7c5f1ad93e4cf41827d653d191c4a86804,false,task_scales_formal_v3,baaa5c346f0c31ac4bb1fd1f81069be745425af6b28982a50aa11d42ff41b232,task,Task2.pipeline,Task2,pipeline_total,chirp+gausspulse+sawtooth+square+hamming+firwin+firfilter+cubic+fm_demod+correlate+spectrogram+cwt+argrelextrema+kalman_filter;host:ricker+fusion+observation,task2_pipeline__task2_s01_near__3ffea69561cd022b,task2_s01_near,10^2,256,[256],FP32,gpu,fft_thrust,compatibility/end-to-end,PASS,OK,20,100,52,6.3180359999999993,true,3ffea69561cd022b7efce5632368854a93bb112af12cf45f40ef946b3f24c98a,a2a96fb1d9d4986297993bdb03565bcf91848c83b23b91be63a00135e67f1343
1,20260815T152000Z_b0478e7_fft_thrust_fft_thrust_task2_pipeline_benchmark_task2_s01_near,formal,2026-08-15T15:05:00Z,b0478e7c5f1ad93e4cf41827d653d191c4a86804,false,task_scales_formal_v3,baaa5c346f0c31ac4bb1fd1f81069be745425af6b28982a50aa11d42ff41b232,task,Task2.pipeline,Task2,pipeline_total,chirp+gausspulse+sawtooth+square+hamming+firwin+firfilter+cubic+fm_demod+correlate+spectrogram+cwt+argrelextrema+kalman_filter;host:ricker+fusion+observation,task2_pipeline__task2_s01_near__3ffea69561cd022b,task2_s01_near,10^2,256,[256],FP32,cpu,fft_thrust,compatibility/end-to-end,PASS,OK,20,100,53,25.331954999999997,true,3ffea69561cd022b7efce5632368854a93bb112af12cf45f40ef946b3f24c98a,2a62e5502f1f8160ddc9bf6d038d6847bdfce0c276145728879fdf6bb2f99162
1,20260815T152000Z_b0478e7_fft_thrust_fft_thrust_task2_pipeline_benchmark_task2_s01_near,formal,2026-08-15T15:05:00Z,b0478e7c5f1ad93e4cf41827d653d191c4a86804,false,task_scales_formal_v3,baaa5c346f0c31ac4bb1fd1f81069be745425af6b28982a50aa11d42ff41b232,task,Task2.pipeline,Task2,pipeline_total,chirp+gausspulse+sawtooth+square+hamming+firwin+firfilter+cubic+fm_demod+correlate+spectrogram+cwt+argrelextrema+kalman_filter;host:ricker+fusion+observation,task2_pipeline__task2_s01_near__3ffea69561cd022b,task2_s01_near,10^2,256,[256],FP32,gpu,fft_thrust,compatibility/end-to-end,PASS,OK,20,100,53,6.3586860000000005,true,3ffea69561cd022b7efce5632368854a93bb112af12cf45f40ef946b3f24c98a,a2a96fb1d9d4986297993bdb03565bcf91848c83b23b91be63a00135e67f1343
1,20260815T152000Z_b0478e7_fft_thrust_fft_thrust_task2_pipeline_benchmark_task2_s01_near,formal,2026-08-15T15:05:00Z,b0478e7c5f1ad93e4cf41827d653d191c4a86804,false,task_scales_formal_v3,baaa5c346f0c31ac4bb1fd1f81069be745425af6b28982a50aa11d42ff41b232,task,Task2.pipeline,Task2,pipeline_total,chirp+gausspulse+sawtooth+square+hamming+firwin+firfilter+cubic+fm_demod+correlate+spectrogram+cwt+argrelextrema+kalman_filter;host:ricker+fusion+observation,task2_pipeline__task2_s01_near__3ffea69561cd022b,task2_s01_near,10^2,256,[256],FP32,cpu,fft_thrust,compatibility/end-to-end,PASS,OK,20,100,54,39.284134999999999,true,3ffea69561cd022b7efce5632368854a93bb112af12cf45f40ef946b3f24c98a,2a62e5502f1f8160ddc9bf6d038d6847bdfce0c276145728879fdf6bb2f99162
1,20260815T152000Z_b0478e7_fft_thrust_fft_thrust_task2_pipeline_benchmark_task2_s01_near,formal,2026-08-15T15:05:00Z,b0478e7c5f1ad93e4cf41827d653d191c4a86804,false,task_scales_formal_v3,baaa5c346f0c31ac4bb1fd1f81069be745425af6b28982a50aa11d42ff41b232,task,Task2.pipeline,Task2,pipeline_total,chirp+gausspulse+sawtooth+square+hamming+firwin+firfilter+cubic+fm_demod+correlate+spectrogram+cwt+argrelextrema+kalman_filter;host:ricker+fusion+observation,task2_pipeline__task2_s01_near__3ffea69561cd022b,task2_s01_near,10^2,256,[256],FP32,gpu,fft_thrust,compatibility/end-to-end,PASS,OK,20,100,54,6.7578290000000001,true,3ffea69561cd022b7efce5632368854a93bb112af12cf45f40ef946b3f24c98a,a2a96fb1d9d4986297993bdb03565bcf91848c83b23b91be63a00135e67f1343
1,20260815T152000Z_b0478e7_fft_thrust_fft_thrust_task2_pipeline_benchmark_task2_s01_near,formal,2026-08-15T15:05:00Z,b0478e7c5f1ad93e4cf41827d653d191c4a86804,false,task_scales_formal_v3,baaa5c346f0c31ac4bb1fd1f81069be745425af6b28982a50aa11d42ff41b232,task,Task2.pipeline,Task2,pipeline_total,chirp+gausspulse+sawtooth+square+hamming+firwin+firfilter+cubic+fm_demod+correlate+spectrogram+cwt+argrelextrema+kalman_filter;host:ricker+fusion+observation,task2_pipeline__task2_s01_near__3ffea69561cd022b,task2_s01_near,10^2,256,[256],FP32,cpu,fft_thrust,compatibility/end-to-end,PASS,OK,20,100,55,25.544134,true,3ffea69561cd022b7efce5632368854a93bb112af12cf45f40ef946b3f24c98a,2a62e5502f1f8160ddc9bf6d038d6847bdfce0c276145728879fdf6bb2f99162
1,20260815T152000Z_b0478e7_fft_thrust_fft_thrust_task2_pipeline_benchmark_task2_s01_near,formal,2026-08-15T15:05:00Z,b0478e7c5f1ad93e4cf41827d653d191c4a86804,false,task_scales_formal_v3,baaa5c346f0c31ac4bb1fd1f81069be745425af6b28982a50aa11d42ff41b232,task,Task2.pipeline,Task2,pipeline_total,chirp+gausspulse+sawtooth+square+hamming+firwin+firfilter+cubic+fm_demod+correlate+spectrogram+cwt+argrelextrema+kalman_filter;host:ricker+fusion+observation,task2_pipeline__task2_s01_near__3ffea69561cd022b,task2_s01_near,10^2,256,[256],FP32,gpu,fft_thrust,compatibility/end-to-end,PASS,OK,20,100,55,6.1568450000000006,true,3ffea69561cd022b7efce5632368854a93bb112af12cf45f40ef946b3f24c98a,a2a96fb1d9d4986297993bdb03565bcf91848c83b23b91be63a00135e67f1343
1,20260815T152000Z_b0478e7_fft_thrust_fft_thrust_task2_pipeline_benchmark_task2_s01_near,formal,2026-08-15T15:05:00Z,b0478e7c5f1ad93e4cf41827d653d191c4a86804,false,task_scales_formal_v3,baaa5c346f0c31ac4bb1fd1f81069be745425af6b28982a50aa11d42ff41b232,task,Task2.pipeline,Task2,pipeline_total,chirp+gausspulse+sawtooth+square+hamming+firwin+firfilter+cubic+fm_demod+correlate+spectrogram+cwt+argrelextrema+kalman_filter;host:ricker+fusion+observation,task2_pipeline__task2_s01_near__3ffea69561cd022b,task2_s01_near,10^2,256,[256],FP32,cpu,fft_thrust,compatibility/end-to-end,PASS,OK,20,100,56,32.531396000000001,true,3ffea69561cd022b7efce5632368854a93bb112af12cf45f40ef946b3f24c98a,2a62e5502f1f8160ddc9bf6d038d6847bdfce0c276145728879fdf6bb2f99162
1,20260815T152000Z_b0478e7_fft_thrust_fft_thrust_task2_pipeline_benchmark_task2_s01_near,formal,2026-08-15T15:05:00Z,b0478e7c5f1ad93e4cf41827d653d191c4a86804,false,task_scales_formal_v3,baaa5c346f0c31ac4bb1fd1f81069be745425af6b28982a50aa11d42ff41b232,task,Task2.pipeline,Task2,pipeline_total,chirp+gausspulse+sawtooth+square+hamming+firwin+firfilter+cubic+fm_demod+correlate+spectrogram+cwt+argrelextrema+kalman_filter;host:ricker+fusion+observation,task2_pipeline__task2_s01_near__3ffea69561cd022b,task2_s01_near,10^2,256,[256],FP32,gpu,fft_thrust,compatibility/end-to-end,PASS,OK,20,100,56,6.1539139999999994,true,3ffea69561cd022b7efce5632368854a93bb112af12cf45f40ef946b3f24c98a,a2a96fb1d9d4986297993bdb03565bcf91848c83b23b91be63a00135e67f1343
1,20260815T152000Z_b0478e7_fft_thrust_fft_thrust_task2_pipeline_benchmark_task2_s01_near,formal,2026-08-15T15:05:00Z,b0478e7c5f1ad93e4cf41827d653d191c4a86804,false,task_scales_formal_v3,baaa5c346f0c31ac4bb1fd1f81069be745425af6b28982a50aa11d42ff41b232,task,Task2.pipeline,Task2,pipeline_total,chirp+gausspulse+sawtooth+square+hamming+firwin+firfilter+cubic+fm_demod+correlate+spectrogram+cwt+argrelextrema+kalman_filter;host:ricker+fusion+observation,task2_pipeline__task2_s01_near__3ffea69561cd022b,task2_s01_near,10^2,256,[256],FP32,cpu,fft_thrust,compatibility/end-to-end,PASS,OK,20,100,57,24.910281999999999,true,3ffea69561cd022b7efce5632368854a93bb112af12cf45f40ef946b3f24c98a,2a62e5502f1f8160ddc9bf6d038d6847bdfce0c276145728879fdf6bb2f99162
1,20260815T152000Z_b0478e7_fft_thrust_fft_thrust_task2_pipeline_benchmark_task2_s01_near,formal,2026-08-15T15:05:00Z,b0478e7c5f1ad93e4cf41827d653d191c4a86804,false,task_scales_formal_v3,baaa5c346f0c31ac4bb1fd1f81069be745425af6b28982a50aa11d42ff41b232,task,Task2.pipeline,Task2,pipeline_total,chirp+gausspulse+sawtooth+square+hamming+firwin+firfilter+cubic+fm_demod+correlate+spectrogram+cwt+argrelextrema+kalman_filter;host:ricker+fusion+observation,task2_pipeline__task2_s01_near__3ffea69561cd022b,task2_s01_near,10^2,256,[256],FP32,gpu,fft_thrust,compatibility/end-to-end,PASS,OK,20,100,57,6.296875,true,3ffea69561cd022b7efce5632368854a93bb112af12cf45f40ef946b3f24c98a,a2a96fb1d9d4986297993bdb03565bcf91848c83b23b91be63a00135e67f1343
1,20260815T152000Z_b0478e7_fft_thrust_fft_thrust_task2_pipeline_benchmark_task2_s01_near,formal,2026-08-15T15:05:00Z,b0478e7c5f1ad93e4cf41827d653d191c4a86804,false,task_scales_formal_v3,baaa5c346f0c31ac4bb1fd1f81069be745425af6b28982a50aa11d42ff41b232,task,Task2.pipeline,Task2,pipeline_total,chirp+gausspulse+sawtooth+square+hamming+firwin+firfilter+cubic+fm_demod+correlate+spectrogram+cwt+argrelextrema+kalman_filter;host:ricker+fusion+observation,task2_pipeline__task2_s01_near__3ffea69561cd022b,task2_s01_near,10^2,256,[256],FP32,cpu,fft_thrust,compatibility/end-to-end,PASS,OK,20,100,58,24.982913,true,3ffea69561cd022b7efce5632368854a93bb112af12cf45f40ef946b3f24c98a,2a62e5502f1f8160ddc9bf6d038d6847bdfce0c276145728879fdf6bb2f99162
1,20260815T152000Z_b0478e7_fft_thrust_fft_thrust_task2_pipeline_benchmark_task2_s01_near,formal,2026-08-15T15:05:00Z,b0478e7c5f1ad93e4cf41827d653d191c4a86804,false,task_scales_formal_v3,baaa5c346f0c31ac4bb1fd1f81069be745425af6b28982a50aa11d42ff41b232,task,Task2.pipeline,Task2,pipeline_total,chirp+gausspulse+sawtooth+square+hamming+firwin+firfilter+cubic+fm_demod+correlate+spectrogram+cwt+argrelextrema+kalman_filter;host:ricker+fusion+observation,task2_pipeline__task2_s01_near__3ffea69561cd022b,task2_s01_near,10^2,256,[256],FP32,gpu,fft_thrust,compatibility/end-to-end,PASS,OK,20,100,58,6.1408049999999994,true,3ffea69561cd022b7efce5632368854a93bb112af12cf45f40ef946b3f24c98a,a2a96fb1d9d4986297993bdb03565bcf91848c83b23b91be63a00135e67f1343
1,20260815T152000Z_b0478e7_fft_thrust_fft_thrust_task2_pipeline_benchmark_task2_s01_near,formal,2026-08-15T15:05:00Z,b0478e7c5f1ad93e4cf41827d653d191c4a86804,false,task_scales_formal_v3,baaa5c346f0c31ac4bb1fd1f81069be745425af6b28982a50aa11d42ff41b232,task,Task2.pipeline,Task2,pipeline_total,chirp+gausspulse+sawtooth+square+hamming+firwin+firfilter+cubic+fm_demod+correlate+spectrogram+cwt+argrelextrema+kalman_filter;host:ricker+fusion+observation,task2_pipeline__task2_s01_near__3ffea69561cd022b,task2_s01_near,10^2,256,[256],FP32,cpu,fft_thrust,compatibility/end-to-end,PASS,OK,20,100,59,24.484976999999997,true,3ffea69561cd022b7efce5632368854a93bb112af12cf45f40ef946b3f24c98a,2a62e5502f1f8160ddc9bf6d038d6847bdfce0c276145728879fdf6bb2f99162
1,20260815T152000Z_b0478e7_fft_thrust_fft_thrust_task2_pipeline_benchmark_task2_s01_near,formal,2026-08-15T15:05:00Z,b0478e7c5f1ad93e4cf41827d653d191c4a86804,false,task_scales_formal_v3,baaa5c346f0c31ac4bb1fd1f81069be745425af6b28982a50aa11d42ff41b232,task,Task2.pipeline,Task2,pipeline_total,chirp+gausspulse+sawtooth+square+hamming+firwin+firfilter+cubic+fm_demod+correlate+spectrogram+cwt+argrelextrema+kalman_filter;host:ricker+fusion+observation,task2_pipeline__task2_s01_near__3ffea69561cd022b,task2_s01_near,10^2,256,[256],FP32,gpu,fft_thrust,compatibility/end-to-end,PASS,OK,20,100,59,6.3317459999999999,true,3ffea69561cd022b7efce5632368854a93bb112af12cf45f40ef946b3f24c98a,a2a96fb1d9d4986297993bdb03565bcf91848c83b23b91be63a00135e67f1343
1,20260815T152000Z_b0478e7_fft_thrust_fft_thrust_task2_pipeline_benchmark_task2_s01_near,formal,2026-08-15T15:05:00Z,b0478e7c5f1ad93e4cf41827d653d191c4a86804,false,task_scales_formal_v3,baaa5c346f0c31ac4bb1fd1f81069be745425af6b28982a50aa11d42ff41b232,task,Task2.pipeline,Task2,pipeline_total,chirp+gausspulse+sawtooth+square+hamming+firwin+firfilter+cubic+fm_demod+correlate+spectrogram+cwt+argrelextrema+kalman_filter;host:ricker+fusion+observation,task2_pipeline__task2_s01_near__3ffea69561cd022b,task2_s01_near,10^2,256,[256],FP32,cpu,fft_thrust,compatibility/end-to-end,PASS,OK,20,100,60,25.138422000000002,true,3ffea69561cd022b7efce5632368854a93bb112af12cf45f40ef946b3f24c98a,2a62e5502f1f8160ddc9bf6d038d6847bdfce0c276145728879fdf6bb2f99162
1,20260815T152000Z_b0478e7_fft_thrust_fft_thrust_task2_pipeline_benchmark_task2_s01_near,formal,2026-08-15T15:05:00Z,b0478e7c5f1ad93e4cf41827d653d191c4a86804,false,task_scales_formal_v3,baaa5c346f0c31ac4bb1fd1f81069be745425af6b28982a50aa11d42ff41b232,task,Task2.pipeline,Task2,pipeline_total,chirp+gausspulse+sawtooth+square+hamming+firwin+firfilter+cubic+fm_demod+correlate+spectrogram+cwt+argrelextrema+kalman_filter;host:ricker+fusion+observation,task2_pipeline__task2_s01_near__3ffea69561cd022b,task2_s01_near,10^2,256,[256],FP32,gpu,fft_thrust,compatibility/end-to-end,PASS,OK,20,100,60,6.2032249999999998,true,3ffea69561cd022b7efce5632368854a93bb112af12cf45f40ef946b3f24c98a,a2a96fb1d9d4986297993bdb03565bcf91848c83b23b91be63a00135e67f1343
1,20260815T152000Z_b0478e7_fft_thrust_fft_thrust_task2_pipeline_benchmark_task2_s01_near,formal,2026-08-15T15:05:00Z,b0478e7c5f1ad93e4cf41827d653d191c4a86804,false,task_scales_formal_v3,baaa5c346f0c31ac4bb1fd1f81069be745425af6b28982a50aa11d42ff41b232,task,Task2.pipeline,Task2,pipeline_total,chirp+gausspulse+sawtooth+square+hamming+firwin+firfilter+cubic+fm_demod+correlate+spectrogram+cwt+argrelextrema+kalman_filter;host:ricker+fusion+observation,task2_pipeline__task2_s01_near__3ffea69561cd022b,task2_s01_near,10^2,256,[256],FP32,cpu,fft_thrust,compatibility/end-to-end,PASS,OK,20,100,61,31.108727000000002,true,3ffea69561cd022b7efce5632368854a93bb112af12cf45f40ef946b3f24c98a,2a62e5502f1f8160ddc9bf6d038d6847bdfce0c276145728879fdf6bb2f99162
1,20260815T152000Z_b0478e7_fft_thrust_fft_thrust_task2_pipeline_benchmark_task2_s01_near,formal,2026-08-15T15:05:00Z,b0478e7c5f1ad93e4cf41827d653d191c4a86804,false,task_scales_formal_v3,baaa5c346f0c31ac4bb1fd1f81069be745425af6b28982a50aa11d42ff41b232,task,Task2.pipeline,Task2,pipeline_total,chirp+gausspulse+sawtooth+square+hamming+firwin+firfilter+cubic+fm_demod+correlate+spectrogram+cwt+argrelextrema+kalman_filter;host:ricker+fusion+observation,task2_pipeline__task2_s01_near__3ffea69561cd022b,task2_s01_near,10^2,256,[256],FP32,gpu,fft_thrust,compatibility/end-to-end,PASS,OK,20,100,61,6.3451959999999996,true,3ffea69561cd022b7efce5632368854a93bb112af12cf45f40ef946b3f24c98a,a2a96fb1d9d4986297993bdb03565bcf91848c83b23b91be63a00135e67f1343
1,20260815T152000Z_b0478e7_fft_thrust_fft_thrust_task2_pipeline_benchmark_task2_s01_near,formal,2026-08-15T15:05:00Z,b0478e7c5f1ad93e4cf41827d653d191c4a86804,false,task_scales_formal_v3,baaa5c346f0c31ac4bb1fd1f81069be745425af6b28982a50aa11d42ff41b232,task,Task2.pipeline,Task2,pipeline_total,chirp+gausspulse+sawtooth+square+hamming+firwin+firfilter+cubic+fm_demod+correlate+spectrogram+cwt+argrelextrema+kalman_filter;host:ricker+fusion+observation,task2_pipeline__task2_s01_near__3ffea69561cd022b,task2_s01_near,10^2,256,[256],FP32,cpu,fft_thrust,compatibility/end-to-end,PASS,OK,20,100,62,25.406534000000001,true,3ffea69561cd022b7efce5632368854a93bb112af12cf45f40ef946b3f24c98a,2a62e5502f1f8160ddc9bf6d038d6847bdfce0c276145728879fdf6bb2f99162
1,20260815T152000Z_b0478e7_fft_thrust_fft_thrust_task2_pipeline_benchmark_task2_s01_near,formal,2026-08-15T15:05:00Z,b0478e7c5f1ad93e4cf41827d653d191c4a86804,false,task_scales_formal_v3,baaa5c346f0c31ac4bb1fd1f81069be745425af6b28982a50aa11d42ff41b232,task,Task2.pipeline,Task2,pipeline_total,chirp+gausspulse+sawtooth+square+hamming+firwin+firfilter+cubic+fm_demod+correlate+spectrogram+cwt+argrelextrema+kalman_filter;host:ricker+fusion+observation,task2_pipeline__task2_s01_near__3ffea69561cd022b,task2_s01_near,10^2,256,[256],FP32,gpu,fft_thrust,compatibility/end-to-end,PASS,OK,20,100,62,6.1891529999999992,true,3ffea69561cd022b7efce5632368854a93bb112af12cf45f40ef946b3f24c98a,a2a96fb1d9d4986297993bdb03565bcf91848c83b23b91be63a00135e67f1343
1,20260815T152000Z_b0478e7_fft_thrust_fft_thrust_task2_pipeline_benchmark_task2_s01_near,formal,2026-08-15T15:05:00Z,b0478e7c5f1ad93e4cf41827d653d191c4a86804,false,task_scales_formal_v3,baaa5c346f0c31ac4bb1fd1f81069be745425af6b28982a50aa11d42ff41b232,task,Task2.pipeline,Task2,pipeline_total,chirp+gausspulse+sawtooth+square+hamming+firwin+firfilter+cubic+fm_demod+correlate+spectrogram+cwt+argrelextrema+kalman_filter;host:ricker+fusion+observation,task2_pipeline__task2_s01_near__3ffea69561cd022b,task2_s01_near,10^2,256,[256],FP32,cpu,fft_thrust,compatibility/end-to-end,PASS,OK,20,100,63,25.516645,true,3ffea69561cd022b7efce5632368854a93bb112af12cf45f40ef946b3f24c98a,2a62e5502f1f8160ddc9bf6d038d6847bdfce0c276145728879fdf6bb2f99162
1,20260815T152000Z_b0478e7_fft_thrust_fft_thrust_task2_pipeline_benchmark_task2_s01_near,formal,2026-08-15T15:05:00Z,b0478e7c5f1ad93e4cf41827d653d191c4a86804,false,task_scales_formal_v3,baaa5c346f0c31ac4bb1fd1f81069be745425af6b28982a50aa11d42ff41b232,task,Task2.pipeline,Task2,pipeline_total,chirp+gausspulse+sawtooth+square+hamming+firwin+firfilter+cubic+fm_demod+correlate+spectrogram+cwt+argrelextrema+kalman_filter;host:ricker+fusion+observation,task2_pipeline__task2_s01_near__3ffea69561cd022b,task2_s01_near,10^2,256,[256],FP32,gpu,fft_thrust,compatibility/end-to-end,PASS,OK,20,100,63,6.1864150000000002,true,3ffea69561cd022b7efce5632368854a93bb112af12cf45f40ef946b3f24c98a,a2a96fb1d9d4986297993bdb03565bcf91848c83b23b91be63a00135e67f1343
1,20260815T152000Z_b0478e7_fft_thrust_fft_thrust_task2_pipeline_benchmark_task2_s01_near,formal,2026-08-15T15:05:00Z,b0478e7c5f1ad93e4cf41827d653d191c4a86804,false,task_scales_formal_v3,baaa5c346f0c31ac4bb1fd1f81069be745425af6b28982a50aa11d42ff41b232,task,Task2.pipeline,Task2,pipeline_total,chirp+gausspulse+sawtooth+square+hamming+firwin+firfilter+cubic+fm_demod+correlate+spectrogram+cwt+argrelextrema+kalman_filter;host:ricker+fusion+observation,task2_pipeline__task2_s01_near__3ffea69561cd022b,task2_s01_near,10^2,256,[256],FP32,cpu,fft_thrust,compatibility/end-to-end,PASS,OK,20,100,64,24.735240999999998,true,3ffea69561cd022b7efce5632368854a93bb112af12cf45f40ef946b3f24c98a,2a62e5502f1f8160ddc9bf6d038d6847bdfce0c276145728879fdf6bb2f99162
1,20260815T152000Z_b0478e7_fft_thrust_fft_thrust_task2_pipeline_benchmark_task2_s01_near,formal,2026-08-15T15:05:00Z,b0478e7c5f1ad93e4cf41827d653d191c4a86804,false,task_scales_formal_v3,baaa5c346f0c31ac4bb1fd1f81069be745425af6b28982a50aa11d42ff41b232,task,Task2.pipeline,Task2,pipeline_total,chirp+gausspulse+sawtooth+square+hamming+firwin+firfilter+cubic+fm_demod+correlate+spectrogram+cwt+argrelextrema+kalman_filter;host:ricker+fusion+observation,task2_pipeline__task2_s01_near__3ffea69561cd022b,task2_s01_near,10^2,256,[256],FP32,gpu,fft_thrust,compatibility/end-to-end,PASS,OK,20,100,64,6.1318250000000001,true,3ffea69561cd022b7efce5632368854a93bb112af12cf45f40ef946b3f24c98a,a2a96fb1d9d4986297993bdb03565bcf91848c83b23b91be63a00135e67f1343
1,20260815T152000Z_b0478e7_fft_thrust_fft_thrust_task2_pipeline_benchmark_task2_s01_near,formal,2026-08-15T15:05:00Z,b0478e7c5f1ad93e4cf41827d653d191c4a86804,false,task_scales_formal_v3,baaa5c346f0c31ac4bb1fd1f81069be745425af6b28982a50aa11d42ff41b232,task,Task2.pipeline,Task2,pipeline_total,chirp+gausspulse+sawtooth+square+hamming+firwin+firfilter+cubic+fm_demod+correlate+spectrogram+cwt+argrelextrema+kalman_filter;host:ricker+fusion+observation,task2_pipeline__task2_s01_near__3ffea69561cd022b,task2_s01_near,10^2,256,[256],FP32,cpu,fft_thrust,compatibility/end-to-end,PASS,OK,20,100,65,25.072803,true,3ffea69561cd022b7efce5632368854a93bb112af12cf45f40ef946b3f24c98a,2a62e5502f1f8160ddc9bf6d038d6847bdfce0c276145728879fdf6bb2f99162
1,20260815T152000Z_b0478e7_fft_thrust_fft_thrust_task2_pipeline_benchmark_task2_s01_near,formal,2026-08-15T15:05:00Z,b0478e7c5f1ad93e4cf41827d653d191c4a86804,false,task_scales_formal_v3,baaa5c346f0c31ac4bb1fd1f81069be745425af6b28982a50aa11d42ff41b232,task,Task2.pipeline,Task2,pipeline_total,chirp+gausspulse+sawtooth+square+hamming+firwin+firfilter+cubic+fm_demod+correlate+spectrogram+cwt+argrelextrema+kalman_filter;host:ricker+fusion+observation,task2_pipeline__task2_s01_near__3ffea69561cd022b,task2_s01_near,10^2,256,[256],FP32,gpu,fft_thrust,compatibility/end-to-end,PASS,OK,20,100,65,6.3519959999999998,true,3ffea69561cd022b7efce5632368854a93bb112af12cf45f40ef946b3f24c98a,a2a96fb1d9d4986297993bdb03565bcf91848c83b23b91be63a00135e67f1343
1,20260815T152000Z_b0478e7_fft_thrust_fft_thrust_task2_pipeline_benchmark_task2_s01_near,formal,2026-08-15T15:05:00Z,b0478e7c5f1ad93e4cf41827d653d191c4a86804,false,task_scales_formal_v3,baaa5c346f0c31ac4bb1fd1f81069be745425af6b28982a50aa11d42ff41b232,task,Task2.pipeline,Task2,pipeline_total,chirp+gausspulse+sawtooth+square+hamming+firwin+firfilter+cubic+fm_demod+correlate+spectrogram+cwt+argrelextrema+kalman_filter;host:ricker+fusion+observation,task2_pipeline__task2_s01_near__3ffea69561cd022b,task2_s01_near,10^2,256,[256],FP32,cpu,fft_thrust,compatibility/end-to-end,PASS,OK,20,100,66,25.355623000000001,true,3ffea69561cd022b7efce5632368854a93bb112af12cf45f40ef946b3f24c98a,2a62e5502f1f8160ddc9bf6d038d6847bdfce0c276145728879fdf6bb2f99162
1,20260815T152000Z_b0478e7_fft_thrust_fft_thrust_task2_pipeline_benchmark_task2_s01_near,formal,2026-08-15T15:05:00Z,b0478e7c5f1ad93e4cf41827d653d191c4a86804,false,task_scales_formal_v3,baaa5c346f0c31ac4bb1fd1f81069be745425af6b28982a50aa11d42ff41b232,task,Task2.pipeline,Task2,pipeline_total,chirp+gausspulse+sawtooth+square+hamming+firwin+firfilter+cubic+fm_demod+correlate+spectrogram+cwt+argrelextrema+kalman_filter;host:ricker+fusion+observation,task2_pipeline__task2_s01_near__3ffea69561cd022b,task2_s01_near,10^2,256,[256],FP32,gpu,fft_thrust,compatibility/end-to-end,PASS,OK,20,100,66,6.2636959999999995,true,3ffea69561cd022b7efce5632368854a93bb112af12cf45f40ef946b3f24c98a,a2a96fb1d9d4986297993bdb03565bcf91848c83b23b91be63a00135e67f1343
1,20260815T152000Z_b0478e7_fft_thrust_fft_thrust_task2_pipeline_benchmark_task2_s01_near,formal,2026-08-15T15:05:00Z,b0478e7c5f1ad93e4cf41827d653d191c4a86804,false,task_scales_formal_v3,baaa5c346f0c31ac4bb1fd1f81069be745425af6b28982a50aa11d42ff41b232,task,Task2.pipeline,Task2,pipeline_total,chirp+gausspulse+sawtooth+square+hamming+firwin+firfilter+cubic+fm_demod+correlate+spectrogram+cwt+argrelextrema+kalman_filter;host:ricker+fusion+observation,task2_pipeline__task2_s01_near__3ffea69561cd022b,task2_s01_near,10^2,256,[256],FP32,cpu,fft_thrust,compatibility/end-to-end,PASS,OK,20,100,67,24.893359999999998,true,3ffea69561cd022b7efce5632368854a93bb112af12cf45f40ef946b3f24c98a,2a62e5502f1f8160ddc9bf6d038d6847bdfce0c276145728879fdf6bb2f99162
1,20260815T152000Z_b0478e7_fft_thrust_fft_thrust_task2_pipeline_benchmark_task2_s01_near,formal,2026-08-15T15:05:00Z,b0478e7c5f1ad93e4cf41827d653d191c4a86804,false,task_scales_formal_v3,baaa5c346f0c31ac4bb1fd1f81069be745425af6b28982a50aa11d42ff41b232,task,Task2.pipeline,Task2,pipeline_total,chirp+gausspulse+sawtooth+square+hamming+firwin+firfilter+cubic+fm_demod+correlate+spectrogram+cwt+argrelextrema+kalman_filter;host:ricker+fusion+observation,task2_pipeline__task2_s01_near__3ffea69561cd022b,task2_s01_near,10^2,256,[256],FP32,gpu,fft_thrust,compatibility/end-to-end,PASS,OK,20,100,67,6.2436359999999995,true,3ffea69561cd022b7efce5632368854a93bb112af12cf45f40ef946b3f24c98a,a2a96fb1d9d4986297993bdb03565bcf91848c83b23b91be63a00135e67f1343
1,20260815T152000Z_b0478e7_fft_thrust_fft_thrust_task2_pipeline_benchmark_task2_s01_near,formal,2026-08-15T15:05:00Z,b0478e7c5f1ad93e4cf41827d653d191c4a86804,false,task_scales_formal_v3,baaa5c346f0c31ac4bb1fd1f81069be745425af6b28982a50aa11d42ff41b232,task,Task2.pipeline,Task2,pipeline_total,chirp+gausspulse+sawtooth+square+hamming+firwin+firfilter+cubic+fm_demod+correlate+spectrogram+cwt+argrelextrema+kalman_filter;host:ricker+fusion+observation,task2_pipeline__task2_s01_near__3ffea69561cd022b,task2_s01_near,10^2,256,[256],FP32,cpu,fft_thrust,compatibility/end-to-end,PASS,OK,20,100,68,25.085481999999999,true,3ffea69561cd022b7efce5632368854a93bb112af12cf45f40ef946b3f24c98a,2a62e5502f1f8160ddc9bf6d038d6847bdfce0c276145728879fdf6bb2f99162
1,20260815T152000Z_b0478e7_fft_thrust_fft_thrust_task2_pipeline_benchmark_task2_s01_near,formal,2026-08-15T15:05:00Z,b0478e7c5f1ad93e4cf41827d653d191c4a86804,false,task_scales_formal_v3,baaa5c346f0c31ac4bb1fd1f81069be745425af6b28982a50aa11d42ff41b232,task,Task2.pipeline,Task2,pipeline_total,chirp+gausspulse+sawtooth+square+hamming+firwin+firfilter+cubic+fm_demod+correlate+spectrogram+cwt+argrelextrema+kalman_filter;host:ricker+fusion+observation,task2_pipeline__task2_s01_near__3ffea69561cd022b,task2_s01_near,10^2,256,[256],FP32,gpu,fft_thrust,compatibility/end-to-end,PASS,OK,20,100,68,7.0271020000000002,true,3ffea69561cd022b7efce5632368854a93bb112af12cf45f40ef946b3f24c98a,a2a96fb1d9d4986297993bdb03565bcf91848c83b23b91be63a00135e67f1343
1,20260815T152000Z_b0478e7_fft_thrust_fft_thrust_task2_pipeline_benchmark_task2_s01_near,formal,2026-08-15T15:05:00Z,b0478e7c5f1ad93e4cf41827d653d191c4a86804,false,task_scales_formal_v3,baaa5c346f0c31ac4bb1fd1f81069be745425af6b28982a50aa11d42ff41b232,task,Task2.pipeline,Task2,pipeline_total,chirp+gausspulse+sawtooth+square+hamming+firwin+firfilter+cubic+fm_demod+correlate+spectrogram+cwt+argrelextrema+kalman_filter;host:ricker+fusion+observation,task2_pipeline__task2_s01_near__3ffea69561cd022b,task2_s01_near,10^2,256,[256],FP32,cpu,fft_thrust,compatibility/end-to-end,PASS,OK,20,100,69,25.517495,true,3ffea69561cd022b7efce5632368854a93bb112af12cf45f40ef946b3f24c98a,2a62e5502f1f8160ddc9bf6d038d6847bdfce0c276145728879fdf6bb2f99162
1,20260815T152000Z_b0478e7_fft_thrust_fft_thrust_task2_pipeline_benchmark_task2_s01_near,formal,2026-08-15T15:05:00Z,b0478e7c5f1ad93e4cf41827d653d191c4a86804,false,task_scales_formal_v3,baaa5c346f0c31ac4bb1fd1f81069be745425af6b28982a50aa11d42ff41b232,task,Task2.pipeline,Task2,pipeline_total,chirp+gausspulse+sawtooth+square+hamming+firwin+firfilter+cubic+fm_demod+correlate+spectrogram+cwt+argrelextrema+kalman_filter;host:ricker+fusion+observation,task2_pipeline__task2_s01_near__3ffea69561cd022b,task2_s01_near,10^2,256,[256],FP32,gpu,fft_thrust,compatibility/end-to-end,PASS,OK,20,100,69,6.8930210000000001,true,3ffea69561cd022b7efce5632368854a93bb112af12cf45f40ef946b3f24c98a,a2a96fb1d9d4986297993bdb03565bcf91848c83b23b91be63a00135e67f1343
1,20260815T152000Z_b0478e7_fft_thrust_fft_thrust_task2_pipeline_benchmark_task2_s01_near,formal,2026-08-15T15:05:00Z,b0478e7c5f1ad93e4cf41827d653d191c4a86804,false,task_scales_formal_v3,baaa5c346f0c31ac4bb1fd1f81069be745425af6b28982a50aa11d42ff41b232,task,Task2.pipeline,Task2,pipeline_total,chirp+gausspulse+sawtooth+square+hamming+firwin+firfilter+cubic+fm_demod+correlate+spectrogram+cwt+argrelextrema+kalman_filter;host:ricker+fusion+observation,task2_pipeline__task2_s01_near__3ffea69561cd022b,task2_s01_near,10^2,256,[256],FP32,cpu,fft_thrust,compatibility/end-to-end,PASS,OK,20,100,70,25.350764999999999,true,3ffea69561cd022b7efce5632368854a93bb112af12cf45f40ef946b3f24c98a,2a62e5502f1f8160ddc9bf6d038d6847bdfce0c276145728879fdf6bb2f99162
1,20260815T152000Z_b0478e7_fft_thrust_fft_thrust_task2_pipeline_benchmark_task2_s01_near,formal,2026-08-15T15:05:00Z,b0478e7c5f1ad93e4cf41827d653d191c4a86804,false,task_scales_formal_v3,baaa5c346f0c31ac4bb1fd1f81069be745425af6b28982a50aa11d42ff41b232,task,Task2.pipeline,Task2,pipeline_total,chirp+gausspulse+sawtooth+square+hamming+firwin+firfilter+cubic+fm_demod+correlate+spectrogram+cwt+argrelextrema+kalman_filter;host:ricker+fusion+observation,task2_pipeline__task2_s01_near__3ffea69561cd022b,task2_s01_near,10^2,256,[256],FP32,gpu,fft_thrust,compatibility/end-to-end,PASS,OK,20,100,70,6.9649979999999996,true,3ffea69561cd022b7efce5632368854a93bb112af12cf45f40ef946b3f24c98a,a2a96fb1d9d4986297993bdb03565bcf91848c83b23b91be63a00135e67f1343
1,20260815T152000Z_b0478e7_fft_thrust_fft_thrust_task2_pipeline_benchmark_task2_s01_near,formal,2026-08-15T15:05:00Z,b0478e7c5f1ad93e4cf41827d653d191c4a86804,false,task_scales_formal_v3,baaa5c346f0c31ac4bb1fd1f81069be745425af6b28982a50aa11d42ff41b232,task,Task2.pipeline,Task2,pipeline_total,chirp+gausspulse+sawtooth+square+hamming+firwin+firfilter+cubic+fm_demod+correlate+spectrogram+cwt+argrelextrema+kalman_filter;host:ricker+fusion+observation,task2_pipeline__task2_s01_near__3ffea69561cd022b,task2_s01_near,10^2,256,[256],FP32,cpu,fft_thrust,compatibility/end-to-end,PASS,OK,20,100,71,26.399393,true,3ffea69561cd022b7efce5632368854a93bb112af12cf45f40ef946b3f24c98a,2a62e5502f1f8160ddc9bf6d038d6847bdfce0c276145728879fdf6bb2f99162
1,20260815T152000Z_b0478e7_fft_thrust_fft_thrust_task2_pipeline_benchmark_task2_s01_near,formal,2026-08-15T15:05:00Z,b0478e7c5f1ad93e4cf41827d653d191c4a86804,false,task_scales_formal_v3,baaa5c346f0c31ac4bb1fd1f81069be745425af6b28982a50aa11d42ff41b232,task,Task2.pipeline,Task2,pipeline_total,chirp+gausspulse+sawtooth+square+hamming+firwin+firfilter+cubic+fm_demod+correlate+spectrogram+cwt+argrelextrema+kalman_filter;host:ricker+fusion+observation,task2_pipeline__task2_s01_near__3ffea69561cd022b,task2_s01_near,10^2,256,[256],FP32,gpu,fft_thrust,compatibility/end-to-end,PASS,OK,20,100,71,7.2234729999999994,true,3ffea69561cd022b7efce5632368854a93bb112af12cf45f40ef946b3f24c98a,a2a96fb1d9d4986297993bdb03565bcf91848c83b23b91be63a00135e67f1343
1,20260815T152000Z_b0478e7_fft_thrust_fft_thrust_task2_pipeline_benchmark_task2_s01_near,formal,2026-08-15T15:05:00Z,b0478e7c5f1ad93e4cf41827d653d191c4a86804,false,task_scales_formal_v3,baaa5c346f0c31ac4bb1fd1f81069be745425af6b28982a50aa11d42ff41b232,task,Task2.pipeline,Task2,pipeline_total,chirp+gausspulse+sawtooth+square+hamming+firwin+firfilter+cubic+fm_demod+correlate+spectrogram+cwt+argrelextrema+kalman_filter;host:ricker+fusion+observation,task2_pipeline__task2_s01_near__3ffea69561cd022b,task2_s01_near,10^2,256,[256],FP32,cpu,fft_thrust,compatibility/end-to-end,PASS,OK,20,100,72,25.270014,true,3ffea69561cd022b7efce5632368854a93bb112af12cf45f40ef946b3f24c98a,2a62e5502f1f8160ddc9bf6d038d6847bdfce0c276145728879fdf6bb2f99162
1,20260815T152000Z_b0478e7_fft_thrust_fft_thrust_task2_pipeline_benchmark_task2_s01_near,formal,2026-08-15T15:05:00Z,b0478e7c5f1ad93e4cf41827d653d191c4a86804,false,task_scales_formal_v3,baaa5c346f0c31ac4bb1fd1f81069be745425af6b28982a50aa11d42ff41b232,task,Task2.pipeline,Task2,pipeline_total,chirp+gausspulse+sawtooth+square+hamming+firwin+firfilter+cubic+fm_demod+correlate+spectrogram+cwt+argrelextrema+kalman_filter;host:ricker+fusion+observation,task2_pipeline__task2_s01_near__3ffea69561cd022b,task2_s01_near,10^2,256,[256],FP32,gpu,fft_thrust,compatibility/end-to-end,PASS,OK,20,100,72,6.87357,true,3ffea69561cd022b7efce5632368854a93bb112af12cf45f40ef946b3f24c98a,a2a96fb1d9d4986297993bdb03565bcf91848c83b23b91be63a00135e67f1343
1,20260815T152000Z_b0478e7_fft_thrust_fft_thrust_task2_pipeline_benchmark_task2_s01_near,formal,2026-08-15T15:05:00Z,b0478e7c5f1ad93e4cf41827d653d191c4a86804,false,task_scales_formal_v3,baaa5c346f0c31ac4bb1fd1f81069be745425af6b28982a50aa11d42ff41b232,task,Task2.pipeline,Task2,pipeline_total,chirp+gausspulse+sawtooth+square+hamming+firwin+firfilter+cubic+fm_demod+correlate+spectrogram+cwt+argrelextrema+kalman_filter;host:ricker+fusion+observation,task2_pipeline__task2_s01_near__3ffea69561cd022b,task2_s01_near,10^2,256,[256],FP32,cpu,fft_thrust,compatibility/end-to-end,PASS,OK,20,100,73,25.031762000000001,true,3ffea69561cd022b7efce5632368854a93bb112af12cf45f40ef946b3f24c98a,2a62e5502f1f8160ddc9bf6d038d6847bdfce0c276145728879fdf6bb2f99162
1,20260815T152000Z_b0478e7_fft_thrust_fft_thrust_task2_pipeline_benchmark_task2_s01_near,formal,2026-08-15T15:05:00Z,b0478e7c5f1ad93e4cf41827d653d191c4a86804,false,task_scales_formal_v3,baaa5c346f0c31ac4bb1fd1f81069be745425af6b28982a50aa11d42ff41b232,task,Task2.pipeline,Task2,pipeline_total,chirp+gausspulse+sawtooth+square+hamming+firwin+firfilter+cubic+fm_demod+correlate+spectrogram+cwt+argrelextrema+kalman_filter;host:ricker+fusion+observation,task2_pipeline__task2_s01_near__3ffea69561cd022b,task2_s01_near,10^2,256,[256],FP32,gpu,fft_thrust,compatibility/end-to-end,PASS,OK,20,100,73,6.972791,true,3ffea69561cd022b7efce5632368854a93bb112af12cf45f40ef946b3f24c98a,a2a96fb1d9d4986297993bdb03565bcf91848c83b23b91be63a00135e67f1343
1,20260815T152000Z_b0478e7_fft_thrust_fft_thrust_task2_pipeline_benchmark_task2_s01_near,formal,2026-08-15T15:05:00Z,b0478e7c5f1ad93e4cf41827d653d191c4a86804,false,task_scales_formal_v3,baaa5c346f0c31ac4bb1fd1f81069be745425af6b28982a50aa11d42ff41b232,task,Task2.pipeline,Task2,pipeline_total,chirp+gausspulse+sawtooth+square+hamming+firwin+firfilter+cubic+fm_demod+correlate+spectrogram+cwt+argrelextrema+kalman_filter;host:ricker+fusion+observation,task2_pipeline__task2_s01_near__3ffea69561cd022b,task2_s01_near,10^2,256,[256],FP32,cpu,fft_thrust,compatibility/end-to-end,PASS,OK,20,100,74,25.648415999999997,true,3ffea69561cd022b7efce5632368854a93bb112af12cf45f40ef946b3f24c98a,2a62e5502f1f8160ddc9bf6d038d6847bdfce0c276145728879fdf6bb2f99162
1,20260815T152000Z_b0478e7_fft_thrust_fft_thrust_task2_pipeline_benchmark_task2_s01_near,formal,2026-08-15T15:05:00Z,b0478e7c5f1ad93e4cf41827d653d191c4a86804,false,task_scales_formal_v3,baaa5c346f0c31ac4bb1fd1f81069be745425af6b28982a50aa11d42ff41b232,task,Task2.pipeline,Task2,pipeline_total,chirp+gausspulse+sawtooth+square+hamming+firwin+firfilter+cubic+fm_demod+correlate+spectrogram+cwt+argrelextrema+kalman_filter;host:ricker+fusion+observation,task2_pipeline__task2_s01_near__3ffea69561cd022b,task2_s01_near,10^2,256,[256],FP32,gpu,fft_thrust,compatibility/end-to-end,PASS,OK,20,100,74,7.0862910000000001,true,3ffea69561cd022b7efce5632368854a93bb112af12cf45f40ef946b3f24c98a,a2a96fb1d9d4986297993bdb03565bcf91848c83b23b91be63a00135e67f1343
1,20260815T152000Z_b0478e7_fft_thrust_fft_thrust_task2_pipeline_benchmark_task2_s01_near,formal,2026-08-15T15:05:00Z,b0478e7c5f1ad93e4cf41827d653d191c4a86804,false,task_scales_formal_v3,baaa5c346f0c31ac4bb1fd1f81069be745425af6b28982a50aa11d42ff41b232,task,Task2.pipeline,Task2,pipeline_total,chirp+gausspulse+sawtooth+square+hamming+firwin+firfilter+cubic+fm_demod+correlate+spectrogram+cwt+argrelextrema+kalman_filter;host:ricker+fusion+observation,task2_pipeline__task2_s01_near__3ffea69561cd022b,task2_s01_near,10^2,256,[256],FP32,cpu,fft_thrust,compatibility/end-to-end,PASS,OK,20,100,75,25.006872000000001,true,3ffea69561cd022b7efce5632368854a93bb112af12cf45f40ef946b3f24c98a,2a62e5502f1f8160ddc9bf6d038d6847bdfce0c276145728879fdf6bb2f99162
1,20260815T152000Z_b0478e7_fft_thrust_fft_thrust_task2_pipeline_benchmark_task2_s01_near,formal,2026-08-15T15:05:00Z,b0478e7c5f1ad93e4cf41827d653d191c4a86804,false,task_scales_formal_v3,baaa5c346f0c31ac4bb1fd1f81069be745425af6b28982a50aa11d42ff41b232,task,Task2.pipeline,Task2,pipeline_total,chirp+gausspulse+sawtooth+square+hamming+firwin+firfilter+cubic+fm_demod+correlate+spectrogram+cwt+argrelextrema+kalman_filter;host:ricker+fusion+observation,task2_pipeline__task2_s01_near__3ffea69561cd022b,task2_s01_near,10^2,256,[256],FP32,gpu,fft_thrust,compatibility/end-to-end,PASS,OK,20,100,75,6.8981899999999996,true,3ffea69561cd022b7efce5632368854a93bb112af12cf45f40ef946b3f24c98a,a2a96fb1d9d4986297993bdb03565bcf91848c83b23b91be63a00135e67f1343
1,20260815T152000Z_b0478e7_fft_thrust_fft_thrust_task2_pipeline_benchmark_task2_s01_near,formal,2026-08-15T15:05:00Z,b0478e7c5f1ad93e4cf41827d653d191c4a86804,false,task_scales_formal_v3,baaa5c346f0c31ac4bb1fd1f81069be745425af6b28982a50aa11d42ff41b232,task,Task2.pipeline,Task2,pipeline_total,chirp+gausspulse+sawtooth+square+hamming+firwin+firfilter+cubic+fm_demod+correlate+spectrogram+cwt+argrelextrema+kalman_filter;host:ricker+fusion+observation,task2_pipeline__task2_s01_near__3ffea69561cd022b,task2_s01_near,10^2,256,[256],FP32,cpu,fft_thrust,compatibility/end-to-end,PASS,OK,20,100,76,25.433845999999999,true,3ffea69561cd022b7efce5632368854a93bb112af12cf45f40ef946b3f24c98a,2a62e5502f1f8160ddc9bf6d038d6847bdfce0c276145728879fdf6bb2f99162
1,20260815T152000Z_b0478e7_fft_thrust_fft_thrust_task2_pipeline_benchmark_task2_s01_near,formal,2026-08-15T15:05:00Z,b0478e7c5f1ad93e4cf41827d653d191c4a86804,false,task_scales_formal_v3,baaa5c346f0c31ac4bb1fd1f81069be745425af6b28982a50aa11d42ff41b232,task,Task2.pipeline,Task2,pipeline_total,chirp+gausspulse+sawtooth+square+hamming+firwin+firfilter+cubic+fm_demod+correlate+spectrogram+cwt+argrelextrema+kalman_filter;host:ricker+fusion+observation,task2_pipeline__task2_s01_near__3ffea69561cd022b,task2_s01_near,10^2,256,[256],FP32,gpu,fft_thrust,compatibility/end-to-end,PASS,OK,20,100,76,7.1795819999999999,true,3ffea69561cd022b7efce5632368854a93bb112af12cf45f40ef946b3f24c98a,a2a96fb1d9d4986297993bdb03565bcf91848c83b23b91be63a00135e67f1343
1,20260815T152000Z_b0478e7_fft_thrust_fft_thrust_task2_pipeline_benchmark_task2_s01_near,formal,2026-08-15T15:05:00Z,b0478e7c5f1ad93e4cf41827d653d191c4a86804,false,task_scales_formal_v3,baaa5c346f0c31ac4bb1fd1f81069be745425af6b28982a50aa11d42ff41b232,task,Task2.pipeline,Task2,pipeline_total,chirp+gausspulse+sawtooth+square+hamming+firwin+firfilter+cubic+fm_demod+correlate+spectrogram+cwt+argrelextrema+kalman_filter;host:ricker+fusion+observation,task2_pipeline__task2_s01_near__3ffea69561cd022b,task2_s01_near,10^2,256,[256],FP32,cpu,fft_thrust,compatibility/end-to-end,PASS,OK,20,100,77,25.521315000000001,true,3ffea69561cd022b7efce5632368854a93bb112af12cf45f40ef946b3f24c98a,2a62e5502f1f8160ddc9bf6d038d6847bdfce0c276145728879fdf6bb2f99162
1,20260815T152000Z_b0478e7_fft_thrust_fft_thrust_task2_pipeline_benchmark_task2_s01_near,formal,2026-08-15T15:05:00Z,b0478e7c5f1ad93e4cf41827d653d191c4a86804,false,task_scales_formal_v3,baaa5c346f0c31ac4bb1fd1f81069be745425af6b28982a50aa11d42ff41b232,task,Task2.pipeline,Task2,pipeline_total,chirp+gausspulse+sawtooth+square+hamming+firwin+firfilter+cubic+fm_demod+correlate+spectrogram+cwt+argrelextrema+kalman_filter;host:ricker+fusion+observation,task2_pipeline__task2_s01_near__3ffea69561cd022b,task2_s01_near,10^2,256,[256],FP32,gpu,fft_thrust,compatibility/end-to-end,PASS,OK,20,100,77,7.1672920000000007,true,3ffea69561cd022b7efce5632368854a93bb112af12cf45f40ef946b3f24c98a,a2a96fb1d9d4986297993bdb03565bcf91848c83b23b91be63a00135e67f1343
1,20260815T152000Z_b0478e7_fft_thrust_fft_thrust_task2_pipeline_benchmark_task2_s01_near,formal,2026-08-15T15:05:00Z,b0478e7c5f1ad93e4cf41827d653d191c4a86804,false,task_scales_formal_v3,baaa5c346f0c31ac4bb1fd1f81069be745425af6b28982a50aa11d42ff41b232,task,Task2.pipeline,Task2,pipeline_total,chirp+gausspulse+sawtooth+square+hamming+firwin+firfilter+cubic+fm_demod+correlate+spectrogram+cwt+argrelextrema+kalman_filter;host:ricker+fusion+observation,task2_pipeline__task2_s01_near__3ffea69561cd022b,task2_s01_near,10^2,256,[256],FP32,cpu,fft_thrust,compatibility/end-to-end,PASS,OK,20,100,78,25.212481999999998,true,3ffea69561cd022b7efce5632368854a93bb112af12cf45f40ef946b3f24c98a,2a62e5502f1f8160ddc9bf6d038d6847bdfce0c276145728879fdf6bb2f99162
1,20260815T152000Z_b0478e7_fft_thrust_fft_thrust_task2_pipeline_benchmark_task2_s01_near,formal,2026-08-15T15:05:00Z,b0478e7c5f1ad93e4cf41827d653d191c4a86804,false,task_scales_formal_v3,baaa5c346f0c31ac4bb1fd1f81069be745425af6b28982a50aa11d42ff41b232,task,Task2.pipeline,Task2,pipeline_total,chirp+gausspulse+sawtooth+square+hamming+firwin+firfilter+cubic+fm_demod+correlate+spectrogram+cwt+argrelextrema+kalman_filter;host:ricker+fusion+observation,task2_pipeline__task2_s01_near__3ffea69561cd022b,task2_s01_near,10^2,256,[256],FP32,gpu,fft_thrust,compatibility/end-to-end,PASS,OK,20,100,78,6.9752710000000002,true,3ffea69561cd022b7efce5632368854a93bb112af12cf45f40ef946b3f24c98a,a2a96fb1d9d4986297993bdb03565bcf91848c83b23b91be63a00135e67f1343
1,20260815T152000Z_b0478e7_fft_thrust_fft_thrust_task2_pipeline_benchmark_task2_s01_near,formal,2026-08-15T15:05:00Z,b0478e7c5f1ad93e4cf41827d653d191c4a86804,false,task_scales_formal_v3,baaa5c346f0c31ac4bb1fd1f81069be745425af6b28982a50aa11d42ff41b232,task,Task2.pipeline,Task2,pipeline_total,chirp+gausspulse+sawtooth+square+hamming+firwin+firfilter+cubic+fm_demod+correlate+spectrogram+cwt+argrelextrema+kalman_filter;host:ricker+fusion+observation,task2_pipeline__task2_s01_near__3ffea69561cd022b,task2_s01_near,10^2,256,[256],FP32,cpu,fft_thrust,compatibility/end-to-end,PASS,OK,20,100,79,25.113523000000001,true,3ffea69561cd022b7efce5632368854a93bb112af12cf45f40ef946b3f24c98a,2a62e5502f1f8160ddc9bf6d038d6847bdfce0c276145728879fdf6bb2f99162
1,20260815T152000Z_b0478e7_fft_thrust_fft_thrust_task2_pipeline_benchmark_task2_s01_near,formal,2026-08-15T15:05:00Z,b0478e7c5f1ad93e4cf41827d653d191c4a86804,false,task_scales_formal_v3,baaa5c346f0c31ac4bb1fd1f81069be745425af6b28982a50aa11d42ff41b232,task,Task2.pipeline,Task2,pipeline_total,chirp+gausspulse+sawtooth+square+hamming+firwin+firfilter+cubic+fm_demod+correlate+spectrogram+cwt+argrelextrema+kalman_filter;host:ricker+fusion+observation,task2_pipeline__task2_s01_near__3ffea69561cd022b,task2_s01_near,10^2,256,[256],FP32,gpu,fft_thrust,compatibility/end-to-end,PASS,OK,20,100,79,7.0370910000000002,true,3ffea69561cd022b7efce5632368854a93bb112af12cf45f40ef946b3f24c98a,a2a96fb1d9d4986297993bdb03565bcf91848c83b23b91be63a00135e67f1343
1,20260815T152000Z_b0478e7_fft_thrust_fft_thrust_task2_pipeline_benchmark_task2_s01_near,formal,2026-08-15T15:05:00Z,b0478e7c5f1ad93e4cf41827d653d191c4a86804,false,task_scales_formal_v3,baaa5c346f0c31ac4bb1fd1f81069be745425af6b28982a50aa11d42ff41b232,task,Task2.pipeline,Task2,pipeline_total,chirp+gausspulse+sawtooth+square+hamming+firwin+firfilter+cubic+fm_demod+correlate+spectrogram+cwt+argrelextrema+kalman_filter;host:ricker+fusion+observation,task2_pipeline__task2_s01_near__3ffea69561cd022b,task2_s01_near,10^2,256,[256],FP32,cpu,fft_thrust,compatibility/end-to-end,PASS,OK,20,100,80,24.750739000000003,true,3ffea69561cd022b7efce5632368854a93bb112af12cf45f40ef946b3f24c98a,2a62e5502f1f8160ddc9bf6d038d6847bdfce0c276145728879fdf6bb2f99162
1,20260815T152000Z_b0478e7_fft_thrust_fft_thrust_task2_pipeline_benchmark_task2_s01_near,formal,2026-08-15T15:05:00Z,b0478e7c5f1ad93e4cf41827d653d191c4a86804,false,task_scales_formal_v3,baaa5c346f0c31ac4bb1fd1f81069be745425af6b28982a50aa11d42ff41b232,task,Task2.pipeline,Task2,pipeline_total,chirp+gausspulse+sawtooth+square+hamming+firwin+firfilter+cubic+fm_demod+correlate+spectrogram+cwt+argrelextrema+kalman_filter;host:ricker+fusion+observation,task2_pipeline__task2_s01_near__3ffea69561cd022b,task2_s01_near,10^2,256,[256],FP32,gpu,fft_thrust,compatibility/end-to-end,PASS,OK,20,100,80,7.0035420000000004,true,3ffea69561cd022b7efce5632368854a93bb112af12cf45f40ef946b3f24c98a,a2a96fb1d9d4986297993bdb03565bcf91848c83b23b91be63a00135e67f1343
1,20260815T152000Z_b0478e7_fft_thrust_fft_thrust_task2_pipeline_benchmark_task2_s01_near,formal,2026-08-15T15:05:00Z,b0478e7c5f1ad93e4cf41827d653d191c4a86804,false,task_scales_formal_v3,baaa5c346f0c31ac4bb1fd1f81069be745425af6b28982a50aa11d42ff41b232,task,Task2.pipeline,Task2,pipeline_total,chirp+gausspulse+sawtooth+square+hamming+firwin+firfilter+cubic+fm_demod+correlate+spectrogram+cwt+argrelextrema+kalman_filter;host:ricker+fusion+observation,task2_pipeline__task2_s01_near__3ffea69561cd022b,task2_s01_near,10^2,256,[256],FP32,cpu,fft_thrust,compatibility/end-to-end,PASS,OK,20,100,81,25.165962,true,3ffea69561cd022b7efce5632368854a93bb112af12cf45f40ef946b3f24c98a,2a62e5502f1f8160ddc9bf6d038d6847bdfce0c276145728879fdf6bb2f99162
1,20260815T152000Z_b0478e7_fft_thrust_fft_thrust_task2_pipeline_benchmark_task2_s01_near,formal,2026-08-15T15:05:00Z,b0478e7c5f1ad93e4cf41827d653d191c4a86804,false,task_scales_formal_v3,baaa5c346f0c31ac4bb1fd1f81069be745425af6b28982a50aa11d42ff41b232,task,Task2.pipeline,Task2,pipeline_total,chirp+gausspulse+sawtooth+square+hamming+firwin+firfilter+cubic+fm_demod+correlate+spectrogram+cwt+argrelextrema+kalman_filter;host:ricker+fusion+observation,task2_pipeline__task2_s01_near__3ffea69561cd022b,task2_s01_near,10^2,256,[256],FP32,gpu,fft_thrust,compatibility/end-to-end,PASS,OK,20,100,81,7.0621420000000006,true,3ffea69561cd022b7efce5632368854a93bb112af12cf45f40ef946b3f24c98a,a2a96fb1d9d4986297993bdb03565bcf91848c83b23b91be63a00135e67f1343
1,20260815T152000Z_b0478e7_fft_thrust_fft_thrust_task2_pipeline_benchmark_task2_s01_near,formal,2026-08-15T15:05:00Z,b0478e7c5f1ad93e4cf41827d653d191c4a86804,false,task_scales_formal_v3,baaa5c346f0c31ac4bb1fd1f81069be745425af6b28982a50aa11d42ff41b232,task,Task2.pipeline,Task2,pipeline_total,chirp+gausspulse+sawtooth+square+hamming+firwin+firfilter+cubic+fm_demod+correlate+spectrogram+cwt+argrelextrema+kalman_filter;host:ricker+fusion+observation,task2_pipeline__task2_s01_near__3ffea69561cd022b,task2_s01_near,10^2,256,[256],FP32,cpu,fft_thrust,compatibility/end-to-end,PASS,OK,20,100,82,25.239114999999998,true,3ffea69561cd022b7efce5632368854a93bb112af12cf45f40ef946b3f24c98a,2a62e5502f1f8160ddc9bf6d038d6847bdfce0c276145728879fdf6bb2f99162
1,20260815T152000Z_b0478e7_fft_thrust_fft_thrust_task2_pipeline_benchmark_task2_s01_near,formal,2026-08-15T15:05:00Z,b0478e7c5f1ad93e4cf41827d653d191c4a86804,false,task_scales_formal_v3,baaa5c346f0c31ac4bb1fd1f81069be745425af6b28982a50aa11d42ff41b232,task,Task2.pipeline,Task2,pipeline_total,chirp+gausspulse+sawtooth+square+hamming+firwin+firfilter+cubic+fm_demod+correlate+spectrogram+cwt+argrelextrema+kalman_filter;host:ricker+fusion+observation,task2_pipeline__task2_s01_near__3ffea69561cd022b,task2_s01_near,10^2,256,[256],FP32,gpu,fft_thrust,compatibility/end-to-end,PASS,OK,20,100,82,7.0144979999999997,true,3ffea69561cd022b7efce5632368854a93bb112af12cf45f40ef946b3f24c98a,a2a96fb1d9d4986297993bdb03565bcf91848c83b23b91be63a00135e67f1343
1,20260815T152000Z_b0478e7_fft_thrust_fft_thrust_task2_pipeline_benchmark_task2_s01_near,formal,2026-08-15T15:05:00Z,b0478e7c5f1ad93e4cf41827d653d191c4a86804,false,task_scales_formal_v3,baaa5c346f0c31ac4bb1fd1f81069be745425af6b28982a50aa11d42ff41b232,task,Task2.pipeline,Task2,pipeline_total,chirp+gausspulse+sawtooth+square+hamming+firwin+firfilter+cubic+fm_demod+correlate+spectrogram+cwt+argrelextrema+kalman_filter;host:ricker+fusion+observation,task2_pipeline__task2_s01_near__3ffea69561cd022b,task2_s01_near,10^2,256,[256],FP32,cpu,fft_thrust,compatibility/end-to-end,PASS,OK,20,100,83,24.746219,true,3ffea69561cd022b7efce5632368854a93bb112af12cf45f40ef946b3f24c98a,2a62e5502f1f8160ddc9bf6d038d6847bdfce0c276145728879fdf6bb2f99162
1,20260815T152000Z_b0478e7_fft_thrust_fft_thrust_task2_pipeline_benchmark_task2_s01_near,formal,2026-08-15T15:05:00Z,b0478e7c5f1ad93e4cf41827d653d191c4a86804,false,task_scales_formal_v3,baaa5c346f0c31ac4bb1fd1f81069be745425af6b28982a50aa11d42ff41b232,task,Task2.pipeline,Task2,pipeline_total,chirp+gausspulse+sawtooth+square+hamming+firwin+firfilter+cubic+fm_demod+correlate+spectrogram+cwt+argrelextrema+kalman_filter;host:ricker+fusion+observation,task2_pipeline__task2_s01_near__3ffea69561cd022b,task2_s01_near,10^2,256,[256],FP32,gpu,fft_thrust,compatibility/end-to-end,PASS,OK,20,100,83,7.0411320000000002,true,3ffea69561cd022b7efce5632368854a93bb112af12cf45f40ef946b3f24c98a,a2a96fb1d9d4986297993bdb03565bcf91848c83b23b91be63a00135e67f1343
1,20260815T152000Z_b0478e7_fft_thrust_fft_thrust_task2_pipeline_benchmark_task2_s01_near,formal,2026-08-15T15:05:00Z,b0478e7c5f1ad93e4cf41827d653d191c4a86804,false,task_scales_formal_v3,baaa5c346f0c31ac4bb1fd1f81069be745425af6b28982a50aa11d42ff41b232,task,Task2.pipeline,Task2,pipeline_total,chirp+gausspulse+sawtooth+square+hamming+firwin+firfilter+cubic+fm_demod+correlate+spectrogram+cwt+argrelextrema+kalman_filter;host:ricker+fusion+observation,task2_pipeline__task2_s01_near__3ffea69561cd022b,task2_s01_near,10^2,256,[256],FP32,cpu,fft_thrust,compatibility/end-to-end,PASS,OK,20,100,84,24.8978,true,3ffea69561cd022b7efce5632368854a93bb112af12cf45f40ef946b3f24c98a,2a62e5502f1f8160ddc9bf6d038d6847bdfce0c276145728879fdf6bb2f99162
1,20260815T152000Z_b0478e7_fft_thrust_fft_thrust_task2_pipeline_benchmark_task2_s01_near,formal,2026-08-15T15:05:00Z,b0478e7c5f1ad93e4cf41827d653d191c4a86804,false,task_scales_formal_v3,baaa5c346f0c31ac4bb1fd1f81069be745425af6b28982a50aa11d42ff41b232,task,Task2.pipeline,Task2,pipeline_total,chirp+gausspulse+sawtooth+square+hamming+firwin+firfilter+cubic+fm_demod+correlate+spectrogram+cwt+argrelextrema+kalman_filter;host:ricker+fusion+observation,task2_pipeline__task2_s01_near__3ffea69561cd022b,task2_s01_near,10^2,256,[256],FP32,gpu,fft_thrust,compatibility/end-to-end,PASS,OK,20,100,84,7.137753,true,3ffea69561cd022b7efce5632368854a93bb112af12cf45f40ef946b3f24c98a,a2a96fb1d9d4986297993bdb03565bcf91848c83b23b91be63a00135e67f1343
1,20260815T152000Z_b0478e7_fft_thrust_fft_thrust_task2_pipeline_benchmark_task2_s01_near,formal,2026-08-15T15:05:00Z,b0478e7c5f1ad93e4cf41827d653d191c4a86804,false,task_scales_formal_v3,baaa5c346f0c31ac4bb1fd1f81069be745425af6b28982a50aa11d42ff41b232,task,Task2.pipeline,Task2,pipeline_total,chirp+gausspulse+sawtooth+square+hamming+firwin+firfilter+cubic+fm_demod+correlate+spectrogram+cwt+argrelextrema+kalman_filter;host:ricker+fusion+observation,task2_pipeline__task2_s01_near__3ffea69561cd022b,task2_s01_near,10^2,256,[256],FP32,cpu,fft_thrust,compatibility/end-to-end,PASS,OK,20,100,85,25.374893,true,3ffea69561cd022b7efce5632368854a93bb112af12cf45f40ef946b3f24c98a,2a62e5502f1f8160ddc9bf6d038d6847bdfce0c276145728879fdf6bb2f99162
1,20260815T152000Z_b0478e7_fft_thrust_fft_thrust_task2_pipeline_benchmark_task2_s01_near,formal,2026-08-15T15:05:00Z,b0478e7c5f1ad93e4cf41827d653d191c4a86804,false,task_scales_formal_v3,baaa5c346f0c31ac4bb1fd1f81069be745425af6b28982a50aa11d42ff41b232,task,Task2.pipeline,Task2,pipeline_total,chirp+gausspulse+sawtooth+square+hamming+firwin+firfilter+cubic+fm_demod+correlate+spectrogram+cwt+argrelextrema+kalman_filter;host:ricker+fusion+observation,task2_pipeline__task2_s01_near__3ffea69561cd022b,task2_s01_near,10^2,256,[256],FP32,gpu,fft_thrust,compatibility/end-to-end,PASS,OK,20,100,85,6.9410290000000003,true,3ffea69561cd022b7efce5632368854a93bb112af12cf45f40ef946b3f24c98a,a2a96fb1d9d4986297993bdb03565bcf91848c83b23b91be63a00135e67f1343
1,20260815T152000Z_b0478e7_fft_thrust_fft_thrust_task2_pipeline_benchmark_task2_s01_near,formal,2026-08-15T15:05:00Z,b0478e7c5f1ad93e4cf41827d653d191c4a86804,false,task_scales_formal_v3,baaa5c346f0c31ac4bb1fd1f81069be745425af6b28982a50aa11d42ff41b232,task,Task2.pipeline,Task2,pipeline_total,chirp+gausspulse+sawtooth+square+hamming+firwin+firfilter+cubic+fm_demod+correlate+spectrogram+cwt+argrelextrema+kalman_filter;host:ricker+fusion+observation,task2_pipeline__task2_s01_near__3ffea69561cd022b,task2_s01_near,10^2,256,[256],FP32,cpu,fft_thrust,compatibility/end-to-end,PASS,OK,20,100,86,24.874112,true,3ffea69561cd022b7efce5632368854a93bb112af12cf45f40ef946b3f24c98a,2a62e5502f1f8160ddc9bf6d038d6847bdfce0c276145728879fdf6bb2f99162
1,20260815T152000Z_b0478e7_fft_thrust_fft_thrust_task2_pipeline_benchmark_task2_s01_near,formal,2026-08-15T15:05:00Z,b0478e7c5f1ad93e4cf41827d653d191c4a86804,false,task_scales_formal_v3,baaa5c346f0c31ac4bb1fd1f81069be745425af6b28982a50aa11d42ff41b232,task,Task2.pipeline,Task2,pipeline_total,chirp+gausspulse+sawtooth+square+hamming+firwin+firfilter+cubic+fm_demod+correlate+spectrogram+cwt+argrelextrema+kalman_filter;host:ricker+fusion+observation,task2_pipeline__task2_s01_near__3ffea69561cd022b,task2_s01_near,10^2,256,[256],FP32,gpu,fft_thrust,compatibility/end-to-end,PASS,OK,20,100,86,6.9007499999999995,true,3ffea69561cd022b7efce5632368854a93bb112af12cf45f40ef946b3f24c98a,a2a96fb1d9d4986297993bdb03565bcf91848c83b23b91be63a00135e67f1343
1,20260815T152000Z_b0478e7_fft_thrust_fft_thrust_task2_pipeline_benchmark_task2_s01_near,formal,2026-08-15T15:05:00Z,b0478e7c5f1ad93e4cf41827d653d191c4a86804,false,task_scales_formal_v3,baaa5c346f0c31ac4bb1fd1f81069be745425af6b28982a50aa11d42ff41b232,task,Task2.pipeline,Task2,pipeline_total,chirp+gausspulse+sawtooth+square+hamming+firwin+firfilter+cubic+fm_demod+correlate+spectrogram+cwt+argrelextrema+kalman_filter;host:ricker+fusion+observation,task2_pipeline__task2_s01_near__3ffea69561cd022b,task2_s01_near,10^2,256,[256],FP32,cpu,fft_thrust,compatibility/end-to-end,PASS,OK,20,100,87,25.379504999999998,true,3ffea69561cd022b7efce5632368854a93bb112af12cf45f40ef946b3f24c98a,2a62e5502f1f8160ddc9bf6d038d6847bdfce0c276145728879fdf6bb2f99162
1,20260815T152000Z_b0478e7_fft_thrust_fft_thrust_task2_pipeline_benchmark_task2_s01_near,formal,2026-08-15T15:05:00Z,b0478e7c5f1ad93e4cf41827d653d191c4a86804,false,task_scales_formal_v3,baaa5c346f0c31ac4bb1fd1f81069be745425af6b28982a50aa11d42ff41b232,task,Task2.pipeline,Task2,pipeline_total,chirp+gausspulse+sawtooth+square+hamming+firwin+firfilter+cubic+fm_demod+correlate+spectrogram+cwt+argrelextrema+kalman_filter;host:ricker+fusion+observation,task2_pipeline__task2_s01_near__3ffea69561cd022b,task2_s01_near,10^2,256,[256],FP32,gpu,fft_thrust,compatibility/end-to-end,PASS,OK,20,100,87,6.8810599999999997,true,3ffea69561cd022b7efce5632368854a93bb112af12cf45f40ef946b3f24c98a,a2a96fb1d9d4986297993bdb03565bcf91848c83b23b91be63a00135e67f1343
1,20260815T152000Z_b0478e7_fft_thrust_fft_thrust_task2_pipeline_benchmark_task2_s01_near,formal,2026-08-15T15:05:00Z,b0478e7c5f1ad93e4cf41827d653d191c4a86804,false,task_scales_formal_v3,baaa5c346f0c31ac4bb1fd1f81069be745425af6b28982a50aa11d42ff41b232,task,Task2.pipeline,Task2,pipeline_total,chirp+gausspulse+sawtooth+square+hamming+firwin+firfilter+cubic+fm_demod+correlate+spectrogram+cwt+argrelextrema+kalman_filter;host:ricker+fusion+observation,task2_pipeline__task2_s01_near__3ffea69561cd022b,task2_s01_near,10^2,256,[256],FP32,cpu,fft_thrust,compatibility/end-to-end,PASS,OK,20,100,88,24.912010000000002,true,3ffea69561cd022b7efce5632368854a93bb112af12cf45f40ef946b3f24c98a,2a62e5502f1f8160ddc9bf6d038d6847bdfce0c276145728879fdf6bb2f99162
1,20260815T152000Z_b0478e7_fft_thrust_fft_thrust_task2_pipeline_benchmark_task2_s01_near,formal,2026-08-15T15:05:00Z,b0478e7c5f1ad93e4cf41827d653d191c4a86804,false,task_scales_formal_v3,baaa5c346f0c31ac4bb1fd1f81069be745425af6b28982a50aa11d42ff41b232,task,Task2.pipeline,Task2,pipeline_total,chirp+gausspulse+sawtooth+square+hamming+firwin+firfilter+cubic+fm_demod+correlate+spectrogram+cwt+argrelextrema+kalman_filter;host:ricker+fusion+observation,task2_pipeline__task2_s01_near__3ffea69561cd022b,task2_s01_near,10^2,256,[256],FP32,gpu,fft_thrust,compatibility/end-to-end,PASS,OK,20,100,88,7.003501,true,3ffea69561cd022b7efce5632368854a93bb112af12cf45f40ef946b3f24c98a,a2a96fb1d9d4986297993bdb03565bcf91848c83b23b91be63a00135e67f1343
1,20260815T152000Z_b0478e7_fft_thrust_fft_thrust_task2_pipeline_benchmark_task2_s01_near,formal,2026-08-15T15:05:00Z,b0478e7c5f1ad93e4cf41827d653d191c4a86804,false,task_scales_formal_v3,baaa5c346f0c31ac4bb1fd1f81069be745425af6b28982a50aa11d42ff41b232,task,Task2.pipeline,Task2,pipeline_total,chirp+gausspulse+sawtooth+square+hamming+firwin+firfilter+cubic+fm_demod+correlate+spectrogram+cwt+argrelextrema+kalman_filter;host:ricker+fusion+observation,task2_pipeline__task2_s01_near__3ffea69561cd022b,task2_s01_near,10^2,256,[256],FP32,cpu,fft_thrust,compatibility/end-to-end,PASS,OK,20,100,89,24.872831000000001,true,3ffea69561cd022b7efce5632368854a93bb112af12cf45f40ef946b3f24c98a,2a62e5502f1f8160ddc9bf6d038d6847bdfce0c276145728879fdf6bb2f99162
1,20260815T152000Z_b0478e7_fft_thrust_fft_thrust_task2_pipeline_benchmark_task2_s01_near,formal,2026-08-15T15:05:00Z,b0478e7c5f1ad93e4cf41827d653d191c4a86804,false,task_scales_formal_v3,baaa5c346f0c31ac4bb1fd1f81069be745425af6b28982a50aa11d42ff41b232,task,Task2.pipeline,Task2,pipeline_total,chirp+gausspulse+sawtooth+square+hamming+firwin+firfilter+cubic+fm_demod+correlate+spectrogram+cwt+argrelextrema+kalman_filter;host:ricker+fusion+observation,task2_pipeline__task2_s01_near__3ffea69561cd022b,task2_s01_near,10^2,256,[256],FP32,gpu,fft_thrust,compatibility/end-to-end,PASS,OK,20,100,89,7.1674320000000007,true,3ffea69561cd022b7efce5632368854a93bb112af12cf45f40ef946b3f24c98a,a2a96fb1d9d4986297993bdb03565bcf91848c83b23b91be63a00135e67f1343
1,20260815T152000Z_b0478e7_fft_thrust_fft_thrust_task2_pipeline_benchmark_task2_s01_near,formal,2026-08-15T15:05:00Z,b0478e7c5f1ad93e4cf41827d653d191c4a86804,false,task_scales_formal_v3,baaa5c346f0c31ac4bb1fd1f81069be745425af6b28982a50aa11d42ff41b232,task,Task2.pipeline,Task2,pipeline_total,chirp+gausspulse+sawtooth+square+hamming+firwin+firfilter+cubic+fm_demod+correlate+spectrogram+cwt+argrelextrema+kalman_filter;host:ricker+fusion+observation,task2_pipeline__task2_s01_near__3ffea69561cd022b,task2_s01_near,10^2,256,[256],FP32,cpu,fft_thrust,compatibility/end-to-end,PASS,OK,20,100,90,24.986850999999998,true,3ffea69561cd022b7efce5632368854a93bb112af12cf45f40ef946b3f24c98a,2a62e5502f1f8160ddc9bf6d038d6847bdfce0c276145728879fdf6bb2f99162
1,20260815T152000Z_b0478e7_fft_thrust_fft_thrust_task2_pipeline_benchmark_task2_s01_near,formal,2026-08-15T15:05:00Z,b0478e7c5f1ad93e4cf41827d653d191c4a86804,false,task_scales_formal_v3,baaa5c346f0c31ac4bb1fd1f81069be745425af6b28982a50aa11d42ff41b232,task,Task2.pipeline,Task2,pipeline_total,chirp+gausspulse+sawtooth+square+hamming+firwin+firfilter+cubic+fm_demod+correlate+spectrogram+cwt+argrelextrema+kalman_filter;host:ricker+fusion+observation,task2_pipeline__task2_s01_near__3ffea69561cd022b,task2_s01_near,10^2,256,[256],FP32,gpu,fft_thrust,compatibility/end-to-end,PASS,OK,20,100,90,6.9678519999999997,true,3ffea69561cd022b7efce5632368854a93bb112af12cf45f40ef946b3f24c98a,a2a96fb1d9d4986297993bdb03565bcf91848c83b23b91be63a00135e67f1343
1,20260815T152000Z_b0478e7_fft_thrust_fft_thrust_task2_pipeline_benchmark_task2_s01_near,formal,2026-08-15T15:05:00Z,b0478e7c5f1ad93e4cf41827d653d191c4a86804,false,task_scales_formal_v3,baaa5c346f0c31ac4bb1fd1f81069be745425af6b28982a50aa11d42ff41b232,task,Task2.pipeline,Task2,pipeline_total,chirp+gausspulse+sawtooth+square+hamming+firwin+firfilter+cubic+fm_demod+correlate+spectrogram+cwt+argrelextrema+kalman_filter;host:ricker+fusion+observation,task2_pipeline__task2_s01_near__3ffea69561cd022b,task2_s01_near,10^2,256,[256],FP32,cpu,fft_thrust,compatibility/end-to-end,PASS,OK,20,100,91,24.479018,true,3ffea69561cd022b7efce5632368854a93bb112af12cf45f40ef946b3f24c98a,2a62e5502f1f8160ddc9bf6d038d6847bdfce0c276145728879fdf6bb2f99162
1,20260815T152000Z_b0478e7_fft_thrust_fft_thrust_task2_pipeline_benchmark_task2_s01_near,formal,2026-08-15T15:05:00Z,b0478e7c5f1ad93e4cf41827d653d191c4a86804,false,task_scales_formal_v3,baaa5c346f0c31ac4bb1fd1f81069be745425af6b28982a50aa11d42ff41b232,task,Task2.pipeline,Task2,pipeline_total,chirp+gausspulse+sawtooth+square+hamming+firwin+firfilter+cubic+fm_demod+correlate+spectrogram+cwt+argrelextrema+kalman_filter;host:ricker+fusion+observation,task2_pipeline__task2_s01_near__3ffea69561cd022b,task2_s01_near,10^2,256,[256],FP32,gpu,fft_thrust,compatibility/end-to-end,PASS,OK,20,100,91,6.8828700000000005,true,3ffea69561cd022b7efce5632368854a93bb112af12cf45f40ef946b3f24c98a,a2a96fb1d9d4986297993bdb03565bcf91848c83b23b91be63a00135e67f1343
1,20260815T152000Z_b0478e7_fft_thrust_fft_thrust_task2_pipeline_benchmark_task2_s01_near,formal,2026-08-15T15:05:00Z,b0478e7c5f1ad93e4cf41827d653d191c4a86804,false,task_scales_formal_v3,baaa5c346f0c31ac4bb1fd1f81069be745425af6b28982a50aa11d42ff41b232,task,Task2.pipeline,Task2,pipeline_total,chirp+gausspulse+sawtooth+square+hamming+firwin+firfilter+cubic+fm_demod+correlate+spectrogram+cwt+argrelextrema+kalman_filter;host:ricker+fusion+observation,task2_pipeline__task2_s01_near__3ffea69561cd022b,task2_s01_near,10^2,256,[256],FP32,cpu,fft_thrust,compatibility/end-to-end,PASS,OK,20,100,92,24.7194,true,3ffea69561cd022b7efce5632368854a93bb112af12cf45f40ef946b3f24c98a,2a62e5502f1f8160ddc9bf6d038d6847bdfce0c276145728879fdf6bb2f99162
1,20260815T152000Z_b0478e7_fft_thrust_fft_thrust_task2_pipeline_benchmark_task2_s01_near,formal,2026-08-15T15:05:00Z,b0478e7c5f1ad93e4cf41827d653d191c4a86804,false,task_scales_formal_v3,baaa5c346f0c31ac4bb1fd1f81069be745425af6b28982a50aa11d42ff41b232,task,Task2.pipeline,Task2,pipeline_total,chirp+gausspulse+sawtooth+square+hamming+firwin+firfilter+cubic+fm_demod+correlate+spectrogram+cwt+argrelextrema+kalman_filter;host:ricker+fusion+observation,task2_pipeline__task2_s01_near__3ffea69561cd022b,task2_s01_near,10^2,256,[256],FP32,gpu,fft_thrust,compatibility/end-to-end,PASS,OK,20,100,92,7.1340119999999994,true,3ffea69561cd022b7efce5632368854a93bb112af12cf45f40ef946b3f24c98a,a2a96fb1d9d4986297993bdb03565bcf91848c83b23b91be63a00135e67f1343
1,20260815T152000Z_b0478e7_fft_thrust_fft_thrust_task2_pipeline_benchmark_task2_s01_near,formal,2026-08-15T15:05:00Z,b0478e7c5f1ad93e4cf41827d653d191c4a86804,false,task_scales_formal_v3,baaa5c346f0c31ac4bb1fd1f81069be745425af6b28982a50aa11d42ff41b232,task,Task2.pipeline,Task2,pipeline_total,chirp+gausspulse+sawtooth+square+hamming+firwin+firfilter+cubic+fm_demod+correlate+spectrogram+cwt+argrelextrema+kalman_filter;host:ricker+fusion+observation,task2_pipeline__task2_s01_near__3ffea69561cd022b,task2_s01_near,10^2,256,[256],FP32,cpu,fft_thrust,compatibility/end-to-end,PASS,OK,20,100,93,25.322403999999999,true,3ffea69561cd022b7efce5632368854a93bb112af12cf45f40ef946b3f24c98a,2a62e5502f1f8160ddc9bf6d038d6847bdfce0c276145728879fdf6bb2f99162
1,20260815T152000Z_b0478e7_fft_thrust_fft_thrust_task2_pipeline_benchmark_task2_s01_near,formal,2026-08-15T15:05:00Z,b0478e7c5f1ad93e4cf41827d653d191c4a86804,false,task_scales_formal_v3,baaa5c346f0c31ac4bb1fd1f81069be745425af6b28982a50aa11d42ff41b232,task,Task2.pipeline,Task2,pipeline_total,chirp+gausspulse+sawtooth+square+hamming+firwin+firfilter+cubic+fm_demod+correlate+spectrogram+cwt+argrelextrema+kalman_filter;host:ricker+fusion+observation,task2_pipeline__task2_s01_near__3ffea69561cd022b,task2_s01_near,10^2,256,[256],FP32,gpu,fft_thrust,compatibility/end-to-end,PASS,OK,20,100,93,6.9729009999999993,true,3ffea69561cd022b7efce5632368854a93bb112af12cf45f40ef946b3f24c98a,a2a96fb1d9d4986297993bdb03565bcf91848c83b23b91be63a00135e67f1343
1,20260815T152000Z_b0478e7_fft_thrust_fft_thrust_task2_pipeline_benchmark_task2_s01_near,formal,2026-08-15T15:05:00Z,b0478e7c5f1ad93e4cf41827d653d191c4a86804,false,task_scales_formal_v3,baaa5c346f0c31ac4bb1fd1f81069be745425af6b28982a50aa11d42ff41b232,task,Task2.pipeline,Task2,pipeline_total,chirp+gausspulse+sawtooth+square+hamming+firwin+firfilter+cubic+fm_demod+correlate+spectrogram+cwt+argrelextrema+kalman_filter;host:ricker+fusion+observation,task2_pipeline__task2_s01_near__3ffea69561cd022b,task2_s01_near,10^2,256,[256],FP32,cpu,fft_thrust,compatibility/end-to-end,PASS,OK,20,100,94,25.104474,true,3ffea69561cd022b7efce5632368854a93bb112af12cf45f40ef946b3f24c98a,2a62e5502f1f8160ddc9bf6d038d6847bdfce0c276145728879fdf6bb2f99162
1,20260815T152000Z_b0478e7_fft_thrust_fft_thrust_task2_pipeline_benchmark_task2_s01_near,formal,2026-08-15T15:05:00Z,b0478e7c5f1ad93e4cf41827d653d191c4a86804,false,task_scales_formal_v3,baaa5c346f0c31ac4bb1fd1f81069be745425af6b28982a50aa11d42ff41b232,task,Task2.pipeline,Task2,pipeline_total,chirp+gausspulse+sawtooth+square+hamming+firwin+firfilter+cubic+fm_demod+correlate+spectrogram+cwt+argrelextrema+kalman_filter;host:ricker+fusion+observation,task2_pipeline__task2_s01_near__3ffea69561cd022b,task2_s01_near,10^2,256,[256],FP32,gpu,fft_thrust,compatibility/end-to-end,PASS,OK,20,100,94,6.9430990000000001,true,3ffea69561cd022b7efce5632368854a93bb112af12cf45f40ef946b3f24c98a,a2a96fb1d9d4986297993bdb03565bcf91848c83b23b91be63a00135e67f1343
1,20260815T152000Z_b0478e7_fft_thrust_fft_thrust_task2_pipeline_benchmark_task2_s01_near,formal,2026-08-15T15:05:00Z,b0478e7c5f1ad93e4cf41827d653d191c4a86804,false,task_scales_formal_v3,baaa5c346f0c31ac4bb1fd1f81069be745425af6b28982a50aa11d42ff41b232,task,Task2.pipeline,Task2,pipeline_total,chirp+gausspulse+sawtooth+square+hamming+firwin+firfilter+cubic+fm_demod+correlate+spectrogram+cwt+argrelextrema+kalman_filter;host:ricker+fusion+observation,task2_pipeline__task2_s01_near__3ffea69561cd022b,task2_s01_near,10^2,256,[256],FP32,cpu,fft_thrust,compatibility/end-to-end,PASS,OK,20,100,95,25.539505999999999,true,3ffea69561cd022b7efce5632368854a93bb112af12cf45f40ef946b3f24c98a,2a62e5502f1f8160ddc9bf6d038d6847bdfce0c276145728879fdf6bb2f99162
1,20260815T152000Z_b0478e7_fft_thrust_fft_thrust_task2_pipeline_benchmark_task2_s01_near,formal,2026-08-15T15:05:00Z,b0478e7c5f1ad93e4cf41827d653d191c4a86804,false,task_scales_formal_v3,baaa5c346f0c31ac4bb1fd1f81069be745425af6b28982a50aa11d42ff41b232,task,Task2.pipeline,Task2,pipeline_total,chirp+gausspulse+sawtooth+square+hamming+firwin+firfilter+cubic+fm_demod+correlate+spectrogram+cwt+argrelextrema+kalman_filter;host:ricker+fusion+observation,task2_pipeline__task2_s01_near__3ffea69561cd022b,task2_s01_near,10^2,256,[256],FP32,gpu,fft_thrust,compatibility/end-to-end,PASS,OK,20,100,95,7.1482609999999998,true,3ffea69561cd022b7efce5632368854a93bb112af12cf45f40ef946b3f24c98a,a2a96fb1d9d4986297993bdb03565bcf91848c83b23b91be63a00135e67f1343
1,20260815T152000Z_b0478e7_fft_thrust_fft_thrust_task2_pipeline_benchmark_task2_s01_near,formal,2026-08-15T15:05:00Z,b0478e7c5f1ad93e4cf41827d653d191c4a86804,false,task_scales_formal_v3,baaa5c346f0c31ac4bb1fd1f81069be745425af6b28982a50aa11d42ff41b232,task,Task2.pipeline,Task2,pipeline_total,chirp+gausspulse+sawtooth+square+hamming+firwin+firfilter+cubic+fm_demod+correlate+spectrogram+cwt+argrelextrema+kalman_filter;host:ricker+fusion+observation,task2_pipeline__task2_s01_near__3ffea69561cd022b,task2_s01_near,10^2,256,[256],FP32,cpu,fft_thrust,compatibility/end-to-end,PASS,OK,20,100,96,24.944530999999998,true,3ffea69561cd022b7efce5632368854a93bb112af12cf45f40ef946b3f24c98a,2a62e5502f1f8160ddc9bf6d038d6847bdfce0c276145728879fdf6bb2f99162
1,20260815T152000Z_b0478e7_fft_thrust_fft_thrust_task2_pipeline_benchmark_task2_s01_near,formal,2026-08-15T15:05:00Z,b0478e7c5f1ad93e4cf41827d653d191c4a86804,false,task_scales_formal_v3,baaa5c346f0c31ac4bb1fd1f81069be745425af6b28982a50aa11d42ff41b232,task,Task2.pipeline,Task2,pipeline_total,chirp+gausspulse+sawtooth+square+hamming+firwin+firfilter+cubic+fm_demod+correlate+spectrogram+cwt+argrelextrema+kalman_filter;host:ricker+fusion+observation,task2_pipeline__task2_s01_near__3ffea69561cd022b,task2_s01_near,10^2,256,[256],FP32,gpu,fft_thrust,compatibility/end-to-end,PASS,OK,20,100,96,7.0000200000000001,true,3ffea69561cd022b7efce5632368854a93bb112af12cf45f40ef946b3f24c98a,a2a96fb1d9d4986297993bdb03565bcf91848c83b23b91be63a00135e67f1343
1,20260815T152000Z_b0478e7_fft_thrust_fft_thrust_task2_pipeline_benchmark_task2_s01_near,formal,2026-08-15T15:05:00Z,b0478e7c5f1ad93e4cf41827d653d191c4a86804,false,task_scales_formal_v3,baaa5c346f0c31ac4bb1fd1f81069be745425af6b28982a50aa11d42ff41b232,task,Task2.pipeline,Task2,pipeline_total,chirp+gausspulse+sawtooth+square+hamming+firwin+firfilter+cubic+fm_demod+correlate+spectrogram+cwt+argrelextrema+kalman_filter;host:ricker+fusion+observation,task2_pipeline__task2_s01_near__3ffea69561cd022b,task2_s01_near,10^2,256,[256],FP32,cpu,fft_thrust,compatibility/end-to-end,PASS,OK,20,100,97,24.749860999999999,true,3ffea69561cd022b7efce5632368854a93bb112af12cf45f40ef946b3f24c98a,2a62e5502f1f8160ddc9bf6d038d6847bdfce0c276145728879fdf6bb2f99162
1,20260815T152000Z_b0478e7_fft_thrust_fft_thrust_task2_pipeline_benchmark_task2_s01_near,formal,2026-08-15T15:05:00Z,b0478e7c5f1ad93e4cf41827d653d191c4a86804,false,task_scales_formal_v3,baaa5c346f0c31ac4bb1fd1f81069be745425af6b28982a50aa11d42ff41b232,task,Task2.pipeline,Task2,pipeline_total,chirp+gausspulse+sawtooth+square+hamming+firwin+firfilter+cubic+fm_demod+correlate+spectrogram+cwt+argrelextrema+kalman_filter;host:ricker+fusion+observation,task2_pipeline__task2_s01_near__3ffea69561cd022b,task2_s01_near,10^2,256,[256],FP32,gpu,fft_thrust,compatibility/end-to-end,PASS,OK,20,100,97,7.1157719999999998,true,3ffea69561cd022b7efce5632368854a93bb112af12cf45f40ef946b3f24c98a,a2a96fb1d9d4986297993bdb03565bcf91848c83b23b91be63a00135e67f1343
1,20260815T152000Z_b0478e7_fft_thrust_fft_thrust_task2_pipeline_benchmark_task2_s01_near,formal,2026-08-15T15:05:00Z,b0478e7c5f1ad93e4cf41827d653d191c4a86804,false,task_scales_formal_v3,baaa5c346f0c31ac4bb1fd1f81069be745425af6b28982a50aa11d42ff41b232,task,Task2.pipeline,Task2,pipeline_total,chirp+gausspulse+sawtooth+square+hamming+firwin+firfilter+cubic+fm_demod+correlate+spectrogram+cwt+argrelextrema+kalman_filter;host:ricker+fusion+observation,task2_pipeline__task2_s01_near__3ffea69561cd022b,task2_s01_near,10^2,256,[256],FP32,cpu,fft_thrust,compatibility/end-to-end,PASS,OK,20,100,98,26.336971000000002,true,3ffea69561cd022b7efce5632368854a93bb112af12cf45f40ef946b3f24c98a,2a62e5502f1f8160ddc9bf6d038d6847bdfce0c276145728879fdf6bb2f99162
1,20260815T152000Z_b0478e7_fft_thrust_fft_thrust_task2_pipeline_benchmark_task2_s01_near,formal,2026-08-15T15:05:00Z,b0478e7c5f1ad93e4cf41827d653d191c4a86804,false,task_scales_formal_v3,baaa5c346f0c31ac4bb1fd1f81069be745425af6b28982a50aa11d42ff41b232,task,Task2.pipeline,Task2,pipeline_total,chirp+gausspulse+sawtooth+square+hamming+firwin+firfilter+cubic+fm_demod+correlate+spectrogram+cwt+argrelextrema+kalman_filter;host:ricker+fusion+observation,task2_pipeline__task2_s01_near__3ffea69561cd022b,task2_s01_near,10^2,256,[256],FP32,gpu,fft_thrust,compatibility/end-to-end,PASS,OK,20,100,98,6.9621699999999995,true,3ffea69561cd022b7efce5632368854a93bb112af12cf45f40ef946b3f24c98a,a2a96fb1d9d4986297993bdb03565bcf91848c83b23b91be63a00135e67f1343
1,20260815T152000Z_b0478e7_fft_thrust_fft_thrust_task2_pipeline_benchmark_task2_s01_near,formal,2026-08-15T15:05:00Z,b0478e7c5f1ad93e4cf41827d653d191c4a86804,false,task_scales_formal_v3,baaa5c346f0c31ac4bb1fd1f81069be745425af6b28982a50aa11d42ff41b232,task,Task2.pipeline,Task2,pipeline_total,chirp+gausspulse+sawtooth+square+hamming+firwin+firfilter+cubic+fm_demod+correlate+spectrogram+cwt+argrelextrema+kalman_filter;host:ricker+fusion+observation,task2_pipeline__task2_s01_near__3ffea69561cd022b,task2_s01_near,10^2,256,[256],FP32,cpu,fft_thrust,compatibility/end-to-end,PASS,OK,20,100,99,25.064153000000001,true,3ffea69561cd022b7efce5632368854a93bb112af12cf45f40ef946b3f24c98a,2a62e5502f1f8160ddc9bf6d038d6847bdfce0c276145728879fdf6bb2f99162
1,20260815T152000Z_b0478e7_fft_thrust_fft_thrust_task2_pipeline_benchmark_task2_s01_near,formal,2026-08-15T15:05:00Z,b0478e7c5f1ad93e4cf41827d653d191c4a86804,false,task_scales_formal_v3,baaa5c346f0c31ac4bb1fd1f81069be745425af6b28982a50aa11d42ff41b232,task,Task2.pipeline,Task2,pipeline_total,chirp+gausspulse+sawtooth+square+hamming+firwin+firfilter+cubic+fm_demod+correlate+spectrogram+cwt+argrelextrema+kalman_filter;host:ricker+fusion+observation,task2_pipeline__task2_s01_near__3ffea69561cd022b,task2_s01_near,10^2,256,[256],FP32,gpu,fft_thrust,compatibility/end-to-end,PASS,OK,20,100,99,7.0386119999999996,true,3ffea69561cd022b7efce5632368854a93bb112af12cf45f40ef946b3f24c98a,a2a96fb1d9d4986297993bdb03565bcf91848c83b23b91be63a00135e67f1343
