schema_version,run_id,run_type,test_time_utc,git_commit,git_dirty,config_id,config_sha256,target_kind,target,task_name,step_name,operator_name,case_id,scale_id,order_of_magnitude,actual_elements,input_shape,dtype,device,backend,timing_scope,status,error_code,warmup_runs,measured_runs,sample_index,latency_ms,synchronized,input_digest,output_digest
1,20260815T152000Z_b0478e7_fft_thrust_fft_thrust_task2_pipeline_benchmark_task2_s04_far,formal,2026-08-15T15:05:00Z,b0478e7c5f1ad93e4cf41827d653d191c4a86804,false,task_scales_formal_v3,baaa5c346f0c31ac4bb1fd1f81069be745425af6b28982a50aa11d42ff41b232,task,Task2.pipeline,Task2,pipeline_total,chirp+gausspulse+sawtooth+square+hamming+firwin+firfilter+cubic+fm_demod+correlate+spectrogram+cwt+argrelextrema+kalman_filter;host:ricker+fusion+observation,task2_pipeline__task2_s04_far__6c71ce0568c1af9c,task2_s04_far,10^3,4096,[4096],FP32,cpu,fft_thrust,compatibility/end-to-end,PASS,OK,20,100,0,81.337683999999996,true,6c71ce0568c1af9c26bafd1863f16500a2c27b85ea9fdca77beb280382188ae3,95061affaa9c6c433499a7a2a8c061a14212e10dfc83a390e93466f1ca5c9c34
1,20260815T152000Z_b0478e7_fft_thrust_fft_thrust_task2_pipeline_benchmark_task2_s04_far,formal,2026-08-15T15:05:00Z,b0478e7c5f1ad93e4cf41827d653d191c4a86804,false,task_scales_formal_v3,baaa5c346f0c31ac4bb1fd1f81069be745425af6b28982a50aa11d42ff41b232,task,Task2.pipeline,Task2,pipeline_total,chirp+gausspulse+sawtooth+square+hamming+firwin+firfilter+cubic+fm_demod+correlate+spectrogram+cwt+argrelextrema+kalman_filter;host:ricker+fusion+observation,task2_pipeline__task2_s04_far__6c71ce0568c1af9c,task2_s04_far,10^3,4096,[4096],FP32,gpu,fft_thrust,compatibility/end-to-end,PASS,OK,20,100,0,11.3726,true,6c71ce0568c1af9c26bafd1863f16500a2c27b85ea9fdca77beb280382188ae3,efb5b8317aaea5b93dd7c203900bf3bcfc978573df7571153dee87882a5be37f
1,20260815T152000Z_b0478e7_fft_thrust_fft_thrust_task2_pipeline_benchmark_task2_s04_far,formal,2026-08-15T15:05:00Z,b0478e7c5f1ad93e4cf41827d653d191c4a86804,false,task_scales_formal_v3,baaa5c346f0c31ac4bb1fd1f81069be745425af6b28982a50aa11d42ff41b232,task,Task2.pipeline,Task2,pipeline_total,chirp+gausspulse+sawtooth+square+hamming+firwin+firfilter+cubic+fm_demod+correlate+spectrogram+cwt+argrelextrema+kalman_filter;host:ricker+fusion+observation,task2_pipeline__task2_s04_far__6c71ce0568c1af9c,task2_s04_far,10^3,4096,[4096],FP32,cpu,fft_thrust,compatibility/end-to-end,PASS,OK,20,100,1,90.294359999999998,true,6c71ce0568c1af9c26bafd1863f16500a2c27b85ea9fdca77beb280382188ae3,95061affaa9c6c433499a7a2a8c061a14212e10dfc83a390e93466f1ca5c9c34
1,20260815T152000Z_b0478e7_fft_thrust_fft_thrust_task2_pipeline_benchmark_task2_s04_far,formal,2026-08-15T15:05:00Z,b0478e7c5f1ad93e4cf41827d653d191c4a86804,false,task_scales_formal_v3,baaa5c346f0c31ac4bb1fd1f81069be745425af6b28982a50aa11d42ff41b232,task,Task2.pipeline,Task2,pipeline_total,chirp+gausspulse+sawtooth+square+hamming+firwin+firfilter+cubic+fm_demod+correlate+spectrogram+cwt+argrelextrema+kalman_filter;host:ricker+fusion+observation,task2_pipeline__task2_s04_far__6c71ce0568c1af9c,task2_s04_far,10^3,4096,[4096],FP32,gpu,fft_thrust,compatibility/end-to-end,PASS,OK,20,100,1,11.186237,true,6c71ce0568c1af9c26bafd1863f16500a2c27b85ea9fdca77beb280382188ae3,efb5b8317aaea5b93dd7c203900bf3bcfc978573df7571153dee87882a5be37f
1,20260815T152000Z_b0478e7_fft_thrust_fft_thrust_task2_pipeline_benchmark_task2_s04_far,formal,2026-08-15T15:05:00Z,b0478e7c5f1ad93e4cf41827d653d191c4a86804,false,task_scales_formal_v3,baaa5c346f0c31ac4bb1fd1f81069be745425af6b28982a50aa11d42ff41b232,task,Task2.pipeline,Task2,pipeline_total,chirp+gausspulse+sawtooth+square+hamming+firwin+firfilter+cubic+fm_demod+correlate+spectrogram+cwt+argrelextrema+kalman_filter;host:ricker+fusion+observation,task2_pipeline__task2_s04_far__6c71ce0568c1af9c,task2_s04_far,10^3,4096,[4096],FP32,cpu,fft_thrust,compatibility/end-to-end,PASS,OK,20,100,2,81.776458000000005,true,6c71ce0568c1af9c26bafd1863f16500a2c27b85ea9fdca77beb280382188ae3,95061affaa9c6c433499a7a2a8c061a14212e10dfc83a390e93466f1ca5c9c34
1,20260815T152000Z_b0478e7_fft_thrust_fft_thrust_task2_pipeline_benchmark_task2_s04_far,formal,2026-08-15T15:05:00Z,b0478e7c5f1ad93e4cf41827d653d191c4a86804,false,task_scales_formal_v3,baaa5c346f0c31ac4bb1fd1f81069be745425af6b28982a50aa11d42ff41b232,task,Task2.pipeline,Task2,pipeline_total,chirp+gausspulse+sawtooth+square+hamming+firwin+firfilter+cubic+fm_demod+correlate+spectrogram+cwt+argrelextrema+kalman_filter;host:ricker+fusion+observation,task2_pipeline__task2_s04_far__6c71ce0568c1af9c,task2_s04_far,10^3,4096,[4096],FP32,gpu,fft_thrust,compatibility/end-to-end,PASS,OK,20,100,2,11.127807000000001,true,6c71ce0568c1af9c26bafd1863f16500a2c27b85ea9fdca77beb280382188ae3,efb5b8317aaea5b93dd7c203900bf3bcfc978573df7571153dee87882a5be37f
1,20260815T152000Z_b0478e7_fft_thrust_fft_thrust_task2_pipeline_benchmark_task2_s04_far,formal,2026-08-15T15:05:00Z,b0478e7c5f1ad93e4cf41827d653d191c4a86804,false,task_scales_formal_v3,baaa5c346f0c31ac4bb1fd1f81069be745425af6b28982a50aa11d42ff41b232,task,Task2.pipeline,Task2,pipeline_total,chirp+gausspulse+sawtooth+square+hamming+firwin+firfilter+cubic+fm_demod+correlate+spectrogram+cwt+argrelextrema+kalman_filter;host:ricker+fusion+observation,task2_pipeline__task2_s04_far__6c71ce0568c1af9c,task2_s04_far,10^3,4096,[4096],FP32,cpu,fft_thrust,compatibility/end-to-end,PASS,OK,20,100,3,81.47031299999999,true,6c71ce0568c1af9c26bafd1863f16500a2c27b85ea9fdca77beb280382188ae3,95061affaa9c6c433499a7a2a8c061a14212e10dfc83a390e93466f1ca5c9c34
1,20260815T152000Z_b0478e7_fft_thrust_fft_thrust_task2_pipeline_benchmark_task2_s04_far,formal,2026-08-15T15:05:00Z,b0478e7c5f1ad93e4cf41827d653d191c4a86804,false,task_scales_formal_v3,baaa5c346f0c31ac4bb1fd1f81069be745425af6b28982a50aa11d42ff41b232,task,Task2.pipeline,Task2,pipeline_total,chirp+gausspulse+sawtooth+square+hamming+firwin+firfilter+cubic+fm_demod+correlate+spectrogram+cwt+argrelextrema+kalman_filter;host:ricker+fusion+observation,task2_pipeline__task2_s04_far__6c71ce0568c1af9c,task2_s04_far,10^3,4096,[4096],FP32,gpu,fft_thrust,compatibility/end-to-end,PASS,OK,20,100,3,11.105777,true,6c71ce0568c1af9c26bafd1863f16500a2c27b85ea9fdca77beb280382188ae3,efb5b8317aaea5b93dd7c203900bf3bcfc978573df7571153dee87882a5be37f
1,20260815T152000Z_b0478e7_fft_thrust_fft_thrust_task2_pipeline_benchmark_task2_s04_far,formal,2026-08-15T15:05:00Z,b0478e7c5f1ad93e4cf41827d653d191c4a86804,false,task_scales_formal_v3,baaa5c346f0c31ac4bb1fd1f81069be745425af6b28982a50aa11d42ff41b232,task,Task2.pipeline,Task2,pipeline_total,chirp+gausspulse+sawtooth+square+hamming+firwin+firfilter+cubic+fm_demod+correlate+spectrogram+cwt+argrelextrema+kalman_filter;host:ricker+fusion+observation,task2_pipeline__task2_s04_far__6c71ce0568c1af9c,task2_s04_far,10^3,4096,[4096],FP32,cpu,fft_thrust,compatibility/end-to-end,PASS,OK,20,100,4,81.853495999999993,true,6c71ce0568c1af9c26bafd1863f16500a2c27b85ea9fdca77beb280382188ae3,95061affaa9c6c433499a7a2a8c061a14212e10dfc83a390e93466f1ca5c9c34
1,20260815T152000Z_b0478e7_fft_thrust_fft_thrust_task2_pipeline_benchmark_task2_s04_far,formal,2026-08-15T15:05:00Z,b0478e7c5f1ad93e4cf41827d653d191c4a86804,false,task_scales_formal_v3,baaa5c346f0c31ac4bb1fd1f81069be745425af6b28982a50aa11d42ff41b232,task,Task2.pipeline,Task2,pipeline_total,chirp+gausspulse+sawtooth+square+hamming+firwin+firfilter+cubic+fm_demod+correlate+spectrogram+cwt+argrelextrema+kalman_filter;host:ricker+fusion+observation,task2_pipeline__task2_s04_far__6c71ce0568c1af9c,task2_s04_far,10^3,4096,[4096],FP32,gpu,fft_thrust,compatibility/end-to-end,PASS,OK,20,100,4,10.969536,true,6c71ce0568c1af9c26bafd1863f16500a2c27b85ea9fdca77beb280382188ae3,efb5b8317aaea5b93dd7c203900bf3bcfc978573df7571153dee87882a5be37f
1,20260815T152000Z_b0478e7_fft_thrust_fft_thrust_task2_pipeline_benchmark_task2_s04_far,formal,2026-08-15T15:05:00Z,b0478e7c5f1ad93e4cf41827d653d191c4a86804,false,task_scales_formal_v3,baaa5c346f0c31ac4bb1fd1f81069be745425af6b28982a50aa11d42ff41b232,task,Task2.pipeline,Task2,pipeline_total,chirp+gausspulse+sawtooth+square+hamming+firwin+firfilter+cubic+fm_demod+correlate+spectrogram+cwt+argrelextrema+kalman_filter;host:ricker+fusion+observation,task2_pipeline__task2_s04_far__6c71ce0568c1af9c,task2_s04_far,10^3,4096,[4096],FP32,cpu,fft_thrust,compatibility/end-to-end,PASS,OK,20,100,5,81.878038000000004,true,6c71ce0568c1af9c26bafd1863f16500a2c27b85ea9fdca77beb280382188ae3,95061affaa9c6c433499a7a2a8c061a14212e10dfc83a390e93466f1ca5c9c34
1,20260815T152000Z_b0478e7_fft_thrust_fft_thrust_task2_pipeline_benchmark_task2_s04_far,formal,2026-08-15T15:05:00Z,b0478e7c5f1ad93e4cf41827d653d191c4a86804,false,task_scales_formal_v3,baaa5c346f0c31ac4bb1fd1f81069be745425af6b28982a50aa11d42ff41b232,task,Task2.pipeline,Task2,pipeline_total,chirp+gausspulse+sawtooth+square+hamming+firwin+firfilter+cubic+fm_demod+correlate+spectrogram+cwt+argrelextrema+kalman_filter;host:ricker+fusion+observation,task2_pipeline__task2_s04_far__6c71ce0568c1af9c,task2_s04_far,10^3,4096,[4096],FP32,gpu,fft_thrust,compatibility/end-to-end,PASS,OK,20,100,5,11.035117,true,6c71ce0568c1af9c26bafd1863f16500a2c27b85ea9fdca77beb280382188ae3,efb5b8317aaea5b93dd7c203900bf3bcfc978573df7571153dee87882a5be37f
1,20260815T152000Z_b0478e7_fft_thrust_fft_thrust_task2_pipeline_benchmark_task2_s04_far,formal,2026-08-15T15:05:00Z,b0478e7c5f1ad93e4cf41827d653d191c4a86804,false,task_scales_formal_v3,baaa5c346f0c31ac4bb1fd1f81069be745425af6b28982a50aa11d42ff41b232,task,Task2.pipeline,Task2,pipeline_total,chirp+gausspulse+sawtooth+square+hamming+firwin+firfilter+cubic+fm_demod+correlate+spectrogram+cwt+argrelextrema+kalman_filter;host:ricker+fusion+observation,task2_pipeline__task2_s04_far__6c71ce0568c1af9c,task2_s04_far,10^3,4096,[4096],FP32,cpu,fft_thrust,compatibility/end-to-end,PASS,OK,20,100,6,81.177001000000004,true,6c71ce0568c1af9c26bafd1863f16500a2c27b85ea9fdca77beb280382188ae3,95061affaa9c6c433499a7a2a8c061a14212e10dfc83a390e93466f1ca5c9c34
1,20260815T152000Z_b0478e7_fft_thrust_fft_thrust_task2_pipeline_benchmark_task2_s04_far,formal,2026-08-15T15:05:00Z,b0478e7c5f1ad93e4cf41827d653d191c4a86804,false,task_scales_formal_v3,baaa5c346f0c31ac4bb1fd1f81069be745425af6b28982a50aa11d42ff41b232,task,Task2.pipeline,Task2,pipeline_total,chirp+gausspulse+sawtooth+square+hamming+firwin+firfilter+cubic+fm_demod+correlate+spectrogram+cwt+argrelextrema+kalman_filter;host:ricker+fusion+observation,task2_pipeline__task2_s04_far__6c71ce0568c1af9c,task2_s04_far,10^3,4096,[4096],FP32,gpu,fft_thrust,compatibility/end-to-end,PASS,OK,20,100,6,11.141808000000001,true,6c71ce0568c1af9c26bafd1863f16500a2c27b85ea9fdca77beb280382188ae3,efb5b8317aaea5b93dd7c203900bf3bcfc978573df7571153dee87882a5be37f
1,20260815T152000Z_b0478e7_fft_thrust_fft_thrust_task2_pipeline_benchmark_task2_s04_far,formal,2026-08-15T15:05:00Z,b0478e7c5f1ad93e4cf41827d653d191c4a86804,false,task_scales_formal_v3,baaa5c346f0c31ac4bb1fd1f81069be745425af6b28982a50aa11d42ff41b232,task,Task2.pipeline,Task2,pipeline_total,chirp+gausspulse+sawtooth+square+hamming+firwin+firfilter+cubic+fm_demod+correlate+spectrogram+cwt+argrelextrema+kalman_filter;host:ricker+fusion+observation,task2_pipeline__task2_s04_far__6c71ce0568c1af9c,task2_s04_far,10^3,4096,[4096],FP32,cpu,fft_thrust,compatibility/end-to-end,PASS,OK,20,100,7,80.364931999999996,true,6c71ce0568c1af9c26bafd1863f16500a2c27b85ea9fdca77beb280382188ae3,95061affaa9c6c433499a7a2a8c061a14212e10dfc83a390e93466f1ca5c9c34
1,20260815T152000Z_b0478e7_fft_thrust_fft_thrust_task2_pipeline_benchmark_task2_s04_far,formal,2026-08-15T15:05:00Z,b0478e7c5f1ad93e4cf41827d653d191c4a86804,false,task_scales_formal_v3,baaa5c346f0c31ac4bb1fd1f81069be745425af6b28982a50aa11d42ff41b232,task,Task2.pipeline,Task2,pipeline_total,chirp+gausspulse+sawtooth+square+hamming+firwin+firfilter+cubic+fm_demod+correlate+spectrogram+cwt+argrelextrema+kalman_filter;host:ricker+fusion+observation,task2_pipeline__task2_s04_far__6c71ce0568c1af9c,task2_s04_far,10^3,4096,[4096],FP32,gpu,fft_thrust,compatibility/end-to-end,PASS,OK,20,100,7,11.000847,true,6c71ce0568c1af9c26bafd1863f16500a2c27b85ea9fdca77beb280382188ae3,efb5b8317aaea5b93dd7c203900bf3bcfc978573df7571153dee87882a5be37f
1,20260815T152000Z_b0478e7_fft_thrust_fft_thrust_task2_pipeline_benchmark_task2_s04_far,formal,2026-08-15T15:05:00Z,b0478e7c5f1ad93e4cf41827d653d191c4a86804,false,task_scales_formal_v3,baaa5c346f0c31ac4bb1fd1f81069be745425af6b28982a50aa11d42ff41b232,task,Task2.pipeline,Task2,pipeline_total,chirp+gausspulse+sawtooth+square+hamming+firwin+firfilter+cubic+fm_demod+correlate+spectrogram+cwt+argrelextrema+kalman_filter;host:ricker+fusion+observation,task2_pipeline__task2_s04_far__6c71ce0568c1af9c,task2_s04_far,10^3,4096,[4096],FP32,cpu,fft_thrust,compatibility/end-to-end,PASS,OK,20,100,8,80.406164000000004,true,6c71ce0568c1af9c26bafd1863f16500a2c27b85ea9fdca77beb280382188ae3,95061affaa9c6c433499a7a2a8c061a14212e10dfc83a390e93466f1ca5c9c34
1,20260815T152000Z_b0478e7_fft_thrust_fft_thrust_task2_pipeline_benchmark_task2_s04_far,formal,2026-08-15T15:05:00Z,b0478e7c5f1ad93e4cf41827d653d191c4a86804,false,task_scales_formal_v3,baaa5c346f0c31ac4bb1fd1f81069be745425af6b28982a50aa11d42ff41b232,task,Task2.pipeline,Task2,pipeline_total,chirp+gausspulse+sawtooth+square+hamming+firwin+firfilter+cubic+fm_demod+correlate+spectrogram+cwt+argrelextrema+kalman_filter;host:ricker+fusion+observation,task2_pipeline__task2_s04_far__6c71ce0568c1af9c,task2_s04_far,10^3,4096,[4096],FP32,gpu,fft_thrust,compatibility/end-to-end,PASS,OK,20,100,8,12.763531,true,6c71ce0568c1af9c26bafd1863f16500a2c27b85ea9fdca77beb280382188ae3,efb5b8317aaea5b93dd7c203900bf3bcfc978573df7571153dee87882a5be37f
1,20260815T152000Z_b0478e7_fft_thrust_fft_thrust_task2_pipeline_benchmark_task2_s04_far,formal,2026-08-15T15:05:00Z,b0478e7c5f1ad93e4cf41827d653d191c4a86804,false,task_scales_formal_v3,baaa5c346f0c31ac4bb1fd1f81069be745425af6b28982a50aa11d42ff41b232,task,Task2.pipeline,Task2,pipeline_total,chirp+gausspulse+sawtooth+square+hamming+firwin+firfilter+cubic+fm_demod+correlate+spectrogram+cwt+argrelextrema+kalman_filter;host:ricker+fusion+observation,task2_pipeline__task2_s04_far__6c71ce0568c1af9c,task2_s04_far,10^3,4096,[4096],FP32,cpu,fft_thrust,compatibility/end-to-end,PASS,OK,20,100,9,80.098143000000007,true,6c71ce0568c1af9c26bafd1863f16500a2c27b85ea9fdca77beb280382188ae3,95061affaa9c6c433499a7a2a8c061a14212e10dfc83a390e93466f1ca5c9c34
1,20260815T152000Z_b0478e7_fft_thrust_fft_thrust_task2_pipeline_benchmark_task2_s04_far,formal,2026-08-15T15:05:00Z,b0478e7c5f1ad93e4cf41827d653d191c4a86804,false,task_scales_formal_v3,baaa5c346f0c31ac4bb1fd1f81069be745425af6b28982a50aa11d42ff41b232,task,Task2.pipeline,Task2,pipeline_total,chirp+gausspulse+sawtooth+square+hamming+firwin+firfilter+cubic+fm_demod+correlate+spectrogram+cwt+argrelextrema+kalman_filter;host:ricker+fusion+observation,task2_pipeline__task2_s04_far__6c71ce0568c1af9c,task2_s04_far,10^3,4096,[4096],FP32,gpu,fft_thrust,compatibility/end-to-end,PASS,OK,20,100,9,13.231515,true,6c71ce0568c1af9c26bafd1863f16500a2c27b85ea9fdca77beb280382188ae3,efb5b8317aaea5b93dd7c203900bf3bcfc978573df7571153dee87882a5be37f
1,20260815T152000Z_b0478e7_fft_thrust_fft_thrust_task2_pipeline_benchmark_task2_s04_far,formal,2026-08-15T15:05:00Z,b0478e7c5f1ad93e4cf41827d653d191c4a86804,false,task_scales_formal_v3,baaa5c346f0c31ac4bb1fd1f81069be745425af6b28982a50aa11d42ff41b232,task,Task2.pipeline,Task2,pipeline_total,chirp+gausspulse+sawtooth+square+hamming+firwin+firfilter+cubic+fm_demod+correlate+spectrogram+cwt+argrelextrema+kalman_filter;host:ricker+fusion+observation,task2_pipeline__task2_s04_far__6c71ce0568c1af9c,task2_s04_far,10^3,4096,[4096],FP32,cpu,fft_thrust,compatibility/end-to-end,PASS,OK,20,100,10,80.708729000000005,true,6c71ce0568c1af9c26bafd1863f16500a2c27b85ea9fdca77beb280382188ae3,95061affaa9c6c433499a7a2a8c061a14212e10dfc83a390e93466f1ca5c9c34
1,20260815T152000Z_b0478e7_fft_thrust_fft_thrust_task2_pipeline_benchmark_task2_s04_far,formal,2026-08-15T15:05:00Z,b0478e7c5f1ad93e4cf41827d653d191c4a86804,false,task_scales_formal_v3,baaa5c346f0c31ac4bb1fd1f81069be745425af6b28982a50aa11d42ff41b232,task,Task2.pipeline,Task2,pipeline_total,chirp+gausspulse+sawtooth+square+hamming+firwin+firfilter+cubic+fm_demod+correlate+spectrogram+cwt+argrelextrema+kalman_filter;host:ricker+fusion+observation,task2_pipeline__task2_s04_far__6c71ce0568c1af9c,task2_s04_far,10^3,4096,[4096],FP32,gpu,fft_thrust,compatibility/end-to-end,PASS,OK,20,100,10,11.113436999999999,true,6c71ce0568c1af9c26bafd1863f16500a2c27b85ea9fdca77beb280382188ae3,efb5b8317aaea5b93dd7c203900bf3bcfc978573df7571153dee87882a5be37f
1,20260815T152000Z_b0478e7_fft_thrust_fft_thrust_task2_pipeline_benchmark_task2_s04_far,formal,2026-08-15T15:05:00Z,b0478e7c5f1ad93e4cf41827d653d191c4a86804,false,task_scales_formal_v3,baaa5c346f0c31ac4bb1fd1f81069be745425af6b28982a50aa11d42ff41b232,task,Task2.pipeline,Task2,pipeline_total,chirp+gausspulse+sawtooth+square+hamming+firwin+firfilter+cubic+fm_demod+correlate+spectrogram+cwt+argrelextrema+kalman_filter;host:ricker+fusion+observation,task2_pipeline__task2_s04_far__6c71ce0568c1af9c,task2_s04_far,10^3,4096,[4096],FP32,cpu,fft_thrust,compatibility/end-to-end,PASS,OK,20,100,11,81.233253000000005,true,6c71ce0568c1af9c26bafd1863f16500a2c27b85ea9fdca77beb280382188ae3,95061affaa9c6c433499a7a2a8c061a14212e10dfc83a390e93466f1ca5c9c34
1,20260815T152000Z_b0478e7_fft_thrust_fft_thrust_task2_pipeline_benchmark_task2_s04_far,formal,2026-08-15T15:05:00Z,b0478e7c5f1ad93e4cf41827d653d191c4a86804,false,task_scales_formal_v3,baaa5c346f0c31ac4bb1fd1f81069be745425af6b28982a50aa11d42ff41b232,task,Task2.pipeline,Task2,pipeline_total,chirp+gausspulse+sawtooth+square+hamming+firwin+firfilter+cubic+fm_demod+correlate+spectrogram+cwt+argrelextrema+kalman_filter;host:ricker+fusion+observation,task2_pipeline__task2_s04_far__6c71ce0568c1af9c,task2_s04_far,10^3,4096,[4096],FP32,gpu,fft_thrust,compatibility/end-to-end,PASS,OK,20,100,11,11.112226999999999,true,6c71ce0568c1af9c26bafd1863f16500a2c27b85ea9fdca77beb280382188ae3,efb5b8317aaea5b93dd7c203900bf3bcfc978573df7571153dee87882a5be37f
1,20260815T152000Z_b0478e7_fft_thrust_fft_thrust_task2_pipeline_benchmark_task2_s04_far,formal,2026-08-15T15:05:00Z,b0478e7c5f1ad93e4cf41827d653d191c4a86804,false,task_scales_formal_v3,baaa5c346f0c31ac4bb1fd1f81069be745425af6b28982a50aa11d42ff41b232,task,Task2.pipeline,Task2,pipeline_total,chirp+gausspulse+sawtooth+square+hamming+firwin+firfilter+cubic+fm_demod+correlate+spectrogram+cwt+argrelextrema+kalman_filter;host:ricker+fusion+observation,task2_pipeline__task2_s04_far__6c71ce0568c1af9c,task2_s04_far,10^3,4096,[4096],FP32,cpu,fft_thrust,compatibility/end-to-end,PASS,OK,20,100,12,80.253392000000005,true,6c71ce0568c1af9c26bafd1863f16500a2c27b85ea9fdca77beb280382188ae3,95061affaa9c6c433499a7a2a8c061a14212e10dfc83a390e93466f1ca5c9c34
1,20260815T152000Z_b0478e7_fft_thrust_fft_thrust_task2_pipeline_benchmark_task2_s04_far,formal,2026-08-15T15:05:00Z,b0478e7c5f1ad93e4cf41827d653d191c4a86804,false,task_scales_formal_v3,baaa5c346f0c31ac4bb1fd1f81069be745425af6b28982a50aa11d42ff41b232,task,Task2.pipeline,Task2,pipeline_total,chirp+gausspulse+sawtooth+square+hamming+firwin+firfilter+cubic+fm_demod+correlate+spectrogram+cwt+argrelextrema+kalman_filter;host:ricker+fusion+observation,task2_pipeline__task2_s04_far__6c71ce0568c1af9c,task2_s04_far,10^3,4096,[4096],FP32,gpu,fft_thrust,compatibility/end-to-end,PASS,OK,20,100,12,11.160496,true,6c71ce0568c1af9c26bafd1863f16500a2c27b85ea9fdca77beb280382188ae3,efb5b8317aaea5b93dd7c203900bf3bcfc978573df7571153dee87882a5be37f
1,20260815T152000Z_b0478e7_fft_thrust_fft_thrust_task2_pipeline_benchmark_task2_s04_far,formal,2026-08-15T15:05:00Z,b0478e7c5f1ad93e4cf41827d653d191c4a86804,false,task_scales_formal_v3,baaa5c346f0c31ac4bb1fd1f81069be745425af6b28982a50aa11d42ff41b232,task,Task2.pipeline,Task2,pipeline_total,chirp+gausspulse+sawtooth+square+hamming+firwin+firfilter+cubic+fm_demod+correlate+spectrogram+cwt+argrelextrema+kalman_filter;host:ricker+fusion+observation,task2_pipeline__task2_s04_far__6c71ce0568c1af9c,task2_s04_far,10^3,4096,[4096],FP32,cpu,fft_thrust,compatibility/end-to-end,PASS,OK,20,100,13,80.481705999999988,true,6c71ce0568c1af9c26bafd1863f16500a2c27b85ea9fdca77beb280382188ae3,95061affaa9c6c433499a7a2a8c061a14212e10dfc83a390e93466f1ca5c9c34
1,20260815T152000Z_b0478e7_fft_thrust_fft_thrust_task2_pipeline_benchmark_task2_s04_far,formal,2026-08-15T15:05:00Z,b0478e7c5f1ad93e4cf41827d653d191c4a86804,false,task_scales_formal_v3,baaa5c346f0c31ac4bb1fd1f81069be745425af6b28982a50aa11d42ff41b232,task,Task2.pipeline,Task2,pipeline_total,chirp+gausspulse+sawtooth+square+hamming+firwin+firfilter+cubic+fm_demod+correlate+spectrogram+cwt+argrelextrema+kalman_filter;host:ricker+fusion+observation,task2_pipeline__task2_s04_far__6c71ce0568c1af9c,task2_s04_far,10^3,4096,[4096],FP32,gpu,fft_thrust,compatibility/end-to-end,PASS,OK,20,100,13,11.068707,true,6c71ce0568c1af9c26bafd1863f16500a2c27b85ea9fdca77beb280382188ae3,efb5b8317aaea5b93dd7c203900bf3bcfc978573df7571153dee87882a5be37f
1,20260815T152000Z_b0478e7_fft_thrust_fft_thrust_task2_pipeline_benchmark_task2_s04_far,formal,2026-08-15T15:05:00Z,b0478e7c5f1ad93e4cf41827d653d191c4a86804,false,task_scales_formal_v3,baaa5c346f0c31ac4bb1fd1f81069be745425af6b28982a50aa11d42ff41b232,task,Task2.pipeline,Task2,pipeline_total,chirp+gausspulse+sawtooth+square+hamming+firwin+firfilter+cubic+fm_demod+correlate+spectrogram+cwt+argrelextrema+kalman_filter;host:ricker+fusion+observation,task2_pipeline__task2_s04_far__6c71ce0568c1af9c,task2_s04_far,10^3,4096,[4096],FP32,cpu,fft_thrust,compatibility/end-to-end,PASS,OK,20,100,14,80.426925000000011,true,6c71ce0568c1af9c26bafd1863f16500a2c27b85ea9fdca77beb280382188ae3,95061affaa9c6c433499a7a2a8c061a14212e10dfc83a390e93466f1ca5c9c34
1,20260815T152000Z_b0478e7_fft_thrust_fft_thrust_task2_pipeline_benchmark_task2_s04_far,formal,2026-08-15T15:05:00Z,b0478e7c5f1ad93e4cf41827d653d191c4a86804,false,task_scales_formal_v3,baaa5c346f0c31ac4bb1fd1f81069be745425af6b28982a50aa11d42ff41b232,task,Task2.pipeline,Task2,pipeline_total,chirp+gausspulse+sawtooth+square+hamming+firwin+firfilter+cubic+fm_demod+correlate+spectrogram+cwt+argrelextrema+kalman_filter;host:ricker+fusion+observation,task2_pipeline__task2_s04_far__6c71ce0568c1af9c,task2_s04_far,10^3,4096,[4096],FP32,gpu,fft_thrust,compatibility/end-to-end,PASS,OK,20,100,14,11.014794999999999,true,6c71ce0568c1af9c26bafd1863f16500a2c27b85ea9fdca77beb280382188ae3,efb5b8317aaea5b93dd7c203900bf3bcfc978573df7571153dee87882a5be37f
1,20260815T152000Z_b0478e7_fft_thrust_fft_thrust_task2_pipeline_benchmark_task2_s04_far,formal,2026-08-15T15:05:00Z,b0478e7c5f1ad93e4cf41827d653d191c4a86804,false,task_scales_formal_v3,baaa5c346f0c31ac4bb1fd1f81069be745425af6b28982a50aa11d42ff41b232,task,Task2.pipeline,Task2,pipeline_total,chirp+gausspulse+sawtooth+square+hamming+firwin+firfilter+cubic+fm_demod+correlate+spectrogram+cwt+argrelextrema+kalman_filter;host:ricker+fusion+observation,task2_pipeline__task2_s04_far__6c71ce0568c1af9c,task2_s04_far,10^3,4096,[4096],FP32,cpu,fft_thrust,compatibility/end-to-end,PASS,OK,20,100,15,81.003019999999992,true,6c71ce0568c1af9c26bafd1863f16500a2c27b85ea9fdca77beb280382188ae3,95061affaa9c6c433499a7a2a8c061a14212e10dfc83a390e93466f1ca5c9c34
1,20260815T152000Z_b0478e7_fft_thrust_fft_thrust_task2_pipeline_benchmark_task2_s04_far,formal,2026-08-15T15:05:00Z,b0478e7c5f1ad93e4cf41827d653d191c4a86804,false,task_scales_formal_v3,baaa5c346f0c31ac4bb1fd1f81069be745425af6b28982a50aa11d42ff41b232,task,Task2.pipeline,Task2,pipeline_total,chirp+gausspulse+sawtooth+square+hamming+firwin+firfilter+cubic+fm_demod+correlate+spectrogram+cwt+argrelextrema+kalman_filter;host:ricker+fusion+observation,task2_pipeline__task2_s04_far__6c71ce0568c1af9c,task2_s04_far,10^3,4096,[4096],FP32,gpu,fft_thrust,compatibility/end-to-end,PASS,OK,20,100,15,11.086818000000001,true,6c71ce0568c1af9c26bafd1863f16500a2c27b85ea9fdca77beb280382188ae3,efb5b8317aaea5b93dd7c203900bf3bcfc978573df7571153dee87882a5be37f
1,20260815T152000Z_b0478e7_fft_thrust_fft_thrust_task2_pipeline_benchmark_task2_s04_far,formal,2026-08-15T15:05:00Z,b0478e7c5f1ad93e4cf41827d653d191c4a86804,false,task_scales_formal_v3,baaa5c346f0c31ac4bb1fd1f81069be745425af6b28982a50aa11d42ff41b232,task,Task2.pipeline,Task2,pipeline_total,chirp+gausspulse+sawtooth+square+hamming+firwin+firfilter+cubic+fm_demod+correlate+spectrogram+cwt+argrelextrema+kalman_filter;host:ricker+fusion+observation,task2_pipeline__task2_s04_far__6c71ce0568c1af9c,task2_s04_far,10^3,4096,[4096],FP32,cpu,fft_thrust,compatibility/end-to-end,PASS,OK,20,100,16,86.003804000000002,true,6c71ce0568c1af9c26bafd1863f16500a2c27b85ea9fdca77beb280382188ae3,95061affaa9c6c433499a7a2a8c061a14212e10dfc83a390e93466f1ca5c9c34
1,20260815T152000Z_b0478e7_fft_thrust_fft_thrust_task2_pipeline_benchmark_task2_s04_far,formal,2026-08-15T15:05:00Z,b0478e7c5f1ad93e4cf41827d653d191c4a86804,false,task_scales_formal_v3,baaa5c346f0c31ac4bb1fd1f81069be745425af6b28982a50aa11d42ff41b232,task,Task2.pipeline,Task2,pipeline_total,chirp+gausspulse+sawtooth+square+hamming+firwin+firfilter+cubic+fm_demod+correlate+spectrogram+cwt+argrelextrema+kalman_filter;host:ricker+fusion+observation,task2_pipeline__task2_s04_far__6c71ce0568c1af9c,task2_s04_far,10^3,4096,[4096],FP32,gpu,fft_thrust,compatibility/end-to-end,PASS,OK,20,100,16,11.217318000000001,true,6c71ce0568c1af9c26bafd1863f16500a2c27b85ea9fdca77beb280382188ae3,efb5b8317aaea5b93dd7c203900bf3bcfc978573df7571153dee87882a5be37f
1,20260815T152000Z_b0478e7_fft_thrust_fft_thrust_task2_pipeline_benchmark_task2_s04_far,formal,2026-08-15T15:05:00Z,b0478e7c5f1ad93e4cf41827d653d191c4a86804,false,task_scales_formal_v3,baaa5c346f0c31ac4bb1fd1f81069be745425af6b28982a50aa11d42ff41b232,task,Task2.pipeline,Task2,pipeline_total,chirp+gausspulse+sawtooth+square+hamming+firwin+firfilter+cubic+fm_demod+correlate+spectrogram+cwt+argrelextrema+kalman_filter;host:ricker+fusion+observation,task2_pipeline__task2_s04_far__6c71ce0568c1af9c,task2_s04_far,10^3,4096,[4096],FP32,cpu,fft_thrust,compatibility/end-to-end,PASS,OK,20,100,17,81.575666000000012,true,6c71ce0568c1af9c26bafd1863f16500a2c27b85ea9fdca77beb280382188ae3,95061affaa9c6c433499a7a2a8c061a14212e10dfc83a390e93466f1ca5c9c34
1,20260815T152000Z_b0478e7_fft_thrust_fft_thrust_task2_pipeline_benchmark_task2_s04_far,formal,2026-08-15T15:05:00Z,b0478e7c5f1ad93e4cf41827d653d191c4a86804,false,task_scales_formal_v3,baaa5c346f0c31ac4bb1fd1f81069be745425af6b28982a50aa11d42ff41b232,task,Task2.pipeline,Task2,pipeline_total,chirp+gausspulse+sawtooth+square+hamming+firwin+firfilter+cubic+fm_demod+correlate+spectrogram+cwt+argrelextrema+kalman_filter;host:ricker+fusion+observation,task2_pipeline__task2_s04_far__6c71ce0568c1af9c,task2_s04_far,10^3,4096,[4096],FP32,gpu,fft_thrust,compatibility/end-to-end,PASS,OK,20,100,17,11.468811000000001,true,6c71ce0568c1af9c26bafd1863f16500a2c27b85ea9fdca77beb280382188ae3,efb5b8317aaea5b93dd7c203900bf3bcfc978573df7571153dee87882a5be37f
1,20260815T152000Z_b0478e7_fft_thrust_fft_thrust_task2_pipeline_benchmark_task2_s04_far,formal,2026-08-15T15:05:00Z,b0478e7c5f1ad93e4cf41827d653d191c4a86804,false,task_scales_formal_v3,baaa5c346f0c31ac4bb1fd1f81069be745425af6b28982a50aa11d42ff41b232,task,Task2.pipeline,Task2,pipeline_total,chirp+gausspulse+sawtooth+square+hamming+firwin+firfilter+cubic+fm_demod+correlate+spectrogram+cwt+argrelextrema+kalman_filter;host:ricker+fusion+observation,task2_pipeline__task2_s04_far__6c71ce0568c1af9c,task2_s04_far,10^3,4096,[4096],FP32,cpu,fft_thrust,compatibility/end-to-end,PASS,OK,20,100,18,82.572361999999998,true,6c71ce0568c1af9c26bafd1863f16500a2c27b85ea9fdca77beb280382188ae3,95061affaa9c6c433499a7a2a8c061a14212e10dfc83a390e93466f1ca5c9c34
1,20260815T152000Z_b0478e7_fft_thrust_fft_thrust_task2_pipeline_benchmark_task2_s04_far,formal,2026-08-15T15:05:00Z,b0478e7c5f1ad93e4cf41827d653d191c4a86804,false,task_scales_formal_v3,baaa5c346f0c31ac4bb1fd1f81069be745425af6b28982a50aa11d42ff41b232,task,Task2.pipeline,Task2,pipeline_total,chirp+gausspulse+sawtooth+square+hamming+firwin+firfilter+cubic+fm_demod+correlate+spectrogram+cwt+argrelextrema+kalman_filter;host:ricker+fusion+observation,task2_pipeline__task2_s04_far__6c71ce0568c1af9c,task2_s04_far,10^3,4096,[4096],FP32,gpu,fft_thrust,compatibility/end-to-end,PASS,OK,20,100,18,11.247388999999998,true,6c71ce0568c1af9c26bafd1863f16500a2c27b85ea9fdca77beb280382188ae3,efb5b8317aaea5b93dd7c203900bf3bcfc978573df7571153dee87882a5be37f
1,20260815T152000Z_b0478e7_fft_thrust_fft_thrust_task2_pipeline_benchmark_task2_s04_far,formal,2026-08-15T15:05:00Z,b0478e7c5f1ad93e4cf41827d653d191c4a86804,false,task_scales_formal_v3,baaa5c346f0c31ac4bb1fd1f81069be745425af6b28982a50aa11d42ff41b232,task,Task2.pipeline,Task2,pipeline_total,chirp+gausspulse+sawtooth+square+hamming+firwin+firfilter+cubic+fm_demod+correlate+spectrogram+cwt+argrelextrema+kalman_filter;host:ricker+fusion+observation,task2_pipeline__task2_s04_far__6c71ce0568c1af9c,task2_s04_far,10^3,4096,[4096],FP32,cpu,fft_thrust,compatibility/end-to-end,PASS,OK,20,100,19,85.852200999999994,true,6c71ce0568c1af9c26bafd1863f16500a2c27b85ea9fdca77beb280382188ae3,95061affaa9c6c433499a7a2a8c061a14212e10dfc83a390e93466f1ca5c9c34
1,20260815T152000Z_b0478e7_fft_thrust_fft_thrust_task2_pipeline_benchmark_task2_s04_far,formal,2026-08-15T15:05:00Z,b0478e7c5f1ad93e4cf41827d653d191c4a86804,false,task_scales_formal_v3,baaa5c346f0c31ac4bb1fd1f81069be745425af6b28982a50aa11d42ff41b232,task,Task2.pipeline,Task2,pipeline_total,chirp+gausspulse+sawtooth+square+hamming+firwin+firfilter+cubic+fm_demod+correlate+spectrogram+cwt+argrelextrema+kalman_filter;host:ricker+fusion+observation,task2_pipeline__task2_s04_far__6c71ce0568c1af9c,task2_s04_far,10^3,4096,[4096],FP32,gpu,fft_thrust,compatibility/end-to-end,PASS,OK,20,100,19,16.701896000000001,true,6c71ce0568c1af9c26bafd1863f16500a2c27b85ea9fdca77beb280382188ae3,efb5b8317aaea5b93dd7c203900bf3bcfc978573df7571153dee87882a5be37f
1,20260815T152000Z_b0478e7_fft_thrust_fft_thrust_task2_pipeline_benchmark_task2_s04_far,formal,2026-08-15T15:05:00Z,b0478e7c5f1ad93e4cf41827d653d191c4a86804,false,task_scales_formal_v3,baaa5c346f0c31ac4bb1fd1f81069be745425af6b28982a50aa11d42ff41b232,task,Task2.pipeline,Task2,pipeline_total,chirp+gausspulse+sawtooth+square+hamming+firwin+firfilter+cubic+fm_demod+correlate+spectrogram+cwt+argrelextrema+kalman_filter;host:ricker+fusion+observation,task2_pipeline__task2_s04_far__6c71ce0568c1af9c,task2_s04_far,10^3,4096,[4096],FP32,cpu,fft_thrust,compatibility/end-to-end,PASS,OK,20,100,20,81.038290000000003,true,6c71ce0568c1af9c26bafd1863f16500a2c27b85ea9fdca77beb280382188ae3,95061affaa9c6c433499a7a2a8c061a14212e10dfc83a390e93466f1ca5c9c34
1,20260815T152000Z_b0478e7_fft_thrust_fft_thrust_task2_pipeline_benchmark_task2_s04_far,formal,2026-08-15T15:05:00Z,b0478e7c5f1ad93e4cf41827d653d191c4a86804,false,task_scales_formal_v3,baaa5c346f0c31ac4bb1fd1f81069be745425af6b28982a50aa11d42ff41b232,task,Task2.pipeline,Task2,pipeline_total,chirp+gausspulse+sawtooth+square+hamming+firwin+firfilter+cubic+fm_demod+correlate+spectrogram+cwt+argrelextrema+kalman_filter;host:ricker+fusion+observation,task2_pipeline__task2_s04_far__6c71ce0568c1af9c,task2_s04_far,10^3,4096,[4096],FP32,gpu,fft_thrust,compatibility/end-to-end,PASS,OK,20,100,20,11.268488999999999,true,6c71ce0568c1af9c26bafd1863f16500a2c27b85ea9fdca77beb280382188ae3,efb5b8317aaea5b93dd7c203900bf3bcfc978573df7571153dee87882a5be37f
1,20260815T152000Z_b0478e7_fft_thrust_fft_thrust_task2_pipeline_benchmark_task2_s04_far,formal,2026-08-15T15:05:00Z,b0478e7c5f1ad93e4cf41827d653d191c4a86804,false,task_scales_formal_v3,baaa5c346f0c31ac4bb1fd1f81069be745425af6b28982a50aa11d42ff41b232,task,Task2.pipeline,Task2,pipeline_total,chirp+gausspulse+sawtooth+square+hamming+firwin+firfilter+cubic+fm_demod+correlate+spectrogram+cwt+argrelextrema+kalman_filter;host:ricker+fusion+observation,task2_pipeline__task2_s04_far__6c71ce0568c1af9c,task2_s04_far,10^3,4096,[4096],FP32,cpu,fft_thrust,compatibility/end-to-end,PASS,OK,20,100,21,80.189372000000006,true,6c71ce0568c1af9c26bafd1863f16500a2c27b85ea9fdca77beb280382188ae3,95061affaa9c6c433499a7a2a8c061a14212e10dfc83a390e93466f1ca5c9c34
1,20260815T152000Z_b0478e7_fft_thrust_fft_thrust_task2_pipeline_benchmark_task2_s04_far,formal,2026-08-15T15:05:00Z,b0478e7c5f1ad93e4cf41827d653d191c4a86804,false,task_scales_formal_v3,baaa5c346f0c31ac4bb1fd1f81069be745425af6b28982a50aa11d42ff41b232,task,Task2.pipeline,Task2,pipeline_total,chirp+gausspulse+sawtooth+square+hamming+firwin+firfilter+cubic+fm_demod+correlate+spectrogram+cwt+argrelextrema+kalman_filter;host:ricker+fusion+observation,task2_pipeline__task2_s04_far__6c71ce0568c1af9c,task2_s04_far,10^3,4096,[4096],FP32,gpu,fft_thrust,compatibility/end-to-end,PASS,OK,20,100,21,11.097647,true,6c71ce0568c1af9c26bafd1863f16500a2c27b85ea9fdca77beb280382188ae3,efb5b8317aaea5b93dd7c203900bf3bcfc978573df7571153dee87882a5be37f
1,20260815T152000Z_b0478e7_fft_thrust_fft_thrust_task2_pipeline_benchmark_task2_s04_far,formal,2026-08-15T15:05:00Z,b0478e7c5f1ad93e4cf41827d653d191c4a86804,false,task_scales_formal_v3,baaa5c346f0c31ac4bb1fd1f81069be745425af6b28982a50aa11d42ff41b232,task,Task2.pipeline,Task2,pipeline_total,chirp+gausspulse+sawtooth+square+hamming+firwin+firfilter+cubic+fm_demod+correlate+spectrogram+cwt+argrelextrema+kalman_filter;host:ricker+fusion+observation,task2_pipeline__task2_s04_far__6c71ce0568c1af9c,task2_s04_far,10^3,4096,[4096],FP32,cpu,fft_thrust,compatibility/end-to-end,PASS,OK,20,100,22,80.338172999999998,true,6c71ce0568c1af9c26bafd1863f16500a2c27b85ea9fdca77beb280382188ae3,95061affaa9c6c433499a7a2a8c061a14212e10dfc83a390e93466f1ca5c9c34
1,20260815T152000Z_b0478e7_fft_thrust_fft_thrust_task2_pipeline_benchmark_task2_s04_far,formal,2026-08-15T15:05:00Z,b0478e7c5f1ad93e4cf41827d653d191c4a86804,false,task_scales_formal_v3,baaa5c346f0c31ac4bb1fd1f81069be745425af6b28982a50aa11d42ff41b232,task,Task2.pipeline,Task2,pipeline_total,chirp+gausspulse+sawtooth+square+hamming+firwin+firfilter+cubic+fm_demod+correlate+spectrogram+cwt+argrelextrema+kalman_filter;host:ricker+fusion+observation,task2_pipeline__task2_s04_far__6c71ce0568c1af9c,task2_s04_far,10^3,4096,[4096],FP32,gpu,fft_thrust,compatibility/end-to-end,PASS,OK,20,100,22,11.160247999999999,true,6c71ce0568c1af9c26bafd1863f16500a2c27b85ea9fdca77beb280382188ae3,efb5b8317aaea5b93dd7c203900bf3bcfc978573df7571153dee87882a5be37f
1,20260815T152000Z_b0478e7_fft_thrust_fft_thrust_task2_pipeline_benchmark_task2_s04_far,formal,2026-08-15T15:05:00Z,b0478e7c5f1ad93e4cf41827d653d191c4a86804,false,task_scales_formal_v3,baaa5c346f0c31ac4bb1fd1f81069be745425af6b28982a50aa11d42ff41b232,task,Task2.pipeline,Task2,pipeline_total,chirp+gausspulse+sawtooth+square+hamming+firwin+firfilter+cubic+fm_demod+correlate+spectrogram+cwt+argrelextrema+kalman_filter;host:ricker+fusion+observation,task2_pipeline__task2_s04_far__6c71ce0568c1af9c,task2_s04_far,10^3,4096,[4096],FP32,cpu,fft_thrust,compatibility/end-to-end,PASS,OK,20,100,23,80.644307999999995,true,6c71ce0568c1af9c26bafd1863f16500a2c27b85ea9fdca77beb280382188ae3,95061affaa9c6c433499a7a2a8c061a14212e10dfc83a390e93466f1ca5c9c34
1,20260815T152000Z_b0478e7_fft_thrust_fft_thrust_task2_pipeline_benchmark_task2_s04_far,formal,2026-08-15T15:05:00Z,b0478e7c5f1ad93e4cf41827d653d191c4a86804,false,task_scales_formal_v3,baaa5c346f0c31ac4bb1fd1f81069be745425af6b28982a50aa11d42ff41b232,task,Task2.pipeline,Task2,pipeline_total,chirp+gausspulse+sawtooth+square+hamming+firwin+firfilter+cubic+fm_demod+correlate+spectrogram+cwt+argrelextrema+kalman_filter;host:ricker+fusion+observation,task2_pipeline__task2_s04_far__6c71ce0568c1af9c,task2_s04_far,10^3,4096,[4096],FP32,gpu,fft_thrust,compatibility/end-to-end,PASS,OK,20,100,23,10.998037,true,6c71ce0568c1af9c26bafd1863f16500a2c27b85ea9fdca77beb280382188ae3,efb5b8317aaea5b93dd7c203900bf3bcfc978573df7571153dee87882a5be37f
1,20260815T152000Z_b0478e7_fft_thrust_fft_thrust_task2_pipeline_benchmark_task2_s04_far,formal,2026-08-15T15:05:00Z,b0478e7c5f1ad93e4cf41827d653d191c4a86804,false,task_scales_formal_v3,baaa5c346f0c31ac4bb1fd1f81069be745425af6b28982a50aa11d42ff41b232,task,Task2.pipeline,Task2,pipeline_total,chirp+gausspulse+sawtooth+square+hamming+firwin+firfilter+cubic+fm_demod+correlate+spectrogram+cwt+argrelextrema+kalman_filter;host:ricker+fusion+observation,task2_pipeline__task2_s04_far__6c71ce0568c1af9c,task2_s04_far,10^3,4096,[4096],FP32,cpu,fft_thrust,compatibility/end-to-end,PASS,OK,20,100,24,84.382890000000003,true,6c71ce0568c1af9c26bafd1863f16500a2c27b85ea9fdca77beb280382188ae3,95061affaa9c6c433499a7a2a8c061a14212e10dfc83a390e93466f1ca5c9c34
1,20260815T152000Z_b0478e7_fft_thrust_fft_thrust_task2_pipeline_benchmark_task2_s04_far,formal,2026-08-15T15:05:00Z,b0478e7c5f1ad93e4cf41827d653d191c4a86804,false,task_scales_formal_v3,baaa5c346f0c31ac4bb1fd1f81069be745425af6b28982a50aa11d42ff41b232,task,Task2.pipeline,Task2,pipeline_total,chirp+gausspulse+sawtooth+square+hamming+firwin+firfilter+cubic+fm_demod+correlate+spectrogram+cwt+argrelextrema+kalman_filter;host:ricker+fusion+observation,task2_pipeline__task2_s04_far__6c71ce0568c1af9c,task2_s04_far,10^3,4096,[4096],FP32,gpu,fft_thrust,compatibility/end-to-end,PASS,OK,20,100,24,11.355880000000001,true,6c71ce0568c1af9c26bafd1863f16500a2c27b85ea9fdca77beb280382188ae3,efb5b8317aaea5b93dd7c203900bf3bcfc978573df7571153dee87882a5be37f
1,20260815T152000Z_b0478e7_fft_thrust_fft_thrust_task2_pipeline_benchmark_task2_s04_far,formal,2026-08-15T15:05:00Z,b0478e7c5f1ad93e4cf41827d653d191c4a86804,false,task_scales_formal_v3,baaa5c346f0c31ac4bb1fd1f81069be745425af6b28982a50aa11d42ff41b232,task,Task2.pipeline,Task2,pipeline_total,chirp+gausspulse+sawtooth+square+hamming+firwin+firfilter+cubic+fm_demod+correlate+spectrogram+cwt+argrelextrema+kalman_filter;host:ricker+fusion+observation,task2_pipeline__task2_s04_far__6c71ce0568c1af9c,task2_s04_far,10^3,4096,[4096],FP32,cpu,fft_thrust,compatibility/end-to-end,PASS,OK,20,100,25,80.034592999999987,true,6c71ce0568c1af9c26bafd1863f16500a2c27b85ea9fdca77beb280382188ae3,95061affaa9c6c433499a7a2a8c061a14212e10dfc83a390e93466f1ca5c9c34
1,20260815T152000Z_b0478e7_fft_thrust_fft_thrust_task2_pipeline_benchmark_task2_s04_far,formal,2026-08-15T15:05:00Z,b0478e7c5f1ad93e4cf41827d653d191c4a86804,false,task_scales_formal_v3,baaa5c346f0c31ac4bb1fd1f81069be745425af6b28982a50aa11d42ff41b232,task,Task2.pipeline,Task2,pipeline_total,chirp+gausspulse+sawtooth+square+hamming+firwin+firfilter+cubic+fm_demod+correlate+spectrogram+cwt+argrelextrema+kalman_filter;host:ricker+fusion+observation,task2_pipeline__task2_s04_far__6c71ce0568c1af9c,task2_s04_far,10^3,4096,[4096],FP32,gpu,fft_thrust,compatibility/end-to-end,PASS,OK,20,100,25,11.114297000000001,true,6c71ce0568c1af9c26bafd1863f16500a2c27b85ea9fdca77beb280382188ae3,efb5b8317aaea5b93dd7c203900bf3bcfc978573df7571153dee87882a5be37f
1,20260815T152000Z_b0478e7_fft_thrust_fft_thrust_task2_pipeline_benchmark_task2_s04_far,formal,2026-08-15T15:05:00Z,b0478e7c5f1ad93e4cf41827d653d191c4a86804,false,task_scales_formal_v3,baaa5c346f0c31ac4bb1fd1f81069be745425af6b28982a50aa11d42ff41b232,task,Task2.pipeline,Task2,pipeline_total,chirp+gausspulse+sawtooth+square+hamming+firwin+firfilter+cubic+fm_demod+correlate+spectrogram+cwt+argrelextrema+kalman_filter;host:ricker+fusion+observation,task2_pipeline__task2_s04_far__6c71ce0568c1af9c,task2_s04_far,10^3,4096,[4096],FP32,cpu,fft_thrust,compatibility/end-to-end,PASS,OK,20,100,26,80.416783999999993,true,6c71ce0568c1af9c26bafd1863f16500a2c27b85ea9fdca77beb280382188ae3,95061affaa9c6c433499a7a2a8c061a14212e10dfc83a390e93466f1ca5c9c34
1,20260815T152000Z_b0478e7_fft_thrust_fft_thrust_task2_pipeline_benchmark_task2_s04_far,formal,2026-08-15T15:05:00Z,b0478e7c5f1ad93e4cf41827d653d191c4a86804,false,task_scales_formal_v3,baaa5c346f0c31ac4bb1fd1f81069be745425af6b28982a50aa11d42ff41b232,task,Task2.pipeline,Task2,pipeline_total,chirp+gausspulse+sawtooth+square+hamming+firwin+firfilter+cubic+fm_demod+correlate+spectrogram+cwt+argrelextrema+kalman_filter;host:ricker+fusion+observation,task2_pipeline__task2_s04_far__6c71ce0568c1af9c,task2_s04_far,10^3,4096,[4096],FP32,gpu,fft_thrust,compatibility/end-to-end,PASS,OK,20,100,26,10.962835999999999,true,6c71ce0568c1af9c26bafd1863f16500a2c27b85ea9fdca77beb280382188ae3,efb5b8317aaea5b93dd7c203900bf3bcfc978573df7571153dee87882a5be37f
1,20260815T152000Z_b0478e7_fft_thrust_fft_thrust_task2_pipeline_benchmark_task2_s04_far,formal,2026-08-15T15:05:00Z,b0478e7c5f1ad93e4cf41827d653d191c4a86804,false,task_scales_formal_v3,baaa5c346f0c31ac4bb1fd1f81069be745425af6b28982a50aa11d42ff41b232,task,Task2.pipeline,Task2,pipeline_total,chirp+gausspulse+sawtooth+square+hamming+firwin+firfilter+cubic+fm_demod+correlate+spectrogram+cwt+argrelextrema+kalman_filter;host:ricker+fusion+observation,task2_pipeline__task2_s04_far__6c71ce0568c1af9c,task2_s04_far,10^3,4096,[4096],FP32,cpu,fft_thrust,compatibility/end-to-end,PASS,OK,20,100,27,80.804548000000011,true,6c71ce0568c1af9c26bafd1863f16500a2c27b85ea9fdca77beb280382188ae3,95061affaa9c6c433499a7a2a8c061a14212e10dfc83a390e93466f1ca5c9c34
1,20260815T152000Z_b0478e7_fft_thrust_fft_thrust_task2_pipeline_benchmark_task2_s04_far,formal,2026-08-15T15:05:00Z,b0478e7c5f1ad93e4cf41827d653d191c4a86804,false,task_scales_formal_v3,baaa5c346f0c31ac4bb1fd1f81069be745425af6b28982a50aa11d42ff41b232,task,Task2.pipeline,Task2,pipeline_total,chirp+gausspulse+sawtooth+square+hamming+firwin+firfilter+cubic+fm_demod+correlate+spectrogram+cwt+argrelextrema+kalman_filter;host:ricker+fusion+observation,task2_pipeline__task2_s04_far__6c71ce0568c1af9c,task2_s04_far,10^3,4096,[4096],FP32,gpu,fft_thrust,compatibility/end-to-end,PASS,OK,20,100,27,11.031637000000002,true,6c71ce0568c1af9c26bafd1863f16500a2c27b85ea9fdca77beb280382188ae3,efb5b8317aaea5b93dd7c203900bf3bcfc978573df7571153dee87882a5be37f
1,20260815T152000Z_b0478e7_fft_thrust_fft_thrust_task2_pipeline_benchmark_task2_s04_far,formal,2026-08-15T15:05:00Z,b0478e7c5f1ad93e4cf41827d653d191c4a86804,false,task_scales_formal_v3,baaa5c346f0c31ac4bb1fd1f81069be745425af6b28982a50aa11d42ff41b232,task,Task2.pipeline,Task2,pipeline_total,chirp+gausspulse+sawtooth+square+hamming+firwin+firfilter+cubic+fm_demod+correlate+spectrogram+cwt+argrelextrema+kalman_filter;host:ricker+fusion+observation,task2_pipeline__task2_s04_far__6c71ce0568c1af9c,task2_s04_far,10^3,4096,[4096],FP32,cpu,fft_thrust,compatibility/end-to-end,PASS,OK,20,100,28,80.846159,true,6c71ce0568c1af9c26bafd1863f16500a2c27b85ea9fdca77beb280382188ae3,95061affaa9c6c433499a7a2a8c061a14212e10dfc83a390e93466f1ca5c9c34
1,20260815T152000Z_b0478e7_fft_thrust_fft_thrust_task2_pipeline_benchmark_task2_s04_far,formal,2026-08-15T15:05:00Z,b0478e7c5f1ad93e4cf41827d653d191c4a86804,false,task_scales_formal_v3,baaa5c346f0c31ac4bb1fd1f81069be745425af6b28982a50aa11d42ff41b232,task,Task2.pipeline,Task2,pipeline_total,chirp+gausspulse+sawtooth+square+hamming+firwin+firfilter+cubic+fm_demod+correlate+spectrogram+cwt+argrelextrema+kalman_filter;host:ricker+fusion+observation,task2_pipeline__task2_s04_far__6c71ce0568c1af9c,task2_s04_far,10^3,4096,[4096],FP32,gpu,fft_thrust,compatibility/end-to-end,PASS,OK,20,100,28,11.065497000000001,true,6c71ce0568c1af9c26bafd1863f16500a2c27b85ea9fdca77beb280382188ae3,efb5b8317aaea5b93dd7c203900bf3bcfc978573df7571153dee87882a5be37f
1,20260815T152000Z_b0478e7_fft_thrust_fft_thrust_task2_pipeline_benchmark_task2_s04_far,formal,2026-08-15T15:05:00Z,b0478e7c5f1ad93e4cf41827d653d191c4a86804,false,task_scales_formal_v3,baaa5c346f0c31ac4bb1fd1f81069be745425af6b28982a50aa11d42ff41b232,task,Task2.pipeline,Task2,pipeline_total,chirp+gausspulse+sawtooth+square+hamming+firwin+firfilter+cubic+fm_demod+correlate+spectrogram+cwt+argrelextrema+kalman_filter;host:ricker+fusion+observation,task2_pipeline__task2_s04_far__6c71ce0568c1af9c,task2_s04_far,10^3,4096,[4096],FP32,cpu,fft_thrust,compatibility/end-to-end,PASS,OK,20,100,29,80.589725000000001,true,6c71ce0568c1af9c26bafd1863f16500a2c27b85ea9fdca77beb280382188ae3,95061affaa9c6c433499a7a2a8c061a14212e10dfc83a390e93466f1ca5c9c34
1,20260815T152000Z_b0478e7_fft_thrust_fft_thrust_task2_pipeline_benchmark_task2_s04_far,formal,2026-08-15T15:05:00Z,b0478e7c5f1ad93e4cf41827d653d191c4a86804,false,task_scales_formal_v3,baaa5c346f0c31ac4bb1fd1f81069be745425af6b28982a50aa11d42ff41b232,task,Task2.pipeline,Task2,pipeline_total,chirp+gausspulse+sawtooth+square+hamming+firwin+firfilter+cubic+fm_demod+correlate+spectrogram+cwt+argrelextrema+kalman_filter;host:ricker+fusion+observation,task2_pipeline__task2_s04_far__6c71ce0568c1af9c,task2_s04_far,10^3,4096,[4096],FP32,gpu,fft_thrust,compatibility/end-to-end,PASS,OK,20,100,29,11.258398,true,6c71ce0568c1af9c26bafd1863f16500a2c27b85ea9fdca77beb280382188ae3,efb5b8317aaea5b93dd7c203900bf3bcfc978573df7571153dee87882a5be37f
1,20260815T152000Z_b0478e7_fft_thrust_fft_thrust_task2_pipeline_benchmark_task2_s04_far,formal,2026-08-15T15:05:00Z,b0478e7c5f1ad93e4cf41827d653d191c4a86804,false,task_scales_formal_v3,baaa5c346f0c31ac4bb1fd1f81069be745425af6b28982a50aa11d42ff41b232,task,Task2.pipeline,Task2,pipeline_total,chirp+gausspulse+sawtooth+square+hamming+firwin+firfilter+cubic+fm_demod+correlate+spectrogram+cwt+argrelextrema+kalman_filter;host:ricker+fusion+observation,task2_pipeline__task2_s04_far__6c71ce0568c1af9c,task2_s04_far,10^3,4096,[4096],FP32,cpu,fft_thrust,compatibility/end-to-end,PASS,OK,20,100,30,80.119173000000004,true,6c71ce0568c1af9c26bafd1863f16500a2c27b85ea9fdca77beb280382188ae3,95061affaa9c6c433499a7a2a8c061a14212e10dfc83a390e93466f1ca5c9c34
1,20260815T152000Z_b0478e7_fft_thrust_fft_thrust_task2_pipeline_benchmark_task2_s04_far,formal,2026-08-15T15:05:00Z,b0478e7c5f1ad93e4cf41827d653d191c4a86804,false,task_scales_formal_v3,baaa5c346f0c31ac4bb1fd1f81069be745425af6b28982a50aa11d42ff41b232,task,Task2.pipeline,Task2,pipeline_total,chirp+gausspulse+sawtooth+square+hamming+firwin+firfilter+cubic+fm_demod+correlate+spectrogram+cwt+argrelextrema+kalman_filter;host:ricker+fusion+observation,task2_pipeline__task2_s04_far__6c71ce0568c1af9c,task2_s04_far,10^3,4096,[4096],FP32,gpu,fft_thrust,compatibility/end-to-end,PASS,OK,20,100,30,11.086487999999999,true,6c71ce0568c1af9c26bafd1863f16500a2c27b85ea9fdca77beb280382188ae3,efb5b8317aaea5b93dd7c203900bf3bcfc978573df7571153dee87882a5be37f
1,20260815T152000Z_b0478e7_fft_thrust_fft_thrust_task2_pipeline_benchmark_task2_s04_far,formal,2026-08-15T15:05:00Z,b0478e7c5f1ad93e4cf41827d653d191c4a86804,false,task_scales_formal_v3,baaa5c346f0c31ac4bb1fd1f81069be745425af6b28982a50aa11d42ff41b232,task,Task2.pipeline,Task2,pipeline_total,chirp+gausspulse+sawtooth+square+hamming+firwin+firfilter+cubic+fm_demod+correlate+spectrogram+cwt+argrelextrema+kalman_filter;host:ricker+fusion+observation,task2_pipeline__task2_s04_far__6c71ce0568c1af9c,task2_s04_far,10^3,4096,[4096],FP32,cpu,fft_thrust,compatibility/end-to-end,PASS,OK,20,100,31,80.971370999999991,true,6c71ce0568c1af9c26bafd1863f16500a2c27b85ea9fdca77beb280382188ae3,95061affaa9c6c433499a7a2a8c061a14212e10dfc83a390e93466f1ca5c9c34
1,20260815T152000Z_b0478e7_fft_thrust_fft_thrust_task2_pipeline_benchmark_task2_s04_far,formal,2026-08-15T15:05:00Z,b0478e7c5f1ad93e4cf41827d653d191c4a86804,false,task_scales_formal_v3,baaa5c346f0c31ac4bb1fd1f81069be745425af6b28982a50aa11d42ff41b232,task,Task2.pipeline,Task2,pipeline_total,chirp+gausspulse+sawtooth+square+hamming+firwin+firfilter+cubic+fm_demod+correlate+spectrogram+cwt+argrelextrema+kalman_filter;host:ricker+fusion+observation,task2_pipeline__task2_s04_far__6c71ce0568c1af9c,task2_s04_far,10^3,4096,[4096],FP32,gpu,fft_thrust,compatibility/end-to-end,PASS,OK,20,100,31,11.054186,true,6c71ce0568c1af9c26bafd1863f16500a2c27b85ea9fdca77beb280382188ae3,efb5b8317aaea5b93dd7c203900bf3bcfc978573df7571153dee87882a5be37f
1,20260815T152000Z_b0478e7_fft_thrust_fft_thrust_task2_pipeline_benchmark_task2_s04_far,formal,2026-08-15T15:05:00Z,b0478e7c5f1ad93e4cf41827d653d191c4a86804,false,task_scales_formal_v3,baaa5c346f0c31ac4bb1fd1f81069be745425af6b28982a50aa11d42ff41b232,task,Task2.pipeline,Task2,pipeline_total,chirp+gausspulse+sawtooth+square+hamming+firwin+firfilter+cubic+fm_demod+correlate+spectrogram+cwt+argrelextrema+kalman_filter;host:ricker+fusion+observation,task2_pipeline__task2_s04_far__6c71ce0568c1af9c,task2_s04_far,10^3,4096,[4096],FP32,cpu,fft_thrust,compatibility/end-to-end,PASS,OK,20,100,32,83.922566000000003,true,6c71ce0568c1af9c26bafd1863f16500a2c27b85ea9fdca77beb280382188ae3,95061affaa9c6c433499a7a2a8c061a14212e10dfc83a390e93466f1ca5c9c34
1,20260815T152000Z_b0478e7_fft_thrust_fft_thrust_task2_pipeline_benchmark_task2_s04_far,formal,2026-08-15T15:05:00Z,b0478e7c5f1ad93e4cf41827d653d191c4a86804,false,task_scales_formal_v3,baaa5c346f0c31ac4bb1fd1f81069be745425af6b28982a50aa11d42ff41b232,task,Task2.pipeline,Task2,pipeline_total,chirp+gausspulse+sawtooth+square+hamming+firwin+firfilter+cubic+fm_demod+correlate+spectrogram+cwt+argrelextrema+kalman_filter;host:ricker+fusion+observation,task2_pipeline__task2_s04_far__6c71ce0568c1af9c,task2_s04_far,10^3,4096,[4096],FP32,gpu,fft_thrust,compatibility/end-to-end,PASS,OK,20,100,32,11.094536999999999,true,6c71ce0568c1af9c26bafd1863f16500a2c27b85ea9fdca77beb280382188ae3,efb5b8317aaea5b93dd7c203900bf3bcfc978573df7571153dee87882a5be37f
1,20260815T152000Z_b0478e7_fft_thrust_fft_thrust_task2_pipeline_benchmark_task2_s04_far,formal,2026-08-15T15:05:00Z,b0478e7c5f1ad93e4cf41827d653d191c4a86804,false,task_scales_formal_v3,baaa5c346f0c31ac4bb1fd1f81069be745425af6b28982a50aa11d42ff41b232,task,Task2.pipeline,Task2,pipeline_total,chirp+gausspulse+sawtooth+square+hamming+firwin+firfilter+cubic+fm_demod+correlate+spectrogram+cwt+argrelextrema+kalman_filter;host:ricker+fusion+observation,task2_pipeline__task2_s04_far__6c71ce0568c1af9c,task2_s04_far,10^3,4096,[4096],FP32,cpu,fft_thrust,compatibility/end-to-end,PASS,OK,20,100,33,81.531907000000004,true,6c71ce0568c1af9c26bafd1863f16500a2c27b85ea9fdca77beb280382188ae3,95061affaa9c6c433499a7a2a8c061a14212e10dfc83a390e93466f1ca5c9c34
1,20260815T152000Z_b0478e7_fft_thrust_fft_thrust_task2_pipeline_benchmark_task2_s04_far,formal,2026-08-15T15:05:00Z,b0478e7c5f1ad93e4cf41827d653d191c4a86804,false,task_scales_formal_v3,baaa5c346f0c31ac4bb1fd1f81069be745425af6b28982a50aa11d42ff41b232,task,Task2.pipeline,Task2,pipeline_total,chirp+gausspulse+sawtooth+square+hamming+firwin+firfilter+cubic+fm_demod+correlate+spectrogram+cwt+argrelextrema+kalman_filter;host:ricker+fusion+observation,task2_pipeline__task2_s04_far__6c71ce0568c1af9c,task2_s04_far,10^3,4096,[4096],FP32,gpu,fft_thrust,compatibility/end-to-end,PASS,OK,20,100,33,11.221069,true,6c71ce0568c1af9c26bafd1863f16500a2c27b85ea9fdca77beb280382188ae3,efb5b8317aaea5b93dd7c203900bf3bcfc978573df7571153dee87882a5be37f
1,20260815T152000Z_b0478e7_fft_thrust_fft_thrust_task2_pipeline_benchmark_task2_s04_far,formal,2026-08-15T15:05:00Z,b0478e7c5f1ad93e4cf41827d653d191c4a86804,false,task_scales_formal_v3,baaa5c346f0c31ac4bb1fd1f81069be745425af6b28982a50aa11d42ff41b232,task,Task2.pipeline,Task2,pipeline_total,chirp+gausspulse+sawtooth+square+hamming+firwin+firfilter+cubic+fm_demod+correlate+spectrogram+cwt+argrelextrema+kalman_filter;host:ricker+fusion+observation,task2_pipeline__task2_s04_far__6c71ce0568c1af9c,task2_s04_far,10^3,4096,[4096],FP32,cpu,fft_thrust,compatibility/end-to-end,PASS,OK,20,100,34,80.551447999999993,true,6c71ce0568c1af9c26bafd1863f16500a2c27b85ea9fdca77beb280382188ae3,95061affaa9c6c433499a7a2a8c061a14212e10dfc83a390e93466f1ca5c9c34
1,20260815T152000Z_b0478e7_fft_thrust_fft_thrust_task2_pipeline_benchmark_task2_s04_far,formal,2026-08-15T15:05:00Z,b0478e7c5f1ad93e4cf41827d653d191c4a86804,false,task_scales_formal_v3,baaa5c346f0c31ac4bb1fd1f81069be745425af6b28982a50aa11d42ff41b232,task,Task2.pipeline,Task2,pipeline_total,chirp+gausspulse+sawtooth+square+hamming+firwin+firfilter+cubic+fm_demod+correlate+spectrogram+cwt+argrelextrema+kalman_filter;host:ricker+fusion+observation,task2_pipeline__task2_s04_far__6c71ce0568c1af9c,task2_s04_far,10^3,4096,[4096],FP32,gpu,fft_thrust,compatibility/end-to-end,PASS,OK,20,100,34,10.964466,true,6c71ce0568c1af9c26bafd1863f16500a2c27b85ea9fdca77beb280382188ae3,efb5b8317aaea5b93dd7c203900bf3bcfc978573df7571153dee87882a5be37f
1,20260815T152000Z_b0478e7_fft_thrust_fft_thrust_task2_pipeline_benchmark_task2_s04_far,formal,2026-08-15T15:05:00Z,b0478e7c5f1ad93e4cf41827d653d191c4a86804,false,task_scales_formal_v3,baaa5c346f0c31ac4bb1fd1f81069be745425af6b28982a50aa11d42ff41b232,task,Task2.pipeline,Task2,pipeline_total,chirp+gausspulse+sawtooth+square+hamming+firwin+firfilter+cubic+fm_demod+correlate+spectrogram+cwt+argrelextrema+kalman_filter;host:ricker+fusion+observation,task2_pipeline__task2_s04_far__6c71ce0568c1af9c,task2_s04_far,10^3,4096,[4096],FP32,cpu,fft_thrust,compatibility/end-to-end,PASS,OK,20,100,35,80.616028,true,6c71ce0568c1af9c26bafd1863f16500a2c27b85ea9fdca77beb280382188ae3,95061affaa9c6c433499a7a2a8c061a14212e10dfc83a390e93466f1ca5c9c34
1,20260815T152000Z_b0478e7_fft_thrust_fft_thrust_task2_pipeline_benchmark_task2_s04_far,formal,2026-08-15T15:05:00Z,b0478e7c5f1ad93e4cf41827d653d191c4a86804,false,task_scales_formal_v3,baaa5c346f0c31ac4bb1fd1f81069be745425af6b28982a50aa11d42ff41b232,task,Task2.pipeline,Task2,pipeline_total,chirp+gausspulse+sawtooth+square+hamming+firwin+firfilter+cubic+fm_demod+correlate+spectrogram+cwt+argrelextrema+kalman_filter;host:ricker+fusion+observation,task2_pipeline__task2_s04_far__6c71ce0568c1af9c,task2_s04_far,10^3,4096,[4096],FP32,gpu,fft_thrust,compatibility/end-to-end,PASS,OK,20,100,35,10.951326,true,6c71ce0568c1af9c26bafd1863f16500a2c27b85ea9fdca77beb280382188ae3,efb5b8317aaea5b93dd7c203900bf3bcfc978573df7571153dee87882a5be37f
1,20260815T152000Z_b0478e7_fft_thrust_fft_thrust_task2_pipeline_benchmark_task2_s04_far,formal,2026-08-15T15:05:00Z,b0478e7c5f1ad93e4cf41827d653d191c4a86804,false,task_scales_formal_v3,baaa5c346f0c31ac4bb1fd1f81069be745425af6b28982a50aa11d42ff41b232,task,Task2.pipeline,Task2,pipeline_total,chirp+gausspulse+sawtooth+square+hamming+firwin+firfilter+cubic+fm_demod+correlate+spectrogram+cwt+argrelextrema+kalman_filter;host:ricker+fusion+observation,task2_pipeline__task2_s04_far__6c71ce0568c1af9c,task2_s04_far,10^3,4096,[4096],FP32,cpu,fft_thrust,compatibility/end-to-end,PASS,OK,20,100,36,81.678217000000004,true,6c71ce0568c1af9c26bafd1863f16500a2c27b85ea9fdca77beb280382188ae3,95061affaa9c6c433499a7a2a8c061a14212e10dfc83a390e93466f1ca5c9c34
1,20260815T152000Z_b0478e7_fft_thrust_fft_thrust_task2_pipeline_benchmark_task2_s04_far,formal,2026-08-15T15:05:00Z,b0478e7c5f1ad93e4cf41827d653d191c4a86804,false,task_scales_formal_v3,baaa5c346f0c31ac4bb1fd1f81069be745425af6b28982a50aa11d42ff41b232,task,Task2.pipeline,Task2,pipeline_total,chirp+gausspulse+sawtooth+square+hamming+firwin+firfilter+cubic+fm_demod+correlate+spectrogram+cwt+argrelextrema+kalman_filter;host:ricker+fusion+observation,task2_pipeline__task2_s04_far__6c71ce0568c1af9c,task2_s04_far,10^3,4096,[4096],FP32,gpu,fft_thrust,compatibility/end-to-end,PASS,OK,20,100,36,11.057347,true,6c71ce0568c1af9c26bafd1863f16500a2c27b85ea9fdca77beb280382188ae3,efb5b8317aaea5b93dd7c203900bf3bcfc978573df7571153dee87882a5be37f
1,20260815T152000Z_b0478e7_fft_thrust_fft_thrust_task2_pipeline_benchmark_task2_s04_far,formal,2026-08-15T15:05:00Z,b0478e7c5f1ad93e4cf41827d653d191c4a86804,false,task_scales_formal_v3,baaa5c346f0c31ac4bb1fd1f81069be745425af6b28982a50aa11d42ff41b232,task,Task2.pipeline,Task2,pipeline_total,chirp+gausspulse+sawtooth+square+hamming+firwin+firfilter+cubic+fm_demod+correlate+spectrogram+cwt+argrelextrema+kalman_filter;host:ricker+fusion+observation,task2_pipeline__task2_s04_far__6c71ce0568c1af9c,task2_s04_far,10^3,4096,[4096],FP32,cpu,fft_thrust,compatibility/end-to-end,PASS,OK,20,100,37,80.262572000000006,true,6c71ce0568c1af9c26bafd1863f16500a2c27b85ea9fdca77beb280382188ae3,95061affaa9c6c433499a7a2a8c061a14212e10dfc83a390e93466f1ca5c9c34
1,20260815T152000Z_b0478e7_fft_thrust_fft_thrust_task2_pipeline_benchmark_task2_s04_far,formal,2026-08-15T15:05:00Z,b0478e7c5f1ad93e4cf41827d653d191c4a86804,false,task_scales_formal_v3,baaa5c346f0c31ac4bb1fd1f81069be745425af6b28982a50aa11d42ff41b232,task,Task2.pipeline,Task2,pipeline_total,chirp+gausspulse+sawtooth+square+hamming+firwin+firfilter+cubic+fm_demod+correlate+spectrogram+cwt+argrelextrema+kalman_filter;host:ricker+fusion+observation,task2_pipeline__task2_s04_far__6c71ce0568c1af9c,task2_s04_far,10^3,4096,[4096],FP32,gpu,fft_thrust,compatibility/end-to-end,PASS,OK,20,100,37,11.494230999999999,true,6c71ce0568c1af9c26bafd1863f16500a2c27b85ea9fdca77beb280382188ae3,efb5b8317aaea5b93dd7c203900bf3bcfc978573df7571153dee87882a5be37f
1,20260815T152000Z_b0478e7_fft_thrust_fft_thrust_task2_pipeline_benchmark_task2_s04_far,formal,2026-08-15T15:05:00Z,b0478e7c5f1ad93e4cf41827d653d191c4a86804,false,task_scales_formal_v3,baaa5c346f0c31ac4bb1fd1f81069be745425af6b28982a50aa11d42ff41b232,task,Task2.pipeline,Task2,pipeline_total,chirp+gausspulse+sawtooth+square+hamming+firwin+firfilter+cubic+fm_demod+correlate+spectrogram+cwt+argrelextrema+kalman_filter;host:ricker+fusion+observation,task2_pipeline__task2_s04_far__6c71ce0568c1af9c,task2_s04_far,10^3,4096,[4096],FP32,cpu,fft_thrust,compatibility/end-to-end,PASS,OK,20,100,38,81.333513999999994,true,6c71ce0568c1af9c26bafd1863f16500a2c27b85ea9fdca77beb280382188ae3,95061affaa9c6c433499a7a2a8c061a14212e10dfc83a390e93466f1ca5c9c34
1,20260815T152000Z_b0478e7_fft_thrust_fft_thrust_task2_pipeline_benchmark_task2_s04_far,formal,2026-08-15T15:05:00Z,b0478e7c5f1ad93e4cf41827d653d191c4a86804,false,task_scales_formal_v3,baaa5c346f0c31ac4bb1fd1f81069be745425af6b28982a50aa11d42ff41b232,task,Task2.pipeline,Task2,pipeline_total,chirp+gausspulse+sawtooth+square+hamming+firwin+firfilter+cubic+fm_demod+correlate+spectrogram+cwt+argrelextrema+kalman_filter;host:ricker+fusion+observation,task2_pipeline__task2_s04_far__6c71ce0568c1af9c,task2_s04_far,10^3,4096,[4096],FP32,gpu,fft_thrust,compatibility/end-to-end,PASS,OK,20,100,38,16.989549999999998,true,6c71ce0568c1af9c26bafd1863f16500a2c27b85ea9fdca77beb280382188ae3,efb5b8317aaea5b93dd7c203900bf3bcfc978573df7571153dee87882a5be37f
1,20260815T152000Z_b0478e7_fft_thrust_fft_thrust_task2_pipeline_benchmark_task2_s04_far,formal,2026-08-15T15:05:00Z,b0478e7c5f1ad93e4cf41827d653d191c4a86804,false,task_scales_formal_v3,baaa5c346f0c31ac4bb1fd1f81069be745425af6b28982a50aa11d42ff41b232,task,Task2.pipeline,Task2,pipeline_total,chirp+gausspulse+sawtooth+square+hamming+firwin+firfilter+cubic+fm_demod+correlate+spectrogram+cwt+argrelextrema+kalman_filter;host:ricker+fusion+observation,task2_pipeline__task2_s04_far__6c71ce0568c1af9c,task2_s04_far,10^3,4096,[4096],FP32,cpu,fft_thrust,compatibility/end-to-end,PASS,OK,20,100,39,81.472735999999998,true,6c71ce0568c1af9c26bafd1863f16500a2c27b85ea9fdca77beb280382188ae3,95061affaa9c6c433499a7a2a8c061a14212e10dfc83a390e93466f1ca5c9c34
1,20260815T152000Z_b0478e7_fft_thrust_fft_thrust_task2_pipeline_benchmark_task2_s04_far,formal,2026-08-15T15:05:00Z,b0478e7c5f1ad93e4cf41827d653d191c4a86804,false,task_scales_formal_v3,baaa5c346f0c31ac4bb1fd1f81069be745425af6b28982a50aa11d42ff41b232,task,Task2.pipeline,Task2,pipeline_total,chirp+gausspulse+sawtooth+square+hamming+firwin+firfilter+cubic+fm_demod+correlate+spectrogram+cwt+argrelextrema+kalman_filter;host:ricker+fusion+observation,task2_pipeline__task2_s04_far__6c71ce0568c1af9c,task2_s04_far,10^3,4096,[4096],FP32,gpu,fft_thrust,compatibility/end-to-end,PASS,OK,20,100,39,11.011686999999998,true,6c71ce0568c1af9c26bafd1863f16500a2c27b85ea9fdca77beb280382188ae3,efb5b8317aaea5b93dd7c203900bf3bcfc978573df7571153dee87882a5be37f
1,20260815T152000Z_b0478e7_fft_thrust_fft_thrust_task2_pipeline_benchmark_task2_s04_far,formal,2026-08-15T15:05:00Z,b0478e7c5f1ad93e4cf41827d653d191c4a86804,false,task_scales_formal_v3,baaa5c346f0c31ac4bb1fd1f81069be745425af6b28982a50aa11d42ff41b232,task,Task2.pipeline,Task2,pipeline_total,chirp+gausspulse+sawtooth+square+hamming+firwin+firfilter+cubic+fm_demod+correlate+spectrogram+cwt+argrelextrema+kalman_filter;host:ricker+fusion+observation,task2_pipeline__task2_s04_far__6c71ce0568c1af9c,task2_s04_far,10^3,4096,[4096],FP32,cpu,fft_thrust,compatibility/end-to-end,PASS,OK,20,100,40,80.388826000000009,true,6c71ce0568c1af9c26bafd1863f16500a2c27b85ea9fdca77beb280382188ae3,95061affaa9c6c433499a7a2a8c061a14212e10dfc83a390e93466f1ca5c9c34
1,20260815T152000Z_b0478e7_fft_thrust_fft_thrust_task2_pipeline_benchmark_task2_s04_far,formal,2026-08-15T15:05:00Z,b0478e7c5f1ad93e4cf41827d653d191c4a86804,false,task_scales_formal_v3,baaa5c346f0c31ac4bb1fd1f81069be745425af6b28982a50aa11d42ff41b232,task,Task2.pipeline,Task2,pipeline_total,chirp+gausspulse+sawtooth+square+hamming+firwin+firfilter+cubic+fm_demod+correlate+spectrogram+cwt+argrelextrema+kalman_filter;host:ricker+fusion+observation,task2_pipeline__task2_s04_far__6c71ce0568c1af9c,task2_s04_far,10^3,4096,[4096],FP32,gpu,fft_thrust,compatibility/end-to-end,PASS,OK,20,100,40,10.960426,true,6c71ce0568c1af9c26bafd1863f16500a2c27b85ea9fdca77beb280382188ae3,efb5b8317aaea5b93dd7c203900bf3bcfc978573df7571153dee87882a5be37f
1,20260815T152000Z_b0478e7_fft_thrust_fft_thrust_task2_pipeline_benchmark_task2_s04_far,formal,2026-08-15T15:05:00Z,b0478e7c5f1ad93e4cf41827d653d191c4a86804,false,task_scales_formal_v3,baaa5c346f0c31ac4bb1fd1f81069be745425af6b28982a50aa11d42ff41b232,task,Task2.pipeline,Task2,pipeline_total,chirp+gausspulse+sawtooth+square+hamming+firwin+firfilter+cubic+fm_demod+correlate+spectrogram+cwt+argrelextrema+kalman_filter;host:ricker+fusion+observation,task2_pipeline__task2_s04_far__6c71ce0568c1af9c,task2_s04_far,10^3,4096,[4096],FP32,cpu,fft_thrust,compatibility/end-to-end,PASS,OK,20,100,41,80.657747000000001,true,6c71ce0568c1af9c26bafd1863f16500a2c27b85ea9fdca77beb280382188ae3,95061affaa9c6c433499a7a2a8c061a14212e10dfc83a390e93466f1ca5c9c34
1,20260815T152000Z_b0478e7_fft_thrust_fft_thrust_task2_pipeline_benchmark_task2_s04_far,formal,2026-08-15T15:05:00Z,b0478e7c5f1ad93e4cf41827d653d191c4a86804,false,task_scales_formal_v3,baaa5c346f0c31ac4bb1fd1f81069be745425af6b28982a50aa11d42ff41b232,task,Task2.pipeline,Task2,pipeline_total,chirp+gausspulse+sawtooth+square+hamming+firwin+firfilter+cubic+fm_demod+correlate+spectrogram+cwt+argrelextrema+kalman_filter;host:ricker+fusion+observation,task2_pipeline__task2_s04_far__6c71ce0568c1af9c,task2_s04_far,10^3,4096,[4096],FP32,gpu,fft_thrust,compatibility/end-to-end,PASS,OK,20,100,41,11.107338,true,6c71ce0568c1af9c26bafd1863f16500a2c27b85ea9fdca77beb280382188ae3,efb5b8317aaea5b93dd7c203900bf3bcfc978573df7571153dee87882a5be37f
1,20260815T152000Z_b0478e7_fft_thrust_fft_thrust_task2_pipeline_benchmark_task2_s04_far,formal,2026-08-15T15:05:00Z,b0478e7c5f1ad93e4cf41827d653d191c4a86804,false,task_scales_formal_v3,baaa5c346f0c31ac4bb1fd1f81069be745425af6b28982a50aa11d42ff41b232,task,Task2.pipeline,Task2,pipeline_total,chirp+gausspulse+sawtooth+square+hamming+firwin+firfilter+cubic+fm_demod+correlate+spectrogram+cwt+argrelextrema+kalman_filter;host:ricker+fusion+observation,task2_pipeline__task2_s04_far__6c71ce0568c1af9c,task2_s04_far,10^3,4096,[4096],FP32,cpu,fft_thrust,compatibility/end-to-end,PASS,OK,20,100,42,80.821318999999988,true,6c71ce0568c1af9c26bafd1863f16500a2c27b85ea9fdca77beb280382188ae3,95061affaa9c6c433499a7a2a8c061a14212e10dfc83a390e93466f1ca5c9c34
1,20260815T152000Z_b0478e7_fft_thrust_fft_thrust_task2_pipeline_benchmark_task2_s04_far,formal,2026-08-15T15:05:00Z,b0478e7c5f1ad93e4cf41827d653d191c4a86804,false,task_scales_formal_v3,baaa5c346f0c31ac4bb1fd1f81069be745425af6b28982a50aa11d42ff41b232,task,Task2.pipeline,Task2,pipeline_total,chirp+gausspulse+sawtooth+square+hamming+firwin+firfilter+cubic+fm_demod+correlate+spectrogram+cwt+argrelextrema+kalman_filter;host:ricker+fusion+observation,task2_pipeline__task2_s04_far__6c71ce0568c1af9c,task2_s04_far,10^3,4096,[4096],FP32,gpu,fft_thrust,compatibility/end-to-end,PASS,OK,20,100,42,11.197308,true,6c71ce0568c1af9c26bafd1863f16500a2c27b85ea9fdca77beb280382188ae3,efb5b8317aaea5b93dd7c203900bf3bcfc978573df7571153dee87882a5be37f
1,20260815T152000Z_b0478e7_fft_thrust_fft_thrust_task2_pipeline_benchmark_task2_s04_far,formal,2026-08-15T15:05:00Z,b0478e7c5f1ad93e4cf41827d653d191c4a86804,false,task_scales_formal_v3,baaa5c346f0c31ac4bb1fd1f81069be745425af6b28982a50aa11d42ff41b232,task,Task2.pipeline,Task2,pipeline_total,chirp+gausspulse+sawtooth+square+hamming+firwin+firfilter+cubic+fm_demod+correlate+spectrogram+cwt+argrelextrema+kalman_filter;host:ricker+fusion+observation,task2_pipeline__task2_s04_far__6c71ce0568c1af9c,task2_s04_far,10^3,4096,[4096],FP32,cpu,fft_thrust,compatibility/end-to-end,PASS,OK,20,100,43,80.866501,true,6c71ce0568c1af9c26bafd1863f16500a2c27b85ea9fdca77beb280382188ae3,95061affaa9c6c433499a7a2a8c061a14212e10dfc83a390e93466f1ca5c9c34
1,20260815T152000Z_b0478e7_fft_thrust_fft_thrust_task2_pipeline_benchmark_task2_s04_far,formal,2026-08-15T15:05:00Z,b0478e7c5f1ad93e4cf41827d653d191c4a86804,false,task_scales_formal_v3,baaa5c346f0c31ac4bb1fd1f81069be745425af6b28982a50aa11d42ff41b232,task,Task2.pipeline,Task2,pipeline_total,chirp+gausspulse+sawtooth+square+hamming+firwin+firfilter+cubic+fm_demod+correlate+spectrogram+cwt+argrelextrema+kalman_filter;host:ricker+fusion+observation,task2_pipeline__task2_s04_far__6c71ce0568c1af9c,task2_s04_far,10^3,4096,[4096],FP32,gpu,fft_thrust,compatibility/end-to-end,PASS,OK,20,100,43,11.017655999999999,true,6c71ce0568c1af9c26bafd1863f16500a2c27b85ea9fdca77beb280382188ae3,efb5b8317aaea5b93dd7c203900bf3bcfc978573df7571153dee87882a5be37f
1,20260815T152000Z_b0478e7_fft_thrust_fft_thrust_task2_pipeline_benchmark_task2_s04_far,formal,2026-08-15T15:05:00Z,b0478e7c5f1ad93e4cf41827d653d191c4a86804,false,task_scales_formal_v3,baaa5c346f0c31ac4bb1fd1f81069be745425af6b28982a50aa11d42ff41b232,task,Task2.pipeline,Task2,pipeline_total,chirp+gausspulse+sawtooth+square+hamming+firwin+firfilter+cubic+fm_demod+correlate+spectrogram+cwt+argrelextrema+kalman_filter;host:ricker+fusion+observation,task2_pipeline__task2_s04_far__6c71ce0568c1af9c,task2_s04_far,10^3,4096,[4096],FP32,cpu,fft_thrust,compatibility/end-to-end,PASS,OK,20,100,44,80.592488000000003,true,6c71ce0568c1af9c26bafd1863f16500a2c27b85ea9fdca77beb280382188ae3,95061affaa9c6c433499a7a2a8c061a14212e10dfc83a390e93466f1ca5c9c34
1,20260815T152000Z_b0478e7_fft_thrust_fft_thrust_task2_pipeline_benchmark_task2_s04_far,formal,2026-08-15T15:05:00Z,b0478e7c5f1ad93e4cf41827d653d191c4a86804,false,task_scales_formal_v3,baaa5c346f0c31ac4bb1fd1f81069be745425af6b28982a50aa11d42ff41b232,task,Task2.pipeline,Task2,pipeline_total,chirp+gausspulse+sawtooth+square+hamming+firwin+firfilter+cubic+fm_demod+correlate+spectrogram+cwt+argrelextrema+kalman_filter;host:ricker+fusion+observation,task2_pipeline__task2_s04_far__6c71ce0568c1af9c,task2_s04_far,10^3,4096,[4096],FP32,gpu,fft_thrust,compatibility/end-to-end,PASS,OK,20,100,44,11.016987,true,6c71ce0568c1af9c26bafd1863f16500a2c27b85ea9fdca77beb280382188ae3,efb5b8317aaea5b93dd7c203900bf3bcfc978573df7571153dee87882a5be37f
1,20260815T152000Z_b0478e7_fft_thrust_fft_thrust_task2_pipeline_benchmark_task2_s04_far,formal,2026-08-15T15:05:00Z,b0478e7c5f1ad93e4cf41827d653d191c4a86804,false,task_scales_formal_v3,baaa5c346f0c31ac4bb1fd1f81069be745425af6b28982a50aa11d42ff41b232,task,Task2.pipeline,Task2,pipeline_total,chirp+gausspulse+sawtooth+square+hamming+firwin+firfilter+cubic+fm_demod+correlate+spectrogram+cwt+argrelextrema+kalman_filter;host:ricker+fusion+observation,task2_pipeline__task2_s04_far__6c71ce0568c1af9c,task2_s04_far,10^3,4096,[4096],FP32,cpu,fft_thrust,compatibility/end-to-end,PASS,OK,20,100,45,80.316244999999995,true,6c71ce0568c1af9c26bafd1863f16500a2c27b85ea9fdca77beb280382188ae3,95061affaa9c6c433499a7a2a8c061a14212e10dfc83a390e93466f1ca5c9c34
1,20260815T152000Z_b0478e7_fft_thrust_fft_thrust_task2_pipeline_benchmark_task2_s04_far,formal,2026-08-15T15:05:00Z,b0478e7c5f1ad93e4cf41827d653d191c4a86804,false,task_scales_formal_v3,baaa5c346f0c31ac4bb1fd1f81069be745425af6b28982a50aa11d42ff41b232,task,Task2.pipeline,Task2,pipeline_total,chirp+gausspulse+sawtooth+square+hamming+firwin+firfilter+cubic+fm_demod+correlate+spectrogram+cwt+argrelextrema+kalman_filter;host:ricker+fusion+observation,task2_pipeline__task2_s04_far__6c71ce0568c1af9c,task2_s04_far,10^3,4096,[4096],FP32,gpu,fft_thrust,compatibility/end-to-end,PASS,OK,20,100,45,11.141897,true,6c71ce0568c1af9c26bafd1863f16500a2c27b85ea9fdca77beb280382188ae3,efb5b8317aaea5b93dd7c203900bf3bcfc978573df7571153dee87882a5be37f
1,20260815T152000Z_b0478e7_fft_thrust_fft_thrust_task2_pipeline_benchmark_task2_s04_far,formal,2026-08-15T15:05:00Z,b0478e7c5f1ad93e4cf41827d653d191c4a86804,false,task_scales_formal_v3,baaa5c346f0c31ac4bb1fd1f81069be745425af6b28982a50aa11d42ff41b232,task,Task2.pipeline,Task2,pipeline_total,chirp+gausspulse+sawtooth+square+hamming+firwin+firfilter+cubic+fm_demod+correlate+spectrogram+cwt+argrelextrema+kalman_filter;host:ricker+fusion+observation,task2_pipeline__task2_s04_far__6c71ce0568c1af9c,task2_s04_far,10^3,4096,[4096],FP32,cpu,fft_thrust,compatibility/end-to-end,PASS,OK,20,100,46,80.464798000000002,true,6c71ce0568c1af9c26bafd1863f16500a2c27b85ea9fdca77beb280382188ae3,95061affaa9c6c433499a7a2a8c061a14212e10dfc83a390e93466f1ca5c9c34
1,20260815T152000Z_b0478e7_fft_thrust_fft_thrust_task2_pipeline_benchmark_task2_s04_far,formal,2026-08-15T15:05:00Z,b0478e7c5f1ad93e4cf41827d653d191c4a86804,false,task_scales_formal_v3,baaa5c346f0c31ac4bb1fd1f81069be745425af6b28982a50aa11d42ff41b232,task,Task2.pipeline,Task2,pipeline_total,chirp+gausspulse+sawtooth+square+hamming+firwin+firfilter+cubic+fm_demod+correlate+spectrogram+cwt+argrelextrema+kalman_filter;host:ricker+fusion+observation,task2_pipeline__task2_s04_far__6c71ce0568c1af9c,task2_s04_far,10^3,4096,[4096],FP32,gpu,fft_thrust,compatibility/end-to-end,PASS,OK,20,100,46,11.109078,true,6c71ce0568c1af9c26bafd1863f16500a2c27b85ea9fdca77beb280382188ae3,efb5b8317aaea5b93dd7c203900bf3bcfc978573df7571153dee87882a5be37f
1,20260815T152000Z_b0478e7_fft_thrust_fft_thrust_task2_pipeline_benchmark_task2_s04_far,formal,2026-08-15T15:05:00Z,b0478e7c5f1ad93e4cf41827d653d191c4a86804,false,task_scales_formal_v3,baaa5c346f0c31ac4bb1fd1f81069be745425af6b28982a50aa11d42ff41b232,task,Task2.pipeline,Task2,pipeline_total,chirp+gausspulse+sawtooth+square+hamming+firwin+firfilter+cubic+fm_demod+correlate+spectrogram+cwt+argrelextrema+kalman_filter;host:ricker+fusion+observation,task2_pipeline__task2_s04_far__6c71ce0568c1af9c,task2_s04_far,10^3,4096,[4096],FP32,cpu,fft_thrust,compatibility/end-to-end,PASS,OK,20,100,47,80.947230999999988,true,6c71ce0568c1af9c26bafd1863f16500a2c27b85ea9fdca77beb280382188ae3,95061affaa9c6c433499a7a2a8c061a14212e10dfc83a390e93466f1ca5c9c34
1,20260815T152000Z_b0478e7_fft_thrust_fft_thrust_task2_pipeline_benchmark_task2_s04_far,formal,2026-08-15T15:05:00Z,b0478e7c5f1ad93e4cf41827d653d191c4a86804,false,task_scales_formal_v3,baaa5c346f0c31ac4bb1fd1f81069be745425af6b28982a50aa11d42ff41b232,task,Task2.pipeline,Task2,pipeline_total,chirp+gausspulse+sawtooth+square+hamming+firwin+firfilter+cubic+fm_demod+correlate+spectrogram+cwt+argrelextrema+kalman_filter;host:ricker+fusion+observation,task2_pipeline__task2_s04_far__6c71ce0568c1af9c,task2_s04_far,10^3,4096,[4096],FP32,gpu,fft_thrust,compatibility/end-to-end,PASS,OK,20,100,47,10.929396000000001,true,6c71ce0568c1af9c26bafd1863f16500a2c27b85ea9fdca77beb280382188ae3,efb5b8317aaea5b93dd7c203900bf3bcfc978573df7571153dee87882a5be37f
1,20260815T152000Z_b0478e7_fft_thrust_fft_thrust_task2_pipeline_benchmark_task2_s04_far,formal,2026-08-15T15:05:00Z,b0478e7c5f1ad93e4cf41827d653d191c4a86804,false,task_scales_formal_v3,baaa5c346f0c31ac4bb1fd1f81069be745425af6b28982a50aa11d42ff41b232,task,Task2.pipeline,Task2,pipeline_total,chirp+gausspulse+sawtooth+square+hamming+firwin+firfilter+cubic+fm_demod+correlate+spectrogram+cwt+argrelextrema+kalman_filter;host:ricker+fusion+observation,task2_pipeline__task2_s04_far__6c71ce0568c1af9c,task2_s04_far,10^3,4096,[4096],FP32,cpu,fft_thrust,compatibility/end-to-end,PASS,OK,20,100,48,81.117163000000005,true,6c71ce0568c1af9c26bafd1863f16500a2c27b85ea9fdca77beb280382188ae3,95061affaa9c6c433499a7a2a8c061a14212e10dfc83a390e93466f1ca5c9c34
1,20260815T152000Z_b0478e7_fft_thrust_fft_thrust_task2_pipeline_benchmark_task2_s04_far,formal,2026-08-15T15:05:00Z,b0478e7c5f1ad93e4cf41827d653d191c4a86804,false,task_scales_formal_v3,baaa5c346f0c31ac4bb1fd1f81069be745425af6b28982a50aa11d42ff41b232,task,Task2.pipeline,Task2,pipeline_total,chirp+gausspulse+sawtooth+square+hamming+firwin+firfilter+cubic+fm_demod+correlate+spectrogram+cwt+argrelextrema+kalman_filter;host:ricker+fusion+observation,task2_pipeline__task2_s04_far__6c71ce0568c1af9c,task2_s04_far,10^3,4096,[4096],FP32,gpu,fft_thrust,compatibility/end-to-end,PASS,OK,20,100,48,11.137138,true,6c71ce0568c1af9c26bafd1863f16500a2c27b85ea9fdca77beb280382188ae3,efb5b8317aaea5b93dd7c203900bf3bcfc978573df7571153dee87882a5be37f
1,20260815T152000Z_b0478e7_fft_thrust_fft_thrust_task2_pipeline_benchmark_task2_s04_far,formal,2026-08-15T15:05:00Z,b0478e7c5f1ad93e4cf41827d653d191c4a86804,false,task_scales_formal_v3,baaa5c346f0c31ac4bb1fd1f81069be745425af6b28982a50aa11d42ff41b232,task,Task2.pipeline,Task2,pipeline_total,chirp+gausspulse+sawtooth+square+hamming+firwin+firfilter+cubic+fm_demod+correlate+spectrogram+cwt+argrelextrema+kalman_filter;host:ricker+fusion+observation,task2_pipeline__task2_s04_far__6c71ce0568c1af9c,task2_s04_far,10^3,4096,[4096],FP32,cpu,fft_thrust,compatibility/end-to-end,PASS,OK,20,100,49,80.588437999999996,true,6c71ce0568c1af9c26bafd1863f16500a2c27b85ea9fdca77beb280382188ae3,95061affaa9c6c433499a7a2a8c061a14212e10dfc83a390e93466f1ca5c9c34
1,20260815T152000Z_b0478e7_fft_thrust_fft_thrust_task2_pipeline_benchmark_task2_s04_far,formal,2026-08-15T15:05:00Z,b0478e7c5f1ad93e4cf41827d653d191c4a86804,false,task_scales_formal_v3,baaa5c346f0c31ac4bb1fd1f81069be745425af6b28982a50aa11d42ff41b232,task,Task2.pipeline,Task2,pipeline_total,chirp+gausspulse+sawtooth+square+hamming+firwin+firfilter+cubic+fm_demod+correlate+spectrogram+cwt+argrelextrema+kalman_filter;host:ricker+fusion+observation,task2_pipeline__task2_s04_far__6c71ce0568c1af9c,task2_s04_far,10^3,4096,[4096],FP32,gpu,fft_thrust,compatibility/end-to-end,PASS,OK,20,100,49,11.095027,true,6c71ce0568c1af9c26bafd1863f16500a2c27b85ea9fdca77beb280382188ae3,efb5b8317aaea5b93dd7c203900bf3bcfc978573df7571153dee87882a5be37f
1,20260815T152000Z_b0478e7_fft_thrust_fft_thrust_task2_pipeline_benchmark_task2_s04_far,formal,2026-08-15T15:05:00Z,b0478e7c5f1ad93e4cf41827d653d191c4a86804,false,task_scales_formal_v3,baaa5c346f0c31ac4bb1fd1f81069be745425af6b28982a50aa11d42ff41b232,task,Task2.pipeline,Task2,pipeline_total,chirp+gausspulse+sawtooth+square+hamming+firwin+firfilter+cubic+fm_demod+correlate+spectrogram+cwt+argrelextrema+kalman_filter;host:ricker+fusion+observation,task2_pipeline__task2_s04_far__6c71ce0568c1af9c,task2_s04_far,10^3,4096,[4096],FP32,cpu,fft_thrust,compatibility/end-to-end,PASS,OK,20,100,50,82.598645000000005,true,6c71ce0568c1af9c26bafd1863f16500a2c27b85ea9fdca77beb280382188ae3,95061affaa9c6c433499a7a2a8c061a14212e10dfc83a390e93466f1ca5c9c34
1,20260815T152000Z_b0478e7_fft_thrust_fft_thrust_task2_pipeline_benchmark_task2_s04_far,formal,2026-08-15T15:05:00Z,b0478e7c5f1ad93e4cf41827d653d191c4a86804,false,task_scales_formal_v3,baaa5c346f0c31ac4bb1fd1f81069be745425af6b28982a50aa11d42ff41b232,task,Task2.pipeline,Task2,pipeline_total,chirp+gausspulse+sawtooth+square+hamming+firwin+firfilter+cubic+fm_demod+correlate+spectrogram+cwt+argrelextrema+kalman_filter;host:ricker+fusion+observation,task2_pipeline__task2_s04_far__6c71ce0568c1af9c,task2_s04_far,10^3,4096,[4096],FP32,gpu,fft_thrust,compatibility/end-to-end,PASS,OK,20,100,50,11.179468,true,6c71ce0568c1af9c26bafd1863f16500a2c27b85ea9fdca77beb280382188ae3,efb5b8317aaea5b93dd7c203900bf3bcfc978573df7571153dee87882a5be37f
1,20260815T152000Z_b0478e7_fft_thrust_fft_thrust_task2_pipeline_benchmark_task2_s04_far,formal,2026-08-15T15:05:00Z,b0478e7c5f1ad93e4cf41827d653d191c4a86804,false,task_scales_formal_v3,baaa5c346f0c31ac4bb1fd1f81069be745425af6b28982a50aa11d42ff41b232,task,Task2.pipeline,Task2,pipeline_total,chirp+gausspulse+sawtooth+square+hamming+firwin+firfilter+cubic+fm_demod+correlate+spectrogram+cwt+argrelextrema+kalman_filter;host:ricker+fusion+observation,task2_pipeline__task2_s04_far__6c71ce0568c1af9c,task2_s04_far,10^3,4096,[4096],FP32,cpu,fft_thrust,compatibility/end-to-end,PASS,OK,20,100,51,80.920141999999998,true,6c71ce0568c1af9c26bafd1863f16500a2c27b85ea9fdca77beb280382188ae3,95061affaa9c6c433499a7a2a8c061a14212e10dfc83a390e93466f1ca5c9c34
1,20260815T152000Z_b0478e7_fft_thrust_fft_thrust_task2_pipeline_benchmark_task2_s04_far,formal,2026-08-15T15:05:00Z,b0478e7c5f1ad93e4cf41827d653d191c4a86804,false,task_scales_formal_v3,baaa5c346f0c31ac4bb1fd1f81069be745425af6b28982a50aa11d42ff41b232,task,Task2.pipeline,Task2,pipeline_total,chirp+gausspulse+sawtooth+square+hamming+firwin+firfilter+cubic+fm_demod+correlate+spectrogram+cwt+argrelextrema+kalman_filter;host:ricker+fusion+observation,task2_pipeline__task2_s04_far__6c71ce0568c1af9c,task2_s04_far,10^3,4096,[4096],FP32,gpu,fft_thrust,compatibility/end-to-end,PASS,OK,20,100,51,11.031955999999999,true,6c71ce0568c1af9c26bafd1863f16500a2c27b85ea9fdca77beb280382188ae3,efb5b8317aaea5b93dd7c203900bf3bcfc978573df7571153dee87882a5be37f
1,20260815T152000Z_b0478e7_fft_thrust_fft_thrust_task2_pipeline_benchmark_task2_s04_far,formal,2026-08-15T15:05:00Z,b0478e7c5f1ad93e4cf41827d653d191c4a86804,false,task_scales_formal_v3,baaa5c346f0c31ac4bb1fd1f81069be745425af6b28982a50aa11d42ff41b232,task,Task2.pipeline,Task2,pipeline_total,chirp+gausspulse+sawtooth+square+hamming+firwin+firfilter+cubic+fm_demod+correlate+spectrogram+cwt+argrelextrema+kalman_filter;host:ricker+fusion+observation,task2_pipeline__task2_s04_far__6c71ce0568c1af9c,task2_s04_far,10^3,4096,[4096],FP32,cpu,fft_thrust,compatibility/end-to-end,PASS,OK,20,100,52,80.994252000000003,true,6c71ce0568c1af9c26bafd1863f16500a2c27b85ea9fdca77beb280382188ae3,95061affaa9c6c433499a7a2a8c061a14212e10dfc83a390e93466f1ca5c9c34
1,20260815T152000Z_b0478e7_fft_thrust_fft_thrust_task2_pipeline_benchmark_task2_s04_far,formal,2026-08-15T15:05:00Z,b0478e7c5f1ad93e4cf41827d653d191c4a86804,false,task_scales_formal_v3,baaa5c346f0c31ac4bb1fd1f81069be745425af6b28982a50aa11d42ff41b232,task,Task2.pipeline,Task2,pipeline_total,chirp+gausspulse+sawtooth+square+hamming+firwin+firfilter+cubic+fm_demod+correlate+spectrogram+cwt+argrelextrema+kalman_filter;host:ricker+fusion+observation,task2_pipeline__task2_s04_far__6c71ce0568c1af9c,task2_s04_far,10^3,4096,[4096],FP32,gpu,fft_thrust,compatibility/end-to-end,PASS,OK,20,100,52,11.141209,true,6c71ce0568c1af9c26bafd1863f16500a2c27b85ea9fdca77beb280382188ae3,efb5b8317aaea5b93dd7c203900bf3bcfc978573df7571153dee87882a5be37f
1,20260815T152000Z_b0478e7_fft_thrust_fft_thrust_task2_pipeline_benchmark_task2_s04_far,formal,2026-08-15T15:05:00Z,b0478e7c5f1ad93e4cf41827d653d191c4a86804,false,task_scales_formal_v3,baaa5c346f0c31ac4bb1fd1f81069be745425af6b28982a50aa11d42ff41b232,task,Task2.pipeline,Task2,pipeline_total,chirp+gausspulse+sawtooth+square+hamming+firwin+firfilter+cubic+fm_demod+correlate+spectrogram+cwt+argrelextrema+kalman_filter;host:ricker+fusion+observation,task2_pipeline__task2_s04_far__6c71ce0568c1af9c,task2_s04_far,10^3,4096,[4096],FP32,cpu,fft_thrust,compatibility/end-to-end,PASS,OK,20,100,53,80.012503999999993,true,6c71ce0568c1af9c26bafd1863f16500a2c27b85ea9fdca77beb280382188ae3,95061affaa9c6c433499a7a2a8c061a14212e10dfc83a390e93466f1ca5c9c34
1,20260815T152000Z_b0478e7_fft_thrust_fft_thrust_task2_pipeline_benchmark_task2_s04_far,formal,2026-08-15T15:05:00Z,b0478e7c5f1ad93e4cf41827d653d191c4a86804,false,task_scales_formal_v3,baaa5c346f0c31ac4bb1fd1f81069be745425af6b28982a50aa11d42ff41b232,task,Task2.pipeline,Task2,pipeline_total,chirp+gausspulse+sawtooth+square+hamming+firwin+firfilter+cubic+fm_demod+correlate+spectrogram+cwt+argrelextrema+kalman_filter;host:ricker+fusion+observation,task2_pipeline__task2_s04_far__6c71ce0568c1af9c,task2_s04_far,10^3,4096,[4096],FP32,gpu,fft_thrust,compatibility/end-to-end,PASS,OK,20,100,53,10.991026999999999,true,6c71ce0568c1af9c26bafd1863f16500a2c27b85ea9fdca77beb280382188ae3,efb5b8317aaea5b93dd7c203900bf3bcfc978573df7571153dee87882a5be37f
1,20260815T152000Z_b0478e7_fft_thrust_fft_thrust_task2_pipeline_benchmark_task2_s04_far,formal,2026-08-15T15:05:00Z,b0478e7c5f1ad93e4cf41827d653d191c4a86804,false,task_scales_formal_v3,baaa5c346f0c31ac4bb1fd1f81069be745425af6b28982a50aa11d42ff41b232,task,Task2.pipeline,Task2,pipeline_total,chirp+gausspulse+sawtooth+square+hamming+firwin+firfilter+cubic+fm_demod+correlate+spectrogram+cwt+argrelextrema+kalman_filter;host:ricker+fusion+observation,task2_pipeline__task2_s04_far__6c71ce0568c1af9c,task2_s04_far,10^3,4096,[4096],FP32,cpu,fft_thrust,compatibility/end-to-end,PASS,OK,20,100,54,80.251525000000001,true,6c71ce0568c1af9c26bafd1863f16500a2c27b85ea9fdca77beb280382188ae3,95061affaa9c6c433499a7a2a8c061a14212e10dfc83a390e93466f1ca5c9c34
1,20260815T152000Z_b0478e7_fft_thrust_fft_thrust_task2_pipeline_benchmark_task2_s04_far,formal,2026-08-15T15:05:00Z,b0478e7c5f1ad93e4cf41827d653d191c4a86804,false,task_scales_formal_v3,baaa5c346f0c31ac4bb1fd1f81069be745425af6b28982a50aa11d42ff41b232,task,Task2.pipeline,Task2,pipeline_total,chirp+gausspulse+sawtooth+square+hamming+firwin+firfilter+cubic+fm_demod+correlate+spectrogram+cwt+argrelextrema+kalman_filter;host:ricker+fusion+observation,task2_pipeline__task2_s04_far__6c71ce0568c1af9c,task2_s04_far,10^3,4096,[4096],FP32,gpu,fft_thrust,compatibility/end-to-end,PASS,OK,20,100,54,11.094448,true,6c71ce0568c1af9c26bafd1863f16500a2c27b85ea9fdca77beb280382188ae3,efb5b8317aaea5b93dd7c203900bf3bcfc978573df7571153dee87882a5be37f
1,20260815T152000Z_b0478e7_fft_thrust_fft_thrust_task2_pipeline_benchmark_task2_s04_far,formal,2026-08-15T15:05:00Z,b0478e7c5f1ad93e4cf41827d653d191c4a86804,false,task_scales_formal_v3,baaa5c346f0c31ac4bb1fd1f81069be745425af6b28982a50aa11d42ff41b232,task,Task2.pipeline,Task2,pipeline_total,chirp+gausspulse+sawtooth+square+hamming+firwin+firfilter+cubic+fm_demod+correlate+spectrogram+cwt+argrelextrema+kalman_filter;host:ricker+fusion+observation,task2_pipeline__task2_s04_far__6c71ce0568c1af9c,task2_s04_far,10^3,4096,[4096],FP32,cpu,fft_thrust,compatibility/end-to-end,PASS,OK,20,100,55,80.520108999999991,true,6c71ce0568c1af9c26bafd1863f16500a2c27b85ea9fdca77beb280382188ae3,95061affaa9c6c433499a7a2a8c061a14212e10dfc83a390e93466f1ca5c9c34
1,20260815T152000Z_b0478e7_fft_thrust_fft_thrust_task2_pipeline_benchmark_task2_s04_far,formal,2026-08-15T15:05:00Z,b0478e7c5f1ad93e4cf41827d653d191c4a86804,false,task_scales_formal_v3,baaa5c346f0c31ac4bb1fd1f81069be745425af6b28982a50aa11d42ff41b232,task,Task2.pipeline,Task2,pipeline_total,chirp+gausspulse+sawtooth+square+hamming+firwin+firfilter+cubic+fm_demod+correlate+spectrogram+cwt+argrelextrema+kalman_filter;host:ricker+fusion+observation,task2_pipeline__task2_s04_far__6c71ce0568c1af9c,task2_s04_far,10^3,4096,[4096],FP32,gpu,fft_thrust,compatibility/end-to-end,PASS,OK,20,100,55,11.159468,true,6c71ce0568c1af9c26bafd1863f16500a2c27b85ea9fdca77beb280382188ae3,efb5b8317aaea5b93dd7c203900bf3bcfc978573df7571153dee87882a5be37f
1,20260815T152000Z_b0478e7_fft_thrust_fft_thrust_task2_pipeline_benchmark_task2_s04_far,formal,2026-08-15T15:05:00Z,b0478e7c5f1ad93e4cf41827d653d191c4a86804,false,task_scales_formal_v3,baaa5c346f0c31ac4bb1fd1f81069be745425af6b28982a50aa11d42ff41b232,task,Task2.pipeline,Task2,pipeline_total,chirp+gausspulse+sawtooth+square+hamming+firwin+firfilter+cubic+fm_demod+correlate+spectrogram+cwt+argrelextrema+kalman_filter;host:ricker+fusion+observation,task2_pipeline__task2_s04_far__6c71ce0568c1af9c,task2_s04_far,10^3,4096,[4096],FP32,cpu,fft_thrust,compatibility/end-to-end,PASS,OK,20,100,56,80.809590999999998,true,6c71ce0568c1af9c26bafd1863f16500a2c27b85ea9fdca77beb280382188ae3,95061affaa9c6c433499a7a2a8c061a14212e10dfc83a390e93466f1ca5c9c34
1,20260815T152000Z_b0478e7_fft_thrust_fft_thrust_task2_pipeline_benchmark_task2_s04_far,formal,2026-08-15T15:05:00Z,b0478e7c5f1ad93e4cf41827d653d191c4a86804,false,task_scales_formal_v3,baaa5c346f0c31ac4bb1fd1f81069be745425af6b28982a50aa11d42ff41b232,task,Task2.pipeline,Task2,pipeline_total,chirp+gausspulse+sawtooth+square+hamming+firwin+firfilter+cubic+fm_demod+correlate+spectrogram+cwt+argrelextrema+kalman_filter;host:ricker+fusion+observation,task2_pipeline__task2_s04_far__6c71ce0568c1af9c,task2_s04_far,10^3,4096,[4096],FP32,gpu,fft_thrust,compatibility/end-to-end,PASS,OK,20,100,56,11.497199,true,6c71ce0568c1af9c26bafd1863f16500a2c27b85ea9fdca77beb280382188ae3,efb5b8317aaea5b93dd7c203900bf3bcfc978573df7571153dee87882a5be37f
1,20260815T152000Z_b0478e7_fft_thrust_fft_thrust_task2_pipeline_benchmark_task2_s04_far,formal,2026-08-15T15:05:00Z,b0478e7c5f1ad93e4cf41827d653d191c4a86804,false,task_scales_formal_v3,baaa5c346f0c31ac4bb1fd1f81069be745425af6b28982a50aa11d42ff41b232,task,Task2.pipeline,Task2,pipeline_total,chirp+gausspulse+sawtooth+square+hamming+firwin+firfilter+cubic+fm_demod+correlate+spectrogram+cwt+argrelextrema+kalman_filter;host:ricker+fusion+observation,task2_pipeline__task2_s04_far__6c71ce0568c1af9c,task2_s04_far,10^3,4096,[4096],FP32,cpu,fft_thrust,compatibility/end-to-end,PASS,OK,20,100,57,80.326226999999989,true,6c71ce0568c1af9c26bafd1863f16500a2c27b85ea9fdca77beb280382188ae3,95061affaa9c6c433499a7a2a8c061a14212e10dfc83a390e93466f1ca5c9c34
1,20260815T152000Z_b0478e7_fft_thrust_fft_thrust_task2_pipeline_benchmark_task2_s04_far,formal,2026-08-15T15:05:00Z,b0478e7c5f1ad93e4cf41827d653d191c4a86804,false,task_scales_formal_v3,baaa5c346f0c31ac4bb1fd1f81069be745425af6b28982a50aa11d42ff41b232,task,Task2.pipeline,Task2,pipeline_total,chirp+gausspulse+sawtooth+square+hamming+firwin+firfilter+cubic+fm_demod+correlate+spectrogram+cwt+argrelextrema+kalman_filter;host:ricker+fusion+observation,task2_pipeline__task2_s04_far__6c71ce0568c1af9c,task2_s04_far,10^3,4096,[4096],FP32,gpu,fft_thrust,compatibility/end-to-end,PASS,OK,20,100,57,11.259247999999999,true,6c71ce0568c1af9c26bafd1863f16500a2c27b85ea9fdca77beb280382188ae3,efb5b8317aaea5b93dd7c203900bf3bcfc978573df7571153dee87882a5be37f
1,20260815T152000Z_b0478e7_fft_thrust_fft_thrust_task2_pipeline_benchmark_task2_s04_far,formal,2026-08-15T15:05:00Z,b0478e7c5f1ad93e4cf41827d653d191c4a86804,false,task_scales_formal_v3,baaa5c346f0c31ac4bb1fd1f81069be745425af6b28982a50aa11d42ff41b232,task,Task2.pipeline,Task2,pipeline_total,chirp+gausspulse+sawtooth+square+hamming+firwin+firfilter+cubic+fm_demod+correlate+spectrogram+cwt+argrelextrema+kalman_filter;host:ricker+fusion+observation,task2_pipeline__task2_s04_far__6c71ce0568c1af9c,task2_s04_far,10^3,4096,[4096],FP32,cpu,fft_thrust,compatibility/end-to-end,PASS,OK,20,100,58,80.899630000000002,true,6c71ce0568c1af9c26bafd1863f16500a2c27b85ea9fdca77beb280382188ae3,95061affaa9c6c433499a7a2a8c061a14212e10dfc83a390e93466f1ca5c9c34
1,20260815T152000Z_b0478e7_fft_thrust_fft_thrust_task2_pipeline_benchmark_task2_s04_far,formal,2026-08-15T15:05:00Z,b0478e7c5f1ad93e4cf41827d653d191c4a86804,false,task_scales_formal_v3,baaa5c346f0c31ac4bb1fd1f81069be745425af6b28982a50aa11d42ff41b232,task,Task2.pipeline,Task2,pipeline_total,chirp+gausspulse+sawtooth+square+hamming+firwin+firfilter+cubic+fm_demod+correlate+spectrogram+cwt+argrelextrema+kalman_filter;host:ricker+fusion+observation,task2_pipeline__task2_s04_far__6c71ce0568c1af9c,task2_s04_far,10^3,4096,[4096],FP32,gpu,fft_thrust,compatibility/end-to-end,PASS,OK,20,100,58,11.266219999999999,true,6c71ce0568c1af9c26bafd1863f16500a2c27b85ea9fdca77beb280382188ae3,efb5b8317aaea5b93dd7c203900bf3bcfc978573df7571153dee87882a5be37f
1,20260815T152000Z_b0478e7_fft_thrust_fft_thrust_task2_pipeline_benchmark_task2_s04_far,formal,2026-08-15T15:05:00Z,b0478e7c5f1ad93e4cf41827d653d191c4a86804,false,task_scales_formal_v3,baaa5c346f0c31ac4bb1fd1f81069be745425af6b28982a50aa11d42ff41b232,task,Task2.pipeline,Task2,pipeline_total,chirp+gausspulse+sawtooth+square+hamming+firwin+firfilter+cubic+fm_demod+correlate+spectrogram+cwt+argrelextrema+kalman_filter;host:ricker+fusion+observation,task2_pipeline__task2_s04_far__6c71ce0568c1af9c,task2_s04_far,10^3,4096,[4096],FP32,cpu,fft_thrust,compatibility/end-to-end,PASS,OK,20,100,59,85.597211999999999,true,6c71ce0568c1af9c26bafd1863f16500a2c27b85ea9fdca77beb280382188ae3,95061affaa9c6c433499a7a2a8c061a14212e10dfc83a390e93466f1ca5c9c34
1,20260815T152000Z_b0478e7_fft_thrust_fft_thrust_task2_pipeline_benchmark_task2_s04_far,formal,2026-08-15T15:05:00Z,b0478e7c5f1ad93e4cf41827d653d191c4a86804,false,task_scales_formal_v3,baaa5c346f0c31ac4bb1fd1f81069be745425af6b28982a50aa11d42ff41b232,task,Task2.pipeline,Task2,pipeline_total,chirp+gausspulse+sawtooth+square+hamming+firwin+firfilter+cubic+fm_demod+correlate+spectrogram+cwt+argrelextrema+kalman_filter;host:ricker+fusion+observation,task2_pipeline__task2_s04_far__6c71ce0568c1af9c,task2_s04_far,10^3,4096,[4096],FP32,gpu,fft_thrust,compatibility/end-to-end,PASS,OK,20,100,59,11.132647,true,6c71ce0568c1af9c26bafd1863f16500a2c27b85ea9fdca77beb280382188ae3,efb5b8317aaea5b93dd7c203900bf3bcfc978573df7571153dee87882a5be37f
1,20260815T152000Z_b0478e7_fft_thrust_fft_thrust_task2_pipeline_benchmark_task2_s04_far,formal,2026-08-15T15:05:00Z,b0478e7c5f1ad93e4cf41827d653d191c4a86804,false,task_scales_formal_v3,baaa5c346f0c31ac4bb1fd1f81069be745425af6b28982a50aa11d42ff41b232,task,Task2.pipeline,Task2,pipeline_total,chirp+gausspulse+sawtooth+square+hamming+firwin+firfilter+cubic+fm_demod+correlate+spectrogram+cwt+argrelextrema+kalman_filter;host:ricker+fusion+observation,task2_pipeline__task2_s04_far__6c71ce0568c1af9c,task2_s04_far,10^3,4096,[4096],FP32,cpu,fft_thrust,compatibility/end-to-end,PASS,OK,20,100,60,81.480617000000009,true,6c71ce0568c1af9c26bafd1863f16500a2c27b85ea9fdca77beb280382188ae3,95061affaa9c6c433499a7a2a8c061a14212e10dfc83a390e93466f1ca5c9c34
1,20260815T152000Z_b0478e7_fft_thrust_fft_thrust_task2_pipeline_benchmark_task2_s04_far,formal,2026-08-15T15:05:00Z,b0478e7c5f1ad93e4cf41827d653d191c4a86804,false,task_scales_formal_v3,baaa5c346f0c31ac4bb1fd1f81069be745425af6b28982a50aa11d42ff41b232,task,Task2.pipeline,Task2,pipeline_total,chirp+gausspulse+sawtooth+square+hamming+firwin+firfilter+cubic+fm_demod+correlate+spectrogram+cwt+argrelextrema+kalman_filter;host:ricker+fusion+observation,task2_pipeline__task2_s04_far__6c71ce0568c1af9c,task2_s04_far,10^3,4096,[4096],FP32,gpu,fft_thrust,compatibility/end-to-end,PASS,OK,20,100,60,11.35539,true,6c71ce0568c1af9c26bafd1863f16500a2c27b85ea9fdca77beb280382188ae3,efb5b8317aaea5b93dd7c203900bf3bcfc978573df7571153dee87882a5be37f
1,20260815T152000Z_b0478e7_fft_thrust_fft_thrust_task2_pipeline_benchmark_task2_s04_far,formal,2026-08-15T15:05:00Z,b0478e7c5f1ad93e4cf41827d653d191c4a86804,false,task_scales_formal_v3,baaa5c346f0c31ac4bb1fd1f81069be745425af6b28982a50aa11d42ff41b232,task,Task2.pipeline,Task2,pipeline_total,chirp+gausspulse+sawtooth+square+hamming+firwin+firfilter+cubic+fm_demod+correlate+spectrogram+cwt+argrelextrema+kalman_filter;host:ricker+fusion+observation,task2_pipeline__task2_s04_far__6c71ce0568c1af9c,task2_s04_far,10^3,4096,[4096],FP32,cpu,fft_thrust,compatibility/end-to-end,PASS,OK,20,100,61,80.845529999999997,true,6c71ce0568c1af9c26bafd1863f16500a2c27b85ea9fdca77beb280382188ae3,95061affaa9c6c433499a7a2a8c061a14212e10dfc83a390e93466f1ca5c9c34
1,20260815T152000Z_b0478e7_fft_thrust_fft_thrust_task2_pipeline_benchmark_task2_s04_far,formal,2026-08-15T15:05:00Z,b0478e7c5f1ad93e4cf41827d653d191c4a86804,false,task_scales_formal_v3,baaa5c346f0c31ac4bb1fd1f81069be745425af6b28982a50aa11d42ff41b232,task,Task2.pipeline,Task2,pipeline_total,chirp+gausspulse+sawtooth+square+hamming+firwin+firfilter+cubic+fm_demod+correlate+spectrogram+cwt+argrelextrema+kalman_filter;host:ricker+fusion+observation,task2_pipeline__task2_s04_far__6c71ce0568c1af9c,task2_s04_far,10^3,4096,[4096],FP32,gpu,fft_thrust,compatibility/end-to-end,PASS,OK,20,100,61,11.424521,true,6c71ce0568c1af9c26bafd1863f16500a2c27b85ea9fdca77beb280382188ae3,efb5b8317aaea5b93dd7c203900bf3bcfc978573df7571153dee87882a5be37f
1,20260815T152000Z_b0478e7_fft_thrust_fft_thrust_task2_pipeline_benchmark_task2_s04_far,formal,2026-08-15T15:05:00Z,b0478e7c5f1ad93e4cf41827d653d191c4a86804,false,task_scales_formal_v3,baaa5c346f0c31ac4bb1fd1f81069be745425af6b28982a50aa11d42ff41b232,task,Task2.pipeline,Task2,pipeline_total,chirp+gausspulse+sawtooth+square+hamming+firwin+firfilter+cubic+fm_demod+correlate+spectrogram+cwt+argrelextrema+kalman_filter;host:ricker+fusion+observation,task2_pipeline__task2_s04_far__6c71ce0568c1af9c,task2_s04_far,10^3,4096,[4096],FP32,cpu,fft_thrust,compatibility/end-to-end,PASS,OK,20,100,62,80.427317000000002,true,6c71ce0568c1af9c26bafd1863f16500a2c27b85ea9fdca77beb280382188ae3,95061affaa9c6c433499a7a2a8c061a14212e10dfc83a390e93466f1ca5c9c34
1,20260815T152000Z_b0478e7_fft_thrust_fft_thrust_task2_pipeline_benchmark_task2_s04_far,formal,2026-08-15T15:05:00Z,b0478e7c5f1ad93e4cf41827d653d191c4a86804,false,task_scales_formal_v3,baaa5c346f0c31ac4bb1fd1f81069be745425af6b28982a50aa11d42ff41b232,task,Task2.pipeline,Task2,pipeline_total,chirp+gausspulse+sawtooth+square+hamming+firwin+firfilter+cubic+fm_demod+correlate+spectrogram+cwt+argrelextrema+kalman_filter;host:ricker+fusion+observation,task2_pipeline__task2_s04_far__6c71ce0568c1af9c,task2_s04_far,10^3,4096,[4096],FP32,gpu,fft_thrust,compatibility/end-to-end,PASS,OK,20,100,62,11.484539999999999,true,6c71ce0568c1af9c26bafd1863f16500a2c27b85ea9fdca77beb280382188ae3,efb5b8317aaea5b93dd7c203900bf3bcfc978573df7571153dee87882a5be37f
1,20260815T152000Z_b0478e7_fft_thrust_fft_thrust_task2_pipeline_benchmark_task2_s04_far,formal,2026-08-15T15:05:00Z,b0478e7c5f1ad93e4cf41827d653d191c4a86804,false,task_scales_formal_v3,baaa5c346f0c31ac4bb1fd1f81069be745425af6b28982a50aa11d42ff41b232,task,Task2.pipeline,Task2,pipeline_total,chirp+gausspulse+sawtooth+square+hamming+firwin+firfilter+cubic+fm_demod+correlate+spectrogram+cwt+argrelextrema+kalman_filter;host:ricker+fusion+observation,task2_pipeline__task2_s04_far__6c71ce0568c1af9c,task2_s04_far,10^3,4096,[4096],FP32,cpu,fft_thrust,compatibility/end-to-end,PASS,OK,20,100,63,80.700907000000001,true,6c71ce0568c1af9c26bafd1863f16500a2c27b85ea9fdca77beb280382188ae3,95061affaa9c6c433499a7a2a8c061a14212e10dfc83a390e93466f1ca5c9c34
1,20260815T152000Z_b0478e7_fft_thrust_fft_thrust_task2_pipeline_benchmark_task2_s04_far,formal,2026-08-15T15:05:00Z,b0478e7c5f1ad93e4cf41827d653d191c4a86804,false,task_scales_formal_v3,baaa5c346f0c31ac4bb1fd1f81069be745425af6b28982a50aa11d42ff41b232,task,Task2.pipeline,Task2,pipeline_total,chirp+gausspulse+sawtooth+square+hamming+firwin+firfilter+cubic+fm_demod+correlate+spectrogram+cwt+argrelextrema+kalman_filter;host:ricker+fusion+observation,task2_pipeline__task2_s04_far__6c71ce0568c1af9c,task2_s04_far,10^3,4096,[4096],FP32,gpu,fft_thrust,compatibility/end-to-end,PASS,OK,20,100,63,11.512321999999999,true,6c71ce0568c1af9c26bafd1863f16500a2c27b85ea9fdca77beb280382188ae3,efb5b8317aaea5b93dd7c203900bf3bcfc978573df7571153dee87882a5be37f
1,20260815T152000Z_b0478e7_fft_thrust_fft_thrust_task2_pipeline_benchmark_task2_s04_far,formal,2026-08-15T15:05:00Z,b0478e7c5f1ad93e4cf41827d653d191c4a86804,false,task_scales_formal_v3,baaa5c346f0c31ac4bb1fd1f81069be745425af6b28982a50aa11d42ff41b232,task,Task2.pipeline,Task2,pipeline_total,chirp+gausspulse+sawtooth+square+hamming+firwin+firfilter+cubic+fm_demod+correlate+spectrogram+cwt+argrelextrema+kalman_filter;host:ricker+fusion+observation,task2_pipeline__task2_s04_far__6c71ce0568c1af9c,task2_s04_far,10^3,4096,[4096],FP32,cpu,fft_thrust,compatibility/end-to-end,PASS,OK,20,100,64,80.204685999999995,true,6c71ce0568c1af9c26bafd1863f16500a2c27b85ea9fdca77beb280382188ae3,95061affaa9c6c433499a7a2a8c061a14212e10dfc83a390e93466f1ca5c9c34
1,20260815T152000Z_b0478e7_fft_thrust_fft_thrust_task2_pipeline_benchmark_task2_s04_far,formal,2026-08-15T15:05:00Z,b0478e7c5f1ad93e4cf41827d653d191c4a86804,false,task_scales_formal_v3,baaa5c346f0c31ac4bb1fd1f81069be745425af6b28982a50aa11d42ff41b232,task,Task2.pipeline,Task2,pipeline_total,chirp+gausspulse+sawtooth+square+hamming+firwin+firfilter+cubic+fm_demod+correlate+spectrogram+cwt+argrelextrema+kalman_filter;host:ricker+fusion+observation,task2_pipeline__task2_s04_far__6c71ce0568c1af9c,task2_s04_far,10^3,4096,[4096],FP32,gpu,fft_thrust,compatibility/end-to-end,PASS,OK,20,100,64,11.489990000000001,true,6c71ce0568c1af9c26bafd1863f16500a2c27b85ea9fdca77beb280382188ae3,efb5b8317aaea5b93dd7c203900bf3bcfc978573df7571153dee87882a5be37f
1,20260815T152000Z_b0478e7_fft_thrust_fft_thrust_task2_pipeline_benchmark_task2_s04_far,formal,2026-08-15T15:05:00Z,b0478e7c5f1ad93e4cf41827d653d191c4a86804,false,task_scales_formal_v3,baaa5c346f0c31ac4bb1fd1f81069be745425af6b28982a50aa11d42ff41b232,task,Task2.pipeline,Task2,pipeline_total,chirp+gausspulse+sawtooth+square+hamming+firwin+firfilter+cubic+fm_demod+correlate+spectrogram+cwt+argrelextrema+kalman_filter;host:ricker+fusion+observation,task2_pipeline__task2_s04_far__6c71ce0568c1af9c,task2_s04_far,10^3,4096,[4096],FP32,cpu,fft_thrust,compatibility/end-to-end,PASS,OK,20,100,65,81.263964999999999,true,6c71ce0568c1af9c26bafd1863f16500a2c27b85ea9fdca77beb280382188ae3,95061affaa9c6c433499a7a2a8c061a14212e10dfc83a390e93466f1ca5c9c34
1,20260815T152000Z_b0478e7_fft_thrust_fft_thrust_task2_pipeline_benchmark_task2_s04_far,formal,2026-08-15T15:05:00Z,b0478e7c5f1ad93e4cf41827d653d191c4a86804,false,task_scales_formal_v3,baaa5c346f0c31ac4bb1fd1f81069be745425af6b28982a50aa11d42ff41b232,task,Task2.pipeline,Task2,pipeline_total,chirp+gausspulse+sawtooth+square+hamming+firwin+firfilter+cubic+fm_demod+correlate+spectrogram+cwt+argrelextrema+kalman_filter;host:ricker+fusion+observation,task2_pipeline__task2_s04_far__6c71ce0568c1af9c,task2_s04_far,10^3,4096,[4096],FP32,gpu,fft_thrust,compatibility/end-to-end,PASS,OK,20,100,65,11.670502000000001,true,6c71ce0568c1af9c26bafd1863f16500a2c27b85ea9fdca77beb280382188ae3,efb5b8317aaea5b93dd7c203900bf3bcfc978573df7571153dee87882a5be37f
1,20260815T152000Z_b0478e7_fft_thrust_fft_thrust_task2_pipeline_benchmark_task2_s04_far,formal,2026-08-15T15:05:00Z,b0478e7c5f1ad93e4cf41827d653d191c4a86804,false,task_scales_formal_v3,baaa5c346f0c31ac4bb1fd1f81069be745425af6b28982a50aa11d42ff41b232,task,Task2.pipeline,Task2,pipeline_total,chirp+gausspulse+sawtooth+square+hamming+firwin+firfilter+cubic+fm_demod+correlate+spectrogram+cwt+argrelextrema+kalman_filter;host:ricker+fusion+observation,task2_pipeline__task2_s04_far__6c71ce0568c1af9c,task2_s04_far,10^3,4096,[4096],FP32,cpu,fft_thrust,compatibility/end-to-end,PASS,OK,20,100,66,80.414097000000012,true,6c71ce0568c1af9c26bafd1863f16500a2c27b85ea9fdca77beb280382188ae3,95061affaa9c6c433499a7a2a8c061a14212e10dfc83a390e93466f1ca5c9c34
1,20260815T152000Z_b0478e7_fft_thrust_fft_thrust_task2_pipeline_benchmark_task2_s04_far,formal,2026-08-15T15:05:00Z,b0478e7c5f1ad93e4cf41827d653d191c4a86804,false,task_scales_formal_v3,baaa5c346f0c31ac4bb1fd1f81069be745425af6b28982a50aa11d42ff41b232,task,Task2.pipeline,Task2,pipeline_total,chirp+gausspulse+sawtooth+square+hamming+firwin+firfilter+cubic+fm_demod+correlate+spectrogram+cwt+argrelextrema+kalman_filter;host:ricker+fusion+observation,task2_pipeline__task2_s04_far__6c71ce0568c1af9c,task2_s04_far,10^3,4096,[4096],FP32,gpu,fft_thrust,compatibility/end-to-end,PASS,OK,20,100,66,11.233509,true,6c71ce0568c1af9c26bafd1863f16500a2c27b85ea9fdca77beb280382188ae3,efb5b8317aaea5b93dd7c203900bf3bcfc978573df7571153dee87882a5be37f
1,20260815T152000Z_b0478e7_fft_thrust_fft_thrust_task2_pipeline_benchmark_task2_s04_far,formal,2026-08-15T15:05:00Z,b0478e7c5f1ad93e4cf41827d653d191c4a86804,false,task_scales_formal_v3,baaa5c346f0c31ac4bb1fd1f81069be745425af6b28982a50aa11d42ff41b232,task,Task2.pipeline,Task2,pipeline_total,chirp+gausspulse+sawtooth+square+hamming+firwin+firfilter+cubic+fm_demod+correlate+spectrogram+cwt+argrelextrema+kalman_filter;host:ricker+fusion+observation,task2_pipeline__task2_s04_far__6c71ce0568c1af9c,task2_s04_far,10^3,4096,[4096],FP32,cpu,fft_thrust,compatibility/end-to-end,PASS,OK,20,100,67,80.210965999999999,true,6c71ce0568c1af9c26bafd1863f16500a2c27b85ea9fdca77beb280382188ae3,95061affaa9c6c433499a7a2a8c061a14212e10dfc83a390e93466f1ca5c9c34
1,20260815T152000Z_b0478e7_fft_thrust_fft_thrust_task2_pipeline_benchmark_task2_s04_far,formal,2026-08-15T15:05:00Z,b0478e7c5f1ad93e4cf41827d653d191c4a86804,false,task_scales_formal_v3,baaa5c346f0c31ac4bb1fd1f81069be745425af6b28982a50aa11d42ff41b232,task,Task2.pipeline,Task2,pipeline_total,chirp+gausspulse+sawtooth+square+hamming+firwin+firfilter+cubic+fm_demod+correlate+spectrogram+cwt+argrelextrema+kalman_filter;host:ricker+fusion+observation,task2_pipeline__task2_s04_far__6c71ce0568c1af9c,task2_s04_far,10^3,4096,[4096],FP32,gpu,fft_thrust,compatibility/end-to-end,PASS,OK,20,100,67,11.553521999999999,true,6c71ce0568c1af9c26bafd1863f16500a2c27b85ea9fdca77beb280382188ae3,efb5b8317aaea5b93dd7c203900bf3bcfc978573df7571153dee87882a5be37f
1,20260815T152000Z_b0478e7_fft_thrust_fft_thrust_task2_pipeline_benchmark_task2_s04_far,formal,2026-08-15T15:05:00Z,b0478e7c5f1ad93e4cf41827d653d191c4a86804,false,task_scales_formal_v3,baaa5c346f0c31ac4bb1fd1f81069be745425af6b28982a50aa11d42ff41b232,task,Task2.pipeline,Task2,pipeline_total,chirp+gausspulse+sawtooth+square+hamming+firwin+firfilter+cubic+fm_demod+correlate+spectrogram+cwt+argrelextrema+kalman_filter;host:ricker+fusion+observation,task2_pipeline__task2_s04_far__6c71ce0568c1af9c,task2_s04_far,10^3,4096,[4096],FP32,cpu,fft_thrust,compatibility/end-to-end,PASS,OK,20,100,68,80.356977999999998,true,6c71ce0568c1af9c26bafd1863f16500a2c27b85ea9fdca77beb280382188ae3,95061affaa9c6c433499a7a2a8c061a14212e10dfc83a390e93466f1ca5c9c34
1,20260815T152000Z_b0478e7_fft_thrust_fft_thrust_task2_pipeline_benchmark_task2_s04_far,formal,2026-08-15T15:05:00Z,b0478e7c5f1ad93e4cf41827d653d191c4a86804,false,task_scales_formal_v3,baaa5c346f0c31ac4bb1fd1f81069be745425af6b28982a50aa11d42ff41b232,task,Task2.pipeline,Task2,pipeline_total,chirp+gausspulse+sawtooth+square+hamming+firwin+firfilter+cubic+fm_demod+correlate+spectrogram+cwt+argrelextrema+kalman_filter;host:ricker+fusion+observation,task2_pipeline__task2_s04_far__6c71ce0568c1af9c,task2_s04_far,10^3,4096,[4096],FP32,gpu,fft_thrust,compatibility/end-to-end,PASS,OK,20,100,68,11.488671,true,6c71ce0568c1af9c26bafd1863f16500a2c27b85ea9fdca77beb280382188ae3,efb5b8317aaea5b93dd7c203900bf3bcfc978573df7571153dee87882a5be37f
1,20260815T152000Z_b0478e7_fft_thrust_fft_thrust_task2_pipeline_benchmark_task2_s04_far,formal,2026-08-15T15:05:00Z,b0478e7c5f1ad93e4cf41827d653d191c4a86804,false,task_scales_formal_v3,baaa5c346f0c31ac4bb1fd1f81069be745425af6b28982a50aa11d42ff41b232,task,Task2.pipeline,Task2,pipeline_total,chirp+gausspulse+sawtooth+square+hamming+firwin+firfilter+cubic+fm_demod+correlate+spectrogram+cwt+argrelextrema+kalman_filter;host:ricker+fusion+observation,task2_pipeline__task2_s04_far__6c71ce0568c1af9c,task2_s04_far,10^3,4096,[4096],FP32,cpu,fft_thrust,compatibility/end-to-end,PASS,OK,20,100,69,80.798300999999995,true,6c71ce0568c1af9c26bafd1863f16500a2c27b85ea9fdca77beb280382188ae3,95061affaa9c6c433499a7a2a8c061a14212e10dfc83a390e93466f1ca5c9c34
1,20260815T152000Z_b0478e7_fft_thrust_fft_thrust_task2_pipeline_benchmark_task2_s04_far,formal,2026-08-15T15:05:00Z,b0478e7c5f1ad93e4cf41827d653d191c4a86804,false,task_scales_formal_v3,baaa5c346f0c31ac4bb1fd1f81069be745425af6b28982a50aa11d42ff41b232,task,Task2.pipeline,Task2,pipeline_total,chirp+gausspulse+sawtooth+square+hamming+firwin+firfilter+cubic+fm_demod+correlate+spectrogram+cwt+argrelextrema+kalman_filter;host:ricker+fusion+observation,task2_pipeline__task2_s04_far__6c71ce0568c1af9c,task2_s04_far,10^3,4096,[4096],FP32,gpu,fft_thrust,compatibility/end-to-end,PASS,OK,20,100,69,11.534951999999999,true,6c71ce0568c1af9c26bafd1863f16500a2c27b85ea9fdca77beb280382188ae3,efb5b8317aaea5b93dd7c203900bf3bcfc978573df7571153dee87882a5be37f
1,20260815T152000Z_b0478e7_fft_thrust_fft_thrust_task2_pipeline_benchmark_task2_s04_far,formal,2026-08-15T15:05:00Z,b0478e7c5f1ad93e4cf41827d653d191c4a86804,false,task_scales_formal_v3,baaa5c346f0c31ac4bb1fd1f81069be745425af6b28982a50aa11d42ff41b232,task,Task2.pipeline,Task2,pipeline_total,chirp+gausspulse+sawtooth+square+hamming+firwin+firfilter+cubic+fm_demod+correlate+spectrogram+cwt+argrelextrema+kalman_filter;host:ricker+fusion+observation,task2_pipeline__task2_s04_far__6c71ce0568c1af9c,task2_s04_far,10^3,4096,[4096],FP32,cpu,fft_thrust,compatibility/end-to-end,PASS,OK,20,100,70,80.691259000000002,true,6c71ce0568c1af9c26bafd1863f16500a2c27b85ea9fdca77beb280382188ae3,95061affaa9c6c433499a7a2a8c061a14212e10dfc83a390e93466f1ca5c9c34
1,20260815T152000Z_b0478e7_fft_thrust_fft_thrust_task2_pipeline_benchmark_task2_s04_far,formal,2026-08-15T15:05:00Z,b0478e7c5f1ad93e4cf41827d653d191c4a86804,false,task_scales_formal_v3,baaa5c346f0c31ac4bb1fd1f81069be745425af6b28982a50aa11d42ff41b232,task,Task2.pipeline,Task2,pipeline_total,chirp+gausspulse+sawtooth+square+hamming+firwin+firfilter+cubic+fm_demod+correlate+spectrogram+cwt+argrelextrema+kalman_filter;host:ricker+fusion+observation,task2_pipeline__task2_s04_far__6c71ce0568c1af9c,task2_s04_far,10^3,4096,[4096],FP32,gpu,fft_thrust,compatibility/end-to-end,PASS,OK,20,100,70,11.670843,true,6c71ce0568c1af9c26bafd1863f16500a2c27b85ea9fdca77beb280382188ae3,efb5b8317aaea5b93dd7c203900bf3bcfc978573df7571153dee87882a5be37f
1,20260815T152000Z_b0478e7_fft_thrust_fft_thrust_task2_pipeline_benchmark_task2_s04_far,formal,2026-08-15T15:05:00Z,b0478e7c5f1ad93e4cf41827d653d191c4a86804,false,task_scales_formal_v3,baaa5c346f0c31ac4bb1fd1f81069be745425af6b28982a50aa11d42ff41b232,task,Task2.pipeline,Task2,pipeline_total,chirp+gausspulse+sawtooth+square+hamming+firwin+firfilter+cubic+fm_demod+correlate+spectrogram+cwt+argrelextrema+kalman_filter;host:ricker+fusion+observation,task2_pipeline__task2_s04_far__6c71ce0568c1af9c,task2_s04_far,10^3,4096,[4096],FP32,cpu,fft_thrust,compatibility/end-to-end,PASS,OK,20,100,71,81.788401000000007,true,6c71ce0568c1af9c26bafd1863f16500a2c27b85ea9fdca77beb280382188ae3,95061affaa9c6c433499a7a2a8c061a14212e10dfc83a390e93466f1ca5c9c34
1,20260815T152000Z_b0478e7_fft_thrust_fft_thrust_task2_pipeline_benchmark_task2_s04_far,formal,2026-08-15T15:05:00Z,b0478e7c5f1ad93e4cf41827d653d191c4a86804,false,task_scales_formal_v3,baaa5c346f0c31ac4bb1fd1f81069be745425af6b28982a50aa11d42ff41b232,task,Task2.pipeline,Task2,pipeline_total,chirp+gausspulse+sawtooth+square+hamming+firwin+firfilter+cubic+fm_demod+correlate+spectrogram+cwt+argrelextrema+kalman_filter;host:ricker+fusion+observation,task2_pipeline__task2_s04_far__6c71ce0568c1af9c,task2_s04_far,10^3,4096,[4096],FP32,gpu,fft_thrust,compatibility/end-to-end,PASS,OK,20,100,71,11.493310000000001,true,6c71ce0568c1af9c26bafd1863f16500a2c27b85ea9fdca77beb280382188ae3,efb5b8317aaea5b93dd7c203900bf3bcfc978573df7571153dee87882a5be37f
1,20260815T152000Z_b0478e7_fft_thrust_fft_thrust_task2_pipeline_benchmark_task2_s04_far,formal,2026-08-15T15:05:00Z,b0478e7c5f1ad93e4cf41827d653d191c4a86804,false,task_scales_formal_v3,baaa5c346f0c31ac4bb1fd1f81069be745425af6b28982a50aa11d42ff41b232,task,Task2.pipeline,Task2,pipeline_total,chirp+gausspulse+sawtooth+square+hamming+firwin+firfilter+cubic+fm_demod+correlate+spectrogram+cwt+argrelextrema+kalman_filter;host:ricker+fusion+observation,task2_pipeline__task2_s04_far__6c71ce0568c1af9c,task2_s04_far,10^3,4096,[4096],FP32,cpu,fft_thrust,compatibility/end-to-end,PASS,OK,20,100,72,82.858636999999987,true,6c71ce0568c1af9c26bafd1863f16500a2c27b85ea9fdca77beb280382188ae3,95061affaa9c6c433499a7a2a8c061a14212e10dfc83a390e93466f1ca5c9c34
1,20260815T152000Z_b0478e7_fft_thrust_fft_thrust_task2_pipeline_benchmark_task2_s04_far,formal,2026-08-15T15:05:00Z,b0478e7c5f1ad93e4cf41827d653d191c4a86804,false,task_scales_formal_v3,baaa5c346f0c31ac4bb1fd1f81069be745425af6b28982a50aa11d42ff41b232,task,Task2.pipeline,Task2,pipeline_total,chirp+gausspulse+sawtooth+square+hamming+firwin+firfilter+cubic+fm_demod+correlate+spectrogram+cwt+argrelextrema+kalman_filter;host:ricker+fusion+observation,task2_pipeline__task2_s04_far__6c71ce0568c1af9c,task2_s04_far,10^3,4096,[4096],FP32,gpu,fft_thrust,compatibility/end-to-end,PASS,OK,20,100,72,11.424660999999999,true,6c71ce0568c1af9c26bafd1863f16500a2c27b85ea9fdca77beb280382188ae3,efb5b8317aaea5b93dd7c203900bf3bcfc978573df7571153dee87882a5be37f
1,20260815T152000Z_b0478e7_fft_thrust_fft_thrust_task2_pipeline_benchmark_task2_s04_far,formal,2026-08-15T15:05:00Z,b0478e7c5f1ad93e4cf41827d653d191c4a86804,false,task_scales_formal_v3,baaa5c346f0c31ac4bb1fd1f81069be745425af6b28982a50aa11d42ff41b232,task,Task2.pipeline,Task2,pipeline_total,chirp+gausspulse+sawtooth+square+hamming+firwin+firfilter+cubic+fm_demod+correlate+spectrogram+cwt+argrelextrema+kalman_filter;host:ricker+fusion+observation,task2_pipeline__task2_s04_far__6c71ce0568c1af9c,task2_s04_far,10^3,4096,[4096],FP32,cpu,fft_thrust,compatibility/end-to-end,PASS,OK,20,100,73,79.912993999999998,true,6c71ce0568c1af9c26bafd1863f16500a2c27b85ea9fdca77beb280382188ae3,95061affaa9c6c433499a7a2a8c061a14212e10dfc83a390e93466f1ca5c9c34
1,20260815T152000Z_b0478e7_fft_thrust_fft_thrust_task2_pipeline_benchmark_task2_s04_far,formal,2026-08-15T15:05:00Z,b0478e7c5f1ad93e4cf41827d653d191c4a86804,false,task_scales_formal_v3,baaa5c346f0c31ac4bb1fd1f81069be745425af6b28982a50aa11d42ff41b232,task,Task2.pipeline,Task2,pipeline_total,chirp+gausspulse+sawtooth+square+hamming+firwin+firfilter+cubic+fm_demod+correlate+spectrogram+cwt+argrelextrema+kalman_filter;host:ricker+fusion+observation,task2_pipeline__task2_s04_far__6c71ce0568c1af9c,task2_s04_far,10^3,4096,[4096],FP32,gpu,fft_thrust,compatibility/end-to-end,PASS,OK,20,100,73,11.189508999999999,true,6c71ce0568c1af9c26bafd1863f16500a2c27b85ea9fdca77beb280382188ae3,efb5b8317aaea5b93dd7c203900bf3bcfc978573df7571153dee87882a5be37f
1,20260815T152000Z_b0478e7_fft_thrust_fft_thrust_task2_pipeline_benchmark_task2_s04_far,formal,2026-08-15T15:05:00Z,b0478e7c5f1ad93e4cf41827d653d191c4a86804,false,task_scales_formal_v3,baaa5c346f0c31ac4bb1fd1f81069be745425af6b28982a50aa11d42ff41b232,task,Task2.pipeline,Task2,pipeline_total,chirp+gausspulse+sawtooth+square+hamming+firwin+firfilter+cubic+fm_demod+correlate+spectrogram+cwt+argrelextrema+kalman_filter;host:ricker+fusion+observation,task2_pipeline__task2_s04_far__6c71ce0568c1af9c,task2_s04_far,10^3,4096,[4096],FP32,cpu,fft_thrust,compatibility/end-to-end,PASS,OK,20,100,74,81.194932999999992,true,6c71ce0568c1af9c26bafd1863f16500a2c27b85ea9fdca77beb280382188ae3,95061affaa9c6c433499a7a2a8c061a14212e10dfc83a390e93466f1ca5c9c34
1,20260815T152000Z_b0478e7_fft_thrust_fft_thrust_task2_pipeline_benchmark_task2_s04_far,formal,2026-08-15T15:05:00Z,b0478e7c5f1ad93e4cf41827d653d191c4a86804,false,task_scales_formal_v3,baaa5c346f0c31ac4bb1fd1f81069be745425af6b28982a50aa11d42ff41b232,task,Task2.pipeline,Task2,pipeline_total,chirp+gausspulse+sawtooth+square+hamming+firwin+firfilter+cubic+fm_demod+correlate+spectrogram+cwt+argrelextrema+kalman_filter;host:ricker+fusion+observation,task2_pipeline__task2_s04_far__6c71ce0568c1af9c,task2_s04_far,10^3,4096,[4096],FP32,gpu,fft_thrust,compatibility/end-to-end,PASS,OK,20,100,74,11.058256999999999,true,6c71ce0568c1af9c26bafd1863f16500a2c27b85ea9fdca77beb280382188ae3,efb5b8317aaea5b93dd7c203900bf3bcfc978573df7571153dee87882a5be37f
1,20260815T152000Z_b0478e7_fft_thrust_fft_thrust_task2_pipeline_benchmark_task2_s04_far,formal,2026-08-15T15:05:00Z,b0478e7c5f1ad93e4cf41827d653d191c4a86804,false,task_scales_formal_v3,baaa5c346f0c31ac4bb1fd1f81069be745425af6b28982a50aa11d42ff41b232,task,Task2.pipeline,Task2,pipeline_total,chirp+gausspulse+sawtooth+square+hamming+firwin+firfilter+cubic+fm_demod+correlate+spectrogram+cwt+argrelextrema+kalman_filter;host:ricker+fusion+observation,task2_pipeline__task2_s04_far__6c71ce0568c1af9c,task2_s04_far,10^3,4096,[4096],FP32,cpu,fft_thrust,compatibility/end-to-end,PASS,OK,20,100,75,80.806659999999994,true,6c71ce0568c1af9c26bafd1863f16500a2c27b85ea9fdca77beb280382188ae3,95061affaa9c6c433499a7a2a8c061a14212e10dfc83a390e93466f1ca5c9c34
1,20260815T152000Z_b0478e7_fft_thrust_fft_thrust_task2_pipeline_benchmark_task2_s04_far,formal,2026-08-15T15:05:00Z,b0478e7c5f1ad93e4cf41827d653d191c4a86804,false,task_scales_formal_v3,baaa5c346f0c31ac4bb1fd1f81069be745425af6b28982a50aa11d42ff41b232,task,Task2.pipeline,Task2,pipeline_total,chirp+gausspulse+sawtooth+square+hamming+firwin+firfilter+cubic+fm_demod+correlate+spectrogram+cwt+argrelextrema+kalman_filter;host:ricker+fusion+observation,task2_pipeline__task2_s04_far__6c71ce0568c1af9c,task2_s04_far,10^3,4096,[4096],FP32,gpu,fft_thrust,compatibility/end-to-end,PASS,OK,20,100,75,11.145738,true,6c71ce0568c1af9c26bafd1863f16500a2c27b85ea9fdca77beb280382188ae3,efb5b8317aaea5b93dd7c203900bf3bcfc978573df7571153dee87882a5be37f
1,20260815T152000Z_b0478e7_fft_thrust_fft_thrust_task2_pipeline_benchmark_task2_s04_far,formal,2026-08-15T15:05:00Z,b0478e7c5f1ad93e4cf41827d653d191c4a86804,false,task_scales_formal_v3,baaa5c346f0c31ac4bb1fd1f81069be745425af6b28982a50aa11d42ff41b232,task,Task2.pipeline,Task2,pipeline_total,chirp+gausspulse+sawtooth+square+hamming+firwin+firfilter+cubic+fm_demod+correlate+spectrogram+cwt+argrelextrema+kalman_filter;host:ricker+fusion+observation,task2_pipeline__task2_s04_far__6c71ce0568c1af9c,task2_s04_far,10^3,4096,[4096],FP32,cpu,fft_thrust,compatibility/end-to-end,PASS,OK,20,100,76,82.231372000000007,true,6c71ce0568c1af9c26bafd1863f16500a2c27b85ea9fdca77beb280382188ae3,95061affaa9c6c433499a7a2a8c061a14212e10dfc83a390e93466f1ca5c9c34
1,20260815T152000Z_b0478e7_fft_thrust_fft_thrust_task2_pipeline_benchmark_task2_s04_far,formal,2026-08-15T15:05:00Z,b0478e7c5f1ad93e4cf41827d653d191c4a86804,false,task_scales_formal_v3,baaa5c346f0c31ac4bb1fd1f81069be745425af6b28982a50aa11d42ff41b232,task,Task2.pipeline,Task2,pipeline_total,chirp+gausspulse+sawtooth+square+hamming+firwin+firfilter+cubic+fm_demod+correlate+spectrogram+cwt+argrelextrema+kalman_filter;host:ricker+fusion+observation,task2_pipeline__task2_s04_far__6c71ce0568c1af9c,task2_s04_far,10^3,4096,[4096],FP32,gpu,fft_thrust,compatibility/end-to-end,PASS,OK,20,100,76,11.503870000000001,true,6c71ce0568c1af9c26bafd1863f16500a2c27b85ea9fdca77beb280382188ae3,efb5b8317aaea5b93dd7c203900bf3bcfc978573df7571153dee87882a5be37f
1,20260815T152000Z_b0478e7_fft_thrust_fft_thrust_task2_pipeline_benchmark_task2_s04_far,formal,2026-08-15T15:05:00Z,b0478e7c5f1ad93e4cf41827d653d191c4a86804,false,task_scales_formal_v3,baaa5c346f0c31ac4bb1fd1f81069be745425af6b28982a50aa11d42ff41b232,task,Task2.pipeline,Task2,pipeline_total,chirp+gausspulse+sawtooth+square+hamming+firwin+firfilter+cubic+fm_demod+correlate+spectrogram+cwt+argrelextrema+kalman_filter;host:ricker+fusion+observation,task2_pipeline__task2_s04_far__6c71ce0568c1af9c,task2_s04_far,10^3,4096,[4096],FP32,cpu,fft_thrust,compatibility/end-to-end,PASS,OK,20,100,77,80.730640000000008,true,6c71ce0568c1af9c26bafd1863f16500a2c27b85ea9fdca77beb280382188ae3,95061affaa9c6c433499a7a2a8c061a14212e10dfc83a390e93466f1ca5c9c34
1,20260815T152000Z_b0478e7_fft_thrust_fft_thrust_task2_pipeline_benchmark_task2_s04_far,formal,2026-08-15T15:05:00Z,b0478e7c5f1ad93e4cf41827d653d191c4a86804,false,task_scales_formal_v3,baaa5c346f0c31ac4bb1fd1f81069be745425af6b28982a50aa11d42ff41b232,task,Task2.pipeline,Task2,pipeline_total,chirp+gausspulse+sawtooth+square+hamming+firwin+firfilter+cubic+fm_demod+correlate+spectrogram+cwt+argrelextrema+kalman_filter;host:ricker+fusion+observation,task2_pipeline__task2_s04_far__6c71ce0568c1af9c,task2_s04_far,10^3,4096,[4096],FP32,gpu,fft_thrust,compatibility/end-to-end,PASS,OK,20,100,77,11.29195,true,6c71ce0568c1af9c26bafd1863f16500a2c27b85ea9fdca77beb280382188ae3,efb5b8317aaea5b93dd7c203900bf3bcfc978573df7571153dee87882a5be37f
1,20260815T152000Z_b0478e7_fft_thrust_fft_thrust_task2_pipeline_benchmark_task2_s04_far,formal,2026-08-15T15:05:00Z,b0478e7c5f1ad93e4cf41827d653d191c4a86804,false,task_scales_formal_v3,baaa5c346f0c31ac4bb1fd1f81069be745425af6b28982a50aa11d42ff41b232,task,Task2.pipeline,Task2,pipeline_total,chirp+gausspulse+sawtooth+square+hamming+firwin+firfilter+cubic+fm_demod+correlate+spectrogram+cwt+argrelextrema+kalman_filter;host:ricker+fusion+observation,task2_pipeline__task2_s04_far__6c71ce0568c1af9c,task2_s04_far,10^3,4096,[4096],FP32,cpu,fft_thrust,compatibility/end-to-end,PASS,OK,20,100,78,80.707898,true,6c71ce0568c1af9c26bafd1863f16500a2c27b85ea9fdca77beb280382188ae3,95061affaa9c6c433499a7a2a8c061a14212e10dfc83a390e93466f1ca5c9c34
1,20260815T152000Z_b0478e7_fft_thrust_fft_thrust_task2_pipeline_benchmark_task2_s04_far,formal,2026-08-15T15:05:00Z,b0478e7c5f1ad93e4cf41827d653d191c4a86804,false,task_scales_formal_v3,baaa5c346f0c31ac4bb1fd1f81069be745425af6b28982a50aa11d42ff41b232,task,Task2.pipeline,Task2,pipeline_total,chirp+gausspulse+sawtooth+square+hamming+firwin+firfilter+cubic+fm_demod+correlate+spectrogram+cwt+argrelextrema+kalman_filter;host:ricker+fusion+observation,task2_pipeline__task2_s04_far__6c71ce0568c1af9c,task2_s04_far,10^3,4096,[4096],FP32,gpu,fft_thrust,compatibility/end-to-end,PASS,OK,20,100,78,11.50122,true,6c71ce0568c1af9c26bafd1863f16500a2c27b85ea9fdca77beb280382188ae3,efb5b8317aaea5b93dd7c203900bf3bcfc978573df7571153dee87882a5be37f
1,20260815T152000Z_b0478e7_fft_thrust_fft_thrust_task2_pipeline_benchmark_task2_s04_far,formal,2026-08-15T15:05:00Z,b0478e7c5f1ad93e4cf41827d653d191c4a86804,false,task_scales_formal_v3,baaa5c346f0c31ac4bb1fd1f81069be745425af6b28982a50aa11d42ff41b232,task,Task2.pipeline,Task2,pipeline_total,chirp+gausspulse+sawtooth+square+hamming+firwin+firfilter+cubic+fm_demod+correlate+spectrogram+cwt+argrelextrema+kalman_filter;host:ricker+fusion+observation,task2_pipeline__task2_s04_far__6c71ce0568c1af9c,task2_s04_far,10^3,4096,[4096],FP32,cpu,fft_thrust,compatibility/end-to-end,PASS,OK,20,100,79,80.433566999999996,true,6c71ce0568c1af9c26bafd1863f16500a2c27b85ea9fdca77beb280382188ae3,95061affaa9c6c433499a7a2a8c061a14212e10dfc83a390e93466f1ca5c9c34
1,20260815T152000Z_b0478e7_fft_thrust_fft_thrust_task2_pipeline_benchmark_task2_s04_far,formal,2026-08-15T15:05:00Z,b0478e7c5f1ad93e4cf41827d653d191c4a86804,false,task_scales_formal_v3,baaa5c346f0c31ac4bb1fd1f81069be745425af6b28982a50aa11d42ff41b232,task,Task2.pipeline,Task2,pipeline_total,chirp+gausspulse+sawtooth+square+hamming+firwin+firfilter+cubic+fm_demod+correlate+spectrogram+cwt+argrelextrema+kalman_filter;host:ricker+fusion+observation,task2_pipeline__task2_s04_far__6c71ce0568c1af9c,task2_s04_far,10^3,4096,[4096],FP32,gpu,fft_thrust,compatibility/end-to-end,PASS,OK,20,100,79,11.444320000000001,true,6c71ce0568c1af9c26bafd1863f16500a2c27b85ea9fdca77beb280382188ae3,efb5b8317aaea5b93dd7c203900bf3bcfc978573df7571153dee87882a5be37f
1,20260815T152000Z_b0478e7_fft_thrust_fft_thrust_task2_pipeline_benchmark_task2_s04_far,formal,2026-08-15T15:05:00Z,b0478e7c5f1ad93e4cf41827d653d191c4a86804,false,task_scales_formal_v3,baaa5c346f0c31ac4bb1fd1f81069be745425af6b28982a50aa11d42ff41b232,task,Task2.pipeline,Task2,pipeline_total,chirp+gausspulse+sawtooth+square+hamming+firwin+firfilter+cubic+fm_demod+correlate+spectrogram+cwt+argrelextrema+kalman_filter;host:ricker+fusion+observation,task2_pipeline__task2_s04_far__6c71ce0568c1af9c,task2_s04_far,10^3,4096,[4096],FP32,cpu,fft_thrust,compatibility/end-to-end,PASS,OK,20,100,80,80.827399999999997,true,6c71ce0568c1af9c26bafd1863f16500a2c27b85ea9fdca77beb280382188ae3,95061affaa9c6c433499a7a2a8c061a14212e10dfc83a390e93466f1ca5c9c34
1,20260815T152000Z_b0478e7_fft_thrust_fft_thrust_task2_pipeline_benchmark_task2_s04_far,formal,2026-08-15T15:05:00Z,b0478e7c5f1ad93e4cf41827d653d191c4a86804,false,task_scales_formal_v3,baaa5c346f0c31ac4bb1fd1f81069be745425af6b28982a50aa11d42ff41b232,task,Task2.pipeline,Task2,pipeline_total,chirp+gausspulse+sawtooth+square+hamming+firwin+firfilter+cubic+fm_demod+correlate+spectrogram+cwt+argrelextrema+kalman_filter;host:ricker+fusion+observation,task2_pipeline__task2_s04_far__6c71ce0568c1af9c,task2_s04_far,10^3,4096,[4096],FP32,gpu,fft_thrust,compatibility/end-to-end,PASS,OK,20,100,80,10.989836,true,6c71ce0568c1af9c26bafd1863f16500a2c27b85ea9fdca77beb280382188ae3,efb5b8317aaea5b93dd7c203900bf3bcfc978573df7571153dee87882a5be37f
1,20260815T152000Z_b0478e7_fft_thrust_fft_thrust_task2_pipeline_benchmark_task2_s04_far,formal,2026-08-15T15:05:00Z,b0478e7c5f1ad93e4cf41827d653d191c4a86804,false,task_scales_formal_v3,baaa5c346f0c31ac4bb1fd1f81069be745425af6b28982a50aa11d42ff41b232,task,Task2.pipeline,Task2,pipeline_total,chirp+gausspulse+sawtooth+square+hamming+firwin+firfilter+cubic+fm_demod+correlate+spectrogram+cwt+argrelextrema+kalman_filter;host:ricker+fusion+observation,task2_pipeline__task2_s04_far__6c71ce0568c1af9c,task2_s04_far,10^3,4096,[4096],FP32,cpu,fft_thrust,compatibility/end-to-end,PASS,OK,20,100,81,80.356358,true,6c71ce0568c1af9c26bafd1863f16500a2c27b85ea9fdca77beb280382188ae3,95061affaa9c6c433499a7a2a8c061a14212e10dfc83a390e93466f1ca5c9c34
1,20260815T152000Z_b0478e7_fft_thrust_fft_thrust_task2_pipeline_benchmark_task2_s04_far,formal,2026-08-15T15:05:00Z,b0478e7c5f1ad93e4cf41827d653d191c4a86804,false,task_scales_formal_v3,baaa5c346f0c31ac4bb1fd1f81069be745425af6b28982a50aa11d42ff41b232,task,Task2.pipeline,Task2,pipeline_total,chirp+gausspulse+sawtooth+square+hamming+firwin+firfilter+cubic+fm_demod+correlate+spectrogram+cwt+argrelextrema+kalman_filter;host:ricker+fusion+observation,task2_pipeline__task2_s04_far__6c71ce0568c1af9c,task2_s04_far,10^3,4096,[4096],FP32,gpu,fft_thrust,compatibility/end-to-end,PASS,OK,20,100,81,10.732954999999999,true,6c71ce0568c1af9c26bafd1863f16500a2c27b85ea9fdca77beb280382188ae3,efb5b8317aaea5b93dd7c203900bf3bcfc978573df7571153dee87882a5be37f
1,20260815T152000Z_b0478e7_fft_thrust_fft_thrust_task2_pipeline_benchmark_task2_s04_far,formal,2026-08-15T15:05:00Z,b0478e7c5f1ad93e4cf41827d653d191c4a86804,false,task_scales_formal_v3,baaa5c346f0c31ac4bb1fd1f81069be745425af6b28982a50aa11d42ff41b232,task,Task2.pipeline,Task2,pipeline_total,chirp+gausspulse+sawtooth+square+hamming+firwin+firfilter+cubic+fm_demod+correlate+spectrogram+cwt+argrelextrema+kalman_filter;host:ricker+fusion+observation,task2_pipeline__task2_s04_far__6c71ce0568c1af9c,task2_s04_far,10^3,4096,[4096],FP32,cpu,fft_thrust,compatibility/end-to-end,PASS,OK,20,100,82,80.298405000000002,true,6c71ce0568c1af9c26bafd1863f16500a2c27b85ea9fdca77beb280382188ae3,95061affaa9c6c433499a7a2a8c061a14212e10dfc83a390e93466f1ca5c9c34
1,20260815T152000Z_b0478e7_fft_thrust_fft_thrust_task2_pipeline_benchmark_task2_s04_far,formal,2026-08-15T15:05:00Z,b0478e7c5f1ad93e4cf41827d653d191c4a86804,false,task_scales_formal_v3,baaa5c346f0c31ac4bb1fd1f81069be745425af6b28982a50aa11d42ff41b232,task,Task2.pipeline,Task2,pipeline_total,chirp+gausspulse+sawtooth+square+hamming+firwin+firfilter+cubic+fm_demod+correlate+spectrogram+cwt+argrelextrema+kalman_filter;host:ricker+fusion+observation,task2_pipeline__task2_s04_far__6c71ce0568c1af9c,task2_s04_far,10^3,4096,[4096],FP32,gpu,fft_thrust,compatibility/end-to-end,PASS,OK,20,100,82,10.888116,true,6c71ce0568c1af9c26bafd1863f16500a2c27b85ea9fdca77beb280382188ae3,efb5b8317aaea5b93dd7c203900bf3bcfc978573df7571153dee87882a5be37f
1,20260815T152000Z_b0478e7_fft_thrust_fft_thrust_task2_pipeline_benchmark_task2_s04_far,formal,2026-08-15T15:05:00Z,b0478e7c5f1ad93e4cf41827d653d191c4a86804,false,task_scales_formal_v3,baaa5c346f0c31ac4bb1fd1f81069be745425af6b28982a50aa11d42ff41b232,task,Task2.pipeline,Task2,pipeline_total,chirp+gausspulse+sawtooth+square+hamming+firwin+firfilter+cubic+fm_demod+correlate+spectrogram+cwt+argrelextrema+kalman_filter;host:ricker+fusion+observation,task2_pipeline__task2_s04_far__6c71ce0568c1af9c,task2_s04_far,10^3,4096,[4096],FP32,cpu,fft_thrust,compatibility/end-to-end,PASS,OK,20,100,83,80.391457000000003,true,6c71ce0568c1af9c26bafd1863f16500a2c27b85ea9fdca77beb280382188ae3,95061affaa9c6c433499a7a2a8c061a14212e10dfc83a390e93466f1ca5c9c34
1,20260815T152000Z_b0478e7_fft_thrust_fft_thrust_task2_pipeline_benchmark_task2_s04_far,formal,2026-08-15T15:05:00Z,b0478e7c5f1ad93e4cf41827d653d191c4a86804,false,task_scales_formal_v3,baaa5c346f0c31ac4bb1fd1f81069be745425af6b28982a50aa11d42ff41b232,task,Task2.pipeline,Task2,pipeline_total,chirp+gausspulse+sawtooth+square+hamming+firwin+firfilter+cubic+fm_demod+correlate+spectrogram+cwt+argrelextrema+kalman_filter;host:ricker+fusion+observation,task2_pipeline__task2_s04_far__6c71ce0568c1af9c,task2_s04_far,10^3,4096,[4096],FP32,gpu,fft_thrust,compatibility/end-to-end,PASS,OK,20,100,83,10.810735000000001,true,6c71ce0568c1af9c26bafd1863f16500a2c27b85ea9fdca77beb280382188ae3,efb5b8317aaea5b93dd7c203900bf3bcfc978573df7571153dee87882a5be37f
1,20260815T152000Z_b0478e7_fft_thrust_fft_thrust_task2_pipeline_benchmark_task2_s04_far,formal,2026-08-15T15:05:00Z,b0478e7c5f1ad93e4cf41827d653d191c4a86804,false,task_scales_formal_v3,baaa5c346f0c31ac4bb1fd1f81069be745425af6b28982a50aa11d42ff41b232,task,Task2.pipeline,Task2,pipeline_total,chirp+gausspulse+sawtooth+square+hamming+firwin+firfilter+cubic+fm_demod+correlate+spectrogram+cwt+argrelextrema+kalman_filter;host:ricker+fusion+observation,task2_pipeline__task2_s04_far__6c71ce0568c1af9c,task2_s04_far,10^3,4096,[4096],FP32,cpu,fft_thrust,compatibility/end-to-end,PASS,OK,20,100,84,80.591317000000004,true,6c71ce0568c1af9c26bafd1863f16500a2c27b85ea9fdca77beb280382188ae3,95061affaa9c6c433499a7a2a8c061a14212e10dfc83a390e93466f1ca5c9c34
1,20260815T152000Z_b0478e7_fft_thrust_fft_thrust_task2_pipeline_benchmark_task2_s04_far,formal,2026-08-15T15:05:00Z,b0478e7c5f1ad93e4cf41827d653d191c4a86804,false,task_scales_formal_v3,baaa5c346f0c31ac4bb1fd1f81069be745425af6b28982a50aa11d42ff41b232,task,Task2.pipeline,Task2,pipeline_total,chirp+gausspulse+sawtooth+square+hamming+firwin+firfilter+cubic+fm_demod+correlate+spectrogram+cwt+argrelextrema+kalman_filter;host:ricker+fusion+observation,task2_pipeline__task2_s04_far__6c71ce0568c1af9c,task2_s04_far,10^3,4096,[4096],FP32,gpu,fft_thrust,compatibility/end-to-end,PASS,OK,20,100,84,11.040048000000001,true,6c71ce0568c1af9c26bafd1863f16500a2c27b85ea9fdca77beb280382188ae3,efb5b8317aaea5b93dd7c203900bf3bcfc978573df7571153dee87882a5be37f
1,20260815T152000Z_b0478e7_fft_thrust_fft_thrust_task2_pipeline_benchmark_task2_s04_far,formal,2026-08-15T15:05:00Z,b0478e7c5f1ad93e4cf41827d653d191c4a86804,false,task_scales_formal_v3,baaa5c346f0c31ac4bb1fd1f81069be745425af6b28982a50aa11d42ff41b232,task,Task2.pipeline,Task2,pipeline_total,chirp+gausspulse+sawtooth+square+hamming+firwin+firfilter+cubic+fm_demod+correlate+spectrogram+cwt+argrelextrema+kalman_filter;host:ricker+fusion+observation,task2_pipeline__task2_s04_far__6c71ce0568c1af9c,task2_s04_far,10^3,4096,[4096],FP32,cpu,fft_thrust,compatibility/end-to-end,PASS,OK,20,100,85,80.637258000000003,true,6c71ce0568c1af9c26bafd1863f16500a2c27b85ea9fdca77beb280382188ae3,95061affaa9c6c433499a7a2a8c061a14212e10dfc83a390e93466f1ca5c9c34
1,20260815T152000Z_b0478e7_fft_thrust_fft_thrust_task2_pipeline_benchmark_task2_s04_far,formal,2026-08-15T15:05:00Z,b0478e7c5f1ad93e4cf41827d653d191c4a86804,false,task_scales_formal_v3,baaa5c346f0c31ac4bb1fd1f81069be745425af6b28982a50aa11d42ff41b232,task,Task2.pipeline,Task2,pipeline_total,chirp+gausspulse+sawtooth+square+hamming+firwin+firfilter+cubic+fm_demod+correlate+spectrogram+cwt+argrelextrema+kalman_filter;host:ricker+fusion+observation,task2_pipeline__task2_s04_far__6c71ce0568c1af9c,task2_s04_far,10^3,4096,[4096],FP32,gpu,fft_thrust,compatibility/end-to-end,PASS,OK,20,100,85,10.895806,true,6c71ce0568c1af9c26bafd1863f16500a2c27b85ea9fdca77beb280382188ae3,efb5b8317aaea5b93dd7c203900bf3bcfc978573df7571153dee87882a5be37f
1,20260815T152000Z_b0478e7_fft_thrust_fft_thrust_task2_pipeline_benchmark_task2_s04_far,formal,2026-08-15T15:05:00Z,b0478e7c5f1ad93e4cf41827d653d191c4a86804,false,task_scales_formal_v3,baaa5c346f0c31ac4bb1fd1f81069be745425af6b28982a50aa11d42ff41b232,task,Task2.pipeline,Task2,pipeline_total,chirp+gausspulse+sawtooth+square+hamming+firwin+firfilter+cubic+fm_demod+correlate+spectrogram+cwt+argrelextrema+kalman_filter;host:ricker+fusion+observation,task2_pipeline__task2_s04_far__6c71ce0568c1af9c,task2_s04_far,10^3,4096,[4096],FP32,cpu,fft_thrust,compatibility/end-to-end,PASS,OK,20,100,86,81.183395000000004,true,6c71ce0568c1af9c26bafd1863f16500a2c27b85ea9fdca77beb280382188ae3,95061affaa9c6c433499a7a2a8c061a14212e10dfc83a390e93466f1ca5c9c34
1,20260815T152000Z_b0478e7_fft_thrust_fft_thrust_task2_pipeline_benchmark_task2_s04_far,formal,2026-08-15T15:05:00Z,b0478e7c5f1ad93e4cf41827d653d191c4a86804,false,task_scales_formal_v3,baaa5c346f0c31ac4bb1fd1f81069be745425af6b28982a50aa11d42ff41b232,task,Task2.pipeline,Task2,pipeline_total,chirp+gausspulse+sawtooth+square+hamming+firwin+firfilter+cubic+fm_demod+correlate+spectrogram+cwt+argrelextrema+kalman_filter;host:ricker+fusion+observation,task2_pipeline__task2_s04_far__6c71ce0568c1af9c,task2_s04_far,10^3,4096,[4096],FP32,gpu,fft_thrust,compatibility/end-to-end,PASS,OK,20,100,86,10.862634,true,6c71ce0568c1af9c26bafd1863f16500a2c27b85ea9fdca77beb280382188ae3,efb5b8317aaea5b93dd7c203900bf3bcfc978573df7571153dee87882a5be37f
1,20260815T152000Z_b0478e7_fft_thrust_fft_thrust_task2_pipeline_benchmark_task2_s04_far,formal,2026-08-15T15:05:00Z,b0478e7c5f1ad93e4cf41827d653d191c4a86804,false,task_scales_formal_v3,baaa5c346f0c31ac4bb1fd1f81069be745425af6b28982a50aa11d42ff41b232,task,Task2.pipeline,Task2,pipeline_total,chirp+gausspulse+sawtooth+square+hamming+firwin+firfilter+cubic+fm_demod+correlate+spectrogram+cwt+argrelextrema+kalman_filter;host:ricker+fusion+observation,task2_pipeline__task2_s04_far__6c71ce0568c1af9c,task2_s04_far,10^3,4096,[4096],FP32,cpu,fft_thrust,compatibility/end-to-end,PASS,OK,20,100,87,80.79374,true,6c71ce0568c1af9c26bafd1863f16500a2c27b85ea9fdca77beb280382188ae3,95061affaa9c6c433499a7a2a8c061a14212e10dfc83a390e93466f1ca5c9c34
1,20260815T152000Z_b0478e7_fft_thrust_fft_thrust_task2_pipeline_benchmark_task2_s04_far,formal,2026-08-15T15:05:00Z,b0478e7c5f1ad93e4cf41827d653d191c4a86804,false,task_scales_formal_v3,baaa5c346f0c31ac4bb1fd1f81069be745425af6b28982a50aa11d42ff41b232,task,Task2.pipeline,Task2,pipeline_total,chirp+gausspulse+sawtooth+square+hamming+firwin+firfilter+cubic+fm_demod+correlate+spectrogram+cwt+argrelextrema+kalman_filter;host:ricker+fusion+observation,task2_pipeline__task2_s04_far__6c71ce0568c1af9c,task2_s04_far,10^3,4096,[4096],FP32,gpu,fft_thrust,compatibility/end-to-end,PASS,OK,20,100,87,11.059188000000001,true,6c71ce0568c1af9c26bafd1863f16500a2c27b85ea9fdca77beb280382188ae3,efb5b8317aaea5b93dd7c203900bf3bcfc978573df7571153dee87882a5be37f
1,20260815T152000Z_b0478e7_fft_thrust_fft_thrust_task2_pipeline_benchmark_task2_s04_far,formal,2026-08-15T15:05:00Z,b0478e7c5f1ad93e4cf41827d653d191c4a86804,false,task_scales_formal_v3,baaa5c346f0c31ac4bb1fd1f81069be745425af6b28982a50aa11d42ff41b232,task,Task2.pipeline,Task2,pipeline_total,chirp+gausspulse+sawtooth+square+hamming+firwin+firfilter+cubic+fm_demod+correlate+spectrogram+cwt+argrelextrema+kalman_filter;host:ricker+fusion+observation,task2_pipeline__task2_s04_far__6c71ce0568c1af9c,task2_s04_far,10^3,4096,[4096],FP32,cpu,fft_thrust,compatibility/end-to-end,PASS,OK,20,100,88,81.584446999999997,true,6c71ce0568c1af9c26bafd1863f16500a2c27b85ea9fdca77beb280382188ae3,95061affaa9c6c433499a7a2a8c061a14212e10dfc83a390e93466f1ca5c9c34
1,20260815T152000Z_b0478e7_fft_thrust_fft_thrust_task2_pipeline_benchmark_task2_s04_far,formal,2026-08-15T15:05:00Z,b0478e7c5f1ad93e4cf41827d653d191c4a86804,false,task_scales_formal_v3,baaa5c346f0c31ac4bb1fd1f81069be745425af6b28982a50aa11d42ff41b232,task,Task2.pipeline,Task2,pipeline_total,chirp+gausspulse+sawtooth+square+hamming+firwin+firfilter+cubic+fm_demod+correlate+spectrogram+cwt+argrelextrema+kalman_filter;host:ricker+fusion+observation,task2_pipeline__task2_s04_far__6c71ce0568c1af9c,task2_s04_far,10^3,4096,[4096],FP32,gpu,fft_thrust,compatibility/end-to-end,PASS,OK,20,100,88,10.914576,true,6c71ce0568c1af9c26bafd1863f16500a2c27b85ea9fdca77beb280382188ae3,efb5b8317aaea5b93dd7c203900bf3bcfc978573df7571153dee87882a5be37f
1,20260815T152000Z_b0478e7_fft_thrust_fft_thrust_task2_pipeline_benchmark_task2_s04_far,formal,2026-08-15T15:05:00Z,b0478e7c5f1ad93e4cf41827d653d191c4a86804,false,task_scales_formal_v3,baaa5c346f0c31ac4bb1fd1f81069be745425af6b28982a50aa11d42ff41b232,task,Task2.pipeline,Task2,pipeline_total,chirp+gausspulse+sawtooth+square+hamming+firwin+firfilter+cubic+fm_demod+correlate+spectrogram+cwt+argrelextrema+kalman_filter;host:ricker+fusion+observation,task2_pipeline__task2_s04_far__6c71ce0568c1af9c,task2_s04_far,10^3,4096,[4096],FP32,cpu,fft_thrust,compatibility/end-to-end,PASS,OK,20,100,89,80.666970000000006,true,6c71ce0568c1af9c26bafd1863f16500a2c27b85ea9fdca77beb280382188ae3,95061affaa9c6c433499a7a2a8c061a14212e10dfc83a390e93466f1ca5c9c34
1,20260815T152000Z_b0478e7_fft_thrust_fft_thrust_task2_pipeline_benchmark_task2_s04_far,formal,2026-08-15T15:05:00Z,b0478e7c5f1ad93e4cf41827d653d191c4a86804,false,task_scales_formal_v3,baaa5c346f0c31ac4bb1fd1f81069be745425af6b28982a50aa11d42ff41b232,task,Task2.pipeline,Task2,pipeline_total,chirp+gausspulse+sawtooth+square+hamming+firwin+firfilter+cubic+fm_demod+correlate+spectrogram+cwt+argrelextrema+kalman_filter;host:ricker+fusion+observation,task2_pipeline__task2_s04_far__6c71ce0568c1af9c,task2_s04_far,10^3,4096,[4096],FP32,gpu,fft_thrust,compatibility/end-to-end,PASS,OK,20,100,89,10.865914,true,6c71ce0568c1af9c26bafd1863f16500a2c27b85ea9fdca77beb280382188ae3,efb5b8317aaea5b93dd7c203900bf3bcfc978573df7571153dee87882a5be37f
1,20260815T152000Z_b0478e7_fft_thrust_fft_thrust_task2_pipeline_benchmark_task2_s04_far,formal,2026-08-15T15:05:00Z,b0478e7c5f1ad93e4cf41827d653d191c4a86804,false,task_scales_formal_v3,baaa5c346f0c31ac4bb1fd1f81069be745425af6b28982a50aa11d42ff41b232,task,Task2.pipeline,Task2,pipeline_total,chirp+gausspulse+sawtooth+square+hamming+firwin+firfilter+cubic+fm_demod+correlate+spectrogram+cwt+argrelextrema+kalman_filter;host:ricker+fusion+observation,task2_pipeline__task2_s04_far__6c71ce0568c1af9c,task2_s04_far,10^3,4096,[4096],FP32,cpu,fft_thrust,compatibility/end-to-end,PASS,OK,20,100,90,81.754540000000006,true,6c71ce0568c1af9c26bafd1863f16500a2c27b85ea9fdca77beb280382188ae3,95061affaa9c6c433499a7a2a8c061a14212e10dfc83a390e93466f1ca5c9c34
1,20260815T152000Z_b0478e7_fft_thrust_fft_thrust_task2_pipeline_benchmark_task2_s04_far,formal,2026-08-15T15:05:00Z,b0478e7c5f1ad93e4cf41827d653d191c4a86804,false,task_scales_formal_v3,baaa5c346f0c31ac4bb1fd1f81069be745425af6b28982a50aa11d42ff41b232,task,Task2.pipeline,Task2,pipeline_total,chirp+gausspulse+sawtooth+square+hamming+firwin+firfilter+cubic+fm_demod+correlate+spectrogram+cwt+argrelextrema+kalman_filter;host:ricker+fusion+observation,task2_pipeline__task2_s04_far__6c71ce0568c1af9c,task2_s04_far,10^3,4096,[4096],FP32,gpu,fft_thrust,compatibility/end-to-end,PASS,OK,20,100,90,10.995507,true,6c71ce0568c1af9c26bafd1863f16500a2c27b85ea9fdca77beb280382188ae3,efb5b8317aaea5b93dd7c203900bf3bcfc978573df7571153dee87882a5be37f
1,20260815T152000Z_b0478e7_fft_thrust_fft_thrust_task2_pipeline_benchmark_task2_s04_far,formal,2026-08-15T15:05:00Z,b0478e7c5f1ad93e4cf41827d653d191c4a86804,false,task_scales_formal_v3,baaa5c346f0c31ac4bb1fd1f81069be745425af6b28982a50aa11d42ff41b232,task,Task2.pipeline,Task2,pipeline_total,chirp+gausspulse+sawtooth+square+hamming+firwin+firfilter+cubic+fm_demod+correlate+spectrogram+cwt+argrelextrema+kalman_filter;host:ricker+fusion+observation,task2_pipeline__task2_s04_far__6c71ce0568c1af9c,task2_s04_far,10^3,4096,[4096],FP32,cpu,fft_thrust,compatibility/end-to-end,PASS,OK,20,100,91,79.986944000000008,true,6c71ce0568c1af9c26bafd1863f16500a2c27b85ea9fdca77beb280382188ae3,95061affaa9c6c433499a7a2a8c061a14212e10dfc83a390e93466f1ca5c9c34
1,20260815T152000Z_b0478e7_fft_thrust_fft_thrust_task2_pipeline_benchmark_task2_s04_far,formal,2026-08-15T15:05:00Z,b0478e7c5f1ad93e4cf41827d653d191c4a86804,false,task_scales_formal_v3,baaa5c346f0c31ac4bb1fd1f81069be745425af6b28982a50aa11d42ff41b232,task,Task2.pipeline,Task2,pipeline_total,chirp+gausspulse+sawtooth+square+hamming+firwin+firfilter+cubic+fm_demod+correlate+spectrogram+cwt+argrelextrema+kalman_filter;host:ricker+fusion+observation,task2_pipeline__task2_s04_far__6c71ce0568c1af9c,task2_s04_far,10^3,4096,[4096],FP32,gpu,fft_thrust,compatibility/end-to-end,PASS,OK,20,100,91,10.953116,true,6c71ce0568c1af9c26bafd1863f16500a2c27b85ea9fdca77beb280382188ae3,efb5b8317aaea5b93dd7c203900bf3bcfc978573df7571153dee87882a5be37f
1,20260815T152000Z_b0478e7_fft_thrust_fft_thrust_task2_pipeline_benchmark_task2_s04_far,formal,2026-08-15T15:05:00Z,b0478e7c5f1ad93e4cf41827d653d191c4a86804,false,task_scales_formal_v3,baaa5c346f0c31ac4bb1fd1f81069be745425af6b28982a50aa11d42ff41b232,task,Task2.pipeline,Task2,pipeline_total,chirp+gausspulse+sawtooth+square+hamming+firwin+firfilter+cubic+fm_demod+correlate+spectrogram+cwt+argrelextrema+kalman_filter;host:ricker+fusion+observation,task2_pipeline__task2_s04_far__6c71ce0568c1af9c,task2_s04_far,10^3,4096,[4096],FP32,cpu,fft_thrust,compatibility/end-to-end,PASS,OK,20,100,92,80.258777999999992,true,6c71ce0568c1af9c26bafd1863f16500a2c27b85ea9fdca77beb280382188ae3,95061affaa9c6c433499a7a2a8c061a14212e10dfc83a390e93466f1ca5c9c34
1,20260815T152000Z_b0478e7_fft_thrust_fft_thrust_task2_pipeline_benchmark_task2_s04_far,formal,2026-08-15T15:05:00Z,b0478e7c5f1ad93e4cf41827d653d191c4a86804,false,task_scales_formal_v3,baaa5c346f0c31ac4bb1fd1f81069be745425af6b28982a50aa11d42ff41b232,task,Task2.pipeline,Task2,pipeline_total,chirp+gausspulse+sawtooth+square+hamming+firwin+firfilter+cubic+fm_demod+correlate+spectrogram+cwt+argrelextrema+kalman_filter;host:ricker+fusion+observation,task2_pipeline__task2_s04_far__6c71ce0568c1af9c,task2_s04_far,10^3,4096,[4096],FP32,gpu,fft_thrust,compatibility/end-to-end,PASS,OK,20,100,92,10.813986,true,6c71ce0568c1af9c26bafd1863f16500a2c27b85ea9fdca77beb280382188ae3,efb5b8317aaea5b93dd7c203900bf3bcfc978573df7571153dee87882a5be37f
1,20260815T152000Z_b0478e7_fft_thrust_fft_thrust_task2_pipeline_benchmark_task2_s04_far,formal,2026-08-15T15:05:00Z,b0478e7c5f1ad93e4cf41827d653d191c4a86804,false,task_scales_formal_v3,baaa5c346f0c31ac4bb1fd1f81069be745425af6b28982a50aa11d42ff41b232,task,Task2.pipeline,Task2,pipeline_total,chirp+gausspulse+sawtooth+square+hamming+firwin+firfilter+cubic+fm_demod+correlate+spectrogram+cwt+argrelextrema+kalman_filter;host:ricker+fusion+observation,task2_pipeline__task2_s04_far__6c71ce0568c1af9c,task2_s04_far,10^3,4096,[4096],FP32,cpu,fft_thrust,compatibility/end-to-end,PASS,OK,20,100,93,81.002780999999999,true,6c71ce0568c1af9c26bafd1863f16500a2c27b85ea9fdca77beb280382188ae3,95061affaa9c6c433499a7a2a8c061a14212e10dfc83a390e93466f1ca5c9c34
1,20260815T152000Z_b0478e7_fft_thrust_fft_thrust_task2_pipeline_benchmark_task2_s04_far,formal,2026-08-15T15:05:00Z,b0478e7c5f1ad93e4cf41827d653d191c4a86804,false,task_scales_formal_v3,baaa5c346f0c31ac4bb1fd1f81069be745425af6b28982a50aa11d42ff41b232,task,Task2.pipeline,Task2,pipeline_total,chirp+gausspulse+sawtooth+square+hamming+firwin+firfilter+cubic+fm_demod+correlate+spectrogram+cwt+argrelextrema+kalman_filter;host:ricker+fusion+observation,task2_pipeline__task2_s04_far__6c71ce0568c1af9c,task2_s04_far,10^3,4096,[4096],FP32,gpu,fft_thrust,compatibility/end-to-end,PASS,OK,20,100,93,10.740696,true,6c71ce0568c1af9c26bafd1863f16500a2c27b85ea9fdca77beb280382188ae3,efb5b8317aaea5b93dd7c203900bf3bcfc978573df7571153dee87882a5be37f
1,20260815T152000Z_b0478e7_fft_thrust_fft_thrust_task2_pipeline_benchmark_task2_s04_far,formal,2026-08-15T15:05:00Z,b0478e7c5f1ad93e4cf41827d653d191c4a86804,false,task_scales_formal_v3,baaa5c346f0c31ac4bb1fd1f81069be745425af6b28982a50aa11d42ff41b232,task,Task2.pipeline,Task2,pipeline_total,chirp+gausspulse+sawtooth+square+hamming+firwin+firfilter+cubic+fm_demod+correlate+spectrogram+cwt+argrelextrema+kalman_filter;host:ricker+fusion+observation,task2_pipeline__task2_s04_far__6c71ce0568c1af9c,task2_s04_far,10^3,4096,[4096],FP32,cpu,fft_thrust,compatibility/end-to-end,PASS,OK,20,100,94,81.035165000000006,true,6c71ce0568c1af9c26bafd1863f16500a2c27b85ea9fdca77beb280382188ae3,95061affaa9c6c433499a7a2a8c061a14212e10dfc83a390e93466f1ca5c9c34
1,20260815T152000Z_b0478e7_fft_thrust_fft_thrust_task2_pipeline_benchmark_task2_s04_far,formal,2026-08-15T15:05:00Z,b0478e7c5f1ad93e4cf41827d653d191c4a86804,false,task_scales_formal_v3,baaa5c346f0c31ac4bb1fd1f81069be745425af6b28982a50aa11d42ff41b232,task,Task2.pipeline,Task2,pipeline_total,chirp+gausspulse+sawtooth+square+hamming+firwin+firfilter+cubic+fm_demod+correlate+spectrogram+cwt+argrelextrema+kalman_filter;host:ricker+fusion+observation,task2_pipeline__task2_s04_far__6c71ce0568c1af9c,task2_s04_far,10^3,4096,[4096],FP32,gpu,fft_thrust,compatibility/end-to-end,PASS,OK,20,100,94,10.860565000000001,true,6c71ce0568c1af9c26bafd1863f16500a2c27b85ea9fdca77beb280382188ae3,efb5b8317aaea5b93dd7c203900bf3bcfc978573df7571153dee87882a5be37f
1,20260815T152000Z_b0478e7_fft_thrust_fft_thrust_task2_pipeline_benchmark_task2_s04_far,formal,2026-08-15T15:05:00Z,b0478e7c5f1ad93e4cf41827d653d191c4a86804,false,task_scales_formal_v3,baaa5c346f0c31ac4bb1fd1f81069be745425af6b28982a50aa11d42ff41b232,task,Task2.pipeline,Task2,pipeline_total,chirp+gausspulse+sawtooth+square+hamming+firwin+firfilter+cubic+fm_demod+correlate+spectrogram+cwt+argrelextrema+kalman_filter;host:ricker+fusion+observation,task2_pipeline__task2_s04_far__6c71ce0568c1af9c,task2_s04_far,10^3,4096,[4096],FP32,cpu,fft_thrust,compatibility/end-to-end,PASS,OK,20,100,95,82.336633999999989,true,6c71ce0568c1af9c26bafd1863f16500a2c27b85ea9fdca77beb280382188ae3,95061affaa9c6c433499a7a2a8c061a14212e10dfc83a390e93466f1ca5c9c34
1,20260815T152000Z_b0478e7_fft_thrust_fft_thrust_task2_pipeline_benchmark_task2_s04_far,formal,2026-08-15T15:05:00Z,b0478e7c5f1ad93e4cf41827d653d191c4a86804,false,task_scales_formal_v3,baaa5c346f0c31ac4bb1fd1f81069be745425af6b28982a50aa11d42ff41b232,task,Task2.pipeline,Task2,pipeline_total,chirp+gausspulse+sawtooth+square+hamming+firwin+firfilter+cubic+fm_demod+correlate+spectrogram+cwt+argrelextrema+kalman_filter;host:ricker+fusion+observation,task2_pipeline__task2_s04_far__6c71ce0568c1af9c,task2_s04_far,10^3,4096,[4096],FP32,gpu,fft_thrust,compatibility/end-to-end,PASS,OK,20,100,95,11.339669000000001,true,6c71ce0568c1af9c26bafd1863f16500a2c27b85ea9fdca77beb280382188ae3,efb5b8317aaea5b93dd7c203900bf3bcfc978573df7571153dee87882a5be37f
1,20260815T152000Z_b0478e7_fft_thrust_fft_thrust_task2_pipeline_benchmark_task2_s04_far,formal,2026-08-15T15:05:00Z,b0478e7c5f1ad93e4cf41827d653d191c4a86804,false,task_scales_formal_v3,baaa5c346f0c31ac4bb1fd1f81069be745425af6b28982a50aa11d42ff41b232,task,Task2.pipeline,Task2,pipeline_total,chirp+gausspulse+sawtooth+square+hamming+firwin+firfilter+cubic+fm_demod+correlate+spectrogram+cwt+argrelextrema+kalman_filter;host:ricker+fusion+observation,task2_pipeline__task2_s04_far__6c71ce0568c1af9c,task2_s04_far,10^3,4096,[4096],FP32,cpu,fft_thrust,compatibility/end-to-end,PASS,OK,20,100,96,81.174233999999998,true,6c71ce0568c1af9c26bafd1863f16500a2c27b85ea9fdca77beb280382188ae3,95061affaa9c6c433499a7a2a8c061a14212e10dfc83a390e93466f1ca5c9c34
1,20260815T152000Z_b0478e7_fft_thrust_fft_thrust_task2_pipeline_benchmark_task2_s04_far,formal,2026-08-15T15:05:00Z,b0478e7c5f1ad93e4cf41827d653d191c4a86804,false,task_scales_formal_v3,baaa5c346f0c31ac4bb1fd1f81069be745425af6b28982a50aa11d42ff41b232,task,Task2.pipeline,Task2,pipeline_total,chirp+gausspulse+sawtooth+square+hamming+firwin+firfilter+cubic+fm_demod+correlate+spectrogram+cwt+argrelextrema+kalman_filter;host:ricker+fusion+observation,task2_pipeline__task2_s04_far__6c71ce0568c1af9c,task2_s04_far,10^3,4096,[4096],FP32,gpu,fft_thrust,compatibility/end-to-end,PASS,OK,20,100,96,10.839865999999999,true,6c71ce0568c1af9c26bafd1863f16500a2c27b85ea9fdca77beb280382188ae3,efb5b8317aaea5b93dd7c203900bf3bcfc978573df7571153dee87882a5be37f
1,20260815T152000Z_b0478e7_fft_thrust_fft_thrust_task2_pipeline_benchmark_task2_s04_far,formal,2026-08-15T15:05:00Z,b0478e7c5f1ad93e4cf41827d653d191c4a86804,false,task_scales_formal_v3,baaa5c346f0c31ac4bb1fd1f81069be745425af6b28982a50aa11d42ff41b232,task,Task2.pipeline,Task2,pipeline_total,chirp+gausspulse+sawtooth+square+hamming+firwin+firfilter+cubic+fm_demod+correlate+spectrogram+cwt+argrelextrema+kalman_filter;host:ricker+fusion+observation,task2_pipeline__task2_s04_far__6c71ce0568c1af9c,task2_s04_far,10^3,4096,[4096],FP32,cpu,fft_thrust,compatibility/end-to-end,PASS,OK,20,100,97,82.471294999999998,true,6c71ce0568c1af9c26bafd1863f16500a2c27b85ea9fdca77beb280382188ae3,95061affaa9c6c433499a7a2a8c061a14212e10dfc83a390e93466f1ca5c9c34
1,20260815T152000Z_b0478e7_fft_thrust_fft_thrust_task2_pipeline_benchmark_task2_s04_far,formal,2026-08-15T15:05:00Z,b0478e7c5f1ad93e4cf41827d653d191c4a86804,false,task_scales_formal_v3,baaa5c346f0c31ac4bb1fd1f81069be745425af6b28982a50aa11d42ff41b232,task,Task2.pipeline,Task2,pipeline_total,chirp+gausspulse+sawtooth+square+hamming+firwin+firfilter+cubic+fm_demod+correlate+spectrogram+cwt+argrelextrema+kalman_filter;host:ricker+fusion+observation,task2_pipeline__task2_s04_far__6c71ce0568c1af9c,task2_s04_far,10^3,4096,[4096],FP32,gpu,fft_thrust,compatibility/end-to-end,PASS,OK,20,100,97,10.945747000000001,true,6c71ce0568c1af9c26bafd1863f16500a2c27b85ea9fdca77beb280382188ae3,efb5b8317aaea5b93dd7c203900bf3bcfc978573df7571153dee87882a5be37f
1,20260815T152000Z_b0478e7_fft_thrust_fft_thrust_task2_pipeline_benchmark_task2_s04_far,formal,2026-08-15T15:05:00Z,b0478e7c5f1ad93e4cf41827d653d191c4a86804,false,task_scales_formal_v3,baaa5c346f0c31ac4bb1fd1f81069be745425af6b28982a50aa11d42ff41b232,task,Task2.pipeline,Task2,pipeline_total,chirp+gausspulse+sawtooth+square+hamming+firwin+firfilter+cubic+fm_demod+correlate+spectrogram+cwt+argrelextrema+kalman_filter;host:ricker+fusion+observation,task2_pipeline__task2_s04_far__6c71ce0568c1af9c,task2_s04_far,10^3,4096,[4096],FP32,cpu,fft_thrust,compatibility/end-to-end,PASS,OK,20,100,98,81.478307999999998,true,6c71ce0568c1af9c26bafd1863f16500a2c27b85ea9fdca77beb280382188ae3,95061affaa9c6c433499a7a2a8c061a14212e10dfc83a390e93466f1ca5c9c34
1,20260815T152000Z_b0478e7_fft_thrust_fft_thrust_task2_pipeline_benchmark_task2_s04_far,formal,2026-08-15T15:05:00Z,b0478e7c5f1ad93e4cf41827d653d191c4a86804,false,task_scales_formal_v3,baaa5c346f0c31ac4bb1fd1f81069be745425af6b28982a50aa11d42ff41b232,task,Task2.pipeline,Task2,pipeline_total,chirp+gausspulse+sawtooth+square+hamming+firwin+firfilter+cubic+fm_demod+correlate+spectrogram+cwt+argrelextrema+kalman_filter;host:ricker+fusion+observation,task2_pipeline__task2_s04_far__6c71ce0568c1af9c,task2_s04_far,10^3,4096,[4096],FP32,gpu,fft_thrust,compatibility/end-to-end,PASS,OK,20,100,98,10.944547,true,6c71ce0568c1af9c26bafd1863f16500a2c27b85ea9fdca77beb280382188ae3,efb5b8317aaea5b93dd7c203900bf3bcfc978573df7571153dee87882a5be37f
1,20260815T152000Z_b0478e7_fft_thrust_fft_thrust_task2_pipeline_benchmark_task2_s04_far,formal,2026-08-15T15:05:00Z,b0478e7c5f1ad93e4cf41827d653d191c4a86804,false,task_scales_formal_v3,baaa5c346f0c31ac4bb1fd1f81069be745425af6b28982a50aa11d42ff41b232,task,Task2.pipeline,Task2,pipeline_total,chirp+gausspulse+sawtooth+square+hamming+firwin+firfilter+cubic+fm_demod+correlate+spectrogram+cwt+argrelextrema+kalman_filter;host:ricker+fusion+observation,task2_pipeline__task2_s04_far__6c71ce0568c1af9c,task2_s04_far,10^3,4096,[4096],FP32,cpu,fft_thrust,compatibility/end-to-end,PASS,OK,20,100,99,79.966373000000004,true,6c71ce0568c1af9c26bafd1863f16500a2c27b85ea9fdca77beb280382188ae3,95061affaa9c6c433499a7a2a8c061a14212e10dfc83a390e93466f1ca5c9c34
1,20260815T152000Z_b0478e7_fft_thrust_fft_thrust_task2_pipeline_benchmark_task2_s04_far,formal,2026-08-15T15:05:00Z,b0478e7c5f1ad93e4cf41827d653d191c4a86804,false,task_scales_formal_v3,baaa5c346f0c31ac4bb1fd1f81069be745425af6b28982a50aa11d42ff41b232,task,Task2.pipeline,Task2,pipeline_total,chirp+gausspulse+sawtooth+square+hamming+firwin+firfilter+cubic+fm_demod+correlate+spectrogram+cwt+argrelextrema+kalman_filter;host:ricker+fusion+observation,task2_pipeline__task2_s04_far__6c71ce0568c1af9c,task2_s04_far,10^3,4096,[4096],FP32,gpu,fft_thrust,compatibility/end-to-end,PASS,OK,20,100,99,10.872866,true,6c71ce0568c1af9c26bafd1863f16500a2c27b85ea9fdca77beb280382188ae3,efb5b8317aaea5b93dd7c203900bf3bcfc978573df7571153dee87882a5be37f
