schema_version,run_id,run_type,test_time_utc,git_commit,git_dirty,config_id,config_sha256,target_kind,target,task_name,step_name,operator_name,case_id,scale_id,order_of_magnitude,actual_elements,input_shape,dtype,device,backend,timing_scope,status,error_code,warmup_runs,measured_runs,sample_index,latency_ms,synchronized,input_digest,output_digest
1,20260807T103308Z_ba0a42aa462d_stage08_b02_formal_8b00011a,formal,20260807T103308Z,ba0a42aa462da55e69c556c27f1e8036989708f0,true,stage08_b02_parzen_scales_v1,2cf8b019151848ff2818a0e6bca92b27d9ba22f505dacbb0d59a6ec098e64372,operator,parzen,NA,NA,parzen,parzen__parzen_int8_10e3__9482981914ca9e0b__sym,parzen_int8_10e3,10^3,1000,window_positions=[1000],INT8,CPU,not_applicable,compatibility/end-to-end,PASS,OK,20,100,0,0.02273,true,9482981914ca9e0b9e75ced111b3131e1c17970370b8718d19bc8469e20f4a59,eb67a74c93cd7b769aa3fceae8679461a51d50f8dcc2060190c3631ee38b5866
1,20260807T103308Z_ba0a42aa462d_stage08_b02_formal_8b00011a,formal,20260807T103308Z,ba0a42aa462da55e69c556c27f1e8036989708f0,true,stage08_b02_parzen_scales_v1,2cf8b019151848ff2818a0e6bca92b27d9ba22f505dacbb0d59a6ec098e64372,operator,parzen,NA,NA,parzen,parzen__parzen_int8_10e3__9482981914ca9e0b__sym,parzen_int8_10e3,10^3,1000,window_positions=[1000],INT8,CPU,not_applicable,compatibility/end-to-end,PASS,OK,20,100,1,0.022790000000000001,true,9482981914ca9e0b9e75ced111b3131e1c17970370b8718d19bc8469e20f4a59,eb67a74c93cd7b769aa3fceae8679461a51d50f8dcc2060190c3631ee38b5866
1,20260807T103308Z_ba0a42aa462d_stage08_b02_formal_8b00011a,formal,20260807T103308Z,ba0a42aa462da55e69c556c27f1e8036989708f0,true,stage08_b02_parzen_scales_v1,2cf8b019151848ff2818a0e6bca92b27d9ba22f505dacbb0d59a6ec098e64372,operator,parzen,NA,NA,parzen,parzen__parzen_int8_10e3__9482981914ca9e0b__sym,parzen_int8_10e3,10^3,1000,window_positions=[1000],INT8,CPU,not_applicable,compatibility/end-to-end,PASS,OK,20,100,2,0.022481000000000001,true,9482981914ca9e0b9e75ced111b3131e1c17970370b8718d19bc8469e20f4a59,eb67a74c93cd7b769aa3fceae8679461a51d50f8dcc2060190c3631ee38b5866
1,20260807T103308Z_ba0a42aa462d_stage08_b02_formal_8b00011a,formal,20260807T103308Z,ba0a42aa462da55e69c556c27f1e8036989708f0,true,stage08_b02_parzen_scales_v1,2cf8b019151848ff2818a0e6bca92b27d9ba22f505dacbb0d59a6ec098e64372,operator,parzen,NA,NA,parzen,parzen__parzen_int8_10e3__9482981914ca9e0b__sym,parzen_int8_10e3,10^3,1000,window_positions=[1000],INT8,CPU,not_applicable,compatibility/end-to-end,PASS,OK,20,100,3,0.02239,true,9482981914ca9e0b9e75ced111b3131e1c17970370b8718d19bc8469e20f4a59,eb67a74c93cd7b769aa3fceae8679461a51d50f8dcc2060190c3631ee38b5866
1,20260807T103308Z_ba0a42aa462d_stage08_b02_formal_8b00011a,formal,20260807T103308Z,ba0a42aa462da55e69c556c27f1e8036989708f0,true,stage08_b02_parzen_scales_v1,2cf8b019151848ff2818a0e6bca92b27d9ba22f505dacbb0d59a6ec098e64372,operator,parzen,NA,NA,parzen,parzen__parzen_int8_10e3__9482981914ca9e0b__sym,parzen_int8_10e3,10^3,1000,window_positions=[1000],INT8,CPU,not_applicable,compatibility/end-to-end,PASS,OK,20,100,4,0.02247,true,9482981914ca9e0b9e75ced111b3131e1c17970370b8718d19bc8469e20f4a59,eb67a74c93cd7b769aa3fceae8679461a51d50f8dcc2060190c3631ee38b5866
1,20260807T103308Z_ba0a42aa462d_stage08_b02_formal_8b00011a,formal,20260807T103308Z,ba0a42aa462da55e69c556c27f1e8036989708f0,true,stage08_b02_parzen_scales_v1,2cf8b019151848ff2818a0e6bca92b27d9ba22f505dacbb0d59a6ec098e64372,operator,parzen,NA,NA,parzen,parzen__parzen_int8_10e3__9482981914ca9e0b__sym,parzen_int8_10e3,10^3,1000,window_positions=[1000],INT8,CPU,not_applicable,compatibility/end-to-end,PASS,OK,20,100,5,0.022391000000000001,true,9482981914ca9e0b9e75ced111b3131e1c17970370b8718d19bc8469e20f4a59,eb67a74c93cd7b769aa3fceae8679461a51d50f8dcc2060190c3631ee38b5866
1,20260807T103308Z_ba0a42aa462d_stage08_b02_formal_8b00011a,formal,20260807T103308Z,ba0a42aa462da55e69c556c27f1e8036989708f0,true,stage08_b02_parzen_scales_v1,2cf8b019151848ff2818a0e6bca92b27d9ba22f505dacbb0d59a6ec098e64372,operator,parzen,NA,NA,parzen,parzen__parzen_int8_10e3__9482981914ca9e0b__sym,parzen_int8_10e3,10^3,1000,window_positions=[1000],INT8,CPU,not_applicable,compatibility/end-to-end,PASS,OK,20,100,6,0.02249,true,9482981914ca9e0b9e75ced111b3131e1c17970370b8718d19bc8469e20f4a59,eb67a74c93cd7b769aa3fceae8679461a51d50f8dcc2060190c3631ee38b5866
1,20260807T103308Z_ba0a42aa462d_stage08_b02_formal_8b00011a,formal,20260807T103308Z,ba0a42aa462da55e69c556c27f1e8036989708f0,true,stage08_b02_parzen_scales_v1,2cf8b019151848ff2818a0e6bca92b27d9ba22f505dacbb0d59a6ec098e64372,operator,parzen,NA,NA,parzen,parzen__parzen_int8_10e3__9482981914ca9e0b__sym,parzen_int8_10e3,10^3,1000,window_positions=[1000],INT8,CPU,not_applicable,compatibility/end-to-end,PASS,OK,20,100,7,0.02232,true,9482981914ca9e0b9e75ced111b3131e1c17970370b8718d19bc8469e20f4a59,eb67a74c93cd7b769aa3fceae8679461a51d50f8dcc2060190c3631ee38b5866
1,20260807T103308Z_ba0a42aa462d_stage08_b02_formal_8b00011a,formal,20260807T103308Z,ba0a42aa462da55e69c556c27f1e8036989708f0,true,stage08_b02_parzen_scales_v1,2cf8b019151848ff2818a0e6bca92b27d9ba22f505dacbb0d59a6ec098e64372,operator,parzen,NA,NA,parzen,parzen__parzen_int8_10e3__9482981914ca9e0b__sym,parzen_int8_10e3,10^3,1000,window_positions=[1000],INT8,CPU,not_applicable,compatibility/end-to-end,PASS,OK,20,100,8,0.022471000000000001,true,9482981914ca9e0b9e75ced111b3131e1c17970370b8718d19bc8469e20f4a59,eb67a74c93cd7b769aa3fceae8679461a51d50f8dcc2060190c3631ee38b5866
1,20260807T103308Z_ba0a42aa462d_stage08_b02_formal_8b00011a,formal,20260807T103308Z,ba0a42aa462da55e69c556c27f1e8036989708f0,true,stage08_b02_parzen_scales_v1,2cf8b019151848ff2818a0e6bca92b27d9ba22f505dacbb0d59a6ec098e64372,operator,parzen,NA,NA,parzen,parzen__parzen_int8_10e3__9482981914ca9e0b__sym,parzen_int8_10e3,10^3,1000,window_positions=[1000],INT8,CPU,not_applicable,compatibility/end-to-end,PASS,OK,20,100,9,0.022419999999999999,true,9482981914ca9e0b9e75ced111b3131e1c17970370b8718d19bc8469e20f4a59,eb67a74c93cd7b769aa3fceae8679461a51d50f8dcc2060190c3631ee38b5866
1,20260807T103308Z_ba0a42aa462d_stage08_b02_formal_8b00011a,formal,20260807T103308Z,ba0a42aa462da55e69c556c27f1e8036989708f0,true,stage08_b02_parzen_scales_v1,2cf8b019151848ff2818a0e6bca92b27d9ba22f505dacbb0d59a6ec098e64372,operator,parzen,NA,NA,parzen,parzen__parzen_int8_10e3__9482981914ca9e0b__sym,parzen_int8_10e3,10^3,1000,window_positions=[1000],INT8,CPU,not_applicable,compatibility/end-to-end,PASS,OK,20,100,10,0.022519999999999998,true,9482981914ca9e0b9e75ced111b3131e1c17970370b8718d19bc8469e20f4a59,eb67a74c93cd7b769aa3fceae8679461a51d50f8dcc2060190c3631ee38b5866
1,20260807T103308Z_ba0a42aa462d_stage08_b02_formal_8b00011a,formal,20260807T103308Z,ba0a42aa462da55e69c556c27f1e8036989708f0,true,stage08_b02_parzen_scales_v1,2cf8b019151848ff2818a0e6bca92b27d9ba22f505dacbb0d59a6ec098e64372,operator,parzen,NA,NA,parzen,parzen__parzen_int8_10e3__9482981914ca9e0b__sym,parzen_int8_10e3,10^3,1000,window_positions=[1000],INT8,CPU,not_applicable,compatibility/end-to-end,PASS,OK,20,100,11,0.022370999999999999,true,9482981914ca9e0b9e75ced111b3131e1c17970370b8718d19bc8469e20f4a59,eb67a74c93cd7b769aa3fceae8679461a51d50f8dcc2060190c3631ee38b5866
1,20260807T103308Z_ba0a42aa462d_stage08_b02_formal_8b00011a,formal,20260807T103308Z,ba0a42aa462da55e69c556c27f1e8036989708f0,true,stage08_b02_parzen_scales_v1,2cf8b019151848ff2818a0e6bca92b27d9ba22f505dacbb0d59a6ec098e64372,operator,parzen,NA,NA,parzen,parzen__parzen_int8_10e3__9482981914ca9e0b__sym,parzen_int8_10e3,10^3,1000,window_positions=[1000],INT8,CPU,not_applicable,compatibility/end-to-end,PASS,OK,20,100,12,0.022450000000000001,true,9482981914ca9e0b9e75ced111b3131e1c17970370b8718d19bc8469e20f4a59,eb67a74c93cd7b769aa3fceae8679461a51d50f8dcc2060190c3631ee38b5866
1,20260807T103308Z_ba0a42aa462d_stage08_b02_formal_8b00011a,formal,20260807T103308Z,ba0a42aa462da55e69c556c27f1e8036989708f0,true,stage08_b02_parzen_scales_v1,2cf8b019151848ff2818a0e6bca92b27d9ba22f505dacbb0d59a6ec098e64372,operator,parzen,NA,NA,parzen,parzen__parzen_int8_10e3__9482981914ca9e0b__sym,parzen_int8_10e3,10^3,1000,window_positions=[1000],INT8,CPU,not_applicable,compatibility/end-to-end,PASS,OK,20,100,13,0.022450000000000001,true,9482981914ca9e0b9e75ced111b3131e1c17970370b8718d19bc8469e20f4a59,eb67a74c93cd7b769aa3fceae8679461a51d50f8dcc2060190c3631ee38b5866
1,20260807T103308Z_ba0a42aa462d_stage08_b02_formal_8b00011a,formal,20260807T103308Z,ba0a42aa462da55e69c556c27f1e8036989708f0,true,stage08_b02_parzen_scales_v1,2cf8b019151848ff2818a0e6bca92b27d9ba22f505dacbb0d59a6ec098e64372,operator,parzen,NA,NA,parzen,parzen__parzen_int8_10e3__9482981914ca9e0b__sym,parzen_int8_10e3,10^3,1000,window_positions=[1000],INT8,CPU,not_applicable,compatibility/end-to-end,PASS,OK,20,100,14,0.022450999999999999,true,9482981914ca9e0b9e75ced111b3131e1c17970370b8718d19bc8469e20f4a59,eb67a74c93cd7b769aa3fceae8679461a51d50f8dcc2060190c3631ee38b5866
1,20260807T103308Z_ba0a42aa462d_stage08_b02_formal_8b00011a,formal,20260807T103308Z,ba0a42aa462da55e69c556c27f1e8036989708f0,true,stage08_b02_parzen_scales_v1,2cf8b019151848ff2818a0e6bca92b27d9ba22f505dacbb0d59a6ec098e64372,operator,parzen,NA,NA,parzen,parzen__parzen_int8_10e3__9482981914ca9e0b__sym,parzen_int8_10e3,10^3,1000,window_positions=[1000],INT8,CPU,not_applicable,compatibility/end-to-end,PASS,OK,20,100,15,0.022409999999999999,true,9482981914ca9e0b9e75ced111b3131e1c17970370b8718d19bc8469e20f4a59,eb67a74c93cd7b769aa3fceae8679461a51d50f8dcc2060190c3631ee38b5866
1,20260807T103308Z_ba0a42aa462d_stage08_b02_formal_8b00011a,formal,20260807T103308Z,ba0a42aa462da55e69c556c27f1e8036989708f0,true,stage08_b02_parzen_scales_v1,2cf8b019151848ff2818a0e6bca92b27d9ba22f505dacbb0d59a6ec098e64372,operator,parzen,NA,NA,parzen,parzen__parzen_int8_10e3__9482981914ca9e0b__sym,parzen_int8_10e3,10^3,1000,window_positions=[1000],INT8,CPU,not_applicable,compatibility/end-to-end,PASS,OK,20,100,16,0.02248,true,9482981914ca9e0b9e75ced111b3131e1c17970370b8718d19bc8469e20f4a59,eb67a74c93cd7b769aa3fceae8679461a51d50f8dcc2060190c3631ee38b5866
1,20260807T103308Z_ba0a42aa462d_stage08_b02_formal_8b00011a,formal,20260807T103308Z,ba0a42aa462da55e69c556c27f1e8036989708f0,true,stage08_b02_parzen_scales_v1,2cf8b019151848ff2818a0e6bca92b27d9ba22f505dacbb0d59a6ec098e64372,operator,parzen,NA,NA,parzen,parzen__parzen_int8_10e3__9482981914ca9e0b__sym,parzen_int8_10e3,10^3,1000,window_positions=[1000],INT8,CPU,not_applicable,compatibility/end-to-end,PASS,OK,20,100,17,0.022370999999999999,true,9482981914ca9e0b9e75ced111b3131e1c17970370b8718d19bc8469e20f4a59,eb67a74c93cd7b769aa3fceae8679461a51d50f8dcc2060190c3631ee38b5866
1,20260807T103308Z_ba0a42aa462d_stage08_b02_formal_8b00011a,formal,20260807T103308Z,ba0a42aa462da55e69c556c27f1e8036989708f0,true,stage08_b02_parzen_scales_v1,2cf8b019151848ff2818a0e6bca92b27d9ba22f505dacbb0d59a6ec098e64372,operator,parzen,NA,NA,parzen,parzen__parzen_int8_10e3__9482981914ca9e0b__sym,parzen_int8_10e3,10^3,1000,window_positions=[1000],INT8,CPU,not_applicable,compatibility/end-to-end,PASS,OK,20,100,18,0.02248,true,9482981914ca9e0b9e75ced111b3131e1c17970370b8718d19bc8469e20f4a59,eb67a74c93cd7b769aa3fceae8679461a51d50f8dcc2060190c3631ee38b5866
1,20260807T103308Z_ba0a42aa462d_stage08_b02_formal_8b00011a,formal,20260807T103308Z,ba0a42aa462da55e69c556c27f1e8036989708f0,true,stage08_b02_parzen_scales_v1,2cf8b019151848ff2818a0e6bca92b27d9ba22f505dacbb0d59a6ec098e64372,operator,parzen,NA,NA,parzen,parzen__parzen_int8_10e3__9482981914ca9e0b__sym,parzen_int8_10e3,10^3,1000,window_positions=[1000],INT8,CPU,not_applicable,compatibility/end-to-end,PASS,OK,20,100,19,0.022370000000000001,true,9482981914ca9e0b9e75ced111b3131e1c17970370b8718d19bc8469e20f4a59,eb67a74c93cd7b769aa3fceae8679461a51d50f8dcc2060190c3631ee38b5866
1,20260807T103308Z_ba0a42aa462d_stage08_b02_formal_8b00011a,formal,20260807T103308Z,ba0a42aa462da55e69c556c27f1e8036989708f0,true,stage08_b02_parzen_scales_v1,2cf8b019151848ff2818a0e6bca92b27d9ba22f505dacbb0d59a6ec098e64372,operator,parzen,NA,NA,parzen,parzen__parzen_int8_10e3__9482981914ca9e0b__sym,parzen_int8_10e3,10^3,1000,window_positions=[1000],INT8,CPU,not_applicable,compatibility/end-to-end,PASS,OK,20,100,20,0.022481000000000001,true,9482981914ca9e0b9e75ced111b3131e1c17970370b8718d19bc8469e20f4a59,eb67a74c93cd7b769aa3fceae8679461a51d50f8dcc2060190c3631ee38b5866
1,20260807T103308Z_ba0a42aa462d_stage08_b02_formal_8b00011a,formal,20260807T103308Z,ba0a42aa462da55e69c556c27f1e8036989708f0,true,stage08_b02_parzen_scales_v1,2cf8b019151848ff2818a0e6bca92b27d9ba22f505dacbb0d59a6ec098e64372,operator,parzen,NA,NA,parzen,parzen__parzen_int8_10e3__9482981914ca9e0b__sym,parzen_int8_10e3,10^3,1000,window_positions=[1000],INT8,CPU,not_applicable,compatibility/end-to-end,PASS,OK,20,100,21,0.022370000000000001,true,9482981914ca9e0b9e75ced111b3131e1c17970370b8718d19bc8469e20f4a59,eb67a74c93cd7b769aa3fceae8679461a51d50f8dcc2060190c3631ee38b5866
1,20260807T103308Z_ba0a42aa462d_stage08_b02_formal_8b00011a,formal,20260807T103308Z,ba0a42aa462da55e69c556c27f1e8036989708f0,true,stage08_b02_parzen_scales_v1,2cf8b019151848ff2818a0e6bca92b27d9ba22f505dacbb0d59a6ec098e64372,operator,parzen,NA,NA,parzen,parzen__parzen_int8_10e3__9482981914ca9e0b__sym,parzen_int8_10e3,10^3,1000,window_positions=[1000],INT8,CPU,not_applicable,compatibility/end-to-end,PASS,OK,20,100,22,0.02248,true,9482981914ca9e0b9e75ced111b3131e1c17970370b8718d19bc8469e20f4a59,eb67a74c93cd7b769aa3fceae8679461a51d50f8dcc2060190c3631ee38b5866
1,20260807T103308Z_ba0a42aa462d_stage08_b02_formal_8b00011a,formal,20260807T103308Z,ba0a42aa462da55e69c556c27f1e8036989708f0,true,stage08_b02_parzen_scales_v1,2cf8b019151848ff2818a0e6bca92b27d9ba22f505dacbb0d59a6ec098e64372,operator,parzen,NA,NA,parzen,parzen__parzen_int8_10e3__9482981914ca9e0b__sym,parzen_int8_10e3,10^3,1000,window_positions=[1000],INT8,CPU,not_applicable,compatibility/end-to-end,PASS,OK,20,100,23,0.022370999999999999,true,9482981914ca9e0b9e75ced111b3131e1c17970370b8718d19bc8469e20f4a59,eb67a74c93cd7b769aa3fceae8679461a51d50f8dcc2060190c3631ee38b5866
1,20260807T103308Z_ba0a42aa462d_stage08_b02_formal_8b00011a,formal,20260807T103308Z,ba0a42aa462da55e69c556c27f1e8036989708f0,true,stage08_b02_parzen_scales_v1,2cf8b019151848ff2818a0e6bca92b27d9ba22f505dacbb0d59a6ec098e64372,operator,parzen,NA,NA,parzen,parzen__parzen_int8_10e3__9482981914ca9e0b__sym,parzen_int8_10e3,10^3,1000,window_positions=[1000],INT8,CPU,not_applicable,compatibility/end-to-end,PASS,OK,20,100,24,0.02248,true,9482981914ca9e0b9e75ced111b3131e1c17970370b8718d19bc8469e20f4a59,eb67a74c93cd7b769aa3fceae8679461a51d50f8dcc2060190c3631ee38b5866
1,20260807T103308Z_ba0a42aa462d_stage08_b02_formal_8b00011a,formal,20260807T103308Z,ba0a42aa462da55e69c556c27f1e8036989708f0,true,stage08_b02_parzen_scales_v1,2cf8b019151848ff2818a0e6bca92b27d9ba22f505dacbb0d59a6ec098e64372,operator,parzen,NA,NA,parzen,parzen__parzen_int8_10e3__9482981914ca9e0b__sym,parzen_int8_10e3,10^3,1000,window_positions=[1000],INT8,CPU,not_applicable,compatibility/end-to-end,PASS,OK,20,100,25,0.022370000000000001,true,9482981914ca9e0b9e75ced111b3131e1c17970370b8718d19bc8469e20f4a59,eb67a74c93cd7b769aa3fceae8679461a51d50f8dcc2060190c3631ee38b5866
1,20260807T103308Z_ba0a42aa462d_stage08_b02_formal_8b00011a,formal,20260807T103308Z,ba0a42aa462da55e69c556c27f1e8036989708f0,true,stage08_b02_parzen_scales_v1,2cf8b019151848ff2818a0e6bca92b27d9ba22f505dacbb0d59a6ec098e64372,operator,parzen,NA,NA,parzen,parzen__parzen_int8_10e3__9482981914ca9e0b__sym,parzen_int8_10e3,10^3,1000,window_positions=[1000],INT8,CPU,not_applicable,compatibility/end-to-end,PASS,OK,20,100,26,0.022481000000000001,true,9482981914ca9e0b9e75ced111b3131e1c17970370b8718d19bc8469e20f4a59,eb67a74c93cd7b769aa3fceae8679461a51d50f8dcc2060190c3631ee38b5866
1,20260807T103308Z_ba0a42aa462d_stage08_b02_formal_8b00011a,formal,20260807T103308Z,ba0a42aa462da55e69c556c27f1e8036989708f0,true,stage08_b02_parzen_scales_v1,2cf8b019151848ff2818a0e6bca92b27d9ba22f505dacbb0d59a6ec098e64372,operator,parzen,NA,NA,parzen,parzen__parzen_int8_10e3__9482981914ca9e0b__sym,parzen_int8_10e3,10^3,1000,window_positions=[1000],INT8,CPU,not_applicable,compatibility/end-to-end,PASS,OK,20,100,27,0.022370000000000001,true,9482981914ca9e0b9e75ced111b3131e1c17970370b8718d19bc8469e20f4a59,eb67a74c93cd7b769aa3fceae8679461a51d50f8dcc2060190c3631ee38b5866
1,20260807T103308Z_ba0a42aa462d_stage08_b02_formal_8b00011a,formal,20260807T103308Z,ba0a42aa462da55e69c556c27f1e8036989708f0,true,stage08_b02_parzen_scales_v1,2cf8b019151848ff2818a0e6bca92b27d9ba22f505dacbb0d59a6ec098e64372,operator,parzen,NA,NA,parzen,parzen__parzen_int8_10e3__9482981914ca9e0b__sym,parzen_int8_10e3,10^3,1000,window_positions=[1000],INT8,CPU,not_applicable,compatibility/end-to-end,PASS,OK,20,100,28,0.022481000000000001,true,9482981914ca9e0b9e75ced111b3131e1c17970370b8718d19bc8469e20f4a59,eb67a74c93cd7b769aa3fceae8679461a51d50f8dcc2060190c3631ee38b5866
1,20260807T103308Z_ba0a42aa462d_stage08_b02_formal_8b00011a,formal,20260807T103308Z,ba0a42aa462da55e69c556c27f1e8036989708f0,true,stage08_b02_parzen_scales_v1,2cf8b019151848ff2818a0e6bca92b27d9ba22f505dacbb0d59a6ec098e64372,operator,parzen,NA,NA,parzen,parzen__parzen_int8_10e3__9482981914ca9e0b__sym,parzen_int8_10e3,10^3,1000,window_positions=[1000],INT8,CPU,not_applicable,compatibility/end-to-end,PASS,OK,20,100,29,0.022370000000000001,true,9482981914ca9e0b9e75ced111b3131e1c17970370b8718d19bc8469e20f4a59,eb67a74c93cd7b769aa3fceae8679461a51d50f8dcc2060190c3631ee38b5866
1,20260807T103308Z_ba0a42aa462d_stage08_b02_formal_8b00011a,formal,20260807T103308Z,ba0a42aa462da55e69c556c27f1e8036989708f0,true,stage08_b02_parzen_scales_v1,2cf8b019151848ff2818a0e6bca92b27d9ba22f505dacbb0d59a6ec098e64372,operator,parzen,NA,NA,parzen,parzen__parzen_int8_10e3__9482981914ca9e0b__sym,parzen_int8_10e3,10^3,1000,window_positions=[1000],INT8,CPU,not_applicable,compatibility/end-to-end,PASS,OK,20,100,30,0.02249,true,9482981914ca9e0b9e75ced111b3131e1c17970370b8718d19bc8469e20f4a59,eb67a74c93cd7b769aa3fceae8679461a51d50f8dcc2060190c3631ee38b5866
1,20260807T103308Z_ba0a42aa462d_stage08_b02_formal_8b00011a,formal,20260807T103308Z,ba0a42aa462da55e69c556c27f1e8036989708f0,true,stage08_b02_parzen_scales_v1,2cf8b019151848ff2818a0e6bca92b27d9ba22f505dacbb0d59a6ec098e64372,operator,parzen,NA,NA,parzen,parzen__parzen_int8_10e3__9482981914ca9e0b__sym,parzen_int8_10e3,10^3,1000,window_positions=[1000],INT8,CPU,not_applicable,compatibility/end-to-end,PASS,OK,20,100,31,0.022370999999999999,true,9482981914ca9e0b9e75ced111b3131e1c17970370b8718d19bc8469e20f4a59,eb67a74c93cd7b769aa3fceae8679461a51d50f8dcc2060190c3631ee38b5866
1,20260807T103308Z_ba0a42aa462d_stage08_b02_formal_8b00011a,formal,20260807T103308Z,ba0a42aa462da55e69c556c27f1e8036989708f0,true,stage08_b02_parzen_scales_v1,2cf8b019151848ff2818a0e6bca92b27d9ba22f505dacbb0d59a6ec098e64372,operator,parzen,NA,NA,parzen,parzen__parzen_int8_10e3__9482981914ca9e0b__sym,parzen_int8_10e3,10^3,1000,window_positions=[1000],INT8,CPU,not_applicable,compatibility/end-to-end,PASS,OK,20,100,32,0.022499999999999999,true,9482981914ca9e0b9e75ced111b3131e1c17970370b8718d19bc8469e20f4a59,eb67a74c93cd7b769aa3fceae8679461a51d50f8dcc2060190c3631ee38b5866
1,20260807T103308Z_ba0a42aa462d_stage08_b02_formal_8b00011a,formal,20260807T103308Z,ba0a42aa462da55e69c556c27f1e8036989708f0,true,stage08_b02_parzen_scales_v1,2cf8b019151848ff2818a0e6bca92b27d9ba22f505dacbb0d59a6ec098e64372,operator,parzen,NA,NA,parzen,parzen__parzen_int8_10e3__9482981914ca9e0b__sym,parzen_int8_10e3,10^3,1000,window_positions=[1000],INT8,CPU,not_applicable,compatibility/end-to-end,PASS,OK,20,100,33,0.022360000000000001,true,9482981914ca9e0b9e75ced111b3131e1c17970370b8718d19bc8469e20f4a59,eb67a74c93cd7b769aa3fceae8679461a51d50f8dcc2060190c3631ee38b5866
1,20260807T103308Z_ba0a42aa462d_stage08_b02_formal_8b00011a,formal,20260807T103308Z,ba0a42aa462da55e69c556c27f1e8036989708f0,true,stage08_b02_parzen_scales_v1,2cf8b019151848ff2818a0e6bca92b27d9ba22f505dacbb0d59a6ec098e64372,operator,parzen,NA,NA,parzen,parzen__parzen_int8_10e3__9482981914ca9e0b__sym,parzen_int8_10e3,10^3,1000,window_positions=[1000],INT8,CPU,not_applicable,compatibility/end-to-end,PASS,OK,20,100,34,0.022491000000000001,true,9482981914ca9e0b9e75ced111b3131e1c17970370b8718d19bc8469e20f4a59,eb67a74c93cd7b769aa3fceae8679461a51d50f8dcc2060190c3631ee38b5866
1,20260807T103308Z_ba0a42aa462d_stage08_b02_formal_8b00011a,formal,20260807T103308Z,ba0a42aa462da55e69c556c27f1e8036989708f0,true,stage08_b02_parzen_scales_v1,2cf8b019151848ff2818a0e6bca92b27d9ba22f505dacbb0d59a6ec098e64372,operator,parzen,NA,NA,parzen,parzen__parzen_int8_10e3__9482981914ca9e0b__sym,parzen_int8_10e3,10^3,1000,window_positions=[1000],INT8,CPU,not_applicable,compatibility/end-to-end,PASS,OK,20,100,35,0.02248,true,9482981914ca9e0b9e75ced111b3131e1c17970370b8718d19bc8469e20f4a59,eb67a74c93cd7b769aa3fceae8679461a51d50f8dcc2060190c3631ee38b5866
1,20260807T103308Z_ba0a42aa462d_stage08_b02_formal_8b00011a,formal,20260807T103308Z,ba0a42aa462da55e69c556c27f1e8036989708f0,true,stage08_b02_parzen_scales_v1,2cf8b019151848ff2818a0e6bca92b27d9ba22f505dacbb0d59a6ec098e64372,operator,parzen,NA,NA,parzen,parzen__parzen_int8_10e3__9482981914ca9e0b__sym,parzen_int8_10e3,10^3,1000,window_positions=[1000],INT8,CPU,not_applicable,compatibility/end-to-end,PASS,OK,20,100,36,0.02249,true,9482981914ca9e0b9e75ced111b3131e1c17970370b8718d19bc8469e20f4a59,eb67a74c93cd7b769aa3fceae8679461a51d50f8dcc2060190c3631ee38b5866
1,20260807T103308Z_ba0a42aa462d_stage08_b02_formal_8b00011a,formal,20260807T103308Z,ba0a42aa462da55e69c556c27f1e8036989708f0,true,stage08_b02_parzen_scales_v1,2cf8b019151848ff2818a0e6bca92b27d9ba22f505dacbb0d59a6ec098e64372,operator,parzen,NA,NA,parzen,parzen__parzen_int8_10e3__9482981914ca9e0b__sym,parzen_int8_10e3,10^3,1000,window_positions=[1000],INT8,CPU,not_applicable,compatibility/end-to-end,PASS,OK,20,100,37,0.022481000000000001,true,9482981914ca9e0b9e75ced111b3131e1c17970370b8718d19bc8469e20f4a59,eb67a74c93cd7b769aa3fceae8679461a51d50f8dcc2060190c3631ee38b5866
1,20260807T103308Z_ba0a42aa462d_stage08_b02_formal_8b00011a,formal,20260807T103308Z,ba0a42aa462da55e69c556c27f1e8036989708f0,true,stage08_b02_parzen_scales_v1,2cf8b019151848ff2818a0e6bca92b27d9ba22f505dacbb0d59a6ec098e64372,operator,parzen,NA,NA,parzen,parzen__parzen_int8_10e3__9482981914ca9e0b__sym,parzen_int8_10e3,10^3,1000,window_positions=[1000],INT8,CPU,not_applicable,compatibility/end-to-end,PASS,OK,20,100,38,0.022450000000000001,true,9482981914ca9e0b9e75ced111b3131e1c17970370b8718d19bc8469e20f4a59,eb67a74c93cd7b769aa3fceae8679461a51d50f8dcc2060190c3631ee38b5866
1,20260807T103308Z_ba0a42aa462d_stage08_b02_formal_8b00011a,formal,20260807T103308Z,ba0a42aa462da55e69c556c27f1e8036989708f0,true,stage08_b02_parzen_scales_v1,2cf8b019151848ff2818a0e6bca92b27d9ba22f505dacbb0d59a6ec098e64372,operator,parzen,NA,NA,parzen,parzen__parzen_int8_10e3__9482981914ca9e0b__sym,parzen_int8_10e3,10^3,1000,window_positions=[1000],INT8,CPU,not_applicable,compatibility/end-to-end,PASS,OK,20,100,39,0.022429999999999999,true,9482981914ca9e0b9e75ced111b3131e1c17970370b8718d19bc8469e20f4a59,eb67a74c93cd7b769aa3fceae8679461a51d50f8dcc2060190c3631ee38b5866
1,20260807T103308Z_ba0a42aa462d_stage08_b02_formal_8b00011a,formal,20260807T103308Z,ba0a42aa462da55e69c556c27f1e8036989708f0,true,stage08_b02_parzen_scales_v1,2cf8b019151848ff2818a0e6bca92b27d9ba22f505dacbb0d59a6ec098e64372,operator,parzen,NA,NA,parzen,parzen__parzen_int8_10e3__9482981914ca9e0b__sym,parzen_int8_10e3,10^3,1000,window_positions=[1000],INT8,CPU,not_applicable,compatibility/end-to-end,PASS,OK,20,100,40,0.022411,true,9482981914ca9e0b9e75ced111b3131e1c17970370b8718d19bc8469e20f4a59,eb67a74c93cd7b769aa3fceae8679461a51d50f8dcc2060190c3631ee38b5866
1,20260807T103308Z_ba0a42aa462d_stage08_b02_formal_8b00011a,formal,20260807T103308Z,ba0a42aa462da55e69c556c27f1e8036989708f0,true,stage08_b02_parzen_scales_v1,2cf8b019151848ff2818a0e6bca92b27d9ba22f505dacbb0d59a6ec098e64372,operator,parzen,NA,NA,parzen,parzen__parzen_int8_10e3__9482981914ca9e0b__sym,parzen_int8_10e3,10^3,1000,window_positions=[1000],INT8,CPU,not_applicable,compatibility/end-to-end,PASS,OK,20,100,41,0.02247,true,9482981914ca9e0b9e75ced111b3131e1c17970370b8718d19bc8469e20f4a59,eb67a74c93cd7b769aa3fceae8679461a51d50f8dcc2060190c3631ee38b5866
1,20260807T103308Z_ba0a42aa462d_stage08_b02_formal_8b00011a,formal,20260807T103308Z,ba0a42aa462da55e69c556c27f1e8036989708f0,true,stage08_b02_parzen_scales_v1,2cf8b019151848ff2818a0e6bca92b27d9ba22f505dacbb0d59a6ec098e64372,operator,parzen,NA,NA,parzen,parzen__parzen_int8_10e3__9482981914ca9e0b__sym,parzen_int8_10e3,10^3,1000,window_positions=[1000],INT8,CPU,not_applicable,compatibility/end-to-end,PASS,OK,20,100,42,0.022519999999999998,true,9482981914ca9e0b9e75ced111b3131e1c17970370b8718d19bc8469e20f4a59,eb67a74c93cd7b769aa3fceae8679461a51d50f8dcc2060190c3631ee38b5866
1,20260807T103308Z_ba0a42aa462d_stage08_b02_formal_8b00011a,formal,20260807T103308Z,ba0a42aa462da55e69c556c27f1e8036989708f0,true,stage08_b02_parzen_scales_v1,2cf8b019151848ff2818a0e6bca92b27d9ba22f505dacbb0d59a6ec098e64372,operator,parzen,NA,NA,parzen,parzen__parzen_int8_10e3__9482981914ca9e0b__sym,parzen_int8_10e3,10^3,1000,window_positions=[1000],INT8,CPU,not_applicable,compatibility/end-to-end,PASS,OK,20,100,43,0.022450999999999999,true,9482981914ca9e0b9e75ced111b3131e1c17970370b8718d19bc8469e20f4a59,eb67a74c93cd7b769aa3fceae8679461a51d50f8dcc2060190c3631ee38b5866
1,20260807T103308Z_ba0a42aa462d_stage08_b02_formal_8b00011a,formal,20260807T103308Z,ba0a42aa462da55e69c556c27f1e8036989708f0,true,stage08_b02_parzen_scales_v1,2cf8b019151848ff2818a0e6bca92b27d9ba22f505dacbb0d59a6ec098e64372,operator,parzen,NA,NA,parzen,parzen__parzen_int8_10e3__9482981914ca9e0b__sym,parzen_int8_10e3,10^3,1000,window_positions=[1000],INT8,CPU,not_applicable,compatibility/end-to-end,PASS,OK,20,100,44,0.022519999999999998,true,9482981914ca9e0b9e75ced111b3131e1c17970370b8718d19bc8469e20f4a59,eb67a74c93cd7b769aa3fceae8679461a51d50f8dcc2060190c3631ee38b5866
1,20260807T103308Z_ba0a42aa462d_stage08_b02_formal_8b00011a,formal,20260807T103308Z,ba0a42aa462da55e69c556c27f1e8036989708f0,true,stage08_b02_parzen_scales_v1,2cf8b019151848ff2818a0e6bca92b27d9ba22f505dacbb0d59a6ec098e64372,operator,parzen,NA,NA,parzen,parzen__parzen_int8_10e3__9482981914ca9e0b__sym,parzen_int8_10e3,10^3,1000,window_positions=[1000],INT8,CPU,not_applicable,compatibility/end-to-end,PASS,OK,20,100,45,0.02247,true,9482981914ca9e0b9e75ced111b3131e1c17970370b8718d19bc8469e20f4a59,eb67a74c93cd7b769aa3fceae8679461a51d50f8dcc2060190c3631ee38b5866
1,20260807T103308Z_ba0a42aa462d_stage08_b02_formal_8b00011a,formal,20260807T103308Z,ba0a42aa462da55e69c556c27f1e8036989708f0,true,stage08_b02_parzen_scales_v1,2cf8b019151848ff2818a0e6bca92b27d9ba22f505dacbb0d59a6ec098e64372,operator,parzen,NA,NA,parzen,parzen__parzen_int8_10e3__9482981914ca9e0b__sym,parzen_int8_10e3,10^3,1000,window_positions=[1000],INT8,CPU,not_applicable,compatibility/end-to-end,PASS,OK,20,100,46,0.022411,true,9482981914ca9e0b9e75ced111b3131e1c17970370b8718d19bc8469e20f4a59,eb67a74c93cd7b769aa3fceae8679461a51d50f8dcc2060190c3631ee38b5866
1,20260807T103308Z_ba0a42aa462d_stage08_b02_formal_8b00011a,formal,20260807T103308Z,ba0a42aa462da55e69c556c27f1e8036989708f0,true,stage08_b02_parzen_scales_v1,2cf8b019151848ff2818a0e6bca92b27d9ba22f505dacbb0d59a6ec098e64372,operator,parzen,NA,NA,parzen,parzen__parzen_int8_10e3__9482981914ca9e0b__sym,parzen_int8_10e3,10^3,1000,window_positions=[1000],INT8,CPU,not_applicable,compatibility/end-to-end,PASS,OK,20,100,47,0.02247,true,9482981914ca9e0b9e75ced111b3131e1c17970370b8718d19bc8469e20f4a59,eb67a74c93cd7b769aa3fceae8679461a51d50f8dcc2060190c3631ee38b5866
1,20260807T103308Z_ba0a42aa462d_stage08_b02_formal_8b00011a,formal,20260807T103308Z,ba0a42aa462da55e69c556c27f1e8036989708f0,true,stage08_b02_parzen_scales_v1,2cf8b019151848ff2818a0e6bca92b27d9ba22f505dacbb0d59a6ec098e64372,operator,parzen,NA,NA,parzen,parzen__parzen_int8_10e3__9482981914ca9e0b__sym,parzen_int8_10e3,10^3,1000,window_positions=[1000],INT8,CPU,not_applicable,compatibility/end-to-end,PASS,OK,20,100,48,0.022440000000000002,true,9482981914ca9e0b9e75ced111b3131e1c17970370b8718d19bc8469e20f4a59,eb67a74c93cd7b769aa3fceae8679461a51d50f8dcc2060190c3631ee38b5866
1,20260807T103308Z_ba0a42aa462d_stage08_b02_formal_8b00011a,formal,20260807T103308Z,ba0a42aa462da55e69c556c27f1e8036989708f0,true,stage08_b02_parzen_scales_v1,2cf8b019151848ff2818a0e6bca92b27d9ba22f505dacbb0d59a6ec098e64372,operator,parzen,NA,NA,parzen,parzen__parzen_int8_10e3__9482981914ca9e0b__sym,parzen_int8_10e3,10^3,1000,window_positions=[1000],INT8,CPU,not_applicable,compatibility/end-to-end,PASS,OK,20,100,49,0.022471000000000001,true,9482981914ca9e0b9e75ced111b3131e1c17970370b8718d19bc8469e20f4a59,eb67a74c93cd7b769aa3fceae8679461a51d50f8dcc2060190c3631ee38b5866
1,20260807T103308Z_ba0a42aa462d_stage08_b02_formal_8b00011a,formal,20260807T103308Z,ba0a42aa462da55e69c556c27f1e8036989708f0,true,stage08_b02_parzen_scales_v1,2cf8b019151848ff2818a0e6bca92b27d9ba22f505dacbb0d59a6ec098e64372,operator,parzen,NA,NA,parzen,parzen__parzen_int8_10e3__9482981914ca9e0b__sym,parzen_int8_10e3,10^3,1000,window_positions=[1000],INT8,CPU,not_applicable,compatibility/end-to-end,PASS,OK,20,100,50,0.022440000000000002,true,9482981914ca9e0b9e75ced111b3131e1c17970370b8718d19bc8469e20f4a59,eb67a74c93cd7b769aa3fceae8679461a51d50f8dcc2060190c3631ee38b5866
1,20260807T103308Z_ba0a42aa462d_stage08_b02_formal_8b00011a,formal,20260807T103308Z,ba0a42aa462da55e69c556c27f1e8036989708f0,true,stage08_b02_parzen_scales_v1,2cf8b019151848ff2818a0e6bca92b27d9ba22f505dacbb0d59a6ec098e64372,operator,parzen,NA,NA,parzen,parzen__parzen_int8_10e3__9482981914ca9e0b__sym,parzen_int8_10e3,10^3,1000,window_positions=[1000],INT8,CPU,not_applicable,compatibility/end-to-end,PASS,OK,20,100,51,0.02247,true,9482981914ca9e0b9e75ced111b3131e1c17970370b8718d19bc8469e20f4a59,eb67a74c93cd7b769aa3fceae8679461a51d50f8dcc2060190c3631ee38b5866
1,20260807T103308Z_ba0a42aa462d_stage08_b02_formal_8b00011a,formal,20260807T103308Z,ba0a42aa462da55e69c556c27f1e8036989708f0,true,stage08_b02_parzen_scales_v1,2cf8b019151848ff2818a0e6bca92b27d9ba22f505dacbb0d59a6ec098e64372,operator,parzen,NA,NA,parzen,parzen__parzen_int8_10e3__9482981914ca9e0b__sym,parzen_int8_10e3,10^3,1000,window_positions=[1000],INT8,CPU,not_applicable,compatibility/end-to-end,PASS,OK,20,100,52,0.022411,true,9482981914ca9e0b9e75ced111b3131e1c17970370b8718d19bc8469e20f4a59,eb67a74c93cd7b769aa3fceae8679461a51d50f8dcc2060190c3631ee38b5866
1,20260807T103308Z_ba0a42aa462d_stage08_b02_formal_8b00011a,formal,20260807T103308Z,ba0a42aa462da55e69c556c27f1e8036989708f0,true,stage08_b02_parzen_scales_v1,2cf8b019151848ff2818a0e6bca92b27d9ba22f505dacbb0d59a6ec098e64372,operator,parzen,NA,NA,parzen,parzen__parzen_int8_10e3__9482981914ca9e0b__sym,parzen_int8_10e3,10^3,1000,window_positions=[1000],INT8,CPU,not_applicable,compatibility/end-to-end,PASS,OK,20,100,53,0.02247,true,9482981914ca9e0b9e75ced111b3131e1c17970370b8718d19bc8469e20f4a59,eb67a74c93cd7b769aa3fceae8679461a51d50f8dcc2060190c3631ee38b5866
1,20260807T103308Z_ba0a42aa462d_stage08_b02_formal_8b00011a,formal,20260807T103308Z,ba0a42aa462da55e69c556c27f1e8036989708f0,true,stage08_b02_parzen_scales_v1,2cf8b019151848ff2818a0e6bca92b27d9ba22f505dacbb0d59a6ec098e64372,operator,parzen,NA,NA,parzen,parzen__parzen_int8_10e3__9482981914ca9e0b__sym,parzen_int8_10e3,10^3,1000,window_positions=[1000],INT8,CPU,not_applicable,compatibility/end-to-end,PASS,OK,20,100,54,0.022440000000000002,true,9482981914ca9e0b9e75ced111b3131e1c17970370b8718d19bc8469e20f4a59,eb67a74c93cd7b769aa3fceae8679461a51d50f8dcc2060190c3631ee38b5866
1,20260807T103308Z_ba0a42aa462d_stage08_b02_formal_8b00011a,formal,20260807T103308Z,ba0a42aa462da55e69c556c27f1e8036989708f0,true,stage08_b02_parzen_scales_v1,2cf8b019151848ff2818a0e6bca92b27d9ba22f505dacbb0d59a6ec098e64372,operator,parzen,NA,NA,parzen,parzen__parzen_int8_10e3__9482981914ca9e0b__sym,parzen_int8_10e3,10^3,1000,window_positions=[1000],INT8,CPU,not_applicable,compatibility/end-to-end,PASS,OK,20,100,55,0.022471000000000001,true,9482981914ca9e0b9e75ced111b3131e1c17970370b8718d19bc8469e20f4a59,eb67a74c93cd7b769aa3fceae8679461a51d50f8dcc2060190c3631ee38b5866
1,20260807T103308Z_ba0a42aa462d_stage08_b02_formal_8b00011a,formal,20260807T103308Z,ba0a42aa462da55e69c556c27f1e8036989708f0,true,stage08_b02_parzen_scales_v1,2cf8b019151848ff2818a0e6bca92b27d9ba22f505dacbb0d59a6ec098e64372,operator,parzen,NA,NA,parzen,parzen__parzen_int8_10e3__9482981914ca9e0b__sym,parzen_int8_10e3,10^3,1000,window_positions=[1000],INT8,CPU,not_applicable,compatibility/end-to-end,PASS,OK,20,100,56,0.02248,true,9482981914ca9e0b9e75ced111b3131e1c17970370b8718d19bc8469e20f4a59,eb67a74c93cd7b769aa3fceae8679461a51d50f8dcc2060190c3631ee38b5866
1,20260807T103308Z_ba0a42aa462d_stage08_b02_formal_8b00011a,formal,20260807T103308Z,ba0a42aa462da55e69c556c27f1e8036989708f0,true,stage08_b02_parzen_scales_v1,2cf8b019151848ff2818a0e6bca92b27d9ba22f505dacbb0d59a6ec098e64372,operator,parzen,NA,NA,parzen,parzen__parzen_int8_10e3__9482981914ca9e0b__sym,parzen_int8_10e3,10^3,1000,window_positions=[1000],INT8,CPU,not_applicable,compatibility/end-to-end,PASS,OK,20,100,57,0.022429999999999999,true,9482981914ca9e0b9e75ced111b3131e1c17970370b8718d19bc8469e20f4a59,eb67a74c93cd7b769aa3fceae8679461a51d50f8dcc2060190c3631ee38b5866
1,20260807T103308Z_ba0a42aa462d_stage08_b02_formal_8b00011a,formal,20260807T103308Z,ba0a42aa462da55e69c556c27f1e8036989708f0,true,stage08_b02_parzen_scales_v1,2cf8b019151848ff2818a0e6bca92b27d9ba22f505dacbb0d59a6ec098e64372,operator,parzen,NA,NA,parzen,parzen__parzen_int8_10e3__9482981914ca9e0b__sym,parzen_int8_10e3,10^3,1000,window_positions=[1000],INT8,CPU,not_applicable,compatibility/end-to-end,PASS,OK,20,100,58,0.022540999999999999,true,9482981914ca9e0b9e75ced111b3131e1c17970370b8718d19bc8469e20f4a59,eb67a74c93cd7b769aa3fceae8679461a51d50f8dcc2060190c3631ee38b5866
1,20260807T103308Z_ba0a42aa462d_stage08_b02_formal_8b00011a,formal,20260807T103308Z,ba0a42aa462da55e69c556c27f1e8036989708f0,true,stage08_b02_parzen_scales_v1,2cf8b019151848ff2818a0e6bca92b27d9ba22f505dacbb0d59a6ec098e64372,operator,parzen,NA,NA,parzen,parzen__parzen_int8_10e3__9482981914ca9e0b__sym,parzen_int8_10e3,10^3,1000,window_positions=[1000],INT8,CPU,not_applicable,compatibility/end-to-end,PASS,OK,20,100,59,0.022419999999999999,true,9482981914ca9e0b9e75ced111b3131e1c17970370b8718d19bc8469e20f4a59,eb67a74c93cd7b769aa3fceae8679461a51d50f8dcc2060190c3631ee38b5866
1,20260807T103308Z_ba0a42aa462d_stage08_b02_formal_8b00011a,formal,20260807T103308Z,ba0a42aa462da55e69c556c27f1e8036989708f0,true,stage08_b02_parzen_scales_v1,2cf8b019151848ff2818a0e6bca92b27d9ba22f505dacbb0d59a6ec098e64372,operator,parzen,NA,NA,parzen,parzen__parzen_int8_10e3__9482981914ca9e0b__sym,parzen_int8_10e3,10^3,1000,window_positions=[1000],INT8,CPU,not_applicable,compatibility/end-to-end,PASS,OK,20,100,60,0.02249,true,9482981914ca9e0b9e75ced111b3131e1c17970370b8718d19bc8469e20f4a59,eb67a74c93cd7b769aa3fceae8679461a51d50f8dcc2060190c3631ee38b5866
1,20260807T103308Z_ba0a42aa462d_stage08_b02_formal_8b00011a,formal,20260807T103308Z,ba0a42aa462da55e69c556c27f1e8036989708f0,true,stage08_b02_parzen_scales_v1,2cf8b019151848ff2818a0e6bca92b27d9ba22f505dacbb0d59a6ec098e64372,operator,parzen,NA,NA,parzen,parzen__parzen_int8_10e3__9482981914ca9e0b__sym,parzen_int8_10e3,10^3,1000,window_positions=[1000],INT8,CPU,not_applicable,compatibility/end-to-end,PASS,OK,20,100,61,0.022460999999999998,true,9482981914ca9e0b9e75ced111b3131e1c17970370b8718d19bc8469e20f4a59,eb67a74c93cd7b769aa3fceae8679461a51d50f8dcc2060190c3631ee38b5866
1,20260807T103308Z_ba0a42aa462d_stage08_b02_formal_8b00011a,formal,20260807T103308Z,ba0a42aa462da55e69c556c27f1e8036989708f0,true,stage08_b02_parzen_scales_v1,2cf8b019151848ff2818a0e6bca92b27d9ba22f505dacbb0d59a6ec098e64372,operator,parzen,NA,NA,parzen,parzen__parzen_int8_10e3__9482981914ca9e0b__sym,parzen_int8_10e3,10^3,1000,window_positions=[1000],INT8,CPU,not_applicable,compatibility/end-to-end,PASS,OK,20,100,62,0.02248,true,9482981914ca9e0b9e75ced111b3131e1c17970370b8718d19bc8469e20f4a59,eb67a74c93cd7b769aa3fceae8679461a51d50f8dcc2060190c3631ee38b5866
1,20260807T103308Z_ba0a42aa462d_stage08_b02_formal_8b00011a,formal,20260807T103308Z,ba0a42aa462da55e69c556c27f1e8036989708f0,true,stage08_b02_parzen_scales_v1,2cf8b019151848ff2818a0e6bca92b27d9ba22f505dacbb0d59a6ec098e64372,operator,parzen,NA,NA,parzen,parzen__parzen_int8_10e3__9482981914ca9e0b__sym,parzen_int8_10e3,10^3,1000,window_positions=[1000],INT8,CPU,not_applicable,compatibility/end-to-end,PASS,OK,20,100,63,0.022409999999999999,true,9482981914ca9e0b9e75ced111b3131e1c17970370b8718d19bc8469e20f4a59,eb67a74c93cd7b769aa3fceae8679461a51d50f8dcc2060190c3631ee38b5866
1,20260807T103308Z_ba0a42aa462d_stage08_b02_formal_8b00011a,formal,20260807T103308Z,ba0a42aa462da55e69c556c27f1e8036989708f0,true,stage08_b02_parzen_scales_v1,2cf8b019151848ff2818a0e6bca92b27d9ba22f505dacbb0d59a6ec098e64372,operator,parzen,NA,NA,parzen,parzen__parzen_int8_10e3__9482981914ca9e0b__sym,parzen_int8_10e3,10^3,1000,window_positions=[1000],INT8,CPU,not_applicable,compatibility/end-to-end,PASS,OK,20,100,64,0.022491000000000001,true,9482981914ca9e0b9e75ced111b3131e1c17970370b8718d19bc8469e20f4a59,eb67a74c93cd7b769aa3fceae8679461a51d50f8dcc2060190c3631ee38b5866
1,20260807T103308Z_ba0a42aa462d_stage08_b02_formal_8b00011a,formal,20260807T103308Z,ba0a42aa462da55e69c556c27f1e8036989708f0,true,stage08_b02_parzen_scales_v1,2cf8b019151848ff2818a0e6bca92b27d9ba22f505dacbb0d59a6ec098e64372,operator,parzen,NA,NA,parzen,parzen__parzen_int8_10e3__9482981914ca9e0b__sym,parzen_int8_10e3,10^3,1000,window_positions=[1000],INT8,CPU,not_applicable,compatibility/end-to-end,PASS,OK,20,100,65,0.022460000000000001,true,9482981914ca9e0b9e75ced111b3131e1c17970370b8718d19bc8469e20f4a59,eb67a74c93cd7b769aa3fceae8679461a51d50f8dcc2060190c3631ee38b5866
1,20260807T103308Z_ba0a42aa462d_stage08_b02_formal_8b00011a,formal,20260807T103308Z,ba0a42aa462da55e69c556c27f1e8036989708f0,true,stage08_b02_parzen_scales_v1,2cf8b019151848ff2818a0e6bca92b27d9ba22f505dacbb0d59a6ec098e64372,operator,parzen,NA,NA,parzen,parzen__parzen_int8_10e3__9482981914ca9e0b__sym,parzen_int8_10e3,10^3,1000,window_positions=[1000],INT8,CPU,not_applicable,compatibility/end-to-end,PASS,OK,20,100,66,0.022481000000000001,true,9482981914ca9e0b9e75ced111b3131e1c17970370b8718d19bc8469e20f4a59,eb67a74c93cd7b769aa3fceae8679461a51d50f8dcc2060190c3631ee38b5866
1,20260807T103308Z_ba0a42aa462d_stage08_b02_formal_8b00011a,formal,20260807T103308Z,ba0a42aa462da55e69c556c27f1e8036989708f0,true,stage08_b02_parzen_scales_v1,2cf8b019151848ff2818a0e6bca92b27d9ba22f505dacbb0d59a6ec098e64372,operator,parzen,NA,NA,parzen,parzen__parzen_int8_10e3__9482981914ca9e0b__sym,parzen_int8_10e3,10^3,1000,window_positions=[1000],INT8,CPU,not_applicable,compatibility/end-to-end,PASS,OK,20,100,67,0.022409999999999999,true,9482981914ca9e0b9e75ced111b3131e1c17970370b8718d19bc8469e20f4a59,eb67a74c93cd7b769aa3fceae8679461a51d50f8dcc2060190c3631ee38b5866
1,20260807T103308Z_ba0a42aa462d_stage08_b02_formal_8b00011a,formal,20260807T103308Z,ba0a42aa462da55e69c556c27f1e8036989708f0,true,stage08_b02_parzen_scales_v1,2cf8b019151848ff2818a0e6bca92b27d9ba22f505dacbb0d59a6ec098e64372,operator,parzen,NA,NA,parzen,parzen__parzen_int8_10e3__9482981914ca9e0b__sym,parzen_int8_10e3,10^3,1000,window_positions=[1000],INT8,CPU,not_applicable,compatibility/end-to-end,PASS,OK,20,100,68,0.02249,true,9482981914ca9e0b9e75ced111b3131e1c17970370b8718d19bc8469e20f4a59,eb67a74c93cd7b769aa3fceae8679461a51d50f8dcc2060190c3631ee38b5866
1,20260807T103308Z_ba0a42aa462d_stage08_b02_formal_8b00011a,formal,20260807T103308Z,ba0a42aa462da55e69c556c27f1e8036989708f0,true,stage08_b02_parzen_scales_v1,2cf8b019151848ff2818a0e6bca92b27d9ba22f505dacbb0d59a6ec098e64372,operator,parzen,NA,NA,parzen,parzen__parzen_int8_10e3__9482981914ca9e0b__sym,parzen_int8_10e3,10^3,1000,window_positions=[1000],INT8,CPU,not_applicable,compatibility/end-to-end,PASS,OK,20,100,69,0.022450999999999999,true,9482981914ca9e0b9e75ced111b3131e1c17970370b8718d19bc8469e20f4a59,eb67a74c93cd7b769aa3fceae8679461a51d50f8dcc2060190c3631ee38b5866
1,20260807T103308Z_ba0a42aa462d_stage08_b02_formal_8b00011a,formal,20260807T103308Z,ba0a42aa462da55e69c556c27f1e8036989708f0,true,stage08_b02_parzen_scales_v1,2cf8b019151848ff2818a0e6bca92b27d9ba22f505dacbb0d59a6ec098e64372,operator,parzen,NA,NA,parzen,parzen__parzen_int8_10e3__9482981914ca9e0b__sym,parzen_int8_10e3,10^3,1000,window_positions=[1000],INT8,CPU,not_applicable,compatibility/end-to-end,PASS,OK,20,100,70,0.02249,true,9482981914ca9e0b9e75ced111b3131e1c17970370b8718d19bc8469e20f4a59,eb67a74c93cd7b769aa3fceae8679461a51d50f8dcc2060190c3631ee38b5866
1,20260807T103308Z_ba0a42aa462d_stage08_b02_formal_8b00011a,formal,20260807T103308Z,ba0a42aa462da55e69c556c27f1e8036989708f0,true,stage08_b02_parzen_scales_v1,2cf8b019151848ff2818a0e6bca92b27d9ba22f505dacbb0d59a6ec098e64372,operator,parzen,NA,NA,parzen,parzen__parzen_int8_10e3__9482981914ca9e0b__sym,parzen_int8_10e3,10^3,1000,window_positions=[1000],INT8,CPU,not_applicable,compatibility/end-to-end,PASS,OK,20,100,71,0.022409999999999999,true,9482981914ca9e0b9e75ced111b3131e1c17970370b8718d19bc8469e20f4a59,eb67a74c93cd7b769aa3fceae8679461a51d50f8dcc2060190c3631ee38b5866
1,20260807T103308Z_ba0a42aa462d_stage08_b02_formal_8b00011a,formal,20260807T103308Z,ba0a42aa462da55e69c556c27f1e8036989708f0,true,stage08_b02_parzen_scales_v1,2cf8b019151848ff2818a0e6bca92b27d9ba22f505dacbb0d59a6ec098e64372,operator,parzen,NA,NA,parzen,parzen__parzen_int8_10e3__9482981914ca9e0b__sym,parzen_int8_10e3,10^3,1000,window_positions=[1000],INT8,CPU,not_applicable,compatibility/end-to-end,PASS,OK,20,100,72,0.022501,true,9482981914ca9e0b9e75ced111b3131e1c17970370b8718d19bc8469e20f4a59,eb67a74c93cd7b769aa3fceae8679461a51d50f8dcc2060190c3631ee38b5866
1,20260807T103308Z_ba0a42aa462d_stage08_b02_formal_8b00011a,formal,20260807T103308Z,ba0a42aa462da55e69c556c27f1e8036989708f0,true,stage08_b02_parzen_scales_v1,2cf8b019151848ff2818a0e6bca92b27d9ba22f505dacbb0d59a6ec098e64372,operator,parzen,NA,NA,parzen,parzen__parzen_int8_10e3__9482981914ca9e0b__sym,parzen_int8_10e3,10^3,1000,window_positions=[1000],INT8,CPU,not_applicable,compatibility/end-to-end,PASS,OK,20,100,73,0.0224,true,9482981914ca9e0b9e75ced111b3131e1c17970370b8718d19bc8469e20f4a59,eb67a74c93cd7b769aa3fceae8679461a51d50f8dcc2060190c3631ee38b5866
1,20260807T103308Z_ba0a42aa462d_stage08_b02_formal_8b00011a,formal,20260807T103308Z,ba0a42aa462da55e69c556c27f1e8036989708f0,true,stage08_b02_parzen_scales_v1,2cf8b019151848ff2818a0e6bca92b27d9ba22f505dacbb0d59a6ec098e64372,operator,parzen,NA,NA,parzen,parzen__parzen_int8_10e3__9482981914ca9e0b__sym,parzen_int8_10e3,10^3,1000,window_positions=[1000],INT8,CPU,not_applicable,compatibility/end-to-end,PASS,OK,20,100,74,0.022499999999999999,true,9482981914ca9e0b9e75ced111b3131e1c17970370b8718d19bc8469e20f4a59,eb67a74c93cd7b769aa3fceae8679461a51d50f8dcc2060190c3631ee38b5866
1,20260807T103308Z_ba0a42aa462d_stage08_b02_formal_8b00011a,formal,20260807T103308Z,ba0a42aa462da55e69c556c27f1e8036989708f0,true,stage08_b02_parzen_scales_v1,2cf8b019151848ff2818a0e6bca92b27d9ba22f505dacbb0d59a6ec098e64372,operator,parzen,NA,NA,parzen,parzen__parzen_int8_10e3__9482981914ca9e0b__sym,parzen_int8_10e3,10^3,1000,window_positions=[1000],INT8,CPU,not_applicable,compatibility/end-to-end,PASS,OK,20,100,75,0.022391000000000001,true,9482981914ca9e0b9e75ced111b3131e1c17970370b8718d19bc8469e20f4a59,eb67a74c93cd7b769aa3fceae8679461a51d50f8dcc2060190c3631ee38b5866
1,20260807T103308Z_ba0a42aa462d_stage08_b02_formal_8b00011a,formal,20260807T103308Z,ba0a42aa462da55e69c556c27f1e8036989708f0,true,stage08_b02_parzen_scales_v1,2cf8b019151848ff2818a0e6bca92b27d9ba22f505dacbb0d59a6ec098e64372,operator,parzen,NA,NA,parzen,parzen__parzen_int8_10e3__9482981914ca9e0b__sym,parzen_int8_10e3,10^3,1000,window_positions=[1000],INT8,CPU,not_applicable,compatibility/end-to-end,PASS,OK,20,100,76,0.022440000000000002,true,9482981914ca9e0b9e75ced111b3131e1c17970370b8718d19bc8469e20f4a59,eb67a74c93cd7b769aa3fceae8679461a51d50f8dcc2060190c3631ee38b5866
1,20260807T103308Z_ba0a42aa462d_stage08_b02_formal_8b00011a,formal,20260807T103308Z,ba0a42aa462da55e69c556c27f1e8036989708f0,true,stage08_b02_parzen_scales_v1,2cf8b019151848ff2818a0e6bca92b27d9ba22f505dacbb0d59a6ec098e64372,operator,parzen,NA,NA,parzen,parzen__parzen_int8_10e3__9482981914ca9e0b__sym,parzen_int8_10e3,10^3,1000,window_positions=[1000],INT8,CPU,not_applicable,compatibility/end-to-end,PASS,OK,20,100,77,0.022409999999999999,true,9482981914ca9e0b9e75ced111b3131e1c17970370b8718d19bc8469e20f4a59,eb67a74c93cd7b769aa3fceae8679461a51d50f8dcc2060190c3631ee38b5866
1,20260807T103308Z_ba0a42aa462d_stage08_b02_formal_8b00011a,formal,20260807T103308Z,ba0a42aa462da55e69c556c27f1e8036989708f0,true,stage08_b02_parzen_scales_v1,2cf8b019151848ff2818a0e6bca92b27d9ba22f505dacbb0d59a6ec098e64372,operator,parzen,NA,NA,parzen,parzen__parzen_int8_10e3__9482981914ca9e0b__sym,parzen_int8_10e3,10^3,1000,window_positions=[1000],INT8,CPU,not_applicable,compatibility/end-to-end,PASS,OK,20,100,78,0.022501,true,9482981914ca9e0b9e75ced111b3131e1c17970370b8718d19bc8469e20f4a59,eb67a74c93cd7b769aa3fceae8679461a51d50f8dcc2060190c3631ee38b5866
1,20260807T103308Z_ba0a42aa462d_stage08_b02_formal_8b00011a,formal,20260807T103308Z,ba0a42aa462da55e69c556c27f1e8036989708f0,true,stage08_b02_parzen_scales_v1,2cf8b019151848ff2818a0e6bca92b27d9ba22f505dacbb0d59a6ec098e64372,operator,parzen,NA,NA,parzen,parzen__parzen_int8_10e3__9482981914ca9e0b__sym,parzen_int8_10e3,10^3,1000,window_positions=[1000],INT8,CPU,not_applicable,compatibility/end-to-end,PASS,OK,20,100,79,0.022419999999999999,true,9482981914ca9e0b9e75ced111b3131e1c17970370b8718d19bc8469e20f4a59,eb67a74c93cd7b769aa3fceae8679461a51d50f8dcc2060190c3631ee38b5866
1,20260807T103308Z_ba0a42aa462d_stage08_b02_formal_8b00011a,formal,20260807T103308Z,ba0a42aa462da55e69c556c27f1e8036989708f0,true,stage08_b02_parzen_scales_v1,2cf8b019151848ff2818a0e6bca92b27d9ba22f505dacbb0d59a6ec098e64372,operator,parzen,NA,NA,parzen,parzen__parzen_int8_10e3__9482981914ca9e0b__sym,parzen_int8_10e3,10^3,1000,window_positions=[1000],INT8,CPU,not_applicable,compatibility/end-to-end,PASS,OK,20,100,80,0.022440000000000002,true,9482981914ca9e0b9e75ced111b3131e1c17970370b8718d19bc8469e20f4a59,eb67a74c93cd7b769aa3fceae8679461a51d50f8dcc2060190c3631ee38b5866
1,20260807T103308Z_ba0a42aa462d_stage08_b02_formal_8b00011a,formal,20260807T103308Z,ba0a42aa462da55e69c556c27f1e8036989708f0,true,stage08_b02_parzen_scales_v1,2cf8b019151848ff2818a0e6bca92b27d9ba22f505dacbb0d59a6ec098e64372,operator,parzen,NA,NA,parzen,parzen__parzen_int8_10e3__9482981914ca9e0b__sym,parzen_int8_10e3,10^3,1000,window_positions=[1000],INT8,CPU,not_applicable,compatibility/end-to-end,PASS,OK,20,100,81,0.022431,true,9482981914ca9e0b9e75ced111b3131e1c17970370b8718d19bc8469e20f4a59,eb67a74c93cd7b769aa3fceae8679461a51d50f8dcc2060190c3631ee38b5866
1,20260807T103308Z_ba0a42aa462d_stage08_b02_formal_8b00011a,formal,20260807T103308Z,ba0a42aa462da55e69c556c27f1e8036989708f0,true,stage08_b02_parzen_scales_v1,2cf8b019151848ff2818a0e6bca92b27d9ba22f505dacbb0d59a6ec098e64372,operator,parzen,NA,NA,parzen,parzen__parzen_int8_10e3__9482981914ca9e0b__sym,parzen_int8_10e3,10^3,1000,window_positions=[1000],INT8,CPU,not_applicable,compatibility/end-to-end,PASS,OK,20,100,82,0.022499999999999999,true,9482981914ca9e0b9e75ced111b3131e1c17970370b8718d19bc8469e20f4a59,eb67a74c93cd7b769aa3fceae8679461a51d50f8dcc2060190c3631ee38b5866
1,20260807T103308Z_ba0a42aa462d_stage08_b02_formal_8b00011a,formal,20260807T103308Z,ba0a42aa462da55e69c556c27f1e8036989708f0,true,stage08_b02_parzen_scales_v1,2cf8b019151848ff2818a0e6bca92b27d9ba22f505dacbb0d59a6ec098e64372,operator,parzen,NA,NA,parzen,parzen__parzen_int8_10e3__9482981914ca9e0b__sym,parzen_int8_10e3,10^3,1000,window_positions=[1000],INT8,CPU,not_applicable,compatibility/end-to-end,PASS,OK,20,100,83,0.022419999999999999,true,9482981914ca9e0b9e75ced111b3131e1c17970370b8718d19bc8469e20f4a59,eb67a74c93cd7b769aa3fceae8679461a51d50f8dcc2060190c3631ee38b5866
1,20260807T103308Z_ba0a42aa462d_stage08_b02_formal_8b00011a,formal,20260807T103308Z,ba0a42aa462da55e69c556c27f1e8036989708f0,true,stage08_b02_parzen_scales_v1,2cf8b019151848ff2818a0e6bca92b27d9ba22f505dacbb0d59a6ec098e64372,operator,parzen,NA,NA,parzen,parzen__parzen_int8_10e3__9482981914ca9e0b__sym,parzen_int8_10e3,10^3,1000,window_positions=[1000],INT8,CPU,not_applicable,compatibility/end-to-end,PASS,OK,20,100,84,0.022431,true,9482981914ca9e0b9e75ced111b3131e1c17970370b8718d19bc8469e20f4a59,eb67a74c93cd7b769aa3fceae8679461a51d50f8dcc2060190c3631ee38b5866
1,20260807T103308Z_ba0a42aa462d_stage08_b02_formal_8b00011a,formal,20260807T103308Z,ba0a42aa462da55e69c556c27f1e8036989708f0,true,stage08_b02_parzen_scales_v1,2cf8b019151848ff2818a0e6bca92b27d9ba22f505dacbb0d59a6ec098e64372,operator,parzen,NA,NA,parzen,parzen__parzen_int8_10e3__9482981914ca9e0b__sym,parzen_int8_10e3,10^3,1000,window_positions=[1000],INT8,CPU,not_applicable,compatibility/end-to-end,PASS,OK,20,100,85,0.022429999999999999,true,9482981914ca9e0b9e75ced111b3131e1c17970370b8718d19bc8469e20f4a59,eb67a74c93cd7b769aa3fceae8679461a51d50f8dcc2060190c3631ee38b5866
1,20260807T103308Z_ba0a42aa462d_stage08_b02_formal_8b00011a,formal,20260807T103308Z,ba0a42aa462da55e69c556c27f1e8036989708f0,true,stage08_b02_parzen_scales_v1,2cf8b019151848ff2818a0e6bca92b27d9ba22f505dacbb0d59a6ec098e64372,operator,parzen,NA,NA,parzen,parzen__parzen_int8_10e3__9482981914ca9e0b__sym,parzen_int8_10e3,10^3,1000,window_positions=[1000],INT8,CPU,not_applicable,compatibility/end-to-end,PASS,OK,20,100,86,0.022499999999999999,true,9482981914ca9e0b9e75ced111b3131e1c17970370b8718d19bc8469e20f4a59,eb67a74c93cd7b769aa3fceae8679461a51d50f8dcc2060190c3631ee38b5866
1,20260807T103308Z_ba0a42aa462d_stage08_b02_formal_8b00011a,formal,20260807T103308Z,ba0a42aa462da55e69c556c27f1e8036989708f0,true,stage08_b02_parzen_scales_v1,2cf8b019151848ff2818a0e6bca92b27d9ba22f505dacbb0d59a6ec098e64372,operator,parzen,NA,NA,parzen,parzen__parzen_int8_10e3__9482981914ca9e0b__sym,parzen_int8_10e3,10^3,1000,window_positions=[1000],INT8,CPU,not_applicable,compatibility/end-to-end,PASS,OK,20,100,87,0.022431,true,9482981914ca9e0b9e75ced111b3131e1c17970370b8718d19bc8469e20f4a59,eb67a74c93cd7b769aa3fceae8679461a51d50f8dcc2060190c3631ee38b5866
1,20260807T103308Z_ba0a42aa462d_stage08_b02_formal_8b00011a,formal,20260807T103308Z,ba0a42aa462da55e69c556c27f1e8036989708f0,true,stage08_b02_parzen_scales_v1,2cf8b019151848ff2818a0e6bca92b27d9ba22f505dacbb0d59a6ec098e64372,operator,parzen,NA,NA,parzen,parzen__parzen_int8_10e3__9482981914ca9e0b__sym,parzen_int8_10e3,10^3,1000,window_positions=[1000],INT8,CPU,not_applicable,compatibility/end-to-end,PASS,OK,20,100,88,0.022429999999999999,true,9482981914ca9e0b9e75ced111b3131e1c17970370b8718d19bc8469e20f4a59,eb67a74c93cd7b769aa3fceae8679461a51d50f8dcc2060190c3631ee38b5866
1,20260807T103308Z_ba0a42aa462d_stage08_b02_formal_8b00011a,formal,20260807T103308Z,ba0a42aa462da55e69c556c27f1e8036989708f0,true,stage08_b02_parzen_scales_v1,2cf8b019151848ff2818a0e6bca92b27d9ba22f505dacbb0d59a6ec098e64372,operator,parzen,NA,NA,parzen,parzen__parzen_int8_10e3__9482981914ca9e0b__sym,parzen_int8_10e3,10^3,1000,window_positions=[1000],INT8,CPU,not_applicable,compatibility/end-to-end,PASS,OK,20,100,89,0.022429999999999999,true,9482981914ca9e0b9e75ced111b3131e1c17970370b8718d19bc8469e20f4a59,eb67a74c93cd7b769aa3fceae8679461a51d50f8dcc2060190c3631ee38b5866
1,20260807T103308Z_ba0a42aa462d_stage08_b02_formal_8b00011a,formal,20260807T103308Z,ba0a42aa462da55e69c556c27f1e8036989708f0,true,stage08_b02_parzen_scales_v1,2cf8b019151848ff2818a0e6bca92b27d9ba22f505dacbb0d59a6ec098e64372,operator,parzen,NA,NA,parzen,parzen__parzen_int8_10e3__9482981914ca9e0b__sym,parzen_int8_10e3,10^3,1000,window_positions=[1000],INT8,CPU,not_applicable,compatibility/end-to-end,PASS,OK,20,100,90,0.022501,true,9482981914ca9e0b9e75ced111b3131e1c17970370b8718d19bc8469e20f4a59,eb67a74c93cd7b769aa3fceae8679461a51d50f8dcc2060190c3631ee38b5866
1,20260807T103308Z_ba0a42aa462d_stage08_b02_formal_8b00011a,formal,20260807T103308Z,ba0a42aa462da55e69c556c27f1e8036989708f0,true,stage08_b02_parzen_scales_v1,2cf8b019151848ff2818a0e6bca92b27d9ba22f505dacbb0d59a6ec098e64372,operator,parzen,NA,NA,parzen,parzen__parzen_int8_10e3__9482981914ca9e0b__sym,parzen_int8_10e3,10^3,1000,window_positions=[1000],INT8,CPU,not_applicable,compatibility/end-to-end,PASS,OK,20,100,91,0.022419999999999999,true,9482981914ca9e0b9e75ced111b3131e1c17970370b8718d19bc8469e20f4a59,eb67a74c93cd7b769aa3fceae8679461a51d50f8dcc2060190c3631ee38b5866
1,20260807T103308Z_ba0a42aa462d_stage08_b02_formal_8b00011a,formal,20260807T103308Z,ba0a42aa462da55e69c556c27f1e8036989708f0,true,stage08_b02_parzen_scales_v1,2cf8b019151848ff2818a0e6bca92b27d9ba22f505dacbb0d59a6ec098e64372,operator,parzen,NA,NA,parzen,parzen__parzen_int8_10e3__9482981914ca9e0b__sym,parzen_int8_10e3,10^3,1000,window_positions=[1000],INT8,CPU,not_applicable,compatibility/end-to-end,PASS,OK,20,100,92,0.022440000000000002,true,9482981914ca9e0b9e75ced111b3131e1c17970370b8718d19bc8469e20f4a59,eb67a74c93cd7b769aa3fceae8679461a51d50f8dcc2060190c3631ee38b5866
1,20260807T103308Z_ba0a42aa462d_stage08_b02_formal_8b00011a,formal,20260807T103308Z,ba0a42aa462da55e69c556c27f1e8036989708f0,true,stage08_b02_parzen_scales_v1,2cf8b019151848ff2818a0e6bca92b27d9ba22f505dacbb0d59a6ec098e64372,operator,parzen,NA,NA,parzen,parzen__parzen_int8_10e3__9482981914ca9e0b__sym,parzen_int8_10e3,10^3,1000,window_positions=[1000],INT8,CPU,not_applicable,compatibility/end-to-end,PASS,OK,20,100,93,0.022431,true,9482981914ca9e0b9e75ced111b3131e1c17970370b8718d19bc8469e20f4a59,eb67a74c93cd7b769aa3fceae8679461a51d50f8dcc2060190c3631ee38b5866
1,20260807T103308Z_ba0a42aa462d_stage08_b02_formal_8b00011a,formal,20260807T103308Z,ba0a42aa462da55e69c556c27f1e8036989708f0,true,stage08_b02_parzen_scales_v1,2cf8b019151848ff2818a0e6bca92b27d9ba22f505dacbb0d59a6ec098e64372,operator,parzen,NA,NA,parzen,parzen__parzen_int8_10e3__9482981914ca9e0b__sym,parzen_int8_10e3,10^3,1000,window_positions=[1000],INT8,CPU,not_applicable,compatibility/end-to-end,PASS,OK,20,100,94,0.022499999999999999,true,9482981914ca9e0b9e75ced111b3131e1c17970370b8718d19bc8469e20f4a59,eb67a74c93cd7b769aa3fceae8679461a51d50f8dcc2060190c3631ee38b5866
1,20260807T103308Z_ba0a42aa462d_stage08_b02_formal_8b00011a,formal,20260807T103308Z,ba0a42aa462da55e69c556c27f1e8036989708f0,true,stage08_b02_parzen_scales_v1,2cf8b019151848ff2818a0e6bca92b27d9ba22f505dacbb0d59a6ec098e64372,operator,parzen,NA,NA,parzen,parzen__parzen_int8_10e3__9482981914ca9e0b__sym,parzen_int8_10e3,10^3,1000,window_positions=[1000],INT8,CPU,not_applicable,compatibility/end-to-end,PASS,OK,20,100,95,0.022419999999999999,true,9482981914ca9e0b9e75ced111b3131e1c17970370b8718d19bc8469e20f4a59,eb67a74c93cd7b769aa3fceae8679461a51d50f8dcc2060190c3631ee38b5866
1,20260807T103308Z_ba0a42aa462d_stage08_b02_formal_8b00011a,formal,20260807T103308Z,ba0a42aa462da55e69c556c27f1e8036989708f0,true,stage08_b02_parzen_scales_v1,2cf8b019151848ff2818a0e6bca92b27d9ba22f505dacbb0d59a6ec098e64372,operator,parzen,NA,NA,parzen,parzen__parzen_int8_10e3__9482981914ca9e0b__sym,parzen_int8_10e3,10^3,1000,window_positions=[1000],INT8,CPU,not_applicable,compatibility/end-to-end,PASS,OK,20,100,96,0.022440999999999999,true,9482981914ca9e0b9e75ced111b3131e1c17970370b8718d19bc8469e20f4a59,eb67a74c93cd7b769aa3fceae8679461a51d50f8dcc2060190c3631ee38b5866
1,20260807T103308Z_ba0a42aa462d_stage08_b02_formal_8b00011a,formal,20260807T103308Z,ba0a42aa462da55e69c556c27f1e8036989708f0,true,stage08_b02_parzen_scales_v1,2cf8b019151848ff2818a0e6bca92b27d9ba22f505dacbb0d59a6ec098e64372,operator,parzen,NA,NA,parzen,parzen__parzen_int8_10e3__9482981914ca9e0b__sym,parzen_int8_10e3,10^3,1000,window_positions=[1000],INT8,CPU,not_applicable,compatibility/end-to-end,PASS,OK,20,100,97,0.022429999999999999,true,9482981914ca9e0b9e75ced111b3131e1c17970370b8718d19bc8469e20f4a59,eb67a74c93cd7b769aa3fceae8679461a51d50f8dcc2060190c3631ee38b5866
1,20260807T103308Z_ba0a42aa462d_stage08_b02_formal_8b00011a,formal,20260807T103308Z,ba0a42aa462da55e69c556c27f1e8036989708f0,true,stage08_b02_parzen_scales_v1,2cf8b019151848ff2818a0e6bca92b27d9ba22f505dacbb0d59a6ec098e64372,operator,parzen,NA,NA,parzen,parzen__parzen_int8_10e3__9482981914ca9e0b__sym,parzen_int8_10e3,10^3,1000,window_positions=[1000],INT8,CPU,not_applicable,compatibility/end-to-end,PASS,OK,20,100,98,0.02247,true,9482981914ca9e0b9e75ced111b3131e1c17970370b8718d19bc8469e20f4a59,eb67a74c93cd7b769aa3fceae8679461a51d50f8dcc2060190c3631ee38b5866
1,20260807T103308Z_ba0a42aa462d_stage08_b02_formal_8b00011a,formal,20260807T103308Z,ba0a42aa462da55e69c556c27f1e8036989708f0,true,stage08_b02_parzen_scales_v1,2cf8b019151848ff2818a0e6bca92b27d9ba22f505dacbb0d59a6ec098e64372,operator,parzen,NA,NA,parzen,parzen__parzen_int8_10e3__9482981914ca9e0b__sym,parzen_int8_10e3,10^3,1000,window_positions=[1000],INT8,CPU,not_applicable,compatibility/end-to-end,PASS,OK,20,100,99,0.022421,true,9482981914ca9e0b9e75ced111b3131e1c17970370b8718d19bc8469e20f4a59,eb67a74c93cd7b769aa3fceae8679461a51d50f8dcc2060190c3631ee38b5866
1,20260807T103308Z_ba0a42aa462d_stage08_b02_formal_8b00011a,formal,20260807T103308Z,ba0a42aa462da55e69c556c27f1e8036989708f0,true,stage08_b02_parzen_scales_v1,2cf8b019151848ff2818a0e6bca92b27d9ba22f505dacbb0d59a6ec098e64372,operator,parzen,NA,NA,parzen,parzen__parzen_int8_10e3__9482981914ca9e0b__sym,parzen_int8_10e3,10^3,1000,window_positions=[1000],INT8,GPU,not_applicable,compatibility/end-to-end,PASS,OK,20,100,0,0.24776300000000001,true,9482981914ca9e0b9e75ced111b3131e1c17970370b8718d19bc8469e20f4a59,30309d1da7689782693cff9ebc20327cb3fc0785aeefccaf95619634a22187d3
1,20260807T103308Z_ba0a42aa462d_stage08_b02_formal_8b00011a,formal,20260807T103308Z,ba0a42aa462da55e69c556c27f1e8036989708f0,true,stage08_b02_parzen_scales_v1,2cf8b019151848ff2818a0e6bca92b27d9ba22f505dacbb0d59a6ec098e64372,operator,parzen,NA,NA,parzen,parzen__parzen_int8_10e3__9482981914ca9e0b__sym,parzen_int8_10e3,10^3,1000,window_positions=[1000],INT8,GPU,not_applicable,compatibility/end-to-end,PASS,OK,20,100,1,0.25151400000000002,true,9482981914ca9e0b9e75ced111b3131e1c17970370b8718d19bc8469e20f4a59,30309d1da7689782693cff9ebc20327cb3fc0785aeefccaf95619634a22187d3
1,20260807T103308Z_ba0a42aa462d_stage08_b02_formal_8b00011a,formal,20260807T103308Z,ba0a42aa462da55e69c556c27f1e8036989708f0,true,stage08_b02_parzen_scales_v1,2cf8b019151848ff2818a0e6bca92b27d9ba22f505dacbb0d59a6ec098e64372,operator,parzen,NA,NA,parzen,parzen__parzen_int8_10e3__9482981914ca9e0b__sym,parzen_int8_10e3,10^3,1000,window_positions=[1000],INT8,GPU,not_applicable,compatibility/end-to-end,PASS,OK,20,100,2,0.28647400000000001,true,9482981914ca9e0b9e75ced111b3131e1c17970370b8718d19bc8469e20f4a59,30309d1da7689782693cff9ebc20327cb3fc0785aeefccaf95619634a22187d3
1,20260807T103308Z_ba0a42aa462d_stage08_b02_formal_8b00011a,formal,20260807T103308Z,ba0a42aa462da55e69c556c27f1e8036989708f0,true,stage08_b02_parzen_scales_v1,2cf8b019151848ff2818a0e6bca92b27d9ba22f505dacbb0d59a6ec098e64372,operator,parzen,NA,NA,parzen,parzen__parzen_int8_10e3__9482981914ca9e0b__sym,parzen_int8_10e3,10^3,1000,window_positions=[1000],INT8,GPU,not_applicable,compatibility/end-to-end,PASS,OK,20,100,3,0.27902500000000002,true,9482981914ca9e0b9e75ced111b3131e1c17970370b8718d19bc8469e20f4a59,30309d1da7689782693cff9ebc20327cb3fc0785aeefccaf95619634a22187d3
1,20260807T103308Z_ba0a42aa462d_stage08_b02_formal_8b00011a,formal,20260807T103308Z,ba0a42aa462da55e69c556c27f1e8036989708f0,true,stage08_b02_parzen_scales_v1,2cf8b019151848ff2818a0e6bca92b27d9ba22f505dacbb0d59a6ec098e64372,operator,parzen,NA,NA,parzen,parzen__parzen_int8_10e3__9482981914ca9e0b__sym,parzen_int8_10e3,10^3,1000,window_positions=[1000],INT8,GPU,not_applicable,compatibility/end-to-end,PASS,OK,20,100,4,0.25115399999999999,true,9482981914ca9e0b9e75ced111b3131e1c17970370b8718d19bc8469e20f4a59,30309d1da7689782693cff9ebc20327cb3fc0785aeefccaf95619634a22187d3
1,20260807T103308Z_ba0a42aa462d_stage08_b02_formal_8b00011a,formal,20260807T103308Z,ba0a42aa462da55e69c556c27f1e8036989708f0,true,stage08_b02_parzen_scales_v1,2cf8b019151848ff2818a0e6bca92b27d9ba22f505dacbb0d59a6ec098e64372,operator,parzen,NA,NA,parzen,parzen__parzen_int8_10e3__9482981914ca9e0b__sym,parzen_int8_10e3,10^3,1000,window_positions=[1000],INT8,GPU,not_applicable,compatibility/end-to-end,PASS,OK,20,100,5,0.25354300000000002,true,9482981914ca9e0b9e75ced111b3131e1c17970370b8718d19bc8469e20f4a59,30309d1da7689782693cff9ebc20327cb3fc0785aeefccaf95619634a22187d3
1,20260807T103308Z_ba0a42aa462d_stage08_b02_formal_8b00011a,formal,20260807T103308Z,ba0a42aa462da55e69c556c27f1e8036989708f0,true,stage08_b02_parzen_scales_v1,2cf8b019151848ff2818a0e6bca92b27d9ba22f505dacbb0d59a6ec098e64372,operator,parzen,NA,NA,parzen,parzen__parzen_int8_10e3__9482981914ca9e0b__sym,parzen_int8_10e3,10^3,1000,window_positions=[1000],INT8,GPU,not_applicable,compatibility/end-to-end,PASS,OK,20,100,6,0.25256400000000001,true,9482981914ca9e0b9e75ced111b3131e1c17970370b8718d19bc8469e20f4a59,30309d1da7689782693cff9ebc20327cb3fc0785aeefccaf95619634a22187d3
1,20260807T103308Z_ba0a42aa462d_stage08_b02_formal_8b00011a,formal,20260807T103308Z,ba0a42aa462da55e69c556c27f1e8036989708f0,true,stage08_b02_parzen_scales_v1,2cf8b019151848ff2818a0e6bca92b27d9ba22f505dacbb0d59a6ec098e64372,operator,parzen,NA,NA,parzen,parzen__parzen_int8_10e3__9482981914ca9e0b__sym,parzen_int8_10e3,10^3,1000,window_positions=[1000],INT8,GPU,not_applicable,compatibility/end-to-end,PASS,OK,20,100,7,0.25169399999999997,true,9482981914ca9e0b9e75ced111b3131e1c17970370b8718d19bc8469e20f4a59,30309d1da7689782693cff9ebc20327cb3fc0785aeefccaf95619634a22187d3
1,20260807T103308Z_ba0a42aa462d_stage08_b02_formal_8b00011a,formal,20260807T103308Z,ba0a42aa462da55e69c556c27f1e8036989708f0,true,stage08_b02_parzen_scales_v1,2cf8b019151848ff2818a0e6bca92b27d9ba22f505dacbb0d59a6ec098e64372,operator,parzen,NA,NA,parzen,parzen__parzen_int8_10e3__9482981914ca9e0b__sym,parzen_int8_10e3,10^3,1000,window_positions=[1000],INT8,GPU,not_applicable,compatibility/end-to-end,PASS,OK,20,100,8,0.25232399999999999,true,9482981914ca9e0b9e75ced111b3131e1c17970370b8718d19bc8469e20f4a59,30309d1da7689782693cff9ebc20327cb3fc0785aeefccaf95619634a22187d3
1,20260807T103308Z_ba0a42aa462d_stage08_b02_formal_8b00011a,formal,20260807T103308Z,ba0a42aa462da55e69c556c27f1e8036989708f0,true,stage08_b02_parzen_scales_v1,2cf8b019151848ff2818a0e6bca92b27d9ba22f505dacbb0d59a6ec098e64372,operator,parzen,NA,NA,parzen,parzen__parzen_int8_10e3__9482981914ca9e0b__sym,parzen_int8_10e3,10^3,1000,window_positions=[1000],INT8,GPU,not_applicable,compatibility/end-to-end,PASS,OK,20,100,9,0.25092399999999998,true,9482981914ca9e0b9e75ced111b3131e1c17970370b8718d19bc8469e20f4a59,30309d1da7689782693cff9ebc20327cb3fc0785aeefccaf95619634a22187d3
1,20260807T103308Z_ba0a42aa462d_stage08_b02_formal_8b00011a,formal,20260807T103308Z,ba0a42aa462da55e69c556c27f1e8036989708f0,true,stage08_b02_parzen_scales_v1,2cf8b019151848ff2818a0e6bca92b27d9ba22f505dacbb0d59a6ec098e64372,operator,parzen,NA,NA,parzen,parzen__parzen_int8_10e3__9482981914ca9e0b__sym,parzen_int8_10e3,10^3,1000,window_positions=[1000],INT8,GPU,not_applicable,compatibility/end-to-end,PASS,OK,20,100,10,0.25191400000000003,true,9482981914ca9e0b9e75ced111b3131e1c17970370b8718d19bc8469e20f4a59,30309d1da7689782693cff9ebc20327cb3fc0785aeefccaf95619634a22187d3
1,20260807T103308Z_ba0a42aa462d_stage08_b02_formal_8b00011a,formal,20260807T103308Z,ba0a42aa462da55e69c556c27f1e8036989708f0,true,stage08_b02_parzen_scales_v1,2cf8b019151848ff2818a0e6bca92b27d9ba22f505dacbb0d59a6ec098e64372,operator,parzen,NA,NA,parzen,parzen__parzen_int8_10e3__9482981914ca9e0b__sym,parzen_int8_10e3,10^3,1000,window_positions=[1000],INT8,GPU,not_applicable,compatibility/end-to-end,PASS,OK,20,100,11,0.25339400000000001,true,9482981914ca9e0b9e75ced111b3131e1c17970370b8718d19bc8469e20f4a59,30309d1da7689782693cff9ebc20327cb3fc0785aeefccaf95619634a22187d3
1,20260807T103308Z_ba0a42aa462d_stage08_b02_formal_8b00011a,formal,20260807T103308Z,ba0a42aa462da55e69c556c27f1e8036989708f0,true,stage08_b02_parzen_scales_v1,2cf8b019151848ff2818a0e6bca92b27d9ba22f505dacbb0d59a6ec098e64372,operator,parzen,NA,NA,parzen,parzen__parzen_int8_10e3__9482981914ca9e0b__sym,parzen_int8_10e3,10^3,1000,window_positions=[1000],INT8,GPU,not_applicable,compatibility/end-to-end,PASS,OK,20,100,12,0.24893399999999999,true,9482981914ca9e0b9e75ced111b3131e1c17970370b8718d19bc8469e20f4a59,30309d1da7689782693cff9ebc20327cb3fc0785aeefccaf95619634a22187d3
1,20260807T103308Z_ba0a42aa462d_stage08_b02_formal_8b00011a,formal,20260807T103308Z,ba0a42aa462da55e69c556c27f1e8036989708f0,true,stage08_b02_parzen_scales_v1,2cf8b019151848ff2818a0e6bca92b27d9ba22f505dacbb0d59a6ec098e64372,operator,parzen,NA,NA,parzen,parzen__parzen_int8_10e3__9482981914ca9e0b__sym,parzen_int8_10e3,10^3,1000,window_positions=[1000],INT8,GPU,not_applicable,compatibility/end-to-end,PASS,OK,20,100,13,0.25203300000000001,true,9482981914ca9e0b9e75ced111b3131e1c17970370b8718d19bc8469e20f4a59,30309d1da7689782693cff9ebc20327cb3fc0785aeefccaf95619634a22187d3
1,20260807T103308Z_ba0a42aa462d_stage08_b02_formal_8b00011a,formal,20260807T103308Z,ba0a42aa462da55e69c556c27f1e8036989708f0,true,stage08_b02_parzen_scales_v1,2cf8b019151848ff2818a0e6bca92b27d9ba22f505dacbb0d59a6ec098e64372,operator,parzen,NA,NA,parzen,parzen__parzen_int8_10e3__9482981914ca9e0b__sym,parzen_int8_10e3,10^3,1000,window_positions=[1000],INT8,GPU,not_applicable,compatibility/end-to-end,PASS,OK,20,100,14,0.25589400000000001,true,9482981914ca9e0b9e75ced111b3131e1c17970370b8718d19bc8469e20f4a59,30309d1da7689782693cff9ebc20327cb3fc0785aeefccaf95619634a22187d3
1,20260807T103308Z_ba0a42aa462d_stage08_b02_formal_8b00011a,formal,20260807T103308Z,ba0a42aa462da55e69c556c27f1e8036989708f0,true,stage08_b02_parzen_scales_v1,2cf8b019151848ff2818a0e6bca92b27d9ba22f505dacbb0d59a6ec098e64372,operator,parzen,NA,NA,parzen,parzen__parzen_int8_10e3__9482981914ca9e0b__sym,parzen_int8_10e3,10^3,1000,window_positions=[1000],INT8,GPU,not_applicable,compatibility/end-to-end,PASS,OK,20,100,15,0.25028400000000001,true,9482981914ca9e0b9e75ced111b3131e1c17970370b8718d19bc8469e20f4a59,30309d1da7689782693cff9ebc20327cb3fc0785aeefccaf95619634a22187d3
1,20260807T103308Z_ba0a42aa462d_stage08_b02_formal_8b00011a,formal,20260807T103308Z,ba0a42aa462da55e69c556c27f1e8036989708f0,true,stage08_b02_parzen_scales_v1,2cf8b019151848ff2818a0e6bca92b27d9ba22f505dacbb0d59a6ec098e64372,operator,parzen,NA,NA,parzen,parzen__parzen_int8_10e3__9482981914ca9e0b__sym,parzen_int8_10e3,10^3,1000,window_positions=[1000],INT8,GPU,not_applicable,compatibility/end-to-end,PASS,OK,20,100,16,0.25071399999999999,true,9482981914ca9e0b9e75ced111b3131e1c17970370b8718d19bc8469e20f4a59,30309d1da7689782693cff9ebc20327cb3fc0785aeefccaf95619634a22187d3
1,20260807T103308Z_ba0a42aa462d_stage08_b02_formal_8b00011a,formal,20260807T103308Z,ba0a42aa462da55e69c556c27f1e8036989708f0,true,stage08_b02_parzen_scales_v1,2cf8b019151848ff2818a0e6bca92b27d9ba22f505dacbb0d59a6ec098e64372,operator,parzen,NA,NA,parzen,parzen__parzen_int8_10e3__9482981914ca9e0b__sym,parzen_int8_10e3,10^3,1000,window_positions=[1000],INT8,GPU,not_applicable,compatibility/end-to-end,PASS,OK,20,100,17,0.252884,true,9482981914ca9e0b9e75ced111b3131e1c17970370b8718d19bc8469e20f4a59,30309d1da7689782693cff9ebc20327cb3fc0785aeefccaf95619634a22187d3
1,20260807T103308Z_ba0a42aa462d_stage08_b02_formal_8b00011a,formal,20260807T103308Z,ba0a42aa462da55e69c556c27f1e8036989708f0,true,stage08_b02_parzen_scales_v1,2cf8b019151848ff2818a0e6bca92b27d9ba22f505dacbb0d59a6ec098e64372,operator,parzen,NA,NA,parzen,parzen__parzen_int8_10e3__9482981914ca9e0b__sym,parzen_int8_10e3,10^3,1000,window_positions=[1000],INT8,GPU,not_applicable,compatibility/end-to-end,PASS,OK,20,100,18,0.27071400000000001,true,9482981914ca9e0b9e75ced111b3131e1c17970370b8718d19bc8469e20f4a59,30309d1da7689782693cff9ebc20327cb3fc0785aeefccaf95619634a22187d3
1,20260807T103308Z_ba0a42aa462d_stage08_b02_formal_8b00011a,formal,20260807T103308Z,ba0a42aa462da55e69c556c27f1e8036989708f0,true,stage08_b02_parzen_scales_v1,2cf8b019151848ff2818a0e6bca92b27d9ba22f505dacbb0d59a6ec098e64372,operator,parzen,NA,NA,parzen,parzen__parzen_int8_10e3__9482981914ca9e0b__sym,parzen_int8_10e3,10^3,1000,window_positions=[1000],INT8,GPU,not_applicable,compatibility/end-to-end,PASS,OK,20,100,19,0.25448399999999999,true,9482981914ca9e0b9e75ced111b3131e1c17970370b8718d19bc8469e20f4a59,30309d1da7689782693cff9ebc20327cb3fc0785aeefccaf95619634a22187d3
1,20260807T103308Z_ba0a42aa462d_stage08_b02_formal_8b00011a,formal,20260807T103308Z,ba0a42aa462da55e69c556c27f1e8036989708f0,true,stage08_b02_parzen_scales_v1,2cf8b019151848ff2818a0e6bca92b27d9ba22f505dacbb0d59a6ec098e64372,operator,parzen,NA,NA,parzen,parzen__parzen_int8_10e3__9482981914ca9e0b__sym,parzen_int8_10e3,10^3,1000,window_positions=[1000],INT8,GPU,not_applicable,compatibility/end-to-end,PASS,OK,20,100,20,0.25107400000000002,true,9482981914ca9e0b9e75ced111b3131e1c17970370b8718d19bc8469e20f4a59,30309d1da7689782693cff9ebc20327cb3fc0785aeefccaf95619634a22187d3
1,20260807T103308Z_ba0a42aa462d_stage08_b02_formal_8b00011a,formal,20260807T103308Z,ba0a42aa462da55e69c556c27f1e8036989708f0,true,stage08_b02_parzen_scales_v1,2cf8b019151848ff2818a0e6bca92b27d9ba22f505dacbb0d59a6ec098e64372,operator,parzen,NA,NA,parzen,parzen__parzen_int8_10e3__9482981914ca9e0b__sym,parzen_int8_10e3,10^3,1000,window_positions=[1000],INT8,GPU,not_applicable,compatibility/end-to-end,PASS,OK,20,100,21,0.25123400000000001,true,9482981914ca9e0b9e75ced111b3131e1c17970370b8718d19bc8469e20f4a59,30309d1da7689782693cff9ebc20327cb3fc0785aeefccaf95619634a22187d3
1,20260807T103308Z_ba0a42aa462d_stage08_b02_formal_8b00011a,formal,20260807T103308Z,ba0a42aa462da55e69c556c27f1e8036989708f0,true,stage08_b02_parzen_scales_v1,2cf8b019151848ff2818a0e6bca92b27d9ba22f505dacbb0d59a6ec098e64372,operator,parzen,NA,NA,parzen,parzen__parzen_int8_10e3__9482981914ca9e0b__sym,parzen_int8_10e3,10^3,1000,window_positions=[1000],INT8,GPU,not_applicable,compatibility/end-to-end,PASS,OK,20,100,22,0.25322299999999998,true,9482981914ca9e0b9e75ced111b3131e1c17970370b8718d19bc8469e20f4a59,30309d1da7689782693cff9ebc20327cb3fc0785aeefccaf95619634a22187d3
1,20260807T103308Z_ba0a42aa462d_stage08_b02_formal_8b00011a,formal,20260807T103308Z,ba0a42aa462da55e69c556c27f1e8036989708f0,true,stage08_b02_parzen_scales_v1,2cf8b019151848ff2818a0e6bca92b27d9ba22f505dacbb0d59a6ec098e64372,operator,parzen,NA,NA,parzen,parzen__parzen_int8_10e3__9482981914ca9e0b__sym,parzen_int8_10e3,10^3,1000,window_positions=[1000],INT8,GPU,not_applicable,compatibility/end-to-end,PASS,OK,20,100,23,0.25209399999999998,true,9482981914ca9e0b9e75ced111b3131e1c17970370b8718d19bc8469e20f4a59,30309d1da7689782693cff9ebc20327cb3fc0785aeefccaf95619634a22187d3
1,20260807T103308Z_ba0a42aa462d_stage08_b02_formal_8b00011a,formal,20260807T103308Z,ba0a42aa462da55e69c556c27f1e8036989708f0,true,stage08_b02_parzen_scales_v1,2cf8b019151848ff2818a0e6bca92b27d9ba22f505dacbb0d59a6ec098e64372,operator,parzen,NA,NA,parzen,parzen__parzen_int8_10e3__9482981914ca9e0b__sym,parzen_int8_10e3,10^3,1000,window_positions=[1000],INT8,GPU,not_applicable,compatibility/end-to-end,PASS,OK,20,100,24,0.25354399999999999,true,9482981914ca9e0b9e75ced111b3131e1c17970370b8718d19bc8469e20f4a59,30309d1da7689782693cff9ebc20327cb3fc0785aeefccaf95619634a22187d3
1,20260807T103308Z_ba0a42aa462d_stage08_b02_formal_8b00011a,formal,20260807T103308Z,ba0a42aa462da55e69c556c27f1e8036989708f0,true,stage08_b02_parzen_scales_v1,2cf8b019151848ff2818a0e6bca92b27d9ba22f505dacbb0d59a6ec098e64372,operator,parzen,NA,NA,parzen,parzen__parzen_int8_10e3__9482981914ca9e0b__sym,parzen_int8_10e3,10^3,1000,window_positions=[1000],INT8,GPU,not_applicable,compatibility/end-to-end,PASS,OK,20,100,25,0.25213400000000002,true,9482981914ca9e0b9e75ced111b3131e1c17970370b8718d19bc8469e20f4a59,30309d1da7689782693cff9ebc20327cb3fc0785aeefccaf95619634a22187d3
1,20260807T103308Z_ba0a42aa462d_stage08_b02_formal_8b00011a,formal,20260807T103308Z,ba0a42aa462da55e69c556c27f1e8036989708f0,true,stage08_b02_parzen_scales_v1,2cf8b019151848ff2818a0e6bca92b27d9ba22f505dacbb0d59a6ec098e64372,operator,parzen,NA,NA,parzen,parzen__parzen_int8_10e3__9482981914ca9e0b__sym,parzen_int8_10e3,10^3,1000,window_positions=[1000],INT8,GPU,not_applicable,compatibility/end-to-end,PASS,OK,20,100,26,0.25434400000000001,true,9482981914ca9e0b9e75ced111b3131e1c17970370b8718d19bc8469e20f4a59,30309d1da7689782693cff9ebc20327cb3fc0785aeefccaf95619634a22187d3
1,20260807T103308Z_ba0a42aa462d_stage08_b02_formal_8b00011a,formal,20260807T103308Z,ba0a42aa462da55e69c556c27f1e8036989708f0,true,stage08_b02_parzen_scales_v1,2cf8b019151848ff2818a0e6bca92b27d9ba22f505dacbb0d59a6ec098e64372,operator,parzen,NA,NA,parzen,parzen__parzen_int8_10e3__9482981914ca9e0b__sym,parzen_int8_10e3,10^3,1000,window_positions=[1000],INT8,GPU,not_applicable,compatibility/end-to-end,PASS,OK,20,100,27,0.25298399999999999,true,9482981914ca9e0b9e75ced111b3131e1c17970370b8718d19bc8469e20f4a59,30309d1da7689782693cff9ebc20327cb3fc0785aeefccaf95619634a22187d3
1,20260807T103308Z_ba0a42aa462d_stage08_b02_formal_8b00011a,formal,20260807T103308Z,ba0a42aa462da55e69c556c27f1e8036989708f0,true,stage08_b02_parzen_scales_v1,2cf8b019151848ff2818a0e6bca92b27d9ba22f505dacbb0d59a6ec098e64372,operator,parzen,NA,NA,parzen,parzen__parzen_int8_10e3__9482981914ca9e0b__sym,parzen_int8_10e3,10^3,1000,window_positions=[1000],INT8,GPU,not_applicable,compatibility/end-to-end,PASS,OK,20,100,28,0.25211299999999998,true,9482981914ca9e0b9e75ced111b3131e1c17970370b8718d19bc8469e20f4a59,30309d1da7689782693cff9ebc20327cb3fc0785aeefccaf95619634a22187d3
1,20260807T103308Z_ba0a42aa462d_stage08_b02_formal_8b00011a,formal,20260807T103308Z,ba0a42aa462da55e69c556c27f1e8036989708f0,true,stage08_b02_parzen_scales_v1,2cf8b019151848ff2818a0e6bca92b27d9ba22f505dacbb0d59a6ec098e64372,operator,parzen,NA,NA,parzen,parzen__parzen_int8_10e3__9482981914ca9e0b__sym,parzen_int8_10e3,10^3,1000,window_positions=[1000],INT8,GPU,not_applicable,compatibility/end-to-end,PASS,OK,20,100,29,0.25358399999999998,true,9482981914ca9e0b9e75ced111b3131e1c17970370b8718d19bc8469e20f4a59,30309d1da7689782693cff9ebc20327cb3fc0785aeefccaf95619634a22187d3
1,20260807T103308Z_ba0a42aa462d_stage08_b02_formal_8b00011a,formal,20260807T103308Z,ba0a42aa462da55e69c556c27f1e8036989708f0,true,stage08_b02_parzen_scales_v1,2cf8b019151848ff2818a0e6bca92b27d9ba22f505dacbb0d59a6ec098e64372,operator,parzen,NA,NA,parzen,parzen__parzen_int8_10e3__9482981914ca9e0b__sym,parzen_int8_10e3,10^3,1000,window_positions=[1000],INT8,GPU,not_applicable,compatibility/end-to-end,PASS,OK,20,100,30,0.25210399999999999,true,9482981914ca9e0b9e75ced111b3131e1c17970370b8718d19bc8469e20f4a59,30309d1da7689782693cff9ebc20327cb3fc0785aeefccaf95619634a22187d3
1,20260807T103308Z_ba0a42aa462d_stage08_b02_formal_8b00011a,formal,20260807T103308Z,ba0a42aa462da55e69c556c27f1e8036989708f0,true,stage08_b02_parzen_scales_v1,2cf8b019151848ff2818a0e6bca92b27d9ba22f505dacbb0d59a6ec098e64372,operator,parzen,NA,NA,parzen,parzen__parzen_int8_10e3__9482981914ca9e0b__sym,parzen_int8_10e3,10^3,1000,window_positions=[1000],INT8,GPU,not_applicable,compatibility/end-to-end,PASS,OK,20,100,31,0.25045400000000001,true,9482981914ca9e0b9e75ced111b3131e1c17970370b8718d19bc8469e20f4a59,30309d1da7689782693cff9ebc20327cb3fc0785aeefccaf95619634a22187d3
1,20260807T103308Z_ba0a42aa462d_stage08_b02_formal_8b00011a,formal,20260807T103308Z,ba0a42aa462da55e69c556c27f1e8036989708f0,true,stage08_b02_parzen_scales_v1,2cf8b019151848ff2818a0e6bca92b27d9ba22f505dacbb0d59a6ec098e64372,operator,parzen,NA,NA,parzen,parzen__parzen_int8_10e3__9482981914ca9e0b__sym,parzen_int8_10e3,10^3,1000,window_positions=[1000],INT8,GPU,not_applicable,compatibility/end-to-end,PASS,OK,20,100,32,0.25392399999999998,true,9482981914ca9e0b9e75ced111b3131e1c17970370b8718d19bc8469e20f4a59,30309d1da7689782693cff9ebc20327cb3fc0785aeefccaf95619634a22187d3
1,20260807T103308Z_ba0a42aa462d_stage08_b02_formal_8b00011a,formal,20260807T103308Z,ba0a42aa462da55e69c556c27f1e8036989708f0,true,stage08_b02_parzen_scales_v1,2cf8b019151848ff2818a0e6bca92b27d9ba22f505dacbb0d59a6ec098e64372,operator,parzen,NA,NA,parzen,parzen__parzen_int8_10e3__9482981914ca9e0b__sym,parzen_int8_10e3,10^3,1000,window_positions=[1000],INT8,GPU,not_applicable,compatibility/end-to-end,PASS,OK,20,100,33,0.255274,true,9482981914ca9e0b9e75ced111b3131e1c17970370b8718d19bc8469e20f4a59,30309d1da7689782693cff9ebc20327cb3fc0785aeefccaf95619634a22187d3
1,20260807T103308Z_ba0a42aa462d_stage08_b02_formal_8b00011a,formal,20260807T103308Z,ba0a42aa462da55e69c556c27f1e8036989708f0,true,stage08_b02_parzen_scales_v1,2cf8b019151848ff2818a0e6bca92b27d9ba22f505dacbb0d59a6ec098e64372,operator,parzen,NA,NA,parzen,parzen__parzen_int8_10e3__9482981914ca9e0b__sym,parzen_int8_10e3,10^3,1000,window_positions=[1000],INT8,GPU,not_applicable,compatibility/end-to-end,PASS,OK,20,100,34,0.26363399999999998,true,9482981914ca9e0b9e75ced111b3131e1c17970370b8718d19bc8469e20f4a59,30309d1da7689782693cff9ebc20327cb3fc0785aeefccaf95619634a22187d3
1,20260807T103308Z_ba0a42aa462d_stage08_b02_formal_8b00011a,formal,20260807T103308Z,ba0a42aa462da55e69c556c27f1e8036989708f0,true,stage08_b02_parzen_scales_v1,2cf8b019151848ff2818a0e6bca92b27d9ba22f505dacbb0d59a6ec098e64372,operator,parzen,NA,NA,parzen,parzen__parzen_int8_10e3__9482981914ca9e0b__sym,parzen_int8_10e3,10^3,1000,window_positions=[1000],INT8,GPU,not_applicable,compatibility/end-to-end,PASS,OK,20,100,35,0.25517400000000001,true,9482981914ca9e0b9e75ced111b3131e1c17970370b8718d19bc8469e20f4a59,30309d1da7689782693cff9ebc20327cb3fc0785aeefccaf95619634a22187d3
1,20260807T103308Z_ba0a42aa462d_stage08_b02_formal_8b00011a,formal,20260807T103308Z,ba0a42aa462da55e69c556c27f1e8036989708f0,true,stage08_b02_parzen_scales_v1,2cf8b019151848ff2818a0e6bca92b27d9ba22f505dacbb0d59a6ec098e64372,operator,parzen,NA,NA,parzen,parzen__parzen_int8_10e3__9482981914ca9e0b__sym,parzen_int8_10e3,10^3,1000,window_positions=[1000],INT8,GPU,not_applicable,compatibility/end-to-end,PASS,OK,20,100,36,0.25534299999999999,true,9482981914ca9e0b9e75ced111b3131e1c17970370b8718d19bc8469e20f4a59,30309d1da7689782693cff9ebc20327cb3fc0785aeefccaf95619634a22187d3
1,20260807T103308Z_ba0a42aa462d_stage08_b02_formal_8b00011a,formal,20260807T103308Z,ba0a42aa462da55e69c556c27f1e8036989708f0,true,stage08_b02_parzen_scales_v1,2cf8b019151848ff2818a0e6bca92b27d9ba22f505dacbb0d59a6ec098e64372,operator,parzen,NA,NA,parzen,parzen__parzen_int8_10e3__9482981914ca9e0b__sym,parzen_int8_10e3,10^3,1000,window_positions=[1000],INT8,GPU,not_applicable,compatibility/end-to-end,PASS,OK,20,100,37,0.25526399999999999,true,9482981914ca9e0b9e75ced111b3131e1c17970370b8718d19bc8469e20f4a59,30309d1da7689782693cff9ebc20327cb3fc0785aeefccaf95619634a22187d3
1,20260807T103308Z_ba0a42aa462d_stage08_b02_formal_8b00011a,formal,20260807T103308Z,ba0a42aa462da55e69c556c27f1e8036989708f0,true,stage08_b02_parzen_scales_v1,2cf8b019151848ff2818a0e6bca92b27d9ba22f505dacbb0d59a6ec098e64372,operator,parzen,NA,NA,parzen,parzen__parzen_int8_10e3__9482981914ca9e0b__sym,parzen_int8_10e3,10^3,1000,window_positions=[1000],INT8,GPU,not_applicable,compatibility/end-to-end,PASS,OK,20,100,38,0.25298399999999999,true,9482981914ca9e0b9e75ced111b3131e1c17970370b8718d19bc8469e20f4a59,30309d1da7689782693cff9ebc20327cb3fc0785aeefccaf95619634a22187d3
1,20260807T103308Z_ba0a42aa462d_stage08_b02_formal_8b00011a,formal,20260807T103308Z,ba0a42aa462da55e69c556c27f1e8036989708f0,true,stage08_b02_parzen_scales_v1,2cf8b019151848ff2818a0e6bca92b27d9ba22f505dacbb0d59a6ec098e64372,operator,parzen,NA,NA,parzen,parzen__parzen_int8_10e3__9482981914ca9e0b__sym,parzen_int8_10e3,10^3,1000,window_positions=[1000],INT8,GPU,not_applicable,compatibility/end-to-end,PASS,OK,20,100,39,0.25815399999999999,true,9482981914ca9e0b9e75ced111b3131e1c17970370b8718d19bc8469e20f4a59,30309d1da7689782693cff9ebc20327cb3fc0785aeefccaf95619634a22187d3
1,20260807T103308Z_ba0a42aa462d_stage08_b02_formal_8b00011a,formal,20260807T103308Z,ba0a42aa462da55e69c556c27f1e8036989708f0,true,stage08_b02_parzen_scales_v1,2cf8b019151848ff2818a0e6bca92b27d9ba22f505dacbb0d59a6ec098e64372,operator,parzen,NA,NA,parzen,parzen__parzen_int8_10e3__9482981914ca9e0b__sym,parzen_int8_10e3,10^3,1000,window_positions=[1000],INT8,GPU,not_applicable,compatibility/end-to-end,PASS,OK,20,100,40,0.25396400000000002,true,9482981914ca9e0b9e75ced111b3131e1c17970370b8718d19bc8469e20f4a59,30309d1da7689782693cff9ebc20327cb3fc0785aeefccaf95619634a22187d3
1,20260807T103308Z_ba0a42aa462d_stage08_b02_formal_8b00011a,formal,20260807T103308Z,ba0a42aa462da55e69c556c27f1e8036989708f0,true,stage08_b02_parzen_scales_v1,2cf8b019151848ff2818a0e6bca92b27d9ba22f505dacbb0d59a6ec098e64372,operator,parzen,NA,NA,parzen,parzen__parzen_int8_10e3__9482981914ca9e0b__sym,parzen_int8_10e3,10^3,1000,window_positions=[1000],INT8,GPU,not_applicable,compatibility/end-to-end,PASS,OK,20,100,41,0.25513400000000003,true,9482981914ca9e0b9e75ced111b3131e1c17970370b8718d19bc8469e20f4a59,30309d1da7689782693cff9ebc20327cb3fc0785aeefccaf95619634a22187d3
1,20260807T103308Z_ba0a42aa462d_stage08_b02_formal_8b00011a,formal,20260807T103308Z,ba0a42aa462da55e69c556c27f1e8036989708f0,true,stage08_b02_parzen_scales_v1,2cf8b019151848ff2818a0e6bca92b27d9ba22f505dacbb0d59a6ec098e64372,operator,parzen,NA,NA,parzen,parzen__parzen_int8_10e3__9482981914ca9e0b__sym,parzen_int8_10e3,10^3,1000,window_positions=[1000],INT8,GPU,not_applicable,compatibility/end-to-end,PASS,OK,20,100,42,0.25479400000000002,true,9482981914ca9e0b9e75ced111b3131e1c17970370b8718d19bc8469e20f4a59,30309d1da7689782693cff9ebc20327cb3fc0785aeefccaf95619634a22187d3
1,20260807T103308Z_ba0a42aa462d_stage08_b02_formal_8b00011a,formal,20260807T103308Z,ba0a42aa462da55e69c556c27f1e8036989708f0,true,stage08_b02_parzen_scales_v1,2cf8b019151848ff2818a0e6bca92b27d9ba22f505dacbb0d59a6ec098e64372,operator,parzen,NA,NA,parzen,parzen__parzen_int8_10e3__9482981914ca9e0b__sym,parzen_int8_10e3,10^3,1000,window_positions=[1000],INT8,GPU,not_applicable,compatibility/end-to-end,PASS,OK,20,100,43,0.25653399999999998,true,9482981914ca9e0b9e75ced111b3131e1c17970370b8718d19bc8469e20f4a59,30309d1da7689782693cff9ebc20327cb3fc0785aeefccaf95619634a22187d3
1,20260807T103308Z_ba0a42aa462d_stage08_b02_formal_8b00011a,formal,20260807T103308Z,ba0a42aa462da55e69c556c27f1e8036989708f0,true,stage08_b02_parzen_scales_v1,2cf8b019151848ff2818a0e6bca92b27d9ba22f505dacbb0d59a6ec098e64372,operator,parzen,NA,NA,parzen,parzen__parzen_int8_10e3__9482981914ca9e0b__sym,parzen_int8_10e3,10^3,1000,window_positions=[1000],INT8,GPU,not_applicable,compatibility/end-to-end,PASS,OK,20,100,44,0.31929400000000002,true,9482981914ca9e0b9e75ced111b3131e1c17970370b8718d19bc8469e20f4a59,30309d1da7689782693cff9ebc20327cb3fc0785aeefccaf95619634a22187d3
1,20260807T103308Z_ba0a42aa462d_stage08_b02_formal_8b00011a,formal,20260807T103308Z,ba0a42aa462da55e69c556c27f1e8036989708f0,true,stage08_b02_parzen_scales_v1,2cf8b019151848ff2818a0e6bca92b27d9ba22f505dacbb0d59a6ec098e64372,operator,parzen,NA,NA,parzen,parzen__parzen_int8_10e3__9482981914ca9e0b__sym,parzen_int8_10e3,10^3,1000,window_positions=[1000],INT8,GPU,not_applicable,compatibility/end-to-end,PASS,OK,20,100,45,0.250774,true,9482981914ca9e0b9e75ced111b3131e1c17970370b8718d19bc8469e20f4a59,30309d1da7689782693cff9ebc20327cb3fc0785aeefccaf95619634a22187d3
1,20260807T103308Z_ba0a42aa462d_stage08_b02_formal_8b00011a,formal,20260807T103308Z,ba0a42aa462da55e69c556c27f1e8036989708f0,true,stage08_b02_parzen_scales_v1,2cf8b019151848ff2818a0e6bca92b27d9ba22f505dacbb0d59a6ec098e64372,operator,parzen,NA,NA,parzen,parzen__parzen_int8_10e3__9482981914ca9e0b__sym,parzen_int8_10e3,10^3,1000,window_positions=[1000],INT8,GPU,not_applicable,compatibility/end-to-end,PASS,OK,20,100,46,0.25204399999999999,true,9482981914ca9e0b9e75ced111b3131e1c17970370b8718d19bc8469e20f4a59,30309d1da7689782693cff9ebc20327cb3fc0785aeefccaf95619634a22187d3
1,20260807T103308Z_ba0a42aa462d_stage08_b02_formal_8b00011a,formal,20260807T103308Z,ba0a42aa462da55e69c556c27f1e8036989708f0,true,stage08_b02_parzen_scales_v1,2cf8b019151848ff2818a0e6bca92b27d9ba22f505dacbb0d59a6ec098e64372,operator,parzen,NA,NA,parzen,parzen__parzen_int8_10e3__9482981914ca9e0b__sym,parzen_int8_10e3,10^3,1000,window_positions=[1000],INT8,GPU,not_applicable,compatibility/end-to-end,PASS,OK,20,100,47,0.25141400000000003,true,9482981914ca9e0b9e75ced111b3131e1c17970370b8718d19bc8469e20f4a59,30309d1da7689782693cff9ebc20327cb3fc0785aeefccaf95619634a22187d3
1,20260807T103308Z_ba0a42aa462d_stage08_b02_formal_8b00011a,formal,20260807T103308Z,ba0a42aa462da55e69c556c27f1e8036989708f0,true,stage08_b02_parzen_scales_v1,2cf8b019151848ff2818a0e6bca92b27d9ba22f505dacbb0d59a6ec098e64372,operator,parzen,NA,NA,parzen,parzen__parzen_int8_10e3__9482981914ca9e0b__sym,parzen_int8_10e3,10^3,1000,window_positions=[1000],INT8,GPU,not_applicable,compatibility/end-to-end,PASS,OK,20,100,48,0.24716399999999999,true,9482981914ca9e0b9e75ced111b3131e1c17970370b8718d19bc8469e20f4a59,30309d1da7689782693cff9ebc20327cb3fc0785aeefccaf95619634a22187d3
1,20260807T103308Z_ba0a42aa462d_stage08_b02_formal_8b00011a,formal,20260807T103308Z,ba0a42aa462da55e69c556c27f1e8036989708f0,true,stage08_b02_parzen_scales_v1,2cf8b019151848ff2818a0e6bca92b27d9ba22f505dacbb0d59a6ec098e64372,operator,parzen,NA,NA,parzen,parzen__parzen_int8_10e3__9482981914ca9e0b__sym,parzen_int8_10e3,10^3,1000,window_positions=[1000],INT8,GPU,not_applicable,compatibility/end-to-end,PASS,OK,20,100,49,0.26079400000000003,true,9482981914ca9e0b9e75ced111b3131e1c17970370b8718d19bc8469e20f4a59,30309d1da7689782693cff9ebc20327cb3fc0785aeefccaf95619634a22187d3
1,20260807T103308Z_ba0a42aa462d_stage08_b02_formal_8b00011a,formal,20260807T103308Z,ba0a42aa462da55e69c556c27f1e8036989708f0,true,stage08_b02_parzen_scales_v1,2cf8b019151848ff2818a0e6bca92b27d9ba22f505dacbb0d59a6ec098e64372,operator,parzen,NA,NA,parzen,parzen__parzen_int8_10e3__9482981914ca9e0b__sym,parzen_int8_10e3,10^3,1000,window_positions=[1000],INT8,GPU,not_applicable,compatibility/end-to-end,PASS,OK,20,100,50,0.25607400000000002,true,9482981914ca9e0b9e75ced111b3131e1c17970370b8718d19bc8469e20f4a59,30309d1da7689782693cff9ebc20327cb3fc0785aeefccaf95619634a22187d3
1,20260807T103308Z_ba0a42aa462d_stage08_b02_formal_8b00011a,formal,20260807T103308Z,ba0a42aa462da55e69c556c27f1e8036989708f0,true,stage08_b02_parzen_scales_v1,2cf8b019151848ff2818a0e6bca92b27d9ba22f505dacbb0d59a6ec098e64372,operator,parzen,NA,NA,parzen,parzen__parzen_int8_10e3__9482981914ca9e0b__sym,parzen_int8_10e3,10^3,1000,window_positions=[1000],INT8,GPU,not_applicable,compatibility/end-to-end,PASS,OK,20,100,51,0.26052399999999998,true,9482981914ca9e0b9e75ced111b3131e1c17970370b8718d19bc8469e20f4a59,30309d1da7689782693cff9ebc20327cb3fc0785aeefccaf95619634a22187d3
1,20260807T103308Z_ba0a42aa462d_stage08_b02_formal_8b00011a,formal,20260807T103308Z,ba0a42aa462da55e69c556c27f1e8036989708f0,true,stage08_b02_parzen_scales_v1,2cf8b019151848ff2818a0e6bca92b27d9ba22f505dacbb0d59a6ec098e64372,operator,parzen,NA,NA,parzen,parzen__parzen_int8_10e3__9482981914ca9e0b__sym,parzen_int8_10e3,10^3,1000,window_positions=[1000],INT8,GPU,not_applicable,compatibility/end-to-end,PASS,OK,20,100,52,0.25561400000000001,true,9482981914ca9e0b9e75ced111b3131e1c17970370b8718d19bc8469e20f4a59,30309d1da7689782693cff9ebc20327cb3fc0785aeefccaf95619634a22187d3
1,20260807T103308Z_ba0a42aa462d_stage08_b02_formal_8b00011a,formal,20260807T103308Z,ba0a42aa462da55e69c556c27f1e8036989708f0,true,stage08_b02_parzen_scales_v1,2cf8b019151848ff2818a0e6bca92b27d9ba22f505dacbb0d59a6ec098e64372,operator,parzen,NA,NA,parzen,parzen__parzen_int8_10e3__9482981914ca9e0b__sym,parzen_int8_10e3,10^3,1000,window_positions=[1000],INT8,GPU,not_applicable,compatibility/end-to-end,PASS,OK,20,100,53,0.256073,true,9482981914ca9e0b9e75ced111b3131e1c17970370b8718d19bc8469e20f4a59,30309d1da7689782693cff9ebc20327cb3fc0785aeefccaf95619634a22187d3
1,20260807T103308Z_ba0a42aa462d_stage08_b02_formal_8b00011a,formal,20260807T103308Z,ba0a42aa462da55e69c556c27f1e8036989708f0,true,stage08_b02_parzen_scales_v1,2cf8b019151848ff2818a0e6bca92b27d9ba22f505dacbb0d59a6ec098e64372,operator,parzen,NA,NA,parzen,parzen__parzen_int8_10e3__9482981914ca9e0b__sym,parzen_int8_10e3,10^3,1000,window_positions=[1000],INT8,GPU,not_applicable,compatibility/end-to-end,PASS,OK,20,100,54,0.25157400000000002,true,9482981914ca9e0b9e75ced111b3131e1c17970370b8718d19bc8469e20f4a59,30309d1da7689782693cff9ebc20327cb3fc0785aeefccaf95619634a22187d3
1,20260807T103308Z_ba0a42aa462d_stage08_b02_formal_8b00011a,formal,20260807T103308Z,ba0a42aa462da55e69c556c27f1e8036989708f0,true,stage08_b02_parzen_scales_v1,2cf8b019151848ff2818a0e6bca92b27d9ba22f505dacbb0d59a6ec098e64372,operator,parzen,NA,NA,parzen,parzen__parzen_int8_10e3__9482981914ca9e0b__sym,parzen_int8_10e3,10^3,1000,window_positions=[1000],INT8,GPU,not_applicable,compatibility/end-to-end,PASS,OK,20,100,55,0.25801400000000002,true,9482981914ca9e0b9e75ced111b3131e1c17970370b8718d19bc8469e20f4a59,30309d1da7689782693cff9ebc20327cb3fc0785aeefccaf95619634a22187d3
1,20260807T103308Z_ba0a42aa462d_stage08_b02_formal_8b00011a,formal,20260807T103308Z,ba0a42aa462da55e69c556c27f1e8036989708f0,true,stage08_b02_parzen_scales_v1,2cf8b019151848ff2818a0e6bca92b27d9ba22f505dacbb0d59a6ec098e64372,operator,parzen,NA,NA,parzen,parzen__parzen_int8_10e3__9482981914ca9e0b__sym,parzen_int8_10e3,10^3,1000,window_positions=[1000],INT8,GPU,not_applicable,compatibility/end-to-end,PASS,OK,20,100,56,0.255994,true,9482981914ca9e0b9e75ced111b3131e1c17970370b8718d19bc8469e20f4a59,30309d1da7689782693cff9ebc20327cb3fc0785aeefccaf95619634a22187d3
1,20260807T103308Z_ba0a42aa462d_stage08_b02_formal_8b00011a,formal,20260807T103308Z,ba0a42aa462da55e69c556c27f1e8036989708f0,true,stage08_b02_parzen_scales_v1,2cf8b019151848ff2818a0e6bca92b27d9ba22f505dacbb0d59a6ec098e64372,operator,parzen,NA,NA,parzen,parzen__parzen_int8_10e3__9482981914ca9e0b__sym,parzen_int8_10e3,10^3,1000,window_positions=[1000],INT8,GPU,not_applicable,compatibility/end-to-end,PASS,OK,20,100,57,0.25474400000000003,true,9482981914ca9e0b9e75ced111b3131e1c17970370b8718d19bc8469e20f4a59,30309d1da7689782693cff9ebc20327cb3fc0785aeefccaf95619634a22187d3
1,20260807T103308Z_ba0a42aa462d_stage08_b02_formal_8b00011a,formal,20260807T103308Z,ba0a42aa462da55e69c556c27f1e8036989708f0,true,stage08_b02_parzen_scales_v1,2cf8b019151848ff2818a0e6bca92b27d9ba22f505dacbb0d59a6ec098e64372,operator,parzen,NA,NA,parzen,parzen__parzen_int8_10e3__9482981914ca9e0b__sym,parzen_int8_10e3,10^3,1000,window_positions=[1000],INT8,GPU,not_applicable,compatibility/end-to-end,PASS,OK,20,100,58,0.24879399999999999,true,9482981914ca9e0b9e75ced111b3131e1c17970370b8718d19bc8469e20f4a59,30309d1da7689782693cff9ebc20327cb3fc0785aeefccaf95619634a22187d3
1,20260807T103308Z_ba0a42aa462d_stage08_b02_formal_8b00011a,formal,20260807T103308Z,ba0a42aa462da55e69c556c27f1e8036989708f0,true,stage08_b02_parzen_scales_v1,2cf8b019151848ff2818a0e6bca92b27d9ba22f505dacbb0d59a6ec098e64372,operator,parzen,NA,NA,parzen,parzen__parzen_int8_10e3__9482981914ca9e0b__sym,parzen_int8_10e3,10^3,1000,window_positions=[1000],INT8,GPU,not_applicable,compatibility/end-to-end,PASS,OK,20,100,59,0.25245400000000001,true,9482981914ca9e0b9e75ced111b3131e1c17970370b8718d19bc8469e20f4a59,30309d1da7689782693cff9ebc20327cb3fc0785aeefccaf95619634a22187d3
1,20260807T103308Z_ba0a42aa462d_stage08_b02_formal_8b00011a,formal,20260807T103308Z,ba0a42aa462da55e69c556c27f1e8036989708f0,true,stage08_b02_parzen_scales_v1,2cf8b019151848ff2818a0e6bca92b27d9ba22f505dacbb0d59a6ec098e64372,operator,parzen,NA,NA,parzen,parzen__parzen_int8_10e3__9482981914ca9e0b__sym,parzen_int8_10e3,10^3,1000,window_positions=[1000],INT8,GPU,not_applicable,compatibility/end-to-end,PASS,OK,20,100,60,0.253104,true,9482981914ca9e0b9e75ced111b3131e1c17970370b8718d19bc8469e20f4a59,30309d1da7689782693cff9ebc20327cb3fc0785aeefccaf95619634a22187d3
1,20260807T103308Z_ba0a42aa462d_stage08_b02_formal_8b00011a,formal,20260807T103308Z,ba0a42aa462da55e69c556c27f1e8036989708f0,true,stage08_b02_parzen_scales_v1,2cf8b019151848ff2818a0e6bca92b27d9ba22f505dacbb0d59a6ec098e64372,operator,parzen,NA,NA,parzen,parzen__parzen_int8_10e3__9482981914ca9e0b__sym,parzen_int8_10e3,10^3,1000,window_positions=[1000],INT8,GPU,not_applicable,compatibility/end-to-end,PASS,OK,20,100,61,0.251834,true,9482981914ca9e0b9e75ced111b3131e1c17970370b8718d19bc8469e20f4a59,30309d1da7689782693cff9ebc20327cb3fc0785aeefccaf95619634a22187d3
1,20260807T103308Z_ba0a42aa462d_stage08_b02_formal_8b00011a,formal,20260807T103308Z,ba0a42aa462da55e69c556c27f1e8036989708f0,true,stage08_b02_parzen_scales_v1,2cf8b019151848ff2818a0e6bca92b27d9ba22f505dacbb0d59a6ec098e64372,operator,parzen,NA,NA,parzen,parzen__parzen_int8_10e3__9482981914ca9e0b__sym,parzen_int8_10e3,10^3,1000,window_positions=[1000],INT8,GPU,not_applicable,compatibility/end-to-end,PASS,OK,20,100,62,0.249393,true,9482981914ca9e0b9e75ced111b3131e1c17970370b8718d19bc8469e20f4a59,30309d1da7689782693cff9ebc20327cb3fc0785aeefccaf95619634a22187d3
1,20260807T103308Z_ba0a42aa462d_stage08_b02_formal_8b00011a,formal,20260807T103308Z,ba0a42aa462da55e69c556c27f1e8036989708f0,true,stage08_b02_parzen_scales_v1,2cf8b019151848ff2818a0e6bca92b27d9ba22f505dacbb0d59a6ec098e64372,operator,parzen,NA,NA,parzen,parzen__parzen_int8_10e3__9482981914ca9e0b__sym,parzen_int8_10e3,10^3,1000,window_positions=[1000],INT8,GPU,not_applicable,compatibility/end-to-end,PASS,OK,20,100,63,0.25456400000000001,true,9482981914ca9e0b9e75ced111b3131e1c17970370b8718d19bc8469e20f4a59,30309d1da7689782693cff9ebc20327cb3fc0785aeefccaf95619634a22187d3
1,20260807T103308Z_ba0a42aa462d_stage08_b02_formal_8b00011a,formal,20260807T103308Z,ba0a42aa462da55e69c556c27f1e8036989708f0,true,stage08_b02_parzen_scales_v1,2cf8b019151848ff2818a0e6bca92b27d9ba22f505dacbb0d59a6ec098e64372,operator,parzen,NA,NA,parzen,parzen__parzen_int8_10e3__9482981914ca9e0b__sym,parzen_int8_10e3,10^3,1000,window_positions=[1000],INT8,GPU,not_applicable,compatibility/end-to-end,PASS,OK,20,100,64,0.24998400000000001,true,9482981914ca9e0b9e75ced111b3131e1c17970370b8718d19bc8469e20f4a59,30309d1da7689782693cff9ebc20327cb3fc0785aeefccaf95619634a22187d3
1,20260807T103308Z_ba0a42aa462d_stage08_b02_formal_8b00011a,formal,20260807T103308Z,ba0a42aa462da55e69c556c27f1e8036989708f0,true,stage08_b02_parzen_scales_v1,2cf8b019151848ff2818a0e6bca92b27d9ba22f505dacbb0d59a6ec098e64372,operator,parzen,NA,NA,parzen,parzen__parzen_int8_10e3__9482981914ca9e0b__sym,parzen_int8_10e3,10^3,1000,window_positions=[1000],INT8,GPU,not_applicable,compatibility/end-to-end,PASS,OK,20,100,65,0.26386399999999999,true,9482981914ca9e0b9e75ced111b3131e1c17970370b8718d19bc8469e20f4a59,30309d1da7689782693cff9ebc20327cb3fc0785aeefccaf95619634a22187d3
1,20260807T103308Z_ba0a42aa462d_stage08_b02_formal_8b00011a,formal,20260807T103308Z,ba0a42aa462da55e69c556c27f1e8036989708f0,true,stage08_b02_parzen_scales_v1,2cf8b019151848ff2818a0e6bca92b27d9ba22f505dacbb0d59a6ec098e64372,operator,parzen,NA,NA,parzen,parzen__parzen_int8_10e3__9482981914ca9e0b__sym,parzen_int8_10e3,10^3,1000,window_positions=[1000],INT8,GPU,not_applicable,compatibility/end-to-end,PASS,OK,20,100,66,0.25365399999999999,true,9482981914ca9e0b9e75ced111b3131e1c17970370b8718d19bc8469e20f4a59,30309d1da7689782693cff9ebc20327cb3fc0785aeefccaf95619634a22187d3
1,20260807T103308Z_ba0a42aa462d_stage08_b02_formal_8b00011a,formal,20260807T103308Z,ba0a42aa462da55e69c556c27f1e8036989708f0,true,stage08_b02_parzen_scales_v1,2cf8b019151848ff2818a0e6bca92b27d9ba22f505dacbb0d59a6ec098e64372,operator,parzen,NA,NA,parzen,parzen__parzen_int8_10e3__9482981914ca9e0b__sym,parzen_int8_10e3,10^3,1000,window_positions=[1000],INT8,GPU,not_applicable,compatibility/end-to-end,PASS,OK,20,100,67,0.25569399999999998,true,9482981914ca9e0b9e75ced111b3131e1c17970370b8718d19bc8469e20f4a59,30309d1da7689782693cff9ebc20327cb3fc0785aeefccaf95619634a22187d3
1,20260807T103308Z_ba0a42aa462d_stage08_b02_formal_8b00011a,formal,20260807T103308Z,ba0a42aa462da55e69c556c27f1e8036989708f0,true,stage08_b02_parzen_scales_v1,2cf8b019151848ff2818a0e6bca92b27d9ba22f505dacbb0d59a6ec098e64372,operator,parzen,NA,NA,parzen,parzen__parzen_int8_10e3__9482981914ca9e0b__sym,parzen_int8_10e3,10^3,1000,window_positions=[1000],INT8,GPU,not_applicable,compatibility/end-to-end,PASS,OK,20,100,68,0.25221399999999999,true,9482981914ca9e0b9e75ced111b3131e1c17970370b8718d19bc8469e20f4a59,30309d1da7689782693cff9ebc20327cb3fc0785aeefccaf95619634a22187d3
1,20260807T103308Z_ba0a42aa462d_stage08_b02_formal_8b00011a,formal,20260807T103308Z,ba0a42aa462da55e69c556c27f1e8036989708f0,true,stage08_b02_parzen_scales_v1,2cf8b019151848ff2818a0e6bca92b27d9ba22f505dacbb0d59a6ec098e64372,operator,parzen,NA,NA,parzen,parzen__parzen_int8_10e3__9482981914ca9e0b__sym,parzen_int8_10e3,10^3,1000,window_positions=[1000],INT8,GPU,not_applicable,compatibility/end-to-end,PASS,OK,20,100,69,0.253554,true,9482981914ca9e0b9e75ced111b3131e1c17970370b8718d19bc8469e20f4a59,30309d1da7689782693cff9ebc20327cb3fc0785aeefccaf95619634a22187d3
1,20260807T103308Z_ba0a42aa462d_stage08_b02_formal_8b00011a,formal,20260807T103308Z,ba0a42aa462da55e69c556c27f1e8036989708f0,true,stage08_b02_parzen_scales_v1,2cf8b019151848ff2818a0e6bca92b27d9ba22f505dacbb0d59a6ec098e64372,operator,parzen,NA,NA,parzen,parzen__parzen_int8_10e3__9482981914ca9e0b__sym,parzen_int8_10e3,10^3,1000,window_positions=[1000],INT8,GPU,not_applicable,compatibility/end-to-end,PASS,OK,20,100,70,0.251133,true,9482981914ca9e0b9e75ced111b3131e1c17970370b8718d19bc8469e20f4a59,30309d1da7689782693cff9ebc20327cb3fc0785aeefccaf95619634a22187d3
1,20260807T103308Z_ba0a42aa462d_stage08_b02_formal_8b00011a,formal,20260807T103308Z,ba0a42aa462da55e69c556c27f1e8036989708f0,true,stage08_b02_parzen_scales_v1,2cf8b019151848ff2818a0e6bca92b27d9ba22f505dacbb0d59a6ec098e64372,operator,parzen,NA,NA,parzen,parzen__parzen_int8_10e3__9482981914ca9e0b__sym,parzen_int8_10e3,10^3,1000,window_positions=[1000],INT8,GPU,not_applicable,compatibility/end-to-end,PASS,OK,20,100,71,0.25513400000000003,true,9482981914ca9e0b9e75ced111b3131e1c17970370b8718d19bc8469e20f4a59,30309d1da7689782693cff9ebc20327cb3fc0785aeefccaf95619634a22187d3
1,20260807T103308Z_ba0a42aa462d_stage08_b02_formal_8b00011a,formal,20260807T103308Z,ba0a42aa462da55e69c556c27f1e8036989708f0,true,stage08_b02_parzen_scales_v1,2cf8b019151848ff2818a0e6bca92b27d9ba22f505dacbb0d59a6ec098e64372,operator,parzen,NA,NA,parzen,parzen__parzen_int8_10e3__9482981914ca9e0b__sym,parzen_int8_10e3,10^3,1000,window_positions=[1000],INT8,GPU,not_applicable,compatibility/end-to-end,PASS,OK,20,100,72,0.251494,true,9482981914ca9e0b9e75ced111b3131e1c17970370b8718d19bc8469e20f4a59,30309d1da7689782693cff9ebc20327cb3fc0785aeefccaf95619634a22187d3
1,20260807T103308Z_ba0a42aa462d_stage08_b02_formal_8b00011a,formal,20260807T103308Z,ba0a42aa462da55e69c556c27f1e8036989708f0,true,stage08_b02_parzen_scales_v1,2cf8b019151848ff2818a0e6bca92b27d9ba22f505dacbb0d59a6ec098e64372,operator,parzen,NA,NA,parzen,parzen__parzen_int8_10e3__9482981914ca9e0b__sym,parzen_int8_10e3,10^3,1000,window_positions=[1000],INT8,GPU,not_applicable,compatibility/end-to-end,PASS,OK,20,100,73,0.25273400000000001,true,9482981914ca9e0b9e75ced111b3131e1c17970370b8718d19bc8469e20f4a59,30309d1da7689782693cff9ebc20327cb3fc0785aeefccaf95619634a22187d3
1,20260807T103308Z_ba0a42aa462d_stage08_b02_formal_8b00011a,formal,20260807T103308Z,ba0a42aa462da55e69c556c27f1e8036989708f0,true,stage08_b02_parzen_scales_v1,2cf8b019151848ff2818a0e6bca92b27d9ba22f505dacbb0d59a6ec098e64372,operator,parzen,NA,NA,parzen,parzen__parzen_int8_10e3__9482981914ca9e0b__sym,parzen_int8_10e3,10^3,1000,window_positions=[1000],INT8,GPU,not_applicable,compatibility/end-to-end,PASS,OK,20,100,74,0.25372400000000001,true,9482981914ca9e0b9e75ced111b3131e1c17970370b8718d19bc8469e20f4a59,30309d1da7689782693cff9ebc20327cb3fc0785aeefccaf95619634a22187d3
1,20260807T103308Z_ba0a42aa462d_stage08_b02_formal_8b00011a,formal,20260807T103308Z,ba0a42aa462da55e69c556c27f1e8036989708f0,true,stage08_b02_parzen_scales_v1,2cf8b019151848ff2818a0e6bca92b27d9ba22f505dacbb0d59a6ec098e64372,operator,parzen,NA,NA,parzen,parzen__parzen_int8_10e3__9482981914ca9e0b__sym,parzen_int8_10e3,10^3,1000,window_positions=[1000],INT8,GPU,not_applicable,compatibility/end-to-end,PASS,OK,20,100,75,0.25844400000000001,true,9482981914ca9e0b9e75ced111b3131e1c17970370b8718d19bc8469e20f4a59,30309d1da7689782693cff9ebc20327cb3fc0785aeefccaf95619634a22187d3
1,20260807T103308Z_ba0a42aa462d_stage08_b02_formal_8b00011a,formal,20260807T103308Z,ba0a42aa462da55e69c556c27f1e8036989708f0,true,stage08_b02_parzen_scales_v1,2cf8b019151848ff2818a0e6bca92b27d9ba22f505dacbb0d59a6ec098e64372,operator,parzen,NA,NA,parzen,parzen__parzen_int8_10e3__9482981914ca9e0b__sym,parzen_int8_10e3,10^3,1000,window_positions=[1000],INT8,GPU,not_applicable,compatibility/end-to-end,PASS,OK,20,100,76,0.25151400000000002,true,9482981914ca9e0b9e75ced111b3131e1c17970370b8718d19bc8469e20f4a59,30309d1da7689782693cff9ebc20327cb3fc0785aeefccaf95619634a22187d3
1,20260807T103308Z_ba0a42aa462d_stage08_b02_formal_8b00011a,formal,20260807T103308Z,ba0a42aa462da55e69c556c27f1e8036989708f0,true,stage08_b02_parzen_scales_v1,2cf8b019151848ff2818a0e6bca92b27d9ba22f505dacbb0d59a6ec098e64372,operator,parzen,NA,NA,parzen,parzen__parzen_int8_10e3__9482981914ca9e0b__sym,parzen_int8_10e3,10^3,1000,window_positions=[1000],INT8,GPU,not_applicable,compatibility/end-to-end,PASS,OK,20,100,77,0.25307299999999999,true,9482981914ca9e0b9e75ced111b3131e1c17970370b8718d19bc8469e20f4a59,30309d1da7689782693cff9ebc20327cb3fc0785aeefccaf95619634a22187d3
1,20260807T103308Z_ba0a42aa462d_stage08_b02_formal_8b00011a,formal,20260807T103308Z,ba0a42aa462da55e69c556c27f1e8036989708f0,true,stage08_b02_parzen_scales_v1,2cf8b019151848ff2818a0e6bca92b27d9ba22f505dacbb0d59a6ec098e64372,operator,parzen,NA,NA,parzen,parzen__parzen_int8_10e3__9482981914ca9e0b__sym,parzen_int8_10e3,10^3,1000,window_positions=[1000],INT8,GPU,not_applicable,compatibility/end-to-end,PASS,OK,20,100,78,0.25152400000000003,true,9482981914ca9e0b9e75ced111b3131e1c17970370b8718d19bc8469e20f4a59,30309d1da7689782693cff9ebc20327cb3fc0785aeefccaf95619634a22187d3
1,20260807T103308Z_ba0a42aa462d_stage08_b02_formal_8b00011a,formal,20260807T103308Z,ba0a42aa462da55e69c556c27f1e8036989708f0,true,stage08_b02_parzen_scales_v1,2cf8b019151848ff2818a0e6bca92b27d9ba22f505dacbb0d59a6ec098e64372,operator,parzen,NA,NA,parzen,parzen__parzen_int8_10e3__9482981914ca9e0b__sym,parzen_int8_10e3,10^3,1000,window_positions=[1000],INT8,GPU,not_applicable,compatibility/end-to-end,PASS,OK,20,100,79,0.25794400000000001,true,9482981914ca9e0b9e75ced111b3131e1c17970370b8718d19bc8469e20f4a59,30309d1da7689782693cff9ebc20327cb3fc0785aeefccaf95619634a22187d3
1,20260807T103308Z_ba0a42aa462d_stage08_b02_formal_8b00011a,formal,20260807T103308Z,ba0a42aa462da55e69c556c27f1e8036989708f0,true,stage08_b02_parzen_scales_v1,2cf8b019151848ff2818a0e6bca92b27d9ba22f505dacbb0d59a6ec098e64372,operator,parzen,NA,NA,parzen,parzen__parzen_int8_10e3__9482981914ca9e0b__sym,parzen_int8_10e3,10^3,1000,window_positions=[1000],INT8,GPU,not_applicable,compatibility/end-to-end,PASS,OK,20,100,80,0.251944,true,9482981914ca9e0b9e75ced111b3131e1c17970370b8718d19bc8469e20f4a59,30309d1da7689782693cff9ebc20327cb3fc0785aeefccaf95619634a22187d3
1,20260807T103308Z_ba0a42aa462d_stage08_b02_formal_8b00011a,formal,20260807T103308Z,ba0a42aa462da55e69c556c27f1e8036989708f0,true,stage08_b02_parzen_scales_v1,2cf8b019151848ff2818a0e6bca92b27d9ba22f505dacbb0d59a6ec098e64372,operator,parzen,NA,NA,parzen,parzen__parzen_int8_10e3__9482981914ca9e0b__sym,parzen_int8_10e3,10^3,1000,window_positions=[1000],INT8,GPU,not_applicable,compatibility/end-to-end,PASS,OK,20,100,81,0.27440399999999998,true,9482981914ca9e0b9e75ced111b3131e1c17970370b8718d19bc8469e20f4a59,30309d1da7689782693cff9ebc20327cb3fc0785aeefccaf95619634a22187d3
1,20260807T103308Z_ba0a42aa462d_stage08_b02_formal_8b00011a,formal,20260807T103308Z,ba0a42aa462da55e69c556c27f1e8036989708f0,true,stage08_b02_parzen_scales_v1,2cf8b019151848ff2818a0e6bca92b27d9ba22f505dacbb0d59a6ec098e64372,operator,parzen,NA,NA,parzen,parzen__parzen_int8_10e3__9482981914ca9e0b__sym,parzen_int8_10e3,10^3,1000,window_positions=[1000],INT8,GPU,not_applicable,compatibility/end-to-end,PASS,OK,20,100,82,0.25320399999999998,true,9482981914ca9e0b9e75ced111b3131e1c17970370b8718d19bc8469e20f4a59,30309d1da7689782693cff9ebc20327cb3fc0785aeefccaf95619634a22187d3
1,20260807T103308Z_ba0a42aa462d_stage08_b02_formal_8b00011a,formal,20260807T103308Z,ba0a42aa462da55e69c556c27f1e8036989708f0,true,stage08_b02_parzen_scales_v1,2cf8b019151848ff2818a0e6bca92b27d9ba22f505dacbb0d59a6ec098e64372,operator,parzen,NA,NA,parzen,parzen__parzen_int8_10e3__9482981914ca9e0b__sym,parzen_int8_10e3,10^3,1000,window_positions=[1000],INT8,GPU,not_applicable,compatibility/end-to-end,PASS,OK,20,100,83,0.25475399999999998,true,9482981914ca9e0b9e75ced111b3131e1c17970370b8718d19bc8469e20f4a59,30309d1da7689782693cff9ebc20327cb3fc0785aeefccaf95619634a22187d3
1,20260807T103308Z_ba0a42aa462d_stage08_b02_formal_8b00011a,formal,20260807T103308Z,ba0a42aa462da55e69c556c27f1e8036989708f0,true,stage08_b02_parzen_scales_v1,2cf8b019151848ff2818a0e6bca92b27d9ba22f505dacbb0d59a6ec098e64372,operator,parzen,NA,NA,parzen,parzen__parzen_int8_10e3__9482981914ca9e0b__sym,parzen_int8_10e3,10^3,1000,window_positions=[1000],INT8,GPU,not_applicable,compatibility/end-to-end,PASS,OK,20,100,84,0.25381399999999998,true,9482981914ca9e0b9e75ced111b3131e1c17970370b8718d19bc8469e20f4a59,30309d1da7689782693cff9ebc20327cb3fc0785aeefccaf95619634a22187d3
1,20260807T103308Z_ba0a42aa462d_stage08_b02_formal_8b00011a,formal,20260807T103308Z,ba0a42aa462da55e69c556c27f1e8036989708f0,true,stage08_b02_parzen_scales_v1,2cf8b019151848ff2818a0e6bca92b27d9ba22f505dacbb0d59a6ec098e64372,operator,parzen,NA,NA,parzen,parzen__parzen_int8_10e3__9482981914ca9e0b__sym,parzen_int8_10e3,10^3,1000,window_positions=[1000],INT8,GPU,not_applicable,compatibility/end-to-end,PASS,OK,20,100,85,0.25441399999999997,true,9482981914ca9e0b9e75ced111b3131e1c17970370b8718d19bc8469e20f4a59,30309d1da7689782693cff9ebc20327cb3fc0785aeefccaf95619634a22187d3
1,20260807T103308Z_ba0a42aa462d_stage08_b02_formal_8b00011a,formal,20260807T103308Z,ba0a42aa462da55e69c556c27f1e8036989708f0,true,stage08_b02_parzen_scales_v1,2cf8b019151848ff2818a0e6bca92b27d9ba22f505dacbb0d59a6ec098e64372,operator,parzen,NA,NA,parzen,parzen__parzen_int8_10e3__9482981914ca9e0b__sym,parzen_int8_10e3,10^3,1000,window_positions=[1000],INT8,GPU,not_applicable,compatibility/end-to-end,PASS,OK,20,100,86,0.25373299999999999,true,9482981914ca9e0b9e75ced111b3131e1c17970370b8718d19bc8469e20f4a59,30309d1da7689782693cff9ebc20327cb3fc0785aeefccaf95619634a22187d3
1,20260807T103308Z_ba0a42aa462d_stage08_b02_formal_8b00011a,formal,20260807T103308Z,ba0a42aa462da55e69c556c27f1e8036989708f0,true,stage08_b02_parzen_scales_v1,2cf8b019151848ff2818a0e6bca92b27d9ba22f505dacbb0d59a6ec098e64372,operator,parzen,NA,NA,parzen,parzen__parzen_int8_10e3__9482981914ca9e0b__sym,parzen_int8_10e3,10^3,1000,window_positions=[1000],INT8,GPU,not_applicable,compatibility/end-to-end,PASS,OK,20,100,87,0.25267400000000001,true,9482981914ca9e0b9e75ced111b3131e1c17970370b8718d19bc8469e20f4a59,30309d1da7689782693cff9ebc20327cb3fc0785aeefccaf95619634a22187d3
1,20260807T103308Z_ba0a42aa462d_stage08_b02_formal_8b00011a,formal,20260807T103308Z,ba0a42aa462da55e69c556c27f1e8036989708f0,true,stage08_b02_parzen_scales_v1,2cf8b019151848ff2818a0e6bca92b27d9ba22f505dacbb0d59a6ec098e64372,operator,parzen,NA,NA,parzen,parzen__parzen_int8_10e3__9482981914ca9e0b__sym,parzen_int8_10e3,10^3,1000,window_positions=[1000],INT8,GPU,not_applicable,compatibility/end-to-end,PASS,OK,20,100,88,0.25181399999999998,true,9482981914ca9e0b9e75ced111b3131e1c17970370b8718d19bc8469e20f4a59,30309d1da7689782693cff9ebc20327cb3fc0785aeefccaf95619634a22187d3
1,20260807T103308Z_ba0a42aa462d_stage08_b02_formal_8b00011a,formal,20260807T103308Z,ba0a42aa462da55e69c556c27f1e8036989708f0,true,stage08_b02_parzen_scales_v1,2cf8b019151848ff2818a0e6bca92b27d9ba22f505dacbb0d59a6ec098e64372,operator,parzen,NA,NA,parzen,parzen__parzen_int8_10e3__9482981914ca9e0b__sym,parzen_int8_10e3,10^3,1000,window_positions=[1000],INT8,GPU,not_applicable,compatibility/end-to-end,PASS,OK,20,100,89,0.25223400000000001,true,9482981914ca9e0b9e75ced111b3131e1c17970370b8718d19bc8469e20f4a59,30309d1da7689782693cff9ebc20327cb3fc0785aeefccaf95619634a22187d3
1,20260807T103308Z_ba0a42aa462d_stage08_b02_formal_8b00011a,formal,20260807T103308Z,ba0a42aa462da55e69c556c27f1e8036989708f0,true,stage08_b02_parzen_scales_v1,2cf8b019151848ff2818a0e6bca92b27d9ba22f505dacbb0d59a6ec098e64372,operator,parzen,NA,NA,parzen,parzen__parzen_int8_10e3__9482981914ca9e0b__sym,parzen_int8_10e3,10^3,1000,window_positions=[1000],INT8,GPU,not_applicable,compatibility/end-to-end,PASS,OK,20,100,90,0.25106400000000001,true,9482981914ca9e0b9e75ced111b3131e1c17970370b8718d19bc8469e20f4a59,30309d1da7689782693cff9ebc20327cb3fc0785aeefccaf95619634a22187d3
1,20260807T103308Z_ba0a42aa462d_stage08_b02_formal_8b00011a,formal,20260807T103308Z,ba0a42aa462da55e69c556c27f1e8036989708f0,true,stage08_b02_parzen_scales_v1,2cf8b019151848ff2818a0e6bca92b27d9ba22f505dacbb0d59a6ec098e64372,operator,parzen,NA,NA,parzen,parzen__parzen_int8_10e3__9482981914ca9e0b__sym,parzen_int8_10e3,10^3,1000,window_positions=[1000],INT8,GPU,not_applicable,compatibility/end-to-end,PASS,OK,20,100,91,0.248284,true,9482981914ca9e0b9e75ced111b3131e1c17970370b8718d19bc8469e20f4a59,30309d1da7689782693cff9ebc20327cb3fc0785aeefccaf95619634a22187d3
1,20260807T103308Z_ba0a42aa462d_stage08_b02_formal_8b00011a,formal,20260807T103308Z,ba0a42aa462da55e69c556c27f1e8036989708f0,true,stage08_b02_parzen_scales_v1,2cf8b019151848ff2818a0e6bca92b27d9ba22f505dacbb0d59a6ec098e64372,operator,parzen,NA,NA,parzen,parzen__parzen_int8_10e3__9482981914ca9e0b__sym,parzen_int8_10e3,10^3,1000,window_positions=[1000],INT8,GPU,not_applicable,compatibility/end-to-end,PASS,OK,20,100,92,0.25218299999999999,true,9482981914ca9e0b9e75ced111b3131e1c17970370b8718d19bc8469e20f4a59,30309d1da7689782693cff9ebc20327cb3fc0785aeefccaf95619634a22187d3
1,20260807T103308Z_ba0a42aa462d_stage08_b02_formal_8b00011a,formal,20260807T103308Z,ba0a42aa462da55e69c556c27f1e8036989708f0,true,stage08_b02_parzen_scales_v1,2cf8b019151848ff2818a0e6bca92b27d9ba22f505dacbb0d59a6ec098e64372,operator,parzen,NA,NA,parzen,parzen__parzen_int8_10e3__9482981914ca9e0b__sym,parzen_int8_10e3,10^3,1000,window_positions=[1000],INT8,GPU,not_applicable,compatibility/end-to-end,PASS,OK,20,100,93,0.25345400000000001,true,9482981914ca9e0b9e75ced111b3131e1c17970370b8718d19bc8469e20f4a59,30309d1da7689782693cff9ebc20327cb3fc0785aeefccaf95619634a22187d3
1,20260807T103308Z_ba0a42aa462d_stage08_b02_formal_8b00011a,formal,20260807T103308Z,ba0a42aa462da55e69c556c27f1e8036989708f0,true,stage08_b02_parzen_scales_v1,2cf8b019151848ff2818a0e6bca92b27d9ba22f505dacbb0d59a6ec098e64372,operator,parzen,NA,NA,parzen,parzen__parzen_int8_10e3__9482981914ca9e0b__sym,parzen_int8_10e3,10^3,1000,window_positions=[1000],INT8,GPU,not_applicable,compatibility/end-to-end,PASS,OK,20,100,94,0.255774,true,9482981914ca9e0b9e75ced111b3131e1c17970370b8718d19bc8469e20f4a59,30309d1da7689782693cff9ebc20327cb3fc0785aeefccaf95619634a22187d3
1,20260807T103308Z_ba0a42aa462d_stage08_b02_formal_8b00011a,formal,20260807T103308Z,ba0a42aa462da55e69c556c27f1e8036989708f0,true,stage08_b02_parzen_scales_v1,2cf8b019151848ff2818a0e6bca92b27d9ba22f505dacbb0d59a6ec098e64372,operator,parzen,NA,NA,parzen,parzen__parzen_int8_10e3__9482981914ca9e0b__sym,parzen_int8_10e3,10^3,1000,window_positions=[1000],INT8,GPU,not_applicable,compatibility/end-to-end,PASS,OK,20,100,95,0.30538500000000002,true,9482981914ca9e0b9e75ced111b3131e1c17970370b8718d19bc8469e20f4a59,30309d1da7689782693cff9ebc20327cb3fc0785aeefccaf95619634a22187d3
1,20260807T103308Z_ba0a42aa462d_stage08_b02_formal_8b00011a,formal,20260807T103308Z,ba0a42aa462da55e69c556c27f1e8036989708f0,true,stage08_b02_parzen_scales_v1,2cf8b019151848ff2818a0e6bca92b27d9ba22f505dacbb0d59a6ec098e64372,operator,parzen,NA,NA,parzen,parzen__parzen_int8_10e3__9482981914ca9e0b__sym,parzen_int8_10e3,10^3,1000,window_positions=[1000],INT8,GPU,not_applicable,compatibility/end-to-end,PASS,OK,20,100,96,0.27233400000000002,true,9482981914ca9e0b9e75ced111b3131e1c17970370b8718d19bc8469e20f4a59,30309d1da7689782693cff9ebc20327cb3fc0785aeefccaf95619634a22187d3
1,20260807T103308Z_ba0a42aa462d_stage08_b02_formal_8b00011a,formal,20260807T103308Z,ba0a42aa462da55e69c556c27f1e8036989708f0,true,stage08_b02_parzen_scales_v1,2cf8b019151848ff2818a0e6bca92b27d9ba22f505dacbb0d59a6ec098e64372,operator,parzen,NA,NA,parzen,parzen__parzen_int8_10e3__9482981914ca9e0b__sym,parzen_int8_10e3,10^3,1000,window_positions=[1000],INT8,GPU,not_applicable,compatibility/end-to-end,PASS,OK,20,100,97,0.252054,true,9482981914ca9e0b9e75ced111b3131e1c17970370b8718d19bc8469e20f4a59,30309d1da7689782693cff9ebc20327cb3fc0785aeefccaf95619634a22187d3
1,20260807T103308Z_ba0a42aa462d_stage08_b02_formal_8b00011a,formal,20260807T103308Z,ba0a42aa462da55e69c556c27f1e8036989708f0,true,stage08_b02_parzen_scales_v1,2cf8b019151848ff2818a0e6bca92b27d9ba22f505dacbb0d59a6ec098e64372,operator,parzen,NA,NA,parzen,parzen__parzen_int8_10e3__9482981914ca9e0b__sym,parzen_int8_10e3,10^3,1000,window_positions=[1000],INT8,GPU,not_applicable,compatibility/end-to-end,PASS,OK,20,100,98,0.25240400000000002,true,9482981914ca9e0b9e75ced111b3131e1c17970370b8718d19bc8469e20f4a59,30309d1da7689782693cff9ebc20327cb3fc0785aeefccaf95619634a22187d3
1,20260807T103308Z_ba0a42aa462d_stage08_b02_formal_8b00011a,formal,20260807T103308Z,ba0a42aa462da55e69c556c27f1e8036989708f0,true,stage08_b02_parzen_scales_v1,2cf8b019151848ff2818a0e6bca92b27d9ba22f505dacbb0d59a6ec098e64372,operator,parzen,NA,NA,parzen,parzen__parzen_int8_10e3__9482981914ca9e0b__sym,parzen_int8_10e3,10^3,1000,window_positions=[1000],INT8,GPU,not_applicable,compatibility/end-to-end,PASS,OK,20,100,99,0.24163299999999999,true,9482981914ca9e0b9e75ced111b3131e1c17970370b8718d19bc8469e20f4a59,30309d1da7689782693cff9ebc20327cb3fc0785aeefccaf95619634a22187d3
