schema_version,run_id,run_type,test_time_utc,git_commit,git_dirty,config_id,config_sha256,target_kind,target,task_name,step_name,operator_name,case_id,scale_id,order_of_magnitude,actual_elements,input_shape,dtype,device,backend,timing_scope,status,error_code,warmup_runs,measured_runs,sample_index,latency_ms,synchronized,input_digest,output_digest
1,20260807T161434Z_1c045bd7e750_stage08_b02_formal_8d000318,formal,20260807T161434Z,1c045bd7e750084695a5cdcfe898f79955047f01,true,stage08_b02_triang_scales_v1,d7de5774be071f747c6bdb46d3373673771af1a8190a816ca4092657ec7a5dfd,operator,triang,NA,NA,triang,triang__triang_int8_10e2__7f7d081aa0af5dfa__sym,triang_int8_10e2,10^2,100,window_positions=[100],INT8,CPU,not_applicable,compatibility/end-to-end,PASS,OK,20,100,0,0.0018400000000000001,true,7f7d081aa0af5dfac9cbd2114e6e1ae81fa1069a67d6310ffd6db02c7f813864,dc2711aeebc5dcc6ee7cf1991b6fe924610f404c44949bece49b2c04e9eac773
1,20260807T161434Z_1c045bd7e750_stage08_b02_formal_8d000318,formal,20260807T161434Z,1c045bd7e750084695a5cdcfe898f79955047f01,true,stage08_b02_triang_scales_v1,d7de5774be071f747c6bdb46d3373673771af1a8190a816ca4092657ec7a5dfd,operator,triang,NA,NA,triang,triang__triang_int8_10e2__7f7d081aa0af5dfa__sym,triang_int8_10e2,10^2,100,window_positions=[100],INT8,CPU,not_applicable,compatibility/end-to-end,PASS,OK,20,100,1,0.00166,true,7f7d081aa0af5dfac9cbd2114e6e1ae81fa1069a67d6310ffd6db02c7f813864,dc2711aeebc5dcc6ee7cf1991b6fe924610f404c44949bece49b2c04e9eac773
1,20260807T161434Z_1c045bd7e750_stage08_b02_formal_8d000318,formal,20260807T161434Z,1c045bd7e750084695a5cdcfe898f79955047f01,true,stage08_b02_triang_scales_v1,d7de5774be071f747c6bdb46d3373673771af1a8190a816ca4092657ec7a5dfd,operator,triang,NA,NA,triang,triang__triang_int8_10e2__7f7d081aa0af5dfa__sym,triang_int8_10e2,10^2,100,window_positions=[100],INT8,CPU,not_applicable,compatibility/end-to-end,PASS,OK,20,100,2,0.00164,true,7f7d081aa0af5dfac9cbd2114e6e1ae81fa1069a67d6310ffd6db02c7f813864,dc2711aeebc5dcc6ee7cf1991b6fe924610f404c44949bece49b2c04e9eac773
1,20260807T161434Z_1c045bd7e750_stage08_b02_formal_8d000318,formal,20260807T161434Z,1c045bd7e750084695a5cdcfe898f79955047f01,true,stage08_b02_triang_scales_v1,d7de5774be071f747c6bdb46d3373673771af1a8190a816ca4092657ec7a5dfd,operator,triang,NA,NA,triang,triang__triang_int8_10e2__7f7d081aa0af5dfa__sym,triang_int8_10e2,10^2,100,window_positions=[100],INT8,CPU,not_applicable,compatibility/end-to-end,PASS,OK,20,100,3,0.00164,true,7f7d081aa0af5dfac9cbd2114e6e1ae81fa1069a67d6310ffd6db02c7f813864,dc2711aeebc5dcc6ee7cf1991b6fe924610f404c44949bece49b2c04e9eac773
1,20260807T161434Z_1c045bd7e750_stage08_b02_formal_8d000318,formal,20260807T161434Z,1c045bd7e750084695a5cdcfe898f79955047f01,true,stage08_b02_triang_scales_v1,d7de5774be071f747c6bdb46d3373673771af1a8190a816ca4092657ec7a5dfd,operator,triang,NA,NA,triang,triang__triang_int8_10e2__7f7d081aa0af5dfa__sym,triang_int8_10e2,10^2,100,window_positions=[100],INT8,CPU,not_applicable,compatibility/end-to-end,PASS,OK,20,100,4,0.00164,true,7f7d081aa0af5dfac9cbd2114e6e1ae81fa1069a67d6310ffd6db02c7f813864,dc2711aeebc5dcc6ee7cf1991b6fe924610f404c44949bece49b2c04e9eac773
1,20260807T161434Z_1c045bd7e750_stage08_b02_formal_8d000318,formal,20260807T161434Z,1c045bd7e750084695a5cdcfe898f79955047f01,true,stage08_b02_triang_scales_v1,d7de5774be071f747c6bdb46d3373673771af1a8190a816ca4092657ec7a5dfd,operator,triang,NA,NA,triang,triang__triang_int8_10e2__7f7d081aa0af5dfa__sym,triang_int8_10e2,10^2,100,window_positions=[100],INT8,CPU,not_applicable,compatibility/end-to-end,PASS,OK,20,100,5,0.00165,true,7f7d081aa0af5dfac9cbd2114e6e1ae81fa1069a67d6310ffd6db02c7f813864,dc2711aeebc5dcc6ee7cf1991b6fe924610f404c44949bece49b2c04e9eac773
1,20260807T161434Z_1c045bd7e750_stage08_b02_formal_8d000318,formal,20260807T161434Z,1c045bd7e750084695a5cdcfe898f79955047f01,true,stage08_b02_triang_scales_v1,d7de5774be071f747c6bdb46d3373673771af1a8190a816ca4092657ec7a5dfd,operator,triang,NA,NA,triang,triang__triang_int8_10e2__7f7d081aa0af5dfa__sym,triang_int8_10e2,10^2,100,window_positions=[100],INT8,CPU,not_applicable,compatibility/end-to-end,PASS,OK,20,100,6,0.00165,true,7f7d081aa0af5dfac9cbd2114e6e1ae81fa1069a67d6310ffd6db02c7f813864,dc2711aeebc5dcc6ee7cf1991b6fe924610f404c44949bece49b2c04e9eac773
1,20260807T161434Z_1c045bd7e750_stage08_b02_formal_8d000318,formal,20260807T161434Z,1c045bd7e750084695a5cdcfe898f79955047f01,true,stage08_b02_triang_scales_v1,d7de5774be071f747c6bdb46d3373673771af1a8190a816ca4092657ec7a5dfd,operator,triang,NA,NA,triang,triang__triang_int8_10e2__7f7d081aa0af5dfa__sym,triang_int8_10e2,10^2,100,window_positions=[100],INT8,CPU,not_applicable,compatibility/end-to-end,PASS,OK,20,100,7,0.0016410000000000001,true,7f7d081aa0af5dfac9cbd2114e6e1ae81fa1069a67d6310ffd6db02c7f813864,dc2711aeebc5dcc6ee7cf1991b6fe924610f404c44949bece49b2c04e9eac773
1,20260807T161434Z_1c045bd7e750_stage08_b02_formal_8d000318,formal,20260807T161434Z,1c045bd7e750084695a5cdcfe898f79955047f01,true,stage08_b02_triang_scales_v1,d7de5774be071f747c6bdb46d3373673771af1a8190a816ca4092657ec7a5dfd,operator,triang,NA,NA,triang,triang__triang_int8_10e2__7f7d081aa0af5dfa__sym,triang_int8_10e2,10^2,100,window_positions=[100],INT8,CPU,not_applicable,compatibility/end-to-end,PASS,OK,20,100,8,0.00166,true,7f7d081aa0af5dfac9cbd2114e6e1ae81fa1069a67d6310ffd6db02c7f813864,dc2711aeebc5dcc6ee7cf1991b6fe924610f404c44949bece49b2c04e9eac773
1,20260807T161434Z_1c045bd7e750_stage08_b02_formal_8d000318,formal,20260807T161434Z,1c045bd7e750084695a5cdcfe898f79955047f01,true,stage08_b02_triang_scales_v1,d7de5774be071f747c6bdb46d3373673771af1a8190a816ca4092657ec7a5dfd,operator,triang,NA,NA,triang,triang__triang_int8_10e2__7f7d081aa0af5dfa__sym,triang_int8_10e2,10^2,100,window_positions=[100],INT8,CPU,not_applicable,compatibility/end-to-end,PASS,OK,20,100,9,0.00165,true,7f7d081aa0af5dfac9cbd2114e6e1ae81fa1069a67d6310ffd6db02c7f813864,dc2711aeebc5dcc6ee7cf1991b6fe924610f404c44949bece49b2c04e9eac773
1,20260807T161434Z_1c045bd7e750_stage08_b02_formal_8d000318,formal,20260807T161434Z,1c045bd7e750084695a5cdcfe898f79955047f01,true,stage08_b02_triang_scales_v1,d7de5774be071f747c6bdb46d3373673771af1a8190a816ca4092657ec7a5dfd,operator,triang,NA,NA,triang,triang__triang_int8_10e2__7f7d081aa0af5dfa__sym,triang_int8_10e2,10^2,100,window_positions=[100],INT8,CPU,not_applicable,compatibility/end-to-end,PASS,OK,20,100,10,0.00165,true,7f7d081aa0af5dfac9cbd2114e6e1ae81fa1069a67d6310ffd6db02c7f813864,dc2711aeebc5dcc6ee7cf1991b6fe924610f404c44949bece49b2c04e9eac773
1,20260807T161434Z_1c045bd7e750_stage08_b02_formal_8d000318,formal,20260807T161434Z,1c045bd7e750084695a5cdcfe898f79955047f01,true,stage08_b02_triang_scales_v1,d7de5774be071f747c6bdb46d3373673771af1a8190a816ca4092657ec7a5dfd,operator,triang,NA,NA,triang,triang__triang_int8_10e2__7f7d081aa0af5dfa__sym,triang_int8_10e2,10^2,100,window_positions=[100],INT8,CPU,not_applicable,compatibility/end-to-end,PASS,OK,20,100,11,0.00164,true,7f7d081aa0af5dfac9cbd2114e6e1ae81fa1069a67d6310ffd6db02c7f813864,dc2711aeebc5dcc6ee7cf1991b6fe924610f404c44949bece49b2c04e9eac773
1,20260807T161434Z_1c045bd7e750_stage08_b02_formal_8d000318,formal,20260807T161434Z,1c045bd7e750084695a5cdcfe898f79955047f01,true,stage08_b02_triang_scales_v1,d7de5774be071f747c6bdb46d3373673771af1a8190a816ca4092657ec7a5dfd,operator,triang,NA,NA,triang,triang__triang_int8_10e2__7f7d081aa0af5dfa__sym,triang_int8_10e2,10^2,100,window_positions=[100],INT8,CPU,not_applicable,compatibility/end-to-end,PASS,OK,20,100,12,0.00165,true,7f7d081aa0af5dfac9cbd2114e6e1ae81fa1069a67d6310ffd6db02c7f813864,dc2711aeebc5dcc6ee7cf1991b6fe924610f404c44949bece49b2c04e9eac773
1,20260807T161434Z_1c045bd7e750_stage08_b02_formal_8d000318,formal,20260807T161434Z,1c045bd7e750084695a5cdcfe898f79955047f01,true,stage08_b02_triang_scales_v1,d7de5774be071f747c6bdb46d3373673771af1a8190a816ca4092657ec7a5dfd,operator,triang,NA,NA,triang,triang__triang_int8_10e2__7f7d081aa0af5dfa__sym,triang_int8_10e2,10^2,100,window_positions=[100],INT8,CPU,not_applicable,compatibility/end-to-end,PASS,OK,20,100,13,0.00164,true,7f7d081aa0af5dfac9cbd2114e6e1ae81fa1069a67d6310ffd6db02c7f813864,dc2711aeebc5dcc6ee7cf1991b6fe924610f404c44949bece49b2c04e9eac773
1,20260807T161434Z_1c045bd7e750_stage08_b02_formal_8d000318,formal,20260807T161434Z,1c045bd7e750084695a5cdcfe898f79955047f01,true,stage08_b02_triang_scales_v1,d7de5774be071f747c6bdb46d3373673771af1a8190a816ca4092657ec7a5dfd,operator,triang,NA,NA,triang,triang__triang_int8_10e2__7f7d081aa0af5dfa__sym,triang_int8_10e2,10^2,100,window_positions=[100],INT8,CPU,not_applicable,compatibility/end-to-end,PASS,OK,20,100,14,0.00165,true,7f7d081aa0af5dfac9cbd2114e6e1ae81fa1069a67d6310ffd6db02c7f813864,dc2711aeebc5dcc6ee7cf1991b6fe924610f404c44949bece49b2c04e9eac773
1,20260807T161434Z_1c045bd7e750_stage08_b02_formal_8d000318,formal,20260807T161434Z,1c045bd7e750084695a5cdcfe898f79955047f01,true,stage08_b02_triang_scales_v1,d7de5774be071f747c6bdb46d3373673771af1a8190a816ca4092657ec7a5dfd,operator,triang,NA,NA,triang,triang__triang_int8_10e2__7f7d081aa0af5dfa__sym,triang_int8_10e2,10^2,100,window_positions=[100],INT8,CPU,not_applicable,compatibility/end-to-end,PASS,OK,20,100,15,0.00164,true,7f7d081aa0af5dfac9cbd2114e6e1ae81fa1069a67d6310ffd6db02c7f813864,dc2711aeebc5dcc6ee7cf1991b6fe924610f404c44949bece49b2c04e9eac773
1,20260807T161434Z_1c045bd7e750_stage08_b02_formal_8d000318,formal,20260807T161434Z,1c045bd7e750084695a5cdcfe898f79955047f01,true,stage08_b02_triang_scales_v1,d7de5774be071f747c6bdb46d3373673771af1a8190a816ca4092657ec7a5dfd,operator,triang,NA,NA,triang,triang__triang_int8_10e2__7f7d081aa0af5dfa__sym,triang_int8_10e2,10^2,100,window_positions=[100],INT8,CPU,not_applicable,compatibility/end-to-end,PASS,OK,20,100,16,0.00164,true,7f7d081aa0af5dfac9cbd2114e6e1ae81fa1069a67d6310ffd6db02c7f813864,dc2711aeebc5dcc6ee7cf1991b6fe924610f404c44949bece49b2c04e9eac773
1,20260807T161434Z_1c045bd7e750_stage08_b02_formal_8d000318,formal,20260807T161434Z,1c045bd7e750084695a5cdcfe898f79955047f01,true,stage08_b02_triang_scales_v1,d7de5774be071f747c6bdb46d3373673771af1a8190a816ca4092657ec7a5dfd,operator,triang,NA,NA,triang,triang__triang_int8_10e2__7f7d081aa0af5dfa__sym,triang_int8_10e2,10^2,100,window_positions=[100],INT8,CPU,not_applicable,compatibility/end-to-end,PASS,OK,20,100,17,0.00164,true,7f7d081aa0af5dfac9cbd2114e6e1ae81fa1069a67d6310ffd6db02c7f813864,dc2711aeebc5dcc6ee7cf1991b6fe924610f404c44949bece49b2c04e9eac773
1,20260807T161434Z_1c045bd7e750_stage08_b02_formal_8d000318,formal,20260807T161434Z,1c045bd7e750084695a5cdcfe898f79955047f01,true,stage08_b02_triang_scales_v1,d7de5774be071f747c6bdb46d3373673771af1a8190a816ca4092657ec7a5dfd,operator,triang,NA,NA,triang,triang__triang_int8_10e2__7f7d081aa0af5dfa__sym,triang_int8_10e2,10^2,100,window_positions=[100],INT8,CPU,not_applicable,compatibility/end-to-end,PASS,OK,20,100,18,0.00166,true,7f7d081aa0af5dfac9cbd2114e6e1ae81fa1069a67d6310ffd6db02c7f813864,dc2711aeebc5dcc6ee7cf1991b6fe924610f404c44949bece49b2c04e9eac773
1,20260807T161434Z_1c045bd7e750_stage08_b02_formal_8d000318,formal,20260807T161434Z,1c045bd7e750084695a5cdcfe898f79955047f01,true,stage08_b02_triang_scales_v1,d7de5774be071f747c6bdb46d3373673771af1a8190a816ca4092657ec7a5dfd,operator,triang,NA,NA,triang,triang__triang_int8_10e2__7f7d081aa0af5dfa__sym,triang_int8_10e2,10^2,100,window_positions=[100],INT8,CPU,not_applicable,compatibility/end-to-end,PASS,OK,20,100,19,0.00164,true,7f7d081aa0af5dfac9cbd2114e6e1ae81fa1069a67d6310ffd6db02c7f813864,dc2711aeebc5dcc6ee7cf1991b6fe924610f404c44949bece49b2c04e9eac773
1,20260807T161434Z_1c045bd7e750_stage08_b02_formal_8d000318,formal,20260807T161434Z,1c045bd7e750084695a5cdcfe898f79955047f01,true,stage08_b02_triang_scales_v1,d7de5774be071f747c6bdb46d3373673771af1a8190a816ca4092657ec7a5dfd,operator,triang,NA,NA,triang,triang__triang_int8_10e2__7f7d081aa0af5dfa__sym,triang_int8_10e2,10^2,100,window_positions=[100],INT8,CPU,not_applicable,compatibility/end-to-end,PASS,OK,20,100,20,0.00164,true,7f7d081aa0af5dfac9cbd2114e6e1ae81fa1069a67d6310ffd6db02c7f813864,dc2711aeebc5dcc6ee7cf1991b6fe924610f404c44949bece49b2c04e9eac773
1,20260807T161434Z_1c045bd7e750_stage08_b02_formal_8d000318,formal,20260807T161434Z,1c045bd7e750084695a5cdcfe898f79955047f01,true,stage08_b02_triang_scales_v1,d7de5774be071f747c6bdb46d3373673771af1a8190a816ca4092657ec7a5dfd,operator,triang,NA,NA,triang,triang__triang_int8_10e2__7f7d081aa0af5dfa__sym,triang_int8_10e2,10^2,100,window_positions=[100],INT8,CPU,not_applicable,compatibility/end-to-end,PASS,OK,20,100,21,0.00165,true,7f7d081aa0af5dfac9cbd2114e6e1ae81fa1069a67d6310ffd6db02c7f813864,dc2711aeebc5dcc6ee7cf1991b6fe924610f404c44949bece49b2c04e9eac773
1,20260807T161434Z_1c045bd7e750_stage08_b02_formal_8d000318,formal,20260807T161434Z,1c045bd7e750084695a5cdcfe898f79955047f01,true,stage08_b02_triang_scales_v1,d7de5774be071f747c6bdb46d3373673771af1a8190a816ca4092657ec7a5dfd,operator,triang,NA,NA,triang,triang__triang_int8_10e2__7f7d081aa0af5dfa__sym,triang_int8_10e2,10^2,100,window_positions=[100],INT8,CPU,not_applicable,compatibility/end-to-end,PASS,OK,20,100,22,0.00165,true,7f7d081aa0af5dfac9cbd2114e6e1ae81fa1069a67d6310ffd6db02c7f813864,dc2711aeebc5dcc6ee7cf1991b6fe924610f404c44949bece49b2c04e9eac773
1,20260807T161434Z_1c045bd7e750_stage08_b02_formal_8d000318,formal,20260807T161434Z,1c045bd7e750084695a5cdcfe898f79955047f01,true,stage08_b02_triang_scales_v1,d7de5774be071f747c6bdb46d3373673771af1a8190a816ca4092657ec7a5dfd,operator,triang,NA,NA,triang,triang__triang_int8_10e2__7f7d081aa0af5dfa__sym,triang_int8_10e2,10^2,100,window_positions=[100],INT8,CPU,not_applicable,compatibility/end-to-end,PASS,OK,20,100,23,0.00164,true,7f7d081aa0af5dfac9cbd2114e6e1ae81fa1069a67d6310ffd6db02c7f813864,dc2711aeebc5dcc6ee7cf1991b6fe924610f404c44949bece49b2c04e9eac773
1,20260807T161434Z_1c045bd7e750_stage08_b02_formal_8d000318,formal,20260807T161434Z,1c045bd7e750084695a5cdcfe898f79955047f01,true,stage08_b02_triang_scales_v1,d7de5774be071f747c6bdb46d3373673771af1a8190a816ca4092657ec7a5dfd,operator,triang,NA,NA,triang,triang__triang_int8_10e2__7f7d081aa0af5dfa__sym,triang_int8_10e2,10^2,100,window_positions=[100],INT8,CPU,not_applicable,compatibility/end-to-end,PASS,OK,20,100,24,0.00164,true,7f7d081aa0af5dfac9cbd2114e6e1ae81fa1069a67d6310ffd6db02c7f813864,dc2711aeebc5dcc6ee7cf1991b6fe924610f404c44949bece49b2c04e9eac773
1,20260807T161434Z_1c045bd7e750_stage08_b02_formal_8d000318,formal,20260807T161434Z,1c045bd7e750084695a5cdcfe898f79955047f01,true,stage08_b02_triang_scales_v1,d7de5774be071f747c6bdb46d3373673771af1a8190a816ca4092657ec7a5dfd,operator,triang,NA,NA,triang,triang__triang_int8_10e2__7f7d081aa0af5dfa__sym,triang_int8_10e2,10^2,100,window_positions=[100],INT8,CPU,not_applicable,compatibility/end-to-end,PASS,OK,20,100,25,0.00164,true,7f7d081aa0af5dfac9cbd2114e6e1ae81fa1069a67d6310ffd6db02c7f813864,dc2711aeebc5dcc6ee7cf1991b6fe924610f404c44949bece49b2c04e9eac773
1,20260807T161434Z_1c045bd7e750_stage08_b02_formal_8d000318,formal,20260807T161434Z,1c045bd7e750084695a5cdcfe898f79955047f01,true,stage08_b02_triang_scales_v1,d7de5774be071f747c6bdb46d3373673771af1a8190a816ca4092657ec7a5dfd,operator,triang,NA,NA,triang,triang__triang_int8_10e2__7f7d081aa0af5dfa__sym,triang_int8_10e2,10^2,100,window_positions=[100],INT8,CPU,not_applicable,compatibility/end-to-end,PASS,OK,20,100,26,0.00166,true,7f7d081aa0af5dfac9cbd2114e6e1ae81fa1069a67d6310ffd6db02c7f813864,dc2711aeebc5dcc6ee7cf1991b6fe924610f404c44949bece49b2c04e9eac773
1,20260807T161434Z_1c045bd7e750_stage08_b02_formal_8d000318,formal,20260807T161434Z,1c045bd7e750084695a5cdcfe898f79955047f01,true,stage08_b02_triang_scales_v1,d7de5774be071f747c6bdb46d3373673771af1a8190a816ca4092657ec7a5dfd,operator,triang,NA,NA,triang,triang__triang_int8_10e2__7f7d081aa0af5dfa__sym,triang_int8_10e2,10^2,100,window_positions=[100],INT8,CPU,not_applicable,compatibility/end-to-end,PASS,OK,20,100,27,0.00164,true,7f7d081aa0af5dfac9cbd2114e6e1ae81fa1069a67d6310ffd6db02c7f813864,dc2711aeebc5dcc6ee7cf1991b6fe924610f404c44949bece49b2c04e9eac773
1,20260807T161434Z_1c045bd7e750_stage08_b02_formal_8d000318,formal,20260807T161434Z,1c045bd7e750084695a5cdcfe898f79955047f01,true,stage08_b02_triang_scales_v1,d7de5774be071f747c6bdb46d3373673771af1a8190a816ca4092657ec7a5dfd,operator,triang,NA,NA,triang,triang__triang_int8_10e2__7f7d081aa0af5dfa__sym,triang_int8_10e2,10^2,100,window_positions=[100],INT8,CPU,not_applicable,compatibility/end-to-end,PASS,OK,20,100,28,0.00164,true,7f7d081aa0af5dfac9cbd2114e6e1ae81fa1069a67d6310ffd6db02c7f813864,dc2711aeebc5dcc6ee7cf1991b6fe924610f404c44949bece49b2c04e9eac773
1,20260807T161434Z_1c045bd7e750_stage08_b02_formal_8d000318,formal,20260807T161434Z,1c045bd7e750084695a5cdcfe898f79955047f01,true,stage08_b02_triang_scales_v1,d7de5774be071f747c6bdb46d3373673771af1a8190a816ca4092657ec7a5dfd,operator,triang,NA,NA,triang,triang__triang_int8_10e2__7f7d081aa0af5dfa__sym,triang_int8_10e2,10^2,100,window_positions=[100],INT8,CPU,not_applicable,compatibility/end-to-end,PASS,OK,20,100,29,0.00165,true,7f7d081aa0af5dfac9cbd2114e6e1ae81fa1069a67d6310ffd6db02c7f813864,dc2711aeebc5dcc6ee7cf1991b6fe924610f404c44949bece49b2c04e9eac773
1,20260807T161434Z_1c045bd7e750_stage08_b02_formal_8d000318,formal,20260807T161434Z,1c045bd7e750084695a5cdcfe898f79955047f01,true,stage08_b02_triang_scales_v1,d7de5774be071f747c6bdb46d3373673771af1a8190a816ca4092657ec7a5dfd,operator,triang,NA,NA,triang,triang__triang_int8_10e2__7f7d081aa0af5dfa__sym,triang_int8_10e2,10^2,100,window_positions=[100],INT8,CPU,not_applicable,compatibility/end-to-end,PASS,OK,20,100,30,0.00166,true,7f7d081aa0af5dfac9cbd2114e6e1ae81fa1069a67d6310ffd6db02c7f813864,dc2711aeebc5dcc6ee7cf1991b6fe924610f404c44949bece49b2c04e9eac773
1,20260807T161434Z_1c045bd7e750_stage08_b02_formal_8d000318,formal,20260807T161434Z,1c045bd7e750084695a5cdcfe898f79955047f01,true,stage08_b02_triang_scales_v1,d7de5774be071f747c6bdb46d3373673771af1a8190a816ca4092657ec7a5dfd,operator,triang,NA,NA,triang,triang__triang_int8_10e2__7f7d081aa0af5dfa__sym,triang_int8_10e2,10^2,100,window_positions=[100],INT8,CPU,not_applicable,compatibility/end-to-end,PASS,OK,20,100,31,0.00164,true,7f7d081aa0af5dfac9cbd2114e6e1ae81fa1069a67d6310ffd6db02c7f813864,dc2711aeebc5dcc6ee7cf1991b6fe924610f404c44949bece49b2c04e9eac773
1,20260807T161434Z_1c045bd7e750_stage08_b02_formal_8d000318,formal,20260807T161434Z,1c045bd7e750084695a5cdcfe898f79955047f01,true,stage08_b02_triang_scales_v1,d7de5774be071f747c6bdb46d3373673771af1a8190a816ca4092657ec7a5dfd,operator,triang,NA,NA,triang,triang__triang_int8_10e2__7f7d081aa0af5dfa__sym,triang_int8_10e2,10^2,100,window_positions=[100],INT8,CPU,not_applicable,compatibility/end-to-end,PASS,OK,20,100,32,0.00165,true,7f7d081aa0af5dfac9cbd2114e6e1ae81fa1069a67d6310ffd6db02c7f813864,dc2711aeebc5dcc6ee7cf1991b6fe924610f404c44949bece49b2c04e9eac773
1,20260807T161434Z_1c045bd7e750_stage08_b02_formal_8d000318,formal,20260807T161434Z,1c045bd7e750084695a5cdcfe898f79955047f01,true,stage08_b02_triang_scales_v1,d7de5774be071f747c6bdb46d3373673771af1a8190a816ca4092657ec7a5dfd,operator,triang,NA,NA,triang,triang__triang_int8_10e2__7f7d081aa0af5dfa__sym,triang_int8_10e2,10^2,100,window_positions=[100],INT8,CPU,not_applicable,compatibility/end-to-end,PASS,OK,20,100,33,0.00165,true,7f7d081aa0af5dfac9cbd2114e6e1ae81fa1069a67d6310ffd6db02c7f813864,dc2711aeebc5dcc6ee7cf1991b6fe924610f404c44949bece49b2c04e9eac773
1,20260807T161434Z_1c045bd7e750_stage08_b02_formal_8d000318,formal,20260807T161434Z,1c045bd7e750084695a5cdcfe898f79955047f01,true,stage08_b02_triang_scales_v1,d7de5774be071f747c6bdb46d3373673771af1a8190a816ca4092657ec7a5dfd,operator,triang,NA,NA,triang,triang__triang_int8_10e2__7f7d081aa0af5dfa__sym,triang_int8_10e2,10^2,100,window_positions=[100],INT8,CPU,not_applicable,compatibility/end-to-end,PASS,OK,20,100,34,0.0016609999999999999,true,7f7d081aa0af5dfac9cbd2114e6e1ae81fa1069a67d6310ffd6db02c7f813864,dc2711aeebc5dcc6ee7cf1991b6fe924610f404c44949bece49b2c04e9eac773
1,20260807T161434Z_1c045bd7e750_stage08_b02_formal_8d000318,formal,20260807T161434Z,1c045bd7e750084695a5cdcfe898f79955047f01,true,stage08_b02_triang_scales_v1,d7de5774be071f747c6bdb46d3373673771af1a8190a816ca4092657ec7a5dfd,operator,triang,NA,NA,triang,triang__triang_int8_10e2__7f7d081aa0af5dfa__sym,triang_int8_10e2,10^2,100,window_positions=[100],INT8,CPU,not_applicable,compatibility/end-to-end,PASS,OK,20,100,35,0.00164,true,7f7d081aa0af5dfac9cbd2114e6e1ae81fa1069a67d6310ffd6db02c7f813864,dc2711aeebc5dcc6ee7cf1991b6fe924610f404c44949bece49b2c04e9eac773
1,20260807T161434Z_1c045bd7e750_stage08_b02_formal_8d000318,formal,20260807T161434Z,1c045bd7e750084695a5cdcfe898f79955047f01,true,stage08_b02_triang_scales_v1,d7de5774be071f747c6bdb46d3373673771af1a8190a816ca4092657ec7a5dfd,operator,triang,NA,NA,triang,triang__triang_int8_10e2__7f7d081aa0af5dfa__sym,triang_int8_10e2,10^2,100,window_positions=[100],INT8,CPU,not_applicable,compatibility/end-to-end,PASS,OK,20,100,36,0.00164,true,7f7d081aa0af5dfac9cbd2114e6e1ae81fa1069a67d6310ffd6db02c7f813864,dc2711aeebc5dcc6ee7cf1991b6fe924610f404c44949bece49b2c04e9eac773
1,20260807T161434Z_1c045bd7e750_stage08_b02_formal_8d000318,formal,20260807T161434Z,1c045bd7e750084695a5cdcfe898f79955047f01,true,stage08_b02_triang_scales_v1,d7de5774be071f747c6bdb46d3373673771af1a8190a816ca4092657ec7a5dfd,operator,triang,NA,NA,triang,triang__triang_int8_10e2__7f7d081aa0af5dfa__sym,triang_int8_10e2,10^2,100,window_positions=[100],INT8,CPU,not_applicable,compatibility/end-to-end,PASS,OK,20,100,37,0.0016299999999999999,true,7f7d081aa0af5dfac9cbd2114e6e1ae81fa1069a67d6310ffd6db02c7f813864,dc2711aeebc5dcc6ee7cf1991b6fe924610f404c44949bece49b2c04e9eac773
1,20260807T161434Z_1c045bd7e750_stage08_b02_formal_8d000318,formal,20260807T161434Z,1c045bd7e750084695a5cdcfe898f79955047f01,true,stage08_b02_triang_scales_v1,d7de5774be071f747c6bdb46d3373673771af1a8190a816ca4092657ec7a5dfd,operator,triang,NA,NA,triang,triang__triang_int8_10e2__7f7d081aa0af5dfa__sym,triang_int8_10e2,10^2,100,window_positions=[100],INT8,CPU,not_applicable,compatibility/end-to-end,PASS,OK,20,100,38,0.00166,true,7f7d081aa0af5dfac9cbd2114e6e1ae81fa1069a67d6310ffd6db02c7f813864,dc2711aeebc5dcc6ee7cf1991b6fe924610f404c44949bece49b2c04e9eac773
1,20260807T161434Z_1c045bd7e750_stage08_b02_formal_8d000318,formal,20260807T161434Z,1c045bd7e750084695a5cdcfe898f79955047f01,true,stage08_b02_triang_scales_v1,d7de5774be071f747c6bdb46d3373673771af1a8190a816ca4092657ec7a5dfd,operator,triang,NA,NA,triang,triang__triang_int8_10e2__7f7d081aa0af5dfa__sym,triang_int8_10e2,10^2,100,window_positions=[100],INT8,CPU,not_applicable,compatibility/end-to-end,PASS,OK,20,100,39,0.00164,true,7f7d081aa0af5dfac9cbd2114e6e1ae81fa1069a67d6310ffd6db02c7f813864,dc2711aeebc5dcc6ee7cf1991b6fe924610f404c44949bece49b2c04e9eac773
1,20260807T161434Z_1c045bd7e750_stage08_b02_formal_8d000318,formal,20260807T161434Z,1c045bd7e750084695a5cdcfe898f79955047f01,true,stage08_b02_triang_scales_v1,d7de5774be071f747c6bdb46d3373673771af1a8190a816ca4092657ec7a5dfd,operator,triang,NA,NA,triang,triang__triang_int8_10e2__7f7d081aa0af5dfa__sym,triang_int8_10e2,10^2,100,window_positions=[100],INT8,CPU,not_applicable,compatibility/end-to-end,PASS,OK,20,100,40,0.00164,true,7f7d081aa0af5dfac9cbd2114e6e1ae81fa1069a67d6310ffd6db02c7f813864,dc2711aeebc5dcc6ee7cf1991b6fe924610f404c44949bece49b2c04e9eac773
1,20260807T161434Z_1c045bd7e750_stage08_b02_formal_8d000318,formal,20260807T161434Z,1c045bd7e750084695a5cdcfe898f79955047f01,true,stage08_b02_triang_scales_v1,d7de5774be071f747c6bdb46d3373673771af1a8190a816ca4092657ec7a5dfd,operator,triang,NA,NA,triang,triang__triang_int8_10e2__7f7d081aa0af5dfa__sym,triang_int8_10e2,10^2,100,window_positions=[100],INT8,CPU,not_applicable,compatibility/end-to-end,PASS,OK,20,100,41,0.00164,true,7f7d081aa0af5dfac9cbd2114e6e1ae81fa1069a67d6310ffd6db02c7f813864,dc2711aeebc5dcc6ee7cf1991b6fe924610f404c44949bece49b2c04e9eac773
1,20260807T161434Z_1c045bd7e750_stage08_b02_formal_8d000318,formal,20260807T161434Z,1c045bd7e750084695a5cdcfe898f79955047f01,true,stage08_b02_triang_scales_v1,d7de5774be071f747c6bdb46d3373673771af1a8190a816ca4092657ec7a5dfd,operator,triang,NA,NA,triang,triang__triang_int8_10e2__7f7d081aa0af5dfa__sym,triang_int8_10e2,10^2,100,window_positions=[100],INT8,CPU,not_applicable,compatibility/end-to-end,PASS,OK,20,100,42,0.00165,true,7f7d081aa0af5dfac9cbd2114e6e1ae81fa1069a67d6310ffd6db02c7f813864,dc2711aeebc5dcc6ee7cf1991b6fe924610f404c44949bece49b2c04e9eac773
1,20260807T161434Z_1c045bd7e750_stage08_b02_formal_8d000318,formal,20260807T161434Z,1c045bd7e750084695a5cdcfe898f79955047f01,true,stage08_b02_triang_scales_v1,d7de5774be071f747c6bdb46d3373673771af1a8190a816ca4092657ec7a5dfd,operator,triang,NA,NA,triang,triang__triang_int8_10e2__7f7d081aa0af5dfa__sym,triang_int8_10e2,10^2,100,window_positions=[100],INT8,CPU,not_applicable,compatibility/end-to-end,PASS,OK,20,100,43,0.00164,true,7f7d081aa0af5dfac9cbd2114e6e1ae81fa1069a67d6310ffd6db02c7f813864,dc2711aeebc5dcc6ee7cf1991b6fe924610f404c44949bece49b2c04e9eac773
1,20260807T161434Z_1c045bd7e750_stage08_b02_formal_8d000318,formal,20260807T161434Z,1c045bd7e750084695a5cdcfe898f79955047f01,true,stage08_b02_triang_scales_v1,d7de5774be071f747c6bdb46d3373673771af1a8190a816ca4092657ec7a5dfd,operator,triang,NA,NA,triang,triang__triang_int8_10e2__7f7d081aa0af5dfa__sym,triang_int8_10e2,10^2,100,window_positions=[100],INT8,CPU,not_applicable,compatibility/end-to-end,PASS,OK,20,100,44,0.00164,true,7f7d081aa0af5dfac9cbd2114e6e1ae81fa1069a67d6310ffd6db02c7f813864,dc2711aeebc5dcc6ee7cf1991b6fe924610f404c44949bece49b2c04e9eac773
1,20260807T161434Z_1c045bd7e750_stage08_b02_formal_8d000318,formal,20260807T161434Z,1c045bd7e750084695a5cdcfe898f79955047f01,true,stage08_b02_triang_scales_v1,d7de5774be071f747c6bdb46d3373673771af1a8190a816ca4092657ec7a5dfd,operator,triang,NA,NA,triang,triang__triang_int8_10e2__7f7d081aa0af5dfa__sym,triang_int8_10e2,10^2,100,window_positions=[100],INT8,CPU,not_applicable,compatibility/end-to-end,PASS,OK,20,100,45,0.00164,true,7f7d081aa0af5dfac9cbd2114e6e1ae81fa1069a67d6310ffd6db02c7f813864,dc2711aeebc5dcc6ee7cf1991b6fe924610f404c44949bece49b2c04e9eac773
1,20260807T161434Z_1c045bd7e750_stage08_b02_formal_8d000318,formal,20260807T161434Z,1c045bd7e750084695a5cdcfe898f79955047f01,true,stage08_b02_triang_scales_v1,d7de5774be071f747c6bdb46d3373673771af1a8190a816ca4092657ec7a5dfd,operator,triang,NA,NA,triang,triang__triang_int8_10e2__7f7d081aa0af5dfa__sym,triang_int8_10e2,10^2,100,window_positions=[100],INT8,CPU,not_applicable,compatibility/end-to-end,PASS,OK,20,100,46,0.00165,true,7f7d081aa0af5dfac9cbd2114e6e1ae81fa1069a67d6310ffd6db02c7f813864,dc2711aeebc5dcc6ee7cf1991b6fe924610f404c44949bece49b2c04e9eac773
1,20260807T161434Z_1c045bd7e750_stage08_b02_formal_8d000318,formal,20260807T161434Z,1c045bd7e750084695a5cdcfe898f79955047f01,true,stage08_b02_triang_scales_v1,d7de5774be071f747c6bdb46d3373673771af1a8190a816ca4092657ec7a5dfd,operator,triang,NA,NA,triang,triang__triang_int8_10e2__7f7d081aa0af5dfa__sym,triang_int8_10e2,10^2,100,window_positions=[100],INT8,CPU,not_applicable,compatibility/end-to-end,PASS,OK,20,100,47,0.0016410000000000001,true,7f7d081aa0af5dfac9cbd2114e6e1ae81fa1069a67d6310ffd6db02c7f813864,dc2711aeebc5dcc6ee7cf1991b6fe924610f404c44949bece49b2c04e9eac773
1,20260807T161434Z_1c045bd7e750_stage08_b02_formal_8d000318,formal,20260807T161434Z,1c045bd7e750084695a5cdcfe898f79955047f01,true,stage08_b02_triang_scales_v1,d7de5774be071f747c6bdb46d3373673771af1a8190a816ca4092657ec7a5dfd,operator,triang,NA,NA,triang,triang__triang_int8_10e2__7f7d081aa0af5dfa__sym,triang_int8_10e2,10^2,100,window_positions=[100],INT8,CPU,not_applicable,compatibility/end-to-end,PASS,OK,20,100,48,0.00164,true,7f7d081aa0af5dfac9cbd2114e6e1ae81fa1069a67d6310ffd6db02c7f813864,dc2711aeebc5dcc6ee7cf1991b6fe924610f404c44949bece49b2c04e9eac773
1,20260807T161434Z_1c045bd7e750_stage08_b02_formal_8d000318,formal,20260807T161434Z,1c045bd7e750084695a5cdcfe898f79955047f01,true,stage08_b02_triang_scales_v1,d7de5774be071f747c6bdb46d3373673771af1a8190a816ca4092657ec7a5dfd,operator,triang,NA,NA,triang,triang__triang_int8_10e2__7f7d081aa0af5dfa__sym,triang_int8_10e2,10^2,100,window_positions=[100],INT8,CPU,not_applicable,compatibility/end-to-end,PASS,OK,20,100,49,0.00164,true,7f7d081aa0af5dfac9cbd2114e6e1ae81fa1069a67d6310ffd6db02c7f813864,dc2711aeebc5dcc6ee7cf1991b6fe924610f404c44949bece49b2c04e9eac773
1,20260807T161434Z_1c045bd7e750_stage08_b02_formal_8d000318,formal,20260807T161434Z,1c045bd7e750084695a5cdcfe898f79955047f01,true,stage08_b02_triang_scales_v1,d7de5774be071f747c6bdb46d3373673771af1a8190a816ca4092657ec7a5dfd,operator,triang,NA,NA,triang,triang__triang_int8_10e2__7f7d081aa0af5dfa__sym,triang_int8_10e2,10^2,100,window_positions=[100],INT8,CPU,not_applicable,compatibility/end-to-end,PASS,OK,20,100,50,0.00165,true,7f7d081aa0af5dfac9cbd2114e6e1ae81fa1069a67d6310ffd6db02c7f813864,dc2711aeebc5dcc6ee7cf1991b6fe924610f404c44949bece49b2c04e9eac773
1,20260807T161434Z_1c045bd7e750_stage08_b02_formal_8d000318,formal,20260807T161434Z,1c045bd7e750084695a5cdcfe898f79955047f01,true,stage08_b02_triang_scales_v1,d7de5774be071f747c6bdb46d3373673771af1a8190a816ca4092657ec7a5dfd,operator,triang,NA,NA,triang,triang__triang_int8_10e2__7f7d081aa0af5dfa__sym,triang_int8_10e2,10^2,100,window_positions=[100],INT8,CPU,not_applicable,compatibility/end-to-end,PASS,OK,20,100,51,0.00164,true,7f7d081aa0af5dfac9cbd2114e6e1ae81fa1069a67d6310ffd6db02c7f813864,dc2711aeebc5dcc6ee7cf1991b6fe924610f404c44949bece49b2c04e9eac773
1,20260807T161434Z_1c045bd7e750_stage08_b02_formal_8d000318,formal,20260807T161434Z,1c045bd7e750084695a5cdcfe898f79955047f01,true,stage08_b02_triang_scales_v1,d7de5774be071f747c6bdb46d3373673771af1a8190a816ca4092657ec7a5dfd,operator,triang,NA,NA,triang,triang__triang_int8_10e2__7f7d081aa0af5dfa__sym,triang_int8_10e2,10^2,100,window_positions=[100],INT8,CPU,not_applicable,compatibility/end-to-end,PASS,OK,20,100,52,0.00165,true,7f7d081aa0af5dfac9cbd2114e6e1ae81fa1069a67d6310ffd6db02c7f813864,dc2711aeebc5dcc6ee7cf1991b6fe924610f404c44949bece49b2c04e9eac773
1,20260807T161434Z_1c045bd7e750_stage08_b02_formal_8d000318,formal,20260807T161434Z,1c045bd7e750084695a5cdcfe898f79955047f01,true,stage08_b02_triang_scales_v1,d7de5774be071f747c6bdb46d3373673771af1a8190a816ca4092657ec7a5dfd,operator,triang,NA,NA,triang,triang__triang_int8_10e2__7f7d081aa0af5dfa__sym,triang_int8_10e2,10^2,100,window_positions=[100],INT8,CPU,not_applicable,compatibility/end-to-end,PASS,OK,20,100,53,0.00164,true,7f7d081aa0af5dfac9cbd2114e6e1ae81fa1069a67d6310ffd6db02c7f813864,dc2711aeebc5dcc6ee7cf1991b6fe924610f404c44949bece49b2c04e9eac773
1,20260807T161434Z_1c045bd7e750_stage08_b02_formal_8d000318,formal,20260807T161434Z,1c045bd7e750084695a5cdcfe898f79955047f01,true,stage08_b02_triang_scales_v1,d7de5774be071f747c6bdb46d3373673771af1a8190a816ca4092657ec7a5dfd,operator,triang,NA,NA,triang,triang__triang_int8_10e2__7f7d081aa0af5dfa__sym,triang_int8_10e2,10^2,100,window_positions=[100],INT8,CPU,not_applicable,compatibility/end-to-end,PASS,OK,20,100,54,0.00166,true,7f7d081aa0af5dfac9cbd2114e6e1ae81fa1069a67d6310ffd6db02c7f813864,dc2711aeebc5dcc6ee7cf1991b6fe924610f404c44949bece49b2c04e9eac773
1,20260807T161434Z_1c045bd7e750_stage08_b02_formal_8d000318,formal,20260807T161434Z,1c045bd7e750084695a5cdcfe898f79955047f01,true,stage08_b02_triang_scales_v1,d7de5774be071f747c6bdb46d3373673771af1a8190a816ca4092657ec7a5dfd,operator,triang,NA,NA,triang,triang__triang_int8_10e2__7f7d081aa0af5dfa__sym,triang_int8_10e2,10^2,100,window_positions=[100],INT8,CPU,not_applicable,compatibility/end-to-end,PASS,OK,20,100,55,0.00164,true,7f7d081aa0af5dfac9cbd2114e6e1ae81fa1069a67d6310ffd6db02c7f813864,dc2711aeebc5dcc6ee7cf1991b6fe924610f404c44949bece49b2c04e9eac773
1,20260807T161434Z_1c045bd7e750_stage08_b02_formal_8d000318,formal,20260807T161434Z,1c045bd7e750084695a5cdcfe898f79955047f01,true,stage08_b02_triang_scales_v1,d7de5774be071f747c6bdb46d3373673771af1a8190a816ca4092657ec7a5dfd,operator,triang,NA,NA,triang,triang__triang_int8_10e2__7f7d081aa0af5dfa__sym,triang_int8_10e2,10^2,100,window_positions=[100],INT8,CPU,not_applicable,compatibility/end-to-end,PASS,OK,20,100,56,0.00165,true,7f7d081aa0af5dfac9cbd2114e6e1ae81fa1069a67d6310ffd6db02c7f813864,dc2711aeebc5dcc6ee7cf1991b6fe924610f404c44949bece49b2c04e9eac773
1,20260807T161434Z_1c045bd7e750_stage08_b02_formal_8d000318,formal,20260807T161434Z,1c045bd7e750084695a5cdcfe898f79955047f01,true,stage08_b02_triang_scales_v1,d7de5774be071f747c6bdb46d3373673771af1a8190a816ca4092657ec7a5dfd,operator,triang,NA,NA,triang,triang__triang_int8_10e2__7f7d081aa0af5dfa__sym,triang_int8_10e2,10^2,100,window_positions=[100],INT8,CPU,not_applicable,compatibility/end-to-end,PASS,OK,20,100,57,0.00164,true,7f7d081aa0af5dfac9cbd2114e6e1ae81fa1069a67d6310ffd6db02c7f813864,dc2711aeebc5dcc6ee7cf1991b6fe924610f404c44949bece49b2c04e9eac773
1,20260807T161434Z_1c045bd7e750_stage08_b02_formal_8d000318,formal,20260807T161434Z,1c045bd7e750084695a5cdcfe898f79955047f01,true,stage08_b02_triang_scales_v1,d7de5774be071f747c6bdb46d3373673771af1a8190a816ca4092657ec7a5dfd,operator,triang,NA,NA,triang,triang__triang_int8_10e2__7f7d081aa0af5dfa__sym,triang_int8_10e2,10^2,100,window_positions=[100],INT8,CPU,not_applicable,compatibility/end-to-end,PASS,OK,20,100,58,0.00165,true,7f7d081aa0af5dfac9cbd2114e6e1ae81fa1069a67d6310ffd6db02c7f813864,dc2711aeebc5dcc6ee7cf1991b6fe924610f404c44949bece49b2c04e9eac773
1,20260807T161434Z_1c045bd7e750_stage08_b02_formal_8d000318,formal,20260807T161434Z,1c045bd7e750084695a5cdcfe898f79955047f01,true,stage08_b02_triang_scales_v1,d7de5774be071f747c6bdb46d3373673771af1a8190a816ca4092657ec7a5dfd,operator,triang,NA,NA,triang,triang__triang_int8_10e2__7f7d081aa0af5dfa__sym,triang_int8_10e2,10^2,100,window_positions=[100],INT8,CPU,not_applicable,compatibility/end-to-end,PASS,OK,20,100,59,0.00164,true,7f7d081aa0af5dfac9cbd2114e6e1ae81fa1069a67d6310ffd6db02c7f813864,dc2711aeebc5dcc6ee7cf1991b6fe924610f404c44949bece49b2c04e9eac773
1,20260807T161434Z_1c045bd7e750_stage08_b02_formal_8d000318,formal,20260807T161434Z,1c045bd7e750084695a5cdcfe898f79955047f01,true,stage08_b02_triang_scales_v1,d7de5774be071f747c6bdb46d3373673771af1a8190a816ca4092657ec7a5dfd,operator,triang,NA,NA,triang,triang__triang_int8_10e2__7f7d081aa0af5dfa__sym,triang_int8_10e2,10^2,100,window_positions=[100],INT8,CPU,not_applicable,compatibility/end-to-end,PASS,OK,20,100,60,0.00164,true,7f7d081aa0af5dfac9cbd2114e6e1ae81fa1069a67d6310ffd6db02c7f813864,dc2711aeebc5dcc6ee7cf1991b6fe924610f404c44949bece49b2c04e9eac773
1,20260807T161434Z_1c045bd7e750_stage08_b02_formal_8d000318,formal,20260807T161434Z,1c045bd7e750084695a5cdcfe898f79955047f01,true,stage08_b02_triang_scales_v1,d7de5774be071f747c6bdb46d3373673771af1a8190a816ca4092657ec7a5dfd,operator,triang,NA,NA,triang,triang__triang_int8_10e2__7f7d081aa0af5dfa__sym,triang_int8_10e2,10^2,100,window_positions=[100],INT8,CPU,not_applicable,compatibility/end-to-end,PASS,OK,20,100,61,0.0016509999999999999,true,7f7d081aa0af5dfac9cbd2114e6e1ae81fa1069a67d6310ffd6db02c7f813864,dc2711aeebc5dcc6ee7cf1991b6fe924610f404c44949bece49b2c04e9eac773
1,20260807T161434Z_1c045bd7e750_stage08_b02_formal_8d000318,formal,20260807T161434Z,1c045bd7e750084695a5cdcfe898f79955047f01,true,stage08_b02_triang_scales_v1,d7de5774be071f747c6bdb46d3373673771af1a8190a816ca4092657ec7a5dfd,operator,triang,NA,NA,triang,triang__triang_int8_10e2__7f7d081aa0af5dfa__sym,triang_int8_10e2,10^2,100,window_positions=[100],INT8,CPU,not_applicable,compatibility/end-to-end,PASS,OK,20,100,62,0.00165,true,7f7d081aa0af5dfac9cbd2114e6e1ae81fa1069a67d6310ffd6db02c7f813864,dc2711aeebc5dcc6ee7cf1991b6fe924610f404c44949bece49b2c04e9eac773
1,20260807T161434Z_1c045bd7e750_stage08_b02_formal_8d000318,formal,20260807T161434Z,1c045bd7e750084695a5cdcfe898f79955047f01,true,stage08_b02_triang_scales_v1,d7de5774be071f747c6bdb46d3373673771af1a8190a816ca4092657ec7a5dfd,operator,triang,NA,NA,triang,triang__triang_int8_10e2__7f7d081aa0af5dfa__sym,triang_int8_10e2,10^2,100,window_positions=[100],INT8,CPU,not_applicable,compatibility/end-to-end,PASS,OK,20,100,63,0.00165,true,7f7d081aa0af5dfac9cbd2114e6e1ae81fa1069a67d6310ffd6db02c7f813864,dc2711aeebc5dcc6ee7cf1991b6fe924610f404c44949bece49b2c04e9eac773
1,20260807T161434Z_1c045bd7e750_stage08_b02_formal_8d000318,formal,20260807T161434Z,1c045bd7e750084695a5cdcfe898f79955047f01,true,stage08_b02_triang_scales_v1,d7de5774be071f747c6bdb46d3373673771af1a8190a816ca4092657ec7a5dfd,operator,triang,NA,NA,triang,triang__triang_int8_10e2__7f7d081aa0af5dfa__sym,triang_int8_10e2,10^2,100,window_positions=[100],INT8,CPU,not_applicable,compatibility/end-to-end,PASS,OK,20,100,64,0.00165,true,7f7d081aa0af5dfac9cbd2114e6e1ae81fa1069a67d6310ffd6db02c7f813864,dc2711aeebc5dcc6ee7cf1991b6fe924610f404c44949bece49b2c04e9eac773
1,20260807T161434Z_1c045bd7e750_stage08_b02_formal_8d000318,formal,20260807T161434Z,1c045bd7e750084695a5cdcfe898f79955047f01,true,stage08_b02_triang_scales_v1,d7de5774be071f747c6bdb46d3373673771af1a8190a816ca4092657ec7a5dfd,operator,triang,NA,NA,triang,triang__triang_int8_10e2__7f7d081aa0af5dfa__sym,triang_int8_10e2,10^2,100,window_positions=[100],INT8,CPU,not_applicable,compatibility/end-to-end,PASS,OK,20,100,65,0.00164,true,7f7d081aa0af5dfac9cbd2114e6e1ae81fa1069a67d6310ffd6db02c7f813864,dc2711aeebc5dcc6ee7cf1991b6fe924610f404c44949bece49b2c04e9eac773
1,20260807T161434Z_1c045bd7e750_stage08_b02_formal_8d000318,formal,20260807T161434Z,1c045bd7e750084695a5cdcfe898f79955047f01,true,stage08_b02_triang_scales_v1,d7de5774be071f747c6bdb46d3373673771af1a8190a816ca4092657ec7a5dfd,operator,triang,NA,NA,triang,triang__triang_int8_10e2__7f7d081aa0af5dfa__sym,triang_int8_10e2,10^2,100,window_positions=[100],INT8,CPU,not_applicable,compatibility/end-to-end,PASS,OK,20,100,66,0.00165,true,7f7d081aa0af5dfac9cbd2114e6e1ae81fa1069a67d6310ffd6db02c7f813864,dc2711aeebc5dcc6ee7cf1991b6fe924610f404c44949bece49b2c04e9eac773
1,20260807T161434Z_1c045bd7e750_stage08_b02_formal_8d000318,formal,20260807T161434Z,1c045bd7e750084695a5cdcfe898f79955047f01,true,stage08_b02_triang_scales_v1,d7de5774be071f747c6bdb46d3373673771af1a8190a816ca4092657ec7a5dfd,operator,triang,NA,NA,triang,triang__triang_int8_10e2__7f7d081aa0af5dfa__sym,triang_int8_10e2,10^2,100,window_positions=[100],INT8,CPU,not_applicable,compatibility/end-to-end,PASS,OK,20,100,67,0.00164,true,7f7d081aa0af5dfac9cbd2114e6e1ae81fa1069a67d6310ffd6db02c7f813864,dc2711aeebc5dcc6ee7cf1991b6fe924610f404c44949bece49b2c04e9eac773
1,20260807T161434Z_1c045bd7e750_stage08_b02_formal_8d000318,formal,20260807T161434Z,1c045bd7e750084695a5cdcfe898f79955047f01,true,stage08_b02_triang_scales_v1,d7de5774be071f747c6bdb46d3373673771af1a8190a816ca4092657ec7a5dfd,operator,triang,NA,NA,triang,triang__triang_int8_10e2__7f7d081aa0af5dfa__sym,triang_int8_10e2,10^2,100,window_positions=[100],INT8,CPU,not_applicable,compatibility/end-to-end,PASS,OK,20,100,68,0.00164,true,7f7d081aa0af5dfac9cbd2114e6e1ae81fa1069a67d6310ffd6db02c7f813864,dc2711aeebc5dcc6ee7cf1991b6fe924610f404c44949bece49b2c04e9eac773
1,20260807T161434Z_1c045bd7e750_stage08_b02_formal_8d000318,formal,20260807T161434Z,1c045bd7e750084695a5cdcfe898f79955047f01,true,stage08_b02_triang_scales_v1,d7de5774be071f747c6bdb46d3373673771af1a8190a816ca4092657ec7a5dfd,operator,triang,NA,NA,triang,triang__triang_int8_10e2__7f7d081aa0af5dfa__sym,triang_int8_10e2,10^2,100,window_positions=[100],INT8,CPU,not_applicable,compatibility/end-to-end,PASS,OK,20,100,69,0.00165,true,7f7d081aa0af5dfac9cbd2114e6e1ae81fa1069a67d6310ffd6db02c7f813864,dc2711aeebc5dcc6ee7cf1991b6fe924610f404c44949bece49b2c04e9eac773
1,20260807T161434Z_1c045bd7e750_stage08_b02_formal_8d000318,formal,20260807T161434Z,1c045bd7e750084695a5cdcfe898f79955047f01,true,stage08_b02_triang_scales_v1,d7de5774be071f747c6bdb46d3373673771af1a8190a816ca4092657ec7a5dfd,operator,triang,NA,NA,triang,triang__triang_int8_10e2__7f7d081aa0af5dfa__sym,triang_int8_10e2,10^2,100,window_positions=[100],INT8,CPU,not_applicable,compatibility/end-to-end,PASS,OK,20,100,70,0.00165,true,7f7d081aa0af5dfac9cbd2114e6e1ae81fa1069a67d6310ffd6db02c7f813864,dc2711aeebc5dcc6ee7cf1991b6fe924610f404c44949bece49b2c04e9eac773
1,20260807T161434Z_1c045bd7e750_stage08_b02_formal_8d000318,formal,20260807T161434Z,1c045bd7e750084695a5cdcfe898f79955047f01,true,stage08_b02_triang_scales_v1,d7de5774be071f747c6bdb46d3373673771af1a8190a816ca4092657ec7a5dfd,operator,triang,NA,NA,triang,triang__triang_int8_10e2__7f7d081aa0af5dfa__sym,triang_int8_10e2,10^2,100,window_positions=[100],INT8,CPU,not_applicable,compatibility/end-to-end,PASS,OK,20,100,71,0.00164,true,7f7d081aa0af5dfac9cbd2114e6e1ae81fa1069a67d6310ffd6db02c7f813864,dc2711aeebc5dcc6ee7cf1991b6fe924610f404c44949bece49b2c04e9eac773
1,20260807T161434Z_1c045bd7e750_stage08_b02_formal_8d000318,formal,20260807T161434Z,1c045bd7e750084695a5cdcfe898f79955047f01,true,stage08_b02_triang_scales_v1,d7de5774be071f747c6bdb46d3373673771af1a8190a816ca4092657ec7a5dfd,operator,triang,NA,NA,triang,triang__triang_int8_10e2__7f7d081aa0af5dfa__sym,triang_int8_10e2,10^2,100,window_positions=[100],INT8,CPU,not_applicable,compatibility/end-to-end,PASS,OK,20,100,72,0.00165,true,7f7d081aa0af5dfac9cbd2114e6e1ae81fa1069a67d6310ffd6db02c7f813864,dc2711aeebc5dcc6ee7cf1991b6fe924610f404c44949bece49b2c04e9eac773
1,20260807T161434Z_1c045bd7e750_stage08_b02_formal_8d000318,formal,20260807T161434Z,1c045bd7e750084695a5cdcfe898f79955047f01,true,stage08_b02_triang_scales_v1,d7de5774be071f747c6bdb46d3373673771af1a8190a816ca4092657ec7a5dfd,operator,triang,NA,NA,triang,triang__triang_int8_10e2__7f7d081aa0af5dfa__sym,triang_int8_10e2,10^2,100,window_positions=[100],INT8,CPU,not_applicable,compatibility/end-to-end,PASS,OK,20,100,73,0.00164,true,7f7d081aa0af5dfac9cbd2114e6e1ae81fa1069a67d6310ffd6db02c7f813864,dc2711aeebc5dcc6ee7cf1991b6fe924610f404c44949bece49b2c04e9eac773
1,20260807T161434Z_1c045bd7e750_stage08_b02_formal_8d000318,formal,20260807T161434Z,1c045bd7e750084695a5cdcfe898f79955047f01,true,stage08_b02_triang_scales_v1,d7de5774be071f747c6bdb46d3373673771af1a8190a816ca4092657ec7a5dfd,operator,triang,NA,NA,triang,triang__triang_int8_10e2__7f7d081aa0af5dfa__sym,triang_int8_10e2,10^2,100,window_positions=[100],INT8,CPU,not_applicable,compatibility/end-to-end,PASS,OK,20,100,74,0.0016509999999999999,true,7f7d081aa0af5dfac9cbd2114e6e1ae81fa1069a67d6310ffd6db02c7f813864,dc2711aeebc5dcc6ee7cf1991b6fe924610f404c44949bece49b2c04e9eac773
1,20260807T161434Z_1c045bd7e750_stage08_b02_formal_8d000318,formal,20260807T161434Z,1c045bd7e750084695a5cdcfe898f79955047f01,true,stage08_b02_triang_scales_v1,d7de5774be071f747c6bdb46d3373673771af1a8190a816ca4092657ec7a5dfd,operator,triang,NA,NA,triang,triang__triang_int8_10e2__7f7d081aa0af5dfa__sym,triang_int8_10e2,10^2,100,window_positions=[100],INT8,CPU,not_applicable,compatibility/end-to-end,PASS,OK,20,100,75,0.00164,true,7f7d081aa0af5dfac9cbd2114e6e1ae81fa1069a67d6310ffd6db02c7f813864,dc2711aeebc5dcc6ee7cf1991b6fe924610f404c44949bece49b2c04e9eac773
1,20260807T161434Z_1c045bd7e750_stage08_b02_formal_8d000318,formal,20260807T161434Z,1c045bd7e750084695a5cdcfe898f79955047f01,true,stage08_b02_triang_scales_v1,d7de5774be071f747c6bdb46d3373673771af1a8190a816ca4092657ec7a5dfd,operator,triang,NA,NA,triang,triang__triang_int8_10e2__7f7d081aa0af5dfa__sym,triang_int8_10e2,10^2,100,window_positions=[100],INT8,CPU,not_applicable,compatibility/end-to-end,PASS,OK,20,100,76,0.00165,true,7f7d081aa0af5dfac9cbd2114e6e1ae81fa1069a67d6310ffd6db02c7f813864,dc2711aeebc5dcc6ee7cf1991b6fe924610f404c44949bece49b2c04e9eac773
1,20260807T161434Z_1c045bd7e750_stage08_b02_formal_8d000318,formal,20260807T161434Z,1c045bd7e750084695a5cdcfe898f79955047f01,true,stage08_b02_triang_scales_v1,d7de5774be071f747c6bdb46d3373673771af1a8190a816ca4092657ec7a5dfd,operator,triang,NA,NA,triang,triang__triang_int8_10e2__7f7d081aa0af5dfa__sym,triang_int8_10e2,10^2,100,window_positions=[100],INT8,CPU,not_applicable,compatibility/end-to-end,PASS,OK,20,100,77,0.00164,true,7f7d081aa0af5dfac9cbd2114e6e1ae81fa1069a67d6310ffd6db02c7f813864,dc2711aeebc5dcc6ee7cf1991b6fe924610f404c44949bece49b2c04e9eac773
1,20260807T161434Z_1c045bd7e750_stage08_b02_formal_8d000318,formal,20260807T161434Z,1c045bd7e750084695a5cdcfe898f79955047f01,true,stage08_b02_triang_scales_v1,d7de5774be071f747c6bdb46d3373673771af1a8190a816ca4092657ec7a5dfd,operator,triang,NA,NA,triang,triang__triang_int8_10e2__7f7d081aa0af5dfa__sym,triang_int8_10e2,10^2,100,window_positions=[100],INT8,CPU,not_applicable,compatibility/end-to-end,PASS,OK,20,100,78,0.00166,true,7f7d081aa0af5dfac9cbd2114e6e1ae81fa1069a67d6310ffd6db02c7f813864,dc2711aeebc5dcc6ee7cf1991b6fe924610f404c44949bece49b2c04e9eac773
1,20260807T161434Z_1c045bd7e750_stage08_b02_formal_8d000318,formal,20260807T161434Z,1c045bd7e750084695a5cdcfe898f79955047f01,true,stage08_b02_triang_scales_v1,d7de5774be071f747c6bdb46d3373673771af1a8190a816ca4092657ec7a5dfd,operator,triang,NA,NA,triang,triang__triang_int8_10e2__7f7d081aa0af5dfa__sym,triang_int8_10e2,10^2,100,window_positions=[100],INT8,CPU,not_applicable,compatibility/end-to-end,PASS,OK,20,100,79,0.00164,true,7f7d081aa0af5dfac9cbd2114e6e1ae81fa1069a67d6310ffd6db02c7f813864,dc2711aeebc5dcc6ee7cf1991b6fe924610f404c44949bece49b2c04e9eac773
1,20260807T161434Z_1c045bd7e750_stage08_b02_formal_8d000318,formal,20260807T161434Z,1c045bd7e750084695a5cdcfe898f79955047f01,true,stage08_b02_triang_scales_v1,d7de5774be071f747c6bdb46d3373673771af1a8190a816ca4092657ec7a5dfd,operator,triang,NA,NA,triang,triang__triang_int8_10e2__7f7d081aa0af5dfa__sym,triang_int8_10e2,10^2,100,window_positions=[100],INT8,CPU,not_applicable,compatibility/end-to-end,PASS,OK,20,100,80,0.00165,true,7f7d081aa0af5dfac9cbd2114e6e1ae81fa1069a67d6310ffd6db02c7f813864,dc2711aeebc5dcc6ee7cf1991b6fe924610f404c44949bece49b2c04e9eac773
1,20260807T161434Z_1c045bd7e750_stage08_b02_formal_8d000318,formal,20260807T161434Z,1c045bd7e750084695a5cdcfe898f79955047f01,true,stage08_b02_triang_scales_v1,d7de5774be071f747c6bdb46d3373673771af1a8190a816ca4092657ec7a5dfd,operator,triang,NA,NA,triang,triang__triang_int8_10e2__7f7d081aa0af5dfa__sym,triang_int8_10e2,10^2,100,window_positions=[100],INT8,CPU,not_applicable,compatibility/end-to-end,PASS,OK,20,100,81,0.00164,true,7f7d081aa0af5dfac9cbd2114e6e1ae81fa1069a67d6310ffd6db02c7f813864,dc2711aeebc5dcc6ee7cf1991b6fe924610f404c44949bece49b2c04e9eac773
1,20260807T161434Z_1c045bd7e750_stage08_b02_formal_8d000318,formal,20260807T161434Z,1c045bd7e750084695a5cdcfe898f79955047f01,true,stage08_b02_triang_scales_v1,d7de5774be071f747c6bdb46d3373673771af1a8190a816ca4092657ec7a5dfd,operator,triang,NA,NA,triang,triang__triang_int8_10e2__7f7d081aa0af5dfa__sym,triang_int8_10e2,10^2,100,window_positions=[100],INT8,CPU,not_applicable,compatibility/end-to-end,PASS,OK,20,100,82,0.00165,true,7f7d081aa0af5dfac9cbd2114e6e1ae81fa1069a67d6310ffd6db02c7f813864,dc2711aeebc5dcc6ee7cf1991b6fe924610f404c44949bece49b2c04e9eac773
1,20260807T161434Z_1c045bd7e750_stage08_b02_formal_8d000318,formal,20260807T161434Z,1c045bd7e750084695a5cdcfe898f79955047f01,true,stage08_b02_triang_scales_v1,d7de5774be071f747c6bdb46d3373673771af1a8190a816ca4092657ec7a5dfd,operator,triang,NA,NA,triang,triang__triang_int8_10e2__7f7d081aa0af5dfa__sym,triang_int8_10e2,10^2,100,window_positions=[100],INT8,CPU,not_applicable,compatibility/end-to-end,PASS,OK,20,100,83,0.00164,true,7f7d081aa0af5dfac9cbd2114e6e1ae81fa1069a67d6310ffd6db02c7f813864,dc2711aeebc5dcc6ee7cf1991b6fe924610f404c44949bece49b2c04e9eac773
1,20260807T161434Z_1c045bd7e750_stage08_b02_formal_8d000318,formal,20260807T161434Z,1c045bd7e750084695a5cdcfe898f79955047f01,true,stage08_b02_triang_scales_v1,d7de5774be071f747c6bdb46d3373673771af1a8190a816ca4092657ec7a5dfd,operator,triang,NA,NA,triang,triang__triang_int8_10e2__7f7d081aa0af5dfa__sym,triang_int8_10e2,10^2,100,window_positions=[100],INT8,CPU,not_applicable,compatibility/end-to-end,PASS,OK,20,100,84,0.00165,true,7f7d081aa0af5dfac9cbd2114e6e1ae81fa1069a67d6310ffd6db02c7f813864,dc2711aeebc5dcc6ee7cf1991b6fe924610f404c44949bece49b2c04e9eac773
1,20260807T161434Z_1c045bd7e750_stage08_b02_formal_8d000318,formal,20260807T161434Z,1c045bd7e750084695a5cdcfe898f79955047f01,true,stage08_b02_triang_scales_v1,d7de5774be071f747c6bdb46d3373673771af1a8190a816ca4092657ec7a5dfd,operator,triang,NA,NA,triang,triang__triang_int8_10e2__7f7d081aa0af5dfa__sym,triang_int8_10e2,10^2,100,window_positions=[100],INT8,CPU,not_applicable,compatibility/end-to-end,PASS,OK,20,100,85,0.00164,true,7f7d081aa0af5dfac9cbd2114e6e1ae81fa1069a67d6310ffd6db02c7f813864,dc2711aeebc5dcc6ee7cf1991b6fe924610f404c44949bece49b2c04e9eac773
1,20260807T161434Z_1c045bd7e750_stage08_b02_formal_8d000318,formal,20260807T161434Z,1c045bd7e750084695a5cdcfe898f79955047f01,true,stage08_b02_triang_scales_v1,d7de5774be071f747c6bdb46d3373673771af1a8190a816ca4092657ec7a5dfd,operator,triang,NA,NA,triang,triang__triang_int8_10e2__7f7d081aa0af5dfa__sym,triang_int8_10e2,10^2,100,window_positions=[100],INT8,CPU,not_applicable,compatibility/end-to-end,PASS,OK,20,100,86,0.00166,true,7f7d081aa0af5dfac9cbd2114e6e1ae81fa1069a67d6310ffd6db02c7f813864,dc2711aeebc5dcc6ee7cf1991b6fe924610f404c44949bece49b2c04e9eac773
1,20260807T161434Z_1c045bd7e750_stage08_b02_formal_8d000318,formal,20260807T161434Z,1c045bd7e750084695a5cdcfe898f79955047f01,true,stage08_b02_triang_scales_v1,d7de5774be071f747c6bdb46d3373673771af1a8190a816ca4092657ec7a5dfd,operator,triang,NA,NA,triang,triang__triang_int8_10e2__7f7d081aa0af5dfa__sym,triang_int8_10e2,10^2,100,window_positions=[100],INT8,CPU,not_applicable,compatibility/end-to-end,PASS,OK,20,100,87,0.00165,true,7f7d081aa0af5dfac9cbd2114e6e1ae81fa1069a67d6310ffd6db02c7f813864,dc2711aeebc5dcc6ee7cf1991b6fe924610f404c44949bece49b2c04e9eac773
1,20260807T161434Z_1c045bd7e750_stage08_b02_formal_8d000318,formal,20260807T161434Z,1c045bd7e750084695a5cdcfe898f79955047f01,true,stage08_b02_triang_scales_v1,d7de5774be071f747c6bdb46d3373673771af1a8190a816ca4092657ec7a5dfd,operator,triang,NA,NA,triang,triang__triang_int8_10e2__7f7d081aa0af5dfa__sym,triang_int8_10e2,10^2,100,window_positions=[100],INT8,CPU,not_applicable,compatibility/end-to-end,PASS,OK,20,100,88,0.0016410000000000001,true,7f7d081aa0af5dfac9cbd2114e6e1ae81fa1069a67d6310ffd6db02c7f813864,dc2711aeebc5dcc6ee7cf1991b6fe924610f404c44949bece49b2c04e9eac773
1,20260807T161434Z_1c045bd7e750_stage08_b02_formal_8d000318,formal,20260807T161434Z,1c045bd7e750084695a5cdcfe898f79955047f01,true,stage08_b02_triang_scales_v1,d7de5774be071f747c6bdb46d3373673771af1a8190a816ca4092657ec7a5dfd,operator,triang,NA,NA,triang,triang__triang_int8_10e2__7f7d081aa0af5dfa__sym,triang_int8_10e2,10^2,100,window_positions=[100],INT8,CPU,not_applicable,compatibility/end-to-end,PASS,OK,20,100,89,0.00164,true,7f7d081aa0af5dfac9cbd2114e6e1ae81fa1069a67d6310ffd6db02c7f813864,dc2711aeebc5dcc6ee7cf1991b6fe924610f404c44949bece49b2c04e9eac773
1,20260807T161434Z_1c045bd7e750_stage08_b02_formal_8d000318,formal,20260807T161434Z,1c045bd7e750084695a5cdcfe898f79955047f01,true,stage08_b02_triang_scales_v1,d7de5774be071f747c6bdb46d3373673771af1a8190a816ca4092657ec7a5dfd,operator,triang,NA,NA,triang,triang__triang_int8_10e2__7f7d081aa0af5dfa__sym,triang_int8_10e2,10^2,100,window_positions=[100],INT8,CPU,not_applicable,compatibility/end-to-end,PASS,OK,20,100,90,0.00166,true,7f7d081aa0af5dfac9cbd2114e6e1ae81fa1069a67d6310ffd6db02c7f813864,dc2711aeebc5dcc6ee7cf1991b6fe924610f404c44949bece49b2c04e9eac773
1,20260807T161434Z_1c045bd7e750_stage08_b02_formal_8d000318,formal,20260807T161434Z,1c045bd7e750084695a5cdcfe898f79955047f01,true,stage08_b02_triang_scales_v1,d7de5774be071f747c6bdb46d3373673771af1a8190a816ca4092657ec7a5dfd,operator,triang,NA,NA,triang,triang__triang_int8_10e2__7f7d081aa0af5dfa__sym,triang_int8_10e2,10^2,100,window_positions=[100],INT8,CPU,not_applicable,compatibility/end-to-end,PASS,OK,20,100,91,0.00164,true,7f7d081aa0af5dfac9cbd2114e6e1ae81fa1069a67d6310ffd6db02c7f813864,dc2711aeebc5dcc6ee7cf1991b6fe924610f404c44949bece49b2c04e9eac773
1,20260807T161434Z_1c045bd7e750_stage08_b02_formal_8d000318,formal,20260807T161434Z,1c045bd7e750084695a5cdcfe898f79955047f01,true,stage08_b02_triang_scales_v1,d7de5774be071f747c6bdb46d3373673771af1a8190a816ca4092657ec7a5dfd,operator,triang,NA,NA,triang,triang__triang_int8_10e2__7f7d081aa0af5dfa__sym,triang_int8_10e2,10^2,100,window_positions=[100],INT8,CPU,not_applicable,compatibility/end-to-end,PASS,OK,20,100,92,0.00164,true,7f7d081aa0af5dfac9cbd2114e6e1ae81fa1069a67d6310ffd6db02c7f813864,dc2711aeebc5dcc6ee7cf1991b6fe924610f404c44949bece49b2c04e9eac773
1,20260807T161434Z_1c045bd7e750_stage08_b02_formal_8d000318,formal,20260807T161434Z,1c045bd7e750084695a5cdcfe898f79955047f01,true,stage08_b02_triang_scales_v1,d7de5774be071f747c6bdb46d3373673771af1a8190a816ca4092657ec7a5dfd,operator,triang,NA,NA,triang,triang__triang_int8_10e2__7f7d081aa0af5dfa__sym,triang_int8_10e2,10^2,100,window_positions=[100],INT8,CPU,not_applicable,compatibility/end-to-end,PASS,OK,20,100,93,0.00165,true,7f7d081aa0af5dfac9cbd2114e6e1ae81fa1069a67d6310ffd6db02c7f813864,dc2711aeebc5dcc6ee7cf1991b6fe924610f404c44949bece49b2c04e9eac773
1,20260807T161434Z_1c045bd7e750_stage08_b02_formal_8d000318,formal,20260807T161434Z,1c045bd7e750084695a5cdcfe898f79955047f01,true,stage08_b02_triang_scales_v1,d7de5774be071f747c6bdb46d3373673771af1a8190a816ca4092657ec7a5dfd,operator,triang,NA,NA,triang,triang__triang_int8_10e2__7f7d081aa0af5dfa__sym,triang_int8_10e2,10^2,100,window_positions=[100],INT8,CPU,not_applicable,compatibility/end-to-end,PASS,OK,20,100,94,0.00165,true,7f7d081aa0af5dfac9cbd2114e6e1ae81fa1069a67d6310ffd6db02c7f813864,dc2711aeebc5dcc6ee7cf1991b6fe924610f404c44949bece49b2c04e9eac773
1,20260807T161434Z_1c045bd7e750_stage08_b02_formal_8d000318,formal,20260807T161434Z,1c045bd7e750084695a5cdcfe898f79955047f01,true,stage08_b02_triang_scales_v1,d7de5774be071f747c6bdb46d3373673771af1a8190a816ca4092657ec7a5dfd,operator,triang,NA,NA,triang,triang__triang_int8_10e2__7f7d081aa0af5dfa__sym,triang_int8_10e2,10^2,100,window_positions=[100],INT8,CPU,not_applicable,compatibility/end-to-end,PASS,OK,20,100,95,0.00164,true,7f7d081aa0af5dfac9cbd2114e6e1ae81fa1069a67d6310ffd6db02c7f813864,dc2711aeebc5dcc6ee7cf1991b6fe924610f404c44949bece49b2c04e9eac773
1,20260807T161434Z_1c045bd7e750_stage08_b02_formal_8d000318,formal,20260807T161434Z,1c045bd7e750084695a5cdcfe898f79955047f01,true,stage08_b02_triang_scales_v1,d7de5774be071f747c6bdb46d3373673771af1a8190a816ca4092657ec7a5dfd,operator,triang,NA,NA,triang,triang__triang_int8_10e2__7f7d081aa0af5dfa__sym,triang_int8_10e2,10^2,100,window_positions=[100],INT8,CPU,not_applicable,compatibility/end-to-end,PASS,OK,20,100,96,0.0016299999999999999,true,7f7d081aa0af5dfac9cbd2114e6e1ae81fa1069a67d6310ffd6db02c7f813864,dc2711aeebc5dcc6ee7cf1991b6fe924610f404c44949bece49b2c04e9eac773
1,20260807T161434Z_1c045bd7e750_stage08_b02_formal_8d000318,formal,20260807T161434Z,1c045bd7e750084695a5cdcfe898f79955047f01,true,stage08_b02_triang_scales_v1,d7de5774be071f747c6bdb46d3373673771af1a8190a816ca4092657ec7a5dfd,operator,triang,NA,NA,triang,triang__triang_int8_10e2__7f7d081aa0af5dfa__sym,triang_int8_10e2,10^2,100,window_positions=[100],INT8,CPU,not_applicable,compatibility/end-to-end,PASS,OK,20,100,97,0.00164,true,7f7d081aa0af5dfac9cbd2114e6e1ae81fa1069a67d6310ffd6db02c7f813864,dc2711aeebc5dcc6ee7cf1991b6fe924610f404c44949bece49b2c04e9eac773
1,20260807T161434Z_1c045bd7e750_stage08_b02_formal_8d000318,formal,20260807T161434Z,1c045bd7e750084695a5cdcfe898f79955047f01,true,stage08_b02_triang_scales_v1,d7de5774be071f747c6bdb46d3373673771af1a8190a816ca4092657ec7a5dfd,operator,triang,NA,NA,triang,triang__triang_int8_10e2__7f7d081aa0af5dfa__sym,triang_int8_10e2,10^2,100,window_positions=[100],INT8,CPU,not_applicable,compatibility/end-to-end,PASS,OK,20,100,98,0.00166,true,7f7d081aa0af5dfac9cbd2114e6e1ae81fa1069a67d6310ffd6db02c7f813864,dc2711aeebc5dcc6ee7cf1991b6fe924610f404c44949bece49b2c04e9eac773
1,20260807T161434Z_1c045bd7e750_stage08_b02_formal_8d000318,formal,20260807T161434Z,1c045bd7e750084695a5cdcfe898f79955047f01,true,stage08_b02_triang_scales_v1,d7de5774be071f747c6bdb46d3373673771af1a8190a816ca4092657ec7a5dfd,operator,triang,NA,NA,triang,triang__triang_int8_10e2__7f7d081aa0af5dfa__sym,triang_int8_10e2,10^2,100,window_positions=[100],INT8,CPU,not_applicable,compatibility/end-to-end,PASS,OK,20,100,99,0.00164,true,7f7d081aa0af5dfac9cbd2114e6e1ae81fa1069a67d6310ffd6db02c7f813864,dc2711aeebc5dcc6ee7cf1991b6fe924610f404c44949bece49b2c04e9eac773
1,20260807T161434Z_1c045bd7e750_stage08_b02_formal_8d000318,formal,20260807T161434Z,1c045bd7e750084695a5cdcfe898f79955047f01,true,stage08_b02_triang_scales_v1,d7de5774be071f747c6bdb46d3373673771af1a8190a816ca4092657ec7a5dfd,operator,triang,NA,NA,triang,triang__triang_int8_10e2__7f7d081aa0af5dfa__sym,triang_int8_10e2,10^2,100,window_positions=[100],INT8,GPU,not_applicable,compatibility/end-to-end,PASS,OK,20,100,0,0.226299,true,7f7d081aa0af5dfac9cbd2114e6e1ae81fa1069a67d6310ffd6db02c7f813864,f8449620e43a549c920e731f44283774381f992a125907dcfe4a48e828dcc3df
1,20260807T161434Z_1c045bd7e750_stage08_b02_formal_8d000318,formal,20260807T161434Z,1c045bd7e750084695a5cdcfe898f79955047f01,true,stage08_b02_triang_scales_v1,d7de5774be071f747c6bdb46d3373673771af1a8190a816ca4092657ec7a5dfd,operator,triang,NA,NA,triang,triang__triang_int8_10e2__7f7d081aa0af5dfa__sym,triang_int8_10e2,10^2,100,window_positions=[100],INT8,GPU,not_applicable,compatibility/end-to-end,PASS,OK,20,100,1,0.220169,true,7f7d081aa0af5dfac9cbd2114e6e1ae81fa1069a67d6310ffd6db02c7f813864,f8449620e43a549c920e731f44283774381f992a125907dcfe4a48e828dcc3df
1,20260807T161434Z_1c045bd7e750_stage08_b02_formal_8d000318,formal,20260807T161434Z,1c045bd7e750084695a5cdcfe898f79955047f01,true,stage08_b02_triang_scales_v1,d7de5774be071f747c6bdb46d3373673771af1a8190a816ca4092657ec7a5dfd,operator,triang,NA,NA,triang,triang__triang_int8_10e2__7f7d081aa0af5dfa__sym,triang_int8_10e2,10^2,100,window_positions=[100],INT8,GPU,not_applicable,compatibility/end-to-end,PASS,OK,20,100,2,0.23943999999999999,true,7f7d081aa0af5dfac9cbd2114e6e1ae81fa1069a67d6310ffd6db02c7f813864,f8449620e43a549c920e731f44283774381f992a125907dcfe4a48e828dcc3df
1,20260807T161434Z_1c045bd7e750_stage08_b02_formal_8d000318,formal,20260807T161434Z,1c045bd7e750084695a5cdcfe898f79955047f01,true,stage08_b02_triang_scales_v1,d7de5774be071f747c6bdb46d3373673771af1a8190a816ca4092657ec7a5dfd,operator,triang,NA,NA,triang,triang__triang_int8_10e2__7f7d081aa0af5dfa__sym,triang_int8_10e2,10^2,100,window_positions=[100],INT8,GPU,not_applicable,compatibility/end-to-end,PASS,OK,20,100,3,0.23144000000000001,true,7f7d081aa0af5dfac9cbd2114e6e1ae81fa1069a67d6310ffd6db02c7f813864,f8449620e43a549c920e731f44283774381f992a125907dcfe4a48e828dcc3df
1,20260807T161434Z_1c045bd7e750_stage08_b02_formal_8d000318,formal,20260807T161434Z,1c045bd7e750084695a5cdcfe898f79955047f01,true,stage08_b02_triang_scales_v1,d7de5774be071f747c6bdb46d3373673771af1a8190a816ca4092657ec7a5dfd,operator,triang,NA,NA,triang,triang__triang_int8_10e2__7f7d081aa0af5dfa__sym,triang_int8_10e2,10^2,100,window_positions=[100],INT8,GPU,not_applicable,compatibility/end-to-end,PASS,OK,20,100,4,0.22922999999999999,true,7f7d081aa0af5dfac9cbd2114e6e1ae81fa1069a67d6310ffd6db02c7f813864,f8449620e43a549c920e731f44283774381f992a125907dcfe4a48e828dcc3df
1,20260807T161434Z_1c045bd7e750_stage08_b02_formal_8d000318,formal,20260807T161434Z,1c045bd7e750084695a5cdcfe898f79955047f01,true,stage08_b02_triang_scales_v1,d7de5774be071f747c6bdb46d3373673771af1a8190a816ca4092657ec7a5dfd,operator,triang,NA,NA,triang,triang__triang_int8_10e2__7f7d081aa0af5dfa__sym,triang_int8_10e2,10^2,100,window_positions=[100],INT8,GPU,not_applicable,compatibility/end-to-end,PASS,OK,20,100,5,0.28063199999999999,true,7f7d081aa0af5dfac9cbd2114e6e1ae81fa1069a67d6310ffd6db02c7f813864,f8449620e43a549c920e731f44283774381f992a125907dcfe4a48e828dcc3df
1,20260807T161434Z_1c045bd7e750_stage08_b02_formal_8d000318,formal,20260807T161434Z,1c045bd7e750084695a5cdcfe898f79955047f01,true,stage08_b02_triang_scales_v1,d7de5774be071f747c6bdb46d3373673771af1a8190a816ca4092657ec7a5dfd,operator,triang,NA,NA,triang,triang__triang_int8_10e2__7f7d081aa0af5dfa__sym,triang_int8_10e2,10^2,100,window_positions=[100],INT8,GPU,not_applicable,compatibility/end-to-end,PASS,OK,20,100,6,0.23760999999999999,true,7f7d081aa0af5dfac9cbd2114e6e1ae81fa1069a67d6310ffd6db02c7f813864,f8449620e43a549c920e731f44283774381f992a125907dcfe4a48e828dcc3df
1,20260807T161434Z_1c045bd7e750_stage08_b02_formal_8d000318,formal,20260807T161434Z,1c045bd7e750084695a5cdcfe898f79955047f01,true,stage08_b02_triang_scales_v1,d7de5774be071f747c6bdb46d3373673771af1a8190a816ca4092657ec7a5dfd,operator,triang,NA,NA,triang,triang__triang_int8_10e2__7f7d081aa0af5dfa__sym,triang_int8_10e2,10^2,100,window_positions=[100],INT8,GPU,not_applicable,compatibility/end-to-end,PASS,OK,20,100,7,0.24443100000000001,true,7f7d081aa0af5dfac9cbd2114e6e1ae81fa1069a67d6310ffd6db02c7f813864,f8449620e43a549c920e731f44283774381f992a125907dcfe4a48e828dcc3df
1,20260807T161434Z_1c045bd7e750_stage08_b02_formal_8d000318,formal,20260807T161434Z,1c045bd7e750084695a5cdcfe898f79955047f01,true,stage08_b02_triang_scales_v1,d7de5774be071f747c6bdb46d3373673771af1a8190a816ca4092657ec7a5dfd,operator,triang,NA,NA,triang,triang__triang_int8_10e2__7f7d081aa0af5dfa__sym,triang_int8_10e2,10^2,100,window_positions=[100],INT8,GPU,not_applicable,compatibility/end-to-end,PASS,OK,20,100,8,0.32502399999999998,true,7f7d081aa0af5dfac9cbd2114e6e1ae81fa1069a67d6310ffd6db02c7f813864,f8449620e43a549c920e731f44283774381f992a125907dcfe4a48e828dcc3df
1,20260807T161434Z_1c045bd7e750_stage08_b02_formal_8d000318,formal,20260807T161434Z,1c045bd7e750084695a5cdcfe898f79955047f01,true,stage08_b02_triang_scales_v1,d7de5774be071f747c6bdb46d3373673771af1a8190a816ca4092657ec7a5dfd,operator,triang,NA,NA,triang,triang__triang_int8_10e2__7f7d081aa0af5dfa__sym,triang_int8_10e2,10^2,100,window_positions=[100],INT8,GPU,not_applicable,compatibility/end-to-end,PASS,OK,20,100,9,0.22394,true,7f7d081aa0af5dfac9cbd2114e6e1ae81fa1069a67d6310ffd6db02c7f813864,f8449620e43a549c920e731f44283774381f992a125907dcfe4a48e828dcc3df
1,20260807T161434Z_1c045bd7e750_stage08_b02_formal_8d000318,formal,20260807T161434Z,1c045bd7e750084695a5cdcfe898f79955047f01,true,stage08_b02_triang_scales_v1,d7de5774be071f747c6bdb46d3373673771af1a8190a816ca4092657ec7a5dfd,operator,triang,NA,NA,triang,triang__triang_int8_10e2__7f7d081aa0af5dfa__sym,triang_int8_10e2,10^2,100,window_positions=[100],INT8,GPU,not_applicable,compatibility/end-to-end,PASS,OK,20,100,10,0.224159,true,7f7d081aa0af5dfac9cbd2114e6e1ae81fa1069a67d6310ffd6db02c7f813864,f8449620e43a549c920e731f44283774381f992a125907dcfe4a48e828dcc3df
1,20260807T161434Z_1c045bd7e750_stage08_b02_formal_8d000318,formal,20260807T161434Z,1c045bd7e750084695a5cdcfe898f79955047f01,true,stage08_b02_triang_scales_v1,d7de5774be071f747c6bdb46d3373673771af1a8190a816ca4092657ec7a5dfd,operator,triang,NA,NA,triang,triang__triang_int8_10e2__7f7d081aa0af5dfa__sym,triang_int8_10e2,10^2,100,window_positions=[100],INT8,GPU,not_applicable,compatibility/end-to-end,PASS,OK,20,100,11,0.22267000000000001,true,7f7d081aa0af5dfac9cbd2114e6e1ae81fa1069a67d6310ffd6db02c7f813864,f8449620e43a549c920e731f44283774381f992a125907dcfe4a48e828dcc3df
1,20260807T161434Z_1c045bd7e750_stage08_b02_formal_8d000318,formal,20260807T161434Z,1c045bd7e750084695a5cdcfe898f79955047f01,true,stage08_b02_triang_scales_v1,d7de5774be071f747c6bdb46d3373673771af1a8190a816ca4092657ec7a5dfd,operator,triang,NA,NA,triang,triang__triang_int8_10e2__7f7d081aa0af5dfa__sym,triang_int8_10e2,10^2,100,window_positions=[100],INT8,GPU,not_applicable,compatibility/end-to-end,PASS,OK,20,100,12,0.222109,true,7f7d081aa0af5dfac9cbd2114e6e1ae81fa1069a67d6310ffd6db02c7f813864,f8449620e43a549c920e731f44283774381f992a125907dcfe4a48e828dcc3df
1,20260807T161434Z_1c045bd7e750_stage08_b02_formal_8d000318,formal,20260807T161434Z,1c045bd7e750084695a5cdcfe898f79955047f01,true,stage08_b02_triang_scales_v1,d7de5774be071f747c6bdb46d3373673771af1a8190a816ca4092657ec7a5dfd,operator,triang,NA,NA,triang,triang__triang_int8_10e2__7f7d081aa0af5dfa__sym,triang_int8_10e2,10^2,100,window_positions=[100],INT8,GPU,not_applicable,compatibility/end-to-end,PASS,OK,20,100,13,0.21723000000000001,true,7f7d081aa0af5dfac9cbd2114e6e1ae81fa1069a67d6310ffd6db02c7f813864,f8449620e43a549c920e731f44283774381f992a125907dcfe4a48e828dcc3df
1,20260807T161434Z_1c045bd7e750_stage08_b02_formal_8d000318,formal,20260807T161434Z,1c045bd7e750084695a5cdcfe898f79955047f01,true,stage08_b02_triang_scales_v1,d7de5774be071f747c6bdb46d3373673771af1a8190a816ca4092657ec7a5dfd,operator,triang,NA,NA,triang,triang__triang_int8_10e2__7f7d081aa0af5dfa__sym,triang_int8_10e2,10^2,100,window_positions=[100],INT8,GPU,not_applicable,compatibility/end-to-end,PASS,OK,20,100,14,0.21848899999999999,true,7f7d081aa0af5dfac9cbd2114e6e1ae81fa1069a67d6310ffd6db02c7f813864,f8449620e43a549c920e731f44283774381f992a125907dcfe4a48e828dcc3df
1,20260807T161434Z_1c045bd7e750_stage08_b02_formal_8d000318,formal,20260807T161434Z,1c045bd7e750084695a5cdcfe898f79955047f01,true,stage08_b02_triang_scales_v1,d7de5774be071f747c6bdb46d3373673771af1a8190a816ca4092657ec7a5dfd,operator,triang,NA,NA,triang,triang__triang_int8_10e2__7f7d081aa0af5dfa__sym,triang_int8_10e2,10^2,100,window_positions=[100],INT8,GPU,not_applicable,compatibility/end-to-end,PASS,OK,20,100,15,0.22034899999999999,true,7f7d081aa0af5dfac9cbd2114e6e1ae81fa1069a67d6310ffd6db02c7f813864,f8449620e43a549c920e731f44283774381f992a125907dcfe4a48e828dcc3df
1,20260807T161434Z_1c045bd7e750_stage08_b02_formal_8d000318,formal,20260807T161434Z,1c045bd7e750084695a5cdcfe898f79955047f01,true,stage08_b02_triang_scales_v1,d7de5774be071f747c6bdb46d3373673771af1a8190a816ca4092657ec7a5dfd,operator,triang,NA,NA,triang,triang__triang_int8_10e2__7f7d081aa0af5dfa__sym,triang_int8_10e2,10^2,100,window_positions=[100],INT8,GPU,not_applicable,compatibility/end-to-end,PASS,OK,20,100,16,0.22148999999999999,true,7f7d081aa0af5dfac9cbd2114e6e1ae81fa1069a67d6310ffd6db02c7f813864,f8449620e43a549c920e731f44283774381f992a125907dcfe4a48e828dcc3df
1,20260807T161434Z_1c045bd7e750_stage08_b02_formal_8d000318,formal,20260807T161434Z,1c045bd7e750084695a5cdcfe898f79955047f01,true,stage08_b02_triang_scales_v1,d7de5774be071f747c6bdb46d3373673771af1a8190a816ca4092657ec7a5dfd,operator,triang,NA,NA,triang,triang__triang_int8_10e2__7f7d081aa0af5dfa__sym,triang_int8_10e2,10^2,100,window_positions=[100],INT8,GPU,not_applicable,compatibility/end-to-end,PASS,OK,20,100,17,0.219469,true,7f7d081aa0af5dfac9cbd2114e6e1ae81fa1069a67d6310ffd6db02c7f813864,f8449620e43a549c920e731f44283774381f992a125907dcfe4a48e828dcc3df
1,20260807T161434Z_1c045bd7e750_stage08_b02_formal_8d000318,formal,20260807T161434Z,1c045bd7e750084695a5cdcfe898f79955047f01,true,stage08_b02_triang_scales_v1,d7de5774be071f747c6bdb46d3373673771af1a8190a816ca4092657ec7a5dfd,operator,triang,NA,NA,triang,triang__triang_int8_10e2__7f7d081aa0af5dfa__sym,triang_int8_10e2,10^2,100,window_positions=[100],INT8,GPU,not_applicable,compatibility/end-to-end,PASS,OK,20,100,18,0.21870999999999999,true,7f7d081aa0af5dfac9cbd2114e6e1ae81fa1069a67d6310ffd6db02c7f813864,f8449620e43a549c920e731f44283774381f992a125907dcfe4a48e828dcc3df
1,20260807T161434Z_1c045bd7e750_stage08_b02_formal_8d000318,formal,20260807T161434Z,1c045bd7e750084695a5cdcfe898f79955047f01,true,stage08_b02_triang_scales_v1,d7de5774be071f747c6bdb46d3373673771af1a8190a816ca4092657ec7a5dfd,operator,triang,NA,NA,triang,triang__triang_int8_10e2__7f7d081aa0af5dfa__sym,triang_int8_10e2,10^2,100,window_positions=[100],INT8,GPU,not_applicable,compatibility/end-to-end,PASS,OK,20,100,19,0.217969,true,7f7d081aa0af5dfac9cbd2114e6e1ae81fa1069a67d6310ffd6db02c7f813864,f8449620e43a549c920e731f44283774381f992a125907dcfe4a48e828dcc3df
1,20260807T161434Z_1c045bd7e750_stage08_b02_formal_8d000318,formal,20260807T161434Z,1c045bd7e750084695a5cdcfe898f79955047f01,true,stage08_b02_triang_scales_v1,d7de5774be071f747c6bdb46d3373673771af1a8190a816ca4092657ec7a5dfd,operator,triang,NA,NA,triang,triang__triang_int8_10e2__7f7d081aa0af5dfa__sym,triang_int8_10e2,10^2,100,window_positions=[100],INT8,GPU,not_applicable,compatibility/end-to-end,PASS,OK,20,100,20,0.22287000000000001,true,7f7d081aa0af5dfac9cbd2114e6e1ae81fa1069a67d6310ffd6db02c7f813864,f8449620e43a549c920e731f44283774381f992a125907dcfe4a48e828dcc3df
1,20260807T161434Z_1c045bd7e750_stage08_b02_formal_8d000318,formal,20260807T161434Z,1c045bd7e750084695a5cdcfe898f79955047f01,true,stage08_b02_triang_scales_v1,d7de5774be071f747c6bdb46d3373673771af1a8190a816ca4092657ec7a5dfd,operator,triang,NA,NA,triang,triang__triang_int8_10e2__7f7d081aa0af5dfa__sym,triang_int8_10e2,10^2,100,window_positions=[100],INT8,GPU,not_applicable,compatibility/end-to-end,PASS,OK,20,100,21,0.21934899999999999,true,7f7d081aa0af5dfac9cbd2114e6e1ae81fa1069a67d6310ffd6db02c7f813864,f8449620e43a549c920e731f44283774381f992a125907dcfe4a48e828dcc3df
1,20260807T161434Z_1c045bd7e750_stage08_b02_formal_8d000318,formal,20260807T161434Z,1c045bd7e750084695a5cdcfe898f79955047f01,true,stage08_b02_triang_scales_v1,d7de5774be071f747c6bdb46d3373673771af1a8190a816ca4092657ec7a5dfd,operator,triang,NA,NA,triang,triang__triang_int8_10e2__7f7d081aa0af5dfa__sym,triang_int8_10e2,10^2,100,window_positions=[100],INT8,GPU,not_applicable,compatibility/end-to-end,PASS,OK,20,100,22,0.21915899999999999,true,7f7d081aa0af5dfac9cbd2114e6e1ae81fa1069a67d6310ffd6db02c7f813864,f8449620e43a549c920e731f44283774381f992a125907dcfe4a48e828dcc3df
1,20260807T161434Z_1c045bd7e750_stage08_b02_formal_8d000318,formal,20260807T161434Z,1c045bd7e750084695a5cdcfe898f79955047f01,true,stage08_b02_triang_scales_v1,d7de5774be071f747c6bdb46d3373673771af1a8190a816ca4092657ec7a5dfd,operator,triang,NA,NA,triang,triang__triang_int8_10e2__7f7d081aa0af5dfa__sym,triang_int8_10e2,10^2,100,window_positions=[100],INT8,GPU,not_applicable,compatibility/end-to-end,PASS,OK,20,100,23,0.21565999999999999,true,7f7d081aa0af5dfac9cbd2114e6e1ae81fa1069a67d6310ffd6db02c7f813864,f8449620e43a549c920e731f44283774381f992a125907dcfe4a48e828dcc3df
1,20260807T161434Z_1c045bd7e750_stage08_b02_formal_8d000318,formal,20260807T161434Z,1c045bd7e750084695a5cdcfe898f79955047f01,true,stage08_b02_triang_scales_v1,d7de5774be071f747c6bdb46d3373673771af1a8190a816ca4092657ec7a5dfd,operator,triang,NA,NA,triang,triang__triang_int8_10e2__7f7d081aa0af5dfa__sym,triang_int8_10e2,10^2,100,window_positions=[100],INT8,GPU,not_applicable,compatibility/end-to-end,PASS,OK,20,100,24,0.24496999999999999,true,7f7d081aa0af5dfac9cbd2114e6e1ae81fa1069a67d6310ffd6db02c7f813864,f8449620e43a549c920e731f44283774381f992a125907dcfe4a48e828dcc3df
1,20260807T161434Z_1c045bd7e750_stage08_b02_formal_8d000318,formal,20260807T161434Z,1c045bd7e750084695a5cdcfe898f79955047f01,true,stage08_b02_triang_scales_v1,d7de5774be071f747c6bdb46d3373673771af1a8190a816ca4092657ec7a5dfd,operator,triang,NA,NA,triang,triang__triang_int8_10e2__7f7d081aa0af5dfa__sym,triang_int8_10e2,10^2,100,window_positions=[100],INT8,GPU,not_applicable,compatibility/end-to-end,PASS,OK,20,100,25,0.22561999999999999,true,7f7d081aa0af5dfac9cbd2114e6e1ae81fa1069a67d6310ffd6db02c7f813864,f8449620e43a549c920e731f44283774381f992a125907dcfe4a48e828dcc3df
1,20260807T161434Z_1c045bd7e750_stage08_b02_formal_8d000318,formal,20260807T161434Z,1c045bd7e750084695a5cdcfe898f79955047f01,true,stage08_b02_triang_scales_v1,d7de5774be071f747c6bdb46d3373673771af1a8190a816ca4092657ec7a5dfd,operator,triang,NA,NA,triang,triang__triang_int8_10e2__7f7d081aa0af5dfa__sym,triang_int8_10e2,10^2,100,window_positions=[100],INT8,GPU,not_applicable,compatibility/end-to-end,PASS,OK,20,100,26,0.22295899999999999,true,7f7d081aa0af5dfac9cbd2114e6e1ae81fa1069a67d6310ffd6db02c7f813864,f8449620e43a549c920e731f44283774381f992a125907dcfe4a48e828dcc3df
1,20260807T161434Z_1c045bd7e750_stage08_b02_formal_8d000318,formal,20260807T161434Z,1c045bd7e750084695a5cdcfe898f79955047f01,true,stage08_b02_triang_scales_v1,d7de5774be071f747c6bdb46d3373673771af1a8190a816ca4092657ec7a5dfd,operator,triang,NA,NA,triang,triang__triang_int8_10e2__7f7d081aa0af5dfa__sym,triang_int8_10e2,10^2,100,window_positions=[100],INT8,GPU,not_applicable,compatibility/end-to-end,PASS,OK,20,100,27,0.21897,true,7f7d081aa0af5dfac9cbd2114e6e1ae81fa1069a67d6310ffd6db02c7f813864,f8449620e43a549c920e731f44283774381f992a125907dcfe4a48e828dcc3df
1,20260807T161434Z_1c045bd7e750_stage08_b02_formal_8d000318,formal,20260807T161434Z,1c045bd7e750084695a5cdcfe898f79955047f01,true,stage08_b02_triang_scales_v1,d7de5774be071f747c6bdb46d3373673771af1a8190a816ca4092657ec7a5dfd,operator,triang,NA,NA,triang,triang__triang_int8_10e2__7f7d081aa0af5dfa__sym,triang_int8_10e2,10^2,100,window_positions=[100],INT8,GPU,not_applicable,compatibility/end-to-end,PASS,OK,20,100,28,0.22459000000000001,true,7f7d081aa0af5dfac9cbd2114e6e1ae81fa1069a67d6310ffd6db02c7f813864,f8449620e43a549c920e731f44283774381f992a125907dcfe4a48e828dcc3df
1,20260807T161434Z_1c045bd7e750_stage08_b02_formal_8d000318,formal,20260807T161434Z,1c045bd7e750084695a5cdcfe898f79955047f01,true,stage08_b02_triang_scales_v1,d7de5774be071f747c6bdb46d3373673771af1a8190a816ca4092657ec7a5dfd,operator,triang,NA,NA,triang,triang__triang_int8_10e2__7f7d081aa0af5dfa__sym,triang_int8_10e2,10^2,100,window_positions=[100],INT8,GPU,not_applicable,compatibility/end-to-end,PASS,OK,20,100,29,0.22467899999999999,true,7f7d081aa0af5dfac9cbd2114e6e1ae81fa1069a67d6310ffd6db02c7f813864,f8449620e43a549c920e731f44283774381f992a125907dcfe4a48e828dcc3df
1,20260807T161434Z_1c045bd7e750_stage08_b02_formal_8d000318,formal,20260807T161434Z,1c045bd7e750084695a5cdcfe898f79955047f01,true,stage08_b02_triang_scales_v1,d7de5774be071f747c6bdb46d3373673771af1a8190a816ca4092657ec7a5dfd,operator,triang,NA,NA,triang,triang__triang_int8_10e2__7f7d081aa0af5dfa__sym,triang_int8_10e2,10^2,100,window_positions=[100],INT8,GPU,not_applicable,compatibility/end-to-end,PASS,OK,20,100,30,0.22452,true,7f7d081aa0af5dfac9cbd2114e6e1ae81fa1069a67d6310ffd6db02c7f813864,f8449620e43a549c920e731f44283774381f992a125907dcfe4a48e828dcc3df
1,20260807T161434Z_1c045bd7e750_stage08_b02_formal_8d000318,formal,20260807T161434Z,1c045bd7e750084695a5cdcfe898f79955047f01,true,stage08_b02_triang_scales_v1,d7de5774be071f747c6bdb46d3373673771af1a8190a816ca4092657ec7a5dfd,operator,triang,NA,NA,triang,triang__triang_int8_10e2__7f7d081aa0af5dfa__sym,triang_int8_10e2,10^2,100,window_positions=[100],INT8,GPU,not_applicable,compatibility/end-to-end,PASS,OK,20,100,31,0.217719,true,7f7d081aa0af5dfac9cbd2114e6e1ae81fa1069a67d6310ffd6db02c7f813864,f8449620e43a549c920e731f44283774381f992a125907dcfe4a48e828dcc3df
1,20260807T161434Z_1c045bd7e750_stage08_b02_formal_8d000318,formal,20260807T161434Z,1c045bd7e750084695a5cdcfe898f79955047f01,true,stage08_b02_triang_scales_v1,d7de5774be071f747c6bdb46d3373673771af1a8190a816ca4092657ec7a5dfd,operator,triang,NA,NA,triang,triang__triang_int8_10e2__7f7d081aa0af5dfa__sym,triang_int8_10e2,10^2,100,window_positions=[100],INT8,GPU,not_applicable,compatibility/end-to-end,PASS,OK,20,100,32,0.2223,true,7f7d081aa0af5dfac9cbd2114e6e1ae81fa1069a67d6310ffd6db02c7f813864,f8449620e43a549c920e731f44283774381f992a125907dcfe4a48e828dcc3df
1,20260807T161434Z_1c045bd7e750_stage08_b02_formal_8d000318,formal,20260807T161434Z,1c045bd7e750084695a5cdcfe898f79955047f01,true,stage08_b02_triang_scales_v1,d7de5774be071f747c6bdb46d3373673771af1a8190a816ca4092657ec7a5dfd,operator,triang,NA,NA,triang,triang__triang_int8_10e2__7f7d081aa0af5dfa__sym,triang_int8_10e2,10^2,100,window_positions=[100],INT8,GPU,not_applicable,compatibility/end-to-end,PASS,OK,20,100,33,0.220749,true,7f7d081aa0af5dfac9cbd2114e6e1ae81fa1069a67d6310ffd6db02c7f813864,f8449620e43a549c920e731f44283774381f992a125907dcfe4a48e828dcc3df
1,20260807T161434Z_1c045bd7e750_stage08_b02_formal_8d000318,formal,20260807T161434Z,1c045bd7e750084695a5cdcfe898f79955047f01,true,stage08_b02_triang_scales_v1,d7de5774be071f747c6bdb46d3373673771af1a8190a816ca4092657ec7a5dfd,operator,triang,NA,NA,triang,triang__triang_int8_10e2__7f7d081aa0af5dfa__sym,triang_int8_10e2,10^2,100,window_positions=[100],INT8,GPU,not_applicable,compatibility/end-to-end,PASS,OK,20,100,34,0.22090000000000001,true,7f7d081aa0af5dfac9cbd2114e6e1ae81fa1069a67d6310ffd6db02c7f813864,f8449620e43a549c920e731f44283774381f992a125907dcfe4a48e828dcc3df
1,20260807T161434Z_1c045bd7e750_stage08_b02_formal_8d000318,formal,20260807T161434Z,1c045bd7e750084695a5cdcfe898f79955047f01,true,stage08_b02_triang_scales_v1,d7de5774be071f747c6bdb46d3373673771af1a8190a816ca4092657ec7a5dfd,operator,triang,NA,NA,triang,triang__triang_int8_10e2__7f7d081aa0af5dfa__sym,triang_int8_10e2,10^2,100,window_positions=[100],INT8,GPU,not_applicable,compatibility/end-to-end,PASS,OK,20,100,35,0.221529,true,7f7d081aa0af5dfac9cbd2114e6e1ae81fa1069a67d6310ffd6db02c7f813864,f8449620e43a549c920e731f44283774381f992a125907dcfe4a48e828dcc3df
1,20260807T161434Z_1c045bd7e750_stage08_b02_formal_8d000318,formal,20260807T161434Z,1c045bd7e750084695a5cdcfe898f79955047f01,true,stage08_b02_triang_scales_v1,d7de5774be071f747c6bdb46d3373673771af1a8190a816ca4092657ec7a5dfd,operator,triang,NA,NA,triang,triang__triang_int8_10e2__7f7d081aa0af5dfa__sym,triang_int8_10e2,10^2,100,window_positions=[100],INT8,GPU,not_applicable,compatibility/end-to-end,PASS,OK,20,100,36,0.21795900000000001,true,7f7d081aa0af5dfac9cbd2114e6e1ae81fa1069a67d6310ffd6db02c7f813864,f8449620e43a549c920e731f44283774381f992a125907dcfe4a48e828dcc3df
1,20260807T161434Z_1c045bd7e750_stage08_b02_formal_8d000318,formal,20260807T161434Z,1c045bd7e750084695a5cdcfe898f79955047f01,true,stage08_b02_triang_scales_v1,d7de5774be071f747c6bdb46d3373673771af1a8190a816ca4092657ec7a5dfd,operator,triang,NA,NA,triang,triang__triang_int8_10e2__7f7d081aa0af5dfa__sym,triang_int8_10e2,10^2,100,window_positions=[100],INT8,GPU,not_applicable,compatibility/end-to-end,PASS,OK,20,100,37,0.22337899999999999,true,7f7d081aa0af5dfac9cbd2114e6e1ae81fa1069a67d6310ffd6db02c7f813864,f8449620e43a549c920e731f44283774381f992a125907dcfe4a48e828dcc3df
1,20260807T161434Z_1c045bd7e750_stage08_b02_formal_8d000318,formal,20260807T161434Z,1c045bd7e750084695a5cdcfe898f79955047f01,true,stage08_b02_triang_scales_v1,d7de5774be071f747c6bdb46d3373673771af1a8190a816ca4092657ec7a5dfd,operator,triang,NA,NA,triang,triang__triang_int8_10e2__7f7d081aa0af5dfa__sym,triang_int8_10e2,10^2,100,window_positions=[100],INT8,GPU,not_applicable,compatibility/end-to-end,PASS,OK,20,100,38,0.22642000000000001,true,7f7d081aa0af5dfac9cbd2114e6e1ae81fa1069a67d6310ffd6db02c7f813864,f8449620e43a549c920e731f44283774381f992a125907dcfe4a48e828dcc3df
1,20260807T161434Z_1c045bd7e750_stage08_b02_formal_8d000318,formal,20260807T161434Z,1c045bd7e750084695a5cdcfe898f79955047f01,true,stage08_b02_triang_scales_v1,d7de5774be071f747c6bdb46d3373673771af1a8190a816ca4092657ec7a5dfd,operator,triang,NA,NA,triang,triang__triang_int8_10e2__7f7d081aa0af5dfa__sym,triang_int8_10e2,10^2,100,window_positions=[100],INT8,GPU,not_applicable,compatibility/end-to-end,PASS,OK,20,100,39,0.22140899999999999,true,7f7d081aa0af5dfac9cbd2114e6e1ae81fa1069a67d6310ffd6db02c7f813864,f8449620e43a549c920e731f44283774381f992a125907dcfe4a48e828dcc3df
1,20260807T161434Z_1c045bd7e750_stage08_b02_formal_8d000318,formal,20260807T161434Z,1c045bd7e750084695a5cdcfe898f79955047f01,true,stage08_b02_triang_scales_v1,d7de5774be071f747c6bdb46d3373673771af1a8190a816ca4092657ec7a5dfd,operator,triang,NA,NA,triang,triang__triang_int8_10e2__7f7d081aa0af5dfa__sym,triang_int8_10e2,10^2,100,window_positions=[100],INT8,GPU,not_applicable,compatibility/end-to-end,PASS,OK,20,100,40,0.22059999999999999,true,7f7d081aa0af5dfac9cbd2114e6e1ae81fa1069a67d6310ffd6db02c7f813864,f8449620e43a549c920e731f44283774381f992a125907dcfe4a48e828dcc3df
1,20260807T161434Z_1c045bd7e750_stage08_b02_formal_8d000318,formal,20260807T161434Z,1c045bd7e750084695a5cdcfe898f79955047f01,true,stage08_b02_triang_scales_v1,d7de5774be071f747c6bdb46d3373673771af1a8190a816ca4092657ec7a5dfd,operator,triang,NA,NA,triang,triang__triang_int8_10e2__7f7d081aa0af5dfa__sym,triang_int8_10e2,10^2,100,window_positions=[100],INT8,GPU,not_applicable,compatibility/end-to-end,PASS,OK,20,100,41,0.219829,true,7f7d081aa0af5dfac9cbd2114e6e1ae81fa1069a67d6310ffd6db02c7f813864,f8449620e43a549c920e731f44283774381f992a125907dcfe4a48e828dcc3df
1,20260807T161434Z_1c045bd7e750_stage08_b02_formal_8d000318,formal,20260807T161434Z,1c045bd7e750084695a5cdcfe898f79955047f01,true,stage08_b02_triang_scales_v1,d7de5774be071f747c6bdb46d3373673771af1a8190a816ca4092657ec7a5dfd,operator,triang,NA,NA,triang,triang__triang_int8_10e2__7f7d081aa0af5dfa__sym,triang_int8_10e2,10^2,100,window_positions=[100],INT8,GPU,not_applicable,compatibility/end-to-end,PASS,OK,20,100,42,0.22461,true,7f7d081aa0af5dfac9cbd2114e6e1ae81fa1069a67d6310ffd6db02c7f813864,f8449620e43a549c920e731f44283774381f992a125907dcfe4a48e828dcc3df
1,20260807T161434Z_1c045bd7e750_stage08_b02_formal_8d000318,formal,20260807T161434Z,1c045bd7e750084695a5cdcfe898f79955047f01,true,stage08_b02_triang_scales_v1,d7de5774be071f747c6bdb46d3373673771af1a8190a816ca4092657ec7a5dfd,operator,triang,NA,NA,triang,triang__triang_int8_10e2__7f7d081aa0af5dfa__sym,triang_int8_10e2,10^2,100,window_positions=[100],INT8,GPU,not_applicable,compatibility/end-to-end,PASS,OK,20,100,43,0.22392899999999999,true,7f7d081aa0af5dfac9cbd2114e6e1ae81fa1069a67d6310ffd6db02c7f813864,f8449620e43a549c920e731f44283774381f992a125907dcfe4a48e828dcc3df
1,20260807T161434Z_1c045bd7e750_stage08_b02_formal_8d000318,formal,20260807T161434Z,1c045bd7e750084695a5cdcfe898f79955047f01,true,stage08_b02_triang_scales_v1,d7de5774be071f747c6bdb46d3373673771af1a8190a816ca4092657ec7a5dfd,operator,triang,NA,NA,triang,triang__triang_int8_10e2__7f7d081aa0af5dfa__sym,triang_int8_10e2,10^2,100,window_positions=[100],INT8,GPU,not_applicable,compatibility/end-to-end,PASS,OK,20,100,44,0.22667999999999999,true,7f7d081aa0af5dfac9cbd2114e6e1ae81fa1069a67d6310ffd6db02c7f813864,f8449620e43a549c920e731f44283774381f992a125907dcfe4a48e828dcc3df
1,20260807T161434Z_1c045bd7e750_stage08_b02_formal_8d000318,formal,20260807T161434Z,1c045bd7e750084695a5cdcfe898f79955047f01,true,stage08_b02_triang_scales_v1,d7de5774be071f747c6bdb46d3373673771af1a8190a816ca4092657ec7a5dfd,operator,triang,NA,NA,triang,triang__triang_int8_10e2__7f7d081aa0af5dfa__sym,triang_int8_10e2,10^2,100,window_positions=[100],INT8,GPU,not_applicable,compatibility/end-to-end,PASS,OK,20,100,45,0.21751999999999999,true,7f7d081aa0af5dfac9cbd2114e6e1ae81fa1069a67d6310ffd6db02c7f813864,f8449620e43a549c920e731f44283774381f992a125907dcfe4a48e828dcc3df
1,20260807T161434Z_1c045bd7e750_stage08_b02_formal_8d000318,formal,20260807T161434Z,1c045bd7e750084695a5cdcfe898f79955047f01,true,stage08_b02_triang_scales_v1,d7de5774be071f747c6bdb46d3373673771af1a8190a816ca4092657ec7a5dfd,operator,triang,NA,NA,triang,triang__triang_int8_10e2__7f7d081aa0af5dfa__sym,triang_int8_10e2,10^2,100,window_positions=[100],INT8,GPU,not_applicable,compatibility/end-to-end,PASS,OK,20,100,46,0.22453899999999999,true,7f7d081aa0af5dfac9cbd2114e6e1ae81fa1069a67d6310ffd6db02c7f813864,f8449620e43a549c920e731f44283774381f992a125907dcfe4a48e828dcc3df
1,20260807T161434Z_1c045bd7e750_stage08_b02_formal_8d000318,formal,20260807T161434Z,1c045bd7e750084695a5cdcfe898f79955047f01,true,stage08_b02_triang_scales_v1,d7de5774be071f747c6bdb46d3373673771af1a8190a816ca4092657ec7a5dfd,operator,triang,NA,NA,triang,triang__triang_int8_10e2__7f7d081aa0af5dfa__sym,triang_int8_10e2,10^2,100,window_positions=[100],INT8,GPU,not_applicable,compatibility/end-to-end,PASS,OK,20,100,47,0.22273000000000001,true,7f7d081aa0af5dfac9cbd2114e6e1ae81fa1069a67d6310ffd6db02c7f813864,f8449620e43a549c920e731f44283774381f992a125907dcfe4a48e828dcc3df
1,20260807T161434Z_1c045bd7e750_stage08_b02_formal_8d000318,formal,20260807T161434Z,1c045bd7e750084695a5cdcfe898f79955047f01,true,stage08_b02_triang_scales_v1,d7de5774be071f747c6bdb46d3373673771af1a8190a816ca4092657ec7a5dfd,operator,triang,NA,NA,triang,triang__triang_int8_10e2__7f7d081aa0af5dfa__sym,triang_int8_10e2,10^2,100,window_positions=[100],INT8,GPU,not_applicable,compatibility/end-to-end,PASS,OK,20,100,48,0.22220899999999999,true,7f7d081aa0af5dfac9cbd2114e6e1ae81fa1069a67d6310ffd6db02c7f813864,f8449620e43a549c920e731f44283774381f992a125907dcfe4a48e828dcc3df
1,20260807T161434Z_1c045bd7e750_stage08_b02_formal_8d000318,formal,20260807T161434Z,1c045bd7e750084695a5cdcfe898f79955047f01,true,stage08_b02_triang_scales_v1,d7de5774be071f747c6bdb46d3373673771af1a8190a816ca4092657ec7a5dfd,operator,triang,NA,NA,triang,triang__triang_int8_10e2__7f7d081aa0af5dfa__sym,triang_int8_10e2,10^2,100,window_positions=[100],INT8,GPU,not_applicable,compatibility/end-to-end,PASS,OK,20,100,49,0.21879999999999999,true,7f7d081aa0af5dfac9cbd2114e6e1ae81fa1069a67d6310ffd6db02c7f813864,f8449620e43a549c920e731f44283774381f992a125907dcfe4a48e828dcc3df
1,20260807T161434Z_1c045bd7e750_stage08_b02_formal_8d000318,formal,20260807T161434Z,1c045bd7e750084695a5cdcfe898f79955047f01,true,stage08_b02_triang_scales_v1,d7de5774be071f747c6bdb46d3373673771af1a8190a816ca4092657ec7a5dfd,operator,triang,NA,NA,triang,triang__triang_int8_10e2__7f7d081aa0af5dfa__sym,triang_int8_10e2,10^2,100,window_positions=[100],INT8,GPU,not_applicable,compatibility/end-to-end,PASS,OK,20,100,50,0.221799,true,7f7d081aa0af5dfac9cbd2114e6e1ae81fa1069a67d6310ffd6db02c7f813864,f8449620e43a549c920e731f44283774381f992a125907dcfe4a48e828dcc3df
1,20260807T161434Z_1c045bd7e750_stage08_b02_formal_8d000318,formal,20260807T161434Z,1c045bd7e750084695a5cdcfe898f79955047f01,true,stage08_b02_triang_scales_v1,d7de5774be071f747c6bdb46d3373673771af1a8190a816ca4092657ec7a5dfd,operator,triang,NA,NA,triang,triang__triang_int8_10e2__7f7d081aa0af5dfa__sym,triang_int8_10e2,10^2,100,window_positions=[100],INT8,GPU,not_applicable,compatibility/end-to-end,PASS,OK,20,100,51,0.22631000000000001,true,7f7d081aa0af5dfac9cbd2114e6e1ae81fa1069a67d6310ffd6db02c7f813864,f8449620e43a549c920e731f44283774381f992a125907dcfe4a48e828dcc3df
1,20260807T161434Z_1c045bd7e750_stage08_b02_formal_8d000318,formal,20260807T161434Z,1c045bd7e750084695a5cdcfe898f79955047f01,true,stage08_b02_triang_scales_v1,d7de5774be071f747c6bdb46d3373673771af1a8190a816ca4092657ec7a5dfd,operator,triang,NA,NA,triang,triang__triang_int8_10e2__7f7d081aa0af5dfa__sym,triang_int8_10e2,10^2,100,window_positions=[100],INT8,GPU,not_applicable,compatibility/end-to-end,PASS,OK,20,100,52,0.22248899999999999,true,7f7d081aa0af5dfac9cbd2114e6e1ae81fa1069a67d6310ffd6db02c7f813864,f8449620e43a549c920e731f44283774381f992a125907dcfe4a48e828dcc3df
1,20260807T161434Z_1c045bd7e750_stage08_b02_formal_8d000318,formal,20260807T161434Z,1c045bd7e750084695a5cdcfe898f79955047f01,true,stage08_b02_triang_scales_v1,d7de5774be071f747c6bdb46d3373673771af1a8190a816ca4092657ec7a5dfd,operator,triang,NA,NA,triang,triang__triang_int8_10e2__7f7d081aa0af5dfa__sym,triang_int8_10e2,10^2,100,window_positions=[100],INT8,GPU,not_applicable,compatibility/end-to-end,PASS,OK,20,100,53,0.22187000000000001,true,7f7d081aa0af5dfac9cbd2114e6e1ae81fa1069a67d6310ffd6db02c7f813864,f8449620e43a549c920e731f44283774381f992a125907dcfe4a48e828dcc3df
1,20260807T161434Z_1c045bd7e750_stage08_b02_formal_8d000318,formal,20260807T161434Z,1c045bd7e750084695a5cdcfe898f79955047f01,true,stage08_b02_triang_scales_v1,d7de5774be071f747c6bdb46d3373673771af1a8190a816ca4092657ec7a5dfd,operator,triang,NA,NA,triang,triang__triang_int8_10e2__7f7d081aa0af5dfa__sym,triang_int8_10e2,10^2,100,window_positions=[100],INT8,GPU,not_applicable,compatibility/end-to-end,PASS,OK,20,100,54,0.218919,true,7f7d081aa0af5dfac9cbd2114e6e1ae81fa1069a67d6310ffd6db02c7f813864,f8449620e43a549c920e731f44283774381f992a125907dcfe4a48e828dcc3df
1,20260807T161434Z_1c045bd7e750_stage08_b02_formal_8d000318,formal,20260807T161434Z,1c045bd7e750084695a5cdcfe898f79955047f01,true,stage08_b02_triang_scales_v1,d7de5774be071f747c6bdb46d3373673771af1a8190a816ca4092657ec7a5dfd,operator,triang,NA,NA,triang,triang__triang_int8_10e2__7f7d081aa0af5dfa__sym,triang_int8_10e2,10^2,100,window_positions=[100],INT8,GPU,not_applicable,compatibility/end-to-end,PASS,OK,20,100,55,0.22112999999999999,true,7f7d081aa0af5dfac9cbd2114e6e1ae81fa1069a67d6310ffd6db02c7f813864,f8449620e43a549c920e731f44283774381f992a125907dcfe4a48e828dcc3df
1,20260807T161434Z_1c045bd7e750_stage08_b02_formal_8d000318,formal,20260807T161434Z,1c045bd7e750084695a5cdcfe898f79955047f01,true,stage08_b02_triang_scales_v1,d7de5774be071f747c6bdb46d3373673771af1a8190a816ca4092657ec7a5dfd,operator,triang,NA,NA,triang,triang__triang_int8_10e2__7f7d081aa0af5dfa__sym,triang_int8_10e2,10^2,100,window_positions=[100],INT8,GPU,not_applicable,compatibility/end-to-end,PASS,OK,20,100,56,0.22364899999999999,true,7f7d081aa0af5dfac9cbd2114e6e1ae81fa1069a67d6310ffd6db02c7f813864,f8449620e43a549c920e731f44283774381f992a125907dcfe4a48e828dcc3df
1,20260807T161434Z_1c045bd7e750_stage08_b02_formal_8d000318,formal,20260807T161434Z,1c045bd7e750084695a5cdcfe898f79955047f01,true,stage08_b02_triang_scales_v1,d7de5774be071f747c6bdb46d3373673771af1a8190a816ca4092657ec7a5dfd,operator,triang,NA,NA,triang,triang__triang_int8_10e2__7f7d081aa0af5dfa__sym,triang_int8_10e2,10^2,100,window_positions=[100],INT8,GPU,not_applicable,compatibility/end-to-end,PASS,OK,20,100,57,0.22311,true,7f7d081aa0af5dfac9cbd2114e6e1ae81fa1069a67d6310ffd6db02c7f813864,f8449620e43a549c920e731f44283774381f992a125907dcfe4a48e828dcc3df
1,20260807T161434Z_1c045bd7e750_stage08_b02_formal_8d000318,formal,20260807T161434Z,1c045bd7e750084695a5cdcfe898f79955047f01,true,stage08_b02_triang_scales_v1,d7de5774be071f747c6bdb46d3373673771af1a8190a816ca4092657ec7a5dfd,operator,triang,NA,NA,triang,triang__triang_int8_10e2__7f7d081aa0af5dfa__sym,triang_int8_10e2,10^2,100,window_positions=[100],INT8,GPU,not_applicable,compatibility/end-to-end,PASS,OK,20,100,58,0.22142000000000001,true,7f7d081aa0af5dfac9cbd2114e6e1ae81fa1069a67d6310ffd6db02c7f813864,f8449620e43a549c920e731f44283774381f992a125907dcfe4a48e828dcc3df
1,20260807T161434Z_1c045bd7e750_stage08_b02_formal_8d000318,formal,20260807T161434Z,1c045bd7e750084695a5cdcfe898f79955047f01,true,stage08_b02_triang_scales_v1,d7de5774be071f747c6bdb46d3373673771af1a8190a816ca4092657ec7a5dfd,operator,triang,NA,NA,triang,triang__triang_int8_10e2__7f7d081aa0af5dfa__sym,triang_int8_10e2,10^2,100,window_positions=[100],INT8,GPU,not_applicable,compatibility/end-to-end,PASS,OK,20,100,59,0.21806900000000001,true,7f7d081aa0af5dfac9cbd2114e6e1ae81fa1069a67d6310ffd6db02c7f813864,f8449620e43a549c920e731f44283774381f992a125907dcfe4a48e828dcc3df
1,20260807T161434Z_1c045bd7e750_stage08_b02_formal_8d000318,formal,20260807T161434Z,1c045bd7e750084695a5cdcfe898f79955047f01,true,stage08_b02_triang_scales_v1,d7de5774be071f747c6bdb46d3373673771af1a8190a816ca4092657ec7a5dfd,operator,triang,NA,NA,triang,triang__triang_int8_10e2__7f7d081aa0af5dfa__sym,triang_int8_10e2,10^2,100,window_positions=[100],INT8,GPU,not_applicable,compatibility/end-to-end,PASS,OK,20,100,60,0.23663000000000001,true,7f7d081aa0af5dfac9cbd2114e6e1ae81fa1069a67d6310ffd6db02c7f813864,f8449620e43a549c920e731f44283774381f992a125907dcfe4a48e828dcc3df
1,20260807T161434Z_1c045bd7e750_stage08_b02_formal_8d000318,formal,20260807T161434Z,1c045bd7e750084695a5cdcfe898f79955047f01,true,stage08_b02_triang_scales_v1,d7de5774be071f747c6bdb46d3373673771af1a8190a816ca4092657ec7a5dfd,operator,triang,NA,NA,triang,triang__triang_int8_10e2__7f7d081aa0af5dfa__sym,triang_int8_10e2,10^2,100,window_positions=[100],INT8,GPU,not_applicable,compatibility/end-to-end,PASS,OK,20,100,61,0.22239999999999999,true,7f7d081aa0af5dfac9cbd2114e6e1ae81fa1069a67d6310ffd6db02c7f813864,f8449620e43a549c920e731f44283774381f992a125907dcfe4a48e828dcc3df
1,20260807T161434Z_1c045bd7e750_stage08_b02_formal_8d000318,formal,20260807T161434Z,1c045bd7e750084695a5cdcfe898f79955047f01,true,stage08_b02_triang_scales_v1,d7de5774be071f747c6bdb46d3373673771af1a8190a816ca4092657ec7a5dfd,operator,triang,NA,NA,triang,triang__triang_int8_10e2__7f7d081aa0af5dfa__sym,triang_int8_10e2,10^2,100,window_positions=[100],INT8,GPU,not_applicable,compatibility/end-to-end,PASS,OK,20,100,62,0.224469,true,7f7d081aa0af5dfac9cbd2114e6e1ae81fa1069a67d6310ffd6db02c7f813864,f8449620e43a549c920e731f44283774381f992a125907dcfe4a48e828dcc3df
1,20260807T161434Z_1c045bd7e750_stage08_b02_formal_8d000318,formal,20260807T161434Z,1c045bd7e750084695a5cdcfe898f79955047f01,true,stage08_b02_triang_scales_v1,d7de5774be071f747c6bdb46d3373673771af1a8190a816ca4092657ec7a5dfd,operator,triang,NA,NA,triang,triang__triang_int8_10e2__7f7d081aa0af5dfa__sym,triang_int8_10e2,10^2,100,window_positions=[100],INT8,GPU,not_applicable,compatibility/end-to-end,PASS,OK,20,100,63,0.22756999999999999,true,7f7d081aa0af5dfac9cbd2114e6e1ae81fa1069a67d6310ffd6db02c7f813864,f8449620e43a549c920e731f44283774381f992a125907dcfe4a48e828dcc3df
1,20260807T161434Z_1c045bd7e750_stage08_b02_formal_8d000318,formal,20260807T161434Z,1c045bd7e750084695a5cdcfe898f79955047f01,true,stage08_b02_triang_scales_v1,d7de5774be071f747c6bdb46d3373673771af1a8190a816ca4092657ec7a5dfd,operator,triang,NA,NA,triang,triang__triang_int8_10e2__7f7d081aa0af5dfa__sym,triang_int8_10e2,10^2,100,window_positions=[100],INT8,GPU,not_applicable,compatibility/end-to-end,PASS,OK,20,100,64,0.22097900000000001,true,7f7d081aa0af5dfac9cbd2114e6e1ae81fa1069a67d6310ffd6db02c7f813864,f8449620e43a549c920e731f44283774381f992a125907dcfe4a48e828dcc3df
1,20260807T161434Z_1c045bd7e750_stage08_b02_formal_8d000318,formal,20260807T161434Z,1c045bd7e750084695a5cdcfe898f79955047f01,true,stage08_b02_triang_scales_v1,d7de5774be071f747c6bdb46d3373673771af1a8190a816ca4092657ec7a5dfd,operator,triang,NA,NA,triang,triang__triang_int8_10e2__7f7d081aa0af5dfa__sym,triang_int8_10e2,10^2,100,window_positions=[100],INT8,GPU,not_applicable,compatibility/end-to-end,PASS,OK,20,100,65,0.22395999999999999,true,7f7d081aa0af5dfac9cbd2114e6e1ae81fa1069a67d6310ffd6db02c7f813864,f8449620e43a549c920e731f44283774381f992a125907dcfe4a48e828dcc3df
1,20260807T161434Z_1c045bd7e750_stage08_b02_formal_8d000318,formal,20260807T161434Z,1c045bd7e750084695a5cdcfe898f79955047f01,true,stage08_b02_triang_scales_v1,d7de5774be071f747c6bdb46d3373673771af1a8190a816ca4092657ec7a5dfd,operator,triang,NA,NA,triang,triang__triang_int8_10e2__7f7d081aa0af5dfa__sym,triang_int8_10e2,10^2,100,window_positions=[100],INT8,GPU,not_applicable,compatibility/end-to-end,PASS,OK,20,100,66,0.22968,true,7f7d081aa0af5dfac9cbd2114e6e1ae81fa1069a67d6310ffd6db02c7f813864,f8449620e43a549c920e731f44283774381f992a125907dcfe4a48e828dcc3df
1,20260807T161434Z_1c045bd7e750_stage08_b02_formal_8d000318,formal,20260807T161434Z,1c045bd7e750084695a5cdcfe898f79955047f01,true,stage08_b02_triang_scales_v1,d7de5774be071f747c6bdb46d3373673771af1a8190a816ca4092657ec7a5dfd,operator,triang,NA,NA,triang,triang__triang_int8_10e2__7f7d081aa0af5dfa__sym,triang_int8_10e2,10^2,100,window_positions=[100],INT8,GPU,not_applicable,compatibility/end-to-end,PASS,OK,20,100,67,0.219059,true,7f7d081aa0af5dfac9cbd2114e6e1ae81fa1069a67d6310ffd6db02c7f813864,f8449620e43a549c920e731f44283774381f992a125907dcfe4a48e828dcc3df
1,20260807T161434Z_1c045bd7e750_stage08_b02_formal_8d000318,formal,20260807T161434Z,1c045bd7e750084695a5cdcfe898f79955047f01,true,stage08_b02_triang_scales_v1,d7de5774be071f747c6bdb46d3373673771af1a8190a816ca4092657ec7a5dfd,operator,triang,NA,NA,triang,triang__triang_int8_10e2__7f7d081aa0af5dfa__sym,triang_int8_10e2,10^2,100,window_positions=[100],INT8,GPU,not_applicable,compatibility/end-to-end,PASS,OK,20,100,68,0.22306000000000001,true,7f7d081aa0af5dfac9cbd2114e6e1ae81fa1069a67d6310ffd6db02c7f813864,f8449620e43a549c920e731f44283774381f992a125907dcfe4a48e828dcc3df
1,20260807T161434Z_1c045bd7e750_stage08_b02_formal_8d000318,formal,20260807T161434Z,1c045bd7e750084695a5cdcfe898f79955047f01,true,stage08_b02_triang_scales_v1,d7de5774be071f747c6bdb46d3373673771af1a8190a816ca4092657ec7a5dfd,operator,triang,NA,NA,triang,triang__triang_int8_10e2__7f7d081aa0af5dfa__sym,triang_int8_10e2,10^2,100,window_positions=[100],INT8,GPU,not_applicable,compatibility/end-to-end,PASS,OK,20,100,69,0.22872999999999999,true,7f7d081aa0af5dfac9cbd2114e6e1ae81fa1069a67d6310ffd6db02c7f813864,f8449620e43a549c920e731f44283774381f992a125907dcfe4a48e828dcc3df
1,20260807T161434Z_1c045bd7e750_stage08_b02_formal_8d000318,formal,20260807T161434Z,1c045bd7e750084695a5cdcfe898f79955047f01,true,stage08_b02_triang_scales_v1,d7de5774be071f747c6bdb46d3373673771af1a8190a816ca4092657ec7a5dfd,operator,triang,NA,NA,triang,triang__triang_int8_10e2__7f7d081aa0af5dfa__sym,triang_int8_10e2,10^2,100,window_positions=[100],INT8,GPU,not_applicable,compatibility/end-to-end,PASS,OK,20,100,70,0.22255900000000001,true,7f7d081aa0af5dfac9cbd2114e6e1ae81fa1069a67d6310ffd6db02c7f813864,f8449620e43a549c920e731f44283774381f992a125907dcfe4a48e828dcc3df
1,20260807T161434Z_1c045bd7e750_stage08_b02_formal_8d000318,formal,20260807T161434Z,1c045bd7e750084695a5cdcfe898f79955047f01,true,stage08_b02_triang_scales_v1,d7de5774be071f747c6bdb46d3373673771af1a8190a816ca4092657ec7a5dfd,operator,triang,NA,NA,triang,triang__triang_int8_10e2__7f7d081aa0af5dfa__sym,triang_int8_10e2,10^2,100,window_positions=[100],INT8,GPU,not_applicable,compatibility/end-to-end,PASS,OK,20,100,71,0.22306999999999999,true,7f7d081aa0af5dfac9cbd2114e6e1ae81fa1069a67d6310ffd6db02c7f813864,f8449620e43a549c920e731f44283774381f992a125907dcfe4a48e828dcc3df
1,20260807T161434Z_1c045bd7e750_stage08_b02_formal_8d000318,formal,20260807T161434Z,1c045bd7e750084695a5cdcfe898f79955047f01,true,stage08_b02_triang_scales_v1,d7de5774be071f747c6bdb46d3373673771af1a8190a816ca4092657ec7a5dfd,operator,triang,NA,NA,triang,triang__triang_int8_10e2__7f7d081aa0af5dfa__sym,triang_int8_10e2,10^2,100,window_positions=[100],INT8,GPU,not_applicable,compatibility/end-to-end,PASS,OK,20,100,72,0.22147900000000001,true,7f7d081aa0af5dfac9cbd2114e6e1ae81fa1069a67d6310ffd6db02c7f813864,f8449620e43a549c920e731f44283774381f992a125907dcfe4a48e828dcc3df
1,20260807T161434Z_1c045bd7e750_stage08_b02_formal_8d000318,formal,20260807T161434Z,1c045bd7e750084695a5cdcfe898f79955047f01,true,stage08_b02_triang_scales_v1,d7de5774be071f747c6bdb46d3373673771af1a8190a816ca4092657ec7a5dfd,operator,triang,NA,NA,triang,triang__triang_int8_10e2__7f7d081aa0af5dfa__sym,triang_int8_10e2,10^2,100,window_positions=[100],INT8,GPU,not_applicable,compatibility/end-to-end,PASS,OK,20,100,73,0.22453999999999999,true,7f7d081aa0af5dfac9cbd2114e6e1ae81fa1069a67d6310ffd6db02c7f813864,f8449620e43a549c920e731f44283774381f992a125907dcfe4a48e828dcc3df
1,20260807T161434Z_1c045bd7e750_stage08_b02_formal_8d000318,formal,20260807T161434Z,1c045bd7e750084695a5cdcfe898f79955047f01,true,stage08_b02_triang_scales_v1,d7de5774be071f747c6bdb46d3373673771af1a8190a816ca4092657ec7a5dfd,operator,triang,NA,NA,triang,triang__triang_int8_10e2__7f7d081aa0af5dfa__sym,triang_int8_10e2,10^2,100,window_positions=[100],INT8,GPU,not_applicable,compatibility/end-to-end,PASS,OK,20,100,74,0.22491,true,7f7d081aa0af5dfac9cbd2114e6e1ae81fa1069a67d6310ffd6db02c7f813864,f8449620e43a549c920e731f44283774381f992a125907dcfe4a48e828dcc3df
1,20260807T161434Z_1c045bd7e750_stage08_b02_formal_8d000318,formal,20260807T161434Z,1c045bd7e750084695a5cdcfe898f79955047f01,true,stage08_b02_triang_scales_v1,d7de5774be071f747c6bdb46d3373673771af1a8190a816ca4092657ec7a5dfd,operator,triang,NA,NA,triang,triang__triang_int8_10e2__7f7d081aa0af5dfa__sym,triang_int8_10e2,10^2,100,window_positions=[100],INT8,GPU,not_applicable,compatibility/end-to-end,PASS,OK,20,100,75,0.22009899999999999,true,7f7d081aa0af5dfac9cbd2114e6e1ae81fa1069a67d6310ffd6db02c7f813864,f8449620e43a549c920e731f44283774381f992a125907dcfe4a48e828dcc3df
1,20260807T161434Z_1c045bd7e750_stage08_b02_formal_8d000318,formal,20260807T161434Z,1c045bd7e750084695a5cdcfe898f79955047f01,true,stage08_b02_triang_scales_v1,d7de5774be071f747c6bdb46d3373673771af1a8190a816ca4092657ec7a5dfd,operator,triang,NA,NA,triang,triang__triang_int8_10e2__7f7d081aa0af5dfa__sym,triang_int8_10e2,10^2,100,window_positions=[100],INT8,GPU,not_applicable,compatibility/end-to-end,PASS,OK,20,100,76,0.22092999999999999,true,7f7d081aa0af5dfac9cbd2114e6e1ae81fa1069a67d6310ffd6db02c7f813864,f8449620e43a549c920e731f44283774381f992a125907dcfe4a48e828dcc3df
1,20260807T161434Z_1c045bd7e750_stage08_b02_formal_8d000318,formal,20260807T161434Z,1c045bd7e750084695a5cdcfe898f79955047f01,true,stage08_b02_triang_scales_v1,d7de5774be071f747c6bdb46d3373673771af1a8190a816ca4092657ec7a5dfd,operator,triang,NA,NA,triang,triang__triang_int8_10e2__7f7d081aa0af5dfa__sym,triang_int8_10e2,10^2,100,window_positions=[100],INT8,GPU,not_applicable,compatibility/end-to-end,PASS,OK,20,100,77,0.22434899999999999,true,7f7d081aa0af5dfac9cbd2114e6e1ae81fa1069a67d6310ffd6db02c7f813864,f8449620e43a549c920e731f44283774381f992a125907dcfe4a48e828dcc3df
1,20260807T161434Z_1c045bd7e750_stage08_b02_formal_8d000318,formal,20260807T161434Z,1c045bd7e750084695a5cdcfe898f79955047f01,true,stage08_b02_triang_scales_v1,d7de5774be071f747c6bdb46d3373673771af1a8190a816ca4092657ec7a5dfd,operator,triang,NA,NA,triang,triang__triang_int8_10e2__7f7d081aa0af5dfa__sym,triang_int8_10e2,10^2,100,window_positions=[100],INT8,GPU,not_applicable,compatibility/end-to-end,PASS,OK,20,100,78,0.24082100000000001,true,7f7d081aa0af5dfac9cbd2114e6e1ae81fa1069a67d6310ffd6db02c7f813864,f8449620e43a549c920e731f44283774381f992a125907dcfe4a48e828dcc3df
1,20260807T161434Z_1c045bd7e750_stage08_b02_formal_8d000318,formal,20260807T161434Z,1c045bd7e750084695a5cdcfe898f79955047f01,true,stage08_b02_triang_scales_v1,d7de5774be071f747c6bdb46d3373673771af1a8190a816ca4092657ec7a5dfd,operator,triang,NA,NA,triang,triang__triang_int8_10e2__7f7d081aa0af5dfa__sym,triang_int8_10e2,10^2,100,window_positions=[100],INT8,GPU,not_applicable,compatibility/end-to-end,PASS,OK,20,100,79,0.227219,true,7f7d081aa0af5dfac9cbd2114e6e1ae81fa1069a67d6310ffd6db02c7f813864,f8449620e43a549c920e731f44283774381f992a125907dcfe4a48e828dcc3df
1,20260807T161434Z_1c045bd7e750_stage08_b02_formal_8d000318,formal,20260807T161434Z,1c045bd7e750084695a5cdcfe898f79955047f01,true,stage08_b02_triang_scales_v1,d7de5774be071f747c6bdb46d3373673771af1a8190a816ca4092657ec7a5dfd,operator,triang,NA,NA,triang,triang__triang_int8_10e2__7f7d081aa0af5dfa__sym,triang_int8_10e2,10^2,100,window_positions=[100],INT8,GPU,not_applicable,compatibility/end-to-end,PASS,OK,20,100,80,0.22414000000000001,true,7f7d081aa0af5dfac9cbd2114e6e1ae81fa1069a67d6310ffd6db02c7f813864,f8449620e43a549c920e731f44283774381f992a125907dcfe4a48e828dcc3df
1,20260807T161434Z_1c045bd7e750_stage08_b02_formal_8d000318,formal,20260807T161434Z,1c045bd7e750084695a5cdcfe898f79955047f01,true,stage08_b02_triang_scales_v1,d7de5774be071f747c6bdb46d3373673771af1a8190a816ca4092657ec7a5dfd,operator,triang,NA,NA,triang,triang__triang_int8_10e2__7f7d081aa0af5dfa__sym,triang_int8_10e2,10^2,100,window_positions=[100],INT8,GPU,not_applicable,compatibility/end-to-end,PASS,OK,20,100,81,0.22488,true,7f7d081aa0af5dfac9cbd2114e6e1ae81fa1069a67d6310ffd6db02c7f813864,f8449620e43a549c920e731f44283774381f992a125907dcfe4a48e828dcc3df
1,20260807T161434Z_1c045bd7e750_stage08_b02_formal_8d000318,formal,20260807T161434Z,1c045bd7e750084695a5cdcfe898f79955047f01,true,stage08_b02_triang_scales_v1,d7de5774be071f747c6bdb46d3373673771af1a8190a816ca4092657ec7a5dfd,operator,triang,NA,NA,triang,triang__triang_int8_10e2__7f7d081aa0af5dfa__sym,triang_int8_10e2,10^2,100,window_positions=[100],INT8,GPU,not_applicable,compatibility/end-to-end,PASS,OK,20,100,82,0.22298899999999999,true,7f7d081aa0af5dfac9cbd2114e6e1ae81fa1069a67d6310ffd6db02c7f813864,f8449620e43a549c920e731f44283774381f992a125907dcfe4a48e828dcc3df
1,20260807T161434Z_1c045bd7e750_stage08_b02_formal_8d000318,formal,20260807T161434Z,1c045bd7e750084695a5cdcfe898f79955047f01,true,stage08_b02_triang_scales_v1,d7de5774be071f747c6bdb46d3373673771af1a8190a816ca4092657ec7a5dfd,operator,triang,NA,NA,triang,triang__triang_int8_10e2__7f7d081aa0af5dfa__sym,triang_int8_10e2,10^2,100,window_positions=[100],INT8,GPU,not_applicable,compatibility/end-to-end,PASS,OK,20,100,83,0.22040000000000001,true,7f7d081aa0af5dfac9cbd2114e6e1ae81fa1069a67d6310ffd6db02c7f813864,f8449620e43a549c920e731f44283774381f992a125907dcfe4a48e828dcc3df
1,20260807T161434Z_1c045bd7e750_stage08_b02_formal_8d000318,formal,20260807T161434Z,1c045bd7e750084695a5cdcfe898f79955047f01,true,stage08_b02_triang_scales_v1,d7de5774be071f747c6bdb46d3373673771af1a8190a816ca4092657ec7a5dfd,operator,triang,NA,NA,triang,triang__triang_int8_10e2__7f7d081aa0af5dfa__sym,triang_int8_10e2,10^2,100,window_positions=[100],INT8,GPU,not_applicable,compatibility/end-to-end,PASS,OK,20,100,84,0.22700899999999999,true,7f7d081aa0af5dfac9cbd2114e6e1ae81fa1069a67d6310ffd6db02c7f813864,f8449620e43a549c920e731f44283774381f992a125907dcfe4a48e828dcc3df
1,20260807T161434Z_1c045bd7e750_stage08_b02_formal_8d000318,formal,20260807T161434Z,1c045bd7e750084695a5cdcfe898f79955047f01,true,stage08_b02_triang_scales_v1,d7de5774be071f747c6bdb46d3373673771af1a8190a816ca4092657ec7a5dfd,operator,triang,NA,NA,triang,triang__triang_int8_10e2__7f7d081aa0af5dfa__sym,triang_int8_10e2,10^2,100,window_positions=[100],INT8,GPU,not_applicable,compatibility/end-to-end,PASS,OK,20,100,85,0.22678000000000001,true,7f7d081aa0af5dfac9cbd2114e6e1ae81fa1069a67d6310ffd6db02c7f813864,f8449620e43a549c920e731f44283774381f992a125907dcfe4a48e828dcc3df
1,20260807T161434Z_1c045bd7e750_stage08_b02_formal_8d000318,formal,20260807T161434Z,1c045bd7e750084695a5cdcfe898f79955047f01,true,stage08_b02_triang_scales_v1,d7de5774be071f747c6bdb46d3373673771af1a8190a816ca4092657ec7a5dfd,operator,triang,NA,NA,triang,triang__triang_int8_10e2__7f7d081aa0af5dfa__sym,triang_int8_10e2,10^2,100,window_positions=[100],INT8,GPU,not_applicable,compatibility/end-to-end,PASS,OK,20,100,86,0.22478999999999999,true,7f7d081aa0af5dfac9cbd2114e6e1ae81fa1069a67d6310ffd6db02c7f813864,f8449620e43a549c920e731f44283774381f992a125907dcfe4a48e828dcc3df
1,20260807T161434Z_1c045bd7e750_stage08_b02_formal_8d000318,formal,20260807T161434Z,1c045bd7e750084695a5cdcfe898f79955047f01,true,stage08_b02_triang_scales_v1,d7de5774be071f747c6bdb46d3373673771af1a8190a816ca4092657ec7a5dfd,operator,triang,NA,NA,triang,triang__triang_int8_10e2__7f7d081aa0af5dfa__sym,triang_int8_10e2,10^2,100,window_positions=[100],INT8,GPU,not_applicable,compatibility/end-to-end,PASS,OK,20,100,87,0.22055900000000001,true,7f7d081aa0af5dfac9cbd2114e6e1ae81fa1069a67d6310ffd6db02c7f813864,f8449620e43a549c920e731f44283774381f992a125907dcfe4a48e828dcc3df
1,20260807T161434Z_1c045bd7e750_stage08_b02_formal_8d000318,formal,20260807T161434Z,1c045bd7e750084695a5cdcfe898f79955047f01,true,stage08_b02_triang_scales_v1,d7de5774be071f747c6bdb46d3373673771af1a8190a816ca4092657ec7a5dfd,operator,triang,NA,NA,triang,triang__triang_int8_10e2__7f7d081aa0af5dfa__sym,triang_int8_10e2,10^2,100,window_positions=[100],INT8,GPU,not_applicable,compatibility/end-to-end,PASS,OK,20,100,88,0.22473000000000001,true,7f7d081aa0af5dfac9cbd2114e6e1ae81fa1069a67d6310ffd6db02c7f813864,f8449620e43a549c920e731f44283774381f992a125907dcfe4a48e828dcc3df
1,20260807T161434Z_1c045bd7e750_stage08_b02_formal_8d000318,formal,20260807T161434Z,1c045bd7e750084695a5cdcfe898f79955047f01,true,stage08_b02_triang_scales_v1,d7de5774be071f747c6bdb46d3373673771af1a8190a816ca4092657ec7a5dfd,operator,triang,NA,NA,triang,triang__triang_int8_10e2__7f7d081aa0af5dfa__sym,triang_int8_10e2,10^2,100,window_positions=[100],INT8,GPU,not_applicable,compatibility/end-to-end,PASS,OK,20,100,89,0.22020899999999999,true,7f7d081aa0af5dfac9cbd2114e6e1ae81fa1069a67d6310ffd6db02c7f813864,f8449620e43a549c920e731f44283774381f992a125907dcfe4a48e828dcc3df
1,20260807T161434Z_1c045bd7e750_stage08_b02_formal_8d000318,formal,20260807T161434Z,1c045bd7e750084695a5cdcfe898f79955047f01,true,stage08_b02_triang_scales_v1,d7de5774be071f747c6bdb46d3373673771af1a8190a816ca4092657ec7a5dfd,operator,triang,NA,NA,triang,triang__triang_int8_10e2__7f7d081aa0af5dfa__sym,triang_int8_10e2,10^2,100,window_positions=[100],INT8,GPU,not_applicable,compatibility/end-to-end,PASS,OK,20,100,90,0.22184999999999999,true,7f7d081aa0af5dfac9cbd2114e6e1ae81fa1069a67d6310ffd6db02c7f813864,f8449620e43a549c920e731f44283774381f992a125907dcfe4a48e828dcc3df
1,20260807T161434Z_1c045bd7e750_stage08_b02_formal_8d000318,formal,20260807T161434Z,1c045bd7e750084695a5cdcfe898f79955047f01,true,stage08_b02_triang_scales_v1,d7de5774be071f747c6bdb46d3373673771af1a8190a816ca4092657ec7a5dfd,operator,triang,NA,NA,triang,triang__triang_int8_10e2__7f7d081aa0af5dfa__sym,triang_int8_10e2,10^2,100,window_positions=[100],INT8,GPU,not_applicable,compatibility/end-to-end,PASS,OK,20,100,91,0.22484899999999999,true,7f7d081aa0af5dfac9cbd2114e6e1ae81fa1069a67d6310ffd6db02c7f813864,f8449620e43a549c920e731f44283774381f992a125907dcfe4a48e828dcc3df
1,20260807T161434Z_1c045bd7e750_stage08_b02_formal_8d000318,formal,20260807T161434Z,1c045bd7e750084695a5cdcfe898f79955047f01,true,stage08_b02_triang_scales_v1,d7de5774be071f747c6bdb46d3373673771af1a8190a816ca4092657ec7a5dfd,operator,triang,NA,NA,triang,triang__triang_int8_10e2__7f7d081aa0af5dfa__sym,triang_int8_10e2,10^2,100,window_positions=[100],INT8,GPU,not_applicable,compatibility/end-to-end,PASS,OK,20,100,92,0.22678999999999999,true,7f7d081aa0af5dfac9cbd2114e6e1ae81fa1069a67d6310ffd6db02c7f813864,f8449620e43a549c920e731f44283774381f992a125907dcfe4a48e828dcc3df
1,20260807T161434Z_1c045bd7e750_stage08_b02_formal_8d000318,formal,20260807T161434Z,1c045bd7e750084695a5cdcfe898f79955047f01,true,stage08_b02_triang_scales_v1,d7de5774be071f747c6bdb46d3373673771af1a8190a816ca4092657ec7a5dfd,operator,triang,NA,NA,triang,triang__triang_int8_10e2__7f7d081aa0af5dfa__sym,triang_int8_10e2,10^2,100,window_positions=[100],INT8,GPU,not_applicable,compatibility/end-to-end,PASS,OK,20,100,93,0.22287000000000001,true,7f7d081aa0af5dfac9cbd2114e6e1ae81fa1069a67d6310ffd6db02c7f813864,f8449620e43a549c920e731f44283774381f992a125907dcfe4a48e828dcc3df
1,20260807T161434Z_1c045bd7e750_stage08_b02_formal_8d000318,formal,20260807T161434Z,1c045bd7e750084695a5cdcfe898f79955047f01,true,stage08_b02_triang_scales_v1,d7de5774be071f747c6bdb46d3373673771af1a8190a816ca4092657ec7a5dfd,operator,triang,NA,NA,triang,triang__triang_int8_10e2__7f7d081aa0af5dfa__sym,triang_int8_10e2,10^2,100,window_positions=[100],INT8,GPU,not_applicable,compatibility/end-to-end,PASS,OK,20,100,94,0.22165899999999999,true,7f7d081aa0af5dfac9cbd2114e6e1ae81fa1069a67d6310ffd6db02c7f813864,f8449620e43a549c920e731f44283774381f992a125907dcfe4a48e828dcc3df
1,20260807T161434Z_1c045bd7e750_stage08_b02_formal_8d000318,formal,20260807T161434Z,1c045bd7e750084695a5cdcfe898f79955047f01,true,stage08_b02_triang_scales_v1,d7de5774be071f747c6bdb46d3373673771af1a8190a816ca4092657ec7a5dfd,operator,triang,NA,NA,triang,triang__triang_int8_10e2__7f7d081aa0af5dfa__sym,triang_int8_10e2,10^2,100,window_positions=[100],INT8,GPU,not_applicable,compatibility/end-to-end,PASS,OK,20,100,95,0.22255,true,7f7d081aa0af5dfac9cbd2114e6e1ae81fa1069a67d6310ffd6db02c7f813864,f8449620e43a549c920e731f44283774381f992a125907dcfe4a48e828dcc3df
1,20260807T161434Z_1c045bd7e750_stage08_b02_formal_8d000318,formal,20260807T161434Z,1c045bd7e750084695a5cdcfe898f79955047f01,true,stage08_b02_triang_scales_v1,d7de5774be071f747c6bdb46d3373673771af1a8190a816ca4092657ec7a5dfd,operator,triang,NA,NA,triang,triang__triang_int8_10e2__7f7d081aa0af5dfa__sym,triang_int8_10e2,10^2,100,window_positions=[100],INT8,GPU,not_applicable,compatibility/end-to-end,PASS,OK,20,100,96,0.23114999999999999,true,7f7d081aa0af5dfac9cbd2114e6e1ae81fa1069a67d6310ffd6db02c7f813864,f8449620e43a549c920e731f44283774381f992a125907dcfe4a48e828dcc3df
1,20260807T161434Z_1c045bd7e750_stage08_b02_formal_8d000318,formal,20260807T161434Z,1c045bd7e750084695a5cdcfe898f79955047f01,true,stage08_b02_triang_scales_v1,d7de5774be071f747c6bdb46d3373673771af1a8190a816ca4092657ec7a5dfd,operator,triang,NA,NA,triang,triang__triang_int8_10e2__7f7d081aa0af5dfa__sym,triang_int8_10e2,10^2,100,window_positions=[100],INT8,GPU,not_applicable,compatibility/end-to-end,PASS,OK,20,100,97,0.225439,true,7f7d081aa0af5dfac9cbd2114e6e1ae81fa1069a67d6310ffd6db02c7f813864,f8449620e43a549c920e731f44283774381f992a125907dcfe4a48e828dcc3df
1,20260807T161434Z_1c045bd7e750_stage08_b02_formal_8d000318,formal,20260807T161434Z,1c045bd7e750084695a5cdcfe898f79955047f01,true,stage08_b02_triang_scales_v1,d7de5774be071f747c6bdb46d3373673771af1a8190a816ca4092657ec7a5dfd,operator,triang,NA,NA,triang,triang__triang_int8_10e2__7f7d081aa0af5dfa__sym,triang_int8_10e2,10^2,100,window_positions=[100],INT8,GPU,not_applicable,compatibility/end-to-end,PASS,OK,20,100,98,0.22147,true,7f7d081aa0af5dfac9cbd2114e6e1ae81fa1069a67d6310ffd6db02c7f813864,f8449620e43a549c920e731f44283774381f992a125907dcfe4a48e828dcc3df
1,20260807T161434Z_1c045bd7e750_stage08_b02_formal_8d000318,formal,20260807T161434Z,1c045bd7e750084695a5cdcfe898f79955047f01,true,stage08_b02_triang_scales_v1,d7de5774be071f747c6bdb46d3373673771af1a8190a816ca4092657ec7a5dfd,operator,triang,NA,NA,triang,triang__triang_int8_10e2__7f7d081aa0af5dfa__sym,triang_int8_10e2,10^2,100,window_positions=[100],INT8,GPU,not_applicable,compatibility/end-to-end,PASS,OK,20,100,99,0.220719,true,7f7d081aa0af5dfac9cbd2114e6e1ae81fa1069a67d6310ffd6db02c7f813864,f8449620e43a549c920e731f44283774381f992a125907dcfe4a48e828dcc3df
