schema_version,run_id,run_type,test_time_utc,git_commit,git_dirty,config_id,config_sha256,target_kind,target,task_name,step_name,operator_name,case_id,scale_id,order_of_magnitude,actual_elements,input_shape,dtype,device,backend,timing_scope,status,error_code,warmup_runs,measured_runs,sample_index,latency_ms,synchronized,input_digest,output_digest
1,20260807T161432Z_1c045bd7e750_stage08_b02_formal_8d000300,formal,20260807T161432Z,1c045bd7e750084695a5cdcfe898f79955047f01,true,stage08_b02_triang_scales_v1,d7de5774be071f747c6bdb46d3373673771af1a8190a816ca4092657ec7a5dfd,operator,triang,NA,NA,triang,triang__triang_fp32_10e2__7f7d081aa0af5dfa__sym,triang_fp32_10e2,10^2,100,window_positions=[100],FP32,CPU,not_applicable,compatibility/end-to-end,PASS,OK,20,100,0,0.00183,true,7f7d081aa0af5dfac9cbd2114e6e1ae81fa1069a67d6310ffd6db02c7f813864,dc2711aeebc5dcc6ee7cf1991b6fe924610f404c44949bece49b2c04e9eac773
1,20260807T161432Z_1c045bd7e750_stage08_b02_formal_8d000300,formal,20260807T161432Z,1c045bd7e750084695a5cdcfe898f79955047f01,true,stage08_b02_triang_scales_v1,d7de5774be071f747c6bdb46d3373673771af1a8190a816ca4092657ec7a5dfd,operator,triang,NA,NA,triang,triang__triang_fp32_10e2__7f7d081aa0af5dfa__sym,triang_fp32_10e2,10^2,100,window_positions=[100],FP32,CPU,not_applicable,compatibility/end-to-end,PASS,OK,20,100,1,0.0016800000000000001,true,7f7d081aa0af5dfac9cbd2114e6e1ae81fa1069a67d6310ffd6db02c7f813864,dc2711aeebc5dcc6ee7cf1991b6fe924610f404c44949bece49b2c04e9eac773
1,20260807T161432Z_1c045bd7e750_stage08_b02_formal_8d000300,formal,20260807T161432Z,1c045bd7e750084695a5cdcfe898f79955047f01,true,stage08_b02_triang_scales_v1,d7de5774be071f747c6bdb46d3373673771af1a8190a816ca4092657ec7a5dfd,operator,triang,NA,NA,triang,triang__triang_fp32_10e2__7f7d081aa0af5dfa__sym,triang_fp32_10e2,10^2,100,window_positions=[100],FP32,CPU,not_applicable,compatibility/end-to-end,PASS,OK,20,100,2,0.00167,true,7f7d081aa0af5dfac9cbd2114e6e1ae81fa1069a67d6310ffd6db02c7f813864,dc2711aeebc5dcc6ee7cf1991b6fe924610f404c44949bece49b2c04e9eac773
1,20260807T161432Z_1c045bd7e750_stage08_b02_formal_8d000300,formal,20260807T161432Z,1c045bd7e750084695a5cdcfe898f79955047f01,true,stage08_b02_triang_scales_v1,d7de5774be071f747c6bdb46d3373673771af1a8190a816ca4092657ec7a5dfd,operator,triang,NA,NA,triang,triang__triang_fp32_10e2__7f7d081aa0af5dfa__sym,triang_fp32_10e2,10^2,100,window_positions=[100],FP32,CPU,not_applicable,compatibility/end-to-end,PASS,OK,20,100,3,0.0016299999999999999,true,7f7d081aa0af5dfac9cbd2114e6e1ae81fa1069a67d6310ffd6db02c7f813864,dc2711aeebc5dcc6ee7cf1991b6fe924610f404c44949bece49b2c04e9eac773
1,20260807T161432Z_1c045bd7e750_stage08_b02_formal_8d000300,formal,20260807T161432Z,1c045bd7e750084695a5cdcfe898f79955047f01,true,stage08_b02_triang_scales_v1,d7de5774be071f747c6bdb46d3373673771af1a8190a816ca4092657ec7a5dfd,operator,triang,NA,NA,triang,triang__triang_fp32_10e2__7f7d081aa0af5dfa__sym,triang_fp32_10e2,10^2,100,window_positions=[100],FP32,CPU,not_applicable,compatibility/end-to-end,PASS,OK,20,100,4,0.0016299999999999999,true,7f7d081aa0af5dfac9cbd2114e6e1ae81fa1069a67d6310ffd6db02c7f813864,dc2711aeebc5dcc6ee7cf1991b6fe924610f404c44949bece49b2c04e9eac773
1,20260807T161432Z_1c045bd7e750_stage08_b02_formal_8d000300,formal,20260807T161432Z,1c045bd7e750084695a5cdcfe898f79955047f01,true,stage08_b02_triang_scales_v1,d7de5774be071f747c6bdb46d3373673771af1a8190a816ca4092657ec7a5dfd,operator,triang,NA,NA,triang,triang__triang_fp32_10e2__7f7d081aa0af5dfa__sym,triang_fp32_10e2,10^2,100,window_positions=[100],FP32,CPU,not_applicable,compatibility/end-to-end,PASS,OK,20,100,5,0.00164,true,7f7d081aa0af5dfac9cbd2114e6e1ae81fa1069a67d6310ffd6db02c7f813864,dc2711aeebc5dcc6ee7cf1991b6fe924610f404c44949bece49b2c04e9eac773
1,20260807T161432Z_1c045bd7e750_stage08_b02_formal_8d000300,formal,20260807T161432Z,1c045bd7e750084695a5cdcfe898f79955047f01,true,stage08_b02_triang_scales_v1,d7de5774be071f747c6bdb46d3373673771af1a8190a816ca4092657ec7a5dfd,operator,triang,NA,NA,triang,triang__triang_fp32_10e2__7f7d081aa0af5dfa__sym,triang_fp32_10e2,10^2,100,window_positions=[100],FP32,CPU,not_applicable,compatibility/end-to-end,PASS,OK,20,100,6,0.0016410000000000001,true,7f7d081aa0af5dfac9cbd2114e6e1ae81fa1069a67d6310ffd6db02c7f813864,dc2711aeebc5dcc6ee7cf1991b6fe924610f404c44949bece49b2c04e9eac773
1,20260807T161432Z_1c045bd7e750_stage08_b02_formal_8d000300,formal,20260807T161432Z,1c045bd7e750084695a5cdcfe898f79955047f01,true,stage08_b02_triang_scales_v1,d7de5774be071f747c6bdb46d3373673771af1a8190a816ca4092657ec7a5dfd,operator,triang,NA,NA,triang,triang__triang_fp32_10e2__7f7d081aa0af5dfa__sym,triang_fp32_10e2,10^2,100,window_positions=[100],FP32,CPU,not_applicable,compatibility/end-to-end,PASS,OK,20,100,7,0.00164,true,7f7d081aa0af5dfac9cbd2114e6e1ae81fa1069a67d6310ffd6db02c7f813864,dc2711aeebc5dcc6ee7cf1991b6fe924610f404c44949bece49b2c04e9eac773
1,20260807T161432Z_1c045bd7e750_stage08_b02_formal_8d000300,formal,20260807T161432Z,1c045bd7e750084695a5cdcfe898f79955047f01,true,stage08_b02_triang_scales_v1,d7de5774be071f747c6bdb46d3373673771af1a8190a816ca4092657ec7a5dfd,operator,triang,NA,NA,triang,triang__triang_fp32_10e2__7f7d081aa0af5dfa__sym,triang_fp32_10e2,10^2,100,window_positions=[100],FP32,CPU,not_applicable,compatibility/end-to-end,PASS,OK,20,100,8,0.00165,true,7f7d081aa0af5dfac9cbd2114e6e1ae81fa1069a67d6310ffd6db02c7f813864,dc2711aeebc5dcc6ee7cf1991b6fe924610f404c44949bece49b2c04e9eac773
1,20260807T161432Z_1c045bd7e750_stage08_b02_formal_8d000300,formal,20260807T161432Z,1c045bd7e750084695a5cdcfe898f79955047f01,true,stage08_b02_triang_scales_v1,d7de5774be071f747c6bdb46d3373673771af1a8190a816ca4092657ec7a5dfd,operator,triang,NA,NA,triang,triang__triang_fp32_10e2__7f7d081aa0af5dfa__sym,triang_fp32_10e2,10^2,100,window_positions=[100],FP32,CPU,not_applicable,compatibility/end-to-end,PASS,OK,20,100,9,0.00165,true,7f7d081aa0af5dfac9cbd2114e6e1ae81fa1069a67d6310ffd6db02c7f813864,dc2711aeebc5dcc6ee7cf1991b6fe924610f404c44949bece49b2c04e9eac773
1,20260807T161432Z_1c045bd7e750_stage08_b02_formal_8d000300,formal,20260807T161432Z,1c045bd7e750084695a5cdcfe898f79955047f01,true,stage08_b02_triang_scales_v1,d7de5774be071f747c6bdb46d3373673771af1a8190a816ca4092657ec7a5dfd,operator,triang,NA,NA,triang,triang__triang_fp32_10e2__7f7d081aa0af5dfa__sym,triang_fp32_10e2,10^2,100,window_positions=[100],FP32,CPU,not_applicable,compatibility/end-to-end,PASS,OK,20,100,10,0.0016299999999999999,true,7f7d081aa0af5dfac9cbd2114e6e1ae81fa1069a67d6310ffd6db02c7f813864,dc2711aeebc5dcc6ee7cf1991b6fe924610f404c44949bece49b2c04e9eac773
1,20260807T161432Z_1c045bd7e750_stage08_b02_formal_8d000300,formal,20260807T161432Z,1c045bd7e750084695a5cdcfe898f79955047f01,true,stage08_b02_triang_scales_v1,d7de5774be071f747c6bdb46d3373673771af1a8190a816ca4092657ec7a5dfd,operator,triang,NA,NA,triang,triang__triang_fp32_10e2__7f7d081aa0af5dfa__sym,triang_fp32_10e2,10^2,100,window_positions=[100],FP32,CPU,not_applicable,compatibility/end-to-end,PASS,OK,20,100,11,0.00164,true,7f7d081aa0af5dfac9cbd2114e6e1ae81fa1069a67d6310ffd6db02c7f813864,dc2711aeebc5dcc6ee7cf1991b6fe924610f404c44949bece49b2c04e9eac773
1,20260807T161432Z_1c045bd7e750_stage08_b02_formal_8d000300,formal,20260807T161432Z,1c045bd7e750084695a5cdcfe898f79955047f01,true,stage08_b02_triang_scales_v1,d7de5774be071f747c6bdb46d3373673771af1a8190a816ca4092657ec7a5dfd,operator,triang,NA,NA,triang,triang__triang_fp32_10e2__7f7d081aa0af5dfa__sym,triang_fp32_10e2,10^2,100,window_positions=[100],FP32,CPU,not_applicable,compatibility/end-to-end,PASS,OK,20,100,12,0.00165,true,7f7d081aa0af5dfac9cbd2114e6e1ae81fa1069a67d6310ffd6db02c7f813864,dc2711aeebc5dcc6ee7cf1991b6fe924610f404c44949bece49b2c04e9eac773
1,20260807T161432Z_1c045bd7e750_stage08_b02_formal_8d000300,formal,20260807T161432Z,1c045bd7e750084695a5cdcfe898f79955047f01,true,stage08_b02_triang_scales_v1,d7de5774be071f747c6bdb46d3373673771af1a8190a816ca4092657ec7a5dfd,operator,triang,NA,NA,triang,triang__triang_fp32_10e2__7f7d081aa0af5dfa__sym,triang_fp32_10e2,10^2,100,window_positions=[100],FP32,CPU,not_applicable,compatibility/end-to-end,PASS,OK,20,100,13,0.00164,true,7f7d081aa0af5dfac9cbd2114e6e1ae81fa1069a67d6310ffd6db02c7f813864,dc2711aeebc5dcc6ee7cf1991b6fe924610f404c44949bece49b2c04e9eac773
1,20260807T161432Z_1c045bd7e750_stage08_b02_formal_8d000300,formal,20260807T161432Z,1c045bd7e750084695a5cdcfe898f79955047f01,true,stage08_b02_triang_scales_v1,d7de5774be071f747c6bdb46d3373673771af1a8190a816ca4092657ec7a5dfd,operator,triang,NA,NA,triang,triang__triang_fp32_10e2__7f7d081aa0af5dfa__sym,triang_fp32_10e2,10^2,100,window_positions=[100],FP32,CPU,not_applicable,compatibility/end-to-end,PASS,OK,20,100,14,0.00164,true,7f7d081aa0af5dfac9cbd2114e6e1ae81fa1069a67d6310ffd6db02c7f813864,dc2711aeebc5dcc6ee7cf1991b6fe924610f404c44949bece49b2c04e9eac773
1,20260807T161432Z_1c045bd7e750_stage08_b02_formal_8d000300,formal,20260807T161432Z,1c045bd7e750084695a5cdcfe898f79955047f01,true,stage08_b02_triang_scales_v1,d7de5774be071f747c6bdb46d3373673771af1a8190a816ca4092657ec7a5dfd,operator,triang,NA,NA,triang,triang__triang_fp32_10e2__7f7d081aa0af5dfa__sym,triang_fp32_10e2,10^2,100,window_positions=[100],FP32,CPU,not_applicable,compatibility/end-to-end,PASS,OK,20,100,15,0.00165,true,7f7d081aa0af5dfac9cbd2114e6e1ae81fa1069a67d6310ffd6db02c7f813864,dc2711aeebc5dcc6ee7cf1991b6fe924610f404c44949bece49b2c04e9eac773
1,20260807T161432Z_1c045bd7e750_stage08_b02_formal_8d000300,formal,20260807T161432Z,1c045bd7e750084695a5cdcfe898f79955047f01,true,stage08_b02_triang_scales_v1,d7de5774be071f747c6bdb46d3373673771af1a8190a816ca4092657ec7a5dfd,operator,triang,NA,NA,triang,triang__triang_fp32_10e2__7f7d081aa0af5dfa__sym,triang_fp32_10e2,10^2,100,window_positions=[100],FP32,CPU,not_applicable,compatibility/end-to-end,PASS,OK,20,100,16,0.00165,true,7f7d081aa0af5dfac9cbd2114e6e1ae81fa1069a67d6310ffd6db02c7f813864,dc2711aeebc5dcc6ee7cf1991b6fe924610f404c44949bece49b2c04e9eac773
1,20260807T161432Z_1c045bd7e750_stage08_b02_formal_8d000300,formal,20260807T161432Z,1c045bd7e750084695a5cdcfe898f79955047f01,true,stage08_b02_triang_scales_v1,d7de5774be071f747c6bdb46d3373673771af1a8190a816ca4092657ec7a5dfd,operator,triang,NA,NA,triang,triang__triang_fp32_10e2__7f7d081aa0af5dfa__sym,triang_fp32_10e2,10^2,100,window_positions=[100],FP32,CPU,not_applicable,compatibility/end-to-end,PASS,OK,20,100,17,0.00164,true,7f7d081aa0af5dfac9cbd2114e6e1ae81fa1069a67d6310ffd6db02c7f813864,dc2711aeebc5dcc6ee7cf1991b6fe924610f404c44949bece49b2c04e9eac773
1,20260807T161432Z_1c045bd7e750_stage08_b02_formal_8d000300,formal,20260807T161432Z,1c045bd7e750084695a5cdcfe898f79955047f01,true,stage08_b02_triang_scales_v1,d7de5774be071f747c6bdb46d3373673771af1a8190a816ca4092657ec7a5dfd,operator,triang,NA,NA,triang,triang__triang_fp32_10e2__7f7d081aa0af5dfa__sym,triang_fp32_10e2,10^2,100,window_positions=[100],FP32,CPU,not_applicable,compatibility/end-to-end,PASS,OK,20,100,18,0.00165,true,7f7d081aa0af5dfac9cbd2114e6e1ae81fa1069a67d6310ffd6db02c7f813864,dc2711aeebc5dcc6ee7cf1991b6fe924610f404c44949bece49b2c04e9eac773
1,20260807T161432Z_1c045bd7e750_stage08_b02_formal_8d000300,formal,20260807T161432Z,1c045bd7e750084695a5cdcfe898f79955047f01,true,stage08_b02_triang_scales_v1,d7de5774be071f747c6bdb46d3373673771af1a8190a816ca4092657ec7a5dfd,operator,triang,NA,NA,triang,triang__triang_fp32_10e2__7f7d081aa0af5dfa__sym,triang_fp32_10e2,10^2,100,window_positions=[100],FP32,CPU,not_applicable,compatibility/end-to-end,PASS,OK,20,100,19,0.0016509999999999999,true,7f7d081aa0af5dfac9cbd2114e6e1ae81fa1069a67d6310ffd6db02c7f813864,dc2711aeebc5dcc6ee7cf1991b6fe924610f404c44949bece49b2c04e9eac773
1,20260807T161432Z_1c045bd7e750_stage08_b02_formal_8d000300,formal,20260807T161432Z,1c045bd7e750084695a5cdcfe898f79955047f01,true,stage08_b02_triang_scales_v1,d7de5774be071f747c6bdb46d3373673771af1a8190a816ca4092657ec7a5dfd,operator,triang,NA,NA,triang,triang__triang_fp32_10e2__7f7d081aa0af5dfa__sym,triang_fp32_10e2,10^2,100,window_positions=[100],FP32,CPU,not_applicable,compatibility/end-to-end,PASS,OK,20,100,20,0.00164,true,7f7d081aa0af5dfac9cbd2114e6e1ae81fa1069a67d6310ffd6db02c7f813864,dc2711aeebc5dcc6ee7cf1991b6fe924610f404c44949bece49b2c04e9eac773
1,20260807T161432Z_1c045bd7e750_stage08_b02_formal_8d000300,formal,20260807T161432Z,1c045bd7e750084695a5cdcfe898f79955047f01,true,stage08_b02_triang_scales_v1,d7de5774be071f747c6bdb46d3373673771af1a8190a816ca4092657ec7a5dfd,operator,triang,NA,NA,triang,triang__triang_fp32_10e2__7f7d081aa0af5dfa__sym,triang_fp32_10e2,10^2,100,window_positions=[100],FP32,CPU,not_applicable,compatibility/end-to-end,PASS,OK,20,100,21,0.00164,true,7f7d081aa0af5dfac9cbd2114e6e1ae81fa1069a67d6310ffd6db02c7f813864,dc2711aeebc5dcc6ee7cf1991b6fe924610f404c44949bece49b2c04e9eac773
1,20260807T161432Z_1c045bd7e750_stage08_b02_formal_8d000300,formal,20260807T161432Z,1c045bd7e750084695a5cdcfe898f79955047f01,true,stage08_b02_triang_scales_v1,d7de5774be071f747c6bdb46d3373673771af1a8190a816ca4092657ec7a5dfd,operator,triang,NA,NA,triang,triang__triang_fp32_10e2__7f7d081aa0af5dfa__sym,triang_fp32_10e2,10^2,100,window_positions=[100],FP32,CPU,not_applicable,compatibility/end-to-end,PASS,OK,20,100,22,0.00165,true,7f7d081aa0af5dfac9cbd2114e6e1ae81fa1069a67d6310ffd6db02c7f813864,dc2711aeebc5dcc6ee7cf1991b6fe924610f404c44949bece49b2c04e9eac773
1,20260807T161432Z_1c045bd7e750_stage08_b02_formal_8d000300,formal,20260807T161432Z,1c045bd7e750084695a5cdcfe898f79955047f01,true,stage08_b02_triang_scales_v1,d7de5774be071f747c6bdb46d3373673771af1a8190a816ca4092657ec7a5dfd,operator,triang,NA,NA,triang,triang__triang_fp32_10e2__7f7d081aa0af5dfa__sym,triang_fp32_10e2,10^2,100,window_positions=[100],FP32,CPU,not_applicable,compatibility/end-to-end,PASS,OK,20,100,23,0.00164,true,7f7d081aa0af5dfac9cbd2114e6e1ae81fa1069a67d6310ffd6db02c7f813864,dc2711aeebc5dcc6ee7cf1991b6fe924610f404c44949bece49b2c04e9eac773
1,20260807T161432Z_1c045bd7e750_stage08_b02_formal_8d000300,formal,20260807T161432Z,1c045bd7e750084695a5cdcfe898f79955047f01,true,stage08_b02_triang_scales_v1,d7de5774be071f747c6bdb46d3373673771af1a8190a816ca4092657ec7a5dfd,operator,triang,NA,NA,triang,triang__triang_fp32_10e2__7f7d081aa0af5dfa__sym,triang_fp32_10e2,10^2,100,window_positions=[100],FP32,CPU,not_applicable,compatibility/end-to-end,PASS,OK,20,100,24,0.00165,true,7f7d081aa0af5dfac9cbd2114e6e1ae81fa1069a67d6310ffd6db02c7f813864,dc2711aeebc5dcc6ee7cf1991b6fe924610f404c44949bece49b2c04e9eac773
1,20260807T161432Z_1c045bd7e750_stage08_b02_formal_8d000300,formal,20260807T161432Z,1c045bd7e750084695a5cdcfe898f79955047f01,true,stage08_b02_triang_scales_v1,d7de5774be071f747c6bdb46d3373673771af1a8190a816ca4092657ec7a5dfd,operator,triang,NA,NA,triang,triang__triang_fp32_10e2__7f7d081aa0af5dfa__sym,triang_fp32_10e2,10^2,100,window_positions=[100],FP32,CPU,not_applicable,compatibility/end-to-end,PASS,OK,20,100,25,0.00164,true,7f7d081aa0af5dfac9cbd2114e6e1ae81fa1069a67d6310ffd6db02c7f813864,dc2711aeebc5dcc6ee7cf1991b6fe924610f404c44949bece49b2c04e9eac773
1,20260807T161432Z_1c045bd7e750_stage08_b02_formal_8d000300,formal,20260807T161432Z,1c045bd7e750084695a5cdcfe898f79955047f01,true,stage08_b02_triang_scales_v1,d7de5774be071f747c6bdb46d3373673771af1a8190a816ca4092657ec7a5dfd,operator,triang,NA,NA,triang,triang__triang_fp32_10e2__7f7d081aa0af5dfa__sym,triang_fp32_10e2,10^2,100,window_positions=[100],FP32,CPU,not_applicable,compatibility/end-to-end,PASS,OK,20,100,26,0.00164,true,7f7d081aa0af5dfac9cbd2114e6e1ae81fa1069a67d6310ffd6db02c7f813864,dc2711aeebc5dcc6ee7cf1991b6fe924610f404c44949bece49b2c04e9eac773
1,20260807T161432Z_1c045bd7e750_stage08_b02_formal_8d000300,formal,20260807T161432Z,1c045bd7e750084695a5cdcfe898f79955047f01,true,stage08_b02_triang_scales_v1,d7de5774be071f747c6bdb46d3373673771af1a8190a816ca4092657ec7a5dfd,operator,triang,NA,NA,triang,triang__triang_fp32_10e2__7f7d081aa0af5dfa__sym,triang_fp32_10e2,10^2,100,window_positions=[100],FP32,CPU,not_applicable,compatibility/end-to-end,PASS,OK,20,100,27,0.00164,true,7f7d081aa0af5dfac9cbd2114e6e1ae81fa1069a67d6310ffd6db02c7f813864,dc2711aeebc5dcc6ee7cf1991b6fe924610f404c44949bece49b2c04e9eac773
1,20260807T161432Z_1c045bd7e750_stage08_b02_formal_8d000300,formal,20260807T161432Z,1c045bd7e750084695a5cdcfe898f79955047f01,true,stage08_b02_triang_scales_v1,d7de5774be071f747c6bdb46d3373673771af1a8190a816ca4092657ec7a5dfd,operator,triang,NA,NA,triang,triang__triang_fp32_10e2__7f7d081aa0af5dfa__sym,triang_fp32_10e2,10^2,100,window_positions=[100],FP32,CPU,not_applicable,compatibility/end-to-end,PASS,OK,20,100,28,0.00165,true,7f7d081aa0af5dfac9cbd2114e6e1ae81fa1069a67d6310ffd6db02c7f813864,dc2711aeebc5dcc6ee7cf1991b6fe924610f404c44949bece49b2c04e9eac773
1,20260807T161432Z_1c045bd7e750_stage08_b02_formal_8d000300,formal,20260807T161432Z,1c045bd7e750084695a5cdcfe898f79955047f01,true,stage08_b02_triang_scales_v1,d7de5774be071f747c6bdb46d3373673771af1a8190a816ca4092657ec7a5dfd,operator,triang,NA,NA,triang,triang__triang_fp32_10e2__7f7d081aa0af5dfa__sym,triang_fp32_10e2,10^2,100,window_positions=[100],FP32,CPU,not_applicable,compatibility/end-to-end,PASS,OK,20,100,29,0.00164,true,7f7d081aa0af5dfac9cbd2114e6e1ae81fa1069a67d6310ffd6db02c7f813864,dc2711aeebc5dcc6ee7cf1991b6fe924610f404c44949bece49b2c04e9eac773
1,20260807T161432Z_1c045bd7e750_stage08_b02_formal_8d000300,formal,20260807T161432Z,1c045bd7e750084695a5cdcfe898f79955047f01,true,stage08_b02_triang_scales_v1,d7de5774be071f747c6bdb46d3373673771af1a8190a816ca4092657ec7a5dfd,operator,triang,NA,NA,triang,triang__triang_fp32_10e2__7f7d081aa0af5dfa__sym,triang_fp32_10e2,10^2,100,window_positions=[100],FP32,CPU,not_applicable,compatibility/end-to-end,PASS,OK,20,100,30,0.00164,true,7f7d081aa0af5dfac9cbd2114e6e1ae81fa1069a67d6310ffd6db02c7f813864,dc2711aeebc5dcc6ee7cf1991b6fe924610f404c44949bece49b2c04e9eac773
1,20260807T161432Z_1c045bd7e750_stage08_b02_formal_8d000300,formal,20260807T161432Z,1c045bd7e750084695a5cdcfe898f79955047f01,true,stage08_b02_triang_scales_v1,d7de5774be071f747c6bdb46d3373673771af1a8190a816ca4092657ec7a5dfd,operator,triang,NA,NA,triang,triang__triang_fp32_10e2__7f7d081aa0af5dfa__sym,triang_fp32_10e2,10^2,100,window_positions=[100],FP32,CPU,not_applicable,compatibility/end-to-end,PASS,OK,20,100,31,0.00164,true,7f7d081aa0af5dfac9cbd2114e6e1ae81fa1069a67d6310ffd6db02c7f813864,dc2711aeebc5dcc6ee7cf1991b6fe924610f404c44949bece49b2c04e9eac773
1,20260807T161432Z_1c045bd7e750_stage08_b02_formal_8d000300,formal,20260807T161432Z,1c045bd7e750084695a5cdcfe898f79955047f01,true,stage08_b02_triang_scales_v1,d7de5774be071f747c6bdb46d3373673771af1a8190a816ca4092657ec7a5dfd,operator,triang,NA,NA,triang,triang__triang_fp32_10e2__7f7d081aa0af5dfa__sym,triang_fp32_10e2,10^2,100,window_positions=[100],FP32,CPU,not_applicable,compatibility/end-to-end,PASS,OK,20,100,32,0.00164,true,7f7d081aa0af5dfac9cbd2114e6e1ae81fa1069a67d6310ffd6db02c7f813864,dc2711aeebc5dcc6ee7cf1991b6fe924610f404c44949bece49b2c04e9eac773
1,20260807T161432Z_1c045bd7e750_stage08_b02_formal_8d000300,formal,20260807T161432Z,1c045bd7e750084695a5cdcfe898f79955047f01,true,stage08_b02_triang_scales_v1,d7de5774be071f747c6bdb46d3373673771af1a8190a816ca4092657ec7a5dfd,operator,triang,NA,NA,triang,triang__triang_fp32_10e2__7f7d081aa0af5dfa__sym,triang_fp32_10e2,10^2,100,window_positions=[100],FP32,CPU,not_applicable,compatibility/end-to-end,PASS,OK,20,100,33,0.0016410000000000001,true,7f7d081aa0af5dfac9cbd2114e6e1ae81fa1069a67d6310ffd6db02c7f813864,dc2711aeebc5dcc6ee7cf1991b6fe924610f404c44949bece49b2c04e9eac773
1,20260807T161432Z_1c045bd7e750_stage08_b02_formal_8d000300,formal,20260807T161432Z,1c045bd7e750084695a5cdcfe898f79955047f01,true,stage08_b02_triang_scales_v1,d7de5774be071f747c6bdb46d3373673771af1a8190a816ca4092657ec7a5dfd,operator,triang,NA,NA,triang,triang__triang_fp32_10e2__7f7d081aa0af5dfa__sym,triang_fp32_10e2,10^2,100,window_positions=[100],FP32,CPU,not_applicable,compatibility/end-to-end,PASS,OK,20,100,34,0.00165,true,7f7d081aa0af5dfac9cbd2114e6e1ae81fa1069a67d6310ffd6db02c7f813864,dc2711aeebc5dcc6ee7cf1991b6fe924610f404c44949bece49b2c04e9eac773
1,20260807T161432Z_1c045bd7e750_stage08_b02_formal_8d000300,formal,20260807T161432Z,1c045bd7e750084695a5cdcfe898f79955047f01,true,stage08_b02_triang_scales_v1,d7de5774be071f747c6bdb46d3373673771af1a8190a816ca4092657ec7a5dfd,operator,triang,NA,NA,triang,triang__triang_fp32_10e2__7f7d081aa0af5dfa__sym,triang_fp32_10e2,10^2,100,window_positions=[100],FP32,CPU,not_applicable,compatibility/end-to-end,PASS,OK,20,100,35,0.00164,true,7f7d081aa0af5dfac9cbd2114e6e1ae81fa1069a67d6310ffd6db02c7f813864,dc2711aeebc5dcc6ee7cf1991b6fe924610f404c44949bece49b2c04e9eac773
1,20260807T161432Z_1c045bd7e750_stage08_b02_formal_8d000300,formal,20260807T161432Z,1c045bd7e750084695a5cdcfe898f79955047f01,true,stage08_b02_triang_scales_v1,d7de5774be071f747c6bdb46d3373673771af1a8190a816ca4092657ec7a5dfd,operator,triang,NA,NA,triang,triang__triang_fp32_10e2__7f7d081aa0af5dfa__sym,triang_fp32_10e2,10^2,100,window_positions=[100],FP32,CPU,not_applicable,compatibility/end-to-end,PASS,OK,20,100,36,0.00164,true,7f7d081aa0af5dfac9cbd2114e6e1ae81fa1069a67d6310ffd6db02c7f813864,dc2711aeebc5dcc6ee7cf1991b6fe924610f404c44949bece49b2c04e9eac773
1,20260807T161432Z_1c045bd7e750_stage08_b02_formal_8d000300,formal,20260807T161432Z,1c045bd7e750084695a5cdcfe898f79955047f01,true,stage08_b02_triang_scales_v1,d7de5774be071f747c6bdb46d3373673771af1a8190a816ca4092657ec7a5dfd,operator,triang,NA,NA,triang,triang__triang_fp32_10e2__7f7d081aa0af5dfa__sym,triang_fp32_10e2,10^2,100,window_positions=[100],FP32,CPU,not_applicable,compatibility/end-to-end,PASS,OK,20,100,37,0.00164,true,7f7d081aa0af5dfac9cbd2114e6e1ae81fa1069a67d6310ffd6db02c7f813864,dc2711aeebc5dcc6ee7cf1991b6fe924610f404c44949bece49b2c04e9eac773
1,20260807T161432Z_1c045bd7e750_stage08_b02_formal_8d000300,formal,20260807T161432Z,1c045bd7e750084695a5cdcfe898f79955047f01,true,stage08_b02_triang_scales_v1,d7de5774be071f747c6bdb46d3373673771af1a8190a816ca4092657ec7a5dfd,operator,triang,NA,NA,triang,triang__triang_fp32_10e2__7f7d081aa0af5dfa__sym,triang_fp32_10e2,10^2,100,window_positions=[100],FP32,CPU,not_applicable,compatibility/end-to-end,PASS,OK,20,100,38,0.00165,true,7f7d081aa0af5dfac9cbd2114e6e1ae81fa1069a67d6310ffd6db02c7f813864,dc2711aeebc5dcc6ee7cf1991b6fe924610f404c44949bece49b2c04e9eac773
1,20260807T161432Z_1c045bd7e750_stage08_b02_formal_8d000300,formal,20260807T161432Z,1c045bd7e750084695a5cdcfe898f79955047f01,true,stage08_b02_triang_scales_v1,d7de5774be071f747c6bdb46d3373673771af1a8190a816ca4092657ec7a5dfd,operator,triang,NA,NA,triang,triang__triang_fp32_10e2__7f7d081aa0af5dfa__sym,triang_fp32_10e2,10^2,100,window_positions=[100],FP32,CPU,not_applicable,compatibility/end-to-end,PASS,OK,20,100,39,0.00164,true,7f7d081aa0af5dfac9cbd2114e6e1ae81fa1069a67d6310ffd6db02c7f813864,dc2711aeebc5dcc6ee7cf1991b6fe924610f404c44949bece49b2c04e9eac773
1,20260807T161432Z_1c045bd7e750_stage08_b02_formal_8d000300,formal,20260807T161432Z,1c045bd7e750084695a5cdcfe898f79955047f01,true,stage08_b02_triang_scales_v1,d7de5774be071f747c6bdb46d3373673771af1a8190a816ca4092657ec7a5dfd,operator,triang,NA,NA,triang,triang__triang_fp32_10e2__7f7d081aa0af5dfa__sym,triang_fp32_10e2,10^2,100,window_positions=[100],FP32,CPU,not_applicable,compatibility/end-to-end,PASS,OK,20,100,40,0.00164,true,7f7d081aa0af5dfac9cbd2114e6e1ae81fa1069a67d6310ffd6db02c7f813864,dc2711aeebc5dcc6ee7cf1991b6fe924610f404c44949bece49b2c04e9eac773
1,20260807T161432Z_1c045bd7e750_stage08_b02_formal_8d000300,formal,20260807T161432Z,1c045bd7e750084695a5cdcfe898f79955047f01,true,stage08_b02_triang_scales_v1,d7de5774be071f747c6bdb46d3373673771af1a8190a816ca4092657ec7a5dfd,operator,triang,NA,NA,triang,triang__triang_fp32_10e2__7f7d081aa0af5dfa__sym,triang_fp32_10e2,10^2,100,window_positions=[100],FP32,CPU,not_applicable,compatibility/end-to-end,PASS,OK,20,100,41,0.00164,true,7f7d081aa0af5dfac9cbd2114e6e1ae81fa1069a67d6310ffd6db02c7f813864,dc2711aeebc5dcc6ee7cf1991b6fe924610f404c44949bece49b2c04e9eac773
1,20260807T161432Z_1c045bd7e750_stage08_b02_formal_8d000300,formal,20260807T161432Z,1c045bd7e750084695a5cdcfe898f79955047f01,true,stage08_b02_triang_scales_v1,d7de5774be071f747c6bdb46d3373673771af1a8190a816ca4092657ec7a5dfd,operator,triang,NA,NA,triang,triang__triang_fp32_10e2__7f7d081aa0af5dfa__sym,triang_fp32_10e2,10^2,100,window_positions=[100],FP32,CPU,not_applicable,compatibility/end-to-end,PASS,OK,20,100,42,0.00165,true,7f7d081aa0af5dfac9cbd2114e6e1ae81fa1069a67d6310ffd6db02c7f813864,dc2711aeebc5dcc6ee7cf1991b6fe924610f404c44949bece49b2c04e9eac773
1,20260807T161432Z_1c045bd7e750_stage08_b02_formal_8d000300,formal,20260807T161432Z,1c045bd7e750084695a5cdcfe898f79955047f01,true,stage08_b02_triang_scales_v1,d7de5774be071f747c6bdb46d3373673771af1a8190a816ca4092657ec7a5dfd,operator,triang,NA,NA,triang,triang__triang_fp32_10e2__7f7d081aa0af5dfa__sym,triang_fp32_10e2,10^2,100,window_positions=[100],FP32,CPU,not_applicable,compatibility/end-to-end,PASS,OK,20,100,43,0.00164,true,7f7d081aa0af5dfac9cbd2114e6e1ae81fa1069a67d6310ffd6db02c7f813864,dc2711aeebc5dcc6ee7cf1991b6fe924610f404c44949bece49b2c04e9eac773
1,20260807T161432Z_1c045bd7e750_stage08_b02_formal_8d000300,formal,20260807T161432Z,1c045bd7e750084695a5cdcfe898f79955047f01,true,stage08_b02_triang_scales_v1,d7de5774be071f747c6bdb46d3373673771af1a8190a816ca4092657ec7a5dfd,operator,triang,NA,NA,triang,triang__triang_fp32_10e2__7f7d081aa0af5dfa__sym,triang_fp32_10e2,10^2,100,window_positions=[100],FP32,CPU,not_applicable,compatibility/end-to-end,PASS,OK,20,100,44,0.00164,true,7f7d081aa0af5dfac9cbd2114e6e1ae81fa1069a67d6310ffd6db02c7f813864,dc2711aeebc5dcc6ee7cf1991b6fe924610f404c44949bece49b2c04e9eac773
1,20260807T161432Z_1c045bd7e750_stage08_b02_formal_8d000300,formal,20260807T161432Z,1c045bd7e750084695a5cdcfe898f79955047f01,true,stage08_b02_triang_scales_v1,d7de5774be071f747c6bdb46d3373673771af1a8190a816ca4092657ec7a5dfd,operator,triang,NA,NA,triang,triang__triang_fp32_10e2__7f7d081aa0af5dfa__sym,triang_fp32_10e2,10^2,100,window_positions=[100],FP32,CPU,not_applicable,compatibility/end-to-end,PASS,OK,20,100,45,0.00164,true,7f7d081aa0af5dfac9cbd2114e6e1ae81fa1069a67d6310ffd6db02c7f813864,dc2711aeebc5dcc6ee7cf1991b6fe924610f404c44949bece49b2c04e9eac773
1,20260807T161432Z_1c045bd7e750_stage08_b02_formal_8d000300,formal,20260807T161432Z,1c045bd7e750084695a5cdcfe898f79955047f01,true,stage08_b02_triang_scales_v1,d7de5774be071f747c6bdb46d3373673771af1a8190a816ca4092657ec7a5dfd,operator,triang,NA,NA,triang,triang__triang_fp32_10e2__7f7d081aa0af5dfa__sym,triang_fp32_10e2,10^2,100,window_positions=[100],FP32,CPU,not_applicable,compatibility/end-to-end,PASS,OK,20,100,46,0.0016410000000000001,true,7f7d081aa0af5dfac9cbd2114e6e1ae81fa1069a67d6310ffd6db02c7f813864,dc2711aeebc5dcc6ee7cf1991b6fe924610f404c44949bece49b2c04e9eac773
1,20260807T161432Z_1c045bd7e750_stage08_b02_formal_8d000300,formal,20260807T161432Z,1c045bd7e750084695a5cdcfe898f79955047f01,true,stage08_b02_triang_scales_v1,d7de5774be071f747c6bdb46d3373673771af1a8190a816ca4092657ec7a5dfd,operator,triang,NA,NA,triang,triang__triang_fp32_10e2__7f7d081aa0af5dfa__sym,triang_fp32_10e2,10^2,100,window_positions=[100],FP32,CPU,not_applicable,compatibility/end-to-end,PASS,OK,20,100,47,0.00164,true,7f7d081aa0af5dfac9cbd2114e6e1ae81fa1069a67d6310ffd6db02c7f813864,dc2711aeebc5dcc6ee7cf1991b6fe924610f404c44949bece49b2c04e9eac773
1,20260807T161432Z_1c045bd7e750_stage08_b02_formal_8d000300,formal,20260807T161432Z,1c045bd7e750084695a5cdcfe898f79955047f01,true,stage08_b02_triang_scales_v1,d7de5774be071f747c6bdb46d3373673771af1a8190a816ca4092657ec7a5dfd,operator,triang,NA,NA,triang,triang__triang_fp32_10e2__7f7d081aa0af5dfa__sym,triang_fp32_10e2,10^2,100,window_positions=[100],FP32,CPU,not_applicable,compatibility/end-to-end,PASS,OK,20,100,48,0.00164,true,7f7d081aa0af5dfac9cbd2114e6e1ae81fa1069a67d6310ffd6db02c7f813864,dc2711aeebc5dcc6ee7cf1991b6fe924610f404c44949bece49b2c04e9eac773
1,20260807T161432Z_1c045bd7e750_stage08_b02_formal_8d000300,formal,20260807T161432Z,1c045bd7e750084695a5cdcfe898f79955047f01,true,stage08_b02_triang_scales_v1,d7de5774be071f747c6bdb46d3373673771af1a8190a816ca4092657ec7a5dfd,operator,triang,NA,NA,triang,triang__triang_fp32_10e2__7f7d081aa0af5dfa__sym,triang_fp32_10e2,10^2,100,window_positions=[100],FP32,CPU,not_applicable,compatibility/end-to-end,PASS,OK,20,100,49,0.00165,true,7f7d081aa0af5dfac9cbd2114e6e1ae81fa1069a67d6310ffd6db02c7f813864,dc2711aeebc5dcc6ee7cf1991b6fe924610f404c44949bece49b2c04e9eac773
1,20260807T161432Z_1c045bd7e750_stage08_b02_formal_8d000300,formal,20260807T161432Z,1c045bd7e750084695a5cdcfe898f79955047f01,true,stage08_b02_triang_scales_v1,d7de5774be071f747c6bdb46d3373673771af1a8190a816ca4092657ec7a5dfd,operator,triang,NA,NA,triang,triang__triang_fp32_10e2__7f7d081aa0af5dfa__sym,triang_fp32_10e2,10^2,100,window_positions=[100],FP32,CPU,not_applicable,compatibility/end-to-end,PASS,OK,20,100,50,0.00164,true,7f7d081aa0af5dfac9cbd2114e6e1ae81fa1069a67d6310ffd6db02c7f813864,dc2711aeebc5dcc6ee7cf1991b6fe924610f404c44949bece49b2c04e9eac773
1,20260807T161432Z_1c045bd7e750_stage08_b02_formal_8d000300,formal,20260807T161432Z,1c045bd7e750084695a5cdcfe898f79955047f01,true,stage08_b02_triang_scales_v1,d7de5774be071f747c6bdb46d3373673771af1a8190a816ca4092657ec7a5dfd,operator,triang,NA,NA,triang,triang__triang_fp32_10e2__7f7d081aa0af5dfa__sym,triang_fp32_10e2,10^2,100,window_positions=[100],FP32,CPU,not_applicable,compatibility/end-to-end,PASS,OK,20,100,51,0.00165,true,7f7d081aa0af5dfac9cbd2114e6e1ae81fa1069a67d6310ffd6db02c7f813864,dc2711aeebc5dcc6ee7cf1991b6fe924610f404c44949bece49b2c04e9eac773
1,20260807T161432Z_1c045bd7e750_stage08_b02_formal_8d000300,formal,20260807T161432Z,1c045bd7e750084695a5cdcfe898f79955047f01,true,stage08_b02_triang_scales_v1,d7de5774be071f747c6bdb46d3373673771af1a8190a816ca4092657ec7a5dfd,operator,triang,NA,NA,triang,triang__triang_fp32_10e2__7f7d081aa0af5dfa__sym,triang_fp32_10e2,10^2,100,window_positions=[100],FP32,CPU,not_applicable,compatibility/end-to-end,PASS,OK,20,100,52,0.00164,true,7f7d081aa0af5dfac9cbd2114e6e1ae81fa1069a67d6310ffd6db02c7f813864,dc2711aeebc5dcc6ee7cf1991b6fe924610f404c44949bece49b2c04e9eac773
1,20260807T161432Z_1c045bd7e750_stage08_b02_formal_8d000300,formal,20260807T161432Z,1c045bd7e750084695a5cdcfe898f79955047f01,true,stage08_b02_triang_scales_v1,d7de5774be071f747c6bdb46d3373673771af1a8190a816ca4092657ec7a5dfd,operator,triang,NA,NA,triang,triang__triang_fp32_10e2__7f7d081aa0af5dfa__sym,triang_fp32_10e2,10^2,100,window_positions=[100],FP32,CPU,not_applicable,compatibility/end-to-end,PASS,OK,20,100,53,0.00165,true,7f7d081aa0af5dfac9cbd2114e6e1ae81fa1069a67d6310ffd6db02c7f813864,dc2711aeebc5dcc6ee7cf1991b6fe924610f404c44949bece49b2c04e9eac773
1,20260807T161432Z_1c045bd7e750_stage08_b02_formal_8d000300,formal,20260807T161432Z,1c045bd7e750084695a5cdcfe898f79955047f01,true,stage08_b02_triang_scales_v1,d7de5774be071f747c6bdb46d3373673771af1a8190a816ca4092657ec7a5dfd,operator,triang,NA,NA,triang,triang__triang_fp32_10e2__7f7d081aa0af5dfa__sym,triang_fp32_10e2,10^2,100,window_positions=[100],FP32,CPU,not_applicable,compatibility/end-to-end,PASS,OK,20,100,54,0.00164,true,7f7d081aa0af5dfac9cbd2114e6e1ae81fa1069a67d6310ffd6db02c7f813864,dc2711aeebc5dcc6ee7cf1991b6fe924610f404c44949bece49b2c04e9eac773
1,20260807T161432Z_1c045bd7e750_stage08_b02_formal_8d000300,formal,20260807T161432Z,1c045bd7e750084695a5cdcfe898f79955047f01,true,stage08_b02_triang_scales_v1,d7de5774be071f747c6bdb46d3373673771af1a8190a816ca4092657ec7a5dfd,operator,triang,NA,NA,triang,triang__triang_fp32_10e2__7f7d081aa0af5dfa__sym,triang_fp32_10e2,10^2,100,window_positions=[100],FP32,CPU,not_applicable,compatibility/end-to-end,PASS,OK,20,100,55,0.00165,true,7f7d081aa0af5dfac9cbd2114e6e1ae81fa1069a67d6310ffd6db02c7f813864,dc2711aeebc5dcc6ee7cf1991b6fe924610f404c44949bece49b2c04e9eac773
1,20260807T161432Z_1c045bd7e750_stage08_b02_formal_8d000300,formal,20260807T161432Z,1c045bd7e750084695a5cdcfe898f79955047f01,true,stage08_b02_triang_scales_v1,d7de5774be071f747c6bdb46d3373673771af1a8190a816ca4092657ec7a5dfd,operator,triang,NA,NA,triang,triang__triang_fp32_10e2__7f7d081aa0af5dfa__sym,triang_fp32_10e2,10^2,100,window_positions=[100],FP32,CPU,not_applicable,compatibility/end-to-end,PASS,OK,20,100,56,0.00164,true,7f7d081aa0af5dfac9cbd2114e6e1ae81fa1069a67d6310ffd6db02c7f813864,dc2711aeebc5dcc6ee7cf1991b6fe924610f404c44949bece49b2c04e9eac773
1,20260807T161432Z_1c045bd7e750_stage08_b02_formal_8d000300,formal,20260807T161432Z,1c045bd7e750084695a5cdcfe898f79955047f01,true,stage08_b02_triang_scales_v1,d7de5774be071f747c6bdb46d3373673771af1a8190a816ca4092657ec7a5dfd,operator,triang,NA,NA,triang,triang__triang_fp32_10e2__7f7d081aa0af5dfa__sym,triang_fp32_10e2,10^2,100,window_positions=[100],FP32,CPU,not_applicable,compatibility/end-to-end,PASS,OK,20,100,57,0.00165,true,7f7d081aa0af5dfac9cbd2114e6e1ae81fa1069a67d6310ffd6db02c7f813864,dc2711aeebc5dcc6ee7cf1991b6fe924610f404c44949bece49b2c04e9eac773
1,20260807T161432Z_1c045bd7e750_stage08_b02_formal_8d000300,formal,20260807T161432Z,1c045bd7e750084695a5cdcfe898f79955047f01,true,stage08_b02_triang_scales_v1,d7de5774be071f747c6bdb46d3373673771af1a8190a816ca4092657ec7a5dfd,operator,triang,NA,NA,triang,triang__triang_fp32_10e2__7f7d081aa0af5dfa__sym,triang_fp32_10e2,10^2,100,window_positions=[100],FP32,CPU,not_applicable,compatibility/end-to-end,PASS,OK,20,100,58,0.00164,true,7f7d081aa0af5dfac9cbd2114e6e1ae81fa1069a67d6310ffd6db02c7f813864,dc2711aeebc5dcc6ee7cf1991b6fe924610f404c44949bece49b2c04e9eac773
1,20260807T161432Z_1c045bd7e750_stage08_b02_formal_8d000300,formal,20260807T161432Z,1c045bd7e750084695a5cdcfe898f79955047f01,true,stage08_b02_triang_scales_v1,d7de5774be071f747c6bdb46d3373673771af1a8190a816ca4092657ec7a5dfd,operator,triang,NA,NA,triang,triang__triang_fp32_10e2__7f7d081aa0af5dfa__sym,triang_fp32_10e2,10^2,100,window_positions=[100],FP32,CPU,not_applicable,compatibility/end-to-end,PASS,OK,20,100,59,0.0016410000000000001,true,7f7d081aa0af5dfac9cbd2114e6e1ae81fa1069a67d6310ffd6db02c7f813864,dc2711aeebc5dcc6ee7cf1991b6fe924610f404c44949bece49b2c04e9eac773
1,20260807T161432Z_1c045bd7e750_stage08_b02_formal_8d000300,formal,20260807T161432Z,1c045bd7e750084695a5cdcfe898f79955047f01,true,stage08_b02_triang_scales_v1,d7de5774be071f747c6bdb46d3373673771af1a8190a816ca4092657ec7a5dfd,operator,triang,NA,NA,triang,triang__triang_fp32_10e2__7f7d081aa0af5dfa__sym,triang_fp32_10e2,10^2,100,window_positions=[100],FP32,CPU,not_applicable,compatibility/end-to-end,PASS,OK,20,100,60,0.00164,true,7f7d081aa0af5dfac9cbd2114e6e1ae81fa1069a67d6310ffd6db02c7f813864,dc2711aeebc5dcc6ee7cf1991b6fe924610f404c44949bece49b2c04e9eac773
1,20260807T161432Z_1c045bd7e750_stage08_b02_formal_8d000300,formal,20260807T161432Z,1c045bd7e750084695a5cdcfe898f79955047f01,true,stage08_b02_triang_scales_v1,d7de5774be071f747c6bdb46d3373673771af1a8190a816ca4092657ec7a5dfd,operator,triang,NA,NA,triang,triang__triang_fp32_10e2__7f7d081aa0af5dfa__sym,triang_fp32_10e2,10^2,100,window_positions=[100],FP32,CPU,not_applicable,compatibility/end-to-end,PASS,OK,20,100,61,0.00164,true,7f7d081aa0af5dfac9cbd2114e6e1ae81fa1069a67d6310ffd6db02c7f813864,dc2711aeebc5dcc6ee7cf1991b6fe924610f404c44949bece49b2c04e9eac773
1,20260807T161432Z_1c045bd7e750_stage08_b02_formal_8d000300,formal,20260807T161432Z,1c045bd7e750084695a5cdcfe898f79955047f01,true,stage08_b02_triang_scales_v1,d7de5774be071f747c6bdb46d3373673771af1a8190a816ca4092657ec7a5dfd,operator,triang,NA,NA,triang,triang__triang_fp32_10e2__7f7d081aa0af5dfa__sym,triang_fp32_10e2,10^2,100,window_positions=[100],FP32,CPU,not_applicable,compatibility/end-to-end,PASS,OK,20,100,62,0.0016299999999999999,true,7f7d081aa0af5dfac9cbd2114e6e1ae81fa1069a67d6310ffd6db02c7f813864,dc2711aeebc5dcc6ee7cf1991b6fe924610f404c44949bece49b2c04e9eac773
1,20260807T161432Z_1c045bd7e750_stage08_b02_formal_8d000300,formal,20260807T161432Z,1c045bd7e750084695a5cdcfe898f79955047f01,true,stage08_b02_triang_scales_v1,d7de5774be071f747c6bdb46d3373673771af1a8190a816ca4092657ec7a5dfd,operator,triang,NA,NA,triang,triang__triang_fp32_10e2__7f7d081aa0af5dfa__sym,triang_fp32_10e2,10^2,100,window_positions=[100],FP32,CPU,not_applicable,compatibility/end-to-end,PASS,OK,20,100,63,0.00164,true,7f7d081aa0af5dfac9cbd2114e6e1ae81fa1069a67d6310ffd6db02c7f813864,dc2711aeebc5dcc6ee7cf1991b6fe924610f404c44949bece49b2c04e9eac773
1,20260807T161432Z_1c045bd7e750_stage08_b02_formal_8d000300,formal,20260807T161432Z,1c045bd7e750084695a5cdcfe898f79955047f01,true,stage08_b02_triang_scales_v1,d7de5774be071f747c6bdb46d3373673771af1a8190a816ca4092657ec7a5dfd,operator,triang,NA,NA,triang,triang__triang_fp32_10e2__7f7d081aa0af5dfa__sym,triang_fp32_10e2,10^2,100,window_positions=[100],FP32,CPU,not_applicable,compatibility/end-to-end,PASS,OK,20,100,64,0.00164,true,7f7d081aa0af5dfac9cbd2114e6e1ae81fa1069a67d6310ffd6db02c7f813864,dc2711aeebc5dcc6ee7cf1991b6fe924610f404c44949bece49b2c04e9eac773
1,20260807T161432Z_1c045bd7e750_stage08_b02_formal_8d000300,formal,20260807T161432Z,1c045bd7e750084695a5cdcfe898f79955047f01,true,stage08_b02_triang_scales_v1,d7de5774be071f747c6bdb46d3373673771af1a8190a816ca4092657ec7a5dfd,operator,triang,NA,NA,triang,triang__triang_fp32_10e2__7f7d081aa0af5dfa__sym,triang_fp32_10e2,10^2,100,window_positions=[100],FP32,CPU,not_applicable,compatibility/end-to-end,PASS,OK,20,100,65,0.00165,true,7f7d081aa0af5dfac9cbd2114e6e1ae81fa1069a67d6310ffd6db02c7f813864,dc2711aeebc5dcc6ee7cf1991b6fe924610f404c44949bece49b2c04e9eac773
1,20260807T161432Z_1c045bd7e750_stage08_b02_formal_8d000300,formal,20260807T161432Z,1c045bd7e750084695a5cdcfe898f79955047f01,true,stage08_b02_triang_scales_v1,d7de5774be071f747c6bdb46d3373673771af1a8190a816ca4092657ec7a5dfd,operator,triang,NA,NA,triang,triang__triang_fp32_10e2__7f7d081aa0af5dfa__sym,triang_fp32_10e2,10^2,100,window_positions=[100],FP32,CPU,not_applicable,compatibility/end-to-end,PASS,OK,20,100,66,0.00164,true,7f7d081aa0af5dfac9cbd2114e6e1ae81fa1069a67d6310ffd6db02c7f813864,dc2711aeebc5dcc6ee7cf1991b6fe924610f404c44949bece49b2c04e9eac773
1,20260807T161432Z_1c045bd7e750_stage08_b02_formal_8d000300,formal,20260807T161432Z,1c045bd7e750084695a5cdcfe898f79955047f01,true,stage08_b02_triang_scales_v1,d7de5774be071f747c6bdb46d3373673771af1a8190a816ca4092657ec7a5dfd,operator,triang,NA,NA,triang,triang__triang_fp32_10e2__7f7d081aa0af5dfa__sym,triang_fp32_10e2,10^2,100,window_positions=[100],FP32,CPU,not_applicable,compatibility/end-to-end,PASS,OK,20,100,67,0.00164,true,7f7d081aa0af5dfac9cbd2114e6e1ae81fa1069a67d6310ffd6db02c7f813864,dc2711aeebc5dcc6ee7cf1991b6fe924610f404c44949bece49b2c04e9eac773
1,20260807T161432Z_1c045bd7e750_stage08_b02_formal_8d000300,formal,20260807T161432Z,1c045bd7e750084695a5cdcfe898f79955047f01,true,stage08_b02_triang_scales_v1,d7de5774be071f747c6bdb46d3373673771af1a8190a816ca4092657ec7a5dfd,operator,triang,NA,NA,triang,triang__triang_fp32_10e2__7f7d081aa0af5dfa__sym,triang_fp32_10e2,10^2,100,window_positions=[100],FP32,CPU,not_applicable,compatibility/end-to-end,PASS,OK,20,100,68,0.00164,true,7f7d081aa0af5dfac9cbd2114e6e1ae81fa1069a67d6310ffd6db02c7f813864,dc2711aeebc5dcc6ee7cf1991b6fe924610f404c44949bece49b2c04e9eac773
1,20260807T161432Z_1c045bd7e750_stage08_b02_formal_8d000300,formal,20260807T161432Z,1c045bd7e750084695a5cdcfe898f79955047f01,true,stage08_b02_triang_scales_v1,d7de5774be071f747c6bdb46d3373673771af1a8190a816ca4092657ec7a5dfd,operator,triang,NA,NA,triang,triang__triang_fp32_10e2__7f7d081aa0af5dfa__sym,triang_fp32_10e2,10^2,100,window_positions=[100],FP32,CPU,not_applicable,compatibility/end-to-end,PASS,OK,20,100,69,0.00165,true,7f7d081aa0af5dfac9cbd2114e6e1ae81fa1069a67d6310ffd6db02c7f813864,dc2711aeebc5dcc6ee7cf1991b6fe924610f404c44949bece49b2c04e9eac773
1,20260807T161432Z_1c045bd7e750_stage08_b02_formal_8d000300,formal,20260807T161432Z,1c045bd7e750084695a5cdcfe898f79955047f01,true,stage08_b02_triang_scales_v1,d7de5774be071f747c6bdb46d3373673771af1a8190a816ca4092657ec7a5dfd,operator,triang,NA,NA,triang,triang__triang_fp32_10e2__7f7d081aa0af5dfa__sym,triang_fp32_10e2,10^2,100,window_positions=[100],FP32,CPU,not_applicable,compatibility/end-to-end,PASS,OK,20,100,70,0.00165,true,7f7d081aa0af5dfac9cbd2114e6e1ae81fa1069a67d6310ffd6db02c7f813864,dc2711aeebc5dcc6ee7cf1991b6fe924610f404c44949bece49b2c04e9eac773
1,20260807T161432Z_1c045bd7e750_stage08_b02_formal_8d000300,formal,20260807T161432Z,1c045bd7e750084695a5cdcfe898f79955047f01,true,stage08_b02_triang_scales_v1,d7de5774be071f747c6bdb46d3373673771af1a8190a816ca4092657ec7a5dfd,operator,triang,NA,NA,triang,triang__triang_fp32_10e2__7f7d081aa0af5dfa__sym,triang_fp32_10e2,10^2,100,window_positions=[100],FP32,CPU,not_applicable,compatibility/end-to-end,PASS,OK,20,100,71,0.00164,true,7f7d081aa0af5dfac9cbd2114e6e1ae81fa1069a67d6310ffd6db02c7f813864,dc2711aeebc5dcc6ee7cf1991b6fe924610f404c44949bece49b2c04e9eac773
1,20260807T161432Z_1c045bd7e750_stage08_b02_formal_8d000300,formal,20260807T161432Z,1c045bd7e750084695a5cdcfe898f79955047f01,true,stage08_b02_triang_scales_v1,d7de5774be071f747c6bdb46d3373673771af1a8190a816ca4092657ec7a5dfd,operator,triang,NA,NA,triang,triang__triang_fp32_10e2__7f7d081aa0af5dfa__sym,triang_fp32_10e2,10^2,100,window_positions=[100],FP32,CPU,not_applicable,compatibility/end-to-end,PASS,OK,20,100,72,0.00164,true,7f7d081aa0af5dfac9cbd2114e6e1ae81fa1069a67d6310ffd6db02c7f813864,dc2711aeebc5dcc6ee7cf1991b6fe924610f404c44949bece49b2c04e9eac773
1,20260807T161432Z_1c045bd7e750_stage08_b02_formal_8d000300,formal,20260807T161432Z,1c045bd7e750084695a5cdcfe898f79955047f01,true,stage08_b02_triang_scales_v1,d7de5774be071f747c6bdb46d3373673771af1a8190a816ca4092657ec7a5dfd,operator,triang,NA,NA,triang,triang__triang_fp32_10e2__7f7d081aa0af5dfa__sym,triang_fp32_10e2,10^2,100,window_positions=[100],FP32,CPU,not_applicable,compatibility/end-to-end,PASS,OK,20,100,73,0.0016509999999999999,true,7f7d081aa0af5dfac9cbd2114e6e1ae81fa1069a67d6310ffd6db02c7f813864,dc2711aeebc5dcc6ee7cf1991b6fe924610f404c44949bece49b2c04e9eac773
1,20260807T161432Z_1c045bd7e750_stage08_b02_formal_8d000300,formal,20260807T161432Z,1c045bd7e750084695a5cdcfe898f79955047f01,true,stage08_b02_triang_scales_v1,d7de5774be071f747c6bdb46d3373673771af1a8190a816ca4092657ec7a5dfd,operator,triang,NA,NA,triang,triang__triang_fp32_10e2__7f7d081aa0af5dfa__sym,triang_fp32_10e2,10^2,100,window_positions=[100],FP32,CPU,not_applicable,compatibility/end-to-end,PASS,OK,20,100,74,0.00164,true,7f7d081aa0af5dfac9cbd2114e6e1ae81fa1069a67d6310ffd6db02c7f813864,dc2711aeebc5dcc6ee7cf1991b6fe924610f404c44949bece49b2c04e9eac773
1,20260807T161432Z_1c045bd7e750_stage08_b02_formal_8d000300,formal,20260807T161432Z,1c045bd7e750084695a5cdcfe898f79955047f01,true,stage08_b02_triang_scales_v1,d7de5774be071f747c6bdb46d3373673771af1a8190a816ca4092657ec7a5dfd,operator,triang,NA,NA,triang,triang__triang_fp32_10e2__7f7d081aa0af5dfa__sym,triang_fp32_10e2,10^2,100,window_positions=[100],FP32,CPU,not_applicable,compatibility/end-to-end,PASS,OK,20,100,75,0.00165,true,7f7d081aa0af5dfac9cbd2114e6e1ae81fa1069a67d6310ffd6db02c7f813864,dc2711aeebc5dcc6ee7cf1991b6fe924610f404c44949bece49b2c04e9eac773
1,20260807T161432Z_1c045bd7e750_stage08_b02_formal_8d000300,formal,20260807T161432Z,1c045bd7e750084695a5cdcfe898f79955047f01,true,stage08_b02_triang_scales_v1,d7de5774be071f747c6bdb46d3373673771af1a8190a816ca4092657ec7a5dfd,operator,triang,NA,NA,triang,triang__triang_fp32_10e2__7f7d081aa0af5dfa__sym,triang_fp32_10e2,10^2,100,window_positions=[100],FP32,CPU,not_applicable,compatibility/end-to-end,PASS,OK,20,100,76,0.00164,true,7f7d081aa0af5dfac9cbd2114e6e1ae81fa1069a67d6310ffd6db02c7f813864,dc2711aeebc5dcc6ee7cf1991b6fe924610f404c44949bece49b2c04e9eac773
1,20260807T161432Z_1c045bd7e750_stage08_b02_formal_8d000300,formal,20260807T161432Z,1c045bd7e750084695a5cdcfe898f79955047f01,true,stage08_b02_triang_scales_v1,d7de5774be071f747c6bdb46d3373673771af1a8190a816ca4092657ec7a5dfd,operator,triang,NA,NA,triang,triang__triang_fp32_10e2__7f7d081aa0af5dfa__sym,triang_fp32_10e2,10^2,100,window_positions=[100],FP32,CPU,not_applicable,compatibility/end-to-end,PASS,OK,20,100,77,0.00164,true,7f7d081aa0af5dfac9cbd2114e6e1ae81fa1069a67d6310ffd6db02c7f813864,dc2711aeebc5dcc6ee7cf1991b6fe924610f404c44949bece49b2c04e9eac773
1,20260807T161432Z_1c045bd7e750_stage08_b02_formal_8d000300,formal,20260807T161432Z,1c045bd7e750084695a5cdcfe898f79955047f01,true,stage08_b02_triang_scales_v1,d7de5774be071f747c6bdb46d3373673771af1a8190a816ca4092657ec7a5dfd,operator,triang,NA,NA,triang,triang__triang_fp32_10e2__7f7d081aa0af5dfa__sym,triang_fp32_10e2,10^2,100,window_positions=[100],FP32,CPU,not_applicable,compatibility/end-to-end,PASS,OK,20,100,78,0.00164,true,7f7d081aa0af5dfac9cbd2114e6e1ae81fa1069a67d6310ffd6db02c7f813864,dc2711aeebc5dcc6ee7cf1991b6fe924610f404c44949bece49b2c04e9eac773
1,20260807T161432Z_1c045bd7e750_stage08_b02_formal_8d000300,formal,20260807T161432Z,1c045bd7e750084695a5cdcfe898f79955047f01,true,stage08_b02_triang_scales_v1,d7de5774be071f747c6bdb46d3373673771af1a8190a816ca4092657ec7a5dfd,operator,triang,NA,NA,triang,triang__triang_fp32_10e2__7f7d081aa0af5dfa__sym,triang_fp32_10e2,10^2,100,window_positions=[100],FP32,CPU,not_applicable,compatibility/end-to-end,PASS,OK,20,100,79,0.00165,true,7f7d081aa0af5dfac9cbd2114e6e1ae81fa1069a67d6310ffd6db02c7f813864,dc2711aeebc5dcc6ee7cf1991b6fe924610f404c44949bece49b2c04e9eac773
1,20260807T161432Z_1c045bd7e750_stage08_b02_formal_8d000300,formal,20260807T161432Z,1c045bd7e750084695a5cdcfe898f79955047f01,true,stage08_b02_triang_scales_v1,d7de5774be071f747c6bdb46d3373673771af1a8190a816ca4092657ec7a5dfd,operator,triang,NA,NA,triang,triang__triang_fp32_10e2__7f7d081aa0af5dfa__sym,triang_fp32_10e2,10^2,100,window_positions=[100],FP32,CPU,not_applicable,compatibility/end-to-end,PASS,OK,20,100,80,0.00164,true,7f7d081aa0af5dfac9cbd2114e6e1ae81fa1069a67d6310ffd6db02c7f813864,dc2711aeebc5dcc6ee7cf1991b6fe924610f404c44949bece49b2c04e9eac773
1,20260807T161432Z_1c045bd7e750_stage08_b02_formal_8d000300,formal,20260807T161432Z,1c045bd7e750084695a5cdcfe898f79955047f01,true,stage08_b02_triang_scales_v1,d7de5774be071f747c6bdb46d3373673771af1a8190a816ca4092657ec7a5dfd,operator,triang,NA,NA,triang,triang__triang_fp32_10e2__7f7d081aa0af5dfa__sym,triang_fp32_10e2,10^2,100,window_positions=[100],FP32,CPU,not_applicable,compatibility/end-to-end,PASS,OK,20,100,81,0.00165,true,7f7d081aa0af5dfac9cbd2114e6e1ae81fa1069a67d6310ffd6db02c7f813864,dc2711aeebc5dcc6ee7cf1991b6fe924610f404c44949bece49b2c04e9eac773
1,20260807T161432Z_1c045bd7e750_stage08_b02_formal_8d000300,formal,20260807T161432Z,1c045bd7e750084695a5cdcfe898f79955047f01,true,stage08_b02_triang_scales_v1,d7de5774be071f747c6bdb46d3373673771af1a8190a816ca4092657ec7a5dfd,operator,triang,NA,NA,triang,triang__triang_fp32_10e2__7f7d081aa0af5dfa__sym,triang_fp32_10e2,10^2,100,window_positions=[100],FP32,CPU,not_applicable,compatibility/end-to-end,PASS,OK,20,100,82,0.00164,true,7f7d081aa0af5dfac9cbd2114e6e1ae81fa1069a67d6310ffd6db02c7f813864,dc2711aeebc5dcc6ee7cf1991b6fe924610f404c44949bece49b2c04e9eac773
1,20260807T161432Z_1c045bd7e750_stage08_b02_formal_8d000300,formal,20260807T161432Z,1c045bd7e750084695a5cdcfe898f79955047f01,true,stage08_b02_triang_scales_v1,d7de5774be071f747c6bdb46d3373673771af1a8190a816ca4092657ec7a5dfd,operator,triang,NA,NA,triang,triang__triang_fp32_10e2__7f7d081aa0af5dfa__sym,triang_fp32_10e2,10^2,100,window_positions=[100],FP32,CPU,not_applicable,compatibility/end-to-end,PASS,OK,20,100,83,0.00164,true,7f7d081aa0af5dfac9cbd2114e6e1ae81fa1069a67d6310ffd6db02c7f813864,dc2711aeebc5dcc6ee7cf1991b6fe924610f404c44949bece49b2c04e9eac773
1,20260807T161432Z_1c045bd7e750_stage08_b02_formal_8d000300,formal,20260807T161432Z,1c045bd7e750084695a5cdcfe898f79955047f01,true,stage08_b02_triang_scales_v1,d7de5774be071f747c6bdb46d3373673771af1a8190a816ca4092657ec7a5dfd,operator,triang,NA,NA,triang,triang__triang_fp32_10e2__7f7d081aa0af5dfa__sym,triang_fp32_10e2,10^2,100,window_positions=[100],FP32,CPU,not_applicable,compatibility/end-to-end,PASS,OK,20,100,84,0.00164,true,7f7d081aa0af5dfac9cbd2114e6e1ae81fa1069a67d6310ffd6db02c7f813864,dc2711aeebc5dcc6ee7cf1991b6fe924610f404c44949bece49b2c04e9eac773
1,20260807T161432Z_1c045bd7e750_stage08_b02_formal_8d000300,formal,20260807T161432Z,1c045bd7e750084695a5cdcfe898f79955047f01,true,stage08_b02_triang_scales_v1,d7de5774be071f747c6bdb46d3373673771af1a8190a816ca4092657ec7a5dfd,operator,triang,NA,NA,triang,triang__triang_fp32_10e2__7f7d081aa0af5dfa__sym,triang_fp32_10e2,10^2,100,window_positions=[100],FP32,CPU,not_applicable,compatibility/end-to-end,PASS,OK,20,100,85,0.00165,true,7f7d081aa0af5dfac9cbd2114e6e1ae81fa1069a67d6310ffd6db02c7f813864,dc2711aeebc5dcc6ee7cf1991b6fe924610f404c44949bece49b2c04e9eac773
1,20260807T161432Z_1c045bd7e750_stage08_b02_formal_8d000300,formal,20260807T161432Z,1c045bd7e750084695a5cdcfe898f79955047f01,true,stage08_b02_triang_scales_v1,d7de5774be071f747c6bdb46d3373673771af1a8190a816ca4092657ec7a5dfd,operator,triang,NA,NA,triang,triang__triang_fp32_10e2__7f7d081aa0af5dfa__sym,triang_fp32_10e2,10^2,100,window_positions=[100],FP32,CPU,not_applicable,compatibility/end-to-end,PASS,OK,20,100,86,0.0016410000000000001,true,7f7d081aa0af5dfac9cbd2114e6e1ae81fa1069a67d6310ffd6db02c7f813864,dc2711aeebc5dcc6ee7cf1991b6fe924610f404c44949bece49b2c04e9eac773
1,20260807T161432Z_1c045bd7e750_stage08_b02_formal_8d000300,formal,20260807T161432Z,1c045bd7e750084695a5cdcfe898f79955047f01,true,stage08_b02_triang_scales_v1,d7de5774be071f747c6bdb46d3373673771af1a8190a816ca4092657ec7a5dfd,operator,triang,NA,NA,triang,triang__triang_fp32_10e2__7f7d081aa0af5dfa__sym,triang_fp32_10e2,10^2,100,window_positions=[100],FP32,CPU,not_applicable,compatibility/end-to-end,PASS,OK,20,100,87,0.00165,true,7f7d081aa0af5dfac9cbd2114e6e1ae81fa1069a67d6310ffd6db02c7f813864,dc2711aeebc5dcc6ee7cf1991b6fe924610f404c44949bece49b2c04e9eac773
1,20260807T161432Z_1c045bd7e750_stage08_b02_formal_8d000300,formal,20260807T161432Z,1c045bd7e750084695a5cdcfe898f79955047f01,true,stage08_b02_triang_scales_v1,d7de5774be071f747c6bdb46d3373673771af1a8190a816ca4092657ec7a5dfd,operator,triang,NA,NA,triang,triang__triang_fp32_10e2__7f7d081aa0af5dfa__sym,triang_fp32_10e2,10^2,100,window_positions=[100],FP32,CPU,not_applicable,compatibility/end-to-end,PASS,OK,20,100,88,0.0016299999999999999,true,7f7d081aa0af5dfac9cbd2114e6e1ae81fa1069a67d6310ffd6db02c7f813864,dc2711aeebc5dcc6ee7cf1991b6fe924610f404c44949bece49b2c04e9eac773
1,20260807T161432Z_1c045bd7e750_stage08_b02_formal_8d000300,formal,20260807T161432Z,1c045bd7e750084695a5cdcfe898f79955047f01,true,stage08_b02_triang_scales_v1,d7de5774be071f747c6bdb46d3373673771af1a8190a816ca4092657ec7a5dfd,operator,triang,NA,NA,triang,triang__triang_fp32_10e2__7f7d081aa0af5dfa__sym,triang_fp32_10e2,10^2,100,window_positions=[100],FP32,CPU,not_applicable,compatibility/end-to-end,PASS,OK,20,100,89,0.00165,true,7f7d081aa0af5dfac9cbd2114e6e1ae81fa1069a67d6310ffd6db02c7f813864,dc2711aeebc5dcc6ee7cf1991b6fe924610f404c44949bece49b2c04e9eac773
1,20260807T161432Z_1c045bd7e750_stage08_b02_formal_8d000300,formal,20260807T161432Z,1c045bd7e750084695a5cdcfe898f79955047f01,true,stage08_b02_triang_scales_v1,d7de5774be071f747c6bdb46d3373673771af1a8190a816ca4092657ec7a5dfd,operator,triang,NA,NA,triang,triang__triang_fp32_10e2__7f7d081aa0af5dfa__sym,triang_fp32_10e2,10^2,100,window_positions=[100],FP32,CPU,not_applicable,compatibility/end-to-end,PASS,OK,20,100,90,0.00164,true,7f7d081aa0af5dfac9cbd2114e6e1ae81fa1069a67d6310ffd6db02c7f813864,dc2711aeebc5dcc6ee7cf1991b6fe924610f404c44949bece49b2c04e9eac773
1,20260807T161432Z_1c045bd7e750_stage08_b02_formal_8d000300,formal,20260807T161432Z,1c045bd7e750084695a5cdcfe898f79955047f01,true,stage08_b02_triang_scales_v1,d7de5774be071f747c6bdb46d3373673771af1a8190a816ca4092657ec7a5dfd,operator,triang,NA,NA,triang,triang__triang_fp32_10e2__7f7d081aa0af5dfa__sym,triang_fp32_10e2,10^2,100,window_positions=[100],FP32,CPU,not_applicable,compatibility/end-to-end,PASS,OK,20,100,91,0.00165,true,7f7d081aa0af5dfac9cbd2114e6e1ae81fa1069a67d6310ffd6db02c7f813864,dc2711aeebc5dcc6ee7cf1991b6fe924610f404c44949bece49b2c04e9eac773
1,20260807T161432Z_1c045bd7e750_stage08_b02_formal_8d000300,formal,20260807T161432Z,1c045bd7e750084695a5cdcfe898f79955047f01,true,stage08_b02_triang_scales_v1,d7de5774be071f747c6bdb46d3373673771af1a8190a816ca4092657ec7a5dfd,operator,triang,NA,NA,triang,triang__triang_fp32_10e2__7f7d081aa0af5dfa__sym,triang_fp32_10e2,10^2,100,window_positions=[100],FP32,CPU,not_applicable,compatibility/end-to-end,PASS,OK,20,100,92,0.00164,true,7f7d081aa0af5dfac9cbd2114e6e1ae81fa1069a67d6310ffd6db02c7f813864,dc2711aeebc5dcc6ee7cf1991b6fe924610f404c44949bece49b2c04e9eac773
1,20260807T161432Z_1c045bd7e750_stage08_b02_formal_8d000300,formal,20260807T161432Z,1c045bd7e750084695a5cdcfe898f79955047f01,true,stage08_b02_triang_scales_v1,d7de5774be071f747c6bdb46d3373673771af1a8190a816ca4092657ec7a5dfd,operator,triang,NA,NA,triang,triang__triang_fp32_10e2__7f7d081aa0af5dfa__sym,triang_fp32_10e2,10^2,100,window_positions=[100],FP32,CPU,not_applicable,compatibility/end-to-end,PASS,OK,20,100,93,0.00165,true,7f7d081aa0af5dfac9cbd2114e6e1ae81fa1069a67d6310ffd6db02c7f813864,dc2711aeebc5dcc6ee7cf1991b6fe924610f404c44949bece49b2c04e9eac773
1,20260807T161432Z_1c045bd7e750_stage08_b02_formal_8d000300,formal,20260807T161432Z,1c045bd7e750084695a5cdcfe898f79955047f01,true,stage08_b02_triang_scales_v1,d7de5774be071f747c6bdb46d3373673771af1a8190a816ca4092657ec7a5dfd,operator,triang,NA,NA,triang,triang__triang_fp32_10e2__7f7d081aa0af5dfa__sym,triang_fp32_10e2,10^2,100,window_positions=[100],FP32,CPU,not_applicable,compatibility/end-to-end,PASS,OK,20,100,94,0.00164,true,7f7d081aa0af5dfac9cbd2114e6e1ae81fa1069a67d6310ffd6db02c7f813864,dc2711aeebc5dcc6ee7cf1991b6fe924610f404c44949bece49b2c04e9eac773
1,20260807T161432Z_1c045bd7e750_stage08_b02_formal_8d000300,formal,20260807T161432Z,1c045bd7e750084695a5cdcfe898f79955047f01,true,stage08_b02_triang_scales_v1,d7de5774be071f747c6bdb46d3373673771af1a8190a816ca4092657ec7a5dfd,operator,triang,NA,NA,triang,triang__triang_fp32_10e2__7f7d081aa0af5dfa__sym,triang_fp32_10e2,10^2,100,window_positions=[100],FP32,CPU,not_applicable,compatibility/end-to-end,PASS,OK,20,100,95,0.00164,true,7f7d081aa0af5dfac9cbd2114e6e1ae81fa1069a67d6310ffd6db02c7f813864,dc2711aeebc5dcc6ee7cf1991b6fe924610f404c44949bece49b2c04e9eac773
1,20260807T161432Z_1c045bd7e750_stage08_b02_formal_8d000300,formal,20260807T161432Z,1c045bd7e750084695a5cdcfe898f79955047f01,true,stage08_b02_triang_scales_v1,d7de5774be071f747c6bdb46d3373673771af1a8190a816ca4092657ec7a5dfd,operator,triang,NA,NA,triang,triang__triang_fp32_10e2__7f7d081aa0af5dfa__sym,triang_fp32_10e2,10^2,100,window_positions=[100],FP32,CPU,not_applicable,compatibility/end-to-end,PASS,OK,20,100,96,0.00165,true,7f7d081aa0af5dfac9cbd2114e6e1ae81fa1069a67d6310ffd6db02c7f813864,dc2711aeebc5dcc6ee7cf1991b6fe924610f404c44949bece49b2c04e9eac773
1,20260807T161432Z_1c045bd7e750_stage08_b02_formal_8d000300,formal,20260807T161432Z,1c045bd7e750084695a5cdcfe898f79955047f01,true,stage08_b02_triang_scales_v1,d7de5774be071f747c6bdb46d3373673771af1a8190a816ca4092657ec7a5dfd,operator,triang,NA,NA,triang,triang__triang_fp32_10e2__7f7d081aa0af5dfa__sym,triang_fp32_10e2,10^2,100,window_positions=[100],FP32,CPU,not_applicable,compatibility/end-to-end,PASS,OK,20,100,97,0.00164,true,7f7d081aa0af5dfac9cbd2114e6e1ae81fa1069a67d6310ffd6db02c7f813864,dc2711aeebc5dcc6ee7cf1991b6fe924610f404c44949bece49b2c04e9eac773
1,20260807T161432Z_1c045bd7e750_stage08_b02_formal_8d000300,formal,20260807T161432Z,1c045bd7e750084695a5cdcfe898f79955047f01,true,stage08_b02_triang_scales_v1,d7de5774be071f747c6bdb46d3373673771af1a8190a816ca4092657ec7a5dfd,operator,triang,NA,NA,triang,triang__triang_fp32_10e2__7f7d081aa0af5dfa__sym,triang_fp32_10e2,10^2,100,window_positions=[100],FP32,CPU,not_applicable,compatibility/end-to-end,PASS,OK,20,100,98,0.0016299999999999999,true,7f7d081aa0af5dfac9cbd2114e6e1ae81fa1069a67d6310ffd6db02c7f813864,dc2711aeebc5dcc6ee7cf1991b6fe924610f404c44949bece49b2c04e9eac773
1,20260807T161432Z_1c045bd7e750_stage08_b02_formal_8d000300,formal,20260807T161432Z,1c045bd7e750084695a5cdcfe898f79955047f01,true,stage08_b02_triang_scales_v1,d7de5774be071f747c6bdb46d3373673771af1a8190a816ca4092657ec7a5dfd,operator,triang,NA,NA,triang,triang__triang_fp32_10e2__7f7d081aa0af5dfa__sym,triang_fp32_10e2,10^2,100,window_positions=[100],FP32,CPU,not_applicable,compatibility/end-to-end,PASS,OK,20,100,99,0.00164,true,7f7d081aa0af5dfac9cbd2114e6e1ae81fa1069a67d6310ffd6db02c7f813864,dc2711aeebc5dcc6ee7cf1991b6fe924610f404c44949bece49b2c04e9eac773
1,20260807T161432Z_1c045bd7e750_stage08_b02_formal_8d000300,formal,20260807T161432Z,1c045bd7e750084695a5cdcfe898f79955047f01,true,stage08_b02_triang_scales_v1,d7de5774be071f747c6bdb46d3373673771af1a8190a816ca4092657ec7a5dfd,operator,triang,NA,NA,triang,triang__triang_fp32_10e2__7f7d081aa0af5dfa__sym,triang_fp32_10e2,10^2,100,window_positions=[100],FP32,GPU,not_applicable,compatibility/end-to-end,PASS,OK,20,100,0,0.21379899999999999,true,7f7d081aa0af5dfac9cbd2114e6e1ae81fa1069a67d6310ffd6db02c7f813864,f8449620e43a549c920e731f44283774381f992a125907dcfe4a48e828dcc3df
1,20260807T161432Z_1c045bd7e750_stage08_b02_formal_8d000300,formal,20260807T161432Z,1c045bd7e750084695a5cdcfe898f79955047f01,true,stage08_b02_triang_scales_v1,d7de5774be071f747c6bdb46d3373673771af1a8190a816ca4092657ec7a5dfd,operator,triang,NA,NA,triang,triang__triang_fp32_10e2__7f7d081aa0af5dfa__sym,triang_fp32_10e2,10^2,100,window_positions=[100],FP32,GPU,not_applicable,compatibility/end-to-end,PASS,OK,20,100,1,0.21368899999999999,true,7f7d081aa0af5dfac9cbd2114e6e1ae81fa1069a67d6310ffd6db02c7f813864,f8449620e43a549c920e731f44283774381f992a125907dcfe4a48e828dcc3df
1,20260807T161432Z_1c045bd7e750_stage08_b02_formal_8d000300,formal,20260807T161432Z,1c045bd7e750084695a5cdcfe898f79955047f01,true,stage08_b02_triang_scales_v1,d7de5774be071f747c6bdb46d3373673771af1a8190a816ca4092657ec7a5dfd,operator,triang,NA,NA,triang,triang__triang_fp32_10e2__7f7d081aa0af5dfa__sym,triang_fp32_10e2,10^2,100,window_positions=[100],FP32,GPU,not_applicable,compatibility/end-to-end,PASS,OK,20,100,2,0.21529899999999999,true,7f7d081aa0af5dfac9cbd2114e6e1ae81fa1069a67d6310ffd6db02c7f813864,f8449620e43a549c920e731f44283774381f992a125907dcfe4a48e828dcc3df
1,20260807T161432Z_1c045bd7e750_stage08_b02_formal_8d000300,formal,20260807T161432Z,1c045bd7e750084695a5cdcfe898f79955047f01,true,stage08_b02_triang_scales_v1,d7de5774be071f747c6bdb46d3373673771af1a8190a816ca4092657ec7a5dfd,operator,triang,NA,NA,triang,triang__triang_fp32_10e2__7f7d081aa0af5dfa__sym,triang_fp32_10e2,10^2,100,window_positions=[100],FP32,GPU,not_applicable,compatibility/end-to-end,PASS,OK,20,100,3,0.211729,true,7f7d081aa0af5dfac9cbd2114e6e1ae81fa1069a67d6310ffd6db02c7f813864,f8449620e43a549c920e731f44283774381f992a125907dcfe4a48e828dcc3df
1,20260807T161432Z_1c045bd7e750_stage08_b02_formal_8d000300,formal,20260807T161432Z,1c045bd7e750084695a5cdcfe898f79955047f01,true,stage08_b02_triang_scales_v1,d7de5774be071f747c6bdb46d3373673771af1a8190a816ca4092657ec7a5dfd,operator,triang,NA,NA,triang,triang__triang_fp32_10e2__7f7d081aa0af5dfa__sym,triang_fp32_10e2,10^2,100,window_positions=[100],FP32,GPU,not_applicable,compatibility/end-to-end,PASS,OK,20,100,4,0.21693000000000001,true,7f7d081aa0af5dfac9cbd2114e6e1ae81fa1069a67d6310ffd6db02c7f813864,f8449620e43a549c920e731f44283774381f992a125907dcfe4a48e828dcc3df
1,20260807T161432Z_1c045bd7e750_stage08_b02_formal_8d000300,formal,20260807T161432Z,1c045bd7e750084695a5cdcfe898f79955047f01,true,stage08_b02_triang_scales_v1,d7de5774be071f747c6bdb46d3373673771af1a8190a816ca4092657ec7a5dfd,operator,triang,NA,NA,triang,triang__triang_fp32_10e2__7f7d081aa0af5dfa__sym,triang_fp32_10e2,10^2,100,window_positions=[100],FP32,GPU,not_applicable,compatibility/end-to-end,PASS,OK,20,100,5,0.21617900000000001,true,7f7d081aa0af5dfac9cbd2114e6e1ae81fa1069a67d6310ffd6db02c7f813864,f8449620e43a549c920e731f44283774381f992a125907dcfe4a48e828dcc3df
1,20260807T161432Z_1c045bd7e750_stage08_b02_formal_8d000300,formal,20260807T161432Z,1c045bd7e750084695a5cdcfe898f79955047f01,true,stage08_b02_triang_scales_v1,d7de5774be071f747c6bdb46d3373673771af1a8190a816ca4092657ec7a5dfd,operator,triang,NA,NA,triang,triang__triang_fp32_10e2__7f7d081aa0af5dfa__sym,triang_fp32_10e2,10^2,100,window_positions=[100],FP32,GPU,not_applicable,compatibility/end-to-end,PASS,OK,20,100,6,0.216449,true,7f7d081aa0af5dfac9cbd2114e6e1ae81fa1069a67d6310ffd6db02c7f813864,f8449620e43a549c920e731f44283774381f992a125907dcfe4a48e828dcc3df
1,20260807T161432Z_1c045bd7e750_stage08_b02_formal_8d000300,formal,20260807T161432Z,1c045bd7e750084695a5cdcfe898f79955047f01,true,stage08_b02_triang_scales_v1,d7de5774be071f747c6bdb46d3373673771af1a8190a816ca4092657ec7a5dfd,operator,triang,NA,NA,triang,triang__triang_fp32_10e2__7f7d081aa0af5dfa__sym,triang_fp32_10e2,10^2,100,window_positions=[100],FP32,GPU,not_applicable,compatibility/end-to-end,PASS,OK,20,100,7,0.21464,true,7f7d081aa0af5dfac9cbd2114e6e1ae81fa1069a67d6310ffd6db02c7f813864,f8449620e43a549c920e731f44283774381f992a125907dcfe4a48e828dcc3df
1,20260807T161432Z_1c045bd7e750_stage08_b02_formal_8d000300,formal,20260807T161432Z,1c045bd7e750084695a5cdcfe898f79955047f01,true,stage08_b02_triang_scales_v1,d7de5774be071f747c6bdb46d3373673771af1a8190a816ca4092657ec7a5dfd,operator,triang,NA,NA,triang,triang__triang_fp32_10e2__7f7d081aa0af5dfa__sym,triang_fp32_10e2,10^2,100,window_positions=[100],FP32,GPU,not_applicable,compatibility/end-to-end,PASS,OK,20,100,8,0.21282899999999999,true,7f7d081aa0af5dfac9cbd2114e6e1ae81fa1069a67d6310ffd6db02c7f813864,f8449620e43a549c920e731f44283774381f992a125907dcfe4a48e828dcc3df
1,20260807T161432Z_1c045bd7e750_stage08_b02_formal_8d000300,formal,20260807T161432Z,1c045bd7e750084695a5cdcfe898f79955047f01,true,stage08_b02_triang_scales_v1,d7de5774be071f747c6bdb46d3373673771af1a8190a816ca4092657ec7a5dfd,operator,triang,NA,NA,triang,triang__triang_fp32_10e2__7f7d081aa0af5dfa__sym,triang_fp32_10e2,10^2,100,window_positions=[100],FP32,GPU,not_applicable,compatibility/end-to-end,PASS,OK,20,100,9,0.21609900000000001,true,7f7d081aa0af5dfac9cbd2114e6e1ae81fa1069a67d6310ffd6db02c7f813864,f8449620e43a549c920e731f44283774381f992a125907dcfe4a48e828dcc3df
1,20260807T161432Z_1c045bd7e750_stage08_b02_formal_8d000300,formal,20260807T161432Z,1c045bd7e750084695a5cdcfe898f79955047f01,true,stage08_b02_triang_scales_v1,d7de5774be071f747c6bdb46d3373673771af1a8190a816ca4092657ec7a5dfd,operator,triang,NA,NA,triang,triang__triang_fp32_10e2__7f7d081aa0af5dfa__sym,triang_fp32_10e2,10^2,100,window_positions=[100],FP32,GPU,not_applicable,compatibility/end-to-end,PASS,OK,20,100,10,0.22991,true,7f7d081aa0af5dfac9cbd2114e6e1ae81fa1069a67d6310ffd6db02c7f813864,f8449620e43a549c920e731f44283774381f992a125907dcfe4a48e828dcc3df
1,20260807T161432Z_1c045bd7e750_stage08_b02_formal_8d000300,formal,20260807T161432Z,1c045bd7e750084695a5cdcfe898f79955047f01,true,stage08_b02_triang_scales_v1,d7de5774be071f747c6bdb46d3373673771af1a8190a816ca4092657ec7a5dfd,operator,triang,NA,NA,triang,triang__triang_fp32_10e2__7f7d081aa0af5dfa__sym,triang_fp32_10e2,10^2,100,window_positions=[100],FP32,GPU,not_applicable,compatibility/end-to-end,PASS,OK,20,100,11,0.21442900000000001,true,7f7d081aa0af5dfac9cbd2114e6e1ae81fa1069a67d6310ffd6db02c7f813864,f8449620e43a549c920e731f44283774381f992a125907dcfe4a48e828dcc3df
1,20260807T161432Z_1c045bd7e750_stage08_b02_formal_8d000300,formal,20260807T161432Z,1c045bd7e750084695a5cdcfe898f79955047f01,true,stage08_b02_triang_scales_v1,d7de5774be071f747c6bdb46d3373673771af1a8190a816ca4092657ec7a5dfd,operator,triang,NA,NA,triang,triang__triang_fp32_10e2__7f7d081aa0af5dfa__sym,triang_fp32_10e2,10^2,100,window_positions=[100],FP32,GPU,not_applicable,compatibility/end-to-end,PASS,OK,20,100,12,0.21279899999999999,true,7f7d081aa0af5dfac9cbd2114e6e1ae81fa1069a67d6310ffd6db02c7f813864,f8449620e43a549c920e731f44283774381f992a125907dcfe4a48e828dcc3df
1,20260807T161432Z_1c045bd7e750_stage08_b02_formal_8d000300,formal,20260807T161432Z,1c045bd7e750084695a5cdcfe898f79955047f01,true,stage08_b02_triang_scales_v1,d7de5774be071f747c6bdb46d3373673771af1a8190a816ca4092657ec7a5dfd,operator,triang,NA,NA,triang,triang__triang_fp32_10e2__7f7d081aa0af5dfa__sym,triang_fp32_10e2,10^2,100,window_positions=[100],FP32,GPU,not_applicable,compatibility/end-to-end,PASS,OK,20,100,13,0.21364900000000001,true,7f7d081aa0af5dfac9cbd2114e6e1ae81fa1069a67d6310ffd6db02c7f813864,f8449620e43a549c920e731f44283774381f992a125907dcfe4a48e828dcc3df
1,20260807T161432Z_1c045bd7e750_stage08_b02_formal_8d000300,formal,20260807T161432Z,1c045bd7e750084695a5cdcfe898f79955047f01,true,stage08_b02_triang_scales_v1,d7de5774be071f747c6bdb46d3373673771af1a8190a816ca4092657ec7a5dfd,operator,triang,NA,NA,triang,triang__triang_fp32_10e2__7f7d081aa0af5dfa__sym,triang_fp32_10e2,10^2,100,window_positions=[100],FP32,GPU,not_applicable,compatibility/end-to-end,PASS,OK,20,100,14,0.21545,true,7f7d081aa0af5dfac9cbd2114e6e1ae81fa1069a67d6310ffd6db02c7f813864,f8449620e43a549c920e731f44283774381f992a125907dcfe4a48e828dcc3df
1,20260807T161432Z_1c045bd7e750_stage08_b02_formal_8d000300,formal,20260807T161432Z,1c045bd7e750084695a5cdcfe898f79955047f01,true,stage08_b02_triang_scales_v1,d7de5774be071f747c6bdb46d3373673771af1a8190a816ca4092657ec7a5dfd,operator,triang,NA,NA,triang,triang__triang_fp32_10e2__7f7d081aa0af5dfa__sym,triang_fp32_10e2,10^2,100,window_positions=[100],FP32,GPU,not_applicable,compatibility/end-to-end,PASS,OK,20,100,15,0.21584900000000001,true,7f7d081aa0af5dfac9cbd2114e6e1ae81fa1069a67d6310ffd6db02c7f813864,f8449620e43a549c920e731f44283774381f992a125907dcfe4a48e828dcc3df
1,20260807T161432Z_1c045bd7e750_stage08_b02_formal_8d000300,formal,20260807T161432Z,1c045bd7e750084695a5cdcfe898f79955047f01,true,stage08_b02_triang_scales_v1,d7de5774be071f747c6bdb46d3373673771af1a8190a816ca4092657ec7a5dfd,operator,triang,NA,NA,triang,triang__triang_fp32_10e2__7f7d081aa0af5dfa__sym,triang_fp32_10e2,10^2,100,window_positions=[100],FP32,GPU,not_applicable,compatibility/end-to-end,PASS,OK,20,100,16,0.21751899999999999,true,7f7d081aa0af5dfac9cbd2114e6e1ae81fa1069a67d6310ffd6db02c7f813864,f8449620e43a549c920e731f44283774381f992a125907dcfe4a48e828dcc3df
1,20260807T161432Z_1c045bd7e750_stage08_b02_formal_8d000300,formal,20260807T161432Z,1c045bd7e750084695a5cdcfe898f79955047f01,true,stage08_b02_triang_scales_v1,d7de5774be071f747c6bdb46d3373673771af1a8190a816ca4092657ec7a5dfd,operator,triang,NA,NA,triang,triang__triang_fp32_10e2__7f7d081aa0af5dfa__sym,triang_fp32_10e2,10^2,100,window_positions=[100],FP32,GPU,not_applicable,compatibility/end-to-end,PASS,OK,20,100,17,0.2152,true,7f7d081aa0af5dfac9cbd2114e6e1ae81fa1069a67d6310ffd6db02c7f813864,f8449620e43a549c920e731f44283774381f992a125907dcfe4a48e828dcc3df
1,20260807T161432Z_1c045bd7e750_stage08_b02_formal_8d000300,formal,20260807T161432Z,1c045bd7e750084695a5cdcfe898f79955047f01,true,stage08_b02_triang_scales_v1,d7de5774be071f747c6bdb46d3373673771af1a8190a816ca4092657ec7a5dfd,operator,triang,NA,NA,triang,triang__triang_fp32_10e2__7f7d081aa0af5dfa__sym,triang_fp32_10e2,10^2,100,window_positions=[100],FP32,GPU,not_applicable,compatibility/end-to-end,PASS,OK,20,100,18,0.21715899999999999,true,7f7d081aa0af5dfac9cbd2114e6e1ae81fa1069a67d6310ffd6db02c7f813864,f8449620e43a549c920e731f44283774381f992a125907dcfe4a48e828dcc3df
1,20260807T161432Z_1c045bd7e750_stage08_b02_formal_8d000300,formal,20260807T161432Z,1c045bd7e750084695a5cdcfe898f79955047f01,true,stage08_b02_triang_scales_v1,d7de5774be071f747c6bdb46d3373673771af1a8190a816ca4092657ec7a5dfd,operator,triang,NA,NA,triang,triang__triang_fp32_10e2__7f7d081aa0af5dfa__sym,triang_fp32_10e2,10^2,100,window_positions=[100],FP32,GPU,not_applicable,compatibility/end-to-end,PASS,OK,20,100,19,0.21492900000000001,true,7f7d081aa0af5dfac9cbd2114e6e1ae81fa1069a67d6310ffd6db02c7f813864,f8449620e43a549c920e731f44283774381f992a125907dcfe4a48e828dcc3df
1,20260807T161432Z_1c045bd7e750_stage08_b02_formal_8d000300,formal,20260807T161432Z,1c045bd7e750084695a5cdcfe898f79955047f01,true,stage08_b02_triang_scales_v1,d7de5774be071f747c6bdb46d3373673771af1a8190a816ca4092657ec7a5dfd,operator,triang,NA,NA,triang,triang__triang_fp32_10e2__7f7d081aa0af5dfa__sym,triang_fp32_10e2,10^2,100,window_positions=[100],FP32,GPU,not_applicable,compatibility/end-to-end,PASS,OK,20,100,20,0.21586,true,7f7d081aa0af5dfac9cbd2114e6e1ae81fa1069a67d6310ffd6db02c7f813864,f8449620e43a549c920e731f44283774381f992a125907dcfe4a48e828dcc3df
1,20260807T161432Z_1c045bd7e750_stage08_b02_formal_8d000300,formal,20260807T161432Z,1c045bd7e750084695a5cdcfe898f79955047f01,true,stage08_b02_triang_scales_v1,d7de5774be071f747c6bdb46d3373673771af1a8190a816ca4092657ec7a5dfd,operator,triang,NA,NA,triang,triang__triang_fp32_10e2__7f7d081aa0af5dfa__sym,triang_fp32_10e2,10^2,100,window_positions=[100],FP32,GPU,not_applicable,compatibility/end-to-end,PASS,OK,20,100,21,0.21470900000000001,true,7f7d081aa0af5dfac9cbd2114e6e1ae81fa1069a67d6310ffd6db02c7f813864,f8449620e43a549c920e731f44283774381f992a125907dcfe4a48e828dcc3df
1,20260807T161432Z_1c045bd7e750_stage08_b02_formal_8d000300,formal,20260807T161432Z,1c045bd7e750084695a5cdcfe898f79955047f01,true,stage08_b02_triang_scales_v1,d7de5774be071f747c6bdb46d3373673771af1a8190a816ca4092657ec7a5dfd,operator,triang,NA,NA,triang,triang__triang_fp32_10e2__7f7d081aa0af5dfa__sym,triang_fp32_10e2,10^2,100,window_positions=[100],FP32,GPU,not_applicable,compatibility/end-to-end,PASS,OK,20,100,22,0.215029,true,7f7d081aa0af5dfac9cbd2114e6e1ae81fa1069a67d6310ffd6db02c7f813864,f8449620e43a549c920e731f44283774381f992a125907dcfe4a48e828dcc3df
1,20260807T161432Z_1c045bd7e750_stage08_b02_formal_8d000300,formal,20260807T161432Z,1c045bd7e750084695a5cdcfe898f79955047f01,true,stage08_b02_triang_scales_v1,d7de5774be071f747c6bdb46d3373673771af1a8190a816ca4092657ec7a5dfd,operator,triang,NA,NA,triang,triang__triang_fp32_10e2__7f7d081aa0af5dfa__sym,triang_fp32_10e2,10^2,100,window_positions=[100],FP32,GPU,not_applicable,compatibility/end-to-end,PASS,OK,20,100,23,0.21712899999999999,true,7f7d081aa0af5dfac9cbd2114e6e1ae81fa1069a67d6310ffd6db02c7f813864,f8449620e43a549c920e731f44283774381f992a125907dcfe4a48e828dcc3df
1,20260807T161432Z_1c045bd7e750_stage08_b02_formal_8d000300,formal,20260807T161432Z,1c045bd7e750084695a5cdcfe898f79955047f01,true,stage08_b02_triang_scales_v1,d7de5774be071f747c6bdb46d3373673771af1a8190a816ca4092657ec7a5dfd,operator,triang,NA,NA,triang,triang__triang_fp32_10e2__7f7d081aa0af5dfa__sym,triang_fp32_10e2,10^2,100,window_positions=[100],FP32,GPU,not_applicable,compatibility/end-to-end,PASS,OK,20,100,24,0.21759999999999999,true,7f7d081aa0af5dfac9cbd2114e6e1ae81fa1069a67d6310ffd6db02c7f813864,f8449620e43a549c920e731f44283774381f992a125907dcfe4a48e828dcc3df
1,20260807T161432Z_1c045bd7e750_stage08_b02_formal_8d000300,formal,20260807T161432Z,1c045bd7e750084695a5cdcfe898f79955047f01,true,stage08_b02_triang_scales_v1,d7de5774be071f747c6bdb46d3373673771af1a8190a816ca4092657ec7a5dfd,operator,triang,NA,NA,triang,triang__triang_fp32_10e2__7f7d081aa0af5dfa__sym,triang_fp32_10e2,10^2,100,window_positions=[100],FP32,GPU,not_applicable,compatibility/end-to-end,PASS,OK,20,100,25,0.21426899999999999,true,7f7d081aa0af5dfac9cbd2114e6e1ae81fa1069a67d6310ffd6db02c7f813864,f8449620e43a549c920e731f44283774381f992a125907dcfe4a48e828dcc3df
1,20260807T161432Z_1c045bd7e750_stage08_b02_formal_8d000300,formal,20260807T161432Z,1c045bd7e750084695a5cdcfe898f79955047f01,true,stage08_b02_triang_scales_v1,d7de5774be071f747c6bdb46d3373673771af1a8190a816ca4092657ec7a5dfd,operator,triang,NA,NA,triang,triang__triang_fp32_10e2__7f7d081aa0af5dfa__sym,triang_fp32_10e2,10^2,100,window_positions=[100],FP32,GPU,not_applicable,compatibility/end-to-end,PASS,OK,20,100,26,0.21526899999999999,true,7f7d081aa0af5dfac9cbd2114e6e1ae81fa1069a67d6310ffd6db02c7f813864,f8449620e43a549c920e731f44283774381f992a125907dcfe4a48e828dcc3df
1,20260807T161432Z_1c045bd7e750_stage08_b02_formal_8d000300,formal,20260807T161432Z,1c045bd7e750084695a5cdcfe898f79955047f01,true,stage08_b02_triang_scales_v1,d7de5774be071f747c6bdb46d3373673771af1a8190a816ca4092657ec7a5dfd,operator,triang,NA,NA,triang,triang__triang_fp32_10e2__7f7d081aa0af5dfa__sym,triang_fp32_10e2,10^2,100,window_positions=[100],FP32,GPU,not_applicable,compatibility/end-to-end,PASS,OK,20,100,27,0.21654000000000001,true,7f7d081aa0af5dfac9cbd2114e6e1ae81fa1069a67d6310ffd6db02c7f813864,f8449620e43a549c920e731f44283774381f992a125907dcfe4a48e828dcc3df
1,20260807T161432Z_1c045bd7e750_stage08_b02_formal_8d000300,formal,20260807T161432Z,1c045bd7e750084695a5cdcfe898f79955047f01,true,stage08_b02_triang_scales_v1,d7de5774be071f747c6bdb46d3373673771af1a8190a816ca4092657ec7a5dfd,operator,triang,NA,NA,triang,triang__triang_fp32_10e2__7f7d081aa0af5dfa__sym,triang_fp32_10e2,10^2,100,window_positions=[100],FP32,GPU,not_applicable,compatibility/end-to-end,PASS,OK,20,100,28,0.21951899999999999,true,7f7d081aa0af5dfac9cbd2114e6e1ae81fa1069a67d6310ffd6db02c7f813864,f8449620e43a549c920e731f44283774381f992a125907dcfe4a48e828dcc3df
1,20260807T161432Z_1c045bd7e750_stage08_b02_formal_8d000300,formal,20260807T161432Z,1c045bd7e750084695a5cdcfe898f79955047f01,true,stage08_b02_triang_scales_v1,d7de5774be071f747c6bdb46d3373673771af1a8190a816ca4092657ec7a5dfd,operator,triang,NA,NA,triang,triang__triang_fp32_10e2__7f7d081aa0af5dfa__sym,triang_fp32_10e2,10^2,100,window_positions=[100],FP32,GPU,not_applicable,compatibility/end-to-end,PASS,OK,20,100,29,0.21962000000000001,true,7f7d081aa0af5dfac9cbd2114e6e1ae81fa1069a67d6310ffd6db02c7f813864,f8449620e43a549c920e731f44283774381f992a125907dcfe4a48e828dcc3df
1,20260807T161432Z_1c045bd7e750_stage08_b02_formal_8d000300,formal,20260807T161432Z,1c045bd7e750084695a5cdcfe898f79955047f01,true,stage08_b02_triang_scales_v1,d7de5774be071f747c6bdb46d3373673771af1a8190a816ca4092657ec7a5dfd,operator,triang,NA,NA,triang,triang__triang_fp32_10e2__7f7d081aa0af5dfa__sym,triang_fp32_10e2,10^2,100,window_positions=[100],FP32,GPU,not_applicable,compatibility/end-to-end,PASS,OK,20,100,30,0.21718899999999999,true,7f7d081aa0af5dfac9cbd2114e6e1ae81fa1069a67d6310ffd6db02c7f813864,f8449620e43a549c920e731f44283774381f992a125907dcfe4a48e828dcc3df
1,20260807T161432Z_1c045bd7e750_stage08_b02_formal_8d000300,formal,20260807T161432Z,1c045bd7e750084695a5cdcfe898f79955047f01,true,stage08_b02_triang_scales_v1,d7de5774be071f747c6bdb46d3373673771af1a8190a816ca4092657ec7a5dfd,operator,triang,NA,NA,triang,triang__triang_fp32_10e2__7f7d081aa0af5dfa__sym,triang_fp32_10e2,10^2,100,window_positions=[100],FP32,GPU,not_applicable,compatibility/end-to-end,PASS,OK,20,100,31,0.211419,true,7f7d081aa0af5dfac9cbd2114e6e1ae81fa1069a67d6310ffd6db02c7f813864,f8449620e43a549c920e731f44283774381f992a125907dcfe4a48e828dcc3df
1,20260807T161432Z_1c045bd7e750_stage08_b02_formal_8d000300,formal,20260807T161432Z,1c045bd7e750084695a5cdcfe898f79955047f01,true,stage08_b02_triang_scales_v1,d7de5774be071f747c6bdb46d3373673771af1a8190a816ca4092657ec7a5dfd,operator,triang,NA,NA,triang,triang__triang_fp32_10e2__7f7d081aa0af5dfa__sym,triang_fp32_10e2,10^2,100,window_positions=[100],FP32,GPU,not_applicable,compatibility/end-to-end,PASS,OK,20,100,32,0.215919,true,7f7d081aa0af5dfac9cbd2114e6e1ae81fa1069a67d6310ffd6db02c7f813864,f8449620e43a549c920e731f44283774381f992a125907dcfe4a48e828dcc3df
1,20260807T161432Z_1c045bd7e750_stage08_b02_formal_8d000300,formal,20260807T161432Z,1c045bd7e750084695a5cdcfe898f79955047f01,true,stage08_b02_triang_scales_v1,d7de5774be071f747c6bdb46d3373673771af1a8190a816ca4092657ec7a5dfd,operator,triang,NA,NA,triang,triang__triang_fp32_10e2__7f7d081aa0af5dfa__sym,triang_fp32_10e2,10^2,100,window_positions=[100],FP32,GPU,not_applicable,compatibility/end-to-end,PASS,OK,20,100,33,0.21695,true,7f7d081aa0af5dfac9cbd2114e6e1ae81fa1069a67d6310ffd6db02c7f813864,f8449620e43a549c920e731f44283774381f992a125907dcfe4a48e828dcc3df
1,20260807T161432Z_1c045bd7e750_stage08_b02_formal_8d000300,formal,20260807T161432Z,1c045bd7e750084695a5cdcfe898f79955047f01,true,stage08_b02_triang_scales_v1,d7de5774be071f747c6bdb46d3373673771af1a8190a816ca4092657ec7a5dfd,operator,triang,NA,NA,triang,triang__triang_fp32_10e2__7f7d081aa0af5dfa__sym,triang_fp32_10e2,10^2,100,window_positions=[100],FP32,GPU,not_applicable,compatibility/end-to-end,PASS,OK,20,100,34,0.21904899999999999,true,7f7d081aa0af5dfac9cbd2114e6e1ae81fa1069a67d6310ffd6db02c7f813864,f8449620e43a549c920e731f44283774381f992a125907dcfe4a48e828dcc3df
1,20260807T161432Z_1c045bd7e750_stage08_b02_formal_8d000300,formal,20260807T161432Z,1c045bd7e750084695a5cdcfe898f79955047f01,true,stage08_b02_triang_scales_v1,d7de5774be071f747c6bdb46d3373673771af1a8190a816ca4092657ec7a5dfd,operator,triang,NA,NA,triang,triang__triang_fp32_10e2__7f7d081aa0af5dfa__sym,triang_fp32_10e2,10^2,100,window_positions=[100],FP32,GPU,not_applicable,compatibility/end-to-end,PASS,OK,20,100,35,0.21504899999999999,true,7f7d081aa0af5dfac9cbd2114e6e1ae81fa1069a67d6310ffd6db02c7f813864,f8449620e43a549c920e731f44283774381f992a125907dcfe4a48e828dcc3df
1,20260807T161432Z_1c045bd7e750_stage08_b02_formal_8d000300,formal,20260807T161432Z,1c045bd7e750084695a5cdcfe898f79955047f01,true,stage08_b02_triang_scales_v1,d7de5774be071f747c6bdb46d3373673771af1a8190a816ca4092657ec7a5dfd,operator,triang,NA,NA,triang,triang__triang_fp32_10e2__7f7d081aa0af5dfa__sym,triang_fp32_10e2,10^2,100,window_positions=[100],FP32,GPU,not_applicable,compatibility/end-to-end,PASS,OK,20,100,36,0.21553,true,7f7d081aa0af5dfac9cbd2114e6e1ae81fa1069a67d6310ffd6db02c7f813864,f8449620e43a549c920e731f44283774381f992a125907dcfe4a48e828dcc3df
1,20260807T161432Z_1c045bd7e750_stage08_b02_formal_8d000300,formal,20260807T161432Z,1c045bd7e750084695a5cdcfe898f79955047f01,true,stage08_b02_triang_scales_v1,d7de5774be071f747c6bdb46d3373673771af1a8190a816ca4092657ec7a5dfd,operator,triang,NA,NA,triang,triang__triang_fp32_10e2__7f7d081aa0af5dfa__sym,triang_fp32_10e2,10^2,100,window_positions=[100],FP32,GPU,not_applicable,compatibility/end-to-end,PASS,OK,20,100,37,0.217249,true,7f7d081aa0af5dfac9cbd2114e6e1ae81fa1069a67d6310ffd6db02c7f813864,f8449620e43a549c920e731f44283774381f992a125907dcfe4a48e828dcc3df
1,20260807T161432Z_1c045bd7e750_stage08_b02_formal_8d000300,formal,20260807T161432Z,1c045bd7e750084695a5cdcfe898f79955047f01,true,stage08_b02_triang_scales_v1,d7de5774be071f747c6bdb46d3373673771af1a8190a816ca4092657ec7a5dfd,operator,triang,NA,NA,triang,triang__triang_fp32_10e2__7f7d081aa0af5dfa__sym,triang_fp32_10e2,10^2,100,window_positions=[100],FP32,GPU,not_applicable,compatibility/end-to-end,PASS,OK,20,100,38,0.21714900000000001,true,7f7d081aa0af5dfac9cbd2114e6e1ae81fa1069a67d6310ffd6db02c7f813864,f8449620e43a549c920e731f44283774381f992a125907dcfe4a48e828dcc3df
1,20260807T161432Z_1c045bd7e750_stage08_b02_formal_8d000300,formal,20260807T161432Z,1c045bd7e750084695a5cdcfe898f79955047f01,true,stage08_b02_triang_scales_v1,d7de5774be071f747c6bdb46d3373673771af1a8190a816ca4092657ec7a5dfd,operator,triang,NA,NA,triang,triang__triang_fp32_10e2__7f7d081aa0af5dfa__sym,triang_fp32_10e2,10^2,100,window_positions=[100],FP32,GPU,not_applicable,compatibility/end-to-end,PASS,OK,20,100,39,0.21581,true,7f7d081aa0af5dfac9cbd2114e6e1ae81fa1069a67d6310ffd6db02c7f813864,f8449620e43a549c920e731f44283774381f992a125907dcfe4a48e828dcc3df
1,20260807T161432Z_1c045bd7e750_stage08_b02_formal_8d000300,formal,20260807T161432Z,1c045bd7e750084695a5cdcfe898f79955047f01,true,stage08_b02_triang_scales_v1,d7de5774be071f747c6bdb46d3373673771af1a8190a816ca4092657ec7a5dfd,operator,triang,NA,NA,triang,triang__triang_fp32_10e2__7f7d081aa0af5dfa__sym,triang_fp32_10e2,10^2,100,window_positions=[100],FP32,GPU,not_applicable,compatibility/end-to-end,PASS,OK,20,100,40,0.215249,true,7f7d081aa0af5dfac9cbd2114e6e1ae81fa1069a67d6310ffd6db02c7f813864,f8449620e43a549c920e731f44283774381f992a125907dcfe4a48e828dcc3df
1,20260807T161432Z_1c045bd7e750_stage08_b02_formal_8d000300,formal,20260807T161432Z,1c045bd7e750084695a5cdcfe898f79955047f01,true,stage08_b02_triang_scales_v1,d7de5774be071f747c6bdb46d3373673771af1a8190a816ca4092657ec7a5dfd,operator,triang,NA,NA,triang,triang__triang_fp32_10e2__7f7d081aa0af5dfa__sym,triang_fp32_10e2,10^2,100,window_positions=[100],FP32,GPU,not_applicable,compatibility/end-to-end,PASS,OK,20,100,41,0.21781900000000001,true,7f7d081aa0af5dfac9cbd2114e6e1ae81fa1069a67d6310ffd6db02c7f813864,f8449620e43a549c920e731f44283774381f992a125907dcfe4a48e828dcc3df
1,20260807T161432Z_1c045bd7e750_stage08_b02_formal_8d000300,formal,20260807T161432Z,1c045bd7e750084695a5cdcfe898f79955047f01,true,stage08_b02_triang_scales_v1,d7de5774be071f747c6bdb46d3373673771af1a8190a816ca4092657ec7a5dfd,operator,triang,NA,NA,triang,triang__triang_fp32_10e2__7f7d081aa0af5dfa__sym,triang_fp32_10e2,10^2,100,window_positions=[100],FP32,GPU,not_applicable,compatibility/end-to-end,PASS,OK,20,100,42,0.22048999999999999,true,7f7d081aa0af5dfac9cbd2114e6e1ae81fa1069a67d6310ffd6db02c7f813864,f8449620e43a549c920e731f44283774381f992a125907dcfe4a48e828dcc3df
1,20260807T161432Z_1c045bd7e750_stage08_b02_formal_8d000300,formal,20260807T161432Z,1c045bd7e750084695a5cdcfe898f79955047f01,true,stage08_b02_triang_scales_v1,d7de5774be071f747c6bdb46d3373673771af1a8190a816ca4092657ec7a5dfd,operator,triang,NA,NA,triang,triang__triang_fp32_10e2__7f7d081aa0af5dfa__sym,triang_fp32_10e2,10^2,100,window_positions=[100],FP32,GPU,not_applicable,compatibility/end-to-end,PASS,OK,20,100,43,0.21570900000000001,true,7f7d081aa0af5dfac9cbd2114e6e1ae81fa1069a67d6310ffd6db02c7f813864,f8449620e43a549c920e731f44283774381f992a125907dcfe4a48e828dcc3df
1,20260807T161432Z_1c045bd7e750_stage08_b02_formal_8d000300,formal,20260807T161432Z,1c045bd7e750084695a5cdcfe898f79955047f01,true,stage08_b02_triang_scales_v1,d7de5774be071f747c6bdb46d3373673771af1a8190a816ca4092657ec7a5dfd,operator,triang,NA,NA,triang,triang__triang_fp32_10e2__7f7d081aa0af5dfa__sym,triang_fp32_10e2,10^2,100,window_positions=[100],FP32,GPU,not_applicable,compatibility/end-to-end,PASS,OK,20,100,44,0.21706900000000001,true,7f7d081aa0af5dfac9cbd2114e6e1ae81fa1069a67d6310ffd6db02c7f813864,f8449620e43a549c920e731f44283774381f992a125907dcfe4a48e828dcc3df
1,20260807T161432Z_1c045bd7e750_stage08_b02_formal_8d000300,formal,20260807T161432Z,1c045bd7e750084695a5cdcfe898f79955047f01,true,stage08_b02_triang_scales_v1,d7de5774be071f747c6bdb46d3373673771af1a8190a816ca4092657ec7a5dfd,operator,triang,NA,NA,triang,triang__triang_fp32_10e2__7f7d081aa0af5dfa__sym,triang_fp32_10e2,10^2,100,window_positions=[100],FP32,GPU,not_applicable,compatibility/end-to-end,PASS,OK,20,100,45,0.21432999999999999,true,7f7d081aa0af5dfac9cbd2114e6e1ae81fa1069a67d6310ffd6db02c7f813864,f8449620e43a549c920e731f44283774381f992a125907dcfe4a48e828dcc3df
1,20260807T161432Z_1c045bd7e750_stage08_b02_formal_8d000300,formal,20260807T161432Z,1c045bd7e750084695a5cdcfe898f79955047f01,true,stage08_b02_triang_scales_v1,d7de5774be071f747c6bdb46d3373673771af1a8190a816ca4092657ec7a5dfd,operator,triang,NA,NA,triang,triang__triang_fp32_10e2__7f7d081aa0af5dfa__sym,triang_fp32_10e2,10^2,100,window_positions=[100],FP32,GPU,not_applicable,compatibility/end-to-end,PASS,OK,20,100,46,0.21903900000000001,true,7f7d081aa0af5dfac9cbd2114e6e1ae81fa1069a67d6310ffd6db02c7f813864,f8449620e43a549c920e731f44283774381f992a125907dcfe4a48e828dcc3df
1,20260807T161432Z_1c045bd7e750_stage08_b02_formal_8d000300,formal,20260807T161432Z,1c045bd7e750084695a5cdcfe898f79955047f01,true,stage08_b02_triang_scales_v1,d7de5774be071f747c6bdb46d3373673771af1a8190a816ca4092657ec7a5dfd,operator,triang,NA,NA,triang,triang__triang_fp32_10e2__7f7d081aa0af5dfa__sym,triang_fp32_10e2,10^2,100,window_positions=[100],FP32,GPU,not_applicable,compatibility/end-to-end,PASS,OK,20,100,47,0.23462,true,7f7d081aa0af5dfac9cbd2114e6e1ae81fa1069a67d6310ffd6db02c7f813864,f8449620e43a549c920e731f44283774381f992a125907dcfe4a48e828dcc3df
1,20260807T161432Z_1c045bd7e750_stage08_b02_formal_8d000300,formal,20260807T161432Z,1c045bd7e750084695a5cdcfe898f79955047f01,true,stage08_b02_triang_scales_v1,d7de5774be071f747c6bdb46d3373673771af1a8190a816ca4092657ec7a5dfd,operator,triang,NA,NA,triang,triang__triang_fp32_10e2__7f7d081aa0af5dfa__sym,triang_fp32_10e2,10^2,100,window_positions=[100],FP32,GPU,not_applicable,compatibility/end-to-end,PASS,OK,20,100,48,0.21662000000000001,true,7f7d081aa0af5dfac9cbd2114e6e1ae81fa1069a67d6310ffd6db02c7f813864,f8449620e43a549c920e731f44283774381f992a125907dcfe4a48e828dcc3df
1,20260807T161432Z_1c045bd7e750_stage08_b02_formal_8d000300,formal,20260807T161432Z,1c045bd7e750084695a5cdcfe898f79955047f01,true,stage08_b02_triang_scales_v1,d7de5774be071f747c6bdb46d3373673771af1a8190a816ca4092657ec7a5dfd,operator,triang,NA,NA,triang,triang__triang_fp32_10e2__7f7d081aa0af5dfa__sym,triang_fp32_10e2,10^2,100,window_positions=[100],FP32,GPU,not_applicable,compatibility/end-to-end,PASS,OK,20,100,49,0.21306900000000001,true,7f7d081aa0af5dfac9cbd2114e6e1ae81fa1069a67d6310ffd6db02c7f813864,f8449620e43a549c920e731f44283774381f992a125907dcfe4a48e828dcc3df
1,20260807T161432Z_1c045bd7e750_stage08_b02_formal_8d000300,formal,20260807T161432Z,1c045bd7e750084695a5cdcfe898f79955047f01,true,stage08_b02_triang_scales_v1,d7de5774be071f747c6bdb46d3373673771af1a8190a816ca4092657ec7a5dfd,operator,triang,NA,NA,triang,triang__triang_fp32_10e2__7f7d081aa0af5dfa__sym,triang_fp32_10e2,10^2,100,window_positions=[100],FP32,GPU,not_applicable,compatibility/end-to-end,PASS,OK,20,100,50,0.21653900000000001,true,7f7d081aa0af5dfac9cbd2114e6e1ae81fa1069a67d6310ffd6db02c7f813864,f8449620e43a549c920e731f44283774381f992a125907dcfe4a48e828dcc3df
1,20260807T161432Z_1c045bd7e750_stage08_b02_formal_8d000300,formal,20260807T161432Z,1c045bd7e750084695a5cdcfe898f79955047f01,true,stage08_b02_triang_scales_v1,d7de5774be071f747c6bdb46d3373673771af1a8190a816ca4092657ec7a5dfd,operator,triang,NA,NA,triang,triang__triang_fp32_10e2__7f7d081aa0af5dfa__sym,triang_fp32_10e2,10^2,100,window_positions=[100],FP32,GPU,not_applicable,compatibility/end-to-end,PASS,OK,20,100,51,0.21704899999999999,true,7f7d081aa0af5dfac9cbd2114e6e1ae81fa1069a67d6310ffd6db02c7f813864,f8449620e43a549c920e731f44283774381f992a125907dcfe4a48e828dcc3df
1,20260807T161432Z_1c045bd7e750_stage08_b02_formal_8d000300,formal,20260807T161432Z,1c045bd7e750084695a5cdcfe898f79955047f01,true,stage08_b02_triang_scales_v1,d7de5774be071f747c6bdb46d3373673771af1a8190a816ca4092657ec7a5dfd,operator,triang,NA,NA,triang,triang__triang_fp32_10e2__7f7d081aa0af5dfa__sym,triang_fp32_10e2,10^2,100,window_positions=[100],FP32,GPU,not_applicable,compatibility/end-to-end,PASS,OK,20,100,52,0.21715000000000001,true,7f7d081aa0af5dfac9cbd2114e6e1ae81fa1069a67d6310ffd6db02c7f813864,f8449620e43a549c920e731f44283774381f992a125907dcfe4a48e828dcc3df
1,20260807T161432Z_1c045bd7e750_stage08_b02_formal_8d000300,formal,20260807T161432Z,1c045bd7e750084695a5cdcfe898f79955047f01,true,stage08_b02_triang_scales_v1,d7de5774be071f747c6bdb46d3373673771af1a8190a816ca4092657ec7a5dfd,operator,triang,NA,NA,triang,triang__triang_fp32_10e2__7f7d081aa0af5dfa__sym,triang_fp32_10e2,10^2,100,window_positions=[100],FP32,GPU,not_applicable,compatibility/end-to-end,PASS,OK,20,100,53,0.21531900000000001,true,7f7d081aa0af5dfac9cbd2114e6e1ae81fa1069a67d6310ffd6db02c7f813864,f8449620e43a549c920e731f44283774381f992a125907dcfe4a48e828dcc3df
1,20260807T161432Z_1c045bd7e750_stage08_b02_formal_8d000300,formal,20260807T161432Z,1c045bd7e750084695a5cdcfe898f79955047f01,true,stage08_b02_triang_scales_v1,d7de5774be071f747c6bdb46d3373673771af1a8190a816ca4092657ec7a5dfd,operator,triang,NA,NA,triang,triang__triang_fp32_10e2__7f7d081aa0af5dfa__sym,triang_fp32_10e2,10^2,100,window_positions=[100],FP32,GPU,not_applicable,compatibility/end-to-end,PASS,OK,20,100,54,0.213279,true,7f7d081aa0af5dfac9cbd2114e6e1ae81fa1069a67d6310ffd6db02c7f813864,f8449620e43a549c920e731f44283774381f992a125907dcfe4a48e828dcc3df
1,20260807T161432Z_1c045bd7e750_stage08_b02_formal_8d000300,formal,20260807T161432Z,1c045bd7e750084695a5cdcfe898f79955047f01,true,stage08_b02_triang_scales_v1,d7de5774be071f747c6bdb46d3373673771af1a8190a816ca4092657ec7a5dfd,operator,triang,NA,NA,triang,triang__triang_fp32_10e2__7f7d081aa0af5dfa__sym,triang_fp32_10e2,10^2,100,window_positions=[100],FP32,GPU,not_applicable,compatibility/end-to-end,PASS,OK,20,100,55,0.21259900000000001,true,7f7d081aa0af5dfac9cbd2114e6e1ae81fa1069a67d6310ffd6db02c7f813864,f8449620e43a549c920e731f44283774381f992a125907dcfe4a48e828dcc3df
1,20260807T161432Z_1c045bd7e750_stage08_b02_formal_8d000300,formal,20260807T161432Z,1c045bd7e750084695a5cdcfe898f79955047f01,true,stage08_b02_triang_scales_v1,d7de5774be071f747c6bdb46d3373673771af1a8190a816ca4092657ec7a5dfd,operator,triang,NA,NA,triang,triang__triang_fp32_10e2__7f7d081aa0af5dfa__sym,triang_fp32_10e2,10^2,100,window_positions=[100],FP32,GPU,not_applicable,compatibility/end-to-end,PASS,OK,20,100,56,0.21665999999999999,true,7f7d081aa0af5dfac9cbd2114e6e1ae81fa1069a67d6310ffd6db02c7f813864,f8449620e43a549c920e731f44283774381f992a125907dcfe4a48e828dcc3df
1,20260807T161432Z_1c045bd7e750_stage08_b02_formal_8d000300,formal,20260807T161432Z,1c045bd7e750084695a5cdcfe898f79955047f01,true,stage08_b02_triang_scales_v1,d7de5774be071f747c6bdb46d3373673771af1a8190a816ca4092657ec7a5dfd,operator,triang,NA,NA,triang,triang__triang_fp32_10e2__7f7d081aa0af5dfa__sym,triang_fp32_10e2,10^2,100,window_positions=[100],FP32,GPU,not_applicable,compatibility/end-to-end,PASS,OK,20,100,57,0.21637899999999999,true,7f7d081aa0af5dfac9cbd2114e6e1ae81fa1069a67d6310ffd6db02c7f813864,f8449620e43a549c920e731f44283774381f992a125907dcfe4a48e828dcc3df
1,20260807T161432Z_1c045bd7e750_stage08_b02_formal_8d000300,formal,20260807T161432Z,1c045bd7e750084695a5cdcfe898f79955047f01,true,stage08_b02_triang_scales_v1,d7de5774be071f747c6bdb46d3373673771af1a8190a816ca4092657ec7a5dfd,operator,triang,NA,NA,triang,triang__triang_fp32_10e2__7f7d081aa0af5dfa__sym,triang_fp32_10e2,10^2,100,window_positions=[100],FP32,GPU,not_applicable,compatibility/end-to-end,PASS,OK,20,100,58,0.21329899999999999,true,7f7d081aa0af5dfac9cbd2114e6e1ae81fa1069a67d6310ffd6db02c7f813864,f8449620e43a549c920e731f44283774381f992a125907dcfe4a48e828dcc3df
1,20260807T161432Z_1c045bd7e750_stage08_b02_formal_8d000300,formal,20260807T161432Z,1c045bd7e750084695a5cdcfe898f79955047f01,true,stage08_b02_triang_scales_v1,d7de5774be071f747c6bdb46d3373673771af1a8190a816ca4092657ec7a5dfd,operator,triang,NA,NA,triang,triang__triang_fp32_10e2__7f7d081aa0af5dfa__sym,triang_fp32_10e2,10^2,100,window_positions=[100],FP32,GPU,not_applicable,compatibility/end-to-end,PASS,OK,20,100,59,0.213809,true,7f7d081aa0af5dfac9cbd2114e6e1ae81fa1069a67d6310ffd6db02c7f813864,f8449620e43a549c920e731f44283774381f992a125907dcfe4a48e828dcc3df
1,20260807T161432Z_1c045bd7e750_stage08_b02_formal_8d000300,formal,20260807T161432Z,1c045bd7e750084695a5cdcfe898f79955047f01,true,stage08_b02_triang_scales_v1,d7de5774be071f747c6bdb46d3373673771af1a8190a816ca4092657ec7a5dfd,operator,triang,NA,NA,triang,triang__triang_fp32_10e2__7f7d081aa0af5dfa__sym,triang_fp32_10e2,10^2,100,window_positions=[100],FP32,GPU,not_applicable,compatibility/end-to-end,PASS,OK,20,100,60,0.21518999999999999,true,7f7d081aa0af5dfac9cbd2114e6e1ae81fa1069a67d6310ffd6db02c7f813864,f8449620e43a549c920e731f44283774381f992a125907dcfe4a48e828dcc3df
1,20260807T161432Z_1c045bd7e750_stage08_b02_formal_8d000300,formal,20260807T161432Z,1c045bd7e750084695a5cdcfe898f79955047f01,true,stage08_b02_triang_scales_v1,d7de5774be071f747c6bdb46d3373673771af1a8190a816ca4092657ec7a5dfd,operator,triang,NA,NA,triang,triang__triang_fp32_10e2__7f7d081aa0af5dfa__sym,triang_fp32_10e2,10^2,100,window_positions=[100],FP32,GPU,not_applicable,compatibility/end-to-end,PASS,OK,20,100,61,0.21531900000000001,true,7f7d081aa0af5dfac9cbd2114e6e1ae81fa1069a67d6310ffd6db02c7f813864,f8449620e43a549c920e731f44283774381f992a125907dcfe4a48e828dcc3df
1,20260807T161432Z_1c045bd7e750_stage08_b02_formal_8d000300,formal,20260807T161432Z,1c045bd7e750084695a5cdcfe898f79955047f01,true,stage08_b02_triang_scales_v1,d7de5774be071f747c6bdb46d3373673771af1a8190a816ca4092657ec7a5dfd,operator,triang,NA,NA,triang,triang__triang_fp32_10e2__7f7d081aa0af5dfa__sym,triang_fp32_10e2,10^2,100,window_positions=[100],FP32,GPU,not_applicable,compatibility/end-to-end,PASS,OK,20,100,62,0.217719,true,7f7d081aa0af5dfac9cbd2114e6e1ae81fa1069a67d6310ffd6db02c7f813864,f8449620e43a549c920e731f44283774381f992a125907dcfe4a48e828dcc3df
1,20260807T161432Z_1c045bd7e750_stage08_b02_formal_8d000300,formal,20260807T161432Z,1c045bd7e750084695a5cdcfe898f79955047f01,true,stage08_b02_triang_scales_v1,d7de5774be071f747c6bdb46d3373673771af1a8190a816ca4092657ec7a5dfd,operator,triang,NA,NA,triang,triang__triang_fp32_10e2__7f7d081aa0af5dfa__sym,triang_fp32_10e2,10^2,100,window_positions=[100],FP32,GPU,not_applicable,compatibility/end-to-end,PASS,OK,20,100,63,0.21190899999999999,true,7f7d081aa0af5dfac9cbd2114e6e1ae81fa1069a67d6310ffd6db02c7f813864,f8449620e43a549c920e731f44283774381f992a125907dcfe4a48e828dcc3df
1,20260807T161432Z_1c045bd7e750_stage08_b02_formal_8d000300,formal,20260807T161432Z,1c045bd7e750084695a5cdcfe898f79955047f01,true,stage08_b02_triang_scales_v1,d7de5774be071f747c6bdb46d3373673771af1a8190a816ca4092657ec7a5dfd,operator,triang,NA,NA,triang,triang__triang_fp32_10e2__7f7d081aa0af5dfa__sym,triang_fp32_10e2,10^2,100,window_positions=[100],FP32,GPU,not_applicable,compatibility/end-to-end,PASS,OK,20,100,64,0.21598000000000001,true,7f7d081aa0af5dfac9cbd2114e6e1ae81fa1069a67d6310ffd6db02c7f813864,f8449620e43a549c920e731f44283774381f992a125907dcfe4a48e828dcc3df
1,20260807T161432Z_1c045bd7e750_stage08_b02_formal_8d000300,formal,20260807T161432Z,1c045bd7e750084695a5cdcfe898f79955047f01,true,stage08_b02_triang_scales_v1,d7de5774be071f747c6bdb46d3373673771af1a8190a816ca4092657ec7a5dfd,operator,triang,NA,NA,triang,triang__triang_fp32_10e2__7f7d081aa0af5dfa__sym,triang_fp32_10e2,10^2,100,window_positions=[100],FP32,GPU,not_applicable,compatibility/end-to-end,PASS,OK,20,100,65,0.217249,true,7f7d081aa0af5dfac9cbd2114e6e1ae81fa1069a67d6310ffd6db02c7f813864,f8449620e43a549c920e731f44283774381f992a125907dcfe4a48e828dcc3df
1,20260807T161432Z_1c045bd7e750_stage08_b02_formal_8d000300,formal,20260807T161432Z,1c045bd7e750084695a5cdcfe898f79955047f01,true,stage08_b02_triang_scales_v1,d7de5774be071f747c6bdb46d3373673771af1a8190a816ca4092657ec7a5dfd,operator,triang,NA,NA,triang,triang__triang_fp32_10e2__7f7d081aa0af5dfa__sym,triang_fp32_10e2,10^2,100,window_positions=[100],FP32,GPU,not_applicable,compatibility/end-to-end,PASS,OK,20,100,66,0.2278,true,7f7d081aa0af5dfac9cbd2114e6e1ae81fa1069a67d6310ffd6db02c7f813864,f8449620e43a549c920e731f44283774381f992a125907dcfe4a48e828dcc3df
1,20260807T161432Z_1c045bd7e750_stage08_b02_formal_8d000300,formal,20260807T161432Z,1c045bd7e750084695a5cdcfe898f79955047f01,true,stage08_b02_triang_scales_v1,d7de5774be071f747c6bdb46d3373673771af1a8190a816ca4092657ec7a5dfd,operator,triang,NA,NA,triang,triang__triang_fp32_10e2__7f7d081aa0af5dfa__sym,triang_fp32_10e2,10^2,100,window_positions=[100],FP32,GPU,not_applicable,compatibility/end-to-end,PASS,OK,20,100,67,0.218359,true,7f7d081aa0af5dfac9cbd2114e6e1ae81fa1069a67d6310ffd6db02c7f813864,f8449620e43a549c920e731f44283774381f992a125907dcfe4a48e828dcc3df
1,20260807T161432Z_1c045bd7e750_stage08_b02_formal_8d000300,formal,20260807T161432Z,1c045bd7e750084695a5cdcfe898f79955047f01,true,stage08_b02_triang_scales_v1,d7de5774be071f747c6bdb46d3373673771af1a8190a816ca4092657ec7a5dfd,operator,triang,NA,NA,triang,triang__triang_fp32_10e2__7f7d081aa0af5dfa__sym,triang_fp32_10e2,10^2,100,window_positions=[100],FP32,GPU,not_applicable,compatibility/end-to-end,PASS,OK,20,100,68,0.21595,true,7f7d081aa0af5dfac9cbd2114e6e1ae81fa1069a67d6310ffd6db02c7f813864,f8449620e43a549c920e731f44283774381f992a125907dcfe4a48e828dcc3df
1,20260807T161432Z_1c045bd7e750_stage08_b02_formal_8d000300,formal,20260807T161432Z,1c045bd7e750084695a5cdcfe898f79955047f01,true,stage08_b02_triang_scales_v1,d7de5774be071f747c6bdb46d3373673771af1a8190a816ca4092657ec7a5dfd,operator,triang,NA,NA,triang,triang__triang_fp32_10e2__7f7d081aa0af5dfa__sym,triang_fp32_10e2,10^2,100,window_positions=[100],FP32,GPU,not_applicable,compatibility/end-to-end,PASS,OK,20,100,69,0.21512899999999999,true,7f7d081aa0af5dfac9cbd2114e6e1ae81fa1069a67d6310ffd6db02c7f813864,f8449620e43a549c920e731f44283774381f992a125907dcfe4a48e828dcc3df
1,20260807T161432Z_1c045bd7e750_stage08_b02_formal_8d000300,formal,20260807T161432Z,1c045bd7e750084695a5cdcfe898f79955047f01,true,stage08_b02_triang_scales_v1,d7de5774be071f747c6bdb46d3373673771af1a8190a816ca4092657ec7a5dfd,operator,triang,NA,NA,triang,triang__triang_fp32_10e2__7f7d081aa0af5dfa__sym,triang_fp32_10e2,10^2,100,window_positions=[100],FP32,GPU,not_applicable,compatibility/end-to-end,PASS,OK,20,100,70,0.21412900000000001,true,7f7d081aa0af5dfac9cbd2114e6e1ae81fa1069a67d6310ffd6db02c7f813864,f8449620e43a549c920e731f44283774381f992a125907dcfe4a48e828dcc3df
1,20260807T161432Z_1c045bd7e750_stage08_b02_formal_8d000300,formal,20260807T161432Z,1c045bd7e750084695a5cdcfe898f79955047f01,true,stage08_b02_triang_scales_v1,d7de5774be071f747c6bdb46d3373673771af1a8190a816ca4092657ec7a5dfd,operator,triang,NA,NA,triang,triang__triang_fp32_10e2__7f7d081aa0af5dfa__sym,triang_fp32_10e2,10^2,100,window_positions=[100],FP32,GPU,not_applicable,compatibility/end-to-end,PASS,OK,20,100,71,0.21629899999999999,true,7f7d081aa0af5dfac9cbd2114e6e1ae81fa1069a67d6310ffd6db02c7f813864,f8449620e43a549c920e731f44283774381f992a125907dcfe4a48e828dcc3df
1,20260807T161432Z_1c045bd7e750_stage08_b02_formal_8d000300,formal,20260807T161432Z,1c045bd7e750084695a5cdcfe898f79955047f01,true,stage08_b02_triang_scales_v1,d7de5774be071f747c6bdb46d3373673771af1a8190a816ca4092657ec7a5dfd,operator,triang,NA,NA,triang,triang__triang_fp32_10e2__7f7d081aa0af5dfa__sym,triang_fp32_10e2,10^2,100,window_positions=[100],FP32,GPU,not_applicable,compatibility/end-to-end,PASS,OK,20,100,72,0.21318000000000001,true,7f7d081aa0af5dfac9cbd2114e6e1ae81fa1069a67d6310ffd6db02c7f813864,f8449620e43a549c920e731f44283774381f992a125907dcfe4a48e828dcc3df
1,20260807T161432Z_1c045bd7e750_stage08_b02_formal_8d000300,formal,20260807T161432Z,1c045bd7e750084695a5cdcfe898f79955047f01,true,stage08_b02_triang_scales_v1,d7de5774be071f747c6bdb46d3373673771af1a8190a816ca4092657ec7a5dfd,operator,triang,NA,NA,triang,triang__triang_fp32_10e2__7f7d081aa0af5dfa__sym,triang_fp32_10e2,10^2,100,window_positions=[100],FP32,GPU,not_applicable,compatibility/end-to-end,PASS,OK,20,100,73,0.214309,true,7f7d081aa0af5dfac9cbd2114e6e1ae81fa1069a67d6310ffd6db02c7f813864,f8449620e43a549c920e731f44283774381f992a125907dcfe4a48e828dcc3df
1,20260807T161432Z_1c045bd7e750_stage08_b02_formal_8d000300,formal,20260807T161432Z,1c045bd7e750084695a5cdcfe898f79955047f01,true,stage08_b02_triang_scales_v1,d7de5774be071f747c6bdb46d3373673771af1a8190a816ca4092657ec7a5dfd,operator,triang,NA,NA,triang,triang__triang_fp32_10e2__7f7d081aa0af5dfa__sym,triang_fp32_10e2,10^2,100,window_positions=[100],FP32,GPU,not_applicable,compatibility/end-to-end,PASS,OK,20,100,74,0.216559,true,7f7d081aa0af5dfac9cbd2114e6e1ae81fa1069a67d6310ffd6db02c7f813864,f8449620e43a549c920e731f44283774381f992a125907dcfe4a48e828dcc3df
1,20260807T161432Z_1c045bd7e750_stage08_b02_formal_8d000300,formal,20260807T161432Z,1c045bd7e750084695a5cdcfe898f79955047f01,true,stage08_b02_triang_scales_v1,d7de5774be071f747c6bdb46d3373673771af1a8190a816ca4092657ec7a5dfd,operator,triang,NA,NA,triang,triang__triang_fp32_10e2__7f7d081aa0af5dfa__sym,triang_fp32_10e2,10^2,100,window_positions=[100],FP32,GPU,not_applicable,compatibility/end-to-end,PASS,OK,20,100,75,0.21559900000000001,true,7f7d081aa0af5dfac9cbd2114e6e1ae81fa1069a67d6310ffd6db02c7f813864,f8449620e43a549c920e731f44283774381f992a125907dcfe4a48e828dcc3df
1,20260807T161432Z_1c045bd7e750_stage08_b02_formal_8d000300,formal,20260807T161432Z,1c045bd7e750084695a5cdcfe898f79955047f01,true,stage08_b02_triang_scales_v1,d7de5774be071f747c6bdb46d3373673771af1a8190a816ca4092657ec7a5dfd,operator,triang,NA,NA,triang,triang__triang_fp32_10e2__7f7d081aa0af5dfa__sym,triang_fp32_10e2,10^2,100,window_positions=[100],FP32,GPU,not_applicable,compatibility/end-to-end,PASS,OK,20,100,76,0.21723000000000001,true,7f7d081aa0af5dfac9cbd2114e6e1ae81fa1069a67d6310ffd6db02c7f813864,f8449620e43a549c920e731f44283774381f992a125907dcfe4a48e828dcc3df
1,20260807T161432Z_1c045bd7e750_stage08_b02_formal_8d000300,formal,20260807T161432Z,1c045bd7e750084695a5cdcfe898f79955047f01,true,stage08_b02_triang_scales_v1,d7de5774be071f747c6bdb46d3373673771af1a8190a816ca4092657ec7a5dfd,operator,triang,NA,NA,triang,triang__triang_fp32_10e2__7f7d081aa0af5dfa__sym,triang_fp32_10e2,10^2,100,window_positions=[100],FP32,GPU,not_applicable,compatibility/end-to-end,PASS,OK,20,100,77,0.21253900000000001,true,7f7d081aa0af5dfac9cbd2114e6e1ae81fa1069a67d6310ffd6db02c7f813864,f8449620e43a549c920e731f44283774381f992a125907dcfe4a48e828dcc3df
1,20260807T161432Z_1c045bd7e750_stage08_b02_formal_8d000300,formal,20260807T161432Z,1c045bd7e750084695a5cdcfe898f79955047f01,true,stage08_b02_triang_scales_v1,d7de5774be071f747c6bdb46d3373673771af1a8190a816ca4092657ec7a5dfd,operator,triang,NA,NA,triang,triang__triang_fp32_10e2__7f7d081aa0af5dfa__sym,triang_fp32_10e2,10^2,100,window_positions=[100],FP32,GPU,not_applicable,compatibility/end-to-end,PASS,OK,20,100,78,0.21606900000000001,true,7f7d081aa0af5dfac9cbd2114e6e1ae81fa1069a67d6310ffd6db02c7f813864,f8449620e43a549c920e731f44283774381f992a125907dcfe4a48e828dcc3df
1,20260807T161432Z_1c045bd7e750_stage08_b02_formal_8d000300,formal,20260807T161432Z,1c045bd7e750084695a5cdcfe898f79955047f01,true,stage08_b02_triang_scales_v1,d7de5774be071f747c6bdb46d3373673771af1a8190a816ca4092657ec7a5dfd,operator,triang,NA,NA,triang,triang__triang_fp32_10e2__7f7d081aa0af5dfa__sym,triang_fp32_10e2,10^2,100,window_positions=[100],FP32,GPU,not_applicable,compatibility/end-to-end,PASS,OK,20,100,79,0.21707000000000001,true,7f7d081aa0af5dfac9cbd2114e6e1ae81fa1069a67d6310ffd6db02c7f813864,f8449620e43a549c920e731f44283774381f992a125907dcfe4a48e828dcc3df
1,20260807T161432Z_1c045bd7e750_stage08_b02_formal_8d000300,formal,20260807T161432Z,1c045bd7e750084695a5cdcfe898f79955047f01,true,stage08_b02_triang_scales_v1,d7de5774be071f747c6bdb46d3373673771af1a8190a816ca4092657ec7a5dfd,operator,triang,NA,NA,triang,triang__triang_fp32_10e2__7f7d081aa0af5dfa__sym,triang_fp32_10e2,10^2,100,window_positions=[100],FP32,GPU,not_applicable,compatibility/end-to-end,PASS,OK,20,100,80,0.21762899999999999,true,7f7d081aa0af5dfac9cbd2114e6e1ae81fa1069a67d6310ffd6db02c7f813864,f8449620e43a549c920e731f44283774381f992a125907dcfe4a48e828dcc3df
1,20260807T161432Z_1c045bd7e750_stage08_b02_formal_8d000300,formal,20260807T161432Z,1c045bd7e750084695a5cdcfe898f79955047f01,true,stage08_b02_triang_scales_v1,d7de5774be071f747c6bdb46d3373673771af1a8190a816ca4092657ec7a5dfd,operator,triang,NA,NA,triang,triang__triang_fp32_10e2__7f7d081aa0af5dfa__sym,triang_fp32_10e2,10^2,100,window_positions=[100],FP32,GPU,not_applicable,compatibility/end-to-end,PASS,OK,20,100,81,0.21772900000000001,true,7f7d081aa0af5dfac9cbd2114e6e1ae81fa1069a67d6310ffd6db02c7f813864,f8449620e43a549c920e731f44283774381f992a125907dcfe4a48e828dcc3df
1,20260807T161432Z_1c045bd7e750_stage08_b02_formal_8d000300,formal,20260807T161432Z,1c045bd7e750084695a5cdcfe898f79955047f01,true,stage08_b02_triang_scales_v1,d7de5774be071f747c6bdb46d3373673771af1a8190a816ca4092657ec7a5dfd,operator,triang,NA,NA,triang,triang__triang_fp32_10e2__7f7d081aa0af5dfa__sym,triang_fp32_10e2,10^2,100,window_positions=[100],FP32,GPU,not_applicable,compatibility/end-to-end,PASS,OK,20,100,82,0.21374000000000001,true,7f7d081aa0af5dfac9cbd2114e6e1ae81fa1069a67d6310ffd6db02c7f813864,f8449620e43a549c920e731f44283774381f992a125907dcfe4a48e828dcc3df
1,20260807T161432Z_1c045bd7e750_stage08_b02_formal_8d000300,formal,20260807T161432Z,1c045bd7e750084695a5cdcfe898f79955047f01,true,stage08_b02_triang_scales_v1,d7de5774be071f747c6bdb46d3373673771af1a8190a816ca4092657ec7a5dfd,operator,triang,NA,NA,triang,triang__triang_fp32_10e2__7f7d081aa0af5dfa__sym,triang_fp32_10e2,10^2,100,window_positions=[100],FP32,GPU,not_applicable,compatibility/end-to-end,PASS,OK,20,100,83,0.21442900000000001,true,7f7d081aa0af5dfac9cbd2114e6e1ae81fa1069a67d6310ffd6db02c7f813864,f8449620e43a549c920e731f44283774381f992a125907dcfe4a48e828dcc3df
1,20260807T161432Z_1c045bd7e750_stage08_b02_formal_8d000300,formal,20260807T161432Z,1c045bd7e750084695a5cdcfe898f79955047f01,true,stage08_b02_triang_scales_v1,d7de5774be071f747c6bdb46d3373673771af1a8190a816ca4092657ec7a5dfd,operator,triang,NA,NA,triang,triang__triang_fp32_10e2__7f7d081aa0af5dfa__sym,triang_fp32_10e2,10^2,100,window_positions=[100],FP32,GPU,not_applicable,compatibility/end-to-end,PASS,OK,20,100,84,0.22897000000000001,true,7f7d081aa0af5dfac9cbd2114e6e1ae81fa1069a67d6310ffd6db02c7f813864,f8449620e43a549c920e731f44283774381f992a125907dcfe4a48e828dcc3df
1,20260807T161432Z_1c045bd7e750_stage08_b02_formal_8d000300,formal,20260807T161432Z,1c045bd7e750084695a5cdcfe898f79955047f01,true,stage08_b02_triang_scales_v1,d7de5774be071f747c6bdb46d3373673771af1a8190a816ca4092657ec7a5dfd,operator,triang,NA,NA,triang,triang__triang_fp32_10e2__7f7d081aa0af5dfa__sym,triang_fp32_10e2,10^2,100,window_positions=[100],FP32,GPU,not_applicable,compatibility/end-to-end,PASS,OK,20,100,85,0.221109,true,7f7d081aa0af5dfac9cbd2114e6e1ae81fa1069a67d6310ffd6db02c7f813864,f8449620e43a549c920e731f44283774381f992a125907dcfe4a48e828dcc3df
1,20260807T161432Z_1c045bd7e750_stage08_b02_formal_8d000300,formal,20260807T161432Z,1c045bd7e750084695a5cdcfe898f79955047f01,true,stage08_b02_triang_scales_v1,d7de5774be071f747c6bdb46d3373673771af1a8190a816ca4092657ec7a5dfd,operator,triang,NA,NA,triang,triang__triang_fp32_10e2__7f7d081aa0af5dfa__sym,triang_fp32_10e2,10^2,100,window_positions=[100],FP32,GPU,not_applicable,compatibility/end-to-end,PASS,OK,20,100,86,0.212479,true,7f7d081aa0af5dfac9cbd2114e6e1ae81fa1069a67d6310ffd6db02c7f813864,f8449620e43a549c920e731f44283774381f992a125907dcfe4a48e828dcc3df
1,20260807T161432Z_1c045bd7e750_stage08_b02_formal_8d000300,formal,20260807T161432Z,1c045bd7e750084695a5cdcfe898f79955047f01,true,stage08_b02_triang_scales_v1,d7de5774be071f747c6bdb46d3373673771af1a8190a816ca4092657ec7a5dfd,operator,triang,NA,NA,triang,triang__triang_fp32_10e2__7f7d081aa0af5dfa__sym,triang_fp32_10e2,10^2,100,window_positions=[100],FP32,GPU,not_applicable,compatibility/end-to-end,PASS,OK,20,100,87,0.21906,true,7f7d081aa0af5dfac9cbd2114e6e1ae81fa1069a67d6310ffd6db02c7f813864,f8449620e43a549c920e731f44283774381f992a125907dcfe4a48e828dcc3df
1,20260807T161432Z_1c045bd7e750_stage08_b02_formal_8d000300,formal,20260807T161432Z,1c045bd7e750084695a5cdcfe898f79955047f01,true,stage08_b02_triang_scales_v1,d7de5774be071f747c6bdb46d3373673771af1a8190a816ca4092657ec7a5dfd,operator,triang,NA,NA,triang,triang__triang_fp32_10e2__7f7d081aa0af5dfa__sym,triang_fp32_10e2,10^2,100,window_positions=[100],FP32,GPU,not_applicable,compatibility/end-to-end,PASS,OK,20,100,88,0.21584900000000001,true,7f7d081aa0af5dfac9cbd2114e6e1ae81fa1069a67d6310ffd6db02c7f813864,f8449620e43a549c920e731f44283774381f992a125907dcfe4a48e828dcc3df
1,20260807T161432Z_1c045bd7e750_stage08_b02_formal_8d000300,formal,20260807T161432Z,1c045bd7e750084695a5cdcfe898f79955047f01,true,stage08_b02_triang_scales_v1,d7de5774be071f747c6bdb46d3373673771af1a8190a816ca4092657ec7a5dfd,operator,triang,NA,NA,triang,triang__triang_fp32_10e2__7f7d081aa0af5dfa__sym,triang_fp32_10e2,10^2,100,window_positions=[100],FP32,GPU,not_applicable,compatibility/end-to-end,PASS,OK,20,100,89,0.21418899999999999,true,7f7d081aa0af5dfac9cbd2114e6e1ae81fa1069a67d6310ffd6db02c7f813864,f8449620e43a549c920e731f44283774381f992a125907dcfe4a48e828dcc3df
1,20260807T161432Z_1c045bd7e750_stage08_b02_formal_8d000300,formal,20260807T161432Z,1c045bd7e750084695a5cdcfe898f79955047f01,true,stage08_b02_triang_scales_v1,d7de5774be071f747c6bdb46d3373673771af1a8190a816ca4092657ec7a5dfd,operator,triang,NA,NA,triang,triang__triang_fp32_10e2__7f7d081aa0af5dfa__sym,triang_fp32_10e2,10^2,100,window_positions=[100],FP32,GPU,not_applicable,compatibility/end-to-end,PASS,OK,20,100,90,0.214169,true,7f7d081aa0af5dfac9cbd2114e6e1ae81fa1069a67d6310ffd6db02c7f813864,f8449620e43a549c920e731f44283774381f992a125907dcfe4a48e828dcc3df
1,20260807T161432Z_1c045bd7e750_stage08_b02_formal_8d000300,formal,20260807T161432Z,1c045bd7e750084695a5cdcfe898f79955047f01,true,stage08_b02_triang_scales_v1,d7de5774be071f747c6bdb46d3373673771af1a8190a816ca4092657ec7a5dfd,operator,triang,NA,NA,triang,triang__triang_fp32_10e2__7f7d081aa0af5dfa__sym,triang_fp32_10e2,10^2,100,window_positions=[100],FP32,GPU,not_applicable,compatibility/end-to-end,PASS,OK,20,100,91,0.21070900000000001,true,7f7d081aa0af5dfac9cbd2114e6e1ae81fa1069a67d6310ffd6db02c7f813864,f8449620e43a549c920e731f44283774381f992a125907dcfe4a48e828dcc3df
1,20260807T161432Z_1c045bd7e750_stage08_b02_formal_8d000300,formal,20260807T161432Z,1c045bd7e750084695a5cdcfe898f79955047f01,true,stage08_b02_triang_scales_v1,d7de5774be071f747c6bdb46d3373673771af1a8190a816ca4092657ec7a5dfd,operator,triang,NA,NA,triang,triang__triang_fp32_10e2__7f7d081aa0af5dfa__sym,triang_fp32_10e2,10^2,100,window_positions=[100],FP32,GPU,not_applicable,compatibility/end-to-end,PASS,OK,20,100,92,0.21171899999999999,true,7f7d081aa0af5dfac9cbd2114e6e1ae81fa1069a67d6310ffd6db02c7f813864,f8449620e43a549c920e731f44283774381f992a125907dcfe4a48e828dcc3df
1,20260807T161432Z_1c045bd7e750_stage08_b02_formal_8d000300,formal,20260807T161432Z,1c045bd7e750084695a5cdcfe898f79955047f01,true,stage08_b02_triang_scales_v1,d7de5774be071f747c6bdb46d3373673771af1a8190a816ca4092657ec7a5dfd,operator,triang,NA,NA,triang,triang__triang_fp32_10e2__7f7d081aa0af5dfa__sym,triang_fp32_10e2,10^2,100,window_positions=[100],FP32,GPU,not_applicable,compatibility/end-to-end,PASS,OK,20,100,93,0.21364,true,7f7d081aa0af5dfac9cbd2114e6e1ae81fa1069a67d6310ffd6db02c7f813864,f8449620e43a549c920e731f44283774381f992a125907dcfe4a48e828dcc3df
1,20260807T161432Z_1c045bd7e750_stage08_b02_formal_8d000300,formal,20260807T161432Z,1c045bd7e750084695a5cdcfe898f79955047f01,true,stage08_b02_triang_scales_v1,d7de5774be071f747c6bdb46d3373673771af1a8190a816ca4092657ec7a5dfd,operator,triang,NA,NA,triang,triang__triang_fp32_10e2__7f7d081aa0af5dfa__sym,triang_fp32_10e2,10^2,100,window_positions=[100],FP32,GPU,not_applicable,compatibility/end-to-end,PASS,OK,20,100,94,0.21503900000000001,true,7f7d081aa0af5dfac9cbd2114e6e1ae81fa1069a67d6310ffd6db02c7f813864,f8449620e43a549c920e731f44283774381f992a125907dcfe4a48e828dcc3df
1,20260807T161432Z_1c045bd7e750_stage08_b02_formal_8d000300,formal,20260807T161432Z,1c045bd7e750084695a5cdcfe898f79955047f01,true,stage08_b02_triang_scales_v1,d7de5774be071f747c6bdb46d3373673771af1a8190a816ca4092657ec7a5dfd,operator,triang,NA,NA,triang,triang__triang_fp32_10e2__7f7d081aa0af5dfa__sym,triang_fp32_10e2,10^2,100,window_positions=[100],FP32,GPU,not_applicable,compatibility/end-to-end,PASS,OK,20,100,95,0.21276900000000001,true,7f7d081aa0af5dfac9cbd2114e6e1ae81fa1069a67d6310ffd6db02c7f813864,f8449620e43a549c920e731f44283774381f992a125907dcfe4a48e828dcc3df
1,20260807T161432Z_1c045bd7e750_stage08_b02_formal_8d000300,formal,20260807T161432Z,1c045bd7e750084695a5cdcfe898f79955047f01,true,stage08_b02_triang_scales_v1,d7de5774be071f747c6bdb46d3373673771af1a8190a816ca4092657ec7a5dfd,operator,triang,NA,NA,triang,triang__triang_fp32_10e2__7f7d081aa0af5dfa__sym,triang_fp32_10e2,10^2,100,window_positions=[100],FP32,GPU,not_applicable,compatibility/end-to-end,PASS,OK,20,100,96,0.21232899999999999,true,7f7d081aa0af5dfac9cbd2114e6e1ae81fa1069a67d6310ffd6db02c7f813864,f8449620e43a549c920e731f44283774381f992a125907dcfe4a48e828dcc3df
1,20260807T161432Z_1c045bd7e750_stage08_b02_formal_8d000300,formal,20260807T161432Z,1c045bd7e750084695a5cdcfe898f79955047f01,true,stage08_b02_triang_scales_v1,d7de5774be071f747c6bdb46d3373673771af1a8190a816ca4092657ec7a5dfd,operator,triang,NA,NA,triang,triang__triang_fp32_10e2__7f7d081aa0af5dfa__sym,triang_fp32_10e2,10^2,100,window_positions=[100],FP32,GPU,not_applicable,compatibility/end-to-end,PASS,OK,20,100,97,0.22134000000000001,true,7f7d081aa0af5dfac9cbd2114e6e1ae81fa1069a67d6310ffd6db02c7f813864,f8449620e43a549c920e731f44283774381f992a125907dcfe4a48e828dcc3df
1,20260807T161432Z_1c045bd7e750_stage08_b02_formal_8d000300,formal,20260807T161432Z,1c045bd7e750084695a5cdcfe898f79955047f01,true,stage08_b02_triang_scales_v1,d7de5774be071f747c6bdb46d3373673771af1a8190a816ca4092657ec7a5dfd,operator,triang,NA,NA,triang,triang__triang_fp32_10e2__7f7d081aa0af5dfa__sym,triang_fp32_10e2,10^2,100,window_positions=[100],FP32,GPU,not_applicable,compatibility/end-to-end,PASS,OK,20,100,98,0.22345899999999999,true,7f7d081aa0af5dfac9cbd2114e6e1ae81fa1069a67d6310ffd6db02c7f813864,f8449620e43a549c920e731f44283774381f992a125907dcfe4a48e828dcc3df
1,20260807T161432Z_1c045bd7e750_stage08_b02_formal_8d000300,formal,20260807T161432Z,1c045bd7e750084695a5cdcfe898f79955047f01,true,stage08_b02_triang_scales_v1,d7de5774be071f747c6bdb46d3373673771af1a8190a816ca4092657ec7a5dfd,operator,triang,NA,NA,triang,triang__triang_fp32_10e2__7f7d081aa0af5dfa__sym,triang_fp32_10e2,10^2,100,window_positions=[100],FP32,GPU,not_applicable,compatibility/end-to-end,PASS,OK,20,100,99,0.22095999999999999,true,7f7d081aa0af5dfac9cbd2114e6e1ae81fa1069a67d6310ffd6db02c7f813864,f8449620e43a549c920e731f44283774381f992a125907dcfe4a48e828dcc3df
