schema_version,run_id,run_type,test_time_utc,git_commit,git_dirty,config_id,config_sha256,target_kind,target,task_name,step_name,operator_name,case_id,scale_id,order_of_magnitude,actual_elements,input_shape,dtype,device,backend,timing_scope,status,error_code,warmup_runs,measured_runs,sample_index,latency_ms,synchronized,input_digest,output_digest
1,20260809T104756Z_02b9734201c9_stage08_b03_formal_8343f009,formal,20260809T104756Z,02b9734201c91369fba6fa819d1b5b39f5a8522f,true,stage08_b03_decimate_scales_v1,9f269e1baebf5478fa38567ad768aa576e592032f11cdbb55cf52f4e464e10f6,operator,decimate,NA,NA,decimate,decimate__decimate_int16_10e2__7d9d2c2fa25f0b6e,decimate_int16_10e2,10^2,105,x=[10x10];h=[5],INT16,CPU,not_applicable,compatibility/end-to-end,PASS,OK,20,100,0,0.0044299999999999999,true,7d9d2c2fa25f0b6e6576ab4e041a1a17e9ed94370dc93a01dd1c7935406451da,5a2029ffa8aa5a82acffb34114633e7386b37a5fca90584c379c9e84bb62dfad
1,20260809T104756Z_02b9734201c9_stage08_b03_formal_8343f009,formal,20260809T104756Z,02b9734201c91369fba6fa819d1b5b39f5a8522f,true,stage08_b03_decimate_scales_v1,9f269e1baebf5478fa38567ad768aa576e592032f11cdbb55cf52f4e464e10f6,operator,decimate,NA,NA,decimate,decimate__decimate_int16_10e2__7d9d2c2fa25f0b6e,decimate_int16_10e2,10^2,105,x=[10x10];h=[5],INT16,CPU,not_applicable,compatibility/end-to-end,PASS,OK,20,100,1,0.0043899999999999998,true,7d9d2c2fa25f0b6e6576ab4e041a1a17e9ed94370dc93a01dd1c7935406451da,5a2029ffa8aa5a82acffb34114633e7386b37a5fca90584c379c9e84bb62dfad
1,20260809T104756Z_02b9734201c9_stage08_b03_formal_8343f009,formal,20260809T104756Z,02b9734201c91369fba6fa819d1b5b39f5a8522f,true,stage08_b03_decimate_scales_v1,9f269e1baebf5478fa38567ad768aa576e592032f11cdbb55cf52f4e464e10f6,operator,decimate,NA,NA,decimate,decimate__decimate_int16_10e2__7d9d2c2fa25f0b6e,decimate_int16_10e2,10^2,105,x=[10x10];h=[5],INT16,CPU,not_applicable,compatibility/end-to-end,PASS,OK,20,100,2,0.0044200000000000003,true,7d9d2c2fa25f0b6e6576ab4e041a1a17e9ed94370dc93a01dd1c7935406451da,5a2029ffa8aa5a82acffb34114633e7386b37a5fca90584c379c9e84bb62dfad
1,20260809T104756Z_02b9734201c9_stage08_b03_formal_8343f009,formal,20260809T104756Z,02b9734201c91369fba6fa819d1b5b39f5a8522f,true,stage08_b03_decimate_scales_v1,9f269e1baebf5478fa38567ad768aa576e592032f11cdbb55cf52f4e464e10f6,operator,decimate,NA,NA,decimate,decimate__decimate_int16_10e2__7d9d2c2fa25f0b6e,decimate_int16_10e2,10^2,105,x=[10x10];h=[5],INT16,CPU,not_applicable,compatibility/end-to-end,PASS,OK,20,100,3,0.0043600000000000002,true,7d9d2c2fa25f0b6e6576ab4e041a1a17e9ed94370dc93a01dd1c7935406451da,5a2029ffa8aa5a82acffb34114633e7386b37a5fca90584c379c9e84bb62dfad
1,20260809T104756Z_02b9734201c9_stage08_b03_formal_8343f009,formal,20260809T104756Z,02b9734201c91369fba6fa819d1b5b39f5a8522f,true,stage08_b03_decimate_scales_v1,9f269e1baebf5478fa38567ad768aa576e592032f11cdbb55cf52f4e464e10f6,operator,decimate,NA,NA,decimate,decimate__decimate_int16_10e2__7d9d2c2fa25f0b6e,decimate_int16_10e2,10^2,105,x=[10x10];h=[5],INT16,CPU,not_applicable,compatibility/end-to-end,PASS,OK,20,100,4,0.0043,true,7d9d2c2fa25f0b6e6576ab4e041a1a17e9ed94370dc93a01dd1c7935406451da,5a2029ffa8aa5a82acffb34114633e7386b37a5fca90584c379c9e84bb62dfad
1,20260809T104756Z_02b9734201c9_stage08_b03_formal_8343f009,formal,20260809T104756Z,02b9734201c91369fba6fa819d1b5b39f5a8522f,true,stage08_b03_decimate_scales_v1,9f269e1baebf5478fa38567ad768aa576e592032f11cdbb55cf52f4e464e10f6,operator,decimate,NA,NA,decimate,decimate__decimate_int16_10e2__7d9d2c2fa25f0b6e,decimate_int16_10e2,10^2,105,x=[10x10];h=[5],INT16,CPU,not_applicable,compatibility/end-to-end,PASS,OK,20,100,5,0.0043800000000000002,true,7d9d2c2fa25f0b6e6576ab4e041a1a17e9ed94370dc93a01dd1c7935406451da,5a2029ffa8aa5a82acffb34114633e7386b37a5fca90584c379c9e84bb62dfad
1,20260809T104756Z_02b9734201c9_stage08_b03_formal_8343f009,formal,20260809T104756Z,02b9734201c91369fba6fa819d1b5b39f5a8522f,true,stage08_b03_decimate_scales_v1,9f269e1baebf5478fa38567ad768aa576e592032f11cdbb55cf52f4e464e10f6,operator,decimate,NA,NA,decimate,decimate__decimate_int16_10e2__7d9d2c2fa25f0b6e,decimate_int16_10e2,10^2,105,x=[10x10];h=[5],INT16,CPU,not_applicable,compatibility/end-to-end,PASS,OK,20,100,6,0.0043800000000000002,true,7d9d2c2fa25f0b6e6576ab4e041a1a17e9ed94370dc93a01dd1c7935406451da,5a2029ffa8aa5a82acffb34114633e7386b37a5fca90584c379c9e84bb62dfad
1,20260809T104756Z_02b9734201c9_stage08_b03_formal_8343f009,formal,20260809T104756Z,02b9734201c91369fba6fa819d1b5b39f5a8522f,true,stage08_b03_decimate_scales_v1,9f269e1baebf5478fa38567ad768aa576e592032f11cdbb55cf52f4e464e10f6,operator,decimate,NA,NA,decimate,decimate__decimate_int16_10e2__7d9d2c2fa25f0b6e,decimate_int16_10e2,10^2,105,x=[10x10];h=[5],INT16,CPU,not_applicable,compatibility/end-to-end,PASS,OK,20,100,7,0.0043600000000000002,true,7d9d2c2fa25f0b6e6576ab4e041a1a17e9ed94370dc93a01dd1c7935406451da,5a2029ffa8aa5a82acffb34114633e7386b37a5fca90584c379c9e84bb62dfad
1,20260809T104756Z_02b9734201c9_stage08_b03_formal_8343f009,formal,20260809T104756Z,02b9734201c91369fba6fa819d1b5b39f5a8522f,true,stage08_b03_decimate_scales_v1,9f269e1baebf5478fa38567ad768aa576e592032f11cdbb55cf52f4e464e10f6,operator,decimate,NA,NA,decimate,decimate__decimate_int16_10e2__7d9d2c2fa25f0b6e,decimate_int16_10e2,10^2,105,x=[10x10];h=[5],INT16,CPU,not_applicable,compatibility/end-to-end,PASS,OK,20,100,8,0.0043099999999999996,true,7d9d2c2fa25f0b6e6576ab4e041a1a17e9ed94370dc93a01dd1c7935406451da,5a2029ffa8aa5a82acffb34114633e7386b37a5fca90584c379c9e84bb62dfad
1,20260809T104756Z_02b9734201c9_stage08_b03_formal_8343f009,formal,20260809T104756Z,02b9734201c91369fba6fa819d1b5b39f5a8522f,true,stage08_b03_decimate_scales_v1,9f269e1baebf5478fa38567ad768aa576e592032f11cdbb55cf52f4e464e10f6,operator,decimate,NA,NA,decimate,decimate__decimate_int16_10e2__7d9d2c2fa25f0b6e,decimate_int16_10e2,10^2,105,x=[10x10];h=[5],INT16,CPU,not_applicable,compatibility/end-to-end,PASS,OK,20,100,9,0.0043499999999999997,true,7d9d2c2fa25f0b6e6576ab4e041a1a17e9ed94370dc93a01dd1c7935406451da,5a2029ffa8aa5a82acffb34114633e7386b37a5fca90584c379c9e84bb62dfad
1,20260809T104756Z_02b9734201c9_stage08_b03_formal_8343f009,formal,20260809T104756Z,02b9734201c91369fba6fa819d1b5b39f5a8522f,true,stage08_b03_decimate_scales_v1,9f269e1baebf5478fa38567ad768aa576e592032f11cdbb55cf52f4e464e10f6,operator,decimate,NA,NA,decimate,decimate__decimate_int16_10e2__7d9d2c2fa25f0b6e,decimate_int16_10e2,10^2,105,x=[10x10];h=[5],INT16,CPU,not_applicable,compatibility/end-to-end,PASS,OK,20,100,10,0.0044299999999999999,true,7d9d2c2fa25f0b6e6576ab4e041a1a17e9ed94370dc93a01dd1c7935406451da,5a2029ffa8aa5a82acffb34114633e7386b37a5fca90584c379c9e84bb62dfad
1,20260809T104756Z_02b9734201c9_stage08_b03_formal_8343f009,formal,20260809T104756Z,02b9734201c91369fba6fa819d1b5b39f5a8522f,true,stage08_b03_decimate_scales_v1,9f269e1baebf5478fa38567ad768aa576e592032f11cdbb55cf52f4e464e10f6,operator,decimate,NA,NA,decimate,decimate__decimate_int16_10e2__7d9d2c2fa25f0b6e,decimate_int16_10e2,10^2,105,x=[10x10];h=[5],INT16,CPU,not_applicable,compatibility/end-to-end,PASS,OK,20,100,11,0.0043610000000000003,true,7d9d2c2fa25f0b6e6576ab4e041a1a17e9ed94370dc93a01dd1c7935406451da,5a2029ffa8aa5a82acffb34114633e7386b37a5fca90584c379c9e84bb62dfad
1,20260809T104756Z_02b9734201c9_stage08_b03_formal_8343f009,formal,20260809T104756Z,02b9734201c91369fba6fa819d1b5b39f5a8522f,true,stage08_b03_decimate_scales_v1,9f269e1baebf5478fa38567ad768aa576e592032f11cdbb55cf52f4e464e10f6,operator,decimate,NA,NA,decimate,decimate__decimate_int16_10e2__7d9d2c2fa25f0b6e,decimate_int16_10e2,10^2,105,x=[10x10];h=[5],INT16,CPU,not_applicable,compatibility/end-to-end,PASS,OK,20,100,12,0.0043600000000000002,true,7d9d2c2fa25f0b6e6576ab4e041a1a17e9ed94370dc93a01dd1c7935406451da,5a2029ffa8aa5a82acffb34114633e7386b37a5fca90584c379c9e84bb62dfad
1,20260809T104756Z_02b9734201c9_stage08_b03_formal_8343f009,formal,20260809T104756Z,02b9734201c91369fba6fa819d1b5b39f5a8522f,true,stage08_b03_decimate_scales_v1,9f269e1baebf5478fa38567ad768aa576e592032f11cdbb55cf52f4e464e10f6,operator,decimate,NA,NA,decimate,decimate__decimate_int16_10e2__7d9d2c2fa25f0b6e,decimate_int16_10e2,10^2,105,x=[10x10];h=[5],INT16,CPU,not_applicable,compatibility/end-to-end,PASS,OK,20,100,13,0.0043899999999999998,true,7d9d2c2fa25f0b6e6576ab4e041a1a17e9ed94370dc93a01dd1c7935406451da,5a2029ffa8aa5a82acffb34114633e7386b37a5fca90584c379c9e84bb62dfad
1,20260809T104756Z_02b9734201c9_stage08_b03_formal_8343f009,formal,20260809T104756Z,02b9734201c91369fba6fa819d1b5b39f5a8522f,true,stage08_b03_decimate_scales_v1,9f269e1baebf5478fa38567ad768aa576e592032f11cdbb55cf52f4e464e10f6,operator,decimate,NA,NA,decimate,decimate__decimate_int16_10e2__7d9d2c2fa25f0b6e,decimate_int16_10e2,10^2,105,x=[10x10];h=[5],INT16,CPU,not_applicable,compatibility/end-to-end,PASS,OK,20,100,14,0.0043600000000000002,true,7d9d2c2fa25f0b6e6576ab4e041a1a17e9ed94370dc93a01dd1c7935406451da,5a2029ffa8aa5a82acffb34114633e7386b37a5fca90584c379c9e84bb62dfad
1,20260809T104756Z_02b9734201c9_stage08_b03_formal_8343f009,formal,20260809T104756Z,02b9734201c91369fba6fa819d1b5b39f5a8522f,true,stage08_b03_decimate_scales_v1,9f269e1baebf5478fa38567ad768aa576e592032f11cdbb55cf52f4e464e10f6,operator,decimate,NA,NA,decimate,decimate__decimate_int16_10e2__7d9d2c2fa25f0b6e,decimate_int16_10e2,10^2,105,x=[10x10];h=[5],INT16,CPU,not_applicable,compatibility/end-to-end,PASS,OK,20,100,15,0.0043699999999999998,true,7d9d2c2fa25f0b6e6576ab4e041a1a17e9ed94370dc93a01dd1c7935406451da,5a2029ffa8aa5a82acffb34114633e7386b37a5fca90584c379c9e84bb62dfad
1,20260809T104756Z_02b9734201c9_stage08_b03_formal_8343f009,formal,20260809T104756Z,02b9734201c91369fba6fa819d1b5b39f5a8522f,true,stage08_b03_decimate_scales_v1,9f269e1baebf5478fa38567ad768aa576e592032f11cdbb55cf52f4e464e10f6,operator,decimate,NA,NA,decimate,decimate__decimate_int16_10e2__7d9d2c2fa25f0b6e,decimate_int16_10e2,10^2,105,x=[10x10];h=[5],INT16,CPU,not_applicable,compatibility/end-to-end,PASS,OK,20,100,16,0.0043499999999999997,true,7d9d2c2fa25f0b6e6576ab4e041a1a17e9ed94370dc93a01dd1c7935406451da,5a2029ffa8aa5a82acffb34114633e7386b37a5fca90584c379c9e84bb62dfad
1,20260809T104756Z_02b9734201c9_stage08_b03_formal_8343f009,formal,20260809T104756Z,02b9734201c91369fba6fa819d1b5b39f5a8522f,true,stage08_b03_decimate_scales_v1,9f269e1baebf5478fa38567ad768aa576e592032f11cdbb55cf52f4e464e10f6,operator,decimate,NA,NA,decimate,decimate__decimate_int16_10e2__7d9d2c2fa25f0b6e,decimate_int16_10e2,10^2,105,x=[10x10];h=[5],INT16,CPU,not_applicable,compatibility/end-to-end,PASS,OK,20,100,17,0.0043800000000000002,true,7d9d2c2fa25f0b6e6576ab4e041a1a17e9ed94370dc93a01dd1c7935406451da,5a2029ffa8aa5a82acffb34114633e7386b37a5fca90584c379c9e84bb62dfad
1,20260809T104756Z_02b9734201c9_stage08_b03_formal_8343f009,formal,20260809T104756Z,02b9734201c91369fba6fa819d1b5b39f5a8522f,true,stage08_b03_decimate_scales_v1,9f269e1baebf5478fa38567ad768aa576e592032f11cdbb55cf52f4e464e10f6,operator,decimate,NA,NA,decimate,decimate__decimate_int16_10e2__7d9d2c2fa25f0b6e,decimate_int16_10e2,10^2,105,x=[10x10];h=[5],INT16,CPU,not_applicable,compatibility/end-to-end,PASS,OK,20,100,18,0.0043400000000000001,true,7d9d2c2fa25f0b6e6576ab4e041a1a17e9ed94370dc93a01dd1c7935406451da,5a2029ffa8aa5a82acffb34114633e7386b37a5fca90584c379c9e84bb62dfad
1,20260809T104756Z_02b9734201c9_stage08_b03_formal_8343f009,formal,20260809T104756Z,02b9734201c91369fba6fa819d1b5b39f5a8522f,true,stage08_b03_decimate_scales_v1,9f269e1baebf5478fa38567ad768aa576e592032f11cdbb55cf52f4e464e10f6,operator,decimate,NA,NA,decimate,decimate__decimate_int16_10e2__7d9d2c2fa25f0b6e,decimate_int16_10e2,10^2,105,x=[10x10];h=[5],INT16,CPU,not_applicable,compatibility/end-to-end,PASS,OK,20,100,19,0.0043200000000000001,true,7d9d2c2fa25f0b6e6576ab4e041a1a17e9ed94370dc93a01dd1c7935406451da,5a2029ffa8aa5a82acffb34114633e7386b37a5fca90584c379c9e84bb62dfad
1,20260809T104756Z_02b9734201c9_stage08_b03_formal_8343f009,formal,20260809T104756Z,02b9734201c91369fba6fa819d1b5b39f5a8522f,true,stage08_b03_decimate_scales_v1,9f269e1baebf5478fa38567ad768aa576e592032f11cdbb55cf52f4e464e10f6,operator,decimate,NA,NA,decimate,decimate__decimate_int16_10e2__7d9d2c2fa25f0b6e,decimate_int16_10e2,10^2,105,x=[10x10];h=[5],INT16,CPU,not_applicable,compatibility/end-to-end,PASS,OK,20,100,20,0.0043899999999999998,true,7d9d2c2fa25f0b6e6576ab4e041a1a17e9ed94370dc93a01dd1c7935406451da,5a2029ffa8aa5a82acffb34114633e7386b37a5fca90584c379c9e84bb62dfad
1,20260809T104756Z_02b9734201c9_stage08_b03_formal_8343f009,formal,20260809T104756Z,02b9734201c91369fba6fa819d1b5b39f5a8522f,true,stage08_b03_decimate_scales_v1,9f269e1baebf5478fa38567ad768aa576e592032f11cdbb55cf52f4e464e10f6,operator,decimate,NA,NA,decimate,decimate__decimate_int16_10e2__7d9d2c2fa25f0b6e,decimate_int16_10e2,10^2,105,x=[10x10];h=[5],INT16,CPU,not_applicable,compatibility/end-to-end,PASS,OK,20,100,21,0.0043200000000000001,true,7d9d2c2fa25f0b6e6576ab4e041a1a17e9ed94370dc93a01dd1c7935406451da,5a2029ffa8aa5a82acffb34114633e7386b37a5fca90584c379c9e84bb62dfad
1,20260809T104756Z_02b9734201c9_stage08_b03_formal_8343f009,formal,20260809T104756Z,02b9734201c91369fba6fa819d1b5b39f5a8522f,true,stage08_b03_decimate_scales_v1,9f269e1baebf5478fa38567ad768aa576e592032f11cdbb55cf52f4e464e10f6,operator,decimate,NA,NA,decimate,decimate__decimate_int16_10e2__7d9d2c2fa25f0b6e,decimate_int16_10e2,10^2,105,x=[10x10];h=[5],INT16,CPU,not_applicable,compatibility/end-to-end,PASS,OK,20,100,22,0.0043600000000000002,true,7d9d2c2fa25f0b6e6576ab4e041a1a17e9ed94370dc93a01dd1c7935406451da,5a2029ffa8aa5a82acffb34114633e7386b37a5fca90584c379c9e84bb62dfad
1,20260809T104756Z_02b9734201c9_stage08_b03_formal_8343f009,formal,20260809T104756Z,02b9734201c91369fba6fa819d1b5b39f5a8522f,true,stage08_b03_decimate_scales_v1,9f269e1baebf5478fa38567ad768aa576e592032f11cdbb55cf52f4e464e10f6,operator,decimate,NA,NA,decimate,decimate__decimate_int16_10e2__7d9d2c2fa25f0b6e,decimate_int16_10e2,10^2,105,x=[10x10];h=[5],INT16,CPU,not_applicable,compatibility/end-to-end,PASS,OK,20,100,23,0.0043699999999999998,true,7d9d2c2fa25f0b6e6576ab4e041a1a17e9ed94370dc93a01dd1c7935406451da,5a2029ffa8aa5a82acffb34114633e7386b37a5fca90584c379c9e84bb62dfad
1,20260809T104756Z_02b9734201c9_stage08_b03_formal_8343f009,formal,20260809T104756Z,02b9734201c91369fba6fa819d1b5b39f5a8522f,true,stage08_b03_decimate_scales_v1,9f269e1baebf5478fa38567ad768aa576e592032f11cdbb55cf52f4e464e10f6,operator,decimate,NA,NA,decimate,decimate__decimate_int16_10e2__7d9d2c2fa25f0b6e,decimate_int16_10e2,10^2,105,x=[10x10];h=[5],INT16,CPU,not_applicable,compatibility/end-to-end,PASS,OK,20,100,24,0.0043299999999999996,true,7d9d2c2fa25f0b6e6576ab4e041a1a17e9ed94370dc93a01dd1c7935406451da,5a2029ffa8aa5a82acffb34114633e7386b37a5fca90584c379c9e84bb62dfad
1,20260809T104756Z_02b9734201c9_stage08_b03_formal_8343f009,formal,20260809T104756Z,02b9734201c91369fba6fa819d1b5b39f5a8522f,true,stage08_b03_decimate_scales_v1,9f269e1baebf5478fa38567ad768aa576e592032f11cdbb55cf52f4e464e10f6,operator,decimate,NA,NA,decimate,decimate__decimate_int16_10e2__7d9d2c2fa25f0b6e,decimate_int16_10e2,10^2,105,x=[10x10];h=[5],INT16,CPU,not_applicable,compatibility/end-to-end,PASS,OK,20,100,25,0.0043200000000000001,true,7d9d2c2fa25f0b6e6576ab4e041a1a17e9ed94370dc93a01dd1c7935406451da,5a2029ffa8aa5a82acffb34114633e7386b37a5fca90584c379c9e84bb62dfad
1,20260809T104756Z_02b9734201c9_stage08_b03_formal_8343f009,formal,20260809T104756Z,02b9734201c91369fba6fa819d1b5b39f5a8522f,true,stage08_b03_decimate_scales_v1,9f269e1baebf5478fa38567ad768aa576e592032f11cdbb55cf52f4e464e10f6,operator,decimate,NA,NA,decimate,decimate__decimate_int16_10e2__7d9d2c2fa25f0b6e,decimate_int16_10e2,10^2,105,x=[10x10];h=[5],INT16,CPU,not_applicable,compatibility/end-to-end,PASS,OK,20,100,26,0.0043200000000000001,true,7d9d2c2fa25f0b6e6576ab4e041a1a17e9ed94370dc93a01dd1c7935406451da,5a2029ffa8aa5a82acffb34114633e7386b37a5fca90584c379c9e84bb62dfad
1,20260809T104756Z_02b9734201c9_stage08_b03_formal_8343f009,formal,20260809T104756Z,02b9734201c91369fba6fa819d1b5b39f5a8522f,true,stage08_b03_decimate_scales_v1,9f269e1baebf5478fa38567ad768aa576e592032f11cdbb55cf52f4e464e10f6,operator,decimate,NA,NA,decimate,decimate__decimate_int16_10e2__7d9d2c2fa25f0b6e,decimate_int16_10e2,10^2,105,x=[10x10];h=[5],INT16,CPU,not_applicable,compatibility/end-to-end,PASS,OK,20,100,27,0.0043200000000000001,true,7d9d2c2fa25f0b6e6576ab4e041a1a17e9ed94370dc93a01dd1c7935406451da,5a2029ffa8aa5a82acffb34114633e7386b37a5fca90584c379c9e84bb62dfad
1,20260809T104756Z_02b9734201c9_stage08_b03_formal_8343f009,formal,20260809T104756Z,02b9734201c91369fba6fa819d1b5b39f5a8522f,true,stage08_b03_decimate_scales_v1,9f269e1baebf5478fa38567ad768aa576e592032f11cdbb55cf52f4e464e10f6,operator,decimate,NA,NA,decimate,decimate__decimate_int16_10e2__7d9d2c2fa25f0b6e,decimate_int16_10e2,10^2,105,x=[10x10];h=[5],INT16,CPU,not_applicable,compatibility/end-to-end,PASS,OK,20,100,28,0.0043400000000000001,true,7d9d2c2fa25f0b6e6576ab4e041a1a17e9ed94370dc93a01dd1c7935406451da,5a2029ffa8aa5a82acffb34114633e7386b37a5fca90584c379c9e84bb62dfad
1,20260809T104756Z_02b9734201c9_stage08_b03_formal_8343f009,formal,20260809T104756Z,02b9734201c91369fba6fa819d1b5b39f5a8522f,true,stage08_b03_decimate_scales_v1,9f269e1baebf5478fa38567ad768aa576e592032f11cdbb55cf52f4e464e10f6,operator,decimate,NA,NA,decimate,decimate__decimate_int16_10e2__7d9d2c2fa25f0b6e,decimate_int16_10e2,10^2,105,x=[10x10];h=[5],INT16,CPU,not_applicable,compatibility/end-to-end,PASS,OK,20,100,29,0.0043099999999999996,true,7d9d2c2fa25f0b6e6576ab4e041a1a17e9ed94370dc93a01dd1c7935406451da,5a2029ffa8aa5a82acffb34114633e7386b37a5fca90584c379c9e84bb62dfad
1,20260809T104756Z_02b9734201c9_stage08_b03_formal_8343f009,formal,20260809T104756Z,02b9734201c91369fba6fa819d1b5b39f5a8522f,true,stage08_b03_decimate_scales_v1,9f269e1baebf5478fa38567ad768aa576e592032f11cdbb55cf52f4e464e10f6,operator,decimate,NA,NA,decimate,decimate__decimate_int16_10e2__7d9d2c2fa25f0b6e,decimate_int16_10e2,10^2,105,x=[10x10];h=[5],INT16,CPU,not_applicable,compatibility/end-to-end,PASS,OK,20,100,30,0.0043400000000000001,true,7d9d2c2fa25f0b6e6576ab4e041a1a17e9ed94370dc93a01dd1c7935406451da,5a2029ffa8aa5a82acffb34114633e7386b37a5fca90584c379c9e84bb62dfad
1,20260809T104756Z_02b9734201c9_stage08_b03_formal_8343f009,formal,20260809T104756Z,02b9734201c91369fba6fa819d1b5b39f5a8522f,true,stage08_b03_decimate_scales_v1,9f269e1baebf5478fa38567ad768aa576e592032f11cdbb55cf52f4e464e10f6,operator,decimate,NA,NA,decimate,decimate__decimate_int16_10e2__7d9d2c2fa25f0b6e,decimate_int16_10e2,10^2,105,x=[10x10];h=[5],INT16,CPU,not_applicable,compatibility/end-to-end,PASS,OK,20,100,31,0.0043299999999999996,true,7d9d2c2fa25f0b6e6576ab4e041a1a17e9ed94370dc93a01dd1c7935406451da,5a2029ffa8aa5a82acffb34114633e7386b37a5fca90584c379c9e84bb62dfad
1,20260809T104756Z_02b9734201c9_stage08_b03_formal_8343f009,formal,20260809T104756Z,02b9734201c91369fba6fa819d1b5b39f5a8522f,true,stage08_b03_decimate_scales_v1,9f269e1baebf5478fa38567ad768aa576e592032f11cdbb55cf52f4e464e10f6,operator,decimate,NA,NA,decimate,decimate__decimate_int16_10e2__7d9d2c2fa25f0b6e,decimate_int16_10e2,10^2,105,x=[10x10];h=[5],INT16,CPU,not_applicable,compatibility/end-to-end,PASS,OK,20,100,32,0.0043400000000000001,true,7d9d2c2fa25f0b6e6576ab4e041a1a17e9ed94370dc93a01dd1c7935406451da,5a2029ffa8aa5a82acffb34114633e7386b37a5fca90584c379c9e84bb62dfad
1,20260809T104756Z_02b9734201c9_stage08_b03_formal_8343f009,formal,20260809T104756Z,02b9734201c91369fba6fa819d1b5b39f5a8522f,true,stage08_b03_decimate_scales_v1,9f269e1baebf5478fa38567ad768aa576e592032f11cdbb55cf52f4e464e10f6,operator,decimate,NA,NA,decimate,decimate__decimate_int16_10e2__7d9d2c2fa25f0b6e,decimate_int16_10e2,10^2,105,x=[10x10];h=[5],INT16,CPU,not_applicable,compatibility/end-to-end,PASS,OK,20,100,33,0.0043299999999999996,true,7d9d2c2fa25f0b6e6576ab4e041a1a17e9ed94370dc93a01dd1c7935406451da,5a2029ffa8aa5a82acffb34114633e7386b37a5fca90584c379c9e84bb62dfad
1,20260809T104756Z_02b9734201c9_stage08_b03_formal_8343f009,formal,20260809T104756Z,02b9734201c91369fba6fa819d1b5b39f5a8522f,true,stage08_b03_decimate_scales_v1,9f269e1baebf5478fa38567ad768aa576e592032f11cdbb55cf52f4e464e10f6,operator,decimate,NA,NA,decimate,decimate__decimate_int16_10e2__7d9d2c2fa25f0b6e,decimate_int16_10e2,10^2,105,x=[10x10];h=[5],INT16,CPU,not_applicable,compatibility/end-to-end,PASS,OK,20,100,34,0.0043499999999999997,true,7d9d2c2fa25f0b6e6576ab4e041a1a17e9ed94370dc93a01dd1c7935406451da,5a2029ffa8aa5a82acffb34114633e7386b37a5fca90584c379c9e84bb62dfad
1,20260809T104756Z_02b9734201c9_stage08_b03_formal_8343f009,formal,20260809T104756Z,02b9734201c91369fba6fa819d1b5b39f5a8522f,true,stage08_b03_decimate_scales_v1,9f269e1baebf5478fa38567ad768aa576e592032f11cdbb55cf52f4e464e10f6,operator,decimate,NA,NA,decimate,decimate__decimate_int16_10e2__7d9d2c2fa25f0b6e,decimate_int16_10e2,10^2,105,x=[10x10];h=[5],INT16,CPU,not_applicable,compatibility/end-to-end,PASS,OK,20,100,35,0.0043299999999999996,true,7d9d2c2fa25f0b6e6576ab4e041a1a17e9ed94370dc93a01dd1c7935406451da,5a2029ffa8aa5a82acffb34114633e7386b37a5fca90584c379c9e84bb62dfad
1,20260809T104756Z_02b9734201c9_stage08_b03_formal_8343f009,formal,20260809T104756Z,02b9734201c91369fba6fa819d1b5b39f5a8522f,true,stage08_b03_decimate_scales_v1,9f269e1baebf5478fa38567ad768aa576e592032f11cdbb55cf52f4e464e10f6,operator,decimate,NA,NA,decimate,decimate__decimate_int16_10e2__7d9d2c2fa25f0b6e,decimate_int16_10e2,10^2,105,x=[10x10];h=[5],INT16,CPU,not_applicable,compatibility/end-to-end,PASS,OK,20,100,36,0.0043299999999999996,true,7d9d2c2fa25f0b6e6576ab4e041a1a17e9ed94370dc93a01dd1c7935406451da,5a2029ffa8aa5a82acffb34114633e7386b37a5fca90584c379c9e84bb62dfad
1,20260809T104756Z_02b9734201c9_stage08_b03_formal_8343f009,formal,20260809T104756Z,02b9734201c91369fba6fa819d1b5b39f5a8522f,true,stage08_b03_decimate_scales_v1,9f269e1baebf5478fa38567ad768aa576e592032f11cdbb55cf52f4e464e10f6,operator,decimate,NA,NA,decimate,decimate__decimate_int16_10e2__7d9d2c2fa25f0b6e,decimate_int16_10e2,10^2,105,x=[10x10];h=[5],INT16,CPU,not_applicable,compatibility/end-to-end,PASS,OK,20,100,37,0.0043600000000000002,true,7d9d2c2fa25f0b6e6576ab4e041a1a17e9ed94370dc93a01dd1c7935406451da,5a2029ffa8aa5a82acffb34114633e7386b37a5fca90584c379c9e84bb62dfad
1,20260809T104756Z_02b9734201c9_stage08_b03_formal_8343f009,formal,20260809T104756Z,02b9734201c91369fba6fa819d1b5b39f5a8522f,true,stage08_b03_decimate_scales_v1,9f269e1baebf5478fa38567ad768aa576e592032f11cdbb55cf52f4e464e10f6,operator,decimate,NA,NA,decimate,decimate__decimate_int16_10e2__7d9d2c2fa25f0b6e,decimate_int16_10e2,10^2,105,x=[10x10];h=[5],INT16,CPU,not_applicable,compatibility/end-to-end,PASS,OK,20,100,38,0.0043509999999999998,true,7d9d2c2fa25f0b6e6576ab4e041a1a17e9ed94370dc93a01dd1c7935406451da,5a2029ffa8aa5a82acffb34114633e7386b37a5fca90584c379c9e84bb62dfad
1,20260809T104756Z_02b9734201c9_stage08_b03_formal_8343f009,formal,20260809T104756Z,02b9734201c91369fba6fa819d1b5b39f5a8522f,true,stage08_b03_decimate_scales_v1,9f269e1baebf5478fa38567ad768aa576e592032f11cdbb55cf52f4e464e10f6,operator,decimate,NA,NA,decimate,decimate__decimate_int16_10e2__7d9d2c2fa25f0b6e,decimate_int16_10e2,10^2,105,x=[10x10];h=[5],INT16,CPU,not_applicable,compatibility/end-to-end,PASS,OK,20,100,39,0.0043499999999999997,true,7d9d2c2fa25f0b6e6576ab4e041a1a17e9ed94370dc93a01dd1c7935406451da,5a2029ffa8aa5a82acffb34114633e7386b37a5fca90584c379c9e84bb62dfad
1,20260809T104756Z_02b9734201c9_stage08_b03_formal_8343f009,formal,20260809T104756Z,02b9734201c91369fba6fa819d1b5b39f5a8522f,true,stage08_b03_decimate_scales_v1,9f269e1baebf5478fa38567ad768aa576e592032f11cdbb55cf52f4e464e10f6,operator,decimate,NA,NA,decimate,decimate__decimate_int16_10e2__7d9d2c2fa25f0b6e,decimate_int16_10e2,10^2,105,x=[10x10];h=[5],INT16,CPU,not_applicable,compatibility/end-to-end,PASS,OK,20,100,40,0.0043200000000000001,true,7d9d2c2fa25f0b6e6576ab4e041a1a17e9ed94370dc93a01dd1c7935406451da,5a2029ffa8aa5a82acffb34114633e7386b37a5fca90584c379c9e84bb62dfad
1,20260809T104756Z_02b9734201c9_stage08_b03_formal_8343f009,formal,20260809T104756Z,02b9734201c91369fba6fa819d1b5b39f5a8522f,true,stage08_b03_decimate_scales_v1,9f269e1baebf5478fa38567ad768aa576e592032f11cdbb55cf52f4e464e10f6,operator,decimate,NA,NA,decimate,decimate__decimate_int16_10e2__7d9d2c2fa25f0b6e,decimate_int16_10e2,10^2,105,x=[10x10];h=[5],INT16,CPU,not_applicable,compatibility/end-to-end,PASS,OK,20,100,41,0.0044000000000000003,true,7d9d2c2fa25f0b6e6576ab4e041a1a17e9ed94370dc93a01dd1c7935406451da,5a2029ffa8aa5a82acffb34114633e7386b37a5fca90584c379c9e84bb62dfad
1,20260809T104756Z_02b9734201c9_stage08_b03_formal_8343f009,formal,20260809T104756Z,02b9734201c91369fba6fa819d1b5b39f5a8522f,true,stage08_b03_decimate_scales_v1,9f269e1baebf5478fa38567ad768aa576e592032f11cdbb55cf52f4e464e10f6,operator,decimate,NA,NA,decimate,decimate__decimate_int16_10e2__7d9d2c2fa25f0b6e,decimate_int16_10e2,10^2,105,x=[10x10];h=[5],INT16,CPU,not_applicable,compatibility/end-to-end,PASS,OK,20,100,42,0.0043299999999999996,true,7d9d2c2fa25f0b6e6576ab4e041a1a17e9ed94370dc93a01dd1c7935406451da,5a2029ffa8aa5a82acffb34114633e7386b37a5fca90584c379c9e84bb62dfad
1,20260809T104756Z_02b9734201c9_stage08_b03_formal_8343f009,formal,20260809T104756Z,02b9734201c91369fba6fa819d1b5b39f5a8522f,true,stage08_b03_decimate_scales_v1,9f269e1baebf5478fa38567ad768aa576e592032f11cdbb55cf52f4e464e10f6,operator,decimate,NA,NA,decimate,decimate__decimate_int16_10e2__7d9d2c2fa25f0b6e,decimate_int16_10e2,10^2,105,x=[10x10];h=[5],INT16,CPU,not_applicable,compatibility/end-to-end,PASS,OK,20,100,43,0.0043400000000000001,true,7d9d2c2fa25f0b6e6576ab4e041a1a17e9ed94370dc93a01dd1c7935406451da,5a2029ffa8aa5a82acffb34114633e7386b37a5fca90584c379c9e84bb62dfad
1,20260809T104756Z_02b9734201c9_stage08_b03_formal_8343f009,formal,20260809T104756Z,02b9734201c91369fba6fa819d1b5b39f5a8522f,true,stage08_b03_decimate_scales_v1,9f269e1baebf5478fa38567ad768aa576e592032f11cdbb55cf52f4e464e10f6,operator,decimate,NA,NA,decimate,decimate__decimate_int16_10e2__7d9d2c2fa25f0b6e,decimate_int16_10e2,10^2,105,x=[10x10];h=[5],INT16,CPU,not_applicable,compatibility/end-to-end,PASS,OK,20,100,44,0.0043699999999999998,true,7d9d2c2fa25f0b6e6576ab4e041a1a17e9ed94370dc93a01dd1c7935406451da,5a2029ffa8aa5a82acffb34114633e7386b37a5fca90584c379c9e84bb62dfad
1,20260809T104756Z_02b9734201c9_stage08_b03_formal_8343f009,formal,20260809T104756Z,02b9734201c91369fba6fa819d1b5b39f5a8522f,true,stage08_b03_decimate_scales_v1,9f269e1baebf5478fa38567ad768aa576e592032f11cdbb55cf52f4e464e10f6,operator,decimate,NA,NA,decimate,decimate__decimate_int16_10e2__7d9d2c2fa25f0b6e,decimate_int16_10e2,10^2,105,x=[10x10];h=[5],INT16,CPU,not_applicable,compatibility/end-to-end,PASS,OK,20,100,45,0.0043499999999999997,true,7d9d2c2fa25f0b6e6576ab4e041a1a17e9ed94370dc93a01dd1c7935406451da,5a2029ffa8aa5a82acffb34114633e7386b37a5fca90584c379c9e84bb62dfad
1,20260809T104756Z_02b9734201c9_stage08_b03_formal_8343f009,formal,20260809T104756Z,02b9734201c91369fba6fa819d1b5b39f5a8522f,true,stage08_b03_decimate_scales_v1,9f269e1baebf5478fa38567ad768aa576e592032f11cdbb55cf52f4e464e10f6,operator,decimate,NA,NA,decimate,decimate__decimate_int16_10e2__7d9d2c2fa25f0b6e,decimate_int16_10e2,10^2,105,x=[10x10];h=[5],INT16,CPU,not_applicable,compatibility/end-to-end,PASS,OK,20,100,46,0.0044000000000000003,true,7d9d2c2fa25f0b6e6576ab4e041a1a17e9ed94370dc93a01dd1c7935406451da,5a2029ffa8aa5a82acffb34114633e7386b37a5fca90584c379c9e84bb62dfad
1,20260809T104756Z_02b9734201c9_stage08_b03_formal_8343f009,formal,20260809T104756Z,02b9734201c91369fba6fa819d1b5b39f5a8522f,true,stage08_b03_decimate_scales_v1,9f269e1baebf5478fa38567ad768aa576e592032f11cdbb55cf52f4e464e10f6,operator,decimate,NA,NA,decimate,decimate__decimate_int16_10e2__7d9d2c2fa25f0b6e,decimate_int16_10e2,10^2,105,x=[10x10];h=[5],INT16,CPU,not_applicable,compatibility/end-to-end,PASS,OK,20,100,47,0.0043299999999999996,true,7d9d2c2fa25f0b6e6576ab4e041a1a17e9ed94370dc93a01dd1c7935406451da,5a2029ffa8aa5a82acffb34114633e7386b37a5fca90584c379c9e84bb62dfad
1,20260809T104756Z_02b9734201c9_stage08_b03_formal_8343f009,formal,20260809T104756Z,02b9734201c91369fba6fa819d1b5b39f5a8522f,true,stage08_b03_decimate_scales_v1,9f269e1baebf5478fa38567ad768aa576e592032f11cdbb55cf52f4e464e10f6,operator,decimate,NA,NA,decimate,decimate__decimate_int16_10e2__7d9d2c2fa25f0b6e,decimate_int16_10e2,10^2,105,x=[10x10];h=[5],INT16,CPU,not_applicable,compatibility/end-to-end,PASS,OK,20,100,48,0.0043600000000000002,true,7d9d2c2fa25f0b6e6576ab4e041a1a17e9ed94370dc93a01dd1c7935406451da,5a2029ffa8aa5a82acffb34114633e7386b37a5fca90584c379c9e84bb62dfad
1,20260809T104756Z_02b9734201c9_stage08_b03_formal_8343f009,formal,20260809T104756Z,02b9734201c91369fba6fa819d1b5b39f5a8522f,true,stage08_b03_decimate_scales_v1,9f269e1baebf5478fa38567ad768aa576e592032f11cdbb55cf52f4e464e10f6,operator,decimate,NA,NA,decimate,decimate__decimate_int16_10e2__7d9d2c2fa25f0b6e,decimate_int16_10e2,10^2,105,x=[10x10];h=[5],INT16,CPU,not_applicable,compatibility/end-to-end,PASS,OK,20,100,49,0.0043400000000000001,true,7d9d2c2fa25f0b6e6576ab4e041a1a17e9ed94370dc93a01dd1c7935406451da,5a2029ffa8aa5a82acffb34114633e7386b37a5fca90584c379c9e84bb62dfad
1,20260809T104756Z_02b9734201c9_stage08_b03_formal_8343f009,formal,20260809T104756Z,02b9734201c91369fba6fa819d1b5b39f5a8522f,true,stage08_b03_decimate_scales_v1,9f269e1baebf5478fa38567ad768aa576e592032f11cdbb55cf52f4e464e10f6,operator,decimate,NA,NA,decimate,decimate__decimate_int16_10e2__7d9d2c2fa25f0b6e,decimate_int16_10e2,10^2,105,x=[10x10];h=[5],INT16,CPU,not_applicable,compatibility/end-to-end,PASS,OK,20,100,50,0.0043600000000000002,true,7d9d2c2fa25f0b6e6576ab4e041a1a17e9ed94370dc93a01dd1c7935406451da,5a2029ffa8aa5a82acffb34114633e7386b37a5fca90584c379c9e84bb62dfad
1,20260809T104756Z_02b9734201c9_stage08_b03_formal_8343f009,formal,20260809T104756Z,02b9734201c91369fba6fa819d1b5b39f5a8522f,true,stage08_b03_decimate_scales_v1,9f269e1baebf5478fa38567ad768aa576e592032f11cdbb55cf52f4e464e10f6,operator,decimate,NA,NA,decimate,decimate__decimate_int16_10e2__7d9d2c2fa25f0b6e,decimate_int16_10e2,10^2,105,x=[10x10];h=[5],INT16,CPU,not_applicable,compatibility/end-to-end,PASS,OK,20,100,51,0.0043600000000000002,true,7d9d2c2fa25f0b6e6576ab4e041a1a17e9ed94370dc93a01dd1c7935406451da,5a2029ffa8aa5a82acffb34114633e7386b37a5fca90584c379c9e84bb62dfad
1,20260809T104756Z_02b9734201c9_stage08_b03_formal_8343f009,formal,20260809T104756Z,02b9734201c91369fba6fa819d1b5b39f5a8522f,true,stage08_b03_decimate_scales_v1,9f269e1baebf5478fa38567ad768aa576e592032f11cdbb55cf52f4e464e10f6,operator,decimate,NA,NA,decimate,decimate__decimate_int16_10e2__7d9d2c2fa25f0b6e,decimate_int16_10e2,10^2,105,x=[10x10];h=[5],INT16,CPU,not_applicable,compatibility/end-to-end,PASS,OK,20,100,52,0.0043600000000000002,true,7d9d2c2fa25f0b6e6576ab4e041a1a17e9ed94370dc93a01dd1c7935406451da,5a2029ffa8aa5a82acffb34114633e7386b37a5fca90584c379c9e84bb62dfad
1,20260809T104756Z_02b9734201c9_stage08_b03_formal_8343f009,formal,20260809T104756Z,02b9734201c91369fba6fa819d1b5b39f5a8522f,true,stage08_b03_decimate_scales_v1,9f269e1baebf5478fa38567ad768aa576e592032f11cdbb55cf52f4e464e10f6,operator,decimate,NA,NA,decimate,decimate__decimate_int16_10e2__7d9d2c2fa25f0b6e,decimate_int16_10e2,10^2,105,x=[10x10];h=[5],INT16,CPU,not_applicable,compatibility/end-to-end,PASS,OK,20,100,53,0.0043299999999999996,true,7d9d2c2fa25f0b6e6576ab4e041a1a17e9ed94370dc93a01dd1c7935406451da,5a2029ffa8aa5a82acffb34114633e7386b37a5fca90584c379c9e84bb62dfad
1,20260809T104756Z_02b9734201c9_stage08_b03_formal_8343f009,formal,20260809T104756Z,02b9734201c91369fba6fa819d1b5b39f5a8522f,true,stage08_b03_decimate_scales_v1,9f269e1baebf5478fa38567ad768aa576e592032f11cdbb55cf52f4e464e10f6,operator,decimate,NA,NA,decimate,decimate__decimate_int16_10e2__7d9d2c2fa25f0b6e,decimate_int16_10e2,10^2,105,x=[10x10];h=[5],INT16,CPU,not_applicable,compatibility/end-to-end,PASS,OK,20,100,54,0.0043499999999999997,true,7d9d2c2fa25f0b6e6576ab4e041a1a17e9ed94370dc93a01dd1c7935406451da,5a2029ffa8aa5a82acffb34114633e7386b37a5fca90584c379c9e84bb62dfad
1,20260809T104756Z_02b9734201c9_stage08_b03_formal_8343f009,formal,20260809T104756Z,02b9734201c91369fba6fa819d1b5b39f5a8522f,true,stage08_b03_decimate_scales_v1,9f269e1baebf5478fa38567ad768aa576e592032f11cdbb55cf52f4e464e10f6,operator,decimate,NA,NA,decimate,decimate__decimate_int16_10e2__7d9d2c2fa25f0b6e,decimate_int16_10e2,10^2,105,x=[10x10];h=[5],INT16,CPU,not_applicable,compatibility/end-to-end,PASS,OK,20,100,55,0.0043600000000000002,true,7d9d2c2fa25f0b6e6576ab4e041a1a17e9ed94370dc93a01dd1c7935406451da,5a2029ffa8aa5a82acffb34114633e7386b37a5fca90584c379c9e84bb62dfad
1,20260809T104756Z_02b9734201c9_stage08_b03_formal_8343f009,formal,20260809T104756Z,02b9734201c91369fba6fa819d1b5b39f5a8522f,true,stage08_b03_decimate_scales_v1,9f269e1baebf5478fa38567ad768aa576e592032f11cdbb55cf52f4e464e10f6,operator,decimate,NA,NA,decimate,decimate__decimate_int16_10e2__7d9d2c2fa25f0b6e,decimate_int16_10e2,10^2,105,x=[10x10];h=[5],INT16,CPU,not_applicable,compatibility/end-to-end,PASS,OK,20,100,56,0.0043299999999999996,true,7d9d2c2fa25f0b6e6576ab4e041a1a17e9ed94370dc93a01dd1c7935406451da,5a2029ffa8aa5a82acffb34114633e7386b37a5fca90584c379c9e84bb62dfad
1,20260809T104756Z_02b9734201c9_stage08_b03_formal_8343f009,formal,20260809T104756Z,02b9734201c91369fba6fa819d1b5b39f5a8522f,true,stage08_b03_decimate_scales_v1,9f269e1baebf5478fa38567ad768aa576e592032f11cdbb55cf52f4e464e10f6,operator,decimate,NA,NA,decimate,decimate__decimate_int16_10e2__7d9d2c2fa25f0b6e,decimate_int16_10e2,10^2,105,x=[10x10];h=[5],INT16,CPU,not_applicable,compatibility/end-to-end,PASS,OK,20,100,57,0.0043499999999999997,true,7d9d2c2fa25f0b6e6576ab4e041a1a17e9ed94370dc93a01dd1c7935406451da,5a2029ffa8aa5a82acffb34114633e7386b37a5fca90584c379c9e84bb62dfad
1,20260809T104756Z_02b9734201c9_stage08_b03_formal_8343f009,formal,20260809T104756Z,02b9734201c91369fba6fa819d1b5b39f5a8522f,true,stage08_b03_decimate_scales_v1,9f269e1baebf5478fa38567ad768aa576e592032f11cdbb55cf52f4e464e10f6,operator,decimate,NA,NA,decimate,decimate__decimate_int16_10e2__7d9d2c2fa25f0b6e,decimate_int16_10e2,10^2,105,x=[10x10];h=[5],INT16,CPU,not_applicable,compatibility/end-to-end,PASS,OK,20,100,58,0.0044000000000000003,true,7d9d2c2fa25f0b6e6576ab4e041a1a17e9ed94370dc93a01dd1c7935406451da,5a2029ffa8aa5a82acffb34114633e7386b37a5fca90584c379c9e84bb62dfad
1,20260809T104756Z_02b9734201c9_stage08_b03_formal_8343f009,formal,20260809T104756Z,02b9734201c91369fba6fa819d1b5b39f5a8522f,true,stage08_b03_decimate_scales_v1,9f269e1baebf5478fa38567ad768aa576e592032f11cdbb55cf52f4e464e10f6,operator,decimate,NA,NA,decimate,decimate__decimate_int16_10e2__7d9d2c2fa25f0b6e,decimate_int16_10e2,10^2,105,x=[10x10];h=[5],INT16,CPU,not_applicable,compatibility/end-to-end,PASS,OK,20,100,59,0.0043400000000000001,true,7d9d2c2fa25f0b6e6576ab4e041a1a17e9ed94370dc93a01dd1c7935406451da,5a2029ffa8aa5a82acffb34114633e7386b37a5fca90584c379c9e84bb62dfad
1,20260809T104756Z_02b9734201c9_stage08_b03_formal_8343f009,formal,20260809T104756Z,02b9734201c91369fba6fa819d1b5b39f5a8522f,true,stage08_b03_decimate_scales_v1,9f269e1baebf5478fa38567ad768aa576e592032f11cdbb55cf52f4e464e10f6,operator,decimate,NA,NA,decimate,decimate__decimate_int16_10e2__7d9d2c2fa25f0b6e,decimate_int16_10e2,10^2,105,x=[10x10];h=[5],INT16,CPU,not_applicable,compatibility/end-to-end,PASS,OK,20,100,60,0.0043499999999999997,true,7d9d2c2fa25f0b6e6576ab4e041a1a17e9ed94370dc93a01dd1c7935406451da,5a2029ffa8aa5a82acffb34114633e7386b37a5fca90584c379c9e84bb62dfad
1,20260809T104756Z_02b9734201c9_stage08_b03_formal_8343f009,formal,20260809T104756Z,02b9734201c91369fba6fa819d1b5b39f5a8522f,true,stage08_b03_decimate_scales_v1,9f269e1baebf5478fa38567ad768aa576e592032f11cdbb55cf52f4e464e10f6,operator,decimate,NA,NA,decimate,decimate__decimate_int16_10e2__7d9d2c2fa25f0b6e,decimate_int16_10e2,10^2,105,x=[10x10];h=[5],INT16,CPU,not_applicable,compatibility/end-to-end,PASS,OK,20,100,61,0.0043299999999999996,true,7d9d2c2fa25f0b6e6576ab4e041a1a17e9ed94370dc93a01dd1c7935406451da,5a2029ffa8aa5a82acffb34114633e7386b37a5fca90584c379c9e84bb62dfad
1,20260809T104756Z_02b9734201c9_stage08_b03_formal_8343f009,formal,20260809T104756Z,02b9734201c91369fba6fa819d1b5b39f5a8522f,true,stage08_b03_decimate_scales_v1,9f269e1baebf5478fa38567ad768aa576e592032f11cdbb55cf52f4e464e10f6,operator,decimate,NA,NA,decimate,decimate__decimate_int16_10e2__7d9d2c2fa25f0b6e,decimate_int16_10e2,10^2,105,x=[10x10];h=[5],INT16,CPU,not_applicable,compatibility/end-to-end,PASS,OK,20,100,62,0.0043600000000000002,true,7d9d2c2fa25f0b6e6576ab4e041a1a17e9ed94370dc93a01dd1c7935406451da,5a2029ffa8aa5a82acffb34114633e7386b37a5fca90584c379c9e84bb62dfad
1,20260809T104756Z_02b9734201c9_stage08_b03_formal_8343f009,formal,20260809T104756Z,02b9734201c91369fba6fa819d1b5b39f5a8522f,true,stage08_b03_decimate_scales_v1,9f269e1baebf5478fa38567ad768aa576e592032f11cdbb55cf52f4e464e10f6,operator,decimate,NA,NA,decimate,decimate__decimate_int16_10e2__7d9d2c2fa25f0b6e,decimate_int16_10e2,10^2,105,x=[10x10];h=[5],INT16,CPU,not_applicable,compatibility/end-to-end,PASS,OK,20,100,63,0.0043600000000000002,true,7d9d2c2fa25f0b6e6576ab4e041a1a17e9ed94370dc93a01dd1c7935406451da,5a2029ffa8aa5a82acffb34114633e7386b37a5fca90584c379c9e84bb62dfad
1,20260809T104756Z_02b9734201c9_stage08_b03_formal_8343f009,formal,20260809T104756Z,02b9734201c91369fba6fa819d1b5b39f5a8522f,true,stage08_b03_decimate_scales_v1,9f269e1baebf5478fa38567ad768aa576e592032f11cdbb55cf52f4e464e10f6,operator,decimate,NA,NA,decimate,decimate__decimate_int16_10e2__7d9d2c2fa25f0b6e,decimate_int16_10e2,10^2,105,x=[10x10];h=[5],INT16,CPU,not_applicable,compatibility/end-to-end,PASS,OK,20,100,64,0.0043909999999999999,true,7d9d2c2fa25f0b6e6576ab4e041a1a17e9ed94370dc93a01dd1c7935406451da,5a2029ffa8aa5a82acffb34114633e7386b37a5fca90584c379c9e84bb62dfad
1,20260809T104756Z_02b9734201c9_stage08_b03_formal_8343f009,formal,20260809T104756Z,02b9734201c91369fba6fa819d1b5b39f5a8522f,true,stage08_b03_decimate_scales_v1,9f269e1baebf5478fa38567ad768aa576e592032f11cdbb55cf52f4e464e10f6,operator,decimate,NA,NA,decimate,decimate__decimate_int16_10e2__7d9d2c2fa25f0b6e,decimate_int16_10e2,10^2,105,x=[10x10];h=[5],INT16,CPU,not_applicable,compatibility/end-to-end,PASS,OK,20,100,65,0.0043899999999999998,true,7d9d2c2fa25f0b6e6576ab4e041a1a17e9ed94370dc93a01dd1c7935406451da,5a2029ffa8aa5a82acffb34114633e7386b37a5fca90584c379c9e84bb62dfad
1,20260809T104756Z_02b9734201c9_stage08_b03_formal_8343f009,formal,20260809T104756Z,02b9734201c91369fba6fa819d1b5b39f5a8522f,true,stage08_b03_decimate_scales_v1,9f269e1baebf5478fa38567ad768aa576e592032f11cdbb55cf52f4e464e10f6,operator,decimate,NA,NA,decimate,decimate__decimate_int16_10e2__7d9d2c2fa25f0b6e,decimate_int16_10e2,10^2,105,x=[10x10];h=[5],INT16,CPU,not_applicable,compatibility/end-to-end,PASS,OK,20,100,66,0.0043499999999999997,true,7d9d2c2fa25f0b6e6576ab4e041a1a17e9ed94370dc93a01dd1c7935406451da,5a2029ffa8aa5a82acffb34114633e7386b37a5fca90584c379c9e84bb62dfad
1,20260809T104756Z_02b9734201c9_stage08_b03_formal_8343f009,formal,20260809T104756Z,02b9734201c91369fba6fa819d1b5b39f5a8522f,true,stage08_b03_decimate_scales_v1,9f269e1baebf5478fa38567ad768aa576e592032f11cdbb55cf52f4e464e10f6,operator,decimate,NA,NA,decimate,decimate__decimate_int16_10e2__7d9d2c2fa25f0b6e,decimate_int16_10e2,10^2,105,x=[10x10];h=[5],INT16,CPU,not_applicable,compatibility/end-to-end,PASS,OK,20,100,67,0.0043699999999999998,true,7d9d2c2fa25f0b6e6576ab4e041a1a17e9ed94370dc93a01dd1c7935406451da,5a2029ffa8aa5a82acffb34114633e7386b37a5fca90584c379c9e84bb62dfad
1,20260809T104756Z_02b9734201c9_stage08_b03_formal_8343f009,formal,20260809T104756Z,02b9734201c91369fba6fa819d1b5b39f5a8522f,true,stage08_b03_decimate_scales_v1,9f269e1baebf5478fa38567ad768aa576e592032f11cdbb55cf52f4e464e10f6,operator,decimate,NA,NA,decimate,decimate__decimate_int16_10e2__7d9d2c2fa25f0b6e,decimate_int16_10e2,10^2,105,x=[10x10];h=[5],INT16,CPU,not_applicable,compatibility/end-to-end,PASS,OK,20,100,68,0.0043299999999999996,true,7d9d2c2fa25f0b6e6576ab4e041a1a17e9ed94370dc93a01dd1c7935406451da,5a2029ffa8aa5a82acffb34114633e7386b37a5fca90584c379c9e84bb62dfad
1,20260809T104756Z_02b9734201c9_stage08_b03_formal_8343f009,formal,20260809T104756Z,02b9734201c91369fba6fa819d1b5b39f5a8522f,true,stage08_b03_decimate_scales_v1,9f269e1baebf5478fa38567ad768aa576e592032f11cdbb55cf52f4e464e10f6,operator,decimate,NA,NA,decimate,decimate__decimate_int16_10e2__7d9d2c2fa25f0b6e,decimate_int16_10e2,10^2,105,x=[10x10];h=[5],INT16,CPU,not_applicable,compatibility/end-to-end,PASS,OK,20,100,69,0.0043299999999999996,true,7d9d2c2fa25f0b6e6576ab4e041a1a17e9ed94370dc93a01dd1c7935406451da,5a2029ffa8aa5a82acffb34114633e7386b37a5fca90584c379c9e84bb62dfad
1,20260809T104756Z_02b9734201c9_stage08_b03_formal_8343f009,formal,20260809T104756Z,02b9734201c91369fba6fa819d1b5b39f5a8522f,true,stage08_b03_decimate_scales_v1,9f269e1baebf5478fa38567ad768aa576e592032f11cdbb55cf52f4e464e10f6,operator,decimate,NA,NA,decimate,decimate__decimate_int16_10e2__7d9d2c2fa25f0b6e,decimate_int16_10e2,10^2,105,x=[10x10];h=[5],INT16,CPU,not_applicable,compatibility/end-to-end,PASS,OK,20,100,70,0.0043800000000000002,true,7d9d2c2fa25f0b6e6576ab4e041a1a17e9ed94370dc93a01dd1c7935406451da,5a2029ffa8aa5a82acffb34114633e7386b37a5fca90584c379c9e84bb62dfad
1,20260809T104756Z_02b9734201c9_stage08_b03_formal_8343f009,formal,20260809T104756Z,02b9734201c91369fba6fa819d1b5b39f5a8522f,true,stage08_b03_decimate_scales_v1,9f269e1baebf5478fa38567ad768aa576e592032f11cdbb55cf52f4e464e10f6,operator,decimate,NA,NA,decimate,decimate__decimate_int16_10e2__7d9d2c2fa25f0b6e,decimate_int16_10e2,10^2,105,x=[10x10];h=[5],INT16,CPU,not_applicable,compatibility/end-to-end,PASS,OK,20,100,71,0.0043200000000000001,true,7d9d2c2fa25f0b6e6576ab4e041a1a17e9ed94370dc93a01dd1c7935406451da,5a2029ffa8aa5a82acffb34114633e7386b37a5fca90584c379c9e84bb62dfad
1,20260809T104756Z_02b9734201c9_stage08_b03_formal_8343f009,formal,20260809T104756Z,02b9734201c91369fba6fa819d1b5b39f5a8522f,true,stage08_b03_decimate_scales_v1,9f269e1baebf5478fa38567ad768aa576e592032f11cdbb55cf52f4e464e10f6,operator,decimate,NA,NA,decimate,decimate__decimate_int16_10e2__7d9d2c2fa25f0b6e,decimate_int16_10e2,10^2,105,x=[10x10];h=[5],INT16,CPU,not_applicable,compatibility/end-to-end,PASS,OK,20,100,72,0.0043299999999999996,true,7d9d2c2fa25f0b6e6576ab4e041a1a17e9ed94370dc93a01dd1c7935406451da,5a2029ffa8aa5a82acffb34114633e7386b37a5fca90584c379c9e84bb62dfad
1,20260809T104756Z_02b9734201c9_stage08_b03_formal_8343f009,formal,20260809T104756Z,02b9734201c91369fba6fa819d1b5b39f5a8522f,true,stage08_b03_decimate_scales_v1,9f269e1baebf5478fa38567ad768aa576e592032f11cdbb55cf52f4e464e10f6,operator,decimate,NA,NA,decimate,decimate__decimate_int16_10e2__7d9d2c2fa25f0b6e,decimate_int16_10e2,10^2,105,x=[10x10];h=[5],INT16,CPU,not_applicable,compatibility/end-to-end,PASS,OK,20,100,73,0.0043299999999999996,true,7d9d2c2fa25f0b6e6576ab4e041a1a17e9ed94370dc93a01dd1c7935406451da,5a2029ffa8aa5a82acffb34114633e7386b37a5fca90584c379c9e84bb62dfad
1,20260809T104756Z_02b9734201c9_stage08_b03_formal_8343f009,formal,20260809T104756Z,02b9734201c91369fba6fa819d1b5b39f5a8522f,true,stage08_b03_decimate_scales_v1,9f269e1baebf5478fa38567ad768aa576e592032f11cdbb55cf52f4e464e10f6,operator,decimate,NA,NA,decimate,decimate__decimate_int16_10e2__7d9d2c2fa25f0b6e,decimate_int16_10e2,10^2,105,x=[10x10];h=[5],INT16,CPU,not_applicable,compatibility/end-to-end,PASS,OK,20,100,74,0.0043600000000000002,true,7d9d2c2fa25f0b6e6576ab4e041a1a17e9ed94370dc93a01dd1c7935406451da,5a2029ffa8aa5a82acffb34114633e7386b37a5fca90584c379c9e84bb62dfad
1,20260809T104756Z_02b9734201c9_stage08_b03_formal_8343f009,formal,20260809T104756Z,02b9734201c91369fba6fa819d1b5b39f5a8522f,true,stage08_b03_decimate_scales_v1,9f269e1baebf5478fa38567ad768aa576e592032f11cdbb55cf52f4e464e10f6,operator,decimate,NA,NA,decimate,decimate__decimate_int16_10e2__7d9d2c2fa25f0b6e,decimate_int16_10e2,10^2,105,x=[10x10];h=[5],INT16,CPU,not_applicable,compatibility/end-to-end,PASS,OK,20,100,75,0.0043,true,7d9d2c2fa25f0b6e6576ab4e041a1a17e9ed94370dc93a01dd1c7935406451da,5a2029ffa8aa5a82acffb34114633e7386b37a5fca90584c379c9e84bb62dfad
1,20260809T104756Z_02b9734201c9_stage08_b03_formal_8343f009,formal,20260809T104756Z,02b9734201c91369fba6fa819d1b5b39f5a8522f,true,stage08_b03_decimate_scales_v1,9f269e1baebf5478fa38567ad768aa576e592032f11cdbb55cf52f4e464e10f6,operator,decimate,NA,NA,decimate,decimate__decimate_int16_10e2__7d9d2c2fa25f0b6e,decimate_int16_10e2,10^2,105,x=[10x10];h=[5],INT16,CPU,not_applicable,compatibility/end-to-end,PASS,OK,20,100,76,0.0043400000000000001,true,7d9d2c2fa25f0b6e6576ab4e041a1a17e9ed94370dc93a01dd1c7935406451da,5a2029ffa8aa5a82acffb34114633e7386b37a5fca90584c379c9e84bb62dfad
1,20260809T104756Z_02b9734201c9_stage08_b03_formal_8343f009,formal,20260809T104756Z,02b9734201c91369fba6fa819d1b5b39f5a8522f,true,stage08_b03_decimate_scales_v1,9f269e1baebf5478fa38567ad768aa576e592032f11cdbb55cf52f4e464e10f6,operator,decimate,NA,NA,decimate,decimate__decimate_int16_10e2__7d9d2c2fa25f0b6e,decimate_int16_10e2,10^2,105,x=[10x10];h=[5],INT16,CPU,not_applicable,compatibility/end-to-end,PASS,OK,20,100,77,0.0044299999999999999,true,7d9d2c2fa25f0b6e6576ab4e041a1a17e9ed94370dc93a01dd1c7935406451da,5a2029ffa8aa5a82acffb34114633e7386b37a5fca90584c379c9e84bb62dfad
1,20260809T104756Z_02b9734201c9_stage08_b03_formal_8343f009,formal,20260809T104756Z,02b9734201c91369fba6fa819d1b5b39f5a8522f,true,stage08_b03_decimate_scales_v1,9f269e1baebf5478fa38567ad768aa576e592032f11cdbb55cf52f4e464e10f6,operator,decimate,NA,NA,decimate,decimate__decimate_int16_10e2__7d9d2c2fa25f0b6e,decimate_int16_10e2,10^2,105,x=[10x10];h=[5],INT16,CPU,not_applicable,compatibility/end-to-end,PASS,OK,20,100,78,0.0044000000000000003,true,7d9d2c2fa25f0b6e6576ab4e041a1a17e9ed94370dc93a01dd1c7935406451da,5a2029ffa8aa5a82acffb34114633e7386b37a5fca90584c379c9e84bb62dfad
1,20260809T104756Z_02b9734201c9_stage08_b03_formal_8343f009,formal,20260809T104756Z,02b9734201c91369fba6fa819d1b5b39f5a8522f,true,stage08_b03_decimate_scales_v1,9f269e1baebf5478fa38567ad768aa576e592032f11cdbb55cf52f4e464e10f6,operator,decimate,NA,NA,decimate,decimate__decimate_int16_10e2__7d9d2c2fa25f0b6e,decimate_int16_10e2,10^2,105,x=[10x10];h=[5],INT16,CPU,not_applicable,compatibility/end-to-end,PASS,OK,20,100,79,0.0043899999999999998,true,7d9d2c2fa25f0b6e6576ab4e041a1a17e9ed94370dc93a01dd1c7935406451da,5a2029ffa8aa5a82acffb34114633e7386b37a5fca90584c379c9e84bb62dfad
1,20260809T104756Z_02b9734201c9_stage08_b03_formal_8343f009,formal,20260809T104756Z,02b9734201c91369fba6fa819d1b5b39f5a8522f,true,stage08_b03_decimate_scales_v1,9f269e1baebf5478fa38567ad768aa576e592032f11cdbb55cf52f4e464e10f6,operator,decimate,NA,NA,decimate,decimate__decimate_int16_10e2__7d9d2c2fa25f0b6e,decimate_int16_10e2,10^2,105,x=[10x10];h=[5],INT16,CPU,not_applicable,compatibility/end-to-end,PASS,OK,20,100,80,0.0043299999999999996,true,7d9d2c2fa25f0b6e6576ab4e041a1a17e9ed94370dc93a01dd1c7935406451da,5a2029ffa8aa5a82acffb34114633e7386b37a5fca90584c379c9e84bb62dfad
1,20260809T104756Z_02b9734201c9_stage08_b03_formal_8343f009,formal,20260809T104756Z,02b9734201c91369fba6fa819d1b5b39f5a8522f,true,stage08_b03_decimate_scales_v1,9f269e1baebf5478fa38567ad768aa576e592032f11cdbb55cf52f4e464e10f6,operator,decimate,NA,NA,decimate,decimate__decimate_int16_10e2__7d9d2c2fa25f0b6e,decimate_int16_10e2,10^2,105,x=[10x10];h=[5],INT16,CPU,not_applicable,compatibility/end-to-end,PASS,OK,20,100,81,0.0043499999999999997,true,7d9d2c2fa25f0b6e6576ab4e041a1a17e9ed94370dc93a01dd1c7935406451da,5a2029ffa8aa5a82acffb34114633e7386b37a5fca90584c379c9e84bb62dfad
1,20260809T104756Z_02b9734201c9_stage08_b03_formal_8343f009,formal,20260809T104756Z,02b9734201c91369fba6fa819d1b5b39f5a8522f,true,stage08_b03_decimate_scales_v1,9f269e1baebf5478fa38567ad768aa576e592032f11cdbb55cf52f4e464e10f6,operator,decimate,NA,NA,decimate,decimate__decimate_int16_10e2__7d9d2c2fa25f0b6e,decimate_int16_10e2,10^2,105,x=[10x10];h=[5],INT16,CPU,not_applicable,compatibility/end-to-end,PASS,OK,20,100,82,0.0043299999999999996,true,7d9d2c2fa25f0b6e6576ab4e041a1a17e9ed94370dc93a01dd1c7935406451da,5a2029ffa8aa5a82acffb34114633e7386b37a5fca90584c379c9e84bb62dfad
1,20260809T104756Z_02b9734201c9_stage08_b03_formal_8343f009,formal,20260809T104756Z,02b9734201c91369fba6fa819d1b5b39f5a8522f,true,stage08_b03_decimate_scales_v1,9f269e1baebf5478fa38567ad768aa576e592032f11cdbb55cf52f4e464e10f6,operator,decimate,NA,NA,decimate,decimate__decimate_int16_10e2__7d9d2c2fa25f0b6e,decimate_int16_10e2,10^2,105,x=[10x10];h=[5],INT16,CPU,not_applicable,compatibility/end-to-end,PASS,OK,20,100,83,0.0043699999999999998,true,7d9d2c2fa25f0b6e6576ab4e041a1a17e9ed94370dc93a01dd1c7935406451da,5a2029ffa8aa5a82acffb34114633e7386b37a5fca90584c379c9e84bb62dfad
1,20260809T104756Z_02b9734201c9_stage08_b03_formal_8343f009,formal,20260809T104756Z,02b9734201c91369fba6fa819d1b5b39f5a8522f,true,stage08_b03_decimate_scales_v1,9f269e1baebf5478fa38567ad768aa576e592032f11cdbb55cf52f4e464e10f6,operator,decimate,NA,NA,decimate,decimate__decimate_int16_10e2__7d9d2c2fa25f0b6e,decimate_int16_10e2,10^2,105,x=[10x10];h=[5],INT16,CPU,not_applicable,compatibility/end-to-end,PASS,OK,20,100,84,0.0043299999999999996,true,7d9d2c2fa25f0b6e6576ab4e041a1a17e9ed94370dc93a01dd1c7935406451da,5a2029ffa8aa5a82acffb34114633e7386b37a5fca90584c379c9e84bb62dfad
1,20260809T104756Z_02b9734201c9_stage08_b03_formal_8343f009,formal,20260809T104756Z,02b9734201c91369fba6fa819d1b5b39f5a8522f,true,stage08_b03_decimate_scales_v1,9f269e1baebf5478fa38567ad768aa576e592032f11cdbb55cf52f4e464e10f6,operator,decimate,NA,NA,decimate,decimate__decimate_int16_10e2__7d9d2c2fa25f0b6e,decimate_int16_10e2,10^2,105,x=[10x10];h=[5],INT16,CPU,not_applicable,compatibility/end-to-end,PASS,OK,20,100,85,0.0043200000000000001,true,7d9d2c2fa25f0b6e6576ab4e041a1a17e9ed94370dc93a01dd1c7935406451da,5a2029ffa8aa5a82acffb34114633e7386b37a5fca90584c379c9e84bb62dfad
1,20260809T104756Z_02b9734201c9_stage08_b03_formal_8343f009,formal,20260809T104756Z,02b9734201c91369fba6fa819d1b5b39f5a8522f,true,stage08_b03_decimate_scales_v1,9f269e1baebf5478fa38567ad768aa576e592032f11cdbb55cf52f4e464e10f6,operator,decimate,NA,NA,decimate,decimate__decimate_int16_10e2__7d9d2c2fa25f0b6e,decimate_int16_10e2,10^2,105,x=[10x10];h=[5],INT16,CPU,not_applicable,compatibility/end-to-end,PASS,OK,20,100,86,0.0043400000000000001,true,7d9d2c2fa25f0b6e6576ab4e041a1a17e9ed94370dc93a01dd1c7935406451da,5a2029ffa8aa5a82acffb34114633e7386b37a5fca90584c379c9e84bb62dfad
1,20260809T104756Z_02b9734201c9_stage08_b03_formal_8343f009,formal,20260809T104756Z,02b9734201c91369fba6fa819d1b5b39f5a8522f,true,stage08_b03_decimate_scales_v1,9f269e1baebf5478fa38567ad768aa576e592032f11cdbb55cf52f4e464e10f6,operator,decimate,NA,NA,decimate,decimate__decimate_int16_10e2__7d9d2c2fa25f0b6e,decimate_int16_10e2,10^2,105,x=[10x10];h=[5],INT16,CPU,not_applicable,compatibility/end-to-end,PASS,OK,20,100,87,0.0043499999999999997,true,7d9d2c2fa25f0b6e6576ab4e041a1a17e9ed94370dc93a01dd1c7935406451da,5a2029ffa8aa5a82acffb34114633e7386b37a5fca90584c379c9e84bb62dfad
1,20260809T104756Z_02b9734201c9_stage08_b03_formal_8343f009,formal,20260809T104756Z,02b9734201c91369fba6fa819d1b5b39f5a8522f,true,stage08_b03_decimate_scales_v1,9f269e1baebf5478fa38567ad768aa576e592032f11cdbb55cf52f4e464e10f6,operator,decimate,NA,NA,decimate,decimate__decimate_int16_10e2__7d9d2c2fa25f0b6e,decimate_int16_10e2,10^2,105,x=[10x10];h=[5],INT16,CPU,not_applicable,compatibility/end-to-end,PASS,OK,20,100,88,0.0043600000000000002,true,7d9d2c2fa25f0b6e6576ab4e041a1a17e9ed94370dc93a01dd1c7935406451da,5a2029ffa8aa5a82acffb34114633e7386b37a5fca90584c379c9e84bb62dfad
1,20260809T104756Z_02b9734201c9_stage08_b03_formal_8343f009,formal,20260809T104756Z,02b9734201c91369fba6fa819d1b5b39f5a8522f,true,stage08_b03_decimate_scales_v1,9f269e1baebf5478fa38567ad768aa576e592032f11cdbb55cf52f4e464e10f6,operator,decimate,NA,NA,decimate,decimate__decimate_int16_10e2__7d9d2c2fa25f0b6e,decimate_int16_10e2,10^2,105,x=[10x10];h=[5],INT16,CPU,not_applicable,compatibility/end-to-end,PASS,OK,20,100,89,0.0043600000000000002,true,7d9d2c2fa25f0b6e6576ab4e041a1a17e9ed94370dc93a01dd1c7935406451da,5a2029ffa8aa5a82acffb34114633e7386b37a5fca90584c379c9e84bb62dfad
1,20260809T104756Z_02b9734201c9_stage08_b03_formal_8343f009,formal,20260809T104756Z,02b9734201c91369fba6fa819d1b5b39f5a8522f,true,stage08_b03_decimate_scales_v1,9f269e1baebf5478fa38567ad768aa576e592032f11cdbb55cf52f4e464e10f6,operator,decimate,NA,NA,decimate,decimate__decimate_int16_10e2__7d9d2c2fa25f0b6e,decimate_int16_10e2,10^2,105,x=[10x10];h=[5],INT16,CPU,not_applicable,compatibility/end-to-end,PASS,OK,20,100,90,0.0044099999999999999,true,7d9d2c2fa25f0b6e6576ab4e041a1a17e9ed94370dc93a01dd1c7935406451da,5a2029ffa8aa5a82acffb34114633e7386b37a5fca90584c379c9e84bb62dfad
1,20260809T104756Z_02b9734201c9_stage08_b03_formal_8343f009,formal,20260809T104756Z,02b9734201c91369fba6fa819d1b5b39f5a8522f,true,stage08_b03_decimate_scales_v1,9f269e1baebf5478fa38567ad768aa576e592032f11cdbb55cf52f4e464e10f6,operator,decimate,NA,NA,decimate,decimate__decimate_int16_10e2__7d9d2c2fa25f0b6e,decimate_int16_10e2,10^2,105,x=[10x10];h=[5],INT16,CPU,not_applicable,compatibility/end-to-end,PASS,OK,20,100,91,0.0043610000000000003,true,7d9d2c2fa25f0b6e6576ab4e041a1a17e9ed94370dc93a01dd1c7935406451da,5a2029ffa8aa5a82acffb34114633e7386b37a5fca90584c379c9e84bb62dfad
1,20260809T104756Z_02b9734201c9_stage08_b03_formal_8343f009,formal,20260809T104756Z,02b9734201c91369fba6fa819d1b5b39f5a8522f,true,stage08_b03_decimate_scales_v1,9f269e1baebf5478fa38567ad768aa576e592032f11cdbb55cf52f4e464e10f6,operator,decimate,NA,NA,decimate,decimate__decimate_int16_10e2__7d9d2c2fa25f0b6e,decimate_int16_10e2,10^2,105,x=[10x10];h=[5],INT16,CPU,not_applicable,compatibility/end-to-end,PASS,OK,20,100,92,0.0043299999999999996,true,7d9d2c2fa25f0b6e6576ab4e041a1a17e9ed94370dc93a01dd1c7935406451da,5a2029ffa8aa5a82acffb34114633e7386b37a5fca90584c379c9e84bb62dfad
1,20260809T104756Z_02b9734201c9_stage08_b03_formal_8343f009,formal,20260809T104756Z,02b9734201c91369fba6fa819d1b5b39f5a8522f,true,stage08_b03_decimate_scales_v1,9f269e1baebf5478fa38567ad768aa576e592032f11cdbb55cf52f4e464e10f6,operator,decimate,NA,NA,decimate,decimate__decimate_int16_10e2__7d9d2c2fa25f0b6e,decimate_int16_10e2,10^2,105,x=[10x10];h=[5],INT16,CPU,not_applicable,compatibility/end-to-end,PASS,OK,20,100,93,0.0043299999999999996,true,7d9d2c2fa25f0b6e6576ab4e041a1a17e9ed94370dc93a01dd1c7935406451da,5a2029ffa8aa5a82acffb34114633e7386b37a5fca90584c379c9e84bb62dfad
1,20260809T104756Z_02b9734201c9_stage08_b03_formal_8343f009,formal,20260809T104756Z,02b9734201c91369fba6fa819d1b5b39f5a8522f,true,stage08_b03_decimate_scales_v1,9f269e1baebf5478fa38567ad768aa576e592032f11cdbb55cf52f4e464e10f6,operator,decimate,NA,NA,decimate,decimate__decimate_int16_10e2__7d9d2c2fa25f0b6e,decimate_int16_10e2,10^2,105,x=[10x10];h=[5],INT16,CPU,not_applicable,compatibility/end-to-end,PASS,OK,20,100,94,0.0043299999999999996,true,7d9d2c2fa25f0b6e6576ab4e041a1a17e9ed94370dc93a01dd1c7935406451da,5a2029ffa8aa5a82acffb34114633e7386b37a5fca90584c379c9e84bb62dfad
1,20260809T104756Z_02b9734201c9_stage08_b03_formal_8343f009,formal,20260809T104756Z,02b9734201c91369fba6fa819d1b5b39f5a8522f,true,stage08_b03_decimate_scales_v1,9f269e1baebf5478fa38567ad768aa576e592032f11cdbb55cf52f4e464e10f6,operator,decimate,NA,NA,decimate,decimate__decimate_int16_10e2__7d9d2c2fa25f0b6e,decimate_int16_10e2,10^2,105,x=[10x10];h=[5],INT16,CPU,not_applicable,compatibility/end-to-end,PASS,OK,20,100,95,0.0043499999999999997,true,7d9d2c2fa25f0b6e6576ab4e041a1a17e9ed94370dc93a01dd1c7935406451da,5a2029ffa8aa5a82acffb34114633e7386b37a5fca90584c379c9e84bb62dfad
1,20260809T104756Z_02b9734201c9_stage08_b03_formal_8343f009,formal,20260809T104756Z,02b9734201c91369fba6fa819d1b5b39f5a8522f,true,stage08_b03_decimate_scales_v1,9f269e1baebf5478fa38567ad768aa576e592032f11cdbb55cf52f4e464e10f6,operator,decimate,NA,NA,decimate,decimate__decimate_int16_10e2__7d9d2c2fa25f0b6e,decimate_int16_10e2,10^2,105,x=[10x10];h=[5],INT16,CPU,not_applicable,compatibility/end-to-end,PASS,OK,20,100,96,0.0043600000000000002,true,7d9d2c2fa25f0b6e6576ab4e041a1a17e9ed94370dc93a01dd1c7935406451da,5a2029ffa8aa5a82acffb34114633e7386b37a5fca90584c379c9e84bb62dfad
1,20260809T104756Z_02b9734201c9_stage08_b03_formal_8343f009,formal,20260809T104756Z,02b9734201c91369fba6fa819d1b5b39f5a8522f,true,stage08_b03_decimate_scales_v1,9f269e1baebf5478fa38567ad768aa576e592032f11cdbb55cf52f4e464e10f6,operator,decimate,NA,NA,decimate,decimate__decimate_int16_10e2__7d9d2c2fa25f0b6e,decimate_int16_10e2,10^2,105,x=[10x10];h=[5],INT16,CPU,not_applicable,compatibility/end-to-end,PASS,OK,20,100,97,0.0043400000000000001,true,7d9d2c2fa25f0b6e6576ab4e041a1a17e9ed94370dc93a01dd1c7935406451da,5a2029ffa8aa5a82acffb34114633e7386b37a5fca90584c379c9e84bb62dfad
1,20260809T104756Z_02b9734201c9_stage08_b03_formal_8343f009,formal,20260809T104756Z,02b9734201c91369fba6fa819d1b5b39f5a8522f,true,stage08_b03_decimate_scales_v1,9f269e1baebf5478fa38567ad768aa576e592032f11cdbb55cf52f4e464e10f6,operator,decimate,NA,NA,decimate,decimate__decimate_int16_10e2__7d9d2c2fa25f0b6e,decimate_int16_10e2,10^2,105,x=[10x10];h=[5],INT16,CPU,not_applicable,compatibility/end-to-end,PASS,OK,20,100,98,0.0043400000000000001,true,7d9d2c2fa25f0b6e6576ab4e041a1a17e9ed94370dc93a01dd1c7935406451da,5a2029ffa8aa5a82acffb34114633e7386b37a5fca90584c379c9e84bb62dfad
1,20260809T104756Z_02b9734201c9_stage08_b03_formal_8343f009,formal,20260809T104756Z,02b9734201c91369fba6fa819d1b5b39f5a8522f,true,stage08_b03_decimate_scales_v1,9f269e1baebf5478fa38567ad768aa576e592032f11cdbb55cf52f4e464e10f6,operator,decimate,NA,NA,decimate,decimate__decimate_int16_10e2__7d9d2c2fa25f0b6e,decimate_int16_10e2,10^2,105,x=[10x10];h=[5],INT16,CPU,not_applicable,compatibility/end-to-end,PASS,OK,20,100,99,0.0043400000000000001,true,7d9d2c2fa25f0b6e6576ab4e041a1a17e9ed94370dc93a01dd1c7935406451da,5a2029ffa8aa5a82acffb34114633e7386b37a5fca90584c379c9e84bb62dfad
1,20260809T104756Z_02b9734201c9_stage08_b03_formal_8343f009,formal,20260809T104756Z,02b9734201c91369fba6fa819d1b5b39f5a8522f,true,stage08_b03_decimate_scales_v1,9f269e1baebf5478fa38567ad768aa576e592032f11cdbb55cf52f4e464e10f6,operator,decimate,NA,NA,decimate,decimate__decimate_int16_10e2__7d9d2c2fa25f0b6e,decimate_int16_10e2,10^2,105,x=[10x10];h=[5],INT16,GPU,not_applicable,compatibility/end-to-end,PASS,OK,20,100,0,0.31692300000000001,true,7d9d2c2fa25f0b6e6576ab4e041a1a17e9ed94370dc93a01dd1c7935406451da,5a2029ffa8aa5a82acffb34114633e7386b37a5fca90584c379c9e84bb62dfad
1,20260809T104756Z_02b9734201c9_stage08_b03_formal_8343f009,formal,20260809T104756Z,02b9734201c91369fba6fa819d1b5b39f5a8522f,true,stage08_b03_decimate_scales_v1,9f269e1baebf5478fa38567ad768aa576e592032f11cdbb55cf52f4e464e10f6,operator,decimate,NA,NA,decimate,decimate__decimate_int16_10e2__7d9d2c2fa25f0b6e,decimate_int16_10e2,10^2,105,x=[10x10];h=[5],INT16,GPU,not_applicable,compatibility/end-to-end,PASS,OK,20,100,1,0.31661299999999998,true,7d9d2c2fa25f0b6e6576ab4e041a1a17e9ed94370dc93a01dd1c7935406451da,5a2029ffa8aa5a82acffb34114633e7386b37a5fca90584c379c9e84bb62dfad
1,20260809T104756Z_02b9734201c9_stage08_b03_formal_8343f009,formal,20260809T104756Z,02b9734201c91369fba6fa819d1b5b39f5a8522f,true,stage08_b03_decimate_scales_v1,9f269e1baebf5478fa38567ad768aa576e592032f11cdbb55cf52f4e464e10f6,operator,decimate,NA,NA,decimate,decimate__decimate_int16_10e2__7d9d2c2fa25f0b6e,decimate_int16_10e2,10^2,105,x=[10x10];h=[5],INT16,GPU,not_applicable,compatibility/end-to-end,PASS,OK,20,100,2,0.31754199999999999,true,7d9d2c2fa25f0b6e6576ab4e041a1a17e9ed94370dc93a01dd1c7935406451da,5a2029ffa8aa5a82acffb34114633e7386b37a5fca90584c379c9e84bb62dfad
1,20260809T104756Z_02b9734201c9_stage08_b03_formal_8343f009,formal,20260809T104756Z,02b9734201c91369fba6fa819d1b5b39f5a8522f,true,stage08_b03_decimate_scales_v1,9f269e1baebf5478fa38567ad768aa576e592032f11cdbb55cf52f4e464e10f6,operator,decimate,NA,NA,decimate,decimate__decimate_int16_10e2__7d9d2c2fa25f0b6e,decimate_int16_10e2,10^2,105,x=[10x10];h=[5],INT16,GPU,not_applicable,compatibility/end-to-end,PASS,OK,20,100,3,0.31904300000000002,true,7d9d2c2fa25f0b6e6576ab4e041a1a17e9ed94370dc93a01dd1c7935406451da,5a2029ffa8aa5a82acffb34114633e7386b37a5fca90584c379c9e84bb62dfad
1,20260809T104756Z_02b9734201c9_stage08_b03_formal_8343f009,formal,20260809T104756Z,02b9734201c91369fba6fa819d1b5b39f5a8522f,true,stage08_b03_decimate_scales_v1,9f269e1baebf5478fa38567ad768aa576e592032f11cdbb55cf52f4e464e10f6,operator,decimate,NA,NA,decimate,decimate__decimate_int16_10e2__7d9d2c2fa25f0b6e,decimate_int16_10e2,10^2,105,x=[10x10];h=[5],INT16,GPU,not_applicable,compatibility/end-to-end,PASS,OK,20,100,4,0.36969299999999999,true,7d9d2c2fa25f0b6e6576ab4e041a1a17e9ed94370dc93a01dd1c7935406451da,5a2029ffa8aa5a82acffb34114633e7386b37a5fca90584c379c9e84bb62dfad
1,20260809T104756Z_02b9734201c9_stage08_b03_formal_8343f009,formal,20260809T104756Z,02b9734201c91369fba6fa819d1b5b39f5a8522f,true,stage08_b03_decimate_scales_v1,9f269e1baebf5478fa38567ad768aa576e592032f11cdbb55cf52f4e464e10f6,operator,decimate,NA,NA,decimate,decimate__decimate_int16_10e2__7d9d2c2fa25f0b6e,decimate_int16_10e2,10^2,105,x=[10x10];h=[5],INT16,GPU,not_applicable,compatibility/end-to-end,PASS,OK,20,100,5,0.32047300000000001,true,7d9d2c2fa25f0b6e6576ab4e041a1a17e9ed94370dc93a01dd1c7935406451da,5a2029ffa8aa5a82acffb34114633e7386b37a5fca90584c379c9e84bb62dfad
1,20260809T104756Z_02b9734201c9_stage08_b03_formal_8343f009,formal,20260809T104756Z,02b9734201c91369fba6fa819d1b5b39f5a8522f,true,stage08_b03_decimate_scales_v1,9f269e1baebf5478fa38567ad768aa576e592032f11cdbb55cf52f4e464e10f6,operator,decimate,NA,NA,decimate,decimate__decimate_int16_10e2__7d9d2c2fa25f0b6e,decimate_int16_10e2,10^2,105,x=[10x10];h=[5],INT16,GPU,not_applicable,compatibility/end-to-end,PASS,OK,20,100,6,0.32184299999999999,true,7d9d2c2fa25f0b6e6576ab4e041a1a17e9ed94370dc93a01dd1c7935406451da,5a2029ffa8aa5a82acffb34114633e7386b37a5fca90584c379c9e84bb62dfad
1,20260809T104756Z_02b9734201c9_stage08_b03_formal_8343f009,formal,20260809T104756Z,02b9734201c91369fba6fa819d1b5b39f5a8522f,true,stage08_b03_decimate_scales_v1,9f269e1baebf5478fa38567ad768aa576e592032f11cdbb55cf52f4e464e10f6,operator,decimate,NA,NA,decimate,decimate__decimate_int16_10e2__7d9d2c2fa25f0b6e,decimate_int16_10e2,10^2,105,x=[10x10];h=[5],INT16,GPU,not_applicable,compatibility/end-to-end,PASS,OK,20,100,7,0.32184200000000002,true,7d9d2c2fa25f0b6e6576ab4e041a1a17e9ed94370dc93a01dd1c7935406451da,5a2029ffa8aa5a82acffb34114633e7386b37a5fca90584c379c9e84bb62dfad
1,20260809T104756Z_02b9734201c9_stage08_b03_formal_8343f009,formal,20260809T104756Z,02b9734201c91369fba6fa819d1b5b39f5a8522f,true,stage08_b03_decimate_scales_v1,9f269e1baebf5478fa38567ad768aa576e592032f11cdbb55cf52f4e464e10f6,operator,decimate,NA,NA,decimate,decimate__decimate_int16_10e2__7d9d2c2fa25f0b6e,decimate_int16_10e2,10^2,105,x=[10x10];h=[5],INT16,GPU,not_applicable,compatibility/end-to-end,PASS,OK,20,100,8,0.32195299999999999,true,7d9d2c2fa25f0b6e6576ab4e041a1a17e9ed94370dc93a01dd1c7935406451da,5a2029ffa8aa5a82acffb34114633e7386b37a5fca90584c379c9e84bb62dfad
1,20260809T104756Z_02b9734201c9_stage08_b03_formal_8343f009,formal,20260809T104756Z,02b9734201c91369fba6fa819d1b5b39f5a8522f,true,stage08_b03_decimate_scales_v1,9f269e1baebf5478fa38567ad768aa576e592032f11cdbb55cf52f4e464e10f6,operator,decimate,NA,NA,decimate,decimate__decimate_int16_10e2__7d9d2c2fa25f0b6e,decimate_int16_10e2,10^2,105,x=[10x10];h=[5],INT16,GPU,not_applicable,compatibility/end-to-end,PASS,OK,20,100,9,0.31871300000000002,true,7d9d2c2fa25f0b6e6576ab4e041a1a17e9ed94370dc93a01dd1c7935406451da,5a2029ffa8aa5a82acffb34114633e7386b37a5fca90584c379c9e84bb62dfad
1,20260809T104756Z_02b9734201c9_stage08_b03_formal_8343f009,formal,20260809T104756Z,02b9734201c91369fba6fa819d1b5b39f5a8522f,true,stage08_b03_decimate_scales_v1,9f269e1baebf5478fa38567ad768aa576e592032f11cdbb55cf52f4e464e10f6,operator,decimate,NA,NA,decimate,decimate__decimate_int16_10e2__7d9d2c2fa25f0b6e,decimate_int16_10e2,10^2,105,x=[10x10];h=[5],INT16,GPU,not_applicable,compatibility/end-to-end,PASS,OK,20,100,10,0.31900299999999998,true,7d9d2c2fa25f0b6e6576ab4e041a1a17e9ed94370dc93a01dd1c7935406451da,5a2029ffa8aa5a82acffb34114633e7386b37a5fca90584c379c9e84bb62dfad
1,20260809T104756Z_02b9734201c9_stage08_b03_formal_8343f009,formal,20260809T104756Z,02b9734201c91369fba6fa819d1b5b39f5a8522f,true,stage08_b03_decimate_scales_v1,9f269e1baebf5478fa38567ad768aa576e592032f11cdbb55cf52f4e464e10f6,operator,decimate,NA,NA,decimate,decimate__decimate_int16_10e2__7d9d2c2fa25f0b6e,decimate_int16_10e2,10^2,105,x=[10x10];h=[5],INT16,GPU,not_applicable,compatibility/end-to-end,PASS,OK,20,100,11,0.32492199999999999,true,7d9d2c2fa25f0b6e6576ab4e041a1a17e9ed94370dc93a01dd1c7935406451da,5a2029ffa8aa5a82acffb34114633e7386b37a5fca90584c379c9e84bb62dfad
1,20260809T104756Z_02b9734201c9_stage08_b03_formal_8343f009,formal,20260809T104756Z,02b9734201c91369fba6fa819d1b5b39f5a8522f,true,stage08_b03_decimate_scales_v1,9f269e1baebf5478fa38567ad768aa576e592032f11cdbb55cf52f4e464e10f6,operator,decimate,NA,NA,decimate,decimate__decimate_int16_10e2__7d9d2c2fa25f0b6e,decimate_int16_10e2,10^2,105,x=[10x10];h=[5],INT16,GPU,not_applicable,compatibility/end-to-end,PASS,OK,20,100,12,0.32260299999999997,true,7d9d2c2fa25f0b6e6576ab4e041a1a17e9ed94370dc93a01dd1c7935406451da,5a2029ffa8aa5a82acffb34114633e7386b37a5fca90584c379c9e84bb62dfad
1,20260809T104756Z_02b9734201c9_stage08_b03_formal_8343f009,formal,20260809T104756Z,02b9734201c91369fba6fa819d1b5b39f5a8522f,true,stage08_b03_decimate_scales_v1,9f269e1baebf5478fa38567ad768aa576e592032f11cdbb55cf52f4e464e10f6,operator,decimate,NA,NA,decimate,decimate__decimate_int16_10e2__7d9d2c2fa25f0b6e,decimate_int16_10e2,10^2,105,x=[10x10];h=[5],INT16,GPU,not_applicable,compatibility/end-to-end,PASS,OK,20,100,13,0.33402300000000001,true,7d9d2c2fa25f0b6e6576ab4e041a1a17e9ed94370dc93a01dd1c7935406451da,5a2029ffa8aa5a82acffb34114633e7386b37a5fca90584c379c9e84bb62dfad
1,20260809T104756Z_02b9734201c9_stage08_b03_formal_8343f009,formal,20260809T104756Z,02b9734201c91369fba6fa819d1b5b39f5a8522f,true,stage08_b03_decimate_scales_v1,9f269e1baebf5478fa38567ad768aa576e592032f11cdbb55cf52f4e464e10f6,operator,decimate,NA,NA,decimate,decimate__decimate_int16_10e2__7d9d2c2fa25f0b6e,decimate_int16_10e2,10^2,105,x=[10x10];h=[5],INT16,GPU,not_applicable,compatibility/end-to-end,PASS,OK,20,100,14,0.33618300000000001,true,7d9d2c2fa25f0b6e6576ab4e041a1a17e9ed94370dc93a01dd1c7935406451da,5a2029ffa8aa5a82acffb34114633e7386b37a5fca90584c379c9e84bb62dfad
1,20260809T104756Z_02b9734201c9_stage08_b03_formal_8343f009,formal,20260809T104756Z,02b9734201c91369fba6fa819d1b5b39f5a8522f,true,stage08_b03_decimate_scales_v1,9f269e1baebf5478fa38567ad768aa576e592032f11cdbb55cf52f4e464e10f6,operator,decimate,NA,NA,decimate,decimate__decimate_int16_10e2__7d9d2c2fa25f0b6e,decimate_int16_10e2,10^2,105,x=[10x10];h=[5],INT16,GPU,not_applicable,compatibility/end-to-end,PASS,OK,20,100,15,0.320322,true,7d9d2c2fa25f0b6e6576ab4e041a1a17e9ed94370dc93a01dd1c7935406451da,5a2029ffa8aa5a82acffb34114633e7386b37a5fca90584c379c9e84bb62dfad
1,20260809T104756Z_02b9734201c9_stage08_b03_formal_8343f009,formal,20260809T104756Z,02b9734201c91369fba6fa819d1b5b39f5a8522f,true,stage08_b03_decimate_scales_v1,9f269e1baebf5478fa38567ad768aa576e592032f11cdbb55cf52f4e464e10f6,operator,decimate,NA,NA,decimate,decimate__decimate_int16_10e2__7d9d2c2fa25f0b6e,decimate_int16_10e2,10^2,105,x=[10x10];h=[5],INT16,GPU,not_applicable,compatibility/end-to-end,PASS,OK,20,100,16,0.85161699999999996,true,7d9d2c2fa25f0b6e6576ab4e041a1a17e9ed94370dc93a01dd1c7935406451da,5a2029ffa8aa5a82acffb34114633e7386b37a5fca90584c379c9e84bb62dfad
1,20260809T104756Z_02b9734201c9_stage08_b03_formal_8343f009,formal,20260809T104756Z,02b9734201c91369fba6fa819d1b5b39f5a8522f,true,stage08_b03_decimate_scales_v1,9f269e1baebf5478fa38567ad768aa576e592032f11cdbb55cf52f4e464e10f6,operator,decimate,NA,NA,decimate,decimate__decimate_int16_10e2__7d9d2c2fa25f0b6e,decimate_int16_10e2,10^2,105,x=[10x10];h=[5],INT16,GPU,not_applicable,compatibility/end-to-end,PASS,OK,20,100,17,0.37254300000000001,true,7d9d2c2fa25f0b6e6576ab4e041a1a17e9ed94370dc93a01dd1c7935406451da,5a2029ffa8aa5a82acffb34114633e7386b37a5fca90584c379c9e84bb62dfad
1,20260809T104756Z_02b9734201c9_stage08_b03_formal_8343f009,formal,20260809T104756Z,02b9734201c91369fba6fa819d1b5b39f5a8522f,true,stage08_b03_decimate_scales_v1,9f269e1baebf5478fa38567ad768aa576e592032f11cdbb55cf52f4e464e10f6,operator,decimate,NA,NA,decimate,decimate__decimate_int16_10e2__7d9d2c2fa25f0b6e,decimate_int16_10e2,10^2,105,x=[10x10];h=[5],INT16,GPU,not_applicable,compatibility/end-to-end,PASS,OK,20,100,18,0.38654300000000003,true,7d9d2c2fa25f0b6e6576ab4e041a1a17e9ed94370dc93a01dd1c7935406451da,5a2029ffa8aa5a82acffb34114633e7386b37a5fca90584c379c9e84bb62dfad
1,20260809T104756Z_02b9734201c9_stage08_b03_formal_8343f009,formal,20260809T104756Z,02b9734201c91369fba6fa819d1b5b39f5a8522f,true,stage08_b03_decimate_scales_v1,9f269e1baebf5478fa38567ad768aa576e592032f11cdbb55cf52f4e464e10f6,operator,decimate,NA,NA,decimate,decimate__decimate_int16_10e2__7d9d2c2fa25f0b6e,decimate_int16_10e2,10^2,105,x=[10x10];h=[5],INT16,GPU,not_applicable,compatibility/end-to-end,PASS,OK,20,100,19,0.383633,true,7d9d2c2fa25f0b6e6576ab4e041a1a17e9ed94370dc93a01dd1c7935406451da,5a2029ffa8aa5a82acffb34114633e7386b37a5fca90584c379c9e84bb62dfad
1,20260809T104756Z_02b9734201c9_stage08_b03_formal_8343f009,formal,20260809T104756Z,02b9734201c91369fba6fa819d1b5b39f5a8522f,true,stage08_b03_decimate_scales_v1,9f269e1baebf5478fa38567ad768aa576e592032f11cdbb55cf52f4e464e10f6,operator,decimate,NA,NA,decimate,decimate__decimate_int16_10e2__7d9d2c2fa25f0b6e,decimate_int16_10e2,10^2,105,x=[10x10];h=[5],INT16,GPU,not_applicable,compatibility/end-to-end,PASS,OK,20,100,20,0.36527300000000001,true,7d9d2c2fa25f0b6e6576ab4e041a1a17e9ed94370dc93a01dd1c7935406451da,5a2029ffa8aa5a82acffb34114633e7386b37a5fca90584c379c9e84bb62dfad
1,20260809T104756Z_02b9734201c9_stage08_b03_formal_8343f009,formal,20260809T104756Z,02b9734201c91369fba6fa819d1b5b39f5a8522f,true,stage08_b03_decimate_scales_v1,9f269e1baebf5478fa38567ad768aa576e592032f11cdbb55cf52f4e464e10f6,operator,decimate,NA,NA,decimate,decimate__decimate_int16_10e2__7d9d2c2fa25f0b6e,decimate_int16_10e2,10^2,105,x=[10x10];h=[5],INT16,GPU,not_applicable,compatibility/end-to-end,PASS,OK,20,100,21,0.361543,true,7d9d2c2fa25f0b6e6576ab4e041a1a17e9ed94370dc93a01dd1c7935406451da,5a2029ffa8aa5a82acffb34114633e7386b37a5fca90584c379c9e84bb62dfad
1,20260809T104756Z_02b9734201c9_stage08_b03_formal_8343f009,formal,20260809T104756Z,02b9734201c91369fba6fa819d1b5b39f5a8522f,true,stage08_b03_decimate_scales_v1,9f269e1baebf5478fa38567ad768aa576e592032f11cdbb55cf52f4e464e10f6,operator,decimate,NA,NA,decimate,decimate__decimate_int16_10e2__7d9d2c2fa25f0b6e,decimate_int16_10e2,10^2,105,x=[10x10];h=[5],INT16,GPU,not_applicable,compatibility/end-to-end,PASS,OK,20,100,22,0.41975400000000002,true,7d9d2c2fa25f0b6e6576ab4e041a1a17e9ed94370dc93a01dd1c7935406451da,5a2029ffa8aa5a82acffb34114633e7386b37a5fca90584c379c9e84bb62dfad
1,20260809T104756Z_02b9734201c9_stage08_b03_formal_8343f009,formal,20260809T104756Z,02b9734201c91369fba6fa819d1b5b39f5a8522f,true,stage08_b03_decimate_scales_v1,9f269e1baebf5478fa38567ad768aa576e592032f11cdbb55cf52f4e464e10f6,operator,decimate,NA,NA,decimate,decimate__decimate_int16_10e2__7d9d2c2fa25f0b6e,decimate_int16_10e2,10^2,105,x=[10x10];h=[5],INT16,GPU,not_applicable,compatibility/end-to-end,PASS,OK,20,100,23,0.38571299999999997,true,7d9d2c2fa25f0b6e6576ab4e041a1a17e9ed94370dc93a01dd1c7935406451da,5a2029ffa8aa5a82acffb34114633e7386b37a5fca90584c379c9e84bb62dfad
1,20260809T104756Z_02b9734201c9_stage08_b03_formal_8343f009,formal,20260809T104756Z,02b9734201c91369fba6fa819d1b5b39f5a8522f,true,stage08_b03_decimate_scales_v1,9f269e1baebf5478fa38567ad768aa576e592032f11cdbb55cf52f4e464e10f6,operator,decimate,NA,NA,decimate,decimate__decimate_int16_10e2__7d9d2c2fa25f0b6e,decimate_int16_10e2,10^2,105,x=[10x10];h=[5],INT16,GPU,not_applicable,compatibility/end-to-end,PASS,OK,20,100,24,0.38501299999999999,true,7d9d2c2fa25f0b6e6576ab4e041a1a17e9ed94370dc93a01dd1c7935406451da,5a2029ffa8aa5a82acffb34114633e7386b37a5fca90584c379c9e84bb62dfad
1,20260809T104756Z_02b9734201c9_stage08_b03_formal_8343f009,formal,20260809T104756Z,02b9734201c91369fba6fa819d1b5b39f5a8522f,true,stage08_b03_decimate_scales_v1,9f269e1baebf5478fa38567ad768aa576e592032f11cdbb55cf52f4e464e10f6,operator,decimate,NA,NA,decimate,decimate__decimate_int16_10e2__7d9d2c2fa25f0b6e,decimate_int16_10e2,10^2,105,x=[10x10];h=[5],INT16,GPU,not_applicable,compatibility/end-to-end,PASS,OK,20,100,25,0.37861299999999998,true,7d9d2c2fa25f0b6e6576ab4e041a1a17e9ed94370dc93a01dd1c7935406451da,5a2029ffa8aa5a82acffb34114633e7386b37a5fca90584c379c9e84bb62dfad
1,20260809T104756Z_02b9734201c9_stage08_b03_formal_8343f009,formal,20260809T104756Z,02b9734201c91369fba6fa819d1b5b39f5a8522f,true,stage08_b03_decimate_scales_v1,9f269e1baebf5478fa38567ad768aa576e592032f11cdbb55cf52f4e464e10f6,operator,decimate,NA,NA,decimate,decimate__decimate_int16_10e2__7d9d2c2fa25f0b6e,decimate_int16_10e2,10^2,105,x=[10x10];h=[5],INT16,GPU,not_applicable,compatibility/end-to-end,PASS,OK,20,100,26,0.36298399999999997,true,7d9d2c2fa25f0b6e6576ab4e041a1a17e9ed94370dc93a01dd1c7935406451da,5a2029ffa8aa5a82acffb34114633e7386b37a5fca90584c379c9e84bb62dfad
1,20260809T104756Z_02b9734201c9_stage08_b03_formal_8343f009,formal,20260809T104756Z,02b9734201c91369fba6fa819d1b5b39f5a8522f,true,stage08_b03_decimate_scales_v1,9f269e1baebf5478fa38567ad768aa576e592032f11cdbb55cf52f4e464e10f6,operator,decimate,NA,NA,decimate,decimate__decimate_int16_10e2__7d9d2c2fa25f0b6e,decimate_int16_10e2,10^2,105,x=[10x10];h=[5],INT16,GPU,not_applicable,compatibility/end-to-end,PASS,OK,20,100,27,0.31915199999999999,true,7d9d2c2fa25f0b6e6576ab4e041a1a17e9ed94370dc93a01dd1c7935406451da,5a2029ffa8aa5a82acffb34114633e7386b37a5fca90584c379c9e84bb62dfad
1,20260809T104756Z_02b9734201c9_stage08_b03_formal_8343f009,formal,20260809T104756Z,02b9734201c91369fba6fa819d1b5b39f5a8522f,true,stage08_b03_decimate_scales_v1,9f269e1baebf5478fa38567ad768aa576e592032f11cdbb55cf52f4e464e10f6,operator,decimate,NA,NA,decimate,decimate__decimate_int16_10e2__7d9d2c2fa25f0b6e,decimate_int16_10e2,10^2,105,x=[10x10];h=[5],INT16,GPU,not_applicable,compatibility/end-to-end,PASS,OK,20,100,28,0.32201299999999999,true,7d9d2c2fa25f0b6e6576ab4e041a1a17e9ed94370dc93a01dd1c7935406451da,5a2029ffa8aa5a82acffb34114633e7386b37a5fca90584c379c9e84bb62dfad
1,20260809T104756Z_02b9734201c9_stage08_b03_formal_8343f009,formal,20260809T104756Z,02b9734201c91369fba6fa819d1b5b39f5a8522f,true,stage08_b03_decimate_scales_v1,9f269e1baebf5478fa38567ad768aa576e592032f11cdbb55cf52f4e464e10f6,operator,decimate,NA,NA,decimate,decimate__decimate_int16_10e2__7d9d2c2fa25f0b6e,decimate_int16_10e2,10^2,105,x=[10x10];h=[5],INT16,GPU,not_applicable,compatibility/end-to-end,PASS,OK,20,100,29,0.32582299999999997,true,7d9d2c2fa25f0b6e6576ab4e041a1a17e9ed94370dc93a01dd1c7935406451da,5a2029ffa8aa5a82acffb34114633e7386b37a5fca90584c379c9e84bb62dfad
1,20260809T104756Z_02b9734201c9_stage08_b03_formal_8343f009,formal,20260809T104756Z,02b9734201c91369fba6fa819d1b5b39f5a8522f,true,stage08_b03_decimate_scales_v1,9f269e1baebf5478fa38567ad768aa576e592032f11cdbb55cf52f4e464e10f6,operator,decimate,NA,NA,decimate,decimate__decimate_int16_10e2__7d9d2c2fa25f0b6e,decimate_int16_10e2,10^2,105,x=[10x10];h=[5],INT16,GPU,not_applicable,compatibility/end-to-end,PASS,OK,20,100,30,0.34173300000000001,true,7d9d2c2fa25f0b6e6576ab4e041a1a17e9ed94370dc93a01dd1c7935406451da,5a2029ffa8aa5a82acffb34114633e7386b37a5fca90584c379c9e84bb62dfad
1,20260809T104756Z_02b9734201c9_stage08_b03_formal_8343f009,formal,20260809T104756Z,02b9734201c91369fba6fa819d1b5b39f5a8522f,true,stage08_b03_decimate_scales_v1,9f269e1baebf5478fa38567ad768aa576e592032f11cdbb55cf52f4e464e10f6,operator,decimate,NA,NA,decimate,decimate__decimate_int16_10e2__7d9d2c2fa25f0b6e,decimate_int16_10e2,10^2,105,x=[10x10];h=[5],INT16,GPU,not_applicable,compatibility/end-to-end,PASS,OK,20,100,31,0.60114500000000004,true,7d9d2c2fa25f0b6e6576ab4e041a1a17e9ed94370dc93a01dd1c7935406451da,5a2029ffa8aa5a82acffb34114633e7386b37a5fca90584c379c9e84bb62dfad
1,20260809T104756Z_02b9734201c9_stage08_b03_formal_8343f009,formal,20260809T104756Z,02b9734201c91369fba6fa819d1b5b39f5a8522f,true,stage08_b03_decimate_scales_v1,9f269e1baebf5478fa38567ad768aa576e592032f11cdbb55cf52f4e464e10f6,operator,decimate,NA,NA,decimate,decimate__decimate_int16_10e2__7d9d2c2fa25f0b6e,decimate_int16_10e2,10^2,105,x=[10x10];h=[5],INT16,GPU,not_applicable,compatibility/end-to-end,PASS,OK,20,100,32,0.32656299999999999,true,7d9d2c2fa25f0b6e6576ab4e041a1a17e9ed94370dc93a01dd1c7935406451da,5a2029ffa8aa5a82acffb34114633e7386b37a5fca90584c379c9e84bb62dfad
1,20260809T104756Z_02b9734201c9_stage08_b03_formal_8343f009,formal,20260809T104756Z,02b9734201c91369fba6fa819d1b5b39f5a8522f,true,stage08_b03_decimate_scales_v1,9f269e1baebf5478fa38567ad768aa576e592032f11cdbb55cf52f4e464e10f6,operator,decimate,NA,NA,decimate,decimate__decimate_int16_10e2__7d9d2c2fa25f0b6e,decimate_int16_10e2,10^2,105,x=[10x10];h=[5],INT16,GPU,not_applicable,compatibility/end-to-end,PASS,OK,20,100,33,0.32749299999999998,true,7d9d2c2fa25f0b6e6576ab4e041a1a17e9ed94370dc93a01dd1c7935406451da,5a2029ffa8aa5a82acffb34114633e7386b37a5fca90584c379c9e84bb62dfad
1,20260809T104756Z_02b9734201c9_stage08_b03_formal_8343f009,formal,20260809T104756Z,02b9734201c91369fba6fa819d1b5b39f5a8522f,true,stage08_b03_decimate_scales_v1,9f269e1baebf5478fa38567ad768aa576e592032f11cdbb55cf52f4e464e10f6,operator,decimate,NA,NA,decimate,decimate__decimate_int16_10e2__7d9d2c2fa25f0b6e,decimate_int16_10e2,10^2,105,x=[10x10];h=[5],INT16,GPU,not_applicable,compatibility/end-to-end,PASS,OK,20,100,34,0.32506200000000002,true,7d9d2c2fa25f0b6e6576ab4e041a1a17e9ed94370dc93a01dd1c7935406451da,5a2029ffa8aa5a82acffb34114633e7386b37a5fca90584c379c9e84bb62dfad
1,20260809T104756Z_02b9734201c9_stage08_b03_formal_8343f009,formal,20260809T104756Z,02b9734201c91369fba6fa819d1b5b39f5a8522f,true,stage08_b03_decimate_scales_v1,9f269e1baebf5478fa38567ad768aa576e592032f11cdbb55cf52f4e464e10f6,operator,decimate,NA,NA,decimate,decimate__decimate_int16_10e2__7d9d2c2fa25f0b6e,decimate_int16_10e2,10^2,105,x=[10x10];h=[5],INT16,GPU,not_applicable,compatibility/end-to-end,PASS,OK,20,100,35,0.31903300000000001,true,7d9d2c2fa25f0b6e6576ab4e041a1a17e9ed94370dc93a01dd1c7935406451da,5a2029ffa8aa5a82acffb34114633e7386b37a5fca90584c379c9e84bb62dfad
1,20260809T104756Z_02b9734201c9_stage08_b03_formal_8343f009,formal,20260809T104756Z,02b9734201c91369fba6fa819d1b5b39f5a8522f,true,stage08_b03_decimate_scales_v1,9f269e1baebf5478fa38567ad768aa576e592032f11cdbb55cf52f4e464e10f6,operator,decimate,NA,NA,decimate,decimate__decimate_int16_10e2__7d9d2c2fa25f0b6e,decimate_int16_10e2,10^2,105,x=[10x10];h=[5],INT16,GPU,not_applicable,compatibility/end-to-end,PASS,OK,20,100,36,0.32376300000000002,true,7d9d2c2fa25f0b6e6576ab4e041a1a17e9ed94370dc93a01dd1c7935406451da,5a2029ffa8aa5a82acffb34114633e7386b37a5fca90584c379c9e84bb62dfad
1,20260809T104756Z_02b9734201c9_stage08_b03_formal_8343f009,formal,20260809T104756Z,02b9734201c91369fba6fa819d1b5b39f5a8522f,true,stage08_b03_decimate_scales_v1,9f269e1baebf5478fa38567ad768aa576e592032f11cdbb55cf52f4e464e10f6,operator,decimate,NA,NA,decimate,decimate__decimate_int16_10e2__7d9d2c2fa25f0b6e,decimate_int16_10e2,10^2,105,x=[10x10];h=[5],INT16,GPU,not_applicable,compatibility/end-to-end,PASS,OK,20,100,37,0.34876299999999999,true,7d9d2c2fa25f0b6e6576ab4e041a1a17e9ed94370dc93a01dd1c7935406451da,5a2029ffa8aa5a82acffb34114633e7386b37a5fca90584c379c9e84bb62dfad
1,20260809T104756Z_02b9734201c9_stage08_b03_formal_8343f009,formal,20260809T104756Z,02b9734201c91369fba6fa819d1b5b39f5a8522f,true,stage08_b03_decimate_scales_v1,9f269e1baebf5478fa38567ad768aa576e592032f11cdbb55cf52f4e464e10f6,operator,decimate,NA,NA,decimate,decimate__decimate_int16_10e2__7d9d2c2fa25f0b6e,decimate_int16_10e2,10^2,105,x=[10x10];h=[5],INT16,GPU,not_applicable,compatibility/end-to-end,PASS,OK,20,100,38,0.32291300000000001,true,7d9d2c2fa25f0b6e6576ab4e041a1a17e9ed94370dc93a01dd1c7935406451da,5a2029ffa8aa5a82acffb34114633e7386b37a5fca90584c379c9e84bb62dfad
1,20260809T104756Z_02b9734201c9_stage08_b03_formal_8343f009,formal,20260809T104756Z,02b9734201c91369fba6fa819d1b5b39f5a8522f,true,stage08_b03_decimate_scales_v1,9f269e1baebf5478fa38567ad768aa576e592032f11cdbb55cf52f4e464e10f6,operator,decimate,NA,NA,decimate,decimate__decimate_int16_10e2__7d9d2c2fa25f0b6e,decimate_int16_10e2,10^2,105,x=[10x10];h=[5],INT16,GPU,not_applicable,compatibility/end-to-end,PASS,OK,20,100,39,0.31887199999999999,true,7d9d2c2fa25f0b6e6576ab4e041a1a17e9ed94370dc93a01dd1c7935406451da,5a2029ffa8aa5a82acffb34114633e7386b37a5fca90584c379c9e84bb62dfad
1,20260809T104756Z_02b9734201c9_stage08_b03_formal_8343f009,formal,20260809T104756Z,02b9734201c91369fba6fa819d1b5b39f5a8522f,true,stage08_b03_decimate_scales_v1,9f269e1baebf5478fa38567ad768aa576e592032f11cdbb55cf52f4e464e10f6,operator,decimate,NA,NA,decimate,decimate__decimate_int16_10e2__7d9d2c2fa25f0b6e,decimate_int16_10e2,10^2,105,x=[10x10];h=[5],INT16,GPU,not_applicable,compatibility/end-to-end,PASS,OK,20,100,40,0.32376300000000002,true,7d9d2c2fa25f0b6e6576ab4e041a1a17e9ed94370dc93a01dd1c7935406451da,5a2029ffa8aa5a82acffb34114633e7386b37a5fca90584c379c9e84bb62dfad
1,20260809T104756Z_02b9734201c9_stage08_b03_formal_8343f009,formal,20260809T104756Z,02b9734201c91369fba6fa819d1b5b39f5a8522f,true,stage08_b03_decimate_scales_v1,9f269e1baebf5478fa38567ad768aa576e592032f11cdbb55cf52f4e464e10f6,operator,decimate,NA,NA,decimate,decimate__decimate_int16_10e2__7d9d2c2fa25f0b6e,decimate_int16_10e2,10^2,105,x=[10x10];h=[5],INT16,GPU,not_applicable,compatibility/end-to-end,PASS,OK,20,100,41,0.85536699999999999,true,7d9d2c2fa25f0b6e6576ab4e041a1a17e9ed94370dc93a01dd1c7935406451da,5a2029ffa8aa5a82acffb34114633e7386b37a5fca90584c379c9e84bb62dfad
1,20260809T104756Z_02b9734201c9_stage08_b03_formal_8343f009,formal,20260809T104756Z,02b9734201c91369fba6fa819d1b5b39f5a8522f,true,stage08_b03_decimate_scales_v1,9f269e1baebf5478fa38567ad768aa576e592032f11cdbb55cf52f4e464e10f6,operator,decimate,NA,NA,decimate,decimate__decimate_int16_10e2__7d9d2c2fa25f0b6e,decimate_int16_10e2,10^2,105,x=[10x10];h=[5],INT16,GPU,not_applicable,compatibility/end-to-end,PASS,OK,20,100,42,0.37515300000000001,true,7d9d2c2fa25f0b6e6576ab4e041a1a17e9ed94370dc93a01dd1c7935406451da,5a2029ffa8aa5a82acffb34114633e7386b37a5fca90584c379c9e84bb62dfad
1,20260809T104756Z_02b9734201c9_stage08_b03_formal_8343f009,formal,20260809T104756Z,02b9734201c91369fba6fa819d1b5b39f5a8522f,true,stage08_b03_decimate_scales_v1,9f269e1baebf5478fa38567ad768aa576e592032f11cdbb55cf52f4e464e10f6,operator,decimate,NA,NA,decimate,decimate__decimate_int16_10e2__7d9d2c2fa25f0b6e,decimate_int16_10e2,10^2,105,x=[10x10];h=[5],INT16,GPU,not_applicable,compatibility/end-to-end,PASS,OK,20,100,43,0.34736299999999998,true,7d9d2c2fa25f0b6e6576ab4e041a1a17e9ed94370dc93a01dd1c7935406451da,5a2029ffa8aa5a82acffb34114633e7386b37a5fca90584c379c9e84bb62dfad
1,20260809T104756Z_02b9734201c9_stage08_b03_formal_8343f009,formal,20260809T104756Z,02b9734201c91369fba6fa819d1b5b39f5a8522f,true,stage08_b03_decimate_scales_v1,9f269e1baebf5478fa38567ad768aa576e592032f11cdbb55cf52f4e464e10f6,operator,decimate,NA,NA,decimate,decimate__decimate_int16_10e2__7d9d2c2fa25f0b6e,decimate_int16_10e2,10^2,105,x=[10x10];h=[5],INT16,GPU,not_applicable,compatibility/end-to-end,PASS,OK,20,100,44,0.34062300000000001,true,7d9d2c2fa25f0b6e6576ab4e041a1a17e9ed94370dc93a01dd1c7935406451da,5a2029ffa8aa5a82acffb34114633e7386b37a5fca90584c379c9e84bb62dfad
1,20260809T104756Z_02b9734201c9_stage08_b03_formal_8343f009,formal,20260809T104756Z,02b9734201c91369fba6fa819d1b5b39f5a8522f,true,stage08_b03_decimate_scales_v1,9f269e1baebf5478fa38567ad768aa576e592032f11cdbb55cf52f4e464e10f6,operator,decimate,NA,NA,decimate,decimate__decimate_int16_10e2__7d9d2c2fa25f0b6e,decimate_int16_10e2,10^2,105,x=[10x10];h=[5],INT16,GPU,not_applicable,compatibility/end-to-end,PASS,OK,20,100,45,0.33899299999999999,true,7d9d2c2fa25f0b6e6576ab4e041a1a17e9ed94370dc93a01dd1c7935406451da,5a2029ffa8aa5a82acffb34114633e7386b37a5fca90584c379c9e84bb62dfad
1,20260809T104756Z_02b9734201c9_stage08_b03_formal_8343f009,formal,20260809T104756Z,02b9734201c91369fba6fa819d1b5b39f5a8522f,true,stage08_b03_decimate_scales_v1,9f269e1baebf5478fa38567ad768aa576e592032f11cdbb55cf52f4e464e10f6,operator,decimate,NA,NA,decimate,decimate__decimate_int16_10e2__7d9d2c2fa25f0b6e,decimate_int16_10e2,10^2,105,x=[10x10];h=[5],INT16,GPU,not_applicable,compatibility/end-to-end,PASS,OK,20,100,46,0.34249299999999999,true,7d9d2c2fa25f0b6e6576ab4e041a1a17e9ed94370dc93a01dd1c7935406451da,5a2029ffa8aa5a82acffb34114633e7386b37a5fca90584c379c9e84bb62dfad
1,20260809T104756Z_02b9734201c9_stage08_b03_formal_8343f009,formal,20260809T104756Z,02b9734201c91369fba6fa819d1b5b39f5a8522f,true,stage08_b03_decimate_scales_v1,9f269e1baebf5478fa38567ad768aa576e592032f11cdbb55cf52f4e464e10f6,operator,decimate,NA,NA,decimate,decimate__decimate_int16_10e2__7d9d2c2fa25f0b6e,decimate_int16_10e2,10^2,105,x=[10x10];h=[5],INT16,GPU,not_applicable,compatibility/end-to-end,PASS,OK,20,100,47,0.36730299999999999,true,7d9d2c2fa25f0b6e6576ab4e041a1a17e9ed94370dc93a01dd1c7935406451da,5a2029ffa8aa5a82acffb34114633e7386b37a5fca90584c379c9e84bb62dfad
1,20260809T104756Z_02b9734201c9_stage08_b03_formal_8343f009,formal,20260809T104756Z,02b9734201c91369fba6fa819d1b5b39f5a8522f,true,stage08_b03_decimate_scales_v1,9f269e1baebf5478fa38567ad768aa576e592032f11cdbb55cf52f4e464e10f6,operator,decimate,NA,NA,decimate,decimate__decimate_int16_10e2__7d9d2c2fa25f0b6e,decimate_int16_10e2,10^2,105,x=[10x10];h=[5],INT16,GPU,not_applicable,compatibility/end-to-end,PASS,OK,20,100,48,0.42205399999999998,true,7d9d2c2fa25f0b6e6576ab4e041a1a17e9ed94370dc93a01dd1c7935406451da,5a2029ffa8aa5a82acffb34114633e7386b37a5fca90584c379c9e84bb62dfad
1,20260809T104756Z_02b9734201c9_stage08_b03_formal_8343f009,formal,20260809T104756Z,02b9734201c91369fba6fa819d1b5b39f5a8522f,true,stage08_b03_decimate_scales_v1,9f269e1baebf5478fa38567ad768aa576e592032f11cdbb55cf52f4e464e10f6,operator,decimate,NA,NA,decimate,decimate__decimate_int16_10e2__7d9d2c2fa25f0b6e,decimate_int16_10e2,10^2,105,x=[10x10];h=[5],INT16,GPU,not_applicable,compatibility/end-to-end,PASS,OK,20,100,49,0.34207199999999999,true,7d9d2c2fa25f0b6e6576ab4e041a1a17e9ed94370dc93a01dd1c7935406451da,5a2029ffa8aa5a82acffb34114633e7386b37a5fca90584c379c9e84bb62dfad
1,20260809T104756Z_02b9734201c9_stage08_b03_formal_8343f009,formal,20260809T104756Z,02b9734201c91369fba6fa819d1b5b39f5a8522f,true,stage08_b03_decimate_scales_v1,9f269e1baebf5478fa38567ad768aa576e592032f11cdbb55cf52f4e464e10f6,operator,decimate,NA,NA,decimate,decimate__decimate_int16_10e2__7d9d2c2fa25f0b6e,decimate_int16_10e2,10^2,105,x=[10x10];h=[5],INT16,GPU,not_applicable,compatibility/end-to-end,PASS,OK,20,100,50,0.34132299999999999,true,7d9d2c2fa25f0b6e6576ab4e041a1a17e9ed94370dc93a01dd1c7935406451da,5a2029ffa8aa5a82acffb34114633e7386b37a5fca90584c379c9e84bb62dfad
1,20260809T104756Z_02b9734201c9_stage08_b03_formal_8343f009,formal,20260809T104756Z,02b9734201c91369fba6fa819d1b5b39f5a8522f,true,stage08_b03_decimate_scales_v1,9f269e1baebf5478fa38567ad768aa576e592032f11cdbb55cf52f4e464e10f6,operator,decimate,NA,NA,decimate,decimate__decimate_int16_10e2__7d9d2c2fa25f0b6e,decimate_int16_10e2,10^2,105,x=[10x10];h=[5],INT16,GPU,not_applicable,compatibility/end-to-end,PASS,OK,20,100,51,0.35015299999999999,true,7d9d2c2fa25f0b6e6576ab4e041a1a17e9ed94370dc93a01dd1c7935406451da,5a2029ffa8aa5a82acffb34114633e7386b37a5fca90584c379c9e84bb62dfad
1,20260809T104756Z_02b9734201c9_stage08_b03_formal_8343f009,formal,20260809T104756Z,02b9734201c91369fba6fa819d1b5b39f5a8522f,true,stage08_b03_decimate_scales_v1,9f269e1baebf5478fa38567ad768aa576e592032f11cdbb55cf52f4e464e10f6,operator,decimate,NA,NA,decimate,decimate__decimate_int16_10e2__7d9d2c2fa25f0b6e,decimate_int16_10e2,10^2,105,x=[10x10];h=[5],INT16,GPU,not_applicable,compatibility/end-to-end,PASS,OK,20,100,52,0.343003,true,7d9d2c2fa25f0b6e6576ab4e041a1a17e9ed94370dc93a01dd1c7935406451da,5a2029ffa8aa5a82acffb34114633e7386b37a5fca90584c379c9e84bb62dfad
1,20260809T104756Z_02b9734201c9_stage08_b03_formal_8343f009,formal,20260809T104756Z,02b9734201c91369fba6fa819d1b5b39f5a8522f,true,stage08_b03_decimate_scales_v1,9f269e1baebf5478fa38567ad768aa576e592032f11cdbb55cf52f4e464e10f6,operator,decimate,NA,NA,decimate,decimate__decimate_int16_10e2__7d9d2c2fa25f0b6e,decimate_int16_10e2,10^2,105,x=[10x10];h=[5],INT16,GPU,not_applicable,compatibility/end-to-end,PASS,OK,20,100,53,0.33642300000000003,true,7d9d2c2fa25f0b6e6576ab4e041a1a17e9ed94370dc93a01dd1c7935406451da,5a2029ffa8aa5a82acffb34114633e7386b37a5fca90584c379c9e84bb62dfad
1,20260809T104756Z_02b9734201c9_stage08_b03_formal_8343f009,formal,20260809T104756Z,02b9734201c91369fba6fa819d1b5b39f5a8522f,true,stage08_b03_decimate_scales_v1,9f269e1baebf5478fa38567ad768aa576e592032f11cdbb55cf52f4e464e10f6,operator,decimate,NA,NA,decimate,decimate__decimate_int16_10e2__7d9d2c2fa25f0b6e,decimate_int16_10e2,10^2,105,x=[10x10];h=[5],INT16,GPU,not_applicable,compatibility/end-to-end,PASS,OK,20,100,54,0.34387299999999998,true,7d9d2c2fa25f0b6e6576ab4e041a1a17e9ed94370dc93a01dd1c7935406451da,5a2029ffa8aa5a82acffb34114633e7386b37a5fca90584c379c9e84bb62dfad
1,20260809T104756Z_02b9734201c9_stage08_b03_formal_8343f009,formal,20260809T104756Z,02b9734201c91369fba6fa819d1b5b39f5a8522f,true,stage08_b03_decimate_scales_v1,9f269e1baebf5478fa38567ad768aa576e592032f11cdbb55cf52f4e464e10f6,operator,decimate,NA,NA,decimate,decimate__decimate_int16_10e2__7d9d2c2fa25f0b6e,decimate_int16_10e2,10^2,105,x=[10x10];h=[5],INT16,GPU,not_applicable,compatibility/end-to-end,PASS,OK,20,100,55,0.345223,true,7d9d2c2fa25f0b6e6576ab4e041a1a17e9ed94370dc93a01dd1c7935406451da,5a2029ffa8aa5a82acffb34114633e7386b37a5fca90584c379c9e84bb62dfad
1,20260809T104756Z_02b9734201c9_stage08_b03_formal_8343f009,formal,20260809T104756Z,02b9734201c91369fba6fa819d1b5b39f5a8522f,true,stage08_b03_decimate_scales_v1,9f269e1baebf5478fa38567ad768aa576e592032f11cdbb55cf52f4e464e10f6,operator,decimate,NA,NA,decimate,decimate__decimate_int16_10e2__7d9d2c2fa25f0b6e,decimate_int16_10e2,10^2,105,x=[10x10];h=[5],INT16,GPU,not_applicable,compatibility/end-to-end,PASS,OK,20,100,56,0.34904299999999999,true,7d9d2c2fa25f0b6e6576ab4e041a1a17e9ed94370dc93a01dd1c7935406451da,5a2029ffa8aa5a82acffb34114633e7386b37a5fca90584c379c9e84bb62dfad
1,20260809T104756Z_02b9734201c9_stage08_b03_formal_8343f009,formal,20260809T104756Z,02b9734201c91369fba6fa819d1b5b39f5a8522f,true,stage08_b03_decimate_scales_v1,9f269e1baebf5478fa38567ad768aa576e592032f11cdbb55cf52f4e464e10f6,operator,decimate,NA,NA,decimate,decimate__decimate_int16_10e2__7d9d2c2fa25f0b6e,decimate_int16_10e2,10^2,105,x=[10x10];h=[5],INT16,GPU,not_applicable,compatibility/end-to-end,PASS,OK,20,100,57,0.34841299999999997,true,7d9d2c2fa25f0b6e6576ab4e041a1a17e9ed94370dc93a01dd1c7935406451da,5a2029ffa8aa5a82acffb34114633e7386b37a5fca90584c379c9e84bb62dfad
1,20260809T104756Z_02b9734201c9_stage08_b03_formal_8343f009,formal,20260809T104756Z,02b9734201c91369fba6fa819d1b5b39f5a8522f,true,stage08_b03_decimate_scales_v1,9f269e1baebf5478fa38567ad768aa576e592032f11cdbb55cf52f4e464e10f6,operator,decimate,NA,NA,decimate,decimate__decimate_int16_10e2__7d9d2c2fa25f0b6e,decimate_int16_10e2,10^2,105,x=[10x10];h=[5],INT16,GPU,not_applicable,compatibility/end-to-end,PASS,OK,20,100,58,0.37520300000000001,true,7d9d2c2fa25f0b6e6576ab4e041a1a17e9ed94370dc93a01dd1c7935406451da,5a2029ffa8aa5a82acffb34114633e7386b37a5fca90584c379c9e84bb62dfad
1,20260809T104756Z_02b9734201c9_stage08_b03_formal_8343f009,formal,20260809T104756Z,02b9734201c91369fba6fa819d1b5b39f5a8522f,true,stage08_b03_decimate_scales_v1,9f269e1baebf5478fa38567ad768aa576e592032f11cdbb55cf52f4e464e10f6,operator,decimate,NA,NA,decimate,decimate__decimate_int16_10e2__7d9d2c2fa25f0b6e,decimate_int16_10e2,10^2,105,x=[10x10];h=[5],INT16,GPU,not_applicable,compatibility/end-to-end,PASS,OK,20,100,59,0.365203,true,7d9d2c2fa25f0b6e6576ab4e041a1a17e9ed94370dc93a01dd1c7935406451da,5a2029ffa8aa5a82acffb34114633e7386b37a5fca90584c379c9e84bb62dfad
1,20260809T104756Z_02b9734201c9_stage08_b03_formal_8343f009,formal,20260809T104756Z,02b9734201c91369fba6fa819d1b5b39f5a8522f,true,stage08_b03_decimate_scales_v1,9f269e1baebf5478fa38567ad768aa576e592032f11cdbb55cf52f4e464e10f6,operator,decimate,NA,NA,decimate,decimate__decimate_int16_10e2__7d9d2c2fa25f0b6e,decimate_int16_10e2,10^2,105,x=[10x10];h=[5],INT16,GPU,not_applicable,compatibility/end-to-end,PASS,OK,20,100,60,0.39499299999999998,true,7d9d2c2fa25f0b6e6576ab4e041a1a17e9ed94370dc93a01dd1c7935406451da,5a2029ffa8aa5a82acffb34114633e7386b37a5fca90584c379c9e84bb62dfad
1,20260809T104756Z_02b9734201c9_stage08_b03_formal_8343f009,formal,20260809T104756Z,02b9734201c91369fba6fa819d1b5b39f5a8522f,true,stage08_b03_decimate_scales_v1,9f269e1baebf5478fa38567ad768aa576e592032f11cdbb55cf52f4e464e10f6,operator,decimate,NA,NA,decimate,decimate__decimate_int16_10e2__7d9d2c2fa25f0b6e,decimate_int16_10e2,10^2,105,x=[10x10];h=[5],INT16,GPU,not_applicable,compatibility/end-to-end,PASS,OK,20,100,61,0.33518300000000001,true,7d9d2c2fa25f0b6e6576ab4e041a1a17e9ed94370dc93a01dd1c7935406451da,5a2029ffa8aa5a82acffb34114633e7386b37a5fca90584c379c9e84bb62dfad
1,20260809T104756Z_02b9734201c9_stage08_b03_formal_8343f009,formal,20260809T104756Z,02b9734201c91369fba6fa819d1b5b39f5a8522f,true,stage08_b03_decimate_scales_v1,9f269e1baebf5478fa38567ad768aa576e592032f11cdbb55cf52f4e464e10f6,operator,decimate,NA,NA,decimate,decimate__decimate_int16_10e2__7d9d2c2fa25f0b6e,decimate_int16_10e2,10^2,105,x=[10x10];h=[5],INT16,GPU,not_applicable,compatibility/end-to-end,PASS,OK,20,100,62,0.32955299999999998,true,7d9d2c2fa25f0b6e6576ab4e041a1a17e9ed94370dc93a01dd1c7935406451da,5a2029ffa8aa5a82acffb34114633e7386b37a5fca90584c379c9e84bb62dfad
1,20260809T104756Z_02b9734201c9_stage08_b03_formal_8343f009,formal,20260809T104756Z,02b9734201c91369fba6fa819d1b5b39f5a8522f,true,stage08_b03_decimate_scales_v1,9f269e1baebf5478fa38567ad768aa576e592032f11cdbb55cf52f4e464e10f6,operator,decimate,NA,NA,decimate,decimate__decimate_int16_10e2__7d9d2c2fa25f0b6e,decimate_int16_10e2,10^2,105,x=[10x10];h=[5],INT16,GPU,not_applicable,compatibility/end-to-end,PASS,OK,20,100,63,0.36733300000000002,true,7d9d2c2fa25f0b6e6576ab4e041a1a17e9ed94370dc93a01dd1c7935406451da,5a2029ffa8aa5a82acffb34114633e7386b37a5fca90584c379c9e84bb62dfad
1,20260809T104756Z_02b9734201c9_stage08_b03_formal_8343f009,formal,20260809T104756Z,02b9734201c91369fba6fa819d1b5b39f5a8522f,true,stage08_b03_decimate_scales_v1,9f269e1baebf5478fa38567ad768aa576e592032f11cdbb55cf52f4e464e10f6,operator,decimate,NA,NA,decimate,decimate__decimate_int16_10e2__7d9d2c2fa25f0b6e,decimate_int16_10e2,10^2,105,x=[10x10];h=[5],INT16,GPU,not_applicable,compatibility/end-to-end,PASS,OK,20,100,64,0.35458299999999998,true,7d9d2c2fa25f0b6e6576ab4e041a1a17e9ed94370dc93a01dd1c7935406451da,5a2029ffa8aa5a82acffb34114633e7386b37a5fca90584c379c9e84bb62dfad
1,20260809T104756Z_02b9734201c9_stage08_b03_formal_8343f009,formal,20260809T104756Z,02b9734201c91369fba6fa819d1b5b39f5a8522f,true,stage08_b03_decimate_scales_v1,9f269e1baebf5478fa38567ad768aa576e592032f11cdbb55cf52f4e464e10f6,operator,decimate,NA,NA,decimate,decimate__decimate_int16_10e2__7d9d2c2fa25f0b6e,decimate_int16_10e2,10^2,105,x=[10x10];h=[5],INT16,GPU,not_applicable,compatibility/end-to-end,PASS,OK,20,100,65,0.336733,true,7d9d2c2fa25f0b6e6576ab4e041a1a17e9ed94370dc93a01dd1c7935406451da,5a2029ffa8aa5a82acffb34114633e7386b37a5fca90584c379c9e84bb62dfad
1,20260809T104756Z_02b9734201c9_stage08_b03_formal_8343f009,formal,20260809T104756Z,02b9734201c91369fba6fa819d1b5b39f5a8522f,true,stage08_b03_decimate_scales_v1,9f269e1baebf5478fa38567ad768aa576e592032f11cdbb55cf52f4e464e10f6,operator,decimate,NA,NA,decimate,decimate__decimate_int16_10e2__7d9d2c2fa25f0b6e,decimate_int16_10e2,10^2,105,x=[10x10];h=[5],INT16,GPU,not_applicable,compatibility/end-to-end,PASS,OK,20,100,66,0.329843,true,7d9d2c2fa25f0b6e6576ab4e041a1a17e9ed94370dc93a01dd1c7935406451da,5a2029ffa8aa5a82acffb34114633e7386b37a5fca90584c379c9e84bb62dfad
1,20260809T104756Z_02b9734201c9_stage08_b03_formal_8343f009,formal,20260809T104756Z,02b9734201c91369fba6fa819d1b5b39f5a8522f,true,stage08_b03_decimate_scales_v1,9f269e1baebf5478fa38567ad768aa576e592032f11cdbb55cf52f4e464e10f6,operator,decimate,NA,NA,decimate,decimate__decimate_int16_10e2__7d9d2c2fa25f0b6e,decimate_int16_10e2,10^2,105,x=[10x10];h=[5],INT16,GPU,not_applicable,compatibility/end-to-end,PASS,OK,20,100,67,0.32772200000000001,true,7d9d2c2fa25f0b6e6576ab4e041a1a17e9ed94370dc93a01dd1c7935406451da,5a2029ffa8aa5a82acffb34114633e7386b37a5fca90584c379c9e84bb62dfad
1,20260809T104756Z_02b9734201c9_stage08_b03_formal_8343f009,formal,20260809T104756Z,02b9734201c91369fba6fa819d1b5b39f5a8522f,true,stage08_b03_decimate_scales_v1,9f269e1baebf5478fa38567ad768aa576e592032f11cdbb55cf52f4e464e10f6,operator,decimate,NA,NA,decimate,decimate__decimate_int16_10e2__7d9d2c2fa25f0b6e,decimate_int16_10e2,10^2,105,x=[10x10];h=[5],INT16,GPU,not_applicable,compatibility/end-to-end,PASS,OK,20,100,68,0.32371299999999997,true,7d9d2c2fa25f0b6e6576ab4e041a1a17e9ed94370dc93a01dd1c7935406451da,5a2029ffa8aa5a82acffb34114633e7386b37a5fca90584c379c9e84bb62dfad
1,20260809T104756Z_02b9734201c9_stage08_b03_formal_8343f009,formal,20260809T104756Z,02b9734201c91369fba6fa819d1b5b39f5a8522f,true,stage08_b03_decimate_scales_v1,9f269e1baebf5478fa38567ad768aa576e592032f11cdbb55cf52f4e464e10f6,operator,decimate,NA,NA,decimate,decimate__decimate_int16_10e2__7d9d2c2fa25f0b6e,decimate_int16_10e2,10^2,105,x=[10x10];h=[5],INT16,GPU,not_applicable,compatibility/end-to-end,PASS,OK,20,100,69,0.33020300000000002,true,7d9d2c2fa25f0b6e6576ab4e041a1a17e9ed94370dc93a01dd1c7935406451da,5a2029ffa8aa5a82acffb34114633e7386b37a5fca90584c379c9e84bb62dfad
1,20260809T104756Z_02b9734201c9_stage08_b03_formal_8343f009,formal,20260809T104756Z,02b9734201c91369fba6fa819d1b5b39f5a8522f,true,stage08_b03_decimate_scales_v1,9f269e1baebf5478fa38567ad768aa576e592032f11cdbb55cf52f4e464e10f6,operator,decimate,NA,NA,decimate,decimate__decimate_int16_10e2__7d9d2c2fa25f0b6e,decimate_int16_10e2,10^2,105,x=[10x10];h=[5],INT16,GPU,not_applicable,compatibility/end-to-end,PASS,OK,20,100,70,0.34521299999999999,true,7d9d2c2fa25f0b6e6576ab4e041a1a17e9ed94370dc93a01dd1c7935406451da,5a2029ffa8aa5a82acffb34114633e7386b37a5fca90584c379c9e84bb62dfad
1,20260809T104756Z_02b9734201c9_stage08_b03_formal_8343f009,formal,20260809T104756Z,02b9734201c91369fba6fa819d1b5b39f5a8522f,true,stage08_b03_decimate_scales_v1,9f269e1baebf5478fa38567ad768aa576e592032f11cdbb55cf52f4e464e10f6,operator,decimate,NA,NA,decimate,decimate__decimate_int16_10e2__7d9d2c2fa25f0b6e,decimate_int16_10e2,10^2,105,x=[10x10];h=[5],INT16,GPU,not_applicable,compatibility/end-to-end,PASS,OK,20,100,71,0.37215300000000001,true,7d9d2c2fa25f0b6e6576ab4e041a1a17e9ed94370dc93a01dd1c7935406451da,5a2029ffa8aa5a82acffb34114633e7386b37a5fca90584c379c9e84bb62dfad
1,20260809T104756Z_02b9734201c9_stage08_b03_formal_8343f009,formal,20260809T104756Z,02b9734201c91369fba6fa819d1b5b39f5a8522f,true,stage08_b03_decimate_scales_v1,9f269e1baebf5478fa38567ad768aa576e592032f11cdbb55cf52f4e464e10f6,operator,decimate,NA,NA,decimate,decimate__decimate_int16_10e2__7d9d2c2fa25f0b6e,decimate_int16_10e2,10^2,105,x=[10x10];h=[5],INT16,GPU,not_applicable,compatibility/end-to-end,PASS,OK,20,100,72,0.35525299999999999,true,7d9d2c2fa25f0b6e6576ab4e041a1a17e9ed94370dc93a01dd1c7935406451da,5a2029ffa8aa5a82acffb34114633e7386b37a5fca90584c379c9e84bb62dfad
1,20260809T104756Z_02b9734201c9_stage08_b03_formal_8343f009,formal,20260809T104756Z,02b9734201c91369fba6fa819d1b5b39f5a8522f,true,stage08_b03_decimate_scales_v1,9f269e1baebf5478fa38567ad768aa576e592032f11cdbb55cf52f4e464e10f6,operator,decimate,NA,NA,decimate,decimate__decimate_int16_10e2__7d9d2c2fa25f0b6e,decimate_int16_10e2,10^2,105,x=[10x10];h=[5],INT16,GPU,not_applicable,compatibility/end-to-end,PASS,OK,20,100,73,0.35608299999999998,true,7d9d2c2fa25f0b6e6576ab4e041a1a17e9ed94370dc93a01dd1c7935406451da,5a2029ffa8aa5a82acffb34114633e7386b37a5fca90584c379c9e84bb62dfad
1,20260809T104756Z_02b9734201c9_stage08_b03_formal_8343f009,formal,20260809T104756Z,02b9734201c91369fba6fa819d1b5b39f5a8522f,true,stage08_b03_decimate_scales_v1,9f269e1baebf5478fa38567ad768aa576e592032f11cdbb55cf52f4e464e10f6,operator,decimate,NA,NA,decimate,decimate__decimate_int16_10e2__7d9d2c2fa25f0b6e,decimate_int16_10e2,10^2,105,x=[10x10];h=[5],INT16,GPU,not_applicable,compatibility/end-to-end,PASS,OK,20,100,74,0.35341299999999998,true,7d9d2c2fa25f0b6e6576ab4e041a1a17e9ed94370dc93a01dd1c7935406451da,5a2029ffa8aa5a82acffb34114633e7386b37a5fca90584c379c9e84bb62dfad
1,20260809T104756Z_02b9734201c9_stage08_b03_formal_8343f009,formal,20260809T104756Z,02b9734201c91369fba6fa819d1b5b39f5a8522f,true,stage08_b03_decimate_scales_v1,9f269e1baebf5478fa38567ad768aa576e592032f11cdbb55cf52f4e464e10f6,operator,decimate,NA,NA,decimate,decimate__decimate_int16_10e2__7d9d2c2fa25f0b6e,decimate_int16_10e2,10^2,105,x=[10x10];h=[5],INT16,GPU,not_applicable,compatibility/end-to-end,PASS,OK,20,100,75,0.34574300000000002,true,7d9d2c2fa25f0b6e6576ab4e041a1a17e9ed94370dc93a01dd1c7935406451da,5a2029ffa8aa5a82acffb34114633e7386b37a5fca90584c379c9e84bb62dfad
1,20260809T104756Z_02b9734201c9_stage08_b03_formal_8343f009,formal,20260809T104756Z,02b9734201c91369fba6fa819d1b5b39f5a8522f,true,stage08_b03_decimate_scales_v1,9f269e1baebf5478fa38567ad768aa576e592032f11cdbb55cf52f4e464e10f6,operator,decimate,NA,NA,decimate,decimate__decimate_int16_10e2__7d9d2c2fa25f0b6e,decimate_int16_10e2,10^2,105,x=[10x10];h=[5],INT16,GPU,not_applicable,compatibility/end-to-end,PASS,OK,20,100,76,0.34735300000000002,true,7d9d2c2fa25f0b6e6576ab4e041a1a17e9ed94370dc93a01dd1c7935406451da,5a2029ffa8aa5a82acffb34114633e7386b37a5fca90584c379c9e84bb62dfad
1,20260809T104756Z_02b9734201c9_stage08_b03_formal_8343f009,formal,20260809T104756Z,02b9734201c91369fba6fa819d1b5b39f5a8522f,true,stage08_b03_decimate_scales_v1,9f269e1baebf5478fa38567ad768aa576e592032f11cdbb55cf52f4e464e10f6,operator,decimate,NA,NA,decimate,decimate__decimate_int16_10e2__7d9d2c2fa25f0b6e,decimate_int16_10e2,10^2,105,x=[10x10];h=[5],INT16,GPU,not_applicable,compatibility/end-to-end,PASS,OK,20,100,77,0.34564299999999998,true,7d9d2c2fa25f0b6e6576ab4e041a1a17e9ed94370dc93a01dd1c7935406451da,5a2029ffa8aa5a82acffb34114633e7386b37a5fca90584c379c9e84bb62dfad
1,20260809T104756Z_02b9734201c9_stage08_b03_formal_8343f009,formal,20260809T104756Z,02b9734201c91369fba6fa819d1b5b39f5a8522f,true,stage08_b03_decimate_scales_v1,9f269e1baebf5478fa38567ad768aa576e592032f11cdbb55cf52f4e464e10f6,operator,decimate,NA,NA,decimate,decimate__decimate_int16_10e2__7d9d2c2fa25f0b6e,decimate_int16_10e2,10^2,105,x=[10x10];h=[5],INT16,GPU,not_applicable,compatibility/end-to-end,PASS,OK,20,100,78,0.35366300000000001,true,7d9d2c2fa25f0b6e6576ab4e041a1a17e9ed94370dc93a01dd1c7935406451da,5a2029ffa8aa5a82acffb34114633e7386b37a5fca90584c379c9e84bb62dfad
1,20260809T104756Z_02b9734201c9_stage08_b03_formal_8343f009,formal,20260809T104756Z,02b9734201c91369fba6fa819d1b5b39f5a8522f,true,stage08_b03_decimate_scales_v1,9f269e1baebf5478fa38567ad768aa576e592032f11cdbb55cf52f4e464e10f6,operator,decimate,NA,NA,decimate,decimate__decimate_int16_10e2__7d9d2c2fa25f0b6e,decimate_int16_10e2,10^2,105,x=[10x10];h=[5],INT16,GPU,not_applicable,compatibility/end-to-end,PASS,OK,20,100,79,0.34865299999999999,true,7d9d2c2fa25f0b6e6576ab4e041a1a17e9ed94370dc93a01dd1c7935406451da,5a2029ffa8aa5a82acffb34114633e7386b37a5fca90584c379c9e84bb62dfad
1,20260809T104756Z_02b9734201c9_stage08_b03_formal_8343f009,formal,20260809T104756Z,02b9734201c91369fba6fa819d1b5b39f5a8522f,true,stage08_b03_decimate_scales_v1,9f269e1baebf5478fa38567ad768aa576e592032f11cdbb55cf52f4e464e10f6,operator,decimate,NA,NA,decimate,decimate__decimate_int16_10e2__7d9d2c2fa25f0b6e,decimate_int16_10e2,10^2,105,x=[10x10];h=[5],INT16,GPU,not_applicable,compatibility/end-to-end,PASS,OK,20,100,80,0.34422199999999997,true,7d9d2c2fa25f0b6e6576ab4e041a1a17e9ed94370dc93a01dd1c7935406451da,5a2029ffa8aa5a82acffb34114633e7386b37a5fca90584c379c9e84bb62dfad
1,20260809T104756Z_02b9734201c9_stage08_b03_formal_8343f009,formal,20260809T104756Z,02b9734201c91369fba6fa819d1b5b39f5a8522f,true,stage08_b03_decimate_scales_v1,9f269e1baebf5478fa38567ad768aa576e592032f11cdbb55cf52f4e464e10f6,operator,decimate,NA,NA,decimate,decimate__decimate_int16_10e2__7d9d2c2fa25f0b6e,decimate_int16_10e2,10^2,105,x=[10x10];h=[5],INT16,GPU,not_applicable,compatibility/end-to-end,PASS,OK,20,100,81,0.402084,true,7d9d2c2fa25f0b6e6576ab4e041a1a17e9ed94370dc93a01dd1c7935406451da,5a2029ffa8aa5a82acffb34114633e7386b37a5fca90584c379c9e84bb62dfad
1,20260809T104756Z_02b9734201c9_stage08_b03_formal_8343f009,formal,20260809T104756Z,02b9734201c91369fba6fa819d1b5b39f5a8522f,true,stage08_b03_decimate_scales_v1,9f269e1baebf5478fa38567ad768aa576e592032f11cdbb55cf52f4e464e10f6,operator,decimate,NA,NA,decimate,decimate__decimate_int16_10e2__7d9d2c2fa25f0b6e,decimate_int16_10e2,10^2,105,x=[10x10];h=[5],INT16,GPU,not_applicable,compatibility/end-to-end,PASS,OK,20,100,82,0.35629300000000003,true,7d9d2c2fa25f0b6e6576ab4e041a1a17e9ed94370dc93a01dd1c7935406451da,5a2029ffa8aa5a82acffb34114633e7386b37a5fca90584c379c9e84bb62dfad
1,20260809T104756Z_02b9734201c9_stage08_b03_formal_8343f009,formal,20260809T104756Z,02b9734201c91369fba6fa819d1b5b39f5a8522f,true,stage08_b03_decimate_scales_v1,9f269e1baebf5478fa38567ad768aa576e592032f11cdbb55cf52f4e464e10f6,operator,decimate,NA,NA,decimate,decimate__decimate_int16_10e2__7d9d2c2fa25f0b6e,decimate_int16_10e2,10^2,105,x=[10x10];h=[5],INT16,GPU,not_applicable,compatibility/end-to-end,PASS,OK,20,100,83,0.34367300000000001,true,7d9d2c2fa25f0b6e6576ab4e041a1a17e9ed94370dc93a01dd1c7935406451da,5a2029ffa8aa5a82acffb34114633e7386b37a5fca90584c379c9e84bb62dfad
1,20260809T104756Z_02b9734201c9_stage08_b03_formal_8343f009,formal,20260809T104756Z,02b9734201c91369fba6fa819d1b5b39f5a8522f,true,stage08_b03_decimate_scales_v1,9f269e1baebf5478fa38567ad768aa576e592032f11cdbb55cf52f4e464e10f6,operator,decimate,NA,NA,decimate,decimate__decimate_int16_10e2__7d9d2c2fa25f0b6e,decimate_int16_10e2,10^2,105,x=[10x10];h=[5],INT16,GPU,not_applicable,compatibility/end-to-end,PASS,OK,20,100,84,0.34446300000000002,true,7d9d2c2fa25f0b6e6576ab4e041a1a17e9ed94370dc93a01dd1c7935406451da,5a2029ffa8aa5a82acffb34114633e7386b37a5fca90584c379c9e84bb62dfad
1,20260809T104756Z_02b9734201c9_stage08_b03_formal_8343f009,formal,20260809T104756Z,02b9734201c91369fba6fa819d1b5b39f5a8522f,true,stage08_b03_decimate_scales_v1,9f269e1baebf5478fa38567ad768aa576e592032f11cdbb55cf52f4e464e10f6,operator,decimate,NA,NA,decimate,decimate__decimate_int16_10e2__7d9d2c2fa25f0b6e,decimate_int16_10e2,10^2,105,x=[10x10];h=[5],INT16,GPU,not_applicable,compatibility/end-to-end,PASS,OK,20,100,85,0.34274199999999999,true,7d9d2c2fa25f0b6e6576ab4e041a1a17e9ed94370dc93a01dd1c7935406451da,5a2029ffa8aa5a82acffb34114633e7386b37a5fca90584c379c9e84bb62dfad
1,20260809T104756Z_02b9734201c9_stage08_b03_formal_8343f009,formal,20260809T104756Z,02b9734201c91369fba6fa819d1b5b39f5a8522f,true,stage08_b03_decimate_scales_v1,9f269e1baebf5478fa38567ad768aa576e592032f11cdbb55cf52f4e464e10f6,operator,decimate,NA,NA,decimate,decimate__decimate_int16_10e2__7d9d2c2fa25f0b6e,decimate_int16_10e2,10^2,105,x=[10x10];h=[5],INT16,GPU,not_applicable,compatibility/end-to-end,PASS,OK,20,100,86,0.34438299999999999,true,7d9d2c2fa25f0b6e6576ab4e041a1a17e9ed94370dc93a01dd1c7935406451da,5a2029ffa8aa5a82acffb34114633e7386b37a5fca90584c379c9e84bb62dfad
1,20260809T104756Z_02b9734201c9_stage08_b03_formal_8343f009,formal,20260809T104756Z,02b9734201c91369fba6fa819d1b5b39f5a8522f,true,stage08_b03_decimate_scales_v1,9f269e1baebf5478fa38567ad768aa576e592032f11cdbb55cf52f4e464e10f6,operator,decimate,NA,NA,decimate,decimate__decimate_int16_10e2__7d9d2c2fa25f0b6e,decimate_int16_10e2,10^2,105,x=[10x10];h=[5],INT16,GPU,not_applicable,compatibility/end-to-end,PASS,OK,20,100,87,0.33946300000000001,true,7d9d2c2fa25f0b6e6576ab4e041a1a17e9ed94370dc93a01dd1c7935406451da,5a2029ffa8aa5a82acffb34114633e7386b37a5fca90584c379c9e84bb62dfad
1,20260809T104756Z_02b9734201c9_stage08_b03_formal_8343f009,formal,20260809T104756Z,02b9734201c91369fba6fa819d1b5b39f5a8522f,true,stage08_b03_decimate_scales_v1,9f269e1baebf5478fa38567ad768aa576e592032f11cdbb55cf52f4e464e10f6,operator,decimate,NA,NA,decimate,decimate__decimate_int16_10e2__7d9d2c2fa25f0b6e,decimate_int16_10e2,10^2,105,x=[10x10];h=[5],INT16,GPU,not_applicable,compatibility/end-to-end,PASS,OK,20,100,88,0.35144300000000001,true,7d9d2c2fa25f0b6e6576ab4e041a1a17e9ed94370dc93a01dd1c7935406451da,5a2029ffa8aa5a82acffb34114633e7386b37a5fca90584c379c9e84bb62dfad
1,20260809T104756Z_02b9734201c9_stage08_b03_formal_8343f009,formal,20260809T104756Z,02b9734201c91369fba6fa819d1b5b39f5a8522f,true,stage08_b03_decimate_scales_v1,9f269e1baebf5478fa38567ad768aa576e592032f11cdbb55cf52f4e464e10f6,operator,decimate,NA,NA,decimate,decimate__decimate_int16_10e2__7d9d2c2fa25f0b6e,decimate_int16_10e2,10^2,105,x=[10x10];h=[5],INT16,GPU,not_applicable,compatibility/end-to-end,PASS,OK,20,100,89,0.34643299999999999,true,7d9d2c2fa25f0b6e6576ab4e041a1a17e9ed94370dc93a01dd1c7935406451da,5a2029ffa8aa5a82acffb34114633e7386b37a5fca90584c379c9e84bb62dfad
1,20260809T104756Z_02b9734201c9_stage08_b03_formal_8343f009,formal,20260809T104756Z,02b9734201c91369fba6fa819d1b5b39f5a8522f,true,stage08_b03_decimate_scales_v1,9f269e1baebf5478fa38567ad768aa576e592032f11cdbb55cf52f4e464e10f6,operator,decimate,NA,NA,decimate,decimate__decimate_int16_10e2__7d9d2c2fa25f0b6e,decimate_int16_10e2,10^2,105,x=[10x10];h=[5],INT16,GPU,not_applicable,compatibility/end-to-end,PASS,OK,20,100,90,0.350323,true,7d9d2c2fa25f0b6e6576ab4e041a1a17e9ed94370dc93a01dd1c7935406451da,5a2029ffa8aa5a82acffb34114633e7386b37a5fca90584c379c9e84bb62dfad
1,20260809T104756Z_02b9734201c9_stage08_b03_formal_8343f009,formal,20260809T104756Z,02b9734201c91369fba6fa819d1b5b39f5a8522f,true,stage08_b03_decimate_scales_v1,9f269e1baebf5478fa38567ad768aa576e592032f11cdbb55cf52f4e464e10f6,operator,decimate,NA,NA,decimate,decimate__decimate_int16_10e2__7d9d2c2fa25f0b6e,decimate_int16_10e2,10^2,105,x=[10x10];h=[5],INT16,GPU,not_applicable,compatibility/end-to-end,PASS,OK,20,100,91,0.366923,true,7d9d2c2fa25f0b6e6576ab4e041a1a17e9ed94370dc93a01dd1c7935406451da,5a2029ffa8aa5a82acffb34114633e7386b37a5fca90584c379c9e84bb62dfad
1,20260809T104756Z_02b9734201c9_stage08_b03_formal_8343f009,formal,20260809T104756Z,02b9734201c91369fba6fa819d1b5b39f5a8522f,true,stage08_b03_decimate_scales_v1,9f269e1baebf5478fa38567ad768aa576e592032f11cdbb55cf52f4e464e10f6,operator,decimate,NA,NA,decimate,decimate__decimate_int16_10e2__7d9d2c2fa25f0b6e,decimate_int16_10e2,10^2,105,x=[10x10];h=[5],INT16,GPU,not_applicable,compatibility/end-to-end,PASS,OK,20,100,92,0.37118299999999999,true,7d9d2c2fa25f0b6e6576ab4e041a1a17e9ed94370dc93a01dd1c7935406451da,5a2029ffa8aa5a82acffb34114633e7386b37a5fca90584c379c9e84bb62dfad
1,20260809T104756Z_02b9734201c9_stage08_b03_formal_8343f009,formal,20260809T104756Z,02b9734201c91369fba6fa819d1b5b39f5a8522f,true,stage08_b03_decimate_scales_v1,9f269e1baebf5478fa38567ad768aa576e592032f11cdbb55cf52f4e464e10f6,operator,decimate,NA,NA,decimate,decimate__decimate_int16_10e2__7d9d2c2fa25f0b6e,decimate_int16_10e2,10^2,105,x=[10x10];h=[5],INT16,GPU,not_applicable,compatibility/end-to-end,PASS,OK,20,100,93,0.61340499999999998,true,7d9d2c2fa25f0b6e6576ab4e041a1a17e9ed94370dc93a01dd1c7935406451da,5a2029ffa8aa5a82acffb34114633e7386b37a5fca90584c379c9e84bb62dfad
1,20260809T104756Z_02b9734201c9_stage08_b03_formal_8343f009,formal,20260809T104756Z,02b9734201c91369fba6fa819d1b5b39f5a8522f,true,stage08_b03_decimate_scales_v1,9f269e1baebf5478fa38567ad768aa576e592032f11cdbb55cf52f4e464e10f6,operator,decimate,NA,NA,decimate,decimate__decimate_int16_10e2__7d9d2c2fa25f0b6e,decimate_int16_10e2,10^2,105,x=[10x10];h=[5],INT16,GPU,not_applicable,compatibility/end-to-end,PASS,OK,20,100,94,0.35276299999999999,true,7d9d2c2fa25f0b6e6576ab4e041a1a17e9ed94370dc93a01dd1c7935406451da,5a2029ffa8aa5a82acffb34114633e7386b37a5fca90584c379c9e84bb62dfad
1,20260809T104756Z_02b9734201c9_stage08_b03_formal_8343f009,formal,20260809T104756Z,02b9734201c91369fba6fa819d1b5b39f5a8522f,true,stage08_b03_decimate_scales_v1,9f269e1baebf5478fa38567ad768aa576e592032f11cdbb55cf52f4e464e10f6,operator,decimate,NA,NA,decimate,decimate__decimate_int16_10e2__7d9d2c2fa25f0b6e,decimate_int16_10e2,10^2,105,x=[10x10];h=[5],INT16,GPU,not_applicable,compatibility/end-to-end,PASS,OK,20,100,95,0.35178300000000001,true,7d9d2c2fa25f0b6e6576ab4e041a1a17e9ed94370dc93a01dd1c7935406451da,5a2029ffa8aa5a82acffb34114633e7386b37a5fca90584c379c9e84bb62dfad
1,20260809T104756Z_02b9734201c9_stage08_b03_formal_8343f009,formal,20260809T104756Z,02b9734201c91369fba6fa819d1b5b39f5a8522f,true,stage08_b03_decimate_scales_v1,9f269e1baebf5478fa38567ad768aa576e592032f11cdbb55cf52f4e464e10f6,operator,decimate,NA,NA,decimate,decimate__decimate_int16_10e2__7d9d2c2fa25f0b6e,decimate_int16_10e2,10^2,105,x=[10x10];h=[5],INT16,GPU,not_applicable,compatibility/end-to-end,PASS,OK,20,100,96,0.39075399999999999,true,7d9d2c2fa25f0b6e6576ab4e041a1a17e9ed94370dc93a01dd1c7935406451da,5a2029ffa8aa5a82acffb34114633e7386b37a5fca90584c379c9e84bb62dfad
1,20260809T104756Z_02b9734201c9_stage08_b03_formal_8343f009,formal,20260809T104756Z,02b9734201c91369fba6fa819d1b5b39f5a8522f,true,stage08_b03_decimate_scales_v1,9f269e1baebf5478fa38567ad768aa576e592032f11cdbb55cf52f4e464e10f6,operator,decimate,NA,NA,decimate,decimate__decimate_int16_10e2__7d9d2c2fa25f0b6e,decimate_int16_10e2,10^2,105,x=[10x10];h=[5],INT16,GPU,not_applicable,compatibility/end-to-end,PASS,OK,20,100,97,0.33450299999999999,true,7d9d2c2fa25f0b6e6576ab4e041a1a17e9ed94370dc93a01dd1c7935406451da,5a2029ffa8aa5a82acffb34114633e7386b37a5fca90584c379c9e84bb62dfad
1,20260809T104756Z_02b9734201c9_stage08_b03_formal_8343f009,formal,20260809T104756Z,02b9734201c91369fba6fa819d1b5b39f5a8522f,true,stage08_b03_decimate_scales_v1,9f269e1baebf5478fa38567ad768aa576e592032f11cdbb55cf52f4e464e10f6,operator,decimate,NA,NA,decimate,decimate__decimate_int16_10e2__7d9d2c2fa25f0b6e,decimate_int16_10e2,10^2,105,x=[10x10];h=[5],INT16,GPU,not_applicable,compatibility/end-to-end,PASS,OK,20,100,98,0.33184200000000003,true,7d9d2c2fa25f0b6e6576ab4e041a1a17e9ed94370dc93a01dd1c7935406451da,5a2029ffa8aa5a82acffb34114633e7386b37a5fca90584c379c9e84bb62dfad
1,20260809T104756Z_02b9734201c9_stage08_b03_formal_8343f009,formal,20260809T104756Z,02b9734201c91369fba6fa819d1b5b39f5a8522f,true,stage08_b03_decimate_scales_v1,9f269e1baebf5478fa38567ad768aa576e592032f11cdbb55cf52f4e464e10f6,operator,decimate,NA,NA,decimate,decimate__decimate_int16_10e2__7d9d2c2fa25f0b6e,decimate_int16_10e2,10^2,105,x=[10x10];h=[5],INT16,GPU,not_applicable,compatibility/end-to-end,PASS,OK,20,100,99,0.33901300000000001,true,7d9d2c2fa25f0b6e6576ab4e041a1a17e9ed94370dc93a01dd1c7935406451da,5a2029ffa8aa5a82acffb34114633e7386b37a5fca90584c379c9e84bb62dfad
