schema_version,run_id,run_type,test_time_utc,git_commit,git_dirty,config_id,config_sha256,target_kind,target,task_name,step_name,operator_name,case_id,scale_id,order_of_magnitude,actual_elements,input_shape,dtype,device,backend,timing_scope,status,error_code,warmup_runs,measured_runs,sample_index,latency_ms,synchronized,input_digest,output_digest
1,20260810T082122Z_8b745f9a6864_stage08_b01_formal_a103000b,formal,20260810T082122Z,8b745f9a68645ce41c47aa18fcde8b4868ef84eb,true,stage08_b01_general_gaussian_scales_v1,5d6f2dd75b763122028b82c7fc144e476d8fa07150cda991f6306e7007f350ee,operator,general_gaussian,NA,NA,general_gaussian,general_gaussian__general_gaussian_fp16_10e4__a3fa2928708492c4__sym,general_gaussian_fp16_10e4,10^4,10000,window_positions=[10000],FP16,CPU,not_applicable,compatibility/end-to-end,PASS,OK,20,100,0,0.41980200000000001,true,a3fa2928708492c4632f8d6329124df3b70bb74fff8093b62f682ab5083868ae,b059482b631d78b1c378be75075c9d431651642604f6af00e63de9fc53b9981b
1,20260810T082122Z_8b745f9a6864_stage08_b01_formal_a103000b,formal,20260810T082122Z,8b745f9a68645ce41c47aa18fcde8b4868ef84eb,true,stage08_b01_general_gaussian_scales_v1,5d6f2dd75b763122028b82c7fc144e476d8fa07150cda991f6306e7007f350ee,operator,general_gaussian,NA,NA,general_gaussian,general_gaussian__general_gaussian_fp16_10e4__a3fa2928708492c4__sym,general_gaussian_fp16_10e4,10^4,10000,window_positions=[10000],FP16,CPU,not_applicable,compatibility/end-to-end,PASS,OK,20,100,1,0.42955100000000002,true,a3fa2928708492c4632f8d6329124df3b70bb74fff8093b62f682ab5083868ae,b059482b631d78b1c378be75075c9d431651642604f6af00e63de9fc53b9981b
1,20260810T082122Z_8b745f9a6864_stage08_b01_formal_a103000b,formal,20260810T082122Z,8b745f9a68645ce41c47aa18fcde8b4868ef84eb,true,stage08_b01_general_gaussian_scales_v1,5d6f2dd75b763122028b82c7fc144e476d8fa07150cda991f6306e7007f350ee,operator,general_gaussian,NA,NA,general_gaussian,general_gaussian__general_gaussian_fp16_10e4__a3fa2928708492c4__sym,general_gaussian_fp16_10e4,10^4,10000,window_positions=[10000],FP16,CPU,not_applicable,compatibility/end-to-end,PASS,OK,20,100,2,0.42209099999999999,true,a3fa2928708492c4632f8d6329124df3b70bb74fff8093b62f682ab5083868ae,b059482b631d78b1c378be75075c9d431651642604f6af00e63de9fc53b9981b
1,20260810T082122Z_8b745f9a6864_stage08_b01_formal_a103000b,formal,20260810T082122Z,8b745f9a68645ce41c47aa18fcde8b4868ef84eb,true,stage08_b01_general_gaussian_scales_v1,5d6f2dd75b763122028b82c7fc144e476d8fa07150cda991f6306e7007f350ee,operator,general_gaussian,NA,NA,general_gaussian,general_gaussian__general_gaussian_fp16_10e4__a3fa2928708492c4__sym,general_gaussian_fp16_10e4,10^4,10000,window_positions=[10000],FP16,CPU,not_applicable,compatibility/end-to-end,PASS,OK,20,100,3,0.41952099999999998,true,a3fa2928708492c4632f8d6329124df3b70bb74fff8093b62f682ab5083868ae,b059482b631d78b1c378be75075c9d431651642604f6af00e63de9fc53b9981b
1,20260810T082122Z_8b745f9a6864_stage08_b01_formal_a103000b,formal,20260810T082122Z,8b745f9a68645ce41c47aa18fcde8b4868ef84eb,true,stage08_b01_general_gaussian_scales_v1,5d6f2dd75b763122028b82c7fc144e476d8fa07150cda991f6306e7007f350ee,operator,general_gaussian,NA,NA,general_gaussian,general_gaussian__general_gaussian_fp16_10e4__a3fa2928708492c4__sym,general_gaussian_fp16_10e4,10^4,10000,window_positions=[10000],FP16,CPU,not_applicable,compatibility/end-to-end,PASS,OK,20,100,4,0.41984199999999999,true,a3fa2928708492c4632f8d6329124df3b70bb74fff8093b62f682ab5083868ae,b059482b631d78b1c378be75075c9d431651642604f6af00e63de9fc53b9981b
1,20260810T082122Z_8b745f9a6864_stage08_b01_formal_a103000b,formal,20260810T082122Z,8b745f9a68645ce41c47aa18fcde8b4868ef84eb,true,stage08_b01_general_gaussian_scales_v1,5d6f2dd75b763122028b82c7fc144e476d8fa07150cda991f6306e7007f350ee,operator,general_gaussian,NA,NA,general_gaussian,general_gaussian__general_gaussian_fp16_10e4__a3fa2928708492c4__sym,general_gaussian_fp16_10e4,10^4,10000,window_positions=[10000],FP16,CPU,not_applicable,compatibility/end-to-end,PASS,OK,20,100,5,0.41909099999999999,true,a3fa2928708492c4632f8d6329124df3b70bb74fff8093b62f682ab5083868ae,b059482b631d78b1c378be75075c9d431651642604f6af00e63de9fc53b9981b
1,20260810T082122Z_8b745f9a6864_stage08_b01_formal_a103000b,formal,20260810T082122Z,8b745f9a68645ce41c47aa18fcde8b4868ef84eb,true,stage08_b01_general_gaussian_scales_v1,5d6f2dd75b763122028b82c7fc144e476d8fa07150cda991f6306e7007f350ee,operator,general_gaussian,NA,NA,general_gaussian,general_gaussian__general_gaussian_fp16_10e4__a3fa2928708492c4__sym,general_gaussian_fp16_10e4,10^4,10000,window_positions=[10000],FP16,CPU,not_applicable,compatibility/end-to-end,PASS,OK,20,100,6,0.41958099999999998,true,a3fa2928708492c4632f8d6329124df3b70bb74fff8093b62f682ab5083868ae,b059482b631d78b1c378be75075c9d431651642604f6af00e63de9fc53b9981b
1,20260810T082122Z_8b745f9a6864_stage08_b01_formal_a103000b,formal,20260810T082122Z,8b745f9a68645ce41c47aa18fcde8b4868ef84eb,true,stage08_b01_general_gaussian_scales_v1,5d6f2dd75b763122028b82c7fc144e476d8fa07150cda991f6306e7007f350ee,operator,general_gaussian,NA,NA,general_gaussian,general_gaussian__general_gaussian_fp16_10e4__a3fa2928708492c4__sym,general_gaussian_fp16_10e4,10^4,10000,window_positions=[10000],FP16,CPU,not_applicable,compatibility/end-to-end,PASS,OK,20,100,7,0.41939100000000001,true,a3fa2928708492c4632f8d6329124df3b70bb74fff8093b62f682ab5083868ae,b059482b631d78b1c378be75075c9d431651642604f6af00e63de9fc53b9981b
1,20260810T082122Z_8b745f9a6864_stage08_b01_formal_a103000b,formal,20260810T082122Z,8b745f9a68645ce41c47aa18fcde8b4868ef84eb,true,stage08_b01_general_gaussian_scales_v1,5d6f2dd75b763122028b82c7fc144e476d8fa07150cda991f6306e7007f350ee,operator,general_gaussian,NA,NA,general_gaussian,general_gaussian__general_gaussian_fp16_10e4__a3fa2928708492c4__sym,general_gaussian_fp16_10e4,10^4,10000,window_positions=[10000],FP16,CPU,not_applicable,compatibility/end-to-end,PASS,OK,20,100,8,0.41976200000000002,true,a3fa2928708492c4632f8d6329124df3b70bb74fff8093b62f682ab5083868ae,b059482b631d78b1c378be75075c9d431651642604f6af00e63de9fc53b9981b
1,20260810T082122Z_8b745f9a6864_stage08_b01_formal_a103000b,formal,20260810T082122Z,8b745f9a68645ce41c47aa18fcde8b4868ef84eb,true,stage08_b01_general_gaussian_scales_v1,5d6f2dd75b763122028b82c7fc144e476d8fa07150cda991f6306e7007f350ee,operator,general_gaussian,NA,NA,general_gaussian,general_gaussian__general_gaussian_fp16_10e4__a3fa2928708492c4__sym,general_gaussian_fp16_10e4,10^4,10000,window_positions=[10000],FP16,CPU,not_applicable,compatibility/end-to-end,PASS,OK,20,100,9,0.41946099999999997,true,a3fa2928708492c4632f8d6329124df3b70bb74fff8093b62f682ab5083868ae,b059482b631d78b1c378be75075c9d431651642604f6af00e63de9fc53b9981b
1,20260810T082122Z_8b745f9a6864_stage08_b01_formal_a103000b,formal,20260810T082122Z,8b745f9a68645ce41c47aa18fcde8b4868ef84eb,true,stage08_b01_general_gaussian_scales_v1,5d6f2dd75b763122028b82c7fc144e476d8fa07150cda991f6306e7007f350ee,operator,general_gaussian,NA,NA,general_gaussian,general_gaussian__general_gaussian_fp16_10e4__a3fa2928708492c4__sym,general_gaussian_fp16_10e4,10^4,10000,window_positions=[10000],FP16,CPU,not_applicable,compatibility/end-to-end,PASS,OK,20,100,10,0.42563099999999998,true,a3fa2928708492c4632f8d6329124df3b70bb74fff8093b62f682ab5083868ae,b059482b631d78b1c378be75075c9d431651642604f6af00e63de9fc53b9981b
1,20260810T082122Z_8b745f9a6864_stage08_b01_formal_a103000b,formal,20260810T082122Z,8b745f9a68645ce41c47aa18fcde8b4868ef84eb,true,stage08_b01_general_gaussian_scales_v1,5d6f2dd75b763122028b82c7fc144e476d8fa07150cda991f6306e7007f350ee,operator,general_gaussian,NA,NA,general_gaussian,general_gaussian__general_gaussian_fp16_10e4__a3fa2928708492c4__sym,general_gaussian_fp16_10e4,10^4,10000,window_positions=[10000],FP16,CPU,not_applicable,compatibility/end-to-end,PASS,OK,20,100,11,0.42144100000000001,true,a3fa2928708492c4632f8d6329124df3b70bb74fff8093b62f682ab5083868ae,b059482b631d78b1c378be75075c9d431651642604f6af00e63de9fc53b9981b
1,20260810T082122Z_8b745f9a6864_stage08_b01_formal_a103000b,formal,20260810T082122Z,8b745f9a68645ce41c47aa18fcde8b4868ef84eb,true,stage08_b01_general_gaussian_scales_v1,5d6f2dd75b763122028b82c7fc144e476d8fa07150cda991f6306e7007f350ee,operator,general_gaussian,NA,NA,general_gaussian,general_gaussian__general_gaussian_fp16_10e4__a3fa2928708492c4__sym,general_gaussian_fp16_10e4,10^4,10000,window_positions=[10000],FP16,CPU,not_applicable,compatibility/end-to-end,PASS,OK,20,100,12,0.41952200000000001,true,a3fa2928708492c4632f8d6329124df3b70bb74fff8093b62f682ab5083868ae,b059482b631d78b1c378be75075c9d431651642604f6af00e63de9fc53b9981b
1,20260810T082122Z_8b745f9a6864_stage08_b01_formal_a103000b,formal,20260810T082122Z,8b745f9a68645ce41c47aa18fcde8b4868ef84eb,true,stage08_b01_general_gaussian_scales_v1,5d6f2dd75b763122028b82c7fc144e476d8fa07150cda991f6306e7007f350ee,operator,general_gaussian,NA,NA,general_gaussian,general_gaussian__general_gaussian_fp16_10e4__a3fa2928708492c4__sym,general_gaussian_fp16_10e4,10^4,10000,window_positions=[10000],FP16,CPU,not_applicable,compatibility/end-to-end,PASS,OK,20,100,13,0.41939100000000001,true,a3fa2928708492c4632f8d6329124df3b70bb74fff8093b62f682ab5083868ae,b059482b631d78b1c378be75075c9d431651642604f6af00e63de9fc53b9981b
1,20260810T082122Z_8b745f9a6864_stage08_b01_formal_a103000b,formal,20260810T082122Z,8b745f9a68645ce41c47aa18fcde8b4868ef84eb,true,stage08_b01_general_gaussian_scales_v1,5d6f2dd75b763122028b82c7fc144e476d8fa07150cda991f6306e7007f350ee,operator,general_gaussian,NA,NA,general_gaussian,general_gaussian__general_gaussian_fp16_10e4__a3fa2928708492c4__sym,general_gaussian_fp16_10e4,10^4,10000,window_positions=[10000],FP16,CPU,not_applicable,compatibility/end-to-end,PASS,OK,20,100,14,0.419541,true,a3fa2928708492c4632f8d6329124df3b70bb74fff8093b62f682ab5083868ae,b059482b631d78b1c378be75075c9d431651642604f6af00e63de9fc53b9981b
1,20260810T082122Z_8b745f9a6864_stage08_b01_formal_a103000b,formal,20260810T082122Z,8b745f9a68645ce41c47aa18fcde8b4868ef84eb,true,stage08_b01_general_gaussian_scales_v1,5d6f2dd75b763122028b82c7fc144e476d8fa07150cda991f6306e7007f350ee,operator,general_gaussian,NA,NA,general_gaussian,general_gaussian__general_gaussian_fp16_10e4__a3fa2928708492c4__sym,general_gaussian_fp16_10e4,10^4,10000,window_positions=[10000],FP16,CPU,not_applicable,compatibility/end-to-end,PASS,OK,20,100,15,0.41847099999999998,true,a3fa2928708492c4632f8d6329124df3b70bb74fff8093b62f682ab5083868ae,b059482b631d78b1c378be75075c9d431651642604f6af00e63de9fc53b9981b
1,20260810T082122Z_8b745f9a6864_stage08_b01_formal_a103000b,formal,20260810T082122Z,8b745f9a68645ce41c47aa18fcde8b4868ef84eb,true,stage08_b01_general_gaussian_scales_v1,5d6f2dd75b763122028b82c7fc144e476d8fa07150cda991f6306e7007f350ee,operator,general_gaussian,NA,NA,general_gaussian,general_gaussian__general_gaussian_fp16_10e4__a3fa2928708492c4__sym,general_gaussian_fp16_10e4,10^4,10000,window_positions=[10000],FP16,CPU,not_applicable,compatibility/end-to-end,PASS,OK,20,100,16,0.419431,true,a3fa2928708492c4632f8d6329124df3b70bb74fff8093b62f682ab5083868ae,b059482b631d78b1c378be75075c9d431651642604f6af00e63de9fc53b9981b
1,20260810T082122Z_8b745f9a6864_stage08_b01_formal_a103000b,formal,20260810T082122Z,8b745f9a68645ce41c47aa18fcde8b4868ef84eb,true,stage08_b01_general_gaussian_scales_v1,5d6f2dd75b763122028b82c7fc144e476d8fa07150cda991f6306e7007f350ee,operator,general_gaussian,NA,NA,general_gaussian,general_gaussian__general_gaussian_fp16_10e4__a3fa2928708492c4__sym,general_gaussian_fp16_10e4,10^4,10000,window_positions=[10000],FP16,CPU,not_applicable,compatibility/end-to-end,PASS,OK,20,100,17,0.419682,true,a3fa2928708492c4632f8d6329124df3b70bb74fff8093b62f682ab5083868ae,b059482b631d78b1c378be75075c9d431651642604f6af00e63de9fc53b9981b
1,20260810T082122Z_8b745f9a6864_stage08_b01_formal_a103000b,formal,20260810T082122Z,8b745f9a68645ce41c47aa18fcde8b4868ef84eb,true,stage08_b01_general_gaussian_scales_v1,5d6f2dd75b763122028b82c7fc144e476d8fa07150cda991f6306e7007f350ee,operator,general_gaussian,NA,NA,general_gaussian,general_gaussian__general_gaussian_fp16_10e4__a3fa2928708492c4__sym,general_gaussian_fp16_10e4,10^4,10000,window_positions=[10000],FP16,CPU,not_applicable,compatibility/end-to-end,PASS,OK,20,100,18,0.41946099999999997,true,a3fa2928708492c4632f8d6329124df3b70bb74fff8093b62f682ab5083868ae,b059482b631d78b1c378be75075c9d431651642604f6af00e63de9fc53b9981b
1,20260810T082122Z_8b745f9a6864_stage08_b01_formal_a103000b,formal,20260810T082122Z,8b745f9a68645ce41c47aa18fcde8b4868ef84eb,true,stage08_b01_general_gaussian_scales_v1,5d6f2dd75b763122028b82c7fc144e476d8fa07150cda991f6306e7007f350ee,operator,general_gaussian,NA,NA,general_gaussian,general_gaussian__general_gaussian_fp16_10e4__a3fa2928708492c4__sym,general_gaussian_fp16_10e4,10^4,10000,window_positions=[10000],FP16,CPU,not_applicable,compatibility/end-to-end,PASS,OK,20,100,19,0.41858099999999998,true,a3fa2928708492c4632f8d6329124df3b70bb74fff8093b62f682ab5083868ae,b059482b631d78b1c378be75075c9d431651642604f6af00e63de9fc53b9981b
1,20260810T082122Z_8b745f9a6864_stage08_b01_formal_a103000b,formal,20260810T082122Z,8b745f9a68645ce41c47aa18fcde8b4868ef84eb,true,stage08_b01_general_gaussian_scales_v1,5d6f2dd75b763122028b82c7fc144e476d8fa07150cda991f6306e7007f350ee,operator,general_gaussian,NA,NA,general_gaussian,general_gaussian__general_gaussian_fp16_10e4__a3fa2928708492c4__sym,general_gaussian_fp16_10e4,10^4,10000,window_positions=[10000],FP16,CPU,not_applicable,compatibility/end-to-end,PASS,OK,20,100,20,0.42562100000000003,true,a3fa2928708492c4632f8d6329124df3b70bb74fff8093b62f682ab5083868ae,b059482b631d78b1c378be75075c9d431651642604f6af00e63de9fc53b9981b
1,20260810T082122Z_8b745f9a6864_stage08_b01_formal_a103000b,formal,20260810T082122Z,8b745f9a68645ce41c47aa18fcde8b4868ef84eb,true,stage08_b01_general_gaussian_scales_v1,5d6f2dd75b763122028b82c7fc144e476d8fa07150cda991f6306e7007f350ee,operator,general_gaussian,NA,NA,general_gaussian,general_gaussian__general_gaussian_fp16_10e4__a3fa2928708492c4__sym,general_gaussian_fp16_10e4,10^4,10000,window_positions=[10000],FP16,CPU,not_applicable,compatibility/end-to-end,PASS,OK,20,100,21,0.42216199999999998,true,a3fa2928708492c4632f8d6329124df3b70bb74fff8093b62f682ab5083868ae,b059482b631d78b1c378be75075c9d431651642604f6af00e63de9fc53b9981b
1,20260810T082122Z_8b745f9a6864_stage08_b01_formal_a103000b,formal,20260810T082122Z,8b745f9a68645ce41c47aa18fcde8b4868ef84eb,true,stage08_b01_general_gaussian_scales_v1,5d6f2dd75b763122028b82c7fc144e476d8fa07150cda991f6306e7007f350ee,operator,general_gaussian,NA,NA,general_gaussian,general_gaussian__general_gaussian_fp16_10e4__a3fa2928708492c4__sym,general_gaussian_fp16_10e4,10^4,10000,window_positions=[10000],FP16,CPU,not_applicable,compatibility/end-to-end,PASS,OK,20,100,22,0.419541,true,a3fa2928708492c4632f8d6329124df3b70bb74fff8093b62f682ab5083868ae,b059482b631d78b1c378be75075c9d431651642604f6af00e63de9fc53b9981b
1,20260810T082122Z_8b745f9a6864_stage08_b01_formal_a103000b,formal,20260810T082122Z,8b745f9a68645ce41c47aa18fcde8b4868ef84eb,true,stage08_b01_general_gaussian_scales_v1,5d6f2dd75b763122028b82c7fc144e476d8fa07150cda991f6306e7007f350ee,operator,general_gaussian,NA,NA,general_gaussian,general_gaussian__general_gaussian_fp16_10e4__a3fa2928708492c4__sym,general_gaussian_fp16_10e4,10^4,10000,window_positions=[10000],FP16,CPU,not_applicable,compatibility/end-to-end,PASS,OK,20,100,23,0.41953099999999999,true,a3fa2928708492c4632f8d6329124df3b70bb74fff8093b62f682ab5083868ae,b059482b631d78b1c378be75075c9d431651642604f6af00e63de9fc53b9981b
1,20260810T082122Z_8b745f9a6864_stage08_b01_formal_a103000b,formal,20260810T082122Z,8b745f9a68645ce41c47aa18fcde8b4868ef84eb,true,stage08_b01_general_gaussian_scales_v1,5d6f2dd75b763122028b82c7fc144e476d8fa07150cda991f6306e7007f350ee,operator,general_gaussian,NA,NA,general_gaussian,general_gaussian__general_gaussian_fp16_10e4__a3fa2928708492c4__sym,general_gaussian_fp16_10e4,10^4,10000,window_positions=[10000],FP16,CPU,not_applicable,compatibility/end-to-end,PASS,OK,20,100,24,0.418651,true,a3fa2928708492c4632f8d6329124df3b70bb74fff8093b62f682ab5083868ae,b059482b631d78b1c378be75075c9d431651642604f6af00e63de9fc53b9981b
1,20260810T082122Z_8b745f9a6864_stage08_b01_formal_a103000b,formal,20260810T082122Z,8b745f9a68645ce41c47aa18fcde8b4868ef84eb,true,stage08_b01_general_gaussian_scales_v1,5d6f2dd75b763122028b82c7fc144e476d8fa07150cda991f6306e7007f350ee,operator,general_gaussian,NA,NA,general_gaussian,general_gaussian__general_gaussian_fp16_10e4__a3fa2928708492c4__sym,general_gaussian_fp16_10e4,10^4,10000,window_positions=[10000],FP16,CPU,not_applicable,compatibility/end-to-end,PASS,OK,20,100,25,0.41947200000000001,true,a3fa2928708492c4632f8d6329124df3b70bb74fff8093b62f682ab5083868ae,b059482b631d78b1c378be75075c9d431651642604f6af00e63de9fc53b9981b
1,20260810T082122Z_8b745f9a6864_stage08_b01_formal_a103000b,formal,20260810T082122Z,8b745f9a68645ce41c47aa18fcde8b4868ef84eb,true,stage08_b01_general_gaussian_scales_v1,5d6f2dd75b763122028b82c7fc144e476d8fa07150cda991f6306e7007f350ee,operator,general_gaussian,NA,NA,general_gaussian,general_gaussian__general_gaussian_fp16_10e4__a3fa2928708492c4__sym,general_gaussian_fp16_10e4,10^4,10000,window_positions=[10000],FP16,CPU,not_applicable,compatibility/end-to-end,PASS,OK,20,100,26,0.41970099999999999,true,a3fa2928708492c4632f8d6329124df3b70bb74fff8093b62f682ab5083868ae,b059482b631d78b1c378be75075c9d431651642604f6af00e63de9fc53b9981b
1,20260810T082122Z_8b745f9a6864_stage08_b01_formal_a103000b,formal,20260810T082122Z,8b745f9a68645ce41c47aa18fcde8b4868ef84eb,true,stage08_b01_general_gaussian_scales_v1,5d6f2dd75b763122028b82c7fc144e476d8fa07150cda991f6306e7007f350ee,operator,general_gaussian,NA,NA,general_gaussian,general_gaussian__general_gaussian_fp16_10e4__a3fa2928708492c4__sym,general_gaussian_fp16_10e4,10^4,10000,window_positions=[10000],FP16,CPU,not_applicable,compatibility/end-to-end,PASS,OK,20,100,27,0.41958099999999998,true,a3fa2928708492c4632f8d6329124df3b70bb74fff8093b62f682ab5083868ae,b059482b631d78b1c378be75075c9d431651642604f6af00e63de9fc53b9981b
1,20260810T082122Z_8b745f9a6864_stage08_b01_formal_a103000b,formal,20260810T082122Z,8b745f9a68645ce41c47aa18fcde8b4868ef84eb,true,stage08_b01_general_gaussian_scales_v1,5d6f2dd75b763122028b82c7fc144e476d8fa07150cda991f6306e7007f350ee,operator,general_gaussian,NA,NA,general_gaussian,general_gaussian__general_gaussian_fp16_10e4__a3fa2928708492c4__sym,general_gaussian_fp16_10e4,10^4,10000,window_positions=[10000],FP16,CPU,not_applicable,compatibility/end-to-end,PASS,OK,20,100,28,0.41861100000000001,true,a3fa2928708492c4632f8d6329124df3b70bb74fff8093b62f682ab5083868ae,b059482b631d78b1c378be75075c9d431651642604f6af00e63de9fc53b9981b
1,20260810T082122Z_8b745f9a6864_stage08_b01_formal_a103000b,formal,20260810T082122Z,8b745f9a68645ce41c47aa18fcde8b4868ef84eb,true,stage08_b01_general_gaussian_scales_v1,5d6f2dd75b763122028b82c7fc144e476d8fa07150cda991f6306e7007f350ee,operator,general_gaussian,NA,NA,general_gaussian,general_gaussian__general_gaussian_fp16_10e4__a3fa2928708492c4__sym,general_gaussian_fp16_10e4,10^4,10000,window_positions=[10000],FP16,CPU,not_applicable,compatibility/end-to-end,PASS,OK,20,100,29,0.43092200000000003,true,a3fa2928708492c4632f8d6329124df3b70bb74fff8093b62f682ab5083868ae,b059482b631d78b1c378be75075c9d431651642604f6af00e63de9fc53b9981b
1,20260810T082122Z_8b745f9a6864_stage08_b01_formal_a103000b,formal,20260810T082122Z,8b745f9a68645ce41c47aa18fcde8b4868ef84eb,true,stage08_b01_general_gaussian_scales_v1,5d6f2dd75b763122028b82c7fc144e476d8fa07150cda991f6306e7007f350ee,operator,general_gaussian,NA,NA,general_gaussian,general_gaussian__general_gaussian_fp16_10e4__a3fa2928708492c4__sym,general_gaussian_fp16_10e4,10^4,10000,window_positions=[10000],FP16,CPU,not_applicable,compatibility/end-to-end,PASS,OK,20,100,30,0.41978100000000002,true,a3fa2928708492c4632f8d6329124df3b70bb74fff8093b62f682ab5083868ae,b059482b631d78b1c378be75075c9d431651642604f6af00e63de9fc53b9981b
1,20260810T082122Z_8b745f9a6864_stage08_b01_formal_a103000b,formal,20260810T082122Z,8b745f9a68645ce41c47aa18fcde8b4868ef84eb,true,stage08_b01_general_gaussian_scales_v1,5d6f2dd75b763122028b82c7fc144e476d8fa07150cda991f6306e7007f350ee,operator,general_gaussian,NA,NA,general_gaussian,general_gaussian__general_gaussian_fp16_10e4__a3fa2928708492c4__sym,general_gaussian_fp16_10e4,10^4,10000,window_positions=[10000],FP16,CPU,not_applicable,compatibility/end-to-end,PASS,OK,20,100,31,0.41940100000000002,true,a3fa2928708492c4632f8d6329124df3b70bb74fff8093b62f682ab5083868ae,b059482b631d78b1c378be75075c9d431651642604f6af00e63de9fc53b9981b
1,20260810T082122Z_8b745f9a6864_stage08_b01_formal_a103000b,formal,20260810T082122Z,8b745f9a68645ce41c47aa18fcde8b4868ef84eb,true,stage08_b01_general_gaussian_scales_v1,5d6f2dd75b763122028b82c7fc144e476d8fa07150cda991f6306e7007f350ee,operator,general_gaussian,NA,NA,general_gaussian,general_gaussian__general_gaussian_fp16_10e4__a3fa2928708492c4__sym,general_gaussian_fp16_10e4,10^4,10000,window_positions=[10000],FP16,CPU,not_applicable,compatibility/end-to-end,PASS,OK,20,100,32,0.42052099999999998,true,a3fa2928708492c4632f8d6329124df3b70bb74fff8093b62f682ab5083868ae,b059482b631d78b1c378be75075c9d431651642604f6af00e63de9fc53b9981b
1,20260810T082122Z_8b745f9a6864_stage08_b01_formal_a103000b,formal,20260810T082122Z,8b745f9a68645ce41c47aa18fcde8b4868ef84eb,true,stage08_b01_general_gaussian_scales_v1,5d6f2dd75b763122028b82c7fc144e476d8fa07150cda991f6306e7007f350ee,operator,general_gaussian,NA,NA,general_gaussian,general_gaussian__general_gaussian_fp16_10e4__a3fa2928708492c4__sym,general_gaussian_fp16_10e4,10^4,10000,window_positions=[10000],FP16,CPU,not_applicable,compatibility/end-to-end,PASS,OK,20,100,33,0.41953099999999999,true,a3fa2928708492c4632f8d6329124df3b70bb74fff8093b62f682ab5083868ae,b059482b631d78b1c378be75075c9d431651642604f6af00e63de9fc53b9981b
1,20260810T082122Z_8b745f9a6864_stage08_b01_formal_a103000b,formal,20260810T082122Z,8b745f9a68645ce41c47aa18fcde8b4868ef84eb,true,stage08_b01_general_gaussian_scales_v1,5d6f2dd75b763122028b82c7fc144e476d8fa07150cda991f6306e7007f350ee,operator,general_gaussian,NA,NA,general_gaussian,general_gaussian__general_gaussian_fp16_10e4__a3fa2928708492c4__sym,general_gaussian_fp16_10e4,10^4,10000,window_positions=[10000],FP16,CPU,not_applicable,compatibility/end-to-end,PASS,OK,20,100,34,0.41864099999999999,true,a3fa2928708492c4632f8d6329124df3b70bb74fff8093b62f682ab5083868ae,b059482b631d78b1c378be75075c9d431651642604f6af00e63de9fc53b9981b
1,20260810T082122Z_8b745f9a6864_stage08_b01_formal_a103000b,formal,20260810T082122Z,8b745f9a68645ce41c47aa18fcde8b4868ef84eb,true,stage08_b01_general_gaussian_scales_v1,5d6f2dd75b763122028b82c7fc144e476d8fa07150cda991f6306e7007f350ee,operator,general_gaussian,NA,NA,general_gaussian,general_gaussian__general_gaussian_fp16_10e4__a3fa2928708492c4__sym,general_gaussian_fp16_10e4,10^4,10000,window_positions=[10000],FP16,CPU,not_applicable,compatibility/end-to-end,PASS,OK,20,100,35,0.418632,true,a3fa2928708492c4632f8d6329124df3b70bb74fff8093b62f682ab5083868ae,b059482b631d78b1c378be75075c9d431651642604f6af00e63de9fc53b9981b
1,20260810T082122Z_8b745f9a6864_stage08_b01_formal_a103000b,formal,20260810T082122Z,8b745f9a68645ce41c47aa18fcde8b4868ef84eb,true,stage08_b01_general_gaussian_scales_v1,5d6f2dd75b763122028b82c7fc144e476d8fa07150cda991f6306e7007f350ee,operator,general_gaussian,NA,NA,general_gaussian,general_gaussian__general_gaussian_fp16_10e4__a3fa2928708492c4__sym,general_gaussian_fp16_10e4,10^4,10000,window_positions=[10000],FP16,CPU,not_applicable,compatibility/end-to-end,PASS,OK,20,100,36,0.41969099999999998,true,a3fa2928708492c4632f8d6329124df3b70bb74fff8093b62f682ab5083868ae,b059482b631d78b1c378be75075c9d431651642604f6af00e63de9fc53b9981b
1,20260810T082122Z_8b745f9a6864_stage08_b01_formal_a103000b,formal,20260810T082122Z,8b745f9a68645ce41c47aa18fcde8b4868ef84eb,true,stage08_b01_general_gaussian_scales_v1,5d6f2dd75b763122028b82c7fc144e476d8fa07150cda991f6306e7007f350ee,operator,general_gaussian,NA,NA,general_gaussian,general_gaussian__general_gaussian_fp16_10e4__a3fa2928708492c4__sym,general_gaussian_fp16_10e4,10^4,10000,window_positions=[10000],FP16,CPU,not_applicable,compatibility/end-to-end,PASS,OK,20,100,37,0.41936099999999998,true,a3fa2928708492c4632f8d6329124df3b70bb74fff8093b62f682ab5083868ae,b059482b631d78b1c378be75075c9d431651642604f6af00e63de9fc53b9981b
1,20260810T082122Z_8b745f9a6864_stage08_b01_formal_a103000b,formal,20260810T082122Z,8b745f9a68645ce41c47aa18fcde8b4868ef84eb,true,stage08_b01_general_gaussian_scales_v1,5d6f2dd75b763122028b82c7fc144e476d8fa07150cda991f6306e7007f350ee,operator,general_gaussian,NA,NA,general_gaussian,general_gaussian__general_gaussian_fp16_10e4__a3fa2928708492c4__sym,general_gaussian_fp16_10e4,10^4,10000,window_positions=[10000],FP16,CPU,not_applicable,compatibility/end-to-end,PASS,OK,20,100,38,0.41973100000000002,true,a3fa2928708492c4632f8d6329124df3b70bb74fff8093b62f682ab5083868ae,b059482b631d78b1c378be75075c9d431651642604f6af00e63de9fc53b9981b
1,20260810T082122Z_8b745f9a6864_stage08_b01_formal_a103000b,formal,20260810T082122Z,8b745f9a68645ce41c47aa18fcde8b4868ef84eb,true,stage08_b01_general_gaussian_scales_v1,5d6f2dd75b763122028b82c7fc144e476d8fa07150cda991f6306e7007f350ee,operator,general_gaussian,NA,NA,general_gaussian,general_gaussian__general_gaussian_fp16_10e4__a3fa2928708492c4__sym,general_gaussian_fp16_10e4,10^4,10000,window_positions=[10000],FP16,CPU,not_applicable,compatibility/end-to-end,PASS,OK,20,100,39,0.42901099999999998,true,a3fa2928708492c4632f8d6329124df3b70bb74fff8093b62f682ab5083868ae,b059482b631d78b1c378be75075c9d431651642604f6af00e63de9fc53b9981b
1,20260810T082122Z_8b745f9a6864_stage08_b01_formal_a103000b,formal,20260810T082122Z,8b745f9a68645ce41c47aa18fcde8b4868ef84eb,true,stage08_b01_general_gaussian_scales_v1,5d6f2dd75b763122028b82c7fc144e476d8fa07150cda991f6306e7007f350ee,operator,general_gaussian,NA,NA,general_gaussian,general_gaussian__general_gaussian_fp16_10e4__a3fa2928708492c4__sym,general_gaussian_fp16_10e4,10^4,10000,window_positions=[10000],FP16,CPU,not_applicable,compatibility/end-to-end,PASS,OK,20,100,40,0.422012,true,a3fa2928708492c4632f8d6329124df3b70bb74fff8093b62f682ab5083868ae,b059482b631d78b1c378be75075c9d431651642604f6af00e63de9fc53b9981b
1,20260810T082122Z_8b745f9a6864_stage08_b01_formal_a103000b,formal,20260810T082122Z,8b745f9a68645ce41c47aa18fcde8b4868ef84eb,true,stage08_b01_general_gaussian_scales_v1,5d6f2dd75b763122028b82c7fc144e476d8fa07150cda991f6306e7007f350ee,operator,general_gaussian,NA,NA,general_gaussian,general_gaussian__general_gaussian_fp16_10e4__a3fa2928708492c4__sym,general_gaussian_fp16_10e4,10^4,10000,window_positions=[10000],FP16,CPU,not_applicable,compatibility/end-to-end,PASS,OK,20,100,41,0.41951100000000002,true,a3fa2928708492c4632f8d6329124df3b70bb74fff8093b62f682ab5083868ae,b059482b631d78b1c378be75075c9d431651642604f6af00e63de9fc53b9981b
1,20260810T082122Z_8b745f9a6864_stage08_b01_formal_a103000b,formal,20260810T082122Z,8b745f9a68645ce41c47aa18fcde8b4868ef84eb,true,stage08_b01_general_gaussian_scales_v1,5d6f2dd75b763122028b82c7fc144e476d8fa07150cda991f6306e7007f350ee,operator,general_gaussian,NA,NA,general_gaussian,general_gaussian__general_gaussian_fp16_10e4__a3fa2928708492c4__sym,general_gaussian_fp16_10e4,10^4,10000,window_positions=[10000],FP16,CPU,not_applicable,compatibility/end-to-end,PASS,OK,20,100,42,0.41881099999999999,true,a3fa2928708492c4632f8d6329124df3b70bb74fff8093b62f682ab5083868ae,b059482b631d78b1c378be75075c9d431651642604f6af00e63de9fc53b9981b
1,20260810T082122Z_8b745f9a6864_stage08_b01_formal_a103000b,formal,20260810T082122Z,8b745f9a68645ce41c47aa18fcde8b4868ef84eb,true,stage08_b01_general_gaussian_scales_v1,5d6f2dd75b763122028b82c7fc144e476d8fa07150cda991f6306e7007f350ee,operator,general_gaussian,NA,NA,general_gaussian,general_gaussian__general_gaussian_fp16_10e4__a3fa2928708492c4__sym,general_gaussian_fp16_10e4,10^4,10000,window_positions=[10000],FP16,CPU,not_applicable,compatibility/end-to-end,PASS,OK,20,100,43,0.41840100000000002,true,a3fa2928708492c4632f8d6329124df3b70bb74fff8093b62f682ab5083868ae,b059482b631d78b1c378be75075c9d431651642604f6af00e63de9fc53b9981b
1,20260810T082122Z_8b745f9a6864_stage08_b01_formal_a103000b,formal,20260810T082122Z,8b745f9a68645ce41c47aa18fcde8b4868ef84eb,true,stage08_b01_general_gaussian_scales_v1,5d6f2dd75b763122028b82c7fc144e476d8fa07150cda991f6306e7007f350ee,operator,general_gaussian,NA,NA,general_gaussian,general_gaussian__general_gaussian_fp16_10e4__a3fa2928708492c4__sym,general_gaussian_fp16_10e4,10^4,10000,window_positions=[10000],FP16,CPU,not_applicable,compatibility/end-to-end,PASS,OK,20,100,44,0.42150100000000001,true,a3fa2928708492c4632f8d6329124df3b70bb74fff8093b62f682ab5083868ae,b059482b631d78b1c378be75075c9d431651642604f6af00e63de9fc53b9981b
1,20260810T082122Z_8b745f9a6864_stage08_b01_formal_a103000b,formal,20260810T082122Z,8b745f9a68645ce41c47aa18fcde8b4868ef84eb,true,stage08_b01_general_gaussian_scales_v1,5d6f2dd75b763122028b82c7fc144e476d8fa07150cda991f6306e7007f350ee,operator,general_gaussian,NA,NA,general_gaussian,general_gaussian__general_gaussian_fp16_10e4__a3fa2928708492c4__sym,general_gaussian_fp16_10e4,10^4,10000,window_positions=[10000],FP16,CPU,not_applicable,compatibility/end-to-end,PASS,OK,20,100,45,0.41956100000000002,true,a3fa2928708492c4632f8d6329124df3b70bb74fff8093b62f682ab5083868ae,b059482b631d78b1c378be75075c9d431651642604f6af00e63de9fc53b9981b
1,20260810T082122Z_8b745f9a6864_stage08_b01_formal_a103000b,formal,20260810T082122Z,8b745f9a68645ce41c47aa18fcde8b4868ef84eb,true,stage08_b01_general_gaussian_scales_v1,5d6f2dd75b763122028b82c7fc144e476d8fa07150cda991f6306e7007f350ee,operator,general_gaussian,NA,NA,general_gaussian,general_gaussian__general_gaussian_fp16_10e4__a3fa2928708492c4__sym,general_gaussian_fp16_10e4,10^4,10000,window_positions=[10000],FP16,CPU,not_applicable,compatibility/end-to-end,PASS,OK,20,100,46,0.41962100000000002,true,a3fa2928708492c4632f8d6329124df3b70bb74fff8093b62f682ab5083868ae,b059482b631d78b1c378be75075c9d431651642604f6af00e63de9fc53b9981b
1,20260810T082122Z_8b745f9a6864_stage08_b01_formal_a103000b,formal,20260810T082122Z,8b745f9a68645ce41c47aa18fcde8b4868ef84eb,true,stage08_b01_general_gaussian_scales_v1,5d6f2dd75b763122028b82c7fc144e476d8fa07150cda991f6306e7007f350ee,operator,general_gaussian,NA,NA,general_gaussian,general_gaussian__general_gaussian_fp16_10e4__a3fa2928708492c4__sym,general_gaussian_fp16_10e4,10^4,10000,window_positions=[10000],FP16,CPU,not_applicable,compatibility/end-to-end,PASS,OK,20,100,47,0.419491,true,a3fa2928708492c4632f8d6329124df3b70bb74fff8093b62f682ab5083868ae,b059482b631d78b1c378be75075c9d431651642604f6af00e63de9fc53b9981b
1,20260810T082122Z_8b745f9a6864_stage08_b01_formal_a103000b,formal,20260810T082122Z,8b745f9a68645ce41c47aa18fcde8b4868ef84eb,true,stage08_b01_general_gaussian_scales_v1,5d6f2dd75b763122028b82c7fc144e476d8fa07150cda991f6306e7007f350ee,operator,general_gaussian,NA,NA,general_gaussian,general_gaussian__general_gaussian_fp16_10e4__a3fa2928708492c4__sym,general_gaussian_fp16_10e4,10^4,10000,window_positions=[10000],FP16,CPU,not_applicable,compatibility/end-to-end,PASS,OK,20,100,48,0.42772100000000002,true,a3fa2928708492c4632f8d6329124df3b70bb74fff8093b62f682ab5083868ae,b059482b631d78b1c378be75075c9d431651642604f6af00e63de9fc53b9981b
1,20260810T082122Z_8b745f9a6864_stage08_b01_formal_a103000b,formal,20260810T082122Z,8b745f9a68645ce41c47aa18fcde8b4868ef84eb,true,stage08_b01_general_gaussian_scales_v1,5d6f2dd75b763122028b82c7fc144e476d8fa07150cda991f6306e7007f350ee,operator,general_gaussian,NA,NA,general_gaussian,general_gaussian__general_gaussian_fp16_10e4__a3fa2928708492c4__sym,general_gaussian_fp16_10e4,10^4,10000,window_positions=[10000],FP16,CPU,not_applicable,compatibility/end-to-end,PASS,OK,20,100,49,0.42170200000000002,true,a3fa2928708492c4632f8d6329124df3b70bb74fff8093b62f682ab5083868ae,b059482b631d78b1c378be75075c9d431651642604f6af00e63de9fc53b9981b
1,20260810T082122Z_8b745f9a6864_stage08_b01_formal_a103000b,formal,20260810T082122Z,8b745f9a68645ce41c47aa18fcde8b4868ef84eb,true,stage08_b01_general_gaussian_scales_v1,5d6f2dd75b763122028b82c7fc144e476d8fa07150cda991f6306e7007f350ee,operator,general_gaussian,NA,NA,general_gaussian,general_gaussian__general_gaussian_fp16_10e4__a3fa2928708492c4__sym,general_gaussian_fp16_10e4,10^4,10000,window_positions=[10000],FP16,CPU,not_applicable,compatibility/end-to-end,PASS,OK,20,100,50,0.41956100000000002,true,a3fa2928708492c4632f8d6329124df3b70bb74fff8093b62f682ab5083868ae,b059482b631d78b1c378be75075c9d431651642604f6af00e63de9fc53b9981b
1,20260810T082122Z_8b745f9a6864_stage08_b01_formal_a103000b,formal,20260810T082122Z,8b745f9a68645ce41c47aa18fcde8b4868ef84eb,true,stage08_b01_general_gaussian_scales_v1,5d6f2dd75b763122028b82c7fc144e476d8fa07150cda991f6306e7007f350ee,operator,general_gaussian,NA,NA,general_gaussian,general_gaussian__general_gaussian_fp16_10e4__a3fa2928708492c4__sym,general_gaussian_fp16_10e4,10^4,10000,window_positions=[10000],FP16,CPU,not_applicable,compatibility/end-to-end,PASS,OK,20,100,51,0.419601,true,a3fa2928708492c4632f8d6329124df3b70bb74fff8093b62f682ab5083868ae,b059482b631d78b1c378be75075c9d431651642604f6af00e63de9fc53b9981b
1,20260810T082122Z_8b745f9a6864_stage08_b01_formal_a103000b,formal,20260810T082122Z,8b745f9a68645ce41c47aa18fcde8b4868ef84eb,true,stage08_b01_general_gaussian_scales_v1,5d6f2dd75b763122028b82c7fc144e476d8fa07150cda991f6306e7007f350ee,operator,general_gaussian,NA,NA,general_gaussian,general_gaussian__general_gaussian_fp16_10e4__a3fa2928708492c4__sym,general_gaussian_fp16_10e4,10^4,10000,window_positions=[10000],FP16,CPU,not_applicable,compatibility/end-to-end,PASS,OK,20,100,52,0.41866100000000001,true,a3fa2928708492c4632f8d6329124df3b70bb74fff8093b62f682ab5083868ae,b059482b631d78b1c378be75075c9d431651642604f6af00e63de9fc53b9981b
1,20260810T082122Z_8b745f9a6864_stage08_b01_formal_a103000b,formal,20260810T082122Z,8b745f9a68645ce41c47aa18fcde8b4868ef84eb,true,stage08_b01_general_gaussian_scales_v1,5d6f2dd75b763122028b82c7fc144e476d8fa07150cda991f6306e7007f350ee,operator,general_gaussian,NA,NA,general_gaussian,general_gaussian__general_gaussian_fp16_10e4__a3fa2928708492c4__sym,general_gaussian_fp16_10e4,10^4,10000,window_positions=[10000],FP16,CPU,not_applicable,compatibility/end-to-end,PASS,OK,20,100,53,0.41956199999999999,true,a3fa2928708492c4632f8d6329124df3b70bb74fff8093b62f682ab5083868ae,b059482b631d78b1c378be75075c9d431651642604f6af00e63de9fc53b9981b
1,20260810T082122Z_8b745f9a6864_stage08_b01_formal_a103000b,formal,20260810T082122Z,8b745f9a68645ce41c47aa18fcde8b4868ef84eb,true,stage08_b01_general_gaussian_scales_v1,5d6f2dd75b763122028b82c7fc144e476d8fa07150cda991f6306e7007f350ee,operator,general_gaussian,NA,NA,general_gaussian,general_gaussian__general_gaussian_fp16_10e4__a3fa2928708492c4__sym,general_gaussian_fp16_10e4,10^4,10000,window_positions=[10000],FP16,CPU,not_applicable,compatibility/end-to-end,PASS,OK,20,100,54,0.41870099999999999,true,a3fa2928708492c4632f8d6329124df3b70bb74fff8093b62f682ab5083868ae,b059482b631d78b1c378be75075c9d431651642604f6af00e63de9fc53b9981b
1,20260810T082122Z_8b745f9a6864_stage08_b01_formal_a103000b,formal,20260810T082122Z,8b745f9a68645ce41c47aa18fcde8b4868ef84eb,true,stage08_b01_general_gaussian_scales_v1,5d6f2dd75b763122028b82c7fc144e476d8fa07150cda991f6306e7007f350ee,operator,general_gaussian,NA,NA,general_gaussian,general_gaussian__general_gaussian_fp16_10e4__a3fa2928708492c4__sym,general_gaussian_fp16_10e4,10^4,10000,window_positions=[10000],FP16,CPU,not_applicable,compatibility/end-to-end,PASS,OK,20,100,55,0.41925099999999998,true,a3fa2928708492c4632f8d6329124df3b70bb74fff8093b62f682ab5083868ae,b059482b631d78b1c378be75075c9d431651642604f6af00e63de9fc53b9981b
1,20260810T082122Z_8b745f9a6864_stage08_b01_formal_a103000b,formal,20260810T082122Z,8b745f9a68645ce41c47aa18fcde8b4868ef84eb,true,stage08_b01_general_gaussian_scales_v1,5d6f2dd75b763122028b82c7fc144e476d8fa07150cda991f6306e7007f350ee,operator,general_gaussian,NA,NA,general_gaussian,general_gaussian__general_gaussian_fp16_10e4__a3fa2928708492c4__sym,general_gaussian_fp16_10e4,10^4,10000,window_positions=[10000],FP16,CPU,not_applicable,compatibility/end-to-end,PASS,OK,20,100,56,0.41863099999999998,true,a3fa2928708492c4632f8d6329124df3b70bb74fff8093b62f682ab5083868ae,b059482b631d78b1c378be75075c9d431651642604f6af00e63de9fc53b9981b
1,20260810T082122Z_8b745f9a6864_stage08_b01_formal_a103000b,formal,20260810T082122Z,8b745f9a68645ce41c47aa18fcde8b4868ef84eb,true,stage08_b01_general_gaussian_scales_v1,5d6f2dd75b763122028b82c7fc144e476d8fa07150cda991f6306e7007f350ee,operator,general_gaussian,NA,NA,general_gaussian,general_gaussian__general_gaussian_fp16_10e4__a3fa2928708492c4__sym,general_gaussian_fp16_10e4,10^4,10000,window_positions=[10000],FP16,CPU,not_applicable,compatibility/end-to-end,PASS,OK,20,100,57,0.41926200000000002,true,a3fa2928708492c4632f8d6329124df3b70bb74fff8093b62f682ab5083868ae,b059482b631d78b1c378be75075c9d431651642604f6af00e63de9fc53b9981b
1,20260810T082122Z_8b745f9a6864_stage08_b01_formal_a103000b,formal,20260810T082122Z,8b745f9a68645ce41c47aa18fcde8b4868ef84eb,true,stage08_b01_general_gaussian_scales_v1,5d6f2dd75b763122028b82c7fc144e476d8fa07150cda991f6306e7007f350ee,operator,general_gaussian,NA,NA,general_gaussian,general_gaussian__general_gaussian_fp16_10e4__a3fa2928708492c4__sym,general_gaussian_fp16_10e4,10^4,10000,window_positions=[10000],FP16,CPU,not_applicable,compatibility/end-to-end,PASS,OK,20,100,58,0.42910100000000001,true,a3fa2928708492c4632f8d6329124df3b70bb74fff8093b62f682ab5083868ae,b059482b631d78b1c378be75075c9d431651642604f6af00e63de9fc53b9981b
1,20260810T082122Z_8b745f9a6864_stage08_b01_formal_a103000b,formal,20260810T082122Z,8b745f9a68645ce41c47aa18fcde8b4868ef84eb,true,stage08_b01_general_gaussian_scales_v1,5d6f2dd75b763122028b82c7fc144e476d8fa07150cda991f6306e7007f350ee,operator,general_gaussian,NA,NA,general_gaussian,general_gaussian__general_gaussian_fp16_10e4__a3fa2928708492c4__sym,general_gaussian_fp16_10e4,10^4,10000,window_positions=[10000],FP16,CPU,not_applicable,compatibility/end-to-end,PASS,OK,20,100,59,0.42197099999999998,true,a3fa2928708492c4632f8d6329124df3b70bb74fff8093b62f682ab5083868ae,b059482b631d78b1c378be75075c9d431651642604f6af00e63de9fc53b9981b
1,20260810T082122Z_8b745f9a6864_stage08_b01_formal_a103000b,formal,20260810T082122Z,8b745f9a68645ce41c47aa18fcde8b4868ef84eb,true,stage08_b01_general_gaussian_scales_v1,5d6f2dd75b763122028b82c7fc144e476d8fa07150cda991f6306e7007f350ee,operator,general_gaussian,NA,NA,general_gaussian,general_gaussian__general_gaussian_fp16_10e4__a3fa2928708492c4__sym,general_gaussian_fp16_10e4,10^4,10000,window_positions=[10000],FP16,CPU,not_applicable,compatibility/end-to-end,PASS,OK,20,100,60,0.41959099999999999,true,a3fa2928708492c4632f8d6329124df3b70bb74fff8093b62f682ab5083868ae,b059482b631d78b1c378be75075c9d431651642604f6af00e63de9fc53b9981b
1,20260810T082122Z_8b745f9a6864_stage08_b01_formal_a103000b,formal,20260810T082122Z,8b745f9a68645ce41c47aa18fcde8b4868ef84eb,true,stage08_b01_general_gaussian_scales_v1,5d6f2dd75b763122028b82c7fc144e476d8fa07150cda991f6306e7007f350ee,operator,general_gaussian,NA,NA,general_gaussian,general_gaussian__general_gaussian_fp16_10e4__a3fa2928708492c4__sym,general_gaussian_fp16_10e4,10^4,10000,window_positions=[10000],FP16,CPU,not_applicable,compatibility/end-to-end,PASS,OK,20,100,61,0.419742,true,a3fa2928708492c4632f8d6329124df3b70bb74fff8093b62f682ab5083868ae,b059482b631d78b1c378be75075c9d431651642604f6af00e63de9fc53b9981b
1,20260810T082122Z_8b745f9a6864_stage08_b01_formal_a103000b,formal,20260810T082122Z,8b745f9a68645ce41c47aa18fcde8b4868ef84eb,true,stage08_b01_general_gaussian_scales_v1,5d6f2dd75b763122028b82c7fc144e476d8fa07150cda991f6306e7007f350ee,operator,general_gaussian,NA,NA,general_gaussian,general_gaussian__general_gaussian_fp16_10e4__a3fa2928708492c4__sym,general_gaussian_fp16_10e4,10^4,10000,window_positions=[10000],FP16,CPU,not_applicable,compatibility/end-to-end,PASS,OK,20,100,62,0.41969099999999998,true,a3fa2928708492c4632f8d6329124df3b70bb74fff8093b62f682ab5083868ae,b059482b631d78b1c378be75075c9d431651642604f6af00e63de9fc53b9981b
1,20260810T082122Z_8b745f9a6864_stage08_b01_formal_a103000b,formal,20260810T082122Z,8b745f9a68645ce41c47aa18fcde8b4868ef84eb,true,stage08_b01_general_gaussian_scales_v1,5d6f2dd75b763122028b82c7fc144e476d8fa07150cda991f6306e7007f350ee,operator,general_gaussian,NA,NA,general_gaussian,general_gaussian__general_gaussian_fp16_10e4__a3fa2928708492c4__sym,general_gaussian_fp16_10e4,10^4,10000,window_positions=[10000],FP16,CPU,not_applicable,compatibility/end-to-end,PASS,OK,20,100,63,0.41947099999999998,true,a3fa2928708492c4632f8d6329124df3b70bb74fff8093b62f682ab5083868ae,b059482b631d78b1c378be75075c9d431651642604f6af00e63de9fc53b9981b
1,20260810T082122Z_8b745f9a6864_stage08_b01_formal_a103000b,formal,20260810T082122Z,8b745f9a68645ce41c47aa18fcde8b4868ef84eb,true,stage08_b01_general_gaussian_scales_v1,5d6f2dd75b763122028b82c7fc144e476d8fa07150cda991f6306e7007f350ee,operator,general_gaussian,NA,NA,general_gaussian,general_gaussian__general_gaussian_fp16_10e4__a3fa2928708492c4__sym,general_gaussian_fp16_10e4,10^4,10000,window_positions=[10000],FP16,CPU,not_applicable,compatibility/end-to-end,PASS,OK,20,100,64,0.41863099999999998,true,a3fa2928708492c4632f8d6329124df3b70bb74fff8093b62f682ab5083868ae,b059482b631d78b1c378be75075c9d431651642604f6af00e63de9fc53b9981b
1,20260810T082122Z_8b745f9a6864_stage08_b01_formal_a103000b,formal,20260810T082122Z,8b745f9a68645ce41c47aa18fcde8b4868ef84eb,true,stage08_b01_general_gaussian_scales_v1,5d6f2dd75b763122028b82c7fc144e476d8fa07150cda991f6306e7007f350ee,operator,general_gaussian,NA,NA,general_gaussian,general_gaussian__general_gaussian_fp16_10e4__a3fa2928708492c4__sym,general_gaussian_fp16_10e4,10^4,10000,window_positions=[10000],FP16,CPU,not_applicable,compatibility/end-to-end,PASS,OK,20,100,65,0.41958200000000001,true,a3fa2928708492c4632f8d6329124df3b70bb74fff8093b62f682ab5083868ae,b059482b631d78b1c378be75075c9d431651642604f6af00e63de9fc53b9981b
1,20260810T082122Z_8b745f9a6864_stage08_b01_formal_a103000b,formal,20260810T082122Z,8b745f9a68645ce41c47aa18fcde8b4868ef84eb,true,stage08_b01_general_gaussian_scales_v1,5d6f2dd75b763122028b82c7fc144e476d8fa07150cda991f6306e7007f350ee,operator,general_gaussian,NA,NA,general_gaussian,general_gaussian__general_gaussian_fp16_10e4__a3fa2928708492c4__sym,general_gaussian_fp16_10e4,10^4,10000,window_positions=[10000],FP16,CPU,not_applicable,compatibility/end-to-end,PASS,OK,20,100,66,0.41935099999999997,true,a3fa2928708492c4632f8d6329124df3b70bb74fff8093b62f682ab5083868ae,b059482b631d78b1c378be75075c9d431651642604f6af00e63de9fc53b9981b
1,20260810T082122Z_8b745f9a6864_stage08_b01_formal_a103000b,formal,20260810T082122Z,8b745f9a68645ce41c47aa18fcde8b4868ef84eb,true,stage08_b01_general_gaussian_scales_v1,5d6f2dd75b763122028b82c7fc144e476d8fa07150cda991f6306e7007f350ee,operator,general_gaussian,NA,NA,general_gaussian,general_gaussian__general_gaussian_fp16_10e4__a3fa2928708492c4__sym,general_gaussian_fp16_10e4,10^4,10000,window_positions=[10000],FP16,CPU,not_applicable,compatibility/end-to-end,PASS,OK,20,100,67,0.551311,true,a3fa2928708492c4632f8d6329124df3b70bb74fff8093b62f682ab5083868ae,b059482b631d78b1c378be75075c9d431651642604f6af00e63de9fc53b9981b
1,20260810T082122Z_8b745f9a6864_stage08_b01_formal_a103000b,formal,20260810T082122Z,8b745f9a68645ce41c47aa18fcde8b4868ef84eb,true,stage08_b01_general_gaussian_scales_v1,5d6f2dd75b763122028b82c7fc144e476d8fa07150cda991f6306e7007f350ee,operator,general_gaussian,NA,NA,general_gaussian,general_gaussian__general_gaussian_fp16_10e4__a3fa2928708492c4__sym,general_gaussian_fp16_10e4,10^4,10000,window_positions=[10000],FP16,CPU,not_applicable,compatibility/end-to-end,PASS,OK,20,100,68,0.42172199999999999,true,a3fa2928708492c4632f8d6329124df3b70bb74fff8093b62f682ab5083868ae,b059482b631d78b1c378be75075c9d431651642604f6af00e63de9fc53b9981b
1,20260810T082122Z_8b745f9a6864_stage08_b01_formal_a103000b,formal,20260810T082122Z,8b745f9a68645ce41c47aa18fcde8b4868ef84eb,true,stage08_b01_general_gaussian_scales_v1,5d6f2dd75b763122028b82c7fc144e476d8fa07150cda991f6306e7007f350ee,operator,general_gaussian,NA,NA,general_gaussian,general_gaussian__general_gaussian_fp16_10e4__a3fa2928708492c4__sym,general_gaussian_fp16_10e4,10^4,10000,window_positions=[10000],FP16,CPU,not_applicable,compatibility/end-to-end,PASS,OK,20,100,69,0.41855100000000001,true,a3fa2928708492c4632f8d6329124df3b70bb74fff8093b62f682ab5083868ae,b059482b631d78b1c378be75075c9d431651642604f6af00e63de9fc53b9981b
1,20260810T082122Z_8b745f9a6864_stage08_b01_formal_a103000b,formal,20260810T082122Z,8b745f9a68645ce41c47aa18fcde8b4868ef84eb,true,stage08_b01_general_gaussian_scales_v1,5d6f2dd75b763122028b82c7fc144e476d8fa07150cda991f6306e7007f350ee,operator,general_gaussian,NA,NA,general_gaussian,general_gaussian__general_gaussian_fp16_10e4__a3fa2928708492c4__sym,general_gaussian_fp16_10e4,10^4,10000,window_positions=[10000],FP16,CPU,not_applicable,compatibility/end-to-end,PASS,OK,20,100,70,0.422151,true,a3fa2928708492c4632f8d6329124df3b70bb74fff8093b62f682ab5083868ae,b059482b631d78b1c378be75075c9d431651642604f6af00e63de9fc53b9981b
1,20260810T082122Z_8b745f9a6864_stage08_b01_formal_a103000b,formal,20260810T082122Z,8b745f9a68645ce41c47aa18fcde8b4868ef84eb,true,stage08_b01_general_gaussian_scales_v1,5d6f2dd75b763122028b82c7fc144e476d8fa07150cda991f6306e7007f350ee,operator,general_gaussian,NA,NA,general_gaussian,general_gaussian__general_gaussian_fp16_10e4__a3fa2928708492c4__sym,general_gaussian_fp16_10e4,10^4,10000,window_positions=[10000],FP16,CPU,not_applicable,compatibility/end-to-end,PASS,OK,20,100,71,0.41946099999999997,true,a3fa2928708492c4632f8d6329124df3b70bb74fff8093b62f682ab5083868ae,b059482b631d78b1c378be75075c9d431651642604f6af00e63de9fc53b9981b
1,20260810T082122Z_8b745f9a6864_stage08_b01_formal_a103000b,formal,20260810T082122Z,8b745f9a68645ce41c47aa18fcde8b4868ef84eb,true,stage08_b01_general_gaussian_scales_v1,5d6f2dd75b763122028b82c7fc144e476d8fa07150cda991f6306e7007f350ee,operator,general_gaussian,NA,NA,general_gaussian,general_gaussian__general_gaussian_fp16_10e4__a3fa2928708492c4__sym,general_gaussian_fp16_10e4,10^4,10000,window_positions=[10000],FP16,CPU,not_applicable,compatibility/end-to-end,PASS,OK,20,100,72,0.41860199999999997,true,a3fa2928708492c4632f8d6329124df3b70bb74fff8093b62f682ab5083868ae,b059482b631d78b1c378be75075c9d431651642604f6af00e63de9fc53b9981b
1,20260810T082122Z_8b745f9a6864_stage08_b01_formal_a103000b,formal,20260810T082122Z,8b745f9a68645ce41c47aa18fcde8b4868ef84eb,true,stage08_b01_general_gaussian_scales_v1,5d6f2dd75b763122028b82c7fc144e476d8fa07150cda991f6306e7007f350ee,operator,general_gaussian,NA,NA,general_gaussian,general_gaussian__general_gaussian_fp16_10e4__a3fa2928708492c4__sym,general_gaussian_fp16_10e4,10^4,10000,window_positions=[10000],FP16,CPU,not_applicable,compatibility/end-to-end,PASS,OK,20,100,73,0.41958099999999998,true,a3fa2928708492c4632f8d6329124df3b70bb74fff8093b62f682ab5083868ae,b059482b631d78b1c378be75075c9d431651642604f6af00e63de9fc53b9981b
1,20260810T082122Z_8b745f9a6864_stage08_b01_formal_a103000b,formal,20260810T082122Z,8b745f9a68645ce41c47aa18fcde8b4868ef84eb,true,stage08_b01_general_gaussian_scales_v1,5d6f2dd75b763122028b82c7fc144e476d8fa07150cda991f6306e7007f350ee,operator,general_gaussian,NA,NA,general_gaussian,general_gaussian__general_gaussian_fp16_10e4__a3fa2928708492c4__sym,general_gaussian_fp16_10e4,10^4,10000,window_positions=[10000],FP16,CPU,not_applicable,compatibility/end-to-end,PASS,OK,20,100,74,0.41961100000000001,true,a3fa2928708492c4632f8d6329124df3b70bb74fff8093b62f682ab5083868ae,b059482b631d78b1c378be75075c9d431651642604f6af00e63de9fc53b9981b
1,20260810T082122Z_8b745f9a6864_stage08_b01_formal_a103000b,formal,20260810T082122Z,8b745f9a68645ce41c47aa18fcde8b4868ef84eb,true,stage08_b01_general_gaussian_scales_v1,5d6f2dd75b763122028b82c7fc144e476d8fa07150cda991f6306e7007f350ee,operator,general_gaussian,NA,NA,general_gaussian,general_gaussian__general_gaussian_fp16_10e4__a3fa2928708492c4__sym,general_gaussian_fp16_10e4,10^4,10000,window_positions=[10000],FP16,CPU,not_applicable,compatibility/end-to-end,PASS,OK,20,100,75,0.419541,true,a3fa2928708492c4632f8d6329124df3b70bb74fff8093b62f682ab5083868ae,b059482b631d78b1c378be75075c9d431651642604f6af00e63de9fc53b9981b
1,20260810T082122Z_8b745f9a6864_stage08_b01_formal_a103000b,formal,20260810T082122Z,8b745f9a68645ce41c47aa18fcde8b4868ef84eb,true,stage08_b01_general_gaussian_scales_v1,5d6f2dd75b763122028b82c7fc144e476d8fa07150cda991f6306e7007f350ee,operator,general_gaussian,NA,NA,general_gaussian,general_gaussian__general_gaussian_fp16_10e4__a3fa2928708492c4__sym,general_gaussian_fp16_10e4,10^4,10000,window_positions=[10000],FP16,CPU,not_applicable,compatibility/end-to-end,PASS,OK,20,100,76,0.41967100000000002,true,a3fa2928708492c4632f8d6329124df3b70bb74fff8093b62f682ab5083868ae,b059482b631d78b1c378be75075c9d431651642604f6af00e63de9fc53b9981b
1,20260810T082122Z_8b745f9a6864_stage08_b01_formal_a103000b,formal,20260810T082122Z,8b745f9a68645ce41c47aa18fcde8b4868ef84eb,true,stage08_b01_general_gaussian_scales_v1,5d6f2dd75b763122028b82c7fc144e476d8fa07150cda991f6306e7007f350ee,operator,general_gaussian,NA,NA,general_gaussian,general_gaussian__general_gaussian_fp16_10e4__a3fa2928708492c4__sym,general_gaussian_fp16_10e4,10^4,10000,window_positions=[10000],FP16,CPU,not_applicable,compatibility/end-to-end,PASS,OK,20,100,77,0.432002,true,a3fa2928708492c4632f8d6329124df3b70bb74fff8093b62f682ab5083868ae,b059482b631d78b1c378be75075c9d431651642604f6af00e63de9fc53b9981b
1,20260810T082122Z_8b745f9a6864_stage08_b01_formal_a103000b,formal,20260810T082122Z,8b745f9a68645ce41c47aa18fcde8b4868ef84eb,true,stage08_b01_general_gaussian_scales_v1,5d6f2dd75b763122028b82c7fc144e476d8fa07150cda991f6306e7007f350ee,operator,general_gaussian,NA,NA,general_gaussian,general_gaussian__general_gaussian_fp16_10e4__a3fa2928708492c4__sym,general_gaussian_fp16_10e4,10^4,10000,window_positions=[10000],FP16,CPU,not_applicable,compatibility/end-to-end,PASS,OK,20,100,78,0.41951100000000002,true,a3fa2928708492c4632f8d6329124df3b70bb74fff8093b62f682ab5083868ae,b059482b631d78b1c378be75075c9d431651642604f6af00e63de9fc53b9981b
1,20260810T082122Z_8b745f9a6864_stage08_b01_formal_a103000b,formal,20260810T082122Z,8b745f9a68645ce41c47aa18fcde8b4868ef84eb,true,stage08_b01_general_gaussian_scales_v1,5d6f2dd75b763122028b82c7fc144e476d8fa07150cda991f6306e7007f350ee,operator,general_gaussian,NA,NA,general_gaussian,general_gaussian__general_gaussian_fp16_10e4__a3fa2928708492c4__sym,general_gaussian_fp16_10e4,10^4,10000,window_positions=[10000],FP16,CPU,not_applicable,compatibility/end-to-end,PASS,OK,20,100,79,0.419491,true,a3fa2928708492c4632f8d6329124df3b70bb74fff8093b62f682ab5083868ae,b059482b631d78b1c378be75075c9d431651642604f6af00e63de9fc53b9981b
1,20260810T082122Z_8b745f9a6864_stage08_b01_formal_a103000b,formal,20260810T082122Z,8b745f9a68645ce41c47aa18fcde8b4868ef84eb,true,stage08_b01_general_gaussian_scales_v1,5d6f2dd75b763122028b82c7fc144e476d8fa07150cda991f6306e7007f350ee,operator,general_gaussian,NA,NA,general_gaussian,general_gaussian__general_gaussian_fp16_10e4__a3fa2928708492c4__sym,general_gaussian_fp16_10e4,10^4,10000,window_positions=[10000],FP16,CPU,not_applicable,compatibility/end-to-end,PASS,OK,20,100,80,0.41852099999999998,true,a3fa2928708492c4632f8d6329124df3b70bb74fff8093b62f682ab5083868ae,b059482b631d78b1c378be75075c9d431651642604f6af00e63de9fc53b9981b
1,20260810T082122Z_8b745f9a6864_stage08_b01_formal_a103000b,formal,20260810T082122Z,8b745f9a68645ce41c47aa18fcde8b4868ef84eb,true,stage08_b01_general_gaussian_scales_v1,5d6f2dd75b763122028b82c7fc144e476d8fa07150cda991f6306e7007f350ee,operator,general_gaussian,NA,NA,general_gaussian,general_gaussian__general_gaussian_fp16_10e4__a3fa2928708492c4__sym,general_gaussian_fp16_10e4,10^4,10000,window_positions=[10000],FP16,CPU,not_applicable,compatibility/end-to-end,PASS,OK,20,100,81,0.41966100000000001,true,a3fa2928708492c4632f8d6329124df3b70bb74fff8093b62f682ab5083868ae,b059482b631d78b1c378be75075c9d431651642604f6af00e63de9fc53b9981b
1,20260810T082122Z_8b745f9a6864_stage08_b01_formal_a103000b,formal,20260810T082122Z,8b745f9a68645ce41c47aa18fcde8b4868ef84eb,true,stage08_b01_general_gaussian_scales_v1,5d6f2dd75b763122028b82c7fc144e476d8fa07150cda991f6306e7007f350ee,operator,general_gaussian,NA,NA,general_gaussian,general_gaussian__general_gaussian_fp16_10e4__a3fa2928708492c4__sym,general_gaussian_fp16_10e4,10^4,10000,window_positions=[10000],FP16,CPU,not_applicable,compatibility/end-to-end,PASS,OK,20,100,82,0.41869200000000001,true,a3fa2928708492c4632f8d6329124df3b70bb74fff8093b62f682ab5083868ae,b059482b631d78b1c378be75075c9d431651642604f6af00e63de9fc53b9981b
1,20260810T082122Z_8b745f9a6864_stage08_b01_formal_a103000b,formal,20260810T082122Z,8b745f9a68645ce41c47aa18fcde8b4868ef84eb,true,stage08_b01_general_gaussian_scales_v1,5d6f2dd75b763122028b82c7fc144e476d8fa07150cda991f6306e7007f350ee,operator,general_gaussian,NA,NA,general_gaussian,general_gaussian__general_gaussian_fp16_10e4__a3fa2928708492c4__sym,general_gaussian_fp16_10e4,10^4,10000,window_positions=[10000],FP16,CPU,not_applicable,compatibility/end-to-end,PASS,OK,20,100,83,0.41957100000000003,true,a3fa2928708492c4632f8d6329124df3b70bb74fff8093b62f682ab5083868ae,b059482b631d78b1c378be75075c9d431651642604f6af00e63de9fc53b9981b
1,20260810T082122Z_8b745f9a6864_stage08_b01_formal_a103000b,formal,20260810T082122Z,8b745f9a68645ce41c47aa18fcde8b4868ef84eb,true,stage08_b01_general_gaussian_scales_v1,5d6f2dd75b763122028b82c7fc144e476d8fa07150cda991f6306e7007f350ee,operator,general_gaussian,NA,NA,general_gaussian,general_gaussian__general_gaussian_fp16_10e4__a3fa2928708492c4__sym,general_gaussian_fp16_10e4,10^4,10000,window_positions=[10000],FP16,CPU,not_applicable,compatibility/end-to-end,PASS,OK,20,100,84,0.41975099999999999,true,a3fa2928708492c4632f8d6329124df3b70bb74fff8093b62f682ab5083868ae,b059482b631d78b1c378be75075c9d431651642604f6af00e63de9fc53b9981b
1,20260810T082122Z_8b745f9a6864_stage08_b01_formal_a103000b,formal,20260810T082122Z,8b745f9a68645ce41c47aa18fcde8b4868ef84eb,true,stage08_b01_general_gaussian_scales_v1,5d6f2dd75b763122028b82c7fc144e476d8fa07150cda991f6306e7007f350ee,operator,general_gaussian,NA,NA,general_gaussian,general_gaussian__general_gaussian_fp16_10e4__a3fa2928708492c4__sym,general_gaussian_fp16_10e4,10^4,10000,window_positions=[10000],FP16,CPU,not_applicable,compatibility/end-to-end,PASS,OK,20,100,85,0.41952099999999998,true,a3fa2928708492c4632f8d6329124df3b70bb74fff8093b62f682ab5083868ae,b059482b631d78b1c378be75075c9d431651642604f6af00e63de9fc53b9981b
1,20260810T082122Z_8b745f9a6864_stage08_b01_formal_a103000b,formal,20260810T082122Z,8b745f9a68645ce41c47aa18fcde8b4868ef84eb,true,stage08_b01_general_gaussian_scales_v1,5d6f2dd75b763122028b82c7fc144e476d8fa07150cda991f6306e7007f350ee,operator,general_gaussian,NA,NA,general_gaussian,general_gaussian__general_gaussian_fp16_10e4__a3fa2928708492c4__sym,general_gaussian_fp16_10e4,10^4,10000,window_positions=[10000],FP16,CPU,not_applicable,compatibility/end-to-end,PASS,OK,20,100,86,0.42977100000000001,true,a3fa2928708492c4632f8d6329124df3b70bb74fff8093b62f682ab5083868ae,b059482b631d78b1c378be75075c9d431651642604f6af00e63de9fc53b9981b
1,20260810T082122Z_8b745f9a6864_stage08_b01_formal_a103000b,formal,20260810T082122Z,8b745f9a68645ce41c47aa18fcde8b4868ef84eb,true,stage08_b01_general_gaussian_scales_v1,5d6f2dd75b763122028b82c7fc144e476d8fa07150cda991f6306e7007f350ee,operator,general_gaussian,NA,NA,general_gaussian,general_gaussian__general_gaussian_fp16_10e4__a3fa2928708492c4__sym,general_gaussian_fp16_10e4,10^4,10000,window_positions=[10000],FP16,CPU,not_applicable,compatibility/end-to-end,PASS,OK,20,100,87,0.42030200000000001,true,a3fa2928708492c4632f8d6329124df3b70bb74fff8093b62f682ab5083868ae,b059482b631d78b1c378be75075c9d431651642604f6af00e63de9fc53b9981b
1,20260810T082122Z_8b745f9a6864_stage08_b01_formal_a103000b,formal,20260810T082122Z,8b745f9a68645ce41c47aa18fcde8b4868ef84eb,true,stage08_b01_general_gaussian_scales_v1,5d6f2dd75b763122028b82c7fc144e476d8fa07150cda991f6306e7007f350ee,operator,general_gaussian,NA,NA,general_gaussian,general_gaussian__general_gaussian_fp16_10e4__a3fa2928708492c4__sym,general_gaussian_fp16_10e4,10^4,10000,window_positions=[10000],FP16,CPU,not_applicable,compatibility/end-to-end,PASS,OK,20,100,88,0.41855100000000001,true,a3fa2928708492c4632f8d6329124df3b70bb74fff8093b62f682ab5083868ae,b059482b631d78b1c378be75075c9d431651642604f6af00e63de9fc53b9981b
1,20260810T082122Z_8b745f9a6864_stage08_b01_formal_a103000b,formal,20260810T082122Z,8b745f9a68645ce41c47aa18fcde8b4868ef84eb,true,stage08_b01_general_gaussian_scales_v1,5d6f2dd75b763122028b82c7fc144e476d8fa07150cda991f6306e7007f350ee,operator,general_gaussian,NA,NA,general_gaussian,general_gaussian__general_gaussian_fp16_10e4__a3fa2928708492c4__sym,general_gaussian_fp16_10e4,10^4,10000,window_positions=[10000],FP16,CPU,not_applicable,compatibility/end-to-end,PASS,OK,20,100,89,0.41956100000000002,true,a3fa2928708492c4632f8d6329124df3b70bb74fff8093b62f682ab5083868ae,b059482b631d78b1c378be75075c9d431651642604f6af00e63de9fc53b9981b
1,20260810T082122Z_8b745f9a6864_stage08_b01_formal_a103000b,formal,20260810T082122Z,8b745f9a68645ce41c47aa18fcde8b4868ef84eb,true,stage08_b01_general_gaussian_scales_v1,5d6f2dd75b763122028b82c7fc144e476d8fa07150cda991f6306e7007f350ee,operator,general_gaussian,NA,NA,general_gaussian,general_gaussian__general_gaussian_fp16_10e4__a3fa2928708492c4__sym,general_gaussian_fp16_10e4,10^4,10000,window_positions=[10000],FP16,CPU,not_applicable,compatibility/end-to-end,PASS,OK,20,100,90,0.41931099999999999,true,a3fa2928708492c4632f8d6329124df3b70bb74fff8093b62f682ab5083868ae,b059482b631d78b1c378be75075c9d431651642604f6af00e63de9fc53b9981b
1,20260810T082122Z_8b745f9a6864_stage08_b01_formal_a103000b,formal,20260810T082122Z,8b745f9a68645ce41c47aa18fcde8b4868ef84eb,true,stage08_b01_general_gaussian_scales_v1,5d6f2dd75b763122028b82c7fc144e476d8fa07150cda991f6306e7007f350ee,operator,general_gaussian,NA,NA,general_gaussian,general_gaussian__general_gaussian_fp16_10e4__a3fa2928708492c4__sym,general_gaussian_fp16_10e4,10^4,10000,window_positions=[10000],FP16,CPU,not_applicable,compatibility/end-to-end,PASS,OK,20,100,91,0.41950100000000001,true,a3fa2928708492c4632f8d6329124df3b70bb74fff8093b62f682ab5083868ae,b059482b631d78b1c378be75075c9d431651642604f6af00e63de9fc53b9981b
1,20260810T082122Z_8b745f9a6864_stage08_b01_formal_a103000b,formal,20260810T082122Z,8b745f9a68645ce41c47aa18fcde8b4868ef84eb,true,stage08_b01_general_gaussian_scales_v1,5d6f2dd75b763122028b82c7fc144e476d8fa07150cda991f6306e7007f350ee,operator,general_gaussian,NA,NA,general_gaussian,general_gaussian__general_gaussian_fp16_10e4__a3fa2928708492c4__sym,general_gaussian_fp16_10e4,10^4,10000,window_positions=[10000],FP16,CPU,not_applicable,compatibility/end-to-end,PASS,OK,20,100,92,0.41954200000000003,true,a3fa2928708492c4632f8d6329124df3b70bb74fff8093b62f682ab5083868ae,b059482b631d78b1c378be75075c9d431651642604f6af00e63de9fc53b9981b
1,20260810T082122Z_8b745f9a6864_stage08_b01_formal_a103000b,formal,20260810T082122Z,8b745f9a68645ce41c47aa18fcde8b4868ef84eb,true,stage08_b01_general_gaussian_scales_v1,5d6f2dd75b763122028b82c7fc144e476d8fa07150cda991f6306e7007f350ee,operator,general_gaussian,NA,NA,general_gaussian,general_gaussian__general_gaussian_fp16_10e4__a3fa2928708492c4__sym,general_gaussian_fp16_10e4,10^4,10000,window_positions=[10000],FP16,CPU,not_applicable,compatibility/end-to-end,PASS,OK,20,100,93,0.41929100000000002,true,a3fa2928708492c4632f8d6329124df3b70bb74fff8093b62f682ab5083868ae,b059482b631d78b1c378be75075c9d431651642604f6af00e63de9fc53b9981b
1,20260810T082122Z_8b745f9a6864_stage08_b01_formal_a103000b,formal,20260810T082122Z,8b745f9a68645ce41c47aa18fcde8b4868ef84eb,true,stage08_b01_general_gaussian_scales_v1,5d6f2dd75b763122028b82c7fc144e476d8fa07150cda991f6306e7007f350ee,operator,general_gaussian,NA,NA,general_gaussian,general_gaussian__general_gaussian_fp16_10e4__a3fa2928708492c4__sym,general_gaussian_fp16_10e4,10^4,10000,window_positions=[10000],FP16,CPU,not_applicable,compatibility/end-to-end,PASS,OK,20,100,94,0.41955100000000001,true,a3fa2928708492c4632f8d6329124df3b70bb74fff8093b62f682ab5083868ae,b059482b631d78b1c378be75075c9d431651642604f6af00e63de9fc53b9981b
1,20260810T082122Z_8b745f9a6864_stage08_b01_formal_a103000b,formal,20260810T082122Z,8b745f9a68645ce41c47aa18fcde8b4868ef84eb,true,stage08_b01_general_gaussian_scales_v1,5d6f2dd75b763122028b82c7fc144e476d8fa07150cda991f6306e7007f350ee,operator,general_gaussian,NA,NA,general_gaussian,general_gaussian__general_gaussian_fp16_10e4__a3fa2928708492c4__sym,general_gaussian_fp16_10e4,10^4,10000,window_positions=[10000],FP16,CPU,not_applicable,compatibility/end-to-end,PASS,OK,20,100,95,0.418541,true,a3fa2928708492c4632f8d6329124df3b70bb74fff8093b62f682ab5083868ae,b059482b631d78b1c378be75075c9d431651642604f6af00e63de9fc53b9981b
1,20260810T082122Z_8b745f9a6864_stage08_b01_formal_a103000b,formal,20260810T082122Z,8b745f9a68645ce41c47aa18fcde8b4868ef84eb,true,stage08_b01_general_gaussian_scales_v1,5d6f2dd75b763122028b82c7fc144e476d8fa07150cda991f6306e7007f350ee,operator,general_gaussian,NA,NA,general_gaussian,general_gaussian__general_gaussian_fp16_10e4__a3fa2928708492c4__sym,general_gaussian_fp16_10e4,10^4,10000,window_positions=[10000],FP16,CPU,not_applicable,compatibility/end-to-end,PASS,OK,20,100,96,0.428452,true,a3fa2928708492c4632f8d6329124df3b70bb74fff8093b62f682ab5083868ae,b059482b631d78b1c378be75075c9d431651642604f6af00e63de9fc53b9981b
1,20260810T082122Z_8b745f9a6864_stage08_b01_formal_a103000b,formal,20260810T082122Z,8b745f9a68645ce41c47aa18fcde8b4868ef84eb,true,stage08_b01_general_gaussian_scales_v1,5d6f2dd75b763122028b82c7fc144e476d8fa07150cda991f6306e7007f350ee,operator,general_gaussian,NA,NA,general_gaussian,general_gaussian__general_gaussian_fp16_10e4__a3fa2928708492c4__sym,general_gaussian_fp16_10e4,10^4,10000,window_positions=[10000],FP16,CPU,not_applicable,compatibility/end-to-end,PASS,OK,20,100,97,0.421321,true,a3fa2928708492c4632f8d6329124df3b70bb74fff8093b62f682ab5083868ae,b059482b631d78b1c378be75075c9d431651642604f6af00e63de9fc53b9981b
1,20260810T082122Z_8b745f9a6864_stage08_b01_formal_a103000b,formal,20260810T082122Z,8b745f9a68645ce41c47aa18fcde8b4868ef84eb,true,stage08_b01_general_gaussian_scales_v1,5d6f2dd75b763122028b82c7fc144e476d8fa07150cda991f6306e7007f350ee,operator,general_gaussian,NA,NA,general_gaussian,general_gaussian__general_gaussian_fp16_10e4__a3fa2928708492c4__sym,general_gaussian_fp16_10e4,10^4,10000,window_positions=[10000],FP16,CPU,not_applicable,compatibility/end-to-end,PASS,OK,20,100,98,0.419601,true,a3fa2928708492c4632f8d6329124df3b70bb74fff8093b62f682ab5083868ae,b059482b631d78b1c378be75075c9d431651642604f6af00e63de9fc53b9981b
1,20260810T082122Z_8b745f9a6864_stage08_b01_formal_a103000b,formal,20260810T082122Z,8b745f9a68645ce41c47aa18fcde8b4868ef84eb,true,stage08_b01_general_gaussian_scales_v1,5d6f2dd75b763122028b82c7fc144e476d8fa07150cda991f6306e7007f350ee,operator,general_gaussian,NA,NA,general_gaussian,general_gaussian__general_gaussian_fp16_10e4__a3fa2928708492c4__sym,general_gaussian_fp16_10e4,10^4,10000,window_positions=[10000],FP16,CPU,not_applicable,compatibility/end-to-end,PASS,OK,20,100,99,0.41851100000000002,true,a3fa2928708492c4632f8d6329124df3b70bb74fff8093b62f682ab5083868ae,b059482b631d78b1c378be75075c9d431651642604f6af00e63de9fc53b9981b
1,20260810T082122Z_8b745f9a6864_stage08_b01_formal_a103000b,formal,20260810T082122Z,8b745f9a68645ce41c47aa18fcde8b4868ef84eb,true,stage08_b01_general_gaussian_scales_v1,5d6f2dd75b763122028b82c7fc144e476d8fa07150cda991f6306e7007f350ee,operator,general_gaussian,NA,NA,general_gaussian,general_gaussian__general_gaussian_fp16_10e4__a3fa2928708492c4__sym,general_gaussian_fp16_10e4,10^4,10000,window_positions=[10000],FP16,GPU,not_applicable,compatibility/end-to-end,PASS,OK,20,100,0,0.30436999999999997,true,a3fa2928708492c4632f8d6329124df3b70bb74fff8093b62f682ab5083868ae,7badf42253768acebb6f171d77aa48b092814f62e6546f2fb4be3a463c13eae9
1,20260810T082122Z_8b745f9a6864_stage08_b01_formal_a103000b,formal,20260810T082122Z,8b745f9a68645ce41c47aa18fcde8b4868ef84eb,true,stage08_b01_general_gaussian_scales_v1,5d6f2dd75b763122028b82c7fc144e476d8fa07150cda991f6306e7007f350ee,operator,general_gaussian,NA,NA,general_gaussian,general_gaussian__general_gaussian_fp16_10e4__a3fa2928708492c4__sym,general_gaussian_fp16_10e4,10^4,10000,window_positions=[10000],FP16,GPU,not_applicable,compatibility/end-to-end,PASS,OK,20,100,1,0.31150099999999997,true,a3fa2928708492c4632f8d6329124df3b70bb74fff8093b62f682ab5083868ae,7badf42253768acebb6f171d77aa48b092814f62e6546f2fb4be3a463c13eae9
1,20260810T082122Z_8b745f9a6864_stage08_b01_formal_a103000b,formal,20260810T082122Z,8b745f9a68645ce41c47aa18fcde8b4868ef84eb,true,stage08_b01_general_gaussian_scales_v1,5d6f2dd75b763122028b82c7fc144e476d8fa07150cda991f6306e7007f350ee,operator,general_gaussian,NA,NA,general_gaussian,general_gaussian__general_gaussian_fp16_10e4__a3fa2928708492c4__sym,general_gaussian_fp16_10e4,10^4,10000,window_positions=[10000],FP16,GPU,not_applicable,compatibility/end-to-end,PASS,OK,20,100,2,0.30629099999999998,true,a3fa2928708492c4632f8d6329124df3b70bb74fff8093b62f682ab5083868ae,7badf42253768acebb6f171d77aa48b092814f62e6546f2fb4be3a463c13eae9
1,20260810T082122Z_8b745f9a6864_stage08_b01_formal_a103000b,formal,20260810T082122Z,8b745f9a68645ce41c47aa18fcde8b4868ef84eb,true,stage08_b01_general_gaussian_scales_v1,5d6f2dd75b763122028b82c7fc144e476d8fa07150cda991f6306e7007f350ee,operator,general_gaussian,NA,NA,general_gaussian,general_gaussian__general_gaussian_fp16_10e4__a3fa2928708492c4__sym,general_gaussian_fp16_10e4,10^4,10000,window_positions=[10000],FP16,GPU,not_applicable,compatibility/end-to-end,PASS,OK,20,100,3,0.30489100000000002,true,a3fa2928708492c4632f8d6329124df3b70bb74fff8093b62f682ab5083868ae,7badf42253768acebb6f171d77aa48b092814f62e6546f2fb4be3a463c13eae9
1,20260810T082122Z_8b745f9a6864_stage08_b01_formal_a103000b,formal,20260810T082122Z,8b745f9a68645ce41c47aa18fcde8b4868ef84eb,true,stage08_b01_general_gaussian_scales_v1,5d6f2dd75b763122028b82c7fc144e476d8fa07150cda991f6306e7007f350ee,operator,general_gaussian,NA,NA,general_gaussian,general_gaussian__general_gaussian_fp16_10e4__a3fa2928708492c4__sym,general_gaussian_fp16_10e4,10^4,10000,window_positions=[10000],FP16,GPU,not_applicable,compatibility/end-to-end,PASS,OK,20,100,4,0.30407099999999998,true,a3fa2928708492c4632f8d6329124df3b70bb74fff8093b62f682ab5083868ae,7badf42253768acebb6f171d77aa48b092814f62e6546f2fb4be3a463c13eae9
1,20260810T082122Z_8b745f9a6864_stage08_b01_formal_a103000b,formal,20260810T082122Z,8b745f9a68645ce41c47aa18fcde8b4868ef84eb,true,stage08_b01_general_gaussian_scales_v1,5d6f2dd75b763122028b82c7fc144e476d8fa07150cda991f6306e7007f350ee,operator,general_gaussian,NA,NA,general_gaussian,general_gaussian__general_gaussian_fp16_10e4__a3fa2928708492c4__sym,general_gaussian_fp16_10e4,10^4,10000,window_positions=[10000],FP16,GPU,not_applicable,compatibility/end-to-end,PASS,OK,20,100,5,0.30424099999999998,true,a3fa2928708492c4632f8d6329124df3b70bb74fff8093b62f682ab5083868ae,7badf42253768acebb6f171d77aa48b092814f62e6546f2fb4be3a463c13eae9
1,20260810T082122Z_8b745f9a6864_stage08_b01_formal_a103000b,formal,20260810T082122Z,8b745f9a68645ce41c47aa18fcde8b4868ef84eb,true,stage08_b01_general_gaussian_scales_v1,5d6f2dd75b763122028b82c7fc144e476d8fa07150cda991f6306e7007f350ee,operator,general_gaussian,NA,NA,general_gaussian,general_gaussian__general_gaussian_fp16_10e4__a3fa2928708492c4__sym,general_gaussian_fp16_10e4,10^4,10000,window_positions=[10000],FP16,GPU,not_applicable,compatibility/end-to-end,PASS,OK,20,100,6,0.30507099999999998,true,a3fa2928708492c4632f8d6329124df3b70bb74fff8093b62f682ab5083868ae,7badf42253768acebb6f171d77aa48b092814f62e6546f2fb4be3a463c13eae9
1,20260810T082122Z_8b745f9a6864_stage08_b01_formal_a103000b,formal,20260810T082122Z,8b745f9a68645ce41c47aa18fcde8b4868ef84eb,true,stage08_b01_general_gaussian_scales_v1,5d6f2dd75b763122028b82c7fc144e476d8fa07150cda991f6306e7007f350ee,operator,general_gaussian,NA,NA,general_gaussian,general_gaussian__general_gaussian_fp16_10e4__a3fa2928708492c4__sym,general_gaussian_fp16_10e4,10^4,10000,window_positions=[10000],FP16,GPU,not_applicable,compatibility/end-to-end,PASS,OK,20,100,7,0.30334,true,a3fa2928708492c4632f8d6329124df3b70bb74fff8093b62f682ab5083868ae,7badf42253768acebb6f171d77aa48b092814f62e6546f2fb4be3a463c13eae9
1,20260810T082122Z_8b745f9a6864_stage08_b01_formal_a103000b,formal,20260810T082122Z,8b745f9a68645ce41c47aa18fcde8b4868ef84eb,true,stage08_b01_general_gaussian_scales_v1,5d6f2dd75b763122028b82c7fc144e476d8fa07150cda991f6306e7007f350ee,operator,general_gaussian,NA,NA,general_gaussian,general_gaussian__general_gaussian_fp16_10e4__a3fa2928708492c4__sym,general_gaussian_fp16_10e4,10^4,10000,window_positions=[10000],FP16,GPU,not_applicable,compatibility/end-to-end,PASS,OK,20,100,8,0.303371,true,a3fa2928708492c4632f8d6329124df3b70bb74fff8093b62f682ab5083868ae,7badf42253768acebb6f171d77aa48b092814f62e6546f2fb4be3a463c13eae9
1,20260810T082122Z_8b745f9a6864_stage08_b01_formal_a103000b,formal,20260810T082122Z,8b745f9a68645ce41c47aa18fcde8b4868ef84eb,true,stage08_b01_general_gaussian_scales_v1,5d6f2dd75b763122028b82c7fc144e476d8fa07150cda991f6306e7007f350ee,operator,general_gaussian,NA,NA,general_gaussian,general_gaussian__general_gaussian_fp16_10e4__a3fa2928708492c4__sym,general_gaussian_fp16_10e4,10^4,10000,window_positions=[10000],FP16,GPU,not_applicable,compatibility/end-to-end,PASS,OK,20,100,9,0.30595099999999997,true,a3fa2928708492c4632f8d6329124df3b70bb74fff8093b62f682ab5083868ae,7badf42253768acebb6f171d77aa48b092814f62e6546f2fb4be3a463c13eae9
1,20260810T082122Z_8b745f9a6864_stage08_b01_formal_a103000b,formal,20260810T082122Z,8b745f9a68645ce41c47aa18fcde8b4868ef84eb,true,stage08_b01_general_gaussian_scales_v1,5d6f2dd75b763122028b82c7fc144e476d8fa07150cda991f6306e7007f350ee,operator,general_gaussian,NA,NA,general_gaussian,general_gaussian__general_gaussian_fp16_10e4__a3fa2928708492c4__sym,general_gaussian_fp16_10e4,10^4,10000,window_positions=[10000],FP16,GPU,not_applicable,compatibility/end-to-end,PASS,OK,20,100,10,0.30515100000000001,true,a3fa2928708492c4632f8d6329124df3b70bb74fff8093b62f682ab5083868ae,7badf42253768acebb6f171d77aa48b092814f62e6546f2fb4be3a463c13eae9
1,20260810T082122Z_8b745f9a6864_stage08_b01_formal_a103000b,formal,20260810T082122Z,8b745f9a68645ce41c47aa18fcde8b4868ef84eb,true,stage08_b01_general_gaussian_scales_v1,5d6f2dd75b763122028b82c7fc144e476d8fa07150cda991f6306e7007f350ee,operator,general_gaussian,NA,NA,general_gaussian,general_gaussian__general_gaussian_fp16_10e4__a3fa2928708492c4__sym,general_gaussian_fp16_10e4,10^4,10000,window_positions=[10000],FP16,GPU,not_applicable,compatibility/end-to-end,PASS,OK,20,100,11,0.307421,true,a3fa2928708492c4632f8d6329124df3b70bb74fff8093b62f682ab5083868ae,7badf42253768acebb6f171d77aa48b092814f62e6546f2fb4be3a463c13eae9
1,20260810T082122Z_8b745f9a6864_stage08_b01_formal_a103000b,formal,20260810T082122Z,8b745f9a68645ce41c47aa18fcde8b4868ef84eb,true,stage08_b01_general_gaussian_scales_v1,5d6f2dd75b763122028b82c7fc144e476d8fa07150cda991f6306e7007f350ee,operator,general_gaussian,NA,NA,general_gaussian,general_gaussian__general_gaussian_fp16_10e4__a3fa2928708492c4__sym,general_gaussian_fp16_10e4,10^4,10000,window_positions=[10000],FP16,GPU,not_applicable,compatibility/end-to-end,PASS,OK,20,100,12,0.31040099999999998,true,a3fa2928708492c4632f8d6329124df3b70bb74fff8093b62f682ab5083868ae,7badf42253768acebb6f171d77aa48b092814f62e6546f2fb4be3a463c13eae9
1,20260810T082122Z_8b745f9a6864_stage08_b01_formal_a103000b,formal,20260810T082122Z,8b745f9a68645ce41c47aa18fcde8b4868ef84eb,true,stage08_b01_general_gaussian_scales_v1,5d6f2dd75b763122028b82c7fc144e476d8fa07150cda991f6306e7007f350ee,operator,general_gaussian,NA,NA,general_gaussian,general_gaussian__general_gaussian_fp16_10e4__a3fa2928708492c4__sym,general_gaussian_fp16_10e4,10^4,10000,window_positions=[10000],FP16,GPU,not_applicable,compatibility/end-to-end,PASS,OK,20,100,13,0.304871,true,a3fa2928708492c4632f8d6329124df3b70bb74fff8093b62f682ab5083868ae,7badf42253768acebb6f171d77aa48b092814f62e6546f2fb4be3a463c13eae9
1,20260810T082122Z_8b745f9a6864_stage08_b01_formal_a103000b,formal,20260810T082122Z,8b745f9a68645ce41c47aa18fcde8b4868ef84eb,true,stage08_b01_general_gaussian_scales_v1,5d6f2dd75b763122028b82c7fc144e476d8fa07150cda991f6306e7007f350ee,operator,general_gaussian,NA,NA,general_gaussian,general_gaussian__general_gaussian_fp16_10e4__a3fa2928708492c4__sym,general_gaussian_fp16_10e4,10^4,10000,window_positions=[10000],FP16,GPU,not_applicable,compatibility/end-to-end,PASS,OK,20,100,14,0.32220100000000002,true,a3fa2928708492c4632f8d6329124df3b70bb74fff8093b62f682ab5083868ae,7badf42253768acebb6f171d77aa48b092814f62e6546f2fb4be3a463c13eae9
1,20260810T082122Z_8b745f9a6864_stage08_b01_formal_a103000b,formal,20260810T082122Z,8b745f9a68645ce41c47aa18fcde8b4868ef84eb,true,stage08_b01_general_gaussian_scales_v1,5d6f2dd75b763122028b82c7fc144e476d8fa07150cda991f6306e7007f350ee,operator,general_gaussian,NA,NA,general_gaussian,general_gaussian__general_gaussian_fp16_10e4__a3fa2928708492c4__sym,general_gaussian_fp16_10e4,10^4,10000,window_positions=[10000],FP16,GPU,not_applicable,compatibility/end-to-end,PASS,OK,20,100,15,0.30903000000000003,true,a3fa2928708492c4632f8d6329124df3b70bb74fff8093b62f682ab5083868ae,7badf42253768acebb6f171d77aa48b092814f62e6546f2fb4be3a463c13eae9
1,20260810T082122Z_8b745f9a6864_stage08_b01_formal_a103000b,formal,20260810T082122Z,8b745f9a68645ce41c47aa18fcde8b4868ef84eb,true,stage08_b01_general_gaussian_scales_v1,5d6f2dd75b763122028b82c7fc144e476d8fa07150cda991f6306e7007f350ee,operator,general_gaussian,NA,NA,general_gaussian,general_gaussian__general_gaussian_fp16_10e4__a3fa2928708492c4__sym,general_gaussian_fp16_10e4,10^4,10000,window_positions=[10000],FP16,GPU,not_applicable,compatibility/end-to-end,PASS,OK,20,100,16,0.30456100000000003,true,a3fa2928708492c4632f8d6329124df3b70bb74fff8093b62f682ab5083868ae,7badf42253768acebb6f171d77aa48b092814f62e6546f2fb4be3a463c13eae9
1,20260810T082122Z_8b745f9a6864_stage08_b01_formal_a103000b,formal,20260810T082122Z,8b745f9a68645ce41c47aa18fcde8b4868ef84eb,true,stage08_b01_general_gaussian_scales_v1,5d6f2dd75b763122028b82c7fc144e476d8fa07150cda991f6306e7007f350ee,operator,general_gaussian,NA,NA,general_gaussian,general_gaussian__general_gaussian_fp16_10e4__a3fa2928708492c4__sym,general_gaussian_fp16_10e4,10^4,10000,window_positions=[10000],FP16,GPU,not_applicable,compatibility/end-to-end,PASS,OK,20,100,17,0.30757099999999998,true,a3fa2928708492c4632f8d6329124df3b70bb74fff8093b62f682ab5083868ae,7badf42253768acebb6f171d77aa48b092814f62e6546f2fb4be3a463c13eae9
1,20260810T082122Z_8b745f9a6864_stage08_b01_formal_a103000b,formal,20260810T082122Z,8b745f9a68645ce41c47aa18fcde8b4868ef84eb,true,stage08_b01_general_gaussian_scales_v1,5d6f2dd75b763122028b82c7fc144e476d8fa07150cda991f6306e7007f350ee,operator,general_gaussian,NA,NA,general_gaussian,general_gaussian__general_gaussian_fp16_10e4__a3fa2928708492c4__sym,general_gaussian_fp16_10e4,10^4,10000,window_positions=[10000],FP16,GPU,not_applicable,compatibility/end-to-end,PASS,OK,20,100,18,0.30696099999999998,true,a3fa2928708492c4632f8d6329124df3b70bb74fff8093b62f682ab5083868ae,7badf42253768acebb6f171d77aa48b092814f62e6546f2fb4be3a463c13eae9
1,20260810T082122Z_8b745f9a6864_stage08_b01_formal_a103000b,formal,20260810T082122Z,8b745f9a68645ce41c47aa18fcde8b4868ef84eb,true,stage08_b01_general_gaussian_scales_v1,5d6f2dd75b763122028b82c7fc144e476d8fa07150cda991f6306e7007f350ee,operator,general_gaussian,NA,NA,general_gaussian,general_gaussian__general_gaussian_fp16_10e4__a3fa2928708492c4__sym,general_gaussian_fp16_10e4,10^4,10000,window_positions=[10000],FP16,GPU,not_applicable,compatibility/end-to-end,PASS,OK,20,100,19,0.30704100000000001,true,a3fa2928708492c4632f8d6329124df3b70bb74fff8093b62f682ab5083868ae,7badf42253768acebb6f171d77aa48b092814f62e6546f2fb4be3a463c13eae9
1,20260810T082122Z_8b745f9a6864_stage08_b01_formal_a103000b,formal,20260810T082122Z,8b745f9a68645ce41c47aa18fcde8b4868ef84eb,true,stage08_b01_general_gaussian_scales_v1,5d6f2dd75b763122028b82c7fc144e476d8fa07150cda991f6306e7007f350ee,operator,general_gaussian,NA,NA,general_gaussian,general_gaussian__general_gaussian_fp16_10e4__a3fa2928708492c4__sym,general_gaussian_fp16_10e4,10^4,10000,window_positions=[10000],FP16,GPU,not_applicable,compatibility/end-to-end,PASS,OK,20,100,20,0.30495100000000003,true,a3fa2928708492c4632f8d6329124df3b70bb74fff8093b62f682ab5083868ae,7badf42253768acebb6f171d77aa48b092814f62e6546f2fb4be3a463c13eae9
1,20260810T082122Z_8b745f9a6864_stage08_b01_formal_a103000b,formal,20260810T082122Z,8b745f9a68645ce41c47aa18fcde8b4868ef84eb,true,stage08_b01_general_gaussian_scales_v1,5d6f2dd75b763122028b82c7fc144e476d8fa07150cda991f6306e7007f350ee,operator,general_gaussian,NA,NA,general_gaussian,general_gaussian__general_gaussian_fp16_10e4__a3fa2928708492c4__sym,general_gaussian_fp16_10e4,10^4,10000,window_positions=[10000],FP16,GPU,not_applicable,compatibility/end-to-end,PASS,OK,20,100,21,0.31326100000000001,true,a3fa2928708492c4632f8d6329124df3b70bb74fff8093b62f682ab5083868ae,7badf42253768acebb6f171d77aa48b092814f62e6546f2fb4be3a463c13eae9
1,20260810T082122Z_8b745f9a6864_stage08_b01_formal_a103000b,formal,20260810T082122Z,8b745f9a68645ce41c47aa18fcde8b4868ef84eb,true,stage08_b01_general_gaussian_scales_v1,5d6f2dd75b763122028b82c7fc144e476d8fa07150cda991f6306e7007f350ee,operator,general_gaussian,NA,NA,general_gaussian,general_gaussian__general_gaussian_fp16_10e4__a3fa2928708492c4__sym,general_gaussian_fp16_10e4,10^4,10000,window_positions=[10000],FP16,GPU,not_applicable,compatibility/end-to-end,PASS,OK,20,100,22,0.30369099999999999,true,a3fa2928708492c4632f8d6329124df3b70bb74fff8093b62f682ab5083868ae,7badf42253768acebb6f171d77aa48b092814f62e6546f2fb4be3a463c13eae9
1,20260810T082122Z_8b745f9a6864_stage08_b01_formal_a103000b,formal,20260810T082122Z,8b745f9a68645ce41c47aa18fcde8b4868ef84eb,true,stage08_b01_general_gaussian_scales_v1,5d6f2dd75b763122028b82c7fc144e476d8fa07150cda991f6306e7007f350ee,operator,general_gaussian,NA,NA,general_gaussian,general_gaussian__general_gaussian_fp16_10e4__a3fa2928708492c4__sym,general_gaussian_fp16_10e4,10^4,10000,window_positions=[10000],FP16,GPU,not_applicable,compatibility/end-to-end,PASS,OK,20,100,23,0.30358099999999999,true,a3fa2928708492c4632f8d6329124df3b70bb74fff8093b62f682ab5083868ae,7badf42253768acebb6f171d77aa48b092814f62e6546f2fb4be3a463c13eae9
1,20260810T082122Z_8b745f9a6864_stage08_b01_formal_a103000b,formal,20260810T082122Z,8b745f9a68645ce41c47aa18fcde8b4868ef84eb,true,stage08_b01_general_gaussian_scales_v1,5d6f2dd75b763122028b82c7fc144e476d8fa07150cda991f6306e7007f350ee,operator,general_gaussian,NA,NA,general_gaussian,general_gaussian__general_gaussian_fp16_10e4__a3fa2928708492c4__sym,general_gaussian_fp16_10e4,10^4,10000,window_positions=[10000],FP16,GPU,not_applicable,compatibility/end-to-end,PASS,OK,20,100,24,0.334401,true,a3fa2928708492c4632f8d6329124df3b70bb74fff8093b62f682ab5083868ae,7badf42253768acebb6f171d77aa48b092814f62e6546f2fb4be3a463c13eae9
1,20260810T082122Z_8b745f9a6864_stage08_b01_formal_a103000b,formal,20260810T082122Z,8b745f9a68645ce41c47aa18fcde8b4868ef84eb,true,stage08_b01_general_gaussian_scales_v1,5d6f2dd75b763122028b82c7fc144e476d8fa07150cda991f6306e7007f350ee,operator,general_gaussian,NA,NA,general_gaussian,general_gaussian__general_gaussian_fp16_10e4__a3fa2928708492c4__sym,general_gaussian_fp16_10e4,10^4,10000,window_positions=[10000],FP16,GPU,not_applicable,compatibility/end-to-end,PASS,OK,20,100,25,0.337281,true,a3fa2928708492c4632f8d6329124df3b70bb74fff8093b62f682ab5083868ae,7badf42253768acebb6f171d77aa48b092814f62e6546f2fb4be3a463c13eae9
1,20260810T082122Z_8b745f9a6864_stage08_b01_formal_a103000b,formal,20260810T082122Z,8b745f9a68645ce41c47aa18fcde8b4868ef84eb,true,stage08_b01_general_gaussian_scales_v1,5d6f2dd75b763122028b82c7fc144e476d8fa07150cda991f6306e7007f350ee,operator,general_gaussian,NA,NA,general_gaussian,general_gaussian__general_gaussian_fp16_10e4__a3fa2928708492c4__sym,general_gaussian_fp16_10e4,10^4,10000,window_positions=[10000],FP16,GPU,not_applicable,compatibility/end-to-end,PASS,OK,20,100,26,0.31401099999999998,true,a3fa2928708492c4632f8d6329124df3b70bb74fff8093b62f682ab5083868ae,7badf42253768acebb6f171d77aa48b092814f62e6546f2fb4be3a463c13eae9
1,20260810T082122Z_8b745f9a6864_stage08_b01_formal_a103000b,formal,20260810T082122Z,8b745f9a68645ce41c47aa18fcde8b4868ef84eb,true,stage08_b01_general_gaussian_scales_v1,5d6f2dd75b763122028b82c7fc144e476d8fa07150cda991f6306e7007f350ee,operator,general_gaussian,NA,NA,general_gaussian,general_gaussian__general_gaussian_fp16_10e4__a3fa2928708492c4__sym,general_gaussian_fp16_10e4,10^4,10000,window_positions=[10000],FP16,GPU,not_applicable,compatibility/end-to-end,PASS,OK,20,100,27,0.32101099999999999,true,a3fa2928708492c4632f8d6329124df3b70bb74fff8093b62f682ab5083868ae,7badf42253768acebb6f171d77aa48b092814f62e6546f2fb4be3a463c13eae9
1,20260810T082122Z_8b745f9a6864_stage08_b01_formal_a103000b,formal,20260810T082122Z,8b745f9a68645ce41c47aa18fcde8b4868ef84eb,true,stage08_b01_general_gaussian_scales_v1,5d6f2dd75b763122028b82c7fc144e476d8fa07150cda991f6306e7007f350ee,operator,general_gaussian,NA,NA,general_gaussian,general_gaussian__general_gaussian_fp16_10e4__a3fa2928708492c4__sym,general_gaussian_fp16_10e4,10^4,10000,window_positions=[10000],FP16,GPU,not_applicable,compatibility/end-to-end,PASS,OK,20,100,28,0.30912000000000001,true,a3fa2928708492c4632f8d6329124df3b70bb74fff8093b62f682ab5083868ae,7badf42253768acebb6f171d77aa48b092814f62e6546f2fb4be3a463c13eae9
1,20260810T082122Z_8b745f9a6864_stage08_b01_formal_a103000b,formal,20260810T082122Z,8b745f9a68645ce41c47aa18fcde8b4868ef84eb,true,stage08_b01_general_gaussian_scales_v1,5d6f2dd75b763122028b82c7fc144e476d8fa07150cda991f6306e7007f350ee,operator,general_gaussian,NA,NA,general_gaussian,general_gaussian__general_gaussian_fp16_10e4__a3fa2928708492c4__sym,general_gaussian_fp16_10e4,10^4,10000,window_positions=[10000],FP16,GPU,not_applicable,compatibility/end-to-end,PASS,OK,20,100,29,0.30669099999999999,true,a3fa2928708492c4632f8d6329124df3b70bb74fff8093b62f682ab5083868ae,7badf42253768acebb6f171d77aa48b092814f62e6546f2fb4be3a463c13eae9
1,20260810T082122Z_8b745f9a6864_stage08_b01_formal_a103000b,formal,20260810T082122Z,8b745f9a68645ce41c47aa18fcde8b4868ef84eb,true,stage08_b01_general_gaussian_scales_v1,5d6f2dd75b763122028b82c7fc144e476d8fa07150cda991f6306e7007f350ee,operator,general_gaussian,NA,NA,general_gaussian,general_gaussian__general_gaussian_fp16_10e4__a3fa2928708492c4__sym,general_gaussian_fp16_10e4,10^4,10000,window_positions=[10000],FP16,GPU,not_applicable,compatibility/end-to-end,PASS,OK,20,100,30,0.30983100000000002,true,a3fa2928708492c4632f8d6329124df3b70bb74fff8093b62f682ab5083868ae,7badf42253768acebb6f171d77aa48b092814f62e6546f2fb4be3a463c13eae9
1,20260810T082122Z_8b745f9a6864_stage08_b01_formal_a103000b,formal,20260810T082122Z,8b745f9a68645ce41c47aa18fcde8b4868ef84eb,true,stage08_b01_general_gaussian_scales_v1,5d6f2dd75b763122028b82c7fc144e476d8fa07150cda991f6306e7007f350ee,operator,general_gaussian,NA,NA,general_gaussian,general_gaussian__general_gaussian_fp16_10e4__a3fa2928708492c4__sym,general_gaussian_fp16_10e4,10^4,10000,window_positions=[10000],FP16,GPU,not_applicable,compatibility/end-to-end,PASS,OK,20,100,31,0.30919099999999999,true,a3fa2928708492c4632f8d6329124df3b70bb74fff8093b62f682ab5083868ae,7badf42253768acebb6f171d77aa48b092814f62e6546f2fb4be3a463c13eae9
1,20260810T082122Z_8b745f9a6864_stage08_b01_formal_a103000b,formal,20260810T082122Z,8b745f9a68645ce41c47aa18fcde8b4868ef84eb,true,stage08_b01_general_gaussian_scales_v1,5d6f2dd75b763122028b82c7fc144e476d8fa07150cda991f6306e7007f350ee,operator,general_gaussian,NA,NA,general_gaussian,general_gaussian__general_gaussian_fp16_10e4__a3fa2928708492c4__sym,general_gaussian_fp16_10e4,10^4,10000,window_positions=[10000],FP16,GPU,not_applicable,compatibility/end-to-end,PASS,OK,20,100,32,0.30829099999999998,true,a3fa2928708492c4632f8d6329124df3b70bb74fff8093b62f682ab5083868ae,7badf42253768acebb6f171d77aa48b092814f62e6546f2fb4be3a463c13eae9
1,20260810T082122Z_8b745f9a6864_stage08_b01_formal_a103000b,formal,20260810T082122Z,8b745f9a68645ce41c47aa18fcde8b4868ef84eb,true,stage08_b01_general_gaussian_scales_v1,5d6f2dd75b763122028b82c7fc144e476d8fa07150cda991f6306e7007f350ee,operator,general_gaussian,NA,NA,general_gaussian,general_gaussian__general_gaussian_fp16_10e4__a3fa2928708492c4__sym,general_gaussian_fp16_10e4,10^4,10000,window_positions=[10000],FP16,GPU,not_applicable,compatibility/end-to-end,PASS,OK,20,100,33,0.30660100000000001,true,a3fa2928708492c4632f8d6329124df3b70bb74fff8093b62f682ab5083868ae,7badf42253768acebb6f171d77aa48b092814f62e6546f2fb4be3a463c13eae9
1,20260810T082122Z_8b745f9a6864_stage08_b01_formal_a103000b,formal,20260810T082122Z,8b745f9a68645ce41c47aa18fcde8b4868ef84eb,true,stage08_b01_general_gaussian_scales_v1,5d6f2dd75b763122028b82c7fc144e476d8fa07150cda991f6306e7007f350ee,operator,general_gaussian,NA,NA,general_gaussian,general_gaussian__general_gaussian_fp16_10e4__a3fa2928708492c4__sym,general_gaussian_fp16_10e4,10^4,10000,window_positions=[10000],FP16,GPU,not_applicable,compatibility/end-to-end,PASS,OK,20,100,34,0.30854100000000001,true,a3fa2928708492c4632f8d6329124df3b70bb74fff8093b62f682ab5083868ae,7badf42253768acebb6f171d77aa48b092814f62e6546f2fb4be3a463c13eae9
1,20260810T082122Z_8b745f9a6864_stage08_b01_formal_a103000b,formal,20260810T082122Z,8b745f9a68645ce41c47aa18fcde8b4868ef84eb,true,stage08_b01_general_gaussian_scales_v1,5d6f2dd75b763122028b82c7fc144e476d8fa07150cda991f6306e7007f350ee,operator,general_gaussian,NA,NA,general_gaussian,general_gaussian__general_gaussian_fp16_10e4__a3fa2928708492c4__sym,general_gaussian_fp16_10e4,10^4,10000,window_positions=[10000],FP16,GPU,not_applicable,compatibility/end-to-end,PASS,OK,20,100,35,0.30830099999999999,true,a3fa2928708492c4632f8d6329124df3b70bb74fff8093b62f682ab5083868ae,7badf42253768acebb6f171d77aa48b092814f62e6546f2fb4be3a463c13eae9
1,20260810T082122Z_8b745f9a6864_stage08_b01_formal_a103000b,formal,20260810T082122Z,8b745f9a68645ce41c47aa18fcde8b4868ef84eb,true,stage08_b01_general_gaussian_scales_v1,5d6f2dd75b763122028b82c7fc144e476d8fa07150cda991f6306e7007f350ee,operator,general_gaussian,NA,NA,general_gaussian,general_gaussian__general_gaussian_fp16_10e4__a3fa2928708492c4__sym,general_gaussian_fp16_10e4,10^4,10000,window_positions=[10000],FP16,GPU,not_applicable,compatibility/end-to-end,PASS,OK,20,100,36,0.30817099999999997,true,a3fa2928708492c4632f8d6329124df3b70bb74fff8093b62f682ab5083868ae,7badf42253768acebb6f171d77aa48b092814f62e6546f2fb4be3a463c13eae9
1,20260810T082122Z_8b745f9a6864_stage08_b01_formal_a103000b,formal,20260810T082122Z,8b745f9a68645ce41c47aa18fcde8b4868ef84eb,true,stage08_b01_general_gaussian_scales_v1,5d6f2dd75b763122028b82c7fc144e476d8fa07150cda991f6306e7007f350ee,operator,general_gaussian,NA,NA,general_gaussian,general_gaussian__general_gaussian_fp16_10e4__a3fa2928708492c4__sym,general_gaussian_fp16_10e4,10^4,10000,window_positions=[10000],FP16,GPU,not_applicable,compatibility/end-to-end,PASS,OK,20,100,37,0.412441,true,a3fa2928708492c4632f8d6329124df3b70bb74fff8093b62f682ab5083868ae,7badf42253768acebb6f171d77aa48b092814f62e6546f2fb4be3a463c13eae9
1,20260810T082122Z_8b745f9a6864_stage08_b01_formal_a103000b,formal,20260810T082122Z,8b745f9a68645ce41c47aa18fcde8b4868ef84eb,true,stage08_b01_general_gaussian_scales_v1,5d6f2dd75b763122028b82c7fc144e476d8fa07150cda991f6306e7007f350ee,operator,general_gaussian,NA,NA,general_gaussian,general_gaussian__general_gaussian_fp16_10e4__a3fa2928708492c4__sym,general_gaussian_fp16_10e4,10^4,10000,window_positions=[10000],FP16,GPU,not_applicable,compatibility/end-to-end,PASS,OK,20,100,38,0.30818099999999998,true,a3fa2928708492c4632f8d6329124df3b70bb74fff8093b62f682ab5083868ae,7badf42253768acebb6f171d77aa48b092814f62e6546f2fb4be3a463c13eae9
1,20260810T082122Z_8b745f9a6864_stage08_b01_formal_a103000b,formal,20260810T082122Z,8b745f9a68645ce41c47aa18fcde8b4868ef84eb,true,stage08_b01_general_gaussian_scales_v1,5d6f2dd75b763122028b82c7fc144e476d8fa07150cda991f6306e7007f350ee,operator,general_gaussian,NA,NA,general_gaussian,general_gaussian__general_gaussian_fp16_10e4__a3fa2928708492c4__sym,general_gaussian_fp16_10e4,10^4,10000,window_positions=[10000],FP16,GPU,not_applicable,compatibility/end-to-end,PASS,OK,20,100,39,0.30379099999999998,true,a3fa2928708492c4632f8d6329124df3b70bb74fff8093b62f682ab5083868ae,7badf42253768acebb6f171d77aa48b092814f62e6546f2fb4be3a463c13eae9
1,20260810T082122Z_8b745f9a6864_stage08_b01_formal_a103000b,formal,20260810T082122Z,8b745f9a68645ce41c47aa18fcde8b4868ef84eb,true,stage08_b01_general_gaussian_scales_v1,5d6f2dd75b763122028b82c7fc144e476d8fa07150cda991f6306e7007f350ee,operator,general_gaussian,NA,NA,general_gaussian,general_gaussian__general_gaussian_fp16_10e4__a3fa2928708492c4__sym,general_gaussian_fp16_10e4,10^4,10000,window_positions=[10000],FP16,GPU,not_applicable,compatibility/end-to-end,PASS,OK,20,100,40,0.298871,true,a3fa2928708492c4632f8d6329124df3b70bb74fff8093b62f682ab5083868ae,7badf42253768acebb6f171d77aa48b092814f62e6546f2fb4be3a463c13eae9
1,20260810T082122Z_8b745f9a6864_stage08_b01_formal_a103000b,formal,20260810T082122Z,8b745f9a68645ce41c47aa18fcde8b4868ef84eb,true,stage08_b01_general_gaussian_scales_v1,5d6f2dd75b763122028b82c7fc144e476d8fa07150cda991f6306e7007f350ee,operator,general_gaussian,NA,NA,general_gaussian,general_gaussian__general_gaussian_fp16_10e4__a3fa2928708492c4__sym,general_gaussian_fp16_10e4,10^4,10000,window_positions=[10000],FP16,GPU,not_applicable,compatibility/end-to-end,PASS,OK,20,100,41,0.31101099999999998,true,a3fa2928708492c4632f8d6329124df3b70bb74fff8093b62f682ab5083868ae,7badf42253768acebb6f171d77aa48b092814f62e6546f2fb4be3a463c13eae9
1,20260810T082122Z_8b745f9a6864_stage08_b01_formal_a103000b,formal,20260810T082122Z,8b745f9a68645ce41c47aa18fcde8b4868ef84eb,true,stage08_b01_general_gaussian_scales_v1,5d6f2dd75b763122028b82c7fc144e476d8fa07150cda991f6306e7007f350ee,operator,general_gaussian,NA,NA,general_gaussian,general_gaussian__general_gaussian_fp16_10e4__a3fa2928708492c4__sym,general_gaussian_fp16_10e4,10^4,10000,window_positions=[10000],FP16,GPU,not_applicable,compatibility/end-to-end,PASS,OK,20,100,42,0.30517,true,a3fa2928708492c4632f8d6329124df3b70bb74fff8093b62f682ab5083868ae,7badf42253768acebb6f171d77aa48b092814f62e6546f2fb4be3a463c13eae9
1,20260810T082122Z_8b745f9a6864_stage08_b01_formal_a103000b,formal,20260810T082122Z,8b745f9a68645ce41c47aa18fcde8b4868ef84eb,true,stage08_b01_general_gaussian_scales_v1,5d6f2dd75b763122028b82c7fc144e476d8fa07150cda991f6306e7007f350ee,operator,general_gaussian,NA,NA,general_gaussian,general_gaussian__general_gaussian_fp16_10e4__a3fa2928708492c4__sym,general_gaussian_fp16_10e4,10^4,10000,window_positions=[10000],FP16,GPU,not_applicable,compatibility/end-to-end,PASS,OK,20,100,43,0.30732100000000001,true,a3fa2928708492c4632f8d6329124df3b70bb74fff8093b62f682ab5083868ae,7badf42253768acebb6f171d77aa48b092814f62e6546f2fb4be3a463c13eae9
1,20260810T082122Z_8b745f9a6864_stage08_b01_formal_a103000b,formal,20260810T082122Z,8b745f9a68645ce41c47aa18fcde8b4868ef84eb,true,stage08_b01_general_gaussian_scales_v1,5d6f2dd75b763122028b82c7fc144e476d8fa07150cda991f6306e7007f350ee,operator,general_gaussian,NA,NA,general_gaussian,general_gaussian__general_gaussian_fp16_10e4__a3fa2928708492c4__sym,general_gaussian_fp16_10e4,10^4,10000,window_positions=[10000],FP16,GPU,not_applicable,compatibility/end-to-end,PASS,OK,20,100,44,0.31283100000000003,true,a3fa2928708492c4632f8d6329124df3b70bb74fff8093b62f682ab5083868ae,7badf42253768acebb6f171d77aa48b092814f62e6546f2fb4be3a463c13eae9
1,20260810T082122Z_8b745f9a6864_stage08_b01_formal_a103000b,formal,20260810T082122Z,8b745f9a68645ce41c47aa18fcde8b4868ef84eb,true,stage08_b01_general_gaussian_scales_v1,5d6f2dd75b763122028b82c7fc144e476d8fa07150cda991f6306e7007f350ee,operator,general_gaussian,NA,NA,general_gaussian,general_gaussian__general_gaussian_fp16_10e4__a3fa2928708492c4__sym,general_gaussian_fp16_10e4,10^4,10000,window_positions=[10000],FP16,GPU,not_applicable,compatibility/end-to-end,PASS,OK,20,100,45,0.35319099999999998,true,a3fa2928708492c4632f8d6329124df3b70bb74fff8093b62f682ab5083868ae,7badf42253768acebb6f171d77aa48b092814f62e6546f2fb4be3a463c13eae9
1,20260810T082122Z_8b745f9a6864_stage08_b01_formal_a103000b,formal,20260810T082122Z,8b745f9a68645ce41c47aa18fcde8b4868ef84eb,true,stage08_b01_general_gaussian_scales_v1,5d6f2dd75b763122028b82c7fc144e476d8fa07150cda991f6306e7007f350ee,operator,general_gaussian,NA,NA,general_gaussian,general_gaussian__general_gaussian_fp16_10e4__a3fa2928708492c4__sym,general_gaussian_fp16_10e4,10^4,10000,window_positions=[10000],FP16,GPU,not_applicable,compatibility/end-to-end,PASS,OK,20,100,46,0.30802099999999999,true,a3fa2928708492c4632f8d6329124df3b70bb74fff8093b62f682ab5083868ae,7badf42253768acebb6f171d77aa48b092814f62e6546f2fb4be3a463c13eae9
1,20260810T082122Z_8b745f9a6864_stage08_b01_formal_a103000b,formal,20260810T082122Z,8b745f9a68645ce41c47aa18fcde8b4868ef84eb,true,stage08_b01_general_gaussian_scales_v1,5d6f2dd75b763122028b82c7fc144e476d8fa07150cda991f6306e7007f350ee,operator,general_gaussian,NA,NA,general_gaussian,general_gaussian__general_gaussian_fp16_10e4__a3fa2928708492c4__sym,general_gaussian_fp16_10e4,10^4,10000,window_positions=[10000],FP16,GPU,not_applicable,compatibility/end-to-end,PASS,OK,20,100,47,0.30904100000000001,true,a3fa2928708492c4632f8d6329124df3b70bb74fff8093b62f682ab5083868ae,7badf42253768acebb6f171d77aa48b092814f62e6546f2fb4be3a463c13eae9
1,20260810T082122Z_8b745f9a6864_stage08_b01_formal_a103000b,formal,20260810T082122Z,8b745f9a68645ce41c47aa18fcde8b4868ef84eb,true,stage08_b01_general_gaussian_scales_v1,5d6f2dd75b763122028b82c7fc144e476d8fa07150cda991f6306e7007f350ee,operator,general_gaussian,NA,NA,general_gaussian,general_gaussian__general_gaussian_fp16_10e4__a3fa2928708492c4__sym,general_gaussian_fp16_10e4,10^4,10000,window_positions=[10000],FP16,GPU,not_applicable,compatibility/end-to-end,PASS,OK,20,100,48,0.31004100000000001,true,a3fa2928708492c4632f8d6329124df3b70bb74fff8093b62f682ab5083868ae,7badf42253768acebb6f171d77aa48b092814f62e6546f2fb4be3a463c13eae9
1,20260810T082122Z_8b745f9a6864_stage08_b01_formal_a103000b,formal,20260810T082122Z,8b745f9a68645ce41c47aa18fcde8b4868ef84eb,true,stage08_b01_general_gaussian_scales_v1,5d6f2dd75b763122028b82c7fc144e476d8fa07150cda991f6306e7007f350ee,operator,general_gaussian,NA,NA,general_gaussian,general_gaussian__general_gaussian_fp16_10e4__a3fa2928708492c4__sym,general_gaussian_fp16_10e4,10^4,10000,window_positions=[10000],FP16,GPU,not_applicable,compatibility/end-to-end,PASS,OK,20,100,49,0.30943100000000001,true,a3fa2928708492c4632f8d6329124df3b70bb74fff8093b62f682ab5083868ae,7badf42253768acebb6f171d77aa48b092814f62e6546f2fb4be3a463c13eae9
1,20260810T082122Z_8b745f9a6864_stage08_b01_formal_a103000b,formal,20260810T082122Z,8b745f9a68645ce41c47aa18fcde8b4868ef84eb,true,stage08_b01_general_gaussian_scales_v1,5d6f2dd75b763122028b82c7fc144e476d8fa07150cda991f6306e7007f350ee,operator,general_gaussian,NA,NA,general_gaussian,general_gaussian__general_gaussian_fp16_10e4__a3fa2928708492c4__sym,general_gaussian_fp16_10e4,10^4,10000,window_positions=[10000],FP16,GPU,not_applicable,compatibility/end-to-end,PASS,OK,20,100,50,0.304031,true,a3fa2928708492c4632f8d6329124df3b70bb74fff8093b62f682ab5083868ae,7badf42253768acebb6f171d77aa48b092814f62e6546f2fb4be3a463c13eae9
1,20260810T082122Z_8b745f9a6864_stage08_b01_formal_a103000b,formal,20260810T082122Z,8b745f9a68645ce41c47aa18fcde8b4868ef84eb,true,stage08_b01_general_gaussian_scales_v1,5d6f2dd75b763122028b82c7fc144e476d8fa07150cda991f6306e7007f350ee,operator,general_gaussian,NA,NA,general_gaussian,general_gaussian__general_gaussian_fp16_10e4__a3fa2928708492c4__sym,general_gaussian_fp16_10e4,10^4,10000,window_positions=[10000],FP16,GPU,not_applicable,compatibility/end-to-end,PASS,OK,20,100,51,0.30755100000000002,true,a3fa2928708492c4632f8d6329124df3b70bb74fff8093b62f682ab5083868ae,7badf42253768acebb6f171d77aa48b092814f62e6546f2fb4be3a463c13eae9
1,20260810T082122Z_8b745f9a6864_stage08_b01_formal_a103000b,formal,20260810T082122Z,8b745f9a68645ce41c47aa18fcde8b4868ef84eb,true,stage08_b01_general_gaussian_scales_v1,5d6f2dd75b763122028b82c7fc144e476d8fa07150cda991f6306e7007f350ee,operator,general_gaussian,NA,NA,general_gaussian,general_gaussian__general_gaussian_fp16_10e4__a3fa2928708492c4__sym,general_gaussian_fp16_10e4,10^4,10000,window_positions=[10000],FP16,GPU,not_applicable,compatibility/end-to-end,PASS,OK,20,100,52,0.317971,true,a3fa2928708492c4632f8d6329124df3b70bb74fff8093b62f682ab5083868ae,7badf42253768acebb6f171d77aa48b092814f62e6546f2fb4be3a463c13eae9
1,20260810T082122Z_8b745f9a6864_stage08_b01_formal_a103000b,formal,20260810T082122Z,8b745f9a68645ce41c47aa18fcde8b4868ef84eb,true,stage08_b01_general_gaussian_scales_v1,5d6f2dd75b763122028b82c7fc144e476d8fa07150cda991f6306e7007f350ee,operator,general_gaussian,NA,NA,general_gaussian,general_gaussian__general_gaussian_fp16_10e4__a3fa2928708492c4__sym,general_gaussian_fp16_10e4,10^4,10000,window_positions=[10000],FP16,GPU,not_applicable,compatibility/end-to-end,PASS,OK,20,100,53,0.31520100000000001,true,a3fa2928708492c4632f8d6329124df3b70bb74fff8093b62f682ab5083868ae,7badf42253768acebb6f171d77aa48b092814f62e6546f2fb4be3a463c13eae9
1,20260810T082122Z_8b745f9a6864_stage08_b01_formal_a103000b,formal,20260810T082122Z,8b745f9a68645ce41c47aa18fcde8b4868ef84eb,true,stage08_b01_general_gaussian_scales_v1,5d6f2dd75b763122028b82c7fc144e476d8fa07150cda991f6306e7007f350ee,operator,general_gaussian,NA,NA,general_gaussian,general_gaussian__general_gaussian_fp16_10e4__a3fa2928708492c4__sym,general_gaussian_fp16_10e4,10^4,10000,window_positions=[10000],FP16,GPU,not_applicable,compatibility/end-to-end,PASS,OK,20,100,54,0.37450099999999997,true,a3fa2928708492c4632f8d6329124df3b70bb74fff8093b62f682ab5083868ae,7badf42253768acebb6f171d77aa48b092814f62e6546f2fb4be3a463c13eae9
1,20260810T082122Z_8b745f9a6864_stage08_b01_formal_a103000b,formal,20260810T082122Z,8b745f9a68645ce41c47aa18fcde8b4868ef84eb,true,stage08_b01_general_gaussian_scales_v1,5d6f2dd75b763122028b82c7fc144e476d8fa07150cda991f6306e7007f350ee,operator,general_gaussian,NA,NA,general_gaussian,general_gaussian__general_gaussian_fp16_10e4__a3fa2928708492c4__sym,general_gaussian_fp16_10e4,10^4,10000,window_positions=[10000],FP16,GPU,not_applicable,compatibility/end-to-end,PASS,OK,20,100,55,0.30971100000000001,true,a3fa2928708492c4632f8d6329124df3b70bb74fff8093b62f682ab5083868ae,7badf42253768acebb6f171d77aa48b092814f62e6546f2fb4be3a463c13eae9
1,20260810T082122Z_8b745f9a6864_stage08_b01_formal_a103000b,formal,20260810T082122Z,8b745f9a68645ce41c47aa18fcde8b4868ef84eb,true,stage08_b01_general_gaussian_scales_v1,5d6f2dd75b763122028b82c7fc144e476d8fa07150cda991f6306e7007f350ee,operator,general_gaussian,NA,NA,general_gaussian,general_gaussian__general_gaussian_fp16_10e4__a3fa2928708492c4__sym,general_gaussian_fp16_10e4,10^4,10000,window_positions=[10000],FP16,GPU,not_applicable,compatibility/end-to-end,PASS,OK,20,100,56,0.30515100000000001,true,a3fa2928708492c4632f8d6329124df3b70bb74fff8093b62f682ab5083868ae,7badf42253768acebb6f171d77aa48b092814f62e6546f2fb4be3a463c13eae9
1,20260810T082122Z_8b745f9a6864_stage08_b01_formal_a103000b,formal,20260810T082122Z,8b745f9a68645ce41c47aa18fcde8b4868ef84eb,true,stage08_b01_general_gaussian_scales_v1,5d6f2dd75b763122028b82c7fc144e476d8fa07150cda991f6306e7007f350ee,operator,general_gaussian,NA,NA,general_gaussian,general_gaussian__general_gaussian_fp16_10e4__a3fa2928708492c4__sym,general_gaussian_fp16_10e4,10^4,10000,window_positions=[10000],FP16,GPU,not_applicable,compatibility/end-to-end,PASS,OK,20,100,57,0.30947000000000002,true,a3fa2928708492c4632f8d6329124df3b70bb74fff8093b62f682ab5083868ae,7badf42253768acebb6f171d77aa48b092814f62e6546f2fb4be3a463c13eae9
1,20260810T082122Z_8b745f9a6864_stage08_b01_formal_a103000b,formal,20260810T082122Z,8b745f9a68645ce41c47aa18fcde8b4868ef84eb,true,stage08_b01_general_gaussian_scales_v1,5d6f2dd75b763122028b82c7fc144e476d8fa07150cda991f6306e7007f350ee,operator,general_gaussian,NA,NA,general_gaussian,general_gaussian__general_gaussian_fp16_10e4__a3fa2928708492c4__sym,general_gaussian_fp16_10e4,10^4,10000,window_positions=[10000],FP16,GPU,not_applicable,compatibility/end-to-end,PASS,OK,20,100,58,0.30732100000000001,true,a3fa2928708492c4632f8d6329124df3b70bb74fff8093b62f682ab5083868ae,7badf42253768acebb6f171d77aa48b092814f62e6546f2fb4be3a463c13eae9
1,20260810T082122Z_8b745f9a6864_stage08_b01_formal_a103000b,formal,20260810T082122Z,8b745f9a68645ce41c47aa18fcde8b4868ef84eb,true,stage08_b01_general_gaussian_scales_v1,5d6f2dd75b763122028b82c7fc144e476d8fa07150cda991f6306e7007f350ee,operator,general_gaussian,NA,NA,general_gaussian,general_gaussian__general_gaussian_fp16_10e4__a3fa2928708492c4__sym,general_gaussian_fp16_10e4,10^4,10000,window_positions=[10000],FP16,GPU,not_applicable,compatibility/end-to-end,PASS,OK,20,100,59,0.30757099999999998,true,a3fa2928708492c4632f8d6329124df3b70bb74fff8093b62f682ab5083868ae,7badf42253768acebb6f171d77aa48b092814f62e6546f2fb4be3a463c13eae9
1,20260810T082122Z_8b745f9a6864_stage08_b01_formal_a103000b,formal,20260810T082122Z,8b745f9a68645ce41c47aa18fcde8b4868ef84eb,true,stage08_b01_general_gaussian_scales_v1,5d6f2dd75b763122028b82c7fc144e476d8fa07150cda991f6306e7007f350ee,operator,general_gaussian,NA,NA,general_gaussian,general_gaussian__general_gaussian_fp16_10e4__a3fa2928708492c4__sym,general_gaussian_fp16_10e4,10^4,10000,window_positions=[10000],FP16,GPU,not_applicable,compatibility/end-to-end,PASS,OK,20,100,60,0.30451099999999998,true,a3fa2928708492c4632f8d6329124df3b70bb74fff8093b62f682ab5083868ae,7badf42253768acebb6f171d77aa48b092814f62e6546f2fb4be3a463c13eae9
1,20260810T082122Z_8b745f9a6864_stage08_b01_formal_a103000b,formal,20260810T082122Z,8b745f9a68645ce41c47aa18fcde8b4868ef84eb,true,stage08_b01_general_gaussian_scales_v1,5d6f2dd75b763122028b82c7fc144e476d8fa07150cda991f6306e7007f350ee,operator,general_gaussian,NA,NA,general_gaussian,general_gaussian__general_gaussian_fp16_10e4__a3fa2928708492c4__sym,general_gaussian_fp16_10e4,10^4,10000,window_positions=[10000],FP16,GPU,not_applicable,compatibility/end-to-end,PASS,OK,20,100,61,0.31073099999999998,true,a3fa2928708492c4632f8d6329124df3b70bb74fff8093b62f682ab5083868ae,7badf42253768acebb6f171d77aa48b092814f62e6546f2fb4be3a463c13eae9
1,20260810T082122Z_8b745f9a6864_stage08_b01_formal_a103000b,formal,20260810T082122Z,8b745f9a68645ce41c47aa18fcde8b4868ef84eb,true,stage08_b01_general_gaussian_scales_v1,5d6f2dd75b763122028b82c7fc144e476d8fa07150cda991f6306e7007f350ee,operator,general_gaussian,NA,NA,general_gaussian,general_gaussian__general_gaussian_fp16_10e4__a3fa2928708492c4__sym,general_gaussian_fp16_10e4,10^4,10000,window_positions=[10000],FP16,GPU,not_applicable,compatibility/end-to-end,PASS,OK,20,100,62,0.30915100000000001,true,a3fa2928708492c4632f8d6329124df3b70bb74fff8093b62f682ab5083868ae,7badf42253768acebb6f171d77aa48b092814f62e6546f2fb4be3a463c13eae9
1,20260810T082122Z_8b745f9a6864_stage08_b01_formal_a103000b,formal,20260810T082122Z,8b745f9a68645ce41c47aa18fcde8b4868ef84eb,true,stage08_b01_general_gaussian_scales_v1,5d6f2dd75b763122028b82c7fc144e476d8fa07150cda991f6306e7007f350ee,operator,general_gaussian,NA,NA,general_gaussian,general_gaussian__general_gaussian_fp16_10e4__a3fa2928708492c4__sym,general_gaussian_fp16_10e4,10^4,10000,window_positions=[10000],FP16,GPU,not_applicable,compatibility/end-to-end,PASS,OK,20,100,63,0.307141,true,a3fa2928708492c4632f8d6329124df3b70bb74fff8093b62f682ab5083868ae,7badf42253768acebb6f171d77aa48b092814f62e6546f2fb4be3a463c13eae9
1,20260810T082122Z_8b745f9a6864_stage08_b01_formal_a103000b,formal,20260810T082122Z,8b745f9a68645ce41c47aa18fcde8b4868ef84eb,true,stage08_b01_general_gaussian_scales_v1,5d6f2dd75b763122028b82c7fc144e476d8fa07150cda991f6306e7007f350ee,operator,general_gaussian,NA,NA,general_gaussian,general_gaussian__general_gaussian_fp16_10e4__a3fa2928708492c4__sym,general_gaussian_fp16_10e4,10^4,10000,window_positions=[10000],FP16,GPU,not_applicable,compatibility/end-to-end,PASS,OK,20,100,64,0.310531,true,a3fa2928708492c4632f8d6329124df3b70bb74fff8093b62f682ab5083868ae,7badf42253768acebb6f171d77aa48b092814f62e6546f2fb4be3a463c13eae9
1,20260810T082122Z_8b745f9a6864_stage08_b01_formal_a103000b,formal,20260810T082122Z,8b745f9a68645ce41c47aa18fcde8b4868ef84eb,true,stage08_b01_general_gaussian_scales_v1,5d6f2dd75b763122028b82c7fc144e476d8fa07150cda991f6306e7007f350ee,operator,general_gaussian,NA,NA,general_gaussian,general_gaussian__general_gaussian_fp16_10e4__a3fa2928708492c4__sym,general_gaussian_fp16_10e4,10^4,10000,window_positions=[10000],FP16,GPU,not_applicable,compatibility/end-to-end,PASS,OK,20,100,65,0.30815100000000001,true,a3fa2928708492c4632f8d6329124df3b70bb74fff8093b62f682ab5083868ae,7badf42253768acebb6f171d77aa48b092814f62e6546f2fb4be3a463c13eae9
1,20260810T082122Z_8b745f9a6864_stage08_b01_formal_a103000b,formal,20260810T082122Z,8b745f9a68645ce41c47aa18fcde8b4868ef84eb,true,stage08_b01_general_gaussian_scales_v1,5d6f2dd75b763122028b82c7fc144e476d8fa07150cda991f6306e7007f350ee,operator,general_gaussian,NA,NA,general_gaussian,general_gaussian__general_gaussian_fp16_10e4__a3fa2928708492c4__sym,general_gaussian_fp16_10e4,10^4,10000,window_positions=[10000],FP16,GPU,not_applicable,compatibility/end-to-end,PASS,OK,20,100,66,0.31226100000000001,true,a3fa2928708492c4632f8d6329124df3b70bb74fff8093b62f682ab5083868ae,7badf42253768acebb6f171d77aa48b092814f62e6546f2fb4be3a463c13eae9
1,20260810T082122Z_8b745f9a6864_stage08_b01_formal_a103000b,formal,20260810T082122Z,8b745f9a68645ce41c47aa18fcde8b4868ef84eb,true,stage08_b01_general_gaussian_scales_v1,5d6f2dd75b763122028b82c7fc144e476d8fa07150cda991f6306e7007f350ee,operator,general_gaussian,NA,NA,general_gaussian,general_gaussian__general_gaussian_fp16_10e4__a3fa2928708492c4__sym,general_gaussian_fp16_10e4,10^4,10000,window_positions=[10000],FP16,GPU,not_applicable,compatibility/end-to-end,PASS,OK,20,100,67,0.30741000000000002,true,a3fa2928708492c4632f8d6329124df3b70bb74fff8093b62f682ab5083868ae,7badf42253768acebb6f171d77aa48b092814f62e6546f2fb4be3a463c13eae9
1,20260810T082122Z_8b745f9a6864_stage08_b01_formal_a103000b,formal,20260810T082122Z,8b745f9a68645ce41c47aa18fcde8b4868ef84eb,true,stage08_b01_general_gaussian_scales_v1,5d6f2dd75b763122028b82c7fc144e476d8fa07150cda991f6306e7007f350ee,operator,general_gaussian,NA,NA,general_gaussian,general_gaussian__general_gaussian_fp16_10e4__a3fa2928708492c4__sym,general_gaussian_fp16_10e4,10^4,10000,window_positions=[10000],FP16,GPU,not_applicable,compatibility/end-to-end,PASS,OK,20,100,68,0.30429099999999998,true,a3fa2928708492c4632f8d6329124df3b70bb74fff8093b62f682ab5083868ae,7badf42253768acebb6f171d77aa48b092814f62e6546f2fb4be3a463c13eae9
1,20260810T082122Z_8b745f9a6864_stage08_b01_formal_a103000b,formal,20260810T082122Z,8b745f9a68645ce41c47aa18fcde8b4868ef84eb,true,stage08_b01_general_gaussian_scales_v1,5d6f2dd75b763122028b82c7fc144e476d8fa07150cda991f6306e7007f350ee,operator,general_gaussian,NA,NA,general_gaussian,general_gaussian__general_gaussian_fp16_10e4__a3fa2928708492c4__sym,general_gaussian_fp16_10e4,10^4,10000,window_positions=[10000],FP16,GPU,not_applicable,compatibility/end-to-end,PASS,OK,20,100,69,0.31346099999999999,true,a3fa2928708492c4632f8d6329124df3b70bb74fff8093b62f682ab5083868ae,7badf42253768acebb6f171d77aa48b092814f62e6546f2fb4be3a463c13eae9
1,20260810T082122Z_8b745f9a6864_stage08_b01_formal_a103000b,formal,20260810T082122Z,8b745f9a68645ce41c47aa18fcde8b4868ef84eb,true,stage08_b01_general_gaussian_scales_v1,5d6f2dd75b763122028b82c7fc144e476d8fa07150cda991f6306e7007f350ee,operator,general_gaussian,NA,NA,general_gaussian,general_gaussian__general_gaussian_fp16_10e4__a3fa2928708492c4__sym,general_gaussian_fp16_10e4,10^4,10000,window_positions=[10000],FP16,GPU,not_applicable,compatibility/end-to-end,PASS,OK,20,100,70,0.49816199999999999,true,a3fa2928708492c4632f8d6329124df3b70bb74fff8093b62f682ab5083868ae,7badf42253768acebb6f171d77aa48b092814f62e6546f2fb4be3a463c13eae9
1,20260810T082122Z_8b745f9a6864_stage08_b01_formal_a103000b,formal,20260810T082122Z,8b745f9a68645ce41c47aa18fcde8b4868ef84eb,true,stage08_b01_general_gaussian_scales_v1,5d6f2dd75b763122028b82c7fc144e476d8fa07150cda991f6306e7007f350ee,operator,general_gaussian,NA,NA,general_gaussian,general_gaussian__general_gaussian_fp16_10e4__a3fa2928708492c4__sym,general_gaussian_fp16_10e4,10^4,10000,window_positions=[10000],FP16,GPU,not_applicable,compatibility/end-to-end,PASS,OK,20,100,71,0.32222000000000001,true,a3fa2928708492c4632f8d6329124df3b70bb74fff8093b62f682ab5083868ae,7badf42253768acebb6f171d77aa48b092814f62e6546f2fb4be3a463c13eae9
1,20260810T082122Z_8b745f9a6864_stage08_b01_formal_a103000b,formal,20260810T082122Z,8b745f9a68645ce41c47aa18fcde8b4868ef84eb,true,stage08_b01_general_gaussian_scales_v1,5d6f2dd75b763122028b82c7fc144e476d8fa07150cda991f6306e7007f350ee,operator,general_gaussian,NA,NA,general_gaussian,general_gaussian__general_gaussian_fp16_10e4__a3fa2928708492c4__sym,general_gaussian_fp16_10e4,10^4,10000,window_positions=[10000],FP16,GPU,not_applicable,compatibility/end-to-end,PASS,OK,20,100,72,0.33785100000000001,true,a3fa2928708492c4632f8d6329124df3b70bb74fff8093b62f682ab5083868ae,7badf42253768acebb6f171d77aa48b092814f62e6546f2fb4be3a463c13eae9
1,20260810T082122Z_8b745f9a6864_stage08_b01_formal_a103000b,formal,20260810T082122Z,8b745f9a68645ce41c47aa18fcde8b4868ef84eb,true,stage08_b01_general_gaussian_scales_v1,5d6f2dd75b763122028b82c7fc144e476d8fa07150cda991f6306e7007f350ee,operator,general_gaussian,NA,NA,general_gaussian,general_gaussian__general_gaussian_fp16_10e4__a3fa2928708492c4__sym,general_gaussian_fp16_10e4,10^4,10000,window_positions=[10000],FP16,GPU,not_applicable,compatibility/end-to-end,PASS,OK,20,100,73,0.31707099999999999,true,a3fa2928708492c4632f8d6329124df3b70bb74fff8093b62f682ab5083868ae,7badf42253768acebb6f171d77aa48b092814f62e6546f2fb4be3a463c13eae9
1,20260810T082122Z_8b745f9a6864_stage08_b01_formal_a103000b,formal,20260810T082122Z,8b745f9a68645ce41c47aa18fcde8b4868ef84eb,true,stage08_b01_general_gaussian_scales_v1,5d6f2dd75b763122028b82c7fc144e476d8fa07150cda991f6306e7007f350ee,operator,general_gaussian,NA,NA,general_gaussian,general_gaussian__general_gaussian_fp16_10e4__a3fa2928708492c4__sym,general_gaussian_fp16_10e4,10^4,10000,window_positions=[10000],FP16,GPU,not_applicable,compatibility/end-to-end,PASS,OK,20,100,74,0.306421,true,a3fa2928708492c4632f8d6329124df3b70bb74fff8093b62f682ab5083868ae,7badf42253768acebb6f171d77aa48b092814f62e6546f2fb4be3a463c13eae9
1,20260810T082122Z_8b745f9a6864_stage08_b01_formal_a103000b,formal,20260810T082122Z,8b745f9a68645ce41c47aa18fcde8b4868ef84eb,true,stage08_b01_general_gaussian_scales_v1,5d6f2dd75b763122028b82c7fc144e476d8fa07150cda991f6306e7007f350ee,operator,general_gaussian,NA,NA,general_gaussian,general_gaussian__general_gaussian_fp16_10e4__a3fa2928708492c4__sym,general_gaussian_fp16_10e4,10^4,10000,window_positions=[10000],FP16,GPU,not_applicable,compatibility/end-to-end,PASS,OK,20,100,75,0.31207099999999999,true,a3fa2928708492c4632f8d6329124df3b70bb74fff8093b62f682ab5083868ae,7badf42253768acebb6f171d77aa48b092814f62e6546f2fb4be3a463c13eae9
1,20260810T082122Z_8b745f9a6864_stage08_b01_formal_a103000b,formal,20260810T082122Z,8b745f9a68645ce41c47aa18fcde8b4868ef84eb,true,stage08_b01_general_gaussian_scales_v1,5d6f2dd75b763122028b82c7fc144e476d8fa07150cda991f6306e7007f350ee,operator,general_gaussian,NA,NA,general_gaussian,general_gaussian__general_gaussian_fp16_10e4__a3fa2928708492c4__sym,general_gaussian_fp16_10e4,10^4,10000,window_positions=[10000],FP16,GPU,not_applicable,compatibility/end-to-end,PASS,OK,20,100,76,0.31645099999999998,true,a3fa2928708492c4632f8d6329124df3b70bb74fff8093b62f682ab5083868ae,7badf42253768acebb6f171d77aa48b092814f62e6546f2fb4be3a463c13eae9
1,20260810T082122Z_8b745f9a6864_stage08_b01_formal_a103000b,formal,20260810T082122Z,8b745f9a68645ce41c47aa18fcde8b4868ef84eb,true,stage08_b01_general_gaussian_scales_v1,5d6f2dd75b763122028b82c7fc144e476d8fa07150cda991f6306e7007f350ee,operator,general_gaussian,NA,NA,general_gaussian,general_gaussian__general_gaussian_fp16_10e4__a3fa2928708492c4__sym,general_gaussian_fp16_10e4,10^4,10000,window_positions=[10000],FP16,GPU,not_applicable,compatibility/end-to-end,PASS,OK,20,100,77,0.331731,true,a3fa2928708492c4632f8d6329124df3b70bb74fff8093b62f682ab5083868ae,7badf42253768acebb6f171d77aa48b092814f62e6546f2fb4be3a463c13eae9
1,20260810T082122Z_8b745f9a6864_stage08_b01_formal_a103000b,formal,20260810T082122Z,8b745f9a68645ce41c47aa18fcde8b4868ef84eb,true,stage08_b01_general_gaussian_scales_v1,5d6f2dd75b763122028b82c7fc144e476d8fa07150cda991f6306e7007f350ee,operator,general_gaussian,NA,NA,general_gaussian,general_gaussian__general_gaussian_fp16_10e4__a3fa2928708492c4__sym,general_gaussian_fp16_10e4,10^4,10000,window_positions=[10000],FP16,GPU,not_applicable,compatibility/end-to-end,PASS,OK,20,100,78,0.31310100000000002,true,a3fa2928708492c4632f8d6329124df3b70bb74fff8093b62f682ab5083868ae,7badf42253768acebb6f171d77aa48b092814f62e6546f2fb4be3a463c13eae9
1,20260810T082122Z_8b745f9a6864_stage08_b01_formal_a103000b,formal,20260810T082122Z,8b745f9a68645ce41c47aa18fcde8b4868ef84eb,true,stage08_b01_general_gaussian_scales_v1,5d6f2dd75b763122028b82c7fc144e476d8fa07150cda991f6306e7007f350ee,operator,general_gaussian,NA,NA,general_gaussian,general_gaussian__general_gaussian_fp16_10e4__a3fa2928708492c4__sym,general_gaussian_fp16_10e4,10^4,10000,window_positions=[10000],FP16,GPU,not_applicable,compatibility/end-to-end,PASS,OK,20,100,79,0.31550099999999998,true,a3fa2928708492c4632f8d6329124df3b70bb74fff8093b62f682ab5083868ae,7badf42253768acebb6f171d77aa48b092814f62e6546f2fb4be3a463c13eae9
1,20260810T082122Z_8b745f9a6864_stage08_b01_formal_a103000b,formal,20260810T082122Z,8b745f9a68645ce41c47aa18fcde8b4868ef84eb,true,stage08_b01_general_gaussian_scales_v1,5d6f2dd75b763122028b82c7fc144e476d8fa07150cda991f6306e7007f350ee,operator,general_gaussian,NA,NA,general_gaussian,general_gaussian__general_gaussian_fp16_10e4__a3fa2928708492c4__sym,general_gaussian_fp16_10e4,10^4,10000,window_positions=[10000],FP16,GPU,not_applicable,compatibility/end-to-end,PASS,OK,20,100,80,0.36324099999999998,true,a3fa2928708492c4632f8d6329124df3b70bb74fff8093b62f682ab5083868ae,7badf42253768acebb6f171d77aa48b092814f62e6546f2fb4be3a463c13eae9
1,20260810T082122Z_8b745f9a6864_stage08_b01_formal_a103000b,formal,20260810T082122Z,8b745f9a68645ce41c47aa18fcde8b4868ef84eb,true,stage08_b01_general_gaussian_scales_v1,5d6f2dd75b763122028b82c7fc144e476d8fa07150cda991f6306e7007f350ee,operator,general_gaussian,NA,NA,general_gaussian,general_gaussian__general_gaussian_fp16_10e4__a3fa2928708492c4__sym,general_gaussian_fp16_10e4,10^4,10000,window_positions=[10000],FP16,GPU,not_applicable,compatibility/end-to-end,PASS,OK,20,100,81,0.30110100000000001,true,a3fa2928708492c4632f8d6329124df3b70bb74fff8093b62f682ab5083868ae,7badf42253768acebb6f171d77aa48b092814f62e6546f2fb4be3a463c13eae9
1,20260810T082122Z_8b745f9a6864_stage08_b01_formal_a103000b,formal,20260810T082122Z,8b745f9a68645ce41c47aa18fcde8b4868ef84eb,true,stage08_b01_general_gaussian_scales_v1,5d6f2dd75b763122028b82c7fc144e476d8fa07150cda991f6306e7007f350ee,operator,general_gaussian,NA,NA,general_gaussian,general_gaussian__general_gaussian_fp16_10e4__a3fa2928708492c4__sym,general_gaussian_fp16_10e4,10^4,10000,window_positions=[10000],FP16,GPU,not_applicable,compatibility/end-to-end,PASS,OK,20,100,82,0.32961099999999999,true,a3fa2928708492c4632f8d6329124df3b70bb74fff8093b62f682ab5083868ae,7badf42253768acebb6f171d77aa48b092814f62e6546f2fb4be3a463c13eae9
1,20260810T082122Z_8b745f9a6864_stage08_b01_formal_a103000b,formal,20260810T082122Z,8b745f9a68645ce41c47aa18fcde8b4868ef84eb,true,stage08_b01_general_gaussian_scales_v1,5d6f2dd75b763122028b82c7fc144e476d8fa07150cda991f6306e7007f350ee,operator,general_gaussian,NA,NA,general_gaussian,general_gaussian__general_gaussian_fp16_10e4__a3fa2928708492c4__sym,general_gaussian_fp16_10e4,10^4,10000,window_positions=[10000],FP16,GPU,not_applicable,compatibility/end-to-end,PASS,OK,20,100,83,0.31068000000000001,true,a3fa2928708492c4632f8d6329124df3b70bb74fff8093b62f682ab5083868ae,7badf42253768acebb6f171d77aa48b092814f62e6546f2fb4be3a463c13eae9
1,20260810T082122Z_8b745f9a6864_stage08_b01_formal_a103000b,formal,20260810T082122Z,8b745f9a68645ce41c47aa18fcde8b4868ef84eb,true,stage08_b01_general_gaussian_scales_v1,5d6f2dd75b763122028b82c7fc144e476d8fa07150cda991f6306e7007f350ee,operator,general_gaussian,NA,NA,general_gaussian,general_gaussian__general_gaussian_fp16_10e4__a3fa2928708492c4__sym,general_gaussian_fp16_10e4,10^4,10000,window_positions=[10000],FP16,GPU,not_applicable,compatibility/end-to-end,PASS,OK,20,100,84,0.32702100000000001,true,a3fa2928708492c4632f8d6329124df3b70bb74fff8093b62f682ab5083868ae,7badf42253768acebb6f171d77aa48b092814f62e6546f2fb4be3a463c13eae9
1,20260810T082122Z_8b745f9a6864_stage08_b01_formal_a103000b,formal,20260810T082122Z,8b745f9a68645ce41c47aa18fcde8b4868ef84eb,true,stage08_b01_general_gaussian_scales_v1,5d6f2dd75b763122028b82c7fc144e476d8fa07150cda991f6306e7007f350ee,operator,general_gaussian,NA,NA,general_gaussian,general_gaussian__general_gaussian_fp16_10e4__a3fa2928708492c4__sym,general_gaussian_fp16_10e4,10^4,10000,window_positions=[10000],FP16,GPU,not_applicable,compatibility/end-to-end,PASS,OK,20,100,85,0.308251,true,a3fa2928708492c4632f8d6329124df3b70bb74fff8093b62f682ab5083868ae,7badf42253768acebb6f171d77aa48b092814f62e6546f2fb4be3a463c13eae9
1,20260810T082122Z_8b745f9a6864_stage08_b01_formal_a103000b,formal,20260810T082122Z,8b745f9a68645ce41c47aa18fcde8b4868ef84eb,true,stage08_b01_general_gaussian_scales_v1,5d6f2dd75b763122028b82c7fc144e476d8fa07150cda991f6306e7007f350ee,operator,general_gaussian,NA,NA,general_gaussian,general_gaussian__general_gaussian_fp16_10e4__a3fa2928708492c4__sym,general_gaussian_fp16_10e4,10^4,10000,window_positions=[10000],FP16,GPU,not_applicable,compatibility/end-to-end,PASS,OK,20,100,86,0.31340099999999999,true,a3fa2928708492c4632f8d6329124df3b70bb74fff8093b62f682ab5083868ae,7badf42253768acebb6f171d77aa48b092814f62e6546f2fb4be3a463c13eae9
1,20260810T082122Z_8b745f9a6864_stage08_b01_formal_a103000b,formal,20260810T082122Z,8b745f9a68645ce41c47aa18fcde8b4868ef84eb,true,stage08_b01_general_gaussian_scales_v1,5d6f2dd75b763122028b82c7fc144e476d8fa07150cda991f6306e7007f350ee,operator,general_gaussian,NA,NA,general_gaussian,general_gaussian__general_gaussian_fp16_10e4__a3fa2928708492c4__sym,general_gaussian_fp16_10e4,10^4,10000,window_positions=[10000],FP16,GPU,not_applicable,compatibility/end-to-end,PASS,OK,20,100,87,0.31291099999999999,true,a3fa2928708492c4632f8d6329124df3b70bb74fff8093b62f682ab5083868ae,7badf42253768acebb6f171d77aa48b092814f62e6546f2fb4be3a463c13eae9
1,20260810T082122Z_8b745f9a6864_stage08_b01_formal_a103000b,formal,20260810T082122Z,8b745f9a68645ce41c47aa18fcde8b4868ef84eb,true,stage08_b01_general_gaussian_scales_v1,5d6f2dd75b763122028b82c7fc144e476d8fa07150cda991f6306e7007f350ee,operator,general_gaussian,NA,NA,general_gaussian,general_gaussian__general_gaussian_fp16_10e4__a3fa2928708492c4__sym,general_gaussian_fp16_10e4,10^4,10000,window_positions=[10000],FP16,GPU,not_applicable,compatibility/end-to-end,PASS,OK,20,100,88,0.30866100000000002,true,a3fa2928708492c4632f8d6329124df3b70bb74fff8093b62f682ab5083868ae,7badf42253768acebb6f171d77aa48b092814f62e6546f2fb4be3a463c13eae9
1,20260810T082122Z_8b745f9a6864_stage08_b01_formal_a103000b,formal,20260810T082122Z,8b745f9a68645ce41c47aa18fcde8b4868ef84eb,true,stage08_b01_general_gaussian_scales_v1,5d6f2dd75b763122028b82c7fc144e476d8fa07150cda991f6306e7007f350ee,operator,general_gaussian,NA,NA,general_gaussian,general_gaussian__general_gaussian_fp16_10e4__a3fa2928708492c4__sym,general_gaussian_fp16_10e4,10^4,10000,window_positions=[10000],FP16,GPU,not_applicable,compatibility/end-to-end,PASS,OK,20,100,89,0.30530099999999999,true,a3fa2928708492c4632f8d6329124df3b70bb74fff8093b62f682ab5083868ae,7badf42253768acebb6f171d77aa48b092814f62e6546f2fb4be3a463c13eae9
1,20260810T082122Z_8b745f9a6864_stage08_b01_formal_a103000b,formal,20260810T082122Z,8b745f9a68645ce41c47aa18fcde8b4868ef84eb,true,stage08_b01_general_gaussian_scales_v1,5d6f2dd75b763122028b82c7fc144e476d8fa07150cda991f6306e7007f350ee,operator,general_gaussian,NA,NA,general_gaussian,general_gaussian__general_gaussian_fp16_10e4__a3fa2928708492c4__sym,general_gaussian_fp16_10e4,10^4,10000,window_positions=[10000],FP16,GPU,not_applicable,compatibility/end-to-end,PASS,OK,20,100,90,0.32090099999999999,true,a3fa2928708492c4632f8d6329124df3b70bb74fff8093b62f682ab5083868ae,7badf42253768acebb6f171d77aa48b092814f62e6546f2fb4be3a463c13eae9
1,20260810T082122Z_8b745f9a6864_stage08_b01_formal_a103000b,formal,20260810T082122Z,8b745f9a68645ce41c47aa18fcde8b4868ef84eb,true,stage08_b01_general_gaussian_scales_v1,5d6f2dd75b763122028b82c7fc144e476d8fa07150cda991f6306e7007f350ee,operator,general_gaussian,NA,NA,general_gaussian,general_gaussian__general_gaussian_fp16_10e4__a3fa2928708492c4__sym,general_gaussian_fp16_10e4,10^4,10000,window_positions=[10000],FP16,GPU,not_applicable,compatibility/end-to-end,PASS,OK,20,100,91,0.31111100000000003,true,a3fa2928708492c4632f8d6329124df3b70bb74fff8093b62f682ab5083868ae,7badf42253768acebb6f171d77aa48b092814f62e6546f2fb4be3a463c13eae9
1,20260810T082122Z_8b745f9a6864_stage08_b01_formal_a103000b,formal,20260810T082122Z,8b745f9a68645ce41c47aa18fcde8b4868ef84eb,true,stage08_b01_general_gaussian_scales_v1,5d6f2dd75b763122028b82c7fc144e476d8fa07150cda991f6306e7007f350ee,operator,general_gaussian,NA,NA,general_gaussian,general_gaussian__general_gaussian_fp16_10e4__a3fa2928708492c4__sym,general_gaussian_fp16_10e4,10^4,10000,window_positions=[10000],FP16,GPU,not_applicable,compatibility/end-to-end,PASS,OK,20,100,92,0.30721100000000001,true,a3fa2928708492c4632f8d6329124df3b70bb74fff8093b62f682ab5083868ae,7badf42253768acebb6f171d77aa48b092814f62e6546f2fb4be3a463c13eae9
1,20260810T082122Z_8b745f9a6864_stage08_b01_formal_a103000b,formal,20260810T082122Z,8b745f9a68645ce41c47aa18fcde8b4868ef84eb,true,stage08_b01_general_gaussian_scales_v1,5d6f2dd75b763122028b82c7fc144e476d8fa07150cda991f6306e7007f350ee,operator,general_gaussian,NA,NA,general_gaussian,general_gaussian__general_gaussian_fp16_10e4__a3fa2928708492c4__sym,general_gaussian_fp16_10e4,10^4,10000,window_positions=[10000],FP16,GPU,not_applicable,compatibility/end-to-end,PASS,OK,20,100,93,0.304261,true,a3fa2928708492c4632f8d6329124df3b70bb74fff8093b62f682ab5083868ae,7badf42253768acebb6f171d77aa48b092814f62e6546f2fb4be3a463c13eae9
1,20260810T082122Z_8b745f9a6864_stage08_b01_formal_a103000b,formal,20260810T082122Z,8b745f9a68645ce41c47aa18fcde8b4868ef84eb,true,stage08_b01_general_gaussian_scales_v1,5d6f2dd75b763122028b82c7fc144e476d8fa07150cda991f6306e7007f350ee,operator,general_gaussian,NA,NA,general_gaussian,general_gaussian__general_gaussian_fp16_10e4__a3fa2928708492c4__sym,general_gaussian_fp16_10e4,10^4,10000,window_positions=[10000],FP16,GPU,not_applicable,compatibility/end-to-end,PASS,OK,20,100,94,0.30769099999999999,true,a3fa2928708492c4632f8d6329124df3b70bb74fff8093b62f682ab5083868ae,7badf42253768acebb6f171d77aa48b092814f62e6546f2fb4be3a463c13eae9
1,20260810T082122Z_8b745f9a6864_stage08_b01_formal_a103000b,formal,20260810T082122Z,8b745f9a68645ce41c47aa18fcde8b4868ef84eb,true,stage08_b01_general_gaussian_scales_v1,5d6f2dd75b763122028b82c7fc144e476d8fa07150cda991f6306e7007f350ee,operator,general_gaussian,NA,NA,general_gaussian,general_gaussian__general_gaussian_fp16_10e4__a3fa2928708492c4__sym,general_gaussian_fp16_10e4,10^4,10000,window_positions=[10000],FP16,GPU,not_applicable,compatibility/end-to-end,PASS,OK,20,100,95,0.30531999999999998,true,a3fa2928708492c4632f8d6329124df3b70bb74fff8093b62f682ab5083868ae,7badf42253768acebb6f171d77aa48b092814f62e6546f2fb4be3a463c13eae9
1,20260810T082122Z_8b745f9a6864_stage08_b01_formal_a103000b,formal,20260810T082122Z,8b745f9a68645ce41c47aa18fcde8b4868ef84eb,true,stage08_b01_general_gaussian_scales_v1,5d6f2dd75b763122028b82c7fc144e476d8fa07150cda991f6306e7007f350ee,operator,general_gaussian,NA,NA,general_gaussian,general_gaussian__general_gaussian_fp16_10e4__a3fa2928708492c4__sym,general_gaussian_fp16_10e4,10^4,10000,window_positions=[10000],FP16,GPU,not_applicable,compatibility/end-to-end,PASS,OK,20,100,96,0.30626100000000001,true,a3fa2928708492c4632f8d6329124df3b70bb74fff8093b62f682ab5083868ae,7badf42253768acebb6f171d77aa48b092814f62e6546f2fb4be3a463c13eae9
1,20260810T082122Z_8b745f9a6864_stage08_b01_formal_a103000b,formal,20260810T082122Z,8b745f9a68645ce41c47aa18fcde8b4868ef84eb,true,stage08_b01_general_gaussian_scales_v1,5d6f2dd75b763122028b82c7fc144e476d8fa07150cda991f6306e7007f350ee,operator,general_gaussian,NA,NA,general_gaussian,general_gaussian__general_gaussian_fp16_10e4__a3fa2928708492c4__sym,general_gaussian_fp16_10e4,10^4,10000,window_positions=[10000],FP16,GPU,not_applicable,compatibility/end-to-end,PASS,OK,20,100,97,0.30652099999999999,true,a3fa2928708492c4632f8d6329124df3b70bb74fff8093b62f682ab5083868ae,7badf42253768acebb6f171d77aa48b092814f62e6546f2fb4be3a463c13eae9
1,20260810T082122Z_8b745f9a6864_stage08_b01_formal_a103000b,formal,20260810T082122Z,8b745f9a68645ce41c47aa18fcde8b4868ef84eb,true,stage08_b01_general_gaussian_scales_v1,5d6f2dd75b763122028b82c7fc144e476d8fa07150cda991f6306e7007f350ee,operator,general_gaussian,NA,NA,general_gaussian,general_gaussian__general_gaussian_fp16_10e4__a3fa2928708492c4__sym,general_gaussian_fp16_10e4,10^4,10000,window_positions=[10000],FP16,GPU,not_applicable,compatibility/end-to-end,PASS,OK,20,100,98,0.313751,true,a3fa2928708492c4632f8d6329124df3b70bb74fff8093b62f682ab5083868ae,7badf42253768acebb6f171d77aa48b092814f62e6546f2fb4be3a463c13eae9
1,20260810T082122Z_8b745f9a6864_stage08_b01_formal_a103000b,formal,20260810T082122Z,8b745f9a68645ce41c47aa18fcde8b4868ef84eb,true,stage08_b01_general_gaussian_scales_v1,5d6f2dd75b763122028b82c7fc144e476d8fa07150cda991f6306e7007f350ee,operator,general_gaussian,NA,NA,general_gaussian,general_gaussian__general_gaussian_fp16_10e4__a3fa2928708492c4__sym,general_gaussian_fp16_10e4,10^4,10000,window_positions=[10000],FP16,GPU,not_applicable,compatibility/end-to-end,PASS,OK,20,100,99,0.309701,true,a3fa2928708492c4632f8d6329124df3b70bb74fff8093b62f682ab5083868ae,7badf42253768acebb6f171d77aa48b092814f62e6546f2fb4be3a463c13eae9
