schema_version,run_id,run_type,test_time_utc,git_commit,git_dirty,config_id,config_sha256,target_kind,target,task_name,step_name,operator_name,case_id,scale_id,order_of_magnitude,actual_elements,input_shape,dtype,device,backend,timing_scope,status,error_code,warmup_runs,measured_runs,sample_index,latency_ms,synchronized,input_digest,output_digest
1,20260806T115729Z_9ad02548cf6c_stage08_b01_formal_74000018,formal,20260806T115729Z,9ad02548cf6c74fae677c6162b7c4a2db2ac0e88,false,stage08_b01_general_gaussian_scales_v1,5d6f2dd75b763122028b82c7fc144e476d8fa07150cda991f6306e7007f350ee,operator,general_gaussian,NA,NA,general_gaussian,general_gaussian__general_gaussian_int8_10e2__83936d62ed24e086__sym,general_gaussian_int8_10e2,10^2,100,window_positions=[100],INT8,CPU,not_applicable,compatibility/end-to-end,PASS,OK,20,100,0,0.0052300000000000003,true,83936d62ed24e086c128add8ae2373b1606f7f88344db7066c5006b4c183dc37,019c92e110606df204f699394ec2b6486410a2e519e5637303d7fd7f0990f057
1,20260806T115729Z_9ad02548cf6c_stage08_b01_formal_74000018,formal,20260806T115729Z,9ad02548cf6c74fae677c6162b7c4a2db2ac0e88,false,stage08_b01_general_gaussian_scales_v1,5d6f2dd75b763122028b82c7fc144e476d8fa07150cda991f6306e7007f350ee,operator,general_gaussian,NA,NA,general_gaussian,general_gaussian__general_gaussian_int8_10e2__83936d62ed24e086__sym,general_gaussian_int8_10e2,10^2,100,window_positions=[100],INT8,CPU,not_applicable,compatibility/end-to-end,PASS,OK,20,100,1,0.0050400000000000002,true,83936d62ed24e086c128add8ae2373b1606f7f88344db7066c5006b4c183dc37,019c92e110606df204f699394ec2b6486410a2e519e5637303d7fd7f0990f057
1,20260806T115729Z_9ad02548cf6c_stage08_b01_formal_74000018,formal,20260806T115729Z,9ad02548cf6c74fae677c6162b7c4a2db2ac0e88,false,stage08_b01_general_gaussian_scales_v1,5d6f2dd75b763122028b82c7fc144e476d8fa07150cda991f6306e7007f350ee,operator,general_gaussian,NA,NA,general_gaussian,general_gaussian__general_gaussian_int8_10e2__83936d62ed24e086__sym,general_gaussian_int8_10e2,10^2,100,window_positions=[100],INT8,CPU,not_applicable,compatibility/end-to-end,PASS,OK,20,100,2,0.0050400000000000002,true,83936d62ed24e086c128add8ae2373b1606f7f88344db7066c5006b4c183dc37,019c92e110606df204f699394ec2b6486410a2e519e5637303d7fd7f0990f057
1,20260806T115729Z_9ad02548cf6c_stage08_b01_formal_74000018,formal,20260806T115729Z,9ad02548cf6c74fae677c6162b7c4a2db2ac0e88,false,stage08_b01_general_gaussian_scales_v1,5d6f2dd75b763122028b82c7fc144e476d8fa07150cda991f6306e7007f350ee,operator,general_gaussian,NA,NA,general_gaussian,general_gaussian__general_gaussian_int8_10e2__83936d62ed24e086__sym,general_gaussian_int8_10e2,10^2,100,window_positions=[100],INT8,CPU,not_applicable,compatibility/end-to-end,PASS,OK,20,100,3,0.0050200000000000002,true,83936d62ed24e086c128add8ae2373b1606f7f88344db7066c5006b4c183dc37,019c92e110606df204f699394ec2b6486410a2e519e5637303d7fd7f0990f057
1,20260806T115729Z_9ad02548cf6c_stage08_b01_formal_74000018,formal,20260806T115729Z,9ad02548cf6c74fae677c6162b7c4a2db2ac0e88,false,stage08_b01_general_gaussian_scales_v1,5d6f2dd75b763122028b82c7fc144e476d8fa07150cda991f6306e7007f350ee,operator,general_gaussian,NA,NA,general_gaussian,general_gaussian__general_gaussian_int8_10e2__83936d62ed24e086__sym,general_gaussian_int8_10e2,10^2,100,window_positions=[100],INT8,CPU,not_applicable,compatibility/end-to-end,PASS,OK,20,100,4,0.0050299999999999997,true,83936d62ed24e086c128add8ae2373b1606f7f88344db7066c5006b4c183dc37,019c92e110606df204f699394ec2b6486410a2e519e5637303d7fd7f0990f057
1,20260806T115729Z_9ad02548cf6c_stage08_b01_formal_74000018,formal,20260806T115729Z,9ad02548cf6c74fae677c6162b7c4a2db2ac0e88,false,stage08_b01_general_gaussian_scales_v1,5d6f2dd75b763122028b82c7fc144e476d8fa07150cda991f6306e7007f350ee,operator,general_gaussian,NA,NA,general_gaussian,general_gaussian__general_gaussian_int8_10e2__83936d62ed24e086__sym,general_gaussian_int8_10e2,10^2,100,window_positions=[100],INT8,CPU,not_applicable,compatibility/end-to-end,PASS,OK,20,100,5,0.0050299999999999997,true,83936d62ed24e086c128add8ae2373b1606f7f88344db7066c5006b4c183dc37,019c92e110606df204f699394ec2b6486410a2e519e5637303d7fd7f0990f057
1,20260806T115729Z_9ad02548cf6c_stage08_b01_formal_74000018,formal,20260806T115729Z,9ad02548cf6c74fae677c6162b7c4a2db2ac0e88,false,stage08_b01_general_gaussian_scales_v1,5d6f2dd75b763122028b82c7fc144e476d8fa07150cda991f6306e7007f350ee,operator,general_gaussian,NA,NA,general_gaussian,general_gaussian__general_gaussian_int8_10e2__83936d62ed24e086__sym,general_gaussian_int8_10e2,10^2,100,window_positions=[100],INT8,CPU,not_applicable,compatibility/end-to-end,PASS,OK,20,100,6,0.0050099999999999997,true,83936d62ed24e086c128add8ae2373b1606f7f88344db7066c5006b4c183dc37,019c92e110606df204f699394ec2b6486410a2e519e5637303d7fd7f0990f057
1,20260806T115729Z_9ad02548cf6c_stage08_b01_formal_74000018,formal,20260806T115729Z,9ad02548cf6c74fae677c6162b7c4a2db2ac0e88,false,stage08_b01_general_gaussian_scales_v1,5d6f2dd75b763122028b82c7fc144e476d8fa07150cda991f6306e7007f350ee,operator,general_gaussian,NA,NA,general_gaussian,general_gaussian__general_gaussian_int8_10e2__83936d62ed24e086__sym,general_gaussian_int8_10e2,10^2,100,window_positions=[100],INT8,CPU,not_applicable,compatibility/end-to-end,PASS,OK,20,100,7,0.0050299999999999997,true,83936d62ed24e086c128add8ae2373b1606f7f88344db7066c5006b4c183dc37,019c92e110606df204f699394ec2b6486410a2e519e5637303d7fd7f0990f057
1,20260806T115729Z_9ad02548cf6c_stage08_b01_formal_74000018,formal,20260806T115729Z,9ad02548cf6c74fae677c6162b7c4a2db2ac0e88,false,stage08_b01_general_gaussian_scales_v1,5d6f2dd75b763122028b82c7fc144e476d8fa07150cda991f6306e7007f350ee,operator,general_gaussian,NA,NA,general_gaussian,general_gaussian__general_gaussian_int8_10e2__83936d62ed24e086__sym,general_gaussian_int8_10e2,10^2,100,window_positions=[100],INT8,CPU,not_applicable,compatibility/end-to-end,PASS,OK,20,100,8,0.0050010000000000002,true,83936d62ed24e086c128add8ae2373b1606f7f88344db7066c5006b4c183dc37,019c92e110606df204f699394ec2b6486410a2e519e5637303d7fd7f0990f057
1,20260806T115729Z_9ad02548cf6c_stage08_b01_formal_74000018,formal,20260806T115729Z,9ad02548cf6c74fae677c6162b7c4a2db2ac0e88,false,stage08_b01_general_gaussian_scales_v1,5d6f2dd75b763122028b82c7fc144e476d8fa07150cda991f6306e7007f350ee,operator,general_gaussian,NA,NA,general_gaussian,general_gaussian__general_gaussian_int8_10e2__83936d62ed24e086__sym,general_gaussian_int8_10e2,10^2,100,window_positions=[100],INT8,CPU,not_applicable,compatibility/end-to-end,PASS,OK,20,100,9,0.0050299999999999997,true,83936d62ed24e086c128add8ae2373b1606f7f88344db7066c5006b4c183dc37,019c92e110606df204f699394ec2b6486410a2e519e5637303d7fd7f0990f057
1,20260806T115729Z_9ad02548cf6c_stage08_b01_formal_74000018,formal,20260806T115729Z,9ad02548cf6c74fae677c6162b7c4a2db2ac0e88,false,stage08_b01_general_gaussian_scales_v1,5d6f2dd75b763122028b82c7fc144e476d8fa07150cda991f6306e7007f350ee,operator,general_gaussian,NA,NA,general_gaussian,general_gaussian__general_gaussian_int8_10e2__83936d62ed24e086__sym,general_gaussian_int8_10e2,10^2,100,window_positions=[100],INT8,CPU,not_applicable,compatibility/end-to-end,PASS,OK,20,100,10,0.0050499999999999998,true,83936d62ed24e086c128add8ae2373b1606f7f88344db7066c5006b4c183dc37,019c92e110606df204f699394ec2b6486410a2e519e5637303d7fd7f0990f057
1,20260806T115729Z_9ad02548cf6c_stage08_b01_formal_74000018,formal,20260806T115729Z,9ad02548cf6c74fae677c6162b7c4a2db2ac0e88,false,stage08_b01_general_gaussian_scales_v1,5d6f2dd75b763122028b82c7fc144e476d8fa07150cda991f6306e7007f350ee,operator,general_gaussian,NA,NA,general_gaussian,general_gaussian__general_gaussian_int8_10e2__83936d62ed24e086__sym,general_gaussian_int8_10e2,10^2,100,window_positions=[100],INT8,CPU,not_applicable,compatibility/end-to-end,PASS,OK,20,100,11,0.0050400000000000002,true,83936d62ed24e086c128add8ae2373b1606f7f88344db7066c5006b4c183dc37,019c92e110606df204f699394ec2b6486410a2e519e5637303d7fd7f0990f057
1,20260806T115729Z_9ad02548cf6c_stage08_b01_formal_74000018,formal,20260806T115729Z,9ad02548cf6c74fae677c6162b7c4a2db2ac0e88,false,stage08_b01_general_gaussian_scales_v1,5d6f2dd75b763122028b82c7fc144e476d8fa07150cda991f6306e7007f350ee,operator,general_gaussian,NA,NA,general_gaussian,general_gaussian__general_gaussian_int8_10e2__83936d62ed24e086__sym,general_gaussian_int8_10e2,10^2,100,window_positions=[100],INT8,CPU,not_applicable,compatibility/end-to-end,PASS,OK,20,100,12,0.0050099999999999997,true,83936d62ed24e086c128add8ae2373b1606f7f88344db7066c5006b4c183dc37,019c92e110606df204f699394ec2b6486410a2e519e5637303d7fd7f0990f057
1,20260806T115729Z_9ad02548cf6c_stage08_b01_formal_74000018,formal,20260806T115729Z,9ad02548cf6c74fae677c6162b7c4a2db2ac0e88,false,stage08_b01_general_gaussian_scales_v1,5d6f2dd75b763122028b82c7fc144e476d8fa07150cda991f6306e7007f350ee,operator,general_gaussian,NA,NA,general_gaussian,general_gaussian__general_gaussian_int8_10e2__83936d62ed24e086__sym,general_gaussian_int8_10e2,10^2,100,window_positions=[100],INT8,CPU,not_applicable,compatibility/end-to-end,PASS,OK,20,100,13,0.0050299999999999997,true,83936d62ed24e086c128add8ae2373b1606f7f88344db7066c5006b4c183dc37,019c92e110606df204f699394ec2b6486410a2e519e5637303d7fd7f0990f057
1,20260806T115729Z_9ad02548cf6c_stage08_b01_formal_74000018,formal,20260806T115729Z,9ad02548cf6c74fae677c6162b7c4a2db2ac0e88,false,stage08_b01_general_gaussian_scales_v1,5d6f2dd75b763122028b82c7fc144e476d8fa07150cda991f6306e7007f350ee,operator,general_gaussian,NA,NA,general_gaussian,general_gaussian__general_gaussian_int8_10e2__83936d62ed24e086__sym,general_gaussian_int8_10e2,10^2,100,window_positions=[100],INT8,CPU,not_applicable,compatibility/end-to-end,PASS,OK,20,100,14,0.0050000000000000001,true,83936d62ed24e086c128add8ae2373b1606f7f88344db7066c5006b4c183dc37,019c92e110606df204f699394ec2b6486410a2e519e5637303d7fd7f0990f057
1,20260806T115729Z_9ad02548cf6c_stage08_b01_formal_74000018,formal,20260806T115729Z,9ad02548cf6c74fae677c6162b7c4a2db2ac0e88,false,stage08_b01_general_gaussian_scales_v1,5d6f2dd75b763122028b82c7fc144e476d8fa07150cda991f6306e7007f350ee,operator,general_gaussian,NA,NA,general_gaussian,general_gaussian__general_gaussian_int8_10e2__83936d62ed24e086__sym,general_gaussian_int8_10e2,10^2,100,window_positions=[100],INT8,CPU,not_applicable,compatibility/end-to-end,PASS,OK,20,100,15,0.0050299999999999997,true,83936d62ed24e086c128add8ae2373b1606f7f88344db7066c5006b4c183dc37,019c92e110606df204f699394ec2b6486410a2e519e5637303d7fd7f0990f057
1,20260806T115729Z_9ad02548cf6c_stage08_b01_formal_74000018,formal,20260806T115729Z,9ad02548cf6c74fae677c6162b7c4a2db2ac0e88,false,stage08_b01_general_gaussian_scales_v1,5d6f2dd75b763122028b82c7fc144e476d8fa07150cda991f6306e7007f350ee,operator,general_gaussian,NA,NA,general_gaussian,general_gaussian__general_gaussian_int8_10e2__83936d62ed24e086__sym,general_gaussian_int8_10e2,10^2,100,window_positions=[100],INT8,CPU,not_applicable,compatibility/end-to-end,PASS,OK,20,100,16,0.0050099999999999997,true,83936d62ed24e086c128add8ae2373b1606f7f88344db7066c5006b4c183dc37,019c92e110606df204f699394ec2b6486410a2e519e5637303d7fd7f0990f057
1,20260806T115729Z_9ad02548cf6c_stage08_b01_formal_74000018,formal,20260806T115729Z,9ad02548cf6c74fae677c6162b7c4a2db2ac0e88,false,stage08_b01_general_gaussian_scales_v1,5d6f2dd75b763122028b82c7fc144e476d8fa07150cda991f6306e7007f350ee,operator,general_gaussian,NA,NA,general_gaussian,general_gaussian__general_gaussian_int8_10e2__83936d62ed24e086__sym,general_gaussian_int8_10e2,10^2,100,window_positions=[100],INT8,CPU,not_applicable,compatibility/end-to-end,PASS,OK,20,100,17,0.0050299999999999997,true,83936d62ed24e086c128add8ae2373b1606f7f88344db7066c5006b4c183dc37,019c92e110606df204f699394ec2b6486410a2e519e5637303d7fd7f0990f057
1,20260806T115729Z_9ad02548cf6c_stage08_b01_formal_74000018,formal,20260806T115729Z,9ad02548cf6c74fae677c6162b7c4a2db2ac0e88,false,stage08_b01_general_gaussian_scales_v1,5d6f2dd75b763122028b82c7fc144e476d8fa07150cda991f6306e7007f350ee,operator,general_gaussian,NA,NA,general_gaussian,general_gaussian__general_gaussian_int8_10e2__83936d62ed24e086__sym,general_gaussian_int8_10e2,10^2,100,window_positions=[100],INT8,CPU,not_applicable,compatibility/end-to-end,PASS,OK,20,100,18,0.0050099999999999997,true,83936d62ed24e086c128add8ae2373b1606f7f88344db7066c5006b4c183dc37,019c92e110606df204f699394ec2b6486410a2e519e5637303d7fd7f0990f057
1,20260806T115729Z_9ad02548cf6c_stage08_b01_formal_74000018,formal,20260806T115729Z,9ad02548cf6c74fae677c6162b7c4a2db2ac0e88,false,stage08_b01_general_gaussian_scales_v1,5d6f2dd75b763122028b82c7fc144e476d8fa07150cda991f6306e7007f350ee,operator,general_gaussian,NA,NA,general_gaussian,general_gaussian__general_gaussian_int8_10e2__83936d62ed24e086__sym,general_gaussian_int8_10e2,10^2,100,window_positions=[100],INT8,CPU,not_applicable,compatibility/end-to-end,PASS,OK,20,100,19,0.0050299999999999997,true,83936d62ed24e086c128add8ae2373b1606f7f88344db7066c5006b4c183dc37,019c92e110606df204f699394ec2b6486410a2e519e5637303d7fd7f0990f057
1,20260806T115729Z_9ad02548cf6c_stage08_b01_formal_74000018,formal,20260806T115729Z,9ad02548cf6c74fae677c6162b7c4a2db2ac0e88,false,stage08_b01_general_gaussian_scales_v1,5d6f2dd75b763122028b82c7fc144e476d8fa07150cda991f6306e7007f350ee,operator,general_gaussian,NA,NA,general_gaussian,general_gaussian__general_gaussian_int8_10e2__83936d62ed24e086__sym,general_gaussian_int8_10e2,10^2,100,window_positions=[100],INT8,CPU,not_applicable,compatibility/end-to-end,PASS,OK,20,100,20,0.0050000000000000001,true,83936d62ed24e086c128add8ae2373b1606f7f88344db7066c5006b4c183dc37,019c92e110606df204f699394ec2b6486410a2e519e5637303d7fd7f0990f057
1,20260806T115729Z_9ad02548cf6c_stage08_b01_formal_74000018,formal,20260806T115729Z,9ad02548cf6c74fae677c6162b7c4a2db2ac0e88,false,stage08_b01_general_gaussian_scales_v1,5d6f2dd75b763122028b82c7fc144e476d8fa07150cda991f6306e7007f350ee,operator,general_gaussian,NA,NA,general_gaussian,general_gaussian__general_gaussian_int8_10e2__83936d62ed24e086__sym,general_gaussian_int8_10e2,10^2,100,window_positions=[100],INT8,CPU,not_applicable,compatibility/end-to-end,PASS,OK,20,100,21,0.0050299999999999997,true,83936d62ed24e086c128add8ae2373b1606f7f88344db7066c5006b4c183dc37,019c92e110606df204f699394ec2b6486410a2e519e5637303d7fd7f0990f057
1,20260806T115729Z_9ad02548cf6c_stage08_b01_formal_74000018,formal,20260806T115729Z,9ad02548cf6c74fae677c6162b7c4a2db2ac0e88,false,stage08_b01_general_gaussian_scales_v1,5d6f2dd75b763122028b82c7fc144e476d8fa07150cda991f6306e7007f350ee,operator,general_gaussian,NA,NA,general_gaussian,general_gaussian__general_gaussian_int8_10e2__83936d62ed24e086__sym,general_gaussian_int8_10e2,10^2,100,window_positions=[100],INT8,CPU,not_applicable,compatibility/end-to-end,PASS,OK,20,100,22,0.0050109999999999998,true,83936d62ed24e086c128add8ae2373b1606f7f88344db7066c5006b4c183dc37,019c92e110606df204f699394ec2b6486410a2e519e5637303d7fd7f0990f057
1,20260806T115729Z_9ad02548cf6c_stage08_b01_formal_74000018,formal,20260806T115729Z,9ad02548cf6c74fae677c6162b7c4a2db2ac0e88,false,stage08_b01_general_gaussian_scales_v1,5d6f2dd75b763122028b82c7fc144e476d8fa07150cda991f6306e7007f350ee,operator,general_gaussian,NA,NA,general_gaussian,general_gaussian__general_gaussian_int8_10e2__83936d62ed24e086__sym,general_gaussian_int8_10e2,10^2,100,window_positions=[100],INT8,CPU,not_applicable,compatibility/end-to-end,PASS,OK,20,100,23,0.0050299999999999997,true,83936d62ed24e086c128add8ae2373b1606f7f88344db7066c5006b4c183dc37,019c92e110606df204f699394ec2b6486410a2e519e5637303d7fd7f0990f057
1,20260806T115729Z_9ad02548cf6c_stage08_b01_formal_74000018,formal,20260806T115729Z,9ad02548cf6c74fae677c6162b7c4a2db2ac0e88,false,stage08_b01_general_gaussian_scales_v1,5d6f2dd75b763122028b82c7fc144e476d8fa07150cda991f6306e7007f350ee,operator,general_gaussian,NA,NA,general_gaussian,general_gaussian__general_gaussian_int8_10e2__83936d62ed24e086__sym,general_gaussian_int8_10e2,10^2,100,window_positions=[100],INT8,CPU,not_applicable,compatibility/end-to-end,PASS,OK,20,100,24,0.0050099999999999997,true,83936d62ed24e086c128add8ae2373b1606f7f88344db7066c5006b4c183dc37,019c92e110606df204f699394ec2b6486410a2e519e5637303d7fd7f0990f057
1,20260806T115729Z_9ad02548cf6c_stage08_b01_formal_74000018,formal,20260806T115729Z,9ad02548cf6c74fae677c6162b7c4a2db2ac0e88,false,stage08_b01_general_gaussian_scales_v1,5d6f2dd75b763122028b82c7fc144e476d8fa07150cda991f6306e7007f350ee,operator,general_gaussian,NA,NA,general_gaussian,general_gaussian__general_gaussian_int8_10e2__83936d62ed24e086__sym,general_gaussian_int8_10e2,10^2,100,window_positions=[100],INT8,CPU,not_applicable,compatibility/end-to-end,PASS,OK,20,100,25,0.0050299999999999997,true,83936d62ed24e086c128add8ae2373b1606f7f88344db7066c5006b4c183dc37,019c92e110606df204f699394ec2b6486410a2e519e5637303d7fd7f0990f057
1,20260806T115729Z_9ad02548cf6c_stage08_b01_formal_74000018,formal,20260806T115729Z,9ad02548cf6c74fae677c6162b7c4a2db2ac0e88,false,stage08_b01_general_gaussian_scales_v1,5d6f2dd75b763122028b82c7fc144e476d8fa07150cda991f6306e7007f350ee,operator,general_gaussian,NA,NA,general_gaussian,general_gaussian__general_gaussian_int8_10e2__83936d62ed24e086__sym,general_gaussian_int8_10e2,10^2,100,window_positions=[100],INT8,CPU,not_applicable,compatibility/end-to-end,PASS,OK,20,100,26,0.0050000000000000001,true,83936d62ed24e086c128add8ae2373b1606f7f88344db7066c5006b4c183dc37,019c92e110606df204f699394ec2b6486410a2e519e5637303d7fd7f0990f057
1,20260806T115729Z_9ad02548cf6c_stage08_b01_formal_74000018,formal,20260806T115729Z,9ad02548cf6c74fae677c6162b7c4a2db2ac0e88,false,stage08_b01_general_gaussian_scales_v1,5d6f2dd75b763122028b82c7fc144e476d8fa07150cda991f6306e7007f350ee,operator,general_gaussian,NA,NA,general_gaussian,general_gaussian__general_gaussian_int8_10e2__83936d62ed24e086__sym,general_gaussian_int8_10e2,10^2,100,window_positions=[100],INT8,CPU,not_applicable,compatibility/end-to-end,PASS,OK,20,100,27,0.0050299999999999997,true,83936d62ed24e086c128add8ae2373b1606f7f88344db7066c5006b4c183dc37,019c92e110606df204f699394ec2b6486410a2e519e5637303d7fd7f0990f057
1,20260806T115729Z_9ad02548cf6c_stage08_b01_formal_74000018,formal,20260806T115729Z,9ad02548cf6c74fae677c6162b7c4a2db2ac0e88,false,stage08_b01_general_gaussian_scales_v1,5d6f2dd75b763122028b82c7fc144e476d8fa07150cda991f6306e7007f350ee,operator,general_gaussian,NA,NA,general_gaussian,general_gaussian__general_gaussian_int8_10e2__83936d62ed24e086__sym,general_gaussian_int8_10e2,10^2,100,window_positions=[100],INT8,CPU,not_applicable,compatibility/end-to-end,PASS,OK,20,100,28,0.0050299999999999997,true,83936d62ed24e086c128add8ae2373b1606f7f88344db7066c5006b4c183dc37,019c92e110606df204f699394ec2b6486410a2e519e5637303d7fd7f0990f057
1,20260806T115729Z_9ad02548cf6c_stage08_b01_formal_74000018,formal,20260806T115729Z,9ad02548cf6c74fae677c6162b7c4a2db2ac0e88,false,stage08_b01_general_gaussian_scales_v1,5d6f2dd75b763122028b82c7fc144e476d8fa07150cda991f6306e7007f350ee,operator,general_gaussian,NA,NA,general_gaussian,general_gaussian__general_gaussian_int8_10e2__83936d62ed24e086__sym,general_gaussian_int8_10e2,10^2,100,window_positions=[100],INT8,CPU,not_applicable,compatibility/end-to-end,PASS,OK,20,100,29,0.0050299999999999997,true,83936d62ed24e086c128add8ae2373b1606f7f88344db7066c5006b4c183dc37,019c92e110606df204f699394ec2b6486410a2e519e5637303d7fd7f0990f057
1,20260806T115729Z_9ad02548cf6c_stage08_b01_formal_74000018,formal,20260806T115729Z,9ad02548cf6c74fae677c6162b7c4a2db2ac0e88,false,stage08_b01_general_gaussian_scales_v1,5d6f2dd75b763122028b82c7fc144e476d8fa07150cda991f6306e7007f350ee,operator,general_gaussian,NA,NA,general_gaussian,general_gaussian__general_gaussian_int8_10e2__83936d62ed24e086__sym,general_gaussian_int8_10e2,10^2,100,window_positions=[100],INT8,CPU,not_applicable,compatibility/end-to-end,PASS,OK,20,100,30,0.0050099999999999997,true,83936d62ed24e086c128add8ae2373b1606f7f88344db7066c5006b4c183dc37,019c92e110606df204f699394ec2b6486410a2e519e5637303d7fd7f0990f057
1,20260806T115729Z_9ad02548cf6c_stage08_b01_formal_74000018,formal,20260806T115729Z,9ad02548cf6c74fae677c6162b7c4a2db2ac0e88,false,stage08_b01_general_gaussian_scales_v1,5d6f2dd75b763122028b82c7fc144e476d8fa07150cda991f6306e7007f350ee,operator,general_gaussian,NA,NA,general_gaussian,general_gaussian__general_gaussian_int8_10e2__83936d62ed24e086__sym,general_gaussian_int8_10e2,10^2,100,window_positions=[100],INT8,CPU,not_applicable,compatibility/end-to-end,PASS,OK,20,100,31,0.0050299999999999997,true,83936d62ed24e086c128add8ae2373b1606f7f88344db7066c5006b4c183dc37,019c92e110606df204f699394ec2b6486410a2e519e5637303d7fd7f0990f057
1,20260806T115729Z_9ad02548cf6c_stage08_b01_formal_74000018,formal,20260806T115729Z,9ad02548cf6c74fae677c6162b7c4a2db2ac0e88,false,stage08_b01_general_gaussian_scales_v1,5d6f2dd75b763122028b82c7fc144e476d8fa07150cda991f6306e7007f350ee,operator,general_gaussian,NA,NA,general_gaussian,general_gaussian__general_gaussian_int8_10e2__83936d62ed24e086__sym,general_gaussian_int8_10e2,10^2,100,window_positions=[100],INT8,CPU,not_applicable,compatibility/end-to-end,PASS,OK,20,100,32,0.0050000000000000001,true,83936d62ed24e086c128add8ae2373b1606f7f88344db7066c5006b4c183dc37,019c92e110606df204f699394ec2b6486410a2e519e5637303d7fd7f0990f057
1,20260806T115729Z_9ad02548cf6c_stage08_b01_formal_74000018,formal,20260806T115729Z,9ad02548cf6c74fae677c6162b7c4a2db2ac0e88,false,stage08_b01_general_gaussian_scales_v1,5d6f2dd75b763122028b82c7fc144e476d8fa07150cda991f6306e7007f350ee,operator,general_gaussian,NA,NA,general_gaussian,general_gaussian__general_gaussian_int8_10e2__83936d62ed24e086__sym,general_gaussian_int8_10e2,10^2,100,window_positions=[100],INT8,CPU,not_applicable,compatibility/end-to-end,PASS,OK,20,100,33,0.0050299999999999997,true,83936d62ed24e086c128add8ae2373b1606f7f88344db7066c5006b4c183dc37,019c92e110606df204f699394ec2b6486410a2e519e5637303d7fd7f0990f057
1,20260806T115729Z_9ad02548cf6c_stage08_b01_formal_74000018,formal,20260806T115729Z,9ad02548cf6c74fae677c6162b7c4a2db2ac0e88,false,stage08_b01_general_gaussian_scales_v1,5d6f2dd75b763122028b82c7fc144e476d8fa07150cda991f6306e7007f350ee,operator,general_gaussian,NA,NA,general_gaussian,general_gaussian__general_gaussian_int8_10e2__83936d62ed24e086__sym,general_gaussian_int8_10e2,10^2,100,window_positions=[100],INT8,CPU,not_applicable,compatibility/end-to-end,PASS,OK,20,100,34,0.0050000000000000001,true,83936d62ed24e086c128add8ae2373b1606f7f88344db7066c5006b4c183dc37,019c92e110606df204f699394ec2b6486410a2e519e5637303d7fd7f0990f057
1,20260806T115729Z_9ad02548cf6c_stage08_b01_formal_74000018,formal,20260806T115729Z,9ad02548cf6c74fae677c6162b7c4a2db2ac0e88,false,stage08_b01_general_gaussian_scales_v1,5d6f2dd75b763122028b82c7fc144e476d8fa07150cda991f6306e7007f350ee,operator,general_gaussian,NA,NA,general_gaussian,general_gaussian__general_gaussian_int8_10e2__83936d62ed24e086__sym,general_gaussian_int8_10e2,10^2,100,window_positions=[100],INT8,CPU,not_applicable,compatibility/end-to-end,PASS,OK,20,100,35,0.0050299999999999997,true,83936d62ed24e086c128add8ae2373b1606f7f88344db7066c5006b4c183dc37,019c92e110606df204f699394ec2b6486410a2e519e5637303d7fd7f0990f057
1,20260806T115729Z_9ad02548cf6c_stage08_b01_formal_74000018,formal,20260806T115729Z,9ad02548cf6c74fae677c6162b7c4a2db2ac0e88,false,stage08_b01_general_gaussian_scales_v1,5d6f2dd75b763122028b82c7fc144e476d8fa07150cda991f6306e7007f350ee,operator,general_gaussian,NA,NA,general_gaussian,general_gaussian__general_gaussian_int8_10e2__83936d62ed24e086__sym,general_gaussian_int8_10e2,10^2,100,window_positions=[100],INT8,CPU,not_applicable,compatibility/end-to-end,PASS,OK,20,100,36,0.0050109999999999998,true,83936d62ed24e086c128add8ae2373b1606f7f88344db7066c5006b4c183dc37,019c92e110606df204f699394ec2b6486410a2e519e5637303d7fd7f0990f057
1,20260806T115729Z_9ad02548cf6c_stage08_b01_formal_74000018,formal,20260806T115729Z,9ad02548cf6c74fae677c6162b7c4a2db2ac0e88,false,stage08_b01_general_gaussian_scales_v1,5d6f2dd75b763122028b82c7fc144e476d8fa07150cda991f6306e7007f350ee,operator,general_gaussian,NA,NA,general_gaussian,general_gaussian__general_gaussian_int8_10e2__83936d62ed24e086__sym,general_gaussian_int8_10e2,10^2,100,window_positions=[100],INT8,CPU,not_applicable,compatibility/end-to-end,PASS,OK,20,100,37,0.0050299999999999997,true,83936d62ed24e086c128add8ae2373b1606f7f88344db7066c5006b4c183dc37,019c92e110606df204f699394ec2b6486410a2e519e5637303d7fd7f0990f057
1,20260806T115729Z_9ad02548cf6c_stage08_b01_formal_74000018,formal,20260806T115729Z,9ad02548cf6c74fae677c6162b7c4a2db2ac0e88,false,stage08_b01_general_gaussian_scales_v1,5d6f2dd75b763122028b82c7fc144e476d8fa07150cda991f6306e7007f350ee,operator,general_gaussian,NA,NA,general_gaussian,general_gaussian__general_gaussian_int8_10e2__83936d62ed24e086__sym,general_gaussian_int8_10e2,10^2,100,window_positions=[100],INT8,CPU,not_applicable,compatibility/end-to-end,PASS,OK,20,100,38,0.0050099999999999997,true,83936d62ed24e086c128add8ae2373b1606f7f88344db7066c5006b4c183dc37,019c92e110606df204f699394ec2b6486410a2e519e5637303d7fd7f0990f057
1,20260806T115729Z_9ad02548cf6c_stage08_b01_formal_74000018,formal,20260806T115729Z,9ad02548cf6c74fae677c6162b7c4a2db2ac0e88,false,stage08_b01_general_gaussian_scales_v1,5d6f2dd75b763122028b82c7fc144e476d8fa07150cda991f6306e7007f350ee,operator,general_gaussian,NA,NA,general_gaussian,general_gaussian__general_gaussian_int8_10e2__83936d62ed24e086__sym,general_gaussian_int8_10e2,10^2,100,window_positions=[100],INT8,CPU,not_applicable,compatibility/end-to-end,PASS,OK,20,100,39,0.0050400000000000002,true,83936d62ed24e086c128add8ae2373b1606f7f88344db7066c5006b4c183dc37,019c92e110606df204f699394ec2b6486410a2e519e5637303d7fd7f0990f057
1,20260806T115729Z_9ad02548cf6c_stage08_b01_formal_74000018,formal,20260806T115729Z,9ad02548cf6c74fae677c6162b7c4a2db2ac0e88,false,stage08_b01_general_gaussian_scales_v1,5d6f2dd75b763122028b82c7fc144e476d8fa07150cda991f6306e7007f350ee,operator,general_gaussian,NA,NA,general_gaussian,general_gaussian__general_gaussian_int8_10e2__83936d62ed24e086__sym,general_gaussian_int8_10e2,10^2,100,window_positions=[100],INT8,CPU,not_applicable,compatibility/end-to-end,PASS,OK,20,100,40,0.0050099999999999997,true,83936d62ed24e086c128add8ae2373b1606f7f88344db7066c5006b4c183dc37,019c92e110606df204f699394ec2b6486410a2e519e5637303d7fd7f0990f057
1,20260806T115729Z_9ad02548cf6c_stage08_b01_formal_74000018,formal,20260806T115729Z,9ad02548cf6c74fae677c6162b7c4a2db2ac0e88,false,stage08_b01_general_gaussian_scales_v1,5d6f2dd75b763122028b82c7fc144e476d8fa07150cda991f6306e7007f350ee,operator,general_gaussian,NA,NA,general_gaussian,general_gaussian__general_gaussian_int8_10e2__83936d62ed24e086__sym,general_gaussian_int8_10e2,10^2,100,window_positions=[100],INT8,CPU,not_applicable,compatibility/end-to-end,PASS,OK,20,100,41,0.0050299999999999997,true,83936d62ed24e086c128add8ae2373b1606f7f88344db7066c5006b4c183dc37,019c92e110606df204f699394ec2b6486410a2e519e5637303d7fd7f0990f057
1,20260806T115729Z_9ad02548cf6c_stage08_b01_formal_74000018,formal,20260806T115729Z,9ad02548cf6c74fae677c6162b7c4a2db2ac0e88,false,stage08_b01_general_gaussian_scales_v1,5d6f2dd75b763122028b82c7fc144e476d8fa07150cda991f6306e7007f350ee,operator,general_gaussian,NA,NA,general_gaussian,general_gaussian__general_gaussian_int8_10e2__83936d62ed24e086__sym,general_gaussian_int8_10e2,10^2,100,window_positions=[100],INT8,CPU,not_applicable,compatibility/end-to-end,PASS,OK,20,100,42,0.0050099999999999997,true,83936d62ed24e086c128add8ae2373b1606f7f88344db7066c5006b4c183dc37,019c92e110606df204f699394ec2b6486410a2e519e5637303d7fd7f0990f057
1,20260806T115729Z_9ad02548cf6c_stage08_b01_formal_74000018,formal,20260806T115729Z,9ad02548cf6c74fae677c6162b7c4a2db2ac0e88,false,stage08_b01_general_gaussian_scales_v1,5d6f2dd75b763122028b82c7fc144e476d8fa07150cda991f6306e7007f350ee,operator,general_gaussian,NA,NA,general_gaussian,general_gaussian__general_gaussian_int8_10e2__83936d62ed24e086__sym,general_gaussian_int8_10e2,10^2,100,window_positions=[100],INT8,CPU,not_applicable,compatibility/end-to-end,PASS,OK,20,100,43,0.0050299999999999997,true,83936d62ed24e086c128add8ae2373b1606f7f88344db7066c5006b4c183dc37,019c92e110606df204f699394ec2b6486410a2e519e5637303d7fd7f0990f057
1,20260806T115729Z_9ad02548cf6c_stage08_b01_formal_74000018,formal,20260806T115729Z,9ad02548cf6c74fae677c6162b7c4a2db2ac0e88,false,stage08_b01_general_gaussian_scales_v1,5d6f2dd75b763122028b82c7fc144e476d8fa07150cda991f6306e7007f350ee,operator,general_gaussian,NA,NA,general_gaussian,general_gaussian__general_gaussian_int8_10e2__83936d62ed24e086__sym,general_gaussian_int8_10e2,10^2,100,window_positions=[100],INT8,CPU,not_applicable,compatibility/end-to-end,PASS,OK,20,100,44,0.0050000000000000001,true,83936d62ed24e086c128add8ae2373b1606f7f88344db7066c5006b4c183dc37,019c92e110606df204f699394ec2b6486410a2e519e5637303d7fd7f0990f057
1,20260806T115729Z_9ad02548cf6c_stage08_b01_formal_74000018,formal,20260806T115729Z,9ad02548cf6c74fae677c6162b7c4a2db2ac0e88,false,stage08_b01_general_gaussian_scales_v1,5d6f2dd75b763122028b82c7fc144e476d8fa07150cda991f6306e7007f350ee,operator,general_gaussian,NA,NA,general_gaussian,general_gaussian__general_gaussian_int8_10e2__83936d62ed24e086__sym,general_gaussian_int8_10e2,10^2,100,window_positions=[100],INT8,CPU,not_applicable,compatibility/end-to-end,PASS,OK,20,100,45,0.0050299999999999997,true,83936d62ed24e086c128add8ae2373b1606f7f88344db7066c5006b4c183dc37,019c92e110606df204f699394ec2b6486410a2e519e5637303d7fd7f0990f057
1,20260806T115729Z_9ad02548cf6c_stage08_b01_formal_74000018,formal,20260806T115729Z,9ad02548cf6c74fae677c6162b7c4a2db2ac0e88,false,stage08_b01_general_gaussian_scales_v1,5d6f2dd75b763122028b82c7fc144e476d8fa07150cda991f6306e7007f350ee,operator,general_gaussian,NA,NA,general_gaussian,general_gaussian__general_gaussian_int8_10e2__83936d62ed24e086__sym,general_gaussian_int8_10e2,10^2,100,window_positions=[100],INT8,CPU,not_applicable,compatibility/end-to-end,PASS,OK,20,100,46,0.0050099999999999997,true,83936d62ed24e086c128add8ae2373b1606f7f88344db7066c5006b4c183dc37,019c92e110606df204f699394ec2b6486410a2e519e5637303d7fd7f0990f057
1,20260806T115729Z_9ad02548cf6c_stage08_b01_formal_74000018,formal,20260806T115729Z,9ad02548cf6c74fae677c6162b7c4a2db2ac0e88,false,stage08_b01_general_gaussian_scales_v1,5d6f2dd75b763122028b82c7fc144e476d8fa07150cda991f6306e7007f350ee,operator,general_gaussian,NA,NA,general_gaussian,general_gaussian__general_gaussian_int8_10e2__83936d62ed24e086__sym,general_gaussian_int8_10e2,10^2,100,window_positions=[100],INT8,CPU,not_applicable,compatibility/end-to-end,PASS,OK,20,100,47,0.0050299999999999997,true,83936d62ed24e086c128add8ae2373b1606f7f88344db7066c5006b4c183dc37,019c92e110606df204f699394ec2b6486410a2e519e5637303d7fd7f0990f057
1,20260806T115729Z_9ad02548cf6c_stage08_b01_formal_74000018,formal,20260806T115729Z,9ad02548cf6c74fae677c6162b7c4a2db2ac0e88,false,stage08_b01_general_gaussian_scales_v1,5d6f2dd75b763122028b82c7fc144e476d8fa07150cda991f6306e7007f350ee,operator,general_gaussian,NA,NA,general_gaussian,general_gaussian__general_gaussian_int8_10e2__83936d62ed24e086__sym,general_gaussian_int8_10e2,10^2,100,window_positions=[100],INT8,CPU,not_applicable,compatibility/end-to-end,PASS,OK,20,100,48,0.0050099999999999997,true,83936d62ed24e086c128add8ae2373b1606f7f88344db7066c5006b4c183dc37,019c92e110606df204f699394ec2b6486410a2e519e5637303d7fd7f0990f057
1,20260806T115729Z_9ad02548cf6c_stage08_b01_formal_74000018,formal,20260806T115729Z,9ad02548cf6c74fae677c6162b7c4a2db2ac0e88,false,stage08_b01_general_gaussian_scales_v1,5d6f2dd75b763122028b82c7fc144e476d8fa07150cda991f6306e7007f350ee,operator,general_gaussian,NA,NA,general_gaussian,general_gaussian__general_gaussian_int8_10e2__83936d62ed24e086__sym,general_gaussian_int8_10e2,10^2,100,window_positions=[100],INT8,CPU,not_applicable,compatibility/end-to-end,PASS,OK,20,100,49,0.0050299999999999997,true,83936d62ed24e086c128add8ae2373b1606f7f88344db7066c5006b4c183dc37,019c92e110606df204f699394ec2b6486410a2e519e5637303d7fd7f0990f057
1,20260806T115729Z_9ad02548cf6c_stage08_b01_formal_74000018,formal,20260806T115729Z,9ad02548cf6c74fae677c6162b7c4a2db2ac0e88,false,stage08_b01_general_gaussian_scales_v1,5d6f2dd75b763122028b82c7fc144e476d8fa07150cda991f6306e7007f350ee,operator,general_gaussian,NA,NA,general_gaussian,general_gaussian__general_gaussian_int8_10e2__83936d62ed24e086__sym,general_gaussian_int8_10e2,10^2,100,window_positions=[100],INT8,CPU,not_applicable,compatibility/end-to-end,PASS,OK,20,100,50,0.0050099999999999997,true,83936d62ed24e086c128add8ae2373b1606f7f88344db7066c5006b4c183dc37,019c92e110606df204f699394ec2b6486410a2e519e5637303d7fd7f0990f057
1,20260806T115729Z_9ad02548cf6c_stage08_b01_formal_74000018,formal,20260806T115729Z,9ad02548cf6c74fae677c6162b7c4a2db2ac0e88,false,stage08_b01_general_gaussian_scales_v1,5d6f2dd75b763122028b82c7fc144e476d8fa07150cda991f6306e7007f350ee,operator,general_gaussian,NA,NA,general_gaussian,general_gaussian__general_gaussian_int8_10e2__83936d62ed24e086__sym,general_gaussian_int8_10e2,10^2,100,window_positions=[100],INT8,CPU,not_applicable,compatibility/end-to-end,PASS,OK,20,100,51,0.0050410000000000003,true,83936d62ed24e086c128add8ae2373b1606f7f88344db7066c5006b4c183dc37,019c92e110606df204f699394ec2b6486410a2e519e5637303d7fd7f0990f057
1,20260806T115729Z_9ad02548cf6c_stage08_b01_formal_74000018,formal,20260806T115729Z,9ad02548cf6c74fae677c6162b7c4a2db2ac0e88,false,stage08_b01_general_gaussian_scales_v1,5d6f2dd75b763122028b82c7fc144e476d8fa07150cda991f6306e7007f350ee,operator,general_gaussian,NA,NA,general_gaussian,general_gaussian__general_gaussian_int8_10e2__83936d62ed24e086__sym,general_gaussian_int8_10e2,10^2,100,window_positions=[100],INT8,CPU,not_applicable,compatibility/end-to-end,PASS,OK,20,100,52,0.0050000000000000001,true,83936d62ed24e086c128add8ae2373b1606f7f88344db7066c5006b4c183dc37,019c92e110606df204f699394ec2b6486410a2e519e5637303d7fd7f0990f057
1,20260806T115729Z_9ad02548cf6c_stage08_b01_formal_74000018,formal,20260806T115729Z,9ad02548cf6c74fae677c6162b7c4a2db2ac0e88,false,stage08_b01_general_gaussian_scales_v1,5d6f2dd75b763122028b82c7fc144e476d8fa07150cda991f6306e7007f350ee,operator,general_gaussian,NA,NA,general_gaussian,general_gaussian__general_gaussian_int8_10e2__83936d62ed24e086__sym,general_gaussian_int8_10e2,10^2,100,window_positions=[100],INT8,CPU,not_applicable,compatibility/end-to-end,PASS,OK,20,100,53,0.0050299999999999997,true,83936d62ed24e086c128add8ae2373b1606f7f88344db7066c5006b4c183dc37,019c92e110606df204f699394ec2b6486410a2e519e5637303d7fd7f0990f057
1,20260806T115729Z_9ad02548cf6c_stage08_b01_formal_74000018,formal,20260806T115729Z,9ad02548cf6c74fae677c6162b7c4a2db2ac0e88,false,stage08_b01_general_gaussian_scales_v1,5d6f2dd75b763122028b82c7fc144e476d8fa07150cda991f6306e7007f350ee,operator,general_gaussian,NA,NA,general_gaussian,general_gaussian__general_gaussian_int8_10e2__83936d62ed24e086__sym,general_gaussian_int8_10e2,10^2,100,window_positions=[100],INT8,CPU,not_applicable,compatibility/end-to-end,PASS,OK,20,100,54,0.0050299999999999997,true,83936d62ed24e086c128add8ae2373b1606f7f88344db7066c5006b4c183dc37,019c92e110606df204f699394ec2b6486410a2e519e5637303d7fd7f0990f057
1,20260806T115729Z_9ad02548cf6c_stage08_b01_formal_74000018,formal,20260806T115729Z,9ad02548cf6c74fae677c6162b7c4a2db2ac0e88,false,stage08_b01_general_gaussian_scales_v1,5d6f2dd75b763122028b82c7fc144e476d8fa07150cda991f6306e7007f350ee,operator,general_gaussian,NA,NA,general_gaussian,general_gaussian__general_gaussian_int8_10e2__83936d62ed24e086__sym,general_gaussian_int8_10e2,10^2,100,window_positions=[100],INT8,CPU,not_applicable,compatibility/end-to-end,PASS,OK,20,100,55,0.0050299999999999997,true,83936d62ed24e086c128add8ae2373b1606f7f88344db7066c5006b4c183dc37,019c92e110606df204f699394ec2b6486410a2e519e5637303d7fd7f0990f057
1,20260806T115729Z_9ad02548cf6c_stage08_b01_formal_74000018,formal,20260806T115729Z,9ad02548cf6c74fae677c6162b7c4a2db2ac0e88,false,stage08_b01_general_gaussian_scales_v1,5d6f2dd75b763122028b82c7fc144e476d8fa07150cda991f6306e7007f350ee,operator,general_gaussian,NA,NA,general_gaussian,general_gaussian__general_gaussian_int8_10e2__83936d62ed24e086__sym,general_gaussian_int8_10e2,10^2,100,window_positions=[100],INT8,CPU,not_applicable,compatibility/end-to-end,PASS,OK,20,100,56,0.0050099999999999997,true,83936d62ed24e086c128add8ae2373b1606f7f88344db7066c5006b4c183dc37,019c92e110606df204f699394ec2b6486410a2e519e5637303d7fd7f0990f057
1,20260806T115729Z_9ad02548cf6c_stage08_b01_formal_74000018,formal,20260806T115729Z,9ad02548cf6c74fae677c6162b7c4a2db2ac0e88,false,stage08_b01_general_gaussian_scales_v1,5d6f2dd75b763122028b82c7fc144e476d8fa07150cda991f6306e7007f350ee,operator,general_gaussian,NA,NA,general_gaussian,general_gaussian__general_gaussian_int8_10e2__83936d62ed24e086__sym,general_gaussian_int8_10e2,10^2,100,window_positions=[100],INT8,CPU,not_applicable,compatibility/end-to-end,PASS,OK,20,100,57,0.0050299999999999997,true,83936d62ed24e086c128add8ae2373b1606f7f88344db7066c5006b4c183dc37,019c92e110606df204f699394ec2b6486410a2e519e5637303d7fd7f0990f057
1,20260806T115729Z_9ad02548cf6c_stage08_b01_formal_74000018,formal,20260806T115729Z,9ad02548cf6c74fae677c6162b7c4a2db2ac0e88,false,stage08_b01_general_gaussian_scales_v1,5d6f2dd75b763122028b82c7fc144e476d8fa07150cda991f6306e7007f350ee,operator,general_gaussian,NA,NA,general_gaussian,general_gaussian__general_gaussian_int8_10e2__83936d62ed24e086__sym,general_gaussian_int8_10e2,10^2,100,window_positions=[100],INT8,CPU,not_applicable,compatibility/end-to-end,PASS,OK,20,100,58,0.0050000000000000001,true,83936d62ed24e086c128add8ae2373b1606f7f88344db7066c5006b4c183dc37,019c92e110606df204f699394ec2b6486410a2e519e5637303d7fd7f0990f057
1,20260806T115729Z_9ad02548cf6c_stage08_b01_formal_74000018,formal,20260806T115729Z,9ad02548cf6c74fae677c6162b7c4a2db2ac0e88,false,stage08_b01_general_gaussian_scales_v1,5d6f2dd75b763122028b82c7fc144e476d8fa07150cda991f6306e7007f350ee,operator,general_gaussian,NA,NA,general_gaussian,general_gaussian__general_gaussian_int8_10e2__83936d62ed24e086__sym,general_gaussian_int8_10e2,10^2,100,window_positions=[100],INT8,CPU,not_applicable,compatibility/end-to-end,PASS,OK,20,100,59,0.0050299999999999997,true,83936d62ed24e086c128add8ae2373b1606f7f88344db7066c5006b4c183dc37,019c92e110606df204f699394ec2b6486410a2e519e5637303d7fd7f0990f057
1,20260806T115729Z_9ad02548cf6c_stage08_b01_formal_74000018,formal,20260806T115729Z,9ad02548cf6c74fae677c6162b7c4a2db2ac0e88,false,stage08_b01_general_gaussian_scales_v1,5d6f2dd75b763122028b82c7fc144e476d8fa07150cda991f6306e7007f350ee,operator,general_gaussian,NA,NA,general_gaussian,general_gaussian__general_gaussian_int8_10e2__83936d62ed24e086__sym,general_gaussian_int8_10e2,10^2,100,window_positions=[100],INT8,CPU,not_applicable,compatibility/end-to-end,PASS,OK,20,100,60,0.0050099999999999997,true,83936d62ed24e086c128add8ae2373b1606f7f88344db7066c5006b4c183dc37,019c92e110606df204f699394ec2b6486410a2e519e5637303d7fd7f0990f057
1,20260806T115729Z_9ad02548cf6c_stage08_b01_formal_74000018,formal,20260806T115729Z,9ad02548cf6c74fae677c6162b7c4a2db2ac0e88,false,stage08_b01_general_gaussian_scales_v1,5d6f2dd75b763122028b82c7fc144e476d8fa07150cda991f6306e7007f350ee,operator,general_gaussian,NA,NA,general_gaussian,general_gaussian__general_gaussian_int8_10e2__83936d62ed24e086__sym,general_gaussian_int8_10e2,10^2,100,window_positions=[100],INT8,CPU,not_applicable,compatibility/end-to-end,PASS,OK,20,100,61,0.0050299999999999997,true,83936d62ed24e086c128add8ae2373b1606f7f88344db7066c5006b4c183dc37,019c92e110606df204f699394ec2b6486410a2e519e5637303d7fd7f0990f057
1,20260806T115729Z_9ad02548cf6c_stage08_b01_formal_74000018,formal,20260806T115729Z,9ad02548cf6c74fae677c6162b7c4a2db2ac0e88,false,stage08_b01_general_gaussian_scales_v1,5d6f2dd75b763122028b82c7fc144e476d8fa07150cda991f6306e7007f350ee,operator,general_gaussian,NA,NA,general_gaussian,general_gaussian__general_gaussian_int8_10e2__83936d62ed24e086__sym,general_gaussian_int8_10e2,10^2,100,window_positions=[100],INT8,CPU,not_applicable,compatibility/end-to-end,PASS,OK,20,100,62,0.0050099999999999997,true,83936d62ed24e086c128add8ae2373b1606f7f88344db7066c5006b4c183dc37,019c92e110606df204f699394ec2b6486410a2e519e5637303d7fd7f0990f057
1,20260806T115729Z_9ad02548cf6c_stage08_b01_formal_74000018,formal,20260806T115729Z,9ad02548cf6c74fae677c6162b7c4a2db2ac0e88,false,stage08_b01_general_gaussian_scales_v1,5d6f2dd75b763122028b82c7fc144e476d8fa07150cda991f6306e7007f350ee,operator,general_gaussian,NA,NA,general_gaussian,general_gaussian__general_gaussian_int8_10e2__83936d62ed24e086__sym,general_gaussian_int8_10e2,10^2,100,window_positions=[100],INT8,CPU,not_applicable,compatibility/end-to-end,PASS,OK,20,100,63,0.0050299999999999997,true,83936d62ed24e086c128add8ae2373b1606f7f88344db7066c5006b4c183dc37,019c92e110606df204f699394ec2b6486410a2e519e5637303d7fd7f0990f057
1,20260806T115729Z_9ad02548cf6c_stage08_b01_formal_74000018,formal,20260806T115729Z,9ad02548cf6c74fae677c6162b7c4a2db2ac0e88,false,stage08_b01_general_gaussian_scales_v1,5d6f2dd75b763122028b82c7fc144e476d8fa07150cda991f6306e7007f350ee,operator,general_gaussian,NA,NA,general_gaussian,general_gaussian__general_gaussian_int8_10e2__83936d62ed24e086__sym,general_gaussian_int8_10e2,10^2,100,window_positions=[100],INT8,CPU,not_applicable,compatibility/end-to-end,PASS,OK,20,100,64,0.0050000000000000001,true,83936d62ed24e086c128add8ae2373b1606f7f88344db7066c5006b4c183dc37,019c92e110606df204f699394ec2b6486410a2e519e5637303d7fd7f0990f057
1,20260806T115729Z_9ad02548cf6c_stage08_b01_formal_74000018,formal,20260806T115729Z,9ad02548cf6c74fae677c6162b7c4a2db2ac0e88,false,stage08_b01_general_gaussian_scales_v1,5d6f2dd75b763122028b82c7fc144e476d8fa07150cda991f6306e7007f350ee,operator,general_gaussian,NA,NA,general_gaussian,general_gaussian__general_gaussian_int8_10e2__83936d62ed24e086__sym,general_gaussian_int8_10e2,10^2,100,window_positions=[100],INT8,CPU,not_applicable,compatibility/end-to-end,PASS,OK,20,100,65,0.0050309999999999999,true,83936d62ed24e086c128add8ae2373b1606f7f88344db7066c5006b4c183dc37,019c92e110606df204f699394ec2b6486410a2e519e5637303d7fd7f0990f057
1,20260806T115729Z_9ad02548cf6c_stage08_b01_formal_74000018,formal,20260806T115729Z,9ad02548cf6c74fae677c6162b7c4a2db2ac0e88,false,stage08_b01_general_gaussian_scales_v1,5d6f2dd75b763122028b82c7fc144e476d8fa07150cda991f6306e7007f350ee,operator,general_gaussian,NA,NA,general_gaussian,general_gaussian__general_gaussian_int8_10e2__83936d62ed24e086__sym,general_gaussian_int8_10e2,10^2,100,window_positions=[100],INT8,CPU,not_applicable,compatibility/end-to-end,PASS,OK,20,100,66,0.0050099999999999997,true,83936d62ed24e086c128add8ae2373b1606f7f88344db7066c5006b4c183dc37,019c92e110606df204f699394ec2b6486410a2e519e5637303d7fd7f0990f057
1,20260806T115729Z_9ad02548cf6c_stage08_b01_formal_74000018,formal,20260806T115729Z,9ad02548cf6c74fae677c6162b7c4a2db2ac0e88,false,stage08_b01_general_gaussian_scales_v1,5d6f2dd75b763122028b82c7fc144e476d8fa07150cda991f6306e7007f350ee,operator,general_gaussian,NA,NA,general_gaussian,general_gaussian__general_gaussian_int8_10e2__83936d62ed24e086__sym,general_gaussian_int8_10e2,10^2,100,window_positions=[100],INT8,CPU,not_applicable,compatibility/end-to-end,PASS,OK,20,100,67,0.0050299999999999997,true,83936d62ed24e086c128add8ae2373b1606f7f88344db7066c5006b4c183dc37,019c92e110606df204f699394ec2b6486410a2e519e5637303d7fd7f0990f057
1,20260806T115729Z_9ad02548cf6c_stage08_b01_formal_74000018,formal,20260806T115729Z,9ad02548cf6c74fae677c6162b7c4a2db2ac0e88,false,stage08_b01_general_gaussian_scales_v1,5d6f2dd75b763122028b82c7fc144e476d8fa07150cda991f6306e7007f350ee,operator,general_gaussian,NA,NA,general_gaussian,general_gaussian__general_gaussian_int8_10e2__83936d62ed24e086__sym,general_gaussian_int8_10e2,10^2,100,window_positions=[100],INT8,CPU,not_applicable,compatibility/end-to-end,PASS,OK,20,100,68,0.0050000000000000001,true,83936d62ed24e086c128add8ae2373b1606f7f88344db7066c5006b4c183dc37,019c92e110606df204f699394ec2b6486410a2e519e5637303d7fd7f0990f057
1,20260806T115729Z_9ad02548cf6c_stage08_b01_formal_74000018,formal,20260806T115729Z,9ad02548cf6c74fae677c6162b7c4a2db2ac0e88,false,stage08_b01_general_gaussian_scales_v1,5d6f2dd75b763122028b82c7fc144e476d8fa07150cda991f6306e7007f350ee,operator,general_gaussian,NA,NA,general_gaussian,general_gaussian__general_gaussian_int8_10e2__83936d62ed24e086__sym,general_gaussian_int8_10e2,10^2,100,window_positions=[100],INT8,CPU,not_applicable,compatibility/end-to-end,PASS,OK,20,100,69,0.0050299999999999997,true,83936d62ed24e086c128add8ae2373b1606f7f88344db7066c5006b4c183dc37,019c92e110606df204f699394ec2b6486410a2e519e5637303d7fd7f0990f057
1,20260806T115729Z_9ad02548cf6c_stage08_b01_formal_74000018,formal,20260806T115729Z,9ad02548cf6c74fae677c6162b7c4a2db2ac0e88,false,stage08_b01_general_gaussian_scales_v1,5d6f2dd75b763122028b82c7fc144e476d8fa07150cda991f6306e7007f350ee,operator,general_gaussian,NA,NA,general_gaussian,general_gaussian__general_gaussian_int8_10e2__83936d62ed24e086__sym,general_gaussian_int8_10e2,10^2,100,window_positions=[100],INT8,CPU,not_applicable,compatibility/end-to-end,PASS,OK,20,100,70,0.0050000000000000001,true,83936d62ed24e086c128add8ae2373b1606f7f88344db7066c5006b4c183dc37,019c92e110606df204f699394ec2b6486410a2e519e5637303d7fd7f0990f057
1,20260806T115729Z_9ad02548cf6c_stage08_b01_formal_74000018,formal,20260806T115729Z,9ad02548cf6c74fae677c6162b7c4a2db2ac0e88,false,stage08_b01_general_gaussian_scales_v1,5d6f2dd75b763122028b82c7fc144e476d8fa07150cda991f6306e7007f350ee,operator,general_gaussian,NA,NA,general_gaussian,general_gaussian__general_gaussian_int8_10e2__83936d62ed24e086__sym,general_gaussian_int8_10e2,10^2,100,window_positions=[100],INT8,CPU,not_applicable,compatibility/end-to-end,PASS,OK,20,100,71,0.0050299999999999997,true,83936d62ed24e086c128add8ae2373b1606f7f88344db7066c5006b4c183dc37,019c92e110606df204f699394ec2b6486410a2e519e5637303d7fd7f0990f057
1,20260806T115729Z_9ad02548cf6c_stage08_b01_formal_74000018,formal,20260806T115729Z,9ad02548cf6c74fae677c6162b7c4a2db2ac0e88,false,stage08_b01_general_gaussian_scales_v1,5d6f2dd75b763122028b82c7fc144e476d8fa07150cda991f6306e7007f350ee,operator,general_gaussian,NA,NA,general_gaussian,general_gaussian__general_gaussian_int8_10e2__83936d62ed24e086__sym,general_gaussian_int8_10e2,10^2,100,window_positions=[100],INT8,CPU,not_applicable,compatibility/end-to-end,PASS,OK,20,100,72,0.0050099999999999997,true,83936d62ed24e086c128add8ae2373b1606f7f88344db7066c5006b4c183dc37,019c92e110606df204f699394ec2b6486410a2e519e5637303d7fd7f0990f057
1,20260806T115729Z_9ad02548cf6c_stage08_b01_formal_74000018,formal,20260806T115729Z,9ad02548cf6c74fae677c6162b7c4a2db2ac0e88,false,stage08_b01_general_gaussian_scales_v1,5d6f2dd75b763122028b82c7fc144e476d8fa07150cda991f6306e7007f350ee,operator,general_gaussian,NA,NA,general_gaussian,general_gaussian__general_gaussian_int8_10e2__83936d62ed24e086__sym,general_gaussian_int8_10e2,10^2,100,window_positions=[100],INT8,CPU,not_applicable,compatibility/end-to-end,PASS,OK,20,100,73,0.0050299999999999997,true,83936d62ed24e086c128add8ae2373b1606f7f88344db7066c5006b4c183dc37,019c92e110606df204f699394ec2b6486410a2e519e5637303d7fd7f0990f057
1,20260806T115729Z_9ad02548cf6c_stage08_b01_formal_74000018,formal,20260806T115729Z,9ad02548cf6c74fae677c6162b7c4a2db2ac0e88,false,stage08_b01_general_gaussian_scales_v1,5d6f2dd75b763122028b82c7fc144e476d8fa07150cda991f6306e7007f350ee,operator,general_gaussian,NA,NA,general_gaussian,general_gaussian__general_gaussian_int8_10e2__83936d62ed24e086__sym,general_gaussian_int8_10e2,10^2,100,window_positions=[100],INT8,CPU,not_applicable,compatibility/end-to-end,PASS,OK,20,100,74,0.0050099999999999997,true,83936d62ed24e086c128add8ae2373b1606f7f88344db7066c5006b4c183dc37,019c92e110606df204f699394ec2b6486410a2e519e5637303d7fd7f0990f057
1,20260806T115729Z_9ad02548cf6c_stage08_b01_formal_74000018,formal,20260806T115729Z,9ad02548cf6c74fae677c6162b7c4a2db2ac0e88,false,stage08_b01_general_gaussian_scales_v1,5d6f2dd75b763122028b82c7fc144e476d8fa07150cda991f6306e7007f350ee,operator,general_gaussian,NA,NA,general_gaussian,general_gaussian__general_gaussian_int8_10e2__83936d62ed24e086__sym,general_gaussian_int8_10e2,10^2,100,window_positions=[100],INT8,CPU,not_applicable,compatibility/end-to-end,PASS,OK,20,100,75,0.0050299999999999997,true,83936d62ed24e086c128add8ae2373b1606f7f88344db7066c5006b4c183dc37,019c92e110606df204f699394ec2b6486410a2e519e5637303d7fd7f0990f057
1,20260806T115729Z_9ad02548cf6c_stage08_b01_formal_74000018,formal,20260806T115729Z,9ad02548cf6c74fae677c6162b7c4a2db2ac0e88,false,stage08_b01_general_gaussian_scales_v1,5d6f2dd75b763122028b82c7fc144e476d8fa07150cda991f6306e7007f350ee,operator,general_gaussian,NA,NA,general_gaussian,general_gaussian__general_gaussian_int8_10e2__83936d62ed24e086__sym,general_gaussian_int8_10e2,10^2,100,window_positions=[100],INT8,CPU,not_applicable,compatibility/end-to-end,PASS,OK,20,100,76,0.0050000000000000001,true,83936d62ed24e086c128add8ae2373b1606f7f88344db7066c5006b4c183dc37,019c92e110606df204f699394ec2b6486410a2e519e5637303d7fd7f0990f057
1,20260806T115729Z_9ad02548cf6c_stage08_b01_formal_74000018,formal,20260806T115729Z,9ad02548cf6c74fae677c6162b7c4a2db2ac0e88,false,stage08_b01_general_gaussian_scales_v1,5d6f2dd75b763122028b82c7fc144e476d8fa07150cda991f6306e7007f350ee,operator,general_gaussian,NA,NA,general_gaussian,general_gaussian__general_gaussian_int8_10e2__83936d62ed24e086__sym,general_gaussian_int8_10e2,10^2,100,window_positions=[100],INT8,CPU,not_applicable,compatibility/end-to-end,PASS,OK,20,100,77,0.0050299999999999997,true,83936d62ed24e086c128add8ae2373b1606f7f88344db7066c5006b4c183dc37,019c92e110606df204f699394ec2b6486410a2e519e5637303d7fd7f0990f057
1,20260806T115729Z_9ad02548cf6c_stage08_b01_formal_74000018,formal,20260806T115729Z,9ad02548cf6c74fae677c6162b7c4a2db2ac0e88,false,stage08_b01_general_gaussian_scales_v1,5d6f2dd75b763122028b82c7fc144e476d8fa07150cda991f6306e7007f350ee,operator,general_gaussian,NA,NA,general_gaussian,general_gaussian__general_gaussian_int8_10e2__83936d62ed24e086__sym,general_gaussian_int8_10e2,10^2,100,window_positions=[100],INT8,CPU,not_applicable,compatibility/end-to-end,PASS,OK,20,100,78,0.0050099999999999997,true,83936d62ed24e086c128add8ae2373b1606f7f88344db7066c5006b4c183dc37,019c92e110606df204f699394ec2b6486410a2e519e5637303d7fd7f0990f057
1,20260806T115729Z_9ad02548cf6c_stage08_b01_formal_74000018,formal,20260806T115729Z,9ad02548cf6c74fae677c6162b7c4a2db2ac0e88,false,stage08_b01_general_gaussian_scales_v1,5d6f2dd75b763122028b82c7fc144e476d8fa07150cda991f6306e7007f350ee,operator,general_gaussian,NA,NA,general_gaussian,general_gaussian__general_gaussian_int8_10e2__83936d62ed24e086__sym,general_gaussian_int8_10e2,10^2,100,window_positions=[100],INT8,CPU,not_applicable,compatibility/end-to-end,PASS,OK,20,100,79,0.0050309999999999999,true,83936d62ed24e086c128add8ae2373b1606f7f88344db7066c5006b4c183dc37,019c92e110606df204f699394ec2b6486410a2e519e5637303d7fd7f0990f057
1,20260806T115729Z_9ad02548cf6c_stage08_b01_formal_74000018,formal,20260806T115729Z,9ad02548cf6c74fae677c6162b7c4a2db2ac0e88,false,stage08_b01_general_gaussian_scales_v1,5d6f2dd75b763122028b82c7fc144e476d8fa07150cda991f6306e7007f350ee,operator,general_gaussian,NA,NA,general_gaussian,general_gaussian__general_gaussian_int8_10e2__83936d62ed24e086__sym,general_gaussian_int8_10e2,10^2,100,window_positions=[100],INT8,CPU,not_applicable,compatibility/end-to-end,PASS,OK,20,100,80,0.0050299999999999997,true,83936d62ed24e086c128add8ae2373b1606f7f88344db7066c5006b4c183dc37,019c92e110606df204f699394ec2b6486410a2e519e5637303d7fd7f0990f057
1,20260806T115729Z_9ad02548cf6c_stage08_b01_formal_74000018,formal,20260806T115729Z,9ad02548cf6c74fae677c6162b7c4a2db2ac0e88,false,stage08_b01_general_gaussian_scales_v1,5d6f2dd75b763122028b82c7fc144e476d8fa07150cda991f6306e7007f350ee,operator,general_gaussian,NA,NA,general_gaussian,general_gaussian__general_gaussian_int8_10e2__83936d62ed24e086__sym,general_gaussian_int8_10e2,10^2,100,window_positions=[100],INT8,CPU,not_applicable,compatibility/end-to-end,PASS,OK,20,100,81,0.0050299999999999997,true,83936d62ed24e086c128add8ae2373b1606f7f88344db7066c5006b4c183dc37,019c92e110606df204f699394ec2b6486410a2e519e5637303d7fd7f0990f057
1,20260806T115729Z_9ad02548cf6c_stage08_b01_formal_74000018,formal,20260806T115729Z,9ad02548cf6c74fae677c6162b7c4a2db2ac0e88,false,stage08_b01_general_gaussian_scales_v1,5d6f2dd75b763122028b82c7fc144e476d8fa07150cda991f6306e7007f350ee,operator,general_gaussian,NA,NA,general_gaussian,general_gaussian__general_gaussian_int8_10e2__83936d62ed24e086__sym,general_gaussian_int8_10e2,10^2,100,window_positions=[100],INT8,CPU,not_applicable,compatibility/end-to-end,PASS,OK,20,100,82,0.0050000000000000001,true,83936d62ed24e086c128add8ae2373b1606f7f88344db7066c5006b4c183dc37,019c92e110606df204f699394ec2b6486410a2e519e5637303d7fd7f0990f057
1,20260806T115729Z_9ad02548cf6c_stage08_b01_formal_74000018,formal,20260806T115729Z,9ad02548cf6c74fae677c6162b7c4a2db2ac0e88,false,stage08_b01_general_gaussian_scales_v1,5d6f2dd75b763122028b82c7fc144e476d8fa07150cda991f6306e7007f350ee,operator,general_gaussian,NA,NA,general_gaussian,general_gaussian__general_gaussian_int8_10e2__83936d62ed24e086__sym,general_gaussian_int8_10e2,10^2,100,window_positions=[100],INT8,CPU,not_applicable,compatibility/end-to-end,PASS,OK,20,100,83,0.0050299999999999997,true,83936d62ed24e086c128add8ae2373b1606f7f88344db7066c5006b4c183dc37,019c92e110606df204f699394ec2b6486410a2e519e5637303d7fd7f0990f057
1,20260806T115729Z_9ad02548cf6c_stage08_b01_formal_74000018,formal,20260806T115729Z,9ad02548cf6c74fae677c6162b7c4a2db2ac0e88,false,stage08_b01_general_gaussian_scales_v1,5d6f2dd75b763122028b82c7fc144e476d8fa07150cda991f6306e7007f350ee,operator,general_gaussian,NA,NA,general_gaussian,general_gaussian__general_gaussian_int8_10e2__83936d62ed24e086__sym,general_gaussian_int8_10e2,10^2,100,window_positions=[100],INT8,CPU,not_applicable,compatibility/end-to-end,PASS,OK,20,100,84,0.0050000000000000001,true,83936d62ed24e086c128add8ae2373b1606f7f88344db7066c5006b4c183dc37,019c92e110606df204f699394ec2b6486410a2e519e5637303d7fd7f0990f057
1,20260806T115729Z_9ad02548cf6c_stage08_b01_formal_74000018,formal,20260806T115729Z,9ad02548cf6c74fae677c6162b7c4a2db2ac0e88,false,stage08_b01_general_gaussian_scales_v1,5d6f2dd75b763122028b82c7fc144e476d8fa07150cda991f6306e7007f350ee,operator,general_gaussian,NA,NA,general_gaussian,general_gaussian__general_gaussian_int8_10e2__83936d62ed24e086__sym,general_gaussian_int8_10e2,10^2,100,window_positions=[100],INT8,CPU,not_applicable,compatibility/end-to-end,PASS,OK,20,100,85,0.0050299999999999997,true,83936d62ed24e086c128add8ae2373b1606f7f88344db7066c5006b4c183dc37,019c92e110606df204f699394ec2b6486410a2e519e5637303d7fd7f0990f057
1,20260806T115729Z_9ad02548cf6c_stage08_b01_formal_74000018,formal,20260806T115729Z,9ad02548cf6c74fae677c6162b7c4a2db2ac0e88,false,stage08_b01_general_gaussian_scales_v1,5d6f2dd75b763122028b82c7fc144e476d8fa07150cda991f6306e7007f350ee,operator,general_gaussian,NA,NA,general_gaussian,general_gaussian__general_gaussian_int8_10e2__83936d62ed24e086__sym,general_gaussian_int8_10e2,10^2,100,window_positions=[100],INT8,CPU,not_applicable,compatibility/end-to-end,PASS,OK,20,100,86,0.0050099999999999997,true,83936d62ed24e086c128add8ae2373b1606f7f88344db7066c5006b4c183dc37,019c92e110606df204f699394ec2b6486410a2e519e5637303d7fd7f0990f057
1,20260806T115729Z_9ad02548cf6c_stage08_b01_formal_74000018,formal,20260806T115729Z,9ad02548cf6c74fae677c6162b7c4a2db2ac0e88,false,stage08_b01_general_gaussian_scales_v1,5d6f2dd75b763122028b82c7fc144e476d8fa07150cda991f6306e7007f350ee,operator,general_gaussian,NA,NA,general_gaussian,general_gaussian__general_gaussian_int8_10e2__83936d62ed24e086__sym,general_gaussian_int8_10e2,10^2,100,window_positions=[100],INT8,CPU,not_applicable,compatibility/end-to-end,PASS,OK,20,100,87,0.0050299999999999997,true,83936d62ed24e086c128add8ae2373b1606f7f88344db7066c5006b4c183dc37,019c92e110606df204f699394ec2b6486410a2e519e5637303d7fd7f0990f057
1,20260806T115729Z_9ad02548cf6c_stage08_b01_formal_74000018,formal,20260806T115729Z,9ad02548cf6c74fae677c6162b7c4a2db2ac0e88,false,stage08_b01_general_gaussian_scales_v1,5d6f2dd75b763122028b82c7fc144e476d8fa07150cda991f6306e7007f350ee,operator,general_gaussian,NA,NA,general_gaussian,general_gaussian__general_gaussian_int8_10e2__83936d62ed24e086__sym,general_gaussian_int8_10e2,10^2,100,window_positions=[100],INT8,CPU,not_applicable,compatibility/end-to-end,PASS,OK,20,100,88,0.0050099999999999997,true,83936d62ed24e086c128add8ae2373b1606f7f88344db7066c5006b4c183dc37,019c92e110606df204f699394ec2b6486410a2e519e5637303d7fd7f0990f057
1,20260806T115729Z_9ad02548cf6c_stage08_b01_formal_74000018,formal,20260806T115729Z,9ad02548cf6c74fae677c6162b7c4a2db2ac0e88,false,stage08_b01_general_gaussian_scales_v1,5d6f2dd75b763122028b82c7fc144e476d8fa07150cda991f6306e7007f350ee,operator,general_gaussian,NA,NA,general_gaussian,general_gaussian__general_gaussian_int8_10e2__83936d62ed24e086__sym,general_gaussian_int8_10e2,10^2,100,window_positions=[100],INT8,CPU,not_applicable,compatibility/end-to-end,PASS,OK,20,100,89,0.0050299999999999997,true,83936d62ed24e086c128add8ae2373b1606f7f88344db7066c5006b4c183dc37,019c92e110606df204f699394ec2b6486410a2e519e5637303d7fd7f0990f057
1,20260806T115729Z_9ad02548cf6c_stage08_b01_formal_74000018,formal,20260806T115729Z,9ad02548cf6c74fae677c6162b7c4a2db2ac0e88,false,stage08_b01_general_gaussian_scales_v1,5d6f2dd75b763122028b82c7fc144e476d8fa07150cda991f6306e7007f350ee,operator,general_gaussian,NA,NA,general_gaussian,general_gaussian__general_gaussian_int8_10e2__83936d62ed24e086__sym,general_gaussian_int8_10e2,10^2,100,window_positions=[100],INT8,CPU,not_applicable,compatibility/end-to-end,PASS,OK,20,100,90,0.0050000000000000001,true,83936d62ed24e086c128add8ae2373b1606f7f88344db7066c5006b4c183dc37,019c92e110606df204f699394ec2b6486410a2e519e5637303d7fd7f0990f057
1,20260806T115729Z_9ad02548cf6c_stage08_b01_formal_74000018,formal,20260806T115729Z,9ad02548cf6c74fae677c6162b7c4a2db2ac0e88,false,stage08_b01_general_gaussian_scales_v1,5d6f2dd75b763122028b82c7fc144e476d8fa07150cda991f6306e7007f350ee,operator,general_gaussian,NA,NA,general_gaussian,general_gaussian__general_gaussian_int8_10e2__83936d62ed24e086__sym,general_gaussian_int8_10e2,10^2,100,window_positions=[100],INT8,CPU,not_applicable,compatibility/end-to-end,PASS,OK,20,100,91,0.0050299999999999997,true,83936d62ed24e086c128add8ae2373b1606f7f88344db7066c5006b4c183dc37,019c92e110606df204f699394ec2b6486410a2e519e5637303d7fd7f0990f057
1,20260806T115729Z_9ad02548cf6c_stage08_b01_formal_74000018,formal,20260806T115729Z,9ad02548cf6c74fae677c6162b7c4a2db2ac0e88,false,stage08_b01_general_gaussian_scales_v1,5d6f2dd75b763122028b82c7fc144e476d8fa07150cda991f6306e7007f350ee,operator,general_gaussian,NA,NA,general_gaussian,general_gaussian__general_gaussian_int8_10e2__83936d62ed24e086__sym,general_gaussian_int8_10e2,10^2,100,window_positions=[100],INT8,CPU,not_applicable,compatibility/end-to-end,PASS,OK,20,100,92,0.0050099999999999997,true,83936d62ed24e086c128add8ae2373b1606f7f88344db7066c5006b4c183dc37,019c92e110606df204f699394ec2b6486410a2e519e5637303d7fd7f0990f057
1,20260806T115729Z_9ad02548cf6c_stage08_b01_formal_74000018,formal,20260806T115729Z,9ad02548cf6c74fae677c6162b7c4a2db2ac0e88,false,stage08_b01_general_gaussian_scales_v1,5d6f2dd75b763122028b82c7fc144e476d8fa07150cda991f6306e7007f350ee,operator,general_gaussian,NA,NA,general_gaussian,general_gaussian__general_gaussian_int8_10e2__83936d62ed24e086__sym,general_gaussian_int8_10e2,10^2,100,window_positions=[100],INT8,CPU,not_applicable,compatibility/end-to-end,PASS,OK,20,100,93,0.0050309999999999999,true,83936d62ed24e086c128add8ae2373b1606f7f88344db7066c5006b4c183dc37,019c92e110606df204f699394ec2b6486410a2e519e5637303d7fd7f0990f057
1,20260806T115729Z_9ad02548cf6c_stage08_b01_formal_74000018,formal,20260806T115729Z,9ad02548cf6c74fae677c6162b7c4a2db2ac0e88,false,stage08_b01_general_gaussian_scales_v1,5d6f2dd75b763122028b82c7fc144e476d8fa07150cda991f6306e7007f350ee,operator,general_gaussian,NA,NA,general_gaussian,general_gaussian__general_gaussian_int8_10e2__83936d62ed24e086__sym,general_gaussian_int8_10e2,10^2,100,window_positions=[100],INT8,CPU,not_applicable,compatibility/end-to-end,PASS,OK,20,100,94,0.0050000000000000001,true,83936d62ed24e086c128add8ae2373b1606f7f88344db7066c5006b4c183dc37,019c92e110606df204f699394ec2b6486410a2e519e5637303d7fd7f0990f057
1,20260806T115729Z_9ad02548cf6c_stage08_b01_formal_74000018,formal,20260806T115729Z,9ad02548cf6c74fae677c6162b7c4a2db2ac0e88,false,stage08_b01_general_gaussian_scales_v1,5d6f2dd75b763122028b82c7fc144e476d8fa07150cda991f6306e7007f350ee,operator,general_gaussian,NA,NA,general_gaussian,general_gaussian__general_gaussian_int8_10e2__83936d62ed24e086__sym,general_gaussian_int8_10e2,10^2,100,window_positions=[100],INT8,CPU,not_applicable,compatibility/end-to-end,PASS,OK,20,100,95,0.0050299999999999997,true,83936d62ed24e086c128add8ae2373b1606f7f88344db7066c5006b4c183dc37,019c92e110606df204f699394ec2b6486410a2e519e5637303d7fd7f0990f057
1,20260806T115729Z_9ad02548cf6c_stage08_b01_formal_74000018,formal,20260806T115729Z,9ad02548cf6c74fae677c6162b7c4a2db2ac0e88,false,stage08_b01_general_gaussian_scales_v1,5d6f2dd75b763122028b82c7fc144e476d8fa07150cda991f6306e7007f350ee,operator,general_gaussian,NA,NA,general_gaussian,general_gaussian__general_gaussian_int8_10e2__83936d62ed24e086__sym,general_gaussian_int8_10e2,10^2,100,window_positions=[100],INT8,CPU,not_applicable,compatibility/end-to-end,PASS,OK,20,100,96,0.0050000000000000001,true,83936d62ed24e086c128add8ae2373b1606f7f88344db7066c5006b4c183dc37,019c92e110606df204f699394ec2b6486410a2e519e5637303d7fd7f0990f057
1,20260806T115729Z_9ad02548cf6c_stage08_b01_formal_74000018,formal,20260806T115729Z,9ad02548cf6c74fae677c6162b7c4a2db2ac0e88,false,stage08_b01_general_gaussian_scales_v1,5d6f2dd75b763122028b82c7fc144e476d8fa07150cda991f6306e7007f350ee,operator,general_gaussian,NA,NA,general_gaussian,general_gaussian__general_gaussian_int8_10e2__83936d62ed24e086__sym,general_gaussian_int8_10e2,10^2,100,window_positions=[100],INT8,CPU,not_applicable,compatibility/end-to-end,PASS,OK,20,100,97,0.0050299999999999997,true,83936d62ed24e086c128add8ae2373b1606f7f88344db7066c5006b4c183dc37,019c92e110606df204f699394ec2b6486410a2e519e5637303d7fd7f0990f057
1,20260806T115729Z_9ad02548cf6c_stage08_b01_formal_74000018,formal,20260806T115729Z,9ad02548cf6c74fae677c6162b7c4a2db2ac0e88,false,stage08_b01_general_gaussian_scales_v1,5d6f2dd75b763122028b82c7fc144e476d8fa07150cda991f6306e7007f350ee,operator,general_gaussian,NA,NA,general_gaussian,general_gaussian__general_gaussian_int8_10e2__83936d62ed24e086__sym,general_gaussian_int8_10e2,10^2,100,window_positions=[100],INT8,CPU,not_applicable,compatibility/end-to-end,PASS,OK,20,100,98,0.0050099999999999997,true,83936d62ed24e086c128add8ae2373b1606f7f88344db7066c5006b4c183dc37,019c92e110606df204f699394ec2b6486410a2e519e5637303d7fd7f0990f057
1,20260806T115729Z_9ad02548cf6c_stage08_b01_formal_74000018,formal,20260806T115729Z,9ad02548cf6c74fae677c6162b7c4a2db2ac0e88,false,stage08_b01_general_gaussian_scales_v1,5d6f2dd75b763122028b82c7fc144e476d8fa07150cda991f6306e7007f350ee,operator,general_gaussian,NA,NA,general_gaussian,general_gaussian__general_gaussian_int8_10e2__83936d62ed24e086__sym,general_gaussian_int8_10e2,10^2,100,window_positions=[100],INT8,CPU,not_applicable,compatibility/end-to-end,PASS,OK,20,100,99,0.0050299999999999997,true,83936d62ed24e086c128add8ae2373b1606f7f88344db7066c5006b4c183dc37,019c92e110606df204f699394ec2b6486410a2e519e5637303d7fd7f0990f057
1,20260806T115729Z_9ad02548cf6c_stage08_b01_formal_74000018,formal,20260806T115729Z,9ad02548cf6c74fae677c6162b7c4a2db2ac0e88,false,stage08_b01_general_gaussian_scales_v1,5d6f2dd75b763122028b82c7fc144e476d8fa07150cda991f6306e7007f350ee,operator,general_gaussian,NA,NA,general_gaussian,general_gaussian__general_gaussian_int8_10e2__83936d62ed24e086__sym,general_gaussian_int8_10e2,10^2,100,window_positions=[100],INT8,GPU,not_applicable,compatibility/end-to-end,PASS,OK,20,100,0,0.25768400000000002,true,83936d62ed24e086c128add8ae2373b1606f7f88344db7066c5006b4c183dc37,668dd4815dbf1adf4a2cdd0785f1687dd702d8abb54fd213a5ac72e86fc03166
1,20260806T115729Z_9ad02548cf6c_stage08_b01_formal_74000018,formal,20260806T115729Z,9ad02548cf6c74fae677c6162b7c4a2db2ac0e88,false,stage08_b01_general_gaussian_scales_v1,5d6f2dd75b763122028b82c7fc144e476d8fa07150cda991f6306e7007f350ee,operator,general_gaussian,NA,NA,general_gaussian,general_gaussian__general_gaussian_int8_10e2__83936d62ed24e086__sym,general_gaussian_int8_10e2,10^2,100,window_positions=[100],INT8,GPU,not_applicable,compatibility/end-to-end,PASS,OK,20,100,1,0.24255299999999999,true,83936d62ed24e086c128add8ae2373b1606f7f88344db7066c5006b4c183dc37,668dd4815dbf1adf4a2cdd0785f1687dd702d8abb54fd213a5ac72e86fc03166
1,20260806T115729Z_9ad02548cf6c_stage08_b01_formal_74000018,formal,20260806T115729Z,9ad02548cf6c74fae677c6162b7c4a2db2ac0e88,false,stage08_b01_general_gaussian_scales_v1,5d6f2dd75b763122028b82c7fc144e476d8fa07150cda991f6306e7007f350ee,operator,general_gaussian,NA,NA,general_gaussian,general_gaussian__general_gaussian_int8_10e2__83936d62ed24e086__sym,general_gaussian_int8_10e2,10^2,100,window_positions=[100],INT8,GPU,not_applicable,compatibility/end-to-end,PASS,OK,20,100,2,0.242143,true,83936d62ed24e086c128add8ae2373b1606f7f88344db7066c5006b4c183dc37,668dd4815dbf1adf4a2cdd0785f1687dd702d8abb54fd213a5ac72e86fc03166
1,20260806T115729Z_9ad02548cf6c_stage08_b01_formal_74000018,formal,20260806T115729Z,9ad02548cf6c74fae677c6162b7c4a2db2ac0e88,false,stage08_b01_general_gaussian_scales_v1,5d6f2dd75b763122028b82c7fc144e476d8fa07150cda991f6306e7007f350ee,operator,general_gaussian,NA,NA,general_gaussian,general_gaussian__general_gaussian_int8_10e2__83936d62ed24e086__sym,general_gaussian_int8_10e2,10^2,100,window_positions=[100],INT8,GPU,not_applicable,compatibility/end-to-end,PASS,OK,20,100,3,0.246304,true,83936d62ed24e086c128add8ae2373b1606f7f88344db7066c5006b4c183dc37,668dd4815dbf1adf4a2cdd0785f1687dd702d8abb54fd213a5ac72e86fc03166
1,20260806T115729Z_9ad02548cf6c_stage08_b01_formal_74000018,formal,20260806T115729Z,9ad02548cf6c74fae677c6162b7c4a2db2ac0e88,false,stage08_b01_general_gaussian_scales_v1,5d6f2dd75b763122028b82c7fc144e476d8fa07150cda991f6306e7007f350ee,operator,general_gaussian,NA,NA,general_gaussian,general_gaussian__general_gaussian_int8_10e2__83936d62ed24e086__sym,general_gaussian_int8_10e2,10^2,100,window_positions=[100],INT8,GPU,not_applicable,compatibility/end-to-end,PASS,OK,20,100,4,0.24720300000000001,true,83936d62ed24e086c128add8ae2373b1606f7f88344db7066c5006b4c183dc37,668dd4815dbf1adf4a2cdd0785f1687dd702d8abb54fd213a5ac72e86fc03166
1,20260806T115729Z_9ad02548cf6c_stage08_b01_formal_74000018,formal,20260806T115729Z,9ad02548cf6c74fae677c6162b7c4a2db2ac0e88,false,stage08_b01_general_gaussian_scales_v1,5d6f2dd75b763122028b82c7fc144e476d8fa07150cda991f6306e7007f350ee,operator,general_gaussian,NA,NA,general_gaussian,general_gaussian__general_gaussian_int8_10e2__83936d62ed24e086__sym,general_gaussian_int8_10e2,10^2,100,window_positions=[100],INT8,GPU,not_applicable,compatibility/end-to-end,PASS,OK,20,100,5,0.244834,true,83936d62ed24e086c128add8ae2373b1606f7f88344db7066c5006b4c183dc37,668dd4815dbf1adf4a2cdd0785f1687dd702d8abb54fd213a5ac72e86fc03166
1,20260806T115729Z_9ad02548cf6c_stage08_b01_formal_74000018,formal,20260806T115729Z,9ad02548cf6c74fae677c6162b7c4a2db2ac0e88,false,stage08_b01_general_gaussian_scales_v1,5d6f2dd75b763122028b82c7fc144e476d8fa07150cda991f6306e7007f350ee,operator,general_gaussian,NA,NA,general_gaussian,general_gaussian__general_gaussian_int8_10e2__83936d62ed24e086__sym,general_gaussian_int8_10e2,10^2,100,window_positions=[100],INT8,GPU,not_applicable,compatibility/end-to-end,PASS,OK,20,100,6,0.24637300000000001,true,83936d62ed24e086c128add8ae2373b1606f7f88344db7066c5006b4c183dc37,668dd4815dbf1adf4a2cdd0785f1687dd702d8abb54fd213a5ac72e86fc03166
1,20260806T115729Z_9ad02548cf6c_stage08_b01_formal_74000018,formal,20260806T115729Z,9ad02548cf6c74fae677c6162b7c4a2db2ac0e88,false,stage08_b01_general_gaussian_scales_v1,5d6f2dd75b763122028b82c7fc144e476d8fa07150cda991f6306e7007f350ee,operator,general_gaussian,NA,NA,general_gaussian,general_gaussian__general_gaussian_int8_10e2__83936d62ed24e086__sym,general_gaussian_int8_10e2,10^2,100,window_positions=[100],INT8,GPU,not_applicable,compatibility/end-to-end,PASS,OK,20,100,7,0.245953,true,83936d62ed24e086c128add8ae2373b1606f7f88344db7066c5006b4c183dc37,668dd4815dbf1adf4a2cdd0785f1687dd702d8abb54fd213a5ac72e86fc03166
1,20260806T115729Z_9ad02548cf6c_stage08_b01_formal_74000018,formal,20260806T115729Z,9ad02548cf6c74fae677c6162b7c4a2db2ac0e88,false,stage08_b01_general_gaussian_scales_v1,5d6f2dd75b763122028b82c7fc144e476d8fa07150cda991f6306e7007f350ee,operator,general_gaussian,NA,NA,general_gaussian,general_gaussian__general_gaussian_int8_10e2__83936d62ed24e086__sym,general_gaussian_int8_10e2,10^2,100,window_positions=[100],INT8,GPU,not_applicable,compatibility/end-to-end,PASS,OK,20,100,8,0.25312400000000002,true,83936d62ed24e086c128add8ae2373b1606f7f88344db7066c5006b4c183dc37,668dd4815dbf1adf4a2cdd0785f1687dd702d8abb54fd213a5ac72e86fc03166
1,20260806T115729Z_9ad02548cf6c_stage08_b01_formal_74000018,formal,20260806T115729Z,9ad02548cf6c74fae677c6162b7c4a2db2ac0e88,false,stage08_b01_general_gaussian_scales_v1,5d6f2dd75b763122028b82c7fc144e476d8fa07150cda991f6306e7007f350ee,operator,general_gaussian,NA,NA,general_gaussian,general_gaussian__general_gaussian_int8_10e2__83936d62ed24e086__sym,general_gaussian_int8_10e2,10^2,100,window_positions=[100],INT8,GPU,not_applicable,compatibility/end-to-end,PASS,OK,20,100,9,0.242863,true,83936d62ed24e086c128add8ae2373b1606f7f88344db7066c5006b4c183dc37,668dd4815dbf1adf4a2cdd0785f1687dd702d8abb54fd213a5ac72e86fc03166
1,20260806T115729Z_9ad02548cf6c_stage08_b01_formal_74000018,formal,20260806T115729Z,9ad02548cf6c74fae677c6162b7c4a2db2ac0e88,false,stage08_b01_general_gaussian_scales_v1,5d6f2dd75b763122028b82c7fc144e476d8fa07150cda991f6306e7007f350ee,operator,general_gaussian,NA,NA,general_gaussian,general_gaussian__general_gaussian_int8_10e2__83936d62ed24e086__sym,general_gaussian_int8_10e2,10^2,100,window_positions=[100],INT8,GPU,not_applicable,compatibility/end-to-end,PASS,OK,20,100,10,0.243753,true,83936d62ed24e086c128add8ae2373b1606f7f88344db7066c5006b4c183dc37,668dd4815dbf1adf4a2cdd0785f1687dd702d8abb54fd213a5ac72e86fc03166
1,20260806T115729Z_9ad02548cf6c_stage08_b01_formal_74000018,formal,20260806T115729Z,9ad02548cf6c74fae677c6162b7c4a2db2ac0e88,false,stage08_b01_general_gaussian_scales_v1,5d6f2dd75b763122028b82c7fc144e476d8fa07150cda991f6306e7007f350ee,operator,general_gaussian,NA,NA,general_gaussian,general_gaussian__general_gaussian_int8_10e2__83936d62ed24e086__sym,general_gaussian_int8_10e2,10^2,100,window_positions=[100],INT8,GPU,not_applicable,compatibility/end-to-end,PASS,OK,20,100,11,0.25270399999999998,true,83936d62ed24e086c128add8ae2373b1606f7f88344db7066c5006b4c183dc37,668dd4815dbf1adf4a2cdd0785f1687dd702d8abb54fd213a5ac72e86fc03166
1,20260806T115729Z_9ad02548cf6c_stage08_b01_formal_74000018,formal,20260806T115729Z,9ad02548cf6c74fae677c6162b7c4a2db2ac0e88,false,stage08_b01_general_gaussian_scales_v1,5d6f2dd75b763122028b82c7fc144e476d8fa07150cda991f6306e7007f350ee,operator,general_gaussian,NA,NA,general_gaussian,general_gaussian__general_gaussian_int8_10e2__83936d62ed24e086__sym,general_gaussian_int8_10e2,10^2,100,window_positions=[100],INT8,GPU,not_applicable,compatibility/end-to-end,PASS,OK,20,100,12,0.24995300000000001,true,83936d62ed24e086c128add8ae2373b1606f7f88344db7066c5006b4c183dc37,668dd4815dbf1adf4a2cdd0785f1687dd702d8abb54fd213a5ac72e86fc03166
1,20260806T115729Z_9ad02548cf6c_stage08_b01_formal_74000018,formal,20260806T115729Z,9ad02548cf6c74fae677c6162b7c4a2db2ac0e88,false,stage08_b01_general_gaussian_scales_v1,5d6f2dd75b763122028b82c7fc144e476d8fa07150cda991f6306e7007f350ee,operator,general_gaussian,NA,NA,general_gaussian,general_gaussian__general_gaussian_int8_10e2__83936d62ed24e086__sym,general_gaussian_int8_10e2,10^2,100,window_positions=[100],INT8,GPU,not_applicable,compatibility/end-to-end,PASS,OK,20,100,13,0.244894,true,83936d62ed24e086c128add8ae2373b1606f7f88344db7066c5006b4c183dc37,668dd4815dbf1adf4a2cdd0785f1687dd702d8abb54fd213a5ac72e86fc03166
1,20260806T115729Z_9ad02548cf6c_stage08_b01_formal_74000018,formal,20260806T115729Z,9ad02548cf6c74fae677c6162b7c4a2db2ac0e88,false,stage08_b01_general_gaussian_scales_v1,5d6f2dd75b763122028b82c7fc144e476d8fa07150cda991f6306e7007f350ee,operator,general_gaussian,NA,NA,general_gaussian,general_gaussian__general_gaussian_int8_10e2__83936d62ed24e086__sym,general_gaussian_int8_10e2,10^2,100,window_positions=[100],INT8,GPU,not_applicable,compatibility/end-to-end,PASS,OK,20,100,14,0.248833,true,83936d62ed24e086c128add8ae2373b1606f7f88344db7066c5006b4c183dc37,668dd4815dbf1adf4a2cdd0785f1687dd702d8abb54fd213a5ac72e86fc03166
1,20260806T115729Z_9ad02548cf6c_stage08_b01_formal_74000018,formal,20260806T115729Z,9ad02548cf6c74fae677c6162b7c4a2db2ac0e88,false,stage08_b01_general_gaussian_scales_v1,5d6f2dd75b763122028b82c7fc144e476d8fa07150cda991f6306e7007f350ee,operator,general_gaussian,NA,NA,general_gaussian,general_gaussian__general_gaussian_int8_10e2__83936d62ed24e086__sym,general_gaussian_int8_10e2,10^2,100,window_positions=[100],INT8,GPU,not_applicable,compatibility/end-to-end,PASS,OK,20,100,15,0.24185300000000001,true,83936d62ed24e086c128add8ae2373b1606f7f88344db7066c5006b4c183dc37,668dd4815dbf1adf4a2cdd0785f1687dd702d8abb54fd213a5ac72e86fc03166
1,20260806T115729Z_9ad02548cf6c_stage08_b01_formal_74000018,formal,20260806T115729Z,9ad02548cf6c74fae677c6162b7c4a2db2ac0e88,false,stage08_b01_general_gaussian_scales_v1,5d6f2dd75b763122028b82c7fc144e476d8fa07150cda991f6306e7007f350ee,operator,general_gaussian,NA,NA,general_gaussian,general_gaussian__general_gaussian_int8_10e2__83936d62ed24e086__sym,general_gaussian_int8_10e2,10^2,100,window_positions=[100],INT8,GPU,not_applicable,compatibility/end-to-end,PASS,OK,20,100,16,0.24190300000000001,true,83936d62ed24e086c128add8ae2373b1606f7f88344db7066c5006b4c183dc37,668dd4815dbf1adf4a2cdd0785f1687dd702d8abb54fd213a5ac72e86fc03166
1,20260806T115729Z_9ad02548cf6c_stage08_b01_formal_74000018,formal,20260806T115729Z,9ad02548cf6c74fae677c6162b7c4a2db2ac0e88,false,stage08_b01_general_gaussian_scales_v1,5d6f2dd75b763122028b82c7fc144e476d8fa07150cda991f6306e7007f350ee,operator,general_gaussian,NA,NA,general_gaussian,general_gaussian__general_gaussian_int8_10e2__83936d62ed24e086__sym,general_gaussian_int8_10e2,10^2,100,window_positions=[100],INT8,GPU,not_applicable,compatibility/end-to-end,PASS,OK,20,100,17,0.24746299999999999,true,83936d62ed24e086c128add8ae2373b1606f7f88344db7066c5006b4c183dc37,668dd4815dbf1adf4a2cdd0785f1687dd702d8abb54fd213a5ac72e86fc03166
1,20260806T115729Z_9ad02548cf6c_stage08_b01_formal_74000018,formal,20260806T115729Z,9ad02548cf6c74fae677c6162b7c4a2db2ac0e88,false,stage08_b01_general_gaussian_scales_v1,5d6f2dd75b763122028b82c7fc144e476d8fa07150cda991f6306e7007f350ee,operator,general_gaussian,NA,NA,general_gaussian,general_gaussian__general_gaussian_int8_10e2__83936d62ed24e086__sym,general_gaussian_int8_10e2,10^2,100,window_positions=[100],INT8,GPU,not_applicable,compatibility/end-to-end,PASS,OK,20,100,18,0.245223,true,83936d62ed24e086c128add8ae2373b1606f7f88344db7066c5006b4c183dc37,668dd4815dbf1adf4a2cdd0785f1687dd702d8abb54fd213a5ac72e86fc03166
1,20260806T115729Z_9ad02548cf6c_stage08_b01_formal_74000018,formal,20260806T115729Z,9ad02548cf6c74fae677c6162b7c4a2db2ac0e88,false,stage08_b01_general_gaussian_scales_v1,5d6f2dd75b763122028b82c7fc144e476d8fa07150cda991f6306e7007f350ee,operator,general_gaussian,NA,NA,general_gaussian,general_gaussian__general_gaussian_int8_10e2__83936d62ed24e086__sym,general_gaussian_int8_10e2,10^2,100,window_positions=[100],INT8,GPU,not_applicable,compatibility/end-to-end,PASS,OK,20,100,19,0.250444,true,83936d62ed24e086c128add8ae2373b1606f7f88344db7066c5006b4c183dc37,668dd4815dbf1adf4a2cdd0785f1687dd702d8abb54fd213a5ac72e86fc03166
1,20260806T115729Z_9ad02548cf6c_stage08_b01_formal_74000018,formal,20260806T115729Z,9ad02548cf6c74fae677c6162b7c4a2db2ac0e88,false,stage08_b01_general_gaussian_scales_v1,5d6f2dd75b763122028b82c7fc144e476d8fa07150cda991f6306e7007f350ee,operator,general_gaussian,NA,NA,general_gaussian,general_gaussian__general_gaussian_int8_10e2__83936d62ed24e086__sym,general_gaussian_int8_10e2,10^2,100,window_positions=[100],INT8,GPU,not_applicable,compatibility/end-to-end,PASS,OK,20,100,20,0.24283299999999999,true,83936d62ed24e086c128add8ae2373b1606f7f88344db7066c5006b4c183dc37,668dd4815dbf1adf4a2cdd0785f1687dd702d8abb54fd213a5ac72e86fc03166
1,20260806T115729Z_9ad02548cf6c_stage08_b01_formal_74000018,formal,20260806T115729Z,9ad02548cf6c74fae677c6162b7c4a2db2ac0e88,false,stage08_b01_general_gaussian_scales_v1,5d6f2dd75b763122028b82c7fc144e476d8fa07150cda991f6306e7007f350ee,operator,general_gaussian,NA,NA,general_gaussian,general_gaussian__general_gaussian_int8_10e2__83936d62ed24e086__sym,general_gaussian_int8_10e2,10^2,100,window_positions=[100],INT8,GPU,not_applicable,compatibility/end-to-end,PASS,OK,20,100,21,0.24427299999999999,true,83936d62ed24e086c128add8ae2373b1606f7f88344db7066c5006b4c183dc37,668dd4815dbf1adf4a2cdd0785f1687dd702d8abb54fd213a5ac72e86fc03166
1,20260806T115729Z_9ad02548cf6c_stage08_b01_formal_74000018,formal,20260806T115729Z,9ad02548cf6c74fae677c6162b7c4a2db2ac0e88,false,stage08_b01_general_gaussian_scales_v1,5d6f2dd75b763122028b82c7fc144e476d8fa07150cda991f6306e7007f350ee,operator,general_gaussian,NA,NA,general_gaussian,general_gaussian__general_gaussian_int8_10e2__83936d62ed24e086__sym,general_gaussian_int8_10e2,10^2,100,window_positions=[100],INT8,GPU,not_applicable,compatibility/end-to-end,PASS,OK,20,100,22,0.24258299999999999,true,83936d62ed24e086c128add8ae2373b1606f7f88344db7066c5006b4c183dc37,668dd4815dbf1adf4a2cdd0785f1687dd702d8abb54fd213a5ac72e86fc03166
1,20260806T115729Z_9ad02548cf6c_stage08_b01_formal_74000018,formal,20260806T115729Z,9ad02548cf6c74fae677c6162b7c4a2db2ac0e88,false,stage08_b01_general_gaussian_scales_v1,5d6f2dd75b763122028b82c7fc144e476d8fa07150cda991f6306e7007f350ee,operator,general_gaussian,NA,NA,general_gaussian,general_gaussian__general_gaussian_int8_10e2__83936d62ed24e086__sym,general_gaussian_int8_10e2,10^2,100,window_positions=[100],INT8,GPU,not_applicable,compatibility/end-to-end,PASS,OK,20,100,23,0.24246300000000001,true,83936d62ed24e086c128add8ae2373b1606f7f88344db7066c5006b4c183dc37,668dd4815dbf1adf4a2cdd0785f1687dd702d8abb54fd213a5ac72e86fc03166
1,20260806T115729Z_9ad02548cf6c_stage08_b01_formal_74000018,formal,20260806T115729Z,9ad02548cf6c74fae677c6162b7c4a2db2ac0e88,false,stage08_b01_general_gaussian_scales_v1,5d6f2dd75b763122028b82c7fc144e476d8fa07150cda991f6306e7007f350ee,operator,general_gaussian,NA,NA,general_gaussian,general_gaussian__general_gaussian_int8_10e2__83936d62ed24e086__sym,general_gaussian_int8_10e2,10^2,100,window_positions=[100],INT8,GPU,not_applicable,compatibility/end-to-end,PASS,OK,20,100,24,0.243033,true,83936d62ed24e086c128add8ae2373b1606f7f88344db7066c5006b4c183dc37,668dd4815dbf1adf4a2cdd0785f1687dd702d8abb54fd213a5ac72e86fc03166
1,20260806T115729Z_9ad02548cf6c_stage08_b01_formal_74000018,formal,20260806T115729Z,9ad02548cf6c74fae677c6162b7c4a2db2ac0e88,false,stage08_b01_general_gaussian_scales_v1,5d6f2dd75b763122028b82c7fc144e476d8fa07150cda991f6306e7007f350ee,operator,general_gaussian,NA,NA,general_gaussian,general_gaussian__general_gaussian_int8_10e2__83936d62ed24e086__sym,general_gaussian_int8_10e2,10^2,100,window_positions=[100],INT8,GPU,not_applicable,compatibility/end-to-end,PASS,OK,20,100,25,0.245754,true,83936d62ed24e086c128add8ae2373b1606f7f88344db7066c5006b4c183dc37,668dd4815dbf1adf4a2cdd0785f1687dd702d8abb54fd213a5ac72e86fc03166
1,20260806T115729Z_9ad02548cf6c_stage08_b01_formal_74000018,formal,20260806T115729Z,9ad02548cf6c74fae677c6162b7c4a2db2ac0e88,false,stage08_b01_general_gaussian_scales_v1,5d6f2dd75b763122028b82c7fc144e476d8fa07150cda991f6306e7007f350ee,operator,general_gaussian,NA,NA,general_gaussian,general_gaussian__general_gaussian_int8_10e2__83936d62ed24e086__sym,general_gaussian_int8_10e2,10^2,100,window_positions=[100],INT8,GPU,not_applicable,compatibility/end-to-end,PASS,OK,20,100,26,0.242733,true,83936d62ed24e086c128add8ae2373b1606f7f88344db7066c5006b4c183dc37,668dd4815dbf1adf4a2cdd0785f1687dd702d8abb54fd213a5ac72e86fc03166
1,20260806T115729Z_9ad02548cf6c_stage08_b01_formal_74000018,formal,20260806T115729Z,9ad02548cf6c74fae677c6162b7c4a2db2ac0e88,false,stage08_b01_general_gaussian_scales_v1,5d6f2dd75b763122028b82c7fc144e476d8fa07150cda991f6306e7007f350ee,operator,general_gaussian,NA,NA,general_gaussian,general_gaussian__general_gaussian_int8_10e2__83936d62ed24e086__sym,general_gaussian_int8_10e2,10^2,100,window_positions=[100],INT8,GPU,not_applicable,compatibility/end-to-end,PASS,OK,20,100,27,0.24218300000000001,true,83936d62ed24e086c128add8ae2373b1606f7f88344db7066c5006b4c183dc37,668dd4815dbf1adf4a2cdd0785f1687dd702d8abb54fd213a5ac72e86fc03166
1,20260806T115729Z_9ad02548cf6c_stage08_b01_formal_74000018,formal,20260806T115729Z,9ad02548cf6c74fae677c6162b7c4a2db2ac0e88,false,stage08_b01_general_gaussian_scales_v1,5d6f2dd75b763122028b82c7fc144e476d8fa07150cda991f6306e7007f350ee,operator,general_gaussian,NA,NA,general_gaussian,general_gaussian__general_gaussian_int8_10e2__83936d62ed24e086__sym,general_gaussian_int8_10e2,10^2,100,window_positions=[100],INT8,GPU,not_applicable,compatibility/end-to-end,PASS,OK,20,100,28,0.242754,true,83936d62ed24e086c128add8ae2373b1606f7f88344db7066c5006b4c183dc37,668dd4815dbf1adf4a2cdd0785f1687dd702d8abb54fd213a5ac72e86fc03166
1,20260806T115729Z_9ad02548cf6c_stage08_b01_formal_74000018,formal,20260806T115729Z,9ad02548cf6c74fae677c6162b7c4a2db2ac0e88,false,stage08_b01_general_gaussian_scales_v1,5d6f2dd75b763122028b82c7fc144e476d8fa07150cda991f6306e7007f350ee,operator,general_gaussian,NA,NA,general_gaussian,general_gaussian__general_gaussian_int8_10e2__83936d62ed24e086__sym,general_gaussian_int8_10e2,10^2,100,window_positions=[100],INT8,GPU,not_applicable,compatibility/end-to-end,PASS,OK,20,100,29,0.24626300000000001,true,83936d62ed24e086c128add8ae2373b1606f7f88344db7066c5006b4c183dc37,668dd4815dbf1adf4a2cdd0785f1687dd702d8abb54fd213a5ac72e86fc03166
1,20260806T115729Z_9ad02548cf6c_stage08_b01_formal_74000018,formal,20260806T115729Z,9ad02548cf6c74fae677c6162b7c4a2db2ac0e88,false,stage08_b01_general_gaussian_scales_v1,5d6f2dd75b763122028b82c7fc144e476d8fa07150cda991f6306e7007f350ee,operator,general_gaussian,NA,NA,general_gaussian,general_gaussian__general_gaussian_int8_10e2__83936d62ed24e086__sym,general_gaussian_int8_10e2,10^2,100,window_positions=[100],INT8,GPU,not_applicable,compatibility/end-to-end,PASS,OK,20,100,30,0.24430299999999999,true,83936d62ed24e086c128add8ae2373b1606f7f88344db7066c5006b4c183dc37,668dd4815dbf1adf4a2cdd0785f1687dd702d8abb54fd213a5ac72e86fc03166
1,20260806T115729Z_9ad02548cf6c_stage08_b01_formal_74000018,formal,20260806T115729Z,9ad02548cf6c74fae677c6162b7c4a2db2ac0e88,false,stage08_b01_general_gaussian_scales_v1,5d6f2dd75b763122028b82c7fc144e476d8fa07150cda991f6306e7007f350ee,operator,general_gaussian,NA,NA,general_gaussian,general_gaussian__general_gaussian_int8_10e2__83936d62ed24e086__sym,general_gaussian_int8_10e2,10^2,100,window_positions=[100],INT8,GPU,not_applicable,compatibility/end-to-end,PASS,OK,20,100,31,0.24582399999999999,true,83936d62ed24e086c128add8ae2373b1606f7f88344db7066c5006b4c183dc37,668dd4815dbf1adf4a2cdd0785f1687dd702d8abb54fd213a5ac72e86fc03166
1,20260806T115729Z_9ad02548cf6c_stage08_b01_formal_74000018,formal,20260806T115729Z,9ad02548cf6c74fae677c6162b7c4a2db2ac0e88,false,stage08_b01_general_gaussian_scales_v1,5d6f2dd75b763122028b82c7fc144e476d8fa07150cda991f6306e7007f350ee,operator,general_gaussian,NA,NA,general_gaussian,general_gaussian__general_gaussian_int8_10e2__83936d62ed24e086__sym,general_gaussian_int8_10e2,10^2,100,window_positions=[100],INT8,GPU,not_applicable,compatibility/end-to-end,PASS,OK,20,100,32,0.250143,true,83936d62ed24e086c128add8ae2373b1606f7f88344db7066c5006b4c183dc37,668dd4815dbf1adf4a2cdd0785f1687dd702d8abb54fd213a5ac72e86fc03166
1,20260806T115729Z_9ad02548cf6c_stage08_b01_formal_74000018,formal,20260806T115729Z,9ad02548cf6c74fae677c6162b7c4a2db2ac0e88,false,stage08_b01_general_gaussian_scales_v1,5d6f2dd75b763122028b82c7fc144e476d8fa07150cda991f6306e7007f350ee,operator,general_gaussian,NA,NA,general_gaussian,general_gaussian__general_gaussian_int8_10e2__83936d62ed24e086__sym,general_gaussian_int8_10e2,10^2,100,window_positions=[100],INT8,GPU,not_applicable,compatibility/end-to-end,PASS,OK,20,100,33,0.243063,true,83936d62ed24e086c128add8ae2373b1606f7f88344db7066c5006b4c183dc37,668dd4815dbf1adf4a2cdd0785f1687dd702d8abb54fd213a5ac72e86fc03166
1,20260806T115729Z_9ad02548cf6c_stage08_b01_formal_74000018,formal,20260806T115729Z,9ad02548cf6c74fae677c6162b7c4a2db2ac0e88,false,stage08_b01_general_gaussian_scales_v1,5d6f2dd75b763122028b82c7fc144e476d8fa07150cda991f6306e7007f350ee,operator,general_gaussian,NA,NA,general_gaussian,general_gaussian__general_gaussian_int8_10e2__83936d62ed24e086__sym,general_gaussian_int8_10e2,10^2,100,window_positions=[100],INT8,GPU,not_applicable,compatibility/end-to-end,PASS,OK,20,100,34,0.24416399999999999,true,83936d62ed24e086c128add8ae2373b1606f7f88344db7066c5006b4c183dc37,668dd4815dbf1adf4a2cdd0785f1687dd702d8abb54fd213a5ac72e86fc03166
1,20260806T115729Z_9ad02548cf6c_stage08_b01_formal_74000018,formal,20260806T115729Z,9ad02548cf6c74fae677c6162b7c4a2db2ac0e88,false,stage08_b01_general_gaussian_scales_v1,5d6f2dd75b763122028b82c7fc144e476d8fa07150cda991f6306e7007f350ee,operator,general_gaussian,NA,NA,general_gaussian,general_gaussian__general_gaussian_int8_10e2__83936d62ed24e086__sym,general_gaussian_int8_10e2,10^2,100,window_positions=[100],INT8,GPU,not_applicable,compatibility/end-to-end,PASS,OK,20,100,35,0.24373300000000001,true,83936d62ed24e086c128add8ae2373b1606f7f88344db7066c5006b4c183dc37,668dd4815dbf1adf4a2cdd0785f1687dd702d8abb54fd213a5ac72e86fc03166
1,20260806T115729Z_9ad02548cf6c_stage08_b01_formal_74000018,formal,20260806T115729Z,9ad02548cf6c74fae677c6162b7c4a2db2ac0e88,false,stage08_b01_general_gaussian_scales_v1,5d6f2dd75b763122028b82c7fc144e476d8fa07150cda991f6306e7007f350ee,operator,general_gaussian,NA,NA,general_gaussian,general_gaussian__general_gaussian_int8_10e2__83936d62ed24e086__sym,general_gaussian_int8_10e2,10^2,100,window_positions=[100],INT8,GPU,not_applicable,compatibility/end-to-end,PASS,OK,20,100,36,0.24404300000000001,true,83936d62ed24e086c128add8ae2373b1606f7f88344db7066c5006b4c183dc37,668dd4815dbf1adf4a2cdd0785f1687dd702d8abb54fd213a5ac72e86fc03166
1,20260806T115729Z_9ad02548cf6c_stage08_b01_formal_74000018,formal,20260806T115729Z,9ad02548cf6c74fae677c6162b7c4a2db2ac0e88,false,stage08_b01_general_gaussian_scales_v1,5d6f2dd75b763122028b82c7fc144e476d8fa07150cda991f6306e7007f350ee,operator,general_gaussian,NA,NA,general_gaussian,general_gaussian__general_gaussian_int8_10e2__83936d62ed24e086__sym,general_gaussian_int8_10e2,10^2,100,window_positions=[100],INT8,GPU,not_applicable,compatibility/end-to-end,PASS,OK,20,100,37,0.244254,true,83936d62ed24e086c128add8ae2373b1606f7f88344db7066c5006b4c183dc37,668dd4815dbf1adf4a2cdd0785f1687dd702d8abb54fd213a5ac72e86fc03166
1,20260806T115729Z_9ad02548cf6c_stage08_b01_formal_74000018,formal,20260806T115729Z,9ad02548cf6c74fae677c6162b7c4a2db2ac0e88,false,stage08_b01_general_gaussian_scales_v1,5d6f2dd75b763122028b82c7fc144e476d8fa07150cda991f6306e7007f350ee,operator,general_gaussian,NA,NA,general_gaussian,general_gaussian__general_gaussian_int8_10e2__83936d62ed24e086__sym,general_gaussian_int8_10e2,10^2,100,window_positions=[100],INT8,GPU,not_applicable,compatibility/end-to-end,PASS,OK,20,100,38,0.240063,true,83936d62ed24e086c128add8ae2373b1606f7f88344db7066c5006b4c183dc37,668dd4815dbf1adf4a2cdd0785f1687dd702d8abb54fd213a5ac72e86fc03166
1,20260806T115729Z_9ad02548cf6c_stage08_b01_formal_74000018,formal,20260806T115729Z,9ad02548cf6c74fae677c6162b7c4a2db2ac0e88,false,stage08_b01_general_gaussian_scales_v1,5d6f2dd75b763122028b82c7fc144e476d8fa07150cda991f6306e7007f350ee,operator,general_gaussian,NA,NA,general_gaussian,general_gaussian__general_gaussian_int8_10e2__83936d62ed24e086__sym,general_gaussian_int8_10e2,10^2,100,window_positions=[100],INT8,GPU,not_applicable,compatibility/end-to-end,PASS,OK,20,100,39,0.24390300000000001,true,83936d62ed24e086c128add8ae2373b1606f7f88344db7066c5006b4c183dc37,668dd4815dbf1adf4a2cdd0785f1687dd702d8abb54fd213a5ac72e86fc03166
1,20260806T115729Z_9ad02548cf6c_stage08_b01_formal_74000018,formal,20260806T115729Z,9ad02548cf6c74fae677c6162b7c4a2db2ac0e88,false,stage08_b01_general_gaussian_scales_v1,5d6f2dd75b763122028b82c7fc144e476d8fa07150cda991f6306e7007f350ee,operator,general_gaussian,NA,NA,general_gaussian,general_gaussian__general_gaussian_int8_10e2__83936d62ed24e086__sym,general_gaussian_int8_10e2,10^2,100,window_positions=[100],INT8,GPU,not_applicable,compatibility/end-to-end,PASS,OK,20,100,40,0.246643,true,83936d62ed24e086c128add8ae2373b1606f7f88344db7066c5006b4c183dc37,668dd4815dbf1adf4a2cdd0785f1687dd702d8abb54fd213a5ac72e86fc03166
1,20260806T115729Z_9ad02548cf6c_stage08_b01_formal_74000018,formal,20260806T115729Z,9ad02548cf6c74fae677c6162b7c4a2db2ac0e88,false,stage08_b01_general_gaussian_scales_v1,5d6f2dd75b763122028b82c7fc144e476d8fa07150cda991f6306e7007f350ee,operator,general_gaussian,NA,NA,general_gaussian,general_gaussian__general_gaussian_int8_10e2__83936d62ed24e086__sym,general_gaussian_int8_10e2,10^2,100,window_positions=[100],INT8,GPU,not_applicable,compatibility/end-to-end,PASS,OK,20,100,41,0.244114,true,83936d62ed24e086c128add8ae2373b1606f7f88344db7066c5006b4c183dc37,668dd4815dbf1adf4a2cdd0785f1687dd702d8abb54fd213a5ac72e86fc03166
1,20260806T115729Z_9ad02548cf6c_stage08_b01_formal_74000018,formal,20260806T115729Z,9ad02548cf6c74fae677c6162b7c4a2db2ac0e88,false,stage08_b01_general_gaussian_scales_v1,5d6f2dd75b763122028b82c7fc144e476d8fa07150cda991f6306e7007f350ee,operator,general_gaussian,NA,NA,general_gaussian,general_gaussian__general_gaussian_int8_10e2__83936d62ed24e086__sym,general_gaussian_int8_10e2,10^2,100,window_positions=[100],INT8,GPU,not_applicable,compatibility/end-to-end,PASS,OK,20,100,42,0.244533,true,83936d62ed24e086c128add8ae2373b1606f7f88344db7066c5006b4c183dc37,668dd4815dbf1adf4a2cdd0785f1687dd702d8abb54fd213a5ac72e86fc03166
1,20260806T115729Z_9ad02548cf6c_stage08_b01_formal_74000018,formal,20260806T115729Z,9ad02548cf6c74fae677c6162b7c4a2db2ac0e88,false,stage08_b01_general_gaussian_scales_v1,5d6f2dd75b763122028b82c7fc144e476d8fa07150cda991f6306e7007f350ee,operator,general_gaussian,NA,NA,general_gaussian,general_gaussian__general_gaussian_int8_10e2__83936d62ed24e086__sym,general_gaussian_int8_10e2,10^2,100,window_positions=[100],INT8,GPU,not_applicable,compatibility/end-to-end,PASS,OK,20,100,43,0.244003,true,83936d62ed24e086c128add8ae2373b1606f7f88344db7066c5006b4c183dc37,668dd4815dbf1adf4a2cdd0785f1687dd702d8abb54fd213a5ac72e86fc03166
1,20260806T115729Z_9ad02548cf6c_stage08_b01_formal_74000018,formal,20260806T115729Z,9ad02548cf6c74fae677c6162b7c4a2db2ac0e88,false,stage08_b01_general_gaussian_scales_v1,5d6f2dd75b763122028b82c7fc144e476d8fa07150cda991f6306e7007f350ee,operator,general_gaussian,NA,NA,general_gaussian,general_gaussian__general_gaussian_int8_10e2__83936d62ed24e086__sym,general_gaussian_int8_10e2,10^2,100,window_positions=[100],INT8,GPU,not_applicable,compatibility/end-to-end,PASS,OK,20,100,44,0.244584,true,83936d62ed24e086c128add8ae2373b1606f7f88344db7066c5006b4c183dc37,668dd4815dbf1adf4a2cdd0785f1687dd702d8abb54fd213a5ac72e86fc03166
1,20260806T115729Z_9ad02548cf6c_stage08_b01_formal_74000018,formal,20260806T115729Z,9ad02548cf6c74fae677c6162b7c4a2db2ac0e88,false,stage08_b01_general_gaussian_scales_v1,5d6f2dd75b763122028b82c7fc144e476d8fa07150cda991f6306e7007f350ee,operator,general_gaussian,NA,NA,general_gaussian,general_gaussian__general_gaussian_int8_10e2__83936d62ed24e086__sym,general_gaussian_int8_10e2,10^2,100,window_positions=[100],INT8,GPU,not_applicable,compatibility/end-to-end,PASS,OK,20,100,45,0.246083,true,83936d62ed24e086c128add8ae2373b1606f7f88344db7066c5006b4c183dc37,668dd4815dbf1adf4a2cdd0785f1687dd702d8abb54fd213a5ac72e86fc03166
1,20260806T115729Z_9ad02548cf6c_stage08_b01_formal_74000018,formal,20260806T115729Z,9ad02548cf6c74fae677c6162b7c4a2db2ac0e88,false,stage08_b01_general_gaussian_scales_v1,5d6f2dd75b763122028b82c7fc144e476d8fa07150cda991f6306e7007f350ee,operator,general_gaussian,NA,NA,general_gaussian,general_gaussian__general_gaussian_int8_10e2__83936d62ed24e086__sym,general_gaussian_int8_10e2,10^2,100,window_positions=[100],INT8,GPU,not_applicable,compatibility/end-to-end,PASS,OK,20,100,46,0.244363,true,83936d62ed24e086c128add8ae2373b1606f7f88344db7066c5006b4c183dc37,668dd4815dbf1adf4a2cdd0785f1687dd702d8abb54fd213a5ac72e86fc03166
1,20260806T115729Z_9ad02548cf6c_stage08_b01_formal_74000018,formal,20260806T115729Z,9ad02548cf6c74fae677c6162b7c4a2db2ac0e88,false,stage08_b01_general_gaussian_scales_v1,5d6f2dd75b763122028b82c7fc144e476d8fa07150cda991f6306e7007f350ee,operator,general_gaussian,NA,NA,general_gaussian,general_gaussian__general_gaussian_int8_10e2__83936d62ed24e086__sym,general_gaussian_int8_10e2,10^2,100,window_positions=[100],INT8,GPU,not_applicable,compatibility/end-to-end,PASS,OK,20,100,47,0.24498400000000001,true,83936d62ed24e086c128add8ae2373b1606f7f88344db7066c5006b4c183dc37,668dd4815dbf1adf4a2cdd0785f1687dd702d8abb54fd213a5ac72e86fc03166
1,20260806T115729Z_9ad02548cf6c_stage08_b01_formal_74000018,formal,20260806T115729Z,9ad02548cf6c74fae677c6162b7c4a2db2ac0e88,false,stage08_b01_general_gaussian_scales_v1,5d6f2dd75b763122028b82c7fc144e476d8fa07150cda991f6306e7007f350ee,operator,general_gaussian,NA,NA,general_gaussian,general_gaussian__general_gaussian_int8_10e2__83936d62ed24e086__sym,general_gaussian_int8_10e2,10^2,100,window_positions=[100],INT8,GPU,not_applicable,compatibility/end-to-end,PASS,OK,20,100,48,0.27230300000000002,true,83936d62ed24e086c128add8ae2373b1606f7f88344db7066c5006b4c183dc37,668dd4815dbf1adf4a2cdd0785f1687dd702d8abb54fd213a5ac72e86fc03166
1,20260806T115729Z_9ad02548cf6c_stage08_b01_formal_74000018,formal,20260806T115729Z,9ad02548cf6c74fae677c6162b7c4a2db2ac0e88,false,stage08_b01_general_gaussian_scales_v1,5d6f2dd75b763122028b82c7fc144e476d8fa07150cda991f6306e7007f350ee,operator,general_gaussian,NA,NA,general_gaussian,general_gaussian__general_gaussian_int8_10e2__83936d62ed24e086__sym,general_gaussian_int8_10e2,10^2,100,window_positions=[100],INT8,GPU,not_applicable,compatibility/end-to-end,PASS,OK,20,100,49,0.236544,true,83936d62ed24e086c128add8ae2373b1606f7f88344db7066c5006b4c183dc37,668dd4815dbf1adf4a2cdd0785f1687dd702d8abb54fd213a5ac72e86fc03166
1,20260806T115729Z_9ad02548cf6c_stage08_b01_formal_74000018,formal,20260806T115729Z,9ad02548cf6c74fae677c6162b7c4a2db2ac0e88,false,stage08_b01_general_gaussian_scales_v1,5d6f2dd75b763122028b82c7fc144e476d8fa07150cda991f6306e7007f350ee,operator,general_gaussian,NA,NA,general_gaussian,general_gaussian__general_gaussian_int8_10e2__83936d62ed24e086__sym,general_gaussian_int8_10e2,10^2,100,window_positions=[100],INT8,GPU,not_applicable,compatibility/end-to-end,PASS,OK,20,100,50,0.24398300000000001,true,83936d62ed24e086c128add8ae2373b1606f7f88344db7066c5006b4c183dc37,668dd4815dbf1adf4a2cdd0785f1687dd702d8abb54fd213a5ac72e86fc03166
1,20260806T115729Z_9ad02548cf6c_stage08_b01_formal_74000018,formal,20260806T115729Z,9ad02548cf6c74fae677c6162b7c4a2db2ac0e88,false,stage08_b01_general_gaussian_scales_v1,5d6f2dd75b763122028b82c7fc144e476d8fa07150cda991f6306e7007f350ee,operator,general_gaussian,NA,NA,general_gaussian,general_gaussian__general_gaussian_int8_10e2__83936d62ed24e086__sym,general_gaussian_int8_10e2,10^2,100,window_positions=[100],INT8,GPU,not_applicable,compatibility/end-to-end,PASS,OK,20,100,51,0.24455299999999999,true,83936d62ed24e086c128add8ae2373b1606f7f88344db7066c5006b4c183dc37,668dd4815dbf1adf4a2cdd0785f1687dd702d8abb54fd213a5ac72e86fc03166
1,20260806T115729Z_9ad02548cf6c_stage08_b01_formal_74000018,formal,20260806T115729Z,9ad02548cf6c74fae677c6162b7c4a2db2ac0e88,false,stage08_b01_general_gaussian_scales_v1,5d6f2dd75b763122028b82c7fc144e476d8fa07150cda991f6306e7007f350ee,operator,general_gaussian,NA,NA,general_gaussian,general_gaussian__general_gaussian_int8_10e2__83936d62ed24e086__sym,general_gaussian_int8_10e2,10^2,100,window_positions=[100],INT8,GPU,not_applicable,compatibility/end-to-end,PASS,OK,20,100,52,0.24759400000000001,true,83936d62ed24e086c128add8ae2373b1606f7f88344db7066c5006b4c183dc37,668dd4815dbf1adf4a2cdd0785f1687dd702d8abb54fd213a5ac72e86fc03166
1,20260806T115729Z_9ad02548cf6c_stage08_b01_formal_74000018,formal,20260806T115729Z,9ad02548cf6c74fae677c6162b7c4a2db2ac0e88,false,stage08_b01_general_gaussian_scales_v1,5d6f2dd75b763122028b82c7fc144e476d8fa07150cda991f6306e7007f350ee,operator,general_gaussian,NA,NA,general_gaussian,general_gaussian__general_gaussian_int8_10e2__83936d62ed24e086__sym,general_gaussian_int8_10e2,10^2,100,window_positions=[100],INT8,GPU,not_applicable,compatibility/end-to-end,PASS,OK,20,100,53,0.240423,true,83936d62ed24e086c128add8ae2373b1606f7f88344db7066c5006b4c183dc37,668dd4815dbf1adf4a2cdd0785f1687dd702d8abb54fd213a5ac72e86fc03166
1,20260806T115729Z_9ad02548cf6c_stage08_b01_formal_74000018,formal,20260806T115729Z,9ad02548cf6c74fae677c6162b7c4a2db2ac0e88,false,stage08_b01_general_gaussian_scales_v1,5d6f2dd75b763122028b82c7fc144e476d8fa07150cda991f6306e7007f350ee,operator,general_gaussian,NA,NA,general_gaussian,general_gaussian__general_gaussian_int8_10e2__83936d62ed24e086__sym,general_gaussian_int8_10e2,10^2,100,window_positions=[100],INT8,GPU,not_applicable,compatibility/end-to-end,PASS,OK,20,100,54,0.24562400000000001,true,83936d62ed24e086c128add8ae2373b1606f7f88344db7066c5006b4c183dc37,668dd4815dbf1adf4a2cdd0785f1687dd702d8abb54fd213a5ac72e86fc03166
1,20260806T115729Z_9ad02548cf6c_stage08_b01_formal_74000018,formal,20260806T115729Z,9ad02548cf6c74fae677c6162b7c4a2db2ac0e88,false,stage08_b01_general_gaussian_scales_v1,5d6f2dd75b763122028b82c7fc144e476d8fa07150cda991f6306e7007f350ee,operator,general_gaussian,NA,NA,general_gaussian,general_gaussian__general_gaussian_int8_10e2__83936d62ed24e086__sym,general_gaussian_int8_10e2,10^2,100,window_positions=[100],INT8,GPU,not_applicable,compatibility/end-to-end,PASS,OK,20,100,55,0.24160300000000001,true,83936d62ed24e086c128add8ae2373b1606f7f88344db7066c5006b4c183dc37,668dd4815dbf1adf4a2cdd0785f1687dd702d8abb54fd213a5ac72e86fc03166
1,20260806T115729Z_9ad02548cf6c_stage08_b01_formal_74000018,formal,20260806T115729Z,9ad02548cf6c74fae677c6162b7c4a2db2ac0e88,false,stage08_b01_general_gaussian_scales_v1,5d6f2dd75b763122028b82c7fc144e476d8fa07150cda991f6306e7007f350ee,operator,general_gaussian,NA,NA,general_gaussian,general_gaussian__general_gaussian_int8_10e2__83936d62ed24e086__sym,general_gaussian_int8_10e2,10^2,100,window_positions=[100],INT8,GPU,not_applicable,compatibility/end-to-end,PASS,OK,20,100,56,0.24657299999999999,true,83936d62ed24e086c128add8ae2373b1606f7f88344db7066c5006b4c183dc37,668dd4815dbf1adf4a2cdd0785f1687dd702d8abb54fd213a5ac72e86fc03166
1,20260806T115729Z_9ad02548cf6c_stage08_b01_formal_74000018,formal,20260806T115729Z,9ad02548cf6c74fae677c6162b7c4a2db2ac0e88,false,stage08_b01_general_gaussian_scales_v1,5d6f2dd75b763122028b82c7fc144e476d8fa07150cda991f6306e7007f350ee,operator,general_gaussian,NA,NA,general_gaussian,general_gaussian__general_gaussian_int8_10e2__83936d62ed24e086__sym,general_gaussian_int8_10e2,10^2,100,window_positions=[100],INT8,GPU,not_applicable,compatibility/end-to-end,PASS,OK,20,100,57,0.23986399999999999,true,83936d62ed24e086c128add8ae2373b1606f7f88344db7066c5006b4c183dc37,668dd4815dbf1adf4a2cdd0785f1687dd702d8abb54fd213a5ac72e86fc03166
1,20260806T115729Z_9ad02548cf6c_stage08_b01_formal_74000018,formal,20260806T115729Z,9ad02548cf6c74fae677c6162b7c4a2db2ac0e88,false,stage08_b01_general_gaussian_scales_v1,5d6f2dd75b763122028b82c7fc144e476d8fa07150cda991f6306e7007f350ee,operator,general_gaussian,NA,NA,general_gaussian,general_gaussian__general_gaussian_int8_10e2__83936d62ed24e086__sym,general_gaussian_int8_10e2,10^2,100,window_positions=[100],INT8,GPU,not_applicable,compatibility/end-to-end,PASS,OK,20,100,58,0.23960300000000001,true,83936d62ed24e086c128add8ae2373b1606f7f88344db7066c5006b4c183dc37,668dd4815dbf1adf4a2cdd0785f1687dd702d8abb54fd213a5ac72e86fc03166
1,20260806T115729Z_9ad02548cf6c_stage08_b01_formal_74000018,formal,20260806T115729Z,9ad02548cf6c74fae677c6162b7c4a2db2ac0e88,false,stage08_b01_general_gaussian_scales_v1,5d6f2dd75b763122028b82c7fc144e476d8fa07150cda991f6306e7007f350ee,operator,general_gaussian,NA,NA,general_gaussian,general_gaussian__general_gaussian_int8_10e2__83936d62ed24e086__sym,general_gaussian_int8_10e2,10^2,100,window_positions=[100],INT8,GPU,not_applicable,compatibility/end-to-end,PASS,OK,20,100,59,0.242423,true,83936d62ed24e086c128add8ae2373b1606f7f88344db7066c5006b4c183dc37,668dd4815dbf1adf4a2cdd0785f1687dd702d8abb54fd213a5ac72e86fc03166
1,20260806T115729Z_9ad02548cf6c_stage08_b01_formal_74000018,formal,20260806T115729Z,9ad02548cf6c74fae677c6162b7c4a2db2ac0e88,false,stage08_b01_general_gaussian_scales_v1,5d6f2dd75b763122028b82c7fc144e476d8fa07150cda991f6306e7007f350ee,operator,general_gaussian,NA,NA,general_gaussian,general_gaussian__general_gaussian_int8_10e2__83936d62ed24e086__sym,general_gaussian_int8_10e2,10^2,100,window_positions=[100],INT8,GPU,not_applicable,compatibility/end-to-end,PASS,OK,20,100,60,0.240873,true,83936d62ed24e086c128add8ae2373b1606f7f88344db7066c5006b4c183dc37,668dd4815dbf1adf4a2cdd0785f1687dd702d8abb54fd213a5ac72e86fc03166
1,20260806T115729Z_9ad02548cf6c_stage08_b01_formal_74000018,formal,20260806T115729Z,9ad02548cf6c74fae677c6162b7c4a2db2ac0e88,false,stage08_b01_general_gaussian_scales_v1,5d6f2dd75b763122028b82c7fc144e476d8fa07150cda991f6306e7007f350ee,operator,general_gaussian,NA,NA,general_gaussian,general_gaussian__general_gaussian_int8_10e2__83936d62ed24e086__sym,general_gaussian_int8_10e2,10^2,100,window_positions=[100],INT8,GPU,not_applicable,compatibility/end-to-end,PASS,OK,20,100,61,0.238894,true,83936d62ed24e086c128add8ae2373b1606f7f88344db7066c5006b4c183dc37,668dd4815dbf1adf4a2cdd0785f1687dd702d8abb54fd213a5ac72e86fc03166
1,20260806T115729Z_9ad02548cf6c_stage08_b01_formal_74000018,formal,20260806T115729Z,9ad02548cf6c74fae677c6162b7c4a2db2ac0e88,false,stage08_b01_general_gaussian_scales_v1,5d6f2dd75b763122028b82c7fc144e476d8fa07150cda991f6306e7007f350ee,operator,general_gaussian,NA,NA,general_gaussian,general_gaussian__general_gaussian_int8_10e2__83936d62ed24e086__sym,general_gaussian_int8_10e2,10^2,100,window_positions=[100],INT8,GPU,not_applicable,compatibility/end-to-end,PASS,OK,20,100,62,0.240593,true,83936d62ed24e086c128add8ae2373b1606f7f88344db7066c5006b4c183dc37,668dd4815dbf1adf4a2cdd0785f1687dd702d8abb54fd213a5ac72e86fc03166
1,20260806T115729Z_9ad02548cf6c_stage08_b01_formal_74000018,formal,20260806T115729Z,9ad02548cf6c74fae677c6162b7c4a2db2ac0e88,false,stage08_b01_general_gaussian_scales_v1,5d6f2dd75b763122028b82c7fc144e476d8fa07150cda991f6306e7007f350ee,operator,general_gaussian,NA,NA,general_gaussian,general_gaussian__general_gaussian_int8_10e2__83936d62ed24e086__sym,general_gaussian_int8_10e2,10^2,100,window_positions=[100],INT8,GPU,not_applicable,compatibility/end-to-end,PASS,OK,20,100,63,0.242143,true,83936d62ed24e086c128add8ae2373b1606f7f88344db7066c5006b4c183dc37,668dd4815dbf1adf4a2cdd0785f1687dd702d8abb54fd213a5ac72e86fc03166
1,20260806T115729Z_9ad02548cf6c_stage08_b01_formal_74000018,formal,20260806T115729Z,9ad02548cf6c74fae677c6162b7c4a2db2ac0e88,false,stage08_b01_general_gaussian_scales_v1,5d6f2dd75b763122028b82c7fc144e476d8fa07150cda991f6306e7007f350ee,operator,general_gaussian,NA,NA,general_gaussian,general_gaussian__general_gaussian_int8_10e2__83936d62ed24e086__sym,general_gaussian_int8_10e2,10^2,100,window_positions=[100],INT8,GPU,not_applicable,compatibility/end-to-end,PASS,OK,20,100,64,0.245534,true,83936d62ed24e086c128add8ae2373b1606f7f88344db7066c5006b4c183dc37,668dd4815dbf1adf4a2cdd0785f1687dd702d8abb54fd213a5ac72e86fc03166
1,20260806T115729Z_9ad02548cf6c_stage08_b01_formal_74000018,formal,20260806T115729Z,9ad02548cf6c74fae677c6162b7c4a2db2ac0e88,false,stage08_b01_general_gaussian_scales_v1,5d6f2dd75b763122028b82c7fc144e476d8fa07150cda991f6306e7007f350ee,operator,general_gaussian,NA,NA,general_gaussian,general_gaussian__general_gaussian_int8_10e2__83936d62ed24e086__sym,general_gaussian_int8_10e2,10^2,100,window_positions=[100],INT8,GPU,not_applicable,compatibility/end-to-end,PASS,OK,20,100,65,0.264233,true,83936d62ed24e086c128add8ae2373b1606f7f88344db7066c5006b4c183dc37,668dd4815dbf1adf4a2cdd0785f1687dd702d8abb54fd213a5ac72e86fc03166
1,20260806T115729Z_9ad02548cf6c_stage08_b01_formal_74000018,formal,20260806T115729Z,9ad02548cf6c74fae677c6162b7c4a2db2ac0e88,false,stage08_b01_general_gaussian_scales_v1,5d6f2dd75b763122028b82c7fc144e476d8fa07150cda991f6306e7007f350ee,operator,general_gaussian,NA,NA,general_gaussian,general_gaussian__general_gaussian_int8_10e2__83936d62ed24e086__sym,general_gaussian_int8_10e2,10^2,100,window_positions=[100],INT8,GPU,not_applicable,compatibility/end-to-end,PASS,OK,20,100,66,0.244084,true,83936d62ed24e086c128add8ae2373b1606f7f88344db7066c5006b4c183dc37,668dd4815dbf1adf4a2cdd0785f1687dd702d8abb54fd213a5ac72e86fc03166
1,20260806T115729Z_9ad02548cf6c_stage08_b01_formal_74000018,formal,20260806T115729Z,9ad02548cf6c74fae677c6162b7c4a2db2ac0e88,false,stage08_b01_general_gaussian_scales_v1,5d6f2dd75b763122028b82c7fc144e476d8fa07150cda991f6306e7007f350ee,operator,general_gaussian,NA,NA,general_gaussian,general_gaussian__general_gaussian_int8_10e2__83936d62ed24e086__sym,general_gaussian_int8_10e2,10^2,100,window_positions=[100],INT8,GPU,not_applicable,compatibility/end-to-end,PASS,OK,20,100,67,0.23974300000000001,true,83936d62ed24e086c128add8ae2373b1606f7f88344db7066c5006b4c183dc37,668dd4815dbf1adf4a2cdd0785f1687dd702d8abb54fd213a5ac72e86fc03166
1,20260806T115729Z_9ad02548cf6c_stage08_b01_formal_74000018,formal,20260806T115729Z,9ad02548cf6c74fae677c6162b7c4a2db2ac0e88,false,stage08_b01_general_gaussian_scales_v1,5d6f2dd75b763122028b82c7fc144e476d8fa07150cda991f6306e7007f350ee,operator,general_gaussian,NA,NA,general_gaussian,general_gaussian__general_gaussian_int8_10e2__83936d62ed24e086__sym,general_gaussian_int8_10e2,10^2,100,window_positions=[100],INT8,GPU,not_applicable,compatibility/end-to-end,PASS,OK,20,100,68,0.24455299999999999,true,83936d62ed24e086c128add8ae2373b1606f7f88344db7066c5006b4c183dc37,668dd4815dbf1adf4a2cdd0785f1687dd702d8abb54fd213a5ac72e86fc03166
1,20260806T115729Z_9ad02548cf6c_stage08_b01_formal_74000018,formal,20260806T115729Z,9ad02548cf6c74fae677c6162b7c4a2db2ac0e88,false,stage08_b01_general_gaussian_scales_v1,5d6f2dd75b763122028b82c7fc144e476d8fa07150cda991f6306e7007f350ee,operator,general_gaussian,NA,NA,general_gaussian,general_gaussian__general_gaussian_int8_10e2__83936d62ed24e086__sym,general_gaussian_int8_10e2,10^2,100,window_positions=[100],INT8,GPU,not_applicable,compatibility/end-to-end,PASS,OK,20,100,69,0.240344,true,83936d62ed24e086c128add8ae2373b1606f7f88344db7066c5006b4c183dc37,668dd4815dbf1adf4a2cdd0785f1687dd702d8abb54fd213a5ac72e86fc03166
1,20260806T115729Z_9ad02548cf6c_stage08_b01_formal_74000018,formal,20260806T115729Z,9ad02548cf6c74fae677c6162b7c4a2db2ac0e88,false,stage08_b01_general_gaussian_scales_v1,5d6f2dd75b763122028b82c7fc144e476d8fa07150cda991f6306e7007f350ee,operator,general_gaussian,NA,NA,general_gaussian,general_gaussian__general_gaussian_int8_10e2__83936d62ed24e086__sym,general_gaussian_int8_10e2,10^2,100,window_positions=[100],INT8,GPU,not_applicable,compatibility/end-to-end,PASS,OK,20,100,70,0.24269299999999999,true,83936d62ed24e086c128add8ae2373b1606f7f88344db7066c5006b4c183dc37,668dd4815dbf1adf4a2cdd0785f1687dd702d8abb54fd213a5ac72e86fc03166
1,20260806T115729Z_9ad02548cf6c_stage08_b01_formal_74000018,formal,20260806T115729Z,9ad02548cf6c74fae677c6162b7c4a2db2ac0e88,false,stage08_b01_general_gaussian_scales_v1,5d6f2dd75b763122028b82c7fc144e476d8fa07150cda991f6306e7007f350ee,operator,general_gaussian,NA,NA,general_gaussian,general_gaussian__general_gaussian_int8_10e2__83936d62ed24e086__sym,general_gaussian_int8_10e2,10^2,100,window_positions=[100],INT8,GPU,not_applicable,compatibility/end-to-end,PASS,OK,20,100,71,0.241343,true,83936d62ed24e086c128add8ae2373b1606f7f88344db7066c5006b4c183dc37,668dd4815dbf1adf4a2cdd0785f1687dd702d8abb54fd213a5ac72e86fc03166
1,20260806T115729Z_9ad02548cf6c_stage08_b01_formal_74000018,formal,20260806T115729Z,9ad02548cf6c74fae677c6162b7c4a2db2ac0e88,false,stage08_b01_general_gaussian_scales_v1,5d6f2dd75b763122028b82c7fc144e476d8fa07150cda991f6306e7007f350ee,operator,general_gaussian,NA,NA,general_gaussian,general_gaussian__general_gaussian_int8_10e2__83936d62ed24e086__sym,general_gaussian_int8_10e2,10^2,100,window_positions=[100],INT8,GPU,not_applicable,compatibility/end-to-end,PASS,OK,20,100,72,0.246563,true,83936d62ed24e086c128add8ae2373b1606f7f88344db7066c5006b4c183dc37,668dd4815dbf1adf4a2cdd0785f1687dd702d8abb54fd213a5ac72e86fc03166
1,20260806T115729Z_9ad02548cf6c_stage08_b01_formal_74000018,formal,20260806T115729Z,9ad02548cf6c74fae677c6162b7c4a2db2ac0e88,false,stage08_b01_general_gaussian_scales_v1,5d6f2dd75b763122028b82c7fc144e476d8fa07150cda991f6306e7007f350ee,operator,general_gaussian,NA,NA,general_gaussian,general_gaussian__general_gaussian_int8_10e2__83936d62ed24e086__sym,general_gaussian_int8_10e2,10^2,100,window_positions=[100],INT8,GPU,not_applicable,compatibility/end-to-end,PASS,OK,20,100,73,0.24094399999999999,true,83936d62ed24e086c128add8ae2373b1606f7f88344db7066c5006b4c183dc37,668dd4815dbf1adf4a2cdd0785f1687dd702d8abb54fd213a5ac72e86fc03166
1,20260806T115729Z_9ad02548cf6c_stage08_b01_formal_74000018,formal,20260806T115729Z,9ad02548cf6c74fae677c6162b7c4a2db2ac0e88,false,stage08_b01_general_gaussian_scales_v1,5d6f2dd75b763122028b82c7fc144e476d8fa07150cda991f6306e7007f350ee,operator,general_gaussian,NA,NA,general_gaussian,general_gaussian__general_gaussian_int8_10e2__83936d62ed24e086__sym,general_gaussian_int8_10e2,10^2,100,window_positions=[100],INT8,GPU,not_applicable,compatibility/end-to-end,PASS,OK,20,100,74,0.24473300000000001,true,83936d62ed24e086c128add8ae2373b1606f7f88344db7066c5006b4c183dc37,668dd4815dbf1adf4a2cdd0785f1687dd702d8abb54fd213a5ac72e86fc03166
1,20260806T115729Z_9ad02548cf6c_stage08_b01_formal_74000018,formal,20260806T115729Z,9ad02548cf6c74fae677c6162b7c4a2db2ac0e88,false,stage08_b01_general_gaussian_scales_v1,5d6f2dd75b763122028b82c7fc144e476d8fa07150cda991f6306e7007f350ee,operator,general_gaussian,NA,NA,general_gaussian,general_gaussian__general_gaussian_int8_10e2__83936d62ed24e086__sym,general_gaussian_int8_10e2,10^2,100,window_positions=[100],INT8,GPU,not_applicable,compatibility/end-to-end,PASS,OK,20,100,75,0.24335300000000001,true,83936d62ed24e086c128add8ae2373b1606f7f88344db7066c5006b4c183dc37,668dd4815dbf1adf4a2cdd0785f1687dd702d8abb54fd213a5ac72e86fc03166
1,20260806T115729Z_9ad02548cf6c_stage08_b01_formal_74000018,formal,20260806T115729Z,9ad02548cf6c74fae677c6162b7c4a2db2ac0e88,false,stage08_b01_general_gaussian_scales_v1,5d6f2dd75b763122028b82c7fc144e476d8fa07150cda991f6306e7007f350ee,operator,general_gaussian,NA,NA,general_gaussian,general_gaussian__general_gaussian_int8_10e2__83936d62ed24e086__sym,general_gaussian_int8_10e2,10^2,100,window_positions=[100],INT8,GPU,not_applicable,compatibility/end-to-end,PASS,OK,20,100,76,0.247974,true,83936d62ed24e086c128add8ae2373b1606f7f88344db7066c5006b4c183dc37,668dd4815dbf1adf4a2cdd0785f1687dd702d8abb54fd213a5ac72e86fc03166
1,20260806T115729Z_9ad02548cf6c_stage08_b01_formal_74000018,formal,20260806T115729Z,9ad02548cf6c74fae677c6162b7c4a2db2ac0e88,false,stage08_b01_general_gaussian_scales_v1,5d6f2dd75b763122028b82c7fc144e476d8fa07150cda991f6306e7007f350ee,operator,general_gaussian,NA,NA,general_gaussian,general_gaussian__general_gaussian_int8_10e2__83936d62ed24e086__sym,general_gaussian_int8_10e2,10^2,100,window_positions=[100],INT8,GPU,not_applicable,compatibility/end-to-end,PASS,OK,20,100,77,0.244593,true,83936d62ed24e086c128add8ae2373b1606f7f88344db7066c5006b4c183dc37,668dd4815dbf1adf4a2cdd0785f1687dd702d8abb54fd213a5ac72e86fc03166
1,20260806T115729Z_9ad02548cf6c_stage08_b01_formal_74000018,formal,20260806T115729Z,9ad02548cf6c74fae677c6162b7c4a2db2ac0e88,false,stage08_b01_general_gaussian_scales_v1,5d6f2dd75b763122028b82c7fc144e476d8fa07150cda991f6306e7007f350ee,operator,general_gaussian,NA,NA,general_gaussian,general_gaussian__general_gaussian_int8_10e2__83936d62ed24e086__sym,general_gaussian_int8_10e2,10^2,100,window_positions=[100],INT8,GPU,not_applicable,compatibility/end-to-end,PASS,OK,20,100,78,0.24601300000000001,true,83936d62ed24e086c128add8ae2373b1606f7f88344db7066c5006b4c183dc37,668dd4815dbf1adf4a2cdd0785f1687dd702d8abb54fd213a5ac72e86fc03166
1,20260806T115729Z_9ad02548cf6c_stage08_b01_formal_74000018,formal,20260806T115729Z,9ad02548cf6c74fae677c6162b7c4a2db2ac0e88,false,stage08_b01_general_gaussian_scales_v1,5d6f2dd75b763122028b82c7fc144e476d8fa07150cda991f6306e7007f350ee,operator,general_gaussian,NA,NA,general_gaussian,general_gaussian__general_gaussian_int8_10e2__83936d62ed24e086__sym,general_gaussian_int8_10e2,10^2,100,window_positions=[100],INT8,GPU,not_applicable,compatibility/end-to-end,PASS,OK,20,100,79,0.240454,true,83936d62ed24e086c128add8ae2373b1606f7f88344db7066c5006b4c183dc37,668dd4815dbf1adf4a2cdd0785f1687dd702d8abb54fd213a5ac72e86fc03166
1,20260806T115729Z_9ad02548cf6c_stage08_b01_formal_74000018,formal,20260806T115729Z,9ad02548cf6c74fae677c6162b7c4a2db2ac0e88,false,stage08_b01_general_gaussian_scales_v1,5d6f2dd75b763122028b82c7fc144e476d8fa07150cda991f6306e7007f350ee,operator,general_gaussian,NA,NA,general_gaussian,general_gaussian__general_gaussian_int8_10e2__83936d62ed24e086__sym,general_gaussian_int8_10e2,10^2,100,window_positions=[100],INT8,GPU,not_applicable,compatibility/end-to-end,PASS,OK,20,100,80,0.24630299999999999,true,83936d62ed24e086c128add8ae2373b1606f7f88344db7066c5006b4c183dc37,668dd4815dbf1adf4a2cdd0785f1687dd702d8abb54fd213a5ac72e86fc03166
1,20260806T115729Z_9ad02548cf6c_stage08_b01_formal_74000018,formal,20260806T115729Z,9ad02548cf6c74fae677c6162b7c4a2db2ac0e88,false,stage08_b01_general_gaussian_scales_v1,5d6f2dd75b763122028b82c7fc144e476d8fa07150cda991f6306e7007f350ee,operator,general_gaussian,NA,NA,general_gaussian,general_gaussian__general_gaussian_int8_10e2__83936d62ed24e086__sym,general_gaussian_int8_10e2,10^2,100,window_positions=[100],INT8,GPU,not_applicable,compatibility/end-to-end,PASS,OK,20,100,81,0.26383400000000001,true,83936d62ed24e086c128add8ae2373b1606f7f88344db7066c5006b4c183dc37,668dd4815dbf1adf4a2cdd0785f1687dd702d8abb54fd213a5ac72e86fc03166
1,20260806T115729Z_9ad02548cf6c_stage08_b01_formal_74000018,formal,20260806T115729Z,9ad02548cf6c74fae677c6162b7c4a2db2ac0e88,false,stage08_b01_general_gaussian_scales_v1,5d6f2dd75b763122028b82c7fc144e476d8fa07150cda991f6306e7007f350ee,operator,general_gaussian,NA,NA,general_gaussian,general_gaussian__general_gaussian_int8_10e2__83936d62ed24e086__sym,general_gaussian_int8_10e2,10^2,100,window_positions=[100],INT8,GPU,not_applicable,compatibility/end-to-end,PASS,OK,20,100,82,0.24341299999999999,true,83936d62ed24e086c128add8ae2373b1606f7f88344db7066c5006b4c183dc37,668dd4815dbf1adf4a2cdd0785f1687dd702d8abb54fd213a5ac72e86fc03166
1,20260806T115729Z_9ad02548cf6c_stage08_b01_formal_74000018,formal,20260806T115729Z,9ad02548cf6c74fae677c6162b7c4a2db2ac0e88,false,stage08_b01_general_gaussian_scales_v1,5d6f2dd75b763122028b82c7fc144e476d8fa07150cda991f6306e7007f350ee,operator,general_gaussian,NA,NA,general_gaussian,general_gaussian__general_gaussian_int8_10e2__83936d62ed24e086__sym,general_gaussian_int8_10e2,10^2,100,window_positions=[100],INT8,GPU,not_applicable,compatibility/end-to-end,PASS,OK,20,100,83,0.24382300000000001,true,83936d62ed24e086c128add8ae2373b1606f7f88344db7066c5006b4c183dc37,668dd4815dbf1adf4a2cdd0785f1687dd702d8abb54fd213a5ac72e86fc03166
1,20260806T115729Z_9ad02548cf6c_stage08_b01_formal_74000018,formal,20260806T115729Z,9ad02548cf6c74fae677c6162b7c4a2db2ac0e88,false,stage08_b01_general_gaussian_scales_v1,5d6f2dd75b763122028b82c7fc144e476d8fa07150cda991f6306e7007f350ee,operator,general_gaussian,NA,NA,general_gaussian,general_gaussian__general_gaussian_int8_10e2__83936d62ed24e086__sym,general_gaussian_int8_10e2,10^2,100,window_positions=[100],INT8,GPU,not_applicable,compatibility/end-to-end,PASS,OK,20,100,84,0.24827399999999999,true,83936d62ed24e086c128add8ae2373b1606f7f88344db7066c5006b4c183dc37,668dd4815dbf1adf4a2cdd0785f1687dd702d8abb54fd213a5ac72e86fc03166
1,20260806T115729Z_9ad02548cf6c_stage08_b01_formal_74000018,formal,20260806T115729Z,9ad02548cf6c74fae677c6162b7c4a2db2ac0e88,false,stage08_b01_general_gaussian_scales_v1,5d6f2dd75b763122028b82c7fc144e476d8fa07150cda991f6306e7007f350ee,operator,general_gaussian,NA,NA,general_gaussian,general_gaussian__general_gaussian_int8_10e2__83936d62ed24e086__sym,general_gaussian_int8_10e2,10^2,100,window_positions=[100],INT8,GPU,not_applicable,compatibility/end-to-end,PASS,OK,20,100,85,0.24247299999999999,true,83936d62ed24e086c128add8ae2373b1606f7f88344db7066c5006b4c183dc37,668dd4815dbf1adf4a2cdd0785f1687dd702d8abb54fd213a5ac72e86fc03166
1,20260806T115729Z_9ad02548cf6c_stage08_b01_formal_74000018,formal,20260806T115729Z,9ad02548cf6c74fae677c6162b7c4a2db2ac0e88,false,stage08_b01_general_gaussian_scales_v1,5d6f2dd75b763122028b82c7fc144e476d8fa07150cda991f6306e7007f350ee,operator,general_gaussian,NA,NA,general_gaussian,general_gaussian__general_gaussian_int8_10e2__83936d62ed24e086__sym,general_gaussian_int8_10e2,10^2,100,window_positions=[100],INT8,GPU,not_applicable,compatibility/end-to-end,PASS,OK,20,100,86,0.244533,true,83936d62ed24e086c128add8ae2373b1606f7f88344db7066c5006b4c183dc37,668dd4815dbf1adf4a2cdd0785f1687dd702d8abb54fd213a5ac72e86fc03166
1,20260806T115729Z_9ad02548cf6c_stage08_b01_formal_74000018,formal,20260806T115729Z,9ad02548cf6c74fae677c6162b7c4a2db2ac0e88,false,stage08_b01_general_gaussian_scales_v1,5d6f2dd75b763122028b82c7fc144e476d8fa07150cda991f6306e7007f350ee,operator,general_gaussian,NA,NA,general_gaussian,general_gaussian__general_gaussian_int8_10e2__83936d62ed24e086__sym,general_gaussian_int8_10e2,10^2,100,window_positions=[100],INT8,GPU,not_applicable,compatibility/end-to-end,PASS,OK,20,100,87,0.24268400000000001,true,83936d62ed24e086c128add8ae2373b1606f7f88344db7066c5006b4c183dc37,668dd4815dbf1adf4a2cdd0785f1687dd702d8abb54fd213a5ac72e86fc03166
1,20260806T115729Z_9ad02548cf6c_stage08_b01_formal_74000018,formal,20260806T115729Z,9ad02548cf6c74fae677c6162b7c4a2db2ac0e88,false,stage08_b01_general_gaussian_scales_v1,5d6f2dd75b763122028b82c7fc144e476d8fa07150cda991f6306e7007f350ee,operator,general_gaussian,NA,NA,general_gaussian,general_gaussian__general_gaussian_int8_10e2__83936d62ed24e086__sym,general_gaussian_int8_10e2,10^2,100,window_positions=[100],INT8,GPU,not_applicable,compatibility/end-to-end,PASS,OK,20,100,88,0.24360299999999999,true,83936d62ed24e086c128add8ae2373b1606f7f88344db7066c5006b4c183dc37,668dd4815dbf1adf4a2cdd0785f1687dd702d8abb54fd213a5ac72e86fc03166
1,20260806T115729Z_9ad02548cf6c_stage08_b01_formal_74000018,formal,20260806T115729Z,9ad02548cf6c74fae677c6162b7c4a2db2ac0e88,false,stage08_b01_general_gaussian_scales_v1,5d6f2dd75b763122028b82c7fc144e476d8fa07150cda991f6306e7007f350ee,operator,general_gaussian,NA,NA,general_gaussian,general_gaussian__general_gaussian_int8_10e2__83936d62ed24e086__sym,general_gaussian_int8_10e2,10^2,100,window_positions=[100],INT8,GPU,not_applicable,compatibility/end-to-end,PASS,OK,20,100,89,0.243783,true,83936d62ed24e086c128add8ae2373b1606f7f88344db7066c5006b4c183dc37,668dd4815dbf1adf4a2cdd0785f1687dd702d8abb54fd213a5ac72e86fc03166
1,20260806T115729Z_9ad02548cf6c_stage08_b01_formal_74000018,formal,20260806T115729Z,9ad02548cf6c74fae677c6162b7c4a2db2ac0e88,false,stage08_b01_general_gaussian_scales_v1,5d6f2dd75b763122028b82c7fc144e476d8fa07150cda991f6306e7007f350ee,operator,general_gaussian,NA,NA,general_gaussian,general_gaussian__general_gaussian_int8_10e2__83936d62ed24e086__sym,general_gaussian_int8_10e2,10^2,100,window_positions=[100],INT8,GPU,not_applicable,compatibility/end-to-end,PASS,OK,20,100,90,0.242974,true,83936d62ed24e086c128add8ae2373b1606f7f88344db7066c5006b4c183dc37,668dd4815dbf1adf4a2cdd0785f1687dd702d8abb54fd213a5ac72e86fc03166
1,20260806T115729Z_9ad02548cf6c_stage08_b01_formal_74000018,formal,20260806T115729Z,9ad02548cf6c74fae677c6162b7c4a2db2ac0e88,false,stage08_b01_general_gaussian_scales_v1,5d6f2dd75b763122028b82c7fc144e476d8fa07150cda991f6306e7007f350ee,operator,general_gaussian,NA,NA,general_gaussian,general_gaussian__general_gaussian_int8_10e2__83936d62ed24e086__sym,general_gaussian_int8_10e2,10^2,100,window_positions=[100],INT8,GPU,not_applicable,compatibility/end-to-end,PASS,OK,20,100,91,0.24219299999999999,true,83936d62ed24e086c128add8ae2373b1606f7f88344db7066c5006b4c183dc37,668dd4815dbf1adf4a2cdd0785f1687dd702d8abb54fd213a5ac72e86fc03166
1,20260806T115729Z_9ad02548cf6c_stage08_b01_formal_74000018,formal,20260806T115729Z,9ad02548cf6c74fae677c6162b7c4a2db2ac0e88,false,stage08_b01_general_gaussian_scales_v1,5d6f2dd75b763122028b82c7fc144e476d8fa07150cda991f6306e7007f350ee,operator,general_gaussian,NA,NA,general_gaussian,general_gaussian__general_gaussian_int8_10e2__83936d62ed24e086__sym,general_gaussian_int8_10e2,10^2,100,window_positions=[100],INT8,GPU,not_applicable,compatibility/end-to-end,PASS,OK,20,100,92,0.243173,true,83936d62ed24e086c128add8ae2373b1606f7f88344db7066c5006b4c183dc37,668dd4815dbf1adf4a2cdd0785f1687dd702d8abb54fd213a5ac72e86fc03166
1,20260806T115729Z_9ad02548cf6c_stage08_b01_formal_74000018,formal,20260806T115729Z,9ad02548cf6c74fae677c6162b7c4a2db2ac0e88,false,stage08_b01_general_gaussian_scales_v1,5d6f2dd75b763122028b82c7fc144e476d8fa07150cda991f6306e7007f350ee,operator,general_gaussian,NA,NA,general_gaussian,general_gaussian__general_gaussian_int8_10e2__83936d62ed24e086__sym,general_gaussian_int8_10e2,10^2,100,window_positions=[100],INT8,GPU,not_applicable,compatibility/end-to-end,PASS,OK,20,100,93,0.24226400000000001,true,83936d62ed24e086c128add8ae2373b1606f7f88344db7066c5006b4c183dc37,668dd4815dbf1adf4a2cdd0785f1687dd702d8abb54fd213a5ac72e86fc03166
1,20260806T115729Z_9ad02548cf6c_stage08_b01_formal_74000018,formal,20260806T115729Z,9ad02548cf6c74fae677c6162b7c4a2db2ac0e88,false,stage08_b01_general_gaussian_scales_v1,5d6f2dd75b763122028b82c7fc144e476d8fa07150cda991f6306e7007f350ee,operator,general_gaussian,NA,NA,general_gaussian,general_gaussian__general_gaussian_int8_10e2__83936d62ed24e086__sym,general_gaussian_int8_10e2,10^2,100,window_positions=[100],INT8,GPU,not_applicable,compatibility/end-to-end,PASS,OK,20,100,94,0.24304300000000001,true,83936d62ed24e086c128add8ae2373b1606f7f88344db7066c5006b4c183dc37,668dd4815dbf1adf4a2cdd0785f1687dd702d8abb54fd213a5ac72e86fc03166
1,20260806T115729Z_9ad02548cf6c_stage08_b01_formal_74000018,formal,20260806T115729Z,9ad02548cf6c74fae677c6162b7c4a2db2ac0e88,false,stage08_b01_general_gaussian_scales_v1,5d6f2dd75b763122028b82c7fc144e476d8fa07150cda991f6306e7007f350ee,operator,general_gaussian,NA,NA,general_gaussian,general_gaussian__general_gaussian_int8_10e2__83936d62ed24e086__sym,general_gaussian_int8_10e2,10^2,100,window_positions=[100],INT8,GPU,not_applicable,compatibility/end-to-end,PASS,OK,20,100,95,0.24232300000000001,true,83936d62ed24e086c128add8ae2373b1606f7f88344db7066c5006b4c183dc37,668dd4815dbf1adf4a2cdd0785f1687dd702d8abb54fd213a5ac72e86fc03166
1,20260806T115729Z_9ad02548cf6c_stage08_b01_formal_74000018,formal,20260806T115729Z,9ad02548cf6c74fae677c6162b7c4a2db2ac0e88,false,stage08_b01_general_gaussian_scales_v1,5d6f2dd75b763122028b82c7fc144e476d8fa07150cda991f6306e7007f350ee,operator,general_gaussian,NA,NA,general_gaussian,general_gaussian__general_gaussian_int8_10e2__83936d62ed24e086__sym,general_gaussian_int8_10e2,10^2,100,window_positions=[100],INT8,GPU,not_applicable,compatibility/end-to-end,PASS,OK,20,100,96,0.242114,true,83936d62ed24e086c128add8ae2373b1606f7f88344db7066c5006b4c183dc37,668dd4815dbf1adf4a2cdd0785f1687dd702d8abb54fd213a5ac72e86fc03166
1,20260806T115729Z_9ad02548cf6c_stage08_b01_formal_74000018,formal,20260806T115729Z,9ad02548cf6c74fae677c6162b7c4a2db2ac0e88,false,stage08_b01_general_gaussian_scales_v1,5d6f2dd75b763122028b82c7fc144e476d8fa07150cda991f6306e7007f350ee,operator,general_gaussian,NA,NA,general_gaussian,general_gaussian__general_gaussian_int8_10e2__83936d62ed24e086__sym,general_gaussian_int8_10e2,10^2,100,window_positions=[100],INT8,GPU,not_applicable,compatibility/end-to-end,PASS,OK,20,100,97,0.25732300000000002,true,83936d62ed24e086c128add8ae2373b1606f7f88344db7066c5006b4c183dc37,668dd4815dbf1adf4a2cdd0785f1687dd702d8abb54fd213a5ac72e86fc03166
1,20260806T115729Z_9ad02548cf6c_stage08_b01_formal_74000018,formal,20260806T115729Z,9ad02548cf6c74fae677c6162b7c4a2db2ac0e88,false,stage08_b01_general_gaussian_scales_v1,5d6f2dd75b763122028b82c7fc144e476d8fa07150cda991f6306e7007f350ee,operator,general_gaussian,NA,NA,general_gaussian,general_gaussian__general_gaussian_int8_10e2__83936d62ed24e086__sym,general_gaussian_int8_10e2,10^2,100,window_positions=[100],INT8,GPU,not_applicable,compatibility/end-to-end,PASS,OK,20,100,98,0.244034,true,83936d62ed24e086c128add8ae2373b1606f7f88344db7066c5006b4c183dc37,668dd4815dbf1adf4a2cdd0785f1687dd702d8abb54fd213a5ac72e86fc03166
1,20260806T115729Z_9ad02548cf6c_stage08_b01_formal_74000018,formal,20260806T115729Z,9ad02548cf6c74fae677c6162b7c4a2db2ac0e88,false,stage08_b01_general_gaussian_scales_v1,5d6f2dd75b763122028b82c7fc144e476d8fa07150cda991f6306e7007f350ee,operator,general_gaussian,NA,NA,general_gaussian,general_gaussian__general_gaussian_int8_10e2__83936d62ed24e086__sym,general_gaussian_int8_10e2,10^2,100,window_positions=[100],INT8,GPU,not_applicable,compatibility/end-to-end,PASS,OK,20,100,99,0.24152299999999999,true,83936d62ed24e086c128add8ae2373b1606f7f88344db7066c5006b4c183dc37,668dd4815dbf1adf4a2cdd0785f1687dd702d8abb54fd213a5ac72e86fc03166
