schema_version,run_id,run_type,test_time_utc,git_commit,git_dirty,config_id,config_sha256,target_kind,target,task_name,step_name,operator_name,case_id,scale_id,order_of_magnitude,actual_elements,input_shape,dtype,device,backend,timing_scope,status,error_code,warmup_runs,measured_runs,sample_index,latency_ms,synchronized,input_digest,output_digest
1,20260810T085518Z_9b01dadd36f6_stage08_b06_formal_86710003,formal,20260810T085518Z,9b01dadd36f6bf7c926f41342d17d4ffb3011408,false,stage08_b06_csd_scales_v1,f34a8418b38bdb14cc081605a2640838095875661c115422e9623793c66e122b,operator,csd,NA,NA,csd,csd__csd_fp16_10e2__b6c27e040f696c46,csd_fp16_10e2,10^2,100,"x=[100],y=[80]",FP16,CPU,fft_thrust,compatibility/end-to-end,PASS,OK,20,100,0,0.313301,true,b6c27e040f696c469f9cdb46a5c7bb842110fc9887bddc90119bf731e080cde4,ce9303996685cf4704fddd0bfb893b1f35d7c37d70d020aa7b4db20ca2ff5bee
1,20260810T085518Z_9b01dadd36f6_stage08_b06_formal_86710003,formal,20260810T085518Z,9b01dadd36f6bf7c926f41342d17d4ffb3011408,false,stage08_b06_csd_scales_v1,f34a8418b38bdb14cc081605a2640838095875661c115422e9623793c66e122b,operator,csd,NA,NA,csd,csd__csd_fp16_10e2__b6c27e040f696c46,csd_fp16_10e2,10^2,100,"x=[100],y=[80]",FP16,CPU,fft_thrust,compatibility/end-to-end,PASS,OK,20,100,1,0.313622,true,b6c27e040f696c469f9cdb46a5c7bb842110fc9887bddc90119bf731e080cde4,ce9303996685cf4704fddd0bfb893b1f35d7c37d70d020aa7b4db20ca2ff5bee
1,20260810T085518Z_9b01dadd36f6_stage08_b06_formal_86710003,formal,20260810T085518Z,9b01dadd36f6bf7c926f41342d17d4ffb3011408,false,stage08_b06_csd_scales_v1,f34a8418b38bdb14cc081605a2640838095875661c115422e9623793c66e122b,operator,csd,NA,NA,csd,csd__csd_fp16_10e2__b6c27e040f696c46,csd_fp16_10e2,10^2,100,"x=[100],y=[80]",FP16,CPU,fft_thrust,compatibility/end-to-end,PASS,OK,20,100,2,0.313312,true,b6c27e040f696c469f9cdb46a5c7bb842110fc9887bddc90119bf731e080cde4,ce9303996685cf4704fddd0bfb893b1f35d7c37d70d020aa7b4db20ca2ff5bee
1,20260810T085518Z_9b01dadd36f6_stage08_b06_formal_86710003,formal,20260810T085518Z,9b01dadd36f6bf7c926f41342d17d4ffb3011408,false,stage08_b06_csd_scales_v1,f34a8418b38bdb14cc081605a2640838095875661c115422e9623793c66e122b,operator,csd,NA,NA,csd,csd__csd_fp16_10e2__b6c27e040f696c46,csd_fp16_10e2,10^2,100,"x=[100],y=[80]",FP16,CPU,fft_thrust,compatibility/end-to-end,PASS,OK,20,100,3,0.313761,true,b6c27e040f696c469f9cdb46a5c7bb842110fc9887bddc90119bf731e080cde4,ce9303996685cf4704fddd0bfb893b1f35d7c37d70d020aa7b4db20ca2ff5bee
1,20260810T085518Z_9b01dadd36f6_stage08_b06_formal_86710003,formal,20260810T085518Z,9b01dadd36f6bf7c926f41342d17d4ffb3011408,false,stage08_b06_csd_scales_v1,f34a8418b38bdb14cc081605a2640838095875661c115422e9623793c66e122b,operator,csd,NA,NA,csd,csd__csd_fp16_10e2__b6c27e040f696c46,csd_fp16_10e2,10^2,100,"x=[100],y=[80]",FP16,CPU,fft_thrust,compatibility/end-to-end,PASS,OK,20,100,4,0.313622,true,b6c27e040f696c469f9cdb46a5c7bb842110fc9887bddc90119bf731e080cde4,ce9303996685cf4704fddd0bfb893b1f35d7c37d70d020aa7b4db20ca2ff5bee
1,20260810T085518Z_9b01dadd36f6_stage08_b06_formal_86710003,formal,20260810T085518Z,9b01dadd36f6bf7c926f41342d17d4ffb3011408,false,stage08_b06_csd_scales_v1,f34a8418b38bdb14cc081605a2640838095875661c115422e9623793c66e122b,operator,csd,NA,NA,csd,csd__csd_fp16_10e2__b6c27e040f696c46,csd_fp16_10e2,10^2,100,"x=[100],y=[80]",FP16,CPU,fft_thrust,compatibility/end-to-end,PASS,OK,20,100,5,0.313752,true,b6c27e040f696c469f9cdb46a5c7bb842110fc9887bddc90119bf731e080cde4,ce9303996685cf4704fddd0bfb893b1f35d7c37d70d020aa7b4db20ca2ff5bee
1,20260810T085518Z_9b01dadd36f6_stage08_b06_formal_86710003,formal,20260810T085518Z,9b01dadd36f6bf7c926f41342d17d4ffb3011408,false,stage08_b06_csd_scales_v1,f34a8418b38bdb14cc081605a2640838095875661c115422e9623793c66e122b,operator,csd,NA,NA,csd,csd__csd_fp16_10e2__b6c27e040f696c46,csd_fp16_10e2,10^2,100,"x=[100],y=[80]",FP16,CPU,fft_thrust,compatibility/end-to-end,PASS,OK,20,100,6,0.313181,true,b6c27e040f696c469f9cdb46a5c7bb842110fc9887bddc90119bf731e080cde4,ce9303996685cf4704fddd0bfb893b1f35d7c37d70d020aa7b4db20ca2ff5bee
1,20260810T085518Z_9b01dadd36f6_stage08_b06_formal_86710003,formal,20260810T085518Z,9b01dadd36f6bf7c926f41342d17d4ffb3011408,false,stage08_b06_csd_scales_v1,f34a8418b38bdb14cc081605a2640838095875661c115422e9623793c66e122b,operator,csd,NA,NA,csd,csd__csd_fp16_10e2__b6c27e040f696c46,csd_fp16_10e2,10^2,100,"x=[100],y=[80]",FP16,CPU,fft_thrust,compatibility/end-to-end,PASS,OK,20,100,7,0.313422,true,b6c27e040f696c469f9cdb46a5c7bb842110fc9887bddc90119bf731e080cde4,ce9303996685cf4704fddd0bfb893b1f35d7c37d70d020aa7b4db20ca2ff5bee
1,20260810T085518Z_9b01dadd36f6_stage08_b06_formal_86710003,formal,20260810T085518Z,9b01dadd36f6bf7c926f41342d17d4ffb3011408,false,stage08_b06_csd_scales_v1,f34a8418b38bdb14cc081605a2640838095875661c115422e9623793c66e122b,operator,csd,NA,NA,csd,csd__csd_fp16_10e2__b6c27e040f696c46,csd_fp16_10e2,10^2,100,"x=[100],y=[80]",FP16,CPU,fft_thrust,compatibility/end-to-end,PASS,OK,20,100,8,0.327362,true,b6c27e040f696c469f9cdb46a5c7bb842110fc9887bddc90119bf731e080cde4,ce9303996685cf4704fddd0bfb893b1f35d7c37d70d020aa7b4db20ca2ff5bee
1,20260810T085518Z_9b01dadd36f6_stage08_b06_formal_86710003,formal,20260810T085518Z,9b01dadd36f6bf7c926f41342d17d4ffb3011408,false,stage08_b06_csd_scales_v1,f34a8418b38bdb14cc081605a2640838095875661c115422e9623793c66e122b,operator,csd,NA,NA,csd,csd__csd_fp16_10e2__b6c27e040f696c46,csd_fp16_10e2,10^2,100,"x=[100],y=[80]",FP16,CPU,fft_thrust,compatibility/end-to-end,PASS,OK,20,100,9,0.312592,true,b6c27e040f696c469f9cdb46a5c7bb842110fc9887bddc90119bf731e080cde4,ce9303996685cf4704fddd0bfb893b1f35d7c37d70d020aa7b4db20ca2ff5bee
1,20260810T085518Z_9b01dadd36f6_stage08_b06_formal_86710003,formal,20260810T085518Z,9b01dadd36f6bf7c926f41342d17d4ffb3011408,false,stage08_b06_csd_scales_v1,f34a8418b38bdb14cc081605a2640838095875661c115422e9623793c66e122b,operator,csd,NA,NA,csd,csd__csd_fp16_10e2__b6c27e040f696c46,csd_fp16_10e2,10^2,100,"x=[100],y=[80]",FP16,CPU,fft_thrust,compatibility/end-to-end,PASS,OK,20,100,10,0.312161,true,b6c27e040f696c469f9cdb46a5c7bb842110fc9887bddc90119bf731e080cde4,ce9303996685cf4704fddd0bfb893b1f35d7c37d70d020aa7b4db20ca2ff5bee
1,20260810T085518Z_9b01dadd36f6_stage08_b06_formal_86710003,formal,20260810T085518Z,9b01dadd36f6bf7c926f41342d17d4ffb3011408,false,stage08_b06_csd_scales_v1,f34a8418b38bdb14cc081605a2640838095875661c115422e9623793c66e122b,operator,csd,NA,NA,csd,csd__csd_fp16_10e2__b6c27e040f696c46,csd_fp16_10e2,10^2,100,"x=[100],y=[80]",FP16,CPU,fft_thrust,compatibility/end-to-end,PASS,OK,20,100,11,0.312222,true,b6c27e040f696c469f9cdb46a5c7bb842110fc9887bddc90119bf731e080cde4,ce9303996685cf4704fddd0bfb893b1f35d7c37d70d020aa7b4db20ca2ff5bee
1,20260810T085518Z_9b01dadd36f6_stage08_b06_formal_86710003,formal,20260810T085518Z,9b01dadd36f6bf7c926f41342d17d4ffb3011408,false,stage08_b06_csd_scales_v1,f34a8418b38bdb14cc081605a2640838095875661c115422e9623793c66e122b,operator,csd,NA,NA,csd,csd__csd_fp16_10e2__b6c27e040f696c46,csd_fp16_10e2,10^2,100,"x=[100],y=[80]",FP16,CPU,fft_thrust,compatibility/end-to-end,PASS,OK,20,100,12,0.311972,true,b6c27e040f696c469f9cdb46a5c7bb842110fc9887bddc90119bf731e080cde4,ce9303996685cf4704fddd0bfb893b1f35d7c37d70d020aa7b4db20ca2ff5bee
1,20260810T085518Z_9b01dadd36f6_stage08_b06_formal_86710003,formal,20260810T085518Z,9b01dadd36f6bf7c926f41342d17d4ffb3011408,false,stage08_b06_csd_scales_v1,f34a8418b38bdb14cc081605a2640838095875661c115422e9623793c66e122b,operator,csd,NA,NA,csd,csd__csd_fp16_10e2__b6c27e040f696c46,csd_fp16_10e2,10^2,100,"x=[100],y=[80]",FP16,CPU,fft_thrust,compatibility/end-to-end,PASS,OK,20,100,13,0.312351,true,b6c27e040f696c469f9cdb46a5c7bb842110fc9887bddc90119bf731e080cde4,ce9303996685cf4704fddd0bfb893b1f35d7c37d70d020aa7b4db20ca2ff5bee
1,20260810T085518Z_9b01dadd36f6_stage08_b06_formal_86710003,formal,20260810T085518Z,9b01dadd36f6bf7c926f41342d17d4ffb3011408,false,stage08_b06_csd_scales_v1,f34a8418b38bdb14cc081605a2640838095875661c115422e9623793c66e122b,operator,csd,NA,NA,csd,csd__csd_fp16_10e2__b6c27e040f696c46,csd_fp16_10e2,10^2,100,"x=[100],y=[80]",FP16,CPU,fft_thrust,compatibility/end-to-end,PASS,OK,20,100,14,0.312582,true,b6c27e040f696c469f9cdb46a5c7bb842110fc9887bddc90119bf731e080cde4,ce9303996685cf4704fddd0bfb893b1f35d7c37d70d020aa7b4db20ca2ff5bee
1,20260810T085518Z_9b01dadd36f6_stage08_b06_formal_86710003,formal,20260810T085518Z,9b01dadd36f6bf7c926f41342d17d4ffb3011408,false,stage08_b06_csd_scales_v1,f34a8418b38bdb14cc081605a2640838095875661c115422e9623793c66e122b,operator,csd,NA,NA,csd,csd__csd_fp16_10e2__b6c27e040f696c46,csd_fp16_10e2,10^2,100,"x=[100],y=[80]",FP16,CPU,fft_thrust,compatibility/end-to-end,PASS,OK,20,100,15,0.312432,true,b6c27e040f696c469f9cdb46a5c7bb842110fc9887bddc90119bf731e080cde4,ce9303996685cf4704fddd0bfb893b1f35d7c37d70d020aa7b4db20ca2ff5bee
1,20260810T085518Z_9b01dadd36f6_stage08_b06_formal_86710003,formal,20260810T085518Z,9b01dadd36f6bf7c926f41342d17d4ffb3011408,false,stage08_b06_csd_scales_v1,f34a8418b38bdb14cc081605a2640838095875661c115422e9623793c66e122b,operator,csd,NA,NA,csd,csd__csd_fp16_10e2__b6c27e040f696c46,csd_fp16_10e2,10^2,100,"x=[100],y=[80]",FP16,CPU,fft_thrust,compatibility/end-to-end,PASS,OK,20,100,16,0.312362,true,b6c27e040f696c469f9cdb46a5c7bb842110fc9887bddc90119bf731e080cde4,ce9303996685cf4704fddd0bfb893b1f35d7c37d70d020aa7b4db20ca2ff5bee
1,20260810T085518Z_9b01dadd36f6_stage08_b06_formal_86710003,formal,20260810T085518Z,9b01dadd36f6bf7c926f41342d17d4ffb3011408,false,stage08_b06_csd_scales_v1,f34a8418b38bdb14cc081605a2640838095875661c115422e9623793c66e122b,operator,csd,NA,NA,csd,csd__csd_fp16_10e2__b6c27e040f696c46,csd_fp16_10e2,10^2,100,"x=[100],y=[80]",FP16,CPU,fft_thrust,compatibility/end-to-end,PASS,OK,20,100,17,0.312391,true,b6c27e040f696c469f9cdb46a5c7bb842110fc9887bddc90119bf731e080cde4,ce9303996685cf4704fddd0bfb893b1f35d7c37d70d020aa7b4db20ca2ff5bee
1,20260810T085518Z_9b01dadd36f6_stage08_b06_formal_86710003,formal,20260810T085518Z,9b01dadd36f6bf7c926f41342d17d4ffb3011408,false,stage08_b06_csd_scales_v1,f34a8418b38bdb14cc081605a2640838095875661c115422e9623793c66e122b,operator,csd,NA,NA,csd,csd__csd_fp16_10e2__b6c27e040f696c46,csd_fp16_10e2,10^2,100,"x=[100],y=[80]",FP16,CPU,fft_thrust,compatibility/end-to-end,PASS,OK,20,100,18,0.312482,true,b6c27e040f696c469f9cdb46a5c7bb842110fc9887bddc90119bf731e080cde4,ce9303996685cf4704fddd0bfb893b1f35d7c37d70d020aa7b4db20ca2ff5bee
1,20260810T085518Z_9b01dadd36f6_stage08_b06_formal_86710003,formal,20260810T085518Z,9b01dadd36f6bf7c926f41342d17d4ffb3011408,false,stage08_b06_csd_scales_v1,f34a8418b38bdb14cc081605a2640838095875661c115422e9623793c66e122b,operator,csd,NA,NA,csd,csd__csd_fp16_10e2__b6c27e040f696c46,csd_fp16_10e2,10^2,100,"x=[100],y=[80]",FP16,CPU,fft_thrust,compatibility/end-to-end,PASS,OK,20,100,19,0.312452,true,b6c27e040f696c469f9cdb46a5c7bb842110fc9887bddc90119bf731e080cde4,ce9303996685cf4704fddd0bfb893b1f35d7c37d70d020aa7b4db20ca2ff5bee
1,20260810T085518Z_9b01dadd36f6_stage08_b06_formal_86710003,formal,20260810T085518Z,9b01dadd36f6bf7c926f41342d17d4ffb3011408,false,stage08_b06_csd_scales_v1,f34a8418b38bdb14cc081605a2640838095875661c115422e9623793c66e122b,operator,csd,NA,NA,csd,csd__csd_fp16_10e2__b6c27e040f696c46,csd_fp16_10e2,10^2,100,"x=[100],y=[80]",FP16,CPU,fft_thrust,compatibility/end-to-end,PASS,OK,20,100,20,0.312212,true,b6c27e040f696c469f9cdb46a5c7bb842110fc9887bddc90119bf731e080cde4,ce9303996685cf4704fddd0bfb893b1f35d7c37d70d020aa7b4db20ca2ff5bee
1,20260810T085518Z_9b01dadd36f6_stage08_b06_formal_86710003,formal,20260810T085518Z,9b01dadd36f6bf7c926f41342d17d4ffb3011408,false,stage08_b06_csd_scales_v1,f34a8418b38bdb14cc081605a2640838095875661c115422e9623793c66e122b,operator,csd,NA,NA,csd,csd__csd_fp16_10e2__b6c27e040f696c46,csd_fp16_10e2,10^2,100,"x=[100],y=[80]",FP16,CPU,fft_thrust,compatibility/end-to-end,PASS,OK,20,100,21,0.322121,true,b6c27e040f696c469f9cdb46a5c7bb842110fc9887bddc90119bf731e080cde4,ce9303996685cf4704fddd0bfb893b1f35d7c37d70d020aa7b4db20ca2ff5bee
1,20260810T085518Z_9b01dadd36f6_stage08_b06_formal_86710003,formal,20260810T085518Z,9b01dadd36f6bf7c926f41342d17d4ffb3011408,false,stage08_b06_csd_scales_v1,f34a8418b38bdb14cc081605a2640838095875661c115422e9623793c66e122b,operator,csd,NA,NA,csd,csd__csd_fp16_10e2__b6c27e040f696c46,csd_fp16_10e2,10^2,100,"x=[100],y=[80]",FP16,CPU,fft_thrust,compatibility/end-to-end,PASS,OK,20,100,22,0.312212,true,b6c27e040f696c469f9cdb46a5c7bb842110fc9887bddc90119bf731e080cde4,ce9303996685cf4704fddd0bfb893b1f35d7c37d70d020aa7b4db20ca2ff5bee
1,20260810T085518Z_9b01dadd36f6_stage08_b06_formal_86710003,formal,20260810T085518Z,9b01dadd36f6bf7c926f41342d17d4ffb3011408,false,stage08_b06_csd_scales_v1,f34a8418b38bdb14cc081605a2640838095875661c115422e9623793c66e122b,operator,csd,NA,NA,csd,csd__csd_fp16_10e2__b6c27e040f696c46,csd_fp16_10e2,10^2,100,"x=[100],y=[80]",FP16,CPU,fft_thrust,compatibility/end-to-end,PASS,OK,20,100,23,0.312382,true,b6c27e040f696c469f9cdb46a5c7bb842110fc9887bddc90119bf731e080cde4,ce9303996685cf4704fddd0bfb893b1f35d7c37d70d020aa7b4db20ca2ff5bee
1,20260810T085518Z_9b01dadd36f6_stage08_b06_formal_86710003,formal,20260810T085518Z,9b01dadd36f6bf7c926f41342d17d4ffb3011408,false,stage08_b06_csd_scales_v1,f34a8418b38bdb14cc081605a2640838095875661c115422e9623793c66e122b,operator,csd,NA,NA,csd,csd__csd_fp16_10e2__b6c27e040f696c46,csd_fp16_10e2,10^2,100,"x=[100],y=[80]",FP16,CPU,fft_thrust,compatibility/end-to-end,PASS,OK,20,100,24,0.312211,true,b6c27e040f696c469f9cdb46a5c7bb842110fc9887bddc90119bf731e080cde4,ce9303996685cf4704fddd0bfb893b1f35d7c37d70d020aa7b4db20ca2ff5bee
1,20260810T085518Z_9b01dadd36f6_stage08_b06_formal_86710003,formal,20260810T085518Z,9b01dadd36f6bf7c926f41342d17d4ffb3011408,false,stage08_b06_csd_scales_v1,f34a8418b38bdb14cc081605a2640838095875661c115422e9623793c66e122b,operator,csd,NA,NA,csd,csd__csd_fp16_10e2__b6c27e040f696c46,csd_fp16_10e2,10^2,100,"x=[100],y=[80]",FP16,CPU,fft_thrust,compatibility/end-to-end,PASS,OK,20,100,25,0.312542,true,b6c27e040f696c469f9cdb46a5c7bb842110fc9887bddc90119bf731e080cde4,ce9303996685cf4704fddd0bfb893b1f35d7c37d70d020aa7b4db20ca2ff5bee
1,20260810T085518Z_9b01dadd36f6_stage08_b06_formal_86710003,formal,20260810T085518Z,9b01dadd36f6bf7c926f41342d17d4ffb3011408,false,stage08_b06_csd_scales_v1,f34a8418b38bdb14cc081605a2640838095875661c115422e9623793c66e122b,operator,csd,NA,NA,csd,csd__csd_fp16_10e2__b6c27e040f696c46,csd_fp16_10e2,10^2,100,"x=[100],y=[80]",FP16,CPU,fft_thrust,compatibility/end-to-end,PASS,OK,20,100,26,0.312192,true,b6c27e040f696c469f9cdb46a5c7bb842110fc9887bddc90119bf731e080cde4,ce9303996685cf4704fddd0bfb893b1f35d7c37d70d020aa7b4db20ca2ff5bee
1,20260810T085518Z_9b01dadd36f6_stage08_b06_formal_86710003,formal,20260810T085518Z,9b01dadd36f6bf7c926f41342d17d4ffb3011408,false,stage08_b06_csd_scales_v1,f34a8418b38bdb14cc081605a2640838095875661c115422e9623793c66e122b,operator,csd,NA,NA,csd,csd__csd_fp16_10e2__b6c27e040f696c46,csd_fp16_10e2,10^2,100,"x=[100],y=[80]",FP16,CPU,fft_thrust,compatibility/end-to-end,PASS,OK,20,100,27,0.312261,true,b6c27e040f696c469f9cdb46a5c7bb842110fc9887bddc90119bf731e080cde4,ce9303996685cf4704fddd0bfb893b1f35d7c37d70d020aa7b4db20ca2ff5bee
1,20260810T085518Z_9b01dadd36f6_stage08_b06_formal_86710003,formal,20260810T085518Z,9b01dadd36f6bf7c926f41342d17d4ffb3011408,false,stage08_b06_csd_scales_v1,f34a8418b38bdb14cc081605a2640838095875661c115422e9623793c66e122b,operator,csd,NA,NA,csd,csd__csd_fp16_10e2__b6c27e040f696c46,csd_fp16_10e2,10^2,100,"x=[100],y=[80]",FP16,CPU,fft_thrust,compatibility/end-to-end,PASS,OK,20,100,28,0.312292,true,b6c27e040f696c469f9cdb46a5c7bb842110fc9887bddc90119bf731e080cde4,ce9303996685cf4704fddd0bfb893b1f35d7c37d70d020aa7b4db20ca2ff5bee
1,20260810T085518Z_9b01dadd36f6_stage08_b06_formal_86710003,formal,20260810T085518Z,9b01dadd36f6bf7c926f41342d17d4ffb3011408,false,stage08_b06_csd_scales_v1,f34a8418b38bdb14cc081605a2640838095875661c115422e9623793c66e122b,operator,csd,NA,NA,csd,csd__csd_fp16_10e2__b6c27e040f696c46,csd_fp16_10e2,10^2,100,"x=[100],y=[80]",FP16,CPU,fft_thrust,compatibility/end-to-end,PASS,OK,20,100,29,0.311942,true,b6c27e040f696c469f9cdb46a5c7bb842110fc9887bddc90119bf731e080cde4,ce9303996685cf4704fddd0bfb893b1f35d7c37d70d020aa7b4db20ca2ff5bee
1,20260810T085518Z_9b01dadd36f6_stage08_b06_formal_86710003,formal,20260810T085518Z,9b01dadd36f6bf7c926f41342d17d4ffb3011408,false,stage08_b06_csd_scales_v1,f34a8418b38bdb14cc081605a2640838095875661c115422e9623793c66e122b,operator,csd,NA,NA,csd,csd__csd_fp16_10e2__b6c27e040f696c46,csd_fp16_10e2,10^2,100,"x=[100],y=[80]",FP16,CPU,fft_thrust,compatibility/end-to-end,PASS,OK,20,100,30,0.312241,true,b6c27e040f696c469f9cdb46a5c7bb842110fc9887bddc90119bf731e080cde4,ce9303996685cf4704fddd0bfb893b1f35d7c37d70d020aa7b4db20ca2ff5bee
1,20260810T085518Z_9b01dadd36f6_stage08_b06_formal_86710003,formal,20260810T085518Z,9b01dadd36f6bf7c926f41342d17d4ffb3011408,false,stage08_b06_csd_scales_v1,f34a8418b38bdb14cc081605a2640838095875661c115422e9623793c66e122b,operator,csd,NA,NA,csd,csd__csd_fp16_10e2__b6c27e040f696c46,csd_fp16_10e2,10^2,100,"x=[100],y=[80]",FP16,CPU,fft_thrust,compatibility/end-to-end,PASS,OK,20,100,31,0.312372,true,b6c27e040f696c469f9cdb46a5c7bb842110fc9887bddc90119bf731e080cde4,ce9303996685cf4704fddd0bfb893b1f35d7c37d70d020aa7b4db20ca2ff5bee
1,20260810T085518Z_9b01dadd36f6_stage08_b06_formal_86710003,formal,20260810T085518Z,9b01dadd36f6bf7c926f41342d17d4ffb3011408,false,stage08_b06_csd_scales_v1,f34a8418b38bdb14cc081605a2640838095875661c115422e9623793c66e122b,operator,csd,NA,NA,csd,csd__csd_fp16_10e2__b6c27e040f696c46,csd_fp16_10e2,10^2,100,"x=[100],y=[80]",FP16,CPU,fft_thrust,compatibility/end-to-end,PASS,OK,20,100,32,0.312282,true,b6c27e040f696c469f9cdb46a5c7bb842110fc9887bddc90119bf731e080cde4,ce9303996685cf4704fddd0bfb893b1f35d7c37d70d020aa7b4db20ca2ff5bee
1,20260810T085518Z_9b01dadd36f6_stage08_b06_formal_86710003,formal,20260810T085518Z,9b01dadd36f6bf7c926f41342d17d4ffb3011408,false,stage08_b06_csd_scales_v1,f34a8418b38bdb14cc081605a2640838095875661c115422e9623793c66e122b,operator,csd,NA,NA,csd,csd__csd_fp16_10e2__b6c27e040f696c46,csd_fp16_10e2,10^2,100,"x=[100],y=[80]",FP16,CPU,fft_thrust,compatibility/end-to-end,PASS,OK,20,100,33,0.312271,true,b6c27e040f696c469f9cdb46a5c7bb842110fc9887bddc90119bf731e080cde4,ce9303996685cf4704fddd0bfb893b1f35d7c37d70d020aa7b4db20ca2ff5bee
1,20260810T085518Z_9b01dadd36f6_stage08_b06_formal_86710003,formal,20260810T085518Z,9b01dadd36f6bf7c926f41342d17d4ffb3011408,false,stage08_b06_csd_scales_v1,f34a8418b38bdb14cc081605a2640838095875661c115422e9623793c66e122b,operator,csd,NA,NA,csd,csd__csd_fp16_10e2__b6c27e040f696c46,csd_fp16_10e2,10^2,100,"x=[100],y=[80]",FP16,CPU,fft_thrust,compatibility/end-to-end,PASS,OK,20,100,34,0.328712,true,b6c27e040f696c469f9cdb46a5c7bb842110fc9887bddc90119bf731e080cde4,ce9303996685cf4704fddd0bfb893b1f35d7c37d70d020aa7b4db20ca2ff5bee
1,20260810T085518Z_9b01dadd36f6_stage08_b06_formal_86710003,formal,20260810T085518Z,9b01dadd36f6bf7c926f41342d17d4ffb3011408,false,stage08_b06_csd_scales_v1,f34a8418b38bdb14cc081605a2640838095875661c115422e9623793c66e122b,operator,csd,NA,NA,csd,csd__csd_fp16_10e2__b6c27e040f696c46,csd_fp16_10e2,10^2,100,"x=[100],y=[80]",FP16,CPU,fft_thrust,compatibility/end-to-end,PASS,OK,20,100,35,0.312002,true,b6c27e040f696c469f9cdb46a5c7bb842110fc9887bddc90119bf731e080cde4,ce9303996685cf4704fddd0bfb893b1f35d7c37d70d020aa7b4db20ca2ff5bee
1,20260810T085518Z_9b01dadd36f6_stage08_b06_formal_86710003,formal,20260810T085518Z,9b01dadd36f6bf7c926f41342d17d4ffb3011408,false,stage08_b06_csd_scales_v1,f34a8418b38bdb14cc081605a2640838095875661c115422e9623793c66e122b,operator,csd,NA,NA,csd,csd__csd_fp16_10e2__b6c27e040f696c46,csd_fp16_10e2,10^2,100,"x=[100],y=[80]",FP16,CPU,fft_thrust,compatibility/end-to-end,PASS,OK,20,100,36,0.312131,true,b6c27e040f696c469f9cdb46a5c7bb842110fc9887bddc90119bf731e080cde4,ce9303996685cf4704fddd0bfb893b1f35d7c37d70d020aa7b4db20ca2ff5bee
1,20260810T085518Z_9b01dadd36f6_stage08_b06_formal_86710003,formal,20260810T085518Z,9b01dadd36f6bf7c926f41342d17d4ffb3011408,false,stage08_b06_csd_scales_v1,f34a8418b38bdb14cc081605a2640838095875661c115422e9623793c66e122b,operator,csd,NA,NA,csd,csd__csd_fp16_10e2__b6c27e040f696c46,csd_fp16_10e2,10^2,100,"x=[100],y=[80]",FP16,CPU,fft_thrust,compatibility/end-to-end,PASS,OK,20,100,37,0.312362,true,b6c27e040f696c469f9cdb46a5c7bb842110fc9887bddc90119bf731e080cde4,ce9303996685cf4704fddd0bfb893b1f35d7c37d70d020aa7b4db20ca2ff5bee
1,20260810T085518Z_9b01dadd36f6_stage08_b06_formal_86710003,formal,20260810T085518Z,9b01dadd36f6bf7c926f41342d17d4ffb3011408,false,stage08_b06_csd_scales_v1,f34a8418b38bdb14cc081605a2640838095875661c115422e9623793c66e122b,operator,csd,NA,NA,csd,csd__csd_fp16_10e2__b6c27e040f696c46,csd_fp16_10e2,10^2,100,"x=[100],y=[80]",FP16,CPU,fft_thrust,compatibility/end-to-end,PASS,OK,20,100,38,0.312262,true,b6c27e040f696c469f9cdb46a5c7bb842110fc9887bddc90119bf731e080cde4,ce9303996685cf4704fddd0bfb893b1f35d7c37d70d020aa7b4db20ca2ff5bee
1,20260810T085518Z_9b01dadd36f6_stage08_b06_formal_86710003,formal,20260810T085518Z,9b01dadd36f6bf7c926f41342d17d4ffb3011408,false,stage08_b06_csd_scales_v1,f34a8418b38bdb14cc081605a2640838095875661c115422e9623793c66e122b,operator,csd,NA,NA,csd,csd__csd_fp16_10e2__b6c27e040f696c46,csd_fp16_10e2,10^2,100,"x=[100],y=[80]",FP16,CPU,fft_thrust,compatibility/end-to-end,PASS,OK,20,100,39,0.312231,true,b6c27e040f696c469f9cdb46a5c7bb842110fc9887bddc90119bf731e080cde4,ce9303996685cf4704fddd0bfb893b1f35d7c37d70d020aa7b4db20ca2ff5bee
1,20260810T085518Z_9b01dadd36f6_stage08_b06_formal_86710003,formal,20260810T085518Z,9b01dadd36f6bf7c926f41342d17d4ffb3011408,false,stage08_b06_csd_scales_v1,f34a8418b38bdb14cc081605a2640838095875661c115422e9623793c66e122b,operator,csd,NA,NA,csd,csd__csd_fp16_10e2__b6c27e040f696c46,csd_fp16_10e2,10^2,100,"x=[100],y=[80]",FP16,CPU,fft_thrust,compatibility/end-to-end,PASS,OK,20,100,40,0.312132,true,b6c27e040f696c469f9cdb46a5c7bb842110fc9887bddc90119bf731e080cde4,ce9303996685cf4704fddd0bfb893b1f35d7c37d70d020aa7b4db20ca2ff5bee
1,20260810T085518Z_9b01dadd36f6_stage08_b06_formal_86710003,formal,20260810T085518Z,9b01dadd36f6bf7c926f41342d17d4ffb3011408,false,stage08_b06_csd_scales_v1,f34a8418b38bdb14cc081605a2640838095875661c115422e9623793c66e122b,operator,csd,NA,NA,csd,csd__csd_fp16_10e2__b6c27e040f696c46,csd_fp16_10e2,10^2,100,"x=[100],y=[80]",FP16,CPU,fft_thrust,compatibility/end-to-end,PASS,OK,20,100,41,0.312332,true,b6c27e040f696c469f9cdb46a5c7bb842110fc9887bddc90119bf731e080cde4,ce9303996685cf4704fddd0bfb893b1f35d7c37d70d020aa7b4db20ca2ff5bee
1,20260810T085518Z_9b01dadd36f6_stage08_b06_formal_86710003,formal,20260810T085518Z,9b01dadd36f6bf7c926f41342d17d4ffb3011408,false,stage08_b06_csd_scales_v1,f34a8418b38bdb14cc081605a2640838095875661c115422e9623793c66e122b,operator,csd,NA,NA,csd,csd__csd_fp16_10e2__b6c27e040f696c46,csd_fp16_10e2,10^2,100,"x=[100],y=[80]",FP16,CPU,fft_thrust,compatibility/end-to-end,PASS,OK,20,100,42,0.312082,true,b6c27e040f696c469f9cdb46a5c7bb842110fc9887bddc90119bf731e080cde4,ce9303996685cf4704fddd0bfb893b1f35d7c37d70d020aa7b4db20ca2ff5bee
1,20260810T085518Z_9b01dadd36f6_stage08_b06_formal_86710003,formal,20260810T085518Z,9b01dadd36f6bf7c926f41342d17d4ffb3011408,false,stage08_b06_csd_scales_v1,f34a8418b38bdb14cc081605a2640838095875661c115422e9623793c66e122b,operator,csd,NA,NA,csd,csd__csd_fp16_10e2__b6c27e040f696c46,csd_fp16_10e2,10^2,100,"x=[100],y=[80]",FP16,CPU,fft_thrust,compatibility/end-to-end,PASS,OK,20,100,43,0.311951,true,b6c27e040f696c469f9cdb46a5c7bb842110fc9887bddc90119bf731e080cde4,ce9303996685cf4704fddd0bfb893b1f35d7c37d70d020aa7b4db20ca2ff5bee
1,20260810T085518Z_9b01dadd36f6_stage08_b06_formal_86710003,formal,20260810T085518Z,9b01dadd36f6bf7c926f41342d17d4ffb3011408,false,stage08_b06_csd_scales_v1,f34a8418b38bdb14cc081605a2640838095875661c115422e9623793c66e122b,operator,csd,NA,NA,csd,csd__csd_fp16_10e2__b6c27e040f696c46,csd_fp16_10e2,10^2,100,"x=[100],y=[80]",FP16,CPU,fft_thrust,compatibility/end-to-end,PASS,OK,20,100,44,0.312312,true,b6c27e040f696c469f9cdb46a5c7bb842110fc9887bddc90119bf731e080cde4,ce9303996685cf4704fddd0bfb893b1f35d7c37d70d020aa7b4db20ca2ff5bee
1,20260810T085518Z_9b01dadd36f6_stage08_b06_formal_86710003,formal,20260810T085518Z,9b01dadd36f6bf7c926f41342d17d4ffb3011408,false,stage08_b06_csd_scales_v1,f34a8418b38bdb14cc081605a2640838095875661c115422e9623793c66e122b,operator,csd,NA,NA,csd,csd__csd_fp16_10e2__b6c27e040f696c46,csd_fp16_10e2,10^2,100,"x=[100],y=[80]",FP16,CPU,fft_thrust,compatibility/end-to-end,PASS,OK,20,100,45,0.312112,true,b6c27e040f696c469f9cdb46a5c7bb842110fc9887bddc90119bf731e080cde4,ce9303996685cf4704fddd0bfb893b1f35d7c37d70d020aa7b4db20ca2ff5bee
1,20260810T085518Z_9b01dadd36f6_stage08_b06_formal_86710003,formal,20260810T085518Z,9b01dadd36f6bf7c926f41342d17d4ffb3011408,false,stage08_b06_csd_scales_v1,f34a8418b38bdb14cc081605a2640838095875661c115422e9623793c66e122b,operator,csd,NA,NA,csd,csd__csd_fp16_10e2__b6c27e040f696c46,csd_fp16_10e2,10^2,100,"x=[100],y=[80]",FP16,CPU,fft_thrust,compatibility/end-to-end,PASS,OK,20,100,46,0.311871,true,b6c27e040f696c469f9cdb46a5c7bb842110fc9887bddc90119bf731e080cde4,ce9303996685cf4704fddd0bfb893b1f35d7c37d70d020aa7b4db20ca2ff5bee
1,20260810T085518Z_9b01dadd36f6_stage08_b06_formal_86710003,formal,20260810T085518Z,9b01dadd36f6bf7c926f41342d17d4ffb3011408,false,stage08_b06_csd_scales_v1,f34a8418b38bdb14cc081605a2640838095875661c115422e9623793c66e122b,operator,csd,NA,NA,csd,csd__csd_fp16_10e2__b6c27e040f696c46,csd_fp16_10e2,10^2,100,"x=[100],y=[80]",FP16,CPU,fft_thrust,compatibility/end-to-end,PASS,OK,20,100,47,0.326412,true,b6c27e040f696c469f9cdb46a5c7bb842110fc9887bddc90119bf731e080cde4,ce9303996685cf4704fddd0bfb893b1f35d7c37d70d020aa7b4db20ca2ff5bee
1,20260810T085518Z_9b01dadd36f6_stage08_b06_formal_86710003,formal,20260810T085518Z,9b01dadd36f6bf7c926f41342d17d4ffb3011408,false,stage08_b06_csd_scales_v1,f34a8418b38bdb14cc081605a2640838095875661c115422e9623793c66e122b,operator,csd,NA,NA,csd,csd__csd_fp16_10e2__b6c27e040f696c46,csd_fp16_10e2,10^2,100,"x=[100],y=[80]",FP16,CPU,fft_thrust,compatibility/end-to-end,PASS,OK,20,100,48,0.314202,true,b6c27e040f696c469f9cdb46a5c7bb842110fc9887bddc90119bf731e080cde4,ce9303996685cf4704fddd0bfb893b1f35d7c37d70d020aa7b4db20ca2ff5bee
1,20260810T085518Z_9b01dadd36f6_stage08_b06_formal_86710003,formal,20260810T085518Z,9b01dadd36f6bf7c926f41342d17d4ffb3011408,false,stage08_b06_csd_scales_v1,f34a8418b38bdb14cc081605a2640838095875661c115422e9623793c66e122b,operator,csd,NA,NA,csd,csd__csd_fp16_10e2__b6c27e040f696c46,csd_fp16_10e2,10^2,100,"x=[100],y=[80]",FP16,CPU,fft_thrust,compatibility/end-to-end,PASS,OK,20,100,49,0.314221,true,b6c27e040f696c469f9cdb46a5c7bb842110fc9887bddc90119bf731e080cde4,ce9303996685cf4704fddd0bfb893b1f35d7c37d70d020aa7b4db20ca2ff5bee
1,20260810T085518Z_9b01dadd36f6_stage08_b06_formal_86710003,formal,20260810T085518Z,9b01dadd36f6bf7c926f41342d17d4ffb3011408,false,stage08_b06_csd_scales_v1,f34a8418b38bdb14cc081605a2640838095875661c115422e9623793c66e122b,operator,csd,NA,NA,csd,csd__csd_fp16_10e2__b6c27e040f696c46,csd_fp16_10e2,10^2,100,"x=[100],y=[80]",FP16,CPU,fft_thrust,compatibility/end-to-end,PASS,OK,20,100,50,0.313972,true,b6c27e040f696c469f9cdb46a5c7bb842110fc9887bddc90119bf731e080cde4,ce9303996685cf4704fddd0bfb893b1f35d7c37d70d020aa7b4db20ca2ff5bee
1,20260810T085518Z_9b01dadd36f6_stage08_b06_formal_86710003,formal,20260810T085518Z,9b01dadd36f6bf7c926f41342d17d4ffb3011408,false,stage08_b06_csd_scales_v1,f34a8418b38bdb14cc081605a2640838095875661c115422e9623793c66e122b,operator,csd,NA,NA,csd,csd__csd_fp16_10e2__b6c27e040f696c46,csd_fp16_10e2,10^2,100,"x=[100],y=[80]",FP16,CPU,fft_thrust,compatibility/end-to-end,PASS,OK,20,100,51,0.314182,true,b6c27e040f696c469f9cdb46a5c7bb842110fc9887bddc90119bf731e080cde4,ce9303996685cf4704fddd0bfb893b1f35d7c37d70d020aa7b4db20ca2ff5bee
1,20260810T085518Z_9b01dadd36f6_stage08_b06_formal_86710003,formal,20260810T085518Z,9b01dadd36f6bf7c926f41342d17d4ffb3011408,false,stage08_b06_csd_scales_v1,f34a8418b38bdb14cc081605a2640838095875661c115422e9623793c66e122b,operator,csd,NA,NA,csd,csd__csd_fp16_10e2__b6c27e040f696c46,csd_fp16_10e2,10^2,100,"x=[100],y=[80]",FP16,CPU,fft_thrust,compatibility/end-to-end,PASS,OK,20,100,52,0.313882,true,b6c27e040f696c469f9cdb46a5c7bb842110fc9887bddc90119bf731e080cde4,ce9303996685cf4704fddd0bfb893b1f35d7c37d70d020aa7b4db20ca2ff5bee
1,20260810T085518Z_9b01dadd36f6_stage08_b06_formal_86710003,formal,20260810T085518Z,9b01dadd36f6bf7c926f41342d17d4ffb3011408,false,stage08_b06_csd_scales_v1,f34a8418b38bdb14cc081605a2640838095875661c115422e9623793c66e122b,operator,csd,NA,NA,csd,csd__csd_fp16_10e2__b6c27e040f696c46,csd_fp16_10e2,10^2,100,"x=[100],y=[80]",FP16,CPU,fft_thrust,compatibility/end-to-end,PASS,OK,20,100,53,0.313961,true,b6c27e040f696c469f9cdb46a5c7bb842110fc9887bddc90119bf731e080cde4,ce9303996685cf4704fddd0bfb893b1f35d7c37d70d020aa7b4db20ca2ff5bee
1,20260810T085518Z_9b01dadd36f6_stage08_b06_formal_86710003,formal,20260810T085518Z,9b01dadd36f6bf7c926f41342d17d4ffb3011408,false,stage08_b06_csd_scales_v1,f34a8418b38bdb14cc081605a2640838095875661c115422e9623793c66e122b,operator,csd,NA,NA,csd,csd__csd_fp16_10e2__b6c27e040f696c46,csd_fp16_10e2,10^2,100,"x=[100],y=[80]",FP16,CPU,fft_thrust,compatibility/end-to-end,PASS,OK,20,100,54,0.314292,true,b6c27e040f696c469f9cdb46a5c7bb842110fc9887bddc90119bf731e080cde4,ce9303996685cf4704fddd0bfb893b1f35d7c37d70d020aa7b4db20ca2ff5bee
1,20260810T085518Z_9b01dadd36f6_stage08_b06_formal_86710003,formal,20260810T085518Z,9b01dadd36f6bf7c926f41342d17d4ffb3011408,false,stage08_b06_csd_scales_v1,f34a8418b38bdb14cc081605a2640838095875661c115422e9623793c66e122b,operator,csd,NA,NA,csd,csd__csd_fp16_10e2__b6c27e040f696c46,csd_fp16_10e2,10^2,100,"x=[100],y=[80]",FP16,CPU,fft_thrust,compatibility/end-to-end,PASS,OK,20,100,55,0.313702,true,b6c27e040f696c469f9cdb46a5c7bb842110fc9887bddc90119bf731e080cde4,ce9303996685cf4704fddd0bfb893b1f35d7c37d70d020aa7b4db20ca2ff5bee
1,20260810T085518Z_9b01dadd36f6_stage08_b06_formal_86710003,formal,20260810T085518Z,9b01dadd36f6bf7c926f41342d17d4ffb3011408,false,stage08_b06_csd_scales_v1,f34a8418b38bdb14cc081605a2640838095875661c115422e9623793c66e122b,operator,csd,NA,NA,csd,csd__csd_fp16_10e2__b6c27e040f696c46,csd_fp16_10e2,10^2,100,"x=[100],y=[80]",FP16,CPU,fft_thrust,compatibility/end-to-end,PASS,OK,20,100,56,0.314172,true,b6c27e040f696c469f9cdb46a5c7bb842110fc9887bddc90119bf731e080cde4,ce9303996685cf4704fddd0bfb893b1f35d7c37d70d020aa7b4db20ca2ff5bee
1,20260810T085518Z_9b01dadd36f6_stage08_b06_formal_86710003,formal,20260810T085518Z,9b01dadd36f6bf7c926f41342d17d4ffb3011408,false,stage08_b06_csd_scales_v1,f34a8418b38bdb14cc081605a2640838095875661c115422e9623793c66e122b,operator,csd,NA,NA,csd,csd__csd_fp16_10e2__b6c27e040f696c46,csd_fp16_10e2,10^2,100,"x=[100],y=[80]",FP16,CPU,fft_thrust,compatibility/end-to-end,PASS,OK,20,100,57,0.314341,true,b6c27e040f696c469f9cdb46a5c7bb842110fc9887bddc90119bf731e080cde4,ce9303996685cf4704fddd0bfb893b1f35d7c37d70d020aa7b4db20ca2ff5bee
1,20260810T085518Z_9b01dadd36f6_stage08_b06_formal_86710003,formal,20260810T085518Z,9b01dadd36f6bf7c926f41342d17d4ffb3011408,false,stage08_b06_csd_scales_v1,f34a8418b38bdb14cc081605a2640838095875661c115422e9623793c66e122b,operator,csd,NA,NA,csd,csd__csd_fp16_10e2__b6c27e040f696c46,csd_fp16_10e2,10^2,100,"x=[100],y=[80]",FP16,CPU,fft_thrust,compatibility/end-to-end,PASS,OK,20,100,58,0.313892,true,b6c27e040f696c469f9cdb46a5c7bb842110fc9887bddc90119bf731e080cde4,ce9303996685cf4704fddd0bfb893b1f35d7c37d70d020aa7b4db20ca2ff5bee
1,20260810T085518Z_9b01dadd36f6_stage08_b06_formal_86710003,formal,20260810T085518Z,9b01dadd36f6bf7c926f41342d17d4ffb3011408,false,stage08_b06_csd_scales_v1,f34a8418b38bdb14cc081605a2640838095875661c115422e9623793c66e122b,operator,csd,NA,NA,csd,csd__csd_fp16_10e2__b6c27e040f696c46,csd_fp16_10e2,10^2,100,"x=[100],y=[80]",FP16,CPU,fft_thrust,compatibility/end-to-end,PASS,OK,20,100,59,0.328082,true,b6c27e040f696c469f9cdb46a5c7bb842110fc9887bddc90119bf731e080cde4,ce9303996685cf4704fddd0bfb893b1f35d7c37d70d020aa7b4db20ca2ff5bee
1,20260810T085518Z_9b01dadd36f6_stage08_b06_formal_86710003,formal,20260810T085518Z,9b01dadd36f6bf7c926f41342d17d4ffb3011408,false,stage08_b06_csd_scales_v1,f34a8418b38bdb14cc081605a2640838095875661c115422e9623793c66e122b,operator,csd,NA,NA,csd,csd__csd_fp16_10e2__b6c27e040f696c46,csd_fp16_10e2,10^2,100,"x=[100],y=[80]",FP16,CPU,fft_thrust,compatibility/end-to-end,PASS,OK,20,100,60,0.312322,true,b6c27e040f696c469f9cdb46a5c7bb842110fc9887bddc90119bf731e080cde4,ce9303996685cf4704fddd0bfb893b1f35d7c37d70d020aa7b4db20ca2ff5bee
1,20260810T085518Z_9b01dadd36f6_stage08_b06_formal_86710003,formal,20260810T085518Z,9b01dadd36f6bf7c926f41342d17d4ffb3011408,false,stage08_b06_csd_scales_v1,f34a8418b38bdb14cc081605a2640838095875661c115422e9623793c66e122b,operator,csd,NA,NA,csd,csd__csd_fp16_10e2__b6c27e040f696c46,csd_fp16_10e2,10^2,100,"x=[100],y=[80]",FP16,CPU,fft_thrust,compatibility/end-to-end,PASS,OK,20,100,61,0.312011,true,b6c27e040f696c469f9cdb46a5c7bb842110fc9887bddc90119bf731e080cde4,ce9303996685cf4704fddd0bfb893b1f35d7c37d70d020aa7b4db20ca2ff5bee
1,20260810T085518Z_9b01dadd36f6_stage08_b06_formal_86710003,formal,20260810T085518Z,9b01dadd36f6bf7c926f41342d17d4ffb3011408,false,stage08_b06_csd_scales_v1,f34a8418b38bdb14cc081605a2640838095875661c115422e9623793c66e122b,operator,csd,NA,NA,csd,csd__csd_fp16_10e2__b6c27e040f696c46,csd_fp16_10e2,10^2,100,"x=[100],y=[80]",FP16,CPU,fft_thrust,compatibility/end-to-end,PASS,OK,20,100,62,0.312312,true,b6c27e040f696c469f9cdb46a5c7bb842110fc9887bddc90119bf731e080cde4,ce9303996685cf4704fddd0bfb893b1f35d7c37d70d020aa7b4db20ca2ff5bee
1,20260810T085518Z_9b01dadd36f6_stage08_b06_formal_86710003,formal,20260810T085518Z,9b01dadd36f6bf7c926f41342d17d4ffb3011408,false,stage08_b06_csd_scales_v1,f34a8418b38bdb14cc081605a2640838095875661c115422e9623793c66e122b,operator,csd,NA,NA,csd,csd__csd_fp16_10e2__b6c27e040f696c46,csd_fp16_10e2,10^2,100,"x=[100],y=[80]",FP16,CPU,fft_thrust,compatibility/end-to-end,PASS,OK,20,100,63,0.312242,true,b6c27e040f696c469f9cdb46a5c7bb842110fc9887bddc90119bf731e080cde4,ce9303996685cf4704fddd0bfb893b1f35d7c37d70d020aa7b4db20ca2ff5bee
1,20260810T085518Z_9b01dadd36f6_stage08_b06_formal_86710003,formal,20260810T085518Z,9b01dadd36f6bf7c926f41342d17d4ffb3011408,false,stage08_b06_csd_scales_v1,f34a8418b38bdb14cc081605a2640838095875661c115422e9623793c66e122b,operator,csd,NA,NA,csd,csd__csd_fp16_10e2__b6c27e040f696c46,csd_fp16_10e2,10^2,100,"x=[100],y=[80]",FP16,CPU,fft_thrust,compatibility/end-to-end,PASS,OK,20,100,64,0.312251,true,b6c27e040f696c469f9cdb46a5c7bb842110fc9887bddc90119bf731e080cde4,ce9303996685cf4704fddd0bfb893b1f35d7c37d70d020aa7b4db20ca2ff5bee
1,20260810T085518Z_9b01dadd36f6_stage08_b06_formal_86710003,formal,20260810T085518Z,9b01dadd36f6bf7c926f41342d17d4ffb3011408,false,stage08_b06_csd_scales_v1,f34a8418b38bdb14cc081605a2640838095875661c115422e9623793c66e122b,operator,csd,NA,NA,csd,csd__csd_fp16_10e2__b6c27e040f696c46,csd_fp16_10e2,10^2,100,"x=[100],y=[80]",FP16,CPU,fft_thrust,compatibility/end-to-end,PASS,OK,20,100,65,0.312772,true,b6c27e040f696c469f9cdb46a5c7bb842110fc9887bddc90119bf731e080cde4,ce9303996685cf4704fddd0bfb893b1f35d7c37d70d020aa7b4db20ca2ff5bee
1,20260810T085518Z_9b01dadd36f6_stage08_b06_formal_86710003,formal,20260810T085518Z,9b01dadd36f6bf7c926f41342d17d4ffb3011408,false,stage08_b06_csd_scales_v1,f34a8418b38bdb14cc081605a2640838095875661c115422e9623793c66e122b,operator,csd,NA,NA,csd,csd__csd_fp16_10e2__b6c27e040f696c46,csd_fp16_10e2,10^2,100,"x=[100],y=[80]",FP16,CPU,fft_thrust,compatibility/end-to-end,PASS,OK,20,100,66,0.312172,true,b6c27e040f696c469f9cdb46a5c7bb842110fc9887bddc90119bf731e080cde4,ce9303996685cf4704fddd0bfb893b1f35d7c37d70d020aa7b4db20ca2ff5bee
1,20260810T085518Z_9b01dadd36f6_stage08_b06_formal_86710003,formal,20260810T085518Z,9b01dadd36f6bf7c926f41342d17d4ffb3011408,false,stage08_b06_csd_scales_v1,f34a8418b38bdb14cc081605a2640838095875661c115422e9623793c66e122b,operator,csd,NA,NA,csd,csd__csd_fp16_10e2__b6c27e040f696c46,csd_fp16_10e2,10^2,100,"x=[100],y=[80]",FP16,CPU,fft_thrust,compatibility/end-to-end,PASS,OK,20,100,67,0.312481,true,b6c27e040f696c469f9cdb46a5c7bb842110fc9887bddc90119bf731e080cde4,ce9303996685cf4704fddd0bfb893b1f35d7c37d70d020aa7b4db20ca2ff5bee
1,20260810T085518Z_9b01dadd36f6_stage08_b06_formal_86710003,formal,20260810T085518Z,9b01dadd36f6bf7c926f41342d17d4ffb3011408,false,stage08_b06_csd_scales_v1,f34a8418b38bdb14cc081605a2640838095875661c115422e9623793c66e122b,operator,csd,NA,NA,csd,csd__csd_fp16_10e2__b6c27e040f696c46,csd_fp16_10e2,10^2,100,"x=[100],y=[80]",FP16,CPU,fft_thrust,compatibility/end-to-end,PASS,OK,20,100,68,0.312532,true,b6c27e040f696c469f9cdb46a5c7bb842110fc9887bddc90119bf731e080cde4,ce9303996685cf4704fddd0bfb893b1f35d7c37d70d020aa7b4db20ca2ff5bee
1,20260810T085518Z_9b01dadd36f6_stage08_b06_formal_86710003,formal,20260810T085518Z,9b01dadd36f6bf7c926f41342d17d4ffb3011408,false,stage08_b06_csd_scales_v1,f34a8418b38bdb14cc081605a2640838095875661c115422e9623793c66e122b,operator,csd,NA,NA,csd,csd__csd_fp16_10e2__b6c27e040f696c46,csd_fp16_10e2,10^2,100,"x=[100],y=[80]",FP16,CPU,fft_thrust,compatibility/end-to-end,PASS,OK,20,100,69,0.312272,true,b6c27e040f696c469f9cdb46a5c7bb842110fc9887bddc90119bf731e080cde4,ce9303996685cf4704fddd0bfb893b1f35d7c37d70d020aa7b4db20ca2ff5bee
1,20260810T085518Z_9b01dadd36f6_stage08_b06_formal_86710003,formal,20260810T085518Z,9b01dadd36f6bf7c926f41342d17d4ffb3011408,false,stage08_b06_csd_scales_v1,f34a8418b38bdb14cc081605a2640838095875661c115422e9623793c66e122b,operator,csd,NA,NA,csd,csd__csd_fp16_10e2__b6c27e040f696c46,csd_fp16_10e2,10^2,100,"x=[100],y=[80]",FP16,CPU,fft_thrust,compatibility/end-to-end,PASS,OK,20,100,70,0.311921,true,b6c27e040f696c469f9cdb46a5c7bb842110fc9887bddc90119bf731e080cde4,ce9303996685cf4704fddd0bfb893b1f35d7c37d70d020aa7b4db20ca2ff5bee
1,20260810T085518Z_9b01dadd36f6_stage08_b06_formal_86710003,formal,20260810T085518Z,9b01dadd36f6bf7c926f41342d17d4ffb3011408,false,stage08_b06_csd_scales_v1,f34a8418b38bdb14cc081605a2640838095875661c115422e9623793c66e122b,operator,csd,NA,NA,csd,csd__csd_fp16_10e2__b6c27e040f696c46,csd_fp16_10e2,10^2,100,"x=[100],y=[80]",FP16,CPU,fft_thrust,compatibility/end-to-end,PASS,OK,20,100,71,0.312262,true,b6c27e040f696c469f9cdb46a5c7bb842110fc9887bddc90119bf731e080cde4,ce9303996685cf4704fddd0bfb893b1f35d7c37d70d020aa7b4db20ca2ff5bee
1,20260810T085518Z_9b01dadd36f6_stage08_b06_formal_86710003,formal,20260810T085518Z,9b01dadd36f6bf7c926f41342d17d4ffb3011408,false,stage08_b06_csd_scales_v1,f34a8418b38bdb14cc081605a2640838095875661c115422e9623793c66e122b,operator,csd,NA,NA,csd,csd__csd_fp16_10e2__b6c27e040f696c46,csd_fp16_10e2,10^2,100,"x=[100],y=[80]",FP16,CPU,fft_thrust,compatibility/end-to-end,PASS,OK,20,100,72,0.324762,true,b6c27e040f696c469f9cdb46a5c7bb842110fc9887bddc90119bf731e080cde4,ce9303996685cf4704fddd0bfb893b1f35d7c37d70d020aa7b4db20ca2ff5bee
1,20260810T085518Z_9b01dadd36f6_stage08_b06_formal_86710003,formal,20260810T085518Z,9b01dadd36f6bf7c926f41342d17d4ffb3011408,false,stage08_b06_csd_scales_v1,f34a8418b38bdb14cc081605a2640838095875661c115422e9623793c66e122b,operator,csd,NA,NA,csd,csd__csd_fp16_10e2__b6c27e040f696c46,csd_fp16_10e2,10^2,100,"x=[100],y=[80]",FP16,CPU,fft_thrust,compatibility/end-to-end,PASS,OK,20,100,73,0.312221,true,b6c27e040f696c469f9cdb46a5c7bb842110fc9887bddc90119bf731e080cde4,ce9303996685cf4704fddd0bfb893b1f35d7c37d70d020aa7b4db20ca2ff5bee
1,20260810T085518Z_9b01dadd36f6_stage08_b06_formal_86710003,formal,20260810T085518Z,9b01dadd36f6bf7c926f41342d17d4ffb3011408,false,stage08_b06_csd_scales_v1,f34a8418b38bdb14cc081605a2640838095875661c115422e9623793c66e122b,operator,csd,NA,NA,csd,csd__csd_fp16_10e2__b6c27e040f696c46,csd_fp16_10e2,10^2,100,"x=[100],y=[80]",FP16,CPU,fft_thrust,compatibility/end-to-end,PASS,OK,20,100,74,0.312412,true,b6c27e040f696c469f9cdb46a5c7bb842110fc9887bddc90119bf731e080cde4,ce9303996685cf4704fddd0bfb893b1f35d7c37d70d020aa7b4db20ca2ff5bee
1,20260810T085518Z_9b01dadd36f6_stage08_b06_formal_86710003,formal,20260810T085518Z,9b01dadd36f6bf7c926f41342d17d4ffb3011408,false,stage08_b06_csd_scales_v1,f34a8418b38bdb14cc081605a2640838095875661c115422e9623793c66e122b,operator,csd,NA,NA,csd,csd__csd_fp16_10e2__b6c27e040f696c46,csd_fp16_10e2,10^2,100,"x=[100],y=[80]",FP16,CPU,fft_thrust,compatibility/end-to-end,PASS,OK,20,100,75,0.312352,true,b6c27e040f696c469f9cdb46a5c7bb842110fc9887bddc90119bf731e080cde4,ce9303996685cf4704fddd0bfb893b1f35d7c37d70d020aa7b4db20ca2ff5bee
1,20260810T085518Z_9b01dadd36f6_stage08_b06_formal_86710003,formal,20260810T085518Z,9b01dadd36f6bf7c926f41342d17d4ffb3011408,false,stage08_b06_csd_scales_v1,f34a8418b38bdb14cc081605a2640838095875661c115422e9623793c66e122b,operator,csd,NA,NA,csd,csd__csd_fp16_10e2__b6c27e040f696c46,csd_fp16_10e2,10^2,100,"x=[100],y=[80]",FP16,CPU,fft_thrust,compatibility/end-to-end,PASS,OK,20,100,76,0.311861,true,b6c27e040f696c469f9cdb46a5c7bb842110fc9887bddc90119bf731e080cde4,ce9303996685cf4704fddd0bfb893b1f35d7c37d70d020aa7b4db20ca2ff5bee
1,20260810T085518Z_9b01dadd36f6_stage08_b06_formal_86710003,formal,20260810T085518Z,9b01dadd36f6bf7c926f41342d17d4ffb3011408,false,stage08_b06_csd_scales_v1,f34a8418b38bdb14cc081605a2640838095875661c115422e9623793c66e122b,operator,csd,NA,NA,csd,csd__csd_fp16_10e2__b6c27e040f696c46,csd_fp16_10e2,10^2,100,"x=[100],y=[80]",FP16,CPU,fft_thrust,compatibility/end-to-end,PASS,OK,20,100,77,0.312382,true,b6c27e040f696c469f9cdb46a5c7bb842110fc9887bddc90119bf731e080cde4,ce9303996685cf4704fddd0bfb893b1f35d7c37d70d020aa7b4db20ca2ff5bee
1,20260810T085518Z_9b01dadd36f6_stage08_b06_formal_86710003,formal,20260810T085518Z,9b01dadd36f6bf7c926f41342d17d4ffb3011408,false,stage08_b06_csd_scales_v1,f34a8418b38bdb14cc081605a2640838095875661c115422e9623793c66e122b,operator,csd,NA,NA,csd,csd__csd_fp16_10e2__b6c27e040f696c46,csd_fp16_10e2,10^2,100,"x=[100],y=[80]",FP16,CPU,fft_thrust,compatibility/end-to-end,PASS,OK,20,100,78,0.312142,true,b6c27e040f696c469f9cdb46a5c7bb842110fc9887bddc90119bf731e080cde4,ce9303996685cf4704fddd0bfb893b1f35d7c37d70d020aa7b4db20ca2ff5bee
1,20260810T085518Z_9b01dadd36f6_stage08_b06_formal_86710003,formal,20260810T085518Z,9b01dadd36f6bf7c926f41342d17d4ffb3011408,false,stage08_b06_csd_scales_v1,f34a8418b38bdb14cc081605a2640838095875661c115422e9623793c66e122b,operator,csd,NA,NA,csd,csd__csd_fp16_10e2__b6c27e040f696c46,csd_fp16_10e2,10^2,100,"x=[100],y=[80]",FP16,CPU,fft_thrust,compatibility/end-to-end,PASS,OK,20,100,79,0.312361,true,b6c27e040f696c469f9cdb46a5c7bb842110fc9887bddc90119bf731e080cde4,ce9303996685cf4704fddd0bfb893b1f35d7c37d70d020aa7b4db20ca2ff5bee
1,20260810T085518Z_9b01dadd36f6_stage08_b06_formal_86710003,formal,20260810T085518Z,9b01dadd36f6bf7c926f41342d17d4ffb3011408,false,stage08_b06_csd_scales_v1,f34a8418b38bdb14cc081605a2640838095875661c115422e9623793c66e122b,operator,csd,NA,NA,csd,csd__csd_fp16_10e2__b6c27e040f696c46,csd_fp16_10e2,10^2,100,"x=[100],y=[80]",FP16,CPU,fft_thrust,compatibility/end-to-end,PASS,OK,20,100,80,0.312072,true,b6c27e040f696c469f9cdb46a5c7bb842110fc9887bddc90119bf731e080cde4,ce9303996685cf4704fddd0bfb893b1f35d7c37d70d020aa7b4db20ca2ff5bee
1,20260810T085518Z_9b01dadd36f6_stage08_b06_formal_86710003,formal,20260810T085518Z,9b01dadd36f6bf7c926f41342d17d4ffb3011408,false,stage08_b06_csd_scales_v1,f34a8418b38bdb14cc081605a2640838095875661c115422e9623793c66e122b,operator,csd,NA,NA,csd,csd__csd_fp16_10e2__b6c27e040f696c46,csd_fp16_10e2,10^2,100,"x=[100],y=[80]",FP16,CPU,fft_thrust,compatibility/end-to-end,PASS,OK,20,100,81,0.312022,true,b6c27e040f696c469f9cdb46a5c7bb842110fc9887bddc90119bf731e080cde4,ce9303996685cf4704fddd0bfb893b1f35d7c37d70d020aa7b4db20ca2ff5bee
1,20260810T085518Z_9b01dadd36f6_stage08_b06_formal_86710003,formal,20260810T085518Z,9b01dadd36f6bf7c926f41342d17d4ffb3011408,false,stage08_b06_csd_scales_v1,f34a8418b38bdb14cc081605a2640838095875661c115422e9623793c66e122b,operator,csd,NA,NA,csd,csd__csd_fp16_10e2__b6c27e040f696c46,csd_fp16_10e2,10^2,100,"x=[100],y=[80]",FP16,CPU,fft_thrust,compatibility/end-to-end,PASS,OK,20,100,82,0.312291,true,b6c27e040f696c469f9cdb46a5c7bb842110fc9887bddc90119bf731e080cde4,ce9303996685cf4704fddd0bfb893b1f35d7c37d70d020aa7b4db20ca2ff5bee
1,20260810T085518Z_9b01dadd36f6_stage08_b06_formal_86710003,formal,20260810T085518Z,9b01dadd36f6bf7c926f41342d17d4ffb3011408,false,stage08_b06_csd_scales_v1,f34a8418b38bdb14cc081605a2640838095875661c115422e9623793c66e122b,operator,csd,NA,NA,csd,csd__csd_fp16_10e2__b6c27e040f696c46,csd_fp16_10e2,10^2,100,"x=[100],y=[80]",FP16,CPU,fft_thrust,compatibility/end-to-end,PASS,OK,20,100,83,0.312372,true,b6c27e040f696c469f9cdb46a5c7bb842110fc9887bddc90119bf731e080cde4,ce9303996685cf4704fddd0bfb893b1f35d7c37d70d020aa7b4db20ca2ff5bee
1,20260810T085518Z_9b01dadd36f6_stage08_b06_formal_86710003,formal,20260810T085518Z,9b01dadd36f6bf7c926f41342d17d4ffb3011408,false,stage08_b06_csd_scales_v1,f34a8418b38bdb14cc081605a2640838095875661c115422e9623793c66e122b,operator,csd,NA,NA,csd,csd__csd_fp16_10e2__b6c27e040f696c46,csd_fp16_10e2,10^2,100,"x=[100],y=[80]",FP16,CPU,fft_thrust,compatibility/end-to-end,PASS,OK,20,100,84,0.312102,true,b6c27e040f696c469f9cdb46a5c7bb842110fc9887bddc90119bf731e080cde4,ce9303996685cf4704fddd0bfb893b1f35d7c37d70d020aa7b4db20ca2ff5bee
1,20260810T085518Z_9b01dadd36f6_stage08_b06_formal_86710003,formal,20260810T085518Z,9b01dadd36f6bf7c926f41342d17d4ffb3011408,false,stage08_b06_csd_scales_v1,f34a8418b38bdb14cc081605a2640838095875661c115422e9623793c66e122b,operator,csd,NA,NA,csd,csd__csd_fp16_10e2__b6c27e040f696c46,csd_fp16_10e2,10^2,100,"x=[100],y=[80]",FP16,CPU,fft_thrust,compatibility/end-to-end,PASS,OK,20,100,85,0.340332,true,b6c27e040f696c469f9cdb46a5c7bb842110fc9887bddc90119bf731e080cde4,ce9303996685cf4704fddd0bfb893b1f35d7c37d70d020aa7b4db20ca2ff5bee
1,20260810T085518Z_9b01dadd36f6_stage08_b06_formal_86710003,formal,20260810T085518Z,9b01dadd36f6bf7c926f41342d17d4ffb3011408,false,stage08_b06_csd_scales_v1,f34a8418b38bdb14cc081605a2640838095875661c115422e9623793c66e122b,operator,csd,NA,NA,csd,csd__csd_fp16_10e2__b6c27e040f696c46,csd_fp16_10e2,10^2,100,"x=[100],y=[80]",FP16,CPU,fft_thrust,compatibility/end-to-end,PASS,OK,20,100,86,0.314341,true,b6c27e040f696c469f9cdb46a5c7bb842110fc9887bddc90119bf731e080cde4,ce9303996685cf4704fddd0bfb893b1f35d7c37d70d020aa7b4db20ca2ff5bee
1,20260810T085518Z_9b01dadd36f6_stage08_b06_formal_86710003,formal,20260810T085518Z,9b01dadd36f6bf7c926f41342d17d4ffb3011408,false,stage08_b06_csd_scales_v1,f34a8418b38bdb14cc081605a2640838095875661c115422e9623793c66e122b,operator,csd,NA,NA,csd,csd__csd_fp16_10e2__b6c27e040f696c46,csd_fp16_10e2,10^2,100,"x=[100],y=[80]",FP16,CPU,fft_thrust,compatibility/end-to-end,PASS,OK,20,100,87,0.313952,true,b6c27e040f696c469f9cdb46a5c7bb842110fc9887bddc90119bf731e080cde4,ce9303996685cf4704fddd0bfb893b1f35d7c37d70d020aa7b4db20ca2ff5bee
1,20260810T085518Z_9b01dadd36f6_stage08_b06_formal_86710003,formal,20260810T085518Z,9b01dadd36f6bf7c926f41342d17d4ffb3011408,false,stage08_b06_csd_scales_v1,f34a8418b38bdb14cc081605a2640838095875661c115422e9623793c66e122b,operator,csd,NA,NA,csd,csd__csd_fp16_10e2__b6c27e040f696c46,csd_fp16_10e2,10^2,100,"x=[100],y=[80]",FP16,CPU,fft_thrust,compatibility/end-to-end,PASS,OK,20,100,88,0.313972,true,b6c27e040f696c469f9cdb46a5c7bb842110fc9887bddc90119bf731e080cde4,ce9303996685cf4704fddd0bfb893b1f35d7c37d70d020aa7b4db20ca2ff5bee
1,20260810T085518Z_9b01dadd36f6_stage08_b06_formal_86710003,formal,20260810T085518Z,9b01dadd36f6bf7c926f41342d17d4ffb3011408,false,stage08_b06_csd_scales_v1,f34a8418b38bdb14cc081605a2640838095875661c115422e9623793c66e122b,operator,csd,NA,NA,csd,csd__csd_fp16_10e2__b6c27e040f696c46,csd_fp16_10e2,10^2,100,"x=[100],y=[80]",FP16,CPU,fft_thrust,compatibility/end-to-end,PASS,OK,20,100,89,0.314002,true,b6c27e040f696c469f9cdb46a5c7bb842110fc9887bddc90119bf731e080cde4,ce9303996685cf4704fddd0bfb893b1f35d7c37d70d020aa7b4db20ca2ff5bee
1,20260810T085518Z_9b01dadd36f6_stage08_b06_formal_86710003,formal,20260810T085518Z,9b01dadd36f6bf7c926f41342d17d4ffb3011408,false,stage08_b06_csd_scales_v1,f34a8418b38bdb14cc081605a2640838095875661c115422e9623793c66e122b,operator,csd,NA,NA,csd,csd__csd_fp16_10e2__b6c27e040f696c46,csd_fp16_10e2,10^2,100,"x=[100],y=[80]",FP16,CPU,fft_thrust,compatibility/end-to-end,PASS,OK,20,100,90,0.314031,true,b6c27e040f696c469f9cdb46a5c7bb842110fc9887bddc90119bf731e080cde4,ce9303996685cf4704fddd0bfb893b1f35d7c37d70d020aa7b4db20ca2ff5bee
1,20260810T085518Z_9b01dadd36f6_stage08_b06_formal_86710003,formal,20260810T085518Z,9b01dadd36f6bf7c926f41342d17d4ffb3011408,false,stage08_b06_csd_scales_v1,f34a8418b38bdb14cc081605a2640838095875661c115422e9623793c66e122b,operator,csd,NA,NA,csd,csd__csd_fp16_10e2__b6c27e040f696c46,csd_fp16_10e2,10^2,100,"x=[100],y=[80]",FP16,CPU,fft_thrust,compatibility/end-to-end,PASS,OK,20,100,91,0.313882,true,b6c27e040f696c469f9cdb46a5c7bb842110fc9887bddc90119bf731e080cde4,ce9303996685cf4704fddd0bfb893b1f35d7c37d70d020aa7b4db20ca2ff5bee
1,20260810T085518Z_9b01dadd36f6_stage08_b06_formal_86710003,formal,20260810T085518Z,9b01dadd36f6bf7c926f41342d17d4ffb3011408,false,stage08_b06_csd_scales_v1,f34a8418b38bdb14cc081605a2640838095875661c115422e9623793c66e122b,operator,csd,NA,NA,csd,csd__csd_fp16_10e2__b6c27e040f696c46,csd_fp16_10e2,10^2,100,"x=[100],y=[80]",FP16,CPU,fft_thrust,compatibility/end-to-end,PASS,OK,20,100,92,0.313662,true,b6c27e040f696c469f9cdb46a5c7bb842110fc9887bddc90119bf731e080cde4,ce9303996685cf4704fddd0bfb893b1f35d7c37d70d020aa7b4db20ca2ff5bee
1,20260810T085518Z_9b01dadd36f6_stage08_b06_formal_86710003,formal,20260810T085518Z,9b01dadd36f6bf7c926f41342d17d4ffb3011408,false,stage08_b06_csd_scales_v1,f34a8418b38bdb14cc081605a2640838095875661c115422e9623793c66e122b,operator,csd,NA,NA,csd,csd__csd_fp16_10e2__b6c27e040f696c46,csd_fp16_10e2,10^2,100,"x=[100],y=[80]",FP16,CPU,fft_thrust,compatibility/end-to-end,PASS,OK,20,100,93,0.314012,true,b6c27e040f696c469f9cdb46a5c7bb842110fc9887bddc90119bf731e080cde4,ce9303996685cf4704fddd0bfb893b1f35d7c37d70d020aa7b4db20ca2ff5bee
1,20260810T085518Z_9b01dadd36f6_stage08_b06_formal_86710003,formal,20260810T085518Z,9b01dadd36f6bf7c926f41342d17d4ffb3011408,false,stage08_b06_csd_scales_v1,f34a8418b38bdb14cc081605a2640838095875661c115422e9623793c66e122b,operator,csd,NA,NA,csd,csd__csd_fp16_10e2__b6c27e040f696c46,csd_fp16_10e2,10^2,100,"x=[100],y=[80]",FP16,CPU,fft_thrust,compatibility/end-to-end,PASS,OK,20,100,94,0.314391,true,b6c27e040f696c469f9cdb46a5c7bb842110fc9887bddc90119bf731e080cde4,ce9303996685cf4704fddd0bfb893b1f35d7c37d70d020aa7b4db20ca2ff5bee
1,20260810T085518Z_9b01dadd36f6_stage08_b06_formal_86710003,formal,20260810T085518Z,9b01dadd36f6bf7c926f41342d17d4ffb3011408,false,stage08_b06_csd_scales_v1,f34a8418b38bdb14cc081605a2640838095875661c115422e9623793c66e122b,operator,csd,NA,NA,csd,csd__csd_fp16_10e2__b6c27e040f696c46,csd_fp16_10e2,10^2,100,"x=[100],y=[80]",FP16,CPU,fft_thrust,compatibility/end-to-end,PASS,OK,20,100,95,0.314042,true,b6c27e040f696c469f9cdb46a5c7bb842110fc9887bddc90119bf731e080cde4,ce9303996685cf4704fddd0bfb893b1f35d7c37d70d020aa7b4db20ca2ff5bee
1,20260810T085518Z_9b01dadd36f6_stage08_b06_formal_86710003,formal,20260810T085518Z,9b01dadd36f6bf7c926f41342d17d4ffb3011408,false,stage08_b06_csd_scales_v1,f34a8418b38bdb14cc081605a2640838095875661c115422e9623793c66e122b,operator,csd,NA,NA,csd,csd__csd_fp16_10e2__b6c27e040f696c46,csd_fp16_10e2,10^2,100,"x=[100],y=[80]",FP16,CPU,fft_thrust,compatibility/end-to-end,PASS,OK,20,100,96,0.313952,true,b6c27e040f696c469f9cdb46a5c7bb842110fc9887bddc90119bf731e080cde4,ce9303996685cf4704fddd0bfb893b1f35d7c37d70d020aa7b4db20ca2ff5bee
1,20260810T085518Z_9b01dadd36f6_stage08_b06_formal_86710003,formal,20260810T085518Z,9b01dadd36f6bf7c926f41342d17d4ffb3011408,false,stage08_b06_csd_scales_v1,f34a8418b38bdb14cc081605a2640838095875661c115422e9623793c66e122b,operator,csd,NA,NA,csd,csd__csd_fp16_10e2__b6c27e040f696c46,csd_fp16_10e2,10^2,100,"x=[100],y=[80]",FP16,CPU,fft_thrust,compatibility/end-to-end,PASS,OK,20,100,97,0.331742,true,b6c27e040f696c469f9cdb46a5c7bb842110fc9887bddc90119bf731e080cde4,ce9303996685cf4704fddd0bfb893b1f35d7c37d70d020aa7b4db20ca2ff5bee
1,20260810T085518Z_9b01dadd36f6_stage08_b06_formal_86710003,formal,20260810T085518Z,9b01dadd36f6bf7c926f41342d17d4ffb3011408,false,stage08_b06_csd_scales_v1,f34a8418b38bdb14cc081605a2640838095875661c115422e9623793c66e122b,operator,csd,NA,NA,csd,csd__csd_fp16_10e2__b6c27e040f696c46,csd_fp16_10e2,10^2,100,"x=[100],y=[80]",FP16,CPU,fft_thrust,compatibility/end-to-end,PASS,OK,20,100,98,0.313481,true,b6c27e040f696c469f9cdb46a5c7bb842110fc9887bddc90119bf731e080cde4,ce9303996685cf4704fddd0bfb893b1f35d7c37d70d020aa7b4db20ca2ff5bee
1,20260810T085518Z_9b01dadd36f6_stage08_b06_formal_86710003,formal,20260810T085518Z,9b01dadd36f6bf7c926f41342d17d4ffb3011408,false,stage08_b06_csd_scales_v1,f34a8418b38bdb14cc081605a2640838095875661c115422e9623793c66e122b,operator,csd,NA,NA,csd,csd__csd_fp16_10e2__b6c27e040f696c46,csd_fp16_10e2,10^2,100,"x=[100],y=[80]",FP16,CPU,fft_thrust,compatibility/end-to-end,PASS,OK,20,100,99,0.313432,true,b6c27e040f696c469f9cdb46a5c7bb842110fc9887bddc90119bf731e080cde4,ce9303996685cf4704fddd0bfb893b1f35d7c37d70d020aa7b4db20ca2ff5bee
1,20260810T085518Z_9b01dadd36f6_stage08_b06_formal_86710003,formal,20260810T085518Z,9b01dadd36f6bf7c926f41342d17d4ffb3011408,false,stage08_b06_csd_scales_v1,f34a8418b38bdb14cc081605a2640838095875661c115422e9623793c66e122b,operator,csd,NA,NA,csd,csd__csd_fp16_10e2__b6c27e040f696c46,csd_fp16_10e2,10^2,100,"x=[100],y=[80]",FP16,GPU,fft_thrust,compatibility/end-to-end,PASS,OK,20,100,0,1.000345,true,b6c27e040f696c469f9cdb46a5c7bb842110fc9887bddc90119bf731e080cde4,e6907dfd8cebe311e103888e71841385428745d6a98495f8bfa0767b485d33c6
1,20260810T085518Z_9b01dadd36f6_stage08_b06_formal_86710003,formal,20260810T085518Z,9b01dadd36f6bf7c926f41342d17d4ffb3011408,false,stage08_b06_csd_scales_v1,f34a8418b38bdb14cc081605a2640838095875661c115422e9623793c66e122b,operator,csd,NA,NA,csd,csd__csd_fp16_10e2__b6c27e040f696c46,csd_fp16_10e2,10^2,100,"x=[100],y=[80]",FP16,GPU,fft_thrust,compatibility/end-to-end,PASS,OK,20,100,1,0.998926,true,b6c27e040f696c469f9cdb46a5c7bb842110fc9887bddc90119bf731e080cde4,e6907dfd8cebe311e103888e71841385428745d6a98495f8bfa0767b485d33c6
1,20260810T085518Z_9b01dadd36f6_stage08_b06_formal_86710003,formal,20260810T085518Z,9b01dadd36f6bf7c926f41342d17d4ffb3011408,false,stage08_b06_csd_scales_v1,f34a8418b38bdb14cc081605a2640838095875661c115422e9623793c66e122b,operator,csd,NA,NA,csd,csd__csd_fp16_10e2__b6c27e040f696c46,csd_fp16_10e2,10^2,100,"x=[100],y=[80]",FP16,GPU,fft_thrust,compatibility/end-to-end,PASS,OK,20,100,2,0.959745,true,b6c27e040f696c469f9cdb46a5c7bb842110fc9887bddc90119bf731e080cde4,e6907dfd8cebe311e103888e71841385428745d6a98495f8bfa0767b485d33c6
1,20260810T085518Z_9b01dadd36f6_stage08_b06_formal_86710003,formal,20260810T085518Z,9b01dadd36f6bf7c926f41342d17d4ffb3011408,false,stage08_b06_csd_scales_v1,f34a8418b38bdb14cc081605a2640838095875661c115422e9623793c66e122b,operator,csd,NA,NA,csd,csd__csd_fp16_10e2__b6c27e040f696c46,csd_fp16_10e2,10^2,100,"x=[100],y=[80]",FP16,GPU,fft_thrust,compatibility/end-to-end,PASS,OK,20,100,3,1.011516,true,b6c27e040f696c469f9cdb46a5c7bb842110fc9887bddc90119bf731e080cde4,e6907dfd8cebe311e103888e71841385428745d6a98495f8bfa0767b485d33c6
1,20260810T085518Z_9b01dadd36f6_stage08_b06_formal_86710003,formal,20260810T085518Z,9b01dadd36f6bf7c926f41342d17d4ffb3011408,false,stage08_b06_csd_scales_v1,f34a8418b38bdb14cc081605a2640838095875661c115422e9623793c66e122b,operator,csd,NA,NA,csd,csd__csd_fp16_10e2__b6c27e040f696c46,csd_fp16_10e2,10^2,100,"x=[100],y=[80]",FP16,GPU,fft_thrust,compatibility/end-to-end,PASS,OK,20,100,4,0.992485,true,b6c27e040f696c469f9cdb46a5c7bb842110fc9887bddc90119bf731e080cde4,e6907dfd8cebe311e103888e71841385428745d6a98495f8bfa0767b485d33c6
1,20260810T085518Z_9b01dadd36f6_stage08_b06_formal_86710003,formal,20260810T085518Z,9b01dadd36f6bf7c926f41342d17d4ffb3011408,false,stage08_b06_csd_scales_v1,f34a8418b38bdb14cc081605a2640838095875661c115422e9623793c66e122b,operator,csd,NA,NA,csd,csd__csd_fp16_10e2__b6c27e040f696c46,csd_fp16_10e2,10^2,100,"x=[100],y=[80]",FP16,GPU,fft_thrust,compatibility/end-to-end,PASS,OK,20,100,5,1.015816,true,b6c27e040f696c469f9cdb46a5c7bb842110fc9887bddc90119bf731e080cde4,e6907dfd8cebe311e103888e71841385428745d6a98495f8bfa0767b485d33c6
1,20260810T085518Z_9b01dadd36f6_stage08_b06_formal_86710003,formal,20260810T085518Z,9b01dadd36f6bf7c926f41342d17d4ffb3011408,false,stage08_b06_csd_scales_v1,f34a8418b38bdb14cc081605a2640838095875661c115422e9623793c66e122b,operator,csd,NA,NA,csd,csd__csd_fp16_10e2__b6c27e040f696c46,csd_fp16_10e2,10^2,100,"x=[100],y=[80]",FP16,GPU,fft_thrust,compatibility/end-to-end,PASS,OK,20,100,6,0.995845,true,b6c27e040f696c469f9cdb46a5c7bb842110fc9887bddc90119bf731e080cde4,e6907dfd8cebe311e103888e71841385428745d6a98495f8bfa0767b485d33c6
1,20260810T085518Z_9b01dadd36f6_stage08_b06_formal_86710003,formal,20260810T085518Z,9b01dadd36f6bf7c926f41342d17d4ffb3011408,false,stage08_b06_csd_scales_v1,f34a8418b38bdb14cc081605a2640838095875661c115422e9623793c66e122b,operator,csd,NA,NA,csd,csd__csd_fp16_10e2__b6c27e040f696c46,csd_fp16_10e2,10^2,100,"x=[100],y=[80]",FP16,GPU,fft_thrust,compatibility/end-to-end,PASS,OK,20,100,7,0.959995,true,b6c27e040f696c469f9cdb46a5c7bb842110fc9887bddc90119bf731e080cde4,e6907dfd8cebe311e103888e71841385428745d6a98495f8bfa0767b485d33c6
1,20260810T085518Z_9b01dadd36f6_stage08_b06_formal_86710003,formal,20260810T085518Z,9b01dadd36f6bf7c926f41342d17d4ffb3011408,false,stage08_b06_csd_scales_v1,f34a8418b38bdb14cc081605a2640838095875661c115422e9623793c66e122b,operator,csd,NA,NA,csd,csd__csd_fp16_10e2__b6c27e040f696c46,csd_fp16_10e2,10^2,100,"x=[100],y=[80]",FP16,GPU,fft_thrust,compatibility/end-to-end,PASS,OK,20,100,8,1.002786,true,b6c27e040f696c469f9cdb46a5c7bb842110fc9887bddc90119bf731e080cde4,e6907dfd8cebe311e103888e71841385428745d6a98495f8bfa0767b485d33c6
1,20260810T085518Z_9b01dadd36f6_stage08_b06_formal_86710003,formal,20260810T085518Z,9b01dadd36f6bf7c926f41342d17d4ffb3011408,false,stage08_b06_csd_scales_v1,f34a8418b38bdb14cc081605a2640838095875661c115422e9623793c66e122b,operator,csd,NA,NA,csd,csd__csd_fp16_10e2__b6c27e040f696c46,csd_fp16_10e2,10^2,100,"x=[100],y=[80]",FP16,GPU,fft_thrust,compatibility/end-to-end,PASS,OK,20,100,9,0.961195,true,b6c27e040f696c469f9cdb46a5c7bb842110fc9887bddc90119bf731e080cde4,e6907dfd8cebe311e103888e71841385428745d6a98495f8bfa0767b485d33c6
1,20260810T085518Z_9b01dadd36f6_stage08_b06_formal_86710003,formal,20260810T085518Z,9b01dadd36f6bf7c926f41342d17d4ffb3011408,false,stage08_b06_csd_scales_v1,f34a8418b38bdb14cc081605a2640838095875661c115422e9623793c66e122b,operator,csd,NA,NA,csd,csd__csd_fp16_10e2__b6c27e040f696c46,csd_fp16_10e2,10^2,100,"x=[100],y=[80]",FP16,GPU,fft_thrust,compatibility/end-to-end,PASS,OK,20,100,10,1.013565,true,b6c27e040f696c469f9cdb46a5c7bb842110fc9887bddc90119bf731e080cde4,e6907dfd8cebe311e103888e71841385428745d6a98495f8bfa0767b485d33c6
1,20260810T085518Z_9b01dadd36f6_stage08_b06_formal_86710003,formal,20260810T085518Z,9b01dadd36f6bf7c926f41342d17d4ffb3011408,false,stage08_b06_csd_scales_v1,f34a8418b38bdb14cc081605a2640838095875661c115422e9623793c66e122b,operator,csd,NA,NA,csd,csd__csd_fp16_10e2__b6c27e040f696c46,csd_fp16_10e2,10^2,100,"x=[100],y=[80]",FP16,GPU,fft_thrust,compatibility/end-to-end,PASS,OK,20,100,11,0.980445,true,b6c27e040f696c469f9cdb46a5c7bb842110fc9887bddc90119bf731e080cde4,e6907dfd8cebe311e103888e71841385428745d6a98495f8bfa0767b485d33c6
1,20260810T085518Z_9b01dadd36f6_stage08_b06_formal_86710003,formal,20260810T085518Z,9b01dadd36f6bf7c926f41342d17d4ffb3011408,false,stage08_b06_csd_scales_v1,f34a8418b38bdb14cc081605a2640838095875661c115422e9623793c66e122b,operator,csd,NA,NA,csd,csd__csd_fp16_10e2__b6c27e040f696c46,csd_fp16_10e2,10^2,100,"x=[100],y=[80]",FP16,GPU,fft_thrust,compatibility/end-to-end,PASS,OK,20,100,12,1.029096,true,b6c27e040f696c469f9cdb46a5c7bb842110fc9887bddc90119bf731e080cde4,e6907dfd8cebe311e103888e71841385428745d6a98495f8bfa0767b485d33c6
1,20260810T085518Z_9b01dadd36f6_stage08_b06_formal_86710003,formal,20260810T085518Z,9b01dadd36f6bf7c926f41342d17d4ffb3011408,false,stage08_b06_csd_scales_v1,f34a8418b38bdb14cc081605a2640838095875661c115422e9623793c66e122b,operator,csd,NA,NA,csd,csd__csd_fp16_10e2__b6c27e040f696c46,csd_fp16_10e2,10^2,100,"x=[100],y=[80]",FP16,GPU,fft_thrust,compatibility/end-to-end,PASS,OK,20,100,13,0.974575,true,b6c27e040f696c469f9cdb46a5c7bb842110fc9887bddc90119bf731e080cde4,e6907dfd8cebe311e103888e71841385428745d6a98495f8bfa0767b485d33c6
1,20260810T085518Z_9b01dadd36f6_stage08_b06_formal_86710003,formal,20260810T085518Z,9b01dadd36f6bf7c926f41342d17d4ffb3011408,false,stage08_b06_csd_scales_v1,f34a8418b38bdb14cc081605a2640838095875661c115422e9623793c66e122b,operator,csd,NA,NA,csd,csd__csd_fp16_10e2__b6c27e040f696c46,csd_fp16_10e2,10^2,100,"x=[100],y=[80]",FP16,GPU,fft_thrust,compatibility/end-to-end,PASS,OK,20,100,14,0.984566,true,b6c27e040f696c469f9cdb46a5c7bb842110fc9887bddc90119bf731e080cde4,e6907dfd8cebe311e103888e71841385428745d6a98495f8bfa0767b485d33c6
1,20260810T085518Z_9b01dadd36f6_stage08_b06_formal_86710003,formal,20260810T085518Z,9b01dadd36f6bf7c926f41342d17d4ffb3011408,false,stage08_b06_csd_scales_v1,f34a8418b38bdb14cc081605a2640838095875661c115422e9623793c66e122b,operator,csd,NA,NA,csd,csd__csd_fp16_10e2__b6c27e040f696c46,csd_fp16_10e2,10^2,100,"x=[100],y=[80]",FP16,GPU,fft_thrust,compatibility/end-to-end,PASS,OK,20,100,15,0.961175,true,b6c27e040f696c469f9cdb46a5c7bb842110fc9887bddc90119bf731e080cde4,e6907dfd8cebe311e103888e71841385428745d6a98495f8bfa0767b485d33c6
1,20260810T085518Z_9b01dadd36f6_stage08_b06_formal_86710003,formal,20260810T085518Z,9b01dadd36f6bf7c926f41342d17d4ffb3011408,false,stage08_b06_csd_scales_v1,f34a8418b38bdb14cc081605a2640838095875661c115422e9623793c66e122b,operator,csd,NA,NA,csd,csd__csd_fp16_10e2__b6c27e040f696c46,csd_fp16_10e2,10^2,100,"x=[100],y=[80]",FP16,GPU,fft_thrust,compatibility/end-to-end,PASS,OK,20,100,16,0.994436,true,b6c27e040f696c469f9cdb46a5c7bb842110fc9887bddc90119bf731e080cde4,e6907dfd8cebe311e103888e71841385428745d6a98495f8bfa0767b485d33c6
1,20260810T085518Z_9b01dadd36f6_stage08_b06_formal_86710003,formal,20260810T085518Z,9b01dadd36f6bf7c926f41342d17d4ffb3011408,false,stage08_b06_csd_scales_v1,f34a8418b38bdb14cc081605a2640838095875661c115422e9623793c66e122b,operator,csd,NA,NA,csd,csd__csd_fp16_10e2__b6c27e040f696c46,csd_fp16_10e2,10^2,100,"x=[100],y=[80]",FP16,GPU,fft_thrust,compatibility/end-to-end,PASS,OK,20,100,17,0.981385,true,b6c27e040f696c469f9cdb46a5c7bb842110fc9887bddc90119bf731e080cde4,e6907dfd8cebe311e103888e71841385428745d6a98495f8bfa0767b485d33c6
1,20260810T085518Z_9b01dadd36f6_stage08_b06_formal_86710003,formal,20260810T085518Z,9b01dadd36f6bf7c926f41342d17d4ffb3011408,false,stage08_b06_csd_scales_v1,f34a8418b38bdb14cc081605a2640838095875661c115422e9623793c66e122b,operator,csd,NA,NA,csd,csd__csd_fp16_10e2__b6c27e040f696c46,csd_fp16_10e2,10^2,100,"x=[100],y=[80]",FP16,GPU,fft_thrust,compatibility/end-to-end,PASS,OK,20,100,18,0.957465,true,b6c27e040f696c469f9cdb46a5c7bb842110fc9887bddc90119bf731e080cde4,e6907dfd8cebe311e103888e71841385428745d6a98495f8bfa0767b485d33c6
1,20260810T085518Z_9b01dadd36f6_stage08_b06_formal_86710003,formal,20260810T085518Z,9b01dadd36f6bf7c926f41342d17d4ffb3011408,false,stage08_b06_csd_scales_v1,f34a8418b38bdb14cc081605a2640838095875661c115422e9623793c66e122b,operator,csd,NA,NA,csd,csd__csd_fp16_10e2__b6c27e040f696c46,csd_fp16_10e2,10^2,100,"x=[100],y=[80]",FP16,GPU,fft_thrust,compatibility/end-to-end,PASS,OK,20,100,19,0.977705,true,b6c27e040f696c469f9cdb46a5c7bb842110fc9887bddc90119bf731e080cde4,e6907dfd8cebe311e103888e71841385428745d6a98495f8bfa0767b485d33c6
1,20260810T085518Z_9b01dadd36f6_stage08_b06_formal_86710003,formal,20260810T085518Z,9b01dadd36f6bf7c926f41342d17d4ffb3011408,false,stage08_b06_csd_scales_v1,f34a8418b38bdb14cc081605a2640838095875661c115422e9623793c66e122b,operator,csd,NA,NA,csd,csd__csd_fp16_10e2__b6c27e040f696c46,csd_fp16_10e2,10^2,100,"x=[100],y=[80]",FP16,GPU,fft_thrust,compatibility/end-to-end,PASS,OK,20,100,20,0.995466,true,b6c27e040f696c469f9cdb46a5c7bb842110fc9887bddc90119bf731e080cde4,e6907dfd8cebe311e103888e71841385428745d6a98495f8bfa0767b485d33c6
1,20260810T085518Z_9b01dadd36f6_stage08_b06_formal_86710003,formal,20260810T085518Z,9b01dadd36f6bf7c926f41342d17d4ffb3011408,false,stage08_b06_csd_scales_v1,f34a8418b38bdb14cc081605a2640838095875661c115422e9623793c66e122b,operator,csd,NA,NA,csd,csd__csd_fp16_10e2__b6c27e040f696c46,csd_fp16_10e2,10^2,100,"x=[100],y=[80]",FP16,GPU,fft_thrust,compatibility/end-to-end,PASS,OK,20,100,21,0.958675,true,b6c27e040f696c469f9cdb46a5c7bb842110fc9887bddc90119bf731e080cde4,e6907dfd8cebe311e103888e71841385428745d6a98495f8bfa0767b485d33c6
1,20260810T085518Z_9b01dadd36f6_stage08_b06_formal_86710003,formal,20260810T085518Z,9b01dadd36f6bf7c926f41342d17d4ffb3011408,false,stage08_b06_csd_scales_v1,f34a8418b38bdb14cc081605a2640838095875661c115422e9623793c66e122b,operator,csd,NA,NA,csd,csd__csd_fp16_10e2__b6c27e040f696c46,csd_fp16_10e2,10^2,100,"x=[100],y=[80]",FP16,GPU,fft_thrust,compatibility/end-to-end,PASS,OK,20,100,22,0.982885,true,b6c27e040f696c469f9cdb46a5c7bb842110fc9887bddc90119bf731e080cde4,e6907dfd8cebe311e103888e71841385428745d6a98495f8bfa0767b485d33c6
1,20260810T085518Z_9b01dadd36f6_stage08_b06_formal_86710003,formal,20260810T085518Z,9b01dadd36f6bf7c926f41342d17d4ffb3011408,false,stage08_b06_csd_scales_v1,f34a8418b38bdb14cc081605a2640838095875661c115422e9623793c66e122b,operator,csd,NA,NA,csd,csd__csd_fp16_10e2__b6c27e040f696c46,csd_fp16_10e2,10^2,100,"x=[100],y=[80]",FP16,GPU,fft_thrust,compatibility/end-to-end,PASS,OK,20,100,23,0.957425,true,b6c27e040f696c469f9cdb46a5c7bb842110fc9887bddc90119bf731e080cde4,e6907dfd8cebe311e103888e71841385428745d6a98495f8bfa0767b485d33c6
1,20260810T085518Z_9b01dadd36f6_stage08_b06_formal_86710003,formal,20260810T085518Z,9b01dadd36f6bf7c926f41342d17d4ffb3011408,false,stage08_b06_csd_scales_v1,f34a8418b38bdb14cc081605a2640838095875661c115422e9623793c66e122b,operator,csd,NA,NA,csd,csd__csd_fp16_10e2__b6c27e040f696c46,csd_fp16_10e2,10^2,100,"x=[100],y=[80]",FP16,GPU,fft_thrust,compatibility/end-to-end,PASS,OK,20,100,24,0.972575,true,b6c27e040f696c469f9cdb46a5c7bb842110fc9887bddc90119bf731e080cde4,e6907dfd8cebe311e103888e71841385428745d6a98495f8bfa0767b485d33c6
1,20260810T085518Z_9b01dadd36f6_stage08_b06_formal_86710003,formal,20260810T085518Z,9b01dadd36f6bf7c926f41342d17d4ffb3011408,false,stage08_b06_csd_scales_v1,f34a8418b38bdb14cc081605a2640838095875661c115422e9623793c66e122b,operator,csd,NA,NA,csd,csd__csd_fp16_10e2__b6c27e040f696c46,csd_fp16_10e2,10^2,100,"x=[100],y=[80]",FP16,GPU,fft_thrust,compatibility/end-to-end,PASS,OK,20,100,25,0.974596,true,b6c27e040f696c469f9cdb46a5c7bb842110fc9887bddc90119bf731e080cde4,e6907dfd8cebe311e103888e71841385428745d6a98495f8bfa0767b485d33c6
1,20260810T085518Z_9b01dadd36f6_stage08_b06_formal_86710003,formal,20260810T085518Z,9b01dadd36f6bf7c926f41342d17d4ffb3011408,false,stage08_b06_csd_scales_v1,f34a8418b38bdb14cc081605a2640838095875661c115422e9623793c66e122b,operator,csd,NA,NA,csd,csd__csd_fp16_10e2__b6c27e040f696c46,csd_fp16_10e2,10^2,100,"x=[100],y=[80]",FP16,GPU,fft_thrust,compatibility/end-to-end,PASS,OK,20,100,26,0.955215,true,b6c27e040f696c469f9cdb46a5c7bb842110fc9887bddc90119bf731e080cde4,e6907dfd8cebe311e103888e71841385428745d6a98495f8bfa0767b485d33c6
1,20260810T085518Z_9b01dadd36f6_stage08_b06_formal_86710003,formal,20260810T085518Z,9b01dadd36f6bf7c926f41342d17d4ffb3011408,false,stage08_b06_csd_scales_v1,f34a8418b38bdb14cc081605a2640838095875661c115422e9623793c66e122b,operator,csd,NA,NA,csd,csd__csd_fp16_10e2__b6c27e040f696c46,csd_fp16_10e2,10^2,100,"x=[100],y=[80]",FP16,GPU,fft_thrust,compatibility/end-to-end,PASS,OK,20,100,27,0.962735,true,b6c27e040f696c469f9cdb46a5c7bb842110fc9887bddc90119bf731e080cde4,e6907dfd8cebe311e103888e71841385428745d6a98495f8bfa0767b485d33c6
1,20260810T085518Z_9b01dadd36f6_stage08_b06_formal_86710003,formal,20260810T085518Z,9b01dadd36f6bf7c926f41342d17d4ffb3011408,false,stage08_b06_csd_scales_v1,f34a8418b38bdb14cc081605a2640838095875661c115422e9623793c66e122b,operator,csd,NA,NA,csd,csd__csd_fp16_10e2__b6c27e040f696c46,csd_fp16_10e2,10^2,100,"x=[100],y=[80]",FP16,GPU,fft_thrust,compatibility/end-to-end,PASS,OK,20,100,28,0.998386,true,b6c27e040f696c469f9cdb46a5c7bb842110fc9887bddc90119bf731e080cde4,e6907dfd8cebe311e103888e71841385428745d6a98495f8bfa0767b485d33c6
1,20260810T085518Z_9b01dadd36f6_stage08_b06_formal_86710003,formal,20260810T085518Z,9b01dadd36f6bf7c926f41342d17d4ffb3011408,false,stage08_b06_csd_scales_v1,f34a8418b38bdb14cc081605a2640838095875661c115422e9623793c66e122b,operator,csd,NA,NA,csd,csd__csd_fp16_10e2__b6c27e040f696c46,csd_fp16_10e2,10^2,100,"x=[100],y=[80]",FP16,GPU,fft_thrust,compatibility/end-to-end,PASS,OK,20,100,29,0.984095,true,b6c27e040f696c469f9cdb46a5c7bb842110fc9887bddc90119bf731e080cde4,e6907dfd8cebe311e103888e71841385428745d6a98495f8bfa0767b485d33c6
1,20260810T085518Z_9b01dadd36f6_stage08_b06_formal_86710003,formal,20260810T085518Z,9b01dadd36f6bf7c926f41342d17d4ffb3011408,false,stage08_b06_csd_scales_v1,f34a8418b38bdb14cc081605a2640838095875661c115422e9623793c66e122b,operator,csd,NA,NA,csd,csd__csd_fp16_10e2__b6c27e040f696c46,csd_fp16_10e2,10^2,100,"x=[100],y=[80]",FP16,GPU,fft_thrust,compatibility/end-to-end,PASS,OK,20,100,30,0.960605,true,b6c27e040f696c469f9cdb46a5c7bb842110fc9887bddc90119bf731e080cde4,e6907dfd8cebe311e103888e71841385428745d6a98495f8bfa0767b485d33c6
1,20260810T085518Z_9b01dadd36f6_stage08_b06_formal_86710003,formal,20260810T085518Z,9b01dadd36f6bf7c926f41342d17d4ffb3011408,false,stage08_b06_csd_scales_v1,f34a8418b38bdb14cc081605a2640838095875661c115422e9623793c66e122b,operator,csd,NA,NA,csd,csd__csd_fp16_10e2__b6c27e040f696c46,csd_fp16_10e2,10^2,100,"x=[100],y=[80]",FP16,GPU,fft_thrust,compatibility/end-to-end,PASS,OK,20,100,31,0.981935,true,b6c27e040f696c469f9cdb46a5c7bb842110fc9887bddc90119bf731e080cde4,e6907dfd8cebe311e103888e71841385428745d6a98495f8bfa0767b485d33c6
1,20260810T085518Z_9b01dadd36f6_stage08_b06_formal_86710003,formal,20260810T085518Z,9b01dadd36f6bf7c926f41342d17d4ffb3011408,false,stage08_b06_csd_scales_v1,f34a8418b38bdb14cc081605a2640838095875661c115422e9623793c66e122b,operator,csd,NA,NA,csd,csd__csd_fp16_10e2__b6c27e040f696c46,csd_fp16_10e2,10^2,100,"x=[100],y=[80]",FP16,GPU,fft_thrust,compatibility/end-to-end,PASS,OK,20,100,32,0.976186,true,b6c27e040f696c469f9cdb46a5c7bb842110fc9887bddc90119bf731e080cde4,e6907dfd8cebe311e103888e71841385428745d6a98495f8bfa0767b485d33c6
1,20260810T085518Z_9b01dadd36f6_stage08_b06_formal_86710003,formal,20260810T085518Z,9b01dadd36f6bf7c926f41342d17d4ffb3011408,false,stage08_b06_csd_scales_v1,f34a8418b38bdb14cc081605a2640838095875661c115422e9623793c66e122b,operator,csd,NA,NA,csd,csd__csd_fp16_10e2__b6c27e040f696c46,csd_fp16_10e2,10^2,100,"x=[100],y=[80]",FP16,GPU,fft_thrust,compatibility/end-to-end,PASS,OK,20,100,33,0.960705,true,b6c27e040f696c469f9cdb46a5c7bb842110fc9887bddc90119bf731e080cde4,e6907dfd8cebe311e103888e71841385428745d6a98495f8bfa0767b485d33c6
1,20260810T085518Z_9b01dadd36f6_stage08_b06_formal_86710003,formal,20260810T085518Z,9b01dadd36f6bf7c926f41342d17d4ffb3011408,false,stage08_b06_csd_scales_v1,f34a8418b38bdb14cc081605a2640838095875661c115422e9623793c66e122b,operator,csd,NA,NA,csd,csd__csd_fp16_10e2__b6c27e040f696c46,csd_fp16_10e2,10^2,100,"x=[100],y=[80]",FP16,GPU,fft_thrust,compatibility/end-to-end,PASS,OK,20,100,34,0.958425,true,b6c27e040f696c469f9cdb46a5c7bb842110fc9887bddc90119bf731e080cde4,e6907dfd8cebe311e103888e71841385428745d6a98495f8bfa0767b485d33c6
1,20260810T085518Z_9b01dadd36f6_stage08_b06_formal_86710003,formal,20260810T085518Z,9b01dadd36f6bf7c926f41342d17d4ffb3011408,false,stage08_b06_csd_scales_v1,f34a8418b38bdb14cc081605a2640838095875661c115422e9623793c66e122b,operator,csd,NA,NA,csd,csd__csd_fp16_10e2__b6c27e040f696c46,csd_fp16_10e2,10^2,100,"x=[100],y=[80]",FP16,GPU,fft_thrust,compatibility/end-to-end,PASS,OK,20,100,35,0.980945,true,b6c27e040f696c469f9cdb46a5c7bb842110fc9887bddc90119bf731e080cde4,e6907dfd8cebe311e103888e71841385428745d6a98495f8bfa0767b485d33c6
1,20260810T085518Z_9b01dadd36f6_stage08_b06_formal_86710003,formal,20260810T085518Z,9b01dadd36f6bf7c926f41342d17d4ffb3011408,false,stage08_b06_csd_scales_v1,f34a8418b38bdb14cc081605a2640838095875661c115422e9623793c66e122b,operator,csd,NA,NA,csd,csd__csd_fp16_10e2__b6c27e040f696c46,csd_fp16_10e2,10^2,100,"x=[100],y=[80]",FP16,GPU,fft_thrust,compatibility/end-to-end,PASS,OK,20,100,36,0.978425,true,b6c27e040f696c469f9cdb46a5c7bb842110fc9887bddc90119bf731e080cde4,e6907dfd8cebe311e103888e71841385428745d6a98495f8bfa0767b485d33c6
1,20260810T085518Z_9b01dadd36f6_stage08_b06_formal_86710003,formal,20260810T085518Z,9b01dadd36f6bf7c926f41342d17d4ffb3011408,false,stage08_b06_csd_scales_v1,f34a8418b38bdb14cc081605a2640838095875661c115422e9623793c66e122b,operator,csd,NA,NA,csd,csd__csd_fp16_10e2__b6c27e040f696c46,csd_fp16_10e2,10^2,100,"x=[100],y=[80]",FP16,GPU,fft_thrust,compatibility/end-to-end,PASS,OK,20,100,37,1.316148,true,b6c27e040f696c469f9cdb46a5c7bb842110fc9887bddc90119bf731e080cde4,e6907dfd8cebe311e103888e71841385428745d6a98495f8bfa0767b485d33c6
1,20260810T085518Z_9b01dadd36f6_stage08_b06_formal_86710003,formal,20260810T085518Z,9b01dadd36f6bf7c926f41342d17d4ffb3011408,false,stage08_b06_csd_scales_v1,f34a8418b38bdb14cc081605a2640838095875661c115422e9623793c66e122b,operator,csd,NA,NA,csd,csd__csd_fp16_10e2__b6c27e040f696c46,csd_fp16_10e2,10^2,100,"x=[100],y=[80]",FP16,GPU,fft_thrust,compatibility/end-to-end,PASS,OK,20,100,38,0.958555,true,b6c27e040f696c469f9cdb46a5c7bb842110fc9887bddc90119bf731e080cde4,e6907dfd8cebe311e103888e71841385428745d6a98495f8bfa0767b485d33c6
1,20260810T085518Z_9b01dadd36f6_stage08_b06_formal_86710003,formal,20260810T085518Z,9b01dadd36f6bf7c926f41342d17d4ffb3011408,false,stage08_b06_csd_scales_v1,f34a8418b38bdb14cc081605a2640838095875661c115422e9623793c66e122b,operator,csd,NA,NA,csd,csd__csd_fp16_10e2__b6c27e040f696c46,csd_fp16_10e2,10^2,100,"x=[100],y=[80]",FP16,GPU,fft_thrust,compatibility/end-to-end,PASS,OK,20,100,39,0.956845,true,b6c27e040f696c469f9cdb46a5c7bb842110fc9887bddc90119bf731e080cde4,e6907dfd8cebe311e103888e71841385428745d6a98495f8bfa0767b485d33c6
1,20260810T085518Z_9b01dadd36f6_stage08_b06_formal_86710003,formal,20260810T085518Z,9b01dadd36f6bf7c926f41342d17d4ffb3011408,false,stage08_b06_csd_scales_v1,f34a8418b38bdb14cc081605a2640838095875661c115422e9623793c66e122b,operator,csd,NA,NA,csd,csd__csd_fp16_10e2__b6c27e040f696c46,csd_fp16_10e2,10^2,100,"x=[100],y=[80]",FP16,GPU,fft_thrust,compatibility/end-to-end,PASS,OK,20,100,40,0.986176,true,b6c27e040f696c469f9cdb46a5c7bb842110fc9887bddc90119bf731e080cde4,e6907dfd8cebe311e103888e71841385428745d6a98495f8bfa0767b485d33c6
1,20260810T085518Z_9b01dadd36f6_stage08_b06_formal_86710003,formal,20260810T085518Z,9b01dadd36f6bf7c926f41342d17d4ffb3011408,false,stage08_b06_csd_scales_v1,f34a8418b38bdb14cc081605a2640838095875661c115422e9623793c66e122b,operator,csd,NA,NA,csd,csd__csd_fp16_10e2__b6c27e040f696c46,csd_fp16_10e2,10^2,100,"x=[100],y=[80]",FP16,GPU,fft_thrust,compatibility/end-to-end,PASS,OK,20,100,41,0.955275,true,b6c27e040f696c469f9cdb46a5c7bb842110fc9887bddc90119bf731e080cde4,e6907dfd8cebe311e103888e71841385428745d6a98495f8bfa0767b485d33c6
1,20260810T085518Z_9b01dadd36f6_stage08_b06_formal_86710003,formal,20260810T085518Z,9b01dadd36f6bf7c926f41342d17d4ffb3011408,false,stage08_b06_csd_scales_v1,f34a8418b38bdb14cc081605a2640838095875661c115422e9623793c66e122b,operator,csd,NA,NA,csd,csd__csd_fp16_10e2__b6c27e040f696c46,csd_fp16_10e2,10^2,100,"x=[100],y=[80]",FP16,GPU,fft_thrust,compatibility/end-to-end,PASS,OK,20,100,42,0.976905,true,b6c27e040f696c469f9cdb46a5c7bb842110fc9887bddc90119bf731e080cde4,e6907dfd8cebe311e103888e71841385428745d6a98495f8bfa0767b485d33c6
1,20260810T085518Z_9b01dadd36f6_stage08_b06_formal_86710003,formal,20260810T085518Z,9b01dadd36f6bf7c926f41342d17d4ffb3011408,false,stage08_b06_csd_scales_v1,f34a8418b38bdb14cc081605a2640838095875661c115422e9623793c66e122b,operator,csd,NA,NA,csd,csd__csd_fp16_10e2__b6c27e040f696c46,csd_fp16_10e2,10^2,100,"x=[100],y=[80]",FP16,GPU,fft_thrust,compatibility/end-to-end,PASS,OK,20,100,43,0.978035,true,b6c27e040f696c469f9cdb46a5c7bb842110fc9887bddc90119bf731e080cde4,e6907dfd8cebe311e103888e71841385428745d6a98495f8bfa0767b485d33c6
1,20260810T085518Z_9b01dadd36f6_stage08_b06_formal_86710003,formal,20260810T085518Z,9b01dadd36f6bf7c926f41342d17d4ffb3011408,false,stage08_b06_csd_scales_v1,f34a8418b38bdb14cc081605a2640838095875661c115422e9623793c66e122b,operator,csd,NA,NA,csd,csd__csd_fp16_10e2__b6c27e040f696c46,csd_fp16_10e2,10^2,100,"x=[100],y=[80]",FP16,GPU,fft_thrust,compatibility/end-to-end,PASS,OK,20,100,44,0.991366,true,b6c27e040f696c469f9cdb46a5c7bb842110fc9887bddc90119bf731e080cde4,e6907dfd8cebe311e103888e71841385428745d6a98495f8bfa0767b485d33c6
1,20260810T085518Z_9b01dadd36f6_stage08_b06_formal_86710003,formal,20260810T085518Z,9b01dadd36f6bf7c926f41342d17d4ffb3011408,false,stage08_b06_csd_scales_v1,f34a8418b38bdb14cc081605a2640838095875661c115422e9623793c66e122b,operator,csd,NA,NA,csd,csd__csd_fp16_10e2__b6c27e040f696c46,csd_fp16_10e2,10^2,100,"x=[100],y=[80]",FP16,GPU,fft_thrust,compatibility/end-to-end,PASS,OK,20,100,45,0.962325,true,b6c27e040f696c469f9cdb46a5c7bb842110fc9887bddc90119bf731e080cde4,e6907dfd8cebe311e103888e71841385428745d6a98495f8bfa0767b485d33c6
1,20260810T085518Z_9b01dadd36f6_stage08_b06_formal_86710003,formal,20260810T085518Z,9b01dadd36f6bf7c926f41342d17d4ffb3011408,false,stage08_b06_csd_scales_v1,f34a8418b38bdb14cc081605a2640838095875661c115422e9623793c66e122b,operator,csd,NA,NA,csd,csd__csd_fp16_10e2__b6c27e040f696c46,csd_fp16_10e2,10^2,100,"x=[100],y=[80]",FP16,GPU,fft_thrust,compatibility/end-to-end,PASS,OK,20,100,46,0.991445,true,b6c27e040f696c469f9cdb46a5c7bb842110fc9887bddc90119bf731e080cde4,e6907dfd8cebe311e103888e71841385428745d6a98495f8bfa0767b485d33c6
1,20260810T085518Z_9b01dadd36f6_stage08_b06_formal_86710003,formal,20260810T085518Z,9b01dadd36f6bf7c926f41342d17d4ffb3011408,false,stage08_b06_csd_scales_v1,f34a8418b38bdb14cc081605a2640838095875661c115422e9623793c66e122b,operator,csd,NA,NA,csd,csd__csd_fp16_10e2__b6c27e040f696c46,csd_fp16_10e2,10^2,100,"x=[100],y=[80]",FP16,GPU,fft_thrust,compatibility/end-to-end,PASS,OK,20,100,47,0.991305,true,b6c27e040f696c469f9cdb46a5c7bb842110fc9887bddc90119bf731e080cde4,e6907dfd8cebe311e103888e71841385428745d6a98495f8bfa0767b485d33c6
1,20260810T085518Z_9b01dadd36f6_stage08_b06_formal_86710003,formal,20260810T085518Z,9b01dadd36f6bf7c926f41342d17d4ffb3011408,false,stage08_b06_csd_scales_v1,f34a8418b38bdb14cc081605a2640838095875661c115422e9623793c66e122b,operator,csd,NA,NA,csd,csd__csd_fp16_10e2__b6c27e040f696c46,csd_fp16_10e2,10^2,100,"x=[100],y=[80]",FP16,GPU,fft_thrust,compatibility/end-to-end,PASS,OK,20,100,48,1.002306,true,b6c27e040f696c469f9cdb46a5c7bb842110fc9887bddc90119bf731e080cde4,e6907dfd8cebe311e103888e71841385428745d6a98495f8bfa0767b485d33c6
1,20260810T085518Z_9b01dadd36f6_stage08_b06_formal_86710003,formal,20260810T085518Z,9b01dadd36f6bf7c926f41342d17d4ffb3011408,false,stage08_b06_csd_scales_v1,f34a8418b38bdb14cc081605a2640838095875661c115422e9623793c66e122b,operator,csd,NA,NA,csd,csd__csd_fp16_10e2__b6c27e040f696c46,csd_fp16_10e2,10^2,100,"x=[100],y=[80]",FP16,GPU,fft_thrust,compatibility/end-to-end,PASS,OK,20,100,49,0.990775,true,b6c27e040f696c469f9cdb46a5c7bb842110fc9887bddc90119bf731e080cde4,e6907dfd8cebe311e103888e71841385428745d6a98495f8bfa0767b485d33c6
1,20260810T085518Z_9b01dadd36f6_stage08_b06_formal_86710003,formal,20260810T085518Z,9b01dadd36f6bf7c926f41342d17d4ffb3011408,false,stage08_b06_csd_scales_v1,f34a8418b38bdb14cc081605a2640838095875661c115422e9623793c66e122b,operator,csd,NA,NA,csd,csd__csd_fp16_10e2__b6c27e040f696c46,csd_fp16_10e2,10^2,100,"x=[100],y=[80]",FP16,GPU,fft_thrust,compatibility/end-to-end,PASS,OK,20,100,50,0.972206,true,b6c27e040f696c469f9cdb46a5c7bb842110fc9887bddc90119bf731e080cde4,e6907dfd8cebe311e103888e71841385428745d6a98495f8bfa0767b485d33c6
1,20260810T085518Z_9b01dadd36f6_stage08_b06_formal_86710003,formal,20260810T085518Z,9b01dadd36f6bf7c926f41342d17d4ffb3011408,false,stage08_b06_csd_scales_v1,f34a8418b38bdb14cc081605a2640838095875661c115422e9623793c66e122b,operator,csd,NA,NA,csd,csd__csd_fp16_10e2__b6c27e040f696c46,csd_fp16_10e2,10^2,100,"x=[100],y=[80]",FP16,GPU,fft_thrust,compatibility/end-to-end,PASS,OK,20,100,51,1.001295,true,b6c27e040f696c469f9cdb46a5c7bb842110fc9887bddc90119bf731e080cde4,e6907dfd8cebe311e103888e71841385428745d6a98495f8bfa0767b485d33c6
1,20260810T085518Z_9b01dadd36f6_stage08_b06_formal_86710003,formal,20260810T085518Z,9b01dadd36f6bf7c926f41342d17d4ffb3011408,false,stage08_b06_csd_scales_v1,f34a8418b38bdb14cc081605a2640838095875661c115422e9623793c66e122b,operator,csd,NA,NA,csd,csd__csd_fp16_10e2__b6c27e040f696c46,csd_fp16_10e2,10^2,100,"x=[100],y=[80]",FP16,GPU,fft_thrust,compatibility/end-to-end,PASS,OK,20,100,52,1.133036,true,b6c27e040f696c469f9cdb46a5c7bb842110fc9887bddc90119bf731e080cde4,e6907dfd8cebe311e103888e71841385428745d6a98495f8bfa0767b485d33c6
1,20260810T085518Z_9b01dadd36f6_stage08_b06_formal_86710003,formal,20260810T085518Z,9b01dadd36f6bf7c926f41342d17d4ffb3011408,false,stage08_b06_csd_scales_v1,f34a8418b38bdb14cc081605a2640838095875661c115422e9623793c66e122b,operator,csd,NA,NA,csd,csd__csd_fp16_10e2__b6c27e040f696c46,csd_fp16_10e2,10^2,100,"x=[100],y=[80]",FP16,GPU,fft_thrust,compatibility/end-to-end,PASS,OK,20,100,53,0.993286,true,b6c27e040f696c469f9cdb46a5c7bb842110fc9887bddc90119bf731e080cde4,e6907dfd8cebe311e103888e71841385428745d6a98495f8bfa0767b485d33c6
1,20260810T085518Z_9b01dadd36f6_stage08_b06_formal_86710003,formal,20260810T085518Z,9b01dadd36f6bf7c926f41342d17d4ffb3011408,false,stage08_b06_csd_scales_v1,f34a8418b38bdb14cc081605a2640838095875661c115422e9623793c66e122b,operator,csd,NA,NA,csd,csd__csd_fp16_10e2__b6c27e040f696c46,csd_fp16_10e2,10^2,100,"x=[100],y=[80]",FP16,GPU,fft_thrust,compatibility/end-to-end,PASS,OK,20,100,54,1.058755,true,b6c27e040f696c469f9cdb46a5c7bb842110fc9887bddc90119bf731e080cde4,e6907dfd8cebe311e103888e71841385428745d6a98495f8bfa0767b485d33c6
1,20260810T085518Z_9b01dadd36f6_stage08_b06_formal_86710003,formal,20260810T085518Z,9b01dadd36f6bf7c926f41342d17d4ffb3011408,false,stage08_b06_csd_scales_v1,f34a8418b38bdb14cc081605a2640838095875661c115422e9623793c66e122b,operator,csd,NA,NA,csd,csd__csd_fp16_10e2__b6c27e040f696c46,csd_fp16_10e2,10^2,100,"x=[100],y=[80]",FP16,GPU,fft_thrust,compatibility/end-to-end,PASS,OK,20,100,55,0.966886,true,b6c27e040f696c469f9cdb46a5c7bb842110fc9887bddc90119bf731e080cde4,e6907dfd8cebe311e103888e71841385428745d6a98495f8bfa0767b485d33c6
1,20260810T085518Z_9b01dadd36f6_stage08_b06_formal_86710003,formal,20260810T085518Z,9b01dadd36f6bf7c926f41342d17d4ffb3011408,false,stage08_b06_csd_scales_v1,f34a8418b38bdb14cc081605a2640838095875661c115422e9623793c66e122b,operator,csd,NA,NA,csd,csd__csd_fp16_10e2__b6c27e040f696c46,csd_fp16_10e2,10^2,100,"x=[100],y=[80]",FP16,GPU,fft_thrust,compatibility/end-to-end,PASS,OK,20,100,56,0.986475,true,b6c27e040f696c469f9cdb46a5c7bb842110fc9887bddc90119bf731e080cde4,e6907dfd8cebe311e103888e71841385428745d6a98495f8bfa0767b485d33c6
1,20260810T085518Z_9b01dadd36f6_stage08_b06_formal_86710003,formal,20260810T085518Z,9b01dadd36f6bf7c926f41342d17d4ffb3011408,false,stage08_b06_csd_scales_v1,f34a8418b38bdb14cc081605a2640838095875661c115422e9623793c66e122b,operator,csd,NA,NA,csd,csd__csd_fp16_10e2__b6c27e040f696c46,csd_fp16_10e2,10^2,100,"x=[100],y=[80]",FP16,GPU,fft_thrust,compatibility/end-to-end,PASS,OK,20,100,57,1.002575,true,b6c27e040f696c469f9cdb46a5c7bb842110fc9887bddc90119bf731e080cde4,e6907dfd8cebe311e103888e71841385428745d6a98495f8bfa0767b485d33c6
1,20260810T085518Z_9b01dadd36f6_stage08_b06_formal_86710003,formal,20260810T085518Z,9b01dadd36f6bf7c926f41342d17d4ffb3011408,false,stage08_b06_csd_scales_v1,f34a8418b38bdb14cc081605a2640838095875661c115422e9623793c66e122b,operator,csd,NA,NA,csd,csd__csd_fp16_10e2__b6c27e040f696c46,csd_fp16_10e2,10^2,100,"x=[100],y=[80]",FP16,GPU,fft_thrust,compatibility/end-to-end,PASS,OK,20,100,58,0.971285,true,b6c27e040f696c469f9cdb46a5c7bb842110fc9887bddc90119bf731e080cde4,e6907dfd8cebe311e103888e71841385428745d6a98495f8bfa0767b485d33c6
1,20260810T085518Z_9b01dadd36f6_stage08_b06_formal_86710003,formal,20260810T085518Z,9b01dadd36f6bf7c926f41342d17d4ffb3011408,false,stage08_b06_csd_scales_v1,f34a8418b38bdb14cc081605a2640838095875661c115422e9623793c66e122b,operator,csd,NA,NA,csd,csd__csd_fp16_10e2__b6c27e040f696c46,csd_fp16_10e2,10^2,100,"x=[100],y=[80]",FP16,GPU,fft_thrust,compatibility/end-to-end,PASS,OK,20,100,59,0.968026,true,b6c27e040f696c469f9cdb46a5c7bb842110fc9887bddc90119bf731e080cde4,e6907dfd8cebe311e103888e71841385428745d6a98495f8bfa0767b485d33c6
1,20260810T085518Z_9b01dadd36f6_stage08_b06_formal_86710003,formal,20260810T085518Z,9b01dadd36f6bf7c926f41342d17d4ffb3011408,false,stage08_b06_csd_scales_v1,f34a8418b38bdb14cc081605a2640838095875661c115422e9623793c66e122b,operator,csd,NA,NA,csd,csd__csd_fp16_10e2__b6c27e040f696c46,csd_fp16_10e2,10^2,100,"x=[100],y=[80]",FP16,GPU,fft_thrust,compatibility/end-to-end,PASS,OK,20,100,60,0.977505,true,b6c27e040f696c469f9cdb46a5c7bb842110fc9887bddc90119bf731e080cde4,e6907dfd8cebe311e103888e71841385428745d6a98495f8bfa0767b485d33c6
1,20260810T085518Z_9b01dadd36f6_stage08_b06_formal_86710003,formal,20260810T085518Z,9b01dadd36f6bf7c926f41342d17d4ffb3011408,false,stage08_b06_csd_scales_v1,f34a8418b38bdb14cc081605a2640838095875661c115422e9623793c66e122b,operator,csd,NA,NA,csd,csd__csd_fp16_10e2__b6c27e040f696c46,csd_fp16_10e2,10^2,100,"x=[100],y=[80]",FP16,GPU,fft_thrust,compatibility/end-to-end,PASS,OK,20,100,61,0.971115,true,b6c27e040f696c469f9cdb46a5c7bb842110fc9887bddc90119bf731e080cde4,e6907dfd8cebe311e103888e71841385428745d6a98495f8bfa0767b485d33c6
1,20260810T085518Z_9b01dadd36f6_stage08_b06_formal_86710003,formal,20260810T085518Z,9b01dadd36f6bf7c926f41342d17d4ffb3011408,false,stage08_b06_csd_scales_v1,f34a8418b38bdb14cc081605a2640838095875661c115422e9623793c66e122b,operator,csd,NA,NA,csd,csd__csd_fp16_10e2__b6c27e040f696c46,csd_fp16_10e2,10^2,100,"x=[100],y=[80]",FP16,GPU,fft_thrust,compatibility/end-to-end,PASS,OK,20,100,62,0.958836,true,b6c27e040f696c469f9cdb46a5c7bb842110fc9887bddc90119bf731e080cde4,e6907dfd8cebe311e103888e71841385428745d6a98495f8bfa0767b485d33c6
1,20260810T085518Z_9b01dadd36f6_stage08_b06_formal_86710003,formal,20260810T085518Z,9b01dadd36f6bf7c926f41342d17d4ffb3011408,false,stage08_b06_csd_scales_v1,f34a8418b38bdb14cc081605a2640838095875661c115422e9623793c66e122b,operator,csd,NA,NA,csd,csd__csd_fp16_10e2__b6c27e040f696c46,csd_fp16_10e2,10^2,100,"x=[100],y=[80]",FP16,GPU,fft_thrust,compatibility/end-to-end,PASS,OK,20,100,63,0.957705,true,b6c27e040f696c469f9cdb46a5c7bb842110fc9887bddc90119bf731e080cde4,e6907dfd8cebe311e103888e71841385428745d6a98495f8bfa0767b485d33c6
1,20260810T085518Z_9b01dadd36f6_stage08_b06_formal_86710003,formal,20260810T085518Z,9b01dadd36f6bf7c926f41342d17d4ffb3011408,false,stage08_b06_csd_scales_v1,f34a8418b38bdb14cc081605a2640838095875661c115422e9623793c66e122b,operator,csd,NA,NA,csd,csd__csd_fp16_10e2__b6c27e040f696c46,csd_fp16_10e2,10^2,100,"x=[100],y=[80]",FP16,GPU,fft_thrust,compatibility/end-to-end,PASS,OK,20,100,64,0.966185,true,b6c27e040f696c469f9cdb46a5c7bb842110fc9887bddc90119bf731e080cde4,e6907dfd8cebe311e103888e71841385428745d6a98495f8bfa0767b485d33c6
1,20260810T085518Z_9b01dadd36f6_stage08_b06_formal_86710003,formal,20260810T085518Z,9b01dadd36f6bf7c926f41342d17d4ffb3011408,false,stage08_b06_csd_scales_v1,f34a8418b38bdb14cc081605a2640838095875661c115422e9623793c66e122b,operator,csd,NA,NA,csd,csd__csd_fp16_10e2__b6c27e040f696c46,csd_fp16_10e2,10^2,100,"x=[100],y=[80]",FP16,GPU,fft_thrust,compatibility/end-to-end,PASS,OK,20,100,65,1.069136,true,b6c27e040f696c469f9cdb46a5c7bb842110fc9887bddc90119bf731e080cde4,e6907dfd8cebe311e103888e71841385428745d6a98495f8bfa0767b485d33c6
1,20260810T085518Z_9b01dadd36f6_stage08_b06_formal_86710003,formal,20260810T085518Z,9b01dadd36f6bf7c926f41342d17d4ffb3011408,false,stage08_b06_csd_scales_v1,f34a8418b38bdb14cc081605a2640838095875661c115422e9623793c66e122b,operator,csd,NA,NA,csd,csd__csd_fp16_10e2__b6c27e040f696c46,csd_fp16_10e2,10^2,100,"x=[100],y=[80]",FP16,GPU,fft_thrust,compatibility/end-to-end,PASS,OK,20,100,66,0.973425,true,b6c27e040f696c469f9cdb46a5c7bb842110fc9887bddc90119bf731e080cde4,e6907dfd8cebe311e103888e71841385428745d6a98495f8bfa0767b485d33c6
1,20260810T085518Z_9b01dadd36f6_stage08_b06_formal_86710003,formal,20260810T085518Z,9b01dadd36f6bf7c926f41342d17d4ffb3011408,false,stage08_b06_csd_scales_v1,f34a8418b38bdb14cc081605a2640838095875661c115422e9623793c66e122b,operator,csd,NA,NA,csd,csd__csd_fp16_10e2__b6c27e040f696c46,csd_fp16_10e2,10^2,100,"x=[100],y=[80]",FP16,GPU,fft_thrust,compatibility/end-to-end,PASS,OK,20,100,67,0.985985,true,b6c27e040f696c469f9cdb46a5c7bb842110fc9887bddc90119bf731e080cde4,e6907dfd8cebe311e103888e71841385428745d6a98495f8bfa0767b485d33c6
1,20260810T085518Z_9b01dadd36f6_stage08_b06_formal_86710003,formal,20260810T085518Z,9b01dadd36f6bf7c926f41342d17d4ffb3011408,false,stage08_b06_csd_scales_v1,f34a8418b38bdb14cc081605a2640838095875661c115422e9623793c66e122b,operator,csd,NA,NA,csd,csd__csd_fp16_10e2__b6c27e040f696c46,csd_fp16_10e2,10^2,100,"x=[100],y=[80]",FP16,GPU,fft_thrust,compatibility/end-to-end,PASS,OK,20,100,68,0.960926,true,b6c27e040f696c469f9cdb46a5c7bb842110fc9887bddc90119bf731e080cde4,e6907dfd8cebe311e103888e71841385428745d6a98495f8bfa0767b485d33c6
1,20260810T085518Z_9b01dadd36f6_stage08_b06_formal_86710003,formal,20260810T085518Z,9b01dadd36f6bf7c926f41342d17d4ffb3011408,false,stage08_b06_csd_scales_v1,f34a8418b38bdb14cc081605a2640838095875661c115422e9623793c66e122b,operator,csd,NA,NA,csd,csd__csd_fp16_10e2__b6c27e040f696c46,csd_fp16_10e2,10^2,100,"x=[100],y=[80]",FP16,GPU,fft_thrust,compatibility/end-to-end,PASS,OK,20,100,69,0.976145,true,b6c27e040f696c469f9cdb46a5c7bb842110fc9887bddc90119bf731e080cde4,e6907dfd8cebe311e103888e71841385428745d6a98495f8bfa0767b485d33c6
1,20260810T085518Z_9b01dadd36f6_stage08_b06_formal_86710003,formal,20260810T085518Z,9b01dadd36f6bf7c926f41342d17d4ffb3011408,false,stage08_b06_csd_scales_v1,f34a8418b38bdb14cc081605a2640838095875661c115422e9623793c66e122b,operator,csd,NA,NA,csd,csd__csd_fp16_10e2__b6c27e040f696c46,csd_fp16_10e2,10^2,100,"x=[100],y=[80]",FP16,GPU,fft_thrust,compatibility/end-to-end,PASS,OK,20,100,70,0.959705,true,b6c27e040f696c469f9cdb46a5c7bb842110fc9887bddc90119bf731e080cde4,e6907dfd8cebe311e103888e71841385428745d6a98495f8bfa0767b485d33c6
1,20260810T085518Z_9b01dadd36f6_stage08_b06_formal_86710003,formal,20260810T085518Z,9b01dadd36f6bf7c926f41342d17d4ffb3011408,false,stage08_b06_csd_scales_v1,f34a8418b38bdb14cc081605a2640838095875661c115422e9623793c66e122b,operator,csd,NA,NA,csd,csd__csd_fp16_10e2__b6c27e040f696c46,csd_fp16_10e2,10^2,100,"x=[100],y=[80]",FP16,GPU,fft_thrust,compatibility/end-to-end,PASS,OK,20,100,71,0.957565,true,b6c27e040f696c469f9cdb46a5c7bb842110fc9887bddc90119bf731e080cde4,e6907dfd8cebe311e103888e71841385428745d6a98495f8bfa0767b485d33c6
1,20260810T085518Z_9b01dadd36f6_stage08_b06_formal_86710003,formal,20260810T085518Z,9b01dadd36f6bf7c926f41342d17d4ffb3011408,false,stage08_b06_csd_scales_v1,f34a8418b38bdb14cc081605a2640838095875661c115422e9623793c66e122b,operator,csd,NA,NA,csd,csd__csd_fp16_10e2__b6c27e040f696c46,csd_fp16_10e2,10^2,100,"x=[100],y=[80]",FP16,GPU,fft_thrust,compatibility/end-to-end,PASS,OK,20,100,72,0.971675,true,b6c27e040f696c469f9cdb46a5c7bb842110fc9887bddc90119bf731e080cde4,e6907dfd8cebe311e103888e71841385428745d6a98495f8bfa0767b485d33c6
1,20260810T085518Z_9b01dadd36f6_stage08_b06_formal_86710003,formal,20260810T085518Z,9b01dadd36f6bf7c926f41342d17d4ffb3011408,false,stage08_b06_csd_scales_v1,f34a8418b38bdb14cc081605a2640838095875661c115422e9623793c66e122b,operator,csd,NA,NA,csd,csd__csd_fp16_10e2__b6c27e040f696c46,csd_fp16_10e2,10^2,100,"x=[100],y=[80]",FP16,GPU,fft_thrust,compatibility/end-to-end,PASS,OK,20,100,73,0.997636,true,b6c27e040f696c469f9cdb46a5c7bb842110fc9887bddc90119bf731e080cde4,e6907dfd8cebe311e103888e71841385428745d6a98495f8bfa0767b485d33c6
1,20260810T085518Z_9b01dadd36f6_stage08_b06_formal_86710003,formal,20260810T085518Z,9b01dadd36f6bf7c926f41342d17d4ffb3011408,false,stage08_b06_csd_scales_v1,f34a8418b38bdb14cc081605a2640838095875661c115422e9623793c66e122b,operator,csd,NA,NA,csd,csd__csd_fp16_10e2__b6c27e040f696c46,csd_fp16_10e2,10^2,100,"x=[100],y=[80]",FP16,GPU,fft_thrust,compatibility/end-to-end,PASS,OK,20,100,74,0.957985,true,b6c27e040f696c469f9cdb46a5c7bb842110fc9887bddc90119bf731e080cde4,e6907dfd8cebe311e103888e71841385428745d6a98495f8bfa0767b485d33c6
1,20260810T085518Z_9b01dadd36f6_stage08_b06_formal_86710003,formal,20260810T085518Z,9b01dadd36f6bf7c926f41342d17d4ffb3011408,false,stage08_b06_csd_scales_v1,f34a8418b38bdb14cc081605a2640838095875661c115422e9623793c66e122b,operator,csd,NA,NA,csd,csd__csd_fp16_10e2__b6c27e040f696c46,csd_fp16_10e2,10^2,100,"x=[100],y=[80]",FP16,GPU,fft_thrust,compatibility/end-to-end,PASS,OK,20,100,75,0.958805,true,b6c27e040f696c469f9cdb46a5c7bb842110fc9887bddc90119bf731e080cde4,e6907dfd8cebe311e103888e71841385428745d6a98495f8bfa0767b485d33c6
1,20260810T085518Z_9b01dadd36f6_stage08_b06_formal_86710003,formal,20260810T085518Z,9b01dadd36f6bf7c926f41342d17d4ffb3011408,false,stage08_b06_csd_scales_v1,f34a8418b38bdb14cc081605a2640838095875661c115422e9623793c66e122b,operator,csd,NA,NA,csd,csd__csd_fp16_10e2__b6c27e040f696c46,csd_fp16_10e2,10^2,100,"x=[100],y=[80]",FP16,GPU,fft_thrust,compatibility/end-to-end,PASS,OK,20,100,76,0.975386,true,b6c27e040f696c469f9cdb46a5c7bb842110fc9887bddc90119bf731e080cde4,e6907dfd8cebe311e103888e71841385428745d6a98495f8bfa0767b485d33c6
1,20260810T085518Z_9b01dadd36f6_stage08_b06_formal_86710003,formal,20260810T085518Z,9b01dadd36f6bf7c926f41342d17d4ffb3011408,false,stage08_b06_csd_scales_v1,f34a8418b38bdb14cc081605a2640838095875661c115422e9623793c66e122b,operator,csd,NA,NA,csd,csd__csd_fp16_10e2__b6c27e040f696c46,csd_fp16_10e2,10^2,100,"x=[100],y=[80]",FP16,GPU,fft_thrust,compatibility/end-to-end,PASS,OK,20,100,77,0.985425,true,b6c27e040f696c469f9cdb46a5c7bb842110fc9887bddc90119bf731e080cde4,e6907dfd8cebe311e103888e71841385428745d6a98495f8bfa0767b485d33c6
1,20260810T085518Z_9b01dadd36f6_stage08_b06_formal_86710003,formal,20260810T085518Z,9b01dadd36f6bf7c926f41342d17d4ffb3011408,false,stage08_b06_csd_scales_v1,f34a8418b38bdb14cc081605a2640838095875661c115422e9623793c66e122b,operator,csd,NA,NA,csd,csd__csd_fp16_10e2__b6c27e040f696c46,csd_fp16_10e2,10^2,100,"x=[100],y=[80]",FP16,GPU,fft_thrust,compatibility/end-to-end,PASS,OK,20,100,78,0.970155,true,b6c27e040f696c469f9cdb46a5c7bb842110fc9887bddc90119bf731e080cde4,e6907dfd8cebe311e103888e71841385428745d6a98495f8bfa0767b485d33c6
1,20260810T085518Z_9b01dadd36f6_stage08_b06_formal_86710003,formal,20260810T085518Z,9b01dadd36f6bf7c926f41342d17d4ffb3011408,false,stage08_b06_csd_scales_v1,f34a8418b38bdb14cc081605a2640838095875661c115422e9623793c66e122b,operator,csd,NA,NA,csd,csd__csd_fp16_10e2__b6c27e040f696c46,csd_fp16_10e2,10^2,100,"x=[100],y=[80]",FP16,GPU,fft_thrust,compatibility/end-to-end,PASS,OK,20,100,79,0.981156,true,b6c27e040f696c469f9cdb46a5c7bb842110fc9887bddc90119bf731e080cde4,e6907dfd8cebe311e103888e71841385428745d6a98495f8bfa0767b485d33c6
1,20260810T085518Z_9b01dadd36f6_stage08_b06_formal_86710003,formal,20260810T085518Z,9b01dadd36f6bf7c926f41342d17d4ffb3011408,false,stage08_b06_csd_scales_v1,f34a8418b38bdb14cc081605a2640838095875661c115422e9623793c66e122b,operator,csd,NA,NA,csd,csd__csd_fp16_10e2__b6c27e040f696c46,csd_fp16_10e2,10^2,100,"x=[100],y=[80]",FP16,GPU,fft_thrust,compatibility/end-to-end,PASS,OK,20,100,80,0.961735,true,b6c27e040f696c469f9cdb46a5c7bb842110fc9887bddc90119bf731e080cde4,e6907dfd8cebe311e103888e71841385428745d6a98495f8bfa0767b485d33c6
1,20260810T085518Z_9b01dadd36f6_stage08_b06_formal_86710003,formal,20260810T085518Z,9b01dadd36f6bf7c926f41342d17d4ffb3011408,false,stage08_b06_csd_scales_v1,f34a8418b38bdb14cc081605a2640838095875661c115422e9623793c66e122b,operator,csd,NA,NA,csd,csd__csd_fp16_10e2__b6c27e040f696c46,csd_fp16_10e2,10^2,100,"x=[100],y=[80]",FP16,GPU,fft_thrust,compatibility/end-to-end,PASS,OK,20,100,81,1.019745,true,b6c27e040f696c469f9cdb46a5c7bb842110fc9887bddc90119bf731e080cde4,e6907dfd8cebe311e103888e71841385428745d6a98495f8bfa0767b485d33c6
1,20260810T085518Z_9b01dadd36f6_stage08_b06_formal_86710003,formal,20260810T085518Z,9b01dadd36f6bf7c926f41342d17d4ffb3011408,false,stage08_b06_csd_scales_v1,f34a8418b38bdb14cc081605a2640838095875661c115422e9623793c66e122b,operator,csd,NA,NA,csd,csd__csd_fp16_10e2__b6c27e040f696c46,csd_fp16_10e2,10^2,100,"x=[100],y=[80]",FP16,GPU,fft_thrust,compatibility/end-to-end,PASS,OK,20,100,82,1.055236,true,b6c27e040f696c469f9cdb46a5c7bb842110fc9887bddc90119bf731e080cde4,e6907dfd8cebe311e103888e71841385428745d6a98495f8bfa0767b485d33c6
1,20260810T085518Z_9b01dadd36f6_stage08_b06_formal_86710003,formal,20260810T085518Z,9b01dadd36f6bf7c926f41342d17d4ffb3011408,false,stage08_b06_csd_scales_v1,f34a8418b38bdb14cc081605a2640838095875661c115422e9623793c66e122b,operator,csd,NA,NA,csd,csd__csd_fp16_10e2__b6c27e040f696c46,csd_fp16_10e2,10^2,100,"x=[100],y=[80]",FP16,GPU,fft_thrust,compatibility/end-to-end,PASS,OK,20,100,83,1.027975,true,b6c27e040f696c469f9cdb46a5c7bb842110fc9887bddc90119bf731e080cde4,e6907dfd8cebe311e103888e71841385428745d6a98495f8bfa0767b485d33c6
1,20260810T085518Z_9b01dadd36f6_stage08_b06_formal_86710003,formal,20260810T085518Z,9b01dadd36f6bf7c926f41342d17d4ffb3011408,false,stage08_b06_csd_scales_v1,f34a8418b38bdb14cc081605a2640838095875661c115422e9623793c66e122b,operator,csd,NA,NA,csd,csd__csd_fp16_10e2__b6c27e040f696c46,csd_fp16_10e2,10^2,100,"x=[100],y=[80]",FP16,GPU,fft_thrust,compatibility/end-to-end,PASS,OK,20,100,84,0.963045,true,b6c27e040f696c469f9cdb46a5c7bb842110fc9887bddc90119bf731e080cde4,e6907dfd8cebe311e103888e71841385428745d6a98495f8bfa0767b485d33c6
1,20260810T085518Z_9b01dadd36f6_stage08_b06_formal_86710003,formal,20260810T085518Z,9b01dadd36f6bf7c926f41342d17d4ffb3011408,false,stage08_b06_csd_scales_v1,f34a8418b38bdb14cc081605a2640838095875661c115422e9623793c66e122b,operator,csd,NA,NA,csd,csd__csd_fp16_10e2__b6c27e040f696c46,csd_fp16_10e2,10^2,100,"x=[100],y=[80]",FP16,GPU,fft_thrust,compatibility/end-to-end,PASS,OK,20,100,85,0.981676,true,b6c27e040f696c469f9cdb46a5c7bb842110fc9887bddc90119bf731e080cde4,e6907dfd8cebe311e103888e71841385428745d6a98495f8bfa0767b485d33c6
1,20260810T085518Z_9b01dadd36f6_stage08_b06_formal_86710003,formal,20260810T085518Z,9b01dadd36f6bf7c926f41342d17d4ffb3011408,false,stage08_b06_csd_scales_v1,f34a8418b38bdb14cc081605a2640838095875661c115422e9623793c66e122b,operator,csd,NA,NA,csd,csd__csd_fp16_10e2__b6c27e040f696c46,csd_fp16_10e2,10^2,100,"x=[100],y=[80]",FP16,GPU,fft_thrust,compatibility/end-to-end,PASS,OK,20,100,86,0.996805,true,b6c27e040f696c469f9cdb46a5c7bb842110fc9887bddc90119bf731e080cde4,e6907dfd8cebe311e103888e71841385428745d6a98495f8bfa0767b485d33c6
1,20260810T085518Z_9b01dadd36f6_stage08_b06_formal_86710003,formal,20260810T085518Z,9b01dadd36f6bf7c926f41342d17d4ffb3011408,false,stage08_b06_csd_scales_v1,f34a8418b38bdb14cc081605a2640838095875661c115422e9623793c66e122b,operator,csd,NA,NA,csd,csd__csd_fp16_10e2__b6c27e040f696c46,csd_fp16_10e2,10^2,100,"x=[100],y=[80]",FP16,GPU,fft_thrust,compatibility/end-to-end,PASS,OK,20,100,87,0.968386,true,b6c27e040f696c469f9cdb46a5c7bb842110fc9887bddc90119bf731e080cde4,e6907dfd8cebe311e103888e71841385428745d6a98495f8bfa0767b485d33c6
1,20260810T085518Z_9b01dadd36f6_stage08_b06_formal_86710003,formal,20260810T085518Z,9b01dadd36f6bf7c926f41342d17d4ffb3011408,false,stage08_b06_csd_scales_v1,f34a8418b38bdb14cc081605a2640838095875661c115422e9623793c66e122b,operator,csd,NA,NA,csd,csd__csd_fp16_10e2__b6c27e040f696c46,csd_fp16_10e2,10^2,100,"x=[100],y=[80]",FP16,GPU,fft_thrust,compatibility/end-to-end,PASS,OK,20,100,88,0.956665,true,b6c27e040f696c469f9cdb46a5c7bb842110fc9887bddc90119bf731e080cde4,e6907dfd8cebe311e103888e71841385428745d6a98495f8bfa0767b485d33c6
1,20260810T085518Z_9b01dadd36f6_stage08_b06_formal_86710003,formal,20260810T085518Z,9b01dadd36f6bf7c926f41342d17d4ffb3011408,false,stage08_b06_csd_scales_v1,f34a8418b38bdb14cc081605a2640838095875661c115422e9623793c66e122b,operator,csd,NA,NA,csd,csd__csd_fp16_10e2__b6c27e040f696c46,csd_fp16_10e2,10^2,100,"x=[100],y=[80]",FP16,GPU,fft_thrust,compatibility/end-to-end,PASS,OK,20,100,89,1.000925,true,b6c27e040f696c469f9cdb46a5c7bb842110fc9887bddc90119bf731e080cde4,e6907dfd8cebe311e103888e71841385428745d6a98495f8bfa0767b485d33c6
1,20260810T085518Z_9b01dadd36f6_stage08_b06_formal_86710003,formal,20260810T085518Z,9b01dadd36f6bf7c926f41342d17d4ffb3011408,false,stage08_b06_csd_scales_v1,f34a8418b38bdb14cc081605a2640838095875661c115422e9623793c66e122b,operator,csd,NA,NA,csd,csd__csd_fp16_10e2__b6c27e040f696c46,csd_fp16_10e2,10^2,100,"x=[100],y=[80]",FP16,GPU,fft_thrust,compatibility/end-to-end,PASS,OK,20,100,90,0.985116,true,b6c27e040f696c469f9cdb46a5c7bb842110fc9887bddc90119bf731e080cde4,e6907dfd8cebe311e103888e71841385428745d6a98495f8bfa0767b485d33c6
1,20260810T085518Z_9b01dadd36f6_stage08_b06_formal_86710003,formal,20260810T085518Z,9b01dadd36f6bf7c926f41342d17d4ffb3011408,false,stage08_b06_csd_scales_v1,f34a8418b38bdb14cc081605a2640838095875661c115422e9623793c66e122b,operator,csd,NA,NA,csd,csd__csd_fp16_10e2__b6c27e040f696c46,csd_fp16_10e2,10^2,100,"x=[100],y=[80]",FP16,GPU,fft_thrust,compatibility/end-to-end,PASS,OK,20,100,91,0.992245,true,b6c27e040f696c469f9cdb46a5c7bb842110fc9887bddc90119bf731e080cde4,e6907dfd8cebe311e103888e71841385428745d6a98495f8bfa0767b485d33c6
1,20260810T085518Z_9b01dadd36f6_stage08_b06_formal_86710003,formal,20260810T085518Z,9b01dadd36f6bf7c926f41342d17d4ffb3011408,false,stage08_b06_csd_scales_v1,f34a8418b38bdb14cc081605a2640838095875661c115422e9623793c66e122b,operator,csd,NA,NA,csd,csd__csd_fp16_10e2__b6c27e040f696c46,csd_fp16_10e2,10^2,100,"x=[100],y=[80]",FP16,GPU,fft_thrust,compatibility/end-to-end,PASS,OK,20,100,92,0.962895,true,b6c27e040f696c469f9cdb46a5c7bb842110fc9887bddc90119bf731e080cde4,e6907dfd8cebe311e103888e71841385428745d6a98495f8bfa0767b485d33c6
1,20260810T085518Z_9b01dadd36f6_stage08_b06_formal_86710003,formal,20260810T085518Z,9b01dadd36f6bf7c926f41342d17d4ffb3011408,false,stage08_b06_csd_scales_v1,f34a8418b38bdb14cc081605a2640838095875661c115422e9623793c66e122b,operator,csd,NA,NA,csd,csd__csd_fp16_10e2__b6c27e040f696c46,csd_fp16_10e2,10^2,100,"x=[100],y=[80]",FP16,GPU,fft_thrust,compatibility/end-to-end,PASS,OK,20,100,93,0.981225,true,b6c27e040f696c469f9cdb46a5c7bb842110fc9887bddc90119bf731e080cde4,e6907dfd8cebe311e103888e71841385428745d6a98495f8bfa0767b485d33c6
1,20260810T085518Z_9b01dadd36f6_stage08_b06_formal_86710003,formal,20260810T085518Z,9b01dadd36f6bf7c926f41342d17d4ffb3011408,false,stage08_b06_csd_scales_v1,f34a8418b38bdb14cc081605a2640838095875661c115422e9623793c66e122b,operator,csd,NA,NA,csd,csd__csd_fp16_10e2__b6c27e040f696c46,csd_fp16_10e2,10^2,100,"x=[100],y=[80]",FP16,GPU,fft_thrust,compatibility/end-to-end,PASS,OK,20,100,94,0.961626,true,b6c27e040f696c469f9cdb46a5c7bb842110fc9887bddc90119bf731e080cde4,e6907dfd8cebe311e103888e71841385428745d6a98495f8bfa0767b485d33c6
1,20260810T085518Z_9b01dadd36f6_stage08_b06_formal_86710003,formal,20260810T085518Z,9b01dadd36f6bf7c926f41342d17d4ffb3011408,false,stage08_b06_csd_scales_v1,f34a8418b38bdb14cc081605a2640838095875661c115422e9623793c66e122b,operator,csd,NA,NA,csd,csd__csd_fp16_10e2__b6c27e040f696c46,csd_fp16_10e2,10^2,100,"x=[100],y=[80]",FP16,GPU,fft_thrust,compatibility/end-to-end,PASS,OK,20,100,95,0.956995,true,b6c27e040f696c469f9cdb46a5c7bb842110fc9887bddc90119bf731e080cde4,e6907dfd8cebe311e103888e71841385428745d6a98495f8bfa0767b485d33c6
1,20260810T085518Z_9b01dadd36f6_stage08_b06_formal_86710003,formal,20260810T085518Z,9b01dadd36f6bf7c926f41342d17d4ffb3011408,false,stage08_b06_csd_scales_v1,f34a8418b38bdb14cc081605a2640838095875661c115422e9623793c66e122b,operator,csd,NA,NA,csd,csd__csd_fp16_10e2__b6c27e040f696c46,csd_fp16_10e2,10^2,100,"x=[100],y=[80]",FP16,GPU,fft_thrust,compatibility/end-to-end,PASS,OK,20,100,96,0.979595,true,b6c27e040f696c469f9cdb46a5c7bb842110fc9887bddc90119bf731e080cde4,e6907dfd8cebe311e103888e71841385428745d6a98495f8bfa0767b485d33c6
1,20260810T085518Z_9b01dadd36f6_stage08_b06_formal_86710003,formal,20260810T085518Z,9b01dadd36f6bf7c926f41342d17d4ffb3011408,false,stage08_b06_csd_scales_v1,f34a8418b38bdb14cc081605a2640838095875661c115422e9623793c66e122b,operator,csd,NA,NA,csd,csd__csd_fp16_10e2__b6c27e040f696c46,csd_fp16_10e2,10^2,100,"x=[100],y=[80]",FP16,GPU,fft_thrust,compatibility/end-to-end,PASS,OK,20,100,97,0.998166,true,b6c27e040f696c469f9cdb46a5c7bb842110fc9887bddc90119bf731e080cde4,e6907dfd8cebe311e103888e71841385428745d6a98495f8bfa0767b485d33c6
1,20260810T085518Z_9b01dadd36f6_stage08_b06_formal_86710003,formal,20260810T085518Z,9b01dadd36f6bf7c926f41342d17d4ffb3011408,false,stage08_b06_csd_scales_v1,f34a8418b38bdb14cc081605a2640838095875661c115422e9623793c66e122b,operator,csd,NA,NA,csd,csd__csd_fp16_10e2__b6c27e040f696c46,csd_fp16_10e2,10^2,100,"x=[100],y=[80]",FP16,GPU,fft_thrust,compatibility/end-to-end,PASS,OK,20,100,98,0.985445,true,b6c27e040f696c469f9cdb46a5c7bb842110fc9887bddc90119bf731e080cde4,e6907dfd8cebe311e103888e71841385428745d6a98495f8bfa0767b485d33c6
1,20260810T085518Z_9b01dadd36f6_stage08_b06_formal_86710003,formal,20260810T085518Z,9b01dadd36f6bf7c926f41342d17d4ffb3011408,false,stage08_b06_csd_scales_v1,f34a8418b38bdb14cc081605a2640838095875661c115422e9623793c66e122b,operator,csd,NA,NA,csd,csd__csd_fp16_10e2__b6c27e040f696c46,csd_fp16_10e2,10^2,100,"x=[100],y=[80]",FP16,GPU,fft_thrust,compatibility/end-to-end,PASS,OK,20,100,99,0.977785,true,b6c27e040f696c469f9cdb46a5c7bb842110fc9887bddc90119bf731e080cde4,e6907dfd8cebe311e103888e71841385428745d6a98495f8bfa0767b485d33c6
