schema_version,run_id,run_type,test_time_utc,git_commit,git_dirty,config_id,config_sha256,target_kind,target,task_name,step_name,operator_name,case_id,scale_id,order_of_magnitude,actual_elements,input_shape,dtype,device,backend,timing_scope,status,error_code,warmup_runs,measured_runs,sample_index,latency_ms,synchronized,input_digest,output_digest
1,20260810T032815Z_3ab9f5f39b2e_stage07_b01_formal_b44e3497,formal,20260810T032815Z,3ab9f5f39b2e4d1d0479702091bed6f4699bdb94,false,stage07_b01_radartools_five_dtype_v2,03a5a9e2f6cb3af6d8b402d33c46fde5838cae300fea1ab7f1d92294a3677211,operator,pulse_compression,Task1,Step2,pulse_compression,pulse_compression__pc_int16_10e4__cf3dd95c7197904b,pc_int16_10e4,10^4,16448,"echo=[64, 256]|waveform=[64]",INT16,CPU,fft_thrust,compatibility/end-to-end,PASS,OK,20,100,0,38.458386,true,cf3dd95c7197904bf57565a093cfebcecfc6428504e29c15293c31e535cab12a,96107112969d4c5acf5024f93ac399dc452ce836b6c613adcfb7328f3fb67142
1,20260810T032815Z_3ab9f5f39b2e_stage07_b01_formal_b44e3497,formal,20260810T032815Z,3ab9f5f39b2e4d1d0479702091bed6f4699bdb94,false,stage07_b01_radartools_five_dtype_v2,03a5a9e2f6cb3af6d8b402d33c46fde5838cae300fea1ab7f1d92294a3677211,operator,pulse_compression,Task1,Step2,pulse_compression,pulse_compression__pc_int16_10e4__cf3dd95c7197904b,pc_int16_10e4,10^4,16448,"echo=[64, 256]|waveform=[64]",INT16,CPU,fft_thrust,compatibility/end-to-end,PASS,OK,20,100,1,38.412754,true,cf3dd95c7197904bf57565a093cfebcecfc6428504e29c15293c31e535cab12a,96107112969d4c5acf5024f93ac399dc452ce836b6c613adcfb7328f3fb67142
1,20260810T032815Z_3ab9f5f39b2e_stage07_b01_formal_b44e3497,formal,20260810T032815Z,3ab9f5f39b2e4d1d0479702091bed6f4699bdb94,false,stage07_b01_radartools_five_dtype_v2,03a5a9e2f6cb3af6d8b402d33c46fde5838cae300fea1ab7f1d92294a3677211,operator,pulse_compression,Task1,Step2,pulse_compression,pulse_compression__pc_int16_10e4__cf3dd95c7197904b,pc_int16_10e4,10^4,16448,"echo=[64, 256]|waveform=[64]",INT16,CPU,fft_thrust,compatibility/end-to-end,PASS,OK,20,100,2,38.412324,true,cf3dd95c7197904bf57565a093cfebcecfc6428504e29c15293c31e535cab12a,96107112969d4c5acf5024f93ac399dc452ce836b6c613adcfb7328f3fb67142
1,20260810T032815Z_3ab9f5f39b2e_stage07_b01_formal_b44e3497,formal,20260810T032815Z,3ab9f5f39b2e4d1d0479702091bed6f4699bdb94,false,stage07_b01_radartools_five_dtype_v2,03a5a9e2f6cb3af6d8b402d33c46fde5838cae300fea1ab7f1d92294a3677211,operator,pulse_compression,Task1,Step2,pulse_compression,pulse_compression__pc_int16_10e4__cf3dd95c7197904b,pc_int16_10e4,10^4,16448,"echo=[64, 256]|waveform=[64]",INT16,CPU,fft_thrust,compatibility/end-to-end,PASS,OK,20,100,3,38.432415,true,cf3dd95c7197904bf57565a093cfebcecfc6428504e29c15293c31e535cab12a,96107112969d4c5acf5024f93ac399dc452ce836b6c613adcfb7328f3fb67142
1,20260810T032815Z_3ab9f5f39b2e_stage07_b01_formal_b44e3497,formal,20260810T032815Z,3ab9f5f39b2e4d1d0479702091bed6f4699bdb94,false,stage07_b01_radartools_five_dtype_v2,03a5a9e2f6cb3af6d8b402d33c46fde5838cae300fea1ab7f1d92294a3677211,operator,pulse_compression,Task1,Step2,pulse_compression,pulse_compression__pc_int16_10e4__cf3dd95c7197904b,pc_int16_10e4,10^4,16448,"echo=[64, 256]|waveform=[64]",INT16,CPU,fft_thrust,compatibility/end-to-end,PASS,OK,20,100,4,38.401874,true,cf3dd95c7197904bf57565a093cfebcecfc6428504e29c15293c31e535cab12a,96107112969d4c5acf5024f93ac399dc452ce836b6c613adcfb7328f3fb67142
1,20260810T032815Z_3ab9f5f39b2e_stage07_b01_formal_b44e3497,formal,20260810T032815Z,3ab9f5f39b2e4d1d0479702091bed6f4699bdb94,false,stage07_b01_radartools_five_dtype_v2,03a5a9e2f6cb3af6d8b402d33c46fde5838cae300fea1ab7f1d92294a3677211,operator,pulse_compression,Task1,Step2,pulse_compression,pulse_compression__pc_int16_10e4__cf3dd95c7197904b,pc_int16_10e4,10^4,16448,"echo=[64, 256]|waveform=[64]",INT16,CPU,fft_thrust,compatibility/end-to-end,PASS,OK,20,100,5,38.414194,true,cf3dd95c7197904bf57565a093cfebcecfc6428504e29c15293c31e535cab12a,96107112969d4c5acf5024f93ac399dc452ce836b6c613adcfb7328f3fb67142
1,20260810T032815Z_3ab9f5f39b2e_stage07_b01_formal_b44e3497,formal,20260810T032815Z,3ab9f5f39b2e4d1d0479702091bed6f4699bdb94,false,stage07_b01_radartools_five_dtype_v2,03a5a9e2f6cb3af6d8b402d33c46fde5838cae300fea1ab7f1d92294a3677211,operator,pulse_compression,Task1,Step2,pulse_compression,pulse_compression__pc_int16_10e4__cf3dd95c7197904b,pc_int16_10e4,10^4,16448,"echo=[64, 256]|waveform=[64]",INT16,CPU,fft_thrust,compatibility/end-to-end,PASS,OK,20,100,6,38.385363,true,cf3dd95c7197904bf57565a093cfebcecfc6428504e29c15293c31e535cab12a,96107112969d4c5acf5024f93ac399dc452ce836b6c613adcfb7328f3fb67142
1,20260810T032815Z_3ab9f5f39b2e_stage07_b01_formal_b44e3497,formal,20260810T032815Z,3ab9f5f39b2e4d1d0479702091bed6f4699bdb94,false,stage07_b01_radartools_five_dtype_v2,03a5a9e2f6cb3af6d8b402d33c46fde5838cae300fea1ab7f1d92294a3677211,operator,pulse_compression,Task1,Step2,pulse_compression,pulse_compression__pc_int16_10e4__cf3dd95c7197904b,pc_int16_10e4,10^4,16448,"echo=[64, 256]|waveform=[64]",INT16,CPU,fft_thrust,compatibility/end-to-end,PASS,OK,20,100,7,38.413235,true,cf3dd95c7197904bf57565a093cfebcecfc6428504e29c15293c31e535cab12a,96107112969d4c5acf5024f93ac399dc452ce836b6c613adcfb7328f3fb67142
1,20260810T032815Z_3ab9f5f39b2e_stage07_b01_formal_b44e3497,formal,20260810T032815Z,3ab9f5f39b2e4d1d0479702091bed6f4699bdb94,false,stage07_b01_radartools_five_dtype_v2,03a5a9e2f6cb3af6d8b402d33c46fde5838cae300fea1ab7f1d92294a3677211,operator,pulse_compression,Task1,Step2,pulse_compression,pulse_compression__pc_int16_10e4__cf3dd95c7197904b,pc_int16_10e4,10^4,16448,"echo=[64, 256]|waveform=[64]",INT16,CPU,fft_thrust,compatibility/end-to-end,PASS,OK,20,100,8,38.403594,true,cf3dd95c7197904bf57565a093cfebcecfc6428504e29c15293c31e535cab12a,96107112969d4c5acf5024f93ac399dc452ce836b6c613adcfb7328f3fb67142
1,20260810T032815Z_3ab9f5f39b2e_stage07_b01_formal_b44e3497,formal,20260810T032815Z,3ab9f5f39b2e4d1d0479702091bed6f4699bdb94,false,stage07_b01_radartools_five_dtype_v2,03a5a9e2f6cb3af6d8b402d33c46fde5838cae300fea1ab7f1d92294a3677211,operator,pulse_compression,Task1,Step2,pulse_compression,pulse_compression__pc_int16_10e4__cf3dd95c7197904b,pc_int16_10e4,10^4,16448,"echo=[64, 256]|waveform=[64]",INT16,CPU,fft_thrust,compatibility/end-to-end,PASS,OK,20,100,9,38.412344,true,cf3dd95c7197904bf57565a093cfebcecfc6428504e29c15293c31e535cab12a,96107112969d4c5acf5024f93ac399dc452ce836b6c613adcfb7328f3fb67142
1,20260810T032815Z_3ab9f5f39b2e_stage07_b01_formal_b44e3497,formal,20260810T032815Z,3ab9f5f39b2e4d1d0479702091bed6f4699bdb94,false,stage07_b01_radartools_five_dtype_v2,03a5a9e2f6cb3af6d8b402d33c46fde5838cae300fea1ab7f1d92294a3677211,operator,pulse_compression,Task1,Step2,pulse_compression,pulse_compression__pc_int16_10e4__cf3dd95c7197904b,pc_int16_10e4,10^4,16448,"echo=[64, 256]|waveform=[64]",INT16,CPU,fft_thrust,compatibility/end-to-end,PASS,OK,20,100,10,38.467146,true,cf3dd95c7197904bf57565a093cfebcecfc6428504e29c15293c31e535cab12a,96107112969d4c5acf5024f93ac399dc452ce836b6c613adcfb7328f3fb67142
1,20260810T032815Z_3ab9f5f39b2e_stage07_b01_formal_b44e3497,formal,20260810T032815Z,3ab9f5f39b2e4d1d0479702091bed6f4699bdb94,false,stage07_b01_radartools_five_dtype_v2,03a5a9e2f6cb3af6d8b402d33c46fde5838cae300fea1ab7f1d92294a3677211,operator,pulse_compression,Task1,Step2,pulse_compression,pulse_compression__pc_int16_10e4__cf3dd95c7197904b,pc_int16_10e4,10^4,16448,"echo=[64, 256]|waveform=[64]",INT16,CPU,fft_thrust,compatibility/end-to-end,PASS,OK,20,100,11,38.423035,true,cf3dd95c7197904bf57565a093cfebcecfc6428504e29c15293c31e535cab12a,96107112969d4c5acf5024f93ac399dc452ce836b6c613adcfb7328f3fb67142
1,20260810T032815Z_3ab9f5f39b2e_stage07_b01_formal_b44e3497,formal,20260810T032815Z,3ab9f5f39b2e4d1d0479702091bed6f4699bdb94,false,stage07_b01_radartools_five_dtype_v2,03a5a9e2f6cb3af6d8b402d33c46fde5838cae300fea1ab7f1d92294a3677211,operator,pulse_compression,Task1,Step2,pulse_compression,pulse_compression__pc_int16_10e4__cf3dd95c7197904b,pc_int16_10e4,10^4,16448,"echo=[64, 256]|waveform=[64]",INT16,CPU,fft_thrust,compatibility/end-to-end,PASS,OK,20,100,12,38.457595,true,cf3dd95c7197904bf57565a093cfebcecfc6428504e29c15293c31e535cab12a,96107112969d4c5acf5024f93ac399dc452ce836b6c613adcfb7328f3fb67142
1,20260810T032815Z_3ab9f5f39b2e_stage07_b01_formal_b44e3497,formal,20260810T032815Z,3ab9f5f39b2e4d1d0479702091bed6f4699bdb94,false,stage07_b01_radartools_five_dtype_v2,03a5a9e2f6cb3af6d8b402d33c46fde5838cae300fea1ab7f1d92294a3677211,operator,pulse_compression,Task1,Step2,pulse_compression,pulse_compression__pc_int16_10e4__cf3dd95c7197904b,pc_int16_10e4,10^4,16448,"echo=[64, 256]|waveform=[64]",INT16,CPU,fft_thrust,compatibility/end-to-end,PASS,OK,20,100,13,38.406745,true,cf3dd95c7197904bf57565a093cfebcecfc6428504e29c15293c31e535cab12a,96107112969d4c5acf5024f93ac399dc452ce836b6c613adcfb7328f3fb67142
1,20260810T032815Z_3ab9f5f39b2e_stage07_b01_formal_b44e3497,formal,20260810T032815Z,3ab9f5f39b2e4d1d0479702091bed6f4699bdb94,false,stage07_b01_radartools_five_dtype_v2,03a5a9e2f6cb3af6d8b402d33c46fde5838cae300fea1ab7f1d92294a3677211,operator,pulse_compression,Task1,Step2,pulse_compression,pulse_compression__pc_int16_10e4__cf3dd95c7197904b,pc_int16_10e4,10^4,16448,"echo=[64, 256]|waveform=[64]",INT16,CPU,fft_thrust,compatibility/end-to-end,PASS,OK,20,100,14,38.448834,true,cf3dd95c7197904bf57565a093cfebcecfc6428504e29c15293c31e535cab12a,96107112969d4c5acf5024f93ac399dc452ce836b6c613adcfb7328f3fb67142
1,20260810T032815Z_3ab9f5f39b2e_stage07_b01_formal_b44e3497,formal,20260810T032815Z,3ab9f5f39b2e4d1d0479702091bed6f4699bdb94,false,stage07_b01_radartools_five_dtype_v2,03a5a9e2f6cb3af6d8b402d33c46fde5838cae300fea1ab7f1d92294a3677211,operator,pulse_compression,Task1,Step2,pulse_compression,pulse_compression__pc_int16_10e4__cf3dd95c7197904b,pc_int16_10e4,10^4,16448,"echo=[64, 256]|waveform=[64]",INT16,CPU,fft_thrust,compatibility/end-to-end,PASS,OK,20,100,15,38.416493,true,cf3dd95c7197904bf57565a093cfebcecfc6428504e29c15293c31e535cab12a,96107112969d4c5acf5024f93ac399dc452ce836b6c613adcfb7328f3fb67142
1,20260810T032815Z_3ab9f5f39b2e_stage07_b01_formal_b44e3497,formal,20260810T032815Z,3ab9f5f39b2e4d1d0479702091bed6f4699bdb94,false,stage07_b01_radartools_five_dtype_v2,03a5a9e2f6cb3af6d8b402d33c46fde5838cae300fea1ab7f1d92294a3677211,operator,pulse_compression,Task1,Step2,pulse_compression,pulse_compression__pc_int16_10e4__cf3dd95c7197904b,pc_int16_10e4,10^4,16448,"echo=[64, 256]|waveform=[64]",INT16,CPU,fft_thrust,compatibility/end-to-end,PASS,OK,20,100,16,38.439333,true,cf3dd95c7197904bf57565a093cfebcecfc6428504e29c15293c31e535cab12a,96107112969d4c5acf5024f93ac399dc452ce836b6c613adcfb7328f3fb67142
1,20260810T032815Z_3ab9f5f39b2e_stage07_b01_formal_b44e3497,formal,20260810T032815Z,3ab9f5f39b2e4d1d0479702091bed6f4699bdb94,false,stage07_b01_radartools_five_dtype_v2,03a5a9e2f6cb3af6d8b402d33c46fde5838cae300fea1ab7f1d92294a3677211,operator,pulse_compression,Task1,Step2,pulse_compression,pulse_compression__pc_int16_10e4__cf3dd95c7197904b,pc_int16_10e4,10^4,16448,"echo=[64, 256]|waveform=[64]",INT16,CPU,fft_thrust,compatibility/end-to-end,PASS,OK,20,100,17,38.430883,true,cf3dd95c7197904bf57565a093cfebcecfc6428504e29c15293c31e535cab12a,96107112969d4c5acf5024f93ac399dc452ce836b6c613adcfb7328f3fb67142
1,20260810T032815Z_3ab9f5f39b2e_stage07_b01_formal_b44e3497,formal,20260810T032815Z,3ab9f5f39b2e4d1d0479702091bed6f4699bdb94,false,stage07_b01_radartools_five_dtype_v2,03a5a9e2f6cb3af6d8b402d33c46fde5838cae300fea1ab7f1d92294a3677211,operator,pulse_compression,Task1,Step2,pulse_compression,pulse_compression__pc_int16_10e4__cf3dd95c7197904b,pc_int16_10e4,10^4,16448,"echo=[64, 256]|waveform=[64]",INT16,CPU,fft_thrust,compatibility/end-to-end,PASS,OK,20,100,18,38.462125,true,cf3dd95c7197904bf57565a093cfebcecfc6428504e29c15293c31e535cab12a,96107112969d4c5acf5024f93ac399dc452ce836b6c613adcfb7328f3fb67142
1,20260810T032815Z_3ab9f5f39b2e_stage07_b01_formal_b44e3497,formal,20260810T032815Z,3ab9f5f39b2e4d1d0479702091bed6f4699bdb94,false,stage07_b01_radartools_five_dtype_v2,03a5a9e2f6cb3af6d8b402d33c46fde5838cae300fea1ab7f1d92294a3677211,operator,pulse_compression,Task1,Step2,pulse_compression,pulse_compression__pc_int16_10e4__cf3dd95c7197904b,pc_int16_10e4,10^4,16448,"echo=[64, 256]|waveform=[64]",INT16,CPU,fft_thrust,compatibility/end-to-end,PASS,OK,20,100,19,38.389012,true,cf3dd95c7197904bf57565a093cfebcecfc6428504e29c15293c31e535cab12a,96107112969d4c5acf5024f93ac399dc452ce836b6c613adcfb7328f3fb67142
1,20260810T032815Z_3ab9f5f39b2e_stage07_b01_formal_b44e3497,formal,20260810T032815Z,3ab9f5f39b2e4d1d0479702091bed6f4699bdb94,false,stage07_b01_radartools_five_dtype_v2,03a5a9e2f6cb3af6d8b402d33c46fde5838cae300fea1ab7f1d92294a3677211,operator,pulse_compression,Task1,Step2,pulse_compression,pulse_compression__pc_int16_10e4__cf3dd95c7197904b,pc_int16_10e4,10^4,16448,"echo=[64, 256]|waveform=[64]",INT16,CPU,fft_thrust,compatibility/end-to-end,PASS,OK,20,100,20,38.404332,true,cf3dd95c7197904bf57565a093cfebcecfc6428504e29c15293c31e535cab12a,96107112969d4c5acf5024f93ac399dc452ce836b6c613adcfb7328f3fb67142
1,20260810T032815Z_3ab9f5f39b2e_stage07_b01_formal_b44e3497,formal,20260810T032815Z,3ab9f5f39b2e4d1d0479702091bed6f4699bdb94,false,stage07_b01_radartools_five_dtype_v2,03a5a9e2f6cb3af6d8b402d33c46fde5838cae300fea1ab7f1d92294a3677211,operator,pulse_compression,Task1,Step2,pulse_compression,pulse_compression__pc_int16_10e4__cf3dd95c7197904b,pc_int16_10e4,10^4,16448,"echo=[64, 256]|waveform=[64]",INT16,CPU,fft_thrust,compatibility/end-to-end,PASS,OK,20,100,21,38.397543,true,cf3dd95c7197904bf57565a093cfebcecfc6428504e29c15293c31e535cab12a,96107112969d4c5acf5024f93ac399dc452ce836b6c613adcfb7328f3fb67142
1,20260810T032815Z_3ab9f5f39b2e_stage07_b01_formal_b44e3497,formal,20260810T032815Z,3ab9f5f39b2e4d1d0479702091bed6f4699bdb94,false,stage07_b01_radartools_five_dtype_v2,03a5a9e2f6cb3af6d8b402d33c46fde5838cae300fea1ab7f1d92294a3677211,operator,pulse_compression,Task1,Step2,pulse_compression,pulse_compression__pc_int16_10e4__cf3dd95c7197904b,pc_int16_10e4,10^4,16448,"echo=[64, 256]|waveform=[64]",INT16,CPU,fft_thrust,compatibility/end-to-end,PASS,OK,20,100,22,38.376371,true,cf3dd95c7197904bf57565a093cfebcecfc6428504e29c15293c31e535cab12a,96107112969d4c5acf5024f93ac399dc452ce836b6c613adcfb7328f3fb67142
1,20260810T032815Z_3ab9f5f39b2e_stage07_b01_formal_b44e3497,formal,20260810T032815Z,3ab9f5f39b2e4d1d0479702091bed6f4699bdb94,false,stage07_b01_radartools_five_dtype_v2,03a5a9e2f6cb3af6d8b402d33c46fde5838cae300fea1ab7f1d92294a3677211,operator,pulse_compression,Task1,Step2,pulse_compression,pulse_compression__pc_int16_10e4__cf3dd95c7197904b,pc_int16_10e4,10^4,16448,"echo=[64, 256]|waveform=[64]",INT16,CPU,fft_thrust,compatibility/end-to-end,PASS,OK,20,100,23,38.433814,true,cf3dd95c7197904bf57565a093cfebcecfc6428504e29c15293c31e535cab12a,96107112969d4c5acf5024f93ac399dc452ce836b6c613adcfb7328f3fb67142
1,20260810T032815Z_3ab9f5f39b2e_stage07_b01_formal_b44e3497,formal,20260810T032815Z,3ab9f5f39b2e4d1d0479702091bed6f4699bdb94,false,stage07_b01_radartools_five_dtype_v2,03a5a9e2f6cb3af6d8b402d33c46fde5838cae300fea1ab7f1d92294a3677211,operator,pulse_compression,Task1,Step2,pulse_compression,pulse_compression__pc_int16_10e4__cf3dd95c7197904b,pc_int16_10e4,10^4,16448,"echo=[64, 256]|waveform=[64]",INT16,CPU,fft_thrust,compatibility/end-to-end,PASS,OK,20,100,24,38.460554,true,cf3dd95c7197904bf57565a093cfebcecfc6428504e29c15293c31e535cab12a,96107112969d4c5acf5024f93ac399dc452ce836b6c613adcfb7328f3fb67142
1,20260810T032815Z_3ab9f5f39b2e_stage07_b01_formal_b44e3497,formal,20260810T032815Z,3ab9f5f39b2e4d1d0479702091bed6f4699bdb94,false,stage07_b01_radartools_five_dtype_v2,03a5a9e2f6cb3af6d8b402d33c46fde5838cae300fea1ab7f1d92294a3677211,operator,pulse_compression,Task1,Step2,pulse_compression,pulse_compression__pc_int16_10e4__cf3dd95c7197904b,pc_int16_10e4,10^4,16448,"echo=[64, 256]|waveform=[64]",INT16,CPU,fft_thrust,compatibility/end-to-end,PASS,OK,20,100,25,38.385972,true,cf3dd95c7197904bf57565a093cfebcecfc6428504e29c15293c31e535cab12a,96107112969d4c5acf5024f93ac399dc452ce836b6c613adcfb7328f3fb67142
1,20260810T032815Z_3ab9f5f39b2e_stage07_b01_formal_b44e3497,formal,20260810T032815Z,3ab9f5f39b2e4d1d0479702091bed6f4699bdb94,false,stage07_b01_radartools_five_dtype_v2,03a5a9e2f6cb3af6d8b402d33c46fde5838cae300fea1ab7f1d92294a3677211,operator,pulse_compression,Task1,Step2,pulse_compression,pulse_compression__pc_int16_10e4__cf3dd95c7197904b,pc_int16_10e4,10^4,16448,"echo=[64, 256]|waveform=[64]",INT16,CPU,fft_thrust,compatibility/end-to-end,PASS,OK,20,100,26,38.405102,true,cf3dd95c7197904bf57565a093cfebcecfc6428504e29c15293c31e535cab12a,96107112969d4c5acf5024f93ac399dc452ce836b6c613adcfb7328f3fb67142
1,20260810T032815Z_3ab9f5f39b2e_stage07_b01_formal_b44e3497,formal,20260810T032815Z,3ab9f5f39b2e4d1d0479702091bed6f4699bdb94,false,stage07_b01_radartools_five_dtype_v2,03a5a9e2f6cb3af6d8b402d33c46fde5838cae300fea1ab7f1d92294a3677211,operator,pulse_compression,Task1,Step2,pulse_compression,pulse_compression__pc_int16_10e4__cf3dd95c7197904b,pc_int16_10e4,10^4,16448,"echo=[64, 256]|waveform=[64]",INT16,CPU,fft_thrust,compatibility/end-to-end,PASS,OK,20,100,27,38.399243,true,cf3dd95c7197904bf57565a093cfebcecfc6428504e29c15293c31e535cab12a,96107112969d4c5acf5024f93ac399dc452ce836b6c613adcfb7328f3fb67142
1,20260810T032815Z_3ab9f5f39b2e_stage07_b01_formal_b44e3497,formal,20260810T032815Z,3ab9f5f39b2e4d1d0479702091bed6f4699bdb94,false,stage07_b01_radartools_five_dtype_v2,03a5a9e2f6cb3af6d8b402d33c46fde5838cae300fea1ab7f1d92294a3677211,operator,pulse_compression,Task1,Step2,pulse_compression,pulse_compression__pc_int16_10e4__cf3dd95c7197904b,pc_int16_10e4,10^4,16448,"echo=[64, 256]|waveform=[64]",INT16,CPU,fft_thrust,compatibility/end-to-end,PASS,OK,20,100,28,38.398122,true,cf3dd95c7197904bf57565a093cfebcecfc6428504e29c15293c31e535cab12a,96107112969d4c5acf5024f93ac399dc452ce836b6c613adcfb7328f3fb67142
1,20260810T032815Z_3ab9f5f39b2e_stage07_b01_formal_b44e3497,formal,20260810T032815Z,3ab9f5f39b2e4d1d0479702091bed6f4699bdb94,false,stage07_b01_radartools_five_dtype_v2,03a5a9e2f6cb3af6d8b402d33c46fde5838cae300fea1ab7f1d92294a3677211,operator,pulse_compression,Task1,Step2,pulse_compression,pulse_compression__pc_int16_10e4__cf3dd95c7197904b,pc_int16_10e4,10^4,16448,"echo=[64, 256]|waveform=[64]",INT16,CPU,fft_thrust,compatibility/end-to-end,PASS,OK,20,100,29,38.399242,true,cf3dd95c7197904bf57565a093cfebcecfc6428504e29c15293c31e535cab12a,96107112969d4c5acf5024f93ac399dc452ce836b6c613adcfb7328f3fb67142
1,20260810T032815Z_3ab9f5f39b2e_stage07_b01_formal_b44e3497,formal,20260810T032815Z,3ab9f5f39b2e4d1d0479702091bed6f4699bdb94,false,stage07_b01_radartools_five_dtype_v2,03a5a9e2f6cb3af6d8b402d33c46fde5838cae300fea1ab7f1d92294a3677211,operator,pulse_compression,Task1,Step2,pulse_compression,pulse_compression__pc_int16_10e4__cf3dd95c7197904b,pc_int16_10e4,10^4,16448,"echo=[64, 256]|waveform=[64]",INT16,CPU,fft_thrust,compatibility/end-to-end,PASS,OK,20,100,30,38.410193,true,cf3dd95c7197904bf57565a093cfebcecfc6428504e29c15293c31e535cab12a,96107112969d4c5acf5024f93ac399dc452ce836b6c613adcfb7328f3fb67142
1,20260810T032815Z_3ab9f5f39b2e_stage07_b01_formal_b44e3497,formal,20260810T032815Z,3ab9f5f39b2e4d1d0479702091bed6f4699bdb94,false,stage07_b01_radartools_five_dtype_v2,03a5a9e2f6cb3af6d8b402d33c46fde5838cae300fea1ab7f1d92294a3677211,operator,pulse_compression,Task1,Step2,pulse_compression,pulse_compression__pc_int16_10e4__cf3dd95c7197904b,pc_int16_10e4,10^4,16448,"echo=[64, 256]|waveform=[64]",INT16,CPU,fft_thrust,compatibility/end-to-end,PASS,OK,20,100,31,38.676791,true,cf3dd95c7197904bf57565a093cfebcecfc6428504e29c15293c31e535cab12a,96107112969d4c5acf5024f93ac399dc452ce836b6c613adcfb7328f3fb67142
1,20260810T032815Z_3ab9f5f39b2e_stage07_b01_formal_b44e3497,formal,20260810T032815Z,3ab9f5f39b2e4d1d0479702091bed6f4699bdb94,false,stage07_b01_radartools_five_dtype_v2,03a5a9e2f6cb3af6d8b402d33c46fde5838cae300fea1ab7f1d92294a3677211,operator,pulse_compression,Task1,Step2,pulse_compression,pulse_compression__pc_int16_10e4__cf3dd95c7197904b,pc_int16_10e4,10^4,16448,"echo=[64, 256]|waveform=[64]",INT16,CPU,fft_thrust,compatibility/end-to-end,PASS,OK,20,100,32,38.467025,true,cf3dd95c7197904bf57565a093cfebcecfc6428504e29c15293c31e535cab12a,96107112969d4c5acf5024f93ac399dc452ce836b6c613adcfb7328f3fb67142
1,20260810T032815Z_3ab9f5f39b2e_stage07_b01_formal_b44e3497,formal,20260810T032815Z,3ab9f5f39b2e4d1d0479702091bed6f4699bdb94,false,stage07_b01_radartools_five_dtype_v2,03a5a9e2f6cb3af6d8b402d33c46fde5838cae300fea1ab7f1d92294a3677211,operator,pulse_compression,Task1,Step2,pulse_compression,pulse_compression__pc_int16_10e4__cf3dd95c7197904b,pc_int16_10e4,10^4,16448,"echo=[64, 256]|waveform=[64]",INT16,CPU,fft_thrust,compatibility/end-to-end,PASS,OK,20,100,33,38.393612,true,cf3dd95c7197904bf57565a093cfebcecfc6428504e29c15293c31e535cab12a,96107112969d4c5acf5024f93ac399dc452ce836b6c613adcfb7328f3fb67142
1,20260810T032815Z_3ab9f5f39b2e_stage07_b01_formal_b44e3497,formal,20260810T032815Z,3ab9f5f39b2e4d1d0479702091bed6f4699bdb94,false,stage07_b01_radartools_five_dtype_v2,03a5a9e2f6cb3af6d8b402d33c46fde5838cae300fea1ab7f1d92294a3677211,operator,pulse_compression,Task1,Step2,pulse_compression,pulse_compression__pc_int16_10e4__cf3dd95c7197904b,pc_int16_10e4,10^4,16448,"echo=[64, 256]|waveform=[64]",INT16,CPU,fft_thrust,compatibility/end-to-end,PASS,OK,20,100,34,38.410803,true,cf3dd95c7197904bf57565a093cfebcecfc6428504e29c15293c31e535cab12a,96107112969d4c5acf5024f93ac399dc452ce836b6c613adcfb7328f3fb67142
1,20260810T032815Z_3ab9f5f39b2e_stage07_b01_formal_b44e3497,formal,20260810T032815Z,3ab9f5f39b2e4d1d0479702091bed6f4699bdb94,false,stage07_b01_radartools_five_dtype_v2,03a5a9e2f6cb3af6d8b402d33c46fde5838cae300fea1ab7f1d92294a3677211,operator,pulse_compression,Task1,Step2,pulse_compression,pulse_compression__pc_int16_10e4__cf3dd95c7197904b,pc_int16_10e4,10^4,16448,"echo=[64, 256]|waveform=[64]",INT16,CPU,fft_thrust,compatibility/end-to-end,PASS,OK,20,100,35,38.422583,true,cf3dd95c7197904bf57565a093cfebcecfc6428504e29c15293c31e535cab12a,96107112969d4c5acf5024f93ac399dc452ce836b6c613adcfb7328f3fb67142
1,20260810T032815Z_3ab9f5f39b2e_stage07_b01_formal_b44e3497,formal,20260810T032815Z,3ab9f5f39b2e4d1d0479702091bed6f4699bdb94,false,stage07_b01_radartools_five_dtype_v2,03a5a9e2f6cb3af6d8b402d33c46fde5838cae300fea1ab7f1d92294a3677211,operator,pulse_compression,Task1,Step2,pulse_compression,pulse_compression__pc_int16_10e4__cf3dd95c7197904b,pc_int16_10e4,10^4,16448,"echo=[64, 256]|waveform=[64]",INT16,CPU,fft_thrust,compatibility/end-to-end,PASS,OK,20,100,36,38.385091,true,cf3dd95c7197904bf57565a093cfebcecfc6428504e29c15293c31e535cab12a,96107112969d4c5acf5024f93ac399dc452ce836b6c613adcfb7328f3fb67142
1,20260810T032815Z_3ab9f5f39b2e_stage07_b01_formal_b44e3497,formal,20260810T032815Z,3ab9f5f39b2e4d1d0479702091bed6f4699bdb94,false,stage07_b01_radartools_five_dtype_v2,03a5a9e2f6cb3af6d8b402d33c46fde5838cae300fea1ab7f1d92294a3677211,operator,pulse_compression,Task1,Step2,pulse_compression,pulse_compression__pc_int16_10e4__cf3dd95c7197904b,pc_int16_10e4,10^4,16448,"echo=[64, 256]|waveform=[64]",INT16,CPU,fft_thrust,compatibility/end-to-end,PASS,OK,20,100,37,38.399483,true,cf3dd95c7197904bf57565a093cfebcecfc6428504e29c15293c31e535cab12a,96107112969d4c5acf5024f93ac399dc452ce836b6c613adcfb7328f3fb67142
1,20260810T032815Z_3ab9f5f39b2e_stage07_b01_formal_b44e3497,formal,20260810T032815Z,3ab9f5f39b2e4d1d0479702091bed6f4699bdb94,false,stage07_b01_radartools_five_dtype_v2,03a5a9e2f6cb3af6d8b402d33c46fde5838cae300fea1ab7f1d92294a3677211,operator,pulse_compression,Task1,Step2,pulse_compression,pulse_compression__pc_int16_10e4__cf3dd95c7197904b,pc_int16_10e4,10^4,16448,"echo=[64, 256]|waveform=[64]",INT16,CPU,fft_thrust,compatibility/end-to-end,PASS,OK,20,100,38,38.461064,true,cf3dd95c7197904bf57565a093cfebcecfc6428504e29c15293c31e535cab12a,96107112969d4c5acf5024f93ac399dc452ce836b6c613adcfb7328f3fb67142
1,20260810T032815Z_3ab9f5f39b2e_stage07_b01_formal_b44e3497,formal,20260810T032815Z,3ab9f5f39b2e4d1d0479702091bed6f4699bdb94,false,stage07_b01_radartools_five_dtype_v2,03a5a9e2f6cb3af6d8b402d33c46fde5838cae300fea1ab7f1d92294a3677211,operator,pulse_compression,Task1,Step2,pulse_compression,pulse_compression__pc_int16_10e4__cf3dd95c7197904b,pc_int16_10e4,10^4,16448,"echo=[64, 256]|waveform=[64]",INT16,CPU,fft_thrust,compatibility/end-to-end,PASS,OK,20,100,39,38.403013,true,cf3dd95c7197904bf57565a093cfebcecfc6428504e29c15293c31e535cab12a,96107112969d4c5acf5024f93ac399dc452ce836b6c613adcfb7328f3fb67142
1,20260810T032815Z_3ab9f5f39b2e_stage07_b01_formal_b44e3497,formal,20260810T032815Z,3ab9f5f39b2e4d1d0479702091bed6f4699bdb94,false,stage07_b01_radartools_five_dtype_v2,03a5a9e2f6cb3af6d8b402d33c46fde5838cae300fea1ab7f1d92294a3677211,operator,pulse_compression,Task1,Step2,pulse_compression,pulse_compression__pc_int16_10e4__cf3dd95c7197904b,pc_int16_10e4,10^4,16448,"echo=[64, 256]|waveform=[64]",INT16,CPU,fft_thrust,compatibility/end-to-end,PASS,OK,20,100,40,38.439562,true,cf3dd95c7197904bf57565a093cfebcecfc6428504e29c15293c31e535cab12a,96107112969d4c5acf5024f93ac399dc452ce836b6c613adcfb7328f3fb67142
1,20260810T032815Z_3ab9f5f39b2e_stage07_b01_formal_b44e3497,formal,20260810T032815Z,3ab9f5f39b2e4d1d0479702091bed6f4699bdb94,false,stage07_b01_radartools_five_dtype_v2,03a5a9e2f6cb3af6d8b402d33c46fde5838cae300fea1ab7f1d92294a3677211,operator,pulse_compression,Task1,Step2,pulse_compression,pulse_compression__pc_int16_10e4__cf3dd95c7197904b,pc_int16_10e4,10^4,16448,"echo=[64, 256]|waveform=[64]",INT16,CPU,fft_thrust,compatibility/end-to-end,PASS,OK,20,100,41,38.408811,true,cf3dd95c7197904bf57565a093cfebcecfc6428504e29c15293c31e535cab12a,96107112969d4c5acf5024f93ac399dc452ce836b6c613adcfb7328f3fb67142
1,20260810T032815Z_3ab9f5f39b2e_stage07_b01_formal_b44e3497,formal,20260810T032815Z,3ab9f5f39b2e4d1d0479702091bed6f4699bdb94,false,stage07_b01_radartools_five_dtype_v2,03a5a9e2f6cb3af6d8b402d33c46fde5838cae300fea1ab7f1d92294a3677211,operator,pulse_compression,Task1,Step2,pulse_compression,pulse_compression__pc_int16_10e4__cf3dd95c7197904b,pc_int16_10e4,10^4,16448,"echo=[64, 256]|waveform=[64]",INT16,CPU,fft_thrust,compatibility/end-to-end,PASS,OK,20,100,42,38.394531,true,cf3dd95c7197904bf57565a093cfebcecfc6428504e29c15293c31e535cab12a,96107112969d4c5acf5024f93ac399dc452ce836b6c613adcfb7328f3fb67142
1,20260810T032815Z_3ab9f5f39b2e_stage07_b01_formal_b44e3497,formal,20260810T032815Z,3ab9f5f39b2e4d1d0479702091bed6f4699bdb94,false,stage07_b01_radartools_five_dtype_v2,03a5a9e2f6cb3af6d8b402d33c46fde5838cae300fea1ab7f1d92294a3677211,operator,pulse_compression,Task1,Step2,pulse_compression,pulse_compression__pc_int16_10e4__cf3dd95c7197904b,pc_int16_10e4,10^4,16448,"echo=[64, 256]|waveform=[64]",INT16,CPU,fft_thrust,compatibility/end-to-end,PASS,OK,20,100,43,38.429742,true,cf3dd95c7197904bf57565a093cfebcecfc6428504e29c15293c31e535cab12a,96107112969d4c5acf5024f93ac399dc452ce836b6c613adcfb7328f3fb67142
1,20260810T032815Z_3ab9f5f39b2e_stage07_b01_formal_b44e3497,formal,20260810T032815Z,3ab9f5f39b2e4d1d0479702091bed6f4699bdb94,false,stage07_b01_radartools_five_dtype_v2,03a5a9e2f6cb3af6d8b402d33c46fde5838cae300fea1ab7f1d92294a3677211,operator,pulse_compression,Task1,Step2,pulse_compression,pulse_compression__pc_int16_10e4__cf3dd95c7197904b,pc_int16_10e4,10^4,16448,"echo=[64, 256]|waveform=[64]",INT16,CPU,fft_thrust,compatibility/end-to-end,PASS,OK,20,100,44,38.449702,true,cf3dd95c7197904bf57565a093cfebcecfc6428504e29c15293c31e535cab12a,96107112969d4c5acf5024f93ac399dc452ce836b6c613adcfb7328f3fb67142
1,20260810T032815Z_3ab9f5f39b2e_stage07_b01_formal_b44e3497,formal,20260810T032815Z,3ab9f5f39b2e4d1d0479702091bed6f4699bdb94,false,stage07_b01_radartools_five_dtype_v2,03a5a9e2f6cb3af6d8b402d33c46fde5838cae300fea1ab7f1d92294a3677211,operator,pulse_compression,Task1,Step2,pulse_compression,pulse_compression__pc_int16_10e4__cf3dd95c7197904b,pc_int16_10e4,10^4,16448,"echo=[64, 256]|waveform=[64]",INT16,CPU,fft_thrust,compatibility/end-to-end,PASS,OK,20,100,45,38.418871,true,cf3dd95c7197904bf57565a093cfebcecfc6428504e29c15293c31e535cab12a,96107112969d4c5acf5024f93ac399dc452ce836b6c613adcfb7328f3fb67142
1,20260810T032815Z_3ab9f5f39b2e_stage07_b01_formal_b44e3497,formal,20260810T032815Z,3ab9f5f39b2e4d1d0479702091bed6f4699bdb94,false,stage07_b01_radartools_five_dtype_v2,03a5a9e2f6cb3af6d8b402d33c46fde5838cae300fea1ab7f1d92294a3677211,operator,pulse_compression,Task1,Step2,pulse_compression,pulse_compression__pc_int16_10e4__cf3dd95c7197904b,pc_int16_10e4,10^4,16448,"echo=[64, 256]|waveform=[64]",INT16,CPU,fft_thrust,compatibility/end-to-end,PASS,OK,20,100,46,38.437753,true,cf3dd95c7197904bf57565a093cfebcecfc6428504e29c15293c31e535cab12a,96107112969d4c5acf5024f93ac399dc452ce836b6c613adcfb7328f3fb67142
1,20260810T032815Z_3ab9f5f39b2e_stage07_b01_formal_b44e3497,formal,20260810T032815Z,3ab9f5f39b2e4d1d0479702091bed6f4699bdb94,false,stage07_b01_radartools_five_dtype_v2,03a5a9e2f6cb3af6d8b402d33c46fde5838cae300fea1ab7f1d92294a3677211,operator,pulse_compression,Task1,Step2,pulse_compression,pulse_compression__pc_int16_10e4__cf3dd95c7197904b,pc_int16_10e4,10^4,16448,"echo=[64, 256]|waveform=[64]",INT16,CPU,fft_thrust,compatibility/end-to-end,PASS,OK,20,100,47,38.452692,true,cf3dd95c7197904bf57565a093cfebcecfc6428504e29c15293c31e535cab12a,96107112969d4c5acf5024f93ac399dc452ce836b6c613adcfb7328f3fb67142
1,20260810T032815Z_3ab9f5f39b2e_stage07_b01_formal_b44e3497,formal,20260810T032815Z,3ab9f5f39b2e4d1d0479702091bed6f4699bdb94,false,stage07_b01_radartools_five_dtype_v2,03a5a9e2f6cb3af6d8b402d33c46fde5838cae300fea1ab7f1d92294a3677211,operator,pulse_compression,Task1,Step2,pulse_compression,pulse_compression__pc_int16_10e4__cf3dd95c7197904b,pc_int16_10e4,10^4,16448,"echo=[64, 256]|waveform=[64]",INT16,CPU,fft_thrust,compatibility/end-to-end,PASS,OK,20,100,48,38.402541,true,cf3dd95c7197904bf57565a093cfebcecfc6428504e29c15293c31e535cab12a,96107112969d4c5acf5024f93ac399dc452ce836b6c613adcfb7328f3fb67142
1,20260810T032815Z_3ab9f5f39b2e_stage07_b01_formal_b44e3497,formal,20260810T032815Z,3ab9f5f39b2e4d1d0479702091bed6f4699bdb94,false,stage07_b01_radartools_five_dtype_v2,03a5a9e2f6cb3af6d8b402d33c46fde5838cae300fea1ab7f1d92294a3677211,operator,pulse_compression,Task1,Step2,pulse_compression,pulse_compression__pc_int16_10e4__cf3dd95c7197904b,pc_int16_10e4,10^4,16448,"echo=[64, 256]|waveform=[64]",INT16,CPU,fft_thrust,compatibility/end-to-end,PASS,OK,20,100,49,38.406401,true,cf3dd95c7197904bf57565a093cfebcecfc6428504e29c15293c31e535cab12a,96107112969d4c5acf5024f93ac399dc452ce836b6c613adcfb7328f3fb67142
1,20260810T032815Z_3ab9f5f39b2e_stage07_b01_formal_b44e3497,formal,20260810T032815Z,3ab9f5f39b2e4d1d0479702091bed6f4699bdb94,false,stage07_b01_radartools_five_dtype_v2,03a5a9e2f6cb3af6d8b402d33c46fde5838cae300fea1ab7f1d92294a3677211,operator,pulse_compression,Task1,Step2,pulse_compression,pulse_compression__pc_int16_10e4__cf3dd95c7197904b,pc_int16_10e4,10^4,16448,"echo=[64, 256]|waveform=[64]",INT16,CPU,fft_thrust,compatibility/end-to-end,PASS,OK,20,100,50,38.398691,true,cf3dd95c7197904bf57565a093cfebcecfc6428504e29c15293c31e535cab12a,96107112969d4c5acf5024f93ac399dc452ce836b6c613adcfb7328f3fb67142
1,20260810T032815Z_3ab9f5f39b2e_stage07_b01_formal_b44e3497,formal,20260810T032815Z,3ab9f5f39b2e4d1d0479702091bed6f4699bdb94,false,stage07_b01_radartools_five_dtype_v2,03a5a9e2f6cb3af6d8b402d33c46fde5838cae300fea1ab7f1d92294a3677211,operator,pulse_compression,Task1,Step2,pulse_compression,pulse_compression__pc_int16_10e4__cf3dd95c7197904b,pc_int16_10e4,10^4,16448,"echo=[64, 256]|waveform=[64]",INT16,CPU,fft_thrust,compatibility/end-to-end,PASS,OK,20,100,51,38.409671,true,cf3dd95c7197904bf57565a093cfebcecfc6428504e29c15293c31e535cab12a,96107112969d4c5acf5024f93ac399dc452ce836b6c613adcfb7328f3fb67142
1,20260810T032815Z_3ab9f5f39b2e_stage07_b01_formal_b44e3497,formal,20260810T032815Z,3ab9f5f39b2e4d1d0479702091bed6f4699bdb94,false,stage07_b01_radartools_five_dtype_v2,03a5a9e2f6cb3af6d8b402d33c46fde5838cae300fea1ab7f1d92294a3677211,operator,pulse_compression,Task1,Step2,pulse_compression,pulse_compression__pc_int16_10e4__cf3dd95c7197904b,pc_int16_10e4,10^4,16448,"echo=[64, 256]|waveform=[64]",INT16,CPU,fft_thrust,compatibility/end-to-end,PASS,OK,20,100,52,38.404091,true,cf3dd95c7197904bf57565a093cfebcecfc6428504e29c15293c31e535cab12a,96107112969d4c5acf5024f93ac399dc452ce836b6c613adcfb7328f3fb67142
1,20260810T032815Z_3ab9f5f39b2e_stage07_b01_formal_b44e3497,formal,20260810T032815Z,3ab9f5f39b2e4d1d0479702091bed6f4699bdb94,false,stage07_b01_radartools_five_dtype_v2,03a5a9e2f6cb3af6d8b402d33c46fde5838cae300fea1ab7f1d92294a3677211,operator,pulse_compression,Task1,Step2,pulse_compression,pulse_compression__pc_int16_10e4__cf3dd95c7197904b,pc_int16_10e4,10^4,16448,"echo=[64, 256]|waveform=[64]",INT16,CPU,fft_thrust,compatibility/end-to-end,PASS,OK,20,100,53,38.402571,true,cf3dd95c7197904bf57565a093cfebcecfc6428504e29c15293c31e535cab12a,96107112969d4c5acf5024f93ac399dc452ce836b6c613adcfb7328f3fb67142
1,20260810T032815Z_3ab9f5f39b2e_stage07_b01_formal_b44e3497,formal,20260810T032815Z,3ab9f5f39b2e4d1d0479702091bed6f4699bdb94,false,stage07_b01_radartools_five_dtype_v2,03a5a9e2f6cb3af6d8b402d33c46fde5838cae300fea1ab7f1d92294a3677211,operator,pulse_compression,Task1,Step2,pulse_compression,pulse_compression__pc_int16_10e4__cf3dd95c7197904b,pc_int16_10e4,10^4,16448,"echo=[64, 256]|waveform=[64]",INT16,CPU,fft_thrust,compatibility/end-to-end,PASS,OK,20,100,54,38.403001,true,cf3dd95c7197904bf57565a093cfebcecfc6428504e29c15293c31e535cab12a,96107112969d4c5acf5024f93ac399dc452ce836b6c613adcfb7328f3fb67142
1,20260810T032815Z_3ab9f5f39b2e_stage07_b01_formal_b44e3497,formal,20260810T032815Z,3ab9f5f39b2e4d1d0479702091bed6f4699bdb94,false,stage07_b01_radartools_five_dtype_v2,03a5a9e2f6cb3af6d8b402d33c46fde5838cae300fea1ab7f1d92294a3677211,operator,pulse_compression,Task1,Step2,pulse_compression,pulse_compression__pc_int16_10e4__cf3dd95c7197904b,pc_int16_10e4,10^4,16448,"echo=[64, 256]|waveform=[64]",INT16,CPU,fft_thrust,compatibility/end-to-end,PASS,OK,20,100,55,38.421001,true,cf3dd95c7197904bf57565a093cfebcecfc6428504e29c15293c31e535cab12a,96107112969d4c5acf5024f93ac399dc452ce836b6c613adcfb7328f3fb67142
1,20260810T032815Z_3ab9f5f39b2e_stage07_b01_formal_b44e3497,formal,20260810T032815Z,3ab9f5f39b2e4d1d0479702091bed6f4699bdb94,false,stage07_b01_radartools_five_dtype_v2,03a5a9e2f6cb3af6d8b402d33c46fde5838cae300fea1ab7f1d92294a3677211,operator,pulse_compression,Task1,Step2,pulse_compression,pulse_compression__pc_int16_10e4__cf3dd95c7197904b,pc_int16_10e4,10^4,16448,"echo=[64, 256]|waveform=[64]",INT16,CPU,fft_thrust,compatibility/end-to-end,PASS,OK,20,100,56,38.395921,true,cf3dd95c7197904bf57565a093cfebcecfc6428504e29c15293c31e535cab12a,96107112969d4c5acf5024f93ac399dc452ce836b6c613adcfb7328f3fb67142
1,20260810T032815Z_3ab9f5f39b2e_stage07_b01_formal_b44e3497,formal,20260810T032815Z,3ab9f5f39b2e4d1d0479702091bed6f4699bdb94,false,stage07_b01_radartools_five_dtype_v2,03a5a9e2f6cb3af6d8b402d33c46fde5838cae300fea1ab7f1d92294a3677211,operator,pulse_compression,Task1,Step2,pulse_compression,pulse_compression__pc_int16_10e4__cf3dd95c7197904b,pc_int16_10e4,10^4,16448,"echo=[64, 256]|waveform=[64]",INT16,CPU,fft_thrust,compatibility/end-to-end,PASS,OK,20,100,57,38.432162,true,cf3dd95c7197904bf57565a093cfebcecfc6428504e29c15293c31e535cab12a,96107112969d4c5acf5024f93ac399dc452ce836b6c613adcfb7328f3fb67142
1,20260810T032815Z_3ab9f5f39b2e_stage07_b01_formal_b44e3497,formal,20260810T032815Z,3ab9f5f39b2e4d1d0479702091bed6f4699bdb94,false,stage07_b01_radartools_five_dtype_v2,03a5a9e2f6cb3af6d8b402d33c46fde5838cae300fea1ab7f1d92294a3677211,operator,pulse_compression,Task1,Step2,pulse_compression,pulse_compression__pc_int16_10e4__cf3dd95c7197904b,pc_int16_10e4,10^4,16448,"echo=[64, 256]|waveform=[64]",INT16,CPU,fft_thrust,compatibility/end-to-end,PASS,OK,20,100,58,38.404511,true,cf3dd95c7197904bf57565a093cfebcecfc6428504e29c15293c31e535cab12a,96107112969d4c5acf5024f93ac399dc452ce836b6c613adcfb7328f3fb67142
1,20260810T032815Z_3ab9f5f39b2e_stage07_b01_formal_b44e3497,formal,20260810T032815Z,3ab9f5f39b2e4d1d0479702091bed6f4699bdb94,false,stage07_b01_radartools_five_dtype_v2,03a5a9e2f6cb3af6d8b402d33c46fde5838cae300fea1ab7f1d92294a3677211,operator,pulse_compression,Task1,Step2,pulse_compression,pulse_compression__pc_int16_10e4__cf3dd95c7197904b,pc_int16_10e4,10^4,16448,"echo=[64, 256]|waveform=[64]",INT16,CPU,fft_thrust,compatibility/end-to-end,PASS,OK,20,100,59,38.413572,true,cf3dd95c7197904bf57565a093cfebcecfc6428504e29c15293c31e535cab12a,96107112969d4c5acf5024f93ac399dc452ce836b6c613adcfb7328f3fb67142
1,20260810T032815Z_3ab9f5f39b2e_stage07_b01_formal_b44e3497,formal,20260810T032815Z,3ab9f5f39b2e4d1d0479702091bed6f4699bdb94,false,stage07_b01_radartools_five_dtype_v2,03a5a9e2f6cb3af6d8b402d33c46fde5838cae300fea1ab7f1d92294a3677211,operator,pulse_compression,Task1,Step2,pulse_compression,pulse_compression__pc_int16_10e4__cf3dd95c7197904b,pc_int16_10e4,10^4,16448,"echo=[64, 256]|waveform=[64]",INT16,CPU,fft_thrust,compatibility/end-to-end,PASS,OK,20,100,60,38.39685,true,cf3dd95c7197904bf57565a093cfebcecfc6428504e29c15293c31e535cab12a,96107112969d4c5acf5024f93ac399dc452ce836b6c613adcfb7328f3fb67142
1,20260810T032815Z_3ab9f5f39b2e_stage07_b01_formal_b44e3497,formal,20260810T032815Z,3ab9f5f39b2e4d1d0479702091bed6f4699bdb94,false,stage07_b01_radartools_five_dtype_v2,03a5a9e2f6cb3af6d8b402d33c46fde5838cae300fea1ab7f1d92294a3677211,operator,pulse_compression,Task1,Step2,pulse_compression,pulse_compression__pc_int16_10e4__cf3dd95c7197904b,pc_int16_10e4,10^4,16448,"echo=[64, 256]|waveform=[64]",INT16,CPU,fft_thrust,compatibility/end-to-end,PASS,OK,20,100,61,38.419662,true,cf3dd95c7197904bf57565a093cfebcecfc6428504e29c15293c31e535cab12a,96107112969d4c5acf5024f93ac399dc452ce836b6c613adcfb7328f3fb67142
1,20260810T032815Z_3ab9f5f39b2e_stage07_b01_formal_b44e3497,formal,20260810T032815Z,3ab9f5f39b2e4d1d0479702091bed6f4699bdb94,false,stage07_b01_radartools_five_dtype_v2,03a5a9e2f6cb3af6d8b402d33c46fde5838cae300fea1ab7f1d92294a3677211,operator,pulse_compression,Task1,Step2,pulse_compression,pulse_compression__pc_int16_10e4__cf3dd95c7197904b,pc_int16_10e4,10^4,16448,"echo=[64, 256]|waveform=[64]",INT16,CPU,fft_thrust,compatibility/end-to-end,PASS,OK,20,100,62,38.432282,true,cf3dd95c7197904bf57565a093cfebcecfc6428504e29c15293c31e535cab12a,96107112969d4c5acf5024f93ac399dc452ce836b6c613adcfb7328f3fb67142
1,20260810T032815Z_3ab9f5f39b2e_stage07_b01_formal_b44e3497,formal,20260810T032815Z,3ab9f5f39b2e4d1d0479702091bed6f4699bdb94,false,stage07_b01_radartools_five_dtype_v2,03a5a9e2f6cb3af6d8b402d33c46fde5838cae300fea1ab7f1d92294a3677211,operator,pulse_compression,Task1,Step2,pulse_compression,pulse_compression__pc_int16_10e4__cf3dd95c7197904b,pc_int16_10e4,10^4,16448,"echo=[64, 256]|waveform=[64]",INT16,CPU,fft_thrust,compatibility/end-to-end,PASS,OK,20,100,63,38.444102,true,cf3dd95c7197904bf57565a093cfebcecfc6428504e29c15293c31e535cab12a,96107112969d4c5acf5024f93ac399dc452ce836b6c613adcfb7328f3fb67142
1,20260810T032815Z_3ab9f5f39b2e_stage07_b01_formal_b44e3497,formal,20260810T032815Z,3ab9f5f39b2e4d1d0479702091bed6f4699bdb94,false,stage07_b01_radartools_five_dtype_v2,03a5a9e2f6cb3af6d8b402d33c46fde5838cae300fea1ab7f1d92294a3677211,operator,pulse_compression,Task1,Step2,pulse_compression,pulse_compression__pc_int16_10e4__cf3dd95c7197904b,pc_int16_10e4,10^4,16448,"echo=[64, 256]|waveform=[64]",INT16,CPU,fft_thrust,compatibility/end-to-end,PASS,OK,20,100,64,38.38829,true,cf3dd95c7197904bf57565a093cfebcecfc6428504e29c15293c31e535cab12a,96107112969d4c5acf5024f93ac399dc452ce836b6c613adcfb7328f3fb67142
1,20260810T032815Z_3ab9f5f39b2e_stage07_b01_formal_b44e3497,formal,20260810T032815Z,3ab9f5f39b2e4d1d0479702091bed6f4699bdb94,false,stage07_b01_radartools_five_dtype_v2,03a5a9e2f6cb3af6d8b402d33c46fde5838cae300fea1ab7f1d92294a3677211,operator,pulse_compression,Task1,Step2,pulse_compression,pulse_compression__pc_int16_10e4__cf3dd95c7197904b,pc_int16_10e4,10^4,16448,"echo=[64, 256]|waveform=[64]",INT16,CPU,fft_thrust,compatibility/end-to-end,PASS,OK,20,100,65,38.41109,true,cf3dd95c7197904bf57565a093cfebcecfc6428504e29c15293c31e535cab12a,96107112969d4c5acf5024f93ac399dc452ce836b6c613adcfb7328f3fb67142
1,20260810T032815Z_3ab9f5f39b2e_stage07_b01_formal_b44e3497,formal,20260810T032815Z,3ab9f5f39b2e4d1d0479702091bed6f4699bdb94,false,stage07_b01_radartools_five_dtype_v2,03a5a9e2f6cb3af6d8b402d33c46fde5838cae300fea1ab7f1d92294a3677211,operator,pulse_compression,Task1,Step2,pulse_compression,pulse_compression__pc_int16_10e4__cf3dd95c7197904b,pc_int16_10e4,10^4,16448,"echo=[64, 256]|waveform=[64]",INT16,CPU,fft_thrust,compatibility/end-to-end,PASS,OK,20,100,66,38.477463,true,cf3dd95c7197904bf57565a093cfebcecfc6428504e29c15293c31e535cab12a,96107112969d4c5acf5024f93ac399dc452ce836b6c613adcfb7328f3fb67142
1,20260810T032815Z_3ab9f5f39b2e_stage07_b01_formal_b44e3497,formal,20260810T032815Z,3ab9f5f39b2e4d1d0479702091bed6f4699bdb94,false,stage07_b01_radartools_five_dtype_v2,03a5a9e2f6cb3af6d8b402d33c46fde5838cae300fea1ab7f1d92294a3677211,operator,pulse_compression,Task1,Step2,pulse_compression,pulse_compression__pc_int16_10e4__cf3dd95c7197904b,pc_int16_10e4,10^4,16448,"echo=[64, 256]|waveform=[64]",INT16,CPU,fft_thrust,compatibility/end-to-end,PASS,OK,20,100,67,38.41484,true,cf3dd95c7197904bf57565a093cfebcecfc6428504e29c15293c31e535cab12a,96107112969d4c5acf5024f93ac399dc452ce836b6c613adcfb7328f3fb67142
1,20260810T032815Z_3ab9f5f39b2e_stage07_b01_formal_b44e3497,formal,20260810T032815Z,3ab9f5f39b2e4d1d0479702091bed6f4699bdb94,false,stage07_b01_radartools_five_dtype_v2,03a5a9e2f6cb3af6d8b402d33c46fde5838cae300fea1ab7f1d92294a3677211,operator,pulse_compression,Task1,Step2,pulse_compression,pulse_compression__pc_int16_10e4__cf3dd95c7197904b,pc_int16_10e4,10^4,16448,"echo=[64, 256]|waveform=[64]",INT16,CPU,fft_thrust,compatibility/end-to-end,PASS,OK,20,100,68,38.43294,true,cf3dd95c7197904bf57565a093cfebcecfc6428504e29c15293c31e535cab12a,96107112969d4c5acf5024f93ac399dc452ce836b6c613adcfb7328f3fb67142
1,20260810T032815Z_3ab9f5f39b2e_stage07_b01_formal_b44e3497,formal,20260810T032815Z,3ab9f5f39b2e4d1d0479702091bed6f4699bdb94,false,stage07_b01_radartools_five_dtype_v2,03a5a9e2f6cb3af6d8b402d33c46fde5838cae300fea1ab7f1d92294a3677211,operator,pulse_compression,Task1,Step2,pulse_compression,pulse_compression__pc_int16_10e4__cf3dd95c7197904b,pc_int16_10e4,10^4,16448,"echo=[64, 256]|waveform=[64]",INT16,CPU,fft_thrust,compatibility/end-to-end,PASS,OK,20,100,69,38.456951,true,cf3dd95c7197904bf57565a093cfebcecfc6428504e29c15293c31e535cab12a,96107112969d4c5acf5024f93ac399dc452ce836b6c613adcfb7328f3fb67142
1,20260810T032815Z_3ab9f5f39b2e_stage07_b01_formal_b44e3497,formal,20260810T032815Z,3ab9f5f39b2e4d1d0479702091bed6f4699bdb94,false,stage07_b01_radartools_five_dtype_v2,03a5a9e2f6cb3af6d8b402d33c46fde5838cae300fea1ab7f1d92294a3677211,operator,pulse_compression,Task1,Step2,pulse_compression,pulse_compression__pc_int16_10e4__cf3dd95c7197904b,pc_int16_10e4,10^4,16448,"echo=[64, 256]|waveform=[64]",INT16,CPU,fft_thrust,compatibility/end-to-end,PASS,OK,20,100,70,39.242967,true,cf3dd95c7197904bf57565a093cfebcecfc6428504e29c15293c31e535cab12a,96107112969d4c5acf5024f93ac399dc452ce836b6c613adcfb7328f3fb67142
1,20260810T032815Z_3ab9f5f39b2e_stage07_b01_formal_b44e3497,formal,20260810T032815Z,3ab9f5f39b2e4d1d0479702091bed6f4699bdb94,false,stage07_b01_radartools_five_dtype_v2,03a5a9e2f6cb3af6d8b402d33c46fde5838cae300fea1ab7f1d92294a3677211,operator,pulse_compression,Task1,Step2,pulse_compression,pulse_compression__pc_int16_10e4__cf3dd95c7197904b,pc_int16_10e4,10^4,16448,"echo=[64, 256]|waveform=[64]",INT16,CPU,fft_thrust,compatibility/end-to-end,PASS,OK,20,100,71,38.458021,true,cf3dd95c7197904bf57565a093cfebcecfc6428504e29c15293c31e535cab12a,96107112969d4c5acf5024f93ac399dc452ce836b6c613adcfb7328f3fb67142
1,20260810T032815Z_3ab9f5f39b2e_stage07_b01_formal_b44e3497,formal,20260810T032815Z,3ab9f5f39b2e4d1d0479702091bed6f4699bdb94,false,stage07_b01_radartools_five_dtype_v2,03a5a9e2f6cb3af6d8b402d33c46fde5838cae300fea1ab7f1d92294a3677211,operator,pulse_compression,Task1,Step2,pulse_compression,pulse_compression__pc_int16_10e4__cf3dd95c7197904b,pc_int16_10e4,10^4,16448,"echo=[64, 256]|waveform=[64]",INT16,CPU,fft_thrust,compatibility/end-to-end,PASS,OK,20,100,72,38.409689,true,cf3dd95c7197904bf57565a093cfebcecfc6428504e29c15293c31e535cab12a,96107112969d4c5acf5024f93ac399dc452ce836b6c613adcfb7328f3fb67142
1,20260810T032815Z_3ab9f5f39b2e_stage07_b01_formal_b44e3497,formal,20260810T032815Z,3ab9f5f39b2e4d1d0479702091bed6f4699bdb94,false,stage07_b01_radartools_five_dtype_v2,03a5a9e2f6cb3af6d8b402d33c46fde5838cae300fea1ab7f1d92294a3677211,operator,pulse_compression,Task1,Step2,pulse_compression,pulse_compression__pc_int16_10e4__cf3dd95c7197904b,pc_int16_10e4,10^4,16448,"echo=[64, 256]|waveform=[64]",INT16,CPU,fft_thrust,compatibility/end-to-end,PASS,OK,20,100,73,38.385989,true,cf3dd95c7197904bf57565a093cfebcecfc6428504e29c15293c31e535cab12a,96107112969d4c5acf5024f93ac399dc452ce836b6c613adcfb7328f3fb67142
1,20260810T032815Z_3ab9f5f39b2e_stage07_b01_formal_b44e3497,formal,20260810T032815Z,3ab9f5f39b2e4d1d0479702091bed6f4699bdb94,false,stage07_b01_radartools_five_dtype_v2,03a5a9e2f6cb3af6d8b402d33c46fde5838cae300fea1ab7f1d92294a3677211,operator,pulse_compression,Task1,Step2,pulse_compression,pulse_compression__pc_int16_10e4__cf3dd95c7197904b,pc_int16_10e4,10^4,16448,"echo=[64, 256]|waveform=[64]",INT16,CPU,fft_thrust,compatibility/end-to-end,PASS,OK,20,100,74,38.489762,true,cf3dd95c7197904bf57565a093cfebcecfc6428504e29c15293c31e535cab12a,96107112969d4c5acf5024f93ac399dc452ce836b6c613adcfb7328f3fb67142
1,20260810T032815Z_3ab9f5f39b2e_stage07_b01_formal_b44e3497,formal,20260810T032815Z,3ab9f5f39b2e4d1d0479702091bed6f4699bdb94,false,stage07_b01_radartools_five_dtype_v2,03a5a9e2f6cb3af6d8b402d33c46fde5838cae300fea1ab7f1d92294a3677211,operator,pulse_compression,Task1,Step2,pulse_compression,pulse_compression__pc_int16_10e4__cf3dd95c7197904b,pc_int16_10e4,10^4,16448,"echo=[64, 256]|waveform=[64]",INT16,CPU,fft_thrust,compatibility/end-to-end,PASS,OK,20,100,75,38.422151,true,cf3dd95c7197904bf57565a093cfebcecfc6428504e29c15293c31e535cab12a,96107112969d4c5acf5024f93ac399dc452ce836b6c613adcfb7328f3fb67142
1,20260810T032815Z_3ab9f5f39b2e_stage07_b01_formal_b44e3497,formal,20260810T032815Z,3ab9f5f39b2e4d1d0479702091bed6f4699bdb94,false,stage07_b01_radartools_five_dtype_v2,03a5a9e2f6cb3af6d8b402d33c46fde5838cae300fea1ab7f1d92294a3677211,operator,pulse_compression,Task1,Step2,pulse_compression,pulse_compression__pc_int16_10e4__cf3dd95c7197904b,pc_int16_10e4,10^4,16448,"echo=[64, 256]|waveform=[64]",INT16,CPU,fft_thrust,compatibility/end-to-end,PASS,OK,20,100,76,38.43043,true,cf3dd95c7197904bf57565a093cfebcecfc6428504e29c15293c31e535cab12a,96107112969d4c5acf5024f93ac399dc452ce836b6c613adcfb7328f3fb67142
1,20260810T032815Z_3ab9f5f39b2e_stage07_b01_formal_b44e3497,formal,20260810T032815Z,3ab9f5f39b2e4d1d0479702091bed6f4699bdb94,false,stage07_b01_radartools_five_dtype_v2,03a5a9e2f6cb3af6d8b402d33c46fde5838cae300fea1ab7f1d92294a3677211,operator,pulse_compression,Task1,Step2,pulse_compression,pulse_compression__pc_int16_10e4__cf3dd95c7197904b,pc_int16_10e4,10^4,16448,"echo=[64, 256]|waveform=[64]",INT16,CPU,fft_thrust,compatibility/end-to-end,PASS,OK,20,100,77,38.449201,true,cf3dd95c7197904bf57565a093cfebcecfc6428504e29c15293c31e535cab12a,96107112969d4c5acf5024f93ac399dc452ce836b6c613adcfb7328f3fb67142
1,20260810T032815Z_3ab9f5f39b2e_stage07_b01_formal_b44e3497,formal,20260810T032815Z,3ab9f5f39b2e4d1d0479702091bed6f4699bdb94,false,stage07_b01_radartools_five_dtype_v2,03a5a9e2f6cb3af6d8b402d33c46fde5838cae300fea1ab7f1d92294a3677211,operator,pulse_compression,Task1,Step2,pulse_compression,pulse_compression__pc_int16_10e4__cf3dd95c7197904b,pc_int16_10e4,10^4,16448,"echo=[64, 256]|waveform=[64]",INT16,CPU,fft_thrust,compatibility/end-to-end,PASS,OK,20,100,78,38.41965,true,cf3dd95c7197904bf57565a093cfebcecfc6428504e29c15293c31e535cab12a,96107112969d4c5acf5024f93ac399dc452ce836b6c613adcfb7328f3fb67142
1,20260810T032815Z_3ab9f5f39b2e_stage07_b01_formal_b44e3497,formal,20260810T032815Z,3ab9f5f39b2e4d1d0479702091bed6f4699bdb94,false,stage07_b01_radartools_five_dtype_v2,03a5a9e2f6cb3af6d8b402d33c46fde5838cae300fea1ab7f1d92294a3677211,operator,pulse_compression,Task1,Step2,pulse_compression,pulse_compression__pc_int16_10e4__cf3dd95c7197904b,pc_int16_10e4,10^4,16448,"echo=[64, 256]|waveform=[64]",INT16,CPU,fft_thrust,compatibility/end-to-end,PASS,OK,20,100,79,38.42017,true,cf3dd95c7197904bf57565a093cfebcecfc6428504e29c15293c31e535cab12a,96107112969d4c5acf5024f93ac399dc452ce836b6c613adcfb7328f3fb67142
1,20260810T032815Z_3ab9f5f39b2e_stage07_b01_formal_b44e3497,formal,20260810T032815Z,3ab9f5f39b2e4d1d0479702091bed6f4699bdb94,false,stage07_b01_radartools_five_dtype_v2,03a5a9e2f6cb3af6d8b402d33c46fde5838cae300fea1ab7f1d92294a3677211,operator,pulse_compression,Task1,Step2,pulse_compression,pulse_compression__pc_int16_10e4__cf3dd95c7197904b,pc_int16_10e4,10^4,16448,"echo=[64, 256]|waveform=[64]",INT16,CPU,fft_thrust,compatibility/end-to-end,PASS,OK,20,100,80,38.593645,true,cf3dd95c7197904bf57565a093cfebcecfc6428504e29c15293c31e535cab12a,96107112969d4c5acf5024f93ac399dc452ce836b6c613adcfb7328f3fb67142
1,20260810T032815Z_3ab9f5f39b2e_stage07_b01_formal_b44e3497,formal,20260810T032815Z,3ab9f5f39b2e4d1d0479702091bed6f4699bdb94,false,stage07_b01_radartools_five_dtype_v2,03a5a9e2f6cb3af6d8b402d33c46fde5838cae300fea1ab7f1d92294a3677211,operator,pulse_compression,Task1,Step2,pulse_compression,pulse_compression__pc_int16_10e4__cf3dd95c7197904b,pc_int16_10e4,10^4,16448,"echo=[64, 256]|waveform=[64]",INT16,CPU,fft_thrust,compatibility/end-to-end,PASS,OK,20,100,81,38.40472,true,cf3dd95c7197904bf57565a093cfebcecfc6428504e29c15293c31e535cab12a,96107112969d4c5acf5024f93ac399dc452ce836b6c613adcfb7328f3fb67142
1,20260810T032815Z_3ab9f5f39b2e_stage07_b01_formal_b44e3497,formal,20260810T032815Z,3ab9f5f39b2e4d1d0479702091bed6f4699bdb94,false,stage07_b01_radartools_five_dtype_v2,03a5a9e2f6cb3af6d8b402d33c46fde5838cae300fea1ab7f1d92294a3677211,operator,pulse_compression,Task1,Step2,pulse_compression,pulse_compression__pc_int16_10e4__cf3dd95c7197904b,pc_int16_10e4,10^4,16448,"echo=[64, 256]|waveform=[64]",INT16,CPU,fft_thrust,compatibility/end-to-end,PASS,OK,20,100,82,38.393399,true,cf3dd95c7197904bf57565a093cfebcecfc6428504e29c15293c31e535cab12a,96107112969d4c5acf5024f93ac399dc452ce836b6c613adcfb7328f3fb67142
1,20260810T032815Z_3ab9f5f39b2e_stage07_b01_formal_b44e3497,formal,20260810T032815Z,3ab9f5f39b2e4d1d0479702091bed6f4699bdb94,false,stage07_b01_radartools_five_dtype_v2,03a5a9e2f6cb3af6d8b402d33c46fde5838cae300fea1ab7f1d92294a3677211,operator,pulse_compression,Task1,Step2,pulse_compression,pulse_compression__pc_int16_10e4__cf3dd95c7197904b,pc_int16_10e4,10^4,16448,"echo=[64, 256]|waveform=[64]",INT16,CPU,fft_thrust,compatibility/end-to-end,PASS,OK,20,100,83,38.42557,true,cf3dd95c7197904bf57565a093cfebcecfc6428504e29c15293c31e535cab12a,96107112969d4c5acf5024f93ac399dc452ce836b6c613adcfb7328f3fb67142
1,20260810T032815Z_3ab9f5f39b2e_stage07_b01_formal_b44e3497,formal,20260810T032815Z,3ab9f5f39b2e4d1d0479702091bed6f4699bdb94,false,stage07_b01_radartools_five_dtype_v2,03a5a9e2f6cb3af6d8b402d33c46fde5838cae300fea1ab7f1d92294a3677211,operator,pulse_compression,Task1,Step2,pulse_compression,pulse_compression__pc_int16_10e4__cf3dd95c7197904b,pc_int16_10e4,10^4,16448,"echo=[64, 256]|waveform=[64]",INT16,CPU,fft_thrust,compatibility/end-to-end,PASS,OK,20,100,84,38.444141,true,cf3dd95c7197904bf57565a093cfebcecfc6428504e29c15293c31e535cab12a,96107112969d4c5acf5024f93ac399dc452ce836b6c613adcfb7328f3fb67142
1,20260810T032815Z_3ab9f5f39b2e_stage07_b01_formal_b44e3497,formal,20260810T032815Z,3ab9f5f39b2e4d1d0479702091bed6f4699bdb94,false,stage07_b01_radartools_five_dtype_v2,03a5a9e2f6cb3af6d8b402d33c46fde5838cae300fea1ab7f1d92294a3677211,operator,pulse_compression,Task1,Step2,pulse_compression,pulse_compression__pc_int16_10e4__cf3dd95c7197904b,pc_int16_10e4,10^4,16448,"echo=[64, 256]|waveform=[64]",INT16,CPU,fft_thrust,compatibility/end-to-end,PASS,OK,20,100,85,38.41007,true,cf3dd95c7197904bf57565a093cfebcecfc6428504e29c15293c31e535cab12a,96107112969d4c5acf5024f93ac399dc452ce836b6c613adcfb7328f3fb67142
1,20260810T032815Z_3ab9f5f39b2e_stage07_b01_formal_b44e3497,formal,20260810T032815Z,3ab9f5f39b2e4d1d0479702091bed6f4699bdb94,false,stage07_b01_radartools_five_dtype_v2,03a5a9e2f6cb3af6d8b402d33c46fde5838cae300fea1ab7f1d92294a3677211,operator,pulse_compression,Task1,Step2,pulse_compression,pulse_compression__pc_int16_10e4__cf3dd95c7197904b,pc_int16_10e4,10^4,16448,"echo=[64, 256]|waveform=[64]",INT16,CPU,fft_thrust,compatibility/end-to-end,PASS,OK,20,100,86,38.41387,true,cf3dd95c7197904bf57565a093cfebcecfc6428504e29c15293c31e535cab12a,96107112969d4c5acf5024f93ac399dc452ce836b6c613adcfb7328f3fb67142
1,20260810T032815Z_3ab9f5f39b2e_stage07_b01_formal_b44e3497,formal,20260810T032815Z,3ab9f5f39b2e4d1d0479702091bed6f4699bdb94,false,stage07_b01_radartools_five_dtype_v2,03a5a9e2f6cb3af6d8b402d33c46fde5838cae300fea1ab7f1d92294a3677211,operator,pulse_compression,Task1,Step2,pulse_compression,pulse_compression__pc_int16_10e4__cf3dd95c7197904b,pc_int16_10e4,10^4,16448,"echo=[64, 256]|waveform=[64]",INT16,CPU,fft_thrust,compatibility/end-to-end,PASS,OK,20,100,87,38.444841,true,cf3dd95c7197904bf57565a093cfebcecfc6428504e29c15293c31e535cab12a,96107112969d4c5acf5024f93ac399dc452ce836b6c613adcfb7328f3fb67142
1,20260810T032815Z_3ab9f5f39b2e_stage07_b01_formal_b44e3497,formal,20260810T032815Z,3ab9f5f39b2e4d1d0479702091bed6f4699bdb94,false,stage07_b01_radartools_five_dtype_v2,03a5a9e2f6cb3af6d8b402d33c46fde5838cae300fea1ab7f1d92294a3677211,operator,pulse_compression,Task1,Step2,pulse_compression,pulse_compression__pc_int16_10e4__cf3dd95c7197904b,pc_int16_10e4,10^4,16448,"echo=[64, 256]|waveform=[64]",INT16,CPU,fft_thrust,compatibility/end-to-end,PASS,OK,20,100,88,38.394539,true,cf3dd95c7197904bf57565a093cfebcecfc6428504e29c15293c31e535cab12a,96107112969d4c5acf5024f93ac399dc452ce836b6c613adcfb7328f3fb67142
1,20260810T032815Z_3ab9f5f39b2e_stage07_b01_formal_b44e3497,formal,20260810T032815Z,3ab9f5f39b2e4d1d0479702091bed6f4699bdb94,false,stage07_b01_radartools_five_dtype_v2,03a5a9e2f6cb3af6d8b402d33c46fde5838cae300fea1ab7f1d92294a3677211,operator,pulse_compression,Task1,Step2,pulse_compression,pulse_compression__pc_int16_10e4__cf3dd95c7197904b,pc_int16_10e4,10^4,16448,"echo=[64, 256]|waveform=[64]",INT16,CPU,fft_thrust,compatibility/end-to-end,PASS,OK,20,100,89,38.42389,true,cf3dd95c7197904bf57565a093cfebcecfc6428504e29c15293c31e535cab12a,96107112969d4c5acf5024f93ac399dc452ce836b6c613adcfb7328f3fb67142
1,20260810T032815Z_3ab9f5f39b2e_stage07_b01_formal_b44e3497,formal,20260810T032815Z,3ab9f5f39b2e4d1d0479702091bed6f4699bdb94,false,stage07_b01_radartools_five_dtype_v2,03a5a9e2f6cb3af6d8b402d33c46fde5838cae300fea1ab7f1d92294a3677211,operator,pulse_compression,Task1,Step2,pulse_compression,pulse_compression__pc_int16_10e4__cf3dd95c7197904b,pc_int16_10e4,10^4,16448,"echo=[64, 256]|waveform=[64]",INT16,CPU,fft_thrust,compatibility/end-to-end,PASS,OK,20,100,90,38.488712,true,cf3dd95c7197904bf57565a093cfebcecfc6428504e29c15293c31e535cab12a,96107112969d4c5acf5024f93ac399dc452ce836b6c613adcfb7328f3fb67142
1,20260810T032815Z_3ab9f5f39b2e_stage07_b01_formal_b44e3497,formal,20260810T032815Z,3ab9f5f39b2e4d1d0479702091bed6f4699bdb94,false,stage07_b01_radartools_five_dtype_v2,03a5a9e2f6cb3af6d8b402d33c46fde5838cae300fea1ab7f1d92294a3677211,operator,pulse_compression,Task1,Step2,pulse_compression,pulse_compression__pc_int16_10e4__cf3dd95c7197904b,pc_int16_10e4,10^4,16448,"echo=[64, 256]|waveform=[64]",INT16,CPU,fft_thrust,compatibility/end-to-end,PASS,OK,20,100,91,38.466632,true,cf3dd95c7197904bf57565a093cfebcecfc6428504e29c15293c31e535cab12a,96107112969d4c5acf5024f93ac399dc452ce836b6c613adcfb7328f3fb67142
1,20260810T032815Z_3ab9f5f39b2e_stage07_b01_formal_b44e3497,formal,20260810T032815Z,3ab9f5f39b2e4d1d0479702091bed6f4699bdb94,false,stage07_b01_radartools_five_dtype_v2,03a5a9e2f6cb3af6d8b402d33c46fde5838cae300fea1ab7f1d92294a3677211,operator,pulse_compression,Task1,Step2,pulse_compression,pulse_compression__pc_int16_10e4__cf3dd95c7197904b,pc_int16_10e4,10^4,16448,"echo=[64, 256]|waveform=[64]",INT16,CPU,fft_thrust,compatibility/end-to-end,PASS,OK,20,100,92,38.443208,true,cf3dd95c7197904bf57565a093cfebcecfc6428504e29c15293c31e535cab12a,96107112969d4c5acf5024f93ac399dc452ce836b6c613adcfb7328f3fb67142
1,20260810T032815Z_3ab9f5f39b2e_stage07_b01_formal_b44e3497,formal,20260810T032815Z,3ab9f5f39b2e4d1d0479702091bed6f4699bdb94,false,stage07_b01_radartools_five_dtype_v2,03a5a9e2f6cb3af6d8b402d33c46fde5838cae300fea1ab7f1d92294a3677211,operator,pulse_compression,Task1,Step2,pulse_compression,pulse_compression__pc_int16_10e4__cf3dd95c7197904b,pc_int16_10e4,10^4,16448,"echo=[64, 256]|waveform=[64]",INT16,CPU,fft_thrust,compatibility/end-to-end,PASS,OK,20,100,93,38.46018,true,cf3dd95c7197904bf57565a093cfebcecfc6428504e29c15293c31e535cab12a,96107112969d4c5acf5024f93ac399dc452ce836b6c613adcfb7328f3fb67142
1,20260810T032815Z_3ab9f5f39b2e_stage07_b01_formal_b44e3497,formal,20260810T032815Z,3ab9f5f39b2e4d1d0479702091bed6f4699bdb94,false,stage07_b01_radartools_five_dtype_v2,03a5a9e2f6cb3af6d8b402d33c46fde5838cae300fea1ab7f1d92294a3677211,operator,pulse_compression,Task1,Step2,pulse_compression,pulse_compression__pc_int16_10e4__cf3dd95c7197904b,pc_int16_10e4,10^4,16448,"echo=[64, 256]|waveform=[64]",INT16,CPU,fft_thrust,compatibility/end-to-end,PASS,OK,20,100,94,38.47586,true,cf3dd95c7197904bf57565a093cfebcecfc6428504e29c15293c31e535cab12a,96107112969d4c5acf5024f93ac399dc452ce836b6c613adcfb7328f3fb67142
1,20260810T032815Z_3ab9f5f39b2e_stage07_b01_formal_b44e3497,formal,20260810T032815Z,3ab9f5f39b2e4d1d0479702091bed6f4699bdb94,false,stage07_b01_radartools_five_dtype_v2,03a5a9e2f6cb3af6d8b402d33c46fde5838cae300fea1ab7f1d92294a3677211,operator,pulse_compression,Task1,Step2,pulse_compression,pulse_compression__pc_int16_10e4__cf3dd95c7197904b,pc_int16_10e4,10^4,16448,"echo=[64, 256]|waveform=[64]",INT16,CPU,fft_thrust,compatibility/end-to-end,PASS,OK,20,100,95,38.529602,true,cf3dd95c7197904bf57565a093cfebcecfc6428504e29c15293c31e535cab12a,96107112969d4c5acf5024f93ac399dc452ce836b6c613adcfb7328f3fb67142
1,20260810T032815Z_3ab9f5f39b2e_stage07_b01_formal_b44e3497,formal,20260810T032815Z,3ab9f5f39b2e4d1d0479702091bed6f4699bdb94,false,stage07_b01_radartools_five_dtype_v2,03a5a9e2f6cb3af6d8b402d33c46fde5838cae300fea1ab7f1d92294a3677211,operator,pulse_compression,Task1,Step2,pulse_compression,pulse_compression__pc_int16_10e4__cf3dd95c7197904b,pc_int16_10e4,10^4,16448,"echo=[64, 256]|waveform=[64]",INT16,CPU,fft_thrust,compatibility/end-to-end,PASS,OK,20,100,96,38.481821,true,cf3dd95c7197904bf57565a093cfebcecfc6428504e29c15293c31e535cab12a,96107112969d4c5acf5024f93ac399dc452ce836b6c613adcfb7328f3fb67142
1,20260810T032815Z_3ab9f5f39b2e_stage07_b01_formal_b44e3497,formal,20260810T032815Z,3ab9f5f39b2e4d1d0479702091bed6f4699bdb94,false,stage07_b01_radartools_five_dtype_v2,03a5a9e2f6cb3af6d8b402d33c46fde5838cae300fea1ab7f1d92294a3677211,operator,pulse_compression,Task1,Step2,pulse_compression,pulse_compression__pc_int16_10e4__cf3dd95c7197904b,pc_int16_10e4,10^4,16448,"echo=[64, 256]|waveform=[64]",INT16,CPU,fft_thrust,compatibility/end-to-end,PASS,OK,20,100,97,38.476461,true,cf3dd95c7197904bf57565a093cfebcecfc6428504e29c15293c31e535cab12a,96107112969d4c5acf5024f93ac399dc452ce836b6c613adcfb7328f3fb67142
1,20260810T032815Z_3ab9f5f39b2e_stage07_b01_formal_b44e3497,formal,20260810T032815Z,3ab9f5f39b2e4d1d0479702091bed6f4699bdb94,false,stage07_b01_radartools_five_dtype_v2,03a5a9e2f6cb3af6d8b402d33c46fde5838cae300fea1ab7f1d92294a3677211,operator,pulse_compression,Task1,Step2,pulse_compression,pulse_compression__pc_int16_10e4__cf3dd95c7197904b,pc_int16_10e4,10^4,16448,"echo=[64, 256]|waveform=[64]",INT16,CPU,fft_thrust,compatibility/end-to-end,PASS,OK,20,100,98,38.472319,true,cf3dd95c7197904bf57565a093cfebcecfc6428504e29c15293c31e535cab12a,96107112969d4c5acf5024f93ac399dc452ce836b6c613adcfb7328f3fb67142
1,20260810T032815Z_3ab9f5f39b2e_stage07_b01_formal_b44e3497,formal,20260810T032815Z,3ab9f5f39b2e4d1d0479702091bed6f4699bdb94,false,stage07_b01_radartools_five_dtype_v2,03a5a9e2f6cb3af6d8b402d33c46fde5838cae300fea1ab7f1d92294a3677211,operator,pulse_compression,Task1,Step2,pulse_compression,pulse_compression__pc_int16_10e4__cf3dd95c7197904b,pc_int16_10e4,10^4,16448,"echo=[64, 256]|waveform=[64]",INT16,CPU,fft_thrust,compatibility/end-to-end,PASS,OK,20,100,99,38.487361,true,cf3dd95c7197904bf57565a093cfebcecfc6428504e29c15293c31e535cab12a,96107112969d4c5acf5024f93ac399dc452ce836b6c613adcfb7328f3fb67142
1,20260810T032815Z_3ab9f5f39b2e_stage07_b01_formal_b44e3497,formal,20260810T032815Z,3ab9f5f39b2e4d1d0479702091bed6f4699bdb94,false,stage07_b01_radartools_five_dtype_v2,03a5a9e2f6cb3af6d8b402d33c46fde5838cae300fea1ab7f1d92294a3677211,operator,pulse_compression,Task1,Step2,pulse_compression,pulse_compression__pc_int16_10e4__cf3dd95c7197904b,pc_int16_10e4,10^4,16448,"echo=[64, 256]|waveform=[64]",INT16,GPU,fft_thrust,compatibility/end-to-end,PASS,OK,20,100,0,6.239857,true,cf3dd95c7197904bf57565a093cfebcecfc6428504e29c15293c31e535cab12a,da4155885ccf78bae07432482f0d60c1b81897866f5813b58017daf920d34271
1,20260810T032815Z_3ab9f5f39b2e_stage07_b01_formal_b44e3497,formal,20260810T032815Z,3ab9f5f39b2e4d1d0479702091bed6f4699bdb94,false,stage07_b01_radartools_five_dtype_v2,03a5a9e2f6cb3af6d8b402d33c46fde5838cae300fea1ab7f1d92294a3677211,operator,pulse_compression,Task1,Step2,pulse_compression,pulse_compression__pc_int16_10e4__cf3dd95c7197904b,pc_int16_10e4,10^4,16448,"echo=[64, 256]|waveform=[64]",INT16,GPU,fft_thrust,compatibility/end-to-end,PASS,OK,20,100,1,6.309528,true,cf3dd95c7197904bf57565a093cfebcecfc6428504e29c15293c31e535cab12a,da4155885ccf78bae07432482f0d60c1b81897866f5813b58017daf920d34271
1,20260810T032815Z_3ab9f5f39b2e_stage07_b01_formal_b44e3497,formal,20260810T032815Z,3ab9f5f39b2e4d1d0479702091bed6f4699bdb94,false,stage07_b01_radartools_five_dtype_v2,03a5a9e2f6cb3af6d8b402d33c46fde5838cae300fea1ab7f1d92294a3677211,operator,pulse_compression,Task1,Step2,pulse_compression,pulse_compression__pc_int16_10e4__cf3dd95c7197904b,pc_int16_10e4,10^4,16448,"echo=[64, 256]|waveform=[64]",INT16,GPU,fft_thrust,compatibility/end-to-end,PASS,OK,20,100,2,6.262086,true,cf3dd95c7197904bf57565a093cfebcecfc6428504e29c15293c31e535cab12a,da4155885ccf78bae07432482f0d60c1b81897866f5813b58017daf920d34271
1,20260810T032815Z_3ab9f5f39b2e_stage07_b01_formal_b44e3497,formal,20260810T032815Z,3ab9f5f39b2e4d1d0479702091bed6f4699bdb94,false,stage07_b01_radartools_five_dtype_v2,03a5a9e2f6cb3af6d8b402d33c46fde5838cae300fea1ab7f1d92294a3677211,operator,pulse_compression,Task1,Step2,pulse_compression,pulse_compression__pc_int16_10e4__cf3dd95c7197904b,pc_int16_10e4,10^4,16448,"echo=[64, 256]|waveform=[64]",INT16,GPU,fft_thrust,compatibility/end-to-end,PASS,OK,20,100,3,7.021752,true,cf3dd95c7197904bf57565a093cfebcecfc6428504e29c15293c31e535cab12a,da4155885ccf78bae07432482f0d60c1b81897866f5813b58017daf920d34271
1,20260810T032815Z_3ab9f5f39b2e_stage07_b01_formal_b44e3497,formal,20260810T032815Z,3ab9f5f39b2e4d1d0479702091bed6f4699bdb94,false,stage07_b01_radartools_five_dtype_v2,03a5a9e2f6cb3af6d8b402d33c46fde5838cae300fea1ab7f1d92294a3677211,operator,pulse_compression,Task1,Step2,pulse_compression,pulse_compression__pc_int16_10e4__cf3dd95c7197904b,pc_int16_10e4,10^4,16448,"echo=[64, 256]|waveform=[64]",INT16,GPU,fft_thrust,compatibility/end-to-end,PASS,OK,20,100,4,7.047813,true,cf3dd95c7197904bf57565a093cfebcecfc6428504e29c15293c31e535cab12a,da4155885ccf78bae07432482f0d60c1b81897866f5813b58017daf920d34271
1,20260810T032815Z_3ab9f5f39b2e_stage07_b01_formal_b44e3497,formal,20260810T032815Z,3ab9f5f39b2e4d1d0479702091bed6f4699bdb94,false,stage07_b01_radartools_five_dtype_v2,03a5a9e2f6cb3af6d8b402d33c46fde5838cae300fea1ab7f1d92294a3677211,operator,pulse_compression,Task1,Step2,pulse_compression,pulse_compression__pc_int16_10e4__cf3dd95c7197904b,pc_int16_10e4,10^4,16448,"echo=[64, 256]|waveform=[64]",INT16,GPU,fft_thrust,compatibility/end-to-end,PASS,OK,20,100,5,7.033993,true,cf3dd95c7197904bf57565a093cfebcecfc6428504e29c15293c31e535cab12a,da4155885ccf78bae07432482f0d60c1b81897866f5813b58017daf920d34271
1,20260810T032815Z_3ab9f5f39b2e_stage07_b01_formal_b44e3497,formal,20260810T032815Z,3ab9f5f39b2e4d1d0479702091bed6f4699bdb94,false,stage07_b01_radartools_five_dtype_v2,03a5a9e2f6cb3af6d8b402d33c46fde5838cae300fea1ab7f1d92294a3677211,operator,pulse_compression,Task1,Step2,pulse_compression,pulse_compression__pc_int16_10e4__cf3dd95c7197904b,pc_int16_10e4,10^4,16448,"echo=[64, 256]|waveform=[64]",INT16,GPU,fft_thrust,compatibility/end-to-end,PASS,OK,20,100,6,6.995881,true,cf3dd95c7197904bf57565a093cfebcecfc6428504e29c15293c31e535cab12a,da4155885ccf78bae07432482f0d60c1b81897866f5813b58017daf920d34271
1,20260810T032815Z_3ab9f5f39b2e_stage07_b01_formal_b44e3497,formal,20260810T032815Z,3ab9f5f39b2e4d1d0479702091bed6f4699bdb94,false,stage07_b01_radartools_five_dtype_v2,03a5a9e2f6cb3af6d8b402d33c46fde5838cae300fea1ab7f1d92294a3677211,operator,pulse_compression,Task1,Step2,pulse_compression,pulse_compression__pc_int16_10e4__cf3dd95c7197904b,pc_int16_10e4,10^4,16448,"echo=[64, 256]|waveform=[64]",INT16,GPU,fft_thrust,compatibility/end-to-end,PASS,OK,20,100,7,6.98677,true,cf3dd95c7197904bf57565a093cfebcecfc6428504e29c15293c31e535cab12a,da4155885ccf78bae07432482f0d60c1b81897866f5813b58017daf920d34271
1,20260810T032815Z_3ab9f5f39b2e_stage07_b01_formal_b44e3497,formal,20260810T032815Z,3ab9f5f39b2e4d1d0479702091bed6f4699bdb94,false,stage07_b01_radartools_five_dtype_v2,03a5a9e2f6cb3af6d8b402d33c46fde5838cae300fea1ab7f1d92294a3677211,operator,pulse_compression,Task1,Step2,pulse_compression,pulse_compression__pc_int16_10e4__cf3dd95c7197904b,pc_int16_10e4,10^4,16448,"echo=[64, 256]|waveform=[64]",INT16,GPU,fft_thrust,compatibility/end-to-end,PASS,OK,20,100,8,7.846669,true,cf3dd95c7197904bf57565a093cfebcecfc6428504e29c15293c31e535cab12a,da4155885ccf78bae07432482f0d60c1b81897866f5813b58017daf920d34271
1,20260810T032815Z_3ab9f5f39b2e_stage07_b01_formal_b44e3497,formal,20260810T032815Z,3ab9f5f39b2e4d1d0479702091bed6f4699bdb94,false,stage07_b01_radartools_five_dtype_v2,03a5a9e2f6cb3af6d8b402d33c46fde5838cae300fea1ab7f1d92294a3677211,operator,pulse_compression,Task1,Step2,pulse_compression,pulse_compression__pc_int16_10e4__cf3dd95c7197904b,pc_int16_10e4,10^4,16448,"echo=[64, 256]|waveform=[64]",INT16,GPU,fft_thrust,compatibility/end-to-end,PASS,OK,20,100,9,6.384571,true,cf3dd95c7197904bf57565a093cfebcecfc6428504e29c15293c31e535cab12a,da4155885ccf78bae07432482f0d60c1b81897866f5813b58017daf920d34271
1,20260810T032815Z_3ab9f5f39b2e_stage07_b01_formal_b44e3497,formal,20260810T032815Z,3ab9f5f39b2e4d1d0479702091bed6f4699bdb94,false,stage07_b01_radartools_five_dtype_v2,03a5a9e2f6cb3af6d8b402d33c46fde5838cae300fea1ab7f1d92294a3677211,operator,pulse_compression,Task1,Step2,pulse_compression,pulse_compression__pc_int16_10e4__cf3dd95c7197904b,pc_int16_10e4,10^4,16448,"echo=[64, 256]|waveform=[64]",INT16,GPU,fft_thrust,compatibility/end-to-end,PASS,OK,20,100,10,6.398511,true,cf3dd95c7197904bf57565a093cfebcecfc6428504e29c15293c31e535cab12a,da4155885ccf78bae07432482f0d60c1b81897866f5813b58017daf920d34271
1,20260810T032815Z_3ab9f5f39b2e_stage07_b01_formal_b44e3497,formal,20260810T032815Z,3ab9f5f39b2e4d1d0479702091bed6f4699bdb94,false,stage07_b01_radartools_five_dtype_v2,03a5a9e2f6cb3af6d8b402d33c46fde5838cae300fea1ab7f1d92294a3677211,operator,pulse_compression,Task1,Step2,pulse_compression,pulse_compression__pc_int16_10e4__cf3dd95c7197904b,pc_int16_10e4,10^4,16448,"echo=[64, 256]|waveform=[64]",INT16,GPU,fft_thrust,compatibility/end-to-end,PASS,OK,20,100,11,7.109124,true,cf3dd95c7197904bf57565a093cfebcecfc6428504e29c15293c31e535cab12a,da4155885ccf78bae07432482f0d60c1b81897866f5813b58017daf920d34271
1,20260810T032815Z_3ab9f5f39b2e_stage07_b01_formal_b44e3497,formal,20260810T032815Z,3ab9f5f39b2e4d1d0479702091bed6f4699bdb94,false,stage07_b01_radartools_five_dtype_v2,03a5a9e2f6cb3af6d8b402d33c46fde5838cae300fea1ab7f1d92294a3677211,operator,pulse_compression,Task1,Step2,pulse_compression,pulse_compression__pc_int16_10e4__cf3dd95c7197904b,pc_int16_10e4,10^4,16448,"echo=[64, 256]|waveform=[64]",INT16,GPU,fft_thrust,compatibility/end-to-end,PASS,OK,20,100,12,6.36334,true,cf3dd95c7197904bf57565a093cfebcecfc6428504e29c15293c31e535cab12a,da4155885ccf78bae07432482f0d60c1b81897866f5813b58017daf920d34271
1,20260810T032815Z_3ab9f5f39b2e_stage07_b01_formal_b44e3497,formal,20260810T032815Z,3ab9f5f39b2e4d1d0479702091bed6f4699bdb94,false,stage07_b01_radartools_five_dtype_v2,03a5a9e2f6cb3af6d8b402d33c46fde5838cae300fea1ab7f1d92294a3677211,operator,pulse_compression,Task1,Step2,pulse_compression,pulse_compression__pc_int16_10e4__cf3dd95c7197904b,pc_int16_10e4,10^4,16448,"echo=[64, 256]|waveform=[64]",INT16,GPU,fft_thrust,compatibility/end-to-end,PASS,OK,20,100,13,6.379381,true,cf3dd95c7197904bf57565a093cfebcecfc6428504e29c15293c31e535cab12a,da4155885ccf78bae07432482f0d60c1b81897866f5813b58017daf920d34271
1,20260810T032815Z_3ab9f5f39b2e_stage07_b01_formal_b44e3497,formal,20260810T032815Z,3ab9f5f39b2e4d1d0479702091bed6f4699bdb94,false,stage07_b01_radartools_five_dtype_v2,03a5a9e2f6cb3af6d8b402d33c46fde5838cae300fea1ab7f1d92294a3677211,operator,pulse_compression,Task1,Step2,pulse_compression,pulse_compression__pc_int16_10e4__cf3dd95c7197904b,pc_int16_10e4,10^4,16448,"echo=[64, 256]|waveform=[64]",INT16,GPU,fft_thrust,compatibility/end-to-end,PASS,OK,20,100,14,6.36684,true,cf3dd95c7197904bf57565a093cfebcecfc6428504e29c15293c31e535cab12a,da4155885ccf78bae07432482f0d60c1b81897866f5813b58017daf920d34271
1,20260810T032815Z_3ab9f5f39b2e_stage07_b01_formal_b44e3497,formal,20260810T032815Z,3ab9f5f39b2e4d1d0479702091bed6f4699bdb94,false,stage07_b01_radartools_five_dtype_v2,03a5a9e2f6cb3af6d8b402d33c46fde5838cae300fea1ab7f1d92294a3677211,operator,pulse_compression,Task1,Step2,pulse_compression,pulse_compression__pc_int16_10e4__cf3dd95c7197904b,pc_int16_10e4,10^4,16448,"echo=[64, 256]|waveform=[64]",INT16,GPU,fft_thrust,compatibility/end-to-end,PASS,OK,20,100,15,6.36308,true,cf3dd95c7197904bf57565a093cfebcecfc6428504e29c15293c31e535cab12a,da4155885ccf78bae07432482f0d60c1b81897866f5813b58017daf920d34271
1,20260810T032815Z_3ab9f5f39b2e_stage07_b01_formal_b44e3497,formal,20260810T032815Z,3ab9f5f39b2e4d1d0479702091bed6f4699bdb94,false,stage07_b01_radartools_five_dtype_v2,03a5a9e2f6cb3af6d8b402d33c46fde5838cae300fea1ab7f1d92294a3677211,operator,pulse_compression,Task1,Step2,pulse_compression,pulse_compression__pc_int16_10e4__cf3dd95c7197904b,pc_int16_10e4,10^4,16448,"echo=[64, 256]|waveform=[64]",INT16,GPU,fft_thrust,compatibility/end-to-end,PASS,OK,20,100,16,7.105214,true,cf3dd95c7197904bf57565a093cfebcecfc6428504e29c15293c31e535cab12a,da4155885ccf78bae07432482f0d60c1b81897866f5813b58017daf920d34271
1,20260810T032815Z_3ab9f5f39b2e_stage07_b01_formal_b44e3497,formal,20260810T032815Z,3ab9f5f39b2e4d1d0479702091bed6f4699bdb94,false,stage07_b01_radartools_five_dtype_v2,03a5a9e2f6cb3af6d8b402d33c46fde5838cae300fea1ab7f1d92294a3677211,operator,pulse_compression,Task1,Step2,pulse_compression,pulse_compression__pc_int16_10e4__cf3dd95c7197904b,pc_int16_10e4,10^4,16448,"echo=[64, 256]|waveform=[64]",INT16,GPU,fft_thrust,compatibility/end-to-end,PASS,OK,20,100,17,6.375131,true,cf3dd95c7197904bf57565a093cfebcecfc6428504e29c15293c31e535cab12a,da4155885ccf78bae07432482f0d60c1b81897866f5813b58017daf920d34271
1,20260810T032815Z_3ab9f5f39b2e_stage07_b01_formal_b44e3497,formal,20260810T032815Z,3ab9f5f39b2e4d1d0479702091bed6f4699bdb94,false,stage07_b01_radartools_five_dtype_v2,03a5a9e2f6cb3af6d8b402d33c46fde5838cae300fea1ab7f1d92294a3677211,operator,pulse_compression,Task1,Step2,pulse_compression,pulse_compression__pc_int16_10e4__cf3dd95c7197904b,pc_int16_10e4,10^4,16448,"echo=[64, 256]|waveform=[64]",INT16,GPU,fft_thrust,compatibility/end-to-end,PASS,OK,20,100,18,7.056953,true,cf3dd95c7197904bf57565a093cfebcecfc6428504e29c15293c31e535cab12a,da4155885ccf78bae07432482f0d60c1b81897866f5813b58017daf920d34271
1,20260810T032815Z_3ab9f5f39b2e_stage07_b01_formal_b44e3497,formal,20260810T032815Z,3ab9f5f39b2e4d1d0479702091bed6f4699bdb94,false,stage07_b01_radartools_five_dtype_v2,03a5a9e2f6cb3af6d8b402d33c46fde5838cae300fea1ab7f1d92294a3677211,operator,pulse_compression,Task1,Step2,pulse_compression,pulse_compression__pc_int16_10e4__cf3dd95c7197904b,pc_int16_10e4,10^4,16448,"echo=[64, 256]|waveform=[64]",INT16,GPU,fft_thrust,compatibility/end-to-end,PASS,OK,20,100,19,6.429903,true,cf3dd95c7197904bf57565a093cfebcecfc6428504e29c15293c31e535cab12a,da4155885ccf78bae07432482f0d60c1b81897866f5813b58017daf920d34271
1,20260810T032815Z_3ab9f5f39b2e_stage07_b01_formal_b44e3497,formal,20260810T032815Z,3ab9f5f39b2e4d1d0479702091bed6f4699bdb94,false,stage07_b01_radartools_five_dtype_v2,03a5a9e2f6cb3af6d8b402d33c46fde5838cae300fea1ab7f1d92294a3677211,operator,pulse_compression,Task1,Step2,pulse_compression,pulse_compression__pc_int16_10e4__cf3dd95c7197904b,pc_int16_10e4,10^4,16448,"echo=[64, 256]|waveform=[64]",INT16,GPU,fft_thrust,compatibility/end-to-end,PASS,OK,20,100,20,6.37734,true,cf3dd95c7197904bf57565a093cfebcecfc6428504e29c15293c31e535cab12a,da4155885ccf78bae07432482f0d60c1b81897866f5813b58017daf920d34271
1,20260810T032815Z_3ab9f5f39b2e_stage07_b01_formal_b44e3497,formal,20260810T032815Z,3ab9f5f39b2e4d1d0479702091bed6f4699bdb94,false,stage07_b01_radartools_five_dtype_v2,03a5a9e2f6cb3af6d8b402d33c46fde5838cae300fea1ab7f1d92294a3677211,operator,pulse_compression,Task1,Step2,pulse_compression,pulse_compression__pc_int16_10e4__cf3dd95c7197904b,pc_int16_10e4,10^4,16448,"echo=[64, 256]|waveform=[64]",INT16,GPU,fft_thrust,compatibility/end-to-end,PASS,OK,20,100,21,6.338799,true,cf3dd95c7197904bf57565a093cfebcecfc6428504e29c15293c31e535cab12a,da4155885ccf78bae07432482f0d60c1b81897866f5813b58017daf920d34271
1,20260810T032815Z_3ab9f5f39b2e_stage07_b01_formal_b44e3497,formal,20260810T032815Z,3ab9f5f39b2e4d1d0479702091bed6f4699bdb94,false,stage07_b01_radartools_five_dtype_v2,03a5a9e2f6cb3af6d8b402d33c46fde5838cae300fea1ab7f1d92294a3677211,operator,pulse_compression,Task1,Step2,pulse_compression,pulse_compression__pc_int16_10e4__cf3dd95c7197904b,pc_int16_10e4,10^4,16448,"echo=[64, 256]|waveform=[64]",INT16,GPU,fft_thrust,compatibility/end-to-end,PASS,OK,20,100,22,6.36172,true,cf3dd95c7197904bf57565a093cfebcecfc6428504e29c15293c31e535cab12a,da4155885ccf78bae07432482f0d60c1b81897866f5813b58017daf920d34271
1,20260810T032815Z_3ab9f5f39b2e_stage07_b01_formal_b44e3497,formal,20260810T032815Z,3ab9f5f39b2e4d1d0479702091bed6f4699bdb94,false,stage07_b01_radartools_five_dtype_v2,03a5a9e2f6cb3af6d8b402d33c46fde5838cae300fea1ab7f1d92294a3677211,operator,pulse_compression,Task1,Step2,pulse_compression,pulse_compression__pc_int16_10e4__cf3dd95c7197904b,pc_int16_10e4,10^4,16448,"echo=[64, 256]|waveform=[64]",INT16,GPU,fft_thrust,compatibility/end-to-end,PASS,OK,20,100,23,6.34593,true,cf3dd95c7197904bf57565a093cfebcecfc6428504e29c15293c31e535cab12a,da4155885ccf78bae07432482f0d60c1b81897866f5813b58017daf920d34271
1,20260810T032815Z_3ab9f5f39b2e_stage07_b01_formal_b44e3497,formal,20260810T032815Z,3ab9f5f39b2e4d1d0479702091bed6f4699bdb94,false,stage07_b01_radartools_five_dtype_v2,03a5a9e2f6cb3af6d8b402d33c46fde5838cae300fea1ab7f1d92294a3677211,operator,pulse_compression,Task1,Step2,pulse_compression,pulse_compression__pc_int16_10e4__cf3dd95c7197904b,pc_int16_10e4,10^4,16448,"echo=[64, 256]|waveform=[64]",INT16,GPU,fft_thrust,compatibility/end-to-end,PASS,OK,20,100,24,7.091934,true,cf3dd95c7197904bf57565a093cfebcecfc6428504e29c15293c31e535cab12a,da4155885ccf78bae07432482f0d60c1b81897866f5813b58017daf920d34271
1,20260810T032815Z_3ab9f5f39b2e_stage07_b01_formal_b44e3497,formal,20260810T032815Z,3ab9f5f39b2e4d1d0479702091bed6f4699bdb94,false,stage07_b01_radartools_five_dtype_v2,03a5a9e2f6cb3af6d8b402d33c46fde5838cae300fea1ab7f1d92294a3677211,operator,pulse_compression,Task1,Step2,pulse_compression,pulse_compression__pc_int16_10e4__cf3dd95c7197904b,pc_int16_10e4,10^4,16448,"echo=[64, 256]|waveform=[64]",INT16,GPU,fft_thrust,compatibility/end-to-end,PASS,OK,20,100,25,7.102344,true,cf3dd95c7197904bf57565a093cfebcecfc6428504e29c15293c31e535cab12a,da4155885ccf78bae07432482f0d60c1b81897866f5813b58017daf920d34271
1,20260810T032815Z_3ab9f5f39b2e_stage07_b01_formal_b44e3497,formal,20260810T032815Z,3ab9f5f39b2e4d1d0479702091bed6f4699bdb94,false,stage07_b01_radartools_five_dtype_v2,03a5a9e2f6cb3af6d8b402d33c46fde5838cae300fea1ab7f1d92294a3677211,operator,pulse_compression,Task1,Step2,pulse_compression,pulse_compression__pc_int16_10e4__cf3dd95c7197904b,pc_int16_10e4,10^4,16448,"echo=[64, 256]|waveform=[64]",INT16,GPU,fft_thrust,compatibility/end-to-end,PASS,OK,20,100,26,6.362701,true,cf3dd95c7197904bf57565a093cfebcecfc6428504e29c15293c31e535cab12a,da4155885ccf78bae07432482f0d60c1b81897866f5813b58017daf920d34271
1,20260810T032815Z_3ab9f5f39b2e_stage07_b01_formal_b44e3497,formal,20260810T032815Z,3ab9f5f39b2e4d1d0479702091bed6f4699bdb94,false,stage07_b01_radartools_five_dtype_v2,03a5a9e2f6cb3af6d8b402d33c46fde5838cae300fea1ab7f1d92294a3677211,operator,pulse_compression,Task1,Step2,pulse_compression,pulse_compression__pc_int16_10e4__cf3dd95c7197904b,pc_int16_10e4,10^4,16448,"echo=[64, 256]|waveform=[64]",INT16,GPU,fft_thrust,compatibility/end-to-end,PASS,OK,20,100,27,6.37584,true,cf3dd95c7197904bf57565a093cfebcecfc6428504e29c15293c31e535cab12a,da4155885ccf78bae07432482f0d60c1b81897866f5813b58017daf920d34271
1,20260810T032815Z_3ab9f5f39b2e_stage07_b01_formal_b44e3497,formal,20260810T032815Z,3ab9f5f39b2e4d1d0479702091bed6f4699bdb94,false,stage07_b01_radartools_five_dtype_v2,03a5a9e2f6cb3af6d8b402d33c46fde5838cae300fea1ab7f1d92294a3677211,operator,pulse_compression,Task1,Step2,pulse_compression,pulse_compression__pc_int16_10e4__cf3dd95c7197904b,pc_int16_10e4,10^4,16448,"echo=[64, 256]|waveform=[64]",INT16,GPU,fft_thrust,compatibility/end-to-end,PASS,OK,20,100,28,6.35795,true,cf3dd95c7197904bf57565a093cfebcecfc6428504e29c15293c31e535cab12a,da4155885ccf78bae07432482f0d60c1b81897866f5813b58017daf920d34271
1,20260810T032815Z_3ab9f5f39b2e_stage07_b01_formal_b44e3497,formal,20260810T032815Z,3ab9f5f39b2e4d1d0479702091bed6f4699bdb94,false,stage07_b01_radartools_five_dtype_v2,03a5a9e2f6cb3af6d8b402d33c46fde5838cae300fea1ab7f1d92294a3677211,operator,pulse_compression,Task1,Step2,pulse_compression,pulse_compression__pc_int16_10e4__cf3dd95c7197904b,pc_int16_10e4,10^4,16448,"echo=[64, 256]|waveform=[64]",INT16,GPU,fft_thrust,compatibility/end-to-end,PASS,OK,20,100,29,6.367561,true,cf3dd95c7197904bf57565a093cfebcecfc6428504e29c15293c31e535cab12a,da4155885ccf78bae07432482f0d60c1b81897866f5813b58017daf920d34271
1,20260810T032815Z_3ab9f5f39b2e_stage07_b01_formal_b44e3497,formal,20260810T032815Z,3ab9f5f39b2e4d1d0479702091bed6f4699bdb94,false,stage07_b01_radartools_five_dtype_v2,03a5a9e2f6cb3af6d8b402d33c46fde5838cae300fea1ab7f1d92294a3677211,operator,pulse_compression,Task1,Step2,pulse_compression,pulse_compression__pc_int16_10e4__cf3dd95c7197904b,pc_int16_10e4,10^4,16448,"echo=[64, 256]|waveform=[64]",INT16,GPU,fft_thrust,compatibility/end-to-end,PASS,OK,20,100,30,6.363769,true,cf3dd95c7197904bf57565a093cfebcecfc6428504e29c15293c31e535cab12a,da4155885ccf78bae07432482f0d60c1b81897866f5813b58017daf920d34271
1,20260810T032815Z_3ab9f5f39b2e_stage07_b01_formal_b44e3497,formal,20260810T032815Z,3ab9f5f39b2e4d1d0479702091bed6f4699bdb94,false,stage07_b01_radartools_five_dtype_v2,03a5a9e2f6cb3af6d8b402d33c46fde5838cae300fea1ab7f1d92294a3677211,operator,pulse_compression,Task1,Step2,pulse_compression,pulse_compression__pc_int16_10e4__cf3dd95c7197904b,pc_int16_10e4,10^4,16448,"echo=[64, 256]|waveform=[64]",INT16,GPU,fft_thrust,compatibility/end-to-end,PASS,OK,20,100,31,6.34185,true,cf3dd95c7197904bf57565a093cfebcecfc6428504e29c15293c31e535cab12a,da4155885ccf78bae07432482f0d60c1b81897866f5813b58017daf920d34271
1,20260810T032815Z_3ab9f5f39b2e_stage07_b01_formal_b44e3497,formal,20260810T032815Z,3ab9f5f39b2e4d1d0479702091bed6f4699bdb94,false,stage07_b01_radartools_five_dtype_v2,03a5a9e2f6cb3af6d8b402d33c46fde5838cae300fea1ab7f1d92294a3677211,operator,pulse_compression,Task1,Step2,pulse_compression,pulse_compression__pc_int16_10e4__cf3dd95c7197904b,pc_int16_10e4,10^4,16448,"echo=[64, 256]|waveform=[64]",INT16,GPU,fft_thrust,compatibility/end-to-end,PASS,OK,20,100,32,6.35235,true,cf3dd95c7197904bf57565a093cfebcecfc6428504e29c15293c31e535cab12a,da4155885ccf78bae07432482f0d60c1b81897866f5813b58017daf920d34271
1,20260810T032815Z_3ab9f5f39b2e_stage07_b01_formal_b44e3497,formal,20260810T032815Z,3ab9f5f39b2e4d1d0479702091bed6f4699bdb94,false,stage07_b01_radartools_five_dtype_v2,03a5a9e2f6cb3af6d8b402d33c46fde5838cae300fea1ab7f1d92294a3677211,operator,pulse_compression,Task1,Step2,pulse_compression,pulse_compression__pc_int16_10e4__cf3dd95c7197904b,pc_int16_10e4,10^4,16448,"echo=[64, 256]|waveform=[64]",INT16,GPU,fft_thrust,compatibility/end-to-end,PASS,OK,20,100,33,3.138513,true,cf3dd95c7197904bf57565a093cfebcecfc6428504e29c15293c31e535cab12a,da4155885ccf78bae07432482f0d60c1b81897866f5813b58017daf920d34271
1,20260810T032815Z_3ab9f5f39b2e_stage07_b01_formal_b44e3497,formal,20260810T032815Z,3ab9f5f39b2e4d1d0479702091bed6f4699bdb94,false,stage07_b01_radartools_five_dtype_v2,03a5a9e2f6cb3af6d8b402d33c46fde5838cae300fea1ab7f1d92294a3677211,operator,pulse_compression,Task1,Step2,pulse_compression,pulse_compression__pc_int16_10e4__cf3dd95c7197904b,pc_int16_10e4,10^4,16448,"echo=[64, 256]|waveform=[64]",INT16,GPU,fft_thrust,compatibility/end-to-end,PASS,OK,20,100,34,7.023852,true,cf3dd95c7197904bf57565a093cfebcecfc6428504e29c15293c31e535cab12a,da4155885ccf78bae07432482f0d60c1b81897866f5813b58017daf920d34271
1,20260810T032815Z_3ab9f5f39b2e_stage07_b01_formal_b44e3497,formal,20260810T032815Z,3ab9f5f39b2e4d1d0479702091bed6f4699bdb94,false,stage07_b01_radartools_five_dtype_v2,03a5a9e2f6cb3af6d8b402d33c46fde5838cae300fea1ab7f1d92294a3677211,operator,pulse_compression,Task1,Step2,pulse_compression,pulse_compression__pc_int16_10e4__cf3dd95c7197904b,pc_int16_10e4,10^4,16448,"echo=[64, 256]|waveform=[64]",INT16,GPU,fft_thrust,compatibility/end-to-end,PASS,OK,20,100,35,6.297818,true,cf3dd95c7197904bf57565a093cfebcecfc6428504e29c15293c31e535cab12a,da4155885ccf78bae07432482f0d60c1b81897866f5813b58017daf920d34271
1,20260810T032815Z_3ab9f5f39b2e_stage07_b01_formal_b44e3497,formal,20260810T032815Z,3ab9f5f39b2e4d1d0479702091bed6f4699bdb94,false,stage07_b01_radartools_five_dtype_v2,03a5a9e2f6cb3af6d8b402d33c46fde5838cae300fea1ab7f1d92294a3677211,operator,pulse_compression,Task1,Step2,pulse_compression,pulse_compression__pc_int16_10e4__cf3dd95c7197904b,pc_int16_10e4,10^4,16448,"echo=[64, 256]|waveform=[64]",INT16,GPU,fft_thrust,compatibility/end-to-end,PASS,OK,20,100,36,7.018502,true,cf3dd95c7197904bf57565a093cfebcecfc6428504e29c15293c31e535cab12a,da4155885ccf78bae07432482f0d60c1b81897866f5813b58017daf920d34271
1,20260810T032815Z_3ab9f5f39b2e_stage07_b01_formal_b44e3497,formal,20260810T032815Z,3ab9f5f39b2e4d1d0479702091bed6f4699bdb94,false,stage07_b01_radartools_five_dtype_v2,03a5a9e2f6cb3af6d8b402d33c46fde5838cae300fea1ab7f1d92294a3677211,operator,pulse_compression,Task1,Step2,pulse_compression,pulse_compression__pc_int16_10e4__cf3dd95c7197904b,pc_int16_10e4,10^4,16448,"echo=[64, 256]|waveform=[64]",INT16,GPU,fft_thrust,compatibility/end-to-end,PASS,OK,20,100,37,6.295848,true,cf3dd95c7197904bf57565a093cfebcecfc6428504e29c15293c31e535cab12a,da4155885ccf78bae07432482f0d60c1b81897866f5813b58017daf920d34271
1,20260810T032815Z_3ab9f5f39b2e_stage07_b01_formal_b44e3497,formal,20260810T032815Z,3ab9f5f39b2e4d1d0479702091bed6f4699bdb94,false,stage07_b01_radartools_five_dtype_v2,03a5a9e2f6cb3af6d8b402d33c46fde5838cae300fea1ab7f1d92294a3677211,operator,pulse_compression,Task1,Step2,pulse_compression,pulse_compression__pc_int16_10e4__cf3dd95c7197904b,pc_int16_10e4,10^4,16448,"echo=[64, 256]|waveform=[64]",INT16,GPU,fft_thrust,compatibility/end-to-end,PASS,OK,20,100,38,6.273697,true,cf3dd95c7197904bf57565a093cfebcecfc6428504e29c15293c31e535cab12a,da4155885ccf78bae07432482f0d60c1b81897866f5813b58017daf920d34271
1,20260810T032815Z_3ab9f5f39b2e_stage07_b01_formal_b44e3497,formal,20260810T032815Z,3ab9f5f39b2e4d1d0479702091bed6f4699bdb94,false,stage07_b01_radartools_five_dtype_v2,03a5a9e2f6cb3af6d8b402d33c46fde5838cae300fea1ab7f1d92294a3677211,operator,pulse_compression,Task1,Step2,pulse_compression,pulse_compression__pc_int16_10e4__cf3dd95c7197904b,pc_int16_10e4,10^4,16448,"echo=[64, 256]|waveform=[64]",INT16,GPU,fft_thrust,compatibility/end-to-end,PASS,OK,20,100,39,6.284407,true,cf3dd95c7197904bf57565a093cfebcecfc6428504e29c15293c31e535cab12a,da4155885ccf78bae07432482f0d60c1b81897866f5813b58017daf920d34271
1,20260810T032815Z_3ab9f5f39b2e_stage07_b01_formal_b44e3497,formal,20260810T032815Z,3ab9f5f39b2e4d1d0479702091bed6f4699bdb94,false,stage07_b01_radartools_five_dtype_v2,03a5a9e2f6cb3af6d8b402d33c46fde5838cae300fea1ab7f1d92294a3677211,operator,pulse_compression,Task1,Step2,pulse_compression,pulse_compression__pc_int16_10e4__cf3dd95c7197904b,pc_int16_10e4,10^4,16448,"echo=[64, 256]|waveform=[64]",INT16,GPU,fft_thrust,compatibility/end-to-end,PASS,OK,20,100,40,6.271337,true,cf3dd95c7197904bf57565a093cfebcecfc6428504e29c15293c31e535cab12a,da4155885ccf78bae07432482f0d60c1b81897866f5813b58017daf920d34271
1,20260810T032815Z_3ab9f5f39b2e_stage07_b01_formal_b44e3497,formal,20260810T032815Z,3ab9f5f39b2e4d1d0479702091bed6f4699bdb94,false,stage07_b01_radartools_five_dtype_v2,03a5a9e2f6cb3af6d8b402d33c46fde5838cae300fea1ab7f1d92294a3677211,operator,pulse_compression,Task1,Step2,pulse_compression,pulse_compression__pc_int16_10e4__cf3dd95c7197904b,pc_int16_10e4,10^4,16448,"echo=[64, 256]|waveform=[64]",INT16,GPU,fft_thrust,compatibility/end-to-end,PASS,OK,20,100,41,6.307539,true,cf3dd95c7197904bf57565a093cfebcecfc6428504e29c15293c31e535cab12a,da4155885ccf78bae07432482f0d60c1b81897866f5813b58017daf920d34271
1,20260810T032815Z_3ab9f5f39b2e_stage07_b01_formal_b44e3497,formal,20260810T032815Z,3ab9f5f39b2e4d1d0479702091bed6f4699bdb94,false,stage07_b01_radartools_five_dtype_v2,03a5a9e2f6cb3af6d8b402d33c46fde5838cae300fea1ab7f1d92294a3677211,operator,pulse_compression,Task1,Step2,pulse_compression,pulse_compression__pc_int16_10e4__cf3dd95c7197904b,pc_int16_10e4,10^4,16448,"echo=[64, 256]|waveform=[64]",INT16,GPU,fft_thrust,compatibility/end-to-end,PASS,OK,20,100,42,6.404311,true,cf3dd95c7197904bf57565a093cfebcecfc6428504e29c15293c31e535cab12a,da4155885ccf78bae07432482f0d60c1b81897866f5813b58017daf920d34271
1,20260810T032815Z_3ab9f5f39b2e_stage07_b01_formal_b44e3497,formal,20260810T032815Z,3ab9f5f39b2e4d1d0479702091bed6f4699bdb94,false,stage07_b01_radartools_five_dtype_v2,03a5a9e2f6cb3af6d8b402d33c46fde5838cae300fea1ab7f1d92294a3677211,operator,pulse_compression,Task1,Step2,pulse_compression,pulse_compression__pc_int16_10e4__cf3dd95c7197904b,pc_int16_10e4,10^4,16448,"echo=[64, 256]|waveform=[64]",INT16,GPU,fft_thrust,compatibility/end-to-end,PASS,OK,20,100,43,7.002252,true,cf3dd95c7197904bf57565a093cfebcecfc6428504e29c15293c31e535cab12a,da4155885ccf78bae07432482f0d60c1b81897866f5813b58017daf920d34271
1,20260810T032815Z_3ab9f5f39b2e_stage07_b01_formal_b44e3497,formal,20260810T032815Z,3ab9f5f39b2e4d1d0479702091bed6f4699bdb94,false,stage07_b01_radartools_five_dtype_v2,03a5a9e2f6cb3af6d8b402d33c46fde5838cae300fea1ab7f1d92294a3677211,operator,pulse_compression,Task1,Step2,pulse_compression,pulse_compression__pc_int16_10e4__cf3dd95c7197904b,pc_int16_10e4,10^4,16448,"echo=[64, 256]|waveform=[64]",INT16,GPU,fft_thrust,compatibility/end-to-end,PASS,OK,20,100,44,6.286547,true,cf3dd95c7197904bf57565a093cfebcecfc6428504e29c15293c31e535cab12a,da4155885ccf78bae07432482f0d60c1b81897866f5813b58017daf920d34271
1,20260810T032815Z_3ab9f5f39b2e_stage07_b01_formal_b44e3497,formal,20260810T032815Z,3ab9f5f39b2e4d1d0479702091bed6f4699bdb94,false,stage07_b01_radartools_five_dtype_v2,03a5a9e2f6cb3af6d8b402d33c46fde5838cae300fea1ab7f1d92294a3677211,operator,pulse_compression,Task1,Step2,pulse_compression,pulse_compression__pc_int16_10e4__cf3dd95c7197904b,pc_int16_10e4,10^4,16448,"echo=[64, 256]|waveform=[64]",INT16,GPU,fft_thrust,compatibility/end-to-end,PASS,OK,20,100,45,6.319089,true,cf3dd95c7197904bf57565a093cfebcecfc6428504e29c15293c31e535cab12a,da4155885ccf78bae07432482f0d60c1b81897866f5813b58017daf920d34271
1,20260810T032815Z_3ab9f5f39b2e_stage07_b01_formal_b44e3497,formal,20260810T032815Z,3ab9f5f39b2e4d1d0479702091bed6f4699bdb94,false,stage07_b01_radartools_five_dtype_v2,03a5a9e2f6cb3af6d8b402d33c46fde5838cae300fea1ab7f1d92294a3677211,operator,pulse_compression,Task1,Step2,pulse_compression,pulse_compression__pc_int16_10e4__cf3dd95c7197904b,pc_int16_10e4,10^4,16448,"echo=[64, 256]|waveform=[64]",INT16,GPU,fft_thrust,compatibility/end-to-end,PASS,OK,20,100,46,6.300798,true,cf3dd95c7197904bf57565a093cfebcecfc6428504e29c15293c31e535cab12a,da4155885ccf78bae07432482f0d60c1b81897866f5813b58017daf920d34271
1,20260810T032815Z_3ab9f5f39b2e_stage07_b01_formal_b44e3497,formal,20260810T032815Z,3ab9f5f39b2e4d1d0479702091bed6f4699bdb94,false,stage07_b01_radartools_five_dtype_v2,03a5a9e2f6cb3af6d8b402d33c46fde5838cae300fea1ab7f1d92294a3677211,operator,pulse_compression,Task1,Step2,pulse_compression,pulse_compression__pc_int16_10e4__cf3dd95c7197904b,pc_int16_10e4,10^4,16448,"echo=[64, 256]|waveform=[64]",INT16,GPU,fft_thrust,compatibility/end-to-end,PASS,OK,20,100,47,6.302038,true,cf3dd95c7197904bf57565a093cfebcecfc6428504e29c15293c31e535cab12a,da4155885ccf78bae07432482f0d60c1b81897866f5813b58017daf920d34271
1,20260810T032815Z_3ab9f5f39b2e_stage07_b01_formal_b44e3497,formal,20260810T032815Z,3ab9f5f39b2e4d1d0479702091bed6f4699bdb94,false,stage07_b01_radartools_five_dtype_v2,03a5a9e2f6cb3af6d8b402d33c46fde5838cae300fea1ab7f1d92294a3677211,operator,pulse_compression,Task1,Step2,pulse_compression,pulse_compression__pc_int16_10e4__cf3dd95c7197904b,pc_int16_10e4,10^4,16448,"echo=[64, 256]|waveform=[64]",INT16,GPU,fft_thrust,compatibility/end-to-end,PASS,OK,20,100,48,6.268997,true,cf3dd95c7197904bf57565a093cfebcecfc6428504e29c15293c31e535cab12a,da4155885ccf78bae07432482f0d60c1b81897866f5813b58017daf920d34271
1,20260810T032815Z_3ab9f5f39b2e_stage07_b01_formal_b44e3497,formal,20260810T032815Z,3ab9f5f39b2e4d1d0479702091bed6f4699bdb94,false,stage07_b01_radartools_five_dtype_v2,03a5a9e2f6cb3af6d8b402d33c46fde5838cae300fea1ab7f1d92294a3677211,operator,pulse_compression,Task1,Step2,pulse_compression,pulse_compression__pc_int16_10e4__cf3dd95c7197904b,pc_int16_10e4,10^4,16448,"echo=[64, 256]|waveform=[64]",INT16,GPU,fft_thrust,compatibility/end-to-end,PASS,OK,20,100,49,6.36987,true,cf3dd95c7197904bf57565a093cfebcecfc6428504e29c15293c31e535cab12a,da4155885ccf78bae07432482f0d60c1b81897866f5813b58017daf920d34271
1,20260810T032815Z_3ab9f5f39b2e_stage07_b01_formal_b44e3497,formal,20260810T032815Z,3ab9f5f39b2e4d1d0479702091bed6f4699bdb94,false,stage07_b01_radartools_five_dtype_v2,03a5a9e2f6cb3af6d8b402d33c46fde5838cae300fea1ab7f1d92294a3677211,operator,pulse_compression,Task1,Step2,pulse_compression,pulse_compression__pc_int16_10e4__cf3dd95c7197904b,pc_int16_10e4,10^4,16448,"echo=[64, 256]|waveform=[64]",INT16,GPU,fft_thrust,compatibility/end-to-end,PASS,OK,20,100,50,6.283427,true,cf3dd95c7197904bf57565a093cfebcecfc6428504e29c15293c31e535cab12a,da4155885ccf78bae07432482f0d60c1b81897866f5813b58017daf920d34271
1,20260810T032815Z_3ab9f5f39b2e_stage07_b01_formal_b44e3497,formal,20260810T032815Z,3ab9f5f39b2e4d1d0479702091bed6f4699bdb94,false,stage07_b01_radartools_five_dtype_v2,03a5a9e2f6cb3af6d8b402d33c46fde5838cae300fea1ab7f1d92294a3677211,operator,pulse_compression,Task1,Step2,pulse_compression,pulse_compression__pc_int16_10e4__cf3dd95c7197904b,pc_int16_10e4,10^4,16448,"echo=[64, 256]|waveform=[64]",INT16,GPU,fft_thrust,compatibility/end-to-end,PASS,OK,20,100,51,6.997522,true,cf3dd95c7197904bf57565a093cfebcecfc6428504e29c15293c31e535cab12a,da4155885ccf78bae07432482f0d60c1b81897866f5813b58017daf920d34271
1,20260810T032815Z_3ab9f5f39b2e_stage07_b01_formal_b44e3497,formal,20260810T032815Z,3ab9f5f39b2e4d1d0479702091bed6f4699bdb94,false,stage07_b01_radartools_five_dtype_v2,03a5a9e2f6cb3af6d8b402d33c46fde5838cae300fea1ab7f1d92294a3677211,operator,pulse_compression,Task1,Step2,pulse_compression,pulse_compression__pc_int16_10e4__cf3dd95c7197904b,pc_int16_10e4,10^4,16448,"echo=[64, 256]|waveform=[64]",INT16,GPU,fft_thrust,compatibility/end-to-end,PASS,OK,20,100,52,6.290458,true,cf3dd95c7197904bf57565a093cfebcecfc6428504e29c15293c31e535cab12a,da4155885ccf78bae07432482f0d60c1b81897866f5813b58017daf920d34271
1,20260810T032815Z_3ab9f5f39b2e_stage07_b01_formal_b44e3497,formal,20260810T032815Z,3ab9f5f39b2e4d1d0479702091bed6f4699bdb94,false,stage07_b01_radartools_five_dtype_v2,03a5a9e2f6cb3af6d8b402d33c46fde5838cae300fea1ab7f1d92294a3677211,operator,pulse_compression,Task1,Step2,pulse_compression,pulse_compression__pc_int16_10e4__cf3dd95c7197904b,pc_int16_10e4,10^4,16448,"echo=[64, 256]|waveform=[64]",INT16,GPU,fft_thrust,compatibility/end-to-end,PASS,OK,20,100,53,6.284077,true,cf3dd95c7197904bf57565a093cfebcecfc6428504e29c15293c31e535cab12a,da4155885ccf78bae07432482f0d60c1b81897866f5813b58017daf920d34271
1,20260810T032815Z_3ab9f5f39b2e_stage07_b01_formal_b44e3497,formal,20260810T032815Z,3ab9f5f39b2e4d1d0479702091bed6f4699bdb94,false,stage07_b01_radartools_five_dtype_v2,03a5a9e2f6cb3af6d8b402d33c46fde5838cae300fea1ab7f1d92294a3677211,operator,pulse_compression,Task1,Step2,pulse_compression,pulse_compression__pc_int16_10e4__cf3dd95c7197904b,pc_int16_10e4,10^4,16448,"echo=[64, 256]|waveform=[64]",INT16,GPU,fft_thrust,compatibility/end-to-end,PASS,OK,20,100,54,6.287387,true,cf3dd95c7197904bf57565a093cfebcecfc6428504e29c15293c31e535cab12a,da4155885ccf78bae07432482f0d60c1b81897866f5813b58017daf920d34271
1,20260810T032815Z_3ab9f5f39b2e_stage07_b01_formal_b44e3497,formal,20260810T032815Z,3ab9f5f39b2e4d1d0479702091bed6f4699bdb94,false,stage07_b01_radartools_five_dtype_v2,03a5a9e2f6cb3af6d8b402d33c46fde5838cae300fea1ab7f1d92294a3677211,operator,pulse_compression,Task1,Step2,pulse_compression,pulse_compression__pc_int16_10e4__cf3dd95c7197904b,pc_int16_10e4,10^4,16448,"echo=[64, 256]|waveform=[64]",INT16,GPU,fft_thrust,compatibility/end-to-end,PASS,OK,20,100,55,6.294398,true,cf3dd95c7197904bf57565a093cfebcecfc6428504e29c15293c31e535cab12a,da4155885ccf78bae07432482f0d60c1b81897866f5813b58017daf920d34271
1,20260810T032815Z_3ab9f5f39b2e_stage07_b01_formal_b44e3497,formal,20260810T032815Z,3ab9f5f39b2e4d1d0479702091bed6f4699bdb94,false,stage07_b01_radartools_five_dtype_v2,03a5a9e2f6cb3af6d8b402d33c46fde5838cae300fea1ab7f1d92294a3677211,operator,pulse_compression,Task1,Step2,pulse_compression,pulse_compression__pc_int16_10e4__cf3dd95c7197904b,pc_int16_10e4,10^4,16448,"echo=[64, 256]|waveform=[64]",INT16,GPU,fft_thrust,compatibility/end-to-end,PASS,OK,20,100,56,6.276688,true,cf3dd95c7197904bf57565a093cfebcecfc6428504e29c15293c31e535cab12a,da4155885ccf78bae07432482f0d60c1b81897866f5813b58017daf920d34271
1,20260810T032815Z_3ab9f5f39b2e_stage07_b01_formal_b44e3497,formal,20260810T032815Z,3ab9f5f39b2e4d1d0479702091bed6f4699bdb94,false,stage07_b01_radartools_five_dtype_v2,03a5a9e2f6cb3af6d8b402d33c46fde5838cae300fea1ab7f1d92294a3677211,operator,pulse_compression,Task1,Step2,pulse_compression,pulse_compression__pc_int16_10e4__cf3dd95c7197904b,pc_int16_10e4,10^4,16448,"echo=[64, 256]|waveform=[64]",INT16,GPU,fft_thrust,compatibility/end-to-end,PASS,OK,20,100,57,6.340629,true,cf3dd95c7197904bf57565a093cfebcecfc6428504e29c15293c31e535cab12a,da4155885ccf78bae07432482f0d60c1b81897866f5813b58017daf920d34271
1,20260810T032815Z_3ab9f5f39b2e_stage07_b01_formal_b44e3497,formal,20260810T032815Z,3ab9f5f39b2e4d1d0479702091bed6f4699bdb94,false,stage07_b01_radartools_five_dtype_v2,03a5a9e2f6cb3af6d8b402d33c46fde5838cae300fea1ab7f1d92294a3677211,operator,pulse_compression,Task1,Step2,pulse_compression,pulse_compression__pc_int16_10e4__cf3dd95c7197904b,pc_int16_10e4,10^4,16448,"echo=[64, 256]|waveform=[64]",INT16,GPU,fft_thrust,compatibility/end-to-end,PASS,OK,20,100,58,6.403411,true,cf3dd95c7197904bf57565a093cfebcecfc6428504e29c15293c31e535cab12a,da4155885ccf78bae07432482f0d60c1b81897866f5813b58017daf920d34271
1,20260810T032815Z_3ab9f5f39b2e_stage07_b01_formal_b44e3497,formal,20260810T032815Z,3ab9f5f39b2e4d1d0479702091bed6f4699bdb94,false,stage07_b01_radartools_five_dtype_v2,03a5a9e2f6cb3af6d8b402d33c46fde5838cae300fea1ab7f1d92294a3677211,operator,pulse_compression,Task1,Step2,pulse_compression,pulse_compression__pc_int16_10e4__cf3dd95c7197904b,pc_int16_10e4,10^4,16448,"echo=[64, 256]|waveform=[64]",INT16,GPU,fft_thrust,compatibility/end-to-end,PASS,OK,20,100,59,6.36905,true,cf3dd95c7197904bf57565a093cfebcecfc6428504e29c15293c31e535cab12a,da4155885ccf78bae07432482f0d60c1b81897866f5813b58017daf920d34271
1,20260810T032815Z_3ab9f5f39b2e_stage07_b01_formal_b44e3497,formal,20260810T032815Z,3ab9f5f39b2e4d1d0479702091bed6f4699bdb94,false,stage07_b01_radartools_five_dtype_v2,03a5a9e2f6cb3af6d8b402d33c46fde5838cae300fea1ab7f1d92294a3677211,operator,pulse_compression,Task1,Step2,pulse_compression,pulse_compression__pc_int16_10e4__cf3dd95c7197904b,pc_int16_10e4,10^4,16448,"echo=[64, 256]|waveform=[64]",INT16,GPU,fft_thrust,compatibility/end-to-end,PASS,OK,20,100,60,6.395432,true,cf3dd95c7197904bf57565a093cfebcecfc6428504e29c15293c31e535cab12a,da4155885ccf78bae07432482f0d60c1b81897866f5813b58017daf920d34271
1,20260810T032815Z_3ab9f5f39b2e_stage07_b01_formal_b44e3497,formal,20260810T032815Z,3ab9f5f39b2e4d1d0479702091bed6f4699bdb94,false,stage07_b01_radartools_five_dtype_v2,03a5a9e2f6cb3af6d8b402d33c46fde5838cae300fea1ab7f1d92294a3677211,operator,pulse_compression,Task1,Step2,pulse_compression,pulse_compression__pc_int16_10e4__cf3dd95c7197904b,pc_int16_10e4,10^4,16448,"echo=[64, 256]|waveform=[64]",INT16,GPU,fft_thrust,compatibility/end-to-end,PASS,OK,20,100,61,6.35816,true,cf3dd95c7197904bf57565a093cfebcecfc6428504e29c15293c31e535cab12a,da4155885ccf78bae07432482f0d60c1b81897866f5813b58017daf920d34271
1,20260810T032815Z_3ab9f5f39b2e_stage07_b01_formal_b44e3497,formal,20260810T032815Z,3ab9f5f39b2e4d1d0479702091bed6f4699bdb94,false,stage07_b01_radartools_five_dtype_v2,03a5a9e2f6cb3af6d8b402d33c46fde5838cae300fea1ab7f1d92294a3677211,operator,pulse_compression,Task1,Step2,pulse_compression,pulse_compression__pc_int16_10e4__cf3dd95c7197904b,pc_int16_10e4,10^4,16448,"echo=[64, 256]|waveform=[64]",INT16,GPU,fft_thrust,compatibility/end-to-end,PASS,OK,20,100,62,6.382981,true,cf3dd95c7197904bf57565a093cfebcecfc6428504e29c15293c31e535cab12a,da4155885ccf78bae07432482f0d60c1b81897866f5813b58017daf920d34271
1,20260810T032815Z_3ab9f5f39b2e_stage07_b01_formal_b44e3497,formal,20260810T032815Z,3ab9f5f39b2e4d1d0479702091bed6f4699bdb94,false,stage07_b01_radartools_five_dtype_v2,03a5a9e2f6cb3af6d8b402d33c46fde5838cae300fea1ab7f1d92294a3677211,operator,pulse_compression,Task1,Step2,pulse_compression,pulse_compression__pc_int16_10e4__cf3dd95c7197904b,pc_int16_10e4,10^4,16448,"echo=[64, 256]|waveform=[64]",INT16,GPU,fft_thrust,compatibility/end-to-end,PASS,OK,20,100,63,6.354339,true,cf3dd95c7197904bf57565a093cfebcecfc6428504e29c15293c31e535cab12a,da4155885ccf78bae07432482f0d60c1b81897866f5813b58017daf920d34271
1,20260810T032815Z_3ab9f5f39b2e_stage07_b01_formal_b44e3497,formal,20260810T032815Z,3ab9f5f39b2e4d1d0479702091bed6f4699bdb94,false,stage07_b01_radartools_five_dtype_v2,03a5a9e2f6cb3af6d8b402d33c46fde5838cae300fea1ab7f1d92294a3677211,operator,pulse_compression,Task1,Step2,pulse_compression,pulse_compression__pc_int16_10e4__cf3dd95c7197904b,pc_int16_10e4,10^4,16448,"echo=[64, 256]|waveform=[64]",INT16,GPU,fft_thrust,compatibility/end-to-end,PASS,OK,20,100,64,6.412682,true,cf3dd95c7197904bf57565a093cfebcecfc6428504e29c15293c31e535cab12a,da4155885ccf78bae07432482f0d60c1b81897866f5813b58017daf920d34271
1,20260810T032815Z_3ab9f5f39b2e_stage07_b01_formal_b44e3497,formal,20260810T032815Z,3ab9f5f39b2e4d1d0479702091bed6f4699bdb94,false,stage07_b01_radartools_five_dtype_v2,03a5a9e2f6cb3af6d8b402d33c46fde5838cae300fea1ab7f1d92294a3677211,operator,pulse_compression,Task1,Step2,pulse_compression,pulse_compression__pc_int16_10e4__cf3dd95c7197904b,pc_int16_10e4,10^4,16448,"echo=[64, 256]|waveform=[64]",INT16,GPU,fft_thrust,compatibility/end-to-end,PASS,OK,20,100,65,6.36215,true,cf3dd95c7197904bf57565a093cfebcecfc6428504e29c15293c31e535cab12a,da4155885ccf78bae07432482f0d60c1b81897866f5813b58017daf920d34271
1,20260810T032815Z_3ab9f5f39b2e_stage07_b01_formal_b44e3497,formal,20260810T032815Z,3ab9f5f39b2e4d1d0479702091bed6f4699bdb94,false,stage07_b01_radartools_five_dtype_v2,03a5a9e2f6cb3af6d8b402d33c46fde5838cae300fea1ab7f1d92294a3677211,operator,pulse_compression,Task1,Step2,pulse_compression,pulse_compression__pc_int16_10e4__cf3dd95c7197904b,pc_int16_10e4,10^4,16448,"echo=[64, 256]|waveform=[64]",INT16,GPU,fft_thrust,compatibility/end-to-end,PASS,OK,20,100,66,6.373631,true,cf3dd95c7197904bf57565a093cfebcecfc6428504e29c15293c31e535cab12a,da4155885ccf78bae07432482f0d60c1b81897866f5813b58017daf920d34271
1,20260810T032815Z_3ab9f5f39b2e_stage07_b01_formal_b44e3497,formal,20260810T032815Z,3ab9f5f39b2e4d1d0479702091bed6f4699bdb94,false,stage07_b01_radartools_five_dtype_v2,03a5a9e2f6cb3af6d8b402d33c46fde5838cae300fea1ab7f1d92294a3677211,operator,pulse_compression,Task1,Step2,pulse_compression,pulse_compression__pc_int16_10e4__cf3dd95c7197904b,pc_int16_10e4,10^4,16448,"echo=[64, 256]|waveform=[64]",INT16,GPU,fft_thrust,compatibility/end-to-end,PASS,OK,20,100,67,6.440772,true,cf3dd95c7197904bf57565a093cfebcecfc6428504e29c15293c31e535cab12a,da4155885ccf78bae07432482f0d60c1b81897866f5813b58017daf920d34271
1,20260810T032815Z_3ab9f5f39b2e_stage07_b01_formal_b44e3497,formal,20260810T032815Z,3ab9f5f39b2e4d1d0479702091bed6f4699bdb94,false,stage07_b01_radartools_five_dtype_v2,03a5a9e2f6cb3af6d8b402d33c46fde5838cae300fea1ab7f1d92294a3677211,operator,pulse_compression,Task1,Step2,pulse_compression,pulse_compression__pc_int16_10e4__cf3dd95c7197904b,pc_int16_10e4,10^4,16448,"echo=[64, 256]|waveform=[64]",INT16,GPU,fft_thrust,compatibility/end-to-end,PASS,OK,20,100,68,6.35872,true,cf3dd95c7197904bf57565a093cfebcecfc6428504e29c15293c31e535cab12a,da4155885ccf78bae07432482f0d60c1b81897866f5813b58017daf920d34271
1,20260810T032815Z_3ab9f5f39b2e_stage07_b01_formal_b44e3497,formal,20260810T032815Z,3ab9f5f39b2e4d1d0479702091bed6f4699bdb94,false,stage07_b01_radartools_five_dtype_v2,03a5a9e2f6cb3af6d8b402d33c46fde5838cae300fea1ab7f1d92294a3677211,operator,pulse_compression,Task1,Step2,pulse_compression,pulse_compression__pc_int16_10e4__cf3dd95c7197904b,pc_int16_10e4,10^4,16448,"echo=[64, 256]|waveform=[64]",INT16,GPU,fft_thrust,compatibility/end-to-end,PASS,OK,20,100,69,7.093384,true,cf3dd95c7197904bf57565a093cfebcecfc6428504e29c15293c31e535cab12a,da4155885ccf78bae07432482f0d60c1b81897866f5813b58017daf920d34271
1,20260810T032815Z_3ab9f5f39b2e_stage07_b01_formal_b44e3497,formal,20260810T032815Z,3ab9f5f39b2e4d1d0479702091bed6f4699bdb94,false,stage07_b01_radartools_five_dtype_v2,03a5a9e2f6cb3af6d8b402d33c46fde5838cae300fea1ab7f1d92294a3677211,operator,pulse_compression,Task1,Step2,pulse_compression,pulse_compression__pc_int16_10e4__cf3dd95c7197904b,pc_int16_10e4,10^4,16448,"echo=[64, 256]|waveform=[64]",INT16,GPU,fft_thrust,compatibility/end-to-end,PASS,OK,20,100,70,6.385811,true,cf3dd95c7197904bf57565a093cfebcecfc6428504e29c15293c31e535cab12a,da4155885ccf78bae07432482f0d60c1b81897866f5813b58017daf920d34271
1,20260810T032815Z_3ab9f5f39b2e_stage07_b01_formal_b44e3497,formal,20260810T032815Z,3ab9f5f39b2e4d1d0479702091bed6f4699bdb94,false,stage07_b01_radartools_five_dtype_v2,03a5a9e2f6cb3af6d8b402d33c46fde5838cae300fea1ab7f1d92294a3677211,operator,pulse_compression,Task1,Step2,pulse_compression,pulse_compression__pc_int16_10e4__cf3dd95c7197904b,pc_int16_10e4,10^4,16448,"echo=[64, 256]|waveform=[64]",INT16,GPU,fft_thrust,compatibility/end-to-end,PASS,OK,20,100,71,6.373611,true,cf3dd95c7197904bf57565a093cfebcecfc6428504e29c15293c31e535cab12a,da4155885ccf78bae07432482f0d60c1b81897866f5813b58017daf920d34271
1,20260810T032815Z_3ab9f5f39b2e_stage07_b01_formal_b44e3497,formal,20260810T032815Z,3ab9f5f39b2e4d1d0479702091bed6f4699bdb94,false,stage07_b01_radartools_five_dtype_v2,03a5a9e2f6cb3af6d8b402d33c46fde5838cae300fea1ab7f1d92294a3677211,operator,pulse_compression,Task1,Step2,pulse_compression,pulse_compression__pc_int16_10e4__cf3dd95c7197904b,pc_int16_10e4,10^4,16448,"echo=[64, 256]|waveform=[64]",INT16,GPU,fft_thrust,compatibility/end-to-end,PASS,OK,20,100,72,7.088824,true,cf3dd95c7197904bf57565a093cfebcecfc6428504e29c15293c31e535cab12a,da4155885ccf78bae07432482f0d60c1b81897866f5813b58017daf920d34271
1,20260810T032815Z_3ab9f5f39b2e_stage07_b01_formal_b44e3497,formal,20260810T032815Z,3ab9f5f39b2e4d1d0479702091bed6f4699bdb94,false,stage07_b01_radartools_five_dtype_v2,03a5a9e2f6cb3af6d8b402d33c46fde5838cae300fea1ab7f1d92294a3677211,operator,pulse_compression,Task1,Step2,pulse_compression,pulse_compression__pc_int16_10e4__cf3dd95c7197904b,pc_int16_10e4,10^4,16448,"echo=[64, 256]|waveform=[64]",INT16,GPU,fft_thrust,compatibility/end-to-end,PASS,OK,20,100,73,6.38815,true,cf3dd95c7197904bf57565a093cfebcecfc6428504e29c15293c31e535cab12a,da4155885ccf78bae07432482f0d60c1b81897866f5813b58017daf920d34271
1,20260810T032815Z_3ab9f5f39b2e_stage07_b01_formal_b44e3497,formal,20260810T032815Z,3ab9f5f39b2e4d1d0479702091bed6f4699bdb94,false,stage07_b01_radartools_five_dtype_v2,03a5a9e2f6cb3af6d8b402d33c46fde5838cae300fea1ab7f1d92294a3677211,operator,pulse_compression,Task1,Step2,pulse_compression,pulse_compression__pc_int16_10e4__cf3dd95c7197904b,pc_int16_10e4,10^4,16448,"echo=[64, 256]|waveform=[64]",INT16,GPU,fft_thrust,compatibility/end-to-end,PASS,OK,20,100,74,7.093285,true,cf3dd95c7197904bf57565a093cfebcecfc6428504e29c15293c31e535cab12a,da4155885ccf78bae07432482f0d60c1b81897866f5813b58017daf920d34271
1,20260810T032815Z_3ab9f5f39b2e_stage07_b01_formal_b44e3497,formal,20260810T032815Z,3ab9f5f39b2e4d1d0479702091bed6f4699bdb94,false,stage07_b01_radartools_five_dtype_v2,03a5a9e2f6cb3af6d8b402d33c46fde5838cae300fea1ab7f1d92294a3677211,operator,pulse_compression,Task1,Step2,pulse_compression,pulse_compression__pc_int16_10e4__cf3dd95c7197904b,pc_int16_10e4,10^4,16448,"echo=[64, 256]|waveform=[64]",INT16,GPU,fft_thrust,compatibility/end-to-end,PASS,OK,20,100,75,7.099664,true,cf3dd95c7197904bf57565a093cfebcecfc6428504e29c15293c31e535cab12a,da4155885ccf78bae07432482f0d60c1b81897866f5813b58017daf920d34271
1,20260810T032815Z_3ab9f5f39b2e_stage07_b01_formal_b44e3497,formal,20260810T032815Z,3ab9f5f39b2e4d1d0479702091bed6f4699bdb94,false,stage07_b01_radartools_five_dtype_v2,03a5a9e2f6cb3af6d8b402d33c46fde5838cae300fea1ab7f1d92294a3677211,operator,pulse_compression,Task1,Step2,pulse_compression,pulse_compression__pc_int16_10e4__cf3dd95c7197904b,pc_int16_10e4,10^4,16448,"echo=[64, 256]|waveform=[64]",INT16,GPU,fft_thrust,compatibility/end-to-end,PASS,OK,20,100,76,6.384811,true,cf3dd95c7197904bf57565a093cfebcecfc6428504e29c15293c31e535cab12a,da4155885ccf78bae07432482f0d60c1b81897866f5813b58017daf920d34271
1,20260810T032815Z_3ab9f5f39b2e_stage07_b01_formal_b44e3497,formal,20260810T032815Z,3ab9f5f39b2e4d1d0479702091bed6f4699bdb94,false,stage07_b01_radartools_five_dtype_v2,03a5a9e2f6cb3af6d8b402d33c46fde5838cae300fea1ab7f1d92294a3677211,operator,pulse_compression,Task1,Step2,pulse_compression,pulse_compression__pc_int16_10e4__cf3dd95c7197904b,pc_int16_10e4,10^4,16448,"echo=[64, 256]|waveform=[64]",INT16,GPU,fft_thrust,compatibility/end-to-end,PASS,OK,20,100,77,7.098694,true,cf3dd95c7197904bf57565a093cfebcecfc6428504e29c15293c31e535cab12a,da4155885ccf78bae07432482f0d60c1b81897866f5813b58017daf920d34271
1,20260810T032815Z_3ab9f5f39b2e_stage07_b01_formal_b44e3497,formal,20260810T032815Z,3ab9f5f39b2e4d1d0479702091bed6f4699bdb94,false,stage07_b01_radartools_five_dtype_v2,03a5a9e2f6cb3af6d8b402d33c46fde5838cae300fea1ab7f1d92294a3677211,operator,pulse_compression,Task1,Step2,pulse_compression,pulse_compression__pc_int16_10e4__cf3dd95c7197904b,pc_int16_10e4,10^4,16448,"echo=[64, 256]|waveform=[64]",INT16,GPU,fft_thrust,compatibility/end-to-end,PASS,OK,20,100,78,7.086244,true,cf3dd95c7197904bf57565a093cfebcecfc6428504e29c15293c31e535cab12a,da4155885ccf78bae07432482f0d60c1b81897866f5813b58017daf920d34271
1,20260810T032815Z_3ab9f5f39b2e_stage07_b01_formal_b44e3497,formal,20260810T032815Z,3ab9f5f39b2e4d1d0479702091bed6f4699bdb94,false,stage07_b01_radartools_five_dtype_v2,03a5a9e2f6cb3af6d8b402d33c46fde5838cae300fea1ab7f1d92294a3677211,operator,pulse_compression,Task1,Step2,pulse_compression,pulse_compression__pc_int16_10e4__cf3dd95c7197904b,pc_int16_10e4,10^4,16448,"echo=[64, 256]|waveform=[64]",INT16,GPU,fft_thrust,compatibility/end-to-end,PASS,OK,20,100,79,6.385621,true,cf3dd95c7197904bf57565a093cfebcecfc6428504e29c15293c31e535cab12a,da4155885ccf78bae07432482f0d60c1b81897866f5813b58017daf920d34271
1,20260810T032815Z_3ab9f5f39b2e_stage07_b01_formal_b44e3497,formal,20260810T032815Z,3ab9f5f39b2e4d1d0479702091bed6f4699bdb94,false,stage07_b01_radartools_five_dtype_v2,03a5a9e2f6cb3af6d8b402d33c46fde5838cae300fea1ab7f1d92294a3677211,operator,pulse_compression,Task1,Step2,pulse_compression,pulse_compression__pc_int16_10e4__cf3dd95c7197904b,pc_int16_10e4,10^4,16448,"echo=[64, 256]|waveform=[64]",INT16,GPU,fft_thrust,compatibility/end-to-end,PASS,OK,20,100,80,6.360701,true,cf3dd95c7197904bf57565a093cfebcecfc6428504e29c15293c31e535cab12a,da4155885ccf78bae07432482f0d60c1b81897866f5813b58017daf920d34271
1,20260810T032815Z_3ab9f5f39b2e_stage07_b01_formal_b44e3497,formal,20260810T032815Z,3ab9f5f39b2e4d1d0479702091bed6f4699bdb94,false,stage07_b01_radartools_five_dtype_v2,03a5a9e2f6cb3af6d8b402d33c46fde5838cae300fea1ab7f1d92294a3677211,operator,pulse_compression,Task1,Step2,pulse_compression,pulse_compression__pc_int16_10e4__cf3dd95c7197904b,pc_int16_10e4,10^4,16448,"echo=[64, 256]|waveform=[64]",INT16,GPU,fft_thrust,compatibility/end-to-end,PASS,OK,20,100,81,6.364569,true,cf3dd95c7197904bf57565a093cfebcecfc6428504e29c15293c31e535cab12a,da4155885ccf78bae07432482f0d60c1b81897866f5813b58017daf920d34271
1,20260810T032815Z_3ab9f5f39b2e_stage07_b01_formal_b44e3497,formal,20260810T032815Z,3ab9f5f39b2e4d1d0479702091bed6f4699bdb94,false,stage07_b01_radartools_five_dtype_v2,03a5a9e2f6cb3af6d8b402d33c46fde5838cae300fea1ab7f1d92294a3677211,operator,pulse_compression,Task1,Step2,pulse_compression,pulse_compression__pc_int16_10e4__cf3dd95c7197904b,pc_int16_10e4,10^4,16448,"echo=[64, 256]|waveform=[64]",INT16,GPU,fft_thrust,compatibility/end-to-end,PASS,OK,20,100,82,4.613723,true,cf3dd95c7197904bf57565a093cfebcecfc6428504e29c15293c31e535cab12a,da4155885ccf78bae07432482f0d60c1b81897866f5813b58017daf920d34271
1,20260810T032815Z_3ab9f5f39b2e_stage07_b01_formal_b44e3497,formal,20260810T032815Z,3ab9f5f39b2e4d1d0479702091bed6f4699bdb94,false,stage07_b01_radartools_five_dtype_v2,03a5a9e2f6cb3af6d8b402d33c46fde5838cae300fea1ab7f1d92294a3677211,operator,pulse_compression,Task1,Step2,pulse_compression,pulse_compression__pc_int16_10e4__cf3dd95c7197904b,pc_int16_10e4,10^4,16448,"echo=[64, 256]|waveform=[64]",INT16,GPU,fft_thrust,compatibility/end-to-end,PASS,OK,20,100,83,7.000811,true,cf3dd95c7197904bf57565a093cfebcecfc6428504e29c15293c31e535cab12a,da4155885ccf78bae07432482f0d60c1b81897866f5813b58017daf920d34271
1,20260810T032815Z_3ab9f5f39b2e_stage07_b01_formal_b44e3497,formal,20260810T032815Z,3ab9f5f39b2e4d1d0479702091bed6f4699bdb94,false,stage07_b01_radartools_five_dtype_v2,03a5a9e2f6cb3af6d8b402d33c46fde5838cae300fea1ab7f1d92294a3677211,operator,pulse_compression,Task1,Step2,pulse_compression,pulse_compression__pc_int16_10e4__cf3dd95c7197904b,pc_int16_10e4,10^4,16448,"echo=[64, 256]|waveform=[64]",INT16,GPU,fft_thrust,compatibility/end-to-end,PASS,OK,20,100,84,6.308638,true,cf3dd95c7197904bf57565a093cfebcecfc6428504e29c15293c31e535cab12a,da4155885ccf78bae07432482f0d60c1b81897866f5813b58017daf920d34271
1,20260810T032815Z_3ab9f5f39b2e_stage07_b01_formal_b44e3497,formal,20260810T032815Z,3ab9f5f39b2e4d1d0479702091bed6f4699bdb94,false,stage07_b01_radartools_five_dtype_v2,03a5a9e2f6cb3af6d8b402d33c46fde5838cae300fea1ab7f1d92294a3677211,operator,pulse_compression,Task1,Step2,pulse_compression,pulse_compression__pc_int16_10e4__cf3dd95c7197904b,pc_int16_10e4,10^4,16448,"echo=[64, 256]|waveform=[64]",INT16,GPU,fft_thrust,compatibility/end-to-end,PASS,OK,20,100,85,6.309058,true,cf3dd95c7197904bf57565a093cfebcecfc6428504e29c15293c31e535cab12a,da4155885ccf78bae07432482f0d60c1b81897866f5813b58017daf920d34271
1,20260810T032815Z_3ab9f5f39b2e_stage07_b01_formal_b44e3497,formal,20260810T032815Z,3ab9f5f39b2e4d1d0479702091bed6f4699bdb94,false,stage07_b01_radartools_five_dtype_v2,03a5a9e2f6cb3af6d8b402d33c46fde5838cae300fea1ab7f1d92294a3677211,operator,pulse_compression,Task1,Step2,pulse_compression,pulse_compression__pc_int16_10e4__cf3dd95c7197904b,pc_int16_10e4,10^4,16448,"echo=[64, 256]|waveform=[64]",INT16,GPU,fft_thrust,compatibility/end-to-end,PASS,OK,20,100,86,6.316609,true,cf3dd95c7197904bf57565a093cfebcecfc6428504e29c15293c31e535cab12a,da4155885ccf78bae07432482f0d60c1b81897866f5813b58017daf920d34271
1,20260810T032815Z_3ab9f5f39b2e_stage07_b01_formal_b44e3497,formal,20260810T032815Z,3ab9f5f39b2e4d1d0479702091bed6f4699bdb94,false,stage07_b01_radartools_five_dtype_v2,03a5a9e2f6cb3af6d8b402d33c46fde5838cae300fea1ab7f1d92294a3677211,operator,pulse_compression,Task1,Step2,pulse_compression,pulse_compression__pc_int16_10e4__cf3dd95c7197904b,pc_int16_10e4,10^4,16448,"echo=[64, 256]|waveform=[64]",INT16,GPU,fft_thrust,compatibility/end-to-end,PASS,OK,20,100,87,6.306408,true,cf3dd95c7197904bf57565a093cfebcecfc6428504e29c15293c31e535cab12a,da4155885ccf78bae07432482f0d60c1b81897866f5813b58017daf920d34271
1,20260810T032815Z_3ab9f5f39b2e_stage07_b01_formal_b44e3497,formal,20260810T032815Z,3ab9f5f39b2e4d1d0479702091bed6f4699bdb94,false,stage07_b01_radartools_five_dtype_v2,03a5a9e2f6cb3af6d8b402d33c46fde5838cae300fea1ab7f1d92294a3677211,operator,pulse_compression,Task1,Step2,pulse_compression,pulse_compression__pc_int16_10e4__cf3dd95c7197904b,pc_int16_10e4,10^4,16448,"echo=[64, 256]|waveform=[64]",INT16,GPU,fft_thrust,compatibility/end-to-end,PASS,OK,20,100,88,6.290627,true,cf3dd95c7197904bf57565a093cfebcecfc6428504e29c15293c31e535cab12a,da4155885ccf78bae07432482f0d60c1b81897866f5813b58017daf920d34271
1,20260810T032815Z_3ab9f5f39b2e_stage07_b01_formal_b44e3497,formal,20260810T032815Z,3ab9f5f39b2e4d1d0479702091bed6f4699bdb94,false,stage07_b01_radartools_five_dtype_v2,03a5a9e2f6cb3af6d8b402d33c46fde5838cae300fea1ab7f1d92294a3677211,operator,pulse_compression,Task1,Step2,pulse_compression,pulse_compression__pc_int16_10e4__cf3dd95c7197904b,pc_int16_10e4,10^4,16448,"echo=[64, 256]|waveform=[64]",INT16,GPU,fft_thrust,compatibility/end-to-end,PASS,OK,20,100,89,6.274827,true,cf3dd95c7197904bf57565a093cfebcecfc6428504e29c15293c31e535cab12a,da4155885ccf78bae07432482f0d60c1b81897866f5813b58017daf920d34271
1,20260810T032815Z_3ab9f5f39b2e_stage07_b01_formal_b44e3497,formal,20260810T032815Z,3ab9f5f39b2e4d1d0479702091bed6f4699bdb94,false,stage07_b01_radartools_five_dtype_v2,03a5a9e2f6cb3af6d8b402d33c46fde5838cae300fea1ab7f1d92294a3677211,operator,pulse_compression,Task1,Step2,pulse_compression,pulse_compression__pc_int16_10e4__cf3dd95c7197904b,pc_int16_10e4,10^4,16448,"echo=[64, 256]|waveform=[64]",INT16,GPU,fft_thrust,compatibility/end-to-end,PASS,OK,20,100,90,6.314618,true,cf3dd95c7197904bf57565a093cfebcecfc6428504e29c15293c31e535cab12a,da4155885ccf78bae07432482f0d60c1b81897866f5813b58017daf920d34271
1,20260810T032815Z_3ab9f5f39b2e_stage07_b01_formal_b44e3497,formal,20260810T032815Z,3ab9f5f39b2e4d1d0479702091bed6f4699bdb94,false,stage07_b01_radartools_five_dtype_v2,03a5a9e2f6cb3af6d8b402d33c46fde5838cae300fea1ab7f1d92294a3677211,operator,pulse_compression,Task1,Step2,pulse_compression,pulse_compression__pc_int16_10e4__cf3dd95c7197904b,pc_int16_10e4,10^4,16448,"echo=[64, 256]|waveform=[64]",INT16,GPU,fft_thrust,compatibility/end-to-end,PASS,OK,20,100,91,6.309848,true,cf3dd95c7197904bf57565a093cfebcecfc6428504e29c15293c31e535cab12a,da4155885ccf78bae07432482f0d60c1b81897866f5813b58017daf920d34271
1,20260810T032815Z_3ab9f5f39b2e_stage07_b01_formal_b44e3497,formal,20260810T032815Z,3ab9f5f39b2e4d1d0479702091bed6f4699bdb94,false,stage07_b01_radartools_five_dtype_v2,03a5a9e2f6cb3af6d8b402d33c46fde5838cae300fea1ab7f1d92294a3677211,operator,pulse_compression,Task1,Step2,pulse_compression,pulse_compression__pc_int16_10e4__cf3dd95c7197904b,pc_int16_10e4,10^4,16448,"echo=[64, 256]|waveform=[64]",INT16,GPU,fft_thrust,compatibility/end-to-end,PASS,OK,20,100,92,6.292858,true,cf3dd95c7197904bf57565a093cfebcecfc6428504e29c15293c31e535cab12a,da4155885ccf78bae07432482f0d60c1b81897866f5813b58017daf920d34271
1,20260810T032815Z_3ab9f5f39b2e_stage07_b01_formal_b44e3497,formal,20260810T032815Z,3ab9f5f39b2e4d1d0479702091bed6f4699bdb94,false,stage07_b01_radartools_five_dtype_v2,03a5a9e2f6cb3af6d8b402d33c46fde5838cae300fea1ab7f1d92294a3677211,operator,pulse_compression,Task1,Step2,pulse_compression,pulse_compression__pc_int16_10e4__cf3dd95c7197904b,pc_int16_10e4,10^4,16448,"echo=[64, 256]|waveform=[64]",INT16,GPU,fft_thrust,compatibility/end-to-end,PASS,OK,20,100,93,6.306718,true,cf3dd95c7197904bf57565a093cfebcecfc6428504e29c15293c31e535cab12a,da4155885ccf78bae07432482f0d60c1b81897866f5813b58017daf920d34271
1,20260810T032815Z_3ab9f5f39b2e_stage07_b01_formal_b44e3497,formal,20260810T032815Z,3ab9f5f39b2e4d1d0479702091bed6f4699bdb94,false,stage07_b01_radartools_five_dtype_v2,03a5a9e2f6cb3af6d8b402d33c46fde5838cae300fea1ab7f1d92294a3677211,operator,pulse_compression,Task1,Step2,pulse_compression,pulse_compression__pc_int16_10e4__cf3dd95c7197904b,pc_int16_10e4,10^4,16448,"echo=[64, 256]|waveform=[64]",INT16,GPU,fft_thrust,compatibility/end-to-end,PASS,OK,20,100,94,7.016551,true,cf3dd95c7197904bf57565a093cfebcecfc6428504e29c15293c31e535cab12a,da4155885ccf78bae07432482f0d60c1b81897866f5813b58017daf920d34271
1,20260810T032815Z_3ab9f5f39b2e_stage07_b01_formal_b44e3497,formal,20260810T032815Z,3ab9f5f39b2e4d1d0479702091bed6f4699bdb94,false,stage07_b01_radartools_five_dtype_v2,03a5a9e2f6cb3af6d8b402d33c46fde5838cae300fea1ab7f1d92294a3677211,operator,pulse_compression,Task1,Step2,pulse_compression,pulse_compression__pc_int16_10e4__cf3dd95c7197904b,pc_int16_10e4,10^4,16448,"echo=[64, 256]|waveform=[64]",INT16,GPU,fft_thrust,compatibility/end-to-end,PASS,OK,20,100,95,6.290828,true,cf3dd95c7197904bf57565a093cfebcecfc6428504e29c15293c31e535cab12a,da4155885ccf78bae07432482f0d60c1b81897866f5813b58017daf920d34271
1,20260810T032815Z_3ab9f5f39b2e_stage07_b01_formal_b44e3497,formal,20260810T032815Z,3ab9f5f39b2e4d1d0479702091bed6f4699bdb94,false,stage07_b01_radartools_five_dtype_v2,03a5a9e2f6cb3af6d8b402d33c46fde5838cae300fea1ab7f1d92294a3677211,operator,pulse_compression,Task1,Step2,pulse_compression,pulse_compression__pc_int16_10e4__cf3dd95c7197904b,pc_int16_10e4,10^4,16448,"echo=[64, 256]|waveform=[64]",INT16,GPU,fft_thrust,compatibility/end-to-end,PASS,OK,20,100,96,6.274907,true,cf3dd95c7197904bf57565a093cfebcecfc6428504e29c15293c31e535cab12a,da4155885ccf78bae07432482f0d60c1b81897866f5813b58017daf920d34271
1,20260810T032815Z_3ab9f5f39b2e_stage07_b01_formal_b44e3497,formal,20260810T032815Z,3ab9f5f39b2e4d1d0479702091bed6f4699bdb94,false,stage07_b01_radartools_five_dtype_v2,03a5a9e2f6cb3af6d8b402d33c46fde5838cae300fea1ab7f1d92294a3677211,operator,pulse_compression,Task1,Step2,pulse_compression,pulse_compression__pc_int16_10e4__cf3dd95c7197904b,pc_int16_10e4,10^4,16448,"echo=[64, 256]|waveform=[64]",INT16,GPU,fft_thrust,compatibility/end-to-end,PASS,OK,20,100,97,6.322698,true,cf3dd95c7197904bf57565a093cfebcecfc6428504e29c15293c31e535cab12a,da4155885ccf78bae07432482f0d60c1b81897866f5813b58017daf920d34271
1,20260810T032815Z_3ab9f5f39b2e_stage07_b01_formal_b44e3497,formal,20260810T032815Z,3ab9f5f39b2e4d1d0479702091bed6f4699bdb94,false,stage07_b01_radartools_five_dtype_v2,03a5a9e2f6cb3af6d8b402d33c46fde5838cae300fea1ab7f1d92294a3677211,operator,pulse_compression,Task1,Step2,pulse_compression,pulse_compression__pc_int16_10e4__cf3dd95c7197904b,pc_int16_10e4,10^4,16448,"echo=[64, 256]|waveform=[64]",INT16,GPU,fft_thrust,compatibility/end-to-end,PASS,OK,20,100,98,6.287147,true,cf3dd95c7197904bf57565a093cfebcecfc6428504e29c15293c31e535cab12a,da4155885ccf78bae07432482f0d60c1b81897866f5813b58017daf920d34271
1,20260810T032815Z_3ab9f5f39b2e_stage07_b01_formal_b44e3497,formal,20260810T032815Z,3ab9f5f39b2e4d1d0479702091bed6f4699bdb94,false,stage07_b01_radartools_five_dtype_v2,03a5a9e2f6cb3af6d8b402d33c46fde5838cae300fea1ab7f1d92294a3677211,operator,pulse_compression,Task1,Step2,pulse_compression,pulse_compression__pc_int16_10e4__cf3dd95c7197904b,pc_int16_10e4,10^4,16448,"echo=[64, 256]|waveform=[64]",INT16,GPU,fft_thrust,compatibility/end-to-end,PASS,OK,20,100,99,6.288318,true,cf3dd95c7197904bf57565a093cfebcecfc6428504e29c15293c31e535cab12a,da4155885ccf78bae07432482f0d60c1b81897866f5813b58017daf920d34271
