schema_version,run_id,run_type,test_time_utc,git_commit,git_dirty,config_id,config_sha256,target_kind,target,task_name,step_name,operator_name,case_id,scale_id,order_of_magnitude,actual_elements,input_shape,dtype,device,backend,timing_scope,status,error_code,warmup_runs,measured_runs,sample_index,latency_ms,synchronized,input_digest,output_digest
1,20260810T082130Z_8b745f9a6864_stage08_b01_formal_a104001a,formal,20260810T082130Z,8b745f9a68645ce41c47aa18fcde8b4868ef84eb,true,stage08_b01_kaiser_scales_v1,3c4c14a97768005f5dc56b0d0c17628fff55c481c5608f82bbef4fa7c495f9fe,operator,kaiser,NA,NA,kaiser,kaiser__kaiser_int8_10e2__2717b67845b0cb80__periodic,kaiser_int8_10e2,10^2,100,window_positions=[100],INT8,CPU,not_applicable,compatibility/end-to-end,PASS,OK,20,100,0,0.00579,true,2717b67845b0cb807ebe77185da4692a740e642a06104ded226fff40649ef7d7,7f7e8c1c3de8b46f4035204803e4778b5cfb9b93879cf782a3262e1746140d29
1,20260810T082130Z_8b745f9a6864_stage08_b01_formal_a104001a,formal,20260810T082130Z,8b745f9a68645ce41c47aa18fcde8b4868ef84eb,true,stage08_b01_kaiser_scales_v1,3c4c14a97768005f5dc56b0d0c17628fff55c481c5608f82bbef4fa7c495f9fe,operator,kaiser,NA,NA,kaiser,kaiser__kaiser_int8_10e2__2717b67845b0cb80__periodic,kaiser_int8_10e2,10^2,100,window_positions=[100],INT8,CPU,not_applicable,compatibility/end-to-end,PASS,OK,20,100,1,0.0055500000000000002,true,2717b67845b0cb807ebe77185da4692a740e642a06104ded226fff40649ef7d7,7f7e8c1c3de8b46f4035204803e4778b5cfb9b93879cf782a3262e1746140d29
1,20260810T082130Z_8b745f9a6864_stage08_b01_formal_a104001a,formal,20260810T082130Z,8b745f9a68645ce41c47aa18fcde8b4868ef84eb,true,stage08_b01_kaiser_scales_v1,3c4c14a97768005f5dc56b0d0c17628fff55c481c5608f82bbef4fa7c495f9fe,operator,kaiser,NA,NA,kaiser,kaiser__kaiser_int8_10e2__2717b67845b0cb80__periodic,kaiser_int8_10e2,10^2,100,window_positions=[100],INT8,CPU,not_applicable,compatibility/end-to-end,PASS,OK,20,100,2,0.0055700000000000003,true,2717b67845b0cb807ebe77185da4692a740e642a06104ded226fff40649ef7d7,7f7e8c1c3de8b46f4035204803e4778b5cfb9b93879cf782a3262e1746140d29
1,20260810T082130Z_8b745f9a6864_stage08_b01_formal_a104001a,formal,20260810T082130Z,8b745f9a68645ce41c47aa18fcde8b4868ef84eb,true,stage08_b01_kaiser_scales_v1,3c4c14a97768005f5dc56b0d0c17628fff55c481c5608f82bbef4fa7c495f9fe,operator,kaiser,NA,NA,kaiser,kaiser__kaiser_int8_10e2__2717b67845b0cb80__periodic,kaiser_int8_10e2,10^2,100,window_positions=[100],INT8,CPU,not_applicable,compatibility/end-to-end,PASS,OK,20,100,3,0.0055500000000000002,true,2717b67845b0cb807ebe77185da4692a740e642a06104ded226fff40649ef7d7,7f7e8c1c3de8b46f4035204803e4778b5cfb9b93879cf782a3262e1746140d29
1,20260810T082130Z_8b745f9a6864_stage08_b01_formal_a104001a,formal,20260810T082130Z,8b745f9a68645ce41c47aa18fcde8b4868ef84eb,true,stage08_b01_kaiser_scales_v1,3c4c14a97768005f5dc56b0d0c17628fff55c481c5608f82bbef4fa7c495f9fe,operator,kaiser,NA,NA,kaiser,kaiser__kaiser_int8_10e2__2717b67845b0cb80__periodic,kaiser_int8_10e2,10^2,100,window_positions=[100],INT8,CPU,not_applicable,compatibility/end-to-end,PASS,OK,20,100,4,0.0055399999999999998,true,2717b67845b0cb807ebe77185da4692a740e642a06104ded226fff40649ef7d7,7f7e8c1c3de8b46f4035204803e4778b5cfb9b93879cf782a3262e1746140d29
1,20260810T082130Z_8b745f9a6864_stage08_b01_formal_a104001a,formal,20260810T082130Z,8b745f9a68645ce41c47aa18fcde8b4868ef84eb,true,stage08_b01_kaiser_scales_v1,3c4c14a97768005f5dc56b0d0c17628fff55c481c5608f82bbef4fa7c495f9fe,operator,kaiser,NA,NA,kaiser,kaiser__kaiser_int8_10e2__2717b67845b0cb80__periodic,kaiser_int8_10e2,10^2,100,window_positions=[100],INT8,CPU,not_applicable,compatibility/end-to-end,PASS,OK,20,100,5,0.0055500000000000002,true,2717b67845b0cb807ebe77185da4692a740e642a06104ded226fff40649ef7d7,7f7e8c1c3de8b46f4035204803e4778b5cfb9b93879cf782a3262e1746140d29
1,20260810T082130Z_8b745f9a6864_stage08_b01_formal_a104001a,formal,20260810T082130Z,8b745f9a68645ce41c47aa18fcde8b4868ef84eb,true,stage08_b01_kaiser_scales_v1,3c4c14a97768005f5dc56b0d0c17628fff55c481c5608f82bbef4fa7c495f9fe,operator,kaiser,NA,NA,kaiser,kaiser__kaiser_int8_10e2__2717b67845b0cb80__periodic,kaiser_int8_10e2,10^2,100,window_positions=[100],INT8,CPU,not_applicable,compatibility/end-to-end,PASS,OK,20,100,6,0.0055300000000000002,true,2717b67845b0cb807ebe77185da4692a740e642a06104ded226fff40649ef7d7,7f7e8c1c3de8b46f4035204803e4778b5cfb9b93879cf782a3262e1746140d29
1,20260810T082130Z_8b745f9a6864_stage08_b01_formal_a104001a,formal,20260810T082130Z,8b745f9a68645ce41c47aa18fcde8b4868ef84eb,true,stage08_b01_kaiser_scales_v1,3c4c14a97768005f5dc56b0d0c17628fff55c481c5608f82bbef4fa7c495f9fe,operator,kaiser,NA,NA,kaiser,kaiser__kaiser_int8_10e2__2717b67845b0cb80__periodic,kaiser_int8_10e2,10^2,100,window_positions=[100],INT8,CPU,not_applicable,compatibility/end-to-end,PASS,OK,20,100,7,0.0055399999999999998,true,2717b67845b0cb807ebe77185da4692a740e642a06104ded226fff40649ef7d7,7f7e8c1c3de8b46f4035204803e4778b5cfb9b93879cf782a3262e1746140d29
1,20260810T082130Z_8b745f9a6864_stage08_b01_formal_a104001a,formal,20260810T082130Z,8b745f9a68645ce41c47aa18fcde8b4868ef84eb,true,stage08_b01_kaiser_scales_v1,3c4c14a97768005f5dc56b0d0c17628fff55c481c5608f82bbef4fa7c495f9fe,operator,kaiser,NA,NA,kaiser,kaiser__kaiser_int8_10e2__2717b67845b0cb80__periodic,kaiser_int8_10e2,10^2,100,window_positions=[100],INT8,CPU,not_applicable,compatibility/end-to-end,PASS,OK,20,100,8,0.0055500000000000002,true,2717b67845b0cb807ebe77185da4692a740e642a06104ded226fff40649ef7d7,7f7e8c1c3de8b46f4035204803e4778b5cfb9b93879cf782a3262e1746140d29
1,20260810T082130Z_8b745f9a6864_stage08_b01_formal_a104001a,formal,20260810T082130Z,8b745f9a68645ce41c47aa18fcde8b4868ef84eb,true,stage08_b01_kaiser_scales_v1,3c4c14a97768005f5dc56b0d0c17628fff55c481c5608f82bbef4fa7c495f9fe,operator,kaiser,NA,NA,kaiser,kaiser__kaiser_int8_10e2__2717b67845b0cb80__periodic,kaiser_int8_10e2,10^2,100,window_positions=[100],INT8,CPU,not_applicable,compatibility/end-to-end,PASS,OK,20,100,9,0.0055500000000000002,true,2717b67845b0cb807ebe77185da4692a740e642a06104ded226fff40649ef7d7,7f7e8c1c3de8b46f4035204803e4778b5cfb9b93879cf782a3262e1746140d29
1,20260810T082130Z_8b745f9a6864_stage08_b01_formal_a104001a,formal,20260810T082130Z,8b745f9a68645ce41c47aa18fcde8b4868ef84eb,true,stage08_b01_kaiser_scales_v1,3c4c14a97768005f5dc56b0d0c17628fff55c481c5608f82bbef4fa7c495f9fe,operator,kaiser,NA,NA,kaiser,kaiser__kaiser_int8_10e2__2717b67845b0cb80__periodic,kaiser_int8_10e2,10^2,100,window_positions=[100],INT8,CPU,not_applicable,compatibility/end-to-end,PASS,OK,20,100,10,0.0055500000000000002,true,2717b67845b0cb807ebe77185da4692a740e642a06104ded226fff40649ef7d7,7f7e8c1c3de8b46f4035204803e4778b5cfb9b93879cf782a3262e1746140d29
1,20260810T082130Z_8b745f9a6864_stage08_b01_formal_a104001a,formal,20260810T082130Z,8b745f9a68645ce41c47aa18fcde8b4868ef84eb,true,stage08_b01_kaiser_scales_v1,3c4c14a97768005f5dc56b0d0c17628fff55c481c5608f82bbef4fa7c495f9fe,operator,kaiser,NA,NA,kaiser,kaiser__kaiser_int8_10e2__2717b67845b0cb80__periodic,kaiser_int8_10e2,10^2,100,window_positions=[100],INT8,CPU,not_applicable,compatibility/end-to-end,PASS,OK,20,100,11,0.0055500000000000002,true,2717b67845b0cb807ebe77185da4692a740e642a06104ded226fff40649ef7d7,7f7e8c1c3de8b46f4035204803e4778b5cfb9b93879cf782a3262e1746140d29
1,20260810T082130Z_8b745f9a6864_stage08_b01_formal_a104001a,formal,20260810T082130Z,8b745f9a68645ce41c47aa18fcde8b4868ef84eb,true,stage08_b01_kaiser_scales_v1,3c4c14a97768005f5dc56b0d0c17628fff55c481c5608f82bbef4fa7c495f9fe,operator,kaiser,NA,NA,kaiser,kaiser__kaiser_int8_10e2__2717b67845b0cb80__periodic,kaiser_int8_10e2,10^2,100,window_positions=[100],INT8,CPU,not_applicable,compatibility/end-to-end,PASS,OK,20,100,12,0.0055599999999999998,true,2717b67845b0cb807ebe77185da4692a740e642a06104ded226fff40649ef7d7,7f7e8c1c3de8b46f4035204803e4778b5cfb9b93879cf782a3262e1746140d29
1,20260810T082130Z_8b745f9a6864_stage08_b01_formal_a104001a,formal,20260810T082130Z,8b745f9a68645ce41c47aa18fcde8b4868ef84eb,true,stage08_b01_kaiser_scales_v1,3c4c14a97768005f5dc56b0d0c17628fff55c481c5608f82bbef4fa7c495f9fe,operator,kaiser,NA,NA,kaiser,kaiser__kaiser_int8_10e2__2717b67845b0cb80__periodic,kaiser_int8_10e2,10^2,100,window_positions=[100],INT8,CPU,not_applicable,compatibility/end-to-end,PASS,OK,20,100,13,0.0055500000000000002,true,2717b67845b0cb807ebe77185da4692a740e642a06104ded226fff40649ef7d7,7f7e8c1c3de8b46f4035204803e4778b5cfb9b93879cf782a3262e1746140d29
1,20260810T082130Z_8b745f9a6864_stage08_b01_formal_a104001a,formal,20260810T082130Z,8b745f9a68645ce41c47aa18fcde8b4868ef84eb,true,stage08_b01_kaiser_scales_v1,3c4c14a97768005f5dc56b0d0c17628fff55c481c5608f82bbef4fa7c495f9fe,operator,kaiser,NA,NA,kaiser,kaiser__kaiser_int8_10e2__2717b67845b0cb80__periodic,kaiser_int8_10e2,10^2,100,window_positions=[100],INT8,CPU,not_applicable,compatibility/end-to-end,PASS,OK,20,100,14,0.0055500000000000002,true,2717b67845b0cb807ebe77185da4692a740e642a06104ded226fff40649ef7d7,7f7e8c1c3de8b46f4035204803e4778b5cfb9b93879cf782a3262e1746140d29
1,20260810T082130Z_8b745f9a6864_stage08_b01_formal_a104001a,formal,20260810T082130Z,8b745f9a68645ce41c47aa18fcde8b4868ef84eb,true,stage08_b01_kaiser_scales_v1,3c4c14a97768005f5dc56b0d0c17628fff55c481c5608f82bbef4fa7c495f9fe,operator,kaiser,NA,NA,kaiser,kaiser__kaiser_int8_10e2__2717b67845b0cb80__periodic,kaiser_int8_10e2,10^2,100,window_positions=[100],INT8,CPU,not_applicable,compatibility/end-to-end,PASS,OK,20,100,15,0.0055500000000000002,true,2717b67845b0cb807ebe77185da4692a740e642a06104ded226fff40649ef7d7,7f7e8c1c3de8b46f4035204803e4778b5cfb9b93879cf782a3262e1746140d29
1,20260810T082130Z_8b745f9a6864_stage08_b01_formal_a104001a,formal,20260810T082130Z,8b745f9a68645ce41c47aa18fcde8b4868ef84eb,true,stage08_b01_kaiser_scales_v1,3c4c14a97768005f5dc56b0d0c17628fff55c481c5608f82bbef4fa7c495f9fe,operator,kaiser,NA,NA,kaiser,kaiser__kaiser_int8_10e2__2717b67845b0cb80__periodic,kaiser_int8_10e2,10^2,100,window_positions=[100],INT8,CPU,not_applicable,compatibility/end-to-end,PASS,OK,20,100,16,0.0055599999999999998,true,2717b67845b0cb807ebe77185da4692a740e642a06104ded226fff40649ef7d7,7f7e8c1c3de8b46f4035204803e4778b5cfb9b93879cf782a3262e1746140d29
1,20260810T082130Z_8b745f9a6864_stage08_b01_formal_a104001a,formal,20260810T082130Z,8b745f9a68645ce41c47aa18fcde8b4868ef84eb,true,stage08_b01_kaiser_scales_v1,3c4c14a97768005f5dc56b0d0c17628fff55c481c5608f82bbef4fa7c495f9fe,operator,kaiser,NA,NA,kaiser,kaiser__kaiser_int8_10e2__2717b67845b0cb80__periodic,kaiser_int8_10e2,10^2,100,window_positions=[100],INT8,CPU,not_applicable,compatibility/end-to-end,PASS,OK,20,100,17,0.0055399999999999998,true,2717b67845b0cb807ebe77185da4692a740e642a06104ded226fff40649ef7d7,7f7e8c1c3de8b46f4035204803e4778b5cfb9b93879cf782a3262e1746140d29
1,20260810T082130Z_8b745f9a6864_stage08_b01_formal_a104001a,formal,20260810T082130Z,8b745f9a68645ce41c47aa18fcde8b4868ef84eb,true,stage08_b01_kaiser_scales_v1,3c4c14a97768005f5dc56b0d0c17628fff55c481c5608f82bbef4fa7c495f9fe,operator,kaiser,NA,NA,kaiser,kaiser__kaiser_int8_10e2__2717b67845b0cb80__periodic,kaiser_int8_10e2,10^2,100,window_positions=[100],INT8,CPU,not_applicable,compatibility/end-to-end,PASS,OK,20,100,18,0.0055500000000000002,true,2717b67845b0cb807ebe77185da4692a740e642a06104ded226fff40649ef7d7,7f7e8c1c3de8b46f4035204803e4778b5cfb9b93879cf782a3262e1746140d29
1,20260810T082130Z_8b745f9a6864_stage08_b01_formal_a104001a,formal,20260810T082130Z,8b745f9a68645ce41c47aa18fcde8b4868ef84eb,true,stage08_b01_kaiser_scales_v1,3c4c14a97768005f5dc56b0d0c17628fff55c481c5608f82bbef4fa7c495f9fe,operator,kaiser,NA,NA,kaiser,kaiser__kaiser_int8_10e2__2717b67845b0cb80__periodic,kaiser_int8_10e2,10^2,100,window_positions=[100],INT8,CPU,not_applicable,compatibility/end-to-end,PASS,OK,20,100,19,0.0055500000000000002,true,2717b67845b0cb807ebe77185da4692a740e642a06104ded226fff40649ef7d7,7f7e8c1c3de8b46f4035204803e4778b5cfb9b93879cf782a3262e1746140d29
1,20260810T082130Z_8b745f9a6864_stage08_b01_formal_a104001a,formal,20260810T082130Z,8b745f9a68645ce41c47aa18fcde8b4868ef84eb,true,stage08_b01_kaiser_scales_v1,3c4c14a97768005f5dc56b0d0c17628fff55c481c5608f82bbef4fa7c495f9fe,operator,kaiser,NA,NA,kaiser,kaiser__kaiser_int8_10e2__2717b67845b0cb80__periodic,kaiser_int8_10e2,10^2,100,window_positions=[100],INT8,CPU,not_applicable,compatibility/end-to-end,PASS,OK,20,100,20,0.0055599999999999998,true,2717b67845b0cb807ebe77185da4692a740e642a06104ded226fff40649ef7d7,7f7e8c1c3de8b46f4035204803e4778b5cfb9b93879cf782a3262e1746140d29
1,20260810T082130Z_8b745f9a6864_stage08_b01_formal_a104001a,formal,20260810T082130Z,8b745f9a68645ce41c47aa18fcde8b4868ef84eb,true,stage08_b01_kaiser_scales_v1,3c4c14a97768005f5dc56b0d0c17628fff55c481c5608f82bbef4fa7c495f9fe,operator,kaiser,NA,NA,kaiser,kaiser__kaiser_int8_10e2__2717b67845b0cb80__periodic,kaiser_int8_10e2,10^2,100,window_positions=[100],INT8,CPU,not_applicable,compatibility/end-to-end,PASS,OK,20,100,21,0.0055500000000000002,true,2717b67845b0cb807ebe77185da4692a740e642a06104ded226fff40649ef7d7,7f7e8c1c3de8b46f4035204803e4778b5cfb9b93879cf782a3262e1746140d29
1,20260810T082130Z_8b745f9a6864_stage08_b01_formal_a104001a,formal,20260810T082130Z,8b745f9a68645ce41c47aa18fcde8b4868ef84eb,true,stage08_b01_kaiser_scales_v1,3c4c14a97768005f5dc56b0d0c17628fff55c481c5608f82bbef4fa7c495f9fe,operator,kaiser,NA,NA,kaiser,kaiser__kaiser_int8_10e2__2717b67845b0cb80__periodic,kaiser_int8_10e2,10^2,100,window_positions=[100],INT8,CPU,not_applicable,compatibility/end-to-end,PASS,OK,20,100,22,0.0055599999999999998,true,2717b67845b0cb807ebe77185da4692a740e642a06104ded226fff40649ef7d7,7f7e8c1c3de8b46f4035204803e4778b5cfb9b93879cf782a3262e1746140d29
1,20260810T082130Z_8b745f9a6864_stage08_b01_formal_a104001a,formal,20260810T082130Z,8b745f9a68645ce41c47aa18fcde8b4868ef84eb,true,stage08_b01_kaiser_scales_v1,3c4c14a97768005f5dc56b0d0c17628fff55c481c5608f82bbef4fa7c495f9fe,operator,kaiser,NA,NA,kaiser,kaiser__kaiser_int8_10e2__2717b67845b0cb80__periodic,kaiser_int8_10e2,10^2,100,window_positions=[100],INT8,CPU,not_applicable,compatibility/end-to-end,PASS,OK,20,100,23,0.0055500000000000002,true,2717b67845b0cb807ebe77185da4692a740e642a06104ded226fff40649ef7d7,7f7e8c1c3de8b46f4035204803e4778b5cfb9b93879cf782a3262e1746140d29
1,20260810T082130Z_8b745f9a6864_stage08_b01_formal_a104001a,formal,20260810T082130Z,8b745f9a68645ce41c47aa18fcde8b4868ef84eb,true,stage08_b01_kaiser_scales_v1,3c4c14a97768005f5dc56b0d0c17628fff55c481c5608f82bbef4fa7c495f9fe,operator,kaiser,NA,NA,kaiser,kaiser__kaiser_int8_10e2__2717b67845b0cb80__periodic,kaiser_int8_10e2,10^2,100,window_positions=[100],INT8,CPU,not_applicable,compatibility/end-to-end,PASS,OK,20,100,24,0.0055599999999999998,true,2717b67845b0cb807ebe77185da4692a740e642a06104ded226fff40649ef7d7,7f7e8c1c3de8b46f4035204803e4778b5cfb9b93879cf782a3262e1746140d29
1,20260810T082130Z_8b745f9a6864_stage08_b01_formal_a104001a,formal,20260810T082130Z,8b745f9a68645ce41c47aa18fcde8b4868ef84eb,true,stage08_b01_kaiser_scales_v1,3c4c14a97768005f5dc56b0d0c17628fff55c481c5608f82bbef4fa7c495f9fe,operator,kaiser,NA,NA,kaiser,kaiser__kaiser_int8_10e2__2717b67845b0cb80__periodic,kaiser_int8_10e2,10^2,100,window_positions=[100],INT8,CPU,not_applicable,compatibility/end-to-end,PASS,OK,20,100,25,0.0055300000000000002,true,2717b67845b0cb807ebe77185da4692a740e642a06104ded226fff40649ef7d7,7f7e8c1c3de8b46f4035204803e4778b5cfb9b93879cf782a3262e1746140d29
1,20260810T082130Z_8b745f9a6864_stage08_b01_formal_a104001a,formal,20260810T082130Z,8b745f9a68645ce41c47aa18fcde8b4868ef84eb,true,stage08_b01_kaiser_scales_v1,3c4c14a97768005f5dc56b0d0c17628fff55c481c5608f82bbef4fa7c495f9fe,operator,kaiser,NA,NA,kaiser,kaiser__kaiser_int8_10e2__2717b67845b0cb80__periodic,kaiser_int8_10e2,10^2,100,window_positions=[100],INT8,CPU,not_applicable,compatibility/end-to-end,PASS,OK,20,100,26,0.0055599999999999998,true,2717b67845b0cb807ebe77185da4692a740e642a06104ded226fff40649ef7d7,7f7e8c1c3de8b46f4035204803e4778b5cfb9b93879cf782a3262e1746140d29
1,20260810T082130Z_8b745f9a6864_stage08_b01_formal_a104001a,formal,20260810T082130Z,8b745f9a68645ce41c47aa18fcde8b4868ef84eb,true,stage08_b01_kaiser_scales_v1,3c4c14a97768005f5dc56b0d0c17628fff55c481c5608f82bbef4fa7c495f9fe,operator,kaiser,NA,NA,kaiser,kaiser__kaiser_int8_10e2__2717b67845b0cb80__periodic,kaiser_int8_10e2,10^2,100,window_positions=[100],INT8,CPU,not_applicable,compatibility/end-to-end,PASS,OK,20,100,27,0.0055300000000000002,true,2717b67845b0cb807ebe77185da4692a740e642a06104ded226fff40649ef7d7,7f7e8c1c3de8b46f4035204803e4778b5cfb9b93879cf782a3262e1746140d29
1,20260810T082130Z_8b745f9a6864_stage08_b01_formal_a104001a,formal,20260810T082130Z,8b745f9a68645ce41c47aa18fcde8b4868ef84eb,true,stage08_b01_kaiser_scales_v1,3c4c14a97768005f5dc56b0d0c17628fff55c481c5608f82bbef4fa7c495f9fe,operator,kaiser,NA,NA,kaiser,kaiser__kaiser_int8_10e2__2717b67845b0cb80__periodic,kaiser_int8_10e2,10^2,100,window_positions=[100],INT8,CPU,not_applicable,compatibility/end-to-end,PASS,OK,20,100,28,0.005561,true,2717b67845b0cb807ebe77185da4692a740e642a06104ded226fff40649ef7d7,7f7e8c1c3de8b46f4035204803e4778b5cfb9b93879cf782a3262e1746140d29
1,20260810T082130Z_8b745f9a6864_stage08_b01_formal_a104001a,formal,20260810T082130Z,8b745f9a68645ce41c47aa18fcde8b4868ef84eb,true,stage08_b01_kaiser_scales_v1,3c4c14a97768005f5dc56b0d0c17628fff55c481c5608f82bbef4fa7c495f9fe,operator,kaiser,NA,NA,kaiser,kaiser__kaiser_int8_10e2__2717b67845b0cb80__periodic,kaiser_int8_10e2,10^2,100,window_positions=[100],INT8,CPU,not_applicable,compatibility/end-to-end,PASS,OK,20,100,29,0.0055500000000000002,true,2717b67845b0cb807ebe77185da4692a740e642a06104ded226fff40649ef7d7,7f7e8c1c3de8b46f4035204803e4778b5cfb9b93879cf782a3262e1746140d29
1,20260810T082130Z_8b745f9a6864_stage08_b01_formal_a104001a,formal,20260810T082130Z,8b745f9a68645ce41c47aa18fcde8b4868ef84eb,true,stage08_b01_kaiser_scales_v1,3c4c14a97768005f5dc56b0d0c17628fff55c481c5608f82bbef4fa7c495f9fe,operator,kaiser,NA,NA,kaiser,kaiser__kaiser_int8_10e2__2717b67845b0cb80__periodic,kaiser_int8_10e2,10^2,100,window_positions=[100],INT8,CPU,not_applicable,compatibility/end-to-end,PASS,OK,20,100,30,0.0055500000000000002,true,2717b67845b0cb807ebe77185da4692a740e642a06104ded226fff40649ef7d7,7f7e8c1c3de8b46f4035204803e4778b5cfb9b93879cf782a3262e1746140d29
1,20260810T082130Z_8b745f9a6864_stage08_b01_formal_a104001a,formal,20260810T082130Z,8b745f9a68645ce41c47aa18fcde8b4868ef84eb,true,stage08_b01_kaiser_scales_v1,3c4c14a97768005f5dc56b0d0c17628fff55c481c5608f82bbef4fa7c495f9fe,operator,kaiser,NA,NA,kaiser,kaiser__kaiser_int8_10e2__2717b67845b0cb80__periodic,kaiser_int8_10e2,10^2,100,window_positions=[100],INT8,CPU,not_applicable,compatibility/end-to-end,PASS,OK,20,100,31,0.0055500000000000002,true,2717b67845b0cb807ebe77185da4692a740e642a06104ded226fff40649ef7d7,7f7e8c1c3de8b46f4035204803e4778b5cfb9b93879cf782a3262e1746140d29
1,20260810T082130Z_8b745f9a6864_stage08_b01_formal_a104001a,formal,20260810T082130Z,8b745f9a68645ce41c47aa18fcde8b4868ef84eb,true,stage08_b01_kaiser_scales_v1,3c4c14a97768005f5dc56b0d0c17628fff55c481c5608f82bbef4fa7c495f9fe,operator,kaiser,NA,NA,kaiser,kaiser__kaiser_int8_10e2__2717b67845b0cb80__periodic,kaiser_int8_10e2,10^2,100,window_positions=[100],INT8,CPU,not_applicable,compatibility/end-to-end,PASS,OK,20,100,32,0.0055599999999999998,true,2717b67845b0cb807ebe77185da4692a740e642a06104ded226fff40649ef7d7,7f7e8c1c3de8b46f4035204803e4778b5cfb9b93879cf782a3262e1746140d29
1,20260810T082130Z_8b745f9a6864_stage08_b01_formal_a104001a,formal,20260810T082130Z,8b745f9a68645ce41c47aa18fcde8b4868ef84eb,true,stage08_b01_kaiser_scales_v1,3c4c14a97768005f5dc56b0d0c17628fff55c481c5608f82bbef4fa7c495f9fe,operator,kaiser,NA,NA,kaiser,kaiser__kaiser_int8_10e2__2717b67845b0cb80__periodic,kaiser_int8_10e2,10^2,100,window_positions=[100],INT8,CPU,not_applicable,compatibility/end-to-end,PASS,OK,20,100,33,0.0055500000000000002,true,2717b67845b0cb807ebe77185da4692a740e642a06104ded226fff40649ef7d7,7f7e8c1c3de8b46f4035204803e4778b5cfb9b93879cf782a3262e1746140d29
1,20260810T082130Z_8b745f9a6864_stage08_b01_formal_a104001a,formal,20260810T082130Z,8b745f9a68645ce41c47aa18fcde8b4868ef84eb,true,stage08_b01_kaiser_scales_v1,3c4c14a97768005f5dc56b0d0c17628fff55c481c5608f82bbef4fa7c495f9fe,operator,kaiser,NA,NA,kaiser,kaiser__kaiser_int8_10e2__2717b67845b0cb80__periodic,kaiser_int8_10e2,10^2,100,window_positions=[100],INT8,CPU,not_applicable,compatibility/end-to-end,PASS,OK,20,100,34,0.0055399999999999998,true,2717b67845b0cb807ebe77185da4692a740e642a06104ded226fff40649ef7d7,7f7e8c1c3de8b46f4035204803e4778b5cfb9b93879cf782a3262e1746140d29
1,20260810T082130Z_8b745f9a6864_stage08_b01_formal_a104001a,formal,20260810T082130Z,8b745f9a68645ce41c47aa18fcde8b4868ef84eb,true,stage08_b01_kaiser_scales_v1,3c4c14a97768005f5dc56b0d0c17628fff55c481c5608f82bbef4fa7c495f9fe,operator,kaiser,NA,NA,kaiser,kaiser__kaiser_int8_10e2__2717b67845b0cb80__periodic,kaiser_int8_10e2,10^2,100,window_positions=[100],INT8,CPU,not_applicable,compatibility/end-to-end,PASS,OK,20,100,35,0.0055500000000000002,true,2717b67845b0cb807ebe77185da4692a740e642a06104ded226fff40649ef7d7,7f7e8c1c3de8b46f4035204803e4778b5cfb9b93879cf782a3262e1746140d29
1,20260810T082130Z_8b745f9a6864_stage08_b01_formal_a104001a,formal,20260810T082130Z,8b745f9a68645ce41c47aa18fcde8b4868ef84eb,true,stage08_b01_kaiser_scales_v1,3c4c14a97768005f5dc56b0d0c17628fff55c481c5608f82bbef4fa7c495f9fe,operator,kaiser,NA,NA,kaiser,kaiser__kaiser_int8_10e2__2717b67845b0cb80__periodic,kaiser_int8_10e2,10^2,100,window_positions=[100],INT8,CPU,not_applicable,compatibility/end-to-end,PASS,OK,20,100,36,0.0055599999999999998,true,2717b67845b0cb807ebe77185da4692a740e642a06104ded226fff40649ef7d7,7f7e8c1c3de8b46f4035204803e4778b5cfb9b93879cf782a3262e1746140d29
1,20260810T082130Z_8b745f9a6864_stage08_b01_formal_a104001a,formal,20260810T082130Z,8b745f9a68645ce41c47aa18fcde8b4868ef84eb,true,stage08_b01_kaiser_scales_v1,3c4c14a97768005f5dc56b0d0c17628fff55c481c5608f82bbef4fa7c495f9fe,operator,kaiser,NA,NA,kaiser,kaiser__kaiser_int8_10e2__2717b67845b0cb80__periodic,kaiser_int8_10e2,10^2,100,window_positions=[100],INT8,CPU,not_applicable,compatibility/end-to-end,PASS,OK,20,100,37,0.0055399999999999998,true,2717b67845b0cb807ebe77185da4692a740e642a06104ded226fff40649ef7d7,7f7e8c1c3de8b46f4035204803e4778b5cfb9b93879cf782a3262e1746140d29
1,20260810T082130Z_8b745f9a6864_stage08_b01_formal_a104001a,formal,20260810T082130Z,8b745f9a68645ce41c47aa18fcde8b4868ef84eb,true,stage08_b01_kaiser_scales_v1,3c4c14a97768005f5dc56b0d0c17628fff55c481c5608f82bbef4fa7c495f9fe,operator,kaiser,NA,NA,kaiser,kaiser__kaiser_int8_10e2__2717b67845b0cb80__periodic,kaiser_int8_10e2,10^2,100,window_positions=[100],INT8,CPU,not_applicable,compatibility/end-to-end,PASS,OK,20,100,38,0.0055599999999999998,true,2717b67845b0cb807ebe77185da4692a740e642a06104ded226fff40649ef7d7,7f7e8c1c3de8b46f4035204803e4778b5cfb9b93879cf782a3262e1746140d29
1,20260810T082130Z_8b745f9a6864_stage08_b01_formal_a104001a,formal,20260810T082130Z,8b745f9a68645ce41c47aa18fcde8b4868ef84eb,true,stage08_b01_kaiser_scales_v1,3c4c14a97768005f5dc56b0d0c17628fff55c481c5608f82bbef4fa7c495f9fe,operator,kaiser,NA,NA,kaiser,kaiser__kaiser_int8_10e2__2717b67845b0cb80__periodic,kaiser_int8_10e2,10^2,100,window_positions=[100],INT8,CPU,not_applicable,compatibility/end-to-end,PASS,OK,20,100,39,0.0055500000000000002,true,2717b67845b0cb807ebe77185da4692a740e642a06104ded226fff40649ef7d7,7f7e8c1c3de8b46f4035204803e4778b5cfb9b93879cf782a3262e1746140d29
1,20260810T082130Z_8b745f9a6864_stage08_b01_formal_a104001a,formal,20260810T082130Z,8b745f9a68645ce41c47aa18fcde8b4868ef84eb,true,stage08_b01_kaiser_scales_v1,3c4c14a97768005f5dc56b0d0c17628fff55c481c5608f82bbef4fa7c495f9fe,operator,kaiser,NA,NA,kaiser,kaiser__kaiser_int8_10e2__2717b67845b0cb80__periodic,kaiser_int8_10e2,10^2,100,window_positions=[100],INT8,CPU,not_applicable,compatibility/end-to-end,PASS,OK,20,100,40,0.0055599999999999998,true,2717b67845b0cb807ebe77185da4692a740e642a06104ded226fff40649ef7d7,7f7e8c1c3de8b46f4035204803e4778b5cfb9b93879cf782a3262e1746140d29
1,20260810T082130Z_8b745f9a6864_stage08_b01_formal_a104001a,formal,20260810T082130Z,8b745f9a68645ce41c47aa18fcde8b4868ef84eb,true,stage08_b01_kaiser_scales_v1,3c4c14a97768005f5dc56b0d0c17628fff55c481c5608f82bbef4fa7c495f9fe,operator,kaiser,NA,NA,kaiser,kaiser__kaiser_int8_10e2__2717b67845b0cb80__periodic,kaiser_int8_10e2,10^2,100,window_positions=[100],INT8,CPU,not_applicable,compatibility/end-to-end,PASS,OK,20,100,41,0.0055500000000000002,true,2717b67845b0cb807ebe77185da4692a740e642a06104ded226fff40649ef7d7,7f7e8c1c3de8b46f4035204803e4778b5cfb9b93879cf782a3262e1746140d29
1,20260810T082130Z_8b745f9a6864_stage08_b01_formal_a104001a,formal,20260810T082130Z,8b745f9a68645ce41c47aa18fcde8b4868ef84eb,true,stage08_b01_kaiser_scales_v1,3c4c14a97768005f5dc56b0d0c17628fff55c481c5608f82bbef4fa7c495f9fe,operator,kaiser,NA,NA,kaiser,kaiser__kaiser_int8_10e2__2717b67845b0cb80__periodic,kaiser_int8_10e2,10^2,100,window_positions=[100],INT8,CPU,not_applicable,compatibility/end-to-end,PASS,OK,20,100,42,0.0055599999999999998,true,2717b67845b0cb807ebe77185da4692a740e642a06104ded226fff40649ef7d7,7f7e8c1c3de8b46f4035204803e4778b5cfb9b93879cf782a3262e1746140d29
1,20260810T082130Z_8b745f9a6864_stage08_b01_formal_a104001a,formal,20260810T082130Z,8b745f9a68645ce41c47aa18fcde8b4868ef84eb,true,stage08_b01_kaiser_scales_v1,3c4c14a97768005f5dc56b0d0c17628fff55c481c5608f82bbef4fa7c495f9fe,operator,kaiser,NA,NA,kaiser,kaiser__kaiser_int8_10e2__2717b67845b0cb80__periodic,kaiser_int8_10e2,10^2,100,window_positions=[100],INT8,CPU,not_applicable,compatibility/end-to-end,PASS,OK,20,100,43,0.0055500000000000002,true,2717b67845b0cb807ebe77185da4692a740e642a06104ded226fff40649ef7d7,7f7e8c1c3de8b46f4035204803e4778b5cfb9b93879cf782a3262e1746140d29
1,20260810T082130Z_8b745f9a6864_stage08_b01_formal_a104001a,formal,20260810T082130Z,8b745f9a68645ce41c47aa18fcde8b4868ef84eb,true,stage08_b01_kaiser_scales_v1,3c4c14a97768005f5dc56b0d0c17628fff55c481c5608f82bbef4fa7c495f9fe,operator,kaiser,NA,NA,kaiser,kaiser__kaiser_int8_10e2__2717b67845b0cb80__periodic,kaiser_int8_10e2,10^2,100,window_positions=[100],INT8,CPU,not_applicable,compatibility/end-to-end,PASS,OK,20,100,44,0.0055500000000000002,true,2717b67845b0cb807ebe77185da4692a740e642a06104ded226fff40649ef7d7,7f7e8c1c3de8b46f4035204803e4778b5cfb9b93879cf782a3262e1746140d29
1,20260810T082130Z_8b745f9a6864_stage08_b01_formal_a104001a,formal,20260810T082130Z,8b745f9a68645ce41c47aa18fcde8b4868ef84eb,true,stage08_b01_kaiser_scales_v1,3c4c14a97768005f5dc56b0d0c17628fff55c481c5608f82bbef4fa7c495f9fe,operator,kaiser,NA,NA,kaiser,kaiser__kaiser_int8_10e2__2717b67845b0cb80__periodic,kaiser_int8_10e2,10^2,100,window_positions=[100],INT8,CPU,not_applicable,compatibility/end-to-end,PASS,OK,20,100,45,0.0055500000000000002,true,2717b67845b0cb807ebe77185da4692a740e642a06104ded226fff40649ef7d7,7f7e8c1c3de8b46f4035204803e4778b5cfb9b93879cf782a3262e1746140d29
1,20260810T082130Z_8b745f9a6864_stage08_b01_formal_a104001a,formal,20260810T082130Z,8b745f9a68645ce41c47aa18fcde8b4868ef84eb,true,stage08_b01_kaiser_scales_v1,3c4c14a97768005f5dc56b0d0c17628fff55c481c5608f82bbef4fa7c495f9fe,operator,kaiser,NA,NA,kaiser,kaiser__kaiser_int8_10e2__2717b67845b0cb80__periodic,kaiser_int8_10e2,10^2,100,window_positions=[100],INT8,CPU,not_applicable,compatibility/end-to-end,PASS,OK,20,100,46,0.0055599999999999998,true,2717b67845b0cb807ebe77185da4692a740e642a06104ded226fff40649ef7d7,7f7e8c1c3de8b46f4035204803e4778b5cfb9b93879cf782a3262e1746140d29
1,20260810T082130Z_8b745f9a6864_stage08_b01_formal_a104001a,formal,20260810T082130Z,8b745f9a68645ce41c47aa18fcde8b4868ef84eb,true,stage08_b01_kaiser_scales_v1,3c4c14a97768005f5dc56b0d0c17628fff55c481c5608f82bbef4fa7c495f9fe,operator,kaiser,NA,NA,kaiser,kaiser__kaiser_int8_10e2__2717b67845b0cb80__periodic,kaiser_int8_10e2,10^2,100,window_positions=[100],INT8,CPU,not_applicable,compatibility/end-to-end,PASS,OK,20,100,47,0.0055399999999999998,true,2717b67845b0cb807ebe77185da4692a740e642a06104ded226fff40649ef7d7,7f7e8c1c3de8b46f4035204803e4778b5cfb9b93879cf782a3262e1746140d29
1,20260810T082130Z_8b745f9a6864_stage08_b01_formal_a104001a,formal,20260810T082130Z,8b745f9a68645ce41c47aa18fcde8b4868ef84eb,true,stage08_b01_kaiser_scales_v1,3c4c14a97768005f5dc56b0d0c17628fff55c481c5608f82bbef4fa7c495f9fe,operator,kaiser,NA,NA,kaiser,kaiser__kaiser_int8_10e2__2717b67845b0cb80__periodic,kaiser_int8_10e2,10^2,100,window_positions=[100],INT8,CPU,not_applicable,compatibility/end-to-end,PASS,OK,20,100,48,0.0055599999999999998,true,2717b67845b0cb807ebe77185da4692a740e642a06104ded226fff40649ef7d7,7f7e8c1c3de8b46f4035204803e4778b5cfb9b93879cf782a3262e1746140d29
1,20260810T082130Z_8b745f9a6864_stage08_b01_formal_a104001a,formal,20260810T082130Z,8b745f9a68645ce41c47aa18fcde8b4868ef84eb,true,stage08_b01_kaiser_scales_v1,3c4c14a97768005f5dc56b0d0c17628fff55c481c5608f82bbef4fa7c495f9fe,operator,kaiser,NA,NA,kaiser,kaiser__kaiser_int8_10e2__2717b67845b0cb80__periodic,kaiser_int8_10e2,10^2,100,window_positions=[100],INT8,CPU,not_applicable,compatibility/end-to-end,PASS,OK,20,100,49,0.0055500000000000002,true,2717b67845b0cb807ebe77185da4692a740e642a06104ded226fff40649ef7d7,7f7e8c1c3de8b46f4035204803e4778b5cfb9b93879cf782a3262e1746140d29
1,20260810T082130Z_8b745f9a6864_stage08_b01_formal_a104001a,formal,20260810T082130Z,8b745f9a68645ce41c47aa18fcde8b4868ef84eb,true,stage08_b01_kaiser_scales_v1,3c4c14a97768005f5dc56b0d0c17628fff55c481c5608f82bbef4fa7c495f9fe,operator,kaiser,NA,NA,kaiser,kaiser__kaiser_int8_10e2__2717b67845b0cb80__periodic,kaiser_int8_10e2,10^2,100,window_positions=[100],INT8,CPU,not_applicable,compatibility/end-to-end,PASS,OK,20,100,50,0.0055500000000000002,true,2717b67845b0cb807ebe77185da4692a740e642a06104ded226fff40649ef7d7,7f7e8c1c3de8b46f4035204803e4778b5cfb9b93879cf782a3262e1746140d29
1,20260810T082130Z_8b745f9a6864_stage08_b01_formal_a104001a,formal,20260810T082130Z,8b745f9a68645ce41c47aa18fcde8b4868ef84eb,true,stage08_b01_kaiser_scales_v1,3c4c14a97768005f5dc56b0d0c17628fff55c481c5608f82bbef4fa7c495f9fe,operator,kaiser,NA,NA,kaiser,kaiser__kaiser_int8_10e2__2717b67845b0cb80__periodic,kaiser_int8_10e2,10^2,100,window_positions=[100],INT8,CPU,not_applicable,compatibility/end-to-end,PASS,OK,20,100,51,0.0055399999999999998,true,2717b67845b0cb807ebe77185da4692a740e642a06104ded226fff40649ef7d7,7f7e8c1c3de8b46f4035204803e4778b5cfb9b93879cf782a3262e1746140d29
1,20260810T082130Z_8b745f9a6864_stage08_b01_formal_a104001a,formal,20260810T082130Z,8b745f9a68645ce41c47aa18fcde8b4868ef84eb,true,stage08_b01_kaiser_scales_v1,3c4c14a97768005f5dc56b0d0c17628fff55c481c5608f82bbef4fa7c495f9fe,operator,kaiser,NA,NA,kaiser,kaiser__kaiser_int8_10e2__2717b67845b0cb80__periodic,kaiser_int8_10e2,10^2,100,window_positions=[100],INT8,CPU,not_applicable,compatibility/end-to-end,PASS,OK,20,100,52,0.0055500000000000002,true,2717b67845b0cb807ebe77185da4692a740e642a06104ded226fff40649ef7d7,7f7e8c1c3de8b46f4035204803e4778b5cfb9b93879cf782a3262e1746140d29
1,20260810T082130Z_8b745f9a6864_stage08_b01_formal_a104001a,formal,20260810T082130Z,8b745f9a68645ce41c47aa18fcde8b4868ef84eb,true,stage08_b01_kaiser_scales_v1,3c4c14a97768005f5dc56b0d0c17628fff55c481c5608f82bbef4fa7c495f9fe,operator,kaiser,NA,NA,kaiser,kaiser__kaiser_int8_10e2__2717b67845b0cb80__periodic,kaiser_int8_10e2,10^2,100,window_positions=[100],INT8,CPU,not_applicable,compatibility/end-to-end,PASS,OK,20,100,53,0.0055300000000000002,true,2717b67845b0cb807ebe77185da4692a740e642a06104ded226fff40649ef7d7,7f7e8c1c3de8b46f4035204803e4778b5cfb9b93879cf782a3262e1746140d29
1,20260810T082130Z_8b745f9a6864_stage08_b01_formal_a104001a,formal,20260810T082130Z,8b745f9a68645ce41c47aa18fcde8b4868ef84eb,true,stage08_b01_kaiser_scales_v1,3c4c14a97768005f5dc56b0d0c17628fff55c481c5608f82bbef4fa7c495f9fe,operator,kaiser,NA,NA,kaiser,kaiser__kaiser_int8_10e2__2717b67845b0cb80__periodic,kaiser_int8_10e2,10^2,100,window_positions=[100],INT8,CPU,not_applicable,compatibility/end-to-end,PASS,OK,20,100,54,0.0055599999999999998,true,2717b67845b0cb807ebe77185da4692a740e642a06104ded226fff40649ef7d7,7f7e8c1c3de8b46f4035204803e4778b5cfb9b93879cf782a3262e1746140d29
1,20260810T082130Z_8b745f9a6864_stage08_b01_formal_a104001a,formal,20260810T082130Z,8b745f9a68645ce41c47aa18fcde8b4868ef84eb,true,stage08_b01_kaiser_scales_v1,3c4c14a97768005f5dc56b0d0c17628fff55c481c5608f82bbef4fa7c495f9fe,operator,kaiser,NA,NA,kaiser,kaiser__kaiser_int8_10e2__2717b67845b0cb80__periodic,kaiser_int8_10e2,10^2,100,window_positions=[100],INT8,CPU,not_applicable,compatibility/end-to-end,PASS,OK,20,100,55,0.0055500000000000002,true,2717b67845b0cb807ebe77185da4692a740e642a06104ded226fff40649ef7d7,7f7e8c1c3de8b46f4035204803e4778b5cfb9b93879cf782a3262e1746140d29
1,20260810T082130Z_8b745f9a6864_stage08_b01_formal_a104001a,formal,20260810T082130Z,8b745f9a68645ce41c47aa18fcde8b4868ef84eb,true,stage08_b01_kaiser_scales_v1,3c4c14a97768005f5dc56b0d0c17628fff55c481c5608f82bbef4fa7c495f9fe,operator,kaiser,NA,NA,kaiser,kaiser__kaiser_int8_10e2__2717b67845b0cb80__periodic,kaiser_int8_10e2,10^2,100,window_positions=[100],INT8,CPU,not_applicable,compatibility/end-to-end,PASS,OK,20,100,56,0.0055599999999999998,true,2717b67845b0cb807ebe77185da4692a740e642a06104ded226fff40649ef7d7,7f7e8c1c3de8b46f4035204803e4778b5cfb9b93879cf782a3262e1746140d29
1,20260810T082130Z_8b745f9a6864_stage08_b01_formal_a104001a,formal,20260810T082130Z,8b745f9a68645ce41c47aa18fcde8b4868ef84eb,true,stage08_b01_kaiser_scales_v1,3c4c14a97768005f5dc56b0d0c17628fff55c481c5608f82bbef4fa7c495f9fe,operator,kaiser,NA,NA,kaiser,kaiser__kaiser_int8_10e2__2717b67845b0cb80__periodic,kaiser_int8_10e2,10^2,100,window_positions=[100],INT8,CPU,not_applicable,compatibility/end-to-end,PASS,OK,20,100,57,0.0055500000000000002,true,2717b67845b0cb807ebe77185da4692a740e642a06104ded226fff40649ef7d7,7f7e8c1c3de8b46f4035204803e4778b5cfb9b93879cf782a3262e1746140d29
1,20260810T082130Z_8b745f9a6864_stage08_b01_formal_a104001a,formal,20260810T082130Z,8b745f9a68645ce41c47aa18fcde8b4868ef84eb,true,stage08_b01_kaiser_scales_v1,3c4c14a97768005f5dc56b0d0c17628fff55c481c5608f82bbef4fa7c495f9fe,operator,kaiser,NA,NA,kaiser,kaiser__kaiser_int8_10e2__2717b67845b0cb80__periodic,kaiser_int8_10e2,10^2,100,window_positions=[100],INT8,CPU,not_applicable,compatibility/end-to-end,PASS,OK,20,100,58,0.0055599999999999998,true,2717b67845b0cb807ebe77185da4692a740e642a06104ded226fff40649ef7d7,7f7e8c1c3de8b46f4035204803e4778b5cfb9b93879cf782a3262e1746140d29
1,20260810T082130Z_8b745f9a6864_stage08_b01_formal_a104001a,formal,20260810T082130Z,8b745f9a68645ce41c47aa18fcde8b4868ef84eb,true,stage08_b01_kaiser_scales_v1,3c4c14a97768005f5dc56b0d0c17628fff55c481c5608f82bbef4fa7c495f9fe,operator,kaiser,NA,NA,kaiser,kaiser__kaiser_int8_10e2__2717b67845b0cb80__periodic,kaiser_int8_10e2,10^2,100,window_positions=[100],INT8,CPU,not_applicable,compatibility/end-to-end,PASS,OK,20,100,59,0.0055500000000000002,true,2717b67845b0cb807ebe77185da4692a740e642a06104ded226fff40649ef7d7,7f7e8c1c3de8b46f4035204803e4778b5cfb9b93879cf782a3262e1746140d29
1,20260810T082130Z_8b745f9a6864_stage08_b01_formal_a104001a,formal,20260810T082130Z,8b745f9a68645ce41c47aa18fcde8b4868ef84eb,true,stage08_b01_kaiser_scales_v1,3c4c14a97768005f5dc56b0d0c17628fff55c481c5608f82bbef4fa7c495f9fe,operator,kaiser,NA,NA,kaiser,kaiser__kaiser_int8_10e2__2717b67845b0cb80__periodic,kaiser_int8_10e2,10^2,100,window_positions=[100],INT8,CPU,not_applicable,compatibility/end-to-end,PASS,OK,20,100,60,0.0055399999999999998,true,2717b67845b0cb807ebe77185da4692a740e642a06104ded226fff40649ef7d7,7f7e8c1c3de8b46f4035204803e4778b5cfb9b93879cf782a3262e1746140d29
1,20260810T082130Z_8b745f9a6864_stage08_b01_formal_a104001a,formal,20260810T082130Z,8b745f9a68645ce41c47aa18fcde8b4868ef84eb,true,stage08_b01_kaiser_scales_v1,3c4c14a97768005f5dc56b0d0c17628fff55c481c5608f82bbef4fa7c495f9fe,operator,kaiser,NA,NA,kaiser,kaiser__kaiser_int8_10e2__2717b67845b0cb80__periodic,kaiser_int8_10e2,10^2,100,window_positions=[100],INT8,CPU,not_applicable,compatibility/end-to-end,PASS,OK,20,100,61,0.0055500000000000002,true,2717b67845b0cb807ebe77185da4692a740e642a06104ded226fff40649ef7d7,7f7e8c1c3de8b46f4035204803e4778b5cfb9b93879cf782a3262e1746140d29
1,20260810T082130Z_8b745f9a6864_stage08_b01_formal_a104001a,formal,20260810T082130Z,8b745f9a68645ce41c47aa18fcde8b4868ef84eb,true,stage08_b01_kaiser_scales_v1,3c4c14a97768005f5dc56b0d0c17628fff55c481c5608f82bbef4fa7c495f9fe,operator,kaiser,NA,NA,kaiser,kaiser__kaiser_int8_10e2__2717b67845b0cb80__periodic,kaiser_int8_10e2,10^2,100,window_positions=[100],INT8,CPU,not_applicable,compatibility/end-to-end,PASS,OK,20,100,62,0.0055599999999999998,true,2717b67845b0cb807ebe77185da4692a740e642a06104ded226fff40649ef7d7,7f7e8c1c3de8b46f4035204803e4778b5cfb9b93879cf782a3262e1746140d29
1,20260810T082130Z_8b745f9a6864_stage08_b01_formal_a104001a,formal,20260810T082130Z,8b745f9a68645ce41c47aa18fcde8b4868ef84eb,true,stage08_b01_kaiser_scales_v1,3c4c14a97768005f5dc56b0d0c17628fff55c481c5608f82bbef4fa7c495f9fe,operator,kaiser,NA,NA,kaiser,kaiser__kaiser_int8_10e2__2717b67845b0cb80__periodic,kaiser_int8_10e2,10^2,100,window_positions=[100],INT8,CPU,not_applicable,compatibility/end-to-end,PASS,OK,20,100,63,0.0055500000000000002,true,2717b67845b0cb807ebe77185da4692a740e642a06104ded226fff40649ef7d7,7f7e8c1c3de8b46f4035204803e4778b5cfb9b93879cf782a3262e1746140d29
1,20260810T082130Z_8b745f9a6864_stage08_b01_formal_a104001a,formal,20260810T082130Z,8b745f9a68645ce41c47aa18fcde8b4868ef84eb,true,stage08_b01_kaiser_scales_v1,3c4c14a97768005f5dc56b0d0c17628fff55c481c5608f82bbef4fa7c495f9fe,operator,kaiser,NA,NA,kaiser,kaiser__kaiser_int8_10e2__2717b67845b0cb80__periodic,kaiser_int8_10e2,10^2,100,window_positions=[100],INT8,CPU,not_applicable,compatibility/end-to-end,PASS,OK,20,100,64,0.0055500000000000002,true,2717b67845b0cb807ebe77185da4692a740e642a06104ded226fff40649ef7d7,7f7e8c1c3de8b46f4035204803e4778b5cfb9b93879cf782a3262e1746140d29
1,20260810T082130Z_8b745f9a6864_stage08_b01_formal_a104001a,formal,20260810T082130Z,8b745f9a68645ce41c47aa18fcde8b4868ef84eb,true,stage08_b01_kaiser_scales_v1,3c4c14a97768005f5dc56b0d0c17628fff55c481c5608f82bbef4fa7c495f9fe,operator,kaiser,NA,NA,kaiser,kaiser__kaiser_int8_10e2__2717b67845b0cb80__periodic,kaiser_int8_10e2,10^2,100,window_positions=[100],INT8,CPU,not_applicable,compatibility/end-to-end,PASS,OK,20,100,65,0.0055500000000000002,true,2717b67845b0cb807ebe77185da4692a740e642a06104ded226fff40649ef7d7,7f7e8c1c3de8b46f4035204803e4778b5cfb9b93879cf782a3262e1746140d29
1,20260810T082130Z_8b745f9a6864_stage08_b01_formal_a104001a,formal,20260810T082130Z,8b745f9a68645ce41c47aa18fcde8b4868ef84eb,true,stage08_b01_kaiser_scales_v1,3c4c14a97768005f5dc56b0d0c17628fff55c481c5608f82bbef4fa7c495f9fe,operator,kaiser,NA,NA,kaiser,kaiser__kaiser_int8_10e2__2717b67845b0cb80__periodic,kaiser_int8_10e2,10^2,100,window_positions=[100],INT8,CPU,not_applicable,compatibility/end-to-end,PASS,OK,20,100,66,0.0055399999999999998,true,2717b67845b0cb807ebe77185da4692a740e642a06104ded226fff40649ef7d7,7f7e8c1c3de8b46f4035204803e4778b5cfb9b93879cf782a3262e1746140d29
1,20260810T082130Z_8b745f9a6864_stage08_b01_formal_a104001a,formal,20260810T082130Z,8b745f9a68645ce41c47aa18fcde8b4868ef84eb,true,stage08_b01_kaiser_scales_v1,3c4c14a97768005f5dc56b0d0c17628fff55c481c5608f82bbef4fa7c495f9fe,operator,kaiser,NA,NA,kaiser,kaiser__kaiser_int8_10e2__2717b67845b0cb80__periodic,kaiser_int8_10e2,10^2,100,window_positions=[100],INT8,CPU,not_applicable,compatibility/end-to-end,PASS,OK,20,100,67,0.0055399999999999998,true,2717b67845b0cb807ebe77185da4692a740e642a06104ded226fff40649ef7d7,7f7e8c1c3de8b46f4035204803e4778b5cfb9b93879cf782a3262e1746140d29
1,20260810T082130Z_8b745f9a6864_stage08_b01_formal_a104001a,formal,20260810T082130Z,8b745f9a68645ce41c47aa18fcde8b4868ef84eb,true,stage08_b01_kaiser_scales_v1,3c4c14a97768005f5dc56b0d0c17628fff55c481c5608f82bbef4fa7c495f9fe,operator,kaiser,NA,NA,kaiser,kaiser__kaiser_int8_10e2__2717b67845b0cb80__periodic,kaiser_int8_10e2,10^2,100,window_positions=[100],INT8,CPU,not_applicable,compatibility/end-to-end,PASS,OK,20,100,68,0.0055599999999999998,true,2717b67845b0cb807ebe77185da4692a740e642a06104ded226fff40649ef7d7,7f7e8c1c3de8b46f4035204803e4778b5cfb9b93879cf782a3262e1746140d29
1,20260810T082130Z_8b745f9a6864_stage08_b01_formal_a104001a,formal,20260810T082130Z,8b745f9a68645ce41c47aa18fcde8b4868ef84eb,true,stage08_b01_kaiser_scales_v1,3c4c14a97768005f5dc56b0d0c17628fff55c481c5608f82bbef4fa7c495f9fe,operator,kaiser,NA,NA,kaiser,kaiser__kaiser_int8_10e2__2717b67845b0cb80__periodic,kaiser_int8_10e2,10^2,100,window_positions=[100],INT8,CPU,not_applicable,compatibility/end-to-end,PASS,OK,20,100,69,0.0055500000000000002,true,2717b67845b0cb807ebe77185da4692a740e642a06104ded226fff40649ef7d7,7f7e8c1c3de8b46f4035204803e4778b5cfb9b93879cf782a3262e1746140d29
1,20260810T082130Z_8b745f9a6864_stage08_b01_formal_a104001a,formal,20260810T082130Z,8b745f9a68645ce41c47aa18fcde8b4868ef84eb,true,stage08_b01_kaiser_scales_v1,3c4c14a97768005f5dc56b0d0c17628fff55c481c5608f82bbef4fa7c495f9fe,operator,kaiser,NA,NA,kaiser,kaiser__kaiser_int8_10e2__2717b67845b0cb80__periodic,kaiser_int8_10e2,10^2,100,window_positions=[100],INT8,CPU,not_applicable,compatibility/end-to-end,PASS,OK,20,100,70,0.0055500000000000002,true,2717b67845b0cb807ebe77185da4692a740e642a06104ded226fff40649ef7d7,7f7e8c1c3de8b46f4035204803e4778b5cfb9b93879cf782a3262e1746140d29
1,20260810T082130Z_8b745f9a6864_stage08_b01_formal_a104001a,formal,20260810T082130Z,8b745f9a68645ce41c47aa18fcde8b4868ef84eb,true,stage08_b01_kaiser_scales_v1,3c4c14a97768005f5dc56b0d0c17628fff55c481c5608f82bbef4fa7c495f9fe,operator,kaiser,NA,NA,kaiser,kaiser__kaiser_int8_10e2__2717b67845b0cb80__periodic,kaiser_int8_10e2,10^2,100,window_positions=[100],INT8,CPU,not_applicable,compatibility/end-to-end,PASS,OK,20,100,71,0.0055500000000000002,true,2717b67845b0cb807ebe77185da4692a740e642a06104ded226fff40649ef7d7,7f7e8c1c3de8b46f4035204803e4778b5cfb9b93879cf782a3262e1746140d29
1,20260810T082130Z_8b745f9a6864_stage08_b01_formal_a104001a,formal,20260810T082130Z,8b745f9a68645ce41c47aa18fcde8b4868ef84eb,true,stage08_b01_kaiser_scales_v1,3c4c14a97768005f5dc56b0d0c17628fff55c481c5608f82bbef4fa7c495f9fe,operator,kaiser,NA,NA,kaiser,kaiser__kaiser_int8_10e2__2717b67845b0cb80__periodic,kaiser_int8_10e2,10^2,100,window_positions=[100],INT8,CPU,not_applicable,compatibility/end-to-end,PASS,OK,20,100,72,0.0055599999999999998,true,2717b67845b0cb807ebe77185da4692a740e642a06104ded226fff40649ef7d7,7f7e8c1c3de8b46f4035204803e4778b5cfb9b93879cf782a3262e1746140d29
1,20260810T082130Z_8b745f9a6864_stage08_b01_formal_a104001a,formal,20260810T082130Z,8b745f9a68645ce41c47aa18fcde8b4868ef84eb,true,stage08_b01_kaiser_scales_v1,3c4c14a97768005f5dc56b0d0c17628fff55c481c5608f82bbef4fa7c495f9fe,operator,kaiser,NA,NA,kaiser,kaiser__kaiser_int8_10e2__2717b67845b0cb80__periodic,kaiser_int8_10e2,10^2,100,window_positions=[100],INT8,CPU,not_applicable,compatibility/end-to-end,PASS,OK,20,100,73,0.0055500000000000002,true,2717b67845b0cb807ebe77185da4692a740e642a06104ded226fff40649ef7d7,7f7e8c1c3de8b46f4035204803e4778b5cfb9b93879cf782a3262e1746140d29
1,20260810T082130Z_8b745f9a6864_stage08_b01_formal_a104001a,formal,20260810T082130Z,8b745f9a68645ce41c47aa18fcde8b4868ef84eb,true,stage08_b01_kaiser_scales_v1,3c4c14a97768005f5dc56b0d0c17628fff55c481c5608f82bbef4fa7c495f9fe,operator,kaiser,NA,NA,kaiser,kaiser__kaiser_int8_10e2__2717b67845b0cb80__periodic,kaiser_int8_10e2,10^2,100,window_positions=[100],INT8,CPU,not_applicable,compatibility/end-to-end,PASS,OK,20,100,74,0.0055599999999999998,true,2717b67845b0cb807ebe77185da4692a740e642a06104ded226fff40649ef7d7,7f7e8c1c3de8b46f4035204803e4778b5cfb9b93879cf782a3262e1746140d29
1,20260810T082130Z_8b745f9a6864_stage08_b01_formal_a104001a,formal,20260810T082130Z,8b745f9a68645ce41c47aa18fcde8b4868ef84eb,true,stage08_b01_kaiser_scales_v1,3c4c14a97768005f5dc56b0d0c17628fff55c481c5608f82bbef4fa7c495f9fe,operator,kaiser,NA,NA,kaiser,kaiser__kaiser_int8_10e2__2717b67845b0cb80__periodic,kaiser_int8_10e2,10^2,100,window_positions=[100],INT8,CPU,not_applicable,compatibility/end-to-end,PASS,OK,20,100,75,0.0055500000000000002,true,2717b67845b0cb807ebe77185da4692a740e642a06104ded226fff40649ef7d7,7f7e8c1c3de8b46f4035204803e4778b5cfb9b93879cf782a3262e1746140d29
1,20260810T082130Z_8b745f9a6864_stage08_b01_formal_a104001a,formal,20260810T082130Z,8b745f9a68645ce41c47aa18fcde8b4868ef84eb,true,stage08_b01_kaiser_scales_v1,3c4c14a97768005f5dc56b0d0c17628fff55c481c5608f82bbef4fa7c495f9fe,operator,kaiser,NA,NA,kaiser,kaiser__kaiser_int8_10e2__2717b67845b0cb80__periodic,kaiser_int8_10e2,10^2,100,window_positions=[100],INT8,CPU,not_applicable,compatibility/end-to-end,PASS,OK,20,100,76,0.0055500000000000002,true,2717b67845b0cb807ebe77185da4692a740e642a06104ded226fff40649ef7d7,7f7e8c1c3de8b46f4035204803e4778b5cfb9b93879cf782a3262e1746140d29
1,20260810T082130Z_8b745f9a6864_stage08_b01_formal_a104001a,formal,20260810T082130Z,8b745f9a68645ce41c47aa18fcde8b4868ef84eb,true,stage08_b01_kaiser_scales_v1,3c4c14a97768005f5dc56b0d0c17628fff55c481c5608f82bbef4fa7c495f9fe,operator,kaiser,NA,NA,kaiser,kaiser__kaiser_int8_10e2__2717b67845b0cb80__periodic,kaiser_int8_10e2,10^2,100,window_positions=[100],INT8,CPU,not_applicable,compatibility/end-to-end,PASS,OK,20,100,77,0.0055399999999999998,true,2717b67845b0cb807ebe77185da4692a740e642a06104ded226fff40649ef7d7,7f7e8c1c3de8b46f4035204803e4778b5cfb9b93879cf782a3262e1746140d29
1,20260810T082130Z_8b745f9a6864_stage08_b01_formal_a104001a,formal,20260810T082130Z,8b745f9a68645ce41c47aa18fcde8b4868ef84eb,true,stage08_b01_kaiser_scales_v1,3c4c14a97768005f5dc56b0d0c17628fff55c481c5608f82bbef4fa7c495f9fe,operator,kaiser,NA,NA,kaiser,kaiser__kaiser_int8_10e2__2717b67845b0cb80__periodic,kaiser_int8_10e2,10^2,100,window_positions=[100],INT8,CPU,not_applicable,compatibility/end-to-end,PASS,OK,20,100,78,0.0055599999999999998,true,2717b67845b0cb807ebe77185da4692a740e642a06104ded226fff40649ef7d7,7f7e8c1c3de8b46f4035204803e4778b5cfb9b93879cf782a3262e1746140d29
1,20260810T082130Z_8b745f9a6864_stage08_b01_formal_a104001a,formal,20260810T082130Z,8b745f9a68645ce41c47aa18fcde8b4868ef84eb,true,stage08_b01_kaiser_scales_v1,3c4c14a97768005f5dc56b0d0c17628fff55c481c5608f82bbef4fa7c495f9fe,operator,kaiser,NA,NA,kaiser,kaiser__kaiser_int8_10e2__2717b67845b0cb80__periodic,kaiser_int8_10e2,10^2,100,window_positions=[100],INT8,CPU,not_applicable,compatibility/end-to-end,PASS,OK,20,100,79,0.0055300000000000002,true,2717b67845b0cb807ebe77185da4692a740e642a06104ded226fff40649ef7d7,7f7e8c1c3de8b46f4035204803e4778b5cfb9b93879cf782a3262e1746140d29
1,20260810T082130Z_8b745f9a6864_stage08_b01_formal_a104001a,formal,20260810T082130Z,8b745f9a68645ce41c47aa18fcde8b4868ef84eb,true,stage08_b01_kaiser_scales_v1,3c4c14a97768005f5dc56b0d0c17628fff55c481c5608f82bbef4fa7c495f9fe,operator,kaiser,NA,NA,kaiser,kaiser__kaiser_int8_10e2__2717b67845b0cb80__periodic,kaiser_int8_10e2,10^2,100,window_positions=[100],INT8,CPU,not_applicable,compatibility/end-to-end,PASS,OK,20,100,80,0.0055599999999999998,true,2717b67845b0cb807ebe77185da4692a740e642a06104ded226fff40649ef7d7,7f7e8c1c3de8b46f4035204803e4778b5cfb9b93879cf782a3262e1746140d29
1,20260810T082130Z_8b745f9a6864_stage08_b01_formal_a104001a,formal,20260810T082130Z,8b745f9a68645ce41c47aa18fcde8b4868ef84eb,true,stage08_b01_kaiser_scales_v1,3c4c14a97768005f5dc56b0d0c17628fff55c481c5608f82bbef4fa7c495f9fe,operator,kaiser,NA,NA,kaiser,kaiser__kaiser_int8_10e2__2717b67845b0cb80__periodic,kaiser_int8_10e2,10^2,100,window_positions=[100],INT8,CPU,not_applicable,compatibility/end-to-end,PASS,OK,20,100,81,0.0055500000000000002,true,2717b67845b0cb807ebe77185da4692a740e642a06104ded226fff40649ef7d7,7f7e8c1c3de8b46f4035204803e4778b5cfb9b93879cf782a3262e1746140d29
1,20260810T082130Z_8b745f9a6864_stage08_b01_formal_a104001a,formal,20260810T082130Z,8b745f9a68645ce41c47aa18fcde8b4868ef84eb,true,stage08_b01_kaiser_scales_v1,3c4c14a97768005f5dc56b0d0c17628fff55c481c5608f82bbef4fa7c495f9fe,operator,kaiser,NA,NA,kaiser,kaiser__kaiser_int8_10e2__2717b67845b0cb80__periodic,kaiser_int8_10e2,10^2,100,window_positions=[100],INT8,CPU,not_applicable,compatibility/end-to-end,PASS,OK,20,100,82,0.0055500000000000002,true,2717b67845b0cb807ebe77185da4692a740e642a06104ded226fff40649ef7d7,7f7e8c1c3de8b46f4035204803e4778b5cfb9b93879cf782a3262e1746140d29
1,20260810T082130Z_8b745f9a6864_stage08_b01_formal_a104001a,formal,20260810T082130Z,8b745f9a68645ce41c47aa18fcde8b4868ef84eb,true,stage08_b01_kaiser_scales_v1,3c4c14a97768005f5dc56b0d0c17628fff55c481c5608f82bbef4fa7c495f9fe,operator,kaiser,NA,NA,kaiser,kaiser__kaiser_int8_10e2__2717b67845b0cb80__periodic,kaiser_int8_10e2,10^2,100,window_positions=[100],INT8,CPU,not_applicable,compatibility/end-to-end,PASS,OK,20,100,83,0.0055500000000000002,true,2717b67845b0cb807ebe77185da4692a740e642a06104ded226fff40649ef7d7,7f7e8c1c3de8b46f4035204803e4778b5cfb9b93879cf782a3262e1746140d29
1,20260810T082130Z_8b745f9a6864_stage08_b01_formal_a104001a,formal,20260810T082130Z,8b745f9a68645ce41c47aa18fcde8b4868ef84eb,true,stage08_b01_kaiser_scales_v1,3c4c14a97768005f5dc56b0d0c17628fff55c481c5608f82bbef4fa7c495f9fe,operator,kaiser,NA,NA,kaiser,kaiser__kaiser_int8_10e2__2717b67845b0cb80__periodic,kaiser_int8_10e2,10^2,100,window_positions=[100],INT8,CPU,not_applicable,compatibility/end-to-end,PASS,OK,20,100,84,0.0055599999999999998,true,2717b67845b0cb807ebe77185da4692a740e642a06104ded226fff40649ef7d7,7f7e8c1c3de8b46f4035204803e4778b5cfb9b93879cf782a3262e1746140d29
1,20260810T082130Z_8b745f9a6864_stage08_b01_formal_a104001a,formal,20260810T082130Z,8b745f9a68645ce41c47aa18fcde8b4868ef84eb,true,stage08_b01_kaiser_scales_v1,3c4c14a97768005f5dc56b0d0c17628fff55c481c5608f82bbef4fa7c495f9fe,operator,kaiser,NA,NA,kaiser,kaiser__kaiser_int8_10e2__2717b67845b0cb80__periodic,kaiser_int8_10e2,10^2,100,window_positions=[100],INT8,CPU,not_applicable,compatibility/end-to-end,PASS,OK,20,100,85,0.0055500000000000002,true,2717b67845b0cb807ebe77185da4692a740e642a06104ded226fff40649ef7d7,7f7e8c1c3de8b46f4035204803e4778b5cfb9b93879cf782a3262e1746140d29
1,20260810T082130Z_8b745f9a6864_stage08_b01_formal_a104001a,formal,20260810T082130Z,8b745f9a68645ce41c47aa18fcde8b4868ef84eb,true,stage08_b01_kaiser_scales_v1,3c4c14a97768005f5dc56b0d0c17628fff55c481c5608f82bbef4fa7c495f9fe,operator,kaiser,NA,NA,kaiser,kaiser__kaiser_int8_10e2__2717b67845b0cb80__periodic,kaiser_int8_10e2,10^2,100,window_positions=[100],INT8,CPU,not_applicable,compatibility/end-to-end,PASS,OK,20,100,86,0.0055399999999999998,true,2717b67845b0cb807ebe77185da4692a740e642a06104ded226fff40649ef7d7,7f7e8c1c3de8b46f4035204803e4778b5cfb9b93879cf782a3262e1746140d29
1,20260810T082130Z_8b745f9a6864_stage08_b01_formal_a104001a,formal,20260810T082130Z,8b745f9a68645ce41c47aa18fcde8b4868ef84eb,true,stage08_b01_kaiser_scales_v1,3c4c14a97768005f5dc56b0d0c17628fff55c481c5608f82bbef4fa7c495f9fe,operator,kaiser,NA,NA,kaiser,kaiser__kaiser_int8_10e2__2717b67845b0cb80__periodic,kaiser_int8_10e2,10^2,100,window_positions=[100],INT8,CPU,not_applicable,compatibility/end-to-end,PASS,OK,20,100,87,0.0055500000000000002,true,2717b67845b0cb807ebe77185da4692a740e642a06104ded226fff40649ef7d7,7f7e8c1c3de8b46f4035204803e4778b5cfb9b93879cf782a3262e1746140d29
1,20260810T082130Z_8b745f9a6864_stage08_b01_formal_a104001a,formal,20260810T082130Z,8b745f9a68645ce41c47aa18fcde8b4868ef84eb,true,stage08_b01_kaiser_scales_v1,3c4c14a97768005f5dc56b0d0c17628fff55c481c5608f82bbef4fa7c495f9fe,operator,kaiser,NA,NA,kaiser,kaiser__kaiser_int8_10e2__2717b67845b0cb80__periodic,kaiser_int8_10e2,10^2,100,window_positions=[100],INT8,CPU,not_applicable,compatibility/end-to-end,PASS,OK,20,100,88,0.005561,true,2717b67845b0cb807ebe77185da4692a740e642a06104ded226fff40649ef7d7,7f7e8c1c3de8b46f4035204803e4778b5cfb9b93879cf782a3262e1746140d29
1,20260810T082130Z_8b745f9a6864_stage08_b01_formal_a104001a,formal,20260810T082130Z,8b745f9a68645ce41c47aa18fcde8b4868ef84eb,true,stage08_b01_kaiser_scales_v1,3c4c14a97768005f5dc56b0d0c17628fff55c481c5608f82bbef4fa7c495f9fe,operator,kaiser,NA,NA,kaiser,kaiser__kaiser_int8_10e2__2717b67845b0cb80__periodic,kaiser_int8_10e2,10^2,100,window_positions=[100],INT8,CPU,not_applicable,compatibility/end-to-end,PASS,OK,20,100,89,0.0055500000000000002,true,2717b67845b0cb807ebe77185da4692a740e642a06104ded226fff40649ef7d7,7f7e8c1c3de8b46f4035204803e4778b5cfb9b93879cf782a3262e1746140d29
1,20260810T082130Z_8b745f9a6864_stage08_b01_formal_a104001a,formal,20260810T082130Z,8b745f9a68645ce41c47aa18fcde8b4868ef84eb,true,stage08_b01_kaiser_scales_v1,3c4c14a97768005f5dc56b0d0c17628fff55c481c5608f82bbef4fa7c495f9fe,operator,kaiser,NA,NA,kaiser,kaiser__kaiser_int8_10e2__2717b67845b0cb80__periodic,kaiser_int8_10e2,10^2,100,window_positions=[100],INT8,CPU,not_applicable,compatibility/end-to-end,PASS,OK,20,100,90,0.0055599999999999998,true,2717b67845b0cb807ebe77185da4692a740e642a06104ded226fff40649ef7d7,7f7e8c1c3de8b46f4035204803e4778b5cfb9b93879cf782a3262e1746140d29
1,20260810T082130Z_8b745f9a6864_stage08_b01_formal_a104001a,formal,20260810T082130Z,8b745f9a68645ce41c47aa18fcde8b4868ef84eb,true,stage08_b01_kaiser_scales_v1,3c4c14a97768005f5dc56b0d0c17628fff55c481c5608f82bbef4fa7c495f9fe,operator,kaiser,NA,NA,kaiser,kaiser__kaiser_int8_10e2__2717b67845b0cb80__periodic,kaiser_int8_10e2,10^2,100,window_positions=[100],INT8,CPU,not_applicable,compatibility/end-to-end,PASS,OK,20,100,91,0.0055500000000000002,true,2717b67845b0cb807ebe77185da4692a740e642a06104ded226fff40649ef7d7,7f7e8c1c3de8b46f4035204803e4778b5cfb9b93879cf782a3262e1746140d29
1,20260810T082130Z_8b745f9a6864_stage08_b01_formal_a104001a,formal,20260810T082130Z,8b745f9a68645ce41c47aa18fcde8b4868ef84eb,true,stage08_b01_kaiser_scales_v1,3c4c14a97768005f5dc56b0d0c17628fff55c481c5608f82bbef4fa7c495f9fe,operator,kaiser,NA,NA,kaiser,kaiser__kaiser_int8_10e2__2717b67845b0cb80__periodic,kaiser_int8_10e2,10^2,100,window_positions=[100],INT8,CPU,not_applicable,compatibility/end-to-end,PASS,OK,20,100,92,0.0055599999999999998,true,2717b67845b0cb807ebe77185da4692a740e642a06104ded226fff40649ef7d7,7f7e8c1c3de8b46f4035204803e4778b5cfb9b93879cf782a3262e1746140d29
1,20260810T082130Z_8b745f9a6864_stage08_b01_formal_a104001a,formal,20260810T082130Z,8b745f9a68645ce41c47aa18fcde8b4868ef84eb,true,stage08_b01_kaiser_scales_v1,3c4c14a97768005f5dc56b0d0c17628fff55c481c5608f82bbef4fa7c495f9fe,operator,kaiser,NA,NA,kaiser,kaiser__kaiser_int8_10e2__2717b67845b0cb80__periodic,kaiser_int8_10e2,10^2,100,window_positions=[100],INT8,CPU,not_applicable,compatibility/end-to-end,PASS,OK,20,100,93,0.0055399999999999998,true,2717b67845b0cb807ebe77185da4692a740e642a06104ded226fff40649ef7d7,7f7e8c1c3de8b46f4035204803e4778b5cfb9b93879cf782a3262e1746140d29
1,20260810T082130Z_8b745f9a6864_stage08_b01_formal_a104001a,formal,20260810T082130Z,8b745f9a68645ce41c47aa18fcde8b4868ef84eb,true,stage08_b01_kaiser_scales_v1,3c4c14a97768005f5dc56b0d0c17628fff55c481c5608f82bbef4fa7c495f9fe,operator,kaiser,NA,NA,kaiser,kaiser__kaiser_int8_10e2__2717b67845b0cb80__periodic,kaiser_int8_10e2,10^2,100,window_positions=[100],INT8,CPU,not_applicable,compatibility/end-to-end,PASS,OK,20,100,94,0.0055599999999999998,true,2717b67845b0cb807ebe77185da4692a740e642a06104ded226fff40649ef7d7,7f7e8c1c3de8b46f4035204803e4778b5cfb9b93879cf782a3262e1746140d29
1,20260810T082130Z_8b745f9a6864_stage08_b01_formal_a104001a,formal,20260810T082130Z,8b745f9a68645ce41c47aa18fcde8b4868ef84eb,true,stage08_b01_kaiser_scales_v1,3c4c14a97768005f5dc56b0d0c17628fff55c481c5608f82bbef4fa7c495f9fe,operator,kaiser,NA,NA,kaiser,kaiser__kaiser_int8_10e2__2717b67845b0cb80__periodic,kaiser_int8_10e2,10^2,100,window_positions=[100],INT8,CPU,not_applicable,compatibility/end-to-end,PASS,OK,20,100,95,0.0055500000000000002,true,2717b67845b0cb807ebe77185da4692a740e642a06104ded226fff40649ef7d7,7f7e8c1c3de8b46f4035204803e4778b5cfb9b93879cf782a3262e1746140d29
1,20260810T082130Z_8b745f9a6864_stage08_b01_formal_a104001a,formal,20260810T082130Z,8b745f9a68645ce41c47aa18fcde8b4868ef84eb,true,stage08_b01_kaiser_scales_v1,3c4c14a97768005f5dc56b0d0c17628fff55c481c5608f82bbef4fa7c495f9fe,operator,kaiser,NA,NA,kaiser,kaiser__kaiser_int8_10e2__2717b67845b0cb80__periodic,kaiser_int8_10e2,10^2,100,window_positions=[100],INT8,CPU,not_applicable,compatibility/end-to-end,PASS,OK,20,100,96,0.0055599999999999998,true,2717b67845b0cb807ebe77185da4692a740e642a06104ded226fff40649ef7d7,7f7e8c1c3de8b46f4035204803e4778b5cfb9b93879cf782a3262e1746140d29
1,20260810T082130Z_8b745f9a6864_stage08_b01_formal_a104001a,formal,20260810T082130Z,8b745f9a68645ce41c47aa18fcde8b4868ef84eb,true,stage08_b01_kaiser_scales_v1,3c4c14a97768005f5dc56b0d0c17628fff55c481c5608f82bbef4fa7c495f9fe,operator,kaiser,NA,NA,kaiser,kaiser__kaiser_int8_10e2__2717b67845b0cb80__periodic,kaiser_int8_10e2,10^2,100,window_positions=[100],INT8,CPU,not_applicable,compatibility/end-to-end,PASS,OK,20,100,97,0.0055500000000000002,true,2717b67845b0cb807ebe77185da4692a740e642a06104ded226fff40649ef7d7,7f7e8c1c3de8b46f4035204803e4778b5cfb9b93879cf782a3262e1746140d29
1,20260810T082130Z_8b745f9a6864_stage08_b01_formal_a104001a,formal,20260810T082130Z,8b745f9a68645ce41c47aa18fcde8b4868ef84eb,true,stage08_b01_kaiser_scales_v1,3c4c14a97768005f5dc56b0d0c17628fff55c481c5608f82bbef4fa7c495f9fe,operator,kaiser,NA,NA,kaiser,kaiser__kaiser_int8_10e2__2717b67845b0cb80__periodic,kaiser_int8_10e2,10^2,100,window_positions=[100],INT8,CPU,not_applicable,compatibility/end-to-end,PASS,OK,20,100,98,0.0055599999999999998,true,2717b67845b0cb807ebe77185da4692a740e642a06104ded226fff40649ef7d7,7f7e8c1c3de8b46f4035204803e4778b5cfb9b93879cf782a3262e1746140d29
1,20260810T082130Z_8b745f9a6864_stage08_b01_formal_a104001a,formal,20260810T082130Z,8b745f9a68645ce41c47aa18fcde8b4868ef84eb,true,stage08_b01_kaiser_scales_v1,3c4c14a97768005f5dc56b0d0c17628fff55c481c5608f82bbef4fa7c495f9fe,operator,kaiser,NA,NA,kaiser,kaiser__kaiser_int8_10e2__2717b67845b0cb80__periodic,kaiser_int8_10e2,10^2,100,window_positions=[100],INT8,CPU,not_applicable,compatibility/end-to-end,PASS,OK,20,100,99,0.0055399999999999998,true,2717b67845b0cb807ebe77185da4692a740e642a06104ded226fff40649ef7d7,7f7e8c1c3de8b46f4035204803e4778b5cfb9b93879cf782a3262e1746140d29
1,20260810T082130Z_8b745f9a6864_stage08_b01_formal_a104001a,formal,20260810T082130Z,8b745f9a68645ce41c47aa18fcde8b4868ef84eb,true,stage08_b01_kaiser_scales_v1,3c4c14a97768005f5dc56b0d0c17628fff55c481c5608f82bbef4fa7c495f9fe,operator,kaiser,NA,NA,kaiser,kaiser__kaiser_int8_10e2__2717b67845b0cb80__periodic,kaiser_int8_10e2,10^2,100,window_positions=[100],INT8,GPU,not_applicable,compatibility/end-to-end,PASS,OK,20,100,0,0.247061,true,2717b67845b0cb807ebe77185da4692a740e642a06104ded226fff40649ef7d7,c1878dc0a8b658f23eafeb770f05a2994bf4c97205780d9eb40d8474ddc05ab6
1,20260810T082130Z_8b745f9a6864_stage08_b01_formal_a104001a,formal,20260810T082130Z,8b745f9a68645ce41c47aa18fcde8b4868ef84eb,true,stage08_b01_kaiser_scales_v1,3c4c14a97768005f5dc56b0d0c17628fff55c481c5608f82bbef4fa7c495f9fe,operator,kaiser,NA,NA,kaiser,kaiser__kaiser_int8_10e2__2717b67845b0cb80__periodic,kaiser_int8_10e2,10^2,100,window_positions=[100],INT8,GPU,not_applicable,compatibility/end-to-end,PASS,OK,20,100,1,0.24502099999999999,true,2717b67845b0cb807ebe77185da4692a740e642a06104ded226fff40649ef7d7,c1878dc0a8b658f23eafeb770f05a2994bf4c97205780d9eb40d8474ddc05ab6
1,20260810T082130Z_8b745f9a6864_stage08_b01_formal_a104001a,formal,20260810T082130Z,8b745f9a68645ce41c47aa18fcde8b4868ef84eb,true,stage08_b01_kaiser_scales_v1,3c4c14a97768005f5dc56b0d0c17628fff55c481c5608f82bbef4fa7c495f9fe,operator,kaiser,NA,NA,kaiser,kaiser__kaiser_int8_10e2__2717b67845b0cb80__periodic,kaiser_int8_10e2,10^2,100,window_positions=[100],INT8,GPU,not_applicable,compatibility/end-to-end,PASS,OK,20,100,2,0.24304999999999999,true,2717b67845b0cb807ebe77185da4692a740e642a06104ded226fff40649ef7d7,c1878dc0a8b658f23eafeb770f05a2994bf4c97205780d9eb40d8474ddc05ab6
1,20260810T082130Z_8b745f9a6864_stage08_b01_formal_a104001a,formal,20260810T082130Z,8b745f9a68645ce41c47aa18fcde8b4868ef84eb,true,stage08_b01_kaiser_scales_v1,3c4c14a97768005f5dc56b0d0c17628fff55c481c5608f82bbef4fa7c495f9fe,operator,kaiser,NA,NA,kaiser,kaiser__kaiser_int8_10e2__2717b67845b0cb80__periodic,kaiser_int8_10e2,10^2,100,window_positions=[100],INT8,GPU,not_applicable,compatibility/end-to-end,PASS,OK,20,100,3,0.244341,true,2717b67845b0cb807ebe77185da4692a740e642a06104ded226fff40649ef7d7,c1878dc0a8b658f23eafeb770f05a2994bf4c97205780d9eb40d8474ddc05ab6
1,20260810T082130Z_8b745f9a6864_stage08_b01_formal_a104001a,formal,20260810T082130Z,8b745f9a68645ce41c47aa18fcde8b4868ef84eb,true,stage08_b01_kaiser_scales_v1,3c4c14a97768005f5dc56b0d0c17628fff55c481c5608f82bbef4fa7c495f9fe,operator,kaiser,NA,NA,kaiser,kaiser__kaiser_int8_10e2__2717b67845b0cb80__periodic,kaiser_int8_10e2,10^2,100,window_positions=[100],INT8,GPU,not_applicable,compatibility/end-to-end,PASS,OK,20,100,4,0.24748100000000001,true,2717b67845b0cb807ebe77185da4692a740e642a06104ded226fff40649ef7d7,c1878dc0a8b658f23eafeb770f05a2994bf4c97205780d9eb40d8474ddc05ab6
1,20260810T082130Z_8b745f9a6864_stage08_b01_formal_a104001a,formal,20260810T082130Z,8b745f9a68645ce41c47aa18fcde8b4868ef84eb,true,stage08_b01_kaiser_scales_v1,3c4c14a97768005f5dc56b0d0c17628fff55c481c5608f82bbef4fa7c495f9fe,operator,kaiser,NA,NA,kaiser,kaiser__kaiser_int8_10e2__2717b67845b0cb80__periodic,kaiser_int8_10e2,10^2,100,window_positions=[100],INT8,GPU,not_applicable,compatibility/end-to-end,PASS,OK,20,100,5,0.24657000000000001,true,2717b67845b0cb807ebe77185da4692a740e642a06104ded226fff40649ef7d7,c1878dc0a8b658f23eafeb770f05a2994bf4c97205780d9eb40d8474ddc05ab6
1,20260810T082130Z_8b745f9a6864_stage08_b01_formal_a104001a,formal,20260810T082130Z,8b745f9a68645ce41c47aa18fcde8b4868ef84eb,true,stage08_b01_kaiser_scales_v1,3c4c14a97768005f5dc56b0d0c17628fff55c481c5608f82bbef4fa7c495f9fe,operator,kaiser,NA,NA,kaiser,kaiser__kaiser_int8_10e2__2717b67845b0cb80__periodic,kaiser_int8_10e2,10^2,100,window_positions=[100],INT8,GPU,not_applicable,compatibility/end-to-end,PASS,OK,20,100,6,0.24830099999999999,true,2717b67845b0cb807ebe77185da4692a740e642a06104ded226fff40649ef7d7,c1878dc0a8b658f23eafeb770f05a2994bf4c97205780d9eb40d8474ddc05ab6
1,20260810T082130Z_8b745f9a6864_stage08_b01_formal_a104001a,formal,20260810T082130Z,8b745f9a68645ce41c47aa18fcde8b4868ef84eb,true,stage08_b01_kaiser_scales_v1,3c4c14a97768005f5dc56b0d0c17628fff55c481c5608f82bbef4fa7c495f9fe,operator,kaiser,NA,NA,kaiser,kaiser__kaiser_int8_10e2__2717b67845b0cb80__periodic,kaiser_int8_10e2,10^2,100,window_positions=[100],INT8,GPU,not_applicable,compatibility/end-to-end,PASS,OK,20,100,7,0.24749099999999999,true,2717b67845b0cb807ebe77185da4692a740e642a06104ded226fff40649ef7d7,c1878dc0a8b658f23eafeb770f05a2994bf4c97205780d9eb40d8474ddc05ab6
1,20260810T082130Z_8b745f9a6864_stage08_b01_formal_a104001a,formal,20260810T082130Z,8b745f9a68645ce41c47aa18fcde8b4868ef84eb,true,stage08_b01_kaiser_scales_v1,3c4c14a97768005f5dc56b0d0c17628fff55c481c5608f82bbef4fa7c495f9fe,operator,kaiser,NA,NA,kaiser,kaiser__kaiser_int8_10e2__2717b67845b0cb80__periodic,kaiser_int8_10e2,10^2,100,window_positions=[100],INT8,GPU,not_applicable,compatibility/end-to-end,PASS,OK,20,100,8,0.239621,true,2717b67845b0cb807ebe77185da4692a740e642a06104ded226fff40649ef7d7,c1878dc0a8b658f23eafeb770f05a2994bf4c97205780d9eb40d8474ddc05ab6
1,20260810T082130Z_8b745f9a6864_stage08_b01_formal_a104001a,formal,20260810T082130Z,8b745f9a68645ce41c47aa18fcde8b4868ef84eb,true,stage08_b01_kaiser_scales_v1,3c4c14a97768005f5dc56b0d0c17628fff55c481c5608f82bbef4fa7c495f9fe,operator,kaiser,NA,NA,kaiser,kaiser__kaiser_int8_10e2__2717b67845b0cb80__periodic,kaiser_int8_10e2,10^2,100,window_positions=[100],INT8,GPU,not_applicable,compatibility/end-to-end,PASS,OK,20,100,9,0.24737000000000001,true,2717b67845b0cb807ebe77185da4692a740e642a06104ded226fff40649ef7d7,c1878dc0a8b658f23eafeb770f05a2994bf4c97205780d9eb40d8474ddc05ab6
1,20260810T082130Z_8b745f9a6864_stage08_b01_formal_a104001a,formal,20260810T082130Z,8b745f9a68645ce41c47aa18fcde8b4868ef84eb,true,stage08_b01_kaiser_scales_v1,3c4c14a97768005f5dc56b0d0c17628fff55c481c5608f82bbef4fa7c495f9fe,operator,kaiser,NA,NA,kaiser,kaiser__kaiser_int8_10e2__2717b67845b0cb80__periodic,kaiser_int8_10e2,10^2,100,window_positions=[100],INT8,GPU,not_applicable,compatibility/end-to-end,PASS,OK,20,100,10,0.245891,true,2717b67845b0cb807ebe77185da4692a740e642a06104ded226fff40649ef7d7,c1878dc0a8b658f23eafeb770f05a2994bf4c97205780d9eb40d8474ddc05ab6
1,20260810T082130Z_8b745f9a6864_stage08_b01_formal_a104001a,formal,20260810T082130Z,8b745f9a68645ce41c47aa18fcde8b4868ef84eb,true,stage08_b01_kaiser_scales_v1,3c4c14a97768005f5dc56b0d0c17628fff55c481c5608f82bbef4fa7c495f9fe,operator,kaiser,NA,NA,kaiser,kaiser__kaiser_int8_10e2__2717b67845b0cb80__periodic,kaiser_int8_10e2,10^2,100,window_positions=[100],INT8,GPU,not_applicable,compatibility/end-to-end,PASS,OK,20,100,11,0.24566099999999999,true,2717b67845b0cb807ebe77185da4692a740e642a06104ded226fff40649ef7d7,c1878dc0a8b658f23eafeb770f05a2994bf4c97205780d9eb40d8474ddc05ab6
1,20260810T082130Z_8b745f9a6864_stage08_b01_formal_a104001a,formal,20260810T082130Z,8b745f9a68645ce41c47aa18fcde8b4868ef84eb,true,stage08_b01_kaiser_scales_v1,3c4c14a97768005f5dc56b0d0c17628fff55c481c5608f82bbef4fa7c495f9fe,operator,kaiser,NA,NA,kaiser,kaiser__kaiser_int8_10e2__2717b67845b0cb80__periodic,kaiser_int8_10e2,10^2,100,window_positions=[100],INT8,GPU,not_applicable,compatibility/end-to-end,PASS,OK,20,100,12,0.24493999999999999,true,2717b67845b0cb807ebe77185da4692a740e642a06104ded226fff40649ef7d7,c1878dc0a8b658f23eafeb770f05a2994bf4c97205780d9eb40d8474ddc05ab6
1,20260810T082130Z_8b745f9a6864_stage08_b01_formal_a104001a,formal,20260810T082130Z,8b745f9a68645ce41c47aa18fcde8b4868ef84eb,true,stage08_b01_kaiser_scales_v1,3c4c14a97768005f5dc56b0d0c17628fff55c481c5608f82bbef4fa7c495f9fe,operator,kaiser,NA,NA,kaiser,kaiser__kaiser_int8_10e2__2717b67845b0cb80__periodic,kaiser_int8_10e2,10^2,100,window_positions=[100],INT8,GPU,not_applicable,compatibility/end-to-end,PASS,OK,20,100,13,0.24580099999999999,true,2717b67845b0cb807ebe77185da4692a740e642a06104ded226fff40649ef7d7,c1878dc0a8b658f23eafeb770f05a2994bf4c97205780d9eb40d8474ddc05ab6
1,20260810T082130Z_8b745f9a6864_stage08_b01_formal_a104001a,formal,20260810T082130Z,8b745f9a68645ce41c47aa18fcde8b4868ef84eb,true,stage08_b01_kaiser_scales_v1,3c4c14a97768005f5dc56b0d0c17628fff55c481c5608f82bbef4fa7c495f9fe,operator,kaiser,NA,NA,kaiser,kaiser__kaiser_int8_10e2__2717b67845b0cb80__periodic,kaiser_int8_10e2,10^2,100,window_positions=[100],INT8,GPU,not_applicable,compatibility/end-to-end,PASS,OK,20,100,14,0.24321100000000001,true,2717b67845b0cb807ebe77185da4692a740e642a06104ded226fff40649ef7d7,c1878dc0a8b658f23eafeb770f05a2994bf4c97205780d9eb40d8474ddc05ab6
1,20260810T082130Z_8b745f9a6864_stage08_b01_formal_a104001a,formal,20260810T082130Z,8b745f9a68645ce41c47aa18fcde8b4868ef84eb,true,stage08_b01_kaiser_scales_v1,3c4c14a97768005f5dc56b0d0c17628fff55c481c5608f82bbef4fa7c495f9fe,operator,kaiser,NA,NA,kaiser,kaiser__kaiser_int8_10e2__2717b67845b0cb80__periodic,kaiser_int8_10e2,10^2,100,window_positions=[100],INT8,GPU,not_applicable,compatibility/end-to-end,PASS,OK,20,100,15,0.24487100000000001,true,2717b67845b0cb807ebe77185da4692a740e642a06104ded226fff40649ef7d7,c1878dc0a8b658f23eafeb770f05a2994bf4c97205780d9eb40d8474ddc05ab6
1,20260810T082130Z_8b745f9a6864_stage08_b01_formal_a104001a,formal,20260810T082130Z,8b745f9a68645ce41c47aa18fcde8b4868ef84eb,true,stage08_b01_kaiser_scales_v1,3c4c14a97768005f5dc56b0d0c17628fff55c481c5608f82bbef4fa7c495f9fe,operator,kaiser,NA,NA,kaiser,kaiser__kaiser_int8_10e2__2717b67845b0cb80__periodic,kaiser_int8_10e2,10^2,100,window_positions=[100],INT8,GPU,not_applicable,compatibility/end-to-end,PASS,OK,20,100,16,0.24726999999999999,true,2717b67845b0cb807ebe77185da4692a740e642a06104ded226fff40649ef7d7,c1878dc0a8b658f23eafeb770f05a2994bf4c97205780d9eb40d8474ddc05ab6
1,20260810T082130Z_8b745f9a6864_stage08_b01_formal_a104001a,formal,20260810T082130Z,8b745f9a68645ce41c47aa18fcde8b4868ef84eb,true,stage08_b01_kaiser_scales_v1,3c4c14a97768005f5dc56b0d0c17628fff55c481c5608f82bbef4fa7c495f9fe,operator,kaiser,NA,NA,kaiser,kaiser__kaiser_int8_10e2__2717b67845b0cb80__periodic,kaiser_int8_10e2,10^2,100,window_positions=[100],INT8,GPU,not_applicable,compatibility/end-to-end,PASS,OK,20,100,17,0.24721099999999999,true,2717b67845b0cb807ebe77185da4692a740e642a06104ded226fff40649ef7d7,c1878dc0a8b658f23eafeb770f05a2994bf4c97205780d9eb40d8474ddc05ab6
1,20260810T082130Z_8b745f9a6864_stage08_b01_formal_a104001a,formal,20260810T082130Z,8b745f9a68645ce41c47aa18fcde8b4868ef84eb,true,stage08_b01_kaiser_scales_v1,3c4c14a97768005f5dc56b0d0c17628fff55c481c5608f82bbef4fa7c495f9fe,operator,kaiser,NA,NA,kaiser,kaiser__kaiser_int8_10e2__2717b67845b0cb80__periodic,kaiser_int8_10e2,10^2,100,window_positions=[100],INT8,GPU,not_applicable,compatibility/end-to-end,PASS,OK,20,100,18,0.24910099999999999,true,2717b67845b0cb807ebe77185da4692a740e642a06104ded226fff40649ef7d7,c1878dc0a8b658f23eafeb770f05a2994bf4c97205780d9eb40d8474ddc05ab6
1,20260810T082130Z_8b745f9a6864_stage08_b01_formal_a104001a,formal,20260810T082130Z,8b745f9a68645ce41c47aa18fcde8b4868ef84eb,true,stage08_b01_kaiser_scales_v1,3c4c14a97768005f5dc56b0d0c17628fff55c481c5608f82bbef4fa7c495f9fe,operator,kaiser,NA,NA,kaiser,kaiser__kaiser_int8_10e2__2717b67845b0cb80__periodic,kaiser_int8_10e2,10^2,100,window_positions=[100],INT8,GPU,not_applicable,compatibility/end-to-end,PASS,OK,20,100,19,0.249751,true,2717b67845b0cb807ebe77185da4692a740e642a06104ded226fff40649ef7d7,c1878dc0a8b658f23eafeb770f05a2994bf4c97205780d9eb40d8474ddc05ab6
1,20260810T082130Z_8b745f9a6864_stage08_b01_formal_a104001a,formal,20260810T082130Z,8b745f9a68645ce41c47aa18fcde8b4868ef84eb,true,stage08_b01_kaiser_scales_v1,3c4c14a97768005f5dc56b0d0c17628fff55c481c5608f82bbef4fa7c495f9fe,operator,kaiser,NA,NA,kaiser,kaiser__kaiser_int8_10e2__2717b67845b0cb80__periodic,kaiser_int8_10e2,10^2,100,window_positions=[100],INT8,GPU,not_applicable,compatibility/end-to-end,PASS,OK,20,100,20,0.24437999999999999,true,2717b67845b0cb807ebe77185da4692a740e642a06104ded226fff40649ef7d7,c1878dc0a8b658f23eafeb770f05a2994bf4c97205780d9eb40d8474ddc05ab6
1,20260810T082130Z_8b745f9a6864_stage08_b01_formal_a104001a,formal,20260810T082130Z,8b745f9a68645ce41c47aa18fcde8b4868ef84eb,true,stage08_b01_kaiser_scales_v1,3c4c14a97768005f5dc56b0d0c17628fff55c481c5608f82bbef4fa7c495f9fe,operator,kaiser,NA,NA,kaiser,kaiser__kaiser_int8_10e2__2717b67845b0cb80__periodic,kaiser_int8_10e2,10^2,100,window_positions=[100],INT8,GPU,not_applicable,compatibility/end-to-end,PASS,OK,20,100,21,0.24618100000000001,true,2717b67845b0cb807ebe77185da4692a740e642a06104ded226fff40649ef7d7,c1878dc0a8b658f23eafeb770f05a2994bf4c97205780d9eb40d8474ddc05ab6
1,20260810T082130Z_8b745f9a6864_stage08_b01_formal_a104001a,formal,20260810T082130Z,8b745f9a68645ce41c47aa18fcde8b4868ef84eb,true,stage08_b01_kaiser_scales_v1,3c4c14a97768005f5dc56b0d0c17628fff55c481c5608f82bbef4fa7c495f9fe,operator,kaiser,NA,NA,kaiser,kaiser__kaiser_int8_10e2__2717b67845b0cb80__periodic,kaiser_int8_10e2,10^2,100,window_positions=[100],INT8,GPU,not_applicable,compatibility/end-to-end,PASS,OK,20,100,22,0.24538099999999999,true,2717b67845b0cb807ebe77185da4692a740e642a06104ded226fff40649ef7d7,c1878dc0a8b658f23eafeb770f05a2994bf4c97205780d9eb40d8474ddc05ab6
1,20260810T082130Z_8b745f9a6864_stage08_b01_formal_a104001a,formal,20260810T082130Z,8b745f9a68645ce41c47aa18fcde8b4868ef84eb,true,stage08_b01_kaiser_scales_v1,3c4c14a97768005f5dc56b0d0c17628fff55c481c5608f82bbef4fa7c495f9fe,operator,kaiser,NA,NA,kaiser,kaiser__kaiser_int8_10e2__2717b67845b0cb80__periodic,kaiser_int8_10e2,10^2,100,window_positions=[100],INT8,GPU,not_applicable,compatibility/end-to-end,PASS,OK,20,100,23,0.24664,true,2717b67845b0cb807ebe77185da4692a740e642a06104ded226fff40649ef7d7,c1878dc0a8b658f23eafeb770f05a2994bf4c97205780d9eb40d8474ddc05ab6
1,20260810T082130Z_8b745f9a6864_stage08_b01_formal_a104001a,formal,20260810T082130Z,8b745f9a68645ce41c47aa18fcde8b4868ef84eb,true,stage08_b01_kaiser_scales_v1,3c4c14a97768005f5dc56b0d0c17628fff55c481c5608f82bbef4fa7c495f9fe,operator,kaiser,NA,NA,kaiser,kaiser__kaiser_int8_10e2__2717b67845b0cb80__periodic,kaiser_int8_10e2,10^2,100,window_positions=[100],INT8,GPU,not_applicable,compatibility/end-to-end,PASS,OK,20,100,24,0.25873099999999999,true,2717b67845b0cb807ebe77185da4692a740e642a06104ded226fff40649ef7d7,c1878dc0a8b658f23eafeb770f05a2994bf4c97205780d9eb40d8474ddc05ab6
1,20260810T082130Z_8b745f9a6864_stage08_b01_formal_a104001a,formal,20260810T082130Z,8b745f9a68645ce41c47aa18fcde8b4868ef84eb,true,stage08_b01_kaiser_scales_v1,3c4c14a97768005f5dc56b0d0c17628fff55c481c5608f82bbef4fa7c495f9fe,operator,kaiser,NA,NA,kaiser,kaiser__kaiser_int8_10e2__2717b67845b0cb80__periodic,kaiser_int8_10e2,10^2,100,window_positions=[100],INT8,GPU,not_applicable,compatibility/end-to-end,PASS,OK,20,100,25,0.24727099999999999,true,2717b67845b0cb807ebe77185da4692a740e642a06104ded226fff40649ef7d7,c1878dc0a8b658f23eafeb770f05a2994bf4c97205780d9eb40d8474ddc05ab6
1,20260810T082130Z_8b745f9a6864_stage08_b01_formal_a104001a,formal,20260810T082130Z,8b745f9a68645ce41c47aa18fcde8b4868ef84eb,true,stage08_b01_kaiser_scales_v1,3c4c14a97768005f5dc56b0d0c17628fff55c481c5608f82bbef4fa7c495f9fe,operator,kaiser,NA,NA,kaiser,kaiser__kaiser_int8_10e2__2717b67845b0cb80__periodic,kaiser_int8_10e2,10^2,100,window_positions=[100],INT8,GPU,not_applicable,compatibility/end-to-end,PASS,OK,20,100,26,0.247171,true,2717b67845b0cb807ebe77185da4692a740e642a06104ded226fff40649ef7d7,c1878dc0a8b658f23eafeb770f05a2994bf4c97205780d9eb40d8474ddc05ab6
1,20260810T082130Z_8b745f9a6864_stage08_b01_formal_a104001a,formal,20260810T082130Z,8b745f9a68645ce41c47aa18fcde8b4868ef84eb,true,stage08_b01_kaiser_scales_v1,3c4c14a97768005f5dc56b0d0c17628fff55c481c5608f82bbef4fa7c495f9fe,operator,kaiser,NA,NA,kaiser,kaiser__kaiser_int8_10e2__2717b67845b0cb80__periodic,kaiser_int8_10e2,10^2,100,window_positions=[100],INT8,GPU,not_applicable,compatibility/end-to-end,PASS,OK,20,100,27,0.24734999999999999,true,2717b67845b0cb807ebe77185da4692a740e642a06104ded226fff40649ef7d7,c1878dc0a8b658f23eafeb770f05a2994bf4c97205780d9eb40d8474ddc05ab6
1,20260810T082130Z_8b745f9a6864_stage08_b01_formal_a104001a,formal,20260810T082130Z,8b745f9a68645ce41c47aa18fcde8b4868ef84eb,true,stage08_b01_kaiser_scales_v1,3c4c14a97768005f5dc56b0d0c17628fff55c481c5608f82bbef4fa7c495f9fe,operator,kaiser,NA,NA,kaiser,kaiser__kaiser_int8_10e2__2717b67845b0cb80__periodic,kaiser_int8_10e2,10^2,100,window_positions=[100],INT8,GPU,not_applicable,compatibility/end-to-end,PASS,OK,20,100,28,0.24805099999999999,true,2717b67845b0cb807ebe77185da4692a740e642a06104ded226fff40649ef7d7,c1878dc0a8b658f23eafeb770f05a2994bf4c97205780d9eb40d8474ddc05ab6
1,20260810T082130Z_8b745f9a6864_stage08_b01_formal_a104001a,formal,20260810T082130Z,8b745f9a68645ce41c47aa18fcde8b4868ef84eb,true,stage08_b01_kaiser_scales_v1,3c4c14a97768005f5dc56b0d0c17628fff55c481c5608f82bbef4fa7c495f9fe,operator,kaiser,NA,NA,kaiser,kaiser__kaiser_int8_10e2__2717b67845b0cb80__periodic,kaiser_int8_10e2,10^2,100,window_positions=[100],INT8,GPU,not_applicable,compatibility/end-to-end,PASS,OK,20,100,29,0.24426100000000001,true,2717b67845b0cb807ebe77185da4692a740e642a06104ded226fff40649ef7d7,c1878dc0a8b658f23eafeb770f05a2994bf4c97205780d9eb40d8474ddc05ab6
1,20260810T082130Z_8b745f9a6864_stage08_b01_formal_a104001a,formal,20260810T082130Z,8b745f9a68645ce41c47aa18fcde8b4868ef84eb,true,stage08_b01_kaiser_scales_v1,3c4c14a97768005f5dc56b0d0c17628fff55c481c5608f82bbef4fa7c495f9fe,operator,kaiser,NA,NA,kaiser,kaiser__kaiser_int8_10e2__2717b67845b0cb80__periodic,kaiser_int8_10e2,10^2,100,window_positions=[100],INT8,GPU,not_applicable,compatibility/end-to-end,PASS,OK,20,100,30,0.24551100000000001,true,2717b67845b0cb807ebe77185da4692a740e642a06104ded226fff40649ef7d7,c1878dc0a8b658f23eafeb770f05a2994bf4c97205780d9eb40d8474ddc05ab6
1,20260810T082130Z_8b745f9a6864_stage08_b01_formal_a104001a,formal,20260810T082130Z,8b745f9a68645ce41c47aa18fcde8b4868ef84eb,true,stage08_b01_kaiser_scales_v1,3c4c14a97768005f5dc56b0d0c17628fff55c481c5608f82bbef4fa7c495f9fe,operator,kaiser,NA,NA,kaiser,kaiser__kaiser_int8_10e2__2717b67845b0cb80__periodic,kaiser_int8_10e2,10^2,100,window_positions=[100],INT8,GPU,not_applicable,compatibility/end-to-end,PASS,OK,20,100,31,0.24503,true,2717b67845b0cb807ebe77185da4692a740e642a06104ded226fff40649ef7d7,c1878dc0a8b658f23eafeb770f05a2994bf4c97205780d9eb40d8474ddc05ab6
1,20260810T082130Z_8b745f9a6864_stage08_b01_formal_a104001a,formal,20260810T082130Z,8b745f9a68645ce41c47aa18fcde8b4868ef84eb,true,stage08_b01_kaiser_scales_v1,3c4c14a97768005f5dc56b0d0c17628fff55c481c5608f82bbef4fa7c495f9fe,operator,kaiser,NA,NA,kaiser,kaiser__kaiser_int8_10e2__2717b67845b0cb80__periodic,kaiser_int8_10e2,10^2,100,window_positions=[100],INT8,GPU,not_applicable,compatibility/end-to-end,PASS,OK,20,100,32,0.24763099999999999,true,2717b67845b0cb807ebe77185da4692a740e642a06104ded226fff40649ef7d7,c1878dc0a8b658f23eafeb770f05a2994bf4c97205780d9eb40d8474ddc05ab6
1,20260810T082130Z_8b745f9a6864_stage08_b01_formal_a104001a,formal,20260810T082130Z,8b745f9a68645ce41c47aa18fcde8b4868ef84eb,true,stage08_b01_kaiser_scales_v1,3c4c14a97768005f5dc56b0d0c17628fff55c481c5608f82bbef4fa7c495f9fe,operator,kaiser,NA,NA,kaiser,kaiser__kaiser_int8_10e2__2717b67845b0cb80__periodic,kaiser_int8_10e2,10^2,100,window_positions=[100],INT8,GPU,not_applicable,compatibility/end-to-end,PASS,OK,20,100,33,0.24415100000000001,true,2717b67845b0cb807ebe77185da4692a740e642a06104ded226fff40649ef7d7,c1878dc0a8b658f23eafeb770f05a2994bf4c97205780d9eb40d8474ddc05ab6
1,20260810T082130Z_8b745f9a6864_stage08_b01_formal_a104001a,formal,20260810T082130Z,8b745f9a68645ce41c47aa18fcde8b4868ef84eb,true,stage08_b01_kaiser_scales_v1,3c4c14a97768005f5dc56b0d0c17628fff55c481c5608f82bbef4fa7c495f9fe,operator,kaiser,NA,NA,kaiser,kaiser__kaiser_int8_10e2__2717b67845b0cb80__periodic,kaiser_int8_10e2,10^2,100,window_positions=[100],INT8,GPU,not_applicable,compatibility/end-to-end,PASS,OK,20,100,34,0.24632100000000001,true,2717b67845b0cb807ebe77185da4692a740e642a06104ded226fff40649ef7d7,c1878dc0a8b658f23eafeb770f05a2994bf4c97205780d9eb40d8474ddc05ab6
1,20260810T082130Z_8b745f9a6864_stage08_b01_formal_a104001a,formal,20260810T082130Z,8b745f9a68645ce41c47aa18fcde8b4868ef84eb,true,stage08_b01_kaiser_scales_v1,3c4c14a97768005f5dc56b0d0c17628fff55c481c5608f82bbef4fa7c495f9fe,operator,kaiser,NA,NA,kaiser,kaiser__kaiser_int8_10e2__2717b67845b0cb80__periodic,kaiser_int8_10e2,10^2,100,window_positions=[100],INT8,GPU,not_applicable,compatibility/end-to-end,PASS,OK,20,100,35,0.24254999999999999,true,2717b67845b0cb807ebe77185da4692a740e642a06104ded226fff40649ef7d7,c1878dc0a8b658f23eafeb770f05a2994bf4c97205780d9eb40d8474ddc05ab6
1,20260810T082130Z_8b745f9a6864_stage08_b01_formal_a104001a,formal,20260810T082130Z,8b745f9a68645ce41c47aa18fcde8b4868ef84eb,true,stage08_b01_kaiser_scales_v1,3c4c14a97768005f5dc56b0d0c17628fff55c481c5608f82bbef4fa7c495f9fe,operator,kaiser,NA,NA,kaiser,kaiser__kaiser_int8_10e2__2717b67845b0cb80__periodic,kaiser_int8_10e2,10^2,100,window_positions=[100],INT8,GPU,not_applicable,compatibility/end-to-end,PASS,OK,20,100,36,0.24554100000000001,true,2717b67845b0cb807ebe77185da4692a740e642a06104ded226fff40649ef7d7,c1878dc0a8b658f23eafeb770f05a2994bf4c97205780d9eb40d8474ddc05ab6
1,20260810T082130Z_8b745f9a6864_stage08_b01_formal_a104001a,formal,20260810T082130Z,8b745f9a68645ce41c47aa18fcde8b4868ef84eb,true,stage08_b01_kaiser_scales_v1,3c4c14a97768005f5dc56b0d0c17628fff55c481c5608f82bbef4fa7c495f9fe,operator,kaiser,NA,NA,kaiser,kaiser__kaiser_int8_10e2__2717b67845b0cb80__periodic,kaiser_int8_10e2,10^2,100,window_positions=[100],INT8,GPU,not_applicable,compatibility/end-to-end,PASS,OK,20,100,37,0.246061,true,2717b67845b0cb807ebe77185da4692a740e642a06104ded226fff40649ef7d7,c1878dc0a8b658f23eafeb770f05a2994bf4c97205780d9eb40d8474ddc05ab6
1,20260810T082130Z_8b745f9a6864_stage08_b01_formal_a104001a,formal,20260810T082130Z,8b745f9a68645ce41c47aa18fcde8b4868ef84eb,true,stage08_b01_kaiser_scales_v1,3c4c14a97768005f5dc56b0d0c17628fff55c481c5608f82bbef4fa7c495f9fe,operator,kaiser,NA,NA,kaiser,kaiser__kaiser_int8_10e2__2717b67845b0cb80__periodic,kaiser_int8_10e2,10^2,100,window_positions=[100],INT8,GPU,not_applicable,compatibility/end-to-end,PASS,OK,20,100,38,0.24603,true,2717b67845b0cb807ebe77185da4692a740e642a06104ded226fff40649ef7d7,c1878dc0a8b658f23eafeb770f05a2994bf4c97205780d9eb40d8474ddc05ab6
1,20260810T082130Z_8b745f9a6864_stage08_b01_formal_a104001a,formal,20260810T082130Z,8b745f9a68645ce41c47aa18fcde8b4868ef84eb,true,stage08_b01_kaiser_scales_v1,3c4c14a97768005f5dc56b0d0c17628fff55c481c5608f82bbef4fa7c495f9fe,operator,kaiser,NA,NA,kaiser,kaiser__kaiser_int8_10e2__2717b67845b0cb80__periodic,kaiser_int8_10e2,10^2,100,window_positions=[100],INT8,GPU,not_applicable,compatibility/end-to-end,PASS,OK,20,100,39,0.245641,true,2717b67845b0cb807ebe77185da4692a740e642a06104ded226fff40649ef7d7,c1878dc0a8b658f23eafeb770f05a2994bf4c97205780d9eb40d8474ddc05ab6
1,20260810T082130Z_8b745f9a6864_stage08_b01_formal_a104001a,formal,20260810T082130Z,8b745f9a68645ce41c47aa18fcde8b4868ef84eb,true,stage08_b01_kaiser_scales_v1,3c4c14a97768005f5dc56b0d0c17628fff55c481c5608f82bbef4fa7c495f9fe,operator,kaiser,NA,NA,kaiser,kaiser__kaiser_int8_10e2__2717b67845b0cb80__periodic,kaiser_int8_10e2,10^2,100,window_positions=[100],INT8,GPU,not_applicable,compatibility/end-to-end,PASS,OK,20,100,40,0.26198100000000002,true,2717b67845b0cb807ebe77185da4692a740e642a06104ded226fff40649ef7d7,c1878dc0a8b658f23eafeb770f05a2994bf4c97205780d9eb40d8474ddc05ab6
1,20260810T082130Z_8b745f9a6864_stage08_b01_formal_a104001a,formal,20260810T082130Z,8b745f9a68645ce41c47aa18fcde8b4868ef84eb,true,stage08_b01_kaiser_scales_v1,3c4c14a97768005f5dc56b0d0c17628fff55c481c5608f82bbef4fa7c495f9fe,operator,kaiser,NA,NA,kaiser,kaiser__kaiser_int8_10e2__2717b67845b0cb80__periodic,kaiser_int8_10e2,10^2,100,window_positions=[100],INT8,GPU,not_applicable,compatibility/end-to-end,PASS,OK,20,100,41,0.24826100000000001,true,2717b67845b0cb807ebe77185da4692a740e642a06104ded226fff40649ef7d7,c1878dc0a8b658f23eafeb770f05a2994bf4c97205780d9eb40d8474ddc05ab6
1,20260810T082130Z_8b745f9a6864_stage08_b01_formal_a104001a,formal,20260810T082130Z,8b745f9a68645ce41c47aa18fcde8b4868ef84eb,true,stage08_b01_kaiser_scales_v1,3c4c14a97768005f5dc56b0d0c17628fff55c481c5608f82bbef4fa7c495f9fe,operator,kaiser,NA,NA,kaiser,kaiser__kaiser_int8_10e2__2717b67845b0cb80__periodic,kaiser_int8_10e2,10^2,100,window_positions=[100],INT8,GPU,not_applicable,compatibility/end-to-end,PASS,OK,20,100,42,0.24495,true,2717b67845b0cb807ebe77185da4692a740e642a06104ded226fff40649ef7d7,c1878dc0a8b658f23eafeb770f05a2994bf4c97205780d9eb40d8474ddc05ab6
1,20260810T082130Z_8b745f9a6864_stage08_b01_formal_a104001a,formal,20260810T082130Z,8b745f9a68645ce41c47aa18fcde8b4868ef84eb,true,stage08_b01_kaiser_scales_v1,3c4c14a97768005f5dc56b0d0c17628fff55c481c5608f82bbef4fa7c495f9fe,operator,kaiser,NA,NA,kaiser,kaiser__kaiser_int8_10e2__2717b67845b0cb80__periodic,kaiser_int8_10e2,10^2,100,window_positions=[100],INT8,GPU,not_applicable,compatibility/end-to-end,PASS,OK,20,100,43,0.245811,true,2717b67845b0cb807ebe77185da4692a740e642a06104ded226fff40649ef7d7,c1878dc0a8b658f23eafeb770f05a2994bf4c97205780d9eb40d8474ddc05ab6
1,20260810T082130Z_8b745f9a6864_stage08_b01_formal_a104001a,formal,20260810T082130Z,8b745f9a68645ce41c47aa18fcde8b4868ef84eb,true,stage08_b01_kaiser_scales_v1,3c4c14a97768005f5dc56b0d0c17628fff55c481c5608f82bbef4fa7c495f9fe,operator,kaiser,NA,NA,kaiser,kaiser__kaiser_int8_10e2__2717b67845b0cb80__periodic,kaiser_int8_10e2,10^2,100,window_positions=[100],INT8,GPU,not_applicable,compatibility/end-to-end,PASS,OK,20,100,44,0.242621,true,2717b67845b0cb807ebe77185da4692a740e642a06104ded226fff40649ef7d7,c1878dc0a8b658f23eafeb770f05a2994bf4c97205780d9eb40d8474ddc05ab6
1,20260810T082130Z_8b745f9a6864_stage08_b01_formal_a104001a,formal,20260810T082130Z,8b745f9a68645ce41c47aa18fcde8b4868ef84eb,true,stage08_b01_kaiser_scales_v1,3c4c14a97768005f5dc56b0d0c17628fff55c481c5608f82bbef4fa7c495f9fe,operator,kaiser,NA,NA,kaiser,kaiser__kaiser_int8_10e2__2717b67845b0cb80__periodic,kaiser_int8_10e2,10^2,100,window_positions=[100],INT8,GPU,not_applicable,compatibility/end-to-end,PASS,OK,20,100,45,0.24920100000000001,true,2717b67845b0cb807ebe77185da4692a740e642a06104ded226fff40649ef7d7,c1878dc0a8b658f23eafeb770f05a2994bf4c97205780d9eb40d8474ddc05ab6
1,20260810T082130Z_8b745f9a6864_stage08_b01_formal_a104001a,formal,20260810T082130Z,8b745f9a68645ce41c47aa18fcde8b4868ef84eb,true,stage08_b01_kaiser_scales_v1,3c4c14a97768005f5dc56b0d0c17628fff55c481c5608f82bbef4fa7c495f9fe,operator,kaiser,NA,NA,kaiser,kaiser__kaiser_int8_10e2__2717b67845b0cb80__periodic,kaiser_int8_10e2,10^2,100,window_positions=[100],INT8,GPU,not_applicable,compatibility/end-to-end,PASS,OK,20,100,46,0.47519099999999997,true,2717b67845b0cb807ebe77185da4692a740e642a06104ded226fff40649ef7d7,c1878dc0a8b658f23eafeb770f05a2994bf4c97205780d9eb40d8474ddc05ab6
1,20260810T082130Z_8b745f9a6864_stage08_b01_formal_a104001a,formal,20260810T082130Z,8b745f9a68645ce41c47aa18fcde8b4868ef84eb,true,stage08_b01_kaiser_scales_v1,3c4c14a97768005f5dc56b0d0c17628fff55c481c5608f82bbef4fa7c495f9fe,operator,kaiser,NA,NA,kaiser,kaiser__kaiser_int8_10e2__2717b67845b0cb80__periodic,kaiser_int8_10e2,10^2,100,window_positions=[100],INT8,GPU,not_applicable,compatibility/end-to-end,PASS,OK,20,100,47,0.28606100000000001,true,2717b67845b0cb807ebe77185da4692a740e642a06104ded226fff40649ef7d7,c1878dc0a8b658f23eafeb770f05a2994bf4c97205780d9eb40d8474ddc05ab6
1,20260810T082130Z_8b745f9a6864_stage08_b01_formal_a104001a,formal,20260810T082130Z,8b745f9a68645ce41c47aa18fcde8b4868ef84eb,true,stage08_b01_kaiser_scales_v1,3c4c14a97768005f5dc56b0d0c17628fff55c481c5608f82bbef4fa7c495f9fe,operator,kaiser,NA,NA,kaiser,kaiser__kaiser_int8_10e2__2717b67845b0cb80__periodic,kaiser_int8_10e2,10^2,100,window_positions=[100],INT8,GPU,not_applicable,compatibility/end-to-end,PASS,OK,20,100,48,0.26365100000000002,true,2717b67845b0cb807ebe77185da4692a740e642a06104ded226fff40649ef7d7,c1878dc0a8b658f23eafeb770f05a2994bf4c97205780d9eb40d8474ddc05ab6
1,20260810T082130Z_8b745f9a6864_stage08_b01_formal_a104001a,formal,20260810T082130Z,8b745f9a68645ce41c47aa18fcde8b4868ef84eb,true,stage08_b01_kaiser_scales_v1,3c4c14a97768005f5dc56b0d0c17628fff55c481c5608f82bbef4fa7c495f9fe,operator,kaiser,NA,NA,kaiser,kaiser__kaiser_int8_10e2__2717b67845b0cb80__periodic,kaiser_int8_10e2,10^2,100,window_positions=[100],INT8,GPU,not_applicable,compatibility/end-to-end,PASS,OK,20,100,49,0.27315,true,2717b67845b0cb807ebe77185da4692a740e642a06104ded226fff40649ef7d7,c1878dc0a8b658f23eafeb770f05a2994bf4c97205780d9eb40d8474ddc05ab6
1,20260810T082130Z_8b745f9a6864_stage08_b01_formal_a104001a,formal,20260810T082130Z,8b745f9a68645ce41c47aa18fcde8b4868ef84eb,true,stage08_b01_kaiser_scales_v1,3c4c14a97768005f5dc56b0d0c17628fff55c481c5608f82bbef4fa7c495f9fe,operator,kaiser,NA,NA,kaiser,kaiser__kaiser_int8_10e2__2717b67845b0cb80__periodic,kaiser_int8_10e2,10^2,100,window_positions=[100],INT8,GPU,not_applicable,compatibility/end-to-end,PASS,OK,20,100,50,0.24285100000000001,true,2717b67845b0cb807ebe77185da4692a740e642a06104ded226fff40649ef7d7,c1878dc0a8b658f23eafeb770f05a2994bf4c97205780d9eb40d8474ddc05ab6
1,20260810T082130Z_8b745f9a6864_stage08_b01_formal_a104001a,formal,20260810T082130Z,8b745f9a68645ce41c47aa18fcde8b4868ef84eb,true,stage08_b01_kaiser_scales_v1,3c4c14a97768005f5dc56b0d0c17628fff55c481c5608f82bbef4fa7c495f9fe,operator,kaiser,NA,NA,kaiser,kaiser__kaiser_int8_10e2__2717b67845b0cb80__periodic,kaiser_int8_10e2,10^2,100,window_positions=[100],INT8,GPU,not_applicable,compatibility/end-to-end,PASS,OK,20,100,51,0.244841,true,2717b67845b0cb807ebe77185da4692a740e642a06104ded226fff40649ef7d7,c1878dc0a8b658f23eafeb770f05a2994bf4c97205780d9eb40d8474ddc05ab6
1,20260810T082130Z_8b745f9a6864_stage08_b01_formal_a104001a,formal,20260810T082130Z,8b745f9a68645ce41c47aa18fcde8b4868ef84eb,true,stage08_b01_kaiser_scales_v1,3c4c14a97768005f5dc56b0d0c17628fff55c481c5608f82bbef4fa7c495f9fe,operator,kaiser,NA,NA,kaiser,kaiser__kaiser_int8_10e2__2717b67845b0cb80__periodic,kaiser_int8_10e2,10^2,100,window_positions=[100],INT8,GPU,not_applicable,compatibility/end-to-end,PASS,OK,20,100,52,0.25199100000000002,true,2717b67845b0cb807ebe77185da4692a740e642a06104ded226fff40649ef7d7,c1878dc0a8b658f23eafeb770f05a2994bf4c97205780d9eb40d8474ddc05ab6
1,20260810T082130Z_8b745f9a6864_stage08_b01_formal_a104001a,formal,20260810T082130Z,8b745f9a68645ce41c47aa18fcde8b4868ef84eb,true,stage08_b01_kaiser_scales_v1,3c4c14a97768005f5dc56b0d0c17628fff55c481c5608f82bbef4fa7c495f9fe,operator,kaiser,NA,NA,kaiser,kaiser__kaiser_int8_10e2__2717b67845b0cb80__periodic,kaiser_int8_10e2,10^2,100,window_positions=[100],INT8,GPU,not_applicable,compatibility/end-to-end,PASS,OK,20,100,53,0.24493000000000001,true,2717b67845b0cb807ebe77185da4692a740e642a06104ded226fff40649ef7d7,c1878dc0a8b658f23eafeb770f05a2994bf4c97205780d9eb40d8474ddc05ab6
1,20260810T082130Z_8b745f9a6864_stage08_b01_formal_a104001a,formal,20260810T082130Z,8b745f9a68645ce41c47aa18fcde8b4868ef84eb,true,stage08_b01_kaiser_scales_v1,3c4c14a97768005f5dc56b0d0c17628fff55c481c5608f82bbef4fa7c495f9fe,operator,kaiser,NA,NA,kaiser,kaiser__kaiser_int8_10e2__2717b67845b0cb80__periodic,kaiser_int8_10e2,10^2,100,window_positions=[100],INT8,GPU,not_applicable,compatibility/end-to-end,PASS,OK,20,100,54,0.24427099999999999,true,2717b67845b0cb807ebe77185da4692a740e642a06104ded226fff40649ef7d7,c1878dc0a8b658f23eafeb770f05a2994bf4c97205780d9eb40d8474ddc05ab6
1,20260810T082130Z_8b745f9a6864_stage08_b01_formal_a104001a,formal,20260810T082130Z,8b745f9a68645ce41c47aa18fcde8b4868ef84eb,true,stage08_b01_kaiser_scales_v1,3c4c14a97768005f5dc56b0d0c17628fff55c481c5608f82bbef4fa7c495f9fe,operator,kaiser,NA,NA,kaiser,kaiser__kaiser_int8_10e2__2717b67845b0cb80__periodic,kaiser_int8_10e2,10^2,100,window_positions=[100],INT8,GPU,not_applicable,compatibility/end-to-end,PASS,OK,20,100,55,0.47301100000000001,true,2717b67845b0cb807ebe77185da4692a740e642a06104ded226fff40649ef7d7,c1878dc0a8b658f23eafeb770f05a2994bf4c97205780d9eb40d8474ddc05ab6
1,20260810T082130Z_8b745f9a6864_stage08_b01_formal_a104001a,formal,20260810T082130Z,8b745f9a68645ce41c47aa18fcde8b4868ef84eb,true,stage08_b01_kaiser_scales_v1,3c4c14a97768005f5dc56b0d0c17628fff55c481c5608f82bbef4fa7c495f9fe,operator,kaiser,NA,NA,kaiser,kaiser__kaiser_int8_10e2__2717b67845b0cb80__periodic,kaiser_int8_10e2,10^2,100,window_positions=[100],INT8,GPU,not_applicable,compatibility/end-to-end,PASS,OK,20,100,56,0.286221,true,2717b67845b0cb807ebe77185da4692a740e642a06104ded226fff40649ef7d7,c1878dc0a8b658f23eafeb770f05a2994bf4c97205780d9eb40d8474ddc05ab6
1,20260810T082130Z_8b745f9a6864_stage08_b01_formal_a104001a,formal,20260810T082130Z,8b745f9a68645ce41c47aa18fcde8b4868ef84eb,true,stage08_b01_kaiser_scales_v1,3c4c14a97768005f5dc56b0d0c17628fff55c481c5608f82bbef4fa7c495f9fe,operator,kaiser,NA,NA,kaiser,kaiser__kaiser_int8_10e2__2717b67845b0cb80__periodic,kaiser_int8_10e2,10^2,100,window_positions=[100],INT8,GPU,not_applicable,compatibility/end-to-end,PASS,OK,20,100,57,0.25766099999999997,true,2717b67845b0cb807ebe77185da4692a740e642a06104ded226fff40649ef7d7,c1878dc0a8b658f23eafeb770f05a2994bf4c97205780d9eb40d8474ddc05ab6
1,20260810T082130Z_8b745f9a6864_stage08_b01_formal_a104001a,formal,20260810T082130Z,8b745f9a68645ce41c47aa18fcde8b4868ef84eb,true,stage08_b01_kaiser_scales_v1,3c4c14a97768005f5dc56b0d0c17628fff55c481c5608f82bbef4fa7c495f9fe,operator,kaiser,NA,NA,kaiser,kaiser__kaiser_int8_10e2__2717b67845b0cb80__periodic,kaiser_int8_10e2,10^2,100,window_positions=[100],INT8,GPU,not_applicable,compatibility/end-to-end,PASS,OK,20,100,58,0.25495099999999998,true,2717b67845b0cb807ebe77185da4692a740e642a06104ded226fff40649ef7d7,c1878dc0a8b658f23eafeb770f05a2994bf4c97205780d9eb40d8474ddc05ab6
1,20260810T082130Z_8b745f9a6864_stage08_b01_formal_a104001a,formal,20260810T082130Z,8b745f9a68645ce41c47aa18fcde8b4868ef84eb,true,stage08_b01_kaiser_scales_v1,3c4c14a97768005f5dc56b0d0c17628fff55c481c5608f82bbef4fa7c495f9fe,operator,kaiser,NA,NA,kaiser,kaiser__kaiser_int8_10e2__2717b67845b0cb80__periodic,kaiser_int8_10e2,10^2,100,window_positions=[100],INT8,GPU,not_applicable,compatibility/end-to-end,PASS,OK,20,100,59,0.26916099999999998,true,2717b67845b0cb807ebe77185da4692a740e642a06104ded226fff40649ef7d7,c1878dc0a8b658f23eafeb770f05a2994bf4c97205780d9eb40d8474ddc05ab6
1,20260810T082130Z_8b745f9a6864_stage08_b01_formal_a104001a,formal,20260810T082130Z,8b745f9a68645ce41c47aa18fcde8b4868ef84eb,true,stage08_b01_kaiser_scales_v1,3c4c14a97768005f5dc56b0d0c17628fff55c481c5608f82bbef4fa7c495f9fe,operator,kaiser,NA,NA,kaiser,kaiser__kaiser_int8_10e2__2717b67845b0cb80__periodic,kaiser_int8_10e2,10^2,100,window_positions=[100],INT8,GPU,not_applicable,compatibility/end-to-end,PASS,OK,20,100,60,0.25391999999999998,true,2717b67845b0cb807ebe77185da4692a740e642a06104ded226fff40649ef7d7,c1878dc0a8b658f23eafeb770f05a2994bf4c97205780d9eb40d8474ddc05ab6
1,20260810T082130Z_8b745f9a6864_stage08_b01_formal_a104001a,formal,20260810T082130Z,8b745f9a68645ce41c47aa18fcde8b4868ef84eb,true,stage08_b01_kaiser_scales_v1,3c4c14a97768005f5dc56b0d0c17628fff55c481c5608f82bbef4fa7c495f9fe,operator,kaiser,NA,NA,kaiser,kaiser__kaiser_int8_10e2__2717b67845b0cb80__periodic,kaiser_int8_10e2,10^2,100,window_positions=[100],INT8,GPU,not_applicable,compatibility/end-to-end,PASS,OK,20,100,61,0.25149100000000002,true,2717b67845b0cb807ebe77185da4692a740e642a06104ded226fff40649ef7d7,c1878dc0a8b658f23eafeb770f05a2994bf4c97205780d9eb40d8474ddc05ab6
1,20260810T082130Z_8b745f9a6864_stage08_b01_formal_a104001a,formal,20260810T082130Z,8b745f9a68645ce41c47aa18fcde8b4868ef84eb,true,stage08_b01_kaiser_scales_v1,3c4c14a97768005f5dc56b0d0c17628fff55c481c5608f82bbef4fa7c495f9fe,operator,kaiser,NA,NA,kaiser,kaiser__kaiser_int8_10e2__2717b67845b0cb80__periodic,kaiser_int8_10e2,10^2,100,window_positions=[100],INT8,GPU,not_applicable,compatibility/end-to-end,PASS,OK,20,100,62,0.27176099999999997,true,2717b67845b0cb807ebe77185da4692a740e642a06104ded226fff40649ef7d7,c1878dc0a8b658f23eafeb770f05a2994bf4c97205780d9eb40d8474ddc05ab6
1,20260810T082130Z_8b745f9a6864_stage08_b01_formal_a104001a,formal,20260810T082130Z,8b745f9a68645ce41c47aa18fcde8b4868ef84eb,true,stage08_b01_kaiser_scales_v1,3c4c14a97768005f5dc56b0d0c17628fff55c481c5608f82bbef4fa7c495f9fe,operator,kaiser,NA,NA,kaiser,kaiser__kaiser_int8_10e2__2717b67845b0cb80__periodic,kaiser_int8_10e2,10^2,100,window_positions=[100],INT8,GPU,not_applicable,compatibility/end-to-end,PASS,OK,20,100,63,0.27309099999999997,true,2717b67845b0cb807ebe77185da4692a740e642a06104ded226fff40649ef7d7,c1878dc0a8b658f23eafeb770f05a2994bf4c97205780d9eb40d8474ddc05ab6
1,20260810T082130Z_8b745f9a6864_stage08_b01_formal_a104001a,formal,20260810T082130Z,8b745f9a68645ce41c47aa18fcde8b4868ef84eb,true,stage08_b01_kaiser_scales_v1,3c4c14a97768005f5dc56b0d0c17628fff55c481c5608f82bbef4fa7c495f9fe,operator,kaiser,NA,NA,kaiser,kaiser__kaiser_int8_10e2__2717b67845b0cb80__periodic,kaiser_int8_10e2,10^2,100,window_positions=[100],INT8,GPU,not_applicable,compatibility/end-to-end,PASS,OK,20,100,64,0.26091999999999999,true,2717b67845b0cb807ebe77185da4692a740e642a06104ded226fff40649ef7d7,c1878dc0a8b658f23eafeb770f05a2994bf4c97205780d9eb40d8474ddc05ab6
1,20260810T082130Z_8b745f9a6864_stage08_b01_formal_a104001a,formal,20260810T082130Z,8b745f9a68645ce41c47aa18fcde8b4868ef84eb,true,stage08_b01_kaiser_scales_v1,3c4c14a97768005f5dc56b0d0c17628fff55c481c5608f82bbef4fa7c495f9fe,operator,kaiser,NA,NA,kaiser,kaiser__kaiser_int8_10e2__2717b67845b0cb80__periodic,kaiser_int8_10e2,10^2,100,window_positions=[100],INT8,GPU,not_applicable,compatibility/end-to-end,PASS,OK,20,100,65,0.25792100000000001,true,2717b67845b0cb807ebe77185da4692a740e642a06104ded226fff40649ef7d7,c1878dc0a8b658f23eafeb770f05a2994bf4c97205780d9eb40d8474ddc05ab6
1,20260810T082130Z_8b745f9a6864_stage08_b01_formal_a104001a,formal,20260810T082130Z,8b745f9a68645ce41c47aa18fcde8b4868ef84eb,true,stage08_b01_kaiser_scales_v1,3c4c14a97768005f5dc56b0d0c17628fff55c481c5608f82bbef4fa7c495f9fe,operator,kaiser,NA,NA,kaiser,kaiser__kaiser_int8_10e2__2717b67845b0cb80__periodic,kaiser_int8_10e2,10^2,100,window_positions=[100],INT8,GPU,not_applicable,compatibility/end-to-end,PASS,OK,20,100,66,0.272011,true,2717b67845b0cb807ebe77185da4692a740e642a06104ded226fff40649ef7d7,c1878dc0a8b658f23eafeb770f05a2994bf4c97205780d9eb40d8474ddc05ab6
1,20260810T082130Z_8b745f9a6864_stage08_b01_formal_a104001a,formal,20260810T082130Z,8b745f9a68645ce41c47aa18fcde8b4868ef84eb,true,stage08_b01_kaiser_scales_v1,3c4c14a97768005f5dc56b0d0c17628fff55c481c5608f82bbef4fa7c495f9fe,operator,kaiser,NA,NA,kaiser,kaiser__kaiser_int8_10e2__2717b67845b0cb80__periodic,kaiser_int8_10e2,10^2,100,window_positions=[100],INT8,GPU,not_applicable,compatibility/end-to-end,PASS,OK,20,100,67,0.27246100000000001,true,2717b67845b0cb807ebe77185da4692a740e642a06104ded226fff40649ef7d7,c1878dc0a8b658f23eafeb770f05a2994bf4c97205780d9eb40d8474ddc05ab6
1,20260810T082130Z_8b745f9a6864_stage08_b01_formal_a104001a,formal,20260810T082130Z,8b745f9a68645ce41c47aa18fcde8b4868ef84eb,true,stage08_b01_kaiser_scales_v1,3c4c14a97768005f5dc56b0d0c17628fff55c481c5608f82bbef4fa7c495f9fe,operator,kaiser,NA,NA,kaiser,kaiser__kaiser_int8_10e2__2717b67845b0cb80__periodic,kaiser_int8_10e2,10^2,100,window_positions=[100],INT8,GPU,not_applicable,compatibility/end-to-end,PASS,OK,20,100,68,0.26533099999999998,true,2717b67845b0cb807ebe77185da4692a740e642a06104ded226fff40649ef7d7,c1878dc0a8b658f23eafeb770f05a2994bf4c97205780d9eb40d8474ddc05ab6
1,20260810T082130Z_8b745f9a6864_stage08_b01_formal_a104001a,formal,20260810T082130Z,8b745f9a68645ce41c47aa18fcde8b4868ef84eb,true,stage08_b01_kaiser_scales_v1,3c4c14a97768005f5dc56b0d0c17628fff55c481c5608f82bbef4fa7c495f9fe,operator,kaiser,NA,NA,kaiser,kaiser__kaiser_int8_10e2__2717b67845b0cb80__periodic,kaiser_int8_10e2,10^2,100,window_positions=[100],INT8,GPU,not_applicable,compatibility/end-to-end,PASS,OK,20,100,69,0.29010000000000002,true,2717b67845b0cb807ebe77185da4692a740e642a06104ded226fff40649ef7d7,c1878dc0a8b658f23eafeb770f05a2994bf4c97205780d9eb40d8474ddc05ab6
1,20260810T082130Z_8b745f9a6864_stage08_b01_formal_a104001a,formal,20260810T082130Z,8b745f9a68645ce41c47aa18fcde8b4868ef84eb,true,stage08_b01_kaiser_scales_v1,3c4c14a97768005f5dc56b0d0c17628fff55c481c5608f82bbef4fa7c495f9fe,operator,kaiser,NA,NA,kaiser,kaiser__kaiser_int8_10e2__2717b67845b0cb80__periodic,kaiser_int8_10e2,10^2,100,window_positions=[100],INT8,GPU,not_applicable,compatibility/end-to-end,PASS,OK,20,100,70,0.26067099999999999,true,2717b67845b0cb807ebe77185da4692a740e642a06104ded226fff40649ef7d7,c1878dc0a8b658f23eafeb770f05a2994bf4c97205780d9eb40d8474ddc05ab6
1,20260810T082130Z_8b745f9a6864_stage08_b01_formal_a104001a,formal,20260810T082130Z,8b745f9a68645ce41c47aa18fcde8b4868ef84eb,true,stage08_b01_kaiser_scales_v1,3c4c14a97768005f5dc56b0d0c17628fff55c481c5608f82bbef4fa7c495f9fe,operator,kaiser,NA,NA,kaiser,kaiser__kaiser_int8_10e2__2717b67845b0cb80__periodic,kaiser_int8_10e2,10^2,100,window_positions=[100],INT8,GPU,not_applicable,compatibility/end-to-end,PASS,OK,20,100,71,0.25437100000000001,true,2717b67845b0cb807ebe77185da4692a740e642a06104ded226fff40649ef7d7,c1878dc0a8b658f23eafeb770f05a2994bf4c97205780d9eb40d8474ddc05ab6
1,20260810T082130Z_8b745f9a6864_stage08_b01_formal_a104001a,formal,20260810T082130Z,8b745f9a68645ce41c47aa18fcde8b4868ef84eb,true,stage08_b01_kaiser_scales_v1,3c4c14a97768005f5dc56b0d0c17628fff55c481c5608f82bbef4fa7c495f9fe,operator,kaiser,NA,NA,kaiser,kaiser__kaiser_int8_10e2__2717b67845b0cb80__periodic,kaiser_int8_10e2,10^2,100,window_positions=[100],INT8,GPU,not_applicable,compatibility/end-to-end,PASS,OK,20,100,72,0.252301,true,2717b67845b0cb807ebe77185da4692a740e642a06104ded226fff40649ef7d7,c1878dc0a8b658f23eafeb770f05a2994bf4c97205780d9eb40d8474ddc05ab6
1,20260810T082130Z_8b745f9a6864_stage08_b01_formal_a104001a,formal,20260810T082130Z,8b745f9a68645ce41c47aa18fcde8b4868ef84eb,true,stage08_b01_kaiser_scales_v1,3c4c14a97768005f5dc56b0d0c17628fff55c481c5608f82bbef4fa7c495f9fe,operator,kaiser,NA,NA,kaiser,kaiser__kaiser_int8_10e2__2717b67845b0cb80__periodic,kaiser_int8_10e2,10^2,100,window_positions=[100],INT8,GPU,not_applicable,compatibility/end-to-end,PASS,OK,20,100,73,0.26902999999999999,true,2717b67845b0cb807ebe77185da4692a740e642a06104ded226fff40649ef7d7,c1878dc0a8b658f23eafeb770f05a2994bf4c97205780d9eb40d8474ddc05ab6
1,20260810T082130Z_8b745f9a6864_stage08_b01_formal_a104001a,formal,20260810T082130Z,8b745f9a68645ce41c47aa18fcde8b4868ef84eb,true,stage08_b01_kaiser_scales_v1,3c4c14a97768005f5dc56b0d0c17628fff55c481c5608f82bbef4fa7c495f9fe,operator,kaiser,NA,NA,kaiser,kaiser__kaiser_int8_10e2__2717b67845b0cb80__periodic,kaiser_int8_10e2,10^2,100,window_positions=[100],INT8,GPU,not_applicable,compatibility/end-to-end,PASS,OK,20,100,74,0.26621099999999998,true,2717b67845b0cb807ebe77185da4692a740e642a06104ded226fff40649ef7d7,c1878dc0a8b658f23eafeb770f05a2994bf4c97205780d9eb40d8474ddc05ab6
1,20260810T082130Z_8b745f9a6864_stage08_b01_formal_a104001a,formal,20260810T082130Z,8b745f9a68645ce41c47aa18fcde8b4868ef84eb,true,stage08_b01_kaiser_scales_v1,3c4c14a97768005f5dc56b0d0c17628fff55c481c5608f82bbef4fa7c495f9fe,operator,kaiser,NA,NA,kaiser,kaiser__kaiser_int8_10e2__2717b67845b0cb80__periodic,kaiser_int8_10e2,10^2,100,window_positions=[100],INT8,GPU,not_applicable,compatibility/end-to-end,PASS,OK,20,100,75,0.26167099999999999,true,2717b67845b0cb807ebe77185da4692a740e642a06104ded226fff40649ef7d7,c1878dc0a8b658f23eafeb770f05a2994bf4c97205780d9eb40d8474ddc05ab6
1,20260810T082130Z_8b745f9a6864_stage08_b01_formal_a104001a,formal,20260810T082130Z,8b745f9a68645ce41c47aa18fcde8b4868ef84eb,true,stage08_b01_kaiser_scales_v1,3c4c14a97768005f5dc56b0d0c17628fff55c481c5608f82bbef4fa7c495f9fe,operator,kaiser,NA,NA,kaiser,kaiser__kaiser_int8_10e2__2717b67845b0cb80__periodic,kaiser_int8_10e2,10^2,100,window_positions=[100],INT8,GPU,not_applicable,compatibility/end-to-end,PASS,OK,20,100,76,0.27721099999999999,true,2717b67845b0cb807ebe77185da4692a740e642a06104ded226fff40649ef7d7,c1878dc0a8b658f23eafeb770f05a2994bf4c97205780d9eb40d8474ddc05ab6
1,20260810T082130Z_8b745f9a6864_stage08_b01_formal_a104001a,formal,20260810T082130Z,8b745f9a68645ce41c47aa18fcde8b4868ef84eb,true,stage08_b01_kaiser_scales_v1,3c4c14a97768005f5dc56b0d0c17628fff55c481c5608f82bbef4fa7c495f9fe,operator,kaiser,NA,NA,kaiser,kaiser__kaiser_int8_10e2__2717b67845b0cb80__periodic,kaiser_int8_10e2,10^2,100,window_positions=[100],INT8,GPU,not_applicable,compatibility/end-to-end,PASS,OK,20,100,77,0.26565100000000003,true,2717b67845b0cb807ebe77185da4692a740e642a06104ded226fff40649ef7d7,c1878dc0a8b658f23eafeb770f05a2994bf4c97205780d9eb40d8474ddc05ab6
1,20260810T082130Z_8b745f9a6864_stage08_b01_formal_a104001a,formal,20260810T082130Z,8b745f9a68645ce41c47aa18fcde8b4868ef84eb,true,stage08_b01_kaiser_scales_v1,3c4c14a97768005f5dc56b0d0c17628fff55c481c5608f82bbef4fa7c495f9fe,operator,kaiser,NA,NA,kaiser,kaiser__kaiser_int8_10e2__2717b67845b0cb80__periodic,kaiser_int8_10e2,10^2,100,window_positions=[100],INT8,GPU,not_applicable,compatibility/end-to-end,PASS,OK,20,100,78,0.25707000000000002,true,2717b67845b0cb807ebe77185da4692a740e642a06104ded226fff40649ef7d7,c1878dc0a8b658f23eafeb770f05a2994bf4c97205780d9eb40d8474ddc05ab6
1,20260810T082130Z_8b745f9a6864_stage08_b01_formal_a104001a,formal,20260810T082130Z,8b745f9a68645ce41c47aa18fcde8b4868ef84eb,true,stage08_b01_kaiser_scales_v1,3c4c14a97768005f5dc56b0d0c17628fff55c481c5608f82bbef4fa7c495f9fe,operator,kaiser,NA,NA,kaiser,kaiser__kaiser_int8_10e2__2717b67845b0cb80__periodic,kaiser_int8_10e2,10^2,100,window_positions=[100],INT8,GPU,not_applicable,compatibility/end-to-end,PASS,OK,20,100,79,0.26255099999999998,true,2717b67845b0cb807ebe77185da4692a740e642a06104ded226fff40649ef7d7,c1878dc0a8b658f23eafeb770f05a2994bf4c97205780d9eb40d8474ddc05ab6
1,20260810T082130Z_8b745f9a6864_stage08_b01_formal_a104001a,formal,20260810T082130Z,8b745f9a68645ce41c47aa18fcde8b4868ef84eb,true,stage08_b01_kaiser_scales_v1,3c4c14a97768005f5dc56b0d0c17628fff55c481c5608f82bbef4fa7c495f9fe,operator,kaiser,NA,NA,kaiser,kaiser__kaiser_int8_10e2__2717b67845b0cb80__periodic,kaiser_int8_10e2,10^2,100,window_positions=[100],INT8,GPU,not_applicable,compatibility/end-to-end,PASS,OK,20,100,80,0.25101099999999998,true,2717b67845b0cb807ebe77185da4692a740e642a06104ded226fff40649ef7d7,c1878dc0a8b658f23eafeb770f05a2994bf4c97205780d9eb40d8474ddc05ab6
1,20260810T082130Z_8b745f9a6864_stage08_b01_formal_a104001a,formal,20260810T082130Z,8b745f9a68645ce41c47aa18fcde8b4868ef84eb,true,stage08_b01_kaiser_scales_v1,3c4c14a97768005f5dc56b0d0c17628fff55c481c5608f82bbef4fa7c495f9fe,operator,kaiser,NA,NA,kaiser,kaiser__kaiser_int8_10e2__2717b67845b0cb80__periodic,kaiser_int8_10e2,10^2,100,window_positions=[100],INT8,GPU,not_applicable,compatibility/end-to-end,PASS,OK,20,100,81,0.25066100000000002,true,2717b67845b0cb807ebe77185da4692a740e642a06104ded226fff40649ef7d7,c1878dc0a8b658f23eafeb770f05a2994bf4c97205780d9eb40d8474ddc05ab6
1,20260810T082130Z_8b745f9a6864_stage08_b01_formal_a104001a,formal,20260810T082130Z,8b745f9a68645ce41c47aa18fcde8b4868ef84eb,true,stage08_b01_kaiser_scales_v1,3c4c14a97768005f5dc56b0d0c17628fff55c481c5608f82bbef4fa7c495f9fe,operator,kaiser,NA,NA,kaiser,kaiser__kaiser_int8_10e2__2717b67845b0cb80__periodic,kaiser_int8_10e2,10^2,100,window_positions=[100],INT8,GPU,not_applicable,compatibility/end-to-end,PASS,OK,20,100,82,0.27044000000000001,true,2717b67845b0cb807ebe77185da4692a740e642a06104ded226fff40649ef7d7,c1878dc0a8b658f23eafeb770f05a2994bf4c97205780d9eb40d8474ddc05ab6
1,20260810T082130Z_8b745f9a6864_stage08_b01_formal_a104001a,formal,20260810T082130Z,8b745f9a68645ce41c47aa18fcde8b4868ef84eb,true,stage08_b01_kaiser_scales_v1,3c4c14a97768005f5dc56b0d0c17628fff55c481c5608f82bbef4fa7c495f9fe,operator,kaiser,NA,NA,kaiser,kaiser__kaiser_int8_10e2__2717b67845b0cb80__periodic,kaiser_int8_10e2,10^2,100,window_positions=[100],INT8,GPU,not_applicable,compatibility/end-to-end,PASS,OK,20,100,83,0.25559100000000001,true,2717b67845b0cb807ebe77185da4692a740e642a06104ded226fff40649ef7d7,c1878dc0a8b658f23eafeb770f05a2994bf4c97205780d9eb40d8474ddc05ab6
1,20260810T082130Z_8b745f9a6864_stage08_b01_formal_a104001a,formal,20260810T082130Z,8b745f9a68645ce41c47aa18fcde8b4868ef84eb,true,stage08_b01_kaiser_scales_v1,3c4c14a97768005f5dc56b0d0c17628fff55c481c5608f82bbef4fa7c495f9fe,operator,kaiser,NA,NA,kaiser,kaiser__kaiser_int8_10e2__2717b67845b0cb80__periodic,kaiser_int8_10e2,10^2,100,window_positions=[100],INT8,GPU,not_applicable,compatibility/end-to-end,PASS,OK,20,100,84,0.250531,true,2717b67845b0cb807ebe77185da4692a740e642a06104ded226fff40649ef7d7,c1878dc0a8b658f23eafeb770f05a2994bf4c97205780d9eb40d8474ddc05ab6
1,20260810T082130Z_8b745f9a6864_stage08_b01_formal_a104001a,formal,20260810T082130Z,8b745f9a68645ce41c47aa18fcde8b4868ef84eb,true,stage08_b01_kaiser_scales_v1,3c4c14a97768005f5dc56b0d0c17628fff55c481c5608f82bbef4fa7c495f9fe,operator,kaiser,NA,NA,kaiser,kaiser__kaiser_int8_10e2__2717b67845b0cb80__periodic,kaiser_int8_10e2,10^2,100,window_positions=[100],INT8,GPU,not_applicable,compatibility/end-to-end,PASS,OK,20,100,85,0.29402099999999998,true,2717b67845b0cb807ebe77185da4692a740e642a06104ded226fff40649ef7d7,c1878dc0a8b658f23eafeb770f05a2994bf4c97205780d9eb40d8474ddc05ab6
1,20260810T082130Z_8b745f9a6864_stage08_b01_formal_a104001a,formal,20260810T082130Z,8b745f9a68645ce41c47aa18fcde8b4868ef84eb,true,stage08_b01_kaiser_scales_v1,3c4c14a97768005f5dc56b0d0c17628fff55c481c5608f82bbef4fa7c495f9fe,operator,kaiser,NA,NA,kaiser,kaiser__kaiser_int8_10e2__2717b67845b0cb80__periodic,kaiser_int8_10e2,10^2,100,window_positions=[100],INT8,GPU,not_applicable,compatibility/end-to-end,PASS,OK,20,100,86,0.25371100000000002,true,2717b67845b0cb807ebe77185da4692a740e642a06104ded226fff40649ef7d7,c1878dc0a8b658f23eafeb770f05a2994bf4c97205780d9eb40d8474ddc05ab6
1,20260810T082130Z_8b745f9a6864_stage08_b01_formal_a104001a,formal,20260810T082130Z,8b745f9a68645ce41c47aa18fcde8b4868ef84eb,true,stage08_b01_kaiser_scales_v1,3c4c14a97768005f5dc56b0d0c17628fff55c481c5608f82bbef4fa7c495f9fe,operator,kaiser,NA,NA,kaiser,kaiser__kaiser_int8_10e2__2717b67845b0cb80__periodic,kaiser_int8_10e2,10^2,100,window_positions=[100],INT8,GPU,not_applicable,compatibility/end-to-end,PASS,OK,20,100,87,0.25241000000000002,true,2717b67845b0cb807ebe77185da4692a740e642a06104ded226fff40649ef7d7,c1878dc0a8b658f23eafeb770f05a2994bf4c97205780d9eb40d8474ddc05ab6
1,20260810T082130Z_8b745f9a6864_stage08_b01_formal_a104001a,formal,20260810T082130Z,8b745f9a68645ce41c47aa18fcde8b4868ef84eb,true,stage08_b01_kaiser_scales_v1,3c4c14a97768005f5dc56b0d0c17628fff55c481c5608f82bbef4fa7c495f9fe,operator,kaiser,NA,NA,kaiser,kaiser__kaiser_int8_10e2__2717b67845b0cb80__periodic,kaiser_int8_10e2,10^2,100,window_positions=[100],INT8,GPU,not_applicable,compatibility/end-to-end,PASS,OK,20,100,88,0.25429099999999999,true,2717b67845b0cb807ebe77185da4692a740e642a06104ded226fff40649ef7d7,c1878dc0a8b658f23eafeb770f05a2994bf4c97205780d9eb40d8474ddc05ab6
1,20260810T082130Z_8b745f9a6864_stage08_b01_formal_a104001a,formal,20260810T082130Z,8b745f9a68645ce41c47aa18fcde8b4868ef84eb,true,stage08_b01_kaiser_scales_v1,3c4c14a97768005f5dc56b0d0c17628fff55c481c5608f82bbef4fa7c495f9fe,operator,kaiser,NA,NA,kaiser,kaiser__kaiser_int8_10e2__2717b67845b0cb80__periodic,kaiser_int8_10e2,10^2,100,window_positions=[100],INT8,GPU,not_applicable,compatibility/end-to-end,PASS,OK,20,100,89,0.25005100000000002,true,2717b67845b0cb807ebe77185da4692a740e642a06104ded226fff40649ef7d7,c1878dc0a8b658f23eafeb770f05a2994bf4c97205780d9eb40d8474ddc05ab6
1,20260810T082130Z_8b745f9a6864_stage08_b01_formal_a104001a,formal,20260810T082130Z,8b745f9a68645ce41c47aa18fcde8b4868ef84eb,true,stage08_b01_kaiser_scales_v1,3c4c14a97768005f5dc56b0d0c17628fff55c481c5608f82bbef4fa7c495f9fe,operator,kaiser,NA,NA,kaiser,kaiser__kaiser_int8_10e2__2717b67845b0cb80__periodic,kaiser_int8_10e2,10^2,100,window_positions=[100],INT8,GPU,not_applicable,compatibility/end-to-end,PASS,OK,20,100,90,0.24876999999999999,true,2717b67845b0cb807ebe77185da4692a740e642a06104ded226fff40649ef7d7,c1878dc0a8b658f23eafeb770f05a2994bf4c97205780d9eb40d8474ddc05ab6
1,20260810T082130Z_8b745f9a6864_stage08_b01_formal_a104001a,formal,20260810T082130Z,8b745f9a68645ce41c47aa18fcde8b4868ef84eb,true,stage08_b01_kaiser_scales_v1,3c4c14a97768005f5dc56b0d0c17628fff55c481c5608f82bbef4fa7c495f9fe,operator,kaiser,NA,NA,kaiser,kaiser__kaiser_int8_10e2__2717b67845b0cb80__periodic,kaiser_int8_10e2,10^2,100,window_positions=[100],INT8,GPU,not_applicable,compatibility/end-to-end,PASS,OK,20,100,91,0.25360100000000002,true,2717b67845b0cb807ebe77185da4692a740e642a06104ded226fff40649ef7d7,c1878dc0a8b658f23eafeb770f05a2994bf4c97205780d9eb40d8474ddc05ab6
1,20260810T082130Z_8b745f9a6864_stage08_b01_formal_a104001a,formal,20260810T082130Z,8b745f9a68645ce41c47aa18fcde8b4868ef84eb,true,stage08_b01_kaiser_scales_v1,3c4c14a97768005f5dc56b0d0c17628fff55c481c5608f82bbef4fa7c495f9fe,operator,kaiser,NA,NA,kaiser,kaiser__kaiser_int8_10e2__2717b67845b0cb80__periodic,kaiser_int8_10e2,10^2,100,window_positions=[100],INT8,GPU,not_applicable,compatibility/end-to-end,PASS,OK,20,100,92,0.26735100000000001,true,2717b67845b0cb807ebe77185da4692a740e642a06104ded226fff40649ef7d7,c1878dc0a8b658f23eafeb770f05a2994bf4c97205780d9eb40d8474ddc05ab6
1,20260810T082130Z_8b745f9a6864_stage08_b01_formal_a104001a,formal,20260810T082130Z,8b745f9a68645ce41c47aa18fcde8b4868ef84eb,true,stage08_b01_kaiser_scales_v1,3c4c14a97768005f5dc56b0d0c17628fff55c481c5608f82bbef4fa7c495f9fe,operator,kaiser,NA,NA,kaiser,kaiser__kaiser_int8_10e2__2717b67845b0cb80__periodic,kaiser_int8_10e2,10^2,100,window_positions=[100],INT8,GPU,not_applicable,compatibility/end-to-end,PASS,OK,20,100,93,0.263791,true,2717b67845b0cb807ebe77185da4692a740e642a06104ded226fff40649ef7d7,c1878dc0a8b658f23eafeb770f05a2994bf4c97205780d9eb40d8474ddc05ab6
1,20260810T082130Z_8b745f9a6864_stage08_b01_formal_a104001a,formal,20260810T082130Z,8b745f9a68645ce41c47aa18fcde8b4868ef84eb,true,stage08_b01_kaiser_scales_v1,3c4c14a97768005f5dc56b0d0c17628fff55c481c5608f82bbef4fa7c495f9fe,operator,kaiser,NA,NA,kaiser,kaiser__kaiser_int8_10e2__2717b67845b0cb80__periodic,kaiser_int8_10e2,10^2,100,window_positions=[100],INT8,GPU,not_applicable,compatibility/end-to-end,PASS,OK,20,100,94,0.25077100000000002,true,2717b67845b0cb807ebe77185da4692a740e642a06104ded226fff40649ef7d7,c1878dc0a8b658f23eafeb770f05a2994bf4c97205780d9eb40d8474ddc05ab6
1,20260810T082130Z_8b745f9a6864_stage08_b01_formal_a104001a,formal,20260810T082130Z,8b745f9a68645ce41c47aa18fcde8b4868ef84eb,true,stage08_b01_kaiser_scales_v1,3c4c14a97768005f5dc56b0d0c17628fff55c481c5608f82bbef4fa7c495f9fe,operator,kaiser,NA,NA,kaiser,kaiser__kaiser_int8_10e2__2717b67845b0cb80__periodic,kaiser_int8_10e2,10^2,100,window_positions=[100],INT8,GPU,not_applicable,compatibility/end-to-end,PASS,OK,20,100,95,0.26384999999999997,true,2717b67845b0cb807ebe77185da4692a740e642a06104ded226fff40649ef7d7,c1878dc0a8b658f23eafeb770f05a2994bf4c97205780d9eb40d8474ddc05ab6
1,20260810T082130Z_8b745f9a6864_stage08_b01_formal_a104001a,formal,20260810T082130Z,8b745f9a68645ce41c47aa18fcde8b4868ef84eb,true,stage08_b01_kaiser_scales_v1,3c4c14a97768005f5dc56b0d0c17628fff55c481c5608f82bbef4fa7c495f9fe,operator,kaiser,NA,NA,kaiser,kaiser__kaiser_int8_10e2__2717b67845b0cb80__periodic,kaiser_int8_10e2,10^2,100,window_positions=[100],INT8,GPU,not_applicable,compatibility/end-to-end,PASS,OK,20,100,96,0.25257099999999999,true,2717b67845b0cb807ebe77185da4692a740e642a06104ded226fff40649ef7d7,c1878dc0a8b658f23eafeb770f05a2994bf4c97205780d9eb40d8474ddc05ab6
1,20260810T082130Z_8b745f9a6864_stage08_b01_formal_a104001a,formal,20260810T082130Z,8b745f9a68645ce41c47aa18fcde8b4868ef84eb,true,stage08_b01_kaiser_scales_v1,3c4c14a97768005f5dc56b0d0c17628fff55c481c5608f82bbef4fa7c495f9fe,operator,kaiser,NA,NA,kaiser,kaiser__kaiser_int8_10e2__2717b67845b0cb80__periodic,kaiser_int8_10e2,10^2,100,window_positions=[100],INT8,GPU,not_applicable,compatibility/end-to-end,PASS,OK,20,100,97,0.26493100000000003,true,2717b67845b0cb807ebe77185da4692a740e642a06104ded226fff40649ef7d7,c1878dc0a8b658f23eafeb770f05a2994bf4c97205780d9eb40d8474ddc05ab6
1,20260810T082130Z_8b745f9a6864_stage08_b01_formal_a104001a,formal,20260810T082130Z,8b745f9a68645ce41c47aa18fcde8b4868ef84eb,true,stage08_b01_kaiser_scales_v1,3c4c14a97768005f5dc56b0d0c17628fff55c481c5608f82bbef4fa7c495f9fe,operator,kaiser,NA,NA,kaiser,kaiser__kaiser_int8_10e2__2717b67845b0cb80__periodic,kaiser_int8_10e2,10^2,100,window_positions=[100],INT8,GPU,not_applicable,compatibility/end-to-end,PASS,OK,20,100,98,0.26783099999999999,true,2717b67845b0cb807ebe77185da4692a740e642a06104ded226fff40649ef7d7,c1878dc0a8b658f23eafeb770f05a2994bf4c97205780d9eb40d8474ddc05ab6
1,20260810T082130Z_8b745f9a6864_stage08_b01_formal_a104001a,formal,20260810T082130Z,8b745f9a68645ce41c47aa18fcde8b4868ef84eb,true,stage08_b01_kaiser_scales_v1,3c4c14a97768005f5dc56b0d0c17628fff55c481c5608f82bbef4fa7c495f9fe,operator,kaiser,NA,NA,kaiser,kaiser__kaiser_int8_10e2__2717b67845b0cb80__periodic,kaiser_int8_10e2,10^2,100,window_positions=[100],INT8,GPU,not_applicable,compatibility/end-to-end,PASS,OK,20,100,99,0.26795000000000002,true,2717b67845b0cb807ebe77185da4692a740e642a06104ded226fff40649ef7d7,c1878dc0a8b658f23eafeb770f05a2994bf4c97205780d9eb40d8474ddc05ab6
