detection_mismatch_summary sample_index=0 total=1 valid=1 boundary=0
detection_mismatch sample_index=0 flat_index=58551 doppler=114 range=183 cfar_cell=valid gpu_detection=1 cpu_detection=0 gpu_power=0.128095 cpu_power=0.1281 gpu_threshold=0.120183 cpu_threshold=0.154522
sample_index=0 step=step1 cpu_ms=4.84078 gpu_ms=1.79472 relative_l2=6.84627e-06 cpu_heap_peak=11096208 cpu_rss_peak=85438464 gpu_peak=357777408 status=PASS
sample_index=0 step=step2 cpu_ms=271.136 gpu_ms=2.67291 relative_l2=2.55451e-07 cpu_heap_peak=11620672 cpu_rss_peak=86196224 gpu_peak=357777408 status=PASS
sample_index=0 step=step3 cpu_ms=695.281 gpu_ms=2.06602 relative_l2=8.68282e-06 cpu_heap_peak=12145104 cpu_rss_peak=87818240 gpu_peak=357777408 status=PASS
sample_index=0 step=step4 cpu_ms=7.19659 gpu_ms=1.6259 relative_l2=9.29687e-08 cpu_heap_peak=12800752 cpu_rss_peak=87818240 gpu_peak=357777408 status=PASS
sample_index=0 step=step5 cpu_ms=415.939 gpu_ms=6.44166 relative_l2=2.43858e-07 cpu_heap_peak=13327152 cpu_rss_peak=87818240 gpu_peak=357777408 status=PASS
sample_index=0 cpu_pipeline_ms=1394.6 gpu_pipeline_ms=15.3218 cuda_event_aux_sum_ms=7.3502 relative_l2=6.83429e-06 relative_linf=2.9522e-05 detection_mismatch_count=1 valid_detection_mismatch_count=1 boundary_detection_mismatch_count=0 mse=3.96088e-05 rmse=0.00629356 formal_relative_l2=6.84627e-06 formal_relative_linf=3.09371e-05 semantic_gates=5/5 accuracy_status=PASS
detection_mismatch_summary sample_index=1 total=1 valid=1 boundary=0
detection_mismatch sample_index=1 flat_index=58551 doppler=114 range=183 cfar_cell=valid gpu_detection=1 cpu_detection=0 gpu_power=0.128095 cpu_power=0.1281 gpu_threshold=0.120183 cpu_threshold=0.154522
sample_index=1 step=step1 cpu_ms=4.85574 gpu_ms=1.69361 relative_l2=6.84627e-06 cpu_heap_peak=11105920 cpu_rss_peak=90554368 gpu_peak=357777408 status=PASS
sample_index=1 step=step2 cpu_ms=271.723 gpu_ms=2.4424 relative_l2=2.55451e-07 cpu_heap_peak=11630384 cpu_rss_peak=90554368 gpu_peak=357777408 status=PASS
sample_index=1 step=step3 cpu_ms=695.488 gpu_ms=1.88493 relative_l2=8.68282e-06 cpu_heap_peak=12154832 cpu_rss_peak=90554368 gpu_peak=357777408 status=PASS
sample_index=1 step=step4 cpu_ms=7.1808 gpu_ms=1.54818 relative_l2=9.29687e-08 cpu_heap_peak=12810480 cpu_rss_peak=90554368 gpu_peak=357777408 status=PASS
sample_index=1 step=step5 cpu_ms=422.233 gpu_ms=6.47155 relative_l2=2.43858e-07 cpu_heap_peak=13336880 cpu_rss_peak=90554368 gpu_peak=357777408 status=PASS
sample_index=1 cpu_pipeline_ms=1401.68 gpu_pipeline_ms=14.7748 cuda_event_aux_sum_ms=7.31426 relative_l2=6.83429e-06 relative_linf=2.9522e-05 detection_mismatch_count=1 valid_detection_mismatch_count=1 boundary_detection_mismatch_count=0 mse=3.96088e-05 rmse=0.00629356 formal_relative_l2=6.84627e-06 formal_relative_linf=3.09371e-05 semantic_gates=5/5 accuracy_status=PASS
detection_mismatch_summary sample_index=2 total=1 valid=1 boundary=0
detection_mismatch sample_index=2 flat_index=58551 doppler=114 range=183 cfar_cell=valid gpu_detection=1 cpu_detection=0 gpu_power=0.128095 cpu_power=0.1281 gpu_threshold=0.120183 cpu_threshold=0.154522
sample_index=2 step=step1 cpu_ms=4.84877 gpu_ms=1.67972 relative_l2=6.84627e-06 cpu_heap_peak=11106064 cpu_rss_peak=90554368 gpu_peak=357777408 status=PASS
sample_index=2 step=step2 cpu_ms=271.032 gpu_ms=2.40413 relative_l2=2.55451e-07 cpu_heap_peak=11630368 cpu_rss_peak=90554368 gpu_peak=357777408 status=PASS
sample_index=2 step=step3 cpu_ms=695.274 gpu_ms=1.87048 relative_l2=8.68282e-06 cpu_heap_peak=12154848 cpu_rss_peak=90554368 gpu_peak=357777408 status=PASS
sample_index=2 step=step4 cpu_ms=7.20261 gpu_ms=1.5503 relative_l2=9.29687e-08 cpu_heap_peak=12810496 cpu_rss_peak=90554368 gpu_peak=357777408 status=PASS
sample_index=2 step=step5 cpu_ms=416.175 gpu_ms=6.4232 relative_l2=2.43858e-07 cpu_heap_peak=13336896 cpu_rss_peak=90554368 gpu_peak=357777408 status=PASS
sample_index=2 cpu_pipeline_ms=1394.74 gpu_pipeline_ms=14.6545 cuda_event_aux_sum_ms=7.31228 relative_l2=6.83429e-06 relative_linf=2.9522e-05 detection_mismatch_count=1 valid_detection_mismatch_count=1 boundary_detection_mismatch_count=0 mse=3.96088e-05 rmse=0.00629356 formal_relative_l2=6.84627e-06 formal_relative_linf=3.09371e-05 semantic_gates=5/5 accuracy_status=PASS
detection_mismatch_summary sample_index=3 total=1 valid=1 boundary=0
detection_mismatch sample_index=3 flat_index=58551 doppler=114 range=183 cfar_cell=valid gpu_detection=1 cpu_detection=0 gpu_power=0.128095 cpu_power=0.1281 gpu_threshold=0.120183 cpu_threshold=0.154522
sample_index=3 step=step1 cpu_ms=4.86575 gpu_ms=1.69804 relative_l2=6.84627e-06 cpu_heap_peak=11108880 cpu_rss_peak=90554368 gpu_peak=357777408 status=PASS
sample_index=3 step=step2 cpu_ms=271.454 gpu_ms=2.40578 relative_l2=2.55451e-07 cpu_heap_peak=11633376 cpu_rss_peak=90554368 gpu_peak=357777408 status=PASS
sample_index=3 step=step3 cpu_ms=695.897 gpu_ms=1.90266 relative_l2=8.68282e-06 cpu_heap_peak=12157808 cpu_rss_peak=90554368 gpu_peak=357777408 status=PASS
sample_index=3 step=step4 cpu_ms=7.20734 gpu_ms=1.53509 relative_l2=9.29687e-08 cpu_heap_peak=12813472 cpu_rss_peak=90554368 gpu_peak=357777408 status=PASS
sample_index=3 step=step5 cpu_ms=416.082 gpu_ms=6.38515 relative_l2=2.43858e-07 cpu_heap_peak=13339840 cpu_rss_peak=90554368 gpu_peak=357777408 status=PASS
sample_index=3 cpu_pipeline_ms=1395.71 gpu_pipeline_ms=14.6563 cuda_event_aux_sum_ms=7.28833 relative_l2=6.83429e-06 relative_linf=2.9522e-05 detection_mismatch_count=1 valid_detection_mismatch_count=1 boundary_detection_mismatch_count=0 mse=3.96088e-05 rmse=0.00629356 formal_relative_l2=6.84627e-06 formal_relative_linf=3.09371e-05 semantic_gates=5/5 accuracy_status=PASS
detection_mismatch_summary sample_index=4 total=1 valid=1 boundary=0
detection_mismatch sample_index=4 flat_index=58551 doppler=114 range=183 cfar_cell=valid gpu_detection=1 cpu_detection=0 gpu_power=0.128095 cpu_power=0.1281 gpu_threshold=0.120183 cpu_threshold=0.154522
sample_index=4 step=step1 cpu_ms=5.01134 gpu_ms=1.692 relative_l2=6.84627e-06 cpu_heap_peak=11108064 cpu_rss_peak=90357760 gpu_peak=357777408 status=PASS
sample_index=4 step=step2 cpu_ms=271.152 gpu_ms=2.42678 relative_l2=2.55451e-07 cpu_heap_peak=11632528 cpu_rss_peak=90357760 gpu_peak=357777408 status=PASS
sample_index=4 step=step3 cpu_ms=695.561 gpu_ms=1.87603 relative_l2=8.68282e-06 cpu_heap_peak=12156928 cpu_rss_peak=90357760 gpu_peak=357777408 status=PASS
sample_index=4 step=step4 cpu_ms=7.17353 gpu_ms=1.56948 relative_l2=9.29687e-08 cpu_heap_peak=12812624 cpu_rss_peak=90357760 gpu_peak=357777408 status=PASS
sample_index=4 step=step5 cpu_ms=416.616 gpu_ms=6.40864 relative_l2=2.43858e-07 cpu_heap_peak=13339024 cpu_rss_peak=90357760 gpu_peak=357777408 status=PASS
sample_index=4 cpu_pipeline_ms=1395.72 gpu_pipeline_ms=14.7127 cuda_event_aux_sum_ms=7.29603 relative_l2=6.83429e-06 relative_linf=2.9522e-05 detection_mismatch_count=1 valid_detection_mismatch_count=1 boundary_detection_mismatch_count=0 mse=3.96088e-05 rmse=0.00629356 formal_relative_l2=6.84627e-06 formal_relative_linf=3.09371e-05 semantic_gates=5/5 accuracy_status=PASS
detection_mismatch_summary sample_index=5 total=1 valid=1 boundary=0
detection_mismatch sample_index=5 flat_index=58551 doppler=114 range=183 cfar_cell=valid gpu_detection=1 cpu_detection=0 gpu_power=0.128095 cpu_power=0.1281 gpu_threshold=0.120183 cpu_threshold=0.154522
sample_index=5 step=step1 cpu_ms=4.85677 gpu_ms=1.79099 relative_l2=6.84627e-06 cpu_heap_peak=11112000 cpu_rss_peak=90562560 gpu_peak=357777408 status=PASS
sample_index=5 step=step2 cpu_ms=271.468 gpu_ms=2.53732 relative_l2=2.55451e-07 cpu_heap_peak=11636464 cpu_rss_peak=90562560 gpu_peak=357777408 status=PASS
sample_index=5 step=step3 cpu_ms=699.153 gpu_ms=1.95344 relative_l2=8.68282e-06 cpu_heap_peak=12160896 cpu_rss_peak=90562560 gpu_peak=357777408 status=PASS
sample_index=5 step=step4 cpu_ms=7.30197 gpu_ms=1.56097 relative_l2=9.29687e-08 cpu_heap_peak=12816560 cpu_rss_peak=90562560 gpu_peak=357777408 status=PASS
sample_index=5 step=step5 cpu_ms=416.682 gpu_ms=6.45309 relative_l2=2.43858e-07 cpu_heap_peak=13342960 cpu_rss_peak=90562560 gpu_peak=357777408 status=PASS
sample_index=5 cpu_pipeline_ms=1399.67 gpu_pipeline_ms=15.0515 cuda_event_aux_sum_ms=7.3661 relative_l2=6.83429e-06 relative_linf=2.9522e-05 detection_mismatch_count=1 valid_detection_mismatch_count=1 boundary_detection_mismatch_count=0 mse=3.96088e-05 rmse=0.00629356 formal_relative_l2=6.84627e-06 formal_relative_linf=3.09371e-05 semantic_gates=5/5 accuracy_status=PASS
detection_mismatch_summary sample_index=6 total=1 valid=1 boundary=0
detection_mismatch sample_index=6 flat_index=58551 doppler=114 range=183 cfar_cell=valid gpu_detection=1 cpu_detection=0 gpu_power=0.128095 cpu_power=0.1281 gpu_threshold=0.120183 cpu_threshold=0.154522
sample_index=6 step=step1 cpu_ms=4.85479 gpu_ms=1.70549 relative_l2=6.84627e-06 cpu_heap_peak=11112400 cpu_rss_peak=90316800 gpu_peak=357777408 status=PASS
sample_index=6 step=step2 cpu_ms=271.433 gpu_ms=2.35849 relative_l2=2.55451e-07 cpu_heap_peak=11636832 cpu_rss_peak=90316800 gpu_peak=357777408 status=PASS
sample_index=6 step=step3 cpu_ms=695.368 gpu_ms=1.88339 relative_l2=8.68282e-06 cpu_heap_peak=12161264 cpu_rss_peak=90316800 gpu_peak=357777408 status=PASS
sample_index=6 step=step4 cpu_ms=7.20394 gpu_ms=1.52102 relative_l2=9.29687e-08 cpu_heap_peak=12816928 cpu_rss_peak=90316800 gpu_peak=357777408 status=PASS
sample_index=6 step=step5 cpu_ms=416.807 gpu_ms=6.43146 relative_l2=2.43858e-07 cpu_heap_peak=13343328 cpu_rss_peak=90562560 gpu_peak=357777408 status=PASS
sample_index=6 cpu_pipeline_ms=1395.87 gpu_pipeline_ms=14.6215 cuda_event_aux_sum_ms=7.31867 relative_l2=6.83429e-06 relative_linf=2.9522e-05 detection_mismatch_count=1 valid_detection_mismatch_count=1 boundary_detection_mismatch_count=0 mse=3.96088e-05 rmse=0.00629356 formal_relative_l2=6.84627e-06 formal_relative_linf=3.09371e-05 semantic_gates=5/5 accuracy_status=PASS
detection_mismatch_summary sample_index=7 total=1 valid=1 boundary=0
detection_mismatch sample_index=7 flat_index=58551 doppler=114 range=183 cfar_cell=valid gpu_detection=1 cpu_detection=0 gpu_power=0.128095 cpu_power=0.1281 gpu_threshold=0.120183 cpu_threshold=0.154522
sample_index=7 step=step1 cpu_ms=5.02166 gpu_ms=1.7664 relative_l2=6.84627e-06 cpu_heap_peak=11113040 cpu_rss_peak=90497024 gpu_peak=357777408 status=PASS
sample_index=7 step=step2 cpu_ms=271.781 gpu_ms=2.42403 relative_l2=2.55451e-07 cpu_heap_peak=11637440 cpu_rss_peak=90497024 gpu_peak=357777408 status=PASS
sample_index=7 step=step3 cpu_ms=697.187 gpu_ms=1.89756 relative_l2=8.68282e-06 cpu_heap_peak=12161872 cpu_rss_peak=90497024 gpu_peak=357777408 status=PASS
sample_index=7 step=step4 cpu_ms=7.22243 gpu_ms=1.52552 relative_l2=9.29687e-08 cpu_heap_peak=12817536 cpu_rss_peak=90497024 gpu_peak=357777408 status=PASS
sample_index=7 step=step5 cpu_ms=416.165 gpu_ms=6.4314 relative_l2=2.43858e-07 cpu_heap_peak=13343936 cpu_rss_peak=90497024 gpu_peak=357777408 status=PASS
sample_index=7 cpu_pipeline_ms=1397.58 gpu_pipeline_ms=14.7757 cuda_event_aux_sum_ms=7.30923 relative_l2=6.83429e-06 relative_linf=2.9522e-05 detection_mismatch_count=1 valid_detection_mismatch_count=1 boundary_detection_mismatch_count=0 mse=3.96088e-05 rmse=0.00629356 formal_relative_l2=6.84627e-06 formal_relative_linf=3.09371e-05 semantic_gates=5/5 accuracy_status=PASS
detection_mismatch_summary sample_index=8 total=1 valid=1 boundary=0
detection_mismatch sample_index=8 flat_index=58551 doppler=114 range=183 cfar_cell=valid gpu_detection=1 cpu_detection=0 gpu_power=0.128095 cpu_power=0.1281 gpu_threshold=0.120183 cpu_threshold=0.154522
sample_index=8 step=step1 cpu_ms=4.84947 gpu_ms=1.66131 relative_l2=6.84627e-06 cpu_heap_peak=11113952 cpu_rss_peak=90361856 gpu_peak=357777408 status=PASS
sample_index=8 step=step2 cpu_ms=271.221 gpu_ms=2.39121 relative_l2=2.55451e-07 cpu_heap_peak=11638416 cpu_rss_peak=90361856 gpu_peak=357777408 status=PASS
sample_index=8 step=step3 cpu_ms=695.447 gpu_ms=1.88156 relative_l2=8.68282e-06 cpu_heap_peak=12162848 cpu_rss_peak=90361856 gpu_peak=357777408 status=PASS
sample_index=8 step=step4 cpu_ms=7.18355 gpu_ms=1.55737 relative_l2=9.29687e-08 cpu_heap_peak=12818512 cpu_rss_peak=90361856 gpu_peak=357777408 status=PASS
sample_index=8 step=step5 cpu_ms=416.278 gpu_ms=6.71924 relative_l2=2.43858e-07 cpu_heap_peak=13344880 cpu_rss_peak=90361856 gpu_peak=357777408 status=PASS
sample_index=8 cpu_pipeline_ms=1395.18 gpu_pipeline_ms=14.9425 cuda_event_aux_sum_ms=7.60628 relative_l2=6.83429e-06 relative_linf=2.9522e-05 detection_mismatch_count=1 valid_detection_mismatch_count=1 boundary_detection_mismatch_count=0 mse=3.96088e-05 rmse=0.00629356 formal_relative_l2=6.84627e-06 formal_relative_linf=3.09371e-05 semantic_gates=5/5 accuracy_status=PASS
detection_mismatch_summary sample_index=9 total=1 valid=1 boundary=0
detection_mismatch sample_index=9 flat_index=58551 doppler=114 range=183 cfar_cell=valid gpu_detection=1 cpu_detection=0 gpu_power=0.128095 cpu_power=0.1281 gpu_threshold=0.120183 cpu_threshold=0.154522
sample_index=9 step=step1 cpu_ms=5.0821 gpu_ms=1.75391 relative_l2=6.84627e-06 cpu_heap_peak=11118352 cpu_rss_peak=90472448 gpu_peak=357777408 status=PASS
sample_index=9 step=step2 cpu_ms=271.355 gpu_ms=2.58179 relative_l2=2.55451e-07 cpu_heap_peak=11642816 cpu_rss_peak=90472448 gpu_peak=357777408 status=PASS
sample_index=9 step=step3 cpu_ms=695.315 gpu_ms=1.96729 relative_l2=8.68282e-06 cpu_heap_peak=12167248 cpu_rss_peak=90472448 gpu_peak=357777408 status=PASS
sample_index=9 step=step4 cpu_ms=7.3127 gpu_ms=1.58724 relative_l2=9.29687e-08 cpu_heap_peak=12822912 cpu_rss_peak=90472448 gpu_peak=357777408 status=PASS
sample_index=9 step=step5 cpu_ms=416.133 gpu_ms=6.40353 relative_l2=2.43858e-07 cpu_heap_peak=13349312 cpu_rss_peak=90472448 gpu_peak=357777408 status=PASS
sample_index=9 cpu_pipeline_ms=1395.4 gpu_pipeline_ms=15.041 cuda_event_aux_sum_ms=7.3344 relative_l2=6.83429e-06 relative_linf=2.9522e-05 detection_mismatch_count=1 valid_detection_mismatch_count=1 boundary_detection_mismatch_count=0 mse=3.96088e-05 rmse=0.00629356 formal_relative_l2=6.84627e-06 formal_relative_linf=3.09371e-05 semantic_gates=5/5 accuracy_status=PASS
detection_mismatch_summary sample_index=10 total=1 valid=1 boundary=0
detection_mismatch sample_index=10 flat_index=58551 doppler=114 range=183 cfar_cell=valid gpu_detection=1 cpu_detection=0 gpu_power=0.128095 cpu_power=0.1281 gpu_threshold=0.120183 cpu_threshold=0.154522
sample_index=10 step=step1 cpu_ms=6.80269 gpu_ms=1.6859 relative_l2=6.84627e-06 cpu_heap_peak=11118320 cpu_rss_peak=90361856 gpu_peak=357777408 status=PASS
sample_index=10 step=step2 cpu_ms=272.162 gpu_ms=2.36553 relative_l2=2.55451e-07 cpu_heap_peak=11642784 cpu_rss_peak=90361856 gpu_peak=357777408 status=PASS
sample_index=10 step=step3 cpu_ms=695.039 gpu_ms=1.87284 relative_l2=8.68282e-06 cpu_heap_peak=12167216 cpu_rss_peak=90361856 gpu_peak=357777408 status=PASS
sample_index=10 step=step4 cpu_ms=7.22102 gpu_ms=1.52904 relative_l2=9.29687e-08 cpu_heap_peak=12822880 cpu_rss_peak=90361856 gpu_peak=357777408 status=PASS
sample_index=10 step=step5 cpu_ms=417.09 gpu_ms=6.43715 relative_l2=2.43858e-07 cpu_heap_peak=13349280 cpu_rss_peak=90361856 gpu_peak=357777408 status=PASS
sample_index=10 cpu_pipeline_ms=1398.52 gpu_pipeline_ms=14.6087 cuda_event_aux_sum_ms=7.32618 relative_l2=6.83429e-06 relative_linf=2.9522e-05 detection_mismatch_count=1 valid_detection_mismatch_count=1 boundary_detection_mismatch_count=0 mse=3.96088e-05 rmse=0.00629356 formal_relative_l2=6.84627e-06 formal_relative_linf=3.09371e-05 semantic_gates=5/5 accuracy_status=PASS
detection_mismatch_summary sample_index=11 total=1 valid=1 boundary=0
detection_mismatch sample_index=11 flat_index=58551 doppler=114 range=183 cfar_cell=valid gpu_detection=1 cpu_detection=0 gpu_power=0.128095 cpu_power=0.1281 gpu_threshold=0.120183 cpu_threshold=0.154522
sample_index=11 step=step1 cpu_ms=4.84819 gpu_ms=1.67865 relative_l2=6.84627e-06 cpu_heap_peak=11121056 cpu_rss_peak=90562560 gpu_peak=357777408 status=PASS
sample_index=11 step=step2 cpu_ms=272.874 gpu_ms=2.3819 relative_l2=2.55451e-07 cpu_heap_peak=11645504 cpu_rss_peak=90562560 gpu_peak=357777408 status=PASS
sample_index=11 step=step3 cpu_ms=697.219 gpu_ms=1.87065 relative_l2=8.68282e-06 cpu_heap_peak=12169984 cpu_rss_peak=90562560 gpu_peak=357777408 status=PASS
sample_index=11 step=step4 cpu_ms=7.18387 gpu_ms=1.5465 relative_l2=9.29687e-08 cpu_heap_peak=12825600 cpu_rss_peak=90562560 gpu_peak=357777408 status=PASS
sample_index=11 step=step5 cpu_ms=415.992 gpu_ms=6.39012 relative_l2=2.43858e-07 cpu_heap_peak=13352048 cpu_rss_peak=90562560 gpu_peak=357777408 status=PASS
sample_index=11 cpu_pipeline_ms=1398.32 gpu_pipeline_ms=14.7235 cuda_event_aux_sum_ms=7.3037 relative_l2=6.83429e-06 relative_linf=2.9522e-05 detection_mismatch_count=1 valid_detection_mismatch_count=1 boundary_detection_mismatch_count=0 mse=3.96088e-05 rmse=0.00629356 formal_relative_l2=6.84627e-06 formal_relative_linf=3.09371e-05 semantic_gates=5/5 accuracy_status=PASS
detection_mismatch_summary sample_index=12 total=1 valid=1 boundary=0
detection_mismatch sample_index=12 flat_index=58551 doppler=114 range=183 cfar_cell=valid gpu_detection=1 cpu_detection=0 gpu_power=0.128095 cpu_power=0.1281 gpu_threshold=0.120183 cpu_threshold=0.154522
sample_index=12 step=step1 cpu_ms=4.85086 gpu_ms=1.69035 relative_l2=6.84627e-06 cpu_heap_peak=11120528 cpu_rss_peak=90419200 gpu_peak=357777408 status=PASS
sample_index=12 step=step2 cpu_ms=271.129 gpu_ms=2.40324 relative_l2=2.55451e-07 cpu_heap_peak=11644896 cpu_rss_peak=90419200 gpu_peak=357777408 status=PASS
sample_index=12 step=step3 cpu_ms=696.063 gpu_ms=1.89972 relative_l2=8.68282e-06 cpu_heap_peak=12169328 cpu_rss_peak=90419200 gpu_peak=357777408 status=PASS
sample_index=12 step=step4 cpu_ms=7.22637 gpu_ms=1.58266 relative_l2=9.29687e-08 cpu_heap_peak=12824992 cpu_rss_peak=90419200 gpu_peak=357777408 status=PASS
sample_index=12 step=step5 cpu_ms=417.68 gpu_ms=6.51335 relative_l2=2.43858e-07 cpu_heap_peak=13351424 cpu_rss_peak=90419200 gpu_peak=357777408 status=PASS
sample_index=12 cpu_pipeline_ms=1397.15 gpu_pipeline_ms=14.8282 cuda_event_aux_sum_ms=7.40892 relative_l2=6.83429e-06 relative_linf=2.9522e-05 detection_mismatch_count=1 valid_detection_mismatch_count=1 boundary_detection_mismatch_count=0 mse=3.96088e-05 rmse=0.00629356 formal_relative_l2=6.84627e-06 formal_relative_linf=3.09371e-05 semantic_gates=5/5 accuracy_status=PASS
detection_mismatch_summary sample_index=13 total=1 valid=1 boundary=0
detection_mismatch sample_index=13 flat_index=58551 doppler=114 range=183 cfar_cell=valid gpu_detection=1 cpu_detection=0 gpu_power=0.128095 cpu_power=0.1281 gpu_threshold=0.120183 cpu_threshold=0.154522
sample_index=13 step=step1 cpu_ms=4.85758 gpu_ms=1.70005 relative_l2=6.84627e-06 cpu_heap_peak=11120992 cpu_rss_peak=90361856 gpu_peak=357777408 status=PASS
sample_index=13 step=step2 cpu_ms=271.094 gpu_ms=2.37568 relative_l2=2.55451e-07 cpu_heap_peak=11645360 cpu_rss_peak=90361856 gpu_peak=357777408 status=PASS
sample_index=13 step=step3 cpu_ms=697.02 gpu_ms=1.88762 relative_l2=8.68282e-06 cpu_heap_peak=12169792 cpu_rss_peak=90361856 gpu_peak=357777408 status=PASS
sample_index=13 step=step4 cpu_ms=7.18288 gpu_ms=1.53792 relative_l2=9.29687e-08 cpu_heap_peak=12825440 cpu_rss_peak=90361856 gpu_peak=357777408 status=PASS
sample_index=13 step=step5 cpu_ms=416.421 gpu_ms=6.49887 relative_l2=2.43858e-07 cpu_heap_peak=13351840 cpu_rss_peak=90361856 gpu_peak=357777408 status=PASS
sample_index=13 cpu_pipeline_ms=1396.78 gpu_pipeline_ms=14.7392 cuda_event_aux_sum_ms=7.4091 relative_l2=6.83429e-06 relative_linf=2.9522e-05 detection_mismatch_count=1 valid_detection_mismatch_count=1 boundary_detection_mismatch_count=0 mse=3.96088e-05 rmse=0.00629356 formal_relative_l2=6.84627e-06 formal_relative_linf=3.09371e-05 semantic_gates=5/5 accuracy_status=PASS
detection_mismatch_summary sample_index=14 total=1 valid=1 boundary=0
detection_mismatch sample_index=14 flat_index=58551 doppler=114 range=183 cfar_cell=valid gpu_detection=1 cpu_detection=0 gpu_power=0.128095 cpu_power=0.1281 gpu_threshold=0.120183 cpu_threshold=0.154522
sample_index=14 step=step1 cpu_ms=4.85941 gpu_ms=1.68473 relative_l2=6.84627e-06 cpu_heap_peak=11121600 cpu_rss_peak=90562560 gpu_peak=357777408 status=PASS
sample_index=14 step=step2 cpu_ms=271.828 gpu_ms=2.39941 relative_l2=2.55451e-07 cpu_heap_peak=11646064 cpu_rss_peak=90562560 gpu_peak=357777408 status=PASS
sample_index=14 step=step3 cpu_ms=695.173 gpu_ms=1.87055 relative_l2=8.68282e-06 cpu_heap_peak=12170512 cpu_rss_peak=90562560 gpu_peak=357777408 status=PASS
sample_index=14 step=step4 cpu_ms=7.16538 gpu_ms=1.56486 relative_l2=9.29687e-08 cpu_heap_peak=12826144 cpu_rss_peak=90562560 gpu_peak=357777408 status=PASS
sample_index=14 step=step5 cpu_ms=416.838 gpu_ms=6.46345 relative_l2=2.43858e-07 cpu_heap_peak=13352592 cpu_rss_peak=90562560 gpu_peak=357777408 status=PASS
sample_index=14 cpu_pipeline_ms=1396.07 gpu_pipeline_ms=14.7094 cuda_event_aux_sum_ms=7.36809 relative_l2=6.83429e-06 relative_linf=2.9522e-05 detection_mismatch_count=1 valid_detection_mismatch_count=1 boundary_detection_mismatch_count=0 mse=3.96088e-05 rmse=0.00629356 formal_relative_l2=6.84627e-06 formal_relative_linf=3.09371e-05 semantic_gates=5/5 accuracy_status=PASS
detection_mismatch_summary sample_index=15 total=1 valid=1 boundary=0
detection_mismatch sample_index=15 flat_index=58551 doppler=114 range=183 cfar_cell=valid gpu_detection=1 cpu_detection=0 gpu_power=0.128095 cpu_power=0.1281 gpu_threshold=0.120183 cpu_threshold=0.154522
sample_index=15 step=step1 cpu_ms=4.85117 gpu_ms=1.69908 relative_l2=6.84627e-06 cpu_heap_peak=11120032 cpu_rss_peak=90423296 gpu_peak=357777408 status=PASS
sample_index=15 step=step2 cpu_ms=271.62 gpu_ms=2.41384 relative_l2=2.55451e-07 cpu_heap_peak=11644464 cpu_rss_peak=90423296 gpu_peak=357777408 status=PASS
sample_index=15 step=step3 cpu_ms=697.65 gpu_ms=1.87639 relative_l2=8.68282e-06 cpu_heap_peak=12168912 cpu_rss_peak=90423296 gpu_peak=357777408 status=PASS
sample_index=15 step=step4 cpu_ms=7.1699 gpu_ms=1.56325 relative_l2=9.29687e-08 cpu_heap_peak=12824544 cpu_rss_peak=90423296 gpu_peak=357777408 status=PASS
sample_index=15 step=step5 cpu_ms=415.849 gpu_ms=6.60718 relative_l2=2.43858e-07 cpu_heap_peak=13350992 cpu_rss_peak=90423296 gpu_peak=357777408 status=PASS
sample_index=15 cpu_pipeline_ms=1397.34 gpu_pipeline_ms=14.9057 cuda_event_aux_sum_ms=7.52626 relative_l2=6.83429e-06 relative_linf=2.9522e-05 detection_mismatch_count=1 valid_detection_mismatch_count=1 boundary_detection_mismatch_count=0 mse=3.96088e-05 rmse=0.00629356 formal_relative_l2=6.84627e-06 formal_relative_linf=3.09371e-05 semantic_gates=5/5 accuracy_status=PASS
detection_mismatch_summary sample_index=16 total=1 valid=1 boundary=0
detection_mismatch sample_index=16 flat_index=58551 doppler=114 range=183 cfar_cell=valid gpu_detection=1 cpu_detection=0 gpu_power=0.128095 cpu_power=0.1281 gpu_threshold=0.120183 cpu_threshold=0.154522
sample_index=16 step=step1 cpu_ms=4.85637 gpu_ms=1.67361 relative_l2=6.84627e-06 cpu_heap_peak=11122224 cpu_rss_peak=90361856 gpu_peak=357777408 status=PASS
sample_index=16 step=step2 cpu_ms=271.45 gpu_ms=2.41778 relative_l2=2.55451e-07 cpu_heap_peak=11646672 cpu_rss_peak=90361856 gpu_peak=357777408 status=PASS
sample_index=16 step=step3 cpu_ms=695.996 gpu_ms=1.89106 relative_l2=8.68282e-06 cpu_heap_peak=12171104 cpu_rss_peak=90361856 gpu_peak=357777408 status=PASS
sample_index=16 step=step4 cpu_ms=7.19372 gpu_ms=1.57521 relative_l2=9.29687e-08 cpu_heap_peak=12826768 cpu_rss_peak=90361856 gpu_peak=357777408 status=PASS
sample_index=16 step=step5 cpu_ms=416.078 gpu_ms=6.46598 relative_l2=2.43858e-07 cpu_heap_peak=13353136 cpu_rss_peak=90361856 gpu_peak=357777408 status=PASS
sample_index=16 cpu_pipeline_ms=1395.77 gpu_pipeline_ms=14.7653 cuda_event_aux_sum_ms=7.42007 relative_l2=6.83429e-06 relative_linf=2.9522e-05 detection_mismatch_count=1 valid_detection_mismatch_count=1 boundary_detection_mismatch_count=0 mse=3.96088e-05 rmse=0.00629356 formal_relative_l2=6.84627e-06 formal_relative_linf=3.09371e-05 semantic_gates=5/5 accuracy_status=PASS
detection_mismatch_summary sample_index=17 total=1 valid=1 boundary=0
detection_mismatch sample_index=17 flat_index=58551 doppler=114 range=183 cfar_cell=valid gpu_detection=1 cpu_detection=0 gpu_power=0.128095 cpu_power=0.1281 gpu_threshold=0.120183 cpu_threshold=0.154522
sample_index=17 step=step1 cpu_ms=4.85187 gpu_ms=1.69048 relative_l2=6.84627e-06 cpu_heap_peak=11131520 cpu_rss_peak=90357760 gpu_peak=357777408 status=PASS
sample_index=17 step=step2 cpu_ms=271.217 gpu_ms=2.37164 relative_l2=2.55451e-07 cpu_heap_peak=11655824 cpu_rss_peak=90357760 gpu_peak=357777408 status=PASS
sample_index=17 step=step3 cpu_ms=695.651 gpu_ms=1.88898 relative_l2=8.68282e-06 cpu_heap_peak=12180256 cpu_rss_peak=90357760 gpu_peak=357777408 status=PASS
sample_index=17 step=step4 cpu_ms=7.2084 gpu_ms=1.54758 relative_l2=9.29687e-08 cpu_heap_peak=12835904 cpu_rss_peak=90357760 gpu_peak=357777408 status=PASS
sample_index=17 step=step5 cpu_ms=416.978 gpu_ms=6.38959 relative_l2=2.43858e-07 cpu_heap_peak=13362304 cpu_rss_peak=90357760 gpu_peak=357777408 status=PASS
sample_index=17 cpu_pipeline_ms=1396.11 gpu_pipeline_ms=14.6255 cuda_event_aux_sum_ms=7.27928 relative_l2=6.83429e-06 relative_linf=2.9522e-05 detection_mismatch_count=1 valid_detection_mismatch_count=1 boundary_detection_mismatch_count=0 mse=3.96088e-05 rmse=0.00629356 formal_relative_l2=6.84627e-06 formal_relative_linf=3.09371e-05 semantic_gates=5/5 accuracy_status=PASS
detection_mismatch_summary sample_index=18 total=1 valid=1 boundary=0
detection_mismatch sample_index=18 flat_index=58551 doppler=114 range=183 cfar_cell=valid gpu_detection=1 cpu_detection=0 gpu_power=0.128095 cpu_power=0.1281 gpu_threshold=0.120183 cpu_threshold=0.154522
sample_index=18 step=step1 cpu_ms=4.86016 gpu_ms=1.73099 relative_l2=6.84627e-06 cpu_heap_peak=11131904 cpu_rss_peak=90562560 gpu_peak=357777408 status=PASS
sample_index=18 step=step2 cpu_ms=271.601 gpu_ms=2.54781 relative_l2=2.55451e-07 cpu_heap_peak=11656240 cpu_rss_peak=90562560 gpu_peak=357777408 status=PASS
sample_index=18 step=step3 cpu_ms=695.589 gpu_ms=1.9554 relative_l2=8.68282e-06 cpu_heap_peak=12180672 cpu_rss_peak=90562560 gpu_peak=357777408 status=PASS
sample_index=18 step=step4 cpu_ms=7.31761 gpu_ms=1.57203 relative_l2=9.29687e-08 cpu_heap_peak=12836320 cpu_rss_peak=90562560 gpu_peak=357777408 status=PASS
sample_index=18 step=step5 cpu_ms=417.134 gpu_ms=6.41645 relative_l2=2.43858e-07 cpu_heap_peak=13362720 cpu_rss_peak=90562560 gpu_peak=357777408 status=PASS
sample_index=18 cpu_pipeline_ms=1396.71 gpu_pipeline_ms=15.1647 cuda_event_aux_sum_ms=7.34148 relative_l2=6.83429e-06 relative_linf=2.9522e-05 detection_mismatch_count=1 valid_detection_mismatch_count=1 boundary_detection_mismatch_count=0 mse=3.96088e-05 rmse=0.00629356 formal_relative_l2=6.84627e-06 formal_relative_linf=3.09371e-05 semantic_gates=5/5 accuracy_status=PASS
detection_mismatch_summary sample_index=19 total=1 valid=1 boundary=0
detection_mismatch sample_index=19 flat_index=58551 doppler=114 range=183 cfar_cell=valid gpu_detection=1 cpu_detection=0 gpu_power=0.128095 cpu_power=0.1281 gpu_threshold=0.120183 cpu_threshold=0.154522
sample_index=19 step=step1 cpu_ms=4.84553 gpu_ms=1.67577 relative_l2=6.84627e-06 cpu_heap_peak=11131328 cpu_rss_peak=90353664 gpu_peak=357777408 status=PASS
sample_index=19 step=step2 cpu_ms=271.511 gpu_ms=2.41576 relative_l2=2.55451e-07 cpu_heap_peak=11655664 cpu_rss_peak=90353664 gpu_peak=357777408 status=PASS
sample_index=19 step=step3 cpu_ms=697.284 gpu_ms=1.86902 relative_l2=8.68282e-06 cpu_heap_peak=12180112 cpu_rss_peak=90353664 gpu_peak=357777408 status=PASS
sample_index=19 step=step4 cpu_ms=7.19618 gpu_ms=1.57694 relative_l2=9.29687e-08 cpu_heap_peak=12835760 cpu_rss_peak=90353664 gpu_peak=357777408 status=PASS
sample_index=19 step=step5 cpu_ms=416.051 gpu_ms=6.41205 relative_l2=2.43858e-07 cpu_heap_peak=13362160 cpu_rss_peak=90353664 gpu_peak=357777408 status=PASS
sample_index=19 cpu_pipeline_ms=1397.09 gpu_pipeline_ms=14.6747 cuda_event_aux_sum_ms=7.38843 relative_l2=6.83429e-06 relative_linf=2.9522e-05 detection_mismatch_count=1 valid_detection_mismatch_count=1 boundary_detection_mismatch_count=0 mse=3.96088e-05 rmse=0.00629356 formal_relative_l2=6.84627e-06 formal_relative_linf=3.09371e-05 semantic_gates=5/5 accuracy_status=PASS
detection_mismatch_summary sample_index=20 total=1 valid=1 boundary=0
detection_mismatch sample_index=20 flat_index=58551 doppler=114 range=183 cfar_cell=valid gpu_detection=1 cpu_detection=0 gpu_power=0.128095 cpu_power=0.1281 gpu_threshold=0.120183 cpu_threshold=0.154522
sample_index=20 step=step1 cpu_ms=4.8475 gpu_ms=1.67104 relative_l2=6.84627e-06 cpu_heap_peak=11131344 cpu_rss_peak=90357760 gpu_peak=357777408 status=PASS
sample_index=20 step=step2 cpu_ms=271.587 gpu_ms=2.36872 relative_l2=2.55451e-07 cpu_heap_peak=11655808 cpu_rss_peak=90357760 gpu_peak=357777408 status=PASS
sample_index=20 step=step3 cpu_ms=695.597 gpu_ms=1.87321 relative_l2=8.68282e-06 cpu_heap_peak=12180240 cpu_rss_peak=90357760 gpu_peak=357777408 status=PASS
sample_index=20 step=step4 cpu_ms=7.19097 gpu_ms=1.57769 relative_l2=9.29687e-08 cpu_heap_peak=12835888 cpu_rss_peak=90357760 gpu_peak=357777408 status=PASS
sample_index=20 step=step5 cpu_ms=416.3 gpu_ms=6.42714 relative_l2=2.43858e-07 cpu_heap_peak=13362288 cpu_rss_peak=90357760 gpu_peak=357777408 status=PASS
sample_index=20 cpu_pipeline_ms=1395.73 gpu_pipeline_ms=14.7241 cuda_event_aux_sum_ms=7.32463 relative_l2=6.83429e-06 relative_linf=2.9522e-05 detection_mismatch_count=1 valid_detection_mismatch_count=1 boundary_detection_mismatch_count=0 mse=3.96088e-05 rmse=0.00629356 formal_relative_l2=6.84627e-06 formal_relative_linf=3.09371e-05 semantic_gates=5/5 accuracy_status=PASS
detection_mismatch_summary sample_index=21 total=1 valid=1 boundary=0
detection_mismatch sample_index=21 flat_index=58551 doppler=114 range=183 cfar_cell=valid gpu_detection=1 cpu_detection=0 gpu_power=0.128095 cpu_power=0.1281 gpu_threshold=0.120183 cpu_threshold=0.154522
sample_index=21 step=step1 cpu_ms=4.85791 gpu_ms=1.68382 relative_l2=6.84627e-06 cpu_heap_peak=11132672 cpu_rss_peak=90361856 gpu_peak=357777408 status=PASS
sample_index=21 step=step2 cpu_ms=271.486 gpu_ms=2.36373 relative_l2=2.55451e-07 cpu_heap_peak=11657008 cpu_rss_peak=90361856 gpu_peak=357777408 status=PASS
sample_index=21 step=step3 cpu_ms=698.149 gpu_ms=1.87436 relative_l2=8.68282e-06 cpu_heap_peak=12181440 cpu_rss_peak=90361856 gpu_peak=357777408 status=PASS
sample_index=21 step=step4 cpu_ms=7.18375 gpu_ms=1.53044 relative_l2=9.29687e-08 cpu_heap_peak=12837088 cpu_rss_peak=90361856 gpu_peak=357777408 status=PASS
sample_index=21 step=step5 cpu_ms=416.084 gpu_ms=6.45583 relative_l2=2.43858e-07 cpu_heap_peak=13363488 cpu_rss_peak=90361856 gpu_peak=357777408 status=PASS
sample_index=21 cpu_pipeline_ms=1397.97 gpu_pipeline_ms=14.6228 cuda_event_aux_sum_ms=7.34532 relative_l2=6.83429e-06 relative_linf=2.9522e-05 detection_mismatch_count=1 valid_detection_mismatch_count=1 boundary_detection_mismatch_count=0 mse=3.96088e-05 rmse=0.00629356 formal_relative_l2=6.84627e-06 formal_relative_linf=3.09371e-05 semantic_gates=5/5 accuracy_status=PASS
detection_mismatch_summary sample_index=22 total=1 valid=1 boundary=0
detection_mismatch sample_index=22 flat_index=58551 doppler=114 range=183 cfar_cell=valid gpu_detection=1 cpu_detection=0 gpu_power=0.128095 cpu_power=0.1281 gpu_threshold=0.120183 cpu_threshold=0.154522
sample_index=22 step=step1 cpu_ms=4.85507 gpu_ms=1.63489 relative_l2=6.84627e-06 cpu_heap_peak=11132544 cpu_rss_peak=90562560 gpu_peak=357777408 status=PASS
sample_index=22 step=step2 cpu_ms=271.167 gpu_ms=2.35659 relative_l2=2.55451e-07 cpu_heap_peak=11656880 cpu_rss_peak=90562560 gpu_peak=357777408 status=PASS
sample_index=22 step=step3 cpu_ms=697.058 gpu_ms=1.86903 relative_l2=8.68282e-06 cpu_heap_peak=12181312 cpu_rss_peak=90562560 gpu_peak=357777408 status=PASS
sample_index=22 step=step4 cpu_ms=7.17564 gpu_ms=1.53946 relative_l2=9.29687e-08 cpu_heap_peak=12836960 cpu_rss_peak=90562560 gpu_peak=357777408 status=PASS
sample_index=22 step=step5 cpu_ms=416.327 gpu_ms=6.41276 relative_l2=2.43858e-07 cpu_heap_peak=13363360 cpu_rss_peak=90562560 gpu_peak=357777408 status=PASS
sample_index=22 cpu_pipeline_ms=1396.78 gpu_pipeline_ms=14.5525 cuda_event_aux_sum_ms=7.29956 relative_l2=6.83429e-06 relative_linf=2.9522e-05 detection_mismatch_count=1 valid_detection_mismatch_count=1 boundary_detection_mismatch_count=0 mse=3.96088e-05 rmse=0.00629356 formal_relative_l2=6.84627e-06 formal_relative_linf=3.09371e-05 semantic_gates=5/5 accuracy_status=PASS
detection_mismatch_summary sample_index=23 total=1 valid=1 boundary=0
detection_mismatch sample_index=23 flat_index=58551 doppler=114 range=183 cfar_cell=valid gpu_detection=1 cpu_detection=0 gpu_power=0.128095 cpu_power=0.1281 gpu_threshold=0.120183 cpu_threshold=0.154522
sample_index=23 step=step1 cpu_ms=4.86268 gpu_ms=1.70315 relative_l2=6.84627e-06 cpu_heap_peak=11132384 cpu_rss_peak=90415104 gpu_peak=357777408 status=PASS
sample_index=23 step=step2 cpu_ms=271.719 gpu_ms=2.42655 relative_l2=2.55451e-07 cpu_heap_peak=11656688 cpu_rss_peak=90415104 gpu_peak=357777408 status=PASS
sample_index=23 step=step3 cpu_ms=695.24 gpu_ms=1.89319 relative_l2=8.68282e-06 cpu_heap_peak=12181136 cpu_rss_peak=90415104 gpu_peak=357777408 status=PASS
sample_index=23 step=step4 cpu_ms=7.18069 gpu_ms=1.5685 relative_l2=9.29687e-08 cpu_heap_peak=12836784 cpu_rss_peak=90415104 gpu_peak=357777408 status=PASS
sample_index=23 step=step5 cpu_ms=415.75 gpu_ms=6.47269 relative_l2=2.43858e-07 cpu_heap_peak=13363184 cpu_rss_peak=90415104 gpu_peak=357777408 status=PASS
sample_index=23 cpu_pipeline_ms=1394.95 gpu_pipeline_ms=14.8038 cuda_event_aux_sum_ms=7.37644 relative_l2=6.83429e-06 relative_linf=2.9522e-05 detection_mismatch_count=1 valid_detection_mismatch_count=1 boundary_detection_mismatch_count=0 mse=3.96088e-05 rmse=0.00629356 formal_relative_l2=6.84627e-06 formal_relative_linf=3.09371e-05 semantic_gates=5/5 accuracy_status=PASS
detection_mismatch_summary sample_index=24 total=1 valid=1 boundary=0
detection_mismatch sample_index=24 flat_index=58551 doppler=114 range=183 cfar_cell=valid gpu_detection=1 cpu_detection=0 gpu_power=0.128095 cpu_power=0.1281 gpu_threshold=0.120183 cpu_threshold=0.154522
sample_index=24 step=step1 cpu_ms=4.85567 gpu_ms=1.67076 relative_l2=6.84627e-06 cpu_heap_peak=11134032 cpu_rss_peak=90361856 gpu_peak=357777408 status=PASS
sample_index=24 step=step2 cpu_ms=271.893 gpu_ms=2.35777 relative_l2=2.55451e-07 cpu_heap_peak=11658336 cpu_rss_peak=90361856 gpu_peak=357777408 status=PASS
sample_index=24 step=step3 cpu_ms=697.042 gpu_ms=1.87885 relative_l2=8.68282e-06 cpu_heap_peak=12182784 cpu_rss_peak=90361856 gpu_peak=357777408 status=PASS
sample_index=24 step=step4 cpu_ms=7.17962 gpu_ms=1.54436 relative_l2=9.29687e-08 cpu_heap_peak=12838432 cpu_rss_peak=90361856 gpu_peak=357777408 status=PASS
sample_index=24 step=step5 cpu_ms=418.892 gpu_ms=6.40787 relative_l2=2.43858e-07 cpu_heap_peak=13364832 cpu_rss_peak=90361856 gpu_peak=357777408 status=PASS
sample_index=24 cpu_pipeline_ms=1400.07 gpu_pipeline_ms=14.5928 cuda_event_aux_sum_ms=7.26778 relative_l2=6.83429e-06 relative_linf=2.9522e-05 detection_mismatch_count=1 valid_detection_mismatch_count=1 boundary_detection_mismatch_count=0 mse=3.96088e-05 rmse=0.00629356 formal_relative_l2=6.84627e-06 formal_relative_linf=3.09371e-05 semantic_gates=5/5 accuracy_status=PASS
detection_mismatch_summary sample_index=25 total=1 valid=1 boundary=0
detection_mismatch sample_index=25 flat_index=58551 doppler=114 range=183 cfar_cell=valid gpu_detection=1 cpu_detection=0 gpu_power=0.128095 cpu_power=0.1281 gpu_threshold=0.120183 cpu_threshold=0.154522
sample_index=25 step=step1 cpu_ms=4.84805 gpu_ms=1.68142 relative_l2=6.84627e-06 cpu_heap_peak=11132192 cpu_rss_peak=90361856 gpu_peak=357777408 status=PASS
sample_index=25 step=step2 cpu_ms=270.944 gpu_ms=2.40084 relative_l2=2.55451e-07 cpu_heap_peak=11656496 cpu_rss_peak=90361856 gpu_peak=357777408 status=PASS
sample_index=25 step=step3 cpu_ms=695.11 gpu_ms=1.88732 relative_l2=8.68282e-06 cpu_heap_peak=12180912 cpu_rss_peak=90361856 gpu_peak=357777408 status=PASS
sample_index=25 step=step4 cpu_ms=7.20744 gpu_ms=1.57108 relative_l2=9.29687e-08 cpu_heap_peak=12836560 cpu_rss_peak=90361856 gpu_peak=357777408 status=PASS
sample_index=25 step=step5 cpu_ms=423.422 gpu_ms=6.44237 relative_l2=2.43858e-07 cpu_heap_peak=13362960 cpu_rss_peak=90361856 gpu_peak=357777408 status=PASS
sample_index=25 cpu_pipeline_ms=1401.74 gpu_pipeline_ms=14.7567 cuda_event_aux_sum_ms=7.34981 relative_l2=6.83429e-06 relative_linf=2.9522e-05 detection_mismatch_count=1 valid_detection_mismatch_count=1 boundary_detection_mismatch_count=0 mse=3.96088e-05 rmse=0.00629356 formal_relative_l2=6.84627e-06 formal_relative_linf=3.09371e-05 semantic_gates=5/5 accuracy_status=PASS
detection_mismatch_summary sample_index=26 total=1 valid=1 boundary=0
detection_mismatch sample_index=26 flat_index=58551 doppler=114 range=183 cfar_cell=valid gpu_detection=1 cpu_detection=0 gpu_power=0.128095 cpu_power=0.1281 gpu_threshold=0.120183 cpu_threshold=0.154522
sample_index=26 step=step1 cpu_ms=4.86895 gpu_ms=1.61746 relative_l2=6.84627e-06 cpu_heap_peak=11132640 cpu_rss_peak=90361856 gpu_peak=357777408 status=PASS
sample_index=26 step=step2 cpu_ms=282.436 gpu_ms=2.385 relative_l2=2.55451e-07 cpu_heap_peak=11656944 cpu_rss_peak=90361856 gpu_peak=357777408 status=PASS
sample_index=26 step=step3 cpu_ms=694.959 gpu_ms=1.87144 relative_l2=8.68282e-06 cpu_heap_peak=12181344 cpu_rss_peak=90361856 gpu_peak=357777408 status=PASS
sample_index=26 step=step4 cpu_ms=7.17676 gpu_ms=1.59063 relative_l2=9.29687e-08 cpu_heap_peak=12836992 cpu_rss_peak=90361856 gpu_peak=357777408 status=PASS
sample_index=26 step=step5 cpu_ms=422.748 gpu_ms=6.45467 relative_l2=2.43858e-07 cpu_heap_peak=13363392 cpu_rss_peak=90361856 gpu_peak=357777408 status=PASS
sample_index=26 cpu_pipeline_ms=1412.39 gpu_pipeline_ms=14.6579 cuda_event_aux_sum_ms=7.3952 relative_l2=6.83429e-06 relative_linf=2.9522e-05 detection_mismatch_count=1 valid_detection_mismatch_count=1 boundary_detection_mismatch_count=0 mse=3.96088e-05 rmse=0.00629356 formal_relative_l2=6.84627e-06 formal_relative_linf=3.09371e-05 semantic_gates=5/5 accuracy_status=PASS
detection_mismatch_summary sample_index=27 total=1 valid=1 boundary=0
detection_mismatch sample_index=27 flat_index=58551 doppler=114 range=183 cfar_cell=valid gpu_detection=1 cpu_detection=0 gpu_power=0.128095 cpu_power=0.1281 gpu_threshold=0.120183 cpu_threshold=0.154522
sample_index=27 step=step1 cpu_ms=4.86057 gpu_ms=1.66077 relative_l2=6.84627e-06 cpu_heap_peak=11133376 cpu_rss_peak=90361856 gpu_peak=357777408 status=PASS
sample_index=27 step=step2 cpu_ms=271.217 gpu_ms=2.40209 relative_l2=2.55451e-07 cpu_heap_peak=11657680 cpu_rss_peak=90562560 gpu_peak=357777408 status=PASS
sample_index=27 step=step3 cpu_ms=695.155 gpu_ms=1.87768 relative_l2=8.68282e-06 cpu_heap_peak=12182080 cpu_rss_peak=90562560 gpu_peak=357777408 status=PASS
sample_index=27 step=step4 cpu_ms=7.19358 gpu_ms=1.56222 relative_l2=9.29687e-08 cpu_heap_peak=12837728 cpu_rss_peak=90562560 gpu_peak=357777408 status=PASS
sample_index=27 step=step5 cpu_ms=416.091 gpu_ms=6.38598 relative_l2=2.43858e-07 cpu_heap_peak=13364128 cpu_rss_peak=90562560 gpu_peak=357777408 status=PASS
sample_index=27 cpu_pipeline_ms=1394.72 gpu_pipeline_ms=14.6043 cuda_event_aux_sum_ms=7.30633 relative_l2=6.83429e-06 relative_linf=2.9522e-05 detection_mismatch_count=1 valid_detection_mismatch_count=1 boundary_detection_mismatch_count=0 mse=3.96088e-05 rmse=0.00629356 formal_relative_l2=6.84627e-06 formal_relative_linf=3.09371e-05 semantic_gates=5/5 accuracy_status=PASS
detection_mismatch_summary sample_index=28 total=1 valid=1 boundary=0
detection_mismatch sample_index=28 flat_index=58551 doppler=114 range=183 cfar_cell=valid gpu_detection=1 cpu_detection=0 gpu_power=0.128095 cpu_power=0.1281 gpu_threshold=0.120183 cpu_threshold=0.154522
sample_index=28 step=step1 cpu_ms=5.32744 gpu_ms=1.69584 relative_l2=6.84627e-06 cpu_heap_peak=11134400 cpu_rss_peak=90357760 gpu_peak=357777408 status=PASS
sample_index=28 step=step2 cpu_ms=271.843 gpu_ms=2.41327 relative_l2=2.55451e-07 cpu_heap_peak=11658704 cpu_rss_peak=90357760 gpu_peak=357777408 status=PASS
sample_index=28 step=step3 cpu_ms=697.488 gpu_ms=1.88046 relative_l2=8.68282e-06 cpu_heap_peak=12183136 cpu_rss_peak=90357760 gpu_peak=357777408 status=PASS
sample_index=28 step=step4 cpu_ms=7.18021 gpu_ms=1.55032 relative_l2=9.29687e-08 cpu_heap_peak=12838784 cpu_rss_peak=90357760 gpu_peak=357777408 status=PASS
sample_index=28 step=step5 cpu_ms=417.745 gpu_ms=6.42427 relative_l2=2.43858e-07 cpu_heap_peak=13365184 cpu_rss_peak=90357760 gpu_peak=357777408 status=PASS
sample_index=28 cpu_pipeline_ms=1399.79 gpu_pipeline_ms=14.7061 cuda_event_aux_sum_ms=7.29074 relative_l2=6.83429e-06 relative_linf=2.9522e-05 detection_mismatch_count=1 valid_detection_mismatch_count=1 boundary_detection_mismatch_count=0 mse=3.96088e-05 rmse=0.00629356 formal_relative_l2=6.84627e-06 formal_relative_linf=3.09371e-05 semantic_gates=5/5 accuracy_status=PASS
detection_mismatch_summary sample_index=29 total=1 valid=1 boundary=0
detection_mismatch sample_index=29 flat_index=58551 doppler=114 range=183 cfar_cell=valid gpu_detection=1 cpu_detection=0 gpu_power=0.128095 cpu_power=0.1281 gpu_threshold=0.120183 cpu_threshold=0.154522
sample_index=29 step=step1 cpu_ms=4.85535 gpu_ms=1.75923 relative_l2=6.84627e-06 cpu_heap_peak=11135808 cpu_rss_peak=90357760 gpu_peak=357777408 status=PASS
sample_index=29 step=step2 cpu_ms=271.376 gpu_ms=2.3814 relative_l2=2.55451e-07 cpu_heap_peak=11660112 cpu_rss_peak=90357760 gpu_peak=357777408 status=PASS
sample_index=29 step=step3 cpu_ms=696.28 gpu_ms=1.88463 relative_l2=8.68282e-06 cpu_heap_peak=12184608 cpu_rss_peak=90357760 gpu_peak=357777408 status=PASS
sample_index=29 step=step4 cpu_ms=7.19974 gpu_ms=1.51373 relative_l2=9.29687e-08 cpu_heap_peak=12840176 cpu_rss_peak=90357760 gpu_peak=357777408 status=PASS
sample_index=29 step=step5 cpu_ms=416.36 gpu_ms=6.47826 relative_l2=2.43858e-07 cpu_heap_peak=13366640 cpu_rss_peak=90357760 gpu_peak=357777408 status=PASS
sample_index=29 cpu_pipeline_ms=1396.27 gpu_pipeline_ms=14.7658 cuda_event_aux_sum_ms=7.34848 relative_l2=6.83429e-06 relative_linf=2.9522e-05 detection_mismatch_count=1 valid_detection_mismatch_count=1 boundary_detection_mismatch_count=0 mse=3.96088e-05 rmse=0.00629356 formal_relative_l2=6.84627e-06 formal_relative_linf=3.09371e-05 semantic_gates=5/5 accuracy_status=PASS
detection_mismatch_summary sample_index=30 total=1 valid=1 boundary=0
detection_mismatch sample_index=30 flat_index=58551 doppler=114 range=183 cfar_cell=valid gpu_detection=1 cpu_detection=0 gpu_power=0.128095 cpu_power=0.1281 gpu_threshold=0.120183 cpu_threshold=0.154522
sample_index=30 step=step1 cpu_ms=4.85525 gpu_ms=1.68425 relative_l2=6.84627e-06 cpu_heap_peak=11133584 cpu_rss_peak=90361856 gpu_peak=357777408 status=PASS
sample_index=30 step=step2 cpu_ms=271.394 gpu_ms=2.39189 relative_l2=2.55451e-07 cpu_heap_peak=11657888 cpu_rss_peak=90361856 gpu_peak=357777408 status=PASS
sample_index=30 step=step3 cpu_ms=697.815 gpu_ms=1.87433 relative_l2=8.68282e-06 cpu_heap_peak=12182288 cpu_rss_peak=90361856 gpu_peak=357777408 status=PASS
sample_index=30 step=step4 cpu_ms=7.21005 gpu_ms=1.57109 relative_l2=9.29687e-08 cpu_heap_peak=12837936 cpu_rss_peak=90361856 gpu_peak=357777408 status=PASS
sample_index=30 step=step5 cpu_ms=415.847 gpu_ms=6.41591 relative_l2=2.43858e-07 cpu_heap_peak=13364336 cpu_rss_peak=90361856 gpu_peak=357777408 status=PASS
sample_index=30 cpu_pipeline_ms=1397.32 gpu_pipeline_ms=14.68 cuda_event_aux_sum_ms=7.32905 relative_l2=6.83429e-06 relative_linf=2.9522e-05 detection_mismatch_count=1 valid_detection_mismatch_count=1 boundary_detection_mismatch_count=0 mse=3.96088e-05 rmse=0.00629356 formal_relative_l2=6.84627e-06 formal_relative_linf=3.09371e-05 semantic_gates=5/5 accuracy_status=PASS
detection_mismatch_summary sample_index=31 total=1 valid=1 boundary=0
detection_mismatch sample_index=31 flat_index=58551 doppler=114 range=183 cfar_cell=valid gpu_detection=1 cpu_detection=0 gpu_power=0.128095 cpu_power=0.1281 gpu_threshold=0.120183 cpu_threshold=0.154522
sample_index=31 step=step1 cpu_ms=4.8545 gpu_ms=1.70552 relative_l2=6.84627e-06 cpu_heap_peak=11134016 cpu_rss_peak=90361856 gpu_peak=357777408 status=PASS
sample_index=31 step=step2 cpu_ms=271.156 gpu_ms=2.37098 relative_l2=2.55451e-07 cpu_heap_peak=11658320 cpu_rss_peak=90361856 gpu_peak=357777408 status=PASS
sample_index=31 step=step3 cpu_ms=695.917 gpu_ms=1.8838 relative_l2=8.68282e-06 cpu_heap_peak=12182784 cpu_rss_peak=90361856 gpu_peak=357777408 status=PASS
sample_index=31 step=step4 cpu_ms=8.64184 gpu_ms=1.53999 relative_l2=9.29687e-08 cpu_heap_peak=12838400 cpu_rss_peak=90361856 gpu_peak=357777408 status=PASS
sample_index=31 step=step5 cpu_ms=418.522 gpu_ms=6.40749 relative_l2=2.43858e-07 cpu_heap_peak=13364832 cpu_rss_peak=90361856 gpu_peak=357777408 status=PASS
sample_index=31 cpu_pipeline_ms=1399.3 gpu_pipeline_ms=14.6236 cuda_event_aux_sum_ms=7.29759 relative_l2=6.83429e-06 relative_linf=2.9522e-05 detection_mismatch_count=1 valid_detection_mismatch_count=1 boundary_detection_mismatch_count=0 mse=3.96088e-05 rmse=0.00629356 formal_relative_l2=6.84627e-06 formal_relative_linf=3.09371e-05 semantic_gates=5/5 accuracy_status=PASS
detection_mismatch_summary sample_index=32 total=1 valid=1 boundary=0
detection_mismatch sample_index=32 flat_index=58551 doppler=114 range=183 cfar_cell=valid gpu_detection=1 cpu_detection=0 gpu_power=0.128095 cpu_power=0.1281 gpu_threshold=0.120183 cpu_threshold=0.154522
sample_index=32 step=step1 cpu_ms=4.85549 gpu_ms=1.67906 relative_l2=6.84627e-06 cpu_heap_peak=11133664 cpu_rss_peak=90361856 gpu_peak=357777408 status=PASS
sample_index=32 step=step2 cpu_ms=271.188 gpu_ms=2.36504 relative_l2=2.55451e-07 cpu_heap_peak=11657968 cpu_rss_peak=90361856 gpu_peak=357777408 status=PASS
sample_index=32 step=step3 cpu_ms=695.189 gpu_ms=1.88367 relative_l2=8.68282e-06 cpu_heap_peak=12182432 cpu_rss_peak=90361856 gpu_peak=357777408 status=PASS
sample_index=32 step=step4 cpu_ms=7.20032 gpu_ms=1.54512 relative_l2=9.29687e-08 cpu_heap_peak=12838032 cpu_rss_peak=90361856 gpu_peak=357777408 status=PASS
sample_index=32 step=step5 cpu_ms=416.335 gpu_ms=6.45092 relative_l2=2.43858e-07 cpu_heap_peak=13364448 cpu_rss_peak=90361856 gpu_peak=357777408 status=PASS
sample_index=32 cpu_pipeline_ms=1394.97 gpu_pipeline_ms=14.638 cuda_event_aux_sum_ms=7.32248 relative_l2=6.83429e-06 relative_linf=2.9522e-05 detection_mismatch_count=1 valid_detection_mismatch_count=1 boundary_detection_mismatch_count=0 mse=3.96088e-05 rmse=0.00629356 formal_relative_l2=6.84627e-06 formal_relative_linf=3.09371e-05 semantic_gates=5/5 accuracy_status=PASS
detection_mismatch_summary sample_index=33 total=1 valid=1 boundary=0
detection_mismatch sample_index=33 flat_index=58551 doppler=114 range=183 cfar_cell=valid gpu_detection=1 cpu_detection=0 gpu_power=0.128095 cpu_power=0.1281 gpu_threshold=0.120183 cpu_threshold=0.154522
sample_index=33 step=step1 cpu_ms=4.85438 gpu_ms=1.70915 relative_l2=6.84627e-06 cpu_heap_peak=11156448 cpu_rss_peak=90361856 gpu_peak=357777408 status=PASS
sample_index=33 step=step2 cpu_ms=271.601 gpu_ms=2.36646 relative_l2=2.55451e-07 cpu_heap_peak=11680752 cpu_rss_peak=90361856 gpu_peak=357777408 status=PASS
sample_index=33 step=step3 cpu_ms=696.198 gpu_ms=1.90867 relative_l2=8.68282e-06 cpu_heap_peak=12205216 cpu_rss_peak=90361856 gpu_peak=357777408 status=PASS
sample_index=33 step=step4 cpu_ms=7.21629 gpu_ms=1.52966 relative_l2=9.29687e-08 cpu_heap_peak=12860816 cpu_rss_peak=90361856 gpu_peak=357777408 status=PASS
sample_index=33 step=step5 cpu_ms=424.595 gpu_ms=6.42563 relative_l2=2.43858e-07 cpu_heap_peak=13387216 cpu_rss_peak=90361856 gpu_peak=357777408 status=PASS
sample_index=33 cpu_pipeline_ms=1404.67 gpu_pipeline_ms=14.678 cuda_event_aux_sum_ms=7.33877 relative_l2=6.83429e-06 relative_linf=2.9522e-05 detection_mismatch_count=1 valid_detection_mismatch_count=1 boundary_detection_mismatch_count=0 mse=3.96088e-05 rmse=0.00629356 formal_relative_l2=6.84627e-06 formal_relative_linf=3.09371e-05 semantic_gates=5/5 accuracy_status=PASS
detection_mismatch_summary sample_index=34 total=1 valid=1 boundary=0
detection_mismatch sample_index=34 flat_index=58551 doppler=114 range=183 cfar_cell=valid gpu_detection=1 cpu_detection=0 gpu_power=0.128095 cpu_power=0.1281 gpu_threshold=0.120183 cpu_threshold=0.154522
sample_index=34 step=step1 cpu_ms=5.08452 gpu_ms=1.78696 relative_l2=6.84627e-06 cpu_heap_peak=11155408 cpu_rss_peak=90546176 gpu_peak=357777408 status=PASS
sample_index=34 step=step2 cpu_ms=271.354 gpu_ms=2.53315 relative_l2=2.55451e-07 cpu_heap_peak=11679712 cpu_rss_peak=90546176 gpu_peak=357777408 status=PASS
sample_index=34 step=step3 cpu_ms=695.747 gpu_ms=1.96626 relative_l2=8.68282e-06 cpu_heap_peak=12204272 cpu_rss_peak=90546176 gpu_peak=357777408 status=PASS
sample_index=34 step=step4 cpu_ms=7.29561 gpu_ms=1.56471 relative_l2=9.29687e-08 cpu_heap_peak=12859792 cpu_rss_peak=90546176 gpu_peak=357777408 status=PASS
sample_index=34 step=step5 cpu_ms=416.078 gpu_ms=6.43321 relative_l2=2.43858e-07 cpu_heap_peak=13386160 cpu_rss_peak=90546176 gpu_peak=357777408 status=PASS
sample_index=34 cpu_pipeline_ms=1395.76 gpu_pipeline_ms=15.0497 cuda_event_aux_sum_ms=7.34629 relative_l2=6.83429e-06 relative_linf=2.9522e-05 detection_mismatch_count=1 valid_detection_mismatch_count=1 boundary_detection_mismatch_count=0 mse=3.96088e-05 rmse=0.00629356 formal_relative_l2=6.84627e-06 formal_relative_linf=3.09371e-05 semantic_gates=5/5 accuracy_status=PASS
detection_mismatch_summary sample_index=35 total=1 valid=1 boundary=0
detection_mismatch sample_index=35 flat_index=58551 doppler=114 range=183 cfar_cell=valid gpu_detection=1 cpu_detection=0 gpu_power=0.128095 cpu_power=0.1281 gpu_threshold=0.120183 cpu_threshold=0.154522
sample_index=35 step=step1 cpu_ms=4.85534 gpu_ms=1.66193 relative_l2=6.84627e-06 cpu_heap_peak=11156048 cpu_rss_peak=90435584 gpu_peak=357777408 status=PASS
sample_index=35 step=step2 cpu_ms=271.168 gpu_ms=2.35031 relative_l2=2.55451e-07 cpu_heap_peak=11680352 cpu_rss_peak=90435584 gpu_peak=357777408 status=PASS
sample_index=35 step=step3 cpu_ms=695.166 gpu_ms=1.86626 relative_l2=8.68282e-06 cpu_heap_peak=12204912 cpu_rss_peak=90435584 gpu_peak=357777408 status=PASS
sample_index=35 step=step4 cpu_ms=7.20061 gpu_ms=1.5327 relative_l2=9.29687e-08 cpu_heap_peak=12860464 cpu_rss_peak=90435584 gpu_peak=357777408 status=PASS
sample_index=35 step=step5 cpu_ms=416.028 gpu_ms=6.37223 relative_l2=2.43858e-07 cpu_heap_peak=13386832 cpu_rss_peak=90435584 gpu_peak=357777408 status=PASS
sample_index=35 cpu_pipeline_ms=1394.62 gpu_pipeline_ms=14.5127 cuda_event_aux_sum_ms=7.26619 relative_l2=6.83429e-06 relative_linf=2.9522e-05 detection_mismatch_count=1 valid_detection_mismatch_count=1 boundary_detection_mismatch_count=0 mse=3.96088e-05 rmse=0.00629356 formal_relative_l2=6.84627e-06 formal_relative_linf=3.09371e-05 semantic_gates=5/5 accuracy_status=PASS
detection_mismatch_summary sample_index=36 total=1 valid=1 boundary=0
detection_mismatch sample_index=36 flat_index=58551 doppler=114 range=183 cfar_cell=valid gpu_detection=1 cpu_detection=0 gpu_power=0.128095 cpu_power=0.1281 gpu_threshold=0.120183 cpu_threshold=0.154522
sample_index=36 step=step1 cpu_ms=4.84901 gpu_ms=1.67979 relative_l2=6.84627e-06 cpu_heap_peak=11156688 cpu_rss_peak=90435584 gpu_peak=357777408 status=PASS
sample_index=36 step=step2 cpu_ms=271.149 gpu_ms=2.35785 relative_l2=2.55451e-07 cpu_heap_peak=11680992 cpu_rss_peak=90435584 gpu_peak=357777408 status=PASS
sample_index=36 step=step3 cpu_ms=695.292 gpu_ms=1.87721 relative_l2=8.68282e-06 cpu_heap_peak=12205552 cpu_rss_peak=90435584 gpu_peak=357777408 status=PASS
sample_index=36 step=step4 cpu_ms=7.18975 gpu_ms=1.51293 relative_l2=9.29687e-08 cpu_heap_peak=12861040 cpu_rss_peak=90435584 gpu_peak=357777408 status=PASS
sample_index=36 step=step5 cpu_ms=415.796 gpu_ms=6.45053 relative_l2=2.43858e-07 cpu_heap_peak=13387440 cpu_rss_peak=90435584 gpu_peak=357777408 status=PASS
sample_index=36 cpu_pipeline_ms=1394.48 gpu_pipeline_ms=14.6058 cuda_event_aux_sum_ms=7.33067 relative_l2=6.83429e-06 relative_linf=2.9522e-05 detection_mismatch_count=1 valid_detection_mismatch_count=1 boundary_detection_mismatch_count=0 mse=3.96088e-05 rmse=0.00629356 formal_relative_l2=6.84627e-06 formal_relative_linf=3.09371e-05 semantic_gates=5/5 accuracy_status=PASS
detection_mismatch_summary sample_index=37 total=1 valid=1 boundary=0
detection_mismatch sample_index=37 flat_index=58551 doppler=114 range=183 cfar_cell=valid gpu_detection=1 cpu_detection=0 gpu_power=0.128095 cpu_power=0.1281 gpu_threshold=0.120183 cpu_threshold=0.154522
sample_index=37 step=step1 cpu_ms=4.8523 gpu_ms=1.68865 relative_l2=6.84627e-06 cpu_heap_peak=11157600 cpu_rss_peak=90435584 gpu_peak=357777408 status=PASS
sample_index=37 step=step2 cpu_ms=271.389 gpu_ms=2.35412 relative_l2=2.55451e-07 cpu_heap_peak=11681904 cpu_rss_peak=90435584 gpu_peak=357777408 status=PASS
sample_index=37 step=step3 cpu_ms=694.948 gpu_ms=1.94696 relative_l2=8.68282e-06 cpu_heap_peak=12206464 cpu_rss_peak=90435584 gpu_peak=357777408 status=PASS
sample_index=37 step=step4 cpu_ms=7.22717 gpu_ms=1.5455 relative_l2=9.29687e-08 cpu_heap_peak=12862016 cpu_rss_peak=90435584 gpu_peak=357777408 status=PASS
sample_index=37 step=step5 cpu_ms=416.369 gpu_ms=6.43864 relative_l2=2.43858e-07 cpu_heap_peak=13388384 cpu_rss_peak=90435584 gpu_peak=357777408 status=PASS
sample_index=37 cpu_pipeline_ms=1394.99 gpu_pipeline_ms=14.7046 cuda_event_aux_sum_ms=7.32731 relative_l2=6.83429e-06 relative_linf=2.9522e-05 detection_mismatch_count=1 valid_detection_mismatch_count=1 boundary_detection_mismatch_count=0 mse=3.96088e-05 rmse=0.00629356 formal_relative_l2=6.84627e-06 formal_relative_linf=3.09371e-05 semantic_gates=5/5 accuracy_status=PASS
detection_mismatch_summary sample_index=38 total=1 valid=1 boundary=0
detection_mismatch sample_index=38 flat_index=58551 doppler=114 range=183 cfar_cell=valid gpu_detection=1 cpu_detection=0 gpu_power=0.128095 cpu_power=0.1281 gpu_threshold=0.120183 cpu_threshold=0.154522
sample_index=38 step=step1 cpu_ms=4.8585 gpu_ms=1.67243 relative_l2=6.84627e-06 cpu_heap_peak=11157792 cpu_rss_peak=90435584 gpu_peak=357777408 status=PASS
sample_index=38 step=step2 cpu_ms=271.491 gpu_ms=2.37666 relative_l2=2.55451e-07 cpu_heap_peak=11682096 cpu_rss_peak=90435584 gpu_peak=357777408 status=PASS
sample_index=38 step=step3 cpu_ms=696.697 gpu_ms=1.87031 relative_l2=8.68282e-06 cpu_heap_peak=12206656 cpu_rss_peak=90435584 gpu_peak=357777408 status=PASS
sample_index=38 step=step4 cpu_ms=7.20227 gpu_ms=1.52692 relative_l2=9.29687e-08 cpu_heap_peak=12862160 cpu_rss_peak=90435584 gpu_peak=357777408 status=PASS
sample_index=38 step=step5 cpu_ms=415.861 gpu_ms=6.45826 relative_l2=2.43858e-07 cpu_heap_peak=13388592 cpu_rss_peak=90435584 gpu_peak=357777408 status=PASS
sample_index=38 cpu_pipeline_ms=1396.31 gpu_pipeline_ms=14.6312 cuda_event_aux_sum_ms=7.33621 relative_l2=6.83429e-06 relative_linf=2.9522e-05 detection_mismatch_count=1 valid_detection_mismatch_count=1 boundary_detection_mismatch_count=0 mse=3.96088e-05 rmse=0.00629356 formal_relative_l2=6.84627e-06 formal_relative_linf=3.09371e-05 semantic_gates=5/5 accuracy_status=PASS
detection_mismatch_summary sample_index=39 total=1 valid=1 boundary=0
detection_mismatch sample_index=39 flat_index=58551 doppler=114 range=183 cfar_cell=valid gpu_detection=1 cpu_detection=0 gpu_power=0.128095 cpu_power=0.1281 gpu_threshold=0.120183 cpu_threshold=0.154522
sample_index=39 step=step1 cpu_ms=4.86158 gpu_ms=1.69481 relative_l2=6.84627e-06 cpu_heap_peak=11158048 cpu_rss_peak=90435584 gpu_peak=357777408 status=PASS
sample_index=39 step=step2 cpu_ms=271.524 gpu_ms=2.36835 relative_l2=2.55451e-07 cpu_heap_peak=11682352 cpu_rss_peak=90435584 gpu_peak=357777408 status=PASS
sample_index=39 step=step3 cpu_ms=695.539 gpu_ms=1.89335 relative_l2=8.68282e-06 cpu_heap_peak=12206912 cpu_rss_peak=90435584 gpu_peak=357777408 status=PASS
sample_index=39 step=step4 cpu_ms=7.19593 gpu_ms=1.54253 relative_l2=9.29687e-08 cpu_heap_peak=12862496 cpu_rss_peak=90435584 gpu_peak=357777408 status=PASS
sample_index=39 step=step5 cpu_ms=416.704 gpu_ms=6.40508 relative_l2=2.43858e-07 cpu_heap_peak=13388864 cpu_rss_peak=90435584 gpu_peak=357777408 status=PASS
sample_index=39 cpu_pipeline_ms=1396.02 gpu_pipeline_ms=14.6297 cuda_event_aux_sum_ms=7.31655 relative_l2=6.83429e-06 relative_linf=2.9522e-05 detection_mismatch_count=1 valid_detection_mismatch_count=1 boundary_detection_mismatch_count=0 mse=3.96088e-05 rmse=0.00629356 formal_relative_l2=6.84627e-06 formal_relative_linf=3.09371e-05 semantic_gates=5/5 accuracy_status=PASS
detection_mismatch_summary sample_index=40 total=1 valid=1 boundary=0
detection_mismatch sample_index=40 flat_index=58551 doppler=114 range=183 cfar_cell=valid gpu_detection=1 cpu_detection=0 gpu_power=0.128095 cpu_power=0.1281 gpu_threshold=0.120183 cpu_threshold=0.154522
sample_index=40 step=step1 cpu_ms=4.86193 gpu_ms=1.68129 relative_l2=6.84627e-06 cpu_heap_peak=11157264 cpu_rss_peak=90435584 gpu_peak=357777408 status=PASS
sample_index=40 step=step2 cpu_ms=271.346 gpu_ms=2.38616 relative_l2=2.55451e-07 cpu_heap_peak=11681568 cpu_rss_peak=90435584 gpu_peak=357777408 status=PASS
sample_index=40 step=step3 cpu_ms=697.043 gpu_ms=1.87761 relative_l2=8.68282e-06 cpu_heap_peak=12206128 cpu_rss_peak=90435584 gpu_peak=357777408 status=PASS
sample_index=40 step=step4 cpu_ms=7.17353 gpu_ms=1.56656 relative_l2=9.29687e-08 cpu_heap_peak=12861648 cpu_rss_peak=90435584 gpu_peak=357777408 status=PASS
sample_index=40 step=step5 cpu_ms=416.635 gpu_ms=6.42524 relative_l2=2.43858e-07 cpu_heap_peak=13388016 cpu_rss_peak=90435584 gpu_peak=357777408 status=PASS
sample_index=40 cpu_pipeline_ms=1397.27 gpu_pipeline_ms=14.671 cuda_event_aux_sum_ms=7.31686 relative_l2=6.83429e-06 relative_linf=2.9522e-05 detection_mismatch_count=1 valid_detection_mismatch_count=1 boundary_detection_mismatch_count=0 mse=3.96088e-05 rmse=0.00629356 formal_relative_l2=6.84627e-06 formal_relative_linf=3.09371e-05 semantic_gates=5/5 accuracy_status=PASS
detection_mismatch_summary sample_index=41 total=1 valid=1 boundary=0
detection_mismatch sample_index=41 flat_index=58551 doppler=114 range=183 cfar_cell=valid gpu_detection=1 cpu_detection=0 gpu_power=0.128095 cpu_power=0.1281 gpu_threshold=0.120183 cpu_threshold=0.154522
sample_index=41 step=step1 cpu_ms=4.85791 gpu_ms=1.67063 relative_l2=6.84627e-06 cpu_heap_peak=11157200 cpu_rss_peak=90636288 gpu_peak=357777408 status=PASS
sample_index=41 step=step2 cpu_ms=271.729 gpu_ms=2.38111 relative_l2=2.55451e-07 cpu_heap_peak=11681504 cpu_rss_peak=90636288 gpu_peak=357777408 status=PASS
sample_index=41 step=step3 cpu_ms=697.025 gpu_ms=1.93619 relative_l2=8.68282e-06 cpu_heap_peak=12206064 cpu_rss_peak=90636288 gpu_peak=357777408 status=PASS
sample_index=41 step=step4 cpu_ms=7.21002 gpu_ms=1.52595 relative_l2=9.29687e-08 cpu_heap_peak=12861584 cpu_rss_peak=90636288 gpu_peak=357777408 status=PASS
sample_index=41 step=step5 cpu_ms=415.828 gpu_ms=6.50354 relative_l2=2.43858e-07 cpu_heap_peak=13387952 cpu_rss_peak=90636288 gpu_peak=357777408 status=PASS
sample_index=41 cpu_pipeline_ms=1396.85 gpu_pipeline_ms=14.7523 cuda_event_aux_sum_ms=7.42082 relative_l2=6.83429e-06 relative_linf=2.9522e-05 detection_mismatch_count=1 valid_detection_mismatch_count=1 boundary_detection_mismatch_count=0 mse=3.96088e-05 rmse=0.00629356 formal_relative_l2=6.84627e-06 formal_relative_linf=3.09371e-05 semantic_gates=5/5 accuracy_status=PASS
detection_mismatch_summary sample_index=42 total=1 valid=1 boundary=0
detection_mismatch sample_index=42 flat_index=58551 doppler=114 range=183 cfar_cell=valid gpu_detection=1 cpu_detection=0 gpu_power=0.128095 cpu_power=0.1281 gpu_threshold=0.120183 cpu_threshold=0.154522
sample_index=42 step=step1 cpu_ms=4.85434 gpu_ms=1.67785 relative_l2=6.84627e-06 cpu_heap_peak=11157936 cpu_rss_peak=90501120 gpu_peak=357777408 status=PASS
sample_index=42 step=step2 cpu_ms=272.028 gpu_ms=2.42796 relative_l2=2.55451e-07 cpu_heap_peak=11682240 cpu_rss_peak=90501120 gpu_peak=357777408 status=PASS
sample_index=42 step=step3 cpu_ms=695.262 gpu_ms=1.9015 relative_l2=8.68282e-06 cpu_heap_peak=12206800 cpu_rss_peak=90501120 gpu_peak=357777408 status=PASS
sample_index=42 step=step4 cpu_ms=7.20484 gpu_ms=1.54832 relative_l2=9.29687e-08 cpu_heap_peak=12862384 cpu_rss_peak=90501120 gpu_peak=357777408 status=PASS
sample_index=42 step=step5 cpu_ms=415.769 gpu_ms=6.42535 relative_l2=2.43858e-07 cpu_heap_peak=13388752 cpu_rss_peak=90501120 gpu_peak=357777408 status=PASS
sample_index=42 cpu_pipeline_ms=1395.32 gpu_pipeline_ms=14.7256 cuda_event_aux_sum_ms=7.33518 relative_l2=6.83429e-06 relative_linf=2.9522e-05 detection_mismatch_count=1 valid_detection_mismatch_count=1 boundary_detection_mismatch_count=0 mse=3.96088e-05 rmse=0.00629356 formal_relative_l2=6.84627e-06 formal_relative_linf=3.09371e-05 semantic_gates=5/5 accuracy_status=PASS
detection_mismatch_summary sample_index=43 total=1 valid=1 boundary=0
detection_mismatch sample_index=43 flat_index=58551 doppler=114 range=183 cfar_cell=valid gpu_detection=1 cpu_detection=0 gpu_power=0.128095 cpu_power=0.1281 gpu_threshold=0.120183 cpu_threshold=0.154522
sample_index=43 step=step1 cpu_ms=4.84975 gpu_ms=1.62368 relative_l2=6.84627e-06 cpu_heap_peak=11158128 cpu_rss_peak=90431488 gpu_peak=357777408 status=PASS
sample_index=43 step=step2 cpu_ms=271.315 gpu_ms=2.37145 relative_l2=2.55451e-07 cpu_heap_peak=11682432 cpu_rss_peak=90431488 gpu_peak=357777408 status=PASS
sample_index=43 step=step3 cpu_ms=695.738 gpu_ms=1.88078 relative_l2=8.68282e-06 cpu_heap_peak=12206992 cpu_rss_peak=90431488 gpu_peak=357777408 status=PASS
sample_index=43 step=step4 cpu_ms=7.18202 gpu_ms=1.56333 relative_l2=9.29687e-08 cpu_heap_peak=12862576 cpu_rss_peak=90431488 gpu_peak=357777408 status=PASS
sample_index=43 step=step5 cpu_ms=416.447 gpu_ms=6.42747 relative_l2=2.43858e-07 cpu_heap_peak=13388944 cpu_rss_peak=90431488 gpu_peak=357777408 status=PASS
sample_index=43 cpu_pipeline_ms=1395.73 gpu_pipeline_ms=14.6093 cuda_event_aux_sum_ms=7.30414 relative_l2=6.83429e-06 relative_linf=2.9522e-05 detection_mismatch_count=1 valid_detection_mismatch_count=1 boundary_detection_mismatch_count=0 mse=3.96088e-05 rmse=0.00629356 formal_relative_l2=6.84627e-06 formal_relative_linf=3.09371e-05 semantic_gates=5/5 accuracy_status=PASS
detection_mismatch_summary sample_index=44 total=1 valid=1 boundary=0
detection_mismatch sample_index=44 flat_index=58551 doppler=114 range=183 cfar_cell=valid gpu_detection=1 cpu_detection=0 gpu_power=0.128095 cpu_power=0.1281 gpu_threshold=0.120183 cpu_threshold=0.154522
sample_index=44 step=step1 cpu_ms=4.84847 gpu_ms=1.68526 relative_l2=6.84627e-06 cpu_heap_peak=11158048 cpu_rss_peak=90435584 gpu_peak=357777408 status=PASS
sample_index=44 step=step2 cpu_ms=270.982 gpu_ms=2.38673 relative_l2=2.55451e-07 cpu_heap_peak=11682352 cpu_rss_peak=90435584 gpu_peak=357777408 status=PASS
sample_index=44 step=step3 cpu_ms=695.358 gpu_ms=1.88275 relative_l2=8.68282e-06 cpu_heap_peak=12206912 cpu_rss_peak=90435584 gpu_peak=357777408 status=PASS
sample_index=44 step=step4 cpu_ms=7.19959 gpu_ms=1.53016 relative_l2=9.29687e-08 cpu_heap_peak=12862496 cpu_rss_peak=90435584 gpu_peak=357777408 status=PASS
sample_index=44 step=step5 cpu_ms=416.692 gpu_ms=6.42754 relative_l2=2.43858e-07 cpu_heap_peak=13388864 cpu_rss_peak=90435584 gpu_peak=357777408 status=PASS
sample_index=44 cpu_pipeline_ms=1395.28 gpu_pipeline_ms=14.657 cuda_event_aux_sum_ms=7.29846 relative_l2=6.83429e-06 relative_linf=2.9522e-05 detection_mismatch_count=1 valid_detection_mismatch_count=1 boundary_detection_mismatch_count=0 mse=3.96088e-05 rmse=0.00629356 formal_relative_l2=6.84627e-06 formal_relative_linf=3.09371e-05 semantic_gates=5/5 accuracy_status=PASS
detection_mismatch_summary sample_index=45 total=1 valid=1 boundary=0
detection_mismatch sample_index=45 flat_index=58551 doppler=114 range=183 cfar_cell=valid gpu_detection=1 cpu_detection=0 gpu_power=0.128095 cpu_power=0.1281 gpu_threshold=0.120183 cpu_threshold=0.154522
sample_index=45 step=step1 cpu_ms=4.86114 gpu_ms=1.69749 relative_l2=6.84627e-06 cpu_heap_peak=11158688 cpu_rss_peak=90435584 gpu_peak=357777408 status=PASS
sample_index=45 step=step2 cpu_ms=271.599 gpu_ms=2.3888 relative_l2=2.55451e-07 cpu_heap_peak=11682992 cpu_rss_peak=90435584 gpu_peak=357777408 status=PASS
sample_index=45 step=step3 cpu_ms=695.15 gpu_ms=1.88145 relative_l2=8.68282e-06 cpu_heap_peak=12207552 cpu_rss_peak=90435584 gpu_peak=357777408 status=PASS
sample_index=45 step=step4 cpu_ms=7.2075 gpu_ms=1.56223 relative_l2=9.29687e-08 cpu_heap_peak=12863136 cpu_rss_peak=90435584 gpu_peak=357777408 status=PASS
sample_index=45 step=step5 cpu_ms=447.312 gpu_ms=6.44964 relative_l2=2.43858e-07 cpu_heap_peak=13389504 cpu_rss_peak=90435584 gpu_peak=357777408 status=PASS
sample_index=45 cpu_pipeline_ms=1426.33 gpu_pipeline_ms=14.7434 cuda_event_aux_sum_ms=7.37058 relative_l2=6.83429e-06 relative_linf=2.9522e-05 detection_mismatch_count=1 valid_detection_mismatch_count=1 boundary_detection_mismatch_count=0 mse=3.96088e-05 rmse=0.00629356 formal_relative_l2=6.84627e-06 formal_relative_linf=3.09371e-05 semantic_gates=5/5 accuracy_status=PASS
detection_mismatch_summary sample_index=46 total=1 valid=1 boundary=0
detection_mismatch sample_index=46 flat_index=58551 doppler=114 range=183 cfar_cell=valid gpu_detection=1 cpu_detection=0 gpu_power=0.128095 cpu_power=0.1281 gpu_threshold=0.120183 cpu_threshold=0.154522
sample_index=46 step=step1 cpu_ms=4.85536 gpu_ms=1.66284 relative_l2=6.84627e-06 cpu_heap_peak=11158272 cpu_rss_peak=90431488 gpu_peak=357777408 status=PASS
sample_index=46 step=step2 cpu_ms=282.234 gpu_ms=2.38061 relative_l2=2.55451e-07 cpu_heap_peak=11682576 cpu_rss_peak=90431488 gpu_peak=357777408 status=PASS
sample_index=46 step=step3 cpu_ms=695.672 gpu_ms=1.8724 relative_l2=8.68282e-06 cpu_heap_peak=12207136 cpu_rss_peak=90431488 gpu_peak=357777408 status=PASS
sample_index=46 step=step4 cpu_ms=7.20301 gpu_ms=1.5786 relative_l2=9.29687e-08 cpu_heap_peak=12862720 cpu_rss_peak=90431488 gpu_peak=357777408 status=PASS
sample_index=46 step=step5 cpu_ms=415.812 gpu_ms=6.5626 relative_l2=2.43858e-07 cpu_heap_peak=13389088 cpu_rss_peak=90431488 gpu_peak=357777408 status=PASS
sample_index=46 cpu_pipeline_ms=1405.98 gpu_pipeline_ms=14.7783 cuda_event_aux_sum_ms=7.46542 relative_l2=6.83429e-06 relative_linf=2.9522e-05 detection_mismatch_count=1 valid_detection_mismatch_count=1 boundary_detection_mismatch_count=0 mse=3.96088e-05 rmse=0.00629356 formal_relative_l2=6.84627e-06 formal_relative_linf=3.09371e-05 semantic_gates=5/5 accuracy_status=PASS
detection_mismatch_summary sample_index=47 total=1 valid=1 boundary=0
detection_mismatch sample_index=47 flat_index=58551 doppler=114 range=183 cfar_cell=valid gpu_detection=1 cpu_detection=0 gpu_power=0.128095 cpu_power=0.1281 gpu_threshold=0.120183 cpu_threshold=0.154522
sample_index=47 step=step1 cpu_ms=4.87157 gpu_ms=1.68857 relative_l2=6.84627e-06 cpu_heap_peak=11158752 cpu_rss_peak=90435584 gpu_peak=357777408 status=PASS
sample_index=47 step=step2 cpu_ms=270.935 gpu_ms=2.38474 relative_l2=2.55451e-07 cpu_heap_peak=11683056 cpu_rss_peak=90435584 gpu_peak=357777408 status=PASS
sample_index=47 step=step3 cpu_ms=695.638 gpu_ms=1.88841 relative_l2=8.68282e-06 cpu_heap_peak=12207616 cpu_rss_peak=90435584 gpu_peak=357777408 status=PASS
sample_index=47 step=step4 cpu_ms=7.19098 gpu_ms=1.53292 relative_l2=9.29687e-08 cpu_heap_peak=12863200 cpu_rss_peak=90435584 gpu_peak=357777408 status=PASS
sample_index=47 step=step5 cpu_ms=415.811 gpu_ms=6.41818 relative_l2=2.43858e-07 cpu_heap_peak=13389568 cpu_rss_peak=90435584 gpu_peak=357777408 status=PASS
sample_index=47 cpu_pipeline_ms=1394.65 gpu_pipeline_ms=14.6292 cuda_event_aux_sum_ms=7.34157 relative_l2=6.83429e-06 relative_linf=2.9522e-05 detection_mismatch_count=1 valid_detection_mismatch_count=1 boundary_detection_mismatch_count=0 mse=3.96088e-05 rmse=0.00629356 formal_relative_l2=6.84627e-06 formal_relative_linf=3.09371e-05 semantic_gates=5/5 accuracy_status=PASS
detection_mismatch_summary sample_index=48 total=1 valid=1 boundary=0
detection_mismatch sample_index=48 flat_index=58551 doppler=114 range=183 cfar_cell=valid gpu_detection=1 cpu_detection=0 gpu_power=0.128095 cpu_power=0.1281 gpu_threshold=0.120183 cpu_threshold=0.154522
sample_index=48 step=step1 cpu_ms=4.85031 gpu_ms=1.68731 relative_l2=6.84627e-06 cpu_heap_peak=11159136 cpu_rss_peak=90435584 gpu_peak=357777408 status=PASS
sample_index=48 step=step2 cpu_ms=276.042 gpu_ms=2.38296 relative_l2=2.55451e-07 cpu_heap_peak=11683440 cpu_rss_peak=90435584 gpu_peak=357777408 status=PASS
sample_index=48 step=step3 cpu_ms=695.721 gpu_ms=1.91374 relative_l2=8.68282e-06 cpu_heap_peak=12208000 cpu_rss_peak=90435584 gpu_peak=357777408 status=PASS
sample_index=48 step=step4 cpu_ms=7.1941 gpu_ms=1.58361 relative_l2=9.29687e-08 cpu_heap_peak=12863584 cpu_rss_peak=90435584 gpu_peak=357777408 status=PASS
sample_index=48 step=step5 cpu_ms=417.769 gpu_ms=6.39119 relative_l2=2.43858e-07 cpu_heap_peak=13389952 cpu_rss_peak=90435584 gpu_peak=357777408 status=PASS
sample_index=48 cpu_pipeline_ms=1401.78 gpu_pipeline_ms=14.6781 cuda_event_aux_sum_ms=7.31863 relative_l2=6.83429e-06 relative_linf=2.9522e-05 detection_mismatch_count=1 valid_detection_mismatch_count=1 boundary_detection_mismatch_count=0 mse=3.96088e-05 rmse=0.00629356 formal_relative_l2=6.84627e-06 formal_relative_linf=3.09371e-05 semantic_gates=5/5 accuracy_status=PASS
detection_mismatch_summary sample_index=49 total=1 valid=1 boundary=0
detection_mismatch sample_index=49 flat_index=58551 doppler=114 range=183 cfar_cell=valid gpu_detection=1 cpu_detection=0 gpu_power=0.128095 cpu_power=0.1281 gpu_threshold=0.120183 cpu_threshold=0.154522
sample_index=49 step=step1 cpu_ms=4.8591 gpu_ms=1.70842 relative_l2=6.84627e-06 cpu_heap_peak=11159312 cpu_rss_peak=90435584 gpu_peak=357777408 status=PASS
sample_index=49 step=step2 cpu_ms=271.057 gpu_ms=2.39284 relative_l2=2.55451e-07 cpu_heap_peak=11683616 cpu_rss_peak=90435584 gpu_peak=357777408 status=PASS
sample_index=49 step=step3 cpu_ms=695.446 gpu_ms=1.87752 relative_l2=8.68282e-06 cpu_heap_peak=12208176 cpu_rss_peak=90435584 gpu_peak=357777408 status=PASS
sample_index=49 step=step4 cpu_ms=7.21515 gpu_ms=1.55432 relative_l2=9.29687e-08 cpu_heap_peak=12863760 cpu_rss_peak=90435584 gpu_peak=357777408 status=PASS
sample_index=49 step=step5 cpu_ms=416.21 gpu_ms=6.40484 relative_l2=2.43858e-07 cpu_heap_peak=13390128 cpu_rss_peak=90435584 gpu_peak=357777408 status=PASS
sample_index=49 cpu_pipeline_ms=1394.99 gpu_pipeline_ms=14.7517 cuda_event_aux_sum_ms=7.32947 relative_l2=6.83429e-06 relative_linf=2.9522e-05 detection_mismatch_count=1 valid_detection_mismatch_count=1 boundary_detection_mismatch_count=0 mse=3.96088e-05 rmse=0.00629356 formal_relative_l2=6.84627e-06 formal_relative_linf=3.09371e-05 semantic_gates=5/5 accuracy_status=PASS
detection_mismatch_summary sample_index=50 total=1 valid=1 boundary=0
detection_mismatch sample_index=50 flat_index=58551 doppler=114 range=183 cfar_cell=valid gpu_detection=1 cpu_detection=0 gpu_power=0.128095 cpu_power=0.1281 gpu_threshold=0.120183 cpu_threshold=0.154522
sample_index=50 step=step1 cpu_ms=5.02933 gpu_ms=1.74103 relative_l2=6.84627e-06 cpu_heap_peak=11159568 cpu_rss_peak=90636288 gpu_peak=357777408 status=PASS
sample_index=50 step=step2 cpu_ms=271.34 gpu_ms=2.37224 relative_l2=2.55451e-07 cpu_heap_peak=11683872 cpu_rss_peak=90636288 gpu_peak=357777408 status=PASS
sample_index=50 step=step3 cpu_ms=695.402 gpu_ms=1.87534 relative_l2=8.68282e-06 cpu_heap_peak=12208432 cpu_rss_peak=90636288 gpu_peak=357777408 status=PASS
sample_index=50 step=step4 cpu_ms=7.18673 gpu_ms=1.56644 relative_l2=9.29687e-08 cpu_heap_peak=12864016 cpu_rss_peak=90636288 gpu_peak=357777408 status=PASS
sample_index=50 step=step5 cpu_ms=425.657 gpu_ms=6.48661 relative_l2=2.43858e-07 cpu_heap_peak=13390384 cpu_rss_peak=90636288 gpu_peak=357777408 status=PASS
sample_index=50 cpu_pipeline_ms=1404.83 gpu_pipeline_ms=14.7816 cuda_event_aux_sum_ms=7.41229 relative_l2=6.83429e-06 relative_linf=2.9522e-05 detection_mismatch_count=1 valid_detection_mismatch_count=1 boundary_detection_mismatch_count=0 mse=3.96088e-05 rmse=0.00629356 formal_relative_l2=6.84627e-06 formal_relative_linf=3.09371e-05 semantic_gates=5/5 accuracy_status=PASS
detection_mismatch_summary sample_index=51 total=1 valid=1 boundary=0
detection_mismatch sample_index=51 flat_index=58551 doppler=114 range=183 cfar_cell=valid gpu_detection=1 cpu_detection=0 gpu_power=0.128095 cpu_power=0.1281 gpu_threshold=0.120183 cpu_threshold=0.154522
sample_index=51 step=step1 cpu_ms=4.8552 gpu_ms=1.67014 relative_l2=6.84627e-06 cpu_heap_peak=11159520 cpu_rss_peak=90497024 gpu_peak=357777408 status=PASS
sample_index=51 step=step2 cpu_ms=271.603 gpu_ms=2.41292 relative_l2=2.55451e-07 cpu_heap_peak=11683824 cpu_rss_peak=90497024 gpu_peak=357777408 status=PASS
sample_index=51 step=step3 cpu_ms=695.442 gpu_ms=1.86473 relative_l2=8.68282e-06 cpu_heap_peak=12208384 cpu_rss_peak=90497024 gpu_peak=357777408 status=PASS
sample_index=51 step=step4 cpu_ms=7.19204 gpu_ms=1.52384 relative_l2=9.29687e-08 cpu_heap_peak=12863936 cpu_rss_peak=90497024 gpu_peak=357777408 status=PASS
sample_index=51 step=step5 cpu_ms=415.981 gpu_ms=6.48683 relative_l2=2.43858e-07 cpu_heap_peak=13390304 cpu_rss_peak=90497024 gpu_peak=357777408 status=PASS
sample_index=51 cpu_pipeline_ms=1395.27 gpu_pipeline_ms=14.6773 cuda_event_aux_sum_ms=7.3658 relative_l2=6.83429e-06 relative_linf=2.9522e-05 detection_mismatch_count=1 valid_detection_mismatch_count=1 boundary_detection_mismatch_count=0 mse=3.96088e-05 rmse=0.00629356 formal_relative_l2=6.84627e-06 formal_relative_linf=3.09371e-05 semantic_gates=5/5 accuracy_status=PASS
detection_mismatch_summary sample_index=52 total=1 valid=1 boundary=0
detection_mismatch sample_index=52 flat_index=58551 doppler=114 range=183 cfar_cell=valid gpu_detection=1 cpu_detection=0 gpu_power=0.128095 cpu_power=0.1281 gpu_threshold=0.120183 cpu_threshold=0.154522
sample_index=52 step=step1 cpu_ms=4.85063 gpu_ms=1.64976 relative_l2=6.84627e-06 cpu_heap_peak=11159760 cpu_rss_peak=90431488 gpu_peak=357777408 status=PASS
sample_index=52 step=step2 cpu_ms=271.114 gpu_ms=2.37488 relative_l2=2.55451e-07 cpu_heap_peak=11684064 cpu_rss_peak=90431488 gpu_peak=357777408 status=PASS
sample_index=52 step=step3 cpu_ms=695.351 gpu_ms=1.88862 relative_l2=8.68282e-06 cpu_heap_peak=12208624 cpu_rss_peak=90431488 gpu_peak=357777408 status=PASS
sample_index=52 step=step4 cpu_ms=7.21578 gpu_ms=1.55299 relative_l2=9.29687e-08 cpu_heap_peak=12864208 cpu_rss_peak=90431488 gpu_peak=357777408 status=PASS
sample_index=52 step=step5 cpu_ms=416.553 gpu_ms=6.39211 relative_l2=2.43858e-07 cpu_heap_peak=13390576 cpu_rss_peak=90431488 gpu_peak=357777408 status=PASS
sample_index=52 cpu_pipeline_ms=1395.29 gpu_pipeline_ms=14.7115 cuda_event_aux_sum_ms=7.2674 relative_l2=6.83429e-06 relative_linf=2.9522e-05 detection_mismatch_count=1 valid_detection_mismatch_count=1 boundary_detection_mismatch_count=0 mse=3.96088e-05 rmse=0.00629356 formal_relative_l2=6.84627e-06 formal_relative_linf=3.09371e-05 semantic_gates=5/5 accuracy_status=PASS
detection_mismatch_summary sample_index=53 total=1 valid=1 boundary=0
detection_mismatch sample_index=53 flat_index=58551 doppler=114 range=183 cfar_cell=valid gpu_detection=1 cpu_detection=0 gpu_power=0.128095 cpu_power=0.1281 gpu_threshold=0.120183 cpu_threshold=0.154522
sample_index=53 step=step1 cpu_ms=4.85281 gpu_ms=1.73062 relative_l2=6.84627e-06 cpu_heap_peak=11159904 cpu_rss_peak=90435584 gpu_peak=357777408 status=PASS
sample_index=53 step=step2 cpu_ms=271.797 gpu_ms=2.3767 relative_l2=2.55451e-07 cpu_heap_peak=11684208 cpu_rss_peak=90435584 gpu_peak=357777408 status=PASS
sample_index=53 step=step3 cpu_ms=695.527 gpu_ms=1.88139 relative_l2=8.68282e-06 cpu_heap_peak=12208768 cpu_rss_peak=90435584 gpu_peak=357777408 status=PASS
sample_index=53 step=step4 cpu_ms=7.17466 gpu_ms=1.55989 relative_l2=9.29687e-08 cpu_heap_peak=12864320 cpu_rss_peak=90435584 gpu_peak=357777408 status=PASS
sample_index=53 step=step5 cpu_ms=416.072 gpu_ms=6.48798 relative_l2=2.43858e-07 cpu_heap_peak=13390688 cpu_rss_peak=90435584 gpu_peak=357777408 status=PASS
sample_index=53 cpu_pipeline_ms=1395.62 gpu_pipeline_ms=14.7655 cuda_event_aux_sum_ms=7.38716 relative_l2=6.83429e-06 relative_linf=2.9522e-05 detection_mismatch_count=1 valid_detection_mismatch_count=1 boundary_detection_mismatch_count=0 mse=3.96088e-05 rmse=0.00629356 formal_relative_l2=6.84627e-06 formal_relative_linf=3.09371e-05 semantic_gates=5/5 accuracy_status=PASS
detection_mismatch_summary sample_index=54 total=1 valid=1 boundary=0
detection_mismatch sample_index=54 flat_index=58551 doppler=114 range=183 cfar_cell=valid gpu_detection=1 cpu_detection=0 gpu_power=0.128095 cpu_power=0.1281 gpu_threshold=0.120183 cpu_threshold=0.154522
sample_index=54 step=step1 cpu_ms=5.34522 gpu_ms=1.66551 relative_l2=6.84627e-06 cpu_heap_peak=11159776 cpu_rss_peak=90435584 gpu_peak=357777408 status=PASS
sample_index=54 step=step2 cpu_ms=271.276 gpu_ms=2.36502 relative_l2=2.55451e-07 cpu_heap_peak=11684080 cpu_rss_peak=90435584 gpu_peak=357777408 status=PASS
sample_index=54 step=step3 cpu_ms=694.991 gpu_ms=1.87844 relative_l2=8.68282e-06 cpu_heap_peak=12208640 cpu_rss_peak=90435584 gpu_peak=357777408 status=PASS
sample_index=54 step=step4 cpu_ms=7.17898 gpu_ms=1.5443 relative_l2=9.29687e-08 cpu_heap_peak=12864224 cpu_rss_peak=90435584 gpu_peak=357777408 status=PASS
sample_index=54 step=step5 cpu_ms=415.643 gpu_ms=6.40063 relative_l2=2.43858e-07 cpu_heap_peak=13390592 cpu_rss_peak=90435584 gpu_peak=357777408 status=PASS
sample_index=54 cpu_pipeline_ms=1394.64 gpu_pipeline_ms=14.5675 cuda_event_aux_sum_ms=7.28774 relative_l2=6.83429e-06 relative_linf=2.9522e-05 detection_mismatch_count=1 valid_detection_mismatch_count=1 boundary_detection_mismatch_count=0 mse=3.96088e-05 rmse=0.00629356 formal_relative_l2=6.84627e-06 formal_relative_linf=3.09371e-05 semantic_gates=5/5 accuracy_status=PASS
detection_mismatch_summary sample_index=55 total=1 valid=1 boundary=0
detection_mismatch sample_index=55 flat_index=58551 doppler=114 range=183 cfar_cell=valid gpu_detection=1 cpu_detection=0 gpu_power=0.128095 cpu_power=0.1281 gpu_threshold=0.120183 cpu_threshold=0.154522
sample_index=55 step=step1 cpu_ms=4.85204 gpu_ms=1.66823 relative_l2=6.84627e-06 cpu_heap_peak=11160080 cpu_rss_peak=90435584 gpu_peak=357777408 status=PASS
sample_index=55 step=step2 cpu_ms=271.814 gpu_ms=2.40758 relative_l2=2.55451e-07 cpu_heap_peak=11684384 cpu_rss_peak=90435584 gpu_peak=357777408 status=PASS
sample_index=55 step=step3 cpu_ms=695.618 gpu_ms=1.88028 relative_l2=8.68282e-06 cpu_heap_peak=12208944 cpu_rss_peak=90435584 gpu_peak=357777408 status=PASS
sample_index=55 step=step4 cpu_ms=7.19014 gpu_ms=1.54309 relative_l2=9.29687e-08 cpu_heap_peak=12864496 cpu_rss_peak=90435584 gpu_peak=357777408 status=PASS
sample_index=55 step=step5 cpu_ms=416.001 gpu_ms=6.42925 relative_l2=2.43858e-07 cpu_heap_peak=13390864 cpu_rss_peak=90435584 gpu_peak=357777408 status=PASS
sample_index=55 cpu_pipeline_ms=1395.68 gpu_pipeline_ms=14.6574 cuda_event_aux_sum_ms=7.35977 relative_l2=6.83429e-06 relative_linf=2.9522e-05 detection_mismatch_count=1 valid_detection_mismatch_count=1 boundary_detection_mismatch_count=0 mse=3.96088e-05 rmse=0.00629356 formal_relative_l2=6.84627e-06 formal_relative_linf=3.09371e-05 semantic_gates=5/5 accuracy_status=PASS
detection_mismatch_summary sample_index=56 total=1 valid=1 boundary=0
detection_mismatch sample_index=56 flat_index=58551 doppler=114 range=183 cfar_cell=valid gpu_detection=1 cpu_detection=0 gpu_power=0.128095 cpu_power=0.1281 gpu_threshold=0.120183 cpu_threshold=0.154522
sample_index=56 step=step1 cpu_ms=4.85998 gpu_ms=1.70038 relative_l2=6.84627e-06 cpu_heap_peak=11160304 cpu_rss_peak=90435584 gpu_peak=357777408 status=PASS
sample_index=56 step=step2 cpu_ms=271.302 gpu_ms=2.38206 relative_l2=2.55451e-07 cpu_heap_peak=11684608 cpu_rss_peak=90435584 gpu_peak=357777408 status=PASS
sample_index=56 step=step3 cpu_ms=695.562 gpu_ms=1.8864 relative_l2=8.68282e-06 cpu_heap_peak=12209168 cpu_rss_peak=90435584 gpu_peak=357777408 status=PASS
sample_index=56 step=step4 cpu_ms=7.19068 gpu_ms=1.53376 relative_l2=9.29687e-08 cpu_heap_peak=12864752 cpu_rss_peak=90435584 gpu_peak=357777408 status=PASS
sample_index=56 step=step5 cpu_ms=416.244 gpu_ms=6.43725 relative_l2=2.43858e-07 cpu_heap_peak=13391120 cpu_rss_peak=90435584 gpu_peak=357777408 status=PASS
sample_index=56 cpu_pipeline_ms=1395.36 gpu_pipeline_ms=14.6841 cuda_event_aux_sum_ms=7.32403 relative_l2=6.83429e-06 relative_linf=2.9522e-05 detection_mismatch_count=1 valid_detection_mismatch_count=1 boundary_detection_mismatch_count=0 mse=3.96088e-05 rmse=0.00629356 formal_relative_l2=6.84627e-06 formal_relative_linf=3.09371e-05 semantic_gates=5/5 accuracy_status=PASS
detection_mismatch_summary sample_index=57 total=1 valid=1 boundary=0
detection_mismatch sample_index=57 flat_index=58551 doppler=114 range=183 cfar_cell=valid gpu_detection=1 cpu_detection=0 gpu_power=0.128095 cpu_power=0.1281 gpu_threshold=0.120183 cpu_threshold=0.154522
sample_index=57 step=step1 cpu_ms=4.85571 gpu_ms=1.67187 relative_l2=6.84627e-06 cpu_heap_peak=11160224 cpu_rss_peak=90435584 gpu_peak=357777408 status=PASS
sample_index=57 step=step2 cpu_ms=270.954 gpu_ms=2.39036 relative_l2=2.55451e-07 cpu_heap_peak=11684528 cpu_rss_peak=90435584 gpu_peak=357777408 status=PASS
sample_index=57 step=step3 cpu_ms=694.869 gpu_ms=1.88041 relative_l2=8.68282e-06 cpu_heap_peak=12209088 cpu_rss_peak=90435584 gpu_peak=357777408 status=PASS
sample_index=57 step=step4 cpu_ms=7.37846 gpu_ms=1.52439 relative_l2=9.29687e-08 cpu_heap_peak=12864672 cpu_rss_peak=90435584 gpu_peak=357777408 status=PASS
sample_index=57 step=step5 cpu_ms=416.502 gpu_ms=6.42936 relative_l2=2.43858e-07 cpu_heap_peak=13391040 cpu_rss_peak=90435584 gpu_peak=357777408 status=PASS
sample_index=57 cpu_pipeline_ms=1394.76 gpu_pipeline_ms=14.6188 cuda_event_aux_sum_ms=7.32959 relative_l2=6.83429e-06 relative_linf=2.9522e-05 detection_mismatch_count=1 valid_detection_mismatch_count=1 boundary_detection_mismatch_count=0 mse=3.96088e-05 rmse=0.00629356 formal_relative_l2=6.84627e-06 formal_relative_linf=3.09371e-05 semantic_gates=5/5 accuracy_status=PASS
detection_mismatch_summary sample_index=58 total=1 valid=1 boundary=0
detection_mismatch sample_index=58 flat_index=58551 doppler=114 range=183 cfar_cell=valid gpu_detection=1 cpu_detection=0 gpu_power=0.128095 cpu_power=0.1281 gpu_threshold=0.120183 cpu_threshold=0.154522
sample_index=58 step=step1 cpu_ms=4.86348 gpu_ms=1.67429 relative_l2=6.84627e-06 cpu_heap_peak=11160288 cpu_rss_peak=90435584 gpu_peak=357777408 status=PASS
sample_index=58 step=step2 cpu_ms=271.62 gpu_ms=2.51853 relative_l2=2.55451e-07 cpu_heap_peak=11684592 cpu_rss_peak=90435584 gpu_peak=357777408 status=PASS
sample_index=58 step=step3 cpu_ms=696.982 gpu_ms=1.88293 relative_l2=8.68282e-06 cpu_heap_peak=12209152 cpu_rss_peak=90435584 gpu_peak=357777408 status=PASS
sample_index=58 step=step4 cpu_ms=7.36195 gpu_ms=1.56746 relative_l2=9.29687e-08 cpu_heap_peak=12864736 cpu_rss_peak=90435584 gpu_peak=357777408 status=PASS
sample_index=58 step=step5 cpu_ms=415.801 gpu_ms=6.421 relative_l2=2.43858e-07 cpu_heap_peak=13391104 cpu_rss_peak=90435584 gpu_peak=357777408 status=PASS
sample_index=58 cpu_pipeline_ms=1396.83 gpu_pipeline_ms=14.7775 cuda_event_aux_sum_ms=7.43918 relative_l2=6.83429e-06 relative_linf=2.9522e-05 detection_mismatch_count=1 valid_detection_mismatch_count=1 boundary_detection_mismatch_count=0 mse=3.96088e-05 rmse=0.00629356 formal_relative_l2=6.84627e-06 formal_relative_linf=3.09371e-05 semantic_gates=5/5 accuracy_status=PASS
detection_mismatch_summary sample_index=59 total=1 valid=1 boundary=0
detection_mismatch sample_index=59 flat_index=58551 doppler=114 range=183 cfar_cell=valid gpu_detection=1 cpu_detection=0 gpu_power=0.128095 cpu_power=0.1281 gpu_threshold=0.120183 cpu_threshold=0.154522
sample_index=59 step=step1 cpu_ms=4.86265 gpu_ms=1.69198 relative_l2=6.84627e-06 cpu_heap_peak=11161584 cpu_rss_peak=90435584 gpu_peak=357777408 status=PASS
sample_index=59 step=step2 cpu_ms=271.52 gpu_ms=2.38919 relative_l2=2.55451e-07 cpu_heap_peak=11685888 cpu_rss_peak=90435584 gpu_peak=357777408 status=PASS
sample_index=59 step=step3 cpu_ms=695.29 gpu_ms=1.88158 relative_l2=8.68282e-06 cpu_heap_peak=12210448 cpu_rss_peak=90435584 gpu_peak=357777408 status=PASS
sample_index=59 step=step4 cpu_ms=7.20873 gpu_ms=1.559 relative_l2=9.29687e-08 cpu_heap_peak=12866032 cpu_rss_peak=90435584 gpu_peak=357777408 status=PASS
sample_index=59 step=step5 cpu_ms=416.883 gpu_ms=6.41047 relative_l2=2.43858e-07 cpu_heap_peak=13392400 cpu_rss_peak=90435584 gpu_peak=357777408 status=PASS
sample_index=59 cpu_pipeline_ms=1395.97 gpu_pipeline_ms=14.6602 cuda_event_aux_sum_ms=7.34018 relative_l2=6.83429e-06 relative_linf=2.9522e-05 detection_mismatch_count=1 valid_detection_mismatch_count=1 boundary_detection_mismatch_count=0 mse=3.96088e-05 rmse=0.00629356 formal_relative_l2=6.84627e-06 formal_relative_linf=3.09371e-05 semantic_gates=5/5 accuracy_status=PASS
detection_mismatch_summary sample_index=60 total=1 valid=1 boundary=0
detection_mismatch sample_index=60 flat_index=58551 doppler=114 range=183 cfar_cell=valid gpu_detection=1 cpu_detection=0 gpu_power=0.128095 cpu_power=0.1281 gpu_threshold=0.120183 cpu_threshold=0.154522
sample_index=60 step=step1 cpu_ms=4.86392 gpu_ms=1.69788 relative_l2=6.84627e-06 cpu_heap_peak=11161808 cpu_rss_peak=90435584 gpu_peak=357777408 status=PASS
sample_index=60 step=step2 cpu_ms=271.276 gpu_ms=2.36538 relative_l2=2.55451e-07 cpu_heap_peak=11686112 cpu_rss_peak=90435584 gpu_peak=357777408 status=PASS
sample_index=60 step=step3 cpu_ms=695.343 gpu_ms=1.87345 relative_l2=8.68282e-06 cpu_heap_peak=12210672 cpu_rss_peak=90435584 gpu_peak=357777408 status=PASS
sample_index=60 step=step4 cpu_ms=7.18361 gpu_ms=1.52168 relative_l2=9.29687e-08 cpu_heap_peak=12866256 cpu_rss_peak=90435584 gpu_peak=357777408 status=PASS
sample_index=60 step=step5 cpu_ms=416.088 gpu_ms=6.44046 relative_l2=2.43858e-07 cpu_heap_peak=13392624 cpu_rss_peak=90435584 gpu_peak=357777408 status=PASS
sample_index=60 cpu_pipeline_ms=1394.96 gpu_pipeline_ms=14.6204 cuda_event_aux_sum_ms=7.32308 relative_l2=6.83429e-06 relative_linf=2.9522e-05 detection_mismatch_count=1 valid_detection_mismatch_count=1 boundary_detection_mismatch_count=0 mse=3.96088e-05 rmse=0.00629356 formal_relative_l2=6.84627e-06 formal_relative_linf=3.09371e-05 semantic_gates=5/5 accuracy_status=PASS
detection_mismatch_summary sample_index=61 total=1 valid=1 boundary=0
detection_mismatch sample_index=61 flat_index=58551 doppler=114 range=183 cfar_cell=valid gpu_detection=1 cpu_detection=0 gpu_power=0.128095 cpu_power=0.1281 gpu_threshold=0.120183 cpu_threshold=0.154522
sample_index=61 step=step1 cpu_ms=4.85332 gpu_ms=1.70319 relative_l2=6.84627e-06 cpu_heap_peak=11162032 cpu_rss_peak=90636288 gpu_peak=357777408 status=PASS
sample_index=61 step=step2 cpu_ms=282.322 gpu_ms=2.44786 relative_l2=2.55451e-07 cpu_heap_peak=11686336 cpu_rss_peak=90636288 gpu_peak=357777408 status=PASS
sample_index=61 step=step3 cpu_ms=695.276 gpu_ms=1.87009 relative_l2=8.68282e-06 cpu_heap_peak=12210896 cpu_rss_peak=90636288 gpu_peak=357777408 status=PASS
sample_index=61 step=step4 cpu_ms=7.18788 gpu_ms=1.52943 relative_l2=9.29687e-08 cpu_heap_peak=12866448 cpu_rss_peak=90636288 gpu_peak=357777408 status=PASS
sample_index=61 step=step5 cpu_ms=416.157 gpu_ms=6.45816 relative_l2=2.43858e-07 cpu_heap_peak=13392816 cpu_rss_peak=90636288 gpu_peak=357777408 status=PASS
sample_index=61 cpu_pipeline_ms=1406 gpu_pipeline_ms=14.7319 cuda_event_aux_sum_ms=7.4313 relative_l2=6.83429e-06 relative_linf=2.9522e-05 detection_mismatch_count=1 valid_detection_mismatch_count=1 boundary_detection_mismatch_count=0 mse=3.96088e-05 rmse=0.00629356 formal_relative_l2=6.84627e-06 formal_relative_linf=3.09371e-05 semantic_gates=5/5 accuracy_status=PASS
detection_mismatch_summary sample_index=62 total=1 valid=1 boundary=0
detection_mismatch sample_index=62 flat_index=58551 doppler=114 range=183 cfar_cell=valid gpu_detection=1 cpu_detection=0 gpu_power=0.128095 cpu_power=0.1281 gpu_threshold=0.120183 cpu_threshold=0.154522
sample_index=62 step=step1 cpu_ms=4.86077 gpu_ms=1.67059 relative_l2=6.84627e-06 cpu_heap_peak=11161968 cpu_rss_peak=90497024 gpu_peak=357777408 status=PASS
sample_index=62 step=step2 cpu_ms=271.2 gpu_ms=2.41708 relative_l2=2.55451e-07 cpu_heap_peak=11686272 cpu_rss_peak=90497024 gpu_peak=357777408 status=PASS
sample_index=62 step=step3 cpu_ms=694.82 gpu_ms=1.88436 relative_l2=8.68282e-06 cpu_heap_peak=12210832 cpu_rss_peak=90497024 gpu_peak=357777408 status=PASS
sample_index=62 step=step4 cpu_ms=7.18499 gpu_ms=1.52845 relative_l2=9.29687e-08 cpu_heap_peak=12866416 cpu_rss_peak=90497024 gpu_peak=357777408 status=PASS
sample_index=62 step=step5 cpu_ms=416.338 gpu_ms=6.40622 relative_l2=2.43858e-07 cpu_heap_peak=13392784 cpu_rss_peak=90497024 gpu_peak=357777408 status=PASS
sample_index=62 cpu_pipeline_ms=1394.6 gpu_pipeline_ms=14.6509 cuda_event_aux_sum_ms=7.3056 relative_l2=6.83429e-06 relative_linf=2.9522e-05 detection_mismatch_count=1 valid_detection_mismatch_count=1 boundary_detection_mismatch_count=0 mse=3.96088e-05 rmse=0.00629356 formal_relative_l2=6.84627e-06 formal_relative_linf=3.09371e-05 semantic_gates=5/5 accuracy_status=PASS
detection_mismatch_summary sample_index=63 total=1 valid=1 boundary=0
detection_mismatch sample_index=63 flat_index=58551 doppler=114 range=183 cfar_cell=valid gpu_detection=1 cpu_detection=0 gpu_power=0.128095 cpu_power=0.1281 gpu_threshold=0.120183 cpu_threshold=0.154522
sample_index=63 step=step1 cpu_ms=4.85653 gpu_ms=1.66942 relative_l2=6.84627e-06 cpu_heap_peak=11162912 cpu_rss_peak=90431488 gpu_peak=357777408 status=PASS
sample_index=63 step=step2 cpu_ms=271.227 gpu_ms=2.37991 relative_l2=2.55451e-07 cpu_heap_peak=11687216 cpu_rss_peak=90431488 gpu_peak=357777408 status=PASS
sample_index=63 step=step3 cpu_ms=695.16 gpu_ms=1.88859 relative_l2=8.68282e-06 cpu_heap_peak=12211776 cpu_rss_peak=90431488 gpu_peak=357777408 status=PASS
sample_index=63 step=step4 cpu_ms=7.18712 gpu_ms=1.53886 relative_l2=9.29687e-08 cpu_heap_peak=12867360 cpu_rss_peak=90431488 gpu_peak=357777408 status=PASS
sample_index=63 step=step5 cpu_ms=419.266 gpu_ms=6.48649 relative_l2=2.43858e-07 cpu_heap_peak=13393728 cpu_rss_peak=90431488 gpu_peak=357777408 status=PASS
sample_index=63 cpu_pipeline_ms=1397.9 gpu_pipeline_ms=14.7217 cuda_event_aux_sum_ms=7.36042 relative_l2=6.83429e-06 relative_linf=2.9522e-05 detection_mismatch_count=1 valid_detection_mismatch_count=1 boundary_detection_mismatch_count=0 mse=3.96088e-05 rmse=0.00629356 formal_relative_l2=6.84627e-06 formal_relative_linf=3.09371e-05 semantic_gates=5/5 accuracy_status=PASS
detection_mismatch_summary sample_index=64 total=1 valid=1 boundary=0
detection_mismatch sample_index=64 flat_index=58551 doppler=114 range=183 cfar_cell=valid gpu_detection=1 cpu_detection=0 gpu_power=0.128095 cpu_power=0.1281 gpu_threshold=0.120183 cpu_threshold=0.154522
sample_index=64 step=step1 cpu_ms=4.84807 gpu_ms=1.67254 relative_l2=6.84627e-06 cpu_heap_peak=11161760 cpu_rss_peak=90435584 gpu_peak=357777408 status=PASS
sample_index=64 step=step2 cpu_ms=271.304 gpu_ms=2.37642 relative_l2=2.55451e-07 cpu_heap_peak=11686064 cpu_rss_peak=90435584 gpu_peak=357777408 status=PASS
sample_index=64 step=step3 cpu_ms=695.148 gpu_ms=1.87454 relative_l2=8.68282e-06 cpu_heap_peak=12210624 cpu_rss_peak=90435584 gpu_peak=357777408 status=PASS
sample_index=64 step=step4 cpu_ms=7.19042 gpu_ms=1.5667 relative_l2=9.29687e-08 cpu_heap_peak=12866208 cpu_rss_peak=90435584 gpu_peak=357777408 status=PASS
sample_index=64 step=step5 cpu_ms=416.348 gpu_ms=6.48806 relative_l2=2.43858e-07 cpu_heap_peak=13392576 cpu_rss_peak=90435584 gpu_peak=357777408 status=PASS
sample_index=64 cpu_pipeline_ms=1395.04 gpu_pipeline_ms=14.7034 cuda_event_aux_sum_ms=7.38635 relative_l2=6.83429e-06 relative_linf=2.9522e-05 detection_mismatch_count=1 valid_detection_mismatch_count=1 boundary_detection_mismatch_count=0 mse=3.96088e-05 rmse=0.00629356 formal_relative_l2=6.84627e-06 formal_relative_linf=3.09371e-05 semantic_gates=5/5 accuracy_status=PASS
detection_mismatch_summary sample_index=65 total=1 valid=1 boundary=0
detection_mismatch sample_index=65 flat_index=58551 doppler=114 range=183 cfar_cell=valid gpu_detection=1 cpu_detection=0 gpu_power=0.128095 cpu_power=0.1281 gpu_threshold=0.120183 cpu_threshold=0.154522
sample_index=65 step=step1 cpu_ms=4.84943 gpu_ms=1.65965 relative_l2=6.84627e-06 cpu_heap_peak=11201664 cpu_rss_peak=90435584 gpu_peak=357777408 status=PASS
sample_index=65 step=step2 cpu_ms=271.128 gpu_ms=2.38851 relative_l2=2.55451e-07 cpu_heap_peak=11725968 cpu_rss_peak=90435584 gpu_peak=357777408 status=PASS
sample_index=65 step=step3 cpu_ms=698.292 gpu_ms=1.87477 relative_l2=8.68282e-06 cpu_heap_peak=12250528 cpu_rss_peak=90435584 gpu_peak=357777408 status=PASS
sample_index=65 step=step4 cpu_ms=7.35689 gpu_ms=1.57141 relative_l2=9.29687e-08 cpu_heap_peak=12906112 cpu_rss_peak=90435584 gpu_peak=357777408 status=PASS
sample_index=65 step=step5 cpu_ms=416.196 gpu_ms=6.42258 relative_l2=2.43858e-07 cpu_heap_peak=13432480 cpu_rss_peak=90435584 gpu_peak=357777408 status=PASS
sample_index=65 cpu_pipeline_ms=1398.04 gpu_pipeline_ms=14.6423 cuda_event_aux_sum_ms=7.31963 relative_l2=6.83429e-06 relative_linf=2.9522e-05 detection_mismatch_count=1 valid_detection_mismatch_count=1 boundary_detection_mismatch_count=0 mse=3.96088e-05 rmse=0.00629356 formal_relative_l2=6.84627e-06 formal_relative_linf=3.09371e-05 semantic_gates=5/5 accuracy_status=PASS
detection_mismatch_summary sample_index=66 total=1 valid=1 boundary=0
detection_mismatch sample_index=66 flat_index=58551 doppler=114 range=183 cfar_cell=valid gpu_detection=1 cpu_detection=0 gpu_power=0.128095 cpu_power=0.1281 gpu_threshold=0.120183 cpu_threshold=0.154522
sample_index=66 step=step1 cpu_ms=4.85442 gpu_ms=1.65988 relative_l2=6.84627e-06 cpu_heap_peak=11202016 cpu_rss_peak=90435584 gpu_peak=357777408 status=PASS
sample_index=66 step=step2 cpu_ms=271.158 gpu_ms=2.37329 relative_l2=2.55451e-07 cpu_heap_peak=11726320 cpu_rss_peak=90435584 gpu_peak=357777408 status=PASS
sample_index=66 step=step3 cpu_ms=696.749 gpu_ms=1.87587 relative_l2=8.68282e-06 cpu_heap_peak=12250880 cpu_rss_peak=90435584 gpu_peak=357777408 status=PASS
sample_index=66 step=step4 cpu_ms=7.21206 gpu_ms=1.63417 relative_l2=9.29687e-08 cpu_heap_peak=12906464 cpu_rss_peak=90435584 gpu_peak=357777408 status=PASS
sample_index=66 step=step5 cpu_ms=416.733 gpu_ms=6.45127 relative_l2=2.43858e-07 cpu_heap_peak=13432832 cpu_rss_peak=90435584 gpu_peak=357777408 status=PASS
sample_index=66 cpu_pipeline_ms=1396.91 gpu_pipeline_ms=14.7336 cuda_event_aux_sum_ms=7.33619 relative_l2=6.83429e-06 relative_linf=2.9522e-05 detection_mismatch_count=1 valid_detection_mismatch_count=1 boundary_detection_mismatch_count=0 mse=3.96088e-05 rmse=0.00629356 formal_relative_l2=6.84627e-06 formal_relative_linf=3.09371e-05 semantic_gates=5/5 accuracy_status=PASS
detection_mismatch_summary sample_index=67 total=1 valid=1 boundary=0
detection_mismatch sample_index=67 flat_index=58551 doppler=114 range=183 cfar_cell=valid gpu_detection=1 cpu_detection=0 gpu_power=0.128095 cpu_power=0.1281 gpu_threshold=0.120183 cpu_threshold=0.154522
sample_index=67 step=step1 cpu_ms=4.85247 gpu_ms=1.66732 relative_l2=6.84627e-06 cpu_heap_peak=11201312 cpu_rss_peak=90435584 gpu_peak=357777408 status=PASS
sample_index=67 step=step2 cpu_ms=271.446 gpu_ms=2.3768 relative_l2=2.55451e-07 cpu_heap_peak=11725616 cpu_rss_peak=90435584 gpu_peak=357777408 status=PASS
sample_index=67 step=step3 cpu_ms=695.169 gpu_ms=1.89033 relative_l2=8.68282e-06 cpu_heap_peak=12250176 cpu_rss_peak=90435584 gpu_peak=357777408 status=PASS
sample_index=67 step=step4 cpu_ms=7.18038 gpu_ms=1.56031 relative_l2=9.29687e-08 cpu_heap_peak=12905760 cpu_rss_peak=90435584 gpu_peak=357777408 status=PASS
sample_index=67 step=step5 cpu_ms=416.178 gpu_ms=6.4213 relative_l2=2.43858e-07 cpu_heap_peak=13432128 cpu_rss_peak=90435584 gpu_peak=357777408 status=PASS
sample_index=67 cpu_pipeline_ms=1395.03 gpu_pipeline_ms=14.64 cuda_event_aux_sum_ms=7.31729 relative_l2=6.83429e-06 relative_linf=2.9522e-05 detection_mismatch_count=1 valid_detection_mismatch_count=1 boundary_detection_mismatch_count=0 mse=3.96088e-05 rmse=0.00629356 formal_relative_l2=6.84627e-06 formal_relative_linf=3.09371e-05 semantic_gates=5/5 accuracy_status=PASS
detection_mismatch_summary sample_index=68 total=1 valid=1 boundary=0
detection_mismatch sample_index=68 flat_index=58551 doppler=114 range=183 cfar_cell=valid gpu_detection=1 cpu_detection=0 gpu_power=0.128095 cpu_power=0.1281 gpu_threshold=0.120183 cpu_threshold=0.154522
sample_index=68 step=step1 cpu_ms=4.85825 gpu_ms=1.66234 relative_l2=6.84627e-06 cpu_heap_peak=11202224 cpu_rss_peak=90435584 gpu_peak=357777408 status=PASS
sample_index=68 step=step2 cpu_ms=271.427 gpu_ms=2.37048 relative_l2=2.55451e-07 cpu_heap_peak=11726528 cpu_rss_peak=90435584 gpu_peak=357777408 status=PASS
sample_index=68 step=step3 cpu_ms=695.495 gpu_ms=1.87459 relative_l2=8.68282e-06 cpu_heap_peak=12251088 cpu_rss_peak=90435584 gpu_peak=357777408 status=PASS
sample_index=68 step=step4 cpu_ms=7.17687 gpu_ms=1.55701 relative_l2=9.29687e-08 cpu_heap_peak=12906672 cpu_rss_peak=90435584 gpu_peak=357777408 status=PASS
sample_index=68 step=step5 cpu_ms=416.074 gpu_ms=6.42701 relative_l2=2.43858e-07 cpu_heap_peak=13433056 cpu_rss_peak=90435584 gpu_peak=357777408 status=PASS
sample_index=68 cpu_pipeline_ms=1395.23 gpu_pipeline_ms=14.605 cuda_event_aux_sum_ms=7.30758 relative_l2=6.83429e-06 relative_linf=2.9522e-05 detection_mismatch_count=1 valid_detection_mismatch_count=1 boundary_detection_mismatch_count=0 mse=3.96088e-05 rmse=0.00629356 formal_relative_l2=6.84627e-06 formal_relative_linf=3.09371e-05 semantic_gates=5/5 accuracy_status=PASS
detection_mismatch_summary sample_index=69 total=1 valid=1 boundary=0
detection_mismatch sample_index=69 flat_index=58551 doppler=114 range=183 cfar_cell=valid gpu_detection=1 cpu_detection=0 gpu_power=0.128095 cpu_power=0.1281 gpu_threshold=0.120183 cpu_threshold=0.154522
sample_index=69 step=step1 cpu_ms=4.86057 gpu_ms=1.65798 relative_l2=6.84627e-06 cpu_heap_peak=11201584 cpu_rss_peak=90435584 gpu_peak=357777408 status=PASS
sample_index=69 step=step2 cpu_ms=271.734 gpu_ms=2.38401 relative_l2=2.55451e-07 cpu_heap_peak=11725888 cpu_rss_peak=90435584 gpu_peak=357777408 status=PASS
sample_index=69 step=step3 cpu_ms=695.196 gpu_ms=1.87492 relative_l2=8.68282e-06 cpu_heap_peak=12250448 cpu_rss_peak=90435584 gpu_peak=357777408 status=PASS
sample_index=69 step=step4 cpu_ms=7.17134 gpu_ms=1.55441 relative_l2=9.29687e-08 cpu_heap_peak=12906032 cpu_rss_peak=90435584 gpu_peak=357777408 status=PASS
sample_index=69 step=step5 cpu_ms=416.668 gpu_ms=6.38042 relative_l2=2.43858e-07 cpu_heap_peak=13432400 cpu_rss_peak=90435584 gpu_peak=357777408 status=PASS
sample_index=69 cpu_pipeline_ms=1395.83 gpu_pipeline_ms=14.5619 cuda_event_aux_sum_ms=7.25474 relative_l2=6.83429e-06 relative_linf=2.9522e-05 detection_mismatch_count=1 valid_detection_mismatch_count=1 boundary_detection_mismatch_count=0 mse=3.96088e-05 rmse=0.00629356 formal_relative_l2=6.84627e-06 formal_relative_linf=3.09371e-05 semantic_gates=5/5 accuracy_status=PASS
detection_mismatch_summary sample_index=70 total=1 valid=1 boundary=0
detection_mismatch sample_index=70 flat_index=58551 doppler=114 range=183 cfar_cell=valid gpu_detection=1 cpu_detection=0 gpu_power=0.128095 cpu_power=0.1281 gpu_threshold=0.120183 cpu_threshold=0.154522
sample_index=70 step=step1 cpu_ms=4.85444 gpu_ms=1.69836 relative_l2=6.84627e-06 cpu_heap_peak=11202096 cpu_rss_peak=90435584 gpu_peak=357777408 status=PASS
sample_index=70 step=step2 cpu_ms=271.359 gpu_ms=2.38607 relative_l2=2.55451e-07 cpu_heap_peak=11726400 cpu_rss_peak=90435584 gpu_peak=357777408 status=PASS
sample_index=70 step=step3 cpu_ms=695.813 gpu_ms=1.8854 relative_l2=8.68282e-06 cpu_heap_peak=12250960 cpu_rss_peak=90435584 gpu_peak=357777408 status=PASS
sample_index=70 step=step4 cpu_ms=7.19639 gpu_ms=1.50734 relative_l2=9.29687e-08 cpu_heap_peak=12906544 cpu_rss_peak=90435584 gpu_peak=357777408 status=PASS
sample_index=70 step=step5 cpu_ms=416.27 gpu_ms=6.40199 relative_l2=2.43858e-07 cpu_heap_peak=13432912 cpu_rss_peak=90435584 gpu_peak=357777408 status=PASS
sample_index=70 cpu_pipeline_ms=1395.69 gpu_pipeline_ms=14.6083 cuda_event_aux_sum_ms=7.29927 relative_l2=6.83429e-06 relative_linf=2.9522e-05 detection_mismatch_count=1 valid_detection_mismatch_count=1 boundary_detection_mismatch_count=0 mse=3.96088e-05 rmse=0.00629356 formal_relative_l2=6.84627e-06 formal_relative_linf=3.09371e-05 semantic_gates=5/5 accuracy_status=PASS
detection_mismatch_summary sample_index=71 total=1 valid=1 boundary=0
detection_mismatch sample_index=71 flat_index=58551 doppler=114 range=183 cfar_cell=valid gpu_detection=1 cpu_detection=0 gpu_power=0.128095 cpu_power=0.1281 gpu_threshold=0.120183 cpu_threshold=0.154522
sample_index=71 step=step1 cpu_ms=4.85492 gpu_ms=1.69041 relative_l2=6.84627e-06 cpu_heap_peak=11202224 cpu_rss_peak=90435584 gpu_peak=357777408 status=PASS
sample_index=71 step=step2 cpu_ms=271.197 gpu_ms=2.37868 relative_l2=2.55451e-07 cpu_heap_peak=11726528 cpu_rss_peak=90435584 gpu_peak=357777408 status=PASS
sample_index=71 step=step3 cpu_ms=695.817 gpu_ms=1.88444 relative_l2=8.68282e-06 cpu_heap_peak=12251088 cpu_rss_peak=90435584 gpu_peak=357777408 status=PASS
sample_index=71 step=step4 cpu_ms=7.17742 gpu_ms=1.57231 relative_l2=9.29687e-08 cpu_heap_peak=12906672 cpu_rss_peak=90435584 gpu_peak=357777408 status=PASS
sample_index=71 step=step5 cpu_ms=416.366 gpu_ms=6.42185 relative_l2=2.43858e-07 cpu_heap_peak=13433040 cpu_rss_peak=90435584 gpu_peak=357777408 status=PASS
sample_index=71 cpu_pipeline_ms=1395.61 gpu_pipeline_ms=14.6647 cuda_event_aux_sum_ms=7.29686 relative_l2=6.83429e-06 relative_linf=2.9522e-05 detection_mismatch_count=1 valid_detection_mismatch_count=1 boundary_detection_mismatch_count=0 mse=3.96088e-05 rmse=0.00629356 formal_relative_l2=6.84627e-06 formal_relative_linf=3.09371e-05 semantic_gates=5/5 accuracy_status=PASS
detection_mismatch_summary sample_index=72 total=1 valid=1 boundary=0
detection_mismatch sample_index=72 flat_index=58551 doppler=114 range=183 cfar_cell=valid gpu_detection=1 cpu_detection=0 gpu_power=0.128095 cpu_power=0.1281 gpu_threshold=0.120183 cpu_threshold=0.154522
sample_index=72 step=step1 cpu_ms=4.84801 gpu_ms=1.85757 relative_l2=6.84627e-06 cpu_heap_peak=11202944 cpu_rss_peak=90636288 gpu_peak=357777408 status=PASS
sample_index=72 step=step2 cpu_ms=271.291 gpu_ms=2.53243 relative_l2=2.55451e-07 cpu_heap_peak=11727248 cpu_rss_peak=90636288 gpu_peak=357777408 status=PASS
sample_index=72 step=step3 cpu_ms=695.52 gpu_ms=1.95192 relative_l2=8.68282e-06 cpu_heap_peak=12251808 cpu_rss_peak=90636288 gpu_peak=357777408 status=PASS
sample_index=72 step=step4 cpu_ms=7.20586 gpu_ms=1.67187 relative_l2=9.29687e-08 cpu_heap_peak=12907392 cpu_rss_peak=90636288 gpu_peak=357777408 status=PASS
sample_index=72 step=step5 cpu_ms=416.13 gpu_ms=6.55515 relative_l2=2.43858e-07 cpu_heap_peak=13433760 cpu_rss_peak=90636288 gpu_peak=357777408 status=PASS
sample_index=72 cpu_pipeline_ms=1395.2 gpu_pipeline_ms=15.3499 cuda_event_aux_sum_ms=7.42286 relative_l2=6.83429e-06 relative_linf=2.9522e-05 detection_mismatch_count=1 valid_detection_mismatch_count=1 boundary_detection_mismatch_count=0 mse=3.96088e-05 rmse=0.00629356 formal_relative_l2=6.84627e-06 formal_relative_linf=3.09371e-05 semantic_gates=5/5 accuracy_status=PASS
detection_mismatch_summary sample_index=73 total=1 valid=1 boundary=0
detection_mismatch sample_index=73 flat_index=58551 doppler=114 range=183 cfar_cell=valid gpu_detection=1 cpu_detection=0 gpu_power=0.128095 cpu_power=0.1281 gpu_threshold=0.120183 cpu_threshold=0.154522
sample_index=73 step=step1 cpu_ms=4.85262 gpu_ms=1.66748 relative_l2=6.84627e-06 cpu_heap_peak=11204704 cpu_rss_peak=90427392 gpu_peak=357777408 status=PASS
sample_index=73 step=step2 cpu_ms=271.469 gpu_ms=2.3878 relative_l2=2.55451e-07 cpu_heap_peak=11729008 cpu_rss_peak=90427392 gpu_peak=357777408 status=PASS
sample_index=73 step=step3 cpu_ms=695.228 gpu_ms=1.88018 relative_l2=8.68282e-06 cpu_heap_peak=12253568 cpu_rss_peak=90427392 gpu_peak=357777408 status=PASS
sample_index=73 step=step4 cpu_ms=7.21654 gpu_ms=1.53603 relative_l2=9.29687e-08 cpu_heap_peak=12909152 cpu_rss_peak=90427392 gpu_peak=357777408 status=PASS
sample_index=73 step=step5 cpu_ms=416.041 gpu_ms=6.49163 relative_l2=2.43858e-07 cpu_heap_peak=13435520 cpu_rss_peak=90427392 gpu_peak=357777408 status=PASS
sample_index=73 cpu_pipeline_ms=1395.01 gpu_pipeline_ms=14.6972 cuda_event_aux_sum_ms=7.36846 relative_l2=6.83429e-06 relative_linf=2.9522e-05 detection_mismatch_count=1 valid_detection_mismatch_count=1 boundary_detection_mismatch_count=0 mse=3.96088e-05 rmse=0.00629356 formal_relative_l2=6.84627e-06 formal_relative_linf=3.09371e-05 semantic_gates=5/5 accuracy_status=PASS
detection_mismatch_summary sample_index=74 total=1 valid=1 boundary=0
detection_mismatch sample_index=74 flat_index=58551 doppler=114 range=183 cfar_cell=valid gpu_detection=1 cpu_detection=0 gpu_power=0.128095 cpu_power=0.1281 gpu_threshold=0.120183 cpu_threshold=0.154522
sample_index=74 step=step1 cpu_ms=4.85287 gpu_ms=1.66707 relative_l2=6.84627e-06 cpu_heap_peak=11203824 cpu_rss_peak=90435584 gpu_peak=357777408 status=PASS
sample_index=74 step=step2 cpu_ms=270.965 gpu_ms=2.38125 relative_l2=2.55451e-07 cpu_heap_peak=11728128 cpu_rss_peak=90435584 gpu_peak=357777408 status=PASS
sample_index=74 step=step3 cpu_ms=695.019 gpu_ms=1.8813 relative_l2=8.68282e-06 cpu_heap_peak=12252688 cpu_rss_peak=90435584 gpu_peak=357777408 status=PASS
sample_index=74 step=step4 cpu_ms=7.19513 gpu_ms=1.53988 relative_l2=9.29687e-08 cpu_heap_peak=12908272 cpu_rss_peak=90435584 gpu_peak=357777408 status=PASS
sample_index=74 step=step5 cpu_ms=415.896 gpu_ms=6.4674 relative_l2=2.43858e-07 cpu_heap_peak=13434640 cpu_rss_peak=90435584 gpu_peak=357777408 status=PASS
sample_index=74 cpu_pipeline_ms=1394.13 gpu_pipeline_ms=14.6726 cuda_event_aux_sum_ms=7.35375 relative_l2=6.83429e-06 relative_linf=2.9522e-05 detection_mismatch_count=1 valid_detection_mismatch_count=1 boundary_detection_mismatch_count=0 mse=3.96088e-05 rmse=0.00629356 formal_relative_l2=6.84627e-06 formal_relative_linf=3.09371e-05 semantic_gates=5/5 accuracy_status=PASS
detection_mismatch_summary sample_index=75 total=1 valid=1 boundary=0
detection_mismatch sample_index=75 flat_index=58551 doppler=114 range=183 cfar_cell=valid gpu_detection=1 cpu_detection=0 gpu_power=0.128095 cpu_power=0.1281 gpu_threshold=0.120183 cpu_threshold=0.154522
sample_index=75 step=step1 cpu_ms=4.85252 gpu_ms=1.66799 relative_l2=6.84627e-06 cpu_heap_peak=11203088 cpu_rss_peak=90431488 gpu_peak=357777408 status=PASS
sample_index=75 step=step2 cpu_ms=271.657 gpu_ms=2.36396 relative_l2=2.55451e-07 cpu_heap_peak=11727392 cpu_rss_peak=90431488 gpu_peak=357777408 status=PASS
sample_index=75 step=step3 cpu_ms=695.122 gpu_ms=1.86306 relative_l2=8.68282e-06 cpu_heap_peak=12251952 cpu_rss_peak=90431488 gpu_peak=357777408 status=PASS
sample_index=75 step=step4 cpu_ms=7.18224 gpu_ms=1.54918 relative_l2=9.29687e-08 cpu_heap_peak=12907536 cpu_rss_peak=90431488 gpu_peak=357777408 status=PASS
sample_index=75 step=step5 cpu_ms=418.386 gpu_ms=6.36122 relative_l2=2.43858e-07 cpu_heap_peak=13433904 cpu_rss_peak=90431488 gpu_peak=357777408 status=PASS
sample_index=75 cpu_pipeline_ms=1397.4 gpu_pipeline_ms=14.5234 cuda_event_aux_sum_ms=7.24974 relative_l2=6.83429e-06 relative_linf=2.9522e-05 detection_mismatch_count=1 valid_detection_mismatch_count=1 boundary_detection_mismatch_count=0 mse=3.96088e-05 rmse=0.00629356 formal_relative_l2=6.84627e-06 formal_relative_linf=3.09371e-05 semantic_gates=5/5 accuracy_status=PASS
detection_mismatch_summary sample_index=76 total=1 valid=1 boundary=0
detection_mismatch sample_index=76 flat_index=58551 doppler=114 range=183 cfar_cell=valid gpu_detection=1 cpu_detection=0 gpu_power=0.128095 cpu_power=0.1281 gpu_threshold=0.120183 cpu_threshold=0.154522
sample_index=76 step=step1 cpu_ms=4.84598 gpu_ms=1.68345 relative_l2=6.84627e-06 cpu_heap_peak=11204848 cpu_rss_peak=90435584 gpu_peak=357777408 status=PASS
sample_index=76 step=step2 cpu_ms=271.225 gpu_ms=2.51309 relative_l2=2.55451e-07 cpu_heap_peak=11729152 cpu_rss_peak=90435584 gpu_peak=357777408 status=PASS
sample_index=76 step=step3 cpu_ms=695.298 gpu_ms=1.87771 relative_l2=8.68282e-06 cpu_heap_peak=12253712 cpu_rss_peak=90435584 gpu_peak=357777408 status=PASS
sample_index=76 step=step4 cpu_ms=7.21326 gpu_ms=1.5372 relative_l2=9.29687e-08 cpu_heap_peak=12909296 cpu_rss_peak=90435584 gpu_peak=357777408 status=PASS
sample_index=76 step=step5 cpu_ms=417.07 gpu_ms=6.44491 relative_l2=2.43858e-07 cpu_heap_peak=13435664 cpu_rss_peak=90435584 gpu_peak=357777408 status=PASS
sample_index=76 cpu_pipeline_ms=1395.87 gpu_pipeline_ms=14.7897 cuda_event_aux_sum_ms=7.36944 relative_l2=6.83429e-06 relative_linf=2.9522e-05 detection_mismatch_count=1 valid_detection_mismatch_count=1 boundary_detection_mismatch_count=0 mse=3.96088e-05 rmse=0.00629356 formal_relative_l2=6.84627e-06 formal_relative_linf=3.09371e-05 semantic_gates=5/5 accuracy_status=PASS
detection_mismatch_summary sample_index=77 total=1 valid=1 boundary=0
detection_mismatch sample_index=77 flat_index=58551 doppler=114 range=183 cfar_cell=valid gpu_detection=1 cpu_detection=0 gpu_power=0.128095 cpu_power=0.1281 gpu_threshold=0.120183 cpu_threshold=0.154522
sample_index=77 step=step1 cpu_ms=4.84689 gpu_ms=1.68605 relative_l2=6.84627e-06 cpu_heap_peak=11203712 cpu_rss_peak=90435584 gpu_peak=357777408 status=PASS
sample_index=77 step=step2 cpu_ms=271.023 gpu_ms=2.37925 relative_l2=2.55451e-07 cpu_heap_peak=11728016 cpu_rss_peak=90435584 gpu_peak=357777408 status=PASS
sample_index=77 step=step3 cpu_ms=697.042 gpu_ms=1.87116 relative_l2=8.68282e-06 cpu_heap_peak=12252576 cpu_rss_peak=90435584 gpu_peak=357777408 status=PASS
sample_index=77 step=step4 cpu_ms=7.17952 gpu_ms=1.54165 relative_l2=9.29687e-08 cpu_heap_peak=12908160 cpu_rss_peak=90435584 gpu_peak=357777408 status=PASS
sample_index=77 step=step5 cpu_ms=415.864 gpu_ms=6.3734 relative_l2=2.43858e-07 cpu_heap_peak=13434528 cpu_rss_peak=90435584 gpu_peak=357777408 status=PASS
sample_index=77 cpu_pipeline_ms=1396.16 gpu_pipeline_ms=14.5858 cuda_event_aux_sum_ms=7.283 relative_l2=6.83429e-06 relative_linf=2.9522e-05 detection_mismatch_count=1 valid_detection_mismatch_count=1 boundary_detection_mismatch_count=0 mse=3.96088e-05 rmse=0.00629356 formal_relative_l2=6.84627e-06 formal_relative_linf=3.09371e-05 semantic_gates=5/5 accuracy_status=PASS
detection_mismatch_summary sample_index=78 total=1 valid=1 boundary=0
detection_mismatch sample_index=78 flat_index=58551 doppler=114 range=183 cfar_cell=valid gpu_detection=1 cpu_detection=0 gpu_power=0.128095 cpu_power=0.1281 gpu_threshold=0.120183 cpu_threshold=0.154522
sample_index=78 step=step1 cpu_ms=4.8644 gpu_ms=1.6731 relative_l2=6.84627e-06 cpu_heap_peak=11203936 cpu_rss_peak=90435584 gpu_peak=357777408 status=PASS
sample_index=78 step=step2 cpu_ms=271.223 gpu_ms=2.37359 relative_l2=2.55451e-07 cpu_heap_peak=11728240 cpu_rss_peak=90435584 gpu_peak=357777408 status=PASS
sample_index=78 step=step3 cpu_ms=695.552 gpu_ms=1.88076 relative_l2=8.68282e-06 cpu_heap_peak=12252800 cpu_rss_peak=90435584 gpu_peak=357777408 status=PASS
sample_index=78 step=step4 cpu_ms=7.18145 gpu_ms=1.56351 relative_l2=9.29687e-08 cpu_heap_peak=12908384 cpu_rss_peak=90435584 gpu_peak=357777408 status=PASS
sample_index=78 step=step5 cpu_ms=415.769 gpu_ms=6.41975 relative_l2=2.43858e-07 cpu_heap_peak=13434752 cpu_rss_peak=90435584 gpu_peak=357777408 status=PASS
sample_index=78 cpu_pipeline_ms=1394.79 gpu_pipeline_ms=14.6398 cuda_event_aux_sum_ms=7.30724 relative_l2=6.83429e-06 relative_linf=2.9522e-05 detection_mismatch_count=1 valid_detection_mismatch_count=1 boundary_detection_mismatch_count=0 mse=3.96088e-05 rmse=0.00629356 formal_relative_l2=6.84627e-06 formal_relative_linf=3.09371e-05 semantic_gates=5/5 accuracy_status=PASS
detection_mismatch_summary sample_index=79 total=1 valid=1 boundary=0
detection_mismatch sample_index=79 flat_index=58551 doppler=114 range=183 cfar_cell=valid gpu_detection=1 cpu_detection=0 gpu_power=0.128095 cpu_power=0.1281 gpu_threshold=0.120183 cpu_threshold=0.154522
sample_index=79 step=step1 cpu_ms=4.84874 gpu_ms=1.83457 relative_l2=6.84627e-06 cpu_heap_peak=11203680 cpu_rss_peak=90435584 gpu_peak=357777408 status=PASS
sample_index=79 step=step2 cpu_ms=271.083 gpu_ms=2.3721 relative_l2=2.55451e-07 cpu_heap_peak=11727984 cpu_rss_peak=90435584 gpu_peak=357777408 status=PASS
sample_index=79 step=step3 cpu_ms=695.798 gpu_ms=1.86625 relative_l2=8.68282e-06 cpu_heap_peak=12252544 cpu_rss_peak=90435584 gpu_peak=357777408 status=PASS
sample_index=79 step=step4 cpu_ms=7.20749 gpu_ms=1.5547 relative_l2=9.29687e-08 cpu_heap_peak=12908128 cpu_rss_peak=90435584 gpu_peak=357777408 status=PASS
sample_index=79 step=step5 cpu_ms=416.339 gpu_ms=6.52688 relative_l2=2.43858e-07 cpu_heap_peak=13434496 cpu_rss_peak=90435584 gpu_peak=357777408 status=PASS
sample_index=79 cpu_pipeline_ms=1395.48 gpu_pipeline_ms=14.8882 cuda_event_aux_sum_ms=7.39764 relative_l2=6.83429e-06 relative_linf=2.9522e-05 detection_mismatch_count=1 valid_detection_mismatch_count=1 boundary_detection_mismatch_count=0 mse=3.96088e-05 rmse=0.00629356 formal_relative_l2=6.84627e-06 formal_relative_linf=3.09371e-05 semantic_gates=5/5 accuracy_status=PASS
detection_mismatch_summary sample_index=80 total=1 valid=1 boundary=0
detection_mismatch sample_index=80 flat_index=58551 doppler=114 range=183 cfar_cell=valid gpu_detection=1 cpu_detection=0 gpu_power=0.128095 cpu_power=0.1281 gpu_threshold=0.120183 cpu_threshold=0.154522
sample_index=80 step=step1 cpu_ms=4.85132 gpu_ms=1.67354 relative_l2=6.84627e-06 cpu_heap_peak=11204672 cpu_rss_peak=90435584 gpu_peak=357777408 status=PASS
sample_index=80 step=step2 cpu_ms=271.772 gpu_ms=2.62654 relative_l2=2.55451e-07 cpu_heap_peak=11728976 cpu_rss_peak=90435584 gpu_peak=357777408 status=PASS
sample_index=80 step=step3 cpu_ms=694.982 gpu_ms=1.89755 relative_l2=8.68282e-06 cpu_heap_peak=12253536 cpu_rss_peak=90435584 gpu_peak=357777408 status=PASS
sample_index=80 step=step4 cpu_ms=7.19197 gpu_ms=1.67809 relative_l2=9.29687e-08 cpu_heap_peak=12909120 cpu_rss_peak=90435584 gpu_peak=357777408 status=PASS
sample_index=80 step=step5 cpu_ms=416.248 gpu_ms=6.41096 relative_l2=2.43858e-07 cpu_heap_peak=13435488 cpu_rss_peak=90435584 gpu_peak=357777408 status=PASS
sample_index=80 cpu_pipeline_ms=1395.25 gpu_pipeline_ms=15.1078 cuda_event_aux_sum_ms=7.44171 relative_l2=6.83429e-06 relative_linf=2.9522e-05 detection_mismatch_count=1 valid_detection_mismatch_count=1 boundary_detection_mismatch_count=0 mse=3.96088e-05 rmse=0.00629356 formal_relative_l2=6.84627e-06 formal_relative_linf=3.09371e-05 semantic_gates=5/5 accuracy_status=PASS
detection_mismatch_summary sample_index=81 total=1 valid=1 boundary=0
detection_mismatch sample_index=81 flat_index=58551 doppler=114 range=183 cfar_cell=valid gpu_detection=1 cpu_detection=0 gpu_power=0.128095 cpu_power=0.1281 gpu_threshold=0.120183 cpu_threshold=0.154522
sample_index=81 step=step1 cpu_ms=4.87552 gpu_ms=1.69593 relative_l2=6.84627e-06 cpu_heap_peak=11205008 cpu_rss_peak=90435584 gpu_peak=357777408 status=PASS
sample_index=81 step=step2 cpu_ms=271.597 gpu_ms=2.37558 relative_l2=2.55451e-07 cpu_heap_peak=11729312 cpu_rss_peak=90435584 gpu_peak=357777408 status=PASS
sample_index=81 step=step3 cpu_ms=699.127 gpu_ms=1.88671 relative_l2=8.68282e-06 cpu_heap_peak=12253872 cpu_rss_peak=90435584 gpu_peak=357777408 status=PASS
sample_index=81 step=step4 cpu_ms=7.19106 gpu_ms=1.60106 relative_l2=9.29687e-08 cpu_heap_peak=12909456 cpu_rss_peak=90435584 gpu_peak=357777408 status=PASS
sample_index=81 step=step5 cpu_ms=415.948 gpu_ms=6.45808 relative_l2=2.43858e-07 cpu_heap_peak=13435824 cpu_rss_peak=90435584 gpu_peak=357777408 status=PASS
sample_index=81 cpu_pipeline_ms=1398.94 gpu_pipeline_ms=14.7501 cuda_event_aux_sum_ms=7.40509 relative_l2=6.83429e-06 relative_linf=2.9522e-05 detection_mismatch_count=1 valid_detection_mismatch_count=1 boundary_detection_mismatch_count=0 mse=3.96088e-05 rmse=0.00629356 formal_relative_l2=6.84627e-06 formal_relative_linf=3.09371e-05 semantic_gates=5/5 accuracy_status=PASS
detection_mismatch_summary sample_index=82 total=1 valid=1 boundary=0
detection_mismatch sample_index=82 flat_index=58551 doppler=114 range=183 cfar_cell=valid gpu_detection=1 cpu_detection=0 gpu_power=0.128095 cpu_power=0.1281 gpu_threshold=0.120183 cpu_threshold=0.154522
sample_index=82 step=step1 cpu_ms=4.85627 gpu_ms=1.66908 relative_l2=6.84627e-06 cpu_heap_peak=11204464 cpu_rss_peak=90435584 gpu_peak=357777408 status=PASS
sample_index=82 step=step2 cpu_ms=271.458 gpu_ms=2.37037 relative_l2=2.55451e-07 cpu_heap_peak=11728768 cpu_rss_peak=90435584 gpu_peak=357777408 status=PASS
sample_index=82 step=step3 cpu_ms=695.57 gpu_ms=1.89319 relative_l2=8.68282e-06 cpu_heap_peak=12253328 cpu_rss_peak=90435584 gpu_peak=357777408 status=PASS
sample_index=82 step=step4 cpu_ms=7.18364 gpu_ms=1.53409 relative_l2=9.29687e-08 cpu_heap_peak=12908912 cpu_rss_peak=90435584 gpu_peak=357777408 status=PASS
sample_index=82 step=step5 cpu_ms=416.478 gpu_ms=6.498 relative_l2=2.43858e-07 cpu_heap_peak=13435280 cpu_rss_peak=90435584 gpu_peak=357777408 status=PASS
sample_index=82 cpu_pipeline_ms=1395.75 gpu_pipeline_ms=14.7205 cuda_event_aux_sum_ms=7.37328 relative_l2=6.83429e-06 relative_linf=2.9522e-05 detection_mismatch_count=1 valid_detection_mismatch_count=1 boundary_detection_mismatch_count=0 mse=3.96088e-05 rmse=0.00629356 formal_relative_l2=6.84627e-06 formal_relative_linf=3.09371e-05 semantic_gates=5/5 accuracy_status=PASS
detection_mismatch_summary sample_index=83 total=1 valid=1 boundary=0
detection_mismatch sample_index=83 flat_index=58551 doppler=114 range=183 cfar_cell=valid gpu_detection=1 cpu_detection=0 gpu_power=0.128095 cpu_power=0.1281 gpu_threshold=0.120183 cpu_threshold=0.154522
sample_index=83 step=step1 cpu_ms=4.85135 gpu_ms=1.78462 relative_l2=6.84627e-06 cpu_heap_peak=11205056 cpu_rss_peak=90636288 gpu_peak=357777408 status=PASS
sample_index=83 step=step2 cpu_ms=271.528 gpu_ms=2.5288 relative_l2=2.55451e-07 cpu_heap_peak=11729360 cpu_rss_peak=90636288 gpu_peak=357777408 status=PASS
sample_index=83 step=step3 cpu_ms=695.252 gpu_ms=1.96136 relative_l2=8.68282e-06 cpu_heap_peak=12253920 cpu_rss_peak=90636288 gpu_peak=357777408 status=PASS
sample_index=83 step=step4 cpu_ms=7.31029 gpu_ms=1.53974 relative_l2=9.29687e-08 cpu_heap_peak=12909504 cpu_rss_peak=90636288 gpu_peak=357777408 status=PASS
sample_index=83 step=step5 cpu_ms=416.702 gpu_ms=6.45655 relative_l2=2.43858e-07 cpu_heap_peak=13435872 cpu_rss_peak=90636288 gpu_peak=357777408 status=PASS
sample_index=83 cpu_pipeline_ms=1395.85 gpu_pipeline_ms=15.0263 cuda_event_aux_sum_ms=7.32603 relative_l2=6.83429e-06 relative_linf=2.9522e-05 detection_mismatch_count=1 valid_detection_mismatch_count=1 boundary_detection_mismatch_count=0 mse=3.96088e-05 rmse=0.00629356 formal_relative_l2=6.84627e-06 formal_relative_linf=3.09371e-05 semantic_gates=5/5 accuracy_status=PASS
detection_mismatch_summary sample_index=84 total=1 valid=1 boundary=0
detection_mismatch sample_index=84 flat_index=58551 doppler=114 range=183 cfar_cell=valid gpu_detection=1 cpu_detection=0 gpu_power=0.128095 cpu_power=0.1281 gpu_threshold=0.120183 cpu_threshold=0.154522
sample_index=84 step=step1 cpu_ms=4.84542 gpu_ms=1.68155 relative_l2=6.84627e-06 cpu_heap_peak=11204368 cpu_rss_peak=90419200 gpu_peak=357777408 status=PASS
sample_index=84 step=step2 cpu_ms=271.28 gpu_ms=2.36994 relative_l2=2.55451e-07 cpu_heap_peak=11728672 cpu_rss_peak=90419200 gpu_peak=357777408 status=PASS
sample_index=84 step=step3 cpu_ms=695.068 gpu_ms=1.88333 relative_l2=8.68282e-06 cpu_heap_peak=12253232 cpu_rss_peak=90419200 gpu_peak=357777408 status=PASS
sample_index=84 step=step4 cpu_ms=7.2136 gpu_ms=1.54821 relative_l2=9.29687e-08 cpu_heap_peak=12908816 cpu_rss_peak=90419200 gpu_peak=357777408 status=PASS
sample_index=84 step=step5 cpu_ms=425.434 gpu_ms=6.42422 relative_l2=2.43858e-07 cpu_heap_peak=13435184 cpu_rss_peak=90419200 gpu_peak=357777408 status=PASS
sample_index=84 cpu_pipeline_ms=1404.05 gpu_pipeline_ms=14.6308 cuda_event_aux_sum_ms=7.32652 relative_l2=6.83429e-06 relative_linf=2.9522e-05 detection_mismatch_count=1 valid_detection_mismatch_count=1 boundary_detection_mismatch_count=0 mse=3.96088e-05 rmse=0.00629356 formal_relative_l2=6.84627e-06 formal_relative_linf=3.09371e-05 semantic_gates=5/5 accuracy_status=PASS
detection_mismatch_summary sample_index=85 total=1 valid=1 boundary=0
detection_mismatch sample_index=85 flat_index=58551 doppler=114 range=183 cfar_cell=valid gpu_detection=1 cpu_detection=0 gpu_power=0.128095 cpu_power=0.1281 gpu_threshold=0.120183 cpu_threshold=0.154522
sample_index=85 step=step1 cpu_ms=4.84829 gpu_ms=1.6724 relative_l2=6.84627e-06 cpu_heap_peak=11205328 cpu_rss_peak=90435584 gpu_peak=357777408 status=PASS
sample_index=85 step=step2 cpu_ms=271.514 gpu_ms=2.37564 relative_l2=2.55451e-07 cpu_heap_peak=11729632 cpu_rss_peak=90435584 gpu_peak=357777408 status=PASS
sample_index=85 step=step3 cpu_ms=695.165 gpu_ms=1.87481 relative_l2=8.68282e-06 cpu_heap_peak=12254192 cpu_rss_peak=90435584 gpu_peak=357777408 status=PASS
sample_index=85 step=step4 cpu_ms=7.1684 gpu_ms=1.53266 relative_l2=9.29687e-08 cpu_heap_peak=12909776 cpu_rss_peak=90435584 gpu_peak=357777408 status=PASS
sample_index=85 step=step5 cpu_ms=416.619 gpu_ms=6.43567 relative_l2=2.43858e-07 cpu_heap_peak=13436144 cpu_rss_peak=90435584 gpu_peak=357777408 status=PASS
sample_index=85 cpu_pipeline_ms=1395.53 gpu_pipeline_ms=14.6065 cuda_event_aux_sum_ms=7.31787 relative_l2=6.83429e-06 relative_linf=2.9522e-05 detection_mismatch_count=1 valid_detection_mismatch_count=1 boundary_detection_mismatch_count=0 mse=3.96088e-05 rmse=0.00629356 formal_relative_l2=6.84627e-06 formal_relative_linf=3.09371e-05 semantic_gates=5/5 accuracy_status=PASS
detection_mismatch_summary sample_index=86 total=1 valid=1 boundary=0
detection_mismatch sample_index=86 flat_index=58551 doppler=114 range=183 cfar_cell=valid gpu_detection=1 cpu_detection=0 gpu_power=0.128095 cpu_power=0.1281 gpu_threshold=0.120183 cpu_threshold=0.154522
sample_index=86 step=step1 cpu_ms=4.84862 gpu_ms=1.68556 relative_l2=6.84627e-06 cpu_heap_peak=11205904 cpu_rss_peak=90431488 gpu_peak=357777408 status=PASS
sample_index=86 step=step2 cpu_ms=271.522 gpu_ms=2.39421 relative_l2=2.55451e-07 cpu_heap_peak=11730208 cpu_rss_peak=90431488 gpu_peak=357777408 status=PASS
sample_index=86 step=step3 cpu_ms=695.545 gpu_ms=1.8853 relative_l2=8.68282e-06 cpu_heap_peak=12254768 cpu_rss_peak=90431488 gpu_peak=357777408 status=PASS
sample_index=86 step=step4 cpu_ms=7.18375 gpu_ms=1.54481 relative_l2=9.29687e-08 cpu_heap_peak=12910352 cpu_rss_peak=90431488 gpu_peak=357777408 status=PASS
sample_index=86 step=step5 cpu_ms=416.798 gpu_ms=6.38051 relative_l2=2.43858e-07 cpu_heap_peak=13436720 cpu_rss_peak=90431488 gpu_peak=357777408 status=PASS
sample_index=86 cpu_pipeline_ms=1396.1 gpu_pipeline_ms=14.6326 cuda_event_aux_sum_ms=7.263 relative_l2=6.83429e-06 relative_linf=2.9522e-05 detection_mismatch_count=1 valid_detection_mismatch_count=1 boundary_detection_mismatch_count=0 mse=3.96088e-05 rmse=0.00629356 formal_relative_l2=6.84627e-06 formal_relative_linf=3.09371e-05 semantic_gates=5/5 accuracy_status=PASS
detection_mismatch_summary sample_index=87 total=1 valid=1 boundary=0
detection_mismatch sample_index=87 flat_index=58551 doppler=114 range=183 cfar_cell=valid gpu_detection=1 cpu_detection=0 gpu_power=0.128095 cpu_power=0.1281 gpu_threshold=0.120183 cpu_threshold=0.154522
sample_index=87 step=step1 cpu_ms=4.85283 gpu_ms=1.65868 relative_l2=6.84627e-06 cpu_heap_peak=11206384 cpu_rss_peak=90435584 gpu_peak=357777408 status=PASS
sample_index=87 step=step2 cpu_ms=271.209 gpu_ms=2.37515 relative_l2=2.55451e-07 cpu_heap_peak=11730688 cpu_rss_peak=90435584 gpu_peak=357777408 status=PASS
sample_index=87 step=step3 cpu_ms=697.726 gpu_ms=1.87813 relative_l2=8.68282e-06 cpu_heap_peak=12255248 cpu_rss_peak=90435584 gpu_peak=357777408 status=PASS
sample_index=87 step=step4 cpu_ms=7.19488 gpu_ms=1.59574 relative_l2=9.29687e-08 cpu_heap_peak=12910832 cpu_rss_peak=90435584 gpu_peak=357777408 status=PASS
sample_index=87 step=step5 cpu_ms=416.388 gpu_ms=6.4059 relative_l2=2.43858e-07 cpu_heap_peak=13437200 cpu_rss_peak=90435584 gpu_peak=357777408 status=PASS
sample_index=87 cpu_pipeline_ms=1397.58 gpu_pipeline_ms=14.6461 cuda_event_aux_sum_ms=7.32141 relative_l2=6.83429e-06 relative_linf=2.9522e-05 detection_mismatch_count=1 valid_detection_mismatch_count=1 boundary_detection_mismatch_count=0 mse=3.96088e-05 rmse=0.00629356 formal_relative_l2=6.84627e-06 formal_relative_linf=3.09371e-05 semantic_gates=5/5 accuracy_status=PASS
detection_mismatch_summary sample_index=88 total=1 valid=1 boundary=0
detection_mismatch sample_index=88 flat_index=58551 doppler=114 range=183 cfar_cell=valid gpu_detection=1 cpu_detection=0 gpu_power=0.128095 cpu_power=0.1281 gpu_threshold=0.120183 cpu_threshold=0.154522
sample_index=88 step=step1 cpu_ms=4.86386 gpu_ms=1.66327 relative_l2=6.84627e-06 cpu_heap_peak=11205568 cpu_rss_peak=90435584 gpu_peak=357777408 status=PASS
sample_index=88 step=step2 cpu_ms=271.116 gpu_ms=2.36275 relative_l2=2.55451e-07 cpu_heap_peak=11729872 cpu_rss_peak=90435584 gpu_peak=357777408 status=PASS
sample_index=88 step=step3 cpu_ms=694.794 gpu_ms=1.88317 relative_l2=8.68282e-06 cpu_heap_peak=12254432 cpu_rss_peak=90435584 gpu_peak=357777408 status=PASS
sample_index=88 step=step4 cpu_ms=7.18345 gpu_ms=1.54581 relative_l2=9.29687e-08 cpu_heap_peak=12910016 cpu_rss_peak=90435584 gpu_peak=357777408 status=PASS
sample_index=88 step=step5 cpu_ms=416.102 gpu_ms=6.4284 relative_l2=2.43858e-07 cpu_heap_peak=13436400 cpu_rss_peak=90435584 gpu_peak=357777408 status=PASS
sample_index=88 cpu_pipeline_ms=1394.26 gpu_pipeline_ms=14.611 cuda_event_aux_sum_ms=7.28014 relative_l2=6.83429e-06 relative_linf=2.9522e-05 detection_mismatch_count=1 valid_detection_mismatch_count=1 boundary_detection_mismatch_count=0 mse=3.96088e-05 rmse=0.00629356 formal_relative_l2=6.84627e-06 formal_relative_linf=3.09371e-05 semantic_gates=5/5 accuracy_status=PASS
detection_mismatch_summary sample_index=89 total=1 valid=1 boundary=0
detection_mismatch sample_index=89 flat_index=58551 doppler=114 range=183 cfar_cell=valid gpu_detection=1 cpu_detection=0 gpu_power=0.128095 cpu_power=0.1281 gpu_threshold=0.120183 cpu_threshold=0.154522
sample_index=89 step=step1 cpu_ms=4.99502 gpu_ms=1.65969 relative_l2=6.84627e-06 cpu_heap_peak=11207168 cpu_rss_peak=90435584 gpu_peak=357777408 status=PASS
sample_index=89 step=step2 cpu_ms=270.952 gpu_ms=2.36648 relative_l2=2.55451e-07 cpu_heap_peak=11731472 cpu_rss_peak=90435584 gpu_peak=357777408 status=PASS
sample_index=89 step=step3 cpu_ms=697.308 gpu_ms=1.87804 relative_l2=8.68282e-06 cpu_heap_peak=12256032 cpu_rss_peak=90435584 gpu_peak=357777408 status=PASS
sample_index=89 step=step4 cpu_ms=7.20746 gpu_ms=1.54827 relative_l2=9.29687e-08 cpu_heap_peak=12911616 cpu_rss_peak=90435584 gpu_peak=357777408 status=PASS
sample_index=89 step=step5 cpu_ms=415.938 gpu_ms=6.46744 relative_l2=2.43858e-07 cpu_heap_peak=13437984 cpu_rss_peak=90435584 gpu_peak=357777408 status=PASS
sample_index=89 cpu_pipeline_ms=1396.6 gpu_pipeline_ms=14.6349 cuda_event_aux_sum_ms=7.34845 relative_l2=6.83429e-06 relative_linf=2.9522e-05 detection_mismatch_count=1 valid_detection_mismatch_count=1 boundary_detection_mismatch_count=0 mse=3.96088e-05 rmse=0.00629356 formal_relative_l2=6.84627e-06 formal_relative_linf=3.09371e-05 semantic_gates=5/5 accuracy_status=PASS
detection_mismatch_summary sample_index=90 total=1 valid=1 boundary=0
detection_mismatch sample_index=90 flat_index=58551 doppler=114 range=183 cfar_cell=valid gpu_detection=1 cpu_detection=0 gpu_power=0.128095 cpu_power=0.1281 gpu_threshold=0.120183 cpu_threshold=0.154522
sample_index=90 step=step1 cpu_ms=4.85226 gpu_ms=1.68268 relative_l2=6.84627e-06 cpu_heap_peak=11207376 cpu_rss_peak=90435584 gpu_peak=357777408 status=PASS
sample_index=90 step=step2 cpu_ms=271.426 gpu_ms=2.3603 relative_l2=2.55451e-07 cpu_heap_peak=11731680 cpu_rss_peak=90435584 gpu_peak=357777408 status=PASS
sample_index=90 step=step3 cpu_ms=695.271 gpu_ms=1.87509 relative_l2=8.68282e-06 cpu_heap_peak=12256240 cpu_rss_peak=90435584 gpu_peak=357777408 status=PASS
sample_index=90 step=step4 cpu_ms=7.185 gpu_ms=1.5404 relative_l2=9.29687e-08 cpu_heap_peak=12911824 cpu_rss_peak=90435584 gpu_peak=357777408 status=PASS
sample_index=90 step=step5 cpu_ms=415.843 gpu_ms=6.39548 relative_l2=2.43858e-07 cpu_heap_peak=13438208 cpu_rss_peak=90435584 gpu_peak=357777408 status=PASS
sample_index=90 cpu_pipeline_ms=1394.78 gpu_pipeline_ms=14.5631 cuda_event_aux_sum_ms=7.29196 relative_l2=6.83429e-06 relative_linf=2.9522e-05 detection_mismatch_count=1 valid_detection_mismatch_count=1 boundary_detection_mismatch_count=0 mse=3.96088e-05 rmse=0.00629356 formal_relative_l2=6.84627e-06 formal_relative_linf=3.09371e-05 semantic_gates=5/5 accuracy_status=PASS
detection_mismatch_summary sample_index=91 total=1 valid=1 boundary=0
detection_mismatch sample_index=91 flat_index=58551 doppler=114 range=183 cfar_cell=valid gpu_detection=1 cpu_detection=0 gpu_power=0.128095 cpu_power=0.1281 gpu_threshold=0.120183 cpu_threshold=0.154522
sample_index=91 step=step1 cpu_ms=4.86552 gpu_ms=1.69094 relative_l2=6.84627e-06 cpu_heap_peak=11206128 cpu_rss_peak=90435584 gpu_peak=357777408 status=PASS
sample_index=91 step=step2 cpu_ms=271.199 gpu_ms=2.39409 relative_l2=2.55451e-07 cpu_heap_peak=11730432 cpu_rss_peak=90435584 gpu_peak=357777408 status=PASS
sample_index=91 step=step3 cpu_ms=695.597 gpu_ms=1.87251 relative_l2=8.68282e-06 cpu_heap_peak=12254992 cpu_rss_peak=90435584 gpu_peak=357777408 status=PASS
sample_index=91 step=step4 cpu_ms=7.20613 gpu_ms=1.58409 relative_l2=9.29687e-08 cpu_heap_peak=12910576 cpu_rss_peak=90435584 gpu_peak=357777408 status=PASS
sample_index=91 step=step5 cpu_ms=416.06 gpu_ms=6.50586 relative_l2=2.43858e-07 cpu_heap_peak=13436960 cpu_rss_peak=90435584 gpu_peak=357777408 status=PASS
sample_index=91 cpu_pipeline_ms=1395.13 gpu_pipeline_ms=14.7963 cuda_event_aux_sum_ms=7.33311 relative_l2=6.83429e-06 relative_linf=2.9522e-05 detection_mismatch_count=1 valid_detection_mismatch_count=1 boundary_detection_mismatch_count=0 mse=3.96088e-05 rmse=0.00629356 formal_relative_l2=6.84627e-06 formal_relative_linf=3.09371e-05 semantic_gates=5/5 accuracy_status=PASS
detection_mismatch_summary sample_index=92 total=1 valid=1 boundary=0
detection_mismatch sample_index=92 flat_index=58551 doppler=114 range=183 cfar_cell=valid gpu_detection=1 cpu_detection=0 gpu_power=0.128095 cpu_power=0.1281 gpu_threshold=0.120183 cpu_threshold=0.154522
sample_index=92 step=step1 cpu_ms=4.85325 gpu_ms=1.67944 relative_l2=6.84627e-06 cpu_heap_peak=11206416 cpu_rss_peak=90435584 gpu_peak=357777408 status=PASS
sample_index=92 step=step2 cpu_ms=271.674 gpu_ms=2.36812 relative_l2=2.55451e-07 cpu_heap_peak=11730720 cpu_rss_peak=90435584 gpu_peak=357777408 status=PASS
sample_index=92 step=step3 cpu_ms=695.337 gpu_ms=1.88642 relative_l2=8.68282e-06 cpu_heap_peak=12255280 cpu_rss_peak=90435584 gpu_peak=357777408 status=PASS
sample_index=92 step=step4 cpu_ms=7.20863 gpu_ms=1.55635 relative_l2=9.29687e-08 cpu_heap_peak=12910864 cpu_rss_peak=90435584 gpu_peak=357777408 status=PASS
sample_index=92 step=step5 cpu_ms=416.941 gpu_ms=6.44911 relative_l2=2.43858e-07 cpu_heap_peak=13437232 cpu_rss_peak=90435584 gpu_peak=357777408 status=PASS
sample_index=92 cpu_pipeline_ms=1396.22 gpu_pipeline_ms=14.7285 cuda_event_aux_sum_ms=7.34244 relative_l2=6.83429e-06 relative_linf=2.9522e-05 detection_mismatch_count=1 valid_detection_mismatch_count=1 boundary_detection_mismatch_count=0 mse=3.96088e-05 rmse=0.00629356 formal_relative_l2=6.84627e-06 formal_relative_linf=3.09371e-05 semantic_gates=5/5 accuracy_status=PASS
detection_mismatch_summary sample_index=93 total=1 valid=1 boundary=0
detection_mismatch sample_index=93 flat_index=58551 doppler=114 range=183 cfar_cell=valid gpu_detection=1 cpu_detection=0 gpu_power=0.128095 cpu_power=0.1281 gpu_threshold=0.120183 cpu_threshold=0.154522
sample_index=93 step=step1 cpu_ms=4.84505 gpu_ms=1.66668 relative_l2=6.84627e-06 cpu_heap_peak=11207248 cpu_rss_peak=90435584 gpu_peak=357777408 status=PASS
sample_index=93 step=step2 cpu_ms=271.863 gpu_ms=2.37799 relative_l2=2.55451e-07 cpu_heap_peak=11731552 cpu_rss_peak=90435584 gpu_peak=357777408 status=PASS
sample_index=93 step=step3 cpu_ms=695.009 gpu_ms=1.87766 relative_l2=8.68282e-06 cpu_heap_peak=12256112 cpu_rss_peak=90636288 gpu_peak=357777408 status=PASS
sample_index=93 step=step4 cpu_ms=7.33095 gpu_ms=1.54752 relative_l2=9.29687e-08 cpu_heap_peak=12911696 cpu_rss_peak=90636288 gpu_peak=357777408 status=PASS
sample_index=93 step=step5 cpu_ms=416.663 gpu_ms=6.42536 relative_l2=2.43858e-07 cpu_heap_peak=13438080 cpu_rss_peak=90636288 gpu_peak=357777408 status=PASS
sample_index=93 cpu_pipeline_ms=1395.91 gpu_pipeline_ms=14.6133 cuda_event_aux_sum_ms=7.31189 relative_l2=6.83429e-06 relative_linf=2.9522e-05 detection_mismatch_count=1 valid_detection_mismatch_count=1 boundary_detection_mismatch_count=0 mse=3.96088e-05 rmse=0.00629356 formal_relative_l2=6.84627e-06 formal_relative_linf=3.09371e-05 semantic_gates=5/5 accuracy_status=PASS
detection_mismatch_summary sample_index=94 total=1 valid=1 boundary=0
detection_mismatch sample_index=94 flat_index=58551 doppler=114 range=183 cfar_cell=valid gpu_detection=1 cpu_detection=0 gpu_power=0.128095 cpu_power=0.1281 gpu_threshold=0.120183 cpu_threshold=0.154522
sample_index=94 step=step1 cpu_ms=5.01369 gpu_ms=1.68672 relative_l2=6.84627e-06 cpu_heap_peak=11206768 cpu_rss_peak=90492928 gpu_peak=357777408 status=PASS
sample_index=94 step=step2 cpu_ms=271.621 gpu_ms=2.42797 relative_l2=2.55451e-07 cpu_heap_peak=11731072 cpu_rss_peak=90492928 gpu_peak=357777408 status=PASS
sample_index=94 step=step3 cpu_ms=695.755 gpu_ms=1.88553 relative_l2=8.68282e-06 cpu_heap_peak=12255632 cpu_rss_peak=90492928 gpu_peak=357777408 status=PASS
sample_index=94 step=step4 cpu_ms=7.19507 gpu_ms=1.56856 relative_l2=9.29687e-08 cpu_heap_peak=12911216 cpu_rss_peak=90492928 gpu_peak=357777408 status=PASS
sample_index=94 step=step5 cpu_ms=417.046 gpu_ms=6.39196 relative_l2=2.43858e-07 cpu_heap_peak=13437584 cpu_rss_peak=90492928 gpu_peak=357777408 status=PASS
sample_index=94 cpu_pipeline_ms=1396.83 gpu_pipeline_ms=14.7534 cuda_event_aux_sum_ms=7.29148 relative_l2=6.83429e-06 relative_linf=2.9522e-05 detection_mismatch_count=1 valid_detection_mismatch_count=1 boundary_detection_mismatch_count=0 mse=3.96088e-05 rmse=0.00629356 formal_relative_l2=6.84627e-06 formal_relative_linf=3.09371e-05 semantic_gates=5/5 accuracy_status=PASS
detection_mismatch_summary sample_index=95 total=1 valid=1 boundary=0
detection_mismatch sample_index=95 flat_index=58551 doppler=114 range=183 cfar_cell=valid gpu_detection=1 cpu_detection=0 gpu_power=0.128095 cpu_power=0.1281 gpu_threshold=0.120183 cpu_threshold=0.154522
sample_index=95 step=step1 cpu_ms=4.87972 gpu_ms=1.65918 relative_l2=6.84627e-06 cpu_heap_peak=11207840 cpu_rss_peak=90431488 gpu_peak=357777408 status=PASS
sample_index=95 step=step2 cpu_ms=272.434 gpu_ms=2.36728 relative_l2=2.55451e-07 cpu_heap_peak=11732144 cpu_rss_peak=90431488 gpu_peak=357777408 status=PASS
sample_index=95 step=step3 cpu_ms=695.394 gpu_ms=1.86752 relative_l2=8.68282e-06 cpu_heap_peak=12256704 cpu_rss_peak=90431488 gpu_peak=357777408 status=PASS
sample_index=95 step=step4 cpu_ms=7.17151 gpu_ms=1.58933 relative_l2=9.29687e-08 cpu_heap_peak=12912288 cpu_rss_peak=90431488 gpu_peak=357777408 status=PASS
sample_index=95 step=step5 cpu_ms=416.012 gpu_ms=6.44144 relative_l2=2.43858e-07 cpu_heap_peak=13438656 cpu_rss_peak=90431488 gpu_peak=357777408 status=PASS
sample_index=95 cpu_pipeline_ms=1396.1 gpu_pipeline_ms=14.6534 cuda_event_aux_sum_ms=7.34797 relative_l2=6.83429e-06 relative_linf=2.9522e-05 detection_mismatch_count=1 valid_detection_mismatch_count=1 boundary_detection_mismatch_count=0 mse=3.96088e-05 rmse=0.00629356 formal_relative_l2=6.84627e-06 formal_relative_linf=3.09371e-05 semantic_gates=5/5 accuracy_status=PASS
detection_mismatch_summary sample_index=96 total=1 valid=1 boundary=0
detection_mismatch sample_index=96 flat_index=58551 doppler=114 range=183 cfar_cell=valid gpu_detection=1 cpu_detection=0 gpu_power=0.128095 cpu_power=0.1281 gpu_threshold=0.120183 cpu_threshold=0.154522
sample_index=96 step=step1 cpu_ms=4.86185 gpu_ms=1.66432 relative_l2=6.84627e-06 cpu_heap_peak=11207552 cpu_rss_peak=90435584 gpu_peak=357777408 status=PASS
sample_index=96 step=step2 cpu_ms=280.817 gpu_ms=2.37999 relative_l2=2.55451e-07 cpu_heap_peak=11731856 cpu_rss_peak=90435584 gpu_peak=357777408 status=PASS
sample_index=96 step=step3 cpu_ms=695.073 gpu_ms=1.86835 relative_l2=8.68282e-06 cpu_heap_peak=12256416 cpu_rss_peak=90435584 gpu_peak=357777408 status=PASS
sample_index=96 step=step4 cpu_ms=7.19398 gpu_ms=1.56779 relative_l2=9.29687e-08 cpu_heap_peak=12912000 cpu_rss_peak=90435584 gpu_peak=357777408 status=PASS
sample_index=96 step=step5 cpu_ms=416.152 gpu_ms=6.41872 relative_l2=2.43858e-07 cpu_heap_peak=13438368 cpu_rss_peak=90435584 gpu_peak=357777408 status=PASS
sample_index=96 cpu_pipeline_ms=1404.3 gpu_pipeline_ms=14.6204 cuda_event_aux_sum_ms=7.30906 relative_l2=6.83429e-06 relative_linf=2.9522e-05 detection_mismatch_count=1 valid_detection_mismatch_count=1 boundary_detection_mismatch_count=0 mse=3.96088e-05 rmse=0.00629356 formal_relative_l2=6.84627e-06 formal_relative_linf=3.09371e-05 semantic_gates=5/5 accuracy_status=PASS
detection_mismatch_summary sample_index=97 total=1 valid=1 boundary=0
detection_mismatch sample_index=97 flat_index=58551 doppler=114 range=183 cfar_cell=valid gpu_detection=1 cpu_detection=0 gpu_power=0.128095 cpu_power=0.1281 gpu_threshold=0.120183 cpu_threshold=0.154522
sample_index=97 step=step1 cpu_ms=4.85518 gpu_ms=1.66704 relative_l2=6.84627e-06 cpu_heap_peak=11209440 cpu_rss_peak=90431488 gpu_peak=357777408 status=PASS
sample_index=97 step=step2 cpu_ms=271.237 gpu_ms=2.37273 relative_l2=2.55451e-07 cpu_heap_peak=11733744 cpu_rss_peak=90431488 gpu_peak=357777408 status=PASS
sample_index=97 step=step3 cpu_ms=694.894 gpu_ms=1.87497 relative_l2=8.68282e-06 cpu_heap_peak=12258304 cpu_rss_peak=90431488 gpu_peak=357777408 status=PASS
sample_index=97 step=step4 cpu_ms=7.17959 gpu_ms=1.50479 relative_l2=9.29687e-08 cpu_heap_peak=12913888 cpu_rss_peak=90431488 gpu_peak=357777408 status=PASS
sample_index=97 step=step5 cpu_ms=416.367 gpu_ms=6.42987 relative_l2=2.43858e-07 cpu_heap_peak=13440256 cpu_rss_peak=90431488 gpu_peak=357777408 status=PASS
sample_index=97 cpu_pipeline_ms=1394.73 gpu_pipeline_ms=14.5923 cuda_event_aux_sum_ms=7.29946 relative_l2=6.83429e-06 relative_linf=2.9522e-05 detection_mismatch_count=1 valid_detection_mismatch_count=1 boundary_detection_mismatch_count=0 mse=3.96088e-05 rmse=0.00629356 formal_relative_l2=6.84627e-06 formal_relative_linf=3.09371e-05 semantic_gates=5/5 accuracy_status=PASS
detection_mismatch_summary sample_index=98 total=1 valid=1 boundary=0
detection_mismatch sample_index=98 flat_index=58551 doppler=114 range=183 cfar_cell=valid gpu_detection=1 cpu_detection=0 gpu_power=0.128095 cpu_power=0.1281 gpu_threshold=0.120183 cpu_threshold=0.154522
sample_index=98 step=step1 cpu_ms=4.85552 gpu_ms=1.69439 relative_l2=6.84627e-06 cpu_heap_peak=11207968 cpu_rss_peak=90435584 gpu_peak=357777408 status=PASS
sample_index=98 step=step2 cpu_ms=282.122 gpu_ms=2.37529 relative_l2=2.55451e-07 cpu_heap_peak=11732272 cpu_rss_peak=90435584 gpu_peak=357777408 status=PASS
sample_index=98 step=step3 cpu_ms=695.226 gpu_ms=1.87304 relative_l2=8.68282e-06 cpu_heap_peak=12256832 cpu_rss_peak=90435584 gpu_peak=357777408 status=PASS
sample_index=98 step=step4 cpu_ms=7.16208 gpu_ms=1.54626 relative_l2=9.29687e-08 cpu_heap_peak=12912416 cpu_rss_peak=90435584 gpu_peak=357777408 status=PASS
sample_index=98 step=step5 cpu_ms=417.652 gpu_ms=6.5105 relative_l2=2.43858e-07 cpu_heap_peak=13438784 cpu_rss_peak=90435584 gpu_peak=357777408 status=PASS
sample_index=98 cpu_pipeline_ms=1407.22 gpu_pipeline_ms=14.7596 cuda_event_aux_sum_ms=7.40112 relative_l2=6.83429e-06 relative_linf=2.9522e-05 detection_mismatch_count=1 valid_detection_mismatch_count=1 boundary_detection_mismatch_count=0 mse=3.96088e-05 rmse=0.00629356 formal_relative_l2=6.84627e-06 formal_relative_linf=3.09371e-05 semantic_gates=5/5 accuracy_status=PASS
detection_mismatch_summary sample_index=99 total=1 valid=1 boundary=0
detection_mismatch sample_index=99 flat_index=58551 doppler=114 range=183 cfar_cell=valid gpu_detection=1 cpu_detection=0 gpu_power=0.128095 cpu_power=0.1281 gpu_threshold=0.120183 cpu_threshold=0.154522
sample_index=99 step=step1 cpu_ms=4.84474 gpu_ms=1.67459 relative_l2=6.84627e-06 cpu_heap_peak=11207888 cpu_rss_peak=90435584 gpu_peak=357777408 status=PASS
sample_index=99 step=step2 cpu_ms=271.446 gpu_ms=2.36451 relative_l2=2.55451e-07 cpu_heap_peak=11732192 cpu_rss_peak=90435584 gpu_peak=357777408 status=PASS
sample_index=99 step=step3 cpu_ms=695.28 gpu_ms=1.9541 relative_l2=8.68282e-06 cpu_heap_peak=12256752 cpu_rss_peak=90435584 gpu_peak=357777408 status=PASS
sample_index=99 step=step4 cpu_ms=7.1847 gpu_ms=1.66543 relative_l2=9.29687e-08 cpu_heap_peak=12912336 cpu_rss_peak=90435584 gpu_peak=357777408 status=PASS
sample_index=99 step=step5 cpu_ms=416.104 gpu_ms=6.61203 relative_l2=2.43858e-07 cpu_heap_peak=13438704 cpu_rss_peak=90435584 gpu_peak=357777408 status=PASS
sample_index=99 cpu_pipeline_ms=1395.06 gpu_pipeline_ms=15.0089 cuda_event_aux_sum_ms=7.58506 relative_l2=6.83429e-06 relative_linf=2.9522e-05 detection_mismatch_count=1 valid_detection_mismatch_count=1 boundary_detection_mismatch_count=0 mse=3.96088e-05 rmse=0.00629356 formal_relative_l2=6.84627e-06 formal_relative_linf=3.09371e-05 semantic_gates=5/5 accuracy_status=PASS
function=Task1 frozen full pipeline
call_chain=Step1->{Step2->Step3->Step4,Step5};Step5_source=Step1.waveform
formal_operators=pulse_compression,pulse_doppler,cfar_alpha,ca_cfar,ambgfun
timing=pipeline_total measured directly;not=sum(step timings)
status=PASS return_code=0
