schema_version,run_id,run_type,test_time_utc,git_commit,git_dirty,config_id,config_sha256,target_kind,target,task_name,step_name,operator_name,case_id,scale_id,order_of_magnitude,actual_elements,input_shape,dtype,device,backend,timing_scope,status,error_code,warmup_runs,measured_runs,sample_index,latency_ms,synchronized,input_digest,output_digest
1,20260807T161424Z_1c045bd7e750_stage08_b02_formal_8d000213,formal,20260807T161424Z,1c045bd7e750084695a5cdcfe898f79955047f01,true,stage08_b02_taylor_scales_v1,1e7a268332169dbf26515052ca42f187fc360013dd724c8f10fd2a57331a5876,operator,taylor,NA,NA,taylor,taylor__taylor_int16_10e2__929fe8cf98a486fd__periodic,taylor_int16_10e2,10^2,100,window_positions=[100],INT16,CPU,not_applicable,compatibility/end-to-end,PASS,OK,20,100,0,0.019390999999999999,true,929fe8cf98a486fdf99d4b5fa93a4722c16932d959bb56b7c2075c78d5315c01,11bec211101d418dfca998373f4de5e7c8c8dc42dc2e156b2029983fdfe1dadc
1,20260807T161424Z_1c045bd7e750_stage08_b02_formal_8d000213,formal,20260807T161424Z,1c045bd7e750084695a5cdcfe898f79955047f01,true,stage08_b02_taylor_scales_v1,1e7a268332169dbf26515052ca42f187fc360013dd724c8f10fd2a57331a5876,operator,taylor,NA,NA,taylor,taylor__taylor_int16_10e2__929fe8cf98a486fd__periodic,taylor_int16_10e2,10^2,100,window_positions=[100],INT16,CPU,not_applicable,compatibility/end-to-end,PASS,OK,20,100,1,0.019210000000000001,true,929fe8cf98a486fdf99d4b5fa93a4722c16932d959bb56b7c2075c78d5315c01,11bec211101d418dfca998373f4de5e7c8c8dc42dc2e156b2029983fdfe1dadc
1,20260807T161424Z_1c045bd7e750_stage08_b02_formal_8d000213,formal,20260807T161424Z,1c045bd7e750084695a5cdcfe898f79955047f01,true,stage08_b02_taylor_scales_v1,1e7a268332169dbf26515052ca42f187fc360013dd724c8f10fd2a57331a5876,operator,taylor,NA,NA,taylor,taylor__taylor_int16_10e2__929fe8cf98a486fd__periodic,taylor_int16_10e2,10^2,100,window_positions=[100],INT16,CPU,not_applicable,compatibility/end-to-end,PASS,OK,20,100,2,0.019181,true,929fe8cf98a486fdf99d4b5fa93a4722c16932d959bb56b7c2075c78d5315c01,11bec211101d418dfca998373f4de5e7c8c8dc42dc2e156b2029983fdfe1dadc
1,20260807T161424Z_1c045bd7e750_stage08_b02_formal_8d000213,formal,20260807T161424Z,1c045bd7e750084695a5cdcfe898f79955047f01,true,stage08_b02_taylor_scales_v1,1e7a268332169dbf26515052ca42f187fc360013dd724c8f10fd2a57331a5876,operator,taylor,NA,NA,taylor,taylor__taylor_int16_10e2__929fe8cf98a486fd__periodic,taylor_int16_10e2,10^2,100,window_positions=[100],INT16,CPU,not_applicable,compatibility/end-to-end,PASS,OK,20,100,3,0.019151000000000001,true,929fe8cf98a486fdf99d4b5fa93a4722c16932d959bb56b7c2075c78d5315c01,11bec211101d418dfca998373f4de5e7c8c8dc42dc2e156b2029983fdfe1dadc
1,20260807T161424Z_1c045bd7e750_stage08_b02_formal_8d000213,formal,20260807T161424Z,1c045bd7e750084695a5cdcfe898f79955047f01,true,stage08_b02_taylor_scales_v1,1e7a268332169dbf26515052ca42f187fc360013dd724c8f10fd2a57331a5876,operator,taylor,NA,NA,taylor,taylor__taylor_int16_10e2__929fe8cf98a486fd__periodic,taylor_int16_10e2,10^2,100,window_positions=[100],INT16,CPU,not_applicable,compatibility/end-to-end,PASS,OK,20,100,4,0.019161000000000001,true,929fe8cf98a486fdf99d4b5fa93a4722c16932d959bb56b7c2075c78d5315c01,11bec211101d418dfca998373f4de5e7c8c8dc42dc2e156b2029983fdfe1dadc
1,20260807T161424Z_1c045bd7e750_stage08_b02_formal_8d000213,formal,20260807T161424Z,1c045bd7e750084695a5cdcfe898f79955047f01,true,stage08_b02_taylor_scales_v1,1e7a268332169dbf26515052ca42f187fc360013dd724c8f10fd2a57331a5876,operator,taylor,NA,NA,taylor,taylor__taylor_int16_10e2__929fe8cf98a486fd__periodic,taylor_int16_10e2,10^2,100,window_positions=[100],INT16,CPU,not_applicable,compatibility/end-to-end,PASS,OK,20,100,5,0.019161000000000001,true,929fe8cf98a486fdf99d4b5fa93a4722c16932d959bb56b7c2075c78d5315c01,11bec211101d418dfca998373f4de5e7c8c8dc42dc2e156b2029983fdfe1dadc
1,20260807T161424Z_1c045bd7e750_stage08_b02_formal_8d000213,formal,20260807T161424Z,1c045bd7e750084695a5cdcfe898f79955047f01,true,stage08_b02_taylor_scales_v1,1e7a268332169dbf26515052ca42f187fc360013dd724c8f10fd2a57331a5876,operator,taylor,NA,NA,taylor,taylor__taylor_int16_10e2__929fe8cf98a486fd__periodic,taylor_int16_10e2,10^2,100,window_positions=[100],INT16,CPU,not_applicable,compatibility/end-to-end,PASS,OK,20,100,6,0.019151000000000001,true,929fe8cf98a486fdf99d4b5fa93a4722c16932d959bb56b7c2075c78d5315c01,11bec211101d418dfca998373f4de5e7c8c8dc42dc2e156b2029983fdfe1dadc
1,20260807T161424Z_1c045bd7e750_stage08_b02_formal_8d000213,formal,20260807T161424Z,1c045bd7e750084695a5cdcfe898f79955047f01,true,stage08_b02_taylor_scales_v1,1e7a268332169dbf26515052ca42f187fc360013dd724c8f10fd2a57331a5876,operator,taylor,NA,NA,taylor,taylor__taylor_int16_10e2__929fe8cf98a486fd__periodic,taylor_int16_10e2,10^2,100,window_positions=[100],INT16,CPU,not_applicable,compatibility/end-to-end,PASS,OK,20,100,7,0.01915,true,929fe8cf98a486fdf99d4b5fa93a4722c16932d959bb56b7c2075c78d5315c01,11bec211101d418dfca998373f4de5e7c8c8dc42dc2e156b2029983fdfe1dadc
1,20260807T161424Z_1c045bd7e750_stage08_b02_formal_8d000213,formal,20260807T161424Z,1c045bd7e750084695a5cdcfe898f79955047f01,true,stage08_b02_taylor_scales_v1,1e7a268332169dbf26515052ca42f187fc360013dd724c8f10fd2a57331a5876,operator,taylor,NA,NA,taylor,taylor__taylor_int16_10e2__929fe8cf98a486fd__periodic,taylor_int16_10e2,10^2,100,window_positions=[100],INT16,CPU,not_applicable,compatibility/end-to-end,PASS,OK,20,100,8,0.019151000000000001,true,929fe8cf98a486fdf99d4b5fa93a4722c16932d959bb56b7c2075c78d5315c01,11bec211101d418dfca998373f4de5e7c8c8dc42dc2e156b2029983fdfe1dadc
1,20260807T161424Z_1c045bd7e750_stage08_b02_formal_8d000213,formal,20260807T161424Z,1c045bd7e750084695a5cdcfe898f79955047f01,true,stage08_b02_taylor_scales_v1,1e7a268332169dbf26515052ca42f187fc360013dd724c8f10fd2a57331a5876,operator,taylor,NA,NA,taylor,taylor__taylor_int16_10e2__929fe8cf98a486fd__periodic,taylor_int16_10e2,10^2,100,window_positions=[100],INT16,CPU,not_applicable,compatibility/end-to-end,PASS,OK,20,100,9,0.019140999999999998,true,929fe8cf98a486fdf99d4b5fa93a4722c16932d959bb56b7c2075c78d5315c01,11bec211101d418dfca998373f4de5e7c8c8dc42dc2e156b2029983fdfe1dadc
1,20260807T161424Z_1c045bd7e750_stage08_b02_formal_8d000213,formal,20260807T161424Z,1c045bd7e750084695a5cdcfe898f79955047f01,true,stage08_b02_taylor_scales_v1,1e7a268332169dbf26515052ca42f187fc360013dd724c8f10fd2a57331a5876,operator,taylor,NA,NA,taylor,taylor__taylor_int16_10e2__929fe8cf98a486fd__periodic,taylor_int16_10e2,10^2,100,window_positions=[100],INT16,CPU,not_applicable,compatibility/end-to-end,PASS,OK,20,100,10,0.019231000000000002,true,929fe8cf98a486fdf99d4b5fa93a4722c16932d959bb56b7c2075c78d5315c01,11bec211101d418dfca998373f4de5e7c8c8dc42dc2e156b2029983fdfe1dadc
1,20260807T161424Z_1c045bd7e750_stage08_b02_formal_8d000213,formal,20260807T161424Z,1c045bd7e750084695a5cdcfe898f79955047f01,true,stage08_b02_taylor_scales_v1,1e7a268332169dbf26515052ca42f187fc360013dd724c8f10fd2a57331a5876,operator,taylor,NA,NA,taylor,taylor__taylor_int16_10e2__929fe8cf98a486fd__periodic,taylor_int16_10e2,10^2,100,window_positions=[100],INT16,CPU,not_applicable,compatibility/end-to-end,PASS,OK,20,100,11,0.019171000000000001,true,929fe8cf98a486fdf99d4b5fa93a4722c16932d959bb56b7c2075c78d5315c01,11bec211101d418dfca998373f4de5e7c8c8dc42dc2e156b2029983fdfe1dadc
1,20260807T161424Z_1c045bd7e750_stage08_b02_formal_8d000213,formal,20260807T161424Z,1c045bd7e750084695a5cdcfe898f79955047f01,true,stage08_b02_taylor_scales_v1,1e7a268332169dbf26515052ca42f187fc360013dd724c8f10fd2a57331a5876,operator,taylor,NA,NA,taylor,taylor__taylor_int16_10e2__929fe8cf98a486fd__periodic,taylor_int16_10e2,10^2,100,window_positions=[100],INT16,CPU,not_applicable,compatibility/end-to-end,PASS,OK,20,100,12,0.019151000000000001,true,929fe8cf98a486fdf99d4b5fa93a4722c16932d959bb56b7c2075c78d5315c01,11bec211101d418dfca998373f4de5e7c8c8dc42dc2e156b2029983fdfe1dadc
1,20260807T161424Z_1c045bd7e750_stage08_b02_formal_8d000213,formal,20260807T161424Z,1c045bd7e750084695a5cdcfe898f79955047f01,true,stage08_b02_taylor_scales_v1,1e7a268332169dbf26515052ca42f187fc360013dd724c8f10fd2a57331a5876,operator,taylor,NA,NA,taylor,taylor__taylor_int16_10e2__929fe8cf98a486fd__periodic,taylor_int16_10e2,10^2,100,window_positions=[100],INT16,CPU,not_applicable,compatibility/end-to-end,PASS,OK,20,100,13,0.01915,true,929fe8cf98a486fdf99d4b5fa93a4722c16932d959bb56b7c2075c78d5315c01,11bec211101d418dfca998373f4de5e7c8c8dc42dc2e156b2029983fdfe1dadc
1,20260807T161424Z_1c045bd7e750_stage08_b02_formal_8d000213,formal,20260807T161424Z,1c045bd7e750084695a5cdcfe898f79955047f01,true,stage08_b02_taylor_scales_v1,1e7a268332169dbf26515052ca42f187fc360013dd724c8f10fd2a57331a5876,operator,taylor,NA,NA,taylor,taylor__taylor_int16_10e2__929fe8cf98a486fd__periodic,taylor_int16_10e2,10^2,100,window_positions=[100],INT16,CPU,not_applicable,compatibility/end-to-end,PASS,OK,20,100,14,0.019231000000000002,true,929fe8cf98a486fdf99d4b5fa93a4722c16932d959bb56b7c2075c78d5315c01,11bec211101d418dfca998373f4de5e7c8c8dc42dc2e156b2029983fdfe1dadc
1,20260807T161424Z_1c045bd7e750_stage08_b02_formal_8d000213,formal,20260807T161424Z,1c045bd7e750084695a5cdcfe898f79955047f01,true,stage08_b02_taylor_scales_v1,1e7a268332169dbf26515052ca42f187fc360013dd724c8f10fd2a57331a5876,operator,taylor,NA,NA,taylor,taylor__taylor_int16_10e2__929fe8cf98a486fd__periodic,taylor_int16_10e2,10^2,100,window_positions=[100],INT16,CPU,not_applicable,compatibility/end-to-end,PASS,OK,20,100,15,0.019181,true,929fe8cf98a486fdf99d4b5fa93a4722c16932d959bb56b7c2075c78d5315c01,11bec211101d418dfca998373f4de5e7c8c8dc42dc2e156b2029983fdfe1dadc
1,20260807T161424Z_1c045bd7e750_stage08_b02_formal_8d000213,formal,20260807T161424Z,1c045bd7e750084695a5cdcfe898f79955047f01,true,stage08_b02_taylor_scales_v1,1e7a268332169dbf26515052ca42f187fc360013dd724c8f10fd2a57331a5876,operator,taylor,NA,NA,taylor,taylor__taylor_int16_10e2__929fe8cf98a486fd__periodic,taylor_int16_10e2,10^2,100,window_positions=[100],INT16,CPU,not_applicable,compatibility/end-to-end,PASS,OK,20,100,16,0.019171000000000001,true,929fe8cf98a486fdf99d4b5fa93a4722c16932d959bb56b7c2075c78d5315c01,11bec211101d418dfca998373f4de5e7c8c8dc42dc2e156b2029983fdfe1dadc
1,20260807T161424Z_1c045bd7e750_stage08_b02_formal_8d000213,formal,20260807T161424Z,1c045bd7e750084695a5cdcfe898f79955047f01,true,stage08_b02_taylor_scales_v1,1e7a268332169dbf26515052ca42f187fc360013dd724c8f10fd2a57331a5876,operator,taylor,NA,NA,taylor,taylor__taylor_int16_10e2__929fe8cf98a486fd__periodic,taylor_int16_10e2,10^2,100,window_positions=[100],INT16,CPU,not_applicable,compatibility/end-to-end,PASS,OK,20,100,17,0.019191,true,929fe8cf98a486fdf99d4b5fa93a4722c16932d959bb56b7c2075c78d5315c01,11bec211101d418dfca998373f4de5e7c8c8dc42dc2e156b2029983fdfe1dadc
1,20260807T161424Z_1c045bd7e750_stage08_b02_formal_8d000213,formal,20260807T161424Z,1c045bd7e750084695a5cdcfe898f79955047f01,true,stage08_b02_taylor_scales_v1,1e7a268332169dbf26515052ca42f187fc360013dd724c8f10fd2a57331a5876,operator,taylor,NA,NA,taylor,taylor__taylor_int16_10e2__929fe8cf98a486fd__periodic,taylor_int16_10e2,10^2,100,window_positions=[100],INT16,CPU,not_applicable,compatibility/end-to-end,PASS,OK,20,100,18,0.019181,true,929fe8cf98a486fdf99d4b5fa93a4722c16932d959bb56b7c2075c78d5315c01,11bec211101d418dfca998373f4de5e7c8c8dc42dc2e156b2029983fdfe1dadc
1,20260807T161424Z_1c045bd7e750_stage08_b02_formal_8d000213,formal,20260807T161424Z,1c045bd7e750084695a5cdcfe898f79955047f01,true,stage08_b02_taylor_scales_v1,1e7a268332169dbf26515052ca42f187fc360013dd724c8f10fd2a57331a5876,operator,taylor,NA,NA,taylor,taylor__taylor_int16_10e2__929fe8cf98a486fd__periodic,taylor_int16_10e2,10^2,100,window_positions=[100],INT16,CPU,not_applicable,compatibility/end-to-end,PASS,OK,20,100,19,0.019179999999999999,true,929fe8cf98a486fdf99d4b5fa93a4722c16932d959bb56b7c2075c78d5315c01,11bec211101d418dfca998373f4de5e7c8c8dc42dc2e156b2029983fdfe1dadc
1,20260807T161424Z_1c045bd7e750_stage08_b02_formal_8d000213,formal,20260807T161424Z,1c045bd7e750084695a5cdcfe898f79955047f01,true,stage08_b02_taylor_scales_v1,1e7a268332169dbf26515052ca42f187fc360013dd724c8f10fd2a57331a5876,operator,taylor,NA,NA,taylor,taylor__taylor_int16_10e2__929fe8cf98a486fd__periodic,taylor_int16_10e2,10^2,100,window_positions=[100],INT16,CPU,not_applicable,compatibility/end-to-end,PASS,OK,20,100,20,0.019161000000000001,true,929fe8cf98a486fdf99d4b5fa93a4722c16932d959bb56b7c2075c78d5315c01,11bec211101d418dfca998373f4de5e7c8c8dc42dc2e156b2029983fdfe1dadc
1,20260807T161424Z_1c045bd7e750_stage08_b02_formal_8d000213,formal,20260807T161424Z,1c045bd7e750084695a5cdcfe898f79955047f01,true,stage08_b02_taylor_scales_v1,1e7a268332169dbf26515052ca42f187fc360013dd724c8f10fd2a57331a5876,operator,taylor,NA,NA,taylor,taylor__taylor_int16_10e2__929fe8cf98a486fd__periodic,taylor_int16_10e2,10^2,100,window_positions=[100],INT16,CPU,not_applicable,compatibility/end-to-end,PASS,OK,20,100,21,0.019171000000000001,true,929fe8cf98a486fdf99d4b5fa93a4722c16932d959bb56b7c2075c78d5315c01,11bec211101d418dfca998373f4de5e7c8c8dc42dc2e156b2029983fdfe1dadc
1,20260807T161424Z_1c045bd7e750_stage08_b02_formal_8d000213,formal,20260807T161424Z,1c045bd7e750084695a5cdcfe898f79955047f01,true,stage08_b02_taylor_scales_v1,1e7a268332169dbf26515052ca42f187fc360013dd724c8f10fd2a57331a5876,operator,taylor,NA,NA,taylor,taylor__taylor_int16_10e2__929fe8cf98a486fd__periodic,taylor_int16_10e2,10^2,100,window_positions=[100],INT16,CPU,not_applicable,compatibility/end-to-end,PASS,OK,20,100,22,0.019231000000000002,true,929fe8cf98a486fdf99d4b5fa93a4722c16932d959bb56b7c2075c78d5315c01,11bec211101d418dfca998373f4de5e7c8c8dc42dc2e156b2029983fdfe1dadc
1,20260807T161424Z_1c045bd7e750_stage08_b02_formal_8d000213,formal,20260807T161424Z,1c045bd7e750084695a5cdcfe898f79955047f01,true,stage08_b02_taylor_scales_v1,1e7a268332169dbf26515052ca42f187fc360013dd724c8f10fd2a57331a5876,operator,taylor,NA,NA,taylor,taylor__taylor_int16_10e2__929fe8cf98a486fd__periodic,taylor_int16_10e2,10^2,100,window_positions=[100],INT16,CPU,not_applicable,compatibility/end-to-end,PASS,OK,20,100,23,0.019171000000000001,true,929fe8cf98a486fdf99d4b5fa93a4722c16932d959bb56b7c2075c78d5315c01,11bec211101d418dfca998373f4de5e7c8c8dc42dc2e156b2029983fdfe1dadc
1,20260807T161424Z_1c045bd7e750_stage08_b02_formal_8d000213,formal,20260807T161424Z,1c045bd7e750084695a5cdcfe898f79955047f01,true,stage08_b02_taylor_scales_v1,1e7a268332169dbf26515052ca42f187fc360013dd724c8f10fd2a57331a5876,operator,taylor,NA,NA,taylor,taylor__taylor_int16_10e2__929fe8cf98a486fd__periodic,taylor_int16_10e2,10^2,100,window_positions=[100],INT16,CPU,not_applicable,compatibility/end-to-end,PASS,OK,20,100,24,0.019161000000000001,true,929fe8cf98a486fdf99d4b5fa93a4722c16932d959bb56b7c2075c78d5315c01,11bec211101d418dfca998373f4de5e7c8c8dc42dc2e156b2029983fdfe1dadc
1,20260807T161424Z_1c045bd7e750_stage08_b02_formal_8d000213,formal,20260807T161424Z,1c045bd7e750084695a5cdcfe898f79955047f01,true,stage08_b02_taylor_scales_v1,1e7a268332169dbf26515052ca42f187fc360013dd724c8f10fd2a57331a5876,operator,taylor,NA,NA,taylor,taylor__taylor_int16_10e2__929fe8cf98a486fd__periodic,taylor_int16_10e2,10^2,100,window_positions=[100],INT16,CPU,not_applicable,compatibility/end-to-end,PASS,OK,20,100,25,0.01915,true,929fe8cf98a486fdf99d4b5fa93a4722c16932d959bb56b7c2075c78d5315c01,11bec211101d418dfca998373f4de5e7c8c8dc42dc2e156b2029983fdfe1dadc
1,20260807T161424Z_1c045bd7e750_stage08_b02_formal_8d000213,formal,20260807T161424Z,1c045bd7e750084695a5cdcfe898f79955047f01,true,stage08_b02_taylor_scales_v1,1e7a268332169dbf26515052ca42f187fc360013dd724c8f10fd2a57331a5876,operator,taylor,NA,NA,taylor,taylor__taylor_int16_10e2__929fe8cf98a486fd__periodic,taylor_int16_10e2,10^2,100,window_positions=[100],INT16,CPU,not_applicable,compatibility/end-to-end,PASS,OK,20,100,26,0.019171000000000001,true,929fe8cf98a486fdf99d4b5fa93a4722c16932d959bb56b7c2075c78d5315c01,11bec211101d418dfca998373f4de5e7c8c8dc42dc2e156b2029983fdfe1dadc
1,20260807T161424Z_1c045bd7e750_stage08_b02_formal_8d000213,formal,20260807T161424Z,1c045bd7e750084695a5cdcfe898f79955047f01,true,stage08_b02_taylor_scales_v1,1e7a268332169dbf26515052ca42f187fc360013dd724c8f10fd2a57331a5876,operator,taylor,NA,NA,taylor,taylor__taylor_int16_10e2__929fe8cf98a486fd__periodic,taylor_int16_10e2,10^2,100,window_positions=[100],INT16,CPU,not_applicable,compatibility/end-to-end,PASS,OK,20,100,27,0.019140999999999998,true,929fe8cf98a486fdf99d4b5fa93a4722c16932d959bb56b7c2075c78d5315c01,11bec211101d418dfca998373f4de5e7c8c8dc42dc2e156b2029983fdfe1dadc
1,20260807T161424Z_1c045bd7e750_stage08_b02_formal_8d000213,formal,20260807T161424Z,1c045bd7e750084695a5cdcfe898f79955047f01,true,stage08_b02_taylor_scales_v1,1e7a268332169dbf26515052ca42f187fc360013dd724c8f10fd2a57331a5876,operator,taylor,NA,NA,taylor,taylor__taylor_int16_10e2__929fe8cf98a486fd__periodic,taylor_int16_10e2,10^2,100,window_positions=[100],INT16,CPU,not_applicable,compatibility/end-to-end,PASS,OK,20,100,28,0.019220999999999999,true,929fe8cf98a486fdf99d4b5fa93a4722c16932d959bb56b7c2075c78d5315c01,11bec211101d418dfca998373f4de5e7c8c8dc42dc2e156b2029983fdfe1dadc
1,20260807T161424Z_1c045bd7e750_stage08_b02_formal_8d000213,formal,20260807T161424Z,1c045bd7e750084695a5cdcfe898f79955047f01,true,stage08_b02_taylor_scales_v1,1e7a268332169dbf26515052ca42f187fc360013dd724c8f10fd2a57331a5876,operator,taylor,NA,NA,taylor,taylor__taylor_int16_10e2__929fe8cf98a486fd__periodic,taylor_int16_10e2,10^2,100,window_positions=[100],INT16,CPU,not_applicable,compatibility/end-to-end,PASS,OK,20,100,29,0.019140999999999998,true,929fe8cf98a486fdf99d4b5fa93a4722c16932d959bb56b7c2075c78d5315c01,11bec211101d418dfca998373f4de5e7c8c8dc42dc2e156b2029983fdfe1dadc
1,20260807T161424Z_1c045bd7e750_stage08_b02_formal_8d000213,formal,20260807T161424Z,1c045bd7e750084695a5cdcfe898f79955047f01,true,stage08_b02_taylor_scales_v1,1e7a268332169dbf26515052ca42f187fc360013dd724c8f10fd2a57331a5876,operator,taylor,NA,NA,taylor,taylor__taylor_int16_10e2__929fe8cf98a486fd__periodic,taylor_int16_10e2,10^2,100,window_positions=[100],INT16,CPU,not_applicable,compatibility/end-to-end,PASS,OK,20,100,30,0.019151000000000001,true,929fe8cf98a486fdf99d4b5fa93a4722c16932d959bb56b7c2075c78d5315c01,11bec211101d418dfca998373f4de5e7c8c8dc42dc2e156b2029983fdfe1dadc
1,20260807T161424Z_1c045bd7e750_stage08_b02_formal_8d000213,formal,20260807T161424Z,1c045bd7e750084695a5cdcfe898f79955047f01,true,stage08_b02_taylor_scales_v1,1e7a268332169dbf26515052ca42f187fc360013dd724c8f10fd2a57331a5876,operator,taylor,NA,NA,taylor,taylor__taylor_int16_10e2__929fe8cf98a486fd__periodic,taylor_int16_10e2,10^2,100,window_positions=[100],INT16,CPU,not_applicable,compatibility/end-to-end,PASS,OK,20,100,31,0.019230000000000001,true,929fe8cf98a486fdf99d4b5fa93a4722c16932d959bb56b7c2075c78d5315c01,11bec211101d418dfca998373f4de5e7c8c8dc42dc2e156b2029983fdfe1dadc
1,20260807T161424Z_1c045bd7e750_stage08_b02_formal_8d000213,formal,20260807T161424Z,1c045bd7e750084695a5cdcfe898f79955047f01,true,stage08_b02_taylor_scales_v1,1e7a268332169dbf26515052ca42f187fc360013dd724c8f10fd2a57331a5876,operator,taylor,NA,NA,taylor,taylor__taylor_int16_10e2__929fe8cf98a486fd__periodic,taylor_int16_10e2,10^2,100,window_positions=[100],INT16,CPU,not_applicable,compatibility/end-to-end,PASS,OK,20,100,32,0.019161000000000001,true,929fe8cf98a486fdf99d4b5fa93a4722c16932d959bb56b7c2075c78d5315c01,11bec211101d418dfca998373f4de5e7c8c8dc42dc2e156b2029983fdfe1dadc
1,20260807T161424Z_1c045bd7e750_stage08_b02_formal_8d000213,formal,20260807T161424Z,1c045bd7e750084695a5cdcfe898f79955047f01,true,stage08_b02_taylor_scales_v1,1e7a268332169dbf26515052ca42f187fc360013dd724c8f10fd2a57331a5876,operator,taylor,NA,NA,taylor,taylor__taylor_int16_10e2__929fe8cf98a486fd__periodic,taylor_int16_10e2,10^2,100,window_positions=[100],INT16,CPU,not_applicable,compatibility/end-to-end,PASS,OK,20,100,33,0.019140999999999998,true,929fe8cf98a486fdf99d4b5fa93a4722c16932d959bb56b7c2075c78d5315c01,11bec211101d418dfca998373f4de5e7c8c8dc42dc2e156b2029983fdfe1dadc
1,20260807T161424Z_1c045bd7e750_stage08_b02_formal_8d000213,formal,20260807T161424Z,1c045bd7e750084695a5cdcfe898f79955047f01,true,stage08_b02_taylor_scales_v1,1e7a268332169dbf26515052ca42f187fc360013dd724c8f10fd2a57331a5876,operator,taylor,NA,NA,taylor,taylor__taylor_int16_10e2__929fe8cf98a486fd__periodic,taylor_int16_10e2,10^2,100,window_positions=[100],INT16,CPU,not_applicable,compatibility/end-to-end,PASS,OK,20,100,34,0.019151000000000001,true,929fe8cf98a486fdf99d4b5fa93a4722c16932d959bb56b7c2075c78d5315c01,11bec211101d418dfca998373f4de5e7c8c8dc42dc2e156b2029983fdfe1dadc
1,20260807T161424Z_1c045bd7e750_stage08_b02_formal_8d000213,formal,20260807T161424Z,1c045bd7e750084695a5cdcfe898f79955047f01,true,stage08_b02_taylor_scales_v1,1e7a268332169dbf26515052ca42f187fc360013dd724c8f10fd2a57331a5876,operator,taylor,NA,NA,taylor,taylor__taylor_int16_10e2__929fe8cf98a486fd__periodic,taylor_int16_10e2,10^2,100,window_positions=[100],INT16,CPU,not_applicable,compatibility/end-to-end,PASS,OK,20,100,35,0.019171000000000001,true,929fe8cf98a486fdf99d4b5fa93a4722c16932d959bb56b7c2075c78d5315c01,11bec211101d418dfca998373f4de5e7c8c8dc42dc2e156b2029983fdfe1dadc
1,20260807T161424Z_1c045bd7e750_stage08_b02_formal_8d000213,formal,20260807T161424Z,1c045bd7e750084695a5cdcfe898f79955047f01,true,stage08_b02_taylor_scales_v1,1e7a268332169dbf26515052ca42f187fc360013dd724c8f10fd2a57331a5876,operator,taylor,NA,NA,taylor,taylor__taylor_int16_10e2__929fe8cf98a486fd__periodic,taylor_int16_10e2,10^2,100,window_positions=[100],INT16,CPU,not_applicable,compatibility/end-to-end,PASS,OK,20,100,36,0.019140999999999998,true,929fe8cf98a486fdf99d4b5fa93a4722c16932d959bb56b7c2075c78d5315c01,11bec211101d418dfca998373f4de5e7c8c8dc42dc2e156b2029983fdfe1dadc
1,20260807T161424Z_1c045bd7e750_stage08_b02_formal_8d000213,formal,20260807T161424Z,1c045bd7e750084695a5cdcfe898f79955047f01,true,stage08_b02_taylor_scales_v1,1e7a268332169dbf26515052ca42f187fc360013dd724c8f10fd2a57331a5876,operator,taylor,NA,NA,taylor,taylor__taylor_int16_10e2__929fe8cf98a486fd__periodic,taylor_int16_10e2,10^2,100,window_positions=[100],INT16,CPU,not_applicable,compatibility/end-to-end,PASS,OK,20,100,37,0.01916,true,929fe8cf98a486fdf99d4b5fa93a4722c16932d959bb56b7c2075c78d5315c01,11bec211101d418dfca998373f4de5e7c8c8dc42dc2e156b2029983fdfe1dadc
1,20260807T161424Z_1c045bd7e750_stage08_b02_formal_8d000213,formal,20260807T161424Z,1c045bd7e750084695a5cdcfe898f79955047f01,true,stage08_b02_taylor_scales_v1,1e7a268332169dbf26515052ca42f187fc360013dd724c8f10fd2a57331a5876,operator,taylor,NA,NA,taylor,taylor__taylor_int16_10e2__929fe8cf98a486fd__periodic,taylor_int16_10e2,10^2,100,window_positions=[100],INT16,CPU,not_applicable,compatibility/end-to-end,PASS,OK,20,100,38,0.019151000000000001,true,929fe8cf98a486fdf99d4b5fa93a4722c16932d959bb56b7c2075c78d5315c01,11bec211101d418dfca998373f4de5e7c8c8dc42dc2e156b2029983fdfe1dadc
1,20260807T161424Z_1c045bd7e750_stage08_b02_formal_8d000213,formal,20260807T161424Z,1c045bd7e750084695a5cdcfe898f79955047f01,true,stage08_b02_taylor_scales_v1,1e7a268332169dbf26515052ca42f187fc360013dd724c8f10fd2a57331a5876,operator,taylor,NA,NA,taylor,taylor__taylor_int16_10e2__929fe8cf98a486fd__periodic,taylor_int16_10e2,10^2,100,window_positions=[100],INT16,CPU,not_applicable,compatibility/end-to-end,PASS,OK,20,100,39,0.019161000000000001,true,929fe8cf98a486fdf99d4b5fa93a4722c16932d959bb56b7c2075c78d5315c01,11bec211101d418dfca998373f4de5e7c8c8dc42dc2e156b2029983fdfe1dadc
1,20260807T161424Z_1c045bd7e750_stage08_b02_formal_8d000213,formal,20260807T161424Z,1c045bd7e750084695a5cdcfe898f79955047f01,true,stage08_b02_taylor_scales_v1,1e7a268332169dbf26515052ca42f187fc360013dd724c8f10fd2a57331a5876,operator,taylor,NA,NA,taylor,taylor__taylor_int16_10e2__929fe8cf98a486fd__periodic,taylor_int16_10e2,10^2,100,window_positions=[100],INT16,CPU,not_applicable,compatibility/end-to-end,PASS,OK,20,100,40,0.019151000000000001,true,929fe8cf98a486fdf99d4b5fa93a4722c16932d959bb56b7c2075c78d5315c01,11bec211101d418dfca998373f4de5e7c8c8dc42dc2e156b2029983fdfe1dadc
1,20260807T161424Z_1c045bd7e750_stage08_b02_formal_8d000213,formal,20260807T161424Z,1c045bd7e750084695a5cdcfe898f79955047f01,true,stage08_b02_taylor_scales_v1,1e7a268332169dbf26515052ca42f187fc360013dd724c8f10fd2a57331a5876,operator,taylor,NA,NA,taylor,taylor__taylor_int16_10e2__929fe8cf98a486fd__periodic,taylor_int16_10e2,10^2,100,window_positions=[100],INT16,CPU,not_applicable,compatibility/end-to-end,PASS,OK,20,100,41,0.019171000000000001,true,929fe8cf98a486fdf99d4b5fa93a4722c16932d959bb56b7c2075c78d5315c01,11bec211101d418dfca998373f4de5e7c8c8dc42dc2e156b2029983fdfe1dadc
1,20260807T161424Z_1c045bd7e750_stage08_b02_formal_8d000213,formal,20260807T161424Z,1c045bd7e750084695a5cdcfe898f79955047f01,true,stage08_b02_taylor_scales_v1,1e7a268332169dbf26515052ca42f187fc360013dd724c8f10fd2a57331a5876,operator,taylor,NA,NA,taylor,taylor__taylor_int16_10e2__929fe8cf98a486fd__periodic,taylor_int16_10e2,10^2,100,window_positions=[100],INT16,CPU,not_applicable,compatibility/end-to-end,PASS,OK,20,100,42,0.019161000000000001,true,929fe8cf98a486fdf99d4b5fa93a4722c16932d959bb56b7c2075c78d5315c01,11bec211101d418dfca998373f4de5e7c8c8dc42dc2e156b2029983fdfe1dadc
1,20260807T161424Z_1c045bd7e750_stage08_b02_formal_8d000213,formal,20260807T161424Z,1c045bd7e750084695a5cdcfe898f79955047f01,true,stage08_b02_taylor_scales_v1,1e7a268332169dbf26515052ca42f187fc360013dd724c8f10fd2a57331a5876,operator,taylor,NA,NA,taylor,taylor__taylor_int16_10e2__929fe8cf98a486fd__periodic,taylor_int16_10e2,10^2,100,window_positions=[100],INT16,CPU,not_applicable,compatibility/end-to-end,PASS,OK,20,100,43,0.01917,true,929fe8cf98a486fdf99d4b5fa93a4722c16932d959bb56b7c2075c78d5315c01,11bec211101d418dfca998373f4de5e7c8c8dc42dc2e156b2029983fdfe1dadc
1,20260807T161424Z_1c045bd7e750_stage08_b02_formal_8d000213,formal,20260807T161424Z,1c045bd7e750084695a5cdcfe898f79955047f01,true,stage08_b02_taylor_scales_v1,1e7a268332169dbf26515052ca42f187fc360013dd724c8f10fd2a57331a5876,operator,taylor,NA,NA,taylor,taylor__taylor_int16_10e2__929fe8cf98a486fd__periodic,taylor_int16_10e2,10^2,100,window_positions=[100],INT16,CPU,not_applicable,compatibility/end-to-end,PASS,OK,20,100,44,0.019151000000000001,true,929fe8cf98a486fdf99d4b5fa93a4722c16932d959bb56b7c2075c78d5315c01,11bec211101d418dfca998373f4de5e7c8c8dc42dc2e156b2029983fdfe1dadc
1,20260807T161424Z_1c045bd7e750_stage08_b02_formal_8d000213,formal,20260807T161424Z,1c045bd7e750084695a5cdcfe898f79955047f01,true,stage08_b02_taylor_scales_v1,1e7a268332169dbf26515052ca42f187fc360013dd724c8f10fd2a57331a5876,operator,taylor,NA,NA,taylor,taylor__taylor_int16_10e2__929fe8cf98a486fd__periodic,taylor_int16_10e2,10^2,100,window_positions=[100],INT16,CPU,not_applicable,compatibility/end-to-end,PASS,OK,20,100,45,0.019161000000000001,true,929fe8cf98a486fdf99d4b5fa93a4722c16932d959bb56b7c2075c78d5315c01,11bec211101d418dfca998373f4de5e7c8c8dc42dc2e156b2029983fdfe1dadc
1,20260807T161424Z_1c045bd7e750_stage08_b02_formal_8d000213,formal,20260807T161424Z,1c045bd7e750084695a5cdcfe898f79955047f01,true,stage08_b02_taylor_scales_v1,1e7a268332169dbf26515052ca42f187fc360013dd724c8f10fd2a57331a5876,operator,taylor,NA,NA,taylor,taylor__taylor_int16_10e2__929fe8cf98a486fd__periodic,taylor_int16_10e2,10^2,100,window_positions=[100],INT16,CPU,not_applicable,compatibility/end-to-end,PASS,OK,20,100,46,0.019161000000000001,true,929fe8cf98a486fdf99d4b5fa93a4722c16932d959bb56b7c2075c78d5315c01,11bec211101d418dfca998373f4de5e7c8c8dc42dc2e156b2029983fdfe1dadc
1,20260807T161424Z_1c045bd7e750_stage08_b02_formal_8d000213,formal,20260807T161424Z,1c045bd7e750084695a5cdcfe898f79955047f01,true,stage08_b02_taylor_scales_v1,1e7a268332169dbf26515052ca42f187fc360013dd724c8f10fd2a57331a5876,operator,taylor,NA,NA,taylor,taylor__taylor_int16_10e2__929fe8cf98a486fd__periodic,taylor_int16_10e2,10^2,100,window_positions=[100],INT16,CPU,not_applicable,compatibility/end-to-end,PASS,OK,20,100,47,0.019161000000000001,true,929fe8cf98a486fdf99d4b5fa93a4722c16932d959bb56b7c2075c78d5315c01,11bec211101d418dfca998373f4de5e7c8c8dc42dc2e156b2029983fdfe1dadc
1,20260807T161424Z_1c045bd7e750_stage08_b02_formal_8d000213,formal,20260807T161424Z,1c045bd7e750084695a5cdcfe898f79955047f01,true,stage08_b02_taylor_scales_v1,1e7a268332169dbf26515052ca42f187fc360013dd724c8f10fd2a57331a5876,operator,taylor,NA,NA,taylor,taylor__taylor_int16_10e2__929fe8cf98a486fd__periodic,taylor_int16_10e2,10^2,100,window_positions=[100],INT16,CPU,not_applicable,compatibility/end-to-end,PASS,OK,20,100,48,0.019151000000000001,true,929fe8cf98a486fdf99d4b5fa93a4722c16932d959bb56b7c2075c78d5315c01,11bec211101d418dfca998373f4de5e7c8c8dc42dc2e156b2029983fdfe1dadc
1,20260807T161424Z_1c045bd7e750_stage08_b02_formal_8d000213,formal,20260807T161424Z,1c045bd7e750084695a5cdcfe898f79955047f01,true,stage08_b02_taylor_scales_v1,1e7a268332169dbf26515052ca42f187fc360013dd724c8f10fd2a57331a5876,operator,taylor,NA,NA,taylor,taylor__taylor_int16_10e2__929fe8cf98a486fd__periodic,taylor_int16_10e2,10^2,100,window_positions=[100],INT16,CPU,not_applicable,compatibility/end-to-end,PASS,OK,20,100,49,0.01916,true,929fe8cf98a486fdf99d4b5fa93a4722c16932d959bb56b7c2075c78d5315c01,11bec211101d418dfca998373f4de5e7c8c8dc42dc2e156b2029983fdfe1dadc
1,20260807T161424Z_1c045bd7e750_stage08_b02_formal_8d000213,formal,20260807T161424Z,1c045bd7e750084695a5cdcfe898f79955047f01,true,stage08_b02_taylor_scales_v1,1e7a268332169dbf26515052ca42f187fc360013dd724c8f10fd2a57331a5876,operator,taylor,NA,NA,taylor,taylor__taylor_int16_10e2__929fe8cf98a486fd__periodic,taylor_int16_10e2,10^2,100,window_positions=[100],INT16,CPU,not_applicable,compatibility/end-to-end,PASS,OK,20,100,50,0.019151000000000001,true,929fe8cf98a486fdf99d4b5fa93a4722c16932d959bb56b7c2075c78d5315c01,11bec211101d418dfca998373f4de5e7c8c8dc42dc2e156b2029983fdfe1dadc
1,20260807T161424Z_1c045bd7e750_stage08_b02_formal_8d000213,formal,20260807T161424Z,1c045bd7e750084695a5cdcfe898f79955047f01,true,stage08_b02_taylor_scales_v1,1e7a268332169dbf26515052ca42f187fc360013dd724c8f10fd2a57331a5876,operator,taylor,NA,NA,taylor,taylor__taylor_int16_10e2__929fe8cf98a486fd__periodic,taylor_int16_10e2,10^2,100,window_positions=[100],INT16,CPU,not_applicable,compatibility/end-to-end,PASS,OK,20,100,51,0.019171000000000001,true,929fe8cf98a486fdf99d4b5fa93a4722c16932d959bb56b7c2075c78d5315c01,11bec211101d418dfca998373f4de5e7c8c8dc42dc2e156b2029983fdfe1dadc
1,20260807T161424Z_1c045bd7e750_stage08_b02_formal_8d000213,formal,20260807T161424Z,1c045bd7e750084695a5cdcfe898f79955047f01,true,stage08_b02_taylor_scales_v1,1e7a268332169dbf26515052ca42f187fc360013dd724c8f10fd2a57331a5876,operator,taylor,NA,NA,taylor,taylor__taylor_int16_10e2__929fe8cf98a486fd__periodic,taylor_int16_10e2,10^2,100,window_positions=[100],INT16,CPU,not_applicable,compatibility/end-to-end,PASS,OK,20,100,52,0.019140999999999998,true,929fe8cf98a486fdf99d4b5fa93a4722c16932d959bb56b7c2075c78d5315c01,11bec211101d418dfca998373f4de5e7c8c8dc42dc2e156b2029983fdfe1dadc
1,20260807T161424Z_1c045bd7e750_stage08_b02_formal_8d000213,formal,20260807T161424Z,1c045bd7e750084695a5cdcfe898f79955047f01,true,stage08_b02_taylor_scales_v1,1e7a268332169dbf26515052ca42f187fc360013dd724c8f10fd2a57331a5876,operator,taylor,NA,NA,taylor,taylor__taylor_int16_10e2__929fe8cf98a486fd__periodic,taylor_int16_10e2,10^2,100,window_positions=[100],INT16,CPU,not_applicable,compatibility/end-to-end,PASS,OK,20,100,53,0.019161000000000001,true,929fe8cf98a486fdf99d4b5fa93a4722c16932d959bb56b7c2075c78d5315c01,11bec211101d418dfca998373f4de5e7c8c8dc42dc2e156b2029983fdfe1dadc
1,20260807T161424Z_1c045bd7e750_stage08_b02_formal_8d000213,formal,20260807T161424Z,1c045bd7e750084695a5cdcfe898f79955047f01,true,stage08_b02_taylor_scales_v1,1e7a268332169dbf26515052ca42f187fc360013dd724c8f10fd2a57331a5876,operator,taylor,NA,NA,taylor,taylor__taylor_int16_10e2__929fe8cf98a486fd__periodic,taylor_int16_10e2,10^2,100,window_positions=[100],INT16,CPU,not_applicable,compatibility/end-to-end,PASS,OK,20,100,54,0.019151000000000001,true,929fe8cf98a486fdf99d4b5fa93a4722c16932d959bb56b7c2075c78d5315c01,11bec211101d418dfca998373f4de5e7c8c8dc42dc2e156b2029983fdfe1dadc
1,20260807T161424Z_1c045bd7e750_stage08_b02_formal_8d000213,formal,20260807T161424Z,1c045bd7e750084695a5cdcfe898f79955047f01,true,stage08_b02_taylor_scales_v1,1e7a268332169dbf26515052ca42f187fc360013dd724c8f10fd2a57331a5876,operator,taylor,NA,NA,taylor,taylor__taylor_int16_10e2__929fe8cf98a486fd__periodic,taylor_int16_10e2,10^2,100,window_positions=[100],INT16,CPU,not_applicable,compatibility/end-to-end,PASS,OK,20,100,55,0.01916,true,929fe8cf98a486fdf99d4b5fa93a4722c16932d959bb56b7c2075c78d5315c01,11bec211101d418dfca998373f4de5e7c8c8dc42dc2e156b2029983fdfe1dadc
1,20260807T161424Z_1c045bd7e750_stage08_b02_formal_8d000213,formal,20260807T161424Z,1c045bd7e750084695a5cdcfe898f79955047f01,true,stage08_b02_taylor_scales_v1,1e7a268332169dbf26515052ca42f187fc360013dd724c8f10fd2a57331a5876,operator,taylor,NA,NA,taylor,taylor__taylor_int16_10e2__929fe8cf98a486fd__periodic,taylor_int16_10e2,10^2,100,window_positions=[100],INT16,CPU,not_applicable,compatibility/end-to-end,PASS,OK,20,100,56,0.019151000000000001,true,929fe8cf98a486fdf99d4b5fa93a4722c16932d959bb56b7c2075c78d5315c01,11bec211101d418dfca998373f4de5e7c8c8dc42dc2e156b2029983fdfe1dadc
1,20260807T161424Z_1c045bd7e750_stage08_b02_formal_8d000213,formal,20260807T161424Z,1c045bd7e750084695a5cdcfe898f79955047f01,true,stage08_b02_taylor_scales_v1,1e7a268332169dbf26515052ca42f187fc360013dd724c8f10fd2a57331a5876,operator,taylor,NA,NA,taylor,taylor__taylor_int16_10e2__929fe8cf98a486fd__periodic,taylor_int16_10e2,10^2,100,window_positions=[100],INT16,CPU,not_applicable,compatibility/end-to-end,PASS,OK,20,100,57,0.019171000000000001,true,929fe8cf98a486fdf99d4b5fa93a4722c16932d959bb56b7c2075c78d5315c01,11bec211101d418dfca998373f4de5e7c8c8dc42dc2e156b2029983fdfe1dadc
1,20260807T161424Z_1c045bd7e750_stage08_b02_formal_8d000213,formal,20260807T161424Z,1c045bd7e750084695a5cdcfe898f79955047f01,true,stage08_b02_taylor_scales_v1,1e7a268332169dbf26515052ca42f187fc360013dd724c8f10fd2a57331a5876,operator,taylor,NA,NA,taylor,taylor__taylor_int16_10e2__929fe8cf98a486fd__periodic,taylor_int16_10e2,10^2,100,window_positions=[100],INT16,CPU,not_applicable,compatibility/end-to-end,PASS,OK,20,100,58,0.019151000000000001,true,929fe8cf98a486fdf99d4b5fa93a4722c16932d959bb56b7c2075c78d5315c01,11bec211101d418dfca998373f4de5e7c8c8dc42dc2e156b2029983fdfe1dadc
1,20260807T161424Z_1c045bd7e750_stage08_b02_formal_8d000213,formal,20260807T161424Z,1c045bd7e750084695a5cdcfe898f79955047f01,true,stage08_b02_taylor_scales_v1,1e7a268332169dbf26515052ca42f187fc360013dd724c8f10fd2a57331a5876,operator,taylor,NA,NA,taylor,taylor__taylor_int16_10e2__929fe8cf98a486fd__periodic,taylor_int16_10e2,10^2,100,window_positions=[100],INT16,CPU,not_applicable,compatibility/end-to-end,PASS,OK,20,100,59,0.019171000000000001,true,929fe8cf98a486fdf99d4b5fa93a4722c16932d959bb56b7c2075c78d5315c01,11bec211101d418dfca998373f4de5e7c8c8dc42dc2e156b2029983fdfe1dadc
1,20260807T161424Z_1c045bd7e750_stage08_b02_formal_8d000213,formal,20260807T161424Z,1c045bd7e750084695a5cdcfe898f79955047f01,true,stage08_b02_taylor_scales_v1,1e7a268332169dbf26515052ca42f187fc360013dd724c8f10fd2a57331a5876,operator,taylor,NA,NA,taylor,taylor__taylor_int16_10e2__929fe8cf98a486fd__periodic,taylor_int16_10e2,10^2,100,window_positions=[100],INT16,CPU,not_applicable,compatibility/end-to-end,PASS,OK,20,100,60,0.019151000000000001,true,929fe8cf98a486fdf99d4b5fa93a4722c16932d959bb56b7c2075c78d5315c01,11bec211101d418dfca998373f4de5e7c8c8dc42dc2e156b2029983fdfe1dadc
1,20260807T161424Z_1c045bd7e750_stage08_b02_formal_8d000213,formal,20260807T161424Z,1c045bd7e750084695a5cdcfe898f79955047f01,true,stage08_b02_taylor_scales_v1,1e7a268332169dbf26515052ca42f187fc360013dd724c8f10fd2a57331a5876,operator,taylor,NA,NA,taylor,taylor__taylor_int16_10e2__929fe8cf98a486fd__periodic,taylor_int16_10e2,10^2,100,window_positions=[100],INT16,CPU,not_applicable,compatibility/end-to-end,PASS,OK,20,100,61,0.01915,true,929fe8cf98a486fdf99d4b5fa93a4722c16932d959bb56b7c2075c78d5315c01,11bec211101d418dfca998373f4de5e7c8c8dc42dc2e156b2029983fdfe1dadc
1,20260807T161424Z_1c045bd7e750_stage08_b02_formal_8d000213,formal,20260807T161424Z,1c045bd7e750084695a5cdcfe898f79955047f01,true,stage08_b02_taylor_scales_v1,1e7a268332169dbf26515052ca42f187fc360013dd724c8f10fd2a57331a5876,operator,taylor,NA,NA,taylor,taylor__taylor_int16_10e2__929fe8cf98a486fd__periodic,taylor_int16_10e2,10^2,100,window_positions=[100],INT16,CPU,not_applicable,compatibility/end-to-end,PASS,OK,20,100,62,0.019151000000000001,true,929fe8cf98a486fdf99d4b5fa93a4722c16932d959bb56b7c2075c78d5315c01,11bec211101d418dfca998373f4de5e7c8c8dc42dc2e156b2029983fdfe1dadc
1,20260807T161424Z_1c045bd7e750_stage08_b02_formal_8d000213,formal,20260807T161424Z,1c045bd7e750084695a5cdcfe898f79955047f01,true,stage08_b02_taylor_scales_v1,1e7a268332169dbf26515052ca42f187fc360013dd724c8f10fd2a57331a5876,operator,taylor,NA,NA,taylor,taylor__taylor_int16_10e2__929fe8cf98a486fd__periodic,taylor_int16_10e2,10^2,100,window_positions=[100],INT16,CPU,not_applicable,compatibility/end-to-end,PASS,OK,20,100,63,0.019151000000000001,true,929fe8cf98a486fdf99d4b5fa93a4722c16932d959bb56b7c2075c78d5315c01,11bec211101d418dfca998373f4de5e7c8c8dc42dc2e156b2029983fdfe1dadc
1,20260807T161424Z_1c045bd7e750_stage08_b02_formal_8d000213,formal,20260807T161424Z,1c045bd7e750084695a5cdcfe898f79955047f01,true,stage08_b02_taylor_scales_v1,1e7a268332169dbf26515052ca42f187fc360013dd724c8f10fd2a57331a5876,operator,taylor,NA,NA,taylor,taylor__taylor_int16_10e2__929fe8cf98a486fd__periodic,taylor_int16_10e2,10^2,100,window_positions=[100],INT16,CPU,not_applicable,compatibility/end-to-end,PASS,OK,20,100,64,0.019151000000000001,true,929fe8cf98a486fdf99d4b5fa93a4722c16932d959bb56b7c2075c78d5315c01,11bec211101d418dfca998373f4de5e7c8c8dc42dc2e156b2029983fdfe1dadc
1,20260807T161424Z_1c045bd7e750_stage08_b02_formal_8d000213,formal,20260807T161424Z,1c045bd7e750084695a5cdcfe898f79955047f01,true,stage08_b02_taylor_scales_v1,1e7a268332169dbf26515052ca42f187fc360013dd724c8f10fd2a57331a5876,operator,taylor,NA,NA,taylor,taylor__taylor_int16_10e2__929fe8cf98a486fd__periodic,taylor_int16_10e2,10^2,100,window_positions=[100],INT16,CPU,not_applicable,compatibility/end-to-end,PASS,OK,20,100,65,0.019171000000000001,true,929fe8cf98a486fdf99d4b5fa93a4722c16932d959bb56b7c2075c78d5315c01,11bec211101d418dfca998373f4de5e7c8c8dc42dc2e156b2029983fdfe1dadc
1,20260807T161424Z_1c045bd7e750_stage08_b02_formal_8d000213,formal,20260807T161424Z,1c045bd7e750084695a5cdcfe898f79955047f01,true,stage08_b02_taylor_scales_v1,1e7a268332169dbf26515052ca42f187fc360013dd724c8f10fd2a57331a5876,operator,taylor,NA,NA,taylor,taylor__taylor_int16_10e2__929fe8cf98a486fd__periodic,taylor_int16_10e2,10^2,100,window_positions=[100],INT16,CPU,not_applicable,compatibility/end-to-end,PASS,OK,20,100,66,0.019151000000000001,true,929fe8cf98a486fdf99d4b5fa93a4722c16932d959bb56b7c2075c78d5315c01,11bec211101d418dfca998373f4de5e7c8c8dc42dc2e156b2029983fdfe1dadc
1,20260807T161424Z_1c045bd7e750_stage08_b02_formal_8d000213,formal,20260807T161424Z,1c045bd7e750084695a5cdcfe898f79955047f01,true,stage08_b02_taylor_scales_v1,1e7a268332169dbf26515052ca42f187fc360013dd724c8f10fd2a57331a5876,operator,taylor,NA,NA,taylor,taylor__taylor_int16_10e2__929fe8cf98a486fd__periodic,taylor_int16_10e2,10^2,100,window_positions=[100],INT16,CPU,not_applicable,compatibility/end-to-end,PASS,OK,20,100,67,0.01917,true,929fe8cf98a486fdf99d4b5fa93a4722c16932d959bb56b7c2075c78d5315c01,11bec211101d418dfca998373f4de5e7c8c8dc42dc2e156b2029983fdfe1dadc
1,20260807T161424Z_1c045bd7e750_stage08_b02_formal_8d000213,formal,20260807T161424Z,1c045bd7e750084695a5cdcfe898f79955047f01,true,stage08_b02_taylor_scales_v1,1e7a268332169dbf26515052ca42f187fc360013dd724c8f10fd2a57331a5876,operator,taylor,NA,NA,taylor,taylor__taylor_int16_10e2__929fe8cf98a486fd__periodic,taylor_int16_10e2,10^2,100,window_positions=[100],INT16,CPU,not_applicable,compatibility/end-to-end,PASS,OK,20,100,68,0.019151000000000001,true,929fe8cf98a486fdf99d4b5fa93a4722c16932d959bb56b7c2075c78d5315c01,11bec211101d418dfca998373f4de5e7c8c8dc42dc2e156b2029983fdfe1dadc
1,20260807T161424Z_1c045bd7e750_stage08_b02_formal_8d000213,formal,20260807T161424Z,1c045bd7e750084695a5cdcfe898f79955047f01,true,stage08_b02_taylor_scales_v1,1e7a268332169dbf26515052ca42f187fc360013dd724c8f10fd2a57331a5876,operator,taylor,NA,NA,taylor,taylor__taylor_int16_10e2__929fe8cf98a486fd__periodic,taylor_int16_10e2,10^2,100,window_positions=[100],INT16,CPU,not_applicable,compatibility/end-to-end,PASS,OK,20,100,69,0.019161000000000001,true,929fe8cf98a486fdf99d4b5fa93a4722c16932d959bb56b7c2075c78d5315c01,11bec211101d418dfca998373f4de5e7c8c8dc42dc2e156b2029983fdfe1dadc
1,20260807T161424Z_1c045bd7e750_stage08_b02_formal_8d000213,formal,20260807T161424Z,1c045bd7e750084695a5cdcfe898f79955047f01,true,stage08_b02_taylor_scales_v1,1e7a268332169dbf26515052ca42f187fc360013dd724c8f10fd2a57331a5876,operator,taylor,NA,NA,taylor,taylor__taylor_int16_10e2__929fe8cf98a486fd__periodic,taylor_int16_10e2,10^2,100,window_positions=[100],INT16,CPU,not_applicable,compatibility/end-to-end,PASS,OK,20,100,70,0.019151000000000001,true,929fe8cf98a486fdf99d4b5fa93a4722c16932d959bb56b7c2075c78d5315c01,11bec211101d418dfca998373f4de5e7c8c8dc42dc2e156b2029983fdfe1dadc
1,20260807T161424Z_1c045bd7e750_stage08_b02_formal_8d000213,formal,20260807T161424Z,1c045bd7e750084695a5cdcfe898f79955047f01,true,stage08_b02_taylor_scales_v1,1e7a268332169dbf26515052ca42f187fc360013dd724c8f10fd2a57331a5876,operator,taylor,NA,NA,taylor,taylor__taylor_int16_10e2__929fe8cf98a486fd__periodic,taylor_int16_10e2,10^2,100,window_positions=[100],INT16,CPU,not_applicable,compatibility/end-to-end,PASS,OK,20,100,71,0.019161000000000001,true,929fe8cf98a486fdf99d4b5fa93a4722c16932d959bb56b7c2075c78d5315c01,11bec211101d418dfca998373f4de5e7c8c8dc42dc2e156b2029983fdfe1dadc
1,20260807T161424Z_1c045bd7e750_stage08_b02_formal_8d000213,formal,20260807T161424Z,1c045bd7e750084695a5cdcfe898f79955047f01,true,stage08_b02_taylor_scales_v1,1e7a268332169dbf26515052ca42f187fc360013dd724c8f10fd2a57331a5876,operator,taylor,NA,NA,taylor,taylor__taylor_int16_10e2__929fe8cf98a486fd__periodic,taylor_int16_10e2,10^2,100,window_positions=[100],INT16,CPU,not_applicable,compatibility/end-to-end,PASS,OK,20,100,72,0.019161000000000001,true,929fe8cf98a486fdf99d4b5fa93a4722c16932d959bb56b7c2075c78d5315c01,11bec211101d418dfca998373f4de5e7c8c8dc42dc2e156b2029983fdfe1dadc
1,20260807T161424Z_1c045bd7e750_stage08_b02_formal_8d000213,formal,20260807T161424Z,1c045bd7e750084695a5cdcfe898f79955047f01,true,stage08_b02_taylor_scales_v1,1e7a268332169dbf26515052ca42f187fc360013dd724c8f10fd2a57331a5876,operator,taylor,NA,NA,taylor,taylor__taylor_int16_10e2__929fe8cf98a486fd__periodic,taylor_int16_10e2,10^2,100,window_positions=[100],INT16,CPU,not_applicable,compatibility/end-to-end,PASS,OK,20,100,73,0.01916,true,929fe8cf98a486fdf99d4b5fa93a4722c16932d959bb56b7c2075c78d5315c01,11bec211101d418dfca998373f4de5e7c8c8dc42dc2e156b2029983fdfe1dadc
1,20260807T161424Z_1c045bd7e750_stage08_b02_formal_8d000213,formal,20260807T161424Z,1c045bd7e750084695a5cdcfe898f79955047f01,true,stage08_b02_taylor_scales_v1,1e7a268332169dbf26515052ca42f187fc360013dd724c8f10fd2a57331a5876,operator,taylor,NA,NA,taylor,taylor__taylor_int16_10e2__929fe8cf98a486fd__periodic,taylor_int16_10e2,10^2,100,window_positions=[100],INT16,CPU,not_applicable,compatibility/end-to-end,PASS,OK,20,100,74,0.019151000000000001,true,929fe8cf98a486fdf99d4b5fa93a4722c16932d959bb56b7c2075c78d5315c01,11bec211101d418dfca998373f4de5e7c8c8dc42dc2e156b2029983fdfe1dadc
1,20260807T161424Z_1c045bd7e750_stage08_b02_formal_8d000213,formal,20260807T161424Z,1c045bd7e750084695a5cdcfe898f79955047f01,true,stage08_b02_taylor_scales_v1,1e7a268332169dbf26515052ca42f187fc360013dd724c8f10fd2a57331a5876,operator,taylor,NA,NA,taylor,taylor__taylor_int16_10e2__929fe8cf98a486fd__periodic,taylor_int16_10e2,10^2,100,window_positions=[100],INT16,CPU,not_applicable,compatibility/end-to-end,PASS,OK,20,100,75,0.019161000000000001,true,929fe8cf98a486fdf99d4b5fa93a4722c16932d959bb56b7c2075c78d5315c01,11bec211101d418dfca998373f4de5e7c8c8dc42dc2e156b2029983fdfe1dadc
1,20260807T161424Z_1c045bd7e750_stage08_b02_formal_8d000213,formal,20260807T161424Z,1c045bd7e750084695a5cdcfe898f79955047f01,true,stage08_b02_taylor_scales_v1,1e7a268332169dbf26515052ca42f187fc360013dd724c8f10fd2a57331a5876,operator,taylor,NA,NA,taylor,taylor__taylor_int16_10e2__929fe8cf98a486fd__periodic,taylor_int16_10e2,10^2,100,window_positions=[100],INT16,CPU,not_applicable,compatibility/end-to-end,PASS,OK,20,100,76,0.019151000000000001,true,929fe8cf98a486fdf99d4b5fa93a4722c16932d959bb56b7c2075c78d5315c01,11bec211101d418dfca998373f4de5e7c8c8dc42dc2e156b2029983fdfe1dadc
1,20260807T161424Z_1c045bd7e750_stage08_b02_formal_8d000213,formal,20260807T161424Z,1c045bd7e750084695a5cdcfe898f79955047f01,true,stage08_b02_taylor_scales_v1,1e7a268332169dbf26515052ca42f187fc360013dd724c8f10fd2a57331a5876,operator,taylor,NA,NA,taylor,taylor__taylor_int16_10e2__929fe8cf98a486fd__periodic,taylor_int16_10e2,10^2,100,window_positions=[100],INT16,CPU,not_applicable,compatibility/end-to-end,PASS,OK,20,100,77,0.019171000000000001,true,929fe8cf98a486fdf99d4b5fa93a4722c16932d959bb56b7c2075c78d5315c01,11bec211101d418dfca998373f4de5e7c8c8dc42dc2e156b2029983fdfe1dadc
1,20260807T161424Z_1c045bd7e750_stage08_b02_formal_8d000213,formal,20260807T161424Z,1c045bd7e750084695a5cdcfe898f79955047f01,true,stage08_b02_taylor_scales_v1,1e7a268332169dbf26515052ca42f187fc360013dd724c8f10fd2a57331a5876,operator,taylor,NA,NA,taylor,taylor__taylor_int16_10e2__929fe8cf98a486fd__periodic,taylor_int16_10e2,10^2,100,window_positions=[100],INT16,CPU,not_applicable,compatibility/end-to-end,PASS,OK,20,100,78,0.019151000000000001,true,929fe8cf98a486fdf99d4b5fa93a4722c16932d959bb56b7c2075c78d5315c01,11bec211101d418dfca998373f4de5e7c8c8dc42dc2e156b2029983fdfe1dadc
1,20260807T161424Z_1c045bd7e750_stage08_b02_formal_8d000213,formal,20260807T161424Z,1c045bd7e750084695a5cdcfe898f79955047f01,true,stage08_b02_taylor_scales_v1,1e7a268332169dbf26515052ca42f187fc360013dd724c8f10fd2a57331a5876,operator,taylor,NA,NA,taylor,taylor__taylor_int16_10e2__929fe8cf98a486fd__periodic,taylor_int16_10e2,10^2,100,window_positions=[100],INT16,CPU,not_applicable,compatibility/end-to-end,PASS,OK,20,100,79,0.01917,true,929fe8cf98a486fdf99d4b5fa93a4722c16932d959bb56b7c2075c78d5315c01,11bec211101d418dfca998373f4de5e7c8c8dc42dc2e156b2029983fdfe1dadc
1,20260807T161424Z_1c045bd7e750_stage08_b02_formal_8d000213,formal,20260807T161424Z,1c045bd7e750084695a5cdcfe898f79955047f01,true,stage08_b02_taylor_scales_v1,1e7a268332169dbf26515052ca42f187fc360013dd724c8f10fd2a57331a5876,operator,taylor,NA,NA,taylor,taylor__taylor_int16_10e2__929fe8cf98a486fd__periodic,taylor_int16_10e2,10^2,100,window_positions=[100],INT16,CPU,not_applicable,compatibility/end-to-end,PASS,OK,20,100,80,0.019151000000000001,true,929fe8cf98a486fdf99d4b5fa93a4722c16932d959bb56b7c2075c78d5315c01,11bec211101d418dfca998373f4de5e7c8c8dc42dc2e156b2029983fdfe1dadc
1,20260807T161424Z_1c045bd7e750_stage08_b02_formal_8d000213,formal,20260807T161424Z,1c045bd7e750084695a5cdcfe898f79955047f01,true,stage08_b02_taylor_scales_v1,1e7a268332169dbf26515052ca42f187fc360013dd724c8f10fd2a57331a5876,operator,taylor,NA,NA,taylor,taylor__taylor_int16_10e2__929fe8cf98a486fd__periodic,taylor_int16_10e2,10^2,100,window_positions=[100],INT16,CPU,not_applicable,compatibility/end-to-end,PASS,OK,20,100,81,0.019161000000000001,true,929fe8cf98a486fdf99d4b5fa93a4722c16932d959bb56b7c2075c78d5315c01,11bec211101d418dfca998373f4de5e7c8c8dc42dc2e156b2029983fdfe1dadc
1,20260807T161424Z_1c045bd7e750_stage08_b02_formal_8d000213,formal,20260807T161424Z,1c045bd7e750084695a5cdcfe898f79955047f01,true,stage08_b02_taylor_scales_v1,1e7a268332169dbf26515052ca42f187fc360013dd724c8f10fd2a57331a5876,operator,taylor,NA,NA,taylor,taylor__taylor_int16_10e2__929fe8cf98a486fd__periodic,taylor_int16_10e2,10^2,100,window_positions=[100],INT16,CPU,not_applicable,compatibility/end-to-end,PASS,OK,20,100,82,0.019151000000000001,true,929fe8cf98a486fdf99d4b5fa93a4722c16932d959bb56b7c2075c78d5315c01,11bec211101d418dfca998373f4de5e7c8c8dc42dc2e156b2029983fdfe1dadc
1,20260807T161424Z_1c045bd7e750_stage08_b02_formal_8d000213,formal,20260807T161424Z,1c045bd7e750084695a5cdcfe898f79955047f01,true,stage08_b02_taylor_scales_v1,1e7a268332169dbf26515052ca42f187fc360013dd724c8f10fd2a57331a5876,operator,taylor,NA,NA,taylor,taylor__taylor_int16_10e2__929fe8cf98a486fd__periodic,taylor_int16_10e2,10^2,100,window_positions=[100],INT16,CPU,not_applicable,compatibility/end-to-end,PASS,OK,20,100,83,0.019161000000000001,true,929fe8cf98a486fdf99d4b5fa93a4722c16932d959bb56b7c2075c78d5315c01,11bec211101d418dfca998373f4de5e7c8c8dc42dc2e156b2029983fdfe1dadc
1,20260807T161424Z_1c045bd7e750_stage08_b02_formal_8d000213,formal,20260807T161424Z,1c045bd7e750084695a5cdcfe898f79955047f01,true,stage08_b02_taylor_scales_v1,1e7a268332169dbf26515052ca42f187fc360013dd724c8f10fd2a57331a5876,operator,taylor,NA,NA,taylor,taylor__taylor_int16_10e2__929fe8cf98a486fd__periodic,taylor_int16_10e2,10^2,100,window_positions=[100],INT16,CPU,not_applicable,compatibility/end-to-end,PASS,OK,20,100,84,0.019151000000000001,true,929fe8cf98a486fdf99d4b5fa93a4722c16932d959bb56b7c2075c78d5315c01,11bec211101d418dfca998373f4de5e7c8c8dc42dc2e156b2029983fdfe1dadc
1,20260807T161424Z_1c045bd7e750_stage08_b02_formal_8d000213,formal,20260807T161424Z,1c045bd7e750084695a5cdcfe898f79955047f01,true,stage08_b02_taylor_scales_v1,1e7a268332169dbf26515052ca42f187fc360013dd724c8f10fd2a57331a5876,operator,taylor,NA,NA,taylor,taylor__taylor_int16_10e2__929fe8cf98a486fd__periodic,taylor_int16_10e2,10^2,100,window_positions=[100],INT16,CPU,not_applicable,compatibility/end-to-end,PASS,OK,20,100,85,0.01917,true,929fe8cf98a486fdf99d4b5fa93a4722c16932d959bb56b7c2075c78d5315c01,11bec211101d418dfca998373f4de5e7c8c8dc42dc2e156b2029983fdfe1dadc
1,20260807T161424Z_1c045bd7e750_stage08_b02_formal_8d000213,formal,20260807T161424Z,1c045bd7e750084695a5cdcfe898f79955047f01,true,stage08_b02_taylor_scales_v1,1e7a268332169dbf26515052ca42f187fc360013dd724c8f10fd2a57331a5876,operator,taylor,NA,NA,taylor,taylor__taylor_int16_10e2__929fe8cf98a486fd__periodic,taylor_int16_10e2,10^2,100,window_positions=[100],INT16,CPU,not_applicable,compatibility/end-to-end,PASS,OK,20,100,86,0.019151000000000001,true,929fe8cf98a486fdf99d4b5fa93a4722c16932d959bb56b7c2075c78d5315c01,11bec211101d418dfca998373f4de5e7c8c8dc42dc2e156b2029983fdfe1dadc
1,20260807T161424Z_1c045bd7e750_stage08_b02_formal_8d000213,formal,20260807T161424Z,1c045bd7e750084695a5cdcfe898f79955047f01,true,stage08_b02_taylor_scales_v1,1e7a268332169dbf26515052ca42f187fc360013dd724c8f10fd2a57331a5876,operator,taylor,NA,NA,taylor,taylor__taylor_int16_10e2__929fe8cf98a486fd__periodic,taylor_int16_10e2,10^2,100,window_positions=[100],INT16,CPU,not_applicable,compatibility/end-to-end,PASS,OK,20,100,87,0.019161000000000001,true,929fe8cf98a486fdf99d4b5fa93a4722c16932d959bb56b7c2075c78d5315c01,11bec211101d418dfca998373f4de5e7c8c8dc42dc2e156b2029983fdfe1dadc
1,20260807T161424Z_1c045bd7e750_stage08_b02_formal_8d000213,formal,20260807T161424Z,1c045bd7e750084695a5cdcfe898f79955047f01,true,stage08_b02_taylor_scales_v1,1e7a268332169dbf26515052ca42f187fc360013dd724c8f10fd2a57331a5876,operator,taylor,NA,NA,taylor,taylor__taylor_int16_10e2__929fe8cf98a486fd__periodic,taylor_int16_10e2,10^2,100,window_positions=[100],INT16,CPU,not_applicable,compatibility/end-to-end,PASS,OK,20,100,88,0.019151000000000001,true,929fe8cf98a486fdf99d4b5fa93a4722c16932d959bb56b7c2075c78d5315c01,11bec211101d418dfca998373f4de5e7c8c8dc42dc2e156b2029983fdfe1dadc
1,20260807T161424Z_1c045bd7e750_stage08_b02_formal_8d000213,formal,20260807T161424Z,1c045bd7e750084695a5cdcfe898f79955047f01,true,stage08_b02_taylor_scales_v1,1e7a268332169dbf26515052ca42f187fc360013dd724c8f10fd2a57331a5876,operator,taylor,NA,NA,taylor,taylor__taylor_int16_10e2__929fe8cf98a486fd__periodic,taylor_int16_10e2,10^2,100,window_positions=[100],INT16,CPU,not_applicable,compatibility/end-to-end,PASS,OK,20,100,89,0.019151000000000001,true,929fe8cf98a486fdf99d4b5fa93a4722c16932d959bb56b7c2075c78d5315c01,11bec211101d418dfca998373f4de5e7c8c8dc42dc2e156b2029983fdfe1dadc
1,20260807T161424Z_1c045bd7e750_stage08_b02_formal_8d000213,formal,20260807T161424Z,1c045bd7e750084695a5cdcfe898f79955047f01,true,stage08_b02_taylor_scales_v1,1e7a268332169dbf26515052ca42f187fc360013dd724c8f10fd2a57331a5876,operator,taylor,NA,NA,taylor,taylor__taylor_int16_10e2__929fe8cf98a486fd__periodic,taylor_int16_10e2,10^2,100,window_positions=[100],INT16,CPU,not_applicable,compatibility/end-to-end,PASS,OK,20,100,90,0.019161000000000001,true,929fe8cf98a486fdf99d4b5fa93a4722c16932d959bb56b7c2075c78d5315c01,11bec211101d418dfca998373f4de5e7c8c8dc42dc2e156b2029983fdfe1dadc
1,20260807T161424Z_1c045bd7e750_stage08_b02_formal_8d000213,formal,20260807T161424Z,1c045bd7e750084695a5cdcfe898f79955047f01,true,stage08_b02_taylor_scales_v1,1e7a268332169dbf26515052ca42f187fc360013dd724c8f10fd2a57331a5876,operator,taylor,NA,NA,taylor,taylor__taylor_int16_10e2__929fe8cf98a486fd__periodic,taylor_int16_10e2,10^2,100,window_positions=[100],INT16,CPU,not_applicable,compatibility/end-to-end,PASS,OK,20,100,91,0.01917,true,929fe8cf98a486fdf99d4b5fa93a4722c16932d959bb56b7c2075c78d5315c01,11bec211101d418dfca998373f4de5e7c8c8dc42dc2e156b2029983fdfe1dadc
1,20260807T161424Z_1c045bd7e750_stage08_b02_formal_8d000213,formal,20260807T161424Z,1c045bd7e750084695a5cdcfe898f79955047f01,true,stage08_b02_taylor_scales_v1,1e7a268332169dbf26515052ca42f187fc360013dd724c8f10fd2a57331a5876,operator,taylor,NA,NA,taylor,taylor__taylor_int16_10e2__929fe8cf98a486fd__periodic,taylor_int16_10e2,10^2,100,window_positions=[100],INT16,CPU,not_applicable,compatibility/end-to-end,PASS,OK,20,100,92,0.019151000000000001,true,929fe8cf98a486fdf99d4b5fa93a4722c16932d959bb56b7c2075c78d5315c01,11bec211101d418dfca998373f4de5e7c8c8dc42dc2e156b2029983fdfe1dadc
1,20260807T161424Z_1c045bd7e750_stage08_b02_formal_8d000213,formal,20260807T161424Z,1c045bd7e750084695a5cdcfe898f79955047f01,true,stage08_b02_taylor_scales_v1,1e7a268332169dbf26515052ca42f187fc360013dd724c8f10fd2a57331a5876,operator,taylor,NA,NA,taylor,taylor__taylor_int16_10e2__929fe8cf98a486fd__periodic,taylor_int16_10e2,10^2,100,window_positions=[100],INT16,CPU,not_applicable,compatibility/end-to-end,PASS,OK,20,100,93,0.019171000000000001,true,929fe8cf98a486fdf99d4b5fa93a4722c16932d959bb56b7c2075c78d5315c01,11bec211101d418dfca998373f4de5e7c8c8dc42dc2e156b2029983fdfe1dadc
1,20260807T161424Z_1c045bd7e750_stage08_b02_formal_8d000213,formal,20260807T161424Z,1c045bd7e750084695a5cdcfe898f79955047f01,true,stage08_b02_taylor_scales_v1,1e7a268332169dbf26515052ca42f187fc360013dd724c8f10fd2a57331a5876,operator,taylor,NA,NA,taylor,taylor__taylor_int16_10e2__929fe8cf98a486fd__periodic,taylor_int16_10e2,10^2,100,window_positions=[100],INT16,CPU,not_applicable,compatibility/end-to-end,PASS,OK,20,100,94,0.019151000000000001,true,929fe8cf98a486fdf99d4b5fa93a4722c16932d959bb56b7c2075c78d5315c01,11bec211101d418dfca998373f4de5e7c8c8dc42dc2e156b2029983fdfe1dadc
1,20260807T161424Z_1c045bd7e750_stage08_b02_formal_8d000213,formal,20260807T161424Z,1c045bd7e750084695a5cdcfe898f79955047f01,true,stage08_b02_taylor_scales_v1,1e7a268332169dbf26515052ca42f187fc360013dd724c8f10fd2a57331a5876,operator,taylor,NA,NA,taylor,taylor__taylor_int16_10e2__929fe8cf98a486fd__periodic,taylor_int16_10e2,10^2,100,window_positions=[100],INT16,CPU,not_applicable,compatibility/end-to-end,PASS,OK,20,100,95,0.019151000000000001,true,929fe8cf98a486fdf99d4b5fa93a4722c16932d959bb56b7c2075c78d5315c01,11bec211101d418dfca998373f4de5e7c8c8dc42dc2e156b2029983fdfe1dadc
1,20260807T161424Z_1c045bd7e750_stage08_b02_formal_8d000213,formal,20260807T161424Z,1c045bd7e750084695a5cdcfe898f79955047f01,true,stage08_b02_taylor_scales_v1,1e7a268332169dbf26515052ca42f187fc360013dd724c8f10fd2a57331a5876,operator,taylor,NA,NA,taylor,taylor__taylor_int16_10e2__929fe8cf98a486fd__periodic,taylor_int16_10e2,10^2,100,window_positions=[100],INT16,CPU,not_applicable,compatibility/end-to-end,PASS,OK,20,100,96,0.019151000000000001,true,929fe8cf98a486fdf99d4b5fa93a4722c16932d959bb56b7c2075c78d5315c01,11bec211101d418dfca998373f4de5e7c8c8dc42dc2e156b2029983fdfe1dadc
1,20260807T161424Z_1c045bd7e750_stage08_b02_formal_8d000213,formal,20260807T161424Z,1c045bd7e750084695a5cdcfe898f79955047f01,true,stage08_b02_taylor_scales_v1,1e7a268332169dbf26515052ca42f187fc360013dd724c8f10fd2a57331a5876,operator,taylor,NA,NA,taylor,taylor__taylor_int16_10e2__929fe8cf98a486fd__periodic,taylor_int16_10e2,10^2,100,window_positions=[100],INT16,CPU,not_applicable,compatibility/end-to-end,PASS,OK,20,100,97,0.01916,true,929fe8cf98a486fdf99d4b5fa93a4722c16932d959bb56b7c2075c78d5315c01,11bec211101d418dfca998373f4de5e7c8c8dc42dc2e156b2029983fdfe1dadc
1,20260807T161424Z_1c045bd7e750_stage08_b02_formal_8d000213,formal,20260807T161424Z,1c045bd7e750084695a5cdcfe898f79955047f01,true,stage08_b02_taylor_scales_v1,1e7a268332169dbf26515052ca42f187fc360013dd724c8f10fd2a57331a5876,operator,taylor,NA,NA,taylor,taylor__taylor_int16_10e2__929fe8cf98a486fd__periodic,taylor_int16_10e2,10^2,100,window_positions=[100],INT16,CPU,not_applicable,compatibility/end-to-end,PASS,OK,20,100,98,0.019161000000000001,true,929fe8cf98a486fdf99d4b5fa93a4722c16932d959bb56b7c2075c78d5315c01,11bec211101d418dfca998373f4de5e7c8c8dc42dc2e156b2029983fdfe1dadc
1,20260807T161424Z_1c045bd7e750_stage08_b02_formal_8d000213,formal,20260807T161424Z,1c045bd7e750084695a5cdcfe898f79955047f01,true,stage08_b02_taylor_scales_v1,1e7a268332169dbf26515052ca42f187fc360013dd724c8f10fd2a57331a5876,operator,taylor,NA,NA,taylor,taylor__taylor_int16_10e2__929fe8cf98a486fd__periodic,taylor_int16_10e2,10^2,100,window_positions=[100],INT16,CPU,not_applicable,compatibility/end-to-end,PASS,OK,20,100,99,0.019161000000000001,true,929fe8cf98a486fdf99d4b5fa93a4722c16932d959bb56b7c2075c78d5315c01,11bec211101d418dfca998373f4de5e7c8c8dc42dc2e156b2029983fdfe1dadc
1,20260807T161424Z_1c045bd7e750_stage08_b02_formal_8d000213,formal,20260807T161424Z,1c045bd7e750084695a5cdcfe898f79955047f01,true,stage08_b02_taylor_scales_v1,1e7a268332169dbf26515052ca42f187fc360013dd724c8f10fd2a57331a5876,operator,taylor,NA,NA,taylor,taylor__taylor_int16_10e2__929fe8cf98a486fd__periodic,taylor_int16_10e2,10^2,100,window_positions=[100],INT16,GPU,not_applicable,compatibility/end-to-end,PASS,OK,20,100,0,0.34423500000000001,true,929fe8cf98a486fdf99d4b5fa93a4722c16932d959bb56b7c2075c78d5315c01,f55b637ab78d9d0c59b514a53a5720b7c253d7e7abecc3eb2b96cfde2b077cb2
1,20260807T161424Z_1c045bd7e750_stage08_b02_formal_8d000213,formal,20260807T161424Z,1c045bd7e750084695a5cdcfe898f79955047f01,true,stage08_b02_taylor_scales_v1,1e7a268332169dbf26515052ca42f187fc360013dd724c8f10fd2a57331a5876,operator,taylor,NA,NA,taylor,taylor__taylor_int16_10e2__929fe8cf98a486fd__periodic,taylor_int16_10e2,10^2,100,window_positions=[100],INT16,GPU,not_applicable,compatibility/end-to-end,PASS,OK,20,100,1,0.343275,true,929fe8cf98a486fdf99d4b5fa93a4722c16932d959bb56b7c2075c78d5315c01,f55b637ab78d9d0c59b514a53a5720b7c253d7e7abecc3eb2b96cfde2b077cb2
1,20260807T161424Z_1c045bd7e750_stage08_b02_formal_8d000213,formal,20260807T161424Z,1c045bd7e750084695a5cdcfe898f79955047f01,true,stage08_b02_taylor_scales_v1,1e7a268332169dbf26515052ca42f187fc360013dd724c8f10fd2a57331a5876,operator,taylor,NA,NA,taylor,taylor__taylor_int16_10e2__929fe8cf98a486fd__periodic,taylor_int16_10e2,10^2,100,window_positions=[100],INT16,GPU,not_applicable,compatibility/end-to-end,PASS,OK,20,100,2,0.34018500000000002,true,929fe8cf98a486fdf99d4b5fa93a4722c16932d959bb56b7c2075c78d5315c01,f55b637ab78d9d0c59b514a53a5720b7c253d7e7abecc3eb2b96cfde2b077cb2
1,20260807T161424Z_1c045bd7e750_stage08_b02_formal_8d000213,formal,20260807T161424Z,1c045bd7e750084695a5cdcfe898f79955047f01,true,stage08_b02_taylor_scales_v1,1e7a268332169dbf26515052ca42f187fc360013dd724c8f10fd2a57331a5876,operator,taylor,NA,NA,taylor,taylor__taylor_int16_10e2__929fe8cf98a486fd__periodic,taylor_int16_10e2,10^2,100,window_positions=[100],INT16,GPU,not_applicable,compatibility/end-to-end,PASS,OK,20,100,3,0.33787400000000001,true,929fe8cf98a486fdf99d4b5fa93a4722c16932d959bb56b7c2075c78d5315c01,f55b637ab78d9d0c59b514a53a5720b7c253d7e7abecc3eb2b96cfde2b077cb2
1,20260807T161424Z_1c045bd7e750_stage08_b02_formal_8d000213,formal,20260807T161424Z,1c045bd7e750084695a5cdcfe898f79955047f01,true,stage08_b02_taylor_scales_v1,1e7a268332169dbf26515052ca42f187fc360013dd724c8f10fd2a57331a5876,operator,taylor,NA,NA,taylor,taylor__taylor_int16_10e2__929fe8cf98a486fd__periodic,taylor_int16_10e2,10^2,100,window_positions=[100],INT16,GPU,not_applicable,compatibility/end-to-end,PASS,OK,20,100,4,0.34284500000000001,true,929fe8cf98a486fdf99d4b5fa93a4722c16932d959bb56b7c2075c78d5315c01,f55b637ab78d9d0c59b514a53a5720b7c253d7e7abecc3eb2b96cfde2b077cb2
1,20260807T161424Z_1c045bd7e750_stage08_b02_formal_8d000213,formal,20260807T161424Z,1c045bd7e750084695a5cdcfe898f79955047f01,true,stage08_b02_taylor_scales_v1,1e7a268332169dbf26515052ca42f187fc360013dd724c8f10fd2a57331a5876,operator,taylor,NA,NA,taylor,taylor__taylor_int16_10e2__929fe8cf98a486fd__periodic,taylor_int16_10e2,10^2,100,window_positions=[100],INT16,GPU,not_applicable,compatibility/end-to-end,PASS,OK,20,100,5,0.34896500000000003,true,929fe8cf98a486fdf99d4b5fa93a4722c16932d959bb56b7c2075c78d5315c01,f55b637ab78d9d0c59b514a53a5720b7c253d7e7abecc3eb2b96cfde2b077cb2
1,20260807T161424Z_1c045bd7e750_stage08_b02_formal_8d000213,formal,20260807T161424Z,1c045bd7e750084695a5cdcfe898f79955047f01,true,stage08_b02_taylor_scales_v1,1e7a268332169dbf26515052ca42f187fc360013dd724c8f10fd2a57331a5876,operator,taylor,NA,NA,taylor,taylor__taylor_int16_10e2__929fe8cf98a486fd__periodic,taylor_int16_10e2,10^2,100,window_positions=[100],INT16,GPU,not_applicable,compatibility/end-to-end,PASS,OK,20,100,6,0.35111599999999998,true,929fe8cf98a486fdf99d4b5fa93a4722c16932d959bb56b7c2075c78d5315c01,f55b637ab78d9d0c59b514a53a5720b7c253d7e7abecc3eb2b96cfde2b077cb2
1,20260807T161424Z_1c045bd7e750_stage08_b02_formal_8d000213,formal,20260807T161424Z,1c045bd7e750084695a5cdcfe898f79955047f01,true,stage08_b02_taylor_scales_v1,1e7a268332169dbf26515052ca42f187fc360013dd724c8f10fd2a57331a5876,operator,taylor,NA,NA,taylor,taylor__taylor_int16_10e2__929fe8cf98a486fd__periodic,taylor_int16_10e2,10^2,100,window_positions=[100],INT16,GPU,not_applicable,compatibility/end-to-end,PASS,OK,20,100,7,0.349995,true,929fe8cf98a486fdf99d4b5fa93a4722c16932d959bb56b7c2075c78d5315c01,f55b637ab78d9d0c59b514a53a5720b7c253d7e7abecc3eb2b96cfde2b077cb2
1,20260807T161424Z_1c045bd7e750_stage08_b02_formal_8d000213,formal,20260807T161424Z,1c045bd7e750084695a5cdcfe898f79955047f01,true,stage08_b02_taylor_scales_v1,1e7a268332169dbf26515052ca42f187fc360013dd724c8f10fd2a57331a5876,operator,taylor,NA,NA,taylor,taylor__taylor_int16_10e2__929fe8cf98a486fd__periodic,taylor_int16_10e2,10^2,100,window_positions=[100],INT16,GPU,not_applicable,compatibility/end-to-end,PASS,OK,20,100,8,0.36471599999999998,true,929fe8cf98a486fdf99d4b5fa93a4722c16932d959bb56b7c2075c78d5315c01,f55b637ab78d9d0c59b514a53a5720b7c253d7e7abecc3eb2b96cfde2b077cb2
1,20260807T161424Z_1c045bd7e750_stage08_b02_formal_8d000213,formal,20260807T161424Z,1c045bd7e750084695a5cdcfe898f79955047f01,true,stage08_b02_taylor_scales_v1,1e7a268332169dbf26515052ca42f187fc360013dd724c8f10fd2a57331a5876,operator,taylor,NA,NA,taylor,taylor__taylor_int16_10e2__929fe8cf98a486fd__periodic,taylor_int16_10e2,10^2,100,window_positions=[100],INT16,GPU,not_applicable,compatibility/end-to-end,PASS,OK,20,100,9,0.34226400000000001,true,929fe8cf98a486fdf99d4b5fa93a4722c16932d959bb56b7c2075c78d5315c01,f55b637ab78d9d0c59b514a53a5720b7c253d7e7abecc3eb2b96cfde2b077cb2
1,20260807T161424Z_1c045bd7e750_stage08_b02_formal_8d000213,formal,20260807T161424Z,1c045bd7e750084695a5cdcfe898f79955047f01,true,stage08_b02_taylor_scales_v1,1e7a268332169dbf26515052ca42f187fc360013dd724c8f10fd2a57331a5876,operator,taylor,NA,NA,taylor,taylor__taylor_int16_10e2__929fe8cf98a486fd__periodic,taylor_int16_10e2,10^2,100,window_positions=[100],INT16,GPU,not_applicable,compatibility/end-to-end,PASS,OK,20,100,10,0.34440399999999999,true,929fe8cf98a486fdf99d4b5fa93a4722c16932d959bb56b7c2075c78d5315c01,f55b637ab78d9d0c59b514a53a5720b7c253d7e7abecc3eb2b96cfde2b077cb2
1,20260807T161424Z_1c045bd7e750_stage08_b02_formal_8d000213,formal,20260807T161424Z,1c045bd7e750084695a5cdcfe898f79955047f01,true,stage08_b02_taylor_scales_v1,1e7a268332169dbf26515052ca42f187fc360013dd724c8f10fd2a57331a5876,operator,taylor,NA,NA,taylor,taylor__taylor_int16_10e2__929fe8cf98a486fd__periodic,taylor_int16_10e2,10^2,100,window_positions=[100],INT16,GPU,not_applicable,compatibility/end-to-end,PASS,OK,20,100,11,0.35278500000000002,true,929fe8cf98a486fdf99d4b5fa93a4722c16932d959bb56b7c2075c78d5315c01,f55b637ab78d9d0c59b514a53a5720b7c253d7e7abecc3eb2b96cfde2b077cb2
1,20260807T161424Z_1c045bd7e750_stage08_b02_formal_8d000213,formal,20260807T161424Z,1c045bd7e750084695a5cdcfe898f79955047f01,true,stage08_b02_taylor_scales_v1,1e7a268332169dbf26515052ca42f187fc360013dd724c8f10fd2a57331a5876,operator,taylor,NA,NA,taylor,taylor__taylor_int16_10e2__929fe8cf98a486fd__periodic,taylor_int16_10e2,10^2,100,window_positions=[100],INT16,GPU,not_applicable,compatibility/end-to-end,PASS,OK,20,100,12,0.346105,true,929fe8cf98a486fdf99d4b5fa93a4722c16932d959bb56b7c2075c78d5315c01,f55b637ab78d9d0c59b514a53a5720b7c253d7e7abecc3eb2b96cfde2b077cb2
1,20260807T161424Z_1c045bd7e750_stage08_b02_formal_8d000213,formal,20260807T161424Z,1c045bd7e750084695a5cdcfe898f79955047f01,true,stage08_b02_taylor_scales_v1,1e7a268332169dbf26515052ca42f187fc360013dd724c8f10fd2a57331a5876,operator,taylor,NA,NA,taylor,taylor__taylor_int16_10e2__929fe8cf98a486fd__periodic,taylor_int16_10e2,10^2,100,window_positions=[100],INT16,GPU,not_applicable,compatibility/end-to-end,PASS,OK,20,100,13,0.35292499999999999,true,929fe8cf98a486fdf99d4b5fa93a4722c16932d959bb56b7c2075c78d5315c01,f55b637ab78d9d0c59b514a53a5720b7c253d7e7abecc3eb2b96cfde2b077cb2
1,20260807T161424Z_1c045bd7e750_stage08_b02_formal_8d000213,formal,20260807T161424Z,1c045bd7e750084695a5cdcfe898f79955047f01,true,stage08_b02_taylor_scales_v1,1e7a268332169dbf26515052ca42f187fc360013dd724c8f10fd2a57331a5876,operator,taylor,NA,NA,taylor,taylor__taylor_int16_10e2__929fe8cf98a486fd__periodic,taylor_int16_10e2,10^2,100,window_positions=[100],INT16,GPU,not_applicable,compatibility/end-to-end,PASS,OK,20,100,14,0.34654499999999999,true,929fe8cf98a486fdf99d4b5fa93a4722c16932d959bb56b7c2075c78d5315c01,f55b637ab78d9d0c59b514a53a5720b7c253d7e7abecc3eb2b96cfde2b077cb2
1,20260807T161424Z_1c045bd7e750_stage08_b02_formal_8d000213,formal,20260807T161424Z,1c045bd7e750084695a5cdcfe898f79955047f01,true,stage08_b02_taylor_scales_v1,1e7a268332169dbf26515052ca42f187fc360013dd724c8f10fd2a57331a5876,operator,taylor,NA,NA,taylor,taylor__taylor_int16_10e2__929fe8cf98a486fd__periodic,taylor_int16_10e2,10^2,100,window_positions=[100],INT16,GPU,not_applicable,compatibility/end-to-end,PASS,OK,20,100,15,0.34335500000000002,true,929fe8cf98a486fdf99d4b5fa93a4722c16932d959bb56b7c2075c78d5315c01,f55b637ab78d9d0c59b514a53a5720b7c253d7e7abecc3eb2b96cfde2b077cb2
1,20260807T161424Z_1c045bd7e750_stage08_b02_formal_8d000213,formal,20260807T161424Z,1c045bd7e750084695a5cdcfe898f79955047f01,true,stage08_b02_taylor_scales_v1,1e7a268332169dbf26515052ca42f187fc360013dd724c8f10fd2a57331a5876,operator,taylor,NA,NA,taylor,taylor__taylor_int16_10e2__929fe8cf98a486fd__periodic,taylor_int16_10e2,10^2,100,window_positions=[100],INT16,GPU,not_applicable,compatibility/end-to-end,PASS,OK,20,100,16,0.34789500000000001,true,929fe8cf98a486fdf99d4b5fa93a4722c16932d959bb56b7c2075c78d5315c01,f55b637ab78d9d0c59b514a53a5720b7c253d7e7abecc3eb2b96cfde2b077cb2
1,20260807T161424Z_1c045bd7e750_stage08_b02_formal_8d000213,formal,20260807T161424Z,1c045bd7e750084695a5cdcfe898f79955047f01,true,stage08_b02_taylor_scales_v1,1e7a268332169dbf26515052ca42f187fc360013dd724c8f10fd2a57331a5876,operator,taylor,NA,NA,taylor,taylor__taylor_int16_10e2__929fe8cf98a486fd__periodic,taylor_int16_10e2,10^2,100,window_positions=[100],INT16,GPU,not_applicable,compatibility/end-to-end,PASS,OK,20,100,17,0.34648600000000002,true,929fe8cf98a486fdf99d4b5fa93a4722c16932d959bb56b7c2075c78d5315c01,f55b637ab78d9d0c59b514a53a5720b7c253d7e7abecc3eb2b96cfde2b077cb2
1,20260807T161424Z_1c045bd7e750_stage08_b02_formal_8d000213,formal,20260807T161424Z,1c045bd7e750084695a5cdcfe898f79955047f01,true,stage08_b02_taylor_scales_v1,1e7a268332169dbf26515052ca42f187fc360013dd724c8f10fd2a57331a5876,operator,taylor,NA,NA,taylor,taylor__taylor_int16_10e2__929fe8cf98a486fd__periodic,taylor_int16_10e2,10^2,100,window_positions=[100],INT16,GPU,not_applicable,compatibility/end-to-end,PASS,OK,20,100,18,0.34743499999999999,true,929fe8cf98a486fdf99d4b5fa93a4722c16932d959bb56b7c2075c78d5315c01,f55b637ab78d9d0c59b514a53a5720b7c253d7e7abecc3eb2b96cfde2b077cb2
1,20260807T161424Z_1c045bd7e750_stage08_b02_formal_8d000213,formal,20260807T161424Z,1c045bd7e750084695a5cdcfe898f79955047f01,true,stage08_b02_taylor_scales_v1,1e7a268332169dbf26515052ca42f187fc360013dd724c8f10fd2a57331a5876,operator,taylor,NA,NA,taylor,taylor__taylor_int16_10e2__929fe8cf98a486fd__periodic,taylor_int16_10e2,10^2,100,window_positions=[100],INT16,GPU,not_applicable,compatibility/end-to-end,PASS,OK,20,100,19,0.346445,true,929fe8cf98a486fdf99d4b5fa93a4722c16932d959bb56b7c2075c78d5315c01,f55b637ab78d9d0c59b514a53a5720b7c253d7e7abecc3eb2b96cfde2b077cb2
1,20260807T161424Z_1c045bd7e750_stage08_b02_formal_8d000213,formal,20260807T161424Z,1c045bd7e750084695a5cdcfe898f79955047f01,true,stage08_b02_taylor_scales_v1,1e7a268332169dbf26515052ca42f187fc360013dd724c8f10fd2a57331a5876,operator,taylor,NA,NA,taylor,taylor__taylor_int16_10e2__929fe8cf98a486fd__periodic,taylor_int16_10e2,10^2,100,window_positions=[100],INT16,GPU,not_applicable,compatibility/end-to-end,PASS,OK,20,100,20,0.36298599999999998,true,929fe8cf98a486fdf99d4b5fa93a4722c16932d959bb56b7c2075c78d5315c01,f55b637ab78d9d0c59b514a53a5720b7c253d7e7abecc3eb2b96cfde2b077cb2
1,20260807T161424Z_1c045bd7e750_stage08_b02_formal_8d000213,formal,20260807T161424Z,1c045bd7e750084695a5cdcfe898f79955047f01,true,stage08_b02_taylor_scales_v1,1e7a268332169dbf26515052ca42f187fc360013dd724c8f10fd2a57331a5876,operator,taylor,NA,NA,taylor,taylor__taylor_int16_10e2__929fe8cf98a486fd__periodic,taylor_int16_10e2,10^2,100,window_positions=[100],INT16,GPU,not_applicable,compatibility/end-to-end,PASS,OK,20,100,21,0.34678500000000001,true,929fe8cf98a486fdf99d4b5fa93a4722c16932d959bb56b7c2075c78d5315c01,f55b637ab78d9d0c59b514a53a5720b7c253d7e7abecc3eb2b96cfde2b077cb2
1,20260807T161424Z_1c045bd7e750_stage08_b02_formal_8d000213,formal,20260807T161424Z,1c045bd7e750084695a5cdcfe898f79955047f01,true,stage08_b02_taylor_scales_v1,1e7a268332169dbf26515052ca42f187fc360013dd724c8f10fd2a57331a5876,operator,taylor,NA,NA,taylor,taylor__taylor_int16_10e2__929fe8cf98a486fd__periodic,taylor_int16_10e2,10^2,100,window_positions=[100],INT16,GPU,not_applicable,compatibility/end-to-end,PASS,OK,20,100,22,0.34935500000000003,true,929fe8cf98a486fdf99d4b5fa93a4722c16932d959bb56b7c2075c78d5315c01,f55b637ab78d9d0c59b514a53a5720b7c253d7e7abecc3eb2b96cfde2b077cb2
1,20260807T161424Z_1c045bd7e750_stage08_b02_formal_8d000213,formal,20260807T161424Z,1c045bd7e750084695a5cdcfe898f79955047f01,true,stage08_b02_taylor_scales_v1,1e7a268332169dbf26515052ca42f187fc360013dd724c8f10fd2a57331a5876,operator,taylor,NA,NA,taylor,taylor__taylor_int16_10e2__929fe8cf98a486fd__periodic,taylor_int16_10e2,10^2,100,window_positions=[100],INT16,GPU,not_applicable,compatibility/end-to-end,PASS,OK,20,100,23,0.346715,true,929fe8cf98a486fdf99d4b5fa93a4722c16932d959bb56b7c2075c78d5315c01,f55b637ab78d9d0c59b514a53a5720b7c253d7e7abecc3eb2b96cfde2b077cb2
1,20260807T161424Z_1c045bd7e750_stage08_b02_formal_8d000213,formal,20260807T161424Z,1c045bd7e750084695a5cdcfe898f79955047f01,true,stage08_b02_taylor_scales_v1,1e7a268332169dbf26515052ca42f187fc360013dd724c8f10fd2a57331a5876,operator,taylor,NA,NA,taylor,taylor__taylor_int16_10e2__929fe8cf98a486fd__periodic,taylor_int16_10e2,10^2,100,window_positions=[100],INT16,GPU,not_applicable,compatibility/end-to-end,PASS,OK,20,100,24,0.347105,true,929fe8cf98a486fdf99d4b5fa93a4722c16932d959bb56b7c2075c78d5315c01,f55b637ab78d9d0c59b514a53a5720b7c253d7e7abecc3eb2b96cfde2b077cb2
1,20260807T161424Z_1c045bd7e750_stage08_b02_formal_8d000213,formal,20260807T161424Z,1c045bd7e750084695a5cdcfe898f79955047f01,true,stage08_b02_taylor_scales_v1,1e7a268332169dbf26515052ca42f187fc360013dd724c8f10fd2a57331a5876,operator,taylor,NA,NA,taylor,taylor__taylor_int16_10e2__929fe8cf98a486fd__periodic,taylor_int16_10e2,10^2,100,window_positions=[100],INT16,GPU,not_applicable,compatibility/end-to-end,PASS,OK,20,100,25,0.347665,true,929fe8cf98a486fdf99d4b5fa93a4722c16932d959bb56b7c2075c78d5315c01,f55b637ab78d9d0c59b514a53a5720b7c253d7e7abecc3eb2b96cfde2b077cb2
1,20260807T161424Z_1c045bd7e750_stage08_b02_formal_8d000213,formal,20260807T161424Z,1c045bd7e750084695a5cdcfe898f79955047f01,true,stage08_b02_taylor_scales_v1,1e7a268332169dbf26515052ca42f187fc360013dd724c8f10fd2a57331a5876,operator,taylor,NA,NA,taylor,taylor__taylor_int16_10e2__929fe8cf98a486fd__periodic,taylor_int16_10e2,10^2,100,window_positions=[100],INT16,GPU,not_applicable,compatibility/end-to-end,PASS,OK,20,100,26,0.346225,true,929fe8cf98a486fdf99d4b5fa93a4722c16932d959bb56b7c2075c78d5315c01,f55b637ab78d9d0c59b514a53a5720b7c253d7e7abecc3eb2b96cfde2b077cb2
1,20260807T161424Z_1c045bd7e750_stage08_b02_formal_8d000213,formal,20260807T161424Z,1c045bd7e750084695a5cdcfe898f79955047f01,true,stage08_b02_taylor_scales_v1,1e7a268332169dbf26515052ca42f187fc360013dd724c8f10fd2a57331a5876,operator,taylor,NA,NA,taylor,taylor__taylor_int16_10e2__929fe8cf98a486fd__periodic,taylor_int16_10e2,10^2,100,window_positions=[100],INT16,GPU,not_applicable,compatibility/end-to-end,PASS,OK,20,100,27,0.34342499999999998,true,929fe8cf98a486fdf99d4b5fa93a4722c16932d959bb56b7c2075c78d5315c01,f55b637ab78d9d0c59b514a53a5720b7c253d7e7abecc3eb2b96cfde2b077cb2
1,20260807T161424Z_1c045bd7e750_stage08_b02_formal_8d000213,formal,20260807T161424Z,1c045bd7e750084695a5cdcfe898f79955047f01,true,stage08_b02_taylor_scales_v1,1e7a268332169dbf26515052ca42f187fc360013dd724c8f10fd2a57331a5876,operator,taylor,NA,NA,taylor,taylor__taylor_int16_10e2__929fe8cf98a486fd__periodic,taylor_int16_10e2,10^2,100,window_positions=[100],INT16,GPU,not_applicable,compatibility/end-to-end,PASS,OK,20,100,28,0.345495,true,929fe8cf98a486fdf99d4b5fa93a4722c16932d959bb56b7c2075c78d5315c01,f55b637ab78d9d0c59b514a53a5720b7c253d7e7abecc3eb2b96cfde2b077cb2
1,20260807T161424Z_1c045bd7e750_stage08_b02_formal_8d000213,formal,20260807T161424Z,1c045bd7e750084695a5cdcfe898f79955047f01,true,stage08_b02_taylor_scales_v1,1e7a268332169dbf26515052ca42f187fc360013dd724c8f10fd2a57331a5876,operator,taylor,NA,NA,taylor,taylor__taylor_int16_10e2__929fe8cf98a486fd__periodic,taylor_int16_10e2,10^2,100,window_positions=[100],INT16,GPU,not_applicable,compatibility/end-to-end,PASS,OK,20,100,29,0.34228500000000001,true,929fe8cf98a486fdf99d4b5fa93a4722c16932d959bb56b7c2075c78d5315c01,f55b637ab78d9d0c59b514a53a5720b7c253d7e7abecc3eb2b96cfde2b077cb2
1,20260807T161424Z_1c045bd7e750_stage08_b02_formal_8d000213,formal,20260807T161424Z,1c045bd7e750084695a5cdcfe898f79955047f01,true,stage08_b02_taylor_scales_v1,1e7a268332169dbf26515052ca42f187fc360013dd724c8f10fd2a57331a5876,operator,taylor,NA,NA,taylor,taylor__taylor_int16_10e2__929fe8cf98a486fd__periodic,taylor_int16_10e2,10^2,100,window_positions=[100],INT16,GPU,not_applicable,compatibility/end-to-end,PASS,OK,20,100,30,0.34873500000000002,true,929fe8cf98a486fdf99d4b5fa93a4722c16932d959bb56b7c2075c78d5315c01,f55b637ab78d9d0c59b514a53a5720b7c253d7e7abecc3eb2b96cfde2b077cb2
1,20260807T161424Z_1c045bd7e750_stage08_b02_formal_8d000213,formal,20260807T161424Z,1c045bd7e750084695a5cdcfe898f79955047f01,true,stage08_b02_taylor_scales_v1,1e7a268332169dbf26515052ca42f187fc360013dd724c8f10fd2a57331a5876,operator,taylor,NA,NA,taylor,taylor__taylor_int16_10e2__929fe8cf98a486fd__periodic,taylor_int16_10e2,10^2,100,window_positions=[100],INT16,GPU,not_applicable,compatibility/end-to-end,PASS,OK,20,100,31,0.40201799999999999,true,929fe8cf98a486fdf99d4b5fa93a4722c16932d959bb56b7c2075c78d5315c01,f55b637ab78d9d0c59b514a53a5720b7c253d7e7abecc3eb2b96cfde2b077cb2
1,20260807T161424Z_1c045bd7e750_stage08_b02_formal_8d000213,formal,20260807T161424Z,1c045bd7e750084695a5cdcfe898f79955047f01,true,stage08_b02_taylor_scales_v1,1e7a268332169dbf26515052ca42f187fc360013dd724c8f10fd2a57331a5876,operator,taylor,NA,NA,taylor,taylor__taylor_int16_10e2__929fe8cf98a486fd__periodic,taylor_int16_10e2,10^2,100,window_positions=[100],INT16,GPU,not_applicable,compatibility/end-to-end,PASS,OK,20,100,32,0.36071599999999998,true,929fe8cf98a486fdf99d4b5fa93a4722c16932d959bb56b7c2075c78d5315c01,f55b637ab78d9d0c59b514a53a5720b7c253d7e7abecc3eb2b96cfde2b077cb2
1,20260807T161424Z_1c045bd7e750_stage08_b02_formal_8d000213,formal,20260807T161424Z,1c045bd7e750084695a5cdcfe898f79955047f01,true,stage08_b02_taylor_scales_v1,1e7a268332169dbf26515052ca42f187fc360013dd724c8f10fd2a57331a5876,operator,taylor,NA,NA,taylor,taylor__taylor_int16_10e2__929fe8cf98a486fd__periodic,taylor_int16_10e2,10^2,100,window_positions=[100],INT16,GPU,not_applicable,compatibility/end-to-end,PASS,OK,20,100,33,0.34630499999999997,true,929fe8cf98a486fdf99d4b5fa93a4722c16932d959bb56b7c2075c78d5315c01,f55b637ab78d9d0c59b514a53a5720b7c253d7e7abecc3eb2b96cfde2b077cb2
1,20260807T161424Z_1c045bd7e750_stage08_b02_formal_8d000213,formal,20260807T161424Z,1c045bd7e750084695a5cdcfe898f79955047f01,true,stage08_b02_taylor_scales_v1,1e7a268332169dbf26515052ca42f187fc360013dd724c8f10fd2a57331a5876,operator,taylor,NA,NA,taylor,taylor__taylor_int16_10e2__929fe8cf98a486fd__periodic,taylor_int16_10e2,10^2,100,window_positions=[100],INT16,GPU,not_applicable,compatibility/end-to-end,PASS,OK,20,100,34,0.342084,true,929fe8cf98a486fdf99d4b5fa93a4722c16932d959bb56b7c2075c78d5315c01,f55b637ab78d9d0c59b514a53a5720b7c253d7e7abecc3eb2b96cfde2b077cb2
1,20260807T161424Z_1c045bd7e750_stage08_b02_formal_8d000213,formal,20260807T161424Z,1c045bd7e750084695a5cdcfe898f79955047f01,true,stage08_b02_taylor_scales_v1,1e7a268332169dbf26515052ca42f187fc360013dd724c8f10fd2a57331a5876,operator,taylor,NA,NA,taylor,taylor__taylor_int16_10e2__929fe8cf98a486fd__periodic,taylor_int16_10e2,10^2,100,window_positions=[100],INT16,GPU,not_applicable,compatibility/end-to-end,PASS,OK,20,100,35,0.33949499999999999,true,929fe8cf98a486fdf99d4b5fa93a4722c16932d959bb56b7c2075c78d5315c01,f55b637ab78d9d0c59b514a53a5720b7c253d7e7abecc3eb2b96cfde2b077cb2
1,20260807T161424Z_1c045bd7e750_stage08_b02_formal_8d000213,formal,20260807T161424Z,1c045bd7e750084695a5cdcfe898f79955047f01,true,stage08_b02_taylor_scales_v1,1e7a268332169dbf26515052ca42f187fc360013dd724c8f10fd2a57331a5876,operator,taylor,NA,NA,taylor,taylor__taylor_int16_10e2__929fe8cf98a486fd__periodic,taylor_int16_10e2,10^2,100,window_positions=[100],INT16,GPU,not_applicable,compatibility/end-to-end,PASS,OK,20,100,36,0.343615,true,929fe8cf98a486fdf99d4b5fa93a4722c16932d959bb56b7c2075c78d5315c01,f55b637ab78d9d0c59b514a53a5720b7c253d7e7abecc3eb2b96cfde2b077cb2
1,20260807T161424Z_1c045bd7e750_stage08_b02_formal_8d000213,formal,20260807T161424Z,1c045bd7e750084695a5cdcfe898f79955047f01,true,stage08_b02_taylor_scales_v1,1e7a268332169dbf26515052ca42f187fc360013dd724c8f10fd2a57331a5876,operator,taylor,NA,NA,taylor,taylor__taylor_int16_10e2__929fe8cf98a486fd__periodic,taylor_int16_10e2,10^2,100,window_positions=[100],INT16,GPU,not_applicable,compatibility/end-to-end,PASS,OK,20,100,37,0.34369499999999997,true,929fe8cf98a486fdf99d4b5fa93a4722c16932d959bb56b7c2075c78d5315c01,f55b637ab78d9d0c59b514a53a5720b7c253d7e7abecc3eb2b96cfde2b077cb2
1,20260807T161424Z_1c045bd7e750_stage08_b02_formal_8d000213,formal,20260807T161424Z,1c045bd7e750084695a5cdcfe898f79955047f01,true,stage08_b02_taylor_scales_v1,1e7a268332169dbf26515052ca42f187fc360013dd724c8f10fd2a57331a5876,operator,taylor,NA,NA,taylor,taylor__taylor_int16_10e2__929fe8cf98a486fd__periodic,taylor_int16_10e2,10^2,100,window_positions=[100],INT16,GPU,not_applicable,compatibility/end-to-end,PASS,OK,20,100,38,0.35803600000000002,true,929fe8cf98a486fdf99d4b5fa93a4722c16932d959bb56b7c2075c78d5315c01,f55b637ab78d9d0c59b514a53a5720b7c253d7e7abecc3eb2b96cfde2b077cb2
1,20260807T161424Z_1c045bd7e750_stage08_b02_formal_8d000213,formal,20260807T161424Z,1c045bd7e750084695a5cdcfe898f79955047f01,true,stage08_b02_taylor_scales_v1,1e7a268332169dbf26515052ca42f187fc360013dd724c8f10fd2a57331a5876,operator,taylor,NA,NA,taylor,taylor__taylor_int16_10e2__929fe8cf98a486fd__periodic,taylor_int16_10e2,10^2,100,window_positions=[100],INT16,GPU,not_applicable,compatibility/end-to-end,PASS,OK,20,100,39,0.37573600000000001,true,929fe8cf98a486fdf99d4b5fa93a4722c16932d959bb56b7c2075c78d5315c01,f55b637ab78d9d0c59b514a53a5720b7c253d7e7abecc3eb2b96cfde2b077cb2
1,20260807T161424Z_1c045bd7e750_stage08_b02_formal_8d000213,formal,20260807T161424Z,1c045bd7e750084695a5cdcfe898f79955047f01,true,stage08_b02_taylor_scales_v1,1e7a268332169dbf26515052ca42f187fc360013dd724c8f10fd2a57331a5876,operator,taylor,NA,NA,taylor,taylor__taylor_int16_10e2__929fe8cf98a486fd__periodic,taylor_int16_10e2,10^2,100,window_positions=[100],INT16,GPU,not_applicable,compatibility/end-to-end,PASS,OK,20,100,40,0.34557500000000002,true,929fe8cf98a486fdf99d4b5fa93a4722c16932d959bb56b7c2075c78d5315c01,f55b637ab78d9d0c59b514a53a5720b7c253d7e7abecc3eb2b96cfde2b077cb2
1,20260807T161424Z_1c045bd7e750_stage08_b02_formal_8d000213,formal,20260807T161424Z,1c045bd7e750084695a5cdcfe898f79955047f01,true,stage08_b02_taylor_scales_v1,1e7a268332169dbf26515052ca42f187fc360013dd724c8f10fd2a57331a5876,operator,taylor,NA,NA,taylor,taylor__taylor_int16_10e2__929fe8cf98a486fd__periodic,taylor_int16_10e2,10^2,100,window_positions=[100],INT16,GPU,not_applicable,compatibility/end-to-end,PASS,OK,20,100,41,0.34509499999999999,true,929fe8cf98a486fdf99d4b5fa93a4722c16932d959bb56b7c2075c78d5315c01,f55b637ab78d9d0c59b514a53a5720b7c253d7e7abecc3eb2b96cfde2b077cb2
1,20260807T161424Z_1c045bd7e750_stage08_b02_formal_8d000213,formal,20260807T161424Z,1c045bd7e750084695a5cdcfe898f79955047f01,true,stage08_b02_taylor_scales_v1,1e7a268332169dbf26515052ca42f187fc360013dd724c8f10fd2a57331a5876,operator,taylor,NA,NA,taylor,taylor__taylor_int16_10e2__929fe8cf98a486fd__periodic,taylor_int16_10e2,10^2,100,window_positions=[100],INT16,GPU,not_applicable,compatibility/end-to-end,PASS,OK,20,100,42,0.35151500000000002,true,929fe8cf98a486fdf99d4b5fa93a4722c16932d959bb56b7c2075c78d5315c01,f55b637ab78d9d0c59b514a53a5720b7c253d7e7abecc3eb2b96cfde2b077cb2
1,20260807T161424Z_1c045bd7e750_stage08_b02_formal_8d000213,formal,20260807T161424Z,1c045bd7e750084695a5cdcfe898f79955047f01,true,stage08_b02_taylor_scales_v1,1e7a268332169dbf26515052ca42f187fc360013dd724c8f10fd2a57331a5876,operator,taylor,NA,NA,taylor,taylor__taylor_int16_10e2__929fe8cf98a486fd__periodic,taylor_int16_10e2,10^2,100,window_positions=[100],INT16,GPU,not_applicable,compatibility/end-to-end,PASS,OK,20,100,43,0.367786,true,929fe8cf98a486fdf99d4b5fa93a4722c16932d959bb56b7c2075c78d5315c01,f55b637ab78d9d0c59b514a53a5720b7c253d7e7abecc3eb2b96cfde2b077cb2
1,20260807T161424Z_1c045bd7e750_stage08_b02_formal_8d000213,formal,20260807T161424Z,1c045bd7e750084695a5cdcfe898f79955047f01,true,stage08_b02_taylor_scales_v1,1e7a268332169dbf26515052ca42f187fc360013dd724c8f10fd2a57331a5876,operator,taylor,NA,NA,taylor,taylor__taylor_int16_10e2__929fe8cf98a486fd__periodic,taylor_int16_10e2,10^2,100,window_positions=[100],INT16,GPU,not_applicable,compatibility/end-to-end,PASS,OK,20,100,44,0.35012500000000002,true,929fe8cf98a486fdf99d4b5fa93a4722c16932d959bb56b7c2075c78d5315c01,f55b637ab78d9d0c59b514a53a5720b7c253d7e7abecc3eb2b96cfde2b077cb2
1,20260807T161424Z_1c045bd7e750_stage08_b02_formal_8d000213,formal,20260807T161424Z,1c045bd7e750084695a5cdcfe898f79955047f01,true,stage08_b02_taylor_scales_v1,1e7a268332169dbf26515052ca42f187fc360013dd724c8f10fd2a57331a5876,operator,taylor,NA,NA,taylor,taylor__taylor_int16_10e2__929fe8cf98a486fd__periodic,taylor_int16_10e2,10^2,100,window_positions=[100],INT16,GPU,not_applicable,compatibility/end-to-end,PASS,OK,20,100,45,0.344225,true,929fe8cf98a486fdf99d4b5fa93a4722c16932d959bb56b7c2075c78d5315c01,f55b637ab78d9d0c59b514a53a5720b7c253d7e7abecc3eb2b96cfde2b077cb2
1,20260807T161424Z_1c045bd7e750_stage08_b02_formal_8d000213,formal,20260807T161424Z,1c045bd7e750084695a5cdcfe898f79955047f01,true,stage08_b02_taylor_scales_v1,1e7a268332169dbf26515052ca42f187fc360013dd724c8f10fd2a57331a5876,operator,taylor,NA,NA,taylor,taylor__taylor_int16_10e2__929fe8cf98a486fd__periodic,taylor_int16_10e2,10^2,100,window_positions=[100],INT16,GPU,not_applicable,compatibility/end-to-end,PASS,OK,20,100,46,0.34341500000000003,true,929fe8cf98a486fdf99d4b5fa93a4722c16932d959bb56b7c2075c78d5315c01,f55b637ab78d9d0c59b514a53a5720b7c253d7e7abecc3eb2b96cfde2b077cb2
1,20260807T161424Z_1c045bd7e750_stage08_b02_formal_8d000213,formal,20260807T161424Z,1c045bd7e750084695a5cdcfe898f79955047f01,true,stage08_b02_taylor_scales_v1,1e7a268332169dbf26515052ca42f187fc360013dd724c8f10fd2a57331a5876,operator,taylor,NA,NA,taylor,taylor__taylor_int16_10e2__929fe8cf98a486fd__periodic,taylor_int16_10e2,10^2,100,window_positions=[100],INT16,GPU,not_applicable,compatibility/end-to-end,PASS,OK,20,100,47,0.34374500000000002,true,929fe8cf98a486fdf99d4b5fa93a4722c16932d959bb56b7c2075c78d5315c01,f55b637ab78d9d0c59b514a53a5720b7c253d7e7abecc3eb2b96cfde2b077cb2
1,20260807T161424Z_1c045bd7e750_stage08_b02_formal_8d000213,formal,20260807T161424Z,1c045bd7e750084695a5cdcfe898f79955047f01,true,stage08_b02_taylor_scales_v1,1e7a268332169dbf26515052ca42f187fc360013dd724c8f10fd2a57331a5876,operator,taylor,NA,NA,taylor,taylor__taylor_int16_10e2__929fe8cf98a486fd__periodic,taylor_int16_10e2,10^2,100,window_positions=[100],INT16,GPU,not_applicable,compatibility/end-to-end,PASS,OK,20,100,48,0.37413600000000002,true,929fe8cf98a486fdf99d4b5fa93a4722c16932d959bb56b7c2075c78d5315c01,f55b637ab78d9d0c59b514a53a5720b7c253d7e7abecc3eb2b96cfde2b077cb2
1,20260807T161424Z_1c045bd7e750_stage08_b02_formal_8d000213,formal,20260807T161424Z,1c045bd7e750084695a5cdcfe898f79955047f01,true,stage08_b02_taylor_scales_v1,1e7a268332169dbf26515052ca42f187fc360013dd724c8f10fd2a57331a5876,operator,taylor,NA,NA,taylor,taylor__taylor_int16_10e2__929fe8cf98a486fd__periodic,taylor_int16_10e2,10^2,100,window_positions=[100],INT16,GPU,not_applicable,compatibility/end-to-end,PASS,OK,20,100,49,0.35341499999999998,true,929fe8cf98a486fdf99d4b5fa93a4722c16932d959bb56b7c2075c78d5315c01,f55b637ab78d9d0c59b514a53a5720b7c253d7e7abecc3eb2b96cfde2b077cb2
1,20260807T161424Z_1c045bd7e750_stage08_b02_formal_8d000213,formal,20260807T161424Z,1c045bd7e750084695a5cdcfe898f79955047f01,true,stage08_b02_taylor_scales_v1,1e7a268332169dbf26515052ca42f187fc360013dd724c8f10fd2a57331a5876,operator,taylor,NA,NA,taylor,taylor__taylor_int16_10e2__929fe8cf98a486fd__periodic,taylor_int16_10e2,10^2,100,window_positions=[100],INT16,GPU,not_applicable,compatibility/end-to-end,PASS,OK,20,100,50,0.34569499999999997,true,929fe8cf98a486fdf99d4b5fa93a4722c16932d959bb56b7c2075c78d5315c01,f55b637ab78d9d0c59b514a53a5720b7c253d7e7abecc3eb2b96cfde2b077cb2
1,20260807T161424Z_1c045bd7e750_stage08_b02_formal_8d000213,formal,20260807T161424Z,1c045bd7e750084695a5cdcfe898f79955047f01,true,stage08_b02_taylor_scales_v1,1e7a268332169dbf26515052ca42f187fc360013dd724c8f10fd2a57331a5876,operator,taylor,NA,NA,taylor,taylor__taylor_int16_10e2__929fe8cf98a486fd__periodic,taylor_int16_10e2,10^2,100,window_positions=[100],INT16,GPU,not_applicable,compatibility/end-to-end,PASS,OK,20,100,51,0.34176499999999999,true,929fe8cf98a486fdf99d4b5fa93a4722c16932d959bb56b7c2075c78d5315c01,f55b637ab78d9d0c59b514a53a5720b7c253d7e7abecc3eb2b96cfde2b077cb2
1,20260807T161424Z_1c045bd7e750_stage08_b02_formal_8d000213,formal,20260807T161424Z,1c045bd7e750084695a5cdcfe898f79955047f01,true,stage08_b02_taylor_scales_v1,1e7a268332169dbf26515052ca42f187fc360013dd724c8f10fd2a57331a5876,operator,taylor,NA,NA,taylor,taylor__taylor_int16_10e2__929fe8cf98a486fd__periodic,taylor_int16_10e2,10^2,100,window_positions=[100],INT16,GPU,not_applicable,compatibility/end-to-end,PASS,OK,20,100,52,0.34876499999999999,true,929fe8cf98a486fdf99d4b5fa93a4722c16932d959bb56b7c2075c78d5315c01,f55b637ab78d9d0c59b514a53a5720b7c253d7e7abecc3eb2b96cfde2b077cb2
1,20260807T161424Z_1c045bd7e750_stage08_b02_formal_8d000213,formal,20260807T161424Z,1c045bd7e750084695a5cdcfe898f79955047f01,true,stage08_b02_taylor_scales_v1,1e7a268332169dbf26515052ca42f187fc360013dd724c8f10fd2a57331a5876,operator,taylor,NA,NA,taylor,taylor__taylor_int16_10e2__929fe8cf98a486fd__periodic,taylor_int16_10e2,10^2,100,window_positions=[100],INT16,GPU,not_applicable,compatibility/end-to-end,PASS,OK,20,100,53,0.34213500000000002,true,929fe8cf98a486fdf99d4b5fa93a4722c16932d959bb56b7c2075c78d5315c01,f55b637ab78d9d0c59b514a53a5720b7c253d7e7abecc3eb2b96cfde2b077cb2
1,20260807T161424Z_1c045bd7e750_stage08_b02_formal_8d000213,formal,20260807T161424Z,1c045bd7e750084695a5cdcfe898f79955047f01,true,stage08_b02_taylor_scales_v1,1e7a268332169dbf26515052ca42f187fc360013dd724c8f10fd2a57331a5876,operator,taylor,NA,NA,taylor,taylor__taylor_int16_10e2__929fe8cf98a486fd__periodic,taylor_int16_10e2,10^2,100,window_positions=[100],INT16,GPU,not_applicable,compatibility/end-to-end,PASS,OK,20,100,54,0.34852499999999997,true,929fe8cf98a486fdf99d4b5fa93a4722c16932d959bb56b7c2075c78d5315c01,f55b637ab78d9d0c59b514a53a5720b7c253d7e7abecc3eb2b96cfde2b077cb2
1,20260807T161424Z_1c045bd7e750_stage08_b02_formal_8d000213,formal,20260807T161424Z,1c045bd7e750084695a5cdcfe898f79955047f01,true,stage08_b02_taylor_scales_v1,1e7a268332169dbf26515052ca42f187fc360013dd724c8f10fd2a57331a5876,operator,taylor,NA,NA,taylor,taylor__taylor_int16_10e2__929fe8cf98a486fd__periodic,taylor_int16_10e2,10^2,100,window_positions=[100],INT16,GPU,not_applicable,compatibility/end-to-end,PASS,OK,20,100,55,0.34712500000000002,true,929fe8cf98a486fdf99d4b5fa93a4722c16932d959bb56b7c2075c78d5315c01,f55b637ab78d9d0c59b514a53a5720b7c253d7e7abecc3eb2b96cfde2b077cb2
1,20260807T161424Z_1c045bd7e750_stage08_b02_formal_8d000213,formal,20260807T161424Z,1c045bd7e750084695a5cdcfe898f79955047f01,true,stage08_b02_taylor_scales_v1,1e7a268332169dbf26515052ca42f187fc360013dd724c8f10fd2a57331a5876,operator,taylor,NA,NA,taylor,taylor__taylor_int16_10e2__929fe8cf98a486fd__periodic,taylor_int16_10e2,10^2,100,window_positions=[100],INT16,GPU,not_applicable,compatibility/end-to-end,PASS,OK,20,100,56,0.346275,true,929fe8cf98a486fdf99d4b5fa93a4722c16932d959bb56b7c2075c78d5315c01,f55b637ab78d9d0c59b514a53a5720b7c253d7e7abecc3eb2b96cfde2b077cb2
1,20260807T161424Z_1c045bd7e750_stage08_b02_formal_8d000213,formal,20260807T161424Z,1c045bd7e750084695a5cdcfe898f79955047f01,true,stage08_b02_taylor_scales_v1,1e7a268332169dbf26515052ca42f187fc360013dd724c8f10fd2a57331a5876,operator,taylor,NA,NA,taylor,taylor__taylor_int16_10e2__929fe8cf98a486fd__periodic,taylor_int16_10e2,10^2,100,window_positions=[100],INT16,GPU,not_applicable,compatibility/end-to-end,PASS,OK,20,100,57,0.35542600000000002,true,929fe8cf98a486fdf99d4b5fa93a4722c16932d959bb56b7c2075c78d5315c01,f55b637ab78d9d0c59b514a53a5720b7c253d7e7abecc3eb2b96cfde2b077cb2
1,20260807T161424Z_1c045bd7e750_stage08_b02_formal_8d000213,formal,20260807T161424Z,1c045bd7e750084695a5cdcfe898f79955047f01,true,stage08_b02_taylor_scales_v1,1e7a268332169dbf26515052ca42f187fc360013dd724c8f10fd2a57331a5876,operator,taylor,NA,NA,taylor,taylor__taylor_int16_10e2__929fe8cf98a486fd__periodic,taylor_int16_10e2,10^2,100,window_positions=[100],INT16,GPU,not_applicable,compatibility/end-to-end,PASS,OK,20,100,58,0.351495,true,929fe8cf98a486fdf99d4b5fa93a4722c16932d959bb56b7c2075c78d5315c01,f55b637ab78d9d0c59b514a53a5720b7c253d7e7abecc3eb2b96cfde2b077cb2
1,20260807T161424Z_1c045bd7e750_stage08_b02_formal_8d000213,formal,20260807T161424Z,1c045bd7e750084695a5cdcfe898f79955047f01,true,stage08_b02_taylor_scales_v1,1e7a268332169dbf26515052ca42f187fc360013dd724c8f10fd2a57331a5876,operator,taylor,NA,NA,taylor,taylor__taylor_int16_10e2__929fe8cf98a486fd__periodic,taylor_int16_10e2,10^2,100,window_positions=[100],INT16,GPU,not_applicable,compatibility/end-to-end,PASS,OK,20,100,59,0.34615499999999999,true,929fe8cf98a486fdf99d4b5fa93a4722c16932d959bb56b7c2075c78d5315c01,f55b637ab78d9d0c59b514a53a5720b7c253d7e7abecc3eb2b96cfde2b077cb2
1,20260807T161424Z_1c045bd7e750_stage08_b02_formal_8d000213,formal,20260807T161424Z,1c045bd7e750084695a5cdcfe898f79955047f01,true,stage08_b02_taylor_scales_v1,1e7a268332169dbf26515052ca42f187fc360013dd724c8f10fd2a57331a5876,operator,taylor,NA,NA,taylor,taylor__taylor_int16_10e2__929fe8cf98a486fd__periodic,taylor_int16_10e2,10^2,100,window_positions=[100],INT16,GPU,not_applicable,compatibility/end-to-end,PASS,OK,20,100,60,0.34480499999999997,true,929fe8cf98a486fdf99d4b5fa93a4722c16932d959bb56b7c2075c78d5315c01,f55b637ab78d9d0c59b514a53a5720b7c253d7e7abecc3eb2b96cfde2b077cb2
1,20260807T161424Z_1c045bd7e750_stage08_b02_formal_8d000213,formal,20260807T161424Z,1c045bd7e750084695a5cdcfe898f79955047f01,true,stage08_b02_taylor_scales_v1,1e7a268332169dbf26515052ca42f187fc360013dd724c8f10fd2a57331a5876,operator,taylor,NA,NA,taylor,taylor__taylor_int16_10e2__929fe8cf98a486fd__periodic,taylor_int16_10e2,10^2,100,window_positions=[100],INT16,GPU,not_applicable,compatibility/end-to-end,PASS,OK,20,100,61,0.346995,true,929fe8cf98a486fdf99d4b5fa93a4722c16932d959bb56b7c2075c78d5315c01,f55b637ab78d9d0c59b514a53a5720b7c253d7e7abecc3eb2b96cfde2b077cb2
1,20260807T161424Z_1c045bd7e750_stage08_b02_formal_8d000213,formal,20260807T161424Z,1c045bd7e750084695a5cdcfe898f79955047f01,true,stage08_b02_taylor_scales_v1,1e7a268332169dbf26515052ca42f187fc360013dd724c8f10fd2a57331a5876,operator,taylor,NA,NA,taylor,taylor__taylor_int16_10e2__929fe8cf98a486fd__periodic,taylor_int16_10e2,10^2,100,window_positions=[100],INT16,GPU,not_applicable,compatibility/end-to-end,PASS,OK,20,100,62,0.34687499999999999,true,929fe8cf98a486fdf99d4b5fa93a4722c16932d959bb56b7c2075c78d5315c01,f55b637ab78d9d0c59b514a53a5720b7c253d7e7abecc3eb2b96cfde2b077cb2
1,20260807T161424Z_1c045bd7e750_stage08_b02_formal_8d000213,formal,20260807T161424Z,1c045bd7e750084695a5cdcfe898f79955047f01,true,stage08_b02_taylor_scales_v1,1e7a268332169dbf26515052ca42f187fc360013dd724c8f10fd2a57331a5876,operator,taylor,NA,NA,taylor,taylor__taylor_int16_10e2__929fe8cf98a486fd__periodic,taylor_int16_10e2,10^2,100,window_positions=[100],INT16,GPU,not_applicable,compatibility/end-to-end,PASS,OK,20,100,63,0.34281499999999998,true,929fe8cf98a486fdf99d4b5fa93a4722c16932d959bb56b7c2075c78d5315c01,f55b637ab78d9d0c59b514a53a5720b7c253d7e7abecc3eb2b96cfde2b077cb2
1,20260807T161424Z_1c045bd7e750_stage08_b02_formal_8d000213,formal,20260807T161424Z,1c045bd7e750084695a5cdcfe898f79955047f01,true,stage08_b02_taylor_scales_v1,1e7a268332169dbf26515052ca42f187fc360013dd724c8f10fd2a57331a5876,operator,taylor,NA,NA,taylor,taylor__taylor_int16_10e2__929fe8cf98a486fd__periodic,taylor_int16_10e2,10^2,100,window_positions=[100],INT16,GPU,not_applicable,compatibility/end-to-end,PASS,OK,20,100,64,0.34653499999999998,true,929fe8cf98a486fdf99d4b5fa93a4722c16932d959bb56b7c2075c78d5315c01,f55b637ab78d9d0c59b514a53a5720b7c253d7e7abecc3eb2b96cfde2b077cb2
1,20260807T161424Z_1c045bd7e750_stage08_b02_formal_8d000213,formal,20260807T161424Z,1c045bd7e750084695a5cdcfe898f79955047f01,true,stage08_b02_taylor_scales_v1,1e7a268332169dbf26515052ca42f187fc360013dd724c8f10fd2a57331a5876,operator,taylor,NA,NA,taylor,taylor__taylor_int16_10e2__929fe8cf98a486fd__periodic,taylor_int16_10e2,10^2,100,window_positions=[100],INT16,GPU,not_applicable,compatibility/end-to-end,PASS,OK,20,100,65,0.346945,true,929fe8cf98a486fdf99d4b5fa93a4722c16932d959bb56b7c2075c78d5315c01,f55b637ab78d9d0c59b514a53a5720b7c253d7e7abecc3eb2b96cfde2b077cb2
1,20260807T161424Z_1c045bd7e750_stage08_b02_formal_8d000213,formal,20260807T161424Z,1c045bd7e750084695a5cdcfe898f79955047f01,true,stage08_b02_taylor_scales_v1,1e7a268332169dbf26515052ca42f187fc360013dd724c8f10fd2a57331a5876,operator,taylor,NA,NA,taylor,taylor__taylor_int16_10e2__929fe8cf98a486fd__periodic,taylor_int16_10e2,10^2,100,window_positions=[100],INT16,GPU,not_applicable,compatibility/end-to-end,PASS,OK,20,100,66,0.36155599999999999,true,929fe8cf98a486fdf99d4b5fa93a4722c16932d959bb56b7c2075c78d5315c01,f55b637ab78d9d0c59b514a53a5720b7c253d7e7abecc3eb2b96cfde2b077cb2
1,20260807T161424Z_1c045bd7e750_stage08_b02_formal_8d000213,formal,20260807T161424Z,1c045bd7e750084695a5cdcfe898f79955047f01,true,stage08_b02_taylor_scales_v1,1e7a268332169dbf26515052ca42f187fc360013dd724c8f10fd2a57331a5876,operator,taylor,NA,NA,taylor,taylor__taylor_int16_10e2__929fe8cf98a486fd__periodic,taylor_int16_10e2,10^2,100,window_positions=[100],INT16,GPU,not_applicable,compatibility/end-to-end,PASS,OK,20,100,67,0.34815499999999999,true,929fe8cf98a486fdf99d4b5fa93a4722c16932d959bb56b7c2075c78d5315c01,f55b637ab78d9d0c59b514a53a5720b7c253d7e7abecc3eb2b96cfde2b077cb2
1,20260807T161424Z_1c045bd7e750_stage08_b02_formal_8d000213,formal,20260807T161424Z,1c045bd7e750084695a5cdcfe898f79955047f01,true,stage08_b02_taylor_scales_v1,1e7a268332169dbf26515052ca42f187fc360013dd724c8f10fd2a57331a5876,operator,taylor,NA,NA,taylor,taylor__taylor_int16_10e2__929fe8cf98a486fd__periodic,taylor_int16_10e2,10^2,100,window_positions=[100],INT16,GPU,not_applicable,compatibility/end-to-end,PASS,OK,20,100,68,0.342005,true,929fe8cf98a486fdf99d4b5fa93a4722c16932d959bb56b7c2075c78d5315c01,f55b637ab78d9d0c59b514a53a5720b7c253d7e7abecc3eb2b96cfde2b077cb2
1,20260807T161424Z_1c045bd7e750_stage08_b02_formal_8d000213,formal,20260807T161424Z,1c045bd7e750084695a5cdcfe898f79955047f01,true,stage08_b02_taylor_scales_v1,1e7a268332169dbf26515052ca42f187fc360013dd724c8f10fd2a57331a5876,operator,taylor,NA,NA,taylor,taylor__taylor_int16_10e2__929fe8cf98a486fd__periodic,taylor_int16_10e2,10^2,100,window_positions=[100],INT16,GPU,not_applicable,compatibility/end-to-end,PASS,OK,20,100,69,0.35003600000000001,true,929fe8cf98a486fdf99d4b5fa93a4722c16932d959bb56b7c2075c78d5315c01,f55b637ab78d9d0c59b514a53a5720b7c253d7e7abecc3eb2b96cfde2b077cb2
1,20260807T161424Z_1c045bd7e750_stage08_b02_formal_8d000213,formal,20260807T161424Z,1c045bd7e750084695a5cdcfe898f79955047f01,true,stage08_b02_taylor_scales_v1,1e7a268332169dbf26515052ca42f187fc360013dd724c8f10fd2a57331a5876,operator,taylor,NA,NA,taylor,taylor__taylor_int16_10e2__929fe8cf98a486fd__periodic,taylor_int16_10e2,10^2,100,window_positions=[100],INT16,GPU,not_applicable,compatibility/end-to-end,PASS,OK,20,100,70,0.34968500000000002,true,929fe8cf98a486fdf99d4b5fa93a4722c16932d959bb56b7c2075c78d5315c01,f55b637ab78d9d0c59b514a53a5720b7c253d7e7abecc3eb2b96cfde2b077cb2
1,20260807T161424Z_1c045bd7e750_stage08_b02_formal_8d000213,formal,20260807T161424Z,1c045bd7e750084695a5cdcfe898f79955047f01,true,stage08_b02_taylor_scales_v1,1e7a268332169dbf26515052ca42f187fc360013dd724c8f10fd2a57331a5876,operator,taylor,NA,NA,taylor,taylor__taylor_int16_10e2__929fe8cf98a486fd__periodic,taylor_int16_10e2,10^2,100,window_positions=[100],INT16,GPU,not_applicable,compatibility/end-to-end,PASS,OK,20,100,71,0.347605,true,929fe8cf98a486fdf99d4b5fa93a4722c16932d959bb56b7c2075c78d5315c01,f55b637ab78d9d0c59b514a53a5720b7c253d7e7abecc3eb2b96cfde2b077cb2
1,20260807T161424Z_1c045bd7e750_stage08_b02_formal_8d000213,formal,20260807T161424Z,1c045bd7e750084695a5cdcfe898f79955047f01,true,stage08_b02_taylor_scales_v1,1e7a268332169dbf26515052ca42f187fc360013dd724c8f10fd2a57331a5876,operator,taylor,NA,NA,taylor,taylor__taylor_int16_10e2__929fe8cf98a486fd__periodic,taylor_int16_10e2,10^2,100,window_positions=[100],INT16,GPU,not_applicable,compatibility/end-to-end,PASS,OK,20,100,72,0.34497499999999998,true,929fe8cf98a486fdf99d4b5fa93a4722c16932d959bb56b7c2075c78d5315c01,f55b637ab78d9d0c59b514a53a5720b7c253d7e7abecc3eb2b96cfde2b077cb2
1,20260807T161424Z_1c045bd7e750_stage08_b02_formal_8d000213,formal,20260807T161424Z,1c045bd7e750084695a5cdcfe898f79955047f01,true,stage08_b02_taylor_scales_v1,1e7a268332169dbf26515052ca42f187fc360013dd724c8f10fd2a57331a5876,operator,taylor,NA,NA,taylor,taylor__taylor_int16_10e2__929fe8cf98a486fd__periodic,taylor_int16_10e2,10^2,100,window_positions=[100],INT16,GPU,not_applicable,compatibility/end-to-end,PASS,OK,20,100,73,0.34643499999999999,true,929fe8cf98a486fdf99d4b5fa93a4722c16932d959bb56b7c2075c78d5315c01,f55b637ab78d9d0c59b514a53a5720b7c253d7e7abecc3eb2b96cfde2b077cb2
1,20260807T161424Z_1c045bd7e750_stage08_b02_formal_8d000213,formal,20260807T161424Z,1c045bd7e750084695a5cdcfe898f79955047f01,true,stage08_b02_taylor_scales_v1,1e7a268332169dbf26515052ca42f187fc360013dd724c8f10fd2a57331a5876,operator,taylor,NA,NA,taylor,taylor__taylor_int16_10e2__929fe8cf98a486fd__periodic,taylor_int16_10e2,10^2,100,window_positions=[100],INT16,GPU,not_applicable,compatibility/end-to-end,PASS,OK,20,100,74,0.34340500000000002,true,929fe8cf98a486fdf99d4b5fa93a4722c16932d959bb56b7c2075c78d5315c01,f55b637ab78d9d0c59b514a53a5720b7c253d7e7abecc3eb2b96cfde2b077cb2
1,20260807T161424Z_1c045bd7e750_stage08_b02_formal_8d000213,formal,20260807T161424Z,1c045bd7e750084695a5cdcfe898f79955047f01,true,stage08_b02_taylor_scales_v1,1e7a268332169dbf26515052ca42f187fc360013dd724c8f10fd2a57331a5876,operator,taylor,NA,NA,taylor,taylor__taylor_int16_10e2__929fe8cf98a486fd__periodic,taylor_int16_10e2,10^2,100,window_positions=[100],INT16,GPU,not_applicable,compatibility/end-to-end,PASS,OK,20,100,75,0.34439500000000001,true,929fe8cf98a486fdf99d4b5fa93a4722c16932d959bb56b7c2075c78d5315c01,f55b637ab78d9d0c59b514a53a5720b7c253d7e7abecc3eb2b96cfde2b077cb2
1,20260807T161424Z_1c045bd7e750_stage08_b02_formal_8d000213,formal,20260807T161424Z,1c045bd7e750084695a5cdcfe898f79955047f01,true,stage08_b02_taylor_scales_v1,1e7a268332169dbf26515052ca42f187fc360013dd724c8f10fd2a57331a5876,operator,taylor,NA,NA,taylor,taylor__taylor_int16_10e2__929fe8cf98a486fd__periodic,taylor_int16_10e2,10^2,100,window_positions=[100],INT16,GPU,not_applicable,compatibility/end-to-end,PASS,OK,20,100,76,0.34597499999999998,true,929fe8cf98a486fdf99d4b5fa93a4722c16932d959bb56b7c2075c78d5315c01,f55b637ab78d9d0c59b514a53a5720b7c253d7e7abecc3eb2b96cfde2b077cb2
1,20260807T161424Z_1c045bd7e750_stage08_b02_formal_8d000213,formal,20260807T161424Z,1c045bd7e750084695a5cdcfe898f79955047f01,true,stage08_b02_taylor_scales_v1,1e7a268332169dbf26515052ca42f187fc360013dd724c8f10fd2a57331a5876,operator,taylor,NA,NA,taylor,taylor__taylor_int16_10e2__929fe8cf98a486fd__periodic,taylor_int16_10e2,10^2,100,window_positions=[100],INT16,GPU,not_applicable,compatibility/end-to-end,PASS,OK,20,100,77,0.371506,true,929fe8cf98a486fdf99d4b5fa93a4722c16932d959bb56b7c2075c78d5315c01,f55b637ab78d9d0c59b514a53a5720b7c253d7e7abecc3eb2b96cfde2b077cb2
1,20260807T161424Z_1c045bd7e750_stage08_b02_formal_8d000213,formal,20260807T161424Z,1c045bd7e750084695a5cdcfe898f79955047f01,true,stage08_b02_taylor_scales_v1,1e7a268332169dbf26515052ca42f187fc360013dd724c8f10fd2a57331a5876,operator,taylor,NA,NA,taylor,taylor__taylor_int16_10e2__929fe8cf98a486fd__periodic,taylor_int16_10e2,10^2,100,window_positions=[100],INT16,GPU,not_applicable,compatibility/end-to-end,PASS,OK,20,100,78,0.35988599999999998,true,929fe8cf98a486fdf99d4b5fa93a4722c16932d959bb56b7c2075c78d5315c01,f55b637ab78d9d0c59b514a53a5720b7c253d7e7abecc3eb2b96cfde2b077cb2
1,20260807T161424Z_1c045bd7e750_stage08_b02_formal_8d000213,formal,20260807T161424Z,1c045bd7e750084695a5cdcfe898f79955047f01,true,stage08_b02_taylor_scales_v1,1e7a268332169dbf26515052ca42f187fc360013dd724c8f10fd2a57331a5876,operator,taylor,NA,NA,taylor,taylor__taylor_int16_10e2__929fe8cf98a486fd__periodic,taylor_int16_10e2,10^2,100,window_positions=[100],INT16,GPU,not_applicable,compatibility/end-to-end,PASS,OK,20,100,79,0.35063499999999997,true,929fe8cf98a486fdf99d4b5fa93a4722c16932d959bb56b7c2075c78d5315c01,f55b637ab78d9d0c59b514a53a5720b7c253d7e7abecc3eb2b96cfde2b077cb2
1,20260807T161424Z_1c045bd7e750_stage08_b02_formal_8d000213,formal,20260807T161424Z,1c045bd7e750084695a5cdcfe898f79955047f01,true,stage08_b02_taylor_scales_v1,1e7a268332169dbf26515052ca42f187fc360013dd724c8f10fd2a57331a5876,operator,taylor,NA,NA,taylor,taylor__taylor_int16_10e2__929fe8cf98a486fd__periodic,taylor_int16_10e2,10^2,100,window_positions=[100],INT16,GPU,not_applicable,compatibility/end-to-end,PASS,OK,20,100,80,0.346495,true,929fe8cf98a486fdf99d4b5fa93a4722c16932d959bb56b7c2075c78d5315c01,f55b637ab78d9d0c59b514a53a5720b7c253d7e7abecc3eb2b96cfde2b077cb2
1,20260807T161424Z_1c045bd7e750_stage08_b02_formal_8d000213,formal,20260807T161424Z,1c045bd7e750084695a5cdcfe898f79955047f01,true,stage08_b02_taylor_scales_v1,1e7a268332169dbf26515052ca42f187fc360013dd724c8f10fd2a57331a5876,operator,taylor,NA,NA,taylor,taylor__taylor_int16_10e2__929fe8cf98a486fd__periodic,taylor_int16_10e2,10^2,100,window_positions=[100],INT16,GPU,not_applicable,compatibility/end-to-end,PASS,OK,20,100,81,0.35162500000000002,true,929fe8cf98a486fdf99d4b5fa93a4722c16932d959bb56b7c2075c78d5315c01,f55b637ab78d9d0c59b514a53a5720b7c253d7e7abecc3eb2b96cfde2b077cb2
1,20260807T161424Z_1c045bd7e750_stage08_b02_formal_8d000213,formal,20260807T161424Z,1c045bd7e750084695a5cdcfe898f79955047f01,true,stage08_b02_taylor_scales_v1,1e7a268332169dbf26515052ca42f187fc360013dd724c8f10fd2a57331a5876,operator,taylor,NA,NA,taylor,taylor__taylor_int16_10e2__929fe8cf98a486fd__periodic,taylor_int16_10e2,10^2,100,window_positions=[100],INT16,GPU,not_applicable,compatibility/end-to-end,PASS,OK,20,100,82,0.34815499999999999,true,929fe8cf98a486fdf99d4b5fa93a4722c16932d959bb56b7c2075c78d5315c01,f55b637ab78d9d0c59b514a53a5720b7c253d7e7abecc3eb2b96cfde2b077cb2
1,20260807T161424Z_1c045bd7e750_stage08_b02_formal_8d000213,formal,20260807T161424Z,1c045bd7e750084695a5cdcfe898f79955047f01,true,stage08_b02_taylor_scales_v1,1e7a268332169dbf26515052ca42f187fc360013dd724c8f10fd2a57331a5876,operator,taylor,NA,NA,taylor,taylor__taylor_int16_10e2__929fe8cf98a486fd__periodic,taylor_int16_10e2,10^2,100,window_positions=[100],INT16,GPU,not_applicable,compatibility/end-to-end,PASS,OK,20,100,83,0.34575499999999998,true,929fe8cf98a486fdf99d4b5fa93a4722c16932d959bb56b7c2075c78d5315c01,f55b637ab78d9d0c59b514a53a5720b7c253d7e7abecc3eb2b96cfde2b077cb2
1,20260807T161424Z_1c045bd7e750_stage08_b02_formal_8d000213,formal,20260807T161424Z,1c045bd7e750084695a5cdcfe898f79955047f01,true,stage08_b02_taylor_scales_v1,1e7a268332169dbf26515052ca42f187fc360013dd724c8f10fd2a57331a5876,operator,taylor,NA,NA,taylor,taylor__taylor_int16_10e2__929fe8cf98a486fd__periodic,taylor_int16_10e2,10^2,100,window_positions=[100],INT16,GPU,not_applicable,compatibility/end-to-end,PASS,OK,20,100,84,0.34909600000000002,true,929fe8cf98a486fdf99d4b5fa93a4722c16932d959bb56b7c2075c78d5315c01,f55b637ab78d9d0c59b514a53a5720b7c253d7e7abecc3eb2b96cfde2b077cb2
1,20260807T161424Z_1c045bd7e750_stage08_b02_formal_8d000213,formal,20260807T161424Z,1c045bd7e750084695a5cdcfe898f79955047f01,true,stage08_b02_taylor_scales_v1,1e7a268332169dbf26515052ca42f187fc360013dd724c8f10fd2a57331a5876,operator,taylor,NA,NA,taylor,taylor__taylor_int16_10e2__929fe8cf98a486fd__periodic,taylor_int16_10e2,10^2,100,window_positions=[100],INT16,GPU,not_applicable,compatibility/end-to-end,PASS,OK,20,100,85,0.34904499999999999,true,929fe8cf98a486fdf99d4b5fa93a4722c16932d959bb56b7c2075c78d5315c01,f55b637ab78d9d0c59b514a53a5720b7c253d7e7abecc3eb2b96cfde2b077cb2
1,20260807T161424Z_1c045bd7e750_stage08_b02_formal_8d000213,formal,20260807T161424Z,1c045bd7e750084695a5cdcfe898f79955047f01,true,stage08_b02_taylor_scales_v1,1e7a268332169dbf26515052ca42f187fc360013dd724c8f10fd2a57331a5876,operator,taylor,NA,NA,taylor,taylor__taylor_int16_10e2__929fe8cf98a486fd__periodic,taylor_int16_10e2,10^2,100,window_positions=[100],INT16,GPU,not_applicable,compatibility/end-to-end,PASS,OK,20,100,86,0.345605,true,929fe8cf98a486fdf99d4b5fa93a4722c16932d959bb56b7c2075c78d5315c01,f55b637ab78d9d0c59b514a53a5720b7c253d7e7abecc3eb2b96cfde2b077cb2
1,20260807T161424Z_1c045bd7e750_stage08_b02_formal_8d000213,formal,20260807T161424Z,1c045bd7e750084695a5cdcfe898f79955047f01,true,stage08_b02_taylor_scales_v1,1e7a268332169dbf26515052ca42f187fc360013dd724c8f10fd2a57331a5876,operator,taylor,NA,NA,taylor,taylor__taylor_int16_10e2__929fe8cf98a486fd__periodic,taylor_int16_10e2,10^2,100,window_positions=[100],INT16,GPU,not_applicable,compatibility/end-to-end,PASS,OK,20,100,87,0.34408499999999997,true,929fe8cf98a486fdf99d4b5fa93a4722c16932d959bb56b7c2075c78d5315c01,f55b637ab78d9d0c59b514a53a5720b7c253d7e7abecc3eb2b96cfde2b077cb2
1,20260807T161424Z_1c045bd7e750_stage08_b02_formal_8d000213,formal,20260807T161424Z,1c045bd7e750084695a5cdcfe898f79955047f01,true,stage08_b02_taylor_scales_v1,1e7a268332169dbf26515052ca42f187fc360013dd724c8f10fd2a57331a5876,operator,taylor,NA,NA,taylor,taylor__taylor_int16_10e2__929fe8cf98a486fd__periodic,taylor_int16_10e2,10^2,100,window_positions=[100],INT16,GPU,not_applicable,compatibility/end-to-end,PASS,OK,20,100,88,0.36043500000000001,true,929fe8cf98a486fdf99d4b5fa93a4722c16932d959bb56b7c2075c78d5315c01,f55b637ab78d9d0c59b514a53a5720b7c253d7e7abecc3eb2b96cfde2b077cb2
1,20260807T161424Z_1c045bd7e750_stage08_b02_formal_8d000213,formal,20260807T161424Z,1c045bd7e750084695a5cdcfe898f79955047f01,true,stage08_b02_taylor_scales_v1,1e7a268332169dbf26515052ca42f187fc360013dd724c8f10fd2a57331a5876,operator,taylor,NA,NA,taylor,taylor__taylor_int16_10e2__929fe8cf98a486fd__periodic,taylor_int16_10e2,10^2,100,window_positions=[100],INT16,GPU,not_applicable,compatibility/end-to-end,PASS,OK,20,100,89,0.354236,true,929fe8cf98a486fdf99d4b5fa93a4722c16932d959bb56b7c2075c78d5315c01,f55b637ab78d9d0c59b514a53a5720b7c253d7e7abecc3eb2b96cfde2b077cb2
1,20260807T161424Z_1c045bd7e750_stage08_b02_formal_8d000213,formal,20260807T161424Z,1c045bd7e750084695a5cdcfe898f79955047f01,true,stage08_b02_taylor_scales_v1,1e7a268332169dbf26515052ca42f187fc360013dd724c8f10fd2a57331a5876,operator,taylor,NA,NA,taylor,taylor__taylor_int16_10e2__929fe8cf98a486fd__periodic,taylor_int16_10e2,10^2,100,window_positions=[100],INT16,GPU,not_applicable,compatibility/end-to-end,PASS,OK,20,100,90,0.34946500000000003,true,929fe8cf98a486fdf99d4b5fa93a4722c16932d959bb56b7c2075c78d5315c01,f55b637ab78d9d0c59b514a53a5720b7c253d7e7abecc3eb2b96cfde2b077cb2
1,20260807T161424Z_1c045bd7e750_stage08_b02_formal_8d000213,formal,20260807T161424Z,1c045bd7e750084695a5cdcfe898f79955047f01,true,stage08_b02_taylor_scales_v1,1e7a268332169dbf26515052ca42f187fc360013dd724c8f10fd2a57331a5876,operator,taylor,NA,NA,taylor,taylor__taylor_int16_10e2__929fe8cf98a486fd__periodic,taylor_int16_10e2,10^2,100,window_positions=[100],INT16,GPU,not_applicable,compatibility/end-to-end,PASS,OK,20,100,91,0.34859499999999999,true,929fe8cf98a486fdf99d4b5fa93a4722c16932d959bb56b7c2075c78d5315c01,f55b637ab78d9d0c59b514a53a5720b7c253d7e7abecc3eb2b96cfde2b077cb2
1,20260807T161424Z_1c045bd7e750_stage08_b02_formal_8d000213,formal,20260807T161424Z,1c045bd7e750084695a5cdcfe898f79955047f01,true,stage08_b02_taylor_scales_v1,1e7a268332169dbf26515052ca42f187fc360013dd724c8f10fd2a57331a5876,operator,taylor,NA,NA,taylor,taylor__taylor_int16_10e2__929fe8cf98a486fd__periodic,taylor_int16_10e2,10^2,100,window_positions=[100],INT16,GPU,not_applicable,compatibility/end-to-end,PASS,OK,20,100,92,0.35235499999999997,true,929fe8cf98a486fdf99d4b5fa93a4722c16932d959bb56b7c2075c78d5315c01,f55b637ab78d9d0c59b514a53a5720b7c253d7e7abecc3eb2b96cfde2b077cb2
1,20260807T161424Z_1c045bd7e750_stage08_b02_formal_8d000213,formal,20260807T161424Z,1c045bd7e750084695a5cdcfe898f79955047f01,true,stage08_b02_taylor_scales_v1,1e7a268332169dbf26515052ca42f187fc360013dd724c8f10fd2a57331a5876,operator,taylor,NA,NA,taylor,taylor__taylor_int16_10e2__929fe8cf98a486fd__periodic,taylor_int16_10e2,10^2,100,window_positions=[100],INT16,GPU,not_applicable,compatibility/end-to-end,PASS,OK,20,100,93,0.34962599999999999,true,929fe8cf98a486fdf99d4b5fa93a4722c16932d959bb56b7c2075c78d5315c01,f55b637ab78d9d0c59b514a53a5720b7c253d7e7abecc3eb2b96cfde2b077cb2
1,20260807T161424Z_1c045bd7e750_stage08_b02_formal_8d000213,formal,20260807T161424Z,1c045bd7e750084695a5cdcfe898f79955047f01,true,stage08_b02_taylor_scales_v1,1e7a268332169dbf26515052ca42f187fc360013dd724c8f10fd2a57331a5876,operator,taylor,NA,NA,taylor,taylor__taylor_int16_10e2__929fe8cf98a486fd__periodic,taylor_int16_10e2,10^2,100,window_positions=[100],INT16,GPU,not_applicable,compatibility/end-to-end,PASS,OK,20,100,94,0.347335,true,929fe8cf98a486fdf99d4b5fa93a4722c16932d959bb56b7c2075c78d5315c01,f55b637ab78d9d0c59b514a53a5720b7c253d7e7abecc3eb2b96cfde2b077cb2
1,20260807T161424Z_1c045bd7e750_stage08_b02_formal_8d000213,formal,20260807T161424Z,1c045bd7e750084695a5cdcfe898f79955047f01,true,stage08_b02_taylor_scales_v1,1e7a268332169dbf26515052ca42f187fc360013dd724c8f10fd2a57331a5876,operator,taylor,NA,NA,taylor,taylor__taylor_int16_10e2__929fe8cf98a486fd__periodic,taylor_int16_10e2,10^2,100,window_positions=[100],INT16,GPU,not_applicable,compatibility/end-to-end,PASS,OK,20,100,95,0.34296500000000002,true,929fe8cf98a486fdf99d4b5fa93a4722c16932d959bb56b7c2075c78d5315c01,f55b637ab78d9d0c59b514a53a5720b7c253d7e7abecc3eb2b96cfde2b077cb2
1,20260807T161424Z_1c045bd7e750_stage08_b02_formal_8d000213,formal,20260807T161424Z,1c045bd7e750084695a5cdcfe898f79955047f01,true,stage08_b02_taylor_scales_v1,1e7a268332169dbf26515052ca42f187fc360013dd724c8f10fd2a57331a5876,operator,taylor,NA,NA,taylor,taylor__taylor_int16_10e2__929fe8cf98a486fd__periodic,taylor_int16_10e2,10^2,100,window_positions=[100],INT16,GPU,not_applicable,compatibility/end-to-end,PASS,OK,20,100,96,0.34909499999999999,true,929fe8cf98a486fdf99d4b5fa93a4722c16932d959bb56b7c2075c78d5315c01,f55b637ab78d9d0c59b514a53a5720b7c253d7e7abecc3eb2b96cfde2b077cb2
1,20260807T161424Z_1c045bd7e750_stage08_b02_formal_8d000213,formal,20260807T161424Z,1c045bd7e750084695a5cdcfe898f79955047f01,true,stage08_b02_taylor_scales_v1,1e7a268332169dbf26515052ca42f187fc360013dd724c8f10fd2a57331a5876,operator,taylor,NA,NA,taylor,taylor__taylor_int16_10e2__929fe8cf98a486fd__periodic,taylor_int16_10e2,10^2,100,window_positions=[100],INT16,GPU,not_applicable,compatibility/end-to-end,PASS,OK,20,100,97,0.345165,true,929fe8cf98a486fdf99d4b5fa93a4722c16932d959bb56b7c2075c78d5315c01,f55b637ab78d9d0c59b514a53a5720b7c253d7e7abecc3eb2b96cfde2b077cb2
1,20260807T161424Z_1c045bd7e750_stage08_b02_formal_8d000213,formal,20260807T161424Z,1c045bd7e750084695a5cdcfe898f79955047f01,true,stage08_b02_taylor_scales_v1,1e7a268332169dbf26515052ca42f187fc360013dd724c8f10fd2a57331a5876,operator,taylor,NA,NA,taylor,taylor__taylor_int16_10e2__929fe8cf98a486fd__periodic,taylor_int16_10e2,10^2,100,window_positions=[100],INT16,GPU,not_applicable,compatibility/end-to-end,PASS,OK,20,100,98,0.34725499999999998,true,929fe8cf98a486fdf99d4b5fa93a4722c16932d959bb56b7c2075c78d5315c01,f55b637ab78d9d0c59b514a53a5720b7c253d7e7abecc3eb2b96cfde2b077cb2
1,20260807T161424Z_1c045bd7e750_stage08_b02_formal_8d000213,formal,20260807T161424Z,1c045bd7e750084695a5cdcfe898f79955047f01,true,stage08_b02_taylor_scales_v1,1e7a268332169dbf26515052ca42f187fc360013dd724c8f10fd2a57331a5876,operator,taylor,NA,NA,taylor,taylor__taylor_int16_10e2__929fe8cf98a486fd__periodic,taylor_int16_10e2,10^2,100,window_positions=[100],INT16,GPU,not_applicable,compatibility/end-to-end,PASS,OK,20,100,99,0.34833500000000001,true,929fe8cf98a486fdf99d4b5fa93a4722c16932d959bb56b7c2075c78d5315c01,f55b637ab78d9d0c59b514a53a5720b7c253d7e7abecc3eb2b96cfde2b077cb2
