schema_version,run_id,run_type,test_time_utc,git_commit,git_dirty,config_id,config_sha256,target_kind,target,task_name,step_name,operator_name,case_id,scale_id,order_of_magnitude,actual_elements,input_shape,dtype,device,backend,timing_scope,status,error_code,warmup_runs,measured_runs,sample_index,latency_ms,synchronized,input_digest,output_digest
1,20260810T032042Z_47ebe13410d3_stage08_b02_formal_8821001b,formal,20260810T032042Z,47ebe13410d3a97ff7b922a5622a21bff244b00a,true,stage08_b02_taylor_scales_v1,1e7a268332169dbf26515052ca42f187fc360013dd724c8f10fd2a57331a5876,operator,taylor,NA,NA,taylor,taylor__taylor_int8_10e3__b5b3e190445993ed__periodic,taylor_int8_10e3,10^3,1000,window_positions=[1000],INT8,CPU,not_applicable,compatibility/end-to-end,PASS,OK,20,100,0,0.172041,true,b5b3e190445993eddc003bd8618b797501b2b358426e7b71efd477b7190baa35,0bab2cfc8903f733cdbdb140275e6495732daf34784039a259886fae236c0944
1,20260810T032042Z_47ebe13410d3_stage08_b02_formal_8821001b,formal,20260810T032042Z,47ebe13410d3a97ff7b922a5622a21bff244b00a,true,stage08_b02_taylor_scales_v1,1e7a268332169dbf26515052ca42f187fc360013dd724c8f10fd2a57331a5876,operator,taylor,NA,NA,taylor,taylor__taylor_int8_10e3__b5b3e190445993ed__periodic,taylor_int8_10e3,10^3,1000,window_positions=[1000],INT8,CPU,not_applicable,compatibility/end-to-end,PASS,OK,20,100,1,0.187912,true,b5b3e190445993eddc003bd8618b797501b2b358426e7b71efd477b7190baa35,0bab2cfc8903f733cdbdb140275e6495732daf34784039a259886fae236c0944
1,20260810T032042Z_47ebe13410d3_stage08_b02_formal_8821001b,formal,20260810T032042Z,47ebe13410d3a97ff7b922a5622a21bff244b00a,true,stage08_b02_taylor_scales_v1,1e7a268332169dbf26515052ca42f187fc360013dd724c8f10fd2a57331a5876,operator,taylor,NA,NA,taylor,taylor__taylor_int8_10e3__b5b3e190445993ed__periodic,taylor_int8_10e3,10^3,1000,window_positions=[1000],INT8,CPU,not_applicable,compatibility/end-to-end,PASS,OK,20,100,2,0.17189099999999999,true,b5b3e190445993eddc003bd8618b797501b2b358426e7b71efd477b7190baa35,0bab2cfc8903f733cdbdb140275e6495732daf34784039a259886fae236c0944
1,20260810T032042Z_47ebe13410d3_stage08_b02_formal_8821001b,formal,20260810T032042Z,47ebe13410d3a97ff7b922a5622a21bff244b00a,true,stage08_b02_taylor_scales_v1,1e7a268332169dbf26515052ca42f187fc360013dd724c8f10fd2a57331a5876,operator,taylor,NA,NA,taylor,taylor__taylor_int8_10e3__b5b3e190445993ed__periodic,taylor_int8_10e3,10^3,1000,window_positions=[1000],INT8,CPU,not_applicable,compatibility/end-to-end,PASS,OK,20,100,3,0.171712,true,b5b3e190445993eddc003bd8618b797501b2b358426e7b71efd477b7190baa35,0bab2cfc8903f733cdbdb140275e6495732daf34784039a259886fae236c0944
1,20260810T032042Z_47ebe13410d3_stage08_b02_formal_8821001b,formal,20260810T032042Z,47ebe13410d3a97ff7b922a5622a21bff244b00a,true,stage08_b02_taylor_scales_v1,1e7a268332169dbf26515052ca42f187fc360013dd724c8f10fd2a57331a5876,operator,taylor,NA,NA,taylor,taylor__taylor_int8_10e3__b5b3e190445993ed__periodic,taylor_int8_10e3,10^3,1000,window_positions=[1000],INT8,CPU,not_applicable,compatibility/end-to-end,PASS,OK,20,100,4,0.17178099999999999,true,b5b3e190445993eddc003bd8618b797501b2b358426e7b71efd477b7190baa35,0bab2cfc8903f733cdbdb140275e6495732daf34784039a259886fae236c0944
1,20260810T032042Z_47ebe13410d3_stage08_b02_formal_8821001b,formal,20260810T032042Z,47ebe13410d3a97ff7b922a5622a21bff244b00a,true,stage08_b02_taylor_scales_v1,1e7a268332169dbf26515052ca42f187fc360013dd724c8f10fd2a57331a5876,operator,taylor,NA,NA,taylor,taylor__taylor_int8_10e3__b5b3e190445993ed__periodic,taylor_int8_10e3,10^3,1000,window_positions=[1000],INT8,CPU,not_applicable,compatibility/end-to-end,PASS,OK,20,100,5,0.17175199999999999,true,b5b3e190445993eddc003bd8618b797501b2b358426e7b71efd477b7190baa35,0bab2cfc8903f733cdbdb140275e6495732daf34784039a259886fae236c0944
1,20260810T032042Z_47ebe13410d3_stage08_b02_formal_8821001b,formal,20260810T032042Z,47ebe13410d3a97ff7b922a5622a21bff244b00a,true,stage08_b02_taylor_scales_v1,1e7a268332169dbf26515052ca42f187fc360013dd724c8f10fd2a57331a5876,operator,taylor,NA,NA,taylor,taylor__taylor_int8_10e3__b5b3e190445993ed__periodic,taylor_int8_10e3,10^3,1000,window_positions=[1000],INT8,CPU,not_applicable,compatibility/end-to-end,PASS,OK,20,100,6,0.17183100000000001,true,b5b3e190445993eddc003bd8618b797501b2b358426e7b71efd477b7190baa35,0bab2cfc8903f733cdbdb140275e6495732daf34784039a259886fae236c0944
1,20260810T032042Z_47ebe13410d3_stage08_b02_formal_8821001b,formal,20260810T032042Z,47ebe13410d3a97ff7b922a5622a21bff244b00a,true,stage08_b02_taylor_scales_v1,1e7a268332169dbf26515052ca42f187fc360013dd724c8f10fd2a57331a5876,operator,taylor,NA,NA,taylor,taylor__taylor_int8_10e3__b5b3e190445993ed__periodic,taylor_int8_10e3,10^3,1000,window_positions=[1000],INT8,CPU,not_applicable,compatibility/end-to-end,PASS,OK,20,100,7,0.17184099999999999,true,b5b3e190445993eddc003bd8618b797501b2b358426e7b71efd477b7190baa35,0bab2cfc8903f733cdbdb140275e6495732daf34784039a259886fae236c0944
1,20260810T032042Z_47ebe13410d3_stage08_b02_formal_8821001b,formal,20260810T032042Z,47ebe13410d3a97ff7b922a5622a21bff244b00a,true,stage08_b02_taylor_scales_v1,1e7a268332169dbf26515052ca42f187fc360013dd724c8f10fd2a57331a5876,operator,taylor,NA,NA,taylor,taylor__taylor_int8_10e3__b5b3e190445993ed__periodic,taylor_int8_10e3,10^3,1000,window_positions=[1000],INT8,CPU,not_applicable,compatibility/end-to-end,PASS,OK,20,100,8,0.17192199999999999,true,b5b3e190445993eddc003bd8618b797501b2b358426e7b71efd477b7190baa35,0bab2cfc8903f733cdbdb140275e6495732daf34784039a259886fae236c0944
1,20260810T032042Z_47ebe13410d3_stage08_b02_formal_8821001b,formal,20260810T032042Z,47ebe13410d3a97ff7b922a5622a21bff244b00a,true,stage08_b02_taylor_scales_v1,1e7a268332169dbf26515052ca42f187fc360013dd724c8f10fd2a57331a5876,operator,taylor,NA,NA,taylor,taylor__taylor_int8_10e3__b5b3e190445993ed__periodic,taylor_int8_10e3,10^3,1000,window_positions=[1000],INT8,CPU,not_applicable,compatibility/end-to-end,PASS,OK,20,100,9,0.171901,true,b5b3e190445993eddc003bd8618b797501b2b358426e7b71efd477b7190baa35,0bab2cfc8903f733cdbdb140275e6495732daf34784039a259886fae236c0944
1,20260810T032042Z_47ebe13410d3_stage08_b02_formal_8821001b,formal,20260810T032042Z,47ebe13410d3a97ff7b922a5622a21bff244b00a,true,stage08_b02_taylor_scales_v1,1e7a268332169dbf26515052ca42f187fc360013dd724c8f10fd2a57331a5876,operator,taylor,NA,NA,taylor,taylor__taylor_int8_10e3__b5b3e190445993ed__periodic,taylor_int8_10e3,10^3,1000,window_positions=[1000],INT8,CPU,not_applicable,compatibility/end-to-end,PASS,OK,20,100,10,0.171852,true,b5b3e190445993eddc003bd8618b797501b2b358426e7b71efd477b7190baa35,0bab2cfc8903f733cdbdb140275e6495732daf34784039a259886fae236c0944
1,20260810T032042Z_47ebe13410d3_stage08_b02_formal_8821001b,formal,20260810T032042Z,47ebe13410d3a97ff7b922a5622a21bff244b00a,true,stage08_b02_taylor_scales_v1,1e7a268332169dbf26515052ca42f187fc360013dd724c8f10fd2a57331a5876,operator,taylor,NA,NA,taylor,taylor__taylor_int8_10e3__b5b3e190445993ed__periodic,taylor_int8_10e3,10^3,1000,window_positions=[1000],INT8,CPU,not_applicable,compatibility/end-to-end,PASS,OK,20,100,11,0.17173099999999999,true,b5b3e190445993eddc003bd8618b797501b2b358426e7b71efd477b7190baa35,0bab2cfc8903f733cdbdb140275e6495732daf34784039a259886fae236c0944
1,20260810T032042Z_47ebe13410d3_stage08_b02_formal_8821001b,formal,20260810T032042Z,47ebe13410d3a97ff7b922a5622a21bff244b00a,true,stage08_b02_taylor_scales_v1,1e7a268332169dbf26515052ca42f187fc360013dd724c8f10fd2a57331a5876,operator,taylor,NA,NA,taylor,taylor__taylor_int8_10e3__b5b3e190445993ed__periodic,taylor_int8_10e3,10^3,1000,window_positions=[1000],INT8,CPU,not_applicable,compatibility/end-to-end,PASS,OK,20,100,12,0.171852,true,b5b3e190445993eddc003bd8618b797501b2b358426e7b71efd477b7190baa35,0bab2cfc8903f733cdbdb140275e6495732daf34784039a259886fae236c0944
1,20260810T032042Z_47ebe13410d3_stage08_b02_formal_8821001b,formal,20260810T032042Z,47ebe13410d3a97ff7b922a5622a21bff244b00a,true,stage08_b02_taylor_scales_v1,1e7a268332169dbf26515052ca42f187fc360013dd724c8f10fd2a57331a5876,operator,taylor,NA,NA,taylor,taylor__taylor_int8_10e3__b5b3e190445993ed__periodic,taylor_int8_10e3,10^3,1000,window_positions=[1000],INT8,CPU,not_applicable,compatibility/end-to-end,PASS,OK,20,100,13,0.17175099999999999,true,b5b3e190445993eddc003bd8618b797501b2b358426e7b71efd477b7190baa35,0bab2cfc8903f733cdbdb140275e6495732daf34784039a259886fae236c0944
1,20260810T032042Z_47ebe13410d3_stage08_b02_formal_8821001b,formal,20260810T032042Z,47ebe13410d3a97ff7b922a5622a21bff244b00a,true,stage08_b02_taylor_scales_v1,1e7a268332169dbf26515052ca42f187fc360013dd724c8f10fd2a57331a5876,operator,taylor,NA,NA,taylor,taylor__taylor_int8_10e3__b5b3e190445993ed__periodic,taylor_int8_10e3,10^3,1000,window_positions=[1000],INT8,CPU,not_applicable,compatibility/end-to-end,PASS,OK,20,100,14,0.17183200000000001,true,b5b3e190445993eddc003bd8618b797501b2b358426e7b71efd477b7190baa35,0bab2cfc8903f733cdbdb140275e6495732daf34784039a259886fae236c0944
1,20260810T032042Z_47ebe13410d3_stage08_b02_formal_8821001b,formal,20260810T032042Z,47ebe13410d3a97ff7b922a5622a21bff244b00a,true,stage08_b02_taylor_scales_v1,1e7a268332169dbf26515052ca42f187fc360013dd724c8f10fd2a57331a5876,operator,taylor,NA,NA,taylor,taylor__taylor_int8_10e3__b5b3e190445993ed__periodic,taylor_int8_10e3,10^3,1000,window_positions=[1000],INT8,CPU,not_applicable,compatibility/end-to-end,PASS,OK,20,100,15,0.17172100000000001,true,b5b3e190445993eddc003bd8618b797501b2b358426e7b71efd477b7190baa35,0bab2cfc8903f733cdbdb140275e6495732daf34784039a259886fae236c0944
1,20260810T032042Z_47ebe13410d3_stage08_b02_formal_8821001b,formal,20260810T032042Z,47ebe13410d3a97ff7b922a5622a21bff244b00a,true,stage08_b02_taylor_scales_v1,1e7a268332169dbf26515052ca42f187fc360013dd724c8f10fd2a57331a5876,operator,taylor,NA,NA,taylor,taylor__taylor_int8_10e3__b5b3e190445993ed__periodic,taylor_int8_10e3,10^3,1000,window_positions=[1000],INT8,CPU,not_applicable,compatibility/end-to-end,PASS,OK,20,100,16,0.171791,true,b5b3e190445993eddc003bd8618b797501b2b358426e7b71efd477b7190baa35,0bab2cfc8903f733cdbdb140275e6495732daf34784039a259886fae236c0944
1,20260810T032042Z_47ebe13410d3_stage08_b02_formal_8821001b,formal,20260810T032042Z,47ebe13410d3a97ff7b922a5622a21bff244b00a,true,stage08_b02_taylor_scales_v1,1e7a268332169dbf26515052ca42f187fc360013dd724c8f10fd2a57331a5876,operator,taylor,NA,NA,taylor,taylor__taylor_int8_10e3__b5b3e190445993ed__periodic,taylor_int8_10e3,10^3,1000,window_positions=[1000],INT8,CPU,not_applicable,compatibility/end-to-end,PASS,OK,20,100,17,0.17183200000000001,true,b5b3e190445993eddc003bd8618b797501b2b358426e7b71efd477b7190baa35,0bab2cfc8903f733cdbdb140275e6495732daf34784039a259886fae236c0944
1,20260810T032042Z_47ebe13410d3_stage08_b02_formal_8821001b,formal,20260810T032042Z,47ebe13410d3a97ff7b922a5622a21bff244b00a,true,stage08_b02_taylor_scales_v1,1e7a268332169dbf26515052ca42f187fc360013dd724c8f10fd2a57331a5876,operator,taylor,NA,NA,taylor,taylor__taylor_int8_10e3__b5b3e190445993ed__periodic,taylor_int8_10e3,10^3,1000,window_positions=[1000],INT8,CPU,not_applicable,compatibility/end-to-end,PASS,OK,20,100,18,0.171871,true,b5b3e190445993eddc003bd8618b797501b2b358426e7b71efd477b7190baa35,0bab2cfc8903f733cdbdb140275e6495732daf34784039a259886fae236c0944
1,20260810T032042Z_47ebe13410d3_stage08_b02_formal_8821001b,formal,20260810T032042Z,47ebe13410d3a97ff7b922a5622a21bff244b00a,true,stage08_b02_taylor_scales_v1,1e7a268332169dbf26515052ca42f187fc360013dd724c8f10fd2a57331a5876,operator,taylor,NA,NA,taylor,taylor__taylor_int8_10e3__b5b3e190445993ed__periodic,taylor_int8_10e3,10^3,1000,window_positions=[1000],INT8,CPU,not_applicable,compatibility/end-to-end,PASS,OK,20,100,19,0.17186199999999999,true,b5b3e190445993eddc003bd8618b797501b2b358426e7b71efd477b7190baa35,0bab2cfc8903f733cdbdb140275e6495732daf34784039a259886fae236c0944
1,20260810T032042Z_47ebe13410d3_stage08_b02_formal_8821001b,formal,20260810T032042Z,47ebe13410d3a97ff7b922a5622a21bff244b00a,true,stage08_b02_taylor_scales_v1,1e7a268332169dbf26515052ca42f187fc360013dd724c8f10fd2a57331a5876,operator,taylor,NA,NA,taylor,taylor__taylor_int8_10e3__b5b3e190445993ed__periodic,taylor_int8_10e3,10^3,1000,window_positions=[1000],INT8,CPU,not_applicable,compatibility/end-to-end,PASS,OK,20,100,20,0.17180100000000001,true,b5b3e190445993eddc003bd8618b797501b2b358426e7b71efd477b7190baa35,0bab2cfc8903f733cdbdb140275e6495732daf34784039a259886fae236c0944
1,20260810T032042Z_47ebe13410d3_stage08_b02_formal_8821001b,formal,20260810T032042Z,47ebe13410d3a97ff7b922a5622a21bff244b00a,true,stage08_b02_taylor_scales_v1,1e7a268332169dbf26515052ca42f187fc360013dd724c8f10fd2a57331a5876,operator,taylor,NA,NA,taylor,taylor__taylor_int8_10e3__b5b3e190445993ed__periodic,taylor_int8_10e3,10^3,1000,window_positions=[1000],INT8,CPU,not_applicable,compatibility/end-to-end,PASS,OK,20,100,21,0.17183200000000001,true,b5b3e190445993eddc003bd8618b797501b2b358426e7b71efd477b7190baa35,0bab2cfc8903f733cdbdb140275e6495732daf34784039a259886fae236c0944
1,20260810T032042Z_47ebe13410d3_stage08_b02_formal_8821001b,formal,20260810T032042Z,47ebe13410d3a97ff7b922a5622a21bff244b00a,true,stage08_b02_taylor_scales_v1,1e7a268332169dbf26515052ca42f187fc360013dd724c8f10fd2a57331a5876,operator,taylor,NA,NA,taylor,taylor__taylor_int8_10e3__b5b3e190445993ed__periodic,taylor_int8_10e3,10^3,1000,window_positions=[1000],INT8,CPU,not_applicable,compatibility/end-to-end,PASS,OK,20,100,22,0.17169100000000001,true,b5b3e190445993eddc003bd8618b797501b2b358426e7b71efd477b7190baa35,0bab2cfc8903f733cdbdb140275e6495732daf34784039a259886fae236c0944
1,20260810T032042Z_47ebe13410d3_stage08_b02_formal_8821001b,formal,20260810T032042Z,47ebe13410d3a97ff7b922a5622a21bff244b00a,true,stage08_b02_taylor_scales_v1,1e7a268332169dbf26515052ca42f187fc360013dd724c8f10fd2a57331a5876,operator,taylor,NA,NA,taylor,taylor__taylor_int8_10e3__b5b3e190445993ed__periodic,taylor_int8_10e3,10^3,1000,window_positions=[1000],INT8,CPU,not_applicable,compatibility/end-to-end,PASS,OK,20,100,23,0.171872,true,b5b3e190445993eddc003bd8618b797501b2b358426e7b71efd477b7190baa35,0bab2cfc8903f733cdbdb140275e6495732daf34784039a259886fae236c0944
1,20260810T032042Z_47ebe13410d3_stage08_b02_formal_8821001b,formal,20260810T032042Z,47ebe13410d3a97ff7b922a5622a21bff244b00a,true,stage08_b02_taylor_scales_v1,1e7a268332169dbf26515052ca42f187fc360013dd724c8f10fd2a57331a5876,operator,taylor,NA,NA,taylor,taylor__taylor_int8_10e3__b5b3e190445993ed__periodic,taylor_int8_10e3,10^3,1000,window_positions=[1000],INT8,CPU,not_applicable,compatibility/end-to-end,PASS,OK,20,100,24,0.18066099999999999,true,b5b3e190445993eddc003bd8618b797501b2b358426e7b71efd477b7190baa35,0bab2cfc8903f733cdbdb140275e6495732daf34784039a259886fae236c0944
1,20260810T032042Z_47ebe13410d3_stage08_b02_formal_8821001b,formal,20260810T032042Z,47ebe13410d3a97ff7b922a5622a21bff244b00a,true,stage08_b02_taylor_scales_v1,1e7a268332169dbf26515052ca42f187fc360013dd724c8f10fd2a57331a5876,operator,taylor,NA,NA,taylor,taylor__taylor_int8_10e3__b5b3e190445993ed__periodic,taylor_int8_10e3,10^3,1000,window_positions=[1000],INT8,CPU,not_applicable,compatibility/end-to-end,PASS,OK,20,100,25,0.17206199999999999,true,b5b3e190445993eddc003bd8618b797501b2b358426e7b71efd477b7190baa35,0bab2cfc8903f733cdbdb140275e6495732daf34784039a259886fae236c0944
1,20260810T032042Z_47ebe13410d3_stage08_b02_formal_8821001b,formal,20260810T032042Z,47ebe13410d3a97ff7b922a5622a21bff244b00a,true,stage08_b02_taylor_scales_v1,1e7a268332169dbf26515052ca42f187fc360013dd724c8f10fd2a57331a5876,operator,taylor,NA,NA,taylor,taylor__taylor_int8_10e3__b5b3e190445993ed__periodic,taylor_int8_10e3,10^3,1000,window_positions=[1000],INT8,CPU,not_applicable,compatibility/end-to-end,PASS,OK,20,100,26,0.171741,true,b5b3e190445993eddc003bd8618b797501b2b358426e7b71efd477b7190baa35,0bab2cfc8903f733cdbdb140275e6495732daf34784039a259886fae236c0944
1,20260810T032042Z_47ebe13410d3_stage08_b02_formal_8821001b,formal,20260810T032042Z,47ebe13410d3a97ff7b922a5622a21bff244b00a,true,stage08_b02_taylor_scales_v1,1e7a268332169dbf26515052ca42f187fc360013dd724c8f10fd2a57331a5876,operator,taylor,NA,NA,taylor,taylor__taylor_int8_10e3__b5b3e190445993ed__periodic,taylor_int8_10e3,10^3,1000,window_positions=[1000],INT8,CPU,not_applicable,compatibility/end-to-end,PASS,OK,20,100,27,0.17181199999999999,true,b5b3e190445993eddc003bd8618b797501b2b358426e7b71efd477b7190baa35,0bab2cfc8903f733cdbdb140275e6495732daf34784039a259886fae236c0944
1,20260810T032042Z_47ebe13410d3_stage08_b02_formal_8821001b,formal,20260810T032042Z,47ebe13410d3a97ff7b922a5622a21bff244b00a,true,stage08_b02_taylor_scales_v1,1e7a268332169dbf26515052ca42f187fc360013dd724c8f10fd2a57331a5876,operator,taylor,NA,NA,taylor,taylor__taylor_int8_10e3__b5b3e190445993ed__periodic,taylor_int8_10e3,10^3,1000,window_positions=[1000],INT8,CPU,not_applicable,compatibility/end-to-end,PASS,OK,20,100,28,0.17175099999999999,true,b5b3e190445993eddc003bd8618b797501b2b358426e7b71efd477b7190baa35,0bab2cfc8903f733cdbdb140275e6495732daf34784039a259886fae236c0944
1,20260810T032042Z_47ebe13410d3_stage08_b02_formal_8821001b,formal,20260810T032042Z,47ebe13410d3a97ff7b922a5622a21bff244b00a,true,stage08_b02_taylor_scales_v1,1e7a268332169dbf26515052ca42f187fc360013dd724c8f10fd2a57331a5876,operator,taylor,NA,NA,taylor,taylor__taylor_int8_10e3__b5b3e190445993ed__periodic,taylor_int8_10e3,10^3,1000,window_positions=[1000],INT8,CPU,not_applicable,compatibility/end-to-end,PASS,OK,20,100,29,0.171852,true,b5b3e190445993eddc003bd8618b797501b2b358426e7b71efd477b7190baa35,0bab2cfc8903f733cdbdb140275e6495732daf34784039a259886fae236c0944
1,20260810T032042Z_47ebe13410d3_stage08_b02_formal_8821001b,formal,20260810T032042Z,47ebe13410d3a97ff7b922a5622a21bff244b00a,true,stage08_b02_taylor_scales_v1,1e7a268332169dbf26515052ca42f187fc360013dd724c8f10fd2a57331a5876,operator,taylor,NA,NA,taylor,taylor__taylor_int8_10e3__b5b3e190445993ed__periodic,taylor_int8_10e3,10^3,1000,window_positions=[1000],INT8,CPU,not_applicable,compatibility/end-to-end,PASS,OK,20,100,30,0.17177100000000001,true,b5b3e190445993eddc003bd8618b797501b2b358426e7b71efd477b7190baa35,0bab2cfc8903f733cdbdb140275e6495732daf34784039a259886fae236c0944
1,20260810T032042Z_47ebe13410d3_stage08_b02_formal_8821001b,formal,20260810T032042Z,47ebe13410d3a97ff7b922a5622a21bff244b00a,true,stage08_b02_taylor_scales_v1,1e7a268332169dbf26515052ca42f187fc360013dd724c8f10fd2a57331a5876,operator,taylor,NA,NA,taylor,taylor__taylor_int8_10e3__b5b3e190445993ed__periodic,taylor_int8_10e3,10^3,1000,window_positions=[1000],INT8,CPU,not_applicable,compatibility/end-to-end,PASS,OK,20,100,31,0.171681,true,b5b3e190445993eddc003bd8618b797501b2b358426e7b71efd477b7190baa35,0bab2cfc8903f733cdbdb140275e6495732daf34784039a259886fae236c0944
1,20260810T032042Z_47ebe13410d3_stage08_b02_formal_8821001b,formal,20260810T032042Z,47ebe13410d3a97ff7b922a5622a21bff244b00a,true,stage08_b02_taylor_scales_v1,1e7a268332169dbf26515052ca42f187fc360013dd724c8f10fd2a57331a5876,operator,taylor,NA,NA,taylor,taylor__taylor_int8_10e3__b5b3e190445993ed__periodic,taylor_int8_10e3,10^3,1000,window_positions=[1000],INT8,CPU,not_applicable,compatibility/end-to-end,PASS,OK,20,100,32,0.17177200000000001,true,b5b3e190445993eddc003bd8618b797501b2b358426e7b71efd477b7190baa35,0bab2cfc8903f733cdbdb140275e6495732daf34784039a259886fae236c0944
1,20260810T032042Z_47ebe13410d3_stage08_b02_formal_8821001b,formal,20260810T032042Z,47ebe13410d3a97ff7b922a5622a21bff244b00a,true,stage08_b02_taylor_scales_v1,1e7a268332169dbf26515052ca42f187fc360013dd724c8f10fd2a57331a5876,operator,taylor,NA,NA,taylor,taylor__taylor_int8_10e3__b5b3e190445993ed__periodic,taylor_int8_10e3,10^3,1000,window_positions=[1000],INT8,CPU,not_applicable,compatibility/end-to-end,PASS,OK,20,100,33,0.171821,true,b5b3e190445993eddc003bd8618b797501b2b358426e7b71efd477b7190baa35,0bab2cfc8903f733cdbdb140275e6495732daf34784039a259886fae236c0944
1,20260810T032042Z_47ebe13410d3_stage08_b02_formal_8821001b,formal,20260810T032042Z,47ebe13410d3a97ff7b922a5622a21bff244b00a,true,stage08_b02_taylor_scales_v1,1e7a268332169dbf26515052ca42f187fc360013dd724c8f10fd2a57331a5876,operator,taylor,NA,NA,taylor,taylor__taylor_int8_10e3__b5b3e190445993ed__periodic,taylor_int8_10e3,10^3,1000,window_positions=[1000],INT8,CPU,not_applicable,compatibility/end-to-end,PASS,OK,20,100,34,0.171792,true,b5b3e190445993eddc003bd8618b797501b2b358426e7b71efd477b7190baa35,0bab2cfc8903f733cdbdb140275e6495732daf34784039a259886fae236c0944
1,20260810T032042Z_47ebe13410d3_stage08_b02_formal_8821001b,formal,20260810T032042Z,47ebe13410d3a97ff7b922a5622a21bff244b00a,true,stage08_b02_taylor_scales_v1,1e7a268332169dbf26515052ca42f187fc360013dd724c8f10fd2a57331a5876,operator,taylor,NA,NA,taylor,taylor__taylor_int8_10e3__b5b3e190445993ed__periodic,taylor_int8_10e3,10^3,1000,window_positions=[1000],INT8,CPU,not_applicable,compatibility/end-to-end,PASS,OK,20,100,35,0.17177100000000001,true,b5b3e190445993eddc003bd8618b797501b2b358426e7b71efd477b7190baa35,0bab2cfc8903f733cdbdb140275e6495732daf34784039a259886fae236c0944
1,20260810T032042Z_47ebe13410d3_stage08_b02_formal_8821001b,formal,20260810T032042Z,47ebe13410d3a97ff7b922a5622a21bff244b00a,true,stage08_b02_taylor_scales_v1,1e7a268332169dbf26515052ca42f187fc360013dd724c8f10fd2a57331a5876,operator,taylor,NA,NA,taylor,taylor__taylor_int8_10e3__b5b3e190445993ed__periodic,taylor_int8_10e3,10^3,1000,window_positions=[1000],INT8,CPU,not_applicable,compatibility/end-to-end,PASS,OK,20,100,36,0.171792,true,b5b3e190445993eddc003bd8618b797501b2b358426e7b71efd477b7190baa35,0bab2cfc8903f733cdbdb140275e6495732daf34784039a259886fae236c0944
1,20260810T032042Z_47ebe13410d3_stage08_b02_formal_8821001b,formal,20260810T032042Z,47ebe13410d3a97ff7b922a5622a21bff244b00a,true,stage08_b02_taylor_scales_v1,1e7a268332169dbf26515052ca42f187fc360013dd724c8f10fd2a57331a5876,operator,taylor,NA,NA,taylor,taylor__taylor_int8_10e3__b5b3e190445993ed__periodic,taylor_int8_10e3,10^3,1000,window_positions=[1000],INT8,CPU,not_applicable,compatibility/end-to-end,PASS,OK,20,100,37,0.17184099999999999,true,b5b3e190445993eddc003bd8618b797501b2b358426e7b71efd477b7190baa35,0bab2cfc8903f733cdbdb140275e6495732daf34784039a259886fae236c0944
1,20260810T032042Z_47ebe13410d3_stage08_b02_formal_8821001b,formal,20260810T032042Z,47ebe13410d3a97ff7b922a5622a21bff244b00a,true,stage08_b02_taylor_scales_v1,1e7a268332169dbf26515052ca42f187fc360013dd724c8f10fd2a57331a5876,operator,taylor,NA,NA,taylor,taylor__taylor_int8_10e3__b5b3e190445993ed__periodic,taylor_int8_10e3,10^3,1000,window_positions=[1000],INT8,CPU,not_applicable,compatibility/end-to-end,PASS,OK,20,100,38,0.17181199999999999,true,b5b3e190445993eddc003bd8618b797501b2b358426e7b71efd477b7190baa35,0bab2cfc8903f733cdbdb140275e6495732daf34784039a259886fae236c0944
1,20260810T032042Z_47ebe13410d3_stage08_b02_formal_8821001b,formal,20260810T032042Z,47ebe13410d3a97ff7b922a5622a21bff244b00a,true,stage08_b02_taylor_scales_v1,1e7a268332169dbf26515052ca42f187fc360013dd724c8f10fd2a57331a5876,operator,taylor,NA,NA,taylor,taylor__taylor_int8_10e3__b5b3e190445993ed__periodic,taylor_int8_10e3,10^3,1000,window_positions=[1000],INT8,CPU,not_applicable,compatibility/end-to-end,PASS,OK,20,100,39,0.171821,true,b5b3e190445993eddc003bd8618b797501b2b358426e7b71efd477b7190baa35,0bab2cfc8903f733cdbdb140275e6495732daf34784039a259886fae236c0944
1,20260810T032042Z_47ebe13410d3_stage08_b02_formal_8821001b,formal,20260810T032042Z,47ebe13410d3a97ff7b922a5622a21bff244b00a,true,stage08_b02_taylor_scales_v1,1e7a268332169dbf26515052ca42f187fc360013dd724c8f10fd2a57331a5876,operator,taylor,NA,NA,taylor,taylor__taylor_int8_10e3__b5b3e190445993ed__periodic,taylor_int8_10e3,10^3,1000,window_positions=[1000],INT8,CPU,not_applicable,compatibility/end-to-end,PASS,OK,20,100,40,0.17174200000000001,true,b5b3e190445993eddc003bd8618b797501b2b358426e7b71efd477b7190baa35,0bab2cfc8903f733cdbdb140275e6495732daf34784039a259886fae236c0944
1,20260810T032042Z_47ebe13410d3_stage08_b02_formal_8821001b,formal,20260810T032042Z,47ebe13410d3a97ff7b922a5622a21bff244b00a,true,stage08_b02_taylor_scales_v1,1e7a268332169dbf26515052ca42f187fc360013dd724c8f10fd2a57331a5876,operator,taylor,NA,NA,taylor,taylor__taylor_int8_10e3__b5b3e190445993ed__periodic,taylor_int8_10e3,10^3,1000,window_positions=[1000],INT8,CPU,not_applicable,compatibility/end-to-end,PASS,OK,20,100,41,0.17183100000000001,true,b5b3e190445993eddc003bd8618b797501b2b358426e7b71efd477b7190baa35,0bab2cfc8903f733cdbdb140275e6495732daf34784039a259886fae236c0944
1,20260810T032042Z_47ebe13410d3_stage08_b02_formal_8821001b,formal,20260810T032042Z,47ebe13410d3a97ff7b922a5622a21bff244b00a,true,stage08_b02_taylor_scales_v1,1e7a268332169dbf26515052ca42f187fc360013dd724c8f10fd2a57331a5876,operator,taylor,NA,NA,taylor,taylor__taylor_int8_10e3__b5b3e190445993ed__periodic,taylor_int8_10e3,10^3,1000,window_positions=[1000],INT8,CPU,not_applicable,compatibility/end-to-end,PASS,OK,20,100,42,0.17183200000000001,true,b5b3e190445993eddc003bd8618b797501b2b358426e7b71efd477b7190baa35,0bab2cfc8903f733cdbdb140275e6495732daf34784039a259886fae236c0944
1,20260810T032042Z_47ebe13410d3_stage08_b02_formal_8821001b,formal,20260810T032042Z,47ebe13410d3a97ff7b922a5622a21bff244b00a,true,stage08_b02_taylor_scales_v1,1e7a268332169dbf26515052ca42f187fc360013dd724c8f10fd2a57331a5876,operator,taylor,NA,NA,taylor,taylor__taylor_int8_10e3__b5b3e190445993ed__periodic,taylor_int8_10e3,10^3,1000,window_positions=[1000],INT8,CPU,not_applicable,compatibility/end-to-end,PASS,OK,20,100,43,0.171821,true,b5b3e190445993eddc003bd8618b797501b2b358426e7b71efd477b7190baa35,0bab2cfc8903f733cdbdb140275e6495732daf34784039a259886fae236c0944
1,20260810T032042Z_47ebe13410d3_stage08_b02_formal_8821001b,formal,20260810T032042Z,47ebe13410d3a97ff7b922a5622a21bff244b00a,true,stage08_b02_taylor_scales_v1,1e7a268332169dbf26515052ca42f187fc360013dd724c8f10fd2a57331a5876,operator,taylor,NA,NA,taylor,taylor__taylor_int8_10e3__b5b3e190445993ed__periodic,taylor_int8_10e3,10^3,1000,window_positions=[1000],INT8,CPU,not_applicable,compatibility/end-to-end,PASS,OK,20,100,44,0.171682,true,b5b3e190445993eddc003bd8618b797501b2b358426e7b71efd477b7190baa35,0bab2cfc8903f733cdbdb140275e6495732daf34784039a259886fae236c0944
1,20260810T032042Z_47ebe13410d3_stage08_b02_formal_8821001b,formal,20260810T032042Z,47ebe13410d3a97ff7b922a5622a21bff244b00a,true,stage08_b02_taylor_scales_v1,1e7a268332169dbf26515052ca42f187fc360013dd724c8f10fd2a57331a5876,operator,taylor,NA,NA,taylor,taylor__taylor_int8_10e3__b5b3e190445993ed__periodic,taylor_int8_10e3,10^3,1000,window_positions=[1000],INT8,CPU,not_applicable,compatibility/end-to-end,PASS,OK,20,100,45,0.17178099999999999,true,b5b3e190445993eddc003bd8618b797501b2b358426e7b71efd477b7190baa35,0bab2cfc8903f733cdbdb140275e6495732daf34784039a259886fae236c0944
1,20260810T032042Z_47ebe13410d3_stage08_b02_formal_8821001b,formal,20260810T032042Z,47ebe13410d3a97ff7b922a5622a21bff244b00a,true,stage08_b02_taylor_scales_v1,1e7a268332169dbf26515052ca42f187fc360013dd724c8f10fd2a57331a5876,operator,taylor,NA,NA,taylor,taylor__taylor_int8_10e3__b5b3e190445993ed__periodic,taylor_int8_10e3,10^3,1000,window_positions=[1000],INT8,CPU,not_applicable,compatibility/end-to-end,PASS,OK,20,100,46,0.17178199999999999,true,b5b3e190445993eddc003bd8618b797501b2b358426e7b71efd477b7190baa35,0bab2cfc8903f733cdbdb140275e6495732daf34784039a259886fae236c0944
1,20260810T032042Z_47ebe13410d3_stage08_b02_formal_8821001b,formal,20260810T032042Z,47ebe13410d3a97ff7b922a5622a21bff244b00a,true,stage08_b02_taylor_scales_v1,1e7a268332169dbf26515052ca42f187fc360013dd724c8f10fd2a57331a5876,operator,taylor,NA,NA,taylor,taylor__taylor_int8_10e3__b5b3e190445993ed__periodic,taylor_int8_10e3,10^3,1000,window_positions=[1000],INT8,CPU,not_applicable,compatibility/end-to-end,PASS,OK,20,100,47,0.18038100000000001,true,b5b3e190445993eddc003bd8618b797501b2b358426e7b71efd477b7190baa35,0bab2cfc8903f733cdbdb140275e6495732daf34784039a259886fae236c0944
1,20260810T032042Z_47ebe13410d3_stage08_b02_formal_8821001b,formal,20260810T032042Z,47ebe13410d3a97ff7b922a5622a21bff244b00a,true,stage08_b02_taylor_scales_v1,1e7a268332169dbf26515052ca42f187fc360013dd724c8f10fd2a57331a5876,operator,taylor,NA,NA,taylor,taylor__taylor_int8_10e3__b5b3e190445993ed__periodic,taylor_int8_10e3,10^3,1000,window_positions=[1000],INT8,CPU,not_applicable,compatibility/end-to-end,PASS,OK,20,100,48,0.171822,true,b5b3e190445993eddc003bd8618b797501b2b358426e7b71efd477b7190baa35,0bab2cfc8903f733cdbdb140275e6495732daf34784039a259886fae236c0944
1,20260810T032042Z_47ebe13410d3_stage08_b02_formal_8821001b,formal,20260810T032042Z,47ebe13410d3a97ff7b922a5622a21bff244b00a,true,stage08_b02_taylor_scales_v1,1e7a268332169dbf26515052ca42f187fc360013dd724c8f10fd2a57331a5876,operator,taylor,NA,NA,taylor,taylor__taylor_int8_10e3__b5b3e190445993ed__periodic,taylor_int8_10e3,10^3,1000,window_positions=[1000],INT8,CPU,not_applicable,compatibility/end-to-end,PASS,OK,20,100,49,0.171621,true,b5b3e190445993eddc003bd8618b797501b2b358426e7b71efd477b7190baa35,0bab2cfc8903f733cdbdb140275e6495732daf34784039a259886fae236c0944
1,20260810T032042Z_47ebe13410d3_stage08_b02_formal_8821001b,formal,20260810T032042Z,47ebe13410d3a97ff7b922a5622a21bff244b00a,true,stage08_b02_taylor_scales_v1,1e7a268332169dbf26515052ca42f187fc360013dd724c8f10fd2a57331a5876,operator,taylor,NA,NA,taylor,taylor__taylor_int8_10e3__b5b3e190445993ed__periodic,taylor_int8_10e3,10^3,1000,window_positions=[1000],INT8,CPU,not_applicable,compatibility/end-to-end,PASS,OK,20,100,50,0.17164099999999999,true,b5b3e190445993eddc003bd8618b797501b2b358426e7b71efd477b7190baa35,0bab2cfc8903f733cdbdb140275e6495732daf34784039a259886fae236c0944
1,20260810T032042Z_47ebe13410d3_stage08_b02_formal_8821001b,formal,20260810T032042Z,47ebe13410d3a97ff7b922a5622a21bff244b00a,true,stage08_b02_taylor_scales_v1,1e7a268332169dbf26515052ca42f187fc360013dd724c8f10fd2a57331a5876,operator,taylor,NA,NA,taylor,taylor__taylor_int8_10e3__b5b3e190445993ed__periodic,taylor_int8_10e3,10^3,1000,window_positions=[1000],INT8,CPU,not_applicable,compatibility/end-to-end,PASS,OK,20,100,51,0.17155200000000001,true,b5b3e190445993eddc003bd8618b797501b2b358426e7b71efd477b7190baa35,0bab2cfc8903f733cdbdb140275e6495732daf34784039a259886fae236c0944
1,20260810T032042Z_47ebe13410d3_stage08_b02_formal_8821001b,formal,20260810T032042Z,47ebe13410d3a97ff7b922a5622a21bff244b00a,true,stage08_b02_taylor_scales_v1,1e7a268332169dbf26515052ca42f187fc360013dd724c8f10fd2a57331a5876,operator,taylor,NA,NA,taylor,taylor__taylor_int8_10e3__b5b3e190445993ed__periodic,taylor_int8_10e3,10^3,1000,window_positions=[1000],INT8,CPU,not_applicable,compatibility/end-to-end,PASS,OK,20,100,52,0.171651,true,b5b3e190445993eddc003bd8618b797501b2b358426e7b71efd477b7190baa35,0bab2cfc8903f733cdbdb140275e6495732daf34784039a259886fae236c0944
1,20260810T032042Z_47ebe13410d3_stage08_b02_formal_8821001b,formal,20260810T032042Z,47ebe13410d3a97ff7b922a5622a21bff244b00a,true,stage08_b02_taylor_scales_v1,1e7a268332169dbf26515052ca42f187fc360013dd724c8f10fd2a57331a5876,operator,taylor,NA,NA,taylor,taylor__taylor_int8_10e3__b5b3e190445993ed__periodic,taylor_int8_10e3,10^3,1000,window_positions=[1000],INT8,CPU,not_applicable,compatibility/end-to-end,PASS,OK,20,100,53,0.17155200000000001,true,b5b3e190445993eddc003bd8618b797501b2b358426e7b71efd477b7190baa35,0bab2cfc8903f733cdbdb140275e6495732daf34784039a259886fae236c0944
1,20260810T032042Z_47ebe13410d3_stage08_b02_formal_8821001b,formal,20260810T032042Z,47ebe13410d3a97ff7b922a5622a21bff244b00a,true,stage08_b02_taylor_scales_v1,1e7a268332169dbf26515052ca42f187fc360013dd724c8f10fd2a57331a5876,operator,taylor,NA,NA,taylor,taylor__taylor_int8_10e3__b5b3e190445993ed__periodic,taylor_int8_10e3,10^3,1000,window_positions=[1000],INT8,CPU,not_applicable,compatibility/end-to-end,PASS,OK,20,100,54,0.17164099999999999,true,b5b3e190445993eddc003bd8618b797501b2b358426e7b71efd477b7190baa35,0bab2cfc8903f733cdbdb140275e6495732daf34784039a259886fae236c0944
1,20260810T032042Z_47ebe13410d3_stage08_b02_formal_8821001b,formal,20260810T032042Z,47ebe13410d3a97ff7b922a5622a21bff244b00a,true,stage08_b02_taylor_scales_v1,1e7a268332169dbf26515052ca42f187fc360013dd724c8f10fd2a57331a5876,operator,taylor,NA,NA,taylor,taylor__taylor_int8_10e3__b5b3e190445993ed__periodic,taylor_int8_10e3,10^3,1000,window_positions=[1000],INT8,CPU,not_applicable,compatibility/end-to-end,PASS,OK,20,100,55,0.17166200000000001,true,b5b3e190445993eddc003bd8618b797501b2b358426e7b71efd477b7190baa35,0bab2cfc8903f733cdbdb140275e6495732daf34784039a259886fae236c0944
1,20260810T032042Z_47ebe13410d3_stage08_b02_formal_8821001b,formal,20260810T032042Z,47ebe13410d3a97ff7b922a5622a21bff244b00a,true,stage08_b02_taylor_scales_v1,1e7a268332169dbf26515052ca42f187fc360013dd724c8f10fd2a57331a5876,operator,taylor,NA,NA,taylor,taylor__taylor_int8_10e3__b5b3e190445993ed__periodic,taylor_int8_10e3,10^3,1000,window_positions=[1000],INT8,CPU,not_applicable,compatibility/end-to-end,PASS,OK,20,100,56,0.171621,true,b5b3e190445993eddc003bd8618b797501b2b358426e7b71efd477b7190baa35,0bab2cfc8903f733cdbdb140275e6495732daf34784039a259886fae236c0944
1,20260810T032042Z_47ebe13410d3_stage08_b02_formal_8821001b,formal,20260810T032042Z,47ebe13410d3a97ff7b922a5622a21bff244b00a,true,stage08_b02_taylor_scales_v1,1e7a268332169dbf26515052ca42f187fc360013dd724c8f10fd2a57331a5876,operator,taylor,NA,NA,taylor,taylor__taylor_int8_10e3__b5b3e190445993ed__periodic,taylor_int8_10e3,10^3,1000,window_positions=[1000],INT8,CPU,not_applicable,compatibility/end-to-end,PASS,OK,20,100,57,0.17152200000000001,true,b5b3e190445993eddc003bd8618b797501b2b358426e7b71efd477b7190baa35,0bab2cfc8903f733cdbdb140275e6495732daf34784039a259886fae236c0944
1,20260810T032042Z_47ebe13410d3_stage08_b02_formal_8821001b,formal,20260810T032042Z,47ebe13410d3a97ff7b922a5622a21bff244b00a,true,stage08_b02_taylor_scales_v1,1e7a268332169dbf26515052ca42f187fc360013dd724c8f10fd2a57331a5876,operator,taylor,NA,NA,taylor,taylor__taylor_int8_10e3__b5b3e190445993ed__periodic,taylor_int8_10e3,10^3,1000,window_positions=[1000],INT8,CPU,not_applicable,compatibility/end-to-end,PASS,OK,20,100,58,0.171651,true,b5b3e190445993eddc003bd8618b797501b2b358426e7b71efd477b7190baa35,0bab2cfc8903f733cdbdb140275e6495732daf34784039a259886fae236c0944
1,20260810T032042Z_47ebe13410d3_stage08_b02_formal_8821001b,formal,20260810T032042Z,47ebe13410d3a97ff7b922a5622a21bff244b00a,true,stage08_b02_taylor_scales_v1,1e7a268332169dbf26515052ca42f187fc360013dd724c8f10fd2a57331a5876,operator,taylor,NA,NA,taylor,taylor__taylor_int8_10e3__b5b3e190445993ed__periodic,taylor_int8_10e3,10^3,1000,window_positions=[1000],INT8,CPU,not_applicable,compatibility/end-to-end,PASS,OK,20,100,59,0.17181099999999999,true,b5b3e190445993eddc003bd8618b797501b2b358426e7b71efd477b7190baa35,0bab2cfc8903f733cdbdb140275e6495732daf34784039a259886fae236c0944
1,20260810T032042Z_47ebe13410d3_stage08_b02_formal_8821001b,formal,20260810T032042Z,47ebe13410d3a97ff7b922a5622a21bff244b00a,true,stage08_b02_taylor_scales_v1,1e7a268332169dbf26515052ca42f187fc360013dd724c8f10fd2a57331a5876,operator,taylor,NA,NA,taylor,taylor__taylor_int8_10e3__b5b3e190445993ed__periodic,taylor_int8_10e3,10^3,1000,window_positions=[1000],INT8,CPU,not_applicable,compatibility/end-to-end,PASS,OK,20,100,60,0.171712,true,b5b3e190445993eddc003bd8618b797501b2b358426e7b71efd477b7190baa35,0bab2cfc8903f733cdbdb140275e6495732daf34784039a259886fae236c0944
1,20260810T032042Z_47ebe13410d3_stage08_b02_formal_8821001b,formal,20260810T032042Z,47ebe13410d3a97ff7b922a5622a21bff244b00a,true,stage08_b02_taylor_scales_v1,1e7a268332169dbf26515052ca42f187fc360013dd724c8f10fd2a57331a5876,operator,taylor,NA,NA,taylor,taylor__taylor_int8_10e3__b5b3e190445993ed__periodic,taylor_int8_10e3,10^3,1000,window_positions=[1000],INT8,CPU,not_applicable,compatibility/end-to-end,PASS,OK,20,100,61,0.17184099999999999,true,b5b3e190445993eddc003bd8618b797501b2b358426e7b71efd477b7190baa35,0bab2cfc8903f733cdbdb140275e6495732daf34784039a259886fae236c0944
1,20260810T032042Z_47ebe13410d3_stage08_b02_formal_8821001b,formal,20260810T032042Z,47ebe13410d3a97ff7b922a5622a21bff244b00a,true,stage08_b02_taylor_scales_v1,1e7a268332169dbf26515052ca42f187fc360013dd724c8f10fd2a57331a5876,operator,taylor,NA,NA,taylor,taylor__taylor_int8_10e3__b5b3e190445993ed__periodic,taylor_int8_10e3,10^3,1000,window_positions=[1000],INT8,CPU,not_applicable,compatibility/end-to-end,PASS,OK,20,100,62,0.17164199999999999,true,b5b3e190445993eddc003bd8618b797501b2b358426e7b71efd477b7190baa35,0bab2cfc8903f733cdbdb140275e6495732daf34784039a259886fae236c0944
1,20260810T032042Z_47ebe13410d3_stage08_b02_formal_8821001b,formal,20260810T032042Z,47ebe13410d3a97ff7b922a5622a21bff244b00a,true,stage08_b02_taylor_scales_v1,1e7a268332169dbf26515052ca42f187fc360013dd724c8f10fd2a57331a5876,operator,taylor,NA,NA,taylor,taylor__taylor_int8_10e3__b5b3e190445993ed__periodic,taylor_int8_10e3,10^3,1000,window_positions=[1000],INT8,CPU,not_applicable,compatibility/end-to-end,PASS,OK,20,100,63,0.17175099999999999,true,b5b3e190445993eddc003bd8618b797501b2b358426e7b71efd477b7190baa35,0bab2cfc8903f733cdbdb140275e6495732daf34784039a259886fae236c0944
1,20260810T032042Z_47ebe13410d3_stage08_b02_formal_8821001b,formal,20260810T032042Z,47ebe13410d3a97ff7b922a5622a21bff244b00a,true,stage08_b02_taylor_scales_v1,1e7a268332169dbf26515052ca42f187fc360013dd724c8f10fd2a57331a5876,operator,taylor,NA,NA,taylor,taylor__taylor_int8_10e3__b5b3e190445993ed__periodic,taylor_int8_10e3,10^3,1000,window_positions=[1000],INT8,CPU,not_applicable,compatibility/end-to-end,PASS,OK,20,100,64,0.171622,true,b5b3e190445993eddc003bd8618b797501b2b358426e7b71efd477b7190baa35,0bab2cfc8903f733cdbdb140275e6495732daf34784039a259886fae236c0944
1,20260810T032042Z_47ebe13410d3_stage08_b02_formal_8821001b,formal,20260810T032042Z,47ebe13410d3a97ff7b922a5622a21bff244b00a,true,stage08_b02_taylor_scales_v1,1e7a268332169dbf26515052ca42f187fc360013dd724c8f10fd2a57331a5876,operator,taylor,NA,NA,taylor,taylor__taylor_int8_10e3__b5b3e190445993ed__periodic,taylor_int8_10e3,10^3,1000,window_positions=[1000],INT8,CPU,not_applicable,compatibility/end-to-end,PASS,OK,20,100,65,0.17159099999999999,true,b5b3e190445993eddc003bd8618b797501b2b358426e7b71efd477b7190baa35,0bab2cfc8903f733cdbdb140275e6495732daf34784039a259886fae236c0944
1,20260810T032042Z_47ebe13410d3_stage08_b02_formal_8821001b,formal,20260810T032042Z,47ebe13410d3a97ff7b922a5622a21bff244b00a,true,stage08_b02_taylor_scales_v1,1e7a268332169dbf26515052ca42f187fc360013dd724c8f10fd2a57331a5876,operator,taylor,NA,NA,taylor,taylor__taylor_int8_10e3__b5b3e190445993ed__periodic,taylor_int8_10e3,10^3,1000,window_positions=[1000],INT8,CPU,not_applicable,compatibility/end-to-end,PASS,OK,20,100,66,0.17167199999999999,true,b5b3e190445993eddc003bd8618b797501b2b358426e7b71efd477b7190baa35,0bab2cfc8903f733cdbdb140275e6495732daf34784039a259886fae236c0944
1,20260810T032042Z_47ebe13410d3_stage08_b02_formal_8821001b,formal,20260810T032042Z,47ebe13410d3a97ff7b922a5622a21bff244b00a,true,stage08_b02_taylor_scales_v1,1e7a268332169dbf26515052ca42f187fc360013dd724c8f10fd2a57331a5876,operator,taylor,NA,NA,taylor,taylor__taylor_int8_10e3__b5b3e190445993ed__periodic,taylor_int8_10e3,10^3,1000,window_positions=[1000],INT8,CPU,not_applicable,compatibility/end-to-end,PASS,OK,20,100,67,0.17164099999999999,true,b5b3e190445993eddc003bd8618b797501b2b358426e7b71efd477b7190baa35,0bab2cfc8903f733cdbdb140275e6495732daf34784039a259886fae236c0944
1,20260810T032042Z_47ebe13410d3_stage08_b02_formal_8821001b,formal,20260810T032042Z,47ebe13410d3a97ff7b922a5622a21bff244b00a,true,stage08_b02_taylor_scales_v1,1e7a268332169dbf26515052ca42f187fc360013dd724c8f10fd2a57331a5876,operator,taylor,NA,NA,taylor,taylor__taylor_int8_10e3__b5b3e190445993ed__periodic,taylor_int8_10e3,10^3,1000,window_positions=[1000],INT8,CPU,not_applicable,compatibility/end-to-end,PASS,OK,20,100,68,0.17164099999999999,true,b5b3e190445993eddc003bd8618b797501b2b358426e7b71efd477b7190baa35,0bab2cfc8903f733cdbdb140275e6495732daf34784039a259886fae236c0944
1,20260810T032042Z_47ebe13410d3_stage08_b02_formal_8821001b,formal,20260810T032042Z,47ebe13410d3a97ff7b922a5622a21bff244b00a,true,stage08_b02_taylor_scales_v1,1e7a268332169dbf26515052ca42f187fc360013dd724c8f10fd2a57331a5876,operator,taylor,NA,NA,taylor,taylor__taylor_int8_10e3__b5b3e190445993ed__periodic,taylor_int8_10e3,10^3,1000,window_positions=[1000],INT8,CPU,not_applicable,compatibility/end-to-end,PASS,OK,20,100,69,0.171712,true,b5b3e190445993eddc003bd8618b797501b2b358426e7b71efd477b7190baa35,0bab2cfc8903f733cdbdb140275e6495732daf34784039a259886fae236c0944
1,20260810T032042Z_47ebe13410d3_stage08_b02_formal_8821001b,formal,20260810T032042Z,47ebe13410d3a97ff7b922a5622a21bff244b00a,true,stage08_b02_taylor_scales_v1,1e7a268332169dbf26515052ca42f187fc360013dd724c8f10fd2a57331a5876,operator,taylor,NA,NA,taylor,taylor__taylor_int8_10e3__b5b3e190445993ed__periodic,taylor_int8_10e3,10^3,1000,window_positions=[1000],INT8,CPU,not_applicable,compatibility/end-to-end,PASS,OK,20,100,70,0.25770199999999999,true,b5b3e190445993eddc003bd8618b797501b2b358426e7b71efd477b7190baa35,0bab2cfc8903f733cdbdb140275e6495732daf34784039a259886fae236c0944
1,20260810T032042Z_47ebe13410d3_stage08_b02_formal_8821001b,formal,20260810T032042Z,47ebe13410d3a97ff7b922a5622a21bff244b00a,true,stage08_b02_taylor_scales_v1,1e7a268332169dbf26515052ca42f187fc360013dd724c8f10fd2a57331a5876,operator,taylor,NA,NA,taylor,taylor__taylor_int8_10e3__b5b3e190445993ed__periodic,taylor_int8_10e3,10^3,1000,window_positions=[1000],INT8,CPU,not_applicable,compatibility/end-to-end,PASS,OK,20,100,71,0.17230200000000001,true,b5b3e190445993eddc003bd8618b797501b2b358426e7b71efd477b7190baa35,0bab2cfc8903f733cdbdb140275e6495732daf34784039a259886fae236c0944
1,20260810T032042Z_47ebe13410d3_stage08_b02_formal_8821001b,formal,20260810T032042Z,47ebe13410d3a97ff7b922a5622a21bff244b00a,true,stage08_b02_taylor_scales_v1,1e7a268332169dbf26515052ca42f187fc360013dd724c8f10fd2a57331a5876,operator,taylor,NA,NA,taylor,taylor__taylor_int8_10e3__b5b3e190445993ed__periodic,taylor_int8_10e3,10^3,1000,window_positions=[1000],INT8,CPU,not_applicable,compatibility/end-to-end,PASS,OK,20,100,72,0.172041,true,b5b3e190445993eddc003bd8618b797501b2b358426e7b71efd477b7190baa35,0bab2cfc8903f733cdbdb140275e6495732daf34784039a259886fae236c0944
1,20260810T032042Z_47ebe13410d3_stage08_b02_formal_8821001b,formal,20260810T032042Z,47ebe13410d3a97ff7b922a5622a21bff244b00a,true,stage08_b02_taylor_scales_v1,1e7a268332169dbf26515052ca42f187fc360013dd724c8f10fd2a57331a5876,operator,taylor,NA,NA,taylor,taylor__taylor_int8_10e3__b5b3e190445993ed__periodic,taylor_int8_10e3,10^3,1000,window_positions=[1000],INT8,CPU,not_applicable,compatibility/end-to-end,PASS,OK,20,100,73,0.171991,true,b5b3e190445993eddc003bd8618b797501b2b358426e7b71efd477b7190baa35,0bab2cfc8903f733cdbdb140275e6495732daf34784039a259886fae236c0944
1,20260810T032042Z_47ebe13410d3_stage08_b02_formal_8821001b,formal,20260810T032042Z,47ebe13410d3a97ff7b922a5622a21bff244b00a,true,stage08_b02_taylor_scales_v1,1e7a268332169dbf26515052ca42f187fc360013dd724c8f10fd2a57331a5876,operator,taylor,NA,NA,taylor,taylor__taylor_int8_10e3__b5b3e190445993ed__periodic,taylor_int8_10e3,10^3,1000,window_positions=[1000],INT8,CPU,not_applicable,compatibility/end-to-end,PASS,OK,20,100,74,0.17200199999999999,true,b5b3e190445993eddc003bd8618b797501b2b358426e7b71efd477b7190baa35,0bab2cfc8903f733cdbdb140275e6495732daf34784039a259886fae236c0944
1,20260810T032042Z_47ebe13410d3_stage08_b02_formal_8821001b,formal,20260810T032042Z,47ebe13410d3a97ff7b922a5622a21bff244b00a,true,stage08_b02_taylor_scales_v1,1e7a268332169dbf26515052ca42f187fc360013dd724c8f10fd2a57331a5876,operator,taylor,NA,NA,taylor,taylor__taylor_int8_10e3__b5b3e190445993ed__periodic,taylor_int8_10e3,10^3,1000,window_positions=[1000],INT8,CPU,not_applicable,compatibility/end-to-end,PASS,OK,20,100,75,0.172011,true,b5b3e190445993eddc003bd8618b797501b2b358426e7b71efd477b7190baa35,0bab2cfc8903f733cdbdb140275e6495732daf34784039a259886fae236c0944
1,20260810T032042Z_47ebe13410d3_stage08_b02_formal_8821001b,formal,20260810T032042Z,47ebe13410d3a97ff7b922a5622a21bff244b00a,true,stage08_b02_taylor_scales_v1,1e7a268332169dbf26515052ca42f187fc360013dd724c8f10fd2a57331a5876,operator,taylor,NA,NA,taylor,taylor__taylor_int8_10e3__b5b3e190445993ed__periodic,taylor_int8_10e3,10^3,1000,window_positions=[1000],INT8,CPU,not_applicable,compatibility/end-to-end,PASS,OK,20,100,76,0.17206199999999999,true,b5b3e190445993eddc003bd8618b797501b2b358426e7b71efd477b7190baa35,0bab2cfc8903f733cdbdb140275e6495732daf34784039a259886fae236c0944
1,20260810T032042Z_47ebe13410d3_stage08_b02_formal_8821001b,formal,20260810T032042Z,47ebe13410d3a97ff7b922a5622a21bff244b00a,true,stage08_b02_taylor_scales_v1,1e7a268332169dbf26515052ca42f187fc360013dd724c8f10fd2a57331a5876,operator,taylor,NA,NA,taylor,taylor__taylor_int8_10e3__b5b3e190445993ed__periodic,taylor_int8_10e3,10^3,1000,window_positions=[1000],INT8,CPU,not_applicable,compatibility/end-to-end,PASS,OK,20,100,77,0.171601,true,b5b3e190445993eddc003bd8618b797501b2b358426e7b71efd477b7190baa35,0bab2cfc8903f733cdbdb140275e6495732daf34784039a259886fae236c0944
1,20260810T032042Z_47ebe13410d3_stage08_b02_formal_8821001b,formal,20260810T032042Z,47ebe13410d3a97ff7b922a5622a21bff244b00a,true,stage08_b02_taylor_scales_v1,1e7a268332169dbf26515052ca42f187fc360013dd724c8f10fd2a57331a5876,operator,taylor,NA,NA,taylor,taylor__taylor_int8_10e3__b5b3e190445993ed__periodic,taylor_int8_10e3,10^3,1000,window_positions=[1000],INT8,CPU,not_applicable,compatibility/end-to-end,PASS,OK,20,100,78,0.17122200000000001,true,b5b3e190445993eddc003bd8618b797501b2b358426e7b71efd477b7190baa35,0bab2cfc8903f733cdbdb140275e6495732daf34784039a259886fae236c0944
1,20260810T032042Z_47ebe13410d3_stage08_b02_formal_8821001b,formal,20260810T032042Z,47ebe13410d3a97ff7b922a5622a21bff244b00a,true,stage08_b02_taylor_scales_v1,1e7a268332169dbf26515052ca42f187fc360013dd724c8f10fd2a57331a5876,operator,taylor,NA,NA,taylor,taylor__taylor_int8_10e3__b5b3e190445993ed__periodic,taylor_int8_10e3,10^3,1000,window_positions=[1000],INT8,CPU,not_applicable,compatibility/end-to-end,PASS,OK,20,100,79,0.171621,true,b5b3e190445993eddc003bd8618b797501b2b358426e7b71efd477b7190baa35,0bab2cfc8903f733cdbdb140275e6495732daf34784039a259886fae236c0944
1,20260810T032042Z_47ebe13410d3_stage08_b02_formal_8821001b,formal,20260810T032042Z,47ebe13410d3a97ff7b922a5622a21bff244b00a,true,stage08_b02_taylor_scales_v1,1e7a268332169dbf26515052ca42f187fc360013dd724c8f10fd2a57331a5876,operator,taylor,NA,NA,taylor,taylor__taylor_int8_10e3__b5b3e190445993ed__periodic,taylor_int8_10e3,10^3,1000,window_positions=[1000],INT8,CPU,not_applicable,compatibility/end-to-end,PASS,OK,20,100,80,0.171122,true,b5b3e190445993eddc003bd8618b797501b2b358426e7b71efd477b7190baa35,0bab2cfc8903f733cdbdb140275e6495732daf34784039a259886fae236c0944
1,20260810T032042Z_47ebe13410d3_stage08_b02_formal_8821001b,formal,20260810T032042Z,47ebe13410d3a97ff7b922a5622a21bff244b00a,true,stage08_b02_taylor_scales_v1,1e7a268332169dbf26515052ca42f187fc360013dd724c8f10fd2a57331a5876,operator,taylor,NA,NA,taylor,taylor__taylor_int8_10e3__b5b3e190445993ed__periodic,taylor_int8_10e3,10^3,1000,window_positions=[1000],INT8,CPU,not_applicable,compatibility/end-to-end,PASS,OK,20,100,81,0.172011,true,b5b3e190445993eddc003bd8618b797501b2b358426e7b71efd477b7190baa35,0bab2cfc8903f733cdbdb140275e6495732daf34784039a259886fae236c0944
1,20260810T032042Z_47ebe13410d3_stage08_b02_formal_8821001b,formal,20260810T032042Z,47ebe13410d3a97ff7b922a5622a21bff244b00a,true,stage08_b02_taylor_scales_v1,1e7a268332169dbf26515052ca42f187fc360013dd724c8f10fd2a57331a5876,operator,taylor,NA,NA,taylor,taylor__taylor_int8_10e3__b5b3e190445993ed__periodic,taylor_int8_10e3,10^3,1000,window_positions=[1000],INT8,CPU,not_applicable,compatibility/end-to-end,PASS,OK,20,100,82,0.17202100000000001,true,b5b3e190445993eddc003bd8618b797501b2b358426e7b71efd477b7190baa35,0bab2cfc8903f733cdbdb140275e6495732daf34784039a259886fae236c0944
1,20260810T032042Z_47ebe13410d3_stage08_b02_formal_8821001b,formal,20260810T032042Z,47ebe13410d3a97ff7b922a5622a21bff244b00a,true,stage08_b02_taylor_scales_v1,1e7a268332169dbf26515052ca42f187fc360013dd724c8f10fd2a57331a5876,operator,taylor,NA,NA,taylor,taylor__taylor_int8_10e3__b5b3e190445993ed__periodic,taylor_int8_10e3,10^3,1000,window_positions=[1000],INT8,CPU,not_applicable,compatibility/end-to-end,PASS,OK,20,100,83,0.17205200000000001,true,b5b3e190445993eddc003bd8618b797501b2b358426e7b71efd477b7190baa35,0bab2cfc8903f733cdbdb140275e6495732daf34784039a259886fae236c0944
1,20260810T032042Z_47ebe13410d3_stage08_b02_formal_8821001b,formal,20260810T032042Z,47ebe13410d3a97ff7b922a5622a21bff244b00a,true,stage08_b02_taylor_scales_v1,1e7a268332169dbf26515052ca42f187fc360013dd724c8f10fd2a57331a5876,operator,taylor,NA,NA,taylor,taylor__taylor_int8_10e3__b5b3e190445993ed__periodic,taylor_int8_10e3,10^3,1000,window_positions=[1000],INT8,CPU,not_applicable,compatibility/end-to-end,PASS,OK,20,100,84,0.17206099999999999,true,b5b3e190445993eddc003bd8618b797501b2b358426e7b71efd477b7190baa35,0bab2cfc8903f733cdbdb140275e6495732daf34784039a259886fae236c0944
1,20260810T032042Z_47ebe13410d3_stage08_b02_formal_8821001b,formal,20260810T032042Z,47ebe13410d3a97ff7b922a5622a21bff244b00a,true,stage08_b02_taylor_scales_v1,1e7a268332169dbf26515052ca42f187fc360013dd724c8f10fd2a57331a5876,operator,taylor,NA,NA,taylor,taylor__taylor_int8_10e3__b5b3e190445993ed__periodic,taylor_int8_10e3,10^3,1000,window_positions=[1000],INT8,CPU,not_applicable,compatibility/end-to-end,PASS,OK,20,100,85,0.17194200000000001,true,b5b3e190445993eddc003bd8618b797501b2b358426e7b71efd477b7190baa35,0bab2cfc8903f733cdbdb140275e6495732daf34784039a259886fae236c0944
1,20260810T032042Z_47ebe13410d3_stage08_b02_formal_8821001b,formal,20260810T032042Z,47ebe13410d3a97ff7b922a5622a21bff244b00a,true,stage08_b02_taylor_scales_v1,1e7a268332169dbf26515052ca42f187fc360013dd724c8f10fd2a57331a5876,operator,taylor,NA,NA,taylor,taylor__taylor_int8_10e3__b5b3e190445993ed__periodic,taylor_int8_10e3,10^3,1000,window_positions=[1000],INT8,CPU,not_applicable,compatibility/end-to-end,PASS,OK,20,100,86,0.17158100000000001,true,b5b3e190445993eddc003bd8618b797501b2b358426e7b71efd477b7190baa35,0bab2cfc8903f733cdbdb140275e6495732daf34784039a259886fae236c0944
1,20260810T032042Z_47ebe13410d3_stage08_b02_formal_8821001b,formal,20260810T032042Z,47ebe13410d3a97ff7b922a5622a21bff244b00a,true,stage08_b02_taylor_scales_v1,1e7a268332169dbf26515052ca42f187fc360013dd724c8f10fd2a57331a5876,operator,taylor,NA,NA,taylor,taylor__taylor_int8_10e3__b5b3e190445993ed__periodic,taylor_int8_10e3,10^3,1000,window_positions=[1000],INT8,CPU,not_applicable,compatibility/end-to-end,PASS,OK,20,100,87,0.17152200000000001,true,b5b3e190445993eddc003bd8618b797501b2b358426e7b71efd477b7190baa35,0bab2cfc8903f733cdbdb140275e6495732daf34784039a259886fae236c0944
1,20260810T032042Z_47ebe13410d3_stage08_b02_formal_8821001b,formal,20260810T032042Z,47ebe13410d3a97ff7b922a5622a21bff244b00a,true,stage08_b02_taylor_scales_v1,1e7a268332169dbf26515052ca42f187fc360013dd724c8f10fd2a57331a5876,operator,taylor,NA,NA,taylor,taylor__taylor_int8_10e3__b5b3e190445993ed__periodic,taylor_int8_10e3,10^3,1000,window_positions=[1000],INT8,CPU,not_applicable,compatibility/end-to-end,PASS,OK,20,100,88,0.17163100000000001,true,b5b3e190445993eddc003bd8618b797501b2b358426e7b71efd477b7190baa35,0bab2cfc8903f733cdbdb140275e6495732daf34784039a259886fae236c0944
1,20260810T032042Z_47ebe13410d3_stage08_b02_formal_8821001b,formal,20260810T032042Z,47ebe13410d3a97ff7b922a5622a21bff244b00a,true,stage08_b02_taylor_scales_v1,1e7a268332169dbf26515052ca42f187fc360013dd724c8f10fd2a57331a5876,operator,taylor,NA,NA,taylor,taylor__taylor_int8_10e3__b5b3e190445993ed__periodic,taylor_int8_10e3,10^3,1000,window_positions=[1000],INT8,CPU,not_applicable,compatibility/end-to-end,PASS,OK,20,100,89,0.17152200000000001,true,b5b3e190445993eddc003bd8618b797501b2b358426e7b71efd477b7190baa35,0bab2cfc8903f733cdbdb140275e6495732daf34784039a259886fae236c0944
1,20260810T032042Z_47ebe13410d3_stage08_b02_formal_8821001b,formal,20260810T032042Z,47ebe13410d3a97ff7b922a5622a21bff244b00a,true,stage08_b02_taylor_scales_v1,1e7a268332169dbf26515052ca42f187fc360013dd724c8f10fd2a57331a5876,operator,taylor,NA,NA,taylor,taylor__taylor_int8_10e3__b5b3e190445993ed__periodic,taylor_int8_10e3,10^3,1000,window_positions=[1000],INT8,CPU,not_applicable,compatibility/end-to-end,PASS,OK,20,100,90,0.171261,true,b5b3e190445993eddc003bd8618b797501b2b358426e7b71efd477b7190baa35,0bab2cfc8903f733cdbdb140275e6495732daf34784039a259886fae236c0944
1,20260810T032042Z_47ebe13410d3_stage08_b02_formal_8821001b,formal,20260810T032042Z,47ebe13410d3a97ff7b922a5622a21bff244b00a,true,stage08_b02_taylor_scales_v1,1e7a268332169dbf26515052ca42f187fc360013dd724c8f10fd2a57331a5876,operator,taylor,NA,NA,taylor,taylor__taylor_int8_10e3__b5b3e190445993ed__periodic,taylor_int8_10e3,10^3,1000,window_positions=[1000],INT8,CPU,not_applicable,compatibility/end-to-end,PASS,OK,20,100,91,0.171511,true,b5b3e190445993eddc003bd8618b797501b2b358426e7b71efd477b7190baa35,0bab2cfc8903f733cdbdb140275e6495732daf34784039a259886fae236c0944
1,20260810T032042Z_47ebe13410d3_stage08_b02_formal_8821001b,formal,20260810T032042Z,47ebe13410d3a97ff7b922a5622a21bff244b00a,true,stage08_b02_taylor_scales_v1,1e7a268332169dbf26515052ca42f187fc360013dd724c8f10fd2a57331a5876,operator,taylor,NA,NA,taylor,taylor__taylor_int8_10e3__b5b3e190445993ed__periodic,taylor_int8_10e3,10^3,1000,window_positions=[1000],INT8,CPU,not_applicable,compatibility/end-to-end,PASS,OK,20,100,92,0.17202200000000001,true,b5b3e190445993eddc003bd8618b797501b2b358426e7b71efd477b7190baa35,0bab2cfc8903f733cdbdb140275e6495732daf34784039a259886fae236c0944
1,20260810T032042Z_47ebe13410d3_stage08_b02_formal_8821001b,formal,20260810T032042Z,47ebe13410d3a97ff7b922a5622a21bff244b00a,true,stage08_b02_taylor_scales_v1,1e7a268332169dbf26515052ca42f187fc360013dd724c8f10fd2a57331a5876,operator,taylor,NA,NA,taylor,taylor__taylor_int8_10e3__b5b3e190445993ed__periodic,taylor_int8_10e3,10^3,1000,window_positions=[1000],INT8,CPU,not_applicable,compatibility/end-to-end,PASS,OK,20,100,93,0.17724100000000001,true,b5b3e190445993eddc003bd8618b797501b2b358426e7b71efd477b7190baa35,0bab2cfc8903f733cdbdb140275e6495732daf34784039a259886fae236c0944
1,20260810T032042Z_47ebe13410d3_stage08_b02_formal_8821001b,formal,20260810T032042Z,47ebe13410d3a97ff7b922a5622a21bff244b00a,true,stage08_b02_taylor_scales_v1,1e7a268332169dbf26515052ca42f187fc360013dd724c8f10fd2a57331a5876,operator,taylor,NA,NA,taylor,taylor__taylor_int8_10e3__b5b3e190445993ed__periodic,taylor_int8_10e3,10^3,1000,window_positions=[1000],INT8,CPU,not_applicable,compatibility/end-to-end,PASS,OK,20,100,94,0.171732,true,b5b3e190445993eddc003bd8618b797501b2b358426e7b71efd477b7190baa35,0bab2cfc8903f733cdbdb140275e6495732daf34784039a259886fae236c0944
1,20260810T032042Z_47ebe13410d3_stage08_b02_formal_8821001b,formal,20260810T032042Z,47ebe13410d3a97ff7b922a5622a21bff244b00a,true,stage08_b02_taylor_scales_v1,1e7a268332169dbf26515052ca42f187fc360013dd724c8f10fd2a57331a5876,operator,taylor,NA,NA,taylor,taylor__taylor_int8_10e3__b5b3e190445993ed__periodic,taylor_int8_10e3,10^3,1000,window_positions=[1000],INT8,CPU,not_applicable,compatibility/end-to-end,PASS,OK,20,100,95,0.17164099999999999,true,b5b3e190445993eddc003bd8618b797501b2b358426e7b71efd477b7190baa35,0bab2cfc8903f733cdbdb140275e6495732daf34784039a259886fae236c0944
1,20260810T032042Z_47ebe13410d3_stage08_b02_formal_8821001b,formal,20260810T032042Z,47ebe13410d3a97ff7b922a5622a21bff244b00a,true,stage08_b02_taylor_scales_v1,1e7a268332169dbf26515052ca42f187fc360013dd724c8f10fd2a57331a5876,operator,taylor,NA,NA,taylor,taylor__taylor_int8_10e3__b5b3e190445993ed__periodic,taylor_int8_10e3,10^3,1000,window_positions=[1000],INT8,CPU,not_applicable,compatibility/end-to-end,PASS,OK,20,100,96,0.17153199999999999,true,b5b3e190445993eddc003bd8618b797501b2b358426e7b71efd477b7190baa35,0bab2cfc8903f733cdbdb140275e6495732daf34784039a259886fae236c0944
1,20260810T032042Z_47ebe13410d3_stage08_b02_formal_8821001b,formal,20260810T032042Z,47ebe13410d3a97ff7b922a5622a21bff244b00a,true,stage08_b02_taylor_scales_v1,1e7a268332169dbf26515052ca42f187fc360013dd724c8f10fd2a57331a5876,operator,taylor,NA,NA,taylor,taylor__taylor_int8_10e3__b5b3e190445993ed__periodic,taylor_int8_10e3,10^3,1000,window_positions=[1000],INT8,CPU,not_applicable,compatibility/end-to-end,PASS,OK,20,100,97,0.171541,true,b5b3e190445993eddc003bd8618b797501b2b358426e7b71efd477b7190baa35,0bab2cfc8903f733cdbdb140275e6495732daf34784039a259886fae236c0944
1,20260810T032042Z_47ebe13410d3_stage08_b02_formal_8821001b,formal,20260810T032042Z,47ebe13410d3a97ff7b922a5622a21bff244b00a,true,stage08_b02_taylor_scales_v1,1e7a268332169dbf26515052ca42f187fc360013dd724c8f10fd2a57331a5876,operator,taylor,NA,NA,taylor,taylor__taylor_int8_10e3__b5b3e190445993ed__periodic,taylor_int8_10e3,10^3,1000,window_positions=[1000],INT8,CPU,not_applicable,compatibility/end-to-end,PASS,OK,20,100,98,0.17178199999999999,true,b5b3e190445993eddc003bd8618b797501b2b358426e7b71efd477b7190baa35,0bab2cfc8903f733cdbdb140275e6495732daf34784039a259886fae236c0944
1,20260810T032042Z_47ebe13410d3_stage08_b02_formal_8821001b,formal,20260810T032042Z,47ebe13410d3a97ff7b922a5622a21bff244b00a,true,stage08_b02_taylor_scales_v1,1e7a268332169dbf26515052ca42f187fc360013dd724c8f10fd2a57331a5876,operator,taylor,NA,NA,taylor,taylor__taylor_int8_10e3__b5b3e190445993ed__periodic,taylor_int8_10e3,10^3,1000,window_positions=[1000],INT8,CPU,not_applicable,compatibility/end-to-end,PASS,OK,20,100,99,0.17175099999999999,true,b5b3e190445993eddc003bd8618b797501b2b358426e7b71efd477b7190baa35,0bab2cfc8903f733cdbdb140275e6495732daf34784039a259886fae236c0944
1,20260810T032042Z_47ebe13410d3_stage08_b02_formal_8821001b,formal,20260810T032042Z,47ebe13410d3a97ff7b922a5622a21bff244b00a,true,stage08_b02_taylor_scales_v1,1e7a268332169dbf26515052ca42f187fc360013dd724c8f10fd2a57331a5876,operator,taylor,NA,NA,taylor,taylor__taylor_int8_10e3__b5b3e190445993ed__periodic,taylor_int8_10e3,10^3,1000,window_positions=[1000],INT8,GPU,not_applicable,compatibility/end-to-end,PASS,OK,20,100,0,0.41023399999999999,true,b5b3e190445993eddc003bd8618b797501b2b358426e7b71efd477b7190baa35,1dc91d92749bcb619afca4ebbabde5415ad1388fb630cb0eef50369c1910fba9
1,20260810T032042Z_47ebe13410d3_stage08_b02_formal_8821001b,formal,20260810T032042Z,47ebe13410d3a97ff7b922a5622a21bff244b00a,true,stage08_b02_taylor_scales_v1,1e7a268332169dbf26515052ca42f187fc360013dd724c8f10fd2a57331a5876,operator,taylor,NA,NA,taylor,taylor__taylor_int8_10e3__b5b3e190445993ed__periodic,taylor_int8_10e3,10^3,1000,window_positions=[1000],INT8,GPU,not_applicable,compatibility/end-to-end,PASS,OK,20,100,1,0.38678299999999999,true,b5b3e190445993eddc003bd8618b797501b2b358426e7b71efd477b7190baa35,1dc91d92749bcb619afca4ebbabde5415ad1388fb630cb0eef50369c1910fba9
1,20260810T032042Z_47ebe13410d3_stage08_b02_formal_8821001b,formal,20260810T032042Z,47ebe13410d3a97ff7b922a5622a21bff244b00a,true,stage08_b02_taylor_scales_v1,1e7a268332169dbf26515052ca42f187fc360013dd724c8f10fd2a57331a5876,operator,taylor,NA,NA,taylor,taylor__taylor_int8_10e3__b5b3e190445993ed__periodic,taylor_int8_10e3,10^3,1000,window_positions=[1000],INT8,GPU,not_applicable,compatibility/end-to-end,PASS,OK,20,100,2,0.39230300000000001,true,b5b3e190445993eddc003bd8618b797501b2b358426e7b71efd477b7190baa35,1dc91d92749bcb619afca4ebbabde5415ad1388fb630cb0eef50369c1910fba9
1,20260810T032042Z_47ebe13410d3_stage08_b02_formal_8821001b,formal,20260810T032042Z,47ebe13410d3a97ff7b922a5622a21bff244b00a,true,stage08_b02_taylor_scales_v1,1e7a268332169dbf26515052ca42f187fc360013dd724c8f10fd2a57331a5876,operator,taylor,NA,NA,taylor,taylor__taylor_int8_10e3__b5b3e190445993ed__periodic,taylor_int8_10e3,10^3,1000,window_positions=[1000],INT8,GPU,not_applicable,compatibility/end-to-end,PASS,OK,20,100,3,0.38775399999999999,true,b5b3e190445993eddc003bd8618b797501b2b358426e7b71efd477b7190baa35,1dc91d92749bcb619afca4ebbabde5415ad1388fb630cb0eef50369c1910fba9
1,20260810T032042Z_47ebe13410d3_stage08_b02_formal_8821001b,formal,20260810T032042Z,47ebe13410d3a97ff7b922a5622a21bff244b00a,true,stage08_b02_taylor_scales_v1,1e7a268332169dbf26515052ca42f187fc360013dd724c8f10fd2a57331a5876,operator,taylor,NA,NA,taylor,taylor__taylor_int8_10e3__b5b3e190445993ed__periodic,taylor_int8_10e3,10^3,1000,window_positions=[1000],INT8,GPU,not_applicable,compatibility/end-to-end,PASS,OK,20,100,4,0.385523,true,b5b3e190445993eddc003bd8618b797501b2b358426e7b71efd477b7190baa35,1dc91d92749bcb619afca4ebbabde5415ad1388fb630cb0eef50369c1910fba9
1,20260810T032042Z_47ebe13410d3_stage08_b02_formal_8821001b,formal,20260810T032042Z,47ebe13410d3a97ff7b922a5622a21bff244b00a,true,stage08_b02_taylor_scales_v1,1e7a268332169dbf26515052ca42f187fc360013dd724c8f10fd2a57331a5876,operator,taylor,NA,NA,taylor,taylor__taylor_int8_10e3__b5b3e190445993ed__periodic,taylor_int8_10e3,10^3,1000,window_positions=[1000],INT8,GPU,not_applicable,compatibility/end-to-end,PASS,OK,20,100,5,0.38670300000000002,true,b5b3e190445993eddc003bd8618b797501b2b358426e7b71efd477b7190baa35,1dc91d92749bcb619afca4ebbabde5415ad1388fb630cb0eef50369c1910fba9
1,20260810T032042Z_47ebe13410d3_stage08_b02_formal_8821001b,formal,20260810T032042Z,47ebe13410d3a97ff7b922a5622a21bff244b00a,true,stage08_b02_taylor_scales_v1,1e7a268332169dbf26515052ca42f187fc360013dd724c8f10fd2a57331a5876,operator,taylor,NA,NA,taylor,taylor__taylor_int8_10e3__b5b3e190445993ed__periodic,taylor_int8_10e3,10^3,1000,window_positions=[1000],INT8,GPU,not_applicable,compatibility/end-to-end,PASS,OK,20,100,6,0.38771299999999997,true,b5b3e190445993eddc003bd8618b797501b2b358426e7b71efd477b7190baa35,1dc91d92749bcb619afca4ebbabde5415ad1388fb630cb0eef50369c1910fba9
1,20260810T032042Z_47ebe13410d3_stage08_b02_formal_8821001b,formal,20260810T032042Z,47ebe13410d3a97ff7b922a5622a21bff244b00a,true,stage08_b02_taylor_scales_v1,1e7a268332169dbf26515052ca42f187fc360013dd724c8f10fd2a57331a5876,operator,taylor,NA,NA,taylor,taylor__taylor_int8_10e3__b5b3e190445993ed__periodic,taylor_int8_10e3,10^3,1000,window_positions=[1000],INT8,GPU,not_applicable,compatibility/end-to-end,PASS,OK,20,100,7,0.38422400000000001,true,b5b3e190445993eddc003bd8618b797501b2b358426e7b71efd477b7190baa35,1dc91d92749bcb619afca4ebbabde5415ad1388fb630cb0eef50369c1910fba9
1,20260810T032042Z_47ebe13410d3_stage08_b02_formal_8821001b,formal,20260810T032042Z,47ebe13410d3a97ff7b922a5622a21bff244b00a,true,stage08_b02_taylor_scales_v1,1e7a268332169dbf26515052ca42f187fc360013dd724c8f10fd2a57331a5876,operator,taylor,NA,NA,taylor,taylor__taylor_int8_10e3__b5b3e190445993ed__periodic,taylor_int8_10e3,10^3,1000,window_positions=[1000],INT8,GPU,not_applicable,compatibility/end-to-end,PASS,OK,20,100,8,0.38249300000000003,true,b5b3e190445993eddc003bd8618b797501b2b358426e7b71efd477b7190baa35,1dc91d92749bcb619afca4ebbabde5415ad1388fb630cb0eef50369c1910fba9
1,20260810T032042Z_47ebe13410d3_stage08_b02_formal_8821001b,formal,20260810T032042Z,47ebe13410d3a97ff7b922a5622a21bff244b00a,true,stage08_b02_taylor_scales_v1,1e7a268332169dbf26515052ca42f187fc360013dd724c8f10fd2a57331a5876,operator,taylor,NA,NA,taylor,taylor__taylor_int8_10e3__b5b3e190445993ed__periodic,taylor_int8_10e3,10^3,1000,window_positions=[1000],INT8,GPU,not_applicable,compatibility/end-to-end,PASS,OK,20,100,9,0.38571299999999997,true,b5b3e190445993eddc003bd8618b797501b2b358426e7b71efd477b7190baa35,1dc91d92749bcb619afca4ebbabde5415ad1388fb630cb0eef50369c1910fba9
1,20260810T032042Z_47ebe13410d3_stage08_b02_formal_8821001b,formal,20260810T032042Z,47ebe13410d3a97ff7b922a5622a21bff244b00a,true,stage08_b02_taylor_scales_v1,1e7a268332169dbf26515052ca42f187fc360013dd724c8f10fd2a57331a5876,operator,taylor,NA,NA,taylor,taylor__taylor_int8_10e3__b5b3e190445993ed__periodic,taylor_int8_10e3,10^3,1000,window_positions=[1000],INT8,GPU,not_applicable,compatibility/end-to-end,PASS,OK,20,100,10,0.40117399999999998,true,b5b3e190445993eddc003bd8618b797501b2b358426e7b71efd477b7190baa35,1dc91d92749bcb619afca4ebbabde5415ad1388fb630cb0eef50369c1910fba9
1,20260810T032042Z_47ebe13410d3_stage08_b02_formal_8821001b,formal,20260810T032042Z,47ebe13410d3a97ff7b922a5622a21bff244b00a,true,stage08_b02_taylor_scales_v1,1e7a268332169dbf26515052ca42f187fc360013dd724c8f10fd2a57331a5876,operator,taylor,NA,NA,taylor,taylor__taylor_int8_10e3__b5b3e190445993ed__periodic,taylor_int8_10e3,10^3,1000,window_positions=[1000],INT8,GPU,not_applicable,compatibility/end-to-end,PASS,OK,20,100,11,0.38602300000000001,true,b5b3e190445993eddc003bd8618b797501b2b358426e7b71efd477b7190baa35,1dc91d92749bcb619afca4ebbabde5415ad1388fb630cb0eef50369c1910fba9
1,20260810T032042Z_47ebe13410d3_stage08_b02_formal_8821001b,formal,20260810T032042Z,47ebe13410d3a97ff7b922a5622a21bff244b00a,true,stage08_b02_taylor_scales_v1,1e7a268332169dbf26515052ca42f187fc360013dd724c8f10fd2a57331a5876,operator,taylor,NA,NA,taylor,taylor__taylor_int8_10e3__b5b3e190445993ed__periodic,taylor_int8_10e3,10^3,1000,window_positions=[1000],INT8,GPU,not_applicable,compatibility/end-to-end,PASS,OK,20,100,12,0.386793,true,b5b3e190445993eddc003bd8618b797501b2b358426e7b71efd477b7190baa35,1dc91d92749bcb619afca4ebbabde5415ad1388fb630cb0eef50369c1910fba9
1,20260810T032042Z_47ebe13410d3_stage08_b02_formal_8821001b,formal,20260810T032042Z,47ebe13410d3a97ff7b922a5622a21bff244b00a,true,stage08_b02_taylor_scales_v1,1e7a268332169dbf26515052ca42f187fc360013dd724c8f10fd2a57331a5876,operator,taylor,NA,NA,taylor,taylor__taylor_int8_10e3__b5b3e190445993ed__periodic,taylor_int8_10e3,10^3,1000,window_positions=[1000],INT8,GPU,not_applicable,compatibility/end-to-end,PASS,OK,20,100,13,0.39013399999999998,true,b5b3e190445993eddc003bd8618b797501b2b358426e7b71efd477b7190baa35,1dc91d92749bcb619afca4ebbabde5415ad1388fb630cb0eef50369c1910fba9
1,20260810T032042Z_47ebe13410d3_stage08_b02_formal_8821001b,formal,20260810T032042Z,47ebe13410d3a97ff7b922a5622a21bff244b00a,true,stage08_b02_taylor_scales_v1,1e7a268332169dbf26515052ca42f187fc360013dd724c8f10fd2a57331a5876,operator,taylor,NA,NA,taylor,taylor__taylor_int8_10e3__b5b3e190445993ed__periodic,taylor_int8_10e3,10^3,1000,window_positions=[1000],INT8,GPU,not_applicable,compatibility/end-to-end,PASS,OK,20,100,14,0.38545299999999999,true,b5b3e190445993eddc003bd8618b797501b2b358426e7b71efd477b7190baa35,1dc91d92749bcb619afca4ebbabde5415ad1388fb630cb0eef50369c1910fba9
1,20260810T032042Z_47ebe13410d3_stage08_b02_formal_8821001b,formal,20260810T032042Z,47ebe13410d3a97ff7b922a5622a21bff244b00a,true,stage08_b02_taylor_scales_v1,1e7a268332169dbf26515052ca42f187fc360013dd724c8f10fd2a57331a5876,operator,taylor,NA,NA,taylor,taylor__taylor_int8_10e3__b5b3e190445993ed__periodic,taylor_int8_10e3,10^3,1000,window_positions=[1000],INT8,GPU,not_applicable,compatibility/end-to-end,PASS,OK,20,100,15,0.38852300000000001,true,b5b3e190445993eddc003bd8618b797501b2b358426e7b71efd477b7190baa35,1dc91d92749bcb619afca4ebbabde5415ad1388fb630cb0eef50369c1910fba9
1,20260810T032042Z_47ebe13410d3_stage08_b02_formal_8821001b,formal,20260810T032042Z,47ebe13410d3a97ff7b922a5622a21bff244b00a,true,stage08_b02_taylor_scales_v1,1e7a268332169dbf26515052ca42f187fc360013dd724c8f10fd2a57331a5876,operator,taylor,NA,NA,taylor,taylor__taylor_int8_10e3__b5b3e190445993ed__periodic,taylor_int8_10e3,10^3,1000,window_positions=[1000],INT8,GPU,not_applicable,compatibility/end-to-end,PASS,OK,20,100,16,0.383793,true,b5b3e190445993eddc003bd8618b797501b2b358426e7b71efd477b7190baa35,1dc91d92749bcb619afca4ebbabde5415ad1388fb630cb0eef50369c1910fba9
1,20260810T032042Z_47ebe13410d3_stage08_b02_formal_8821001b,formal,20260810T032042Z,47ebe13410d3a97ff7b922a5622a21bff244b00a,true,stage08_b02_taylor_scales_v1,1e7a268332169dbf26515052ca42f187fc360013dd724c8f10fd2a57331a5876,operator,taylor,NA,NA,taylor,taylor__taylor_int8_10e3__b5b3e190445993ed__periodic,taylor_int8_10e3,10^3,1000,window_positions=[1000],INT8,GPU,not_applicable,compatibility/end-to-end,PASS,OK,20,100,17,0.38336399999999998,true,b5b3e190445993eddc003bd8618b797501b2b358426e7b71efd477b7190baa35,1dc91d92749bcb619afca4ebbabde5415ad1388fb630cb0eef50369c1910fba9
1,20260810T032042Z_47ebe13410d3_stage08_b02_formal_8821001b,formal,20260810T032042Z,47ebe13410d3a97ff7b922a5622a21bff244b00a,true,stage08_b02_taylor_scales_v1,1e7a268332169dbf26515052ca42f187fc360013dd724c8f10fd2a57331a5876,operator,taylor,NA,NA,taylor,taylor__taylor_int8_10e3__b5b3e190445993ed__periodic,taylor_int8_10e3,10^3,1000,window_positions=[1000],INT8,GPU,not_applicable,compatibility/end-to-end,PASS,OK,20,100,18,0.38323299999999999,true,b5b3e190445993eddc003bd8618b797501b2b358426e7b71efd477b7190baa35,1dc91d92749bcb619afca4ebbabde5415ad1388fb630cb0eef50369c1910fba9
1,20260810T032042Z_47ebe13410d3_stage08_b02_formal_8821001b,formal,20260810T032042Z,47ebe13410d3a97ff7b922a5622a21bff244b00a,true,stage08_b02_taylor_scales_v1,1e7a268332169dbf26515052ca42f187fc360013dd724c8f10fd2a57331a5876,operator,taylor,NA,NA,taylor,taylor__taylor_int8_10e3__b5b3e190445993ed__periodic,taylor_int8_10e3,10^3,1000,window_positions=[1000],INT8,GPU,not_applicable,compatibility/end-to-end,PASS,OK,20,100,19,0.38440299999999999,true,b5b3e190445993eddc003bd8618b797501b2b358426e7b71efd477b7190baa35,1dc91d92749bcb619afca4ebbabde5415ad1388fb630cb0eef50369c1910fba9
1,20260810T032042Z_47ebe13410d3_stage08_b02_formal_8821001b,formal,20260810T032042Z,47ebe13410d3a97ff7b922a5622a21bff244b00a,true,stage08_b02_taylor_scales_v1,1e7a268332169dbf26515052ca42f187fc360013dd724c8f10fd2a57331a5876,operator,taylor,NA,NA,taylor,taylor__taylor_int8_10e3__b5b3e190445993ed__periodic,taylor_int8_10e3,10^3,1000,window_positions=[1000],INT8,GPU,not_applicable,compatibility/end-to-end,PASS,OK,20,100,20,0.39149400000000001,true,b5b3e190445993eddc003bd8618b797501b2b358426e7b71efd477b7190baa35,1dc91d92749bcb619afca4ebbabde5415ad1388fb630cb0eef50369c1910fba9
1,20260810T032042Z_47ebe13410d3_stage08_b02_formal_8821001b,formal,20260810T032042Z,47ebe13410d3a97ff7b922a5622a21bff244b00a,true,stage08_b02_taylor_scales_v1,1e7a268332169dbf26515052ca42f187fc360013dd724c8f10fd2a57331a5876,operator,taylor,NA,NA,taylor,taylor__taylor_int8_10e3__b5b3e190445993ed__periodic,taylor_int8_10e3,10^3,1000,window_positions=[1000],INT8,GPU,not_applicable,compatibility/end-to-end,PASS,OK,20,100,21,0.38672299999999998,true,b5b3e190445993eddc003bd8618b797501b2b358426e7b71efd477b7190baa35,1dc91d92749bcb619afca4ebbabde5415ad1388fb630cb0eef50369c1910fba9
1,20260810T032042Z_47ebe13410d3_stage08_b02_formal_8821001b,formal,20260810T032042Z,47ebe13410d3a97ff7b922a5622a21bff244b00a,true,stage08_b02_taylor_scales_v1,1e7a268332169dbf26515052ca42f187fc360013dd724c8f10fd2a57331a5876,operator,taylor,NA,NA,taylor,taylor__taylor_int8_10e3__b5b3e190445993ed__periodic,taylor_int8_10e3,10^3,1000,window_positions=[1000],INT8,GPU,not_applicable,compatibility/end-to-end,PASS,OK,20,100,22,0.38865300000000003,true,b5b3e190445993eddc003bd8618b797501b2b358426e7b71efd477b7190baa35,1dc91d92749bcb619afca4ebbabde5415ad1388fb630cb0eef50369c1910fba9
1,20260810T032042Z_47ebe13410d3_stage08_b02_formal_8821001b,formal,20260810T032042Z,47ebe13410d3a97ff7b922a5622a21bff244b00a,true,stage08_b02_taylor_scales_v1,1e7a268332169dbf26515052ca42f187fc360013dd724c8f10fd2a57331a5876,operator,taylor,NA,NA,taylor,taylor__taylor_int8_10e3__b5b3e190445993ed__periodic,taylor_int8_10e3,10^3,1000,window_positions=[1000],INT8,GPU,not_applicable,compatibility/end-to-end,PASS,OK,20,100,23,0.38704300000000003,true,b5b3e190445993eddc003bd8618b797501b2b358426e7b71efd477b7190baa35,1dc91d92749bcb619afca4ebbabde5415ad1388fb630cb0eef50369c1910fba9
1,20260810T032042Z_47ebe13410d3_stage08_b02_formal_8821001b,formal,20260810T032042Z,47ebe13410d3a97ff7b922a5622a21bff244b00a,true,stage08_b02_taylor_scales_v1,1e7a268332169dbf26515052ca42f187fc360013dd724c8f10fd2a57331a5876,operator,taylor,NA,NA,taylor,taylor__taylor_int8_10e3__b5b3e190445993ed__periodic,taylor_int8_10e3,10^3,1000,window_positions=[1000],INT8,GPU,not_applicable,compatibility/end-to-end,PASS,OK,20,100,24,0.39384400000000003,true,b5b3e190445993eddc003bd8618b797501b2b358426e7b71efd477b7190baa35,1dc91d92749bcb619afca4ebbabde5415ad1388fb630cb0eef50369c1910fba9
1,20260810T032042Z_47ebe13410d3_stage08_b02_formal_8821001b,formal,20260810T032042Z,47ebe13410d3a97ff7b922a5622a21bff244b00a,true,stage08_b02_taylor_scales_v1,1e7a268332169dbf26515052ca42f187fc360013dd724c8f10fd2a57331a5876,operator,taylor,NA,NA,taylor,taylor__taylor_int8_10e3__b5b3e190445993ed__periodic,taylor_int8_10e3,10^3,1000,window_positions=[1000],INT8,GPU,not_applicable,compatibility/end-to-end,PASS,OK,20,100,25,0.38354300000000002,true,b5b3e190445993eddc003bd8618b797501b2b358426e7b71efd477b7190baa35,1dc91d92749bcb619afca4ebbabde5415ad1388fb630cb0eef50369c1910fba9
1,20260810T032042Z_47ebe13410d3_stage08_b02_formal_8821001b,formal,20260810T032042Z,47ebe13410d3a97ff7b922a5622a21bff244b00a,true,stage08_b02_taylor_scales_v1,1e7a268332169dbf26515052ca42f187fc360013dd724c8f10fd2a57331a5876,operator,taylor,NA,NA,taylor,taylor__taylor_int8_10e3__b5b3e190445993ed__periodic,taylor_int8_10e3,10^3,1000,window_positions=[1000],INT8,GPU,not_applicable,compatibility/end-to-end,PASS,OK,20,100,26,0.389073,true,b5b3e190445993eddc003bd8618b797501b2b358426e7b71efd477b7190baa35,1dc91d92749bcb619afca4ebbabde5415ad1388fb630cb0eef50369c1910fba9
1,20260810T032042Z_47ebe13410d3_stage08_b02_formal_8821001b,formal,20260810T032042Z,47ebe13410d3a97ff7b922a5622a21bff244b00a,true,stage08_b02_taylor_scales_v1,1e7a268332169dbf26515052ca42f187fc360013dd724c8f10fd2a57331a5876,operator,taylor,NA,NA,taylor,taylor__taylor_int8_10e3__b5b3e190445993ed__periodic,taylor_int8_10e3,10^3,1000,window_positions=[1000],INT8,GPU,not_applicable,compatibility/end-to-end,PASS,OK,20,100,27,0.38401400000000002,true,b5b3e190445993eddc003bd8618b797501b2b358426e7b71efd477b7190baa35,1dc91d92749bcb619afca4ebbabde5415ad1388fb630cb0eef50369c1910fba9
1,20260810T032042Z_47ebe13410d3_stage08_b02_formal_8821001b,formal,20260810T032042Z,47ebe13410d3a97ff7b922a5622a21bff244b00a,true,stage08_b02_taylor_scales_v1,1e7a268332169dbf26515052ca42f187fc360013dd724c8f10fd2a57331a5876,operator,taylor,NA,NA,taylor,taylor__taylor_int8_10e3__b5b3e190445993ed__periodic,taylor_int8_10e3,10^3,1000,window_positions=[1000],INT8,GPU,not_applicable,compatibility/end-to-end,PASS,OK,20,100,28,0.39211299999999999,true,b5b3e190445993eddc003bd8618b797501b2b358426e7b71efd477b7190baa35,1dc91d92749bcb619afca4ebbabde5415ad1388fb630cb0eef50369c1910fba9
1,20260810T032042Z_47ebe13410d3_stage08_b02_formal_8821001b,formal,20260810T032042Z,47ebe13410d3a97ff7b922a5622a21bff244b00a,true,stage08_b02_taylor_scales_v1,1e7a268332169dbf26515052ca42f187fc360013dd724c8f10fd2a57331a5876,operator,taylor,NA,NA,taylor,taylor__taylor_int8_10e3__b5b3e190445993ed__periodic,taylor_int8_10e3,10^3,1000,window_positions=[1000],INT8,GPU,not_applicable,compatibility/end-to-end,PASS,OK,20,100,29,0.38943299999999997,true,b5b3e190445993eddc003bd8618b797501b2b358426e7b71efd477b7190baa35,1dc91d92749bcb619afca4ebbabde5415ad1388fb630cb0eef50369c1910fba9
1,20260810T032042Z_47ebe13410d3_stage08_b02_formal_8821001b,formal,20260810T032042Z,47ebe13410d3a97ff7b922a5622a21bff244b00a,true,stage08_b02_taylor_scales_v1,1e7a268332169dbf26515052ca42f187fc360013dd724c8f10fd2a57331a5876,operator,taylor,NA,NA,taylor,taylor__taylor_int8_10e3__b5b3e190445993ed__periodic,taylor_int8_10e3,10^3,1000,window_positions=[1000],INT8,GPU,not_applicable,compatibility/end-to-end,PASS,OK,20,100,30,0.390403,true,b5b3e190445993eddc003bd8618b797501b2b358426e7b71efd477b7190baa35,1dc91d92749bcb619afca4ebbabde5415ad1388fb630cb0eef50369c1910fba9
1,20260810T032042Z_47ebe13410d3_stage08_b02_formal_8821001b,formal,20260810T032042Z,47ebe13410d3a97ff7b922a5622a21bff244b00a,true,stage08_b02_taylor_scales_v1,1e7a268332169dbf26515052ca42f187fc360013dd724c8f10fd2a57331a5876,operator,taylor,NA,NA,taylor,taylor__taylor_int8_10e3__b5b3e190445993ed__periodic,taylor_int8_10e3,10^3,1000,window_positions=[1000],INT8,GPU,not_applicable,compatibility/end-to-end,PASS,OK,20,100,31,0.41306399999999999,true,b5b3e190445993eddc003bd8618b797501b2b358426e7b71efd477b7190baa35,1dc91d92749bcb619afca4ebbabde5415ad1388fb630cb0eef50369c1910fba9
1,20260810T032042Z_47ebe13410d3_stage08_b02_formal_8821001b,formal,20260810T032042Z,47ebe13410d3a97ff7b922a5622a21bff244b00a,true,stage08_b02_taylor_scales_v1,1e7a268332169dbf26515052ca42f187fc360013dd724c8f10fd2a57331a5876,operator,taylor,NA,NA,taylor,taylor__taylor_int8_10e3__b5b3e190445993ed__periodic,taylor_int8_10e3,10^3,1000,window_positions=[1000],INT8,GPU,not_applicable,compatibility/end-to-end,PASS,OK,20,100,32,0.38436300000000001,true,b5b3e190445993eddc003bd8618b797501b2b358426e7b71efd477b7190baa35,1dc91d92749bcb619afca4ebbabde5415ad1388fb630cb0eef50369c1910fba9
1,20260810T032042Z_47ebe13410d3_stage08_b02_formal_8821001b,formal,20260810T032042Z,47ebe13410d3a97ff7b922a5622a21bff244b00a,true,stage08_b02_taylor_scales_v1,1e7a268332169dbf26515052ca42f187fc360013dd724c8f10fd2a57331a5876,operator,taylor,NA,NA,taylor,taylor__taylor_int8_10e3__b5b3e190445993ed__periodic,taylor_int8_10e3,10^3,1000,window_positions=[1000],INT8,GPU,not_applicable,compatibility/end-to-end,PASS,OK,20,100,33,0.38300400000000001,true,b5b3e190445993eddc003bd8618b797501b2b358426e7b71efd477b7190baa35,1dc91d92749bcb619afca4ebbabde5415ad1388fb630cb0eef50369c1910fba9
1,20260810T032042Z_47ebe13410d3_stage08_b02_formal_8821001b,formal,20260810T032042Z,47ebe13410d3a97ff7b922a5622a21bff244b00a,true,stage08_b02_taylor_scales_v1,1e7a268332169dbf26515052ca42f187fc360013dd724c8f10fd2a57331a5876,operator,taylor,NA,NA,taylor,taylor__taylor_int8_10e3__b5b3e190445993ed__periodic,taylor_int8_10e3,10^3,1000,window_positions=[1000],INT8,GPU,not_applicable,compatibility/end-to-end,PASS,OK,20,100,34,0.39239299999999999,true,b5b3e190445993eddc003bd8618b797501b2b358426e7b71efd477b7190baa35,1dc91d92749bcb619afca4ebbabde5415ad1388fb630cb0eef50369c1910fba9
1,20260810T032042Z_47ebe13410d3_stage08_b02_formal_8821001b,formal,20260810T032042Z,47ebe13410d3a97ff7b922a5622a21bff244b00a,true,stage08_b02_taylor_scales_v1,1e7a268332169dbf26515052ca42f187fc360013dd724c8f10fd2a57331a5876,operator,taylor,NA,NA,taylor,taylor__taylor_int8_10e3__b5b3e190445993ed__periodic,taylor_int8_10e3,10^3,1000,window_positions=[1000],INT8,GPU,not_applicable,compatibility/end-to-end,PASS,OK,20,100,35,0.38430300000000001,true,b5b3e190445993eddc003bd8618b797501b2b358426e7b71efd477b7190baa35,1dc91d92749bcb619afca4ebbabde5415ad1388fb630cb0eef50369c1910fba9
1,20260810T032042Z_47ebe13410d3_stage08_b02_formal_8821001b,formal,20260810T032042Z,47ebe13410d3a97ff7b922a5622a21bff244b00a,true,stage08_b02_taylor_scales_v1,1e7a268332169dbf26515052ca42f187fc360013dd724c8f10fd2a57331a5876,operator,taylor,NA,NA,taylor,taylor__taylor_int8_10e3__b5b3e190445993ed__periodic,taylor_int8_10e3,10^3,1000,window_positions=[1000],INT8,GPU,not_applicable,compatibility/end-to-end,PASS,OK,20,100,36,0.38428400000000001,true,b5b3e190445993eddc003bd8618b797501b2b358426e7b71efd477b7190baa35,1dc91d92749bcb619afca4ebbabde5415ad1388fb630cb0eef50369c1910fba9
1,20260810T032042Z_47ebe13410d3_stage08_b02_formal_8821001b,formal,20260810T032042Z,47ebe13410d3a97ff7b922a5622a21bff244b00a,true,stage08_b02_taylor_scales_v1,1e7a268332169dbf26515052ca42f187fc360013dd724c8f10fd2a57331a5876,operator,taylor,NA,NA,taylor,taylor__taylor_int8_10e3__b5b3e190445993ed__periodic,taylor_int8_10e3,10^3,1000,window_positions=[1000],INT8,GPU,not_applicable,compatibility/end-to-end,PASS,OK,20,100,37,0.448133,true,b5b3e190445993eddc003bd8618b797501b2b358426e7b71efd477b7190baa35,1dc91d92749bcb619afca4ebbabde5415ad1388fb630cb0eef50369c1910fba9
1,20260810T032042Z_47ebe13410d3_stage08_b02_formal_8821001b,formal,20260810T032042Z,47ebe13410d3a97ff7b922a5622a21bff244b00a,true,stage08_b02_taylor_scales_v1,1e7a268332169dbf26515052ca42f187fc360013dd724c8f10fd2a57331a5876,operator,taylor,NA,NA,taylor,taylor__taylor_int8_10e3__b5b3e190445993ed__periodic,taylor_int8_10e3,10^3,1000,window_positions=[1000],INT8,GPU,not_applicable,compatibility/end-to-end,PASS,OK,20,100,38,0.453154,true,b5b3e190445993eddc003bd8618b797501b2b358426e7b71efd477b7190baa35,1dc91d92749bcb619afca4ebbabde5415ad1388fb630cb0eef50369c1910fba9
1,20260810T032042Z_47ebe13410d3_stage08_b02_formal_8821001b,formal,20260810T032042Z,47ebe13410d3a97ff7b922a5622a21bff244b00a,true,stage08_b02_taylor_scales_v1,1e7a268332169dbf26515052ca42f187fc360013dd724c8f10fd2a57331a5876,operator,taylor,NA,NA,taylor,taylor__taylor_int8_10e3__b5b3e190445993ed__periodic,taylor_int8_10e3,10^3,1000,window_positions=[1000],INT8,GPU,not_applicable,compatibility/end-to-end,PASS,OK,20,100,39,0.38805400000000001,true,b5b3e190445993eddc003bd8618b797501b2b358426e7b71efd477b7190baa35,1dc91d92749bcb619afca4ebbabde5415ad1388fb630cb0eef50369c1910fba9
1,20260810T032042Z_47ebe13410d3_stage08_b02_formal_8821001b,formal,20260810T032042Z,47ebe13410d3a97ff7b922a5622a21bff244b00a,true,stage08_b02_taylor_scales_v1,1e7a268332169dbf26515052ca42f187fc360013dd724c8f10fd2a57331a5876,operator,taylor,NA,NA,taylor,taylor__taylor_int8_10e3__b5b3e190445993ed__periodic,taylor_int8_10e3,10^3,1000,window_positions=[1000],INT8,GPU,not_applicable,compatibility/end-to-end,PASS,OK,20,100,40,0.38716299999999998,true,b5b3e190445993eddc003bd8618b797501b2b358426e7b71efd477b7190baa35,1dc91d92749bcb619afca4ebbabde5415ad1388fb630cb0eef50369c1910fba9
1,20260810T032042Z_47ebe13410d3_stage08_b02_formal_8821001b,formal,20260810T032042Z,47ebe13410d3a97ff7b922a5622a21bff244b00a,true,stage08_b02_taylor_scales_v1,1e7a268332169dbf26515052ca42f187fc360013dd724c8f10fd2a57331a5876,operator,taylor,NA,NA,taylor,taylor__taylor_int8_10e3__b5b3e190445993ed__periodic,taylor_int8_10e3,10^3,1000,window_positions=[1000],INT8,GPU,not_applicable,compatibility/end-to-end,PASS,OK,20,100,41,0.39485300000000001,true,b5b3e190445993eddc003bd8618b797501b2b358426e7b71efd477b7190baa35,1dc91d92749bcb619afca4ebbabde5415ad1388fb630cb0eef50369c1910fba9
1,20260810T032042Z_47ebe13410d3_stage08_b02_formal_8821001b,formal,20260810T032042Z,47ebe13410d3a97ff7b922a5622a21bff244b00a,true,stage08_b02_taylor_scales_v1,1e7a268332169dbf26515052ca42f187fc360013dd724c8f10fd2a57331a5876,operator,taylor,NA,NA,taylor,taylor__taylor_int8_10e3__b5b3e190445993ed__periodic,taylor_int8_10e3,10^3,1000,window_positions=[1000],INT8,GPU,not_applicable,compatibility/end-to-end,PASS,OK,20,100,42,0.39186399999999999,true,b5b3e190445993eddc003bd8618b797501b2b358426e7b71efd477b7190baa35,1dc91d92749bcb619afca4ebbabde5415ad1388fb630cb0eef50369c1910fba9
1,20260810T032042Z_47ebe13410d3_stage08_b02_formal_8821001b,formal,20260810T032042Z,47ebe13410d3a97ff7b922a5622a21bff244b00a,true,stage08_b02_taylor_scales_v1,1e7a268332169dbf26515052ca42f187fc360013dd724c8f10fd2a57331a5876,operator,taylor,NA,NA,taylor,taylor__taylor_int8_10e3__b5b3e190445993ed__periodic,taylor_int8_10e3,10^3,1000,window_positions=[1000],INT8,GPU,not_applicable,compatibility/end-to-end,PASS,OK,20,100,43,0.39508300000000002,true,b5b3e190445993eddc003bd8618b797501b2b358426e7b71efd477b7190baa35,1dc91d92749bcb619afca4ebbabde5415ad1388fb630cb0eef50369c1910fba9
1,20260810T032042Z_47ebe13410d3_stage08_b02_formal_8821001b,formal,20260810T032042Z,47ebe13410d3a97ff7b922a5622a21bff244b00a,true,stage08_b02_taylor_scales_v1,1e7a268332169dbf26515052ca42f187fc360013dd724c8f10fd2a57331a5876,operator,taylor,NA,NA,taylor,taylor__taylor_int8_10e3__b5b3e190445993ed__periodic,taylor_int8_10e3,10^3,1000,window_positions=[1000],INT8,GPU,not_applicable,compatibility/end-to-end,PASS,OK,20,100,44,0.38704300000000003,true,b5b3e190445993eddc003bd8618b797501b2b358426e7b71efd477b7190baa35,1dc91d92749bcb619afca4ebbabde5415ad1388fb630cb0eef50369c1910fba9
1,20260810T032042Z_47ebe13410d3_stage08_b02_formal_8821001b,formal,20260810T032042Z,47ebe13410d3a97ff7b922a5622a21bff244b00a,true,stage08_b02_taylor_scales_v1,1e7a268332169dbf26515052ca42f187fc360013dd724c8f10fd2a57331a5876,operator,taylor,NA,NA,taylor,taylor__taylor_int8_10e3__b5b3e190445993ed__periodic,taylor_int8_10e3,10^3,1000,window_positions=[1000],INT8,GPU,not_applicable,compatibility/end-to-end,PASS,OK,20,100,45,0.38749299999999998,true,b5b3e190445993eddc003bd8618b797501b2b358426e7b71efd477b7190baa35,1dc91d92749bcb619afca4ebbabde5415ad1388fb630cb0eef50369c1910fba9
1,20260810T032042Z_47ebe13410d3_stage08_b02_formal_8821001b,formal,20260810T032042Z,47ebe13410d3a97ff7b922a5622a21bff244b00a,true,stage08_b02_taylor_scales_v1,1e7a268332169dbf26515052ca42f187fc360013dd724c8f10fd2a57331a5876,operator,taylor,NA,NA,taylor,taylor__taylor_int8_10e3__b5b3e190445993ed__periodic,taylor_int8_10e3,10^3,1000,window_positions=[1000],INT8,GPU,not_applicable,compatibility/end-to-end,PASS,OK,20,100,46,0.38175399999999998,true,b5b3e190445993eddc003bd8618b797501b2b358426e7b71efd477b7190baa35,1dc91d92749bcb619afca4ebbabde5415ad1388fb630cb0eef50369c1910fba9
1,20260810T032042Z_47ebe13410d3_stage08_b02_formal_8821001b,formal,20260810T032042Z,47ebe13410d3a97ff7b922a5622a21bff244b00a,true,stage08_b02_taylor_scales_v1,1e7a268332169dbf26515052ca42f187fc360013dd724c8f10fd2a57331a5876,operator,taylor,NA,NA,taylor,taylor__taylor_int8_10e3__b5b3e190445993ed__periodic,taylor_int8_10e3,10^3,1000,window_positions=[1000],INT8,GPU,not_applicable,compatibility/end-to-end,PASS,OK,20,100,47,0.39879300000000001,true,b5b3e190445993eddc003bd8618b797501b2b358426e7b71efd477b7190baa35,1dc91d92749bcb619afca4ebbabde5415ad1388fb630cb0eef50369c1910fba9
1,20260810T032042Z_47ebe13410d3_stage08_b02_formal_8821001b,formal,20260810T032042Z,47ebe13410d3a97ff7b922a5622a21bff244b00a,true,stage08_b02_taylor_scales_v1,1e7a268332169dbf26515052ca42f187fc360013dd724c8f10fd2a57331a5876,operator,taylor,NA,NA,taylor,taylor__taylor_int8_10e3__b5b3e190445993ed__periodic,taylor_int8_10e3,10^3,1000,window_positions=[1000],INT8,GPU,not_applicable,compatibility/end-to-end,PASS,OK,20,100,48,0.40080300000000002,true,b5b3e190445993eddc003bd8618b797501b2b358426e7b71efd477b7190baa35,1dc91d92749bcb619afca4ebbabde5415ad1388fb630cb0eef50369c1910fba9
1,20260810T032042Z_47ebe13410d3_stage08_b02_formal_8821001b,formal,20260810T032042Z,47ebe13410d3a97ff7b922a5622a21bff244b00a,true,stage08_b02_taylor_scales_v1,1e7a268332169dbf26515052ca42f187fc360013dd724c8f10fd2a57331a5876,operator,taylor,NA,NA,taylor,taylor__taylor_int8_10e3__b5b3e190445993ed__periodic,taylor_int8_10e3,10^3,1000,window_positions=[1000],INT8,GPU,not_applicable,compatibility/end-to-end,PASS,OK,20,100,49,0.40645399999999998,true,b5b3e190445993eddc003bd8618b797501b2b358426e7b71efd477b7190baa35,1dc91d92749bcb619afca4ebbabde5415ad1388fb630cb0eef50369c1910fba9
1,20260810T032042Z_47ebe13410d3_stage08_b02_formal_8821001b,formal,20260810T032042Z,47ebe13410d3a97ff7b922a5622a21bff244b00a,true,stage08_b02_taylor_scales_v1,1e7a268332169dbf26515052ca42f187fc360013dd724c8f10fd2a57331a5876,operator,taylor,NA,NA,taylor,taylor__taylor_int8_10e3__b5b3e190445993ed__periodic,taylor_int8_10e3,10^3,1000,window_positions=[1000],INT8,GPU,not_applicable,compatibility/end-to-end,PASS,OK,20,100,50,0.39776299999999998,true,b5b3e190445993eddc003bd8618b797501b2b358426e7b71efd477b7190baa35,1dc91d92749bcb619afca4ebbabde5415ad1388fb630cb0eef50369c1910fba9
1,20260810T032042Z_47ebe13410d3_stage08_b02_formal_8821001b,formal,20260810T032042Z,47ebe13410d3a97ff7b922a5622a21bff244b00a,true,stage08_b02_taylor_scales_v1,1e7a268332169dbf26515052ca42f187fc360013dd724c8f10fd2a57331a5876,operator,taylor,NA,NA,taylor,taylor__taylor_int8_10e3__b5b3e190445993ed__periodic,taylor_int8_10e3,10^3,1000,window_positions=[1000],INT8,GPU,not_applicable,compatibility/end-to-end,PASS,OK,20,100,51,0.40130399999999999,true,b5b3e190445993eddc003bd8618b797501b2b358426e7b71efd477b7190baa35,1dc91d92749bcb619afca4ebbabde5415ad1388fb630cb0eef50369c1910fba9
1,20260810T032042Z_47ebe13410d3_stage08_b02_formal_8821001b,formal,20260810T032042Z,47ebe13410d3a97ff7b922a5622a21bff244b00a,true,stage08_b02_taylor_scales_v1,1e7a268332169dbf26515052ca42f187fc360013dd724c8f10fd2a57331a5876,operator,taylor,NA,NA,taylor,taylor__taylor_int8_10e3__b5b3e190445993ed__periodic,taylor_int8_10e3,10^3,1000,window_positions=[1000],INT8,GPU,not_applicable,compatibility/end-to-end,PASS,OK,20,100,52,0.39499299999999998,true,b5b3e190445993eddc003bd8618b797501b2b358426e7b71efd477b7190baa35,1dc91d92749bcb619afca4ebbabde5415ad1388fb630cb0eef50369c1910fba9
1,20260810T032042Z_47ebe13410d3_stage08_b02_formal_8821001b,formal,20260810T032042Z,47ebe13410d3a97ff7b922a5622a21bff244b00a,true,stage08_b02_taylor_scales_v1,1e7a268332169dbf26515052ca42f187fc360013dd724c8f10fd2a57331a5876,operator,taylor,NA,NA,taylor,taylor__taylor_int8_10e3__b5b3e190445993ed__periodic,taylor_int8_10e3,10^3,1000,window_positions=[1000],INT8,GPU,not_applicable,compatibility/end-to-end,PASS,OK,20,100,53,0.39427299999999998,true,b5b3e190445993eddc003bd8618b797501b2b358426e7b71efd477b7190baa35,1dc91d92749bcb619afca4ebbabde5415ad1388fb630cb0eef50369c1910fba9
1,20260810T032042Z_47ebe13410d3_stage08_b02_formal_8821001b,formal,20260810T032042Z,47ebe13410d3a97ff7b922a5622a21bff244b00a,true,stage08_b02_taylor_scales_v1,1e7a268332169dbf26515052ca42f187fc360013dd724c8f10fd2a57331a5876,operator,taylor,NA,NA,taylor,taylor__taylor_int8_10e3__b5b3e190445993ed__periodic,taylor_int8_10e3,10^3,1000,window_positions=[1000],INT8,GPU,not_applicable,compatibility/end-to-end,PASS,OK,20,100,54,0.39787400000000001,true,b5b3e190445993eddc003bd8618b797501b2b358426e7b71efd477b7190baa35,1dc91d92749bcb619afca4ebbabde5415ad1388fb630cb0eef50369c1910fba9
1,20260810T032042Z_47ebe13410d3_stage08_b02_formal_8821001b,formal,20260810T032042Z,47ebe13410d3a97ff7b922a5622a21bff244b00a,true,stage08_b02_taylor_scales_v1,1e7a268332169dbf26515052ca42f187fc360013dd724c8f10fd2a57331a5876,operator,taylor,NA,NA,taylor,taylor__taylor_int8_10e3__b5b3e190445993ed__periodic,taylor_int8_10e3,10^3,1000,window_positions=[1000],INT8,GPU,not_applicable,compatibility/end-to-end,PASS,OK,20,100,55,0.38964300000000002,true,b5b3e190445993eddc003bd8618b797501b2b358426e7b71efd477b7190baa35,1dc91d92749bcb619afca4ebbabde5415ad1388fb630cb0eef50369c1910fba9
1,20260810T032042Z_47ebe13410d3_stage08_b02_formal_8821001b,formal,20260810T032042Z,47ebe13410d3a97ff7b922a5622a21bff244b00a,true,stage08_b02_taylor_scales_v1,1e7a268332169dbf26515052ca42f187fc360013dd724c8f10fd2a57331a5876,operator,taylor,NA,NA,taylor,taylor__taylor_int8_10e3__b5b3e190445993ed__periodic,taylor_int8_10e3,10^3,1000,window_positions=[1000],INT8,GPU,not_applicable,compatibility/end-to-end,PASS,OK,20,100,56,0.39699299999999998,true,b5b3e190445993eddc003bd8618b797501b2b358426e7b71efd477b7190baa35,1dc91d92749bcb619afca4ebbabde5415ad1388fb630cb0eef50369c1910fba9
1,20260810T032042Z_47ebe13410d3_stage08_b02_formal_8821001b,formal,20260810T032042Z,47ebe13410d3a97ff7b922a5622a21bff244b00a,true,stage08_b02_taylor_scales_v1,1e7a268332169dbf26515052ca42f187fc360013dd724c8f10fd2a57331a5876,operator,taylor,NA,NA,taylor,taylor__taylor_int8_10e3__b5b3e190445993ed__periodic,taylor_int8_10e3,10^3,1000,window_positions=[1000],INT8,GPU,not_applicable,compatibility/end-to-end,PASS,OK,20,100,57,0.38600400000000001,true,b5b3e190445993eddc003bd8618b797501b2b358426e7b71efd477b7190baa35,1dc91d92749bcb619afca4ebbabde5415ad1388fb630cb0eef50369c1910fba9
1,20260810T032042Z_47ebe13410d3_stage08_b02_formal_8821001b,formal,20260810T032042Z,47ebe13410d3a97ff7b922a5622a21bff244b00a,true,stage08_b02_taylor_scales_v1,1e7a268332169dbf26515052ca42f187fc360013dd724c8f10fd2a57331a5876,operator,taylor,NA,NA,taylor,taylor__taylor_int8_10e3__b5b3e190445993ed__periodic,taylor_int8_10e3,10^3,1000,window_positions=[1000],INT8,GPU,not_applicable,compatibility/end-to-end,PASS,OK,20,100,58,0.389463,true,b5b3e190445993eddc003bd8618b797501b2b358426e7b71efd477b7190baa35,1dc91d92749bcb619afca4ebbabde5415ad1388fb630cb0eef50369c1910fba9
1,20260810T032042Z_47ebe13410d3_stage08_b02_formal_8821001b,formal,20260810T032042Z,47ebe13410d3a97ff7b922a5622a21bff244b00a,true,stage08_b02_taylor_scales_v1,1e7a268332169dbf26515052ca42f187fc360013dd724c8f10fd2a57331a5876,operator,taylor,NA,NA,taylor,taylor__taylor_int8_10e3__b5b3e190445993ed__periodic,taylor_int8_10e3,10^3,1000,window_positions=[1000],INT8,GPU,not_applicable,compatibility/end-to-end,PASS,OK,20,100,59,0.38787300000000002,true,b5b3e190445993eddc003bd8618b797501b2b358426e7b71efd477b7190baa35,1dc91d92749bcb619afca4ebbabde5415ad1388fb630cb0eef50369c1910fba9
1,20260810T032042Z_47ebe13410d3_stage08_b02_formal_8821001b,formal,20260810T032042Z,47ebe13410d3a97ff7b922a5622a21bff244b00a,true,stage08_b02_taylor_scales_v1,1e7a268332169dbf26515052ca42f187fc360013dd724c8f10fd2a57331a5876,operator,taylor,NA,NA,taylor,taylor__taylor_int8_10e3__b5b3e190445993ed__periodic,taylor_int8_10e3,10^3,1000,window_positions=[1000],INT8,GPU,not_applicable,compatibility/end-to-end,PASS,OK,20,100,60,0.38579400000000003,true,b5b3e190445993eddc003bd8618b797501b2b358426e7b71efd477b7190baa35,1dc91d92749bcb619afca4ebbabde5415ad1388fb630cb0eef50369c1910fba9
1,20260810T032042Z_47ebe13410d3_stage08_b02_formal_8821001b,formal,20260810T032042Z,47ebe13410d3a97ff7b922a5622a21bff244b00a,true,stage08_b02_taylor_scales_v1,1e7a268332169dbf26515052ca42f187fc360013dd724c8f10fd2a57331a5876,operator,taylor,NA,NA,taylor,taylor__taylor_int8_10e3__b5b3e190445993ed__periodic,taylor_int8_10e3,10^3,1000,window_positions=[1000],INT8,GPU,not_applicable,compatibility/end-to-end,PASS,OK,20,100,61,0.41352299999999997,true,b5b3e190445993eddc003bd8618b797501b2b358426e7b71efd477b7190baa35,1dc91d92749bcb619afca4ebbabde5415ad1388fb630cb0eef50369c1910fba9
1,20260810T032042Z_47ebe13410d3_stage08_b02_formal_8821001b,formal,20260810T032042Z,47ebe13410d3a97ff7b922a5622a21bff244b00a,true,stage08_b02_taylor_scales_v1,1e7a268332169dbf26515052ca42f187fc360013dd724c8f10fd2a57331a5876,operator,taylor,NA,NA,taylor,taylor__taylor_int8_10e3__b5b3e190445993ed__periodic,taylor_int8_10e3,10^3,1000,window_positions=[1000],INT8,GPU,not_applicable,compatibility/end-to-end,PASS,OK,20,100,62,0.39717400000000003,true,b5b3e190445993eddc003bd8618b797501b2b358426e7b71efd477b7190baa35,1dc91d92749bcb619afca4ebbabde5415ad1388fb630cb0eef50369c1910fba9
1,20260810T032042Z_47ebe13410d3_stage08_b02_formal_8821001b,formal,20260810T032042Z,47ebe13410d3a97ff7b922a5622a21bff244b00a,true,stage08_b02_taylor_scales_v1,1e7a268332169dbf26515052ca42f187fc360013dd724c8f10fd2a57331a5876,operator,taylor,NA,NA,taylor,taylor__taylor_int8_10e3__b5b3e190445993ed__periodic,taylor_int8_10e3,10^3,1000,window_positions=[1000],INT8,GPU,not_applicable,compatibility/end-to-end,PASS,OK,20,100,63,0.39100299999999999,true,b5b3e190445993eddc003bd8618b797501b2b358426e7b71efd477b7190baa35,1dc91d92749bcb619afca4ebbabde5415ad1388fb630cb0eef50369c1910fba9
1,20260810T032042Z_47ebe13410d3_stage08_b02_formal_8821001b,formal,20260810T032042Z,47ebe13410d3a97ff7b922a5622a21bff244b00a,true,stage08_b02_taylor_scales_v1,1e7a268332169dbf26515052ca42f187fc360013dd724c8f10fd2a57331a5876,operator,taylor,NA,NA,taylor,taylor__taylor_int8_10e3__b5b3e190445993ed__periodic,taylor_int8_10e3,10^3,1000,window_positions=[1000],INT8,GPU,not_applicable,compatibility/end-to-end,PASS,OK,20,100,64,0.38967299999999999,true,b5b3e190445993eddc003bd8618b797501b2b358426e7b71efd477b7190baa35,1dc91d92749bcb619afca4ebbabde5415ad1388fb630cb0eef50369c1910fba9
1,20260810T032042Z_47ebe13410d3_stage08_b02_formal_8821001b,formal,20260810T032042Z,47ebe13410d3a97ff7b922a5622a21bff244b00a,true,stage08_b02_taylor_scales_v1,1e7a268332169dbf26515052ca42f187fc360013dd724c8f10fd2a57331a5876,operator,taylor,NA,NA,taylor,taylor__taylor_int8_10e3__b5b3e190445993ed__periodic,taylor_int8_10e3,10^3,1000,window_positions=[1000],INT8,GPU,not_applicable,compatibility/end-to-end,PASS,OK,20,100,65,0.386793,true,b5b3e190445993eddc003bd8618b797501b2b358426e7b71efd477b7190baa35,1dc91d92749bcb619afca4ebbabde5415ad1388fb630cb0eef50369c1910fba9
1,20260810T032042Z_47ebe13410d3_stage08_b02_formal_8821001b,formal,20260810T032042Z,47ebe13410d3a97ff7b922a5622a21bff244b00a,true,stage08_b02_taylor_scales_v1,1e7a268332169dbf26515052ca42f187fc360013dd724c8f10fd2a57331a5876,operator,taylor,NA,NA,taylor,taylor__taylor_int8_10e3__b5b3e190445993ed__periodic,taylor_int8_10e3,10^3,1000,window_positions=[1000],INT8,GPU,not_applicable,compatibility/end-to-end,PASS,OK,20,100,66,0.39213399999999998,true,b5b3e190445993eddc003bd8618b797501b2b358426e7b71efd477b7190baa35,1dc91d92749bcb619afca4ebbabde5415ad1388fb630cb0eef50369c1910fba9
1,20260810T032042Z_47ebe13410d3_stage08_b02_formal_8821001b,formal,20260810T032042Z,47ebe13410d3a97ff7b922a5622a21bff244b00a,true,stage08_b02_taylor_scales_v1,1e7a268332169dbf26515052ca42f187fc360013dd724c8f10fd2a57331a5876,operator,taylor,NA,NA,taylor,taylor__taylor_int8_10e3__b5b3e190445993ed__periodic,taylor_int8_10e3,10^3,1000,window_positions=[1000],INT8,GPU,not_applicable,compatibility/end-to-end,PASS,OK,20,100,67,0.38872299999999999,true,b5b3e190445993eddc003bd8618b797501b2b358426e7b71efd477b7190baa35,1dc91d92749bcb619afca4ebbabde5415ad1388fb630cb0eef50369c1910fba9
1,20260810T032042Z_47ebe13410d3_stage08_b02_formal_8821001b,formal,20260810T032042Z,47ebe13410d3a97ff7b922a5622a21bff244b00a,true,stage08_b02_taylor_scales_v1,1e7a268332169dbf26515052ca42f187fc360013dd724c8f10fd2a57331a5876,operator,taylor,NA,NA,taylor,taylor__taylor_int8_10e3__b5b3e190445993ed__periodic,taylor_int8_10e3,10^3,1000,window_positions=[1000],INT8,GPU,not_applicable,compatibility/end-to-end,PASS,OK,20,100,68,0.39516299999999999,true,b5b3e190445993eddc003bd8618b797501b2b358426e7b71efd477b7190baa35,1dc91d92749bcb619afca4ebbabde5415ad1388fb630cb0eef50369c1910fba9
1,20260810T032042Z_47ebe13410d3_stage08_b02_formal_8821001b,formal,20260810T032042Z,47ebe13410d3a97ff7b922a5622a21bff244b00a,true,stage08_b02_taylor_scales_v1,1e7a268332169dbf26515052ca42f187fc360013dd724c8f10fd2a57331a5876,operator,taylor,NA,NA,taylor,taylor__taylor_int8_10e3__b5b3e190445993ed__periodic,taylor_int8_10e3,10^3,1000,window_positions=[1000],INT8,GPU,not_applicable,compatibility/end-to-end,PASS,OK,20,100,69,0.381714,true,b5b3e190445993eddc003bd8618b797501b2b358426e7b71efd477b7190baa35,1dc91d92749bcb619afca4ebbabde5415ad1388fb630cb0eef50369c1910fba9
1,20260810T032042Z_47ebe13410d3_stage08_b02_formal_8821001b,formal,20260810T032042Z,47ebe13410d3a97ff7b922a5622a21bff244b00a,true,stage08_b02_taylor_scales_v1,1e7a268332169dbf26515052ca42f187fc360013dd724c8f10fd2a57331a5876,operator,taylor,NA,NA,taylor,taylor__taylor_int8_10e3__b5b3e190445993ed__periodic,taylor_int8_10e3,10^3,1000,window_positions=[1000],INT8,GPU,not_applicable,compatibility/end-to-end,PASS,OK,20,100,70,0.38516299999999998,true,b5b3e190445993eddc003bd8618b797501b2b358426e7b71efd477b7190baa35,1dc91d92749bcb619afca4ebbabde5415ad1388fb630cb0eef50369c1910fba9
1,20260810T032042Z_47ebe13410d3_stage08_b02_formal_8821001b,formal,20260810T032042Z,47ebe13410d3a97ff7b922a5622a21bff244b00a,true,stage08_b02_taylor_scales_v1,1e7a268332169dbf26515052ca42f187fc360013dd724c8f10fd2a57331a5876,operator,taylor,NA,NA,taylor,taylor__taylor_int8_10e3__b5b3e190445993ed__periodic,taylor_int8_10e3,10^3,1000,window_positions=[1000],INT8,GPU,not_applicable,compatibility/end-to-end,PASS,OK,20,100,71,0.440054,true,b5b3e190445993eddc003bd8618b797501b2b358426e7b71efd477b7190baa35,1dc91d92749bcb619afca4ebbabde5415ad1388fb630cb0eef50369c1910fba9
1,20260810T032042Z_47ebe13410d3_stage08_b02_formal_8821001b,formal,20260810T032042Z,47ebe13410d3a97ff7b922a5622a21bff244b00a,true,stage08_b02_taylor_scales_v1,1e7a268332169dbf26515052ca42f187fc360013dd724c8f10fd2a57331a5876,operator,taylor,NA,NA,taylor,taylor__taylor_int8_10e3__b5b3e190445993ed__periodic,taylor_int8_10e3,10^3,1000,window_positions=[1000],INT8,GPU,not_applicable,compatibility/end-to-end,PASS,OK,20,100,72,0.396283,true,b5b3e190445993eddc003bd8618b797501b2b358426e7b71efd477b7190baa35,1dc91d92749bcb619afca4ebbabde5415ad1388fb630cb0eef50369c1910fba9
1,20260810T032042Z_47ebe13410d3_stage08_b02_formal_8821001b,formal,20260810T032042Z,47ebe13410d3a97ff7b922a5622a21bff244b00a,true,stage08_b02_taylor_scales_v1,1e7a268332169dbf26515052ca42f187fc360013dd724c8f10fd2a57331a5876,operator,taylor,NA,NA,taylor,taylor__taylor_int8_10e3__b5b3e190445993ed__periodic,taylor_int8_10e3,10^3,1000,window_positions=[1000],INT8,GPU,not_applicable,compatibility/end-to-end,PASS,OK,20,100,73,0.39448299999999997,true,b5b3e190445993eddc003bd8618b797501b2b358426e7b71efd477b7190baa35,1dc91d92749bcb619afca4ebbabde5415ad1388fb630cb0eef50369c1910fba9
1,20260810T032042Z_47ebe13410d3_stage08_b02_formal_8821001b,formal,20260810T032042Z,47ebe13410d3a97ff7b922a5622a21bff244b00a,true,stage08_b02_taylor_scales_v1,1e7a268332169dbf26515052ca42f187fc360013dd724c8f10fd2a57331a5876,operator,taylor,NA,NA,taylor,taylor__taylor_int8_10e3__b5b3e190445993ed__periodic,taylor_int8_10e3,10^3,1000,window_positions=[1000],INT8,GPU,not_applicable,compatibility/end-to-end,PASS,OK,20,100,74,0.39344400000000002,true,b5b3e190445993eddc003bd8618b797501b2b358426e7b71efd477b7190baa35,1dc91d92749bcb619afca4ebbabde5415ad1388fb630cb0eef50369c1910fba9
1,20260810T032042Z_47ebe13410d3_stage08_b02_formal_8821001b,formal,20260810T032042Z,47ebe13410d3a97ff7b922a5622a21bff244b00a,true,stage08_b02_taylor_scales_v1,1e7a268332169dbf26515052ca42f187fc360013dd724c8f10fd2a57331a5876,operator,taylor,NA,NA,taylor,taylor__taylor_int8_10e3__b5b3e190445993ed__periodic,taylor_int8_10e3,10^3,1000,window_positions=[1000],INT8,GPU,not_applicable,compatibility/end-to-end,PASS,OK,20,100,75,0.39048300000000002,true,b5b3e190445993eddc003bd8618b797501b2b358426e7b71efd477b7190baa35,1dc91d92749bcb619afca4ebbabde5415ad1388fb630cb0eef50369c1910fba9
1,20260810T032042Z_47ebe13410d3_stage08_b02_formal_8821001b,formal,20260810T032042Z,47ebe13410d3a97ff7b922a5622a21bff244b00a,true,stage08_b02_taylor_scales_v1,1e7a268332169dbf26515052ca42f187fc360013dd724c8f10fd2a57331a5876,operator,taylor,NA,NA,taylor,taylor__taylor_int8_10e3__b5b3e190445993ed__periodic,taylor_int8_10e3,10^3,1000,window_positions=[1000],INT8,GPU,not_applicable,compatibility/end-to-end,PASS,OK,20,100,76,0.39452300000000001,true,b5b3e190445993eddc003bd8618b797501b2b358426e7b71efd477b7190baa35,1dc91d92749bcb619afca4ebbabde5415ad1388fb630cb0eef50369c1910fba9
1,20260810T032042Z_47ebe13410d3_stage08_b02_formal_8821001b,formal,20260810T032042Z,47ebe13410d3a97ff7b922a5622a21bff244b00a,true,stage08_b02_taylor_scales_v1,1e7a268332169dbf26515052ca42f187fc360013dd724c8f10fd2a57331a5876,operator,taylor,NA,NA,taylor,taylor__taylor_int8_10e3__b5b3e190445993ed__periodic,taylor_int8_10e3,10^3,1000,window_positions=[1000],INT8,GPU,not_applicable,compatibility/end-to-end,PASS,OK,20,100,77,0.38797399999999999,true,b5b3e190445993eddc003bd8618b797501b2b358426e7b71efd477b7190baa35,1dc91d92749bcb619afca4ebbabde5415ad1388fb630cb0eef50369c1910fba9
1,20260810T032042Z_47ebe13410d3_stage08_b02_formal_8821001b,formal,20260810T032042Z,47ebe13410d3a97ff7b922a5622a21bff244b00a,true,stage08_b02_taylor_scales_v1,1e7a268332169dbf26515052ca42f187fc360013dd724c8f10fd2a57331a5876,operator,taylor,NA,NA,taylor,taylor__taylor_int8_10e3__b5b3e190445993ed__periodic,taylor_int8_10e3,10^3,1000,window_positions=[1000],INT8,GPU,not_applicable,compatibility/end-to-end,PASS,OK,20,100,78,0.38763300000000001,true,b5b3e190445993eddc003bd8618b797501b2b358426e7b71efd477b7190baa35,1dc91d92749bcb619afca4ebbabde5415ad1388fb630cb0eef50369c1910fba9
1,20260810T032042Z_47ebe13410d3_stage08_b02_formal_8821001b,formal,20260810T032042Z,47ebe13410d3a97ff7b922a5622a21bff244b00a,true,stage08_b02_taylor_scales_v1,1e7a268332169dbf26515052ca42f187fc360013dd724c8f10fd2a57331a5876,operator,taylor,NA,NA,taylor,taylor__taylor_int8_10e3__b5b3e190445993ed__periodic,taylor_int8_10e3,10^3,1000,window_positions=[1000],INT8,GPU,not_applicable,compatibility/end-to-end,PASS,OK,20,100,79,0.39760400000000001,true,b5b3e190445993eddc003bd8618b797501b2b358426e7b71efd477b7190baa35,1dc91d92749bcb619afca4ebbabde5415ad1388fb630cb0eef50369c1910fba9
1,20260810T032042Z_47ebe13410d3_stage08_b02_formal_8821001b,formal,20260810T032042Z,47ebe13410d3a97ff7b922a5622a21bff244b00a,true,stage08_b02_taylor_scales_v1,1e7a268332169dbf26515052ca42f187fc360013dd724c8f10fd2a57331a5876,operator,taylor,NA,NA,taylor,taylor__taylor_int8_10e3__b5b3e190445993ed__periodic,taylor_int8_10e3,10^3,1000,window_positions=[1000],INT8,GPU,not_applicable,compatibility/end-to-end,PASS,OK,20,100,80,0.39603300000000002,true,b5b3e190445993eddc003bd8618b797501b2b358426e7b71efd477b7190baa35,1dc91d92749bcb619afca4ebbabde5415ad1388fb630cb0eef50369c1910fba9
1,20260810T032042Z_47ebe13410d3_stage08_b02_formal_8821001b,formal,20260810T032042Z,47ebe13410d3a97ff7b922a5622a21bff244b00a,true,stage08_b02_taylor_scales_v1,1e7a268332169dbf26515052ca42f187fc360013dd724c8f10fd2a57331a5876,operator,taylor,NA,NA,taylor,taylor__taylor_int8_10e3__b5b3e190445993ed__periodic,taylor_int8_10e3,10^3,1000,window_positions=[1000],INT8,GPU,not_applicable,compatibility/end-to-end,PASS,OK,20,100,81,0.40749299999999999,true,b5b3e190445993eddc003bd8618b797501b2b358426e7b71efd477b7190baa35,1dc91d92749bcb619afca4ebbabde5415ad1388fb630cb0eef50369c1910fba9
1,20260810T032042Z_47ebe13410d3_stage08_b02_formal_8821001b,formal,20260810T032042Z,47ebe13410d3a97ff7b922a5622a21bff244b00a,true,stage08_b02_taylor_scales_v1,1e7a268332169dbf26515052ca42f187fc360013dd724c8f10fd2a57331a5876,operator,taylor,NA,NA,taylor,taylor__taylor_int8_10e3__b5b3e190445993ed__periodic,taylor_int8_10e3,10^3,1000,window_positions=[1000],INT8,GPU,not_applicable,compatibility/end-to-end,PASS,OK,20,100,82,0.39911400000000002,true,b5b3e190445993eddc003bd8618b797501b2b358426e7b71efd477b7190baa35,1dc91d92749bcb619afca4ebbabde5415ad1388fb630cb0eef50369c1910fba9
1,20260810T032042Z_47ebe13410d3_stage08_b02_formal_8821001b,formal,20260810T032042Z,47ebe13410d3a97ff7b922a5622a21bff244b00a,true,stage08_b02_taylor_scales_v1,1e7a268332169dbf26515052ca42f187fc360013dd724c8f10fd2a57331a5876,operator,taylor,NA,NA,taylor,taylor__taylor_int8_10e3__b5b3e190445993ed__periodic,taylor_int8_10e3,10^3,1000,window_positions=[1000],INT8,GPU,not_applicable,compatibility/end-to-end,PASS,OK,20,100,83,0.38911299999999999,true,b5b3e190445993eddc003bd8618b797501b2b358426e7b71efd477b7190baa35,1dc91d92749bcb619afca4ebbabde5415ad1388fb630cb0eef50369c1910fba9
1,20260810T032042Z_47ebe13410d3_stage08_b02_formal_8821001b,formal,20260810T032042Z,47ebe13410d3a97ff7b922a5622a21bff244b00a,true,stage08_b02_taylor_scales_v1,1e7a268332169dbf26515052ca42f187fc360013dd724c8f10fd2a57331a5876,operator,taylor,NA,NA,taylor,taylor__taylor_int8_10e3__b5b3e190445993ed__periodic,taylor_int8_10e3,10^3,1000,window_positions=[1000],INT8,GPU,not_applicable,compatibility/end-to-end,PASS,OK,20,100,84,0.39503300000000002,true,b5b3e190445993eddc003bd8618b797501b2b358426e7b71efd477b7190baa35,1dc91d92749bcb619afca4ebbabde5415ad1388fb630cb0eef50369c1910fba9
1,20260810T032042Z_47ebe13410d3_stage08_b02_formal_8821001b,formal,20260810T032042Z,47ebe13410d3a97ff7b922a5622a21bff244b00a,true,stage08_b02_taylor_scales_v1,1e7a268332169dbf26515052ca42f187fc360013dd724c8f10fd2a57331a5876,operator,taylor,NA,NA,taylor,taylor__taylor_int8_10e3__b5b3e190445993ed__periodic,taylor_int8_10e3,10^3,1000,window_positions=[1000],INT8,GPU,not_applicable,compatibility/end-to-end,PASS,OK,20,100,85,0.392874,true,b5b3e190445993eddc003bd8618b797501b2b358426e7b71efd477b7190baa35,1dc91d92749bcb619afca4ebbabde5415ad1388fb630cb0eef50369c1910fba9
1,20260810T032042Z_47ebe13410d3_stage08_b02_formal_8821001b,formal,20260810T032042Z,47ebe13410d3a97ff7b922a5622a21bff244b00a,true,stage08_b02_taylor_scales_v1,1e7a268332169dbf26515052ca42f187fc360013dd724c8f10fd2a57331a5876,operator,taylor,NA,NA,taylor,taylor__taylor_int8_10e3__b5b3e190445993ed__periodic,taylor_int8_10e3,10^3,1000,window_positions=[1000],INT8,GPU,not_applicable,compatibility/end-to-end,PASS,OK,20,100,86,0.39222299999999999,true,b5b3e190445993eddc003bd8618b797501b2b358426e7b71efd477b7190baa35,1dc91d92749bcb619afca4ebbabde5415ad1388fb630cb0eef50369c1910fba9
1,20260810T032042Z_47ebe13410d3_stage08_b02_formal_8821001b,formal,20260810T032042Z,47ebe13410d3a97ff7b922a5622a21bff244b00a,true,stage08_b02_taylor_scales_v1,1e7a268332169dbf26515052ca42f187fc360013dd724c8f10fd2a57331a5876,operator,taylor,NA,NA,taylor,taylor__taylor_int8_10e3__b5b3e190445993ed__periodic,taylor_int8_10e3,10^3,1000,window_positions=[1000],INT8,GPU,not_applicable,compatibility/end-to-end,PASS,OK,20,100,87,0.39337299999999997,true,b5b3e190445993eddc003bd8618b797501b2b358426e7b71efd477b7190baa35,1dc91d92749bcb619afca4ebbabde5415ad1388fb630cb0eef50369c1910fba9
1,20260810T032042Z_47ebe13410d3_stage08_b02_formal_8821001b,formal,20260810T032042Z,47ebe13410d3a97ff7b922a5622a21bff244b00a,true,stage08_b02_taylor_scales_v1,1e7a268332169dbf26515052ca42f187fc360013dd724c8f10fd2a57331a5876,operator,taylor,NA,NA,taylor,taylor__taylor_int8_10e3__b5b3e190445993ed__periodic,taylor_int8_10e3,10^3,1000,window_positions=[1000],INT8,GPU,not_applicable,compatibility/end-to-end,PASS,OK,20,100,88,0.390764,true,b5b3e190445993eddc003bd8618b797501b2b358426e7b71efd477b7190baa35,1dc91d92749bcb619afca4ebbabde5415ad1388fb630cb0eef50369c1910fba9
1,20260810T032042Z_47ebe13410d3_stage08_b02_formal_8821001b,formal,20260810T032042Z,47ebe13410d3a97ff7b922a5622a21bff244b00a,true,stage08_b02_taylor_scales_v1,1e7a268332169dbf26515052ca42f187fc360013dd724c8f10fd2a57331a5876,operator,taylor,NA,NA,taylor,taylor__taylor_int8_10e3__b5b3e190445993ed__periodic,taylor_int8_10e3,10^3,1000,window_positions=[1000],INT8,GPU,not_applicable,compatibility/end-to-end,PASS,OK,20,100,89,0.39524300000000001,true,b5b3e190445993eddc003bd8618b797501b2b358426e7b71efd477b7190baa35,1dc91d92749bcb619afca4ebbabde5415ad1388fb630cb0eef50369c1910fba9
1,20260810T032042Z_47ebe13410d3_stage08_b02_formal_8821001b,formal,20260810T032042Z,47ebe13410d3a97ff7b922a5622a21bff244b00a,true,stage08_b02_taylor_scales_v1,1e7a268332169dbf26515052ca42f187fc360013dd724c8f10fd2a57331a5876,operator,taylor,NA,NA,taylor,taylor__taylor_int8_10e3__b5b3e190445993ed__periodic,taylor_int8_10e3,10^3,1000,window_positions=[1000],INT8,GPU,not_applicable,compatibility/end-to-end,PASS,OK,20,100,90,0.39353300000000002,true,b5b3e190445993eddc003bd8618b797501b2b358426e7b71efd477b7190baa35,1dc91d92749bcb619afca4ebbabde5415ad1388fb630cb0eef50369c1910fba9
1,20260810T032042Z_47ebe13410d3_stage08_b02_formal_8821001b,formal,20260810T032042Z,47ebe13410d3a97ff7b922a5622a21bff244b00a,true,stage08_b02_taylor_scales_v1,1e7a268332169dbf26515052ca42f187fc360013dd724c8f10fd2a57331a5876,operator,taylor,NA,NA,taylor,taylor__taylor_int8_10e3__b5b3e190445993ed__periodic,taylor_int8_10e3,10^3,1000,window_positions=[1000],INT8,GPU,not_applicable,compatibility/end-to-end,PASS,OK,20,100,91,0.40079399999999998,true,b5b3e190445993eddc003bd8618b797501b2b358426e7b71efd477b7190baa35,1dc91d92749bcb619afca4ebbabde5415ad1388fb630cb0eef50369c1910fba9
1,20260810T032042Z_47ebe13410d3_stage08_b02_formal_8821001b,formal,20260810T032042Z,47ebe13410d3a97ff7b922a5622a21bff244b00a,true,stage08_b02_taylor_scales_v1,1e7a268332169dbf26515052ca42f187fc360013dd724c8f10fd2a57331a5876,operator,taylor,NA,NA,taylor,taylor__taylor_int8_10e3__b5b3e190445993ed__periodic,taylor_int8_10e3,10^3,1000,window_positions=[1000],INT8,GPU,not_applicable,compatibility/end-to-end,PASS,OK,20,100,92,0.391343,true,b5b3e190445993eddc003bd8618b797501b2b358426e7b71efd477b7190baa35,1dc91d92749bcb619afca4ebbabde5415ad1388fb630cb0eef50369c1910fba9
1,20260810T032042Z_47ebe13410d3_stage08_b02_formal_8821001b,formal,20260810T032042Z,47ebe13410d3a97ff7b922a5622a21bff244b00a,true,stage08_b02_taylor_scales_v1,1e7a268332169dbf26515052ca42f187fc360013dd724c8f10fd2a57331a5876,operator,taylor,NA,NA,taylor,taylor__taylor_int8_10e3__b5b3e190445993ed__periodic,taylor_int8_10e3,10^3,1000,window_positions=[1000],INT8,GPU,not_applicable,compatibility/end-to-end,PASS,OK,20,100,93,0.386463,true,b5b3e190445993eddc003bd8618b797501b2b358426e7b71efd477b7190baa35,1dc91d92749bcb619afca4ebbabde5415ad1388fb630cb0eef50369c1910fba9
1,20260810T032042Z_47ebe13410d3_stage08_b02_formal_8821001b,formal,20260810T032042Z,47ebe13410d3a97ff7b922a5622a21bff244b00a,true,stage08_b02_taylor_scales_v1,1e7a268332169dbf26515052ca42f187fc360013dd724c8f10fd2a57331a5876,operator,taylor,NA,NA,taylor,taylor__taylor_int8_10e3__b5b3e190445993ed__periodic,taylor_int8_10e3,10^3,1000,window_positions=[1000],INT8,GPU,not_applicable,compatibility/end-to-end,PASS,OK,20,100,94,0.38301299999999999,true,b5b3e190445993eddc003bd8618b797501b2b358426e7b71efd477b7190baa35,1dc91d92749bcb619afca4ebbabde5415ad1388fb630cb0eef50369c1910fba9
1,20260810T032042Z_47ebe13410d3_stage08_b02_formal_8821001b,formal,20260810T032042Z,47ebe13410d3a97ff7b922a5622a21bff244b00a,true,stage08_b02_taylor_scales_v1,1e7a268332169dbf26515052ca42f187fc360013dd724c8f10fd2a57331a5876,operator,taylor,NA,NA,taylor,taylor__taylor_int8_10e3__b5b3e190445993ed__periodic,taylor_int8_10e3,10^3,1000,window_positions=[1000],INT8,GPU,not_applicable,compatibility/end-to-end,PASS,OK,20,100,95,0.38067400000000001,true,b5b3e190445993eddc003bd8618b797501b2b358426e7b71efd477b7190baa35,1dc91d92749bcb619afca4ebbabde5415ad1388fb630cb0eef50369c1910fba9
1,20260810T032042Z_47ebe13410d3_stage08_b02_formal_8821001b,formal,20260810T032042Z,47ebe13410d3a97ff7b922a5622a21bff244b00a,true,stage08_b02_taylor_scales_v1,1e7a268332169dbf26515052ca42f187fc360013dd724c8f10fd2a57331a5876,operator,taylor,NA,NA,taylor,taylor__taylor_int8_10e3__b5b3e190445993ed__periodic,taylor_int8_10e3,10^3,1000,window_positions=[1000],INT8,GPU,not_applicable,compatibility/end-to-end,PASS,OK,20,100,96,0.38278299999999998,true,b5b3e190445993eddc003bd8618b797501b2b358426e7b71efd477b7190baa35,1dc91d92749bcb619afca4ebbabde5415ad1388fb630cb0eef50369c1910fba9
1,20260810T032042Z_47ebe13410d3_stage08_b02_formal_8821001b,formal,20260810T032042Z,47ebe13410d3a97ff7b922a5622a21bff244b00a,true,stage08_b02_taylor_scales_v1,1e7a268332169dbf26515052ca42f187fc360013dd724c8f10fd2a57331a5876,operator,taylor,NA,NA,taylor,taylor__taylor_int8_10e3__b5b3e190445993ed__periodic,taylor_int8_10e3,10^3,1000,window_positions=[1000],INT8,GPU,not_applicable,compatibility/end-to-end,PASS,OK,20,100,97,0.388353,true,b5b3e190445993eddc003bd8618b797501b2b358426e7b71efd477b7190baa35,1dc91d92749bcb619afca4ebbabde5415ad1388fb630cb0eef50369c1910fba9
1,20260810T032042Z_47ebe13410d3_stage08_b02_formal_8821001b,formal,20260810T032042Z,47ebe13410d3a97ff7b922a5622a21bff244b00a,true,stage08_b02_taylor_scales_v1,1e7a268332169dbf26515052ca42f187fc360013dd724c8f10fd2a57331a5876,operator,taylor,NA,NA,taylor,taylor__taylor_int8_10e3__b5b3e190445993ed__periodic,taylor_int8_10e3,10^3,1000,window_positions=[1000],INT8,GPU,not_applicable,compatibility/end-to-end,PASS,OK,20,100,98,0.38556299999999999,true,b5b3e190445993eddc003bd8618b797501b2b358426e7b71efd477b7190baa35,1dc91d92749bcb619afca4ebbabde5415ad1388fb630cb0eef50369c1910fba9
1,20260810T032042Z_47ebe13410d3_stage08_b02_formal_8821001b,formal,20260810T032042Z,47ebe13410d3a97ff7b922a5622a21bff244b00a,true,stage08_b02_taylor_scales_v1,1e7a268332169dbf26515052ca42f187fc360013dd724c8f10fd2a57331a5876,operator,taylor,NA,NA,taylor,taylor__taylor_int8_10e3__b5b3e190445993ed__periodic,taylor_int8_10e3,10^3,1000,window_positions=[1000],INT8,GPU,not_applicable,compatibility/end-to-end,PASS,OK,20,100,99,0.37853399999999998,true,b5b3e190445993eddc003bd8618b797501b2b358426e7b71efd477b7190baa35,1dc91d92749bcb619afca4ebbabde5415ad1388fb630cb0eef50369c1910fba9
