schema_version,run_id,run_type,test_time_utc,git_commit,git_dirty,config_id,config_sha256,target_kind,target,task_name,step_name,operator_name,case_id,scale_id,order_of_magnitude,actual_elements,input_shape,dtype,device,backend,timing_scope,status,error_code,warmup_runs,measured_runs,sample_index,latency_ms,synchronized,input_digest,output_digest
1,20260809T165805Z_a1467e3b776a_stage08_b08_formal_8744f002,formal,20260809T165805Z,a1467e3b776a300b5bcd5cb319af4a8d3952665c,true,stage08_b08_quadratic_scales_v1,5c359dbfe6c22baef56e207c32f664cf92cec0bc796fb03500ef19b5c00b712f,operator,quadratic,NA,NA,quadratic,quadratic__quadratic_fp32_10e4__2b73b4275666d123,quadratic_fp32_10e4,10^4,10000,x=[10000],FP32,CPU,not_applicable,compatibility/end-to-end,PASS,OK,20,100,0,0.229791,true,2b73b4275666d12350b69d28866b7de7e1a2e7db53967ba0a9488c4838584f8c,d338ec440af0fecbbd16d73feadd1a2d7ead28386263c76c0779c27fd826c99c
1,20260809T165805Z_a1467e3b776a_stage08_b08_formal_8744f002,formal,20260809T165805Z,a1467e3b776a300b5bcd5cb319af4a8d3952665c,true,stage08_b08_quadratic_scales_v1,5c359dbfe6c22baef56e207c32f664cf92cec0bc796fb03500ef19b5c00b712f,operator,quadratic,NA,NA,quadratic,quadratic__quadratic_fp32_10e4__2b73b4275666d123,quadratic_fp32_10e4,10^4,10000,x=[10000],FP32,CPU,not_applicable,compatibility/end-to-end,PASS,OK,20,100,1,0.229771,true,2b73b4275666d12350b69d28866b7de7e1a2e7db53967ba0a9488c4838584f8c,d338ec440af0fecbbd16d73feadd1a2d7ead28386263c76c0779c27fd826c99c
1,20260809T165805Z_a1467e3b776a_stage08_b08_formal_8744f002,formal,20260809T165805Z,a1467e3b776a300b5bcd5cb319af4a8d3952665c,true,stage08_b08_quadratic_scales_v1,5c359dbfe6c22baef56e207c32f664cf92cec0bc796fb03500ef19b5c00b712f,operator,quadratic,NA,NA,quadratic,quadratic__quadratic_fp32_10e4__2b73b4275666d123,quadratic_fp32_10e4,10^4,10000,x=[10000],FP32,CPU,not_applicable,compatibility/end-to-end,PASS,OK,20,100,2,0.229851,true,2b73b4275666d12350b69d28866b7de7e1a2e7db53967ba0a9488c4838584f8c,d338ec440af0fecbbd16d73feadd1a2d7ead28386263c76c0779c27fd826c99c
1,20260809T165805Z_a1467e3b776a_stage08_b08_formal_8744f002,formal,20260809T165805Z,a1467e3b776a300b5bcd5cb319af4a8d3952665c,true,stage08_b08_quadratic_scales_v1,5c359dbfe6c22baef56e207c32f664cf92cec0bc796fb03500ef19b5c00b712f,operator,quadratic,NA,NA,quadratic,quadratic__quadratic_fp32_10e4__2b73b4275666d123,quadratic_fp32_10e4,10^4,10000,x=[10000],FP32,CPU,not_applicable,compatibility/end-to-end,PASS,OK,20,100,3,0.230151,true,2b73b4275666d12350b69d28866b7de7e1a2e7db53967ba0a9488c4838584f8c,d338ec440af0fecbbd16d73feadd1a2d7ead28386263c76c0779c27fd826c99c
1,20260809T165805Z_a1467e3b776a_stage08_b08_formal_8744f002,formal,20260809T165805Z,a1467e3b776a300b5bcd5cb319af4a8d3952665c,true,stage08_b08_quadratic_scales_v1,5c359dbfe6c22baef56e207c32f664cf92cec0bc796fb03500ef19b5c00b712f,operator,quadratic,NA,NA,quadratic,quadratic__quadratic_fp32_10e4__2b73b4275666d123,quadratic_fp32_10e4,10^4,10000,x=[10000],FP32,CPU,not_applicable,compatibility/end-to-end,PASS,OK,20,100,4,0.229931,true,2b73b4275666d12350b69d28866b7de7e1a2e7db53967ba0a9488c4838584f8c,d338ec440af0fecbbd16d73feadd1a2d7ead28386263c76c0779c27fd826c99c
1,20260809T165805Z_a1467e3b776a_stage08_b08_formal_8744f002,formal,20260809T165805Z,a1467e3b776a300b5bcd5cb319af4a8d3952665c,true,stage08_b08_quadratic_scales_v1,5c359dbfe6c22baef56e207c32f664cf92cec0bc796fb03500ef19b5c00b712f,operator,quadratic,NA,NA,quadratic,quadratic__quadratic_fp32_10e4__2b73b4275666d123,quadratic_fp32_10e4,10^4,10000,x=[10000],FP32,CPU,not_applicable,compatibility/end-to-end,PASS,OK,20,100,5,0.230571,true,2b73b4275666d12350b69d28866b7de7e1a2e7db53967ba0a9488c4838584f8c,d338ec440af0fecbbd16d73feadd1a2d7ead28386263c76c0779c27fd826c99c
1,20260809T165805Z_a1467e3b776a_stage08_b08_formal_8744f002,formal,20260809T165805Z,a1467e3b776a300b5bcd5cb319af4a8d3952665c,true,stage08_b08_quadratic_scales_v1,5c359dbfe6c22baef56e207c32f664cf92cec0bc796fb03500ef19b5c00b712f,operator,quadratic,NA,NA,quadratic,quadratic__quadratic_fp32_10e4__2b73b4275666d123,quadratic_fp32_10e4,10^4,10000,x=[10000],FP32,CPU,not_applicable,compatibility/end-to-end,PASS,OK,20,100,6,0.229671,true,2b73b4275666d12350b69d28866b7de7e1a2e7db53967ba0a9488c4838584f8c,d338ec440af0fecbbd16d73feadd1a2d7ead28386263c76c0779c27fd826c99c
1,20260809T165805Z_a1467e3b776a_stage08_b08_formal_8744f002,formal,20260809T165805Z,a1467e3b776a300b5bcd5cb319af4a8d3952665c,true,stage08_b08_quadratic_scales_v1,5c359dbfe6c22baef56e207c32f664cf92cec0bc796fb03500ef19b5c00b712f,operator,quadratic,NA,NA,quadratic,quadratic__quadratic_fp32_10e4__2b73b4275666d123,quadratic_fp32_10e4,10^4,10000,x=[10000],FP32,CPU,not_applicable,compatibility/end-to-end,PASS,OK,20,100,7,0.229781,true,2b73b4275666d12350b69d28866b7de7e1a2e7db53967ba0a9488c4838584f8c,d338ec440af0fecbbd16d73feadd1a2d7ead28386263c76c0779c27fd826c99c
1,20260809T165805Z_a1467e3b776a_stage08_b08_formal_8744f002,formal,20260809T165805Z,a1467e3b776a300b5bcd5cb319af4a8d3952665c,true,stage08_b08_quadratic_scales_v1,5c359dbfe6c22baef56e207c32f664cf92cec0bc796fb03500ef19b5c00b712f,operator,quadratic,NA,NA,quadratic,quadratic__quadratic_fp32_10e4__2b73b4275666d123,quadratic_fp32_10e4,10^4,10000,x=[10000],FP32,CPU,not_applicable,compatibility/end-to-end,PASS,OK,20,100,8,0.229701,true,2b73b4275666d12350b69d28866b7de7e1a2e7db53967ba0a9488c4838584f8c,d338ec440af0fecbbd16d73feadd1a2d7ead28386263c76c0779c27fd826c99c
1,20260809T165805Z_a1467e3b776a_stage08_b08_formal_8744f002,formal,20260809T165805Z,a1467e3b776a300b5bcd5cb319af4a8d3952665c,true,stage08_b08_quadratic_scales_v1,5c359dbfe6c22baef56e207c32f664cf92cec0bc796fb03500ef19b5c00b712f,operator,quadratic,NA,NA,quadratic,quadratic__quadratic_fp32_10e4__2b73b4275666d123,quadratic_fp32_10e4,10^4,10000,x=[10000],FP32,CPU,not_applicable,compatibility/end-to-end,PASS,OK,20,100,9,0.229772,true,2b73b4275666d12350b69d28866b7de7e1a2e7db53967ba0a9488c4838584f8c,d338ec440af0fecbbd16d73feadd1a2d7ead28386263c76c0779c27fd826c99c
1,20260809T165805Z_a1467e3b776a_stage08_b08_formal_8744f002,formal,20260809T165805Z,a1467e3b776a300b5bcd5cb319af4a8d3952665c,true,stage08_b08_quadratic_scales_v1,5c359dbfe6c22baef56e207c32f664cf92cec0bc796fb03500ef19b5c00b712f,operator,quadratic,NA,NA,quadratic,quadratic__quadratic_fp32_10e4__2b73b4275666d123,quadratic_fp32_10e4,10^4,10000,x=[10000],FP32,CPU,not_applicable,compatibility/end-to-end,PASS,OK,20,100,10,0.229611,true,2b73b4275666d12350b69d28866b7de7e1a2e7db53967ba0a9488c4838584f8c,d338ec440af0fecbbd16d73feadd1a2d7ead28386263c76c0779c27fd826c99c
1,20260809T165805Z_a1467e3b776a_stage08_b08_formal_8744f002,formal,20260809T165805Z,a1467e3b776a300b5bcd5cb319af4a8d3952665c,true,stage08_b08_quadratic_scales_v1,5c359dbfe6c22baef56e207c32f664cf92cec0bc796fb03500ef19b5c00b712f,operator,quadratic,NA,NA,quadratic,quadratic__quadratic_fp32_10e4__2b73b4275666d123,quadratic_fp32_10e4,10^4,10000,x=[10000],FP32,CPU,not_applicable,compatibility/end-to-end,PASS,OK,20,100,11,0.232071,true,2b73b4275666d12350b69d28866b7de7e1a2e7db53967ba0a9488c4838584f8c,d338ec440af0fecbbd16d73feadd1a2d7ead28386263c76c0779c27fd826c99c
1,20260809T165805Z_a1467e3b776a_stage08_b08_formal_8744f002,formal,20260809T165805Z,a1467e3b776a300b5bcd5cb319af4a8d3952665c,true,stage08_b08_quadratic_scales_v1,5c359dbfe6c22baef56e207c32f664cf92cec0bc796fb03500ef19b5c00b712f,operator,quadratic,NA,NA,quadratic,quadratic__quadratic_fp32_10e4__2b73b4275666d123,quadratic_fp32_10e4,10^4,10000,x=[10000],FP32,CPU,not_applicable,compatibility/end-to-end,PASS,OK,20,100,12,0.229641,true,2b73b4275666d12350b69d28866b7de7e1a2e7db53967ba0a9488c4838584f8c,d338ec440af0fecbbd16d73feadd1a2d7ead28386263c76c0779c27fd826c99c
1,20260809T165805Z_a1467e3b776a_stage08_b08_formal_8744f002,formal,20260809T165805Z,a1467e3b776a300b5bcd5cb319af4a8d3952665c,true,stage08_b08_quadratic_scales_v1,5c359dbfe6c22baef56e207c32f664cf92cec0bc796fb03500ef19b5c00b712f,operator,quadratic,NA,NA,quadratic,quadratic__quadratic_fp32_10e4__2b73b4275666d123,quadratic_fp32_10e4,10^4,10000,x=[10000],FP32,CPU,not_applicable,compatibility/end-to-end,PASS,OK,20,100,13,0.239161,true,2b73b4275666d12350b69d28866b7de7e1a2e7db53967ba0a9488c4838584f8c,d338ec440af0fecbbd16d73feadd1a2d7ead28386263c76c0779c27fd826c99c
1,20260809T165805Z_a1467e3b776a_stage08_b08_formal_8744f002,formal,20260809T165805Z,a1467e3b776a300b5bcd5cb319af4a8d3952665c,true,stage08_b08_quadratic_scales_v1,5c359dbfe6c22baef56e207c32f664cf92cec0bc796fb03500ef19b5c00b712f,operator,quadratic,NA,NA,quadratic,quadratic__quadratic_fp32_10e4__2b73b4275666d123,quadratic_fp32_10e4,10^4,10000,x=[10000],FP32,CPU,not_applicable,compatibility/end-to-end,PASS,OK,20,100,14,0.232321,true,2b73b4275666d12350b69d28866b7de7e1a2e7db53967ba0a9488c4838584f8c,d338ec440af0fecbbd16d73feadd1a2d7ead28386263c76c0779c27fd826c99c
1,20260809T165805Z_a1467e3b776a_stage08_b08_formal_8744f002,formal,20260809T165805Z,a1467e3b776a300b5bcd5cb319af4a8d3952665c,true,stage08_b08_quadratic_scales_v1,5c359dbfe6c22baef56e207c32f664cf92cec0bc796fb03500ef19b5c00b712f,operator,quadratic,NA,NA,quadratic,quadratic__quadratic_fp32_10e4__2b73b4275666d123,quadratic_fp32_10e4,10^4,10000,x=[10000],FP32,CPU,not_applicable,compatibility/end-to-end,PASS,OK,20,100,15,0.228941,true,2b73b4275666d12350b69d28866b7de7e1a2e7db53967ba0a9488c4838584f8c,d338ec440af0fecbbd16d73feadd1a2d7ead28386263c76c0779c27fd826c99c
1,20260809T165805Z_a1467e3b776a_stage08_b08_formal_8744f002,formal,20260809T165805Z,a1467e3b776a300b5bcd5cb319af4a8d3952665c,true,stage08_b08_quadratic_scales_v1,5c359dbfe6c22baef56e207c32f664cf92cec0bc796fb03500ef19b5c00b712f,operator,quadratic,NA,NA,quadratic,quadratic__quadratic_fp32_10e4__2b73b4275666d123,quadratic_fp32_10e4,10^4,10000,x=[10000],FP32,CPU,not_applicable,compatibility/end-to-end,PASS,OK,20,100,16,0.232151,true,2b73b4275666d12350b69d28866b7de7e1a2e7db53967ba0a9488c4838584f8c,d338ec440af0fecbbd16d73feadd1a2d7ead28386263c76c0779c27fd826c99c
1,20260809T165805Z_a1467e3b776a_stage08_b08_formal_8744f002,formal,20260809T165805Z,a1467e3b776a300b5bcd5cb319af4a8d3952665c,true,stage08_b08_quadratic_scales_v1,5c359dbfe6c22baef56e207c32f664cf92cec0bc796fb03500ef19b5c00b712f,operator,quadratic,NA,NA,quadratic,quadratic__quadratic_fp32_10e4__2b73b4275666d123,quadratic_fp32_10e4,10^4,10000,x=[10000],FP32,CPU,not_applicable,compatibility/end-to-end,PASS,OK,20,100,17,0.228841,true,2b73b4275666d12350b69d28866b7de7e1a2e7db53967ba0a9488c4838584f8c,d338ec440af0fecbbd16d73feadd1a2d7ead28386263c76c0779c27fd826c99c
1,20260809T165805Z_a1467e3b776a_stage08_b08_formal_8744f002,formal,20260809T165805Z,a1467e3b776a300b5bcd5cb319af4a8d3952665c,true,stage08_b08_quadratic_scales_v1,5c359dbfe6c22baef56e207c32f664cf92cec0bc796fb03500ef19b5c00b712f,operator,quadratic,NA,NA,quadratic,quadratic__quadratic_fp32_10e4__2b73b4275666d123,quadratic_fp32_10e4,10^4,10000,x=[10000],FP32,CPU,not_applicable,compatibility/end-to-end,PASS,OK,20,100,18,0.229912,true,2b73b4275666d12350b69d28866b7de7e1a2e7db53967ba0a9488c4838584f8c,d338ec440af0fecbbd16d73feadd1a2d7ead28386263c76c0779c27fd826c99c
1,20260809T165805Z_a1467e3b776a_stage08_b08_formal_8744f002,formal,20260809T165805Z,a1467e3b776a300b5bcd5cb319af4a8d3952665c,true,stage08_b08_quadratic_scales_v1,5c359dbfe6c22baef56e207c32f664cf92cec0bc796fb03500ef19b5c00b712f,operator,quadratic,NA,NA,quadratic,quadratic__quadratic_fp32_10e4__2b73b4275666d123,quadratic_fp32_10e4,10^4,10000,x=[10000],FP32,CPU,not_applicable,compatibility/end-to-end,PASS,OK,20,100,19,0.230661,true,2b73b4275666d12350b69d28866b7de7e1a2e7db53967ba0a9488c4838584f8c,d338ec440af0fecbbd16d73feadd1a2d7ead28386263c76c0779c27fd826c99c
1,20260809T165805Z_a1467e3b776a_stage08_b08_formal_8744f002,formal,20260809T165805Z,a1467e3b776a300b5bcd5cb319af4a8d3952665c,true,stage08_b08_quadratic_scales_v1,5c359dbfe6c22baef56e207c32f664cf92cec0bc796fb03500ef19b5c00b712f,operator,quadratic,NA,NA,quadratic,quadratic__quadratic_fp32_10e4__2b73b4275666d123,quadratic_fp32_10e4,10^4,10000,x=[10000],FP32,CPU,not_applicable,compatibility/end-to-end,PASS,OK,20,100,20,0.229881,true,2b73b4275666d12350b69d28866b7de7e1a2e7db53967ba0a9488c4838584f8c,d338ec440af0fecbbd16d73feadd1a2d7ead28386263c76c0779c27fd826c99c
1,20260809T165805Z_a1467e3b776a_stage08_b08_formal_8744f002,formal,20260809T165805Z,a1467e3b776a300b5bcd5cb319af4a8d3952665c,true,stage08_b08_quadratic_scales_v1,5c359dbfe6c22baef56e207c32f664cf92cec0bc796fb03500ef19b5c00b712f,operator,quadratic,NA,NA,quadratic,quadratic__quadratic_fp32_10e4__2b73b4275666d123,quadratic_fp32_10e4,10^4,10000,x=[10000],FP32,CPU,not_applicable,compatibility/end-to-end,PASS,OK,20,100,21,0.229971,true,2b73b4275666d12350b69d28866b7de7e1a2e7db53967ba0a9488c4838584f8c,d338ec440af0fecbbd16d73feadd1a2d7ead28386263c76c0779c27fd826c99c
1,20260809T165805Z_a1467e3b776a_stage08_b08_formal_8744f002,formal,20260809T165805Z,a1467e3b776a300b5bcd5cb319af4a8d3952665c,true,stage08_b08_quadratic_scales_v1,5c359dbfe6c22baef56e207c32f664cf92cec0bc796fb03500ef19b5c00b712f,operator,quadratic,NA,NA,quadratic,quadratic__quadratic_fp32_10e4__2b73b4275666d123,quadratic_fp32_10e4,10^4,10000,x=[10000],FP32,CPU,not_applicable,compatibility/end-to-end,PASS,OK,20,100,22,0.228871,true,2b73b4275666d12350b69d28866b7de7e1a2e7db53967ba0a9488c4838584f8c,d338ec440af0fecbbd16d73feadd1a2d7ead28386263c76c0779c27fd826c99c
1,20260809T165805Z_a1467e3b776a_stage08_b08_formal_8744f002,formal,20260809T165805Z,a1467e3b776a300b5bcd5cb319af4a8d3952665c,true,stage08_b08_quadratic_scales_v1,5c359dbfe6c22baef56e207c32f664cf92cec0bc796fb03500ef19b5c00b712f,operator,quadratic,NA,NA,quadratic,quadratic__quadratic_fp32_10e4__2b73b4275666d123,quadratic_fp32_10e4,10^4,10000,x=[10000],FP32,CPU,not_applicable,compatibility/end-to-end,PASS,OK,20,100,23,0.231941,true,2b73b4275666d12350b69d28866b7de7e1a2e7db53967ba0a9488c4838584f8c,d338ec440af0fecbbd16d73feadd1a2d7ead28386263c76c0779c27fd826c99c
1,20260809T165805Z_a1467e3b776a_stage08_b08_formal_8744f002,formal,20260809T165805Z,a1467e3b776a300b5bcd5cb319af4a8d3952665c,true,stage08_b08_quadratic_scales_v1,5c359dbfe6c22baef56e207c32f664cf92cec0bc796fb03500ef19b5c00b712f,operator,quadratic,NA,NA,quadratic,quadratic__quadratic_fp32_10e4__2b73b4275666d123,quadratic_fp32_10e4,10^4,10000,x=[10000],FP32,CPU,not_applicable,compatibility/end-to-end,PASS,OK,20,100,24,0.230401,true,2b73b4275666d12350b69d28866b7de7e1a2e7db53967ba0a9488c4838584f8c,d338ec440af0fecbbd16d73feadd1a2d7ead28386263c76c0779c27fd826c99c
1,20260809T165805Z_a1467e3b776a_stage08_b08_formal_8744f002,formal,20260809T165805Z,a1467e3b776a300b5bcd5cb319af4a8d3952665c,true,stage08_b08_quadratic_scales_v1,5c359dbfe6c22baef56e207c32f664cf92cec0bc796fb03500ef19b5c00b712f,operator,quadratic,NA,NA,quadratic,quadratic__quadratic_fp32_10e4__2b73b4275666d123,quadratic_fp32_10e4,10^4,10000,x=[10000],FP32,CPU,not_applicable,compatibility/end-to-end,PASS,OK,20,100,25,0.229811,true,2b73b4275666d12350b69d28866b7de7e1a2e7db53967ba0a9488c4838584f8c,d338ec440af0fecbbd16d73feadd1a2d7ead28386263c76c0779c27fd826c99c
1,20260809T165805Z_a1467e3b776a_stage08_b08_formal_8744f002,formal,20260809T165805Z,a1467e3b776a300b5bcd5cb319af4a8d3952665c,true,stage08_b08_quadratic_scales_v1,5c359dbfe6c22baef56e207c32f664cf92cec0bc796fb03500ef19b5c00b712f,operator,quadratic,NA,NA,quadratic,quadratic__quadratic_fp32_10e4__2b73b4275666d123,quadratic_fp32_10e4,10^4,10000,x=[10000],FP32,CPU,not_applicable,compatibility/end-to-end,PASS,OK,20,100,26,0.229892,true,2b73b4275666d12350b69d28866b7de7e1a2e7db53967ba0a9488c4838584f8c,d338ec440af0fecbbd16d73feadd1a2d7ead28386263c76c0779c27fd826c99c
1,20260809T165805Z_a1467e3b776a_stage08_b08_formal_8744f002,formal,20260809T165805Z,a1467e3b776a300b5bcd5cb319af4a8d3952665c,true,stage08_b08_quadratic_scales_v1,5c359dbfe6c22baef56e207c32f664cf92cec0bc796fb03500ef19b5c00b712f,operator,quadratic,NA,NA,quadratic,quadratic__quadratic_fp32_10e4__2b73b4275666d123,quadratic_fp32_10e4,10^4,10000,x=[10000],FP32,CPU,not_applicable,compatibility/end-to-end,PASS,OK,20,100,27,0.229721,true,2b73b4275666d12350b69d28866b7de7e1a2e7db53967ba0a9488c4838584f8c,d338ec440af0fecbbd16d73feadd1a2d7ead28386263c76c0779c27fd826c99c
1,20260809T165805Z_a1467e3b776a_stage08_b08_formal_8744f002,formal,20260809T165805Z,a1467e3b776a300b5bcd5cb319af4a8d3952665c,true,stage08_b08_quadratic_scales_v1,5c359dbfe6c22baef56e207c32f664cf92cec0bc796fb03500ef19b5c00b712f,operator,quadratic,NA,NA,quadratic,quadratic__quadratic_fp32_10e4__2b73b4275666d123,quadratic_fp32_10e4,10^4,10000,x=[10000],FP32,CPU,not_applicable,compatibility/end-to-end,PASS,OK,20,100,28,0.229831,true,2b73b4275666d12350b69d28866b7de7e1a2e7db53967ba0a9488c4838584f8c,d338ec440af0fecbbd16d73feadd1a2d7ead28386263c76c0779c27fd826c99c
1,20260809T165805Z_a1467e3b776a_stage08_b08_formal_8744f002,formal,20260809T165805Z,a1467e3b776a300b5bcd5cb319af4a8d3952665c,true,stage08_b08_quadratic_scales_v1,5c359dbfe6c22baef56e207c32f664cf92cec0bc796fb03500ef19b5c00b712f,operator,quadratic,NA,NA,quadratic,quadratic__quadratic_fp32_10e4__2b73b4275666d123,quadratic_fp32_10e4,10^4,10000,x=[10000],FP32,CPU,not_applicable,compatibility/end-to-end,PASS,OK,20,100,29,0.229871,true,2b73b4275666d12350b69d28866b7de7e1a2e7db53967ba0a9488c4838584f8c,d338ec440af0fecbbd16d73feadd1a2d7ead28386263c76c0779c27fd826c99c
1,20260809T165805Z_a1467e3b776a_stage08_b08_formal_8744f002,formal,20260809T165805Z,a1467e3b776a300b5bcd5cb319af4a8d3952665c,true,stage08_b08_quadratic_scales_v1,5c359dbfe6c22baef56e207c32f664cf92cec0bc796fb03500ef19b5c00b712f,operator,quadratic,NA,NA,quadratic,quadratic__quadratic_fp32_10e4__2b73b4275666d123,quadratic_fp32_10e4,10^4,10000,x=[10000],FP32,CPU,not_applicable,compatibility/end-to-end,PASS,OK,20,100,30,0.228941,true,2b73b4275666d12350b69d28866b7de7e1a2e7db53967ba0a9488c4838584f8c,d338ec440af0fecbbd16d73feadd1a2d7ead28386263c76c0779c27fd826c99c
1,20260809T165805Z_a1467e3b776a_stage08_b08_formal_8744f002,formal,20260809T165805Z,a1467e3b776a300b5bcd5cb319af4a8d3952665c,true,stage08_b08_quadratic_scales_v1,5c359dbfe6c22baef56e207c32f664cf92cec0bc796fb03500ef19b5c00b712f,operator,quadratic,NA,NA,quadratic,quadratic__quadratic_fp32_10e4__2b73b4275666d123,quadratic_fp32_10e4,10^4,10000,x=[10000],FP32,CPU,not_applicable,compatibility/end-to-end,PASS,OK,20,100,31,0.237831,true,2b73b4275666d12350b69d28866b7de7e1a2e7db53967ba0a9488c4838584f8c,d338ec440af0fecbbd16d73feadd1a2d7ead28386263c76c0779c27fd826c99c
1,20260809T165805Z_a1467e3b776a_stage08_b08_formal_8744f002,formal,20260809T165805Z,a1467e3b776a300b5bcd5cb319af4a8d3952665c,true,stage08_b08_quadratic_scales_v1,5c359dbfe6c22baef56e207c32f664cf92cec0bc796fb03500ef19b5c00b712f,operator,quadratic,NA,NA,quadratic,quadratic__quadratic_fp32_10e4__2b73b4275666d123,quadratic_fp32_10e4,10^4,10000,x=[10000],FP32,CPU,not_applicable,compatibility/end-to-end,PASS,OK,20,100,32,0.229371,true,2b73b4275666d12350b69d28866b7de7e1a2e7db53967ba0a9488c4838584f8c,d338ec440af0fecbbd16d73feadd1a2d7ead28386263c76c0779c27fd826c99c
1,20260809T165805Z_a1467e3b776a_stage08_b08_formal_8744f002,formal,20260809T165805Z,a1467e3b776a300b5bcd5cb319af4a8d3952665c,true,stage08_b08_quadratic_scales_v1,5c359dbfe6c22baef56e207c32f664cf92cec0bc796fb03500ef19b5c00b712f,operator,quadratic,NA,NA,quadratic,quadratic__quadratic_fp32_10e4__2b73b4275666d123,quadratic_fp32_10e4,10^4,10000,x=[10000],FP32,CPU,not_applicable,compatibility/end-to-end,PASS,OK,20,100,33,0.230171,true,2b73b4275666d12350b69d28866b7de7e1a2e7db53967ba0a9488c4838584f8c,d338ec440af0fecbbd16d73feadd1a2d7ead28386263c76c0779c27fd826c99c
1,20260809T165805Z_a1467e3b776a_stage08_b08_formal_8744f002,formal,20260809T165805Z,a1467e3b776a300b5bcd5cb319af4a8d3952665c,true,stage08_b08_quadratic_scales_v1,5c359dbfe6c22baef56e207c32f664cf92cec0bc796fb03500ef19b5c00b712f,operator,quadratic,NA,NA,quadratic,quadratic__quadratic_fp32_10e4__2b73b4275666d123,quadratic_fp32_10e4,10^4,10000,x=[10000],FP32,CPU,not_applicable,compatibility/end-to-end,PASS,OK,20,100,34,0.229751,true,2b73b4275666d12350b69d28866b7de7e1a2e7db53967ba0a9488c4838584f8c,d338ec440af0fecbbd16d73feadd1a2d7ead28386263c76c0779c27fd826c99c
1,20260809T165805Z_a1467e3b776a_stage08_b08_formal_8744f002,formal,20260809T165805Z,a1467e3b776a300b5bcd5cb319af4a8d3952665c,true,stage08_b08_quadratic_scales_v1,5c359dbfe6c22baef56e207c32f664cf92cec0bc796fb03500ef19b5c00b712f,operator,quadratic,NA,NA,quadratic,quadratic__quadratic_fp32_10e4__2b73b4275666d123,quadratic_fp32_10e4,10^4,10000,x=[10000],FP32,CPU,not_applicable,compatibility/end-to-end,PASS,OK,20,100,35,0.229871,true,2b73b4275666d12350b69d28866b7de7e1a2e7db53967ba0a9488c4838584f8c,d338ec440af0fecbbd16d73feadd1a2d7ead28386263c76c0779c27fd826c99c
1,20260809T165805Z_a1467e3b776a_stage08_b08_formal_8744f002,formal,20260809T165805Z,a1467e3b776a300b5bcd5cb319af4a8d3952665c,true,stage08_b08_quadratic_scales_v1,5c359dbfe6c22baef56e207c32f664cf92cec0bc796fb03500ef19b5c00b712f,operator,quadratic,NA,NA,quadratic,quadratic__quadratic_fp32_10e4__2b73b4275666d123,quadratic_fp32_10e4,10^4,10000,x=[10000],FP32,CPU,not_applicable,compatibility/end-to-end,PASS,OK,20,100,36,0.228842,true,2b73b4275666d12350b69d28866b7de7e1a2e7db53967ba0a9488c4838584f8c,d338ec440af0fecbbd16d73feadd1a2d7ead28386263c76c0779c27fd826c99c
1,20260809T165805Z_a1467e3b776a_stage08_b08_formal_8744f002,formal,20260809T165805Z,a1467e3b776a300b5bcd5cb319af4a8d3952665c,true,stage08_b08_quadratic_scales_v1,5c359dbfe6c22baef56e207c32f664cf92cec0bc796fb03500ef19b5c00b712f,operator,quadratic,NA,NA,quadratic,quadratic__quadratic_fp32_10e4__2b73b4275666d123,quadratic_fp32_10e4,10^4,10000,x=[10000],FP32,CPU,not_applicable,compatibility/end-to-end,PASS,OK,20,100,37,0.231491,true,2b73b4275666d12350b69d28866b7de7e1a2e7db53967ba0a9488c4838584f8c,d338ec440af0fecbbd16d73feadd1a2d7ead28386263c76c0779c27fd826c99c
1,20260809T165805Z_a1467e3b776a_stage08_b08_formal_8744f002,formal,20260809T165805Z,a1467e3b776a300b5bcd5cb319af4a8d3952665c,true,stage08_b08_quadratic_scales_v1,5c359dbfe6c22baef56e207c32f664cf92cec0bc796fb03500ef19b5c00b712f,operator,quadratic,NA,NA,quadratic,quadratic__quadratic_fp32_10e4__2b73b4275666d123,quadratic_fp32_10e4,10^4,10000,x=[10000],FP32,CPU,not_applicable,compatibility/end-to-end,PASS,OK,20,100,38,0.230101,true,2b73b4275666d12350b69d28866b7de7e1a2e7db53967ba0a9488c4838584f8c,d338ec440af0fecbbd16d73feadd1a2d7ead28386263c76c0779c27fd826c99c
1,20260809T165805Z_a1467e3b776a_stage08_b08_formal_8744f002,formal,20260809T165805Z,a1467e3b776a300b5bcd5cb319af4a8d3952665c,true,stage08_b08_quadratic_scales_v1,5c359dbfe6c22baef56e207c32f664cf92cec0bc796fb03500ef19b5c00b712f,operator,quadratic,NA,NA,quadratic,quadratic__quadratic_fp32_10e4__2b73b4275666d123,quadratic_fp32_10e4,10^4,10000,x=[10000],FP32,CPU,not_applicable,compatibility/end-to-end,PASS,OK,20,100,39,0.232021,true,2b73b4275666d12350b69d28866b7de7e1a2e7db53967ba0a9488c4838584f8c,d338ec440af0fecbbd16d73feadd1a2d7ead28386263c76c0779c27fd826c99c
1,20260809T165805Z_a1467e3b776a_stage08_b08_formal_8744f002,formal,20260809T165805Z,a1467e3b776a300b5bcd5cb319af4a8d3952665c,true,stage08_b08_quadratic_scales_v1,5c359dbfe6c22baef56e207c32f664cf92cec0bc796fb03500ef19b5c00b712f,operator,quadratic,NA,NA,quadratic,quadratic__quadratic_fp32_10e4__2b73b4275666d123,quadratic_fp32_10e4,10^4,10000,x=[10000],FP32,CPU,not_applicable,compatibility/end-to-end,PASS,OK,20,100,40,0.229781,true,2b73b4275666d12350b69d28866b7de7e1a2e7db53967ba0a9488c4838584f8c,d338ec440af0fecbbd16d73feadd1a2d7ead28386263c76c0779c27fd826c99c
1,20260809T165805Z_a1467e3b776a_stage08_b08_formal_8744f002,formal,20260809T165805Z,a1467e3b776a300b5bcd5cb319af4a8d3952665c,true,stage08_b08_quadratic_scales_v1,5c359dbfe6c22baef56e207c32f664cf92cec0bc796fb03500ef19b5c00b712f,operator,quadratic,NA,NA,quadratic,quadratic__quadratic_fp32_10e4__2b73b4275666d123,quadratic_fp32_10e4,10^4,10000,x=[10000],FP32,CPU,not_applicable,compatibility/end-to-end,PASS,OK,20,100,41,0.232251,true,2b73b4275666d12350b69d28866b7de7e1a2e7db53967ba0a9488c4838584f8c,d338ec440af0fecbbd16d73feadd1a2d7ead28386263c76c0779c27fd826c99c
1,20260809T165805Z_a1467e3b776a_stage08_b08_formal_8744f002,formal,20260809T165805Z,a1467e3b776a300b5bcd5cb319af4a8d3952665c,true,stage08_b08_quadratic_scales_v1,5c359dbfe6c22baef56e207c32f664cf92cec0bc796fb03500ef19b5c00b712f,operator,quadratic,NA,NA,quadratic,quadratic__quadratic_fp32_10e4__2b73b4275666d123,quadratic_fp32_10e4,10^4,10000,x=[10000],FP32,CPU,not_applicable,compatibility/end-to-end,PASS,OK,20,100,42,0.229581,true,2b73b4275666d12350b69d28866b7de7e1a2e7db53967ba0a9488c4838584f8c,d338ec440af0fecbbd16d73feadd1a2d7ead28386263c76c0779c27fd826c99c
1,20260809T165805Z_a1467e3b776a_stage08_b08_formal_8744f002,formal,20260809T165805Z,a1467e3b776a300b5bcd5cb319af4a8d3952665c,true,stage08_b08_quadratic_scales_v1,5c359dbfe6c22baef56e207c32f664cf92cec0bc796fb03500ef19b5c00b712f,operator,quadratic,NA,NA,quadratic,quadratic__quadratic_fp32_10e4__2b73b4275666d123,quadratic_fp32_10e4,10^4,10000,x=[10000],FP32,CPU,not_applicable,compatibility/end-to-end,PASS,OK,20,100,43,0.232091,true,2b73b4275666d12350b69d28866b7de7e1a2e7db53967ba0a9488c4838584f8c,d338ec440af0fecbbd16d73feadd1a2d7ead28386263c76c0779c27fd826c99c
1,20260809T165805Z_a1467e3b776a_stage08_b08_formal_8744f002,formal,20260809T165805Z,a1467e3b776a300b5bcd5cb319af4a8d3952665c,true,stage08_b08_quadratic_scales_v1,5c359dbfe6c22baef56e207c32f664cf92cec0bc796fb03500ef19b5c00b712f,operator,quadratic,NA,NA,quadratic,quadratic__quadratic_fp32_10e4__2b73b4275666d123,quadratic_fp32_10e4,10^4,10000,x=[10000],FP32,CPU,not_applicable,compatibility/end-to-end,PASS,OK,20,100,44,0.229761,true,2b73b4275666d12350b69d28866b7de7e1a2e7db53967ba0a9488c4838584f8c,d338ec440af0fecbbd16d73feadd1a2d7ead28386263c76c0779c27fd826c99c
1,20260809T165805Z_a1467e3b776a_stage08_b08_formal_8744f002,formal,20260809T165805Z,a1467e3b776a300b5bcd5cb319af4a8d3952665c,true,stage08_b08_quadratic_scales_v1,5c359dbfe6c22baef56e207c32f664cf92cec0bc796fb03500ef19b5c00b712f,operator,quadratic,NA,NA,quadratic,quadratic__quadratic_fp32_10e4__2b73b4275666d123,quadratic_fp32_10e4,10^4,10000,x=[10000],FP32,CPU,not_applicable,compatibility/end-to-end,PASS,OK,20,100,45,0.229801,true,2b73b4275666d12350b69d28866b7de7e1a2e7db53967ba0a9488c4838584f8c,d338ec440af0fecbbd16d73feadd1a2d7ead28386263c76c0779c27fd826c99c
1,20260809T165805Z_a1467e3b776a_stage08_b08_formal_8744f002,formal,20260809T165805Z,a1467e3b776a300b5bcd5cb319af4a8d3952665c,true,stage08_b08_quadratic_scales_v1,5c359dbfe6c22baef56e207c32f664cf92cec0bc796fb03500ef19b5c00b712f,operator,quadratic,NA,NA,quadratic,quadratic__quadratic_fp32_10e4__2b73b4275666d123,quadratic_fp32_10e4,10^4,10000,x=[10000],FP32,CPU,not_applicable,compatibility/end-to-end,PASS,OK,20,100,46,0.230091,true,2b73b4275666d12350b69d28866b7de7e1a2e7db53967ba0a9488c4838584f8c,d338ec440af0fecbbd16d73feadd1a2d7ead28386263c76c0779c27fd826c99c
1,20260809T165805Z_a1467e3b776a_stage08_b08_formal_8744f002,formal,20260809T165805Z,a1467e3b776a300b5bcd5cb319af4a8d3952665c,true,stage08_b08_quadratic_scales_v1,5c359dbfe6c22baef56e207c32f664cf92cec0bc796fb03500ef19b5c00b712f,operator,quadratic,NA,NA,quadratic,quadratic__quadratic_fp32_10e4__2b73b4275666d123,quadratic_fp32_10e4,10^4,10000,x=[10000],FP32,CPU,not_applicable,compatibility/end-to-end,PASS,OK,20,100,47,0.232032,true,2b73b4275666d12350b69d28866b7de7e1a2e7db53967ba0a9488c4838584f8c,d338ec440af0fecbbd16d73feadd1a2d7ead28386263c76c0779c27fd826c99c
1,20260809T165805Z_a1467e3b776a_stage08_b08_formal_8744f002,formal,20260809T165805Z,a1467e3b776a300b5bcd5cb319af4a8d3952665c,true,stage08_b08_quadratic_scales_v1,5c359dbfe6c22baef56e207c32f664cf92cec0bc796fb03500ef19b5c00b712f,operator,quadratic,NA,NA,quadratic,quadratic__quadratic_fp32_10e4__2b73b4275666d123,quadratic_fp32_10e4,10^4,10000,x=[10000],FP32,CPU,not_applicable,compatibility/end-to-end,PASS,OK,20,100,48,0.236761,true,2b73b4275666d12350b69d28866b7de7e1a2e7db53967ba0a9488c4838584f8c,d338ec440af0fecbbd16d73feadd1a2d7ead28386263c76c0779c27fd826c99c
1,20260809T165805Z_a1467e3b776a_stage08_b08_formal_8744f002,formal,20260809T165805Z,a1467e3b776a300b5bcd5cb319af4a8d3952665c,true,stage08_b08_quadratic_scales_v1,5c359dbfe6c22baef56e207c32f664cf92cec0bc796fb03500ef19b5c00b712f,operator,quadratic,NA,NA,quadratic,quadratic__quadratic_fp32_10e4__2b73b4275666d123,quadratic_fp32_10e4,10^4,10000,x=[10000],FP32,CPU,not_applicable,compatibility/end-to-end,PASS,OK,20,100,49,0.229831,true,2b73b4275666d12350b69d28866b7de7e1a2e7db53967ba0a9488c4838584f8c,d338ec440af0fecbbd16d73feadd1a2d7ead28386263c76c0779c27fd826c99c
1,20260809T165805Z_a1467e3b776a_stage08_b08_formal_8744f002,formal,20260809T165805Z,a1467e3b776a300b5bcd5cb319af4a8d3952665c,true,stage08_b08_quadratic_scales_v1,5c359dbfe6c22baef56e207c32f664cf92cec0bc796fb03500ef19b5c00b712f,operator,quadratic,NA,NA,quadratic,quadratic__quadratic_fp32_10e4__2b73b4275666d123,quadratic_fp32_10e4,10^4,10000,x=[10000],FP32,CPU,not_applicable,compatibility/end-to-end,PASS,OK,20,100,50,0.228801,true,2b73b4275666d12350b69d28866b7de7e1a2e7db53967ba0a9488c4838584f8c,d338ec440af0fecbbd16d73feadd1a2d7ead28386263c76c0779c27fd826c99c
1,20260809T165805Z_a1467e3b776a_stage08_b08_formal_8744f002,formal,20260809T165805Z,a1467e3b776a300b5bcd5cb319af4a8d3952665c,true,stage08_b08_quadratic_scales_v1,5c359dbfe6c22baef56e207c32f664cf92cec0bc796fb03500ef19b5c00b712f,operator,quadratic,NA,NA,quadratic,quadratic__quadratic_fp32_10e4__2b73b4275666d123,quadratic_fp32_10e4,10^4,10000,x=[10000],FP32,CPU,not_applicable,compatibility/end-to-end,PASS,OK,20,100,51,0.231921,true,2b73b4275666d12350b69d28866b7de7e1a2e7db53967ba0a9488c4838584f8c,d338ec440af0fecbbd16d73feadd1a2d7ead28386263c76c0779c27fd826c99c
1,20260809T165805Z_a1467e3b776a_stage08_b08_formal_8744f002,formal,20260809T165805Z,a1467e3b776a300b5bcd5cb319af4a8d3952665c,true,stage08_b08_quadratic_scales_v1,5c359dbfe6c22baef56e207c32f664cf92cec0bc796fb03500ef19b5c00b712f,operator,quadratic,NA,NA,quadratic,quadratic__quadratic_fp32_10e4__2b73b4275666d123,quadratic_fp32_10e4,10^4,10000,x=[10000],FP32,CPU,not_applicable,compatibility/end-to-end,PASS,OK,20,100,52,0.228921,true,2b73b4275666d12350b69d28866b7de7e1a2e7db53967ba0a9488c4838584f8c,d338ec440af0fecbbd16d73feadd1a2d7ead28386263c76c0779c27fd826c99c
1,20260809T165805Z_a1467e3b776a_stage08_b08_formal_8744f002,formal,20260809T165805Z,a1467e3b776a300b5bcd5cb319af4a8d3952665c,true,stage08_b08_quadratic_scales_v1,5c359dbfe6c22baef56e207c32f664cf92cec0bc796fb03500ef19b5c00b712f,operator,quadratic,NA,NA,quadratic,quadratic__quadratic_fp32_10e4__2b73b4275666d123,quadratic_fp32_10e4,10^4,10000,x=[10000],FP32,CPU,not_applicable,compatibility/end-to-end,PASS,OK,20,100,53,0.228981,true,2b73b4275666d12350b69d28866b7de7e1a2e7db53967ba0a9488c4838584f8c,d338ec440af0fecbbd16d73feadd1a2d7ead28386263c76c0779c27fd826c99c
1,20260809T165805Z_a1467e3b776a_stage08_b08_formal_8744f002,formal,20260809T165805Z,a1467e3b776a300b5bcd5cb319af4a8d3952665c,true,stage08_b08_quadratic_scales_v1,5c359dbfe6c22baef56e207c32f664cf92cec0bc796fb03500ef19b5c00b712f,operator,quadratic,NA,NA,quadratic,quadratic__quadratic_fp32_10e4__2b73b4275666d123,quadratic_fp32_10e4,10^4,10000,x=[10000],FP32,CPU,not_applicable,compatibility/end-to-end,PASS,OK,20,100,54,0.229691,true,2b73b4275666d12350b69d28866b7de7e1a2e7db53967ba0a9488c4838584f8c,d338ec440af0fecbbd16d73feadd1a2d7ead28386263c76c0779c27fd826c99c
1,20260809T165805Z_a1467e3b776a_stage08_b08_formal_8744f002,formal,20260809T165805Z,a1467e3b776a300b5bcd5cb319af4a8d3952665c,true,stage08_b08_quadratic_scales_v1,5c359dbfe6c22baef56e207c32f664cf92cec0bc796fb03500ef19b5c00b712f,operator,quadratic,NA,NA,quadratic,quadratic__quadratic_fp32_10e4__2b73b4275666d123,quadratic_fp32_10e4,10^4,10000,x=[10000],FP32,CPU,not_applicable,compatibility/end-to-end,PASS,OK,20,100,55,0.232141,true,2b73b4275666d12350b69d28866b7de7e1a2e7db53967ba0a9488c4838584f8c,d338ec440af0fecbbd16d73feadd1a2d7ead28386263c76c0779c27fd826c99c
1,20260809T165805Z_a1467e3b776a_stage08_b08_formal_8744f002,formal,20260809T165805Z,a1467e3b776a300b5bcd5cb319af4a8d3952665c,true,stage08_b08_quadratic_scales_v1,5c359dbfe6c22baef56e207c32f664cf92cec0bc796fb03500ef19b5c00b712f,operator,quadratic,NA,NA,quadratic,quadratic__quadratic_fp32_10e4__2b73b4275666d123,quadratic_fp32_10e4,10^4,10000,x=[10000],FP32,CPU,not_applicable,compatibility/end-to-end,PASS,OK,20,100,56,0.229871,true,2b73b4275666d12350b69d28866b7de7e1a2e7db53967ba0a9488c4838584f8c,d338ec440af0fecbbd16d73feadd1a2d7ead28386263c76c0779c27fd826c99c
1,20260809T165805Z_a1467e3b776a_stage08_b08_formal_8744f002,formal,20260809T165805Z,a1467e3b776a300b5bcd5cb319af4a8d3952665c,true,stage08_b08_quadratic_scales_v1,5c359dbfe6c22baef56e207c32f664cf92cec0bc796fb03500ef19b5c00b712f,operator,quadratic,NA,NA,quadratic,quadratic__quadratic_fp32_10e4__2b73b4275666d123,quadratic_fp32_10e4,10^4,10000,x=[10000],FP32,CPU,not_applicable,compatibility/end-to-end,PASS,OK,20,100,57,0.229641,true,2b73b4275666d12350b69d28866b7de7e1a2e7db53967ba0a9488c4838584f8c,d338ec440af0fecbbd16d73feadd1a2d7ead28386263c76c0779c27fd826c99c
1,20260809T165805Z_a1467e3b776a_stage08_b08_formal_8744f002,formal,20260809T165805Z,a1467e3b776a300b5bcd5cb319af4a8d3952665c,true,stage08_b08_quadratic_scales_v1,5c359dbfe6c22baef56e207c32f664cf92cec0bc796fb03500ef19b5c00b712f,operator,quadratic,NA,NA,quadratic,quadratic__quadratic_fp32_10e4__2b73b4275666d123,quadratic_fp32_10e4,10^4,10000,x=[10000],FP32,CPU,not_applicable,compatibility/end-to-end,PASS,OK,20,100,58,0.229491,true,2b73b4275666d12350b69d28866b7de7e1a2e7db53967ba0a9488c4838584f8c,d338ec440af0fecbbd16d73feadd1a2d7ead28386263c76c0779c27fd826c99c
1,20260809T165805Z_a1467e3b776a_stage08_b08_formal_8744f002,formal,20260809T165805Z,a1467e3b776a300b5bcd5cb319af4a8d3952665c,true,stage08_b08_quadratic_scales_v1,5c359dbfe6c22baef56e207c32f664cf92cec0bc796fb03500ef19b5c00b712f,operator,quadratic,NA,NA,quadratic,quadratic__quadratic_fp32_10e4__2b73b4275666d123,quadratic_fp32_10e4,10^4,10000,x=[10000],FP32,CPU,not_applicable,compatibility/end-to-end,PASS,OK,20,100,59,0.230032,true,2b73b4275666d12350b69d28866b7de7e1a2e7db53967ba0a9488c4838584f8c,d338ec440af0fecbbd16d73feadd1a2d7ead28386263c76c0779c27fd826c99c
1,20260809T165805Z_a1467e3b776a_stage08_b08_formal_8744f002,formal,20260809T165805Z,a1467e3b776a300b5bcd5cb319af4a8d3952665c,true,stage08_b08_quadratic_scales_v1,5c359dbfe6c22baef56e207c32f664cf92cec0bc796fb03500ef19b5c00b712f,operator,quadratic,NA,NA,quadratic,quadratic__quadratic_fp32_10e4__2b73b4275666d123,quadratic_fp32_10e4,10^4,10000,x=[10000],FP32,CPU,not_applicable,compatibility/end-to-end,PASS,OK,20,100,60,0.230121,true,2b73b4275666d12350b69d28866b7de7e1a2e7db53967ba0a9488c4838584f8c,d338ec440af0fecbbd16d73feadd1a2d7ead28386263c76c0779c27fd826c99c
1,20260809T165805Z_a1467e3b776a_stage08_b08_formal_8744f002,formal,20260809T165805Z,a1467e3b776a300b5bcd5cb319af4a8d3952665c,true,stage08_b08_quadratic_scales_v1,5c359dbfe6c22baef56e207c32f664cf92cec0bc796fb03500ef19b5c00b712f,operator,quadratic,NA,NA,quadratic,quadratic__quadratic_fp32_10e4__2b73b4275666d123,quadratic_fp32_10e4,10^4,10000,x=[10000],FP32,CPU,not_applicable,compatibility/end-to-end,PASS,OK,20,100,61,0.232171,true,2b73b4275666d12350b69d28866b7de7e1a2e7db53967ba0a9488c4838584f8c,d338ec440af0fecbbd16d73feadd1a2d7ead28386263c76c0779c27fd826c99c
1,20260809T165805Z_a1467e3b776a_stage08_b08_formal_8744f002,formal,20260809T165805Z,a1467e3b776a300b5bcd5cb319af4a8d3952665c,true,stage08_b08_quadratic_scales_v1,5c359dbfe6c22baef56e207c32f664cf92cec0bc796fb03500ef19b5c00b712f,operator,quadratic,NA,NA,quadratic,quadratic__quadratic_fp32_10e4__2b73b4275666d123,quadratic_fp32_10e4,10^4,10000,x=[10000],FP32,CPU,not_applicable,compatibility/end-to-end,PASS,OK,20,100,62,0.229851,true,2b73b4275666d12350b69d28866b7de7e1a2e7db53967ba0a9488c4838584f8c,d338ec440af0fecbbd16d73feadd1a2d7ead28386263c76c0779c27fd826c99c
1,20260809T165805Z_a1467e3b776a_stage08_b08_formal_8744f002,formal,20260809T165805Z,a1467e3b776a300b5bcd5cb319af4a8d3952665c,true,stage08_b08_quadratic_scales_v1,5c359dbfe6c22baef56e207c32f664cf92cec0bc796fb03500ef19b5c00b712f,operator,quadratic,NA,NA,quadratic,quadratic__quadratic_fp32_10e4__2b73b4275666d123,quadratic_fp32_10e4,10^4,10000,x=[10000],FP32,CPU,not_applicable,compatibility/end-to-end,PASS,OK,20,100,63,0.232151,true,2b73b4275666d12350b69d28866b7de7e1a2e7db53967ba0a9488c4838584f8c,d338ec440af0fecbbd16d73feadd1a2d7ead28386263c76c0779c27fd826c99c
1,20260809T165805Z_a1467e3b776a_stage08_b08_formal_8744f002,formal,20260809T165805Z,a1467e3b776a300b5bcd5cb319af4a8d3952665c,true,stage08_b08_quadratic_scales_v1,5c359dbfe6c22baef56e207c32f664cf92cec0bc796fb03500ef19b5c00b712f,operator,quadratic,NA,NA,quadratic,quadratic__quadratic_fp32_10e4__2b73b4275666d123,quadratic_fp32_10e4,10^4,10000,x=[10000],FP32,CPU,not_applicable,compatibility/end-to-end,PASS,OK,20,100,64,0.230171,true,2b73b4275666d12350b69d28866b7de7e1a2e7db53967ba0a9488c4838584f8c,d338ec440af0fecbbd16d73feadd1a2d7ead28386263c76c0779c27fd826c99c
1,20260809T165805Z_a1467e3b776a_stage08_b08_formal_8744f002,formal,20260809T165805Z,a1467e3b776a300b5bcd5cb319af4a8d3952665c,true,stage08_b08_quadratic_scales_v1,5c359dbfe6c22baef56e207c32f664cf92cec0bc796fb03500ef19b5c00b712f,operator,quadratic,NA,NA,quadratic,quadratic__quadratic_fp32_10e4__2b73b4275666d123,quadratic_fp32_10e4,10^4,10000,x=[10000],FP32,CPU,not_applicable,compatibility/end-to-end,PASS,OK,20,100,65,0.242091,true,2b73b4275666d12350b69d28866b7de7e1a2e7db53967ba0a9488c4838584f8c,d338ec440af0fecbbd16d73feadd1a2d7ead28386263c76c0779c27fd826c99c
1,20260809T165805Z_a1467e3b776a_stage08_b08_formal_8744f002,formal,20260809T165805Z,a1467e3b776a300b5bcd5cb319af4a8d3952665c,true,stage08_b08_quadratic_scales_v1,5c359dbfe6c22baef56e207c32f664cf92cec0bc796fb03500ef19b5c00b712f,operator,quadratic,NA,NA,quadratic,quadratic__quadratic_fp32_10e4__2b73b4275666d123,quadratic_fp32_10e4,10^4,10000,x=[10000],FP32,CPU,not_applicable,compatibility/end-to-end,PASS,OK,20,100,66,0.229891,true,2b73b4275666d12350b69d28866b7de7e1a2e7db53967ba0a9488c4838584f8c,d338ec440af0fecbbd16d73feadd1a2d7ead28386263c76c0779c27fd826c99c
1,20260809T165805Z_a1467e3b776a_stage08_b08_formal_8744f002,formal,20260809T165805Z,a1467e3b776a300b5bcd5cb319af4a8d3952665c,true,stage08_b08_quadratic_scales_v1,5c359dbfe6c22baef56e207c32f664cf92cec0bc796fb03500ef19b5c00b712f,operator,quadratic,NA,NA,quadratic,quadratic__quadratic_fp32_10e4__2b73b4275666d123,quadratic_fp32_10e4,10^4,10000,x=[10000],FP32,CPU,not_applicable,compatibility/end-to-end,PASS,OK,20,100,67,0.230341,true,2b73b4275666d12350b69d28866b7de7e1a2e7db53967ba0a9488c4838584f8c,d338ec440af0fecbbd16d73feadd1a2d7ead28386263c76c0779c27fd826c99c
1,20260809T165805Z_a1467e3b776a_stage08_b08_formal_8744f002,formal,20260809T165805Z,a1467e3b776a300b5bcd5cb319af4a8d3952665c,true,stage08_b08_quadratic_scales_v1,5c359dbfe6c22baef56e207c32f664cf92cec0bc796fb03500ef19b5c00b712f,operator,quadratic,NA,NA,quadratic,quadratic__quadratic_fp32_10e4__2b73b4275666d123,quadratic_fp32_10e4,10^4,10000,x=[10000],FP32,CPU,not_applicable,compatibility/end-to-end,PASS,OK,20,100,68,0.229021,true,2b73b4275666d12350b69d28866b7de7e1a2e7db53967ba0a9488c4838584f8c,d338ec440af0fecbbd16d73feadd1a2d7ead28386263c76c0779c27fd826c99c
1,20260809T165805Z_a1467e3b776a_stage08_b08_formal_8744f002,formal,20260809T165805Z,a1467e3b776a300b5bcd5cb319af4a8d3952665c,true,stage08_b08_quadratic_scales_v1,5c359dbfe6c22baef56e207c32f664cf92cec0bc796fb03500ef19b5c00b712f,operator,quadratic,NA,NA,quadratic,quadratic__quadratic_fp32_10e4__2b73b4275666d123,quadratic_fp32_10e4,10^4,10000,x=[10000],FP32,CPU,not_applicable,compatibility/end-to-end,PASS,OK,20,100,69,0.229871,true,2b73b4275666d12350b69d28866b7de7e1a2e7db53967ba0a9488c4838584f8c,d338ec440af0fecbbd16d73feadd1a2d7ead28386263c76c0779c27fd826c99c
1,20260809T165805Z_a1467e3b776a_stage08_b08_formal_8744f002,formal,20260809T165805Z,a1467e3b776a300b5bcd5cb319af4a8d3952665c,true,stage08_b08_quadratic_scales_v1,5c359dbfe6c22baef56e207c32f664cf92cec0bc796fb03500ef19b5c00b712f,operator,quadratic,NA,NA,quadratic,quadratic__quadratic_fp32_10e4__2b73b4275666d123,quadratic_fp32_10e4,10^4,10000,x=[10000],FP32,CPU,not_applicable,compatibility/end-to-end,PASS,OK,20,100,70,0.229772,true,2b73b4275666d12350b69d28866b7de7e1a2e7db53967ba0a9488c4838584f8c,d338ec440af0fecbbd16d73feadd1a2d7ead28386263c76c0779c27fd826c99c
1,20260809T165805Z_a1467e3b776a_stage08_b08_formal_8744f002,formal,20260809T165805Z,a1467e3b776a300b5bcd5cb319af4a8d3952665c,true,stage08_b08_quadratic_scales_v1,5c359dbfe6c22baef56e207c32f664cf92cec0bc796fb03500ef19b5c00b712f,operator,quadratic,NA,NA,quadratic,quadratic__quadratic_fp32_10e4__2b73b4275666d123,quadratic_fp32_10e4,10^4,10000,x=[10000],FP32,CPU,not_applicable,compatibility/end-to-end,PASS,OK,20,100,71,0.229531,true,2b73b4275666d12350b69d28866b7de7e1a2e7db53967ba0a9488c4838584f8c,d338ec440af0fecbbd16d73feadd1a2d7ead28386263c76c0779c27fd826c99c
1,20260809T165805Z_a1467e3b776a_stage08_b08_formal_8744f002,formal,20260809T165805Z,a1467e3b776a300b5bcd5cb319af4a8d3952665c,true,stage08_b08_quadratic_scales_v1,5c359dbfe6c22baef56e207c32f664cf92cec0bc796fb03500ef19b5c00b712f,operator,quadratic,NA,NA,quadratic,quadratic__quadratic_fp32_10e4__2b73b4275666d123,quadratic_fp32_10e4,10^4,10000,x=[10000],FP32,CPU,not_applicable,compatibility/end-to-end,PASS,OK,20,100,72,0.228921,true,2b73b4275666d12350b69d28866b7de7e1a2e7db53967ba0a9488c4838584f8c,d338ec440af0fecbbd16d73feadd1a2d7ead28386263c76c0779c27fd826c99c
1,20260809T165805Z_a1467e3b776a_stage08_b08_formal_8744f002,formal,20260809T165805Z,a1467e3b776a300b5bcd5cb319af4a8d3952665c,true,stage08_b08_quadratic_scales_v1,5c359dbfe6c22baef56e207c32f664cf92cec0bc796fb03500ef19b5c00b712f,operator,quadratic,NA,NA,quadratic,quadratic__quadratic_fp32_10e4__2b73b4275666d123,quadratic_fp32_10e4,10^4,10000,x=[10000],FP32,CPU,not_applicable,compatibility/end-to-end,PASS,OK,20,100,73,0.228881,true,2b73b4275666d12350b69d28866b7de7e1a2e7db53967ba0a9488c4838584f8c,d338ec440af0fecbbd16d73feadd1a2d7ead28386263c76c0779c27fd826c99c
1,20260809T165805Z_a1467e3b776a_stage08_b08_formal_8744f002,formal,20260809T165805Z,a1467e3b776a300b5bcd5cb319af4a8d3952665c,true,stage08_b08_quadratic_scales_v1,5c359dbfe6c22baef56e207c32f664cf92cec0bc796fb03500ef19b5c00b712f,operator,quadratic,NA,NA,quadratic,quadratic__quadratic_fp32_10e4__2b73b4275666d123,quadratic_fp32_10e4,10^4,10000,x=[10000],FP32,CPU,not_applicable,compatibility/end-to-end,PASS,OK,20,100,74,0.231901,true,2b73b4275666d12350b69d28866b7de7e1a2e7db53967ba0a9488c4838584f8c,d338ec440af0fecbbd16d73feadd1a2d7ead28386263c76c0779c27fd826c99c
1,20260809T165805Z_a1467e3b776a_stage08_b08_formal_8744f002,formal,20260809T165805Z,a1467e3b776a300b5bcd5cb319af4a8d3952665c,true,stage08_b08_quadratic_scales_v1,5c359dbfe6c22baef56e207c32f664cf92cec0bc796fb03500ef19b5c00b712f,operator,quadratic,NA,NA,quadratic,quadratic__quadratic_fp32_10e4__2b73b4275666d123,quadratic_fp32_10e4,10^4,10000,x=[10000],FP32,CPU,not_applicable,compatibility/end-to-end,PASS,OK,20,100,75,0.228751,true,2b73b4275666d12350b69d28866b7de7e1a2e7db53967ba0a9488c4838584f8c,d338ec440af0fecbbd16d73feadd1a2d7ead28386263c76c0779c27fd826c99c
1,20260809T165805Z_a1467e3b776a_stage08_b08_formal_8744f002,formal,20260809T165805Z,a1467e3b776a300b5bcd5cb319af4a8d3952665c,true,stage08_b08_quadratic_scales_v1,5c359dbfe6c22baef56e207c32f664cf92cec0bc796fb03500ef19b5c00b712f,operator,quadratic,NA,NA,quadratic,quadratic__quadratic_fp32_10e4__2b73b4275666d123,quadratic_fp32_10e4,10^4,10000,x=[10000],FP32,CPU,not_applicable,compatibility/end-to-end,PASS,OK,20,100,76,0.229341,true,2b73b4275666d12350b69d28866b7de7e1a2e7db53967ba0a9488c4838584f8c,d338ec440af0fecbbd16d73feadd1a2d7ead28386263c76c0779c27fd826c99c
1,20260809T165805Z_a1467e3b776a_stage08_b08_formal_8744f002,formal,20260809T165805Z,a1467e3b776a300b5bcd5cb319af4a8d3952665c,true,stage08_b08_quadratic_scales_v1,5c359dbfe6c22baef56e207c32f664cf92cec0bc796fb03500ef19b5c00b712f,operator,quadratic,NA,NA,quadratic,quadratic__quadratic_fp32_10e4__2b73b4275666d123,quadratic_fp32_10e4,10^4,10000,x=[10000],FP32,CPU,not_applicable,compatibility/end-to-end,PASS,OK,20,100,77,0.228911,true,2b73b4275666d12350b69d28866b7de7e1a2e7db53967ba0a9488c4838584f8c,d338ec440af0fecbbd16d73feadd1a2d7ead28386263c76c0779c27fd826c99c
1,20260809T165805Z_a1467e3b776a_stage08_b08_formal_8744f002,formal,20260809T165805Z,a1467e3b776a300b5bcd5cb319af4a8d3952665c,true,stage08_b08_quadratic_scales_v1,5c359dbfe6c22baef56e207c32f664cf92cec0bc796fb03500ef19b5c00b712f,operator,quadratic,NA,NA,quadratic,quadratic__quadratic_fp32_10e4__2b73b4275666d123,quadratic_fp32_10e4,10^4,10000,x=[10000],FP32,CPU,not_applicable,compatibility/end-to-end,PASS,OK,20,100,78,0.228931,true,2b73b4275666d12350b69d28866b7de7e1a2e7db53967ba0a9488c4838584f8c,d338ec440af0fecbbd16d73feadd1a2d7ead28386263c76c0779c27fd826c99c
1,20260809T165805Z_a1467e3b776a_stage08_b08_formal_8744f002,formal,20260809T165805Z,a1467e3b776a300b5bcd5cb319af4a8d3952665c,true,stage08_b08_quadratic_scales_v1,5c359dbfe6c22baef56e207c32f664cf92cec0bc796fb03500ef19b5c00b712f,operator,quadratic,NA,NA,quadratic,quadratic__quadratic_fp32_10e4__2b73b4275666d123,quadratic_fp32_10e4,10^4,10000,x=[10000],FP32,CPU,not_applicable,compatibility/end-to-end,PASS,OK,20,100,79,0.232151,true,2b73b4275666d12350b69d28866b7de7e1a2e7db53967ba0a9488c4838584f8c,d338ec440af0fecbbd16d73feadd1a2d7ead28386263c76c0779c27fd826c99c
1,20260809T165805Z_a1467e3b776a_stage08_b08_formal_8744f002,formal,20260809T165805Z,a1467e3b776a300b5bcd5cb319af4a8d3952665c,true,stage08_b08_quadratic_scales_v1,5c359dbfe6c22baef56e207c32f664cf92cec0bc796fb03500ef19b5c00b712f,operator,quadratic,NA,NA,quadratic,quadratic__quadratic_fp32_10e4__2b73b4275666d123,quadratic_fp32_10e4,10^4,10000,x=[10000],FP32,CPU,not_applicable,compatibility/end-to-end,PASS,OK,20,100,80,0.228751,true,2b73b4275666d12350b69d28866b7de7e1a2e7db53967ba0a9488c4838584f8c,d338ec440af0fecbbd16d73feadd1a2d7ead28386263c76c0779c27fd826c99c
1,20260809T165805Z_a1467e3b776a_stage08_b08_formal_8744f002,formal,20260809T165805Z,a1467e3b776a300b5bcd5cb319af4a8d3952665c,true,stage08_b08_quadratic_scales_v1,5c359dbfe6c22baef56e207c32f664cf92cec0bc796fb03500ef19b5c00b712f,operator,quadratic,NA,NA,quadratic,quadratic__quadratic_fp32_10e4__2b73b4275666d123,quadratic_fp32_10e4,10^4,10000,x=[10000],FP32,CPU,not_applicable,compatibility/end-to-end,PASS,OK,20,100,81,0.232151,true,2b73b4275666d12350b69d28866b7de7e1a2e7db53967ba0a9488c4838584f8c,d338ec440af0fecbbd16d73feadd1a2d7ead28386263c76c0779c27fd826c99c
1,20260809T165805Z_a1467e3b776a_stage08_b08_formal_8744f002,formal,20260809T165805Z,a1467e3b776a300b5bcd5cb319af4a8d3952665c,true,stage08_b08_quadratic_scales_v1,5c359dbfe6c22baef56e207c32f664cf92cec0bc796fb03500ef19b5c00b712f,operator,quadratic,NA,NA,quadratic,quadratic__quadratic_fp32_10e4__2b73b4275666d123,quadratic_fp32_10e4,10^4,10000,x=[10000],FP32,CPU,not_applicable,compatibility/end-to-end,PASS,OK,20,100,82,0.228882,true,2b73b4275666d12350b69d28866b7de7e1a2e7db53967ba0a9488c4838584f8c,d338ec440af0fecbbd16d73feadd1a2d7ead28386263c76c0779c27fd826c99c
1,20260809T165805Z_a1467e3b776a_stage08_b08_formal_8744f002,formal,20260809T165805Z,a1467e3b776a300b5bcd5cb319af4a8d3952665c,true,stage08_b08_quadratic_scales_v1,5c359dbfe6c22baef56e207c32f664cf92cec0bc796fb03500ef19b5c00b712f,operator,quadratic,NA,NA,quadratic,quadratic__quadratic_fp32_10e4__2b73b4275666d123,quadratic_fp32_10e4,10^4,10000,x=[10000],FP32,CPU,not_applicable,compatibility/end-to-end,PASS,OK,20,100,83,0.242891,true,2b73b4275666d12350b69d28866b7de7e1a2e7db53967ba0a9488c4838584f8c,d338ec440af0fecbbd16d73feadd1a2d7ead28386263c76c0779c27fd826c99c
1,20260809T165805Z_a1467e3b776a_stage08_b08_formal_8744f002,formal,20260809T165805Z,a1467e3b776a300b5bcd5cb319af4a8d3952665c,true,stage08_b08_quadratic_scales_v1,5c359dbfe6c22baef56e207c32f664cf92cec0bc796fb03500ef19b5c00b712f,operator,quadratic,NA,NA,quadratic,quadratic__quadratic_fp32_10e4__2b73b4275666d123,quadratic_fp32_10e4,10^4,10000,x=[10000],FP32,CPU,not_applicable,compatibility/end-to-end,PASS,OK,20,100,84,0.232601,true,2b73b4275666d12350b69d28866b7de7e1a2e7db53967ba0a9488c4838584f8c,d338ec440af0fecbbd16d73feadd1a2d7ead28386263c76c0779c27fd826c99c
1,20260809T165805Z_a1467e3b776a_stage08_b08_formal_8744f002,formal,20260809T165805Z,a1467e3b776a300b5bcd5cb319af4a8d3952665c,true,stage08_b08_quadratic_scales_v1,5c359dbfe6c22baef56e207c32f664cf92cec0bc796fb03500ef19b5c00b712f,operator,quadratic,NA,NA,quadratic,quadratic__quadratic_fp32_10e4__2b73b4275666d123,quadratic_fp32_10e4,10^4,10000,x=[10000],FP32,CPU,not_applicable,compatibility/end-to-end,PASS,OK,20,100,85,0.228871,true,2b73b4275666d12350b69d28866b7de7e1a2e7db53967ba0a9488c4838584f8c,d338ec440af0fecbbd16d73feadd1a2d7ead28386263c76c0779c27fd826c99c
1,20260809T165805Z_a1467e3b776a_stage08_b08_formal_8744f002,formal,20260809T165805Z,a1467e3b776a300b5bcd5cb319af4a8d3952665c,true,stage08_b08_quadratic_scales_v1,5c359dbfe6c22baef56e207c32f664cf92cec0bc796fb03500ef19b5c00b712f,operator,quadratic,NA,NA,quadratic,quadratic__quadratic_fp32_10e4__2b73b4275666d123,quadratic_fp32_10e4,10^4,10000,x=[10000],FP32,CPU,not_applicable,compatibility/end-to-end,PASS,OK,20,100,86,0.229931,true,2b73b4275666d12350b69d28866b7de7e1a2e7db53967ba0a9488c4838584f8c,d338ec440af0fecbbd16d73feadd1a2d7ead28386263c76c0779c27fd826c99c
1,20260809T165805Z_a1467e3b776a_stage08_b08_formal_8744f002,formal,20260809T165805Z,a1467e3b776a300b5bcd5cb319af4a8d3952665c,true,stage08_b08_quadratic_scales_v1,5c359dbfe6c22baef56e207c32f664cf92cec0bc796fb03500ef19b5c00b712f,operator,quadratic,NA,NA,quadratic,quadratic__quadratic_fp32_10e4__2b73b4275666d123,quadratic_fp32_10e4,10^4,10000,x=[10000],FP32,CPU,not_applicable,compatibility/end-to-end,PASS,OK,20,100,87,0.228741,true,2b73b4275666d12350b69d28866b7de7e1a2e7db53967ba0a9488c4838584f8c,d338ec440af0fecbbd16d73feadd1a2d7ead28386263c76c0779c27fd826c99c
1,20260809T165805Z_a1467e3b776a_stage08_b08_formal_8744f002,formal,20260809T165805Z,a1467e3b776a300b5bcd5cb319af4a8d3952665c,true,stage08_b08_quadratic_scales_v1,5c359dbfe6c22baef56e207c32f664cf92cec0bc796fb03500ef19b5c00b712f,operator,quadratic,NA,NA,quadratic,quadratic__quadratic_fp32_10e4__2b73b4275666d123,quadratic_fp32_10e4,10^4,10000,x=[10000],FP32,CPU,not_applicable,compatibility/end-to-end,PASS,OK,20,100,88,0.229871,true,2b73b4275666d12350b69d28866b7de7e1a2e7db53967ba0a9488c4838584f8c,d338ec440af0fecbbd16d73feadd1a2d7ead28386263c76c0779c27fd826c99c
1,20260809T165805Z_a1467e3b776a_stage08_b08_formal_8744f002,formal,20260809T165805Z,a1467e3b776a300b5bcd5cb319af4a8d3952665c,true,stage08_b08_quadratic_scales_v1,5c359dbfe6c22baef56e207c32f664cf92cec0bc796fb03500ef19b5c00b712f,operator,quadratic,NA,NA,quadratic,quadratic__quadratic_fp32_10e4__2b73b4275666d123,quadratic_fp32_10e4,10^4,10000,x=[10000],FP32,CPU,not_applicable,compatibility/end-to-end,PASS,OK,20,100,89,0.231781,true,2b73b4275666d12350b69d28866b7de7e1a2e7db53967ba0a9488c4838584f8c,d338ec440af0fecbbd16d73feadd1a2d7ead28386263c76c0779c27fd826c99c
1,20260809T165805Z_a1467e3b776a_stage08_b08_formal_8744f002,formal,20260809T165805Z,a1467e3b776a300b5bcd5cb319af4a8d3952665c,true,stage08_b08_quadratic_scales_v1,5c359dbfe6c22baef56e207c32f664cf92cec0bc796fb03500ef19b5c00b712f,operator,quadratic,NA,NA,quadratic,quadratic__quadratic_fp32_10e4__2b73b4275666d123,quadratic_fp32_10e4,10^4,10000,x=[10000],FP32,CPU,not_applicable,compatibility/end-to-end,PASS,OK,20,100,90,0.229901,true,2b73b4275666d12350b69d28866b7de7e1a2e7db53967ba0a9488c4838584f8c,d338ec440af0fecbbd16d73feadd1a2d7ead28386263c76c0779c27fd826c99c
1,20260809T165805Z_a1467e3b776a_stage08_b08_formal_8744f002,formal,20260809T165805Z,a1467e3b776a300b5bcd5cb319af4a8d3952665c,true,stage08_b08_quadratic_scales_v1,5c359dbfe6c22baef56e207c32f664cf92cec0bc796fb03500ef19b5c00b712f,operator,quadratic,NA,NA,quadratic,quadratic__quadratic_fp32_10e4__2b73b4275666d123,quadratic_fp32_10e4,10^4,10000,x=[10000],FP32,CPU,not_applicable,compatibility/end-to-end,PASS,OK,20,100,91,0.232061,true,2b73b4275666d12350b69d28866b7de7e1a2e7db53967ba0a9488c4838584f8c,d338ec440af0fecbbd16d73feadd1a2d7ead28386263c76c0779c27fd826c99c
1,20260809T165805Z_a1467e3b776a_stage08_b08_formal_8744f002,formal,20260809T165805Z,a1467e3b776a300b5bcd5cb319af4a8d3952665c,true,stage08_b08_quadratic_scales_v1,5c359dbfe6c22baef56e207c32f664cf92cec0bc796fb03500ef19b5c00b712f,operator,quadratic,NA,NA,quadratic,quadratic__quadratic_fp32_10e4__2b73b4275666d123,quadratic_fp32_10e4,10^4,10000,x=[10000],FP32,CPU,not_applicable,compatibility/end-to-end,PASS,OK,20,100,92,0.229782,true,2b73b4275666d12350b69d28866b7de7e1a2e7db53967ba0a9488c4838584f8c,d338ec440af0fecbbd16d73feadd1a2d7ead28386263c76c0779c27fd826c99c
1,20260809T165805Z_a1467e3b776a_stage08_b08_formal_8744f002,formal,20260809T165805Z,a1467e3b776a300b5bcd5cb319af4a8d3952665c,true,stage08_b08_quadratic_scales_v1,5c359dbfe6c22baef56e207c32f664cf92cec0bc796fb03500ef19b5c00b712f,operator,quadratic,NA,NA,quadratic,quadratic__quadratic_fp32_10e4__2b73b4275666d123,quadratic_fp32_10e4,10^4,10000,x=[10000],FP32,CPU,not_applicable,compatibility/end-to-end,PASS,OK,20,100,93,0.229751,true,2b73b4275666d12350b69d28866b7de7e1a2e7db53967ba0a9488c4838584f8c,d338ec440af0fecbbd16d73feadd1a2d7ead28386263c76c0779c27fd826c99c
1,20260809T165805Z_a1467e3b776a_stage08_b08_formal_8744f002,formal,20260809T165805Z,a1467e3b776a300b5bcd5cb319af4a8d3952665c,true,stage08_b08_quadratic_scales_v1,5c359dbfe6c22baef56e207c32f664cf92cec0bc796fb03500ef19b5c00b712f,operator,quadratic,NA,NA,quadratic,quadratic__quadratic_fp32_10e4__2b73b4275666d123,quadratic_fp32_10e4,10^4,10000,x=[10000],FP32,CPU,not_applicable,compatibility/end-to-end,PASS,OK,20,100,94,0.229711,true,2b73b4275666d12350b69d28866b7de7e1a2e7db53967ba0a9488c4838584f8c,d338ec440af0fecbbd16d73feadd1a2d7ead28386263c76c0779c27fd826c99c
1,20260809T165805Z_a1467e3b776a_stage08_b08_formal_8744f002,formal,20260809T165805Z,a1467e3b776a300b5bcd5cb319af4a8d3952665c,true,stage08_b08_quadratic_scales_v1,5c359dbfe6c22baef56e207c32f664cf92cec0bc796fb03500ef19b5c00b712f,operator,quadratic,NA,NA,quadratic,quadratic__quadratic_fp32_10e4__2b73b4275666d123,quadratic_fp32_10e4,10^4,10000,x=[10000],FP32,CPU,not_applicable,compatibility/end-to-end,PASS,OK,20,100,95,0.232071,true,2b73b4275666d12350b69d28866b7de7e1a2e7db53967ba0a9488c4838584f8c,d338ec440af0fecbbd16d73feadd1a2d7ead28386263c76c0779c27fd826c99c
1,20260809T165805Z_a1467e3b776a_stage08_b08_formal_8744f002,formal,20260809T165805Z,a1467e3b776a300b5bcd5cb319af4a8d3952665c,true,stage08_b08_quadratic_scales_v1,5c359dbfe6c22baef56e207c32f664cf92cec0bc796fb03500ef19b5c00b712f,operator,quadratic,NA,NA,quadratic,quadratic__quadratic_fp32_10e4__2b73b4275666d123,quadratic_fp32_10e4,10^4,10000,x=[10000],FP32,CPU,not_applicable,compatibility/end-to-end,PASS,OK,20,100,96,0.229841,true,2b73b4275666d12350b69d28866b7de7e1a2e7db53967ba0a9488c4838584f8c,d338ec440af0fecbbd16d73feadd1a2d7ead28386263c76c0779c27fd826c99c
1,20260809T165805Z_a1467e3b776a_stage08_b08_formal_8744f002,formal,20260809T165805Z,a1467e3b776a300b5bcd5cb319af4a8d3952665c,true,stage08_b08_quadratic_scales_v1,5c359dbfe6c22baef56e207c32f664cf92cec0bc796fb03500ef19b5c00b712f,operator,quadratic,NA,NA,quadratic,quadratic__quadratic_fp32_10e4__2b73b4275666d123,quadratic_fp32_10e4,10^4,10000,x=[10000],FP32,CPU,not_applicable,compatibility/end-to-end,PASS,OK,20,100,97,0.231781,true,2b73b4275666d12350b69d28866b7de7e1a2e7db53967ba0a9488c4838584f8c,d338ec440af0fecbbd16d73feadd1a2d7ead28386263c76c0779c27fd826c99c
1,20260809T165805Z_a1467e3b776a_stage08_b08_formal_8744f002,formal,20260809T165805Z,a1467e3b776a300b5bcd5cb319af4a8d3952665c,true,stage08_b08_quadratic_scales_v1,5c359dbfe6c22baef56e207c32f664cf92cec0bc796fb03500ef19b5c00b712f,operator,quadratic,NA,NA,quadratic,quadratic__quadratic_fp32_10e4__2b73b4275666d123,quadratic_fp32_10e4,10^4,10000,x=[10000],FP32,CPU,not_applicable,compatibility/end-to-end,PASS,OK,20,100,98,0.229911,true,2b73b4275666d12350b69d28866b7de7e1a2e7db53967ba0a9488c4838584f8c,d338ec440af0fecbbd16d73feadd1a2d7ead28386263c76c0779c27fd826c99c
1,20260809T165805Z_a1467e3b776a_stage08_b08_formal_8744f002,formal,20260809T165805Z,a1467e3b776a300b5bcd5cb319af4a8d3952665c,true,stage08_b08_quadratic_scales_v1,5c359dbfe6c22baef56e207c32f664cf92cec0bc796fb03500ef19b5c00b712f,operator,quadratic,NA,NA,quadratic,quadratic__quadratic_fp32_10e4__2b73b4275666d123,quadratic_fp32_10e4,10^4,10000,x=[10000],FP32,CPU,not_applicable,compatibility/end-to-end,PASS,OK,20,100,99,0.231871,true,2b73b4275666d12350b69d28866b7de7e1a2e7db53967ba0a9488c4838584f8c,d338ec440af0fecbbd16d73feadd1a2d7ead28386263c76c0779c27fd826c99c
1,20260809T165805Z_a1467e3b776a_stage08_b08_formal_8744f002,formal,20260809T165805Z,a1467e3b776a300b5bcd5cb319af4a8d3952665c,true,stage08_b08_quadratic_scales_v1,5c359dbfe6c22baef56e207c32f664cf92cec0bc796fb03500ef19b5c00b712f,operator,quadratic,NA,NA,quadratic,quadratic__quadratic_fp32_10e4__2b73b4275666d123,quadratic_fp32_10e4,10^4,10000,x=[10000],FP32,GPU,not_applicable,compatibility/end-to-end,PASS,OK,20,100,0,0.248051,true,2b73b4275666d12350b69d28866b7de7e1a2e7db53967ba0a9488c4838584f8c,d338ec440af0fecbbd16d73feadd1a2d7ead28386263c76c0779c27fd826c99c
1,20260809T165805Z_a1467e3b776a_stage08_b08_formal_8744f002,formal,20260809T165805Z,a1467e3b776a300b5bcd5cb319af4a8d3952665c,true,stage08_b08_quadratic_scales_v1,5c359dbfe6c22baef56e207c32f664cf92cec0bc796fb03500ef19b5c00b712f,operator,quadratic,NA,NA,quadratic,quadratic__quadratic_fp32_10e4__2b73b4275666d123,quadratic_fp32_10e4,10^4,10000,x=[10000],FP32,GPU,not_applicable,compatibility/end-to-end,PASS,OK,20,100,1,0.252791,true,2b73b4275666d12350b69d28866b7de7e1a2e7db53967ba0a9488c4838584f8c,d338ec440af0fecbbd16d73feadd1a2d7ead28386263c76c0779c27fd826c99c
1,20260809T165805Z_a1467e3b776a_stage08_b08_formal_8744f002,formal,20260809T165805Z,a1467e3b776a300b5bcd5cb319af4a8d3952665c,true,stage08_b08_quadratic_scales_v1,5c359dbfe6c22baef56e207c32f664cf92cec0bc796fb03500ef19b5c00b712f,operator,quadratic,NA,NA,quadratic,quadratic__quadratic_fp32_10e4__2b73b4275666d123,quadratic_fp32_10e4,10^4,10000,x=[10000],FP32,GPU,not_applicable,compatibility/end-to-end,PASS,OK,20,100,2,0.249541,true,2b73b4275666d12350b69d28866b7de7e1a2e7db53967ba0a9488c4838584f8c,d338ec440af0fecbbd16d73feadd1a2d7ead28386263c76c0779c27fd826c99c
1,20260809T165805Z_a1467e3b776a_stage08_b08_formal_8744f002,formal,20260809T165805Z,a1467e3b776a300b5bcd5cb319af4a8d3952665c,true,stage08_b08_quadratic_scales_v1,5c359dbfe6c22baef56e207c32f664cf92cec0bc796fb03500ef19b5c00b712f,operator,quadratic,NA,NA,quadratic,quadratic__quadratic_fp32_10e4__2b73b4275666d123,quadratic_fp32_10e4,10^4,10000,x=[10000],FP32,GPU,not_applicable,compatibility/end-to-end,PASS,OK,20,100,3,0.252922,true,2b73b4275666d12350b69d28866b7de7e1a2e7db53967ba0a9488c4838584f8c,d338ec440af0fecbbd16d73feadd1a2d7ead28386263c76c0779c27fd826c99c
1,20260809T165805Z_a1467e3b776a_stage08_b08_formal_8744f002,formal,20260809T165805Z,a1467e3b776a300b5bcd5cb319af4a8d3952665c,true,stage08_b08_quadratic_scales_v1,5c359dbfe6c22baef56e207c32f664cf92cec0bc796fb03500ef19b5c00b712f,operator,quadratic,NA,NA,quadratic,quadratic__quadratic_fp32_10e4__2b73b4275666d123,quadratic_fp32_10e4,10^4,10000,x=[10000],FP32,GPU,not_applicable,compatibility/end-to-end,PASS,OK,20,100,4,0.249281,true,2b73b4275666d12350b69d28866b7de7e1a2e7db53967ba0a9488c4838584f8c,d338ec440af0fecbbd16d73feadd1a2d7ead28386263c76c0779c27fd826c99c
1,20260809T165805Z_a1467e3b776a_stage08_b08_formal_8744f002,formal,20260809T165805Z,a1467e3b776a300b5bcd5cb319af4a8d3952665c,true,stage08_b08_quadratic_scales_v1,5c359dbfe6c22baef56e207c32f664cf92cec0bc796fb03500ef19b5c00b712f,operator,quadratic,NA,NA,quadratic,quadratic__quadratic_fp32_10e4__2b73b4275666d123,quadratic_fp32_10e4,10^4,10000,x=[10000],FP32,GPU,not_applicable,compatibility/end-to-end,PASS,OK,20,100,5,0.260251,true,2b73b4275666d12350b69d28866b7de7e1a2e7db53967ba0a9488c4838584f8c,d338ec440af0fecbbd16d73feadd1a2d7ead28386263c76c0779c27fd826c99c
1,20260809T165805Z_a1467e3b776a_stage08_b08_formal_8744f002,formal,20260809T165805Z,a1467e3b776a300b5bcd5cb319af4a8d3952665c,true,stage08_b08_quadratic_scales_v1,5c359dbfe6c22baef56e207c32f664cf92cec0bc796fb03500ef19b5c00b712f,operator,quadratic,NA,NA,quadratic,quadratic__quadratic_fp32_10e4__2b73b4275666d123,quadratic_fp32_10e4,10^4,10000,x=[10000],FP32,GPU,not_applicable,compatibility/end-to-end,PASS,OK,20,100,6,0.247201,true,2b73b4275666d12350b69d28866b7de7e1a2e7db53967ba0a9488c4838584f8c,d338ec440af0fecbbd16d73feadd1a2d7ead28386263c76c0779c27fd826c99c
1,20260809T165805Z_a1467e3b776a_stage08_b08_formal_8744f002,formal,20260809T165805Z,a1467e3b776a300b5bcd5cb319af4a8d3952665c,true,stage08_b08_quadratic_scales_v1,5c359dbfe6c22baef56e207c32f664cf92cec0bc796fb03500ef19b5c00b712f,operator,quadratic,NA,NA,quadratic,quadratic__quadratic_fp32_10e4__2b73b4275666d123,quadratic_fp32_10e4,10^4,10000,x=[10000],FP32,GPU,not_applicable,compatibility/end-to-end,PASS,OK,20,100,7,0.249861,true,2b73b4275666d12350b69d28866b7de7e1a2e7db53967ba0a9488c4838584f8c,d338ec440af0fecbbd16d73feadd1a2d7ead28386263c76c0779c27fd826c99c
1,20260809T165805Z_a1467e3b776a_stage08_b08_formal_8744f002,formal,20260809T165805Z,a1467e3b776a300b5bcd5cb319af4a8d3952665c,true,stage08_b08_quadratic_scales_v1,5c359dbfe6c22baef56e207c32f664cf92cec0bc796fb03500ef19b5c00b712f,operator,quadratic,NA,NA,quadratic,quadratic__quadratic_fp32_10e4__2b73b4275666d123,quadratic_fp32_10e4,10^4,10000,x=[10000],FP32,GPU,not_applicable,compatibility/end-to-end,PASS,OK,20,100,8,0.248171,true,2b73b4275666d12350b69d28866b7de7e1a2e7db53967ba0a9488c4838584f8c,d338ec440af0fecbbd16d73feadd1a2d7ead28386263c76c0779c27fd826c99c
1,20260809T165805Z_a1467e3b776a_stage08_b08_formal_8744f002,formal,20260809T165805Z,a1467e3b776a300b5bcd5cb319af4a8d3952665c,true,stage08_b08_quadratic_scales_v1,5c359dbfe6c22baef56e207c32f664cf92cec0bc796fb03500ef19b5c00b712f,operator,quadratic,NA,NA,quadratic,quadratic__quadratic_fp32_10e4__2b73b4275666d123,quadratic_fp32_10e4,10^4,10000,x=[10000],FP32,GPU,not_applicable,compatibility/end-to-end,PASS,OK,20,100,9,0.249362,true,2b73b4275666d12350b69d28866b7de7e1a2e7db53967ba0a9488c4838584f8c,d338ec440af0fecbbd16d73feadd1a2d7ead28386263c76c0779c27fd826c99c
1,20260809T165805Z_a1467e3b776a_stage08_b08_formal_8744f002,formal,20260809T165805Z,a1467e3b776a300b5bcd5cb319af4a8d3952665c,true,stage08_b08_quadratic_scales_v1,5c359dbfe6c22baef56e207c32f664cf92cec0bc796fb03500ef19b5c00b712f,operator,quadratic,NA,NA,quadratic,quadratic__quadratic_fp32_10e4__2b73b4275666d123,quadratic_fp32_10e4,10^4,10000,x=[10000],FP32,GPU,not_applicable,compatibility/end-to-end,PASS,OK,20,100,10,0.249371,true,2b73b4275666d12350b69d28866b7de7e1a2e7db53967ba0a9488c4838584f8c,d338ec440af0fecbbd16d73feadd1a2d7ead28386263c76c0779c27fd826c99c
1,20260809T165805Z_a1467e3b776a_stage08_b08_formal_8744f002,formal,20260809T165805Z,a1467e3b776a300b5bcd5cb319af4a8d3952665c,true,stage08_b08_quadratic_scales_v1,5c359dbfe6c22baef56e207c32f664cf92cec0bc796fb03500ef19b5c00b712f,operator,quadratic,NA,NA,quadratic,quadratic__quadratic_fp32_10e4__2b73b4275666d123,quadratic_fp32_10e4,10^4,10000,x=[10000],FP32,GPU,not_applicable,compatibility/end-to-end,PASS,OK,20,100,11,0.251501,true,2b73b4275666d12350b69d28866b7de7e1a2e7db53967ba0a9488c4838584f8c,d338ec440af0fecbbd16d73feadd1a2d7ead28386263c76c0779c27fd826c99c
1,20260809T165805Z_a1467e3b776a_stage08_b08_formal_8744f002,formal,20260809T165805Z,a1467e3b776a300b5bcd5cb319af4a8d3952665c,true,stage08_b08_quadratic_scales_v1,5c359dbfe6c22baef56e207c32f664cf92cec0bc796fb03500ef19b5c00b712f,operator,quadratic,NA,NA,quadratic,quadratic__quadratic_fp32_10e4__2b73b4275666d123,quadratic_fp32_10e4,10^4,10000,x=[10000],FP32,GPU,not_applicable,compatibility/end-to-end,PASS,OK,20,100,12,0.252641,true,2b73b4275666d12350b69d28866b7de7e1a2e7db53967ba0a9488c4838584f8c,d338ec440af0fecbbd16d73feadd1a2d7ead28386263c76c0779c27fd826c99c
1,20260809T165805Z_a1467e3b776a_stage08_b08_formal_8744f002,formal,20260809T165805Z,a1467e3b776a300b5bcd5cb319af4a8d3952665c,true,stage08_b08_quadratic_scales_v1,5c359dbfe6c22baef56e207c32f664cf92cec0bc796fb03500ef19b5c00b712f,operator,quadratic,NA,NA,quadratic,quadratic__quadratic_fp32_10e4__2b73b4275666d123,quadratic_fp32_10e4,10^4,10000,x=[10000],FP32,GPU,not_applicable,compatibility/end-to-end,PASS,OK,20,100,13,0.270292,true,2b73b4275666d12350b69d28866b7de7e1a2e7db53967ba0a9488c4838584f8c,d338ec440af0fecbbd16d73feadd1a2d7ead28386263c76c0779c27fd826c99c
1,20260809T165805Z_a1467e3b776a_stage08_b08_formal_8744f002,formal,20260809T165805Z,a1467e3b776a300b5bcd5cb319af4a8d3952665c,true,stage08_b08_quadratic_scales_v1,5c359dbfe6c22baef56e207c32f664cf92cec0bc796fb03500ef19b5c00b712f,operator,quadratic,NA,NA,quadratic,quadratic__quadratic_fp32_10e4__2b73b4275666d123,quadratic_fp32_10e4,10^4,10000,x=[10000],FP32,GPU,not_applicable,compatibility/end-to-end,PASS,OK,20,100,14,0.256851,true,2b73b4275666d12350b69d28866b7de7e1a2e7db53967ba0a9488c4838584f8c,d338ec440af0fecbbd16d73feadd1a2d7ead28386263c76c0779c27fd826c99c
1,20260809T165805Z_a1467e3b776a_stage08_b08_formal_8744f002,formal,20260809T165805Z,a1467e3b776a300b5bcd5cb319af4a8d3952665c,true,stage08_b08_quadratic_scales_v1,5c359dbfe6c22baef56e207c32f664cf92cec0bc796fb03500ef19b5c00b712f,operator,quadratic,NA,NA,quadratic,quadratic__quadratic_fp32_10e4__2b73b4275666d123,quadratic_fp32_10e4,10^4,10000,x=[10000],FP32,GPU,not_applicable,compatibility/end-to-end,PASS,OK,20,100,15,0.259281,true,2b73b4275666d12350b69d28866b7de7e1a2e7db53967ba0a9488c4838584f8c,d338ec440af0fecbbd16d73feadd1a2d7ead28386263c76c0779c27fd826c99c
1,20260809T165805Z_a1467e3b776a_stage08_b08_formal_8744f002,formal,20260809T165805Z,a1467e3b776a300b5bcd5cb319af4a8d3952665c,true,stage08_b08_quadratic_scales_v1,5c359dbfe6c22baef56e207c32f664cf92cec0bc796fb03500ef19b5c00b712f,operator,quadratic,NA,NA,quadratic,quadratic__quadratic_fp32_10e4__2b73b4275666d123,quadratic_fp32_10e4,10^4,10000,x=[10000],FP32,GPU,not_applicable,compatibility/end-to-end,PASS,OK,20,100,16,0.253271,true,2b73b4275666d12350b69d28866b7de7e1a2e7db53967ba0a9488c4838584f8c,d338ec440af0fecbbd16d73feadd1a2d7ead28386263c76c0779c27fd826c99c
1,20260809T165805Z_a1467e3b776a_stage08_b08_formal_8744f002,formal,20260809T165805Z,a1467e3b776a300b5bcd5cb319af4a8d3952665c,true,stage08_b08_quadratic_scales_v1,5c359dbfe6c22baef56e207c32f664cf92cec0bc796fb03500ef19b5c00b712f,operator,quadratic,NA,NA,quadratic,quadratic__quadratic_fp32_10e4__2b73b4275666d123,quadratic_fp32_10e4,10^4,10000,x=[10000],FP32,GPU,not_applicable,compatibility/end-to-end,PASS,OK,20,100,17,0.250631,true,2b73b4275666d12350b69d28866b7de7e1a2e7db53967ba0a9488c4838584f8c,d338ec440af0fecbbd16d73feadd1a2d7ead28386263c76c0779c27fd826c99c
1,20260809T165805Z_a1467e3b776a_stage08_b08_formal_8744f002,formal,20260809T165805Z,a1467e3b776a300b5bcd5cb319af4a8d3952665c,true,stage08_b08_quadratic_scales_v1,5c359dbfe6c22baef56e207c32f664cf92cec0bc796fb03500ef19b5c00b712f,operator,quadratic,NA,NA,quadratic,quadratic__quadratic_fp32_10e4__2b73b4275666d123,quadratic_fp32_10e4,10^4,10000,x=[10000],FP32,GPU,not_applicable,compatibility/end-to-end,PASS,OK,20,100,18,0.252442,true,2b73b4275666d12350b69d28866b7de7e1a2e7db53967ba0a9488c4838584f8c,d338ec440af0fecbbd16d73feadd1a2d7ead28386263c76c0779c27fd826c99c
1,20260809T165805Z_a1467e3b776a_stage08_b08_formal_8744f002,formal,20260809T165805Z,a1467e3b776a300b5bcd5cb319af4a8d3952665c,true,stage08_b08_quadratic_scales_v1,5c359dbfe6c22baef56e207c32f664cf92cec0bc796fb03500ef19b5c00b712f,operator,quadratic,NA,NA,quadratic,quadratic__quadratic_fp32_10e4__2b73b4275666d123,quadratic_fp32_10e4,10^4,10000,x=[10000],FP32,GPU,not_applicable,compatibility/end-to-end,PASS,OK,20,100,19,0.250221,true,2b73b4275666d12350b69d28866b7de7e1a2e7db53967ba0a9488c4838584f8c,d338ec440af0fecbbd16d73feadd1a2d7ead28386263c76c0779c27fd826c99c
1,20260809T165805Z_a1467e3b776a_stage08_b08_formal_8744f002,formal,20260809T165805Z,a1467e3b776a300b5bcd5cb319af4a8d3952665c,true,stage08_b08_quadratic_scales_v1,5c359dbfe6c22baef56e207c32f664cf92cec0bc796fb03500ef19b5c00b712f,operator,quadratic,NA,NA,quadratic,quadratic__quadratic_fp32_10e4__2b73b4275666d123,quadratic_fp32_10e4,10^4,10000,x=[10000],FP32,GPU,not_applicable,compatibility/end-to-end,PASS,OK,20,100,20,0.249151,true,2b73b4275666d12350b69d28866b7de7e1a2e7db53967ba0a9488c4838584f8c,d338ec440af0fecbbd16d73feadd1a2d7ead28386263c76c0779c27fd826c99c
1,20260809T165805Z_a1467e3b776a_stage08_b08_formal_8744f002,formal,20260809T165805Z,a1467e3b776a300b5bcd5cb319af4a8d3952665c,true,stage08_b08_quadratic_scales_v1,5c359dbfe6c22baef56e207c32f664cf92cec0bc796fb03500ef19b5c00b712f,operator,quadratic,NA,NA,quadratic,quadratic__quadratic_fp32_10e4__2b73b4275666d123,quadratic_fp32_10e4,10^4,10000,x=[10000],FP32,GPU,not_applicable,compatibility/end-to-end,PASS,OK,20,100,21,0.250651,true,2b73b4275666d12350b69d28866b7de7e1a2e7db53967ba0a9488c4838584f8c,d338ec440af0fecbbd16d73feadd1a2d7ead28386263c76c0779c27fd826c99c
1,20260809T165805Z_a1467e3b776a_stage08_b08_formal_8744f002,formal,20260809T165805Z,a1467e3b776a300b5bcd5cb319af4a8d3952665c,true,stage08_b08_quadratic_scales_v1,5c359dbfe6c22baef56e207c32f664cf92cec0bc796fb03500ef19b5c00b712f,operator,quadratic,NA,NA,quadratic,quadratic__quadratic_fp32_10e4__2b73b4275666d123,quadratic_fp32_10e4,10^4,10000,x=[10000],FP32,GPU,not_applicable,compatibility/end-to-end,PASS,OK,20,100,22,0.251111,true,2b73b4275666d12350b69d28866b7de7e1a2e7db53967ba0a9488c4838584f8c,d338ec440af0fecbbd16d73feadd1a2d7ead28386263c76c0779c27fd826c99c
1,20260809T165805Z_a1467e3b776a_stage08_b08_formal_8744f002,formal,20260809T165805Z,a1467e3b776a300b5bcd5cb319af4a8d3952665c,true,stage08_b08_quadratic_scales_v1,5c359dbfe6c22baef56e207c32f664cf92cec0bc796fb03500ef19b5c00b712f,operator,quadratic,NA,NA,quadratic,quadratic__quadratic_fp32_10e4__2b73b4275666d123,quadratic_fp32_10e4,10^4,10000,x=[10000],FP32,GPU,not_applicable,compatibility/end-to-end,PASS,OK,20,100,23,0.252201,true,2b73b4275666d12350b69d28866b7de7e1a2e7db53967ba0a9488c4838584f8c,d338ec440af0fecbbd16d73feadd1a2d7ead28386263c76c0779c27fd826c99c
1,20260809T165805Z_a1467e3b776a_stage08_b08_formal_8744f002,formal,20260809T165805Z,a1467e3b776a300b5bcd5cb319af4a8d3952665c,true,stage08_b08_quadratic_scales_v1,5c359dbfe6c22baef56e207c32f664cf92cec0bc796fb03500ef19b5c00b712f,operator,quadratic,NA,NA,quadratic,quadratic__quadratic_fp32_10e4__2b73b4275666d123,quadratic_fp32_10e4,10^4,10000,x=[10000],FP32,GPU,not_applicable,compatibility/end-to-end,PASS,OK,20,100,24,0.253842,true,2b73b4275666d12350b69d28866b7de7e1a2e7db53967ba0a9488c4838584f8c,d338ec440af0fecbbd16d73feadd1a2d7ead28386263c76c0779c27fd826c99c
1,20260809T165805Z_a1467e3b776a_stage08_b08_formal_8744f002,formal,20260809T165805Z,a1467e3b776a300b5bcd5cb319af4a8d3952665c,true,stage08_b08_quadratic_scales_v1,5c359dbfe6c22baef56e207c32f664cf92cec0bc796fb03500ef19b5c00b712f,operator,quadratic,NA,NA,quadratic,quadratic__quadratic_fp32_10e4__2b73b4275666d123,quadratic_fp32_10e4,10^4,10000,x=[10000],FP32,GPU,not_applicable,compatibility/end-to-end,PASS,OK,20,100,25,0.248161,true,2b73b4275666d12350b69d28866b7de7e1a2e7db53967ba0a9488c4838584f8c,d338ec440af0fecbbd16d73feadd1a2d7ead28386263c76c0779c27fd826c99c
1,20260809T165805Z_a1467e3b776a_stage08_b08_formal_8744f002,formal,20260809T165805Z,a1467e3b776a300b5bcd5cb319af4a8d3952665c,true,stage08_b08_quadratic_scales_v1,5c359dbfe6c22baef56e207c32f664cf92cec0bc796fb03500ef19b5c00b712f,operator,quadratic,NA,NA,quadratic,quadratic__quadratic_fp32_10e4__2b73b4275666d123,quadratic_fp32_10e4,10^4,10000,x=[10000],FP32,GPU,not_applicable,compatibility/end-to-end,PASS,OK,20,100,26,0.246601,true,2b73b4275666d12350b69d28866b7de7e1a2e7db53967ba0a9488c4838584f8c,d338ec440af0fecbbd16d73feadd1a2d7ead28386263c76c0779c27fd826c99c
1,20260809T165805Z_a1467e3b776a_stage08_b08_formal_8744f002,formal,20260809T165805Z,a1467e3b776a300b5bcd5cb319af4a8d3952665c,true,stage08_b08_quadratic_scales_v1,5c359dbfe6c22baef56e207c32f664cf92cec0bc796fb03500ef19b5c00b712f,operator,quadratic,NA,NA,quadratic,quadratic__quadratic_fp32_10e4__2b73b4275666d123,quadratic_fp32_10e4,10^4,10000,x=[10000],FP32,GPU,not_applicable,compatibility/end-to-end,PASS,OK,20,100,27,0.247471,true,2b73b4275666d12350b69d28866b7de7e1a2e7db53967ba0a9488c4838584f8c,d338ec440af0fecbbd16d73feadd1a2d7ead28386263c76c0779c27fd826c99c
1,20260809T165805Z_a1467e3b776a_stage08_b08_formal_8744f002,formal,20260809T165805Z,a1467e3b776a300b5bcd5cb319af4a8d3952665c,true,stage08_b08_quadratic_scales_v1,5c359dbfe6c22baef56e207c32f664cf92cec0bc796fb03500ef19b5c00b712f,operator,quadratic,NA,NA,quadratic,quadratic__quadratic_fp32_10e4__2b73b4275666d123,quadratic_fp32_10e4,10^4,10000,x=[10000],FP32,GPU,not_applicable,compatibility/end-to-end,PASS,OK,20,100,28,0.254541,true,2b73b4275666d12350b69d28866b7de7e1a2e7db53967ba0a9488c4838584f8c,d338ec440af0fecbbd16d73feadd1a2d7ead28386263c76c0779c27fd826c99c
1,20260809T165805Z_a1467e3b776a_stage08_b08_formal_8744f002,formal,20260809T165805Z,a1467e3b776a300b5bcd5cb319af4a8d3952665c,true,stage08_b08_quadratic_scales_v1,5c359dbfe6c22baef56e207c32f664cf92cec0bc796fb03500ef19b5c00b712f,operator,quadratic,NA,NA,quadratic,quadratic__quadratic_fp32_10e4__2b73b4275666d123,quadratic_fp32_10e4,10^4,10000,x=[10000],FP32,GPU,not_applicable,compatibility/end-to-end,PASS,OK,20,100,29,0.255972,true,2b73b4275666d12350b69d28866b7de7e1a2e7db53967ba0a9488c4838584f8c,d338ec440af0fecbbd16d73feadd1a2d7ead28386263c76c0779c27fd826c99c
1,20260809T165805Z_a1467e3b776a_stage08_b08_formal_8744f002,formal,20260809T165805Z,a1467e3b776a300b5bcd5cb319af4a8d3952665c,true,stage08_b08_quadratic_scales_v1,5c359dbfe6c22baef56e207c32f664cf92cec0bc796fb03500ef19b5c00b712f,operator,quadratic,NA,NA,quadratic,quadratic__quadratic_fp32_10e4__2b73b4275666d123,quadratic_fp32_10e4,10^4,10000,x=[10000],FP32,GPU,not_applicable,compatibility/end-to-end,PASS,OK,20,100,30,0.255641,true,2b73b4275666d12350b69d28866b7de7e1a2e7db53967ba0a9488c4838584f8c,d338ec440af0fecbbd16d73feadd1a2d7ead28386263c76c0779c27fd826c99c
1,20260809T165805Z_a1467e3b776a_stage08_b08_formal_8744f002,formal,20260809T165805Z,a1467e3b776a300b5bcd5cb319af4a8d3952665c,true,stage08_b08_quadratic_scales_v1,5c359dbfe6c22baef56e207c32f664cf92cec0bc796fb03500ef19b5c00b712f,operator,quadratic,NA,NA,quadratic,quadratic__quadratic_fp32_10e4__2b73b4275666d123,quadratic_fp32_10e4,10^4,10000,x=[10000],FP32,GPU,not_applicable,compatibility/end-to-end,PASS,OK,20,100,31,0.253801,true,2b73b4275666d12350b69d28866b7de7e1a2e7db53967ba0a9488c4838584f8c,d338ec440af0fecbbd16d73feadd1a2d7ead28386263c76c0779c27fd826c99c
1,20260809T165805Z_a1467e3b776a_stage08_b08_formal_8744f002,formal,20260809T165805Z,a1467e3b776a300b5bcd5cb319af4a8d3952665c,true,stage08_b08_quadratic_scales_v1,5c359dbfe6c22baef56e207c32f664cf92cec0bc796fb03500ef19b5c00b712f,operator,quadratic,NA,NA,quadratic,quadratic__quadratic_fp32_10e4__2b73b4275666d123,quadratic_fp32_10e4,10^4,10000,x=[10000],FP32,GPU,not_applicable,compatibility/end-to-end,PASS,OK,20,100,32,0.251171,true,2b73b4275666d12350b69d28866b7de7e1a2e7db53967ba0a9488c4838584f8c,d338ec440af0fecbbd16d73feadd1a2d7ead28386263c76c0779c27fd826c99c
1,20260809T165805Z_a1467e3b776a_stage08_b08_formal_8744f002,formal,20260809T165805Z,a1467e3b776a300b5bcd5cb319af4a8d3952665c,true,stage08_b08_quadratic_scales_v1,5c359dbfe6c22baef56e207c32f664cf92cec0bc796fb03500ef19b5c00b712f,operator,quadratic,NA,NA,quadratic,quadratic__quadratic_fp32_10e4__2b73b4275666d123,quadratic_fp32_10e4,10^4,10000,x=[10000],FP32,GPU,not_applicable,compatibility/end-to-end,PASS,OK,20,100,33,0.251711,true,2b73b4275666d12350b69d28866b7de7e1a2e7db53967ba0a9488c4838584f8c,d338ec440af0fecbbd16d73feadd1a2d7ead28386263c76c0779c27fd826c99c
1,20260809T165805Z_a1467e3b776a_stage08_b08_formal_8744f002,formal,20260809T165805Z,a1467e3b776a300b5bcd5cb319af4a8d3952665c,true,stage08_b08_quadratic_scales_v1,5c359dbfe6c22baef56e207c32f664cf92cec0bc796fb03500ef19b5c00b712f,operator,quadratic,NA,NA,quadratic,quadratic__quadratic_fp32_10e4__2b73b4275666d123,quadratic_fp32_10e4,10^4,10000,x=[10000],FP32,GPU,not_applicable,compatibility/end-to-end,PASS,OK,20,100,34,0.249102,true,2b73b4275666d12350b69d28866b7de7e1a2e7db53967ba0a9488c4838584f8c,d338ec440af0fecbbd16d73feadd1a2d7ead28386263c76c0779c27fd826c99c
1,20260809T165805Z_a1467e3b776a_stage08_b08_formal_8744f002,formal,20260809T165805Z,a1467e3b776a300b5bcd5cb319af4a8d3952665c,true,stage08_b08_quadratic_scales_v1,5c359dbfe6c22baef56e207c32f664cf92cec0bc796fb03500ef19b5c00b712f,operator,quadratic,NA,NA,quadratic,quadratic__quadratic_fp32_10e4__2b73b4275666d123,quadratic_fp32_10e4,10^4,10000,x=[10000],FP32,GPU,not_applicable,compatibility/end-to-end,PASS,OK,20,100,35,0.250521,true,2b73b4275666d12350b69d28866b7de7e1a2e7db53967ba0a9488c4838584f8c,d338ec440af0fecbbd16d73feadd1a2d7ead28386263c76c0779c27fd826c99c
1,20260809T165805Z_a1467e3b776a_stage08_b08_formal_8744f002,formal,20260809T165805Z,a1467e3b776a300b5bcd5cb319af4a8d3952665c,true,stage08_b08_quadratic_scales_v1,5c359dbfe6c22baef56e207c32f664cf92cec0bc796fb03500ef19b5c00b712f,operator,quadratic,NA,NA,quadratic,quadratic__quadratic_fp32_10e4__2b73b4275666d123,quadratic_fp32_10e4,10^4,10000,x=[10000],FP32,GPU,not_applicable,compatibility/end-to-end,PASS,OK,20,100,36,0.246971,true,2b73b4275666d12350b69d28866b7de7e1a2e7db53967ba0a9488c4838584f8c,d338ec440af0fecbbd16d73feadd1a2d7ead28386263c76c0779c27fd826c99c
1,20260809T165805Z_a1467e3b776a_stage08_b08_formal_8744f002,formal,20260809T165805Z,a1467e3b776a300b5bcd5cb319af4a8d3952665c,true,stage08_b08_quadratic_scales_v1,5c359dbfe6c22baef56e207c32f664cf92cec0bc796fb03500ef19b5c00b712f,operator,quadratic,NA,NA,quadratic,quadratic__quadratic_fp32_10e4__2b73b4275666d123,quadratic_fp32_10e4,10^4,10000,x=[10000],FP32,GPU,not_applicable,compatibility/end-to-end,PASS,OK,20,100,37,0.247271,true,2b73b4275666d12350b69d28866b7de7e1a2e7db53967ba0a9488c4838584f8c,d338ec440af0fecbbd16d73feadd1a2d7ead28386263c76c0779c27fd826c99c
1,20260809T165805Z_a1467e3b776a_stage08_b08_formal_8744f002,formal,20260809T165805Z,a1467e3b776a300b5bcd5cb319af4a8d3952665c,true,stage08_b08_quadratic_scales_v1,5c359dbfe6c22baef56e207c32f664cf92cec0bc796fb03500ef19b5c00b712f,operator,quadratic,NA,NA,quadratic,quadratic__quadratic_fp32_10e4__2b73b4275666d123,quadratic_fp32_10e4,10^4,10000,x=[10000],FP32,GPU,not_applicable,compatibility/end-to-end,PASS,OK,20,100,38,0.246051,true,2b73b4275666d12350b69d28866b7de7e1a2e7db53967ba0a9488c4838584f8c,d338ec440af0fecbbd16d73feadd1a2d7ead28386263c76c0779c27fd826c99c
1,20260809T165805Z_a1467e3b776a_stage08_b08_formal_8744f002,formal,20260809T165805Z,a1467e3b776a300b5bcd5cb319af4a8d3952665c,true,stage08_b08_quadratic_scales_v1,5c359dbfe6c22baef56e207c32f664cf92cec0bc796fb03500ef19b5c00b712f,operator,quadratic,NA,NA,quadratic,quadratic__quadratic_fp32_10e4__2b73b4275666d123,quadratic_fp32_10e4,10^4,10000,x=[10000],FP32,GPU,not_applicable,compatibility/end-to-end,PASS,OK,20,100,39,0.250171,true,2b73b4275666d12350b69d28866b7de7e1a2e7db53967ba0a9488c4838584f8c,d338ec440af0fecbbd16d73feadd1a2d7ead28386263c76c0779c27fd826c99c
1,20260809T165805Z_a1467e3b776a_stage08_b08_formal_8744f002,formal,20260809T165805Z,a1467e3b776a300b5bcd5cb319af4a8d3952665c,true,stage08_b08_quadratic_scales_v1,5c359dbfe6c22baef56e207c32f664cf92cec0bc796fb03500ef19b5c00b712f,operator,quadratic,NA,NA,quadratic,quadratic__quadratic_fp32_10e4__2b73b4275666d123,quadratic_fp32_10e4,10^4,10000,x=[10000],FP32,GPU,not_applicable,compatibility/end-to-end,PASS,OK,20,100,40,0.252062,true,2b73b4275666d12350b69d28866b7de7e1a2e7db53967ba0a9488c4838584f8c,d338ec440af0fecbbd16d73feadd1a2d7ead28386263c76c0779c27fd826c99c
1,20260809T165805Z_a1467e3b776a_stage08_b08_formal_8744f002,formal,20260809T165805Z,a1467e3b776a300b5bcd5cb319af4a8d3952665c,true,stage08_b08_quadratic_scales_v1,5c359dbfe6c22baef56e207c32f664cf92cec0bc796fb03500ef19b5c00b712f,operator,quadratic,NA,NA,quadratic,quadratic__quadratic_fp32_10e4__2b73b4275666d123,quadratic_fp32_10e4,10^4,10000,x=[10000],FP32,GPU,not_applicable,compatibility/end-to-end,PASS,OK,20,100,41,0.248141,true,2b73b4275666d12350b69d28866b7de7e1a2e7db53967ba0a9488c4838584f8c,d338ec440af0fecbbd16d73feadd1a2d7ead28386263c76c0779c27fd826c99c
1,20260809T165805Z_a1467e3b776a_stage08_b08_formal_8744f002,formal,20260809T165805Z,a1467e3b776a300b5bcd5cb319af4a8d3952665c,true,stage08_b08_quadratic_scales_v1,5c359dbfe6c22baef56e207c32f664cf92cec0bc796fb03500ef19b5c00b712f,operator,quadratic,NA,NA,quadratic,quadratic__quadratic_fp32_10e4__2b73b4275666d123,quadratic_fp32_10e4,10^4,10000,x=[10000],FP32,GPU,not_applicable,compatibility/end-to-end,PASS,OK,20,100,42,0.249771,true,2b73b4275666d12350b69d28866b7de7e1a2e7db53967ba0a9488c4838584f8c,d338ec440af0fecbbd16d73feadd1a2d7ead28386263c76c0779c27fd826c99c
1,20260809T165805Z_a1467e3b776a_stage08_b08_formal_8744f002,formal,20260809T165805Z,a1467e3b776a300b5bcd5cb319af4a8d3952665c,true,stage08_b08_quadratic_scales_v1,5c359dbfe6c22baef56e207c32f664cf92cec0bc796fb03500ef19b5c00b712f,operator,quadratic,NA,NA,quadratic,quadratic__quadratic_fp32_10e4__2b73b4275666d123,quadratic_fp32_10e4,10^4,10000,x=[10000],FP32,GPU,not_applicable,compatibility/end-to-end,PASS,OK,20,100,43,0.248721,true,2b73b4275666d12350b69d28866b7de7e1a2e7db53967ba0a9488c4838584f8c,d338ec440af0fecbbd16d73feadd1a2d7ead28386263c76c0779c27fd826c99c
1,20260809T165805Z_a1467e3b776a_stage08_b08_formal_8744f002,formal,20260809T165805Z,a1467e3b776a300b5bcd5cb319af4a8d3952665c,true,stage08_b08_quadratic_scales_v1,5c359dbfe6c22baef56e207c32f664cf92cec0bc796fb03500ef19b5c00b712f,operator,quadratic,NA,NA,quadratic,quadratic__quadratic_fp32_10e4__2b73b4275666d123,quadratic_fp32_10e4,10^4,10000,x=[10000],FP32,GPU,not_applicable,compatibility/end-to-end,PASS,OK,20,100,44,0.247901,true,2b73b4275666d12350b69d28866b7de7e1a2e7db53967ba0a9488c4838584f8c,d338ec440af0fecbbd16d73feadd1a2d7ead28386263c76c0779c27fd826c99c
1,20260809T165805Z_a1467e3b776a_stage08_b08_formal_8744f002,formal,20260809T165805Z,a1467e3b776a300b5bcd5cb319af4a8d3952665c,true,stage08_b08_quadratic_scales_v1,5c359dbfe6c22baef56e207c32f664cf92cec0bc796fb03500ef19b5c00b712f,operator,quadratic,NA,NA,quadratic,quadratic__quadratic_fp32_10e4__2b73b4275666d123,quadratic_fp32_10e4,10^4,10000,x=[10000],FP32,GPU,not_applicable,compatibility/end-to-end,PASS,OK,20,100,45,0.258431,true,2b73b4275666d12350b69d28866b7de7e1a2e7db53967ba0a9488c4838584f8c,d338ec440af0fecbbd16d73feadd1a2d7ead28386263c76c0779c27fd826c99c
1,20260809T165805Z_a1467e3b776a_stage08_b08_formal_8744f002,formal,20260809T165805Z,a1467e3b776a300b5bcd5cb319af4a8d3952665c,true,stage08_b08_quadratic_scales_v1,5c359dbfe6c22baef56e207c32f664cf92cec0bc796fb03500ef19b5c00b712f,operator,quadratic,NA,NA,quadratic,quadratic__quadratic_fp32_10e4__2b73b4275666d123,quadratic_fp32_10e4,10^4,10000,x=[10000],FP32,GPU,not_applicable,compatibility/end-to-end,PASS,OK,20,100,46,0.256592,true,2b73b4275666d12350b69d28866b7de7e1a2e7db53967ba0a9488c4838584f8c,d338ec440af0fecbbd16d73feadd1a2d7ead28386263c76c0779c27fd826c99c
1,20260809T165805Z_a1467e3b776a_stage08_b08_formal_8744f002,formal,20260809T165805Z,a1467e3b776a300b5bcd5cb319af4a8d3952665c,true,stage08_b08_quadratic_scales_v1,5c359dbfe6c22baef56e207c32f664cf92cec0bc796fb03500ef19b5c00b712f,operator,quadratic,NA,NA,quadratic,quadratic__quadratic_fp32_10e4__2b73b4275666d123,quadratic_fp32_10e4,10^4,10000,x=[10000],FP32,GPU,not_applicable,compatibility/end-to-end,PASS,OK,20,100,47,0.251331,true,2b73b4275666d12350b69d28866b7de7e1a2e7db53967ba0a9488c4838584f8c,d338ec440af0fecbbd16d73feadd1a2d7ead28386263c76c0779c27fd826c99c
1,20260809T165805Z_a1467e3b776a_stage08_b08_formal_8744f002,formal,20260809T165805Z,a1467e3b776a300b5bcd5cb319af4a8d3952665c,true,stage08_b08_quadratic_scales_v1,5c359dbfe6c22baef56e207c32f664cf92cec0bc796fb03500ef19b5c00b712f,operator,quadratic,NA,NA,quadratic,quadratic__quadratic_fp32_10e4__2b73b4275666d123,quadratic_fp32_10e4,10^4,10000,x=[10000],FP32,GPU,not_applicable,compatibility/end-to-end,PASS,OK,20,100,48,0.252401,true,2b73b4275666d12350b69d28866b7de7e1a2e7db53967ba0a9488c4838584f8c,d338ec440af0fecbbd16d73feadd1a2d7ead28386263c76c0779c27fd826c99c
1,20260809T165805Z_a1467e3b776a_stage08_b08_formal_8744f002,formal,20260809T165805Z,a1467e3b776a300b5bcd5cb319af4a8d3952665c,true,stage08_b08_quadratic_scales_v1,5c359dbfe6c22baef56e207c32f664cf92cec0bc796fb03500ef19b5c00b712f,operator,quadratic,NA,NA,quadratic,quadratic__quadratic_fp32_10e4__2b73b4275666d123,quadratic_fp32_10e4,10^4,10000,x=[10000],FP32,GPU,not_applicable,compatibility/end-to-end,PASS,OK,20,100,49,0.250481,true,2b73b4275666d12350b69d28866b7de7e1a2e7db53967ba0a9488c4838584f8c,d338ec440af0fecbbd16d73feadd1a2d7ead28386263c76c0779c27fd826c99c
1,20260809T165805Z_a1467e3b776a_stage08_b08_formal_8744f002,formal,20260809T165805Z,a1467e3b776a300b5bcd5cb319af4a8d3952665c,true,stage08_b08_quadratic_scales_v1,5c359dbfe6c22baef56e207c32f664cf92cec0bc796fb03500ef19b5c00b712f,operator,quadratic,NA,NA,quadratic,quadratic__quadratic_fp32_10e4__2b73b4275666d123,quadratic_fp32_10e4,10^4,10000,x=[10000],FP32,GPU,not_applicable,compatibility/end-to-end,PASS,OK,20,100,50,0.251521,true,2b73b4275666d12350b69d28866b7de7e1a2e7db53967ba0a9488c4838584f8c,d338ec440af0fecbbd16d73feadd1a2d7ead28386263c76c0779c27fd826c99c
1,20260809T165805Z_a1467e3b776a_stage08_b08_formal_8744f002,formal,20260809T165805Z,a1467e3b776a300b5bcd5cb319af4a8d3952665c,true,stage08_b08_quadratic_scales_v1,5c359dbfe6c22baef56e207c32f664cf92cec0bc796fb03500ef19b5c00b712f,operator,quadratic,NA,NA,quadratic,quadratic__quadratic_fp32_10e4__2b73b4275666d123,quadratic_fp32_10e4,10^4,10000,x=[10000],FP32,GPU,not_applicable,compatibility/end-to-end,PASS,OK,20,100,51,0.257302,true,2b73b4275666d12350b69d28866b7de7e1a2e7db53967ba0a9488c4838584f8c,d338ec440af0fecbbd16d73feadd1a2d7ead28386263c76c0779c27fd826c99c
1,20260809T165805Z_a1467e3b776a_stage08_b08_formal_8744f002,formal,20260809T165805Z,a1467e3b776a300b5bcd5cb319af4a8d3952665c,true,stage08_b08_quadratic_scales_v1,5c359dbfe6c22baef56e207c32f664cf92cec0bc796fb03500ef19b5c00b712f,operator,quadratic,NA,NA,quadratic,quadratic__quadratic_fp32_10e4__2b73b4275666d123,quadratic_fp32_10e4,10^4,10000,x=[10000],FP32,GPU,not_applicable,compatibility/end-to-end,PASS,OK,20,100,52,0.249331,true,2b73b4275666d12350b69d28866b7de7e1a2e7db53967ba0a9488c4838584f8c,d338ec440af0fecbbd16d73feadd1a2d7ead28386263c76c0779c27fd826c99c
1,20260809T165805Z_a1467e3b776a_stage08_b08_formal_8744f002,formal,20260809T165805Z,a1467e3b776a300b5bcd5cb319af4a8d3952665c,true,stage08_b08_quadratic_scales_v1,5c359dbfe6c22baef56e207c32f664cf92cec0bc796fb03500ef19b5c00b712f,operator,quadratic,NA,NA,quadratic,quadratic__quadratic_fp32_10e4__2b73b4275666d123,quadratic_fp32_10e4,10^4,10000,x=[10000],FP32,GPU,not_applicable,compatibility/end-to-end,PASS,OK,20,100,53,0.251651,true,2b73b4275666d12350b69d28866b7de7e1a2e7db53967ba0a9488c4838584f8c,d338ec440af0fecbbd16d73feadd1a2d7ead28386263c76c0779c27fd826c99c
1,20260809T165805Z_a1467e3b776a_stage08_b08_formal_8744f002,formal,20260809T165805Z,a1467e3b776a300b5bcd5cb319af4a8d3952665c,true,stage08_b08_quadratic_scales_v1,5c359dbfe6c22baef56e207c32f664cf92cec0bc796fb03500ef19b5c00b712f,operator,quadratic,NA,NA,quadratic,quadratic__quadratic_fp32_10e4__2b73b4275666d123,quadratic_fp32_10e4,10^4,10000,x=[10000],FP32,GPU,not_applicable,compatibility/end-to-end,PASS,OK,20,100,54,0.251701,true,2b73b4275666d12350b69d28866b7de7e1a2e7db53967ba0a9488c4838584f8c,d338ec440af0fecbbd16d73feadd1a2d7ead28386263c76c0779c27fd826c99c
1,20260809T165805Z_a1467e3b776a_stage08_b08_formal_8744f002,formal,20260809T165805Z,a1467e3b776a300b5bcd5cb319af4a8d3952665c,true,stage08_b08_quadratic_scales_v1,5c359dbfe6c22baef56e207c32f664cf92cec0bc796fb03500ef19b5c00b712f,operator,quadratic,NA,NA,quadratic,quadratic__quadratic_fp32_10e4__2b73b4275666d123,quadratic_fp32_10e4,10^4,10000,x=[10000],FP32,GPU,not_applicable,compatibility/end-to-end,PASS,OK,20,100,55,0.255611,true,2b73b4275666d12350b69d28866b7de7e1a2e7db53967ba0a9488c4838584f8c,d338ec440af0fecbbd16d73feadd1a2d7ead28386263c76c0779c27fd826c99c
1,20260809T165805Z_a1467e3b776a_stage08_b08_formal_8744f002,formal,20260809T165805Z,a1467e3b776a300b5bcd5cb319af4a8d3952665c,true,stage08_b08_quadratic_scales_v1,5c359dbfe6c22baef56e207c32f664cf92cec0bc796fb03500ef19b5c00b712f,operator,quadratic,NA,NA,quadratic,quadratic__quadratic_fp32_10e4__2b73b4275666d123,quadratic_fp32_10e4,10^4,10000,x=[10000],FP32,GPU,not_applicable,compatibility/end-to-end,PASS,OK,20,100,56,0.248042,true,2b73b4275666d12350b69d28866b7de7e1a2e7db53967ba0a9488c4838584f8c,d338ec440af0fecbbd16d73feadd1a2d7ead28386263c76c0779c27fd826c99c
1,20260809T165805Z_a1467e3b776a_stage08_b08_formal_8744f002,formal,20260809T165805Z,a1467e3b776a300b5bcd5cb319af4a8d3952665c,true,stage08_b08_quadratic_scales_v1,5c359dbfe6c22baef56e207c32f664cf92cec0bc796fb03500ef19b5c00b712f,operator,quadratic,NA,NA,quadratic,quadratic__quadratic_fp32_10e4__2b73b4275666d123,quadratic_fp32_10e4,10^4,10000,x=[10000],FP32,GPU,not_applicable,compatibility/end-to-end,PASS,OK,20,100,57,0.252991,true,2b73b4275666d12350b69d28866b7de7e1a2e7db53967ba0a9488c4838584f8c,d338ec440af0fecbbd16d73feadd1a2d7ead28386263c76c0779c27fd826c99c
1,20260809T165805Z_a1467e3b776a_stage08_b08_formal_8744f002,formal,20260809T165805Z,a1467e3b776a300b5bcd5cb319af4a8d3952665c,true,stage08_b08_quadratic_scales_v1,5c359dbfe6c22baef56e207c32f664cf92cec0bc796fb03500ef19b5c00b712f,operator,quadratic,NA,NA,quadratic,quadratic__quadratic_fp32_10e4__2b73b4275666d123,quadratic_fp32_10e4,10^4,10000,x=[10000],FP32,GPU,not_applicable,compatibility/end-to-end,PASS,OK,20,100,58,0.249321,true,2b73b4275666d12350b69d28866b7de7e1a2e7db53967ba0a9488c4838584f8c,d338ec440af0fecbbd16d73feadd1a2d7ead28386263c76c0779c27fd826c99c
1,20260809T165805Z_a1467e3b776a_stage08_b08_formal_8744f002,formal,20260809T165805Z,a1467e3b776a300b5bcd5cb319af4a8d3952665c,true,stage08_b08_quadratic_scales_v1,5c359dbfe6c22baef56e207c32f664cf92cec0bc796fb03500ef19b5c00b712f,operator,quadratic,NA,NA,quadratic,quadratic__quadratic_fp32_10e4__2b73b4275666d123,quadratic_fp32_10e4,10^4,10000,x=[10000],FP32,GPU,not_applicable,compatibility/end-to-end,PASS,OK,20,100,59,0.251721,true,2b73b4275666d12350b69d28866b7de7e1a2e7db53967ba0a9488c4838584f8c,d338ec440af0fecbbd16d73feadd1a2d7ead28386263c76c0779c27fd826c99c
1,20260809T165805Z_a1467e3b776a_stage08_b08_formal_8744f002,formal,20260809T165805Z,a1467e3b776a300b5bcd5cb319af4a8d3952665c,true,stage08_b08_quadratic_scales_v1,5c359dbfe6c22baef56e207c32f664cf92cec0bc796fb03500ef19b5c00b712f,operator,quadratic,NA,NA,quadratic,quadratic__quadratic_fp32_10e4__2b73b4275666d123,quadratic_fp32_10e4,10^4,10000,x=[10000],FP32,GPU,not_applicable,compatibility/end-to-end,PASS,OK,20,100,60,0.255901,true,2b73b4275666d12350b69d28866b7de7e1a2e7db53967ba0a9488c4838584f8c,d338ec440af0fecbbd16d73feadd1a2d7ead28386263c76c0779c27fd826c99c
1,20260809T165805Z_a1467e3b776a_stage08_b08_formal_8744f002,formal,20260809T165805Z,a1467e3b776a300b5bcd5cb319af4a8d3952665c,true,stage08_b08_quadratic_scales_v1,5c359dbfe6c22baef56e207c32f664cf92cec0bc796fb03500ef19b5c00b712f,operator,quadratic,NA,NA,quadratic,quadratic__quadratic_fp32_10e4__2b73b4275666d123,quadratic_fp32_10e4,10^4,10000,x=[10000],FP32,GPU,not_applicable,compatibility/end-to-end,PASS,OK,20,100,61,0.264042,true,2b73b4275666d12350b69d28866b7de7e1a2e7db53967ba0a9488c4838584f8c,d338ec440af0fecbbd16d73feadd1a2d7ead28386263c76c0779c27fd826c99c
1,20260809T165805Z_a1467e3b776a_stage08_b08_formal_8744f002,formal,20260809T165805Z,a1467e3b776a300b5bcd5cb319af4a8d3952665c,true,stage08_b08_quadratic_scales_v1,5c359dbfe6c22baef56e207c32f664cf92cec0bc796fb03500ef19b5c00b712f,operator,quadratic,NA,NA,quadratic,quadratic__quadratic_fp32_10e4__2b73b4275666d123,quadratic_fp32_10e4,10^4,10000,x=[10000],FP32,GPU,not_applicable,compatibility/end-to-end,PASS,OK,20,100,62,0.252841,true,2b73b4275666d12350b69d28866b7de7e1a2e7db53967ba0a9488c4838584f8c,d338ec440af0fecbbd16d73feadd1a2d7ead28386263c76c0779c27fd826c99c
1,20260809T165805Z_a1467e3b776a_stage08_b08_formal_8744f002,formal,20260809T165805Z,a1467e3b776a300b5bcd5cb319af4a8d3952665c,true,stage08_b08_quadratic_scales_v1,5c359dbfe6c22baef56e207c32f664cf92cec0bc796fb03500ef19b5c00b712f,operator,quadratic,NA,NA,quadratic,quadratic__quadratic_fp32_10e4__2b73b4275666d123,quadratic_fp32_10e4,10^4,10000,x=[10000],FP32,GPU,not_applicable,compatibility/end-to-end,PASS,OK,20,100,63,0.251131,true,2b73b4275666d12350b69d28866b7de7e1a2e7db53967ba0a9488c4838584f8c,d338ec440af0fecbbd16d73feadd1a2d7ead28386263c76c0779c27fd826c99c
1,20260809T165805Z_a1467e3b776a_stage08_b08_formal_8744f002,formal,20260809T165805Z,a1467e3b776a300b5bcd5cb319af4a8d3952665c,true,stage08_b08_quadratic_scales_v1,5c359dbfe6c22baef56e207c32f664cf92cec0bc796fb03500ef19b5c00b712f,operator,quadratic,NA,NA,quadratic,quadratic__quadratic_fp32_10e4__2b73b4275666d123,quadratic_fp32_10e4,10^4,10000,x=[10000],FP32,GPU,not_applicable,compatibility/end-to-end,PASS,OK,20,100,64,0.249451,true,2b73b4275666d12350b69d28866b7de7e1a2e7db53967ba0a9488c4838584f8c,d338ec440af0fecbbd16d73feadd1a2d7ead28386263c76c0779c27fd826c99c
1,20260809T165805Z_a1467e3b776a_stage08_b08_formal_8744f002,formal,20260809T165805Z,a1467e3b776a300b5bcd5cb319af4a8d3952665c,true,stage08_b08_quadratic_scales_v1,5c359dbfe6c22baef56e207c32f664cf92cec0bc796fb03500ef19b5c00b712f,operator,quadratic,NA,NA,quadratic,quadratic__quadratic_fp32_10e4__2b73b4275666d123,quadratic_fp32_10e4,10^4,10000,x=[10000],FP32,GPU,not_applicable,compatibility/end-to-end,PASS,OK,20,100,65,0.251901,true,2b73b4275666d12350b69d28866b7de7e1a2e7db53967ba0a9488c4838584f8c,d338ec440af0fecbbd16d73feadd1a2d7ead28386263c76c0779c27fd826c99c
1,20260809T165805Z_a1467e3b776a_stage08_b08_formal_8744f002,formal,20260809T165805Z,a1467e3b776a300b5bcd5cb319af4a8d3952665c,true,stage08_b08_quadratic_scales_v1,5c359dbfe6c22baef56e207c32f664cf92cec0bc796fb03500ef19b5c00b712f,operator,quadratic,NA,NA,quadratic,quadratic__quadratic_fp32_10e4__2b73b4275666d123,quadratic_fp32_10e4,10^4,10000,x=[10000],FP32,GPU,not_applicable,compatibility/end-to-end,PASS,OK,20,100,66,0.251472,true,2b73b4275666d12350b69d28866b7de7e1a2e7db53967ba0a9488c4838584f8c,d338ec440af0fecbbd16d73feadd1a2d7ead28386263c76c0779c27fd826c99c
1,20260809T165805Z_a1467e3b776a_stage08_b08_formal_8744f002,formal,20260809T165805Z,a1467e3b776a300b5bcd5cb319af4a8d3952665c,true,stage08_b08_quadratic_scales_v1,5c359dbfe6c22baef56e207c32f664cf92cec0bc796fb03500ef19b5c00b712f,operator,quadratic,NA,NA,quadratic,quadratic__quadratic_fp32_10e4__2b73b4275666d123,quadratic_fp32_10e4,10^4,10000,x=[10000],FP32,GPU,not_applicable,compatibility/end-to-end,PASS,OK,20,100,67,0.250011,true,2b73b4275666d12350b69d28866b7de7e1a2e7db53967ba0a9488c4838584f8c,d338ec440af0fecbbd16d73feadd1a2d7ead28386263c76c0779c27fd826c99c
1,20260809T165805Z_a1467e3b776a_stage08_b08_formal_8744f002,formal,20260809T165805Z,a1467e3b776a300b5bcd5cb319af4a8d3952665c,true,stage08_b08_quadratic_scales_v1,5c359dbfe6c22baef56e207c32f664cf92cec0bc796fb03500ef19b5c00b712f,operator,quadratic,NA,NA,quadratic,quadratic__quadratic_fp32_10e4__2b73b4275666d123,quadratic_fp32_10e4,10^4,10000,x=[10000],FP32,GPU,not_applicable,compatibility/end-to-end,PASS,OK,20,100,68,0.251181,true,2b73b4275666d12350b69d28866b7de7e1a2e7db53967ba0a9488c4838584f8c,d338ec440af0fecbbd16d73feadd1a2d7ead28386263c76c0779c27fd826c99c
1,20260809T165805Z_a1467e3b776a_stage08_b08_formal_8744f002,formal,20260809T165805Z,a1467e3b776a300b5bcd5cb319af4a8d3952665c,true,stage08_b08_quadratic_scales_v1,5c359dbfe6c22baef56e207c32f664cf92cec0bc796fb03500ef19b5c00b712f,operator,quadratic,NA,NA,quadratic,quadratic__quadratic_fp32_10e4__2b73b4275666d123,quadratic_fp32_10e4,10^4,10000,x=[10000],FP32,GPU,not_applicable,compatibility/end-to-end,PASS,OK,20,100,69,0.258641,true,2b73b4275666d12350b69d28866b7de7e1a2e7db53967ba0a9488c4838584f8c,d338ec440af0fecbbd16d73feadd1a2d7ead28386263c76c0779c27fd826c99c
1,20260809T165805Z_a1467e3b776a_stage08_b08_formal_8744f002,formal,20260809T165805Z,a1467e3b776a300b5bcd5cb319af4a8d3952665c,true,stage08_b08_quadratic_scales_v1,5c359dbfe6c22baef56e207c32f664cf92cec0bc796fb03500ef19b5c00b712f,operator,quadratic,NA,NA,quadratic,quadratic__quadratic_fp32_10e4__2b73b4275666d123,quadratic_fp32_10e4,10^4,10000,x=[10000],FP32,GPU,not_applicable,compatibility/end-to-end,PASS,OK,20,100,70,0.250601,true,2b73b4275666d12350b69d28866b7de7e1a2e7db53967ba0a9488c4838584f8c,d338ec440af0fecbbd16d73feadd1a2d7ead28386263c76c0779c27fd826c99c
1,20260809T165805Z_a1467e3b776a_stage08_b08_formal_8744f002,formal,20260809T165805Z,a1467e3b776a300b5bcd5cb319af4a8d3952665c,true,stage08_b08_quadratic_scales_v1,5c359dbfe6c22baef56e207c32f664cf92cec0bc796fb03500ef19b5c00b712f,operator,quadratic,NA,NA,quadratic,quadratic__quadratic_fp32_10e4__2b73b4275666d123,quadratic_fp32_10e4,10^4,10000,x=[10000],FP32,GPU,not_applicable,compatibility/end-to-end,PASS,OK,20,100,71,0.251932,true,2b73b4275666d12350b69d28866b7de7e1a2e7db53967ba0a9488c4838584f8c,d338ec440af0fecbbd16d73feadd1a2d7ead28386263c76c0779c27fd826c99c
1,20260809T165805Z_a1467e3b776a_stage08_b08_formal_8744f002,formal,20260809T165805Z,a1467e3b776a300b5bcd5cb319af4a8d3952665c,true,stage08_b08_quadratic_scales_v1,5c359dbfe6c22baef56e207c32f664cf92cec0bc796fb03500ef19b5c00b712f,operator,quadratic,NA,NA,quadratic,quadratic__quadratic_fp32_10e4__2b73b4275666d123,quadratic_fp32_10e4,10^4,10000,x=[10000],FP32,GPU,not_applicable,compatibility/end-to-end,PASS,OK,20,100,72,0.249261,true,2b73b4275666d12350b69d28866b7de7e1a2e7db53967ba0a9488c4838584f8c,d338ec440af0fecbbd16d73feadd1a2d7ead28386263c76c0779c27fd826c99c
1,20260809T165805Z_a1467e3b776a_stage08_b08_formal_8744f002,formal,20260809T165805Z,a1467e3b776a300b5bcd5cb319af4a8d3952665c,true,stage08_b08_quadratic_scales_v1,5c359dbfe6c22baef56e207c32f664cf92cec0bc796fb03500ef19b5c00b712f,operator,quadratic,NA,NA,quadratic,quadratic__quadratic_fp32_10e4__2b73b4275666d123,quadratic_fp32_10e4,10^4,10000,x=[10000],FP32,GPU,not_applicable,compatibility/end-to-end,PASS,OK,20,100,73,0.249781,true,2b73b4275666d12350b69d28866b7de7e1a2e7db53967ba0a9488c4838584f8c,d338ec440af0fecbbd16d73feadd1a2d7ead28386263c76c0779c27fd826c99c
1,20260809T165805Z_a1467e3b776a_stage08_b08_formal_8744f002,formal,20260809T165805Z,a1467e3b776a300b5bcd5cb319af4a8d3952665c,true,stage08_b08_quadratic_scales_v1,5c359dbfe6c22baef56e207c32f664cf92cec0bc796fb03500ef19b5c00b712f,operator,quadratic,NA,NA,quadratic,quadratic__quadratic_fp32_10e4__2b73b4275666d123,quadratic_fp32_10e4,10^4,10000,x=[10000],FP32,GPU,not_applicable,compatibility/end-to-end,PASS,OK,20,100,74,0.252391,true,2b73b4275666d12350b69d28866b7de7e1a2e7db53967ba0a9488c4838584f8c,d338ec440af0fecbbd16d73feadd1a2d7ead28386263c76c0779c27fd826c99c
1,20260809T165805Z_a1467e3b776a_stage08_b08_formal_8744f002,formal,20260809T165805Z,a1467e3b776a300b5bcd5cb319af4a8d3952665c,true,stage08_b08_quadratic_scales_v1,5c359dbfe6c22baef56e207c32f664cf92cec0bc796fb03500ef19b5c00b712f,operator,quadratic,NA,NA,quadratic,quadratic__quadratic_fp32_10e4__2b73b4275666d123,quadratic_fp32_10e4,10^4,10000,x=[10000],FP32,GPU,not_applicable,compatibility/end-to-end,PASS,OK,20,100,75,0.257511,true,2b73b4275666d12350b69d28866b7de7e1a2e7db53967ba0a9488c4838584f8c,d338ec440af0fecbbd16d73feadd1a2d7ead28386263c76c0779c27fd826c99c
1,20260809T165805Z_a1467e3b776a_stage08_b08_formal_8744f002,formal,20260809T165805Z,a1467e3b776a300b5bcd5cb319af4a8d3952665c,true,stage08_b08_quadratic_scales_v1,5c359dbfe6c22baef56e207c32f664cf92cec0bc796fb03500ef19b5c00b712f,operator,quadratic,NA,NA,quadratic,quadratic__quadratic_fp32_10e4__2b73b4275666d123,quadratic_fp32_10e4,10^4,10000,x=[10000],FP32,GPU,not_applicable,compatibility/end-to-end,PASS,OK,20,100,76,0.248431,true,2b73b4275666d12350b69d28866b7de7e1a2e7db53967ba0a9488c4838584f8c,d338ec440af0fecbbd16d73feadd1a2d7ead28386263c76c0779c27fd826c99c
1,20260809T165805Z_a1467e3b776a_stage08_b08_formal_8744f002,formal,20260809T165805Z,a1467e3b776a300b5bcd5cb319af4a8d3952665c,true,stage08_b08_quadratic_scales_v1,5c359dbfe6c22baef56e207c32f664cf92cec0bc796fb03500ef19b5c00b712f,operator,quadratic,NA,NA,quadratic,quadratic__quadratic_fp32_10e4__2b73b4275666d123,quadratic_fp32_10e4,10^4,10000,x=[10000],FP32,GPU,not_applicable,compatibility/end-to-end,PASS,OK,20,100,77,0.267442,true,2b73b4275666d12350b69d28866b7de7e1a2e7db53967ba0a9488c4838584f8c,d338ec440af0fecbbd16d73feadd1a2d7ead28386263c76c0779c27fd826c99c
1,20260809T165805Z_a1467e3b776a_stage08_b08_formal_8744f002,formal,20260809T165805Z,a1467e3b776a300b5bcd5cb319af4a8d3952665c,true,stage08_b08_quadratic_scales_v1,5c359dbfe6c22baef56e207c32f664cf92cec0bc796fb03500ef19b5c00b712f,operator,quadratic,NA,NA,quadratic,quadratic__quadratic_fp32_10e4__2b73b4275666d123,quadratic_fp32_10e4,10^4,10000,x=[10000],FP32,GPU,not_applicable,compatibility/end-to-end,PASS,OK,20,100,78,0.248181,true,2b73b4275666d12350b69d28866b7de7e1a2e7db53967ba0a9488c4838584f8c,d338ec440af0fecbbd16d73feadd1a2d7ead28386263c76c0779c27fd826c99c
1,20260809T165805Z_a1467e3b776a_stage08_b08_formal_8744f002,formal,20260809T165805Z,a1467e3b776a300b5bcd5cb319af4a8d3952665c,true,stage08_b08_quadratic_scales_v1,5c359dbfe6c22baef56e207c32f664cf92cec0bc796fb03500ef19b5c00b712f,operator,quadratic,NA,NA,quadratic,quadratic__quadratic_fp32_10e4__2b73b4275666d123,quadratic_fp32_10e4,10^4,10000,x=[10000],FP32,GPU,not_applicable,compatibility/end-to-end,PASS,OK,20,100,79,0.253951,true,2b73b4275666d12350b69d28866b7de7e1a2e7db53967ba0a9488c4838584f8c,d338ec440af0fecbbd16d73feadd1a2d7ead28386263c76c0779c27fd826c99c
1,20260809T165805Z_a1467e3b776a_stage08_b08_formal_8744f002,formal,20260809T165805Z,a1467e3b776a300b5bcd5cb319af4a8d3952665c,true,stage08_b08_quadratic_scales_v1,5c359dbfe6c22baef56e207c32f664cf92cec0bc796fb03500ef19b5c00b712f,operator,quadratic,NA,NA,quadratic,quadratic__quadratic_fp32_10e4__2b73b4275666d123,quadratic_fp32_10e4,10^4,10000,x=[10000],FP32,GPU,not_applicable,compatibility/end-to-end,PASS,OK,20,100,80,0.250891,true,2b73b4275666d12350b69d28866b7de7e1a2e7db53967ba0a9488c4838584f8c,d338ec440af0fecbbd16d73feadd1a2d7ead28386263c76c0779c27fd826c99c
1,20260809T165805Z_a1467e3b776a_stage08_b08_formal_8744f002,formal,20260809T165805Z,a1467e3b776a300b5bcd5cb319af4a8d3952665c,true,stage08_b08_quadratic_scales_v1,5c359dbfe6c22baef56e207c32f664cf92cec0bc796fb03500ef19b5c00b712f,operator,quadratic,NA,NA,quadratic,quadratic__quadratic_fp32_10e4__2b73b4275666d123,quadratic_fp32_10e4,10^4,10000,x=[10000],FP32,GPU,not_applicable,compatibility/end-to-end,PASS,OK,20,100,81,0.253791,true,2b73b4275666d12350b69d28866b7de7e1a2e7db53967ba0a9488c4838584f8c,d338ec440af0fecbbd16d73feadd1a2d7ead28386263c76c0779c27fd826c99c
1,20260809T165805Z_a1467e3b776a_stage08_b08_formal_8744f002,formal,20260809T165805Z,a1467e3b776a300b5bcd5cb319af4a8d3952665c,true,stage08_b08_quadratic_scales_v1,5c359dbfe6c22baef56e207c32f664cf92cec0bc796fb03500ef19b5c00b712f,operator,quadratic,NA,NA,quadratic,quadratic__quadratic_fp32_10e4__2b73b4275666d123,quadratic_fp32_10e4,10^4,10000,x=[10000],FP32,GPU,not_applicable,compatibility/end-to-end,PASS,OK,20,100,82,0.251162,true,2b73b4275666d12350b69d28866b7de7e1a2e7db53967ba0a9488c4838584f8c,d338ec440af0fecbbd16d73feadd1a2d7ead28386263c76c0779c27fd826c99c
1,20260809T165805Z_a1467e3b776a_stage08_b08_formal_8744f002,formal,20260809T165805Z,a1467e3b776a300b5bcd5cb319af4a8d3952665c,true,stage08_b08_quadratic_scales_v1,5c359dbfe6c22baef56e207c32f664cf92cec0bc796fb03500ef19b5c00b712f,operator,quadratic,NA,NA,quadratic,quadratic__quadratic_fp32_10e4__2b73b4275666d123,quadratic_fp32_10e4,10^4,10000,x=[10000],FP32,GPU,not_applicable,compatibility/end-to-end,PASS,OK,20,100,83,0.250321,true,2b73b4275666d12350b69d28866b7de7e1a2e7db53967ba0a9488c4838584f8c,d338ec440af0fecbbd16d73feadd1a2d7ead28386263c76c0779c27fd826c99c
1,20260809T165805Z_a1467e3b776a_stage08_b08_formal_8744f002,formal,20260809T165805Z,a1467e3b776a300b5bcd5cb319af4a8d3952665c,true,stage08_b08_quadratic_scales_v1,5c359dbfe6c22baef56e207c32f664cf92cec0bc796fb03500ef19b5c00b712f,operator,quadratic,NA,NA,quadratic,quadratic__quadratic_fp32_10e4__2b73b4275666d123,quadratic_fp32_10e4,10^4,10000,x=[10000],FP32,GPU,not_applicable,compatibility/end-to-end,PASS,OK,20,100,84,0.250341,true,2b73b4275666d12350b69d28866b7de7e1a2e7db53967ba0a9488c4838584f8c,d338ec440af0fecbbd16d73feadd1a2d7ead28386263c76c0779c27fd826c99c
1,20260809T165805Z_a1467e3b776a_stage08_b08_formal_8744f002,formal,20260809T165805Z,a1467e3b776a300b5bcd5cb319af4a8d3952665c,true,stage08_b08_quadratic_scales_v1,5c359dbfe6c22baef56e207c32f664cf92cec0bc796fb03500ef19b5c00b712f,operator,quadratic,NA,NA,quadratic,quadratic__quadratic_fp32_10e4__2b73b4275666d123,quadratic_fp32_10e4,10^4,10000,x=[10000],FP32,GPU,not_applicable,compatibility/end-to-end,PASS,OK,20,100,85,0.248581,true,2b73b4275666d12350b69d28866b7de7e1a2e7db53967ba0a9488c4838584f8c,d338ec440af0fecbbd16d73feadd1a2d7ead28386263c76c0779c27fd826c99c
1,20260809T165805Z_a1467e3b776a_stage08_b08_formal_8744f002,formal,20260809T165805Z,a1467e3b776a300b5bcd5cb319af4a8d3952665c,true,stage08_b08_quadratic_scales_v1,5c359dbfe6c22baef56e207c32f664cf92cec0bc796fb03500ef19b5c00b712f,operator,quadratic,NA,NA,quadratic,quadratic__quadratic_fp32_10e4__2b73b4275666d123,quadratic_fp32_10e4,10^4,10000,x=[10000],FP32,GPU,not_applicable,compatibility/end-to-end,PASS,OK,20,100,86,0.249131,true,2b73b4275666d12350b69d28866b7de7e1a2e7db53967ba0a9488c4838584f8c,d338ec440af0fecbbd16d73feadd1a2d7ead28386263c76c0779c27fd826c99c
1,20260809T165805Z_a1467e3b776a_stage08_b08_formal_8744f002,formal,20260809T165805Z,a1467e3b776a300b5bcd5cb319af4a8d3952665c,true,stage08_b08_quadratic_scales_v1,5c359dbfe6c22baef56e207c32f664cf92cec0bc796fb03500ef19b5c00b712f,operator,quadratic,NA,NA,quadratic,quadratic__quadratic_fp32_10e4__2b73b4275666d123,quadratic_fp32_10e4,10^4,10000,x=[10000],FP32,GPU,not_applicable,compatibility/end-to-end,PASS,OK,20,100,87,0.252322,true,2b73b4275666d12350b69d28866b7de7e1a2e7db53967ba0a9488c4838584f8c,d338ec440af0fecbbd16d73feadd1a2d7ead28386263c76c0779c27fd826c99c
1,20260809T165805Z_a1467e3b776a_stage08_b08_formal_8744f002,formal,20260809T165805Z,a1467e3b776a300b5bcd5cb319af4a8d3952665c,true,stage08_b08_quadratic_scales_v1,5c359dbfe6c22baef56e207c32f664cf92cec0bc796fb03500ef19b5c00b712f,operator,quadratic,NA,NA,quadratic,quadratic__quadratic_fp32_10e4__2b73b4275666d123,quadratic_fp32_10e4,10^4,10000,x=[10000],FP32,GPU,not_applicable,compatibility/end-to-end,PASS,OK,20,100,88,0.249551,true,2b73b4275666d12350b69d28866b7de7e1a2e7db53967ba0a9488c4838584f8c,d338ec440af0fecbbd16d73feadd1a2d7ead28386263c76c0779c27fd826c99c
1,20260809T165805Z_a1467e3b776a_stage08_b08_formal_8744f002,formal,20260809T165805Z,a1467e3b776a300b5bcd5cb319af4a8d3952665c,true,stage08_b08_quadratic_scales_v1,5c359dbfe6c22baef56e207c32f664cf92cec0bc796fb03500ef19b5c00b712f,operator,quadratic,NA,NA,quadratic,quadratic__quadratic_fp32_10e4__2b73b4275666d123,quadratic_fp32_10e4,10^4,10000,x=[10000],FP32,GPU,not_applicable,compatibility/end-to-end,PASS,OK,20,100,89,0.256461,true,2b73b4275666d12350b69d28866b7de7e1a2e7db53967ba0a9488c4838584f8c,d338ec440af0fecbbd16d73feadd1a2d7ead28386263c76c0779c27fd826c99c
1,20260809T165805Z_a1467e3b776a_stage08_b08_formal_8744f002,formal,20260809T165805Z,a1467e3b776a300b5bcd5cb319af4a8d3952665c,true,stage08_b08_quadratic_scales_v1,5c359dbfe6c22baef56e207c32f664cf92cec0bc796fb03500ef19b5c00b712f,operator,quadratic,NA,NA,quadratic,quadratic__quadratic_fp32_10e4__2b73b4275666d123,quadratic_fp32_10e4,10^4,10000,x=[10000],FP32,GPU,not_applicable,compatibility/end-to-end,PASS,OK,20,100,90,0.250131,true,2b73b4275666d12350b69d28866b7de7e1a2e7db53967ba0a9488c4838584f8c,d338ec440af0fecbbd16d73feadd1a2d7ead28386263c76c0779c27fd826c99c
1,20260809T165805Z_a1467e3b776a_stage08_b08_formal_8744f002,formal,20260809T165805Z,a1467e3b776a300b5bcd5cb319af4a8d3952665c,true,stage08_b08_quadratic_scales_v1,5c359dbfe6c22baef56e207c32f664cf92cec0bc796fb03500ef19b5c00b712f,operator,quadratic,NA,NA,quadratic,quadratic__quadratic_fp32_10e4__2b73b4275666d123,quadratic_fp32_10e4,10^4,10000,x=[10000],FP32,GPU,not_applicable,compatibility/end-to-end,PASS,OK,20,100,91,0.250451,true,2b73b4275666d12350b69d28866b7de7e1a2e7db53967ba0a9488c4838584f8c,d338ec440af0fecbbd16d73feadd1a2d7ead28386263c76c0779c27fd826c99c
1,20260809T165805Z_a1467e3b776a_stage08_b08_formal_8744f002,formal,20260809T165805Z,a1467e3b776a300b5bcd5cb319af4a8d3952665c,true,stage08_b08_quadratic_scales_v1,5c359dbfe6c22baef56e207c32f664cf92cec0bc796fb03500ef19b5c00b712f,operator,quadratic,NA,NA,quadratic,quadratic__quadratic_fp32_10e4__2b73b4275666d123,quadratic_fp32_10e4,10^4,10000,x=[10000],FP32,GPU,not_applicable,compatibility/end-to-end,PASS,OK,20,100,92,0.262232,true,2b73b4275666d12350b69d28866b7de7e1a2e7db53967ba0a9488c4838584f8c,d338ec440af0fecbbd16d73feadd1a2d7ead28386263c76c0779c27fd826c99c
1,20260809T165805Z_a1467e3b776a_stage08_b08_formal_8744f002,formal,20260809T165805Z,a1467e3b776a300b5bcd5cb319af4a8d3952665c,true,stage08_b08_quadratic_scales_v1,5c359dbfe6c22baef56e207c32f664cf92cec0bc796fb03500ef19b5c00b712f,operator,quadratic,NA,NA,quadratic,quadratic__quadratic_fp32_10e4__2b73b4275666d123,quadratic_fp32_10e4,10^4,10000,x=[10000],FP32,GPU,not_applicable,compatibility/end-to-end,PASS,OK,20,100,93,0.260391,true,2b73b4275666d12350b69d28866b7de7e1a2e7db53967ba0a9488c4838584f8c,d338ec440af0fecbbd16d73feadd1a2d7ead28386263c76c0779c27fd826c99c
1,20260809T165805Z_a1467e3b776a_stage08_b08_formal_8744f002,formal,20260809T165805Z,a1467e3b776a300b5bcd5cb319af4a8d3952665c,true,stage08_b08_quadratic_scales_v1,5c359dbfe6c22baef56e207c32f664cf92cec0bc796fb03500ef19b5c00b712f,operator,quadratic,NA,NA,quadratic,quadratic__quadratic_fp32_10e4__2b73b4275666d123,quadratic_fp32_10e4,10^4,10000,x=[10000],FP32,GPU,not_applicable,compatibility/end-to-end,PASS,OK,20,100,94,0.251141,true,2b73b4275666d12350b69d28866b7de7e1a2e7db53967ba0a9488c4838584f8c,d338ec440af0fecbbd16d73feadd1a2d7ead28386263c76c0779c27fd826c99c
1,20260809T165805Z_a1467e3b776a_stage08_b08_formal_8744f002,formal,20260809T165805Z,a1467e3b776a300b5bcd5cb319af4a8d3952665c,true,stage08_b08_quadratic_scales_v1,5c359dbfe6c22baef56e207c32f664cf92cec0bc796fb03500ef19b5c00b712f,operator,quadratic,NA,NA,quadratic,quadratic__quadratic_fp32_10e4__2b73b4275666d123,quadratic_fp32_10e4,10^4,10000,x=[10000],FP32,GPU,not_applicable,compatibility/end-to-end,PASS,OK,20,100,95,0.253871,true,2b73b4275666d12350b69d28866b7de7e1a2e7db53967ba0a9488c4838584f8c,d338ec440af0fecbbd16d73feadd1a2d7ead28386263c76c0779c27fd826c99c
1,20260809T165805Z_a1467e3b776a_stage08_b08_formal_8744f002,formal,20260809T165805Z,a1467e3b776a300b5bcd5cb319af4a8d3952665c,true,stage08_b08_quadratic_scales_v1,5c359dbfe6c22baef56e207c32f664cf92cec0bc796fb03500ef19b5c00b712f,operator,quadratic,NA,NA,quadratic,quadratic__quadratic_fp32_10e4__2b73b4275666d123,quadratic_fp32_10e4,10^4,10000,x=[10000],FP32,GPU,not_applicable,compatibility/end-to-end,PASS,OK,20,100,96,0.255691,true,2b73b4275666d12350b69d28866b7de7e1a2e7db53967ba0a9488c4838584f8c,d338ec440af0fecbbd16d73feadd1a2d7ead28386263c76c0779c27fd826c99c
1,20260809T165805Z_a1467e3b776a_stage08_b08_formal_8744f002,formal,20260809T165805Z,a1467e3b776a300b5bcd5cb319af4a8d3952665c,true,stage08_b08_quadratic_scales_v1,5c359dbfe6c22baef56e207c32f664cf92cec0bc796fb03500ef19b5c00b712f,operator,quadratic,NA,NA,quadratic,quadratic__quadratic_fp32_10e4__2b73b4275666d123,quadratic_fp32_10e4,10^4,10000,x=[10000],FP32,GPU,not_applicable,compatibility/end-to-end,PASS,OK,20,100,97,0.251562,true,2b73b4275666d12350b69d28866b7de7e1a2e7db53967ba0a9488c4838584f8c,d338ec440af0fecbbd16d73feadd1a2d7ead28386263c76c0779c27fd826c99c
1,20260809T165805Z_a1467e3b776a_stage08_b08_formal_8744f002,formal,20260809T165805Z,a1467e3b776a300b5bcd5cb319af4a8d3952665c,true,stage08_b08_quadratic_scales_v1,5c359dbfe6c22baef56e207c32f664cf92cec0bc796fb03500ef19b5c00b712f,operator,quadratic,NA,NA,quadratic,quadratic__quadratic_fp32_10e4__2b73b4275666d123,quadratic_fp32_10e4,10^4,10000,x=[10000],FP32,GPU,not_applicable,compatibility/end-to-end,PASS,OK,20,100,98,0.247461,true,2b73b4275666d12350b69d28866b7de7e1a2e7db53967ba0a9488c4838584f8c,d338ec440af0fecbbd16d73feadd1a2d7ead28386263c76c0779c27fd826c99c
1,20260809T165805Z_a1467e3b776a_stage08_b08_formal_8744f002,formal,20260809T165805Z,a1467e3b776a300b5bcd5cb319af4a8d3952665c,true,stage08_b08_quadratic_scales_v1,5c359dbfe6c22baef56e207c32f664cf92cec0bc796fb03500ef19b5c00b712f,operator,quadratic,NA,NA,quadratic,quadratic__quadratic_fp32_10e4__2b73b4275666d123,quadratic_fp32_10e4,10^4,10000,x=[10000],FP32,GPU,not_applicable,compatibility/end-to-end,PASS,OK,20,100,99,0.251171,true,2b73b4275666d12350b69d28866b7de7e1a2e7db53967ba0a9488c4838584f8c,d338ec440af0fecbbd16d73feadd1a2d7ead28386263c76c0779c27fd826c99c
