schema_version,run_id,run_type,test_time_utc,git_commit,git_dirty,config_id,config_sha256,target_kind,target,task_name,step_name,operator_name,case_id,scale_id,order_of_magnitude,actual_elements,input_shape,dtype,device,backend,timing_scope,status,error_code,warmup_runs,measured_runs,sample_index,latency_ms,synchronized,input_digest,output_digest
1,20260810T123934Z_d186f2993f4a_source_isolated_fft_thrust_task1_pipeline_benchmark_task1_s01_weak,formal,2026-08-10T10:15:31Z,d186f2993f4a5211c7662571e948fb6b6d4e8aab,false,task_scales_formal_v2,7231f75251f936897a0ceaeff59f3ad78024b920159114bb6e21a93475726178,task,Task1.pipeline,Task1,pipeline_total,pulse_compression+pulse_doppler+cfar_alpha+ca_cfar+ambgfun;private:step1+power,task1_pipeline__task1_s01_weak__4a4a6814111164aa,task1_s01_weak,10^2,512,"[16,32];waveform=[16]",ComplexFP32,cpu,fft_thrust,compatibility/end-to-end,PASS,OK,20,100,0,2.2827480000000002,true,4a4a6814111164aa4b1846a5afe43f5cfcd1f21b33f4093f4cf78f34b9009a8c,96964952282adf9ae7ed99a66ba9080d0cbbc2c3e081547855d7121e6f28ea93
1,20260810T123934Z_d186f2993f4a_source_isolated_fft_thrust_task1_pipeline_benchmark_task1_s01_weak,formal,2026-08-10T10:15:31Z,d186f2993f4a5211c7662571e948fb6b6d4e8aab,false,task_scales_formal_v2,7231f75251f936897a0ceaeff59f3ad78024b920159114bb6e21a93475726178,task,Task1.pipeline,Task1,pipeline_total,pulse_compression+pulse_doppler+cfar_alpha+ca_cfar+ambgfun;private:step1+power,task1_pipeline__task1_s01_weak__4a4a6814111164aa,task1_s01_weak,10^2,512,"[16,32];waveform=[16]",ComplexFP32,gpu,fft_thrust,compatibility/end-to-end,PASS,OK,20,100,0,6.4128489999999996,true,4a4a6814111164aa4b1846a5afe43f5cfcd1f21b33f4093f4cf78f34b9009a8c,c4e9ef0c697b40486216e0941f9d2ea663cad2934cba6a798e76d8da64ed9248
1,20260810T123934Z_d186f2993f4a_source_isolated_fft_thrust_task1_pipeline_benchmark_task1_s01_weak,formal,2026-08-10T10:15:31Z,d186f2993f4a5211c7662571e948fb6b6d4e8aab,false,task_scales_formal_v2,7231f75251f936897a0ceaeff59f3ad78024b920159114bb6e21a93475726178,task,Task1.pipeline,Task1,pipeline_total,pulse_compression+pulse_doppler+cfar_alpha+ca_cfar+ambgfun;private:step1+power,task1_pipeline__task1_s01_weak__4a4a6814111164aa,task1_s01_weak,10^2,512,"[16,32];waveform=[16]",ComplexFP32,cpu,fft_thrust,compatibility/end-to-end,PASS,OK,20,100,1,2.283928,true,4a4a6814111164aa4b1846a5afe43f5cfcd1f21b33f4093f4cf78f34b9009a8c,96964952282adf9ae7ed99a66ba9080d0cbbc2c3e081547855d7121e6f28ea93
1,20260810T123934Z_d186f2993f4a_source_isolated_fft_thrust_task1_pipeline_benchmark_task1_s01_weak,formal,2026-08-10T10:15:31Z,d186f2993f4a5211c7662571e948fb6b6d4e8aab,false,task_scales_formal_v2,7231f75251f936897a0ceaeff59f3ad78024b920159114bb6e21a93475726178,task,Task1.pipeline,Task1,pipeline_total,pulse_compression+pulse_doppler+cfar_alpha+ca_cfar+ambgfun;private:step1+power,task1_pipeline__task1_s01_weak__4a4a6814111164aa,task1_s01_weak,10^2,512,"[16,32];waveform=[16]",ComplexFP32,gpu,fft_thrust,compatibility/end-to-end,PASS,OK,20,100,1,6.2317369999999999,true,4a4a6814111164aa4b1846a5afe43f5cfcd1f21b33f4093f4cf78f34b9009a8c,c4e9ef0c697b40486216e0941f9d2ea663cad2934cba6a798e76d8da64ed9248
1,20260810T123934Z_d186f2993f4a_source_isolated_fft_thrust_task1_pipeline_benchmark_task1_s01_weak,formal,2026-08-10T10:15:31Z,d186f2993f4a5211c7662571e948fb6b6d4e8aab,false,task_scales_formal_v2,7231f75251f936897a0ceaeff59f3ad78024b920159114bb6e21a93475726178,task,Task1.pipeline,Task1,pipeline_total,pulse_compression+pulse_doppler+cfar_alpha+ca_cfar+ambgfun;private:step1+power,task1_pipeline__task1_s01_weak__4a4a6814111164aa,task1_s01_weak,10^2,512,"[16,32];waveform=[16]",ComplexFP32,cpu,fft_thrust,compatibility/end-to-end,PASS,OK,20,100,2,2.2774390000000002,true,4a4a6814111164aa4b1846a5afe43f5cfcd1f21b33f4093f4cf78f34b9009a8c,96964952282adf9ae7ed99a66ba9080d0cbbc2c3e081547855d7121e6f28ea93
1,20260810T123934Z_d186f2993f4a_source_isolated_fft_thrust_task1_pipeline_benchmark_task1_s01_weak,formal,2026-08-10T10:15:31Z,d186f2993f4a5211c7662571e948fb6b6d4e8aab,false,task_scales_formal_v2,7231f75251f936897a0ceaeff59f3ad78024b920159114bb6e21a93475726178,task,Task1.pipeline,Task1,pipeline_total,pulse_compression+pulse_doppler+cfar_alpha+ca_cfar+ambgfun;private:step1+power,task1_pipeline__task1_s01_weak__4a4a6814111164aa,task1_s01_weak,10^2,512,"[16,32];waveform=[16]",ComplexFP32,gpu,fft_thrust,compatibility/end-to-end,PASS,OK,20,100,2,5.9909739999999996,true,4a4a6814111164aa4b1846a5afe43f5cfcd1f21b33f4093f4cf78f34b9009a8c,c4e9ef0c697b40486216e0941f9d2ea663cad2934cba6a798e76d8da64ed9248
1,20260810T123934Z_d186f2993f4a_source_isolated_fft_thrust_task1_pipeline_benchmark_task1_s01_weak,formal,2026-08-10T10:15:31Z,d186f2993f4a5211c7662571e948fb6b6d4e8aab,false,task_scales_formal_v2,7231f75251f936897a0ceaeff59f3ad78024b920159114bb6e21a93475726178,task,Task1.pipeline,Task1,pipeline_total,pulse_compression+pulse_doppler+cfar_alpha+ca_cfar+ambgfun;private:step1+power,task1_pipeline__task1_s01_weak__4a4a6814111164aa,task1_s01_weak,10^2,512,"[16,32];waveform=[16]",ComplexFP32,cpu,fft_thrust,compatibility/end-to-end,PASS,OK,20,100,3,2.2601680000000002,true,4a4a6814111164aa4b1846a5afe43f5cfcd1f21b33f4093f4cf78f34b9009a8c,96964952282adf9ae7ed99a66ba9080d0cbbc2c3e081547855d7121e6f28ea93
1,20260810T123934Z_d186f2993f4a_source_isolated_fft_thrust_task1_pipeline_benchmark_task1_s01_weak,formal,2026-08-10T10:15:31Z,d186f2993f4a5211c7662571e948fb6b6d4e8aab,false,task_scales_formal_v2,7231f75251f936897a0ceaeff59f3ad78024b920159114bb6e21a93475726178,task,Task1.pipeline,Task1,pipeline_total,pulse_compression+pulse_doppler+cfar_alpha+ca_cfar+ambgfun;private:step1+power,task1_pipeline__task1_s01_weak__4a4a6814111164aa,task1_s01_weak,10^2,512,"[16,32];waveform=[16]",ComplexFP32,gpu,fft_thrust,compatibility/end-to-end,PASS,OK,20,100,3,6.2391969999999999,true,4a4a6814111164aa4b1846a5afe43f5cfcd1f21b33f4093f4cf78f34b9009a8c,c4e9ef0c697b40486216e0941f9d2ea663cad2934cba6a798e76d8da64ed9248
1,20260810T123934Z_d186f2993f4a_source_isolated_fft_thrust_task1_pipeline_benchmark_task1_s01_weak,formal,2026-08-10T10:15:31Z,d186f2993f4a5211c7662571e948fb6b6d4e8aab,false,task_scales_formal_v2,7231f75251f936897a0ceaeff59f3ad78024b920159114bb6e21a93475726178,task,Task1.pipeline,Task1,pipeline_total,pulse_compression+pulse_doppler+cfar_alpha+ca_cfar+ambgfun;private:step1+power,task1_pipeline__task1_s01_weak__4a4a6814111164aa,task1_s01_weak,10^2,512,"[16,32];waveform=[16]",ComplexFP32,cpu,fft_thrust,compatibility/end-to-end,PASS,OK,20,100,4,2.2613979999999998,true,4a4a6814111164aa4b1846a5afe43f5cfcd1f21b33f4093f4cf78f34b9009a8c,96964952282adf9ae7ed99a66ba9080d0cbbc2c3e081547855d7121e6f28ea93
1,20260810T123934Z_d186f2993f4a_source_isolated_fft_thrust_task1_pipeline_benchmark_task1_s01_weak,formal,2026-08-10T10:15:31Z,d186f2993f4a5211c7662571e948fb6b6d4e8aab,false,task_scales_formal_v2,7231f75251f936897a0ceaeff59f3ad78024b920159114bb6e21a93475726178,task,Task1.pipeline,Task1,pipeline_total,pulse_compression+pulse_doppler+cfar_alpha+ca_cfar+ambgfun;private:step1+power,task1_pipeline__task1_s01_weak__4a4a6814111164aa,task1_s01_weak,10^2,512,"[16,32];waveform=[16]",ComplexFP32,gpu,fft_thrust,compatibility/end-to-end,PASS,OK,20,100,4,6.100365,true,4a4a6814111164aa4b1846a5afe43f5cfcd1f21b33f4093f4cf78f34b9009a8c,c4e9ef0c697b40486216e0941f9d2ea663cad2934cba6a798e76d8da64ed9248
1,20260810T123934Z_d186f2993f4a_source_isolated_fft_thrust_task1_pipeline_benchmark_task1_s01_weak,formal,2026-08-10T10:15:31Z,d186f2993f4a5211c7662571e948fb6b6d4e8aab,false,task_scales_formal_v2,7231f75251f936897a0ceaeff59f3ad78024b920159114bb6e21a93475726178,task,Task1.pipeline,Task1,pipeline_total,pulse_compression+pulse_doppler+cfar_alpha+ca_cfar+ambgfun;private:step1+power,task1_pipeline__task1_s01_weak__4a4a6814111164aa,task1_s01_weak,10^2,512,"[16,32];waveform=[16]",ComplexFP32,cpu,fft_thrust,compatibility/end-to-end,PASS,OK,20,100,5,2.281129,true,4a4a6814111164aa4b1846a5afe43f5cfcd1f21b33f4093f4cf78f34b9009a8c,96964952282adf9ae7ed99a66ba9080d0cbbc2c3e081547855d7121e6f28ea93
1,20260810T123934Z_d186f2993f4a_source_isolated_fft_thrust_task1_pipeline_benchmark_task1_s01_weak,formal,2026-08-10T10:15:31Z,d186f2993f4a5211c7662571e948fb6b6d4e8aab,false,task_scales_formal_v2,7231f75251f936897a0ceaeff59f3ad78024b920159114bb6e21a93475726178,task,Task1.pipeline,Task1,pipeline_total,pulse_compression+pulse_doppler+cfar_alpha+ca_cfar+ambgfun;private:step1+power,task1_pipeline__task1_s01_weak__4a4a6814111164aa,task1_s01_weak,10^2,512,"[16,32];waveform=[16]",ComplexFP32,gpu,fft_thrust,compatibility/end-to-end,PASS,OK,20,100,5,6.3563879999999999,true,4a4a6814111164aa4b1846a5afe43f5cfcd1f21b33f4093f4cf78f34b9009a8c,c4e9ef0c697b40486216e0941f9d2ea663cad2934cba6a798e76d8da64ed9248
1,20260810T123934Z_d186f2993f4a_source_isolated_fft_thrust_task1_pipeline_benchmark_task1_s01_weak,formal,2026-08-10T10:15:31Z,d186f2993f4a5211c7662571e948fb6b6d4e8aab,false,task_scales_formal_v2,7231f75251f936897a0ceaeff59f3ad78024b920159114bb6e21a93475726178,task,Task1.pipeline,Task1,pipeline_total,pulse_compression+pulse_doppler+cfar_alpha+ca_cfar+ambgfun;private:step1+power,task1_pipeline__task1_s01_weak__4a4a6814111164aa,task1_s01_weak,10^2,512,"[16,32];waveform=[16]",ComplexFP32,cpu,fft_thrust,compatibility/end-to-end,PASS,OK,20,100,6,2.2956080000000001,true,4a4a6814111164aa4b1846a5afe43f5cfcd1f21b33f4093f4cf78f34b9009a8c,96964952282adf9ae7ed99a66ba9080d0cbbc2c3e081547855d7121e6f28ea93
1,20260810T123934Z_d186f2993f4a_source_isolated_fft_thrust_task1_pipeline_benchmark_task1_s01_weak,formal,2026-08-10T10:15:31Z,d186f2993f4a5211c7662571e948fb6b6d4e8aab,false,task_scales_formal_v2,7231f75251f936897a0ceaeff59f3ad78024b920159114bb6e21a93475726178,task,Task1.pipeline,Task1,pipeline_total,pulse_compression+pulse_doppler+cfar_alpha+ca_cfar+ambgfun;private:step1+power,task1_pipeline__task1_s01_weak__4a4a6814111164aa,task1_s01_weak,10^2,512,"[16,32];waveform=[16]",ComplexFP32,gpu,fft_thrust,compatibility/end-to-end,PASS,OK,20,100,6,6.2851970000000001,true,4a4a6814111164aa4b1846a5afe43f5cfcd1f21b33f4093f4cf78f34b9009a8c,c4e9ef0c697b40486216e0941f9d2ea663cad2934cba6a798e76d8da64ed9248
1,20260810T123934Z_d186f2993f4a_source_isolated_fft_thrust_task1_pipeline_benchmark_task1_s01_weak,formal,2026-08-10T10:15:31Z,d186f2993f4a5211c7662571e948fb6b6d4e8aab,false,task_scales_formal_v2,7231f75251f936897a0ceaeff59f3ad78024b920159114bb6e21a93475726178,task,Task1.pipeline,Task1,pipeline_total,pulse_compression+pulse_doppler+cfar_alpha+ca_cfar+ambgfun;private:step1+power,task1_pipeline__task1_s01_weak__4a4a6814111164aa,task1_s01_weak,10^2,512,"[16,32];waveform=[16]",ComplexFP32,cpu,fft_thrust,compatibility/end-to-end,PASS,OK,20,100,7,2.2666080000000002,true,4a4a6814111164aa4b1846a5afe43f5cfcd1f21b33f4093f4cf78f34b9009a8c,96964952282adf9ae7ed99a66ba9080d0cbbc2c3e081547855d7121e6f28ea93
1,20260810T123934Z_d186f2993f4a_source_isolated_fft_thrust_task1_pipeline_benchmark_task1_s01_weak,formal,2026-08-10T10:15:31Z,d186f2993f4a5211c7662571e948fb6b6d4e8aab,false,task_scales_formal_v2,7231f75251f936897a0ceaeff59f3ad78024b920159114bb6e21a93475726178,task,Task1.pipeline,Task1,pipeline_total,pulse_compression+pulse_doppler+cfar_alpha+ca_cfar+ambgfun;private:step1+power,task1_pipeline__task1_s01_weak__4a4a6814111164aa,task1_s01_weak,10^2,512,"[16,32];waveform=[16]",ComplexFP32,gpu,fft_thrust,compatibility/end-to-end,PASS,OK,20,100,7,6.1380160000000004,true,4a4a6814111164aa4b1846a5afe43f5cfcd1f21b33f4093f4cf78f34b9009a8c,c4e9ef0c697b40486216e0941f9d2ea663cad2934cba6a798e76d8da64ed9248
1,20260810T123934Z_d186f2993f4a_source_isolated_fft_thrust_task1_pipeline_benchmark_task1_s01_weak,formal,2026-08-10T10:15:31Z,d186f2993f4a5211c7662571e948fb6b6d4e8aab,false,task_scales_formal_v2,7231f75251f936897a0ceaeff59f3ad78024b920159114bb6e21a93475726178,task,Task1.pipeline,Task1,pipeline_total,pulse_compression+pulse_doppler+cfar_alpha+ca_cfar+ambgfun;private:step1+power,task1_pipeline__task1_s01_weak__4a4a6814111164aa,task1_s01_weak,10^2,512,"[16,32];waveform=[16]",ComplexFP32,cpu,fft_thrust,compatibility/end-to-end,PASS,OK,20,100,8,2.2628879999999998,true,4a4a6814111164aa4b1846a5afe43f5cfcd1f21b33f4093f4cf78f34b9009a8c,96964952282adf9ae7ed99a66ba9080d0cbbc2c3e081547855d7121e6f28ea93
1,20260810T123934Z_d186f2993f4a_source_isolated_fft_thrust_task1_pipeline_benchmark_task1_s01_weak,formal,2026-08-10T10:15:31Z,d186f2993f4a5211c7662571e948fb6b6d4e8aab,false,task_scales_formal_v2,7231f75251f936897a0ceaeff59f3ad78024b920159114bb6e21a93475726178,task,Task1.pipeline,Task1,pipeline_total,pulse_compression+pulse_doppler+cfar_alpha+ca_cfar+ambgfun;private:step1+power,task1_pipeline__task1_s01_weak__4a4a6814111164aa,task1_s01_weak,10^2,512,"[16,32];waveform=[16]",ComplexFP32,gpu,fft_thrust,compatibility/end-to-end,PASS,OK,20,100,8,6.3236179999999997,true,4a4a6814111164aa4b1846a5afe43f5cfcd1f21b33f4093f4cf78f34b9009a8c,c4e9ef0c697b40486216e0941f9d2ea663cad2934cba6a798e76d8da64ed9248
1,20260810T123934Z_d186f2993f4a_source_isolated_fft_thrust_task1_pipeline_benchmark_task1_s01_weak,formal,2026-08-10T10:15:31Z,d186f2993f4a5211c7662571e948fb6b6d4e8aab,false,task_scales_formal_v2,7231f75251f936897a0ceaeff59f3ad78024b920159114bb6e21a93475726178,task,Task1.pipeline,Task1,pipeline_total,pulse_compression+pulse_doppler+cfar_alpha+ca_cfar+ambgfun;private:step1+power,task1_pipeline__task1_s01_weak__4a4a6814111164aa,task1_s01_weak,10^2,512,"[16,32];waveform=[16]",ComplexFP32,cpu,fft_thrust,compatibility/end-to-end,PASS,OK,20,100,9,2.2633679999999998,true,4a4a6814111164aa4b1846a5afe43f5cfcd1f21b33f4093f4cf78f34b9009a8c,96964952282adf9ae7ed99a66ba9080d0cbbc2c3e081547855d7121e6f28ea93
1,20260810T123934Z_d186f2993f4a_source_isolated_fft_thrust_task1_pipeline_benchmark_task1_s01_weak,formal,2026-08-10T10:15:31Z,d186f2993f4a5211c7662571e948fb6b6d4e8aab,false,task_scales_formal_v2,7231f75251f936897a0ceaeff59f3ad78024b920159114bb6e21a93475726178,task,Task1.pipeline,Task1,pipeline_total,pulse_compression+pulse_doppler+cfar_alpha+ca_cfar+ambgfun;private:step1+power,task1_pipeline__task1_s01_weak__4a4a6814111164aa,task1_s01_weak,10^2,512,"[16,32];waveform=[16]",ComplexFP32,gpu,fft_thrust,compatibility/end-to-end,PASS,OK,20,100,9,6.7260229999999996,true,4a4a6814111164aa4b1846a5afe43f5cfcd1f21b33f4093f4cf78f34b9009a8c,c4e9ef0c697b40486216e0941f9d2ea663cad2934cba6a798e76d8da64ed9248
1,20260810T123934Z_d186f2993f4a_source_isolated_fft_thrust_task1_pipeline_benchmark_task1_s01_weak,formal,2026-08-10T10:15:31Z,d186f2993f4a5211c7662571e948fb6b6d4e8aab,false,task_scales_formal_v2,7231f75251f936897a0ceaeff59f3ad78024b920159114bb6e21a93475726178,task,Task1.pipeline,Task1,pipeline_total,pulse_compression+pulse_doppler+cfar_alpha+ca_cfar+ambgfun;private:step1+power,task1_pipeline__task1_s01_weak__4a4a6814111164aa,task1_s01_weak,10^2,512,"[16,32];waveform=[16]",ComplexFP32,cpu,fft_thrust,compatibility/end-to-end,PASS,OK,20,100,10,2.264348,true,4a4a6814111164aa4b1846a5afe43f5cfcd1f21b33f4093f4cf78f34b9009a8c,96964952282adf9ae7ed99a66ba9080d0cbbc2c3e081547855d7121e6f28ea93
1,20260810T123934Z_d186f2993f4a_source_isolated_fft_thrust_task1_pipeline_benchmark_task1_s01_weak,formal,2026-08-10T10:15:31Z,d186f2993f4a5211c7662571e948fb6b6d4e8aab,false,task_scales_formal_v2,7231f75251f936897a0ceaeff59f3ad78024b920159114bb6e21a93475726178,task,Task1.pipeline,Task1,pipeline_total,pulse_compression+pulse_doppler+cfar_alpha+ca_cfar+ambgfun;private:step1+power,task1_pipeline__task1_s01_weak__4a4a6814111164aa,task1_s01_weak,10^2,512,"[16,32];waveform=[16]",ComplexFP32,gpu,fft_thrust,compatibility/end-to-end,PASS,OK,20,100,10,6.6339420000000002,true,4a4a6814111164aa4b1846a5afe43f5cfcd1f21b33f4093f4cf78f34b9009a8c,c4e9ef0c697b40486216e0941f9d2ea663cad2934cba6a798e76d8da64ed9248
1,20260810T123934Z_d186f2993f4a_source_isolated_fft_thrust_task1_pipeline_benchmark_task1_s01_weak,formal,2026-08-10T10:15:31Z,d186f2993f4a5211c7662571e948fb6b6d4e8aab,false,task_scales_formal_v2,7231f75251f936897a0ceaeff59f3ad78024b920159114bb6e21a93475726178,task,Task1.pipeline,Task1,pipeline_total,pulse_compression+pulse_doppler+cfar_alpha+ca_cfar+ambgfun;private:step1+power,task1_pipeline__task1_s01_weak__4a4a6814111164aa,task1_s01_weak,10^2,512,"[16,32];waveform=[16]",ComplexFP32,cpu,fft_thrust,compatibility/end-to-end,PASS,OK,20,100,11,2.2779579999999999,true,4a4a6814111164aa4b1846a5afe43f5cfcd1f21b33f4093f4cf78f34b9009a8c,96964952282adf9ae7ed99a66ba9080d0cbbc2c3e081547855d7121e6f28ea93
1,20260810T123934Z_d186f2993f4a_source_isolated_fft_thrust_task1_pipeline_benchmark_task1_s01_weak,formal,2026-08-10T10:15:31Z,d186f2993f4a5211c7662571e948fb6b6d4e8aab,false,task_scales_formal_v2,7231f75251f936897a0ceaeff59f3ad78024b920159114bb6e21a93475726178,task,Task1.pipeline,Task1,pipeline_total,pulse_compression+pulse_doppler+cfar_alpha+ca_cfar+ambgfun;private:step1+power,task1_pipeline__task1_s01_weak__4a4a6814111164aa,task1_s01_weak,10^2,512,"[16,32];waveform=[16]",ComplexFP32,gpu,fft_thrust,compatibility/end-to-end,PASS,OK,20,100,11,6.2462869999999997,true,4a4a6814111164aa4b1846a5afe43f5cfcd1f21b33f4093f4cf78f34b9009a8c,c4e9ef0c697b40486216e0941f9d2ea663cad2934cba6a798e76d8da64ed9248
1,20260810T123934Z_d186f2993f4a_source_isolated_fft_thrust_task1_pipeline_benchmark_task1_s01_weak,formal,2026-08-10T10:15:31Z,d186f2993f4a5211c7662571e948fb6b6d4e8aab,false,task_scales_formal_v2,7231f75251f936897a0ceaeff59f3ad78024b920159114bb6e21a93475726178,task,Task1.pipeline,Task1,pipeline_total,pulse_compression+pulse_doppler+cfar_alpha+ca_cfar+ambgfun;private:step1+power,task1_pipeline__task1_s01_weak__4a4a6814111164aa,task1_s01_weak,10^2,512,"[16,32];waveform=[16]",ComplexFP32,cpu,fft_thrust,compatibility/end-to-end,PASS,OK,20,100,12,2.279728,true,4a4a6814111164aa4b1846a5afe43f5cfcd1f21b33f4093f4cf78f34b9009a8c,96964952282adf9ae7ed99a66ba9080d0cbbc2c3e081547855d7121e6f28ea93
1,20260810T123934Z_d186f2993f4a_source_isolated_fft_thrust_task1_pipeline_benchmark_task1_s01_weak,formal,2026-08-10T10:15:31Z,d186f2993f4a5211c7662571e948fb6b6d4e8aab,false,task_scales_formal_v2,7231f75251f936897a0ceaeff59f3ad78024b920159114bb6e21a93475726178,task,Task1.pipeline,Task1,pipeline_total,pulse_compression+pulse_doppler+cfar_alpha+ca_cfar+ambgfun;private:step1+power,task1_pipeline__task1_s01_weak__4a4a6814111164aa,task1_s01_weak,10^2,512,"[16,32];waveform=[16]",ComplexFP32,gpu,fft_thrust,compatibility/end-to-end,PASS,OK,20,100,12,6.2916280000000002,true,4a4a6814111164aa4b1846a5afe43f5cfcd1f21b33f4093f4cf78f34b9009a8c,c4e9ef0c697b40486216e0941f9d2ea663cad2934cba6a798e76d8da64ed9248
1,20260810T123934Z_d186f2993f4a_source_isolated_fft_thrust_task1_pipeline_benchmark_task1_s01_weak,formal,2026-08-10T10:15:31Z,d186f2993f4a5211c7662571e948fb6b6d4e8aab,false,task_scales_formal_v2,7231f75251f936897a0ceaeff59f3ad78024b920159114bb6e21a93475726178,task,Task1.pipeline,Task1,pipeline_total,pulse_compression+pulse_doppler+cfar_alpha+ca_cfar+ambgfun;private:step1+power,task1_pipeline__task1_s01_weak__4a4a6814111164aa,task1_s01_weak,10^2,512,"[16,32];waveform=[16]",ComplexFP32,cpu,fft_thrust,compatibility/end-to-end,PASS,OK,20,100,13,2.2754780000000001,true,4a4a6814111164aa4b1846a5afe43f5cfcd1f21b33f4093f4cf78f34b9009a8c,96964952282adf9ae7ed99a66ba9080d0cbbc2c3e081547855d7121e6f28ea93
1,20260810T123934Z_d186f2993f4a_source_isolated_fft_thrust_task1_pipeline_benchmark_task1_s01_weak,formal,2026-08-10T10:15:31Z,d186f2993f4a5211c7662571e948fb6b6d4e8aab,false,task_scales_formal_v2,7231f75251f936897a0ceaeff59f3ad78024b920159114bb6e21a93475726178,task,Task1.pipeline,Task1,pipeline_total,pulse_compression+pulse_doppler+cfar_alpha+ca_cfar+ambgfun;private:step1+power,task1_pipeline__task1_s01_weak__4a4a6814111164aa,task1_s01_weak,10^2,512,"[16,32];waveform=[16]",ComplexFP32,gpu,fft_thrust,compatibility/end-to-end,PASS,OK,20,100,13,6.4421900000000001,true,4a4a6814111164aa4b1846a5afe43f5cfcd1f21b33f4093f4cf78f34b9009a8c,c4e9ef0c697b40486216e0941f9d2ea663cad2934cba6a798e76d8da64ed9248
1,20260810T123934Z_d186f2993f4a_source_isolated_fft_thrust_task1_pipeline_benchmark_task1_s01_weak,formal,2026-08-10T10:15:31Z,d186f2993f4a5211c7662571e948fb6b6d4e8aab,false,task_scales_formal_v2,7231f75251f936897a0ceaeff59f3ad78024b920159114bb6e21a93475726178,task,Task1.pipeline,Task1,pipeline_total,pulse_compression+pulse_doppler+cfar_alpha+ca_cfar+ambgfun;private:step1+power,task1_pipeline__task1_s01_weak__4a4a6814111164aa,task1_s01_weak,10^2,512,"[16,32];waveform=[16]",ComplexFP32,cpu,fft_thrust,compatibility/end-to-end,PASS,OK,20,100,14,2.2658580000000001,true,4a4a6814111164aa4b1846a5afe43f5cfcd1f21b33f4093f4cf78f34b9009a8c,96964952282adf9ae7ed99a66ba9080d0cbbc2c3e081547855d7121e6f28ea93
1,20260810T123934Z_d186f2993f4a_source_isolated_fft_thrust_task1_pipeline_benchmark_task1_s01_weak,formal,2026-08-10T10:15:31Z,d186f2993f4a5211c7662571e948fb6b6d4e8aab,false,task_scales_formal_v2,7231f75251f936897a0ceaeff59f3ad78024b920159114bb6e21a93475726178,task,Task1.pipeline,Task1,pipeline_total,pulse_compression+pulse_doppler+cfar_alpha+ca_cfar+ambgfun;private:step1+power,task1_pipeline__task1_s01_weak__4a4a6814111164aa,task1_s01_weak,10^2,512,"[16,32];waveform=[16]",ComplexFP32,gpu,fft_thrust,compatibility/end-to-end,PASS,OK,20,100,14,6.4671000000000003,true,4a4a6814111164aa4b1846a5afe43f5cfcd1f21b33f4093f4cf78f34b9009a8c,c4e9ef0c697b40486216e0941f9d2ea663cad2934cba6a798e76d8da64ed9248
1,20260810T123934Z_d186f2993f4a_source_isolated_fft_thrust_task1_pipeline_benchmark_task1_s01_weak,formal,2026-08-10T10:15:31Z,d186f2993f4a5211c7662571e948fb6b6d4e8aab,false,task_scales_formal_v2,7231f75251f936897a0ceaeff59f3ad78024b920159114bb6e21a93475726178,task,Task1.pipeline,Task1,pipeline_total,pulse_compression+pulse_doppler+cfar_alpha+ca_cfar+ambgfun;private:step1+power,task1_pipeline__task1_s01_weak__4a4a6814111164aa,task1_s01_weak,10^2,512,"[16,32];waveform=[16]",ComplexFP32,cpu,fft_thrust,compatibility/end-to-end,PASS,OK,20,100,15,2.2655180000000001,true,4a4a6814111164aa4b1846a5afe43f5cfcd1f21b33f4093f4cf78f34b9009a8c,96964952282adf9ae7ed99a66ba9080d0cbbc2c3e081547855d7121e6f28ea93
1,20260810T123934Z_d186f2993f4a_source_isolated_fft_thrust_task1_pipeline_benchmark_task1_s01_weak,formal,2026-08-10T10:15:31Z,d186f2993f4a5211c7662571e948fb6b6d4e8aab,false,task_scales_formal_v2,7231f75251f936897a0ceaeff59f3ad78024b920159114bb6e21a93475726178,task,Task1.pipeline,Task1,pipeline_total,pulse_compression+pulse_doppler+cfar_alpha+ca_cfar+ambgfun;private:step1+power,task1_pipeline__task1_s01_weak__4a4a6814111164aa,task1_s01_weak,10^2,512,"[16,32];waveform=[16]",ComplexFP32,gpu,fft_thrust,compatibility/end-to-end,PASS,OK,20,100,15,6.358339,true,4a4a6814111164aa4b1846a5afe43f5cfcd1f21b33f4093f4cf78f34b9009a8c,c4e9ef0c697b40486216e0941f9d2ea663cad2934cba6a798e76d8da64ed9248
1,20260810T123934Z_d186f2993f4a_source_isolated_fft_thrust_task1_pipeline_benchmark_task1_s01_weak,formal,2026-08-10T10:15:31Z,d186f2993f4a5211c7662571e948fb6b6d4e8aab,false,task_scales_formal_v2,7231f75251f936897a0ceaeff59f3ad78024b920159114bb6e21a93475726178,task,Task1.pipeline,Task1,pipeline_total,pulse_compression+pulse_doppler+cfar_alpha+ca_cfar+ambgfun;private:step1+power,task1_pipeline__task1_s01_weak__4a4a6814111164aa,task1_s01_weak,10^2,512,"[16,32];waveform=[16]",ComplexFP32,cpu,fft_thrust,compatibility/end-to-end,PASS,OK,20,100,16,2.2677480000000001,true,4a4a6814111164aa4b1846a5afe43f5cfcd1f21b33f4093f4cf78f34b9009a8c,96964952282adf9ae7ed99a66ba9080d0cbbc2c3e081547855d7121e6f28ea93
1,20260810T123934Z_d186f2993f4a_source_isolated_fft_thrust_task1_pipeline_benchmark_task1_s01_weak,formal,2026-08-10T10:15:31Z,d186f2993f4a5211c7662571e948fb6b6d4e8aab,false,task_scales_formal_v2,7231f75251f936897a0ceaeff59f3ad78024b920159114bb6e21a93475726178,task,Task1.pipeline,Task1,pipeline_total,pulse_compression+pulse_doppler+cfar_alpha+ca_cfar+ambgfun;private:step1+power,task1_pipeline__task1_s01_weak__4a4a6814111164aa,task1_s01_weak,10^2,512,"[16,32];waveform=[16]",ComplexFP32,gpu,fft_thrust,compatibility/end-to-end,PASS,OK,20,100,16,6.267868,true,4a4a6814111164aa4b1846a5afe43f5cfcd1f21b33f4093f4cf78f34b9009a8c,c4e9ef0c697b40486216e0941f9d2ea663cad2934cba6a798e76d8da64ed9248
1,20260810T123934Z_d186f2993f4a_source_isolated_fft_thrust_task1_pipeline_benchmark_task1_s01_weak,formal,2026-08-10T10:15:31Z,d186f2993f4a5211c7662571e948fb6b6d4e8aab,false,task_scales_formal_v2,7231f75251f936897a0ceaeff59f3ad78024b920159114bb6e21a93475726178,task,Task1.pipeline,Task1,pipeline_total,pulse_compression+pulse_doppler+cfar_alpha+ca_cfar+ambgfun;private:step1+power,task1_pipeline__task1_s01_weak__4a4a6814111164aa,task1_s01_weak,10^2,512,"[16,32];waveform=[16]",ComplexFP32,cpu,fft_thrust,compatibility/end-to-end,PASS,OK,20,100,17,2.280208,true,4a4a6814111164aa4b1846a5afe43f5cfcd1f21b33f4093f4cf78f34b9009a8c,96964952282adf9ae7ed99a66ba9080d0cbbc2c3e081547855d7121e6f28ea93
1,20260810T123934Z_d186f2993f4a_source_isolated_fft_thrust_task1_pipeline_benchmark_task1_s01_weak,formal,2026-08-10T10:15:31Z,d186f2993f4a5211c7662571e948fb6b6d4e8aab,false,task_scales_formal_v2,7231f75251f936897a0ceaeff59f3ad78024b920159114bb6e21a93475726178,task,Task1.pipeline,Task1,pipeline_total,pulse_compression+pulse_doppler+cfar_alpha+ca_cfar+ambgfun;private:step1+power,task1_pipeline__task1_s01_weak__4a4a6814111164aa,task1_s01_weak,10^2,512,"[16,32];waveform=[16]",ComplexFP32,gpu,fft_thrust,compatibility/end-to-end,PASS,OK,20,100,17,6.4178189999999997,true,4a4a6814111164aa4b1846a5afe43f5cfcd1f21b33f4093f4cf78f34b9009a8c,c4e9ef0c697b40486216e0941f9d2ea663cad2934cba6a798e76d8da64ed9248
1,20260810T123934Z_d186f2993f4a_source_isolated_fft_thrust_task1_pipeline_benchmark_task1_s01_weak,formal,2026-08-10T10:15:31Z,d186f2993f4a5211c7662571e948fb6b6d4e8aab,false,task_scales_formal_v2,7231f75251f936897a0ceaeff59f3ad78024b920159114bb6e21a93475726178,task,Task1.pipeline,Task1,pipeline_total,pulse_compression+pulse_doppler+cfar_alpha+ca_cfar+ambgfun;private:step1+power,task1_pipeline__task1_s01_weak__4a4a6814111164aa,task1_s01_weak,10^2,512,"[16,32];waveform=[16]",ComplexFP32,cpu,fft_thrust,compatibility/end-to-end,PASS,OK,20,100,18,2.3084889999999998,true,4a4a6814111164aa4b1846a5afe43f5cfcd1f21b33f4093f4cf78f34b9009a8c,96964952282adf9ae7ed99a66ba9080d0cbbc2c3e081547855d7121e6f28ea93
1,20260810T123934Z_d186f2993f4a_source_isolated_fft_thrust_task1_pipeline_benchmark_task1_s01_weak,formal,2026-08-10T10:15:31Z,d186f2993f4a5211c7662571e948fb6b6d4e8aab,false,task_scales_formal_v2,7231f75251f936897a0ceaeff59f3ad78024b920159114bb6e21a93475726178,task,Task1.pipeline,Task1,pipeline_total,pulse_compression+pulse_doppler+cfar_alpha+ca_cfar+ambgfun;private:step1+power,task1_pipeline__task1_s01_weak__4a4a6814111164aa,task1_s01_weak,10^2,512,"[16,32];waveform=[16]",ComplexFP32,gpu,fft_thrust,compatibility/end-to-end,PASS,OK,20,100,18,6.3007179999999998,true,4a4a6814111164aa4b1846a5afe43f5cfcd1f21b33f4093f4cf78f34b9009a8c,c4e9ef0c697b40486216e0941f9d2ea663cad2934cba6a798e76d8da64ed9248
1,20260810T123934Z_d186f2993f4a_source_isolated_fft_thrust_task1_pipeline_benchmark_task1_s01_weak,formal,2026-08-10T10:15:31Z,d186f2993f4a5211c7662571e948fb6b6d4e8aab,false,task_scales_formal_v2,7231f75251f936897a0ceaeff59f3ad78024b920159114bb6e21a93475726178,task,Task1.pipeline,Task1,pipeline_total,pulse_compression+pulse_doppler+cfar_alpha+ca_cfar+ambgfun;private:step1+power,task1_pipeline__task1_s01_weak__4a4a6814111164aa,task1_s01_weak,10^2,512,"[16,32];waveform=[16]",ComplexFP32,cpu,fft_thrust,compatibility/end-to-end,PASS,OK,20,100,19,2.3023090000000002,true,4a4a6814111164aa4b1846a5afe43f5cfcd1f21b33f4093f4cf78f34b9009a8c,96964952282adf9ae7ed99a66ba9080d0cbbc2c3e081547855d7121e6f28ea93
1,20260810T123934Z_d186f2993f4a_source_isolated_fft_thrust_task1_pipeline_benchmark_task1_s01_weak,formal,2026-08-10T10:15:31Z,d186f2993f4a5211c7662571e948fb6b6d4e8aab,false,task_scales_formal_v2,7231f75251f936897a0ceaeff59f3ad78024b920159114bb6e21a93475726178,task,Task1.pipeline,Task1,pipeline_total,pulse_compression+pulse_doppler+cfar_alpha+ca_cfar+ambgfun;private:step1+power,task1_pipeline__task1_s01_weak__4a4a6814111164aa,task1_s01_weak,10^2,512,"[16,32];waveform=[16]",ComplexFP32,gpu,fft_thrust,compatibility/end-to-end,PASS,OK,20,100,19,6.2845579999999996,true,4a4a6814111164aa4b1846a5afe43f5cfcd1f21b33f4093f4cf78f34b9009a8c,c4e9ef0c697b40486216e0941f9d2ea663cad2934cba6a798e76d8da64ed9248
1,20260810T123934Z_d186f2993f4a_source_isolated_fft_thrust_task1_pipeline_benchmark_task1_s01_weak,formal,2026-08-10T10:15:31Z,d186f2993f4a5211c7662571e948fb6b6d4e8aab,false,task_scales_formal_v2,7231f75251f936897a0ceaeff59f3ad78024b920159114bb6e21a93475726178,task,Task1.pipeline,Task1,pipeline_total,pulse_compression+pulse_doppler+cfar_alpha+ca_cfar+ambgfun;private:step1+power,task1_pipeline__task1_s01_weak__4a4a6814111164aa,task1_s01_weak,10^2,512,"[16,32];waveform=[16]",ComplexFP32,cpu,fft_thrust,compatibility/end-to-end,PASS,OK,20,100,20,2.2851979999999998,true,4a4a6814111164aa4b1846a5afe43f5cfcd1f21b33f4093f4cf78f34b9009a8c,96964952282adf9ae7ed99a66ba9080d0cbbc2c3e081547855d7121e6f28ea93
1,20260810T123934Z_d186f2993f4a_source_isolated_fft_thrust_task1_pipeline_benchmark_task1_s01_weak,formal,2026-08-10T10:15:31Z,d186f2993f4a5211c7662571e948fb6b6d4e8aab,false,task_scales_formal_v2,7231f75251f936897a0ceaeff59f3ad78024b920159114bb6e21a93475726178,task,Task1.pipeline,Task1,pipeline_total,pulse_compression+pulse_doppler+cfar_alpha+ca_cfar+ambgfun;private:step1+power,task1_pipeline__task1_s01_weak__4a4a6814111164aa,task1_s01_weak,10^2,512,"[16,32];waveform=[16]",ComplexFP32,gpu,fft_thrust,compatibility/end-to-end,PASS,OK,20,100,20,6.204447,true,4a4a6814111164aa4b1846a5afe43f5cfcd1f21b33f4093f4cf78f34b9009a8c,c4e9ef0c697b40486216e0941f9d2ea663cad2934cba6a798e76d8da64ed9248
1,20260810T123934Z_d186f2993f4a_source_isolated_fft_thrust_task1_pipeline_benchmark_task1_s01_weak,formal,2026-08-10T10:15:31Z,d186f2993f4a5211c7662571e948fb6b6d4e8aab,false,task_scales_formal_v2,7231f75251f936897a0ceaeff59f3ad78024b920159114bb6e21a93475726178,task,Task1.pipeline,Task1,pipeline_total,pulse_compression+pulse_doppler+cfar_alpha+ca_cfar+ambgfun;private:step1+power,task1_pipeline__task1_s01_weak__4a4a6814111164aa,task1_s01_weak,10^2,512,"[16,32];waveform=[16]",ComplexFP32,cpu,fft_thrust,compatibility/end-to-end,PASS,OK,20,100,21,2.2674479999999999,true,4a4a6814111164aa4b1846a5afe43f5cfcd1f21b33f4093f4cf78f34b9009a8c,96964952282adf9ae7ed99a66ba9080d0cbbc2c3e081547855d7121e6f28ea93
1,20260810T123934Z_d186f2993f4a_source_isolated_fft_thrust_task1_pipeline_benchmark_task1_s01_weak,formal,2026-08-10T10:15:31Z,d186f2993f4a5211c7662571e948fb6b6d4e8aab,false,task_scales_formal_v2,7231f75251f936897a0ceaeff59f3ad78024b920159114bb6e21a93475726178,task,Task1.pipeline,Task1,pipeline_total,pulse_compression+pulse_doppler+cfar_alpha+ca_cfar+ambgfun;private:step1+power,task1_pipeline__task1_s01_weak__4a4a6814111164aa,task1_s01_weak,10^2,512,"[16,32];waveform=[16]",ComplexFP32,gpu,fft_thrust,compatibility/end-to-end,PASS,OK,20,100,21,6.3086690000000001,true,4a4a6814111164aa4b1846a5afe43f5cfcd1f21b33f4093f4cf78f34b9009a8c,c4e9ef0c697b40486216e0941f9d2ea663cad2934cba6a798e76d8da64ed9248
1,20260810T123934Z_d186f2993f4a_source_isolated_fft_thrust_task1_pipeline_benchmark_task1_s01_weak,formal,2026-08-10T10:15:31Z,d186f2993f4a5211c7662571e948fb6b6d4e8aab,false,task_scales_formal_v2,7231f75251f936897a0ceaeff59f3ad78024b920159114bb6e21a93475726178,task,Task1.pipeline,Task1,pipeline_total,pulse_compression+pulse_doppler+cfar_alpha+ca_cfar+ambgfun;private:step1+power,task1_pipeline__task1_s01_weak__4a4a6814111164aa,task1_s01_weak,10^2,512,"[16,32];waveform=[16]",ComplexFP32,cpu,fft_thrust,compatibility/end-to-end,PASS,OK,20,100,22,2.2735479999999999,true,4a4a6814111164aa4b1846a5afe43f5cfcd1f21b33f4093f4cf78f34b9009a8c,96964952282adf9ae7ed99a66ba9080d0cbbc2c3e081547855d7121e6f28ea93
1,20260810T123934Z_d186f2993f4a_source_isolated_fft_thrust_task1_pipeline_benchmark_task1_s01_weak,formal,2026-08-10T10:15:31Z,d186f2993f4a5211c7662571e948fb6b6d4e8aab,false,task_scales_formal_v2,7231f75251f936897a0ceaeff59f3ad78024b920159114bb6e21a93475726178,task,Task1.pipeline,Task1,pipeline_total,pulse_compression+pulse_doppler+cfar_alpha+ca_cfar+ambgfun;private:step1+power,task1_pipeline__task1_s01_weak__4a4a6814111164aa,task1_s01_weak,10^2,512,"[16,32];waveform=[16]",ComplexFP32,gpu,fft_thrust,compatibility/end-to-end,PASS,OK,20,100,22,6.3335679999999996,true,4a4a6814111164aa4b1846a5afe43f5cfcd1f21b33f4093f4cf78f34b9009a8c,c4e9ef0c697b40486216e0941f9d2ea663cad2934cba6a798e76d8da64ed9248
1,20260810T123934Z_d186f2993f4a_source_isolated_fft_thrust_task1_pipeline_benchmark_task1_s01_weak,formal,2026-08-10T10:15:31Z,d186f2993f4a5211c7662571e948fb6b6d4e8aab,false,task_scales_formal_v2,7231f75251f936897a0ceaeff59f3ad78024b920159114bb6e21a93475726178,task,Task1.pipeline,Task1,pipeline_total,pulse_compression+pulse_doppler+cfar_alpha+ca_cfar+ambgfun;private:step1+power,task1_pipeline__task1_s01_weak__4a4a6814111164aa,task1_s01_weak,10^2,512,"[16,32];waveform=[16]",ComplexFP32,cpu,fft_thrust,compatibility/end-to-end,PASS,OK,20,100,23,2.2887979999999999,true,4a4a6814111164aa4b1846a5afe43f5cfcd1f21b33f4093f4cf78f34b9009a8c,96964952282adf9ae7ed99a66ba9080d0cbbc2c3e081547855d7121e6f28ea93
1,20260810T123934Z_d186f2993f4a_source_isolated_fft_thrust_task1_pipeline_benchmark_task1_s01_weak,formal,2026-08-10T10:15:31Z,d186f2993f4a5211c7662571e948fb6b6d4e8aab,false,task_scales_formal_v2,7231f75251f936897a0ceaeff59f3ad78024b920159114bb6e21a93475726178,task,Task1.pipeline,Task1,pipeline_total,pulse_compression+pulse_doppler+cfar_alpha+ca_cfar+ambgfun;private:step1+power,task1_pipeline__task1_s01_weak__4a4a6814111164aa,task1_s01_weak,10^2,512,"[16,32];waveform=[16]",ComplexFP32,gpu,fft_thrust,compatibility/end-to-end,PASS,OK,20,100,23,6.266438,true,4a4a6814111164aa4b1846a5afe43f5cfcd1f21b33f4093f4cf78f34b9009a8c,c4e9ef0c697b40486216e0941f9d2ea663cad2934cba6a798e76d8da64ed9248
1,20260810T123934Z_d186f2993f4a_source_isolated_fft_thrust_task1_pipeline_benchmark_task1_s01_weak,formal,2026-08-10T10:15:31Z,d186f2993f4a5211c7662571e948fb6b6d4e8aab,false,task_scales_formal_v2,7231f75251f936897a0ceaeff59f3ad78024b920159114bb6e21a93475726178,task,Task1.pipeline,Task1,pipeline_total,pulse_compression+pulse_doppler+cfar_alpha+ca_cfar+ambgfun;private:step1+power,task1_pipeline__task1_s01_weak__4a4a6814111164aa,task1_s01_weak,10^2,512,"[16,32];waveform=[16]",ComplexFP32,cpu,fft_thrust,compatibility/end-to-end,PASS,OK,20,100,24,2.278178,true,4a4a6814111164aa4b1846a5afe43f5cfcd1f21b33f4093f4cf78f34b9009a8c,96964952282adf9ae7ed99a66ba9080d0cbbc2c3e081547855d7121e6f28ea93
1,20260810T123934Z_d186f2993f4a_source_isolated_fft_thrust_task1_pipeline_benchmark_task1_s01_weak,formal,2026-08-10T10:15:31Z,d186f2993f4a5211c7662571e948fb6b6d4e8aab,false,task_scales_formal_v2,7231f75251f936897a0ceaeff59f3ad78024b920159114bb6e21a93475726178,task,Task1.pipeline,Task1,pipeline_total,pulse_compression+pulse_doppler+cfar_alpha+ca_cfar+ambgfun;private:step1+power,task1_pipeline__task1_s01_weak__4a4a6814111164aa,task1_s01_weak,10^2,512,"[16,32];waveform=[16]",ComplexFP32,gpu,fft_thrust,compatibility/end-to-end,PASS,OK,20,100,24,6.3041289999999996,true,4a4a6814111164aa4b1846a5afe43f5cfcd1f21b33f4093f4cf78f34b9009a8c,c4e9ef0c697b40486216e0941f9d2ea663cad2934cba6a798e76d8da64ed9248
1,20260810T123934Z_d186f2993f4a_source_isolated_fft_thrust_task1_pipeline_benchmark_task1_s01_weak,formal,2026-08-10T10:15:31Z,d186f2993f4a5211c7662571e948fb6b6d4e8aab,false,task_scales_formal_v2,7231f75251f936897a0ceaeff59f3ad78024b920159114bb6e21a93475726178,task,Task1.pipeline,Task1,pipeline_total,pulse_compression+pulse_doppler+cfar_alpha+ca_cfar+ambgfun;private:step1+power,task1_pipeline__task1_s01_weak__4a4a6814111164aa,task1_s01_weak,10^2,512,"[16,32];waveform=[16]",ComplexFP32,cpu,fft_thrust,compatibility/end-to-end,PASS,OK,20,100,25,2.2654969999999999,true,4a4a6814111164aa4b1846a5afe43f5cfcd1f21b33f4093f4cf78f34b9009a8c,96964952282adf9ae7ed99a66ba9080d0cbbc2c3e081547855d7121e6f28ea93
1,20260810T123934Z_d186f2993f4a_source_isolated_fft_thrust_task1_pipeline_benchmark_task1_s01_weak,formal,2026-08-10T10:15:31Z,d186f2993f4a5211c7662571e948fb6b6d4e8aab,false,task_scales_formal_v2,7231f75251f936897a0ceaeff59f3ad78024b920159114bb6e21a93475726178,task,Task1.pipeline,Task1,pipeline_total,pulse_compression+pulse_doppler+cfar_alpha+ca_cfar+ambgfun;private:step1+power,task1_pipeline__task1_s01_weak__4a4a6814111164aa,task1_s01_weak,10^2,512,"[16,32];waveform=[16]",ComplexFP32,gpu,fft_thrust,compatibility/end-to-end,PASS,OK,20,100,25,6.5602910000000003,true,4a4a6814111164aa4b1846a5afe43f5cfcd1f21b33f4093f4cf78f34b9009a8c,c4e9ef0c697b40486216e0941f9d2ea663cad2934cba6a798e76d8da64ed9248
1,20260810T123934Z_d186f2993f4a_source_isolated_fft_thrust_task1_pipeline_benchmark_task1_s01_weak,formal,2026-08-10T10:15:31Z,d186f2993f4a5211c7662571e948fb6b6d4e8aab,false,task_scales_formal_v2,7231f75251f936897a0ceaeff59f3ad78024b920159114bb6e21a93475726178,task,Task1.pipeline,Task1,pipeline_total,pulse_compression+pulse_doppler+cfar_alpha+ca_cfar+ambgfun;private:step1+power,task1_pipeline__task1_s01_weak__4a4a6814111164aa,task1_s01_weak,10^2,512,"[16,32];waveform=[16]",ComplexFP32,cpu,fft_thrust,compatibility/end-to-end,PASS,OK,20,100,26,2.2704780000000002,true,4a4a6814111164aa4b1846a5afe43f5cfcd1f21b33f4093f4cf78f34b9009a8c,96964952282adf9ae7ed99a66ba9080d0cbbc2c3e081547855d7121e6f28ea93
1,20260810T123934Z_d186f2993f4a_source_isolated_fft_thrust_task1_pipeline_benchmark_task1_s01_weak,formal,2026-08-10T10:15:31Z,d186f2993f4a5211c7662571e948fb6b6d4e8aab,false,task_scales_formal_v2,7231f75251f936897a0ceaeff59f3ad78024b920159114bb6e21a93475726178,task,Task1.pipeline,Task1,pipeline_total,pulse_compression+pulse_doppler+cfar_alpha+ca_cfar+ambgfun;private:step1+power,task1_pipeline__task1_s01_weak__4a4a6814111164aa,task1_s01_weak,10^2,512,"[16,32];waveform=[16]",ComplexFP32,gpu,fft_thrust,compatibility/end-to-end,PASS,OK,20,100,26,6.7079329999999997,true,4a4a6814111164aa4b1846a5afe43f5cfcd1f21b33f4093f4cf78f34b9009a8c,c4e9ef0c697b40486216e0941f9d2ea663cad2934cba6a798e76d8da64ed9248
1,20260810T123934Z_d186f2993f4a_source_isolated_fft_thrust_task1_pipeline_benchmark_task1_s01_weak,formal,2026-08-10T10:15:31Z,d186f2993f4a5211c7662571e948fb6b6d4e8aab,false,task_scales_formal_v2,7231f75251f936897a0ceaeff59f3ad78024b920159114bb6e21a93475726178,task,Task1.pipeline,Task1,pipeline_total,pulse_compression+pulse_doppler+cfar_alpha+ca_cfar+ambgfun;private:step1+power,task1_pipeline__task1_s01_weak__4a4a6814111164aa,task1_s01_weak,10^2,512,"[16,32];waveform=[16]",ComplexFP32,cpu,fft_thrust,compatibility/end-to-end,PASS,OK,20,100,27,2.265307,true,4a4a6814111164aa4b1846a5afe43f5cfcd1f21b33f4093f4cf78f34b9009a8c,96964952282adf9ae7ed99a66ba9080d0cbbc2c3e081547855d7121e6f28ea93
1,20260810T123934Z_d186f2993f4a_source_isolated_fft_thrust_task1_pipeline_benchmark_task1_s01_weak,formal,2026-08-10T10:15:31Z,d186f2993f4a5211c7662571e948fb6b6d4e8aab,false,task_scales_formal_v2,7231f75251f936897a0ceaeff59f3ad78024b920159114bb6e21a93475726178,task,Task1.pipeline,Task1,pipeline_total,pulse_compression+pulse_doppler+cfar_alpha+ca_cfar+ambgfun;private:step1+power,task1_pipeline__task1_s01_weak__4a4a6814111164aa,task1_s01_weak,10^2,512,"[16,32];waveform=[16]",ComplexFP32,gpu,fft_thrust,compatibility/end-to-end,PASS,OK,20,100,27,6.5372510000000004,true,4a4a6814111164aa4b1846a5afe43f5cfcd1f21b33f4093f4cf78f34b9009a8c,c4e9ef0c697b40486216e0941f9d2ea663cad2934cba6a798e76d8da64ed9248
1,20260810T123934Z_d186f2993f4a_source_isolated_fft_thrust_task1_pipeline_benchmark_task1_s01_weak,formal,2026-08-10T10:15:31Z,d186f2993f4a5211c7662571e948fb6b6d4e8aab,false,task_scales_formal_v2,7231f75251f936897a0ceaeff59f3ad78024b920159114bb6e21a93475726178,task,Task1.pipeline,Task1,pipeline_total,pulse_compression+pulse_doppler+cfar_alpha+ca_cfar+ambgfun;private:step1+power,task1_pipeline__task1_s01_weak__4a4a6814111164aa,task1_s01_weak,10^2,512,"[16,32];waveform=[16]",ComplexFP32,cpu,fft_thrust,compatibility/end-to-end,PASS,OK,20,100,28,2.262238,true,4a4a6814111164aa4b1846a5afe43f5cfcd1f21b33f4093f4cf78f34b9009a8c,96964952282adf9ae7ed99a66ba9080d0cbbc2c3e081547855d7121e6f28ea93
1,20260810T123934Z_d186f2993f4a_source_isolated_fft_thrust_task1_pipeline_benchmark_task1_s01_weak,formal,2026-08-10T10:15:31Z,d186f2993f4a5211c7662571e948fb6b6d4e8aab,false,task_scales_formal_v2,7231f75251f936897a0ceaeff59f3ad78024b920159114bb6e21a93475726178,task,Task1.pipeline,Task1,pipeline_total,pulse_compression+pulse_doppler+cfar_alpha+ca_cfar+ambgfun;private:step1+power,task1_pipeline__task1_s01_weak__4a4a6814111164aa,task1_s01_weak,10^2,512,"[16,32];waveform=[16]",ComplexFP32,gpu,fft_thrust,compatibility/end-to-end,PASS,OK,20,100,28,6.2080469999999996,true,4a4a6814111164aa4b1846a5afe43f5cfcd1f21b33f4093f4cf78f34b9009a8c,c4e9ef0c697b40486216e0941f9d2ea663cad2934cba6a798e76d8da64ed9248
1,20260810T123934Z_d186f2993f4a_source_isolated_fft_thrust_task1_pipeline_benchmark_task1_s01_weak,formal,2026-08-10T10:15:31Z,d186f2993f4a5211c7662571e948fb6b6d4e8aab,false,task_scales_formal_v2,7231f75251f936897a0ceaeff59f3ad78024b920159114bb6e21a93475726178,task,Task1.pipeline,Task1,pipeline_total,pulse_compression+pulse_doppler+cfar_alpha+ca_cfar+ambgfun;private:step1+power,task1_pipeline__task1_s01_weak__4a4a6814111164aa,task1_s01_weak,10^2,512,"[16,32];waveform=[16]",ComplexFP32,cpu,fft_thrust,compatibility/end-to-end,PASS,OK,20,100,29,2.2786979999999999,true,4a4a6814111164aa4b1846a5afe43f5cfcd1f21b33f4093f4cf78f34b9009a8c,96964952282adf9ae7ed99a66ba9080d0cbbc2c3e081547855d7121e6f28ea93
1,20260810T123934Z_d186f2993f4a_source_isolated_fft_thrust_task1_pipeline_benchmark_task1_s01_weak,formal,2026-08-10T10:15:31Z,d186f2993f4a5211c7662571e948fb6b6d4e8aab,false,task_scales_formal_v2,7231f75251f936897a0ceaeff59f3ad78024b920159114bb6e21a93475726178,task,Task1.pipeline,Task1,pipeline_total,pulse_compression+pulse_doppler+cfar_alpha+ca_cfar+ambgfun;private:step1+power,task1_pipeline__task1_s01_weak__4a4a6814111164aa,task1_s01_weak,10^2,512,"[16,32];waveform=[16]",ComplexFP32,gpu,fft_thrust,compatibility/end-to-end,PASS,OK,20,100,29,6.2874480000000004,true,4a4a6814111164aa4b1846a5afe43f5cfcd1f21b33f4093f4cf78f34b9009a8c,c4e9ef0c697b40486216e0941f9d2ea663cad2934cba6a798e76d8da64ed9248
1,20260810T123934Z_d186f2993f4a_source_isolated_fft_thrust_task1_pipeline_benchmark_task1_s01_weak,formal,2026-08-10T10:15:31Z,d186f2993f4a5211c7662571e948fb6b6d4e8aab,false,task_scales_formal_v2,7231f75251f936897a0ceaeff59f3ad78024b920159114bb6e21a93475726178,task,Task1.pipeline,Task1,pipeline_total,pulse_compression+pulse_doppler+cfar_alpha+ca_cfar+ambgfun;private:step1+power,task1_pipeline__task1_s01_weak__4a4a6814111164aa,task1_s01_weak,10^2,512,"[16,32];waveform=[16]",ComplexFP32,cpu,fft_thrust,compatibility/end-to-end,PASS,OK,20,100,30,2.2859790000000002,true,4a4a6814111164aa4b1846a5afe43f5cfcd1f21b33f4093f4cf78f34b9009a8c,96964952282adf9ae7ed99a66ba9080d0cbbc2c3e081547855d7121e6f28ea93
1,20260810T123934Z_d186f2993f4a_source_isolated_fft_thrust_task1_pipeline_benchmark_task1_s01_weak,formal,2026-08-10T10:15:31Z,d186f2993f4a5211c7662571e948fb6b6d4e8aab,false,task_scales_formal_v2,7231f75251f936897a0ceaeff59f3ad78024b920159114bb6e21a93475726178,task,Task1.pipeline,Task1,pipeline_total,pulse_compression+pulse_doppler+cfar_alpha+ca_cfar+ambgfun;private:step1+power,task1_pipeline__task1_s01_weak__4a4a6814111164aa,task1_s01_weak,10^2,512,"[16,32];waveform=[16]",ComplexFP32,gpu,fft_thrust,compatibility/end-to-end,PASS,OK,20,100,30,6.5697419999999997,true,4a4a6814111164aa4b1846a5afe43f5cfcd1f21b33f4093f4cf78f34b9009a8c,c4e9ef0c697b40486216e0941f9d2ea663cad2934cba6a798e76d8da64ed9248
1,20260810T123934Z_d186f2993f4a_source_isolated_fft_thrust_task1_pipeline_benchmark_task1_s01_weak,formal,2026-08-10T10:15:31Z,d186f2993f4a5211c7662571e948fb6b6d4e8aab,false,task_scales_formal_v2,7231f75251f936897a0ceaeff59f3ad78024b920159114bb6e21a93475726178,task,Task1.pipeline,Task1,pipeline_total,pulse_compression+pulse_doppler+cfar_alpha+ca_cfar+ambgfun;private:step1+power,task1_pipeline__task1_s01_weak__4a4a6814111164aa,task1_s01_weak,10^2,512,"[16,32];waveform=[16]",ComplexFP32,cpu,fft_thrust,compatibility/end-to-end,PASS,OK,20,100,31,2.275398,true,4a4a6814111164aa4b1846a5afe43f5cfcd1f21b33f4093f4cf78f34b9009a8c,96964952282adf9ae7ed99a66ba9080d0cbbc2c3e081547855d7121e6f28ea93
1,20260810T123934Z_d186f2993f4a_source_isolated_fft_thrust_task1_pipeline_benchmark_task1_s01_weak,formal,2026-08-10T10:15:31Z,d186f2993f4a5211c7662571e948fb6b6d4e8aab,false,task_scales_formal_v2,7231f75251f936897a0ceaeff59f3ad78024b920159114bb6e21a93475726178,task,Task1.pipeline,Task1,pipeline_total,pulse_compression+pulse_doppler+cfar_alpha+ca_cfar+ambgfun;private:step1+power,task1_pipeline__task1_s01_weak__4a4a6814111164aa,task1_s01_weak,10^2,512,"[16,32];waveform=[16]",ComplexFP32,gpu,fft_thrust,compatibility/end-to-end,PASS,OK,20,100,31,6.3433989999999998,true,4a4a6814111164aa4b1846a5afe43f5cfcd1f21b33f4093f4cf78f34b9009a8c,c4e9ef0c697b40486216e0941f9d2ea663cad2934cba6a798e76d8da64ed9248
1,20260810T123934Z_d186f2993f4a_source_isolated_fft_thrust_task1_pipeline_benchmark_task1_s01_weak,formal,2026-08-10T10:15:31Z,d186f2993f4a5211c7662571e948fb6b6d4e8aab,false,task_scales_formal_v2,7231f75251f936897a0ceaeff59f3ad78024b920159114bb6e21a93475726178,task,Task1.pipeline,Task1,pipeline_total,pulse_compression+pulse_doppler+cfar_alpha+ca_cfar+ambgfun;private:step1+power,task1_pipeline__task1_s01_weak__4a4a6814111164aa,task1_s01_weak,10^2,512,"[16,32];waveform=[16]",ComplexFP32,cpu,fft_thrust,compatibility/end-to-end,PASS,OK,20,100,32,2.264678,true,4a4a6814111164aa4b1846a5afe43f5cfcd1f21b33f4093f4cf78f34b9009a8c,96964952282adf9ae7ed99a66ba9080d0cbbc2c3e081547855d7121e6f28ea93
1,20260810T123934Z_d186f2993f4a_source_isolated_fft_thrust_task1_pipeline_benchmark_task1_s01_weak,formal,2026-08-10T10:15:31Z,d186f2993f4a5211c7662571e948fb6b6d4e8aab,false,task_scales_formal_v2,7231f75251f936897a0ceaeff59f3ad78024b920159114bb6e21a93475726178,task,Task1.pipeline,Task1,pipeline_total,pulse_compression+pulse_doppler+cfar_alpha+ca_cfar+ambgfun;private:step1+power,task1_pipeline__task1_s01_weak__4a4a6814111164aa,task1_s01_weak,10^2,512,"[16,32];waveform=[16]",ComplexFP32,gpu,fft_thrust,compatibility/end-to-end,PASS,OK,20,100,32,6.4935809999999998,true,4a4a6814111164aa4b1846a5afe43f5cfcd1f21b33f4093f4cf78f34b9009a8c,c4e9ef0c697b40486216e0941f9d2ea663cad2934cba6a798e76d8da64ed9248
1,20260810T123934Z_d186f2993f4a_source_isolated_fft_thrust_task1_pipeline_benchmark_task1_s01_weak,formal,2026-08-10T10:15:31Z,d186f2993f4a5211c7662571e948fb6b6d4e8aab,false,task_scales_formal_v2,7231f75251f936897a0ceaeff59f3ad78024b920159114bb6e21a93475726178,task,Task1.pipeline,Task1,pipeline_total,pulse_compression+pulse_doppler+cfar_alpha+ca_cfar+ambgfun;private:step1+power,task1_pipeline__task1_s01_weak__4a4a6814111164aa,task1_s01_weak,10^2,512,"[16,32];waveform=[16]",ComplexFP32,cpu,fft_thrust,compatibility/end-to-end,PASS,OK,20,100,33,2.2663180000000001,true,4a4a6814111164aa4b1846a5afe43f5cfcd1f21b33f4093f4cf78f34b9009a8c,96964952282adf9ae7ed99a66ba9080d0cbbc2c3e081547855d7121e6f28ea93
1,20260810T123934Z_d186f2993f4a_source_isolated_fft_thrust_task1_pipeline_benchmark_task1_s01_weak,formal,2026-08-10T10:15:31Z,d186f2993f4a5211c7662571e948fb6b6d4e8aab,false,task_scales_formal_v2,7231f75251f936897a0ceaeff59f3ad78024b920159114bb6e21a93475726178,task,Task1.pipeline,Task1,pipeline_total,pulse_compression+pulse_doppler+cfar_alpha+ca_cfar+ambgfun;private:step1+power,task1_pipeline__task1_s01_weak__4a4a6814111164aa,task1_s01_weak,10^2,512,"[16,32];waveform=[16]",ComplexFP32,gpu,fft_thrust,compatibility/end-to-end,PASS,OK,20,100,33,6.7065840000000003,true,4a4a6814111164aa4b1846a5afe43f5cfcd1f21b33f4093f4cf78f34b9009a8c,c4e9ef0c697b40486216e0941f9d2ea663cad2934cba6a798e76d8da64ed9248
1,20260810T123934Z_d186f2993f4a_source_isolated_fft_thrust_task1_pipeline_benchmark_task1_s01_weak,formal,2026-08-10T10:15:31Z,d186f2993f4a5211c7662571e948fb6b6d4e8aab,false,task_scales_formal_v2,7231f75251f936897a0ceaeff59f3ad78024b920159114bb6e21a93475726178,task,Task1.pipeline,Task1,pipeline_total,pulse_compression+pulse_doppler+cfar_alpha+ca_cfar+ambgfun;private:step1+power,task1_pipeline__task1_s01_weak__4a4a6814111164aa,task1_s01_weak,10^2,512,"[16,32];waveform=[16]",ComplexFP32,cpu,fft_thrust,compatibility/end-to-end,PASS,OK,20,100,34,2.2663880000000001,true,4a4a6814111164aa4b1846a5afe43f5cfcd1f21b33f4093f4cf78f34b9009a8c,96964952282adf9ae7ed99a66ba9080d0cbbc2c3e081547855d7121e6f28ea93
1,20260810T123934Z_d186f2993f4a_source_isolated_fft_thrust_task1_pipeline_benchmark_task1_s01_weak,formal,2026-08-10T10:15:31Z,d186f2993f4a5211c7662571e948fb6b6d4e8aab,false,task_scales_formal_v2,7231f75251f936897a0ceaeff59f3ad78024b920159114bb6e21a93475726178,task,Task1.pipeline,Task1,pipeline_total,pulse_compression+pulse_doppler+cfar_alpha+ca_cfar+ambgfun;private:step1+power,task1_pipeline__task1_s01_weak__4a4a6814111164aa,task1_s01_weak,10^2,512,"[16,32];waveform=[16]",ComplexFP32,gpu,fft_thrust,compatibility/end-to-end,PASS,OK,20,100,34,6.4334090000000002,true,4a4a6814111164aa4b1846a5afe43f5cfcd1f21b33f4093f4cf78f34b9009a8c,c4e9ef0c697b40486216e0941f9d2ea663cad2934cba6a798e76d8da64ed9248
1,20260810T123934Z_d186f2993f4a_source_isolated_fft_thrust_task1_pipeline_benchmark_task1_s01_weak,formal,2026-08-10T10:15:31Z,d186f2993f4a5211c7662571e948fb6b6d4e8aab,false,task_scales_formal_v2,7231f75251f936897a0ceaeff59f3ad78024b920159114bb6e21a93475726178,task,Task1.pipeline,Task1,pipeline_total,pulse_compression+pulse_doppler+cfar_alpha+ca_cfar+ambgfun;private:step1+power,task1_pipeline__task1_s01_weak__4a4a6814111164aa,task1_s01_weak,10^2,512,"[16,32];waveform=[16]",ComplexFP32,cpu,fft_thrust,compatibility/end-to-end,PASS,OK,20,100,35,2.2664979999999999,true,4a4a6814111164aa4b1846a5afe43f5cfcd1f21b33f4093f4cf78f34b9009a8c,96964952282adf9ae7ed99a66ba9080d0cbbc2c3e081547855d7121e6f28ea93
1,20260810T123934Z_d186f2993f4a_source_isolated_fft_thrust_task1_pipeline_benchmark_task1_s01_weak,formal,2026-08-10T10:15:31Z,d186f2993f4a5211c7662571e948fb6b6d4e8aab,false,task_scales_formal_v2,7231f75251f936897a0ceaeff59f3ad78024b920159114bb6e21a93475726178,task,Task1.pipeline,Task1,pipeline_total,pulse_compression+pulse_doppler+cfar_alpha+ca_cfar+ambgfun;private:step1+power,task1_pipeline__task1_s01_weak__4a4a6814111164aa,task1_s01_weak,10^2,512,"[16,32];waveform=[16]",ComplexFP32,gpu,fft_thrust,compatibility/end-to-end,PASS,OK,20,100,35,6.4947999999999997,true,4a4a6814111164aa4b1846a5afe43f5cfcd1f21b33f4093f4cf78f34b9009a8c,c4e9ef0c697b40486216e0941f9d2ea663cad2934cba6a798e76d8da64ed9248
1,20260810T123934Z_d186f2993f4a_source_isolated_fft_thrust_task1_pipeline_benchmark_task1_s01_weak,formal,2026-08-10T10:15:31Z,d186f2993f4a5211c7662571e948fb6b6d4e8aab,false,task_scales_formal_v2,7231f75251f936897a0ceaeff59f3ad78024b920159114bb6e21a93475726178,task,Task1.pipeline,Task1,pipeline_total,pulse_compression+pulse_doppler+cfar_alpha+ca_cfar+ambgfun;private:step1+power,task1_pipeline__task1_s01_weak__4a4a6814111164aa,task1_s01_weak,10^2,512,"[16,32];waveform=[16]",ComplexFP32,cpu,fft_thrust,compatibility/end-to-end,PASS,OK,20,100,36,2.2630279999999998,true,4a4a6814111164aa4b1846a5afe43f5cfcd1f21b33f4093f4cf78f34b9009a8c,96964952282adf9ae7ed99a66ba9080d0cbbc2c3e081547855d7121e6f28ea93
1,20260810T123934Z_d186f2993f4a_source_isolated_fft_thrust_task1_pipeline_benchmark_task1_s01_weak,formal,2026-08-10T10:15:31Z,d186f2993f4a5211c7662571e948fb6b6d4e8aab,false,task_scales_formal_v2,7231f75251f936897a0ceaeff59f3ad78024b920159114bb6e21a93475726178,task,Task1.pipeline,Task1,pipeline_total,pulse_compression+pulse_doppler+cfar_alpha+ca_cfar+ambgfun;private:step1+power,task1_pipeline__task1_s01_weak__4a4a6814111164aa,task1_s01_weak,10^2,512,"[16,32];waveform=[16]",ComplexFP32,gpu,fft_thrust,compatibility/end-to-end,PASS,OK,20,100,36,6.639672,true,4a4a6814111164aa4b1846a5afe43f5cfcd1f21b33f4093f4cf78f34b9009a8c,c4e9ef0c697b40486216e0941f9d2ea663cad2934cba6a798e76d8da64ed9248
1,20260810T123934Z_d186f2993f4a_source_isolated_fft_thrust_task1_pipeline_benchmark_task1_s01_weak,formal,2026-08-10T10:15:31Z,d186f2993f4a5211c7662571e948fb6b6d4e8aab,false,task_scales_formal_v2,7231f75251f936897a0ceaeff59f3ad78024b920159114bb6e21a93475726178,task,Task1.pipeline,Task1,pipeline_total,pulse_compression+pulse_doppler+cfar_alpha+ca_cfar+ambgfun;private:step1+power,task1_pipeline__task1_s01_weak__4a4a6814111164aa,task1_s01_weak,10^2,512,"[16,32];waveform=[16]",ComplexFP32,cpu,fft_thrust,compatibility/end-to-end,PASS,OK,20,100,37,2.2814580000000002,true,4a4a6814111164aa4b1846a5afe43f5cfcd1f21b33f4093f4cf78f34b9009a8c,96964952282adf9ae7ed99a66ba9080d0cbbc2c3e081547855d7121e6f28ea93
1,20260810T123934Z_d186f2993f4a_source_isolated_fft_thrust_task1_pipeline_benchmark_task1_s01_weak,formal,2026-08-10T10:15:31Z,d186f2993f4a5211c7662571e948fb6b6d4e8aab,false,task_scales_formal_v2,7231f75251f936897a0ceaeff59f3ad78024b920159114bb6e21a93475726178,task,Task1.pipeline,Task1,pipeline_total,pulse_compression+pulse_doppler+cfar_alpha+ca_cfar+ambgfun;private:step1+power,task1_pipeline__task1_s01_weak__4a4a6814111164aa,task1_s01_weak,10^2,512,"[16,32];waveform=[16]",ComplexFP32,gpu,fft_thrust,compatibility/end-to-end,PASS,OK,20,100,37,6.3465980000000002,true,4a4a6814111164aa4b1846a5afe43f5cfcd1f21b33f4093f4cf78f34b9009a8c,c4e9ef0c697b40486216e0941f9d2ea663cad2934cba6a798e76d8da64ed9248
1,20260810T123934Z_d186f2993f4a_source_isolated_fft_thrust_task1_pipeline_benchmark_task1_s01_weak,formal,2026-08-10T10:15:31Z,d186f2993f4a5211c7662571e948fb6b6d4e8aab,false,task_scales_formal_v2,7231f75251f936897a0ceaeff59f3ad78024b920159114bb6e21a93475726178,task,Task1.pipeline,Task1,pipeline_total,pulse_compression+pulse_doppler+cfar_alpha+ca_cfar+ambgfun;private:step1+power,task1_pipeline__task1_s01_weak__4a4a6814111164aa,task1_s01_weak,10^2,512,"[16,32];waveform=[16]",ComplexFP32,cpu,fft_thrust,compatibility/end-to-end,PASS,OK,20,100,38,2.2860079999999998,true,4a4a6814111164aa4b1846a5afe43f5cfcd1f21b33f4093f4cf78f34b9009a8c,96964952282adf9ae7ed99a66ba9080d0cbbc2c3e081547855d7121e6f28ea93
1,20260810T123934Z_d186f2993f4a_source_isolated_fft_thrust_task1_pipeline_benchmark_task1_s01_weak,formal,2026-08-10T10:15:31Z,d186f2993f4a5211c7662571e948fb6b6d4e8aab,false,task_scales_formal_v2,7231f75251f936897a0ceaeff59f3ad78024b920159114bb6e21a93475726178,task,Task1.pipeline,Task1,pipeline_total,pulse_compression+pulse_doppler+cfar_alpha+ca_cfar+ambgfun;private:step1+power,task1_pipeline__task1_s01_weak__4a4a6814111164aa,task1_s01_weak,10^2,512,"[16,32];waveform=[16]",ComplexFP32,gpu,fft_thrust,compatibility/end-to-end,PASS,OK,20,100,38,6.4034589999999998,true,4a4a6814111164aa4b1846a5afe43f5cfcd1f21b33f4093f4cf78f34b9009a8c,c4e9ef0c697b40486216e0941f9d2ea663cad2934cba6a798e76d8da64ed9248
1,20260810T123934Z_d186f2993f4a_source_isolated_fft_thrust_task1_pipeline_benchmark_task1_s01_weak,formal,2026-08-10T10:15:31Z,d186f2993f4a5211c7662571e948fb6b6d4e8aab,false,task_scales_formal_v2,7231f75251f936897a0ceaeff59f3ad78024b920159114bb6e21a93475726178,task,Task1.pipeline,Task1,pipeline_total,pulse_compression+pulse_doppler+cfar_alpha+ca_cfar+ambgfun;private:step1+power,task1_pipeline__task1_s01_weak__4a4a6814111164aa,task1_s01_weak,10^2,512,"[16,32];waveform=[16]",ComplexFP32,cpu,fft_thrust,compatibility/end-to-end,PASS,OK,20,100,39,2.2867980000000001,true,4a4a6814111164aa4b1846a5afe43f5cfcd1f21b33f4093f4cf78f34b9009a8c,96964952282adf9ae7ed99a66ba9080d0cbbc2c3e081547855d7121e6f28ea93
1,20260810T123934Z_d186f2993f4a_source_isolated_fft_thrust_task1_pipeline_benchmark_task1_s01_weak,formal,2026-08-10T10:15:31Z,d186f2993f4a5211c7662571e948fb6b6d4e8aab,false,task_scales_formal_v2,7231f75251f936897a0ceaeff59f3ad78024b920159114bb6e21a93475726178,task,Task1.pipeline,Task1,pipeline_total,pulse_compression+pulse_doppler+cfar_alpha+ca_cfar+ambgfun;private:step1+power,task1_pipeline__task1_s01_weak__4a4a6814111164aa,task1_s01_weak,10^2,512,"[16,32];waveform=[16]",ComplexFP32,gpu,fft_thrust,compatibility/end-to-end,PASS,OK,20,100,39,6.3156179999999997,true,4a4a6814111164aa4b1846a5afe43f5cfcd1f21b33f4093f4cf78f34b9009a8c,c4e9ef0c697b40486216e0941f9d2ea663cad2934cba6a798e76d8da64ed9248
1,20260810T123934Z_d186f2993f4a_source_isolated_fft_thrust_task1_pipeline_benchmark_task1_s01_weak,formal,2026-08-10T10:15:31Z,d186f2993f4a5211c7662571e948fb6b6d4e8aab,false,task_scales_formal_v2,7231f75251f936897a0ceaeff59f3ad78024b920159114bb6e21a93475726178,task,Task1.pipeline,Task1,pipeline_total,pulse_compression+pulse_doppler+cfar_alpha+ca_cfar+ambgfun;private:step1+power,task1_pipeline__task1_s01_weak__4a4a6814111164aa,task1_s01_weak,10^2,512,"[16,32];waveform=[16]",ComplexFP32,cpu,fft_thrust,compatibility/end-to-end,PASS,OK,20,100,40,2.2806479999999998,true,4a4a6814111164aa4b1846a5afe43f5cfcd1f21b33f4093f4cf78f34b9009a8c,96964952282adf9ae7ed99a66ba9080d0cbbc2c3e081547855d7121e6f28ea93
1,20260810T123934Z_d186f2993f4a_source_isolated_fft_thrust_task1_pipeline_benchmark_task1_s01_weak,formal,2026-08-10T10:15:31Z,d186f2993f4a5211c7662571e948fb6b6d4e8aab,false,task_scales_formal_v2,7231f75251f936897a0ceaeff59f3ad78024b920159114bb6e21a93475726178,task,Task1.pipeline,Task1,pipeline_total,pulse_compression+pulse_doppler+cfar_alpha+ca_cfar+ambgfun;private:step1+power,task1_pipeline__task1_s01_weak__4a4a6814111164aa,task1_s01_weak,10^2,512,"[16,32];waveform=[16]",ComplexFP32,gpu,fft_thrust,compatibility/end-to-end,PASS,OK,20,100,40,6.4801799999999998,true,4a4a6814111164aa4b1846a5afe43f5cfcd1f21b33f4093f4cf78f34b9009a8c,c4e9ef0c697b40486216e0941f9d2ea663cad2934cba6a798e76d8da64ed9248
1,20260810T123934Z_d186f2993f4a_source_isolated_fft_thrust_task1_pipeline_benchmark_task1_s01_weak,formal,2026-08-10T10:15:31Z,d186f2993f4a5211c7662571e948fb6b6d4e8aab,false,task_scales_formal_v2,7231f75251f936897a0ceaeff59f3ad78024b920159114bb6e21a93475726178,task,Task1.pipeline,Task1,pipeline_total,pulse_compression+pulse_doppler+cfar_alpha+ca_cfar+ambgfun;private:step1+power,task1_pipeline__task1_s01_weak__4a4a6814111164aa,task1_s01_weak,10^2,512,"[16,32];waveform=[16]",ComplexFP32,cpu,fft_thrust,compatibility/end-to-end,PASS,OK,20,100,41,2.2651979999999998,true,4a4a6814111164aa4b1846a5afe43f5cfcd1f21b33f4093f4cf78f34b9009a8c,96964952282adf9ae7ed99a66ba9080d0cbbc2c3e081547855d7121e6f28ea93
1,20260810T123934Z_d186f2993f4a_source_isolated_fft_thrust_task1_pipeline_benchmark_task1_s01_weak,formal,2026-08-10T10:15:31Z,d186f2993f4a5211c7662571e948fb6b6d4e8aab,false,task_scales_formal_v2,7231f75251f936897a0ceaeff59f3ad78024b920159114bb6e21a93475726178,task,Task1.pipeline,Task1,pipeline_total,pulse_compression+pulse_doppler+cfar_alpha+ca_cfar+ambgfun;private:step1+power,task1_pipeline__task1_s01_weak__4a4a6814111164aa,task1_s01_weak,10^2,512,"[16,32];waveform=[16]",ComplexFP32,gpu,fft_thrust,compatibility/end-to-end,PASS,OK,20,100,41,6.3118679999999996,true,4a4a6814111164aa4b1846a5afe43f5cfcd1f21b33f4093f4cf78f34b9009a8c,c4e9ef0c697b40486216e0941f9d2ea663cad2934cba6a798e76d8da64ed9248
1,20260810T123934Z_d186f2993f4a_source_isolated_fft_thrust_task1_pipeline_benchmark_task1_s01_weak,formal,2026-08-10T10:15:31Z,d186f2993f4a5211c7662571e948fb6b6d4e8aab,false,task_scales_formal_v2,7231f75251f936897a0ceaeff59f3ad78024b920159114bb6e21a93475726178,task,Task1.pipeline,Task1,pipeline_total,pulse_compression+pulse_doppler+cfar_alpha+ca_cfar+ambgfun;private:step1+power,task1_pipeline__task1_s01_weak__4a4a6814111164aa,task1_s01_weak,10^2,512,"[16,32];waveform=[16]",ComplexFP32,cpu,fft_thrust,compatibility/end-to-end,PASS,OK,20,100,42,2.261288,true,4a4a6814111164aa4b1846a5afe43f5cfcd1f21b33f4093f4cf78f34b9009a8c,96964952282adf9ae7ed99a66ba9080d0cbbc2c3e081547855d7121e6f28ea93
1,20260810T123934Z_d186f2993f4a_source_isolated_fft_thrust_task1_pipeline_benchmark_task1_s01_weak,formal,2026-08-10T10:15:31Z,d186f2993f4a5211c7662571e948fb6b6d4e8aab,false,task_scales_formal_v2,7231f75251f936897a0ceaeff59f3ad78024b920159114bb6e21a93475726178,task,Task1.pipeline,Task1,pipeline_total,pulse_compression+pulse_doppler+cfar_alpha+ca_cfar+ambgfun;private:step1+power,task1_pipeline__task1_s01_weak__4a4a6814111164aa,task1_s01_weak,10^2,512,"[16,32];waveform=[16]",ComplexFP32,gpu,fft_thrust,compatibility/end-to-end,PASS,OK,20,100,42,6.5082000000000004,true,4a4a6814111164aa4b1846a5afe43f5cfcd1f21b33f4093f4cf78f34b9009a8c,c4e9ef0c697b40486216e0941f9d2ea663cad2934cba6a798e76d8da64ed9248
1,20260810T123934Z_d186f2993f4a_source_isolated_fft_thrust_task1_pipeline_benchmark_task1_s01_weak,formal,2026-08-10T10:15:31Z,d186f2993f4a5211c7662571e948fb6b6d4e8aab,false,task_scales_formal_v2,7231f75251f936897a0ceaeff59f3ad78024b920159114bb6e21a93475726178,task,Task1.pipeline,Task1,pipeline_total,pulse_compression+pulse_doppler+cfar_alpha+ca_cfar+ambgfun;private:step1+power,task1_pipeline__task1_s01_weak__4a4a6814111164aa,task1_s01_weak,10^2,512,"[16,32];waveform=[16]",ComplexFP32,cpu,fft_thrust,compatibility/end-to-end,PASS,OK,20,100,43,2.263938,true,4a4a6814111164aa4b1846a5afe43f5cfcd1f21b33f4093f4cf78f34b9009a8c,96964952282adf9ae7ed99a66ba9080d0cbbc2c3e081547855d7121e6f28ea93
1,20260810T123934Z_d186f2993f4a_source_isolated_fft_thrust_task1_pipeline_benchmark_task1_s01_weak,formal,2026-08-10T10:15:31Z,d186f2993f4a5211c7662571e948fb6b6d4e8aab,false,task_scales_formal_v2,7231f75251f936897a0ceaeff59f3ad78024b920159114bb6e21a93475726178,task,Task1.pipeline,Task1,pipeline_total,pulse_compression+pulse_doppler+cfar_alpha+ca_cfar+ambgfun;private:step1+power,task1_pipeline__task1_s01_weak__4a4a6814111164aa,task1_s01_weak,10^2,512,"[16,32];waveform=[16]",ComplexFP32,gpu,fft_thrust,compatibility/end-to-end,PASS,OK,20,100,43,6.4738990000000003,true,4a4a6814111164aa4b1846a5afe43f5cfcd1f21b33f4093f4cf78f34b9009a8c,c4e9ef0c697b40486216e0941f9d2ea663cad2934cba6a798e76d8da64ed9248
1,20260810T123934Z_d186f2993f4a_source_isolated_fft_thrust_task1_pipeline_benchmark_task1_s01_weak,formal,2026-08-10T10:15:31Z,d186f2993f4a5211c7662571e948fb6b6d4e8aab,false,task_scales_formal_v2,7231f75251f936897a0ceaeff59f3ad78024b920159114bb6e21a93475726178,task,Task1.pipeline,Task1,pipeline_total,pulse_compression+pulse_doppler+cfar_alpha+ca_cfar+ambgfun;private:step1+power,task1_pipeline__task1_s01_weak__4a4a6814111164aa,task1_s01_weak,10^2,512,"[16,32];waveform=[16]",ComplexFP32,cpu,fft_thrust,compatibility/end-to-end,PASS,OK,20,100,44,2.2834479999999999,true,4a4a6814111164aa4b1846a5afe43f5cfcd1f21b33f4093f4cf78f34b9009a8c,96964952282adf9ae7ed99a66ba9080d0cbbc2c3e081547855d7121e6f28ea93
1,20260810T123934Z_d186f2993f4a_source_isolated_fft_thrust_task1_pipeline_benchmark_task1_s01_weak,formal,2026-08-10T10:15:31Z,d186f2993f4a5211c7662571e948fb6b6d4e8aab,false,task_scales_formal_v2,7231f75251f936897a0ceaeff59f3ad78024b920159114bb6e21a93475726178,task,Task1.pipeline,Task1,pipeline_total,pulse_compression+pulse_doppler+cfar_alpha+ca_cfar+ambgfun;private:step1+power,task1_pipeline__task1_s01_weak__4a4a6814111164aa,task1_s01_weak,10^2,512,"[16,32];waveform=[16]",ComplexFP32,gpu,fft_thrust,compatibility/end-to-end,PASS,OK,20,100,44,6.5501909999999999,true,4a4a6814111164aa4b1846a5afe43f5cfcd1f21b33f4093f4cf78f34b9009a8c,c4e9ef0c697b40486216e0941f9d2ea663cad2934cba6a798e76d8da64ed9248
1,20260810T123934Z_d186f2993f4a_source_isolated_fft_thrust_task1_pipeline_benchmark_task1_s01_weak,formal,2026-08-10T10:15:31Z,d186f2993f4a5211c7662571e948fb6b6d4e8aab,false,task_scales_formal_v2,7231f75251f936897a0ceaeff59f3ad78024b920159114bb6e21a93475726178,task,Task1.pipeline,Task1,pipeline_total,pulse_compression+pulse_doppler+cfar_alpha+ca_cfar+ambgfun;private:step1+power,task1_pipeline__task1_s01_weak__4a4a6814111164aa,task1_s01_weak,10^2,512,"[16,32];waveform=[16]",ComplexFP32,cpu,fft_thrust,compatibility/end-to-end,PASS,OK,20,100,45,2.284818,true,4a4a6814111164aa4b1846a5afe43f5cfcd1f21b33f4093f4cf78f34b9009a8c,96964952282adf9ae7ed99a66ba9080d0cbbc2c3e081547855d7121e6f28ea93
1,20260810T123934Z_d186f2993f4a_source_isolated_fft_thrust_task1_pipeline_benchmark_task1_s01_weak,formal,2026-08-10T10:15:31Z,d186f2993f4a5211c7662571e948fb6b6d4e8aab,false,task_scales_formal_v2,7231f75251f936897a0ceaeff59f3ad78024b920159114bb6e21a93475726178,task,Task1.pipeline,Task1,pipeline_total,pulse_compression+pulse_doppler+cfar_alpha+ca_cfar+ambgfun;private:step1+power,task1_pipeline__task1_s01_weak__4a4a6814111164aa,task1_s01_weak,10^2,512,"[16,32];waveform=[16]",ComplexFP32,gpu,fft_thrust,compatibility/end-to-end,PASS,OK,20,100,45,6.2452370000000004,true,4a4a6814111164aa4b1846a5afe43f5cfcd1f21b33f4093f4cf78f34b9009a8c,c4e9ef0c697b40486216e0941f9d2ea663cad2934cba6a798e76d8da64ed9248
1,20260810T123934Z_d186f2993f4a_source_isolated_fft_thrust_task1_pipeline_benchmark_task1_s01_weak,formal,2026-08-10T10:15:31Z,d186f2993f4a5211c7662571e948fb6b6d4e8aab,false,task_scales_formal_v2,7231f75251f936897a0ceaeff59f3ad78024b920159114bb6e21a93475726178,task,Task1.pipeline,Task1,pipeline_total,pulse_compression+pulse_doppler+cfar_alpha+ca_cfar+ambgfun;private:step1+power,task1_pipeline__task1_s01_weak__4a4a6814111164aa,task1_s01_weak,10^2,512,"[16,32];waveform=[16]",ComplexFP32,cpu,fft_thrust,compatibility/end-to-end,PASS,OK,20,100,46,2.2767279999999999,true,4a4a6814111164aa4b1846a5afe43f5cfcd1f21b33f4093f4cf78f34b9009a8c,96964952282adf9ae7ed99a66ba9080d0cbbc2c3e081547855d7121e6f28ea93
1,20260810T123934Z_d186f2993f4a_source_isolated_fft_thrust_task1_pipeline_benchmark_task1_s01_weak,formal,2026-08-10T10:15:31Z,d186f2993f4a5211c7662571e948fb6b6d4e8aab,false,task_scales_formal_v2,7231f75251f936897a0ceaeff59f3ad78024b920159114bb6e21a93475726178,task,Task1.pipeline,Task1,pipeline_total,pulse_compression+pulse_doppler+cfar_alpha+ca_cfar+ambgfun;private:step1+power,task1_pipeline__task1_s01_weak__4a4a6814111164aa,task1_s01_weak,10^2,512,"[16,32];waveform=[16]",ComplexFP32,gpu,fft_thrust,compatibility/end-to-end,PASS,OK,20,100,46,6.3333890000000004,true,4a4a6814111164aa4b1846a5afe43f5cfcd1f21b33f4093f4cf78f34b9009a8c,c4e9ef0c697b40486216e0941f9d2ea663cad2934cba6a798e76d8da64ed9248
1,20260810T123934Z_d186f2993f4a_source_isolated_fft_thrust_task1_pipeline_benchmark_task1_s01_weak,formal,2026-08-10T10:15:31Z,d186f2993f4a5211c7662571e948fb6b6d4e8aab,false,task_scales_formal_v2,7231f75251f936897a0ceaeff59f3ad78024b920159114bb6e21a93475726178,task,Task1.pipeline,Task1,pipeline_total,pulse_compression+pulse_doppler+cfar_alpha+ca_cfar+ambgfun;private:step1+power,task1_pipeline__task1_s01_weak__4a4a6814111164aa,task1_s01_weak,10^2,512,"[16,32];waveform=[16]",ComplexFP32,cpu,fft_thrust,compatibility/end-to-end,PASS,OK,20,100,47,2.266778,true,4a4a6814111164aa4b1846a5afe43f5cfcd1f21b33f4093f4cf78f34b9009a8c,96964952282adf9ae7ed99a66ba9080d0cbbc2c3e081547855d7121e6f28ea93
1,20260810T123934Z_d186f2993f4a_source_isolated_fft_thrust_task1_pipeline_benchmark_task1_s01_weak,formal,2026-08-10T10:15:31Z,d186f2993f4a5211c7662571e948fb6b6d4e8aab,false,task_scales_formal_v2,7231f75251f936897a0ceaeff59f3ad78024b920159114bb6e21a93475726178,task,Task1.pipeline,Task1,pipeline_total,pulse_compression+pulse_doppler+cfar_alpha+ca_cfar+ambgfun;private:step1+power,task1_pipeline__task1_s01_weak__4a4a6814111164aa,task1_s01_weak,10^2,512,"[16,32];waveform=[16]",ComplexFP32,gpu,fft_thrust,compatibility/end-to-end,PASS,OK,20,100,47,6.2756169999999996,true,4a4a6814111164aa4b1846a5afe43f5cfcd1f21b33f4093f4cf78f34b9009a8c,c4e9ef0c697b40486216e0941f9d2ea663cad2934cba6a798e76d8da64ed9248
1,20260810T123934Z_d186f2993f4a_source_isolated_fft_thrust_task1_pipeline_benchmark_task1_s01_weak,formal,2026-08-10T10:15:31Z,d186f2993f4a5211c7662571e948fb6b6d4e8aab,false,task_scales_formal_v2,7231f75251f936897a0ceaeff59f3ad78024b920159114bb6e21a93475726178,task,Task1.pipeline,Task1,pipeline_total,pulse_compression+pulse_doppler+cfar_alpha+ca_cfar+ambgfun;private:step1+power,task1_pipeline__task1_s01_weak__4a4a6814111164aa,task1_s01_weak,10^2,512,"[16,32];waveform=[16]",ComplexFP32,cpu,fft_thrust,compatibility/end-to-end,PASS,OK,20,100,48,2.2618580000000001,true,4a4a6814111164aa4b1846a5afe43f5cfcd1f21b33f4093f4cf78f34b9009a8c,96964952282adf9ae7ed99a66ba9080d0cbbc2c3e081547855d7121e6f28ea93
1,20260810T123934Z_d186f2993f4a_source_isolated_fft_thrust_task1_pipeline_benchmark_task1_s01_weak,formal,2026-08-10T10:15:31Z,d186f2993f4a5211c7662571e948fb6b6d4e8aab,false,task_scales_formal_v2,7231f75251f936897a0ceaeff59f3ad78024b920159114bb6e21a93475726178,task,Task1.pipeline,Task1,pipeline_total,pulse_compression+pulse_doppler+cfar_alpha+ca_cfar+ambgfun;private:step1+power,task1_pipeline__task1_s01_weak__4a4a6814111164aa,task1_s01_weak,10^2,512,"[16,32];waveform=[16]",ComplexFP32,gpu,fft_thrust,compatibility/end-to-end,PASS,OK,20,100,48,6.2512869999999996,true,4a4a6814111164aa4b1846a5afe43f5cfcd1f21b33f4093f4cf78f34b9009a8c,c4e9ef0c697b40486216e0941f9d2ea663cad2934cba6a798e76d8da64ed9248
1,20260810T123934Z_d186f2993f4a_source_isolated_fft_thrust_task1_pipeline_benchmark_task1_s01_weak,formal,2026-08-10T10:15:31Z,d186f2993f4a5211c7662571e948fb6b6d4e8aab,false,task_scales_formal_v2,7231f75251f936897a0ceaeff59f3ad78024b920159114bb6e21a93475726178,task,Task1.pipeline,Task1,pipeline_total,pulse_compression+pulse_doppler+cfar_alpha+ca_cfar+ambgfun;private:step1+power,task1_pipeline__task1_s01_weak__4a4a6814111164aa,task1_s01_weak,10^2,512,"[16,32];waveform=[16]",ComplexFP32,cpu,fft_thrust,compatibility/end-to-end,PASS,OK,20,100,49,2.2747679999999999,true,4a4a6814111164aa4b1846a5afe43f5cfcd1f21b33f4093f4cf78f34b9009a8c,96964952282adf9ae7ed99a66ba9080d0cbbc2c3e081547855d7121e6f28ea93
1,20260810T123934Z_d186f2993f4a_source_isolated_fft_thrust_task1_pipeline_benchmark_task1_s01_weak,formal,2026-08-10T10:15:31Z,d186f2993f4a5211c7662571e948fb6b6d4e8aab,false,task_scales_formal_v2,7231f75251f936897a0ceaeff59f3ad78024b920159114bb6e21a93475726178,task,Task1.pipeline,Task1,pipeline_total,pulse_compression+pulse_doppler+cfar_alpha+ca_cfar+ambgfun;private:step1+power,task1_pipeline__task1_s01_weak__4a4a6814111164aa,task1_s01_weak,10^2,512,"[16,32];waveform=[16]",ComplexFP32,gpu,fft_thrust,compatibility/end-to-end,PASS,OK,20,100,49,6.2534380000000001,true,4a4a6814111164aa4b1846a5afe43f5cfcd1f21b33f4093f4cf78f34b9009a8c,c4e9ef0c697b40486216e0941f9d2ea663cad2934cba6a798e76d8da64ed9248
1,20260810T123934Z_d186f2993f4a_source_isolated_fft_thrust_task1_pipeline_benchmark_task1_s01_weak,formal,2026-08-10T10:15:31Z,d186f2993f4a5211c7662571e948fb6b6d4e8aab,false,task_scales_formal_v2,7231f75251f936897a0ceaeff59f3ad78024b920159114bb6e21a93475726178,task,Task1.pipeline,Task1,pipeline_total,pulse_compression+pulse_doppler+cfar_alpha+ca_cfar+ambgfun;private:step1+power,task1_pipeline__task1_s01_weak__4a4a6814111164aa,task1_s01_weak,10^2,512,"[16,32];waveform=[16]",ComplexFP32,cpu,fft_thrust,compatibility/end-to-end,PASS,OK,20,100,50,2.3033679999999999,true,4a4a6814111164aa4b1846a5afe43f5cfcd1f21b33f4093f4cf78f34b9009a8c,96964952282adf9ae7ed99a66ba9080d0cbbc2c3e081547855d7121e6f28ea93
1,20260810T123934Z_d186f2993f4a_source_isolated_fft_thrust_task1_pipeline_benchmark_task1_s01_weak,formal,2026-08-10T10:15:31Z,d186f2993f4a5211c7662571e948fb6b6d4e8aab,false,task_scales_formal_v2,7231f75251f936897a0ceaeff59f3ad78024b920159114bb6e21a93475726178,task,Task1.pipeline,Task1,pipeline_total,pulse_compression+pulse_doppler+cfar_alpha+ca_cfar+ambgfun;private:step1+power,task1_pipeline__task1_s01_weak__4a4a6814111164aa,task1_s01_weak,10^2,512,"[16,32];waveform=[16]",ComplexFP32,gpu,fft_thrust,compatibility/end-to-end,PASS,OK,20,100,50,6.2596980000000002,true,4a4a6814111164aa4b1846a5afe43f5cfcd1f21b33f4093f4cf78f34b9009a8c,c4e9ef0c697b40486216e0941f9d2ea663cad2934cba6a798e76d8da64ed9248
1,20260810T123934Z_d186f2993f4a_source_isolated_fft_thrust_task1_pipeline_benchmark_task1_s01_weak,formal,2026-08-10T10:15:31Z,d186f2993f4a5211c7662571e948fb6b6d4e8aab,false,task_scales_formal_v2,7231f75251f936897a0ceaeff59f3ad78024b920159114bb6e21a93475726178,task,Task1.pipeline,Task1,pipeline_total,pulse_compression+pulse_doppler+cfar_alpha+ca_cfar+ambgfun;private:step1+power,task1_pipeline__task1_s01_weak__4a4a6814111164aa,task1_s01_weak,10^2,512,"[16,32];waveform=[16]",ComplexFP32,cpu,fft_thrust,compatibility/end-to-end,PASS,OK,20,100,51,2.2667989999999998,true,4a4a6814111164aa4b1846a5afe43f5cfcd1f21b33f4093f4cf78f34b9009a8c,96964952282adf9ae7ed99a66ba9080d0cbbc2c3e081547855d7121e6f28ea93
1,20260810T123934Z_d186f2993f4a_source_isolated_fft_thrust_task1_pipeline_benchmark_task1_s01_weak,formal,2026-08-10T10:15:31Z,d186f2993f4a5211c7662571e948fb6b6d4e8aab,false,task_scales_formal_v2,7231f75251f936897a0ceaeff59f3ad78024b920159114bb6e21a93475726178,task,Task1.pipeline,Task1,pipeline_total,pulse_compression+pulse_doppler+cfar_alpha+ca_cfar+ambgfun;private:step1+power,task1_pipeline__task1_s01_weak__4a4a6814111164aa,task1_s01_weak,10^2,512,"[16,32];waveform=[16]",ComplexFP32,gpu,fft_thrust,compatibility/end-to-end,PASS,OK,20,100,51,6.3573089999999999,true,4a4a6814111164aa4b1846a5afe43f5cfcd1f21b33f4093f4cf78f34b9009a8c,c4e9ef0c697b40486216e0941f9d2ea663cad2934cba6a798e76d8da64ed9248
1,20260810T123934Z_d186f2993f4a_source_isolated_fft_thrust_task1_pipeline_benchmark_task1_s01_weak,formal,2026-08-10T10:15:31Z,d186f2993f4a5211c7662571e948fb6b6d4e8aab,false,task_scales_formal_v2,7231f75251f936897a0ceaeff59f3ad78024b920159114bb6e21a93475726178,task,Task1.pipeline,Task1,pipeline_total,pulse_compression+pulse_doppler+cfar_alpha+ca_cfar+ambgfun;private:step1+power,task1_pipeline__task1_s01_weak__4a4a6814111164aa,task1_s01_weak,10^2,512,"[16,32];waveform=[16]",ComplexFP32,cpu,fft_thrust,compatibility/end-to-end,PASS,OK,20,100,52,2.2625579999999998,true,4a4a6814111164aa4b1846a5afe43f5cfcd1f21b33f4093f4cf78f34b9009a8c,96964952282adf9ae7ed99a66ba9080d0cbbc2c3e081547855d7121e6f28ea93
1,20260810T123934Z_d186f2993f4a_source_isolated_fft_thrust_task1_pipeline_benchmark_task1_s01_weak,formal,2026-08-10T10:15:31Z,d186f2993f4a5211c7662571e948fb6b6d4e8aab,false,task_scales_formal_v2,7231f75251f936897a0ceaeff59f3ad78024b920159114bb6e21a93475726178,task,Task1.pipeline,Task1,pipeline_total,pulse_compression+pulse_doppler+cfar_alpha+ca_cfar+ambgfun;private:step1+power,task1_pipeline__task1_s01_weak__4a4a6814111164aa,task1_s01_weak,10^2,512,"[16,32];waveform=[16]",ComplexFP32,gpu,fft_thrust,compatibility/end-to-end,PASS,OK,20,100,52,6.3208580000000003,true,4a4a6814111164aa4b1846a5afe43f5cfcd1f21b33f4093f4cf78f34b9009a8c,c4e9ef0c697b40486216e0941f9d2ea663cad2934cba6a798e76d8da64ed9248
1,20260810T123934Z_d186f2993f4a_source_isolated_fft_thrust_task1_pipeline_benchmark_task1_s01_weak,formal,2026-08-10T10:15:31Z,d186f2993f4a5211c7662571e948fb6b6d4e8aab,false,task_scales_formal_v2,7231f75251f936897a0ceaeff59f3ad78024b920159114bb6e21a93475726178,task,Task1.pipeline,Task1,pipeline_total,pulse_compression+pulse_doppler+cfar_alpha+ca_cfar+ambgfun;private:step1+power,task1_pipeline__task1_s01_weak__4a4a6814111164aa,task1_s01_weak,10^2,512,"[16,32];waveform=[16]",ComplexFP32,cpu,fft_thrust,compatibility/end-to-end,PASS,OK,20,100,53,2.2637079999999998,true,4a4a6814111164aa4b1846a5afe43f5cfcd1f21b33f4093f4cf78f34b9009a8c,96964952282adf9ae7ed99a66ba9080d0cbbc2c3e081547855d7121e6f28ea93
1,20260810T123934Z_d186f2993f4a_source_isolated_fft_thrust_task1_pipeline_benchmark_task1_s01_weak,formal,2026-08-10T10:15:31Z,d186f2993f4a5211c7662571e948fb6b6d4e8aab,false,task_scales_formal_v2,7231f75251f936897a0ceaeff59f3ad78024b920159114bb6e21a93475726178,task,Task1.pipeline,Task1,pipeline_total,pulse_compression+pulse_doppler+cfar_alpha+ca_cfar+ambgfun;private:step1+power,task1_pipeline__task1_s01_weak__4a4a6814111164aa,task1_s01_weak,10^2,512,"[16,32];waveform=[16]",ComplexFP32,gpu,fft_thrust,compatibility/end-to-end,PASS,OK,20,100,53,6.2635170000000002,true,4a4a6814111164aa4b1846a5afe43f5cfcd1f21b33f4093f4cf78f34b9009a8c,c4e9ef0c697b40486216e0941f9d2ea663cad2934cba6a798e76d8da64ed9248
1,20260810T123934Z_d186f2993f4a_source_isolated_fft_thrust_task1_pipeline_benchmark_task1_s01_weak,formal,2026-08-10T10:15:31Z,d186f2993f4a5211c7662571e948fb6b6d4e8aab,false,task_scales_formal_v2,7231f75251f936897a0ceaeff59f3ad78024b920159114bb6e21a93475726178,task,Task1.pipeline,Task1,pipeline_total,pulse_compression+pulse_doppler+cfar_alpha+ca_cfar+ambgfun;private:step1+power,task1_pipeline__task1_s01_weak__4a4a6814111164aa,task1_s01_weak,10^2,512,"[16,32];waveform=[16]",ComplexFP32,cpu,fft_thrust,compatibility/end-to-end,PASS,OK,20,100,54,2.2749790000000001,true,4a4a6814111164aa4b1846a5afe43f5cfcd1f21b33f4093f4cf78f34b9009a8c,96964952282adf9ae7ed99a66ba9080d0cbbc2c3e081547855d7121e6f28ea93
1,20260810T123934Z_d186f2993f4a_source_isolated_fft_thrust_task1_pipeline_benchmark_task1_s01_weak,formal,2026-08-10T10:15:31Z,d186f2993f4a5211c7662571e948fb6b6d4e8aab,false,task_scales_formal_v2,7231f75251f936897a0ceaeff59f3ad78024b920159114bb6e21a93475726178,task,Task1.pipeline,Task1,pipeline_total,pulse_compression+pulse_doppler+cfar_alpha+ca_cfar+ambgfun;private:step1+power,task1_pipeline__task1_s01_weak__4a4a6814111164aa,task1_s01_weak,10^2,512,"[16,32];waveform=[16]",ComplexFP32,gpu,fft_thrust,compatibility/end-to-end,PASS,OK,20,100,54,6.295668,true,4a4a6814111164aa4b1846a5afe43f5cfcd1f21b33f4093f4cf78f34b9009a8c,c4e9ef0c697b40486216e0941f9d2ea663cad2934cba6a798e76d8da64ed9248
1,20260810T123934Z_d186f2993f4a_source_isolated_fft_thrust_task1_pipeline_benchmark_task1_s01_weak,formal,2026-08-10T10:15:31Z,d186f2993f4a5211c7662571e948fb6b6d4e8aab,false,task_scales_formal_v2,7231f75251f936897a0ceaeff59f3ad78024b920159114bb6e21a93475726178,task,Task1.pipeline,Task1,pipeline_total,pulse_compression+pulse_doppler+cfar_alpha+ca_cfar+ambgfun;private:step1+power,task1_pipeline__task1_s01_weak__4a4a6814111164aa,task1_s01_weak,10^2,512,"[16,32];waveform=[16]",ComplexFP32,cpu,fft_thrust,compatibility/end-to-end,PASS,OK,20,100,55,2.2720579999999999,true,4a4a6814111164aa4b1846a5afe43f5cfcd1f21b33f4093f4cf78f34b9009a8c,96964952282adf9ae7ed99a66ba9080d0cbbc2c3e081547855d7121e6f28ea93
1,20260810T123934Z_d186f2993f4a_source_isolated_fft_thrust_task1_pipeline_benchmark_task1_s01_weak,formal,2026-08-10T10:15:31Z,d186f2993f4a5211c7662571e948fb6b6d4e8aab,false,task_scales_formal_v2,7231f75251f936897a0ceaeff59f3ad78024b920159114bb6e21a93475726178,task,Task1.pipeline,Task1,pipeline_total,pulse_compression+pulse_doppler+cfar_alpha+ca_cfar+ambgfun;private:step1+power,task1_pipeline__task1_s01_weak__4a4a6814111164aa,task1_s01_weak,10^2,512,"[16,32];waveform=[16]",ComplexFP32,gpu,fft_thrust,compatibility/end-to-end,PASS,OK,20,100,55,6.2932490000000003,true,4a4a6814111164aa4b1846a5afe43f5cfcd1f21b33f4093f4cf78f34b9009a8c,c4e9ef0c697b40486216e0941f9d2ea663cad2934cba6a798e76d8da64ed9248
1,20260810T123934Z_d186f2993f4a_source_isolated_fft_thrust_task1_pipeline_benchmark_task1_s01_weak,formal,2026-08-10T10:15:31Z,d186f2993f4a5211c7662571e948fb6b6d4e8aab,false,task_scales_formal_v2,7231f75251f936897a0ceaeff59f3ad78024b920159114bb6e21a93475726178,task,Task1.pipeline,Task1,pipeline_total,pulse_compression+pulse_doppler+cfar_alpha+ca_cfar+ambgfun;private:step1+power,task1_pipeline__task1_s01_weak__4a4a6814111164aa,task1_s01_weak,10^2,512,"[16,32];waveform=[16]",ComplexFP32,cpu,fft_thrust,compatibility/end-to-end,PASS,OK,20,100,56,2.263458,true,4a4a6814111164aa4b1846a5afe43f5cfcd1f21b33f4093f4cf78f34b9009a8c,96964952282adf9ae7ed99a66ba9080d0cbbc2c3e081547855d7121e6f28ea93
1,20260810T123934Z_d186f2993f4a_source_isolated_fft_thrust_task1_pipeline_benchmark_task1_s01_weak,formal,2026-08-10T10:15:31Z,d186f2993f4a5211c7662571e948fb6b6d4e8aab,false,task_scales_formal_v2,7231f75251f936897a0ceaeff59f3ad78024b920159114bb6e21a93475726178,task,Task1.pipeline,Task1,pipeline_total,pulse_compression+pulse_doppler+cfar_alpha+ca_cfar+ambgfun;private:step1+power,task1_pipeline__task1_s01_weak__4a4a6814111164aa,task1_s01_weak,10^2,512,"[16,32];waveform=[16]",ComplexFP32,gpu,fft_thrust,compatibility/end-to-end,PASS,OK,20,100,56,6.2315069999999997,true,4a4a6814111164aa4b1846a5afe43f5cfcd1f21b33f4093f4cf78f34b9009a8c,c4e9ef0c697b40486216e0941f9d2ea663cad2934cba6a798e76d8da64ed9248
1,20260810T123934Z_d186f2993f4a_source_isolated_fft_thrust_task1_pipeline_benchmark_task1_s01_weak,formal,2026-08-10T10:15:31Z,d186f2993f4a5211c7662571e948fb6b6d4e8aab,false,task_scales_formal_v2,7231f75251f936897a0ceaeff59f3ad78024b920159114bb6e21a93475726178,task,Task1.pipeline,Task1,pipeline_total,pulse_compression+pulse_doppler+cfar_alpha+ca_cfar+ambgfun;private:step1+power,task1_pipeline__task1_s01_weak__4a4a6814111164aa,task1_s01_weak,10^2,512,"[16,32];waveform=[16]",ComplexFP32,cpu,fft_thrust,compatibility/end-to-end,PASS,OK,20,100,57,2.262308,true,4a4a6814111164aa4b1846a5afe43f5cfcd1f21b33f4093f4cf78f34b9009a8c,96964952282adf9ae7ed99a66ba9080d0cbbc2c3e081547855d7121e6f28ea93
1,20260810T123934Z_d186f2993f4a_source_isolated_fft_thrust_task1_pipeline_benchmark_task1_s01_weak,formal,2026-08-10T10:15:31Z,d186f2993f4a5211c7662571e948fb6b6d4e8aab,false,task_scales_formal_v2,7231f75251f936897a0ceaeff59f3ad78024b920159114bb6e21a93475726178,task,Task1.pipeline,Task1,pipeline_total,pulse_compression+pulse_doppler+cfar_alpha+ca_cfar+ambgfun;private:step1+power,task1_pipeline__task1_s01_weak__4a4a6814111164aa,task1_s01_weak,10^2,512,"[16,32];waveform=[16]",ComplexFP32,gpu,fft_thrust,compatibility/end-to-end,PASS,OK,20,100,57,6.2327269999999997,true,4a4a6814111164aa4b1846a5afe43f5cfcd1f21b33f4093f4cf78f34b9009a8c,c4e9ef0c697b40486216e0941f9d2ea663cad2934cba6a798e76d8da64ed9248
1,20260810T123934Z_d186f2993f4a_source_isolated_fft_thrust_task1_pipeline_benchmark_task1_s01_weak,formal,2026-08-10T10:15:31Z,d186f2993f4a5211c7662571e948fb6b6d4e8aab,false,task_scales_formal_v2,7231f75251f936897a0ceaeff59f3ad78024b920159114bb6e21a93475726178,task,Task1.pipeline,Task1,pipeline_total,pulse_compression+pulse_doppler+cfar_alpha+ca_cfar+ambgfun;private:step1+power,task1_pipeline__task1_s01_weak__4a4a6814111164aa,task1_s01_weak,10^2,512,"[16,32];waveform=[16]",ComplexFP32,cpu,fft_thrust,compatibility/end-to-end,PASS,OK,20,100,58,2.2859189999999998,true,4a4a6814111164aa4b1846a5afe43f5cfcd1f21b33f4093f4cf78f34b9009a8c,96964952282adf9ae7ed99a66ba9080d0cbbc2c3e081547855d7121e6f28ea93
1,20260810T123934Z_d186f2993f4a_source_isolated_fft_thrust_task1_pipeline_benchmark_task1_s01_weak,formal,2026-08-10T10:15:31Z,d186f2993f4a5211c7662571e948fb6b6d4e8aab,false,task_scales_formal_v2,7231f75251f936897a0ceaeff59f3ad78024b920159114bb6e21a93475726178,task,Task1.pipeline,Task1,pipeline_total,pulse_compression+pulse_doppler+cfar_alpha+ca_cfar+ambgfun;private:step1+power,task1_pipeline__task1_s01_weak__4a4a6814111164aa,task1_s01_weak,10^2,512,"[16,32];waveform=[16]",ComplexFP32,gpu,fft_thrust,compatibility/end-to-end,PASS,OK,20,100,58,7.2359790000000004,true,4a4a6814111164aa4b1846a5afe43f5cfcd1f21b33f4093f4cf78f34b9009a8c,c4e9ef0c697b40486216e0941f9d2ea663cad2934cba6a798e76d8da64ed9248
1,20260810T123934Z_d186f2993f4a_source_isolated_fft_thrust_task1_pipeline_benchmark_task1_s01_weak,formal,2026-08-10T10:15:31Z,d186f2993f4a5211c7662571e948fb6b6d4e8aab,false,task_scales_formal_v2,7231f75251f936897a0ceaeff59f3ad78024b920159114bb6e21a93475726178,task,Task1.pipeline,Task1,pipeline_total,pulse_compression+pulse_doppler+cfar_alpha+ca_cfar+ambgfun;private:step1+power,task1_pipeline__task1_s01_weak__4a4a6814111164aa,task1_s01_weak,10^2,512,"[16,32];waveform=[16]",ComplexFP32,cpu,fft_thrust,compatibility/end-to-end,PASS,OK,20,100,59,2.2785280000000001,true,4a4a6814111164aa4b1846a5afe43f5cfcd1f21b33f4093f4cf78f34b9009a8c,96964952282adf9ae7ed99a66ba9080d0cbbc2c3e081547855d7121e6f28ea93
1,20260810T123934Z_d186f2993f4a_source_isolated_fft_thrust_task1_pipeline_benchmark_task1_s01_weak,formal,2026-08-10T10:15:31Z,d186f2993f4a5211c7662571e948fb6b6d4e8aab,false,task_scales_formal_v2,7231f75251f936897a0ceaeff59f3ad78024b920159114bb6e21a93475726178,task,Task1.pipeline,Task1,pipeline_total,pulse_compression+pulse_doppler+cfar_alpha+ca_cfar+ambgfun;private:step1+power,task1_pipeline__task1_s01_weak__4a4a6814111164aa,task1_s01_weak,10^2,512,"[16,32];waveform=[16]",ComplexFP32,gpu,fft_thrust,compatibility/end-to-end,PASS,OK,20,100,59,6.4157000000000002,true,4a4a6814111164aa4b1846a5afe43f5cfcd1f21b33f4093f4cf78f34b9009a8c,c4e9ef0c697b40486216e0941f9d2ea663cad2934cba6a798e76d8da64ed9248
1,20260810T123934Z_d186f2993f4a_source_isolated_fft_thrust_task1_pipeline_benchmark_task1_s01_weak,formal,2026-08-10T10:15:31Z,d186f2993f4a5211c7662571e948fb6b6d4e8aab,false,task_scales_formal_v2,7231f75251f936897a0ceaeff59f3ad78024b920159114bb6e21a93475726178,task,Task1.pipeline,Task1,pipeline_total,pulse_compression+pulse_doppler+cfar_alpha+ca_cfar+ambgfun;private:step1+power,task1_pipeline__task1_s01_weak__4a4a6814111164aa,task1_s01_weak,10^2,512,"[16,32];waveform=[16]",ComplexFP32,cpu,fft_thrust,compatibility/end-to-end,PASS,OK,20,100,60,2.2737989999999999,true,4a4a6814111164aa4b1846a5afe43f5cfcd1f21b33f4093f4cf78f34b9009a8c,96964952282adf9ae7ed99a66ba9080d0cbbc2c3e081547855d7121e6f28ea93
1,20260810T123934Z_d186f2993f4a_source_isolated_fft_thrust_task1_pipeline_benchmark_task1_s01_weak,formal,2026-08-10T10:15:31Z,d186f2993f4a5211c7662571e948fb6b6d4e8aab,false,task_scales_formal_v2,7231f75251f936897a0ceaeff59f3ad78024b920159114bb6e21a93475726178,task,Task1.pipeline,Task1,pipeline_total,pulse_compression+pulse_doppler+cfar_alpha+ca_cfar+ambgfun;private:step1+power,task1_pipeline__task1_s01_weak__4a4a6814111164aa,task1_s01_weak,10^2,512,"[16,32];waveform=[16]",ComplexFP32,gpu,fft_thrust,compatibility/end-to-end,PASS,OK,20,100,60,6.3407289999999996,true,4a4a6814111164aa4b1846a5afe43f5cfcd1f21b33f4093f4cf78f34b9009a8c,c4e9ef0c697b40486216e0941f9d2ea663cad2934cba6a798e76d8da64ed9248
1,20260810T123934Z_d186f2993f4a_source_isolated_fft_thrust_task1_pipeline_benchmark_task1_s01_weak,formal,2026-08-10T10:15:31Z,d186f2993f4a5211c7662571e948fb6b6d4e8aab,false,task_scales_formal_v2,7231f75251f936897a0ceaeff59f3ad78024b920159114bb6e21a93475726178,task,Task1.pipeline,Task1,pipeline_total,pulse_compression+pulse_doppler+cfar_alpha+ca_cfar+ambgfun;private:step1+power,task1_pipeline__task1_s01_weak__4a4a6814111164aa,task1_s01_weak,10^2,512,"[16,32];waveform=[16]",ComplexFP32,cpu,fft_thrust,compatibility/end-to-end,PASS,OK,20,100,61,2.276878,true,4a4a6814111164aa4b1846a5afe43f5cfcd1f21b33f4093f4cf78f34b9009a8c,96964952282adf9ae7ed99a66ba9080d0cbbc2c3e081547855d7121e6f28ea93
1,20260810T123934Z_d186f2993f4a_source_isolated_fft_thrust_task1_pipeline_benchmark_task1_s01_weak,formal,2026-08-10T10:15:31Z,d186f2993f4a5211c7662571e948fb6b6d4e8aab,false,task_scales_formal_v2,7231f75251f936897a0ceaeff59f3ad78024b920159114bb6e21a93475726178,task,Task1.pipeline,Task1,pipeline_total,pulse_compression+pulse_doppler+cfar_alpha+ca_cfar+ambgfun;private:step1+power,task1_pipeline__task1_s01_weak__4a4a6814111164aa,task1_s01_weak,10^2,512,"[16,32];waveform=[16]",ComplexFP32,gpu,fft_thrust,compatibility/end-to-end,PASS,OK,20,100,61,6.2594380000000003,true,4a4a6814111164aa4b1846a5afe43f5cfcd1f21b33f4093f4cf78f34b9009a8c,c4e9ef0c697b40486216e0941f9d2ea663cad2934cba6a798e76d8da64ed9248
1,20260810T123934Z_d186f2993f4a_source_isolated_fft_thrust_task1_pipeline_benchmark_task1_s01_weak,formal,2026-08-10T10:15:31Z,d186f2993f4a5211c7662571e948fb6b6d4e8aab,false,task_scales_formal_v2,7231f75251f936897a0ceaeff59f3ad78024b920159114bb6e21a93475726178,task,Task1.pipeline,Task1,pipeline_total,pulse_compression+pulse_doppler+cfar_alpha+ca_cfar+ambgfun;private:step1+power,task1_pipeline__task1_s01_weak__4a4a6814111164aa,task1_s01_weak,10^2,512,"[16,32];waveform=[16]",ComplexFP32,cpu,fft_thrust,compatibility/end-to-end,PASS,OK,20,100,62,2.2680180000000001,true,4a4a6814111164aa4b1846a5afe43f5cfcd1f21b33f4093f4cf78f34b9009a8c,96964952282adf9ae7ed99a66ba9080d0cbbc2c3e081547855d7121e6f28ea93
1,20260810T123934Z_d186f2993f4a_source_isolated_fft_thrust_task1_pipeline_benchmark_task1_s01_weak,formal,2026-08-10T10:15:31Z,d186f2993f4a5211c7662571e948fb6b6d4e8aab,false,task_scales_formal_v2,7231f75251f936897a0ceaeff59f3ad78024b920159114bb6e21a93475726178,task,Task1.pipeline,Task1,pipeline_total,pulse_compression+pulse_doppler+cfar_alpha+ca_cfar+ambgfun;private:step1+power,task1_pipeline__task1_s01_weak__4a4a6814111164aa,task1_s01_weak,10^2,512,"[16,32];waveform=[16]",ComplexFP32,gpu,fft_thrust,compatibility/end-to-end,PASS,OK,20,100,62,6.3982989999999997,true,4a4a6814111164aa4b1846a5afe43f5cfcd1f21b33f4093f4cf78f34b9009a8c,c4e9ef0c697b40486216e0941f9d2ea663cad2934cba6a798e76d8da64ed9248
1,20260810T123934Z_d186f2993f4a_source_isolated_fft_thrust_task1_pipeline_benchmark_task1_s01_weak,formal,2026-08-10T10:15:31Z,d186f2993f4a5211c7662571e948fb6b6d4e8aab,false,task_scales_formal_v2,7231f75251f936897a0ceaeff59f3ad78024b920159114bb6e21a93475726178,task,Task1.pipeline,Task1,pipeline_total,pulse_compression+pulse_doppler+cfar_alpha+ca_cfar+ambgfun;private:step1+power,task1_pipeline__task1_s01_weak__4a4a6814111164aa,task1_s01_weak,10^2,512,"[16,32];waveform=[16]",ComplexFP32,cpu,fft_thrust,compatibility/end-to-end,PASS,OK,20,100,63,2.2626379999999999,true,4a4a6814111164aa4b1846a5afe43f5cfcd1f21b33f4093f4cf78f34b9009a8c,96964952282adf9ae7ed99a66ba9080d0cbbc2c3e081547855d7121e6f28ea93
1,20260810T123934Z_d186f2993f4a_source_isolated_fft_thrust_task1_pipeline_benchmark_task1_s01_weak,formal,2026-08-10T10:15:31Z,d186f2993f4a5211c7662571e948fb6b6d4e8aab,false,task_scales_formal_v2,7231f75251f936897a0ceaeff59f3ad78024b920159114bb6e21a93475726178,task,Task1.pipeline,Task1,pipeline_total,pulse_compression+pulse_doppler+cfar_alpha+ca_cfar+ambgfun;private:step1+power,task1_pipeline__task1_s01_weak__4a4a6814111164aa,task1_s01_weak,10^2,512,"[16,32];waveform=[16]",ComplexFP32,gpu,fft_thrust,compatibility/end-to-end,PASS,OK,20,100,63,6.3578190000000001,true,4a4a6814111164aa4b1846a5afe43f5cfcd1f21b33f4093f4cf78f34b9009a8c,c4e9ef0c697b40486216e0941f9d2ea663cad2934cba6a798e76d8da64ed9248
1,20260810T123934Z_d186f2993f4a_source_isolated_fft_thrust_task1_pipeline_benchmark_task1_s01_weak,formal,2026-08-10T10:15:31Z,d186f2993f4a5211c7662571e948fb6b6d4e8aab,false,task_scales_formal_v2,7231f75251f936897a0ceaeff59f3ad78024b920159114bb6e21a93475726178,task,Task1.pipeline,Task1,pipeline_total,pulse_compression+pulse_doppler+cfar_alpha+ca_cfar+ambgfun;private:step1+power,task1_pipeline__task1_s01_weak__4a4a6814111164aa,task1_s01_weak,10^2,512,"[16,32];waveform=[16]",ComplexFP32,cpu,fft_thrust,compatibility/end-to-end,PASS,OK,20,100,64,2.261628,true,4a4a6814111164aa4b1846a5afe43f5cfcd1f21b33f4093f4cf78f34b9009a8c,96964952282adf9ae7ed99a66ba9080d0cbbc2c3e081547855d7121e6f28ea93
1,20260810T123934Z_d186f2993f4a_source_isolated_fft_thrust_task1_pipeline_benchmark_task1_s01_weak,formal,2026-08-10T10:15:31Z,d186f2993f4a5211c7662571e948fb6b6d4e8aab,false,task_scales_formal_v2,7231f75251f936897a0ceaeff59f3ad78024b920159114bb6e21a93475726178,task,Task1.pipeline,Task1,pipeline_total,pulse_compression+pulse_doppler+cfar_alpha+ca_cfar+ambgfun;private:step1+power,task1_pipeline__task1_s01_weak__4a4a6814111164aa,task1_s01_weak,10^2,512,"[16,32];waveform=[16]",ComplexFP32,gpu,fft_thrust,compatibility/end-to-end,PASS,OK,20,100,64,6.3114280000000003,true,4a4a6814111164aa4b1846a5afe43f5cfcd1f21b33f4093f4cf78f34b9009a8c,c4e9ef0c697b40486216e0941f9d2ea663cad2934cba6a798e76d8da64ed9248
1,20260810T123934Z_d186f2993f4a_source_isolated_fft_thrust_task1_pipeline_benchmark_task1_s01_weak,formal,2026-08-10T10:15:31Z,d186f2993f4a5211c7662571e948fb6b6d4e8aab,false,task_scales_formal_v2,7231f75251f936897a0ceaeff59f3ad78024b920159114bb6e21a93475726178,task,Task1.pipeline,Task1,pipeline_total,pulse_compression+pulse_doppler+cfar_alpha+ca_cfar+ambgfun;private:step1+power,task1_pipeline__task1_s01_weak__4a4a6814111164aa,task1_s01_weak,10^2,512,"[16,32];waveform=[16]",ComplexFP32,cpu,fft_thrust,compatibility/end-to-end,PASS,OK,20,100,65,2.276268,true,4a4a6814111164aa4b1846a5afe43f5cfcd1f21b33f4093f4cf78f34b9009a8c,96964952282adf9ae7ed99a66ba9080d0cbbc2c3e081547855d7121e6f28ea93
1,20260810T123934Z_d186f2993f4a_source_isolated_fft_thrust_task1_pipeline_benchmark_task1_s01_weak,formal,2026-08-10T10:15:31Z,d186f2993f4a5211c7662571e948fb6b6d4e8aab,false,task_scales_formal_v2,7231f75251f936897a0ceaeff59f3ad78024b920159114bb6e21a93475726178,task,Task1.pipeline,Task1,pipeline_total,pulse_compression+pulse_doppler+cfar_alpha+ca_cfar+ambgfun;private:step1+power,task1_pipeline__task1_s01_weak__4a4a6814111164aa,task1_s01_weak,10^2,512,"[16,32];waveform=[16]",ComplexFP32,gpu,fft_thrust,compatibility/end-to-end,PASS,OK,20,100,65,6.2324570000000001,true,4a4a6814111164aa4b1846a5afe43f5cfcd1f21b33f4093f4cf78f34b9009a8c,c4e9ef0c697b40486216e0941f9d2ea663cad2934cba6a798e76d8da64ed9248
1,20260810T123934Z_d186f2993f4a_source_isolated_fft_thrust_task1_pipeline_benchmark_task1_s01_weak,formal,2026-08-10T10:15:31Z,d186f2993f4a5211c7662571e948fb6b6d4e8aab,false,task_scales_formal_v2,7231f75251f936897a0ceaeff59f3ad78024b920159114bb6e21a93475726178,task,Task1.pipeline,Task1,pipeline_total,pulse_compression+pulse_doppler+cfar_alpha+ca_cfar+ambgfun;private:step1+power,task1_pipeline__task1_s01_weak__4a4a6814111164aa,task1_s01_weak,10^2,512,"[16,32];waveform=[16]",ComplexFP32,cpu,fft_thrust,compatibility/end-to-end,PASS,OK,20,100,66,2.2853080000000001,true,4a4a6814111164aa4b1846a5afe43f5cfcd1f21b33f4093f4cf78f34b9009a8c,96964952282adf9ae7ed99a66ba9080d0cbbc2c3e081547855d7121e6f28ea93
1,20260810T123934Z_d186f2993f4a_source_isolated_fft_thrust_task1_pipeline_benchmark_task1_s01_weak,formal,2026-08-10T10:15:31Z,d186f2993f4a5211c7662571e948fb6b6d4e8aab,false,task_scales_formal_v2,7231f75251f936897a0ceaeff59f3ad78024b920159114bb6e21a93475726178,task,Task1.pipeline,Task1,pipeline_total,pulse_compression+pulse_doppler+cfar_alpha+ca_cfar+ambgfun;private:step1+power,task1_pipeline__task1_s01_weak__4a4a6814111164aa,task1_s01_weak,10^2,512,"[16,32];waveform=[16]",ComplexFP32,gpu,fft_thrust,compatibility/end-to-end,PASS,OK,20,100,66,6.3368279999999997,true,4a4a6814111164aa4b1846a5afe43f5cfcd1f21b33f4093f4cf78f34b9009a8c,c4e9ef0c697b40486216e0941f9d2ea663cad2934cba6a798e76d8da64ed9248
1,20260810T123934Z_d186f2993f4a_source_isolated_fft_thrust_task1_pipeline_benchmark_task1_s01_weak,formal,2026-08-10T10:15:31Z,d186f2993f4a5211c7662571e948fb6b6d4e8aab,false,task_scales_formal_v2,7231f75251f936897a0ceaeff59f3ad78024b920159114bb6e21a93475726178,task,Task1.pipeline,Task1,pipeline_total,pulse_compression+pulse_doppler+cfar_alpha+ca_cfar+ambgfun;private:step1+power,task1_pipeline__task1_s01_weak__4a4a6814111164aa,task1_s01_weak,10^2,512,"[16,32];waveform=[16]",ComplexFP32,cpu,fft_thrust,compatibility/end-to-end,PASS,OK,20,100,67,2.310298,true,4a4a6814111164aa4b1846a5afe43f5cfcd1f21b33f4093f4cf78f34b9009a8c,96964952282adf9ae7ed99a66ba9080d0cbbc2c3e081547855d7121e6f28ea93
1,20260810T123934Z_d186f2993f4a_source_isolated_fft_thrust_task1_pipeline_benchmark_task1_s01_weak,formal,2026-08-10T10:15:31Z,d186f2993f4a5211c7662571e948fb6b6d4e8aab,false,task_scales_formal_v2,7231f75251f936897a0ceaeff59f3ad78024b920159114bb6e21a93475726178,task,Task1.pipeline,Task1,pipeline_total,pulse_compression+pulse_doppler+cfar_alpha+ca_cfar+ambgfun;private:step1+power,task1_pipeline__task1_s01_weak__4a4a6814111164aa,task1_s01_weak,10^2,512,"[16,32];waveform=[16]",ComplexFP32,gpu,fft_thrust,compatibility/end-to-end,PASS,OK,20,100,67,6.2884779999999996,true,4a4a6814111164aa4b1846a5afe43f5cfcd1f21b33f4093f4cf78f34b9009a8c,c4e9ef0c697b40486216e0941f9d2ea663cad2934cba6a798e76d8da64ed9248
1,20260810T123934Z_d186f2993f4a_source_isolated_fft_thrust_task1_pipeline_benchmark_task1_s01_weak,formal,2026-08-10T10:15:31Z,d186f2993f4a5211c7662571e948fb6b6d4e8aab,false,task_scales_formal_v2,7231f75251f936897a0ceaeff59f3ad78024b920159114bb6e21a93475726178,task,Task1.pipeline,Task1,pipeline_total,pulse_compression+pulse_doppler+cfar_alpha+ca_cfar+ambgfun;private:step1+power,task1_pipeline__task1_s01_weak__4a4a6814111164aa,task1_s01_weak,10^2,512,"[16,32];waveform=[16]",ComplexFP32,cpu,fft_thrust,compatibility/end-to-end,PASS,OK,20,100,68,2.2605379999999999,true,4a4a6814111164aa4b1846a5afe43f5cfcd1f21b33f4093f4cf78f34b9009a8c,96964952282adf9ae7ed99a66ba9080d0cbbc2c3e081547855d7121e6f28ea93
1,20260810T123934Z_d186f2993f4a_source_isolated_fft_thrust_task1_pipeline_benchmark_task1_s01_weak,formal,2026-08-10T10:15:31Z,d186f2993f4a5211c7662571e948fb6b6d4e8aab,false,task_scales_formal_v2,7231f75251f936897a0ceaeff59f3ad78024b920159114bb6e21a93475726178,task,Task1.pipeline,Task1,pipeline_total,pulse_compression+pulse_doppler+cfar_alpha+ca_cfar+ambgfun;private:step1+power,task1_pipeline__task1_s01_weak__4a4a6814111164aa,task1_s01_weak,10^2,512,"[16,32];waveform=[16]",ComplexFP32,gpu,fft_thrust,compatibility/end-to-end,PASS,OK,20,100,68,6.2709479999999997,true,4a4a6814111164aa4b1846a5afe43f5cfcd1f21b33f4093f4cf78f34b9009a8c,c4e9ef0c697b40486216e0941f9d2ea663cad2934cba6a798e76d8da64ed9248
1,20260810T123934Z_d186f2993f4a_source_isolated_fft_thrust_task1_pipeline_benchmark_task1_s01_weak,formal,2026-08-10T10:15:31Z,d186f2993f4a5211c7662571e948fb6b6d4e8aab,false,task_scales_formal_v2,7231f75251f936897a0ceaeff59f3ad78024b920159114bb6e21a93475726178,task,Task1.pipeline,Task1,pipeline_total,pulse_compression+pulse_doppler+cfar_alpha+ca_cfar+ambgfun;private:step1+power,task1_pipeline__task1_s01_weak__4a4a6814111164aa,task1_s01_weak,10^2,512,"[16,32];waveform=[16]",ComplexFP32,cpu,fft_thrust,compatibility/end-to-end,PASS,OK,20,100,69,2.266019,true,4a4a6814111164aa4b1846a5afe43f5cfcd1f21b33f4093f4cf78f34b9009a8c,96964952282adf9ae7ed99a66ba9080d0cbbc2c3e081547855d7121e6f28ea93
1,20260810T123934Z_d186f2993f4a_source_isolated_fft_thrust_task1_pipeline_benchmark_task1_s01_weak,formal,2026-08-10T10:15:31Z,d186f2993f4a5211c7662571e948fb6b6d4e8aab,false,task_scales_formal_v2,7231f75251f936897a0ceaeff59f3ad78024b920159114bb6e21a93475726178,task,Task1.pipeline,Task1,pipeline_total,pulse_compression+pulse_doppler+cfar_alpha+ca_cfar+ambgfun;private:step1+power,task1_pipeline__task1_s01_weak__4a4a6814111164aa,task1_s01_weak,10^2,512,"[16,32];waveform=[16]",ComplexFP32,gpu,fft_thrust,compatibility/end-to-end,PASS,OK,20,100,69,6.4698200000000003,true,4a4a6814111164aa4b1846a5afe43f5cfcd1f21b33f4093f4cf78f34b9009a8c,c4e9ef0c697b40486216e0941f9d2ea663cad2934cba6a798e76d8da64ed9248
1,20260810T123934Z_d186f2993f4a_source_isolated_fft_thrust_task1_pipeline_benchmark_task1_s01_weak,formal,2026-08-10T10:15:31Z,d186f2993f4a5211c7662571e948fb6b6d4e8aab,false,task_scales_formal_v2,7231f75251f936897a0ceaeff59f3ad78024b920159114bb6e21a93475726178,task,Task1.pipeline,Task1,pipeline_total,pulse_compression+pulse_doppler+cfar_alpha+ca_cfar+ambgfun;private:step1+power,task1_pipeline__task1_s01_weak__4a4a6814111164aa,task1_s01_weak,10^2,512,"[16,32];waveform=[16]",ComplexFP32,cpu,fft_thrust,compatibility/end-to-end,PASS,OK,20,100,70,2.288338,true,4a4a6814111164aa4b1846a5afe43f5cfcd1f21b33f4093f4cf78f34b9009a8c,96964952282adf9ae7ed99a66ba9080d0cbbc2c3e081547855d7121e6f28ea93
1,20260810T123934Z_d186f2993f4a_source_isolated_fft_thrust_task1_pipeline_benchmark_task1_s01_weak,formal,2026-08-10T10:15:31Z,d186f2993f4a5211c7662571e948fb6b6d4e8aab,false,task_scales_formal_v2,7231f75251f936897a0ceaeff59f3ad78024b920159114bb6e21a93475726178,task,Task1.pipeline,Task1,pipeline_total,pulse_compression+pulse_doppler+cfar_alpha+ca_cfar+ambgfun;private:step1+power,task1_pipeline__task1_s01_weak__4a4a6814111164aa,task1_s01_weak,10^2,512,"[16,32];waveform=[16]",ComplexFP32,gpu,fft_thrust,compatibility/end-to-end,PASS,OK,20,100,70,6.3995290000000002,true,4a4a6814111164aa4b1846a5afe43f5cfcd1f21b33f4093f4cf78f34b9009a8c,c4e9ef0c697b40486216e0941f9d2ea663cad2934cba6a798e76d8da64ed9248
1,20260810T123934Z_d186f2993f4a_source_isolated_fft_thrust_task1_pipeline_benchmark_task1_s01_weak,formal,2026-08-10T10:15:31Z,d186f2993f4a5211c7662571e948fb6b6d4e8aab,false,task_scales_formal_v2,7231f75251f936897a0ceaeff59f3ad78024b920159114bb6e21a93475726178,task,Task1.pipeline,Task1,pipeline_total,pulse_compression+pulse_doppler+cfar_alpha+ca_cfar+ambgfun;private:step1+power,task1_pipeline__task1_s01_weak__4a4a6814111164aa,task1_s01_weak,10^2,512,"[16,32];waveform=[16]",ComplexFP32,cpu,fft_thrust,compatibility/end-to-end,PASS,OK,20,100,71,2.265228,true,4a4a6814111164aa4b1846a5afe43f5cfcd1f21b33f4093f4cf78f34b9009a8c,96964952282adf9ae7ed99a66ba9080d0cbbc2c3e081547855d7121e6f28ea93
1,20260810T123934Z_d186f2993f4a_source_isolated_fft_thrust_task1_pipeline_benchmark_task1_s01_weak,formal,2026-08-10T10:15:31Z,d186f2993f4a5211c7662571e948fb6b6d4e8aab,false,task_scales_formal_v2,7231f75251f936897a0ceaeff59f3ad78024b920159114bb6e21a93475726178,task,Task1.pipeline,Task1,pipeline_total,pulse_compression+pulse_doppler+cfar_alpha+ca_cfar+ambgfun;private:step1+power,task1_pipeline__task1_s01_weak__4a4a6814111164aa,task1_s01_weak,10^2,512,"[16,32];waveform=[16]",ComplexFP32,gpu,fft_thrust,compatibility/end-to-end,PASS,OK,20,100,71,6.3871589999999996,true,4a4a6814111164aa4b1846a5afe43f5cfcd1f21b33f4093f4cf78f34b9009a8c,c4e9ef0c697b40486216e0941f9d2ea663cad2934cba6a798e76d8da64ed9248
1,20260810T123934Z_d186f2993f4a_source_isolated_fft_thrust_task1_pipeline_benchmark_task1_s01_weak,formal,2026-08-10T10:15:31Z,d186f2993f4a5211c7662571e948fb6b6d4e8aab,false,task_scales_formal_v2,7231f75251f936897a0ceaeff59f3ad78024b920159114bb6e21a93475726178,task,Task1.pipeline,Task1,pipeline_total,pulse_compression+pulse_doppler+cfar_alpha+ca_cfar+ambgfun;private:step1+power,task1_pipeline__task1_s01_weak__4a4a6814111164aa,task1_s01_weak,10^2,512,"[16,32];waveform=[16]",ComplexFP32,cpu,fft_thrust,compatibility/end-to-end,PASS,OK,20,100,72,2.2700779999999998,true,4a4a6814111164aa4b1846a5afe43f5cfcd1f21b33f4093f4cf78f34b9009a8c,96964952282adf9ae7ed99a66ba9080d0cbbc2c3e081547855d7121e6f28ea93
1,20260810T123934Z_d186f2993f4a_source_isolated_fft_thrust_task1_pipeline_benchmark_task1_s01_weak,formal,2026-08-10T10:15:31Z,d186f2993f4a5211c7662571e948fb6b6d4e8aab,false,task_scales_formal_v2,7231f75251f936897a0ceaeff59f3ad78024b920159114bb6e21a93475726178,task,Task1.pipeline,Task1,pipeline_total,pulse_compression+pulse_doppler+cfar_alpha+ca_cfar+ambgfun;private:step1+power,task1_pipeline__task1_s01_weak__4a4a6814111164aa,task1_s01_weak,10^2,512,"[16,32];waveform=[16]",ComplexFP32,gpu,fft_thrust,compatibility/end-to-end,PASS,OK,20,100,72,6.4700300000000004,true,4a4a6814111164aa4b1846a5afe43f5cfcd1f21b33f4093f4cf78f34b9009a8c,c4e9ef0c697b40486216e0941f9d2ea663cad2934cba6a798e76d8da64ed9248
1,20260810T123934Z_d186f2993f4a_source_isolated_fft_thrust_task1_pipeline_benchmark_task1_s01_weak,formal,2026-08-10T10:15:31Z,d186f2993f4a5211c7662571e948fb6b6d4e8aab,false,task_scales_formal_v2,7231f75251f936897a0ceaeff59f3ad78024b920159114bb6e21a93475726178,task,Task1.pipeline,Task1,pipeline_total,pulse_compression+pulse_doppler+cfar_alpha+ca_cfar+ambgfun;private:step1+power,task1_pipeline__task1_s01_weak__4a4a6814111164aa,task1_s01_weak,10^2,512,"[16,32];waveform=[16]",ComplexFP32,cpu,fft_thrust,compatibility/end-to-end,PASS,OK,20,100,73,2.9146160000000001,true,4a4a6814111164aa4b1846a5afe43f5cfcd1f21b33f4093f4cf78f34b9009a8c,96964952282adf9ae7ed99a66ba9080d0cbbc2c3e081547855d7121e6f28ea93
1,20260810T123934Z_d186f2993f4a_source_isolated_fft_thrust_task1_pipeline_benchmark_task1_s01_weak,formal,2026-08-10T10:15:31Z,d186f2993f4a5211c7662571e948fb6b6d4e8aab,false,task_scales_formal_v2,7231f75251f936897a0ceaeff59f3ad78024b920159114bb6e21a93475726178,task,Task1.pipeline,Task1,pipeline_total,pulse_compression+pulse_doppler+cfar_alpha+ca_cfar+ambgfun;private:step1+power,task1_pipeline__task1_s01_weak__4a4a6814111164aa,task1_s01_weak,10^2,512,"[16,32];waveform=[16]",ComplexFP32,gpu,fft_thrust,compatibility/end-to-end,PASS,OK,20,100,73,6.9464860000000002,true,4a4a6814111164aa4b1846a5afe43f5cfcd1f21b33f4093f4cf78f34b9009a8c,c4e9ef0c697b40486216e0941f9d2ea663cad2934cba6a798e76d8da64ed9248
1,20260810T123934Z_d186f2993f4a_source_isolated_fft_thrust_task1_pipeline_benchmark_task1_s01_weak,formal,2026-08-10T10:15:31Z,d186f2993f4a5211c7662571e948fb6b6d4e8aab,false,task_scales_formal_v2,7231f75251f936897a0ceaeff59f3ad78024b920159114bb6e21a93475726178,task,Task1.pipeline,Task1,pipeline_total,pulse_compression+pulse_doppler+cfar_alpha+ca_cfar+ambgfun;private:step1+power,task1_pipeline__task1_s01_weak__4a4a6814111164aa,task1_s01_weak,10^2,512,"[16,32];waveform=[16]",ComplexFP32,cpu,fft_thrust,compatibility/end-to-end,PASS,OK,20,100,74,2.2943579999999999,true,4a4a6814111164aa4b1846a5afe43f5cfcd1f21b33f4093f4cf78f34b9009a8c,96964952282adf9ae7ed99a66ba9080d0cbbc2c3e081547855d7121e6f28ea93
1,20260810T123934Z_d186f2993f4a_source_isolated_fft_thrust_task1_pipeline_benchmark_task1_s01_weak,formal,2026-08-10T10:15:31Z,d186f2993f4a5211c7662571e948fb6b6d4e8aab,false,task_scales_formal_v2,7231f75251f936897a0ceaeff59f3ad78024b920159114bb6e21a93475726178,task,Task1.pipeline,Task1,pipeline_total,pulse_compression+pulse_doppler+cfar_alpha+ca_cfar+ambgfun;private:step1+power,task1_pipeline__task1_s01_weak__4a4a6814111164aa,task1_s01_weak,10^2,512,"[16,32];waveform=[16]",ComplexFP32,gpu,fft_thrust,compatibility/end-to-end,PASS,OK,20,100,74,6.2503169999999999,true,4a4a6814111164aa4b1846a5afe43f5cfcd1f21b33f4093f4cf78f34b9009a8c,c4e9ef0c697b40486216e0941f9d2ea663cad2934cba6a798e76d8da64ed9248
1,20260810T123934Z_d186f2993f4a_source_isolated_fft_thrust_task1_pipeline_benchmark_task1_s01_weak,formal,2026-08-10T10:15:31Z,d186f2993f4a5211c7662571e948fb6b6d4e8aab,false,task_scales_formal_v2,7231f75251f936897a0ceaeff59f3ad78024b920159114bb6e21a93475726178,task,Task1.pipeline,Task1,pipeline_total,pulse_compression+pulse_doppler+cfar_alpha+ca_cfar+ambgfun;private:step1+power,task1_pipeline__task1_s01_weak__4a4a6814111164aa,task1_s01_weak,10^2,512,"[16,32];waveform=[16]",ComplexFP32,cpu,fft_thrust,compatibility/end-to-end,PASS,OK,20,100,75,2.2904680000000002,true,4a4a6814111164aa4b1846a5afe43f5cfcd1f21b33f4093f4cf78f34b9009a8c,96964952282adf9ae7ed99a66ba9080d0cbbc2c3e081547855d7121e6f28ea93
1,20260810T123934Z_d186f2993f4a_source_isolated_fft_thrust_task1_pipeline_benchmark_task1_s01_weak,formal,2026-08-10T10:15:31Z,d186f2993f4a5211c7662571e948fb6b6d4e8aab,false,task_scales_formal_v2,7231f75251f936897a0ceaeff59f3ad78024b920159114bb6e21a93475726178,task,Task1.pipeline,Task1,pipeline_total,pulse_compression+pulse_doppler+cfar_alpha+ca_cfar+ambgfun;private:step1+power,task1_pipeline__task1_s01_weak__4a4a6814111164aa,task1_s01_weak,10^2,512,"[16,32];waveform=[16]",ComplexFP32,gpu,fft_thrust,compatibility/end-to-end,PASS,OK,20,100,75,6.2935480000000004,true,4a4a6814111164aa4b1846a5afe43f5cfcd1f21b33f4093f4cf78f34b9009a8c,c4e9ef0c697b40486216e0941f9d2ea663cad2934cba6a798e76d8da64ed9248
1,20260810T123934Z_d186f2993f4a_source_isolated_fft_thrust_task1_pipeline_benchmark_task1_s01_weak,formal,2026-08-10T10:15:31Z,d186f2993f4a5211c7662571e948fb6b6d4e8aab,false,task_scales_formal_v2,7231f75251f936897a0ceaeff59f3ad78024b920159114bb6e21a93475726178,task,Task1.pipeline,Task1,pipeline_total,pulse_compression+pulse_doppler+cfar_alpha+ca_cfar+ambgfun;private:step1+power,task1_pipeline__task1_s01_weak__4a4a6814111164aa,task1_s01_weak,10^2,512,"[16,32];waveform=[16]",ComplexFP32,cpu,fft_thrust,compatibility/end-to-end,PASS,OK,20,100,76,2.2704780000000002,true,4a4a6814111164aa4b1846a5afe43f5cfcd1f21b33f4093f4cf78f34b9009a8c,96964952282adf9ae7ed99a66ba9080d0cbbc2c3e081547855d7121e6f28ea93
1,20260810T123934Z_d186f2993f4a_source_isolated_fft_thrust_task1_pipeline_benchmark_task1_s01_weak,formal,2026-08-10T10:15:31Z,d186f2993f4a5211c7662571e948fb6b6d4e8aab,false,task_scales_formal_v2,7231f75251f936897a0ceaeff59f3ad78024b920159114bb6e21a93475726178,task,Task1.pipeline,Task1,pipeline_total,pulse_compression+pulse_doppler+cfar_alpha+ca_cfar+ambgfun;private:step1+power,task1_pipeline__task1_s01_weak__4a4a6814111164aa,task1_s01_weak,10^2,512,"[16,32];waveform=[16]",ComplexFP32,gpu,fft_thrust,compatibility/end-to-end,PASS,OK,20,100,76,6.2976380000000001,true,4a4a6814111164aa4b1846a5afe43f5cfcd1f21b33f4093f4cf78f34b9009a8c,c4e9ef0c697b40486216e0941f9d2ea663cad2934cba6a798e76d8da64ed9248
1,20260810T123934Z_d186f2993f4a_source_isolated_fft_thrust_task1_pipeline_benchmark_task1_s01_weak,formal,2026-08-10T10:15:31Z,d186f2993f4a5211c7662571e948fb6b6d4e8aab,false,task_scales_formal_v2,7231f75251f936897a0ceaeff59f3ad78024b920159114bb6e21a93475726178,task,Task1.pipeline,Task1,pipeline_total,pulse_compression+pulse_doppler+cfar_alpha+ca_cfar+ambgfun;private:step1+power,task1_pipeline__task1_s01_weak__4a4a6814111164aa,task1_s01_weak,10^2,512,"[16,32];waveform=[16]",ComplexFP32,cpu,fft_thrust,compatibility/end-to-end,PASS,OK,20,100,77,2.2631079999999999,true,4a4a6814111164aa4b1846a5afe43f5cfcd1f21b33f4093f4cf78f34b9009a8c,96964952282adf9ae7ed99a66ba9080d0cbbc2c3e081547855d7121e6f28ea93
1,20260810T123934Z_d186f2993f4a_source_isolated_fft_thrust_task1_pipeline_benchmark_task1_s01_weak,formal,2026-08-10T10:15:31Z,d186f2993f4a5211c7662571e948fb6b6d4e8aab,false,task_scales_formal_v2,7231f75251f936897a0ceaeff59f3ad78024b920159114bb6e21a93475726178,task,Task1.pipeline,Task1,pipeline_total,pulse_compression+pulse_doppler+cfar_alpha+ca_cfar+ambgfun;private:step1+power,task1_pipeline__task1_s01_weak__4a4a6814111164aa,task1_s01_weak,10^2,512,"[16,32];waveform=[16]",ComplexFP32,gpu,fft_thrust,compatibility/end-to-end,PASS,OK,20,100,77,6.4070600000000004,true,4a4a6814111164aa4b1846a5afe43f5cfcd1f21b33f4093f4cf78f34b9009a8c,c4e9ef0c697b40486216e0941f9d2ea663cad2934cba6a798e76d8da64ed9248
1,20260810T123934Z_d186f2993f4a_source_isolated_fft_thrust_task1_pipeline_benchmark_task1_s01_weak,formal,2026-08-10T10:15:31Z,d186f2993f4a5211c7662571e948fb6b6d4e8aab,false,task_scales_formal_v2,7231f75251f936897a0ceaeff59f3ad78024b920159114bb6e21a93475726178,task,Task1.pipeline,Task1,pipeline_total,pulse_compression+pulse_doppler+cfar_alpha+ca_cfar+ambgfun;private:step1+power,task1_pipeline__task1_s01_weak__4a4a6814111164aa,task1_s01_weak,10^2,512,"[16,32];waveform=[16]",ComplexFP32,cpu,fft_thrust,compatibility/end-to-end,PASS,OK,20,100,78,2.2664179999999998,true,4a4a6814111164aa4b1846a5afe43f5cfcd1f21b33f4093f4cf78f34b9009a8c,96964952282adf9ae7ed99a66ba9080d0cbbc2c3e081547855d7121e6f28ea93
1,20260810T123934Z_d186f2993f4a_source_isolated_fft_thrust_task1_pipeline_benchmark_task1_s01_weak,formal,2026-08-10T10:15:31Z,d186f2993f4a5211c7662571e948fb6b6d4e8aab,false,task_scales_formal_v2,7231f75251f936897a0ceaeff59f3ad78024b920159114bb6e21a93475726178,task,Task1.pipeline,Task1,pipeline_total,pulse_compression+pulse_doppler+cfar_alpha+ca_cfar+ambgfun;private:step1+power,task1_pipeline__task1_s01_weak__4a4a6814111164aa,task1_s01_weak,10^2,512,"[16,32];waveform=[16]",ComplexFP32,gpu,fft_thrust,compatibility/end-to-end,PASS,OK,20,100,78,6.3925390000000002,true,4a4a6814111164aa4b1846a5afe43f5cfcd1f21b33f4093f4cf78f34b9009a8c,c4e9ef0c697b40486216e0941f9d2ea663cad2934cba6a798e76d8da64ed9248
1,20260810T123934Z_d186f2993f4a_source_isolated_fft_thrust_task1_pipeline_benchmark_task1_s01_weak,formal,2026-08-10T10:15:31Z,d186f2993f4a5211c7662571e948fb6b6d4e8aab,false,task_scales_formal_v2,7231f75251f936897a0ceaeff59f3ad78024b920159114bb6e21a93475726178,task,Task1.pipeline,Task1,pipeline_total,pulse_compression+pulse_doppler+cfar_alpha+ca_cfar+ambgfun;private:step1+power,task1_pipeline__task1_s01_weak__4a4a6814111164aa,task1_s01_weak,10^2,512,"[16,32];waveform=[16]",ComplexFP32,cpu,fft_thrust,compatibility/end-to-end,PASS,OK,20,100,79,2.3134480000000002,true,4a4a6814111164aa4b1846a5afe43f5cfcd1f21b33f4093f4cf78f34b9009a8c,96964952282adf9ae7ed99a66ba9080d0cbbc2c3e081547855d7121e6f28ea93
1,20260810T123934Z_d186f2993f4a_source_isolated_fft_thrust_task1_pipeline_benchmark_task1_s01_weak,formal,2026-08-10T10:15:31Z,d186f2993f4a5211c7662571e948fb6b6d4e8aab,false,task_scales_formal_v2,7231f75251f936897a0ceaeff59f3ad78024b920159114bb6e21a93475726178,task,Task1.pipeline,Task1,pipeline_total,pulse_compression+pulse_doppler+cfar_alpha+ca_cfar+ambgfun;private:step1+power,task1_pipeline__task1_s01_weak__4a4a6814111164aa,task1_s01_weak,10^2,512,"[16,32];waveform=[16]",ComplexFP32,gpu,fft_thrust,compatibility/end-to-end,PASS,OK,20,100,79,6.1964160000000001,true,4a4a6814111164aa4b1846a5afe43f5cfcd1f21b33f4093f4cf78f34b9009a8c,c4e9ef0c697b40486216e0941f9d2ea663cad2934cba6a798e76d8da64ed9248
1,20260810T123934Z_d186f2993f4a_source_isolated_fft_thrust_task1_pipeline_benchmark_task1_s01_weak,formal,2026-08-10T10:15:31Z,d186f2993f4a5211c7662571e948fb6b6d4e8aab,false,task_scales_formal_v2,7231f75251f936897a0ceaeff59f3ad78024b920159114bb6e21a93475726178,task,Task1.pipeline,Task1,pipeline_total,pulse_compression+pulse_doppler+cfar_alpha+ca_cfar+ambgfun;private:step1+power,task1_pipeline__task1_s01_weak__4a4a6814111164aa,task1_s01_weak,10^2,512,"[16,32];waveform=[16]",ComplexFP32,cpu,fft_thrust,compatibility/end-to-end,PASS,OK,20,100,80,2.275528,true,4a4a6814111164aa4b1846a5afe43f5cfcd1f21b33f4093f4cf78f34b9009a8c,96964952282adf9ae7ed99a66ba9080d0cbbc2c3e081547855d7121e6f28ea93
1,20260810T123934Z_d186f2993f4a_source_isolated_fft_thrust_task1_pipeline_benchmark_task1_s01_weak,formal,2026-08-10T10:15:31Z,d186f2993f4a5211c7662571e948fb6b6d4e8aab,false,task_scales_formal_v2,7231f75251f936897a0ceaeff59f3ad78024b920159114bb6e21a93475726178,task,Task1.pipeline,Task1,pipeline_total,pulse_compression+pulse_doppler+cfar_alpha+ca_cfar+ambgfun;private:step1+power,task1_pipeline__task1_s01_weak__4a4a6814111164aa,task1_s01_weak,10^2,512,"[16,32];waveform=[16]",ComplexFP32,gpu,fft_thrust,compatibility/end-to-end,PASS,OK,20,100,80,6.2215870000000004,true,4a4a6814111164aa4b1846a5afe43f5cfcd1f21b33f4093f4cf78f34b9009a8c,c4e9ef0c697b40486216e0941f9d2ea663cad2934cba6a798e76d8da64ed9248
1,20260810T123934Z_d186f2993f4a_source_isolated_fft_thrust_task1_pipeline_benchmark_task1_s01_weak,formal,2026-08-10T10:15:31Z,d186f2993f4a5211c7662571e948fb6b6d4e8aab,false,task_scales_formal_v2,7231f75251f936897a0ceaeff59f3ad78024b920159114bb6e21a93475726178,task,Task1.pipeline,Task1,pipeline_total,pulse_compression+pulse_doppler+cfar_alpha+ca_cfar+ambgfun;private:step1+power,task1_pipeline__task1_s01_weak__4a4a6814111164aa,task1_s01_weak,10^2,512,"[16,32];waveform=[16]",ComplexFP32,cpu,fft_thrust,compatibility/end-to-end,PASS,OK,20,100,81,2.2639589999999998,true,4a4a6814111164aa4b1846a5afe43f5cfcd1f21b33f4093f4cf78f34b9009a8c,96964952282adf9ae7ed99a66ba9080d0cbbc2c3e081547855d7121e6f28ea93
1,20260810T123934Z_d186f2993f4a_source_isolated_fft_thrust_task1_pipeline_benchmark_task1_s01_weak,formal,2026-08-10T10:15:31Z,d186f2993f4a5211c7662571e948fb6b6d4e8aab,false,task_scales_formal_v2,7231f75251f936897a0ceaeff59f3ad78024b920159114bb6e21a93475726178,task,Task1.pipeline,Task1,pipeline_total,pulse_compression+pulse_doppler+cfar_alpha+ca_cfar+ambgfun;private:step1+power,task1_pipeline__task1_s01_weak__4a4a6814111164aa,task1_s01_weak,10^2,512,"[16,32];waveform=[16]",ComplexFP32,gpu,fft_thrust,compatibility/end-to-end,PASS,OK,20,100,81,6.2468070000000004,true,4a4a6814111164aa4b1846a5afe43f5cfcd1f21b33f4093f4cf78f34b9009a8c,c4e9ef0c697b40486216e0941f9d2ea663cad2934cba6a798e76d8da64ed9248
1,20260810T123934Z_d186f2993f4a_source_isolated_fft_thrust_task1_pipeline_benchmark_task1_s01_weak,formal,2026-08-10T10:15:31Z,d186f2993f4a5211c7662571e948fb6b6d4e8aab,false,task_scales_formal_v2,7231f75251f936897a0ceaeff59f3ad78024b920159114bb6e21a93475726178,task,Task1.pipeline,Task1,pipeline_total,pulse_compression+pulse_doppler+cfar_alpha+ca_cfar+ambgfun;private:step1+power,task1_pipeline__task1_s01_weak__4a4a6814111164aa,task1_s01_weak,10^2,512,"[16,32];waveform=[16]",ComplexFP32,cpu,fft_thrust,compatibility/end-to-end,PASS,OK,20,100,82,2.2691780000000001,true,4a4a6814111164aa4b1846a5afe43f5cfcd1f21b33f4093f4cf78f34b9009a8c,96964952282adf9ae7ed99a66ba9080d0cbbc2c3e081547855d7121e6f28ea93
1,20260810T123934Z_d186f2993f4a_source_isolated_fft_thrust_task1_pipeline_benchmark_task1_s01_weak,formal,2026-08-10T10:15:31Z,d186f2993f4a5211c7662571e948fb6b6d4e8aab,false,task_scales_formal_v2,7231f75251f936897a0ceaeff59f3ad78024b920159114bb6e21a93475726178,task,Task1.pipeline,Task1,pipeline_total,pulse_compression+pulse_doppler+cfar_alpha+ca_cfar+ambgfun;private:step1+power,task1_pipeline__task1_s01_weak__4a4a6814111164aa,task1_s01_weak,10^2,512,"[16,32];waveform=[16]",ComplexFP32,gpu,fft_thrust,compatibility/end-to-end,PASS,OK,20,100,82,6.3642690000000002,true,4a4a6814111164aa4b1846a5afe43f5cfcd1f21b33f4093f4cf78f34b9009a8c,c4e9ef0c697b40486216e0941f9d2ea663cad2934cba6a798e76d8da64ed9248
1,20260810T123934Z_d186f2993f4a_source_isolated_fft_thrust_task1_pipeline_benchmark_task1_s01_weak,formal,2026-08-10T10:15:31Z,d186f2993f4a5211c7662571e948fb6b6d4e8aab,false,task_scales_formal_v2,7231f75251f936897a0ceaeff59f3ad78024b920159114bb6e21a93475726178,task,Task1.pipeline,Task1,pipeline_total,pulse_compression+pulse_doppler+cfar_alpha+ca_cfar+ambgfun;private:step1+power,task1_pipeline__task1_s01_weak__4a4a6814111164aa,task1_s01_weak,10^2,512,"[16,32];waveform=[16]",ComplexFP32,cpu,fft_thrust,compatibility/end-to-end,PASS,OK,20,100,83,2.2699780000000001,true,4a4a6814111164aa4b1846a5afe43f5cfcd1f21b33f4093f4cf78f34b9009a8c,96964952282adf9ae7ed99a66ba9080d0cbbc2c3e081547855d7121e6f28ea93
1,20260810T123934Z_d186f2993f4a_source_isolated_fft_thrust_task1_pipeline_benchmark_task1_s01_weak,formal,2026-08-10T10:15:31Z,d186f2993f4a5211c7662571e948fb6b6d4e8aab,false,task_scales_formal_v2,7231f75251f936897a0ceaeff59f3ad78024b920159114bb6e21a93475726178,task,Task1.pipeline,Task1,pipeline_total,pulse_compression+pulse_doppler+cfar_alpha+ca_cfar+ambgfun;private:step1+power,task1_pipeline__task1_s01_weak__4a4a6814111164aa,task1_s01_weak,10^2,512,"[16,32];waveform=[16]",ComplexFP32,gpu,fft_thrust,compatibility/end-to-end,PASS,OK,20,100,83,6.3573589999999998,true,4a4a6814111164aa4b1846a5afe43f5cfcd1f21b33f4093f4cf78f34b9009a8c,c4e9ef0c697b40486216e0941f9d2ea663cad2934cba6a798e76d8da64ed9248
1,20260810T123934Z_d186f2993f4a_source_isolated_fft_thrust_task1_pipeline_benchmark_task1_s01_weak,formal,2026-08-10T10:15:31Z,d186f2993f4a5211c7662571e948fb6b6d4e8aab,false,task_scales_formal_v2,7231f75251f936897a0ceaeff59f3ad78024b920159114bb6e21a93475726178,task,Task1.pipeline,Task1,pipeline_total,pulse_compression+pulse_doppler+cfar_alpha+ca_cfar+ambgfun;private:step1+power,task1_pipeline__task1_s01_weak__4a4a6814111164aa,task1_s01_weak,10^2,512,"[16,32];waveform=[16]",ComplexFP32,cpu,fft_thrust,compatibility/end-to-end,PASS,OK,20,100,84,2.3051590000000002,true,4a4a6814111164aa4b1846a5afe43f5cfcd1f21b33f4093f4cf78f34b9009a8c,96964952282adf9ae7ed99a66ba9080d0cbbc2c3e081547855d7121e6f28ea93
1,20260810T123934Z_d186f2993f4a_source_isolated_fft_thrust_task1_pipeline_benchmark_task1_s01_weak,formal,2026-08-10T10:15:31Z,d186f2993f4a5211c7662571e948fb6b6d4e8aab,false,task_scales_formal_v2,7231f75251f936897a0ceaeff59f3ad78024b920159114bb6e21a93475726178,task,Task1.pipeline,Task1,pipeline_total,pulse_compression+pulse_doppler+cfar_alpha+ca_cfar+ambgfun;private:step1+power,task1_pipeline__task1_s01_weak__4a4a6814111164aa,task1_s01_weak,10^2,512,"[16,32];waveform=[16]",ComplexFP32,gpu,fft_thrust,compatibility/end-to-end,PASS,OK,20,100,84,6.1714969999999996,true,4a4a6814111164aa4b1846a5afe43f5cfcd1f21b33f4093f4cf78f34b9009a8c,c4e9ef0c697b40486216e0941f9d2ea663cad2934cba6a798e76d8da64ed9248
1,20260810T123934Z_d186f2993f4a_source_isolated_fft_thrust_task1_pipeline_benchmark_task1_s01_weak,formal,2026-08-10T10:15:31Z,d186f2993f4a5211c7662571e948fb6b6d4e8aab,false,task_scales_formal_v2,7231f75251f936897a0ceaeff59f3ad78024b920159114bb6e21a93475726178,task,Task1.pipeline,Task1,pipeline_total,pulse_compression+pulse_doppler+cfar_alpha+ca_cfar+ambgfun;private:step1+power,task1_pipeline__task1_s01_weak__4a4a6814111164aa,task1_s01_weak,10^2,512,"[16,32];waveform=[16]",ComplexFP32,cpu,fft_thrust,compatibility/end-to-end,PASS,OK,20,100,85,2.2793380000000001,true,4a4a6814111164aa4b1846a5afe43f5cfcd1f21b33f4093f4cf78f34b9009a8c,96964952282adf9ae7ed99a66ba9080d0cbbc2c3e081547855d7121e6f28ea93
1,20260810T123934Z_d186f2993f4a_source_isolated_fft_thrust_task1_pipeline_benchmark_task1_s01_weak,formal,2026-08-10T10:15:31Z,d186f2993f4a5211c7662571e948fb6b6d4e8aab,false,task_scales_formal_v2,7231f75251f936897a0ceaeff59f3ad78024b920159114bb6e21a93475726178,task,Task1.pipeline,Task1,pipeline_total,pulse_compression+pulse_doppler+cfar_alpha+ca_cfar+ambgfun;private:step1+power,task1_pipeline__task1_s01_weak__4a4a6814111164aa,task1_s01_weak,10^2,512,"[16,32];waveform=[16]",ComplexFP32,gpu,fft_thrust,compatibility/end-to-end,PASS,OK,20,100,85,6.1625870000000003,true,4a4a6814111164aa4b1846a5afe43f5cfcd1f21b33f4093f4cf78f34b9009a8c,c4e9ef0c697b40486216e0941f9d2ea663cad2934cba6a798e76d8da64ed9248
1,20260810T123934Z_d186f2993f4a_source_isolated_fft_thrust_task1_pipeline_benchmark_task1_s01_weak,formal,2026-08-10T10:15:31Z,d186f2993f4a5211c7662571e948fb6b6d4e8aab,false,task_scales_formal_v2,7231f75251f936897a0ceaeff59f3ad78024b920159114bb6e21a93475726178,task,Task1.pipeline,Task1,pipeline_total,pulse_compression+pulse_doppler+cfar_alpha+ca_cfar+ambgfun;private:step1+power,task1_pipeline__task1_s01_weak__4a4a6814111164aa,task1_s01_weak,10^2,512,"[16,32];waveform=[16]",ComplexFP32,cpu,fft_thrust,compatibility/end-to-end,PASS,OK,20,100,86,2.2832180000000002,true,4a4a6814111164aa4b1846a5afe43f5cfcd1f21b33f4093f4cf78f34b9009a8c,96964952282adf9ae7ed99a66ba9080d0cbbc2c3e081547855d7121e6f28ea93
1,20260810T123934Z_d186f2993f4a_source_isolated_fft_thrust_task1_pipeline_benchmark_task1_s01_weak,formal,2026-08-10T10:15:31Z,d186f2993f4a5211c7662571e948fb6b6d4e8aab,false,task_scales_formal_v2,7231f75251f936897a0ceaeff59f3ad78024b920159114bb6e21a93475726178,task,Task1.pipeline,Task1,pipeline_total,pulse_compression+pulse_doppler+cfar_alpha+ca_cfar+ambgfun;private:step1+power,task1_pipeline__task1_s01_weak__4a4a6814111164aa,task1_s01_weak,10^2,512,"[16,32];waveform=[16]",ComplexFP32,gpu,fft_thrust,compatibility/end-to-end,PASS,OK,20,100,86,6.3290790000000001,true,4a4a6814111164aa4b1846a5afe43f5cfcd1f21b33f4093f4cf78f34b9009a8c,c4e9ef0c697b40486216e0941f9d2ea663cad2934cba6a798e76d8da64ed9248
1,20260810T123934Z_d186f2993f4a_source_isolated_fft_thrust_task1_pipeline_benchmark_task1_s01_weak,formal,2026-08-10T10:15:31Z,d186f2993f4a5211c7662571e948fb6b6d4e8aab,false,task_scales_formal_v2,7231f75251f936897a0ceaeff59f3ad78024b920159114bb6e21a93475726178,task,Task1.pipeline,Task1,pipeline_total,pulse_compression+pulse_doppler+cfar_alpha+ca_cfar+ambgfun;private:step1+power,task1_pipeline__task1_s01_weak__4a4a6814111164aa,task1_s01_weak,10^2,512,"[16,32];waveform=[16]",ComplexFP32,cpu,fft_thrust,compatibility/end-to-end,PASS,OK,20,100,87,2.2634880000000002,true,4a4a6814111164aa4b1846a5afe43f5cfcd1f21b33f4093f4cf78f34b9009a8c,96964952282adf9ae7ed99a66ba9080d0cbbc2c3e081547855d7121e6f28ea93
1,20260810T123934Z_d186f2993f4a_source_isolated_fft_thrust_task1_pipeline_benchmark_task1_s01_weak,formal,2026-08-10T10:15:31Z,d186f2993f4a5211c7662571e948fb6b6d4e8aab,false,task_scales_formal_v2,7231f75251f936897a0ceaeff59f3ad78024b920159114bb6e21a93475726178,task,Task1.pipeline,Task1,pipeline_total,pulse_compression+pulse_doppler+cfar_alpha+ca_cfar+ambgfun;private:step1+power,task1_pipeline__task1_s01_weak__4a4a6814111164aa,task1_s01_weak,10^2,512,"[16,32];waveform=[16]",ComplexFP32,gpu,fft_thrust,compatibility/end-to-end,PASS,OK,20,100,87,6.3414289999999998,true,4a4a6814111164aa4b1846a5afe43f5cfcd1f21b33f4093f4cf78f34b9009a8c,c4e9ef0c697b40486216e0941f9d2ea663cad2934cba6a798e76d8da64ed9248
1,20260810T123934Z_d186f2993f4a_source_isolated_fft_thrust_task1_pipeline_benchmark_task1_s01_weak,formal,2026-08-10T10:15:31Z,d186f2993f4a5211c7662571e948fb6b6d4e8aab,false,task_scales_formal_v2,7231f75251f936897a0ceaeff59f3ad78024b920159114bb6e21a93475726178,task,Task1.pipeline,Task1,pipeline_total,pulse_compression+pulse_doppler+cfar_alpha+ca_cfar+ambgfun;private:step1+power,task1_pipeline__task1_s01_weak__4a4a6814111164aa,task1_s01_weak,10^2,512,"[16,32];waveform=[16]",ComplexFP32,cpu,fft_thrust,compatibility/end-to-end,PASS,OK,20,100,88,2.2646280000000001,true,4a4a6814111164aa4b1846a5afe43f5cfcd1f21b33f4093f4cf78f34b9009a8c,96964952282adf9ae7ed99a66ba9080d0cbbc2c3e081547855d7121e6f28ea93
1,20260810T123934Z_d186f2993f4a_source_isolated_fft_thrust_task1_pipeline_benchmark_task1_s01_weak,formal,2026-08-10T10:15:31Z,d186f2993f4a5211c7662571e948fb6b6d4e8aab,false,task_scales_formal_v2,7231f75251f936897a0ceaeff59f3ad78024b920159114bb6e21a93475726178,task,Task1.pipeline,Task1,pipeline_total,pulse_compression+pulse_doppler+cfar_alpha+ca_cfar+ambgfun;private:step1+power,task1_pipeline__task1_s01_weak__4a4a6814111164aa,task1_s01_weak,10^2,512,"[16,32];waveform=[16]",ComplexFP32,gpu,fft_thrust,compatibility/end-to-end,PASS,OK,20,100,88,6.3009180000000002,true,4a4a6814111164aa4b1846a5afe43f5cfcd1f21b33f4093f4cf78f34b9009a8c,c4e9ef0c697b40486216e0941f9d2ea663cad2934cba6a798e76d8da64ed9248
1,20260810T123934Z_d186f2993f4a_source_isolated_fft_thrust_task1_pipeline_benchmark_task1_s01_weak,formal,2026-08-10T10:15:31Z,d186f2993f4a5211c7662571e948fb6b6d4e8aab,false,task_scales_formal_v2,7231f75251f936897a0ceaeff59f3ad78024b920159114bb6e21a93475726178,task,Task1.pipeline,Task1,pipeline_total,pulse_compression+pulse_doppler+cfar_alpha+ca_cfar+ambgfun;private:step1+power,task1_pipeline__task1_s01_weak__4a4a6814111164aa,task1_s01_weak,10^2,512,"[16,32];waveform=[16]",ComplexFP32,cpu,fft_thrust,compatibility/end-to-end,PASS,OK,20,100,89,2.281158,true,4a4a6814111164aa4b1846a5afe43f5cfcd1f21b33f4093f4cf78f34b9009a8c,96964952282adf9ae7ed99a66ba9080d0cbbc2c3e081547855d7121e6f28ea93
1,20260810T123934Z_d186f2993f4a_source_isolated_fft_thrust_task1_pipeline_benchmark_task1_s01_weak,formal,2026-08-10T10:15:31Z,d186f2993f4a5211c7662571e948fb6b6d4e8aab,false,task_scales_formal_v2,7231f75251f936897a0ceaeff59f3ad78024b920159114bb6e21a93475726178,task,Task1.pipeline,Task1,pipeline_total,pulse_compression+pulse_doppler+cfar_alpha+ca_cfar+ambgfun;private:step1+power,task1_pipeline__task1_s01_weak__4a4a6814111164aa,task1_s01_weak,10^2,512,"[16,32];waveform=[16]",ComplexFP32,gpu,fft_thrust,compatibility/end-to-end,PASS,OK,20,100,89,6.3621489999999996,true,4a4a6814111164aa4b1846a5afe43f5cfcd1f21b33f4093f4cf78f34b9009a8c,c4e9ef0c697b40486216e0941f9d2ea663cad2934cba6a798e76d8da64ed9248
1,20260810T123934Z_d186f2993f4a_source_isolated_fft_thrust_task1_pipeline_benchmark_task1_s01_weak,formal,2026-08-10T10:15:31Z,d186f2993f4a5211c7662571e948fb6b6d4e8aab,false,task_scales_formal_v2,7231f75251f936897a0ceaeff59f3ad78024b920159114bb6e21a93475726178,task,Task1.pipeline,Task1,pipeline_total,pulse_compression+pulse_doppler+cfar_alpha+ca_cfar+ambgfun;private:step1+power,task1_pipeline__task1_s01_weak__4a4a6814111164aa,task1_s01_weak,10^2,512,"[16,32];waveform=[16]",ComplexFP32,cpu,fft_thrust,compatibility/end-to-end,PASS,OK,20,100,90,2.2743180000000001,true,4a4a6814111164aa4b1846a5afe43f5cfcd1f21b33f4093f4cf78f34b9009a8c,96964952282adf9ae7ed99a66ba9080d0cbbc2c3e081547855d7121e6f28ea93
1,20260810T123934Z_d186f2993f4a_source_isolated_fft_thrust_task1_pipeline_benchmark_task1_s01_weak,formal,2026-08-10T10:15:31Z,d186f2993f4a5211c7662571e948fb6b6d4e8aab,false,task_scales_formal_v2,7231f75251f936897a0ceaeff59f3ad78024b920159114bb6e21a93475726178,task,Task1.pipeline,Task1,pipeline_total,pulse_compression+pulse_doppler+cfar_alpha+ca_cfar+ambgfun;private:step1+power,task1_pipeline__task1_s01_weak__4a4a6814111164aa,task1_s01_weak,10^2,512,"[16,32];waveform=[16]",ComplexFP32,gpu,fft_thrust,compatibility/end-to-end,PASS,OK,20,100,90,6.7079829999999996,true,4a4a6814111164aa4b1846a5afe43f5cfcd1f21b33f4093f4cf78f34b9009a8c,c4e9ef0c697b40486216e0941f9d2ea663cad2934cba6a798e76d8da64ed9248
1,20260810T123934Z_d186f2993f4a_source_isolated_fft_thrust_task1_pipeline_benchmark_task1_s01_weak,formal,2026-08-10T10:15:31Z,d186f2993f4a5211c7662571e948fb6b6d4e8aab,false,task_scales_formal_v2,7231f75251f936897a0ceaeff59f3ad78024b920159114bb6e21a93475726178,task,Task1.pipeline,Task1,pipeline_total,pulse_compression+pulse_doppler+cfar_alpha+ca_cfar+ambgfun;private:step1+power,task1_pipeline__task1_s01_weak__4a4a6814111164aa,task1_s01_weak,10^2,512,"[16,32];waveform=[16]",ComplexFP32,cpu,fft_thrust,compatibility/end-to-end,PASS,OK,20,100,91,2.286448,true,4a4a6814111164aa4b1846a5afe43f5cfcd1f21b33f4093f4cf78f34b9009a8c,96964952282adf9ae7ed99a66ba9080d0cbbc2c3e081547855d7121e6f28ea93
1,20260810T123934Z_d186f2993f4a_source_isolated_fft_thrust_task1_pipeline_benchmark_task1_s01_weak,formal,2026-08-10T10:15:31Z,d186f2993f4a5211c7662571e948fb6b6d4e8aab,false,task_scales_formal_v2,7231f75251f936897a0ceaeff59f3ad78024b920159114bb6e21a93475726178,task,Task1.pipeline,Task1,pipeline_total,pulse_compression+pulse_doppler+cfar_alpha+ca_cfar+ambgfun;private:step1+power,task1_pipeline__task1_s01_weak__4a4a6814111164aa,task1_s01_weak,10^2,512,"[16,32];waveform=[16]",ComplexFP32,gpu,fft_thrust,compatibility/end-to-end,PASS,OK,20,100,91,6.3577089999999998,true,4a4a6814111164aa4b1846a5afe43f5cfcd1f21b33f4093f4cf78f34b9009a8c,c4e9ef0c697b40486216e0941f9d2ea663cad2934cba6a798e76d8da64ed9248
1,20260810T123934Z_d186f2993f4a_source_isolated_fft_thrust_task1_pipeline_benchmark_task1_s01_weak,formal,2026-08-10T10:15:31Z,d186f2993f4a5211c7662571e948fb6b6d4e8aab,false,task_scales_formal_v2,7231f75251f936897a0ceaeff59f3ad78024b920159114bb6e21a93475726178,task,Task1.pipeline,Task1,pipeline_total,pulse_compression+pulse_doppler+cfar_alpha+ca_cfar+ambgfun;private:step1+power,task1_pipeline__task1_s01_weak__4a4a6814111164aa,task1_s01_weak,10^2,512,"[16,32];waveform=[16]",ComplexFP32,cpu,fft_thrust,compatibility/end-to-end,PASS,OK,20,100,92,2.2817780000000001,true,4a4a6814111164aa4b1846a5afe43f5cfcd1f21b33f4093f4cf78f34b9009a8c,96964952282adf9ae7ed99a66ba9080d0cbbc2c3e081547855d7121e6f28ea93
1,20260810T123934Z_d186f2993f4a_source_isolated_fft_thrust_task1_pipeline_benchmark_task1_s01_weak,formal,2026-08-10T10:15:31Z,d186f2993f4a5211c7662571e948fb6b6d4e8aab,false,task_scales_formal_v2,7231f75251f936897a0ceaeff59f3ad78024b920159114bb6e21a93475726178,task,Task1.pipeline,Task1,pipeline_total,pulse_compression+pulse_doppler+cfar_alpha+ca_cfar+ambgfun;private:step1+power,task1_pipeline__task1_s01_weak__4a4a6814111164aa,task1_s01_weak,10^2,512,"[16,32];waveform=[16]",ComplexFP32,gpu,fft_thrust,compatibility/end-to-end,PASS,OK,20,100,92,6.3683180000000004,true,4a4a6814111164aa4b1846a5afe43f5cfcd1f21b33f4093f4cf78f34b9009a8c,c4e9ef0c697b40486216e0941f9d2ea663cad2934cba6a798e76d8da64ed9248
1,20260810T123934Z_d186f2993f4a_source_isolated_fft_thrust_task1_pipeline_benchmark_task1_s01_weak,formal,2026-08-10T10:15:31Z,d186f2993f4a5211c7662571e948fb6b6d4e8aab,false,task_scales_formal_v2,7231f75251f936897a0ceaeff59f3ad78024b920159114bb6e21a93475726178,task,Task1.pipeline,Task1,pipeline_total,pulse_compression+pulse_doppler+cfar_alpha+ca_cfar+ambgfun;private:step1+power,task1_pipeline__task1_s01_weak__4a4a6814111164aa,task1_s01_weak,10^2,512,"[16,32];waveform=[16]",ComplexFP32,cpu,fft_thrust,compatibility/end-to-end,PASS,OK,20,100,93,2.258648,true,4a4a6814111164aa4b1846a5afe43f5cfcd1f21b33f4093f4cf78f34b9009a8c,96964952282adf9ae7ed99a66ba9080d0cbbc2c3e081547855d7121e6f28ea93
1,20260810T123934Z_d186f2993f4a_source_isolated_fft_thrust_task1_pipeline_benchmark_task1_s01_weak,formal,2026-08-10T10:15:31Z,d186f2993f4a5211c7662571e948fb6b6d4e8aab,false,task_scales_formal_v2,7231f75251f936897a0ceaeff59f3ad78024b920159114bb6e21a93475726178,task,Task1.pipeline,Task1,pipeline_total,pulse_compression+pulse_doppler+cfar_alpha+ca_cfar+ambgfun;private:step1+power,task1_pipeline__task1_s01_weak__4a4a6814111164aa,task1_s01_weak,10^2,512,"[16,32];waveform=[16]",ComplexFP32,gpu,fft_thrust,compatibility/end-to-end,PASS,OK,20,100,93,6.4276400000000002,true,4a4a6814111164aa4b1846a5afe43f5cfcd1f21b33f4093f4cf78f34b9009a8c,c4e9ef0c697b40486216e0941f9d2ea663cad2934cba6a798e76d8da64ed9248
1,20260810T123934Z_d186f2993f4a_source_isolated_fft_thrust_task1_pipeline_benchmark_task1_s01_weak,formal,2026-08-10T10:15:31Z,d186f2993f4a5211c7662571e948fb6b6d4e8aab,false,task_scales_formal_v2,7231f75251f936897a0ceaeff59f3ad78024b920159114bb6e21a93475726178,task,Task1.pipeline,Task1,pipeline_total,pulse_compression+pulse_doppler+cfar_alpha+ca_cfar+ambgfun;private:step1+power,task1_pipeline__task1_s01_weak__4a4a6814111164aa,task1_s01_weak,10^2,512,"[16,32];waveform=[16]",ComplexFP32,cpu,fft_thrust,compatibility/end-to-end,PASS,OK,20,100,94,2.2648480000000002,true,4a4a6814111164aa4b1846a5afe43f5cfcd1f21b33f4093f4cf78f34b9009a8c,96964952282adf9ae7ed99a66ba9080d0cbbc2c3e081547855d7121e6f28ea93
1,20260810T123934Z_d186f2993f4a_source_isolated_fft_thrust_task1_pipeline_benchmark_task1_s01_weak,formal,2026-08-10T10:15:31Z,d186f2993f4a5211c7662571e948fb6b6d4e8aab,false,task_scales_formal_v2,7231f75251f936897a0ceaeff59f3ad78024b920159114bb6e21a93475726178,task,Task1.pipeline,Task1,pipeline_total,pulse_compression+pulse_doppler+cfar_alpha+ca_cfar+ambgfun;private:step1+power,task1_pipeline__task1_s01_weak__4a4a6814111164aa,task1_s01_weak,10^2,512,"[16,32];waveform=[16]",ComplexFP32,gpu,fft_thrust,compatibility/end-to-end,PASS,OK,20,100,94,6.6408820000000004,true,4a4a6814111164aa4b1846a5afe43f5cfcd1f21b33f4093f4cf78f34b9009a8c,c4e9ef0c697b40486216e0941f9d2ea663cad2934cba6a798e76d8da64ed9248
1,20260810T123934Z_d186f2993f4a_source_isolated_fft_thrust_task1_pipeline_benchmark_task1_s01_weak,formal,2026-08-10T10:15:31Z,d186f2993f4a5211c7662571e948fb6b6d4e8aab,false,task_scales_formal_v2,7231f75251f936897a0ceaeff59f3ad78024b920159114bb6e21a93475726178,task,Task1.pipeline,Task1,pipeline_total,pulse_compression+pulse_doppler+cfar_alpha+ca_cfar+ambgfun;private:step1+power,task1_pipeline__task1_s01_weak__4a4a6814111164aa,task1_s01_weak,10^2,512,"[16,32];waveform=[16]",ComplexFP32,cpu,fft_thrust,compatibility/end-to-end,PASS,OK,20,100,95,2.2641580000000001,true,4a4a6814111164aa4b1846a5afe43f5cfcd1f21b33f4093f4cf78f34b9009a8c,96964952282adf9ae7ed99a66ba9080d0cbbc2c3e081547855d7121e6f28ea93
1,20260810T123934Z_d186f2993f4a_source_isolated_fft_thrust_task1_pipeline_benchmark_task1_s01_weak,formal,2026-08-10T10:15:31Z,d186f2993f4a5211c7662571e948fb6b6d4e8aab,false,task_scales_formal_v2,7231f75251f936897a0ceaeff59f3ad78024b920159114bb6e21a93475726178,task,Task1.pipeline,Task1,pipeline_total,pulse_compression+pulse_doppler+cfar_alpha+ca_cfar+ambgfun;private:step1+power,task1_pipeline__task1_s01_weak__4a4a6814111164aa,task1_s01_weak,10^2,512,"[16,32];waveform=[16]",ComplexFP32,gpu,fft_thrust,compatibility/end-to-end,PASS,OK,20,100,95,6.4498499999999996,true,4a4a6814111164aa4b1846a5afe43f5cfcd1f21b33f4093f4cf78f34b9009a8c,c4e9ef0c697b40486216e0941f9d2ea663cad2934cba6a798e76d8da64ed9248
1,20260810T123934Z_d186f2993f4a_source_isolated_fft_thrust_task1_pipeline_benchmark_task1_s01_weak,formal,2026-08-10T10:15:31Z,d186f2993f4a5211c7662571e948fb6b6d4e8aab,false,task_scales_formal_v2,7231f75251f936897a0ceaeff59f3ad78024b920159114bb6e21a93475726178,task,Task1.pipeline,Task1,pipeline_total,pulse_compression+pulse_doppler+cfar_alpha+ca_cfar+ambgfun;private:step1+power,task1_pipeline__task1_s01_weak__4a4a6814111164aa,task1_s01_weak,10^2,512,"[16,32];waveform=[16]",ComplexFP32,cpu,fft_thrust,compatibility/end-to-end,PASS,OK,20,100,96,2.277968,true,4a4a6814111164aa4b1846a5afe43f5cfcd1f21b33f4093f4cf78f34b9009a8c,96964952282adf9ae7ed99a66ba9080d0cbbc2c3e081547855d7121e6f28ea93
1,20260810T123934Z_d186f2993f4a_source_isolated_fft_thrust_task1_pipeline_benchmark_task1_s01_weak,formal,2026-08-10T10:15:31Z,d186f2993f4a5211c7662571e948fb6b6d4e8aab,false,task_scales_formal_v2,7231f75251f936897a0ceaeff59f3ad78024b920159114bb6e21a93475726178,task,Task1.pipeline,Task1,pipeline_total,pulse_compression+pulse_doppler+cfar_alpha+ca_cfar+ambgfun;private:step1+power,task1_pipeline__task1_s01_weak__4a4a6814111164aa,task1_s01_weak,10^2,512,"[16,32];waveform=[16]",ComplexFP32,gpu,fft_thrust,compatibility/end-to-end,PASS,OK,20,100,96,6.399489,true,4a4a6814111164aa4b1846a5afe43f5cfcd1f21b33f4093f4cf78f34b9009a8c,c4e9ef0c697b40486216e0941f9d2ea663cad2934cba6a798e76d8da64ed9248
1,20260810T123934Z_d186f2993f4a_source_isolated_fft_thrust_task1_pipeline_benchmark_task1_s01_weak,formal,2026-08-10T10:15:31Z,d186f2993f4a5211c7662571e948fb6b6d4e8aab,false,task_scales_formal_v2,7231f75251f936897a0ceaeff59f3ad78024b920159114bb6e21a93475726178,task,Task1.pipeline,Task1,pipeline_total,pulse_compression+pulse_doppler+cfar_alpha+ca_cfar+ambgfun;private:step1+power,task1_pipeline__task1_s01_weak__4a4a6814111164aa,task1_s01_weak,10^2,512,"[16,32];waveform=[16]",ComplexFP32,cpu,fft_thrust,compatibility/end-to-end,PASS,OK,20,100,97,2.2743579999999999,true,4a4a6814111164aa4b1846a5afe43f5cfcd1f21b33f4093f4cf78f34b9009a8c,96964952282adf9ae7ed99a66ba9080d0cbbc2c3e081547855d7121e6f28ea93
1,20260810T123934Z_d186f2993f4a_source_isolated_fft_thrust_task1_pipeline_benchmark_task1_s01_weak,formal,2026-08-10T10:15:31Z,d186f2993f4a5211c7662571e948fb6b6d4e8aab,false,task_scales_formal_v2,7231f75251f936897a0ceaeff59f3ad78024b920159114bb6e21a93475726178,task,Task1.pipeline,Task1,pipeline_total,pulse_compression+pulse_doppler+cfar_alpha+ca_cfar+ambgfun;private:step1+power,task1_pipeline__task1_s01_weak__4a4a6814111164aa,task1_s01_weak,10^2,512,"[16,32];waveform=[16]",ComplexFP32,gpu,fft_thrust,compatibility/end-to-end,PASS,OK,20,100,97,6.3986390000000002,true,4a4a6814111164aa4b1846a5afe43f5cfcd1f21b33f4093f4cf78f34b9009a8c,c4e9ef0c697b40486216e0941f9d2ea663cad2934cba6a798e76d8da64ed9248
1,20260810T123934Z_d186f2993f4a_source_isolated_fft_thrust_task1_pipeline_benchmark_task1_s01_weak,formal,2026-08-10T10:15:31Z,d186f2993f4a5211c7662571e948fb6b6d4e8aab,false,task_scales_formal_v2,7231f75251f936897a0ceaeff59f3ad78024b920159114bb6e21a93475726178,task,Task1.pipeline,Task1,pipeline_total,pulse_compression+pulse_doppler+cfar_alpha+ca_cfar+ambgfun;private:step1+power,task1_pipeline__task1_s01_weak__4a4a6814111164aa,task1_s01_weak,10^2,512,"[16,32];waveform=[16]",ComplexFP32,cpu,fft_thrust,compatibility/end-to-end,PASS,OK,20,100,98,2.2747579999999998,true,4a4a6814111164aa4b1846a5afe43f5cfcd1f21b33f4093f4cf78f34b9009a8c,96964952282adf9ae7ed99a66ba9080d0cbbc2c3e081547855d7121e6f28ea93
1,20260810T123934Z_d186f2993f4a_source_isolated_fft_thrust_task1_pipeline_benchmark_task1_s01_weak,formal,2026-08-10T10:15:31Z,d186f2993f4a5211c7662571e948fb6b6d4e8aab,false,task_scales_formal_v2,7231f75251f936897a0ceaeff59f3ad78024b920159114bb6e21a93475726178,task,Task1.pipeline,Task1,pipeline_total,pulse_compression+pulse_doppler+cfar_alpha+ca_cfar+ambgfun;private:step1+power,task1_pipeline__task1_s01_weak__4a4a6814111164aa,task1_s01_weak,10^2,512,"[16,32];waveform=[16]",ComplexFP32,gpu,fft_thrust,compatibility/end-to-end,PASS,OK,20,100,98,6.627561,true,4a4a6814111164aa4b1846a5afe43f5cfcd1f21b33f4093f4cf78f34b9009a8c,c4e9ef0c697b40486216e0941f9d2ea663cad2934cba6a798e76d8da64ed9248
1,20260810T123934Z_d186f2993f4a_source_isolated_fft_thrust_task1_pipeline_benchmark_task1_s01_weak,formal,2026-08-10T10:15:31Z,d186f2993f4a5211c7662571e948fb6b6d4e8aab,false,task_scales_formal_v2,7231f75251f936897a0ceaeff59f3ad78024b920159114bb6e21a93475726178,task,Task1.pipeline,Task1,pipeline_total,pulse_compression+pulse_doppler+cfar_alpha+ca_cfar+ambgfun;private:step1+power,task1_pipeline__task1_s01_weak__4a4a6814111164aa,task1_s01_weak,10^2,512,"[16,32];waveform=[16]",ComplexFP32,cpu,fft_thrust,compatibility/end-to-end,PASS,OK,20,100,99,2.275528,true,4a4a6814111164aa4b1846a5afe43f5cfcd1f21b33f4093f4cf78f34b9009a8c,96964952282adf9ae7ed99a66ba9080d0cbbc2c3e081547855d7121e6f28ea93
1,20260810T123934Z_d186f2993f4a_source_isolated_fft_thrust_task1_pipeline_benchmark_task1_s01_weak,formal,2026-08-10T10:15:31Z,d186f2993f4a5211c7662571e948fb6b6d4e8aab,false,task_scales_formal_v2,7231f75251f936897a0ceaeff59f3ad78024b920159114bb6e21a93475726178,task,Task1.pipeline,Task1,pipeline_total,pulse_compression+pulse_doppler+cfar_alpha+ca_cfar+ambgfun;private:step1+power,task1_pipeline__task1_s01_weak__4a4a6814111164aa,task1_s01_weak,10^2,512,"[16,32];waveform=[16]",ComplexFP32,gpu,fft_thrust,compatibility/end-to-end,PASS,OK,20,100,99,6.5877119999999998,true,4a4a6814111164aa4b1846a5afe43f5cfcd1f21b33f4093f4cf78f34b9009a8c,c4e9ef0c697b40486216e0941f9d2ea663cad2934cba6a798e76d8da64ed9248
