schema_version,run_id,run_type,test_time_utc,git_commit,git_dirty,config_id,config_sha256,target_kind,target,task_name,step_name,operator_name,case_id,scale_id,order_of_magnitude,actual_elements,input_shape,dtype,device,backend,timing_scope,status,error_code,warmup_runs,measured_runs,sample_index,latency_ms,synchronized,input_digest,output_digest
1,20260810T031954Z_47ebe13410d3_stage08_b01_formal_8811001d,formal,20260810T031954Z,47ebe13410d3a97ff7b922a5622a21bff244b00a,true,stage08_b01_general_cosine_scales_v1,98e7d3d2716deaf919d8883f5caa73c3f61a1ce37bffff86a62a6be43aa66f64,operator,general_cosine,NA,NA,general_cosine,general_cosine__general_cosine_int8_10e4__7011a33c6006cb29__periodic,general_cosine_int8_10e4,10^4,10003,window_positions=[10000];coefficients=[3],INT8,CPU,not_applicable,compatibility/end-to-end,PASS,OK,20,100,0,0.71305600000000002,true,7011a33c6006cb2947464aa99afad26aa2fdc55e50ed6de056bcb07651567047,4f32d914a1ab91ad910368400a30c5f7a8549ab736ca9b67140cac9858fd13c7
1,20260810T031954Z_47ebe13410d3_stage08_b01_formal_8811001d,formal,20260810T031954Z,47ebe13410d3a97ff7b922a5622a21bff244b00a,true,stage08_b01_general_cosine_scales_v1,98e7d3d2716deaf919d8883f5caa73c3f61a1ce37bffff86a62a6be43aa66f64,operator,general_cosine,NA,NA,general_cosine,general_cosine__general_cosine_int8_10e4__7011a33c6006cb29__periodic,general_cosine_int8_10e4,10^4,10003,window_positions=[10000];coefficients=[3],INT8,CPU,not_applicable,compatibility/end-to-end,PASS,OK,20,100,1,0.71328599999999998,true,7011a33c6006cb2947464aa99afad26aa2fdc55e50ed6de056bcb07651567047,4f32d914a1ab91ad910368400a30c5f7a8549ab736ca9b67140cac9858fd13c7
1,20260810T031954Z_47ebe13410d3_stage08_b01_formal_8811001d,formal,20260810T031954Z,47ebe13410d3a97ff7b922a5622a21bff244b00a,true,stage08_b01_general_cosine_scales_v1,98e7d3d2716deaf919d8883f5caa73c3f61a1ce37bffff86a62a6be43aa66f64,operator,general_cosine,NA,NA,general_cosine,general_cosine__general_cosine_int8_10e4__7011a33c6006cb29__periodic,general_cosine_int8_10e4,10^4,10003,window_positions=[10000];coefficients=[3],INT8,CPU,not_applicable,compatibility/end-to-end,PASS,OK,20,100,2,0.71322600000000003,true,7011a33c6006cb2947464aa99afad26aa2fdc55e50ed6de056bcb07651567047,4f32d914a1ab91ad910368400a30c5f7a8549ab736ca9b67140cac9858fd13c7
1,20260810T031954Z_47ebe13410d3_stage08_b01_formal_8811001d,formal,20260810T031954Z,47ebe13410d3a97ff7b922a5622a21bff244b00a,true,stage08_b01_general_cosine_scales_v1,98e7d3d2716deaf919d8883f5caa73c3f61a1ce37bffff86a62a6be43aa66f64,operator,general_cosine,NA,NA,general_cosine,general_cosine__general_cosine_int8_10e4__7011a33c6006cb29__periodic,general_cosine_int8_10e4,10^4,10003,window_positions=[10000];coefficients=[3],INT8,CPU,not_applicable,compatibility/end-to-end,PASS,OK,20,100,3,0.72188600000000003,true,7011a33c6006cb2947464aa99afad26aa2fdc55e50ed6de056bcb07651567047,4f32d914a1ab91ad910368400a30c5f7a8549ab736ca9b67140cac9858fd13c7
1,20260810T031954Z_47ebe13410d3_stage08_b01_formal_8811001d,formal,20260810T031954Z,47ebe13410d3a97ff7b922a5622a21bff244b00a,true,stage08_b01_general_cosine_scales_v1,98e7d3d2716deaf919d8883f5caa73c3f61a1ce37bffff86a62a6be43aa66f64,operator,general_cosine,NA,NA,general_cosine,general_cosine__general_cosine_int8_10e4__7011a33c6006cb29__periodic,general_cosine_int8_10e4,10^4,10003,window_positions=[10000];coefficients=[3],INT8,CPU,not_applicable,compatibility/end-to-end,PASS,OK,20,100,4,0.71313599999999999,true,7011a33c6006cb2947464aa99afad26aa2fdc55e50ed6de056bcb07651567047,4f32d914a1ab91ad910368400a30c5f7a8549ab736ca9b67140cac9858fd13c7
1,20260810T031954Z_47ebe13410d3_stage08_b01_formal_8811001d,formal,20260810T031954Z,47ebe13410d3a97ff7b922a5622a21bff244b00a,true,stage08_b01_general_cosine_scales_v1,98e7d3d2716deaf919d8883f5caa73c3f61a1ce37bffff86a62a6be43aa66f64,operator,general_cosine,NA,NA,general_cosine,general_cosine__general_cosine_int8_10e4__7011a33c6006cb29__periodic,general_cosine_int8_10e4,10^4,10003,window_positions=[10000];coefficients=[3],INT8,CPU,not_applicable,compatibility/end-to-end,PASS,OK,20,100,5,0.71390600000000004,true,7011a33c6006cb2947464aa99afad26aa2fdc55e50ed6de056bcb07651567047,4f32d914a1ab91ad910368400a30c5f7a8549ab736ca9b67140cac9858fd13c7
1,20260810T031954Z_47ebe13410d3_stage08_b01_formal_8811001d,formal,20260810T031954Z,47ebe13410d3a97ff7b922a5622a21bff244b00a,true,stage08_b01_general_cosine_scales_v1,98e7d3d2716deaf919d8883f5caa73c3f61a1ce37bffff86a62a6be43aa66f64,operator,general_cosine,NA,NA,general_cosine,general_cosine__general_cosine_int8_10e4__7011a33c6006cb29__periodic,general_cosine_int8_10e4,10^4,10003,window_positions=[10000];coefficients=[3],INT8,CPU,not_applicable,compatibility/end-to-end,PASS,OK,20,100,6,0.713256,true,7011a33c6006cb2947464aa99afad26aa2fdc55e50ed6de056bcb07651567047,4f32d914a1ab91ad910368400a30c5f7a8549ab736ca9b67140cac9858fd13c7
1,20260810T031954Z_47ebe13410d3_stage08_b01_formal_8811001d,formal,20260810T031954Z,47ebe13410d3a97ff7b922a5622a21bff244b00a,true,stage08_b01_general_cosine_scales_v1,98e7d3d2716deaf919d8883f5caa73c3f61a1ce37bffff86a62a6be43aa66f64,operator,general_cosine,NA,NA,general_cosine,general_cosine__general_cosine_int8_10e4__7011a33c6006cb29__periodic,general_cosine_int8_10e4,10^4,10003,window_positions=[10000];coefficients=[3],INT8,CPU,not_applicable,compatibility/end-to-end,PASS,OK,20,100,7,0.71270599999999995,true,7011a33c6006cb2947464aa99afad26aa2fdc55e50ed6de056bcb07651567047,4f32d914a1ab91ad910368400a30c5f7a8549ab736ca9b67140cac9858fd13c7
1,20260810T031954Z_47ebe13410d3_stage08_b01_formal_8811001d,formal,20260810T031954Z,47ebe13410d3a97ff7b922a5622a21bff244b00a,true,stage08_b01_general_cosine_scales_v1,98e7d3d2716deaf919d8883f5caa73c3f61a1ce37bffff86a62a6be43aa66f64,operator,general_cosine,NA,NA,general_cosine,general_cosine__general_cosine_int8_10e4__7011a33c6006cb29__periodic,general_cosine_int8_10e4,10^4,10003,window_positions=[10000];coefficients=[3],INT8,CPU,not_applicable,compatibility/end-to-end,PASS,OK,20,100,8,0.722526,true,7011a33c6006cb2947464aa99afad26aa2fdc55e50ed6de056bcb07651567047,4f32d914a1ab91ad910368400a30c5f7a8549ab736ca9b67140cac9858fd13c7
1,20260810T031954Z_47ebe13410d3_stage08_b01_formal_8811001d,formal,20260810T031954Z,47ebe13410d3a97ff7b922a5622a21bff244b00a,true,stage08_b01_general_cosine_scales_v1,98e7d3d2716deaf919d8883f5caa73c3f61a1ce37bffff86a62a6be43aa66f64,operator,general_cosine,NA,NA,general_cosine,general_cosine__general_cosine_int8_10e4__7011a33c6006cb29__periodic,general_cosine_int8_10e4,10^4,10003,window_positions=[10000];coefficients=[3],INT8,CPU,not_applicable,compatibility/end-to-end,PASS,OK,20,100,9,0.71361600000000003,true,7011a33c6006cb2947464aa99afad26aa2fdc55e50ed6de056bcb07651567047,4f32d914a1ab91ad910368400a30c5f7a8549ab736ca9b67140cac9858fd13c7
1,20260810T031954Z_47ebe13410d3_stage08_b01_formal_8811001d,formal,20260810T031954Z,47ebe13410d3a97ff7b922a5622a21bff244b00a,true,stage08_b01_general_cosine_scales_v1,98e7d3d2716deaf919d8883f5caa73c3f61a1ce37bffff86a62a6be43aa66f64,operator,general_cosine,NA,NA,general_cosine,general_cosine__general_cosine_int8_10e4__7011a33c6006cb29__periodic,general_cosine_int8_10e4,10^4,10003,window_positions=[10000];coefficients=[3],INT8,CPU,not_applicable,compatibility/end-to-end,PASS,OK,20,100,10,0.71296599999999999,true,7011a33c6006cb2947464aa99afad26aa2fdc55e50ed6de056bcb07651567047,4f32d914a1ab91ad910368400a30c5f7a8549ab736ca9b67140cac9858fd13c7
1,20260810T031954Z_47ebe13410d3_stage08_b01_formal_8811001d,formal,20260810T031954Z,47ebe13410d3a97ff7b922a5622a21bff244b00a,true,stage08_b01_general_cosine_scales_v1,98e7d3d2716deaf919d8883f5caa73c3f61a1ce37bffff86a62a6be43aa66f64,operator,general_cosine,NA,NA,general_cosine,general_cosine__general_cosine_int8_10e4__7011a33c6006cb29__periodic,general_cosine_int8_10e4,10^4,10003,window_positions=[10000];coefficients=[3],INT8,CPU,not_applicable,compatibility/end-to-end,PASS,OK,20,100,11,0.71310600000000002,true,7011a33c6006cb2947464aa99afad26aa2fdc55e50ed6de056bcb07651567047,4f32d914a1ab91ad910368400a30c5f7a8549ab736ca9b67140cac9858fd13c7
1,20260810T031954Z_47ebe13410d3_stage08_b01_formal_8811001d,formal,20260810T031954Z,47ebe13410d3a97ff7b922a5622a21bff244b00a,true,stage08_b01_general_cosine_scales_v1,98e7d3d2716deaf919d8883f5caa73c3f61a1ce37bffff86a62a6be43aa66f64,operator,general_cosine,NA,NA,general_cosine,general_cosine__general_cosine_int8_10e4__7011a33c6006cb29__periodic,general_cosine_int8_10e4,10^4,10003,window_positions=[10000];coefficients=[3],INT8,CPU,not_applicable,compatibility/end-to-end,PASS,OK,20,100,12,0.71355599999999997,true,7011a33c6006cb2947464aa99afad26aa2fdc55e50ed6de056bcb07651567047,4f32d914a1ab91ad910368400a30c5f7a8549ab736ca9b67140cac9858fd13c7
1,20260810T031954Z_47ebe13410d3_stage08_b01_formal_8811001d,formal,20260810T031954Z,47ebe13410d3a97ff7b922a5622a21bff244b00a,true,stage08_b01_general_cosine_scales_v1,98e7d3d2716deaf919d8883f5caa73c3f61a1ce37bffff86a62a6be43aa66f64,operator,general_cosine,NA,NA,general_cosine,general_cosine__general_cosine_int8_10e4__7011a33c6006cb29__periodic,general_cosine_int8_10e4,10^4,10003,window_positions=[10000];coefficients=[3],INT8,CPU,not_applicable,compatibility/end-to-end,PASS,OK,20,100,13,0.71336599999999994,true,7011a33c6006cb2947464aa99afad26aa2fdc55e50ed6de056bcb07651567047,4f32d914a1ab91ad910368400a30c5f7a8549ab736ca9b67140cac9858fd13c7
1,20260810T031954Z_47ebe13410d3_stage08_b01_formal_8811001d,formal,20260810T031954Z,47ebe13410d3a97ff7b922a5622a21bff244b00a,true,stage08_b01_general_cosine_scales_v1,98e7d3d2716deaf919d8883f5caa73c3f61a1ce37bffff86a62a6be43aa66f64,operator,general_cosine,NA,NA,general_cosine,general_cosine__general_cosine_int8_10e4__7011a33c6006cb29__periodic,general_cosine_int8_10e4,10^4,10003,window_positions=[10000];coefficients=[3],INT8,CPU,not_applicable,compatibility/end-to-end,PASS,OK,20,100,14,0.72172700000000001,true,7011a33c6006cb2947464aa99afad26aa2fdc55e50ed6de056bcb07651567047,4f32d914a1ab91ad910368400a30c5f7a8549ab736ca9b67140cac9858fd13c7
1,20260810T031954Z_47ebe13410d3_stage08_b01_formal_8811001d,formal,20260810T031954Z,47ebe13410d3a97ff7b922a5622a21bff244b00a,true,stage08_b01_general_cosine_scales_v1,98e7d3d2716deaf919d8883f5caa73c3f61a1ce37bffff86a62a6be43aa66f64,operator,general_cosine,NA,NA,general_cosine,general_cosine__general_cosine_int8_10e4__7011a33c6006cb29__periodic,general_cosine_int8_10e4,10^4,10003,window_positions=[10000];coefficients=[3],INT8,CPU,not_applicable,compatibility/end-to-end,PASS,OK,20,100,15,0.71318599999999999,true,7011a33c6006cb2947464aa99afad26aa2fdc55e50ed6de056bcb07651567047,4f32d914a1ab91ad910368400a30c5f7a8549ab736ca9b67140cac9858fd13c7
1,20260810T031954Z_47ebe13410d3_stage08_b01_formal_8811001d,formal,20260810T031954Z,47ebe13410d3a97ff7b922a5622a21bff244b00a,true,stage08_b01_general_cosine_scales_v1,98e7d3d2716deaf919d8883f5caa73c3f61a1ce37bffff86a62a6be43aa66f64,operator,general_cosine,NA,NA,general_cosine,general_cosine__general_cosine_int8_10e4__7011a33c6006cb29__periodic,general_cosine_int8_10e4,10^4,10003,window_positions=[10000];coefficients=[3],INT8,CPU,not_applicable,compatibility/end-to-end,PASS,OK,20,100,16,0.71341600000000005,true,7011a33c6006cb2947464aa99afad26aa2fdc55e50ed6de056bcb07651567047,4f32d914a1ab91ad910368400a30c5f7a8549ab736ca9b67140cac9858fd13c7
1,20260810T031954Z_47ebe13410d3_stage08_b01_formal_8811001d,formal,20260810T031954Z,47ebe13410d3a97ff7b922a5622a21bff244b00a,true,stage08_b01_general_cosine_scales_v1,98e7d3d2716deaf919d8883f5caa73c3f61a1ce37bffff86a62a6be43aa66f64,operator,general_cosine,NA,NA,general_cosine,general_cosine__general_cosine_int8_10e4__7011a33c6006cb29__periodic,general_cosine_int8_10e4,10^4,10003,window_positions=[10000];coefficients=[3],INT8,CPU,not_applicable,compatibility/end-to-end,PASS,OK,20,100,17,0.71326599999999996,true,7011a33c6006cb2947464aa99afad26aa2fdc55e50ed6de056bcb07651567047,4f32d914a1ab91ad910368400a30c5f7a8549ab736ca9b67140cac9858fd13c7
1,20260810T031954Z_47ebe13410d3_stage08_b01_formal_8811001d,formal,20260810T031954Z,47ebe13410d3a97ff7b922a5622a21bff244b00a,true,stage08_b01_general_cosine_scales_v1,98e7d3d2716deaf919d8883f5caa73c3f61a1ce37bffff86a62a6be43aa66f64,operator,general_cosine,NA,NA,general_cosine,general_cosine__general_cosine_int8_10e4__7011a33c6006cb29__periodic,general_cosine_int8_10e4,10^4,10003,window_positions=[10000];coefficients=[3],INT8,CPU,not_applicable,compatibility/end-to-end,PASS,OK,20,100,18,0.71296599999999999,true,7011a33c6006cb2947464aa99afad26aa2fdc55e50ed6de056bcb07651567047,4f32d914a1ab91ad910368400a30c5f7a8549ab736ca9b67140cac9858fd13c7
1,20260810T031954Z_47ebe13410d3_stage08_b01_formal_8811001d,formal,20260810T031954Z,47ebe13410d3a97ff7b922a5622a21bff244b00a,true,stage08_b01_general_cosine_scales_v1,98e7d3d2716deaf919d8883f5caa73c3f61a1ce37bffff86a62a6be43aa66f64,operator,general_cosine,NA,NA,general_cosine,general_cosine__general_cosine_int8_10e4__7011a33c6006cb29__periodic,general_cosine_int8_10e4,10^4,10003,window_positions=[10000];coefficients=[3],INT8,CPU,not_applicable,compatibility/end-to-end,PASS,OK,20,100,19,0.78484600000000004,true,7011a33c6006cb2947464aa99afad26aa2fdc55e50ed6de056bcb07651567047,4f32d914a1ab91ad910368400a30c5f7a8549ab736ca9b67140cac9858fd13c7
1,20260810T031954Z_47ebe13410d3_stage08_b01_formal_8811001d,formal,20260810T031954Z,47ebe13410d3a97ff7b922a5622a21bff244b00a,true,stage08_b01_general_cosine_scales_v1,98e7d3d2716deaf919d8883f5caa73c3f61a1ce37bffff86a62a6be43aa66f64,operator,general_cosine,NA,NA,general_cosine,general_cosine__general_cosine_int8_10e4__7011a33c6006cb29__periodic,general_cosine_int8_10e4,10^4,10003,window_positions=[10000];coefficients=[3],INT8,CPU,not_applicable,compatibility/end-to-end,PASS,OK,20,100,20,0.71351600000000004,true,7011a33c6006cb2947464aa99afad26aa2fdc55e50ed6de056bcb07651567047,4f32d914a1ab91ad910368400a30c5f7a8549ab736ca9b67140cac9858fd13c7
1,20260810T031954Z_47ebe13410d3_stage08_b01_formal_8811001d,formal,20260810T031954Z,47ebe13410d3a97ff7b922a5622a21bff244b00a,true,stage08_b01_general_cosine_scales_v1,98e7d3d2716deaf919d8883f5caa73c3f61a1ce37bffff86a62a6be43aa66f64,operator,general_cosine,NA,NA,general_cosine,general_cosine__general_cosine_int8_10e4__7011a33c6006cb29__periodic,general_cosine_int8_10e4,10^4,10003,window_positions=[10000];coefficients=[3],INT8,CPU,not_applicable,compatibility/end-to-end,PASS,OK,20,100,21,0.71376600000000001,true,7011a33c6006cb2947464aa99afad26aa2fdc55e50ed6de056bcb07651567047,4f32d914a1ab91ad910368400a30c5f7a8549ab736ca9b67140cac9858fd13c7
1,20260810T031954Z_47ebe13410d3_stage08_b01_formal_8811001d,formal,20260810T031954Z,47ebe13410d3a97ff7b922a5622a21bff244b00a,true,stage08_b01_general_cosine_scales_v1,98e7d3d2716deaf919d8883f5caa73c3f61a1ce37bffff86a62a6be43aa66f64,operator,general_cosine,NA,NA,general_cosine,general_cosine__general_cosine_int8_10e4__7011a33c6006cb29__periodic,general_cosine_int8_10e4,10^4,10003,window_positions=[10000];coefficients=[3],INT8,CPU,not_applicable,compatibility/end-to-end,PASS,OK,20,100,22,0.71393700000000004,true,7011a33c6006cb2947464aa99afad26aa2fdc55e50ed6de056bcb07651567047,4f32d914a1ab91ad910368400a30c5f7a8549ab736ca9b67140cac9858fd13c7
1,20260810T031954Z_47ebe13410d3_stage08_b01_formal_8811001d,formal,20260810T031954Z,47ebe13410d3a97ff7b922a5622a21bff244b00a,true,stage08_b01_general_cosine_scales_v1,98e7d3d2716deaf919d8883f5caa73c3f61a1ce37bffff86a62a6be43aa66f64,operator,general_cosine,NA,NA,general_cosine,general_cosine__general_cosine_int8_10e4__7011a33c6006cb29__periodic,general_cosine_int8_10e4,10^4,10003,window_positions=[10000];coefficients=[3],INT8,CPU,not_applicable,compatibility/end-to-end,PASS,OK,20,100,23,0.71399599999999996,true,7011a33c6006cb2947464aa99afad26aa2fdc55e50ed6de056bcb07651567047,4f32d914a1ab91ad910368400a30c5f7a8549ab736ca9b67140cac9858fd13c7
1,20260810T031954Z_47ebe13410d3_stage08_b01_formal_8811001d,formal,20260810T031954Z,47ebe13410d3a97ff7b922a5622a21bff244b00a,true,stage08_b01_general_cosine_scales_v1,98e7d3d2716deaf919d8883f5caa73c3f61a1ce37bffff86a62a6be43aa66f64,operator,general_cosine,NA,NA,general_cosine,general_cosine__general_cosine_int8_10e4__7011a33c6006cb29__periodic,general_cosine_int8_10e4,10^4,10003,window_positions=[10000];coefficients=[3],INT8,CPU,not_applicable,compatibility/end-to-end,PASS,OK,20,100,24,0.71353599999999995,true,7011a33c6006cb2947464aa99afad26aa2fdc55e50ed6de056bcb07651567047,4f32d914a1ab91ad910368400a30c5f7a8549ab736ca9b67140cac9858fd13c7
1,20260810T031954Z_47ebe13410d3_stage08_b01_formal_8811001d,formal,20260810T031954Z,47ebe13410d3a97ff7b922a5622a21bff244b00a,true,stage08_b01_general_cosine_scales_v1,98e7d3d2716deaf919d8883f5caa73c3f61a1ce37bffff86a62a6be43aa66f64,operator,general_cosine,NA,NA,general_cosine,general_cosine__general_cosine_int8_10e4__7011a33c6006cb29__periodic,general_cosine_int8_10e4,10^4,10003,window_positions=[10000];coefficients=[3],INT8,CPU,not_applicable,compatibility/end-to-end,PASS,OK,20,100,25,0.71954600000000002,true,7011a33c6006cb2947464aa99afad26aa2fdc55e50ed6de056bcb07651567047,4f32d914a1ab91ad910368400a30c5f7a8549ab736ca9b67140cac9858fd13c7
1,20260810T031954Z_47ebe13410d3_stage08_b01_formal_8811001d,formal,20260810T031954Z,47ebe13410d3a97ff7b922a5622a21bff244b00a,true,stage08_b01_general_cosine_scales_v1,98e7d3d2716deaf919d8883f5caa73c3f61a1ce37bffff86a62a6be43aa66f64,operator,general_cosine,NA,NA,general_cosine,general_cosine__general_cosine_int8_10e4__7011a33c6006cb29__periodic,general_cosine_int8_10e4,10^4,10003,window_positions=[10000];coefficients=[3],INT8,CPU,not_applicable,compatibility/end-to-end,PASS,OK,20,100,26,0.71333599999999997,true,7011a33c6006cb2947464aa99afad26aa2fdc55e50ed6de056bcb07651567047,4f32d914a1ab91ad910368400a30c5f7a8549ab736ca9b67140cac9858fd13c7
1,20260810T031954Z_47ebe13410d3_stage08_b01_formal_8811001d,formal,20260810T031954Z,47ebe13410d3a97ff7b922a5622a21bff244b00a,true,stage08_b01_general_cosine_scales_v1,98e7d3d2716deaf919d8883f5caa73c3f61a1ce37bffff86a62a6be43aa66f64,operator,general_cosine,NA,NA,general_cosine,general_cosine__general_cosine_int8_10e4__7011a33c6006cb29__periodic,general_cosine_int8_10e4,10^4,10003,window_positions=[10000];coefficients=[3],INT8,CPU,not_applicable,compatibility/end-to-end,PASS,OK,20,100,27,0.71365599999999996,true,7011a33c6006cb2947464aa99afad26aa2fdc55e50ed6de056bcb07651567047,4f32d914a1ab91ad910368400a30c5f7a8549ab736ca9b67140cac9858fd13c7
1,20260810T031954Z_47ebe13410d3_stage08_b01_formal_8811001d,formal,20260810T031954Z,47ebe13410d3a97ff7b922a5622a21bff244b00a,true,stage08_b01_general_cosine_scales_v1,98e7d3d2716deaf919d8883f5caa73c3f61a1ce37bffff86a62a6be43aa66f64,operator,general_cosine,NA,NA,general_cosine,general_cosine__general_cosine_int8_10e4__7011a33c6006cb29__periodic,general_cosine_int8_10e4,10^4,10003,window_positions=[10000];coefficients=[3],INT8,CPU,not_applicable,compatibility/end-to-end,PASS,OK,20,100,28,0.71332600000000002,true,7011a33c6006cb2947464aa99afad26aa2fdc55e50ed6de056bcb07651567047,4f32d914a1ab91ad910368400a30c5f7a8549ab736ca9b67140cac9858fd13c7
1,20260810T031954Z_47ebe13410d3_stage08_b01_formal_8811001d,formal,20260810T031954Z,47ebe13410d3a97ff7b922a5622a21bff244b00a,true,stage08_b01_general_cosine_scales_v1,98e7d3d2716deaf919d8883f5caa73c3f61a1ce37bffff86a62a6be43aa66f64,operator,general_cosine,NA,NA,general_cosine,general_cosine__general_cosine_int8_10e4__7011a33c6006cb29__periodic,general_cosine_int8_10e4,10^4,10003,window_positions=[10000];coefficients=[3],INT8,CPU,not_applicable,compatibility/end-to-end,PASS,OK,20,100,29,0.71392599999999995,true,7011a33c6006cb2947464aa99afad26aa2fdc55e50ed6de056bcb07651567047,4f32d914a1ab91ad910368400a30c5f7a8549ab736ca9b67140cac9858fd13c7
1,20260810T031954Z_47ebe13410d3_stage08_b01_formal_8811001d,formal,20260810T031954Z,47ebe13410d3a97ff7b922a5622a21bff244b00a,true,stage08_b01_general_cosine_scales_v1,98e7d3d2716deaf919d8883f5caa73c3f61a1ce37bffff86a62a6be43aa66f64,operator,general_cosine,NA,NA,general_cosine,general_cosine__general_cosine_int8_10e4__7011a33c6006cb29__periodic,general_cosine_int8_10e4,10^4,10003,window_positions=[10000];coefficients=[3],INT8,CPU,not_applicable,compatibility/end-to-end,PASS,OK,20,100,30,0.734846,true,7011a33c6006cb2947464aa99afad26aa2fdc55e50ed6de056bcb07651567047,4f32d914a1ab91ad910368400a30c5f7a8549ab736ca9b67140cac9858fd13c7
1,20260810T031954Z_47ebe13410d3_stage08_b01_formal_8811001d,formal,20260810T031954Z,47ebe13410d3a97ff7b922a5622a21bff244b00a,true,stage08_b01_general_cosine_scales_v1,98e7d3d2716deaf919d8883f5caa73c3f61a1ce37bffff86a62a6be43aa66f64,operator,general_cosine,NA,NA,general_cosine,general_cosine__general_cosine_int8_10e4__7011a33c6006cb29__periodic,general_cosine_int8_10e4,10^4,10003,window_positions=[10000];coefficients=[3],INT8,CPU,not_applicable,compatibility/end-to-end,PASS,OK,20,100,31,0.71320600000000001,true,7011a33c6006cb2947464aa99afad26aa2fdc55e50ed6de056bcb07651567047,4f32d914a1ab91ad910368400a30c5f7a8549ab736ca9b67140cac9858fd13c7
1,20260810T031954Z_47ebe13410d3_stage08_b01_formal_8811001d,formal,20260810T031954Z,47ebe13410d3a97ff7b922a5622a21bff244b00a,true,stage08_b01_general_cosine_scales_v1,98e7d3d2716deaf919d8883f5caa73c3f61a1ce37bffff86a62a6be43aa66f64,operator,general_cosine,NA,NA,general_cosine,general_cosine__general_cosine_int8_10e4__7011a33c6006cb29__periodic,general_cosine_int8_10e4,10^4,10003,window_positions=[10000];coefficients=[3],INT8,CPU,not_applicable,compatibility/end-to-end,PASS,OK,20,100,32,0.71302600000000005,true,7011a33c6006cb2947464aa99afad26aa2fdc55e50ed6de056bcb07651567047,4f32d914a1ab91ad910368400a30c5f7a8549ab736ca9b67140cac9858fd13c7
1,20260810T031954Z_47ebe13410d3_stage08_b01_formal_8811001d,formal,20260810T031954Z,47ebe13410d3a97ff7b922a5622a21bff244b00a,true,stage08_b01_general_cosine_scales_v1,98e7d3d2716deaf919d8883f5caa73c3f61a1ce37bffff86a62a6be43aa66f64,operator,general_cosine,NA,NA,general_cosine,general_cosine__general_cosine_int8_10e4__7011a33c6006cb29__periodic,general_cosine_int8_10e4,10^4,10003,window_positions=[10000];coefficients=[3],INT8,CPU,not_applicable,compatibility/end-to-end,PASS,OK,20,100,33,0.71323599999999998,true,7011a33c6006cb2947464aa99afad26aa2fdc55e50ed6de056bcb07651567047,4f32d914a1ab91ad910368400a30c5f7a8549ab736ca9b67140cac9858fd13c7
1,20260810T031954Z_47ebe13410d3_stage08_b01_formal_8811001d,formal,20260810T031954Z,47ebe13410d3a97ff7b922a5622a21bff244b00a,true,stage08_b01_general_cosine_scales_v1,98e7d3d2716deaf919d8883f5caa73c3f61a1ce37bffff86a62a6be43aa66f64,operator,general_cosine,NA,NA,general_cosine,general_cosine__general_cosine_int8_10e4__7011a33c6006cb29__periodic,general_cosine_int8_10e4,10^4,10003,window_positions=[10000];coefficients=[3],INT8,CPU,not_applicable,compatibility/end-to-end,PASS,OK,20,100,34,0.71334699999999995,true,7011a33c6006cb2947464aa99afad26aa2fdc55e50ed6de056bcb07651567047,4f32d914a1ab91ad910368400a30c5f7a8549ab736ca9b67140cac9858fd13c7
1,20260810T031954Z_47ebe13410d3_stage08_b01_formal_8811001d,formal,20260810T031954Z,47ebe13410d3a97ff7b922a5622a21bff244b00a,true,stage08_b01_general_cosine_scales_v1,98e7d3d2716deaf919d8883f5caa73c3f61a1ce37bffff86a62a6be43aa66f64,operator,general_cosine,NA,NA,general_cosine,general_cosine__general_cosine_int8_10e4__7011a33c6006cb29__periodic,general_cosine_int8_10e4,10^4,10003,window_positions=[10000];coefficients=[3],INT8,CPU,not_applicable,compatibility/end-to-end,PASS,OK,20,100,35,0.71426599999999996,true,7011a33c6006cb2947464aa99afad26aa2fdc55e50ed6de056bcb07651567047,4f32d914a1ab91ad910368400a30c5f7a8549ab736ca9b67140cac9858fd13c7
1,20260810T031954Z_47ebe13410d3_stage08_b01_formal_8811001d,formal,20260810T031954Z,47ebe13410d3a97ff7b922a5622a21bff244b00a,true,stage08_b01_general_cosine_scales_v1,98e7d3d2716deaf919d8883f5caa73c3f61a1ce37bffff86a62a6be43aa66f64,operator,general_cosine,NA,NA,general_cosine,general_cosine__general_cosine_int8_10e4__7011a33c6006cb29__periodic,general_cosine_int8_10e4,10^4,10003,window_positions=[10000];coefficients=[3],INT8,CPU,not_applicable,compatibility/end-to-end,PASS,OK,20,100,36,0.72264600000000001,true,7011a33c6006cb2947464aa99afad26aa2fdc55e50ed6de056bcb07651567047,4f32d914a1ab91ad910368400a30c5f7a8549ab736ca9b67140cac9858fd13c7
1,20260810T031954Z_47ebe13410d3_stage08_b01_formal_8811001d,formal,20260810T031954Z,47ebe13410d3a97ff7b922a5622a21bff244b00a,true,stage08_b01_general_cosine_scales_v1,98e7d3d2716deaf919d8883f5caa73c3f61a1ce37bffff86a62a6be43aa66f64,operator,general_cosine,NA,NA,general_cosine,general_cosine__general_cosine_int8_10e4__7011a33c6006cb29__periodic,general_cosine_int8_10e4,10^4,10003,window_positions=[10000];coefficients=[3],INT8,CPU,not_applicable,compatibility/end-to-end,PASS,OK,20,100,37,0.71283600000000003,true,7011a33c6006cb2947464aa99afad26aa2fdc55e50ed6de056bcb07651567047,4f32d914a1ab91ad910368400a30c5f7a8549ab736ca9b67140cac9858fd13c7
1,20260810T031954Z_47ebe13410d3_stage08_b01_formal_8811001d,formal,20260810T031954Z,47ebe13410d3a97ff7b922a5622a21bff244b00a,true,stage08_b01_general_cosine_scales_v1,98e7d3d2716deaf919d8883f5caa73c3f61a1ce37bffff86a62a6be43aa66f64,operator,general_cosine,NA,NA,general_cosine,general_cosine__general_cosine_int8_10e4__7011a33c6006cb29__periodic,general_cosine_int8_10e4,10^4,10003,window_positions=[10000];coefficients=[3],INT8,CPU,not_applicable,compatibility/end-to-end,PASS,OK,20,100,38,0.71353599999999995,true,7011a33c6006cb2947464aa99afad26aa2fdc55e50ed6de056bcb07651567047,4f32d914a1ab91ad910368400a30c5f7a8549ab736ca9b67140cac9858fd13c7
1,20260810T031954Z_47ebe13410d3_stage08_b01_formal_8811001d,formal,20260810T031954Z,47ebe13410d3a97ff7b922a5622a21bff244b00a,true,stage08_b01_general_cosine_scales_v1,98e7d3d2716deaf919d8883f5caa73c3f61a1ce37bffff86a62a6be43aa66f64,operator,general_cosine,NA,NA,general_cosine,general_cosine__general_cosine_int8_10e4__7011a33c6006cb29__periodic,general_cosine_int8_10e4,10^4,10003,window_positions=[10000];coefficients=[3],INT8,CPU,not_applicable,compatibility/end-to-end,PASS,OK,20,100,39,0.71302600000000005,true,7011a33c6006cb2947464aa99afad26aa2fdc55e50ed6de056bcb07651567047,4f32d914a1ab91ad910368400a30c5f7a8549ab736ca9b67140cac9858fd13c7
1,20260810T031954Z_47ebe13410d3_stage08_b01_formal_8811001d,formal,20260810T031954Z,47ebe13410d3a97ff7b922a5622a21bff244b00a,true,stage08_b01_general_cosine_scales_v1,98e7d3d2716deaf919d8883f5caa73c3f61a1ce37bffff86a62a6be43aa66f64,operator,general_cosine,NA,NA,general_cosine,general_cosine__general_cosine_int8_10e4__7011a33c6006cb29__periodic,general_cosine_int8_10e4,10^4,10003,window_positions=[10000];coefficients=[3],INT8,CPU,not_applicable,compatibility/end-to-end,PASS,OK,20,100,40,0.71314599999999995,true,7011a33c6006cb2947464aa99afad26aa2fdc55e50ed6de056bcb07651567047,4f32d914a1ab91ad910368400a30c5f7a8549ab736ca9b67140cac9858fd13c7
1,20260810T031954Z_47ebe13410d3_stage08_b01_formal_8811001d,formal,20260810T031954Z,47ebe13410d3a97ff7b922a5622a21bff244b00a,true,stage08_b01_general_cosine_scales_v1,98e7d3d2716deaf919d8883f5caa73c3f61a1ce37bffff86a62a6be43aa66f64,operator,general_cosine,NA,NA,general_cosine,general_cosine__general_cosine_int8_10e4__7011a33c6006cb29__periodic,general_cosine_int8_10e4,10^4,10003,window_positions=[10000];coefficients=[3],INT8,CPU,not_applicable,compatibility/end-to-end,PASS,OK,20,100,41,0.71301599999999998,true,7011a33c6006cb2947464aa99afad26aa2fdc55e50ed6de056bcb07651567047,4f32d914a1ab91ad910368400a30c5f7a8549ab736ca9b67140cac9858fd13c7
1,20260810T031954Z_47ebe13410d3_stage08_b01_formal_8811001d,formal,20260810T031954Z,47ebe13410d3a97ff7b922a5622a21bff244b00a,true,stage08_b01_general_cosine_scales_v1,98e7d3d2716deaf919d8883f5caa73c3f61a1ce37bffff86a62a6be43aa66f64,operator,general_cosine,NA,NA,general_cosine,general_cosine__general_cosine_int8_10e4__7011a33c6006cb29__periodic,general_cosine_int8_10e4,10^4,10003,window_positions=[10000];coefficients=[3],INT8,CPU,not_applicable,compatibility/end-to-end,PASS,OK,20,100,42,0.72399599999999997,true,7011a33c6006cb2947464aa99afad26aa2fdc55e50ed6de056bcb07651567047,4f32d914a1ab91ad910368400a30c5f7a8549ab736ca9b67140cac9858fd13c7
1,20260810T031954Z_47ebe13410d3_stage08_b01_formal_8811001d,formal,20260810T031954Z,47ebe13410d3a97ff7b922a5622a21bff244b00a,true,stage08_b01_general_cosine_scales_v1,98e7d3d2716deaf919d8883f5caa73c3f61a1ce37bffff86a62a6be43aa66f64,operator,general_cosine,NA,NA,general_cosine,general_cosine__general_cosine_int8_10e4__7011a33c6006cb29__periodic,general_cosine_int8_10e4,10^4,10003,window_positions=[10000];coefficients=[3],INT8,CPU,not_applicable,compatibility/end-to-end,PASS,OK,20,100,43,0.71353599999999995,true,7011a33c6006cb2947464aa99afad26aa2fdc55e50ed6de056bcb07651567047,4f32d914a1ab91ad910368400a30c5f7a8549ab736ca9b67140cac9858fd13c7
1,20260810T031954Z_47ebe13410d3_stage08_b01_formal_8811001d,formal,20260810T031954Z,47ebe13410d3a97ff7b922a5622a21bff244b00a,true,stage08_b01_general_cosine_scales_v1,98e7d3d2716deaf919d8883f5caa73c3f61a1ce37bffff86a62a6be43aa66f64,operator,general_cosine,NA,NA,general_cosine,general_cosine__general_cosine_int8_10e4__7011a33c6006cb29__periodic,general_cosine_int8_10e4,10^4,10003,window_positions=[10000];coefficients=[3],INT8,CPU,not_applicable,compatibility/end-to-end,PASS,OK,20,100,44,0.71340599999999998,true,7011a33c6006cb2947464aa99afad26aa2fdc55e50ed6de056bcb07651567047,4f32d914a1ab91ad910368400a30c5f7a8549ab736ca9b67140cac9858fd13c7
1,20260810T031954Z_47ebe13410d3_stage08_b01_formal_8811001d,formal,20260810T031954Z,47ebe13410d3a97ff7b922a5622a21bff244b00a,true,stage08_b01_general_cosine_scales_v1,98e7d3d2716deaf919d8883f5caa73c3f61a1ce37bffff86a62a6be43aa66f64,operator,general_cosine,NA,NA,general_cosine,general_cosine__general_cosine_int8_10e4__7011a33c6006cb29__periodic,general_cosine_int8_10e4,10^4,10003,window_positions=[10000];coefficients=[3],INT8,CPU,not_applicable,compatibility/end-to-end,PASS,OK,20,100,45,0.713476,true,7011a33c6006cb2947464aa99afad26aa2fdc55e50ed6de056bcb07651567047,4f32d914a1ab91ad910368400a30c5f7a8549ab736ca9b67140cac9858fd13c7
1,20260810T031954Z_47ebe13410d3_stage08_b01_formal_8811001d,formal,20260810T031954Z,47ebe13410d3a97ff7b922a5622a21bff244b00a,true,stage08_b01_general_cosine_scales_v1,98e7d3d2716deaf919d8883f5caa73c3f61a1ce37bffff86a62a6be43aa66f64,operator,general_cosine,NA,NA,general_cosine,general_cosine__general_cosine_int8_10e4__7011a33c6006cb29__periodic,general_cosine_int8_10e4,10^4,10003,window_positions=[10000];coefficients=[3],INT8,CPU,not_applicable,compatibility/end-to-end,PASS,OK,20,100,46,0.71383700000000005,true,7011a33c6006cb2947464aa99afad26aa2fdc55e50ed6de056bcb07651567047,4f32d914a1ab91ad910368400a30c5f7a8549ab736ca9b67140cac9858fd13c7
1,20260810T031954Z_47ebe13410d3_stage08_b01_formal_8811001d,formal,20260810T031954Z,47ebe13410d3a97ff7b922a5622a21bff244b00a,true,stage08_b01_general_cosine_scales_v1,98e7d3d2716deaf919d8883f5caa73c3f61a1ce37bffff86a62a6be43aa66f64,operator,general_cosine,NA,NA,general_cosine,general_cosine__general_cosine_int8_10e4__7011a33c6006cb29__periodic,general_cosine_int8_10e4,10^4,10003,window_positions=[10000];coefficients=[3],INT8,CPU,not_applicable,compatibility/end-to-end,PASS,OK,20,100,47,0.72145599999999999,true,7011a33c6006cb2947464aa99afad26aa2fdc55e50ed6de056bcb07651567047,4f32d914a1ab91ad910368400a30c5f7a8549ab736ca9b67140cac9858fd13c7
1,20260810T031954Z_47ebe13410d3_stage08_b01_formal_8811001d,formal,20260810T031954Z,47ebe13410d3a97ff7b922a5622a21bff244b00a,true,stage08_b01_general_cosine_scales_v1,98e7d3d2716deaf919d8883f5caa73c3f61a1ce37bffff86a62a6be43aa66f64,operator,general_cosine,NA,NA,general_cosine,general_cosine__general_cosine_int8_10e4__7011a33c6006cb29__periodic,general_cosine_int8_10e4,10^4,10003,window_positions=[10000];coefficients=[3],INT8,CPU,not_applicable,compatibility/end-to-end,PASS,OK,20,100,48,0.71334600000000004,true,7011a33c6006cb2947464aa99afad26aa2fdc55e50ed6de056bcb07651567047,4f32d914a1ab91ad910368400a30c5f7a8549ab736ca9b67140cac9858fd13c7
1,20260810T031954Z_47ebe13410d3_stage08_b01_formal_8811001d,formal,20260810T031954Z,47ebe13410d3a97ff7b922a5622a21bff244b00a,true,stage08_b01_general_cosine_scales_v1,98e7d3d2716deaf919d8883f5caa73c3f61a1ce37bffff86a62a6be43aa66f64,operator,general_cosine,NA,NA,general_cosine,general_cosine__general_cosine_int8_10e4__7011a33c6006cb29__periodic,general_cosine_int8_10e4,10^4,10003,window_positions=[10000];coefficients=[3],INT8,CPU,not_applicable,compatibility/end-to-end,PASS,OK,20,100,49,0.71285600000000005,true,7011a33c6006cb2947464aa99afad26aa2fdc55e50ed6de056bcb07651567047,4f32d914a1ab91ad910368400a30c5f7a8549ab736ca9b67140cac9858fd13c7
1,20260810T031954Z_47ebe13410d3_stage08_b01_formal_8811001d,formal,20260810T031954Z,47ebe13410d3a97ff7b922a5622a21bff244b00a,true,stage08_b01_general_cosine_scales_v1,98e7d3d2716deaf919d8883f5caa73c3f61a1ce37bffff86a62a6be43aa66f64,operator,general_cosine,NA,NA,general_cosine,general_cosine__general_cosine_int8_10e4__7011a33c6006cb29__periodic,general_cosine_int8_10e4,10^4,10003,window_positions=[10000];coefficients=[3],INT8,CPU,not_applicable,compatibility/end-to-end,PASS,OK,20,100,50,0.713256,true,7011a33c6006cb2947464aa99afad26aa2fdc55e50ed6de056bcb07651567047,4f32d914a1ab91ad910368400a30c5f7a8549ab736ca9b67140cac9858fd13c7
1,20260810T031954Z_47ebe13410d3_stage08_b01_formal_8811001d,formal,20260810T031954Z,47ebe13410d3a97ff7b922a5622a21bff244b00a,true,stage08_b01_general_cosine_scales_v1,98e7d3d2716deaf919d8883f5caa73c3f61a1ce37bffff86a62a6be43aa66f64,operator,general_cosine,NA,NA,general_cosine,general_cosine__general_cosine_int8_10e4__7011a33c6006cb29__periodic,general_cosine_int8_10e4,10^4,10003,window_positions=[10000];coefficients=[3],INT8,CPU,not_applicable,compatibility/end-to-end,PASS,OK,20,100,51,0.71311599999999997,true,7011a33c6006cb2947464aa99afad26aa2fdc55e50ed6de056bcb07651567047,4f32d914a1ab91ad910368400a30c5f7a8549ab736ca9b67140cac9858fd13c7
1,20260810T031954Z_47ebe13410d3_stage08_b01_formal_8811001d,formal,20260810T031954Z,47ebe13410d3a97ff7b922a5622a21bff244b00a,true,stage08_b01_general_cosine_scales_v1,98e7d3d2716deaf919d8883f5caa73c3f61a1ce37bffff86a62a6be43aa66f64,operator,general_cosine,NA,NA,general_cosine,general_cosine__general_cosine_int8_10e4__7011a33c6006cb29__periodic,general_cosine_int8_10e4,10^4,10003,window_positions=[10000];coefficients=[3],INT8,CPU,not_applicable,compatibility/end-to-end,PASS,OK,20,100,52,0.71309599999999995,true,7011a33c6006cb2947464aa99afad26aa2fdc55e50ed6de056bcb07651567047,4f32d914a1ab91ad910368400a30c5f7a8549ab736ca9b67140cac9858fd13c7
1,20260810T031954Z_47ebe13410d3_stage08_b01_formal_8811001d,formal,20260810T031954Z,47ebe13410d3a97ff7b922a5622a21bff244b00a,true,stage08_b01_general_cosine_scales_v1,98e7d3d2716deaf919d8883f5caa73c3f61a1ce37bffff86a62a6be43aa66f64,operator,general_cosine,NA,NA,general_cosine,general_cosine__general_cosine_int8_10e4__7011a33c6006cb29__periodic,general_cosine_int8_10e4,10^4,10003,window_positions=[10000];coefficients=[3],INT8,CPU,not_applicable,compatibility/end-to-end,PASS,OK,20,100,53,0.72290600000000005,true,7011a33c6006cb2947464aa99afad26aa2fdc55e50ed6de056bcb07651567047,4f32d914a1ab91ad910368400a30c5f7a8549ab736ca9b67140cac9858fd13c7
1,20260810T031954Z_47ebe13410d3_stage08_b01_formal_8811001d,formal,20260810T031954Z,47ebe13410d3a97ff7b922a5622a21bff244b00a,true,stage08_b01_general_cosine_scales_v1,98e7d3d2716deaf919d8883f5caa73c3f61a1ce37bffff86a62a6be43aa66f64,operator,general_cosine,NA,NA,general_cosine,general_cosine__general_cosine_int8_10e4__7011a33c6006cb29__periodic,general_cosine_int8_10e4,10^4,10003,window_positions=[10000];coefficients=[3],INT8,CPU,not_applicable,compatibility/end-to-end,PASS,OK,20,100,54,0.71334600000000004,true,7011a33c6006cb2947464aa99afad26aa2fdc55e50ed6de056bcb07651567047,4f32d914a1ab91ad910368400a30c5f7a8549ab736ca9b67140cac9858fd13c7
1,20260810T031954Z_47ebe13410d3_stage08_b01_formal_8811001d,formal,20260810T031954Z,47ebe13410d3a97ff7b922a5622a21bff244b00a,true,stage08_b01_general_cosine_scales_v1,98e7d3d2716deaf919d8883f5caa73c3f61a1ce37bffff86a62a6be43aa66f64,operator,general_cosine,NA,NA,general_cosine,general_cosine__general_cosine_int8_10e4__7011a33c6006cb29__periodic,general_cosine_int8_10e4,10^4,10003,window_positions=[10000];coefficients=[3],INT8,CPU,not_applicable,compatibility/end-to-end,PASS,OK,20,100,55,0.71404599999999996,true,7011a33c6006cb2947464aa99afad26aa2fdc55e50ed6de056bcb07651567047,4f32d914a1ab91ad910368400a30c5f7a8549ab736ca9b67140cac9858fd13c7
1,20260810T031954Z_47ebe13410d3_stage08_b01_formal_8811001d,formal,20260810T031954Z,47ebe13410d3a97ff7b922a5622a21bff244b00a,true,stage08_b01_general_cosine_scales_v1,98e7d3d2716deaf919d8883f5caa73c3f61a1ce37bffff86a62a6be43aa66f64,operator,general_cosine,NA,NA,general_cosine,general_cosine__general_cosine_int8_10e4__7011a33c6006cb29__periodic,general_cosine_int8_10e4,10^4,10003,window_positions=[10000];coefficients=[3],INT8,CPU,not_applicable,compatibility/end-to-end,PASS,OK,20,100,56,0.71399599999999996,true,7011a33c6006cb2947464aa99afad26aa2fdc55e50ed6de056bcb07651567047,4f32d914a1ab91ad910368400a30c5f7a8549ab736ca9b67140cac9858fd13c7
1,20260810T031954Z_47ebe13410d3_stage08_b01_formal_8811001d,formal,20260810T031954Z,47ebe13410d3a97ff7b922a5622a21bff244b00a,true,stage08_b01_general_cosine_scales_v1,98e7d3d2716deaf919d8883f5caa73c3f61a1ce37bffff86a62a6be43aa66f64,operator,general_cosine,NA,NA,general_cosine,general_cosine__general_cosine_int8_10e4__7011a33c6006cb29__periodic,general_cosine_int8_10e4,10^4,10003,window_positions=[10000];coefficients=[3],INT8,CPU,not_applicable,compatibility/end-to-end,PASS,OK,20,100,57,0.71321599999999996,true,7011a33c6006cb2947464aa99afad26aa2fdc55e50ed6de056bcb07651567047,4f32d914a1ab91ad910368400a30c5f7a8549ab736ca9b67140cac9858fd13c7
1,20260810T031954Z_47ebe13410d3_stage08_b01_formal_8811001d,formal,20260810T031954Z,47ebe13410d3a97ff7b922a5622a21bff244b00a,true,stage08_b01_general_cosine_scales_v1,98e7d3d2716deaf919d8883f5caa73c3f61a1ce37bffff86a62a6be43aa66f64,operator,general_cosine,NA,NA,general_cosine,general_cosine__general_cosine_int8_10e4__7011a33c6006cb29__periodic,general_cosine_int8_10e4,10^4,10003,window_positions=[10000];coefficients=[3],INT8,CPU,not_applicable,compatibility/end-to-end,PASS,OK,20,100,58,0.726607,true,7011a33c6006cb2947464aa99afad26aa2fdc55e50ed6de056bcb07651567047,4f32d914a1ab91ad910368400a30c5f7a8549ab736ca9b67140cac9858fd13c7
1,20260810T031954Z_47ebe13410d3_stage08_b01_formal_8811001d,formal,20260810T031954Z,47ebe13410d3a97ff7b922a5622a21bff244b00a,true,stage08_b01_general_cosine_scales_v1,98e7d3d2716deaf919d8883f5caa73c3f61a1ce37bffff86a62a6be43aa66f64,operator,general_cosine,NA,NA,general_cosine,general_cosine__general_cosine_int8_10e4__7011a33c6006cb29__periodic,general_cosine_int8_10e4,10^4,10003,window_positions=[10000];coefficients=[3],INT8,CPU,not_applicable,compatibility/end-to-end,PASS,OK,20,100,59,0.71427600000000002,true,7011a33c6006cb2947464aa99afad26aa2fdc55e50ed6de056bcb07651567047,4f32d914a1ab91ad910368400a30c5f7a8549ab736ca9b67140cac9858fd13c7
1,20260810T031954Z_47ebe13410d3_stage08_b01_formal_8811001d,formal,20260810T031954Z,47ebe13410d3a97ff7b922a5622a21bff244b00a,true,stage08_b01_general_cosine_scales_v1,98e7d3d2716deaf919d8883f5caa73c3f61a1ce37bffff86a62a6be43aa66f64,operator,general_cosine,NA,NA,general_cosine,general_cosine__general_cosine_int8_10e4__7011a33c6006cb29__periodic,general_cosine_int8_10e4,10^4,10003,window_positions=[10000];coefficients=[3],INT8,CPU,not_applicable,compatibility/end-to-end,PASS,OK,20,100,60,0.71463600000000005,true,7011a33c6006cb2947464aa99afad26aa2fdc55e50ed6de056bcb07651567047,4f32d914a1ab91ad910368400a30c5f7a8549ab736ca9b67140cac9858fd13c7
1,20260810T031954Z_47ebe13410d3_stage08_b01_formal_8811001d,formal,20260810T031954Z,47ebe13410d3a97ff7b922a5622a21bff244b00a,true,stage08_b01_general_cosine_scales_v1,98e7d3d2716deaf919d8883f5caa73c3f61a1ce37bffff86a62a6be43aa66f64,operator,general_cosine,NA,NA,general_cosine,general_cosine__general_cosine_int8_10e4__7011a33c6006cb29__periodic,general_cosine_int8_10e4,10^4,10003,window_positions=[10000];coefficients=[3],INT8,CPU,not_applicable,compatibility/end-to-end,PASS,OK,20,100,61,0.71336599999999994,true,7011a33c6006cb2947464aa99afad26aa2fdc55e50ed6de056bcb07651567047,4f32d914a1ab91ad910368400a30c5f7a8549ab736ca9b67140cac9858fd13c7
1,20260810T031954Z_47ebe13410d3_stage08_b01_formal_8811001d,formal,20260810T031954Z,47ebe13410d3a97ff7b922a5622a21bff244b00a,true,stage08_b01_general_cosine_scales_v1,98e7d3d2716deaf919d8883f5caa73c3f61a1ce37bffff86a62a6be43aa66f64,operator,general_cosine,NA,NA,general_cosine,general_cosine__general_cosine_int8_10e4__7011a33c6006cb29__periodic,general_cosine_int8_10e4,10^4,10003,window_positions=[10000];coefficients=[3],INT8,CPU,not_applicable,compatibility/end-to-end,PASS,OK,20,100,62,0.71283600000000003,true,7011a33c6006cb2947464aa99afad26aa2fdc55e50ed6de056bcb07651567047,4f32d914a1ab91ad910368400a30c5f7a8549ab736ca9b67140cac9858fd13c7
1,20260810T031954Z_47ebe13410d3_stage08_b01_formal_8811001d,formal,20260810T031954Z,47ebe13410d3a97ff7b922a5622a21bff244b00a,true,stage08_b01_general_cosine_scales_v1,98e7d3d2716deaf919d8883f5caa73c3f61a1ce37bffff86a62a6be43aa66f64,operator,general_cosine,NA,NA,general_cosine,general_cosine__general_cosine_int8_10e4__7011a33c6006cb29__periodic,general_cosine_int8_10e4,10^4,10003,window_positions=[10000];coefficients=[3],INT8,CPU,not_applicable,compatibility/end-to-end,PASS,OK,20,100,63,0.71291599999999999,true,7011a33c6006cb2947464aa99afad26aa2fdc55e50ed6de056bcb07651567047,4f32d914a1ab91ad910368400a30c5f7a8549ab736ca9b67140cac9858fd13c7
1,20260810T031954Z_47ebe13410d3_stage08_b01_formal_8811001d,formal,20260810T031954Z,47ebe13410d3a97ff7b922a5622a21bff244b00a,true,stage08_b01_general_cosine_scales_v1,98e7d3d2716deaf919d8883f5caa73c3f61a1ce37bffff86a62a6be43aa66f64,operator,general_cosine,NA,NA,general_cosine,general_cosine__general_cosine_int8_10e4__7011a33c6006cb29__periodic,general_cosine_int8_10e4,10^4,10003,window_positions=[10000];coefficients=[3],INT8,CPU,not_applicable,compatibility/end-to-end,PASS,OK,20,100,64,0.72393600000000002,true,7011a33c6006cb2947464aa99afad26aa2fdc55e50ed6de056bcb07651567047,4f32d914a1ab91ad910368400a30c5f7a8549ab736ca9b67140cac9858fd13c7
1,20260810T031954Z_47ebe13410d3_stage08_b01_formal_8811001d,formal,20260810T031954Z,47ebe13410d3a97ff7b922a5622a21bff244b00a,true,stage08_b01_general_cosine_scales_v1,98e7d3d2716deaf919d8883f5caa73c3f61a1ce37bffff86a62a6be43aa66f64,operator,general_cosine,NA,NA,general_cosine,general_cosine__general_cosine_int8_10e4__7011a33c6006cb29__periodic,general_cosine_int8_10e4,10^4,10003,window_positions=[10000];coefficients=[3],INT8,CPU,not_applicable,compatibility/end-to-end,PASS,OK,20,100,65,0.71309599999999995,true,7011a33c6006cb2947464aa99afad26aa2fdc55e50ed6de056bcb07651567047,4f32d914a1ab91ad910368400a30c5f7a8549ab736ca9b67140cac9858fd13c7
1,20260810T031954Z_47ebe13410d3_stage08_b01_formal_8811001d,formal,20260810T031954Z,47ebe13410d3a97ff7b922a5622a21bff244b00a,true,stage08_b01_general_cosine_scales_v1,98e7d3d2716deaf919d8883f5caa73c3f61a1ce37bffff86a62a6be43aa66f64,operator,general_cosine,NA,NA,general_cosine,general_cosine__general_cosine_int8_10e4__7011a33c6006cb29__periodic,general_cosine_int8_10e4,10^4,10003,window_positions=[10000];coefficients=[3],INT8,CPU,not_applicable,compatibility/end-to-end,PASS,OK,20,100,66,0.71297600000000005,true,7011a33c6006cb2947464aa99afad26aa2fdc55e50ed6de056bcb07651567047,4f32d914a1ab91ad910368400a30c5f7a8549ab736ca9b67140cac9858fd13c7
1,20260810T031954Z_47ebe13410d3_stage08_b01_formal_8811001d,formal,20260810T031954Z,47ebe13410d3a97ff7b922a5622a21bff244b00a,true,stage08_b01_general_cosine_scales_v1,98e7d3d2716deaf919d8883f5caa73c3f61a1ce37bffff86a62a6be43aa66f64,operator,general_cosine,NA,NA,general_cosine,general_cosine__general_cosine_int8_10e4__7011a33c6006cb29__periodic,general_cosine_int8_10e4,10^4,10003,window_positions=[10000];coefficients=[3],INT8,CPU,not_applicable,compatibility/end-to-end,PASS,OK,20,100,67,0.71273600000000004,true,7011a33c6006cb2947464aa99afad26aa2fdc55e50ed6de056bcb07651567047,4f32d914a1ab91ad910368400a30c5f7a8549ab736ca9b67140cac9858fd13c7
1,20260810T031954Z_47ebe13410d3_stage08_b01_formal_8811001d,formal,20260810T031954Z,47ebe13410d3a97ff7b922a5622a21bff244b00a,true,stage08_b01_general_cosine_scales_v1,98e7d3d2716deaf919d8883f5caa73c3f61a1ce37bffff86a62a6be43aa66f64,operator,general_cosine,NA,NA,general_cosine,general_cosine__general_cosine_int8_10e4__7011a33c6006cb29__periodic,general_cosine_int8_10e4,10^4,10003,window_positions=[10000];coefficients=[3],INT8,CPU,not_applicable,compatibility/end-to-end,PASS,OK,20,100,68,0.71393600000000002,true,7011a33c6006cb2947464aa99afad26aa2fdc55e50ed6de056bcb07651567047,4f32d914a1ab91ad910368400a30c5f7a8549ab736ca9b67140cac9858fd13c7
1,20260810T031954Z_47ebe13410d3_stage08_b01_formal_8811001d,formal,20260810T031954Z,47ebe13410d3a97ff7b922a5622a21bff244b00a,true,stage08_b01_general_cosine_scales_v1,98e7d3d2716deaf919d8883f5caa73c3f61a1ce37bffff86a62a6be43aa66f64,operator,general_cosine,NA,NA,general_cosine,general_cosine__general_cosine_int8_10e4__7011a33c6006cb29__periodic,general_cosine_int8_10e4,10^4,10003,window_positions=[10000];coefficients=[3],INT8,CPU,not_applicable,compatibility/end-to-end,PASS,OK,20,100,69,0.71294599999999997,true,7011a33c6006cb2947464aa99afad26aa2fdc55e50ed6de056bcb07651567047,4f32d914a1ab91ad910368400a30c5f7a8549ab736ca9b67140cac9858fd13c7
1,20260810T031954Z_47ebe13410d3_stage08_b01_formal_8811001d,formal,20260810T031954Z,47ebe13410d3a97ff7b922a5622a21bff244b00a,true,stage08_b01_general_cosine_scales_v1,98e7d3d2716deaf919d8883f5caa73c3f61a1ce37bffff86a62a6be43aa66f64,operator,general_cosine,NA,NA,general_cosine,general_cosine__general_cosine_int8_10e4__7011a33c6006cb29__periodic,general_cosine_int8_10e4,10^4,10003,window_positions=[10000];coefficients=[3],INT8,CPU,not_applicable,compatibility/end-to-end,PASS,OK,20,100,70,0.72199599999999997,true,7011a33c6006cb2947464aa99afad26aa2fdc55e50ed6de056bcb07651567047,4f32d914a1ab91ad910368400a30c5f7a8549ab736ca9b67140cac9858fd13c7
1,20260810T031954Z_47ebe13410d3_stage08_b01_formal_8811001d,formal,20260810T031954Z,47ebe13410d3a97ff7b922a5622a21bff244b00a,true,stage08_b01_general_cosine_scales_v1,98e7d3d2716deaf919d8883f5caa73c3f61a1ce37bffff86a62a6be43aa66f64,operator,general_cosine,NA,NA,general_cosine,general_cosine__general_cosine_int8_10e4__7011a33c6006cb29__periodic,general_cosine_int8_10e4,10^4,10003,window_positions=[10000];coefficients=[3],INT8,CPU,not_applicable,compatibility/end-to-end,PASS,OK,20,100,71,0.71287599999999995,true,7011a33c6006cb2947464aa99afad26aa2fdc55e50ed6de056bcb07651567047,4f32d914a1ab91ad910368400a30c5f7a8549ab736ca9b67140cac9858fd13c7
1,20260810T031954Z_47ebe13410d3_stage08_b01_formal_8811001d,formal,20260810T031954Z,47ebe13410d3a97ff7b922a5622a21bff244b00a,true,stage08_b01_general_cosine_scales_v1,98e7d3d2716deaf919d8883f5caa73c3f61a1ce37bffff86a62a6be43aa66f64,operator,general_cosine,NA,NA,general_cosine,general_cosine__general_cosine_int8_10e4__7011a33c6006cb29__periodic,general_cosine_int8_10e4,10^4,10003,window_positions=[10000];coefficients=[3],INT8,CPU,not_applicable,compatibility/end-to-end,PASS,OK,20,100,72,0.713866,true,7011a33c6006cb2947464aa99afad26aa2fdc55e50ed6de056bcb07651567047,4f32d914a1ab91ad910368400a30c5f7a8549ab736ca9b67140cac9858fd13c7
1,20260810T031954Z_47ebe13410d3_stage08_b01_formal_8811001d,formal,20260810T031954Z,47ebe13410d3a97ff7b922a5622a21bff244b00a,true,stage08_b01_general_cosine_scales_v1,98e7d3d2716deaf919d8883f5caa73c3f61a1ce37bffff86a62a6be43aa66f64,operator,general_cosine,NA,NA,general_cosine,general_cosine__general_cosine_int8_10e4__7011a33c6006cb29__periodic,general_cosine_int8_10e4,10^4,10003,window_positions=[10000];coefficients=[3],INT8,CPU,not_applicable,compatibility/end-to-end,PASS,OK,20,100,73,0.71294599999999997,true,7011a33c6006cb2947464aa99afad26aa2fdc55e50ed6de056bcb07651567047,4f32d914a1ab91ad910368400a30c5f7a8549ab736ca9b67140cac9858fd13c7
1,20260810T031954Z_47ebe13410d3_stage08_b01_formal_8811001d,formal,20260810T031954Z,47ebe13410d3a97ff7b922a5622a21bff244b00a,true,stage08_b01_general_cosine_scales_v1,98e7d3d2716deaf919d8883f5caa73c3f61a1ce37bffff86a62a6be43aa66f64,operator,general_cosine,NA,NA,general_cosine,general_cosine__general_cosine_int8_10e4__7011a33c6006cb29__periodic,general_cosine_int8_10e4,10^4,10003,window_positions=[10000];coefficients=[3],INT8,CPU,not_applicable,compatibility/end-to-end,PASS,OK,20,100,74,0.71245599999999998,true,7011a33c6006cb2947464aa99afad26aa2fdc55e50ed6de056bcb07651567047,4f32d914a1ab91ad910368400a30c5f7a8549ab736ca9b67140cac9858fd13c7
1,20260810T031954Z_47ebe13410d3_stage08_b01_formal_8811001d,formal,20260810T031954Z,47ebe13410d3a97ff7b922a5622a21bff244b00a,true,stage08_b01_general_cosine_scales_v1,98e7d3d2716deaf919d8883f5caa73c3f61a1ce37bffff86a62a6be43aa66f64,operator,general_cosine,NA,NA,general_cosine,general_cosine__general_cosine_int8_10e4__7011a33c6006cb29__periodic,general_cosine_int8_10e4,10^4,10003,window_positions=[10000];coefficients=[3],INT8,CPU,not_applicable,compatibility/end-to-end,PASS,OK,20,100,75,0.72328700000000001,true,7011a33c6006cb2947464aa99afad26aa2fdc55e50ed6de056bcb07651567047,4f32d914a1ab91ad910368400a30c5f7a8549ab736ca9b67140cac9858fd13c7
1,20260810T031954Z_47ebe13410d3_stage08_b01_formal_8811001d,formal,20260810T031954Z,47ebe13410d3a97ff7b922a5622a21bff244b00a,true,stage08_b01_general_cosine_scales_v1,98e7d3d2716deaf919d8883f5caa73c3f61a1ce37bffff86a62a6be43aa66f64,operator,general_cosine,NA,NA,general_cosine,general_cosine__general_cosine_int8_10e4__7011a33c6006cb29__periodic,general_cosine_int8_10e4,10^4,10003,window_positions=[10000];coefficients=[3],INT8,CPU,not_applicable,compatibility/end-to-end,PASS,OK,20,100,76,0.71352599999999999,true,7011a33c6006cb2947464aa99afad26aa2fdc55e50ed6de056bcb07651567047,4f32d914a1ab91ad910368400a30c5f7a8549ab736ca9b67140cac9858fd13c7
1,20260810T031954Z_47ebe13410d3_stage08_b01_formal_8811001d,formal,20260810T031954Z,47ebe13410d3a97ff7b922a5622a21bff244b00a,true,stage08_b01_general_cosine_scales_v1,98e7d3d2716deaf919d8883f5caa73c3f61a1ce37bffff86a62a6be43aa66f64,operator,general_cosine,NA,NA,general_cosine,general_cosine__general_cosine_int8_10e4__7011a33c6006cb29__periodic,general_cosine_int8_10e4,10^4,10003,window_positions=[10000];coefficients=[3],INT8,CPU,not_applicable,compatibility/end-to-end,PASS,OK,20,100,77,0.71299599999999996,true,7011a33c6006cb2947464aa99afad26aa2fdc55e50ed6de056bcb07651567047,4f32d914a1ab91ad910368400a30c5f7a8549ab736ca9b67140cac9858fd13c7
1,20260810T031954Z_47ebe13410d3_stage08_b01_formal_8811001d,formal,20260810T031954Z,47ebe13410d3a97ff7b922a5622a21bff244b00a,true,stage08_b01_general_cosine_scales_v1,98e7d3d2716deaf919d8883f5caa73c3f61a1ce37bffff86a62a6be43aa66f64,operator,general_cosine,NA,NA,general_cosine,general_cosine__general_cosine_int8_10e4__7011a33c6006cb29__periodic,general_cosine_int8_10e4,10^4,10003,window_positions=[10000];coefficients=[3],INT8,CPU,not_applicable,compatibility/end-to-end,PASS,OK,20,100,78,0.71337600000000001,true,7011a33c6006cb2947464aa99afad26aa2fdc55e50ed6de056bcb07651567047,4f32d914a1ab91ad910368400a30c5f7a8549ab736ca9b67140cac9858fd13c7
1,20260810T031954Z_47ebe13410d3_stage08_b01_formal_8811001d,formal,20260810T031954Z,47ebe13410d3a97ff7b922a5622a21bff244b00a,true,stage08_b01_general_cosine_scales_v1,98e7d3d2716deaf919d8883f5caa73c3f61a1ce37bffff86a62a6be43aa66f64,operator,general_cosine,NA,NA,general_cosine,general_cosine__general_cosine_int8_10e4__7011a33c6006cb29__periodic,general_cosine_int8_10e4,10^4,10003,window_positions=[10000];coefficients=[3],INT8,CPU,not_applicable,compatibility/end-to-end,PASS,OK,20,100,79,0.71285600000000005,true,7011a33c6006cb2947464aa99afad26aa2fdc55e50ed6de056bcb07651567047,4f32d914a1ab91ad910368400a30c5f7a8549ab736ca9b67140cac9858fd13c7
1,20260810T031954Z_47ebe13410d3_stage08_b01_formal_8811001d,formal,20260810T031954Z,47ebe13410d3a97ff7b922a5622a21bff244b00a,true,stage08_b01_general_cosine_scales_v1,98e7d3d2716deaf919d8883f5caa73c3f61a1ce37bffff86a62a6be43aa66f64,operator,general_cosine,NA,NA,general_cosine,general_cosine__general_cosine_int8_10e4__7011a33c6006cb29__periodic,general_cosine_int8_10e4,10^4,10003,window_positions=[10000];coefficients=[3],INT8,CPU,not_applicable,compatibility/end-to-end,PASS,OK,20,100,80,0.71344600000000002,true,7011a33c6006cb2947464aa99afad26aa2fdc55e50ed6de056bcb07651567047,4f32d914a1ab91ad910368400a30c5f7a8549ab736ca9b67140cac9858fd13c7
1,20260810T031954Z_47ebe13410d3_stage08_b01_formal_8811001d,formal,20260810T031954Z,47ebe13410d3a97ff7b922a5622a21bff244b00a,true,stage08_b01_general_cosine_scales_v1,98e7d3d2716deaf919d8883f5caa73c3f61a1ce37bffff86a62a6be43aa66f64,operator,general_cosine,NA,NA,general_cosine,general_cosine__general_cosine_int8_10e4__7011a33c6006cb29__periodic,general_cosine_int8_10e4,10^4,10003,window_positions=[10000];coefficients=[3],INT8,CPU,not_applicable,compatibility/end-to-end,PASS,OK,20,100,81,0.72105600000000003,true,7011a33c6006cb2947464aa99afad26aa2fdc55e50ed6de056bcb07651567047,4f32d914a1ab91ad910368400a30c5f7a8549ab736ca9b67140cac9858fd13c7
1,20260810T031954Z_47ebe13410d3_stage08_b01_formal_8811001d,formal,20260810T031954Z,47ebe13410d3a97ff7b922a5622a21bff244b00a,true,stage08_b01_general_cosine_scales_v1,98e7d3d2716deaf919d8883f5caa73c3f61a1ce37bffff86a62a6be43aa66f64,operator,general_cosine,NA,NA,general_cosine,general_cosine__general_cosine_int8_10e4__7011a33c6006cb29__periodic,general_cosine_int8_10e4,10^4,10003,window_positions=[10000];coefficients=[3],INT8,CPU,not_applicable,compatibility/end-to-end,PASS,OK,20,100,82,0.713086,true,7011a33c6006cb2947464aa99afad26aa2fdc55e50ed6de056bcb07651567047,4f32d914a1ab91ad910368400a30c5f7a8549ab736ca9b67140cac9858fd13c7
1,20260810T031954Z_47ebe13410d3_stage08_b01_formal_8811001d,formal,20260810T031954Z,47ebe13410d3a97ff7b922a5622a21bff244b00a,true,stage08_b01_general_cosine_scales_v1,98e7d3d2716deaf919d8883f5caa73c3f61a1ce37bffff86a62a6be43aa66f64,operator,general_cosine,NA,NA,general_cosine,general_cosine__general_cosine_int8_10e4__7011a33c6006cb29__periodic,general_cosine_int8_10e4,10^4,10003,window_positions=[10000];coefficients=[3],INT8,CPU,not_applicable,compatibility/end-to-end,PASS,OK,20,100,83,0.71296599999999999,true,7011a33c6006cb2947464aa99afad26aa2fdc55e50ed6de056bcb07651567047,4f32d914a1ab91ad910368400a30c5f7a8549ab736ca9b67140cac9858fd13c7
1,20260810T031954Z_47ebe13410d3_stage08_b01_formal_8811001d,formal,20260810T031954Z,47ebe13410d3a97ff7b922a5622a21bff244b00a,true,stage08_b01_general_cosine_scales_v1,98e7d3d2716deaf919d8883f5caa73c3f61a1ce37bffff86a62a6be43aa66f64,operator,general_cosine,NA,NA,general_cosine,general_cosine__general_cosine_int8_10e4__7011a33c6006cb29__periodic,general_cosine_int8_10e4,10^4,10003,window_positions=[10000];coefficients=[3],INT8,CPU,not_applicable,compatibility/end-to-end,PASS,OK,20,100,84,0.71317600000000003,true,7011a33c6006cb2947464aa99afad26aa2fdc55e50ed6de056bcb07651567047,4f32d914a1ab91ad910368400a30c5f7a8549ab736ca9b67140cac9858fd13c7
1,20260810T031954Z_47ebe13410d3_stage08_b01_formal_8811001d,formal,20260810T031954Z,47ebe13410d3a97ff7b922a5622a21bff244b00a,true,stage08_b01_general_cosine_scales_v1,98e7d3d2716deaf919d8883f5caa73c3f61a1ce37bffff86a62a6be43aa66f64,operator,general_cosine,NA,NA,general_cosine,general_cosine__general_cosine_int8_10e4__7011a33c6006cb29__periodic,general_cosine_int8_10e4,10^4,10003,window_positions=[10000];coefficients=[3],INT8,CPU,not_applicable,compatibility/end-to-end,PASS,OK,20,100,85,0.71331599999999995,true,7011a33c6006cb2947464aa99afad26aa2fdc55e50ed6de056bcb07651567047,4f32d914a1ab91ad910368400a30c5f7a8549ab736ca9b67140cac9858fd13c7
1,20260810T031954Z_47ebe13410d3_stage08_b01_formal_8811001d,formal,20260810T031954Z,47ebe13410d3a97ff7b922a5622a21bff244b00a,true,stage08_b01_general_cosine_scales_v1,98e7d3d2716deaf919d8883f5caa73c3f61a1ce37bffff86a62a6be43aa66f64,operator,general_cosine,NA,NA,general_cosine,general_cosine__general_cosine_int8_10e4__7011a33c6006cb29__periodic,general_cosine_int8_10e4,10^4,10003,window_positions=[10000];coefficients=[3],INT8,CPU,not_applicable,compatibility/end-to-end,PASS,OK,20,100,86,0.71712600000000004,true,7011a33c6006cb2947464aa99afad26aa2fdc55e50ed6de056bcb07651567047,4f32d914a1ab91ad910368400a30c5f7a8549ab736ca9b67140cac9858fd13c7
1,20260810T031954Z_47ebe13410d3_stage08_b01_formal_8811001d,formal,20260810T031954Z,47ebe13410d3a97ff7b922a5622a21bff244b00a,true,stage08_b01_general_cosine_scales_v1,98e7d3d2716deaf919d8883f5caa73c3f61a1ce37bffff86a62a6be43aa66f64,operator,general_cosine,NA,NA,general_cosine,general_cosine__general_cosine_int8_10e4__7011a33c6006cb29__periodic,general_cosine_int8_10e4,10^4,10003,window_positions=[10000];coefficients=[3],INT8,CPU,not_applicable,compatibility/end-to-end,PASS,OK,20,100,87,0.71375599999999995,true,7011a33c6006cb2947464aa99afad26aa2fdc55e50ed6de056bcb07651567047,4f32d914a1ab91ad910368400a30c5f7a8549ab736ca9b67140cac9858fd13c7
1,20260810T031954Z_47ebe13410d3_stage08_b01_formal_8811001d,formal,20260810T031954Z,47ebe13410d3a97ff7b922a5622a21bff244b00a,true,stage08_b01_general_cosine_scales_v1,98e7d3d2716deaf919d8883f5caa73c3f61a1ce37bffff86a62a6be43aa66f64,operator,general_cosine,NA,NA,general_cosine,general_cosine__general_cosine_int8_10e4__7011a33c6006cb29__periodic,general_cosine_int8_10e4,10^4,10003,window_positions=[10000];coefficients=[3],INT8,CPU,not_applicable,compatibility/end-to-end,PASS,OK,20,100,88,0.71512699999999996,true,7011a33c6006cb2947464aa99afad26aa2fdc55e50ed6de056bcb07651567047,4f32d914a1ab91ad910368400a30c5f7a8549ab736ca9b67140cac9858fd13c7
1,20260810T031954Z_47ebe13410d3_stage08_b01_formal_8811001d,formal,20260810T031954Z,47ebe13410d3a97ff7b922a5622a21bff244b00a,true,stage08_b01_general_cosine_scales_v1,98e7d3d2716deaf919d8883f5caa73c3f61a1ce37bffff86a62a6be43aa66f64,operator,general_cosine,NA,NA,general_cosine,general_cosine__general_cosine_int8_10e4__7011a33c6006cb29__periodic,general_cosine_int8_10e4,10^4,10003,window_positions=[10000];coefficients=[3],INT8,CPU,not_applicable,compatibility/end-to-end,PASS,OK,20,100,89,0.71289599999999997,true,7011a33c6006cb2947464aa99afad26aa2fdc55e50ed6de056bcb07651567047,4f32d914a1ab91ad910368400a30c5f7a8549ab736ca9b67140cac9858fd13c7
1,20260810T031954Z_47ebe13410d3_stage08_b01_formal_8811001d,formal,20260810T031954Z,47ebe13410d3a97ff7b922a5622a21bff244b00a,true,stage08_b01_general_cosine_scales_v1,98e7d3d2716deaf919d8883f5caa73c3f61a1ce37bffff86a62a6be43aa66f64,operator,general_cosine,NA,NA,general_cosine,general_cosine__general_cosine_int8_10e4__7011a33c6006cb29__periodic,general_cosine_int8_10e4,10^4,10003,window_positions=[10000];coefficients=[3],INT8,CPU,not_applicable,compatibility/end-to-end,PASS,OK,20,100,90,0.71318599999999999,true,7011a33c6006cb2947464aa99afad26aa2fdc55e50ed6de056bcb07651567047,4f32d914a1ab91ad910368400a30c5f7a8549ab736ca9b67140cac9858fd13c7
1,20260810T031954Z_47ebe13410d3_stage08_b01_formal_8811001d,formal,20260810T031954Z,47ebe13410d3a97ff7b922a5622a21bff244b00a,true,stage08_b01_general_cosine_scales_v1,98e7d3d2716deaf919d8883f5caa73c3f61a1ce37bffff86a62a6be43aa66f64,operator,general_cosine,NA,NA,general_cosine,general_cosine__general_cosine_int8_10e4__7011a33c6006cb29__periodic,general_cosine_int8_10e4,10^4,10003,window_positions=[10000];coefficients=[3],INT8,CPU,not_applicable,compatibility/end-to-end,PASS,OK,20,100,91,0.71307600000000004,true,7011a33c6006cb2947464aa99afad26aa2fdc55e50ed6de056bcb07651567047,4f32d914a1ab91ad910368400a30c5f7a8549ab736ca9b67140cac9858fd13c7
1,20260810T031954Z_47ebe13410d3_stage08_b01_formal_8811001d,formal,20260810T031954Z,47ebe13410d3a97ff7b922a5622a21bff244b00a,true,stage08_b01_general_cosine_scales_v1,98e7d3d2716deaf919d8883f5caa73c3f61a1ce37bffff86a62a6be43aa66f64,operator,general_cosine,NA,NA,general_cosine,general_cosine__general_cosine_int8_10e4__7011a33c6006cb29__periodic,general_cosine_int8_10e4,10^4,10003,window_positions=[10000];coefficients=[3],INT8,CPU,not_applicable,compatibility/end-to-end,PASS,OK,20,100,92,0.721136,true,7011a33c6006cb2947464aa99afad26aa2fdc55e50ed6de056bcb07651567047,4f32d914a1ab91ad910368400a30c5f7a8549ab736ca9b67140cac9858fd13c7
1,20260810T031954Z_47ebe13410d3_stage08_b01_formal_8811001d,formal,20260810T031954Z,47ebe13410d3a97ff7b922a5622a21bff244b00a,true,stage08_b01_general_cosine_scales_v1,98e7d3d2716deaf919d8883f5caa73c3f61a1ce37bffff86a62a6be43aa66f64,operator,general_cosine,NA,NA,general_cosine,general_cosine__general_cosine_int8_10e4__7011a33c6006cb29__periodic,general_cosine_int8_10e4,10^4,10003,window_positions=[10000];coefficients=[3],INT8,CPU,not_applicable,compatibility/end-to-end,PASS,OK,20,100,93,0.71333599999999997,true,7011a33c6006cb2947464aa99afad26aa2fdc55e50ed6de056bcb07651567047,4f32d914a1ab91ad910368400a30c5f7a8549ab736ca9b67140cac9858fd13c7
1,20260810T031954Z_47ebe13410d3_stage08_b01_formal_8811001d,formal,20260810T031954Z,47ebe13410d3a97ff7b922a5622a21bff244b00a,true,stage08_b01_general_cosine_scales_v1,98e7d3d2716deaf919d8883f5caa73c3f61a1ce37bffff86a62a6be43aa66f64,operator,general_cosine,NA,NA,general_cosine,general_cosine__general_cosine_int8_10e4__7011a33c6006cb29__periodic,general_cosine_int8_10e4,10^4,10003,window_positions=[10000];coefficients=[3],INT8,CPU,not_applicable,compatibility/end-to-end,PASS,OK,20,100,94,0.71302600000000005,true,7011a33c6006cb2947464aa99afad26aa2fdc55e50ed6de056bcb07651567047,4f32d914a1ab91ad910368400a30c5f7a8549ab736ca9b67140cac9858fd13c7
1,20260810T031954Z_47ebe13410d3_stage08_b01_formal_8811001d,formal,20260810T031954Z,47ebe13410d3a97ff7b922a5622a21bff244b00a,true,stage08_b01_general_cosine_scales_v1,98e7d3d2716deaf919d8883f5caa73c3f61a1ce37bffff86a62a6be43aa66f64,operator,general_cosine,NA,NA,general_cosine,general_cosine__general_cosine_int8_10e4__7011a33c6006cb29__periodic,general_cosine_int8_10e4,10^4,10003,window_positions=[10000];coefficients=[3],INT8,CPU,not_applicable,compatibility/end-to-end,PASS,OK,20,100,95,0.712696,true,7011a33c6006cb2947464aa99afad26aa2fdc55e50ed6de056bcb07651567047,4f32d914a1ab91ad910368400a30c5f7a8549ab736ca9b67140cac9858fd13c7
1,20260810T031954Z_47ebe13410d3_stage08_b01_formal_8811001d,formal,20260810T031954Z,47ebe13410d3a97ff7b922a5622a21bff244b00a,true,stage08_b01_general_cosine_scales_v1,98e7d3d2716deaf919d8883f5caa73c3f61a1ce37bffff86a62a6be43aa66f64,operator,general_cosine,NA,NA,general_cosine,general_cosine__general_cosine_int8_10e4__7011a33c6006cb29__periodic,general_cosine_int8_10e4,10^4,10003,window_positions=[10000];coefficients=[3],INT8,CPU,not_applicable,compatibility/end-to-end,PASS,OK,20,100,96,0.71332600000000002,true,7011a33c6006cb2947464aa99afad26aa2fdc55e50ed6de056bcb07651567047,4f32d914a1ab91ad910368400a30c5f7a8549ab736ca9b67140cac9858fd13c7
1,20260810T031954Z_47ebe13410d3_stage08_b01_formal_8811001d,formal,20260810T031954Z,47ebe13410d3a97ff7b922a5622a21bff244b00a,true,stage08_b01_general_cosine_scales_v1,98e7d3d2716deaf919d8883f5caa73c3f61a1ce37bffff86a62a6be43aa66f64,operator,general_cosine,NA,NA,general_cosine,general_cosine__general_cosine_int8_10e4__7011a33c6006cb29__periodic,general_cosine_int8_10e4,10^4,10003,window_positions=[10000];coefficients=[3],INT8,CPU,not_applicable,compatibility/end-to-end,PASS,OK,20,100,97,0.71328599999999998,true,7011a33c6006cb2947464aa99afad26aa2fdc55e50ed6de056bcb07651567047,4f32d914a1ab91ad910368400a30c5f7a8549ab736ca9b67140cac9858fd13c7
1,20260810T031954Z_47ebe13410d3_stage08_b01_formal_8811001d,formal,20260810T031954Z,47ebe13410d3a97ff7b922a5622a21bff244b00a,true,stage08_b01_general_cosine_scales_v1,98e7d3d2716deaf919d8883f5caa73c3f61a1ce37bffff86a62a6be43aa66f64,operator,general_cosine,NA,NA,general_cosine,general_cosine__general_cosine_int8_10e4__7011a33c6006cb29__periodic,general_cosine_int8_10e4,10^4,10003,window_positions=[10000];coefficients=[3],INT8,CPU,not_applicable,compatibility/end-to-end,PASS,OK,20,100,98,0.72175599999999995,true,7011a33c6006cb2947464aa99afad26aa2fdc55e50ed6de056bcb07651567047,4f32d914a1ab91ad910368400a30c5f7a8549ab736ca9b67140cac9858fd13c7
1,20260810T031954Z_47ebe13410d3_stage08_b01_formal_8811001d,formal,20260810T031954Z,47ebe13410d3a97ff7b922a5622a21bff244b00a,true,stage08_b01_general_cosine_scales_v1,98e7d3d2716deaf919d8883f5caa73c3f61a1ce37bffff86a62a6be43aa66f64,operator,general_cosine,NA,NA,general_cosine,general_cosine__general_cosine_int8_10e4__7011a33c6006cb29__periodic,general_cosine_int8_10e4,10^4,10003,window_positions=[10000];coefficients=[3],INT8,CPU,not_applicable,compatibility/end-to-end,PASS,OK,20,100,99,0.713256,true,7011a33c6006cb2947464aa99afad26aa2fdc55e50ed6de056bcb07651567047,4f32d914a1ab91ad910368400a30c5f7a8549ab736ca9b67140cac9858fd13c7
1,20260810T031954Z_47ebe13410d3_stage08_b01_formal_8811001d,formal,20260810T031954Z,47ebe13410d3a97ff7b922a5622a21bff244b00a,true,stage08_b01_general_cosine_scales_v1,98e7d3d2716deaf919d8883f5caa73c3f61a1ce37bffff86a62a6be43aa66f64,operator,general_cosine,NA,NA,general_cosine,general_cosine__general_cosine_int8_10e4__7011a33c6006cb29__periodic,general_cosine_int8_10e4,10^4,10003,window_positions=[10000];coefficients=[3],INT8,GPU,not_applicable,compatibility/end-to-end,PASS,OK,20,100,0,0.404113,true,7011a33c6006cb2947464aa99afad26aa2fdc55e50ed6de056bcb07651567047,63a1f61e776ad4eefc455c8a415c77a5bc088b5264f8b76d29c015ad91d3f267
1,20260810T031954Z_47ebe13410d3_stage08_b01_formal_8811001d,formal,20260810T031954Z,47ebe13410d3a97ff7b922a5622a21bff244b00a,true,stage08_b01_general_cosine_scales_v1,98e7d3d2716deaf919d8883f5caa73c3f61a1ce37bffff86a62a6be43aa66f64,operator,general_cosine,NA,NA,general_cosine,general_cosine__general_cosine_int8_10e4__7011a33c6006cb29__periodic,general_cosine_int8_10e4,10^4,10003,window_positions=[10000];coefficients=[3],INT8,GPU,not_applicable,compatibility/end-to-end,PASS,OK,20,100,1,0.39767400000000003,true,7011a33c6006cb2947464aa99afad26aa2fdc55e50ed6de056bcb07651567047,63a1f61e776ad4eefc455c8a415c77a5bc088b5264f8b76d29c015ad91d3f267
1,20260810T031954Z_47ebe13410d3_stage08_b01_formal_8811001d,formal,20260810T031954Z,47ebe13410d3a97ff7b922a5622a21bff244b00a,true,stage08_b01_general_cosine_scales_v1,98e7d3d2716deaf919d8883f5caa73c3f61a1ce37bffff86a62a6be43aa66f64,operator,general_cosine,NA,NA,general_cosine,general_cosine__general_cosine_int8_10e4__7011a33c6006cb29__periodic,general_cosine_int8_10e4,10^4,10003,window_positions=[10000];coefficients=[3],INT8,GPU,not_applicable,compatibility/end-to-end,PASS,OK,20,100,2,0.39504299999999998,true,7011a33c6006cb2947464aa99afad26aa2fdc55e50ed6de056bcb07651567047,63a1f61e776ad4eefc455c8a415c77a5bc088b5264f8b76d29c015ad91d3f267
1,20260810T031954Z_47ebe13410d3_stage08_b01_formal_8811001d,formal,20260810T031954Z,47ebe13410d3a97ff7b922a5622a21bff244b00a,true,stage08_b01_general_cosine_scales_v1,98e7d3d2716deaf919d8883f5caa73c3f61a1ce37bffff86a62a6be43aa66f64,operator,general_cosine,NA,NA,general_cosine,general_cosine__general_cosine_int8_10e4__7011a33c6006cb29__periodic,general_cosine_int8_10e4,10^4,10003,window_positions=[10000];coefficients=[3],INT8,GPU,not_applicable,compatibility/end-to-end,PASS,OK,20,100,3,0.39185300000000001,true,7011a33c6006cb2947464aa99afad26aa2fdc55e50ed6de056bcb07651567047,63a1f61e776ad4eefc455c8a415c77a5bc088b5264f8b76d29c015ad91d3f267
1,20260810T031954Z_47ebe13410d3_stage08_b01_formal_8811001d,formal,20260810T031954Z,47ebe13410d3a97ff7b922a5622a21bff244b00a,true,stage08_b01_general_cosine_scales_v1,98e7d3d2716deaf919d8883f5caa73c3f61a1ce37bffff86a62a6be43aa66f64,operator,general_cosine,NA,NA,general_cosine,general_cosine__general_cosine_int8_10e4__7011a33c6006cb29__periodic,general_cosine_int8_10e4,10^4,10003,window_positions=[10000];coefficients=[3],INT8,GPU,not_applicable,compatibility/end-to-end,PASS,OK,20,100,4,0.39410400000000001,true,7011a33c6006cb2947464aa99afad26aa2fdc55e50ed6de056bcb07651567047,63a1f61e776ad4eefc455c8a415c77a5bc088b5264f8b76d29c015ad91d3f267
1,20260810T031954Z_47ebe13410d3_stage08_b01_formal_8811001d,formal,20260810T031954Z,47ebe13410d3a97ff7b922a5622a21bff244b00a,true,stage08_b01_general_cosine_scales_v1,98e7d3d2716deaf919d8883f5caa73c3f61a1ce37bffff86a62a6be43aa66f64,operator,general_cosine,NA,NA,general_cosine,general_cosine__general_cosine_int8_10e4__7011a33c6006cb29__periodic,general_cosine_int8_10e4,10^4,10003,window_positions=[10000];coefficients=[3],INT8,GPU,not_applicable,compatibility/end-to-end,PASS,OK,20,100,5,0.39685300000000001,true,7011a33c6006cb2947464aa99afad26aa2fdc55e50ed6de056bcb07651567047,63a1f61e776ad4eefc455c8a415c77a5bc088b5264f8b76d29c015ad91d3f267
1,20260810T031954Z_47ebe13410d3_stage08_b01_formal_8811001d,formal,20260810T031954Z,47ebe13410d3a97ff7b922a5622a21bff244b00a,true,stage08_b01_general_cosine_scales_v1,98e7d3d2716deaf919d8883f5caa73c3f61a1ce37bffff86a62a6be43aa66f64,operator,general_cosine,NA,NA,general_cosine,general_cosine__general_cosine_int8_10e4__7011a33c6006cb29__periodic,general_cosine_int8_10e4,10^4,10003,window_positions=[10000];coefficients=[3],INT8,GPU,not_applicable,compatibility/end-to-end,PASS,OK,20,100,6,0.395984,true,7011a33c6006cb2947464aa99afad26aa2fdc55e50ed6de056bcb07651567047,63a1f61e776ad4eefc455c8a415c77a5bc088b5264f8b76d29c015ad91d3f267
1,20260810T031954Z_47ebe13410d3_stage08_b01_formal_8811001d,formal,20260810T031954Z,47ebe13410d3a97ff7b922a5622a21bff244b00a,true,stage08_b01_general_cosine_scales_v1,98e7d3d2716deaf919d8883f5caa73c3f61a1ce37bffff86a62a6be43aa66f64,operator,general_cosine,NA,NA,general_cosine,general_cosine__general_cosine_int8_10e4__7011a33c6006cb29__periodic,general_cosine_int8_10e4,10^4,10003,window_positions=[10000];coefficients=[3],INT8,GPU,not_applicable,compatibility/end-to-end,PASS,OK,20,100,7,0.39926299999999998,true,7011a33c6006cb2947464aa99afad26aa2fdc55e50ed6de056bcb07651567047,63a1f61e776ad4eefc455c8a415c77a5bc088b5264f8b76d29c015ad91d3f267
1,20260810T031954Z_47ebe13410d3_stage08_b01_formal_8811001d,formal,20260810T031954Z,47ebe13410d3a97ff7b922a5622a21bff244b00a,true,stage08_b01_general_cosine_scales_v1,98e7d3d2716deaf919d8883f5caa73c3f61a1ce37bffff86a62a6be43aa66f64,operator,general_cosine,NA,NA,general_cosine,general_cosine__general_cosine_int8_10e4__7011a33c6006cb29__periodic,general_cosine_int8_10e4,10^4,10003,window_positions=[10000];coefficients=[3],INT8,GPU,not_applicable,compatibility/end-to-end,PASS,OK,20,100,8,0.41950399999999999,true,7011a33c6006cb2947464aa99afad26aa2fdc55e50ed6de056bcb07651567047,63a1f61e776ad4eefc455c8a415c77a5bc088b5264f8b76d29c015ad91d3f267
1,20260810T031954Z_47ebe13410d3_stage08_b01_formal_8811001d,formal,20260810T031954Z,47ebe13410d3a97ff7b922a5622a21bff244b00a,true,stage08_b01_general_cosine_scales_v1,98e7d3d2716deaf919d8883f5caa73c3f61a1ce37bffff86a62a6be43aa66f64,operator,general_cosine,NA,NA,general_cosine,general_cosine__general_cosine_int8_10e4__7011a33c6006cb29__periodic,general_cosine_int8_10e4,10^4,10003,window_positions=[10000];coefficients=[3],INT8,GPU,not_applicable,compatibility/end-to-end,PASS,OK,20,100,9,0.399893,true,7011a33c6006cb2947464aa99afad26aa2fdc55e50ed6de056bcb07651567047,63a1f61e776ad4eefc455c8a415c77a5bc088b5264f8b76d29c015ad91d3f267
1,20260810T031954Z_47ebe13410d3_stage08_b01_formal_8811001d,formal,20260810T031954Z,47ebe13410d3a97ff7b922a5622a21bff244b00a,true,stage08_b01_general_cosine_scales_v1,98e7d3d2716deaf919d8883f5caa73c3f61a1ce37bffff86a62a6be43aa66f64,operator,general_cosine,NA,NA,general_cosine,general_cosine__general_cosine_int8_10e4__7011a33c6006cb29__periodic,general_cosine_int8_10e4,10^4,10003,window_positions=[10000];coefficients=[3],INT8,GPU,not_applicable,compatibility/end-to-end,PASS,OK,20,100,10,0.393843,true,7011a33c6006cb2947464aa99afad26aa2fdc55e50ed6de056bcb07651567047,63a1f61e776ad4eefc455c8a415c77a5bc088b5264f8b76d29c015ad91d3f267
1,20260810T031954Z_47ebe13410d3_stage08_b01_formal_8811001d,formal,20260810T031954Z,47ebe13410d3a97ff7b922a5622a21bff244b00a,true,stage08_b01_general_cosine_scales_v1,98e7d3d2716deaf919d8883f5caa73c3f61a1ce37bffff86a62a6be43aa66f64,operator,general_cosine,NA,NA,general_cosine,general_cosine__general_cosine_int8_10e4__7011a33c6006cb29__periodic,general_cosine_int8_10e4,10^4,10003,window_positions=[10000];coefficients=[3],INT8,GPU,not_applicable,compatibility/end-to-end,PASS,OK,20,100,11,0.394264,true,7011a33c6006cb2947464aa99afad26aa2fdc55e50ed6de056bcb07651567047,63a1f61e776ad4eefc455c8a415c77a5bc088b5264f8b76d29c015ad91d3f267
1,20260810T031954Z_47ebe13410d3_stage08_b01_formal_8811001d,formal,20260810T031954Z,47ebe13410d3a97ff7b922a5622a21bff244b00a,true,stage08_b01_general_cosine_scales_v1,98e7d3d2716deaf919d8883f5caa73c3f61a1ce37bffff86a62a6be43aa66f64,operator,general_cosine,NA,NA,general_cosine,general_cosine__general_cosine_int8_10e4__7011a33c6006cb29__periodic,general_cosine_int8_10e4,10^4,10003,window_positions=[10000];coefficients=[3],INT8,GPU,not_applicable,compatibility/end-to-end,PASS,OK,20,100,12,0.39321299999999998,true,7011a33c6006cb2947464aa99afad26aa2fdc55e50ed6de056bcb07651567047,63a1f61e776ad4eefc455c8a415c77a5bc088b5264f8b76d29c015ad91d3f267
1,20260810T031954Z_47ebe13410d3_stage08_b01_formal_8811001d,formal,20260810T031954Z,47ebe13410d3a97ff7b922a5622a21bff244b00a,true,stage08_b01_general_cosine_scales_v1,98e7d3d2716deaf919d8883f5caa73c3f61a1ce37bffff86a62a6be43aa66f64,operator,general_cosine,NA,NA,general_cosine,general_cosine__general_cosine_int8_10e4__7011a33c6006cb29__periodic,general_cosine_int8_10e4,10^4,10003,window_positions=[10000];coefficients=[3],INT8,GPU,not_applicable,compatibility/end-to-end,PASS,OK,20,100,13,0.39592300000000002,true,7011a33c6006cb2947464aa99afad26aa2fdc55e50ed6de056bcb07651567047,63a1f61e776ad4eefc455c8a415c77a5bc088b5264f8b76d29c015ad91d3f267
1,20260810T031954Z_47ebe13410d3_stage08_b01_formal_8811001d,formal,20260810T031954Z,47ebe13410d3a97ff7b922a5622a21bff244b00a,true,stage08_b01_general_cosine_scales_v1,98e7d3d2716deaf919d8883f5caa73c3f61a1ce37bffff86a62a6be43aa66f64,operator,general_cosine,NA,NA,general_cosine,general_cosine__general_cosine_int8_10e4__7011a33c6006cb29__periodic,general_cosine_int8_10e4,10^4,10003,window_positions=[10000];coefficients=[3],INT8,GPU,not_applicable,compatibility/end-to-end,PASS,OK,20,100,14,0.39876400000000001,true,7011a33c6006cb2947464aa99afad26aa2fdc55e50ed6de056bcb07651567047,63a1f61e776ad4eefc455c8a415c77a5bc088b5264f8b76d29c015ad91d3f267
1,20260810T031954Z_47ebe13410d3_stage08_b01_formal_8811001d,formal,20260810T031954Z,47ebe13410d3a97ff7b922a5622a21bff244b00a,true,stage08_b01_general_cosine_scales_v1,98e7d3d2716deaf919d8883f5caa73c3f61a1ce37bffff86a62a6be43aa66f64,operator,general_cosine,NA,NA,general_cosine,general_cosine__general_cosine_int8_10e4__7011a33c6006cb29__periodic,general_cosine_int8_10e4,10^4,10003,window_positions=[10000];coefficients=[3],INT8,GPU,not_applicable,compatibility/end-to-end,PASS,OK,20,100,15,0.397783,true,7011a33c6006cb2947464aa99afad26aa2fdc55e50ed6de056bcb07651567047,63a1f61e776ad4eefc455c8a415c77a5bc088b5264f8b76d29c015ad91d3f267
1,20260810T031954Z_47ebe13410d3_stage08_b01_formal_8811001d,formal,20260810T031954Z,47ebe13410d3a97ff7b922a5622a21bff244b00a,true,stage08_b01_general_cosine_scales_v1,98e7d3d2716deaf919d8883f5caa73c3f61a1ce37bffff86a62a6be43aa66f64,operator,general_cosine,NA,NA,general_cosine,general_cosine__general_cosine_int8_10e4__7011a33c6006cb29__periodic,general_cosine_int8_10e4,10^4,10003,window_positions=[10000];coefficients=[3],INT8,GPU,not_applicable,compatibility/end-to-end,PASS,OK,20,100,16,0.39360299999999998,true,7011a33c6006cb2947464aa99afad26aa2fdc55e50ed6de056bcb07651567047,63a1f61e776ad4eefc455c8a415c77a5bc088b5264f8b76d29c015ad91d3f267
1,20260810T031954Z_47ebe13410d3_stage08_b01_formal_8811001d,formal,20260810T031954Z,47ebe13410d3a97ff7b922a5622a21bff244b00a,true,stage08_b01_general_cosine_scales_v1,98e7d3d2716deaf919d8883f5caa73c3f61a1ce37bffff86a62a6be43aa66f64,operator,general_cosine,NA,NA,general_cosine,general_cosine__general_cosine_int8_10e4__7011a33c6006cb29__periodic,general_cosine_int8_10e4,10^4,10003,window_positions=[10000];coefficients=[3],INT8,GPU,not_applicable,compatibility/end-to-end,PASS,OK,20,100,17,0.39282400000000001,true,7011a33c6006cb2947464aa99afad26aa2fdc55e50ed6de056bcb07651567047,63a1f61e776ad4eefc455c8a415c77a5bc088b5264f8b76d29c015ad91d3f267
1,20260810T031954Z_47ebe13410d3_stage08_b01_formal_8811001d,formal,20260810T031954Z,47ebe13410d3a97ff7b922a5622a21bff244b00a,true,stage08_b01_general_cosine_scales_v1,98e7d3d2716deaf919d8883f5caa73c3f61a1ce37bffff86a62a6be43aa66f64,operator,general_cosine,NA,NA,general_cosine,general_cosine__general_cosine_int8_10e4__7011a33c6006cb29__periodic,general_cosine_int8_10e4,10^4,10003,window_positions=[10000];coefficients=[3],INT8,GPU,not_applicable,compatibility/end-to-end,PASS,OK,20,100,18,0.40645300000000001,true,7011a33c6006cb2947464aa99afad26aa2fdc55e50ed6de056bcb07651567047,63a1f61e776ad4eefc455c8a415c77a5bc088b5264f8b76d29c015ad91d3f267
1,20260810T031954Z_47ebe13410d3_stage08_b01_formal_8811001d,formal,20260810T031954Z,47ebe13410d3a97ff7b922a5622a21bff244b00a,true,stage08_b01_general_cosine_scales_v1,98e7d3d2716deaf919d8883f5caa73c3f61a1ce37bffff86a62a6be43aa66f64,operator,general_cosine,NA,NA,general_cosine,general_cosine__general_cosine_int8_10e4__7011a33c6006cb29__periodic,general_cosine_int8_10e4,10^4,10003,window_positions=[10000];coefficients=[3],INT8,GPU,not_applicable,compatibility/end-to-end,PASS,OK,20,100,19,0.39658300000000002,true,7011a33c6006cb2947464aa99afad26aa2fdc55e50ed6de056bcb07651567047,63a1f61e776ad4eefc455c8a415c77a5bc088b5264f8b76d29c015ad91d3f267
1,20260810T031954Z_47ebe13410d3_stage08_b01_formal_8811001d,formal,20260810T031954Z,47ebe13410d3a97ff7b922a5622a21bff244b00a,true,stage08_b01_general_cosine_scales_v1,98e7d3d2716deaf919d8883f5caa73c3f61a1ce37bffff86a62a6be43aa66f64,operator,general_cosine,NA,NA,general_cosine,general_cosine__general_cosine_int8_10e4__7011a33c6006cb29__periodic,general_cosine_int8_10e4,10^4,10003,window_positions=[10000];coefficients=[3],INT8,GPU,not_applicable,compatibility/end-to-end,PASS,OK,20,100,20,0.39572400000000002,true,7011a33c6006cb2947464aa99afad26aa2fdc55e50ed6de056bcb07651567047,63a1f61e776ad4eefc455c8a415c77a5bc088b5264f8b76d29c015ad91d3f267
1,20260810T031954Z_47ebe13410d3_stage08_b01_formal_8811001d,formal,20260810T031954Z,47ebe13410d3a97ff7b922a5622a21bff244b00a,true,stage08_b01_general_cosine_scales_v1,98e7d3d2716deaf919d8883f5caa73c3f61a1ce37bffff86a62a6be43aa66f64,operator,general_cosine,NA,NA,general_cosine,general_cosine__general_cosine_int8_10e4__7011a33c6006cb29__periodic,general_cosine_int8_10e4,10^4,10003,window_positions=[10000];coefficients=[3],INT8,GPU,not_applicable,compatibility/end-to-end,PASS,OK,20,100,21,0.39205299999999998,true,7011a33c6006cb2947464aa99afad26aa2fdc55e50ed6de056bcb07651567047,63a1f61e776ad4eefc455c8a415c77a5bc088b5264f8b76d29c015ad91d3f267
1,20260810T031954Z_47ebe13410d3_stage08_b01_formal_8811001d,formal,20260810T031954Z,47ebe13410d3a97ff7b922a5622a21bff244b00a,true,stage08_b01_general_cosine_scales_v1,98e7d3d2716deaf919d8883f5caa73c3f61a1ce37bffff86a62a6be43aa66f64,operator,general_cosine,NA,NA,general_cosine,general_cosine__general_cosine_int8_10e4__7011a33c6006cb29__periodic,general_cosine_int8_10e4,10^4,10003,window_positions=[10000];coefficients=[3],INT8,GPU,not_applicable,compatibility/end-to-end,PASS,OK,20,100,22,0.39508399999999999,true,7011a33c6006cb2947464aa99afad26aa2fdc55e50ed6de056bcb07651567047,63a1f61e776ad4eefc455c8a415c77a5bc088b5264f8b76d29c015ad91d3f267
1,20260810T031954Z_47ebe13410d3_stage08_b01_formal_8811001d,formal,20260810T031954Z,47ebe13410d3a97ff7b922a5622a21bff244b00a,true,stage08_b01_general_cosine_scales_v1,98e7d3d2716deaf919d8883f5caa73c3f61a1ce37bffff86a62a6be43aa66f64,operator,general_cosine,NA,NA,general_cosine,general_cosine__general_cosine_int8_10e4__7011a33c6006cb29__periodic,general_cosine_int8_10e4,10^4,10003,window_positions=[10000];coefficients=[3],INT8,GPU,not_applicable,compatibility/end-to-end,PASS,OK,20,100,23,0.39135300000000001,true,7011a33c6006cb2947464aa99afad26aa2fdc55e50ed6de056bcb07651567047,63a1f61e776ad4eefc455c8a415c77a5bc088b5264f8b76d29c015ad91d3f267
1,20260810T031954Z_47ebe13410d3_stage08_b01_formal_8811001d,formal,20260810T031954Z,47ebe13410d3a97ff7b922a5622a21bff244b00a,true,stage08_b01_general_cosine_scales_v1,98e7d3d2716deaf919d8883f5caa73c3f61a1ce37bffff86a62a6be43aa66f64,operator,general_cosine,NA,NA,general_cosine,general_cosine__general_cosine_int8_10e4__7011a33c6006cb29__periodic,general_cosine_int8_10e4,10^4,10003,window_positions=[10000];coefficients=[3],INT8,GPU,not_applicable,compatibility/end-to-end,PASS,OK,20,100,24,0.39389299999999999,true,7011a33c6006cb2947464aa99afad26aa2fdc55e50ed6de056bcb07651567047,63a1f61e776ad4eefc455c8a415c77a5bc088b5264f8b76d29c015ad91d3f267
1,20260810T031954Z_47ebe13410d3_stage08_b01_formal_8811001d,formal,20260810T031954Z,47ebe13410d3a97ff7b922a5622a21bff244b00a,true,stage08_b01_general_cosine_scales_v1,98e7d3d2716deaf919d8883f5caa73c3f61a1ce37bffff86a62a6be43aa66f64,operator,general_cosine,NA,NA,general_cosine,general_cosine__general_cosine_int8_10e4__7011a33c6006cb29__periodic,general_cosine_int8_10e4,10^4,10003,window_positions=[10000];coefficients=[3],INT8,GPU,not_applicable,compatibility/end-to-end,PASS,OK,20,100,25,0.39097399999999999,true,7011a33c6006cb2947464aa99afad26aa2fdc55e50ed6de056bcb07651567047,63a1f61e776ad4eefc455c8a415c77a5bc088b5264f8b76d29c015ad91d3f267
1,20260810T031954Z_47ebe13410d3_stage08_b01_formal_8811001d,formal,20260810T031954Z,47ebe13410d3a97ff7b922a5622a21bff244b00a,true,stage08_b01_general_cosine_scales_v1,98e7d3d2716deaf919d8883f5caa73c3f61a1ce37bffff86a62a6be43aa66f64,operator,general_cosine,NA,NA,general_cosine,general_cosine__general_cosine_int8_10e4__7011a33c6006cb29__periodic,general_cosine_int8_10e4,10^4,10003,window_positions=[10000];coefficients=[3],INT8,GPU,not_applicable,compatibility/end-to-end,PASS,OK,20,100,26,0.38944299999999998,true,7011a33c6006cb2947464aa99afad26aa2fdc55e50ed6de056bcb07651567047,63a1f61e776ad4eefc455c8a415c77a5bc088b5264f8b76d29c015ad91d3f267
1,20260810T031954Z_47ebe13410d3_stage08_b01_formal_8811001d,formal,20260810T031954Z,47ebe13410d3a97ff7b922a5622a21bff244b00a,true,stage08_b01_general_cosine_scales_v1,98e7d3d2716deaf919d8883f5caa73c3f61a1ce37bffff86a62a6be43aa66f64,operator,general_cosine,NA,NA,general_cosine,general_cosine__general_cosine_int8_10e4__7011a33c6006cb29__periodic,general_cosine_int8_10e4,10^4,10003,window_positions=[10000];coefficients=[3],INT8,GPU,not_applicable,compatibility/end-to-end,PASS,OK,20,100,27,0.39393299999999998,true,7011a33c6006cb2947464aa99afad26aa2fdc55e50ed6de056bcb07651567047,63a1f61e776ad4eefc455c8a415c77a5bc088b5264f8b76d29c015ad91d3f267
1,20260810T031954Z_47ebe13410d3_stage08_b01_formal_8811001d,formal,20260810T031954Z,47ebe13410d3a97ff7b922a5622a21bff244b00a,true,stage08_b01_general_cosine_scales_v1,98e7d3d2716deaf919d8883f5caa73c3f61a1ce37bffff86a62a6be43aa66f64,operator,general_cosine,NA,NA,general_cosine,general_cosine__general_cosine_int8_10e4__7011a33c6006cb29__periodic,general_cosine_int8_10e4,10^4,10003,window_positions=[10000];coefficients=[3],INT8,GPU,not_applicable,compatibility/end-to-end,PASS,OK,20,100,28,0.393424,true,7011a33c6006cb2947464aa99afad26aa2fdc55e50ed6de056bcb07651567047,63a1f61e776ad4eefc455c8a415c77a5bc088b5264f8b76d29c015ad91d3f267
1,20260810T031954Z_47ebe13410d3_stage08_b01_formal_8811001d,formal,20260810T031954Z,47ebe13410d3a97ff7b922a5622a21bff244b00a,true,stage08_b01_general_cosine_scales_v1,98e7d3d2716deaf919d8883f5caa73c3f61a1ce37bffff86a62a6be43aa66f64,operator,general_cosine,NA,NA,general_cosine,general_cosine__general_cosine_int8_10e4__7011a33c6006cb29__periodic,general_cosine_int8_10e4,10^4,10003,window_positions=[10000];coefficients=[3],INT8,GPU,not_applicable,compatibility/end-to-end,PASS,OK,20,100,29,0.42260300000000001,true,7011a33c6006cb2947464aa99afad26aa2fdc55e50ed6de056bcb07651567047,63a1f61e776ad4eefc455c8a415c77a5bc088b5264f8b76d29c015ad91d3f267
1,20260810T031954Z_47ebe13410d3_stage08_b01_formal_8811001d,formal,20260810T031954Z,47ebe13410d3a97ff7b922a5622a21bff244b00a,true,stage08_b01_general_cosine_scales_v1,98e7d3d2716deaf919d8883f5caa73c3f61a1ce37bffff86a62a6be43aa66f64,operator,general_cosine,NA,NA,general_cosine,general_cosine__general_cosine_int8_10e4__7011a33c6006cb29__periodic,general_cosine_int8_10e4,10^4,10003,window_positions=[10000];coefficients=[3],INT8,GPU,not_applicable,compatibility/end-to-end,PASS,OK,20,100,30,0.392764,true,7011a33c6006cb2947464aa99afad26aa2fdc55e50ed6de056bcb07651567047,63a1f61e776ad4eefc455c8a415c77a5bc088b5264f8b76d29c015ad91d3f267
1,20260810T031954Z_47ebe13410d3_stage08_b01_formal_8811001d,formal,20260810T031954Z,47ebe13410d3a97ff7b922a5622a21bff244b00a,true,stage08_b01_general_cosine_scales_v1,98e7d3d2716deaf919d8883f5caa73c3f61a1ce37bffff86a62a6be43aa66f64,operator,general_cosine,NA,NA,general_cosine,general_cosine__general_cosine_int8_10e4__7011a33c6006cb29__periodic,general_cosine_int8_10e4,10^4,10003,window_positions=[10000];coefficients=[3],INT8,GPU,not_applicable,compatibility/end-to-end,PASS,OK,20,100,31,0.38914300000000002,true,7011a33c6006cb2947464aa99afad26aa2fdc55e50ed6de056bcb07651567047,63a1f61e776ad4eefc455c8a415c77a5bc088b5264f8b76d29c015ad91d3f267
1,20260810T031954Z_47ebe13410d3_stage08_b01_formal_8811001d,formal,20260810T031954Z,47ebe13410d3a97ff7b922a5622a21bff244b00a,true,stage08_b01_general_cosine_scales_v1,98e7d3d2716deaf919d8883f5caa73c3f61a1ce37bffff86a62a6be43aa66f64,operator,general_cosine,NA,NA,general_cosine,general_cosine__general_cosine_int8_10e4__7011a33c6006cb29__periodic,general_cosine_int8_10e4,10^4,10003,window_positions=[10000];coefficients=[3],INT8,GPU,not_applicable,compatibility/end-to-end,PASS,OK,20,100,32,0.394173,true,7011a33c6006cb2947464aa99afad26aa2fdc55e50ed6de056bcb07651567047,63a1f61e776ad4eefc455c8a415c77a5bc088b5264f8b76d29c015ad91d3f267
1,20260810T031954Z_47ebe13410d3_stage08_b01_formal_8811001d,formal,20260810T031954Z,47ebe13410d3a97ff7b922a5622a21bff244b00a,true,stage08_b01_general_cosine_scales_v1,98e7d3d2716deaf919d8883f5caa73c3f61a1ce37bffff86a62a6be43aa66f64,operator,general_cosine,NA,NA,general_cosine,general_cosine__general_cosine_int8_10e4__7011a33c6006cb29__periodic,general_cosine_int8_10e4,10^4,10003,window_positions=[10000];coefficients=[3],INT8,GPU,not_applicable,compatibility/end-to-end,PASS,OK,20,100,33,0.39447399999999999,true,7011a33c6006cb2947464aa99afad26aa2fdc55e50ed6de056bcb07651567047,63a1f61e776ad4eefc455c8a415c77a5bc088b5264f8b76d29c015ad91d3f267
1,20260810T031954Z_47ebe13410d3_stage08_b01_formal_8811001d,formal,20260810T031954Z,47ebe13410d3a97ff7b922a5622a21bff244b00a,true,stage08_b01_general_cosine_scales_v1,98e7d3d2716deaf919d8883f5caa73c3f61a1ce37bffff86a62a6be43aa66f64,operator,general_cosine,NA,NA,general_cosine,general_cosine__general_cosine_int8_10e4__7011a33c6006cb29__periodic,general_cosine_int8_10e4,10^4,10003,window_positions=[10000];coefficients=[3],INT8,GPU,not_applicable,compatibility/end-to-end,PASS,OK,20,100,34,0.399893,true,7011a33c6006cb2947464aa99afad26aa2fdc55e50ed6de056bcb07651567047,63a1f61e776ad4eefc455c8a415c77a5bc088b5264f8b76d29c015ad91d3f267
1,20260810T031954Z_47ebe13410d3_stage08_b01_formal_8811001d,formal,20260810T031954Z,47ebe13410d3a97ff7b922a5622a21bff244b00a,true,stage08_b01_general_cosine_scales_v1,98e7d3d2716deaf919d8883f5caa73c3f61a1ce37bffff86a62a6be43aa66f64,operator,general_cosine,NA,NA,general_cosine,general_cosine__general_cosine_int8_10e4__7011a33c6006cb29__periodic,general_cosine_int8_10e4,10^4,10003,window_positions=[10000];coefficients=[3],INT8,GPU,not_applicable,compatibility/end-to-end,PASS,OK,20,100,35,0.40065299999999998,true,7011a33c6006cb2947464aa99afad26aa2fdc55e50ed6de056bcb07651567047,63a1f61e776ad4eefc455c8a415c77a5bc088b5264f8b76d29c015ad91d3f267
1,20260810T031954Z_47ebe13410d3_stage08_b01_formal_8811001d,formal,20260810T031954Z,47ebe13410d3a97ff7b922a5622a21bff244b00a,true,stage08_b01_general_cosine_scales_v1,98e7d3d2716deaf919d8883f5caa73c3f61a1ce37bffff86a62a6be43aa66f64,operator,general_cosine,NA,NA,general_cosine,general_cosine__general_cosine_int8_10e4__7011a33c6006cb29__periodic,general_cosine_int8_10e4,10^4,10003,window_positions=[10000];coefficients=[3],INT8,GPU,not_applicable,compatibility/end-to-end,PASS,OK,20,100,36,0.41387400000000002,true,7011a33c6006cb2947464aa99afad26aa2fdc55e50ed6de056bcb07651567047,63a1f61e776ad4eefc455c8a415c77a5bc088b5264f8b76d29c015ad91d3f267
1,20260810T031954Z_47ebe13410d3_stage08_b01_formal_8811001d,formal,20260810T031954Z,47ebe13410d3a97ff7b922a5622a21bff244b00a,true,stage08_b01_general_cosine_scales_v1,98e7d3d2716deaf919d8883f5caa73c3f61a1ce37bffff86a62a6be43aa66f64,operator,general_cosine,NA,NA,general_cosine,general_cosine__general_cosine_int8_10e4__7011a33c6006cb29__periodic,general_cosine_int8_10e4,10^4,10003,window_positions=[10000];coefficients=[3],INT8,GPU,not_applicable,compatibility/end-to-end,PASS,OK,20,100,37,0.41065299999999999,true,7011a33c6006cb2947464aa99afad26aa2fdc55e50ed6de056bcb07651567047,63a1f61e776ad4eefc455c8a415c77a5bc088b5264f8b76d29c015ad91d3f267
1,20260810T031954Z_47ebe13410d3_stage08_b01_formal_8811001d,formal,20260810T031954Z,47ebe13410d3a97ff7b922a5622a21bff244b00a,true,stage08_b01_general_cosine_scales_v1,98e7d3d2716deaf919d8883f5caa73c3f61a1ce37bffff86a62a6be43aa66f64,operator,general_cosine,NA,NA,general_cosine,general_cosine__general_cosine_int8_10e4__7011a33c6006cb29__periodic,general_cosine_int8_10e4,10^4,10003,window_positions=[10000];coefficients=[3],INT8,GPU,not_applicable,compatibility/end-to-end,PASS,OK,20,100,38,0.41221400000000002,true,7011a33c6006cb2947464aa99afad26aa2fdc55e50ed6de056bcb07651567047,63a1f61e776ad4eefc455c8a415c77a5bc088b5264f8b76d29c015ad91d3f267
1,20260810T031954Z_47ebe13410d3_stage08_b01_formal_8811001d,formal,20260810T031954Z,47ebe13410d3a97ff7b922a5622a21bff244b00a,true,stage08_b01_general_cosine_scales_v1,98e7d3d2716deaf919d8883f5caa73c3f61a1ce37bffff86a62a6be43aa66f64,operator,general_cosine,NA,NA,general_cosine,general_cosine__general_cosine_int8_10e4__7011a33c6006cb29__periodic,general_cosine_int8_10e4,10^4,10003,window_positions=[10000];coefficients=[3],INT8,GPU,not_applicable,compatibility/end-to-end,PASS,OK,20,100,39,0.404053,true,7011a33c6006cb2947464aa99afad26aa2fdc55e50ed6de056bcb07651567047,63a1f61e776ad4eefc455c8a415c77a5bc088b5264f8b76d29c015ad91d3f267
1,20260810T031954Z_47ebe13410d3_stage08_b01_formal_8811001d,formal,20260810T031954Z,47ebe13410d3a97ff7b922a5622a21bff244b00a,true,stage08_b01_general_cosine_scales_v1,98e7d3d2716deaf919d8883f5caa73c3f61a1ce37bffff86a62a6be43aa66f64,operator,general_cosine,NA,NA,general_cosine,general_cosine__general_cosine_int8_10e4__7011a33c6006cb29__periodic,general_cosine_int8_10e4,10^4,10003,window_positions=[10000];coefficients=[3],INT8,GPU,not_applicable,compatibility/end-to-end,PASS,OK,20,100,40,0.39888400000000002,true,7011a33c6006cb2947464aa99afad26aa2fdc55e50ed6de056bcb07651567047,63a1f61e776ad4eefc455c8a415c77a5bc088b5264f8b76d29c015ad91d3f267
1,20260810T031954Z_47ebe13410d3_stage08_b01_formal_8811001d,formal,20260810T031954Z,47ebe13410d3a97ff7b922a5622a21bff244b00a,true,stage08_b01_general_cosine_scales_v1,98e7d3d2716deaf919d8883f5caa73c3f61a1ce37bffff86a62a6be43aa66f64,operator,general_cosine,NA,NA,general_cosine,general_cosine__general_cosine_int8_10e4__7011a33c6006cb29__periodic,general_cosine_int8_10e4,10^4,10003,window_positions=[10000];coefficients=[3],INT8,GPU,not_applicable,compatibility/end-to-end,PASS,OK,20,100,41,0.40203299999999997,true,7011a33c6006cb2947464aa99afad26aa2fdc55e50ed6de056bcb07651567047,63a1f61e776ad4eefc455c8a415c77a5bc088b5264f8b76d29c015ad91d3f267
1,20260810T031954Z_47ebe13410d3_stage08_b01_formal_8811001d,formal,20260810T031954Z,47ebe13410d3a97ff7b922a5622a21bff244b00a,true,stage08_b01_general_cosine_scales_v1,98e7d3d2716deaf919d8883f5caa73c3f61a1ce37bffff86a62a6be43aa66f64,operator,general_cosine,NA,NA,general_cosine,general_cosine__general_cosine_int8_10e4__7011a33c6006cb29__periodic,general_cosine_int8_10e4,10^4,10003,window_positions=[10000];coefficients=[3],INT8,GPU,not_applicable,compatibility/end-to-end,PASS,OK,20,100,42,0.39982400000000001,true,7011a33c6006cb2947464aa99afad26aa2fdc55e50ed6de056bcb07651567047,63a1f61e776ad4eefc455c8a415c77a5bc088b5264f8b76d29c015ad91d3f267
1,20260810T031954Z_47ebe13410d3_stage08_b01_formal_8811001d,formal,20260810T031954Z,47ebe13410d3a97ff7b922a5622a21bff244b00a,true,stage08_b01_general_cosine_scales_v1,98e7d3d2716deaf919d8883f5caa73c3f61a1ce37bffff86a62a6be43aa66f64,operator,general_cosine,NA,NA,general_cosine,general_cosine__general_cosine_int8_10e4__7011a33c6006cb29__periodic,general_cosine_int8_10e4,10^4,10003,window_positions=[10000];coefficients=[3],INT8,GPU,not_applicable,compatibility/end-to-end,PASS,OK,20,100,43,0.421983,true,7011a33c6006cb2947464aa99afad26aa2fdc55e50ed6de056bcb07651567047,63a1f61e776ad4eefc455c8a415c77a5bc088b5264f8b76d29c015ad91d3f267
1,20260810T031954Z_47ebe13410d3_stage08_b01_formal_8811001d,formal,20260810T031954Z,47ebe13410d3a97ff7b922a5622a21bff244b00a,true,stage08_b01_general_cosine_scales_v1,98e7d3d2716deaf919d8883f5caa73c3f61a1ce37bffff86a62a6be43aa66f64,operator,general_cosine,NA,NA,general_cosine,general_cosine__general_cosine_int8_10e4__7011a33c6006cb29__periodic,general_cosine_int8_10e4,10^4,10003,window_positions=[10000];coefficients=[3],INT8,GPU,not_applicable,compatibility/end-to-end,PASS,OK,20,100,44,0.39963399999999999,true,7011a33c6006cb2947464aa99afad26aa2fdc55e50ed6de056bcb07651567047,63a1f61e776ad4eefc455c8a415c77a5bc088b5264f8b76d29c015ad91d3f267
1,20260810T031954Z_47ebe13410d3_stage08_b01_formal_8811001d,formal,20260810T031954Z,47ebe13410d3a97ff7b922a5622a21bff244b00a,true,stage08_b01_general_cosine_scales_v1,98e7d3d2716deaf919d8883f5caa73c3f61a1ce37bffff86a62a6be43aa66f64,operator,general_cosine,NA,NA,general_cosine,general_cosine__general_cosine_int8_10e4__7011a33c6006cb29__periodic,general_cosine_int8_10e4,10^4,10003,window_positions=[10000];coefficients=[3],INT8,GPU,not_applicable,compatibility/end-to-end,PASS,OK,20,100,45,0.403443,true,7011a33c6006cb2947464aa99afad26aa2fdc55e50ed6de056bcb07651567047,63a1f61e776ad4eefc455c8a415c77a5bc088b5264f8b76d29c015ad91d3f267
1,20260810T031954Z_47ebe13410d3_stage08_b01_formal_8811001d,formal,20260810T031954Z,47ebe13410d3a97ff7b922a5622a21bff244b00a,true,stage08_b01_general_cosine_scales_v1,98e7d3d2716deaf919d8883f5caa73c3f61a1ce37bffff86a62a6be43aa66f64,operator,general_cosine,NA,NA,general_cosine,general_cosine__general_cosine_int8_10e4__7011a33c6006cb29__periodic,general_cosine_int8_10e4,10^4,10003,window_positions=[10000];coefficients=[3],INT8,GPU,not_applicable,compatibility/end-to-end,PASS,OK,20,100,46,0.40150400000000003,true,7011a33c6006cb2947464aa99afad26aa2fdc55e50ed6de056bcb07651567047,63a1f61e776ad4eefc455c8a415c77a5bc088b5264f8b76d29c015ad91d3f267
1,20260810T031954Z_47ebe13410d3_stage08_b01_formal_8811001d,formal,20260810T031954Z,47ebe13410d3a97ff7b922a5622a21bff244b00a,true,stage08_b01_general_cosine_scales_v1,98e7d3d2716deaf919d8883f5caa73c3f61a1ce37bffff86a62a6be43aa66f64,operator,general_cosine,NA,NA,general_cosine,general_cosine__general_cosine_int8_10e4__7011a33c6006cb29__periodic,general_cosine_int8_10e4,10^4,10003,window_positions=[10000];coefficients=[3],INT8,GPU,not_applicable,compatibility/end-to-end,PASS,OK,20,100,47,0.417153,true,7011a33c6006cb2947464aa99afad26aa2fdc55e50ed6de056bcb07651567047,63a1f61e776ad4eefc455c8a415c77a5bc088b5264f8b76d29c015ad91d3f267
1,20260810T031954Z_47ebe13410d3_stage08_b01_formal_8811001d,formal,20260810T031954Z,47ebe13410d3a97ff7b922a5622a21bff244b00a,true,stage08_b01_general_cosine_scales_v1,98e7d3d2716deaf919d8883f5caa73c3f61a1ce37bffff86a62a6be43aa66f64,operator,general_cosine,NA,NA,general_cosine,general_cosine__general_cosine_int8_10e4__7011a33c6006cb29__periodic,general_cosine_int8_10e4,10^4,10003,window_positions=[10000];coefficients=[3],INT8,GPU,not_applicable,compatibility/end-to-end,PASS,OK,20,100,48,0.41820400000000002,true,7011a33c6006cb2947464aa99afad26aa2fdc55e50ed6de056bcb07651567047,63a1f61e776ad4eefc455c8a415c77a5bc088b5264f8b76d29c015ad91d3f267
1,20260810T031954Z_47ebe13410d3_stage08_b01_formal_8811001d,formal,20260810T031954Z,47ebe13410d3a97ff7b922a5622a21bff244b00a,true,stage08_b01_general_cosine_scales_v1,98e7d3d2716deaf919d8883f5caa73c3f61a1ce37bffff86a62a6be43aa66f64,operator,general_cosine,NA,NA,general_cosine,general_cosine__general_cosine_int8_10e4__7011a33c6006cb29__periodic,general_cosine_int8_10e4,10^4,10003,window_positions=[10000];coefficients=[3],INT8,GPU,not_applicable,compatibility/end-to-end,PASS,OK,20,100,49,0.40142299999999997,true,7011a33c6006cb2947464aa99afad26aa2fdc55e50ed6de056bcb07651567047,63a1f61e776ad4eefc455c8a415c77a5bc088b5264f8b76d29c015ad91d3f267
1,20260810T031954Z_47ebe13410d3_stage08_b01_formal_8811001d,formal,20260810T031954Z,47ebe13410d3a97ff7b922a5622a21bff244b00a,true,stage08_b01_general_cosine_scales_v1,98e7d3d2716deaf919d8883f5caa73c3f61a1ce37bffff86a62a6be43aa66f64,operator,general_cosine,NA,NA,general_cosine,general_cosine__general_cosine_int8_10e4__7011a33c6006cb29__periodic,general_cosine_int8_10e4,10^4,10003,window_positions=[10000];coefficients=[3],INT8,GPU,not_applicable,compatibility/end-to-end,PASS,OK,20,100,50,0.39910299999999999,true,7011a33c6006cb2947464aa99afad26aa2fdc55e50ed6de056bcb07651567047,63a1f61e776ad4eefc455c8a415c77a5bc088b5264f8b76d29c015ad91d3f267
1,20260810T031954Z_47ebe13410d3_stage08_b01_formal_8811001d,formal,20260810T031954Z,47ebe13410d3a97ff7b922a5622a21bff244b00a,true,stage08_b01_general_cosine_scales_v1,98e7d3d2716deaf919d8883f5caa73c3f61a1ce37bffff86a62a6be43aa66f64,operator,general_cosine,NA,NA,general_cosine,general_cosine__general_cosine_int8_10e4__7011a33c6006cb29__periodic,general_cosine_int8_10e4,10^4,10003,window_positions=[10000];coefficients=[3],INT8,GPU,not_applicable,compatibility/end-to-end,PASS,OK,20,100,51,0.39960400000000001,true,7011a33c6006cb2947464aa99afad26aa2fdc55e50ed6de056bcb07651567047,63a1f61e776ad4eefc455c8a415c77a5bc088b5264f8b76d29c015ad91d3f267
1,20260810T031954Z_47ebe13410d3_stage08_b01_formal_8811001d,formal,20260810T031954Z,47ebe13410d3a97ff7b922a5622a21bff244b00a,true,stage08_b01_general_cosine_scales_v1,98e7d3d2716deaf919d8883f5caa73c3f61a1ce37bffff86a62a6be43aa66f64,operator,general_cosine,NA,NA,general_cosine,general_cosine__general_cosine_int8_10e4__7011a33c6006cb29__periodic,general_cosine_int8_10e4,10^4,10003,window_positions=[10000];coefficients=[3],INT8,GPU,not_applicable,compatibility/end-to-end,PASS,OK,20,100,52,0.397233,true,7011a33c6006cb2947464aa99afad26aa2fdc55e50ed6de056bcb07651567047,63a1f61e776ad4eefc455c8a415c77a5bc088b5264f8b76d29c015ad91d3f267
1,20260810T031954Z_47ebe13410d3_stage08_b01_formal_8811001d,formal,20260810T031954Z,47ebe13410d3a97ff7b922a5622a21bff244b00a,true,stage08_b01_general_cosine_scales_v1,98e7d3d2716deaf919d8883f5caa73c3f61a1ce37bffff86a62a6be43aa66f64,operator,general_cosine,NA,NA,general_cosine,general_cosine__general_cosine_int8_10e4__7011a33c6006cb29__periodic,general_cosine_int8_10e4,10^4,10003,window_positions=[10000];coefficients=[3],INT8,GPU,not_applicable,compatibility/end-to-end,PASS,OK,20,100,53,0.396563,true,7011a33c6006cb2947464aa99afad26aa2fdc55e50ed6de056bcb07651567047,63a1f61e776ad4eefc455c8a415c77a5bc088b5264f8b76d29c015ad91d3f267
1,20260810T031954Z_47ebe13410d3_stage08_b01_formal_8811001d,formal,20260810T031954Z,47ebe13410d3a97ff7b922a5622a21bff244b00a,true,stage08_b01_general_cosine_scales_v1,98e7d3d2716deaf919d8883f5caa73c3f61a1ce37bffff86a62a6be43aa66f64,operator,general_cosine,NA,NA,general_cosine,general_cosine__general_cosine_int8_10e4__7011a33c6006cb29__periodic,general_cosine_int8_10e4,10^4,10003,window_positions=[10000];coefficients=[3],INT8,GPU,not_applicable,compatibility/end-to-end,PASS,OK,20,100,54,0.39965400000000001,true,7011a33c6006cb2947464aa99afad26aa2fdc55e50ed6de056bcb07651567047,63a1f61e776ad4eefc455c8a415c77a5bc088b5264f8b76d29c015ad91d3f267
1,20260810T031954Z_47ebe13410d3_stage08_b01_formal_8811001d,formal,20260810T031954Z,47ebe13410d3a97ff7b922a5622a21bff244b00a,true,stage08_b01_general_cosine_scales_v1,98e7d3d2716deaf919d8883f5caa73c3f61a1ce37bffff86a62a6be43aa66f64,operator,general_cosine,NA,NA,general_cosine,general_cosine__general_cosine_int8_10e4__7011a33c6006cb29__periodic,general_cosine_int8_10e4,10^4,10003,window_positions=[10000];coefficients=[3],INT8,GPU,not_applicable,compatibility/end-to-end,PASS,OK,20,100,55,0.39807300000000001,true,7011a33c6006cb2947464aa99afad26aa2fdc55e50ed6de056bcb07651567047,63a1f61e776ad4eefc455c8a415c77a5bc088b5264f8b76d29c015ad91d3f267
1,20260810T031954Z_47ebe13410d3_stage08_b01_formal_8811001d,formal,20260810T031954Z,47ebe13410d3a97ff7b922a5622a21bff244b00a,true,stage08_b01_general_cosine_scales_v1,98e7d3d2716deaf919d8883f5caa73c3f61a1ce37bffff86a62a6be43aa66f64,operator,general_cosine,NA,NA,general_cosine,general_cosine__general_cosine_int8_10e4__7011a33c6006cb29__periodic,general_cosine_int8_10e4,10^4,10003,window_positions=[10000];coefficients=[3],INT8,GPU,not_applicable,compatibility/end-to-end,PASS,OK,20,100,56,0.402314,true,7011a33c6006cb2947464aa99afad26aa2fdc55e50ed6de056bcb07651567047,63a1f61e776ad4eefc455c8a415c77a5bc088b5264f8b76d29c015ad91d3f267
1,20260810T031954Z_47ebe13410d3_stage08_b01_formal_8811001d,formal,20260810T031954Z,47ebe13410d3a97ff7b922a5622a21bff244b00a,true,stage08_b01_general_cosine_scales_v1,98e7d3d2716deaf919d8883f5caa73c3f61a1ce37bffff86a62a6be43aa66f64,operator,general_cosine,NA,NA,general_cosine,general_cosine__general_cosine_int8_10e4__7011a33c6006cb29__periodic,general_cosine_int8_10e4,10^4,10003,window_positions=[10000];coefficients=[3],INT8,GPU,not_applicable,compatibility/end-to-end,PASS,OK,20,100,57,0.39392300000000002,true,7011a33c6006cb2947464aa99afad26aa2fdc55e50ed6de056bcb07651567047,63a1f61e776ad4eefc455c8a415c77a5bc088b5264f8b76d29c015ad91d3f267
1,20260810T031954Z_47ebe13410d3_stage08_b01_formal_8811001d,formal,20260810T031954Z,47ebe13410d3a97ff7b922a5622a21bff244b00a,true,stage08_b01_general_cosine_scales_v1,98e7d3d2716deaf919d8883f5caa73c3f61a1ce37bffff86a62a6be43aa66f64,operator,general_cosine,NA,NA,general_cosine,general_cosine__general_cosine_int8_10e4__7011a33c6006cb29__periodic,general_cosine_int8_10e4,10^4,10003,window_positions=[10000];coefficients=[3],INT8,GPU,not_applicable,compatibility/end-to-end,PASS,OK,20,100,58,0.40263300000000002,true,7011a33c6006cb2947464aa99afad26aa2fdc55e50ed6de056bcb07651567047,63a1f61e776ad4eefc455c8a415c77a5bc088b5264f8b76d29c015ad91d3f267
1,20260810T031954Z_47ebe13410d3_stage08_b01_formal_8811001d,formal,20260810T031954Z,47ebe13410d3a97ff7b922a5622a21bff244b00a,true,stage08_b01_general_cosine_scales_v1,98e7d3d2716deaf919d8883f5caa73c3f61a1ce37bffff86a62a6be43aa66f64,operator,general_cosine,NA,NA,general_cosine,general_cosine__general_cosine_int8_10e4__7011a33c6006cb29__periodic,general_cosine_int8_10e4,10^4,10003,window_positions=[10000];coefficients=[3],INT8,GPU,not_applicable,compatibility/end-to-end,PASS,OK,20,100,59,0.40085399999999999,true,7011a33c6006cb2947464aa99afad26aa2fdc55e50ed6de056bcb07651567047,63a1f61e776ad4eefc455c8a415c77a5bc088b5264f8b76d29c015ad91d3f267
1,20260810T031954Z_47ebe13410d3_stage08_b01_formal_8811001d,formal,20260810T031954Z,47ebe13410d3a97ff7b922a5622a21bff244b00a,true,stage08_b01_general_cosine_scales_v1,98e7d3d2716deaf919d8883f5caa73c3f61a1ce37bffff86a62a6be43aa66f64,operator,general_cosine,NA,NA,general_cosine,general_cosine__general_cosine_int8_10e4__7011a33c6006cb29__periodic,general_cosine_int8_10e4,10^4,10003,window_positions=[10000];coefficients=[3],INT8,GPU,not_applicable,compatibility/end-to-end,PASS,OK,20,100,60,0.40164299999999997,true,7011a33c6006cb2947464aa99afad26aa2fdc55e50ed6de056bcb07651567047,63a1f61e776ad4eefc455c8a415c77a5bc088b5264f8b76d29c015ad91d3f267
1,20260810T031954Z_47ebe13410d3_stage08_b01_formal_8811001d,formal,20260810T031954Z,47ebe13410d3a97ff7b922a5622a21bff244b00a,true,stage08_b01_general_cosine_scales_v1,98e7d3d2716deaf919d8883f5caa73c3f61a1ce37bffff86a62a6be43aa66f64,operator,general_cosine,NA,NA,general_cosine,general_cosine__general_cosine_int8_10e4__7011a33c6006cb29__periodic,general_cosine_int8_10e4,10^4,10003,window_positions=[10000];coefficients=[3],INT8,GPU,not_applicable,compatibility/end-to-end,PASS,OK,20,100,61,0.40909400000000001,true,7011a33c6006cb2947464aa99afad26aa2fdc55e50ed6de056bcb07651567047,63a1f61e776ad4eefc455c8a415c77a5bc088b5264f8b76d29c015ad91d3f267
1,20260810T031954Z_47ebe13410d3_stage08_b01_formal_8811001d,formal,20260810T031954Z,47ebe13410d3a97ff7b922a5622a21bff244b00a,true,stage08_b01_general_cosine_scales_v1,98e7d3d2716deaf919d8883f5caa73c3f61a1ce37bffff86a62a6be43aa66f64,operator,general_cosine,NA,NA,general_cosine,general_cosine__general_cosine_int8_10e4__7011a33c6006cb29__periodic,general_cosine_int8_10e4,10^4,10003,window_positions=[10000];coefficients=[3],INT8,GPU,not_applicable,compatibility/end-to-end,PASS,OK,20,100,62,0.39793299999999998,true,7011a33c6006cb2947464aa99afad26aa2fdc55e50ed6de056bcb07651567047,63a1f61e776ad4eefc455c8a415c77a5bc088b5264f8b76d29c015ad91d3f267
1,20260810T031954Z_47ebe13410d3_stage08_b01_formal_8811001d,formal,20260810T031954Z,47ebe13410d3a97ff7b922a5622a21bff244b00a,true,stage08_b01_general_cosine_scales_v1,98e7d3d2716deaf919d8883f5caa73c3f61a1ce37bffff86a62a6be43aa66f64,operator,general_cosine,NA,NA,general_cosine,general_cosine__general_cosine_int8_10e4__7011a33c6006cb29__periodic,general_cosine_int8_10e4,10^4,10003,window_positions=[10000];coefficients=[3],INT8,GPU,not_applicable,compatibility/end-to-end,PASS,OK,20,100,63,0.39523399999999997,true,7011a33c6006cb2947464aa99afad26aa2fdc55e50ed6de056bcb07651567047,63a1f61e776ad4eefc455c8a415c77a5bc088b5264f8b76d29c015ad91d3f267
1,20260810T031954Z_47ebe13410d3_stage08_b01_formal_8811001d,formal,20260810T031954Z,47ebe13410d3a97ff7b922a5622a21bff244b00a,true,stage08_b01_general_cosine_scales_v1,98e7d3d2716deaf919d8883f5caa73c3f61a1ce37bffff86a62a6be43aa66f64,operator,general_cosine,NA,NA,general_cosine,general_cosine__general_cosine_int8_10e4__7011a33c6006cb29__periodic,general_cosine_int8_10e4,10^4,10003,window_positions=[10000];coefficients=[3],INT8,GPU,not_applicable,compatibility/end-to-end,PASS,OK,20,100,64,0.39641300000000002,true,7011a33c6006cb2947464aa99afad26aa2fdc55e50ed6de056bcb07651567047,63a1f61e776ad4eefc455c8a415c77a5bc088b5264f8b76d29c015ad91d3f267
1,20260810T031954Z_47ebe13410d3_stage08_b01_formal_8811001d,formal,20260810T031954Z,47ebe13410d3a97ff7b922a5622a21bff244b00a,true,stage08_b01_general_cosine_scales_v1,98e7d3d2716deaf919d8883f5caa73c3f61a1ce37bffff86a62a6be43aa66f64,operator,general_cosine,NA,NA,general_cosine,general_cosine__general_cosine_int8_10e4__7011a33c6006cb29__periodic,general_cosine_int8_10e4,10^4,10003,window_positions=[10000];coefficients=[3],INT8,GPU,not_applicable,compatibility/end-to-end,PASS,OK,20,100,65,0.39154299999999997,true,7011a33c6006cb2947464aa99afad26aa2fdc55e50ed6de056bcb07651567047,63a1f61e776ad4eefc455c8a415c77a5bc088b5264f8b76d29c015ad91d3f267
1,20260810T031954Z_47ebe13410d3_stage08_b01_formal_8811001d,formal,20260810T031954Z,47ebe13410d3a97ff7b922a5622a21bff244b00a,true,stage08_b01_general_cosine_scales_v1,98e7d3d2716deaf919d8883f5caa73c3f61a1ce37bffff86a62a6be43aa66f64,operator,general_cosine,NA,NA,general_cosine,general_cosine__general_cosine_int8_10e4__7011a33c6006cb29__periodic,general_cosine_int8_10e4,10^4,10003,window_positions=[10000];coefficients=[3],INT8,GPU,not_applicable,compatibility/end-to-end,PASS,OK,20,100,66,0.40349400000000002,true,7011a33c6006cb2947464aa99afad26aa2fdc55e50ed6de056bcb07651567047,63a1f61e776ad4eefc455c8a415c77a5bc088b5264f8b76d29c015ad91d3f267
1,20260810T031954Z_47ebe13410d3_stage08_b01_formal_8811001d,formal,20260810T031954Z,47ebe13410d3a97ff7b922a5622a21bff244b00a,true,stage08_b01_general_cosine_scales_v1,98e7d3d2716deaf919d8883f5caa73c3f61a1ce37bffff86a62a6be43aa66f64,operator,general_cosine,NA,NA,general_cosine,general_cosine__general_cosine_int8_10e4__7011a33c6006cb29__periodic,general_cosine_int8_10e4,10^4,10003,window_positions=[10000];coefficients=[3],INT8,GPU,not_applicable,compatibility/end-to-end,PASS,OK,20,100,67,0.396123,true,7011a33c6006cb2947464aa99afad26aa2fdc55e50ed6de056bcb07651567047,63a1f61e776ad4eefc455c8a415c77a5bc088b5264f8b76d29c015ad91d3f267
1,20260810T031954Z_47ebe13410d3_stage08_b01_formal_8811001d,formal,20260810T031954Z,47ebe13410d3a97ff7b922a5622a21bff244b00a,true,stage08_b01_general_cosine_scales_v1,98e7d3d2716deaf919d8883f5caa73c3f61a1ce37bffff86a62a6be43aa66f64,operator,general_cosine,NA,NA,general_cosine,general_cosine__general_cosine_int8_10e4__7011a33c6006cb29__periodic,general_cosine_int8_10e4,10^4,10003,window_positions=[10000];coefficients=[3],INT8,GPU,not_applicable,compatibility/end-to-end,PASS,OK,20,100,68,0.40250399999999997,true,7011a33c6006cb2947464aa99afad26aa2fdc55e50ed6de056bcb07651567047,63a1f61e776ad4eefc455c8a415c77a5bc088b5264f8b76d29c015ad91d3f267
1,20260810T031954Z_47ebe13410d3_stage08_b01_formal_8811001d,formal,20260810T031954Z,47ebe13410d3a97ff7b922a5622a21bff244b00a,true,stage08_b01_general_cosine_scales_v1,98e7d3d2716deaf919d8883f5caa73c3f61a1ce37bffff86a62a6be43aa66f64,operator,general_cosine,NA,NA,general_cosine,general_cosine__general_cosine_int8_10e4__7011a33c6006cb29__periodic,general_cosine_int8_10e4,10^4,10003,window_positions=[10000];coefficients=[3],INT8,GPU,not_applicable,compatibility/end-to-end,PASS,OK,20,100,69,0.399673,true,7011a33c6006cb2947464aa99afad26aa2fdc55e50ed6de056bcb07651567047,63a1f61e776ad4eefc455c8a415c77a5bc088b5264f8b76d29c015ad91d3f267
1,20260810T031954Z_47ebe13410d3_stage08_b01_formal_8811001d,formal,20260810T031954Z,47ebe13410d3a97ff7b922a5622a21bff244b00a,true,stage08_b01_general_cosine_scales_v1,98e7d3d2716deaf919d8883f5caa73c3f61a1ce37bffff86a62a6be43aa66f64,operator,general_cosine,NA,NA,general_cosine,general_cosine__general_cosine_int8_10e4__7011a33c6006cb29__periodic,general_cosine_int8_10e4,10^4,10003,window_positions=[10000];coefficients=[3],INT8,GPU,not_applicable,compatibility/end-to-end,PASS,OK,20,100,70,0.39610299999999998,true,7011a33c6006cb2947464aa99afad26aa2fdc55e50ed6de056bcb07651567047,63a1f61e776ad4eefc455c8a415c77a5bc088b5264f8b76d29c015ad91d3f267
1,20260810T031954Z_47ebe13410d3_stage08_b01_formal_8811001d,formal,20260810T031954Z,47ebe13410d3a97ff7b922a5622a21bff244b00a,true,stage08_b01_general_cosine_scales_v1,98e7d3d2716deaf919d8883f5caa73c3f61a1ce37bffff86a62a6be43aa66f64,operator,general_cosine,NA,NA,general_cosine,general_cosine__general_cosine_int8_10e4__7011a33c6006cb29__periodic,general_cosine_int8_10e4,10^4,10003,window_positions=[10000];coefficients=[3],INT8,GPU,not_applicable,compatibility/end-to-end,PASS,OK,20,100,71,0.39578400000000002,true,7011a33c6006cb2947464aa99afad26aa2fdc55e50ed6de056bcb07651567047,63a1f61e776ad4eefc455c8a415c77a5bc088b5264f8b76d29c015ad91d3f267
1,20260810T031954Z_47ebe13410d3_stage08_b01_formal_8811001d,formal,20260810T031954Z,47ebe13410d3a97ff7b922a5622a21bff244b00a,true,stage08_b01_general_cosine_scales_v1,98e7d3d2716deaf919d8883f5caa73c3f61a1ce37bffff86a62a6be43aa66f64,operator,general_cosine,NA,NA,general_cosine,general_cosine__general_cosine_int8_10e4__7011a33c6006cb29__periodic,general_cosine_int8_10e4,10^4,10003,window_positions=[10000];coefficients=[3],INT8,GPU,not_applicable,compatibility/end-to-end,PASS,OK,20,100,72,0.39250299999999999,true,7011a33c6006cb2947464aa99afad26aa2fdc55e50ed6de056bcb07651567047,63a1f61e776ad4eefc455c8a415c77a5bc088b5264f8b76d29c015ad91d3f267
1,20260810T031954Z_47ebe13410d3_stage08_b01_formal_8811001d,formal,20260810T031954Z,47ebe13410d3a97ff7b922a5622a21bff244b00a,true,stage08_b01_general_cosine_scales_v1,98e7d3d2716deaf919d8883f5caa73c3f61a1ce37bffff86a62a6be43aa66f64,operator,general_cosine,NA,NA,general_cosine,general_cosine__general_cosine_int8_10e4__7011a33c6006cb29__periodic,general_cosine_int8_10e4,10^4,10003,window_positions=[10000];coefficients=[3],INT8,GPU,not_applicable,compatibility/end-to-end,PASS,OK,20,100,73,0.39537299999999997,true,7011a33c6006cb2947464aa99afad26aa2fdc55e50ed6de056bcb07651567047,63a1f61e776ad4eefc455c8a415c77a5bc088b5264f8b76d29c015ad91d3f267
1,20260810T031954Z_47ebe13410d3_stage08_b01_formal_8811001d,formal,20260810T031954Z,47ebe13410d3a97ff7b922a5622a21bff244b00a,true,stage08_b01_general_cosine_scales_v1,98e7d3d2716deaf919d8883f5caa73c3f61a1ce37bffff86a62a6be43aa66f64,operator,general_cosine,NA,NA,general_cosine,general_cosine__general_cosine_int8_10e4__7011a33c6006cb29__periodic,general_cosine_int8_10e4,10^4,10003,window_positions=[10000];coefficients=[3],INT8,GPU,not_applicable,compatibility/end-to-end,PASS,OK,20,100,74,0.39436399999999999,true,7011a33c6006cb2947464aa99afad26aa2fdc55e50ed6de056bcb07651567047,63a1f61e776ad4eefc455c8a415c77a5bc088b5264f8b76d29c015ad91d3f267
1,20260810T031954Z_47ebe13410d3_stage08_b01_formal_8811001d,formal,20260810T031954Z,47ebe13410d3a97ff7b922a5622a21bff244b00a,true,stage08_b01_general_cosine_scales_v1,98e7d3d2716deaf919d8883f5caa73c3f61a1ce37bffff86a62a6be43aa66f64,operator,general_cosine,NA,NA,general_cosine,general_cosine__general_cosine_int8_10e4__7011a33c6006cb29__periodic,general_cosine_int8_10e4,10^4,10003,window_positions=[10000];coefficients=[3],INT8,GPU,not_applicable,compatibility/end-to-end,PASS,OK,20,100,75,0.39077299999999998,true,7011a33c6006cb2947464aa99afad26aa2fdc55e50ed6de056bcb07651567047,63a1f61e776ad4eefc455c8a415c77a5bc088b5264f8b76d29c015ad91d3f267
1,20260810T031954Z_47ebe13410d3_stage08_b01_formal_8811001d,formal,20260810T031954Z,47ebe13410d3a97ff7b922a5622a21bff244b00a,true,stage08_b01_general_cosine_scales_v1,98e7d3d2716deaf919d8883f5caa73c3f61a1ce37bffff86a62a6be43aa66f64,operator,general_cosine,NA,NA,general_cosine,general_cosine__general_cosine_int8_10e4__7011a33c6006cb29__periodic,general_cosine_int8_10e4,10^4,10003,window_positions=[10000];coefficients=[3],INT8,GPU,not_applicable,compatibility/end-to-end,PASS,OK,20,100,76,0.39333299999999999,true,7011a33c6006cb2947464aa99afad26aa2fdc55e50ed6de056bcb07651567047,63a1f61e776ad4eefc455c8a415c77a5bc088b5264f8b76d29c015ad91d3f267
1,20260810T031954Z_47ebe13410d3_stage08_b01_formal_8811001d,formal,20260810T031954Z,47ebe13410d3a97ff7b922a5622a21bff244b00a,true,stage08_b01_general_cosine_scales_v1,98e7d3d2716deaf919d8883f5caa73c3f61a1ce37bffff86a62a6be43aa66f64,operator,general_cosine,NA,NA,general_cosine,general_cosine__general_cosine_int8_10e4__7011a33c6006cb29__periodic,general_cosine_int8_10e4,10^4,10003,window_positions=[10000];coefficients=[3],INT8,GPU,not_applicable,compatibility/end-to-end,PASS,OK,20,100,77,0.39252399999999998,true,7011a33c6006cb2947464aa99afad26aa2fdc55e50ed6de056bcb07651567047,63a1f61e776ad4eefc455c8a415c77a5bc088b5264f8b76d29c015ad91d3f267
1,20260810T031954Z_47ebe13410d3_stage08_b01_formal_8811001d,formal,20260810T031954Z,47ebe13410d3a97ff7b922a5622a21bff244b00a,true,stage08_b01_general_cosine_scales_v1,98e7d3d2716deaf919d8883f5caa73c3f61a1ce37bffff86a62a6be43aa66f64,operator,general_cosine,NA,NA,general_cosine,general_cosine__general_cosine_int8_10e4__7011a33c6006cb29__periodic,general_cosine_int8_10e4,10^4,10003,window_positions=[10000];coefficients=[3],INT8,GPU,not_applicable,compatibility/end-to-end,PASS,OK,20,100,78,0.41331299999999999,true,7011a33c6006cb2947464aa99afad26aa2fdc55e50ed6de056bcb07651567047,63a1f61e776ad4eefc455c8a415c77a5bc088b5264f8b76d29c015ad91d3f267
1,20260810T031954Z_47ebe13410d3_stage08_b01_formal_8811001d,formal,20260810T031954Z,47ebe13410d3a97ff7b922a5622a21bff244b00a,true,stage08_b01_general_cosine_scales_v1,98e7d3d2716deaf919d8883f5caa73c3f61a1ce37bffff86a62a6be43aa66f64,operator,general_cosine,NA,NA,general_cosine,general_cosine__general_cosine_int8_10e4__7011a33c6006cb29__periodic,general_cosine_int8_10e4,10^4,10003,window_positions=[10000];coefficients=[3],INT8,GPU,not_applicable,compatibility/end-to-end,PASS,OK,20,100,79,0.40358300000000003,true,7011a33c6006cb2947464aa99afad26aa2fdc55e50ed6de056bcb07651567047,63a1f61e776ad4eefc455c8a415c77a5bc088b5264f8b76d29c015ad91d3f267
1,20260810T031954Z_47ebe13410d3_stage08_b01_formal_8811001d,formal,20260810T031954Z,47ebe13410d3a97ff7b922a5622a21bff244b00a,true,stage08_b01_general_cosine_scales_v1,98e7d3d2716deaf919d8883f5caa73c3f61a1ce37bffff86a62a6be43aa66f64,operator,general_cosine,NA,NA,general_cosine,general_cosine__general_cosine_int8_10e4__7011a33c6006cb29__periodic,general_cosine_int8_10e4,10^4,10003,window_positions=[10000];coefficients=[3],INT8,GPU,not_applicable,compatibility/end-to-end,PASS,OK,20,100,80,0.39438400000000001,true,7011a33c6006cb2947464aa99afad26aa2fdc55e50ed6de056bcb07651567047,63a1f61e776ad4eefc455c8a415c77a5bc088b5264f8b76d29c015ad91d3f267
1,20260810T031954Z_47ebe13410d3_stage08_b01_formal_8811001d,formal,20260810T031954Z,47ebe13410d3a97ff7b922a5622a21bff244b00a,true,stage08_b01_general_cosine_scales_v1,98e7d3d2716deaf919d8883f5caa73c3f61a1ce37bffff86a62a6be43aa66f64,operator,general_cosine,NA,NA,general_cosine,general_cosine__general_cosine_int8_10e4__7011a33c6006cb29__periodic,general_cosine_int8_10e4,10^4,10003,window_positions=[10000];coefficients=[3],INT8,GPU,not_applicable,compatibility/end-to-end,PASS,OK,20,100,81,0.389963,true,7011a33c6006cb2947464aa99afad26aa2fdc55e50ed6de056bcb07651567047,63a1f61e776ad4eefc455c8a415c77a5bc088b5264f8b76d29c015ad91d3f267
1,20260810T031954Z_47ebe13410d3_stage08_b01_formal_8811001d,formal,20260810T031954Z,47ebe13410d3a97ff7b922a5622a21bff244b00a,true,stage08_b01_general_cosine_scales_v1,98e7d3d2716deaf919d8883f5caa73c3f61a1ce37bffff86a62a6be43aa66f64,operator,general_cosine,NA,NA,general_cosine,general_cosine__general_cosine_int8_10e4__7011a33c6006cb29__periodic,general_cosine_int8_10e4,10^4,10003,window_positions=[10000];coefficients=[3],INT8,GPU,not_applicable,compatibility/end-to-end,PASS,OK,20,100,82,0.38573299999999999,true,7011a33c6006cb2947464aa99afad26aa2fdc55e50ed6de056bcb07651567047,63a1f61e776ad4eefc455c8a415c77a5bc088b5264f8b76d29c015ad91d3f267
1,20260810T031954Z_47ebe13410d3_stage08_b01_formal_8811001d,formal,20260810T031954Z,47ebe13410d3a97ff7b922a5622a21bff244b00a,true,stage08_b01_general_cosine_scales_v1,98e7d3d2716deaf919d8883f5caa73c3f61a1ce37bffff86a62a6be43aa66f64,operator,general_cosine,NA,NA,general_cosine,general_cosine__general_cosine_int8_10e4__7011a33c6006cb29__periodic,general_cosine_int8_10e4,10^4,10003,window_positions=[10000];coefficients=[3],INT8,GPU,not_applicable,compatibility/end-to-end,PASS,OK,20,100,83,0.39078400000000002,true,7011a33c6006cb2947464aa99afad26aa2fdc55e50ed6de056bcb07651567047,63a1f61e776ad4eefc455c8a415c77a5bc088b5264f8b76d29c015ad91d3f267
1,20260810T031954Z_47ebe13410d3_stage08_b01_formal_8811001d,formal,20260810T031954Z,47ebe13410d3a97ff7b922a5622a21bff244b00a,true,stage08_b01_general_cosine_scales_v1,98e7d3d2716deaf919d8883f5caa73c3f61a1ce37bffff86a62a6be43aa66f64,operator,general_cosine,NA,NA,general_cosine,general_cosine__general_cosine_int8_10e4__7011a33c6006cb29__periodic,general_cosine_int8_10e4,10^4,10003,window_positions=[10000];coefficients=[3],INT8,GPU,not_applicable,compatibility/end-to-end,PASS,OK,20,100,84,0.39271299999999998,true,7011a33c6006cb2947464aa99afad26aa2fdc55e50ed6de056bcb07651567047,63a1f61e776ad4eefc455c8a415c77a5bc088b5264f8b76d29c015ad91d3f267
1,20260810T031954Z_47ebe13410d3_stage08_b01_formal_8811001d,formal,20260810T031954Z,47ebe13410d3a97ff7b922a5622a21bff244b00a,true,stage08_b01_general_cosine_scales_v1,98e7d3d2716deaf919d8883f5caa73c3f61a1ce37bffff86a62a6be43aa66f64,operator,general_cosine,NA,NA,general_cosine,general_cosine__general_cosine_int8_10e4__7011a33c6006cb29__periodic,general_cosine_int8_10e4,10^4,10003,window_positions=[10000];coefficients=[3],INT8,GPU,not_applicable,compatibility/end-to-end,PASS,OK,20,100,85,0.39214300000000002,true,7011a33c6006cb2947464aa99afad26aa2fdc55e50ed6de056bcb07651567047,63a1f61e776ad4eefc455c8a415c77a5bc088b5264f8b76d29c015ad91d3f267
1,20260810T031954Z_47ebe13410d3_stage08_b01_formal_8811001d,formal,20260810T031954Z,47ebe13410d3a97ff7b922a5622a21bff244b00a,true,stage08_b01_general_cosine_scales_v1,98e7d3d2716deaf919d8883f5caa73c3f61a1ce37bffff86a62a6be43aa66f64,operator,general_cosine,NA,NA,general_cosine,general_cosine__general_cosine_int8_10e4__7011a33c6006cb29__periodic,general_cosine_int8_10e4,10^4,10003,window_positions=[10000];coefficients=[3],INT8,GPU,not_applicable,compatibility/end-to-end,PASS,OK,20,100,86,0.39027299999999998,true,7011a33c6006cb2947464aa99afad26aa2fdc55e50ed6de056bcb07651567047,63a1f61e776ad4eefc455c8a415c77a5bc088b5264f8b76d29c015ad91d3f267
1,20260810T031954Z_47ebe13410d3_stage08_b01_formal_8811001d,formal,20260810T031954Z,47ebe13410d3a97ff7b922a5622a21bff244b00a,true,stage08_b01_general_cosine_scales_v1,98e7d3d2716deaf919d8883f5caa73c3f61a1ce37bffff86a62a6be43aa66f64,operator,general_cosine,NA,NA,general_cosine,general_cosine__general_cosine_int8_10e4__7011a33c6006cb29__periodic,general_cosine_int8_10e4,10^4,10003,window_positions=[10000];coefficients=[3],INT8,GPU,not_applicable,compatibility/end-to-end,PASS,OK,20,100,87,0.390704,true,7011a33c6006cb2947464aa99afad26aa2fdc55e50ed6de056bcb07651567047,63a1f61e776ad4eefc455c8a415c77a5bc088b5264f8b76d29c015ad91d3f267
1,20260810T031954Z_47ebe13410d3_stage08_b01_formal_8811001d,formal,20260810T031954Z,47ebe13410d3a97ff7b922a5622a21bff244b00a,true,stage08_b01_general_cosine_scales_v1,98e7d3d2716deaf919d8883f5caa73c3f61a1ce37bffff86a62a6be43aa66f64,operator,general_cosine,NA,NA,general_cosine,general_cosine__general_cosine_int8_10e4__7011a33c6006cb29__periodic,general_cosine_int8_10e4,10^4,10003,window_positions=[10000];coefficients=[3],INT8,GPU,not_applicable,compatibility/end-to-end,PASS,OK,20,100,88,0.38843299999999997,true,7011a33c6006cb2947464aa99afad26aa2fdc55e50ed6de056bcb07651567047,63a1f61e776ad4eefc455c8a415c77a5bc088b5264f8b76d29c015ad91d3f267
1,20260810T031954Z_47ebe13410d3_stage08_b01_formal_8811001d,formal,20260810T031954Z,47ebe13410d3a97ff7b922a5622a21bff244b00a,true,stage08_b01_general_cosine_scales_v1,98e7d3d2716deaf919d8883f5caa73c3f61a1ce37bffff86a62a6be43aa66f64,operator,general_cosine,NA,NA,general_cosine,general_cosine__general_cosine_int8_10e4__7011a33c6006cb29__periodic,general_cosine_int8_10e4,10^4,10003,window_positions=[10000];coefficients=[3],INT8,GPU,not_applicable,compatibility/end-to-end,PASS,OK,20,100,89,0.413914,true,7011a33c6006cb2947464aa99afad26aa2fdc55e50ed6de056bcb07651567047,63a1f61e776ad4eefc455c8a415c77a5bc088b5264f8b76d29c015ad91d3f267
1,20260810T031954Z_47ebe13410d3_stage08_b01_formal_8811001d,formal,20260810T031954Z,47ebe13410d3a97ff7b922a5622a21bff244b00a,true,stage08_b01_general_cosine_scales_v1,98e7d3d2716deaf919d8883f5caa73c3f61a1ce37bffff86a62a6be43aa66f64,operator,general_cosine,NA,NA,general_cosine,general_cosine__general_cosine_int8_10e4__7011a33c6006cb29__periodic,general_cosine_int8_10e4,10^4,10003,window_positions=[10000];coefficients=[3],INT8,GPU,not_applicable,compatibility/end-to-end,PASS,OK,20,100,90,0.39632299999999998,true,7011a33c6006cb2947464aa99afad26aa2fdc55e50ed6de056bcb07651567047,63a1f61e776ad4eefc455c8a415c77a5bc088b5264f8b76d29c015ad91d3f267
1,20260810T031954Z_47ebe13410d3_stage08_b01_formal_8811001d,formal,20260810T031954Z,47ebe13410d3a97ff7b922a5622a21bff244b00a,true,stage08_b01_general_cosine_scales_v1,98e7d3d2716deaf919d8883f5caa73c3f61a1ce37bffff86a62a6be43aa66f64,operator,general_cosine,NA,NA,general_cosine,general_cosine__general_cosine_int8_10e4__7011a33c6006cb29__periodic,general_cosine_int8_10e4,10^4,10003,window_positions=[10000];coefficients=[3],INT8,GPU,not_applicable,compatibility/end-to-end,PASS,OK,20,100,91,0.39095299999999999,true,7011a33c6006cb2947464aa99afad26aa2fdc55e50ed6de056bcb07651567047,63a1f61e776ad4eefc455c8a415c77a5bc088b5264f8b76d29c015ad91d3f267
1,20260810T031954Z_47ebe13410d3_stage08_b01_formal_8811001d,formal,20260810T031954Z,47ebe13410d3a97ff7b922a5622a21bff244b00a,true,stage08_b01_general_cosine_scales_v1,98e7d3d2716deaf919d8883f5caa73c3f61a1ce37bffff86a62a6be43aa66f64,operator,general_cosine,NA,NA,general_cosine,general_cosine__general_cosine_int8_10e4__7011a33c6006cb29__periodic,general_cosine_int8_10e4,10^4,10003,window_positions=[10000];coefficients=[3],INT8,GPU,not_applicable,compatibility/end-to-end,PASS,OK,20,100,92,0.39280399999999999,true,7011a33c6006cb2947464aa99afad26aa2fdc55e50ed6de056bcb07651567047,63a1f61e776ad4eefc455c8a415c77a5bc088b5264f8b76d29c015ad91d3f267
1,20260810T031954Z_47ebe13410d3_stage08_b01_formal_8811001d,formal,20260810T031954Z,47ebe13410d3a97ff7b922a5622a21bff244b00a,true,stage08_b01_general_cosine_scales_v1,98e7d3d2716deaf919d8883f5caa73c3f61a1ce37bffff86a62a6be43aa66f64,operator,general_cosine,NA,NA,general_cosine,general_cosine__general_cosine_int8_10e4__7011a33c6006cb29__periodic,general_cosine_int8_10e4,10^4,10003,window_positions=[10000];coefficients=[3],INT8,GPU,not_applicable,compatibility/end-to-end,PASS,OK,20,100,93,0.39282299999999998,true,7011a33c6006cb2947464aa99afad26aa2fdc55e50ed6de056bcb07651567047,63a1f61e776ad4eefc455c8a415c77a5bc088b5264f8b76d29c015ad91d3f267
1,20260810T031954Z_47ebe13410d3_stage08_b01_formal_8811001d,formal,20260810T031954Z,47ebe13410d3a97ff7b922a5622a21bff244b00a,true,stage08_b01_general_cosine_scales_v1,98e7d3d2716deaf919d8883f5caa73c3f61a1ce37bffff86a62a6be43aa66f64,operator,general_cosine,NA,NA,general_cosine,general_cosine__general_cosine_int8_10e4__7011a33c6006cb29__periodic,general_cosine_int8_10e4,10^4,10003,window_positions=[10000];coefficients=[3],INT8,GPU,not_applicable,compatibility/end-to-end,PASS,OK,20,100,94,0.40643400000000002,true,7011a33c6006cb2947464aa99afad26aa2fdc55e50ed6de056bcb07651567047,63a1f61e776ad4eefc455c8a415c77a5bc088b5264f8b76d29c015ad91d3f267
1,20260810T031954Z_47ebe13410d3_stage08_b01_formal_8811001d,formal,20260810T031954Z,47ebe13410d3a97ff7b922a5622a21bff244b00a,true,stage08_b01_general_cosine_scales_v1,98e7d3d2716deaf919d8883f5caa73c3f61a1ce37bffff86a62a6be43aa66f64,operator,general_cosine,NA,NA,general_cosine,general_cosine__general_cosine_int8_10e4__7011a33c6006cb29__periodic,general_cosine_int8_10e4,10^4,10003,window_positions=[10000];coefficients=[3],INT8,GPU,not_applicable,compatibility/end-to-end,PASS,OK,20,100,95,0.39435300000000001,true,7011a33c6006cb2947464aa99afad26aa2fdc55e50ed6de056bcb07651567047,63a1f61e776ad4eefc455c8a415c77a5bc088b5264f8b76d29c015ad91d3f267
1,20260810T031954Z_47ebe13410d3_stage08_b01_formal_8811001d,formal,20260810T031954Z,47ebe13410d3a97ff7b922a5622a21bff244b00a,true,stage08_b01_general_cosine_scales_v1,98e7d3d2716deaf919d8883f5caa73c3f61a1ce37bffff86a62a6be43aa66f64,operator,general_cosine,NA,NA,general_cosine,general_cosine__general_cosine_int8_10e4__7011a33c6006cb29__periodic,general_cosine_int8_10e4,10^4,10003,window_positions=[10000];coefficients=[3],INT8,GPU,not_applicable,compatibility/end-to-end,PASS,OK,20,100,96,0.390843,true,7011a33c6006cb2947464aa99afad26aa2fdc55e50ed6de056bcb07651567047,63a1f61e776ad4eefc455c8a415c77a5bc088b5264f8b76d29c015ad91d3f267
1,20260810T031954Z_47ebe13410d3_stage08_b01_formal_8811001d,formal,20260810T031954Z,47ebe13410d3a97ff7b922a5622a21bff244b00a,true,stage08_b01_general_cosine_scales_v1,98e7d3d2716deaf919d8883f5caa73c3f61a1ce37bffff86a62a6be43aa66f64,operator,general_cosine,NA,NA,general_cosine,general_cosine__general_cosine_int8_10e4__7011a33c6006cb29__periodic,general_cosine_int8_10e4,10^4,10003,window_positions=[10000];coefficients=[3],INT8,GPU,not_applicable,compatibility/end-to-end,PASS,OK,20,100,97,0.38985399999999998,true,7011a33c6006cb2947464aa99afad26aa2fdc55e50ed6de056bcb07651567047,63a1f61e776ad4eefc455c8a415c77a5bc088b5264f8b76d29c015ad91d3f267
1,20260810T031954Z_47ebe13410d3_stage08_b01_formal_8811001d,formal,20260810T031954Z,47ebe13410d3a97ff7b922a5622a21bff244b00a,true,stage08_b01_general_cosine_scales_v1,98e7d3d2716deaf919d8883f5caa73c3f61a1ce37bffff86a62a6be43aa66f64,operator,general_cosine,NA,NA,general_cosine,general_cosine__general_cosine_int8_10e4__7011a33c6006cb29__periodic,general_cosine_int8_10e4,10^4,10003,window_positions=[10000];coefficients=[3],INT8,GPU,not_applicable,compatibility/end-to-end,PASS,OK,20,100,98,0.38966299999999998,true,7011a33c6006cb2947464aa99afad26aa2fdc55e50ed6de056bcb07651567047,63a1f61e776ad4eefc455c8a415c77a5bc088b5264f8b76d29c015ad91d3f267
1,20260810T031954Z_47ebe13410d3_stage08_b01_formal_8811001d,formal,20260810T031954Z,47ebe13410d3a97ff7b922a5622a21bff244b00a,true,stage08_b01_general_cosine_scales_v1,98e7d3d2716deaf919d8883f5caa73c3f61a1ce37bffff86a62a6be43aa66f64,operator,general_cosine,NA,NA,general_cosine,general_cosine__general_cosine_int8_10e4__7011a33c6006cb29__periodic,general_cosine_int8_10e4,10^4,10003,window_positions=[10000];coefficients=[3],INT8,GPU,not_applicable,compatibility/end-to-end,PASS,OK,20,100,99,0.41284300000000002,true,7011a33c6006cb2947464aa99afad26aa2fdc55e50ed6de056bcb07651567047,63a1f61e776ad4eefc455c8a415c77a5bc088b5264f8b76d29c015ad91d3f267
