[stage08-b03-formal] case=0 scale=resample_fp32_10e2 status=starting
STAGE08_RESAMPLE_CASE PASS scale=resample_fp32_10e2 dtype=FP32 backend=fft_thrust measured=100 results=/tmp/ZKX_dev/results/stage08_input_preview_b03_resample_5bf09d215ce4/formal/20260810T074823Z_5bf09d215ce4_stage08_b03_formal_99013001
[stage08] identity and status
+----------+--------------------+--------+------------+-------+--------+----------+--------------------------+--------+------------+
| target   | scale_id           | device | backend    | dtype | warmup | measured | timing_scope             | status | error_code |
+----------+--------------------+--------+------------+-------+--------+----------+--------------------------+--------+------------+
| resample | resample_fp32_10e2 | CPU    | fft_thrust | FP32  | 20     | 100      | compatibility/end-to-end | PASS   | OK         |
| resample | resample_fp32_10e2 | GPU    | fft_thrust | FP32  | 20     | 100      | compatibility/end-to-end | PASS   | OK         |
+----------+--------------------+--------+------------+-------+--------+----------+--------------------------+--------+------------+

[stage08] timing detail
+--------+-------------+----------+---------------------+---------------------+-----------+---------------------+-----------------------+-----------------------+----------------------+
| device | mean_ms     | p50_ms   | p95_ms              | p99_ms              | min_ms    | max_ms              | std_ms                | cv                    | speedup              |
+--------+-------------+----------+---------------------+---------------------+-----------+---------------------+-----------------------+-----------------------+----------------------+
| CPU    | 0.19807395  | 0.196822 | 0.19763999999999998 | 0.20872920000000036 | 0.196491  | 0.28072200000000003 | 0.0085487695341201035 | 0.043159484294224976  | NA                   |
| GPU    | 11.86294636 | 11.84853 | 11.99122195         | 12.1041311          | 11.738609 | 12.154532           | 0.066197127468270056  | 0.0055801590481329676 | 0.016696859615573614 |
+--------+-------------+----------+---------------------+---------------------+-----------+---------------------+-----------------------+-----------------------+----------------------+

[stage08] accuracy detail
+--------------------------------------+------------------------+------------------------+------------------------+------------------------+-------------+----------------+----------------------------------------------------------------------------------------------------------------------+--------+
| accuracy_reference                   | mse                    | rmse                   | relative_l2            | relative_linf          | exact_match | mismatch_count | semantic_check                                                                                                       | status |
+--------------------------------------+------------------------+------------------------+------------------------+------------------------+-------------+----------------+----------------------------------------------------------------------------------------------------------------------+--------+
| cpu_typed_double_direct_dft_resample | 8.4244754070668979e-14 | 2.9024946868283664e-07 | 1.8208735333307322e-07 | 2.9007879047587208e-07 | NA          | NA             | finite_resampled_signal_shape_domain_and_output_dtype_match_cpu:shape=[10, 10];axis=1;num=15;domain=time;finite=true | PASS   |
+--------------------------------------+------------------------+------------------------+------------------------+------------------------+-------------+----------------+----------------------------------------------------------------------------------------------------------------------+--------+

[stage08] resource detail
+--------+------------+--------------+-------------+------------+-------------+
| device | metric     | before_bytes | after_bytes | peak_bytes | delta_bytes |
+--------+------------+--------------+-------------+------------+-------------+
| CPU    | cpu_heap   | 1945952      | 1949200     | 1949200    | 3248        |
| CPU    | rss        | 71487488     | 71487488    | 71487488   | 0           |
| GPU    | cpu_heap   | 1949200      | 1952128     | 1952128    | 2928        |
| GPU    | rss        | 71487488     | 71487488    | 71487488   | 0           |
| GPU    | gpu_memory | 341000192    | 341000192   | 341000192  | 0           |
+--------+------------+--------------+-------------+------------+-------------+

[stage08] input/output identity
+--------+------------------------------------------------------------------+------------------------------------------------------------------+
| device | input_digest                                                     | output_digest                                                    |
+--------+------------------------------------------------------------------+------------------------------------------------------------------+
| CPU    | 7045139dd4540c19df872dfd05ef8f4a78ba4bd84b9bfd42b83cccf0b47ea486 | b4b8a3a1b6fd0efbe51b2b54580b46ac9b3ff582c915b715c41cad0309d83644 |
| GPU    | 7045139dd4540c19df872dfd05ef8f4a78ba4bd84b9bfd42b83cccf0b47ea486 | 0a170b1c384187c9147f5253fb469f680e1d94c7d8bd3857a8ffb776ef4098ed |
+--------+------------------------------------------------------------------+------------------------------------------------------------------+

[stage08] input content
+------------+---------+-------+----------+----------------------------------------------+---------------------------------------------------------+
| input_name | shape   | dtype | elements | generator                                    | values(head4/tail2)                                     |
+------------+---------+-------+----------+----------------------------------------------+---------------------------------------------------------+
| x          | [10x10] | FP32  | 100      | modular_signal(seed=83310001,integral=false) | i=0:2.75;i=1:1.25;i=2:-0.25;i=3:-1.75;i=98:-0.5;i=99:-2 |
+------------+---------+-------+----------+----------------------------------------------+---------------------------------------------------------+

[stage08] case parameters
+------------------------------------------------------------------------------------------------+
| parameters                                                                                     |
+------------------------------------------------------------------------------------------------+
| {"cols":"10","domain":"time","dtype":"FP32","output-count":"15","rows":"10","seed":"83310001"} |
+------------------------------------------------------------------------------------------------+

[stage08] dtype evidence
+-----------------+--------------------+--------------+------------------------------------------------------------------+--------+
| requested_dtype | config_input_dtype | output_dtype | actual_input_digest                                              | status |
+-----------------+--------------------+--------------+------------------------------------------------------------------+--------+
| FP32            | NA                 | FP32         | 7045139dd4540c19df872dfd05ef8f4a78ba4bd84b9bfd42b83cccf0b47ea486 | PASS   |
+-----------------+--------------------+--------------+------------------------------------------------------------------+--------+

[stage08] evidence files
+----------------+-------------------------------------------------------------------------------------------------------------------------------------------------------------------------------------------------------------------------------------------------+
| kind           | path                                                                                                                                                                                                                                            |
+----------------+-------------------------------------------------------------------------------------------------------------------------------------------------------------------------------------------------------------------------------------------------+
| dtype_csv      | /tmp/ZKX_dev/results/stage08_input_preview_b03_resample_5bf09d215ce4/formal/20260810T074823Z_5bf09d215ce4_stage08_b03_formal_99013001/operator_dtype_evidence_resample_fft_thrust_20260810T074823Z_5bf09d215ce4_stage08_b03_formal_99013001.csv |
| memory_csv     | /tmp/ZKX_dev/results/stage08_input_preview_b03_resample_5bf09d215ce4/formal/20260810T074823Z_5bf09d215ce4_stage08_b03_formal_99013001/operator_filtering_resample_memory_trace_fft_thrust.csv                                                   |
| main_csv       | /tmp/ZKX_dev/results/stage08_input_preview_b03_resample_5bf09d215ce4/formal/20260810T074823Z_5bf09d215ce4_stage08_b03_formal_99013001/operator_main_results_resample_fft_thrust_20260810T074823Z_5bf09d215ce4_stage08_b03_formal_99013001.csv   |
| full_log       | /tmp/ZKX_dev/results/stage08_input_preview_b03_resample_5bf09d215ce4/formal/20260810T074823Z_5bf09d215ce4_stage08_b03_formal_99013001/operator_resample_full.log                                                                                |
| report_json    | /tmp/ZKX_dev/results/stage08_input_preview_b03_resample_5bf09d215ce4/formal/20260810T074823Z_5bf09d215ce4_stage08_b03_formal_99013001/operator_resample_report.json                                                                             |
| summary_txt    | /tmp/ZKX_dev/results/stage08_input_preview_b03_resample_5bf09d215ce4/formal/20260810T074823Z_5bf09d215ce4_stage08_b03_formal_99013001/operator_resample_summary.txt                                                                             |
| timing_csv     | /tmp/ZKX_dev/results/stage08_input_preview_b03_resample_5bf09d215ce4/formal/20260810T074823Z_5bf09d215ce4_stage08_b03_formal_99013001/operator_timing_samples_resample_fft_thrust_20260810T074823Z_5bf09d215ce4_stage08_b03_formal_99013001.csv |
| probe_raw_json | /tmp/ZKX_dev/results/stage08_input_preview_b03_resample_5bf09d215ce4/formal/20260810T074823Z_5bf09d215ce4_stage08_b03_formal_99013001/resample_probe_raw.json                                                                                   |
+----------------+-------------------------------------------------------------------------------------------------------------------------------------------------------------------------------------------------------------------------------------------------+
[stage08-b03-formal] case=0 scale=resample_fp32_10e2 status=completed
[stage08-b03-formal] case=1 scale=resample_fp32_10e3 status=starting
STAGE08_RESAMPLE_CASE PASS scale=resample_fp32_10e3 dtype=FP32 backend=fft_thrust measured=100 results=/tmp/ZKX_dev/results/stage08_input_preview_b03_resample_5bf09d215ce4/formal/20260810T074824Z_5bf09d215ce4_stage08_b03_formal_99013002
[stage08] identity and status
+----------+--------------------+--------+------------+-------+--------+----------+--------------------------+--------+------------+
| target   | scale_id           | device | backend    | dtype | warmup | measured | timing_scope             | status | error_code |
+----------+--------------------+--------+------------+-------+--------+----------+--------------------------+--------+------------+
| resample | resample_fp32_10e3 | CPU    | fft_thrust | FP32  | 20     | 100      | compatibility/end-to-end | PASS   | OK         |
| resample | resample_fp32_10e3 | GPU    | fft_thrust | FP32  | 20     | 100      | compatibility/end-to-end | PASS   | OK         |
+----------+--------------------+--------+------------+-------+--------+----------+--------------------------+--------+------------+

[stage08] timing detail
+--------+--------------------+--------------------+--------------------+--------------------+--------------------+--------------------+-----------------------+-----------------------+---------------------+
| device | mean_ms            | p50_ms             | p95_ms             | p99_ms             | min_ms             | max_ms             | std_ms                | cv                    | speedup             |
+--------+--------------------+--------------------+--------------------+--------------------+--------------------+--------------------+-----------------------+-----------------------+---------------------+
| CPU    | 3.0714558799999998 | 3.0725635000000002 | 3.0794234500000002 | 3.0817393100000001 | 3.0617489999999998 | 3.0838489999999998 | 0.0049511767778579975 | 0.0016119967114285874 | NA                  |
| GPU    | 21.805932079999998 | 20.9769805         | 29.360507000000002 | 29.548167620000001 | 20.844974000000001 | 29.761277          | 2.4985287726183851    | 0.11458023272988134   | 0.14085414320890613 |
+--------+--------------------+--------------------+--------------------+--------------------+--------------------+--------------------+-----------------------+-----------------------+---------------------+

[stage08] accuracy detail
+--------------------------------------+------------------------+------------------------+------------------------+------------------------+-------------+----------------+----------------------------------------------------------------------------------------------------------------------+--------+
| accuracy_reference                   | mse                    | rmse                   | relative_l2            | relative_linf          | exact_match | mismatch_count | semantic_check                                                                                                       | status |
+--------------------------------------+------------------------+------------------------+------------------------+------------------------+-------------+----------------+----------------------------------------------------------------------------------------------------------------------+--------+
| cpu_typed_double_direct_dft_resample | 5.8027656965499748e-14 | 2.4088930438170089e-07 | 1.6116989642174403e-07 | 3.1183253220957203e-07 | NA          | NA             | finite_resampled_signal_shape_domain_and_output_dtype_match_cpu:shape=[32, 32];axis=1;num=24;domain=time;finite=true | PASS   |
+--------------------------------------+------------------------+------------------------+------------------------+------------------------+-------------+----------------+----------------------------------------------------------------------------------------------------------------------+--------+

[stage08] resource detail
+--------+------------+--------------+-------------+------------+-------------+
| device | metric     | before_bytes | after_bytes | peak_bytes | delta_bytes |
+--------+------------+--------------+-------------+------------+-------------+
| CPU    | cpu_heap   | 2022688      | 2030688     | 2032656    | 8000        |
| CPU    | rss        | 71282688     | 71282688    | 71282688   | 0           |
| GPU    | cpu_heap   | 2030688      | 2032832     | 2032832    | 2144        |
| GPU    | rss        | 71282688     | 71282688    | 71282688   | 0           |
| GPU    | gpu_memory | 357777408    | 357777408   | 357777408  | 0           |
+--------+------------+--------------+-------------+------------+-------------+

[stage08] input/output identity
+--------+------------------------------------------------------------------+------------------------------------------------------------------+
| device | input_digest                                                     | output_digest                                                    |
+--------+------------------------------------------------------------------+------------------------------------------------------------------+
| CPU    | ec3ac263d453ce8fe4e6e158363ed9cb286857cd644590bc6579942f6d10483d | 7727fbb61f79ac59b4ff3b7b6b8cba812ef7d91bfa4a74527d186e6b326c25d8 |
| GPU    | ec3ac263d453ce8fe4e6e158363ed9cb286857cd644590bc6579942f6d10483d | 9cce4ccc39bd3df7a0ef6f5227224467f1c727fe9adf9f50764e48651e795319 |
+--------+------------------------------------------------------------------+------------------------------------------------------------------+

[stage08] input content
+------------+---------+-------+----------+----------------------------------------------+--------------------------------------------------------+
| input_name | shape   | dtype | elements | generator                                    | values(head4/tail2)                                    |
+------------+---------+-------+----------+----------------------------------------------+--------------------------------------------------------+
| x          | [32x32] | FP32  | 1024     | modular_signal(seed=83310002,integral=false) | i=0:-2.75;i=1:1.5;i=2:0;i=3:-1.5;i=1022:-0.5;i=1023:-2 |
+------------+---------+-------+----------+----------------------------------------------+--------------------------------------------------------+

[stage08] case parameters
+------------------------------------------------------------------------------------------------+
| parameters                                                                                     |
+------------------------------------------------------------------------------------------------+
| {"cols":"32","domain":"time","dtype":"FP32","output-count":"24","rows":"32","seed":"83310002"} |
+------------------------------------------------------------------------------------------------+

[stage08] dtype evidence
+-----------------+--------------------+--------------+------------------------------------------------------------------+--------+
| requested_dtype | config_input_dtype | output_dtype | actual_input_digest                                              | status |
+-----------------+--------------------+--------------+------------------------------------------------------------------+--------+
| FP32            | NA                 | FP32         | ec3ac263d453ce8fe4e6e158363ed9cb286857cd644590bc6579942f6d10483d | PASS   |
+-----------------+--------------------+--------------+------------------------------------------------------------------+--------+

[stage08] evidence files
+----------------+-------------------------------------------------------------------------------------------------------------------------------------------------------------------------------------------------------------------------------------------------+
| kind           | path                                                                                                                                                                                                                                            |
+----------------+-------------------------------------------------------------------------------------------------------------------------------------------------------------------------------------------------------------------------------------------------+
| dtype_csv      | /tmp/ZKX_dev/results/stage08_input_preview_b03_resample_5bf09d215ce4/formal/20260810T074824Z_5bf09d215ce4_stage08_b03_formal_99013002/operator_dtype_evidence_resample_fft_thrust_20260810T074824Z_5bf09d215ce4_stage08_b03_formal_99013002.csv |
| memory_csv     | /tmp/ZKX_dev/results/stage08_input_preview_b03_resample_5bf09d215ce4/formal/20260810T074824Z_5bf09d215ce4_stage08_b03_formal_99013002/operator_filtering_resample_memory_trace_fft_thrust.csv                                                   |
| main_csv       | /tmp/ZKX_dev/results/stage08_input_preview_b03_resample_5bf09d215ce4/formal/20260810T074824Z_5bf09d215ce4_stage08_b03_formal_99013002/operator_main_results_resample_fft_thrust_20260810T074824Z_5bf09d215ce4_stage08_b03_formal_99013002.csv   |
| full_log       | /tmp/ZKX_dev/results/stage08_input_preview_b03_resample_5bf09d215ce4/formal/20260810T074824Z_5bf09d215ce4_stage08_b03_formal_99013002/operator_resample_full.log                                                                                |
| report_json    | /tmp/ZKX_dev/results/stage08_input_preview_b03_resample_5bf09d215ce4/formal/20260810T074824Z_5bf09d215ce4_stage08_b03_formal_99013002/operator_resample_report.json                                                                             |
| summary_txt    | /tmp/ZKX_dev/results/stage08_input_preview_b03_resample_5bf09d215ce4/formal/20260810T074824Z_5bf09d215ce4_stage08_b03_formal_99013002/operator_resample_summary.txt                                                                             |
| timing_csv     | /tmp/ZKX_dev/results/stage08_input_preview_b03_resample_5bf09d215ce4/formal/20260810T074824Z_5bf09d215ce4_stage08_b03_formal_99013002/operator_timing_samples_resample_fft_thrust_20260810T074824Z_5bf09d215ce4_stage08_b03_formal_99013002.csv |
| probe_raw_json | /tmp/ZKX_dev/results/stage08_input_preview_b03_resample_5bf09d215ce4/formal/20260810T074824Z_5bf09d215ce4_stage08_b03_formal_99013002/resample_probe_raw.json                                                                                   |
+----------------+-------------------------------------------------------------------------------------------------------------------------------------------------------------------------------------------------------------------------------------------------+
[stage08-b03-formal] case=1 scale=resample_fp32_10e3 status=completed
[stage08-b03-formal] case=2 scale=resample_fp32_10e4 status=starting
STAGE08_RESAMPLE_CASE PASS scale=resample_fp32_10e4 dtype=FP32 backend=fft_thrust measured=100 results=/tmp/ZKX_dev/results/stage08_input_preview_b03_resample_5bf09d215ce4/formal/20260810T074828Z_5bf09d215ce4_stage08_b03_formal_99013003
[stage08] identity and status
+----------+--------------------+--------+------------+-------+--------+----------+--------------------------+--------+------------+
| target   | scale_id           | device | backend    | dtype | warmup | measured | timing_scope             | status | error_code |
+----------+--------------------+--------+------------+-------+--------+----------+--------------------------+--------+------------+
| resample | resample_fp32_10e4 | CPU    | fft_thrust | FP32  | 20     | 100      | compatibility/end-to-end | PASS   | OK         |
| resample | resample_fp32_10e4 | GPU    | fft_thrust | FP32  | 20     | 100      | compatibility/end-to-end | PASS   | OK         |
+----------+--------------------+--------+------------+-------+--------+----------+--------------------------+--------+------------+

[stage08] timing detail
+--------+--------------------+--------------------+--------------------+--------------------+--------------------+--------------------+----------------------+-----------------------+---------------------+
| device | mean_ms            | p50_ms             | p95_ms             | p99_ms             | min_ms             | max_ms             | std_ms               | cv                    | speedup             |
+--------+--------------------+--------------------+--------------------+--------------------+--------------------+--------------------+----------------------+-----------------------+---------------------+
| CPU    | 41.907642509999995 | 41.897800000000004 | 41.95416805        | 42.069502919999998 | 41.865540000000003 | 42.179583000000001 | 0.044796770708053178 | 0.0010689403656472393 | NA                  |
| GPU    | 77.490633989999992 | 77.483026499999994 | 77.726750549999991 | 77.785377220000001 | 77.203479000000002 | 78.025276000000005 | 0.14668407478090428  | 0.0018929265025736345 | 0.54080913204824332 |
+--------+--------------------+--------------------+--------------------+--------------------+--------------------+--------------------+----------------------+-----------------------+---------------------+

[stage08] accuracy detail
+--------------------------------------+------------------------+------------------------+------------------------+------------------------+-------------+----------------+-----------------------------------------------------------------------------------------------------------------------------+--------+
| accuracy_reference                   | mse                    | rmse                   | relative_l2            | relative_linf          | exact_match | mismatch_count | semantic_check                                                                                                              | status |
+--------------------------------------+------------------------+------------------------+------------------------+------------------------+-------------+----------------+-----------------------------------------------------------------------------------------------------------------------------+--------+
| cpu_typed_double_direct_dft_resample | 5.5977716668242753e-16 | 2.3659610450775125e-08 | 2.2130125684222551e-07 | 1.7603679732381819e-07 | NA          | NA             | finite_resampled_signal_shape_domain_and_output_dtype_match_cpu:shape=[100, 100];axis=1;num=80;domain=frequency;finite=true | PASS   |
+--------------------------------------+------------------------+------------------------+------------------------+------------------------+-------------+----------------+-----------------------------------------------------------------------------------------------------------------------------+--------+

[stage08] resource detail
+--------+------------+--------------+-------------+------------+-------------+
| device | metric     | before_bytes | after_bytes | peak_bytes | delta_bytes |
+--------+------------+--------------+-------------+------------+-------------+
| CPU    | cpu_heap   | 2031456      | 2074256     | 2105152    | 42800       |
| CPU    | rss        | 71561216     | 71626752    | 71626752   | 65536       |
| GPU    | cpu_heap   | 2074256      | 2077552     | 2077552    | 3296        |
| GPU    | rss        | 71626752     | 71626752    | 71626752   | 0           |
| GPU    | gpu_memory | 341000192    | 341000192   | 341000192  | 0           |
+--------+------------+--------------+-------------+------------+-------------+

[stage08] input/output identity
+--------+------------------------------------------------------------------+------------------------------------------------------------------+
| device | input_digest                                                     | output_digest                                                    |
+--------+------------------------------------------------------------------+------------------------------------------------------------------+
| CPU    | ce174710619f4e997b8007e562ff0287979739f731efbebdf6cb078ec141d132 | f9927224eabd9d458ae72347efa79d58b96dc31fcc2568617a3e35575987eff3 |
| GPU    | ce174710619f4e997b8007e562ff0287979739f731efbebdf6cb078ec141d132 | c4e3ca37a670772f0d6488fa932c50bc7a633caf185e2e343d2b87c1ec284a90 |
+--------+------------------------------------------------------------------+------------------------------------------------------------------+

[stage08] input content
+------------+-----------+-------+----------+----------------------------------------------+--------------------------------------------------------------+
| input_name | shape     | dtype | elements | generator                                    | values(head4/tail2)                                          |
+------------+-----------+-------+----------+----------------------------------------------+--------------------------------------------------------------+
| x          | [100x100] | FP32  | 10000    | modular_signal(seed=83310003,integral=false) | i=0:-2.5;i=1:1.75;i=2:0.25;i=3:-1.25;i=9998:2.25;i=9999:0.75 |
+------------+-----------+-------+----------+----------------------------------------------+--------------------------------------------------------------+

[stage08] case parameters
+-------------------------------------------------------------------------------------------------------+
| parameters                                                                                            |
+-------------------------------------------------------------------------------------------------------+
| {"cols":"100","domain":"frequency","dtype":"FP32","output-count":"80","rows":"100","seed":"83310003"} |
+-------------------------------------------------------------------------------------------------------+

[stage08] dtype evidence
+-----------------+--------------------+--------------+------------------------------------------------------------------+--------+
| requested_dtype | config_input_dtype | output_dtype | actual_input_digest                                              | status |
+-----------------+--------------------+--------------+------------------------------------------------------------------+--------+
| FP32            | NA                 | FP32         | ce174710619f4e997b8007e562ff0287979739f731efbebdf6cb078ec141d132 | PASS   |
+-----------------+--------------------+--------------+------------------------------------------------------------------+--------+

[stage08] evidence files
+----------------+-------------------------------------------------------------------------------------------------------------------------------------------------------------------------------------------------------------------------------------------------+
| kind           | path                                                                                                                                                                                                                                            |
+----------------+-------------------------------------------------------------------------------------------------------------------------------------------------------------------------------------------------------------------------------------------------+
| dtype_csv      | /tmp/ZKX_dev/results/stage08_input_preview_b03_resample_5bf09d215ce4/formal/20260810T074828Z_5bf09d215ce4_stage08_b03_formal_99013003/operator_dtype_evidence_resample_fft_thrust_20260810T074828Z_5bf09d215ce4_stage08_b03_formal_99013003.csv |
| memory_csv     | /tmp/ZKX_dev/results/stage08_input_preview_b03_resample_5bf09d215ce4/formal/20260810T074828Z_5bf09d215ce4_stage08_b03_formal_99013003/operator_filtering_resample_memory_trace_fft_thrust.csv                                                   |
| main_csv       | /tmp/ZKX_dev/results/stage08_input_preview_b03_resample_5bf09d215ce4/formal/20260810T074828Z_5bf09d215ce4_stage08_b03_formal_99013003/operator_main_results_resample_fft_thrust_20260810T074828Z_5bf09d215ce4_stage08_b03_formal_99013003.csv   |
| full_log       | /tmp/ZKX_dev/results/stage08_input_preview_b03_resample_5bf09d215ce4/formal/20260810T074828Z_5bf09d215ce4_stage08_b03_formal_99013003/operator_resample_full.log                                                                                |
| report_json    | /tmp/ZKX_dev/results/stage08_input_preview_b03_resample_5bf09d215ce4/formal/20260810T074828Z_5bf09d215ce4_stage08_b03_formal_99013003/operator_resample_report.json                                                                             |
| summary_txt    | /tmp/ZKX_dev/results/stage08_input_preview_b03_resample_5bf09d215ce4/formal/20260810T074828Z_5bf09d215ce4_stage08_b03_formal_99013003/operator_resample_summary.txt                                                                             |
| timing_csv     | /tmp/ZKX_dev/results/stage08_input_preview_b03_resample_5bf09d215ce4/formal/20260810T074828Z_5bf09d215ce4_stage08_b03_formal_99013003/operator_timing_samples_resample_fft_thrust_20260810T074828Z_5bf09d215ce4_stage08_b03_formal_99013003.csv |
| probe_raw_json | /tmp/ZKX_dev/results/stage08_input_preview_b03_resample_5bf09d215ce4/formal/20260810T074828Z_5bf09d215ce4_stage08_b03_formal_99013003/resample_probe_raw.json                                                                                   |
+----------------+-------------------------------------------------------------------------------------------------------------------------------------------------------------------------------------------------------------------------------------------------+
[stage08-b03-formal] case=2 scale=resample_fp32_10e4 status=completed
[stage08-b03-formal] case=3 scale=resample_fp16_10e2 status=starting
STAGE08_RESAMPLE_CASE PASS scale=resample_fp16_10e2 dtype=FP16 backend=fft_thrust measured=100 results=/tmp/ZKX_dev/results/stage08_input_preview_b03_resample_5bf09d215ce4/formal/20260810T074842Z_5bf09d215ce4_stage08_b03_formal_99013004
[stage08] identity and status
+----------+--------------------+--------+------------+-------+--------+----------+--------------------------+--------+------------+
| target   | scale_id           | device | backend    | dtype | warmup | measured | timing_scope             | status | error_code |
+----------+--------------------+--------+------------+-------+--------+----------+--------------------------+--------+------------+
| resample | resample_fp16_10e2 | CPU    | fft_thrust | FP16  | 20     | 100      | compatibility/end-to-end | PASS   | OK         |
| resample | resample_fp16_10e2 | GPU    | fft_thrust | FP16  | 20     | 100      | compatibility/end-to-end | PASS   | OK         |
+----------+--------------------+--------+------------+-------+--------+----------+--------------------------+--------+------------+

[stage08] timing detail
+--------+---------------------+-----------+-------------+---------------------+----------+---------------------+-----------------------+-----------------------+----------------------+
| device | mean_ms             | p50_ms    | p95_ms      | p99_ms              | min_ms   | max_ms              | std_ms                | cv                    | speedup              |
+--------+---------------------+-----------+-------------+---------------------+----------+---------------------+-----------------------+-----------------------+----------------------+
| CPU    | 0.21494990000000003 | 0.214477  | 0.22067255  | 0.22404830000000001 | 0.214062 | 0.22467200000000001 | 0.0019955173289149869 | 0.0092836392522861674 | NA                   |
| GPU    | 11.911490049999999  | 11.895341 | 12.06162305 | 12.126149400000001  | 11.76815 | 12.159452999999999  | 0.079526455477202662  | 0.0066764489701439719 | 0.018045592876938184 |
+--------+---------------------+-----------+-------------+---------------------+----------+---------------------+-----------------------+-----------------------+----------------------+

[stage08] accuracy detail
+--------------------------------------+------------------------+-----------------------+------------------------+------------------------+-------------+----------------+----------------------------------------------------------------------------------------------------------------------+--------+
| accuracy_reference                   | mse                    | rmse                  | relative_l2            | relative_linf          | exact_match | mismatch_count | semantic_check                                                                                                       | status |
+--------------------------------------+------------------------+-----------------------+------------------------+------------------------+-------------+----------------+----------------------------------------------------------------------------------------------------------------------+--------+
| cpu_typed_double_direct_dft_resample | 8.5963587479605846e-14 | 2.931954765674359e-07 | 1.8348025503069605e-07 | 2.7789387566361059e-07 | NA          | NA             | finite_resampled_signal_shape_domain_and_output_dtype_match_cpu:shape=[10, 10];axis=1;num=15;domain=time;finite=true | PASS   |
+--------------------------------------+------------------------+-----------------------+------------------------+------------------------+-------------+----------------+----------------------------------------------------------------------------------------------------------------------+--------+

[stage08] resource detail
+--------+------------+--------------+-------------+------------+-------------+
| device | metric     | before_bytes | after_bytes | peak_bytes | delta_bytes |
+--------+------------+--------------+-------------+------------+-------------+
| CPU    | cpu_heap   | 1944624      | 1947968     | 1947968    | 3344        |
| CPU    | rss        | 71684096     | 71684096    | 71684096   | 0           |
| GPU    | cpu_heap   | 1947968      | 1951392     | 1951392    | 3424        |
| GPU    | rss        | 71684096     | 71684096    | 71684096   | 0           |
| GPU    | gpu_memory | 341000192    | 341000192   | 341000192  | 0           |
+--------+------------+--------------+-------------+------------+-------------+

[stage08] input/output identity
+--------+------------------------------------------------------------------+------------------------------------------------------------------+
| device | input_digest                                                     | output_digest                                                    |
+--------+------------------------------------------------------------------+------------------------------------------------------------------+
| CPU    | 1ab2d161a63245d62dd9b8124fe25d066207f0fe85b5d73a32a1fa26a2b8cf78 | 7791ca08dee8c99df252ac109005d17d2248e67da06bb280b6c24cf7ce45213b |
| GPU    | 1ab2d161a63245d62dd9b8124fe25d066207f0fe85b5d73a32a1fa26a2b8cf78 | dc3659deafaa68c4cf11dfad5a00c7637dd01021226e60fa33041aa07a5a3d3b |
+--------+------------------------------------------------------------------+------------------------------------------------------------------+

[stage08] input content
+------------+---------+-------+----------+----------------------------------------------+-----------------------------------------------------+
| input_name | shape   | dtype | elements | generator                                    | values(head4/tail2)                                 |
+------------+---------+-------+----------+----------------------------------------------+-----------------------------------------------------+
| x          | [10x10] | FP16  | 100      | modular_signal(seed=83320001,integral=false) | i=0:1.5;i=1:0;i=2:-1.5;i=3:2.75;i=98:-1.75;i=99:2.5 |
+------------+---------+-------+----------+----------------------------------------------+-----------------------------------------------------+

[stage08] case parameters
+------------------------------------------------------------------------------------------------+
| parameters                                                                                     |
+------------------------------------------------------------------------------------------------+
| {"cols":"10","domain":"time","dtype":"FP16","output-count":"15","rows":"10","seed":"83320001"} |
+------------------------------------------------------------------------------------------------+

[stage08] dtype evidence
+-----------------+--------------------+--------------+------------------------------------------------------------------+--------+
| requested_dtype | config_input_dtype | output_dtype | actual_input_digest                                              | status |
+-----------------+--------------------+--------------+------------------------------------------------------------------+--------+
| FP16            | NA                 | FP32         | 1ab2d161a63245d62dd9b8124fe25d066207f0fe85b5d73a32a1fa26a2b8cf78 | PASS   |
+-----------------+--------------------+--------------+------------------------------------------------------------------+--------+

[stage08] evidence files
+----------------+-------------------------------------------------------------------------------------------------------------------------------------------------------------------------------------------------------------------------------------------------+
| kind           | path                                                                                                                                                                                                                                            |
+----------------+-------------------------------------------------------------------------------------------------------------------------------------------------------------------------------------------------------------------------------------------------+
| dtype_csv      | /tmp/ZKX_dev/results/stage08_input_preview_b03_resample_5bf09d215ce4/formal/20260810T074842Z_5bf09d215ce4_stage08_b03_formal_99013004/operator_dtype_evidence_resample_fft_thrust_20260810T074842Z_5bf09d215ce4_stage08_b03_formal_99013004.csv |
| memory_csv     | /tmp/ZKX_dev/results/stage08_input_preview_b03_resample_5bf09d215ce4/formal/20260810T074842Z_5bf09d215ce4_stage08_b03_formal_99013004/operator_filtering_resample_memory_trace_fft_thrust.csv                                                   |
| main_csv       | /tmp/ZKX_dev/results/stage08_input_preview_b03_resample_5bf09d215ce4/formal/20260810T074842Z_5bf09d215ce4_stage08_b03_formal_99013004/operator_main_results_resample_fft_thrust_20260810T074842Z_5bf09d215ce4_stage08_b03_formal_99013004.csv   |
| full_log       | /tmp/ZKX_dev/results/stage08_input_preview_b03_resample_5bf09d215ce4/formal/20260810T074842Z_5bf09d215ce4_stage08_b03_formal_99013004/operator_resample_full.log                                                                                |
| report_json    | /tmp/ZKX_dev/results/stage08_input_preview_b03_resample_5bf09d215ce4/formal/20260810T074842Z_5bf09d215ce4_stage08_b03_formal_99013004/operator_resample_report.json                                                                             |
| summary_txt    | /tmp/ZKX_dev/results/stage08_input_preview_b03_resample_5bf09d215ce4/formal/20260810T074842Z_5bf09d215ce4_stage08_b03_formal_99013004/operator_resample_summary.txt                                                                             |
| timing_csv     | /tmp/ZKX_dev/results/stage08_input_preview_b03_resample_5bf09d215ce4/formal/20260810T074842Z_5bf09d215ce4_stage08_b03_formal_99013004/operator_timing_samples_resample_fft_thrust_20260810T074842Z_5bf09d215ce4_stage08_b03_formal_99013004.csv |
| probe_raw_json | /tmp/ZKX_dev/results/stage08_input_preview_b03_resample_5bf09d215ce4/formal/20260810T074842Z_5bf09d215ce4_stage08_b03_formal_99013004/resample_probe_raw.json                                                                                   |
+----------------+-------------------------------------------------------------------------------------------------------------------------------------------------------------------------------------------------------------------------------------------------+
[stage08-b03-formal] case=3 scale=resample_fp16_10e2 status=completed
[stage08-b03-formal] case=4 scale=resample_fp16_10e3 status=starting
STAGE08_RESAMPLE_CASE PASS scale=resample_fp16_10e3 dtype=FP16 backend=fft_thrust measured=100 results=/tmp/ZKX_dev/results/stage08_input_preview_b03_resample_5bf09d215ce4/formal/20260810T074844Z_5bf09d215ce4_stage08_b03_formal_99013005
[stage08] identity and status
+----------+--------------------+--------+------------+-------+--------+----------+--------------------------+--------+------------+
| target   | scale_id           | device | backend    | dtype | warmup | measured | timing_scope             | status | error_code |
+----------+--------------------+--------+------------+-------+--------+----------+--------------------------+--------+------------+
| resample | resample_fp16_10e3 | CPU    | fft_thrust | FP16  | 20     | 100      | compatibility/end-to-end | PASS   | OK         |
| resample | resample_fp16_10e3 | GPU    | fft_thrust | FP16  | 20     | 100      | compatibility/end-to-end | PASS   | OK         |
+----------+--------------------+--------+------------+-------+--------+----------+--------------------------+--------+------------+

[stage08] timing detail
+--------+--------------------+--------------------+--------------------+--------------------+--------------------+--------------------+--------------------+---------------------+---------------------+
| device | mean_ms            | p50_ms             | p95_ms             | p99_ms             | min_ms             | max_ms             | std_ms             | cv                  | speedup             |
+--------+--------------------+--------------------+--------------------+--------------------+--------------------+--------------------+--------------------+---------------------+---------------------+
| CPU    | 3.7625321400000002 | 3.6456534999999999 | 3.6590600000000002 | 3.932776050000057  | 3.6299929999999998 | 15.01296           | 1.1309535772675996 | 0.30058310073800448 | NA                  |
| GPU    | 25.206148400000004 | 25.542442999999999 | 29.670742050000001 | 33.389321209999999 | 20.821904          | 33.476461999999998 | 4.2851582843754183 | 0.17000448526976925 | 0.14927041134138525 |
+--------+--------------------+--------------------+--------------------+--------------------+--------------------+--------------------+--------------------+---------------------+---------------------+

[stage08] accuracy detail
+--------------------------------------+------------------------+------------------------+------------------------+------------------------+-------------+----------------+----------------------------------------------------------------------------------------------------------------------+--------+
| accuracy_reference                   | mse                    | rmse                   | relative_l2            | relative_linf          | exact_match | mismatch_count | semantic_check                                                                                                       | status |
+--------------------------------------+------------------------+------------------------+------------------------+------------------------+-------------+----------------+----------------------------------------------------------------------------------------------------------------------+--------+
| cpu_typed_double_direct_dft_resample | 5.9834782488467248e-14 | 2.4461149296070951e-07 | 1.6382578295684969e-07 | 3.1183253220957203e-07 | NA          | NA             | finite_resampled_signal_shape_domain_and_output_dtype_match_cpu:shape=[32, 32];axis=1;num=24;domain=time;finite=true | PASS   |
+--------------------------------------+------------------------+------------------------+------------------------+------------------------+-------------+----------------+----------------------------------------------------------------------------------------------------------------------+--------+

[stage08] resource detail
+--------+------------+--------------+-------------+------------+-------------+
| device | metric     | before_bytes | after_bytes | peak_bytes | delta_bytes |
+--------+------------+--------------+-------------+------------+-------------+
| CPU    | cpu_heap   | 2019248      | 2025200     | 2027168    | 5952        |
| CPU    | rss        | 71241728     | 71241728    | 71241728   | 0           |
| GPU    | cpu_heap   | 2025200      | 2028192     | 2028192    | 2992        |
| GPU    | rss        | 71241728     | 71241728    | 71241728   | 0           |
| GPU    | gpu_memory | 357777408    | 357777408   | 357777408  | 0           |
+--------+------------+--------------+-------------+------------+-------------+

[stage08] input/output identity
+--------+------------------------------------------------------------------+------------------------------------------------------------------+
| device | input_digest                                                     | output_digest                                                    |
+--------+------------------------------------------------------------------+------------------------------------------------------------------+
| CPU    | 8845f580c769b80a1e01e2198f5b4a25119140e997bf39fa8f2afcde3d965056 | 0fe0f79b15e5152186dbe033a6646e7caf5c391d3d9497377c86e0b3b6655bc2 |
| GPU    | 8845f580c769b80a1e01e2198f5b4a25119140e997bf39fa8f2afcde3d965056 | a44f9e7814667a7af896dce08f81cc03d73a1f40bae37935a346e9e634163766 |
+--------+------------------------------------------------------------------+------------------------------------------------------------------+

[stage08] input content
+------------+---------+-------+----------+----------------------------------------------+---------------------------------------------------------------+
| input_name | shape   | dtype | elements | generator                                    | values(head4/tail2)                                           |
+------------+---------+-------+----------+----------------------------------------------+---------------------------------------------------------------+
| x          | [32x32] | FP16  | 1024     | modular_signal(seed=83320002,integral=false) | i=0:1.75;i=1:0.25;i=2:-1.25;i=3:-2.75;i=1022:-1.75;i=1023:2.5 |
+------------+---------+-------+----------+----------------------------------------------+---------------------------------------------------------------+

[stage08] case parameters
+------------------------------------------------------------------------------------------------+
| parameters                                                                                     |
+------------------------------------------------------------------------------------------------+
| {"cols":"32","domain":"time","dtype":"FP16","output-count":"24","rows":"32","seed":"83320002"} |
+------------------------------------------------------------------------------------------------+

[stage08] dtype evidence
+-----------------+--------------------+--------------+------------------------------------------------------------------+--------+
| requested_dtype | config_input_dtype | output_dtype | actual_input_digest                                              | status |
+-----------------+--------------------+--------------+------------------------------------------------------------------+--------+
| FP16            | NA                 | FP32         | 8845f580c769b80a1e01e2198f5b4a25119140e997bf39fa8f2afcde3d965056 | PASS   |
+-----------------+--------------------+--------------+------------------------------------------------------------------+--------+

[stage08] evidence files
+----------------+-------------------------------------------------------------------------------------------------------------------------------------------------------------------------------------------------------------------------------------------------+
| kind           | path                                                                                                                                                                                                                                            |
+----------------+-------------------------------------------------------------------------------------------------------------------------------------------------------------------------------------------------------------------------------------------------+
| dtype_csv      | /tmp/ZKX_dev/results/stage08_input_preview_b03_resample_5bf09d215ce4/formal/20260810T074844Z_5bf09d215ce4_stage08_b03_formal_99013005/operator_dtype_evidence_resample_fft_thrust_20260810T074844Z_5bf09d215ce4_stage08_b03_formal_99013005.csv |
| memory_csv     | /tmp/ZKX_dev/results/stage08_input_preview_b03_resample_5bf09d215ce4/formal/20260810T074844Z_5bf09d215ce4_stage08_b03_formal_99013005/operator_filtering_resample_memory_trace_fft_thrust.csv                                                   |
| main_csv       | /tmp/ZKX_dev/results/stage08_input_preview_b03_resample_5bf09d215ce4/formal/20260810T074844Z_5bf09d215ce4_stage08_b03_formal_99013005/operator_main_results_resample_fft_thrust_20260810T074844Z_5bf09d215ce4_stage08_b03_formal_99013005.csv   |
| full_log       | /tmp/ZKX_dev/results/stage08_input_preview_b03_resample_5bf09d215ce4/formal/20260810T074844Z_5bf09d215ce4_stage08_b03_formal_99013005/operator_resample_full.log                                                                                |
| report_json    | /tmp/ZKX_dev/results/stage08_input_preview_b03_resample_5bf09d215ce4/formal/20260810T074844Z_5bf09d215ce4_stage08_b03_formal_99013005/operator_resample_report.json                                                                             |
| summary_txt    | /tmp/ZKX_dev/results/stage08_input_preview_b03_resample_5bf09d215ce4/formal/20260810T074844Z_5bf09d215ce4_stage08_b03_formal_99013005/operator_resample_summary.txt                                                                             |
| timing_csv     | /tmp/ZKX_dev/results/stage08_input_preview_b03_resample_5bf09d215ce4/formal/20260810T074844Z_5bf09d215ce4_stage08_b03_formal_99013005/operator_timing_samples_resample_fft_thrust_20260810T074844Z_5bf09d215ce4_stage08_b03_formal_99013005.csv |
| probe_raw_json | /tmp/ZKX_dev/results/stage08_input_preview_b03_resample_5bf09d215ce4/formal/20260810T074844Z_5bf09d215ce4_stage08_b03_formal_99013005/resample_probe_raw.json                                                                                   |
+----------------+-------------------------------------------------------------------------------------------------------------------------------------------------------------------------------------------------------------------------------------------------+
[stage08-b03-formal] case=4 scale=resample_fp16_10e3 status=completed
[stage08-b03-formal] case=5 scale=resample_fp16_10e4 status=starting
STAGE08_RESAMPLE_CASE PASS scale=resample_fp16_10e4 dtype=FP16 backend=fft_thrust measured=100 results=/tmp/ZKX_dev/results/stage08_input_preview_b03_resample_5bf09d215ce4/formal/20260810T074847Z_5bf09d215ce4_stage08_b03_formal_99013006
[stage08] identity and status
+----------+--------------------+--------+------------+-------+--------+----------+--------------------------+--------+------------+
| target   | scale_id           | device | backend    | dtype | warmup | measured | timing_scope             | status | error_code |
+----------+--------------------+--------+------------+-------+--------+----------+--------------------------+--------+------------+
| resample | resample_fp16_10e4 | CPU    | fft_thrust | FP16  | 20     | 100      | compatibility/end-to-end | PASS   | OK         |
| resample | resample_fp16_10e4 | GPU    | fft_thrust | FP16  | 20     | 100      | compatibility/end-to-end | PASS   | OK         |
+----------+--------------------+--------+------------+-------+--------+----------+--------------------------+--------+------------+

[stage08] timing detail
+--------+--------------------+--------------------+--------------------+--------------------+--------------------+--------------------+----------------------+-----------------------+---------------------+
| device | mean_ms            | p50_ms             | p95_ms             | p99_ms             | min_ms             | max_ms             | std_ms               | cv                    | speedup             |
+--------+--------------------+--------------------+--------------------+--------------------+--------------------+--------------------+----------------------+-----------------------+---------------------+
| CPU    | 42.226882160000002 | 42.212568500000003 | 42.276348000000006 | 42.528123600000001 | 42.169933          | 42.532836000000003 | 0.054084210991142433 | 0.0012808004812245989 | NA                  |
| GPU    | 77.405414059999998 | 77.392751500000003 | 77.675725499999999 | 77.71452961        | 77.113828999999996 | 77.818044999999998 | 0.1484949744245789   | 0.001918405530515922  | 0.54552879372582741 |
+--------+--------------------+--------------------+--------------------+--------------------+--------------------+--------------------+----------------------+-----------------------+---------------------+

[stage08] accuracy detail
+--------------------------------------+------------------------+------------------------+------------------------+------------------------+-------------+----------------+-----------------------------------------------------------------------------------------------------------------------------+--------+
| accuracy_reference                   | mse                    | rmse                   | relative_l2            | relative_linf          | exact_match | mismatch_count | semantic_check                                                                                                              | status |
+--------------------------------------+------------------------+------------------------+------------------------+------------------------+-------------+----------------+-----------------------------------------------------------------------------------------------------------------------------+--------+
| cpu_typed_double_direct_dft_resample | 5.5558572387707376e-16 | 2.3570865997605471e-08 | 2.1786618536645479e-07 | 1.7603679732381819e-07 | NA          | NA             | finite_resampled_signal_shape_domain_and_output_dtype_match_cpu:shape=[100, 100];axis=1;num=80;domain=frequency;finite=true | PASS   |
+--------------------------------------+------------------------+------------------------+------------------------+------------------------+-------------+----------------+-----------------------------------------------------------------------------------------------------------------------------+--------+

[stage08] resource detail
+--------+------------+--------------+-------------+------------+-------------+
| device | metric     | before_bytes | after_bytes | peak_bytes | delta_bytes |
+--------+------------+--------------+-------------+------------+-------------+
| CPU    | cpu_heap   | 2014960      | 2038224     | 2069120    | 23264       |
| CPU    | rss        | 71487488     | 71487488    | 71487488   | 0           |
| GPU    | cpu_heap   | 2038224      | 2041392     | 2041392    | 3168        |
| GPU    | rss        | 71487488     | 71487488    | 71487488   | 0           |
| GPU    | gpu_memory | 341000192    | 341000192   | 341000192  | 0           |
+--------+------------+--------------+-------------+------------+-------------+

[stage08] input/output identity
+--------+------------------------------------------------------------------+------------------------------------------------------------------+
| device | input_digest                                                     | output_digest                                                    |
+--------+------------------------------------------------------------------+------------------------------------------------------------------+
| CPU    | 106fe9054668bfeaac884ce20c4d3efb73858a4e8f310cb799907406b1f6813f | b2b137aa9753a36f0b2b322f7362f560fed80b5bc312fd44caac5e332c6d1ca5 |
| GPU    | 106fe9054668bfeaac884ce20c4d3efb73858a4e8f310cb799907406b1f6813f | f74f8165f3b9e2bd13aa9045f2d1bdbe6a7197b610e526b1fadd57e83e74f174 |
+--------+------------------------------------------------------------------+------------------------------------------------------------------+

[stage08] input content
+------------+-----------+-------+----------+----------------------------------------------+----------------------------------------------------+
| input_name | shape     | dtype | elements | generator                                    | values(head4/tail2)                                |
+------------+-----------+-------+----------+----------------------------------------------+----------------------------------------------------+
| x          | [100x100] | FP16  | 10000    | modular_signal(seed=83320003,integral=false) | i=0:2;i=1:0.5;i=2:-1;i=3:-2.5;i=9998:1;i=9999:-0.5 |
+------------+-----------+-------+----------+----------------------------------------------+----------------------------------------------------+

[stage08] case parameters
+-------------------------------------------------------------------------------------------------------+
| parameters                                                                                            |
+-------------------------------------------------------------------------------------------------------+
| {"cols":"100","domain":"frequency","dtype":"FP16","output-count":"80","rows":"100","seed":"83320003"} |
+-------------------------------------------------------------------------------------------------------+

[stage08] dtype evidence
+-----------------+--------------------+--------------+------------------------------------------------------------------+--------+
| requested_dtype | config_input_dtype | output_dtype | actual_input_digest                                              | status |
+-----------------+--------------------+--------------+------------------------------------------------------------------+--------+
| FP16            | NA                 | FP32         | 106fe9054668bfeaac884ce20c4d3efb73858a4e8f310cb799907406b1f6813f | PASS   |
+-----------------+--------------------+--------------+------------------------------------------------------------------+--------+

[stage08] evidence files
+----------------+-------------------------------------------------------------------------------------------------------------------------------------------------------------------------------------------------------------------------------------------------+
| kind           | path                                                                                                                                                                                                                                            |
+----------------+-------------------------------------------------------------------------------------------------------------------------------------------------------------------------------------------------------------------------------------------------+
| dtype_csv      | /tmp/ZKX_dev/results/stage08_input_preview_b03_resample_5bf09d215ce4/formal/20260810T074847Z_5bf09d215ce4_stage08_b03_formal_99013006/operator_dtype_evidence_resample_fft_thrust_20260810T074847Z_5bf09d215ce4_stage08_b03_formal_99013006.csv |
| memory_csv     | /tmp/ZKX_dev/results/stage08_input_preview_b03_resample_5bf09d215ce4/formal/20260810T074847Z_5bf09d215ce4_stage08_b03_formal_99013006/operator_filtering_resample_memory_trace_fft_thrust.csv                                                   |
| main_csv       | /tmp/ZKX_dev/results/stage08_input_preview_b03_resample_5bf09d215ce4/formal/20260810T074847Z_5bf09d215ce4_stage08_b03_formal_99013006/operator_main_results_resample_fft_thrust_20260810T074847Z_5bf09d215ce4_stage08_b03_formal_99013006.csv   |
| full_log       | /tmp/ZKX_dev/results/stage08_input_preview_b03_resample_5bf09d215ce4/formal/20260810T074847Z_5bf09d215ce4_stage08_b03_formal_99013006/operator_resample_full.log                                                                                |
| report_json    | /tmp/ZKX_dev/results/stage08_input_preview_b03_resample_5bf09d215ce4/formal/20260810T074847Z_5bf09d215ce4_stage08_b03_formal_99013006/operator_resample_report.json                                                                             |
| summary_txt    | /tmp/ZKX_dev/results/stage08_input_preview_b03_resample_5bf09d215ce4/formal/20260810T074847Z_5bf09d215ce4_stage08_b03_formal_99013006/operator_resample_summary.txt                                                                             |
| timing_csv     | /tmp/ZKX_dev/results/stage08_input_preview_b03_resample_5bf09d215ce4/formal/20260810T074847Z_5bf09d215ce4_stage08_b03_formal_99013006/operator_timing_samples_resample_fft_thrust_20260810T074847Z_5bf09d215ce4_stage08_b03_formal_99013006.csv |
| probe_raw_json | /tmp/ZKX_dev/results/stage08_input_preview_b03_resample_5bf09d215ce4/formal/20260810T074847Z_5bf09d215ce4_stage08_b03_formal_99013006/resample_probe_raw.json                                                                                   |
+----------------+-------------------------------------------------------------------------------------------------------------------------------------------------------------------------------------------------------------------------------------------------+
[stage08-b03-formal] case=5 scale=resample_fp16_10e4 status=completed
[stage08-b03-formal] case=6 scale=resample_int32_10e2 status=starting
STAGE08_RESAMPLE_CASE PASS scale=resample_int32_10e2 dtype=INT32 backend=fft_thrust measured=100 results=/tmp/ZKX_dev/results/stage08_input_preview_b03_resample_5bf09d215ce4/formal/20260810T074902Z_5bf09d215ce4_stage08_b03_formal_99013007
[stage08] identity and status
+----------+---------------------+--------+------------+-------+--------+----------+--------------------------+--------+------------+
| target   | scale_id            | device | backend    | dtype | warmup | measured | timing_scope             | status | error_code |
+----------+---------------------+--------+------------+-------+--------+----------+--------------------------+--------+------------+
| resample | resample_int32_10e2 | CPU    | fft_thrust | INT32 | 20     | 100      | compatibility/end-to-end | PASS   | OK         |
| resample | resample_int32_10e2 | GPU    | fft_thrust | INT32 | 20     | 100      | compatibility/end-to-end | PASS   | OK         |
+----------+---------------------+--------+------------+-------+--------+----------+--------------------------+--------+------------+

[stage08] timing detail
+--------+---------------------+---------------------+---------------------+---------------------+----------+---------------------+-----------------------+-----------------------+----------------------+
| device | mean_ms             | p50_ms              | p95_ms              | p99_ms              | min_ms   | max_ms              | std_ms                | cv                    | speedup              |
+--------+---------------------+---------------------+---------------------+---------------------+----------+---------------------+-----------------------+-----------------------+----------------------+
| CPU    | 0.19804835000000001 | 0.19669700000000001 | 0.20055344999999999 | 0.21145040000000034 | 0.196301 | 0.27663199999999999 | 0.0083057885012501973 | 0.041938185807911033  | NA                   |
| GPU    | 11.985933469999999  | 11.9803265          | 12.110964000000001  | 12.1893422          | 11.87847 | 12.249554           | 0.064318760404947883  | 0.0053661870029508753 | 0.016523398072891191 |
+--------+---------------------+---------------------+---------------------+---------------------+----------+---------------------+-----------------------+-----------------------+----------------------+

[stage08] accuracy detail
+--------------------------------------+------------------------+------------------------+------------------------+------------------------+-------------+----------------+----------------------------------------------------------------------------------------------------------------------+--------+
| accuracy_reference                   | mse                    | rmse                   | relative_l2            | relative_linf          | exact_match | mismatch_count | semantic_check                                                                                                       | status |
+--------------------------------------+------------------------+------------------------+------------------------+------------------------+-------------+----------------+----------------------------------------------------------------------------------------------------------------------+--------+
| cpu_typed_double_direct_dft_resample | 1.3268867241389344e-12 | 1.1519056923806456e-06 | 1.7889991407178451e-07 | 2.5204874569730848e-07 | NA          | NA             | finite_resampled_signal_shape_domain_and_output_dtype_match_cpu:shape=[10, 10];axis=1;num=15;domain=time;finite=true | PASS   |
+--------------------------------------+------------------------+------------------------+------------------------+------------------------+-------------+----------------+----------------------------------------------------------------------------------------------------------------------+--------+

[stage08] resource detail
+--------+------------+--------------+-------------+------------+-------------+
| device | metric     | before_bytes | after_bytes | peak_bytes | delta_bytes |
+--------+------------+--------------+-------------+------------+-------------+
| CPU    | cpu_heap   | 1958384      | 1961632     | 1961728    | 3248        |
| CPU    | rss        | 71352320     | 71352320    | 71352320   | 0           |
| GPU    | cpu_heap   | 1961632      | 1966080     | 1966080    | 4448        |
| GPU    | rss        | 71352320     | 71352320    | 71352320   | 0           |
| GPU    | gpu_memory | 341000192    | 341000192   | 341000192  | 0           |
+--------+------------+--------------+-------------+------------+-------------+

[stage08] input/output identity
+--------+------------------------------------------------------------------+------------------------------------------------------------------+
| device | input_digest                                                     | output_digest                                                    |
+--------+------------------------------------------------------------------+------------------------------------------------------------------+
| CPU    | a5ccb7459ef721bbc26cedd58510d14ec39aec9fa720b6b7c797c8b743a33239 | 47b1f0ef786e23347eff58fdfd7226096a018d805410e0dd37c9a51128d8789e |
| GPU    | a5ccb7459ef721bbc26cedd58510d14ec39aec9fa720b6b7c797c8b743a33239 | 2272e52d6a285f57064af60235565f43b5aee78a46ab29d7c564c57125d87d93 |
+--------+------------------------------------------------------------------+------------------------------------------------------------------+

[stage08] input content
+------------+---------+-------+----------+---------------------------------------------+-------------------------------------------+
| input_name | shape   | dtype | elements | generator                                   | values(head4/tail2)                       |
+------------+---------+-------+----------+---------------------------------------------+-------------------------------------------+
| x          | [10x10] | INT32 | 100      | modular_signal(seed=83330001,integral=true) | i=0:1;i=1:-5;i=2:-11;i=3:6;i=98:11;i=99:5 |
+------------+---------+-------+----------+---------------------------------------------+-------------------------------------------+

[stage08] case parameters
+-------------------------------------------------------------------------------------------------+
| parameters                                                                                      |
+-------------------------------------------------------------------------------------------------+
| {"cols":"10","domain":"time","dtype":"INT32","output-count":"15","rows":"10","seed":"83330001"} |
+-------------------------------------------------------------------------------------------------+

[stage08] dtype evidence
+-----------------+--------------------+--------------+------------------------------------------------------------------+--------+
| requested_dtype | config_input_dtype | output_dtype | actual_input_digest                                              | status |
+-----------------+--------------------+--------------+------------------------------------------------------------------+--------+
| INT32           | NA                 | FP64         | a5ccb7459ef721bbc26cedd58510d14ec39aec9fa720b6b7c797c8b743a33239 | PASS   |
+-----------------+--------------------+--------------+------------------------------------------------------------------+--------+

[stage08] evidence files
+----------------+-------------------------------------------------------------------------------------------------------------------------------------------------------------------------------------------------------------------------------------------------+
| kind           | path                                                                                                                                                                                                                                            |
+----------------+-------------------------------------------------------------------------------------------------------------------------------------------------------------------------------------------------------------------------------------------------+
| dtype_csv      | /tmp/ZKX_dev/results/stage08_input_preview_b03_resample_5bf09d215ce4/formal/20260810T074902Z_5bf09d215ce4_stage08_b03_formal_99013007/operator_dtype_evidence_resample_fft_thrust_20260810T074902Z_5bf09d215ce4_stage08_b03_formal_99013007.csv |
| memory_csv     | /tmp/ZKX_dev/results/stage08_input_preview_b03_resample_5bf09d215ce4/formal/20260810T074902Z_5bf09d215ce4_stage08_b03_formal_99013007/operator_filtering_resample_memory_trace_fft_thrust.csv                                                   |
| main_csv       | /tmp/ZKX_dev/results/stage08_input_preview_b03_resample_5bf09d215ce4/formal/20260810T074902Z_5bf09d215ce4_stage08_b03_formal_99013007/operator_main_results_resample_fft_thrust_20260810T074902Z_5bf09d215ce4_stage08_b03_formal_99013007.csv   |
| full_log       | /tmp/ZKX_dev/results/stage08_input_preview_b03_resample_5bf09d215ce4/formal/20260810T074902Z_5bf09d215ce4_stage08_b03_formal_99013007/operator_resample_full.log                                                                                |
| report_json    | /tmp/ZKX_dev/results/stage08_input_preview_b03_resample_5bf09d215ce4/formal/20260810T074902Z_5bf09d215ce4_stage08_b03_formal_99013007/operator_resample_report.json                                                                             |
| summary_txt    | /tmp/ZKX_dev/results/stage08_input_preview_b03_resample_5bf09d215ce4/formal/20260810T074902Z_5bf09d215ce4_stage08_b03_formal_99013007/operator_resample_summary.txt                                                                             |
| timing_csv     | /tmp/ZKX_dev/results/stage08_input_preview_b03_resample_5bf09d215ce4/formal/20260810T074902Z_5bf09d215ce4_stage08_b03_formal_99013007/operator_timing_samples_resample_fft_thrust_20260810T074902Z_5bf09d215ce4_stage08_b03_formal_99013007.csv |
| probe_raw_json | /tmp/ZKX_dev/results/stage08_input_preview_b03_resample_5bf09d215ce4/formal/20260810T074902Z_5bf09d215ce4_stage08_b03_formal_99013007/resample_probe_raw.json                                                                                   |
+----------------+-------------------------------------------------------------------------------------------------------------------------------------------------------------------------------------------------------------------------------------------------+
[stage08-b03-formal] case=6 scale=resample_int32_10e2 status=completed
[stage08-b03-formal] case=7 scale=resample_int32_10e3 status=starting
STAGE08_RESAMPLE_CASE PASS scale=resample_int32_10e3 dtype=INT32 backend=fft_thrust measured=100 results=/tmp/ZKX_dev/results/stage08_input_preview_b03_resample_5bf09d215ce4/formal/20260810T074903Z_5bf09d215ce4_stage08_b03_formal_99013008
[stage08] identity and status
+----------+---------------------+--------+------------+-------+--------+----------+--------------------------+--------+------------+
| target   | scale_id            | device | backend    | dtype | warmup | measured | timing_scope             | status | error_code |
+----------+---------------------+--------+------------+-------+--------+----------+--------------------------+--------+------------+
| resample | resample_int32_10e3 | CPU    | fft_thrust | INT32 | 20     | 100      | compatibility/end-to-end | PASS   | OK         |
| resample | resample_int32_10e3 | GPU    | fft_thrust | INT32 | 20     | 100      | compatibility/end-to-end | PASS   | OK         |
+----------+---------------------+--------+------------+-------+--------+----------+--------------------------+--------+------------+

[stage08] timing detail
+--------+--------------------+--------------------+--------------------+--------------------+--------------------+--------------------+----------------------+-----------------------+---------------------+
| device | mean_ms            | p50_ms             | p95_ms             | p99_ms             | min_ms             | max_ms             | std_ms               | cv                    | speedup             |
+--------+--------------------+--------------------+--------------------+--------------------+--------------------+--------------------+----------------------+-----------------------+---------------------+
| CPU    | 3.0749631699999997 | 3.0742884999999998 | 3.0834565500000002 | 3.0891251000000004 | 3.0624289999999998 | 3.1817989999999998 | 0.011932630813911063 | 0.0038805768245708987 | NA                  |
| GPU    | 21.7443469         | 21.141507499999999 | 28.555998049999999 | 28.7170928         | 21.016586          | 28.796768          | 2.0263755887293819   | 0.093190915231828916  | 0.14141437239487747 |
+--------+--------------------+--------------------+--------------------+--------------------+--------------------+--------------------+----------------------+-----------------------+---------------------+

[stage08] accuracy detail
+--------------------------------------+------------------------+------------------------+------------------------+------------------------+-------------+----------------+----------------------------------------------------------------------------------------------------------------------+--------+
| accuracy_reference                   | mse                    | rmse                   | relative_l2            | relative_linf          | exact_match | mismatch_count | semantic_check                                                                                                       | status |
+--------------------------------------+------------------------+------------------------+------------------------+------------------------+-------------+----------------+----------------------------------------------------------------------------------------------------------------------+--------+
| cpu_typed_double_direct_dft_resample | 9.7342328338873422e-13 | 9.8662215837104228e-07 | 1.6442029153157872e-07 | 3.2120192871228059e-07 | NA          | NA             | finite_resampled_signal_shape_domain_and_output_dtype_match_cpu:shape=[32, 32];axis=1;num=24;domain=time;finite=true | PASS   |
+--------------------------------------+------------------------+------------------------+------------------------+------------------------+-------------+----------------+----------------------------------------------------------------------------------------------------------------------+--------+

[stage08] resource detail
+--------+------------+--------------+-------------+------------+-------------+
| device | metric     | before_bytes | after_bytes | peak_bytes | delta_bytes |
+--------+------------+--------------+-------------+------------+-------------+
| CPU    | cpu_heap   | 2057792      | 2066304     | 2071344    | 8512        |
| CPU    | rss        | 71135232     | 71135232    | 71135232   | 0           |
| GPU    | cpu_heap   | 2066304      | 2068656     | 2068656    | 2352        |
| GPU    | rss        | 71135232     | 71135232    | 71135232   | 0           |
| GPU    | gpu_memory | 357777408    | 357777408   | 357777408  | 0           |
+--------+------------+--------------+-------------+------------+-------------+

[stage08] input/output identity
+--------+------------------------------------------------------------------+------------------------------------------------------------------+
| device | input_digest                                                     | output_digest                                                    |
+--------+------------------------------------------------------------------+------------------------------------------------------------------+
| CPU    | 146ac43aa56a927fc15369a1685697fbbd150e07551061aa8c2a002e37610143 | a325c43c741d992de3f20240343f25790e0c1f68547a17dbaa03cec8173df116 |
| GPU    | 146ac43aa56a927fc15369a1685697fbbd150e07551061aa8c2a002e37610143 | fa2565e341bbc70b4b263012b49b0c8ecb4b4a56cc7ae56865ada8da95cac18e |
+--------+------------------------------------------------------------------+------------------------------------------------------------------+

[stage08] input content
+------------+---------+-------+----------+---------------------------------------------+-----------------------------------------------+
| input_name | shape   | dtype | elements | generator                                   | values(head4/tail2)                           |
+------------+---------+-------+----------+---------------------------------------------+-----------------------------------------------+
| x          | [32x32] | INT32 | 1024     | modular_signal(seed=83330002,integral=true) | i=0:2;i=1:-4;i=2:-10;i=3:7;i=1022:11;i=1023:5 |
+------------+---------+-------+----------+---------------------------------------------+-----------------------------------------------+

[stage08] case parameters
+-------------------------------------------------------------------------------------------------+
| parameters                                                                                      |
+-------------------------------------------------------------------------------------------------+
| {"cols":"32","domain":"time","dtype":"INT32","output-count":"24","rows":"32","seed":"83330002"} |
+-------------------------------------------------------------------------------------------------+

[stage08] dtype evidence
+-----------------+--------------------+--------------+------------------------------------------------------------------+--------+
| requested_dtype | config_input_dtype | output_dtype | actual_input_digest                                              | status |
+-----------------+--------------------+--------------+------------------------------------------------------------------+--------+
| INT32           | NA                 | FP64         | 146ac43aa56a927fc15369a1685697fbbd150e07551061aa8c2a002e37610143 | PASS   |
+-----------------+--------------------+--------------+------------------------------------------------------------------+--------+

[stage08] evidence files
+----------------+-------------------------------------------------------------------------------------------------------------------------------------------------------------------------------------------------------------------------------------------------+
| kind           | path                                                                                                                                                                                                                                            |
+----------------+-------------------------------------------------------------------------------------------------------------------------------------------------------------------------------------------------------------------------------------------------+
| dtype_csv      | /tmp/ZKX_dev/results/stage08_input_preview_b03_resample_5bf09d215ce4/formal/20260810T074903Z_5bf09d215ce4_stage08_b03_formal_99013008/operator_dtype_evidence_resample_fft_thrust_20260810T074903Z_5bf09d215ce4_stage08_b03_formal_99013008.csv |
| memory_csv     | /tmp/ZKX_dev/results/stage08_input_preview_b03_resample_5bf09d215ce4/formal/20260810T074903Z_5bf09d215ce4_stage08_b03_formal_99013008/operator_filtering_resample_memory_trace_fft_thrust.csv                                                   |
| main_csv       | /tmp/ZKX_dev/results/stage08_input_preview_b03_resample_5bf09d215ce4/formal/20260810T074903Z_5bf09d215ce4_stage08_b03_formal_99013008/operator_main_results_resample_fft_thrust_20260810T074903Z_5bf09d215ce4_stage08_b03_formal_99013008.csv   |
| full_log       | /tmp/ZKX_dev/results/stage08_input_preview_b03_resample_5bf09d215ce4/formal/20260810T074903Z_5bf09d215ce4_stage08_b03_formal_99013008/operator_resample_full.log                                                                                |
| report_json    | /tmp/ZKX_dev/results/stage08_input_preview_b03_resample_5bf09d215ce4/formal/20260810T074903Z_5bf09d215ce4_stage08_b03_formal_99013008/operator_resample_report.json                                                                             |
| summary_txt    | /tmp/ZKX_dev/results/stage08_input_preview_b03_resample_5bf09d215ce4/formal/20260810T074903Z_5bf09d215ce4_stage08_b03_formal_99013008/operator_resample_summary.txt                                                                             |
| timing_csv     | /tmp/ZKX_dev/results/stage08_input_preview_b03_resample_5bf09d215ce4/formal/20260810T074903Z_5bf09d215ce4_stage08_b03_formal_99013008/operator_timing_samples_resample_fft_thrust_20260810T074903Z_5bf09d215ce4_stage08_b03_formal_99013008.csv |
| probe_raw_json | /tmp/ZKX_dev/results/stage08_input_preview_b03_resample_5bf09d215ce4/formal/20260810T074903Z_5bf09d215ce4_stage08_b03_formal_99013008/resample_probe_raw.json                                                                                   |
+----------------+-------------------------------------------------------------------------------------------------------------------------------------------------------------------------------------------------------------------------------------------------+
[stage08-b03-formal] case=7 scale=resample_int32_10e3 status=completed
[stage08-b03-formal] case=8 scale=resample_int32_10e4 status=starting
STAGE08_RESAMPLE_CASE PASS scale=resample_int32_10e4 dtype=INT32 backend=fft_thrust measured=100 results=/tmp/ZKX_dev/results/stage08_input_preview_b03_resample_5bf09d215ce4/formal/20260810T074907Z_5bf09d215ce4_stage08_b03_formal_99013009
[stage08] identity and status
+----------+---------------------+--------+------------+-------+--------+----------+--------------------------+--------+------------+
| target   | scale_id            | device | backend    | dtype | warmup | measured | timing_scope             | status | error_code |
+----------+---------------------+--------+------------+-------+--------+----------+--------------------------+--------+------------+
| resample | resample_int32_10e4 | CPU    | fft_thrust | INT32 | 20     | 100      | compatibility/end-to-end | PASS   | OK         |
| resample | resample_int32_10e4 | GPU    | fft_thrust | INT32 | 20     | 100      | compatibility/end-to-end | PASS   | OK         |
+----------+---------------------+--------+------------+-------+--------+----------+--------------------------+--------+------------+

[stage08] timing detail
+--------+--------------------+--------------------+--------------------+--------------------+--------------------+--------------------+----------------------+-----------------------+--------------------+
| device | mean_ms            | p50_ms             | p95_ms             | p99_ms             | min_ms             | max_ms             | std_ms               | cv                    | speedup            |
+--------+--------------------+--------------------+--------------------+--------------------+--------------------+--------------------+----------------------+-----------------------+--------------------+
| CPU    | 41.913146490000003 | 41.902431499999999 | 41.969636000000001 | 42.087168800000001 | 41.845471000000003 | 42.165953000000002 | 0.045457776686172319 | 0.0010845708445443966 | NA                 |
| GPU    | 78.187832889999996 | 77.277171500000009 | 78.907274299999969 | 109.84144093       | 76.066570999999996 | 110.176648         | 5.9608806395446656   | 0.076237956971269963  | 0.5360571452206162 |
+--------+--------------------+--------------------+--------------------+--------------------+--------------------+--------------------+----------------------+-----------------------+--------------------+

[stage08] accuracy detail
+--------------------------------------+-----------------------+-----------------------+------------------------+-----------------------+-------------+----------------+-----------------------------------------------------------------------------------------------------------------------------+--------+
| accuracy_reference                   | mse                   | rmse                  | relative_l2            | relative_linf         | exact_match | mismatch_count | semantic_check                                                                                                              | status |
+--------------------------------------+-----------------------+-----------------------+------------------------+-----------------------+-------------+----------------+-----------------------------------------------------------------------------------------------------------------------------+--------+
| cpu_typed_double_direct_dft_resample | 8.840601088180889e-15 | 9.402447068811868e-08 | 2.1992027747800856e-07 | 1.498643551175143e-07 | NA          | NA             | finite_resampled_signal_shape_domain_and_output_dtype_match_cpu:shape=[100, 100];axis=1;num=80;domain=frequency;finite=true | PASS   |
+--------------------------------------+-----------------------+-----------------------+------------------------+-----------------------+-------------+----------------+-----------------------------------------------------------------------------------------------------------------------------+--------+

[stage08] resource detail
+--------+------------+--------------+-------------+------------+-------------+
| device | metric     | before_bytes | after_bytes | peak_bytes | delta_bytes |
+--------+------------+--------------+-------------+------------+-------------+
| CPU    | cpu_heap   | 2103920      | 2146704     | 2209600    | 42784       |
| CPU    | rss        | 71806976     | 71811072    | 71811072   | 4096        |
| GPU    | cpu_heap   | 2146704      | 2151104     | 2151104    | 4400        |
| GPU    | rss        | 71811072     | 71811072    | 71811072   | 0           |
| GPU    | gpu_memory | 341000192    | 341000192   | 341000192  | 0           |
+--------+------------+--------------+-------------+------------+-------------+

[stage08] input/output identity
+--------+------------------------------------------------------------------+------------------------------------------------------------------+
| device | input_digest                                                     | output_digest                                                    |
+--------+------------------------------------------------------------------+------------------------------------------------------------------+
| CPU    | eeda08451366db28b93bad52a32af5545be474f8cb3159c9e55365a010482ce8 | e18c261a2f294699e079d6c65f4a7eaa93ae3f9cfd788455a3e26323c5ba3d9a |
| GPU    | eeda08451366db28b93bad52a32af5545be474f8cb3159c9e55365a010482ce8 | 11a6be4891520a674d6516c35e4bdaae441e71da2ca945ff6867f71ea8121bbb |
+--------+------------------------------------------------------------------+------------------------------------------------------------------+

[stage08] input content
+------------+-----------+-------+----------+---------------------------------------------+-----------------------------------------------+
| input_name | shape     | dtype | elements | generator                                   | values(head4/tail2)                           |
+------------+-----------+-------+----------+---------------------------------------------+-----------------------------------------------+
| x          | [100x100] | INT32 | 10000    | modular_signal(seed=83330003,integral=true) | i=0:3;i=1:-3;i=2:-9;i=3:8;i=9998:-1;i=9999:-7 |
+------------+-----------+-------+----------+---------------------------------------------+-----------------------------------------------+

[stage08] case parameters
+--------------------------------------------------------------------------------------------------------+
| parameters                                                                                             |
+--------------------------------------------------------------------------------------------------------+
| {"cols":"100","domain":"frequency","dtype":"INT32","output-count":"80","rows":"100","seed":"83330003"} |
+--------------------------------------------------------------------------------------------------------+

[stage08] dtype evidence
+-----------------+--------------------+--------------+------------------------------------------------------------------+--------+
| requested_dtype | config_input_dtype | output_dtype | actual_input_digest                                              | status |
+-----------------+--------------------+--------------+------------------------------------------------------------------+--------+
| INT32           | NA                 | FP64         | eeda08451366db28b93bad52a32af5545be474f8cb3159c9e55365a010482ce8 | PASS   |
+-----------------+--------------------+--------------+------------------------------------------------------------------+--------+

[stage08] evidence files
+----------------+-------------------------------------------------------------------------------------------------------------------------------------------------------------------------------------------------------------------------------------------------+
| kind           | path                                                                                                                                                                                                                                            |
+----------------+-------------------------------------------------------------------------------------------------------------------------------------------------------------------------------------------------------------------------------------------------+
| dtype_csv      | /tmp/ZKX_dev/results/stage08_input_preview_b03_resample_5bf09d215ce4/formal/20260810T074907Z_5bf09d215ce4_stage08_b03_formal_99013009/operator_dtype_evidence_resample_fft_thrust_20260810T074907Z_5bf09d215ce4_stage08_b03_formal_99013009.csv |
| memory_csv     | /tmp/ZKX_dev/results/stage08_input_preview_b03_resample_5bf09d215ce4/formal/20260810T074907Z_5bf09d215ce4_stage08_b03_formal_99013009/operator_filtering_resample_memory_trace_fft_thrust.csv                                                   |
| main_csv       | /tmp/ZKX_dev/results/stage08_input_preview_b03_resample_5bf09d215ce4/formal/20260810T074907Z_5bf09d215ce4_stage08_b03_formal_99013009/operator_main_results_resample_fft_thrust_20260810T074907Z_5bf09d215ce4_stage08_b03_formal_99013009.csv   |
| full_log       | /tmp/ZKX_dev/results/stage08_input_preview_b03_resample_5bf09d215ce4/formal/20260810T074907Z_5bf09d215ce4_stage08_b03_formal_99013009/operator_resample_full.log                                                                                |
| report_json    | /tmp/ZKX_dev/results/stage08_input_preview_b03_resample_5bf09d215ce4/formal/20260810T074907Z_5bf09d215ce4_stage08_b03_formal_99013009/operator_resample_report.json                                                                             |
| summary_txt    | /tmp/ZKX_dev/results/stage08_input_preview_b03_resample_5bf09d215ce4/formal/20260810T074907Z_5bf09d215ce4_stage08_b03_formal_99013009/operator_resample_summary.txt                                                                             |
| timing_csv     | /tmp/ZKX_dev/results/stage08_input_preview_b03_resample_5bf09d215ce4/formal/20260810T074907Z_5bf09d215ce4_stage08_b03_formal_99013009/operator_timing_samples_resample_fft_thrust_20260810T074907Z_5bf09d215ce4_stage08_b03_formal_99013009.csv |
| probe_raw_json | /tmp/ZKX_dev/results/stage08_input_preview_b03_resample_5bf09d215ce4/formal/20260810T074907Z_5bf09d215ce4_stage08_b03_formal_99013009/resample_probe_raw.json                                                                                   |
+----------------+-------------------------------------------------------------------------------------------------------------------------------------------------------------------------------------------------------------------------------------------------+
[stage08-b03-formal] case=8 scale=resample_int32_10e4 status=completed
[stage08-b03-formal] case=9 scale=resample_int16_10e2 status=starting
STAGE08_RESAMPLE_CASE PASS scale=resample_int16_10e2 dtype=INT16 backend=fft_thrust measured=100 results=/tmp/ZKX_dev/results/stage08_input_preview_b03_resample_5bf09d215ce4/formal/20260810T074921Z_5bf09d215ce4_stage08_b03_formal_9901300a
[stage08] identity and status
+----------+---------------------+--------+------------+-------+--------+----------+--------------------------+--------+------------+
| target   | scale_id            | device | backend    | dtype | warmup | measured | timing_scope             | status | error_code |
+----------+---------------------+--------+------------+-------+--------+----------+--------------------------+--------+------------+
| resample | resample_int16_10e2 | CPU    | fft_thrust | INT16 | 20     | 100      | compatibility/end-to-end | PASS   | OK         |
| resample | resample_int16_10e2 | GPU    | fft_thrust | INT16 | 20     | 100      | compatibility/end-to-end | PASS   | OK         |
+----------+---------------------+--------+------------+-------+--------+----------+--------------------------+--------+------------+

[stage08] timing detail
+--------+---------------------+---------------------+--------------------+---------------------+---------------------+---------------------+-----------------------+----------------------+----------------------+
| device | mean_ms             | p50_ms              | p95_ms             | p99_ms              | min_ms              | max_ms              | std_ms                | cv                   | speedup              |
+--------+---------------------+---------------------+--------------------+---------------------+---------------------+---------------------+-----------------------+----------------------+----------------------+
| CPU    | 0.19752393999999998 | 0.19687650000000001 | 0.1978635          | 0.20948290000000003 | 0.19651199999999999 | 0.21551200000000001 | 0.0028836910369177912 | 0.014599197631020277 | NA                   |
| GPU    | 12.347471860000001  | 11.9435365          | 16.287569550000001 | 18.473783520000001  | 11.849741           | 18.615504000000001  | 1.4492637547531231    | 0.11737331910413627  | 0.015997116028252278 |
+--------+---------------------+---------------------+--------------------+---------------------+---------------------+---------------------+-----------------------+----------------------+----------------------+

[stage08] accuracy detail
+--------------------------------------+------------------------+------------------------+------------------------+------------------------+-------------+----------------+----------------------------------------------------------------------------------------------------------------------+--------+
| accuracy_reference                   | mse                    | rmse                   | relative_l2            | relative_linf          | exact_match | mismatch_count | semantic_check                                                                                                       | status |
+--------------------------------------+------------------------+------------------------+------------------------+------------------------+-------------+----------------+----------------------------------------------------------------------------------------------------------------------+--------+
| cpu_typed_double_direct_dft_resample | 1.2037012853224904e-12 | 1.0971332122046485e-06 | 1.7163040935061096e-07 | 2.5204874569730848e-07 | NA          | NA             | finite_resampled_signal_shape_domain_and_output_dtype_match_cpu:shape=[10, 10];axis=1;num=15;domain=time;finite=true | PASS   |
+--------------------------------------+------------------------+------------------------+------------------------+------------------------+-------------+----------------+----------------------------------------------------------------------------------------------------------------------+--------+

[stage08] resource detail
+--------+------------+--------------+-------------+------------+-------------+
| device | metric     | before_bytes | after_bytes | peak_bytes | delta_bytes |
+--------+------------+--------------+-------------+------------+-------------+
| CPU    | cpu_heap   | 1956512      | 1960752     | 1960848    | 4240        |
| CPU    | rss        | 71585792     | 71585792    | 71585792   | 0           |
| GPU    | cpu_heap   | 1960752      | 1963168     | 1963168    | 2416        |
| GPU    | rss        | 71585792     | 71585792    | 71585792   | 0           |
| GPU    | gpu_memory | 341000192    | 341000192   | 341000192  | 0           |
+--------+------------+--------------+-------------+------------+-------------+

[stage08] input/output identity
+--------+------------------------------------------------------------------+------------------------------------------------------------------+
| device | input_digest                                                     | output_digest                                                    |
+--------+------------------------------------------------------------------+------------------------------------------------------------------+
| CPU    | f8633ac1bdd4a2e94e9c5998cef58f8038a51c8457a2f2132f49994491e3094e | ec96a0837cdefa53c26e440ce65b9f6e68ea66bcb34d640558af7a9ee2fd885e |
| GPU    | f8633ac1bdd4a2e94e9c5998cef58f8038a51c8457a2f2132f49994491e3094e | c6c63838bdb8932d6e0739c4f64fddd4d93b834e6965fb346f40054d0ccec51f |
+--------+------------------------------------------------------------------+------------------------------------------------------------------+

[stage08] input content
+------------+---------+-------+----------+---------------------------------------------+------------------------------------------+
| input_name | shape   | dtype | elements | generator                                   | values(head4/tail2)                      |
+------------+---------+-------+----------+---------------------------------------------+------------------------------------------+
| x          | [10x10] | INT16 | 100      | modular_signal(seed=83340001,integral=true) | i=0:-4;i=1:-10;i=2:7;i=3:1;i=98:6;i=99:0 |
+------------+---------+-------+----------+---------------------------------------------+------------------------------------------+

[stage08] case parameters
+-------------------------------------------------------------------------------------------------+
| parameters                                                                                      |
+-------------------------------------------------------------------------------------------------+
| {"cols":"10","domain":"time","dtype":"INT16","output-count":"15","rows":"10","seed":"83340001"} |
+-------------------------------------------------------------------------------------------------+

[stage08] dtype evidence
+-----------------+--------------------+--------------+------------------------------------------------------------------+--------+
| requested_dtype | config_input_dtype | output_dtype | actual_input_digest                                              | status |
+-----------------+--------------------+--------------+------------------------------------------------------------------+--------+
| INT16           | NA                 | FP64         | f8633ac1bdd4a2e94e9c5998cef58f8038a51c8457a2f2132f49994491e3094e | PASS   |
+-----------------+--------------------+--------------+------------------------------------------------------------------+--------+

[stage08] evidence files
+----------------+-------------------------------------------------------------------------------------------------------------------------------------------------------------------------------------------------------------------------------------------------+
| kind           | path                                                                                                                                                                                                                                            |
+----------------+-------------------------------------------------------------------------------------------------------------------------------------------------------------------------------------------------------------------------------------------------+
| dtype_csv      | /tmp/ZKX_dev/results/stage08_input_preview_b03_resample_5bf09d215ce4/formal/20260810T074921Z_5bf09d215ce4_stage08_b03_formal_9901300a/operator_dtype_evidence_resample_fft_thrust_20260810T074921Z_5bf09d215ce4_stage08_b03_formal_9901300a.csv |
| memory_csv     | /tmp/ZKX_dev/results/stage08_input_preview_b03_resample_5bf09d215ce4/formal/20260810T074921Z_5bf09d215ce4_stage08_b03_formal_9901300a/operator_filtering_resample_memory_trace_fft_thrust.csv                                                   |
| main_csv       | /tmp/ZKX_dev/results/stage08_input_preview_b03_resample_5bf09d215ce4/formal/20260810T074921Z_5bf09d215ce4_stage08_b03_formal_9901300a/operator_main_results_resample_fft_thrust_20260810T074921Z_5bf09d215ce4_stage08_b03_formal_9901300a.csv   |
| full_log       | /tmp/ZKX_dev/results/stage08_input_preview_b03_resample_5bf09d215ce4/formal/20260810T074921Z_5bf09d215ce4_stage08_b03_formal_9901300a/operator_resample_full.log                                                                                |
| report_json    | /tmp/ZKX_dev/results/stage08_input_preview_b03_resample_5bf09d215ce4/formal/20260810T074921Z_5bf09d215ce4_stage08_b03_formal_9901300a/operator_resample_report.json                                                                             |
| summary_txt    | /tmp/ZKX_dev/results/stage08_input_preview_b03_resample_5bf09d215ce4/formal/20260810T074921Z_5bf09d215ce4_stage08_b03_formal_9901300a/operator_resample_summary.txt                                                                             |
| timing_csv     | /tmp/ZKX_dev/results/stage08_input_preview_b03_resample_5bf09d215ce4/formal/20260810T074921Z_5bf09d215ce4_stage08_b03_formal_9901300a/operator_timing_samples_resample_fft_thrust_20260810T074921Z_5bf09d215ce4_stage08_b03_formal_9901300a.csv |
| probe_raw_json | /tmp/ZKX_dev/results/stage08_input_preview_b03_resample_5bf09d215ce4/formal/20260810T074921Z_5bf09d215ce4_stage08_b03_formal_9901300a/resample_probe_raw.json                                                                                   |
+----------------+-------------------------------------------------------------------------------------------------------------------------------------------------------------------------------------------------------------------------------------------------+
[stage08-b03-formal] case=9 scale=resample_int16_10e2 status=completed
[stage08-b03-formal] case=10 scale=resample_int16_10e3 status=starting
STAGE08_RESAMPLE_CASE PASS scale=resample_int16_10e3 dtype=INT16 backend=fft_thrust measured=100 results=/tmp/ZKX_dev/results/stage08_input_preview_b03_resample_5bf09d215ce4/formal/20260810T074923Z_5bf09d215ce4_stage08_b03_formal_9901300b
[stage08] identity and status
+----------+---------------------+--------+------------+-------+--------+----------+--------------------------+--------+------------+
| target   | scale_id            | device | backend    | dtype | warmup | measured | timing_scope             | status | error_code |
+----------+---------------------+--------+------------+-------+--------+----------+--------------------------+--------+------------+
| resample | resample_int16_10e3 | CPU    | fft_thrust | INT16 | 20     | 100      | compatibility/end-to-end | PASS   | OK         |
| resample | resample_int16_10e3 | GPU    | fft_thrust | INT16 | 20     | 100      | compatibility/end-to-end | PASS   | OK         |
+----------+---------------------+--------+------------+-------+--------+----------+--------------------------+--------+------------+

[stage08] timing detail
+--------+-------------+--------------------+--------------------+--------------------+--------------------+--------------------+-----------------------+-----------------------+---------------------+
| device | mean_ms     | p50_ms             | p95_ms             | p99_ms             | min_ms             | max_ms             | std_ms                | cv                    | speedup             |
+--------+-------------+--------------------+--------------------+--------------------+--------------------+--------------------+-----------------------+-----------------------+---------------------+
| CPU    | 3.0849449   | 3.085788           | 3.0939014999999999 | 3.0992704999999998 | 3.0732680000000001 | 3.1013989999999998 | 0.0057694422096074231 | 0.0018701929521034307 | NA                  |
| GPU    | 21.04574569 | 21.033445999999998 | 21.162182549999997 | 21.26038191        | 20.936346          | 21.365708999999999 | 0.073617053031847679  | 0.0034979541288873038 | 0.14658282702075168 |
+--------+-------------+--------------------+--------------------+--------------------+--------------------+--------------------+-----------------------+-----------------------+---------------------+

[stage08] accuracy detail
+--------------------------------------+------------------------+------------------------+------------------------+------------------------+-------------+----------------+----------------------------------------------------------------------------------------------------------------------+--------+
| accuracy_reference                   | mse                    | rmse                   | relative_l2            | relative_linf          | exact_match | mismatch_count | semantic_check                                                                                                       | status |
+--------------------------------------+------------------------+------------------------+------------------------+------------------------+-------------+----------------+----------------------------------------------------------------------------------------------------------------------+--------+
| cpu_typed_double_direct_dft_resample | 9.2343971243022015e-13 | 9.6095770584881636e-07 | 1.6087714714874287e-07 | 3.2120192871228059e-07 | NA          | NA             | finite_resampled_signal_shape_domain_and_output_dtype_match_cpu:shape=[32, 32];axis=1;num=24;domain=time;finite=true | PASS   |
+--------------------------------------+------------------------+------------------------+------------------------+------------------------+-------------+----------------+----------------------------------------------------------------------------------------------------------------------+--------+

[stage08] resource detail
+--------+------------+--------------+-------------+------------+-------------+
| device | metric     | before_bytes | after_bytes | peak_bytes | delta_bytes |
+--------+------------+--------------+-------------+------------+-------------+
| CPU    | cpu_heap   | 2055072      | 2061536     | 2066576    | 6464        |
| CPU    | rss        | 71409664     | 71409664    | 71409664   | 0           |
| GPU    | cpu_heap   | 2061536      | 2064608     | 2064608    | 3072        |
| GPU    | rss        | 71409664     | 71409664    | 71409664   | 0           |
| GPU    | gpu_memory | 357777408    | 357777408   | 357777408  | 0           |
+--------+------------+--------------+-------------+------------+-------------+

[stage08] input/output identity
+--------+------------------------------------------------------------------+------------------------------------------------------------------+
| device | input_digest                                                     | output_digest                                                    |
+--------+------------------------------------------------------------------+------------------------------------------------------------------+
| CPU    | 69011c40e0cc379c01951c64389f79f1557e4ba5c4247dc5a4df32c9066ac11c | 3e52a65fc1c2e6be01ed2da048f91e0c101ec953b7fec408d1fd64fefa943429 |
| GPU    | 69011c40e0cc379c01951c64389f79f1557e4ba5c4247dc5a4df32c9066ac11c | eefb013e9716c769c0d545657e870f9df2a257a8ff877cae8e7a70def94a1f3c |
+--------+------------------------------------------------------------------+------------------------------------------------------------------+

[stage08] input content
+------------+---------+-------+----------+---------------------------------------------+---------------------------------------------+
| input_name | shape   | dtype | elements | generator                                   | values(head4/tail2)                         |
+------------+---------+-------+----------+---------------------------------------------+---------------------------------------------+
| x          | [32x32] | INT16 | 1024     | modular_signal(seed=83340002,integral=true) | i=0:-3;i=1:-9;i=2:8;i=3:2;i=1022:6;i=1023:0 |
+------------+---------+-------+----------+---------------------------------------------+---------------------------------------------+

[stage08] case parameters
+-------------------------------------------------------------------------------------------------+
| parameters                                                                                      |
+-------------------------------------------------------------------------------------------------+
| {"cols":"32","domain":"time","dtype":"INT16","output-count":"24","rows":"32","seed":"83340002"} |
+-------------------------------------------------------------------------------------------------+

[stage08] dtype evidence
+-----------------+--------------------+--------------+------------------------------------------------------------------+--------+
| requested_dtype | config_input_dtype | output_dtype | actual_input_digest                                              | status |
+-----------------+--------------------+--------------+------------------------------------------------------------------+--------+
| INT16           | NA                 | FP64         | 69011c40e0cc379c01951c64389f79f1557e4ba5c4247dc5a4df32c9066ac11c | PASS   |
+-----------------+--------------------+--------------+------------------------------------------------------------------+--------+

[stage08] evidence files
+----------------+-------------------------------------------------------------------------------------------------------------------------------------------------------------------------------------------------------------------------------------------------+
| kind           | path                                                                                                                                                                                                                                            |
+----------------+-------------------------------------------------------------------------------------------------------------------------------------------------------------------------------------------------------------------------------------------------+
| dtype_csv      | /tmp/ZKX_dev/results/stage08_input_preview_b03_resample_5bf09d215ce4/formal/20260810T074923Z_5bf09d215ce4_stage08_b03_formal_9901300b/operator_dtype_evidence_resample_fft_thrust_20260810T074923Z_5bf09d215ce4_stage08_b03_formal_9901300b.csv |
| memory_csv     | /tmp/ZKX_dev/results/stage08_input_preview_b03_resample_5bf09d215ce4/formal/20260810T074923Z_5bf09d215ce4_stage08_b03_formal_9901300b/operator_filtering_resample_memory_trace_fft_thrust.csv                                                   |
| main_csv       | /tmp/ZKX_dev/results/stage08_input_preview_b03_resample_5bf09d215ce4/formal/20260810T074923Z_5bf09d215ce4_stage08_b03_formal_9901300b/operator_main_results_resample_fft_thrust_20260810T074923Z_5bf09d215ce4_stage08_b03_formal_9901300b.csv   |
| full_log       | /tmp/ZKX_dev/results/stage08_input_preview_b03_resample_5bf09d215ce4/formal/20260810T074923Z_5bf09d215ce4_stage08_b03_formal_9901300b/operator_resample_full.log                                                                                |
| report_json    | /tmp/ZKX_dev/results/stage08_input_preview_b03_resample_5bf09d215ce4/formal/20260810T074923Z_5bf09d215ce4_stage08_b03_formal_9901300b/operator_resample_report.json                                                                             |
| summary_txt    | /tmp/ZKX_dev/results/stage08_input_preview_b03_resample_5bf09d215ce4/formal/20260810T074923Z_5bf09d215ce4_stage08_b03_formal_9901300b/operator_resample_summary.txt                                                                             |
| timing_csv     | /tmp/ZKX_dev/results/stage08_input_preview_b03_resample_5bf09d215ce4/formal/20260810T074923Z_5bf09d215ce4_stage08_b03_formal_9901300b/operator_timing_samples_resample_fft_thrust_20260810T074923Z_5bf09d215ce4_stage08_b03_formal_9901300b.csv |
| probe_raw_json | /tmp/ZKX_dev/results/stage08_input_preview_b03_resample_5bf09d215ce4/formal/20260810T074923Z_5bf09d215ce4_stage08_b03_formal_9901300b/resample_probe_raw.json                                                                                   |
+----------------+-------------------------------------------------------------------------------------------------------------------------------------------------------------------------------------------------------------------------------------------------+
[stage08-b03-formal] case=10 scale=resample_int16_10e3 status=completed
[stage08-b03-formal] case=11 scale=resample_int16_10e4 status=starting
STAGE08_RESAMPLE_CASE PASS scale=resample_int16_10e4 dtype=INT16 backend=fft_thrust measured=100 results=/tmp/ZKX_dev/results/stage08_input_preview_b03_resample_5bf09d215ce4/formal/20260810T074926Z_5bf09d215ce4_stage08_b03_formal_9901300c
[stage08] identity and status
+----------+---------------------+--------+------------+-------+--------+----------+--------------------------+--------+------------+
| target   | scale_id            | device | backend    | dtype | warmup | measured | timing_scope             | status | error_code |
+----------+---------------------+--------+------------+-------+--------+----------+--------------------------+--------+------------+
| resample | resample_int16_10e4 | CPU    | fft_thrust | INT16 | 20     | 100      | compatibility/end-to-end | PASS   | OK         |
| resample | resample_int16_10e4 | GPU    | fft_thrust | INT16 | 20     | 100      | compatibility/end-to-end | PASS   | OK         |
+----------+---------------------+--------+------------+-------+--------+----------+--------------------------+--------+------------+

[stage08] timing detail
+--------+--------------------+--------------------+--------------------+--------------------+--------------------+--------------------+----------------------+-----------------------+---------------------+
| device | mean_ms            | p50_ms             | p95_ms             | p99_ms             | min_ms             | max_ms             | std_ms               | cv                    | speedup             |
+--------+--------------------+--------------------+--------------------+--------------------+--------------------+--------------------+----------------------+-----------------------+---------------------+
| CPU    | 41.948541550000002 | 41.942191999999999 | 42.034855          | 42.211913920000001 | 41.870080999999999 | 42.395055999999997 | 0.064673317781040782 | 0.0015417298287701919 | NA                  |
| GPU    | 77.574480339999994 | 77.535735000000003 | 77.849539549999989 | 77.990555819999997 | 77.336332999999996 | 78.117059999999995 | 0.14802267482120565  | 0.0019081362088722909 | 0.54075182155451618 |
+--------+--------------------+--------------------+--------------------+--------------------+--------------------+--------------------+----------------------+-----------------------+---------------------+

[stage08] accuracy detail
+--------------------------------------+------------------------+------------------------+------------------------+-----------------------+-------------+----------------+-----------------------------------------------------------------------------------------------------------------------------+--------+
| accuracy_reference                   | mse                    | rmse                   | relative_l2            | relative_linf         | exact_match | mismatch_count | semantic_check                                                                                                              | status |
+--------------------------------------+------------------------+------------------------+------------------------+-----------------------+-------------+----------------+-----------------------------------------------------------------------------------------------------------------------------+--------+
| cpu_typed_double_direct_dft_resample | 8.7485544621732555e-15 | 9.3533707625503952e-08 | 2.1656630882192465e-07 | 1.498643551175143e-07 | NA          | NA             | finite_resampled_signal_shape_domain_and_output_dtype_match_cpu:shape=[100, 100];axis=1;num=80;domain=frequency;finite=true | PASS   |
+--------------------------------------+------------------------+------------------------+------------------------+-----------------------+-------------+----------------+-----------------------------------------------------------------------------------------------------------------------------+--------+

[stage08] resource detail
+--------+------------+--------------+-------------+------------+-------------+
| device | metric     | before_bytes | after_bytes | peak_bytes | delta_bytes |
+--------+------------+--------------+-------------+------------+-------------+
| CPU    | cpu_heap   | 2083872      | 2107152     | 2170048    | 23280       |
| CPU    | rss        | 71307264     | 71307264    | 71307264   | 0           |
| GPU    | cpu_heap   | 2107152      | 2110272     | 2110272    | 3120        |
| GPU    | rss        | 71307264     | 71307264    | 71307264   | 0           |
| GPU    | gpu_memory | 341000192    | 341000192   | 341000192  | 0           |
+--------+------------+--------------+-------------+------------+-------------+

[stage08] input/output identity
+--------+------------------------------------------------------------------+------------------------------------------------------------------+
| device | input_digest                                                     | output_digest                                                    |
+--------+------------------------------------------------------------------+------------------------------------------------------------------+
| CPU    | 9b51e3a1549ddaa4be6442ea6ca4a4660caa5835fc587b3caf255a3b43d827c0 | ea1e53c318f3bd43d8dfcdf6563c567bf70c1ff94238ba0e2226e4ec8ad50f42 |
| GPU    | 9b51e3a1549ddaa4be6442ea6ca4a4660caa5835fc587b3caf255a3b43d827c0 | 77fb2b0981cbf3d86e502c15692175cd35b9be2570b8f9f182b52eaba3dc3b7e |
+--------+------------------------------------------------------------------+------------------------------------------------------------------+

[stage08] input content
+------------+-----------+-------+----------+---------------------------------------------+-----------------------------------------------+
| input_name | shape     | dtype | elements | generator                                   | values(head4/tail2)                           |
+------------+-----------+-------+----------+---------------------------------------------+-----------------------------------------------+
| x          | [100x100] | INT16 | 10000    | modular_signal(seed=83340003,integral=true) | i=0:-2;i=1:-8;i=2:9;i=3:3;i=9998:-6;i=9999:11 |
+------------+-----------+-------+----------+---------------------------------------------+-----------------------------------------------+

[stage08] case parameters
+--------------------------------------------------------------------------------------------------------+
| parameters                                                                                             |
+--------------------------------------------------------------------------------------------------------+
| {"cols":"100","domain":"frequency","dtype":"INT16","output-count":"80","rows":"100","seed":"83340003"} |
+--------------------------------------------------------------------------------------------------------+

[stage08] dtype evidence
+-----------------+--------------------+--------------+------------------------------------------------------------------+--------+
| requested_dtype | config_input_dtype | output_dtype | actual_input_digest                                              | status |
+-----------------+--------------------+--------------+------------------------------------------------------------------+--------+
| INT16           | NA                 | FP64         | 9b51e3a1549ddaa4be6442ea6ca4a4660caa5835fc587b3caf255a3b43d827c0 | PASS   |
+-----------------+--------------------+--------------+------------------------------------------------------------------+--------+

[stage08] evidence files
+----------------+-------------------------------------------------------------------------------------------------------------------------------------------------------------------------------------------------------------------------------------------------+
| kind           | path                                                                                                                                                                                                                                            |
+----------------+-------------------------------------------------------------------------------------------------------------------------------------------------------------------------------------------------------------------------------------------------+
| dtype_csv      | /tmp/ZKX_dev/results/stage08_input_preview_b03_resample_5bf09d215ce4/formal/20260810T074926Z_5bf09d215ce4_stage08_b03_formal_9901300c/operator_dtype_evidence_resample_fft_thrust_20260810T074926Z_5bf09d215ce4_stage08_b03_formal_9901300c.csv |
| memory_csv     | /tmp/ZKX_dev/results/stage08_input_preview_b03_resample_5bf09d215ce4/formal/20260810T074926Z_5bf09d215ce4_stage08_b03_formal_9901300c/operator_filtering_resample_memory_trace_fft_thrust.csv                                                   |
| main_csv       | /tmp/ZKX_dev/results/stage08_input_preview_b03_resample_5bf09d215ce4/formal/20260810T074926Z_5bf09d215ce4_stage08_b03_formal_9901300c/operator_main_results_resample_fft_thrust_20260810T074926Z_5bf09d215ce4_stage08_b03_formal_9901300c.csv   |
| full_log       | /tmp/ZKX_dev/results/stage08_input_preview_b03_resample_5bf09d215ce4/formal/20260810T074926Z_5bf09d215ce4_stage08_b03_formal_9901300c/operator_resample_full.log                                                                                |
| report_json    | /tmp/ZKX_dev/results/stage08_input_preview_b03_resample_5bf09d215ce4/formal/20260810T074926Z_5bf09d215ce4_stage08_b03_formal_9901300c/operator_resample_report.json                                                                             |
| summary_txt    | /tmp/ZKX_dev/results/stage08_input_preview_b03_resample_5bf09d215ce4/formal/20260810T074926Z_5bf09d215ce4_stage08_b03_formal_9901300c/operator_resample_summary.txt                                                                             |
| timing_csv     | /tmp/ZKX_dev/results/stage08_input_preview_b03_resample_5bf09d215ce4/formal/20260810T074926Z_5bf09d215ce4_stage08_b03_formal_9901300c/operator_timing_samples_resample_fft_thrust_20260810T074926Z_5bf09d215ce4_stage08_b03_formal_9901300c.csv |
| probe_raw_json | /tmp/ZKX_dev/results/stage08_input_preview_b03_resample_5bf09d215ce4/formal/20260810T074926Z_5bf09d215ce4_stage08_b03_formal_9901300c/resample_probe_raw.json                                                                                   |
+----------------+-------------------------------------------------------------------------------------------------------------------------------------------------------------------------------------------------------------------------------------------------+
[stage08-b03-formal] case=11 scale=resample_int16_10e4 status=completed
[stage08-b03-formal] case=12 scale=resample_int8_10e2 status=starting
STAGE08_RESAMPLE_CASE PASS scale=resample_int8_10e2 dtype=INT8 backend=fft_thrust measured=100 results=/tmp/ZKX_dev/results/stage08_input_preview_b03_resample_5bf09d215ce4/formal/20260810T074940Z_5bf09d215ce4_stage08_b03_formal_9901300d
[stage08] identity and status
+----------+--------------------+--------+------------+-------+--------+----------+--------------------------+--------+------------+
| target   | scale_id           | device | backend    | dtype | warmup | measured | timing_scope             | status | error_code |
+----------+--------------------+--------+------------+-------+--------+----------+--------------------------+--------+------------+
| resample | resample_int8_10e2 | CPU    | fft_thrust | INT8  | 20     | 100      | compatibility/end-to-end | PASS   | OK         |
| resample | resample_int8_10e2 | GPU    | fft_thrust | INT8  | 20     | 100      | compatibility/end-to-end | PASS   | OK         |
+----------+--------------------+--------+------------+-------+--------+----------+--------------------------+--------+------------+

[stage08] timing detail
+--------+---------------------+---------------------+---------------------+--------------------+---------------------+---------------------+-----------------------+-----------------------+----------------------+
| device | mean_ms             | p50_ms              | p95_ms              | p99_ms             | min_ms              | max_ms              | std_ms                | cv                    | speedup              |
+--------+---------------------+---------------------+---------------------+--------------------+---------------------+---------------------+-----------------------+-----------------------+----------------------+
| CPU    | 0.19778344999999997 | 0.19722699999999999 | 0.19803104999999999 | 0.211506           | 0.19658100000000001 | 0.21190200000000001 | 0.0026209264101649254 | 0.013251495057675077  | NA                   |
| GPU    | 12.006461309999999  | 12.007462           | 12.09431            | 12.150812010000001 | 11.911351           | 12.163584           | 0.053549717828331338  | 0.0044600749917655252 | 0.016473084357942265 |
+--------+---------------------+---------------------+---------------------+--------------------+---------------------+---------------------+-----------------------+-----------------------+----------------------+

[stage08] accuracy detail
+--------------------------------------+------------------------+------------------------+------------------------+------------------------+-------------+----------------+----------------------------------------------------------------------------------------------------------------------+--------+
| accuracy_reference                   | mse                    | rmse                   | relative_l2            | relative_linf          | exact_match | mismatch_count | semantic_check                                                                                                       | status |
+--------------------------------------+------------------------+------------------------+------------------------+------------------------+-------------+----------------+----------------------------------------------------------------------------------------------------------------------+--------+
| cpu_typed_double_direct_dft_resample | 1.1251448250169537e-12 | 1.0607284407504842e-06 | 1.6761744624497825e-07 | 2.5204874569730848e-07 | NA          | NA             | finite_resampled_signal_shape_domain_and_output_dtype_match_cpu:shape=[10, 10];axis=1;num=15;domain=time;finite=true | PASS   |
+--------------------------------------+------------------------+------------------------+------------------------+------------------------+-------------+----------------+----------------------------------------------------------------------------------------------------------------------+--------+

[stage08] resource detail
+--------+------------+--------------+-------------+------------+-------------+
| device | metric     | before_bytes | after_bytes | peak_bytes | delta_bytes |
+--------+------------+--------------+-------------+------------+-------------+
| CPU    | cpu_heap   | 1957744      | 1960800     | 1960896    | 3056        |
| CPU    | rss        | 71282688     | 71282688    | 71282688   | 0           |
| GPU    | cpu_heap   | 1960800      | 1963568     | 1963568    | 2768        |
| GPU    | rss        | 71282688     | 71282688    | 71282688   | 0           |
| GPU    | gpu_memory | 341000192    | 341000192   | 341000192  | 0           |
+--------+------------+--------------+-------------+------------+-------------+

[stage08] input/output identity
+--------+------------------------------------------------------------------+------------------------------------------------------------------+
| device | input_digest                                                     | output_digest                                                    |
+--------+------------------------------------------------------------------+------------------------------------------------------------------+
| CPU    | 67539ccecec46f7cc4d848b546660cd66a3f8ad545048d382399370c10ea4b40 | 9b55bf8c0264f2639e90dc6cb4c3fe3b027da16c33c9966983a753e13780dfaf |
| GPU    | 67539ccecec46f7cc4d848b546660cd66a3f8ad545048d382399370c10ea4b40 | 73e5362ad6a766a0ace3e77033270617a497ee344a4724c2893c2bc013e58266 |
+--------+------------------------------------------------------------------+------------------------------------------------------------------+

[stage08] input content
+------------+---------+-------+----------+---------------------------------------------+------------------------------------------+
| input_name | shape   | dtype | elements | generator                                   | values(head4/tail2)                      |
+------------+---------+-------+----------+---------------------------------------------+------------------------------------------+
| x          | [10x10] | INT8  | 100      | modular_signal(seed=83350001,integral=true) | i=0:-9;i=1:8;i=2:2;i=3:-4;i=98:1;i=99:-5 |
+------------+---------+-------+----------+---------------------------------------------+------------------------------------------+

[stage08] case parameters
+------------------------------------------------------------------------------------------------+
| parameters                                                                                     |
+------------------------------------------------------------------------------------------------+
| {"cols":"10","domain":"time","dtype":"INT8","output-count":"15","rows":"10","seed":"83350001"} |
+------------------------------------------------------------------------------------------------+

[stage08] dtype evidence
+-----------------+--------------------+--------------+------------------------------------------------------------------+--------+
| requested_dtype | config_input_dtype | output_dtype | actual_input_digest                                              | status |
+-----------------+--------------------+--------------+------------------------------------------------------------------+--------+
| INT8            | NA                 | FP64         | 67539ccecec46f7cc4d848b546660cd66a3f8ad545048d382399370c10ea4b40 | PASS   |
+-----------------+--------------------+--------------+------------------------------------------------------------------+--------+

[stage08] evidence files
+----------------+-------------------------------------------------------------------------------------------------------------------------------------------------------------------------------------------------------------------------------------------------+
| kind           | path                                                                                                                                                                                                                                            |
+----------------+-------------------------------------------------------------------------------------------------------------------------------------------------------------------------------------------------------------------------------------------------+
| dtype_csv      | /tmp/ZKX_dev/results/stage08_input_preview_b03_resample_5bf09d215ce4/formal/20260810T074940Z_5bf09d215ce4_stage08_b03_formal_9901300d/operator_dtype_evidence_resample_fft_thrust_20260810T074940Z_5bf09d215ce4_stage08_b03_formal_9901300d.csv |
| memory_csv     | /tmp/ZKX_dev/results/stage08_input_preview_b03_resample_5bf09d215ce4/formal/20260810T074940Z_5bf09d215ce4_stage08_b03_formal_9901300d/operator_filtering_resample_memory_trace_fft_thrust.csv                                                   |
| main_csv       | /tmp/ZKX_dev/results/stage08_input_preview_b03_resample_5bf09d215ce4/formal/20260810T074940Z_5bf09d215ce4_stage08_b03_formal_9901300d/operator_main_results_resample_fft_thrust_20260810T074940Z_5bf09d215ce4_stage08_b03_formal_9901300d.csv   |
| full_log       | /tmp/ZKX_dev/results/stage08_input_preview_b03_resample_5bf09d215ce4/formal/20260810T074940Z_5bf09d215ce4_stage08_b03_formal_9901300d/operator_resample_full.log                                                                                |
| report_json    | /tmp/ZKX_dev/results/stage08_input_preview_b03_resample_5bf09d215ce4/formal/20260810T074940Z_5bf09d215ce4_stage08_b03_formal_9901300d/operator_resample_report.json                                                                             |
| summary_txt    | /tmp/ZKX_dev/results/stage08_input_preview_b03_resample_5bf09d215ce4/formal/20260810T074940Z_5bf09d215ce4_stage08_b03_formal_9901300d/operator_resample_summary.txt                                                                             |
| timing_csv     | /tmp/ZKX_dev/results/stage08_input_preview_b03_resample_5bf09d215ce4/formal/20260810T074940Z_5bf09d215ce4_stage08_b03_formal_9901300d/operator_timing_samples_resample_fft_thrust_20260810T074940Z_5bf09d215ce4_stage08_b03_formal_9901300d.csv |
| probe_raw_json | /tmp/ZKX_dev/results/stage08_input_preview_b03_resample_5bf09d215ce4/formal/20260810T074940Z_5bf09d215ce4_stage08_b03_formal_9901300d/resample_probe_raw.json                                                                                   |
+----------------+-------------------------------------------------------------------------------------------------------------------------------------------------------------------------------------------------------------------------------------------------+
[stage08-b03-formal] case=12 scale=resample_int8_10e2 status=completed
[stage08-b03-formal] case=13 scale=resample_int8_10e3 status=starting
STAGE08_RESAMPLE_CASE PASS scale=resample_int8_10e3 dtype=INT8 backend=fft_thrust measured=100 results=/tmp/ZKX_dev/results/stage08_input_preview_b03_resample_5bf09d215ce4/formal/20260810T074942Z_5bf09d215ce4_stage08_b03_formal_9901300e
[stage08] identity and status
+----------+--------------------+--------+------------+-------+--------+----------+--------------------------+--------+------------+
| target   | scale_id           | device | backend    | dtype | warmup | measured | timing_scope             | status | error_code |
+----------+--------------------+--------+------------+-------+--------+----------+--------------------------+--------+------------+
| resample | resample_int8_10e3 | CPU    | fft_thrust | INT8  | 20     | 100      | compatibility/end-to-end | PASS   | OK         |
| resample | resample_int8_10e3 | GPU    | fft_thrust | INT8  | 20     | 100      | compatibility/end-to-end | PASS   | OK         |
+----------+--------------------+--------+------------+-------+--------+----------+--------------------------+--------+------------+

[stage08] timing detail
+--------+--------------------+--------------------+--------------------+--------------------+--------------------+--------------------+----------------------+-----------------------+--------------------+
| device | mean_ms            | p50_ms             | p95_ms             | p99_ms             | min_ms             | max_ms             | std_ms               | cv                    | speedup            |
+--------+--------------------+--------------------+--------------------+--------------------+--------------------+--------------------+----------------------+-----------------------+--------------------+
| CPU    | 3.0724825199999999 | 3.0712039999999998 | 3.0809544999999998 | 3.0893434200000005 | 3.0593180000000002 | 3.1987800000000002 | 0.014279583029962753 | 0.0046475717720154035 | NA                 |
| GPU    | 24.672468690000002 | 21.1709675         | 30.331134049999999 | 30.651915509999998 | 20.945256000000001 | 30.741956999999999 | 4.3763796883033139   | 0.17737907557167573   | 0.1245308103783432 |
+--------+--------------------+--------------------+--------------------+--------------------+--------------------+--------------------+----------------------+-----------------------+--------------------+

[stage08] accuracy detail
+--------------------------------------+------------------------+------------------------+------------------------+------------------------+-------------+----------------+----------------------------------------------------------------------------------------------------------------------+--------+
| accuracy_reference                   | mse                    | rmse                   | relative_l2            | relative_linf          | exact_match | mismatch_count | semantic_check                                                                                                       | status |
+--------------------------------------+------------------------+------------------------+------------------------+------------------------+-------------+----------------+----------------------------------------------------------------------------------------------------------------------+--------+
| cpu_typed_double_direct_dft_resample | 9.4093155658750423e-13 | 9.7001626614583341e-07 | 1.6229075077007749e-07 | 3.2120192871228059e-07 | NA          | NA             | finite_resampled_signal_shape_domain_and_output_dtype_match_cpu:shape=[32, 32];axis=1;num=24;domain=time;finite=true | PASS   |
+--------------------------------------+------------------------+------------------------+------------------------+------------------------+-------------+----------------+----------------------------------------------------------------------------------------------------------------------+--------+

[stage08] resource detail
+--------+------------+--------------+-------------+------------+-------------+
| device | metric     | before_bytes | after_bytes | peak_bytes | delta_bytes |
+--------+------------+--------------+-------------+------------+-------------+
| CPU    | cpu_heap   | 2054800      | 2059744     | 2064784    | 4944        |
| CPU    | rss        | 71696384     | 71696384    | 71696384   | 0           |
| GPU    | cpu_heap   | 2059744      | 2062688     | 2062688    | 2944        |
| GPU    | rss        | 71696384     | 71696384    | 71696384   | 0           |
| GPU    | gpu_memory | 357777408    | 357777408   | 357777408  | 0           |
+--------+------------+--------------+-------------+------------+-------------+

[stage08] input/output identity
+--------+------------------------------------------------------------------+------------------------------------------------------------------+
| device | input_digest                                                     | output_digest                                                    |
+--------+------------------------------------------------------------------+------------------------------------------------------------------+
| CPU    | d7f6f34246c6d599699efc0e69b861470f30dee8c380d05b56001f825ad372c4 | 006b04267c0ada0af0ecd91208c1cefdd088c7e6fa3c62a35962021ec4b78106 |
| GPU    | d7f6f34246c6d599699efc0e69b861470f30dee8c380d05b56001f825ad372c4 | da951dc55f1d220c5cf26a5d20fcaa26a2e55e4af2f9e483d39bb03b0c6382fc |
+--------+------------------------------------------------------------------+------------------------------------------------------------------+

[stage08] input content
+------------+---------+-------+----------+---------------------------------------------+----------------------------------------------+
| input_name | shape   | dtype | elements | generator                                   | values(head4/tail2)                          |
+------------+---------+-------+----------+---------------------------------------------+----------------------------------------------+
| x          | [32x32] | INT8  | 1024     | modular_signal(seed=83350002,integral=true) | i=0:-8;i=1:9;i=2:3;i=3:-3;i=1022:1;i=1023:-5 |
+------------+---------+-------+----------+---------------------------------------------+----------------------------------------------+

[stage08] case parameters
+------------------------------------------------------------------------------------------------+
| parameters                                                                                     |
+------------------------------------------------------------------------------------------------+
| {"cols":"32","domain":"time","dtype":"INT8","output-count":"24","rows":"32","seed":"83350002"} |
+------------------------------------------------------------------------------------------------+

[stage08] dtype evidence
+-----------------+--------------------+--------------+------------------------------------------------------------------+--------+
| requested_dtype | config_input_dtype | output_dtype | actual_input_digest                                              | status |
+-----------------+--------------------+--------------+------------------------------------------------------------------+--------+
| INT8            | NA                 | FP64         | d7f6f34246c6d599699efc0e69b861470f30dee8c380d05b56001f825ad372c4 | PASS   |
+-----------------+--------------------+--------------+------------------------------------------------------------------+--------+

[stage08] evidence files
+----------------+-------------------------------------------------------------------------------------------------------------------------------------------------------------------------------------------------------------------------------------------------+
| kind           | path                                                                                                                                                                                                                                            |
+----------------+-------------------------------------------------------------------------------------------------------------------------------------------------------------------------------------------------------------------------------------------------+
| dtype_csv      | /tmp/ZKX_dev/results/stage08_input_preview_b03_resample_5bf09d215ce4/formal/20260810T074942Z_5bf09d215ce4_stage08_b03_formal_9901300e/operator_dtype_evidence_resample_fft_thrust_20260810T074942Z_5bf09d215ce4_stage08_b03_formal_9901300e.csv |
| memory_csv     | /tmp/ZKX_dev/results/stage08_input_preview_b03_resample_5bf09d215ce4/formal/20260810T074942Z_5bf09d215ce4_stage08_b03_formal_9901300e/operator_filtering_resample_memory_trace_fft_thrust.csv                                                   |
| main_csv       | /tmp/ZKX_dev/results/stage08_input_preview_b03_resample_5bf09d215ce4/formal/20260810T074942Z_5bf09d215ce4_stage08_b03_formal_9901300e/operator_main_results_resample_fft_thrust_20260810T074942Z_5bf09d215ce4_stage08_b03_formal_9901300e.csv   |
| full_log       | /tmp/ZKX_dev/results/stage08_input_preview_b03_resample_5bf09d215ce4/formal/20260810T074942Z_5bf09d215ce4_stage08_b03_formal_9901300e/operator_resample_full.log                                                                                |
| report_json    | /tmp/ZKX_dev/results/stage08_input_preview_b03_resample_5bf09d215ce4/formal/20260810T074942Z_5bf09d215ce4_stage08_b03_formal_9901300e/operator_resample_report.json                                                                             |
| summary_txt    | /tmp/ZKX_dev/results/stage08_input_preview_b03_resample_5bf09d215ce4/formal/20260810T074942Z_5bf09d215ce4_stage08_b03_formal_9901300e/operator_resample_summary.txt                                                                             |
| timing_csv     | /tmp/ZKX_dev/results/stage08_input_preview_b03_resample_5bf09d215ce4/formal/20260810T074942Z_5bf09d215ce4_stage08_b03_formal_9901300e/operator_timing_samples_resample_fft_thrust_20260810T074942Z_5bf09d215ce4_stage08_b03_formal_9901300e.csv |
| probe_raw_json | /tmp/ZKX_dev/results/stage08_input_preview_b03_resample_5bf09d215ce4/formal/20260810T074942Z_5bf09d215ce4_stage08_b03_formal_9901300e/resample_probe_raw.json                                                                                   |
+----------------+-------------------------------------------------------------------------------------------------------------------------------------------------------------------------------------------------------------------------------------------------+
[stage08-b03-formal] case=13 scale=resample_int8_10e3 status=completed
[stage08-b03-formal] case=14 scale=resample_int8_10e4 status=starting
STAGE08_RESAMPLE_CASE PASS scale=resample_int8_10e4 dtype=INT8 backend=fft_thrust measured=100 results=/tmp/ZKX_dev/results/stage08_input_preview_b03_resample_5bf09d215ce4/formal/20260810T074946Z_5bf09d215ce4_stage08_b03_formal_9901300f
[stage08] identity and status
+----------+--------------------+--------+------------+-------+--------+----------+--------------------------+--------+------------+
| target   | scale_id           | device | backend    | dtype | warmup | measured | timing_scope             | status | error_code |
+----------+--------------------+--------+------------+-------+--------+----------+--------------------------+--------+------------+
| resample | resample_int8_10e4 | CPU    | fft_thrust | INT8  | 20     | 100      | compatibility/end-to-end | PASS   | OK         |
| resample | resample_int8_10e4 | GPU    | fft_thrust | INT8  | 20     | 100      | compatibility/end-to-end | PASS   | OK         |
+----------+--------------------+--------+------------+-------+--------+----------+--------------------------+--------+------------+

[stage08] timing detail
+--------+--------------------+--------------------+--------------------+--------------------+--------------------+--------------------+---------------------+-----------------------+--------------------+
| device | mean_ms            | p50_ms             | p95_ms             | p99_ms             | min_ms             | max_ms             | std_ms              | cv                    | speedup            |
+--------+--------------------+--------------------+--------------------+--------------------+--------------------+--------------------+---------------------+-----------------------+--------------------+
| CPU    | 41.935407050000002 | 41.907982000000004 | 41.997791499999998 | 42.120072460000003 | 41.859211000000002 | 43.832619999999999 | 0.19492198364799038 | 0.0046481481249385026 | NA                 |
| GPU    | 76.891139030000005 | 76.907049499999999 | 77.701374000000001 | 77.99264033        | 76.097251999999997 | 78.289771999999999 | 0.64004245083932387 | 0.0083240079274882837 | 0.5453867321907977 |
+--------+--------------------+--------------------+--------------------+--------------------+--------------------+--------------------+---------------------+-----------------------+--------------------+

[stage08] accuracy detail
+--------------------------------------+------------------------+------------------------+------------------------+-----------------------+-------------+----------------+-----------------------------------------------------------------------------------------------------------------------------+--------+
| accuracy_reference                   | mse                    | rmse                   | relative_l2            | relative_linf         | exact_match | mismatch_count | semantic_check                                                                                                              | status |
+--------------------------------------+------------------------+------------------------+------------------------+-----------------------+-------------+----------------+-----------------------------------------------------------------------------------------------------------------------------+--------+
| cpu_typed_double_direct_dft_resample | 8.8008818092241269e-15 | 9.3813015137688259e-08 | 2.1823502323541274e-07 | 1.498643551175143e-07 | NA          | NA             | finite_resampled_signal_shape_domain_and_output_dtype_match_cpu:shape=[100, 100];axis=1;num=80;domain=frequency;finite=true | PASS   |
+--------------------------------------+------------------------+------------------------+------------------------+-----------------------+-------------+----------------+-----------------------------------------------------------------------------------------------------------------------------+--------+

[stage08] resource detail
+--------+------------+--------------+-------------+------------+-------------+
| device | metric     | before_bytes | after_bytes | peak_bytes | delta_bytes |
+--------+------------+--------------+-------------+------------+-------------+
| CPU    | cpu_heap   | 2074944      | 2087728     | 2150624    | 12784       |
| CPU    | rss        | 71806976     | 71806976    | 71806976   | 0           |
| GPU    | cpu_heap   | 2087728      | 2091296     | 2091296    | 3568        |
| GPU    | rss        | 71806976     | 71806976    | 71806976   | 0           |
| GPU    | gpu_memory | 341000192    | 341000192   | 341000192  | 0           |
+--------+------------+--------------+-------------+------------+-------------+

[stage08] input/output identity
+--------+------------------------------------------------------------------+------------------------------------------------------------------+
| device | input_digest                                                     | output_digest                                                    |
+--------+------------------------------------------------------------------+------------------------------------------------------------------+
| CPU    | 876d5cd7fa774becfc5e928bbf56a191e5651b0626e32e88f8b8303a7fb05bae | e4507dce4801de6385168946380c202477e70cb131689483a0492efaa9845aaa |
| GPU    | 876d5cd7fa774becfc5e928bbf56a191e5651b0626e32e88f8b8303a7fb05bae | 5d4949f1bc8583cb0265e9df5d129569a40e96eff9000c48579356e9a9973c93 |
+--------+------------------------------------------------------------------+------------------------------------------------------------------+

[stage08] input content
+------------+-----------+-------+----------+---------------------------------------------+------------------------------------------------+
| input_name | shape     | dtype | elements | generator                                   | values(head4/tail2)                            |
+------------+-----------+-------+----------+---------------------------------------------+------------------------------------------------+
| x          | [100x100] | INT8  | 10000    | modular_signal(seed=83350003,integral=true) | i=0:-7;i=1:10;i=2:4;i=3:-2;i=9998:-11;i=9999:6 |
+------------+-----------+-------+----------+---------------------------------------------+------------------------------------------------+

[stage08] case parameters
+-------------------------------------------------------------------------------------------------------+
| parameters                                                                                            |
+-------------------------------------------------------------------------------------------------------+
| {"cols":"100","domain":"frequency","dtype":"INT8","output-count":"80","rows":"100","seed":"83350003"} |
+-------------------------------------------------------------------------------------------------------+

[stage08] dtype evidence
+-----------------+--------------------+--------------+------------------------------------------------------------------+--------+
| requested_dtype | config_input_dtype | output_dtype | actual_input_digest                                              | status |
+-----------------+--------------------+--------------+------------------------------------------------------------------+--------+
| INT8            | NA                 | FP64         | 876d5cd7fa774becfc5e928bbf56a191e5651b0626e32e88f8b8303a7fb05bae | PASS   |
+-----------------+--------------------+--------------+------------------------------------------------------------------+--------+

[stage08] evidence files
+----------------+-------------------------------------------------------------------------------------------------------------------------------------------------------------------------------------------------------------------------------------------------+
| kind           | path                                                                                                                                                                                                                                            |
+----------------+-------------------------------------------------------------------------------------------------------------------------------------------------------------------------------------------------------------------------------------------------+
| dtype_csv      | /tmp/ZKX_dev/results/stage08_input_preview_b03_resample_5bf09d215ce4/formal/20260810T074946Z_5bf09d215ce4_stage08_b03_formal_9901300f/operator_dtype_evidence_resample_fft_thrust_20260810T074946Z_5bf09d215ce4_stage08_b03_formal_9901300f.csv |
| memory_csv     | /tmp/ZKX_dev/results/stage08_input_preview_b03_resample_5bf09d215ce4/formal/20260810T074946Z_5bf09d215ce4_stage08_b03_formal_9901300f/operator_filtering_resample_memory_trace_fft_thrust.csv                                                   |
| main_csv       | /tmp/ZKX_dev/results/stage08_input_preview_b03_resample_5bf09d215ce4/formal/20260810T074946Z_5bf09d215ce4_stage08_b03_formal_9901300f/operator_main_results_resample_fft_thrust_20260810T074946Z_5bf09d215ce4_stage08_b03_formal_9901300f.csv   |
| full_log       | /tmp/ZKX_dev/results/stage08_input_preview_b03_resample_5bf09d215ce4/formal/20260810T074946Z_5bf09d215ce4_stage08_b03_formal_9901300f/operator_resample_full.log                                                                                |
| report_json    | /tmp/ZKX_dev/results/stage08_input_preview_b03_resample_5bf09d215ce4/formal/20260810T074946Z_5bf09d215ce4_stage08_b03_formal_9901300f/operator_resample_report.json                                                                             |
| summary_txt    | /tmp/ZKX_dev/results/stage08_input_preview_b03_resample_5bf09d215ce4/formal/20260810T074946Z_5bf09d215ce4_stage08_b03_formal_9901300f/operator_resample_summary.txt                                                                             |
| timing_csv     | /tmp/ZKX_dev/results/stage08_input_preview_b03_resample_5bf09d215ce4/formal/20260810T074946Z_5bf09d215ce4_stage08_b03_formal_9901300f/operator_timing_samples_resample_fft_thrust_20260810T074946Z_5bf09d215ce4_stage08_b03_formal_9901300f.csv |
| probe_raw_json | /tmp/ZKX_dev/results/stage08_input_preview_b03_resample_5bf09d215ce4/formal/20260810T074946Z_5bf09d215ce4_stage08_b03_formal_9901300f/resample_probe_raw.json                                                                                   |
+----------------+-------------------------------------------------------------------------------------------------------------------------------------------------------------------------------------------------------------------------------------------------+
[stage08-b03-formal] case=14 scale=resample_int8_10e4 status=completed
[stage08-b03-formal] cases=15 status=completed
