schema_version,run_id,run_type,test_time_utc,git_commit,git_dirty,config_id,config_sha256,target_kind,target,task_name,step_name,operator_name,case_id,scale_id,order_of_magnitude,actual_elements,input_shape,dtype,device,backend,timing_scope,status,error_code,warmup_runs,measured_runs,sample_index,latency_ms,synchronized,input_digest,output_digest
1,20260810T091417Z_bdef73fce32b_stage08_b08_formal_87730008,formal,20260810T091417Z,bdef73fce32b9234cec46609c420421a2b5cf2f6,false,stage08_b08_unit_impulse_scales_v1,81ae6d1c9687b785f50a7bd727c843073326fc3dbc0e106cd807d71be34cb474,operator,unit_impulse,NA,NA,unit_impulse,unit_impulse__unit_impulse_int32_10e4__7acd50ebaf8c72e2,unit_impulse_int32_10e4,10^4,10000,"shape=10000,idx=10000",INT32,CPU,not_applicable,compatibility/end-to-end,PASS,OK,20,100,0,0.030182,true,7acd50ebaf8c72e2d4fc39b75d565f8e6c8be7927e77faea02f0a254830fabf1,f8c784aa6b57396e7c5e094c34d079d8252473e46e2f60593a921dbebf941fcc
1,20260810T091417Z_bdef73fce32b_stage08_b08_formal_87730008,formal,20260810T091417Z,bdef73fce32b9234cec46609c420421a2b5cf2f6,false,stage08_b08_unit_impulse_scales_v1,81ae6d1c9687b785f50a7bd727c843073326fc3dbc0e106cd807d71be34cb474,operator,unit_impulse,NA,NA,unit_impulse,unit_impulse__unit_impulse_int32_10e4__7acd50ebaf8c72e2,unit_impulse_int32_10e4,10^4,10000,"shape=10000,idx=10000",INT32,CPU,not_applicable,compatibility/end-to-end,PASS,OK,20,100,1,0.026981,true,7acd50ebaf8c72e2d4fc39b75d565f8e6c8be7927e77faea02f0a254830fabf1,f8c784aa6b57396e7c5e094c34d079d8252473e46e2f60593a921dbebf941fcc
1,20260810T091417Z_bdef73fce32b_stage08_b08_formal_87730008,formal,20260810T091417Z,bdef73fce32b9234cec46609c420421a2b5cf2f6,false,stage08_b08_unit_impulse_scales_v1,81ae6d1c9687b785f50a7bd727c843073326fc3dbc0e106cd807d71be34cb474,operator,unit_impulse,NA,NA,unit_impulse,unit_impulse__unit_impulse_int32_10e4__7acd50ebaf8c72e2,unit_impulse_int32_10e4,10^4,10000,"shape=10000,idx=10000",INT32,CPU,not_applicable,compatibility/end-to-end,PASS,OK,20,100,2,0.030221,true,7acd50ebaf8c72e2d4fc39b75d565f8e6c8be7927e77faea02f0a254830fabf1,f8c784aa6b57396e7c5e094c34d079d8252473e46e2f60593a921dbebf941fcc
1,20260810T091417Z_bdef73fce32b_stage08_b08_formal_87730008,formal,20260810T091417Z,bdef73fce32b9234cec46609c420421a2b5cf2f6,false,stage08_b08_unit_impulse_scales_v1,81ae6d1c9687b785f50a7bd727c843073326fc3dbc0e106cd807d71be34cb474,operator,unit_impulse,NA,NA,unit_impulse,unit_impulse__unit_impulse_int32_10e4__7acd50ebaf8c72e2,unit_impulse_int32_10e4,10^4,10000,"shape=10000,idx=10000",INT32,CPU,not_applicable,compatibility/end-to-end,PASS,OK,20,100,3,0.027971,true,7acd50ebaf8c72e2d4fc39b75d565f8e6c8be7927e77faea02f0a254830fabf1,f8c784aa6b57396e7c5e094c34d079d8252473e46e2f60593a921dbebf941fcc
1,20260810T091417Z_bdef73fce32b_stage08_b08_formal_87730008,formal,20260810T091417Z,bdef73fce32b9234cec46609c420421a2b5cf2f6,false,stage08_b08_unit_impulse_scales_v1,81ae6d1c9687b785f50a7bd727c843073326fc3dbc0e106cd807d71be34cb474,operator,unit_impulse,NA,NA,unit_impulse,unit_impulse__unit_impulse_int32_10e4__7acd50ebaf8c72e2,unit_impulse_int32_10e4,10^4,10000,"shape=10000,idx=10000",INT32,CPU,not_applicable,compatibility/end-to-end,PASS,OK,20,100,4,0.026972,true,7acd50ebaf8c72e2d4fc39b75d565f8e6c8be7927e77faea02f0a254830fabf1,f8c784aa6b57396e7c5e094c34d079d8252473e46e2f60593a921dbebf941fcc
1,20260810T091417Z_bdef73fce32b_stage08_b08_formal_87730008,formal,20260810T091417Z,bdef73fce32b9234cec46609c420421a2b5cf2f6,false,stage08_b08_unit_impulse_scales_v1,81ae6d1c9687b785f50a7bd727c843073326fc3dbc0e106cd807d71be34cb474,operator,unit_impulse,NA,NA,unit_impulse,unit_impulse__unit_impulse_int32_10e4__7acd50ebaf8c72e2,unit_impulse_int32_10e4,10^4,10000,"shape=10000,idx=10000",INT32,CPU,not_applicable,compatibility/end-to-end,PASS,OK,20,100,5,0.027961,true,7acd50ebaf8c72e2d4fc39b75d565f8e6c8be7927e77faea02f0a254830fabf1,f8c784aa6b57396e7c5e094c34d079d8252473e46e2f60593a921dbebf941fcc
1,20260810T091417Z_bdef73fce32b_stage08_b08_formal_87730008,formal,20260810T091417Z,bdef73fce32b9234cec46609c420421a2b5cf2f6,false,stage08_b08_unit_impulse_scales_v1,81ae6d1c9687b785f50a7bd727c843073326fc3dbc0e106cd807d71be34cb474,operator,unit_impulse,NA,NA,unit_impulse,unit_impulse__unit_impulse_int32_10e4__7acd50ebaf8c72e2,unit_impulse_int32_10e4,10^4,10000,"shape=10000,idx=10000",INT32,CPU,not_applicable,compatibility/end-to-end,PASS,OK,20,100,6,0.027001,true,7acd50ebaf8c72e2d4fc39b75d565f8e6c8be7927e77faea02f0a254830fabf1,f8c784aa6b57396e7c5e094c34d079d8252473e46e2f60593a921dbebf941fcc
1,20260810T091417Z_bdef73fce32b_stage08_b08_formal_87730008,formal,20260810T091417Z,bdef73fce32b9234cec46609c420421a2b5cf2f6,false,stage08_b08_unit_impulse_scales_v1,81ae6d1c9687b785f50a7bd727c843073326fc3dbc0e106cd807d71be34cb474,operator,unit_impulse,NA,NA,unit_impulse,unit_impulse__unit_impulse_int32_10e4__7acd50ebaf8c72e2,unit_impulse_int32_10e4,10^4,10000,"shape=10000,idx=10000",INT32,CPU,not_applicable,compatibility/end-to-end,PASS,OK,20,100,7,0.027051,true,7acd50ebaf8c72e2d4fc39b75d565f8e6c8be7927e77faea02f0a254830fabf1,f8c784aa6b57396e7c5e094c34d079d8252473e46e2f60593a921dbebf941fcc
1,20260810T091417Z_bdef73fce32b_stage08_b08_formal_87730008,formal,20260810T091417Z,bdef73fce32b9234cec46609c420421a2b5cf2f6,false,stage08_b08_unit_impulse_scales_v1,81ae6d1c9687b785f50a7bd727c843073326fc3dbc0e106cd807d71be34cb474,operator,unit_impulse,NA,NA,unit_impulse,unit_impulse__unit_impulse_int32_10e4__7acd50ebaf8c72e2,unit_impulse_int32_10e4,10^4,10000,"shape=10000,idx=10000",INT32,CPU,not_applicable,compatibility/end-to-end,PASS,OK,20,100,8,0.030292,true,7acd50ebaf8c72e2d4fc39b75d565f8e6c8be7927e77faea02f0a254830fabf1,f8c784aa6b57396e7c5e094c34d079d8252473e46e2f60593a921dbebf941fcc
1,20260810T091417Z_bdef73fce32b_stage08_b08_formal_87730008,formal,20260810T091417Z,bdef73fce32b9234cec46609c420421a2b5cf2f6,false,stage08_b08_unit_impulse_scales_v1,81ae6d1c9687b785f50a7bd727c843073326fc3dbc0e106cd807d71be34cb474,operator,unit_impulse,NA,NA,unit_impulse,unit_impulse__unit_impulse_int32_10e4__7acd50ebaf8c72e2,unit_impulse_int32_10e4,10^4,10000,"shape=10000,idx=10000",INT32,CPU,not_applicable,compatibility/end-to-end,PASS,OK,20,100,9,0.027951,true,7acd50ebaf8c72e2d4fc39b75d565f8e6c8be7927e77faea02f0a254830fabf1,f8c784aa6b57396e7c5e094c34d079d8252473e46e2f60593a921dbebf941fcc
1,20260810T091417Z_bdef73fce32b_stage08_b08_formal_87730008,formal,20260810T091417Z,bdef73fce32b9234cec46609c420421a2b5cf2f6,false,stage08_b08_unit_impulse_scales_v1,81ae6d1c9687b785f50a7bd727c843073326fc3dbc0e106cd807d71be34cb474,operator,unit_impulse,NA,NA,unit_impulse,unit_impulse__unit_impulse_int32_10e4__7acd50ebaf8c72e2,unit_impulse_int32_10e4,10^4,10000,"shape=10000,idx=10000",INT32,CPU,not_applicable,compatibility/end-to-end,PASS,OK,20,100,10,0.026991,true,7acd50ebaf8c72e2d4fc39b75d565f8e6c8be7927e77faea02f0a254830fabf1,f8c784aa6b57396e7c5e094c34d079d8252473e46e2f60593a921dbebf941fcc
1,20260810T091417Z_bdef73fce32b_stage08_b08_formal_87730008,formal,20260810T091417Z,bdef73fce32b9234cec46609c420421a2b5cf2f6,false,stage08_b08_unit_impulse_scales_v1,81ae6d1c9687b785f50a7bd727c843073326fc3dbc0e106cd807d71be34cb474,operator,unit_impulse,NA,NA,unit_impulse,unit_impulse__unit_impulse_int32_10e4__7acd50ebaf8c72e2,unit_impulse_int32_10e4,10^4,10000,"shape=10000,idx=10000",INT32,CPU,not_applicable,compatibility/end-to-end,PASS,OK,20,100,11,0.026961,true,7acd50ebaf8c72e2d4fc39b75d565f8e6c8be7927e77faea02f0a254830fabf1,f8c784aa6b57396e7c5e094c34d079d8252473e46e2f60593a921dbebf941fcc
1,20260810T091417Z_bdef73fce32b_stage08_b08_formal_87730008,formal,20260810T091417Z,bdef73fce32b9234cec46609c420421a2b5cf2f6,false,stage08_b08_unit_impulse_scales_v1,81ae6d1c9687b785f50a7bd727c843073326fc3dbc0e106cd807d71be34cb474,operator,unit_impulse,NA,NA,unit_impulse,unit_impulse__unit_impulse_int32_10e4__7acd50ebaf8c72e2,unit_impulse_int32_10e4,10^4,10000,"shape=10000,idx=10000",INT32,CPU,not_applicable,compatibility/end-to-end,PASS,OK,20,100,12,0.030292,true,7acd50ebaf8c72e2d4fc39b75d565f8e6c8be7927e77faea02f0a254830fabf1,f8c784aa6b57396e7c5e094c34d079d8252473e46e2f60593a921dbebf941fcc
1,20260810T091417Z_bdef73fce32b_stage08_b08_formal_87730008,formal,20260810T091417Z,bdef73fce32b9234cec46609c420421a2b5cf2f6,false,stage08_b08_unit_impulse_scales_v1,81ae6d1c9687b785f50a7bd727c843073326fc3dbc0e106cd807d71be34cb474,operator,unit_impulse,NA,NA,unit_impulse,unit_impulse__unit_impulse_int32_10e4__7acd50ebaf8c72e2,unit_impulse_int32_10e4,10^4,10000,"shape=10000,idx=10000",INT32,CPU,not_applicable,compatibility/end-to-end,PASS,OK,20,100,13,0.030291,true,7acd50ebaf8c72e2d4fc39b75d565f8e6c8be7927e77faea02f0a254830fabf1,f8c784aa6b57396e7c5e094c34d079d8252473e46e2f60593a921dbebf941fcc
1,20260810T091417Z_bdef73fce32b_stage08_b08_formal_87730008,formal,20260810T091417Z,bdef73fce32b9234cec46609c420421a2b5cf2f6,false,stage08_b08_unit_impulse_scales_v1,81ae6d1c9687b785f50a7bd727c843073326fc3dbc0e106cd807d71be34cb474,operator,unit_impulse,NA,NA,unit_impulse,unit_impulse__unit_impulse_int32_10e4__7acd50ebaf8c72e2,unit_impulse_int32_10e4,10^4,10000,"shape=10000,idx=10000",INT32,CPU,not_applicable,compatibility/end-to-end,PASS,OK,20,100,14,0.026991,true,7acd50ebaf8c72e2d4fc39b75d565f8e6c8be7927e77faea02f0a254830fabf1,f8c784aa6b57396e7c5e094c34d079d8252473e46e2f60593a921dbebf941fcc
1,20260810T091417Z_bdef73fce32b_stage08_b08_formal_87730008,formal,20260810T091417Z,bdef73fce32b9234cec46609c420421a2b5cf2f6,false,stage08_b08_unit_impulse_scales_v1,81ae6d1c9687b785f50a7bd727c843073326fc3dbc0e106cd807d71be34cb474,operator,unit_impulse,NA,NA,unit_impulse,unit_impulse__unit_impulse_int32_10e4__7acd50ebaf8c72e2,unit_impulse_int32_10e4,10^4,10000,"shape=10000,idx=10000",INT32,CPU,not_applicable,compatibility/end-to-end,PASS,OK,20,100,15,0.026972,true,7acd50ebaf8c72e2d4fc39b75d565f8e6c8be7927e77faea02f0a254830fabf1,f8c784aa6b57396e7c5e094c34d079d8252473e46e2f60593a921dbebf941fcc
1,20260810T091417Z_bdef73fce32b_stage08_b08_formal_87730008,formal,20260810T091417Z,bdef73fce32b9234cec46609c420421a2b5cf2f6,false,stage08_b08_unit_impulse_scales_v1,81ae6d1c9687b785f50a7bd727c843073326fc3dbc0e106cd807d71be34cb474,operator,unit_impulse,NA,NA,unit_impulse,unit_impulse__unit_impulse_int32_10e4__7acd50ebaf8c72e2,unit_impulse_int32_10e4,10^4,10000,"shape=10000,idx=10000",INT32,CPU,not_applicable,compatibility/end-to-end,PASS,OK,20,100,16,0.027041,true,7acd50ebaf8c72e2d4fc39b75d565f8e6c8be7927e77faea02f0a254830fabf1,f8c784aa6b57396e7c5e094c34d079d8252473e46e2f60593a921dbebf941fcc
1,20260810T091417Z_bdef73fce32b_stage08_b08_formal_87730008,formal,20260810T091417Z,bdef73fce32b9234cec46609c420421a2b5cf2f6,false,stage08_b08_unit_impulse_scales_v1,81ae6d1c9687b785f50a7bd727c843073326fc3dbc0e106cd807d71be34cb474,operator,unit_impulse,NA,NA,unit_impulse,unit_impulse__unit_impulse_int32_10e4__7acd50ebaf8c72e2,unit_impulse_int32_10e4,10^4,10000,"shape=10000,idx=10000",INT32,CPU,not_applicable,compatibility/end-to-end,PASS,OK,20,100,17,0.027951,true,7acd50ebaf8c72e2d4fc39b75d565f8e6c8be7927e77faea02f0a254830fabf1,f8c784aa6b57396e7c5e094c34d079d8252473e46e2f60593a921dbebf941fcc
1,20260810T091417Z_bdef73fce32b_stage08_b08_formal_87730008,formal,20260810T091417Z,bdef73fce32b9234cec46609c420421a2b5cf2f6,false,stage08_b08_unit_impulse_scales_v1,81ae6d1c9687b785f50a7bd727c843073326fc3dbc0e106cd807d71be34cb474,operator,unit_impulse,NA,NA,unit_impulse,unit_impulse__unit_impulse_int32_10e4__7acd50ebaf8c72e2,unit_impulse_int32_10e4,10^4,10000,"shape=10000,idx=10000",INT32,CPU,not_applicable,compatibility/end-to-end,PASS,OK,20,100,18,0.030261,true,7acd50ebaf8c72e2d4fc39b75d565f8e6c8be7927e77faea02f0a254830fabf1,f8c784aa6b57396e7c5e094c34d079d8252473e46e2f60593a921dbebf941fcc
1,20260810T091417Z_bdef73fce32b_stage08_b08_formal_87730008,formal,20260810T091417Z,bdef73fce32b9234cec46609c420421a2b5cf2f6,false,stage08_b08_unit_impulse_scales_v1,81ae6d1c9687b785f50a7bd727c843073326fc3dbc0e106cd807d71be34cb474,operator,unit_impulse,NA,NA,unit_impulse,unit_impulse__unit_impulse_int32_10e4__7acd50ebaf8c72e2,unit_impulse_int32_10e4,10^4,10000,"shape=10000,idx=10000",INT32,CPU,not_applicable,compatibility/end-to-end,PASS,OK,20,100,19,0.030292,true,7acd50ebaf8c72e2d4fc39b75d565f8e6c8be7927e77faea02f0a254830fabf1,f8c784aa6b57396e7c5e094c34d079d8252473e46e2f60593a921dbebf941fcc
1,20260810T091417Z_bdef73fce32b_stage08_b08_formal_87730008,formal,20260810T091417Z,bdef73fce32b9234cec46609c420421a2b5cf2f6,false,stage08_b08_unit_impulse_scales_v1,81ae6d1c9687b785f50a7bd727c843073326fc3dbc0e106cd807d71be34cb474,operator,unit_impulse,NA,NA,unit_impulse,unit_impulse__unit_impulse_int32_10e4__7acd50ebaf8c72e2,unit_impulse_int32_10e4,10^4,10000,"shape=10000,idx=10000",INT32,CPU,not_applicable,compatibility/end-to-end,PASS,OK,20,100,20,0.029901,true,7acd50ebaf8c72e2d4fc39b75d565f8e6c8be7927e77faea02f0a254830fabf1,f8c784aa6b57396e7c5e094c34d079d8252473e46e2f60593a921dbebf941fcc
1,20260810T091417Z_bdef73fce32b_stage08_b08_formal_87730008,formal,20260810T091417Z,bdef73fce32b9234cec46609c420421a2b5cf2f6,false,stage08_b08_unit_impulse_scales_v1,81ae6d1c9687b785f50a7bd727c843073326fc3dbc0e106cd807d71be34cb474,operator,unit_impulse,NA,NA,unit_impulse,unit_impulse__unit_impulse_int32_10e4__7acd50ebaf8c72e2,unit_impulse_int32_10e4,10^4,10000,"shape=10000,idx=10000",INT32,CPU,not_applicable,compatibility/end-to-end,PASS,OK,20,100,21,0.030301,true,7acd50ebaf8c72e2d4fc39b75d565f8e6c8be7927e77faea02f0a254830fabf1,f8c784aa6b57396e7c5e094c34d079d8252473e46e2f60593a921dbebf941fcc
1,20260810T091417Z_bdef73fce32b_stage08_b08_formal_87730008,formal,20260810T091417Z,bdef73fce32b9234cec46609c420421a2b5cf2f6,false,stage08_b08_unit_impulse_scales_v1,81ae6d1c9687b785f50a7bd727c843073326fc3dbc0e106cd807d71be34cb474,operator,unit_impulse,NA,NA,unit_impulse,unit_impulse__unit_impulse_int32_10e4__7acd50ebaf8c72e2,unit_impulse_int32_10e4,10^4,10000,"shape=10000,idx=10000",INT32,CPU,not_applicable,compatibility/end-to-end,PASS,OK,20,100,22,0.029902,true,7acd50ebaf8c72e2d4fc39b75d565f8e6c8be7927e77faea02f0a254830fabf1,f8c784aa6b57396e7c5e094c34d079d8252473e46e2f60593a921dbebf941fcc
1,20260810T091417Z_bdef73fce32b_stage08_b08_formal_87730008,formal,20260810T091417Z,bdef73fce32b9234cec46609c420421a2b5cf2f6,false,stage08_b08_unit_impulse_scales_v1,81ae6d1c9687b785f50a7bd727c843073326fc3dbc0e106cd807d71be34cb474,operator,unit_impulse,NA,NA,unit_impulse,unit_impulse__unit_impulse_int32_10e4__7acd50ebaf8c72e2,unit_impulse_int32_10e4,10^4,10000,"shape=10000,idx=10000",INT32,CPU,not_applicable,compatibility/end-to-end,PASS,OK,20,100,23,0.029901,true,7acd50ebaf8c72e2d4fc39b75d565f8e6c8be7927e77faea02f0a254830fabf1,f8c784aa6b57396e7c5e094c34d079d8252473e46e2f60593a921dbebf941fcc
1,20260810T091417Z_bdef73fce32b_stage08_b08_formal_87730008,formal,20260810T091417Z,bdef73fce32b9234cec46609c420421a2b5cf2f6,false,stage08_b08_unit_impulse_scales_v1,81ae6d1c9687b785f50a7bd727c843073326fc3dbc0e106cd807d71be34cb474,operator,unit_impulse,NA,NA,unit_impulse,unit_impulse__unit_impulse_int32_10e4__7acd50ebaf8c72e2,unit_impulse_int32_10e4,10^4,10000,"shape=10000,idx=10000",INT32,CPU,not_applicable,compatibility/end-to-end,PASS,OK,20,100,24,0.038672,true,7acd50ebaf8c72e2d4fc39b75d565f8e6c8be7927e77faea02f0a254830fabf1,f8c784aa6b57396e7c5e094c34d079d8252473e46e2f60593a921dbebf941fcc
1,20260810T091417Z_bdef73fce32b_stage08_b08_formal_87730008,formal,20260810T091417Z,bdef73fce32b9234cec46609c420421a2b5cf2f6,false,stage08_b08_unit_impulse_scales_v1,81ae6d1c9687b785f50a7bd727c843073326fc3dbc0e106cd807d71be34cb474,operator,unit_impulse,NA,NA,unit_impulse,unit_impulse__unit_impulse_int32_10e4__7acd50ebaf8c72e2,unit_impulse_int32_10e4,10^4,10000,"shape=10000,idx=10000",INT32,CPU,not_applicable,compatibility/end-to-end,PASS,OK,20,100,25,0.027021,true,7acd50ebaf8c72e2d4fc39b75d565f8e6c8be7927e77faea02f0a254830fabf1,f8c784aa6b57396e7c5e094c34d079d8252473e46e2f60593a921dbebf941fcc
1,20260810T091417Z_bdef73fce32b_stage08_b08_formal_87730008,formal,20260810T091417Z,bdef73fce32b9234cec46609c420421a2b5cf2f6,false,stage08_b08_unit_impulse_scales_v1,81ae6d1c9687b785f50a7bd727c843073326fc3dbc0e106cd807d71be34cb474,operator,unit_impulse,NA,NA,unit_impulse,unit_impulse__unit_impulse_int32_10e4__7acd50ebaf8c72e2,unit_impulse_int32_10e4,10^4,10000,"shape=10000,idx=10000",INT32,CPU,not_applicable,compatibility/end-to-end,PASS,OK,20,100,26,0.026991,true,7acd50ebaf8c72e2d4fc39b75d565f8e6c8be7927e77faea02f0a254830fabf1,f8c784aa6b57396e7c5e094c34d079d8252473e46e2f60593a921dbebf941fcc
1,20260810T091417Z_bdef73fce32b_stage08_b08_formal_87730008,formal,20260810T091417Z,bdef73fce32b9234cec46609c420421a2b5cf2f6,false,stage08_b08_unit_impulse_scales_v1,81ae6d1c9687b785f50a7bd727c843073326fc3dbc0e106cd807d71be34cb474,operator,unit_impulse,NA,NA,unit_impulse,unit_impulse__unit_impulse_int32_10e4__7acd50ebaf8c72e2,unit_impulse_int32_10e4,10^4,10000,"shape=10000,idx=10000",INT32,CPU,not_applicable,compatibility/end-to-end,PASS,OK,20,100,27,0.026951,true,7acd50ebaf8c72e2d4fc39b75d565f8e6c8be7927e77faea02f0a254830fabf1,f8c784aa6b57396e7c5e094c34d079d8252473e46e2f60593a921dbebf941fcc
1,20260810T091417Z_bdef73fce32b_stage08_b08_formal_87730008,formal,20260810T091417Z,bdef73fce32b9234cec46609c420421a2b5cf2f6,false,stage08_b08_unit_impulse_scales_v1,81ae6d1c9687b785f50a7bd727c843073326fc3dbc0e106cd807d71be34cb474,operator,unit_impulse,NA,NA,unit_impulse,unit_impulse__unit_impulse_int32_10e4__7acd50ebaf8c72e2,unit_impulse_int32_10e4,10^4,10000,"shape=10000,idx=10000",INT32,CPU,not_applicable,compatibility/end-to-end,PASS,OK,20,100,28,0.030272,true,7acd50ebaf8c72e2d4fc39b75d565f8e6c8be7927e77faea02f0a254830fabf1,f8c784aa6b57396e7c5e094c34d079d8252473e46e2f60593a921dbebf941fcc
1,20260810T091417Z_bdef73fce32b_stage08_b08_formal_87730008,formal,20260810T091417Z,bdef73fce32b9234cec46609c420421a2b5cf2f6,false,stage08_b08_unit_impulse_scales_v1,81ae6d1c9687b785f50a7bd727c843073326fc3dbc0e106cd807d71be34cb474,operator,unit_impulse,NA,NA,unit_impulse,unit_impulse__unit_impulse_int32_10e4__7acd50ebaf8c72e2,unit_impulse_int32_10e4,10^4,10000,"shape=10000,idx=10000",INT32,CPU,not_applicable,compatibility/end-to-end,PASS,OK,20,100,29,0.030271,true,7acd50ebaf8c72e2d4fc39b75d565f8e6c8be7927e77faea02f0a254830fabf1,f8c784aa6b57396e7c5e094c34d079d8252473e46e2f60593a921dbebf941fcc
1,20260810T091417Z_bdef73fce32b_stage08_b08_formal_87730008,formal,20260810T091417Z,bdef73fce32b9234cec46609c420421a2b5cf2f6,false,stage08_b08_unit_impulse_scales_v1,81ae6d1c9687b785f50a7bd727c843073326fc3dbc0e106cd807d71be34cb474,operator,unit_impulse,NA,NA,unit_impulse,unit_impulse__unit_impulse_int32_10e4__7acd50ebaf8c72e2,unit_impulse_int32_10e4,10^4,10000,"shape=10000,idx=10000",INT32,CPU,not_applicable,compatibility/end-to-end,PASS,OK,20,100,30,0.029871,true,7acd50ebaf8c72e2d4fc39b75d565f8e6c8be7927e77faea02f0a254830fabf1,f8c784aa6b57396e7c5e094c34d079d8252473e46e2f60593a921dbebf941fcc
1,20260810T091417Z_bdef73fce32b_stage08_b08_formal_87730008,formal,20260810T091417Z,bdef73fce32b9234cec46609c420421a2b5cf2f6,false,stage08_b08_unit_impulse_scales_v1,81ae6d1c9687b785f50a7bd727c843073326fc3dbc0e106cd807d71be34cb474,operator,unit_impulse,NA,NA,unit_impulse,unit_impulse__unit_impulse_int32_10e4__7acd50ebaf8c72e2,unit_impulse_int32_10e4,10^4,10000,"shape=10000,idx=10000",INT32,CPU,not_applicable,compatibility/end-to-end,PASS,OK,20,100,31,0.030272,true,7acd50ebaf8c72e2d4fc39b75d565f8e6c8be7927e77faea02f0a254830fabf1,f8c784aa6b57396e7c5e094c34d079d8252473e46e2f60593a921dbebf941fcc
1,20260810T091417Z_bdef73fce32b_stage08_b08_formal_87730008,formal,20260810T091417Z,bdef73fce32b9234cec46609c420421a2b5cf2f6,false,stage08_b08_unit_impulse_scales_v1,81ae6d1c9687b785f50a7bd727c843073326fc3dbc0e106cd807d71be34cb474,operator,unit_impulse,NA,NA,unit_impulse,unit_impulse__unit_impulse_int32_10e4__7acd50ebaf8c72e2,unit_impulse_int32_10e4,10^4,10000,"shape=10000,idx=10000",INT32,CPU,not_applicable,compatibility/end-to-end,PASS,OK,20,100,32,0.030081,true,7acd50ebaf8c72e2d4fc39b75d565f8e6c8be7927e77faea02f0a254830fabf1,f8c784aa6b57396e7c5e094c34d079d8252473e46e2f60593a921dbebf941fcc
1,20260810T091417Z_bdef73fce32b_stage08_b08_formal_87730008,formal,20260810T091417Z,bdef73fce32b9234cec46609c420421a2b5cf2f6,false,stage08_b08_unit_impulse_scales_v1,81ae6d1c9687b785f50a7bd727c843073326fc3dbc0e106cd807d71be34cb474,operator,unit_impulse,NA,NA,unit_impulse,unit_impulse__unit_impulse_int32_10e4__7acd50ebaf8c72e2,unit_impulse_int32_10e4,10^4,10000,"shape=10000,idx=10000",INT32,CPU,not_applicable,compatibility/end-to-end,PASS,OK,20,100,33,0.029852,true,7acd50ebaf8c72e2d4fc39b75d565f8e6c8be7927e77faea02f0a254830fabf1,f8c784aa6b57396e7c5e094c34d079d8252473e46e2f60593a921dbebf941fcc
1,20260810T091417Z_bdef73fce32b_stage08_b08_formal_87730008,formal,20260810T091417Z,bdef73fce32b9234cec46609c420421a2b5cf2f6,false,stage08_b08_unit_impulse_scales_v1,81ae6d1c9687b785f50a7bd727c843073326fc3dbc0e106cd807d71be34cb474,operator,unit_impulse,NA,NA,unit_impulse,unit_impulse__unit_impulse_int32_10e4__7acd50ebaf8c72e2,unit_impulse_int32_10e4,10^4,10000,"shape=10000,idx=10000",INT32,CPU,not_applicable,compatibility/end-to-end,PASS,OK,20,100,34,0.027001,true,7acd50ebaf8c72e2d4fc39b75d565f8e6c8be7927e77faea02f0a254830fabf1,f8c784aa6b57396e7c5e094c34d079d8252473e46e2f60593a921dbebf941fcc
1,20260810T091417Z_bdef73fce32b_stage08_b08_formal_87730008,formal,20260810T091417Z,bdef73fce32b9234cec46609c420421a2b5cf2f6,false,stage08_b08_unit_impulse_scales_v1,81ae6d1c9687b785f50a7bd727c843073326fc3dbc0e106cd807d71be34cb474,operator,unit_impulse,NA,NA,unit_impulse,unit_impulse__unit_impulse_int32_10e4__7acd50ebaf8c72e2,unit_impulse_int32_10e4,10^4,10000,"shape=10000,idx=10000",INT32,CPU,not_applicable,compatibility/end-to-end,PASS,OK,20,100,35,0.029901,true,7acd50ebaf8c72e2d4fc39b75d565f8e6c8be7927e77faea02f0a254830fabf1,f8c784aa6b57396e7c5e094c34d079d8252473e46e2f60593a921dbebf941fcc
1,20260810T091417Z_bdef73fce32b_stage08_b08_formal_87730008,formal,20260810T091417Z,bdef73fce32b9234cec46609c420421a2b5cf2f6,false,stage08_b08_unit_impulse_scales_v1,81ae6d1c9687b785f50a7bd727c843073326fc3dbc0e106cd807d71be34cb474,operator,unit_impulse,NA,NA,unit_impulse,unit_impulse__unit_impulse_int32_10e4__7acd50ebaf8c72e2,unit_impulse_int32_10e4,10^4,10000,"shape=10000,idx=10000",INT32,CPU,not_applicable,compatibility/end-to-end,PASS,OK,20,100,36,0.030291,true,7acd50ebaf8c72e2d4fc39b75d565f8e6c8be7927e77faea02f0a254830fabf1,f8c784aa6b57396e7c5e094c34d079d8252473e46e2f60593a921dbebf941fcc
1,20260810T091417Z_bdef73fce32b_stage08_b08_formal_87730008,formal,20260810T091417Z,bdef73fce32b9234cec46609c420421a2b5cf2f6,false,stage08_b08_unit_impulse_scales_v1,81ae6d1c9687b785f50a7bd727c843073326fc3dbc0e106cd807d71be34cb474,operator,unit_impulse,NA,NA,unit_impulse,unit_impulse__unit_impulse_int32_10e4__7acd50ebaf8c72e2,unit_impulse_int32_10e4,10^4,10000,"shape=10000,idx=10000",INT32,CPU,not_applicable,compatibility/end-to-end,PASS,OK,20,100,37,0.030292,true,7acd50ebaf8c72e2d4fc39b75d565f8e6c8be7927e77faea02f0a254830fabf1,f8c784aa6b57396e7c5e094c34d079d8252473e46e2f60593a921dbebf941fcc
1,20260810T091417Z_bdef73fce32b_stage08_b08_formal_87730008,formal,20260810T091417Z,bdef73fce32b9234cec46609c420421a2b5cf2f6,false,stage08_b08_unit_impulse_scales_v1,81ae6d1c9687b785f50a7bd727c843073326fc3dbc0e106cd807d71be34cb474,operator,unit_impulse,NA,NA,unit_impulse,unit_impulse__unit_impulse_int32_10e4__7acd50ebaf8c72e2,unit_impulse_int32_10e4,10^4,10000,"shape=10000,idx=10000",INT32,CPU,not_applicable,compatibility/end-to-end,PASS,OK,20,100,38,0.029901,true,7acd50ebaf8c72e2d4fc39b75d565f8e6c8be7927e77faea02f0a254830fabf1,f8c784aa6b57396e7c5e094c34d079d8252473e46e2f60593a921dbebf941fcc
1,20260810T091417Z_bdef73fce32b_stage08_b08_formal_87730008,formal,20260810T091417Z,bdef73fce32b9234cec46609c420421a2b5cf2f6,false,stage08_b08_unit_impulse_scales_v1,81ae6d1c9687b785f50a7bd727c843073326fc3dbc0e106cd807d71be34cb474,operator,unit_impulse,NA,NA,unit_impulse,unit_impulse__unit_impulse_int32_10e4__7acd50ebaf8c72e2,unit_impulse_int32_10e4,10^4,10000,"shape=10000,idx=10000",INT32,CPU,not_applicable,compatibility/end-to-end,PASS,OK,20,100,39,0.029911,true,7acd50ebaf8c72e2d4fc39b75d565f8e6c8be7927e77faea02f0a254830fabf1,f8c784aa6b57396e7c5e094c34d079d8252473e46e2f60593a921dbebf941fcc
1,20260810T091417Z_bdef73fce32b_stage08_b08_formal_87730008,formal,20260810T091417Z,bdef73fce32b9234cec46609c420421a2b5cf2f6,false,stage08_b08_unit_impulse_scales_v1,81ae6d1c9687b785f50a7bd727c843073326fc3dbc0e106cd807d71be34cb474,operator,unit_impulse,NA,NA,unit_impulse,unit_impulse__unit_impulse_int32_10e4__7acd50ebaf8c72e2,unit_impulse_int32_10e4,10^4,10000,"shape=10000,idx=10000",INT32,CPU,not_applicable,compatibility/end-to-end,PASS,OK,20,100,40,0.029902,true,7acd50ebaf8c72e2d4fc39b75d565f8e6c8be7927e77faea02f0a254830fabf1,f8c784aa6b57396e7c5e094c34d079d8252473e46e2f60593a921dbebf941fcc
1,20260810T091417Z_bdef73fce32b_stage08_b08_formal_87730008,formal,20260810T091417Z,bdef73fce32b9234cec46609c420421a2b5cf2f6,false,stage08_b08_unit_impulse_scales_v1,81ae6d1c9687b785f50a7bd727c843073326fc3dbc0e106cd807d71be34cb474,operator,unit_impulse,NA,NA,unit_impulse,unit_impulse__unit_impulse_int32_10e4__7acd50ebaf8c72e2,unit_impulse_int32_10e4,10^4,10000,"shape=10000,idx=10000",INT32,CPU,not_applicable,compatibility/end-to-end,PASS,OK,20,100,41,0.030301,true,7acd50ebaf8c72e2d4fc39b75d565f8e6c8be7927e77faea02f0a254830fabf1,f8c784aa6b57396e7c5e094c34d079d8252473e46e2f60593a921dbebf941fcc
1,20260810T091417Z_bdef73fce32b_stage08_b08_formal_87730008,formal,20260810T091417Z,bdef73fce32b9234cec46609c420421a2b5cf2f6,false,stage08_b08_unit_impulse_scales_v1,81ae6d1c9687b785f50a7bd727c843073326fc3dbc0e106cd807d71be34cb474,operator,unit_impulse,NA,NA,unit_impulse,unit_impulse__unit_impulse_int32_10e4__7acd50ebaf8c72e2,unit_impulse_int32_10e4,10^4,10000,"shape=10000,idx=10000",INT32,CPU,not_applicable,compatibility/end-to-end,PASS,OK,20,100,42,0.029891,true,7acd50ebaf8c72e2d4fc39b75d565f8e6c8be7927e77faea02f0a254830fabf1,f8c784aa6b57396e7c5e094c34d079d8252473e46e2f60593a921dbebf941fcc
1,20260810T091417Z_bdef73fce32b_stage08_b08_formal_87730008,formal,20260810T091417Z,bdef73fce32b9234cec46609c420421a2b5cf2f6,false,stage08_b08_unit_impulse_scales_v1,81ae6d1c9687b785f50a7bd727c843073326fc3dbc0e106cd807d71be34cb474,operator,unit_impulse,NA,NA,unit_impulse,unit_impulse__unit_impulse_int32_10e4__7acd50ebaf8c72e2,unit_impulse_int32_10e4,10^4,10000,"shape=10000,idx=10000",INT32,CPU,not_applicable,compatibility/end-to-end,PASS,OK,20,100,43,0.030281,true,7acd50ebaf8c72e2d4fc39b75d565f8e6c8be7927e77faea02f0a254830fabf1,f8c784aa6b57396e7c5e094c34d079d8252473e46e2f60593a921dbebf941fcc
1,20260810T091417Z_bdef73fce32b_stage08_b08_formal_87730008,formal,20260810T091417Z,bdef73fce32b9234cec46609c420421a2b5cf2f6,false,stage08_b08_unit_impulse_scales_v1,81ae6d1c9687b785f50a7bd727c843073326fc3dbc0e106cd807d71be34cb474,operator,unit_impulse,NA,NA,unit_impulse,unit_impulse__unit_impulse_int32_10e4__7acd50ebaf8c72e2,unit_impulse_int32_10e4,10^4,10000,"shape=10000,idx=10000",INT32,CPU,not_applicable,compatibility/end-to-end,PASS,OK,20,100,44,0.029891,true,7acd50ebaf8c72e2d4fc39b75d565f8e6c8be7927e77faea02f0a254830fabf1,f8c784aa6b57396e7c5e094c34d079d8252473e46e2f60593a921dbebf941fcc
1,20260810T091417Z_bdef73fce32b_stage08_b08_formal_87730008,formal,20260810T091417Z,bdef73fce32b9234cec46609c420421a2b5cf2f6,false,stage08_b08_unit_impulse_scales_v1,81ae6d1c9687b785f50a7bd727c843073326fc3dbc0e106cd807d71be34cb474,operator,unit_impulse,NA,NA,unit_impulse,unit_impulse__unit_impulse_int32_10e4__7acd50ebaf8c72e2,unit_impulse_int32_10e4,10^4,10000,"shape=10000,idx=10000",INT32,CPU,not_applicable,compatibility/end-to-end,PASS,OK,20,100,45,0.030292,true,7acd50ebaf8c72e2d4fc39b75d565f8e6c8be7927e77faea02f0a254830fabf1,f8c784aa6b57396e7c5e094c34d079d8252473e46e2f60593a921dbebf941fcc
1,20260810T091417Z_bdef73fce32b_stage08_b08_formal_87730008,formal,20260810T091417Z,bdef73fce32b9234cec46609c420421a2b5cf2f6,false,stage08_b08_unit_impulse_scales_v1,81ae6d1c9687b785f50a7bd727c843073326fc3dbc0e106cd807d71be34cb474,operator,unit_impulse,NA,NA,unit_impulse,unit_impulse__unit_impulse_int32_10e4__7acd50ebaf8c72e2,unit_impulse_int32_10e4,10^4,10000,"shape=10000,idx=10000",INT32,CPU,not_applicable,compatibility/end-to-end,PASS,OK,20,100,46,0.029891,true,7acd50ebaf8c72e2d4fc39b75d565f8e6c8be7927e77faea02f0a254830fabf1,f8c784aa6b57396e7c5e094c34d079d8252473e46e2f60593a921dbebf941fcc
1,20260810T091417Z_bdef73fce32b_stage08_b08_formal_87730008,formal,20260810T091417Z,bdef73fce32b9234cec46609c420421a2b5cf2f6,false,stage08_b08_unit_impulse_scales_v1,81ae6d1c9687b785f50a7bd727c843073326fc3dbc0e106cd807d71be34cb474,operator,unit_impulse,NA,NA,unit_impulse,unit_impulse__unit_impulse_int32_10e4__7acd50ebaf8c72e2,unit_impulse_int32_10e4,10^4,10000,"shape=10000,idx=10000",INT32,CPU,not_applicable,compatibility/end-to-end,PASS,OK,20,100,47,0.026961,true,7acd50ebaf8c72e2d4fc39b75d565f8e6c8be7927e77faea02f0a254830fabf1,f8c784aa6b57396e7c5e094c34d079d8252473e46e2f60593a921dbebf941fcc
1,20260810T091417Z_bdef73fce32b_stage08_b08_formal_87730008,formal,20260810T091417Z,bdef73fce32b9234cec46609c420421a2b5cf2f6,false,stage08_b08_unit_impulse_scales_v1,81ae6d1c9687b785f50a7bd727c843073326fc3dbc0e106cd807d71be34cb474,operator,unit_impulse,NA,NA,unit_impulse,unit_impulse__unit_impulse_int32_10e4__7acd50ebaf8c72e2,unit_impulse_int32_10e4,10^4,10000,"shape=10000,idx=10000",INT32,CPU,not_applicable,compatibility/end-to-end,PASS,OK,20,100,48,0.029891,true,7acd50ebaf8c72e2d4fc39b75d565f8e6c8be7927e77faea02f0a254830fabf1,f8c784aa6b57396e7c5e094c34d079d8252473e46e2f60593a921dbebf941fcc
1,20260810T091417Z_bdef73fce32b_stage08_b08_formal_87730008,formal,20260810T091417Z,bdef73fce32b9234cec46609c420421a2b5cf2f6,false,stage08_b08_unit_impulse_scales_v1,81ae6d1c9687b785f50a7bd727c843073326fc3dbc0e106cd807d71be34cb474,operator,unit_impulse,NA,NA,unit_impulse,unit_impulse__unit_impulse_int32_10e4__7acd50ebaf8c72e2,unit_impulse_int32_10e4,10^4,10000,"shape=10000,idx=10000",INT32,CPU,not_applicable,compatibility/end-to-end,PASS,OK,20,100,49,0.030292,true,7acd50ebaf8c72e2d4fc39b75d565f8e6c8be7927e77faea02f0a254830fabf1,f8c784aa6b57396e7c5e094c34d079d8252473e46e2f60593a921dbebf941fcc
1,20260810T091417Z_bdef73fce32b_stage08_b08_formal_87730008,formal,20260810T091417Z,bdef73fce32b9234cec46609c420421a2b5cf2f6,false,stage08_b08_unit_impulse_scales_v1,81ae6d1c9687b785f50a7bd727c843073326fc3dbc0e106cd807d71be34cb474,operator,unit_impulse,NA,NA,unit_impulse,unit_impulse__unit_impulse_int32_10e4__7acd50ebaf8c72e2,unit_impulse_int32_10e4,10^4,10000,"shape=10000,idx=10000",INT32,CPU,not_applicable,compatibility/end-to-end,PASS,OK,20,100,50,0.029861,true,7acd50ebaf8c72e2d4fc39b75d565f8e6c8be7927e77faea02f0a254830fabf1,f8c784aa6b57396e7c5e094c34d079d8252473e46e2f60593a921dbebf941fcc
1,20260810T091417Z_bdef73fce32b_stage08_b08_formal_87730008,formal,20260810T091417Z,bdef73fce32b9234cec46609c420421a2b5cf2f6,false,stage08_b08_unit_impulse_scales_v1,81ae6d1c9687b785f50a7bd727c843073326fc3dbc0e106cd807d71be34cb474,operator,unit_impulse,NA,NA,unit_impulse,unit_impulse__unit_impulse_int32_10e4__7acd50ebaf8c72e2,unit_impulse_int32_10e4,10^4,10000,"shape=10000,idx=10000",INT32,CPU,not_applicable,compatibility/end-to-end,PASS,OK,20,100,51,0.026971,true,7acd50ebaf8c72e2d4fc39b75d565f8e6c8be7927e77faea02f0a254830fabf1,f8c784aa6b57396e7c5e094c34d079d8252473e46e2f60593a921dbebf941fcc
1,20260810T091417Z_bdef73fce32b_stage08_b08_formal_87730008,formal,20260810T091417Z,bdef73fce32b9234cec46609c420421a2b5cf2f6,false,stage08_b08_unit_impulse_scales_v1,81ae6d1c9687b785f50a7bd727c843073326fc3dbc0e106cd807d71be34cb474,operator,unit_impulse,NA,NA,unit_impulse,unit_impulse__unit_impulse_int32_10e4__7acd50ebaf8c72e2,unit_impulse_int32_10e4,10^4,10000,"shape=10000,idx=10000",INT32,CPU,not_applicable,compatibility/end-to-end,PASS,OK,20,100,52,0.030292,true,7acd50ebaf8c72e2d4fc39b75d565f8e6c8be7927e77faea02f0a254830fabf1,f8c784aa6b57396e7c5e094c34d079d8252473e46e2f60593a921dbebf941fcc
1,20260810T091417Z_bdef73fce32b_stage08_b08_formal_87730008,formal,20260810T091417Z,bdef73fce32b9234cec46609c420421a2b5cf2f6,false,stage08_b08_unit_impulse_scales_v1,81ae6d1c9687b785f50a7bd727c843073326fc3dbc0e106cd807d71be34cb474,operator,unit_impulse,NA,NA,unit_impulse,unit_impulse__unit_impulse_int32_10e4__7acd50ebaf8c72e2,unit_impulse_int32_10e4,10^4,10000,"shape=10000,idx=10000",INT32,CPU,not_applicable,compatibility/end-to-end,PASS,OK,20,100,53,0.030291,true,7acd50ebaf8c72e2d4fc39b75d565f8e6c8be7927e77faea02f0a254830fabf1,f8c784aa6b57396e7c5e094c34d079d8252473e46e2f60593a921dbebf941fcc
1,20260810T091417Z_bdef73fce32b_stage08_b08_formal_87730008,formal,20260810T091417Z,bdef73fce32b9234cec46609c420421a2b5cf2f6,false,stage08_b08_unit_impulse_scales_v1,81ae6d1c9687b785f50a7bd727c843073326fc3dbc0e106cd807d71be34cb474,operator,unit_impulse,NA,NA,unit_impulse,unit_impulse__unit_impulse_int32_10e4__7acd50ebaf8c72e2,unit_impulse_int32_10e4,10^4,10000,"shape=10000,idx=10000",INT32,CPU,not_applicable,compatibility/end-to-end,PASS,OK,20,100,54,0.029901,true,7acd50ebaf8c72e2d4fc39b75d565f8e6c8be7927e77faea02f0a254830fabf1,f8c784aa6b57396e7c5e094c34d079d8252473e46e2f60593a921dbebf941fcc
1,20260810T091417Z_bdef73fce32b_stage08_b08_formal_87730008,formal,20260810T091417Z,bdef73fce32b9234cec46609c420421a2b5cf2f6,false,stage08_b08_unit_impulse_scales_v1,81ae6d1c9687b785f50a7bd727c843073326fc3dbc0e106cd807d71be34cb474,operator,unit_impulse,NA,NA,unit_impulse,unit_impulse__unit_impulse_int32_10e4__7acd50ebaf8c72e2,unit_impulse_int32_10e4,10^4,10000,"shape=10000,idx=10000",INT32,CPU,not_applicable,compatibility/end-to-end,PASS,OK,20,100,55,0.030292,true,7acd50ebaf8c72e2d4fc39b75d565f8e6c8be7927e77faea02f0a254830fabf1,f8c784aa6b57396e7c5e094c34d079d8252473e46e2f60593a921dbebf941fcc
1,20260810T091417Z_bdef73fce32b_stage08_b08_formal_87730008,formal,20260810T091417Z,bdef73fce32b9234cec46609c420421a2b5cf2f6,false,stage08_b08_unit_impulse_scales_v1,81ae6d1c9687b785f50a7bd727c843073326fc3dbc0e106cd807d71be34cb474,operator,unit_impulse,NA,NA,unit_impulse,unit_impulse__unit_impulse_int32_10e4__7acd50ebaf8c72e2,unit_impulse_int32_10e4,10^4,10000,"shape=10000,idx=10000",INT32,CPU,not_applicable,compatibility/end-to-end,PASS,OK,20,100,56,0.030291,true,7acd50ebaf8c72e2d4fc39b75d565f8e6c8be7927e77faea02f0a254830fabf1,f8c784aa6b57396e7c5e094c34d079d8252473e46e2f60593a921dbebf941fcc
1,20260810T091417Z_bdef73fce32b_stage08_b08_formal_87730008,formal,20260810T091417Z,bdef73fce32b9234cec46609c420421a2b5cf2f6,false,stage08_b08_unit_impulse_scales_v1,81ae6d1c9687b785f50a7bd727c843073326fc3dbc0e106cd807d71be34cb474,operator,unit_impulse,NA,NA,unit_impulse,unit_impulse__unit_impulse_int32_10e4__7acd50ebaf8c72e2,unit_impulse_int32_10e4,10^4,10000,"shape=10000,idx=10000",INT32,CPU,not_applicable,compatibility/end-to-end,PASS,OK,20,100,57,0.030281,true,7acd50ebaf8c72e2d4fc39b75d565f8e6c8be7927e77faea02f0a254830fabf1,f8c784aa6b57396e7c5e094c34d079d8252473e46e2f60593a921dbebf941fcc
1,20260810T091417Z_bdef73fce32b_stage08_b08_formal_87730008,formal,20260810T091417Z,bdef73fce32b9234cec46609c420421a2b5cf2f6,false,stage08_b08_unit_impulse_scales_v1,81ae6d1c9687b785f50a7bd727c843073326fc3dbc0e106cd807d71be34cb474,operator,unit_impulse,NA,NA,unit_impulse,unit_impulse__unit_impulse_int32_10e4__7acd50ebaf8c72e2,unit_impulse_int32_10e4,10^4,10000,"shape=10000,idx=10000",INT32,CPU,not_applicable,compatibility/end-to-end,PASS,OK,20,100,58,0.029892,true,7acd50ebaf8c72e2d4fc39b75d565f8e6c8be7927e77faea02f0a254830fabf1,f8c784aa6b57396e7c5e094c34d079d8252473e46e2f60593a921dbebf941fcc
1,20260810T091417Z_bdef73fce32b_stage08_b08_formal_87730008,formal,20260810T091417Z,bdef73fce32b9234cec46609c420421a2b5cf2f6,false,stage08_b08_unit_impulse_scales_v1,81ae6d1c9687b785f50a7bd727c843073326fc3dbc0e106cd807d71be34cb474,operator,unit_impulse,NA,NA,unit_impulse,unit_impulse__unit_impulse_int32_10e4__7acd50ebaf8c72e2,unit_impulse_int32_10e4,10^4,10000,"shape=10000,idx=10000",INT32,CPU,not_applicable,compatibility/end-to-end,PASS,OK,20,100,59,0.030301,true,7acd50ebaf8c72e2d4fc39b75d565f8e6c8be7927e77faea02f0a254830fabf1,f8c784aa6b57396e7c5e094c34d079d8252473e46e2f60593a921dbebf941fcc
1,20260810T091417Z_bdef73fce32b_stage08_b08_formal_87730008,formal,20260810T091417Z,bdef73fce32b9234cec46609c420421a2b5cf2f6,false,stage08_b08_unit_impulse_scales_v1,81ae6d1c9687b785f50a7bd727c843073326fc3dbc0e106cd807d71be34cb474,operator,unit_impulse,NA,NA,unit_impulse,unit_impulse__unit_impulse_int32_10e4__7acd50ebaf8c72e2,unit_impulse_int32_10e4,10^4,10000,"shape=10000,idx=10000",INT32,CPU,not_applicable,compatibility/end-to-end,PASS,OK,20,100,60,0.029891,true,7acd50ebaf8c72e2d4fc39b75d565f8e6c8be7927e77faea02f0a254830fabf1,f8c784aa6b57396e7c5e094c34d079d8252473e46e2f60593a921dbebf941fcc
1,20260810T091417Z_bdef73fce32b_stage08_b08_formal_87730008,formal,20260810T091417Z,bdef73fce32b9234cec46609c420421a2b5cf2f6,false,stage08_b08_unit_impulse_scales_v1,81ae6d1c9687b785f50a7bd727c843073326fc3dbc0e106cd807d71be34cb474,operator,unit_impulse,NA,NA,unit_impulse,unit_impulse__unit_impulse_int32_10e4__7acd50ebaf8c72e2,unit_impulse_int32_10e4,10^4,10000,"shape=10000,idx=10000",INT32,CPU,not_applicable,compatibility/end-to-end,PASS,OK,20,100,61,0.026972,true,7acd50ebaf8c72e2d4fc39b75d565f8e6c8be7927e77faea02f0a254830fabf1,f8c784aa6b57396e7c5e094c34d079d8252473e46e2f60593a921dbebf941fcc
1,20260810T091417Z_bdef73fce32b_stage08_b08_formal_87730008,formal,20260810T091417Z,bdef73fce32b9234cec46609c420421a2b5cf2f6,false,stage08_b08_unit_impulse_scales_v1,81ae6d1c9687b785f50a7bd727c843073326fc3dbc0e106cd807d71be34cb474,operator,unit_impulse,NA,NA,unit_impulse,unit_impulse__unit_impulse_int32_10e4__7acd50ebaf8c72e2,unit_impulse_int32_10e4,10^4,10000,"shape=10000,idx=10000",INT32,CPU,not_applicable,compatibility/end-to-end,PASS,OK,20,100,62,0.029901,true,7acd50ebaf8c72e2d4fc39b75d565f8e6c8be7927e77faea02f0a254830fabf1,f8c784aa6b57396e7c5e094c34d079d8252473e46e2f60593a921dbebf941fcc
1,20260810T091417Z_bdef73fce32b_stage08_b08_formal_87730008,formal,20260810T091417Z,bdef73fce32b9234cec46609c420421a2b5cf2f6,false,stage08_b08_unit_impulse_scales_v1,81ae6d1c9687b785f50a7bd727c843073326fc3dbc0e106cd807d71be34cb474,operator,unit_impulse,NA,NA,unit_impulse,unit_impulse__unit_impulse_int32_10e4__7acd50ebaf8c72e2,unit_impulse_int32_10e4,10^4,10000,"shape=10000,idx=10000",INT32,CPU,not_applicable,compatibility/end-to-end,PASS,OK,20,100,63,0.029921,true,7acd50ebaf8c72e2d4fc39b75d565f8e6c8be7927e77faea02f0a254830fabf1,f8c784aa6b57396e7c5e094c34d079d8252473e46e2f60593a921dbebf941fcc
1,20260810T091417Z_bdef73fce32b_stage08_b08_formal_87730008,formal,20260810T091417Z,bdef73fce32b9234cec46609c420421a2b5cf2f6,false,stage08_b08_unit_impulse_scales_v1,81ae6d1c9687b785f50a7bd727c843073326fc3dbc0e106cd807d71be34cb474,operator,unit_impulse,NA,NA,unit_impulse,unit_impulse__unit_impulse_int32_10e4__7acd50ebaf8c72e2,unit_impulse_int32_10e4,10^4,10000,"shape=10000,idx=10000",INT32,CPU,not_applicable,compatibility/end-to-end,PASS,OK,20,100,64,0.029902,true,7acd50ebaf8c72e2d4fc39b75d565f8e6c8be7927e77faea02f0a254830fabf1,f8c784aa6b57396e7c5e094c34d079d8252473e46e2f60593a921dbebf941fcc
1,20260810T091417Z_bdef73fce32b_stage08_b08_formal_87730008,formal,20260810T091417Z,bdef73fce32b9234cec46609c420421a2b5cf2f6,false,stage08_b08_unit_impulse_scales_v1,81ae6d1c9687b785f50a7bd727c843073326fc3dbc0e106cd807d71be34cb474,operator,unit_impulse,NA,NA,unit_impulse,unit_impulse__unit_impulse_int32_10e4__7acd50ebaf8c72e2,unit_impulse_int32_10e4,10^4,10000,"shape=10000,idx=10000",INT32,CPU,not_applicable,compatibility/end-to-end,PASS,OK,20,100,65,0.028051,true,7acd50ebaf8c72e2d4fc39b75d565f8e6c8be7927e77faea02f0a254830fabf1,f8c784aa6b57396e7c5e094c34d079d8252473e46e2f60593a921dbebf941fcc
1,20260810T091417Z_bdef73fce32b_stage08_b08_formal_87730008,formal,20260810T091417Z,bdef73fce32b9234cec46609c420421a2b5cf2f6,false,stage08_b08_unit_impulse_scales_v1,81ae6d1c9687b785f50a7bd727c843073326fc3dbc0e106cd807d71be34cb474,operator,unit_impulse,NA,NA,unit_impulse,unit_impulse__unit_impulse_int32_10e4__7acd50ebaf8c72e2,unit_impulse_int32_10e4,10^4,10000,"shape=10000,idx=10000",INT32,CPU,not_applicable,compatibility/end-to-end,PASS,OK,20,100,66,0.030091,true,7acd50ebaf8c72e2d4fc39b75d565f8e6c8be7927e77faea02f0a254830fabf1,f8c784aa6b57396e7c5e094c34d079d8252473e46e2f60593a921dbebf941fcc
1,20260810T091417Z_bdef73fce32b_stage08_b08_formal_87730008,formal,20260810T091417Z,bdef73fce32b9234cec46609c420421a2b5cf2f6,false,stage08_b08_unit_impulse_scales_v1,81ae6d1c9687b785f50a7bd727c843073326fc3dbc0e106cd807d71be34cb474,operator,unit_impulse,NA,NA,unit_impulse,unit_impulse__unit_impulse_int32_10e4__7acd50ebaf8c72e2,unit_impulse_int32_10e4,10^4,10000,"shape=10000,idx=10000",INT32,CPU,not_applicable,compatibility/end-to-end,PASS,OK,20,100,67,0.026972,true,7acd50ebaf8c72e2d4fc39b75d565f8e6c8be7927e77faea02f0a254830fabf1,f8c784aa6b57396e7c5e094c34d079d8252473e46e2f60593a921dbebf941fcc
1,20260810T091417Z_bdef73fce32b_stage08_b08_formal_87730008,formal,20260810T091417Z,bdef73fce32b9234cec46609c420421a2b5cf2f6,false,stage08_b08_unit_impulse_scales_v1,81ae6d1c9687b785f50a7bd727c843073326fc3dbc0e106cd807d71be34cb474,operator,unit_impulse,NA,NA,unit_impulse,unit_impulse__unit_impulse_int32_10e4__7acd50ebaf8c72e2,unit_impulse_int32_10e4,10^4,10000,"shape=10000,idx=10000",INT32,CPU,not_applicable,compatibility/end-to-end,PASS,OK,20,100,68,0.026971,true,7acd50ebaf8c72e2d4fc39b75d565f8e6c8be7927e77faea02f0a254830fabf1,f8c784aa6b57396e7c5e094c34d079d8252473e46e2f60593a921dbebf941fcc
1,20260810T091417Z_bdef73fce32b_stage08_b08_formal_87730008,formal,20260810T091417Z,bdef73fce32b9234cec46609c420421a2b5cf2f6,false,stage08_b08_unit_impulse_scales_v1,81ae6d1c9687b785f50a7bd727c843073326fc3dbc0e106cd807d71be34cb474,operator,unit_impulse,NA,NA,unit_impulse,unit_impulse__unit_impulse_int32_10e4__7acd50ebaf8c72e2,unit_impulse_int32_10e4,10^4,10000,"shape=10000,idx=10000",INT32,CPU,not_applicable,compatibility/end-to-end,PASS,OK,20,100,69,0.026961,true,7acd50ebaf8c72e2d4fc39b75d565f8e6c8be7927e77faea02f0a254830fabf1,f8c784aa6b57396e7c5e094c34d079d8252473e46e2f60593a921dbebf941fcc
1,20260810T091417Z_bdef73fce32b_stage08_b08_formal_87730008,formal,20260810T091417Z,bdef73fce32b9234cec46609c420421a2b5cf2f6,false,stage08_b08_unit_impulse_scales_v1,81ae6d1c9687b785f50a7bd727c843073326fc3dbc0e106cd807d71be34cb474,operator,unit_impulse,NA,NA,unit_impulse,unit_impulse__unit_impulse_int32_10e4__7acd50ebaf8c72e2,unit_impulse_int32_10e4,10^4,10000,"shape=10000,idx=10000",INT32,CPU,not_applicable,compatibility/end-to-end,PASS,OK,20,100,70,0.027041,true,7acd50ebaf8c72e2d4fc39b75d565f8e6c8be7927e77faea02f0a254830fabf1,f8c784aa6b57396e7c5e094c34d079d8252473e46e2f60593a921dbebf941fcc
1,20260810T091417Z_bdef73fce32b_stage08_b08_formal_87730008,formal,20260810T091417Z,bdef73fce32b9234cec46609c420421a2b5cf2f6,false,stage08_b08_unit_impulse_scales_v1,81ae6d1c9687b785f50a7bd727c843073326fc3dbc0e106cd807d71be34cb474,operator,unit_impulse,NA,NA,unit_impulse,unit_impulse__unit_impulse_int32_10e4__7acd50ebaf8c72e2,unit_impulse_int32_10e4,10^4,10000,"shape=10000,idx=10000",INT32,CPU,not_applicable,compatibility/end-to-end,PASS,OK,20,100,71,0.026981,true,7acd50ebaf8c72e2d4fc39b75d565f8e6c8be7927e77faea02f0a254830fabf1,f8c784aa6b57396e7c5e094c34d079d8252473e46e2f60593a921dbebf941fcc
1,20260810T091417Z_bdef73fce32b_stage08_b08_formal_87730008,formal,20260810T091417Z,bdef73fce32b9234cec46609c420421a2b5cf2f6,false,stage08_b08_unit_impulse_scales_v1,81ae6d1c9687b785f50a7bd727c843073326fc3dbc0e106cd807d71be34cb474,operator,unit_impulse,NA,NA,unit_impulse,unit_impulse__unit_impulse_int32_10e4__7acd50ebaf8c72e2,unit_impulse_int32_10e4,10^4,10000,"shape=10000,idx=10000",INT32,CPU,not_applicable,compatibility/end-to-end,PASS,OK,20,100,72,0.027002,true,7acd50ebaf8c72e2d4fc39b75d565f8e6c8be7927e77faea02f0a254830fabf1,f8c784aa6b57396e7c5e094c34d079d8252473e46e2f60593a921dbebf941fcc
1,20260810T091417Z_bdef73fce32b_stage08_b08_formal_87730008,formal,20260810T091417Z,bdef73fce32b9234cec46609c420421a2b5cf2f6,false,stage08_b08_unit_impulse_scales_v1,81ae6d1c9687b785f50a7bd727c843073326fc3dbc0e106cd807d71be34cb474,operator,unit_impulse,NA,NA,unit_impulse,unit_impulse__unit_impulse_int32_10e4__7acd50ebaf8c72e2,unit_impulse_int32_10e4,10^4,10000,"shape=10000,idx=10000",INT32,CPU,not_applicable,compatibility/end-to-end,PASS,OK,20,100,73,0.027031,true,7acd50ebaf8c72e2d4fc39b75d565f8e6c8be7927e77faea02f0a254830fabf1,f8c784aa6b57396e7c5e094c34d079d8252473e46e2f60593a921dbebf941fcc
1,20260810T091417Z_bdef73fce32b_stage08_b08_formal_87730008,formal,20260810T091417Z,bdef73fce32b9234cec46609c420421a2b5cf2f6,false,stage08_b08_unit_impulse_scales_v1,81ae6d1c9687b785f50a7bd727c843073326fc3dbc0e106cd807d71be34cb474,operator,unit_impulse,NA,NA,unit_impulse,unit_impulse__unit_impulse_int32_10e4__7acd50ebaf8c72e2,unit_impulse_int32_10e4,10^4,10000,"shape=10000,idx=10000",INT32,CPU,not_applicable,compatibility/end-to-end,PASS,OK,20,100,74,0.027001,true,7acd50ebaf8c72e2d4fc39b75d565f8e6c8be7927e77faea02f0a254830fabf1,f8c784aa6b57396e7c5e094c34d079d8252473e46e2f60593a921dbebf941fcc
1,20260810T091417Z_bdef73fce32b_stage08_b08_formal_87730008,formal,20260810T091417Z,bdef73fce32b9234cec46609c420421a2b5cf2f6,false,stage08_b08_unit_impulse_scales_v1,81ae6d1c9687b785f50a7bd727c843073326fc3dbc0e106cd807d71be34cb474,operator,unit_impulse,NA,NA,unit_impulse,unit_impulse__unit_impulse_int32_10e4__7acd50ebaf8c72e2,unit_impulse_int32_10e4,10^4,10000,"shape=10000,idx=10000",INT32,CPU,not_applicable,compatibility/end-to-end,PASS,OK,20,100,75,0.026981,true,7acd50ebaf8c72e2d4fc39b75d565f8e6c8be7927e77faea02f0a254830fabf1,f8c784aa6b57396e7c5e094c34d079d8252473e46e2f60593a921dbebf941fcc
1,20260810T091417Z_bdef73fce32b_stage08_b08_formal_87730008,formal,20260810T091417Z,bdef73fce32b9234cec46609c420421a2b5cf2f6,false,stage08_b08_unit_impulse_scales_v1,81ae6d1c9687b785f50a7bd727c843073326fc3dbc0e106cd807d71be34cb474,operator,unit_impulse,NA,NA,unit_impulse,unit_impulse__unit_impulse_int32_10e4__7acd50ebaf8c72e2,unit_impulse_int32_10e4,10^4,10000,"shape=10000,idx=10000",INT32,CPU,not_applicable,compatibility/end-to-end,PASS,OK,20,100,76,0.027001,true,7acd50ebaf8c72e2d4fc39b75d565f8e6c8be7927e77faea02f0a254830fabf1,f8c784aa6b57396e7c5e094c34d079d8252473e46e2f60593a921dbebf941fcc
1,20260810T091417Z_bdef73fce32b_stage08_b08_formal_87730008,formal,20260810T091417Z,bdef73fce32b9234cec46609c420421a2b5cf2f6,false,stage08_b08_unit_impulse_scales_v1,81ae6d1c9687b785f50a7bd727c843073326fc3dbc0e106cd807d71be34cb474,operator,unit_impulse,NA,NA,unit_impulse,unit_impulse__unit_impulse_int32_10e4__7acd50ebaf8c72e2,unit_impulse_int32_10e4,10^4,10000,"shape=10000,idx=10000",INT32,CPU,not_applicable,compatibility/end-to-end,PASS,OK,20,100,77,0.029242,true,7acd50ebaf8c72e2d4fc39b75d565f8e6c8be7927e77faea02f0a254830fabf1,f8c784aa6b57396e7c5e094c34d079d8252473e46e2f60593a921dbebf941fcc
1,20260810T091417Z_bdef73fce32b_stage08_b08_formal_87730008,formal,20260810T091417Z,bdef73fce32b9234cec46609c420421a2b5cf2f6,false,stage08_b08_unit_impulse_scales_v1,81ae6d1c9687b785f50a7bd727c843073326fc3dbc0e106cd807d71be34cb474,operator,unit_impulse,NA,NA,unit_impulse,unit_impulse__unit_impulse_int32_10e4__7acd50ebaf8c72e2,unit_impulse_int32_10e4,10^4,10000,"shape=10000,idx=10000",INT32,CPU,not_applicable,compatibility/end-to-end,PASS,OK,20,100,78,0.027001,true,7acd50ebaf8c72e2d4fc39b75d565f8e6c8be7927e77faea02f0a254830fabf1,f8c784aa6b57396e7c5e094c34d079d8252473e46e2f60593a921dbebf941fcc
1,20260810T091417Z_bdef73fce32b_stage08_b08_formal_87730008,formal,20260810T091417Z,bdef73fce32b9234cec46609c420421a2b5cf2f6,false,stage08_b08_unit_impulse_scales_v1,81ae6d1c9687b785f50a7bd727c843073326fc3dbc0e106cd807d71be34cb474,operator,unit_impulse,NA,NA,unit_impulse,unit_impulse__unit_impulse_int32_10e4__7acd50ebaf8c72e2,unit_impulse_int32_10e4,10^4,10000,"shape=10000,idx=10000",INT32,CPU,not_applicable,compatibility/end-to-end,PASS,OK,20,100,79,0.026991,true,7acd50ebaf8c72e2d4fc39b75d565f8e6c8be7927e77faea02f0a254830fabf1,f8c784aa6b57396e7c5e094c34d079d8252473e46e2f60593a921dbebf941fcc
1,20260810T091417Z_bdef73fce32b_stage08_b08_formal_87730008,formal,20260810T091417Z,bdef73fce32b9234cec46609c420421a2b5cf2f6,false,stage08_b08_unit_impulse_scales_v1,81ae6d1c9687b785f50a7bd727c843073326fc3dbc0e106cd807d71be34cb474,operator,unit_impulse,NA,NA,unit_impulse,unit_impulse__unit_impulse_int32_10e4__7acd50ebaf8c72e2,unit_impulse_int32_10e4,10^4,10000,"shape=10000,idx=10000",INT32,CPU,not_applicable,compatibility/end-to-end,PASS,OK,20,100,80,0.026971,true,7acd50ebaf8c72e2d4fc39b75d565f8e6c8be7927e77faea02f0a254830fabf1,f8c784aa6b57396e7c5e094c34d079d8252473e46e2f60593a921dbebf941fcc
1,20260810T091417Z_bdef73fce32b_stage08_b08_formal_87730008,formal,20260810T091417Z,bdef73fce32b9234cec46609c420421a2b5cf2f6,false,stage08_b08_unit_impulse_scales_v1,81ae6d1c9687b785f50a7bd727c843073326fc3dbc0e106cd807d71be34cb474,operator,unit_impulse,NA,NA,unit_impulse,unit_impulse__unit_impulse_int32_10e4__7acd50ebaf8c72e2,unit_impulse_int32_10e4,10^4,10000,"shape=10000,idx=10000",INT32,CPU,not_applicable,compatibility/end-to-end,PASS,OK,20,100,81,0.026962,true,7acd50ebaf8c72e2d4fc39b75d565f8e6c8be7927e77faea02f0a254830fabf1,f8c784aa6b57396e7c5e094c34d079d8252473e46e2f60593a921dbebf941fcc
1,20260810T091417Z_bdef73fce32b_stage08_b08_formal_87730008,formal,20260810T091417Z,bdef73fce32b9234cec46609c420421a2b5cf2f6,false,stage08_b08_unit_impulse_scales_v1,81ae6d1c9687b785f50a7bd727c843073326fc3dbc0e106cd807d71be34cb474,operator,unit_impulse,NA,NA,unit_impulse,unit_impulse__unit_impulse_int32_10e4__7acd50ebaf8c72e2,unit_impulse_int32_10e4,10^4,10000,"shape=10000,idx=10000",INT32,CPU,not_applicable,compatibility/end-to-end,PASS,OK,20,100,82,0.026961,true,7acd50ebaf8c72e2d4fc39b75d565f8e6c8be7927e77faea02f0a254830fabf1,f8c784aa6b57396e7c5e094c34d079d8252473e46e2f60593a921dbebf941fcc
1,20260810T091417Z_bdef73fce32b_stage08_b08_formal_87730008,formal,20260810T091417Z,bdef73fce32b9234cec46609c420421a2b5cf2f6,false,stage08_b08_unit_impulse_scales_v1,81ae6d1c9687b785f50a7bd727c843073326fc3dbc0e106cd807d71be34cb474,operator,unit_impulse,NA,NA,unit_impulse,unit_impulse__unit_impulse_int32_10e4__7acd50ebaf8c72e2,unit_impulse_int32_10e4,10^4,10000,"shape=10000,idx=10000",INT32,CPU,not_applicable,compatibility/end-to-end,PASS,OK,20,100,83,0.026991,true,7acd50ebaf8c72e2d4fc39b75d565f8e6c8be7927e77faea02f0a254830fabf1,f8c784aa6b57396e7c5e094c34d079d8252473e46e2f60593a921dbebf941fcc
1,20260810T091417Z_bdef73fce32b_stage08_b08_formal_87730008,formal,20260810T091417Z,bdef73fce32b9234cec46609c420421a2b5cf2f6,false,stage08_b08_unit_impulse_scales_v1,81ae6d1c9687b785f50a7bd727c843073326fc3dbc0e106cd807d71be34cb474,operator,unit_impulse,NA,NA,unit_impulse,unit_impulse__unit_impulse_int32_10e4__7acd50ebaf8c72e2,unit_impulse_int32_10e4,10^4,10000,"shape=10000,idx=10000",INT32,CPU,not_applicable,compatibility/end-to-end,PASS,OK,20,100,84,0.026961,true,7acd50ebaf8c72e2d4fc39b75d565f8e6c8be7927e77faea02f0a254830fabf1,f8c784aa6b57396e7c5e094c34d079d8252473e46e2f60593a921dbebf941fcc
1,20260810T091417Z_bdef73fce32b_stage08_b08_formal_87730008,formal,20260810T091417Z,bdef73fce32b9234cec46609c420421a2b5cf2f6,false,stage08_b08_unit_impulse_scales_v1,81ae6d1c9687b785f50a7bd727c843073326fc3dbc0e106cd807d71be34cb474,operator,unit_impulse,NA,NA,unit_impulse,unit_impulse__unit_impulse_int32_10e4__7acd50ebaf8c72e2,unit_impulse_int32_10e4,10^4,10000,"shape=10000,idx=10000",INT32,CPU,not_applicable,compatibility/end-to-end,PASS,OK,20,100,85,0.026981,true,7acd50ebaf8c72e2d4fc39b75d565f8e6c8be7927e77faea02f0a254830fabf1,f8c784aa6b57396e7c5e094c34d079d8252473e46e2f60593a921dbebf941fcc
1,20260810T091417Z_bdef73fce32b_stage08_b08_formal_87730008,formal,20260810T091417Z,bdef73fce32b9234cec46609c420421a2b5cf2f6,false,stage08_b08_unit_impulse_scales_v1,81ae6d1c9687b785f50a7bd727c843073326fc3dbc0e106cd807d71be34cb474,operator,unit_impulse,NA,NA,unit_impulse,unit_impulse__unit_impulse_int32_10e4__7acd50ebaf8c72e2,unit_impulse_int32_10e4,10^4,10000,"shape=10000,idx=10000",INT32,CPU,not_applicable,compatibility/end-to-end,PASS,OK,20,100,86,0.027012,true,7acd50ebaf8c72e2d4fc39b75d565f8e6c8be7927e77faea02f0a254830fabf1,f8c784aa6b57396e7c5e094c34d079d8252473e46e2f60593a921dbebf941fcc
1,20260810T091417Z_bdef73fce32b_stage08_b08_formal_87730008,formal,20260810T091417Z,bdef73fce32b9234cec46609c420421a2b5cf2f6,false,stage08_b08_unit_impulse_scales_v1,81ae6d1c9687b785f50a7bd727c843073326fc3dbc0e106cd807d71be34cb474,operator,unit_impulse,NA,NA,unit_impulse,unit_impulse__unit_impulse_int32_10e4__7acd50ebaf8c72e2,unit_impulse_int32_10e4,10^4,10000,"shape=10000,idx=10000",INT32,CPU,not_applicable,compatibility/end-to-end,PASS,OK,20,100,87,0.026981,true,7acd50ebaf8c72e2d4fc39b75d565f8e6c8be7927e77faea02f0a254830fabf1,f8c784aa6b57396e7c5e094c34d079d8252473e46e2f60593a921dbebf941fcc
1,20260810T091417Z_bdef73fce32b_stage08_b08_formal_87730008,formal,20260810T091417Z,bdef73fce32b9234cec46609c420421a2b5cf2f6,false,stage08_b08_unit_impulse_scales_v1,81ae6d1c9687b785f50a7bd727c843073326fc3dbc0e106cd807d71be34cb474,operator,unit_impulse,NA,NA,unit_impulse,unit_impulse__unit_impulse_int32_10e4__7acd50ebaf8c72e2,unit_impulse_int32_10e4,10^4,10000,"shape=10000,idx=10000",INT32,CPU,not_applicable,compatibility/end-to-end,PASS,OK,20,100,88,0.026991,true,7acd50ebaf8c72e2d4fc39b75d565f8e6c8be7927e77faea02f0a254830fabf1,f8c784aa6b57396e7c5e094c34d079d8252473e46e2f60593a921dbebf941fcc
1,20260810T091417Z_bdef73fce32b_stage08_b08_formal_87730008,formal,20260810T091417Z,bdef73fce32b9234cec46609c420421a2b5cf2f6,false,stage08_b08_unit_impulse_scales_v1,81ae6d1c9687b785f50a7bd727c843073326fc3dbc0e106cd807d71be34cb474,operator,unit_impulse,NA,NA,unit_impulse,unit_impulse__unit_impulse_int32_10e4__7acd50ebaf8c72e2,unit_impulse_int32_10e4,10^4,10000,"shape=10000,idx=10000",INT32,CPU,not_applicable,compatibility/end-to-end,PASS,OK,20,100,89,0.026961,true,7acd50ebaf8c72e2d4fc39b75d565f8e6c8be7927e77faea02f0a254830fabf1,f8c784aa6b57396e7c5e094c34d079d8252473e46e2f60593a921dbebf941fcc
1,20260810T091417Z_bdef73fce32b_stage08_b08_formal_87730008,formal,20260810T091417Z,bdef73fce32b9234cec46609c420421a2b5cf2f6,false,stage08_b08_unit_impulse_scales_v1,81ae6d1c9687b785f50a7bd727c843073326fc3dbc0e106cd807d71be34cb474,operator,unit_impulse,NA,NA,unit_impulse,unit_impulse__unit_impulse_int32_10e4__7acd50ebaf8c72e2,unit_impulse_int32_10e4,10^4,10000,"shape=10000,idx=10000",INT32,CPU,not_applicable,compatibility/end-to-end,PASS,OK,20,100,90,0.027021,true,7acd50ebaf8c72e2d4fc39b75d565f8e6c8be7927e77faea02f0a254830fabf1,f8c784aa6b57396e7c5e094c34d079d8252473e46e2f60593a921dbebf941fcc
1,20260810T091417Z_bdef73fce32b_stage08_b08_formal_87730008,formal,20260810T091417Z,bdef73fce32b9234cec46609c420421a2b5cf2f6,false,stage08_b08_unit_impulse_scales_v1,81ae6d1c9687b785f50a7bd727c843073326fc3dbc0e106cd807d71be34cb474,operator,unit_impulse,NA,NA,unit_impulse,unit_impulse__unit_impulse_int32_10e4__7acd50ebaf8c72e2,unit_impulse_int32_10e4,10^4,10000,"shape=10000,idx=10000",INT32,CPU,not_applicable,compatibility/end-to-end,PASS,OK,20,100,91,0.027032,true,7acd50ebaf8c72e2d4fc39b75d565f8e6c8be7927e77faea02f0a254830fabf1,f8c784aa6b57396e7c5e094c34d079d8252473e46e2f60593a921dbebf941fcc
1,20260810T091417Z_bdef73fce32b_stage08_b08_formal_87730008,formal,20260810T091417Z,bdef73fce32b9234cec46609c420421a2b5cf2f6,false,stage08_b08_unit_impulse_scales_v1,81ae6d1c9687b785f50a7bd727c843073326fc3dbc0e106cd807d71be34cb474,operator,unit_impulse,NA,NA,unit_impulse,unit_impulse__unit_impulse_int32_10e4__7acd50ebaf8c72e2,unit_impulse_int32_10e4,10^4,10000,"shape=10000,idx=10000",INT32,CPU,not_applicable,compatibility/end-to-end,PASS,OK,20,100,92,0.026981,true,7acd50ebaf8c72e2d4fc39b75d565f8e6c8be7927e77faea02f0a254830fabf1,f8c784aa6b57396e7c5e094c34d079d8252473e46e2f60593a921dbebf941fcc
1,20260810T091417Z_bdef73fce32b_stage08_b08_formal_87730008,formal,20260810T091417Z,bdef73fce32b9234cec46609c420421a2b5cf2f6,false,stage08_b08_unit_impulse_scales_v1,81ae6d1c9687b785f50a7bd727c843073326fc3dbc0e106cd807d71be34cb474,operator,unit_impulse,NA,NA,unit_impulse,unit_impulse__unit_impulse_int32_10e4__7acd50ebaf8c72e2,unit_impulse_int32_10e4,10^4,10000,"shape=10000,idx=10000",INT32,CPU,not_applicable,compatibility/end-to-end,PASS,OK,20,100,93,0.026961,true,7acd50ebaf8c72e2d4fc39b75d565f8e6c8be7927e77faea02f0a254830fabf1,f8c784aa6b57396e7c5e094c34d079d8252473e46e2f60593a921dbebf941fcc
1,20260810T091417Z_bdef73fce32b_stage08_b08_formal_87730008,formal,20260810T091417Z,bdef73fce32b9234cec46609c420421a2b5cf2f6,false,stage08_b08_unit_impulse_scales_v1,81ae6d1c9687b785f50a7bd727c843073326fc3dbc0e106cd807d71be34cb474,operator,unit_impulse,NA,NA,unit_impulse,unit_impulse__unit_impulse_int32_10e4__7acd50ebaf8c72e2,unit_impulse_int32_10e4,10^4,10000,"shape=10000,idx=10000",INT32,CPU,not_applicable,compatibility/end-to-end,PASS,OK,20,100,94,0.026991,true,7acd50ebaf8c72e2d4fc39b75d565f8e6c8be7927e77faea02f0a254830fabf1,f8c784aa6b57396e7c5e094c34d079d8252473e46e2f60593a921dbebf941fcc
1,20260810T091417Z_bdef73fce32b_stage08_b08_formal_87730008,formal,20260810T091417Z,bdef73fce32b9234cec46609c420421a2b5cf2f6,false,stage08_b08_unit_impulse_scales_v1,81ae6d1c9687b785f50a7bd727c843073326fc3dbc0e106cd807d71be34cb474,operator,unit_impulse,NA,NA,unit_impulse,unit_impulse__unit_impulse_int32_10e4__7acd50ebaf8c72e2,unit_impulse_int32_10e4,10^4,10000,"shape=10000,idx=10000",INT32,CPU,not_applicable,compatibility/end-to-end,PASS,OK,20,100,95,0.027021,true,7acd50ebaf8c72e2d4fc39b75d565f8e6c8be7927e77faea02f0a254830fabf1,f8c784aa6b57396e7c5e094c34d079d8252473e46e2f60593a921dbebf941fcc
1,20260810T091417Z_bdef73fce32b_stage08_b08_formal_87730008,formal,20260810T091417Z,bdef73fce32b9234cec46609c420421a2b5cf2f6,false,stage08_b08_unit_impulse_scales_v1,81ae6d1c9687b785f50a7bd727c843073326fc3dbc0e106cd807d71be34cb474,operator,unit_impulse,NA,NA,unit_impulse,unit_impulse__unit_impulse_int32_10e4__7acd50ebaf8c72e2,unit_impulse_int32_10e4,10^4,10000,"shape=10000,idx=10000",INT32,CPU,not_applicable,compatibility/end-to-end,PASS,OK,20,100,96,0.026961,true,7acd50ebaf8c72e2d4fc39b75d565f8e6c8be7927e77faea02f0a254830fabf1,f8c784aa6b57396e7c5e094c34d079d8252473e46e2f60593a921dbebf941fcc
1,20260810T091417Z_bdef73fce32b_stage08_b08_formal_87730008,formal,20260810T091417Z,bdef73fce32b9234cec46609c420421a2b5cf2f6,false,stage08_b08_unit_impulse_scales_v1,81ae6d1c9687b785f50a7bd727c843073326fc3dbc0e106cd807d71be34cb474,operator,unit_impulse,NA,NA,unit_impulse,unit_impulse__unit_impulse_int32_10e4__7acd50ebaf8c72e2,unit_impulse_int32_10e4,10^4,10000,"shape=10000,idx=10000",INT32,CPU,not_applicable,compatibility/end-to-end,PASS,OK,20,100,97,0.026971,true,7acd50ebaf8c72e2d4fc39b75d565f8e6c8be7927e77faea02f0a254830fabf1,f8c784aa6b57396e7c5e094c34d079d8252473e46e2f60593a921dbebf941fcc
1,20260810T091417Z_bdef73fce32b_stage08_b08_formal_87730008,formal,20260810T091417Z,bdef73fce32b9234cec46609c420421a2b5cf2f6,false,stage08_b08_unit_impulse_scales_v1,81ae6d1c9687b785f50a7bd727c843073326fc3dbc0e106cd807d71be34cb474,operator,unit_impulse,NA,NA,unit_impulse,unit_impulse__unit_impulse_int32_10e4__7acd50ebaf8c72e2,unit_impulse_int32_10e4,10^4,10000,"shape=10000,idx=10000",INT32,CPU,not_applicable,compatibility/end-to-end,PASS,OK,20,100,98,0.027041,true,7acd50ebaf8c72e2d4fc39b75d565f8e6c8be7927e77faea02f0a254830fabf1,f8c784aa6b57396e7c5e094c34d079d8252473e46e2f60593a921dbebf941fcc
1,20260810T091417Z_bdef73fce32b_stage08_b08_formal_87730008,formal,20260810T091417Z,bdef73fce32b9234cec46609c420421a2b5cf2f6,false,stage08_b08_unit_impulse_scales_v1,81ae6d1c9687b785f50a7bd727c843073326fc3dbc0e106cd807d71be34cb474,operator,unit_impulse,NA,NA,unit_impulse,unit_impulse__unit_impulse_int32_10e4__7acd50ebaf8c72e2,unit_impulse_int32_10e4,10^4,10000,"shape=10000,idx=10000",INT32,CPU,not_applicable,compatibility/end-to-end,PASS,OK,20,100,99,0.026971,true,7acd50ebaf8c72e2d4fc39b75d565f8e6c8be7927e77faea02f0a254830fabf1,f8c784aa6b57396e7c5e094c34d079d8252473e46e2f60593a921dbebf941fcc
1,20260810T091417Z_bdef73fce32b_stage08_b08_formal_87730008,formal,20260810T091417Z,bdef73fce32b9234cec46609c420421a2b5cf2f6,false,stage08_b08_unit_impulse_scales_v1,81ae6d1c9687b785f50a7bd727c843073326fc3dbc0e106cd807d71be34cb474,operator,unit_impulse,NA,NA,unit_impulse,unit_impulse__unit_impulse_int32_10e4__7acd50ebaf8c72e2,unit_impulse_int32_10e4,10^4,10000,"shape=10000,idx=10000",INT32,GPU,not_applicable,compatibility/end-to-end,PASS,OK,20,100,0,0.164687,true,7acd50ebaf8c72e2d4fc39b75d565f8e6c8be7927e77faea02f0a254830fabf1,f8c784aa6b57396e7c5e094c34d079d8252473e46e2f60593a921dbebf941fcc
1,20260810T091417Z_bdef73fce32b_stage08_b08_formal_87730008,formal,20260810T091417Z,bdef73fce32b9234cec46609c420421a2b5cf2f6,false,stage08_b08_unit_impulse_scales_v1,81ae6d1c9687b785f50a7bd727c843073326fc3dbc0e106cd807d71be34cb474,operator,unit_impulse,NA,NA,unit_impulse,unit_impulse__unit_impulse_int32_10e4__7acd50ebaf8c72e2,unit_impulse_int32_10e4,10^4,10000,"shape=10000,idx=10000",INT32,GPU,not_applicable,compatibility/end-to-end,PASS,OK,20,100,1,0.163247,true,7acd50ebaf8c72e2d4fc39b75d565f8e6c8be7927e77faea02f0a254830fabf1,f8c784aa6b57396e7c5e094c34d079d8252473e46e2f60593a921dbebf941fcc
1,20260810T091417Z_bdef73fce32b_stage08_b08_formal_87730008,formal,20260810T091417Z,bdef73fce32b9234cec46609c420421a2b5cf2f6,false,stage08_b08_unit_impulse_scales_v1,81ae6d1c9687b785f50a7bd727c843073326fc3dbc0e106cd807d71be34cb474,operator,unit_impulse,NA,NA,unit_impulse,unit_impulse__unit_impulse_int32_10e4__7acd50ebaf8c72e2,unit_impulse_int32_10e4,10^4,10000,"shape=10000,idx=10000",INT32,GPU,not_applicable,compatibility/end-to-end,PASS,OK,20,100,2,0.162718,true,7acd50ebaf8c72e2d4fc39b75d565f8e6c8be7927e77faea02f0a254830fabf1,f8c784aa6b57396e7c5e094c34d079d8252473e46e2f60593a921dbebf941fcc
1,20260810T091417Z_bdef73fce32b_stage08_b08_formal_87730008,formal,20260810T091417Z,bdef73fce32b9234cec46609c420421a2b5cf2f6,false,stage08_b08_unit_impulse_scales_v1,81ae6d1c9687b785f50a7bd727c843073326fc3dbc0e106cd807d71be34cb474,operator,unit_impulse,NA,NA,unit_impulse,unit_impulse__unit_impulse_int32_10e4__7acd50ebaf8c72e2,unit_impulse_int32_10e4,10^4,10000,"shape=10000,idx=10000",INT32,GPU,not_applicable,compatibility/end-to-end,PASS,OK,20,100,3,0.160777,true,7acd50ebaf8c72e2d4fc39b75d565f8e6c8be7927e77faea02f0a254830fabf1,f8c784aa6b57396e7c5e094c34d079d8252473e46e2f60593a921dbebf941fcc
1,20260810T091417Z_bdef73fce32b_stage08_b08_formal_87730008,formal,20260810T091417Z,bdef73fce32b9234cec46609c420421a2b5cf2f6,false,stage08_b08_unit_impulse_scales_v1,81ae6d1c9687b785f50a7bd727c843073326fc3dbc0e106cd807d71be34cb474,operator,unit_impulse,NA,NA,unit_impulse,unit_impulse__unit_impulse_int32_10e4__7acd50ebaf8c72e2,unit_impulse_int32_10e4,10^4,10000,"shape=10000,idx=10000",INT32,GPU,not_applicable,compatibility/end-to-end,PASS,OK,20,100,4,0.160707,true,7acd50ebaf8c72e2d4fc39b75d565f8e6c8be7927e77faea02f0a254830fabf1,f8c784aa6b57396e7c5e094c34d079d8252473e46e2f60593a921dbebf941fcc
1,20260810T091417Z_bdef73fce32b_stage08_b08_formal_87730008,formal,20260810T091417Z,bdef73fce32b9234cec46609c420421a2b5cf2f6,false,stage08_b08_unit_impulse_scales_v1,81ae6d1c9687b785f50a7bd727c843073326fc3dbc0e106cd807d71be34cb474,operator,unit_impulse,NA,NA,unit_impulse,unit_impulse__unit_impulse_int32_10e4__7acd50ebaf8c72e2,unit_impulse_int32_10e4,10^4,10000,"shape=10000,idx=10000",INT32,GPU,not_applicable,compatibility/end-to-end,PASS,OK,20,100,5,0.162547,true,7acd50ebaf8c72e2d4fc39b75d565f8e6c8be7927e77faea02f0a254830fabf1,f8c784aa6b57396e7c5e094c34d079d8252473e46e2f60593a921dbebf941fcc
1,20260810T091417Z_bdef73fce32b_stage08_b08_formal_87730008,formal,20260810T091417Z,bdef73fce32b9234cec46609c420421a2b5cf2f6,false,stage08_b08_unit_impulse_scales_v1,81ae6d1c9687b785f50a7bd727c843073326fc3dbc0e106cd807d71be34cb474,operator,unit_impulse,NA,NA,unit_impulse,unit_impulse__unit_impulse_int32_10e4__7acd50ebaf8c72e2,unit_impulse_int32_10e4,10^4,10000,"shape=10000,idx=10000",INT32,GPU,not_applicable,compatibility/end-to-end,PASS,OK,20,100,6,0.163598,true,7acd50ebaf8c72e2d4fc39b75d565f8e6c8be7927e77faea02f0a254830fabf1,f8c784aa6b57396e7c5e094c34d079d8252473e46e2f60593a921dbebf941fcc
1,20260810T091417Z_bdef73fce32b_stage08_b08_formal_87730008,formal,20260810T091417Z,bdef73fce32b9234cec46609c420421a2b5cf2f6,false,stage08_b08_unit_impulse_scales_v1,81ae6d1c9687b785f50a7bd727c843073326fc3dbc0e106cd807d71be34cb474,operator,unit_impulse,NA,NA,unit_impulse,unit_impulse__unit_impulse_int32_10e4__7acd50ebaf8c72e2,unit_impulse_int32_10e4,10^4,10000,"shape=10000,idx=10000",INT32,GPU,not_applicable,compatibility/end-to-end,PASS,OK,20,100,7,0.160497,true,7acd50ebaf8c72e2d4fc39b75d565f8e6c8be7927e77faea02f0a254830fabf1,f8c784aa6b57396e7c5e094c34d079d8252473e46e2f60593a921dbebf941fcc
1,20260810T091417Z_bdef73fce32b_stage08_b08_formal_87730008,formal,20260810T091417Z,bdef73fce32b9234cec46609c420421a2b5cf2f6,false,stage08_b08_unit_impulse_scales_v1,81ae6d1c9687b785f50a7bd727c843073326fc3dbc0e106cd807d71be34cb474,operator,unit_impulse,NA,NA,unit_impulse,unit_impulse__unit_impulse_int32_10e4__7acd50ebaf8c72e2,unit_impulse_int32_10e4,10^4,10000,"shape=10000,idx=10000",INT32,GPU,not_applicable,compatibility/end-to-end,PASS,OK,20,100,8,0.160567,true,7acd50ebaf8c72e2d4fc39b75d565f8e6c8be7927e77faea02f0a254830fabf1,f8c784aa6b57396e7c5e094c34d079d8252473e46e2f60593a921dbebf941fcc
1,20260810T091417Z_bdef73fce32b_stage08_b08_formal_87730008,formal,20260810T091417Z,bdef73fce32b9234cec46609c420421a2b5cf2f6,false,stage08_b08_unit_impulse_scales_v1,81ae6d1c9687b785f50a7bd727c843073326fc3dbc0e106cd807d71be34cb474,operator,unit_impulse,NA,NA,unit_impulse,unit_impulse__unit_impulse_int32_10e4__7acd50ebaf8c72e2,unit_impulse_int32_10e4,10^4,10000,"shape=10000,idx=10000",INT32,GPU,not_applicable,compatibility/end-to-end,PASS,OK,20,100,9,0.160307,true,7acd50ebaf8c72e2d4fc39b75d565f8e6c8be7927e77faea02f0a254830fabf1,f8c784aa6b57396e7c5e094c34d079d8252473e46e2f60593a921dbebf941fcc
1,20260810T091417Z_bdef73fce32b_stage08_b08_formal_87730008,formal,20260810T091417Z,bdef73fce32b9234cec46609c420421a2b5cf2f6,false,stage08_b08_unit_impulse_scales_v1,81ae6d1c9687b785f50a7bd727c843073326fc3dbc0e106cd807d71be34cb474,operator,unit_impulse,NA,NA,unit_impulse,unit_impulse__unit_impulse_int32_10e4__7acd50ebaf8c72e2,unit_impulse_int32_10e4,10^4,10000,"shape=10000,idx=10000",INT32,GPU,not_applicable,compatibility/end-to-end,PASS,OK,20,100,10,0.159587,true,7acd50ebaf8c72e2d4fc39b75d565f8e6c8be7927e77faea02f0a254830fabf1,f8c784aa6b57396e7c5e094c34d079d8252473e46e2f60593a921dbebf941fcc
1,20260810T091417Z_bdef73fce32b_stage08_b08_formal_87730008,formal,20260810T091417Z,bdef73fce32b9234cec46609c420421a2b5cf2f6,false,stage08_b08_unit_impulse_scales_v1,81ae6d1c9687b785f50a7bd727c843073326fc3dbc0e106cd807d71be34cb474,operator,unit_impulse,NA,NA,unit_impulse,unit_impulse__unit_impulse_int32_10e4__7acd50ebaf8c72e2,unit_impulse_int32_10e4,10^4,10000,"shape=10000,idx=10000",INT32,GPU,not_applicable,compatibility/end-to-end,PASS,OK,20,100,11,0.160157,true,7acd50ebaf8c72e2d4fc39b75d565f8e6c8be7927e77faea02f0a254830fabf1,f8c784aa6b57396e7c5e094c34d079d8252473e46e2f60593a921dbebf941fcc
1,20260810T091417Z_bdef73fce32b_stage08_b08_formal_87730008,formal,20260810T091417Z,bdef73fce32b9234cec46609c420421a2b5cf2f6,false,stage08_b08_unit_impulse_scales_v1,81ae6d1c9687b785f50a7bd727c843073326fc3dbc0e106cd807d71be34cb474,operator,unit_impulse,NA,NA,unit_impulse,unit_impulse__unit_impulse_int32_10e4__7acd50ebaf8c72e2,unit_impulse_int32_10e4,10^4,10000,"shape=10000,idx=10000",INT32,GPU,not_applicable,compatibility/end-to-end,PASS,OK,20,100,12,0.162718,true,7acd50ebaf8c72e2d4fc39b75d565f8e6c8be7927e77faea02f0a254830fabf1,f8c784aa6b57396e7c5e094c34d079d8252473e46e2f60593a921dbebf941fcc
1,20260810T091417Z_bdef73fce32b_stage08_b08_formal_87730008,formal,20260810T091417Z,bdef73fce32b9234cec46609c420421a2b5cf2f6,false,stage08_b08_unit_impulse_scales_v1,81ae6d1c9687b785f50a7bd727c843073326fc3dbc0e106cd807d71be34cb474,operator,unit_impulse,NA,NA,unit_impulse,unit_impulse__unit_impulse_int32_10e4__7acd50ebaf8c72e2,unit_impulse_int32_10e4,10^4,10000,"shape=10000,idx=10000",INT32,GPU,not_applicable,compatibility/end-to-end,PASS,OK,20,100,13,0.160227,true,7acd50ebaf8c72e2d4fc39b75d565f8e6c8be7927e77faea02f0a254830fabf1,f8c784aa6b57396e7c5e094c34d079d8252473e46e2f60593a921dbebf941fcc
1,20260810T091417Z_bdef73fce32b_stage08_b08_formal_87730008,formal,20260810T091417Z,bdef73fce32b9234cec46609c420421a2b5cf2f6,false,stage08_b08_unit_impulse_scales_v1,81ae6d1c9687b785f50a7bd727c843073326fc3dbc0e106cd807d71be34cb474,operator,unit_impulse,NA,NA,unit_impulse,unit_impulse__unit_impulse_int32_10e4__7acd50ebaf8c72e2,unit_impulse_int32_10e4,10^4,10000,"shape=10000,idx=10000",INT32,GPU,not_applicable,compatibility/end-to-end,PASS,OK,20,100,14,0.162267,true,7acd50ebaf8c72e2d4fc39b75d565f8e6c8be7927e77faea02f0a254830fabf1,f8c784aa6b57396e7c5e094c34d079d8252473e46e2f60593a921dbebf941fcc
1,20260810T091417Z_bdef73fce32b_stage08_b08_formal_87730008,formal,20260810T091417Z,bdef73fce32b9234cec46609c420421a2b5cf2f6,false,stage08_b08_unit_impulse_scales_v1,81ae6d1c9687b785f50a7bd727c843073326fc3dbc0e106cd807d71be34cb474,operator,unit_impulse,NA,NA,unit_impulse,unit_impulse__unit_impulse_int32_10e4__7acd50ebaf8c72e2,unit_impulse_int32_10e4,10^4,10000,"shape=10000,idx=10000",INT32,GPU,not_applicable,compatibility/end-to-end,PASS,OK,20,100,15,0.162337,true,7acd50ebaf8c72e2d4fc39b75d565f8e6c8be7927e77faea02f0a254830fabf1,f8c784aa6b57396e7c5e094c34d079d8252473e46e2f60593a921dbebf941fcc
1,20260810T091417Z_bdef73fce32b_stage08_b08_formal_87730008,formal,20260810T091417Z,bdef73fce32b9234cec46609c420421a2b5cf2f6,false,stage08_b08_unit_impulse_scales_v1,81ae6d1c9687b785f50a7bd727c843073326fc3dbc0e106cd807d71be34cb474,operator,unit_impulse,NA,NA,unit_impulse,unit_impulse__unit_impulse_int32_10e4__7acd50ebaf8c72e2,unit_impulse_int32_10e4,10^4,10000,"shape=10000,idx=10000",INT32,GPU,not_applicable,compatibility/end-to-end,PASS,OK,20,100,16,0.159938,true,7acd50ebaf8c72e2d4fc39b75d565f8e6c8be7927e77faea02f0a254830fabf1,f8c784aa6b57396e7c5e094c34d079d8252473e46e2f60593a921dbebf941fcc
1,20260810T091417Z_bdef73fce32b_stage08_b08_formal_87730008,formal,20260810T091417Z,bdef73fce32b9234cec46609c420421a2b5cf2f6,false,stage08_b08_unit_impulse_scales_v1,81ae6d1c9687b785f50a7bd727c843073326fc3dbc0e106cd807d71be34cb474,operator,unit_impulse,NA,NA,unit_impulse,unit_impulse__unit_impulse_int32_10e4__7acd50ebaf8c72e2,unit_impulse_int32_10e4,10^4,10000,"shape=10000,idx=10000",INT32,GPU,not_applicable,compatibility/end-to-end,PASS,OK,20,100,17,0.178978,true,7acd50ebaf8c72e2d4fc39b75d565f8e6c8be7927e77faea02f0a254830fabf1,f8c784aa6b57396e7c5e094c34d079d8252473e46e2f60593a921dbebf941fcc
1,20260810T091417Z_bdef73fce32b_stage08_b08_formal_87730008,formal,20260810T091417Z,bdef73fce32b9234cec46609c420421a2b5cf2f6,false,stage08_b08_unit_impulse_scales_v1,81ae6d1c9687b785f50a7bd727c843073326fc3dbc0e106cd807d71be34cb474,operator,unit_impulse,NA,NA,unit_impulse,unit_impulse__unit_impulse_int32_10e4__7acd50ebaf8c72e2,unit_impulse_int32_10e4,10^4,10000,"shape=10000,idx=10000",INT32,GPU,not_applicable,compatibility/end-to-end,PASS,OK,20,100,18,0.164437,true,7acd50ebaf8c72e2d4fc39b75d565f8e6c8be7927e77faea02f0a254830fabf1,f8c784aa6b57396e7c5e094c34d079d8252473e46e2f60593a921dbebf941fcc
1,20260810T091417Z_bdef73fce32b_stage08_b08_formal_87730008,formal,20260810T091417Z,bdef73fce32b9234cec46609c420421a2b5cf2f6,false,stage08_b08_unit_impulse_scales_v1,81ae6d1c9687b785f50a7bd727c843073326fc3dbc0e106cd807d71be34cb474,operator,unit_impulse,NA,NA,unit_impulse,unit_impulse__unit_impulse_int32_10e4__7acd50ebaf8c72e2,unit_impulse_int32_10e4,10^4,10000,"shape=10000,idx=10000",INT32,GPU,not_applicable,compatibility/end-to-end,PASS,OK,20,100,19,0.159647,true,7acd50ebaf8c72e2d4fc39b75d565f8e6c8be7927e77faea02f0a254830fabf1,f8c784aa6b57396e7c5e094c34d079d8252473e46e2f60593a921dbebf941fcc
1,20260810T091417Z_bdef73fce32b_stage08_b08_formal_87730008,formal,20260810T091417Z,bdef73fce32b9234cec46609c420421a2b5cf2f6,false,stage08_b08_unit_impulse_scales_v1,81ae6d1c9687b785f50a7bd727c843073326fc3dbc0e106cd807d71be34cb474,operator,unit_impulse,NA,NA,unit_impulse,unit_impulse__unit_impulse_int32_10e4__7acd50ebaf8c72e2,unit_impulse_int32_10e4,10^4,10000,"shape=10000,idx=10000",INT32,GPU,not_applicable,compatibility/end-to-end,PASS,OK,20,100,20,0.162027,true,7acd50ebaf8c72e2d4fc39b75d565f8e6c8be7927e77faea02f0a254830fabf1,f8c784aa6b57396e7c5e094c34d079d8252473e46e2f60593a921dbebf941fcc
1,20260810T091417Z_bdef73fce32b_stage08_b08_formal_87730008,formal,20260810T091417Z,bdef73fce32b9234cec46609c420421a2b5cf2f6,false,stage08_b08_unit_impulse_scales_v1,81ae6d1c9687b785f50a7bd727c843073326fc3dbc0e106cd807d71be34cb474,operator,unit_impulse,NA,NA,unit_impulse,unit_impulse__unit_impulse_int32_10e4__7acd50ebaf8c72e2,unit_impulse_int32_10e4,10^4,10000,"shape=10000,idx=10000",INT32,GPU,not_applicable,compatibility/end-to-end,PASS,OK,20,100,21,0.162948,true,7acd50ebaf8c72e2d4fc39b75d565f8e6c8be7927e77faea02f0a254830fabf1,f8c784aa6b57396e7c5e094c34d079d8252473e46e2f60593a921dbebf941fcc
1,20260810T091417Z_bdef73fce32b_stage08_b08_formal_87730008,formal,20260810T091417Z,bdef73fce32b9234cec46609c420421a2b5cf2f6,false,stage08_b08_unit_impulse_scales_v1,81ae6d1c9687b785f50a7bd727c843073326fc3dbc0e106cd807d71be34cb474,operator,unit_impulse,NA,NA,unit_impulse,unit_impulse__unit_impulse_int32_10e4__7acd50ebaf8c72e2,unit_impulse_int32_10e4,10^4,10000,"shape=10000,idx=10000",INT32,GPU,not_applicable,compatibility/end-to-end,PASS,OK,20,100,22,0.163037,true,7acd50ebaf8c72e2d4fc39b75d565f8e6c8be7927e77faea02f0a254830fabf1,f8c784aa6b57396e7c5e094c34d079d8252473e46e2f60593a921dbebf941fcc
1,20260810T091417Z_bdef73fce32b_stage08_b08_formal_87730008,formal,20260810T091417Z,bdef73fce32b9234cec46609c420421a2b5cf2f6,false,stage08_b08_unit_impulse_scales_v1,81ae6d1c9687b785f50a7bd727c843073326fc3dbc0e106cd807d71be34cb474,operator,unit_impulse,NA,NA,unit_impulse,unit_impulse__unit_impulse_int32_10e4__7acd50ebaf8c72e2,unit_impulse_int32_10e4,10^4,10000,"shape=10000,idx=10000",INT32,GPU,not_applicable,compatibility/end-to-end,PASS,OK,20,100,23,0.160477,true,7acd50ebaf8c72e2d4fc39b75d565f8e6c8be7927e77faea02f0a254830fabf1,f8c784aa6b57396e7c5e094c34d079d8252473e46e2f60593a921dbebf941fcc
1,20260810T091417Z_bdef73fce32b_stage08_b08_formal_87730008,formal,20260810T091417Z,bdef73fce32b9234cec46609c420421a2b5cf2f6,false,stage08_b08_unit_impulse_scales_v1,81ae6d1c9687b785f50a7bd727c843073326fc3dbc0e106cd807d71be34cb474,operator,unit_impulse,NA,NA,unit_impulse,unit_impulse__unit_impulse_int32_10e4__7acd50ebaf8c72e2,unit_impulse_int32_10e4,10^4,10000,"shape=10000,idx=10000",INT32,GPU,not_applicable,compatibility/end-to-end,PASS,OK,20,100,24,0.159837,true,7acd50ebaf8c72e2d4fc39b75d565f8e6c8be7927e77faea02f0a254830fabf1,f8c784aa6b57396e7c5e094c34d079d8252473e46e2f60593a921dbebf941fcc
1,20260810T091417Z_bdef73fce32b_stage08_b08_formal_87730008,formal,20260810T091417Z,bdef73fce32b9234cec46609c420421a2b5cf2f6,false,stage08_b08_unit_impulse_scales_v1,81ae6d1c9687b785f50a7bd727c843073326fc3dbc0e106cd807d71be34cb474,operator,unit_impulse,NA,NA,unit_impulse,unit_impulse__unit_impulse_int32_10e4__7acd50ebaf8c72e2,unit_impulse_int32_10e4,10^4,10000,"shape=10000,idx=10000",INT32,GPU,not_applicable,compatibility/end-to-end,PASS,OK,20,100,25,0.161097,true,7acd50ebaf8c72e2d4fc39b75d565f8e6c8be7927e77faea02f0a254830fabf1,f8c784aa6b57396e7c5e094c34d079d8252473e46e2f60593a921dbebf941fcc
1,20260810T091417Z_bdef73fce32b_stage08_b08_formal_87730008,formal,20260810T091417Z,bdef73fce32b9234cec46609c420421a2b5cf2f6,false,stage08_b08_unit_impulse_scales_v1,81ae6d1c9687b785f50a7bd727c843073326fc3dbc0e106cd807d71be34cb474,operator,unit_impulse,NA,NA,unit_impulse,unit_impulse__unit_impulse_int32_10e4__7acd50ebaf8c72e2,unit_impulse_int32_10e4,10^4,10000,"shape=10000,idx=10000",INT32,GPU,not_applicable,compatibility/end-to-end,PASS,OK,20,100,26,0.161738,true,7acd50ebaf8c72e2d4fc39b75d565f8e6c8be7927e77faea02f0a254830fabf1,f8c784aa6b57396e7c5e094c34d079d8252473e46e2f60593a921dbebf941fcc
1,20260810T091417Z_bdef73fce32b_stage08_b08_formal_87730008,formal,20260810T091417Z,bdef73fce32b9234cec46609c420421a2b5cf2f6,false,stage08_b08_unit_impulse_scales_v1,81ae6d1c9687b785f50a7bd727c843073326fc3dbc0e106cd807d71be34cb474,operator,unit_impulse,NA,NA,unit_impulse,unit_impulse__unit_impulse_int32_10e4__7acd50ebaf8c72e2,unit_impulse_int32_10e4,10^4,10000,"shape=10000,idx=10000",INT32,GPU,not_applicable,compatibility/end-to-end,PASS,OK,20,100,27,0.163547,true,7acd50ebaf8c72e2d4fc39b75d565f8e6c8be7927e77faea02f0a254830fabf1,f8c784aa6b57396e7c5e094c34d079d8252473e46e2f60593a921dbebf941fcc
1,20260810T091417Z_bdef73fce32b_stage08_b08_formal_87730008,formal,20260810T091417Z,bdef73fce32b9234cec46609c420421a2b5cf2f6,false,stage08_b08_unit_impulse_scales_v1,81ae6d1c9687b785f50a7bd727c843073326fc3dbc0e106cd807d71be34cb474,operator,unit_impulse,NA,NA,unit_impulse,unit_impulse__unit_impulse_int32_10e4__7acd50ebaf8c72e2,unit_impulse_int32_10e4,10^4,10000,"shape=10000,idx=10000",INT32,GPU,not_applicable,compatibility/end-to-end,PASS,OK,20,100,28,0.159377,true,7acd50ebaf8c72e2d4fc39b75d565f8e6c8be7927e77faea02f0a254830fabf1,f8c784aa6b57396e7c5e094c34d079d8252473e46e2f60593a921dbebf941fcc
1,20260810T091417Z_bdef73fce32b_stage08_b08_formal_87730008,formal,20260810T091417Z,bdef73fce32b9234cec46609c420421a2b5cf2f6,false,stage08_b08_unit_impulse_scales_v1,81ae6d1c9687b785f50a7bd727c843073326fc3dbc0e106cd807d71be34cb474,operator,unit_impulse,NA,NA,unit_impulse,unit_impulse__unit_impulse_int32_10e4__7acd50ebaf8c72e2,unit_impulse_int32_10e4,10^4,10000,"shape=10000,idx=10000",INT32,GPU,not_applicable,compatibility/end-to-end,PASS,OK,20,100,29,0.158727,true,7acd50ebaf8c72e2d4fc39b75d565f8e6c8be7927e77faea02f0a254830fabf1,f8c784aa6b57396e7c5e094c34d079d8252473e46e2f60593a921dbebf941fcc
1,20260810T091417Z_bdef73fce32b_stage08_b08_formal_87730008,formal,20260810T091417Z,bdef73fce32b9234cec46609c420421a2b5cf2f6,false,stage08_b08_unit_impulse_scales_v1,81ae6d1c9687b785f50a7bd727c843073326fc3dbc0e106cd807d71be34cb474,operator,unit_impulse,NA,NA,unit_impulse,unit_impulse__unit_impulse_int32_10e4__7acd50ebaf8c72e2,unit_impulse_int32_10e4,10^4,10000,"shape=10000,idx=10000",INT32,GPU,not_applicable,compatibility/end-to-end,PASS,OK,20,100,30,0.161277,true,7acd50ebaf8c72e2d4fc39b75d565f8e6c8be7927e77faea02f0a254830fabf1,f8c784aa6b57396e7c5e094c34d079d8252473e46e2f60593a921dbebf941fcc
1,20260810T091417Z_bdef73fce32b_stage08_b08_formal_87730008,formal,20260810T091417Z,bdef73fce32b9234cec46609c420421a2b5cf2f6,false,stage08_b08_unit_impulse_scales_v1,81ae6d1c9687b785f50a7bd727c843073326fc3dbc0e106cd807d71be34cb474,operator,unit_impulse,NA,NA,unit_impulse,unit_impulse__unit_impulse_int32_10e4__7acd50ebaf8c72e2,unit_impulse_int32_10e4,10^4,10000,"shape=10000,idx=10000",INT32,GPU,not_applicable,compatibility/end-to-end,PASS,OK,20,100,31,0.159317,true,7acd50ebaf8c72e2d4fc39b75d565f8e6c8be7927e77faea02f0a254830fabf1,f8c784aa6b57396e7c5e094c34d079d8252473e46e2f60593a921dbebf941fcc
1,20260810T091417Z_bdef73fce32b_stage08_b08_formal_87730008,formal,20260810T091417Z,bdef73fce32b9234cec46609c420421a2b5cf2f6,false,stage08_b08_unit_impulse_scales_v1,81ae6d1c9687b785f50a7bd727c843073326fc3dbc0e106cd807d71be34cb474,operator,unit_impulse,NA,NA,unit_impulse,unit_impulse__unit_impulse_int32_10e4__7acd50ebaf8c72e2,unit_impulse_int32_10e4,10^4,10000,"shape=10000,idx=10000",INT32,GPU,not_applicable,compatibility/end-to-end,PASS,OK,20,100,32,0.160388,true,7acd50ebaf8c72e2d4fc39b75d565f8e6c8be7927e77faea02f0a254830fabf1,f8c784aa6b57396e7c5e094c34d079d8252473e46e2f60593a921dbebf941fcc
1,20260810T091417Z_bdef73fce32b_stage08_b08_formal_87730008,formal,20260810T091417Z,bdef73fce32b9234cec46609c420421a2b5cf2f6,false,stage08_b08_unit_impulse_scales_v1,81ae6d1c9687b785f50a7bd727c843073326fc3dbc0e106cd807d71be34cb474,operator,unit_impulse,NA,NA,unit_impulse,unit_impulse__unit_impulse_int32_10e4__7acd50ebaf8c72e2,unit_impulse_int32_10e4,10^4,10000,"shape=10000,idx=10000",INT32,GPU,not_applicable,compatibility/end-to-end,PASS,OK,20,100,33,0.161497,true,7acd50ebaf8c72e2d4fc39b75d565f8e6c8be7927e77faea02f0a254830fabf1,f8c784aa6b57396e7c5e094c34d079d8252473e46e2f60593a921dbebf941fcc
1,20260810T091417Z_bdef73fce32b_stage08_b08_formal_87730008,formal,20260810T091417Z,bdef73fce32b9234cec46609c420421a2b5cf2f6,false,stage08_b08_unit_impulse_scales_v1,81ae6d1c9687b785f50a7bd727c843073326fc3dbc0e106cd807d71be34cb474,operator,unit_impulse,NA,NA,unit_impulse,unit_impulse__unit_impulse_int32_10e4__7acd50ebaf8c72e2,unit_impulse_int32_10e4,10^4,10000,"shape=10000,idx=10000",INT32,GPU,not_applicable,compatibility/end-to-end,PASS,OK,20,100,34,0.159947,true,7acd50ebaf8c72e2d4fc39b75d565f8e6c8be7927e77faea02f0a254830fabf1,f8c784aa6b57396e7c5e094c34d079d8252473e46e2f60593a921dbebf941fcc
1,20260810T091417Z_bdef73fce32b_stage08_b08_formal_87730008,formal,20260810T091417Z,bdef73fce32b9234cec46609c420421a2b5cf2f6,false,stage08_b08_unit_impulse_scales_v1,81ae6d1c9687b785f50a7bd727c843073326fc3dbc0e106cd807d71be34cb474,operator,unit_impulse,NA,NA,unit_impulse,unit_impulse__unit_impulse_int32_10e4__7acd50ebaf8c72e2,unit_impulse_int32_10e4,10^4,10000,"shape=10000,idx=10000",INT32,GPU,not_applicable,compatibility/end-to-end,PASS,OK,20,100,35,0.160187,true,7acd50ebaf8c72e2d4fc39b75d565f8e6c8be7927e77faea02f0a254830fabf1,f8c784aa6b57396e7c5e094c34d079d8252473e46e2f60593a921dbebf941fcc
1,20260810T091417Z_bdef73fce32b_stage08_b08_formal_87730008,formal,20260810T091417Z,bdef73fce32b9234cec46609c420421a2b5cf2f6,false,stage08_b08_unit_impulse_scales_v1,81ae6d1c9687b785f50a7bd727c843073326fc3dbc0e106cd807d71be34cb474,operator,unit_impulse,NA,NA,unit_impulse,unit_impulse__unit_impulse_int32_10e4__7acd50ebaf8c72e2,unit_impulse_int32_10e4,10^4,10000,"shape=10000,idx=10000",INT32,GPU,not_applicable,compatibility/end-to-end,PASS,OK,20,100,36,0.159727,true,7acd50ebaf8c72e2d4fc39b75d565f8e6c8be7927e77faea02f0a254830fabf1,f8c784aa6b57396e7c5e094c34d079d8252473e46e2f60593a921dbebf941fcc
1,20260810T091417Z_bdef73fce32b_stage08_b08_formal_87730008,formal,20260810T091417Z,bdef73fce32b9234cec46609c420421a2b5cf2f6,false,stage08_b08_unit_impulse_scales_v1,81ae6d1c9687b785f50a7bd727c843073326fc3dbc0e106cd807d71be34cb474,operator,unit_impulse,NA,NA,unit_impulse,unit_impulse__unit_impulse_int32_10e4__7acd50ebaf8c72e2,unit_impulse_int32_10e4,10^4,10000,"shape=10000,idx=10000",INT32,GPU,not_applicable,compatibility/end-to-end,PASS,OK,20,100,37,0.157587,true,7acd50ebaf8c72e2d4fc39b75d565f8e6c8be7927e77faea02f0a254830fabf1,f8c784aa6b57396e7c5e094c34d079d8252473e46e2f60593a921dbebf941fcc
1,20260810T091417Z_bdef73fce32b_stage08_b08_formal_87730008,formal,20260810T091417Z,bdef73fce32b9234cec46609c420421a2b5cf2f6,false,stage08_b08_unit_impulse_scales_v1,81ae6d1c9687b785f50a7bd727c843073326fc3dbc0e106cd807d71be34cb474,operator,unit_impulse,NA,NA,unit_impulse,unit_impulse__unit_impulse_int32_10e4__7acd50ebaf8c72e2,unit_impulse_int32_10e4,10^4,10000,"shape=10000,idx=10000",INT32,GPU,not_applicable,compatibility/end-to-end,PASS,OK,20,100,38,0.157997,true,7acd50ebaf8c72e2d4fc39b75d565f8e6c8be7927e77faea02f0a254830fabf1,f8c784aa6b57396e7c5e094c34d079d8252473e46e2f60593a921dbebf941fcc
1,20260810T091417Z_bdef73fce32b_stage08_b08_formal_87730008,formal,20260810T091417Z,bdef73fce32b9234cec46609c420421a2b5cf2f6,false,stage08_b08_unit_impulse_scales_v1,81ae6d1c9687b785f50a7bd727c843073326fc3dbc0e106cd807d71be34cb474,operator,unit_impulse,NA,NA,unit_impulse,unit_impulse__unit_impulse_int32_10e4__7acd50ebaf8c72e2,unit_impulse_int32_10e4,10^4,10000,"shape=10000,idx=10000",INT32,GPU,not_applicable,compatibility/end-to-end,PASS,OK,20,100,39,0.159948,true,7acd50ebaf8c72e2d4fc39b75d565f8e6c8be7927e77faea02f0a254830fabf1,f8c784aa6b57396e7c5e094c34d079d8252473e46e2f60593a921dbebf941fcc
1,20260810T091417Z_bdef73fce32b_stage08_b08_formal_87730008,formal,20260810T091417Z,bdef73fce32b9234cec46609c420421a2b5cf2f6,false,stage08_b08_unit_impulse_scales_v1,81ae6d1c9687b785f50a7bd727c843073326fc3dbc0e106cd807d71be34cb474,operator,unit_impulse,NA,NA,unit_impulse,unit_impulse__unit_impulse_int32_10e4__7acd50ebaf8c72e2,unit_impulse_int32_10e4,10^4,10000,"shape=10000,idx=10000",INT32,GPU,not_applicable,compatibility/end-to-end,PASS,OK,20,100,40,0.163727,true,7acd50ebaf8c72e2d4fc39b75d565f8e6c8be7927e77faea02f0a254830fabf1,f8c784aa6b57396e7c5e094c34d079d8252473e46e2f60593a921dbebf941fcc
1,20260810T091417Z_bdef73fce32b_stage08_b08_formal_87730008,formal,20260810T091417Z,bdef73fce32b9234cec46609c420421a2b5cf2f6,false,stage08_b08_unit_impulse_scales_v1,81ae6d1c9687b785f50a7bd727c843073326fc3dbc0e106cd807d71be34cb474,operator,unit_impulse,NA,NA,unit_impulse,unit_impulse__unit_impulse_int32_10e4__7acd50ebaf8c72e2,unit_impulse_int32_10e4,10^4,10000,"shape=10000,idx=10000",INT32,GPU,not_applicable,compatibility/end-to-end,PASS,OK,20,100,41,0.175348,true,7acd50ebaf8c72e2d4fc39b75d565f8e6c8be7927e77faea02f0a254830fabf1,f8c784aa6b57396e7c5e094c34d079d8252473e46e2f60593a921dbebf941fcc
1,20260810T091417Z_bdef73fce32b_stage08_b08_formal_87730008,formal,20260810T091417Z,bdef73fce32b9234cec46609c420421a2b5cf2f6,false,stage08_b08_unit_impulse_scales_v1,81ae6d1c9687b785f50a7bd727c843073326fc3dbc0e106cd807d71be34cb474,operator,unit_impulse,NA,NA,unit_impulse,unit_impulse__unit_impulse_int32_10e4__7acd50ebaf8c72e2,unit_impulse_int32_10e4,10^4,10000,"shape=10000,idx=10000",INT32,GPU,not_applicable,compatibility/end-to-end,PASS,OK,20,100,42,0.171517,true,7acd50ebaf8c72e2d4fc39b75d565f8e6c8be7927e77faea02f0a254830fabf1,f8c784aa6b57396e7c5e094c34d079d8252473e46e2f60593a921dbebf941fcc
1,20260810T091417Z_bdef73fce32b_stage08_b08_formal_87730008,formal,20260810T091417Z,bdef73fce32b9234cec46609c420421a2b5cf2f6,false,stage08_b08_unit_impulse_scales_v1,81ae6d1c9687b785f50a7bd727c843073326fc3dbc0e106cd807d71be34cb474,operator,unit_impulse,NA,NA,unit_impulse,unit_impulse__unit_impulse_int32_10e4__7acd50ebaf8c72e2,unit_impulse_int32_10e4,10^4,10000,"shape=10000,idx=10000",INT32,GPU,not_applicable,compatibility/end-to-end,PASS,OK,20,100,43,0.168598,true,7acd50ebaf8c72e2d4fc39b75d565f8e6c8be7927e77faea02f0a254830fabf1,f8c784aa6b57396e7c5e094c34d079d8252473e46e2f60593a921dbebf941fcc
1,20260810T091417Z_bdef73fce32b_stage08_b08_formal_87730008,formal,20260810T091417Z,bdef73fce32b9234cec46609c420421a2b5cf2f6,false,stage08_b08_unit_impulse_scales_v1,81ae6d1c9687b785f50a7bd727c843073326fc3dbc0e106cd807d71be34cb474,operator,unit_impulse,NA,NA,unit_impulse,unit_impulse__unit_impulse_int32_10e4__7acd50ebaf8c72e2,unit_impulse_int32_10e4,10^4,10000,"shape=10000,idx=10000",INT32,GPU,not_applicable,compatibility/end-to-end,PASS,OK,20,100,44,0.162167,true,7acd50ebaf8c72e2d4fc39b75d565f8e6c8be7927e77faea02f0a254830fabf1,f8c784aa6b57396e7c5e094c34d079d8252473e46e2f60593a921dbebf941fcc
1,20260810T091417Z_bdef73fce32b_stage08_b08_formal_87730008,formal,20260810T091417Z,bdef73fce32b9234cec46609c420421a2b5cf2f6,false,stage08_b08_unit_impulse_scales_v1,81ae6d1c9687b785f50a7bd727c843073326fc3dbc0e106cd807d71be34cb474,operator,unit_impulse,NA,NA,unit_impulse,unit_impulse__unit_impulse_int32_10e4__7acd50ebaf8c72e2,unit_impulse_int32_10e4,10^4,10000,"shape=10000,idx=10000",INT32,GPU,not_applicable,compatibility/end-to-end,PASS,OK,20,100,45,0.164788,true,7acd50ebaf8c72e2d4fc39b75d565f8e6c8be7927e77faea02f0a254830fabf1,f8c784aa6b57396e7c5e094c34d079d8252473e46e2f60593a921dbebf941fcc
1,20260810T091417Z_bdef73fce32b_stage08_b08_formal_87730008,formal,20260810T091417Z,bdef73fce32b9234cec46609c420421a2b5cf2f6,false,stage08_b08_unit_impulse_scales_v1,81ae6d1c9687b785f50a7bd727c843073326fc3dbc0e106cd807d71be34cb474,operator,unit_impulse,NA,NA,unit_impulse,unit_impulse__unit_impulse_int32_10e4__7acd50ebaf8c72e2,unit_impulse_int32_10e4,10^4,10000,"shape=10000,idx=10000",INT32,GPU,not_applicable,compatibility/end-to-end,PASS,OK,20,100,46,0.165947,true,7acd50ebaf8c72e2d4fc39b75d565f8e6c8be7927e77faea02f0a254830fabf1,f8c784aa6b57396e7c5e094c34d079d8252473e46e2f60593a921dbebf941fcc
1,20260810T091417Z_bdef73fce32b_stage08_b08_formal_87730008,formal,20260810T091417Z,bdef73fce32b9234cec46609c420421a2b5cf2f6,false,stage08_b08_unit_impulse_scales_v1,81ae6d1c9687b785f50a7bd727c843073326fc3dbc0e106cd807d71be34cb474,operator,unit_impulse,NA,NA,unit_impulse,unit_impulse__unit_impulse_int32_10e4__7acd50ebaf8c72e2,unit_impulse_int32_10e4,10^4,10000,"shape=10000,idx=10000",INT32,GPU,not_applicable,compatibility/end-to-end,PASS,OK,20,100,47,0.160947,true,7acd50ebaf8c72e2d4fc39b75d565f8e6c8be7927e77faea02f0a254830fabf1,f8c784aa6b57396e7c5e094c34d079d8252473e46e2f60593a921dbebf941fcc
1,20260810T091417Z_bdef73fce32b_stage08_b08_formal_87730008,formal,20260810T091417Z,bdef73fce32b9234cec46609c420421a2b5cf2f6,false,stage08_b08_unit_impulse_scales_v1,81ae6d1c9687b785f50a7bd727c843073326fc3dbc0e106cd807d71be34cb474,operator,unit_impulse,NA,NA,unit_impulse,unit_impulse__unit_impulse_int32_10e4__7acd50ebaf8c72e2,unit_impulse_int32_10e4,10^4,10000,"shape=10000,idx=10000",INT32,GPU,not_applicable,compatibility/end-to-end,PASS,OK,20,100,48,0.165328,true,7acd50ebaf8c72e2d4fc39b75d565f8e6c8be7927e77faea02f0a254830fabf1,f8c784aa6b57396e7c5e094c34d079d8252473e46e2f60593a921dbebf941fcc
1,20260810T091417Z_bdef73fce32b_stage08_b08_formal_87730008,formal,20260810T091417Z,bdef73fce32b9234cec46609c420421a2b5cf2f6,false,stage08_b08_unit_impulse_scales_v1,81ae6d1c9687b785f50a7bd727c843073326fc3dbc0e106cd807d71be34cb474,operator,unit_impulse,NA,NA,unit_impulse,unit_impulse__unit_impulse_int32_10e4__7acd50ebaf8c72e2,unit_impulse_int32_10e4,10^4,10000,"shape=10000,idx=10000",INT32,GPU,not_applicable,compatibility/end-to-end,PASS,OK,20,100,49,0.159647,true,7acd50ebaf8c72e2d4fc39b75d565f8e6c8be7927e77faea02f0a254830fabf1,f8c784aa6b57396e7c5e094c34d079d8252473e46e2f60593a921dbebf941fcc
1,20260810T091417Z_bdef73fce32b_stage08_b08_formal_87730008,formal,20260810T091417Z,bdef73fce32b9234cec46609c420421a2b5cf2f6,false,stage08_b08_unit_impulse_scales_v1,81ae6d1c9687b785f50a7bd727c843073326fc3dbc0e106cd807d71be34cb474,operator,unit_impulse,NA,NA,unit_impulse,unit_impulse__unit_impulse_int32_10e4__7acd50ebaf8c72e2,unit_impulse_int32_10e4,10^4,10000,"shape=10000,idx=10000",INT32,GPU,not_applicable,compatibility/end-to-end,PASS,OK,20,100,50,0.159137,true,7acd50ebaf8c72e2d4fc39b75d565f8e6c8be7927e77faea02f0a254830fabf1,f8c784aa6b57396e7c5e094c34d079d8252473e46e2f60593a921dbebf941fcc
1,20260810T091417Z_bdef73fce32b_stage08_b08_formal_87730008,formal,20260810T091417Z,bdef73fce32b9234cec46609c420421a2b5cf2f6,false,stage08_b08_unit_impulse_scales_v1,81ae6d1c9687b785f50a7bd727c843073326fc3dbc0e106cd807d71be34cb474,operator,unit_impulse,NA,NA,unit_impulse,unit_impulse__unit_impulse_int32_10e4__7acd50ebaf8c72e2,unit_impulse_int32_10e4,10^4,10000,"shape=10000,idx=10000",INT32,GPU,not_applicable,compatibility/end-to-end,PASS,OK,20,100,51,0.161287,true,7acd50ebaf8c72e2d4fc39b75d565f8e6c8be7927e77faea02f0a254830fabf1,f8c784aa6b57396e7c5e094c34d079d8252473e46e2f60593a921dbebf941fcc
1,20260810T091417Z_bdef73fce32b_stage08_b08_formal_87730008,formal,20260810T091417Z,bdef73fce32b9234cec46609c420421a2b5cf2f6,false,stage08_b08_unit_impulse_scales_v1,81ae6d1c9687b785f50a7bd727c843073326fc3dbc0e106cd807d71be34cb474,operator,unit_impulse,NA,NA,unit_impulse,unit_impulse__unit_impulse_int32_10e4__7acd50ebaf8c72e2,unit_impulse_int32_10e4,10^4,10000,"shape=10000,idx=10000",INT32,GPU,not_applicable,compatibility/end-to-end,PASS,OK,20,100,52,0.162807,true,7acd50ebaf8c72e2d4fc39b75d565f8e6c8be7927e77faea02f0a254830fabf1,f8c784aa6b57396e7c5e094c34d079d8252473e46e2f60593a921dbebf941fcc
1,20260810T091417Z_bdef73fce32b_stage08_b08_formal_87730008,formal,20260810T091417Z,bdef73fce32b9234cec46609c420421a2b5cf2f6,false,stage08_b08_unit_impulse_scales_v1,81ae6d1c9687b785f50a7bd727c843073326fc3dbc0e106cd807d71be34cb474,operator,unit_impulse,NA,NA,unit_impulse,unit_impulse__unit_impulse_int32_10e4__7acd50ebaf8c72e2,unit_impulse_int32_10e4,10^4,10000,"shape=10000,idx=10000",INT32,GPU,not_applicable,compatibility/end-to-end,PASS,OK,20,100,53,0.160837,true,7acd50ebaf8c72e2d4fc39b75d565f8e6c8be7927e77faea02f0a254830fabf1,f8c784aa6b57396e7c5e094c34d079d8252473e46e2f60593a921dbebf941fcc
1,20260810T091417Z_bdef73fce32b_stage08_b08_formal_87730008,formal,20260810T091417Z,bdef73fce32b9234cec46609c420421a2b5cf2f6,false,stage08_b08_unit_impulse_scales_v1,81ae6d1c9687b785f50a7bd727c843073326fc3dbc0e106cd807d71be34cb474,operator,unit_impulse,NA,NA,unit_impulse,unit_impulse__unit_impulse_int32_10e4__7acd50ebaf8c72e2,unit_impulse_int32_10e4,10^4,10000,"shape=10000,idx=10000",INT32,GPU,not_applicable,compatibility/end-to-end,PASS,OK,20,100,54,0.164888,true,7acd50ebaf8c72e2d4fc39b75d565f8e6c8be7927e77faea02f0a254830fabf1,f8c784aa6b57396e7c5e094c34d079d8252473e46e2f60593a921dbebf941fcc
1,20260810T091417Z_bdef73fce32b_stage08_b08_formal_87730008,formal,20260810T091417Z,bdef73fce32b9234cec46609c420421a2b5cf2f6,false,stage08_b08_unit_impulse_scales_v1,81ae6d1c9687b785f50a7bd727c843073326fc3dbc0e106cd807d71be34cb474,operator,unit_impulse,NA,NA,unit_impulse,unit_impulse__unit_impulse_int32_10e4__7acd50ebaf8c72e2,unit_impulse_int32_10e4,10^4,10000,"shape=10000,idx=10000",INT32,GPU,not_applicable,compatibility/end-to-end,PASS,OK,20,100,55,0.159927,true,7acd50ebaf8c72e2d4fc39b75d565f8e6c8be7927e77faea02f0a254830fabf1,f8c784aa6b57396e7c5e094c34d079d8252473e46e2f60593a921dbebf941fcc
1,20260810T091417Z_bdef73fce32b_stage08_b08_formal_87730008,formal,20260810T091417Z,bdef73fce32b9234cec46609c420421a2b5cf2f6,false,stage08_b08_unit_impulse_scales_v1,81ae6d1c9687b785f50a7bd727c843073326fc3dbc0e106cd807d71be34cb474,operator,unit_impulse,NA,NA,unit_impulse,unit_impulse__unit_impulse_int32_10e4__7acd50ebaf8c72e2,unit_impulse_int32_10e4,10^4,10000,"shape=10000,idx=10000",INT32,GPU,not_applicable,compatibility/end-to-end,PASS,OK,20,100,56,0.161587,true,7acd50ebaf8c72e2d4fc39b75d565f8e6c8be7927e77faea02f0a254830fabf1,f8c784aa6b57396e7c5e094c34d079d8252473e46e2f60593a921dbebf941fcc
1,20260810T091417Z_bdef73fce32b_stage08_b08_formal_87730008,formal,20260810T091417Z,bdef73fce32b9234cec46609c420421a2b5cf2f6,false,stage08_b08_unit_impulse_scales_v1,81ae6d1c9687b785f50a7bd727c843073326fc3dbc0e106cd807d71be34cb474,operator,unit_impulse,NA,NA,unit_impulse,unit_impulse__unit_impulse_int32_10e4__7acd50ebaf8c72e2,unit_impulse_int32_10e4,10^4,10000,"shape=10000,idx=10000",INT32,GPU,not_applicable,compatibility/end-to-end,PASS,OK,20,100,57,0.161577,true,7acd50ebaf8c72e2d4fc39b75d565f8e6c8be7927e77faea02f0a254830fabf1,f8c784aa6b57396e7c5e094c34d079d8252473e46e2f60593a921dbebf941fcc
1,20260810T091417Z_bdef73fce32b_stage08_b08_formal_87730008,formal,20260810T091417Z,bdef73fce32b9234cec46609c420421a2b5cf2f6,false,stage08_b08_unit_impulse_scales_v1,81ae6d1c9687b785f50a7bd727c843073326fc3dbc0e106cd807d71be34cb474,operator,unit_impulse,NA,NA,unit_impulse,unit_impulse__unit_impulse_int32_10e4__7acd50ebaf8c72e2,unit_impulse_int32_10e4,10^4,10000,"shape=10000,idx=10000",INT32,GPU,not_applicable,compatibility/end-to-end,PASS,OK,20,100,58,0.161748,true,7acd50ebaf8c72e2d4fc39b75d565f8e6c8be7927e77faea02f0a254830fabf1,f8c784aa6b57396e7c5e094c34d079d8252473e46e2f60593a921dbebf941fcc
1,20260810T091417Z_bdef73fce32b_stage08_b08_formal_87730008,formal,20260810T091417Z,bdef73fce32b9234cec46609c420421a2b5cf2f6,false,stage08_b08_unit_impulse_scales_v1,81ae6d1c9687b785f50a7bd727c843073326fc3dbc0e106cd807d71be34cb474,operator,unit_impulse,NA,NA,unit_impulse,unit_impulse__unit_impulse_int32_10e4__7acd50ebaf8c72e2,unit_impulse_int32_10e4,10^4,10000,"shape=10000,idx=10000",INT32,GPU,not_applicable,compatibility/end-to-end,PASS,OK,20,100,59,0.161097,true,7acd50ebaf8c72e2d4fc39b75d565f8e6c8be7927e77faea02f0a254830fabf1,f8c784aa6b57396e7c5e094c34d079d8252473e46e2f60593a921dbebf941fcc
1,20260810T091417Z_bdef73fce32b_stage08_b08_formal_87730008,formal,20260810T091417Z,bdef73fce32b9234cec46609c420421a2b5cf2f6,false,stage08_b08_unit_impulse_scales_v1,81ae6d1c9687b785f50a7bd727c843073326fc3dbc0e106cd807d71be34cb474,operator,unit_impulse,NA,NA,unit_impulse,unit_impulse__unit_impulse_int32_10e4__7acd50ebaf8c72e2,unit_impulse_int32_10e4,10^4,10000,"shape=10000,idx=10000",INT32,GPU,not_applicable,compatibility/end-to-end,PASS,OK,20,100,60,0.162867,true,7acd50ebaf8c72e2d4fc39b75d565f8e6c8be7927e77faea02f0a254830fabf1,f8c784aa6b57396e7c5e094c34d079d8252473e46e2f60593a921dbebf941fcc
1,20260810T091417Z_bdef73fce32b_stage08_b08_formal_87730008,formal,20260810T091417Z,bdef73fce32b9234cec46609c420421a2b5cf2f6,false,stage08_b08_unit_impulse_scales_v1,81ae6d1c9687b785f50a7bd727c843073326fc3dbc0e106cd807d71be34cb474,operator,unit_impulse,NA,NA,unit_impulse,unit_impulse__unit_impulse_int32_10e4__7acd50ebaf8c72e2,unit_impulse_int32_10e4,10^4,10000,"shape=10000,idx=10000",INT32,GPU,not_applicable,compatibility/end-to-end,PASS,OK,20,100,61,0.163837,true,7acd50ebaf8c72e2d4fc39b75d565f8e6c8be7927e77faea02f0a254830fabf1,f8c784aa6b57396e7c5e094c34d079d8252473e46e2f60593a921dbebf941fcc
1,20260810T091417Z_bdef73fce32b_stage08_b08_formal_87730008,formal,20260810T091417Z,bdef73fce32b9234cec46609c420421a2b5cf2f6,false,stage08_b08_unit_impulse_scales_v1,81ae6d1c9687b785f50a7bd727c843073326fc3dbc0e106cd807d71be34cb474,operator,unit_impulse,NA,NA,unit_impulse,unit_impulse__unit_impulse_int32_10e4__7acd50ebaf8c72e2,unit_impulse_int32_10e4,10^4,10000,"shape=10000,idx=10000",INT32,GPU,not_applicable,compatibility/end-to-end,PASS,OK,20,100,62,0.162618,true,7acd50ebaf8c72e2d4fc39b75d565f8e6c8be7927e77faea02f0a254830fabf1,f8c784aa6b57396e7c5e094c34d079d8252473e46e2f60593a921dbebf941fcc
1,20260810T091417Z_bdef73fce32b_stage08_b08_formal_87730008,formal,20260810T091417Z,bdef73fce32b9234cec46609c420421a2b5cf2f6,false,stage08_b08_unit_impulse_scales_v1,81ae6d1c9687b785f50a7bd727c843073326fc3dbc0e106cd807d71be34cb474,operator,unit_impulse,NA,NA,unit_impulse,unit_impulse__unit_impulse_int32_10e4__7acd50ebaf8c72e2,unit_impulse_int32_10e4,10^4,10000,"shape=10000,idx=10000",INT32,GPU,not_applicable,compatibility/end-to-end,PASS,OK,20,100,63,0.162217,true,7acd50ebaf8c72e2d4fc39b75d565f8e6c8be7927e77faea02f0a254830fabf1,f8c784aa6b57396e7c5e094c34d079d8252473e46e2f60593a921dbebf941fcc
1,20260810T091417Z_bdef73fce32b_stage08_b08_formal_87730008,formal,20260810T091417Z,bdef73fce32b9234cec46609c420421a2b5cf2f6,false,stage08_b08_unit_impulse_scales_v1,81ae6d1c9687b785f50a7bd727c843073326fc3dbc0e106cd807d71be34cb474,operator,unit_impulse,NA,NA,unit_impulse,unit_impulse__unit_impulse_int32_10e4__7acd50ebaf8c72e2,unit_impulse_int32_10e4,10^4,10000,"shape=10000,idx=10000",INT32,GPU,not_applicable,compatibility/end-to-end,PASS,OK,20,100,64,0.165787,true,7acd50ebaf8c72e2d4fc39b75d565f8e6c8be7927e77faea02f0a254830fabf1,f8c784aa6b57396e7c5e094c34d079d8252473e46e2f60593a921dbebf941fcc
1,20260810T091417Z_bdef73fce32b_stage08_b08_formal_87730008,formal,20260810T091417Z,bdef73fce32b9234cec46609c420421a2b5cf2f6,false,stage08_b08_unit_impulse_scales_v1,81ae6d1c9687b785f50a7bd727c843073326fc3dbc0e106cd807d71be34cb474,operator,unit_impulse,NA,NA,unit_impulse,unit_impulse__unit_impulse_int32_10e4__7acd50ebaf8c72e2,unit_impulse_int32_10e4,10^4,10000,"shape=10000,idx=10000",INT32,GPU,not_applicable,compatibility/end-to-end,PASS,OK,20,100,65,0.160948,true,7acd50ebaf8c72e2d4fc39b75d565f8e6c8be7927e77faea02f0a254830fabf1,f8c784aa6b57396e7c5e094c34d079d8252473e46e2f60593a921dbebf941fcc
1,20260810T091417Z_bdef73fce32b_stage08_b08_formal_87730008,formal,20260810T091417Z,bdef73fce32b9234cec46609c420421a2b5cf2f6,false,stage08_b08_unit_impulse_scales_v1,81ae6d1c9687b785f50a7bd727c843073326fc3dbc0e106cd807d71be34cb474,operator,unit_impulse,NA,NA,unit_impulse,unit_impulse__unit_impulse_int32_10e4__7acd50ebaf8c72e2,unit_impulse_int32_10e4,10^4,10000,"shape=10000,idx=10000",INT32,GPU,not_applicable,compatibility/end-to-end,PASS,OK,20,100,66,0.179948,true,7acd50ebaf8c72e2d4fc39b75d565f8e6c8be7927e77faea02f0a254830fabf1,f8c784aa6b57396e7c5e094c34d079d8252473e46e2f60593a921dbebf941fcc
1,20260810T091417Z_bdef73fce32b_stage08_b08_formal_87730008,formal,20260810T091417Z,bdef73fce32b9234cec46609c420421a2b5cf2f6,false,stage08_b08_unit_impulse_scales_v1,81ae6d1c9687b785f50a7bd727c843073326fc3dbc0e106cd807d71be34cb474,operator,unit_impulse,NA,NA,unit_impulse,unit_impulse__unit_impulse_int32_10e4__7acd50ebaf8c72e2,unit_impulse_int32_10e4,10^4,10000,"shape=10000,idx=10000",INT32,GPU,not_applicable,compatibility/end-to-end,PASS,OK,20,100,67,0.168317,true,7acd50ebaf8c72e2d4fc39b75d565f8e6c8be7927e77faea02f0a254830fabf1,f8c784aa6b57396e7c5e094c34d079d8252473e46e2f60593a921dbebf941fcc
1,20260810T091417Z_bdef73fce32b_stage08_b08_formal_87730008,formal,20260810T091417Z,bdef73fce32b9234cec46609c420421a2b5cf2f6,false,stage08_b08_unit_impulse_scales_v1,81ae6d1c9687b785f50a7bd727c843073326fc3dbc0e106cd807d71be34cb474,operator,unit_impulse,NA,NA,unit_impulse,unit_impulse__unit_impulse_int32_10e4__7acd50ebaf8c72e2,unit_impulse_int32_10e4,10^4,10000,"shape=10000,idx=10000",INT32,GPU,not_applicable,compatibility/end-to-end,PASS,OK,20,100,68,0.163277,true,7acd50ebaf8c72e2d4fc39b75d565f8e6c8be7927e77faea02f0a254830fabf1,f8c784aa6b57396e7c5e094c34d079d8252473e46e2f60593a921dbebf941fcc
1,20260810T091417Z_bdef73fce32b_stage08_b08_formal_87730008,formal,20260810T091417Z,bdef73fce32b9234cec46609c420421a2b5cf2f6,false,stage08_b08_unit_impulse_scales_v1,81ae6d1c9687b785f50a7bd727c843073326fc3dbc0e106cd807d71be34cb474,operator,unit_impulse,NA,NA,unit_impulse,unit_impulse__unit_impulse_int32_10e4__7acd50ebaf8c72e2,unit_impulse_int32_10e4,10^4,10000,"shape=10000,idx=10000",INT32,GPU,not_applicable,compatibility/end-to-end,PASS,OK,20,100,69,0.162008,true,7acd50ebaf8c72e2d4fc39b75d565f8e6c8be7927e77faea02f0a254830fabf1,f8c784aa6b57396e7c5e094c34d079d8252473e46e2f60593a921dbebf941fcc
1,20260810T091417Z_bdef73fce32b_stage08_b08_formal_87730008,formal,20260810T091417Z,bdef73fce32b9234cec46609c420421a2b5cf2f6,false,stage08_b08_unit_impulse_scales_v1,81ae6d1c9687b785f50a7bd727c843073326fc3dbc0e106cd807d71be34cb474,operator,unit_impulse,NA,NA,unit_impulse,unit_impulse__unit_impulse_int32_10e4__7acd50ebaf8c72e2,unit_impulse_int32_10e4,10^4,10000,"shape=10000,idx=10000",INT32,GPU,not_applicable,compatibility/end-to-end,PASS,OK,20,100,70,0.163977,true,7acd50ebaf8c72e2d4fc39b75d565f8e6c8be7927e77faea02f0a254830fabf1,f8c784aa6b57396e7c5e094c34d079d8252473e46e2f60593a921dbebf941fcc
1,20260810T091417Z_bdef73fce32b_stage08_b08_formal_87730008,formal,20260810T091417Z,bdef73fce32b9234cec46609c420421a2b5cf2f6,false,stage08_b08_unit_impulse_scales_v1,81ae6d1c9687b785f50a7bd727c843073326fc3dbc0e106cd807d71be34cb474,operator,unit_impulse,NA,NA,unit_impulse,unit_impulse__unit_impulse_int32_10e4__7acd50ebaf8c72e2,unit_impulse_int32_10e4,10^4,10000,"shape=10000,idx=10000",INT32,GPU,not_applicable,compatibility/end-to-end,PASS,OK,20,100,71,0.162607,true,7acd50ebaf8c72e2d4fc39b75d565f8e6c8be7927e77faea02f0a254830fabf1,f8c784aa6b57396e7c5e094c34d079d8252473e46e2f60593a921dbebf941fcc
1,20260810T091417Z_bdef73fce32b_stage08_b08_formal_87730008,formal,20260810T091417Z,bdef73fce32b9234cec46609c420421a2b5cf2f6,false,stage08_b08_unit_impulse_scales_v1,81ae6d1c9687b785f50a7bd727c843073326fc3dbc0e106cd807d71be34cb474,operator,unit_impulse,NA,NA,unit_impulse,unit_impulse__unit_impulse_int32_10e4__7acd50ebaf8c72e2,unit_impulse_int32_10e4,10^4,10000,"shape=10000,idx=10000",INT32,GPU,not_applicable,compatibility/end-to-end,PASS,OK,20,100,72,0.168048,true,7acd50ebaf8c72e2d4fc39b75d565f8e6c8be7927e77faea02f0a254830fabf1,f8c784aa6b57396e7c5e094c34d079d8252473e46e2f60593a921dbebf941fcc
1,20260810T091417Z_bdef73fce32b_stage08_b08_formal_87730008,formal,20260810T091417Z,bdef73fce32b9234cec46609c420421a2b5cf2f6,false,stage08_b08_unit_impulse_scales_v1,81ae6d1c9687b785f50a7bd727c843073326fc3dbc0e106cd807d71be34cb474,operator,unit_impulse,NA,NA,unit_impulse,unit_impulse__unit_impulse_int32_10e4__7acd50ebaf8c72e2,unit_impulse_int32_10e4,10^4,10000,"shape=10000,idx=10000",INT32,GPU,not_applicable,compatibility/end-to-end,PASS,OK,20,100,73,0.166717,true,7acd50ebaf8c72e2d4fc39b75d565f8e6c8be7927e77faea02f0a254830fabf1,f8c784aa6b57396e7c5e094c34d079d8252473e46e2f60593a921dbebf941fcc
1,20260810T091417Z_bdef73fce32b_stage08_b08_formal_87730008,formal,20260810T091417Z,bdef73fce32b9234cec46609c420421a2b5cf2f6,false,stage08_b08_unit_impulse_scales_v1,81ae6d1c9687b785f50a7bd727c843073326fc3dbc0e106cd807d71be34cb474,operator,unit_impulse,NA,NA,unit_impulse,unit_impulse__unit_impulse_int32_10e4__7acd50ebaf8c72e2,unit_impulse_int32_10e4,10^4,10000,"shape=10000,idx=10000",INT32,GPU,not_applicable,compatibility/end-to-end,PASS,OK,20,100,74,0.168468,true,7acd50ebaf8c72e2d4fc39b75d565f8e6c8be7927e77faea02f0a254830fabf1,f8c784aa6b57396e7c5e094c34d079d8252473e46e2f60593a921dbebf941fcc
1,20260810T091417Z_bdef73fce32b_stage08_b08_formal_87730008,formal,20260810T091417Z,bdef73fce32b9234cec46609c420421a2b5cf2f6,false,stage08_b08_unit_impulse_scales_v1,81ae6d1c9687b785f50a7bd727c843073326fc3dbc0e106cd807d71be34cb474,operator,unit_impulse,NA,NA,unit_impulse,unit_impulse__unit_impulse_int32_10e4__7acd50ebaf8c72e2,unit_impulse_int32_10e4,10^4,10000,"shape=10000,idx=10000",INT32,GPU,not_applicable,compatibility/end-to-end,PASS,OK,20,100,75,0.162907,true,7acd50ebaf8c72e2d4fc39b75d565f8e6c8be7927e77faea02f0a254830fabf1,f8c784aa6b57396e7c5e094c34d079d8252473e46e2f60593a921dbebf941fcc
1,20260810T091417Z_bdef73fce32b_stage08_b08_formal_87730008,formal,20260810T091417Z,bdef73fce32b9234cec46609c420421a2b5cf2f6,false,stage08_b08_unit_impulse_scales_v1,81ae6d1c9687b785f50a7bd727c843073326fc3dbc0e106cd807d71be34cb474,operator,unit_impulse,NA,NA,unit_impulse,unit_impulse__unit_impulse_int32_10e4__7acd50ebaf8c72e2,unit_impulse_int32_10e4,10^4,10000,"shape=10000,idx=10000",INT32,GPU,not_applicable,compatibility/end-to-end,PASS,OK,20,100,76,0.160287,true,7acd50ebaf8c72e2d4fc39b75d565f8e6c8be7927e77faea02f0a254830fabf1,f8c784aa6b57396e7c5e094c34d079d8252473e46e2f60593a921dbebf941fcc
1,20260810T091417Z_bdef73fce32b_stage08_b08_formal_87730008,formal,20260810T091417Z,bdef73fce32b9234cec46609c420421a2b5cf2f6,false,stage08_b08_unit_impulse_scales_v1,81ae6d1c9687b785f50a7bd727c843073326fc3dbc0e106cd807d71be34cb474,operator,unit_impulse,NA,NA,unit_impulse,unit_impulse__unit_impulse_int32_10e4__7acd50ebaf8c72e2,unit_impulse_int32_10e4,10^4,10000,"shape=10000,idx=10000",INT32,GPU,not_applicable,compatibility/end-to-end,PASS,OK,20,100,77,0.157637,true,7acd50ebaf8c72e2d4fc39b75d565f8e6c8be7927e77faea02f0a254830fabf1,f8c784aa6b57396e7c5e094c34d079d8252473e46e2f60593a921dbebf941fcc
1,20260810T091417Z_bdef73fce32b_stage08_b08_formal_87730008,formal,20260810T091417Z,bdef73fce32b9234cec46609c420421a2b5cf2f6,false,stage08_b08_unit_impulse_scales_v1,81ae6d1c9687b785f50a7bd727c843073326fc3dbc0e106cd807d71be34cb474,operator,unit_impulse,NA,NA,unit_impulse,unit_impulse__unit_impulse_int32_10e4__7acd50ebaf8c72e2,unit_impulse_int32_10e4,10^4,10000,"shape=10000,idx=10000",INT32,GPU,not_applicable,compatibility/end-to-end,PASS,OK,20,100,78,0.165488,true,7acd50ebaf8c72e2d4fc39b75d565f8e6c8be7927e77faea02f0a254830fabf1,f8c784aa6b57396e7c5e094c34d079d8252473e46e2f60593a921dbebf941fcc
1,20260810T091417Z_bdef73fce32b_stage08_b08_formal_87730008,formal,20260810T091417Z,bdef73fce32b9234cec46609c420421a2b5cf2f6,false,stage08_b08_unit_impulse_scales_v1,81ae6d1c9687b785f50a7bd727c843073326fc3dbc0e106cd807d71be34cb474,operator,unit_impulse,NA,NA,unit_impulse,unit_impulse__unit_impulse_int32_10e4__7acd50ebaf8c72e2,unit_impulse_int32_10e4,10^4,10000,"shape=10000,idx=10000",INT32,GPU,not_applicable,compatibility/end-to-end,PASS,OK,20,100,79,0.160377,true,7acd50ebaf8c72e2d4fc39b75d565f8e6c8be7927e77faea02f0a254830fabf1,f8c784aa6b57396e7c5e094c34d079d8252473e46e2f60593a921dbebf941fcc
1,20260810T091417Z_bdef73fce32b_stage08_b08_formal_87730008,formal,20260810T091417Z,bdef73fce32b9234cec46609c420421a2b5cf2f6,false,stage08_b08_unit_impulse_scales_v1,81ae6d1c9687b785f50a7bd727c843073326fc3dbc0e106cd807d71be34cb474,operator,unit_impulse,NA,NA,unit_impulse,unit_impulse__unit_impulse_int32_10e4__7acd50ebaf8c72e2,unit_impulse_int32_10e4,10^4,10000,"shape=10000,idx=10000",INT32,GPU,not_applicable,compatibility/end-to-end,PASS,OK,20,100,80,0.163967,true,7acd50ebaf8c72e2d4fc39b75d565f8e6c8be7927e77faea02f0a254830fabf1,f8c784aa6b57396e7c5e094c34d079d8252473e46e2f60593a921dbebf941fcc
1,20260810T091417Z_bdef73fce32b_stage08_b08_formal_87730008,formal,20260810T091417Z,bdef73fce32b9234cec46609c420421a2b5cf2f6,false,stage08_b08_unit_impulse_scales_v1,81ae6d1c9687b785f50a7bd727c843073326fc3dbc0e106cd807d71be34cb474,operator,unit_impulse,NA,NA,unit_impulse,unit_impulse__unit_impulse_int32_10e4__7acd50ebaf8c72e2,unit_impulse_int32_10e4,10^4,10000,"shape=10000,idx=10000",INT32,GPU,not_applicable,compatibility/end-to-end,PASS,OK,20,100,81,0.163077,true,7acd50ebaf8c72e2d4fc39b75d565f8e6c8be7927e77faea02f0a254830fabf1,f8c784aa6b57396e7c5e094c34d079d8252473e46e2f60593a921dbebf941fcc
1,20260810T091417Z_bdef73fce32b_stage08_b08_formal_87730008,formal,20260810T091417Z,bdef73fce32b9234cec46609c420421a2b5cf2f6,false,stage08_b08_unit_impulse_scales_v1,81ae6d1c9687b785f50a7bd727c843073326fc3dbc0e106cd807d71be34cb474,operator,unit_impulse,NA,NA,unit_impulse,unit_impulse__unit_impulse_int32_10e4__7acd50ebaf8c72e2,unit_impulse_int32_10e4,10^4,10000,"shape=10000,idx=10000",INT32,GPU,not_applicable,compatibility/end-to-end,PASS,OK,20,100,82,0.169768,true,7acd50ebaf8c72e2d4fc39b75d565f8e6c8be7927e77faea02f0a254830fabf1,f8c784aa6b57396e7c5e094c34d079d8252473e46e2f60593a921dbebf941fcc
1,20260810T091417Z_bdef73fce32b_stage08_b08_formal_87730008,formal,20260810T091417Z,bdef73fce32b9234cec46609c420421a2b5cf2f6,false,stage08_b08_unit_impulse_scales_v1,81ae6d1c9687b785f50a7bd727c843073326fc3dbc0e106cd807d71be34cb474,operator,unit_impulse,NA,NA,unit_impulse,unit_impulse__unit_impulse_int32_10e4__7acd50ebaf8c72e2,unit_impulse_int32_10e4,10^4,10000,"shape=10000,idx=10000",INT32,GPU,not_applicable,compatibility/end-to-end,PASS,OK,20,100,83,0.169068,true,7acd50ebaf8c72e2d4fc39b75d565f8e6c8be7927e77faea02f0a254830fabf1,f8c784aa6b57396e7c5e094c34d079d8252473e46e2f60593a921dbebf941fcc
1,20260810T091417Z_bdef73fce32b_stage08_b08_formal_87730008,formal,20260810T091417Z,bdef73fce32b9234cec46609c420421a2b5cf2f6,false,stage08_b08_unit_impulse_scales_v1,81ae6d1c9687b785f50a7bd727c843073326fc3dbc0e106cd807d71be34cb474,operator,unit_impulse,NA,NA,unit_impulse,unit_impulse__unit_impulse_int32_10e4__7acd50ebaf8c72e2,unit_impulse_int32_10e4,10^4,10000,"shape=10000,idx=10000",INT32,GPU,not_applicable,compatibility/end-to-end,PASS,OK,20,100,84,0.167637,true,7acd50ebaf8c72e2d4fc39b75d565f8e6c8be7927e77faea02f0a254830fabf1,f8c784aa6b57396e7c5e094c34d079d8252473e46e2f60593a921dbebf941fcc
1,20260810T091417Z_bdef73fce32b_stage08_b08_formal_87730008,formal,20260810T091417Z,bdef73fce32b9234cec46609c420421a2b5cf2f6,false,stage08_b08_unit_impulse_scales_v1,81ae6d1c9687b785f50a7bd727c843073326fc3dbc0e106cd807d71be34cb474,operator,unit_impulse,NA,NA,unit_impulse,unit_impulse__unit_impulse_int32_10e4__7acd50ebaf8c72e2,unit_impulse_int32_10e4,10^4,10000,"shape=10000,idx=10000",INT32,GPU,not_applicable,compatibility/end-to-end,PASS,OK,20,100,85,0.164977,true,7acd50ebaf8c72e2d4fc39b75d565f8e6c8be7927e77faea02f0a254830fabf1,f8c784aa6b57396e7c5e094c34d079d8252473e46e2f60593a921dbebf941fcc
1,20260810T091417Z_bdef73fce32b_stage08_b08_formal_87730008,formal,20260810T091417Z,bdef73fce32b9234cec46609c420421a2b5cf2f6,false,stage08_b08_unit_impulse_scales_v1,81ae6d1c9687b785f50a7bd727c843073326fc3dbc0e106cd807d71be34cb474,operator,unit_impulse,NA,NA,unit_impulse,unit_impulse__unit_impulse_int32_10e4__7acd50ebaf8c72e2,unit_impulse_int32_10e4,10^4,10000,"shape=10000,idx=10000",INT32,GPU,not_applicable,compatibility/end-to-end,PASS,OK,20,100,86,0.169188,true,7acd50ebaf8c72e2d4fc39b75d565f8e6c8be7927e77faea02f0a254830fabf1,f8c784aa6b57396e7c5e094c34d079d8252473e46e2f60593a921dbebf941fcc
1,20260810T091417Z_bdef73fce32b_stage08_b08_formal_87730008,formal,20260810T091417Z,bdef73fce32b9234cec46609c420421a2b5cf2f6,false,stage08_b08_unit_impulse_scales_v1,81ae6d1c9687b785f50a7bd727c843073326fc3dbc0e106cd807d71be34cb474,operator,unit_impulse,NA,NA,unit_impulse,unit_impulse__unit_impulse_int32_10e4__7acd50ebaf8c72e2,unit_impulse_int32_10e4,10^4,10000,"shape=10000,idx=10000",INT32,GPU,not_applicable,compatibility/end-to-end,PASS,OK,20,100,87,0.170588,true,7acd50ebaf8c72e2d4fc39b75d565f8e6c8be7927e77faea02f0a254830fabf1,f8c784aa6b57396e7c5e094c34d079d8252473e46e2f60593a921dbebf941fcc
1,20260810T091417Z_bdef73fce32b_stage08_b08_formal_87730008,formal,20260810T091417Z,bdef73fce32b9234cec46609c420421a2b5cf2f6,false,stage08_b08_unit_impulse_scales_v1,81ae6d1c9687b785f50a7bd727c843073326fc3dbc0e106cd807d71be34cb474,operator,unit_impulse,NA,NA,unit_impulse,unit_impulse__unit_impulse_int32_10e4__7acd50ebaf8c72e2,unit_impulse_int32_10e4,10^4,10000,"shape=10000,idx=10000",INT32,GPU,not_applicable,compatibility/end-to-end,PASS,OK,20,100,88,0.163947,true,7acd50ebaf8c72e2d4fc39b75d565f8e6c8be7927e77faea02f0a254830fabf1,f8c784aa6b57396e7c5e094c34d079d8252473e46e2f60593a921dbebf941fcc
1,20260810T091417Z_bdef73fce32b_stage08_b08_formal_87730008,formal,20260810T091417Z,bdef73fce32b9234cec46609c420421a2b5cf2f6,false,stage08_b08_unit_impulse_scales_v1,81ae6d1c9687b785f50a7bd727c843073326fc3dbc0e106cd807d71be34cb474,operator,unit_impulse,NA,NA,unit_impulse,unit_impulse__unit_impulse_int32_10e4__7acd50ebaf8c72e2,unit_impulse_int32_10e4,10^4,10000,"shape=10000,idx=10000",INT32,GPU,not_applicable,compatibility/end-to-end,PASS,OK,20,100,89,0.164397,true,7acd50ebaf8c72e2d4fc39b75d565f8e6c8be7927e77faea02f0a254830fabf1,f8c784aa6b57396e7c5e094c34d079d8252473e46e2f60593a921dbebf941fcc
1,20260810T091417Z_bdef73fce32b_stage08_b08_formal_87730008,formal,20260810T091417Z,bdef73fce32b9234cec46609c420421a2b5cf2f6,false,stage08_b08_unit_impulse_scales_v1,81ae6d1c9687b785f50a7bd727c843073326fc3dbc0e106cd807d71be34cb474,operator,unit_impulse,NA,NA,unit_impulse,unit_impulse__unit_impulse_int32_10e4__7acd50ebaf8c72e2,unit_impulse_int32_10e4,10^4,10000,"shape=10000,idx=10000",INT32,GPU,not_applicable,compatibility/end-to-end,PASS,OK,20,100,90,0.181698,true,7acd50ebaf8c72e2d4fc39b75d565f8e6c8be7927e77faea02f0a254830fabf1,f8c784aa6b57396e7c5e094c34d079d8252473e46e2f60593a921dbebf941fcc
1,20260810T091417Z_bdef73fce32b_stage08_b08_formal_87730008,formal,20260810T091417Z,bdef73fce32b9234cec46609c420421a2b5cf2f6,false,stage08_b08_unit_impulse_scales_v1,81ae6d1c9687b785f50a7bd727c843073326fc3dbc0e106cd807d71be34cb474,operator,unit_impulse,NA,NA,unit_impulse,unit_impulse__unit_impulse_int32_10e4__7acd50ebaf8c72e2,unit_impulse_int32_10e4,10^4,10000,"shape=10000,idx=10000",INT32,GPU,not_applicable,compatibility/end-to-end,PASS,OK,20,100,91,0.168658,true,7acd50ebaf8c72e2d4fc39b75d565f8e6c8be7927e77faea02f0a254830fabf1,f8c784aa6b57396e7c5e094c34d079d8252473e46e2f60593a921dbebf941fcc
1,20260810T091417Z_bdef73fce32b_stage08_b08_formal_87730008,formal,20260810T091417Z,bdef73fce32b9234cec46609c420421a2b5cf2f6,false,stage08_b08_unit_impulse_scales_v1,81ae6d1c9687b785f50a7bd727c843073326fc3dbc0e106cd807d71be34cb474,operator,unit_impulse,NA,NA,unit_impulse,unit_impulse__unit_impulse_int32_10e4__7acd50ebaf8c72e2,unit_impulse_int32_10e4,10^4,10000,"shape=10000,idx=10000",INT32,GPU,not_applicable,compatibility/end-to-end,PASS,OK,20,100,92,0.173448,true,7acd50ebaf8c72e2d4fc39b75d565f8e6c8be7927e77faea02f0a254830fabf1,f8c784aa6b57396e7c5e094c34d079d8252473e46e2f60593a921dbebf941fcc
1,20260810T091417Z_bdef73fce32b_stage08_b08_formal_87730008,formal,20260810T091417Z,bdef73fce32b9234cec46609c420421a2b5cf2f6,false,stage08_b08_unit_impulse_scales_v1,81ae6d1c9687b785f50a7bd727c843073326fc3dbc0e106cd807d71be34cb474,operator,unit_impulse,NA,NA,unit_impulse,unit_impulse__unit_impulse_int32_10e4__7acd50ebaf8c72e2,unit_impulse_int32_10e4,10^4,10000,"shape=10000,idx=10000",INT32,GPU,not_applicable,compatibility/end-to-end,PASS,OK,20,100,93,0.166697,true,7acd50ebaf8c72e2d4fc39b75d565f8e6c8be7927e77faea02f0a254830fabf1,f8c784aa6b57396e7c5e094c34d079d8252473e46e2f60593a921dbebf941fcc
1,20260810T091417Z_bdef73fce32b_stage08_b08_formal_87730008,formal,20260810T091417Z,bdef73fce32b9234cec46609c420421a2b5cf2f6,false,stage08_b08_unit_impulse_scales_v1,81ae6d1c9687b785f50a7bd727c843073326fc3dbc0e106cd807d71be34cb474,operator,unit_impulse,NA,NA,unit_impulse,unit_impulse__unit_impulse_int32_10e4__7acd50ebaf8c72e2,unit_impulse_int32_10e4,10^4,10000,"shape=10000,idx=10000",INT32,GPU,not_applicable,compatibility/end-to-end,PASS,OK,20,100,94,0.165687,true,7acd50ebaf8c72e2d4fc39b75d565f8e6c8be7927e77faea02f0a254830fabf1,f8c784aa6b57396e7c5e094c34d079d8252473e46e2f60593a921dbebf941fcc
1,20260810T091417Z_bdef73fce32b_stage08_b08_formal_87730008,formal,20260810T091417Z,bdef73fce32b9234cec46609c420421a2b5cf2f6,false,stage08_b08_unit_impulse_scales_v1,81ae6d1c9687b785f50a7bd727c843073326fc3dbc0e106cd807d71be34cb474,operator,unit_impulse,NA,NA,unit_impulse,unit_impulse__unit_impulse_int32_10e4__7acd50ebaf8c72e2,unit_impulse_int32_10e4,10^4,10000,"shape=10000,idx=10000",INT32,GPU,not_applicable,compatibility/end-to-end,PASS,OK,20,100,95,0.166308,true,7acd50ebaf8c72e2d4fc39b75d565f8e6c8be7927e77faea02f0a254830fabf1,f8c784aa6b57396e7c5e094c34d079d8252473e46e2f60593a921dbebf941fcc
1,20260810T091417Z_bdef73fce32b_stage08_b08_formal_87730008,formal,20260810T091417Z,bdef73fce32b9234cec46609c420421a2b5cf2f6,false,stage08_b08_unit_impulse_scales_v1,81ae6d1c9687b785f50a7bd727c843073326fc3dbc0e106cd807d71be34cb474,operator,unit_impulse,NA,NA,unit_impulse,unit_impulse__unit_impulse_int32_10e4__7acd50ebaf8c72e2,unit_impulse_int32_10e4,10^4,10000,"shape=10000,idx=10000",INT32,GPU,not_applicable,compatibility/end-to-end,PASS,OK,20,100,96,0.168217,true,7acd50ebaf8c72e2d4fc39b75d565f8e6c8be7927e77faea02f0a254830fabf1,f8c784aa6b57396e7c5e094c34d079d8252473e46e2f60593a921dbebf941fcc
1,20260810T091417Z_bdef73fce32b_stage08_b08_formal_87730008,formal,20260810T091417Z,bdef73fce32b9234cec46609c420421a2b5cf2f6,false,stage08_b08_unit_impulse_scales_v1,81ae6d1c9687b785f50a7bd727c843073326fc3dbc0e106cd807d71be34cb474,operator,unit_impulse,NA,NA,unit_impulse,unit_impulse__unit_impulse_int32_10e4__7acd50ebaf8c72e2,unit_impulse_int32_10e4,10^4,10000,"shape=10000,idx=10000",INT32,GPU,not_applicable,compatibility/end-to-end,PASS,OK,20,100,97,0.171368,true,7acd50ebaf8c72e2d4fc39b75d565f8e6c8be7927e77faea02f0a254830fabf1,f8c784aa6b57396e7c5e094c34d079d8252473e46e2f60593a921dbebf941fcc
1,20260810T091417Z_bdef73fce32b_stage08_b08_formal_87730008,formal,20260810T091417Z,bdef73fce32b9234cec46609c420421a2b5cf2f6,false,stage08_b08_unit_impulse_scales_v1,81ae6d1c9687b785f50a7bd727c843073326fc3dbc0e106cd807d71be34cb474,operator,unit_impulse,NA,NA,unit_impulse,unit_impulse__unit_impulse_int32_10e4__7acd50ebaf8c72e2,unit_impulse_int32_10e4,10^4,10000,"shape=10000,idx=10000",INT32,GPU,not_applicable,compatibility/end-to-end,PASS,OK,20,100,98,0.168667,true,7acd50ebaf8c72e2d4fc39b75d565f8e6c8be7927e77faea02f0a254830fabf1,f8c784aa6b57396e7c5e094c34d079d8252473e46e2f60593a921dbebf941fcc
1,20260810T091417Z_bdef73fce32b_stage08_b08_formal_87730008,formal,20260810T091417Z,bdef73fce32b9234cec46609c420421a2b5cf2f6,false,stage08_b08_unit_impulse_scales_v1,81ae6d1c9687b785f50a7bd727c843073326fc3dbc0e106cd807d71be34cb474,operator,unit_impulse,NA,NA,unit_impulse,unit_impulse__unit_impulse_int32_10e4__7acd50ebaf8c72e2,unit_impulse_int32_10e4,10^4,10000,"shape=10000,idx=10000",INT32,GPU,not_applicable,compatibility/end-to-end,PASS,OK,20,100,99,0.162878,true,7acd50ebaf8c72e2d4fc39b75d565f8e6c8be7927e77faea02f0a254830fabf1,f8c784aa6b57396e7c5e094c34d079d8252473e46e2f60593a921dbebf941fcc
