schema_version,run_id,run_type,test_time_utc,git_commit,git_dirty,config_id,config_sha256,target_kind,target,task_name,step_name,operator_name,case_id,scale_id,order_of_magnitude,actual_elements,input_shape,dtype,device,backend,timing_scope,status,error_code,warmup_runs,measured_runs,sample_index,latency_ms,synchronized,input_digest,output_digest
1,20260809T151217Z_365e0a0ca281_stage08_b06_formal_8623f006,formal,20260809T151217Z,365e0a0ca281d5d49d8522885de92ccb36d08351,true,stage08_b06_istft_scales_v1,c23ebf8544880fec31b221509b9ff5ff88e219881c7166c254a74660570940f5,operator,istft,NA,NA,istft,istft__istft_int32_10e2__7f27c0de7624d5fc,istft_int32_10e2,10^2,108,z=[9x12],INT32,CPU,fft_thrust,compatibility/end-to-end,PASS,OK,20,100,0,0.128111,true,7f27c0de7624d5fc01efed5ad73fcc74338e15cca1925c826239a6c2fa9cf762,03b8cf76c3235810d696c1308f57c86a25f375051cc4d0a7e509eebf7678506c
1,20260809T151217Z_365e0a0ca281_stage08_b06_formal_8623f006,formal,20260809T151217Z,365e0a0ca281d5d49d8522885de92ccb36d08351,true,stage08_b06_istft_scales_v1,c23ebf8544880fec31b221509b9ff5ff88e219881c7166c254a74660570940f5,operator,istft,NA,NA,istft,istft__istft_int32_10e2__7f27c0de7624d5fc,istft_int32_10e2,10^2,108,z=[9x12],INT32,CPU,fft_thrust,compatibility/end-to-end,PASS,OK,20,100,1,0.128391,true,7f27c0de7624d5fc01efed5ad73fcc74338e15cca1925c826239a6c2fa9cf762,03b8cf76c3235810d696c1308f57c86a25f375051cc4d0a7e509eebf7678506c
1,20260809T151217Z_365e0a0ca281_stage08_b06_formal_8623f006,formal,20260809T151217Z,365e0a0ca281d5d49d8522885de92ccb36d08351,true,stage08_b06_istft_scales_v1,c23ebf8544880fec31b221509b9ff5ff88e219881c7166c254a74660570940f5,operator,istft,NA,NA,istft,istft__istft_int32_10e2__7f27c0de7624d5fc,istft_int32_10e2,10^2,108,z=[9x12],INT32,CPU,fft_thrust,compatibility/end-to-end,PASS,OK,20,100,2,0.12803,true,7f27c0de7624d5fc01efed5ad73fcc74338e15cca1925c826239a6c2fa9cf762,03b8cf76c3235810d696c1308f57c86a25f375051cc4d0a7e509eebf7678506c
1,20260809T151217Z_365e0a0ca281_stage08_b06_formal_8623f006,formal,20260809T151217Z,365e0a0ca281d5d49d8522885de92ccb36d08351,true,stage08_b06_istft_scales_v1,c23ebf8544880fec31b221509b9ff5ff88e219881c7166c254a74660570940f5,operator,istft,NA,NA,istft,istft__istft_int32_10e2__7f27c0de7624d5fc,istft_int32_10e2,10^2,108,z=[9x12],INT32,CPU,fft_thrust,compatibility/end-to-end,PASS,OK,20,100,3,0.128141,true,7f27c0de7624d5fc01efed5ad73fcc74338e15cca1925c826239a6c2fa9cf762,03b8cf76c3235810d696c1308f57c86a25f375051cc4d0a7e509eebf7678506c
1,20260809T151217Z_365e0a0ca281_stage08_b06_formal_8623f006,formal,20260809T151217Z,365e0a0ca281d5d49d8522885de92ccb36d08351,true,stage08_b06_istft_scales_v1,c23ebf8544880fec31b221509b9ff5ff88e219881c7166c254a74660570940f5,operator,istft,NA,NA,istft,istft__istft_int32_10e2__7f27c0de7624d5fc,istft_int32_10e2,10^2,108,z=[9x12],INT32,CPU,fft_thrust,compatibility/end-to-end,PASS,OK,20,100,4,0.128091,true,7f27c0de7624d5fc01efed5ad73fcc74338e15cca1925c826239a6c2fa9cf762,03b8cf76c3235810d696c1308f57c86a25f375051cc4d0a7e509eebf7678506c
1,20260809T151217Z_365e0a0ca281_stage08_b06_formal_8623f006,formal,20260809T151217Z,365e0a0ca281d5d49d8522885de92ccb36d08351,true,stage08_b06_istft_scales_v1,c23ebf8544880fec31b221509b9ff5ff88e219881c7166c254a74660570940f5,operator,istft,NA,NA,istft,istft__istft_int32_10e2__7f27c0de7624d5fc,istft_int32_10e2,10^2,108,z=[9x12],INT32,CPU,fft_thrust,compatibility/end-to-end,PASS,OK,20,100,5,0.128051,true,7f27c0de7624d5fc01efed5ad73fcc74338e15cca1925c826239a6c2fa9cf762,03b8cf76c3235810d696c1308f57c86a25f375051cc4d0a7e509eebf7678506c
1,20260809T151217Z_365e0a0ca281_stage08_b06_formal_8623f006,formal,20260809T151217Z,365e0a0ca281d5d49d8522885de92ccb36d08351,true,stage08_b06_istft_scales_v1,c23ebf8544880fec31b221509b9ff5ff88e219881c7166c254a74660570940f5,operator,istft,NA,NA,istft,istft__istft_int32_10e2__7f27c0de7624d5fc,istft_int32_10e2,10^2,108,z=[9x12],INT32,CPU,fft_thrust,compatibility/end-to-end,PASS,OK,20,100,6,0.128191,true,7f27c0de7624d5fc01efed5ad73fcc74338e15cca1925c826239a6c2fa9cf762,03b8cf76c3235810d696c1308f57c86a25f375051cc4d0a7e509eebf7678506c
1,20260809T151217Z_365e0a0ca281_stage08_b06_formal_8623f006,formal,20260809T151217Z,365e0a0ca281d5d49d8522885de92ccb36d08351,true,stage08_b06_istft_scales_v1,c23ebf8544880fec31b221509b9ff5ff88e219881c7166c254a74660570940f5,operator,istft,NA,NA,istft,istft__istft_int32_10e2__7f27c0de7624d5fc,istft_int32_10e2,10^2,108,z=[9x12],INT32,CPU,fft_thrust,compatibility/end-to-end,PASS,OK,20,100,7,0.128131,true,7f27c0de7624d5fc01efed5ad73fcc74338e15cca1925c826239a6c2fa9cf762,03b8cf76c3235810d696c1308f57c86a25f375051cc4d0a7e509eebf7678506c
1,20260809T151217Z_365e0a0ca281_stage08_b06_formal_8623f006,formal,20260809T151217Z,365e0a0ca281d5d49d8522885de92ccb36d08351,true,stage08_b06_istft_scales_v1,c23ebf8544880fec31b221509b9ff5ff88e219881c7166c254a74660570940f5,operator,istft,NA,NA,istft,istft__istft_int32_10e2__7f27c0de7624d5fc,istft_int32_10e2,10^2,108,z=[9x12],INT32,CPU,fft_thrust,compatibility/end-to-end,PASS,OK,20,100,8,0.128191,true,7f27c0de7624d5fc01efed5ad73fcc74338e15cca1925c826239a6c2fa9cf762,03b8cf76c3235810d696c1308f57c86a25f375051cc4d0a7e509eebf7678506c
1,20260809T151217Z_365e0a0ca281_stage08_b06_formal_8623f006,formal,20260809T151217Z,365e0a0ca281d5d49d8522885de92ccb36d08351,true,stage08_b06_istft_scales_v1,c23ebf8544880fec31b221509b9ff5ff88e219881c7166c254a74660570940f5,operator,istft,NA,NA,istft,istft__istft_int32_10e2__7f27c0de7624d5fc,istft_int32_10e2,10^2,108,z=[9x12],INT32,CPU,fft_thrust,compatibility/end-to-end,PASS,OK,20,100,9,0.127991,true,7f27c0de7624d5fc01efed5ad73fcc74338e15cca1925c826239a6c2fa9cf762,03b8cf76c3235810d696c1308f57c86a25f375051cc4d0a7e509eebf7678506c
1,20260809T151217Z_365e0a0ca281_stage08_b06_formal_8623f006,formal,20260809T151217Z,365e0a0ca281d5d49d8522885de92ccb36d08351,true,stage08_b06_istft_scales_v1,c23ebf8544880fec31b221509b9ff5ff88e219881c7166c254a74660570940f5,operator,istft,NA,NA,istft,istft__istft_int32_10e2__7f27c0de7624d5fc,istft_int32_10e2,10^2,108,z=[9x12],INT32,CPU,fft_thrust,compatibility/end-to-end,PASS,OK,20,100,10,0.12822,true,7f27c0de7624d5fc01efed5ad73fcc74338e15cca1925c826239a6c2fa9cf762,03b8cf76c3235810d696c1308f57c86a25f375051cc4d0a7e509eebf7678506c
1,20260809T151217Z_365e0a0ca281_stage08_b06_formal_8623f006,formal,20260809T151217Z,365e0a0ca281d5d49d8522885de92ccb36d08351,true,stage08_b06_istft_scales_v1,c23ebf8544880fec31b221509b9ff5ff88e219881c7166c254a74660570940f5,operator,istft,NA,NA,istft,istft__istft_int32_10e2__7f27c0de7624d5fc,istft_int32_10e2,10^2,108,z=[9x12],INT32,CPU,fft_thrust,compatibility/end-to-end,PASS,OK,20,100,11,0.127971,true,7f27c0de7624d5fc01efed5ad73fcc74338e15cca1925c826239a6c2fa9cf762,03b8cf76c3235810d696c1308f57c86a25f375051cc4d0a7e509eebf7678506c
1,20260809T151217Z_365e0a0ca281_stage08_b06_formal_8623f006,formal,20260809T151217Z,365e0a0ca281d5d49d8522885de92ccb36d08351,true,stage08_b06_istft_scales_v1,c23ebf8544880fec31b221509b9ff5ff88e219881c7166c254a74660570940f5,operator,istft,NA,NA,istft,istft__istft_int32_10e2__7f27c0de7624d5fc,istft_int32_10e2,10^2,108,z=[9x12],INT32,CPU,fft_thrust,compatibility/end-to-end,PASS,OK,20,100,12,0.128101,true,7f27c0de7624d5fc01efed5ad73fcc74338e15cca1925c826239a6c2fa9cf762,03b8cf76c3235810d696c1308f57c86a25f375051cc4d0a7e509eebf7678506c
1,20260809T151217Z_365e0a0ca281_stage08_b06_formal_8623f006,formal,20260809T151217Z,365e0a0ca281d5d49d8522885de92ccb36d08351,true,stage08_b06_istft_scales_v1,c23ebf8544880fec31b221509b9ff5ff88e219881c7166c254a74660570940f5,operator,istft,NA,NA,istft,istft__istft_int32_10e2__7f27c0de7624d5fc,istft_int32_10e2,10^2,108,z=[9x12],INT32,CPU,fft_thrust,compatibility/end-to-end,PASS,OK,20,100,13,0.128131,true,7f27c0de7624d5fc01efed5ad73fcc74338e15cca1925c826239a6c2fa9cf762,03b8cf76c3235810d696c1308f57c86a25f375051cc4d0a7e509eebf7678506c
1,20260809T151217Z_365e0a0ca281_stage08_b06_formal_8623f006,formal,20260809T151217Z,365e0a0ca281d5d49d8522885de92ccb36d08351,true,stage08_b06_istft_scales_v1,c23ebf8544880fec31b221509b9ff5ff88e219881c7166c254a74660570940f5,operator,istft,NA,NA,istft,istft__istft_int32_10e2__7f27c0de7624d5fc,istft_int32_10e2,10^2,108,z=[9x12],INT32,CPU,fft_thrust,compatibility/end-to-end,PASS,OK,20,100,14,0.128191,true,7f27c0de7624d5fc01efed5ad73fcc74338e15cca1925c826239a6c2fa9cf762,03b8cf76c3235810d696c1308f57c86a25f375051cc4d0a7e509eebf7678506c
1,20260809T151217Z_365e0a0ca281_stage08_b06_formal_8623f006,formal,20260809T151217Z,365e0a0ca281d5d49d8522885de92ccb36d08351,true,stage08_b06_istft_scales_v1,c23ebf8544880fec31b221509b9ff5ff88e219881c7166c254a74660570940f5,operator,istft,NA,NA,istft,istft__istft_int32_10e2__7f27c0de7624d5fc,istft_int32_10e2,10^2,108,z=[9x12],INT32,CPU,fft_thrust,compatibility/end-to-end,PASS,OK,20,100,15,0.128131,true,7f27c0de7624d5fc01efed5ad73fcc74338e15cca1925c826239a6c2fa9cf762,03b8cf76c3235810d696c1308f57c86a25f375051cc4d0a7e509eebf7678506c
1,20260809T151217Z_365e0a0ca281_stage08_b06_formal_8623f006,formal,20260809T151217Z,365e0a0ca281d5d49d8522885de92ccb36d08351,true,stage08_b06_istft_scales_v1,c23ebf8544880fec31b221509b9ff5ff88e219881c7166c254a74660570940f5,operator,istft,NA,NA,istft,istft__istft_int32_10e2__7f27c0de7624d5fc,istft_int32_10e2,10^2,108,z=[9x12],INT32,CPU,fft_thrust,compatibility/end-to-end,PASS,OK,20,100,16,0.128041,true,7f27c0de7624d5fc01efed5ad73fcc74338e15cca1925c826239a6c2fa9cf762,03b8cf76c3235810d696c1308f57c86a25f375051cc4d0a7e509eebf7678506c
1,20260809T151217Z_365e0a0ca281_stage08_b06_formal_8623f006,formal,20260809T151217Z,365e0a0ca281d5d49d8522885de92ccb36d08351,true,stage08_b06_istft_scales_v1,c23ebf8544880fec31b221509b9ff5ff88e219881c7166c254a74660570940f5,operator,istft,NA,NA,istft,istft__istft_int32_10e2__7f27c0de7624d5fc,istft_int32_10e2,10^2,108,z=[9x12],INT32,CPU,fft_thrust,compatibility/end-to-end,PASS,OK,20,100,17,0.1282,true,7f27c0de7624d5fc01efed5ad73fcc74338e15cca1925c826239a6c2fa9cf762,03b8cf76c3235810d696c1308f57c86a25f375051cc4d0a7e509eebf7678506c
1,20260809T151217Z_365e0a0ca281_stage08_b06_formal_8623f006,formal,20260809T151217Z,365e0a0ca281d5d49d8522885de92ccb36d08351,true,stage08_b06_istft_scales_v1,c23ebf8544880fec31b221509b9ff5ff88e219881c7166c254a74660570940f5,operator,istft,NA,NA,istft,istft__istft_int32_10e2__7f27c0de7624d5fc,istft_int32_10e2,10^2,108,z=[9x12],INT32,CPU,fft_thrust,compatibility/end-to-end,PASS,OK,20,100,18,0.127971,true,7f27c0de7624d5fc01efed5ad73fcc74338e15cca1925c826239a6c2fa9cf762,03b8cf76c3235810d696c1308f57c86a25f375051cc4d0a7e509eebf7678506c
1,20260809T151217Z_365e0a0ca281_stage08_b06_formal_8623f006,formal,20260809T151217Z,365e0a0ca281d5d49d8522885de92ccb36d08351,true,stage08_b06_istft_scales_v1,c23ebf8544880fec31b221509b9ff5ff88e219881c7166c254a74660570940f5,operator,istft,NA,NA,istft,istft__istft_int32_10e2__7f27c0de7624d5fc,istft_int32_10e2,10^2,108,z=[9x12],INT32,CPU,fft_thrust,compatibility/end-to-end,PASS,OK,20,100,19,0.127951,true,7f27c0de7624d5fc01efed5ad73fcc74338e15cca1925c826239a6c2fa9cf762,03b8cf76c3235810d696c1308f57c86a25f375051cc4d0a7e509eebf7678506c
1,20260809T151217Z_365e0a0ca281_stage08_b06_formal_8623f006,formal,20260809T151217Z,365e0a0ca281d5d49d8522885de92ccb36d08351,true,stage08_b06_istft_scales_v1,c23ebf8544880fec31b221509b9ff5ff88e219881c7166c254a74660570940f5,operator,istft,NA,NA,istft,istft__istft_int32_10e2__7f27c0de7624d5fc,istft_int32_10e2,10^2,108,z=[9x12],INT32,CPU,fft_thrust,compatibility/end-to-end,PASS,OK,20,100,20,0.128091,true,7f27c0de7624d5fc01efed5ad73fcc74338e15cca1925c826239a6c2fa9cf762,03b8cf76c3235810d696c1308f57c86a25f375051cc4d0a7e509eebf7678506c
1,20260809T151217Z_365e0a0ca281_stage08_b06_formal_8623f006,formal,20260809T151217Z,365e0a0ca281d5d49d8522885de92ccb36d08351,true,stage08_b06_istft_scales_v1,c23ebf8544880fec31b221509b9ff5ff88e219881c7166c254a74660570940f5,operator,istft,NA,NA,istft,istft__istft_int32_10e2__7f27c0de7624d5fc,istft_int32_10e2,10^2,108,z=[9x12],INT32,CPU,fft_thrust,compatibility/end-to-end,PASS,OK,20,100,21,0.128171,true,7f27c0de7624d5fc01efed5ad73fcc74338e15cca1925c826239a6c2fa9cf762,03b8cf76c3235810d696c1308f57c86a25f375051cc4d0a7e509eebf7678506c
1,20260809T151217Z_365e0a0ca281_stage08_b06_formal_8623f006,formal,20260809T151217Z,365e0a0ca281d5d49d8522885de92ccb36d08351,true,stage08_b06_istft_scales_v1,c23ebf8544880fec31b221509b9ff5ff88e219881c7166c254a74660570940f5,operator,istft,NA,NA,istft,istft__istft_int32_10e2__7f27c0de7624d5fc,istft_int32_10e2,10^2,108,z=[9x12],INT32,CPU,fft_thrust,compatibility/end-to-end,PASS,OK,20,100,22,0.128131,true,7f27c0de7624d5fc01efed5ad73fcc74338e15cca1925c826239a6c2fa9cf762,03b8cf76c3235810d696c1308f57c86a25f375051cc4d0a7e509eebf7678506c
1,20260809T151217Z_365e0a0ca281_stage08_b06_formal_8623f006,formal,20260809T151217Z,365e0a0ca281d5d49d8522885de92ccb36d08351,true,stage08_b06_istft_scales_v1,c23ebf8544880fec31b221509b9ff5ff88e219881c7166c254a74660570940f5,operator,istft,NA,NA,istft,istft__istft_int32_10e2__7f27c0de7624d5fc,istft_int32_10e2,10^2,108,z=[9x12],INT32,CPU,fft_thrust,compatibility/end-to-end,PASS,OK,20,100,23,0.128261,true,7f27c0de7624d5fc01efed5ad73fcc74338e15cca1925c826239a6c2fa9cf762,03b8cf76c3235810d696c1308f57c86a25f375051cc4d0a7e509eebf7678506c
1,20260809T151217Z_365e0a0ca281_stage08_b06_formal_8623f006,formal,20260809T151217Z,365e0a0ca281d5d49d8522885de92ccb36d08351,true,stage08_b06_istft_scales_v1,c23ebf8544880fec31b221509b9ff5ff88e219881c7166c254a74660570940f5,operator,istft,NA,NA,istft,istft__istft_int32_10e2__7f27c0de7624d5fc,istft_int32_10e2,10^2,108,z=[9x12],INT32,CPU,fft_thrust,compatibility/end-to-end,PASS,OK,20,100,24,0.128101,true,7f27c0de7624d5fc01efed5ad73fcc74338e15cca1925c826239a6c2fa9cf762,03b8cf76c3235810d696c1308f57c86a25f375051cc4d0a7e509eebf7678506c
1,20260809T151217Z_365e0a0ca281_stage08_b06_formal_8623f006,formal,20260809T151217Z,365e0a0ca281d5d49d8522885de92ccb36d08351,true,stage08_b06_istft_scales_v1,c23ebf8544880fec31b221509b9ff5ff88e219881c7166c254a74660570940f5,operator,istft,NA,NA,istft,istft__istft_int32_10e2__7f27c0de7624d5fc,istft_int32_10e2,10^2,108,z=[9x12],INT32,CPU,fft_thrust,compatibility/end-to-end,PASS,OK,20,100,25,0.12801,true,7f27c0de7624d5fc01efed5ad73fcc74338e15cca1925c826239a6c2fa9cf762,03b8cf76c3235810d696c1308f57c86a25f375051cc4d0a7e509eebf7678506c
1,20260809T151217Z_365e0a0ca281_stage08_b06_formal_8623f006,formal,20260809T151217Z,365e0a0ca281d5d49d8522885de92ccb36d08351,true,stage08_b06_istft_scales_v1,c23ebf8544880fec31b221509b9ff5ff88e219881c7166c254a74660570940f5,operator,istft,NA,NA,istft,istft__istft_int32_10e2__7f27c0de7624d5fc,istft_int32_10e2,10^2,108,z=[9x12],INT32,CPU,fft_thrust,compatibility/end-to-end,PASS,OK,20,100,26,0.128121,true,7f27c0de7624d5fc01efed5ad73fcc74338e15cca1925c826239a6c2fa9cf762,03b8cf76c3235810d696c1308f57c86a25f375051cc4d0a7e509eebf7678506c
1,20260809T151217Z_365e0a0ca281_stage08_b06_formal_8623f006,formal,20260809T151217Z,365e0a0ca281d5d49d8522885de92ccb36d08351,true,stage08_b06_istft_scales_v1,c23ebf8544880fec31b221509b9ff5ff88e219881c7166c254a74660570940f5,operator,istft,NA,NA,istft,istft__istft_int32_10e2__7f27c0de7624d5fc,istft_int32_10e2,10^2,108,z=[9x12],INT32,CPU,fft_thrust,compatibility/end-to-end,PASS,OK,20,100,27,0.144411,true,7f27c0de7624d5fc01efed5ad73fcc74338e15cca1925c826239a6c2fa9cf762,03b8cf76c3235810d696c1308f57c86a25f375051cc4d0a7e509eebf7678506c
1,20260809T151217Z_365e0a0ca281_stage08_b06_formal_8623f006,formal,20260809T151217Z,365e0a0ca281d5d49d8522885de92ccb36d08351,true,stage08_b06_istft_scales_v1,c23ebf8544880fec31b221509b9ff5ff88e219881c7166c254a74660570940f5,operator,istft,NA,NA,istft,istft__istft_int32_10e2__7f27c0de7624d5fc,istft_int32_10e2,10^2,108,z=[9x12],INT32,CPU,fft_thrust,compatibility/end-to-end,PASS,OK,20,100,28,0.128391,true,7f27c0de7624d5fc01efed5ad73fcc74338e15cca1925c826239a6c2fa9cf762,03b8cf76c3235810d696c1308f57c86a25f375051cc4d0a7e509eebf7678506c
1,20260809T151217Z_365e0a0ca281_stage08_b06_formal_8623f006,formal,20260809T151217Z,365e0a0ca281d5d49d8522885de92ccb36d08351,true,stage08_b06_istft_scales_v1,c23ebf8544880fec31b221509b9ff5ff88e219881c7166c254a74660570940f5,operator,istft,NA,NA,istft,istft__istft_int32_10e2__7f27c0de7624d5fc,istft_int32_10e2,10^2,108,z=[9x12],INT32,CPU,fft_thrust,compatibility/end-to-end,PASS,OK,20,100,29,0.128521,true,7f27c0de7624d5fc01efed5ad73fcc74338e15cca1925c826239a6c2fa9cf762,03b8cf76c3235810d696c1308f57c86a25f375051cc4d0a7e509eebf7678506c
1,20260809T151217Z_365e0a0ca281_stage08_b06_formal_8623f006,formal,20260809T151217Z,365e0a0ca281d5d49d8522885de92ccb36d08351,true,stage08_b06_istft_scales_v1,c23ebf8544880fec31b221509b9ff5ff88e219881c7166c254a74660570940f5,operator,istft,NA,NA,istft,istft__istft_int32_10e2__7f27c0de7624d5fc,istft_int32_10e2,10^2,108,z=[9x12],INT32,CPU,fft_thrust,compatibility/end-to-end,PASS,OK,20,100,30,0.128281,true,7f27c0de7624d5fc01efed5ad73fcc74338e15cca1925c826239a6c2fa9cf762,03b8cf76c3235810d696c1308f57c86a25f375051cc4d0a7e509eebf7678506c
1,20260809T151217Z_365e0a0ca281_stage08_b06_formal_8623f006,formal,20260809T151217Z,365e0a0ca281d5d49d8522885de92ccb36d08351,true,stage08_b06_istft_scales_v1,c23ebf8544880fec31b221509b9ff5ff88e219881c7166c254a74660570940f5,operator,istft,NA,NA,istft,istft__istft_int32_10e2__7f27c0de7624d5fc,istft_int32_10e2,10^2,108,z=[9x12],INT32,CPU,fft_thrust,compatibility/end-to-end,PASS,OK,20,100,31,0.128401,true,7f27c0de7624d5fc01efed5ad73fcc74338e15cca1925c826239a6c2fa9cf762,03b8cf76c3235810d696c1308f57c86a25f375051cc4d0a7e509eebf7678506c
1,20260809T151217Z_365e0a0ca281_stage08_b06_formal_8623f006,formal,20260809T151217Z,365e0a0ca281d5d49d8522885de92ccb36d08351,true,stage08_b06_istft_scales_v1,c23ebf8544880fec31b221509b9ff5ff88e219881c7166c254a74660570940f5,operator,istft,NA,NA,istft,istft__istft_int32_10e2__7f27c0de7624d5fc,istft_int32_10e2,10^2,108,z=[9x12],INT32,CPU,fft_thrust,compatibility/end-to-end,PASS,OK,20,100,32,0.128401,true,7f27c0de7624d5fc01efed5ad73fcc74338e15cca1925c826239a6c2fa9cf762,03b8cf76c3235810d696c1308f57c86a25f375051cc4d0a7e509eebf7678506c
1,20260809T151217Z_365e0a0ca281_stage08_b06_formal_8623f006,formal,20260809T151217Z,365e0a0ca281d5d49d8522885de92ccb36d08351,true,stage08_b06_istft_scales_v1,c23ebf8544880fec31b221509b9ff5ff88e219881c7166c254a74660570940f5,operator,istft,NA,NA,istft,istft__istft_int32_10e2__7f27c0de7624d5fc,istft_int32_10e2,10^2,108,z=[9x12],INT32,CPU,fft_thrust,compatibility/end-to-end,PASS,OK,20,100,33,0.128701,true,7f27c0de7624d5fc01efed5ad73fcc74338e15cca1925c826239a6c2fa9cf762,03b8cf76c3235810d696c1308f57c86a25f375051cc4d0a7e509eebf7678506c
1,20260809T151217Z_365e0a0ca281_stage08_b06_formal_8623f006,formal,20260809T151217Z,365e0a0ca281d5d49d8522885de92ccb36d08351,true,stage08_b06_istft_scales_v1,c23ebf8544880fec31b221509b9ff5ff88e219881c7166c254a74660570940f5,operator,istft,NA,NA,istft,istft__istft_int32_10e2__7f27c0de7624d5fc,istft_int32_10e2,10^2,108,z=[9x12],INT32,CPU,fft_thrust,compatibility/end-to-end,PASS,OK,20,100,34,0.12838,true,7f27c0de7624d5fc01efed5ad73fcc74338e15cca1925c826239a6c2fa9cf762,03b8cf76c3235810d696c1308f57c86a25f375051cc4d0a7e509eebf7678506c
1,20260809T151217Z_365e0a0ca281_stage08_b06_formal_8623f006,formal,20260809T151217Z,365e0a0ca281d5d49d8522885de92ccb36d08351,true,stage08_b06_istft_scales_v1,c23ebf8544880fec31b221509b9ff5ff88e219881c7166c254a74660570940f5,operator,istft,NA,NA,istft,istft__istft_int32_10e2__7f27c0de7624d5fc,istft_int32_10e2,10^2,108,z=[9x12],INT32,CPU,fft_thrust,compatibility/end-to-end,PASS,OK,20,100,35,0.128361,true,7f27c0de7624d5fc01efed5ad73fcc74338e15cca1925c826239a6c2fa9cf762,03b8cf76c3235810d696c1308f57c86a25f375051cc4d0a7e509eebf7678506c
1,20260809T151217Z_365e0a0ca281_stage08_b06_formal_8623f006,formal,20260809T151217Z,365e0a0ca281d5d49d8522885de92ccb36d08351,true,stage08_b06_istft_scales_v1,c23ebf8544880fec31b221509b9ff5ff88e219881c7166c254a74660570940f5,operator,istft,NA,NA,istft,istft__istft_int32_10e2__7f27c0de7624d5fc,istft_int32_10e2,10^2,108,z=[9x12],INT32,CPU,fft_thrust,compatibility/end-to-end,PASS,OK,20,100,36,0.128301,true,7f27c0de7624d5fc01efed5ad73fcc74338e15cca1925c826239a6c2fa9cf762,03b8cf76c3235810d696c1308f57c86a25f375051cc4d0a7e509eebf7678506c
1,20260809T151217Z_365e0a0ca281_stage08_b06_formal_8623f006,formal,20260809T151217Z,365e0a0ca281d5d49d8522885de92ccb36d08351,true,stage08_b06_istft_scales_v1,c23ebf8544880fec31b221509b9ff5ff88e219881c7166c254a74660570940f5,operator,istft,NA,NA,istft,istft__istft_int32_10e2__7f27c0de7624d5fc,istft_int32_10e2,10^2,108,z=[9x12],INT32,CPU,fft_thrust,compatibility/end-to-end,PASS,OK,20,100,37,0.128331,true,7f27c0de7624d5fc01efed5ad73fcc74338e15cca1925c826239a6c2fa9cf762,03b8cf76c3235810d696c1308f57c86a25f375051cc4d0a7e509eebf7678506c
1,20260809T151217Z_365e0a0ca281_stage08_b06_formal_8623f006,formal,20260809T151217Z,365e0a0ca281d5d49d8522885de92ccb36d08351,true,stage08_b06_istft_scales_v1,c23ebf8544880fec31b221509b9ff5ff88e219881c7166c254a74660570940f5,operator,istft,NA,NA,istft,istft__istft_int32_10e2__7f27c0de7624d5fc,istft_int32_10e2,10^2,108,z=[9x12],INT32,CPU,fft_thrust,compatibility/end-to-end,PASS,OK,20,100,38,0.128381,true,7f27c0de7624d5fc01efed5ad73fcc74338e15cca1925c826239a6c2fa9cf762,03b8cf76c3235810d696c1308f57c86a25f375051cc4d0a7e509eebf7678506c
1,20260809T151217Z_365e0a0ca281_stage08_b06_formal_8623f006,formal,20260809T151217Z,365e0a0ca281d5d49d8522885de92ccb36d08351,true,stage08_b06_istft_scales_v1,c23ebf8544880fec31b221509b9ff5ff88e219881c7166c254a74660570940f5,operator,istft,NA,NA,istft,istft__istft_int32_10e2__7f27c0de7624d5fc,istft_int32_10e2,10^2,108,z=[9x12],INT32,CPU,fft_thrust,compatibility/end-to-end,PASS,OK,20,100,39,0.128481,true,7f27c0de7624d5fc01efed5ad73fcc74338e15cca1925c826239a6c2fa9cf762,03b8cf76c3235810d696c1308f57c86a25f375051cc4d0a7e509eebf7678506c
1,20260809T151217Z_365e0a0ca281_stage08_b06_formal_8623f006,formal,20260809T151217Z,365e0a0ca281d5d49d8522885de92ccb36d08351,true,stage08_b06_istft_scales_v1,c23ebf8544880fec31b221509b9ff5ff88e219881c7166c254a74660570940f5,operator,istft,NA,NA,istft,istft__istft_int32_10e2__7f27c0de7624d5fc,istft_int32_10e2,10^2,108,z=[9x12],INT32,CPU,fft_thrust,compatibility/end-to-end,PASS,OK,20,100,40,0.128361,true,7f27c0de7624d5fc01efed5ad73fcc74338e15cca1925c826239a6c2fa9cf762,03b8cf76c3235810d696c1308f57c86a25f375051cc4d0a7e509eebf7678506c
1,20260809T151217Z_365e0a0ca281_stage08_b06_formal_8623f006,formal,20260809T151217Z,365e0a0ca281d5d49d8522885de92ccb36d08351,true,stage08_b06_istft_scales_v1,c23ebf8544880fec31b221509b9ff5ff88e219881c7166c254a74660570940f5,operator,istft,NA,NA,istft,istft__istft_int32_10e2__7f27c0de7624d5fc,istft_int32_10e2,10^2,108,z=[9x12],INT32,CPU,fft_thrust,compatibility/end-to-end,PASS,OK,20,100,41,0.128371,true,7f27c0de7624d5fc01efed5ad73fcc74338e15cca1925c826239a6c2fa9cf762,03b8cf76c3235810d696c1308f57c86a25f375051cc4d0a7e509eebf7678506c
1,20260809T151217Z_365e0a0ca281_stage08_b06_formal_8623f006,formal,20260809T151217Z,365e0a0ca281d5d49d8522885de92ccb36d08351,true,stage08_b06_istft_scales_v1,c23ebf8544880fec31b221509b9ff5ff88e219881c7166c254a74660570940f5,operator,istft,NA,NA,istft,istft__istft_int32_10e2__7f27c0de7624d5fc,istft_int32_10e2,10^2,108,z=[9x12],INT32,CPU,fft_thrust,compatibility/end-to-end,PASS,OK,20,100,42,0.12842,true,7f27c0de7624d5fc01efed5ad73fcc74338e15cca1925c826239a6c2fa9cf762,03b8cf76c3235810d696c1308f57c86a25f375051cc4d0a7e509eebf7678506c
1,20260809T151217Z_365e0a0ca281_stage08_b06_formal_8623f006,formal,20260809T151217Z,365e0a0ca281d5d49d8522885de92ccb36d08351,true,stage08_b06_istft_scales_v1,c23ebf8544880fec31b221509b9ff5ff88e219881c7166c254a74660570940f5,operator,istft,NA,NA,istft,istft__istft_int32_10e2__7f27c0de7624d5fc,istft_int32_10e2,10^2,108,z=[9x12],INT32,CPU,fft_thrust,compatibility/end-to-end,PASS,OK,20,100,43,0.128271,true,7f27c0de7624d5fc01efed5ad73fcc74338e15cca1925c826239a6c2fa9cf762,03b8cf76c3235810d696c1308f57c86a25f375051cc4d0a7e509eebf7678506c
1,20260809T151217Z_365e0a0ca281_stage08_b06_formal_8623f006,formal,20260809T151217Z,365e0a0ca281d5d49d8522885de92ccb36d08351,true,stage08_b06_istft_scales_v1,c23ebf8544880fec31b221509b9ff5ff88e219881c7166c254a74660570940f5,operator,istft,NA,NA,istft,istft__istft_int32_10e2__7f27c0de7624d5fc,istft_int32_10e2,10^2,108,z=[9x12],INT32,CPU,fft_thrust,compatibility/end-to-end,PASS,OK,20,100,44,0.128381,true,7f27c0de7624d5fc01efed5ad73fcc74338e15cca1925c826239a6c2fa9cf762,03b8cf76c3235810d696c1308f57c86a25f375051cc4d0a7e509eebf7678506c
1,20260809T151217Z_365e0a0ca281_stage08_b06_formal_8623f006,formal,20260809T151217Z,365e0a0ca281d5d49d8522885de92ccb36d08351,true,stage08_b06_istft_scales_v1,c23ebf8544880fec31b221509b9ff5ff88e219881c7166c254a74660570940f5,operator,istft,NA,NA,istft,istft__istft_int32_10e2__7f27c0de7624d5fc,istft_int32_10e2,10^2,108,z=[9x12],INT32,CPU,fft_thrust,compatibility/end-to-end,PASS,OK,20,100,45,0.128451,true,7f27c0de7624d5fc01efed5ad73fcc74338e15cca1925c826239a6c2fa9cf762,03b8cf76c3235810d696c1308f57c86a25f375051cc4d0a7e509eebf7678506c
1,20260809T151217Z_365e0a0ca281_stage08_b06_formal_8623f006,formal,20260809T151217Z,365e0a0ca281d5d49d8522885de92ccb36d08351,true,stage08_b06_istft_scales_v1,c23ebf8544880fec31b221509b9ff5ff88e219881c7166c254a74660570940f5,operator,istft,NA,NA,istft,istft__istft_int32_10e2__7f27c0de7624d5fc,istft_int32_10e2,10^2,108,z=[9x12],INT32,CPU,fft_thrust,compatibility/end-to-end,PASS,OK,20,100,46,0.128411,true,7f27c0de7624d5fc01efed5ad73fcc74338e15cca1925c826239a6c2fa9cf762,03b8cf76c3235810d696c1308f57c86a25f375051cc4d0a7e509eebf7678506c
1,20260809T151217Z_365e0a0ca281_stage08_b06_formal_8623f006,formal,20260809T151217Z,365e0a0ca281d5d49d8522885de92ccb36d08351,true,stage08_b06_istft_scales_v1,c23ebf8544880fec31b221509b9ff5ff88e219881c7166c254a74660570940f5,operator,istft,NA,NA,istft,istft__istft_int32_10e2__7f27c0de7624d5fc,istft_int32_10e2,10^2,108,z=[9x12],INT32,CPU,fft_thrust,compatibility/end-to-end,PASS,OK,20,100,47,0.128421,true,7f27c0de7624d5fc01efed5ad73fcc74338e15cca1925c826239a6c2fa9cf762,03b8cf76c3235810d696c1308f57c86a25f375051cc4d0a7e509eebf7678506c
1,20260809T151217Z_365e0a0ca281_stage08_b06_formal_8623f006,formal,20260809T151217Z,365e0a0ca281d5d49d8522885de92ccb36d08351,true,stage08_b06_istft_scales_v1,c23ebf8544880fec31b221509b9ff5ff88e219881c7166c254a74660570940f5,operator,istft,NA,NA,istft,istft__istft_int32_10e2__7f27c0de7624d5fc,istft_int32_10e2,10^2,108,z=[9x12],INT32,CPU,fft_thrust,compatibility/end-to-end,PASS,OK,20,100,48,0.128311,true,7f27c0de7624d5fc01efed5ad73fcc74338e15cca1925c826239a6c2fa9cf762,03b8cf76c3235810d696c1308f57c86a25f375051cc4d0a7e509eebf7678506c
1,20260809T151217Z_365e0a0ca281_stage08_b06_formal_8623f006,formal,20260809T151217Z,365e0a0ca281d5d49d8522885de92ccb36d08351,true,stage08_b06_istft_scales_v1,c23ebf8544880fec31b221509b9ff5ff88e219881c7166c254a74660570940f5,operator,istft,NA,NA,istft,istft__istft_int32_10e2__7f27c0de7624d5fc,istft_int32_10e2,10^2,108,z=[9x12],INT32,CPU,fft_thrust,compatibility/end-to-end,PASS,OK,20,100,49,0.128421,true,7f27c0de7624d5fc01efed5ad73fcc74338e15cca1925c826239a6c2fa9cf762,03b8cf76c3235810d696c1308f57c86a25f375051cc4d0a7e509eebf7678506c
1,20260809T151217Z_365e0a0ca281_stage08_b06_formal_8623f006,formal,20260809T151217Z,365e0a0ca281d5d49d8522885de92ccb36d08351,true,stage08_b06_istft_scales_v1,c23ebf8544880fec31b221509b9ff5ff88e219881c7166c254a74660570940f5,operator,istft,NA,NA,istft,istft__istft_int32_10e2__7f27c0de7624d5fc,istft_int32_10e2,10^2,108,z=[9x12],INT32,CPU,fft_thrust,compatibility/end-to-end,PASS,OK,20,100,50,0.12841,true,7f27c0de7624d5fc01efed5ad73fcc74338e15cca1925c826239a6c2fa9cf762,03b8cf76c3235810d696c1308f57c86a25f375051cc4d0a7e509eebf7678506c
1,20260809T151217Z_365e0a0ca281_stage08_b06_formal_8623f006,formal,20260809T151217Z,365e0a0ca281d5d49d8522885de92ccb36d08351,true,stage08_b06_istft_scales_v1,c23ebf8544880fec31b221509b9ff5ff88e219881c7166c254a74660570940f5,operator,istft,NA,NA,istft,istft__istft_int32_10e2__7f27c0de7624d5fc,istft_int32_10e2,10^2,108,z=[9x12],INT32,CPU,fft_thrust,compatibility/end-to-end,PASS,OK,20,100,51,0.128451,true,7f27c0de7624d5fc01efed5ad73fcc74338e15cca1925c826239a6c2fa9cf762,03b8cf76c3235810d696c1308f57c86a25f375051cc4d0a7e509eebf7678506c
1,20260809T151217Z_365e0a0ca281_stage08_b06_formal_8623f006,formal,20260809T151217Z,365e0a0ca281d5d49d8522885de92ccb36d08351,true,stage08_b06_istft_scales_v1,c23ebf8544880fec31b221509b9ff5ff88e219881c7166c254a74660570940f5,operator,istft,NA,NA,istft,istft__istft_int32_10e2__7f27c0de7624d5fc,istft_int32_10e2,10^2,108,z=[9x12],INT32,CPU,fft_thrust,compatibility/end-to-end,PASS,OK,20,100,52,0.128291,true,7f27c0de7624d5fc01efed5ad73fcc74338e15cca1925c826239a6c2fa9cf762,03b8cf76c3235810d696c1308f57c86a25f375051cc4d0a7e509eebf7678506c
1,20260809T151217Z_365e0a0ca281_stage08_b06_formal_8623f006,formal,20260809T151217Z,365e0a0ca281d5d49d8522885de92ccb36d08351,true,stage08_b06_istft_scales_v1,c23ebf8544880fec31b221509b9ff5ff88e219881c7166c254a74660570940f5,operator,istft,NA,NA,istft,istft__istft_int32_10e2__7f27c0de7624d5fc,istft_int32_10e2,10^2,108,z=[9x12],INT32,CPU,fft_thrust,compatibility/end-to-end,PASS,OK,20,100,53,0.128401,true,7f27c0de7624d5fc01efed5ad73fcc74338e15cca1925c826239a6c2fa9cf762,03b8cf76c3235810d696c1308f57c86a25f375051cc4d0a7e509eebf7678506c
1,20260809T151217Z_365e0a0ca281_stage08_b06_formal_8623f006,formal,20260809T151217Z,365e0a0ca281d5d49d8522885de92ccb36d08351,true,stage08_b06_istft_scales_v1,c23ebf8544880fec31b221509b9ff5ff88e219881c7166c254a74660570940f5,operator,istft,NA,NA,istft,istft__istft_int32_10e2__7f27c0de7624d5fc,istft_int32_10e2,10^2,108,z=[9x12],INT32,CPU,fft_thrust,compatibility/end-to-end,PASS,OK,20,100,54,0.128391,true,7f27c0de7624d5fc01efed5ad73fcc74338e15cca1925c826239a6c2fa9cf762,03b8cf76c3235810d696c1308f57c86a25f375051cc4d0a7e509eebf7678506c
1,20260809T151217Z_365e0a0ca281_stage08_b06_formal_8623f006,formal,20260809T151217Z,365e0a0ca281d5d49d8522885de92ccb36d08351,true,stage08_b06_istft_scales_v1,c23ebf8544880fec31b221509b9ff5ff88e219881c7166c254a74660570940f5,operator,istft,NA,NA,istft,istft__istft_int32_10e2__7f27c0de7624d5fc,istft_int32_10e2,10^2,108,z=[9x12],INT32,CPU,fft_thrust,compatibility/end-to-end,PASS,OK,20,100,55,0.128371,true,7f27c0de7624d5fc01efed5ad73fcc74338e15cca1925c826239a6c2fa9cf762,03b8cf76c3235810d696c1308f57c86a25f375051cc4d0a7e509eebf7678506c
1,20260809T151217Z_365e0a0ca281_stage08_b06_formal_8623f006,formal,20260809T151217Z,365e0a0ca281d5d49d8522885de92ccb36d08351,true,stage08_b06_istft_scales_v1,c23ebf8544880fec31b221509b9ff5ff88e219881c7166c254a74660570940f5,operator,istft,NA,NA,istft,istft__istft_int32_10e2__7f27c0de7624d5fc,istft_int32_10e2,10^2,108,z=[9x12],INT32,CPU,fft_thrust,compatibility/end-to-end,PASS,OK,20,100,56,0.128281,true,7f27c0de7624d5fc01efed5ad73fcc74338e15cca1925c826239a6c2fa9cf762,03b8cf76c3235810d696c1308f57c86a25f375051cc4d0a7e509eebf7678506c
1,20260809T151217Z_365e0a0ca281_stage08_b06_formal_8623f006,formal,20260809T151217Z,365e0a0ca281d5d49d8522885de92ccb36d08351,true,stage08_b06_istft_scales_v1,c23ebf8544880fec31b221509b9ff5ff88e219881c7166c254a74660570940f5,operator,istft,NA,NA,istft,istft__istft_int32_10e2__7f27c0de7624d5fc,istft_int32_10e2,10^2,108,z=[9x12],INT32,CPU,fft_thrust,compatibility/end-to-end,PASS,OK,20,100,57,0.128421,true,7f27c0de7624d5fc01efed5ad73fcc74338e15cca1925c826239a6c2fa9cf762,03b8cf76c3235810d696c1308f57c86a25f375051cc4d0a7e509eebf7678506c
1,20260809T151217Z_365e0a0ca281_stage08_b06_formal_8623f006,formal,20260809T151217Z,365e0a0ca281d5d49d8522885de92ccb36d08351,true,stage08_b06_istft_scales_v1,c23ebf8544880fec31b221509b9ff5ff88e219881c7166c254a74660570940f5,operator,istft,NA,NA,istft,istft__istft_int32_10e2__7f27c0de7624d5fc,istft_int32_10e2,10^2,108,z=[9x12],INT32,CPU,fft_thrust,compatibility/end-to-end,PASS,OK,20,100,58,0.141361,true,7f27c0de7624d5fc01efed5ad73fcc74338e15cca1925c826239a6c2fa9cf762,03b8cf76c3235810d696c1308f57c86a25f375051cc4d0a7e509eebf7678506c
1,20260809T151217Z_365e0a0ca281_stage08_b06_formal_8623f006,formal,20260809T151217Z,365e0a0ca281d5d49d8522885de92ccb36d08351,true,stage08_b06_istft_scales_v1,c23ebf8544880fec31b221509b9ff5ff88e219881c7166c254a74660570940f5,operator,istft,NA,NA,istft,istft__istft_int32_10e2__7f27c0de7624d5fc,istft_int32_10e2,10^2,108,z=[9x12],INT32,CPU,fft_thrust,compatibility/end-to-end,PASS,OK,20,100,59,0.12799,true,7f27c0de7624d5fc01efed5ad73fcc74338e15cca1925c826239a6c2fa9cf762,03b8cf76c3235810d696c1308f57c86a25f375051cc4d0a7e509eebf7678506c
1,20260809T151217Z_365e0a0ca281_stage08_b06_formal_8623f006,formal,20260809T151217Z,365e0a0ca281d5d49d8522885de92ccb36d08351,true,stage08_b06_istft_scales_v1,c23ebf8544880fec31b221509b9ff5ff88e219881c7166c254a74660570940f5,operator,istft,NA,NA,istft,istft__istft_int32_10e2__7f27c0de7624d5fc,istft_int32_10e2,10^2,108,z=[9x12],INT32,CPU,fft_thrust,compatibility/end-to-end,PASS,OK,20,100,60,0.127851,true,7f27c0de7624d5fc01efed5ad73fcc74338e15cca1925c826239a6c2fa9cf762,03b8cf76c3235810d696c1308f57c86a25f375051cc4d0a7e509eebf7678506c
1,20260809T151217Z_365e0a0ca281_stage08_b06_formal_8623f006,formal,20260809T151217Z,365e0a0ca281d5d49d8522885de92ccb36d08351,true,stage08_b06_istft_scales_v1,c23ebf8544880fec31b221509b9ff5ff88e219881c7166c254a74660570940f5,operator,istft,NA,NA,istft,istft__istft_int32_10e2__7f27c0de7624d5fc,istft_int32_10e2,10^2,108,z=[9x12],INT32,CPU,fft_thrust,compatibility/end-to-end,PASS,OK,20,100,61,0.127971,true,7f27c0de7624d5fc01efed5ad73fcc74338e15cca1925c826239a6c2fa9cf762,03b8cf76c3235810d696c1308f57c86a25f375051cc4d0a7e509eebf7678506c
1,20260809T151217Z_365e0a0ca281_stage08_b06_formal_8623f006,formal,20260809T151217Z,365e0a0ca281d5d49d8522885de92ccb36d08351,true,stage08_b06_istft_scales_v1,c23ebf8544880fec31b221509b9ff5ff88e219881c7166c254a74660570940f5,operator,istft,NA,NA,istft,istft__istft_int32_10e2__7f27c0de7624d5fc,istft_int32_10e2,10^2,108,z=[9x12],INT32,CPU,fft_thrust,compatibility/end-to-end,PASS,OK,20,100,62,0.127831,true,7f27c0de7624d5fc01efed5ad73fcc74338e15cca1925c826239a6c2fa9cf762,03b8cf76c3235810d696c1308f57c86a25f375051cc4d0a7e509eebf7678506c
1,20260809T151217Z_365e0a0ca281_stage08_b06_formal_8623f006,formal,20260809T151217Z,365e0a0ca281d5d49d8522885de92ccb36d08351,true,stage08_b06_istft_scales_v1,c23ebf8544880fec31b221509b9ff5ff88e219881c7166c254a74660570940f5,operator,istft,NA,NA,istft,istft__istft_int32_10e2__7f27c0de7624d5fc,istft_int32_10e2,10^2,108,z=[9x12],INT32,CPU,fft_thrust,compatibility/end-to-end,PASS,OK,20,100,63,0.127881,true,7f27c0de7624d5fc01efed5ad73fcc74338e15cca1925c826239a6c2fa9cf762,03b8cf76c3235810d696c1308f57c86a25f375051cc4d0a7e509eebf7678506c
1,20260809T151217Z_365e0a0ca281_stage08_b06_formal_8623f006,formal,20260809T151217Z,365e0a0ca281d5d49d8522885de92ccb36d08351,true,stage08_b06_istft_scales_v1,c23ebf8544880fec31b221509b9ff5ff88e219881c7166c254a74660570940f5,operator,istft,NA,NA,istft,istft__istft_int32_10e2__7f27c0de7624d5fc,istft_int32_10e2,10^2,108,z=[9x12],INT32,CPU,fft_thrust,compatibility/end-to-end,PASS,OK,20,100,64,0.127851,true,7f27c0de7624d5fc01efed5ad73fcc74338e15cca1925c826239a6c2fa9cf762,03b8cf76c3235810d696c1308f57c86a25f375051cc4d0a7e509eebf7678506c
1,20260809T151217Z_365e0a0ca281_stage08_b06_formal_8623f006,formal,20260809T151217Z,365e0a0ca281d5d49d8522885de92ccb36d08351,true,stage08_b06_istft_scales_v1,c23ebf8544880fec31b221509b9ff5ff88e219881c7166c254a74660570940f5,operator,istft,NA,NA,istft,istft__istft_int32_10e2__7f27c0de7624d5fc,istft_int32_10e2,10^2,108,z=[9x12],INT32,CPU,fft_thrust,compatibility/end-to-end,PASS,OK,20,100,65,0.127941,true,7f27c0de7624d5fc01efed5ad73fcc74338e15cca1925c826239a6c2fa9cf762,03b8cf76c3235810d696c1308f57c86a25f375051cc4d0a7e509eebf7678506c
1,20260809T151217Z_365e0a0ca281_stage08_b06_formal_8623f006,formal,20260809T151217Z,365e0a0ca281d5d49d8522885de92ccb36d08351,true,stage08_b06_istft_scales_v1,c23ebf8544880fec31b221509b9ff5ff88e219881c7166c254a74660570940f5,operator,istft,NA,NA,istft,istft__istft_int32_10e2__7f27c0de7624d5fc,istft_int32_10e2,10^2,108,z=[9x12],INT32,CPU,fft_thrust,compatibility/end-to-end,PASS,OK,20,100,66,0.128011,true,7f27c0de7624d5fc01efed5ad73fcc74338e15cca1925c826239a6c2fa9cf762,03b8cf76c3235810d696c1308f57c86a25f375051cc4d0a7e509eebf7678506c
1,20260809T151217Z_365e0a0ca281_stage08_b06_formal_8623f006,formal,20260809T151217Z,365e0a0ca281d5d49d8522885de92ccb36d08351,true,stage08_b06_istft_scales_v1,c23ebf8544880fec31b221509b9ff5ff88e219881c7166c254a74660570940f5,operator,istft,NA,NA,istft,istft__istft_int32_10e2__7f27c0de7624d5fc,istft_int32_10e2,10^2,108,z=[9x12],INT32,CPU,fft_thrust,compatibility/end-to-end,PASS,OK,20,100,67,0.12812,true,7f27c0de7624d5fc01efed5ad73fcc74338e15cca1925c826239a6c2fa9cf762,03b8cf76c3235810d696c1308f57c86a25f375051cc4d0a7e509eebf7678506c
1,20260809T151217Z_365e0a0ca281_stage08_b06_formal_8623f006,formal,20260809T151217Z,365e0a0ca281d5d49d8522885de92ccb36d08351,true,stage08_b06_istft_scales_v1,c23ebf8544880fec31b221509b9ff5ff88e219881c7166c254a74660570940f5,operator,istft,NA,NA,istft,istft__istft_int32_10e2__7f27c0de7624d5fc,istft_int32_10e2,10^2,108,z=[9x12],INT32,CPU,fft_thrust,compatibility/end-to-end,PASS,OK,20,100,68,0.128061,true,7f27c0de7624d5fc01efed5ad73fcc74338e15cca1925c826239a6c2fa9cf762,03b8cf76c3235810d696c1308f57c86a25f375051cc4d0a7e509eebf7678506c
1,20260809T151217Z_365e0a0ca281_stage08_b06_formal_8623f006,formal,20260809T151217Z,365e0a0ca281d5d49d8522885de92ccb36d08351,true,stage08_b06_istft_scales_v1,c23ebf8544880fec31b221509b9ff5ff88e219881c7166c254a74660570940f5,operator,istft,NA,NA,istft,istft__istft_int32_10e2__7f27c0de7624d5fc,istft_int32_10e2,10^2,108,z=[9x12],INT32,CPU,fft_thrust,compatibility/end-to-end,PASS,OK,20,100,69,0.128051,true,7f27c0de7624d5fc01efed5ad73fcc74338e15cca1925c826239a6c2fa9cf762,03b8cf76c3235810d696c1308f57c86a25f375051cc4d0a7e509eebf7678506c
1,20260809T151217Z_365e0a0ca281_stage08_b06_formal_8623f006,formal,20260809T151217Z,365e0a0ca281d5d49d8522885de92ccb36d08351,true,stage08_b06_istft_scales_v1,c23ebf8544880fec31b221509b9ff5ff88e219881c7166c254a74660570940f5,operator,istft,NA,NA,istft,istft__istft_int32_10e2__7f27c0de7624d5fc,istft_int32_10e2,10^2,108,z=[9x12],INT32,CPU,fft_thrust,compatibility/end-to-end,PASS,OK,20,100,70,0.128041,true,7f27c0de7624d5fc01efed5ad73fcc74338e15cca1925c826239a6c2fa9cf762,03b8cf76c3235810d696c1308f57c86a25f375051cc4d0a7e509eebf7678506c
1,20260809T151217Z_365e0a0ca281_stage08_b06_formal_8623f006,formal,20260809T151217Z,365e0a0ca281d5d49d8522885de92ccb36d08351,true,stage08_b06_istft_scales_v1,c23ebf8544880fec31b221509b9ff5ff88e219881c7166c254a74660570940f5,operator,istft,NA,NA,istft,istft__istft_int32_10e2__7f27c0de7624d5fc,istft_int32_10e2,10^2,108,z=[9x12],INT32,CPU,fft_thrust,compatibility/end-to-end,PASS,OK,20,100,71,0.127931,true,7f27c0de7624d5fc01efed5ad73fcc74338e15cca1925c826239a6c2fa9cf762,03b8cf76c3235810d696c1308f57c86a25f375051cc4d0a7e509eebf7678506c
1,20260809T151217Z_365e0a0ca281_stage08_b06_formal_8623f006,formal,20260809T151217Z,365e0a0ca281d5d49d8522885de92ccb36d08351,true,stage08_b06_istft_scales_v1,c23ebf8544880fec31b221509b9ff5ff88e219881c7166c254a74660570940f5,operator,istft,NA,NA,istft,istft__istft_int32_10e2__7f27c0de7624d5fc,istft_int32_10e2,10^2,108,z=[9x12],INT32,CPU,fft_thrust,compatibility/end-to-end,PASS,OK,20,100,72,0.127961,true,7f27c0de7624d5fc01efed5ad73fcc74338e15cca1925c826239a6c2fa9cf762,03b8cf76c3235810d696c1308f57c86a25f375051cc4d0a7e509eebf7678506c
1,20260809T151217Z_365e0a0ca281_stage08_b06_formal_8623f006,formal,20260809T151217Z,365e0a0ca281d5d49d8522885de92ccb36d08351,true,stage08_b06_istft_scales_v1,c23ebf8544880fec31b221509b9ff5ff88e219881c7166c254a74660570940f5,operator,istft,NA,NA,istft,istft__istft_int32_10e2__7f27c0de7624d5fc,istft_int32_10e2,10^2,108,z=[9x12],INT32,CPU,fft_thrust,compatibility/end-to-end,PASS,OK,20,100,73,0.128081,true,7f27c0de7624d5fc01efed5ad73fcc74338e15cca1925c826239a6c2fa9cf762,03b8cf76c3235810d696c1308f57c86a25f375051cc4d0a7e509eebf7678506c
1,20260809T151217Z_365e0a0ca281_stage08_b06_formal_8623f006,formal,20260809T151217Z,365e0a0ca281d5d49d8522885de92ccb36d08351,true,stage08_b06_istft_scales_v1,c23ebf8544880fec31b221509b9ff5ff88e219881c7166c254a74660570940f5,operator,istft,NA,NA,istft,istft__istft_int32_10e2__7f27c0de7624d5fc,istft_int32_10e2,10^2,108,z=[9x12],INT32,CPU,fft_thrust,compatibility/end-to-end,PASS,OK,20,100,74,0.12779,true,7f27c0de7624d5fc01efed5ad73fcc74338e15cca1925c826239a6c2fa9cf762,03b8cf76c3235810d696c1308f57c86a25f375051cc4d0a7e509eebf7678506c
1,20260809T151217Z_365e0a0ca281_stage08_b06_formal_8623f006,formal,20260809T151217Z,365e0a0ca281d5d49d8522885de92ccb36d08351,true,stage08_b06_istft_scales_v1,c23ebf8544880fec31b221509b9ff5ff88e219881c7166c254a74660570940f5,operator,istft,NA,NA,istft,istft__istft_int32_10e2__7f27c0de7624d5fc,istft_int32_10e2,10^2,108,z=[9x12],INT32,CPU,fft_thrust,compatibility/end-to-end,PASS,OK,20,100,75,0.127851,true,7f27c0de7624d5fc01efed5ad73fcc74338e15cca1925c826239a6c2fa9cf762,03b8cf76c3235810d696c1308f57c86a25f375051cc4d0a7e509eebf7678506c
1,20260809T151217Z_365e0a0ca281_stage08_b06_formal_8623f006,formal,20260809T151217Z,365e0a0ca281d5d49d8522885de92ccb36d08351,true,stage08_b06_istft_scales_v1,c23ebf8544880fec31b221509b9ff5ff88e219881c7166c254a74660570940f5,operator,istft,NA,NA,istft,istft__istft_int32_10e2__7f27c0de7624d5fc,istft_int32_10e2,10^2,108,z=[9x12],INT32,CPU,fft_thrust,compatibility/end-to-end,PASS,OK,20,100,76,0.128131,true,7f27c0de7624d5fc01efed5ad73fcc74338e15cca1925c826239a6c2fa9cf762,03b8cf76c3235810d696c1308f57c86a25f375051cc4d0a7e509eebf7678506c
1,20260809T151217Z_365e0a0ca281_stage08_b06_formal_8623f006,formal,20260809T151217Z,365e0a0ca281d5d49d8522885de92ccb36d08351,true,stage08_b06_istft_scales_v1,c23ebf8544880fec31b221509b9ff5ff88e219881c7166c254a74660570940f5,operator,istft,NA,NA,istft,istft__istft_int32_10e2__7f27c0de7624d5fc,istft_int32_10e2,10^2,108,z=[9x12],INT32,CPU,fft_thrust,compatibility/end-to-end,PASS,OK,20,100,77,0.128021,true,7f27c0de7624d5fc01efed5ad73fcc74338e15cca1925c826239a6c2fa9cf762,03b8cf76c3235810d696c1308f57c86a25f375051cc4d0a7e509eebf7678506c
1,20260809T151217Z_365e0a0ca281_stage08_b06_formal_8623f006,formal,20260809T151217Z,365e0a0ca281d5d49d8522885de92ccb36d08351,true,stage08_b06_istft_scales_v1,c23ebf8544880fec31b221509b9ff5ff88e219881c7166c254a74660570940f5,operator,istft,NA,NA,istft,istft__istft_int32_10e2__7f27c0de7624d5fc,istft_int32_10e2,10^2,108,z=[9x12],INT32,CPU,fft_thrust,compatibility/end-to-end,PASS,OK,20,100,78,0.127931,true,7f27c0de7624d5fc01efed5ad73fcc74338e15cca1925c826239a6c2fa9cf762,03b8cf76c3235810d696c1308f57c86a25f375051cc4d0a7e509eebf7678506c
1,20260809T151217Z_365e0a0ca281_stage08_b06_formal_8623f006,formal,20260809T151217Z,365e0a0ca281d5d49d8522885de92ccb36d08351,true,stage08_b06_istft_scales_v1,c23ebf8544880fec31b221509b9ff5ff88e219881c7166c254a74660570940f5,operator,istft,NA,NA,istft,istft__istft_int32_10e2__7f27c0de7624d5fc,istft_int32_10e2,10^2,108,z=[9x12],INT32,CPU,fft_thrust,compatibility/end-to-end,PASS,OK,20,100,79,0.128141,true,7f27c0de7624d5fc01efed5ad73fcc74338e15cca1925c826239a6c2fa9cf762,03b8cf76c3235810d696c1308f57c86a25f375051cc4d0a7e509eebf7678506c
1,20260809T151217Z_365e0a0ca281_stage08_b06_formal_8623f006,formal,20260809T151217Z,365e0a0ca281d5d49d8522885de92ccb36d08351,true,stage08_b06_istft_scales_v1,c23ebf8544880fec31b221509b9ff5ff88e219881c7166c254a74660570940f5,operator,istft,NA,NA,istft,istft__istft_int32_10e2__7f27c0de7624d5fc,istft_int32_10e2,10^2,108,z=[9x12],INT32,CPU,fft_thrust,compatibility/end-to-end,PASS,OK,20,100,80,0.128131,true,7f27c0de7624d5fc01efed5ad73fcc74338e15cca1925c826239a6c2fa9cf762,03b8cf76c3235810d696c1308f57c86a25f375051cc4d0a7e509eebf7678506c
1,20260809T151217Z_365e0a0ca281_stage08_b06_formal_8623f006,formal,20260809T151217Z,365e0a0ca281d5d49d8522885de92ccb36d08351,true,stage08_b06_istft_scales_v1,c23ebf8544880fec31b221509b9ff5ff88e219881c7166c254a74660570940f5,operator,istft,NA,NA,istft,istft__istft_int32_10e2__7f27c0de7624d5fc,istft_int32_10e2,10^2,108,z=[9x12],INT32,CPU,fft_thrust,compatibility/end-to-end,PASS,OK,20,100,81,0.128001,true,7f27c0de7624d5fc01efed5ad73fcc74338e15cca1925c826239a6c2fa9cf762,03b8cf76c3235810d696c1308f57c86a25f375051cc4d0a7e509eebf7678506c
1,20260809T151217Z_365e0a0ca281_stage08_b06_formal_8623f006,formal,20260809T151217Z,365e0a0ca281d5d49d8522885de92ccb36d08351,true,stage08_b06_istft_scales_v1,c23ebf8544880fec31b221509b9ff5ff88e219881c7166c254a74660570940f5,operator,istft,NA,NA,istft,istft__istft_int32_10e2__7f27c0de7624d5fc,istft_int32_10e2,10^2,108,z=[9x12],INT32,CPU,fft_thrust,compatibility/end-to-end,PASS,OK,20,100,82,0.12808,true,7f27c0de7624d5fc01efed5ad73fcc74338e15cca1925c826239a6c2fa9cf762,03b8cf76c3235810d696c1308f57c86a25f375051cc4d0a7e509eebf7678506c
1,20260809T151217Z_365e0a0ca281_stage08_b06_formal_8623f006,formal,20260809T151217Z,365e0a0ca281d5d49d8522885de92ccb36d08351,true,stage08_b06_istft_scales_v1,c23ebf8544880fec31b221509b9ff5ff88e219881c7166c254a74660570940f5,operator,istft,NA,NA,istft,istft__istft_int32_10e2__7f27c0de7624d5fc,istft_int32_10e2,10^2,108,z=[9x12],INT32,CPU,fft_thrust,compatibility/end-to-end,PASS,OK,20,100,83,0.127941,true,7f27c0de7624d5fc01efed5ad73fcc74338e15cca1925c826239a6c2fa9cf762,03b8cf76c3235810d696c1308f57c86a25f375051cc4d0a7e509eebf7678506c
1,20260809T151217Z_365e0a0ca281_stage08_b06_formal_8623f006,formal,20260809T151217Z,365e0a0ca281d5d49d8522885de92ccb36d08351,true,stage08_b06_istft_scales_v1,c23ebf8544880fec31b221509b9ff5ff88e219881c7166c254a74660570940f5,operator,istft,NA,NA,istft,istft__istft_int32_10e2__7f27c0de7624d5fc,istft_int32_10e2,10^2,108,z=[9x12],INT32,CPU,fft_thrust,compatibility/end-to-end,PASS,OK,20,100,84,0.127941,true,7f27c0de7624d5fc01efed5ad73fcc74338e15cca1925c826239a6c2fa9cf762,03b8cf76c3235810d696c1308f57c86a25f375051cc4d0a7e509eebf7678506c
1,20260809T151217Z_365e0a0ca281_stage08_b06_formal_8623f006,formal,20260809T151217Z,365e0a0ca281d5d49d8522885de92ccb36d08351,true,stage08_b06_istft_scales_v1,c23ebf8544880fec31b221509b9ff5ff88e219881c7166c254a74660570940f5,operator,istft,NA,NA,istft,istft__istft_int32_10e2__7f27c0de7624d5fc,istft_int32_10e2,10^2,108,z=[9x12],INT32,CPU,fft_thrust,compatibility/end-to-end,PASS,OK,20,100,85,0.127881,true,7f27c0de7624d5fc01efed5ad73fcc74338e15cca1925c826239a6c2fa9cf762,03b8cf76c3235810d696c1308f57c86a25f375051cc4d0a7e509eebf7678506c
1,20260809T151217Z_365e0a0ca281_stage08_b06_formal_8623f006,formal,20260809T151217Z,365e0a0ca281d5d49d8522885de92ccb36d08351,true,stage08_b06_istft_scales_v1,c23ebf8544880fec31b221509b9ff5ff88e219881c7166c254a74660570940f5,operator,istft,NA,NA,istft,istft__istft_int32_10e2__7f27c0de7624d5fc,istft_int32_10e2,10^2,108,z=[9x12],INT32,CPU,fft_thrust,compatibility/end-to-end,PASS,OK,20,100,86,0.127881,true,7f27c0de7624d5fc01efed5ad73fcc74338e15cca1925c826239a6c2fa9cf762,03b8cf76c3235810d696c1308f57c86a25f375051cc4d0a7e509eebf7678506c
1,20260809T151217Z_365e0a0ca281_stage08_b06_formal_8623f006,formal,20260809T151217Z,365e0a0ca281d5d49d8522885de92ccb36d08351,true,stage08_b06_istft_scales_v1,c23ebf8544880fec31b221509b9ff5ff88e219881c7166c254a74660570940f5,operator,istft,NA,NA,istft,istft__istft_int32_10e2__7f27c0de7624d5fc,istft_int32_10e2,10^2,108,z=[9x12],INT32,CPU,fft_thrust,compatibility/end-to-end,PASS,OK,20,100,87,0.127941,true,7f27c0de7624d5fc01efed5ad73fcc74338e15cca1925c826239a6c2fa9cf762,03b8cf76c3235810d696c1308f57c86a25f375051cc4d0a7e509eebf7678506c
1,20260809T151217Z_365e0a0ca281_stage08_b06_formal_8623f006,formal,20260809T151217Z,365e0a0ca281d5d49d8522885de92ccb36d08351,true,stage08_b06_istft_scales_v1,c23ebf8544880fec31b221509b9ff5ff88e219881c7166c254a74660570940f5,operator,istft,NA,NA,istft,istft__istft_int32_10e2__7f27c0de7624d5fc,istft_int32_10e2,10^2,108,z=[9x12],INT32,CPU,fft_thrust,compatibility/end-to-end,PASS,OK,20,100,88,0.127911,true,7f27c0de7624d5fc01efed5ad73fcc74338e15cca1925c826239a6c2fa9cf762,03b8cf76c3235810d696c1308f57c86a25f375051cc4d0a7e509eebf7678506c
1,20260809T151217Z_365e0a0ca281_stage08_b06_formal_8623f006,formal,20260809T151217Z,365e0a0ca281d5d49d8522885de92ccb36d08351,true,stage08_b06_istft_scales_v1,c23ebf8544880fec31b221509b9ff5ff88e219881c7166c254a74660570940f5,operator,istft,NA,NA,istft,istft__istft_int32_10e2__7f27c0de7624d5fc,istft_int32_10e2,10^2,108,z=[9x12],INT32,CPU,fft_thrust,compatibility/end-to-end,PASS,OK,20,100,89,0.134901,true,7f27c0de7624d5fc01efed5ad73fcc74338e15cca1925c826239a6c2fa9cf762,03b8cf76c3235810d696c1308f57c86a25f375051cc4d0a7e509eebf7678506c
1,20260809T151217Z_365e0a0ca281_stage08_b06_formal_8623f006,formal,20260809T151217Z,365e0a0ca281d5d49d8522885de92ccb36d08351,true,stage08_b06_istft_scales_v1,c23ebf8544880fec31b221509b9ff5ff88e219881c7166c254a74660570940f5,operator,istft,NA,NA,istft,istft__istft_int32_10e2__7f27c0de7624d5fc,istft_int32_10e2,10^2,108,z=[9x12],INT32,CPU,fft_thrust,compatibility/end-to-end,PASS,OK,20,100,90,0.1281,true,7f27c0de7624d5fc01efed5ad73fcc74338e15cca1925c826239a6c2fa9cf762,03b8cf76c3235810d696c1308f57c86a25f375051cc4d0a7e509eebf7678506c
1,20260809T151217Z_365e0a0ca281_stage08_b06_formal_8623f006,formal,20260809T151217Z,365e0a0ca281d5d49d8522885de92ccb36d08351,true,stage08_b06_istft_scales_v1,c23ebf8544880fec31b221509b9ff5ff88e219881c7166c254a74660570940f5,operator,istft,NA,NA,istft,istft__istft_int32_10e2__7f27c0de7624d5fc,istft_int32_10e2,10^2,108,z=[9x12],INT32,CPU,fft_thrust,compatibility/end-to-end,PASS,OK,20,100,91,0.128201,true,7f27c0de7624d5fc01efed5ad73fcc74338e15cca1925c826239a6c2fa9cf762,03b8cf76c3235810d696c1308f57c86a25f375051cc4d0a7e509eebf7678506c
1,20260809T151217Z_365e0a0ca281_stage08_b06_formal_8623f006,formal,20260809T151217Z,365e0a0ca281d5d49d8522885de92ccb36d08351,true,stage08_b06_istft_scales_v1,c23ebf8544880fec31b221509b9ff5ff88e219881c7166c254a74660570940f5,operator,istft,NA,NA,istft,istft__istft_int32_10e2__7f27c0de7624d5fc,istft_int32_10e2,10^2,108,z=[9x12],INT32,CPU,fft_thrust,compatibility/end-to-end,PASS,OK,20,100,92,0.128051,true,7f27c0de7624d5fc01efed5ad73fcc74338e15cca1925c826239a6c2fa9cf762,03b8cf76c3235810d696c1308f57c86a25f375051cc4d0a7e509eebf7678506c
1,20260809T151217Z_365e0a0ca281_stage08_b06_formal_8623f006,formal,20260809T151217Z,365e0a0ca281d5d49d8522885de92ccb36d08351,true,stage08_b06_istft_scales_v1,c23ebf8544880fec31b221509b9ff5ff88e219881c7166c254a74660570940f5,operator,istft,NA,NA,istft,istft__istft_int32_10e2__7f27c0de7624d5fc,istft_int32_10e2,10^2,108,z=[9x12],INT32,CPU,fft_thrust,compatibility/end-to-end,PASS,OK,20,100,93,0.127891,true,7f27c0de7624d5fc01efed5ad73fcc74338e15cca1925c826239a6c2fa9cf762,03b8cf76c3235810d696c1308f57c86a25f375051cc4d0a7e509eebf7678506c
1,20260809T151217Z_365e0a0ca281_stage08_b06_formal_8623f006,formal,20260809T151217Z,365e0a0ca281d5d49d8522885de92ccb36d08351,true,stage08_b06_istft_scales_v1,c23ebf8544880fec31b221509b9ff5ff88e219881c7166c254a74660570940f5,operator,istft,NA,NA,istft,istft__istft_int32_10e2__7f27c0de7624d5fc,istft_int32_10e2,10^2,108,z=[9x12],INT32,CPU,fft_thrust,compatibility/end-to-end,PASS,OK,20,100,94,0.127951,true,7f27c0de7624d5fc01efed5ad73fcc74338e15cca1925c826239a6c2fa9cf762,03b8cf76c3235810d696c1308f57c86a25f375051cc4d0a7e509eebf7678506c
1,20260809T151217Z_365e0a0ca281_stage08_b06_formal_8623f006,formal,20260809T151217Z,365e0a0ca281d5d49d8522885de92ccb36d08351,true,stage08_b06_istft_scales_v1,c23ebf8544880fec31b221509b9ff5ff88e219881c7166c254a74660570940f5,operator,istft,NA,NA,istft,istft__istft_int32_10e2__7f27c0de7624d5fc,istft_int32_10e2,10^2,108,z=[9x12],INT32,CPU,fft_thrust,compatibility/end-to-end,PASS,OK,20,100,95,0.127861,true,7f27c0de7624d5fc01efed5ad73fcc74338e15cca1925c826239a6c2fa9cf762,03b8cf76c3235810d696c1308f57c86a25f375051cc4d0a7e509eebf7678506c
1,20260809T151217Z_365e0a0ca281_stage08_b06_formal_8623f006,formal,20260809T151217Z,365e0a0ca281d5d49d8522885de92ccb36d08351,true,stage08_b06_istft_scales_v1,c23ebf8544880fec31b221509b9ff5ff88e219881c7166c254a74660570940f5,operator,istft,NA,NA,istft,istft__istft_int32_10e2__7f27c0de7624d5fc,istft_int32_10e2,10^2,108,z=[9x12],INT32,CPU,fft_thrust,compatibility/end-to-end,PASS,OK,20,100,96,0.127951,true,7f27c0de7624d5fc01efed5ad73fcc74338e15cca1925c826239a6c2fa9cf762,03b8cf76c3235810d696c1308f57c86a25f375051cc4d0a7e509eebf7678506c
1,20260809T151217Z_365e0a0ca281_stage08_b06_formal_8623f006,formal,20260809T151217Z,365e0a0ca281d5d49d8522885de92ccb36d08351,true,stage08_b06_istft_scales_v1,c23ebf8544880fec31b221509b9ff5ff88e219881c7166c254a74660570940f5,operator,istft,NA,NA,istft,istft__istft_int32_10e2__7f27c0de7624d5fc,istft_int32_10e2,10^2,108,z=[9x12],INT32,CPU,fft_thrust,compatibility/end-to-end,PASS,OK,20,100,97,0.127931,true,7f27c0de7624d5fc01efed5ad73fcc74338e15cca1925c826239a6c2fa9cf762,03b8cf76c3235810d696c1308f57c86a25f375051cc4d0a7e509eebf7678506c
1,20260809T151217Z_365e0a0ca281_stage08_b06_formal_8623f006,formal,20260809T151217Z,365e0a0ca281d5d49d8522885de92ccb36d08351,true,stage08_b06_istft_scales_v1,c23ebf8544880fec31b221509b9ff5ff88e219881c7166c254a74660570940f5,operator,istft,NA,NA,istft,istft__istft_int32_10e2__7f27c0de7624d5fc,istft_int32_10e2,10^2,108,z=[9x12],INT32,CPU,fft_thrust,compatibility/end-to-end,PASS,OK,20,100,98,0.12787,true,7f27c0de7624d5fc01efed5ad73fcc74338e15cca1925c826239a6c2fa9cf762,03b8cf76c3235810d696c1308f57c86a25f375051cc4d0a7e509eebf7678506c
1,20260809T151217Z_365e0a0ca281_stage08_b06_formal_8623f006,formal,20260809T151217Z,365e0a0ca281d5d49d8522885de92ccb36d08351,true,stage08_b06_istft_scales_v1,c23ebf8544880fec31b221509b9ff5ff88e219881c7166c254a74660570940f5,operator,istft,NA,NA,istft,istft__istft_int32_10e2__7f27c0de7624d5fc,istft_int32_10e2,10^2,108,z=[9x12],INT32,CPU,fft_thrust,compatibility/end-to-end,PASS,OK,20,100,99,0.127821,true,7f27c0de7624d5fc01efed5ad73fcc74338e15cca1925c826239a6c2fa9cf762,03b8cf76c3235810d696c1308f57c86a25f375051cc4d0a7e509eebf7678506c
1,20260809T151217Z_365e0a0ca281_stage08_b06_formal_8623f006,formal,20260809T151217Z,365e0a0ca281d5d49d8522885de92ccb36d08351,true,stage08_b06_istft_scales_v1,c23ebf8544880fec31b221509b9ff5ff88e219881c7166c254a74660570940f5,operator,istft,NA,NA,istft,istft__istft_int32_10e2__7f27c0de7624d5fc,istft_int32_10e2,10^2,108,z=[9x12],INT32,GPU,fft_thrust,compatibility/end-to-end,PASS,OK,20,100,0,0.589044,true,7f27c0de7624d5fc01efed5ad73fcc74338e15cca1925c826239a6c2fa9cf762,68d7b6f6f032e2a752b51523f1d82e6a832a523abf5ed018dbc1783252515ff4
1,20260809T151217Z_365e0a0ca281_stage08_b06_formal_8623f006,formal,20260809T151217Z,365e0a0ca281d5d49d8522885de92ccb36d08351,true,stage08_b06_istft_scales_v1,c23ebf8544880fec31b221509b9ff5ff88e219881c7166c254a74660570940f5,operator,istft,NA,NA,istft,istft__istft_int32_10e2__7f27c0de7624d5fc,istft_int32_10e2,10^2,108,z=[9x12],INT32,GPU,fft_thrust,compatibility/end-to-end,PASS,OK,20,100,1,0.581854,true,7f27c0de7624d5fc01efed5ad73fcc74338e15cca1925c826239a6c2fa9cf762,68d7b6f6f032e2a752b51523f1d82e6a832a523abf5ed018dbc1783252515ff4
1,20260809T151217Z_365e0a0ca281_stage08_b06_formal_8623f006,formal,20260809T151217Z,365e0a0ca281d5d49d8522885de92ccb36d08351,true,stage08_b06_istft_scales_v1,c23ebf8544880fec31b221509b9ff5ff88e219881c7166c254a74660570940f5,operator,istft,NA,NA,istft,istft__istft_int32_10e2__7f27c0de7624d5fc,istft_int32_10e2,10^2,108,z=[9x12],INT32,GPU,fft_thrust,compatibility/end-to-end,PASS,OK,20,100,2,0.593555,true,7f27c0de7624d5fc01efed5ad73fcc74338e15cca1925c826239a6c2fa9cf762,68d7b6f6f032e2a752b51523f1d82e6a832a523abf5ed018dbc1783252515ff4
1,20260809T151217Z_365e0a0ca281_stage08_b06_formal_8623f006,formal,20260809T151217Z,365e0a0ca281d5d49d8522885de92ccb36d08351,true,stage08_b06_istft_scales_v1,c23ebf8544880fec31b221509b9ff5ff88e219881c7166c254a74660570940f5,operator,istft,NA,NA,istft,istft__istft_int32_10e2__7f27c0de7624d5fc,istft_int32_10e2,10^2,108,z=[9x12],INT32,GPU,fft_thrust,compatibility/end-to-end,PASS,OK,20,100,3,2.201544,true,7f27c0de7624d5fc01efed5ad73fcc74338e15cca1925c826239a6c2fa9cf762,68d7b6f6f032e2a752b51523f1d82e6a832a523abf5ed018dbc1783252515ff4
1,20260809T151217Z_365e0a0ca281_stage08_b06_formal_8623f006,formal,20260809T151217Z,365e0a0ca281d5d49d8522885de92ccb36d08351,true,stage08_b06_istft_scales_v1,c23ebf8544880fec31b221509b9ff5ff88e219881c7166c254a74660570940f5,operator,istft,NA,NA,istft,istft__istft_int32_10e2__7f27c0de7624d5fc,istft_int32_10e2,10^2,108,z=[9x12],INT32,GPU,fft_thrust,compatibility/end-to-end,PASS,OK,20,100,4,2.406157,true,7f27c0de7624d5fc01efed5ad73fcc74338e15cca1925c826239a6c2fa9cf762,68d7b6f6f032e2a752b51523f1d82e6a832a523abf5ed018dbc1783252515ff4
1,20260809T151217Z_365e0a0ca281_stage08_b06_formal_8623f006,formal,20260809T151217Z,365e0a0ca281d5d49d8522885de92ccb36d08351,true,stage08_b06_istft_scales_v1,c23ebf8544880fec31b221509b9ff5ff88e219881c7166c254a74660570940f5,operator,istft,NA,NA,istft,istft__istft_int32_10e2__7f27c0de7624d5fc,istft_int32_10e2,10^2,108,z=[9x12],INT32,GPU,fft_thrust,compatibility/end-to-end,PASS,OK,20,100,5,0.758635,true,7f27c0de7624d5fc01efed5ad73fcc74338e15cca1925c826239a6c2fa9cf762,68d7b6f6f032e2a752b51523f1d82e6a832a523abf5ed018dbc1783252515ff4
1,20260809T151217Z_365e0a0ca281_stage08_b06_formal_8623f006,formal,20260809T151217Z,365e0a0ca281d5d49d8522885de92ccb36d08351,true,stage08_b06_istft_scales_v1,c23ebf8544880fec31b221509b9ff5ff88e219881c7166c254a74660570940f5,operator,istft,NA,NA,istft,istft__istft_int32_10e2__7f27c0de7624d5fc,istft_int32_10e2,10^2,108,z=[9x12],INT32,GPU,fft_thrust,compatibility/end-to-end,PASS,OK,20,100,6,0.713785,true,7f27c0de7624d5fc01efed5ad73fcc74338e15cca1925c826239a6c2fa9cf762,68d7b6f6f032e2a752b51523f1d82e6a832a523abf5ed018dbc1783252515ff4
1,20260809T151217Z_365e0a0ca281_stage08_b06_formal_8623f006,formal,20260809T151217Z,365e0a0ca281d5d49d8522885de92ccb36d08351,true,stage08_b06_istft_scales_v1,c23ebf8544880fec31b221509b9ff5ff88e219881c7166c254a74660570940f5,operator,istft,NA,NA,istft,istft__istft_int32_10e2__7f27c0de7624d5fc,istft_int32_10e2,10^2,108,z=[9x12],INT32,GPU,fft_thrust,compatibility/end-to-end,PASS,OK,20,100,7,0.714685,true,7f27c0de7624d5fc01efed5ad73fcc74338e15cca1925c826239a6c2fa9cf762,68d7b6f6f032e2a752b51523f1d82e6a832a523abf5ed018dbc1783252515ff4
1,20260809T151217Z_365e0a0ca281_stage08_b06_formal_8623f006,formal,20260809T151217Z,365e0a0ca281d5d49d8522885de92ccb36d08351,true,stage08_b06_istft_scales_v1,c23ebf8544880fec31b221509b9ff5ff88e219881c7166c254a74660570940f5,operator,istft,NA,NA,istft,istft__istft_int32_10e2__7f27c0de7624d5fc,istft_int32_10e2,10^2,108,z=[9x12],INT32,GPU,fft_thrust,compatibility/end-to-end,PASS,OK,20,100,8,0.708565,true,7f27c0de7624d5fc01efed5ad73fcc74338e15cca1925c826239a6c2fa9cf762,68d7b6f6f032e2a752b51523f1d82e6a832a523abf5ed018dbc1783252515ff4
1,20260809T151217Z_365e0a0ca281_stage08_b06_formal_8623f006,formal,20260809T151217Z,365e0a0ca281d5d49d8522885de92ccb36d08351,true,stage08_b06_istft_scales_v1,c23ebf8544880fec31b221509b9ff5ff88e219881c7166c254a74660570940f5,operator,istft,NA,NA,istft,istft__istft_int32_10e2__7f27c0de7624d5fc,istft_int32_10e2,10^2,108,z=[9x12],INT32,GPU,fft_thrust,compatibility/end-to-end,PASS,OK,20,100,9,0.699854,true,7f27c0de7624d5fc01efed5ad73fcc74338e15cca1925c826239a6c2fa9cf762,68d7b6f6f032e2a752b51523f1d82e6a832a523abf5ed018dbc1783252515ff4
1,20260809T151217Z_365e0a0ca281_stage08_b06_formal_8623f006,formal,20260809T151217Z,365e0a0ca281d5d49d8522885de92ccb36d08351,true,stage08_b06_istft_scales_v1,c23ebf8544880fec31b221509b9ff5ff88e219881c7166c254a74660570940f5,operator,istft,NA,NA,istft,istft__istft_int32_10e2__7f27c0de7624d5fc,istft_int32_10e2,10^2,108,z=[9x12],INT32,GPU,fft_thrust,compatibility/end-to-end,PASS,OK,20,100,10,0.698575,true,7f27c0de7624d5fc01efed5ad73fcc74338e15cca1925c826239a6c2fa9cf762,68d7b6f6f032e2a752b51523f1d82e6a832a523abf5ed018dbc1783252515ff4
1,20260809T151217Z_365e0a0ca281_stage08_b06_formal_8623f006,formal,20260809T151217Z,365e0a0ca281d5d49d8522885de92ccb36d08351,true,stage08_b06_istft_scales_v1,c23ebf8544880fec31b221509b9ff5ff88e219881c7166c254a74660570940f5,operator,istft,NA,NA,istft,istft__istft_int32_10e2__7f27c0de7624d5fc,istft_int32_10e2,10^2,108,z=[9x12],INT32,GPU,fft_thrust,compatibility/end-to-end,PASS,OK,20,100,11,0.776825,true,7f27c0de7624d5fc01efed5ad73fcc74338e15cca1925c826239a6c2fa9cf762,68d7b6f6f032e2a752b51523f1d82e6a832a523abf5ed018dbc1783252515ff4
1,20260809T151217Z_365e0a0ca281_stage08_b06_formal_8623f006,formal,20260809T151217Z,365e0a0ca281d5d49d8522885de92ccb36d08351,true,stage08_b06_istft_scales_v1,c23ebf8544880fec31b221509b9ff5ff88e219881c7166c254a74660570940f5,operator,istft,NA,NA,istft,istft__istft_int32_10e2__7f27c0de7624d5fc,istft_int32_10e2,10^2,108,z=[9x12],INT32,GPU,fft_thrust,compatibility/end-to-end,PASS,OK,20,100,12,0.697515,true,7f27c0de7624d5fc01efed5ad73fcc74338e15cca1925c826239a6c2fa9cf762,68d7b6f6f032e2a752b51523f1d82e6a832a523abf5ed018dbc1783252515ff4
1,20260809T151217Z_365e0a0ca281_stage08_b06_formal_8623f006,formal,20260809T151217Z,365e0a0ca281d5d49d8522885de92ccb36d08351,true,stage08_b06_istft_scales_v1,c23ebf8544880fec31b221509b9ff5ff88e219881c7166c254a74660570940f5,operator,istft,NA,NA,istft,istft__istft_int32_10e2__7f27c0de7624d5fc,istft_int32_10e2,10^2,108,z=[9x12],INT32,GPU,fft_thrust,compatibility/end-to-end,PASS,OK,20,100,13,0.707685,true,7f27c0de7624d5fc01efed5ad73fcc74338e15cca1925c826239a6c2fa9cf762,68d7b6f6f032e2a752b51523f1d82e6a832a523abf5ed018dbc1783252515ff4
1,20260809T151217Z_365e0a0ca281_stage08_b06_formal_8623f006,formal,20260809T151217Z,365e0a0ca281d5d49d8522885de92ccb36d08351,true,stage08_b06_istft_scales_v1,c23ebf8544880fec31b221509b9ff5ff88e219881c7166c254a74660570940f5,operator,istft,NA,NA,istft,istft__istft_int32_10e2__7f27c0de7624d5fc,istft_int32_10e2,10^2,108,z=[9x12],INT32,GPU,fft_thrust,compatibility/end-to-end,PASS,OK,20,100,14,0.696685,true,7f27c0de7624d5fc01efed5ad73fcc74338e15cca1925c826239a6c2fa9cf762,68d7b6f6f032e2a752b51523f1d82e6a832a523abf5ed018dbc1783252515ff4
1,20260809T151217Z_365e0a0ca281_stage08_b06_formal_8623f006,formal,20260809T151217Z,365e0a0ca281d5d49d8522885de92ccb36d08351,true,stage08_b06_istft_scales_v1,c23ebf8544880fec31b221509b9ff5ff88e219881c7166c254a74660570940f5,operator,istft,NA,NA,istft,istft__istft_int32_10e2__7f27c0de7624d5fc,istft_int32_10e2,10^2,108,z=[9x12],INT32,GPU,fft_thrust,compatibility/end-to-end,PASS,OK,20,100,15,0.701305,true,7f27c0de7624d5fc01efed5ad73fcc74338e15cca1925c826239a6c2fa9cf762,68d7b6f6f032e2a752b51523f1d82e6a832a523abf5ed018dbc1783252515ff4
1,20260809T151217Z_365e0a0ca281_stage08_b06_formal_8623f006,formal,20260809T151217Z,365e0a0ca281d5d49d8522885de92ccb36d08351,true,stage08_b06_istft_scales_v1,c23ebf8544880fec31b221509b9ff5ff88e219881c7166c254a74660570940f5,operator,istft,NA,NA,istft,istft__istft_int32_10e2__7f27c0de7624d5fc,istft_int32_10e2,10^2,108,z=[9x12],INT32,GPU,fft_thrust,compatibility/end-to-end,PASS,OK,20,100,16,0.717394,true,7f27c0de7624d5fc01efed5ad73fcc74338e15cca1925c826239a6c2fa9cf762,68d7b6f6f032e2a752b51523f1d82e6a832a523abf5ed018dbc1783252515ff4
1,20260809T151217Z_365e0a0ca281_stage08_b06_formal_8623f006,formal,20260809T151217Z,365e0a0ca281d5d49d8522885de92ccb36d08351,true,stage08_b06_istft_scales_v1,c23ebf8544880fec31b221509b9ff5ff88e219881c7166c254a74660570940f5,operator,istft,NA,NA,istft,istft__istft_int32_10e2__7f27c0de7624d5fc,istft_int32_10e2,10^2,108,z=[9x12],INT32,GPU,fft_thrust,compatibility/end-to-end,PASS,OK,20,100,17,0.689145,true,7f27c0de7624d5fc01efed5ad73fcc74338e15cca1925c826239a6c2fa9cf762,68d7b6f6f032e2a752b51523f1d82e6a832a523abf5ed018dbc1783252515ff4
1,20260809T151217Z_365e0a0ca281_stage08_b06_formal_8623f006,formal,20260809T151217Z,365e0a0ca281d5d49d8522885de92ccb36d08351,true,stage08_b06_istft_scales_v1,c23ebf8544880fec31b221509b9ff5ff88e219881c7166c254a74660570940f5,operator,istft,NA,NA,istft,istft__istft_int32_10e2__7f27c0de7624d5fc,istft_int32_10e2,10^2,108,z=[9x12],INT32,GPU,fft_thrust,compatibility/end-to-end,PASS,OK,20,100,18,0.683375,true,7f27c0de7624d5fc01efed5ad73fcc74338e15cca1925c826239a6c2fa9cf762,68d7b6f6f032e2a752b51523f1d82e6a832a523abf5ed018dbc1783252515ff4
1,20260809T151217Z_365e0a0ca281_stage08_b06_formal_8623f006,formal,20260809T151217Z,365e0a0ca281d5d49d8522885de92ccb36d08351,true,stage08_b06_istft_scales_v1,c23ebf8544880fec31b221509b9ff5ff88e219881c7166c254a74660570940f5,operator,istft,NA,NA,istft,istft__istft_int32_10e2__7f27c0de7624d5fc,istft_int32_10e2,10^2,108,z=[9x12],INT32,GPU,fft_thrust,compatibility/end-to-end,PASS,OK,20,100,19,0.676854,true,7f27c0de7624d5fc01efed5ad73fcc74338e15cca1925c826239a6c2fa9cf762,68d7b6f6f032e2a752b51523f1d82e6a832a523abf5ed018dbc1783252515ff4
1,20260809T151217Z_365e0a0ca281_stage08_b06_formal_8623f006,formal,20260809T151217Z,365e0a0ca281d5d49d8522885de92ccb36d08351,true,stage08_b06_istft_scales_v1,c23ebf8544880fec31b221509b9ff5ff88e219881c7166c254a74660570940f5,operator,istft,NA,NA,istft,istft__istft_int32_10e2__7f27c0de7624d5fc,istft_int32_10e2,10^2,108,z=[9x12],INT32,GPU,fft_thrust,compatibility/end-to-end,PASS,OK,20,100,20,0.681425,true,7f27c0de7624d5fc01efed5ad73fcc74338e15cca1925c826239a6c2fa9cf762,68d7b6f6f032e2a752b51523f1d82e6a832a523abf5ed018dbc1783252515ff4
1,20260809T151217Z_365e0a0ca281_stage08_b06_formal_8623f006,formal,20260809T151217Z,365e0a0ca281d5d49d8522885de92ccb36d08351,true,stage08_b06_istft_scales_v1,c23ebf8544880fec31b221509b9ff5ff88e219881c7166c254a74660570940f5,operator,istft,NA,NA,istft,istft__istft_int32_10e2__7f27c0de7624d5fc,istft_int32_10e2,10^2,108,z=[9x12],INT32,GPU,fft_thrust,compatibility/end-to-end,PASS,OK,20,100,21,0.682965,true,7f27c0de7624d5fc01efed5ad73fcc74338e15cca1925c826239a6c2fa9cf762,68d7b6f6f032e2a752b51523f1d82e6a832a523abf5ed018dbc1783252515ff4
1,20260809T151217Z_365e0a0ca281_stage08_b06_formal_8623f006,formal,20260809T151217Z,365e0a0ca281d5d49d8522885de92ccb36d08351,true,stage08_b06_istft_scales_v1,c23ebf8544880fec31b221509b9ff5ff88e219881c7166c254a74660570940f5,operator,istft,NA,NA,istft,istft__istft_int32_10e2__7f27c0de7624d5fc,istft_int32_10e2,10^2,108,z=[9x12],INT32,GPU,fft_thrust,compatibility/end-to-end,PASS,OK,20,100,22,0.693164,true,7f27c0de7624d5fc01efed5ad73fcc74338e15cca1925c826239a6c2fa9cf762,68d7b6f6f032e2a752b51523f1d82e6a832a523abf5ed018dbc1783252515ff4
1,20260809T151217Z_365e0a0ca281_stage08_b06_formal_8623f006,formal,20260809T151217Z,365e0a0ca281d5d49d8522885de92ccb36d08351,true,stage08_b06_istft_scales_v1,c23ebf8544880fec31b221509b9ff5ff88e219881c7166c254a74660570940f5,operator,istft,NA,NA,istft,istft__istft_int32_10e2__7f27c0de7624d5fc,istft_int32_10e2,10^2,108,z=[9x12],INT32,GPU,fft_thrust,compatibility/end-to-end,PASS,OK,20,100,23,0.679245,true,7f27c0de7624d5fc01efed5ad73fcc74338e15cca1925c826239a6c2fa9cf762,68d7b6f6f032e2a752b51523f1d82e6a832a523abf5ed018dbc1783252515ff4
1,20260809T151217Z_365e0a0ca281_stage08_b06_formal_8623f006,formal,20260809T151217Z,365e0a0ca281d5d49d8522885de92ccb36d08351,true,stage08_b06_istft_scales_v1,c23ebf8544880fec31b221509b9ff5ff88e219881c7166c254a74660570940f5,operator,istft,NA,NA,istft,istft__istft_int32_10e2__7f27c0de7624d5fc,istft_int32_10e2,10^2,108,z=[9x12],INT32,GPU,fft_thrust,compatibility/end-to-end,PASS,OK,20,100,24,0.685545,true,7f27c0de7624d5fc01efed5ad73fcc74338e15cca1925c826239a6c2fa9cf762,68d7b6f6f032e2a752b51523f1d82e6a832a523abf5ed018dbc1783252515ff4
1,20260809T151217Z_365e0a0ca281_stage08_b06_formal_8623f006,formal,20260809T151217Z,365e0a0ca281d5d49d8522885de92ccb36d08351,true,stage08_b06_istft_scales_v1,c23ebf8544880fec31b221509b9ff5ff88e219881c7166c254a74660570940f5,operator,istft,NA,NA,istft,istft__istft_int32_10e2__7f27c0de7624d5fc,istft_int32_10e2,10^2,108,z=[9x12],INT32,GPU,fft_thrust,compatibility/end-to-end,PASS,OK,20,100,25,0.670644,true,7f27c0de7624d5fc01efed5ad73fcc74338e15cca1925c826239a6c2fa9cf762,68d7b6f6f032e2a752b51523f1d82e6a832a523abf5ed018dbc1783252515ff4
1,20260809T151217Z_365e0a0ca281_stage08_b06_formal_8623f006,formal,20260809T151217Z,365e0a0ca281d5d49d8522885de92ccb36d08351,true,stage08_b06_istft_scales_v1,c23ebf8544880fec31b221509b9ff5ff88e219881c7166c254a74660570940f5,operator,istft,NA,NA,istft,istft__istft_int32_10e2__7f27c0de7624d5fc,istft_int32_10e2,10^2,108,z=[9x12],INT32,GPU,fft_thrust,compatibility/end-to-end,PASS,OK,20,100,26,0.672725,true,7f27c0de7624d5fc01efed5ad73fcc74338e15cca1925c826239a6c2fa9cf762,68d7b6f6f032e2a752b51523f1d82e6a832a523abf5ed018dbc1783252515ff4
1,20260809T151217Z_365e0a0ca281_stage08_b06_formal_8623f006,formal,20260809T151217Z,365e0a0ca281d5d49d8522885de92ccb36d08351,true,stage08_b06_istft_scales_v1,c23ebf8544880fec31b221509b9ff5ff88e219881c7166c254a74660570940f5,operator,istft,NA,NA,istft,istft__istft_int32_10e2__7f27c0de7624d5fc,istft_int32_10e2,10^2,108,z=[9x12],INT32,GPU,fft_thrust,compatibility/end-to-end,PASS,OK,20,100,27,0.667764,true,7f27c0de7624d5fc01efed5ad73fcc74338e15cca1925c826239a6c2fa9cf762,68d7b6f6f032e2a752b51523f1d82e6a832a523abf5ed018dbc1783252515ff4
1,20260809T151217Z_365e0a0ca281_stage08_b06_formal_8623f006,formal,20260809T151217Z,365e0a0ca281d5d49d8522885de92ccb36d08351,true,stage08_b06_istft_scales_v1,c23ebf8544880fec31b221509b9ff5ff88e219881c7166c254a74660570940f5,operator,istft,NA,NA,istft,istft__istft_int32_10e2__7f27c0de7624d5fc,istft_int32_10e2,10^2,108,z=[9x12],INT32,GPU,fft_thrust,compatibility/end-to-end,PASS,OK,20,100,28,0.673325,true,7f27c0de7624d5fc01efed5ad73fcc74338e15cca1925c826239a6c2fa9cf762,68d7b6f6f032e2a752b51523f1d82e6a832a523abf5ed018dbc1783252515ff4
1,20260809T151217Z_365e0a0ca281_stage08_b06_formal_8623f006,formal,20260809T151217Z,365e0a0ca281d5d49d8522885de92ccb36d08351,true,stage08_b06_istft_scales_v1,c23ebf8544880fec31b221509b9ff5ff88e219881c7166c254a74660570940f5,operator,istft,NA,NA,istft,istft__istft_int32_10e2__7f27c0de7624d5fc,istft_int32_10e2,10^2,108,z=[9x12],INT32,GPU,fft_thrust,compatibility/end-to-end,PASS,OK,20,100,29,0.679475,true,7f27c0de7624d5fc01efed5ad73fcc74338e15cca1925c826239a6c2fa9cf762,68d7b6f6f032e2a752b51523f1d82e6a832a523abf5ed018dbc1783252515ff4
1,20260809T151217Z_365e0a0ca281_stage08_b06_formal_8623f006,formal,20260809T151217Z,365e0a0ca281d5d49d8522885de92ccb36d08351,true,stage08_b06_istft_scales_v1,c23ebf8544880fec31b221509b9ff5ff88e219881c7166c254a74660570940f5,operator,istft,NA,NA,istft,istft__istft_int32_10e2__7f27c0de7624d5fc,istft_int32_10e2,10^2,108,z=[9x12],INT32,GPU,fft_thrust,compatibility/end-to-end,PASS,OK,20,100,30,0.670144,true,7f27c0de7624d5fc01efed5ad73fcc74338e15cca1925c826239a6c2fa9cf762,68d7b6f6f032e2a752b51523f1d82e6a832a523abf5ed018dbc1783252515ff4
1,20260809T151217Z_365e0a0ca281_stage08_b06_formal_8623f006,formal,20260809T151217Z,365e0a0ca281d5d49d8522885de92ccb36d08351,true,stage08_b06_istft_scales_v1,c23ebf8544880fec31b221509b9ff5ff88e219881c7166c254a74660570940f5,operator,istft,NA,NA,istft,istft__istft_int32_10e2__7f27c0de7624d5fc,istft_int32_10e2,10^2,108,z=[9x12],INT32,GPU,fft_thrust,compatibility/end-to-end,PASS,OK,20,100,31,0.666695,true,7f27c0de7624d5fc01efed5ad73fcc74338e15cca1925c826239a6c2fa9cf762,68d7b6f6f032e2a752b51523f1d82e6a832a523abf5ed018dbc1783252515ff4
1,20260809T151217Z_365e0a0ca281_stage08_b06_formal_8623f006,formal,20260809T151217Z,365e0a0ca281d5d49d8522885de92ccb36d08351,true,stage08_b06_istft_scales_v1,c23ebf8544880fec31b221509b9ff5ff88e219881c7166c254a74660570940f5,operator,istft,NA,NA,istft,istft__istft_int32_10e2__7f27c0de7624d5fc,istft_int32_10e2,10^2,108,z=[9x12],INT32,GPU,fft_thrust,compatibility/end-to-end,PASS,OK,20,100,32,0.672694,true,7f27c0de7624d5fc01efed5ad73fcc74338e15cca1925c826239a6c2fa9cf762,68d7b6f6f032e2a752b51523f1d82e6a832a523abf5ed018dbc1783252515ff4
1,20260809T151217Z_365e0a0ca281_stage08_b06_formal_8623f006,formal,20260809T151217Z,365e0a0ca281d5d49d8522885de92ccb36d08351,true,stage08_b06_istft_scales_v1,c23ebf8544880fec31b221509b9ff5ff88e219881c7166c254a74660570940f5,operator,istft,NA,NA,istft,istft__istft_int32_10e2__7f27c0de7624d5fc,istft_int32_10e2,10^2,108,z=[9x12],INT32,GPU,fft_thrust,compatibility/end-to-end,PASS,OK,20,100,33,0.669605,true,7f27c0de7624d5fc01efed5ad73fcc74338e15cca1925c826239a6c2fa9cf762,68d7b6f6f032e2a752b51523f1d82e6a832a523abf5ed018dbc1783252515ff4
1,20260809T151217Z_365e0a0ca281_stage08_b06_formal_8623f006,formal,20260809T151217Z,365e0a0ca281d5d49d8522885de92ccb36d08351,true,stage08_b06_istft_scales_v1,c23ebf8544880fec31b221509b9ff5ff88e219881c7166c254a74660570940f5,operator,istft,NA,NA,istft,istft__istft_int32_10e2__7f27c0de7624d5fc,istft_int32_10e2,10^2,108,z=[9x12],INT32,GPU,fft_thrust,compatibility/end-to-end,PASS,OK,20,100,34,0.832725,true,7f27c0de7624d5fc01efed5ad73fcc74338e15cca1925c826239a6c2fa9cf762,68d7b6f6f032e2a752b51523f1d82e6a832a523abf5ed018dbc1783252515ff4
1,20260809T151217Z_365e0a0ca281_stage08_b06_formal_8623f006,formal,20260809T151217Z,365e0a0ca281d5d49d8522885de92ccb36d08351,true,stage08_b06_istft_scales_v1,c23ebf8544880fec31b221509b9ff5ff88e219881c7166c254a74660570940f5,operator,istft,NA,NA,istft,istft__istft_int32_10e2__7f27c0de7624d5fc,istft_int32_10e2,10^2,108,z=[9x12],INT32,GPU,fft_thrust,compatibility/end-to-end,PASS,OK,20,100,35,0.670905,true,7f27c0de7624d5fc01efed5ad73fcc74338e15cca1925c826239a6c2fa9cf762,68d7b6f6f032e2a752b51523f1d82e6a832a523abf5ed018dbc1783252515ff4
1,20260809T151217Z_365e0a0ca281_stage08_b06_formal_8623f006,formal,20260809T151217Z,365e0a0ca281d5d49d8522885de92ccb36d08351,true,stage08_b06_istft_scales_v1,c23ebf8544880fec31b221509b9ff5ff88e219881c7166c254a74660570940f5,operator,istft,NA,NA,istft,istft__istft_int32_10e2__7f27c0de7624d5fc,istft_int32_10e2,10^2,108,z=[9x12],INT32,GPU,fft_thrust,compatibility/end-to-end,PASS,OK,20,100,36,0.667035,true,7f27c0de7624d5fc01efed5ad73fcc74338e15cca1925c826239a6c2fa9cf762,68d7b6f6f032e2a752b51523f1d82e6a832a523abf5ed018dbc1783252515ff4
1,20260809T151217Z_365e0a0ca281_stage08_b06_formal_8623f006,formal,20260809T151217Z,365e0a0ca281d5d49d8522885de92ccb36d08351,true,stage08_b06_istft_scales_v1,c23ebf8544880fec31b221509b9ff5ff88e219881c7166c254a74660570940f5,operator,istft,NA,NA,istft,istft__istft_int32_10e2__7f27c0de7624d5fc,istft_int32_10e2,10^2,108,z=[9x12],INT32,GPU,fft_thrust,compatibility/end-to-end,PASS,OK,20,100,37,0.664224,true,7f27c0de7624d5fc01efed5ad73fcc74338e15cca1925c826239a6c2fa9cf762,68d7b6f6f032e2a752b51523f1d82e6a832a523abf5ed018dbc1783252515ff4
1,20260809T151217Z_365e0a0ca281_stage08_b06_formal_8623f006,formal,20260809T151217Z,365e0a0ca281d5d49d8522885de92ccb36d08351,true,stage08_b06_istft_scales_v1,c23ebf8544880fec31b221509b9ff5ff88e219881c7166c254a74660570940f5,operator,istft,NA,NA,istft,istft__istft_int32_10e2__7f27c0de7624d5fc,istft_int32_10e2,10^2,108,z=[9x12],INT32,GPU,fft_thrust,compatibility/end-to-end,PASS,OK,20,100,38,0.675135,true,7f27c0de7624d5fc01efed5ad73fcc74338e15cca1925c826239a6c2fa9cf762,68d7b6f6f032e2a752b51523f1d82e6a832a523abf5ed018dbc1783252515ff4
1,20260809T151217Z_365e0a0ca281_stage08_b06_formal_8623f006,formal,20260809T151217Z,365e0a0ca281d5d49d8522885de92ccb36d08351,true,stage08_b06_istft_scales_v1,c23ebf8544880fec31b221509b9ff5ff88e219881c7166c254a74660570940f5,operator,istft,NA,NA,istft,istft__istft_int32_10e2__7f27c0de7624d5fc,istft_int32_10e2,10^2,108,z=[9x12],INT32,GPU,fft_thrust,compatibility/end-to-end,PASS,OK,20,100,39,0.664444,true,7f27c0de7624d5fc01efed5ad73fcc74338e15cca1925c826239a6c2fa9cf762,68d7b6f6f032e2a752b51523f1d82e6a832a523abf5ed018dbc1783252515ff4
1,20260809T151217Z_365e0a0ca281_stage08_b06_formal_8623f006,formal,20260809T151217Z,365e0a0ca281d5d49d8522885de92ccb36d08351,true,stage08_b06_istft_scales_v1,c23ebf8544880fec31b221509b9ff5ff88e219881c7166c254a74660570940f5,operator,istft,NA,NA,istft,istft__istft_int32_10e2__7f27c0de7624d5fc,istft_int32_10e2,10^2,108,z=[9x12],INT32,GPU,fft_thrust,compatibility/end-to-end,PASS,OK,20,100,40,0.688285,true,7f27c0de7624d5fc01efed5ad73fcc74338e15cca1925c826239a6c2fa9cf762,68d7b6f6f032e2a752b51523f1d82e6a832a523abf5ed018dbc1783252515ff4
1,20260809T151217Z_365e0a0ca281_stage08_b06_formal_8623f006,formal,20260809T151217Z,365e0a0ca281d5d49d8522885de92ccb36d08351,true,stage08_b06_istft_scales_v1,c23ebf8544880fec31b221509b9ff5ff88e219881c7166c254a74660570940f5,operator,istft,NA,NA,istft,istft__istft_int32_10e2__7f27c0de7624d5fc,istft_int32_10e2,10^2,108,z=[9x12],INT32,GPU,fft_thrust,compatibility/end-to-end,PASS,OK,20,100,41,0.667834,true,7f27c0de7624d5fc01efed5ad73fcc74338e15cca1925c826239a6c2fa9cf762,68d7b6f6f032e2a752b51523f1d82e6a832a523abf5ed018dbc1783252515ff4
1,20260809T151217Z_365e0a0ca281_stage08_b06_formal_8623f006,formal,20260809T151217Z,365e0a0ca281d5d49d8522885de92ccb36d08351,true,stage08_b06_istft_scales_v1,c23ebf8544880fec31b221509b9ff5ff88e219881c7166c254a74660570940f5,operator,istft,NA,NA,istft,istft__istft_int32_10e2__7f27c0de7624d5fc,istft_int32_10e2,10^2,108,z=[9x12],INT32,GPU,fft_thrust,compatibility/end-to-end,PASS,OK,20,100,42,0.671265,true,7f27c0de7624d5fc01efed5ad73fcc74338e15cca1925c826239a6c2fa9cf762,68d7b6f6f032e2a752b51523f1d82e6a832a523abf5ed018dbc1783252515ff4
1,20260809T151217Z_365e0a0ca281_stage08_b06_formal_8623f006,formal,20260809T151217Z,365e0a0ca281d5d49d8522885de92ccb36d08351,true,stage08_b06_istft_scales_v1,c23ebf8544880fec31b221509b9ff5ff88e219881c7166c254a74660570940f5,operator,istft,NA,NA,istft,istft__istft_int32_10e2__7f27c0de7624d5fc,istft_int32_10e2,10^2,108,z=[9x12],INT32,GPU,fft_thrust,compatibility/end-to-end,PASS,OK,20,100,43,0.677955,true,7f27c0de7624d5fc01efed5ad73fcc74338e15cca1925c826239a6c2fa9cf762,68d7b6f6f032e2a752b51523f1d82e6a832a523abf5ed018dbc1783252515ff4
1,20260809T151217Z_365e0a0ca281_stage08_b06_formal_8623f006,formal,20260809T151217Z,365e0a0ca281d5d49d8522885de92ccb36d08351,true,stage08_b06_istft_scales_v1,c23ebf8544880fec31b221509b9ff5ff88e219881c7166c254a74660570940f5,operator,istft,NA,NA,istft,istft__istft_int32_10e2__7f27c0de7624d5fc,istft_int32_10e2,10^2,108,z=[9x12],INT32,GPU,fft_thrust,compatibility/end-to-end,PASS,OK,20,100,44,0.667304,true,7f27c0de7624d5fc01efed5ad73fcc74338e15cca1925c826239a6c2fa9cf762,68d7b6f6f032e2a752b51523f1d82e6a832a523abf5ed018dbc1783252515ff4
1,20260809T151217Z_365e0a0ca281_stage08_b06_formal_8623f006,formal,20260809T151217Z,365e0a0ca281d5d49d8522885de92ccb36d08351,true,stage08_b06_istft_scales_v1,c23ebf8544880fec31b221509b9ff5ff88e219881c7166c254a74660570940f5,operator,istft,NA,NA,istft,istft__istft_int32_10e2__7f27c0de7624d5fc,istft_int32_10e2,10^2,108,z=[9x12],INT32,GPU,fft_thrust,compatibility/end-to-end,PASS,OK,20,100,45,0.663825,true,7f27c0de7624d5fc01efed5ad73fcc74338e15cca1925c826239a6c2fa9cf762,68d7b6f6f032e2a752b51523f1d82e6a832a523abf5ed018dbc1783252515ff4
1,20260809T151217Z_365e0a0ca281_stage08_b06_formal_8623f006,formal,20260809T151217Z,365e0a0ca281d5d49d8522885de92ccb36d08351,true,stage08_b06_istft_scales_v1,c23ebf8544880fec31b221509b9ff5ff88e219881c7166c254a74660570940f5,operator,istft,NA,NA,istft,istft__istft_int32_10e2__7f27c0de7624d5fc,istft_int32_10e2,10^2,108,z=[9x12],INT32,GPU,fft_thrust,compatibility/end-to-end,PASS,OK,20,100,46,0.685944,true,7f27c0de7624d5fc01efed5ad73fcc74338e15cca1925c826239a6c2fa9cf762,68d7b6f6f032e2a752b51523f1d82e6a832a523abf5ed018dbc1783252515ff4
1,20260809T151217Z_365e0a0ca281_stage08_b06_formal_8623f006,formal,20260809T151217Z,365e0a0ca281d5d49d8522885de92ccb36d08351,true,stage08_b06_istft_scales_v1,c23ebf8544880fec31b221509b9ff5ff88e219881c7166c254a74660570940f5,operator,istft,NA,NA,istft,istft__istft_int32_10e2__7f27c0de7624d5fc,istft_int32_10e2,10^2,108,z=[9x12],INT32,GPU,fft_thrust,compatibility/end-to-end,PASS,OK,20,100,47,0.666295,true,7f27c0de7624d5fc01efed5ad73fcc74338e15cca1925c826239a6c2fa9cf762,68d7b6f6f032e2a752b51523f1d82e6a832a523abf5ed018dbc1783252515ff4
1,20260809T151217Z_365e0a0ca281_stage08_b06_formal_8623f006,formal,20260809T151217Z,365e0a0ca281d5d49d8522885de92ccb36d08351,true,stage08_b06_istft_scales_v1,c23ebf8544880fec31b221509b9ff5ff88e219881c7166c254a74660570940f5,operator,istft,NA,NA,istft,istft__istft_int32_10e2__7f27c0de7624d5fc,istft_int32_10e2,10^2,108,z=[9x12],INT32,GPU,fft_thrust,compatibility/end-to-end,PASS,OK,20,100,48,0.670375,true,7f27c0de7624d5fc01efed5ad73fcc74338e15cca1925c826239a6c2fa9cf762,68d7b6f6f032e2a752b51523f1d82e6a832a523abf5ed018dbc1783252515ff4
1,20260809T151217Z_365e0a0ca281_stage08_b06_formal_8623f006,formal,20260809T151217Z,365e0a0ca281d5d49d8522885de92ccb36d08351,true,stage08_b06_istft_scales_v1,c23ebf8544880fec31b221509b9ff5ff88e219881c7166c254a74660570940f5,operator,istft,NA,NA,istft,istft__istft_int32_10e2__7f27c0de7624d5fc,istft_int32_10e2,10^2,108,z=[9x12],INT32,GPU,fft_thrust,compatibility/end-to-end,PASS,OK,20,100,49,0.671244,true,7f27c0de7624d5fc01efed5ad73fcc74338e15cca1925c826239a6c2fa9cf762,68d7b6f6f032e2a752b51523f1d82e6a832a523abf5ed018dbc1783252515ff4
1,20260809T151217Z_365e0a0ca281_stage08_b06_formal_8623f006,formal,20260809T151217Z,365e0a0ca281d5d49d8522885de92ccb36d08351,true,stage08_b06_istft_scales_v1,c23ebf8544880fec31b221509b9ff5ff88e219881c7166c254a74660570940f5,operator,istft,NA,NA,istft,istft__istft_int32_10e2__7f27c0de7624d5fc,istft_int32_10e2,10^2,108,z=[9x12],INT32,GPU,fft_thrust,compatibility/end-to-end,PASS,OK,20,100,50,0.670455,true,7f27c0de7624d5fc01efed5ad73fcc74338e15cca1925c826239a6c2fa9cf762,68d7b6f6f032e2a752b51523f1d82e6a832a523abf5ed018dbc1783252515ff4
1,20260809T151217Z_365e0a0ca281_stage08_b06_formal_8623f006,formal,20260809T151217Z,365e0a0ca281d5d49d8522885de92ccb36d08351,true,stage08_b06_istft_scales_v1,c23ebf8544880fec31b221509b9ff5ff88e219881c7166c254a74660570940f5,operator,istft,NA,NA,istft,istft__istft_int32_10e2__7f27c0de7624d5fc,istft_int32_10e2,10^2,108,z=[9x12],INT32,GPU,fft_thrust,compatibility/end-to-end,PASS,OK,20,100,51,0.673844,true,7f27c0de7624d5fc01efed5ad73fcc74338e15cca1925c826239a6c2fa9cf762,68d7b6f6f032e2a752b51523f1d82e6a832a523abf5ed018dbc1783252515ff4
1,20260809T151217Z_365e0a0ca281_stage08_b06_formal_8623f006,formal,20260809T151217Z,365e0a0ca281d5d49d8522885de92ccb36d08351,true,stage08_b06_istft_scales_v1,c23ebf8544880fec31b221509b9ff5ff88e219881c7166c254a74660570940f5,operator,istft,NA,NA,istft,istft__istft_int32_10e2__7f27c0de7624d5fc,istft_int32_10e2,10^2,108,z=[9x12],INT32,GPU,fft_thrust,compatibility/end-to-end,PASS,OK,20,100,52,0.685365,true,7f27c0de7624d5fc01efed5ad73fcc74338e15cca1925c826239a6c2fa9cf762,68d7b6f6f032e2a752b51523f1d82e6a832a523abf5ed018dbc1783252515ff4
1,20260809T151217Z_365e0a0ca281_stage08_b06_formal_8623f006,formal,20260809T151217Z,365e0a0ca281d5d49d8522885de92ccb36d08351,true,stage08_b06_istft_scales_v1,c23ebf8544880fec31b221509b9ff5ff88e219881c7166c254a74660570940f5,operator,istft,NA,NA,istft,istft__istft_int32_10e2__7f27c0de7624d5fc,istft_int32_10e2,10^2,108,z=[9x12],INT32,GPU,fft_thrust,compatibility/end-to-end,PASS,OK,20,100,53,0.663674,true,7f27c0de7624d5fc01efed5ad73fcc74338e15cca1925c826239a6c2fa9cf762,68d7b6f6f032e2a752b51523f1d82e6a832a523abf5ed018dbc1783252515ff4
1,20260809T151217Z_365e0a0ca281_stage08_b06_formal_8623f006,formal,20260809T151217Z,365e0a0ca281d5d49d8522885de92ccb36d08351,true,stage08_b06_istft_scales_v1,c23ebf8544880fec31b221509b9ff5ff88e219881c7166c254a74660570940f5,operator,istft,NA,NA,istft,istft__istft_int32_10e2__7f27c0de7624d5fc,istft_int32_10e2,10^2,108,z=[9x12],INT32,GPU,fft_thrust,compatibility/end-to-end,PASS,OK,20,100,54,0.662605,true,7f27c0de7624d5fc01efed5ad73fcc74338e15cca1925c826239a6c2fa9cf762,68d7b6f6f032e2a752b51523f1d82e6a832a523abf5ed018dbc1783252515ff4
1,20260809T151217Z_365e0a0ca281_stage08_b06_formal_8623f006,formal,20260809T151217Z,365e0a0ca281d5d49d8522885de92ccb36d08351,true,stage08_b06_istft_scales_v1,c23ebf8544880fec31b221509b9ff5ff88e219881c7166c254a74660570940f5,operator,istft,NA,NA,istft,istft__istft_int32_10e2__7f27c0de7624d5fc,istft_int32_10e2,10^2,108,z=[9x12],INT32,GPU,fft_thrust,compatibility/end-to-end,PASS,OK,20,100,55,0.668965,true,7f27c0de7624d5fc01efed5ad73fcc74338e15cca1925c826239a6c2fa9cf762,68d7b6f6f032e2a752b51523f1d82e6a832a523abf5ed018dbc1783252515ff4
1,20260809T151217Z_365e0a0ca281_stage08_b06_formal_8623f006,formal,20260809T151217Z,365e0a0ca281d5d49d8522885de92ccb36d08351,true,stage08_b06_istft_scales_v1,c23ebf8544880fec31b221509b9ff5ff88e219881c7166c254a74660570940f5,operator,istft,NA,NA,istft,istft__istft_int32_10e2__7f27c0de7624d5fc,istft_int32_10e2,10^2,108,z=[9x12],INT32,GPU,fft_thrust,compatibility/end-to-end,PASS,OK,20,100,56,0.665244,true,7f27c0de7624d5fc01efed5ad73fcc74338e15cca1925c826239a6c2fa9cf762,68d7b6f6f032e2a752b51523f1d82e6a832a523abf5ed018dbc1783252515ff4
1,20260809T151217Z_365e0a0ca281_stage08_b06_formal_8623f006,formal,20260809T151217Z,365e0a0ca281d5d49d8522885de92ccb36d08351,true,stage08_b06_istft_scales_v1,c23ebf8544880fec31b221509b9ff5ff88e219881c7166c254a74660570940f5,operator,istft,NA,NA,istft,istft__istft_int32_10e2__7f27c0de7624d5fc,istft_int32_10e2,10^2,108,z=[9x12],INT32,GPU,fft_thrust,compatibility/end-to-end,PASS,OK,20,100,57,0.670845,true,7f27c0de7624d5fc01efed5ad73fcc74338e15cca1925c826239a6c2fa9cf762,68d7b6f6f032e2a752b51523f1d82e6a832a523abf5ed018dbc1783252515ff4
1,20260809T151217Z_365e0a0ca281_stage08_b06_formal_8623f006,formal,20260809T151217Z,365e0a0ca281d5d49d8522885de92ccb36d08351,true,stage08_b06_istft_scales_v1,c23ebf8544880fec31b221509b9ff5ff88e219881c7166c254a74660570940f5,operator,istft,NA,NA,istft,istft__istft_int32_10e2__7f27c0de7624d5fc,istft_int32_10e2,10^2,108,z=[9x12],INT32,GPU,fft_thrust,compatibility/end-to-end,PASS,OK,20,100,58,0.676714,true,7f27c0de7624d5fc01efed5ad73fcc74338e15cca1925c826239a6c2fa9cf762,68d7b6f6f032e2a752b51523f1d82e6a832a523abf5ed018dbc1783252515ff4
1,20260809T151217Z_365e0a0ca281_stage08_b06_formal_8623f006,formal,20260809T151217Z,365e0a0ca281d5d49d8522885de92ccb36d08351,true,stage08_b06_istft_scales_v1,c23ebf8544880fec31b221509b9ff5ff88e219881c7166c254a74660570940f5,operator,istft,NA,NA,istft,istft__istft_int32_10e2__7f27c0de7624d5fc,istft_int32_10e2,10^2,108,z=[9x12],INT32,GPU,fft_thrust,compatibility/end-to-end,PASS,OK,20,100,59,0.669995,true,7f27c0de7624d5fc01efed5ad73fcc74338e15cca1925c826239a6c2fa9cf762,68d7b6f6f032e2a752b51523f1d82e6a832a523abf5ed018dbc1783252515ff4
1,20260809T151217Z_365e0a0ca281_stage08_b06_formal_8623f006,formal,20260809T151217Z,365e0a0ca281d5d49d8522885de92ccb36d08351,true,stage08_b06_istft_scales_v1,c23ebf8544880fec31b221509b9ff5ff88e219881c7166c254a74660570940f5,operator,istft,NA,NA,istft,istft__istft_int32_10e2__7f27c0de7624d5fc,istft_int32_10e2,10^2,108,z=[9x12],INT32,GPU,fft_thrust,compatibility/end-to-end,PASS,OK,20,100,60,0.672244,true,7f27c0de7624d5fc01efed5ad73fcc74338e15cca1925c826239a6c2fa9cf762,68d7b6f6f032e2a752b51523f1d82e6a832a523abf5ed018dbc1783252515ff4
1,20260809T151217Z_365e0a0ca281_stage08_b06_formal_8623f006,formal,20260809T151217Z,365e0a0ca281d5d49d8522885de92ccb36d08351,true,stage08_b06_istft_scales_v1,c23ebf8544880fec31b221509b9ff5ff88e219881c7166c254a74660570940f5,operator,istft,NA,NA,istft,istft__istft_int32_10e2__7f27c0de7624d5fc,istft_int32_10e2,10^2,108,z=[9x12],INT32,GPU,fft_thrust,compatibility/end-to-end,PASS,OK,20,100,61,0.668985,true,7f27c0de7624d5fc01efed5ad73fcc74338e15cca1925c826239a6c2fa9cf762,68d7b6f6f032e2a752b51523f1d82e6a832a523abf5ed018dbc1783252515ff4
1,20260809T151217Z_365e0a0ca281_stage08_b06_formal_8623f006,formal,20260809T151217Z,365e0a0ca281d5d49d8522885de92ccb36d08351,true,stage08_b06_istft_scales_v1,c23ebf8544880fec31b221509b9ff5ff88e219881c7166c254a74660570940f5,operator,istft,NA,NA,istft,istft__istft_int32_10e2__7f27c0de7624d5fc,istft_int32_10e2,10^2,108,z=[9x12],INT32,GPU,fft_thrust,compatibility/end-to-end,PASS,OK,20,100,62,0.661184,true,7f27c0de7624d5fc01efed5ad73fcc74338e15cca1925c826239a6c2fa9cf762,68d7b6f6f032e2a752b51523f1d82e6a832a523abf5ed018dbc1783252515ff4
1,20260809T151217Z_365e0a0ca281_stage08_b06_formal_8623f006,formal,20260809T151217Z,365e0a0ca281d5d49d8522885de92ccb36d08351,true,stage08_b06_istft_scales_v1,c23ebf8544880fec31b221509b9ff5ff88e219881c7166c254a74660570940f5,operator,istft,NA,NA,istft,istft__istft_int32_10e2__7f27c0de7624d5fc,istft_int32_10e2,10^2,108,z=[9x12],INT32,GPU,fft_thrust,compatibility/end-to-end,PASS,OK,20,100,63,0.682425,true,7f27c0de7624d5fc01efed5ad73fcc74338e15cca1925c826239a6c2fa9cf762,68d7b6f6f032e2a752b51523f1d82e6a832a523abf5ed018dbc1783252515ff4
1,20260809T151217Z_365e0a0ca281_stage08_b06_formal_8623f006,formal,20260809T151217Z,365e0a0ca281d5d49d8522885de92ccb36d08351,true,stage08_b06_istft_scales_v1,c23ebf8544880fec31b221509b9ff5ff88e219881c7166c254a74660570940f5,operator,istft,NA,NA,istft,istft__istft_int32_10e2__7f27c0de7624d5fc,istft_int32_10e2,10^2,108,z=[9x12],INT32,GPU,fft_thrust,compatibility/end-to-end,PASS,OK,20,100,64,0.665805,true,7f27c0de7624d5fc01efed5ad73fcc74338e15cca1925c826239a6c2fa9cf762,68d7b6f6f032e2a752b51523f1d82e6a832a523abf5ed018dbc1783252515ff4
1,20260809T151217Z_365e0a0ca281_stage08_b06_formal_8623f006,formal,20260809T151217Z,365e0a0ca281d5d49d8522885de92ccb36d08351,true,stage08_b06_istft_scales_v1,c23ebf8544880fec31b221509b9ff5ff88e219881c7166c254a74660570940f5,operator,istft,NA,NA,istft,istft__istft_int32_10e2__7f27c0de7624d5fc,istft_int32_10e2,10^2,108,z=[9x12],INT32,GPU,fft_thrust,compatibility/end-to-end,PASS,OK,20,100,65,0.668874,true,7f27c0de7624d5fc01efed5ad73fcc74338e15cca1925c826239a6c2fa9cf762,68d7b6f6f032e2a752b51523f1d82e6a832a523abf5ed018dbc1783252515ff4
1,20260809T151217Z_365e0a0ca281_stage08_b06_formal_8623f006,formal,20260809T151217Z,365e0a0ca281d5d49d8522885de92ccb36d08351,true,stage08_b06_istft_scales_v1,c23ebf8544880fec31b221509b9ff5ff88e219881c7166c254a74660570940f5,operator,istft,NA,NA,istft,istft__istft_int32_10e2__7f27c0de7624d5fc,istft_int32_10e2,10^2,108,z=[9x12],INT32,GPU,fft_thrust,compatibility/end-to-end,PASS,OK,20,100,66,0.667535,true,7f27c0de7624d5fc01efed5ad73fcc74338e15cca1925c826239a6c2fa9cf762,68d7b6f6f032e2a752b51523f1d82e6a832a523abf5ed018dbc1783252515ff4
1,20260809T151217Z_365e0a0ca281_stage08_b06_formal_8623f006,formal,20260809T151217Z,365e0a0ca281d5d49d8522885de92ccb36d08351,true,stage08_b06_istft_scales_v1,c23ebf8544880fec31b221509b9ff5ff88e219881c7166c254a74660570940f5,operator,istft,NA,NA,istft,istft__istft_int32_10e2__7f27c0de7624d5fc,istft_int32_10e2,10^2,108,z=[9x12],INT32,GPU,fft_thrust,compatibility/end-to-end,PASS,OK,20,100,67,0.668544,true,7f27c0de7624d5fc01efed5ad73fcc74338e15cca1925c826239a6c2fa9cf762,68d7b6f6f032e2a752b51523f1d82e6a832a523abf5ed018dbc1783252515ff4
1,20260809T151217Z_365e0a0ca281_stage08_b06_formal_8623f006,formal,20260809T151217Z,365e0a0ca281d5d49d8522885de92ccb36d08351,true,stage08_b06_istft_scales_v1,c23ebf8544880fec31b221509b9ff5ff88e219881c7166c254a74660570940f5,operator,istft,NA,NA,istft,istft__istft_int32_10e2__7f27c0de7624d5fc,istft_int32_10e2,10^2,108,z=[9x12],INT32,GPU,fft_thrust,compatibility/end-to-end,PASS,OK,20,100,68,0.666875,true,7f27c0de7624d5fc01efed5ad73fcc74338e15cca1925c826239a6c2fa9cf762,68d7b6f6f032e2a752b51523f1d82e6a832a523abf5ed018dbc1783252515ff4
1,20260809T151217Z_365e0a0ca281_stage08_b06_formal_8623f006,formal,20260809T151217Z,365e0a0ca281d5d49d8522885de92ccb36d08351,true,stage08_b06_istft_scales_v1,c23ebf8544880fec31b221509b9ff5ff88e219881c7166c254a74660570940f5,operator,istft,NA,NA,istft,istft__istft_int32_10e2__7f27c0de7624d5fc,istft_int32_10e2,10^2,108,z=[9x12],INT32,GPU,fft_thrust,compatibility/end-to-end,PASS,OK,20,100,69,0.724875,true,7f27c0de7624d5fc01efed5ad73fcc74338e15cca1925c826239a6c2fa9cf762,68d7b6f6f032e2a752b51523f1d82e6a832a523abf5ed018dbc1783252515ff4
1,20260809T151217Z_365e0a0ca281_stage08_b06_formal_8623f006,formal,20260809T151217Z,365e0a0ca281d5d49d8522885de92ccb36d08351,true,stage08_b06_istft_scales_v1,c23ebf8544880fec31b221509b9ff5ff88e219881c7166c254a74660570940f5,operator,istft,NA,NA,istft,istft__istft_int32_10e2__7f27c0de7624d5fc,istft_int32_10e2,10^2,108,z=[9x12],INT32,GPU,fft_thrust,compatibility/end-to-end,PASS,OK,20,100,70,0.670074,true,7f27c0de7624d5fc01efed5ad73fcc74338e15cca1925c826239a6c2fa9cf762,68d7b6f6f032e2a752b51523f1d82e6a832a523abf5ed018dbc1783252515ff4
1,20260809T151217Z_365e0a0ca281_stage08_b06_formal_8623f006,formal,20260809T151217Z,365e0a0ca281d5d49d8522885de92ccb36d08351,true,stage08_b06_istft_scales_v1,c23ebf8544880fec31b221509b9ff5ff88e219881c7166c254a74660570940f5,operator,istft,NA,NA,istft,istft__istft_int32_10e2__7f27c0de7624d5fc,istft_int32_10e2,10^2,108,z=[9x12],INT32,GPU,fft_thrust,compatibility/end-to-end,PASS,OK,20,100,71,0.667645,true,7f27c0de7624d5fc01efed5ad73fcc74338e15cca1925c826239a6c2fa9cf762,68d7b6f6f032e2a752b51523f1d82e6a832a523abf5ed018dbc1783252515ff4
1,20260809T151217Z_365e0a0ca281_stage08_b06_formal_8623f006,formal,20260809T151217Z,365e0a0ca281d5d49d8522885de92ccb36d08351,true,stage08_b06_istft_scales_v1,c23ebf8544880fec31b221509b9ff5ff88e219881c7166c254a74660570940f5,operator,istft,NA,NA,istft,istft__istft_int32_10e2__7f27c0de7624d5fc,istft_int32_10e2,10^2,108,z=[9x12],INT32,GPU,fft_thrust,compatibility/end-to-end,PASS,OK,20,100,72,0.667634,true,7f27c0de7624d5fc01efed5ad73fcc74338e15cca1925c826239a6c2fa9cf762,68d7b6f6f032e2a752b51523f1d82e6a832a523abf5ed018dbc1783252515ff4
1,20260809T151217Z_365e0a0ca281_stage08_b06_formal_8623f006,formal,20260809T151217Z,365e0a0ca281d5d49d8522885de92ccb36d08351,true,stage08_b06_istft_scales_v1,c23ebf8544880fec31b221509b9ff5ff88e219881c7166c254a74660570940f5,operator,istft,NA,NA,istft,istft__istft_int32_10e2__7f27c0de7624d5fc,istft_int32_10e2,10^2,108,z=[9x12],INT32,GPU,fft_thrust,compatibility/end-to-end,PASS,OK,20,100,73,0.671195,true,7f27c0de7624d5fc01efed5ad73fcc74338e15cca1925c826239a6c2fa9cf762,68d7b6f6f032e2a752b51523f1d82e6a832a523abf5ed018dbc1783252515ff4
1,20260809T151217Z_365e0a0ca281_stage08_b06_formal_8623f006,formal,20260809T151217Z,365e0a0ca281d5d49d8522885de92ccb36d08351,true,stage08_b06_istft_scales_v1,c23ebf8544880fec31b221509b9ff5ff88e219881c7166c254a74660570940f5,operator,istft,NA,NA,istft,istft__istft_int32_10e2__7f27c0de7624d5fc,istft_int32_10e2,10^2,108,z=[9x12],INT32,GPU,fft_thrust,compatibility/end-to-end,PASS,OK,20,100,74,0.672145,true,7f27c0de7624d5fc01efed5ad73fcc74338e15cca1925c826239a6c2fa9cf762,68d7b6f6f032e2a752b51523f1d82e6a832a523abf5ed018dbc1783252515ff4
1,20260809T151217Z_365e0a0ca281_stage08_b06_formal_8623f006,formal,20260809T151217Z,365e0a0ca281d5d49d8522885de92ccb36d08351,true,stage08_b06_istft_scales_v1,c23ebf8544880fec31b221509b9ff5ff88e219881c7166c254a74660570940f5,operator,istft,NA,NA,istft,istft__istft_int32_10e2__7f27c0de7624d5fc,istft_int32_10e2,10^2,108,z=[9x12],INT32,GPU,fft_thrust,compatibility/end-to-end,PASS,OK,20,100,75,0.674484,true,7f27c0de7624d5fc01efed5ad73fcc74338e15cca1925c826239a6c2fa9cf762,68d7b6f6f032e2a752b51523f1d82e6a832a523abf5ed018dbc1783252515ff4
1,20260809T151217Z_365e0a0ca281_stage08_b06_formal_8623f006,formal,20260809T151217Z,365e0a0ca281d5d49d8522885de92ccb36d08351,true,stage08_b06_istft_scales_v1,c23ebf8544880fec31b221509b9ff5ff88e219881c7166c254a74660570940f5,operator,istft,NA,NA,istft,istft__istft_int32_10e2__7f27c0de7624d5fc,istft_int32_10e2,10^2,108,z=[9x12],INT32,GPU,fft_thrust,compatibility/end-to-end,PASS,OK,20,100,76,0.675095,true,7f27c0de7624d5fc01efed5ad73fcc74338e15cca1925c826239a6c2fa9cf762,68d7b6f6f032e2a752b51523f1d82e6a832a523abf5ed018dbc1783252515ff4
1,20260809T151217Z_365e0a0ca281_stage08_b06_formal_8623f006,formal,20260809T151217Z,365e0a0ca281d5d49d8522885de92ccb36d08351,true,stage08_b06_istft_scales_v1,c23ebf8544880fec31b221509b9ff5ff88e219881c7166c254a74660570940f5,operator,istft,NA,NA,istft,istft__istft_int32_10e2__7f27c0de7624d5fc,istft_int32_10e2,10^2,108,z=[9x12],INT32,GPU,fft_thrust,compatibility/end-to-end,PASS,OK,20,100,77,0.676115,true,7f27c0de7624d5fc01efed5ad73fcc74338e15cca1925c826239a6c2fa9cf762,68d7b6f6f032e2a752b51523f1d82e6a832a523abf5ed018dbc1783252515ff4
1,20260809T151217Z_365e0a0ca281_stage08_b06_formal_8623f006,formal,20260809T151217Z,365e0a0ca281d5d49d8522885de92ccb36d08351,true,stage08_b06_istft_scales_v1,c23ebf8544880fec31b221509b9ff5ff88e219881c7166c254a74660570940f5,operator,istft,NA,NA,istft,istft__istft_int32_10e2__7f27c0de7624d5fc,istft_int32_10e2,10^2,108,z=[9x12],INT32,GPU,fft_thrust,compatibility/end-to-end,PASS,OK,20,100,78,0.680744,true,7f27c0de7624d5fc01efed5ad73fcc74338e15cca1925c826239a6c2fa9cf762,68d7b6f6f032e2a752b51523f1d82e6a832a523abf5ed018dbc1783252515ff4
1,20260809T151217Z_365e0a0ca281_stage08_b06_formal_8623f006,formal,20260809T151217Z,365e0a0ca281d5d49d8522885de92ccb36d08351,true,stage08_b06_istft_scales_v1,c23ebf8544880fec31b221509b9ff5ff88e219881c7166c254a74660570940f5,operator,istft,NA,NA,istft,istft__istft_int32_10e2__7f27c0de7624d5fc,istft_int32_10e2,10^2,108,z=[9x12],INT32,GPU,fft_thrust,compatibility/end-to-end,PASS,OK,20,100,79,0.662165,true,7f27c0de7624d5fc01efed5ad73fcc74338e15cca1925c826239a6c2fa9cf762,68d7b6f6f032e2a752b51523f1d82e6a832a523abf5ed018dbc1783252515ff4
1,20260809T151217Z_365e0a0ca281_stage08_b06_formal_8623f006,formal,20260809T151217Z,365e0a0ca281d5d49d8522885de92ccb36d08351,true,stage08_b06_istft_scales_v1,c23ebf8544880fec31b221509b9ff5ff88e219881c7166c254a74660570940f5,operator,istft,NA,NA,istft,istft__istft_int32_10e2__7f27c0de7624d5fc,istft_int32_10e2,10^2,108,z=[9x12],INT32,GPU,fft_thrust,compatibility/end-to-end,PASS,OK,20,100,80,0.664315,true,7f27c0de7624d5fc01efed5ad73fcc74338e15cca1925c826239a6c2fa9cf762,68d7b6f6f032e2a752b51523f1d82e6a832a523abf5ed018dbc1783252515ff4
1,20260809T151217Z_365e0a0ca281_stage08_b06_formal_8623f006,formal,20260809T151217Z,365e0a0ca281d5d49d8522885de92ccb36d08351,true,stage08_b06_istft_scales_v1,c23ebf8544880fec31b221509b9ff5ff88e219881c7166c254a74660570940f5,operator,istft,NA,NA,istft,istft__istft_int32_10e2__7f27c0de7624d5fc,istft_int32_10e2,10^2,108,z=[9x12],INT32,GPU,fft_thrust,compatibility/end-to-end,PASS,OK,20,100,81,0.683004,true,7f27c0de7624d5fc01efed5ad73fcc74338e15cca1925c826239a6c2fa9cf762,68d7b6f6f032e2a752b51523f1d82e6a832a523abf5ed018dbc1783252515ff4
1,20260809T151217Z_365e0a0ca281_stage08_b06_formal_8623f006,formal,20260809T151217Z,365e0a0ca281d5d49d8522885de92ccb36d08351,true,stage08_b06_istft_scales_v1,c23ebf8544880fec31b221509b9ff5ff88e219881c7166c254a74660570940f5,operator,istft,NA,NA,istft,istft__istft_int32_10e2__7f27c0de7624d5fc,istft_int32_10e2,10^2,108,z=[9x12],INT32,GPU,fft_thrust,compatibility/end-to-end,PASS,OK,20,100,82,0.662155,true,7f27c0de7624d5fc01efed5ad73fcc74338e15cca1925c826239a6c2fa9cf762,68d7b6f6f032e2a752b51523f1d82e6a832a523abf5ed018dbc1783252515ff4
1,20260809T151217Z_365e0a0ca281_stage08_b06_formal_8623f006,formal,20260809T151217Z,365e0a0ca281d5d49d8522885de92ccb36d08351,true,stage08_b06_istft_scales_v1,c23ebf8544880fec31b221509b9ff5ff88e219881c7166c254a74660570940f5,operator,istft,NA,NA,istft,istft__istft_int32_10e2__7f27c0de7624d5fc,istft_int32_10e2,10^2,108,z=[9x12],INT32,GPU,fft_thrust,compatibility/end-to-end,PASS,OK,20,100,83,0.666104,true,7f27c0de7624d5fc01efed5ad73fcc74338e15cca1925c826239a6c2fa9cf762,68d7b6f6f032e2a752b51523f1d82e6a832a523abf5ed018dbc1783252515ff4
1,20260809T151217Z_365e0a0ca281_stage08_b06_formal_8623f006,formal,20260809T151217Z,365e0a0ca281d5d49d8522885de92ccb36d08351,true,stage08_b06_istft_scales_v1,c23ebf8544880fec31b221509b9ff5ff88e219881c7166c254a74660570940f5,operator,istft,NA,NA,istft,istft__istft_int32_10e2__7f27c0de7624d5fc,istft_int32_10e2,10^2,108,z=[9x12],INT32,GPU,fft_thrust,compatibility/end-to-end,PASS,OK,20,100,84,0.736905,true,7f27c0de7624d5fc01efed5ad73fcc74338e15cca1925c826239a6c2fa9cf762,68d7b6f6f032e2a752b51523f1d82e6a832a523abf5ed018dbc1783252515ff4
1,20260809T151217Z_365e0a0ca281_stage08_b06_formal_8623f006,formal,20260809T151217Z,365e0a0ca281d5d49d8522885de92ccb36d08351,true,stage08_b06_istft_scales_v1,c23ebf8544880fec31b221509b9ff5ff88e219881c7166c254a74660570940f5,operator,istft,NA,NA,istft,istft__istft_int32_10e2__7f27c0de7624d5fc,istft_int32_10e2,10^2,108,z=[9x12],INT32,GPU,fft_thrust,compatibility/end-to-end,PASS,OK,20,100,85,0.707655,true,7f27c0de7624d5fc01efed5ad73fcc74338e15cca1925c826239a6c2fa9cf762,68d7b6f6f032e2a752b51523f1d82e6a832a523abf5ed018dbc1783252515ff4
1,20260809T151217Z_365e0a0ca281_stage08_b06_formal_8623f006,formal,20260809T151217Z,365e0a0ca281d5d49d8522885de92ccb36d08351,true,stage08_b06_istft_scales_v1,c23ebf8544880fec31b221509b9ff5ff88e219881c7166c254a74660570940f5,operator,istft,NA,NA,istft,istft__istft_int32_10e2__7f27c0de7624d5fc,istft_int32_10e2,10^2,108,z=[9x12],INT32,GPU,fft_thrust,compatibility/end-to-end,PASS,OK,20,100,86,0.663635,true,7f27c0de7624d5fc01efed5ad73fcc74338e15cca1925c826239a6c2fa9cf762,68d7b6f6f032e2a752b51523f1d82e6a832a523abf5ed018dbc1783252515ff4
1,20260809T151217Z_365e0a0ca281_stage08_b06_formal_8623f006,formal,20260809T151217Z,365e0a0ca281d5d49d8522885de92ccb36d08351,true,stage08_b06_istft_scales_v1,c23ebf8544880fec31b221509b9ff5ff88e219881c7166c254a74660570940f5,operator,istft,NA,NA,istft,istft__istft_int32_10e2__7f27c0de7624d5fc,istft_int32_10e2,10^2,108,z=[9x12],INT32,GPU,fft_thrust,compatibility/end-to-end,PASS,OK,20,100,87,0.669494,true,7f27c0de7624d5fc01efed5ad73fcc74338e15cca1925c826239a6c2fa9cf762,68d7b6f6f032e2a752b51523f1d82e6a832a523abf5ed018dbc1783252515ff4
1,20260809T151217Z_365e0a0ca281_stage08_b06_formal_8623f006,formal,20260809T151217Z,365e0a0ca281d5d49d8522885de92ccb36d08351,true,stage08_b06_istft_scales_v1,c23ebf8544880fec31b221509b9ff5ff88e219881c7166c254a74660570940f5,operator,istft,NA,NA,istft,istft__istft_int32_10e2__7f27c0de7624d5fc,istft_int32_10e2,10^2,108,z=[9x12],INT32,GPU,fft_thrust,compatibility/end-to-end,PASS,OK,20,100,88,0.667185,true,7f27c0de7624d5fc01efed5ad73fcc74338e15cca1925c826239a6c2fa9cf762,68d7b6f6f032e2a752b51523f1d82e6a832a523abf5ed018dbc1783252515ff4
1,20260809T151217Z_365e0a0ca281_stage08_b06_formal_8623f006,formal,20260809T151217Z,365e0a0ca281d5d49d8522885de92ccb36d08351,true,stage08_b06_istft_scales_v1,c23ebf8544880fec31b221509b9ff5ff88e219881c7166c254a74660570940f5,operator,istft,NA,NA,istft,istft__istft_int32_10e2__7f27c0de7624d5fc,istft_int32_10e2,10^2,108,z=[9x12],INT32,GPU,fft_thrust,compatibility/end-to-end,PASS,OK,20,100,89,0.662394,true,7f27c0de7624d5fc01efed5ad73fcc74338e15cca1925c826239a6c2fa9cf762,68d7b6f6f032e2a752b51523f1d82e6a832a523abf5ed018dbc1783252515ff4
1,20260809T151217Z_365e0a0ca281_stage08_b06_formal_8623f006,formal,20260809T151217Z,365e0a0ca281d5d49d8522885de92ccb36d08351,true,stage08_b06_istft_scales_v1,c23ebf8544880fec31b221509b9ff5ff88e219881c7166c254a74660570940f5,operator,istft,NA,NA,istft,istft__istft_int32_10e2__7f27c0de7624d5fc,istft_int32_10e2,10^2,108,z=[9x12],INT32,GPU,fft_thrust,compatibility/end-to-end,PASS,OK,20,100,90,0.666765,true,7f27c0de7624d5fc01efed5ad73fcc74338e15cca1925c826239a6c2fa9cf762,68d7b6f6f032e2a752b51523f1d82e6a832a523abf5ed018dbc1783252515ff4
1,20260809T151217Z_365e0a0ca281_stage08_b06_formal_8623f006,formal,20260809T151217Z,365e0a0ca281d5d49d8522885de92ccb36d08351,true,stage08_b06_istft_scales_v1,c23ebf8544880fec31b221509b9ff5ff88e219881c7166c254a74660570940f5,operator,istft,NA,NA,istft,istft__istft_int32_10e2__7f27c0de7624d5fc,istft_int32_10e2,10^2,108,z=[9x12],INT32,GPU,fft_thrust,compatibility/end-to-end,PASS,OK,20,100,91,0.664864,true,7f27c0de7624d5fc01efed5ad73fcc74338e15cca1925c826239a6c2fa9cf762,68d7b6f6f032e2a752b51523f1d82e6a832a523abf5ed018dbc1783252515ff4
1,20260809T151217Z_365e0a0ca281_stage08_b06_formal_8623f006,formal,20260809T151217Z,365e0a0ca281d5d49d8522885de92ccb36d08351,true,stage08_b06_istft_scales_v1,c23ebf8544880fec31b221509b9ff5ff88e219881c7166c254a74660570940f5,operator,istft,NA,NA,istft,istft__istft_int32_10e2__7f27c0de7624d5fc,istft_int32_10e2,10^2,108,z=[9x12],INT32,GPU,fft_thrust,compatibility/end-to-end,PASS,OK,20,100,92,0.661585,true,7f27c0de7624d5fc01efed5ad73fcc74338e15cca1925c826239a6c2fa9cf762,68d7b6f6f032e2a752b51523f1d82e6a832a523abf5ed018dbc1783252515ff4
1,20260809T151217Z_365e0a0ca281_stage08_b06_formal_8623f006,formal,20260809T151217Z,365e0a0ca281d5d49d8522885de92ccb36d08351,true,stage08_b06_istft_scales_v1,c23ebf8544880fec31b221509b9ff5ff88e219881c7166c254a74660570940f5,operator,istft,NA,NA,istft,istft__istft_int32_10e2__7f27c0de7624d5fc,istft_int32_10e2,10^2,108,z=[9x12],INT32,GPU,fft_thrust,compatibility/end-to-end,PASS,OK,20,100,93,0.726805,true,7f27c0de7624d5fc01efed5ad73fcc74338e15cca1925c826239a6c2fa9cf762,68d7b6f6f032e2a752b51523f1d82e6a832a523abf5ed018dbc1783252515ff4
1,20260809T151217Z_365e0a0ca281_stage08_b06_formal_8623f006,formal,20260809T151217Z,365e0a0ca281d5d49d8522885de92ccb36d08351,true,stage08_b06_istft_scales_v1,c23ebf8544880fec31b221509b9ff5ff88e219881c7166c254a74660570940f5,operator,istft,NA,NA,istft,istft__istft_int32_10e2__7f27c0de7624d5fc,istft_int32_10e2,10^2,108,z=[9x12],INT32,GPU,fft_thrust,compatibility/end-to-end,PASS,OK,20,100,94,0.737285,true,7f27c0de7624d5fc01efed5ad73fcc74338e15cca1925c826239a6c2fa9cf762,68d7b6f6f032e2a752b51523f1d82e6a832a523abf5ed018dbc1783252515ff4
1,20260809T151217Z_365e0a0ca281_stage08_b06_formal_8623f006,formal,20260809T151217Z,365e0a0ca281d5d49d8522885de92ccb36d08351,true,stage08_b06_istft_scales_v1,c23ebf8544880fec31b221509b9ff5ff88e219881c7166c254a74660570940f5,operator,istft,NA,NA,istft,istft__istft_int32_10e2__7f27c0de7624d5fc,istft_int32_10e2,10^2,108,z=[9x12],INT32,GPU,fft_thrust,compatibility/end-to-end,PASS,OK,20,100,95,0.675624,true,7f27c0de7624d5fc01efed5ad73fcc74338e15cca1925c826239a6c2fa9cf762,68d7b6f6f032e2a752b51523f1d82e6a832a523abf5ed018dbc1783252515ff4
1,20260809T151217Z_365e0a0ca281_stage08_b06_formal_8623f006,formal,20260809T151217Z,365e0a0ca281d5d49d8522885de92ccb36d08351,true,stage08_b06_istft_scales_v1,c23ebf8544880fec31b221509b9ff5ff88e219881c7166c254a74660570940f5,operator,istft,NA,NA,istft,istft__istft_int32_10e2__7f27c0de7624d5fc,istft_int32_10e2,10^2,108,z=[9x12],INT32,GPU,fft_thrust,compatibility/end-to-end,PASS,OK,20,100,96,0.670355,true,7f27c0de7624d5fc01efed5ad73fcc74338e15cca1925c826239a6c2fa9cf762,68d7b6f6f032e2a752b51523f1d82e6a832a523abf5ed018dbc1783252515ff4
1,20260809T151217Z_365e0a0ca281_stage08_b06_formal_8623f006,formal,20260809T151217Z,365e0a0ca281d5d49d8522885de92ccb36d08351,true,stage08_b06_istft_scales_v1,c23ebf8544880fec31b221509b9ff5ff88e219881c7166c254a74660570940f5,operator,istft,NA,NA,istft,istft__istft_int32_10e2__7f27c0de7624d5fc,istft_int32_10e2,10^2,108,z=[9x12],INT32,GPU,fft_thrust,compatibility/end-to-end,PASS,OK,20,100,97,0.672125,true,7f27c0de7624d5fc01efed5ad73fcc74338e15cca1925c826239a6c2fa9cf762,68d7b6f6f032e2a752b51523f1d82e6a832a523abf5ed018dbc1783252515ff4
1,20260809T151217Z_365e0a0ca281_stage08_b06_formal_8623f006,formal,20260809T151217Z,365e0a0ca281d5d49d8522885de92ccb36d08351,true,stage08_b06_istft_scales_v1,c23ebf8544880fec31b221509b9ff5ff88e219881c7166c254a74660570940f5,operator,istft,NA,NA,istft,istft__istft_int32_10e2__7f27c0de7624d5fc,istft_int32_10e2,10^2,108,z=[9x12],INT32,GPU,fft_thrust,compatibility/end-to-end,PASS,OK,20,100,98,0.676174,true,7f27c0de7624d5fc01efed5ad73fcc74338e15cca1925c826239a6c2fa9cf762,68d7b6f6f032e2a752b51523f1d82e6a832a523abf5ed018dbc1783252515ff4
1,20260809T151217Z_365e0a0ca281_stage08_b06_formal_8623f006,formal,20260809T151217Z,365e0a0ca281d5d49d8522885de92ccb36d08351,true,stage08_b06_istft_scales_v1,c23ebf8544880fec31b221509b9ff5ff88e219881c7166c254a74660570940f5,operator,istft,NA,NA,istft,istft__istft_int32_10e2__7f27c0de7624d5fc,istft_int32_10e2,10^2,108,z=[9x12],INT32,GPU,fft_thrust,compatibility/end-to-end,PASS,OK,20,100,99,0.691855,true,7f27c0de7624d5fc01efed5ad73fcc74338e15cca1925c826239a6c2fa9cf762,68d7b6f6f032e2a752b51523f1d82e6a832a523abf5ed018dbc1783252515ff4
