schema_version,run_id,run_type,test_time_utc,git_commit,git_dirty,config_id,config_sha256,target_kind,target,task_name,step_name,operator_name,case_id,scale_id,order_of_magnitude,actual_elements,input_shape,dtype,device,backend,timing_scope,status,error_code,warmup_runs,measured_runs,sample_index,latency_ms,synchronized,input_digest,output_digest
1,20260810T032000Z_47ebe13410d3_stage08_b01_formal_88120019,formal,20260810T032000Z,47ebe13410d3a97ff7b922a5622a21bff244b00a,true,stage08_b01_general_gaussian_scales_v1,5d6f2dd75b763122028b82c7fc144e476d8fa07150cda991f6306e7007f350ee,operator,general_gaussian,NA,NA,general_gaussian,general_gaussian__general_gaussian_int8_10e2__4794fd005d76b8b0__periodic,general_gaussian_int8_10e2,10^2,100,window_positions=[100],INT8,CPU,not_applicable,compatibility/end-to-end,PASS,OK,20,100,0,0.0053499999999999997,true,4794fd005d76b8b0fa93cccdc324617c9d08c54f085b600a28cd455bd8184583,2997c81a3e0a1e8c9418503e1868053dd91a031aed592c87dbfd7e576b575e05
1,20260810T032000Z_47ebe13410d3_stage08_b01_formal_88120019,formal,20260810T032000Z,47ebe13410d3a97ff7b922a5622a21bff244b00a,true,stage08_b01_general_gaussian_scales_v1,5d6f2dd75b763122028b82c7fc144e476d8fa07150cda991f6306e7007f350ee,operator,general_gaussian,NA,NA,general_gaussian,general_gaussian__general_gaussian_int8_10e2__4794fd005d76b8b0__periodic,general_gaussian_int8_10e2,10^2,100,window_positions=[100],INT8,CPU,not_applicable,compatibility/end-to-end,PASS,OK,20,100,1,0.00513,true,4794fd005d76b8b0fa93cccdc324617c9d08c54f085b600a28cd455bd8184583,2997c81a3e0a1e8c9418503e1868053dd91a031aed592c87dbfd7e576b575e05
1,20260810T032000Z_47ebe13410d3_stage08_b01_formal_88120019,formal,20260810T032000Z,47ebe13410d3a97ff7b922a5622a21bff244b00a,true,stage08_b01_general_gaussian_scales_v1,5d6f2dd75b763122028b82c7fc144e476d8fa07150cda991f6306e7007f350ee,operator,general_gaussian,NA,NA,general_gaussian,general_gaussian__general_gaussian_int8_10e2__4794fd005d76b8b0__periodic,general_gaussian_int8_10e2,10^2,100,window_positions=[100],INT8,CPU,not_applicable,compatibility/end-to-end,PASS,OK,20,100,2,0.0051000000000000004,true,4794fd005d76b8b0fa93cccdc324617c9d08c54f085b600a28cd455bd8184583,2997c81a3e0a1e8c9418503e1868053dd91a031aed592c87dbfd7e576b575e05
1,20260810T032000Z_47ebe13410d3_stage08_b01_formal_88120019,formal,20260810T032000Z,47ebe13410d3a97ff7b922a5622a21bff244b00a,true,stage08_b01_general_gaussian_scales_v1,5d6f2dd75b763122028b82c7fc144e476d8fa07150cda991f6306e7007f350ee,operator,general_gaussian,NA,NA,general_gaussian,general_gaussian__general_gaussian_int8_10e2__4794fd005d76b8b0__periodic,general_gaussian_int8_10e2,10^2,100,window_positions=[100],INT8,CPU,not_applicable,compatibility/end-to-end,PASS,OK,20,100,3,0.0050800000000000003,true,4794fd005d76b8b0fa93cccdc324617c9d08c54f085b600a28cd455bd8184583,2997c81a3e0a1e8c9418503e1868053dd91a031aed592c87dbfd7e576b575e05
1,20260810T032000Z_47ebe13410d3_stage08_b01_formal_88120019,formal,20260810T032000Z,47ebe13410d3a97ff7b922a5622a21bff244b00a,true,stage08_b01_general_gaussian_scales_v1,5d6f2dd75b763122028b82c7fc144e476d8fa07150cda991f6306e7007f350ee,operator,general_gaussian,NA,NA,general_gaussian,general_gaussian__general_gaussian_int8_10e2__4794fd005d76b8b0__periodic,general_gaussian_int8_10e2,10^2,100,window_positions=[100],INT8,CPU,not_applicable,compatibility/end-to-end,PASS,OK,20,100,4,0.0050600000000000003,true,4794fd005d76b8b0fa93cccdc324617c9d08c54f085b600a28cd455bd8184583,2997c81a3e0a1e8c9418503e1868053dd91a031aed592c87dbfd7e576b575e05
1,20260810T032000Z_47ebe13410d3_stage08_b01_formal_88120019,formal,20260810T032000Z,47ebe13410d3a97ff7b922a5622a21bff244b00a,true,stage08_b01_general_gaussian_scales_v1,5d6f2dd75b763122028b82c7fc144e476d8fa07150cda991f6306e7007f350ee,operator,general_gaussian,NA,NA,general_gaussian,general_gaussian__general_gaussian_int8_10e2__4794fd005d76b8b0__periodic,general_gaussian_int8_10e2,10^2,100,window_positions=[100],INT8,CPU,not_applicable,compatibility/end-to-end,PASS,OK,20,100,5,0.0050800000000000003,true,4794fd005d76b8b0fa93cccdc324617c9d08c54f085b600a28cd455bd8184583,2997c81a3e0a1e8c9418503e1868053dd91a031aed592c87dbfd7e576b575e05
1,20260810T032000Z_47ebe13410d3_stage08_b01_formal_88120019,formal,20260810T032000Z,47ebe13410d3a97ff7b922a5622a21bff244b00a,true,stage08_b01_general_gaussian_scales_v1,5d6f2dd75b763122028b82c7fc144e476d8fa07150cda991f6306e7007f350ee,operator,general_gaussian,NA,NA,general_gaussian,general_gaussian__general_gaussian_int8_10e2__4794fd005d76b8b0__periodic,general_gaussian_int8_10e2,10^2,100,window_positions=[100],INT8,CPU,not_applicable,compatibility/end-to-end,PASS,OK,20,100,6,0.0050800000000000003,true,4794fd005d76b8b0fa93cccdc324617c9d08c54f085b600a28cd455bd8184583,2997c81a3e0a1e8c9418503e1868053dd91a031aed592c87dbfd7e576b575e05
1,20260810T032000Z_47ebe13410d3_stage08_b01_formal_88120019,formal,20260810T032000Z,47ebe13410d3a97ff7b922a5622a21bff244b00a,true,stage08_b01_general_gaussian_scales_v1,5d6f2dd75b763122028b82c7fc144e476d8fa07150cda991f6306e7007f350ee,operator,general_gaussian,NA,NA,general_gaussian,general_gaussian__general_gaussian_int8_10e2__4794fd005d76b8b0__periodic,general_gaussian_int8_10e2,10^2,100,window_positions=[100],INT8,CPU,not_applicable,compatibility/end-to-end,PASS,OK,20,100,7,0.0050800000000000003,true,4794fd005d76b8b0fa93cccdc324617c9d08c54f085b600a28cd455bd8184583,2997c81a3e0a1e8c9418503e1868053dd91a031aed592c87dbfd7e576b575e05
1,20260810T032000Z_47ebe13410d3_stage08_b01_formal_88120019,formal,20260810T032000Z,47ebe13410d3a97ff7b922a5622a21bff244b00a,true,stage08_b01_general_gaussian_scales_v1,5d6f2dd75b763122028b82c7fc144e476d8fa07150cda991f6306e7007f350ee,operator,general_gaussian,NA,NA,general_gaussian,general_gaussian__general_gaussian_int8_10e2__4794fd005d76b8b0__periodic,general_gaussian_int8_10e2,10^2,100,window_positions=[100],INT8,CPU,not_applicable,compatibility/end-to-end,PASS,OK,20,100,8,0.0050600000000000003,true,4794fd005d76b8b0fa93cccdc324617c9d08c54f085b600a28cd455bd8184583,2997c81a3e0a1e8c9418503e1868053dd91a031aed592c87dbfd7e576b575e05
1,20260810T032000Z_47ebe13410d3_stage08_b01_formal_88120019,formal,20260810T032000Z,47ebe13410d3a97ff7b922a5622a21bff244b00a,true,stage08_b01_general_gaussian_scales_v1,5d6f2dd75b763122028b82c7fc144e476d8fa07150cda991f6306e7007f350ee,operator,general_gaussian,NA,NA,general_gaussian,general_gaussian__general_gaussian_int8_10e2__4794fd005d76b8b0__periodic,general_gaussian_int8_10e2,10^2,100,window_positions=[100],INT8,CPU,not_applicable,compatibility/end-to-end,PASS,OK,20,100,9,0.0050699999999999999,true,4794fd005d76b8b0fa93cccdc324617c9d08c54f085b600a28cd455bd8184583,2997c81a3e0a1e8c9418503e1868053dd91a031aed592c87dbfd7e576b575e05
1,20260810T032000Z_47ebe13410d3_stage08_b01_formal_88120019,formal,20260810T032000Z,47ebe13410d3a97ff7b922a5622a21bff244b00a,true,stage08_b01_general_gaussian_scales_v1,5d6f2dd75b763122028b82c7fc144e476d8fa07150cda991f6306e7007f350ee,operator,general_gaussian,NA,NA,general_gaussian,general_gaussian__general_gaussian_int8_10e2__4794fd005d76b8b0__periodic,general_gaussian_int8_10e2,10^2,100,window_positions=[100],INT8,CPU,not_applicable,compatibility/end-to-end,PASS,OK,20,100,10,0.0050699999999999999,true,4794fd005d76b8b0fa93cccdc324617c9d08c54f085b600a28cd455bd8184583,2997c81a3e0a1e8c9418503e1868053dd91a031aed592c87dbfd7e576b575e05
1,20260810T032000Z_47ebe13410d3_stage08_b01_formal_88120019,formal,20260810T032000Z,47ebe13410d3a97ff7b922a5622a21bff244b00a,true,stage08_b01_general_gaussian_scales_v1,5d6f2dd75b763122028b82c7fc144e476d8fa07150cda991f6306e7007f350ee,operator,general_gaussian,NA,NA,general_gaussian,general_gaussian__general_gaussian_int8_10e2__4794fd005d76b8b0__periodic,general_gaussian_int8_10e2,10^2,100,window_positions=[100],INT8,CPU,not_applicable,compatibility/end-to-end,PASS,OK,20,100,11,0.0050699999999999999,true,4794fd005d76b8b0fa93cccdc324617c9d08c54f085b600a28cd455bd8184583,2997c81a3e0a1e8c9418503e1868053dd91a031aed592c87dbfd7e576b575e05
1,20260810T032000Z_47ebe13410d3_stage08_b01_formal_88120019,formal,20260810T032000Z,47ebe13410d3a97ff7b922a5622a21bff244b00a,true,stage08_b01_general_gaussian_scales_v1,5d6f2dd75b763122028b82c7fc144e476d8fa07150cda991f6306e7007f350ee,operator,general_gaussian,NA,NA,general_gaussian,general_gaussian__general_gaussian_int8_10e2__4794fd005d76b8b0__periodic,general_gaussian_int8_10e2,10^2,100,window_positions=[100],INT8,CPU,not_applicable,compatibility/end-to-end,PASS,OK,20,100,12,0.0050800000000000003,true,4794fd005d76b8b0fa93cccdc324617c9d08c54f085b600a28cd455bd8184583,2997c81a3e0a1e8c9418503e1868053dd91a031aed592c87dbfd7e576b575e05
1,20260810T032000Z_47ebe13410d3_stage08_b01_formal_88120019,formal,20260810T032000Z,47ebe13410d3a97ff7b922a5622a21bff244b00a,true,stage08_b01_general_gaussian_scales_v1,5d6f2dd75b763122028b82c7fc144e476d8fa07150cda991f6306e7007f350ee,operator,general_gaussian,NA,NA,general_gaussian,general_gaussian__general_gaussian_int8_10e2__4794fd005d76b8b0__periodic,general_gaussian_int8_10e2,10^2,100,window_positions=[100],INT8,CPU,not_applicable,compatibility/end-to-end,PASS,OK,20,100,13,0.0050800000000000003,true,4794fd005d76b8b0fa93cccdc324617c9d08c54f085b600a28cd455bd8184583,2997c81a3e0a1e8c9418503e1868053dd91a031aed592c87dbfd7e576b575e05
1,20260810T032000Z_47ebe13410d3_stage08_b01_formal_88120019,formal,20260810T032000Z,47ebe13410d3a97ff7b922a5622a21bff244b00a,true,stage08_b01_general_gaussian_scales_v1,5d6f2dd75b763122028b82c7fc144e476d8fa07150cda991f6306e7007f350ee,operator,general_gaussian,NA,NA,general_gaussian,general_gaussian__general_gaussian_int8_10e2__4794fd005d76b8b0__periodic,general_gaussian_int8_10e2,10^2,100,window_positions=[100],INT8,CPU,not_applicable,compatibility/end-to-end,PASS,OK,20,100,14,0.0050499999999999998,true,4794fd005d76b8b0fa93cccdc324617c9d08c54f085b600a28cd455bd8184583,2997c81a3e0a1e8c9418503e1868053dd91a031aed592c87dbfd7e576b575e05
1,20260810T032000Z_47ebe13410d3_stage08_b01_formal_88120019,formal,20260810T032000Z,47ebe13410d3a97ff7b922a5622a21bff244b00a,true,stage08_b01_general_gaussian_scales_v1,5d6f2dd75b763122028b82c7fc144e476d8fa07150cda991f6306e7007f350ee,operator,general_gaussian,NA,NA,general_gaussian,general_gaussian__general_gaussian_int8_10e2__4794fd005d76b8b0__periodic,general_gaussian_int8_10e2,10^2,100,window_positions=[100],INT8,CPU,not_applicable,compatibility/end-to-end,PASS,OK,20,100,15,0.005071,true,4794fd005d76b8b0fa93cccdc324617c9d08c54f085b600a28cd455bd8184583,2997c81a3e0a1e8c9418503e1868053dd91a031aed592c87dbfd7e576b575e05
1,20260810T032000Z_47ebe13410d3_stage08_b01_formal_88120019,formal,20260810T032000Z,47ebe13410d3a97ff7b922a5622a21bff244b00a,true,stage08_b01_general_gaussian_scales_v1,5d6f2dd75b763122028b82c7fc144e476d8fa07150cda991f6306e7007f350ee,operator,general_gaussian,NA,NA,general_gaussian,general_gaussian__general_gaussian_int8_10e2__4794fd005d76b8b0__periodic,general_gaussian_int8_10e2,10^2,100,window_positions=[100],INT8,CPU,not_applicable,compatibility/end-to-end,PASS,OK,20,100,16,0.0050800000000000003,true,4794fd005d76b8b0fa93cccdc324617c9d08c54f085b600a28cd455bd8184583,2997c81a3e0a1e8c9418503e1868053dd91a031aed592c87dbfd7e576b575e05
1,20260810T032000Z_47ebe13410d3_stage08_b01_formal_88120019,formal,20260810T032000Z,47ebe13410d3a97ff7b922a5622a21bff244b00a,true,stage08_b01_general_gaussian_scales_v1,5d6f2dd75b763122028b82c7fc144e476d8fa07150cda991f6306e7007f350ee,operator,general_gaussian,NA,NA,general_gaussian,general_gaussian__general_gaussian_int8_10e2__4794fd005d76b8b0__periodic,general_gaussian_int8_10e2,10^2,100,window_positions=[100],INT8,CPU,not_applicable,compatibility/end-to-end,PASS,OK,20,100,17,0.0050699999999999999,true,4794fd005d76b8b0fa93cccdc324617c9d08c54f085b600a28cd455bd8184583,2997c81a3e0a1e8c9418503e1868053dd91a031aed592c87dbfd7e576b575e05
1,20260810T032000Z_47ebe13410d3_stage08_b01_formal_88120019,formal,20260810T032000Z,47ebe13410d3a97ff7b922a5622a21bff244b00a,true,stage08_b01_general_gaussian_scales_v1,5d6f2dd75b763122028b82c7fc144e476d8fa07150cda991f6306e7007f350ee,operator,general_gaussian,NA,NA,general_gaussian,general_gaussian__general_gaussian_int8_10e2__4794fd005d76b8b0__periodic,general_gaussian_int8_10e2,10^2,100,window_positions=[100],INT8,CPU,not_applicable,compatibility/end-to-end,PASS,OK,20,100,18,0.0050899999999999999,true,4794fd005d76b8b0fa93cccdc324617c9d08c54f085b600a28cd455bd8184583,2997c81a3e0a1e8c9418503e1868053dd91a031aed592c87dbfd7e576b575e05
1,20260810T032000Z_47ebe13410d3_stage08_b01_formal_88120019,formal,20260810T032000Z,47ebe13410d3a97ff7b922a5622a21bff244b00a,true,stage08_b01_general_gaussian_scales_v1,5d6f2dd75b763122028b82c7fc144e476d8fa07150cda991f6306e7007f350ee,operator,general_gaussian,NA,NA,general_gaussian,general_gaussian__general_gaussian_int8_10e2__4794fd005d76b8b0__periodic,general_gaussian_int8_10e2,10^2,100,window_positions=[100],INT8,CPU,not_applicable,compatibility/end-to-end,PASS,OK,20,100,19,0.0050800000000000003,true,4794fd005d76b8b0fa93cccdc324617c9d08c54f085b600a28cd455bd8184583,2997c81a3e0a1e8c9418503e1868053dd91a031aed592c87dbfd7e576b575e05
1,20260810T032000Z_47ebe13410d3_stage08_b01_formal_88120019,formal,20260810T032000Z,47ebe13410d3a97ff7b922a5622a21bff244b00a,true,stage08_b01_general_gaussian_scales_v1,5d6f2dd75b763122028b82c7fc144e476d8fa07150cda991f6306e7007f350ee,operator,general_gaussian,NA,NA,general_gaussian,general_gaussian__general_gaussian_int8_10e2__4794fd005d76b8b0__periodic,general_gaussian_int8_10e2,10^2,100,window_positions=[100],INT8,CPU,not_applicable,compatibility/end-to-end,PASS,OK,20,100,20,0.0050899999999999999,true,4794fd005d76b8b0fa93cccdc324617c9d08c54f085b600a28cd455bd8184583,2997c81a3e0a1e8c9418503e1868053dd91a031aed592c87dbfd7e576b575e05
1,20260810T032000Z_47ebe13410d3_stage08_b01_formal_88120019,formal,20260810T032000Z,47ebe13410d3a97ff7b922a5622a21bff244b00a,true,stage08_b01_general_gaussian_scales_v1,5d6f2dd75b763122028b82c7fc144e476d8fa07150cda991f6306e7007f350ee,operator,general_gaussian,NA,NA,general_gaussian,general_gaussian__general_gaussian_int8_10e2__4794fd005d76b8b0__periodic,general_gaussian_int8_10e2,10^2,100,window_positions=[100],INT8,CPU,not_applicable,compatibility/end-to-end,PASS,OK,20,100,21,0.0050600000000000003,true,4794fd005d76b8b0fa93cccdc324617c9d08c54f085b600a28cd455bd8184583,2997c81a3e0a1e8c9418503e1868053dd91a031aed592c87dbfd7e576b575e05
1,20260810T032000Z_47ebe13410d3_stage08_b01_formal_88120019,formal,20260810T032000Z,47ebe13410d3a97ff7b922a5622a21bff244b00a,true,stage08_b01_general_gaussian_scales_v1,5d6f2dd75b763122028b82c7fc144e476d8fa07150cda991f6306e7007f350ee,operator,general_gaussian,NA,NA,general_gaussian,general_gaussian__general_gaussian_int8_10e2__4794fd005d76b8b0__periodic,general_gaussian_int8_10e2,10^2,100,window_positions=[100],INT8,CPU,not_applicable,compatibility/end-to-end,PASS,OK,20,100,22,0.0050899999999999999,true,4794fd005d76b8b0fa93cccdc324617c9d08c54f085b600a28cd455bd8184583,2997c81a3e0a1e8c9418503e1868053dd91a031aed592c87dbfd7e576b575e05
1,20260810T032000Z_47ebe13410d3_stage08_b01_formal_88120019,formal,20260810T032000Z,47ebe13410d3a97ff7b922a5622a21bff244b00a,true,stage08_b01_general_gaussian_scales_v1,5d6f2dd75b763122028b82c7fc144e476d8fa07150cda991f6306e7007f350ee,operator,general_gaussian,NA,NA,general_gaussian,general_gaussian__general_gaussian_int8_10e2__4794fd005d76b8b0__periodic,general_gaussian_int8_10e2,10^2,100,window_positions=[100],INT8,CPU,not_applicable,compatibility/end-to-end,PASS,OK,20,100,23,0.0050699999999999999,true,4794fd005d76b8b0fa93cccdc324617c9d08c54f085b600a28cd455bd8184583,2997c81a3e0a1e8c9418503e1868053dd91a031aed592c87dbfd7e576b575e05
1,20260810T032000Z_47ebe13410d3_stage08_b01_formal_88120019,formal,20260810T032000Z,47ebe13410d3a97ff7b922a5622a21bff244b00a,true,stage08_b01_general_gaussian_scales_v1,5d6f2dd75b763122028b82c7fc144e476d8fa07150cda991f6306e7007f350ee,operator,general_gaussian,NA,NA,general_gaussian,general_gaussian__general_gaussian_int8_10e2__4794fd005d76b8b0__periodic,general_gaussian_int8_10e2,10^2,100,window_positions=[100],INT8,CPU,not_applicable,compatibility/end-to-end,PASS,OK,20,100,24,0.0050699999999999999,true,4794fd005d76b8b0fa93cccdc324617c9d08c54f085b600a28cd455bd8184583,2997c81a3e0a1e8c9418503e1868053dd91a031aed592c87dbfd7e576b575e05
1,20260810T032000Z_47ebe13410d3_stage08_b01_formal_88120019,formal,20260810T032000Z,47ebe13410d3a97ff7b922a5622a21bff244b00a,true,stage08_b01_general_gaussian_scales_v1,5d6f2dd75b763122028b82c7fc144e476d8fa07150cda991f6306e7007f350ee,operator,general_gaussian,NA,NA,general_gaussian,general_gaussian__general_gaussian_int8_10e2__4794fd005d76b8b0__periodic,general_gaussian_int8_10e2,10^2,100,window_positions=[100],INT8,CPU,not_applicable,compatibility/end-to-end,PASS,OK,20,100,25,0.0050800000000000003,true,4794fd005d76b8b0fa93cccdc324617c9d08c54f085b600a28cd455bd8184583,2997c81a3e0a1e8c9418503e1868053dd91a031aed592c87dbfd7e576b575e05
1,20260810T032000Z_47ebe13410d3_stage08_b01_formal_88120019,formal,20260810T032000Z,47ebe13410d3a97ff7b922a5622a21bff244b00a,true,stage08_b01_general_gaussian_scales_v1,5d6f2dd75b763122028b82c7fc144e476d8fa07150cda991f6306e7007f350ee,operator,general_gaussian,NA,NA,general_gaussian,general_gaussian__general_gaussian_int8_10e2__4794fd005d76b8b0__periodic,general_gaussian_int8_10e2,10^2,100,window_positions=[100],INT8,CPU,not_applicable,compatibility/end-to-end,PASS,OK,20,100,26,0.0050699999999999999,true,4794fd005d76b8b0fa93cccdc324617c9d08c54f085b600a28cd455bd8184583,2997c81a3e0a1e8c9418503e1868053dd91a031aed592c87dbfd7e576b575e05
1,20260810T032000Z_47ebe13410d3_stage08_b01_formal_88120019,formal,20260810T032000Z,47ebe13410d3a97ff7b922a5622a21bff244b00a,true,stage08_b01_general_gaussian_scales_v1,5d6f2dd75b763122028b82c7fc144e476d8fa07150cda991f6306e7007f350ee,operator,general_gaussian,NA,NA,general_gaussian,general_gaussian__general_gaussian_int8_10e2__4794fd005d76b8b0__periodic,general_gaussian_int8_10e2,10^2,100,window_positions=[100],INT8,CPU,not_applicable,compatibility/end-to-end,PASS,OK,20,100,27,0.0050800000000000003,true,4794fd005d76b8b0fa93cccdc324617c9d08c54f085b600a28cd455bd8184583,2997c81a3e0a1e8c9418503e1868053dd91a031aed592c87dbfd7e576b575e05
1,20260810T032000Z_47ebe13410d3_stage08_b01_formal_88120019,formal,20260810T032000Z,47ebe13410d3a97ff7b922a5622a21bff244b00a,true,stage08_b01_general_gaussian_scales_v1,5d6f2dd75b763122028b82c7fc144e476d8fa07150cda991f6306e7007f350ee,operator,general_gaussian,NA,NA,general_gaussian,general_gaussian__general_gaussian_int8_10e2__4794fd005d76b8b0__periodic,general_gaussian_int8_10e2,10^2,100,window_positions=[100],INT8,CPU,not_applicable,compatibility/end-to-end,PASS,OK,20,100,28,0.0050899999999999999,true,4794fd005d76b8b0fa93cccdc324617c9d08c54f085b600a28cd455bd8184583,2997c81a3e0a1e8c9418503e1868053dd91a031aed592c87dbfd7e576b575e05
1,20260810T032000Z_47ebe13410d3_stage08_b01_formal_88120019,formal,20260810T032000Z,47ebe13410d3a97ff7b922a5622a21bff244b00a,true,stage08_b01_general_gaussian_scales_v1,5d6f2dd75b763122028b82c7fc144e476d8fa07150cda991f6306e7007f350ee,operator,general_gaussian,NA,NA,general_gaussian,general_gaussian__general_gaussian_int8_10e2__4794fd005d76b8b0__periodic,general_gaussian_int8_10e2,10^2,100,window_positions=[100],INT8,CPU,not_applicable,compatibility/end-to-end,PASS,OK,20,100,29,0.0050600000000000003,true,4794fd005d76b8b0fa93cccdc324617c9d08c54f085b600a28cd455bd8184583,2997c81a3e0a1e8c9418503e1868053dd91a031aed592c87dbfd7e576b575e05
1,20260810T032000Z_47ebe13410d3_stage08_b01_formal_88120019,formal,20260810T032000Z,47ebe13410d3a97ff7b922a5622a21bff244b00a,true,stage08_b01_general_gaussian_scales_v1,5d6f2dd75b763122028b82c7fc144e476d8fa07150cda991f6306e7007f350ee,operator,general_gaussian,NA,NA,general_gaussian,general_gaussian__general_gaussian_int8_10e2__4794fd005d76b8b0__periodic,general_gaussian_int8_10e2,10^2,100,window_positions=[100],INT8,CPU,not_applicable,compatibility/end-to-end,PASS,OK,20,100,30,0.0050699999999999999,true,4794fd005d76b8b0fa93cccdc324617c9d08c54f085b600a28cd455bd8184583,2997c81a3e0a1e8c9418503e1868053dd91a031aed592c87dbfd7e576b575e05
1,20260810T032000Z_47ebe13410d3_stage08_b01_formal_88120019,formal,20260810T032000Z,47ebe13410d3a97ff7b922a5622a21bff244b00a,true,stage08_b01_general_gaussian_scales_v1,5d6f2dd75b763122028b82c7fc144e476d8fa07150cda991f6306e7007f350ee,operator,general_gaussian,NA,NA,general_gaussian,general_gaussian__general_gaussian_int8_10e2__4794fd005d76b8b0__periodic,general_gaussian_int8_10e2,10^2,100,window_positions=[100],INT8,CPU,not_applicable,compatibility/end-to-end,PASS,OK,20,100,31,0.0050699999999999999,true,4794fd005d76b8b0fa93cccdc324617c9d08c54f085b600a28cd455bd8184583,2997c81a3e0a1e8c9418503e1868053dd91a031aed592c87dbfd7e576b575e05
1,20260810T032000Z_47ebe13410d3_stage08_b01_formal_88120019,formal,20260810T032000Z,47ebe13410d3a97ff7b922a5622a21bff244b00a,true,stage08_b01_general_gaussian_scales_v1,5d6f2dd75b763122028b82c7fc144e476d8fa07150cda991f6306e7007f350ee,operator,general_gaussian,NA,NA,general_gaussian,general_gaussian__general_gaussian_int8_10e2__4794fd005d76b8b0__periodic,general_gaussian_int8_10e2,10^2,100,window_positions=[100],INT8,CPU,not_applicable,compatibility/end-to-end,PASS,OK,20,100,32,0.0050800000000000003,true,4794fd005d76b8b0fa93cccdc324617c9d08c54f085b600a28cd455bd8184583,2997c81a3e0a1e8c9418503e1868053dd91a031aed592c87dbfd7e576b575e05
1,20260810T032000Z_47ebe13410d3_stage08_b01_formal_88120019,formal,20260810T032000Z,47ebe13410d3a97ff7b922a5622a21bff244b00a,true,stage08_b01_general_gaussian_scales_v1,5d6f2dd75b763122028b82c7fc144e476d8fa07150cda991f6306e7007f350ee,operator,general_gaussian,NA,NA,general_gaussian,general_gaussian__general_gaussian_int8_10e2__4794fd005d76b8b0__periodic,general_gaussian_int8_10e2,10^2,100,window_positions=[100],INT8,CPU,not_applicable,compatibility/end-to-end,PASS,OK,20,100,33,0.0050800000000000003,true,4794fd005d76b8b0fa93cccdc324617c9d08c54f085b600a28cd455bd8184583,2997c81a3e0a1e8c9418503e1868053dd91a031aed592c87dbfd7e576b575e05
1,20260810T032000Z_47ebe13410d3_stage08_b01_formal_88120019,formal,20260810T032000Z,47ebe13410d3a97ff7b922a5622a21bff244b00a,true,stage08_b01_general_gaussian_scales_v1,5d6f2dd75b763122028b82c7fc144e476d8fa07150cda991f6306e7007f350ee,operator,general_gaussian,NA,NA,general_gaussian,general_gaussian__general_gaussian_int8_10e2__4794fd005d76b8b0__periodic,general_gaussian_int8_10e2,10^2,100,window_positions=[100],INT8,CPU,not_applicable,compatibility/end-to-end,PASS,OK,20,100,34,0.0050699999999999999,true,4794fd005d76b8b0fa93cccdc324617c9d08c54f085b600a28cd455bd8184583,2997c81a3e0a1e8c9418503e1868053dd91a031aed592c87dbfd7e576b575e05
1,20260810T032000Z_47ebe13410d3_stage08_b01_formal_88120019,formal,20260810T032000Z,47ebe13410d3a97ff7b922a5622a21bff244b00a,true,stage08_b01_general_gaussian_scales_v1,5d6f2dd75b763122028b82c7fc144e476d8fa07150cda991f6306e7007f350ee,operator,general_gaussian,NA,NA,general_gaussian,general_gaussian__general_gaussian_int8_10e2__4794fd005d76b8b0__periodic,general_gaussian_int8_10e2,10^2,100,window_positions=[100],INT8,CPU,not_applicable,compatibility/end-to-end,PASS,OK,20,100,35,0.0050800000000000003,true,4794fd005d76b8b0fa93cccdc324617c9d08c54f085b600a28cd455bd8184583,2997c81a3e0a1e8c9418503e1868053dd91a031aed592c87dbfd7e576b575e05
1,20260810T032000Z_47ebe13410d3_stage08_b01_formal_88120019,formal,20260810T032000Z,47ebe13410d3a97ff7b922a5622a21bff244b00a,true,stage08_b01_general_gaussian_scales_v1,5d6f2dd75b763122028b82c7fc144e476d8fa07150cda991f6306e7007f350ee,operator,general_gaussian,NA,NA,general_gaussian,general_gaussian__general_gaussian_int8_10e2__4794fd005d76b8b0__periodic,general_gaussian_int8_10e2,10^2,100,window_positions=[100],INT8,CPU,not_applicable,compatibility/end-to-end,PASS,OK,20,100,36,0.0050800000000000003,true,4794fd005d76b8b0fa93cccdc324617c9d08c54f085b600a28cd455bd8184583,2997c81a3e0a1e8c9418503e1868053dd91a031aed592c87dbfd7e576b575e05
1,20260810T032000Z_47ebe13410d3_stage08_b01_formal_88120019,formal,20260810T032000Z,47ebe13410d3a97ff7b922a5622a21bff244b00a,true,stage08_b01_general_gaussian_scales_v1,5d6f2dd75b763122028b82c7fc144e476d8fa07150cda991f6306e7007f350ee,operator,general_gaussian,NA,NA,general_gaussian,general_gaussian__general_gaussian_int8_10e2__4794fd005d76b8b0__periodic,general_gaussian_int8_10e2,10^2,100,window_positions=[100],INT8,CPU,not_applicable,compatibility/end-to-end,PASS,OK,20,100,37,0.0050809999999999996,true,4794fd005d76b8b0fa93cccdc324617c9d08c54f085b600a28cd455bd8184583,2997c81a3e0a1e8c9418503e1868053dd91a031aed592c87dbfd7e576b575e05
1,20260810T032000Z_47ebe13410d3_stage08_b01_formal_88120019,formal,20260810T032000Z,47ebe13410d3a97ff7b922a5622a21bff244b00a,true,stage08_b01_general_gaussian_scales_v1,5d6f2dd75b763122028b82c7fc144e476d8fa07150cda991f6306e7007f350ee,operator,general_gaussian,NA,NA,general_gaussian,general_gaussian__general_gaussian_int8_10e2__4794fd005d76b8b0__periodic,general_gaussian_int8_10e2,10^2,100,window_positions=[100],INT8,CPU,not_applicable,compatibility/end-to-end,PASS,OK,20,100,38,0.0050800000000000003,true,4794fd005d76b8b0fa93cccdc324617c9d08c54f085b600a28cd455bd8184583,2997c81a3e0a1e8c9418503e1868053dd91a031aed592c87dbfd7e576b575e05
1,20260810T032000Z_47ebe13410d3_stage08_b01_formal_88120019,formal,20260810T032000Z,47ebe13410d3a97ff7b922a5622a21bff244b00a,true,stage08_b01_general_gaussian_scales_v1,5d6f2dd75b763122028b82c7fc144e476d8fa07150cda991f6306e7007f350ee,operator,general_gaussian,NA,NA,general_gaussian,general_gaussian__general_gaussian_int8_10e2__4794fd005d76b8b0__periodic,general_gaussian_int8_10e2,10^2,100,window_positions=[100],INT8,CPU,not_applicable,compatibility/end-to-end,PASS,OK,20,100,39,0.0050800000000000003,true,4794fd005d76b8b0fa93cccdc324617c9d08c54f085b600a28cd455bd8184583,2997c81a3e0a1e8c9418503e1868053dd91a031aed592c87dbfd7e576b575e05
1,20260810T032000Z_47ebe13410d3_stage08_b01_formal_88120019,formal,20260810T032000Z,47ebe13410d3a97ff7b922a5622a21bff244b00a,true,stage08_b01_general_gaussian_scales_v1,5d6f2dd75b763122028b82c7fc144e476d8fa07150cda991f6306e7007f350ee,operator,general_gaussian,NA,NA,general_gaussian,general_gaussian__general_gaussian_int8_10e2__4794fd005d76b8b0__periodic,general_gaussian_int8_10e2,10^2,100,window_positions=[100],INT8,CPU,not_applicable,compatibility/end-to-end,PASS,OK,20,100,40,0.0050699999999999999,true,4794fd005d76b8b0fa93cccdc324617c9d08c54f085b600a28cd455bd8184583,2997c81a3e0a1e8c9418503e1868053dd91a031aed592c87dbfd7e576b575e05
1,20260810T032000Z_47ebe13410d3_stage08_b01_formal_88120019,formal,20260810T032000Z,47ebe13410d3a97ff7b922a5622a21bff244b00a,true,stage08_b01_general_gaussian_scales_v1,5d6f2dd75b763122028b82c7fc144e476d8fa07150cda991f6306e7007f350ee,operator,general_gaussian,NA,NA,general_gaussian,general_gaussian__general_gaussian_int8_10e2__4794fd005d76b8b0__periodic,general_gaussian_int8_10e2,10^2,100,window_positions=[100],INT8,CPU,not_applicable,compatibility/end-to-end,PASS,OK,20,100,41,0.0050800000000000003,true,4794fd005d76b8b0fa93cccdc324617c9d08c54f085b600a28cd455bd8184583,2997c81a3e0a1e8c9418503e1868053dd91a031aed592c87dbfd7e576b575e05
1,20260810T032000Z_47ebe13410d3_stage08_b01_formal_88120019,formal,20260810T032000Z,47ebe13410d3a97ff7b922a5622a21bff244b00a,true,stage08_b01_general_gaussian_scales_v1,5d6f2dd75b763122028b82c7fc144e476d8fa07150cda991f6306e7007f350ee,operator,general_gaussian,NA,NA,general_gaussian,general_gaussian__general_gaussian_int8_10e2__4794fd005d76b8b0__periodic,general_gaussian_int8_10e2,10^2,100,window_positions=[100],INT8,CPU,not_applicable,compatibility/end-to-end,PASS,OK,20,100,42,0.0050800000000000003,true,4794fd005d76b8b0fa93cccdc324617c9d08c54f085b600a28cd455bd8184583,2997c81a3e0a1e8c9418503e1868053dd91a031aed592c87dbfd7e576b575e05
1,20260810T032000Z_47ebe13410d3_stage08_b01_formal_88120019,formal,20260810T032000Z,47ebe13410d3a97ff7b922a5622a21bff244b00a,true,stage08_b01_general_gaussian_scales_v1,5d6f2dd75b763122028b82c7fc144e476d8fa07150cda991f6306e7007f350ee,operator,general_gaussian,NA,NA,general_gaussian,general_gaussian__general_gaussian_int8_10e2__4794fd005d76b8b0__periodic,general_gaussian_int8_10e2,10^2,100,window_positions=[100],INT8,CPU,not_applicable,compatibility/end-to-end,PASS,OK,20,100,43,0.0050800000000000003,true,4794fd005d76b8b0fa93cccdc324617c9d08c54f085b600a28cd455bd8184583,2997c81a3e0a1e8c9418503e1868053dd91a031aed592c87dbfd7e576b575e05
1,20260810T032000Z_47ebe13410d3_stage08_b01_formal_88120019,formal,20260810T032000Z,47ebe13410d3a97ff7b922a5622a21bff244b00a,true,stage08_b01_general_gaussian_scales_v1,5d6f2dd75b763122028b82c7fc144e476d8fa07150cda991f6306e7007f350ee,operator,general_gaussian,NA,NA,general_gaussian,general_gaussian__general_gaussian_int8_10e2__4794fd005d76b8b0__periodic,general_gaussian_int8_10e2,10^2,100,window_positions=[100],INT8,CPU,not_applicable,compatibility/end-to-end,PASS,OK,20,100,44,0.0050800000000000003,true,4794fd005d76b8b0fa93cccdc324617c9d08c54f085b600a28cd455bd8184583,2997c81a3e0a1e8c9418503e1868053dd91a031aed592c87dbfd7e576b575e05
1,20260810T032000Z_47ebe13410d3_stage08_b01_formal_88120019,formal,20260810T032000Z,47ebe13410d3a97ff7b922a5622a21bff244b00a,true,stage08_b01_general_gaussian_scales_v1,5d6f2dd75b763122028b82c7fc144e476d8fa07150cda991f6306e7007f350ee,operator,general_gaussian,NA,NA,general_gaussian,general_gaussian__general_gaussian_int8_10e2__4794fd005d76b8b0__periodic,general_gaussian_int8_10e2,10^2,100,window_positions=[100],INT8,CPU,not_applicable,compatibility/end-to-end,PASS,OK,20,100,45,0.0050800000000000003,true,4794fd005d76b8b0fa93cccdc324617c9d08c54f085b600a28cd455bd8184583,2997c81a3e0a1e8c9418503e1868053dd91a031aed592c87dbfd7e576b575e05
1,20260810T032000Z_47ebe13410d3_stage08_b01_formal_88120019,formal,20260810T032000Z,47ebe13410d3a97ff7b922a5622a21bff244b00a,true,stage08_b01_general_gaussian_scales_v1,5d6f2dd75b763122028b82c7fc144e476d8fa07150cda991f6306e7007f350ee,operator,general_gaussian,NA,NA,general_gaussian,general_gaussian__general_gaussian_int8_10e2__4794fd005d76b8b0__periodic,general_gaussian_int8_10e2,10^2,100,window_positions=[100],INT8,CPU,not_applicable,compatibility/end-to-end,PASS,OK,20,100,46,0.0050699999999999999,true,4794fd005d76b8b0fa93cccdc324617c9d08c54f085b600a28cd455bd8184583,2997c81a3e0a1e8c9418503e1868053dd91a031aed592c87dbfd7e576b575e05
1,20260810T032000Z_47ebe13410d3_stage08_b01_formal_88120019,formal,20260810T032000Z,47ebe13410d3a97ff7b922a5622a21bff244b00a,true,stage08_b01_general_gaussian_scales_v1,5d6f2dd75b763122028b82c7fc144e476d8fa07150cda991f6306e7007f350ee,operator,general_gaussian,NA,NA,general_gaussian,general_gaussian__general_gaussian_int8_10e2__4794fd005d76b8b0__periodic,general_gaussian_int8_10e2,10^2,100,window_positions=[100],INT8,CPU,not_applicable,compatibility/end-to-end,PASS,OK,20,100,47,0.0050699999999999999,true,4794fd005d76b8b0fa93cccdc324617c9d08c54f085b600a28cd455bd8184583,2997c81a3e0a1e8c9418503e1868053dd91a031aed592c87dbfd7e576b575e05
1,20260810T032000Z_47ebe13410d3_stage08_b01_formal_88120019,formal,20260810T032000Z,47ebe13410d3a97ff7b922a5622a21bff244b00a,true,stage08_b01_general_gaussian_scales_v1,5d6f2dd75b763122028b82c7fc144e476d8fa07150cda991f6306e7007f350ee,operator,general_gaussian,NA,NA,general_gaussian,general_gaussian__general_gaussian_int8_10e2__4794fd005d76b8b0__periodic,general_gaussian_int8_10e2,10^2,100,window_positions=[100],INT8,CPU,not_applicable,compatibility/end-to-end,PASS,OK,20,100,48,0.0050600000000000003,true,4794fd005d76b8b0fa93cccdc324617c9d08c54f085b600a28cd455bd8184583,2997c81a3e0a1e8c9418503e1868053dd91a031aed592c87dbfd7e576b575e05
1,20260810T032000Z_47ebe13410d3_stage08_b01_formal_88120019,formal,20260810T032000Z,47ebe13410d3a97ff7b922a5622a21bff244b00a,true,stage08_b01_general_gaussian_scales_v1,5d6f2dd75b763122028b82c7fc144e476d8fa07150cda991f6306e7007f350ee,operator,general_gaussian,NA,NA,general_gaussian,general_gaussian__general_gaussian_int8_10e2__4794fd005d76b8b0__periodic,general_gaussian_int8_10e2,10^2,100,window_positions=[100],INT8,CPU,not_applicable,compatibility/end-to-end,PASS,OK,20,100,49,0.0050800000000000003,true,4794fd005d76b8b0fa93cccdc324617c9d08c54f085b600a28cd455bd8184583,2997c81a3e0a1e8c9418503e1868053dd91a031aed592c87dbfd7e576b575e05
1,20260810T032000Z_47ebe13410d3_stage08_b01_formal_88120019,formal,20260810T032000Z,47ebe13410d3a97ff7b922a5622a21bff244b00a,true,stage08_b01_general_gaussian_scales_v1,5d6f2dd75b763122028b82c7fc144e476d8fa07150cda991f6306e7007f350ee,operator,general_gaussian,NA,NA,general_gaussian,general_gaussian__general_gaussian_int8_10e2__4794fd005d76b8b0__periodic,general_gaussian_int8_10e2,10^2,100,window_positions=[100],INT8,CPU,not_applicable,compatibility/end-to-end,PASS,OK,20,100,50,0.0050899999999999999,true,4794fd005d76b8b0fa93cccdc324617c9d08c54f085b600a28cd455bd8184583,2997c81a3e0a1e8c9418503e1868053dd91a031aed592c87dbfd7e576b575e05
1,20260810T032000Z_47ebe13410d3_stage08_b01_formal_88120019,formal,20260810T032000Z,47ebe13410d3a97ff7b922a5622a21bff244b00a,true,stage08_b01_general_gaussian_scales_v1,5d6f2dd75b763122028b82c7fc144e476d8fa07150cda991f6306e7007f350ee,operator,general_gaussian,NA,NA,general_gaussian,general_gaussian__general_gaussian_int8_10e2__4794fd005d76b8b0__periodic,general_gaussian_int8_10e2,10^2,100,window_positions=[100],INT8,CPU,not_applicable,compatibility/end-to-end,PASS,OK,20,100,51,0.0050600000000000003,true,4794fd005d76b8b0fa93cccdc324617c9d08c54f085b600a28cd455bd8184583,2997c81a3e0a1e8c9418503e1868053dd91a031aed592c87dbfd7e576b575e05
1,20260810T032000Z_47ebe13410d3_stage08_b01_formal_88120019,formal,20260810T032000Z,47ebe13410d3a97ff7b922a5622a21bff244b00a,true,stage08_b01_general_gaussian_scales_v1,5d6f2dd75b763122028b82c7fc144e476d8fa07150cda991f6306e7007f350ee,operator,general_gaussian,NA,NA,general_gaussian,general_gaussian__general_gaussian_int8_10e2__4794fd005d76b8b0__periodic,general_gaussian_int8_10e2,10^2,100,window_positions=[100],INT8,CPU,not_applicable,compatibility/end-to-end,PASS,OK,20,100,52,0.0050699999999999999,true,4794fd005d76b8b0fa93cccdc324617c9d08c54f085b600a28cd455bd8184583,2997c81a3e0a1e8c9418503e1868053dd91a031aed592c87dbfd7e576b575e05
1,20260810T032000Z_47ebe13410d3_stage08_b01_formal_88120019,formal,20260810T032000Z,47ebe13410d3a97ff7b922a5622a21bff244b00a,true,stage08_b01_general_gaussian_scales_v1,5d6f2dd75b763122028b82c7fc144e476d8fa07150cda991f6306e7007f350ee,operator,general_gaussian,NA,NA,general_gaussian,general_gaussian__general_gaussian_int8_10e2__4794fd005d76b8b0__periodic,general_gaussian_int8_10e2,10^2,100,window_positions=[100],INT8,CPU,not_applicable,compatibility/end-to-end,PASS,OK,20,100,53,0.0050800000000000003,true,4794fd005d76b8b0fa93cccdc324617c9d08c54f085b600a28cd455bd8184583,2997c81a3e0a1e8c9418503e1868053dd91a031aed592c87dbfd7e576b575e05
1,20260810T032000Z_47ebe13410d3_stage08_b01_formal_88120019,formal,20260810T032000Z,47ebe13410d3a97ff7b922a5622a21bff244b00a,true,stage08_b01_general_gaussian_scales_v1,5d6f2dd75b763122028b82c7fc144e476d8fa07150cda991f6306e7007f350ee,operator,general_gaussian,NA,NA,general_gaussian,general_gaussian__general_gaussian_int8_10e2__4794fd005d76b8b0__periodic,general_gaussian_int8_10e2,10^2,100,window_positions=[100],INT8,CPU,not_applicable,compatibility/end-to-end,PASS,OK,20,100,54,0.0050800000000000003,true,4794fd005d76b8b0fa93cccdc324617c9d08c54f085b600a28cd455bd8184583,2997c81a3e0a1e8c9418503e1868053dd91a031aed592c87dbfd7e576b575e05
1,20260810T032000Z_47ebe13410d3_stage08_b01_formal_88120019,formal,20260810T032000Z,47ebe13410d3a97ff7b922a5622a21bff244b00a,true,stage08_b01_general_gaussian_scales_v1,5d6f2dd75b763122028b82c7fc144e476d8fa07150cda991f6306e7007f350ee,operator,general_gaussian,NA,NA,general_gaussian,general_gaussian__general_gaussian_int8_10e2__4794fd005d76b8b0__periodic,general_gaussian_int8_10e2,10^2,100,window_positions=[100],INT8,CPU,not_applicable,compatibility/end-to-end,PASS,OK,20,100,55,0.0050800000000000003,true,4794fd005d76b8b0fa93cccdc324617c9d08c54f085b600a28cd455bd8184583,2997c81a3e0a1e8c9418503e1868053dd91a031aed592c87dbfd7e576b575e05
1,20260810T032000Z_47ebe13410d3_stage08_b01_formal_88120019,formal,20260810T032000Z,47ebe13410d3a97ff7b922a5622a21bff244b00a,true,stage08_b01_general_gaussian_scales_v1,5d6f2dd75b763122028b82c7fc144e476d8fa07150cda991f6306e7007f350ee,operator,general_gaussian,NA,NA,general_gaussian,general_gaussian__general_gaussian_int8_10e2__4794fd005d76b8b0__periodic,general_gaussian_int8_10e2,10^2,100,window_positions=[100],INT8,CPU,not_applicable,compatibility/end-to-end,PASS,OK,20,100,56,0.0050699999999999999,true,4794fd005d76b8b0fa93cccdc324617c9d08c54f085b600a28cd455bd8184583,2997c81a3e0a1e8c9418503e1868053dd91a031aed592c87dbfd7e576b575e05
1,20260810T032000Z_47ebe13410d3_stage08_b01_formal_88120019,formal,20260810T032000Z,47ebe13410d3a97ff7b922a5622a21bff244b00a,true,stage08_b01_general_gaussian_scales_v1,5d6f2dd75b763122028b82c7fc144e476d8fa07150cda991f6306e7007f350ee,operator,general_gaussian,NA,NA,general_gaussian,general_gaussian__general_gaussian_int8_10e2__4794fd005d76b8b0__periodic,general_gaussian_int8_10e2,10^2,100,window_positions=[100],INT8,CPU,not_applicable,compatibility/end-to-end,PASS,OK,20,100,57,0.0050800000000000003,true,4794fd005d76b8b0fa93cccdc324617c9d08c54f085b600a28cd455bd8184583,2997c81a3e0a1e8c9418503e1868053dd91a031aed592c87dbfd7e576b575e05
1,20260810T032000Z_47ebe13410d3_stage08_b01_formal_88120019,formal,20260810T032000Z,47ebe13410d3a97ff7b922a5622a21bff244b00a,true,stage08_b01_general_gaussian_scales_v1,5d6f2dd75b763122028b82c7fc144e476d8fa07150cda991f6306e7007f350ee,operator,general_gaussian,NA,NA,general_gaussian,general_gaussian__general_gaussian_int8_10e2__4794fd005d76b8b0__periodic,general_gaussian_int8_10e2,10^2,100,window_positions=[100],INT8,CPU,not_applicable,compatibility/end-to-end,PASS,OK,20,100,58,0.0050699999999999999,true,4794fd005d76b8b0fa93cccdc324617c9d08c54f085b600a28cd455bd8184583,2997c81a3e0a1e8c9418503e1868053dd91a031aed592c87dbfd7e576b575e05
1,20260810T032000Z_47ebe13410d3_stage08_b01_formal_88120019,formal,20260810T032000Z,47ebe13410d3a97ff7b922a5622a21bff244b00a,true,stage08_b01_general_gaussian_scales_v1,5d6f2dd75b763122028b82c7fc144e476d8fa07150cda991f6306e7007f350ee,operator,general_gaussian,NA,NA,general_gaussian,general_gaussian__general_gaussian_int8_10e2__4794fd005d76b8b0__periodic,general_gaussian_int8_10e2,10^2,100,window_positions=[100],INT8,CPU,not_applicable,compatibility/end-to-end,PASS,OK,20,100,59,0.0050800000000000003,true,4794fd005d76b8b0fa93cccdc324617c9d08c54f085b600a28cd455bd8184583,2997c81a3e0a1e8c9418503e1868053dd91a031aed592c87dbfd7e576b575e05
1,20260810T032000Z_47ebe13410d3_stage08_b01_formal_88120019,formal,20260810T032000Z,47ebe13410d3a97ff7b922a5622a21bff244b00a,true,stage08_b01_general_gaussian_scales_v1,5d6f2dd75b763122028b82c7fc144e476d8fa07150cda991f6306e7007f350ee,operator,general_gaussian,NA,NA,general_gaussian,general_gaussian__general_gaussian_int8_10e2__4794fd005d76b8b0__periodic,general_gaussian_int8_10e2,10^2,100,window_positions=[100],INT8,CPU,not_applicable,compatibility/end-to-end,PASS,OK,20,100,60,0.0050809999999999996,true,4794fd005d76b8b0fa93cccdc324617c9d08c54f085b600a28cd455bd8184583,2997c81a3e0a1e8c9418503e1868053dd91a031aed592c87dbfd7e576b575e05
1,20260810T032000Z_47ebe13410d3_stage08_b01_formal_88120019,formal,20260810T032000Z,47ebe13410d3a97ff7b922a5622a21bff244b00a,true,stage08_b01_general_gaussian_scales_v1,5d6f2dd75b763122028b82c7fc144e476d8fa07150cda991f6306e7007f350ee,operator,general_gaussian,NA,NA,general_gaussian,general_gaussian__general_gaussian_int8_10e2__4794fd005d76b8b0__periodic,general_gaussian_int8_10e2,10^2,100,window_positions=[100],INT8,CPU,not_applicable,compatibility/end-to-end,PASS,OK,20,100,61,0.0050699999999999999,true,4794fd005d76b8b0fa93cccdc324617c9d08c54f085b600a28cd455bd8184583,2997c81a3e0a1e8c9418503e1868053dd91a031aed592c87dbfd7e576b575e05
1,20260810T032000Z_47ebe13410d3_stage08_b01_formal_88120019,formal,20260810T032000Z,47ebe13410d3a97ff7b922a5622a21bff244b00a,true,stage08_b01_general_gaussian_scales_v1,5d6f2dd75b763122028b82c7fc144e476d8fa07150cda991f6306e7007f350ee,operator,general_gaussian,NA,NA,general_gaussian,general_gaussian__general_gaussian_int8_10e2__4794fd005d76b8b0__periodic,general_gaussian_int8_10e2,10^2,100,window_positions=[100],INT8,CPU,not_applicable,compatibility/end-to-end,PASS,OK,20,100,62,0.0050800000000000003,true,4794fd005d76b8b0fa93cccdc324617c9d08c54f085b600a28cd455bd8184583,2997c81a3e0a1e8c9418503e1868053dd91a031aed592c87dbfd7e576b575e05
1,20260810T032000Z_47ebe13410d3_stage08_b01_formal_88120019,formal,20260810T032000Z,47ebe13410d3a97ff7b922a5622a21bff244b00a,true,stage08_b01_general_gaussian_scales_v1,5d6f2dd75b763122028b82c7fc144e476d8fa07150cda991f6306e7007f350ee,operator,general_gaussian,NA,NA,general_gaussian,general_gaussian__general_gaussian_int8_10e2__4794fd005d76b8b0__periodic,general_gaussian_int8_10e2,10^2,100,window_positions=[100],INT8,CPU,not_applicable,compatibility/end-to-end,PASS,OK,20,100,63,0.0050800000000000003,true,4794fd005d76b8b0fa93cccdc324617c9d08c54f085b600a28cd455bd8184583,2997c81a3e0a1e8c9418503e1868053dd91a031aed592c87dbfd7e576b575e05
1,20260810T032000Z_47ebe13410d3_stage08_b01_formal_88120019,formal,20260810T032000Z,47ebe13410d3a97ff7b922a5622a21bff244b00a,true,stage08_b01_general_gaussian_scales_v1,5d6f2dd75b763122028b82c7fc144e476d8fa07150cda991f6306e7007f350ee,operator,general_gaussian,NA,NA,general_gaussian,general_gaussian__general_gaussian_int8_10e2__4794fd005d76b8b0__periodic,general_gaussian_int8_10e2,10^2,100,window_positions=[100],INT8,CPU,not_applicable,compatibility/end-to-end,PASS,OK,20,100,64,0.0050699999999999999,true,4794fd005d76b8b0fa93cccdc324617c9d08c54f085b600a28cd455bd8184583,2997c81a3e0a1e8c9418503e1868053dd91a031aed592c87dbfd7e576b575e05
1,20260810T032000Z_47ebe13410d3_stage08_b01_formal_88120019,formal,20260810T032000Z,47ebe13410d3a97ff7b922a5622a21bff244b00a,true,stage08_b01_general_gaussian_scales_v1,5d6f2dd75b763122028b82c7fc144e476d8fa07150cda991f6306e7007f350ee,operator,general_gaussian,NA,NA,general_gaussian,general_gaussian__general_gaussian_int8_10e2__4794fd005d76b8b0__periodic,general_gaussian_int8_10e2,10^2,100,window_positions=[100],INT8,CPU,not_applicable,compatibility/end-to-end,PASS,OK,20,100,65,0.0050800000000000003,true,4794fd005d76b8b0fa93cccdc324617c9d08c54f085b600a28cd455bd8184583,2997c81a3e0a1e8c9418503e1868053dd91a031aed592c87dbfd7e576b575e05
1,20260810T032000Z_47ebe13410d3_stage08_b01_formal_88120019,formal,20260810T032000Z,47ebe13410d3a97ff7b922a5622a21bff244b00a,true,stage08_b01_general_gaussian_scales_v1,5d6f2dd75b763122028b82c7fc144e476d8fa07150cda991f6306e7007f350ee,operator,general_gaussian,NA,NA,general_gaussian,general_gaussian__general_gaussian_int8_10e2__4794fd005d76b8b0__periodic,general_gaussian_int8_10e2,10^2,100,window_positions=[100],INT8,CPU,not_applicable,compatibility/end-to-end,PASS,OK,20,100,66,0.0050800000000000003,true,4794fd005d76b8b0fa93cccdc324617c9d08c54f085b600a28cd455bd8184583,2997c81a3e0a1e8c9418503e1868053dd91a031aed592c87dbfd7e576b575e05
1,20260810T032000Z_47ebe13410d3_stage08_b01_formal_88120019,formal,20260810T032000Z,47ebe13410d3a97ff7b922a5622a21bff244b00a,true,stage08_b01_general_gaussian_scales_v1,5d6f2dd75b763122028b82c7fc144e476d8fa07150cda991f6306e7007f350ee,operator,general_gaussian,NA,NA,general_gaussian,general_gaussian__general_gaussian_int8_10e2__4794fd005d76b8b0__periodic,general_gaussian_int8_10e2,10^2,100,window_positions=[100],INT8,CPU,not_applicable,compatibility/end-to-end,PASS,OK,20,100,67,0.0050699999999999999,true,4794fd005d76b8b0fa93cccdc324617c9d08c54f085b600a28cd455bd8184583,2997c81a3e0a1e8c9418503e1868053dd91a031aed592c87dbfd7e576b575e05
1,20260810T032000Z_47ebe13410d3_stage08_b01_formal_88120019,formal,20260810T032000Z,47ebe13410d3a97ff7b922a5622a21bff244b00a,true,stage08_b01_general_gaussian_scales_v1,5d6f2dd75b763122028b82c7fc144e476d8fa07150cda991f6306e7007f350ee,operator,general_gaussian,NA,NA,general_gaussian,general_gaussian__general_gaussian_int8_10e2__4794fd005d76b8b0__periodic,general_gaussian_int8_10e2,10^2,100,window_positions=[100],INT8,CPU,not_applicable,compatibility/end-to-end,PASS,OK,20,100,68,0.0050800000000000003,true,4794fd005d76b8b0fa93cccdc324617c9d08c54f085b600a28cd455bd8184583,2997c81a3e0a1e8c9418503e1868053dd91a031aed592c87dbfd7e576b575e05
1,20260810T032000Z_47ebe13410d3_stage08_b01_formal_88120019,formal,20260810T032000Z,47ebe13410d3a97ff7b922a5622a21bff244b00a,true,stage08_b01_general_gaussian_scales_v1,5d6f2dd75b763122028b82c7fc144e476d8fa07150cda991f6306e7007f350ee,operator,general_gaussian,NA,NA,general_gaussian,general_gaussian__general_gaussian_int8_10e2__4794fd005d76b8b0__periodic,general_gaussian_int8_10e2,10^2,100,window_positions=[100],INT8,CPU,not_applicable,compatibility/end-to-end,PASS,OK,20,100,69,0.0050800000000000003,true,4794fd005d76b8b0fa93cccdc324617c9d08c54f085b600a28cd455bd8184583,2997c81a3e0a1e8c9418503e1868053dd91a031aed592c87dbfd7e576b575e05
1,20260810T032000Z_47ebe13410d3_stage08_b01_formal_88120019,formal,20260810T032000Z,47ebe13410d3a97ff7b922a5622a21bff244b00a,true,stage08_b01_general_gaussian_scales_v1,5d6f2dd75b763122028b82c7fc144e476d8fa07150cda991f6306e7007f350ee,operator,general_gaussian,NA,NA,general_gaussian,general_gaussian__general_gaussian_int8_10e2__4794fd005d76b8b0__periodic,general_gaussian_int8_10e2,10^2,100,window_positions=[100],INT8,CPU,not_applicable,compatibility/end-to-end,PASS,OK,20,100,70,0.0050699999999999999,true,4794fd005d76b8b0fa93cccdc324617c9d08c54f085b600a28cd455bd8184583,2997c81a3e0a1e8c9418503e1868053dd91a031aed592c87dbfd7e576b575e05
1,20260810T032000Z_47ebe13410d3_stage08_b01_formal_88120019,formal,20260810T032000Z,47ebe13410d3a97ff7b922a5622a21bff244b00a,true,stage08_b01_general_gaussian_scales_v1,5d6f2dd75b763122028b82c7fc144e476d8fa07150cda991f6306e7007f350ee,operator,general_gaussian,NA,NA,general_gaussian,general_gaussian__general_gaussian_int8_10e2__4794fd005d76b8b0__periodic,general_gaussian_int8_10e2,10^2,100,window_positions=[100],INT8,CPU,not_applicable,compatibility/end-to-end,PASS,OK,20,100,71,0.0050800000000000003,true,4794fd005d76b8b0fa93cccdc324617c9d08c54f085b600a28cd455bd8184583,2997c81a3e0a1e8c9418503e1868053dd91a031aed592c87dbfd7e576b575e05
1,20260810T032000Z_47ebe13410d3_stage08_b01_formal_88120019,formal,20260810T032000Z,47ebe13410d3a97ff7b922a5622a21bff244b00a,true,stage08_b01_general_gaussian_scales_v1,5d6f2dd75b763122028b82c7fc144e476d8fa07150cda991f6306e7007f350ee,operator,general_gaussian,NA,NA,general_gaussian,general_gaussian__general_gaussian_int8_10e2__4794fd005d76b8b0__periodic,general_gaussian_int8_10e2,10^2,100,window_positions=[100],INT8,CPU,not_applicable,compatibility/end-to-end,PASS,OK,20,100,72,0.0050800000000000003,true,4794fd005d76b8b0fa93cccdc324617c9d08c54f085b600a28cd455bd8184583,2997c81a3e0a1e8c9418503e1868053dd91a031aed592c87dbfd7e576b575e05
1,20260810T032000Z_47ebe13410d3_stage08_b01_formal_88120019,formal,20260810T032000Z,47ebe13410d3a97ff7b922a5622a21bff244b00a,true,stage08_b01_general_gaussian_scales_v1,5d6f2dd75b763122028b82c7fc144e476d8fa07150cda991f6306e7007f350ee,operator,general_gaussian,NA,NA,general_gaussian,general_gaussian__general_gaussian_int8_10e2__4794fd005d76b8b0__periodic,general_gaussian_int8_10e2,10^2,100,window_positions=[100],INT8,CPU,not_applicable,compatibility/end-to-end,PASS,OK,20,100,73,0.0050800000000000003,true,4794fd005d76b8b0fa93cccdc324617c9d08c54f085b600a28cd455bd8184583,2997c81a3e0a1e8c9418503e1868053dd91a031aed592c87dbfd7e576b575e05
1,20260810T032000Z_47ebe13410d3_stage08_b01_formal_88120019,formal,20260810T032000Z,47ebe13410d3a97ff7b922a5622a21bff244b00a,true,stage08_b01_general_gaussian_scales_v1,5d6f2dd75b763122028b82c7fc144e476d8fa07150cda991f6306e7007f350ee,operator,general_gaussian,NA,NA,general_gaussian,general_gaussian__general_gaussian_int8_10e2__4794fd005d76b8b0__periodic,general_gaussian_int8_10e2,10^2,100,window_positions=[100],INT8,CPU,not_applicable,compatibility/end-to-end,PASS,OK,20,100,74,0.0050800000000000003,true,4794fd005d76b8b0fa93cccdc324617c9d08c54f085b600a28cd455bd8184583,2997c81a3e0a1e8c9418503e1868053dd91a031aed592c87dbfd7e576b575e05
1,20260810T032000Z_47ebe13410d3_stage08_b01_formal_88120019,formal,20260810T032000Z,47ebe13410d3a97ff7b922a5622a21bff244b00a,true,stage08_b01_general_gaussian_scales_v1,5d6f2dd75b763122028b82c7fc144e476d8fa07150cda991f6306e7007f350ee,operator,general_gaussian,NA,NA,general_gaussian,general_gaussian__general_gaussian_int8_10e2__4794fd005d76b8b0__periodic,general_gaussian_int8_10e2,10^2,100,window_positions=[100],INT8,CPU,not_applicable,compatibility/end-to-end,PASS,OK,20,100,75,0.0050800000000000003,true,4794fd005d76b8b0fa93cccdc324617c9d08c54f085b600a28cd455bd8184583,2997c81a3e0a1e8c9418503e1868053dd91a031aed592c87dbfd7e576b575e05
1,20260810T032000Z_47ebe13410d3_stage08_b01_formal_88120019,formal,20260810T032000Z,47ebe13410d3a97ff7b922a5622a21bff244b00a,true,stage08_b01_general_gaussian_scales_v1,5d6f2dd75b763122028b82c7fc144e476d8fa07150cda991f6306e7007f350ee,operator,general_gaussian,NA,NA,general_gaussian,general_gaussian__general_gaussian_int8_10e2__4794fd005d76b8b0__periodic,general_gaussian_int8_10e2,10^2,100,window_positions=[100],INT8,CPU,not_applicable,compatibility/end-to-end,PASS,OK,20,100,76,0.0050699999999999999,true,4794fd005d76b8b0fa93cccdc324617c9d08c54f085b600a28cd455bd8184583,2997c81a3e0a1e8c9418503e1868053dd91a031aed592c87dbfd7e576b575e05
1,20260810T032000Z_47ebe13410d3_stage08_b01_formal_88120019,formal,20260810T032000Z,47ebe13410d3a97ff7b922a5622a21bff244b00a,true,stage08_b01_general_gaussian_scales_v1,5d6f2dd75b763122028b82c7fc144e476d8fa07150cda991f6306e7007f350ee,operator,general_gaussian,NA,NA,general_gaussian,general_gaussian__general_gaussian_int8_10e2__4794fd005d76b8b0__periodic,general_gaussian_int8_10e2,10^2,100,window_positions=[100],INT8,CPU,not_applicable,compatibility/end-to-end,PASS,OK,20,100,77,0.0050800000000000003,true,4794fd005d76b8b0fa93cccdc324617c9d08c54f085b600a28cd455bd8184583,2997c81a3e0a1e8c9418503e1868053dd91a031aed592c87dbfd7e576b575e05
1,20260810T032000Z_47ebe13410d3_stage08_b01_formal_88120019,formal,20260810T032000Z,47ebe13410d3a97ff7b922a5622a21bff244b00a,true,stage08_b01_general_gaussian_scales_v1,5d6f2dd75b763122028b82c7fc144e476d8fa07150cda991f6306e7007f350ee,operator,general_gaussian,NA,NA,general_gaussian,general_gaussian__general_gaussian_int8_10e2__4794fd005d76b8b0__periodic,general_gaussian_int8_10e2,10^2,100,window_positions=[100],INT8,CPU,not_applicable,compatibility/end-to-end,PASS,OK,20,100,78,0.0050800000000000003,true,4794fd005d76b8b0fa93cccdc324617c9d08c54f085b600a28cd455bd8184583,2997c81a3e0a1e8c9418503e1868053dd91a031aed592c87dbfd7e576b575e05
1,20260810T032000Z_47ebe13410d3_stage08_b01_formal_88120019,formal,20260810T032000Z,47ebe13410d3a97ff7b922a5622a21bff244b00a,true,stage08_b01_general_gaussian_scales_v1,5d6f2dd75b763122028b82c7fc144e476d8fa07150cda991f6306e7007f350ee,operator,general_gaussian,NA,NA,general_gaussian,general_gaussian__general_gaussian_int8_10e2__4794fd005d76b8b0__periodic,general_gaussian_int8_10e2,10^2,100,window_positions=[100],INT8,CPU,not_applicable,compatibility/end-to-end,PASS,OK,20,100,79,0.0050800000000000003,true,4794fd005d76b8b0fa93cccdc324617c9d08c54f085b600a28cd455bd8184583,2997c81a3e0a1e8c9418503e1868053dd91a031aed592c87dbfd7e576b575e05
1,20260810T032000Z_47ebe13410d3_stage08_b01_formal_88120019,formal,20260810T032000Z,47ebe13410d3a97ff7b922a5622a21bff244b00a,true,stage08_b01_general_gaussian_scales_v1,5d6f2dd75b763122028b82c7fc144e476d8fa07150cda991f6306e7007f350ee,operator,general_gaussian,NA,NA,general_gaussian,general_gaussian__general_gaussian_int8_10e2__4794fd005d76b8b0__periodic,general_gaussian_int8_10e2,10^2,100,window_positions=[100],INT8,CPU,not_applicable,compatibility/end-to-end,PASS,OK,20,100,80,0.0050800000000000003,true,4794fd005d76b8b0fa93cccdc324617c9d08c54f085b600a28cd455bd8184583,2997c81a3e0a1e8c9418503e1868053dd91a031aed592c87dbfd7e576b575e05
1,20260810T032000Z_47ebe13410d3_stage08_b01_formal_88120019,formal,20260810T032000Z,47ebe13410d3a97ff7b922a5622a21bff244b00a,true,stage08_b01_general_gaussian_scales_v1,5d6f2dd75b763122028b82c7fc144e476d8fa07150cda991f6306e7007f350ee,operator,general_gaussian,NA,NA,general_gaussian,general_gaussian__general_gaussian_int8_10e2__4794fd005d76b8b0__periodic,general_gaussian_int8_10e2,10^2,100,window_positions=[100],INT8,CPU,not_applicable,compatibility/end-to-end,PASS,OK,20,100,81,0.0050699999999999999,true,4794fd005d76b8b0fa93cccdc324617c9d08c54f085b600a28cd455bd8184583,2997c81a3e0a1e8c9418503e1868053dd91a031aed592c87dbfd7e576b575e05
1,20260810T032000Z_47ebe13410d3_stage08_b01_formal_88120019,formal,20260810T032000Z,47ebe13410d3a97ff7b922a5622a21bff244b00a,true,stage08_b01_general_gaussian_scales_v1,5d6f2dd75b763122028b82c7fc144e476d8fa07150cda991f6306e7007f350ee,operator,general_gaussian,NA,NA,general_gaussian,general_gaussian__general_gaussian_int8_10e2__4794fd005d76b8b0__periodic,general_gaussian_int8_10e2,10^2,100,window_positions=[100],INT8,CPU,not_applicable,compatibility/end-to-end,PASS,OK,20,100,82,0.0050699999999999999,true,4794fd005d76b8b0fa93cccdc324617c9d08c54f085b600a28cd455bd8184583,2997c81a3e0a1e8c9418503e1868053dd91a031aed592c87dbfd7e576b575e05
1,20260810T032000Z_47ebe13410d3_stage08_b01_formal_88120019,formal,20260810T032000Z,47ebe13410d3a97ff7b922a5622a21bff244b00a,true,stage08_b01_general_gaussian_scales_v1,5d6f2dd75b763122028b82c7fc144e476d8fa07150cda991f6306e7007f350ee,operator,general_gaussian,NA,NA,general_gaussian,general_gaussian__general_gaussian_int8_10e2__4794fd005d76b8b0__periodic,general_gaussian_int8_10e2,10^2,100,window_positions=[100],INT8,CPU,not_applicable,compatibility/end-to-end,PASS,OK,20,100,83,0.005071,true,4794fd005d76b8b0fa93cccdc324617c9d08c54f085b600a28cd455bd8184583,2997c81a3e0a1e8c9418503e1868053dd91a031aed592c87dbfd7e576b575e05
1,20260810T032000Z_47ebe13410d3_stage08_b01_formal_88120019,formal,20260810T032000Z,47ebe13410d3a97ff7b922a5622a21bff244b00a,true,stage08_b01_general_gaussian_scales_v1,5d6f2dd75b763122028b82c7fc144e476d8fa07150cda991f6306e7007f350ee,operator,general_gaussian,NA,NA,general_gaussian,general_gaussian__general_gaussian_int8_10e2__4794fd005d76b8b0__periodic,general_gaussian_int8_10e2,10^2,100,window_positions=[100],INT8,CPU,not_applicable,compatibility/end-to-end,PASS,OK,20,100,84,0.0050600000000000003,true,4794fd005d76b8b0fa93cccdc324617c9d08c54f085b600a28cd455bd8184583,2997c81a3e0a1e8c9418503e1868053dd91a031aed592c87dbfd7e576b575e05
1,20260810T032000Z_47ebe13410d3_stage08_b01_formal_88120019,formal,20260810T032000Z,47ebe13410d3a97ff7b922a5622a21bff244b00a,true,stage08_b01_general_gaussian_scales_v1,5d6f2dd75b763122028b82c7fc144e476d8fa07150cda991f6306e7007f350ee,operator,general_gaussian,NA,NA,general_gaussian,general_gaussian__general_gaussian_int8_10e2__4794fd005d76b8b0__periodic,general_gaussian_int8_10e2,10^2,100,window_positions=[100],INT8,CPU,not_applicable,compatibility/end-to-end,PASS,OK,20,100,85,0.0050800000000000003,true,4794fd005d76b8b0fa93cccdc324617c9d08c54f085b600a28cd455bd8184583,2997c81a3e0a1e8c9418503e1868053dd91a031aed592c87dbfd7e576b575e05
1,20260810T032000Z_47ebe13410d3_stage08_b01_formal_88120019,formal,20260810T032000Z,47ebe13410d3a97ff7b922a5622a21bff244b00a,true,stage08_b01_general_gaussian_scales_v1,5d6f2dd75b763122028b82c7fc144e476d8fa07150cda991f6306e7007f350ee,operator,general_gaussian,NA,NA,general_gaussian,general_gaussian__general_gaussian_int8_10e2__4794fd005d76b8b0__periodic,general_gaussian_int8_10e2,10^2,100,window_positions=[100],INT8,CPU,not_applicable,compatibility/end-to-end,PASS,OK,20,100,86,0.0050899999999999999,true,4794fd005d76b8b0fa93cccdc324617c9d08c54f085b600a28cd455bd8184583,2997c81a3e0a1e8c9418503e1868053dd91a031aed592c87dbfd7e576b575e05
1,20260810T032000Z_47ebe13410d3_stage08_b01_formal_88120019,formal,20260810T032000Z,47ebe13410d3a97ff7b922a5622a21bff244b00a,true,stage08_b01_general_gaussian_scales_v1,5d6f2dd75b763122028b82c7fc144e476d8fa07150cda991f6306e7007f350ee,operator,general_gaussian,NA,NA,general_gaussian,general_gaussian__general_gaussian_int8_10e2__4794fd005d76b8b0__periodic,general_gaussian_int8_10e2,10^2,100,window_positions=[100],INT8,CPU,not_applicable,compatibility/end-to-end,PASS,OK,20,100,87,0.0050600000000000003,true,4794fd005d76b8b0fa93cccdc324617c9d08c54f085b600a28cd455bd8184583,2997c81a3e0a1e8c9418503e1868053dd91a031aed592c87dbfd7e576b575e05
1,20260810T032000Z_47ebe13410d3_stage08_b01_formal_88120019,formal,20260810T032000Z,47ebe13410d3a97ff7b922a5622a21bff244b00a,true,stage08_b01_general_gaussian_scales_v1,5d6f2dd75b763122028b82c7fc144e476d8fa07150cda991f6306e7007f350ee,operator,general_gaussian,NA,NA,general_gaussian,general_gaussian__general_gaussian_int8_10e2__4794fd005d76b8b0__periodic,general_gaussian_int8_10e2,10^2,100,window_positions=[100],INT8,CPU,not_applicable,compatibility/end-to-end,PASS,OK,20,100,88,0.0050699999999999999,true,4794fd005d76b8b0fa93cccdc324617c9d08c54f085b600a28cd455bd8184583,2997c81a3e0a1e8c9418503e1868053dd91a031aed592c87dbfd7e576b575e05
1,20260810T032000Z_47ebe13410d3_stage08_b01_formal_88120019,formal,20260810T032000Z,47ebe13410d3a97ff7b922a5622a21bff244b00a,true,stage08_b01_general_gaussian_scales_v1,5d6f2dd75b763122028b82c7fc144e476d8fa07150cda991f6306e7007f350ee,operator,general_gaussian,NA,NA,general_gaussian,general_gaussian__general_gaussian_int8_10e2__4794fd005d76b8b0__periodic,general_gaussian_int8_10e2,10^2,100,window_positions=[100],INT8,CPU,not_applicable,compatibility/end-to-end,PASS,OK,20,100,89,0.0050800000000000003,true,4794fd005d76b8b0fa93cccdc324617c9d08c54f085b600a28cd455bd8184583,2997c81a3e0a1e8c9418503e1868053dd91a031aed592c87dbfd7e576b575e05
1,20260810T032000Z_47ebe13410d3_stage08_b01_formal_88120019,formal,20260810T032000Z,47ebe13410d3a97ff7b922a5622a21bff244b00a,true,stage08_b01_general_gaussian_scales_v1,5d6f2dd75b763122028b82c7fc144e476d8fa07150cda991f6306e7007f350ee,operator,general_gaussian,NA,NA,general_gaussian,general_gaussian__general_gaussian_int8_10e2__4794fd005d76b8b0__periodic,general_gaussian_int8_10e2,10^2,100,window_positions=[100],INT8,CPU,not_applicable,compatibility/end-to-end,PASS,OK,20,100,90,0.0050800000000000003,true,4794fd005d76b8b0fa93cccdc324617c9d08c54f085b600a28cd455bd8184583,2997c81a3e0a1e8c9418503e1868053dd91a031aed592c87dbfd7e576b575e05
1,20260810T032000Z_47ebe13410d3_stage08_b01_formal_88120019,formal,20260810T032000Z,47ebe13410d3a97ff7b922a5622a21bff244b00a,true,stage08_b01_general_gaussian_scales_v1,5d6f2dd75b763122028b82c7fc144e476d8fa07150cda991f6306e7007f350ee,operator,general_gaussian,NA,NA,general_gaussian,general_gaussian__general_gaussian_int8_10e2__4794fd005d76b8b0__periodic,general_gaussian_int8_10e2,10^2,100,window_positions=[100],INT8,CPU,not_applicable,compatibility/end-to-end,PASS,OK,20,100,91,0.0050699999999999999,true,4794fd005d76b8b0fa93cccdc324617c9d08c54f085b600a28cd455bd8184583,2997c81a3e0a1e8c9418503e1868053dd91a031aed592c87dbfd7e576b575e05
1,20260810T032000Z_47ebe13410d3_stage08_b01_formal_88120019,formal,20260810T032000Z,47ebe13410d3a97ff7b922a5622a21bff244b00a,true,stage08_b01_general_gaussian_scales_v1,5d6f2dd75b763122028b82c7fc144e476d8fa07150cda991f6306e7007f350ee,operator,general_gaussian,NA,NA,general_gaussian,general_gaussian__general_gaussian_int8_10e2__4794fd005d76b8b0__periodic,general_gaussian_int8_10e2,10^2,100,window_positions=[100],INT8,CPU,not_applicable,compatibility/end-to-end,PASS,OK,20,100,92,0.0050699999999999999,true,4794fd005d76b8b0fa93cccdc324617c9d08c54f085b600a28cd455bd8184583,2997c81a3e0a1e8c9418503e1868053dd91a031aed592c87dbfd7e576b575e05
1,20260810T032000Z_47ebe13410d3_stage08_b01_formal_88120019,formal,20260810T032000Z,47ebe13410d3a97ff7b922a5622a21bff244b00a,true,stage08_b01_general_gaussian_scales_v1,5d6f2dd75b763122028b82c7fc144e476d8fa07150cda991f6306e7007f350ee,operator,general_gaussian,NA,NA,general_gaussian,general_gaussian__general_gaussian_int8_10e2__4794fd005d76b8b0__periodic,general_gaussian_int8_10e2,10^2,100,window_positions=[100],INT8,CPU,not_applicable,compatibility/end-to-end,PASS,OK,20,100,93,0.0050800000000000003,true,4794fd005d76b8b0fa93cccdc324617c9d08c54f085b600a28cd455bd8184583,2997c81a3e0a1e8c9418503e1868053dd91a031aed592c87dbfd7e576b575e05
1,20260810T032000Z_47ebe13410d3_stage08_b01_formal_88120019,formal,20260810T032000Z,47ebe13410d3a97ff7b922a5622a21bff244b00a,true,stage08_b01_general_gaussian_scales_v1,5d6f2dd75b763122028b82c7fc144e476d8fa07150cda991f6306e7007f350ee,operator,general_gaussian,NA,NA,general_gaussian,general_gaussian__general_gaussian_int8_10e2__4794fd005d76b8b0__periodic,general_gaussian_int8_10e2,10^2,100,window_positions=[100],INT8,CPU,not_applicable,compatibility/end-to-end,PASS,OK,20,100,94,0.0050699999999999999,true,4794fd005d76b8b0fa93cccdc324617c9d08c54f085b600a28cd455bd8184583,2997c81a3e0a1e8c9418503e1868053dd91a031aed592c87dbfd7e576b575e05
1,20260810T032000Z_47ebe13410d3_stage08_b01_formal_88120019,formal,20260810T032000Z,47ebe13410d3a97ff7b922a5622a21bff244b00a,true,stage08_b01_general_gaussian_scales_v1,5d6f2dd75b763122028b82c7fc144e476d8fa07150cda991f6306e7007f350ee,operator,general_gaussian,NA,NA,general_gaussian,general_gaussian__general_gaussian_int8_10e2__4794fd005d76b8b0__periodic,general_gaussian_int8_10e2,10^2,100,window_positions=[100],INT8,CPU,not_applicable,compatibility/end-to-end,PASS,OK,20,100,95,0.0050800000000000003,true,4794fd005d76b8b0fa93cccdc324617c9d08c54f085b600a28cd455bd8184583,2997c81a3e0a1e8c9418503e1868053dd91a031aed592c87dbfd7e576b575e05
1,20260810T032000Z_47ebe13410d3_stage08_b01_formal_88120019,formal,20260810T032000Z,47ebe13410d3a97ff7b922a5622a21bff244b00a,true,stage08_b01_general_gaussian_scales_v1,5d6f2dd75b763122028b82c7fc144e476d8fa07150cda991f6306e7007f350ee,operator,general_gaussian,NA,NA,general_gaussian,general_gaussian__general_gaussian_int8_10e2__4794fd005d76b8b0__periodic,general_gaussian_int8_10e2,10^2,100,window_positions=[100],INT8,CPU,not_applicable,compatibility/end-to-end,PASS,OK,20,100,96,0.0050800000000000003,true,4794fd005d76b8b0fa93cccdc324617c9d08c54f085b600a28cd455bd8184583,2997c81a3e0a1e8c9418503e1868053dd91a031aed592c87dbfd7e576b575e05
1,20260810T032000Z_47ebe13410d3_stage08_b01_formal_88120019,formal,20260810T032000Z,47ebe13410d3a97ff7b922a5622a21bff244b00a,true,stage08_b01_general_gaussian_scales_v1,5d6f2dd75b763122028b82c7fc144e476d8fa07150cda991f6306e7007f350ee,operator,general_gaussian,NA,NA,general_gaussian,general_gaussian__general_gaussian_int8_10e2__4794fd005d76b8b0__periodic,general_gaussian_int8_10e2,10^2,100,window_positions=[100],INT8,CPU,not_applicable,compatibility/end-to-end,PASS,OK,20,100,97,0.0050699999999999999,true,4794fd005d76b8b0fa93cccdc324617c9d08c54f085b600a28cd455bd8184583,2997c81a3e0a1e8c9418503e1868053dd91a031aed592c87dbfd7e576b575e05
1,20260810T032000Z_47ebe13410d3_stage08_b01_formal_88120019,formal,20260810T032000Z,47ebe13410d3a97ff7b922a5622a21bff244b00a,true,stage08_b01_general_gaussian_scales_v1,5d6f2dd75b763122028b82c7fc144e476d8fa07150cda991f6306e7007f350ee,operator,general_gaussian,NA,NA,general_gaussian,general_gaussian__general_gaussian_int8_10e2__4794fd005d76b8b0__periodic,general_gaussian_int8_10e2,10^2,100,window_positions=[100],INT8,CPU,not_applicable,compatibility/end-to-end,PASS,OK,20,100,98,0.0050800000000000003,true,4794fd005d76b8b0fa93cccdc324617c9d08c54f085b600a28cd455bd8184583,2997c81a3e0a1e8c9418503e1868053dd91a031aed592c87dbfd7e576b575e05
1,20260810T032000Z_47ebe13410d3_stage08_b01_formal_88120019,formal,20260810T032000Z,47ebe13410d3a97ff7b922a5622a21bff244b00a,true,stage08_b01_general_gaussian_scales_v1,5d6f2dd75b763122028b82c7fc144e476d8fa07150cda991f6306e7007f350ee,operator,general_gaussian,NA,NA,general_gaussian,general_gaussian__general_gaussian_int8_10e2__4794fd005d76b8b0__periodic,general_gaussian_int8_10e2,10^2,100,window_positions=[100],INT8,CPU,not_applicable,compatibility/end-to-end,PASS,OK,20,100,99,0.0050800000000000003,true,4794fd005d76b8b0fa93cccdc324617c9d08c54f085b600a28cd455bd8184583,2997c81a3e0a1e8c9418503e1868053dd91a031aed592c87dbfd7e576b575e05
1,20260810T032000Z_47ebe13410d3_stage08_b01_formal_88120019,formal,20260810T032000Z,47ebe13410d3a97ff7b922a5622a21bff244b00a,true,stage08_b01_general_gaussian_scales_v1,5d6f2dd75b763122028b82c7fc144e476d8fa07150cda991f6306e7007f350ee,operator,general_gaussian,NA,NA,general_gaussian,general_gaussian__general_gaussian_int8_10e2__4794fd005d76b8b0__periodic,general_gaussian_int8_10e2,10^2,100,window_positions=[100],INT8,GPU,not_applicable,compatibility/end-to-end,PASS,OK,20,100,0,0.25210199999999999,true,4794fd005d76b8b0fa93cccdc324617c9d08c54f085b600a28cd455bd8184583,6e55321903ffbd894e25ce26e9519c02713f85d1a8d685834eeb508095c43c55
1,20260810T032000Z_47ebe13410d3_stage08_b01_formal_88120019,formal,20260810T032000Z,47ebe13410d3a97ff7b922a5622a21bff244b00a,true,stage08_b01_general_gaussian_scales_v1,5d6f2dd75b763122028b82c7fc144e476d8fa07150cda991f6306e7007f350ee,operator,general_gaussian,NA,NA,general_gaussian,general_gaussian__general_gaussian_int8_10e2__4794fd005d76b8b0__periodic,general_gaussian_int8_10e2,10^2,100,window_positions=[100],INT8,GPU,not_applicable,compatibility/end-to-end,PASS,OK,20,100,1,0.25259300000000001,true,4794fd005d76b8b0fa93cccdc324617c9d08c54f085b600a28cd455bd8184583,6e55321903ffbd894e25ce26e9519c02713f85d1a8d685834eeb508095c43c55
1,20260810T032000Z_47ebe13410d3_stage08_b01_formal_88120019,formal,20260810T032000Z,47ebe13410d3a97ff7b922a5622a21bff244b00a,true,stage08_b01_general_gaussian_scales_v1,5d6f2dd75b763122028b82c7fc144e476d8fa07150cda991f6306e7007f350ee,operator,general_gaussian,NA,NA,general_gaussian,general_gaussian__general_gaussian_int8_10e2__4794fd005d76b8b0__periodic,general_gaussian_int8_10e2,10^2,100,window_positions=[100],INT8,GPU,not_applicable,compatibility/end-to-end,PASS,OK,20,100,2,0.253882,true,4794fd005d76b8b0fa93cccdc324617c9d08c54f085b600a28cd455bd8184583,6e55321903ffbd894e25ce26e9519c02713f85d1a8d685834eeb508095c43c55
1,20260810T032000Z_47ebe13410d3_stage08_b01_formal_88120019,formal,20260810T032000Z,47ebe13410d3a97ff7b922a5622a21bff244b00a,true,stage08_b01_general_gaussian_scales_v1,5d6f2dd75b763122028b82c7fc144e476d8fa07150cda991f6306e7007f350ee,operator,general_gaussian,NA,NA,general_gaussian,general_gaussian__general_gaussian_int8_10e2__4794fd005d76b8b0__periodic,general_gaussian_int8_10e2,10^2,100,window_positions=[100],INT8,GPU,not_applicable,compatibility/end-to-end,PASS,OK,20,100,3,0.250832,true,4794fd005d76b8b0fa93cccdc324617c9d08c54f085b600a28cd455bd8184583,6e55321903ffbd894e25ce26e9519c02713f85d1a8d685834eeb508095c43c55
1,20260810T032000Z_47ebe13410d3_stage08_b01_formal_88120019,formal,20260810T032000Z,47ebe13410d3a97ff7b922a5622a21bff244b00a,true,stage08_b01_general_gaussian_scales_v1,5d6f2dd75b763122028b82c7fc144e476d8fa07150cda991f6306e7007f350ee,operator,general_gaussian,NA,NA,general_gaussian,general_gaussian__general_gaussian_int8_10e2__4794fd005d76b8b0__periodic,general_gaussian_int8_10e2,10^2,100,window_positions=[100],INT8,GPU,not_applicable,compatibility/end-to-end,PASS,OK,20,100,4,0.24047199999999999,true,4794fd005d76b8b0fa93cccdc324617c9d08c54f085b600a28cd455bd8184583,6e55321903ffbd894e25ce26e9519c02713f85d1a8d685834eeb508095c43c55
1,20260810T032000Z_47ebe13410d3_stage08_b01_formal_88120019,formal,20260810T032000Z,47ebe13410d3a97ff7b922a5622a21bff244b00a,true,stage08_b01_general_gaussian_scales_v1,5d6f2dd75b763122028b82c7fc144e476d8fa07150cda991f6306e7007f350ee,operator,general_gaussian,NA,NA,general_gaussian,general_gaussian__general_gaussian_int8_10e2__4794fd005d76b8b0__periodic,general_gaussian_int8_10e2,10^2,100,window_positions=[100],INT8,GPU,not_applicable,compatibility/end-to-end,PASS,OK,20,100,5,0.25115199999999999,true,4794fd005d76b8b0fa93cccdc324617c9d08c54f085b600a28cd455bd8184583,6e55321903ffbd894e25ce26e9519c02713f85d1a8d685834eeb508095c43c55
1,20260810T032000Z_47ebe13410d3_stage08_b01_formal_88120019,formal,20260810T032000Z,47ebe13410d3a97ff7b922a5622a21bff244b00a,true,stage08_b01_general_gaussian_scales_v1,5d6f2dd75b763122028b82c7fc144e476d8fa07150cda991f6306e7007f350ee,operator,general_gaussian,NA,NA,general_gaussian,general_gaussian__general_gaussian_int8_10e2__4794fd005d76b8b0__periodic,general_gaussian_int8_10e2,10^2,100,window_positions=[100],INT8,GPU,not_applicable,compatibility/end-to-end,PASS,OK,20,100,6,0.25110199999999999,true,4794fd005d76b8b0fa93cccdc324617c9d08c54f085b600a28cd455bd8184583,6e55321903ffbd894e25ce26e9519c02713f85d1a8d685834eeb508095c43c55
1,20260810T032000Z_47ebe13410d3_stage08_b01_formal_88120019,formal,20260810T032000Z,47ebe13410d3a97ff7b922a5622a21bff244b00a,true,stage08_b01_general_gaussian_scales_v1,5d6f2dd75b763122028b82c7fc144e476d8fa07150cda991f6306e7007f350ee,operator,general_gaussian,NA,NA,general_gaussian,general_gaussian__general_gaussian_int8_10e2__4794fd005d76b8b0__periodic,general_gaussian_int8_10e2,10^2,100,window_positions=[100],INT8,GPU,not_applicable,compatibility/end-to-end,PASS,OK,20,100,7,0.251133,true,4794fd005d76b8b0fa93cccdc324617c9d08c54f085b600a28cd455bd8184583,6e55321903ffbd894e25ce26e9519c02713f85d1a8d685834eeb508095c43c55
1,20260810T032000Z_47ebe13410d3_stage08_b01_formal_88120019,formal,20260810T032000Z,47ebe13410d3a97ff7b922a5622a21bff244b00a,true,stage08_b01_general_gaussian_scales_v1,5d6f2dd75b763122028b82c7fc144e476d8fa07150cda991f6306e7007f350ee,operator,general_gaussian,NA,NA,general_gaussian,general_gaussian__general_gaussian_int8_10e2__4794fd005d76b8b0__periodic,general_gaussian_int8_10e2,10^2,100,window_positions=[100],INT8,GPU,not_applicable,compatibility/end-to-end,PASS,OK,20,100,8,0.25713200000000003,true,4794fd005d76b8b0fa93cccdc324617c9d08c54f085b600a28cd455bd8184583,6e55321903ffbd894e25ce26e9519c02713f85d1a8d685834eeb508095c43c55
1,20260810T032000Z_47ebe13410d3_stage08_b01_formal_88120019,formal,20260810T032000Z,47ebe13410d3a97ff7b922a5622a21bff244b00a,true,stage08_b01_general_gaussian_scales_v1,5d6f2dd75b763122028b82c7fc144e476d8fa07150cda991f6306e7007f350ee,operator,general_gaussian,NA,NA,general_gaussian,general_gaussian__general_gaussian_int8_10e2__4794fd005d76b8b0__periodic,general_gaussian_int8_10e2,10^2,100,window_positions=[100],INT8,GPU,not_applicable,compatibility/end-to-end,PASS,OK,20,100,9,0.25202200000000002,true,4794fd005d76b8b0fa93cccdc324617c9d08c54f085b600a28cd455bd8184583,6e55321903ffbd894e25ce26e9519c02713f85d1a8d685834eeb508095c43c55
1,20260810T032000Z_47ebe13410d3_stage08_b01_formal_88120019,formal,20260810T032000Z,47ebe13410d3a97ff7b922a5622a21bff244b00a,true,stage08_b01_general_gaussian_scales_v1,5d6f2dd75b763122028b82c7fc144e476d8fa07150cda991f6306e7007f350ee,operator,general_gaussian,NA,NA,general_gaussian,general_gaussian__general_gaussian_int8_10e2__4794fd005d76b8b0__periodic,general_gaussian_int8_10e2,10^2,100,window_positions=[100],INT8,GPU,not_applicable,compatibility/end-to-end,PASS,OK,20,100,10,0.25520199999999998,true,4794fd005d76b8b0fa93cccdc324617c9d08c54f085b600a28cd455bd8184583,6e55321903ffbd894e25ce26e9519c02713f85d1a8d685834eeb508095c43c55
1,20260810T032000Z_47ebe13410d3_stage08_b01_formal_88120019,formal,20260810T032000Z,47ebe13410d3a97ff7b922a5622a21bff244b00a,true,stage08_b01_general_gaussian_scales_v1,5d6f2dd75b763122028b82c7fc144e476d8fa07150cda991f6306e7007f350ee,operator,general_gaussian,NA,NA,general_gaussian,general_gaussian__general_gaussian_int8_10e2__4794fd005d76b8b0__periodic,general_gaussian_int8_10e2,10^2,100,window_positions=[100],INT8,GPU,not_applicable,compatibility/end-to-end,PASS,OK,20,100,11,0.27772200000000002,true,4794fd005d76b8b0fa93cccdc324617c9d08c54f085b600a28cd455bd8184583,6e55321903ffbd894e25ce26e9519c02713f85d1a8d685834eeb508095c43c55
1,20260810T032000Z_47ebe13410d3_stage08_b01_formal_88120019,formal,20260810T032000Z,47ebe13410d3a97ff7b922a5622a21bff244b00a,true,stage08_b01_general_gaussian_scales_v1,5d6f2dd75b763122028b82c7fc144e476d8fa07150cda991f6306e7007f350ee,operator,general_gaussian,NA,NA,general_gaussian,general_gaussian__general_gaussian_int8_10e2__4794fd005d76b8b0__periodic,general_gaussian_int8_10e2,10^2,100,window_positions=[100],INT8,GPU,not_applicable,compatibility/end-to-end,PASS,OK,20,100,12,0.25056299999999998,true,4794fd005d76b8b0fa93cccdc324617c9d08c54f085b600a28cd455bd8184583,6e55321903ffbd894e25ce26e9519c02713f85d1a8d685834eeb508095c43c55
1,20260810T032000Z_47ebe13410d3_stage08_b01_formal_88120019,formal,20260810T032000Z,47ebe13410d3a97ff7b922a5622a21bff244b00a,true,stage08_b01_general_gaussian_scales_v1,5d6f2dd75b763122028b82c7fc144e476d8fa07150cda991f6306e7007f350ee,operator,general_gaussian,NA,NA,general_gaussian,general_gaussian__general_gaussian_int8_10e2__4794fd005d76b8b0__periodic,general_gaussian_int8_10e2,10^2,100,window_positions=[100],INT8,GPU,not_applicable,compatibility/end-to-end,PASS,OK,20,100,13,0.252272,true,4794fd005d76b8b0fa93cccdc324617c9d08c54f085b600a28cd455bd8184583,6e55321903ffbd894e25ce26e9519c02713f85d1a8d685834eeb508095c43c55
1,20260810T032000Z_47ebe13410d3_stage08_b01_formal_88120019,formal,20260810T032000Z,47ebe13410d3a97ff7b922a5622a21bff244b00a,true,stage08_b01_general_gaussian_scales_v1,5d6f2dd75b763122028b82c7fc144e476d8fa07150cda991f6306e7007f350ee,operator,general_gaussian,NA,NA,general_gaussian,general_gaussian__general_gaussian_int8_10e2__4794fd005d76b8b0__periodic,general_gaussian_int8_10e2,10^2,100,window_positions=[100],INT8,GPU,not_applicable,compatibility/end-to-end,PASS,OK,20,100,14,0.24902199999999999,true,4794fd005d76b8b0fa93cccdc324617c9d08c54f085b600a28cd455bd8184583,6e55321903ffbd894e25ce26e9519c02713f85d1a8d685834eeb508095c43c55
1,20260810T032000Z_47ebe13410d3_stage08_b01_formal_88120019,formal,20260810T032000Z,47ebe13410d3a97ff7b922a5622a21bff244b00a,true,stage08_b01_general_gaussian_scales_v1,5d6f2dd75b763122028b82c7fc144e476d8fa07150cda991f6306e7007f350ee,operator,general_gaussian,NA,NA,general_gaussian,general_gaussian__general_gaussian_int8_10e2__4794fd005d76b8b0__periodic,general_gaussian_int8_10e2,10^2,100,window_positions=[100],INT8,GPU,not_applicable,compatibility/end-to-end,PASS,OK,20,100,15,0.25023200000000001,true,4794fd005d76b8b0fa93cccdc324617c9d08c54f085b600a28cd455bd8184583,6e55321903ffbd894e25ce26e9519c02713f85d1a8d685834eeb508095c43c55
1,20260810T032000Z_47ebe13410d3_stage08_b01_formal_88120019,formal,20260810T032000Z,47ebe13410d3a97ff7b922a5622a21bff244b00a,true,stage08_b01_general_gaussian_scales_v1,5d6f2dd75b763122028b82c7fc144e476d8fa07150cda991f6306e7007f350ee,operator,general_gaussian,NA,NA,general_gaussian,general_gaussian__general_gaussian_int8_10e2__4794fd005d76b8b0__periodic,general_gaussian_int8_10e2,10^2,100,window_positions=[100],INT8,GPU,not_applicable,compatibility/end-to-end,PASS,OK,20,100,16,0.252662,true,4794fd005d76b8b0fa93cccdc324617c9d08c54f085b600a28cd455bd8184583,6e55321903ffbd894e25ce26e9519c02713f85d1a8d685834eeb508095c43c55
1,20260810T032000Z_47ebe13410d3_stage08_b01_formal_88120019,formal,20260810T032000Z,47ebe13410d3a97ff7b922a5622a21bff244b00a,true,stage08_b01_general_gaussian_scales_v1,5d6f2dd75b763122028b82c7fc144e476d8fa07150cda991f6306e7007f350ee,operator,general_gaussian,NA,NA,general_gaussian,general_gaussian__general_gaussian_int8_10e2__4794fd005d76b8b0__periodic,general_gaussian_int8_10e2,10^2,100,window_positions=[100],INT8,GPU,not_applicable,compatibility/end-to-end,PASS,OK,20,100,17,0.25385200000000002,true,4794fd005d76b8b0fa93cccdc324617c9d08c54f085b600a28cd455bd8184583,6e55321903ffbd894e25ce26e9519c02713f85d1a8d685834eeb508095c43c55
1,20260810T032000Z_47ebe13410d3_stage08_b01_formal_88120019,formal,20260810T032000Z,47ebe13410d3a97ff7b922a5622a21bff244b00a,true,stage08_b01_general_gaussian_scales_v1,5d6f2dd75b763122028b82c7fc144e476d8fa07150cda991f6306e7007f350ee,operator,general_gaussian,NA,NA,general_gaussian,general_gaussian__general_gaussian_int8_10e2__4794fd005d76b8b0__periodic,general_gaussian_int8_10e2,10^2,100,window_positions=[100],INT8,GPU,not_applicable,compatibility/end-to-end,PASS,OK,20,100,18,0.259882,true,4794fd005d76b8b0fa93cccdc324617c9d08c54f085b600a28cd455bd8184583,6e55321903ffbd894e25ce26e9519c02713f85d1a8d685834eeb508095c43c55
1,20260810T032000Z_47ebe13410d3_stage08_b01_formal_88120019,formal,20260810T032000Z,47ebe13410d3a97ff7b922a5622a21bff244b00a,true,stage08_b01_general_gaussian_scales_v1,5d6f2dd75b763122028b82c7fc144e476d8fa07150cda991f6306e7007f350ee,operator,general_gaussian,NA,NA,general_gaussian,general_gaussian__general_gaussian_int8_10e2__4794fd005d76b8b0__periodic,general_gaussian_int8_10e2,10^2,100,window_positions=[100],INT8,GPU,not_applicable,compatibility/end-to-end,PASS,OK,20,100,19,0.252442,true,4794fd005d76b8b0fa93cccdc324617c9d08c54f085b600a28cd455bd8184583,6e55321903ffbd894e25ce26e9519c02713f85d1a8d685834eeb508095c43c55
1,20260810T032000Z_47ebe13410d3_stage08_b01_formal_88120019,formal,20260810T032000Z,47ebe13410d3a97ff7b922a5622a21bff244b00a,true,stage08_b01_general_gaussian_scales_v1,5d6f2dd75b763122028b82c7fc144e476d8fa07150cda991f6306e7007f350ee,operator,general_gaussian,NA,NA,general_gaussian,general_gaussian__general_gaussian_int8_10e2__4794fd005d76b8b0__periodic,general_gaussian_int8_10e2,10^2,100,window_positions=[100],INT8,GPU,not_applicable,compatibility/end-to-end,PASS,OK,20,100,20,0.23846200000000001,true,4794fd005d76b8b0fa93cccdc324617c9d08c54f085b600a28cd455bd8184583,6e55321903ffbd894e25ce26e9519c02713f85d1a8d685834eeb508095c43c55
1,20260810T032000Z_47ebe13410d3_stage08_b01_formal_88120019,formal,20260810T032000Z,47ebe13410d3a97ff7b922a5622a21bff244b00a,true,stage08_b01_general_gaussian_scales_v1,5d6f2dd75b763122028b82c7fc144e476d8fa07150cda991f6306e7007f350ee,operator,general_gaussian,NA,NA,general_gaussian,general_gaussian__general_gaussian_int8_10e2__4794fd005d76b8b0__periodic,general_gaussian_int8_10e2,10^2,100,window_positions=[100],INT8,GPU,not_applicable,compatibility/end-to-end,PASS,OK,20,100,21,0.24877299999999999,true,4794fd005d76b8b0fa93cccdc324617c9d08c54f085b600a28cd455bd8184583,6e55321903ffbd894e25ce26e9519c02713f85d1a8d685834eeb508095c43c55
1,20260810T032000Z_47ebe13410d3_stage08_b01_formal_88120019,formal,20260810T032000Z,47ebe13410d3a97ff7b922a5622a21bff244b00a,true,stage08_b01_general_gaussian_scales_v1,5d6f2dd75b763122028b82c7fc144e476d8fa07150cda991f6306e7007f350ee,operator,general_gaussian,NA,NA,general_gaussian,general_gaussian__general_gaussian_int8_10e2__4794fd005d76b8b0__periodic,general_gaussian_int8_10e2,10^2,100,window_positions=[100],INT8,GPU,not_applicable,compatibility/end-to-end,PASS,OK,20,100,22,0.249642,true,4794fd005d76b8b0fa93cccdc324617c9d08c54f085b600a28cd455bd8184583,6e55321903ffbd894e25ce26e9519c02713f85d1a8d685834eeb508095c43c55
1,20260810T032000Z_47ebe13410d3_stage08_b01_formal_88120019,formal,20260810T032000Z,47ebe13410d3a97ff7b922a5622a21bff244b00a,true,stage08_b01_general_gaussian_scales_v1,5d6f2dd75b763122028b82c7fc144e476d8fa07150cda991f6306e7007f350ee,operator,general_gaussian,NA,NA,general_gaussian,general_gaussian__general_gaussian_int8_10e2__4794fd005d76b8b0__periodic,general_gaussian_int8_10e2,10^2,100,window_positions=[100],INT8,GPU,not_applicable,compatibility/end-to-end,PASS,OK,20,100,23,0.25021199999999999,true,4794fd005d76b8b0fa93cccdc324617c9d08c54f085b600a28cd455bd8184583,6e55321903ffbd894e25ce26e9519c02713f85d1a8d685834eeb508095c43c55
1,20260810T032000Z_47ebe13410d3_stage08_b01_formal_88120019,formal,20260810T032000Z,47ebe13410d3a97ff7b922a5622a21bff244b00a,true,stage08_b01_general_gaussian_scales_v1,5d6f2dd75b763122028b82c7fc144e476d8fa07150cda991f6306e7007f350ee,operator,general_gaussian,NA,NA,general_gaussian,general_gaussian__general_gaussian_int8_10e2__4794fd005d76b8b0__periodic,general_gaussian_int8_10e2,10^2,100,window_positions=[100],INT8,GPU,not_applicable,compatibility/end-to-end,PASS,OK,20,100,24,0.24090200000000001,true,4794fd005d76b8b0fa93cccdc324617c9d08c54f085b600a28cd455bd8184583,6e55321903ffbd894e25ce26e9519c02713f85d1a8d685834eeb508095c43c55
1,20260810T032000Z_47ebe13410d3_stage08_b01_formal_88120019,formal,20260810T032000Z,47ebe13410d3a97ff7b922a5622a21bff244b00a,true,stage08_b01_general_gaussian_scales_v1,5d6f2dd75b763122028b82c7fc144e476d8fa07150cda991f6306e7007f350ee,operator,general_gaussian,NA,NA,general_gaussian,general_gaussian__general_gaussian_int8_10e2__4794fd005d76b8b0__periodic,general_gaussian_int8_10e2,10^2,100,window_positions=[100],INT8,GPU,not_applicable,compatibility/end-to-end,PASS,OK,20,100,25,0.25430199999999997,true,4794fd005d76b8b0fa93cccdc324617c9d08c54f085b600a28cd455bd8184583,6e55321903ffbd894e25ce26e9519c02713f85d1a8d685834eeb508095c43c55
1,20260810T032000Z_47ebe13410d3_stage08_b01_formal_88120019,formal,20260810T032000Z,47ebe13410d3a97ff7b922a5622a21bff244b00a,true,stage08_b01_general_gaussian_scales_v1,5d6f2dd75b763122028b82c7fc144e476d8fa07150cda991f6306e7007f350ee,operator,general_gaussian,NA,NA,general_gaussian,general_gaussian__general_gaussian_int8_10e2__4794fd005d76b8b0__periodic,general_gaussian_int8_10e2,10^2,100,window_positions=[100],INT8,GPU,not_applicable,compatibility/end-to-end,PASS,OK,20,100,26,0.26829199999999997,true,4794fd005d76b8b0fa93cccdc324617c9d08c54f085b600a28cd455bd8184583,6e55321903ffbd894e25ce26e9519c02713f85d1a8d685834eeb508095c43c55
1,20260810T032000Z_47ebe13410d3_stage08_b01_formal_88120019,formal,20260810T032000Z,47ebe13410d3a97ff7b922a5622a21bff244b00a,true,stage08_b01_general_gaussian_scales_v1,5d6f2dd75b763122028b82c7fc144e476d8fa07150cda991f6306e7007f350ee,operator,general_gaussian,NA,NA,general_gaussian,general_gaussian__general_gaussian_int8_10e2__4794fd005d76b8b0__periodic,general_gaussian_int8_10e2,10^2,100,window_positions=[100],INT8,GPU,not_applicable,compatibility/end-to-end,PASS,OK,20,100,27,0.25642199999999998,true,4794fd005d76b8b0fa93cccdc324617c9d08c54f085b600a28cd455bd8184583,6e55321903ffbd894e25ce26e9519c02713f85d1a8d685834eeb508095c43c55
1,20260810T032000Z_47ebe13410d3_stage08_b01_formal_88120019,formal,20260810T032000Z,47ebe13410d3a97ff7b922a5622a21bff244b00a,true,stage08_b01_general_gaussian_scales_v1,5d6f2dd75b763122028b82c7fc144e476d8fa07150cda991f6306e7007f350ee,operator,general_gaussian,NA,NA,general_gaussian,general_gaussian__general_gaussian_int8_10e2__4794fd005d76b8b0__periodic,general_gaussian_int8_10e2,10^2,100,window_positions=[100],INT8,GPU,not_applicable,compatibility/end-to-end,PASS,OK,20,100,28,0.25588300000000003,true,4794fd005d76b8b0fa93cccdc324617c9d08c54f085b600a28cd455bd8184583,6e55321903ffbd894e25ce26e9519c02713f85d1a8d685834eeb508095c43c55
1,20260810T032000Z_47ebe13410d3_stage08_b01_formal_88120019,formal,20260810T032000Z,47ebe13410d3a97ff7b922a5622a21bff244b00a,true,stage08_b01_general_gaussian_scales_v1,5d6f2dd75b763122028b82c7fc144e476d8fa07150cda991f6306e7007f350ee,operator,general_gaussian,NA,NA,general_gaussian,general_gaussian__general_gaussian_int8_10e2__4794fd005d76b8b0__periodic,general_gaussian_int8_10e2,10^2,100,window_positions=[100],INT8,GPU,not_applicable,compatibility/end-to-end,PASS,OK,20,100,29,0.24704200000000001,true,4794fd005d76b8b0fa93cccdc324617c9d08c54f085b600a28cd455bd8184583,6e55321903ffbd894e25ce26e9519c02713f85d1a8d685834eeb508095c43c55
1,20260810T032000Z_47ebe13410d3_stage08_b01_formal_88120019,formal,20260810T032000Z,47ebe13410d3a97ff7b922a5622a21bff244b00a,true,stage08_b01_general_gaussian_scales_v1,5d6f2dd75b763122028b82c7fc144e476d8fa07150cda991f6306e7007f350ee,operator,general_gaussian,NA,NA,general_gaussian,general_gaussian__general_gaussian_int8_10e2__4794fd005d76b8b0__periodic,general_gaussian_int8_10e2,10^2,100,window_positions=[100],INT8,GPU,not_applicable,compatibility/end-to-end,PASS,OK,20,100,30,0.24008199999999999,true,4794fd005d76b8b0fa93cccdc324617c9d08c54f085b600a28cd455bd8184583,6e55321903ffbd894e25ce26e9519c02713f85d1a8d685834eeb508095c43c55
1,20260810T032000Z_47ebe13410d3_stage08_b01_formal_88120019,formal,20260810T032000Z,47ebe13410d3a97ff7b922a5622a21bff244b00a,true,stage08_b01_general_gaussian_scales_v1,5d6f2dd75b763122028b82c7fc144e476d8fa07150cda991f6306e7007f350ee,operator,general_gaussian,NA,NA,general_gaussian,general_gaussian__general_gaussian_int8_10e2__4794fd005d76b8b0__periodic,general_gaussian_int8_10e2,10^2,100,window_positions=[100],INT8,GPU,not_applicable,compatibility/end-to-end,PASS,OK,20,100,31,0.24713199999999999,true,4794fd005d76b8b0fa93cccdc324617c9d08c54f085b600a28cd455bd8184583,6e55321903ffbd894e25ce26e9519c02713f85d1a8d685834eeb508095c43c55
1,20260810T032000Z_47ebe13410d3_stage08_b01_formal_88120019,formal,20260810T032000Z,47ebe13410d3a97ff7b922a5622a21bff244b00a,true,stage08_b01_general_gaussian_scales_v1,5d6f2dd75b763122028b82c7fc144e476d8fa07150cda991f6306e7007f350ee,operator,general_gaussian,NA,NA,general_gaussian,general_gaussian__general_gaussian_int8_10e2__4794fd005d76b8b0__periodic,general_gaussian_int8_10e2,10^2,100,window_positions=[100],INT8,GPU,not_applicable,compatibility/end-to-end,PASS,OK,20,100,32,0.25235200000000002,true,4794fd005d76b8b0fa93cccdc324617c9d08c54f085b600a28cd455bd8184583,6e55321903ffbd894e25ce26e9519c02713f85d1a8d685834eeb508095c43c55
1,20260810T032000Z_47ebe13410d3_stage08_b01_formal_88120019,formal,20260810T032000Z,47ebe13410d3a97ff7b922a5622a21bff244b00a,true,stage08_b01_general_gaussian_scales_v1,5d6f2dd75b763122028b82c7fc144e476d8fa07150cda991f6306e7007f350ee,operator,general_gaussian,NA,NA,general_gaussian,general_gaussian__general_gaussian_int8_10e2__4794fd005d76b8b0__periodic,general_gaussian_int8_10e2,10^2,100,window_positions=[100],INT8,GPU,not_applicable,compatibility/end-to-end,PASS,OK,20,100,33,0.24841199999999999,true,4794fd005d76b8b0fa93cccdc324617c9d08c54f085b600a28cd455bd8184583,6e55321903ffbd894e25ce26e9519c02713f85d1a8d685834eeb508095c43c55
1,20260810T032000Z_47ebe13410d3_stage08_b01_formal_88120019,formal,20260810T032000Z,47ebe13410d3a97ff7b922a5622a21bff244b00a,true,stage08_b01_general_gaussian_scales_v1,5d6f2dd75b763122028b82c7fc144e476d8fa07150cda991f6306e7007f350ee,operator,general_gaussian,NA,NA,general_gaussian,general_gaussian__general_gaussian_int8_10e2__4794fd005d76b8b0__periodic,general_gaussian_int8_10e2,10^2,100,window_positions=[100],INT8,GPU,not_applicable,compatibility/end-to-end,PASS,OK,20,100,34,0.247332,true,4794fd005d76b8b0fa93cccdc324617c9d08c54f085b600a28cd455bd8184583,6e55321903ffbd894e25ce26e9519c02713f85d1a8d685834eeb508095c43c55
1,20260810T032000Z_47ebe13410d3_stage08_b01_formal_88120019,formal,20260810T032000Z,47ebe13410d3a97ff7b922a5622a21bff244b00a,true,stage08_b01_general_gaussian_scales_v1,5d6f2dd75b763122028b82c7fc144e476d8fa07150cda991f6306e7007f350ee,operator,general_gaussian,NA,NA,general_gaussian,general_gaussian__general_gaussian_int8_10e2__4794fd005d76b8b0__periodic,general_gaussian_int8_10e2,10^2,100,window_positions=[100],INT8,GPU,not_applicable,compatibility/end-to-end,PASS,OK,20,100,35,0.24804200000000001,true,4794fd005d76b8b0fa93cccdc324617c9d08c54f085b600a28cd455bd8184583,6e55321903ffbd894e25ce26e9519c02713f85d1a8d685834eeb508095c43c55
1,20260810T032000Z_47ebe13410d3_stage08_b01_formal_88120019,formal,20260810T032000Z,47ebe13410d3a97ff7b922a5622a21bff244b00a,true,stage08_b01_general_gaussian_scales_v1,5d6f2dd75b763122028b82c7fc144e476d8fa07150cda991f6306e7007f350ee,operator,general_gaussian,NA,NA,general_gaussian,general_gaussian__general_gaussian_int8_10e2__4794fd005d76b8b0__periodic,general_gaussian_int8_10e2,10^2,100,window_positions=[100],INT8,GPU,not_applicable,compatibility/end-to-end,PASS,OK,20,100,36,0.25090299999999999,true,4794fd005d76b8b0fa93cccdc324617c9d08c54f085b600a28cd455bd8184583,6e55321903ffbd894e25ce26e9519c02713f85d1a8d685834eeb508095c43c55
1,20260810T032000Z_47ebe13410d3_stage08_b01_formal_88120019,formal,20260810T032000Z,47ebe13410d3a97ff7b922a5622a21bff244b00a,true,stage08_b01_general_gaussian_scales_v1,5d6f2dd75b763122028b82c7fc144e476d8fa07150cda991f6306e7007f350ee,operator,general_gaussian,NA,NA,general_gaussian,general_gaussian__general_gaussian_int8_10e2__4794fd005d76b8b0__periodic,general_gaussian_int8_10e2,10^2,100,window_positions=[100],INT8,GPU,not_applicable,compatibility/end-to-end,PASS,OK,20,100,37,0.24832199999999999,true,4794fd005d76b8b0fa93cccdc324617c9d08c54f085b600a28cd455bd8184583,6e55321903ffbd894e25ce26e9519c02713f85d1a8d685834eeb508095c43c55
1,20260810T032000Z_47ebe13410d3_stage08_b01_formal_88120019,formal,20260810T032000Z,47ebe13410d3a97ff7b922a5622a21bff244b00a,true,stage08_b01_general_gaussian_scales_v1,5d6f2dd75b763122028b82c7fc144e476d8fa07150cda991f6306e7007f350ee,operator,general_gaussian,NA,NA,general_gaussian,general_gaussian__general_gaussian_int8_10e2__4794fd005d76b8b0__periodic,general_gaussian_int8_10e2,10^2,100,window_positions=[100],INT8,GPU,not_applicable,compatibility/end-to-end,PASS,OK,20,100,38,0.246642,true,4794fd005d76b8b0fa93cccdc324617c9d08c54f085b600a28cd455bd8184583,6e55321903ffbd894e25ce26e9519c02713f85d1a8d685834eeb508095c43c55
1,20260810T032000Z_47ebe13410d3_stage08_b01_formal_88120019,formal,20260810T032000Z,47ebe13410d3a97ff7b922a5622a21bff244b00a,true,stage08_b01_general_gaussian_scales_v1,5d6f2dd75b763122028b82c7fc144e476d8fa07150cda991f6306e7007f350ee,operator,general_gaussian,NA,NA,general_gaussian,general_gaussian__general_gaussian_int8_10e2__4794fd005d76b8b0__periodic,general_gaussian_int8_10e2,10^2,100,window_positions=[100],INT8,GPU,not_applicable,compatibility/end-to-end,PASS,OK,20,100,39,0.247392,true,4794fd005d76b8b0fa93cccdc324617c9d08c54f085b600a28cd455bd8184583,6e55321903ffbd894e25ce26e9519c02713f85d1a8d685834eeb508095c43c55
1,20260810T032000Z_47ebe13410d3_stage08_b01_formal_88120019,formal,20260810T032000Z,47ebe13410d3a97ff7b922a5622a21bff244b00a,true,stage08_b01_general_gaussian_scales_v1,5d6f2dd75b763122028b82c7fc144e476d8fa07150cda991f6306e7007f350ee,operator,general_gaussian,NA,NA,general_gaussian,general_gaussian__general_gaussian_int8_10e2__4794fd005d76b8b0__periodic,general_gaussian_int8_10e2,10^2,100,window_positions=[100],INT8,GPU,not_applicable,compatibility/end-to-end,PASS,OK,20,100,40,0.249222,true,4794fd005d76b8b0fa93cccdc324617c9d08c54f085b600a28cd455bd8184583,6e55321903ffbd894e25ce26e9519c02713f85d1a8d685834eeb508095c43c55
1,20260810T032000Z_47ebe13410d3_stage08_b01_formal_88120019,formal,20260810T032000Z,47ebe13410d3a97ff7b922a5622a21bff244b00a,true,stage08_b01_general_gaussian_scales_v1,5d6f2dd75b763122028b82c7fc144e476d8fa07150cda991f6306e7007f350ee,operator,general_gaussian,NA,NA,general_gaussian,general_gaussian__general_gaussian_int8_10e2__4794fd005d76b8b0__periodic,general_gaussian_int8_10e2,10^2,100,window_positions=[100],INT8,GPU,not_applicable,compatibility/end-to-end,PASS,OK,20,100,41,0.246752,true,4794fd005d76b8b0fa93cccdc324617c9d08c54f085b600a28cd455bd8184583,6e55321903ffbd894e25ce26e9519c02713f85d1a8d685834eeb508095c43c55
1,20260810T032000Z_47ebe13410d3_stage08_b01_formal_88120019,formal,20260810T032000Z,47ebe13410d3a97ff7b922a5622a21bff244b00a,true,stage08_b01_general_gaussian_scales_v1,5d6f2dd75b763122028b82c7fc144e476d8fa07150cda991f6306e7007f350ee,operator,general_gaussian,NA,NA,general_gaussian,general_gaussian__general_gaussian_int8_10e2__4794fd005d76b8b0__periodic,general_gaussian_int8_10e2,10^2,100,window_positions=[100],INT8,GPU,not_applicable,compatibility/end-to-end,PASS,OK,20,100,42,0.25303199999999998,true,4794fd005d76b8b0fa93cccdc324617c9d08c54f085b600a28cd455bd8184583,6e55321903ffbd894e25ce26e9519c02713f85d1a8d685834eeb508095c43c55
1,20260810T032000Z_47ebe13410d3_stage08_b01_formal_88120019,formal,20260810T032000Z,47ebe13410d3a97ff7b922a5622a21bff244b00a,true,stage08_b01_general_gaussian_scales_v1,5d6f2dd75b763122028b82c7fc144e476d8fa07150cda991f6306e7007f350ee,operator,general_gaussian,NA,NA,general_gaussian,general_gaussian__general_gaussian_int8_10e2__4794fd005d76b8b0__periodic,general_gaussian_int8_10e2,10^2,100,window_positions=[100],INT8,GPU,not_applicable,compatibility/end-to-end,PASS,OK,20,100,43,0.25276300000000002,true,4794fd005d76b8b0fa93cccdc324617c9d08c54f085b600a28cd455bd8184583,6e55321903ffbd894e25ce26e9519c02713f85d1a8d685834eeb508095c43c55
1,20260810T032000Z_47ebe13410d3_stage08_b01_formal_88120019,formal,20260810T032000Z,47ebe13410d3a97ff7b922a5622a21bff244b00a,true,stage08_b01_general_gaussian_scales_v1,5d6f2dd75b763122028b82c7fc144e476d8fa07150cda991f6306e7007f350ee,operator,general_gaussian,NA,NA,general_gaussian,general_gaussian__general_gaussian_int8_10e2__4794fd005d76b8b0__periodic,general_gaussian_int8_10e2,10^2,100,window_positions=[100],INT8,GPU,not_applicable,compatibility/end-to-end,PASS,OK,20,100,44,0.247692,true,4794fd005d76b8b0fa93cccdc324617c9d08c54f085b600a28cd455bd8184583,6e55321903ffbd894e25ce26e9519c02713f85d1a8d685834eeb508095c43c55
1,20260810T032000Z_47ebe13410d3_stage08_b01_formal_88120019,formal,20260810T032000Z,47ebe13410d3a97ff7b922a5622a21bff244b00a,true,stage08_b01_general_gaussian_scales_v1,5d6f2dd75b763122028b82c7fc144e476d8fa07150cda991f6306e7007f350ee,operator,general_gaussian,NA,NA,general_gaussian,general_gaussian__general_gaussian_int8_10e2__4794fd005d76b8b0__periodic,general_gaussian_int8_10e2,10^2,100,window_positions=[100],INT8,GPU,not_applicable,compatibility/end-to-end,PASS,OK,20,100,45,0.25370199999999998,true,4794fd005d76b8b0fa93cccdc324617c9d08c54f085b600a28cd455bd8184583,6e55321903ffbd894e25ce26e9519c02713f85d1a8d685834eeb508095c43c55
1,20260810T032000Z_47ebe13410d3_stage08_b01_formal_88120019,formal,20260810T032000Z,47ebe13410d3a97ff7b922a5622a21bff244b00a,true,stage08_b01_general_gaussian_scales_v1,5d6f2dd75b763122028b82c7fc144e476d8fa07150cda991f6306e7007f350ee,operator,general_gaussian,NA,NA,general_gaussian,general_gaussian__general_gaussian_int8_10e2__4794fd005d76b8b0__periodic,general_gaussian_int8_10e2,10^2,100,window_positions=[100],INT8,GPU,not_applicable,compatibility/end-to-end,PASS,OK,20,100,46,0.249692,true,4794fd005d76b8b0fa93cccdc324617c9d08c54f085b600a28cd455bd8184583,6e55321903ffbd894e25ce26e9519c02713f85d1a8d685834eeb508095c43c55
1,20260810T032000Z_47ebe13410d3_stage08_b01_formal_88120019,formal,20260810T032000Z,47ebe13410d3a97ff7b922a5622a21bff244b00a,true,stage08_b01_general_gaussian_scales_v1,5d6f2dd75b763122028b82c7fc144e476d8fa07150cda991f6306e7007f350ee,operator,general_gaussian,NA,NA,general_gaussian,general_gaussian__general_gaussian_int8_10e2__4794fd005d76b8b0__periodic,general_gaussian_int8_10e2,10^2,100,window_positions=[100],INT8,GPU,not_applicable,compatibility/end-to-end,PASS,OK,20,100,47,0.24770200000000001,true,4794fd005d76b8b0fa93cccdc324617c9d08c54f085b600a28cd455bd8184583,6e55321903ffbd894e25ce26e9519c02713f85d1a8d685834eeb508095c43c55
1,20260810T032000Z_47ebe13410d3_stage08_b01_formal_88120019,formal,20260810T032000Z,47ebe13410d3a97ff7b922a5622a21bff244b00a,true,stage08_b01_general_gaussian_scales_v1,5d6f2dd75b763122028b82c7fc144e476d8fa07150cda991f6306e7007f350ee,operator,general_gaussian,NA,NA,general_gaussian,general_gaussian__general_gaussian_int8_10e2__4794fd005d76b8b0__periodic,general_gaussian_int8_10e2,10^2,100,window_positions=[100],INT8,GPU,not_applicable,compatibility/end-to-end,PASS,OK,20,100,48,0.25054199999999999,true,4794fd005d76b8b0fa93cccdc324617c9d08c54f085b600a28cd455bd8184583,6e55321903ffbd894e25ce26e9519c02713f85d1a8d685834eeb508095c43c55
1,20260810T032000Z_47ebe13410d3_stage08_b01_formal_88120019,formal,20260810T032000Z,47ebe13410d3a97ff7b922a5622a21bff244b00a,true,stage08_b01_general_gaussian_scales_v1,5d6f2dd75b763122028b82c7fc144e476d8fa07150cda991f6306e7007f350ee,operator,general_gaussian,NA,NA,general_gaussian,general_gaussian__general_gaussian_int8_10e2__4794fd005d76b8b0__periodic,general_gaussian_int8_10e2,10^2,100,window_positions=[100],INT8,GPU,not_applicable,compatibility/end-to-end,PASS,OK,20,100,49,0.25417200000000001,true,4794fd005d76b8b0fa93cccdc324617c9d08c54f085b600a28cd455bd8184583,6e55321903ffbd894e25ce26e9519c02713f85d1a8d685834eeb508095c43c55
1,20260810T032000Z_47ebe13410d3_stage08_b01_formal_88120019,formal,20260810T032000Z,47ebe13410d3a97ff7b922a5622a21bff244b00a,true,stage08_b01_general_gaussian_scales_v1,5d6f2dd75b763122028b82c7fc144e476d8fa07150cda991f6306e7007f350ee,operator,general_gaussian,NA,NA,general_gaussian,general_gaussian__general_gaussian_int8_10e2__4794fd005d76b8b0__periodic,general_gaussian_int8_10e2,10^2,100,window_positions=[100],INT8,GPU,not_applicable,compatibility/end-to-end,PASS,OK,20,100,50,0.24674199999999999,true,4794fd005d76b8b0fa93cccdc324617c9d08c54f085b600a28cd455bd8184583,6e55321903ffbd894e25ce26e9519c02713f85d1a8d685834eeb508095c43c55
1,20260810T032000Z_47ebe13410d3_stage08_b01_formal_88120019,formal,20260810T032000Z,47ebe13410d3a97ff7b922a5622a21bff244b00a,true,stage08_b01_general_gaussian_scales_v1,5d6f2dd75b763122028b82c7fc144e476d8fa07150cda991f6306e7007f350ee,operator,general_gaussian,NA,NA,general_gaussian,general_gaussian__general_gaussian_int8_10e2__4794fd005d76b8b0__periodic,general_gaussian_int8_10e2,10^2,100,window_positions=[100],INT8,GPU,not_applicable,compatibility/end-to-end,PASS,OK,20,100,51,0.25276199999999999,true,4794fd005d76b8b0fa93cccdc324617c9d08c54f085b600a28cd455bd8184583,6e55321903ffbd894e25ce26e9519c02713f85d1a8d685834eeb508095c43c55
1,20260810T032000Z_47ebe13410d3_stage08_b01_formal_88120019,formal,20260810T032000Z,47ebe13410d3a97ff7b922a5622a21bff244b00a,true,stage08_b01_general_gaussian_scales_v1,5d6f2dd75b763122028b82c7fc144e476d8fa07150cda991f6306e7007f350ee,operator,general_gaussian,NA,NA,general_gaussian,general_gaussian__general_gaussian_int8_10e2__4794fd005d76b8b0__periodic,general_gaussian_int8_10e2,10^2,100,window_positions=[100],INT8,GPU,not_applicable,compatibility/end-to-end,PASS,OK,20,100,52,0.24981300000000001,true,4794fd005d76b8b0fa93cccdc324617c9d08c54f085b600a28cd455bd8184583,6e55321903ffbd894e25ce26e9519c02713f85d1a8d685834eeb508095c43c55
1,20260810T032000Z_47ebe13410d3_stage08_b01_formal_88120019,formal,20260810T032000Z,47ebe13410d3a97ff7b922a5622a21bff244b00a,true,stage08_b01_general_gaussian_scales_v1,5d6f2dd75b763122028b82c7fc144e476d8fa07150cda991f6306e7007f350ee,operator,general_gaussian,NA,NA,general_gaussian,general_gaussian__general_gaussian_int8_10e2__4794fd005d76b8b0__periodic,general_gaussian_int8_10e2,10^2,100,window_positions=[100],INT8,GPU,not_applicable,compatibility/end-to-end,PASS,OK,20,100,53,0.25467200000000001,true,4794fd005d76b8b0fa93cccdc324617c9d08c54f085b600a28cd455bd8184583,6e55321903ffbd894e25ce26e9519c02713f85d1a8d685834eeb508095c43c55
1,20260810T032000Z_47ebe13410d3_stage08_b01_formal_88120019,formal,20260810T032000Z,47ebe13410d3a97ff7b922a5622a21bff244b00a,true,stage08_b01_general_gaussian_scales_v1,5d6f2dd75b763122028b82c7fc144e476d8fa07150cda991f6306e7007f350ee,operator,general_gaussian,NA,NA,general_gaussian,general_gaussian__general_gaussian_int8_10e2__4794fd005d76b8b0__periodic,general_gaussian_int8_10e2,10^2,100,window_positions=[100],INT8,GPU,not_applicable,compatibility/end-to-end,PASS,OK,20,100,54,0.246532,true,4794fd005d76b8b0fa93cccdc324617c9d08c54f085b600a28cd455bd8184583,6e55321903ffbd894e25ce26e9519c02713f85d1a8d685834eeb508095c43c55
1,20260810T032000Z_47ebe13410d3_stage08_b01_formal_88120019,formal,20260810T032000Z,47ebe13410d3a97ff7b922a5622a21bff244b00a,true,stage08_b01_general_gaussian_scales_v1,5d6f2dd75b763122028b82c7fc144e476d8fa07150cda991f6306e7007f350ee,operator,general_gaussian,NA,NA,general_gaussian,general_gaussian__general_gaussian_int8_10e2__4794fd005d76b8b0__periodic,general_gaussian_int8_10e2,10^2,100,window_positions=[100],INT8,GPU,not_applicable,compatibility/end-to-end,PASS,OK,20,100,55,0.247222,true,4794fd005d76b8b0fa93cccdc324617c9d08c54f085b600a28cd455bd8184583,6e55321903ffbd894e25ce26e9519c02713f85d1a8d685834eeb508095c43c55
1,20260810T032000Z_47ebe13410d3_stage08_b01_formal_88120019,formal,20260810T032000Z,47ebe13410d3a97ff7b922a5622a21bff244b00a,true,stage08_b01_general_gaussian_scales_v1,5d6f2dd75b763122028b82c7fc144e476d8fa07150cda991f6306e7007f350ee,operator,general_gaussian,NA,NA,general_gaussian,general_gaussian__general_gaussian_int8_10e2__4794fd005d76b8b0__periodic,general_gaussian_int8_10e2,10^2,100,window_positions=[100],INT8,GPU,not_applicable,compatibility/end-to-end,PASS,OK,20,100,56,0.24555199999999999,true,4794fd005d76b8b0fa93cccdc324617c9d08c54f085b600a28cd455bd8184583,6e55321903ffbd894e25ce26e9519c02713f85d1a8d685834eeb508095c43c55
1,20260810T032000Z_47ebe13410d3_stage08_b01_formal_88120019,formal,20260810T032000Z,47ebe13410d3a97ff7b922a5622a21bff244b00a,true,stage08_b01_general_gaussian_scales_v1,5d6f2dd75b763122028b82c7fc144e476d8fa07150cda991f6306e7007f350ee,operator,general_gaussian,NA,NA,general_gaussian,general_gaussian__general_gaussian_int8_10e2__4794fd005d76b8b0__periodic,general_gaussian_int8_10e2,10^2,100,window_positions=[100],INT8,GPU,not_applicable,compatibility/end-to-end,PASS,OK,20,100,57,0.246452,true,4794fd005d76b8b0fa93cccdc324617c9d08c54f085b600a28cd455bd8184583,6e55321903ffbd894e25ce26e9519c02713f85d1a8d685834eeb508095c43c55
1,20260810T032000Z_47ebe13410d3_stage08_b01_formal_88120019,formal,20260810T032000Z,47ebe13410d3a97ff7b922a5622a21bff244b00a,true,stage08_b01_general_gaussian_scales_v1,5d6f2dd75b763122028b82c7fc144e476d8fa07150cda991f6306e7007f350ee,operator,general_gaussian,NA,NA,general_gaussian,general_gaussian__general_gaussian_int8_10e2__4794fd005d76b8b0__periodic,general_gaussian_int8_10e2,10^2,100,window_positions=[100],INT8,GPU,not_applicable,compatibility/end-to-end,PASS,OK,20,100,58,0.25867200000000001,true,4794fd005d76b8b0fa93cccdc324617c9d08c54f085b600a28cd455bd8184583,6e55321903ffbd894e25ce26e9519c02713f85d1a8d685834eeb508095c43c55
1,20260810T032000Z_47ebe13410d3_stage08_b01_formal_88120019,formal,20260810T032000Z,47ebe13410d3a97ff7b922a5622a21bff244b00a,true,stage08_b01_general_gaussian_scales_v1,5d6f2dd75b763122028b82c7fc144e476d8fa07150cda991f6306e7007f350ee,operator,general_gaussian,NA,NA,general_gaussian,general_gaussian__general_gaussian_int8_10e2__4794fd005d76b8b0__periodic,general_gaussian_int8_10e2,10^2,100,window_positions=[100],INT8,GPU,not_applicable,compatibility/end-to-end,PASS,OK,20,100,59,0.25252200000000002,true,4794fd005d76b8b0fa93cccdc324617c9d08c54f085b600a28cd455bd8184583,6e55321903ffbd894e25ce26e9519c02713f85d1a8d685834eeb508095c43c55
1,20260810T032000Z_47ebe13410d3_stage08_b01_formal_88120019,formal,20260810T032000Z,47ebe13410d3a97ff7b922a5622a21bff244b00a,true,stage08_b01_general_gaussian_scales_v1,5d6f2dd75b763122028b82c7fc144e476d8fa07150cda991f6306e7007f350ee,operator,general_gaussian,NA,NA,general_gaussian,general_gaussian__general_gaussian_int8_10e2__4794fd005d76b8b0__periodic,general_gaussian_int8_10e2,10^2,100,window_positions=[100],INT8,GPU,not_applicable,compatibility/end-to-end,PASS,OK,20,100,60,0.24759300000000001,true,4794fd005d76b8b0fa93cccdc324617c9d08c54f085b600a28cd455bd8184583,6e55321903ffbd894e25ce26e9519c02713f85d1a8d685834eeb508095c43c55
1,20260810T032000Z_47ebe13410d3_stage08_b01_formal_88120019,formal,20260810T032000Z,47ebe13410d3a97ff7b922a5622a21bff244b00a,true,stage08_b01_general_gaussian_scales_v1,5d6f2dd75b763122028b82c7fc144e476d8fa07150cda991f6306e7007f350ee,operator,general_gaussian,NA,NA,general_gaussian,general_gaussian__general_gaussian_int8_10e2__4794fd005d76b8b0__periodic,general_gaussian_int8_10e2,10^2,100,window_positions=[100],INT8,GPU,not_applicable,compatibility/end-to-end,PASS,OK,20,100,61,0.24862200000000001,true,4794fd005d76b8b0fa93cccdc324617c9d08c54f085b600a28cd455bd8184583,6e55321903ffbd894e25ce26e9519c02713f85d1a8d685834eeb508095c43c55
1,20260810T032000Z_47ebe13410d3_stage08_b01_formal_88120019,formal,20260810T032000Z,47ebe13410d3a97ff7b922a5622a21bff244b00a,true,stage08_b01_general_gaussian_scales_v1,5d6f2dd75b763122028b82c7fc144e476d8fa07150cda991f6306e7007f350ee,operator,general_gaussian,NA,NA,general_gaussian,general_gaussian__general_gaussian_int8_10e2__4794fd005d76b8b0__periodic,general_gaussian_int8_10e2,10^2,100,window_positions=[100],INT8,GPU,not_applicable,compatibility/end-to-end,PASS,OK,20,100,62,0.24899199999999999,true,4794fd005d76b8b0fa93cccdc324617c9d08c54f085b600a28cd455bd8184583,6e55321903ffbd894e25ce26e9519c02713f85d1a8d685834eeb508095c43c55
1,20260810T032000Z_47ebe13410d3_stage08_b01_formal_88120019,formal,20260810T032000Z,47ebe13410d3a97ff7b922a5622a21bff244b00a,true,stage08_b01_general_gaussian_scales_v1,5d6f2dd75b763122028b82c7fc144e476d8fa07150cda991f6306e7007f350ee,operator,general_gaussian,NA,NA,general_gaussian,general_gaussian__general_gaussian_int8_10e2__4794fd005d76b8b0__periodic,general_gaussian_int8_10e2,10^2,100,window_positions=[100],INT8,GPU,not_applicable,compatibility/end-to-end,PASS,OK,20,100,63,0.25119200000000003,true,4794fd005d76b8b0fa93cccdc324617c9d08c54f085b600a28cd455bd8184583,6e55321903ffbd894e25ce26e9519c02713f85d1a8d685834eeb508095c43c55
1,20260810T032000Z_47ebe13410d3_stage08_b01_formal_88120019,formal,20260810T032000Z,47ebe13410d3a97ff7b922a5622a21bff244b00a,true,stage08_b01_general_gaussian_scales_v1,5d6f2dd75b763122028b82c7fc144e476d8fa07150cda991f6306e7007f350ee,operator,general_gaussian,NA,NA,general_gaussian,general_gaussian__general_gaussian_int8_10e2__4794fd005d76b8b0__periodic,general_gaussian_int8_10e2,10^2,100,window_positions=[100],INT8,GPU,not_applicable,compatibility/end-to-end,PASS,OK,20,100,64,0.251442,true,4794fd005d76b8b0fa93cccdc324617c9d08c54f085b600a28cd455bd8184583,6e55321903ffbd894e25ce26e9519c02713f85d1a8d685834eeb508095c43c55
1,20260810T032000Z_47ebe13410d3_stage08_b01_formal_88120019,formal,20260810T032000Z,47ebe13410d3a97ff7b922a5622a21bff244b00a,true,stage08_b01_general_gaussian_scales_v1,5d6f2dd75b763122028b82c7fc144e476d8fa07150cda991f6306e7007f350ee,operator,general_gaussian,NA,NA,general_gaussian,general_gaussian__general_gaussian_int8_10e2__4794fd005d76b8b0__periodic,general_gaussian_int8_10e2,10^2,100,window_positions=[100],INT8,GPU,not_applicable,compatibility/end-to-end,PASS,OK,20,100,65,0.25092199999999998,true,4794fd005d76b8b0fa93cccdc324617c9d08c54f085b600a28cd455bd8184583,6e55321903ffbd894e25ce26e9519c02713f85d1a8d685834eeb508095c43c55
1,20260810T032000Z_47ebe13410d3_stage08_b01_formal_88120019,formal,20260810T032000Z,47ebe13410d3a97ff7b922a5622a21bff244b00a,true,stage08_b01_general_gaussian_scales_v1,5d6f2dd75b763122028b82c7fc144e476d8fa07150cda991f6306e7007f350ee,operator,general_gaussian,NA,NA,general_gaussian,general_gaussian__general_gaussian_int8_10e2__4794fd005d76b8b0__periodic,general_gaussian_int8_10e2,10^2,100,window_positions=[100],INT8,GPU,not_applicable,compatibility/end-to-end,PASS,OK,20,100,66,0.24860199999999999,true,4794fd005d76b8b0fa93cccdc324617c9d08c54f085b600a28cd455bd8184583,6e55321903ffbd894e25ce26e9519c02713f85d1a8d685834eeb508095c43c55
1,20260810T032000Z_47ebe13410d3_stage08_b01_formal_88120019,formal,20260810T032000Z,47ebe13410d3a97ff7b922a5622a21bff244b00a,true,stage08_b01_general_gaussian_scales_v1,5d6f2dd75b763122028b82c7fc144e476d8fa07150cda991f6306e7007f350ee,operator,general_gaussian,NA,NA,general_gaussian,general_gaussian__general_gaussian_int8_10e2__4794fd005d76b8b0__periodic,general_gaussian_int8_10e2,10^2,100,window_positions=[100],INT8,GPU,not_applicable,compatibility/end-to-end,PASS,OK,20,100,67,0.25103300000000001,true,4794fd005d76b8b0fa93cccdc324617c9d08c54f085b600a28cd455bd8184583,6e55321903ffbd894e25ce26e9519c02713f85d1a8d685834eeb508095c43c55
1,20260810T032000Z_47ebe13410d3_stage08_b01_formal_88120019,formal,20260810T032000Z,47ebe13410d3a97ff7b922a5622a21bff244b00a,true,stage08_b01_general_gaussian_scales_v1,5d6f2dd75b763122028b82c7fc144e476d8fa07150cda991f6306e7007f350ee,operator,general_gaussian,NA,NA,general_gaussian,general_gaussian__general_gaussian_int8_10e2__4794fd005d76b8b0__periodic,general_gaussian_int8_10e2,10^2,100,window_positions=[100],INT8,GPU,not_applicable,compatibility/end-to-end,PASS,OK,20,100,68,0.247942,true,4794fd005d76b8b0fa93cccdc324617c9d08c54f085b600a28cd455bd8184583,6e55321903ffbd894e25ce26e9519c02713f85d1a8d685834eeb508095c43c55
1,20260810T032000Z_47ebe13410d3_stage08_b01_formal_88120019,formal,20260810T032000Z,47ebe13410d3a97ff7b922a5622a21bff244b00a,true,stage08_b01_general_gaussian_scales_v1,5d6f2dd75b763122028b82c7fc144e476d8fa07150cda991f6306e7007f350ee,operator,general_gaussian,NA,NA,general_gaussian,general_gaussian__general_gaussian_int8_10e2__4794fd005d76b8b0__periodic,general_gaussian_int8_10e2,10^2,100,window_positions=[100],INT8,GPU,not_applicable,compatibility/end-to-end,PASS,OK,20,100,69,0.249252,true,4794fd005d76b8b0fa93cccdc324617c9d08c54f085b600a28cd455bd8184583,6e55321903ffbd894e25ce26e9519c02713f85d1a8d685834eeb508095c43c55
1,20260810T032000Z_47ebe13410d3_stage08_b01_formal_88120019,formal,20260810T032000Z,47ebe13410d3a97ff7b922a5622a21bff244b00a,true,stage08_b01_general_gaussian_scales_v1,5d6f2dd75b763122028b82c7fc144e476d8fa07150cda991f6306e7007f350ee,operator,general_gaussian,NA,NA,general_gaussian,general_gaussian__general_gaussian_int8_10e2__4794fd005d76b8b0__periodic,general_gaussian_int8_10e2,10^2,100,window_positions=[100],INT8,GPU,not_applicable,compatibility/end-to-end,PASS,OK,20,100,70,0.24735199999999999,true,4794fd005d76b8b0fa93cccdc324617c9d08c54f085b600a28cd455bd8184583,6e55321903ffbd894e25ce26e9519c02713f85d1a8d685834eeb508095c43c55
1,20260810T032000Z_47ebe13410d3_stage08_b01_formal_88120019,formal,20260810T032000Z,47ebe13410d3a97ff7b922a5622a21bff244b00a,true,stage08_b01_general_gaussian_scales_v1,5d6f2dd75b763122028b82c7fc144e476d8fa07150cda991f6306e7007f350ee,operator,general_gaussian,NA,NA,general_gaussian,general_gaussian__general_gaussian_int8_10e2__4794fd005d76b8b0__periodic,general_gaussian_int8_10e2,10^2,100,window_positions=[100],INT8,GPU,not_applicable,compatibility/end-to-end,PASS,OK,20,100,71,0.25095200000000001,true,4794fd005d76b8b0fa93cccdc324617c9d08c54f085b600a28cd455bd8184583,6e55321903ffbd894e25ce26e9519c02713f85d1a8d685834eeb508095c43c55
1,20260810T032000Z_47ebe13410d3_stage08_b01_formal_88120019,formal,20260810T032000Z,47ebe13410d3a97ff7b922a5622a21bff244b00a,true,stage08_b01_general_gaussian_scales_v1,5d6f2dd75b763122028b82c7fc144e476d8fa07150cda991f6306e7007f350ee,operator,general_gaussian,NA,NA,general_gaussian,general_gaussian__general_gaussian_int8_10e2__4794fd005d76b8b0__periodic,general_gaussian_int8_10e2,10^2,100,window_positions=[100],INT8,GPU,not_applicable,compatibility/end-to-end,PASS,OK,20,100,72,0.252552,true,4794fd005d76b8b0fa93cccdc324617c9d08c54f085b600a28cd455bd8184583,6e55321903ffbd894e25ce26e9519c02713f85d1a8d685834eeb508095c43c55
1,20260810T032000Z_47ebe13410d3_stage08_b01_formal_88120019,formal,20260810T032000Z,47ebe13410d3a97ff7b922a5622a21bff244b00a,true,stage08_b01_general_gaussian_scales_v1,5d6f2dd75b763122028b82c7fc144e476d8fa07150cda991f6306e7007f350ee,operator,general_gaussian,NA,NA,general_gaussian,general_gaussian__general_gaussian_int8_10e2__4794fd005d76b8b0__periodic,general_gaussian_int8_10e2,10^2,100,window_positions=[100],INT8,GPU,not_applicable,compatibility/end-to-end,PASS,OK,20,100,73,0.24960199999999999,true,4794fd005d76b8b0fa93cccdc324617c9d08c54f085b600a28cd455bd8184583,6e55321903ffbd894e25ce26e9519c02713f85d1a8d685834eeb508095c43c55
1,20260810T032000Z_47ebe13410d3_stage08_b01_formal_88120019,formal,20260810T032000Z,47ebe13410d3a97ff7b922a5622a21bff244b00a,true,stage08_b01_general_gaussian_scales_v1,5d6f2dd75b763122028b82c7fc144e476d8fa07150cda991f6306e7007f350ee,operator,general_gaussian,NA,NA,general_gaussian,general_gaussian__general_gaussian_int8_10e2__4794fd005d76b8b0__periodic,general_gaussian_int8_10e2,10^2,100,window_positions=[100],INT8,GPU,not_applicable,compatibility/end-to-end,PASS,OK,20,100,74,0.49702499999999999,true,4794fd005d76b8b0fa93cccdc324617c9d08c54f085b600a28cd455bd8184583,6e55321903ffbd894e25ce26e9519c02713f85d1a8d685834eeb508095c43c55
1,20260810T032000Z_47ebe13410d3_stage08_b01_formal_88120019,formal,20260810T032000Z,47ebe13410d3a97ff7b922a5622a21bff244b00a,true,stage08_b01_general_gaussian_scales_v1,5d6f2dd75b763122028b82c7fc144e476d8fa07150cda991f6306e7007f350ee,operator,general_gaussian,NA,NA,general_gaussian,general_gaussian__general_gaussian_int8_10e2__4794fd005d76b8b0__periodic,general_gaussian_int8_10e2,10^2,100,window_positions=[100],INT8,GPU,not_applicable,compatibility/end-to-end,PASS,OK,20,100,75,0.249552,true,4794fd005d76b8b0fa93cccdc324617c9d08c54f085b600a28cd455bd8184583,6e55321903ffbd894e25ce26e9519c02713f85d1a8d685834eeb508095c43c55
1,20260810T032000Z_47ebe13410d3_stage08_b01_formal_88120019,formal,20260810T032000Z,47ebe13410d3a97ff7b922a5622a21bff244b00a,true,stage08_b01_general_gaussian_scales_v1,5d6f2dd75b763122028b82c7fc144e476d8fa07150cda991f6306e7007f350ee,operator,general_gaussian,NA,NA,general_gaussian,general_gaussian__general_gaussian_int8_10e2__4794fd005d76b8b0__periodic,general_gaussian_int8_10e2,10^2,100,window_positions=[100],INT8,GPU,not_applicable,compatibility/end-to-end,PASS,OK,20,100,76,0.246582,true,4794fd005d76b8b0fa93cccdc324617c9d08c54f085b600a28cd455bd8184583,6e55321903ffbd894e25ce26e9519c02713f85d1a8d685834eeb508095c43c55
1,20260810T032000Z_47ebe13410d3_stage08_b01_formal_88120019,formal,20260810T032000Z,47ebe13410d3a97ff7b922a5622a21bff244b00a,true,stage08_b01_general_gaussian_scales_v1,5d6f2dd75b763122028b82c7fc144e476d8fa07150cda991f6306e7007f350ee,operator,general_gaussian,NA,NA,general_gaussian,general_gaussian__general_gaussian_int8_10e2__4794fd005d76b8b0__periodic,general_gaussian_int8_10e2,10^2,100,window_positions=[100],INT8,GPU,not_applicable,compatibility/end-to-end,PASS,OK,20,100,77,0.24607200000000001,true,4794fd005d76b8b0fa93cccdc324617c9d08c54f085b600a28cd455bd8184583,6e55321903ffbd894e25ce26e9519c02713f85d1a8d685834eeb508095c43c55
1,20260810T032000Z_47ebe13410d3_stage08_b01_formal_88120019,formal,20260810T032000Z,47ebe13410d3a97ff7b922a5622a21bff244b00a,true,stage08_b01_general_gaussian_scales_v1,5d6f2dd75b763122028b82c7fc144e476d8fa07150cda991f6306e7007f350ee,operator,general_gaussian,NA,NA,general_gaussian,general_gaussian__general_gaussian_int8_10e2__4794fd005d76b8b0__periodic,general_gaussian_int8_10e2,10^2,100,window_positions=[100],INT8,GPU,not_applicable,compatibility/end-to-end,PASS,OK,20,100,78,0.245112,true,4794fd005d76b8b0fa93cccdc324617c9d08c54f085b600a28cd455bd8184583,6e55321903ffbd894e25ce26e9519c02713f85d1a8d685834eeb508095c43c55
1,20260810T032000Z_47ebe13410d3_stage08_b01_formal_88120019,formal,20260810T032000Z,47ebe13410d3a97ff7b922a5622a21bff244b00a,true,stage08_b01_general_gaussian_scales_v1,5d6f2dd75b763122028b82c7fc144e476d8fa07150cda991f6306e7007f350ee,operator,general_gaussian,NA,NA,general_gaussian,general_gaussian__general_gaussian_int8_10e2__4794fd005d76b8b0__periodic,general_gaussian_int8_10e2,10^2,100,window_positions=[100],INT8,GPU,not_applicable,compatibility/end-to-end,PASS,OK,20,100,79,0.25164199999999998,true,4794fd005d76b8b0fa93cccdc324617c9d08c54f085b600a28cd455bd8184583,6e55321903ffbd894e25ce26e9519c02713f85d1a8d685834eeb508095c43c55
1,20260810T032000Z_47ebe13410d3_stage08_b01_formal_88120019,formal,20260810T032000Z,47ebe13410d3a97ff7b922a5622a21bff244b00a,true,stage08_b01_general_gaussian_scales_v1,5d6f2dd75b763122028b82c7fc144e476d8fa07150cda991f6306e7007f350ee,operator,general_gaussian,NA,NA,general_gaussian,general_gaussian__general_gaussian_int8_10e2__4794fd005d76b8b0__periodic,general_gaussian_int8_10e2,10^2,100,window_positions=[100],INT8,GPU,not_applicable,compatibility/end-to-end,PASS,OK,20,100,80,0.248442,true,4794fd005d76b8b0fa93cccdc324617c9d08c54f085b600a28cd455bd8184583,6e55321903ffbd894e25ce26e9519c02713f85d1a8d685834eeb508095c43c55
1,20260810T032000Z_47ebe13410d3_stage08_b01_formal_88120019,formal,20260810T032000Z,47ebe13410d3a97ff7b922a5622a21bff244b00a,true,stage08_b01_general_gaussian_scales_v1,5d6f2dd75b763122028b82c7fc144e476d8fa07150cda991f6306e7007f350ee,operator,general_gaussian,NA,NA,general_gaussian,general_gaussian__general_gaussian_int8_10e2__4794fd005d76b8b0__periodic,general_gaussian_int8_10e2,10^2,100,window_positions=[100],INT8,GPU,not_applicable,compatibility/end-to-end,PASS,OK,20,100,81,0.24412200000000001,true,4794fd005d76b8b0fa93cccdc324617c9d08c54f085b600a28cd455bd8184583,6e55321903ffbd894e25ce26e9519c02713f85d1a8d685834eeb508095c43c55
1,20260810T032000Z_47ebe13410d3_stage08_b01_formal_88120019,formal,20260810T032000Z,47ebe13410d3a97ff7b922a5622a21bff244b00a,true,stage08_b01_general_gaussian_scales_v1,5d6f2dd75b763122028b82c7fc144e476d8fa07150cda991f6306e7007f350ee,operator,general_gaussian,NA,NA,general_gaussian,general_gaussian__general_gaussian_int8_10e2__4794fd005d76b8b0__periodic,general_gaussian_int8_10e2,10^2,100,window_positions=[100],INT8,GPU,not_applicable,compatibility/end-to-end,PASS,OK,20,100,82,0.24352199999999999,true,4794fd005d76b8b0fa93cccdc324617c9d08c54f085b600a28cd455bd8184583,6e55321903ffbd894e25ce26e9519c02713f85d1a8d685834eeb508095c43c55
1,20260810T032000Z_47ebe13410d3_stage08_b01_formal_88120019,formal,20260810T032000Z,47ebe13410d3a97ff7b922a5622a21bff244b00a,true,stage08_b01_general_gaussian_scales_v1,5d6f2dd75b763122028b82c7fc144e476d8fa07150cda991f6306e7007f350ee,operator,general_gaussian,NA,NA,general_gaussian,general_gaussian__general_gaussian_int8_10e2__4794fd005d76b8b0__periodic,general_gaussian_int8_10e2,10^2,100,window_positions=[100],INT8,GPU,not_applicable,compatibility/end-to-end,PASS,OK,20,100,83,0.24818200000000001,true,4794fd005d76b8b0fa93cccdc324617c9d08c54f085b600a28cd455bd8184583,6e55321903ffbd894e25ce26e9519c02713f85d1a8d685834eeb508095c43c55
1,20260810T032000Z_47ebe13410d3_stage08_b01_formal_88120019,formal,20260810T032000Z,47ebe13410d3a97ff7b922a5622a21bff244b00a,true,stage08_b01_general_gaussian_scales_v1,5d6f2dd75b763122028b82c7fc144e476d8fa07150cda991f6306e7007f350ee,operator,general_gaussian,NA,NA,general_gaussian,general_gaussian__general_gaussian_int8_10e2__4794fd005d76b8b0__periodic,general_gaussian_int8_10e2,10^2,100,window_positions=[100],INT8,GPU,not_applicable,compatibility/end-to-end,PASS,OK,20,100,84,0.24243200000000001,true,4794fd005d76b8b0fa93cccdc324617c9d08c54f085b600a28cd455bd8184583,6e55321903ffbd894e25ce26e9519c02713f85d1a8d685834eeb508095c43c55
1,20260810T032000Z_47ebe13410d3_stage08_b01_formal_88120019,formal,20260810T032000Z,47ebe13410d3a97ff7b922a5622a21bff244b00a,true,stage08_b01_general_gaussian_scales_v1,5d6f2dd75b763122028b82c7fc144e476d8fa07150cda991f6306e7007f350ee,operator,general_gaussian,NA,NA,general_gaussian,general_gaussian__general_gaussian_int8_10e2__4794fd005d76b8b0__periodic,general_gaussian_int8_10e2,10^2,100,window_positions=[100],INT8,GPU,not_applicable,compatibility/end-to-end,PASS,OK,20,100,85,0.24224200000000001,true,4794fd005d76b8b0fa93cccdc324617c9d08c54f085b600a28cd455bd8184583,6e55321903ffbd894e25ce26e9519c02713f85d1a8d685834eeb508095c43c55
1,20260810T032000Z_47ebe13410d3_stage08_b01_formal_88120019,formal,20260810T032000Z,47ebe13410d3a97ff7b922a5622a21bff244b00a,true,stage08_b01_general_gaussian_scales_v1,5d6f2dd75b763122028b82c7fc144e476d8fa07150cda991f6306e7007f350ee,operator,general_gaussian,NA,NA,general_gaussian,general_gaussian__general_gaussian_int8_10e2__4794fd005d76b8b0__periodic,general_gaussian_int8_10e2,10^2,100,window_positions=[100],INT8,GPU,not_applicable,compatibility/end-to-end,PASS,OK,20,100,86,0.24286199999999999,true,4794fd005d76b8b0fa93cccdc324617c9d08c54f085b600a28cd455bd8184583,6e55321903ffbd894e25ce26e9519c02713f85d1a8d685834eeb508095c43c55
1,20260810T032000Z_47ebe13410d3_stage08_b01_formal_88120019,formal,20260810T032000Z,47ebe13410d3a97ff7b922a5622a21bff244b00a,true,stage08_b01_general_gaussian_scales_v1,5d6f2dd75b763122028b82c7fc144e476d8fa07150cda991f6306e7007f350ee,operator,general_gaussian,NA,NA,general_gaussian,general_gaussian__general_gaussian_int8_10e2__4794fd005d76b8b0__periodic,general_gaussian_int8_10e2,10^2,100,window_positions=[100],INT8,GPU,not_applicable,compatibility/end-to-end,PASS,OK,20,100,87,0.245953,true,4794fd005d76b8b0fa93cccdc324617c9d08c54f085b600a28cd455bd8184583,6e55321903ffbd894e25ce26e9519c02713f85d1a8d685834eeb508095c43c55
1,20260810T032000Z_47ebe13410d3_stage08_b01_formal_88120019,formal,20260810T032000Z,47ebe13410d3a97ff7b922a5622a21bff244b00a,true,stage08_b01_general_gaussian_scales_v1,5d6f2dd75b763122028b82c7fc144e476d8fa07150cda991f6306e7007f350ee,operator,general_gaussian,NA,NA,general_gaussian,general_gaussian__general_gaussian_int8_10e2__4794fd005d76b8b0__periodic,general_gaussian_int8_10e2,10^2,100,window_positions=[100],INT8,GPU,not_applicable,compatibility/end-to-end,PASS,OK,20,100,88,0.245002,true,4794fd005d76b8b0fa93cccdc324617c9d08c54f085b600a28cd455bd8184583,6e55321903ffbd894e25ce26e9519c02713f85d1a8d685834eeb508095c43c55
1,20260810T032000Z_47ebe13410d3_stage08_b01_formal_88120019,formal,20260810T032000Z,47ebe13410d3a97ff7b922a5622a21bff244b00a,true,stage08_b01_general_gaussian_scales_v1,5d6f2dd75b763122028b82c7fc144e476d8fa07150cda991f6306e7007f350ee,operator,general_gaussian,NA,NA,general_gaussian,general_gaussian__general_gaussian_int8_10e2__4794fd005d76b8b0__periodic,general_gaussian_int8_10e2,10^2,100,window_positions=[100],INT8,GPU,not_applicable,compatibility/end-to-end,PASS,OK,20,100,89,0.24469199999999999,true,4794fd005d76b8b0fa93cccdc324617c9d08c54f085b600a28cd455bd8184583,6e55321903ffbd894e25ce26e9519c02713f85d1a8d685834eeb508095c43c55
1,20260810T032000Z_47ebe13410d3_stage08_b01_formal_88120019,formal,20260810T032000Z,47ebe13410d3a97ff7b922a5622a21bff244b00a,true,stage08_b01_general_gaussian_scales_v1,5d6f2dd75b763122028b82c7fc144e476d8fa07150cda991f6306e7007f350ee,operator,general_gaussian,NA,NA,general_gaussian,general_gaussian__general_gaussian_int8_10e2__4794fd005d76b8b0__periodic,general_gaussian_int8_10e2,10^2,100,window_positions=[100],INT8,GPU,not_applicable,compatibility/end-to-end,PASS,OK,20,100,90,0.265542,true,4794fd005d76b8b0fa93cccdc324617c9d08c54f085b600a28cd455bd8184583,6e55321903ffbd894e25ce26e9519c02713f85d1a8d685834eeb508095c43c55
1,20260810T032000Z_47ebe13410d3_stage08_b01_formal_88120019,formal,20260810T032000Z,47ebe13410d3a97ff7b922a5622a21bff244b00a,true,stage08_b01_general_gaussian_scales_v1,5d6f2dd75b763122028b82c7fc144e476d8fa07150cda991f6306e7007f350ee,operator,general_gaussian,NA,NA,general_gaussian,general_gaussian__general_gaussian_int8_10e2__4794fd005d76b8b0__periodic,general_gaussian_int8_10e2,10^2,100,window_positions=[100],INT8,GPU,not_applicable,compatibility/end-to-end,PASS,OK,20,100,91,0.25286199999999998,true,4794fd005d76b8b0fa93cccdc324617c9d08c54f085b600a28cd455bd8184583,6e55321903ffbd894e25ce26e9519c02713f85d1a8d685834eeb508095c43c55
1,20260810T032000Z_47ebe13410d3_stage08_b01_formal_88120019,formal,20260810T032000Z,47ebe13410d3a97ff7b922a5622a21bff244b00a,true,stage08_b01_general_gaussian_scales_v1,5d6f2dd75b763122028b82c7fc144e476d8fa07150cda991f6306e7007f350ee,operator,general_gaussian,NA,NA,general_gaussian,general_gaussian__general_gaussian_int8_10e2__4794fd005d76b8b0__periodic,general_gaussian_int8_10e2,10^2,100,window_positions=[100],INT8,GPU,not_applicable,compatibility/end-to-end,PASS,OK,20,100,92,0.24513199999999999,true,4794fd005d76b8b0fa93cccdc324617c9d08c54f085b600a28cd455bd8184583,6e55321903ffbd894e25ce26e9519c02713f85d1a8d685834eeb508095c43c55
1,20260810T032000Z_47ebe13410d3_stage08_b01_formal_88120019,formal,20260810T032000Z,47ebe13410d3a97ff7b922a5622a21bff244b00a,true,stage08_b01_general_gaussian_scales_v1,5d6f2dd75b763122028b82c7fc144e476d8fa07150cda991f6306e7007f350ee,operator,general_gaussian,NA,NA,general_gaussian,general_gaussian__general_gaussian_int8_10e2__4794fd005d76b8b0__periodic,general_gaussian_int8_10e2,10^2,100,window_positions=[100],INT8,GPU,not_applicable,compatibility/end-to-end,PASS,OK,20,100,93,0.24349199999999999,true,4794fd005d76b8b0fa93cccdc324617c9d08c54f085b600a28cd455bd8184583,6e55321903ffbd894e25ce26e9519c02713f85d1a8d685834eeb508095c43c55
1,20260810T032000Z_47ebe13410d3_stage08_b01_formal_88120019,formal,20260810T032000Z,47ebe13410d3a97ff7b922a5622a21bff244b00a,true,stage08_b01_general_gaussian_scales_v1,5d6f2dd75b763122028b82c7fc144e476d8fa07150cda991f6306e7007f350ee,operator,general_gaussian,NA,NA,general_gaussian,general_gaussian__general_gaussian_int8_10e2__4794fd005d76b8b0__periodic,general_gaussian_int8_10e2,10^2,100,window_positions=[100],INT8,GPU,not_applicable,compatibility/end-to-end,PASS,OK,20,100,94,0.245722,true,4794fd005d76b8b0fa93cccdc324617c9d08c54f085b600a28cd455bd8184583,6e55321903ffbd894e25ce26e9519c02713f85d1a8d685834eeb508095c43c55
1,20260810T032000Z_47ebe13410d3_stage08_b01_formal_88120019,formal,20260810T032000Z,47ebe13410d3a97ff7b922a5622a21bff244b00a,true,stage08_b01_general_gaussian_scales_v1,5d6f2dd75b763122028b82c7fc144e476d8fa07150cda991f6306e7007f350ee,operator,general_gaussian,NA,NA,general_gaussian,general_gaussian__general_gaussian_int8_10e2__4794fd005d76b8b0__periodic,general_gaussian_int8_10e2,10^2,100,window_positions=[100],INT8,GPU,not_applicable,compatibility/end-to-end,PASS,OK,20,100,95,0.251363,true,4794fd005d76b8b0fa93cccdc324617c9d08c54f085b600a28cd455bd8184583,6e55321903ffbd894e25ce26e9519c02713f85d1a8d685834eeb508095c43c55
1,20260810T032000Z_47ebe13410d3_stage08_b01_formal_88120019,formal,20260810T032000Z,47ebe13410d3a97ff7b922a5622a21bff244b00a,true,stage08_b01_general_gaussian_scales_v1,5d6f2dd75b763122028b82c7fc144e476d8fa07150cda991f6306e7007f350ee,operator,general_gaussian,NA,NA,general_gaussian,general_gaussian__general_gaussian_int8_10e2__4794fd005d76b8b0__periodic,general_gaussian_int8_10e2,10^2,100,window_positions=[100],INT8,GPU,not_applicable,compatibility/end-to-end,PASS,OK,20,100,96,0.24879200000000001,true,4794fd005d76b8b0fa93cccdc324617c9d08c54f085b600a28cd455bd8184583,6e55321903ffbd894e25ce26e9519c02713f85d1a8d685834eeb508095c43c55
1,20260810T032000Z_47ebe13410d3_stage08_b01_formal_88120019,formal,20260810T032000Z,47ebe13410d3a97ff7b922a5622a21bff244b00a,true,stage08_b01_general_gaussian_scales_v1,5d6f2dd75b763122028b82c7fc144e476d8fa07150cda991f6306e7007f350ee,operator,general_gaussian,NA,NA,general_gaussian,general_gaussian__general_gaussian_int8_10e2__4794fd005d76b8b0__periodic,general_gaussian_int8_10e2,10^2,100,window_positions=[100],INT8,GPU,not_applicable,compatibility/end-to-end,PASS,OK,20,100,97,0.24591199999999999,true,4794fd005d76b8b0fa93cccdc324617c9d08c54f085b600a28cd455bd8184583,6e55321903ffbd894e25ce26e9519c02713f85d1a8d685834eeb508095c43c55
1,20260810T032000Z_47ebe13410d3_stage08_b01_formal_88120019,formal,20260810T032000Z,47ebe13410d3a97ff7b922a5622a21bff244b00a,true,stage08_b01_general_gaussian_scales_v1,5d6f2dd75b763122028b82c7fc144e476d8fa07150cda991f6306e7007f350ee,operator,general_gaussian,NA,NA,general_gaussian,general_gaussian__general_gaussian_int8_10e2__4794fd005d76b8b0__periodic,general_gaussian_int8_10e2,10^2,100,window_positions=[100],INT8,GPU,not_applicable,compatibility/end-to-end,PASS,OK,20,100,98,0.24476200000000001,true,4794fd005d76b8b0fa93cccdc324617c9d08c54f085b600a28cd455bd8184583,6e55321903ffbd894e25ce26e9519c02713f85d1a8d685834eeb508095c43c55
1,20260810T032000Z_47ebe13410d3_stage08_b01_formal_88120019,formal,20260810T032000Z,47ebe13410d3a97ff7b922a5622a21bff244b00a,true,stage08_b01_general_gaussian_scales_v1,5d6f2dd75b763122028b82c7fc144e476d8fa07150cda991f6306e7007f350ee,operator,general_gaussian,NA,NA,general_gaussian,general_gaussian__general_gaussian_int8_10e2__4794fd005d76b8b0__periodic,general_gaussian_int8_10e2,10^2,100,window_positions=[100],INT8,GPU,not_applicable,compatibility/end-to-end,PASS,OK,20,100,99,0.247312,true,4794fd005d76b8b0fa93cccdc324617c9d08c54f085b600a28cd455bd8184583,6e55321903ffbd894e25ce26e9519c02713f85d1a8d685834eeb508095c43c55
