[stage08-b03-formal] case=0 scale=channelize_poly_fp32_10e2 status=starting
STAGE08_CHANNELIZE_CASE PASS scale=channelize_poly_fp32_10e2 dtype=FP32 backend=fft_thrust measured=100 results=/tmp/ZKX_dev/results/stage08_input_preview_b03_channelize_poly_5bf09d215ce4/formal/20260810T073905Z_5bf09d215ce4_stage08_b03_formal_99010001
[stage08] identity and status
+-----------------+---------------------------+--------+------------+-------+--------+----------+--------------------------+--------+------------+
| target          | scale_id                  | device | backend    | dtype | warmup | measured | timing_scope             | status | error_code |
+-----------------+---------------------------+--------+------------+-------+--------+----------+--------------------------+--------+------------+
| channelize_poly | channelize_poly_fp32_10e2 | CPU    | fft_thrust | FP32  | 20     | 100      | compatibility/end-to-end | PASS   | OK         |
| channelize_poly | channelize_poly_fp32_10e2 | GPU    | fft_thrust | FP32  | 20     | 100      | compatibility/end-to-end | PASS   | OK         |
+-----------------+---------------------------+--------+------------+-------+--------+----------+--------------------------+--------+------------+

[stage08] timing detail
+--------+---------------------+----------------------+----------------------+---------------------+----------------------+----------------------+-----------------------+----------------------+---------------------+
| device | mean_ms             | p50_ms               | p95_ms               | p99_ms              | min_ms               | max_ms               | std_ms                | cv                   | speedup             |
+--------+---------------------+----------------------+----------------------+---------------------+----------------------+----------------------+-----------------------+----------------------+---------------------+
| CPU    | 0.08744476000000001 | 0.087231000000000003 | 0.087540050000000008 | 0.09691959          | 0.087140999999999996 | 0.097769999999999996 | 0.0014171228254459803 | 0.016205920462769641 | NA                  |
| GPU    | 0.44665009          | 0.44539899999999999  | 0.45983299999999999  | 0.49678961000000038 | 0.42991400000000002  | 0.56961499999999998  | 0.015066880441614314  | 0.033733073784031509 | 0.19577911648915153 |
+--------+---------------------+----------------------+----------------------+---------------------+----------------------+----------------------+-----------------------+----------------------+---------------------+

[stage08] accuracy detail
+-----------------------------+------------------------+------------------------+------------------------+------------------------+-------------+----------------+-------------------------------------------------------------------------------+--------+
| accuracy_reference          | mse                    | rmse                   | relative_l2            | relative_linf          | exact_match | mismatch_count | semantic_check                                                                | status |
+-----------------------------+------------------------+------------------------+------------------------+------------------------+-------------+----------------+-------------------------------------------------------------------------------+--------+
| cpu_typed_double_direct_dft | 7.5317356518223022e-15 | 8.6785572832253072e-08 | 3.1076189520663169e-08 | 3.1017899634618443e-08 | NA          | NA             | finite_complex_fp32_channel_major_shape_matches_cpu:shape=[8, 16];finite=true | PASS   |
+-----------------------------+------------------------+------------------------+------------------------+------------------------+-------------+----------------+-------------------------------------------------------------------------------+--------+

[stage08] resource detail
+--------+------------+--------------+-------------+------------+-------------+
| device | metric     | before_bytes | after_bytes | peak_bytes | delta_bytes |
+--------+------------+--------------+-------------+------------+-------------+
| CPU    | cpu_heap   | 1459472      | 1463520     | 1463520    | 4048        |
| CPU    | rss        | 70557696     | 70557696    | 70557696   | 0           |
| GPU    | cpu_heap   | 1463520      | 1467264     | 1467264    | 3744        |
| GPU    | rss        | 70557696     | 70557696    | 70557696   | 0           |
| GPU    | gpu_memory | 391544832    | 391544832   | 391544832  | 0           |
+--------+------------+--------------+-------------+------------+-------------+

[stage08] input/output identity
+--------+------------------------------------------------------------------+------------------------------------------------------------------+
| device | input_digest                                                     | output_digest                                                    |
+--------+------------------------------------------------------------------+------------------------------------------------------------------+
| CPU    | b6e2f353c8853cddcf85e3c02d052280d158379ab9b9c415f42db9ed5e61d864 | 768b20b590c35386f18053f58b079521f76d54f05161078d7975c6376c96135b |
| GPU    | b6e2f353c8853cddcf85e3c02d052280d158379ab9b9c415f42db9ed5e61d864 | e238e21b021042813b76acdefec5cd1f4b8b0760ea277e1e3bb8c8d53c0c206d |
+--------+------------------------------------------------------------------+------------------------------------------------------------------+

[stage08] input content
+------------+-------+-------+----------+----------------------------------------------+---------------------------------------------------------+
| input_name | shape | dtype | elements | generator                                    | values(head4/tail2)                                     |
+------------+-------+-------+----------+----------------------------------------------+---------------------------------------------------------+
| x          | [128] | FP32  | 128      | modular_signal(seed=83010001,integral=false) | i=0:0;i=1:-1.5;i=2:2.75;i=3:1.25;i=126:0.75;i=127:-0.75 |
| h          | [32]  | FP32  | 32       | modular_taps(seed=83010002,integral=false)   | i=0:0.25;i=1:0;i=2:-0.25;i=3:-0.5;i=30:-0.5;i=31:0.375  |
+------------+-------+-------+----------+----------------------------------------------+---------------------------------------------------------+

[stage08] case parameters
+---------------------------------------------------------------------------------+
| parameters                                                                      |
+---------------------------------------------------------------------------------+
| {"dtype":"FP32","h-count":"32","n-chans":"8","seed":"83010001","x-count":"128"} |
+---------------------------------------------------------------------------------+

[stage08] dtype evidence
+-----------------+--------------------+--------------+------------------------------------------------------------------+--------+
| requested_dtype | config_input_dtype | output_dtype | actual_input_digest                                              | status |
+-----------------+--------------------+--------------+------------------------------------------------------------------+--------+
| FP32            | NA                 | ComplexFP32  | b6e2f353c8853cddcf85e3c02d052280d158379ab9b9c415f42db9ed5e61d864 | PASS   |
+-----------------+--------------------+--------------+------------------------------------------------------------------+--------+

[stage08] evidence files
+----------------+---------------------------------------------------------------------------------------------------------------------------------------------------------------------------------------------------------------------------------------------------------------+
| kind           | path                                                                                                                                                                                                                                                          |
+----------------+---------------------------------------------------------------------------------------------------------------------------------------------------------------------------------------------------------------------------------------------------------------+
| probe_raw_json | /tmp/ZKX_dev/results/stage08_input_preview_b03_channelize_poly_5bf09d215ce4/formal/20260810T073905Z_5bf09d215ce4_stage08_b03_formal_99010001/channelize_poly_probe_raw.json                                                                                   |
| related_file   | /tmp/ZKX_dev/results/stage08_input_preview_b03_channelize_poly_5bf09d215ce4/formal/20260810T073905Z_5bf09d215ce4_stage08_b03_formal_99010001/filtering_batch03_module_summary_fft_thrust_20260810T073905Z_5bf09d215ce4_stage08_b03_formal_99010001.csv        |
| full_log       | /tmp/ZKX_dev/results/stage08_input_preview_b03_channelize_poly_5bf09d215ce4/formal/20260810T073905Z_5bf09d215ce4_stage08_b03_formal_99010001/operator_channelize_poly_full.log                                                                                |
| report_json    | /tmp/ZKX_dev/results/stage08_input_preview_b03_channelize_poly_5bf09d215ce4/formal/20260810T073905Z_5bf09d215ce4_stage08_b03_formal_99010001/operator_channelize_poly_report.json                                                                             |
| summary_txt    | /tmp/ZKX_dev/results/stage08_input_preview_b03_channelize_poly_5bf09d215ce4/formal/20260810T073905Z_5bf09d215ce4_stage08_b03_formal_99010001/operator_channelize_poly_summary.txt                                                                             |
| dtype_csv      | /tmp/ZKX_dev/results/stage08_input_preview_b03_channelize_poly_5bf09d215ce4/formal/20260810T073905Z_5bf09d215ce4_stage08_b03_formal_99010001/operator_dtype_evidence_channelize_poly_fft_thrust_20260810T073905Z_5bf09d215ce4_stage08_b03_formal_99010001.csv |
| memory_csv     | /tmp/ZKX_dev/results/stage08_input_preview_b03_channelize_poly_5bf09d215ce4/formal/20260810T073905Z_5bf09d215ce4_stage08_b03_formal_99010001/operator_filtering_channelize_poly_memory_trace_fft_thrust.csv                                                   |
| main_csv       | /tmp/ZKX_dev/results/stage08_input_preview_b03_channelize_poly_5bf09d215ce4/formal/20260810T073905Z_5bf09d215ce4_stage08_b03_formal_99010001/operator_main_results_channelize_poly_fft_thrust_20260810T073905Z_5bf09d215ce4_stage08_b03_formal_99010001.csv   |
| timing_csv     | /tmp/ZKX_dev/results/stage08_input_preview_b03_channelize_poly_5bf09d215ce4/formal/20260810T073905Z_5bf09d215ce4_stage08_b03_formal_99010001/operator_timing_samples_channelize_poly_fft_thrust_20260810T073905Z_5bf09d215ce4_stage08_b03_formal_99010001.csv |
+----------------+---------------------------------------------------------------------------------------------------------------------------------------------------------------------------------------------------------------------------------------------------------------+
[stage08-b03-formal] case=0 scale=channelize_poly_fp32_10e2 status=completed
[stage08-b03-formal] case=1 scale=channelize_poly_fp32_10e3 status=starting
STAGE08_CHANNELIZE_CASE PASS scale=channelize_poly_fp32_10e3 dtype=FP32 backend=fft_thrust measured=100 results=/tmp/ZKX_dev/results/stage08_input_preview_b03_channelize_poly_5bf09d215ce4/formal/20260810T073905Z_5bf09d215ce4_stage08_b03_formal_99010002
[stage08] identity and status
+-----------------+---------------------------+--------+------------+-------+--------+----------+--------------------------+--------+------------+
| target          | scale_id                  | device | backend    | dtype | warmup | measured | timing_scope             | status | error_code |
+-----------------+---------------------------+--------+------------+-------+--------+----------+--------------------------+--------+------------+
| channelize_poly | channelize_poly_fp32_10e3 | CPU    | fft_thrust | FP32  | 20     | 100      | compatibility/end-to-end | PASS   | OK         |
| channelize_poly | channelize_poly_fp32_10e3 | GPU    | fft_thrust | FP32  | 20     | 100      | compatibility/end-to-end | PASS   | OK         |
+-----------------+---------------------------+--------+------------+-------+--------+----------+--------------------------+--------+------------+

[stage08] timing detail
+--------+---------------------+---------------------+---------------------+---------------------+---------------------+---------------------+----------------------+----------------------+--------------------+
| device | mean_ms             | p50_ms              | p95_ms              | p99_ms              | min_ms              | max_ms              | std_ms               | cv                   | speedup            |
+--------+---------------------+---------------------+---------------------+---------------------+---------------------+---------------------+----------------------+----------------------+--------------------+
| CPU    | 1.1959499099999999  | 1.1909649999999998  | 1.2112680499999999  | 1.2726023           | 1.1868909999999999  | 1.2786709999999999  | 0.013250383081326363 | 0.011079379638338167 | NA                 |
| GPU    | 0.46089682000000004 | 0.45665900000000004 | 0.47548449999999998 | 0.54565002000000096 | 0.44175399999999998 | 0.73622699999999996 | 0.030833605747748672 | 0.066899150546859201 | 2.5948322012722933 |
+--------+---------------------+---------------------+---------------------+---------------------+---------------------+---------------------+----------------------+----------------------+--------------------+

[stage08] accuracy detail
+-----------------------------+------------------------+------------------------+------------------------+-----------------------+-------------+----------------+--------------------------------------------------------------------------------+--------+
| accuracy_reference          | mse                    | rmse                   | relative_l2            | relative_linf         | exact_match | mismatch_count | semantic_check                                                                 | status |
+-----------------------------+------------------------+------------------------+------------------------+-----------------------+-------------+----------------+--------------------------------------------------------------------------------+--------+
| cpu_typed_double_direct_dft | 3.5394308469348379e-14 | 1.8813375154221631e-07 | 4.9674633298088998e-08 | 6.136634819798613e-08 | NA          | NA             | finite_complex_fp32_channel_major_shape_matches_cpu:shape=[8, 128];finite=true | PASS   |
+-----------------------------+------------------------+------------------------+------------------------+-----------------------+-------------+----------------+--------------------------------------------------------------------------------+--------+

[stage08] resource detail
+--------+------------+--------------+-------------+------------+-------------+
| device | metric     | before_bytes | after_bytes | peak_bytes | delta_bytes |
+--------+------------+--------------+-------------+------------+-------------+
| CPU    | cpu_heap   | 1499568      | 1514944     | 1514944    | 15376       |
| CPU    | rss        | 70512640     | 70553600    | 70553600   | 40960       |
| GPU    | cpu_heap   | 1514992      | 1526400     | 1526464    | 11408       |
| GPU    | rss        | 70553600     | 70553600    | 70553600   | 0           |
| GPU    | gpu_memory | 408322048    | 408322048   | 408322048  | 0           |
+--------+------------+--------------+-------------+------------+-------------+

[stage08] input/output identity
+--------+------------------------------------------------------------------+------------------------------------------------------------------+
| device | input_digest                                                     | output_digest                                                    |
+--------+------------------------------------------------------------------+------------------------------------------------------------------+
| CPU    | b71186f739fb4d74e354dfb4c54ecc3f4eacbaf1254621470c3c8d3165e1c401 | dc4c3079764903a3924b4eb815fb386bbd7327419293c0ec8f4aefd7dd1bb238 |
| GPU    | b71186f739fb4d74e354dfb4c54ecc3f4eacbaf1254621470c3c8d3165e1c401 | 0765063ee55ee45109de3af7ce2c2e4af1443f7c30d03bd349922170ee05e989 |
+--------+------------------------------------------------------------------+------------------------------------------------------------------+

[stage08] input content
+------------+--------+-------+----------+----------------------------------------------+--------------------------------------------------------------+
| input_name | shape  | dtype | elements | generator                                    | values(head4/tail2)                                          |
+------------+--------+-------+----------+----------------------------------------------+--------------------------------------------------------------+
| x          | [1024] | FP32  | 1024     | modular_signal(seed=83010002,integral=false) | i=0:0.25;i=1:-1.25;i=2:-2.75;i=3:1.5;i=1022:2.5;i=1023:1     |
| h          | [64]   | FP32  | 64       | modular_taps(seed=83010003,integral=false)   | i=0:-0.5;i=1:0.375;i=2:0.125;i=3:-0.125;i=62:-0.25;i=63:-0.5 |
+------------+--------+-------+----------+----------------------------------------------+--------------------------------------------------------------+

[stage08] case parameters
+----------------------------------------------------------------------------------+
| parameters                                                                       |
+----------------------------------------------------------------------------------+
| {"dtype":"FP32","h-count":"64","n-chans":"8","seed":"83010002","x-count":"1024"} |
+----------------------------------------------------------------------------------+

[stage08] dtype evidence
+-----------------+--------------------+--------------+------------------------------------------------------------------+--------+
| requested_dtype | config_input_dtype | output_dtype | actual_input_digest                                              | status |
+-----------------+--------------------+--------------+------------------------------------------------------------------+--------+
| FP32            | NA                 | ComplexFP32  | b71186f739fb4d74e354dfb4c54ecc3f4eacbaf1254621470c3c8d3165e1c401 | PASS   |
+-----------------+--------------------+--------------+------------------------------------------------------------------+--------+

[stage08] evidence files
+----------------+---------------------------------------------------------------------------------------------------------------------------------------------------------------------------------------------------------------------------------------------------------------+
| kind           | path                                                                                                                                                                                                                                                          |
+----------------+---------------------------------------------------------------------------------------------------------------------------------------------------------------------------------------------------------------------------------------------------------------+
| probe_raw_json | /tmp/ZKX_dev/results/stage08_input_preview_b03_channelize_poly_5bf09d215ce4/formal/20260810T073905Z_5bf09d215ce4_stage08_b03_formal_99010002/channelize_poly_probe_raw.json                                                                                   |
| related_file   | /tmp/ZKX_dev/results/stage08_input_preview_b03_channelize_poly_5bf09d215ce4/formal/20260810T073905Z_5bf09d215ce4_stage08_b03_formal_99010002/filtering_batch03_module_summary_fft_thrust_20260810T073905Z_5bf09d215ce4_stage08_b03_formal_99010002.csv        |
| full_log       | /tmp/ZKX_dev/results/stage08_input_preview_b03_channelize_poly_5bf09d215ce4/formal/20260810T073905Z_5bf09d215ce4_stage08_b03_formal_99010002/operator_channelize_poly_full.log                                                                                |
| report_json    | /tmp/ZKX_dev/results/stage08_input_preview_b03_channelize_poly_5bf09d215ce4/formal/20260810T073905Z_5bf09d215ce4_stage08_b03_formal_99010002/operator_channelize_poly_report.json                                                                             |
| summary_txt    | /tmp/ZKX_dev/results/stage08_input_preview_b03_channelize_poly_5bf09d215ce4/formal/20260810T073905Z_5bf09d215ce4_stage08_b03_formal_99010002/operator_channelize_poly_summary.txt                                                                             |
| dtype_csv      | /tmp/ZKX_dev/results/stage08_input_preview_b03_channelize_poly_5bf09d215ce4/formal/20260810T073905Z_5bf09d215ce4_stage08_b03_formal_99010002/operator_dtype_evidence_channelize_poly_fft_thrust_20260810T073905Z_5bf09d215ce4_stage08_b03_formal_99010002.csv |
| memory_csv     | /tmp/ZKX_dev/results/stage08_input_preview_b03_channelize_poly_5bf09d215ce4/formal/20260810T073905Z_5bf09d215ce4_stage08_b03_formal_99010002/operator_filtering_channelize_poly_memory_trace_fft_thrust.csv                                                   |
| main_csv       | /tmp/ZKX_dev/results/stage08_input_preview_b03_channelize_poly_5bf09d215ce4/formal/20260810T073905Z_5bf09d215ce4_stage08_b03_formal_99010002/operator_main_results_channelize_poly_fft_thrust_20260810T073905Z_5bf09d215ce4_stage08_b03_formal_99010002.csv   |
| timing_csv     | /tmp/ZKX_dev/results/stage08_input_preview_b03_channelize_poly_5bf09d215ce4/formal/20260810T073905Z_5bf09d215ce4_stage08_b03_formal_99010002/operator_timing_samples_channelize_poly_fft_thrust_20260810T073905Z_5bf09d215ce4_stage08_b03_formal_99010002.csv |
+----------------+---------------------------------------------------------------------------------------------------------------------------------------------------------------------------------------------------------------------------------------------------------------+
[stage08-b03-formal] case=1 scale=channelize_poly_fp32_10e3 status=completed
[stage08-b03-formal] case=2 scale=channelize_poly_fp32_10e4 status=starting
STAGE08_CHANNELIZE_CASE PASS scale=channelize_poly_fp32_10e4 dtype=FP32 backend=fft_thrust measured=100 results=/tmp/ZKX_dev/results/stage08_input_preview_b03_channelize_poly_5bf09d215ce4/formal/20260810T073905Z_5bf09d215ce4_stage08_b03_formal_99010003
[stage08] identity and status
+-----------------+---------------------------+--------+------------+-------+--------+----------+--------------------------+--------+------------+
| target          | scale_id                  | device | backend    | dtype | warmup | measured | timing_scope             | status | error_code |
+-----------------+---------------------------+--------+------------+-------+--------+----------+--------------------------+--------+------------+
| channelize_poly | channelize_poly_fp32_10e4 | CPU    | fft_thrust | FP32  | 20     | 100      | compatibility/end-to-end | PASS   | OK         |
| channelize_poly | channelize_poly_fp32_10e4 | GPU    | fft_thrust | FP32  | 20     | 100      | compatibility/end-to-end | PASS   | OK         |
+-----------------+---------------------------+--------+------------+-------+--------+----------+--------------------------+--------+------------+

[stage08] timing detail
+--------+---------------------+---------------------+---------------------+---------------------+---------------------+---------------------+----------------------+----------------------+--------------------+
| device | mean_ms             | p50_ms              | p95_ms              | p99_ms              | min_ms              | max_ms              | std_ms               | cv                   | speedup            |
+--------+---------------------+---------------------+---------------------+---------------------+---------------------+---------------------+----------------------+----------------------+--------------------+
| CPU    | 75.991189419999998  | 75.955171000000007  | 76.254786550000006  | 76.417653000000001  | 75.709129000000004  | 76.419336000000001  | 0.14009547074885659  | 0.001843575180466712 | NA                 |
| GPU    | 0.59393436999999993 | 0.58679049999999999 | 0.63811204999999993 | 0.72554301000000065 | 0.57503499999999996 | 0.86186700000000005 | 0.033636064936212441 | 0.056632629184622613 | 127.94543178230283 |
+--------+---------------------+---------------------+---------------------+---------------------+---------------------+---------------------+----------------------+----------------------+--------------------+

[stage08] accuracy detail
+-----------------------------+------------------------+------------------------+------------------------+-----------------------+-------------+----------------+----------------------------------------------------------------------------------+--------+
| accuracy_reference          | mse                    | rmse                   | relative_l2            | relative_linf         | exact_match | mismatch_count | semantic_check                                                                   | status |
+-----------------------------+------------------------+------------------------+------------------------+-----------------------+-------------+----------------+----------------------------------------------------------------------------------+--------+
| cpu_typed_double_direct_dft | 2.4330004673881541e-13 | 4.9325454558353071e-07 | 8.2623830684961363e-08 | 1.553383246638568e-07 | NA          | NA             | finite_complex_fp32_channel_major_shape_matches_cpu:shape=[16, 1024];finite=true | PASS   |
+-----------------------------+------------------------+------------------------+------------------------+-----------------------+-------------+----------------+----------------------------------------------------------------------------------+--------+

[stage08] resource detail
+--------+------------+--------------+-------------+------------+-------------+
| device | metric     | before_bytes | after_bytes | peak_bytes | delta_bytes |
+--------+------------+--------------+-------------+------------+-------------+
| CPU    | cpu_heap   | 1811280      | 2010976     | 2010976    | 199696      |
| CPU    | rss        | 70893568     | 70893568    | 70893568   | 0           |
| GPU    | cpu_heap   | 2011024      | 2145408     | 2145472    | 134384      |
| GPU    | rss        | 70893568     | 71155712    | 71155712   | 262144      |
| GPU    | gpu_memory | 357777408    | 357777408   | 357777408  | 0           |
+--------+------------+--------------+-------------+------------+-------------+

[stage08] input/output identity
+--------+------------------------------------------------------------------+------------------------------------------------------------------+
| device | input_digest                                                     | output_digest                                                    |
+--------+------------------------------------------------------------------+------------------------------------------------------------------+
| CPU    | 0b2c8ae2bdb0a103e6f264429c0e32b57591d75c9c92231f24f1dba29d470834 | 87083cdb7410c84529cf0364bf9ac40d77ea91cda24fd6c732ec836bc95e5ff8 |
| GPU    | 0b2c8ae2bdb0a103e6f264429c0e32b57591d75c9c92231f24f1dba29d470834 | 0e46aaf7780da0b18146719690c37ec8689c50b778326ef6374758c86fecc417 |
+--------+------------------------------------------------------------------+------------------------------------------------------------------+

[stage08] input content
+------------+---------+-------+----------+----------------------------------------------+-------------------------------------------------------------+
| input_name | shape   | dtype | elements | generator                                    | values(head4/tail2)                                         |
+------------+---------+-------+----------+----------------------------------------------+-------------------------------------------------------------+
| x          | [16384] | FP32  | 16384    | modular_signal(seed=83010003,integral=false) | i=0:0.5;i=1:-1;i=2:-2.5;i=3:1.75;i=16382:-2.75;i=16383:1.5  |
| h          | [256]   | FP32  | 256      | modular_taps(seed=83010004,integral=false)   | i=0:-0.125;i=1:-0.375;i=2:0.5;i=3:0.25;i=254:0.5;i=255:0.25 |
+------------+---------+-------+----------+----------------------------------------------+-------------------------------------------------------------+

[stage08] case parameters
+-------------------------------------------------------------------------------------+
| parameters                                                                          |
+-------------------------------------------------------------------------------------+
| {"dtype":"FP32","h-count":"256","n-chans":"16","seed":"83010003","x-count":"16384"} |
+-------------------------------------------------------------------------------------+

[stage08] dtype evidence
+-----------------+--------------------+--------------+------------------------------------------------------------------+--------+
| requested_dtype | config_input_dtype | output_dtype | actual_input_digest                                              | status |
+-----------------+--------------------+--------------+------------------------------------------------------------------+--------+
| FP32            | NA                 | ComplexFP32  | 0b2c8ae2bdb0a103e6f264429c0e32b57591d75c9c92231f24f1dba29d470834 | PASS   |
+-----------------+--------------------+--------------+------------------------------------------------------------------+--------+

[stage08] evidence files
+----------------+---------------------------------------------------------------------------------------------------------------------------------------------------------------------------------------------------------------------------------------------------------------+
| kind           | path                                                                                                                                                                                                                                                          |
+----------------+---------------------------------------------------------------------------------------------------------------------------------------------------------------------------------------------------------------------------------------------------------------+
| probe_raw_json | /tmp/ZKX_dev/results/stage08_input_preview_b03_channelize_poly_5bf09d215ce4/formal/20260810T073905Z_5bf09d215ce4_stage08_b03_formal_99010003/channelize_poly_probe_raw.json                                                                                   |
| related_file   | /tmp/ZKX_dev/results/stage08_input_preview_b03_channelize_poly_5bf09d215ce4/formal/20260810T073905Z_5bf09d215ce4_stage08_b03_formal_99010003/filtering_batch03_module_summary_fft_thrust_20260810T073905Z_5bf09d215ce4_stage08_b03_formal_99010003.csv        |
| full_log       | /tmp/ZKX_dev/results/stage08_input_preview_b03_channelize_poly_5bf09d215ce4/formal/20260810T073905Z_5bf09d215ce4_stage08_b03_formal_99010003/operator_channelize_poly_full.log                                                                                |
| report_json    | /tmp/ZKX_dev/results/stage08_input_preview_b03_channelize_poly_5bf09d215ce4/formal/20260810T073905Z_5bf09d215ce4_stage08_b03_formal_99010003/operator_channelize_poly_report.json                                                                             |
| summary_txt    | /tmp/ZKX_dev/results/stage08_input_preview_b03_channelize_poly_5bf09d215ce4/formal/20260810T073905Z_5bf09d215ce4_stage08_b03_formal_99010003/operator_channelize_poly_summary.txt                                                                             |
| dtype_csv      | /tmp/ZKX_dev/results/stage08_input_preview_b03_channelize_poly_5bf09d215ce4/formal/20260810T073905Z_5bf09d215ce4_stage08_b03_formal_99010003/operator_dtype_evidence_channelize_poly_fft_thrust_20260810T073905Z_5bf09d215ce4_stage08_b03_formal_99010003.csv |
| memory_csv     | /tmp/ZKX_dev/results/stage08_input_preview_b03_channelize_poly_5bf09d215ce4/formal/20260810T073905Z_5bf09d215ce4_stage08_b03_formal_99010003/operator_filtering_channelize_poly_memory_trace_fft_thrust.csv                                                   |
| main_csv       | /tmp/ZKX_dev/results/stage08_input_preview_b03_channelize_poly_5bf09d215ce4/formal/20260810T073905Z_5bf09d215ce4_stage08_b03_formal_99010003/operator_main_results_channelize_poly_fft_thrust_20260810T073905Z_5bf09d215ce4_stage08_b03_formal_99010003.csv   |
| timing_csv     | /tmp/ZKX_dev/results/stage08_input_preview_b03_channelize_poly_5bf09d215ce4/formal/20260810T073905Z_5bf09d215ce4_stage08_b03_formal_99010003/operator_timing_samples_channelize_poly_fft_thrust_20260810T073905Z_5bf09d215ce4_stage08_b03_formal_99010003.csv |
+----------------+---------------------------------------------------------------------------------------------------------------------------------------------------------------------------------------------------------------------------------------------------------------+
[stage08-b03-formal] case=2 scale=channelize_poly_fp32_10e4 status=completed
[stage08-b03-formal] case=3 scale=channelize_poly_fp16_10e2 status=starting
STAGE08_CHANNELIZE_CASE PASS scale=channelize_poly_fp16_10e2 dtype=FP16 backend=fft_thrust measured=100 results=/tmp/ZKX_dev/results/stage08_input_preview_b03_channelize_poly_5bf09d215ce4/formal/20260810T073915Z_5bf09d215ce4_stage08_b03_formal_99010004
[stage08] identity and status
+-----------------+---------------------------+--------+------------+-------+--------+----------+--------------------------+--------+------------+
| target          | scale_id                  | device | backend    | dtype | warmup | measured | timing_scope             | status | error_code |
+-----------------+---------------------------+--------+------------+-------+--------+----------+--------------------------+--------+------------+
| channelize_poly | channelize_poly_fp16_10e2 | CPU    | fft_thrust | FP16  | 20     | 100      | compatibility/end-to-end | PASS   | OK         |
| channelize_poly | channelize_poly_fp16_10e2 | GPU    | fft_thrust | FP16  | 20     | 100      | compatibility/end-to-end | PASS   | OK         |
+-----------------+---------------------------+--------+------------+-------+--------+----------+--------------------------+--------+------------+

[stage08] timing detail
+--------+---------------------+---------------------+---------------------+---------------------+---------------------+---------------------+-----------------------+----------------------+---------------------+
| device | mean_ms             | p50_ms              | p95_ms              | p99_ms              | min_ms              | max_ms              | std_ms                | cv                   | speedup             |
+--------+---------------------+---------------------+---------------------+---------------------+---------------------+---------------------+-----------------------+----------------------+---------------------+
| CPU    | 0.21748460000000003 | 0.21637149999999999 | 0.22334200000000001 | 0.22846800000000025 | 0.215922            | 0.27856199999999998 | 0.0065039408622772675 | 0.029905293810583676 | NA                  |
| GPU    | 0.45193584000000003 | 0.44666399999999995 | 0.50660499999999997 | 0.51735560000000003 | 0.42669400000000002 | 0.52543399999999996 | 0.019480411779384952  | 0.043104374681558671 | 0.48122892842488441 |
+--------+---------------------+---------------------+---------------------+---------------------+---------------------+---------------------+-----------------------+----------------------+---------------------+

[stage08] accuracy detail
+-----------------------------+------------------------+------------------------+-----------------------+------------------------+-------------+----------------+-------------------------------------------------------------------------------+--------+
| accuracy_reference          | mse                    | rmse                   | relative_l2           | relative_linf          | exact_match | mismatch_count | semantic_check                                                                | status |
+-----------------------------+------------------------+------------------------+-----------------------+------------------------+-------------+----------------+-------------------------------------------------------------------------------+--------+
| cpu_typed_double_direct_dft | 8.3764375648775101e-15 | 9.1522880007556083e-08 | 3.428350098062221e-08 | 3.7205493857892667e-08 | NA          | NA             | finite_complex_fp32_channel_major_shape_matches_cpu:shape=[8, 16];finite=true | PASS   |
+-----------------------------+------------------------+------------------------+-----------------------+------------------------+-------------+----------------+-------------------------------------------------------------------------------+--------+

[stage08] resource detail
+--------+------------+--------------+-------------+------------+-------------+
| device | metric     | before_bytes | after_bytes | peak_bytes | delta_bytes |
+--------+------------+--------------+-------------+------------+-------------+
| CPU    | cpu_heap   | 1460256      | 1463344     | 1463344    | 3088        |
| CPU    | rss        | 70406144     | 70406144    | 70406144   | 0           |
| GPU    | cpu_heap   | 1463344      | 1467472     | 1467472    | 4128        |
| GPU    | rss        | 70406144     | 70406144    | 70406144   | 0           |
| GPU    | gpu_memory | 341000192    | 341000192   | 341000192  | 0           |
+--------+------------+--------------+-------------+------------+-------------+

[stage08] input/output identity
+--------+------------------------------------------------------------------+------------------------------------------------------------------+
| device | input_digest                                                     | output_digest                                                    |
+--------+------------------------------------------------------------------+------------------------------------------------------------------+
| CPU    | 2ff5778de9c3c0fa3a604e20277d5a9a5922c2f935b1ce2584bd8b29946562d3 | 8b6715a4c325fd2b7c577ad54e3cf008b2076585a7223d3189ff0e1e77b8b7af |
| GPU    | 2ff5778de9c3c0fa3a604e20277d5a9a5922c2f935b1ce2584bd8b29946562d3 | e30902bc0e5f5a5087bcc278565bb13edc0191dc873a40106213f499abd5850a |
+--------+------------------------------------------------------------------+------------------------------------------------------------------+

[stage08] input content
+------------+-------+-------+----------+----------------------------------------------+-----------------------------------------------------------------+
| input_name | shape | dtype | elements | generator                                    | values(head4/tail2)                                             |
+------------+-------+-------+----------+----------------------------------------------+-----------------------------------------------------------------+
| x          | [128] | FP16  | 128      | modular_signal(seed=83020001,integral=false) | i=0:-1.25;i=1:-2.75;i=2:1.5;i=3:0;i=126:-0.5;i=127:-2           |
| h          | [32]  | FP16  | 32       | modular_taps(seed=83020002,integral=false)   | i=0:-0.5;i=1:0.375;i=2:0.125;i=3:-0.125;i=30:-0.125;i=31:-0.375 |
+------------+-------+-------+----------+----------------------------------------------+-----------------------------------------------------------------+

[stage08] case parameters
+---------------------------------------------------------------------------------+
| parameters                                                                      |
+---------------------------------------------------------------------------------+
| {"dtype":"FP16","h-count":"32","n-chans":"8","seed":"83020001","x-count":"128"} |
+---------------------------------------------------------------------------------+

[stage08] dtype evidence
+-----------------+--------------------+--------------+------------------------------------------------------------------+--------+
| requested_dtype | config_input_dtype | output_dtype | actual_input_digest                                              | status |
+-----------------+--------------------+--------------+------------------------------------------------------------------+--------+
| FP16            | NA                 | ComplexFP32  | 2ff5778de9c3c0fa3a604e20277d5a9a5922c2f935b1ce2584bd8b29946562d3 | PASS   |
+-----------------+--------------------+--------------+------------------------------------------------------------------+--------+

[stage08] evidence files
+----------------+---------------------------------------------------------------------------------------------------------------------------------------------------------------------------------------------------------------------------------------------------------------+
| kind           | path                                                                                                                                                                                                                                                          |
+----------------+---------------------------------------------------------------------------------------------------------------------------------------------------------------------------------------------------------------------------------------------------------------+
| probe_raw_json | /tmp/ZKX_dev/results/stage08_input_preview_b03_channelize_poly_5bf09d215ce4/formal/20260810T073915Z_5bf09d215ce4_stage08_b03_formal_99010004/channelize_poly_probe_raw.json                                                                                   |
| related_file   | /tmp/ZKX_dev/results/stage08_input_preview_b03_channelize_poly_5bf09d215ce4/formal/20260810T073915Z_5bf09d215ce4_stage08_b03_formal_99010004/filtering_batch03_module_summary_fft_thrust_20260810T073915Z_5bf09d215ce4_stage08_b03_formal_99010004.csv        |
| full_log       | /tmp/ZKX_dev/results/stage08_input_preview_b03_channelize_poly_5bf09d215ce4/formal/20260810T073915Z_5bf09d215ce4_stage08_b03_formal_99010004/operator_channelize_poly_full.log                                                                                |
| report_json    | /tmp/ZKX_dev/results/stage08_input_preview_b03_channelize_poly_5bf09d215ce4/formal/20260810T073915Z_5bf09d215ce4_stage08_b03_formal_99010004/operator_channelize_poly_report.json                                                                             |
| summary_txt    | /tmp/ZKX_dev/results/stage08_input_preview_b03_channelize_poly_5bf09d215ce4/formal/20260810T073915Z_5bf09d215ce4_stage08_b03_formal_99010004/operator_channelize_poly_summary.txt                                                                             |
| dtype_csv      | /tmp/ZKX_dev/results/stage08_input_preview_b03_channelize_poly_5bf09d215ce4/formal/20260810T073915Z_5bf09d215ce4_stage08_b03_formal_99010004/operator_dtype_evidence_channelize_poly_fft_thrust_20260810T073915Z_5bf09d215ce4_stage08_b03_formal_99010004.csv |
| memory_csv     | /tmp/ZKX_dev/results/stage08_input_preview_b03_channelize_poly_5bf09d215ce4/formal/20260810T073915Z_5bf09d215ce4_stage08_b03_formal_99010004/operator_filtering_channelize_poly_memory_trace_fft_thrust.csv                                                   |
| main_csv       | /tmp/ZKX_dev/results/stage08_input_preview_b03_channelize_poly_5bf09d215ce4/formal/20260810T073915Z_5bf09d215ce4_stage08_b03_formal_99010004/operator_main_results_channelize_poly_fft_thrust_20260810T073915Z_5bf09d215ce4_stage08_b03_formal_99010004.csv   |
| timing_csv     | /tmp/ZKX_dev/results/stage08_input_preview_b03_channelize_poly_5bf09d215ce4/formal/20260810T073915Z_5bf09d215ce4_stage08_b03_formal_99010004/operator_timing_samples_channelize_poly_fft_thrust_20260810T073915Z_5bf09d215ce4_stage08_b03_formal_99010004.csv |
+----------------+---------------------------------------------------------------------------------------------------------------------------------------------------------------------------------------------------------------------------------------------------------------+
[stage08-b03-formal] case=3 scale=channelize_poly_fp16_10e2 status=completed
[stage08-b03-formal] case=4 scale=channelize_poly_fp16_10e3 status=starting
STAGE08_CHANNELIZE_CASE PASS scale=channelize_poly_fp16_10e3 dtype=FP16 backend=fft_thrust measured=100 results=/tmp/ZKX_dev/results/stage08_input_preview_b03_channelize_poly_5bf09d215ce4/formal/20260810T073915Z_5bf09d215ce4_stage08_b03_formal_99010005
[stage08] identity and status
+-----------------+---------------------------+--------+------------+-------+--------+----------+--------------------------+--------+------------+
| target          | scale_id                  | device | backend    | dtype | warmup | measured | timing_scope             | status | error_code |
+-----------------+---------------------------+--------+------------+-------+--------+----------+--------------------------+--------+------------+
| channelize_poly | channelize_poly_fp16_10e3 | CPU    | fft_thrust | FP16  | 20     | 100      | compatibility/end-to-end | PASS   | OK         |
| channelize_poly | channelize_poly_fp16_10e3 | GPU    | fft_thrust | FP16  | 20     | 100      | compatibility/end-to-end | PASS   | OK         |
+-----------------+---------------------------+--------+------------+-------+--------+----------+--------------------------+--------+------------+

[stage08] timing detail
+--------+---------------------+---------------------+---------------------+---------------------+--------------------+---------------------+-----------------------+-----------------------+--------------------+
| device | mean_ms             | p50_ms              | p95_ms              | p99_ms              | min_ms             | max_ms              | std_ms                | cv                    | speedup            |
+--------+---------------------+---------------------+---------------------+---------------------+--------------------+---------------------+-----------------------+-----------------------+--------------------+
| CPU    | 3.5004212200000002  | 3.5004055000000003  | 3.51084145          | 3.5136989999999999  | 3.4903599999999999 | 3.514491            | 0.0052637730604196999 | 0.0015037541854519153 | NA                 |
| GPU    | 0.46372075000000001 | 0.45738400000000001 | 0.51940755000000005 | 0.52939351000000046 | 0.441243           | 0.62824599999999997 | 0.024689715636424407  | 0.053242637161318329  | 7.5485542106968477 |
+--------+---------------------+---------------------+---------------------+---------------------+--------------------+---------------------+-----------------------+-----------------------+--------------------+

[stage08] accuracy detail
+-----------------------------+------------------------+------------------------+------------------------+------------------------+-------------+----------------+--------------------------------------------------------------------------------+--------+
| accuracy_reference          | mse                    | rmse                   | relative_l2            | relative_linf          | exact_match | mismatch_count | semantic_check                                                                 | status |
+-----------------------------+------------------------+------------------------+------------------------+------------------------+-------------+----------------+--------------------------------------------------------------------------------+--------+
| cpu_typed_double_direct_dft | 2.7549953769964729e-14 | 1.6598178746466351e-07 | 4.4502306633322646e-08 | 6.7636476340868799e-08 | NA          | NA             | finite_complex_fp32_channel_major_shape_matches_cpu:shape=[8, 128];finite=true | PASS   |
+-----------------------------+------------------------+------------------------+------------------------+------------------------+-------------+----------------+--------------------------------------------------------------------------------+--------+

[stage08] resource detail
+--------+------------+--------------+-------------+------------+-------------+
| device | metric     | before_bytes | after_bytes | peak_bytes | delta_bytes |
+--------+------------+--------------+-------------+------------+-------------+
| CPU    | cpu_heap   | 1497136      | 1510784     | 1510784    | 13648       |
| CPU    | rss        | 71245824     | 71282688    | 71282688   | 36864       |
| GPU    | cpu_heap   | 1510784      | 1521968     | 1521968    | 11184       |
| GPU    | rss        | 71282688     | 71282688    | 71282688   | 0           |
| GPU    | gpu_memory | 357777408    | 357777408   | 357777408  | 0           |
+--------+------------+--------------+-------------+------------+-------------+

[stage08] input/output identity
+--------+------------------------------------------------------------------+------------------------------------------------------------------+
| device | input_digest                                                     | output_digest                                                    |
+--------+------------------------------------------------------------------+------------------------------------------------------------------+
| CPU    | d33e5a79a136f9ef1e87982d6250c836e6470981430db1c7d9708b08a67c9c08 | 49d2cffc52c9e62c4d2e586efc3e980e951b90b04b40e1edc3fdf231ff0d3d8e |
| GPU    | d33e5a79a136f9ef1e87982d6250c836e6470981430db1c7d9708b08a67c9c08 | 60668a05bc01107a3e2d21e82aeb0cd571b3ea4ccedf184b5402b240bfe5a383 |
+--------+------------------------------------------------------------------+------------------------------------------------------------------+

[stage08] input content
+------------+--------+-------+----------+----------------------------------------------+---------------------------------------------------------------+
| input_name | shape  | dtype | elements | generator                                    | values(head4/tail2)                                           |
+------------+--------+-------+----------+----------------------------------------------+---------------------------------------------------------------+
| x          | [1024] | FP16  | 1024     | modular_signal(seed=83020002,integral=false) | i=0:-1;i=1:-2.5;i=2:1.75;i=3:0.25;i=1022:1.25;i=1023:-0.25    |
| h          | [64]   | FP16  | 64       | modular_taps(seed=83020003,integral=false)   | i=0:-0.125;i=1:-0.375;i=2:0.5;i=3:0.25;i=62:0.125;i=63:-0.125 |
+------------+--------+-------+----------+----------------------------------------------+---------------------------------------------------------------+

[stage08] case parameters
+----------------------------------------------------------------------------------+
| parameters                                                                       |
+----------------------------------------------------------------------------------+
| {"dtype":"FP16","h-count":"64","n-chans":"8","seed":"83020002","x-count":"1024"} |
+----------------------------------------------------------------------------------+

[stage08] dtype evidence
+-----------------+--------------------+--------------+------------------------------------------------------------------+--------+
| requested_dtype | config_input_dtype | output_dtype | actual_input_digest                                              | status |
+-----------------+--------------------+--------------+------------------------------------------------------------------+--------+
| FP16            | NA                 | ComplexFP32  | d33e5a79a136f9ef1e87982d6250c836e6470981430db1c7d9708b08a67c9c08 | PASS   |
+-----------------+--------------------+--------------+------------------------------------------------------------------+--------+

[stage08] evidence files
+----------------+---------------------------------------------------------------------------------------------------------------------------------------------------------------------------------------------------------------------------------------------------------------+
| kind           | path                                                                                                                                                                                                                                                          |
+----------------+---------------------------------------------------------------------------------------------------------------------------------------------------------------------------------------------------------------------------------------------------------------+
| probe_raw_json | /tmp/ZKX_dev/results/stage08_input_preview_b03_channelize_poly_5bf09d215ce4/formal/20260810T073915Z_5bf09d215ce4_stage08_b03_formal_99010005/channelize_poly_probe_raw.json                                                                                   |
| related_file   | /tmp/ZKX_dev/results/stage08_input_preview_b03_channelize_poly_5bf09d215ce4/formal/20260810T073915Z_5bf09d215ce4_stage08_b03_formal_99010005/filtering_batch03_module_summary_fft_thrust_20260810T073915Z_5bf09d215ce4_stage08_b03_formal_99010005.csv        |
| full_log       | /tmp/ZKX_dev/results/stage08_input_preview_b03_channelize_poly_5bf09d215ce4/formal/20260810T073915Z_5bf09d215ce4_stage08_b03_formal_99010005/operator_channelize_poly_full.log                                                                                |
| report_json    | /tmp/ZKX_dev/results/stage08_input_preview_b03_channelize_poly_5bf09d215ce4/formal/20260810T073915Z_5bf09d215ce4_stage08_b03_formal_99010005/operator_channelize_poly_report.json                                                                             |
| summary_txt    | /tmp/ZKX_dev/results/stage08_input_preview_b03_channelize_poly_5bf09d215ce4/formal/20260810T073915Z_5bf09d215ce4_stage08_b03_formal_99010005/operator_channelize_poly_summary.txt                                                                             |
| dtype_csv      | /tmp/ZKX_dev/results/stage08_input_preview_b03_channelize_poly_5bf09d215ce4/formal/20260810T073915Z_5bf09d215ce4_stage08_b03_formal_99010005/operator_dtype_evidence_channelize_poly_fft_thrust_20260810T073915Z_5bf09d215ce4_stage08_b03_formal_99010005.csv |
| memory_csv     | /tmp/ZKX_dev/results/stage08_input_preview_b03_channelize_poly_5bf09d215ce4/formal/20260810T073915Z_5bf09d215ce4_stage08_b03_formal_99010005/operator_filtering_channelize_poly_memory_trace_fft_thrust.csv                                                   |
| main_csv       | /tmp/ZKX_dev/results/stage08_input_preview_b03_channelize_poly_5bf09d215ce4/formal/20260810T073915Z_5bf09d215ce4_stage08_b03_formal_99010005/operator_main_results_channelize_poly_fft_thrust_20260810T073915Z_5bf09d215ce4_stage08_b03_formal_99010005.csv   |
| timing_csv     | /tmp/ZKX_dev/results/stage08_input_preview_b03_channelize_poly_5bf09d215ce4/formal/20260810T073915Z_5bf09d215ce4_stage08_b03_formal_99010005/operator_timing_samples_channelize_poly_fft_thrust_20260810T073915Z_5bf09d215ce4_stage08_b03_formal_99010005.csv |
+----------------+---------------------------------------------------------------------------------------------------------------------------------------------------------------------------------------------------------------------------------------------------------------+
[stage08-b03-formal] case=4 scale=channelize_poly_fp16_10e3 status=completed
[stage08-b03-formal] case=5 scale=channelize_poly_fp16_10e4 status=starting
STAGE08_CHANNELIZE_CASE PASS scale=channelize_poly_fp16_10e4 dtype=FP16 backend=fft_thrust measured=100 results=/tmp/ZKX_dev/results/stage08_input_preview_b03_channelize_poly_5bf09d215ce4/formal/20260810T073916Z_5bf09d215ce4_stage08_b03_formal_99010006
[stage08] identity and status
+-----------------+---------------------------+--------+------------+-------+--------+----------+--------------------------+--------+------------+
| target          | scale_id                  | device | backend    | dtype | warmup | measured | timing_scope             | status | error_code |
+-----------------+---------------------------+--------+------------+-------+--------+----------+--------------------------+--------+------------+
| channelize_poly | channelize_poly_fp16_10e4 | CPU    | fft_thrust | FP16  | 20     | 100      | compatibility/end-to-end | PASS   | OK         |
| channelize_poly | channelize_poly_fp16_10e4 | GPU    | fft_thrust | FP16  | 20     | 100      | compatibility/end-to-end | PASS   | OK         |
+-----------------+---------------------------+--------+------------+-------+--------+----------+--------------------------+--------+------------+

[stage08] timing detail
+--------+---------------------+---------------------+---------------------+--------------------+---------------------+---------------------+----------------------+----------------------+--------------------+
| device | mean_ms             | p50_ms              | p95_ms              | p99_ms             | min_ms              | max_ms              | std_ms               | cv                   | speedup            |
+--------+---------------------+---------------------+---------------------+--------------------+---------------------+---------------------+----------------------+----------------------+--------------------+
| CPU    | 219.02560811000001  | 218.98140050000001  | 219.34868399999999  | 219.61436297       | 218.72439           | 220.40883500000001  | 0.21978302877301029  | 0.001003458137473267 | NA                 |
| GPU    | 0.59524321999999996 | 0.58766000000000007 | 0.60755499999999996 | 0.8058035100000005 | 0.57509500000000002 | 0.90148799999999996 | 0.040226500585206264 | 0.067579939146902454 | 367.95985363764413 |
+--------+---------------------+---------------------+---------------------+--------------------+---------------------+---------------------+----------------------+----------------------+--------------------+

[stage08] accuracy detail
+-----------------------------+------------------------+------------------------+------------------------+------------------------+-------------+----------------+----------------------------------------------------------------------------------+--------+
| accuracy_reference          | mse                    | rmse                   | relative_l2            | relative_linf          | exact_match | mismatch_count | semantic_check                                                                   | status |
+-----------------------------+------------------------+------------------------+------------------------+------------------------+-------------+----------------+----------------------------------------------------------------------------------+--------+
| cpu_typed_double_direct_dft | 2.4539407109593804e-13 | 4.9537265880944425e-07 | 8.3830272855390579e-08 | 1.3936831669678848e-07 | NA          | NA             | finite_complex_fp32_channel_major_shape_matches_cpu:shape=[16, 1024];finite=true | PASS   |
+-----------------------------+------------------------+------------------------+------------------------+------------------------+-------------+----------------+----------------------------------------------------------------------------------+--------+

[stage08] resource detail
+--------+------------+--------------+-------------+------------+-------------+
| device | metric     | before_bytes | after_bytes | peak_bytes | delta_bytes |
+--------+------------+--------------+-------------+------------+-------------+
| CPU    | cpu_heap   | 1784352      | 1951840     | 1951840    | 167488      |
| CPU    | rss        | 71221248     | 71221248    | 71221248   | 0           |
| GPU    | cpu_heap   | 1951840      | 2086320     | 2086320    | 134480      |
| GPU    | rss        | 71221248     | 71483392    | 71483392   | 262144      |
| GPU    | gpu_memory | 357777408    | 357777408   | 357777408  | 0           |
+--------+------------+--------------+-------------+------------+-------------+

[stage08] input/output identity
+--------+------------------------------------------------------------------+------------------------------------------------------------------+
| device | input_digest                                                     | output_digest                                                    |
+--------+------------------------------------------------------------------+------------------------------------------------------------------+
| CPU    | d8ee7bb4fec5875201220876224d7a3e234c661196ddfeafd609b775e9365021 | 6b56b28aeb92399e5bd36f6c676f5a0cefdb3bcd3cb66fb74986304905c7a392 |
| GPU    | d8ee7bb4fec5875201220876224d7a3e234c661196ddfeafd609b775e9365021 | 73571b549a55bb701955ac3391c13c2b7b8b48fb16b25e2cc1c17ad26a626190 |
+--------+------------------------------------------------------------------+------------------------------------------------------------------+

[stage08] input content
+------------+---------+-------+----------+----------------------------------------------+-------------------------------------------------------------+
| input_name | shape   | dtype | elements | generator                                    | values(head4/tail2)                                         |
+------------+---------+-------+----------+----------------------------------------------+-------------------------------------------------------------+
| x          | [16384] | FP16  | 16384    | modular_signal(seed=83020003,integral=false) | i=0:-0.75;i=1:-2.25;i=2:2;i=3:0.5;i=16382:1.75;i=16383:0.25 |
| h          | [256]   | FP16  | 256      | modular_taps(seed=83020004,integral=false)   | i=0:0.25;i=1:0;i=2:-0.25;i=3:-0.5;i=254:-0.25;i=255:-0.5    |
+------------+---------+-------+----------+----------------------------------------------+-------------------------------------------------------------+

[stage08] case parameters
+-------------------------------------------------------------------------------------+
| parameters                                                                          |
+-------------------------------------------------------------------------------------+
| {"dtype":"FP16","h-count":"256","n-chans":"16","seed":"83020003","x-count":"16384"} |
+-------------------------------------------------------------------------------------+

[stage08] dtype evidence
+-----------------+--------------------+--------------+------------------------------------------------------------------+--------+
| requested_dtype | config_input_dtype | output_dtype | actual_input_digest                                              | status |
+-----------------+--------------------+--------------+------------------------------------------------------------------+--------+
| FP16            | NA                 | ComplexFP32  | d8ee7bb4fec5875201220876224d7a3e234c661196ddfeafd609b775e9365021 | PASS   |
+-----------------+--------------------+--------------+------------------------------------------------------------------+--------+

[stage08] evidence files
+----------------+---------------------------------------------------------------------------------------------------------------------------------------------------------------------------------------------------------------------------------------------------------------+
| kind           | path                                                                                                                                                                                                                                                          |
+----------------+---------------------------------------------------------------------------------------------------------------------------------------------------------------------------------------------------------------------------------------------------------------+
| probe_raw_json | /tmp/ZKX_dev/results/stage08_input_preview_b03_channelize_poly_5bf09d215ce4/formal/20260810T073916Z_5bf09d215ce4_stage08_b03_formal_99010006/channelize_poly_probe_raw.json                                                                                   |
| related_file   | /tmp/ZKX_dev/results/stage08_input_preview_b03_channelize_poly_5bf09d215ce4/formal/20260810T073916Z_5bf09d215ce4_stage08_b03_formal_99010006/filtering_batch03_module_summary_fft_thrust_20260810T073916Z_5bf09d215ce4_stage08_b03_formal_99010006.csv        |
| full_log       | /tmp/ZKX_dev/results/stage08_input_preview_b03_channelize_poly_5bf09d215ce4/formal/20260810T073916Z_5bf09d215ce4_stage08_b03_formal_99010006/operator_channelize_poly_full.log                                                                                |
| report_json    | /tmp/ZKX_dev/results/stage08_input_preview_b03_channelize_poly_5bf09d215ce4/formal/20260810T073916Z_5bf09d215ce4_stage08_b03_formal_99010006/operator_channelize_poly_report.json                                                                             |
| summary_txt    | /tmp/ZKX_dev/results/stage08_input_preview_b03_channelize_poly_5bf09d215ce4/formal/20260810T073916Z_5bf09d215ce4_stage08_b03_formal_99010006/operator_channelize_poly_summary.txt                                                                             |
| dtype_csv      | /tmp/ZKX_dev/results/stage08_input_preview_b03_channelize_poly_5bf09d215ce4/formal/20260810T073916Z_5bf09d215ce4_stage08_b03_formal_99010006/operator_dtype_evidence_channelize_poly_fft_thrust_20260810T073916Z_5bf09d215ce4_stage08_b03_formal_99010006.csv |
| memory_csv     | /tmp/ZKX_dev/results/stage08_input_preview_b03_channelize_poly_5bf09d215ce4/formal/20260810T073916Z_5bf09d215ce4_stage08_b03_formal_99010006/operator_filtering_channelize_poly_memory_trace_fft_thrust.csv                                                   |
| main_csv       | /tmp/ZKX_dev/results/stage08_input_preview_b03_channelize_poly_5bf09d215ce4/formal/20260810T073916Z_5bf09d215ce4_stage08_b03_formal_99010006/operator_main_results_channelize_poly_fft_thrust_20260810T073916Z_5bf09d215ce4_stage08_b03_formal_99010006.csv   |
| timing_csv     | /tmp/ZKX_dev/results/stage08_input_preview_b03_channelize_poly_5bf09d215ce4/formal/20260810T073916Z_5bf09d215ce4_stage08_b03_formal_99010006/operator_timing_samples_channelize_poly_fft_thrust_20260810T073916Z_5bf09d215ce4_stage08_b03_formal_99010006.csv |
+----------------+---------------------------------------------------------------------------------------------------------------------------------------------------------------------------------------------------------------------------------------------------------------+
[stage08-b03-formal] case=5 scale=channelize_poly_fp16_10e4 status=completed
[stage08-b03-formal] case=6 scale=channelize_poly_int32_10e2 status=starting
STAGE08_CHANNELIZE_CASE PASS scale=channelize_poly_int32_10e2 dtype=INT32 backend=fft_thrust measured=100 results=/tmp/ZKX_dev/results/stage08_input_preview_b03_channelize_poly_5bf09d215ce4/formal/20260810T073942Z_5bf09d215ce4_stage08_b03_formal_99010007
[stage08] identity and status
+-----------------+----------------------------+--------+------------+-------+--------+----------+--------------------------+--------+------------+
| target          | scale_id                   | device | backend    | dtype | warmup | measured | timing_scope             | status | error_code |
+-----------------+----------------------------+--------+------------+-------+--------+----------+--------------------------+--------+------------+
| channelize_poly | channelize_poly_int32_10e2 | CPU    | fft_thrust | INT32 | 20     | 100      | compatibility/end-to-end | PASS   | OK         |
| channelize_poly | channelize_poly_int32_10e2 | GPU    | fft_thrust | INT32 | 20     | 100      | compatibility/end-to-end | PASS   | OK         |
+-----------------+----------------------------+--------+------------+-------+--------+----------+--------------------------+--------+------------+

[stage08] timing detail
+--------+----------------------+----------------------+----------------------+----------------------+----------------------+----------------------+-----------------------+----------------------+---------------------+
| device | mean_ms              | p50_ms               | p95_ms               | p99_ms               | min_ms               | max_ms               | std_ms                | cv                   | speedup             |
+--------+----------------------+----------------------+----------------------+----------------------+----------------------+----------------------+-----------------------+----------------------+---------------------+
| CPU    | 0.086482860000000009 | 0.086240999999999998 | 0.086375450000000006 | 0.093803200000000003 | 0.086130999999999999 | 0.095010999999999998 | 0.0013443743453368929 | 0.015544980188408348 | NA                  |
| GPU    | 0.44901163999999999  | 0.44207299999999999  | 0.51512999999999998  | 0.53034360000000025  | 0.41933399999999998  | 0.56980500000000001  | 0.025514645010863857  | 0.056824016880417307 | 0.19260716715495396 |
+--------+----------------------+----------------------+----------------------+----------------------+----------------------+----------------------+-----------------------+----------------------+---------------------+

[stage08] accuracy detail
+-----------------------------+------------------------+-----------------------+------------------------+------------------------+-------------+----------------+-------------------------------------------------------------------------------+--------+
| accuracy_reference          | mse                    | rmse                  | relative_l2            | relative_linf          | exact_match | mismatch_count | semantic_check                                                                | status |
+-----------------------------+------------------------+-----------------------+------------------------+------------------------+-------------+----------------+-------------------------------------------------------------------------------+--------+
| cpu_typed_double_direct_dft | 1.3355094807820933e-11 | 3.654462314461723e-06 | 4.1556666849234001e-08 | 4.0259676189510718e-08 | NA          | NA             | finite_complex_fp32_channel_major_shape_matches_cpu:shape=[8, 16];finite=true | PASS   |
+-----------------------------+------------------------+-----------------------+------------------------+------------------------+-------------+----------------+-------------------------------------------------------------------------------+--------+

[stage08] resource detail
+--------+------------+--------------+-------------+------------+-------------+
| device | metric     | before_bytes | after_bytes | peak_bytes | delta_bytes |
+--------+------------+--------------+-------------+------------+-------------+
| CPU    | cpu_heap   | 1459904      | 1463808     | 1463808    | 3904        |
| CPU    | rss        | 70356992     | 70356992    | 70356992   | 0           |
| GPU    | cpu_heap   | 1463808      | 1468208     | 1468208    | 4400        |
| GPU    | rss        | 70356992     | 70356992    | 70356992   | 0           |
| GPU    | gpu_memory | 341000192    | 341000192   | 341000192  | 0           |
+--------+------------+--------------+-------------+------------+-------------+

[stage08] input/output identity
+--------+------------------------------------------------------------------+------------------------------------------------------------------+
| device | input_digest                                                     | output_digest                                                    |
+--------+------------------------------------------------------------------+------------------------------------------------------------------+
| CPU    | 97f3ee30cd9ac943635144f243d175a37a9677b97c0ee08dbc680376b830e092 | ffef2f26414ba3fee83957ff21e0481e22e8ab1d18d19ad99d599890edf245a3 |
| GPU    | 97f3ee30cd9ac943635144f243d175a37a9677b97c0ee08dbc680376b830e092 | 4825f6887637b09e84998de07b10b9b0de65412580267156e8e6964d2ce289af |
+--------+------------------------------------------------------------------+------------------------------------------------------------------+

[stage08] input content
+------------+-------+-------+----------+---------------------------------------------+----------------------------------------------+
| input_name | shape | dtype | elements | generator                                   | values(head4/tail2)                          |
+------------+-------+-------+----------+---------------------------------------------+----------------------------------------------+
| x          | [128] | INT32 | 128      | modular_signal(seed=83030001,integral=true) | i=0:-10;i=1:7;i=2:1;i=3:-5;i=126:-7;i=127:10 |
| h          | [32]  | INT32 | 32       | modular_taps(seed=83030002,integral=true)   | i=0:-1;i=1:-3;i=2:4;i=3:2;i=30:2;i=31:0      |
+------------+-------+-------+----------+---------------------------------------------+----------------------------------------------+

[stage08] case parameters
+----------------------------------------------------------------------------------+
| parameters                                                                       |
+----------------------------------------------------------------------------------+
| {"dtype":"INT32","h-count":"32","n-chans":"8","seed":"83030001","x-count":"128"} |
+----------------------------------------------------------------------------------+

[stage08] dtype evidence
+-----------------+--------------------+--------------+------------------------------------------------------------------+--------+
| requested_dtype | config_input_dtype | output_dtype | actual_input_digest                                              | status |
+-----------------+--------------------+--------------+------------------------------------------------------------------+--------+
| INT32           | NA                 | ComplexFP32  | 97f3ee30cd9ac943635144f243d175a37a9677b97c0ee08dbc680376b830e092 | PASS   |
+-----------------+--------------------+--------------+------------------------------------------------------------------+--------+

[stage08] evidence files
+----------------+---------------------------------------------------------------------------------------------------------------------------------------------------------------------------------------------------------------------------------------------------------------+
| kind           | path                                                                                                                                                                                                                                                          |
+----------------+---------------------------------------------------------------------------------------------------------------------------------------------------------------------------------------------------------------------------------------------------------------+
| probe_raw_json | /tmp/ZKX_dev/results/stage08_input_preview_b03_channelize_poly_5bf09d215ce4/formal/20260810T073942Z_5bf09d215ce4_stage08_b03_formal_99010007/channelize_poly_probe_raw.json                                                                                   |
| related_file   | /tmp/ZKX_dev/results/stage08_input_preview_b03_channelize_poly_5bf09d215ce4/formal/20260810T073942Z_5bf09d215ce4_stage08_b03_formal_99010007/filtering_batch03_module_summary_fft_thrust_20260810T073942Z_5bf09d215ce4_stage08_b03_formal_99010007.csv        |
| full_log       | /tmp/ZKX_dev/results/stage08_input_preview_b03_channelize_poly_5bf09d215ce4/formal/20260810T073942Z_5bf09d215ce4_stage08_b03_formal_99010007/operator_channelize_poly_full.log                                                                                |
| report_json    | /tmp/ZKX_dev/results/stage08_input_preview_b03_channelize_poly_5bf09d215ce4/formal/20260810T073942Z_5bf09d215ce4_stage08_b03_formal_99010007/operator_channelize_poly_report.json                                                                             |
| summary_txt    | /tmp/ZKX_dev/results/stage08_input_preview_b03_channelize_poly_5bf09d215ce4/formal/20260810T073942Z_5bf09d215ce4_stage08_b03_formal_99010007/operator_channelize_poly_summary.txt                                                                             |
| dtype_csv      | /tmp/ZKX_dev/results/stage08_input_preview_b03_channelize_poly_5bf09d215ce4/formal/20260810T073942Z_5bf09d215ce4_stage08_b03_formal_99010007/operator_dtype_evidence_channelize_poly_fft_thrust_20260810T073942Z_5bf09d215ce4_stage08_b03_formal_99010007.csv |
| memory_csv     | /tmp/ZKX_dev/results/stage08_input_preview_b03_channelize_poly_5bf09d215ce4/formal/20260810T073942Z_5bf09d215ce4_stage08_b03_formal_99010007/operator_filtering_channelize_poly_memory_trace_fft_thrust.csv                                                   |
| main_csv       | /tmp/ZKX_dev/results/stage08_input_preview_b03_channelize_poly_5bf09d215ce4/formal/20260810T073942Z_5bf09d215ce4_stage08_b03_formal_99010007/operator_main_results_channelize_poly_fft_thrust_20260810T073942Z_5bf09d215ce4_stage08_b03_formal_99010007.csv   |
| timing_csv     | /tmp/ZKX_dev/results/stage08_input_preview_b03_channelize_poly_5bf09d215ce4/formal/20260810T073942Z_5bf09d215ce4_stage08_b03_formal_99010007/operator_timing_samples_channelize_poly_fft_thrust_20260810T073942Z_5bf09d215ce4_stage08_b03_formal_99010007.csv |
+----------------+---------------------------------------------------------------------------------------------------------------------------------------------------------------------------------------------------------------------------------------------------------------+
[stage08-b03-formal] case=6 scale=channelize_poly_int32_10e2 status=completed
[stage08-b03-formal] case=7 scale=channelize_poly_int32_10e3 status=starting
STAGE08_CHANNELIZE_CASE PASS scale=channelize_poly_int32_10e3 dtype=INT32 backend=fft_thrust measured=100 results=/tmp/ZKX_dev/results/stage08_input_preview_b03_channelize_poly_5bf09d215ce4/formal/20260810T073943Z_5bf09d215ce4_stage08_b03_formal_99010008
[stage08] identity and status
+-----------------+----------------------------+--------+------------+-------+--------+----------+--------------------------+--------+------------+
| target          | scale_id                   | device | backend    | dtype | warmup | measured | timing_scope             | status | error_code |
+-----------------+----------------------------+--------+------------+-------+--------+----------+--------------------------+--------+------------+
| channelize_poly | channelize_poly_int32_10e3 | CPU    | fft_thrust | INT32 | 20     | 100      | compatibility/end-to-end | PASS   | OK         |
| channelize_poly | channelize_poly_int32_10e3 | GPU    | fft_thrust | INT32 | 20     | 100      | compatibility/end-to-end | PASS   | OK         |
+-----------------+----------------------------+--------+------------+-------+--------+----------+--------------------------+--------+------------+

[stage08] timing detail
+--------+---------------------+---------------------+---------------------+---------------------+---------------------+---------------------+----------------------+-----------------------+--------------------+
| device | mean_ms             | p50_ms              | p95_ms              | p99_ms              | min_ms              | max_ms              | std_ms               | cv                    | speedup            |
+--------+---------------------+---------------------+---------------------+---------------------+---------------------+---------------------+----------------------+-----------------------+--------------------+
| CPU    | 1.18386408          | 1.1807755           | 1.1933335           | 1.2001857100000004  | 1.17733             | 1.280842            | 0.010930929583233075 | 0.0092332639936445037 | NA                 |
| GPU    | 0.42438492000000005 | 0.41664899999999999 | 0.45600449999999998 | 0.48629561000000032 | 0.39768300000000001 | 0.53991500000000003 | 0.021824122466976771 | 0.051425301509244882  | 2.7895997812551867 |
+--------+---------------------+---------------------+---------------------+---------------------+---------------------+---------------------+----------------------+-----------------------+--------------------+

[stage08] accuracy detail
+-----------------------------+------------------------+-----------------------+------------------------+------------------------+-------------+----------------+--------------------------------------------------------------------------------+--------+
| accuracy_reference          | mse                    | rmse                  | relative_l2            | relative_linf          | exact_match | mismatch_count | semantic_check                                                                 | status |
+-----------------------------+------------------------+-----------------------+------------------------+------------------------+-------------+----------------+--------------------------------------------------------------------------------+--------+
| cpu_typed_double_direct_dft | 1.9241235327200712e-11 | 4.386483252812065e-06 | 3.6768042986263904e-08 | 4.7683715820312503e-08 | NA          | NA             | finite_complex_fp32_channel_major_shape_matches_cpu:shape=[8, 128];finite=true | PASS   |
+-----------------------------+------------------------+-----------------------+------------------------+------------------------+-------------+----------------+--------------------------------------------------------------------------------+--------+

[stage08] resource detail
+--------+------------+--------------+-------------+------------+-------------+
| device | metric     | before_bytes | after_bytes | peak_bytes | delta_bytes |
+--------+------------+--------------+-------------+------------+-------------+
| CPU    | cpu_heap   | 1499680      | 1515088     | 1515088    | 15408       |
| CPU    | rss        | 71008256     | 71045120    | 71045120   | 36864       |
| GPU    | cpu_heap   | 1515088      | 1526272     | 1526368    | 11184       |
| GPU    | rss        | 71045120     | 71045120    | 71045120   | 0           |
| GPU    | gpu_memory | 357777408    | 357777408   | 357777408  | 0           |
+--------+------------+--------------+-------------+------------+-------------+

[stage08] input/output identity
+--------+------------------------------------------------------------------+------------------------------------------------------------------+
| device | input_digest                                                     | output_digest                                                    |
+--------+------------------------------------------------------------------+------------------------------------------------------------------+
| CPU    | 3419666f653392f315509f9f102e8df95fed833a38f83df6d548ec1fd8d3d718 | 34ea67d0db64978f33ccdece134fea6e936b7ad7599c171693a720a7e5a5e094 |
| GPU    | 3419666f653392f315509f9f102e8df95fed833a38f83df6d548ec1fd8d3d718 | 6a9cacc57c6bd0ae7c672d0bf04e03dcec7926bdb99c3b2358b6bda062f173f5 |
+--------+------------------------------------------------------------------+------------------------------------------------------------------+

[stage08] input content
+------------+--------+-------+----------+---------------------------------------------+----------------------------------------------+
| input_name | shape  | dtype | elements | generator                                   | values(head4/tail2)                          |
+------------+--------+-------+----------+---------------------------------------------+----------------------------------------------+
| x          | [1024] | INT32 | 1024     | modular_signal(seed=83030002,integral=true) | i=0:-9;i=1:8;i=2:2;i=3:-4;i=1022:0;i=1023:-6 |
| h          | [64]   | INT32 | 64       | modular_taps(seed=83030003,integral=true)   | i=0:2;i=1:0;i=2:-2;i=3:-4;i=62:4;i=63:2      |
+------------+--------+-------+----------+---------------------------------------------+----------------------------------------------+

[stage08] case parameters
+-----------------------------------------------------------------------------------+
| parameters                                                                        |
+-----------------------------------------------------------------------------------+
| {"dtype":"INT32","h-count":"64","n-chans":"8","seed":"83030002","x-count":"1024"} |
+-----------------------------------------------------------------------------------+

[stage08] dtype evidence
+-----------------+--------------------+--------------+------------------------------------------------------------------+--------+
| requested_dtype | config_input_dtype | output_dtype | actual_input_digest                                              | status |
+-----------------+--------------------+--------------+------------------------------------------------------------------+--------+
| INT32           | NA                 | ComplexFP32  | 3419666f653392f315509f9f102e8df95fed833a38f83df6d548ec1fd8d3d718 | PASS   |
+-----------------+--------------------+--------------+------------------------------------------------------------------+--------+

[stage08] evidence files
+----------------+---------------------------------------------------------------------------------------------------------------------------------------------------------------------------------------------------------------------------------------------------------------+
| kind           | path                                                                                                                                                                                                                                                          |
+----------------+---------------------------------------------------------------------------------------------------------------------------------------------------------------------------------------------------------------------------------------------------------------+
| probe_raw_json | /tmp/ZKX_dev/results/stage08_input_preview_b03_channelize_poly_5bf09d215ce4/formal/20260810T073943Z_5bf09d215ce4_stage08_b03_formal_99010008/channelize_poly_probe_raw.json                                                                                   |
| related_file   | /tmp/ZKX_dev/results/stage08_input_preview_b03_channelize_poly_5bf09d215ce4/formal/20260810T073943Z_5bf09d215ce4_stage08_b03_formal_99010008/filtering_batch03_module_summary_fft_thrust_20260810T073943Z_5bf09d215ce4_stage08_b03_formal_99010008.csv        |
| full_log       | /tmp/ZKX_dev/results/stage08_input_preview_b03_channelize_poly_5bf09d215ce4/formal/20260810T073943Z_5bf09d215ce4_stage08_b03_formal_99010008/operator_channelize_poly_full.log                                                                                |
| report_json    | /tmp/ZKX_dev/results/stage08_input_preview_b03_channelize_poly_5bf09d215ce4/formal/20260810T073943Z_5bf09d215ce4_stage08_b03_formal_99010008/operator_channelize_poly_report.json                                                                             |
| summary_txt    | /tmp/ZKX_dev/results/stage08_input_preview_b03_channelize_poly_5bf09d215ce4/formal/20260810T073943Z_5bf09d215ce4_stage08_b03_formal_99010008/operator_channelize_poly_summary.txt                                                                             |
| dtype_csv      | /tmp/ZKX_dev/results/stage08_input_preview_b03_channelize_poly_5bf09d215ce4/formal/20260810T073943Z_5bf09d215ce4_stage08_b03_formal_99010008/operator_dtype_evidence_channelize_poly_fft_thrust_20260810T073943Z_5bf09d215ce4_stage08_b03_formal_99010008.csv |
| memory_csv     | /tmp/ZKX_dev/results/stage08_input_preview_b03_channelize_poly_5bf09d215ce4/formal/20260810T073943Z_5bf09d215ce4_stage08_b03_formal_99010008/operator_filtering_channelize_poly_memory_trace_fft_thrust.csv                                                   |
| main_csv       | /tmp/ZKX_dev/results/stage08_input_preview_b03_channelize_poly_5bf09d215ce4/formal/20260810T073943Z_5bf09d215ce4_stage08_b03_formal_99010008/operator_main_results_channelize_poly_fft_thrust_20260810T073943Z_5bf09d215ce4_stage08_b03_formal_99010008.csv   |
| timing_csv     | /tmp/ZKX_dev/results/stage08_input_preview_b03_channelize_poly_5bf09d215ce4/formal/20260810T073943Z_5bf09d215ce4_stage08_b03_formal_99010008/operator_timing_samples_channelize_poly_fft_thrust_20260810T073943Z_5bf09d215ce4_stage08_b03_formal_99010008.csv |
+----------------+---------------------------------------------------------------------------------------------------------------------------------------------------------------------------------------------------------------------------------------------------------------+
[stage08-b03-formal] case=7 scale=channelize_poly_int32_10e3 status=completed
[stage08-b03-formal] case=8 scale=channelize_poly_int32_10e4 status=starting
STAGE08_CHANNELIZE_CASE PASS scale=channelize_poly_int32_10e4 dtype=INT32 backend=fft_thrust measured=100 results=/tmp/ZKX_dev/results/stage08_input_preview_b03_channelize_poly_5bf09d215ce4/formal/20260810T073943Z_5bf09d215ce4_stage08_b03_formal_99010009
[stage08] identity and status
+-----------------+----------------------------+--------+------------+-------+--------+----------+--------------------------+--------+------------+
| target          | scale_id                   | device | backend    | dtype | warmup | measured | timing_scope             | status | error_code |
+-----------------+----------------------------+--------+------------+-------+--------+----------+--------------------------+--------+------------+
| channelize_poly | channelize_poly_int32_10e4 | CPU    | fft_thrust | INT32 | 20     | 100      | compatibility/end-to-end | PASS   | OK         |
| channelize_poly | channelize_poly_int32_10e4 | GPU    | fft_thrust | INT32 | 20     | 100      | compatibility/end-to-end | PASS   | OK         |
+-----------------+----------------------------+--------+------------+-------+--------+----------+--------------------------+--------+------------+

[stage08] timing detail
+--------+---------------------+---------------------+---------------------+---------------------+---------------------+---------------------+----------------------+-----------------------+--------------------+
| device | mean_ms             | p50_ms              | p95_ms              | p99_ms              | min_ms              | max_ms              | std_ms               | cv                    | speedup            |
+--------+---------------------+---------------------+---------------------+---------------------+---------------------+---------------------+----------------------+-----------------------+--------------------+
| CPU    | 75.329223529999993  | 75.28094999999999   | 75.662161449999999  | 75.885698619999999  | 75.017228000000003  | 76.046338000000006  | 0.1772271789699004   | 0.0023527015235902354 | NA                 |
| GPU    | 0.58967787999999999 | 0.58436500000000002 | 0.60725094999999996 | 0.67608930000000034 | 0.57079500000000005 | 0.74076600000000004 | 0.021297052873240466 | 0.036116418125164314  | 127.74639525226891 |
+--------+---------------------+---------------------+---------------------+---------------------+---------------------+---------------------+----------------------+-----------------------+--------------------+

[stage08] accuracy detail
+-----------------------------+------------------------+------------------------+------------------------+-----------------------+-------------+----------------+----------------------------------------------------------------------------------+--------+
| accuracy_reference          | mse                    | rmse                   | relative_l2            | relative_linf         | exact_match | mismatch_count | semantic_check                                                                   | status |
+-----------------------------+------------------------+------------------------+------------------------+-----------------------+-------------+----------------+----------------------------------------------------------------------------------+--------+
| cpu_typed_double_direct_dft | 2.7263317298187317e-10 | 1.6511607219827912e-05 | 8.6074233196346663e-08 | 1.391231782445106e-07 | NA          | NA             | finite_complex_fp32_channel_major_shape_matches_cpu:shape=[16, 1024];finite=true | PASS   |
+-----------------------------+------------------------+------------------------+------------------------+-----------------------+-------------+----------------+----------------------------------------------------------------------------------+--------+

[stage08] resource detail
+--------+------------+--------------+-------------+------------+-------------+
| device | metric     | before_bytes | after_bytes | peak_bytes | delta_bytes |
+--------+------------+--------------+-------------+------------+-------------+
| CPU    | cpu_heap   | 1810320      | 2010016     | 2010016    | 199696      |
| CPU    | rss        | 70811648     | 70811648    | 70811648   | 0           |
| GPU    | cpu_heap   | 2010112      | 2144544     | 2144544    | 134432      |
| GPU    | rss        | 70811648     | 71073792    | 71073792   | 262144      |
| GPU    | gpu_memory | 357777408    | 357777408   | 357777408  | 0           |
+--------+------------+--------------+-------------+------------+-------------+

[stage08] input/output identity
+--------+------------------------------------------------------------------+------------------------------------------------------------------+
| device | input_digest                                                     | output_digest                                                    |
+--------+------------------------------------------------------------------+------------------------------------------------------------------+
| CPU    | 31494cf4c7cb69ba94b21b1b50a7368854b396eb8c2447dfa4175fd94164dfd8 | 9868d55e9bab2f60d8734483667021a130f8bdc5e609654cb7dbc7994678f395 |
| GPU    | 31494cf4c7cb69ba94b21b1b50a7368854b396eb8c2447dfa4175fd94164dfd8 | 69c85260860b83c7a5dbd3d7221248d47dbea9af413d6d4a6f487dde0e257c0c |
+--------+------------------------------------------------------------------+------------------------------------------------------------------+

[stage08] input content
+------------+---------+-------+----------+---------------------------------------------+------------------------------------------------+
| input_name | shape   | dtype | elements | generator                                   | values(head4/tail2)                            |
+------------+---------+-------+----------+---------------------------------------------+------------------------------------------------+
| x          | [16384] | INT32 | 16384    | modular_signal(seed=83030003,integral=true) | i=0:-8;i=1:9;i=2:3;i=3:-3;i=16382:2;i=16383:-4 |
| h          | [256]   | INT32 | 256      | modular_taps(seed=83030004,integral=true)   | i=0:-4;i=1:3;i=2:1;i=3:-1;i=254:1;i=255:-1     |
+------------+---------+-------+----------+---------------------------------------------+------------------------------------------------+

[stage08] case parameters
+--------------------------------------------------------------------------------------+
| parameters                                                                           |
+--------------------------------------------------------------------------------------+
| {"dtype":"INT32","h-count":"256","n-chans":"16","seed":"83030003","x-count":"16384"} |
+--------------------------------------------------------------------------------------+

[stage08] dtype evidence
+-----------------+--------------------+--------------+------------------------------------------------------------------+--------+
| requested_dtype | config_input_dtype | output_dtype | actual_input_digest                                              | status |
+-----------------+--------------------+--------------+------------------------------------------------------------------+--------+
| INT32           | NA                 | ComplexFP32  | 31494cf4c7cb69ba94b21b1b50a7368854b396eb8c2447dfa4175fd94164dfd8 | PASS   |
+-----------------+--------------------+--------------+------------------------------------------------------------------+--------+

[stage08] evidence files
+----------------+---------------------------------------------------------------------------------------------------------------------------------------------------------------------------------------------------------------------------------------------------------------+
| kind           | path                                                                                                                                                                                                                                                          |
+----------------+---------------------------------------------------------------------------------------------------------------------------------------------------------------------------------------------------------------------------------------------------------------+
| probe_raw_json | /tmp/ZKX_dev/results/stage08_input_preview_b03_channelize_poly_5bf09d215ce4/formal/20260810T073943Z_5bf09d215ce4_stage08_b03_formal_99010009/channelize_poly_probe_raw.json                                                                                   |
| related_file   | /tmp/ZKX_dev/results/stage08_input_preview_b03_channelize_poly_5bf09d215ce4/formal/20260810T073943Z_5bf09d215ce4_stage08_b03_formal_99010009/filtering_batch03_module_summary_fft_thrust_20260810T073943Z_5bf09d215ce4_stage08_b03_formal_99010009.csv        |
| full_log       | /tmp/ZKX_dev/results/stage08_input_preview_b03_channelize_poly_5bf09d215ce4/formal/20260810T073943Z_5bf09d215ce4_stage08_b03_formal_99010009/operator_channelize_poly_full.log                                                                                |
| report_json    | /tmp/ZKX_dev/results/stage08_input_preview_b03_channelize_poly_5bf09d215ce4/formal/20260810T073943Z_5bf09d215ce4_stage08_b03_formal_99010009/operator_channelize_poly_report.json                                                                             |
| summary_txt    | /tmp/ZKX_dev/results/stage08_input_preview_b03_channelize_poly_5bf09d215ce4/formal/20260810T073943Z_5bf09d215ce4_stage08_b03_formal_99010009/operator_channelize_poly_summary.txt                                                                             |
| dtype_csv      | /tmp/ZKX_dev/results/stage08_input_preview_b03_channelize_poly_5bf09d215ce4/formal/20260810T073943Z_5bf09d215ce4_stage08_b03_formal_99010009/operator_dtype_evidence_channelize_poly_fft_thrust_20260810T073943Z_5bf09d215ce4_stage08_b03_formal_99010009.csv |
| memory_csv     | /tmp/ZKX_dev/results/stage08_input_preview_b03_channelize_poly_5bf09d215ce4/formal/20260810T073943Z_5bf09d215ce4_stage08_b03_formal_99010009/operator_filtering_channelize_poly_memory_trace_fft_thrust.csv                                                   |
| main_csv       | /tmp/ZKX_dev/results/stage08_input_preview_b03_channelize_poly_5bf09d215ce4/formal/20260810T073943Z_5bf09d215ce4_stage08_b03_formal_99010009/operator_main_results_channelize_poly_fft_thrust_20260810T073943Z_5bf09d215ce4_stage08_b03_formal_99010009.csv   |
| timing_csv     | /tmp/ZKX_dev/results/stage08_input_preview_b03_channelize_poly_5bf09d215ce4/formal/20260810T073943Z_5bf09d215ce4_stage08_b03_formal_99010009/operator_timing_samples_channelize_poly_fft_thrust_20260810T073943Z_5bf09d215ce4_stage08_b03_formal_99010009.csv |
+----------------+---------------------------------------------------------------------------------------------------------------------------------------------------------------------------------------------------------------------------------------------------------------+
[stage08-b03-formal] case=8 scale=channelize_poly_int32_10e4 status=completed
[stage08-b03-formal] case=9 scale=channelize_poly_int16_10e2 status=starting
STAGE08_CHANNELIZE_CASE PASS scale=channelize_poly_int16_10e2 dtype=INT16 backend=fft_thrust measured=100 results=/tmp/ZKX_dev/results/stage08_input_preview_b03_channelize_poly_5bf09d215ce4/formal/20260810T073952Z_5bf09d215ce4_stage08_b03_formal_9901000a
[stage08] identity and status
+-----------------+----------------------------+--------+------------+-------+--------+----------+--------------------------+--------+------------+
| target          | scale_id                   | device | backend    | dtype | warmup | measured | timing_scope             | status | error_code |
+-----------------+----------------------------+--------+------------+-------+--------+----------+--------------------------+--------+------------+
| channelize_poly | channelize_poly_int16_10e2 | CPU    | fft_thrust | INT16 | 20     | 100      | compatibility/end-to-end | PASS   | OK         |
| channelize_poly | channelize_poly_int16_10e2 | GPU    | fft_thrust | INT16 | 20     | 100      | compatibility/end-to-end | PASS   | OK         |
+-----------------+----------------------------+--------+------------+-------+--------+----------+--------------------------+--------+------------+

[stage08] timing detail
+--------+----------------------+----------------------+----------------------+---------------------+---------------------+----------------------+-----------------------+----------------------+--------------------+
| device | mean_ms              | p50_ms               | p95_ms               | p99_ms              | min_ms              | max_ms               | std_ms                | cv                   | speedup            |
+--------+----------------------+----------------------+----------------------+---------------------+---------------------+----------------------+-----------------------+----------------------+--------------------+
| CPU    | 0.087684370000000011 | 0.087504999999999999 | 0.087641499999999997 | 0.09469530000000001 | 0.087381            | 0.098090999999999998 | 0.0012674921195415768 | 0.014455165949662141 | NA                 |
| GPU    | 0.44552560999999996  | 0.44022899999999998  | 0.49839344999999996  | 0.5207192100000001  | 0.41941400000000001 | 0.54202499999999998  | 0.021062832913876992  | 0.047276368498495501 | 0.1968110654738793 |
+--------+----------------------+----------------------+----------------------+---------------------+---------------------+----------------------+-----------------------+----------------------+--------------------+

[stage08] accuracy detail
+-----------------------------+------------------------+------------------------+------------------------+------------------------+-------------+----------------+-------------------------------------------------------------------------------+--------+
| accuracy_reference          | mse                    | rmse                   | relative_l2            | relative_linf          | exact_match | mismatch_count | semantic_check                                                                | status |
+-----------------------------+------------------------+------------------------+------------------------+------------------------+-------------+----------------+-------------------------------------------------------------------------------+--------+
| cpu_typed_double_direct_dft | 1.1348921801853275e-11 | 3.3688160831148495e-06 | 3.7253779801420418e-08 | 4.7953747639061658e-08 | NA          | NA             | finite_complex_fp32_channel_major_shape_matches_cpu:shape=[8, 16];finite=true | PASS   |
+-----------------------------+------------------------+------------------------+------------------------+------------------------+-------------+----------------+-------------------------------------------------------------------------------+--------+

[stage08] resource detail
+--------+------------+--------------+-------------+------------+-------------+
| device | metric     | before_bytes | after_bytes | peak_bytes | delta_bytes |
+--------+------------+--------------+-------------+------------+-------------+
| CPU    | cpu_heap   | 1459648      | 1462736     | 1462736    | 3088        |
| CPU    | rss        | 71004160     | 71004160    | 71004160   | 0           |
| GPU    | cpu_heap   | 1462736      | 1467056     | 1467056    | 4320        |
| GPU    | rss        | 71004160     | 71004160    | 71004160   | 0           |
| GPU    | gpu_memory | 341000192    | 341000192   | 341000192  | 0           |
+--------+------------+--------------+-------------+------------+-------------+

[stage08] input/output identity
+--------+------------------------------------------------------------------+------------------------------------------------------------------+
| device | input_digest                                                     | output_digest                                                    |
+--------+------------------------------------------------------------------+------------------------------------------------------------------+
| CPU    | 1464f14c428bbf20b9d1450dc3ad00ac09f034e4d64fe85f907aaa6785d38bcc | 621265e833c4c48e8333367c12902b573c815eff0932acc4adfc8be1745a4e4a |
| GPU    | 1464f14c428bbf20b9d1450dc3ad00ac09f034e4d64fe85f907aaa6785d38bcc | c1fad98efccc51e20d4f4b3cb55be04b348a28e83f77940528c3230649749020 |
+--------+------------------------------------------------------------------+------------------------------------------------------------------+

[stage08] input content
+------------+-------+-------+----------+---------------------------------------------+---------------------------------------------+
| input_name | shape | dtype | elements | generator                                   | values(head4/tail2)                         |
+------------+-------+-------+----------+---------------------------------------------+---------------------------------------------+
| x          | [128] | INT16 | 128      | modular_signal(seed=83040001,integral=true) | i=0:8;i=1:2;i=2:-4;i=3:-10;i=126:11;i=127:5 |
| h          | [32]  | INT16 | 32       | modular_taps(seed=83040002,integral=true)   | i=0:2;i=1:0;i=2:-2;i=3:-4;i=30:-4;i=31:3    |
+------------+-------+-------+----------+---------------------------------------------+---------------------------------------------+

[stage08] case parameters
+----------------------------------------------------------------------------------+
| parameters                                                                       |
+----------------------------------------------------------------------------------+
| {"dtype":"INT16","h-count":"32","n-chans":"8","seed":"83040001","x-count":"128"} |
+----------------------------------------------------------------------------------+

[stage08] dtype evidence
+-----------------+--------------------+--------------+------------------------------------------------------------------+--------+
| requested_dtype | config_input_dtype | output_dtype | actual_input_digest                                              | status |
+-----------------+--------------------+--------------+------------------------------------------------------------------+--------+
| INT16           | NA                 | ComplexFP32  | 1464f14c428bbf20b9d1450dc3ad00ac09f034e4d64fe85f907aaa6785d38bcc | PASS   |
+-----------------+--------------------+--------------+------------------------------------------------------------------+--------+

[stage08] evidence files
+----------------+---------------------------------------------------------------------------------------------------------------------------------------------------------------------------------------------------------------------------------------------------------------+
| kind           | path                                                                                                                                                                                                                                                          |
+----------------+---------------------------------------------------------------------------------------------------------------------------------------------------------------------------------------------------------------------------------------------------------------+
| probe_raw_json | /tmp/ZKX_dev/results/stage08_input_preview_b03_channelize_poly_5bf09d215ce4/formal/20260810T073952Z_5bf09d215ce4_stage08_b03_formal_9901000a/channelize_poly_probe_raw.json                                                                                   |
| related_file   | /tmp/ZKX_dev/results/stage08_input_preview_b03_channelize_poly_5bf09d215ce4/formal/20260810T073952Z_5bf09d215ce4_stage08_b03_formal_9901000a/filtering_batch03_module_summary_fft_thrust_20260810T073952Z_5bf09d215ce4_stage08_b03_formal_9901000a.csv        |
| full_log       | /tmp/ZKX_dev/results/stage08_input_preview_b03_channelize_poly_5bf09d215ce4/formal/20260810T073952Z_5bf09d215ce4_stage08_b03_formal_9901000a/operator_channelize_poly_full.log                                                                                |
| report_json    | /tmp/ZKX_dev/results/stage08_input_preview_b03_channelize_poly_5bf09d215ce4/formal/20260810T073952Z_5bf09d215ce4_stage08_b03_formal_9901000a/operator_channelize_poly_report.json                                                                             |
| summary_txt    | /tmp/ZKX_dev/results/stage08_input_preview_b03_channelize_poly_5bf09d215ce4/formal/20260810T073952Z_5bf09d215ce4_stage08_b03_formal_9901000a/operator_channelize_poly_summary.txt                                                                             |
| dtype_csv      | /tmp/ZKX_dev/results/stage08_input_preview_b03_channelize_poly_5bf09d215ce4/formal/20260810T073952Z_5bf09d215ce4_stage08_b03_formal_9901000a/operator_dtype_evidence_channelize_poly_fft_thrust_20260810T073952Z_5bf09d215ce4_stage08_b03_formal_9901000a.csv |
| memory_csv     | /tmp/ZKX_dev/results/stage08_input_preview_b03_channelize_poly_5bf09d215ce4/formal/20260810T073952Z_5bf09d215ce4_stage08_b03_formal_9901000a/operator_filtering_channelize_poly_memory_trace_fft_thrust.csv                                                   |
| main_csv       | /tmp/ZKX_dev/results/stage08_input_preview_b03_channelize_poly_5bf09d215ce4/formal/20260810T073952Z_5bf09d215ce4_stage08_b03_formal_9901000a/operator_main_results_channelize_poly_fft_thrust_20260810T073952Z_5bf09d215ce4_stage08_b03_formal_9901000a.csv   |
| timing_csv     | /tmp/ZKX_dev/results/stage08_input_preview_b03_channelize_poly_5bf09d215ce4/formal/20260810T073952Z_5bf09d215ce4_stage08_b03_formal_9901000a/operator_timing_samples_channelize_poly_fft_thrust_20260810T073952Z_5bf09d215ce4_stage08_b03_formal_9901000a.csv |
+----------------+---------------------------------------------------------------------------------------------------------------------------------------------------------------------------------------------------------------------------------------------------------------+
[stage08-b03-formal] case=9 scale=channelize_poly_int16_10e2 status=completed
[stage08-b03-formal] case=10 scale=channelize_poly_int16_10e3 status=starting
STAGE08_CHANNELIZE_CASE PASS scale=channelize_poly_int16_10e3 dtype=INT16 backend=fft_thrust measured=100 results=/tmp/ZKX_dev/results/stage08_input_preview_b03_channelize_poly_5bf09d215ce4/formal/20260810T073952Z_5bf09d215ce4_stage08_b03_formal_9901000b
[stage08] identity and status
+-----------------+----------------------------+--------+------------+-------+--------+----------+--------------------------+--------+------------+
| target          | scale_id                   | device | backend    | dtype | warmup | measured | timing_scope             | status | error_code |
+-----------------+----------------------------+--------+------------+-------+--------+----------+--------------------------+--------+------------+
| channelize_poly | channelize_poly_int16_10e3 | CPU    | fft_thrust | INT16 | 20     | 100      | compatibility/end-to-end | PASS   | OK         |
| channelize_poly | channelize_poly_int16_10e3 | GPU    | fft_thrust | INT16 | 20     | 100      | compatibility/end-to-end | PASS   | OK         |
+-----------------+----------------------------+--------+------------+-------+--------+----------+--------------------------+--------+------------+

[stage08] timing detail
+--------+---------------------+---------------------+---------------------+---------------------+---------------------+--------------------+-----------------------+----------------------+-------------------+
| device | mean_ms             | p50_ms              | p95_ms              | p99_ms              | min_ms              | max_ms             | std_ms                | cv                   | speedup           |
+--------+---------------------+---------------------+---------------------+---------------------+---------------------+--------------------+-----------------------+----------------------+-------------------+
| CPU    | 1.17907396          | 1.17624             | 1.1884914500000001  | 1.1918640100000004  | 1.1725300000000001  | 1.2467109999999999 | 0.0083522592080466432 | 0.007083744948490461 | NA                |
| GPU    | 0.46016913000000004 | 0.45624399999999998 | 0.47306244999999997 | 0.61227070000000006 | 0.43569400000000003 | 0.618676           | 0.025008945444642404  | 0.054347290624737046 | 2.562262183906165 |
+--------+---------------------+---------------------+---------------------+---------------------+---------------------+--------------------+-----------------------+----------------------+-------------------+

[stage08] accuracy detail
+-----------------------------+------------------------+------------------------+------------------------+-----------------------+-------------+----------------+--------------------------------------------------------------------------------+--------+
| accuracy_reference          | mse                    | rmse                   | relative_l2            | relative_linf         | exact_match | mismatch_count | semantic_check                                                                 | status |
+-----------------------------+------------------------+------------------------+------------------------+-----------------------+-------------+----------------+--------------------------------------------------------------------------------+--------+
| cpu_typed_double_direct_dft | 3.6421839502698283e-11 | 6.0350509113592643e-06 | 4.9962681027172654e-08 | 6.136634819798613e-08 | NA          | NA             | finite_complex_fp32_channel_major_shape_matches_cpu:shape=[8, 128];finite=true | PASS   |
+-----------------------------+------------------------+------------------------+------------------------+-----------------------+-------------+----------------+--------------------------------------------------------------------------------+--------+

[stage08] resource detail
+--------+------------+--------------+-------------+------------+-------------+
| device | metric     | before_bytes | after_bytes | peak_bytes | delta_bytes |
+--------+------------+--------------+-------------+------------+-------------+
| CPU    | cpu_heap   | 1497232      | 1511168     | 1511168    | 13936       |
| CPU    | rss        | 71200768     | 71237632    | 71237632   | 36864       |
| GPU    | cpu_heap   | 1511168      | 1521984     | 1521984    | 10816       |
| GPU    | rss        | 71237632     | 71237632    | 71237632   | 0           |
| GPU    | gpu_memory | 357777408    | 357777408   | 357777408  | 0           |
+--------+------------+--------------+-------------+------------+-------------+

[stage08] input/output identity
+--------+------------------------------------------------------------------+------------------------------------------------------------------+
| device | input_digest                                                     | output_digest                                                    |
+--------+------------------------------------------------------------------+------------------------------------------------------------------+
| CPU    | 68cdb28285c70a32c31cef15c7eecdc697106d25f369548d72d94894589122f8 | adc2946cf12999b4f89a6366e51fd00c5b6930483ecd68b0d51673900a1c9041 |
| GPU    | 68cdb28285c70a32c31cef15c7eecdc697106d25f369548d72d94894589122f8 | 3ec82abcc562536d31dbaf2ec34369699fb41141e4775a8f9e6e564e6903369a |
+--------+------------------------------------------------------------------+------------------------------------------------------------------+

[stage08] input content
+------------+--------+-------+----------+---------------------------------------------+------------------------------------------------+
| input_name | shape  | dtype | elements | generator                                   | values(head4/tail2)                            |
+------------+--------+-------+----------+---------------------------------------------+------------------------------------------------+
| x          | [1024] | INT16 | 1024     | modular_signal(seed=83040002,integral=true) | i=0:9;i=1:3;i=2:-3;i=3:-9;i=1022:-5;i=1023:-11 |
| h          | [64]   | INT16 | 64       | modular_taps(seed=83040003,integral=true)   | i=0:-4;i=1:3;i=2:1;i=3:-1;i=62:-2;i=63:-4      |
+------------+--------+-------+----------+---------------------------------------------+------------------------------------------------+

[stage08] case parameters
+-----------------------------------------------------------------------------------+
| parameters                                                                        |
+-----------------------------------------------------------------------------------+
| {"dtype":"INT16","h-count":"64","n-chans":"8","seed":"83040002","x-count":"1024"} |
+-----------------------------------------------------------------------------------+

[stage08] dtype evidence
+-----------------+--------------------+--------------+------------------------------------------------------------------+--------+
| requested_dtype | config_input_dtype | output_dtype | actual_input_digest                                              | status |
+-----------------+--------------------+--------------+------------------------------------------------------------------+--------+
| INT16           | NA                 | ComplexFP32  | 68cdb28285c70a32c31cef15c7eecdc697106d25f369548d72d94894589122f8 | PASS   |
+-----------------+--------------------+--------------+------------------------------------------------------------------+--------+

[stage08] evidence files
+----------------+---------------------------------------------------------------------------------------------------------------------------------------------------------------------------------------------------------------------------------------------------------------+
| kind           | path                                                                                                                                                                                                                                                          |
+----------------+---------------------------------------------------------------------------------------------------------------------------------------------------------------------------------------------------------------------------------------------------------------+
| probe_raw_json | /tmp/ZKX_dev/results/stage08_input_preview_b03_channelize_poly_5bf09d215ce4/formal/20260810T073952Z_5bf09d215ce4_stage08_b03_formal_9901000b/channelize_poly_probe_raw.json                                                                                   |
| related_file   | /tmp/ZKX_dev/results/stage08_input_preview_b03_channelize_poly_5bf09d215ce4/formal/20260810T073952Z_5bf09d215ce4_stage08_b03_formal_9901000b/filtering_batch03_module_summary_fft_thrust_20260810T073952Z_5bf09d215ce4_stage08_b03_formal_9901000b.csv        |
| full_log       | /tmp/ZKX_dev/results/stage08_input_preview_b03_channelize_poly_5bf09d215ce4/formal/20260810T073952Z_5bf09d215ce4_stage08_b03_formal_9901000b/operator_channelize_poly_full.log                                                                                |
| report_json    | /tmp/ZKX_dev/results/stage08_input_preview_b03_channelize_poly_5bf09d215ce4/formal/20260810T073952Z_5bf09d215ce4_stage08_b03_formal_9901000b/operator_channelize_poly_report.json                                                                             |
| summary_txt    | /tmp/ZKX_dev/results/stage08_input_preview_b03_channelize_poly_5bf09d215ce4/formal/20260810T073952Z_5bf09d215ce4_stage08_b03_formal_9901000b/operator_channelize_poly_summary.txt                                                                             |
| dtype_csv      | /tmp/ZKX_dev/results/stage08_input_preview_b03_channelize_poly_5bf09d215ce4/formal/20260810T073952Z_5bf09d215ce4_stage08_b03_formal_9901000b/operator_dtype_evidence_channelize_poly_fft_thrust_20260810T073952Z_5bf09d215ce4_stage08_b03_formal_9901000b.csv |
| memory_csv     | /tmp/ZKX_dev/results/stage08_input_preview_b03_channelize_poly_5bf09d215ce4/formal/20260810T073952Z_5bf09d215ce4_stage08_b03_formal_9901000b/operator_filtering_channelize_poly_memory_trace_fft_thrust.csv                                                   |
| main_csv       | /tmp/ZKX_dev/results/stage08_input_preview_b03_channelize_poly_5bf09d215ce4/formal/20260810T073952Z_5bf09d215ce4_stage08_b03_formal_9901000b/operator_main_results_channelize_poly_fft_thrust_20260810T073952Z_5bf09d215ce4_stage08_b03_formal_9901000b.csv   |
| timing_csv     | /tmp/ZKX_dev/results/stage08_input_preview_b03_channelize_poly_5bf09d215ce4/formal/20260810T073952Z_5bf09d215ce4_stage08_b03_formal_9901000b/operator_timing_samples_channelize_poly_fft_thrust_20260810T073952Z_5bf09d215ce4_stage08_b03_formal_9901000b.csv |
+----------------+---------------------------------------------------------------------------------------------------------------------------------------------------------------------------------------------------------------------------------------------------------------+
[stage08-b03-formal] case=10 scale=channelize_poly_int16_10e3 status=completed
[stage08-b03-formal] case=11 scale=channelize_poly_int16_10e4 status=starting
STAGE08_CHANNELIZE_CASE PASS scale=channelize_poly_int16_10e4 dtype=INT16 backend=fft_thrust measured=100 results=/tmp/ZKX_dev/results/stage08_input_preview_b03_channelize_poly_5bf09d215ce4/formal/20260810T073953Z_5bf09d215ce4_stage08_b03_formal_9901000c
[stage08] identity and status
+-----------------+----------------------------+--------+------------+-------+--------+----------+--------------------------+--------+------------+
| target          | scale_id                   | device | backend    | dtype | warmup | measured | timing_scope             | status | error_code |
+-----------------+----------------------------+--------+------------+-------+--------+----------+--------------------------+--------+------------+
| channelize_poly | channelize_poly_int16_10e4 | CPU    | fft_thrust | INT16 | 20     | 100      | compatibility/end-to-end | PASS   | OK         |
| channelize_poly | channelize_poly_int16_10e4 | GPU    | fft_thrust | INT16 | 20     | 100      | compatibility/end-to-end | PASS   | OK         |
+-----------------+----------------------------+--------+------------+-------+--------+----------+--------------------------+--------+------------+

[stage08] timing detail
+--------+--------------------+---------------------+--------------------+---------------------+--------------------+---------------------+----------------------+----------------------+--------------------+
| device | mean_ms            | p50_ms              | p95_ms             | p99_ms              | min_ms             | max_ms              | std_ms               | cv                   | speedup            |
+--------+--------------------+---------------------+--------------------+---------------------+--------------------+---------------------+----------------------+----------------------+--------------------+
| CPU    | 76.225490690000001 | 76.188119           | 76.578287000000003 | 76.637687790000001  | 75.987847000000002 | 76.722114000000005  | 0.14603105122587487  | 0.001915777122639535 | NA                 |
| GPU    | 0.58819378         | 0.58360499999999993 | 0.6182939999999999 | 0.64588102000000047 | 0.564855           | 0.74349699999999996 | 0.020505665258937586 | 0.034862091297425124 | 129.59248003268584 |
+--------+--------------------+---------------------+--------------------+---------------------+--------------------+---------------------+----------------------+----------------------+--------------------+

[stage08] accuracy detail
+-----------------------------+------------------------+-----------------------+------------------------+------------------------+-------------+----------------+----------------------------------------------------------------------------------+--------+
| accuracy_reference          | mse                    | rmse                  | relative_l2            | relative_linf          | exact_match | mismatch_count | semantic_check                                                                   | status |
+-----------------------------+------------------------+-----------------------+------------------------+------------------------+-------------+----------------+----------------------------------------------------------------------------------+--------+
| cpu_typed_double_direct_dft | 2.4917087547448626e-10 | 1.578514730607498e-05 | 8.2606048621680845e-08 | 1.3538571128914733e-07 | NA          | NA             | finite_complex_fp32_channel_major_shape_matches_cpu:shape=[16, 1024];finite=true | PASS   |
+-----------------------------+------------------------+-----------------------+------------------------+------------------------+-------------+----------------+----------------------------------------------------------------------------------+--------+

[stage08] resource detail
+--------+------------+--------------+-------------+------------+-------------+
| device | metric     | before_bytes | after_bytes | peak_bytes | delta_bytes |
+--------+------------+--------------+-------------+------------+-------------+
| CPU    | cpu_heap   | 1777008      | 1944464     | 1944464    | 167456      |
| CPU    | rss        | 71176192     | 71176192    | 71176192   | 0           |
| GPU    | cpu_heap   | 1944512      | 2078896     | 2078960    | 134384      |
| GPU    | rss        | 71176192     | 71434240    | 71434240   | 258048      |
| GPU    | gpu_memory | 357777408    | 357777408   | 357777408  | 0           |
+--------+------------+--------------+-------------+------------+-------------+

[stage08] input/output identity
+--------+------------------------------------------------------------------+------------------------------------------------------------------+
| device | input_digest                                                     | output_digest                                                    |
+--------+------------------------------------------------------------------+------------------------------------------------------------------+
| CPU    | 808b2d4a7005878fd57f7633044f7f3e94cd0c2c887c32c7f2ccf8c22f2f4f53 | d2b435e1283643402c51031f7b79fc7b932b485a9c56f12658fbfcfb4a2990c3 |
| GPU    | 808b2d4a7005878fd57f7633044f7f3e94cd0c2c887c32c7f2ccf8c22f2f4f53 | f27919d7011db20ede9af51e3ed27973aabc829abc50da7a8e82dc8d75ae8d0c |
+--------+------------------------------------------------------------------+------------------------------------------------------------------+

[stage08] input content
+------------+---------+-------+----------+---------------------------------------------+--------------------------------------------------+
| input_name | shape   | dtype | elements | generator                                   | values(head4/tail2)                              |
+------------+---------+-------+----------+---------------------------------------------+--------------------------------------------------+
| x          | [16384] | INT16 | 16384    | modular_signal(seed=83040003,integral=true) | i=0:10;i=1:4;i=2:-2;i=3:-8;i=16382:-3;i=16383:-9 |
| h          | [256]   | INT16 | 256      | modular_taps(seed=83040004,integral=true)   | i=0:-1;i=1:-3;i=2:4;i=3:2;i=254:4;i=255:2        |
+------------+---------+-------+----------+---------------------------------------------+--------------------------------------------------+

[stage08] case parameters
+--------------------------------------------------------------------------------------+
| parameters                                                                           |
+--------------------------------------------------------------------------------------+
| {"dtype":"INT16","h-count":"256","n-chans":"16","seed":"83040003","x-count":"16384"} |
+--------------------------------------------------------------------------------------+

[stage08] dtype evidence
+-----------------+--------------------+--------------+------------------------------------------------------------------+--------+
| requested_dtype | config_input_dtype | output_dtype | actual_input_digest                                              | status |
+-----------------+--------------------+--------------+------------------------------------------------------------------+--------+
| INT16           | NA                 | ComplexFP32  | 808b2d4a7005878fd57f7633044f7f3e94cd0c2c887c32c7f2ccf8c22f2f4f53 | PASS   |
+-----------------+--------------------+--------------+------------------------------------------------------------------+--------+

[stage08] evidence files
+----------------+---------------------------------------------------------------------------------------------------------------------------------------------------------------------------------------------------------------------------------------------------------------+
| kind           | path                                                                                                                                                                                                                                                          |
+----------------+---------------------------------------------------------------------------------------------------------------------------------------------------------------------------------------------------------------------------------------------------------------+
| probe_raw_json | /tmp/ZKX_dev/results/stage08_input_preview_b03_channelize_poly_5bf09d215ce4/formal/20260810T073953Z_5bf09d215ce4_stage08_b03_formal_9901000c/channelize_poly_probe_raw.json                                                                                   |
| related_file   | /tmp/ZKX_dev/results/stage08_input_preview_b03_channelize_poly_5bf09d215ce4/formal/20260810T073953Z_5bf09d215ce4_stage08_b03_formal_9901000c/filtering_batch03_module_summary_fft_thrust_20260810T073953Z_5bf09d215ce4_stage08_b03_formal_9901000c.csv        |
| full_log       | /tmp/ZKX_dev/results/stage08_input_preview_b03_channelize_poly_5bf09d215ce4/formal/20260810T073953Z_5bf09d215ce4_stage08_b03_formal_9901000c/operator_channelize_poly_full.log                                                                                |
| report_json    | /tmp/ZKX_dev/results/stage08_input_preview_b03_channelize_poly_5bf09d215ce4/formal/20260810T073953Z_5bf09d215ce4_stage08_b03_formal_9901000c/operator_channelize_poly_report.json                                                                             |
| summary_txt    | /tmp/ZKX_dev/results/stage08_input_preview_b03_channelize_poly_5bf09d215ce4/formal/20260810T073953Z_5bf09d215ce4_stage08_b03_formal_9901000c/operator_channelize_poly_summary.txt                                                                             |
| dtype_csv      | /tmp/ZKX_dev/results/stage08_input_preview_b03_channelize_poly_5bf09d215ce4/formal/20260810T073953Z_5bf09d215ce4_stage08_b03_formal_9901000c/operator_dtype_evidence_channelize_poly_fft_thrust_20260810T073953Z_5bf09d215ce4_stage08_b03_formal_9901000c.csv |
| memory_csv     | /tmp/ZKX_dev/results/stage08_input_preview_b03_channelize_poly_5bf09d215ce4/formal/20260810T073953Z_5bf09d215ce4_stage08_b03_formal_9901000c/operator_filtering_channelize_poly_memory_trace_fft_thrust.csv                                                   |
| main_csv       | /tmp/ZKX_dev/results/stage08_input_preview_b03_channelize_poly_5bf09d215ce4/formal/20260810T073953Z_5bf09d215ce4_stage08_b03_formal_9901000c/operator_main_results_channelize_poly_fft_thrust_20260810T073953Z_5bf09d215ce4_stage08_b03_formal_9901000c.csv   |
| timing_csv     | /tmp/ZKX_dev/results/stage08_input_preview_b03_channelize_poly_5bf09d215ce4/formal/20260810T073953Z_5bf09d215ce4_stage08_b03_formal_9901000c/operator_timing_samples_channelize_poly_fft_thrust_20260810T073953Z_5bf09d215ce4_stage08_b03_formal_9901000c.csv |
+----------------+---------------------------------------------------------------------------------------------------------------------------------------------------------------------------------------------------------------------------------------------------------------+
[stage08-b03-formal] case=11 scale=channelize_poly_int16_10e4 status=completed
[stage08-b03-formal] case=12 scale=channelize_poly_int8_10e2 status=starting
STAGE08_CHANNELIZE_CASE PASS scale=channelize_poly_int8_10e2 dtype=INT8 backend=fft_thrust measured=100 results=/tmp/ZKX_dev/results/stage08_input_preview_b03_channelize_poly_5bf09d215ce4/formal/20260810T074002Z_5bf09d215ce4_stage08_b03_formal_9901000d
[stage08] identity and status
+-----------------+---------------------------+--------+------------+-------+--------+----------+--------------------------+--------+------------+
| target          | scale_id                  | device | backend    | dtype | warmup | measured | timing_scope             | status | error_code |
+-----------------+---------------------------+--------+------------+-------+--------+----------+--------------------------+--------+------------+
| channelize_poly | channelize_poly_int8_10e2 | CPU    | fft_thrust | INT8  | 20     | 100      | compatibility/end-to-end | PASS   | OK         |
| channelize_poly | channelize_poly_int8_10e2 | GPU    | fft_thrust | INT8  | 20     | 100      | compatibility/end-to-end | PASS   | OK         |
+-----------------+---------------------------+--------+------------+-------+--------+----------+--------------------------+--------+------------+

[stage08] timing detail
+--------+----------------------+----------------------+----------------------+----------------------+----------------------+----------+-----------------------+----------------------+---------------------+
| device | mean_ms              | p50_ms               | p95_ms               | p99_ms               | min_ms               | max_ms   | std_ms                | cv                   | speedup             |
+--------+----------------------+----------------------+----------------------+----------------------+----------------------+----------+-----------------------+----------------------+---------------------+
| CPU    | 0.086845169999999999 | 0.086525500000000005 | 0.086622500000000005 | 0.095551890000000028 | 0.086441000000000004 | 0.10059  | 0.0018480968159433639 | 0.021280363846870976 | NA                  |
| GPU    | 0.44742293000000005  | 0.442384             | 0.46434049999999988  | 0.51594372000000066  | 0.42710399999999998  | 0.640656 | 0.024254676341792319  | 0.05420973024737985  | 0.19410084771471142 |
+--------+----------------------+----------------------+----------------------+----------------------+----------------------+----------+-----------------------+----------------------+---------------------+

[stage08] accuracy detail
+-----------------------------+------------------------+------------------------+------------------------+------------------------+-------------+----------------+-------------------------------------------------------------------------------+--------+
| accuracy_reference          | mse                    | rmse                   | relative_l2            | relative_linf          | exact_match | mismatch_count | semantic_check                                                                | status |
+-----------------------------+------------------------+------------------------+------------------------+------------------------+-------------+----------------+-------------------------------------------------------------------------------+--------+
| cpu_typed_double_direct_dft | 1.1040834912989794e-11 | 3.3227751824325693e-06 | 3.8476631806030484e-08 | 5.3413827815786496e-08 | NA          | NA             | finite_complex_fp32_channel_major_shape_matches_cpu:shape=[8, 16];finite=true | PASS   |
+-----------------------------+------------------------+------------------------+------------------------+------------------------+-------------+----------------+-------------------------------------------------------------------------------+--------+

[stage08] resource detail
+--------+------------+--------------+-------------+------------+-------------+
| device | metric     | before_bytes | after_bytes | peak_bytes | delta_bytes |
+--------+------------+--------------+-------------+------------+-------------+
| CPU    | cpu_heap   | 1460464      | 1464208     | 1464208    | 3744        |
| CPU    | rss        | 70230016     | 70230016    | 70230016   | 0           |
| GPU    | cpu_heap   | 1464304      | 1467392     | 1467392    | 3088        |
| GPU    | rss        | 70230016     | 70230016    | 70230016   | 0           |
| GPU    | gpu_memory | 341000192    | 341000192   | 341000192  | 0           |
+--------+------------+--------------+-------------+------------+-------------+

[stage08] input/output identity
+--------+------------------------------------------------------------------+------------------------------------------------------------------+
| device | input_digest                                                     | output_digest                                                    |
+--------+------------------------------------------------------------------+------------------------------------------------------------------+
| CPU    | 630349d9c47b1bf9d98e1d65a49269ade37fd420f07651579646246ba3b65fff | d39d6174d8ea92a8fb77118c9a6720467d01fa7be93cc4f2e09931a8d7d705b3 |
| GPU    | 630349d9c47b1bf9d98e1d65a49269ade37fd420f07651579646246ba3b65fff | 1fb12934aaf8e82744141f8102d0fb7d1e2fd71b060771a813f19aa67f25e403 |
+--------+------------------------------------------------------------------+------------------------------------------------------------------+

[stage08] input content
+------------+-------+-------+----------+---------------------------------------------+-------------------------------------------+
| input_name | shape | dtype | elements | generator                                   | values(head4/tail2)                       |
+------------+-------+-------+----------+---------------------------------------------+-------------------------------------------+
| x          | [128] | INT8  | 128      | modular_signal(seed=83050001,integral=true) | i=0:3;i=1:-3;i=2:-9;i=3:8;i=126:6;i=127:0 |
| h          | [32]  | INT8  | 32       | modular_taps(seed=83050002,integral=true)   | i=0:-4;i=1:3;i=2:1;i=3:-1;i=30:-1;i=31:-3 |
+------------+-------+-------+----------+---------------------------------------------+-------------------------------------------+

[stage08] case parameters
+---------------------------------------------------------------------------------+
| parameters                                                                      |
+---------------------------------------------------------------------------------+
| {"dtype":"INT8","h-count":"32","n-chans":"8","seed":"83050001","x-count":"128"} |
+---------------------------------------------------------------------------------+

[stage08] dtype evidence
+-----------------+--------------------+--------------+------------------------------------------------------------------+--------+
| requested_dtype | config_input_dtype | output_dtype | actual_input_digest                                              | status |
+-----------------+--------------------+--------------+------------------------------------------------------------------+--------+
| INT8            | NA                 | ComplexFP32  | 630349d9c47b1bf9d98e1d65a49269ade37fd420f07651579646246ba3b65fff | PASS   |
+-----------------+--------------------+--------------+------------------------------------------------------------------+--------+

[stage08] evidence files
+----------------+---------------------------------------------------------------------------------------------------------------------------------------------------------------------------------------------------------------------------------------------------------------+
| kind           | path                                                                                                                                                                                                                                                          |
+----------------+---------------------------------------------------------------------------------------------------------------------------------------------------------------------------------------------------------------------------------------------------------------+
| probe_raw_json | /tmp/ZKX_dev/results/stage08_input_preview_b03_channelize_poly_5bf09d215ce4/formal/20260810T074002Z_5bf09d215ce4_stage08_b03_formal_9901000d/channelize_poly_probe_raw.json                                                                                   |
| related_file   | /tmp/ZKX_dev/results/stage08_input_preview_b03_channelize_poly_5bf09d215ce4/formal/20260810T074002Z_5bf09d215ce4_stage08_b03_formal_9901000d/filtering_batch03_module_summary_fft_thrust_20260810T074002Z_5bf09d215ce4_stage08_b03_formal_9901000d.csv        |
| full_log       | /tmp/ZKX_dev/results/stage08_input_preview_b03_channelize_poly_5bf09d215ce4/formal/20260810T074002Z_5bf09d215ce4_stage08_b03_formal_9901000d/operator_channelize_poly_full.log                                                                                |
| report_json    | /tmp/ZKX_dev/results/stage08_input_preview_b03_channelize_poly_5bf09d215ce4/formal/20260810T074002Z_5bf09d215ce4_stage08_b03_formal_9901000d/operator_channelize_poly_report.json                                                                             |
| summary_txt    | /tmp/ZKX_dev/results/stage08_input_preview_b03_channelize_poly_5bf09d215ce4/formal/20260810T074002Z_5bf09d215ce4_stage08_b03_formal_9901000d/operator_channelize_poly_summary.txt                                                                             |
| dtype_csv      | /tmp/ZKX_dev/results/stage08_input_preview_b03_channelize_poly_5bf09d215ce4/formal/20260810T074002Z_5bf09d215ce4_stage08_b03_formal_9901000d/operator_dtype_evidence_channelize_poly_fft_thrust_20260810T074002Z_5bf09d215ce4_stage08_b03_formal_9901000d.csv |
| memory_csv     | /tmp/ZKX_dev/results/stage08_input_preview_b03_channelize_poly_5bf09d215ce4/formal/20260810T074002Z_5bf09d215ce4_stage08_b03_formal_9901000d/operator_filtering_channelize_poly_memory_trace_fft_thrust.csv                                                   |
| main_csv       | /tmp/ZKX_dev/results/stage08_input_preview_b03_channelize_poly_5bf09d215ce4/formal/20260810T074002Z_5bf09d215ce4_stage08_b03_formal_9901000d/operator_main_results_channelize_poly_fft_thrust_20260810T074002Z_5bf09d215ce4_stage08_b03_formal_9901000d.csv   |
| timing_csv     | /tmp/ZKX_dev/results/stage08_input_preview_b03_channelize_poly_5bf09d215ce4/formal/20260810T074002Z_5bf09d215ce4_stage08_b03_formal_9901000d/operator_timing_samples_channelize_poly_fft_thrust_20260810T074002Z_5bf09d215ce4_stage08_b03_formal_9901000d.csv |
+----------------+---------------------------------------------------------------------------------------------------------------------------------------------------------------------------------------------------------------------------------------------------------------+
[stage08-b03-formal] case=12 scale=channelize_poly_int8_10e2 status=completed
[stage08-b03-formal] case=13 scale=channelize_poly_int8_10e3 status=starting
STAGE08_CHANNELIZE_CASE PASS scale=channelize_poly_int8_10e3 dtype=INT8 backend=fft_thrust measured=100 results=/tmp/ZKX_dev/results/stage08_input_preview_b03_channelize_poly_5bf09d215ce4/formal/20260810T074002Z_5bf09d215ce4_stage08_b03_formal_9901000e
[stage08] identity and status
+-----------------+---------------------------+--------+------------+-------+--------+----------+--------------------------+--------+------------+
| target          | scale_id                  | device | backend    | dtype | warmup | measured | timing_scope             | status | error_code |
+-----------------+---------------------------+--------+------------+-------+--------+----------+--------------------------+--------+------------+
| channelize_poly | channelize_poly_int8_10e3 | CPU    | fft_thrust | INT8  | 20     | 100      | compatibility/end-to-end | PASS   | OK         |
| channelize_poly | channelize_poly_int8_10e3 | GPU    | fft_thrust | INT8  | 20     | 100      | compatibility/end-to-end | PASS   | OK         |
+-----------------+---------------------------+--------+------------+-------+--------+----------+--------------------------+--------+------------+

[stage08] timing detail
+--------+---------------------+-----------+---------------------+---------------------+---------------------+---------------------+-----------------------+-----------------------+--------------------+
| device | mean_ms             | p50_ms    | p95_ms              | p99_ms              | min_ms              | max_ms              | std_ms                | cv                    | speedup            |
+--------+---------------------+-----------+---------------------+---------------------+---------------------+---------------------+-----------------------+-----------------------+--------------------+
| CPU    | 1.1798110900000001  | 1.1770155 | 1.1892060000000002  | 1.1932690100000001  | 1.1754599999999999  | 1.2001010000000001  | 0.0050326384334561615 | 0.0042656307235221539 | NA                 |
| GPU    | 0.46356368000000003 | 0.458984  | 0.47737250000000003 | 0.53085942000000119 | 0.44320399999999999 | 0.76097700000000001 | 0.031638954123636896  | 0.068251581149836621  | 2.5450895764741532 |
+--------+---------------------+-----------+---------------------+---------------------+---------------------+---------------------+-----------------------+-----------------------+--------------------+

[stage08] accuracy detail
+-----------------------------+-----------------------+------------------------+------------------------+------------------------+-------------+----------------+--------------------------------------------------------------------------------+--------+
| accuracy_reference          | mse                   | rmse                   | relative_l2            | relative_linf          | exact_match | mismatch_count | semantic_check                                                                 | status |
+-----------------------------+-----------------------+------------------------+------------------------+------------------------+-------------+----------------+--------------------------------------------------------------------------------+--------+
| cpu_typed_double_direct_dft | 2.788136091097898e-11 | 5.2802803818527461e-06 | 4.4344040096832485e-08 | 6.7636476340868799e-08 | NA          | NA             | finite_complex_fp32_channel_major_shape_matches_cpu:shape=[8, 128];finite=true | PASS   |
+-----------------------------+-----------------------+------------------------+------------------------+------------------------+-------------+----------------+--------------------------------------------------------------------------------+--------+

[stage08] resource detail
+--------+------------+--------------+-------------+------------+-------------+
| device | metric     | before_bytes | after_bytes | peak_bytes | delta_bytes |
+--------+------------+--------------+-------------+------------+-------------+
| CPU    | cpu_heap   | 1498240      | 1509536     | 1509536    | 11296       |
| CPU    | rss        | 70852608     | 70893568    | 70893568   | 40960       |
| GPU    | cpu_heap   | 1509536      | 1521072     | 1521072    | 11536       |
| GPU    | rss        | 70893568     | 70893568    | 70893568   | 0           |
| GPU    | gpu_memory | 357777408    | 357777408   | 357777408  | 0           |
+--------+------------+--------------+-------------+------------+-------------+

[stage08] input/output identity
+--------+------------------------------------------------------------------+------------------------------------------------------------------+
| device | input_digest                                                     | output_digest                                                    |
+--------+------------------------------------------------------------------+------------------------------------------------------------------+
| CPU    | 3220346b7d93596c61ca45590c1af2aedd012f87343b566b81aa3429ef662b09 | 9dc554e39909857ab15933f183f8afbbdfed2c1ee61ba7d1b9005ac00831dcf4 |
| GPU    | 3220346b7d93596c61ca45590c1af2aedd012f87343b566b81aa3429ef662b09 | 712ae0dae267c5f031fbc25c743d582559080ea8d59d72bd85ed84a68a810580 |
+--------+------------------------------------------------------------------+------------------------------------------------------------------+

[stage08] input content
+------------+--------+-------+----------+---------------------------------------------+-----------------------------------------------+
| input_name | shape  | dtype | elements | generator                                   | values(head4/tail2)                           |
+------------+--------+-------+----------+---------------------------------------------+-----------------------------------------------+
| x          | [1024] | INT8  | 1024     | modular_signal(seed=83050002,integral=true) | i=0:4;i=1:-2;i=2:-8;i=3:9;i=1022:-10;i=1023:7 |
| h          | [64]   | INT8  | 64       | modular_taps(seed=83050003,integral=true)   | i=0:-1;i=1:-3;i=2:4;i=3:2;i=62:1;i=63:-1      |
+------------+--------+-------+----------+---------------------------------------------+-----------------------------------------------+

[stage08] case parameters
+----------------------------------------------------------------------------------+
| parameters                                                                       |
+----------------------------------------------------------------------------------+
| {"dtype":"INT8","h-count":"64","n-chans":"8","seed":"83050002","x-count":"1024"} |
+----------------------------------------------------------------------------------+

[stage08] dtype evidence
+-----------------+--------------------+--------------+------------------------------------------------------------------+--------+
| requested_dtype | config_input_dtype | output_dtype | actual_input_digest                                              | status |
+-----------------+--------------------+--------------+------------------------------------------------------------------+--------+
| INT8            | NA                 | ComplexFP32  | 3220346b7d93596c61ca45590c1af2aedd012f87343b566b81aa3429ef662b09 | PASS   |
+-----------------+--------------------+--------------+------------------------------------------------------------------+--------+

[stage08] evidence files
+----------------+---------------------------------------------------------------------------------------------------------------------------------------------------------------------------------------------------------------------------------------------------------------+
| kind           | path                                                                                                                                                                                                                                                          |
+----------------+---------------------------------------------------------------------------------------------------------------------------------------------------------------------------------------------------------------------------------------------------------------+
| probe_raw_json | /tmp/ZKX_dev/results/stage08_input_preview_b03_channelize_poly_5bf09d215ce4/formal/20260810T074002Z_5bf09d215ce4_stage08_b03_formal_9901000e/channelize_poly_probe_raw.json                                                                                   |
| related_file   | /tmp/ZKX_dev/results/stage08_input_preview_b03_channelize_poly_5bf09d215ce4/formal/20260810T074002Z_5bf09d215ce4_stage08_b03_formal_9901000e/filtering_batch03_module_summary_fft_thrust_20260810T074002Z_5bf09d215ce4_stage08_b03_formal_9901000e.csv        |
| full_log       | /tmp/ZKX_dev/results/stage08_input_preview_b03_channelize_poly_5bf09d215ce4/formal/20260810T074002Z_5bf09d215ce4_stage08_b03_formal_9901000e/operator_channelize_poly_full.log                                                                                |
| report_json    | /tmp/ZKX_dev/results/stage08_input_preview_b03_channelize_poly_5bf09d215ce4/formal/20260810T074002Z_5bf09d215ce4_stage08_b03_formal_9901000e/operator_channelize_poly_report.json                                                                             |
| summary_txt    | /tmp/ZKX_dev/results/stage08_input_preview_b03_channelize_poly_5bf09d215ce4/formal/20260810T074002Z_5bf09d215ce4_stage08_b03_formal_9901000e/operator_channelize_poly_summary.txt                                                                             |
| dtype_csv      | /tmp/ZKX_dev/results/stage08_input_preview_b03_channelize_poly_5bf09d215ce4/formal/20260810T074002Z_5bf09d215ce4_stage08_b03_formal_9901000e/operator_dtype_evidence_channelize_poly_fft_thrust_20260810T074002Z_5bf09d215ce4_stage08_b03_formal_9901000e.csv |
| memory_csv     | /tmp/ZKX_dev/results/stage08_input_preview_b03_channelize_poly_5bf09d215ce4/formal/20260810T074002Z_5bf09d215ce4_stage08_b03_formal_9901000e/operator_filtering_channelize_poly_memory_trace_fft_thrust.csv                                                   |
| main_csv       | /tmp/ZKX_dev/results/stage08_input_preview_b03_channelize_poly_5bf09d215ce4/formal/20260810T074002Z_5bf09d215ce4_stage08_b03_formal_9901000e/operator_main_results_channelize_poly_fft_thrust_20260810T074002Z_5bf09d215ce4_stage08_b03_formal_9901000e.csv   |
| timing_csv     | /tmp/ZKX_dev/results/stage08_input_preview_b03_channelize_poly_5bf09d215ce4/formal/20260810T074002Z_5bf09d215ce4_stage08_b03_formal_9901000e/operator_timing_samples_channelize_poly_fft_thrust_20260810T074002Z_5bf09d215ce4_stage08_b03_formal_9901000e.csv |
+----------------+---------------------------------------------------------------------------------------------------------------------------------------------------------------------------------------------------------------------------------------------------------------+
[stage08-b03-formal] case=13 scale=channelize_poly_int8_10e3 status=completed
[stage08-b03-formal] case=14 scale=channelize_poly_int8_10e4 status=starting
STAGE08_CHANNELIZE_CASE PASS scale=channelize_poly_int8_10e4 dtype=INT8 backend=fft_thrust measured=100 results=/tmp/ZKX_dev/results/stage08_input_preview_b03_channelize_poly_5bf09d215ce4/formal/20260810T074003Z_5bf09d215ce4_stage08_b03_formal_9901000f
[stage08] identity and status
+-----------------+---------------------------+--------+------------+-------+--------+----------+--------------------------+--------+------------+
| target          | scale_id                  | device | backend    | dtype | warmup | measured | timing_scope             | status | error_code |
+-----------------+---------------------------+--------+------------+-------+--------+----------+--------------------------+--------+------------+
| channelize_poly | channelize_poly_int8_10e4 | CPU    | fft_thrust | INT8  | 20     | 100      | compatibility/end-to-end | PASS   | OK         |
| channelize_poly | channelize_poly_int8_10e4 | GPU    | fft_thrust | INT8  | 20     | 100      | compatibility/end-to-end | PASS   | OK         |
+-----------------+---------------------------+--------+------------+-------+--------+----------+--------------------------+--------+------------+

[stage08] timing detail
+--------+---------------------+-------------------+---------------------+---------------------+---------------------+---------------------+----------------------+-----------------------+--------------------+
| device | mean_ms             | p50_ms            | p95_ms              | p99_ms              | min_ms              | max_ms              | std_ms               | cv                    | speedup            |
+--------+---------------------+-------------------+---------------------+---------------------+---------------------+---------------------+----------------------+-----------------------+--------------------+
| CPU    | 74.765696610000006  | 74.73053250000001 | 75.039171499999995  | 75.179179599999998  | 74.409045000000006  | 75.203692000000004  | 0.14027555575180609  | 0.0018762020834705104 | NA                 |
| GPU    | 0.58936489999999997 | 0.58048           | 0.61047899999999999 | 0.78019440000000018 | 0.57080600000000004 | 0.81953699999999996 | 0.038146420587651463 | 0.06472462236494142   | 126.85807487008475 |
+--------+---------------------+-------------------+---------------------+---------------------+---------------------+---------------------+----------------------+-----------------------+--------------------+

[stage08] accuracy detail
+-----------------------------+------------------------+------------------------+------------------------+------------------------+-------------+----------------+----------------------------------------------------------------------------------+--------+
| accuracy_reference          | mse                    | rmse                   | relative_l2            | relative_linf          | exact_match | mismatch_count | semantic_check                                                                   | status |
+-----------------------------+------------------------+------------------------+------------------------+------------------------+-------------+----------------+----------------------------------------------------------------------------------+--------+
| cpu_typed_double_direct_dft | 2.5077822716403517e-10 | 1.5835978882406834e-05 | 8.3765582995842041e-08 | 1.1845900534425429e-07 | NA          | NA             | finite_complex_fp32_channel_major_shape_matches_cpu:shape=[16, 1024];finite=true | PASS   |
+-----------------------------+------------------------+------------------------+------------------------+------------------------+-------------+----------------+----------------------------------------------------------------------------------+--------+

[stage08] resource detail
+--------+------------+--------------+-------------+------------+-------------+
| device | metric     | before_bytes | after_bytes | peak_bytes | delta_bytes |
+--------+------------+--------------+-------------+------------+-------------+
| CPU    | cpu_heap   | 1759440      | 1909984     | 1909984    | 150544      |
| CPU    | rss        | 71061504     | 71061504    | 71061504   | 0           |
| GPU    | cpu_heap   | 1910032      | 2044416     | 2044480    | 134384      |
| GPU    | rss        | 71061504     | 71319552    | 71319552   | 258048      |
| GPU    | gpu_memory | 357777408    | 357777408   | 357777408  | 0           |
+--------+------------+--------------+-------------+------------+-------------+

[stage08] input/output identity
+--------+------------------------------------------------------------------+------------------------------------------------------------------+
| device | input_digest                                                     | output_digest                                                    |
+--------+------------------------------------------------------------------+------------------------------------------------------------------+
| CPU    | 9cf0a62e2c587aae7237ffb3f68c6b50beab3ba10f6f3f0cd89bc90a7133ef4c | f6ad79ce36d60c306a60da78772e361503436cbf2e2770eb1ce9578a190a3167 |
| GPU    | 9cf0a62e2c587aae7237ffb3f68c6b50beab3ba10f6f3f0cd89bc90a7133ef4c | 96f8eb94b035ee9aee90c8242a94a696f7adb85be09fc549f1831b3509fcb1af |
+--------+------------------------------------------------------------------+------------------------------------------------------------------+

[stage08] input content
+------------+---------+-------+----------+---------------------------------------------+-------------------------------------------------+
| input_name | shape   | dtype | elements | generator                                   | values(head4/tail2)                             |
+------------+---------+-------+----------+---------------------------------------------+-------------------------------------------------+
| x          | [16384] | INT8  | 16384    | modular_signal(seed=83050003,integral=true) | i=0:5;i=1:-1;i=2:-7;i=3:10;i=16382:-8;i=16383:9 |
| h          | [256]   | INT8  | 256      | modular_taps(seed=83050004,integral=true)   | i=0:2;i=1:0;i=2:-2;i=3:-4;i=254:-2;i=255:-4     |
+------------+---------+-------+----------+---------------------------------------------+-------------------------------------------------+

[stage08] case parameters
+-------------------------------------------------------------------------------------+
| parameters                                                                          |
+-------------------------------------------------------------------------------------+
| {"dtype":"INT8","h-count":"256","n-chans":"16","seed":"83050003","x-count":"16384"} |
+-------------------------------------------------------------------------------------+

[stage08] dtype evidence
+-----------------+--------------------+--------------+------------------------------------------------------------------+--------+
| requested_dtype | config_input_dtype | output_dtype | actual_input_digest                                              | status |
+-----------------+--------------------+--------------+------------------------------------------------------------------+--------+
| INT8            | NA                 | ComplexFP32  | 9cf0a62e2c587aae7237ffb3f68c6b50beab3ba10f6f3f0cd89bc90a7133ef4c | PASS   |
+-----------------+--------------------+--------------+------------------------------------------------------------------+--------+

[stage08] evidence files
+----------------+---------------------------------------------------------------------------------------------------------------------------------------------------------------------------------------------------------------------------------------------------------------+
| kind           | path                                                                                                                                                                                                                                                          |
+----------------+---------------------------------------------------------------------------------------------------------------------------------------------------------------------------------------------------------------------------------------------------------------+
| probe_raw_json | /tmp/ZKX_dev/results/stage08_input_preview_b03_channelize_poly_5bf09d215ce4/formal/20260810T074003Z_5bf09d215ce4_stage08_b03_formal_9901000f/channelize_poly_probe_raw.json                                                                                   |
| related_file   | /tmp/ZKX_dev/results/stage08_input_preview_b03_channelize_poly_5bf09d215ce4/formal/20260810T074003Z_5bf09d215ce4_stage08_b03_formal_9901000f/filtering_batch03_module_summary_fft_thrust_20260810T074003Z_5bf09d215ce4_stage08_b03_formal_9901000f.csv        |
| full_log       | /tmp/ZKX_dev/results/stage08_input_preview_b03_channelize_poly_5bf09d215ce4/formal/20260810T074003Z_5bf09d215ce4_stage08_b03_formal_9901000f/operator_channelize_poly_full.log                                                                                |
| report_json    | /tmp/ZKX_dev/results/stage08_input_preview_b03_channelize_poly_5bf09d215ce4/formal/20260810T074003Z_5bf09d215ce4_stage08_b03_formal_9901000f/operator_channelize_poly_report.json                                                                             |
| summary_txt    | /tmp/ZKX_dev/results/stage08_input_preview_b03_channelize_poly_5bf09d215ce4/formal/20260810T074003Z_5bf09d215ce4_stage08_b03_formal_9901000f/operator_channelize_poly_summary.txt                                                                             |
| dtype_csv      | /tmp/ZKX_dev/results/stage08_input_preview_b03_channelize_poly_5bf09d215ce4/formal/20260810T074003Z_5bf09d215ce4_stage08_b03_formal_9901000f/operator_dtype_evidence_channelize_poly_fft_thrust_20260810T074003Z_5bf09d215ce4_stage08_b03_formal_9901000f.csv |
| memory_csv     | /tmp/ZKX_dev/results/stage08_input_preview_b03_channelize_poly_5bf09d215ce4/formal/20260810T074003Z_5bf09d215ce4_stage08_b03_formal_9901000f/operator_filtering_channelize_poly_memory_trace_fft_thrust.csv                                                   |
| main_csv       | /tmp/ZKX_dev/results/stage08_input_preview_b03_channelize_poly_5bf09d215ce4/formal/20260810T074003Z_5bf09d215ce4_stage08_b03_formal_9901000f/operator_main_results_channelize_poly_fft_thrust_20260810T074003Z_5bf09d215ce4_stage08_b03_formal_9901000f.csv   |
| timing_csv     | /tmp/ZKX_dev/results/stage08_input_preview_b03_channelize_poly_5bf09d215ce4/formal/20260810T074003Z_5bf09d215ce4_stage08_b03_formal_9901000f/operator_timing_samples_channelize_poly_fft_thrust_20260810T074003Z_5bf09d215ce4_stage08_b03_formal_9901000f.csv |
+----------------+---------------------------------------------------------------------------------------------------------------------------------------------------------------------------------------------------------------------------------------------------------------+
[stage08-b03-formal] case=14 scale=channelize_poly_int8_10e4 status=completed
[stage08-b03-formal] cases=15 status=completed
