[stage08-b07-formal] case=0 scale=qmf_fp32_10e2 status=starting
STAGE08_QMF_CASE PASS scale=qmf_fp32_10e2 dtype=FP32 backend=not_applicable measured=100 results=/tmp/ZKX_dev/results/stage08_input_preview_b07_qmf_ed9b9505e41d/formal/20260810T090748Z_ed9b9505e41d_stage08_b07_formal_87530000
[stage08] identity and status
+--------+---------------+--------+----------------+-------+--------+----------+--------------------------+--------+------------+
| target | scale_id      | device | backend        | dtype | warmup | measured | timing_scope             | status | error_code |
+--------+---------------+--------+----------------+-------+--------+----------+--------------------------+--------+------------+
| qmf    | qmf_fp32_10e2 | CPU    | not_applicable | FP32  | 20     | 100      | compatibility/end-to-end | PASS   | OK         |
| qmf    | qmf_fp32_10e2 | GPU    | not_applicable | FP32  | 20     | 100      | compatibility/end-to-end | PASS   | OK         |
+--------+---------------+--------+----------------+-------+--------+----------+--------------------------+--------+------------+

[stage08] timing detail
+--------+------------+----------+------------+-----------------------+----------+----------+------------------------+----------------------+---------------------+
| device | mean_ms    | p50_ms   | p95_ms     | p99_ms                | min_ms   | max_ms   | std_ms                 | cv                   | speedup             |
+--------+------------+----------+------------+-----------------------+----------+----------+------------------------+----------------------+---------------------+
| CPU    | 0.00138822 | 0.00139  | 0.00140005 | 0.0014014900000000002 | 0.00136  | 0.00145  | 1.2733876079183411e-05 | 0.009172808401538238 | NA                  |
| GPU    | 0.20143959 | 0.193445 | 0.24706545 | 0.28584360000000064   | 0.186814 | 0.410742 | 0.02787171808952401    | 0.13836266291806892  | 0.00689149536096653 |
+--------+------------+----------+------------+-----------------------+----------+----------+------------------------+----------------------+---------------------+

[stage08] accuracy detail
+-----------------------------+-----+------+-------------+---------------+-------------+----------------+-------------------------------------+--------+
| accuracy_reference          | mse | rmse | relative_l2 | relative_linf | exact_match | mismatch_count | semantic_check                      | status |
+-----------------------------+-----+------+-------------+---------------+-------------+----------------+-------------------------------------+--------+
| cpu_qmf_int64_index_formula | 0   | 0    | 0           | 0             | NA          | NA             | output_count=100;output_dtype=INT64 | PASS   |
+-----------------------------+-----+------+-------------+---------------+-------------+----------------+-------------------------------------+--------+

[stage08] resource detail
+--------+------------+--------------+-------------+------------+-------------+
| device | metric     | before_bytes | after_bytes | peak_bytes | delta_bytes |
+--------+------------+--------------+-------------+------------+-------------+
| CPU    | cpu_heap   | 1345712      | 1349824     | 1349824    | 4112        |
| CPU    | rss        | 68816896     | 68816896    | 68816896   | 0           |
| GPU    | cpu_heap   | 1349920      | 1354160     | 1354160    | 4240        |
| GPU    | rss        | 68816896     | 68816896    | 68816896   | 0           |
| GPU    | gpu_memory | 391544832    | 391544832   | 391544832  | 0           |
+--------+------------+--------------+-------------+------------+-------------+

[stage08] input/output identity
+--------+------------------------------------------------------------------+------------------------------------------------------------------+
| device | input_digest                                                     | output_digest                                                    |
+--------+------------------------------------------------------------------+------------------------------------------------------------------+
| CPU    | c298d1bdcebc546a08f6cf4eefec20a2b7acbb810db994beef0c49b7149f5ab1 | 38def24e52cb938a00dc911a774bc1245254d94bc91327409c01ad408f4f88b1 |
| GPU    | c298d1bdcebc546a08f6cf4eefec20a2b7acbb810db994beef0c49b7149f5ab1 | 38def24e52cb938a00dc911a774bc1245254d94bc91327409c01ad408f4f88b1 |
+--------+------------------------------------------------------------------+------------------------------------------------------------------+

[stage08] input content
+------------+-------+-------+----------+-------------------------------------------------------+--------------------------------------------------------------------------------+
| input_name | shape | dtype | elements | generator                                             | values(head4/tail2)                                                            |
+------------+-------+-------+----------+-------------------------------------------------------+--------------------------------------------------------------------------------+
| hk         | [100] | FP32  | 100      | qmf_sinusoid_or_modular(seed=87300001,integral=false) | i=0:0.078125;i=1:0.10937;i=2:0.140584;i=3:0.171738;i=98:0.157135;i=99:0.125949 |
+------------+-------+-------+----------+-------------------------------------------------------+--------------------------------------------------------------------------------+

[stage08] case parameters
+-----------------------------------------------------+
| parameters                                          |
+-----------------------------------------------------+
| {"dtype":"FP32","elements":"100","seed":"87300001"} |
+-----------------------------------------------------+

[stage08] dtype evidence
+-----------------+--------------------+--------------+------------------------------------------------------------------+--------+
| requested_dtype | config_input_dtype | output_dtype | actual_input_digest                                              | status |
+-----------------+--------------------+--------------+------------------------------------------------------------------+--------+
| FP32            | NA                 | INT64        | c298d1bdcebc546a08f6cf4eefec20a2b7acbb810db994beef0c49b7149f5ab1 | PASS   |
+-----------------+--------------------+--------------+------------------------------------------------------------------+--------+

[stage08] evidence files
+----------------+-------------------------------------------------------------------------------------------------------------------------------------------------------------------------------------------------------------------------------------------+
| kind           | path                                                                                                                                                                                                                                      |
+----------------+-------------------------------------------------------------------------------------------------------------------------------------------------------------------------------------------------------------------------------------------+
| dtype_csv      | /tmp/ZKX_dev/results/stage08_input_preview_b07_qmf_ed9b9505e41d/formal/20260810T090748Z_ed9b9505e41d_stage08_b07_formal_87530000/operator_dtype_evidence_qmf_not_applicable_20260810T090748Z_ed9b9505e41d_stage08_b07_formal_87530000.csv |
| main_csv       | /tmp/ZKX_dev/results/stage08_input_preview_b07_qmf_ed9b9505e41d/formal/20260810T090748Z_ed9b9505e41d_stage08_b07_formal_87530000/operator_main_results_qmf_not_applicable_20260810T090748Z_ed9b9505e41d_stage08_b07_formal_87530000.csv   |
| full_log       | /tmp/ZKX_dev/results/stage08_input_preview_b07_qmf_ed9b9505e41d/formal/20260810T090748Z_ed9b9505e41d_stage08_b07_formal_87530000/operator_qmf_full.log                                                                                    |
| report_json    | /tmp/ZKX_dev/results/stage08_input_preview_b07_qmf_ed9b9505e41d/formal/20260810T090748Z_ed9b9505e41d_stage08_b07_formal_87530000/operator_qmf_report.json                                                                                 |
| summary_txt    | /tmp/ZKX_dev/results/stage08_input_preview_b07_qmf_ed9b9505e41d/formal/20260810T090748Z_ed9b9505e41d_stage08_b07_formal_87530000/operator_qmf_summary.txt                                                                                 |
| timing_csv     | /tmp/ZKX_dev/results/stage08_input_preview_b07_qmf_ed9b9505e41d/formal/20260810T090748Z_ed9b9505e41d_stage08_b07_formal_87530000/operator_timing_samples_qmf_not_applicable_20260810T090748Z_ed9b9505e41d_stage08_b07_formal_87530000.csv |
| memory_csv     | /tmp/ZKX_dev/results/stage08_input_preview_b07_qmf_ed9b9505e41d/formal/20260810T090748Z_ed9b9505e41d_stage08_b07_formal_87530000/operator_wavelets_qmf_memory_trace_not_applicable.csv                                                    |
| probe_raw_json | /tmp/ZKX_dev/results/stage08_input_preview_b07_qmf_ed9b9505e41d/formal/20260810T090748Z_ed9b9505e41d_stage08_b07_formal_87530000/qmf_probe_raw.json                                                                                       |
+----------------+-------------------------------------------------------------------------------------------------------------------------------------------------------------------------------------------------------------------------------------------+
[stage08-b07-formal] case=0 scale=qmf_fp32_10e2 status=completed
[stage08-b07-formal] case=1 scale=qmf_fp32_10e3 status=starting
STAGE08_QMF_CASE PASS scale=qmf_fp32_10e3 dtype=FP32 backend=not_applicable measured=100 results=/tmp/ZKX_dev/results/stage08_input_preview_b07_qmf_ed9b9505e41d/formal/20260810T090749Z_ed9b9505e41d_stage08_b07_formal_87530001
[stage08] identity and status
+--------+---------------+--------+----------------+-------+--------+----------+--------------------------+--------+------------+
| target | scale_id      | device | backend        | dtype | warmup | measured | timing_scope             | status | error_code |
+--------+---------------+--------+----------------+-------+--------+----------+--------------------------+--------+------------+
| qmf    | qmf_fp32_10e3 | CPU    | not_applicable | FP32  | 20     | 100      | compatibility/end-to-end | PASS   | OK         |
| qmf    | qmf_fp32_10e3 | GPU    | not_applicable | FP32  | 20     | 100      | compatibility/end-to-end | PASS   | OK         |
+--------+---------------+--------+----------------+-------+--------+----------+--------------------------+--------+------------+

[stage08] timing detail
+--------+----------------------+---------------------+------------+----------------------+----------+----------+-----------------------+----------------------+---------------------+
| device | mean_ms              | p50_ms              | p95_ms     | p99_ms               | min_ms   | max_ms   | std_ms                | cv                   | speedup             |
+--------+----------------------+---------------------+------------+----------------------+----------+----------+-----------------------+----------------------+---------------------+
| CPU    | 0.011955929999999998 | 0.011931            | 0.0122325  | 0.012351500000000001 | 0.011891 | 0.012401 | 9.996481931159582e-05 | 0.008361107777612935 | NA                  |
| GPU    | 0.20386156           | 0.20422099999999999 | 0.20844455 | 0.24985072000000008  | 0.191055 | 0.261901 | 0.00923547026341377   | 0.04530265668237686  | 0.05864729966748022 |
+--------+----------------------+---------------------+------------+----------------------+----------+----------+-----------------------+----------------------+---------------------+

[stage08] accuracy detail
+-----------------------------+-----+------+-------------+---------------+-------------+----------------+--------------------------------------+--------+
| accuracy_reference          | mse | rmse | relative_l2 | relative_linf | exact_match | mismatch_count | semantic_check                       | status |
+-----------------------------+-----+------+-------------+---------------+-------------+----------------+--------------------------------------+--------+
| cpu_qmf_int64_index_formula | 0   | 0    | 0           | 0             | NA          | NA             | output_count=1024;output_dtype=INT64 | PASS   |
+-----------------------------+-----+------+-------------+---------------+-------------+----------------+--------------------------------------+--------+

[stage08] resource detail
+--------+------------+--------------+-------------+------------+-------------+
| device | metric     | before_bytes | after_bytes | peak_bytes | delta_bytes |
+--------+------------+--------------+-------------+------------+-------------+
| CPU    | cpu_heap   | 1384448      | 1408288     | 1408288    | 23840       |
| CPU    | rss        | 69787648     | 69787648    | 69787648   | 0           |
| GPU    | cpu_heap   | 1408336      | 1419536     | 1419536    | 11200       |
| GPU    | rss        | 69787648     | 69844992    | 69844992   | 57344       |
| GPU    | gpu_memory | 408322048    | 408322048   | 408322048  | 0           |
+--------+------------+--------------+-------------+------------+-------------+

[stage08] input/output identity
+--------+------------------------------------------------------------------+------------------------------------------------------------------+
| device | input_digest                                                     | output_digest                                                    |
+--------+------------------------------------------------------------------+------------------------------------------------------------------+
| CPU    | 2ab5b2b6f70e7a3ad44b6cf6b6e6bf6163caab7b99e10ea68cc99c66a8c576d1 | 79beac44a64e292efdebabdca0b82b9f5d4dda5808f1416c4c84771b9319dcdb |
| GPU    | 2ab5b2b6f70e7a3ad44b6cf6b6e6bf6163caab7b99e10ea68cc99c66a8c576d1 | 79beac44a64e292efdebabdca0b82b9f5d4dda5808f1416c4c84771b9319dcdb |
+--------+------------------------------------------------------------------+------------------------------------------------------------------+

[stage08] input content
+------------+--------+-------+----------+-------------------------------------------------------+------------------------------------------------------------------------------------+
| input_name | shape  | dtype | elements | generator                                             | values(head4/tail2)                                                                |
+------------+--------+-------+----------+-------------------------------------------------------+------------------------------------------------------------------------------------+
| hk         | [1024] | FP32  | 1024     | qmf_sinusoid_or_modular(seed=87300002,integral=false) | i=0:0.09375;i=1:0.124995;i=2:0.156209;i=3:0.187363;i=1022:0.591995;i=1023:0.618842 |
+------------+--------+-------+----------+-------------------------------------------------------+------------------------------------------------------------------------------------+

[stage08] case parameters
+------------------------------------------------------+
| parameters                                           |
+------------------------------------------------------+
| {"dtype":"FP32","elements":"1024","seed":"87300002"} |
+------------------------------------------------------+

[stage08] dtype evidence
+-----------------+--------------------+--------------+------------------------------------------------------------------+--------+
| requested_dtype | config_input_dtype | output_dtype | actual_input_digest                                              | status |
+-----------------+--------------------+--------------+------------------------------------------------------------------+--------+
| FP32            | NA                 | INT64        | 2ab5b2b6f70e7a3ad44b6cf6b6e6bf6163caab7b99e10ea68cc99c66a8c576d1 | PASS   |
+-----------------+--------------------+--------------+------------------------------------------------------------------+--------+

[stage08] evidence files
+----------------+-------------------------------------------------------------------------------------------------------------------------------------------------------------------------------------------------------------------------------------------+
| kind           | path                                                                                                                                                                                                                                      |
+----------------+-------------------------------------------------------------------------------------------------------------------------------------------------------------------------------------------------------------------------------------------+
| dtype_csv      | /tmp/ZKX_dev/results/stage08_input_preview_b07_qmf_ed9b9505e41d/formal/20260810T090749Z_ed9b9505e41d_stage08_b07_formal_87530001/operator_dtype_evidence_qmf_not_applicable_20260810T090749Z_ed9b9505e41d_stage08_b07_formal_87530001.csv |
| main_csv       | /tmp/ZKX_dev/results/stage08_input_preview_b07_qmf_ed9b9505e41d/formal/20260810T090749Z_ed9b9505e41d_stage08_b07_formal_87530001/operator_main_results_qmf_not_applicable_20260810T090749Z_ed9b9505e41d_stage08_b07_formal_87530001.csv   |
| full_log       | /tmp/ZKX_dev/results/stage08_input_preview_b07_qmf_ed9b9505e41d/formal/20260810T090749Z_ed9b9505e41d_stage08_b07_formal_87530001/operator_qmf_full.log                                                                                    |
| report_json    | /tmp/ZKX_dev/results/stage08_input_preview_b07_qmf_ed9b9505e41d/formal/20260810T090749Z_ed9b9505e41d_stage08_b07_formal_87530001/operator_qmf_report.json                                                                                 |
| summary_txt    | /tmp/ZKX_dev/results/stage08_input_preview_b07_qmf_ed9b9505e41d/formal/20260810T090749Z_ed9b9505e41d_stage08_b07_formal_87530001/operator_qmf_summary.txt                                                                                 |
| timing_csv     | /tmp/ZKX_dev/results/stage08_input_preview_b07_qmf_ed9b9505e41d/formal/20260810T090749Z_ed9b9505e41d_stage08_b07_formal_87530001/operator_timing_samples_qmf_not_applicable_20260810T090749Z_ed9b9505e41d_stage08_b07_formal_87530001.csv |
| memory_csv     | /tmp/ZKX_dev/results/stage08_input_preview_b07_qmf_ed9b9505e41d/formal/20260810T090749Z_ed9b9505e41d_stage08_b07_formal_87530001/operator_wavelets_qmf_memory_trace_not_applicable.csv                                                    |
| probe_raw_json | /tmp/ZKX_dev/results/stage08_input_preview_b07_qmf_ed9b9505e41d/formal/20260810T090749Z_ed9b9505e41d_stage08_b07_formal_87530001/qmf_probe_raw.json                                                                                       |
+----------------+-------------------------------------------------------------------------------------------------------------------------------------------------------------------------------------------------------------------------------------------+
[stage08-b07-formal] case=1 scale=qmf_fp32_10e3 status=completed
[stage08-b07-formal] case=2 scale=qmf_fp32_10e4 status=starting
STAGE08_QMF_CASE PASS scale=qmf_fp32_10e4 dtype=FP32 backend=not_applicable measured=100 results=/tmp/ZKX_dev/results/stage08_input_preview_b07_qmf_ed9b9505e41d/formal/20260810T090749Z_ed9b9505e41d_stage08_b07_formal_87530002
[stage08] identity and status
+--------+---------------+--------+----------------+-------+--------+----------+--------------------------+--------+------------+
| target | scale_id      | device | backend        | dtype | warmup | measured | timing_scope             | status | error_code |
+--------+---------------+--------+----------------+-------+--------+----------+--------------------------+--------+------------+
| qmf    | qmf_fp32_10e4 | CPU    | not_applicable | FP32  | 20     | 100      | compatibility/end-to-end | PASS   | OK         |
| qmf    | qmf_fp32_10e4 | GPU    | not_applicable | FP32  | 20     | 100      | compatibility/end-to-end | PASS   | OK         |
+--------+---------------+--------+----------------+-------+--------+----------+--------------------------+--------+------------+

[stage08] timing detail
+--------+---------------------+----------+-----------+---------------------+----------+----------+----------------------+----------------------+--------------------+
| device | mean_ms             | p50_ms   | p95_ms    | p99_ms              | min_ms   | max_ms   | std_ms               | cv                   | speedup            |
+--------+---------------------+----------+-----------+---------------------+----------+----------+----------------------+----------------------+--------------------+
| CPU    | 0.11660946          | 0.116634 | 0.1175255 | 0.12524785000000035 | 0.113789 | 0.190375 | 0.007606864681877809 | 0.06523368414430364  | NA                 |
| GPU    | 0.25999479999999997 | 0.257905 | 0.273507  | 0.2787238200000001  | 0.252279 | 0.301674 | 0.006940300463236443 | 0.026693997200084172 | 0.4485068932147874 |
+--------+---------------------+----------+-----------+---------------------+----------+----------+----------------------+----------------------+--------------------+

[stage08] accuracy detail
+-----------------------------+-----+------+-------------+---------------+-------------+----------------+---------------------------------------+--------+
| accuracy_reference          | mse | rmse | relative_l2 | relative_linf | exact_match | mismatch_count | semantic_check                        | status |
+-----------------------------+-----+------+-------------+---------------+-------------+----------------+---------------------------------------+--------+
| cpu_qmf_int64_index_formula | 0   | 0    | 0           | 0             | NA          | NA             | output_count=10000;output_dtype=INT64 | PASS   |
+-----------------------------+-----+------+-------------+---------------+-------------+----------------+---------------------------------------+--------+

[stage08] resource detail
+--------+------------+--------------+-------------+------------+-------------+
| device | metric     | before_bytes | after_bytes | peak_bytes | delta_bytes |
+--------+------------+--------------+-------------+------------+-------------+
| CPU    | cpu_heap   | 1522928      | 1726272     | 1726272    | 203344      |
| CPU    | rss        | 70008832     | 70008832    | 70008832   | 0           |
| GPU    | cpu_heap   | 1726368      | 1809488     | 1809488    | 83120       |
| GPU    | rss        | 70008832     | 70008832    | 70008832   | 0           |
| GPU    | gpu_memory | 341000192    | 341000192   | 341000192  | 0           |
+--------+------------+--------------+-------------+------------+-------------+

[stage08] input/output identity
+--------+------------------------------------------------------------------+------------------------------------------------------------------+
| device | input_digest                                                     | output_digest                                                    |
+--------+------------------------------------------------------------------+------------------------------------------------------------------+
| CPU    | d9e749c356951328661d838c191b3d83f86db69155e33ddb95c1a817d8a031a3 | 202ee4b01f38071cdd074fe5d438bd8402fddbc380ee57bf20efcd6e08295250 |
| GPU    | d9e749c356951328661d838c191b3d83f86db69155e33ddb95c1a817d8a031a3 | 202ee4b01f38071cdd074fe5d438bd8402fddbc380ee57bf20efcd6e08295250 |
+--------+------------------------------------------------------------------+------------------------------------------------------------------+

[stage08] input content
+------------+---------+-------+----------+-------------------------------------------------------+-----------------------------------------------------------------------------------+
| input_name | shape   | dtype | elements | generator                                             | values(head4/tail2)                                                               |
+------------+---------+-------+----------+-------------------------------------------------------+-----------------------------------------------------------------------------------+
| hk         | [10000] | FP32  | 10000    | qmf_sinusoid_or_modular(seed=87300003,integral=false) | i=0:0;i=1:0.0312449;i=2:0.0624593;i=3:0.0936127;i=9998:-0.988626;i=9999:-0.992842 |
+------------+---------+-------+----------+-------------------------------------------------------+-----------------------------------------------------------------------------------+

[stage08] case parameters
+-------------------------------------------------------+
| parameters                                            |
+-------------------------------------------------------+
| {"dtype":"FP32","elements":"10000","seed":"87300003"} |
+-------------------------------------------------------+

[stage08] dtype evidence
+-----------------+--------------------+--------------+------------------------------------------------------------------+--------+
| requested_dtype | config_input_dtype | output_dtype | actual_input_digest                                              | status |
+-----------------+--------------------+--------------+------------------------------------------------------------------+--------+
| FP32            | NA                 | INT64        | d9e749c356951328661d838c191b3d83f86db69155e33ddb95c1a817d8a031a3 | PASS   |
+-----------------+--------------------+--------------+------------------------------------------------------------------+--------+

[stage08] evidence files
+----------------+-------------------------------------------------------------------------------------------------------------------------------------------------------------------------------------------------------------------------------------------+
| kind           | path                                                                                                                                                                                                                                      |
+----------------+-------------------------------------------------------------------------------------------------------------------------------------------------------------------------------------------------------------------------------------------+
| dtype_csv      | /tmp/ZKX_dev/results/stage08_input_preview_b07_qmf_ed9b9505e41d/formal/20260810T090749Z_ed9b9505e41d_stage08_b07_formal_87530002/operator_dtype_evidence_qmf_not_applicable_20260810T090749Z_ed9b9505e41d_stage08_b07_formal_87530002.csv |
| main_csv       | /tmp/ZKX_dev/results/stage08_input_preview_b07_qmf_ed9b9505e41d/formal/20260810T090749Z_ed9b9505e41d_stage08_b07_formal_87530002/operator_main_results_qmf_not_applicable_20260810T090749Z_ed9b9505e41d_stage08_b07_formal_87530002.csv   |
| full_log       | /tmp/ZKX_dev/results/stage08_input_preview_b07_qmf_ed9b9505e41d/formal/20260810T090749Z_ed9b9505e41d_stage08_b07_formal_87530002/operator_qmf_full.log                                                                                    |
| report_json    | /tmp/ZKX_dev/results/stage08_input_preview_b07_qmf_ed9b9505e41d/formal/20260810T090749Z_ed9b9505e41d_stage08_b07_formal_87530002/operator_qmf_report.json                                                                                 |
| summary_txt    | /tmp/ZKX_dev/results/stage08_input_preview_b07_qmf_ed9b9505e41d/formal/20260810T090749Z_ed9b9505e41d_stage08_b07_formal_87530002/operator_qmf_summary.txt                                                                                 |
| timing_csv     | /tmp/ZKX_dev/results/stage08_input_preview_b07_qmf_ed9b9505e41d/formal/20260810T090749Z_ed9b9505e41d_stage08_b07_formal_87530002/operator_timing_samples_qmf_not_applicable_20260810T090749Z_ed9b9505e41d_stage08_b07_formal_87530002.csv |
| memory_csv     | /tmp/ZKX_dev/results/stage08_input_preview_b07_qmf_ed9b9505e41d/formal/20260810T090749Z_ed9b9505e41d_stage08_b07_formal_87530002/operator_wavelets_qmf_memory_trace_not_applicable.csv                                                    |
| probe_raw_json | /tmp/ZKX_dev/results/stage08_input_preview_b07_qmf_ed9b9505e41d/formal/20260810T090749Z_ed9b9505e41d_stage08_b07_formal_87530002/qmf_probe_raw.json                                                                                       |
+----------------+-------------------------------------------------------------------------------------------------------------------------------------------------------------------------------------------------------------------------------------------+
[stage08-b07-formal] case=2 scale=qmf_fp32_10e4 status=completed
[stage08-b07-formal] case=3 scale=qmf_fp16_10e2 status=starting
STAGE08_QMF_CASE PASS scale=qmf_fp16_10e2 dtype=FP16 backend=not_applicable measured=100 results=/tmp/ZKX_dev/results/stage08_input_preview_b07_qmf_ed9b9505e41d/formal/20260810T090749Z_ed9b9505e41d_stage08_b07_formal_87530003
[stage08] identity and status
+--------+---------------+--------+----------------+-------+--------+----------+--------------------------+--------+------------+
| target | scale_id      | device | backend        | dtype | warmup | measured | timing_scope             | status | error_code |
+--------+---------------+--------+----------------+-------+--------+----------+--------------------------+--------+------------+
| qmf    | qmf_fp16_10e2 | CPU    | not_applicable | FP16  | 20     | 100      | compatibility/end-to-end | PASS   | OK         |
| qmf    | qmf_fp16_10e2 | GPU    | not_applicable | FP16  | 20     | 100      | compatibility/end-to-end | PASS   | OK         |
+--------+---------------+--------+----------------+-------+--------+----------+--------------------------+--------+------------+

[stage08] timing detail
+--------+------------+---------------------+-----------------------+-----------------------+----------+----------+------------------------+----------------------+-----------------------+
| device | mean_ms    | p50_ms              | p95_ms                | p99_ms                | min_ms   | max_ms   | std_ms                 | cv                   | speedup               |
+--------+------------+---------------------+-----------------------+-----------------------+----------+----------+------------------------+----------------------+-----------------------+
| CPU    | 0.0013881  | 0.00139             | 0.0014114499999999999 | 0.0014307000000000005 | 0.00137  | 0.0015   | 1.5096025967121298e-05 | 0.010875315875744758 | NA                    |
| GPU    | 0.19379938 | 0.19380999999999998 | 0.20071655            | 0.20512721000000003   | 0.186774 | 0.214157 | 0.0042403765983223705  | 0.02188023820469586  | 0.0071625616139742035 |
+--------+------------+---------------------+-----------------------+-----------------------+----------+----------+------------------------+----------------------+-----------------------+

[stage08] accuracy detail
+-----------------------------+-----+------+-------------+---------------+-------------+----------------+-------------------------------------+--------+
| accuracy_reference          | mse | rmse | relative_l2 | relative_linf | exact_match | mismatch_count | semantic_check                      | status |
+-----------------------------+-----+------+-------------+---------------+-------------+----------------+-------------------------------------+--------+
| cpu_qmf_int64_index_formula | 0   | 0    | 0           | 0             | NA          | NA             | output_count=100;output_dtype=INT64 | PASS   |
+-----------------------------+-----+------+-------------+---------------+-------------+----------------+-------------------------------------+--------+

[stage08] resource detail
+--------+------------+--------------+-------------+------------+-------------+
| device | metric     | before_bytes | after_bytes | peak_bytes | delta_bytes |
+--------+------------+--------------+-------------+------------+-------------+
| CPU    | cpu_heap   | 1345488      | 1349808     | 1349808    | 4320        |
| CPU    | rss        | 69197824     | 69197824    | 69197824   | 0           |
| GPU    | cpu_heap   | 1349904      | 1353712     | 1353712    | 3808        |
| GPU    | rss        | 69197824     | 69197824    | 69197824   | 0           |
| GPU    | gpu_memory | 341000192    | 341000192   | 341000192  | 0           |
+--------+------------+--------------+-------------+------------+-------------+

[stage08] input/output identity
+--------+------------------------------------------------------------------+------------------------------------------------------------------+
| device | input_digest                                                     | output_digest                                                    |
+--------+------------------------------------------------------------------+------------------------------------------------------------------+
| CPU    | d0e1af24eb55a388a9cb93fda66588897332ae69b055673416f1c9e38629511a | 38def24e52cb938a00dc911a774bc1245254d94bc91327409c01ad408f4f88b1 |
| GPU    | d0e1af24eb55a388a9cb93fda66588897332ae69b055673416f1c9e38629511a | 38def24e52cb938a00dc911a774bc1245254d94bc91327409c01ad408f4f88b1 |
+--------+------------------------------------------------------------------+------------------------------------------------------------------+

[stage08] input content
+------------+-------+-------+----------+-------------------------------------------------------+-------------------------------------------------------------------------------------+
| input_name | shape | dtype | elements | generator                                             | values(head4/tail2)                                                                 |
+------------+-------+-------+----------+-------------------------------------------------------+-------------------------------------------------------------------------------------+
| hk         | [100] | FP16  | 100      | qmf_sinusoid_or_modular(seed=87300004,integral=false) | i=0:0.015625;i=1:0.0468699;i=2:0.0780843;i=3:0.109238;i=98:0.0946352;i=99:0.0634494 |
+------------+-------+-------+----------+-------------------------------------------------------+-------------------------------------------------------------------------------------+

[stage08] case parameters
+-----------------------------------------------------+
| parameters                                          |
+-----------------------------------------------------+
| {"dtype":"FP16","elements":"100","seed":"87300004"} |
+-----------------------------------------------------+

[stage08] dtype evidence
+-----------------+--------------------+--------------+------------------------------------------------------------------+--------+
| requested_dtype | config_input_dtype | output_dtype | actual_input_digest                                              | status |
+-----------------+--------------------+--------------+------------------------------------------------------------------+--------+
| FP16            | NA                 | INT64        | d0e1af24eb55a388a9cb93fda66588897332ae69b055673416f1c9e38629511a | PASS   |
+-----------------+--------------------+--------------+------------------------------------------------------------------+--------+

[stage08] evidence files
+----------------+-------------------------------------------------------------------------------------------------------------------------------------------------------------------------------------------------------------------------------------------+
| kind           | path                                                                                                                                                                                                                                      |
+----------------+-------------------------------------------------------------------------------------------------------------------------------------------------------------------------------------------------------------------------------------------+
| dtype_csv      | /tmp/ZKX_dev/results/stage08_input_preview_b07_qmf_ed9b9505e41d/formal/20260810T090749Z_ed9b9505e41d_stage08_b07_formal_87530003/operator_dtype_evidence_qmf_not_applicable_20260810T090749Z_ed9b9505e41d_stage08_b07_formal_87530003.csv |
| main_csv       | /tmp/ZKX_dev/results/stage08_input_preview_b07_qmf_ed9b9505e41d/formal/20260810T090749Z_ed9b9505e41d_stage08_b07_formal_87530003/operator_main_results_qmf_not_applicable_20260810T090749Z_ed9b9505e41d_stage08_b07_formal_87530003.csv   |
| full_log       | /tmp/ZKX_dev/results/stage08_input_preview_b07_qmf_ed9b9505e41d/formal/20260810T090749Z_ed9b9505e41d_stage08_b07_formal_87530003/operator_qmf_full.log                                                                                    |
| report_json    | /tmp/ZKX_dev/results/stage08_input_preview_b07_qmf_ed9b9505e41d/formal/20260810T090749Z_ed9b9505e41d_stage08_b07_formal_87530003/operator_qmf_report.json                                                                                 |
| summary_txt    | /tmp/ZKX_dev/results/stage08_input_preview_b07_qmf_ed9b9505e41d/formal/20260810T090749Z_ed9b9505e41d_stage08_b07_formal_87530003/operator_qmf_summary.txt                                                                                 |
| timing_csv     | /tmp/ZKX_dev/results/stage08_input_preview_b07_qmf_ed9b9505e41d/formal/20260810T090749Z_ed9b9505e41d_stage08_b07_formal_87530003/operator_timing_samples_qmf_not_applicable_20260810T090749Z_ed9b9505e41d_stage08_b07_formal_87530003.csv |
| memory_csv     | /tmp/ZKX_dev/results/stage08_input_preview_b07_qmf_ed9b9505e41d/formal/20260810T090749Z_ed9b9505e41d_stage08_b07_formal_87530003/operator_wavelets_qmf_memory_trace_not_applicable.csv                                                    |
| probe_raw_json | /tmp/ZKX_dev/results/stage08_input_preview_b07_qmf_ed9b9505e41d/formal/20260810T090749Z_ed9b9505e41d_stage08_b07_formal_87530003/qmf_probe_raw.json                                                                                       |
+----------------+-------------------------------------------------------------------------------------------------------------------------------------------------------------------------------------------------------------------------------------------+
[stage08-b07-formal] case=3 scale=qmf_fp16_10e2 status=completed
[stage08-b07-formal] case=4 scale=qmf_fp16_10e3 status=starting
STAGE08_QMF_CASE PASS scale=qmf_fp16_10e3 dtype=FP16 backend=not_applicable measured=100 results=/tmp/ZKX_dev/results/stage08_input_preview_b07_qmf_ed9b9505e41d/formal/20260810T090749Z_ed9b9505e41d_stage08_b07_formal_87530004
[stage08] identity and status
+--------+---------------+--------+----------------+-------+--------+----------+--------------------------+--------+------------+
| target | scale_id      | device | backend        | dtype | warmup | measured | timing_scope             | status | error_code |
+--------+---------------+--------+----------------+-------+--------+----------+--------------------------+--------+------------+
| qmf    | qmf_fp16_10e3 | CPU    | not_applicable | FP16  | 20     | 100      | compatibility/end-to-end | PASS   | OK         |
| qmf    | qmf_fp16_10e3 | GPU    | not_applicable | FP16  | 20     | 100      | compatibility/end-to-end | PASS   | OK         |
+--------+---------------+--------+----------------+-------+--------+----------+--------------------------+--------+------------+

[stage08] timing detail
+--------+------------+---------------------+------------+---------------------+----------+----------+-----------------------+----------------------+---------------------+
| device | mean_ms    | p50_ms              | p95_ms     | p99_ms              | min_ms   | max_ms   | std_ms                | cv                   | speedup             |
+--------+------------+---------------------+------------+---------------------+----------+----------+-----------------------+----------------------+---------------------+
| CPU    | 0.01213163 | 0.01221             | 0.012251   | 0.0122914           | 0.011891 | 0.012331 | 0.0001171958749274051 | 0.009660356846310439 | NA                  |
| GPU    | 0.20171478 | 0.19696000000000002 | 0.21555505 | 0.32165171000000015 | 0.188654 | 0.343106 | 0.022341185853297942  | 0.11075631569138335  | 0.06014249426839222 |
+--------+------------+---------------------+------------+---------------------+----------+----------+-----------------------+----------------------+---------------------+

[stage08] accuracy detail
+-----------------------------+-----+------+-------------+---------------+-------------+----------------+--------------------------------------+--------+
| accuracy_reference          | mse | rmse | relative_l2 | relative_linf | exact_match | mismatch_count | semantic_check                       | status |
+-----------------------------+-----+------+-------------+---------------+-------------+----------------+--------------------------------------+--------+
| cpu_qmf_int64_index_formula | 0   | 0    | 0           | 0             | NA          | NA             | output_count=1024;output_dtype=INT64 | PASS   |
+-----------------------------+-----+------+-------------+---------------+-------------+----------------+--------------------------------------+--------+

[stage08] resource detail
+--------+------------+--------------+-------------+------------+-------------+
| device | metric     | before_bytes | after_bytes | peak_bytes | delta_bytes |
+--------+------------+--------------+-------------+------------+-------------+
| CPU    | cpu_heap   | 1382336      | 1404128     | 1404128    | 21792       |
| CPU    | rss        | 69517312     | 69517312    | 69517312   | 0           |
| GPU    | cpu_heap   | 1404176      | 1415472     | 1415472    | 11296       |
| GPU    | rss        | 69517312     | 69517312    | 69517312   | 0           |
| GPU    | gpu_memory | 357777408    | 357777408   | 357777408  | 0           |
+--------+------------+--------------+-------------+------------+-------------+

[stage08] input/output identity
+--------+------------------------------------------------------------------+------------------------------------------------------------------+
| device | input_digest                                                     | output_digest                                                    |
+--------+------------------------------------------------------------------+------------------------------------------------------------------+
| CPU    | 700d011753764d5bd5aa305adeedb4bf2bb630e498166d6578838f331afd0f69 | 79beac44a64e292efdebabdca0b82b9f5d4dda5808f1416c4c84771b9319dcdb |
| GPU    | 700d011753764d5bd5aa305adeedb4bf2bb630e498166d6578838f331afd0f69 | 79beac44a64e292efdebabdca0b82b9f5d4dda5808f1416c4c84771b9319dcdb |
+--------+------------------------------------------------------------------+------------------------------------------------------------------+

[stage08] input content
+------------+--------+-------+----------+-------------------------------------------------------+--------------------------------------------------------------------------------------+
| input_name | shape  | dtype | elements | generator                                             | values(head4/tail2)                                                                  |
+------------+--------+-------+----------+-------------------------------------------------------+--------------------------------------------------------------------------------------+
| hk         | [1024] | FP16  | 1024     | qmf_sinusoid_or_modular(seed=87300005,integral=false) | i=0:0.03125;i=1:0.0624949;i=2:0.0937093;i=3:0.124863;i=1022:0.529495;i=1023:0.556342 |
+------------+--------+-------+----------+-------------------------------------------------------+--------------------------------------------------------------------------------------+

[stage08] case parameters
+------------------------------------------------------+
| parameters                                           |
+------------------------------------------------------+
| {"dtype":"FP16","elements":"1024","seed":"87300005"} |
+------------------------------------------------------+

[stage08] dtype evidence
+-----------------+--------------------+--------------+------------------------------------------------------------------+--------+
| requested_dtype | config_input_dtype | output_dtype | actual_input_digest                                              | status |
+-----------------+--------------------+--------------+------------------------------------------------------------------+--------+
| FP16            | NA                 | INT64        | 700d011753764d5bd5aa305adeedb4bf2bb630e498166d6578838f331afd0f69 | PASS   |
+-----------------+--------------------+--------------+------------------------------------------------------------------+--------+

[stage08] evidence files
+----------------+-------------------------------------------------------------------------------------------------------------------------------------------------------------------------------------------------------------------------------------------+
| kind           | path                                                                                                                                                                                                                                      |
+----------------+-------------------------------------------------------------------------------------------------------------------------------------------------------------------------------------------------------------------------------------------+
| dtype_csv      | /tmp/ZKX_dev/results/stage08_input_preview_b07_qmf_ed9b9505e41d/formal/20260810T090749Z_ed9b9505e41d_stage08_b07_formal_87530004/operator_dtype_evidence_qmf_not_applicable_20260810T090749Z_ed9b9505e41d_stage08_b07_formal_87530004.csv |
| main_csv       | /tmp/ZKX_dev/results/stage08_input_preview_b07_qmf_ed9b9505e41d/formal/20260810T090749Z_ed9b9505e41d_stage08_b07_formal_87530004/operator_main_results_qmf_not_applicable_20260810T090749Z_ed9b9505e41d_stage08_b07_formal_87530004.csv   |
| full_log       | /tmp/ZKX_dev/results/stage08_input_preview_b07_qmf_ed9b9505e41d/formal/20260810T090749Z_ed9b9505e41d_stage08_b07_formal_87530004/operator_qmf_full.log                                                                                    |
| report_json    | /tmp/ZKX_dev/results/stage08_input_preview_b07_qmf_ed9b9505e41d/formal/20260810T090749Z_ed9b9505e41d_stage08_b07_formal_87530004/operator_qmf_report.json                                                                                 |
| summary_txt    | /tmp/ZKX_dev/results/stage08_input_preview_b07_qmf_ed9b9505e41d/formal/20260810T090749Z_ed9b9505e41d_stage08_b07_formal_87530004/operator_qmf_summary.txt                                                                                 |
| timing_csv     | /tmp/ZKX_dev/results/stage08_input_preview_b07_qmf_ed9b9505e41d/formal/20260810T090749Z_ed9b9505e41d_stage08_b07_formal_87530004/operator_timing_samples_qmf_not_applicable_20260810T090749Z_ed9b9505e41d_stage08_b07_formal_87530004.csv |
| memory_csv     | /tmp/ZKX_dev/results/stage08_input_preview_b07_qmf_ed9b9505e41d/formal/20260810T090749Z_ed9b9505e41d_stage08_b07_formal_87530004/operator_wavelets_qmf_memory_trace_not_applicable.csv                                                    |
| probe_raw_json | /tmp/ZKX_dev/results/stage08_input_preview_b07_qmf_ed9b9505e41d/formal/20260810T090749Z_ed9b9505e41d_stage08_b07_formal_87530004/qmf_probe_raw.json                                                                                       |
+----------------+-------------------------------------------------------------------------------------------------------------------------------------------------------------------------------------------------------------------------------------------+
[stage08-b07-formal] case=4 scale=qmf_fp16_10e3 status=completed
[stage08-b07-formal] case=5 scale=qmf_fp16_10e4 status=starting
STAGE08_QMF_CASE PASS scale=qmf_fp16_10e4 dtype=FP16 backend=not_applicable measured=100 results=/tmp/ZKX_dev/results/stage08_input_preview_b07_qmf_ed9b9505e41d/formal/20260810T090749Z_ed9b9505e41d_stage08_b07_formal_87530005
[stage08] identity and status
+--------+---------------+--------+----------------+-------+--------+----------+--------------------------+--------+------------+
| target | scale_id      | device | backend        | dtype | warmup | measured | timing_scope             | status | error_code |
+--------+---------------+--------+----------------+-------+--------+----------+--------------------------+--------+------------+
| qmf    | qmf_fp16_10e4 | CPU    | not_applicable | FP16  | 20     | 100      | compatibility/end-to-end | PASS   | OK         |
| qmf    | qmf_fp16_10e4 | GPU    | not_applicable | FP16  | 20     | 100      | compatibility/end-to-end | PASS   | OK         |
+--------+---------------+--------+----------------+-------+--------+----------+--------------------------+--------+------------+

[stage08] timing detail
+--------+------------+-----------+------------+---------------------+----------+----------+----------------------+---------------------+--------------------+
| device | mean_ms    | p50_ms    | p95_ms     | p99_ms              | min_ms   | max_ms   | std_ms               | cv                  | speedup            |
+--------+------------+-----------+------------+---------------------+----------+----------+----------------------+---------------------+--------------------+
| CPU    | 0.11771898 | 0.117089  | 0.1174605  | 0.12707236000000038 | 0.113769 | 0.199675 | 0.008380006985653412 | 0.07118654090999949 | NA                 |
| GPU    | 0.26369964 | 0.2595055 | 0.30415655 | 0.32258801000000004 | 0.25421  | 0.331796 | 0.014112701528424665 | 0.05351809175175463 | 0.4464131236584168 |
+--------+------------+-----------+------------+---------------------+----------+----------+----------------------+---------------------+--------------------+

[stage08] accuracy detail
+-----------------------------+-----+------+-------------+---------------+-------------+----------------+---------------------------------------+--------+
| accuracy_reference          | mse | rmse | relative_l2 | relative_linf | exact_match | mismatch_count | semantic_check                        | status |
+-----------------------------+-----+------+-------------+---------------+-------------+----------------+---------------------------------------+--------+
| cpu_qmf_int64_index_formula | 0   | 0    | 0           | 0             | NA          | NA             | output_count=10000;output_dtype=INT64 | PASS   |
+-----------------------------+-----+------+-------------+---------------+-------------+----------------+---------------------------------------+--------+

[stage08] resource detail
+--------+------------+--------------+-------------+------------+-------------+
| device | metric     | before_bytes | after_bytes | peak_bytes | delta_bytes |
+--------+------------+--------------+-------------+------------+-------------+
| CPU    | cpu_heap   | 1502736      | 1686080     | 1686080    | 183344      |
| CPU    | rss        | 69500928     | 69500928    | 69500928   | 0           |
| GPU    | cpu_heap   | 1686176      | 1769296     | 1769296    | 83120       |
| GPU    | rss        | 69500928     | 69500928    | 69500928   | 0           |
| GPU    | gpu_memory | 341000192    | 341000192   | 341000192  | 0           |
+--------+------------+--------------+-------------+------------+-------------+

[stage08] input/output identity
+--------+------------------------------------------------------------------+------------------------------------------------------------------+
| device | input_digest                                                     | output_digest                                                    |
+--------+------------------------------------------------------------------+------------------------------------------------------------------+
| CPU    | f34c6786f9ed93f24796a3fcc46bbfa304177aef28a2b3ceb5815625beb78097 | 202ee4b01f38071cdd074fe5d438bd8402fddbc380ee57bf20efcd6e08295250 |
| GPU    | f34c6786f9ed93f24796a3fcc46bbfa304177aef28a2b3ceb5815625beb78097 | 202ee4b01f38071cdd074fe5d438bd8402fddbc380ee57bf20efcd6e08295250 |
+--------+------------------------------------------------------------------+------------------------------------------------------------------+

[stage08] input content
+------------+---------+-------+----------+-------------------------------------------------------+----------------------------------------------------------------------------------------+
| input_name | shape   | dtype | elements | generator                                             | values(head4/tail2)                                                                    |
+------------+---------+-------+----------+-------------------------------------------------------+----------------------------------------------------------------------------------------+
| hk         | [10000] | FP16  | 10000    | qmf_sinusoid_or_modular(seed=87300006,integral=false) | i=0:0.046875;i=1:0.0781199;i=2:0.109334;i=3:0.140488;i=9998:-0.941751;i=9999:-0.945967 |
+------------+---------+-------+----------+-------------------------------------------------------+----------------------------------------------------------------------------------------+

[stage08] case parameters
+-------------------------------------------------------+
| parameters                                            |
+-------------------------------------------------------+
| {"dtype":"FP16","elements":"10000","seed":"87300006"} |
+-------------------------------------------------------+

[stage08] dtype evidence
+-----------------+--------------------+--------------+------------------------------------------------------------------+--------+
| requested_dtype | config_input_dtype | output_dtype | actual_input_digest                                              | status |
+-----------------+--------------------+--------------+------------------------------------------------------------------+--------+
| FP16            | NA                 | INT64        | f34c6786f9ed93f24796a3fcc46bbfa304177aef28a2b3ceb5815625beb78097 | PASS   |
+-----------------+--------------------+--------------+------------------------------------------------------------------+--------+

[stage08] evidence files
+----------------+-------------------------------------------------------------------------------------------------------------------------------------------------------------------------------------------------------------------------------------------+
| kind           | path                                                                                                                                                                                                                                      |
+----------------+-------------------------------------------------------------------------------------------------------------------------------------------------------------------------------------------------------------------------------------------+
| dtype_csv      | /tmp/ZKX_dev/results/stage08_input_preview_b07_qmf_ed9b9505e41d/formal/20260810T090749Z_ed9b9505e41d_stage08_b07_formal_87530005/operator_dtype_evidence_qmf_not_applicable_20260810T090749Z_ed9b9505e41d_stage08_b07_formal_87530005.csv |
| main_csv       | /tmp/ZKX_dev/results/stage08_input_preview_b07_qmf_ed9b9505e41d/formal/20260810T090749Z_ed9b9505e41d_stage08_b07_formal_87530005/operator_main_results_qmf_not_applicable_20260810T090749Z_ed9b9505e41d_stage08_b07_formal_87530005.csv   |
| full_log       | /tmp/ZKX_dev/results/stage08_input_preview_b07_qmf_ed9b9505e41d/formal/20260810T090749Z_ed9b9505e41d_stage08_b07_formal_87530005/operator_qmf_full.log                                                                                    |
| report_json    | /tmp/ZKX_dev/results/stage08_input_preview_b07_qmf_ed9b9505e41d/formal/20260810T090749Z_ed9b9505e41d_stage08_b07_formal_87530005/operator_qmf_report.json                                                                                 |
| summary_txt    | /tmp/ZKX_dev/results/stage08_input_preview_b07_qmf_ed9b9505e41d/formal/20260810T090749Z_ed9b9505e41d_stage08_b07_formal_87530005/operator_qmf_summary.txt                                                                                 |
| timing_csv     | /tmp/ZKX_dev/results/stage08_input_preview_b07_qmf_ed9b9505e41d/formal/20260810T090749Z_ed9b9505e41d_stage08_b07_formal_87530005/operator_timing_samples_qmf_not_applicable_20260810T090749Z_ed9b9505e41d_stage08_b07_formal_87530005.csv |
| memory_csv     | /tmp/ZKX_dev/results/stage08_input_preview_b07_qmf_ed9b9505e41d/formal/20260810T090749Z_ed9b9505e41d_stage08_b07_formal_87530005/operator_wavelets_qmf_memory_trace_not_applicable.csv                                                    |
| probe_raw_json | /tmp/ZKX_dev/results/stage08_input_preview_b07_qmf_ed9b9505e41d/formal/20260810T090749Z_ed9b9505e41d_stage08_b07_formal_87530005/qmf_probe_raw.json                                                                                       |
+----------------+-------------------------------------------------------------------------------------------------------------------------------------------------------------------------------------------------------------------------------------------+
[stage08-b07-formal] case=5 scale=qmf_fp16_10e4 status=completed
[stage08-b07-formal] case=6 scale=qmf_int32_10e2 status=starting
STAGE08_QMF_CASE PASS scale=qmf_int32_10e2 dtype=INT32 backend=not_applicable measured=100 results=/tmp/ZKX_dev/results/stage08_input_preview_b07_qmf_ed9b9505e41d/formal/20260810T090749Z_ed9b9505e41d_stage08_b07_formal_87530006
[stage08] identity and status
+--------+----------------+--------+----------------+-------+--------+----------+--------------------------+--------+------------+
| target | scale_id       | device | backend        | dtype | warmup | measured | timing_scope             | status | error_code |
+--------+----------------+--------+----------------+-------+--------+----------+--------------------------+--------+------------+
| qmf    | qmf_int32_10e2 | CPU    | not_applicable | INT32 | 20     | 100      | compatibility/end-to-end | PASS   | OK         |
| qmf    | qmf_int32_10e2 | GPU    | not_applicable | INT32 | 20     | 100      | compatibility/end-to-end | PASS   | OK         |
+--------+----------------+--------+----------------+-------+--------+----------+--------------------------+--------+------------+

[stage08] timing detail
+--------+------------+---------------------+----------+-----------------------+----------+----------+-----------------------+----------------------+----------------------+
| device | mean_ms    | p50_ms              | p95_ms   | p99_ms                | min_ms   | max_ms   | std_ms                | cv                   | speedup              |
+--------+------------+---------------------+----------+-----------------------+----------+----------+-----------------------+----------------------+----------------------+
| CPU    | 0.0013847  | 0.001381            | 0.001391 | 0.0014004100000000002 | 0.00135  | 0.001441 | 9.176600677810936e-06 | 0.006627139942089215 | NA                   |
| GPU    | 0.20309444 | 0.19409500000000002 | 0.25043  | 0.3031453900000007    | 0.188264 | 0.430003 | 0.029847125029161523  | 0.14696180274143164  | 0.006818010379801634 |
+--------+------------+---------------------+----------+-----------------------+----------+----------+-----------------------+----------------------+----------------------+

[stage08] accuracy detail
+-----------------------------+-----+------+-------------+---------------+-------------+----------------+-------------------------------------+--------+
| accuracy_reference          | mse | rmse | relative_l2 | relative_linf | exact_match | mismatch_count | semantic_check                      | status |
+-----------------------------+-----+------+-------------+---------------+-------------+----------------+-------------------------------------+--------+
| cpu_qmf_int64_index_formula | 0   | 0    | 0           | 0             | NA          | NA             | output_count=100;output_dtype=INT64 | PASS   |
+-----------------------------+-----+------+-------------+---------------+-------------+----------------+-------------------------------------+--------+

[stage08] resource detail
+--------+------------+--------------+-------------+------------+-------------+
| device | metric     | before_bytes | after_bytes | peak_bytes | delta_bytes |
+--------+------------+--------------+-------------+------------+-------------+
| CPU    | cpu_heap   | 1345712      | 1349824     | 1349824    | 4112        |
| CPU    | rss        | 68915200     | 68915200    | 68915200   | 0           |
| GPU    | cpu_heap   | 1349920      | 1354176     | 1354176    | 4256        |
| GPU    | rss        | 68915200     | 68915200    | 68915200   | 0           |
| GPU    | gpu_memory | 391544832    | 391544832   | 391544832  | 0           |
+--------+------------+--------------+-------------+------------+-------------+

[stage08] input/output identity
+--------+------------------------------------------------------------------+------------------------------------------------------------------+
| device | input_digest                                                     | output_digest                                                    |
+--------+------------------------------------------------------------------+------------------------------------------------------------------+
| CPU    | 594f957635ea00bb952683bd249f14ebaa022490956c92f1b0d49e73d1ecdb5d | 38def24e52cb938a00dc911a774bc1245254d94bc91327409c01ad408f4f88b1 |
| GPU    | 594f957635ea00bb952683bd249f14ebaa022490956c92f1b0d49e73d1ecdb5d | 38def24e52cb938a00dc911a774bc1245254d94bc91327409c01ad408f4f88b1 |
+--------+------------------------------------------------------------------+------------------------------------------------------------------+

[stage08] input content
+------------+-------+-------+----------+------------------------------------------------------+---------------------------------------------------+
| input_name | shape | dtype | elements | generator                                            | values(head4/tail2)                               |
+------------+-------+-------+----------+------------------------------------------------------+---------------------------------------------------+
| hk         | [100] | INT32 | 100      | qmf_sinusoid_or_modular(seed=87300007,integral=true) | i=0:-45;i=1:-38;i=2:-31;i=3:-24;i=98:-38;i=99:-31 |
+------------+-------+-------+----------+------------------------------------------------------+---------------------------------------------------+

[stage08] case parameters
+------------------------------------------------------+
| parameters                                           |
+------------------------------------------------------+
| {"dtype":"INT32","elements":"100","seed":"87300007"} |
+------------------------------------------------------+

[stage08] dtype evidence
+-----------------+--------------------+--------------+------------------------------------------------------------------+--------+
| requested_dtype | config_input_dtype | output_dtype | actual_input_digest                                              | status |
+-----------------+--------------------+--------------+------------------------------------------------------------------+--------+
| INT32           | NA                 | INT64        | 594f957635ea00bb952683bd249f14ebaa022490956c92f1b0d49e73d1ecdb5d | PASS   |
+-----------------+--------------------+--------------+------------------------------------------------------------------+--------+

[stage08] evidence files
+----------------+-------------------------------------------------------------------------------------------------------------------------------------------------------------------------------------------------------------------------------------------+
| kind           | path                                                                                                                                                                                                                                      |
+----------------+-------------------------------------------------------------------------------------------------------------------------------------------------------------------------------------------------------------------------------------------+
| dtype_csv      | /tmp/ZKX_dev/results/stage08_input_preview_b07_qmf_ed9b9505e41d/formal/20260810T090749Z_ed9b9505e41d_stage08_b07_formal_87530006/operator_dtype_evidence_qmf_not_applicable_20260810T090749Z_ed9b9505e41d_stage08_b07_formal_87530006.csv |
| main_csv       | /tmp/ZKX_dev/results/stage08_input_preview_b07_qmf_ed9b9505e41d/formal/20260810T090749Z_ed9b9505e41d_stage08_b07_formal_87530006/operator_main_results_qmf_not_applicable_20260810T090749Z_ed9b9505e41d_stage08_b07_formal_87530006.csv   |
| full_log       | /tmp/ZKX_dev/results/stage08_input_preview_b07_qmf_ed9b9505e41d/formal/20260810T090749Z_ed9b9505e41d_stage08_b07_formal_87530006/operator_qmf_full.log                                                                                    |
| report_json    | /tmp/ZKX_dev/results/stage08_input_preview_b07_qmf_ed9b9505e41d/formal/20260810T090749Z_ed9b9505e41d_stage08_b07_formal_87530006/operator_qmf_report.json                                                                                 |
| summary_txt    | /tmp/ZKX_dev/results/stage08_input_preview_b07_qmf_ed9b9505e41d/formal/20260810T090749Z_ed9b9505e41d_stage08_b07_formal_87530006/operator_qmf_summary.txt                                                                                 |
| timing_csv     | /tmp/ZKX_dev/results/stage08_input_preview_b07_qmf_ed9b9505e41d/formal/20260810T090749Z_ed9b9505e41d_stage08_b07_formal_87530006/operator_timing_samples_qmf_not_applicable_20260810T090749Z_ed9b9505e41d_stage08_b07_formal_87530006.csv |
| memory_csv     | /tmp/ZKX_dev/results/stage08_input_preview_b07_qmf_ed9b9505e41d/formal/20260810T090749Z_ed9b9505e41d_stage08_b07_formal_87530006/operator_wavelets_qmf_memory_trace_not_applicable.csv                                                    |
| probe_raw_json | /tmp/ZKX_dev/results/stage08_input_preview_b07_qmf_ed9b9505e41d/formal/20260810T090749Z_ed9b9505e41d_stage08_b07_formal_87530006/qmf_probe_raw.json                                                                                       |
+----------------+-------------------------------------------------------------------------------------------------------------------------------------------------------------------------------------------------------------------------------------------+
[stage08-b07-formal] case=6 scale=qmf_int32_10e2 status=completed
[stage08-b07-formal] case=7 scale=qmf_int32_10e3 status=starting
STAGE08_QMF_CASE PASS scale=qmf_int32_10e3 dtype=INT32 backend=not_applicable measured=100 results=/tmp/ZKX_dev/results/stage08_input_preview_b07_qmf_ed9b9505e41d/formal/20260810T090749Z_ed9b9505e41d_stage08_b07_formal_87530007
[stage08] identity and status
+--------+----------------+--------+----------------+-------+--------+----------+--------------------------+--------+------------+
| target | scale_id       | device | backend        | dtype | warmup | measured | timing_scope             | status | error_code |
+--------+----------------+--------+----------------+-------+--------+----------+--------------------------+--------+------------+
| qmf    | qmf_int32_10e3 | CPU    | not_applicable | INT32 | 20     | 100      | compatibility/end-to-end | PASS   | OK         |
| qmf    | qmf_int32_10e3 | GPU    | not_applicable | INT32 | 20     | 100      | compatibility/end-to-end | PASS   | OK         |
+--------+----------------+--------+----------------+-------+--------+----------+--------------------------+--------+------------+

[stage08] timing detail
+--------+---------------------+---------------------+---------------------+--------------------+----------+----------+-----------------------+----------------------+---------------------+
| device | mean_ms             | p50_ms              | p95_ms              | p99_ms             | min_ms   | max_ms   | std_ms                | cv                   | speedup             |
+--------+---------------------+---------------------+---------------------+--------------------+----------+----------+-----------------------+----------------------+---------------------+
| CPU    | 0.01197795          | 0.011921            | 0.012251            | 0.0123114          | 0.011891 | 0.012351 | 0.0001298181324006782 | 0.010838092695384285 | NA                  |
| GPU    | 0.20176846999999998 | 0.19489499999999998 | 0.22303509999999993 | 0.2860352300000002 | 0.188375 | 0.324965 | 0.020195244774676536  | 0.10009118260487646  | 0.05936482543580769 |
+--------+---------------------+---------------------+---------------------+--------------------+----------+----------+-----------------------+----------------------+---------------------+

[stage08] accuracy detail
+-----------------------------+-----+------+-------------+---------------+-------------+----------------+--------------------------------------+--------+
| accuracy_reference          | mse | rmse | relative_l2 | relative_linf | exact_match | mismatch_count | semantic_check                       | status |
+-----------------------------+-----+------+-------------+---------------+-------------+----------------+--------------------------------------+--------+
| cpu_qmf_int64_index_formula | 0   | 0    | 0           | 0             | NA          | NA             | output_count=1024;output_dtype=INT64 | PASS   |
+-----------------------------+-----+------+-------------+---------------+-------------+----------------+--------------------------------------+--------+

[stage08] resource detail
+--------+------------+--------------+-------------+------------+-------------+
| device | metric     | before_bytes | after_bytes | peak_bytes | delta_bytes |
+--------+------------+--------------+-------------+------------+-------------+
| CPU    | cpu_heap   | 1384448      | 1408288     | 1408288    | 23840       |
| CPU    | rss        | 69402624     | 69402624    | 69402624   | 0           |
| GPU    | cpu_heap   | 1408336      | 1419536     | 1419536    | 11200       |
| GPU    | rss        | 69402624     | 69591040    | 69591040   | 188416      |
| GPU    | gpu_memory | 408322048    | 408322048   | 408322048  | 0           |
+--------+------------+--------------+-------------+------------+-------------+

[stage08] input/output identity
+--------+------------------------------------------------------------------+------------------------------------------------------------------+
| device | input_digest                                                     | output_digest                                                    |
+--------+------------------------------------------------------------------+------------------------------------------------------------------+
| CPU    | a6db427bd9bb8e56eb6bb3d3e1ce8b9d6f33622ca8ca74fe1255da56e0300916 | 79beac44a64e292efdebabdca0b82b9f5d4dda5808f1416c4c84771b9319dcdb |
| GPU    | a6db427bd9bb8e56eb6bb3d3e1ce8b9d6f33622ca8ca74fe1255da56e0300916 | 79beac44a64e292efdebabdca0b82b9f5d4dda5808f1416c4c84771b9319dcdb |
+--------+------------------------------------------------------------------+------------------------------------------------------------------+

[stage08] input content
+------------+--------+-------+----------+------------------------------------------------------+-----------------------------------------------------+
| input_name | shape  | dtype | elements | generator                                            | values(head4/tail2)                                 |
+------------+--------+-------+----------+------------------------------------------------------+-----------------------------------------------------+
| hk         | [1024] | INT32 | 1024     | qmf_sinusoid_or_modular(seed=87300008,integral=true) | i=0:-44;i=1:-37;i=2:-30;i=3:-23;i=1022:29;i=1023:36 |
+------------+--------+-------+----------+------------------------------------------------------+-----------------------------------------------------+

[stage08] case parameters
+-------------------------------------------------------+
| parameters                                            |
+-------------------------------------------------------+
| {"dtype":"INT32","elements":"1024","seed":"87300008"} |
+-------------------------------------------------------+

[stage08] dtype evidence
+-----------------+--------------------+--------------+------------------------------------------------------------------+--------+
| requested_dtype | config_input_dtype | output_dtype | actual_input_digest                                              | status |
+-----------------+--------------------+--------------+------------------------------------------------------------------+--------+
| INT32           | NA                 | INT64        | a6db427bd9bb8e56eb6bb3d3e1ce8b9d6f33622ca8ca74fe1255da56e0300916 | PASS   |
+-----------------+--------------------+--------------+------------------------------------------------------------------+--------+

[stage08] evidence files
+----------------+-------------------------------------------------------------------------------------------------------------------------------------------------------------------------------------------------------------------------------------------+
| kind           | path                                                                                                                                                                                                                                      |
+----------------+-------------------------------------------------------------------------------------------------------------------------------------------------------------------------------------------------------------------------------------------+
| dtype_csv      | /tmp/ZKX_dev/results/stage08_input_preview_b07_qmf_ed9b9505e41d/formal/20260810T090749Z_ed9b9505e41d_stage08_b07_formal_87530007/operator_dtype_evidence_qmf_not_applicable_20260810T090749Z_ed9b9505e41d_stage08_b07_formal_87530007.csv |
| main_csv       | /tmp/ZKX_dev/results/stage08_input_preview_b07_qmf_ed9b9505e41d/formal/20260810T090749Z_ed9b9505e41d_stage08_b07_formal_87530007/operator_main_results_qmf_not_applicable_20260810T090749Z_ed9b9505e41d_stage08_b07_formal_87530007.csv   |
| full_log       | /tmp/ZKX_dev/results/stage08_input_preview_b07_qmf_ed9b9505e41d/formal/20260810T090749Z_ed9b9505e41d_stage08_b07_formal_87530007/operator_qmf_full.log                                                                                    |
| report_json    | /tmp/ZKX_dev/results/stage08_input_preview_b07_qmf_ed9b9505e41d/formal/20260810T090749Z_ed9b9505e41d_stage08_b07_formal_87530007/operator_qmf_report.json                                                                                 |
| summary_txt    | /tmp/ZKX_dev/results/stage08_input_preview_b07_qmf_ed9b9505e41d/formal/20260810T090749Z_ed9b9505e41d_stage08_b07_formal_87530007/operator_qmf_summary.txt                                                                                 |
| timing_csv     | /tmp/ZKX_dev/results/stage08_input_preview_b07_qmf_ed9b9505e41d/formal/20260810T090749Z_ed9b9505e41d_stage08_b07_formal_87530007/operator_timing_samples_qmf_not_applicable_20260810T090749Z_ed9b9505e41d_stage08_b07_formal_87530007.csv |
| memory_csv     | /tmp/ZKX_dev/results/stage08_input_preview_b07_qmf_ed9b9505e41d/formal/20260810T090749Z_ed9b9505e41d_stage08_b07_formal_87530007/operator_wavelets_qmf_memory_trace_not_applicable.csv                                                    |
| probe_raw_json | /tmp/ZKX_dev/results/stage08_input_preview_b07_qmf_ed9b9505e41d/formal/20260810T090749Z_ed9b9505e41d_stage08_b07_formal_87530007/qmf_probe_raw.json                                                                                       |
+----------------+-------------------------------------------------------------------------------------------------------------------------------------------------------------------------------------------------------------------------------------------+
[stage08-b07-formal] case=7 scale=qmf_int32_10e3 status=completed
[stage08-b07-formal] case=8 scale=qmf_int32_10e4 status=starting
STAGE08_QMF_CASE PASS scale=qmf_int32_10e4 dtype=INT32 backend=not_applicable measured=100 results=/tmp/ZKX_dev/results/stage08_input_preview_b07_qmf_ed9b9505e41d/formal/20260810T090750Z_ed9b9505e41d_stage08_b07_formal_87530008
[stage08] identity and status
+--------+----------------+--------+----------------+-------+--------+----------+--------------------------+--------+------------+
| target | scale_id       | device | backend        | dtype | warmup | measured | timing_scope             | status | error_code |
+--------+----------------+--------+----------------+-------+--------+----------+--------------------------+--------+------------+
| qmf    | qmf_int32_10e4 | CPU    | not_applicable | INT32 | 20     | 100      | compatibility/end-to-end | PASS   | OK         |
| qmf    | qmf_int32_10e4 | GPU    | not_applicable | INT32 | 20     | 100      | compatibility/end-to-end | PASS   | OK         |
+--------+----------------+--------+----------------+-------+--------+----------+--------------------------+--------+------------+

[stage08] timing detail
+--------+------------+----------+------------+---------------------+----------+----------+-----------------------+--------------------+---------------------+
| device | mean_ms    | p50_ms   | p95_ms     | p99_ms              | min_ms   | max_ms   | std_ms                | cv                 | speedup             |
+--------+------------+----------+------------+---------------------+----------+----------+-----------------------+--------------------+---------------------+
| CPU    | 0.11465491 | 0.113799 | 0.11724355 | 0.12363920000000005 | 0.113649 | 0.13148  | 0.0024472498241699817 | 0.0213444834082551 | NA                  |
| GPU    | 0.32120108 | 0.314324 | 0.38385705 | 0.4302111300000003  | 0.286473 | 0.482397 | 0.031923422723348444  | 0.0993876568638824 | 0.35695680101698285 |
+--------+------------+----------+------------+---------------------+----------+----------+-----------------------+--------------------+---------------------+

[stage08] accuracy detail
+-----------------------------+-----+------+-------------+---------------+-------------+----------------+---------------------------------------+--------+
| accuracy_reference          | mse | rmse | relative_l2 | relative_linf | exact_match | mismatch_count | semantic_check                        | status |
+-----------------------------+-----+------+-------------+---------------+-------------+----------------+---------------------------------------+--------+
| cpu_qmf_int64_index_formula | 0   | 0    | 0           | 0             | NA          | NA             | output_count=10000;output_dtype=INT64 | PASS   |
+-----------------------------+-----+------+-------------+---------------+-------------+----------------+---------------------------------------+--------+

[stage08] resource detail
+--------+------------+--------------+-------------+------------+-------------+
| device | metric     | before_bytes | after_bytes | peak_bytes | delta_bytes |
+--------+------------+--------------+-------------+------------+-------------+
| CPU    | cpu_heap   | 1522928      | 1726288     | 1726288    | 203360      |
| CPU    | rss        | 69726208     | 69726208    | 69726208   | 0           |
| GPU    | cpu_heap   | 1726336      | 1809392     | 1809392    | 83056       |
| GPU    | rss        | 69726208     | 69726208    | 69726208   | 0           |
| GPU    | gpu_memory | 391544832    | 391544832   | 391544832  | 0           |
+--------+------------+--------------+-------------+------------+-------------+

[stage08] input/output identity
+--------+------------------------------------------------------------------+------------------------------------------------------------------+
| device | input_digest                                                     | output_digest                                                    |
+--------+------------------------------------------------------------------+------------------------------------------------------------------+
| CPU    | d20179895c2a38641238085efbe18e0ea99ba0a2e86b59a53736aed6a56e3888 | 202ee4b01f38071cdd074fe5d438bd8402fddbc380ee57bf20efcd6e08295250 |
| GPU    | d20179895c2a38641238085efbe18e0ea99ba0a2e86b59a53736aed6a56e3888 | 202ee4b01f38071cdd074fe5d438bd8402fddbc380ee57bf20efcd6e08295250 |
+--------+------------------------------------------------------------------+------------------------------------------------------------------+

[stage08] input content
+------------+---------+-------+----------+------------------------------------------------------+----------------------------------------------------+
| input_name | shape   | dtype | elements | generator                                            | values(head4/tail2)                                |
+------------+---------+-------+----------+------------------------------------------------------+----------------------------------------------------+
| hk         | [10000] | INT32 | 10000    | qmf_sinusoid_or_modular(seed=87300009,integral=true) | i=0:-43;i=1:-36;i=2:-29;i=3:-22;i=9998:6;i=9999:13 |
+------------+---------+-------+----------+------------------------------------------------------+----------------------------------------------------+

[stage08] case parameters
+--------------------------------------------------------+
| parameters                                             |
+--------------------------------------------------------+
| {"dtype":"INT32","elements":"10000","seed":"87300009"} |
+--------------------------------------------------------+

[stage08] dtype evidence
+-----------------+--------------------+--------------+------------------------------------------------------------------+--------+
| requested_dtype | config_input_dtype | output_dtype | actual_input_digest                                              | status |
+-----------------+--------------------+--------------+------------------------------------------------------------------+--------+
| INT32           | NA                 | INT64        | d20179895c2a38641238085efbe18e0ea99ba0a2e86b59a53736aed6a56e3888 | PASS   |
+-----------------+--------------------+--------------+------------------------------------------------------------------+--------+

[stage08] evidence files
+----------------+-------------------------------------------------------------------------------------------------------------------------------------------------------------------------------------------------------------------------------------------+
| kind           | path                                                                                                                                                                                                                                      |
+----------------+-------------------------------------------------------------------------------------------------------------------------------------------------------------------------------------------------------------------------------------------+
| dtype_csv      | /tmp/ZKX_dev/results/stage08_input_preview_b07_qmf_ed9b9505e41d/formal/20260810T090750Z_ed9b9505e41d_stage08_b07_formal_87530008/operator_dtype_evidence_qmf_not_applicable_20260810T090750Z_ed9b9505e41d_stage08_b07_formal_87530008.csv |
| main_csv       | /tmp/ZKX_dev/results/stage08_input_preview_b07_qmf_ed9b9505e41d/formal/20260810T090750Z_ed9b9505e41d_stage08_b07_formal_87530008/operator_main_results_qmf_not_applicable_20260810T090750Z_ed9b9505e41d_stage08_b07_formal_87530008.csv   |
| full_log       | /tmp/ZKX_dev/results/stage08_input_preview_b07_qmf_ed9b9505e41d/formal/20260810T090750Z_ed9b9505e41d_stage08_b07_formal_87530008/operator_qmf_full.log                                                                                    |
| report_json    | /tmp/ZKX_dev/results/stage08_input_preview_b07_qmf_ed9b9505e41d/formal/20260810T090750Z_ed9b9505e41d_stage08_b07_formal_87530008/operator_qmf_report.json                                                                                 |
| summary_txt    | /tmp/ZKX_dev/results/stage08_input_preview_b07_qmf_ed9b9505e41d/formal/20260810T090750Z_ed9b9505e41d_stage08_b07_formal_87530008/operator_qmf_summary.txt                                                                                 |
| timing_csv     | /tmp/ZKX_dev/results/stage08_input_preview_b07_qmf_ed9b9505e41d/formal/20260810T090750Z_ed9b9505e41d_stage08_b07_formal_87530008/operator_timing_samples_qmf_not_applicable_20260810T090750Z_ed9b9505e41d_stage08_b07_formal_87530008.csv |
| memory_csv     | /tmp/ZKX_dev/results/stage08_input_preview_b07_qmf_ed9b9505e41d/formal/20260810T090750Z_ed9b9505e41d_stage08_b07_formal_87530008/operator_wavelets_qmf_memory_trace_not_applicable.csv                                                    |
| probe_raw_json | /tmp/ZKX_dev/results/stage08_input_preview_b07_qmf_ed9b9505e41d/formal/20260810T090750Z_ed9b9505e41d_stage08_b07_formal_87530008/qmf_probe_raw.json                                                                                       |
+----------------+-------------------------------------------------------------------------------------------------------------------------------------------------------------------------------------------------------------------------------------------+
[stage08-b07-formal] case=8 scale=qmf_int32_10e4 status=completed
[stage08-b07-formal] case=9 scale=qmf_int16_10e2 status=starting
STAGE08_QMF_CASE PASS scale=qmf_int16_10e2 dtype=INT16 backend=not_applicable measured=100 results=/tmp/ZKX_dev/results/stage08_input_preview_b07_qmf_ed9b9505e41d/formal/20260810T090750Z_ed9b9505e41d_stage08_b07_formal_87530009
[stage08] identity and status
+--------+----------------+--------+----------------+-------+--------+----------+--------------------------+--------+------------+
| target | scale_id       | device | backend        | dtype | warmup | measured | timing_scope             | status | error_code |
+--------+----------------+--------+----------------+-------+--------+----------+--------------------------+--------+------------+
| qmf    | qmf_int16_10e2 | CPU    | not_applicable | INT16 | 20     | 100      | compatibility/end-to-end | PASS   | OK         |
| qmf    | qmf_int16_10e2 | GPU    | not_applicable | INT16 | 20     | 100      | compatibility/end-to-end | PASS   | OK         |
+--------+----------------+--------+----------------+-------+--------+----------+--------------------------+--------+------------+

[stage08] timing detail
+--------+-----------------------+-----------+----------+-----------------------+----------+----------+------------------------+----------------------+----------------------+
| device | mean_ms               | p50_ms    | p95_ms   | p99_ms                | min_ms   | max_ms   | std_ms                 | cv                   | speedup              |
+--------+-----------------------+-----------+----------+-----------------------+----------+----------+------------------------+----------------------+----------------------+
| CPU    | 0.0013772099999999998 | 0.00137   | 0.0014   | 0.0014112900000000002 | 0.00136  | 0.00144  | 1.2850132295038847e-05 | 0.009330554015029552 | NA                   |
| GPU    | 0.19493735999999998   | 0.1910095 | 0.201171 | 0.28176821            | 0.186835 | 0.288323 | 0.014343285773852518   | 0.0735789474826812   | 0.007064884843008031 |
+--------+-----------------------+-----------+----------+-----------------------+----------+----------+------------------------+----------------------+----------------------+

[stage08] accuracy detail
+-----------------------------+-----+------+-------------+---------------+-------------+----------------+-------------------------------------+--------+
| accuracy_reference          | mse | rmse | relative_l2 | relative_linf | exact_match | mismatch_count | semantic_check                      | status |
+-----------------------------+-----+------+-------------+---------------+-------------+----------------+-------------------------------------+--------+
| cpu_qmf_int64_index_formula | 0   | 0    | 0           | 0             | NA          | NA             | output_count=100;output_dtype=INT64 | PASS   |
+-----------------------------+-----+------+-------------+---------------+-------------+----------------+-------------------------------------+--------+

[stage08] resource detail
+--------+------------+--------------+-------------+------------+-------------+
| device | metric     | before_bytes | after_bytes | peak_bytes | delta_bytes |
+--------+------------+--------------+-------------+------------+-------------+
| CPU    | cpu_heap   | 1345488      | 1349808     | 1349808    | 4320        |
| CPU    | rss        | 68747264     | 68747264    | 68747264   | 0           |
| GPU    | cpu_heap   | 1349904      | 1353712     | 1353712    | 3808        |
| GPU    | rss        | 68747264     | 68747264    | 68747264   | 0           |
| GPU    | gpu_memory | 391544832    | 391544832   | 391544832  | 0           |
+--------+------------+--------------+-------------+------------+-------------+

[stage08] input/output identity
+--------+------------------------------------------------------------------+------------------------------------------------------------------+
| device | input_digest                                                     | output_digest                                                    |
+--------+------------------------------------------------------------------+------------------------------------------------------------------+
| CPU    | 8ccf37e17eb40c34a1d64622e4e38b5dcbef2e6f8bf93efbfd617063196ffdd4 | 38def24e52cb938a00dc911a774bc1245254d94bc91327409c01ad408f4f88b1 |
| GPU    | 8ccf37e17eb40c34a1d64622e4e38b5dcbef2e6f8bf93efbfd617063196ffdd4 | 38def24e52cb938a00dc911a774bc1245254d94bc91327409c01ad408f4f88b1 |
+--------+------------------------------------------------------------------+------------------------------------------------------------------+

[stage08] input content
+------------+-------+-------+----------+------------------------------------------------------+---------------------------------------------------+
| input_name | shape | dtype | elements | generator                                            | values(head4/tail2)                               |
+------------+-------+-------+----------+------------------------------------------------------+---------------------------------------------------+
| hk         | [100] | INT16 | 100      | qmf_sinusoid_or_modular(seed=87300010,integral=true) | i=0:-42;i=1:-35;i=2:-28;i=3:-21;i=98:-35;i=99:-28 |
+------------+-------+-------+----------+------------------------------------------------------+---------------------------------------------------+

[stage08] case parameters
+------------------------------------------------------+
| parameters                                           |
+------------------------------------------------------+
| {"dtype":"INT16","elements":"100","seed":"87300010"} |
+------------------------------------------------------+

[stage08] dtype evidence
+-----------------+--------------------+--------------+------------------------------------------------------------------+--------+
| requested_dtype | config_input_dtype | output_dtype | actual_input_digest                                              | status |
+-----------------+--------------------+--------------+------------------------------------------------------------------+--------+
| INT16           | NA                 | INT64        | 8ccf37e17eb40c34a1d64622e4e38b5dcbef2e6f8bf93efbfd617063196ffdd4 | PASS   |
+-----------------+--------------------+--------------+------------------------------------------------------------------+--------+

[stage08] evidence files
+----------------+-------------------------------------------------------------------------------------------------------------------------------------------------------------------------------------------------------------------------------------------+
| kind           | path                                                                                                                                                                                                                                      |
+----------------+-------------------------------------------------------------------------------------------------------------------------------------------------------------------------------------------------------------------------------------------+
| dtype_csv      | /tmp/ZKX_dev/results/stage08_input_preview_b07_qmf_ed9b9505e41d/formal/20260810T090750Z_ed9b9505e41d_stage08_b07_formal_87530009/operator_dtype_evidence_qmf_not_applicable_20260810T090750Z_ed9b9505e41d_stage08_b07_formal_87530009.csv |
| main_csv       | /tmp/ZKX_dev/results/stage08_input_preview_b07_qmf_ed9b9505e41d/formal/20260810T090750Z_ed9b9505e41d_stage08_b07_formal_87530009/operator_main_results_qmf_not_applicable_20260810T090750Z_ed9b9505e41d_stage08_b07_formal_87530009.csv   |
| full_log       | /tmp/ZKX_dev/results/stage08_input_preview_b07_qmf_ed9b9505e41d/formal/20260810T090750Z_ed9b9505e41d_stage08_b07_formal_87530009/operator_qmf_full.log                                                                                    |
| report_json    | /tmp/ZKX_dev/results/stage08_input_preview_b07_qmf_ed9b9505e41d/formal/20260810T090750Z_ed9b9505e41d_stage08_b07_formal_87530009/operator_qmf_report.json                                                                                 |
| summary_txt    | /tmp/ZKX_dev/results/stage08_input_preview_b07_qmf_ed9b9505e41d/formal/20260810T090750Z_ed9b9505e41d_stage08_b07_formal_87530009/operator_qmf_summary.txt                                                                                 |
| timing_csv     | /tmp/ZKX_dev/results/stage08_input_preview_b07_qmf_ed9b9505e41d/formal/20260810T090750Z_ed9b9505e41d_stage08_b07_formal_87530009/operator_timing_samples_qmf_not_applicable_20260810T090750Z_ed9b9505e41d_stage08_b07_formal_87530009.csv |
| memory_csv     | /tmp/ZKX_dev/results/stage08_input_preview_b07_qmf_ed9b9505e41d/formal/20260810T090750Z_ed9b9505e41d_stage08_b07_formal_87530009/operator_wavelets_qmf_memory_trace_not_applicable.csv                                                    |
| probe_raw_json | /tmp/ZKX_dev/results/stage08_input_preview_b07_qmf_ed9b9505e41d/formal/20260810T090750Z_ed9b9505e41d_stage08_b07_formal_87530009/qmf_probe_raw.json                                                                                       |
+----------------+-------------------------------------------------------------------------------------------------------------------------------------------------------------------------------------------------------------------------------------------+
[stage08-b07-formal] case=9 scale=qmf_int16_10e2 status=completed
[stage08-b07-formal] case=10 scale=qmf_int16_10e3 status=starting
STAGE08_QMF_CASE PASS scale=qmf_int16_10e3 dtype=INT16 backend=not_applicable measured=100 results=/tmp/ZKX_dev/results/stage08_input_preview_b07_qmf_ed9b9505e41d/formal/20260810T090750Z_ed9b9505e41d_stage08_b07_formal_8753000a
[stage08] identity and status
+--------+----------------+--------+----------------+-------+--------+----------+--------------------------+--------+------------+
| target | scale_id       | device | backend        | dtype | warmup | measured | timing_scope             | status | error_code |
+--------+----------------+--------+----------------+-------+--------+----------+--------------------------+--------+------------+
| qmf    | qmf_int16_10e3 | CPU    | not_applicable | INT16 | 20     | 100      | compatibility/end-to-end | PASS   | OK         |
| qmf    | qmf_int16_10e3 | GPU    | not_applicable | INT16 | 20     | 100      | compatibility/end-to-end | PASS   | OK         |
+--------+----------------+--------+----------------+-------+--------+----------+--------------------------+--------+------------+

[stage08] timing detail
+--------+---------------------+-----------+--------------------+--------------------+----------+----------+-----------------------+----------------------+---------------------+
| device | mean_ms             | p50_ms    | p95_ms             | p99_ms             | min_ms   | max_ms   | std_ms                | cv                   | speedup             |
+--------+---------------------+-----------+--------------------+--------------------+----------+----------+-----------------------+----------------------+---------------------+
| CPU    | 0.01196134          | 0.011941  | 0.012231           | 0.0122412          | 0.011891 | 0.012261 | 8.115629612051058e-05 | 0.006784883309103376 | NA                  |
| GPU    | 0.21331067999999997 | 0.1971405 | 0.2649490499999999 | 0.5202500700000011 | 0.189535 | 0.750828 | 0.06556179116099255   | 0.30735353317045616  | 0.05607473568599567 |
+--------+---------------------+-----------+--------------------+--------------------+----------+----------+-----------------------+----------------------+---------------------+

[stage08] accuracy detail
+-----------------------------+-----+------+-------------+---------------+-------------+----------------+--------------------------------------+--------+
| accuracy_reference          | mse | rmse | relative_l2 | relative_linf | exact_match | mismatch_count | semantic_check                       | status |
+-----------------------------+-----+------+-------------+---------------+-------------+----------------+--------------------------------------+--------+
| cpu_qmf_int64_index_formula | 0   | 0    | 0           | 0             | NA          | NA             | output_count=1024;output_dtype=INT64 | PASS   |
+-----------------------------+-----+------+-------------+---------------+-------------+----------------+--------------------------------------+--------+

[stage08] resource detail
+--------+------------+--------------+-------------+------------+-------------+
| device | metric     | before_bytes | after_bytes | peak_bytes | delta_bytes |
+--------+------------+--------------+-------------+------------+-------------+
| CPU    | cpu_heap   | 1382336      | 1404096     | 1404096    | 21760       |
| CPU    | rss        | 69206016     | 69206016    | 69206016   | 0           |
| GPU    | cpu_heap   | 1404192      | 1415424     | 1415424    | 11232       |
| GPU    | rss        | 69206016     | 69206016    | 69206016   | 0           |
| GPU    | gpu_memory | 408322048    | 408322048   | 408322048  | 0           |
+--------+------------+--------------+-------------+------------+-------------+

[stage08] input/output identity
+--------+------------------------------------------------------------------+------------------------------------------------------------------+
| device | input_digest                                                     | output_digest                                                    |
+--------+------------------------------------------------------------------+------------------------------------------------------------------+
| CPU    | c36a6a4bfc485911c0b22b2b6bae27857d64cf74fff3134b096877842c969d30 | 79beac44a64e292efdebabdca0b82b9f5d4dda5808f1416c4c84771b9319dcdb |
| GPU    | c36a6a4bfc485911c0b22b2b6bae27857d64cf74fff3134b096877842c969d30 | 79beac44a64e292efdebabdca0b82b9f5d4dda5808f1416c4c84771b9319dcdb |
+--------+------------------------------------------------------------------+------------------------------------------------------------------+

[stage08] input content
+------------+--------+-------+----------+------------------------------------------------------+-----------------------------------------------------+
| input_name | shape  | dtype | elements | generator                                            | values(head4/tail2)                                 |
+------------+--------+-------+----------+------------------------------------------------------+-----------------------------------------------------+
| hk         | [1024] | INT16 | 1024     | qmf_sinusoid_or_modular(seed=87300011,integral=true) | i=0:-41;i=1:-34;i=2:-27;i=3:-20;i=1022:32;i=1023:39 |
+------------+--------+-------+----------+------------------------------------------------------+-----------------------------------------------------+

[stage08] case parameters
+-------------------------------------------------------+
| parameters                                            |
+-------------------------------------------------------+
| {"dtype":"INT16","elements":"1024","seed":"87300011"} |
+-------------------------------------------------------+

[stage08] dtype evidence
+-----------------+--------------------+--------------+------------------------------------------------------------------+--------+
| requested_dtype | config_input_dtype | output_dtype | actual_input_digest                                              | status |
+-----------------+--------------------+--------------+------------------------------------------------------------------+--------+
| INT16           | NA                 | INT64        | c36a6a4bfc485911c0b22b2b6bae27857d64cf74fff3134b096877842c969d30 | PASS   |
+-----------------+--------------------+--------------+------------------------------------------------------------------+--------+

[stage08] evidence files
+----------------+-------------------------------------------------------------------------------------------------------------------------------------------------------------------------------------------------------------------------------------------+
| kind           | path                                                                                                                                                                                                                                      |
+----------------+-------------------------------------------------------------------------------------------------------------------------------------------------------------------------------------------------------------------------------------------+
| dtype_csv      | /tmp/ZKX_dev/results/stage08_input_preview_b07_qmf_ed9b9505e41d/formal/20260810T090750Z_ed9b9505e41d_stage08_b07_formal_8753000a/operator_dtype_evidence_qmf_not_applicable_20260810T090750Z_ed9b9505e41d_stage08_b07_formal_8753000a.csv |
| main_csv       | /tmp/ZKX_dev/results/stage08_input_preview_b07_qmf_ed9b9505e41d/formal/20260810T090750Z_ed9b9505e41d_stage08_b07_formal_8753000a/operator_main_results_qmf_not_applicable_20260810T090750Z_ed9b9505e41d_stage08_b07_formal_8753000a.csv   |
| full_log       | /tmp/ZKX_dev/results/stage08_input_preview_b07_qmf_ed9b9505e41d/formal/20260810T090750Z_ed9b9505e41d_stage08_b07_formal_8753000a/operator_qmf_full.log                                                                                    |
| report_json    | /tmp/ZKX_dev/results/stage08_input_preview_b07_qmf_ed9b9505e41d/formal/20260810T090750Z_ed9b9505e41d_stage08_b07_formal_8753000a/operator_qmf_report.json                                                                                 |
| summary_txt    | /tmp/ZKX_dev/results/stage08_input_preview_b07_qmf_ed9b9505e41d/formal/20260810T090750Z_ed9b9505e41d_stage08_b07_formal_8753000a/operator_qmf_summary.txt                                                                                 |
| timing_csv     | /tmp/ZKX_dev/results/stage08_input_preview_b07_qmf_ed9b9505e41d/formal/20260810T090750Z_ed9b9505e41d_stage08_b07_formal_8753000a/operator_timing_samples_qmf_not_applicable_20260810T090750Z_ed9b9505e41d_stage08_b07_formal_8753000a.csv |
| memory_csv     | /tmp/ZKX_dev/results/stage08_input_preview_b07_qmf_ed9b9505e41d/formal/20260810T090750Z_ed9b9505e41d_stage08_b07_formal_8753000a/operator_wavelets_qmf_memory_trace_not_applicable.csv                                                    |
| probe_raw_json | /tmp/ZKX_dev/results/stage08_input_preview_b07_qmf_ed9b9505e41d/formal/20260810T090750Z_ed9b9505e41d_stage08_b07_formal_8753000a/qmf_probe_raw.json                                                                                       |
+----------------+-------------------------------------------------------------------------------------------------------------------------------------------------------------------------------------------------------------------------------------------+
[stage08-b07-formal] case=10 scale=qmf_int16_10e3 status=completed
[stage08-b07-formal] case=11 scale=qmf_int16_10e4 status=starting
STAGE08_QMF_CASE PASS scale=qmf_int16_10e4 dtype=INT16 backend=not_applicable measured=100 results=/tmp/ZKX_dev/results/stage08_input_preview_b07_qmf_ed9b9505e41d/formal/20260810T090750Z_ed9b9505e41d_stage08_b07_formal_8753000b
[stage08] identity and status
+--------+----------------+--------+----------------+-------+--------+----------+--------------------------+--------+------------+
| target | scale_id       | device | backend        | dtype | warmup | measured | timing_scope             | status | error_code |
+--------+----------------+--------+----------------+-------+--------+----------+--------------------------+--------+------------+
| qmf    | qmf_int16_10e4 | CPU    | not_applicable | INT16 | 20     | 100      | compatibility/end-to-end | PASS   | OK         |
| qmf    | qmf_int16_10e4 | GPU    | not_applicable | INT16 | 20     | 100      | compatibility/end-to-end | PASS   | OK         |
+--------+----------------+--------+----------------+-------+--------+----------+--------------------------+--------+------------+

[stage08] timing detail
+--------+---------------------+----------+---------------------+---------------------+----------+----------+-----------------------+----------------------+--------------------+
| device | mean_ms             | p50_ms   | p95_ms              | p99_ms              | min_ms   | max_ms   | std_ms                | cv                   | speedup            |
+--------+---------------------+----------+---------------------+---------------------+----------+----------+-----------------------+----------------------+--------------------+
| CPU    | 0.11542008          | 0.113954 | 0.117159            | 0.1225321           | 0.113729 | 0.12274  | 0.0019474226848837934 | 0.016872477344356315 | NA                 |
| GPU    | 0.26506620999999997 | 0.25985  | 0.28690499999999997 | 0.37806572000000005 | 0.25493  | 0.395561 | 0.02039986774187274   | 0.07696140425395127  | 0.4354386777552673 |
+--------+---------------------+----------+---------------------+---------------------+----------+----------+-----------------------+----------------------+--------------------+

[stage08] accuracy detail
+-----------------------------+-----+------+-------------+---------------+-------------+----------------+---------------------------------------+--------+
| accuracy_reference          | mse | rmse | relative_l2 | relative_linf | exact_match | mismatch_count | semantic_check                        | status |
+-----------------------------+-----+------+-------------+---------------+-------------+----------------+---------------------------------------+--------+
| cpu_qmf_int64_index_formula | 0   | 0    | 0           | 0             | NA          | NA             | output_count=10000;output_dtype=INT64 | PASS   |
+-----------------------------+-----+------+-------------+---------------+-------------+----------------+---------------------------------------+--------+

[stage08] resource detail
+--------+------------+--------------+-------------+------------+-------------+
| device | metric     | before_bytes | after_bytes | peak_bytes | delta_bytes |
+--------+------------+--------------+-------------+------------+-------------+
| CPU    | cpu_heap   | 1502736      | 1686080     | 1686080    | 183344      |
| CPU    | rss        | 69292032     | 69292032    | 69292032   | 0           |
| GPU    | cpu_heap   | 1686176      | 1769296     | 1769296    | 83120       |
| GPU    | rss        | 69292032     | 69292032    | 69292032   | 0           |
| GPU    | gpu_memory | 391544832    | 391544832   | 391544832  | 0           |
+--------+------------+--------------+-------------+------------+-------------+

[stage08] input/output identity
+--------+------------------------------------------------------------------+------------------------------------------------------------------+
| device | input_digest                                                     | output_digest                                                    |
+--------+------------------------------------------------------------------+------------------------------------------------------------------+
| CPU    | a155b2640c2868847523534a4a482462a3c7b56a52c573f2186becddab98e1c1 | 202ee4b01f38071cdd074fe5d438bd8402fddbc380ee57bf20efcd6e08295250 |
| GPU    | a155b2640c2868847523534a4a482462a3c7b56a52c573f2186becddab98e1c1 | 202ee4b01f38071cdd074fe5d438bd8402fddbc380ee57bf20efcd6e08295250 |
+--------+------------------------------------------------------------------+------------------------------------------------------------------+

[stage08] input content
+------------+---------+-------+----------+------------------------------------------------------+----------------------------------------------------+
| input_name | shape   | dtype | elements | generator                                            | values(head4/tail2)                                |
+------------+---------+-------+----------+------------------------------------------------------+----------------------------------------------------+
| hk         | [10000] | INT16 | 10000    | qmf_sinusoid_or_modular(seed=87300012,integral=true) | i=0:-40;i=1:-33;i=2:-26;i=3:-19;i=9998:9;i=9999:16 |
+------------+---------+-------+----------+------------------------------------------------------+----------------------------------------------------+

[stage08] case parameters
+--------------------------------------------------------+
| parameters                                             |
+--------------------------------------------------------+
| {"dtype":"INT16","elements":"10000","seed":"87300012"} |
+--------------------------------------------------------+

[stage08] dtype evidence
+-----------------+--------------------+--------------+------------------------------------------------------------------+--------+
| requested_dtype | config_input_dtype | output_dtype | actual_input_digest                                              | status |
+-----------------+--------------------+--------------+------------------------------------------------------------------+--------+
| INT16           | NA                 | INT64        | a155b2640c2868847523534a4a482462a3c7b56a52c573f2186becddab98e1c1 | PASS   |
+-----------------+--------------------+--------------+------------------------------------------------------------------+--------+

[stage08] evidence files
+----------------+-------------------------------------------------------------------------------------------------------------------------------------------------------------------------------------------------------------------------------------------+
| kind           | path                                                                                                                                                                                                                                      |
+----------------+-------------------------------------------------------------------------------------------------------------------------------------------------------------------------------------------------------------------------------------------+
| dtype_csv      | /tmp/ZKX_dev/results/stage08_input_preview_b07_qmf_ed9b9505e41d/formal/20260810T090750Z_ed9b9505e41d_stage08_b07_formal_8753000b/operator_dtype_evidence_qmf_not_applicable_20260810T090750Z_ed9b9505e41d_stage08_b07_formal_8753000b.csv |
| main_csv       | /tmp/ZKX_dev/results/stage08_input_preview_b07_qmf_ed9b9505e41d/formal/20260810T090750Z_ed9b9505e41d_stage08_b07_formal_8753000b/operator_main_results_qmf_not_applicable_20260810T090750Z_ed9b9505e41d_stage08_b07_formal_8753000b.csv   |
| full_log       | /tmp/ZKX_dev/results/stage08_input_preview_b07_qmf_ed9b9505e41d/formal/20260810T090750Z_ed9b9505e41d_stage08_b07_formal_8753000b/operator_qmf_full.log                                                                                    |
| report_json    | /tmp/ZKX_dev/results/stage08_input_preview_b07_qmf_ed9b9505e41d/formal/20260810T090750Z_ed9b9505e41d_stage08_b07_formal_8753000b/operator_qmf_report.json                                                                                 |
| summary_txt    | /tmp/ZKX_dev/results/stage08_input_preview_b07_qmf_ed9b9505e41d/formal/20260810T090750Z_ed9b9505e41d_stage08_b07_formal_8753000b/operator_qmf_summary.txt                                                                                 |
| timing_csv     | /tmp/ZKX_dev/results/stage08_input_preview_b07_qmf_ed9b9505e41d/formal/20260810T090750Z_ed9b9505e41d_stage08_b07_formal_8753000b/operator_timing_samples_qmf_not_applicable_20260810T090750Z_ed9b9505e41d_stage08_b07_formal_8753000b.csv |
| memory_csv     | /tmp/ZKX_dev/results/stage08_input_preview_b07_qmf_ed9b9505e41d/formal/20260810T090750Z_ed9b9505e41d_stage08_b07_formal_8753000b/operator_wavelets_qmf_memory_trace_not_applicable.csv                                                    |
| probe_raw_json | /tmp/ZKX_dev/results/stage08_input_preview_b07_qmf_ed9b9505e41d/formal/20260810T090750Z_ed9b9505e41d_stage08_b07_formal_8753000b/qmf_probe_raw.json                                                                                       |
+----------------+-------------------------------------------------------------------------------------------------------------------------------------------------------------------------------------------------------------------------------------------+
[stage08-b07-formal] case=11 scale=qmf_int16_10e4 status=completed
[stage08-b07-formal] case=12 scale=qmf_int8_10e2 status=starting
STAGE08_QMF_CASE PASS scale=qmf_int8_10e2 dtype=INT8 backend=not_applicable measured=100 results=/tmp/ZKX_dev/results/stage08_input_preview_b07_qmf_ed9b9505e41d/formal/20260810T090750Z_ed9b9505e41d_stage08_b07_formal_8753000c
[stage08] identity and status
+--------+---------------+--------+----------------+-------+--------+----------+--------------------------+--------+------------+
| target | scale_id      | device | backend        | dtype | warmup | measured | timing_scope             | status | error_code |
+--------+---------------+--------+----------------+-------+--------+----------+--------------------------+--------+------------+
| qmf    | qmf_int8_10e2 | CPU    | not_applicable | INT8  | 20     | 100      | compatibility/end-to-end | PASS   | OK         |
| qmf    | qmf_int8_10e2 | GPU    | not_applicable | INT8  | 20     | 100      | compatibility/end-to-end | PASS   | OK         |
+--------+---------------+--------+----------------+-------+--------+----------+--------------------------+--------+------------+

[stage08] timing detail
+--------+---------------------+-----------+---------------------+-----------------------+----------+----------+-----------------------+----------------------+-----------------------+
| device | mean_ms             | p50_ms    | p95_ms              | p99_ms                | min_ms   | max_ms   | std_ms                | cv                   | speedup               |
+--------+---------------------+-----------+---------------------+-----------------------+----------+----------+-----------------------+----------------------+-----------------------+
| CPU    | 0.00138711          | 0.00139   | 0.00140005          | 0.0014112900000000002 | 0.00136  | 0.00144  | 9.162854358768354e-06 | 0.006605715739031767 | NA                    |
| GPU    | 0.20540247999999997 | 0.2017505 | 0.21974754999999999 | 0.26813392000000014   | 0.195985 | 0.294163 | 0.01320794274630232   | 0.06430274233447582  | 0.0067531317051283905 |
+--------+---------------------+-----------+---------------------+-----------------------+----------+----------+-----------------------+----------------------+-----------------------+

[stage08] accuracy detail
+-----------------------------+-----+------+-------------+---------------+-------------+----------------+-------------------------------------+--------+
| accuracy_reference          | mse | rmse | relative_l2 | relative_linf | exact_match | mismatch_count | semantic_check                      | status |
+-----------------------------+-----+------+-------------+---------------+-------------+----------------+-------------------------------------+--------+
| cpu_qmf_int64_index_formula | 0   | 0    | 0           | 0             | NA          | NA             | output_count=100;output_dtype=INT64 | PASS   |
+-----------------------------+-----+------+-------------+---------------+-------------+----------------+-------------------------------------+--------+

[stage08] resource detail
+--------+------------+--------------+-------------+------------+-------------+
| device | metric     | before_bytes | after_bytes | peak_bytes | delta_bytes |
+--------+------------+--------------+-------------+------------+-------------+
| CPU    | cpu_heap   | 1345408      | 1349568     | 1349568    | 4160        |
| CPU    | rss        | 69492736     | 69492736    | 69492736   | 0           |
| GPU    | cpu_heap   | 1349568      | 1353568     | 1353568    | 4000        |
| GPU    | rss        | 69492736     | 69492736    | 69492736   | 0           |
| GPU    | gpu_memory | 391544832    | 391544832   | 391544832  | 0           |
+--------+------------+--------------+-------------+------------+-------------+

[stage08] input/output identity
+--------+------------------------------------------------------------------+------------------------------------------------------------------+
| device | input_digest                                                     | output_digest                                                    |
+--------+------------------------------------------------------------------+------------------------------------------------------------------+
| CPU    | 2aba6117d001d6bb3b27f61d065f0c704e2dd390395f8d0d6c42f8bd12aaf356 | 38def24e52cb938a00dc911a774bc1245254d94bc91327409c01ad408f4f88b1 |
| GPU    | 2aba6117d001d6bb3b27f61d065f0c704e2dd390395f8d0d6c42f8bd12aaf356 | 38def24e52cb938a00dc911a774bc1245254d94bc91327409c01ad408f4f88b1 |
+--------+------------------------------------------------------------------+------------------------------------------------------------------+

[stage08] input content
+------------+-------+-------+----------+------------------------------------------------------+---------------------------------------------------+
| input_name | shape | dtype | elements | generator                                            | values(head4/tail2)                               |
+------------+-------+-------+----------+------------------------------------------------------+---------------------------------------------------+
| hk         | [100] | INT8  | 100      | qmf_sinusoid_or_modular(seed=87300013,integral=true) | i=0:-39;i=1:-32;i=2:-25;i=3:-18;i=98:-32;i=99:-25 |
+------------+-------+-------+----------+------------------------------------------------------+---------------------------------------------------+

[stage08] case parameters
+-----------------------------------------------------+
| parameters                                          |
+-----------------------------------------------------+
| {"dtype":"INT8","elements":"100","seed":"87300013"} |
+-----------------------------------------------------+

[stage08] dtype evidence
+-----------------+--------------------+--------------+------------------------------------------------------------------+--------+
| requested_dtype | config_input_dtype | output_dtype | actual_input_digest                                              | status |
+-----------------+--------------------+--------------+------------------------------------------------------------------+--------+
| INT8            | NA                 | INT64        | 2aba6117d001d6bb3b27f61d065f0c704e2dd390395f8d0d6c42f8bd12aaf356 | PASS   |
+-----------------+--------------------+--------------+------------------------------------------------------------------+--------+

[stage08] evidence files
+----------------+-------------------------------------------------------------------------------------------------------------------------------------------------------------------------------------------------------------------------------------------+
| kind           | path                                                                                                                                                                                                                                      |
+----------------+-------------------------------------------------------------------------------------------------------------------------------------------------------------------------------------------------------------------------------------------+
| dtype_csv      | /tmp/ZKX_dev/results/stage08_input_preview_b07_qmf_ed9b9505e41d/formal/20260810T090750Z_ed9b9505e41d_stage08_b07_formal_8753000c/operator_dtype_evidence_qmf_not_applicable_20260810T090750Z_ed9b9505e41d_stage08_b07_formal_8753000c.csv |
| main_csv       | /tmp/ZKX_dev/results/stage08_input_preview_b07_qmf_ed9b9505e41d/formal/20260810T090750Z_ed9b9505e41d_stage08_b07_formal_8753000c/operator_main_results_qmf_not_applicable_20260810T090750Z_ed9b9505e41d_stage08_b07_formal_8753000c.csv   |
| full_log       | /tmp/ZKX_dev/results/stage08_input_preview_b07_qmf_ed9b9505e41d/formal/20260810T090750Z_ed9b9505e41d_stage08_b07_formal_8753000c/operator_qmf_full.log                                                                                    |
| report_json    | /tmp/ZKX_dev/results/stage08_input_preview_b07_qmf_ed9b9505e41d/formal/20260810T090750Z_ed9b9505e41d_stage08_b07_formal_8753000c/operator_qmf_report.json                                                                                 |
| summary_txt    | /tmp/ZKX_dev/results/stage08_input_preview_b07_qmf_ed9b9505e41d/formal/20260810T090750Z_ed9b9505e41d_stage08_b07_formal_8753000c/operator_qmf_summary.txt                                                                                 |
| timing_csv     | /tmp/ZKX_dev/results/stage08_input_preview_b07_qmf_ed9b9505e41d/formal/20260810T090750Z_ed9b9505e41d_stage08_b07_formal_8753000c/operator_timing_samples_qmf_not_applicable_20260810T090750Z_ed9b9505e41d_stage08_b07_formal_8753000c.csv |
| memory_csv     | /tmp/ZKX_dev/results/stage08_input_preview_b07_qmf_ed9b9505e41d/formal/20260810T090750Z_ed9b9505e41d_stage08_b07_formal_8753000c/operator_wavelets_qmf_memory_trace_not_applicable.csv                                                    |
| probe_raw_json | /tmp/ZKX_dev/results/stage08_input_preview_b07_qmf_ed9b9505e41d/formal/20260810T090750Z_ed9b9505e41d_stage08_b07_formal_8753000c/qmf_probe_raw.json                                                                                       |
+----------------+-------------------------------------------------------------------------------------------------------------------------------------------------------------------------------------------------------------------------------------------+
[stage08-b07-formal] case=12 scale=qmf_int8_10e2 status=completed
[stage08-b07-formal] case=13 scale=qmf_int8_10e3 status=starting
STAGE08_QMF_CASE PASS scale=qmf_int8_10e3 dtype=INT8 backend=not_applicable measured=100 results=/tmp/ZKX_dev/results/stage08_input_preview_b07_qmf_ed9b9505e41d/formal/20260810T090750Z_ed9b9505e41d_stage08_b07_formal_8753000d
[stage08] identity and status
+--------+---------------+--------+----------------+-------+--------+----------+--------------------------+--------+------------+
| target | scale_id      | device | backend        | dtype | warmup | measured | timing_scope             | status | error_code |
+--------+---------------+--------+----------------+-------+--------+----------+--------------------------+--------+------------+
| qmf    | qmf_int8_10e3 | CPU    | not_applicable | INT8  | 20     | 100      | compatibility/end-to-end | PASS   | OK         |
| qmf    | qmf_int8_10e3 | GPU    | not_applicable | INT8  | 20     | 100      | compatibility/end-to-end | PASS   | OK         |
+--------+---------------+--------+----------------+-------+--------+----------+--------------------------+--------+------------+

[stage08] timing detail
+--------+------------+----------------------+------------+---------------------+----------+----------+------------------------+----------------------+---------------------+
| device | mean_ms    | p50_ms               | p95_ms     | p99_ms              | min_ms   | max_ms   | std_ms                 | cv                   | speedup             |
+--------+------------+----------------------+------------+---------------------+----------+----------+------------------------+----------------------+---------------------+
| CPU    | 0.01202684 | 0.011925499999999999 | 0.012251   | 0.012251            | 0.011881 | 0.012251 | 0.00015313508546378266 | 0.012732778141538647 | NA                  |
| GPU    | 0.20102594 | 0.19982              | 0.21347055 | 0.22996392000000015 | 0.190025 | 0.25728  | 0.00848577972235905    | 0.04221236185916629  | 0.05982730387929041 |
+--------+------------+----------------------+------------+---------------------+----------+----------+------------------------+----------------------+---------------------+

[stage08] accuracy detail
+-----------------------------+-----+------+-------------+---------------+-------------+----------------+--------------------------------------+--------+
| accuracy_reference          | mse | rmse | relative_l2 | relative_linf | exact_match | mismatch_count | semantic_check                       | status |
+-----------------------------+-----+------+-------------+---------------+-------------+----------------+--------------------------------------+--------+
| cpu_qmf_int64_index_formula | 0   | 0    | 0           | 0             | NA          | NA             | output_count=1024;output_dtype=INT64 | PASS   |
+-----------------------------+-----+------+-------------+---------------+-------------+----------------+--------------------------------------+--------+

[stage08] resource detail
+--------+------------+--------------+-------------+------------+-------------+
| device | metric     | before_bytes | after_bytes | peak_bytes | delta_bytes |
+--------+------------+--------------+-------------+------------+-------------+
| CPU    | cpu_heap   | 1381264      | 1402032     | 1402032    | 20768       |
| CPU    | rss        | 69079040     | 69079040    | 69079040   | 0           |
| GPU    | cpu_heap   | 1402080      | 1413424     | 1413424    | 11344       |
| GPU    | rss        | 69079040     | 69079040    | 69079040   | 0           |
| GPU    | gpu_memory | 408322048    | 408322048   | 408322048  | 0           |
+--------+------------+--------------+-------------+------------+-------------+

[stage08] input/output identity
+--------+------------------------------------------------------------------+------------------------------------------------------------------+
| device | input_digest                                                     | output_digest                                                    |
+--------+------------------------------------------------------------------+------------------------------------------------------------------+
| CPU    | a50270a408125fcfb2b4a14e5f5585f6ec8a5f14b3a84ca00072de22303da506 | 79beac44a64e292efdebabdca0b82b9f5d4dda5808f1416c4c84771b9319dcdb |
| GPU    | a50270a408125fcfb2b4a14e5f5585f6ec8a5f14b3a84ca00072de22303da506 | 79beac44a64e292efdebabdca0b82b9f5d4dda5808f1416c4c84771b9319dcdb |
+--------+------------------------------------------------------------------+------------------------------------------------------------------+

[stage08] input content
+------------+--------+-------+----------+------------------------------------------------------+-----------------------------------------------------+
| input_name | shape  | dtype | elements | generator                                            | values(head4/tail2)                                 |
+------------+--------+-------+----------+------------------------------------------------------+-----------------------------------------------------+
| hk         | [1024] | INT8  | 1024     | qmf_sinusoid_or_modular(seed=87300014,integral=true) | i=0:-38;i=1:-31;i=2:-24;i=3:-17;i=1022:35;i=1023:42 |
+------------+--------+-------+----------+------------------------------------------------------+-----------------------------------------------------+

[stage08] case parameters
+------------------------------------------------------+
| parameters                                           |
+------------------------------------------------------+
| {"dtype":"INT8","elements":"1024","seed":"87300014"} |
+------------------------------------------------------+

[stage08] dtype evidence
+-----------------+--------------------+--------------+------------------------------------------------------------------+--------+
| requested_dtype | config_input_dtype | output_dtype | actual_input_digest                                              | status |
+-----------------+--------------------+--------------+------------------------------------------------------------------+--------+
| INT8            | NA                 | INT64        | a50270a408125fcfb2b4a14e5f5585f6ec8a5f14b3a84ca00072de22303da506 | PASS   |
+-----------------+--------------------+--------------+------------------------------------------------------------------+--------+

[stage08] evidence files
+----------------+-------------------------------------------------------------------------------------------------------------------------------------------------------------------------------------------------------------------------------------------+
| kind           | path                                                                                                                                                                                                                                      |
+----------------+-------------------------------------------------------------------------------------------------------------------------------------------------------------------------------------------------------------------------------------------+
| dtype_csv      | /tmp/ZKX_dev/results/stage08_input_preview_b07_qmf_ed9b9505e41d/formal/20260810T090750Z_ed9b9505e41d_stage08_b07_formal_8753000d/operator_dtype_evidence_qmf_not_applicable_20260810T090750Z_ed9b9505e41d_stage08_b07_formal_8753000d.csv |
| main_csv       | /tmp/ZKX_dev/results/stage08_input_preview_b07_qmf_ed9b9505e41d/formal/20260810T090750Z_ed9b9505e41d_stage08_b07_formal_8753000d/operator_main_results_qmf_not_applicable_20260810T090750Z_ed9b9505e41d_stage08_b07_formal_8753000d.csv   |
| full_log       | /tmp/ZKX_dev/results/stage08_input_preview_b07_qmf_ed9b9505e41d/formal/20260810T090750Z_ed9b9505e41d_stage08_b07_formal_8753000d/operator_qmf_full.log                                                                                    |
| report_json    | /tmp/ZKX_dev/results/stage08_input_preview_b07_qmf_ed9b9505e41d/formal/20260810T090750Z_ed9b9505e41d_stage08_b07_formal_8753000d/operator_qmf_report.json                                                                                 |
| summary_txt    | /tmp/ZKX_dev/results/stage08_input_preview_b07_qmf_ed9b9505e41d/formal/20260810T090750Z_ed9b9505e41d_stage08_b07_formal_8753000d/operator_qmf_summary.txt                                                                                 |
| timing_csv     | /tmp/ZKX_dev/results/stage08_input_preview_b07_qmf_ed9b9505e41d/formal/20260810T090750Z_ed9b9505e41d_stage08_b07_formal_8753000d/operator_timing_samples_qmf_not_applicable_20260810T090750Z_ed9b9505e41d_stage08_b07_formal_8753000d.csv |
| memory_csv     | /tmp/ZKX_dev/results/stage08_input_preview_b07_qmf_ed9b9505e41d/formal/20260810T090750Z_ed9b9505e41d_stage08_b07_formal_8753000d/operator_wavelets_qmf_memory_trace_not_applicable.csv                                                    |
| probe_raw_json | /tmp/ZKX_dev/results/stage08_input_preview_b07_qmf_ed9b9505e41d/formal/20260810T090750Z_ed9b9505e41d_stage08_b07_formal_8753000d/qmf_probe_raw.json                                                                                       |
+----------------+-------------------------------------------------------------------------------------------------------------------------------------------------------------------------------------------------------------------------------------------+
[stage08-b07-formal] case=13 scale=qmf_int8_10e3 status=completed
[stage08-b07-formal] case=14 scale=qmf_int8_10e4 status=starting
STAGE08_QMF_CASE PASS scale=qmf_int8_10e4 dtype=INT8 backend=not_applicable measured=100 results=/tmp/ZKX_dev/results/stage08_input_preview_b07_qmf_ed9b9505e41d/formal/20260810T090750Z_ed9b9505e41d_stage08_b07_formal_8753000e
[stage08] identity and status
+--------+---------------+--------+----------------+-------+--------+----------+--------------------------+--------+------------+
| target | scale_id      | device | backend        | dtype | warmup | measured | timing_scope             | status | error_code |
+--------+---------------+--------+----------------+-------+--------+----------+--------------------------+--------+------------+
| qmf    | qmf_int8_10e4 | CPU    | not_applicable | INT8  | 20     | 100      | compatibility/end-to-end | PASS   | OK         |
| qmf    | qmf_int8_10e4 | GPU    | not_applicable | INT8  | 20     | 100      | compatibility/end-to-end | PASS   | OK         |
+--------+---------------+--------+----------------+-------+--------+----------+--------------------------+--------+------------+

[stage08] timing detail
+--------+------------+---------------------+--------------------+---------------------+----------+----------+-----------------------+----------------------+---------------------+
| device | mean_ms    | p50_ms              | p95_ms             | p99_ms              | min_ms   | max_ms   | std_ms                | cv                   | speedup             |
+--------+------------+---------------------+--------------------+---------------------+----------+----------+-----------------------+----------------------+---------------------+
| CPU    | 0.11447146 | 0.11364350000000001 | 0.11691905         | 0.12838521000000003 | 0.113479 | 0.129891 | 0.0025672086803374605 | 0.022426626517539485 | NA                  |
| GPU    | 0.26428411 | 0.25691             | 0.2806215999999999 | 0.36286404000000094 | 0.250729 | 0.544632 | 0.031964733956000635  | 0.12094837618501027  | 0.43313788331807007 |
+--------+------------+---------------------+--------------------+---------------------+----------+----------+-----------------------+----------------------+---------------------+

[stage08] accuracy detail
+-----------------------------+-----+------+-------------+---------------+-------------+----------------+---------------------------------------+--------+
| accuracy_reference          | mse | rmse | relative_l2 | relative_linf | exact_match | mismatch_count | semantic_check                        | status |
+-----------------------------+-----+------+-------------+---------------+-------------+----------------+---------------------------------------+--------+
| cpu_qmf_int64_index_formula | 0   | 0    | 0           | 0             | NA          | NA             | output_count=10000;output_dtype=INT64 | PASS   |
+-----------------------------+-----+------+-------------+---------------+-------------+----------------+---------------------------------------+--------+

[stage08] resource detail
+--------+------------+--------------+-------------+------------+-------------+
| device | metric     | before_bytes | after_bytes | peak_bytes | delta_bytes |
+--------+------------+--------------+-------------+------------+-------------+
| CPU    | cpu_heap   | 1492768      | 1666128     | 1666128    | 173360      |
| CPU    | rss        | 69279744     | 69279744    | 69279744   | 0           |
| GPU    | cpu_heap   | 1666224      | 1749360     | 1749360    | 83136       |
| GPU    | rss        | 69279744     | 69279744    | 69279744   | 0           |
| GPU    | gpu_memory | 391544832    | 391544832   | 391544832  | 0           |
+--------+------------+--------------+-------------+------------+-------------+

[stage08] input/output identity
+--------+------------------------------------------------------------------+------------------------------------------------------------------+
| device | input_digest                                                     | output_digest                                                    |
+--------+------------------------------------------------------------------+------------------------------------------------------------------+
| CPU    | 6ddfa6315f8f2558759564a92421046aa97336c667ade5aeca28264294b188b3 | 202ee4b01f38071cdd074fe5d438bd8402fddbc380ee57bf20efcd6e08295250 |
| GPU    | 6ddfa6315f8f2558759564a92421046aa97336c667ade5aeca28264294b188b3 | 202ee4b01f38071cdd074fe5d438bd8402fddbc380ee57bf20efcd6e08295250 |
+--------+------------------------------------------------------------------+------------------------------------------------------------------+

[stage08] input content
+------------+---------+-------+----------+------------------------------------------------------+---------------------------------------------------+
| input_name | shape   | dtype | elements | generator                                            | values(head4/tail2)                               |
+------------+---------+-------+----------+------------------------------------------------------+---------------------------------------------------+
| hk         | [10000] | INT8  | 10000    | qmf_sinusoid_or_modular(seed=87300015,integral=true) | i=0:-48;i=1:-41;i=2:-34;i=3:-27;i=9998:1;i=9999:8 |
+------------+---------+-------+----------+------------------------------------------------------+---------------------------------------------------+

[stage08] case parameters
+-------------------------------------------------------+
| parameters                                            |
+-------------------------------------------------------+
| {"dtype":"INT8","elements":"10000","seed":"87300015"} |
+-------------------------------------------------------+

[stage08] dtype evidence
+-----------------+--------------------+--------------+------------------------------------------------------------------+--------+
| requested_dtype | config_input_dtype | output_dtype | actual_input_digest                                              | status |
+-----------------+--------------------+--------------+------------------------------------------------------------------+--------+
| INT8            | NA                 | INT64        | 6ddfa6315f8f2558759564a92421046aa97336c667ade5aeca28264294b188b3 | PASS   |
+-----------------+--------------------+--------------+------------------------------------------------------------------+--------+

[stage08] evidence files
+----------------+-------------------------------------------------------------------------------------------------------------------------------------------------------------------------------------------------------------------------------------------+
| kind           | path                                                                                                                                                                                                                                      |
+----------------+-------------------------------------------------------------------------------------------------------------------------------------------------------------------------------------------------------------------------------------------+
| dtype_csv      | /tmp/ZKX_dev/results/stage08_input_preview_b07_qmf_ed9b9505e41d/formal/20260810T090750Z_ed9b9505e41d_stage08_b07_formal_8753000e/operator_dtype_evidence_qmf_not_applicable_20260810T090750Z_ed9b9505e41d_stage08_b07_formal_8753000e.csv |
| main_csv       | /tmp/ZKX_dev/results/stage08_input_preview_b07_qmf_ed9b9505e41d/formal/20260810T090750Z_ed9b9505e41d_stage08_b07_formal_8753000e/operator_main_results_qmf_not_applicable_20260810T090750Z_ed9b9505e41d_stage08_b07_formal_8753000e.csv   |
| full_log       | /tmp/ZKX_dev/results/stage08_input_preview_b07_qmf_ed9b9505e41d/formal/20260810T090750Z_ed9b9505e41d_stage08_b07_formal_8753000e/operator_qmf_full.log                                                                                    |
| report_json    | /tmp/ZKX_dev/results/stage08_input_preview_b07_qmf_ed9b9505e41d/formal/20260810T090750Z_ed9b9505e41d_stage08_b07_formal_8753000e/operator_qmf_report.json                                                                                 |
| summary_txt    | /tmp/ZKX_dev/results/stage08_input_preview_b07_qmf_ed9b9505e41d/formal/20260810T090750Z_ed9b9505e41d_stage08_b07_formal_8753000e/operator_qmf_summary.txt                                                                                 |
| timing_csv     | /tmp/ZKX_dev/results/stage08_input_preview_b07_qmf_ed9b9505e41d/formal/20260810T090750Z_ed9b9505e41d_stage08_b07_formal_8753000e/operator_timing_samples_qmf_not_applicable_20260810T090750Z_ed9b9505e41d_stage08_b07_formal_8753000e.csv |
| memory_csv     | /tmp/ZKX_dev/results/stage08_input_preview_b07_qmf_ed9b9505e41d/formal/20260810T090750Z_ed9b9505e41d_stage08_b07_formal_8753000e/operator_wavelets_qmf_memory_trace_not_applicable.csv                                                    |
| probe_raw_json | /tmp/ZKX_dev/results/stage08_input_preview_b07_qmf_ed9b9505e41d/formal/20260810T090750Z_ed9b9505e41d_stage08_b07_formal_8753000e/qmf_probe_raw.json                                                                                       |
+----------------+-------------------------------------------------------------------------------------------------------------------------------------------------------------------------------------------------------------------------------------------+
[stage08-b07-formal] case=14 scale=qmf_int8_10e4 status=completed
[stage08-b07-formal] cases=15 status=completed
