schema_version,run_id,run_type,test_time_utc,git_commit,git_dirty,config_id,config_sha256,target_kind,target,task_name,step_name,operator_name,case_id,scale_id,order_of_magnitude,actual_elements,input_shape,dtype,device,backend,timing_scope,status,error_code,warmup_runs,measured_runs,sample_index,latency_ms,synchronized,input_digest,output_digest
1,20260810T082114Z_8b745f9a6864_stage08_b01_formal_a1020008,formal,20260810T082114Z,8b745f9a68645ce41c47aa18fcde8b4868ef84eb,true,stage08_b01_general_cosine_scales_v1,98e7d3d2716deaf919d8883f5caa73c3f61a1ce37bffff86a62a6be43aa66f64,operator,general_cosine,NA,NA,general_cosine,general_cosine__general_cosine_fp16_10e2__7d4ddcac9625e11a__periodic,general_cosine_fp16_10e2,10^2,103,window_positions=[100];coefficients=[3],FP16,CPU,not_applicable,compatibility/end-to-end,PASS,OK,20,100,0,0.016119999999999999,true,7d4ddcac9625e11a9859bfa908c12d23067696ff11f438c857cb4e16daf5848f,2e76b39a2bd93d18a568143a54f6910753a5062764d52a6c619a146c058c7884
1,20260810T082114Z_8b745f9a6864_stage08_b01_formal_a1020008,formal,20260810T082114Z,8b745f9a68645ce41c47aa18fcde8b4868ef84eb,true,stage08_b01_general_cosine_scales_v1,98e7d3d2716deaf919d8883f5caa73c3f61a1ce37bffff86a62a6be43aa66f64,operator,general_cosine,NA,NA,general_cosine,general_cosine__general_cosine_fp16_10e2__7d4ddcac9625e11a__periodic,general_cosine_fp16_10e2,10^2,103,window_positions=[100];coefficients=[3],FP16,CPU,not_applicable,compatibility/end-to-end,PASS,OK,20,100,1,0.015689999999999999,true,7d4ddcac9625e11a9859bfa908c12d23067696ff11f438c857cb4e16daf5848f,2e76b39a2bd93d18a568143a54f6910753a5062764d52a6c619a146c058c7884
1,20260810T082114Z_8b745f9a6864_stage08_b01_formal_a1020008,formal,20260810T082114Z,8b745f9a68645ce41c47aa18fcde8b4868ef84eb,true,stage08_b01_general_cosine_scales_v1,98e7d3d2716deaf919d8883f5caa73c3f61a1ce37bffff86a62a6be43aa66f64,operator,general_cosine,NA,NA,general_cosine,general_cosine__general_cosine_fp16_10e2__7d4ddcac9625e11a__periodic,general_cosine_fp16_10e2,10^2,103,window_positions=[100];coefficients=[3],FP16,CPU,not_applicable,compatibility/end-to-end,PASS,OK,20,100,2,0.01554,true,7d4ddcac9625e11a9859bfa908c12d23067696ff11f438c857cb4e16daf5848f,2e76b39a2bd93d18a568143a54f6910753a5062764d52a6c619a146c058c7884
1,20260810T082114Z_8b745f9a6864_stage08_b01_formal_a1020008,formal,20260810T082114Z,8b745f9a68645ce41c47aa18fcde8b4868ef84eb,true,stage08_b01_general_cosine_scales_v1,98e7d3d2716deaf919d8883f5caa73c3f61a1ce37bffff86a62a6be43aa66f64,operator,general_cosine,NA,NA,general_cosine,general_cosine__general_cosine_fp16_10e2__7d4ddcac9625e11a__periodic,general_cosine_fp16_10e2,10^2,103,window_positions=[100];coefficients=[3],FP16,CPU,not_applicable,compatibility/end-to-end,PASS,OK,20,100,3,0.015599999999999999,true,7d4ddcac9625e11a9859bfa908c12d23067696ff11f438c857cb4e16daf5848f,2e76b39a2bd93d18a568143a54f6910753a5062764d52a6c619a146c058c7884
1,20260810T082114Z_8b745f9a6864_stage08_b01_formal_a1020008,formal,20260810T082114Z,8b745f9a68645ce41c47aa18fcde8b4868ef84eb,true,stage08_b01_general_cosine_scales_v1,98e7d3d2716deaf919d8883f5caa73c3f61a1ce37bffff86a62a6be43aa66f64,operator,general_cosine,NA,NA,general_cosine,general_cosine__general_cosine_fp16_10e2__7d4ddcac9625e11a__periodic,general_cosine_fp16_10e2,10^2,103,window_positions=[100];coefficients=[3],FP16,CPU,not_applicable,compatibility/end-to-end,PASS,OK,20,100,4,0.01555,true,7d4ddcac9625e11a9859bfa908c12d23067696ff11f438c857cb4e16daf5848f,2e76b39a2bd93d18a568143a54f6910753a5062764d52a6c619a146c058c7884
1,20260810T082114Z_8b745f9a6864_stage08_b01_formal_a1020008,formal,20260810T082114Z,8b745f9a68645ce41c47aa18fcde8b4868ef84eb,true,stage08_b01_general_cosine_scales_v1,98e7d3d2716deaf919d8883f5caa73c3f61a1ce37bffff86a62a6be43aa66f64,operator,general_cosine,NA,NA,general_cosine,general_cosine__general_cosine_fp16_10e2__7d4ddcac9625e11a__periodic,general_cosine_fp16_10e2,10^2,103,window_positions=[100];coefficients=[3],FP16,CPU,not_applicable,compatibility/end-to-end,PASS,OK,20,100,5,0.01562,true,7d4ddcac9625e11a9859bfa908c12d23067696ff11f438c857cb4e16daf5848f,2e76b39a2bd93d18a568143a54f6910753a5062764d52a6c619a146c058c7884
1,20260810T082114Z_8b745f9a6864_stage08_b01_formal_a1020008,formal,20260810T082114Z,8b745f9a68645ce41c47aa18fcde8b4868ef84eb,true,stage08_b01_general_cosine_scales_v1,98e7d3d2716deaf919d8883f5caa73c3f61a1ce37bffff86a62a6be43aa66f64,operator,general_cosine,NA,NA,general_cosine,general_cosine__general_cosine_fp16_10e2__7d4ddcac9625e11a__periodic,general_cosine_fp16_10e2,10^2,103,window_positions=[100];coefficients=[3],FP16,CPU,not_applicable,compatibility/end-to-end,PASS,OK,20,100,6,0.015640000000000001,true,7d4ddcac9625e11a9859bfa908c12d23067696ff11f438c857cb4e16daf5848f,2e76b39a2bd93d18a568143a54f6910753a5062764d52a6c619a146c058c7884
1,20260810T082114Z_8b745f9a6864_stage08_b01_formal_a1020008,formal,20260810T082114Z,8b745f9a68645ce41c47aa18fcde8b4868ef84eb,true,stage08_b01_general_cosine_scales_v1,98e7d3d2716deaf919d8883f5caa73c3f61a1ce37bffff86a62a6be43aa66f64,operator,general_cosine,NA,NA,general_cosine,general_cosine__general_cosine_fp16_10e2__7d4ddcac9625e11a__periodic,general_cosine_fp16_10e2,10^2,103,window_positions=[100];coefficients=[3],FP16,CPU,not_applicable,compatibility/end-to-end,PASS,OK,20,100,7,0.01558,true,7d4ddcac9625e11a9859bfa908c12d23067696ff11f438c857cb4e16daf5848f,2e76b39a2bd93d18a568143a54f6910753a5062764d52a6c619a146c058c7884
1,20260810T082114Z_8b745f9a6864_stage08_b01_formal_a1020008,formal,20260810T082114Z,8b745f9a68645ce41c47aa18fcde8b4868ef84eb,true,stage08_b01_general_cosine_scales_v1,98e7d3d2716deaf919d8883f5caa73c3f61a1ce37bffff86a62a6be43aa66f64,operator,general_cosine,NA,NA,general_cosine,general_cosine__general_cosine_fp16_10e2__7d4ddcac9625e11a__periodic,general_cosine_fp16_10e2,10^2,103,window_positions=[100];coefficients=[3],FP16,CPU,not_applicable,compatibility/end-to-end,PASS,OK,20,100,8,0.01559,true,7d4ddcac9625e11a9859bfa908c12d23067696ff11f438c857cb4e16daf5848f,2e76b39a2bd93d18a568143a54f6910753a5062764d52a6c619a146c058c7884
1,20260810T082114Z_8b745f9a6864_stage08_b01_formal_a1020008,formal,20260810T082114Z,8b745f9a68645ce41c47aa18fcde8b4868ef84eb,true,stage08_b01_general_cosine_scales_v1,98e7d3d2716deaf919d8883f5caa73c3f61a1ce37bffff86a62a6be43aa66f64,operator,general_cosine,NA,NA,general_cosine,general_cosine__general_cosine_fp16_10e2__7d4ddcac9625e11a__periodic,general_cosine_fp16_10e2,10^2,103,window_positions=[100];coefficients=[3],FP16,CPU,not_applicable,compatibility/end-to-end,PASS,OK,20,100,9,0.01559,true,7d4ddcac9625e11a9859bfa908c12d23067696ff11f438c857cb4e16daf5848f,2e76b39a2bd93d18a568143a54f6910753a5062764d52a6c619a146c058c7884
1,20260810T082114Z_8b745f9a6864_stage08_b01_formal_a1020008,formal,20260810T082114Z,8b745f9a68645ce41c47aa18fcde8b4868ef84eb,true,stage08_b01_general_cosine_scales_v1,98e7d3d2716deaf919d8883f5caa73c3f61a1ce37bffff86a62a6be43aa66f64,operator,general_cosine,NA,NA,general_cosine,general_cosine__general_cosine_fp16_10e2__7d4ddcac9625e11a__periodic,general_cosine_fp16_10e2,10^2,103,window_positions=[100];coefficients=[3],FP16,CPU,not_applicable,compatibility/end-to-end,PASS,OK,20,100,10,0.015591000000000001,true,7d4ddcac9625e11a9859bfa908c12d23067696ff11f438c857cb4e16daf5848f,2e76b39a2bd93d18a568143a54f6910753a5062764d52a6c619a146c058c7884
1,20260810T082114Z_8b745f9a6864_stage08_b01_formal_a1020008,formal,20260810T082114Z,8b745f9a68645ce41c47aa18fcde8b4868ef84eb,true,stage08_b01_general_cosine_scales_v1,98e7d3d2716deaf919d8883f5caa73c3f61a1ce37bffff86a62a6be43aa66f64,operator,general_cosine,NA,NA,general_cosine,general_cosine__general_cosine_fp16_10e2__7d4ddcac9625e11a__periodic,general_cosine_fp16_10e2,10^2,103,window_positions=[100];coefficients=[3],FP16,CPU,not_applicable,compatibility/end-to-end,PASS,OK,20,100,11,0.015650000000000001,true,7d4ddcac9625e11a9859bfa908c12d23067696ff11f438c857cb4e16daf5848f,2e76b39a2bd93d18a568143a54f6910753a5062764d52a6c619a146c058c7884
1,20260810T082114Z_8b745f9a6864_stage08_b01_formal_a1020008,formal,20260810T082114Z,8b745f9a68645ce41c47aa18fcde8b4868ef84eb,true,stage08_b01_general_cosine_scales_v1,98e7d3d2716deaf919d8883f5caa73c3f61a1ce37bffff86a62a6be43aa66f64,operator,general_cosine,NA,NA,general_cosine,general_cosine__general_cosine_fp16_10e2__7d4ddcac9625e11a__periodic,general_cosine_fp16_10e2,10^2,103,window_positions=[100];coefficients=[3],FP16,CPU,not_applicable,compatibility/end-to-end,PASS,OK,20,100,12,0.01553,true,7d4ddcac9625e11a9859bfa908c12d23067696ff11f438c857cb4e16daf5848f,2e76b39a2bd93d18a568143a54f6910753a5062764d52a6c619a146c058c7884
1,20260810T082114Z_8b745f9a6864_stage08_b01_formal_a1020008,formal,20260810T082114Z,8b745f9a68645ce41c47aa18fcde8b4868ef84eb,true,stage08_b01_general_cosine_scales_v1,98e7d3d2716deaf919d8883f5caa73c3f61a1ce37bffff86a62a6be43aa66f64,operator,general_cosine,NA,NA,general_cosine,general_cosine__general_cosine_fp16_10e2__7d4ddcac9625e11a__periodic,general_cosine_fp16_10e2,10^2,103,window_positions=[100];coefficients=[3],FP16,CPU,not_applicable,compatibility/end-to-end,PASS,OK,20,100,13,0.015650000000000001,true,7d4ddcac9625e11a9859bfa908c12d23067696ff11f438c857cb4e16daf5848f,2e76b39a2bd93d18a568143a54f6910753a5062764d52a6c619a146c058c7884
1,20260810T082114Z_8b745f9a6864_stage08_b01_formal_a1020008,formal,20260810T082114Z,8b745f9a68645ce41c47aa18fcde8b4868ef84eb,true,stage08_b01_general_cosine_scales_v1,98e7d3d2716deaf919d8883f5caa73c3f61a1ce37bffff86a62a6be43aa66f64,operator,general_cosine,NA,NA,general_cosine,general_cosine__general_cosine_fp16_10e2__7d4ddcac9625e11a__periodic,general_cosine_fp16_10e2,10^2,103,window_positions=[100];coefficients=[3],FP16,CPU,not_applicable,compatibility/end-to-end,PASS,OK,20,100,14,0.01559,true,7d4ddcac9625e11a9859bfa908c12d23067696ff11f438c857cb4e16daf5848f,2e76b39a2bd93d18a568143a54f6910753a5062764d52a6c619a146c058c7884
1,20260810T082114Z_8b745f9a6864_stage08_b01_formal_a1020008,formal,20260810T082114Z,8b745f9a68645ce41c47aa18fcde8b4868ef84eb,true,stage08_b01_general_cosine_scales_v1,98e7d3d2716deaf919d8883f5caa73c3f61a1ce37bffff86a62a6be43aa66f64,operator,general_cosine,NA,NA,general_cosine,general_cosine__general_cosine_fp16_10e2__7d4ddcac9625e11a__periodic,general_cosine_fp16_10e2,10^2,103,window_positions=[100];coefficients=[3],FP16,CPU,not_applicable,compatibility/end-to-end,PASS,OK,20,100,15,0.015610000000000001,true,7d4ddcac9625e11a9859bfa908c12d23067696ff11f438c857cb4e16daf5848f,2e76b39a2bd93d18a568143a54f6910753a5062764d52a6c619a146c058c7884
1,20260810T082114Z_8b745f9a6864_stage08_b01_formal_a1020008,formal,20260810T082114Z,8b745f9a68645ce41c47aa18fcde8b4868ef84eb,true,stage08_b01_general_cosine_scales_v1,98e7d3d2716deaf919d8883f5caa73c3f61a1ce37bffff86a62a6be43aa66f64,operator,general_cosine,NA,NA,general_cosine,general_cosine__general_cosine_fp16_10e2__7d4ddcac9625e11a__periodic,general_cosine_fp16_10e2,10^2,103,window_positions=[100];coefficients=[3],FP16,CPU,not_applicable,compatibility/end-to-end,PASS,OK,20,100,16,0.01555,true,7d4ddcac9625e11a9859bfa908c12d23067696ff11f438c857cb4e16daf5848f,2e76b39a2bd93d18a568143a54f6910753a5062764d52a6c619a146c058c7884
1,20260810T082114Z_8b745f9a6864_stage08_b01_formal_a1020008,formal,20260810T082114Z,8b745f9a68645ce41c47aa18fcde8b4868ef84eb,true,stage08_b01_general_cosine_scales_v1,98e7d3d2716deaf919d8883f5caa73c3f61a1ce37bffff86a62a6be43aa66f64,operator,general_cosine,NA,NA,general_cosine,general_cosine__general_cosine_fp16_10e2__7d4ddcac9625e11a__periodic,general_cosine_fp16_10e2,10^2,103,window_positions=[100];coefficients=[3],FP16,CPU,not_applicable,compatibility/end-to-end,PASS,OK,20,100,17,0.015650000000000001,true,7d4ddcac9625e11a9859bfa908c12d23067696ff11f438c857cb4e16daf5848f,2e76b39a2bd93d18a568143a54f6910753a5062764d52a6c619a146c058c7884
1,20260810T082114Z_8b745f9a6864_stage08_b01_formal_a1020008,formal,20260810T082114Z,8b745f9a68645ce41c47aa18fcde8b4868ef84eb,true,stage08_b01_general_cosine_scales_v1,98e7d3d2716deaf919d8883f5caa73c3f61a1ce37bffff86a62a6be43aa66f64,operator,general_cosine,NA,NA,general_cosine,general_cosine__general_cosine_fp16_10e2__7d4ddcac9625e11a__periodic,general_cosine_fp16_10e2,10^2,103,window_positions=[100];coefficients=[3],FP16,CPU,not_applicable,compatibility/end-to-end,PASS,OK,20,100,18,0.0155,true,7d4ddcac9625e11a9859bfa908c12d23067696ff11f438c857cb4e16daf5848f,2e76b39a2bd93d18a568143a54f6910753a5062764d52a6c619a146c058c7884
1,20260810T082114Z_8b745f9a6864_stage08_b01_formal_a1020008,formal,20260810T082114Z,8b745f9a68645ce41c47aa18fcde8b4868ef84eb,true,stage08_b01_general_cosine_scales_v1,98e7d3d2716deaf919d8883f5caa73c3f61a1ce37bffff86a62a6be43aa66f64,operator,general_cosine,NA,NA,general_cosine,general_cosine__general_cosine_fp16_10e2__7d4ddcac9625e11a__periodic,general_cosine_fp16_10e2,10^2,103,window_positions=[100];coefficients=[3],FP16,CPU,not_applicable,compatibility/end-to-end,PASS,OK,20,100,19,0.015720000000000001,true,7d4ddcac9625e11a9859bfa908c12d23067696ff11f438c857cb4e16daf5848f,2e76b39a2bd93d18a568143a54f6910753a5062764d52a6c619a146c058c7884
1,20260810T082114Z_8b745f9a6864_stage08_b01_formal_a1020008,formal,20260810T082114Z,8b745f9a68645ce41c47aa18fcde8b4868ef84eb,true,stage08_b01_general_cosine_scales_v1,98e7d3d2716deaf919d8883f5caa73c3f61a1ce37bffff86a62a6be43aa66f64,operator,general_cosine,NA,NA,general_cosine,general_cosine__general_cosine_fp16_10e2__7d4ddcac9625e11a__periodic,general_cosine_fp16_10e2,10^2,103,window_positions=[100];coefficients=[3],FP16,CPU,not_applicable,compatibility/end-to-end,PASS,OK,20,100,20,0.01555,true,7d4ddcac9625e11a9859bfa908c12d23067696ff11f438c857cb4e16daf5848f,2e76b39a2bd93d18a568143a54f6910753a5062764d52a6c619a146c058c7884
1,20260810T082114Z_8b745f9a6864_stage08_b01_formal_a1020008,formal,20260810T082114Z,8b745f9a68645ce41c47aa18fcde8b4868ef84eb,true,stage08_b01_general_cosine_scales_v1,98e7d3d2716deaf919d8883f5caa73c3f61a1ce37bffff86a62a6be43aa66f64,operator,general_cosine,NA,NA,general_cosine,general_cosine__general_cosine_fp16_10e2__7d4ddcac9625e11a__periodic,general_cosine_fp16_10e2,10^2,103,window_positions=[100];coefficients=[3],FP16,CPU,not_applicable,compatibility/end-to-end,PASS,OK,20,100,21,0.015789999999999998,true,7d4ddcac9625e11a9859bfa908c12d23067696ff11f438c857cb4e16daf5848f,2e76b39a2bd93d18a568143a54f6910753a5062764d52a6c619a146c058c7884
1,20260810T082114Z_8b745f9a6864_stage08_b01_formal_a1020008,formal,20260810T082114Z,8b745f9a68645ce41c47aa18fcde8b4868ef84eb,true,stage08_b01_general_cosine_scales_v1,98e7d3d2716deaf919d8883f5caa73c3f61a1ce37bffff86a62a6be43aa66f64,operator,general_cosine,NA,NA,general_cosine,general_cosine__general_cosine_fp16_10e2__7d4ddcac9625e11a__periodic,general_cosine_fp16_10e2,10^2,103,window_positions=[100];coefficients=[3],FP16,CPU,not_applicable,compatibility/end-to-end,PASS,OK,20,100,22,0.015610000000000001,true,7d4ddcac9625e11a9859bfa908c12d23067696ff11f438c857cb4e16daf5848f,2e76b39a2bd93d18a568143a54f6910753a5062764d52a6c619a146c058c7884
1,20260810T082114Z_8b745f9a6864_stage08_b01_formal_a1020008,formal,20260810T082114Z,8b745f9a68645ce41c47aa18fcde8b4868ef84eb,true,stage08_b01_general_cosine_scales_v1,98e7d3d2716deaf919d8883f5caa73c3f61a1ce37bffff86a62a6be43aa66f64,operator,general_cosine,NA,NA,general_cosine,general_cosine__general_cosine_fp16_10e2__7d4ddcac9625e11a__periodic,general_cosine_fp16_10e2,10^2,103,window_positions=[100];coefficients=[3],FP16,CPU,not_applicable,compatibility/end-to-end,PASS,OK,20,100,23,0.015599999999999999,true,7d4ddcac9625e11a9859bfa908c12d23067696ff11f438c857cb4e16daf5848f,2e76b39a2bd93d18a568143a54f6910753a5062764d52a6c619a146c058c7884
1,20260810T082114Z_8b745f9a6864_stage08_b01_formal_a1020008,formal,20260810T082114Z,8b745f9a68645ce41c47aa18fcde8b4868ef84eb,true,stage08_b01_general_cosine_scales_v1,98e7d3d2716deaf919d8883f5caa73c3f61a1ce37bffff86a62a6be43aa66f64,operator,general_cosine,NA,NA,general_cosine,general_cosine__general_cosine_fp16_10e2__7d4ddcac9625e11a__periodic,general_cosine_fp16_10e2,10^2,103,window_positions=[100];coefficients=[3],FP16,CPU,not_applicable,compatibility/end-to-end,PASS,OK,20,100,24,0.01553,true,7d4ddcac9625e11a9859bfa908c12d23067696ff11f438c857cb4e16daf5848f,2e76b39a2bd93d18a568143a54f6910753a5062764d52a6c619a146c058c7884
1,20260810T082114Z_8b745f9a6864_stage08_b01_formal_a1020008,formal,20260810T082114Z,8b745f9a68645ce41c47aa18fcde8b4868ef84eb,true,stage08_b01_general_cosine_scales_v1,98e7d3d2716deaf919d8883f5caa73c3f61a1ce37bffff86a62a6be43aa66f64,operator,general_cosine,NA,NA,general_cosine,general_cosine__general_cosine_fp16_10e2__7d4ddcac9625e11a__periodic,general_cosine_fp16_10e2,10^2,103,window_positions=[100];coefficients=[3],FP16,CPU,not_applicable,compatibility/end-to-end,PASS,OK,20,100,25,0.01566,true,7d4ddcac9625e11a9859bfa908c12d23067696ff11f438c857cb4e16daf5848f,2e76b39a2bd93d18a568143a54f6910753a5062764d52a6c619a146c058c7884
1,20260810T082114Z_8b745f9a6864_stage08_b01_formal_a1020008,formal,20260810T082114Z,8b745f9a68645ce41c47aa18fcde8b4868ef84eb,true,stage08_b01_general_cosine_scales_v1,98e7d3d2716deaf919d8883f5caa73c3f61a1ce37bffff86a62a6be43aa66f64,operator,general_cosine,NA,NA,general_cosine,general_cosine__general_cosine_fp16_10e2__7d4ddcac9625e11a__periodic,general_cosine_fp16_10e2,10^2,103,window_positions=[100];coefficients=[3],FP16,CPU,not_applicable,compatibility/end-to-end,PASS,OK,20,100,26,0.015709999999999998,true,7d4ddcac9625e11a9859bfa908c12d23067696ff11f438c857cb4e16daf5848f,2e76b39a2bd93d18a568143a54f6910753a5062764d52a6c619a146c058c7884
1,20260810T082114Z_8b745f9a6864_stage08_b01_formal_a1020008,formal,20260810T082114Z,8b745f9a68645ce41c47aa18fcde8b4868ef84eb,true,stage08_b01_general_cosine_scales_v1,98e7d3d2716deaf919d8883f5caa73c3f61a1ce37bffff86a62a6be43aa66f64,operator,general_cosine,NA,NA,general_cosine,general_cosine__general_cosine_fp16_10e2__7d4ddcac9625e11a__periodic,general_cosine_fp16_10e2,10^2,103,window_positions=[100];coefficients=[3],FP16,CPU,not_applicable,compatibility/end-to-end,PASS,OK,20,100,27,0.015679999999999999,true,7d4ddcac9625e11a9859bfa908c12d23067696ff11f438c857cb4e16daf5848f,2e76b39a2bd93d18a568143a54f6910753a5062764d52a6c619a146c058c7884
1,20260810T082114Z_8b745f9a6864_stage08_b01_formal_a1020008,formal,20260810T082114Z,8b745f9a68645ce41c47aa18fcde8b4868ef84eb,true,stage08_b01_general_cosine_scales_v1,98e7d3d2716deaf919d8883f5caa73c3f61a1ce37bffff86a62a6be43aa66f64,operator,general_cosine,NA,NA,general_cosine,general_cosine__general_cosine_fp16_10e2__7d4ddcac9625e11a__periodic,general_cosine_fp16_10e2,10^2,103,window_positions=[100];coefficients=[3],FP16,CPU,not_applicable,compatibility/end-to-end,PASS,OK,20,100,28,0.01562,true,7d4ddcac9625e11a9859bfa908c12d23067696ff11f438c857cb4e16daf5848f,2e76b39a2bd93d18a568143a54f6910753a5062764d52a6c619a146c058c7884
1,20260810T082114Z_8b745f9a6864_stage08_b01_formal_a1020008,formal,20260810T082114Z,8b745f9a68645ce41c47aa18fcde8b4868ef84eb,true,stage08_b01_general_cosine_scales_v1,98e7d3d2716deaf919d8883f5caa73c3f61a1ce37bffff86a62a6be43aa66f64,operator,general_cosine,NA,NA,general_cosine,general_cosine__general_cosine_fp16_10e2__7d4ddcac9625e11a__periodic,general_cosine_fp16_10e2,10^2,103,window_positions=[100];coefficients=[3],FP16,CPU,not_applicable,compatibility/end-to-end,PASS,OK,20,100,29,0.01562,true,7d4ddcac9625e11a9859bfa908c12d23067696ff11f438c857cb4e16daf5848f,2e76b39a2bd93d18a568143a54f6910753a5062764d52a6c619a146c058c7884
1,20260810T082114Z_8b745f9a6864_stage08_b01_formal_a1020008,formal,20260810T082114Z,8b745f9a68645ce41c47aa18fcde8b4868ef84eb,true,stage08_b01_general_cosine_scales_v1,98e7d3d2716deaf919d8883f5caa73c3f61a1ce37bffff86a62a6be43aa66f64,operator,general_cosine,NA,NA,general_cosine,general_cosine__general_cosine_fp16_10e2__7d4ddcac9625e11a__periodic,general_cosine_fp16_10e2,10^2,103,window_positions=[100];coefficients=[3],FP16,CPU,not_applicable,compatibility/end-to-end,PASS,OK,20,100,30,0.015630000000000002,true,7d4ddcac9625e11a9859bfa908c12d23067696ff11f438c857cb4e16daf5848f,2e76b39a2bd93d18a568143a54f6910753a5062764d52a6c619a146c058c7884
1,20260810T082114Z_8b745f9a6864_stage08_b01_formal_a1020008,formal,20260810T082114Z,8b745f9a68645ce41c47aa18fcde8b4868ef84eb,true,stage08_b01_general_cosine_scales_v1,98e7d3d2716deaf919d8883f5caa73c3f61a1ce37bffff86a62a6be43aa66f64,operator,general_cosine,NA,NA,general_cosine,general_cosine__general_cosine_fp16_10e2__7d4ddcac9625e11a__periodic,general_cosine_fp16_10e2,10^2,103,window_positions=[100];coefficients=[3],FP16,CPU,not_applicable,compatibility/end-to-end,PASS,OK,20,100,31,0.01559,true,7d4ddcac9625e11a9859bfa908c12d23067696ff11f438c857cb4e16daf5848f,2e76b39a2bd93d18a568143a54f6910753a5062764d52a6c619a146c058c7884
1,20260810T082114Z_8b745f9a6864_stage08_b01_formal_a1020008,formal,20260810T082114Z,8b745f9a68645ce41c47aa18fcde8b4868ef84eb,true,stage08_b01_general_cosine_scales_v1,98e7d3d2716deaf919d8883f5caa73c3f61a1ce37bffff86a62a6be43aa66f64,operator,general_cosine,NA,NA,general_cosine,general_cosine__general_cosine_fp16_10e2__7d4ddcac9625e11a__periodic,general_cosine_fp16_10e2,10^2,103,window_positions=[100];coefficients=[3],FP16,CPU,not_applicable,compatibility/end-to-end,PASS,OK,20,100,32,0.015520000000000001,true,7d4ddcac9625e11a9859bfa908c12d23067696ff11f438c857cb4e16daf5848f,2e76b39a2bd93d18a568143a54f6910753a5062764d52a6c619a146c058c7884
1,20260810T082114Z_8b745f9a6864_stage08_b01_formal_a1020008,formal,20260810T082114Z,8b745f9a68645ce41c47aa18fcde8b4868ef84eb,true,stage08_b01_general_cosine_scales_v1,98e7d3d2716deaf919d8883f5caa73c3f61a1ce37bffff86a62a6be43aa66f64,operator,general_cosine,NA,NA,general_cosine,general_cosine__general_cosine_fp16_10e2__7d4ddcac9625e11a__periodic,general_cosine_fp16_10e2,10^2,103,window_positions=[100];coefficients=[3],FP16,CPU,not_applicable,compatibility/end-to-end,PASS,OK,20,100,33,0.015800999999999999,true,7d4ddcac9625e11a9859bfa908c12d23067696ff11f438c857cb4e16daf5848f,2e76b39a2bd93d18a568143a54f6910753a5062764d52a6c619a146c058c7884
1,20260810T082114Z_8b745f9a6864_stage08_b01_formal_a1020008,formal,20260810T082114Z,8b745f9a68645ce41c47aa18fcde8b4868ef84eb,true,stage08_b01_general_cosine_scales_v1,98e7d3d2716deaf919d8883f5caa73c3f61a1ce37bffff86a62a6be43aa66f64,operator,general_cosine,NA,NA,general_cosine,general_cosine__general_cosine_fp16_10e2__7d4ddcac9625e11a__periodic,general_cosine_fp16_10e2,10^2,103,window_positions=[100];coefficients=[3],FP16,CPU,not_applicable,compatibility/end-to-end,PASS,OK,20,100,34,0.015640000000000001,true,7d4ddcac9625e11a9859bfa908c12d23067696ff11f438c857cb4e16daf5848f,2e76b39a2bd93d18a568143a54f6910753a5062764d52a6c619a146c058c7884
1,20260810T082114Z_8b745f9a6864_stage08_b01_formal_a1020008,formal,20260810T082114Z,8b745f9a68645ce41c47aa18fcde8b4868ef84eb,true,stage08_b01_general_cosine_scales_v1,98e7d3d2716deaf919d8883f5caa73c3f61a1ce37bffff86a62a6be43aa66f64,operator,general_cosine,NA,NA,general_cosine,general_cosine__general_cosine_fp16_10e2__7d4ddcac9625e11a__periodic,general_cosine_fp16_10e2,10^2,103,window_positions=[100];coefficients=[3],FP16,CPU,not_applicable,compatibility/end-to-end,PASS,OK,20,100,35,0.01554,true,7d4ddcac9625e11a9859bfa908c12d23067696ff11f438c857cb4e16daf5848f,2e76b39a2bd93d18a568143a54f6910753a5062764d52a6c619a146c058c7884
1,20260810T082114Z_8b745f9a6864_stage08_b01_formal_a1020008,formal,20260810T082114Z,8b745f9a68645ce41c47aa18fcde8b4868ef84eb,true,stage08_b01_general_cosine_scales_v1,98e7d3d2716deaf919d8883f5caa73c3f61a1ce37bffff86a62a6be43aa66f64,operator,general_cosine,NA,NA,general_cosine,general_cosine__general_cosine_fp16_10e2__7d4ddcac9625e11a__periodic,general_cosine_fp16_10e2,10^2,103,window_positions=[100];coefficients=[3],FP16,CPU,not_applicable,compatibility/end-to-end,PASS,OK,20,100,36,0.015559999999999999,true,7d4ddcac9625e11a9859bfa908c12d23067696ff11f438c857cb4e16daf5848f,2e76b39a2bd93d18a568143a54f6910753a5062764d52a6c619a146c058c7884
1,20260810T082114Z_8b745f9a6864_stage08_b01_formal_a1020008,formal,20260810T082114Z,8b745f9a68645ce41c47aa18fcde8b4868ef84eb,true,stage08_b01_general_cosine_scales_v1,98e7d3d2716deaf919d8883f5caa73c3f61a1ce37bffff86a62a6be43aa66f64,operator,general_cosine,NA,NA,general_cosine,general_cosine__general_cosine_fp16_10e2__7d4ddcac9625e11a__periodic,general_cosine_fp16_10e2,10^2,103,window_positions=[100];coefficients=[3],FP16,CPU,not_applicable,compatibility/end-to-end,PASS,OK,20,100,37,0.01567,true,7d4ddcac9625e11a9859bfa908c12d23067696ff11f438c857cb4e16daf5848f,2e76b39a2bd93d18a568143a54f6910753a5062764d52a6c619a146c058c7884
1,20260810T082114Z_8b745f9a6864_stage08_b01_formal_a1020008,formal,20260810T082114Z,8b745f9a68645ce41c47aa18fcde8b4868ef84eb,true,stage08_b01_general_cosine_scales_v1,98e7d3d2716deaf919d8883f5caa73c3f61a1ce37bffff86a62a6be43aa66f64,operator,general_cosine,NA,NA,general_cosine,general_cosine__general_cosine_fp16_10e2__7d4ddcac9625e11a__periodic,general_cosine_fp16_10e2,10^2,103,window_positions=[100];coefficients=[3],FP16,CPU,not_applicable,compatibility/end-to-end,PASS,OK,20,100,38,0.015689999999999999,true,7d4ddcac9625e11a9859bfa908c12d23067696ff11f438c857cb4e16daf5848f,2e76b39a2bd93d18a568143a54f6910753a5062764d52a6c619a146c058c7884
1,20260810T082114Z_8b745f9a6864_stage08_b01_formal_a1020008,formal,20260810T082114Z,8b745f9a68645ce41c47aa18fcde8b4868ef84eb,true,stage08_b01_general_cosine_scales_v1,98e7d3d2716deaf919d8883f5caa73c3f61a1ce37bffff86a62a6be43aa66f64,operator,general_cosine,NA,NA,general_cosine,general_cosine__general_cosine_fp16_10e2__7d4ddcac9625e11a__periodic,general_cosine_fp16_10e2,10^2,103,window_positions=[100];coefficients=[3],FP16,CPU,not_applicable,compatibility/end-to-end,PASS,OK,20,100,39,0.01584,true,7d4ddcac9625e11a9859bfa908c12d23067696ff11f438c857cb4e16daf5848f,2e76b39a2bd93d18a568143a54f6910753a5062764d52a6c619a146c058c7884
1,20260810T082114Z_8b745f9a6864_stage08_b01_formal_a1020008,formal,20260810T082114Z,8b745f9a68645ce41c47aa18fcde8b4868ef84eb,true,stage08_b01_general_cosine_scales_v1,98e7d3d2716deaf919d8883f5caa73c3f61a1ce37bffff86a62a6be43aa66f64,operator,general_cosine,NA,NA,general_cosine,general_cosine__general_cosine_fp16_10e2__7d4ddcac9625e11a__periodic,general_cosine_fp16_10e2,10^2,103,window_positions=[100];coefficients=[3],FP16,CPU,not_applicable,compatibility/end-to-end,PASS,OK,20,100,40,0.01576,true,7d4ddcac9625e11a9859bfa908c12d23067696ff11f438c857cb4e16daf5848f,2e76b39a2bd93d18a568143a54f6910753a5062764d52a6c619a146c058c7884
1,20260810T082114Z_8b745f9a6864_stage08_b01_formal_a1020008,formal,20260810T082114Z,8b745f9a68645ce41c47aa18fcde8b4868ef84eb,true,stage08_b01_general_cosine_scales_v1,98e7d3d2716deaf919d8883f5caa73c3f61a1ce37bffff86a62a6be43aa66f64,operator,general_cosine,NA,NA,general_cosine,general_cosine__general_cosine_fp16_10e2__7d4ddcac9625e11a__periodic,general_cosine_fp16_10e2,10^2,103,window_positions=[100];coefficients=[3],FP16,CPU,not_applicable,compatibility/end-to-end,PASS,OK,20,100,41,0.015640000000000001,true,7d4ddcac9625e11a9859bfa908c12d23067696ff11f438c857cb4e16daf5848f,2e76b39a2bd93d18a568143a54f6910753a5062764d52a6c619a146c058c7884
1,20260810T082114Z_8b745f9a6864_stage08_b01_formal_a1020008,formal,20260810T082114Z,8b745f9a68645ce41c47aa18fcde8b4868ef84eb,true,stage08_b01_general_cosine_scales_v1,98e7d3d2716deaf919d8883f5caa73c3f61a1ce37bffff86a62a6be43aa66f64,operator,general_cosine,NA,NA,general_cosine,general_cosine__general_cosine_fp16_10e2__7d4ddcac9625e11a__periodic,general_cosine_fp16_10e2,10^2,103,window_positions=[100];coefficients=[3],FP16,CPU,not_applicable,compatibility/end-to-end,PASS,OK,20,100,42,0.015599999999999999,true,7d4ddcac9625e11a9859bfa908c12d23067696ff11f438c857cb4e16daf5848f,2e76b39a2bd93d18a568143a54f6910753a5062764d52a6c619a146c058c7884
1,20260810T082114Z_8b745f9a6864_stage08_b01_formal_a1020008,formal,20260810T082114Z,8b745f9a68645ce41c47aa18fcde8b4868ef84eb,true,stage08_b01_general_cosine_scales_v1,98e7d3d2716deaf919d8883f5caa73c3f61a1ce37bffff86a62a6be43aa66f64,operator,general_cosine,NA,NA,general_cosine,general_cosine__general_cosine_fp16_10e2__7d4ddcac9625e11a__periodic,general_cosine_fp16_10e2,10^2,103,window_positions=[100];coefficients=[3],FP16,CPU,not_applicable,compatibility/end-to-end,PASS,OK,20,100,43,0.015570000000000001,true,7d4ddcac9625e11a9859bfa908c12d23067696ff11f438c857cb4e16daf5848f,2e76b39a2bd93d18a568143a54f6910753a5062764d52a6c619a146c058c7884
1,20260810T082114Z_8b745f9a6864_stage08_b01_formal_a1020008,formal,20260810T082114Z,8b745f9a68645ce41c47aa18fcde8b4868ef84eb,true,stage08_b01_general_cosine_scales_v1,98e7d3d2716deaf919d8883f5caa73c3f61a1ce37bffff86a62a6be43aa66f64,operator,general_cosine,NA,NA,general_cosine,general_cosine__general_cosine_fp16_10e2__7d4ddcac9625e11a__periodic,general_cosine_fp16_10e2,10^2,103,window_positions=[100];coefficients=[3],FP16,CPU,not_applicable,compatibility/end-to-end,PASS,OK,20,100,44,0.015520000000000001,true,7d4ddcac9625e11a9859bfa908c12d23067696ff11f438c857cb4e16daf5848f,2e76b39a2bd93d18a568143a54f6910753a5062764d52a6c619a146c058c7884
1,20260810T082114Z_8b745f9a6864_stage08_b01_formal_a1020008,formal,20260810T082114Z,8b745f9a68645ce41c47aa18fcde8b4868ef84eb,true,stage08_b01_general_cosine_scales_v1,98e7d3d2716deaf919d8883f5caa73c3f61a1ce37bffff86a62a6be43aa66f64,operator,general_cosine,NA,NA,general_cosine,general_cosine__general_cosine_fp16_10e2__7d4ddcac9625e11a__periodic,general_cosine_fp16_10e2,10^2,103,window_positions=[100];coefficients=[3],FP16,CPU,not_applicable,compatibility/end-to-end,PASS,OK,20,100,45,0.015699999999999999,true,7d4ddcac9625e11a9859bfa908c12d23067696ff11f438c857cb4e16daf5848f,2e76b39a2bd93d18a568143a54f6910753a5062764d52a6c619a146c058c7884
1,20260810T082114Z_8b745f9a6864_stage08_b01_formal_a1020008,formal,20260810T082114Z,8b745f9a68645ce41c47aa18fcde8b4868ef84eb,true,stage08_b01_general_cosine_scales_v1,98e7d3d2716deaf919d8883f5caa73c3f61a1ce37bffff86a62a6be43aa66f64,operator,general_cosine,NA,NA,general_cosine,general_cosine__general_cosine_fp16_10e2__7d4ddcac9625e11a__periodic,general_cosine_fp16_10e2,10^2,103,window_positions=[100];coefficients=[3],FP16,CPU,not_applicable,compatibility/end-to-end,PASS,OK,20,100,46,0.015730000000000001,true,7d4ddcac9625e11a9859bfa908c12d23067696ff11f438c857cb4e16daf5848f,2e76b39a2bd93d18a568143a54f6910753a5062764d52a6c619a146c058c7884
1,20260810T082114Z_8b745f9a6864_stage08_b01_formal_a1020008,formal,20260810T082114Z,8b745f9a68645ce41c47aa18fcde8b4868ef84eb,true,stage08_b01_general_cosine_scales_v1,98e7d3d2716deaf919d8883f5caa73c3f61a1ce37bffff86a62a6be43aa66f64,operator,general_cosine,NA,NA,general_cosine,general_cosine__general_cosine_fp16_10e2__7d4ddcac9625e11a__periodic,general_cosine_fp16_10e2,10^2,103,window_positions=[100];coefficients=[3],FP16,CPU,not_applicable,compatibility/end-to-end,PASS,OK,20,100,47,0.015679999999999999,true,7d4ddcac9625e11a9859bfa908c12d23067696ff11f438c857cb4e16daf5848f,2e76b39a2bd93d18a568143a54f6910753a5062764d52a6c619a146c058c7884
1,20260810T082114Z_8b745f9a6864_stage08_b01_formal_a1020008,formal,20260810T082114Z,8b745f9a68645ce41c47aa18fcde8b4868ef84eb,true,stage08_b01_general_cosine_scales_v1,98e7d3d2716deaf919d8883f5caa73c3f61a1ce37bffff86a62a6be43aa66f64,operator,general_cosine,NA,NA,general_cosine,general_cosine__general_cosine_fp16_10e2__7d4ddcac9625e11a__periodic,general_cosine_fp16_10e2,10^2,103,window_positions=[100];coefficients=[3],FP16,CPU,not_applicable,compatibility/end-to-end,PASS,OK,20,100,48,0.01558,true,7d4ddcac9625e11a9859bfa908c12d23067696ff11f438c857cb4e16daf5848f,2e76b39a2bd93d18a568143a54f6910753a5062764d52a6c619a146c058c7884
1,20260810T082114Z_8b745f9a6864_stage08_b01_formal_a1020008,formal,20260810T082114Z,8b745f9a68645ce41c47aa18fcde8b4868ef84eb,true,stage08_b01_general_cosine_scales_v1,98e7d3d2716deaf919d8883f5caa73c3f61a1ce37bffff86a62a6be43aa66f64,operator,general_cosine,NA,NA,general_cosine,general_cosine__general_cosine_fp16_10e2__7d4ddcac9625e11a__periodic,general_cosine_fp16_10e2,10^2,103,window_positions=[100];coefficients=[3],FP16,CPU,not_applicable,compatibility/end-to-end,PASS,OK,20,100,49,0.015779999999999999,true,7d4ddcac9625e11a9859bfa908c12d23067696ff11f438c857cb4e16daf5848f,2e76b39a2bd93d18a568143a54f6910753a5062764d52a6c619a146c058c7884
1,20260810T082114Z_8b745f9a6864_stage08_b01_formal_a1020008,formal,20260810T082114Z,8b745f9a68645ce41c47aa18fcde8b4868ef84eb,true,stage08_b01_general_cosine_scales_v1,98e7d3d2716deaf919d8883f5caa73c3f61a1ce37bffff86a62a6be43aa66f64,operator,general_cosine,NA,NA,general_cosine,general_cosine__general_cosine_fp16_10e2__7d4ddcac9625e11a__periodic,general_cosine_fp16_10e2,10^2,103,window_positions=[100];coefficients=[3],FP16,CPU,not_applicable,compatibility/end-to-end,PASS,OK,20,100,50,0.015720000000000001,true,7d4ddcac9625e11a9859bfa908c12d23067696ff11f438c857cb4e16daf5848f,2e76b39a2bd93d18a568143a54f6910753a5062764d52a6c619a146c058c7884
1,20260810T082114Z_8b745f9a6864_stage08_b01_formal_a1020008,formal,20260810T082114Z,8b745f9a68645ce41c47aa18fcde8b4868ef84eb,true,stage08_b01_general_cosine_scales_v1,98e7d3d2716deaf919d8883f5caa73c3f61a1ce37bffff86a62a6be43aa66f64,operator,general_cosine,NA,NA,general_cosine,general_cosine__general_cosine_fp16_10e2__7d4ddcac9625e11a__periodic,general_cosine_fp16_10e2,10^2,103,window_positions=[100];coefficients=[3],FP16,CPU,not_applicable,compatibility/end-to-end,PASS,OK,20,100,51,0.01583,true,7d4ddcac9625e11a9859bfa908c12d23067696ff11f438c857cb4e16daf5848f,2e76b39a2bd93d18a568143a54f6910753a5062764d52a6c619a146c058c7884
1,20260810T082114Z_8b745f9a6864_stage08_b01_formal_a1020008,formal,20260810T082114Z,8b745f9a68645ce41c47aa18fcde8b4868ef84eb,true,stage08_b01_general_cosine_scales_v1,98e7d3d2716deaf919d8883f5caa73c3f61a1ce37bffff86a62a6be43aa66f64,operator,general_cosine,NA,NA,general_cosine,general_cosine__general_cosine_fp16_10e2__7d4ddcac9625e11a__periodic,general_cosine_fp16_10e2,10^2,103,window_positions=[100];coefficients=[3],FP16,CPU,not_applicable,compatibility/end-to-end,PASS,OK,20,100,52,0.015709999999999998,true,7d4ddcac9625e11a9859bfa908c12d23067696ff11f438c857cb4e16daf5848f,2e76b39a2bd93d18a568143a54f6910753a5062764d52a6c619a146c058c7884
1,20260810T082114Z_8b745f9a6864_stage08_b01_formal_a1020008,formal,20260810T082114Z,8b745f9a68645ce41c47aa18fcde8b4868ef84eb,true,stage08_b01_general_cosine_scales_v1,98e7d3d2716deaf919d8883f5caa73c3f61a1ce37bffff86a62a6be43aa66f64,operator,general_cosine,NA,NA,general_cosine,general_cosine__general_cosine_fp16_10e2__7d4ddcac9625e11a__periodic,general_cosine_fp16_10e2,10^2,103,window_positions=[100];coefficients=[3],FP16,CPU,not_applicable,compatibility/end-to-end,PASS,OK,20,100,53,0.01575,true,7d4ddcac9625e11a9859bfa908c12d23067696ff11f438c857cb4e16daf5848f,2e76b39a2bd93d18a568143a54f6910753a5062764d52a6c619a146c058c7884
1,20260810T082114Z_8b745f9a6864_stage08_b01_formal_a1020008,formal,20260810T082114Z,8b745f9a68645ce41c47aa18fcde8b4868ef84eb,true,stage08_b01_general_cosine_scales_v1,98e7d3d2716deaf919d8883f5caa73c3f61a1ce37bffff86a62a6be43aa66f64,operator,general_cosine,NA,NA,general_cosine,general_cosine__general_cosine_fp16_10e2__7d4ddcac9625e11a__periodic,general_cosine_fp16_10e2,10^2,103,window_positions=[100];coefficients=[3],FP16,CPU,not_applicable,compatibility/end-to-end,PASS,OK,20,100,54,0.015769999999999999,true,7d4ddcac9625e11a9859bfa908c12d23067696ff11f438c857cb4e16daf5848f,2e76b39a2bd93d18a568143a54f6910753a5062764d52a6c619a146c058c7884
1,20260810T082114Z_8b745f9a6864_stage08_b01_formal_a1020008,formal,20260810T082114Z,8b745f9a68645ce41c47aa18fcde8b4868ef84eb,true,stage08_b01_general_cosine_scales_v1,98e7d3d2716deaf919d8883f5caa73c3f61a1ce37bffff86a62a6be43aa66f64,operator,general_cosine,NA,NA,general_cosine,general_cosine__general_cosine_fp16_10e2__7d4ddcac9625e11a__periodic,general_cosine_fp16_10e2,10^2,103,window_positions=[100];coefficients=[3],FP16,CPU,not_applicable,compatibility/end-to-end,PASS,OK,20,100,55,0.015800000000000002,true,7d4ddcac9625e11a9859bfa908c12d23067696ff11f438c857cb4e16daf5848f,2e76b39a2bd93d18a568143a54f6910753a5062764d52a6c619a146c058c7884
1,20260810T082114Z_8b745f9a6864_stage08_b01_formal_a1020008,formal,20260810T082114Z,8b745f9a68645ce41c47aa18fcde8b4868ef84eb,true,stage08_b01_general_cosine_scales_v1,98e7d3d2716deaf919d8883f5caa73c3f61a1ce37bffff86a62a6be43aa66f64,operator,general_cosine,NA,NA,general_cosine,general_cosine__general_cosine_fp16_10e2__7d4ddcac9625e11a__periodic,general_cosine_fp16_10e2,10^2,103,window_positions=[100];coefficients=[3],FP16,CPU,not_applicable,compatibility/end-to-end,PASS,OK,20,100,56,0.015771,true,7d4ddcac9625e11a9859bfa908c12d23067696ff11f438c857cb4e16daf5848f,2e76b39a2bd93d18a568143a54f6910753a5062764d52a6c619a146c058c7884
1,20260810T082114Z_8b745f9a6864_stage08_b01_formal_a1020008,formal,20260810T082114Z,8b745f9a68645ce41c47aa18fcde8b4868ef84eb,true,stage08_b01_general_cosine_scales_v1,98e7d3d2716deaf919d8883f5caa73c3f61a1ce37bffff86a62a6be43aa66f64,operator,general_cosine,NA,NA,general_cosine,general_cosine__general_cosine_fp16_10e2__7d4ddcac9625e11a__periodic,general_cosine_fp16_10e2,10^2,103,window_positions=[100];coefficients=[3],FP16,CPU,not_applicable,compatibility/end-to-end,PASS,OK,20,100,57,0.015910000000000001,true,7d4ddcac9625e11a9859bfa908c12d23067696ff11f438c857cb4e16daf5848f,2e76b39a2bd93d18a568143a54f6910753a5062764d52a6c619a146c058c7884
1,20260810T082114Z_8b745f9a6864_stage08_b01_formal_a1020008,formal,20260810T082114Z,8b745f9a68645ce41c47aa18fcde8b4868ef84eb,true,stage08_b01_general_cosine_scales_v1,98e7d3d2716deaf919d8883f5caa73c3f61a1ce37bffff86a62a6be43aa66f64,operator,general_cosine,NA,NA,general_cosine,general_cosine__general_cosine_fp16_10e2__7d4ddcac9625e11a__periodic,general_cosine_fp16_10e2,10^2,103,window_positions=[100];coefficients=[3],FP16,CPU,not_applicable,compatibility/end-to-end,PASS,OK,20,100,58,0.015720000000000001,true,7d4ddcac9625e11a9859bfa908c12d23067696ff11f438c857cb4e16daf5848f,2e76b39a2bd93d18a568143a54f6910753a5062764d52a6c619a146c058c7884
1,20260810T082114Z_8b745f9a6864_stage08_b01_formal_a1020008,formal,20260810T082114Z,8b745f9a68645ce41c47aa18fcde8b4868ef84eb,true,stage08_b01_general_cosine_scales_v1,98e7d3d2716deaf919d8883f5caa73c3f61a1ce37bffff86a62a6be43aa66f64,operator,general_cosine,NA,NA,general_cosine,general_cosine__general_cosine_fp16_10e2__7d4ddcac9625e11a__periodic,general_cosine_fp16_10e2,10^2,103,window_positions=[100];coefficients=[3],FP16,CPU,not_applicable,compatibility/end-to-end,PASS,OK,20,100,59,0.01576,true,7d4ddcac9625e11a9859bfa908c12d23067696ff11f438c857cb4e16daf5848f,2e76b39a2bd93d18a568143a54f6910753a5062764d52a6c619a146c058c7884
1,20260810T082114Z_8b745f9a6864_stage08_b01_formal_a1020008,formal,20260810T082114Z,8b745f9a68645ce41c47aa18fcde8b4868ef84eb,true,stage08_b01_general_cosine_scales_v1,98e7d3d2716deaf919d8883f5caa73c3f61a1ce37bffff86a62a6be43aa66f64,operator,general_cosine,NA,NA,general_cosine,general_cosine__general_cosine_fp16_10e2__7d4ddcac9625e11a__periodic,general_cosine_fp16_10e2,10^2,103,window_positions=[100];coefficients=[3],FP16,CPU,not_applicable,compatibility/end-to-end,PASS,OK,20,100,60,0.01559,true,7d4ddcac9625e11a9859bfa908c12d23067696ff11f438c857cb4e16daf5848f,2e76b39a2bd93d18a568143a54f6910753a5062764d52a6c619a146c058c7884
1,20260810T082114Z_8b745f9a6864_stage08_b01_formal_a1020008,formal,20260810T082114Z,8b745f9a68645ce41c47aa18fcde8b4868ef84eb,true,stage08_b01_general_cosine_scales_v1,98e7d3d2716deaf919d8883f5caa73c3f61a1ce37bffff86a62a6be43aa66f64,operator,general_cosine,NA,NA,general_cosine,general_cosine__general_cosine_fp16_10e2__7d4ddcac9625e11a__periodic,general_cosine_fp16_10e2,10^2,103,window_positions=[100];coefficients=[3],FP16,CPU,not_applicable,compatibility/end-to-end,PASS,OK,20,100,61,0.015630000000000002,true,7d4ddcac9625e11a9859bfa908c12d23067696ff11f438c857cb4e16daf5848f,2e76b39a2bd93d18a568143a54f6910753a5062764d52a6c619a146c058c7884
1,20260810T082114Z_8b745f9a6864_stage08_b01_formal_a1020008,formal,20260810T082114Z,8b745f9a68645ce41c47aa18fcde8b4868ef84eb,true,stage08_b01_general_cosine_scales_v1,98e7d3d2716deaf919d8883f5caa73c3f61a1ce37bffff86a62a6be43aa66f64,operator,general_cosine,NA,NA,general_cosine,general_cosine__general_cosine_fp16_10e2__7d4ddcac9625e11a__periodic,general_cosine_fp16_10e2,10^2,103,window_positions=[100];coefficients=[3],FP16,CPU,not_applicable,compatibility/end-to-end,PASS,OK,20,100,62,0.01583,true,7d4ddcac9625e11a9859bfa908c12d23067696ff11f438c857cb4e16daf5848f,2e76b39a2bd93d18a568143a54f6910753a5062764d52a6c619a146c058c7884
1,20260810T082114Z_8b745f9a6864_stage08_b01_formal_a1020008,formal,20260810T082114Z,8b745f9a68645ce41c47aa18fcde8b4868ef84eb,true,stage08_b01_general_cosine_scales_v1,98e7d3d2716deaf919d8883f5caa73c3f61a1ce37bffff86a62a6be43aa66f64,operator,general_cosine,NA,NA,general_cosine,general_cosine__general_cosine_fp16_10e2__7d4ddcac9625e11a__periodic,general_cosine_fp16_10e2,10^2,103,window_positions=[100];coefficients=[3],FP16,CPU,not_applicable,compatibility/end-to-end,PASS,OK,20,100,63,0.015859999999999999,true,7d4ddcac9625e11a9859bfa908c12d23067696ff11f438c857cb4e16daf5848f,2e76b39a2bd93d18a568143a54f6910753a5062764d52a6c619a146c058c7884
1,20260810T082114Z_8b745f9a6864_stage08_b01_formal_a1020008,formal,20260810T082114Z,8b745f9a68645ce41c47aa18fcde8b4868ef84eb,true,stage08_b01_general_cosine_scales_v1,98e7d3d2716deaf919d8883f5caa73c3f61a1ce37bffff86a62a6be43aa66f64,operator,general_cosine,NA,NA,general_cosine,general_cosine__general_cosine_fp16_10e2__7d4ddcac9625e11a__periodic,general_cosine_fp16_10e2,10^2,103,window_positions=[100];coefficients=[3],FP16,CPU,not_applicable,compatibility/end-to-end,PASS,OK,20,100,64,0.01558,true,7d4ddcac9625e11a9859bfa908c12d23067696ff11f438c857cb4e16daf5848f,2e76b39a2bd93d18a568143a54f6910753a5062764d52a6c619a146c058c7884
1,20260810T082114Z_8b745f9a6864_stage08_b01_formal_a1020008,formal,20260810T082114Z,8b745f9a68645ce41c47aa18fcde8b4868ef84eb,true,stage08_b01_general_cosine_scales_v1,98e7d3d2716deaf919d8883f5caa73c3f61a1ce37bffff86a62a6be43aa66f64,operator,general_cosine,NA,NA,general_cosine,general_cosine__general_cosine_fp16_10e2__7d4ddcac9625e11a__periodic,general_cosine_fp16_10e2,10^2,103,window_positions=[100];coefficients=[3],FP16,CPU,not_applicable,compatibility/end-to-end,PASS,OK,20,100,65,0.015709999999999998,true,7d4ddcac9625e11a9859bfa908c12d23067696ff11f438c857cb4e16daf5848f,2e76b39a2bd93d18a568143a54f6910753a5062764d52a6c619a146c058c7884
1,20260810T082114Z_8b745f9a6864_stage08_b01_formal_a1020008,formal,20260810T082114Z,8b745f9a68645ce41c47aa18fcde8b4868ef84eb,true,stage08_b01_general_cosine_scales_v1,98e7d3d2716deaf919d8883f5caa73c3f61a1ce37bffff86a62a6be43aa66f64,operator,general_cosine,NA,NA,general_cosine,general_cosine__general_cosine_fp16_10e2__7d4ddcac9625e11a__periodic,general_cosine_fp16_10e2,10^2,103,window_positions=[100];coefficients=[3],FP16,CPU,not_applicable,compatibility/end-to-end,PASS,OK,20,100,66,0.01562,true,7d4ddcac9625e11a9859bfa908c12d23067696ff11f438c857cb4e16daf5848f,2e76b39a2bd93d18a568143a54f6910753a5062764d52a6c619a146c058c7884
1,20260810T082114Z_8b745f9a6864_stage08_b01_formal_a1020008,formal,20260810T082114Z,8b745f9a68645ce41c47aa18fcde8b4868ef84eb,true,stage08_b01_general_cosine_scales_v1,98e7d3d2716deaf919d8883f5caa73c3f61a1ce37bffff86a62a6be43aa66f64,operator,general_cosine,NA,NA,general_cosine,general_cosine__general_cosine_fp16_10e2__7d4ddcac9625e11a__periodic,general_cosine_fp16_10e2,10^2,103,window_positions=[100];coefficients=[3],FP16,CPU,not_applicable,compatibility/end-to-end,PASS,OK,20,100,67,0.015720000000000001,true,7d4ddcac9625e11a9859bfa908c12d23067696ff11f438c857cb4e16daf5848f,2e76b39a2bd93d18a568143a54f6910753a5062764d52a6c619a146c058c7884
1,20260810T082114Z_8b745f9a6864_stage08_b01_formal_a1020008,formal,20260810T082114Z,8b745f9a68645ce41c47aa18fcde8b4868ef84eb,true,stage08_b01_general_cosine_scales_v1,98e7d3d2716deaf919d8883f5caa73c3f61a1ce37bffff86a62a6be43aa66f64,operator,general_cosine,NA,NA,general_cosine,general_cosine__general_cosine_fp16_10e2__7d4ddcac9625e11a__periodic,general_cosine_fp16_10e2,10^2,103,window_positions=[100];coefficients=[3],FP16,CPU,not_applicable,compatibility/end-to-end,PASS,OK,20,100,68,0.01554,true,7d4ddcac9625e11a9859bfa908c12d23067696ff11f438c857cb4e16daf5848f,2e76b39a2bd93d18a568143a54f6910753a5062764d52a6c619a146c058c7884
1,20260810T082114Z_8b745f9a6864_stage08_b01_formal_a1020008,formal,20260810T082114Z,8b745f9a68645ce41c47aa18fcde8b4868ef84eb,true,stage08_b01_general_cosine_scales_v1,98e7d3d2716deaf919d8883f5caa73c3f61a1ce37bffff86a62a6be43aa66f64,operator,general_cosine,NA,NA,general_cosine,general_cosine__general_cosine_fp16_10e2__7d4ddcac9625e11a__periodic,general_cosine_fp16_10e2,10^2,103,window_positions=[100];coefficients=[3],FP16,CPU,not_applicable,compatibility/end-to-end,PASS,OK,20,100,69,0.015689999999999999,true,7d4ddcac9625e11a9859bfa908c12d23067696ff11f438c857cb4e16daf5848f,2e76b39a2bd93d18a568143a54f6910753a5062764d52a6c619a146c058c7884
1,20260810T082114Z_8b745f9a6864_stage08_b01_formal_a1020008,formal,20260810T082114Z,8b745f9a68645ce41c47aa18fcde8b4868ef84eb,true,stage08_b01_general_cosine_scales_v1,98e7d3d2716deaf919d8883f5caa73c3f61a1ce37bffff86a62a6be43aa66f64,operator,general_cosine,NA,NA,general_cosine,general_cosine__general_cosine_fp16_10e2__7d4ddcac9625e11a__periodic,general_cosine_fp16_10e2,10^2,103,window_positions=[100];coefficients=[3],FP16,CPU,not_applicable,compatibility/end-to-end,PASS,OK,20,100,70,0.015769999999999999,true,7d4ddcac9625e11a9859bfa908c12d23067696ff11f438c857cb4e16daf5848f,2e76b39a2bd93d18a568143a54f6910753a5062764d52a6c619a146c058c7884
1,20260810T082114Z_8b745f9a6864_stage08_b01_formal_a1020008,formal,20260810T082114Z,8b745f9a68645ce41c47aa18fcde8b4868ef84eb,true,stage08_b01_general_cosine_scales_v1,98e7d3d2716deaf919d8883f5caa73c3f61a1ce37bffff86a62a6be43aa66f64,operator,general_cosine,NA,NA,general_cosine,general_cosine__general_cosine_fp16_10e2__7d4ddcac9625e11a__periodic,general_cosine_fp16_10e2,10^2,103,window_positions=[100];coefficients=[3],FP16,CPU,not_applicable,compatibility/end-to-end,PASS,OK,20,100,71,0.015730000000000001,true,7d4ddcac9625e11a9859bfa908c12d23067696ff11f438c857cb4e16daf5848f,2e76b39a2bd93d18a568143a54f6910753a5062764d52a6c619a146c058c7884
1,20260810T082114Z_8b745f9a6864_stage08_b01_formal_a1020008,formal,20260810T082114Z,8b745f9a68645ce41c47aa18fcde8b4868ef84eb,true,stage08_b01_general_cosine_scales_v1,98e7d3d2716deaf919d8883f5caa73c3f61a1ce37bffff86a62a6be43aa66f64,operator,general_cosine,NA,NA,general_cosine,general_cosine__general_cosine_fp16_10e2__7d4ddcac9625e11a__periodic,general_cosine_fp16_10e2,10^2,103,window_positions=[100];coefficients=[3],FP16,CPU,not_applicable,compatibility/end-to-end,PASS,OK,20,100,72,0.01576,true,7d4ddcac9625e11a9859bfa908c12d23067696ff11f438c857cb4e16daf5848f,2e76b39a2bd93d18a568143a54f6910753a5062764d52a6c619a146c058c7884
1,20260810T082114Z_8b745f9a6864_stage08_b01_formal_a1020008,formal,20260810T082114Z,8b745f9a68645ce41c47aa18fcde8b4868ef84eb,true,stage08_b01_general_cosine_scales_v1,98e7d3d2716deaf919d8883f5caa73c3f61a1ce37bffff86a62a6be43aa66f64,operator,general_cosine,NA,NA,general_cosine,general_cosine__general_cosine_fp16_10e2__7d4ddcac9625e11a__periodic,general_cosine_fp16_10e2,10^2,103,window_positions=[100];coefficients=[3],FP16,CPU,not_applicable,compatibility/end-to-end,PASS,OK,20,100,73,0.01562,true,7d4ddcac9625e11a9859bfa908c12d23067696ff11f438c857cb4e16daf5848f,2e76b39a2bd93d18a568143a54f6910753a5062764d52a6c619a146c058c7884
1,20260810T082114Z_8b745f9a6864_stage08_b01_formal_a1020008,formal,20260810T082114Z,8b745f9a68645ce41c47aa18fcde8b4868ef84eb,true,stage08_b01_general_cosine_scales_v1,98e7d3d2716deaf919d8883f5caa73c3f61a1ce37bffff86a62a6be43aa66f64,operator,general_cosine,NA,NA,general_cosine,general_cosine__general_cosine_fp16_10e2__7d4ddcac9625e11a__periodic,general_cosine_fp16_10e2,10^2,103,window_positions=[100];coefficients=[3],FP16,CPU,not_applicable,compatibility/end-to-end,PASS,OK,20,100,74,0.015559999999999999,true,7d4ddcac9625e11a9859bfa908c12d23067696ff11f438c857cb4e16daf5848f,2e76b39a2bd93d18a568143a54f6910753a5062764d52a6c619a146c058c7884
1,20260810T082114Z_8b745f9a6864_stage08_b01_formal_a1020008,formal,20260810T082114Z,8b745f9a68645ce41c47aa18fcde8b4868ef84eb,true,stage08_b01_general_cosine_scales_v1,98e7d3d2716deaf919d8883f5caa73c3f61a1ce37bffff86a62a6be43aa66f64,operator,general_cosine,NA,NA,general_cosine,general_cosine__general_cosine_fp16_10e2__7d4ddcac9625e11a__periodic,general_cosine_fp16_10e2,10^2,103,window_positions=[100];coefficients=[3],FP16,CPU,not_applicable,compatibility/end-to-end,PASS,OK,20,100,75,0.015559999999999999,true,7d4ddcac9625e11a9859bfa908c12d23067696ff11f438c857cb4e16daf5848f,2e76b39a2bd93d18a568143a54f6910753a5062764d52a6c619a146c058c7884
1,20260810T082114Z_8b745f9a6864_stage08_b01_formal_a1020008,formal,20260810T082114Z,8b745f9a68645ce41c47aa18fcde8b4868ef84eb,true,stage08_b01_general_cosine_scales_v1,98e7d3d2716deaf919d8883f5caa73c3f61a1ce37bffff86a62a6be43aa66f64,operator,general_cosine,NA,NA,general_cosine,general_cosine__general_cosine_fp16_10e2__7d4ddcac9625e11a__periodic,general_cosine_fp16_10e2,10^2,103,window_positions=[100];coefficients=[3],FP16,CPU,not_applicable,compatibility/end-to-end,PASS,OK,20,100,76,0.015599999999999999,true,7d4ddcac9625e11a9859bfa908c12d23067696ff11f438c857cb4e16daf5848f,2e76b39a2bd93d18a568143a54f6910753a5062764d52a6c619a146c058c7884
1,20260810T082114Z_8b745f9a6864_stage08_b01_formal_a1020008,formal,20260810T082114Z,8b745f9a68645ce41c47aa18fcde8b4868ef84eb,true,stage08_b01_general_cosine_scales_v1,98e7d3d2716deaf919d8883f5caa73c3f61a1ce37bffff86a62a6be43aa66f64,operator,general_cosine,NA,NA,general_cosine,general_cosine__general_cosine_fp16_10e2__7d4ddcac9625e11a__periodic,general_cosine_fp16_10e2,10^2,103,window_positions=[100];coefficients=[3],FP16,CPU,not_applicable,compatibility/end-to-end,PASS,OK,20,100,77,0.015689999999999999,true,7d4ddcac9625e11a9859bfa908c12d23067696ff11f438c857cb4e16daf5848f,2e76b39a2bd93d18a568143a54f6910753a5062764d52a6c619a146c058c7884
1,20260810T082114Z_8b745f9a6864_stage08_b01_formal_a1020008,formal,20260810T082114Z,8b745f9a68645ce41c47aa18fcde8b4868ef84eb,true,stage08_b01_general_cosine_scales_v1,98e7d3d2716deaf919d8883f5caa73c3f61a1ce37bffff86a62a6be43aa66f64,operator,general_cosine,NA,NA,general_cosine,general_cosine__general_cosine_fp16_10e2__7d4ddcac9625e11a__periodic,general_cosine_fp16_10e2,10^2,103,window_positions=[100];coefficients=[3],FP16,CPU,not_applicable,compatibility/end-to-end,PASS,OK,20,100,78,0.015771,true,7d4ddcac9625e11a9859bfa908c12d23067696ff11f438c857cb4e16daf5848f,2e76b39a2bd93d18a568143a54f6910753a5062764d52a6c619a146c058c7884
1,20260810T082114Z_8b745f9a6864_stage08_b01_formal_a1020008,formal,20260810T082114Z,8b745f9a68645ce41c47aa18fcde8b4868ef84eb,true,stage08_b01_general_cosine_scales_v1,98e7d3d2716deaf919d8883f5caa73c3f61a1ce37bffff86a62a6be43aa66f64,operator,general_cosine,NA,NA,general_cosine,general_cosine__general_cosine_fp16_10e2__7d4ddcac9625e11a__periodic,general_cosine_fp16_10e2,10^2,103,window_positions=[100];coefficients=[3],FP16,CPU,not_applicable,compatibility/end-to-end,PASS,OK,20,100,79,0.01584,true,7d4ddcac9625e11a9859bfa908c12d23067696ff11f438c857cb4e16daf5848f,2e76b39a2bd93d18a568143a54f6910753a5062764d52a6c619a146c058c7884
1,20260810T082114Z_8b745f9a6864_stage08_b01_formal_a1020008,formal,20260810T082114Z,8b745f9a68645ce41c47aa18fcde8b4868ef84eb,true,stage08_b01_general_cosine_scales_v1,98e7d3d2716deaf919d8883f5caa73c3f61a1ce37bffff86a62a6be43aa66f64,operator,general_cosine,NA,NA,general_cosine,general_cosine__general_cosine_fp16_10e2__7d4ddcac9625e11a__periodic,general_cosine_fp16_10e2,10^2,103,window_positions=[100];coefficients=[3],FP16,CPU,not_applicable,compatibility/end-to-end,PASS,OK,20,100,80,0.01566,true,7d4ddcac9625e11a9859bfa908c12d23067696ff11f438c857cb4e16daf5848f,2e76b39a2bd93d18a568143a54f6910753a5062764d52a6c619a146c058c7884
1,20260810T082114Z_8b745f9a6864_stage08_b01_formal_a1020008,formal,20260810T082114Z,8b745f9a68645ce41c47aa18fcde8b4868ef84eb,true,stage08_b01_general_cosine_scales_v1,98e7d3d2716deaf919d8883f5caa73c3f61a1ce37bffff86a62a6be43aa66f64,operator,general_cosine,NA,NA,general_cosine,general_cosine__general_cosine_fp16_10e2__7d4ddcac9625e11a__periodic,general_cosine_fp16_10e2,10^2,103,window_positions=[100];coefficients=[3],FP16,CPU,not_applicable,compatibility/end-to-end,PASS,OK,20,100,81,0.015779999999999999,true,7d4ddcac9625e11a9859bfa908c12d23067696ff11f438c857cb4e16daf5848f,2e76b39a2bd93d18a568143a54f6910753a5062764d52a6c619a146c058c7884
1,20260810T082114Z_8b745f9a6864_stage08_b01_formal_a1020008,formal,20260810T082114Z,8b745f9a68645ce41c47aa18fcde8b4868ef84eb,true,stage08_b01_general_cosine_scales_v1,98e7d3d2716deaf919d8883f5caa73c3f61a1ce37bffff86a62a6be43aa66f64,operator,general_cosine,NA,NA,general_cosine,general_cosine__general_cosine_fp16_10e2__7d4ddcac9625e11a__periodic,general_cosine_fp16_10e2,10^2,103,window_positions=[100];coefficients=[3],FP16,CPU,not_applicable,compatibility/end-to-end,PASS,OK,20,100,82,0.01583,true,7d4ddcac9625e11a9859bfa908c12d23067696ff11f438c857cb4e16daf5848f,2e76b39a2bd93d18a568143a54f6910753a5062764d52a6c619a146c058c7884
1,20260810T082114Z_8b745f9a6864_stage08_b01_formal_a1020008,formal,20260810T082114Z,8b745f9a68645ce41c47aa18fcde8b4868ef84eb,true,stage08_b01_general_cosine_scales_v1,98e7d3d2716deaf919d8883f5caa73c3f61a1ce37bffff86a62a6be43aa66f64,operator,general_cosine,NA,NA,general_cosine,general_cosine__general_cosine_fp16_10e2__7d4ddcac9625e11a__periodic,general_cosine_fp16_10e2,10^2,103,window_positions=[100];coefficients=[3],FP16,CPU,not_applicable,compatibility/end-to-end,PASS,OK,20,100,83,0.015879999999999998,true,7d4ddcac9625e11a9859bfa908c12d23067696ff11f438c857cb4e16daf5848f,2e76b39a2bd93d18a568143a54f6910753a5062764d52a6c619a146c058c7884
1,20260810T082114Z_8b745f9a6864_stage08_b01_formal_a1020008,formal,20260810T082114Z,8b745f9a68645ce41c47aa18fcde8b4868ef84eb,true,stage08_b01_general_cosine_scales_v1,98e7d3d2716deaf919d8883f5caa73c3f61a1ce37bffff86a62a6be43aa66f64,operator,general_cosine,NA,NA,general_cosine,general_cosine__general_cosine_fp16_10e2__7d4ddcac9625e11a__periodic,general_cosine_fp16_10e2,10^2,103,window_positions=[100];coefficients=[3],FP16,CPU,not_applicable,compatibility/end-to-end,PASS,OK,20,100,84,0.01567,true,7d4ddcac9625e11a9859bfa908c12d23067696ff11f438c857cb4e16daf5848f,2e76b39a2bd93d18a568143a54f6910753a5062764d52a6c619a146c058c7884
1,20260810T082114Z_8b745f9a6864_stage08_b01_formal_a1020008,formal,20260810T082114Z,8b745f9a68645ce41c47aa18fcde8b4868ef84eb,true,stage08_b01_general_cosine_scales_v1,98e7d3d2716deaf919d8883f5caa73c3f61a1ce37bffff86a62a6be43aa66f64,operator,general_cosine,NA,NA,general_cosine,general_cosine__general_cosine_fp16_10e2__7d4ddcac9625e11a__periodic,general_cosine_fp16_10e2,10^2,103,window_positions=[100];coefficients=[3],FP16,CPU,not_applicable,compatibility/end-to-end,PASS,OK,20,100,85,0.015779999999999999,true,7d4ddcac9625e11a9859bfa908c12d23067696ff11f438c857cb4e16daf5848f,2e76b39a2bd93d18a568143a54f6910753a5062764d52a6c619a146c058c7884
1,20260810T082114Z_8b745f9a6864_stage08_b01_formal_a1020008,formal,20260810T082114Z,8b745f9a68645ce41c47aa18fcde8b4868ef84eb,true,stage08_b01_general_cosine_scales_v1,98e7d3d2716deaf919d8883f5caa73c3f61a1ce37bffff86a62a6be43aa66f64,operator,general_cosine,NA,NA,general_cosine,general_cosine__general_cosine_fp16_10e2__7d4ddcac9625e11a__periodic,general_cosine_fp16_10e2,10^2,103,window_positions=[100];coefficients=[3],FP16,CPU,not_applicable,compatibility/end-to-end,PASS,OK,20,100,86,0.01575,true,7d4ddcac9625e11a9859bfa908c12d23067696ff11f438c857cb4e16daf5848f,2e76b39a2bd93d18a568143a54f6910753a5062764d52a6c619a146c058c7884
1,20260810T082114Z_8b745f9a6864_stage08_b01_formal_a1020008,formal,20260810T082114Z,8b745f9a68645ce41c47aa18fcde8b4868ef84eb,true,stage08_b01_general_cosine_scales_v1,98e7d3d2716deaf919d8883f5caa73c3f61a1ce37bffff86a62a6be43aa66f64,operator,general_cosine,NA,NA,general_cosine,general_cosine__general_cosine_fp16_10e2__7d4ddcac9625e11a__periodic,general_cosine_fp16_10e2,10^2,103,window_positions=[100];coefficients=[3],FP16,CPU,not_applicable,compatibility/end-to-end,PASS,OK,20,100,87,0.01562,true,7d4ddcac9625e11a9859bfa908c12d23067696ff11f438c857cb4e16daf5848f,2e76b39a2bd93d18a568143a54f6910753a5062764d52a6c619a146c058c7884
1,20260810T082114Z_8b745f9a6864_stage08_b01_formal_a1020008,formal,20260810T082114Z,8b745f9a68645ce41c47aa18fcde8b4868ef84eb,true,stage08_b01_general_cosine_scales_v1,98e7d3d2716deaf919d8883f5caa73c3f61a1ce37bffff86a62a6be43aa66f64,operator,general_cosine,NA,NA,general_cosine,general_cosine__general_cosine_fp16_10e2__7d4ddcac9625e11a__periodic,general_cosine_fp16_10e2,10^2,103,window_positions=[100];coefficients=[3],FP16,CPU,not_applicable,compatibility/end-to-end,PASS,OK,20,100,88,0.015599999999999999,true,7d4ddcac9625e11a9859bfa908c12d23067696ff11f438c857cb4e16daf5848f,2e76b39a2bd93d18a568143a54f6910753a5062764d52a6c619a146c058c7884
1,20260810T082114Z_8b745f9a6864_stage08_b01_formal_a1020008,formal,20260810T082114Z,8b745f9a68645ce41c47aa18fcde8b4868ef84eb,true,stage08_b01_general_cosine_scales_v1,98e7d3d2716deaf919d8883f5caa73c3f61a1ce37bffff86a62a6be43aa66f64,operator,general_cosine,NA,NA,general_cosine,general_cosine__general_cosine_fp16_10e2__7d4ddcac9625e11a__periodic,general_cosine_fp16_10e2,10^2,103,window_positions=[100];coefficients=[3],FP16,CPU,not_applicable,compatibility/end-to-end,PASS,OK,20,100,89,0.015720000000000001,true,7d4ddcac9625e11a9859bfa908c12d23067696ff11f438c857cb4e16daf5848f,2e76b39a2bd93d18a568143a54f6910753a5062764d52a6c619a146c058c7884
1,20260810T082114Z_8b745f9a6864_stage08_b01_formal_a1020008,formal,20260810T082114Z,8b745f9a68645ce41c47aa18fcde8b4868ef84eb,true,stage08_b01_general_cosine_scales_v1,98e7d3d2716deaf919d8883f5caa73c3f61a1ce37bffff86a62a6be43aa66f64,operator,general_cosine,NA,NA,general_cosine,general_cosine__general_cosine_fp16_10e2__7d4ddcac9625e11a__periodic,general_cosine_fp16_10e2,10^2,103,window_positions=[100];coefficients=[3],FP16,CPU,not_applicable,compatibility/end-to-end,PASS,OK,20,100,90,0.015740000000000001,true,7d4ddcac9625e11a9859bfa908c12d23067696ff11f438c857cb4e16daf5848f,2e76b39a2bd93d18a568143a54f6910753a5062764d52a6c619a146c058c7884
1,20260810T082114Z_8b745f9a6864_stage08_b01_formal_a1020008,formal,20260810T082114Z,8b745f9a68645ce41c47aa18fcde8b4868ef84eb,true,stage08_b01_general_cosine_scales_v1,98e7d3d2716deaf919d8883f5caa73c3f61a1ce37bffff86a62a6be43aa66f64,operator,general_cosine,NA,NA,general_cosine,general_cosine__general_cosine_fp16_10e2__7d4ddcac9625e11a__periodic,general_cosine_fp16_10e2,10^2,103,window_positions=[100];coefficients=[3],FP16,CPU,not_applicable,compatibility/end-to-end,PASS,OK,20,100,91,0.015810000000000001,true,7d4ddcac9625e11a9859bfa908c12d23067696ff11f438c857cb4e16daf5848f,2e76b39a2bd93d18a568143a54f6910753a5062764d52a6c619a146c058c7884
1,20260810T082114Z_8b745f9a6864_stage08_b01_formal_a1020008,formal,20260810T082114Z,8b745f9a68645ce41c47aa18fcde8b4868ef84eb,true,stage08_b01_general_cosine_scales_v1,98e7d3d2716deaf919d8883f5caa73c3f61a1ce37bffff86a62a6be43aa66f64,operator,general_cosine,NA,NA,general_cosine,general_cosine__general_cosine_fp16_10e2__7d4ddcac9625e11a__periodic,general_cosine_fp16_10e2,10^2,103,window_positions=[100];coefficients=[3],FP16,CPU,not_applicable,compatibility/end-to-end,PASS,OK,20,100,92,0.01553,true,7d4ddcac9625e11a9859bfa908c12d23067696ff11f438c857cb4e16daf5848f,2e76b39a2bd93d18a568143a54f6910753a5062764d52a6c619a146c058c7884
1,20260810T082114Z_8b745f9a6864_stage08_b01_formal_a1020008,formal,20260810T082114Z,8b745f9a68645ce41c47aa18fcde8b4868ef84eb,true,stage08_b01_general_cosine_scales_v1,98e7d3d2716deaf919d8883f5caa73c3f61a1ce37bffff86a62a6be43aa66f64,operator,general_cosine,NA,NA,general_cosine,general_cosine__general_cosine_fp16_10e2__7d4ddcac9625e11a__periodic,general_cosine_fp16_10e2,10^2,103,window_positions=[100];coefficients=[3],FP16,CPU,not_applicable,compatibility/end-to-end,PASS,OK,20,100,93,0.01583,true,7d4ddcac9625e11a9859bfa908c12d23067696ff11f438c857cb4e16daf5848f,2e76b39a2bd93d18a568143a54f6910753a5062764d52a6c619a146c058c7884
1,20260810T082114Z_8b745f9a6864_stage08_b01_formal_a1020008,formal,20260810T082114Z,8b745f9a68645ce41c47aa18fcde8b4868ef84eb,true,stage08_b01_general_cosine_scales_v1,98e7d3d2716deaf919d8883f5caa73c3f61a1ce37bffff86a62a6be43aa66f64,operator,general_cosine,NA,NA,general_cosine,general_cosine__general_cosine_fp16_10e2__7d4ddcac9625e11a__periodic,general_cosine_fp16_10e2,10^2,103,window_positions=[100];coefficients=[3],FP16,CPU,not_applicable,compatibility/end-to-end,PASS,OK,20,100,94,0.01562,true,7d4ddcac9625e11a9859bfa908c12d23067696ff11f438c857cb4e16daf5848f,2e76b39a2bd93d18a568143a54f6910753a5062764d52a6c619a146c058c7884
1,20260810T082114Z_8b745f9a6864_stage08_b01_formal_a1020008,formal,20260810T082114Z,8b745f9a68645ce41c47aa18fcde8b4868ef84eb,true,stage08_b01_general_cosine_scales_v1,98e7d3d2716deaf919d8883f5caa73c3f61a1ce37bffff86a62a6be43aa66f64,operator,general_cosine,NA,NA,general_cosine,general_cosine__general_cosine_fp16_10e2__7d4ddcac9625e11a__periodic,general_cosine_fp16_10e2,10^2,103,window_positions=[100];coefficients=[3],FP16,CPU,not_applicable,compatibility/end-to-end,PASS,OK,20,100,95,0.015520000000000001,true,7d4ddcac9625e11a9859bfa908c12d23067696ff11f438c857cb4e16daf5848f,2e76b39a2bd93d18a568143a54f6910753a5062764d52a6c619a146c058c7884
1,20260810T082114Z_8b745f9a6864_stage08_b01_formal_a1020008,formal,20260810T082114Z,8b745f9a68645ce41c47aa18fcde8b4868ef84eb,true,stage08_b01_general_cosine_scales_v1,98e7d3d2716deaf919d8883f5caa73c3f61a1ce37bffff86a62a6be43aa66f64,operator,general_cosine,NA,NA,general_cosine,general_cosine__general_cosine_fp16_10e2__7d4ddcac9625e11a__periodic,general_cosine_fp16_10e2,10^2,103,window_positions=[100];coefficients=[3],FP16,CPU,not_applicable,compatibility/end-to-end,PASS,OK,20,100,96,0.01566,true,7d4ddcac9625e11a9859bfa908c12d23067696ff11f438c857cb4e16daf5848f,2e76b39a2bd93d18a568143a54f6910753a5062764d52a6c619a146c058c7884
1,20260810T082114Z_8b745f9a6864_stage08_b01_formal_a1020008,formal,20260810T082114Z,8b745f9a68645ce41c47aa18fcde8b4868ef84eb,true,stage08_b01_general_cosine_scales_v1,98e7d3d2716deaf919d8883f5caa73c3f61a1ce37bffff86a62a6be43aa66f64,operator,general_cosine,NA,NA,general_cosine,general_cosine__general_cosine_fp16_10e2__7d4ddcac9625e11a__periodic,general_cosine_fp16_10e2,10^2,103,window_positions=[100];coefficients=[3],FP16,CPU,not_applicable,compatibility/end-to-end,PASS,OK,20,100,97,0.01566,true,7d4ddcac9625e11a9859bfa908c12d23067696ff11f438c857cb4e16daf5848f,2e76b39a2bd93d18a568143a54f6910753a5062764d52a6c619a146c058c7884
1,20260810T082114Z_8b745f9a6864_stage08_b01_formal_a1020008,formal,20260810T082114Z,8b745f9a68645ce41c47aa18fcde8b4868ef84eb,true,stage08_b01_general_cosine_scales_v1,98e7d3d2716deaf919d8883f5caa73c3f61a1ce37bffff86a62a6be43aa66f64,operator,general_cosine,NA,NA,general_cosine,general_cosine__general_cosine_fp16_10e2__7d4ddcac9625e11a__periodic,general_cosine_fp16_10e2,10^2,103,window_positions=[100];coefficients=[3],FP16,CPU,not_applicable,compatibility/end-to-end,PASS,OK,20,100,98,0.015559999999999999,true,7d4ddcac9625e11a9859bfa908c12d23067696ff11f438c857cb4e16daf5848f,2e76b39a2bd93d18a568143a54f6910753a5062764d52a6c619a146c058c7884
1,20260810T082114Z_8b745f9a6864_stage08_b01_formal_a1020008,formal,20260810T082114Z,8b745f9a68645ce41c47aa18fcde8b4868ef84eb,true,stage08_b01_general_cosine_scales_v1,98e7d3d2716deaf919d8883f5caa73c3f61a1ce37bffff86a62a6be43aa66f64,operator,general_cosine,NA,NA,general_cosine,general_cosine__general_cosine_fp16_10e2__7d4ddcac9625e11a__periodic,general_cosine_fp16_10e2,10^2,103,window_positions=[100];coefficients=[3],FP16,CPU,not_applicable,compatibility/end-to-end,PASS,OK,20,100,99,0.015650000000000001,true,7d4ddcac9625e11a9859bfa908c12d23067696ff11f438c857cb4e16daf5848f,2e76b39a2bd93d18a568143a54f6910753a5062764d52a6c619a146c058c7884
1,20260810T082114Z_8b745f9a6864_stage08_b01_formal_a1020008,formal,20260810T082114Z,8b745f9a68645ce41c47aa18fcde8b4868ef84eb,true,stage08_b01_general_cosine_scales_v1,98e7d3d2716deaf919d8883f5caa73c3f61a1ce37bffff86a62a6be43aa66f64,operator,general_cosine,NA,NA,general_cosine,general_cosine__general_cosine_fp16_10e2__7d4ddcac9625e11a__periodic,general_cosine_fp16_10e2,10^2,103,window_positions=[100];coefficients=[3],FP16,GPU,not_applicable,compatibility/end-to-end,PASS,OK,20,100,0,0.34676099999999999,true,7d4ddcac9625e11a9859bfa908c12d23067696ff11f438c857cb4e16daf5848f,bc828e68fd748a6b9cd1f568b0366ed898a30c7fd0deb7ae1d8052de6955036f
1,20260810T082114Z_8b745f9a6864_stage08_b01_formal_a1020008,formal,20260810T082114Z,8b745f9a68645ce41c47aa18fcde8b4868ef84eb,true,stage08_b01_general_cosine_scales_v1,98e7d3d2716deaf919d8883f5caa73c3f61a1ce37bffff86a62a6be43aa66f64,operator,general_cosine,NA,NA,general_cosine,general_cosine__general_cosine_fp16_10e2__7d4ddcac9625e11a__periodic,general_cosine_fp16_10e2,10^2,103,window_positions=[100];coefficients=[3],FP16,GPU,not_applicable,compatibility/end-to-end,PASS,OK,20,100,1,0.33882099999999998,true,7d4ddcac9625e11a9859bfa908c12d23067696ff11f438c857cb4e16daf5848f,bc828e68fd748a6b9cd1f568b0366ed898a30c7fd0deb7ae1d8052de6955036f
1,20260810T082114Z_8b745f9a6864_stage08_b01_formal_a1020008,formal,20260810T082114Z,8b745f9a68645ce41c47aa18fcde8b4868ef84eb,true,stage08_b01_general_cosine_scales_v1,98e7d3d2716deaf919d8883f5caa73c3f61a1ce37bffff86a62a6be43aa66f64,operator,general_cosine,NA,NA,general_cosine,general_cosine__general_cosine_fp16_10e2__7d4ddcac9625e11a__periodic,general_cosine_fp16_10e2,10^2,103,window_positions=[100];coefficients=[3],FP16,GPU,not_applicable,compatibility/end-to-end,PASS,OK,20,100,2,0.34903099999999998,true,7d4ddcac9625e11a9859bfa908c12d23067696ff11f438c857cb4e16daf5848f,bc828e68fd748a6b9cd1f568b0366ed898a30c7fd0deb7ae1d8052de6955036f
1,20260810T082114Z_8b745f9a6864_stage08_b01_formal_a1020008,formal,20260810T082114Z,8b745f9a68645ce41c47aa18fcde8b4868ef84eb,true,stage08_b01_general_cosine_scales_v1,98e7d3d2716deaf919d8883f5caa73c3f61a1ce37bffff86a62a6be43aa66f64,operator,general_cosine,NA,NA,general_cosine,general_cosine__general_cosine_fp16_10e2__7d4ddcac9625e11a__periodic,general_cosine_fp16_10e2,10^2,103,window_positions=[100];coefficients=[3],FP16,GPU,not_applicable,compatibility/end-to-end,PASS,OK,20,100,3,0.34632099999999999,true,7d4ddcac9625e11a9859bfa908c12d23067696ff11f438c857cb4e16daf5848f,bc828e68fd748a6b9cd1f568b0366ed898a30c7fd0deb7ae1d8052de6955036f
1,20260810T082114Z_8b745f9a6864_stage08_b01_formal_a1020008,formal,20260810T082114Z,8b745f9a68645ce41c47aa18fcde8b4868ef84eb,true,stage08_b01_general_cosine_scales_v1,98e7d3d2716deaf919d8883f5caa73c3f61a1ce37bffff86a62a6be43aa66f64,operator,general_cosine,NA,NA,general_cosine,general_cosine__general_cosine_fp16_10e2__7d4ddcac9625e11a__periodic,general_cosine_fp16_10e2,10^2,103,window_positions=[100];coefficients=[3],FP16,GPU,not_applicable,compatibility/end-to-end,PASS,OK,20,100,4,0.33755099999999999,true,7d4ddcac9625e11a9859bfa908c12d23067696ff11f438c857cb4e16daf5848f,bc828e68fd748a6b9cd1f568b0366ed898a30c7fd0deb7ae1d8052de6955036f
1,20260810T082114Z_8b745f9a6864_stage08_b01_formal_a1020008,formal,20260810T082114Z,8b745f9a68645ce41c47aa18fcde8b4868ef84eb,true,stage08_b01_general_cosine_scales_v1,98e7d3d2716deaf919d8883f5caa73c3f61a1ce37bffff86a62a6be43aa66f64,operator,general_cosine,NA,NA,general_cosine,general_cosine__general_cosine_fp16_10e2__7d4ddcac9625e11a__periodic,general_cosine_fp16_10e2,10^2,103,window_positions=[100];coefficients=[3],FP16,GPU,not_applicable,compatibility/end-to-end,PASS,OK,20,100,5,0.35235100000000003,true,7d4ddcac9625e11a9859bfa908c12d23067696ff11f438c857cb4e16daf5848f,bc828e68fd748a6b9cd1f568b0366ed898a30c7fd0deb7ae1d8052de6955036f
1,20260810T082114Z_8b745f9a6864_stage08_b01_formal_a1020008,formal,20260810T082114Z,8b745f9a68645ce41c47aa18fcde8b4868ef84eb,true,stage08_b01_general_cosine_scales_v1,98e7d3d2716deaf919d8883f5caa73c3f61a1ce37bffff86a62a6be43aa66f64,operator,general_cosine,NA,NA,general_cosine,general_cosine__general_cosine_fp16_10e2__7d4ddcac9625e11a__periodic,general_cosine_fp16_10e2,10^2,103,window_positions=[100];coefficients=[3],FP16,GPU,not_applicable,compatibility/end-to-end,PASS,OK,20,100,6,0.349991,true,7d4ddcac9625e11a9859bfa908c12d23067696ff11f438c857cb4e16daf5848f,bc828e68fd748a6b9cd1f568b0366ed898a30c7fd0deb7ae1d8052de6955036f
1,20260810T082114Z_8b745f9a6864_stage08_b01_formal_a1020008,formal,20260810T082114Z,8b745f9a68645ce41c47aa18fcde8b4868ef84eb,true,stage08_b01_general_cosine_scales_v1,98e7d3d2716deaf919d8883f5caa73c3f61a1ce37bffff86a62a6be43aa66f64,operator,general_cosine,NA,NA,general_cosine,general_cosine__general_cosine_fp16_10e2__7d4ddcac9625e11a__periodic,general_cosine_fp16_10e2,10^2,103,window_positions=[100];coefficients=[3],FP16,GPU,not_applicable,compatibility/end-to-end,PASS,OK,20,100,7,0.33561099999999999,true,7d4ddcac9625e11a9859bfa908c12d23067696ff11f438c857cb4e16daf5848f,bc828e68fd748a6b9cd1f568b0366ed898a30c7fd0deb7ae1d8052de6955036f
1,20260810T082114Z_8b745f9a6864_stage08_b01_formal_a1020008,formal,20260810T082114Z,8b745f9a68645ce41c47aa18fcde8b4868ef84eb,true,stage08_b01_general_cosine_scales_v1,98e7d3d2716deaf919d8883f5caa73c3f61a1ce37bffff86a62a6be43aa66f64,operator,general_cosine,NA,NA,general_cosine,general_cosine__general_cosine_fp16_10e2__7d4ddcac9625e11a__periodic,general_cosine_fp16_10e2,10^2,103,window_positions=[100];coefficients=[3],FP16,GPU,not_applicable,compatibility/end-to-end,PASS,OK,20,100,8,0.34961100000000001,true,7d4ddcac9625e11a9859bfa908c12d23067696ff11f438c857cb4e16daf5848f,bc828e68fd748a6b9cd1f568b0366ed898a30c7fd0deb7ae1d8052de6955036f
1,20260810T082114Z_8b745f9a6864_stage08_b01_formal_a1020008,formal,20260810T082114Z,8b745f9a68645ce41c47aa18fcde8b4868ef84eb,true,stage08_b01_general_cosine_scales_v1,98e7d3d2716deaf919d8883f5caa73c3f61a1ce37bffff86a62a6be43aa66f64,operator,general_cosine,NA,NA,general_cosine,general_cosine__general_cosine_fp16_10e2__7d4ddcac9625e11a__periodic,general_cosine_fp16_10e2,10^2,103,window_positions=[100];coefficients=[3],FP16,GPU,not_applicable,compatibility/end-to-end,PASS,OK,20,100,9,0.34638099999999999,true,7d4ddcac9625e11a9859bfa908c12d23067696ff11f438c857cb4e16daf5848f,bc828e68fd748a6b9cd1f568b0366ed898a30c7fd0deb7ae1d8052de6955036f
1,20260810T082114Z_8b745f9a6864_stage08_b01_formal_a1020008,formal,20260810T082114Z,8b745f9a68645ce41c47aa18fcde8b4868ef84eb,true,stage08_b01_general_cosine_scales_v1,98e7d3d2716deaf919d8883f5caa73c3f61a1ce37bffff86a62a6be43aa66f64,operator,general_cosine,NA,NA,general_cosine,general_cosine__general_cosine_fp16_10e2__7d4ddcac9625e11a__periodic,general_cosine_fp16_10e2,10^2,103,window_positions=[100];coefficients=[3],FP16,GPU,not_applicable,compatibility/end-to-end,PASS,OK,20,100,10,0.37401099999999998,true,7d4ddcac9625e11a9859bfa908c12d23067696ff11f438c857cb4e16daf5848f,bc828e68fd748a6b9cd1f568b0366ed898a30c7fd0deb7ae1d8052de6955036f
1,20260810T082114Z_8b745f9a6864_stage08_b01_formal_a1020008,formal,20260810T082114Z,8b745f9a68645ce41c47aa18fcde8b4868ef84eb,true,stage08_b01_general_cosine_scales_v1,98e7d3d2716deaf919d8883f5caa73c3f61a1ce37bffff86a62a6be43aa66f64,operator,general_cosine,NA,NA,general_cosine,general_cosine__general_cosine_fp16_10e2__7d4ddcac9625e11a__periodic,general_cosine_fp16_10e2,10^2,103,window_positions=[100];coefficients=[3],FP16,GPU,not_applicable,compatibility/end-to-end,PASS,OK,20,100,11,0.35022199999999998,true,7d4ddcac9625e11a9859bfa908c12d23067696ff11f438c857cb4e16daf5848f,bc828e68fd748a6b9cd1f568b0366ed898a30c7fd0deb7ae1d8052de6955036f
1,20260810T082114Z_8b745f9a6864_stage08_b01_formal_a1020008,formal,20260810T082114Z,8b745f9a68645ce41c47aa18fcde8b4868ef84eb,true,stage08_b01_general_cosine_scales_v1,98e7d3d2716deaf919d8883f5caa73c3f61a1ce37bffff86a62a6be43aa66f64,operator,general_cosine,NA,NA,general_cosine,general_cosine__general_cosine_fp16_10e2__7d4ddcac9625e11a__periodic,general_cosine_fp16_10e2,10^2,103,window_positions=[100];coefficients=[3],FP16,GPU,not_applicable,compatibility/end-to-end,PASS,OK,20,100,12,0.35053099999999998,true,7d4ddcac9625e11a9859bfa908c12d23067696ff11f438c857cb4e16daf5848f,bc828e68fd748a6b9cd1f568b0366ed898a30c7fd0deb7ae1d8052de6955036f
1,20260810T082114Z_8b745f9a6864_stage08_b01_formal_a1020008,formal,20260810T082114Z,8b745f9a68645ce41c47aa18fcde8b4868ef84eb,true,stage08_b01_general_cosine_scales_v1,98e7d3d2716deaf919d8883f5caa73c3f61a1ce37bffff86a62a6be43aa66f64,operator,general_cosine,NA,NA,general_cosine,general_cosine__general_cosine_fp16_10e2__7d4ddcac9625e11a__periodic,general_cosine_fp16_10e2,10^2,103,window_positions=[100];coefficients=[3],FP16,GPU,not_applicable,compatibility/end-to-end,PASS,OK,20,100,13,0.33766099999999999,true,7d4ddcac9625e11a9859bfa908c12d23067696ff11f438c857cb4e16daf5848f,bc828e68fd748a6b9cd1f568b0366ed898a30c7fd0deb7ae1d8052de6955036f
1,20260810T082114Z_8b745f9a6864_stage08_b01_formal_a1020008,formal,20260810T082114Z,8b745f9a68645ce41c47aa18fcde8b4868ef84eb,true,stage08_b01_general_cosine_scales_v1,98e7d3d2716deaf919d8883f5caa73c3f61a1ce37bffff86a62a6be43aa66f64,operator,general_cosine,NA,NA,general_cosine,general_cosine__general_cosine_fp16_10e2__7d4ddcac9625e11a__periodic,general_cosine_fp16_10e2,10^2,103,window_positions=[100];coefficients=[3],FP16,GPU,not_applicable,compatibility/end-to-end,PASS,OK,20,100,14,0.34709099999999998,true,7d4ddcac9625e11a9859bfa908c12d23067696ff11f438c857cb4e16daf5848f,bc828e68fd748a6b9cd1f568b0366ed898a30c7fd0deb7ae1d8052de6955036f
1,20260810T082114Z_8b745f9a6864_stage08_b01_formal_a1020008,formal,20260810T082114Z,8b745f9a68645ce41c47aa18fcde8b4868ef84eb,true,stage08_b01_general_cosine_scales_v1,98e7d3d2716deaf919d8883f5caa73c3f61a1ce37bffff86a62a6be43aa66f64,operator,general_cosine,NA,NA,general_cosine,general_cosine__general_cosine_fp16_10e2__7d4ddcac9625e11a__periodic,general_cosine_fp16_10e2,10^2,103,window_positions=[100];coefficients=[3],FP16,GPU,not_applicable,compatibility/end-to-end,PASS,OK,20,100,15,0.345941,true,7d4ddcac9625e11a9859bfa908c12d23067696ff11f438c857cb4e16daf5848f,bc828e68fd748a6b9cd1f568b0366ed898a30c7fd0deb7ae1d8052de6955036f
1,20260810T082114Z_8b745f9a6864_stage08_b01_formal_a1020008,formal,20260810T082114Z,8b745f9a68645ce41c47aa18fcde8b4868ef84eb,true,stage08_b01_general_cosine_scales_v1,98e7d3d2716deaf919d8883f5caa73c3f61a1ce37bffff86a62a6be43aa66f64,operator,general_cosine,NA,NA,general_cosine,general_cosine__general_cosine_fp16_10e2__7d4ddcac9625e11a__periodic,general_cosine_fp16_10e2,10^2,103,window_positions=[100];coefficients=[3],FP16,GPU,not_applicable,compatibility/end-to-end,PASS,OK,20,100,16,0.33444099999999999,true,7d4ddcac9625e11a9859bfa908c12d23067696ff11f438c857cb4e16daf5848f,bc828e68fd748a6b9cd1f568b0366ed898a30c7fd0deb7ae1d8052de6955036f
1,20260810T082114Z_8b745f9a6864_stage08_b01_formal_a1020008,formal,20260810T082114Z,8b745f9a68645ce41c47aa18fcde8b4868ef84eb,true,stage08_b01_general_cosine_scales_v1,98e7d3d2716deaf919d8883f5caa73c3f61a1ce37bffff86a62a6be43aa66f64,operator,general_cosine,NA,NA,general_cosine,general_cosine__general_cosine_fp16_10e2__7d4ddcac9625e11a__periodic,general_cosine_fp16_10e2,10^2,103,window_positions=[100];coefficients=[3],FP16,GPU,not_applicable,compatibility/end-to-end,PASS,OK,20,100,17,0.34464099999999998,true,7d4ddcac9625e11a9859bfa908c12d23067696ff11f438c857cb4e16daf5848f,bc828e68fd748a6b9cd1f568b0366ed898a30c7fd0deb7ae1d8052de6955036f
1,20260810T082114Z_8b745f9a6864_stage08_b01_formal_a1020008,formal,20260810T082114Z,8b745f9a68645ce41c47aa18fcde8b4868ef84eb,true,stage08_b01_general_cosine_scales_v1,98e7d3d2716deaf919d8883f5caa73c3f61a1ce37bffff86a62a6be43aa66f64,operator,general_cosine,NA,NA,general_cosine,general_cosine__general_cosine_fp16_10e2__7d4ddcac9625e11a__periodic,general_cosine_fp16_10e2,10^2,103,window_positions=[100];coefficients=[3],FP16,GPU,not_applicable,compatibility/end-to-end,PASS,OK,20,100,18,0.58327099999999998,true,7d4ddcac9625e11a9859bfa908c12d23067696ff11f438c857cb4e16daf5848f,bc828e68fd748a6b9cd1f568b0366ed898a30c7fd0deb7ae1d8052de6955036f
1,20260810T082114Z_8b745f9a6864_stage08_b01_formal_a1020008,formal,20260810T082114Z,8b745f9a68645ce41c47aa18fcde8b4868ef84eb,true,stage08_b01_general_cosine_scales_v1,98e7d3d2716deaf919d8883f5caa73c3f61a1ce37bffff86a62a6be43aa66f64,operator,general_cosine,NA,NA,general_cosine,general_cosine__general_cosine_fp16_10e2__7d4ddcac9625e11a__periodic,general_cosine_fp16_10e2,10^2,103,window_positions=[100];coefficients=[3],FP16,GPU,not_applicable,compatibility/end-to-end,PASS,OK,20,100,19,0.37737100000000001,true,7d4ddcac9625e11a9859bfa908c12d23067696ff11f438c857cb4e16daf5848f,bc828e68fd748a6b9cd1f568b0366ed898a30c7fd0deb7ae1d8052de6955036f
1,20260810T082114Z_8b745f9a6864_stage08_b01_formal_a1020008,formal,20260810T082114Z,8b745f9a68645ce41c47aa18fcde8b4868ef84eb,true,stage08_b01_general_cosine_scales_v1,98e7d3d2716deaf919d8883f5caa73c3f61a1ce37bffff86a62a6be43aa66f64,operator,general_cosine,NA,NA,general_cosine,general_cosine__general_cosine_fp16_10e2__7d4ddcac9625e11a__periodic,general_cosine_fp16_10e2,10^2,103,window_positions=[100];coefficients=[3],FP16,GPU,not_applicable,compatibility/end-to-end,PASS,OK,20,100,20,0.65424199999999999,true,7d4ddcac9625e11a9859bfa908c12d23067696ff11f438c857cb4e16daf5848f,bc828e68fd748a6b9cd1f568b0366ed898a30c7fd0deb7ae1d8052de6955036f
1,20260810T082114Z_8b745f9a6864_stage08_b01_formal_a1020008,formal,20260810T082114Z,8b745f9a68645ce41c47aa18fcde8b4868ef84eb,true,stage08_b01_general_cosine_scales_v1,98e7d3d2716deaf919d8883f5caa73c3f61a1ce37bffff86a62a6be43aa66f64,operator,general_cosine,NA,NA,general_cosine,general_cosine__general_cosine_fp16_10e2__7d4ddcac9625e11a__periodic,general_cosine_fp16_10e2,10^2,103,window_positions=[100];coefficients=[3],FP16,GPU,not_applicable,compatibility/end-to-end,PASS,OK,20,100,21,0.35950100000000001,true,7d4ddcac9625e11a9859bfa908c12d23067696ff11f438c857cb4e16daf5848f,bc828e68fd748a6b9cd1f568b0366ed898a30c7fd0deb7ae1d8052de6955036f
1,20260810T082114Z_8b745f9a6864_stage08_b01_formal_a1020008,formal,20260810T082114Z,8b745f9a68645ce41c47aa18fcde8b4868ef84eb,true,stage08_b01_general_cosine_scales_v1,98e7d3d2716deaf919d8883f5caa73c3f61a1ce37bffff86a62a6be43aa66f64,operator,general_cosine,NA,NA,general_cosine,general_cosine__general_cosine_fp16_10e2__7d4ddcac9625e11a__periodic,general_cosine_fp16_10e2,10^2,103,window_positions=[100];coefficients=[3],FP16,GPU,not_applicable,compatibility/end-to-end,PASS,OK,20,100,22,0.34284100000000001,true,7d4ddcac9625e11a9859bfa908c12d23067696ff11f438c857cb4e16daf5848f,bc828e68fd748a6b9cd1f568b0366ed898a30c7fd0deb7ae1d8052de6955036f
1,20260810T082114Z_8b745f9a6864_stage08_b01_formal_a1020008,formal,20260810T082114Z,8b745f9a68645ce41c47aa18fcde8b4868ef84eb,true,stage08_b01_general_cosine_scales_v1,98e7d3d2716deaf919d8883f5caa73c3f61a1ce37bffff86a62a6be43aa66f64,operator,general_cosine,NA,NA,general_cosine,general_cosine__general_cosine_fp16_10e2__7d4ddcac9625e11a__periodic,general_cosine_fp16_10e2,10^2,103,window_positions=[100];coefficients=[3],FP16,GPU,not_applicable,compatibility/end-to-end,PASS,OK,20,100,23,0.34782099999999999,true,7d4ddcac9625e11a9859bfa908c12d23067696ff11f438c857cb4e16daf5848f,bc828e68fd748a6b9cd1f568b0366ed898a30c7fd0deb7ae1d8052de6955036f
1,20260810T082114Z_8b745f9a6864_stage08_b01_formal_a1020008,formal,20260810T082114Z,8b745f9a68645ce41c47aa18fcde8b4868ef84eb,true,stage08_b01_general_cosine_scales_v1,98e7d3d2716deaf919d8883f5caa73c3f61a1ce37bffff86a62a6be43aa66f64,operator,general_cosine,NA,NA,general_cosine,general_cosine__general_cosine_fp16_10e2__7d4ddcac9625e11a__periodic,general_cosine_fp16_10e2,10^2,103,window_positions=[100];coefficients=[3],FP16,GPU,not_applicable,compatibility/end-to-end,PASS,OK,20,100,24,0.334671,true,7d4ddcac9625e11a9859bfa908c12d23067696ff11f438c857cb4e16daf5848f,bc828e68fd748a6b9cd1f568b0366ed898a30c7fd0deb7ae1d8052de6955036f
1,20260810T082114Z_8b745f9a6864_stage08_b01_formal_a1020008,formal,20260810T082114Z,8b745f9a68645ce41c47aa18fcde8b4868ef84eb,true,stage08_b01_general_cosine_scales_v1,98e7d3d2716deaf919d8883f5caa73c3f61a1ce37bffff86a62a6be43aa66f64,operator,general_cosine,NA,NA,general_cosine,general_cosine__general_cosine_fp16_10e2__7d4ddcac9625e11a__periodic,general_cosine_fp16_10e2,10^2,103,window_positions=[100];coefficients=[3],FP16,GPU,not_applicable,compatibility/end-to-end,PASS,OK,20,100,25,0.33028099999999999,true,7d4ddcac9625e11a9859bfa908c12d23067696ff11f438c857cb4e16daf5848f,bc828e68fd748a6b9cd1f568b0366ed898a30c7fd0deb7ae1d8052de6955036f
1,20260810T082114Z_8b745f9a6864_stage08_b01_formal_a1020008,formal,20260810T082114Z,8b745f9a68645ce41c47aa18fcde8b4868ef84eb,true,stage08_b01_general_cosine_scales_v1,98e7d3d2716deaf919d8883f5caa73c3f61a1ce37bffff86a62a6be43aa66f64,operator,general_cosine,NA,NA,general_cosine,general_cosine__general_cosine_fp16_10e2__7d4ddcac9625e11a__periodic,general_cosine_fp16_10e2,10^2,103,window_positions=[100];coefficients=[3],FP16,GPU,not_applicable,compatibility/end-to-end,PASS,OK,20,100,26,0.347381,true,7d4ddcac9625e11a9859bfa908c12d23067696ff11f438c857cb4e16daf5848f,bc828e68fd748a6b9cd1f568b0366ed898a30c7fd0deb7ae1d8052de6955036f
1,20260810T082114Z_8b745f9a6864_stage08_b01_formal_a1020008,formal,20260810T082114Z,8b745f9a68645ce41c47aa18fcde8b4868ef84eb,true,stage08_b01_general_cosine_scales_v1,98e7d3d2716deaf919d8883f5caa73c3f61a1ce37bffff86a62a6be43aa66f64,operator,general_cosine,NA,NA,general_cosine,general_cosine__general_cosine_fp16_10e2__7d4ddcac9625e11a__periodic,general_cosine_fp16_10e2,10^2,103,window_positions=[100];coefficients=[3],FP16,GPU,not_applicable,compatibility/end-to-end,PASS,OK,20,100,27,0.34431099999999998,true,7d4ddcac9625e11a9859bfa908c12d23067696ff11f438c857cb4e16daf5848f,bc828e68fd748a6b9cd1f568b0366ed898a30c7fd0deb7ae1d8052de6955036f
1,20260810T082114Z_8b745f9a6864_stage08_b01_formal_a1020008,formal,20260810T082114Z,8b745f9a68645ce41c47aa18fcde8b4868ef84eb,true,stage08_b01_general_cosine_scales_v1,98e7d3d2716deaf919d8883f5caa73c3f61a1ce37bffff86a62a6be43aa66f64,operator,general_cosine,NA,NA,general_cosine,general_cosine__general_cosine_fp16_10e2__7d4ddcac9625e11a__periodic,general_cosine_fp16_10e2,10^2,103,window_positions=[100];coefficients=[3],FP16,GPU,not_applicable,compatibility/end-to-end,PASS,OK,20,100,28,0.33737099999999998,true,7d4ddcac9625e11a9859bfa908c12d23067696ff11f438c857cb4e16daf5848f,bc828e68fd748a6b9cd1f568b0366ed898a30c7fd0deb7ae1d8052de6955036f
1,20260810T082114Z_8b745f9a6864_stage08_b01_formal_a1020008,formal,20260810T082114Z,8b745f9a68645ce41c47aa18fcde8b4868ef84eb,true,stage08_b01_general_cosine_scales_v1,98e7d3d2716deaf919d8883f5caa73c3f61a1ce37bffff86a62a6be43aa66f64,operator,general_cosine,NA,NA,general_cosine,general_cosine__general_cosine_fp16_10e2__7d4ddcac9625e11a__periodic,general_cosine_fp16_10e2,10^2,103,window_positions=[100];coefficients=[3],FP16,GPU,not_applicable,compatibility/end-to-end,PASS,OK,20,100,29,0.34337099999999998,true,7d4ddcac9625e11a9859bfa908c12d23067696ff11f438c857cb4e16daf5848f,bc828e68fd748a6b9cd1f568b0366ed898a30c7fd0deb7ae1d8052de6955036f
1,20260810T082114Z_8b745f9a6864_stage08_b01_formal_a1020008,formal,20260810T082114Z,8b745f9a68645ce41c47aa18fcde8b4868ef84eb,true,stage08_b01_general_cosine_scales_v1,98e7d3d2716deaf919d8883f5caa73c3f61a1ce37bffff86a62a6be43aa66f64,operator,general_cosine,NA,NA,general_cosine,general_cosine__general_cosine_fp16_10e2__7d4ddcac9625e11a__periodic,general_cosine_fp16_10e2,10^2,103,window_positions=[100];coefficients=[3],FP16,GPU,not_applicable,compatibility/end-to-end,PASS,OK,20,100,30,0.35391099999999998,true,7d4ddcac9625e11a9859bfa908c12d23067696ff11f438c857cb4e16daf5848f,bc828e68fd748a6b9cd1f568b0366ed898a30c7fd0deb7ae1d8052de6955036f
1,20260810T082114Z_8b745f9a6864_stage08_b01_formal_a1020008,formal,20260810T082114Z,8b745f9a68645ce41c47aa18fcde8b4868ef84eb,true,stage08_b01_general_cosine_scales_v1,98e7d3d2716deaf919d8883f5caa73c3f61a1ce37bffff86a62a6be43aa66f64,operator,general_cosine,NA,NA,general_cosine,general_cosine__general_cosine_fp16_10e2__7d4ddcac9625e11a__periodic,general_cosine_fp16_10e2,10^2,103,window_positions=[100];coefficients=[3],FP16,GPU,not_applicable,compatibility/end-to-end,PASS,OK,20,100,31,0.35112100000000002,true,7d4ddcac9625e11a9859bfa908c12d23067696ff11f438c857cb4e16daf5848f,bc828e68fd748a6b9cd1f568b0366ed898a30c7fd0deb7ae1d8052de6955036f
1,20260810T082114Z_8b745f9a6864_stage08_b01_formal_a1020008,formal,20260810T082114Z,8b745f9a68645ce41c47aa18fcde8b4868ef84eb,true,stage08_b01_general_cosine_scales_v1,98e7d3d2716deaf919d8883f5caa73c3f61a1ce37bffff86a62a6be43aa66f64,operator,general_cosine,NA,NA,general_cosine,general_cosine__general_cosine_fp16_10e2__7d4ddcac9625e11a__periodic,general_cosine_fp16_10e2,10^2,103,window_positions=[100];coefficients=[3],FP16,GPU,not_applicable,compatibility/end-to-end,PASS,OK,20,100,32,0.36138100000000001,true,7d4ddcac9625e11a9859bfa908c12d23067696ff11f438c857cb4e16daf5848f,bc828e68fd748a6b9cd1f568b0366ed898a30c7fd0deb7ae1d8052de6955036f
1,20260810T082114Z_8b745f9a6864_stage08_b01_formal_a1020008,formal,20260810T082114Z,8b745f9a68645ce41c47aa18fcde8b4868ef84eb,true,stage08_b01_general_cosine_scales_v1,98e7d3d2716deaf919d8883f5caa73c3f61a1ce37bffff86a62a6be43aa66f64,operator,general_cosine,NA,NA,general_cosine,general_cosine__general_cosine_fp16_10e2__7d4ddcac9625e11a__periodic,general_cosine_fp16_10e2,10^2,103,window_positions=[100];coefficients=[3],FP16,GPU,not_applicable,compatibility/end-to-end,PASS,OK,20,100,33,0.347381,true,7d4ddcac9625e11a9859bfa908c12d23067696ff11f438c857cb4e16daf5848f,bc828e68fd748a6b9cd1f568b0366ed898a30c7fd0deb7ae1d8052de6955036f
1,20260810T082114Z_8b745f9a6864_stage08_b01_formal_a1020008,formal,20260810T082114Z,8b745f9a68645ce41c47aa18fcde8b4868ef84eb,true,stage08_b01_general_cosine_scales_v1,98e7d3d2716deaf919d8883f5caa73c3f61a1ce37bffff86a62a6be43aa66f64,operator,general_cosine,NA,NA,general_cosine,general_cosine__general_cosine_fp16_10e2__7d4ddcac9625e11a__periodic,general_cosine_fp16_10e2,10^2,103,window_positions=[100];coefficients=[3],FP16,GPU,not_applicable,compatibility/end-to-end,PASS,OK,20,100,34,0.33319100000000001,true,7d4ddcac9625e11a9859bfa908c12d23067696ff11f438c857cb4e16daf5848f,bc828e68fd748a6b9cd1f568b0366ed898a30c7fd0deb7ae1d8052de6955036f
1,20260810T082114Z_8b745f9a6864_stage08_b01_formal_a1020008,formal,20260810T082114Z,8b745f9a68645ce41c47aa18fcde8b4868ef84eb,true,stage08_b01_general_cosine_scales_v1,98e7d3d2716deaf919d8883f5caa73c3f61a1ce37bffff86a62a6be43aa66f64,operator,general_cosine,NA,NA,general_cosine,general_cosine__general_cosine_fp16_10e2__7d4ddcac9625e11a__periodic,general_cosine_fp16_10e2,10^2,103,window_positions=[100];coefficients=[3],FP16,GPU,not_applicable,compatibility/end-to-end,PASS,OK,20,100,35,0.34742099999999998,true,7d4ddcac9625e11a9859bfa908c12d23067696ff11f438c857cb4e16daf5848f,bc828e68fd748a6b9cd1f568b0366ed898a30c7fd0deb7ae1d8052de6955036f
1,20260810T082114Z_8b745f9a6864_stage08_b01_formal_a1020008,formal,20260810T082114Z,8b745f9a68645ce41c47aa18fcde8b4868ef84eb,true,stage08_b01_general_cosine_scales_v1,98e7d3d2716deaf919d8883f5caa73c3f61a1ce37bffff86a62a6be43aa66f64,operator,general_cosine,NA,NA,general_cosine,general_cosine__general_cosine_fp16_10e2__7d4ddcac9625e11a__periodic,general_cosine_fp16_10e2,10^2,103,window_positions=[100];coefficients=[3],FP16,GPU,not_applicable,compatibility/end-to-end,PASS,OK,20,100,36,0.34442099999999998,true,7d4ddcac9625e11a9859bfa908c12d23067696ff11f438c857cb4e16daf5848f,bc828e68fd748a6b9cd1f568b0366ed898a30c7fd0deb7ae1d8052de6955036f
1,20260810T082114Z_8b745f9a6864_stage08_b01_formal_a1020008,formal,20260810T082114Z,8b745f9a68645ce41c47aa18fcde8b4868ef84eb,true,stage08_b01_general_cosine_scales_v1,98e7d3d2716deaf919d8883f5caa73c3f61a1ce37bffff86a62a6be43aa66f64,operator,general_cosine,NA,NA,general_cosine,general_cosine__general_cosine_fp16_10e2__7d4ddcac9625e11a__periodic,general_cosine_fp16_10e2,10^2,103,window_positions=[100];coefficients=[3],FP16,GPU,not_applicable,compatibility/end-to-end,PASS,OK,20,100,37,0.34420099999999998,true,7d4ddcac9625e11a9859bfa908c12d23067696ff11f438c857cb4e16daf5848f,bc828e68fd748a6b9cd1f568b0366ed898a30c7fd0deb7ae1d8052de6955036f
1,20260810T082114Z_8b745f9a6864_stage08_b01_formal_a1020008,formal,20260810T082114Z,8b745f9a68645ce41c47aa18fcde8b4868ef84eb,true,stage08_b01_general_cosine_scales_v1,98e7d3d2716deaf919d8883f5caa73c3f61a1ce37bffff86a62a6be43aa66f64,operator,general_cosine,NA,NA,general_cosine,general_cosine__general_cosine_fp16_10e2__7d4ddcac9625e11a__periodic,general_cosine_fp16_10e2,10^2,103,window_positions=[100];coefficients=[3],FP16,GPU,not_applicable,compatibility/end-to-end,PASS,OK,20,100,38,0.34620099999999998,true,7d4ddcac9625e11a9859bfa908c12d23067696ff11f438c857cb4e16daf5848f,bc828e68fd748a6b9cd1f568b0366ed898a30c7fd0deb7ae1d8052de6955036f
1,20260810T082114Z_8b745f9a6864_stage08_b01_formal_a1020008,formal,20260810T082114Z,8b745f9a68645ce41c47aa18fcde8b4868ef84eb,true,stage08_b01_general_cosine_scales_v1,98e7d3d2716deaf919d8883f5caa73c3f61a1ce37bffff86a62a6be43aa66f64,operator,general_cosine,NA,NA,general_cosine,general_cosine__general_cosine_fp16_10e2__7d4ddcac9625e11a__periodic,general_cosine_fp16_10e2,10^2,103,window_positions=[100];coefficients=[3],FP16,GPU,not_applicable,compatibility/end-to-end,PASS,OK,20,100,39,0.34470099999999998,true,7d4ddcac9625e11a9859bfa908c12d23067696ff11f438c857cb4e16daf5848f,bc828e68fd748a6b9cd1f568b0366ed898a30c7fd0deb7ae1d8052de6955036f
1,20260810T082114Z_8b745f9a6864_stage08_b01_formal_a1020008,formal,20260810T082114Z,8b745f9a68645ce41c47aa18fcde8b4868ef84eb,true,stage08_b01_general_cosine_scales_v1,98e7d3d2716deaf919d8883f5caa73c3f61a1ce37bffff86a62a6be43aa66f64,operator,general_cosine,NA,NA,general_cosine,general_cosine__general_cosine_fp16_10e2__7d4ddcac9625e11a__periodic,general_cosine_fp16_10e2,10^2,103,window_positions=[100];coefficients=[3],FP16,GPU,not_applicable,compatibility/end-to-end,PASS,OK,20,100,40,0.33166099999999998,true,7d4ddcac9625e11a9859bfa908c12d23067696ff11f438c857cb4e16daf5848f,bc828e68fd748a6b9cd1f568b0366ed898a30c7fd0deb7ae1d8052de6955036f
1,20260810T082114Z_8b745f9a6864_stage08_b01_formal_a1020008,formal,20260810T082114Z,8b745f9a68645ce41c47aa18fcde8b4868ef84eb,true,stage08_b01_general_cosine_scales_v1,98e7d3d2716deaf919d8883f5caa73c3f61a1ce37bffff86a62a6be43aa66f64,operator,general_cosine,NA,NA,general_cosine,general_cosine__general_cosine_fp16_10e2__7d4ddcac9625e11a__periodic,general_cosine_fp16_10e2,10^2,103,window_positions=[100];coefficients=[3],FP16,GPU,not_applicable,compatibility/end-to-end,PASS,OK,20,100,41,0.34820099999999998,true,7d4ddcac9625e11a9859bfa908c12d23067696ff11f438c857cb4e16daf5848f,bc828e68fd748a6b9cd1f568b0366ed898a30c7fd0deb7ae1d8052de6955036f
1,20260810T082114Z_8b745f9a6864_stage08_b01_formal_a1020008,formal,20260810T082114Z,8b745f9a68645ce41c47aa18fcde8b4868ef84eb,true,stage08_b01_general_cosine_scales_v1,98e7d3d2716deaf919d8883f5caa73c3f61a1ce37bffff86a62a6be43aa66f64,operator,general_cosine,NA,NA,general_cosine,general_cosine__general_cosine_fp16_10e2__7d4ddcac9625e11a__periodic,general_cosine_fp16_10e2,10^2,103,window_positions=[100];coefficients=[3],FP16,GPU,not_applicable,compatibility/end-to-end,PASS,OK,20,100,42,0.346611,true,7d4ddcac9625e11a9859bfa908c12d23067696ff11f438c857cb4e16daf5848f,bc828e68fd748a6b9cd1f568b0366ed898a30c7fd0deb7ae1d8052de6955036f
1,20260810T082114Z_8b745f9a6864_stage08_b01_formal_a1020008,formal,20260810T082114Z,8b745f9a68645ce41c47aa18fcde8b4868ef84eb,true,stage08_b01_general_cosine_scales_v1,98e7d3d2716deaf919d8883f5caa73c3f61a1ce37bffff86a62a6be43aa66f64,operator,general_cosine,NA,NA,general_cosine,general_cosine__general_cosine_fp16_10e2__7d4ddcac9625e11a__periodic,general_cosine_fp16_10e2,10^2,103,window_positions=[100];coefficients=[3],FP16,GPU,not_applicable,compatibility/end-to-end,PASS,OK,20,100,43,0.33499099999999998,true,7d4ddcac9625e11a9859bfa908c12d23067696ff11f438c857cb4e16daf5848f,bc828e68fd748a6b9cd1f568b0366ed898a30c7fd0deb7ae1d8052de6955036f
1,20260810T082114Z_8b745f9a6864_stage08_b01_formal_a1020008,formal,20260810T082114Z,8b745f9a68645ce41c47aa18fcde8b4868ef84eb,true,stage08_b01_general_cosine_scales_v1,98e7d3d2716deaf919d8883f5caa73c3f61a1ce37bffff86a62a6be43aa66f64,operator,general_cosine,NA,NA,general_cosine,general_cosine__general_cosine_fp16_10e2__7d4ddcac9625e11a__periodic,general_cosine_fp16_10e2,10^2,103,window_positions=[100];coefficients=[3],FP16,GPU,not_applicable,compatibility/end-to-end,PASS,OK,20,100,44,0.345051,true,7d4ddcac9625e11a9859bfa908c12d23067696ff11f438c857cb4e16daf5848f,bc828e68fd748a6b9cd1f568b0366ed898a30c7fd0deb7ae1d8052de6955036f
1,20260810T082114Z_8b745f9a6864_stage08_b01_formal_a1020008,formal,20260810T082114Z,8b745f9a68645ce41c47aa18fcde8b4868ef84eb,true,stage08_b01_general_cosine_scales_v1,98e7d3d2716deaf919d8883f5caa73c3f61a1ce37bffff86a62a6be43aa66f64,operator,general_cosine,NA,NA,general_cosine,general_cosine__general_cosine_fp16_10e2__7d4ddcac9625e11a__periodic,general_cosine_fp16_10e2,10^2,103,window_positions=[100];coefficients=[3],FP16,GPU,not_applicable,compatibility/end-to-end,PASS,OK,20,100,45,0.34654099999999999,true,7d4ddcac9625e11a9859bfa908c12d23067696ff11f438c857cb4e16daf5848f,bc828e68fd748a6b9cd1f568b0366ed898a30c7fd0deb7ae1d8052de6955036f
1,20260810T082114Z_8b745f9a6864_stage08_b01_formal_a1020008,formal,20260810T082114Z,8b745f9a68645ce41c47aa18fcde8b4868ef84eb,true,stage08_b01_general_cosine_scales_v1,98e7d3d2716deaf919d8883f5caa73c3f61a1ce37bffff86a62a6be43aa66f64,operator,general_cosine,NA,NA,general_cosine,general_cosine__general_cosine_fp16_10e2__7d4ddcac9625e11a__periodic,general_cosine_fp16_10e2,10^2,103,window_positions=[100];coefficients=[3],FP16,GPU,not_applicable,compatibility/end-to-end,PASS,OK,20,100,46,0.33380100000000001,true,7d4ddcac9625e11a9859bfa908c12d23067696ff11f438c857cb4e16daf5848f,bc828e68fd748a6b9cd1f568b0366ed898a30c7fd0deb7ae1d8052de6955036f
1,20260810T082114Z_8b745f9a6864_stage08_b01_formal_a1020008,formal,20260810T082114Z,8b745f9a68645ce41c47aa18fcde8b4868ef84eb,true,stage08_b01_general_cosine_scales_v1,98e7d3d2716deaf919d8883f5caa73c3f61a1ce37bffff86a62a6be43aa66f64,operator,general_cosine,NA,NA,general_cosine,general_cosine__general_cosine_fp16_10e2__7d4ddcac9625e11a__periodic,general_cosine_fp16_10e2,10^2,103,window_positions=[100];coefficients=[3],FP16,GPU,not_applicable,compatibility/end-to-end,PASS,OK,20,100,47,0.35395100000000002,true,7d4ddcac9625e11a9859bfa908c12d23067696ff11f438c857cb4e16daf5848f,bc828e68fd748a6b9cd1f568b0366ed898a30c7fd0deb7ae1d8052de6955036f
1,20260810T082114Z_8b745f9a6864_stage08_b01_formal_a1020008,formal,20260810T082114Z,8b745f9a68645ce41c47aa18fcde8b4868ef84eb,true,stage08_b01_general_cosine_scales_v1,98e7d3d2716deaf919d8883f5caa73c3f61a1ce37bffff86a62a6be43aa66f64,operator,general_cosine,NA,NA,general_cosine,general_cosine__general_cosine_fp16_10e2__7d4ddcac9625e11a__periodic,general_cosine_fp16_10e2,10^2,103,window_positions=[100];coefficients=[3],FP16,GPU,not_applicable,compatibility/end-to-end,PASS,OK,20,100,48,0.34325099999999997,true,7d4ddcac9625e11a9859bfa908c12d23067696ff11f438c857cb4e16daf5848f,bc828e68fd748a6b9cd1f568b0366ed898a30c7fd0deb7ae1d8052de6955036f
1,20260810T082114Z_8b745f9a6864_stage08_b01_formal_a1020008,formal,20260810T082114Z,8b745f9a68645ce41c47aa18fcde8b4868ef84eb,true,stage08_b01_general_cosine_scales_v1,98e7d3d2716deaf919d8883f5caa73c3f61a1ce37bffff86a62a6be43aa66f64,operator,general_cosine,NA,NA,general_cosine,general_cosine__general_cosine_fp16_10e2__7d4ddcac9625e11a__periodic,general_cosine_fp16_10e2,10^2,103,window_positions=[100];coefficients=[3],FP16,GPU,not_applicable,compatibility/end-to-end,PASS,OK,20,100,49,0.35514099999999998,true,7d4ddcac9625e11a9859bfa908c12d23067696ff11f438c857cb4e16daf5848f,bc828e68fd748a6b9cd1f568b0366ed898a30c7fd0deb7ae1d8052de6955036f
1,20260810T082114Z_8b745f9a6864_stage08_b01_formal_a1020008,formal,20260810T082114Z,8b745f9a68645ce41c47aa18fcde8b4868ef84eb,true,stage08_b01_general_cosine_scales_v1,98e7d3d2716deaf919d8883f5caa73c3f61a1ce37bffff86a62a6be43aa66f64,operator,general_cosine,NA,NA,general_cosine,general_cosine__general_cosine_fp16_10e2__7d4ddcac9625e11a__periodic,general_cosine_fp16_10e2,10^2,103,window_positions=[100];coefficients=[3],FP16,GPU,not_applicable,compatibility/end-to-end,PASS,OK,20,100,50,0.37585099999999999,true,7d4ddcac9625e11a9859bfa908c12d23067696ff11f438c857cb4e16daf5848f,bc828e68fd748a6b9cd1f568b0366ed898a30c7fd0deb7ae1d8052de6955036f
1,20260810T082114Z_8b745f9a6864_stage08_b01_formal_a1020008,formal,20260810T082114Z,8b745f9a68645ce41c47aa18fcde8b4868ef84eb,true,stage08_b01_general_cosine_scales_v1,98e7d3d2716deaf919d8883f5caa73c3f61a1ce37bffff86a62a6be43aa66f64,operator,general_cosine,NA,NA,general_cosine,general_cosine__general_cosine_fp16_10e2__7d4ddcac9625e11a__periodic,general_cosine_fp16_10e2,10^2,103,window_positions=[100];coefficients=[3],FP16,GPU,not_applicable,compatibility/end-to-end,PASS,OK,20,100,51,0.383411,true,7d4ddcac9625e11a9859bfa908c12d23067696ff11f438c857cb4e16daf5848f,bc828e68fd748a6b9cd1f568b0366ed898a30c7fd0deb7ae1d8052de6955036f
1,20260810T082114Z_8b745f9a6864_stage08_b01_formal_a1020008,formal,20260810T082114Z,8b745f9a68645ce41c47aa18fcde8b4868ef84eb,true,stage08_b01_general_cosine_scales_v1,98e7d3d2716deaf919d8883f5caa73c3f61a1ce37bffff86a62a6be43aa66f64,operator,general_cosine,NA,NA,general_cosine,general_cosine__general_cosine_fp16_10e2__7d4ddcac9625e11a__periodic,general_cosine_fp16_10e2,10^2,103,window_positions=[100];coefficients=[3],FP16,GPU,not_applicable,compatibility/end-to-end,PASS,OK,20,100,52,0.33616099999999999,true,7d4ddcac9625e11a9859bfa908c12d23067696ff11f438c857cb4e16daf5848f,bc828e68fd748a6b9cd1f568b0366ed898a30c7fd0deb7ae1d8052de6955036f
1,20260810T082114Z_8b745f9a6864_stage08_b01_formal_a1020008,formal,20260810T082114Z,8b745f9a68645ce41c47aa18fcde8b4868ef84eb,true,stage08_b01_general_cosine_scales_v1,98e7d3d2716deaf919d8883f5caa73c3f61a1ce37bffff86a62a6be43aa66f64,operator,general_cosine,NA,NA,general_cosine,general_cosine__general_cosine_fp16_10e2__7d4ddcac9625e11a__periodic,general_cosine_fp16_10e2,10^2,103,window_positions=[100];coefficients=[3],FP16,GPU,not_applicable,compatibility/end-to-end,PASS,OK,20,100,53,0.34443099999999999,true,7d4ddcac9625e11a9859bfa908c12d23067696ff11f438c857cb4e16daf5848f,bc828e68fd748a6b9cd1f568b0366ed898a30c7fd0deb7ae1d8052de6955036f
1,20260810T082114Z_8b745f9a6864_stage08_b01_formal_a1020008,formal,20260810T082114Z,8b745f9a68645ce41c47aa18fcde8b4868ef84eb,true,stage08_b01_general_cosine_scales_v1,98e7d3d2716deaf919d8883f5caa73c3f61a1ce37bffff86a62a6be43aa66f64,operator,general_cosine,NA,NA,general_cosine,general_cosine__general_cosine_fp16_10e2__7d4ddcac9625e11a__periodic,general_cosine_fp16_10e2,10^2,103,window_positions=[100];coefficients=[3],FP16,GPU,not_applicable,compatibility/end-to-end,PASS,OK,20,100,54,0.350941,true,7d4ddcac9625e11a9859bfa908c12d23067696ff11f438c857cb4e16daf5848f,bc828e68fd748a6b9cd1f568b0366ed898a30c7fd0deb7ae1d8052de6955036f
1,20260810T082114Z_8b745f9a6864_stage08_b01_formal_a1020008,formal,20260810T082114Z,8b745f9a68645ce41c47aa18fcde8b4868ef84eb,true,stage08_b01_general_cosine_scales_v1,98e7d3d2716deaf919d8883f5caa73c3f61a1ce37bffff86a62a6be43aa66f64,operator,general_cosine,NA,NA,general_cosine,general_cosine__general_cosine_fp16_10e2__7d4ddcac9625e11a__periodic,general_cosine_fp16_10e2,10^2,103,window_positions=[100];coefficients=[3],FP16,GPU,not_applicable,compatibility/end-to-end,PASS,OK,20,100,55,0.351601,true,7d4ddcac9625e11a9859bfa908c12d23067696ff11f438c857cb4e16daf5848f,bc828e68fd748a6b9cd1f568b0366ed898a30c7fd0deb7ae1d8052de6955036f
1,20260810T082114Z_8b745f9a6864_stage08_b01_formal_a1020008,formal,20260810T082114Z,8b745f9a68645ce41c47aa18fcde8b4868ef84eb,true,stage08_b01_general_cosine_scales_v1,98e7d3d2716deaf919d8883f5caa73c3f61a1ce37bffff86a62a6be43aa66f64,operator,general_cosine,NA,NA,general_cosine,general_cosine__general_cosine_fp16_10e2__7d4ddcac9625e11a__periodic,general_cosine_fp16_10e2,10^2,103,window_positions=[100];coefficients=[3],FP16,GPU,not_applicable,compatibility/end-to-end,PASS,OK,20,100,56,0.34360099999999999,true,7d4ddcac9625e11a9859bfa908c12d23067696ff11f438c857cb4e16daf5848f,bc828e68fd748a6b9cd1f568b0366ed898a30c7fd0deb7ae1d8052de6955036f
1,20260810T082114Z_8b745f9a6864_stage08_b01_formal_a1020008,formal,20260810T082114Z,8b745f9a68645ce41c47aa18fcde8b4868ef84eb,true,stage08_b01_general_cosine_scales_v1,98e7d3d2716deaf919d8883f5caa73c3f61a1ce37bffff86a62a6be43aa66f64,operator,general_cosine,NA,NA,general_cosine,general_cosine__general_cosine_fp16_10e2__7d4ddcac9625e11a__periodic,general_cosine_fp16_10e2,10^2,103,window_positions=[100];coefficients=[3],FP16,GPU,not_applicable,compatibility/end-to-end,PASS,OK,20,100,57,0.32806099999999999,true,7d4ddcac9625e11a9859bfa908c12d23067696ff11f438c857cb4e16daf5848f,bc828e68fd748a6b9cd1f568b0366ed898a30c7fd0deb7ae1d8052de6955036f
1,20260810T082114Z_8b745f9a6864_stage08_b01_formal_a1020008,formal,20260810T082114Z,8b745f9a68645ce41c47aa18fcde8b4868ef84eb,true,stage08_b01_general_cosine_scales_v1,98e7d3d2716deaf919d8883f5caa73c3f61a1ce37bffff86a62a6be43aa66f64,operator,general_cosine,NA,NA,general_cosine,general_cosine__general_cosine_fp16_10e2__7d4ddcac9625e11a__periodic,general_cosine_fp16_10e2,10^2,103,window_positions=[100];coefficients=[3],FP16,GPU,not_applicable,compatibility/end-to-end,PASS,OK,20,100,58,0.32528099999999999,true,7d4ddcac9625e11a9859bfa908c12d23067696ff11f438c857cb4e16daf5848f,bc828e68fd748a6b9cd1f568b0366ed898a30c7fd0deb7ae1d8052de6955036f
1,20260810T082114Z_8b745f9a6864_stage08_b01_formal_a1020008,formal,20260810T082114Z,8b745f9a68645ce41c47aa18fcde8b4868ef84eb,true,stage08_b01_general_cosine_scales_v1,98e7d3d2716deaf919d8883f5caa73c3f61a1ce37bffff86a62a6be43aa66f64,operator,general_cosine,NA,NA,general_cosine,general_cosine__general_cosine_fp16_10e2__7d4ddcac9625e11a__periodic,general_cosine_fp16_10e2,10^2,103,window_positions=[100];coefficients=[3],FP16,GPU,not_applicable,compatibility/end-to-end,PASS,OK,20,100,59,0.33419100000000002,true,7d4ddcac9625e11a9859bfa908c12d23067696ff11f438c857cb4e16daf5848f,bc828e68fd748a6b9cd1f568b0366ed898a30c7fd0deb7ae1d8052de6955036f
1,20260810T082114Z_8b745f9a6864_stage08_b01_formal_a1020008,formal,20260810T082114Z,8b745f9a68645ce41c47aa18fcde8b4868ef84eb,true,stage08_b01_general_cosine_scales_v1,98e7d3d2716deaf919d8883f5caa73c3f61a1ce37bffff86a62a6be43aa66f64,operator,general_cosine,NA,NA,general_cosine,general_cosine__general_cosine_fp16_10e2__7d4ddcac9625e11a__periodic,general_cosine_fp16_10e2,10^2,103,window_positions=[100];coefficients=[3],FP16,GPU,not_applicable,compatibility/end-to-end,PASS,OK,20,100,60,0.32647100000000001,true,7d4ddcac9625e11a9859bfa908c12d23067696ff11f438c857cb4e16daf5848f,bc828e68fd748a6b9cd1f568b0366ed898a30c7fd0deb7ae1d8052de6955036f
1,20260810T082114Z_8b745f9a6864_stage08_b01_formal_a1020008,formal,20260810T082114Z,8b745f9a68645ce41c47aa18fcde8b4868ef84eb,true,stage08_b01_general_cosine_scales_v1,98e7d3d2716deaf919d8883f5caa73c3f61a1ce37bffff86a62a6be43aa66f64,operator,general_cosine,NA,NA,general_cosine,general_cosine__general_cosine_fp16_10e2__7d4ddcac9625e11a__periodic,general_cosine_fp16_10e2,10^2,103,window_positions=[100];coefficients=[3],FP16,GPU,not_applicable,compatibility/end-to-end,PASS,OK,20,100,61,0.31821100000000002,true,7d4ddcac9625e11a9859bfa908c12d23067696ff11f438c857cb4e16daf5848f,bc828e68fd748a6b9cd1f568b0366ed898a30c7fd0deb7ae1d8052de6955036f
1,20260810T082114Z_8b745f9a6864_stage08_b01_formal_a1020008,formal,20260810T082114Z,8b745f9a68645ce41c47aa18fcde8b4868ef84eb,true,stage08_b01_general_cosine_scales_v1,98e7d3d2716deaf919d8883f5caa73c3f61a1ce37bffff86a62a6be43aa66f64,operator,general_cosine,NA,NA,general_cosine,general_cosine__general_cosine_fp16_10e2__7d4ddcac9625e11a__periodic,general_cosine_fp16_10e2,10^2,103,window_positions=[100];coefficients=[3],FP16,GPU,not_applicable,compatibility/end-to-end,PASS,OK,20,100,62,0.31976100000000002,true,7d4ddcac9625e11a9859bfa908c12d23067696ff11f438c857cb4e16daf5848f,bc828e68fd748a6b9cd1f568b0366ed898a30c7fd0deb7ae1d8052de6955036f
1,20260810T082114Z_8b745f9a6864_stage08_b01_formal_a1020008,formal,20260810T082114Z,8b745f9a68645ce41c47aa18fcde8b4868ef84eb,true,stage08_b01_general_cosine_scales_v1,98e7d3d2716deaf919d8883f5caa73c3f61a1ce37bffff86a62a6be43aa66f64,operator,general_cosine,NA,NA,general_cosine,general_cosine__general_cosine_fp16_10e2__7d4ddcac9625e11a__periodic,general_cosine_fp16_10e2,10^2,103,window_positions=[100];coefficients=[3],FP16,GPU,not_applicable,compatibility/end-to-end,PASS,OK,20,100,63,0.326461,true,7d4ddcac9625e11a9859bfa908c12d23067696ff11f438c857cb4e16daf5848f,bc828e68fd748a6b9cd1f568b0366ed898a30c7fd0deb7ae1d8052de6955036f
1,20260810T082114Z_8b745f9a6864_stage08_b01_formal_a1020008,formal,20260810T082114Z,8b745f9a68645ce41c47aa18fcde8b4868ef84eb,true,stage08_b01_general_cosine_scales_v1,98e7d3d2716deaf919d8883f5caa73c3f61a1ce37bffff86a62a6be43aa66f64,operator,general_cosine,NA,NA,general_cosine,general_cosine__general_cosine_fp16_10e2__7d4ddcac9625e11a__periodic,general_cosine_fp16_10e2,10^2,103,window_positions=[100];coefficients=[3],FP16,GPU,not_applicable,compatibility/end-to-end,PASS,OK,20,100,64,0.31494100000000003,true,7d4ddcac9625e11a9859bfa908c12d23067696ff11f438c857cb4e16daf5848f,bc828e68fd748a6b9cd1f568b0366ed898a30c7fd0deb7ae1d8052de6955036f
1,20260810T082114Z_8b745f9a6864_stage08_b01_formal_a1020008,formal,20260810T082114Z,8b745f9a68645ce41c47aa18fcde8b4868ef84eb,true,stage08_b01_general_cosine_scales_v1,98e7d3d2716deaf919d8883f5caa73c3f61a1ce37bffff86a62a6be43aa66f64,operator,general_cosine,NA,NA,general_cosine,general_cosine__general_cosine_fp16_10e2__7d4ddcac9625e11a__periodic,general_cosine_fp16_10e2,10^2,103,window_positions=[100];coefficients=[3],FP16,GPU,not_applicable,compatibility/end-to-end,PASS,OK,20,100,65,0.33245999999999998,true,7d4ddcac9625e11a9859bfa908c12d23067696ff11f438c857cb4e16daf5848f,bc828e68fd748a6b9cd1f568b0366ed898a30c7fd0deb7ae1d8052de6955036f
1,20260810T082114Z_8b745f9a6864_stage08_b01_formal_a1020008,formal,20260810T082114Z,8b745f9a68645ce41c47aa18fcde8b4868ef84eb,true,stage08_b01_general_cosine_scales_v1,98e7d3d2716deaf919d8883f5caa73c3f61a1ce37bffff86a62a6be43aa66f64,operator,general_cosine,NA,NA,general_cosine,general_cosine__general_cosine_fp16_10e2__7d4ddcac9625e11a__periodic,general_cosine_fp16_10e2,10^2,103,window_positions=[100];coefficients=[3],FP16,GPU,not_applicable,compatibility/end-to-end,PASS,OK,20,100,66,0.34225100000000003,true,7d4ddcac9625e11a9859bfa908c12d23067696ff11f438c857cb4e16daf5848f,bc828e68fd748a6b9cd1f568b0366ed898a30c7fd0deb7ae1d8052de6955036f
1,20260810T082114Z_8b745f9a6864_stage08_b01_formal_a1020008,formal,20260810T082114Z,8b745f9a68645ce41c47aa18fcde8b4868ef84eb,true,stage08_b01_general_cosine_scales_v1,98e7d3d2716deaf919d8883f5caa73c3f61a1ce37bffff86a62a6be43aa66f64,operator,general_cosine,NA,NA,general_cosine,general_cosine__general_cosine_fp16_10e2__7d4ddcac9625e11a__periodic,general_cosine_fp16_10e2,10^2,103,window_positions=[100];coefficients=[3],FP16,GPU,not_applicable,compatibility/end-to-end,PASS,OK,20,100,67,0.329071,true,7d4ddcac9625e11a9859bfa908c12d23067696ff11f438c857cb4e16daf5848f,bc828e68fd748a6b9cd1f568b0366ed898a30c7fd0deb7ae1d8052de6955036f
1,20260810T082114Z_8b745f9a6864_stage08_b01_formal_a1020008,formal,20260810T082114Z,8b745f9a68645ce41c47aa18fcde8b4868ef84eb,true,stage08_b01_general_cosine_scales_v1,98e7d3d2716deaf919d8883f5caa73c3f61a1ce37bffff86a62a6be43aa66f64,operator,general_cosine,NA,NA,general_cosine,general_cosine__general_cosine_fp16_10e2__7d4ddcac9625e11a__periodic,general_cosine_fp16_10e2,10^2,103,window_positions=[100];coefficients=[3],FP16,GPU,not_applicable,compatibility/end-to-end,PASS,OK,20,100,68,0.31772099999999998,true,7d4ddcac9625e11a9859bfa908c12d23067696ff11f438c857cb4e16daf5848f,bc828e68fd748a6b9cd1f568b0366ed898a30c7fd0deb7ae1d8052de6955036f
1,20260810T082114Z_8b745f9a6864_stage08_b01_formal_a1020008,formal,20260810T082114Z,8b745f9a68645ce41c47aa18fcde8b4868ef84eb,true,stage08_b01_general_cosine_scales_v1,98e7d3d2716deaf919d8883f5caa73c3f61a1ce37bffff86a62a6be43aa66f64,operator,general_cosine,NA,NA,general_cosine,general_cosine__general_cosine_fp16_10e2__7d4ddcac9625e11a__periodic,general_cosine_fp16_10e2,10^2,103,window_positions=[100];coefficients=[3],FP16,GPU,not_applicable,compatibility/end-to-end,PASS,OK,20,100,69,0.32630100000000001,true,7d4ddcac9625e11a9859bfa908c12d23067696ff11f438c857cb4e16daf5848f,bc828e68fd748a6b9cd1f568b0366ed898a30c7fd0deb7ae1d8052de6955036f
1,20260810T082114Z_8b745f9a6864_stage08_b01_formal_a1020008,formal,20260810T082114Z,8b745f9a68645ce41c47aa18fcde8b4868ef84eb,true,stage08_b01_general_cosine_scales_v1,98e7d3d2716deaf919d8883f5caa73c3f61a1ce37bffff86a62a6be43aa66f64,operator,general_cosine,NA,NA,general_cosine,general_cosine__general_cosine_fp16_10e2__7d4ddcac9625e11a__periodic,general_cosine_fp16_10e2,10^2,103,window_positions=[100];coefficients=[3],FP16,GPU,not_applicable,compatibility/end-to-end,PASS,OK,20,100,70,0.312301,true,7d4ddcac9625e11a9859bfa908c12d23067696ff11f438c857cb4e16daf5848f,bc828e68fd748a6b9cd1f568b0366ed898a30c7fd0deb7ae1d8052de6955036f
1,20260810T082114Z_8b745f9a6864_stage08_b01_formal_a1020008,formal,20260810T082114Z,8b745f9a68645ce41c47aa18fcde8b4868ef84eb,true,stage08_b01_general_cosine_scales_v1,98e7d3d2716deaf919d8883f5caa73c3f61a1ce37bffff86a62a6be43aa66f64,operator,general_cosine,NA,NA,general_cosine,general_cosine__general_cosine_fp16_10e2__7d4ddcac9625e11a__periodic,general_cosine_fp16_10e2,10^2,103,window_positions=[100];coefficients=[3],FP16,GPU,not_applicable,compatibility/end-to-end,PASS,OK,20,100,71,0.32602100000000001,true,7d4ddcac9625e11a9859bfa908c12d23067696ff11f438c857cb4e16daf5848f,bc828e68fd748a6b9cd1f568b0366ed898a30c7fd0deb7ae1d8052de6955036f
1,20260810T082114Z_8b745f9a6864_stage08_b01_formal_a1020008,formal,20260810T082114Z,8b745f9a68645ce41c47aa18fcde8b4868ef84eb,true,stage08_b01_general_cosine_scales_v1,98e7d3d2716deaf919d8883f5caa73c3f61a1ce37bffff86a62a6be43aa66f64,operator,general_cosine,NA,NA,general_cosine,general_cosine__general_cosine_fp16_10e2__7d4ddcac9625e11a__periodic,general_cosine_fp16_10e2,10^2,103,window_positions=[100];coefficients=[3],FP16,GPU,not_applicable,compatibility/end-to-end,PASS,OK,20,100,72,0.32355099999999998,true,7d4ddcac9625e11a9859bfa908c12d23067696ff11f438c857cb4e16daf5848f,bc828e68fd748a6b9cd1f568b0366ed898a30c7fd0deb7ae1d8052de6955036f
1,20260810T082114Z_8b745f9a6864_stage08_b01_formal_a1020008,formal,20260810T082114Z,8b745f9a68645ce41c47aa18fcde8b4868ef84eb,true,stage08_b01_general_cosine_scales_v1,98e7d3d2716deaf919d8883f5caa73c3f61a1ce37bffff86a62a6be43aa66f64,operator,general_cosine,NA,NA,general_cosine,general_cosine__general_cosine_fp16_10e2__7d4ddcac9625e11a__periodic,general_cosine_fp16_10e2,10^2,103,window_positions=[100];coefficients=[3],FP16,GPU,not_applicable,compatibility/end-to-end,PASS,OK,20,100,73,0.328071,true,7d4ddcac9625e11a9859bfa908c12d23067696ff11f438c857cb4e16daf5848f,bc828e68fd748a6b9cd1f568b0366ed898a30c7fd0deb7ae1d8052de6955036f
1,20260810T082114Z_8b745f9a6864_stage08_b01_formal_a1020008,formal,20260810T082114Z,8b745f9a68645ce41c47aa18fcde8b4868ef84eb,true,stage08_b01_general_cosine_scales_v1,98e7d3d2716deaf919d8883f5caa73c3f61a1ce37bffff86a62a6be43aa66f64,operator,general_cosine,NA,NA,general_cosine,general_cosine__general_cosine_fp16_10e2__7d4ddcac9625e11a__periodic,general_cosine_fp16_10e2,10^2,103,window_positions=[100];coefficients=[3],FP16,GPU,not_applicable,compatibility/end-to-end,PASS,OK,20,100,74,0.32569100000000001,true,7d4ddcac9625e11a9859bfa908c12d23067696ff11f438c857cb4e16daf5848f,bc828e68fd748a6b9cd1f568b0366ed898a30c7fd0deb7ae1d8052de6955036f
1,20260810T082114Z_8b745f9a6864_stage08_b01_formal_a1020008,formal,20260810T082114Z,8b745f9a68645ce41c47aa18fcde8b4868ef84eb,true,stage08_b01_general_cosine_scales_v1,98e7d3d2716deaf919d8883f5caa73c3f61a1ce37bffff86a62a6be43aa66f64,operator,general_cosine,NA,NA,general_cosine,general_cosine__general_cosine_fp16_10e2__7d4ddcac9625e11a__periodic,general_cosine_fp16_10e2,10^2,103,window_positions=[100];coefficients=[3],FP16,GPU,not_applicable,compatibility/end-to-end,PASS,OK,20,100,75,0.32537100000000002,true,7d4ddcac9625e11a9859bfa908c12d23067696ff11f438c857cb4e16daf5848f,bc828e68fd748a6b9cd1f568b0366ed898a30c7fd0deb7ae1d8052de6955036f
1,20260810T082114Z_8b745f9a6864_stage08_b01_formal_a1020008,formal,20260810T082114Z,8b745f9a68645ce41c47aa18fcde8b4868ef84eb,true,stage08_b01_general_cosine_scales_v1,98e7d3d2716deaf919d8883f5caa73c3f61a1ce37bffff86a62a6be43aa66f64,operator,general_cosine,NA,NA,general_cosine,general_cosine__general_cosine_fp16_10e2__7d4ddcac9625e11a__periodic,general_cosine_fp16_10e2,10^2,103,window_positions=[100];coefficients=[3],FP16,GPU,not_applicable,compatibility/end-to-end,PASS,OK,20,100,76,0.31689000000000001,true,7d4ddcac9625e11a9859bfa908c12d23067696ff11f438c857cb4e16daf5848f,bc828e68fd748a6b9cd1f568b0366ed898a30c7fd0deb7ae1d8052de6955036f
1,20260810T082114Z_8b745f9a6864_stage08_b01_formal_a1020008,formal,20260810T082114Z,8b745f9a68645ce41c47aa18fcde8b4868ef84eb,true,stage08_b01_general_cosine_scales_v1,98e7d3d2716deaf919d8883f5caa73c3f61a1ce37bffff86a62a6be43aa66f64,operator,general_cosine,NA,NA,general_cosine,general_cosine__general_cosine_fp16_10e2__7d4ddcac9625e11a__periodic,general_cosine_fp16_10e2,10^2,103,window_positions=[100];coefficients=[3],FP16,GPU,not_applicable,compatibility/end-to-end,PASS,OK,20,100,77,0.329571,true,7d4ddcac9625e11a9859bfa908c12d23067696ff11f438c857cb4e16daf5848f,bc828e68fd748a6b9cd1f568b0366ed898a30c7fd0deb7ae1d8052de6955036f
1,20260810T082114Z_8b745f9a6864_stage08_b01_formal_a1020008,formal,20260810T082114Z,8b745f9a68645ce41c47aa18fcde8b4868ef84eb,true,stage08_b01_general_cosine_scales_v1,98e7d3d2716deaf919d8883f5caa73c3f61a1ce37bffff86a62a6be43aa66f64,operator,general_cosine,NA,NA,general_cosine,general_cosine__general_cosine_fp16_10e2__7d4ddcac9625e11a__periodic,general_cosine_fp16_10e2,10^2,103,window_positions=[100];coefficients=[3],FP16,GPU,not_applicable,compatibility/end-to-end,PASS,OK,20,100,78,0.32453100000000001,true,7d4ddcac9625e11a9859bfa908c12d23067696ff11f438c857cb4e16daf5848f,bc828e68fd748a6b9cd1f568b0366ed898a30c7fd0deb7ae1d8052de6955036f
1,20260810T082114Z_8b745f9a6864_stage08_b01_formal_a1020008,formal,20260810T082114Z,8b745f9a68645ce41c47aa18fcde8b4868ef84eb,true,stage08_b01_general_cosine_scales_v1,98e7d3d2716deaf919d8883f5caa73c3f61a1ce37bffff86a62a6be43aa66f64,operator,general_cosine,NA,NA,general_cosine,general_cosine__general_cosine_fp16_10e2__7d4ddcac9625e11a__periodic,general_cosine_fp16_10e2,10^2,103,window_positions=[100];coefficients=[3],FP16,GPU,not_applicable,compatibility/end-to-end,PASS,OK,20,100,79,0.34799099999999999,true,7d4ddcac9625e11a9859bfa908c12d23067696ff11f438c857cb4e16daf5848f,bc828e68fd748a6b9cd1f568b0366ed898a30c7fd0deb7ae1d8052de6955036f
1,20260810T082114Z_8b745f9a6864_stage08_b01_formal_a1020008,formal,20260810T082114Z,8b745f9a68645ce41c47aa18fcde8b4868ef84eb,true,stage08_b01_general_cosine_scales_v1,98e7d3d2716deaf919d8883f5caa73c3f61a1ce37bffff86a62a6be43aa66f64,operator,general_cosine,NA,NA,general_cosine,general_cosine__general_cosine_fp16_10e2__7d4ddcac9625e11a__periodic,general_cosine_fp16_10e2,10^2,103,window_positions=[100];coefficients=[3],FP16,GPU,not_applicable,compatibility/end-to-end,PASS,OK,20,100,80,0.33006099999999999,true,7d4ddcac9625e11a9859bfa908c12d23067696ff11f438c857cb4e16daf5848f,bc828e68fd748a6b9cd1f568b0366ed898a30c7fd0deb7ae1d8052de6955036f
1,20260810T082114Z_8b745f9a6864_stage08_b01_formal_a1020008,formal,20260810T082114Z,8b745f9a68645ce41c47aa18fcde8b4868ef84eb,true,stage08_b01_general_cosine_scales_v1,98e7d3d2716deaf919d8883f5caa73c3f61a1ce37bffff86a62a6be43aa66f64,operator,general_cosine,NA,NA,general_cosine,general_cosine__general_cosine_fp16_10e2__7d4ddcac9625e11a__periodic,general_cosine_fp16_10e2,10^2,103,window_positions=[100];coefficients=[3],FP16,GPU,not_applicable,compatibility/end-to-end,PASS,OK,20,100,81,0.32444099999999998,true,7d4ddcac9625e11a9859bfa908c12d23067696ff11f438c857cb4e16daf5848f,bc828e68fd748a6b9cd1f568b0366ed898a30c7fd0deb7ae1d8052de6955036f
1,20260810T082114Z_8b745f9a6864_stage08_b01_formal_a1020008,formal,20260810T082114Z,8b745f9a68645ce41c47aa18fcde8b4868ef84eb,true,stage08_b01_general_cosine_scales_v1,98e7d3d2716deaf919d8883f5caa73c3f61a1ce37bffff86a62a6be43aa66f64,operator,general_cosine,NA,NA,general_cosine,general_cosine__general_cosine_fp16_10e2__7d4ddcac9625e11a__periodic,general_cosine_fp16_10e2,10^2,103,window_positions=[100];coefficients=[3],FP16,GPU,not_applicable,compatibility/end-to-end,PASS,OK,20,100,82,0.33131100000000002,true,7d4ddcac9625e11a9859bfa908c12d23067696ff11f438c857cb4e16daf5848f,bc828e68fd748a6b9cd1f568b0366ed898a30c7fd0deb7ae1d8052de6955036f
1,20260810T082114Z_8b745f9a6864_stage08_b01_formal_a1020008,formal,20260810T082114Z,8b745f9a68645ce41c47aa18fcde8b4868ef84eb,true,stage08_b01_general_cosine_scales_v1,98e7d3d2716deaf919d8883f5caa73c3f61a1ce37bffff86a62a6be43aa66f64,operator,general_cosine,NA,NA,general_cosine,general_cosine__general_cosine_fp16_10e2__7d4ddcac9625e11a__periodic,general_cosine_fp16_10e2,10^2,103,window_positions=[100];coefficients=[3],FP16,GPU,not_applicable,compatibility/end-to-end,PASS,OK,20,100,83,0.32805099999999998,true,7d4ddcac9625e11a9859bfa908c12d23067696ff11f438c857cb4e16daf5848f,bc828e68fd748a6b9cd1f568b0366ed898a30c7fd0deb7ae1d8052de6955036f
1,20260810T082114Z_8b745f9a6864_stage08_b01_formal_a1020008,formal,20260810T082114Z,8b745f9a68645ce41c47aa18fcde8b4868ef84eb,true,stage08_b01_general_cosine_scales_v1,98e7d3d2716deaf919d8883f5caa73c3f61a1ce37bffff86a62a6be43aa66f64,operator,general_cosine,NA,NA,general_cosine,general_cosine__general_cosine_fp16_10e2__7d4ddcac9625e11a__periodic,general_cosine_fp16_10e2,10^2,103,window_positions=[100];coefficients=[3],FP16,GPU,not_applicable,compatibility/end-to-end,PASS,OK,20,100,84,0.32556099999999999,true,7d4ddcac9625e11a9859bfa908c12d23067696ff11f438c857cb4e16daf5848f,bc828e68fd748a6b9cd1f568b0366ed898a30c7fd0deb7ae1d8052de6955036f
1,20260810T082114Z_8b745f9a6864_stage08_b01_formal_a1020008,formal,20260810T082114Z,8b745f9a68645ce41c47aa18fcde8b4868ef84eb,true,stage08_b01_general_cosine_scales_v1,98e7d3d2716deaf919d8883f5caa73c3f61a1ce37bffff86a62a6be43aa66f64,operator,general_cosine,NA,NA,general_cosine,general_cosine__general_cosine_fp16_10e2__7d4ddcac9625e11a__periodic,general_cosine_fp16_10e2,10^2,103,window_positions=[100];coefficients=[3],FP16,GPU,not_applicable,compatibility/end-to-end,PASS,OK,20,100,85,0.31320100000000001,true,7d4ddcac9625e11a9859bfa908c12d23067696ff11f438c857cb4e16daf5848f,bc828e68fd748a6b9cd1f568b0366ed898a30c7fd0deb7ae1d8052de6955036f
1,20260810T082114Z_8b745f9a6864_stage08_b01_formal_a1020008,formal,20260810T082114Z,8b745f9a68645ce41c47aa18fcde8b4868ef84eb,true,stage08_b01_general_cosine_scales_v1,98e7d3d2716deaf919d8883f5caa73c3f61a1ce37bffff86a62a6be43aa66f64,operator,general_cosine,NA,NA,general_cosine,general_cosine__general_cosine_fp16_10e2__7d4ddcac9625e11a__periodic,general_cosine_fp16_10e2,10^2,103,window_positions=[100];coefficients=[3],FP16,GPU,not_applicable,compatibility/end-to-end,PASS,OK,20,100,86,0.32460099999999997,true,7d4ddcac9625e11a9859bfa908c12d23067696ff11f438c857cb4e16daf5848f,bc828e68fd748a6b9cd1f568b0366ed898a30c7fd0deb7ae1d8052de6955036f
1,20260810T082114Z_8b745f9a6864_stage08_b01_formal_a1020008,formal,20260810T082114Z,8b745f9a68645ce41c47aa18fcde8b4868ef84eb,true,stage08_b01_general_cosine_scales_v1,98e7d3d2716deaf919d8883f5caa73c3f61a1ce37bffff86a62a6be43aa66f64,operator,general_cosine,NA,NA,general_cosine,general_cosine__general_cosine_fp16_10e2__7d4ddcac9625e11a__periodic,general_cosine_fp16_10e2,10^2,103,window_positions=[100];coefficients=[3],FP16,GPU,not_applicable,compatibility/end-to-end,PASS,OK,20,100,87,0.32719100000000001,true,7d4ddcac9625e11a9859bfa908c12d23067696ff11f438c857cb4e16daf5848f,bc828e68fd748a6b9cd1f568b0366ed898a30c7fd0deb7ae1d8052de6955036f
1,20260810T082114Z_8b745f9a6864_stage08_b01_formal_a1020008,formal,20260810T082114Z,8b745f9a68645ce41c47aa18fcde8b4868ef84eb,true,stage08_b01_general_cosine_scales_v1,98e7d3d2716deaf919d8883f5caa73c3f61a1ce37bffff86a62a6be43aa66f64,operator,general_cosine,NA,NA,general_cosine,general_cosine__general_cosine_fp16_10e2__7d4ddcac9625e11a__periodic,general_cosine_fp16_10e2,10^2,103,window_positions=[100];coefficients=[3],FP16,GPU,not_applicable,compatibility/end-to-end,PASS,OK,20,100,88,0.32791100000000001,true,7d4ddcac9625e11a9859bfa908c12d23067696ff11f438c857cb4e16daf5848f,bc828e68fd748a6b9cd1f568b0366ed898a30c7fd0deb7ae1d8052de6955036f
1,20260810T082114Z_8b745f9a6864_stage08_b01_formal_a1020008,formal,20260810T082114Z,8b745f9a68645ce41c47aa18fcde8b4868ef84eb,true,stage08_b01_general_cosine_scales_v1,98e7d3d2716deaf919d8883f5caa73c3f61a1ce37bffff86a62a6be43aa66f64,operator,general_cosine,NA,NA,general_cosine,general_cosine__general_cosine_fp16_10e2__7d4ddcac9625e11a__periodic,general_cosine_fp16_10e2,10^2,103,window_positions=[100];coefficients=[3],FP16,GPU,not_applicable,compatibility/end-to-end,PASS,OK,20,100,89,0.32981100000000002,true,7d4ddcac9625e11a9859bfa908c12d23067696ff11f438c857cb4e16daf5848f,bc828e68fd748a6b9cd1f568b0366ed898a30c7fd0deb7ae1d8052de6955036f
1,20260810T082114Z_8b745f9a6864_stage08_b01_formal_a1020008,formal,20260810T082114Z,8b745f9a68645ce41c47aa18fcde8b4868ef84eb,true,stage08_b01_general_cosine_scales_v1,98e7d3d2716deaf919d8883f5caa73c3f61a1ce37bffff86a62a6be43aa66f64,operator,general_cosine,NA,NA,general_cosine,general_cosine__general_cosine_fp16_10e2__7d4ddcac9625e11a__periodic,general_cosine_fp16_10e2,10^2,103,window_positions=[100];coefficients=[3],FP16,GPU,not_applicable,compatibility/end-to-end,PASS,OK,20,100,90,0.327901,true,7d4ddcac9625e11a9859bfa908c12d23067696ff11f438c857cb4e16daf5848f,bc828e68fd748a6b9cd1f568b0366ed898a30c7fd0deb7ae1d8052de6955036f
1,20260810T082114Z_8b745f9a6864_stage08_b01_formal_a1020008,formal,20260810T082114Z,8b745f9a68645ce41c47aa18fcde8b4868ef84eb,true,stage08_b01_general_cosine_scales_v1,98e7d3d2716deaf919d8883f5caa73c3f61a1ce37bffff86a62a6be43aa66f64,operator,general_cosine,NA,NA,general_cosine,general_cosine__general_cosine_fp16_10e2__7d4ddcac9625e11a__periodic,general_cosine_fp16_10e2,10^2,103,window_positions=[100];coefficients=[3],FP16,GPU,not_applicable,compatibility/end-to-end,PASS,OK,20,100,91,0.33561099999999999,true,7d4ddcac9625e11a9859bfa908c12d23067696ff11f438c857cb4e16daf5848f,bc828e68fd748a6b9cd1f568b0366ed898a30c7fd0deb7ae1d8052de6955036f
1,20260810T082114Z_8b745f9a6864_stage08_b01_formal_a1020008,formal,20260810T082114Z,8b745f9a68645ce41c47aa18fcde8b4868ef84eb,true,stage08_b01_general_cosine_scales_v1,98e7d3d2716deaf919d8883f5caa73c3f61a1ce37bffff86a62a6be43aa66f64,operator,general_cosine,NA,NA,general_cosine,general_cosine__general_cosine_fp16_10e2__7d4ddcac9625e11a__periodic,general_cosine_fp16_10e2,10^2,103,window_positions=[100];coefficients=[3],FP16,GPU,not_applicable,compatibility/end-to-end,PASS,OK,20,100,92,0.32022099999999998,true,7d4ddcac9625e11a9859bfa908c12d23067696ff11f438c857cb4e16daf5848f,bc828e68fd748a6b9cd1f568b0366ed898a30c7fd0deb7ae1d8052de6955036f
1,20260810T082114Z_8b745f9a6864_stage08_b01_formal_a1020008,formal,20260810T082114Z,8b745f9a68645ce41c47aa18fcde8b4868ef84eb,true,stage08_b01_general_cosine_scales_v1,98e7d3d2716deaf919d8883f5caa73c3f61a1ce37bffff86a62a6be43aa66f64,operator,general_cosine,NA,NA,general_cosine,general_cosine__general_cosine_fp16_10e2__7d4ddcac9625e11a__periodic,general_cosine_fp16_10e2,10^2,103,window_positions=[100];coefficients=[3],FP16,GPU,not_applicable,compatibility/end-to-end,PASS,OK,20,100,93,0.32748100000000002,true,7d4ddcac9625e11a9859bfa908c12d23067696ff11f438c857cb4e16daf5848f,bc828e68fd748a6b9cd1f568b0366ed898a30c7fd0deb7ae1d8052de6955036f
1,20260810T082114Z_8b745f9a6864_stage08_b01_formal_a1020008,formal,20260810T082114Z,8b745f9a68645ce41c47aa18fcde8b4868ef84eb,true,stage08_b01_general_cosine_scales_v1,98e7d3d2716deaf919d8883f5caa73c3f61a1ce37bffff86a62a6be43aa66f64,operator,general_cosine,NA,NA,general_cosine,general_cosine__general_cosine_fp16_10e2__7d4ddcac9625e11a__periodic,general_cosine_fp16_10e2,10^2,103,window_positions=[100];coefficients=[3],FP16,GPU,not_applicable,compatibility/end-to-end,PASS,OK,20,100,94,0.31510100000000002,true,7d4ddcac9625e11a9859bfa908c12d23067696ff11f438c857cb4e16daf5848f,bc828e68fd748a6b9cd1f568b0366ed898a30c7fd0deb7ae1d8052de6955036f
1,20260810T082114Z_8b745f9a6864_stage08_b01_formal_a1020008,formal,20260810T082114Z,8b745f9a68645ce41c47aa18fcde8b4868ef84eb,true,stage08_b01_general_cosine_scales_v1,98e7d3d2716deaf919d8883f5caa73c3f61a1ce37bffff86a62a6be43aa66f64,operator,general_cosine,NA,NA,general_cosine,general_cosine__general_cosine_fp16_10e2__7d4ddcac9625e11a__periodic,general_cosine_fp16_10e2,10^2,103,window_positions=[100];coefficients=[3],FP16,GPU,not_applicable,compatibility/end-to-end,PASS,OK,20,100,95,0.32873999999999998,true,7d4ddcac9625e11a9859bfa908c12d23067696ff11f438c857cb4e16daf5848f,bc828e68fd748a6b9cd1f568b0366ed898a30c7fd0deb7ae1d8052de6955036f
1,20260810T082114Z_8b745f9a6864_stage08_b01_formal_a1020008,formal,20260810T082114Z,8b745f9a68645ce41c47aa18fcde8b4868ef84eb,true,stage08_b01_general_cosine_scales_v1,98e7d3d2716deaf919d8883f5caa73c3f61a1ce37bffff86a62a6be43aa66f64,operator,general_cosine,NA,NA,general_cosine,general_cosine__general_cosine_fp16_10e2__7d4ddcac9625e11a__periodic,general_cosine_fp16_10e2,10^2,103,window_positions=[100];coefficients=[3],FP16,GPU,not_applicable,compatibility/end-to-end,PASS,OK,20,100,96,0.32755099999999998,true,7d4ddcac9625e11a9859bfa908c12d23067696ff11f438c857cb4e16daf5848f,bc828e68fd748a6b9cd1f568b0366ed898a30c7fd0deb7ae1d8052de6955036f
1,20260810T082114Z_8b745f9a6864_stage08_b01_formal_a1020008,formal,20260810T082114Z,8b745f9a68645ce41c47aa18fcde8b4868ef84eb,true,stage08_b01_general_cosine_scales_v1,98e7d3d2716deaf919d8883f5caa73c3f61a1ce37bffff86a62a6be43aa66f64,operator,general_cosine,NA,NA,general_cosine,general_cosine__general_cosine_fp16_10e2__7d4ddcac9625e11a__periodic,general_cosine_fp16_10e2,10^2,103,window_positions=[100];coefficients=[3],FP16,GPU,not_applicable,compatibility/end-to-end,PASS,OK,20,100,97,0.307361,true,7d4ddcac9625e11a9859bfa908c12d23067696ff11f438c857cb4e16daf5848f,bc828e68fd748a6b9cd1f568b0366ed898a30c7fd0deb7ae1d8052de6955036f
1,20260810T082114Z_8b745f9a6864_stage08_b01_formal_a1020008,formal,20260810T082114Z,8b745f9a68645ce41c47aa18fcde8b4868ef84eb,true,stage08_b01_general_cosine_scales_v1,98e7d3d2716deaf919d8883f5caa73c3f61a1ce37bffff86a62a6be43aa66f64,operator,general_cosine,NA,NA,general_cosine,general_cosine__general_cosine_fp16_10e2__7d4ddcac9625e11a__periodic,general_cosine_fp16_10e2,10^2,103,window_positions=[100];coefficients=[3],FP16,GPU,not_applicable,compatibility/end-to-end,PASS,OK,20,100,98,0.33108100000000001,true,7d4ddcac9625e11a9859bfa908c12d23067696ff11f438c857cb4e16daf5848f,bc828e68fd748a6b9cd1f568b0366ed898a30c7fd0deb7ae1d8052de6955036f
1,20260810T082114Z_8b745f9a6864_stage08_b01_formal_a1020008,formal,20260810T082114Z,8b745f9a68645ce41c47aa18fcde8b4868ef84eb,true,stage08_b01_general_cosine_scales_v1,98e7d3d2716deaf919d8883f5caa73c3f61a1ce37bffff86a62a6be43aa66f64,operator,general_cosine,NA,NA,general_cosine,general_cosine__general_cosine_fp16_10e2__7d4ddcac9625e11a__periodic,general_cosine_fp16_10e2,10^2,103,window_positions=[100];coefficients=[3],FP16,GPU,not_applicable,compatibility/end-to-end,PASS,OK,20,100,99,0.326791,true,7d4ddcac9625e11a9859bfa908c12d23067696ff11f438c857cb4e16daf5848f,bc828e68fd748a6b9cd1f568b0366ed898a30c7fd0deb7ae1d8052de6955036f
