schema_version,run_id,run_type,test_time_utc,git_commit,git_dirty,config_id,config_sha256,target_kind,target,task_name,step_name,operator_name,case_id,scale_id,order_of_magnitude,actual_elements,input_shape,dtype,device,backend,timing_scope,status,error_code,warmup_runs,measured_runs,sample_index,latency_ms,synchronized,input_digest,output_digest
1,20260810T024506Z_5e66669d177a_stage07_b01_formal_df0e8889,formal,20260810T024506Z,5e66669d177af61a75bb35b4b5c102ab6988e92c,false,stage07_b01_radartools_five_dtype_v2,03a5a9e2f6cb3af6d8b402d33c46fde5838cae300fea1ab7f1d92294a3677211,operator,cfar_alpha,Task1,Step4,cfar_alpha,cfar_alpha__alpha_int32_10e3__46cda4c529e93a4d,alpha_int32_10e3,10^3,1,pfa=[1],INT32,CPU,not_applicable,compatibility/end-to-end,PASS,OK,20,100,0,0.00017,true,46cda4c529e93a4dd06824368b79f3b22b1414db7ae4a9cf2e0431a4526786ac,af5570f5a1810b7af78caf4bc70a660f0df51e42baf91d4de5b2328de0e83dfc
1,20260810T024506Z_5e66669d177a_stage07_b01_formal_df0e8889,formal,20260810T024506Z,5e66669d177af61a75bb35b4b5c102ab6988e92c,false,stage07_b01_radartools_five_dtype_v2,03a5a9e2f6cb3af6d8b402d33c46fde5838cae300fea1ab7f1d92294a3677211,operator,cfar_alpha,Task1,Step4,cfar_alpha,cfar_alpha__alpha_int32_10e3__46cda4c529e93a4d,alpha_int32_10e3,10^3,1,pfa=[1],INT32,CPU,not_applicable,compatibility/end-to-end,PASS,OK,20,100,1,0.00011,true,46cda4c529e93a4dd06824368b79f3b22b1414db7ae4a9cf2e0431a4526786ac,af5570f5a1810b7af78caf4bc70a660f0df51e42baf91d4de5b2328de0e83dfc
1,20260810T024506Z_5e66669d177a_stage07_b01_formal_df0e8889,formal,20260810T024506Z,5e66669d177af61a75bb35b4b5c102ab6988e92c,false,stage07_b01_radartools_five_dtype_v2,03a5a9e2f6cb3af6d8b402d33c46fde5838cae300fea1ab7f1d92294a3677211,operator,cfar_alpha,Task1,Step4,cfar_alpha,cfar_alpha__alpha_int32_10e3__46cda4c529e93a4d,alpha_int32_10e3,10^3,1,pfa=[1],INT32,CPU,not_applicable,compatibility/end-to-end,PASS,OK,20,100,2,0.00011,true,46cda4c529e93a4dd06824368b79f3b22b1414db7ae4a9cf2e0431a4526786ac,af5570f5a1810b7af78caf4bc70a660f0df51e42baf91d4de5b2328de0e83dfc
1,20260810T024506Z_5e66669d177a_stage07_b01_formal_df0e8889,formal,20260810T024506Z,5e66669d177af61a75bb35b4b5c102ab6988e92c,false,stage07_b01_radartools_five_dtype_v2,03a5a9e2f6cb3af6d8b402d33c46fde5838cae300fea1ab7f1d92294a3677211,operator,cfar_alpha,Task1,Step4,cfar_alpha,cfar_alpha__alpha_int32_10e3__46cda4c529e93a4d,alpha_int32_10e3,10^3,1,pfa=[1],INT32,CPU,not_applicable,compatibility/end-to-end,PASS,OK,20,100,3,0.00011,true,46cda4c529e93a4dd06824368b79f3b22b1414db7ae4a9cf2e0431a4526786ac,af5570f5a1810b7af78caf4bc70a660f0df51e42baf91d4de5b2328de0e83dfc
1,20260810T024506Z_5e66669d177a_stage07_b01_formal_df0e8889,formal,20260810T024506Z,5e66669d177af61a75bb35b4b5c102ab6988e92c,false,stage07_b01_radartools_five_dtype_v2,03a5a9e2f6cb3af6d8b402d33c46fde5838cae300fea1ab7f1d92294a3677211,operator,cfar_alpha,Task1,Step4,cfar_alpha,cfar_alpha__alpha_int32_10e3__46cda4c529e93a4d,alpha_int32_10e3,10^3,1,pfa=[1],INT32,CPU,not_applicable,compatibility/end-to-end,PASS,OK,20,100,4,0.00011,true,46cda4c529e93a4dd06824368b79f3b22b1414db7ae4a9cf2e0431a4526786ac,af5570f5a1810b7af78caf4bc70a660f0df51e42baf91d4de5b2328de0e83dfc
1,20260810T024506Z_5e66669d177a_stage07_b01_formal_df0e8889,formal,20260810T024506Z,5e66669d177af61a75bb35b4b5c102ab6988e92c,false,stage07_b01_radartools_five_dtype_v2,03a5a9e2f6cb3af6d8b402d33c46fde5838cae300fea1ab7f1d92294a3677211,operator,cfar_alpha,Task1,Step4,cfar_alpha,cfar_alpha__alpha_int32_10e3__46cda4c529e93a4d,alpha_int32_10e3,10^3,1,pfa=[1],INT32,CPU,not_applicable,compatibility/end-to-end,PASS,OK,20,100,5,0.00012,true,46cda4c529e93a4dd06824368b79f3b22b1414db7ae4a9cf2e0431a4526786ac,af5570f5a1810b7af78caf4bc70a660f0df51e42baf91d4de5b2328de0e83dfc
1,20260810T024506Z_5e66669d177a_stage07_b01_formal_df0e8889,formal,20260810T024506Z,5e66669d177af61a75bb35b4b5c102ab6988e92c,false,stage07_b01_radartools_five_dtype_v2,03a5a9e2f6cb3af6d8b402d33c46fde5838cae300fea1ab7f1d92294a3677211,operator,cfar_alpha,Task1,Step4,cfar_alpha,cfar_alpha__alpha_int32_10e3__46cda4c529e93a4d,alpha_int32_10e3,10^3,1,pfa=[1],INT32,CPU,not_applicable,compatibility/end-to-end,PASS,OK,20,100,6,0.00012,true,46cda4c529e93a4dd06824368b79f3b22b1414db7ae4a9cf2e0431a4526786ac,af5570f5a1810b7af78caf4bc70a660f0df51e42baf91d4de5b2328de0e83dfc
1,20260810T024506Z_5e66669d177a_stage07_b01_formal_df0e8889,formal,20260810T024506Z,5e66669d177af61a75bb35b4b5c102ab6988e92c,false,stage07_b01_radartools_five_dtype_v2,03a5a9e2f6cb3af6d8b402d33c46fde5838cae300fea1ab7f1d92294a3677211,operator,cfar_alpha,Task1,Step4,cfar_alpha,cfar_alpha__alpha_int32_10e3__46cda4c529e93a4d,alpha_int32_10e3,10^3,1,pfa=[1],INT32,CPU,not_applicable,compatibility/end-to-end,PASS,OK,20,100,7,0.00011,true,46cda4c529e93a4dd06824368b79f3b22b1414db7ae4a9cf2e0431a4526786ac,af5570f5a1810b7af78caf4bc70a660f0df51e42baf91d4de5b2328de0e83dfc
1,20260810T024506Z_5e66669d177a_stage07_b01_formal_df0e8889,formal,20260810T024506Z,5e66669d177af61a75bb35b4b5c102ab6988e92c,false,stage07_b01_radartools_five_dtype_v2,03a5a9e2f6cb3af6d8b402d33c46fde5838cae300fea1ab7f1d92294a3677211,operator,cfar_alpha,Task1,Step4,cfar_alpha,cfar_alpha__alpha_int32_10e3__46cda4c529e93a4d,alpha_int32_10e3,10^3,1,pfa=[1],INT32,CPU,not_applicable,compatibility/end-to-end,PASS,OK,20,100,8,0.00011,true,46cda4c529e93a4dd06824368b79f3b22b1414db7ae4a9cf2e0431a4526786ac,af5570f5a1810b7af78caf4bc70a660f0df51e42baf91d4de5b2328de0e83dfc
1,20260810T024506Z_5e66669d177a_stage07_b01_formal_df0e8889,formal,20260810T024506Z,5e66669d177af61a75bb35b4b5c102ab6988e92c,false,stage07_b01_radartools_five_dtype_v2,03a5a9e2f6cb3af6d8b402d33c46fde5838cae300fea1ab7f1d92294a3677211,operator,cfar_alpha,Task1,Step4,cfar_alpha,cfar_alpha__alpha_int32_10e3__46cda4c529e93a4d,alpha_int32_10e3,10^3,1,pfa=[1],INT32,CPU,not_applicable,compatibility/end-to-end,PASS,OK,20,100,9,0.00012,true,46cda4c529e93a4dd06824368b79f3b22b1414db7ae4a9cf2e0431a4526786ac,af5570f5a1810b7af78caf4bc70a660f0df51e42baf91d4de5b2328de0e83dfc
1,20260810T024506Z_5e66669d177a_stage07_b01_formal_df0e8889,formal,20260810T024506Z,5e66669d177af61a75bb35b4b5c102ab6988e92c,false,stage07_b01_radartools_five_dtype_v2,03a5a9e2f6cb3af6d8b402d33c46fde5838cae300fea1ab7f1d92294a3677211,operator,cfar_alpha,Task1,Step4,cfar_alpha,cfar_alpha__alpha_int32_10e3__46cda4c529e93a4d,alpha_int32_10e3,10^3,1,pfa=[1],INT32,CPU,not_applicable,compatibility/end-to-end,PASS,OK,20,100,10,0.00011,true,46cda4c529e93a4dd06824368b79f3b22b1414db7ae4a9cf2e0431a4526786ac,af5570f5a1810b7af78caf4bc70a660f0df51e42baf91d4de5b2328de0e83dfc
1,20260810T024506Z_5e66669d177a_stage07_b01_formal_df0e8889,formal,20260810T024506Z,5e66669d177af61a75bb35b4b5c102ab6988e92c,false,stage07_b01_radartools_five_dtype_v2,03a5a9e2f6cb3af6d8b402d33c46fde5838cae300fea1ab7f1d92294a3677211,operator,cfar_alpha,Task1,Step4,cfar_alpha,cfar_alpha__alpha_int32_10e3__46cda4c529e93a4d,alpha_int32_10e3,10^3,1,pfa=[1],INT32,CPU,not_applicable,compatibility/end-to-end,PASS,OK,20,100,11,0.00011,true,46cda4c529e93a4dd06824368b79f3b22b1414db7ae4a9cf2e0431a4526786ac,af5570f5a1810b7af78caf4bc70a660f0df51e42baf91d4de5b2328de0e83dfc
1,20260810T024506Z_5e66669d177a_stage07_b01_formal_df0e8889,formal,20260810T024506Z,5e66669d177af61a75bb35b4b5c102ab6988e92c,false,stage07_b01_radartools_five_dtype_v2,03a5a9e2f6cb3af6d8b402d33c46fde5838cae300fea1ab7f1d92294a3677211,operator,cfar_alpha,Task1,Step4,cfar_alpha,cfar_alpha__alpha_int32_10e3__46cda4c529e93a4d,alpha_int32_10e3,10^3,1,pfa=[1],INT32,CPU,not_applicable,compatibility/end-to-end,PASS,OK,20,100,12,0.00011,true,46cda4c529e93a4dd06824368b79f3b22b1414db7ae4a9cf2e0431a4526786ac,af5570f5a1810b7af78caf4bc70a660f0df51e42baf91d4de5b2328de0e83dfc
1,20260810T024506Z_5e66669d177a_stage07_b01_formal_df0e8889,formal,20260810T024506Z,5e66669d177af61a75bb35b4b5c102ab6988e92c,false,stage07_b01_radartools_five_dtype_v2,03a5a9e2f6cb3af6d8b402d33c46fde5838cae300fea1ab7f1d92294a3677211,operator,cfar_alpha,Task1,Step4,cfar_alpha,cfar_alpha__alpha_int32_10e3__46cda4c529e93a4d,alpha_int32_10e3,10^3,1,pfa=[1],INT32,CPU,not_applicable,compatibility/end-to-end,PASS,OK,20,100,13,0.00012,true,46cda4c529e93a4dd06824368b79f3b22b1414db7ae4a9cf2e0431a4526786ac,af5570f5a1810b7af78caf4bc70a660f0df51e42baf91d4de5b2328de0e83dfc
1,20260810T024506Z_5e66669d177a_stage07_b01_formal_df0e8889,formal,20260810T024506Z,5e66669d177af61a75bb35b4b5c102ab6988e92c,false,stage07_b01_radartools_five_dtype_v2,03a5a9e2f6cb3af6d8b402d33c46fde5838cae300fea1ab7f1d92294a3677211,operator,cfar_alpha,Task1,Step4,cfar_alpha,cfar_alpha__alpha_int32_10e3__46cda4c529e93a4d,alpha_int32_10e3,10^3,1,pfa=[1],INT32,CPU,not_applicable,compatibility/end-to-end,PASS,OK,20,100,14,0.00011,true,46cda4c529e93a4dd06824368b79f3b22b1414db7ae4a9cf2e0431a4526786ac,af5570f5a1810b7af78caf4bc70a660f0df51e42baf91d4de5b2328de0e83dfc
1,20260810T024506Z_5e66669d177a_stage07_b01_formal_df0e8889,formal,20260810T024506Z,5e66669d177af61a75bb35b4b5c102ab6988e92c,false,stage07_b01_radartools_five_dtype_v2,03a5a9e2f6cb3af6d8b402d33c46fde5838cae300fea1ab7f1d92294a3677211,operator,cfar_alpha,Task1,Step4,cfar_alpha,cfar_alpha__alpha_int32_10e3__46cda4c529e93a4d,alpha_int32_10e3,10^3,1,pfa=[1],INT32,CPU,not_applicable,compatibility/end-to-end,PASS,OK,20,100,15,0.00011,true,46cda4c529e93a4dd06824368b79f3b22b1414db7ae4a9cf2e0431a4526786ac,af5570f5a1810b7af78caf4bc70a660f0df51e42baf91d4de5b2328de0e83dfc
1,20260810T024506Z_5e66669d177a_stage07_b01_formal_df0e8889,formal,20260810T024506Z,5e66669d177af61a75bb35b4b5c102ab6988e92c,false,stage07_b01_radartools_five_dtype_v2,03a5a9e2f6cb3af6d8b402d33c46fde5838cae300fea1ab7f1d92294a3677211,operator,cfar_alpha,Task1,Step4,cfar_alpha,cfar_alpha__alpha_int32_10e3__46cda4c529e93a4d,alpha_int32_10e3,10^3,1,pfa=[1],INT32,CPU,not_applicable,compatibility/end-to-end,PASS,OK,20,100,16,0.00011,true,46cda4c529e93a4dd06824368b79f3b22b1414db7ae4a9cf2e0431a4526786ac,af5570f5a1810b7af78caf4bc70a660f0df51e42baf91d4de5b2328de0e83dfc
1,20260810T024506Z_5e66669d177a_stage07_b01_formal_df0e8889,formal,20260810T024506Z,5e66669d177af61a75bb35b4b5c102ab6988e92c,false,stage07_b01_radartools_five_dtype_v2,03a5a9e2f6cb3af6d8b402d33c46fde5838cae300fea1ab7f1d92294a3677211,operator,cfar_alpha,Task1,Step4,cfar_alpha,cfar_alpha__alpha_int32_10e3__46cda4c529e93a4d,alpha_int32_10e3,10^3,1,pfa=[1],INT32,CPU,not_applicable,compatibility/end-to-end,PASS,OK,20,100,17,0.00012,true,46cda4c529e93a4dd06824368b79f3b22b1414db7ae4a9cf2e0431a4526786ac,af5570f5a1810b7af78caf4bc70a660f0df51e42baf91d4de5b2328de0e83dfc
1,20260810T024506Z_5e66669d177a_stage07_b01_formal_df0e8889,formal,20260810T024506Z,5e66669d177af61a75bb35b4b5c102ab6988e92c,false,stage07_b01_radartools_five_dtype_v2,03a5a9e2f6cb3af6d8b402d33c46fde5838cae300fea1ab7f1d92294a3677211,operator,cfar_alpha,Task1,Step4,cfar_alpha,cfar_alpha__alpha_int32_10e3__46cda4c529e93a4d,alpha_int32_10e3,10^3,1,pfa=[1],INT32,CPU,not_applicable,compatibility/end-to-end,PASS,OK,20,100,18,0.00011,true,46cda4c529e93a4dd06824368b79f3b22b1414db7ae4a9cf2e0431a4526786ac,af5570f5a1810b7af78caf4bc70a660f0df51e42baf91d4de5b2328de0e83dfc
1,20260810T024506Z_5e66669d177a_stage07_b01_formal_df0e8889,formal,20260810T024506Z,5e66669d177af61a75bb35b4b5c102ab6988e92c,false,stage07_b01_radartools_five_dtype_v2,03a5a9e2f6cb3af6d8b402d33c46fde5838cae300fea1ab7f1d92294a3677211,operator,cfar_alpha,Task1,Step4,cfar_alpha,cfar_alpha__alpha_int32_10e3__46cda4c529e93a4d,alpha_int32_10e3,10^3,1,pfa=[1],INT32,CPU,not_applicable,compatibility/end-to-end,PASS,OK,20,100,19,0.00011,true,46cda4c529e93a4dd06824368b79f3b22b1414db7ae4a9cf2e0431a4526786ac,af5570f5a1810b7af78caf4bc70a660f0df51e42baf91d4de5b2328de0e83dfc
1,20260810T024506Z_5e66669d177a_stage07_b01_formal_df0e8889,formal,20260810T024506Z,5e66669d177af61a75bb35b4b5c102ab6988e92c,false,stage07_b01_radartools_five_dtype_v2,03a5a9e2f6cb3af6d8b402d33c46fde5838cae300fea1ab7f1d92294a3677211,operator,cfar_alpha,Task1,Step4,cfar_alpha,cfar_alpha__alpha_int32_10e3__46cda4c529e93a4d,alpha_int32_10e3,10^3,1,pfa=[1],INT32,CPU,not_applicable,compatibility/end-to-end,PASS,OK,20,100,20,0.00012,true,46cda4c529e93a4dd06824368b79f3b22b1414db7ae4a9cf2e0431a4526786ac,af5570f5a1810b7af78caf4bc70a660f0df51e42baf91d4de5b2328de0e83dfc
1,20260810T024506Z_5e66669d177a_stage07_b01_formal_df0e8889,formal,20260810T024506Z,5e66669d177af61a75bb35b4b5c102ab6988e92c,false,stage07_b01_radartools_five_dtype_v2,03a5a9e2f6cb3af6d8b402d33c46fde5838cae300fea1ab7f1d92294a3677211,operator,cfar_alpha,Task1,Step4,cfar_alpha,cfar_alpha__alpha_int32_10e3__46cda4c529e93a4d,alpha_int32_10e3,10^3,1,pfa=[1],INT32,CPU,not_applicable,compatibility/end-to-end,PASS,OK,20,100,21,0.00011,true,46cda4c529e93a4dd06824368b79f3b22b1414db7ae4a9cf2e0431a4526786ac,af5570f5a1810b7af78caf4bc70a660f0df51e42baf91d4de5b2328de0e83dfc
1,20260810T024506Z_5e66669d177a_stage07_b01_formal_df0e8889,formal,20260810T024506Z,5e66669d177af61a75bb35b4b5c102ab6988e92c,false,stage07_b01_radartools_five_dtype_v2,03a5a9e2f6cb3af6d8b402d33c46fde5838cae300fea1ab7f1d92294a3677211,operator,cfar_alpha,Task1,Step4,cfar_alpha,cfar_alpha__alpha_int32_10e3__46cda4c529e93a4d,alpha_int32_10e3,10^3,1,pfa=[1],INT32,CPU,not_applicable,compatibility/end-to-end,PASS,OK,20,100,22,0.00011,true,46cda4c529e93a4dd06824368b79f3b22b1414db7ae4a9cf2e0431a4526786ac,af5570f5a1810b7af78caf4bc70a660f0df51e42baf91d4de5b2328de0e83dfc
1,20260810T024506Z_5e66669d177a_stage07_b01_formal_df0e8889,formal,20260810T024506Z,5e66669d177af61a75bb35b4b5c102ab6988e92c,false,stage07_b01_radartools_five_dtype_v2,03a5a9e2f6cb3af6d8b402d33c46fde5838cae300fea1ab7f1d92294a3677211,operator,cfar_alpha,Task1,Step4,cfar_alpha,cfar_alpha__alpha_int32_10e3__46cda4c529e93a4d,alpha_int32_10e3,10^3,1,pfa=[1],INT32,CPU,not_applicable,compatibility/end-to-end,PASS,OK,20,100,23,0.00011,true,46cda4c529e93a4dd06824368b79f3b22b1414db7ae4a9cf2e0431a4526786ac,af5570f5a1810b7af78caf4bc70a660f0df51e42baf91d4de5b2328de0e83dfc
1,20260810T024506Z_5e66669d177a_stage07_b01_formal_df0e8889,formal,20260810T024506Z,5e66669d177af61a75bb35b4b5c102ab6988e92c,false,stage07_b01_radartools_five_dtype_v2,03a5a9e2f6cb3af6d8b402d33c46fde5838cae300fea1ab7f1d92294a3677211,operator,cfar_alpha,Task1,Step4,cfar_alpha,cfar_alpha__alpha_int32_10e3__46cda4c529e93a4d,alpha_int32_10e3,10^3,1,pfa=[1],INT32,CPU,not_applicable,compatibility/end-to-end,PASS,OK,20,100,24,0.00012,true,46cda4c529e93a4dd06824368b79f3b22b1414db7ae4a9cf2e0431a4526786ac,af5570f5a1810b7af78caf4bc70a660f0df51e42baf91d4de5b2328de0e83dfc
1,20260810T024506Z_5e66669d177a_stage07_b01_formal_df0e8889,formal,20260810T024506Z,5e66669d177af61a75bb35b4b5c102ab6988e92c,false,stage07_b01_radartools_five_dtype_v2,03a5a9e2f6cb3af6d8b402d33c46fde5838cae300fea1ab7f1d92294a3677211,operator,cfar_alpha,Task1,Step4,cfar_alpha,cfar_alpha__alpha_int32_10e3__46cda4c529e93a4d,alpha_int32_10e3,10^3,1,pfa=[1],INT32,CPU,not_applicable,compatibility/end-to-end,PASS,OK,20,100,25,0.00011,true,46cda4c529e93a4dd06824368b79f3b22b1414db7ae4a9cf2e0431a4526786ac,af5570f5a1810b7af78caf4bc70a660f0df51e42baf91d4de5b2328de0e83dfc
1,20260810T024506Z_5e66669d177a_stage07_b01_formal_df0e8889,formal,20260810T024506Z,5e66669d177af61a75bb35b4b5c102ab6988e92c,false,stage07_b01_radartools_five_dtype_v2,03a5a9e2f6cb3af6d8b402d33c46fde5838cae300fea1ab7f1d92294a3677211,operator,cfar_alpha,Task1,Step4,cfar_alpha,cfar_alpha__alpha_int32_10e3__46cda4c529e93a4d,alpha_int32_10e3,10^3,1,pfa=[1],INT32,CPU,not_applicable,compatibility/end-to-end,PASS,OK,20,100,26,0.00011,true,46cda4c529e93a4dd06824368b79f3b22b1414db7ae4a9cf2e0431a4526786ac,af5570f5a1810b7af78caf4bc70a660f0df51e42baf91d4de5b2328de0e83dfc
1,20260810T024506Z_5e66669d177a_stage07_b01_formal_df0e8889,formal,20260810T024506Z,5e66669d177af61a75bb35b4b5c102ab6988e92c,false,stage07_b01_radartools_five_dtype_v2,03a5a9e2f6cb3af6d8b402d33c46fde5838cae300fea1ab7f1d92294a3677211,operator,cfar_alpha,Task1,Step4,cfar_alpha,cfar_alpha__alpha_int32_10e3__46cda4c529e93a4d,alpha_int32_10e3,10^3,1,pfa=[1],INT32,CPU,not_applicable,compatibility/end-to-end,PASS,OK,20,100,27,0.00012,true,46cda4c529e93a4dd06824368b79f3b22b1414db7ae4a9cf2e0431a4526786ac,af5570f5a1810b7af78caf4bc70a660f0df51e42baf91d4de5b2328de0e83dfc
1,20260810T024506Z_5e66669d177a_stage07_b01_formal_df0e8889,formal,20260810T024506Z,5e66669d177af61a75bb35b4b5c102ab6988e92c,false,stage07_b01_radartools_five_dtype_v2,03a5a9e2f6cb3af6d8b402d33c46fde5838cae300fea1ab7f1d92294a3677211,operator,cfar_alpha,Task1,Step4,cfar_alpha,cfar_alpha__alpha_int32_10e3__46cda4c529e93a4d,alpha_int32_10e3,10^3,1,pfa=[1],INT32,CPU,not_applicable,compatibility/end-to-end,PASS,OK,20,100,28,0.00012,true,46cda4c529e93a4dd06824368b79f3b22b1414db7ae4a9cf2e0431a4526786ac,af5570f5a1810b7af78caf4bc70a660f0df51e42baf91d4de5b2328de0e83dfc
1,20260810T024506Z_5e66669d177a_stage07_b01_formal_df0e8889,formal,20260810T024506Z,5e66669d177af61a75bb35b4b5c102ab6988e92c,false,stage07_b01_radartools_five_dtype_v2,03a5a9e2f6cb3af6d8b402d33c46fde5838cae300fea1ab7f1d92294a3677211,operator,cfar_alpha,Task1,Step4,cfar_alpha,cfar_alpha__alpha_int32_10e3__46cda4c529e93a4d,alpha_int32_10e3,10^3,1,pfa=[1],INT32,CPU,not_applicable,compatibility/end-to-end,PASS,OK,20,100,29,0.00011,true,46cda4c529e93a4dd06824368b79f3b22b1414db7ae4a9cf2e0431a4526786ac,af5570f5a1810b7af78caf4bc70a660f0df51e42baf91d4de5b2328de0e83dfc
1,20260810T024506Z_5e66669d177a_stage07_b01_formal_df0e8889,formal,20260810T024506Z,5e66669d177af61a75bb35b4b5c102ab6988e92c,false,stage07_b01_radartools_five_dtype_v2,03a5a9e2f6cb3af6d8b402d33c46fde5838cae300fea1ab7f1d92294a3677211,operator,cfar_alpha,Task1,Step4,cfar_alpha,cfar_alpha__alpha_int32_10e3__46cda4c529e93a4d,alpha_int32_10e3,10^3,1,pfa=[1],INT32,CPU,not_applicable,compatibility/end-to-end,PASS,OK,20,100,30,0.00011,true,46cda4c529e93a4dd06824368b79f3b22b1414db7ae4a9cf2e0431a4526786ac,af5570f5a1810b7af78caf4bc70a660f0df51e42baf91d4de5b2328de0e83dfc
1,20260810T024506Z_5e66669d177a_stage07_b01_formal_df0e8889,formal,20260810T024506Z,5e66669d177af61a75bb35b4b5c102ab6988e92c,false,stage07_b01_radartools_five_dtype_v2,03a5a9e2f6cb3af6d8b402d33c46fde5838cae300fea1ab7f1d92294a3677211,operator,cfar_alpha,Task1,Step4,cfar_alpha,cfar_alpha__alpha_int32_10e3__46cda4c529e93a4d,alpha_int32_10e3,10^3,1,pfa=[1],INT32,CPU,not_applicable,compatibility/end-to-end,PASS,OK,20,100,31,0.00012,true,46cda4c529e93a4dd06824368b79f3b22b1414db7ae4a9cf2e0431a4526786ac,af5570f5a1810b7af78caf4bc70a660f0df51e42baf91d4de5b2328de0e83dfc
1,20260810T024506Z_5e66669d177a_stage07_b01_formal_df0e8889,formal,20260810T024506Z,5e66669d177af61a75bb35b4b5c102ab6988e92c,false,stage07_b01_radartools_five_dtype_v2,03a5a9e2f6cb3af6d8b402d33c46fde5838cae300fea1ab7f1d92294a3677211,operator,cfar_alpha,Task1,Step4,cfar_alpha,cfar_alpha__alpha_int32_10e3__46cda4c529e93a4d,alpha_int32_10e3,10^3,1,pfa=[1],INT32,CPU,not_applicable,compatibility/end-to-end,PASS,OK,20,100,32,0.00011,true,46cda4c529e93a4dd06824368b79f3b22b1414db7ae4a9cf2e0431a4526786ac,af5570f5a1810b7af78caf4bc70a660f0df51e42baf91d4de5b2328de0e83dfc
1,20260810T024506Z_5e66669d177a_stage07_b01_formal_df0e8889,formal,20260810T024506Z,5e66669d177af61a75bb35b4b5c102ab6988e92c,false,stage07_b01_radartools_five_dtype_v2,03a5a9e2f6cb3af6d8b402d33c46fde5838cae300fea1ab7f1d92294a3677211,operator,cfar_alpha,Task1,Step4,cfar_alpha,cfar_alpha__alpha_int32_10e3__46cda4c529e93a4d,alpha_int32_10e3,10^3,1,pfa=[1],INT32,CPU,not_applicable,compatibility/end-to-end,PASS,OK,20,100,33,0.00011,true,46cda4c529e93a4dd06824368b79f3b22b1414db7ae4a9cf2e0431a4526786ac,af5570f5a1810b7af78caf4bc70a660f0df51e42baf91d4de5b2328de0e83dfc
1,20260810T024506Z_5e66669d177a_stage07_b01_formal_df0e8889,formal,20260810T024506Z,5e66669d177af61a75bb35b4b5c102ab6988e92c,false,stage07_b01_radartools_five_dtype_v2,03a5a9e2f6cb3af6d8b402d33c46fde5838cae300fea1ab7f1d92294a3677211,operator,cfar_alpha,Task1,Step4,cfar_alpha,cfar_alpha__alpha_int32_10e3__46cda4c529e93a4d,alpha_int32_10e3,10^3,1,pfa=[1],INT32,CPU,not_applicable,compatibility/end-to-end,PASS,OK,20,100,34,0.00011,true,46cda4c529e93a4dd06824368b79f3b22b1414db7ae4a9cf2e0431a4526786ac,af5570f5a1810b7af78caf4bc70a660f0df51e42baf91d4de5b2328de0e83dfc
1,20260810T024506Z_5e66669d177a_stage07_b01_formal_df0e8889,formal,20260810T024506Z,5e66669d177af61a75bb35b4b5c102ab6988e92c,false,stage07_b01_radartools_five_dtype_v2,03a5a9e2f6cb3af6d8b402d33c46fde5838cae300fea1ab7f1d92294a3677211,operator,cfar_alpha,Task1,Step4,cfar_alpha,cfar_alpha__alpha_int32_10e3__46cda4c529e93a4d,alpha_int32_10e3,10^3,1,pfa=[1],INT32,CPU,not_applicable,compatibility/end-to-end,PASS,OK,20,100,35,0.00012,true,46cda4c529e93a4dd06824368b79f3b22b1414db7ae4a9cf2e0431a4526786ac,af5570f5a1810b7af78caf4bc70a660f0df51e42baf91d4de5b2328de0e83dfc
1,20260810T024506Z_5e66669d177a_stage07_b01_formal_df0e8889,formal,20260810T024506Z,5e66669d177af61a75bb35b4b5c102ab6988e92c,false,stage07_b01_radartools_five_dtype_v2,03a5a9e2f6cb3af6d8b402d33c46fde5838cae300fea1ab7f1d92294a3677211,operator,cfar_alpha,Task1,Step4,cfar_alpha,cfar_alpha__alpha_int32_10e3__46cda4c529e93a4d,alpha_int32_10e3,10^3,1,pfa=[1],INT32,CPU,not_applicable,compatibility/end-to-end,PASS,OK,20,100,36,0.00011,true,46cda4c529e93a4dd06824368b79f3b22b1414db7ae4a9cf2e0431a4526786ac,af5570f5a1810b7af78caf4bc70a660f0df51e42baf91d4de5b2328de0e83dfc
1,20260810T024506Z_5e66669d177a_stage07_b01_formal_df0e8889,formal,20260810T024506Z,5e66669d177af61a75bb35b4b5c102ab6988e92c,false,stage07_b01_radartools_five_dtype_v2,03a5a9e2f6cb3af6d8b402d33c46fde5838cae300fea1ab7f1d92294a3677211,operator,cfar_alpha,Task1,Step4,cfar_alpha,cfar_alpha__alpha_int32_10e3__46cda4c529e93a4d,alpha_int32_10e3,10^3,1,pfa=[1],INT32,CPU,not_applicable,compatibility/end-to-end,PASS,OK,20,100,37,0.00011,true,46cda4c529e93a4dd06824368b79f3b22b1414db7ae4a9cf2e0431a4526786ac,af5570f5a1810b7af78caf4bc70a660f0df51e42baf91d4de5b2328de0e83dfc
1,20260810T024506Z_5e66669d177a_stage07_b01_formal_df0e8889,formal,20260810T024506Z,5e66669d177af61a75bb35b4b5c102ab6988e92c,false,stage07_b01_radartools_five_dtype_v2,03a5a9e2f6cb3af6d8b402d33c46fde5838cae300fea1ab7f1d92294a3677211,operator,cfar_alpha,Task1,Step4,cfar_alpha,cfar_alpha__alpha_int32_10e3__46cda4c529e93a4d,alpha_int32_10e3,10^3,1,pfa=[1],INT32,CPU,not_applicable,compatibility/end-to-end,PASS,OK,20,100,38,0.00011,true,46cda4c529e93a4dd06824368b79f3b22b1414db7ae4a9cf2e0431a4526786ac,af5570f5a1810b7af78caf4bc70a660f0df51e42baf91d4de5b2328de0e83dfc
1,20260810T024506Z_5e66669d177a_stage07_b01_formal_df0e8889,formal,20260810T024506Z,5e66669d177af61a75bb35b4b5c102ab6988e92c,false,stage07_b01_radartools_five_dtype_v2,03a5a9e2f6cb3af6d8b402d33c46fde5838cae300fea1ab7f1d92294a3677211,operator,cfar_alpha,Task1,Step4,cfar_alpha,cfar_alpha__alpha_int32_10e3__46cda4c529e93a4d,alpha_int32_10e3,10^3,1,pfa=[1],INT32,CPU,not_applicable,compatibility/end-to-end,PASS,OK,20,100,39,0.00012,true,46cda4c529e93a4dd06824368b79f3b22b1414db7ae4a9cf2e0431a4526786ac,af5570f5a1810b7af78caf4bc70a660f0df51e42baf91d4de5b2328de0e83dfc
1,20260810T024506Z_5e66669d177a_stage07_b01_formal_df0e8889,formal,20260810T024506Z,5e66669d177af61a75bb35b4b5c102ab6988e92c,false,stage07_b01_radartools_five_dtype_v2,03a5a9e2f6cb3af6d8b402d33c46fde5838cae300fea1ab7f1d92294a3677211,operator,cfar_alpha,Task1,Step4,cfar_alpha,cfar_alpha__alpha_int32_10e3__46cda4c529e93a4d,alpha_int32_10e3,10^3,1,pfa=[1],INT32,CPU,not_applicable,compatibility/end-to-end,PASS,OK,20,100,40,0.00011,true,46cda4c529e93a4dd06824368b79f3b22b1414db7ae4a9cf2e0431a4526786ac,af5570f5a1810b7af78caf4bc70a660f0df51e42baf91d4de5b2328de0e83dfc
1,20260810T024506Z_5e66669d177a_stage07_b01_formal_df0e8889,formal,20260810T024506Z,5e66669d177af61a75bb35b4b5c102ab6988e92c,false,stage07_b01_radartools_five_dtype_v2,03a5a9e2f6cb3af6d8b402d33c46fde5838cae300fea1ab7f1d92294a3677211,operator,cfar_alpha,Task1,Step4,cfar_alpha,cfar_alpha__alpha_int32_10e3__46cda4c529e93a4d,alpha_int32_10e3,10^3,1,pfa=[1],INT32,CPU,not_applicable,compatibility/end-to-end,PASS,OK,20,100,41,0.00011,true,46cda4c529e93a4dd06824368b79f3b22b1414db7ae4a9cf2e0431a4526786ac,af5570f5a1810b7af78caf4bc70a660f0df51e42baf91d4de5b2328de0e83dfc
1,20260810T024506Z_5e66669d177a_stage07_b01_formal_df0e8889,formal,20260810T024506Z,5e66669d177af61a75bb35b4b5c102ab6988e92c,false,stage07_b01_radartools_five_dtype_v2,03a5a9e2f6cb3af6d8b402d33c46fde5838cae300fea1ab7f1d92294a3677211,operator,cfar_alpha,Task1,Step4,cfar_alpha,cfar_alpha__alpha_int32_10e3__46cda4c529e93a4d,alpha_int32_10e3,10^3,1,pfa=[1],INT32,CPU,not_applicable,compatibility/end-to-end,PASS,OK,20,100,42,0.00012,true,46cda4c529e93a4dd06824368b79f3b22b1414db7ae4a9cf2e0431a4526786ac,af5570f5a1810b7af78caf4bc70a660f0df51e42baf91d4de5b2328de0e83dfc
1,20260810T024506Z_5e66669d177a_stage07_b01_formal_df0e8889,formal,20260810T024506Z,5e66669d177af61a75bb35b4b5c102ab6988e92c,false,stage07_b01_radartools_five_dtype_v2,03a5a9e2f6cb3af6d8b402d33c46fde5838cae300fea1ab7f1d92294a3677211,operator,cfar_alpha,Task1,Step4,cfar_alpha,cfar_alpha__alpha_int32_10e3__46cda4c529e93a4d,alpha_int32_10e3,10^3,1,pfa=[1],INT32,CPU,not_applicable,compatibility/end-to-end,PASS,OK,20,100,43,0.00012,true,46cda4c529e93a4dd06824368b79f3b22b1414db7ae4a9cf2e0431a4526786ac,af5570f5a1810b7af78caf4bc70a660f0df51e42baf91d4de5b2328de0e83dfc
1,20260810T024506Z_5e66669d177a_stage07_b01_formal_df0e8889,formal,20260810T024506Z,5e66669d177af61a75bb35b4b5c102ab6988e92c,false,stage07_b01_radartools_five_dtype_v2,03a5a9e2f6cb3af6d8b402d33c46fde5838cae300fea1ab7f1d92294a3677211,operator,cfar_alpha,Task1,Step4,cfar_alpha,cfar_alpha__alpha_int32_10e3__46cda4c529e93a4d,alpha_int32_10e3,10^3,1,pfa=[1],INT32,CPU,not_applicable,compatibility/end-to-end,PASS,OK,20,100,44,0.00011,true,46cda4c529e93a4dd06824368b79f3b22b1414db7ae4a9cf2e0431a4526786ac,af5570f5a1810b7af78caf4bc70a660f0df51e42baf91d4de5b2328de0e83dfc
1,20260810T024506Z_5e66669d177a_stage07_b01_formal_df0e8889,formal,20260810T024506Z,5e66669d177af61a75bb35b4b5c102ab6988e92c,false,stage07_b01_radartools_five_dtype_v2,03a5a9e2f6cb3af6d8b402d33c46fde5838cae300fea1ab7f1d92294a3677211,operator,cfar_alpha,Task1,Step4,cfar_alpha,cfar_alpha__alpha_int32_10e3__46cda4c529e93a4d,alpha_int32_10e3,10^3,1,pfa=[1],INT32,CPU,not_applicable,compatibility/end-to-end,PASS,OK,20,100,45,0.00011,true,46cda4c529e93a4dd06824368b79f3b22b1414db7ae4a9cf2e0431a4526786ac,af5570f5a1810b7af78caf4bc70a660f0df51e42baf91d4de5b2328de0e83dfc
1,20260810T024506Z_5e66669d177a_stage07_b01_formal_df0e8889,formal,20260810T024506Z,5e66669d177af61a75bb35b4b5c102ab6988e92c,false,stage07_b01_radartools_five_dtype_v2,03a5a9e2f6cb3af6d8b402d33c46fde5838cae300fea1ab7f1d92294a3677211,operator,cfar_alpha,Task1,Step4,cfar_alpha,cfar_alpha__alpha_int32_10e3__46cda4c529e93a4d,alpha_int32_10e3,10^3,1,pfa=[1],INT32,CPU,not_applicable,compatibility/end-to-end,PASS,OK,20,100,46,0.00012,true,46cda4c529e93a4dd06824368b79f3b22b1414db7ae4a9cf2e0431a4526786ac,af5570f5a1810b7af78caf4bc70a660f0df51e42baf91d4de5b2328de0e83dfc
1,20260810T024506Z_5e66669d177a_stage07_b01_formal_df0e8889,formal,20260810T024506Z,5e66669d177af61a75bb35b4b5c102ab6988e92c,false,stage07_b01_radartools_five_dtype_v2,03a5a9e2f6cb3af6d8b402d33c46fde5838cae300fea1ab7f1d92294a3677211,operator,cfar_alpha,Task1,Step4,cfar_alpha,cfar_alpha__alpha_int32_10e3__46cda4c529e93a4d,alpha_int32_10e3,10^3,1,pfa=[1],INT32,CPU,not_applicable,compatibility/end-to-end,PASS,OK,20,100,47,0.00011,true,46cda4c529e93a4dd06824368b79f3b22b1414db7ae4a9cf2e0431a4526786ac,af5570f5a1810b7af78caf4bc70a660f0df51e42baf91d4de5b2328de0e83dfc
1,20260810T024506Z_5e66669d177a_stage07_b01_formal_df0e8889,formal,20260810T024506Z,5e66669d177af61a75bb35b4b5c102ab6988e92c,false,stage07_b01_radartools_five_dtype_v2,03a5a9e2f6cb3af6d8b402d33c46fde5838cae300fea1ab7f1d92294a3677211,operator,cfar_alpha,Task1,Step4,cfar_alpha,cfar_alpha__alpha_int32_10e3__46cda4c529e93a4d,alpha_int32_10e3,10^3,1,pfa=[1],INT32,CPU,not_applicable,compatibility/end-to-end,PASS,OK,20,100,48,0.00011,true,46cda4c529e93a4dd06824368b79f3b22b1414db7ae4a9cf2e0431a4526786ac,af5570f5a1810b7af78caf4bc70a660f0df51e42baf91d4de5b2328de0e83dfc
1,20260810T024506Z_5e66669d177a_stage07_b01_formal_df0e8889,formal,20260810T024506Z,5e66669d177af61a75bb35b4b5c102ab6988e92c,false,stage07_b01_radartools_five_dtype_v2,03a5a9e2f6cb3af6d8b402d33c46fde5838cae300fea1ab7f1d92294a3677211,operator,cfar_alpha,Task1,Step4,cfar_alpha,cfar_alpha__alpha_int32_10e3__46cda4c529e93a4d,alpha_int32_10e3,10^3,1,pfa=[1],INT32,CPU,not_applicable,compatibility/end-to-end,PASS,OK,20,100,49,0.00012,true,46cda4c529e93a4dd06824368b79f3b22b1414db7ae4a9cf2e0431a4526786ac,af5570f5a1810b7af78caf4bc70a660f0df51e42baf91d4de5b2328de0e83dfc
1,20260810T024506Z_5e66669d177a_stage07_b01_formal_df0e8889,formal,20260810T024506Z,5e66669d177af61a75bb35b4b5c102ab6988e92c,false,stage07_b01_radartools_five_dtype_v2,03a5a9e2f6cb3af6d8b402d33c46fde5838cae300fea1ab7f1d92294a3677211,operator,cfar_alpha,Task1,Step4,cfar_alpha,cfar_alpha__alpha_int32_10e3__46cda4c529e93a4d,alpha_int32_10e3,10^3,1,pfa=[1],INT32,CPU,not_applicable,compatibility/end-to-end,PASS,OK,20,100,50,0.00012,true,46cda4c529e93a4dd06824368b79f3b22b1414db7ae4a9cf2e0431a4526786ac,af5570f5a1810b7af78caf4bc70a660f0df51e42baf91d4de5b2328de0e83dfc
1,20260810T024506Z_5e66669d177a_stage07_b01_formal_df0e8889,formal,20260810T024506Z,5e66669d177af61a75bb35b4b5c102ab6988e92c,false,stage07_b01_radartools_five_dtype_v2,03a5a9e2f6cb3af6d8b402d33c46fde5838cae300fea1ab7f1d92294a3677211,operator,cfar_alpha,Task1,Step4,cfar_alpha,cfar_alpha__alpha_int32_10e3__46cda4c529e93a4d,alpha_int32_10e3,10^3,1,pfa=[1],INT32,CPU,not_applicable,compatibility/end-to-end,PASS,OK,20,100,51,0.00011,true,46cda4c529e93a4dd06824368b79f3b22b1414db7ae4a9cf2e0431a4526786ac,af5570f5a1810b7af78caf4bc70a660f0df51e42baf91d4de5b2328de0e83dfc
1,20260810T024506Z_5e66669d177a_stage07_b01_formal_df0e8889,formal,20260810T024506Z,5e66669d177af61a75bb35b4b5c102ab6988e92c,false,stage07_b01_radartools_five_dtype_v2,03a5a9e2f6cb3af6d8b402d33c46fde5838cae300fea1ab7f1d92294a3677211,operator,cfar_alpha,Task1,Step4,cfar_alpha,cfar_alpha__alpha_int32_10e3__46cda4c529e93a4d,alpha_int32_10e3,10^3,1,pfa=[1],INT32,CPU,not_applicable,compatibility/end-to-end,PASS,OK,20,100,52,0.00011,true,46cda4c529e93a4dd06824368b79f3b22b1414db7ae4a9cf2e0431a4526786ac,af5570f5a1810b7af78caf4bc70a660f0df51e42baf91d4de5b2328de0e83dfc
1,20260810T024506Z_5e66669d177a_stage07_b01_formal_df0e8889,formal,20260810T024506Z,5e66669d177af61a75bb35b4b5c102ab6988e92c,false,stage07_b01_radartools_five_dtype_v2,03a5a9e2f6cb3af6d8b402d33c46fde5838cae300fea1ab7f1d92294a3677211,operator,cfar_alpha,Task1,Step4,cfar_alpha,cfar_alpha__alpha_int32_10e3__46cda4c529e93a4d,alpha_int32_10e3,10^3,1,pfa=[1],INT32,CPU,not_applicable,compatibility/end-to-end,PASS,OK,20,100,53,0.00012,true,46cda4c529e93a4dd06824368b79f3b22b1414db7ae4a9cf2e0431a4526786ac,af5570f5a1810b7af78caf4bc70a660f0df51e42baf91d4de5b2328de0e83dfc
1,20260810T024506Z_5e66669d177a_stage07_b01_formal_df0e8889,formal,20260810T024506Z,5e66669d177af61a75bb35b4b5c102ab6988e92c,false,stage07_b01_radartools_five_dtype_v2,03a5a9e2f6cb3af6d8b402d33c46fde5838cae300fea1ab7f1d92294a3677211,operator,cfar_alpha,Task1,Step4,cfar_alpha,cfar_alpha__alpha_int32_10e3__46cda4c529e93a4d,alpha_int32_10e3,10^3,1,pfa=[1],INT32,CPU,not_applicable,compatibility/end-to-end,PASS,OK,20,100,54,0.00011,true,46cda4c529e93a4dd06824368b79f3b22b1414db7ae4a9cf2e0431a4526786ac,af5570f5a1810b7af78caf4bc70a660f0df51e42baf91d4de5b2328de0e83dfc
1,20260810T024506Z_5e66669d177a_stage07_b01_formal_df0e8889,formal,20260810T024506Z,5e66669d177af61a75bb35b4b5c102ab6988e92c,false,stage07_b01_radartools_five_dtype_v2,03a5a9e2f6cb3af6d8b402d33c46fde5838cae300fea1ab7f1d92294a3677211,operator,cfar_alpha,Task1,Step4,cfar_alpha,cfar_alpha__alpha_int32_10e3__46cda4c529e93a4d,alpha_int32_10e3,10^3,1,pfa=[1],INT32,CPU,not_applicable,compatibility/end-to-end,PASS,OK,20,100,55,0.00011,true,46cda4c529e93a4dd06824368b79f3b22b1414db7ae4a9cf2e0431a4526786ac,af5570f5a1810b7af78caf4bc70a660f0df51e42baf91d4de5b2328de0e83dfc
1,20260810T024506Z_5e66669d177a_stage07_b01_formal_df0e8889,formal,20260810T024506Z,5e66669d177af61a75bb35b4b5c102ab6988e92c,false,stage07_b01_radartools_five_dtype_v2,03a5a9e2f6cb3af6d8b402d33c46fde5838cae300fea1ab7f1d92294a3677211,operator,cfar_alpha,Task1,Step4,cfar_alpha,cfar_alpha__alpha_int32_10e3__46cda4c529e93a4d,alpha_int32_10e3,10^3,1,pfa=[1],INT32,CPU,not_applicable,compatibility/end-to-end,PASS,OK,20,100,56,0.00011,true,46cda4c529e93a4dd06824368b79f3b22b1414db7ae4a9cf2e0431a4526786ac,af5570f5a1810b7af78caf4bc70a660f0df51e42baf91d4de5b2328de0e83dfc
1,20260810T024506Z_5e66669d177a_stage07_b01_formal_df0e8889,formal,20260810T024506Z,5e66669d177af61a75bb35b4b5c102ab6988e92c,false,stage07_b01_radartools_five_dtype_v2,03a5a9e2f6cb3af6d8b402d33c46fde5838cae300fea1ab7f1d92294a3677211,operator,cfar_alpha,Task1,Step4,cfar_alpha,cfar_alpha__alpha_int32_10e3__46cda4c529e93a4d,alpha_int32_10e3,10^3,1,pfa=[1],INT32,CPU,not_applicable,compatibility/end-to-end,PASS,OK,20,100,57,0.00012,true,46cda4c529e93a4dd06824368b79f3b22b1414db7ae4a9cf2e0431a4526786ac,af5570f5a1810b7af78caf4bc70a660f0df51e42baf91d4de5b2328de0e83dfc
1,20260810T024506Z_5e66669d177a_stage07_b01_formal_df0e8889,formal,20260810T024506Z,5e66669d177af61a75bb35b4b5c102ab6988e92c,false,stage07_b01_radartools_five_dtype_v2,03a5a9e2f6cb3af6d8b402d33c46fde5838cae300fea1ab7f1d92294a3677211,operator,cfar_alpha,Task1,Step4,cfar_alpha,cfar_alpha__alpha_int32_10e3__46cda4c529e93a4d,alpha_int32_10e3,10^3,1,pfa=[1],INT32,CPU,not_applicable,compatibility/end-to-end,PASS,OK,20,100,58,0.00011,true,46cda4c529e93a4dd06824368b79f3b22b1414db7ae4a9cf2e0431a4526786ac,af5570f5a1810b7af78caf4bc70a660f0df51e42baf91d4de5b2328de0e83dfc
1,20260810T024506Z_5e66669d177a_stage07_b01_formal_df0e8889,formal,20260810T024506Z,5e66669d177af61a75bb35b4b5c102ab6988e92c,false,stage07_b01_radartools_five_dtype_v2,03a5a9e2f6cb3af6d8b402d33c46fde5838cae300fea1ab7f1d92294a3677211,operator,cfar_alpha,Task1,Step4,cfar_alpha,cfar_alpha__alpha_int32_10e3__46cda4c529e93a4d,alpha_int32_10e3,10^3,1,pfa=[1],INT32,CPU,not_applicable,compatibility/end-to-end,PASS,OK,20,100,59,0.00011,true,46cda4c529e93a4dd06824368b79f3b22b1414db7ae4a9cf2e0431a4526786ac,af5570f5a1810b7af78caf4bc70a660f0df51e42baf91d4de5b2328de0e83dfc
1,20260810T024506Z_5e66669d177a_stage07_b01_formal_df0e8889,formal,20260810T024506Z,5e66669d177af61a75bb35b4b5c102ab6988e92c,false,stage07_b01_radartools_five_dtype_v2,03a5a9e2f6cb3af6d8b402d33c46fde5838cae300fea1ab7f1d92294a3677211,operator,cfar_alpha,Task1,Step4,cfar_alpha,cfar_alpha__alpha_int32_10e3__46cda4c529e93a4d,alpha_int32_10e3,10^3,1,pfa=[1],INT32,CPU,not_applicable,compatibility/end-to-end,PASS,OK,20,100,60,0.00011,true,46cda4c529e93a4dd06824368b79f3b22b1414db7ae4a9cf2e0431a4526786ac,af5570f5a1810b7af78caf4bc70a660f0df51e42baf91d4de5b2328de0e83dfc
1,20260810T024506Z_5e66669d177a_stage07_b01_formal_df0e8889,formal,20260810T024506Z,5e66669d177af61a75bb35b4b5c102ab6988e92c,false,stage07_b01_radartools_five_dtype_v2,03a5a9e2f6cb3af6d8b402d33c46fde5838cae300fea1ab7f1d92294a3677211,operator,cfar_alpha,Task1,Step4,cfar_alpha,cfar_alpha__alpha_int32_10e3__46cda4c529e93a4d,alpha_int32_10e3,10^3,1,pfa=[1],INT32,CPU,not_applicable,compatibility/end-to-end,PASS,OK,20,100,61,0.00011,true,46cda4c529e93a4dd06824368b79f3b22b1414db7ae4a9cf2e0431a4526786ac,af5570f5a1810b7af78caf4bc70a660f0df51e42baf91d4de5b2328de0e83dfc
1,20260810T024506Z_5e66669d177a_stage07_b01_formal_df0e8889,formal,20260810T024506Z,5e66669d177af61a75bb35b4b5c102ab6988e92c,false,stage07_b01_radartools_five_dtype_v2,03a5a9e2f6cb3af6d8b402d33c46fde5838cae300fea1ab7f1d92294a3677211,operator,cfar_alpha,Task1,Step4,cfar_alpha,cfar_alpha__alpha_int32_10e3__46cda4c529e93a4d,alpha_int32_10e3,10^3,1,pfa=[1],INT32,CPU,not_applicable,compatibility/end-to-end,PASS,OK,20,100,62,0.00011,true,46cda4c529e93a4dd06824368b79f3b22b1414db7ae4a9cf2e0431a4526786ac,af5570f5a1810b7af78caf4bc70a660f0df51e42baf91d4de5b2328de0e83dfc
1,20260810T024506Z_5e66669d177a_stage07_b01_formal_df0e8889,formal,20260810T024506Z,5e66669d177af61a75bb35b4b5c102ab6988e92c,false,stage07_b01_radartools_five_dtype_v2,03a5a9e2f6cb3af6d8b402d33c46fde5838cae300fea1ab7f1d92294a3677211,operator,cfar_alpha,Task1,Step4,cfar_alpha,cfar_alpha__alpha_int32_10e3__46cda4c529e93a4d,alpha_int32_10e3,10^3,1,pfa=[1],INT32,CPU,not_applicable,compatibility/end-to-end,PASS,OK,20,100,63,0.00011,true,46cda4c529e93a4dd06824368b79f3b22b1414db7ae4a9cf2e0431a4526786ac,af5570f5a1810b7af78caf4bc70a660f0df51e42baf91d4de5b2328de0e83dfc
1,20260810T024506Z_5e66669d177a_stage07_b01_formal_df0e8889,formal,20260810T024506Z,5e66669d177af61a75bb35b4b5c102ab6988e92c,false,stage07_b01_radartools_five_dtype_v2,03a5a9e2f6cb3af6d8b402d33c46fde5838cae300fea1ab7f1d92294a3677211,operator,cfar_alpha,Task1,Step4,cfar_alpha,cfar_alpha__alpha_int32_10e3__46cda4c529e93a4d,alpha_int32_10e3,10^3,1,pfa=[1],INT32,CPU,not_applicable,compatibility/end-to-end,PASS,OK,20,100,64,0.00012,true,46cda4c529e93a4dd06824368b79f3b22b1414db7ae4a9cf2e0431a4526786ac,af5570f5a1810b7af78caf4bc70a660f0df51e42baf91d4de5b2328de0e83dfc
1,20260810T024506Z_5e66669d177a_stage07_b01_formal_df0e8889,formal,20260810T024506Z,5e66669d177af61a75bb35b4b5c102ab6988e92c,false,stage07_b01_radartools_five_dtype_v2,03a5a9e2f6cb3af6d8b402d33c46fde5838cae300fea1ab7f1d92294a3677211,operator,cfar_alpha,Task1,Step4,cfar_alpha,cfar_alpha__alpha_int32_10e3__46cda4c529e93a4d,alpha_int32_10e3,10^3,1,pfa=[1],INT32,CPU,not_applicable,compatibility/end-to-end,PASS,OK,20,100,65,0.00012,true,46cda4c529e93a4dd06824368b79f3b22b1414db7ae4a9cf2e0431a4526786ac,af5570f5a1810b7af78caf4bc70a660f0df51e42baf91d4de5b2328de0e83dfc
1,20260810T024506Z_5e66669d177a_stage07_b01_formal_df0e8889,formal,20260810T024506Z,5e66669d177af61a75bb35b4b5c102ab6988e92c,false,stage07_b01_radartools_five_dtype_v2,03a5a9e2f6cb3af6d8b402d33c46fde5838cae300fea1ab7f1d92294a3677211,operator,cfar_alpha,Task1,Step4,cfar_alpha,cfar_alpha__alpha_int32_10e3__46cda4c529e93a4d,alpha_int32_10e3,10^3,1,pfa=[1],INT32,CPU,not_applicable,compatibility/end-to-end,PASS,OK,20,100,66,0.00011,true,46cda4c529e93a4dd06824368b79f3b22b1414db7ae4a9cf2e0431a4526786ac,af5570f5a1810b7af78caf4bc70a660f0df51e42baf91d4de5b2328de0e83dfc
1,20260810T024506Z_5e66669d177a_stage07_b01_formal_df0e8889,formal,20260810T024506Z,5e66669d177af61a75bb35b4b5c102ab6988e92c,false,stage07_b01_radartools_five_dtype_v2,03a5a9e2f6cb3af6d8b402d33c46fde5838cae300fea1ab7f1d92294a3677211,operator,cfar_alpha,Task1,Step4,cfar_alpha,cfar_alpha__alpha_int32_10e3__46cda4c529e93a4d,alpha_int32_10e3,10^3,1,pfa=[1],INT32,CPU,not_applicable,compatibility/end-to-end,PASS,OK,20,100,67,0.00011,true,46cda4c529e93a4dd06824368b79f3b22b1414db7ae4a9cf2e0431a4526786ac,af5570f5a1810b7af78caf4bc70a660f0df51e42baf91d4de5b2328de0e83dfc
1,20260810T024506Z_5e66669d177a_stage07_b01_formal_df0e8889,formal,20260810T024506Z,5e66669d177af61a75bb35b4b5c102ab6988e92c,false,stage07_b01_radartools_five_dtype_v2,03a5a9e2f6cb3af6d8b402d33c46fde5838cae300fea1ab7f1d92294a3677211,operator,cfar_alpha,Task1,Step4,cfar_alpha,cfar_alpha__alpha_int32_10e3__46cda4c529e93a4d,alpha_int32_10e3,10^3,1,pfa=[1],INT32,CPU,not_applicable,compatibility/end-to-end,PASS,OK,20,100,68,0.00012,true,46cda4c529e93a4dd06824368b79f3b22b1414db7ae4a9cf2e0431a4526786ac,af5570f5a1810b7af78caf4bc70a660f0df51e42baf91d4de5b2328de0e83dfc
1,20260810T024506Z_5e66669d177a_stage07_b01_formal_df0e8889,formal,20260810T024506Z,5e66669d177af61a75bb35b4b5c102ab6988e92c,false,stage07_b01_radartools_five_dtype_v2,03a5a9e2f6cb3af6d8b402d33c46fde5838cae300fea1ab7f1d92294a3677211,operator,cfar_alpha,Task1,Step4,cfar_alpha,cfar_alpha__alpha_int32_10e3__46cda4c529e93a4d,alpha_int32_10e3,10^3,1,pfa=[1],INT32,CPU,not_applicable,compatibility/end-to-end,PASS,OK,20,100,69,0.00011,true,46cda4c529e93a4dd06824368b79f3b22b1414db7ae4a9cf2e0431a4526786ac,af5570f5a1810b7af78caf4bc70a660f0df51e42baf91d4de5b2328de0e83dfc
1,20260810T024506Z_5e66669d177a_stage07_b01_formal_df0e8889,formal,20260810T024506Z,5e66669d177af61a75bb35b4b5c102ab6988e92c,false,stage07_b01_radartools_five_dtype_v2,03a5a9e2f6cb3af6d8b402d33c46fde5838cae300fea1ab7f1d92294a3677211,operator,cfar_alpha,Task1,Step4,cfar_alpha,cfar_alpha__alpha_int32_10e3__46cda4c529e93a4d,alpha_int32_10e3,10^3,1,pfa=[1],INT32,CPU,not_applicable,compatibility/end-to-end,PASS,OK,20,100,70,0.00011,true,46cda4c529e93a4dd06824368b79f3b22b1414db7ae4a9cf2e0431a4526786ac,af5570f5a1810b7af78caf4bc70a660f0df51e42baf91d4de5b2328de0e83dfc
1,20260810T024506Z_5e66669d177a_stage07_b01_formal_df0e8889,formal,20260810T024506Z,5e66669d177af61a75bb35b4b5c102ab6988e92c,false,stage07_b01_radartools_five_dtype_v2,03a5a9e2f6cb3af6d8b402d33c46fde5838cae300fea1ab7f1d92294a3677211,operator,cfar_alpha,Task1,Step4,cfar_alpha,cfar_alpha__alpha_int32_10e3__46cda4c529e93a4d,alpha_int32_10e3,10^3,1,pfa=[1],INT32,CPU,not_applicable,compatibility/end-to-end,PASS,OK,20,100,71,0.00011,true,46cda4c529e93a4dd06824368b79f3b22b1414db7ae4a9cf2e0431a4526786ac,af5570f5a1810b7af78caf4bc70a660f0df51e42baf91d4de5b2328de0e83dfc
1,20260810T024506Z_5e66669d177a_stage07_b01_formal_df0e8889,formal,20260810T024506Z,5e66669d177af61a75bb35b4b5c102ab6988e92c,false,stage07_b01_radartools_five_dtype_v2,03a5a9e2f6cb3af6d8b402d33c46fde5838cae300fea1ab7f1d92294a3677211,operator,cfar_alpha,Task1,Step4,cfar_alpha,cfar_alpha__alpha_int32_10e3__46cda4c529e93a4d,alpha_int32_10e3,10^3,1,pfa=[1],INT32,CPU,not_applicable,compatibility/end-to-end,PASS,OK,20,100,72,0.00012,true,46cda4c529e93a4dd06824368b79f3b22b1414db7ae4a9cf2e0431a4526786ac,af5570f5a1810b7af78caf4bc70a660f0df51e42baf91d4de5b2328de0e83dfc
1,20260810T024506Z_5e66669d177a_stage07_b01_formal_df0e8889,formal,20260810T024506Z,5e66669d177af61a75bb35b4b5c102ab6988e92c,false,stage07_b01_radartools_five_dtype_v2,03a5a9e2f6cb3af6d8b402d33c46fde5838cae300fea1ab7f1d92294a3677211,operator,cfar_alpha,Task1,Step4,cfar_alpha,cfar_alpha__alpha_int32_10e3__46cda4c529e93a4d,alpha_int32_10e3,10^3,1,pfa=[1],INT32,CPU,not_applicable,compatibility/end-to-end,PASS,OK,20,100,73,0.00011,true,46cda4c529e93a4dd06824368b79f3b22b1414db7ae4a9cf2e0431a4526786ac,af5570f5a1810b7af78caf4bc70a660f0df51e42baf91d4de5b2328de0e83dfc
1,20260810T024506Z_5e66669d177a_stage07_b01_formal_df0e8889,formal,20260810T024506Z,5e66669d177af61a75bb35b4b5c102ab6988e92c,false,stage07_b01_radartools_five_dtype_v2,03a5a9e2f6cb3af6d8b402d33c46fde5838cae300fea1ab7f1d92294a3677211,operator,cfar_alpha,Task1,Step4,cfar_alpha,cfar_alpha__alpha_int32_10e3__46cda4c529e93a4d,alpha_int32_10e3,10^3,1,pfa=[1],INT32,CPU,not_applicable,compatibility/end-to-end,PASS,OK,20,100,74,0.00011,true,46cda4c529e93a4dd06824368b79f3b22b1414db7ae4a9cf2e0431a4526786ac,af5570f5a1810b7af78caf4bc70a660f0df51e42baf91d4de5b2328de0e83dfc
1,20260810T024506Z_5e66669d177a_stage07_b01_formal_df0e8889,formal,20260810T024506Z,5e66669d177af61a75bb35b4b5c102ab6988e92c,false,stage07_b01_radartools_five_dtype_v2,03a5a9e2f6cb3af6d8b402d33c46fde5838cae300fea1ab7f1d92294a3677211,operator,cfar_alpha,Task1,Step4,cfar_alpha,cfar_alpha__alpha_int32_10e3__46cda4c529e93a4d,alpha_int32_10e3,10^3,1,pfa=[1],INT32,CPU,not_applicable,compatibility/end-to-end,PASS,OK,20,100,75,0.00012,true,46cda4c529e93a4dd06824368b79f3b22b1414db7ae4a9cf2e0431a4526786ac,af5570f5a1810b7af78caf4bc70a660f0df51e42baf91d4de5b2328de0e83dfc
1,20260810T024506Z_5e66669d177a_stage07_b01_formal_df0e8889,formal,20260810T024506Z,5e66669d177af61a75bb35b4b5c102ab6988e92c,false,stage07_b01_radartools_five_dtype_v2,03a5a9e2f6cb3af6d8b402d33c46fde5838cae300fea1ab7f1d92294a3677211,operator,cfar_alpha,Task1,Step4,cfar_alpha,cfar_alpha__alpha_int32_10e3__46cda4c529e93a4d,alpha_int32_10e3,10^3,1,pfa=[1],INT32,CPU,not_applicable,compatibility/end-to-end,PASS,OK,20,100,76,0.00011,true,46cda4c529e93a4dd06824368b79f3b22b1414db7ae4a9cf2e0431a4526786ac,af5570f5a1810b7af78caf4bc70a660f0df51e42baf91d4de5b2328de0e83dfc
1,20260810T024506Z_5e66669d177a_stage07_b01_formal_df0e8889,formal,20260810T024506Z,5e66669d177af61a75bb35b4b5c102ab6988e92c,false,stage07_b01_radartools_five_dtype_v2,03a5a9e2f6cb3af6d8b402d33c46fde5838cae300fea1ab7f1d92294a3677211,operator,cfar_alpha,Task1,Step4,cfar_alpha,cfar_alpha__alpha_int32_10e3__46cda4c529e93a4d,alpha_int32_10e3,10^3,1,pfa=[1],INT32,CPU,not_applicable,compatibility/end-to-end,PASS,OK,20,100,77,0.00011,true,46cda4c529e93a4dd06824368b79f3b22b1414db7ae4a9cf2e0431a4526786ac,af5570f5a1810b7af78caf4bc70a660f0df51e42baf91d4de5b2328de0e83dfc
1,20260810T024506Z_5e66669d177a_stage07_b01_formal_df0e8889,formal,20260810T024506Z,5e66669d177af61a75bb35b4b5c102ab6988e92c,false,stage07_b01_radartools_five_dtype_v2,03a5a9e2f6cb3af6d8b402d33c46fde5838cae300fea1ab7f1d92294a3677211,operator,cfar_alpha,Task1,Step4,cfar_alpha,cfar_alpha__alpha_int32_10e3__46cda4c529e93a4d,alpha_int32_10e3,10^3,1,pfa=[1],INT32,CPU,not_applicable,compatibility/end-to-end,PASS,OK,20,100,78,0.00011,true,46cda4c529e93a4dd06824368b79f3b22b1414db7ae4a9cf2e0431a4526786ac,af5570f5a1810b7af78caf4bc70a660f0df51e42baf91d4de5b2328de0e83dfc
1,20260810T024506Z_5e66669d177a_stage07_b01_formal_df0e8889,formal,20260810T024506Z,5e66669d177af61a75bb35b4b5c102ab6988e92c,false,stage07_b01_radartools_five_dtype_v2,03a5a9e2f6cb3af6d8b402d33c46fde5838cae300fea1ab7f1d92294a3677211,operator,cfar_alpha,Task1,Step4,cfar_alpha,cfar_alpha__alpha_int32_10e3__46cda4c529e93a4d,alpha_int32_10e3,10^3,1,pfa=[1],INT32,CPU,not_applicable,compatibility/end-to-end,PASS,OK,20,100,79,0.00012,true,46cda4c529e93a4dd06824368b79f3b22b1414db7ae4a9cf2e0431a4526786ac,af5570f5a1810b7af78caf4bc70a660f0df51e42baf91d4de5b2328de0e83dfc
1,20260810T024506Z_5e66669d177a_stage07_b01_formal_df0e8889,formal,20260810T024506Z,5e66669d177af61a75bb35b4b5c102ab6988e92c,false,stage07_b01_radartools_five_dtype_v2,03a5a9e2f6cb3af6d8b402d33c46fde5838cae300fea1ab7f1d92294a3677211,operator,cfar_alpha,Task1,Step4,cfar_alpha,cfar_alpha__alpha_int32_10e3__46cda4c529e93a4d,alpha_int32_10e3,10^3,1,pfa=[1],INT32,CPU,not_applicable,compatibility/end-to-end,PASS,OK,20,100,80,0.00011,true,46cda4c529e93a4dd06824368b79f3b22b1414db7ae4a9cf2e0431a4526786ac,af5570f5a1810b7af78caf4bc70a660f0df51e42baf91d4de5b2328de0e83dfc
1,20260810T024506Z_5e66669d177a_stage07_b01_formal_df0e8889,formal,20260810T024506Z,5e66669d177af61a75bb35b4b5c102ab6988e92c,false,stage07_b01_radartools_five_dtype_v2,03a5a9e2f6cb3af6d8b402d33c46fde5838cae300fea1ab7f1d92294a3677211,operator,cfar_alpha,Task1,Step4,cfar_alpha,cfar_alpha__alpha_int32_10e3__46cda4c529e93a4d,alpha_int32_10e3,10^3,1,pfa=[1],INT32,CPU,not_applicable,compatibility/end-to-end,PASS,OK,20,100,81,0.00011,true,46cda4c529e93a4dd06824368b79f3b22b1414db7ae4a9cf2e0431a4526786ac,af5570f5a1810b7af78caf4bc70a660f0df51e42baf91d4de5b2328de0e83dfc
1,20260810T024506Z_5e66669d177a_stage07_b01_formal_df0e8889,formal,20260810T024506Z,5e66669d177af61a75bb35b4b5c102ab6988e92c,false,stage07_b01_radartools_five_dtype_v2,03a5a9e2f6cb3af6d8b402d33c46fde5838cae300fea1ab7f1d92294a3677211,operator,cfar_alpha,Task1,Step4,cfar_alpha,cfar_alpha__alpha_int32_10e3__46cda4c529e93a4d,alpha_int32_10e3,10^3,1,pfa=[1],INT32,CPU,not_applicable,compatibility/end-to-end,PASS,OK,20,100,82,0.00011,true,46cda4c529e93a4dd06824368b79f3b22b1414db7ae4a9cf2e0431a4526786ac,af5570f5a1810b7af78caf4bc70a660f0df51e42baf91d4de5b2328de0e83dfc
1,20260810T024506Z_5e66669d177a_stage07_b01_formal_df0e8889,formal,20260810T024506Z,5e66669d177af61a75bb35b4b5c102ab6988e92c,false,stage07_b01_radartools_five_dtype_v2,03a5a9e2f6cb3af6d8b402d33c46fde5838cae300fea1ab7f1d92294a3677211,operator,cfar_alpha,Task1,Step4,cfar_alpha,cfar_alpha__alpha_int32_10e3__46cda4c529e93a4d,alpha_int32_10e3,10^3,1,pfa=[1],INT32,CPU,not_applicable,compatibility/end-to-end,PASS,OK,20,100,83,0.00012,true,46cda4c529e93a4dd06824368b79f3b22b1414db7ae4a9cf2e0431a4526786ac,af5570f5a1810b7af78caf4bc70a660f0df51e42baf91d4de5b2328de0e83dfc
1,20260810T024506Z_5e66669d177a_stage07_b01_formal_df0e8889,formal,20260810T024506Z,5e66669d177af61a75bb35b4b5c102ab6988e92c,false,stage07_b01_radartools_five_dtype_v2,03a5a9e2f6cb3af6d8b402d33c46fde5838cae300fea1ab7f1d92294a3677211,operator,cfar_alpha,Task1,Step4,cfar_alpha,cfar_alpha__alpha_int32_10e3__46cda4c529e93a4d,alpha_int32_10e3,10^3,1,pfa=[1],INT32,CPU,not_applicable,compatibility/end-to-end,PASS,OK,20,100,84,0.00011,true,46cda4c529e93a4dd06824368b79f3b22b1414db7ae4a9cf2e0431a4526786ac,af5570f5a1810b7af78caf4bc70a660f0df51e42baf91d4de5b2328de0e83dfc
1,20260810T024506Z_5e66669d177a_stage07_b01_formal_df0e8889,formal,20260810T024506Z,5e66669d177af61a75bb35b4b5c102ab6988e92c,false,stage07_b01_radartools_five_dtype_v2,03a5a9e2f6cb3af6d8b402d33c46fde5838cae300fea1ab7f1d92294a3677211,operator,cfar_alpha,Task1,Step4,cfar_alpha,cfar_alpha__alpha_int32_10e3__46cda4c529e93a4d,alpha_int32_10e3,10^3,1,pfa=[1],INT32,CPU,not_applicable,compatibility/end-to-end,PASS,OK,20,100,85,0.00011,true,46cda4c529e93a4dd06824368b79f3b22b1414db7ae4a9cf2e0431a4526786ac,af5570f5a1810b7af78caf4bc70a660f0df51e42baf91d4de5b2328de0e83dfc
1,20260810T024506Z_5e66669d177a_stage07_b01_formal_df0e8889,formal,20260810T024506Z,5e66669d177af61a75bb35b4b5c102ab6988e92c,false,stage07_b01_radartools_five_dtype_v2,03a5a9e2f6cb3af6d8b402d33c46fde5838cae300fea1ab7f1d92294a3677211,operator,cfar_alpha,Task1,Step4,cfar_alpha,cfar_alpha__alpha_int32_10e3__46cda4c529e93a4d,alpha_int32_10e3,10^3,1,pfa=[1],INT32,CPU,not_applicable,compatibility/end-to-end,PASS,OK,20,100,86,0.00012,true,46cda4c529e93a4dd06824368b79f3b22b1414db7ae4a9cf2e0431a4526786ac,af5570f5a1810b7af78caf4bc70a660f0df51e42baf91d4de5b2328de0e83dfc
1,20260810T024506Z_5e66669d177a_stage07_b01_formal_df0e8889,formal,20260810T024506Z,5e66669d177af61a75bb35b4b5c102ab6988e92c,false,stage07_b01_radartools_five_dtype_v2,03a5a9e2f6cb3af6d8b402d33c46fde5838cae300fea1ab7f1d92294a3677211,operator,cfar_alpha,Task1,Step4,cfar_alpha,cfar_alpha__alpha_int32_10e3__46cda4c529e93a4d,alpha_int32_10e3,10^3,1,pfa=[1],INT32,CPU,not_applicable,compatibility/end-to-end,PASS,OK,20,100,87,0.00011,true,46cda4c529e93a4dd06824368b79f3b22b1414db7ae4a9cf2e0431a4526786ac,af5570f5a1810b7af78caf4bc70a660f0df51e42baf91d4de5b2328de0e83dfc
1,20260810T024506Z_5e66669d177a_stage07_b01_formal_df0e8889,formal,20260810T024506Z,5e66669d177af61a75bb35b4b5c102ab6988e92c,false,stage07_b01_radartools_five_dtype_v2,03a5a9e2f6cb3af6d8b402d33c46fde5838cae300fea1ab7f1d92294a3677211,operator,cfar_alpha,Task1,Step4,cfar_alpha,cfar_alpha__alpha_int32_10e3__46cda4c529e93a4d,alpha_int32_10e3,10^3,1,pfa=[1],INT32,CPU,not_applicable,compatibility/end-to-end,PASS,OK,20,100,88,0.00011,true,46cda4c529e93a4dd06824368b79f3b22b1414db7ae4a9cf2e0431a4526786ac,af5570f5a1810b7af78caf4bc70a660f0df51e42baf91d4de5b2328de0e83dfc
1,20260810T024506Z_5e66669d177a_stage07_b01_formal_df0e8889,formal,20260810T024506Z,5e66669d177af61a75bb35b4b5c102ab6988e92c,false,stage07_b01_radartools_five_dtype_v2,03a5a9e2f6cb3af6d8b402d33c46fde5838cae300fea1ab7f1d92294a3677211,operator,cfar_alpha,Task1,Step4,cfar_alpha,cfar_alpha__alpha_int32_10e3__46cda4c529e93a4d,alpha_int32_10e3,10^3,1,pfa=[1],INT32,CPU,not_applicable,compatibility/end-to-end,PASS,OK,20,100,89,0.00011,true,46cda4c529e93a4dd06824368b79f3b22b1414db7ae4a9cf2e0431a4526786ac,af5570f5a1810b7af78caf4bc70a660f0df51e42baf91d4de5b2328de0e83dfc
1,20260810T024506Z_5e66669d177a_stage07_b01_formal_df0e8889,formal,20260810T024506Z,5e66669d177af61a75bb35b4b5c102ab6988e92c,false,stage07_b01_radartools_five_dtype_v2,03a5a9e2f6cb3af6d8b402d33c46fde5838cae300fea1ab7f1d92294a3677211,operator,cfar_alpha,Task1,Step4,cfar_alpha,cfar_alpha__alpha_int32_10e3__46cda4c529e93a4d,alpha_int32_10e3,10^3,1,pfa=[1],INT32,CPU,not_applicable,compatibility/end-to-end,PASS,OK,20,100,90,0.00012,true,46cda4c529e93a4dd06824368b79f3b22b1414db7ae4a9cf2e0431a4526786ac,af5570f5a1810b7af78caf4bc70a660f0df51e42baf91d4de5b2328de0e83dfc
1,20260810T024506Z_5e66669d177a_stage07_b01_formal_df0e8889,formal,20260810T024506Z,5e66669d177af61a75bb35b4b5c102ab6988e92c,false,stage07_b01_radartools_five_dtype_v2,03a5a9e2f6cb3af6d8b402d33c46fde5838cae300fea1ab7f1d92294a3677211,operator,cfar_alpha,Task1,Step4,cfar_alpha,cfar_alpha__alpha_int32_10e3__46cda4c529e93a4d,alpha_int32_10e3,10^3,1,pfa=[1],INT32,CPU,not_applicable,compatibility/end-to-end,PASS,OK,20,100,91,0.00011,true,46cda4c529e93a4dd06824368b79f3b22b1414db7ae4a9cf2e0431a4526786ac,af5570f5a1810b7af78caf4bc70a660f0df51e42baf91d4de5b2328de0e83dfc
1,20260810T024506Z_5e66669d177a_stage07_b01_formal_df0e8889,formal,20260810T024506Z,5e66669d177af61a75bb35b4b5c102ab6988e92c,false,stage07_b01_radartools_five_dtype_v2,03a5a9e2f6cb3af6d8b402d33c46fde5838cae300fea1ab7f1d92294a3677211,operator,cfar_alpha,Task1,Step4,cfar_alpha,cfar_alpha__alpha_int32_10e3__46cda4c529e93a4d,alpha_int32_10e3,10^3,1,pfa=[1],INT32,CPU,not_applicable,compatibility/end-to-end,PASS,OK,20,100,92,0.00011,true,46cda4c529e93a4dd06824368b79f3b22b1414db7ae4a9cf2e0431a4526786ac,af5570f5a1810b7af78caf4bc70a660f0df51e42baf91d4de5b2328de0e83dfc
1,20260810T024506Z_5e66669d177a_stage07_b01_formal_df0e8889,formal,20260810T024506Z,5e66669d177af61a75bb35b4b5c102ab6988e92c,false,stage07_b01_radartools_five_dtype_v2,03a5a9e2f6cb3af6d8b402d33c46fde5838cae300fea1ab7f1d92294a3677211,operator,cfar_alpha,Task1,Step4,cfar_alpha,cfar_alpha__alpha_int32_10e3__46cda4c529e93a4d,alpha_int32_10e3,10^3,1,pfa=[1],INT32,CPU,not_applicable,compatibility/end-to-end,PASS,OK,20,100,93,0.00011,true,46cda4c529e93a4dd06824368b79f3b22b1414db7ae4a9cf2e0431a4526786ac,af5570f5a1810b7af78caf4bc70a660f0df51e42baf91d4de5b2328de0e83dfc
1,20260810T024506Z_5e66669d177a_stage07_b01_formal_df0e8889,formal,20260810T024506Z,5e66669d177af61a75bb35b4b5c102ab6988e92c,false,stage07_b01_radartools_five_dtype_v2,03a5a9e2f6cb3af6d8b402d33c46fde5838cae300fea1ab7f1d92294a3677211,operator,cfar_alpha,Task1,Step4,cfar_alpha,cfar_alpha__alpha_int32_10e3__46cda4c529e93a4d,alpha_int32_10e3,10^3,1,pfa=[1],INT32,CPU,not_applicable,compatibility/end-to-end,PASS,OK,20,100,94,0.00012,true,46cda4c529e93a4dd06824368b79f3b22b1414db7ae4a9cf2e0431a4526786ac,af5570f5a1810b7af78caf4bc70a660f0df51e42baf91d4de5b2328de0e83dfc
1,20260810T024506Z_5e66669d177a_stage07_b01_formal_df0e8889,formal,20260810T024506Z,5e66669d177af61a75bb35b4b5c102ab6988e92c,false,stage07_b01_radartools_five_dtype_v2,03a5a9e2f6cb3af6d8b402d33c46fde5838cae300fea1ab7f1d92294a3677211,operator,cfar_alpha,Task1,Step4,cfar_alpha,cfar_alpha__alpha_int32_10e3__46cda4c529e93a4d,alpha_int32_10e3,10^3,1,pfa=[1],INT32,CPU,not_applicable,compatibility/end-to-end,PASS,OK,20,100,95,0.00011,true,46cda4c529e93a4dd06824368b79f3b22b1414db7ae4a9cf2e0431a4526786ac,af5570f5a1810b7af78caf4bc70a660f0df51e42baf91d4de5b2328de0e83dfc
1,20260810T024506Z_5e66669d177a_stage07_b01_formal_df0e8889,formal,20260810T024506Z,5e66669d177af61a75bb35b4b5c102ab6988e92c,false,stage07_b01_radartools_five_dtype_v2,03a5a9e2f6cb3af6d8b402d33c46fde5838cae300fea1ab7f1d92294a3677211,operator,cfar_alpha,Task1,Step4,cfar_alpha,cfar_alpha__alpha_int32_10e3__46cda4c529e93a4d,alpha_int32_10e3,10^3,1,pfa=[1],INT32,CPU,not_applicable,compatibility/end-to-end,PASS,OK,20,100,96,0.00011,true,46cda4c529e93a4dd06824368b79f3b22b1414db7ae4a9cf2e0431a4526786ac,af5570f5a1810b7af78caf4bc70a660f0df51e42baf91d4de5b2328de0e83dfc
1,20260810T024506Z_5e66669d177a_stage07_b01_formal_df0e8889,formal,20260810T024506Z,5e66669d177af61a75bb35b4b5c102ab6988e92c,false,stage07_b01_radartools_five_dtype_v2,03a5a9e2f6cb3af6d8b402d33c46fde5838cae300fea1ab7f1d92294a3677211,operator,cfar_alpha,Task1,Step4,cfar_alpha,cfar_alpha__alpha_int32_10e3__46cda4c529e93a4d,alpha_int32_10e3,10^3,1,pfa=[1],INT32,CPU,not_applicable,compatibility/end-to-end,PASS,OK,20,100,97,0.00011,true,46cda4c529e93a4dd06824368b79f3b22b1414db7ae4a9cf2e0431a4526786ac,af5570f5a1810b7af78caf4bc70a660f0df51e42baf91d4de5b2328de0e83dfc
1,20260810T024506Z_5e66669d177a_stage07_b01_formal_df0e8889,formal,20260810T024506Z,5e66669d177af61a75bb35b4b5c102ab6988e92c,false,stage07_b01_radartools_five_dtype_v2,03a5a9e2f6cb3af6d8b402d33c46fde5838cae300fea1ab7f1d92294a3677211,operator,cfar_alpha,Task1,Step4,cfar_alpha,cfar_alpha__alpha_int32_10e3__46cda4c529e93a4d,alpha_int32_10e3,10^3,1,pfa=[1],INT32,CPU,not_applicable,compatibility/end-to-end,PASS,OK,20,100,98,0.00012,true,46cda4c529e93a4dd06824368b79f3b22b1414db7ae4a9cf2e0431a4526786ac,af5570f5a1810b7af78caf4bc70a660f0df51e42baf91d4de5b2328de0e83dfc
1,20260810T024506Z_5e66669d177a_stage07_b01_formal_df0e8889,formal,20260810T024506Z,5e66669d177af61a75bb35b4b5c102ab6988e92c,false,stage07_b01_radartools_five_dtype_v2,03a5a9e2f6cb3af6d8b402d33c46fde5838cae300fea1ab7f1d92294a3677211,operator,cfar_alpha,Task1,Step4,cfar_alpha,cfar_alpha__alpha_int32_10e3__46cda4c529e93a4d,alpha_int32_10e3,10^3,1,pfa=[1],INT32,CPU,not_applicable,compatibility/end-to-end,PASS,OK,20,100,99,0.00011,true,46cda4c529e93a4dd06824368b79f3b22b1414db7ae4a9cf2e0431a4526786ac,af5570f5a1810b7af78caf4bc70a660f0df51e42baf91d4de5b2328de0e83dfc
1,20260810T024506Z_5e66669d177a_stage07_b01_formal_df0e8889,formal,20260810T024506Z,5e66669d177af61a75bb35b4b5c102ab6988e92c,false,stage07_b01_radartools_five_dtype_v2,03a5a9e2f6cb3af6d8b402d33c46fde5838cae300fea1ab7f1d92294a3677211,operator,cfar_alpha,Task1,Step4,cfar_alpha,cfar_alpha__alpha_int32_10e3__46cda4c529e93a4d,alpha_int32_10e3,10^3,1,pfa=[1],INT32,GPU,not_applicable,compatibility/end-to-end,PASS,OK,20,100,0,0.178972,true,46cda4c529e93a4dd06824368b79f3b22b1414db7ae4a9cf2e0431a4526786ac,af5570f5a1810b7af78caf4bc70a660f0df51e42baf91d4de5b2328de0e83dfc
1,20260810T024506Z_5e66669d177a_stage07_b01_formal_df0e8889,formal,20260810T024506Z,5e66669d177af61a75bb35b4b5c102ab6988e92c,false,stage07_b01_radartools_five_dtype_v2,03a5a9e2f6cb3af6d8b402d33c46fde5838cae300fea1ab7f1d92294a3677211,operator,cfar_alpha,Task1,Step4,cfar_alpha,cfar_alpha__alpha_int32_10e3__46cda4c529e93a4d,alpha_int32_10e3,10^3,1,pfa=[1],INT32,GPU,not_applicable,compatibility/end-to-end,PASS,OK,20,100,1,0.177401,true,46cda4c529e93a4dd06824368b79f3b22b1414db7ae4a9cf2e0431a4526786ac,af5570f5a1810b7af78caf4bc70a660f0df51e42baf91d4de5b2328de0e83dfc
1,20260810T024506Z_5e66669d177a_stage07_b01_formal_df0e8889,formal,20260810T024506Z,5e66669d177af61a75bb35b4b5c102ab6988e92c,false,stage07_b01_radartools_five_dtype_v2,03a5a9e2f6cb3af6d8b402d33c46fde5838cae300fea1ab7f1d92294a3677211,operator,cfar_alpha,Task1,Step4,cfar_alpha,cfar_alpha__alpha_int32_10e3__46cda4c529e93a4d,alpha_int32_10e3,10^3,1,pfa=[1],INT32,GPU,not_applicable,compatibility/end-to-end,PASS,OK,20,100,2,0.176352,true,46cda4c529e93a4dd06824368b79f3b22b1414db7ae4a9cf2e0431a4526786ac,af5570f5a1810b7af78caf4bc70a660f0df51e42baf91d4de5b2328de0e83dfc
1,20260810T024506Z_5e66669d177a_stage07_b01_formal_df0e8889,formal,20260810T024506Z,5e66669d177af61a75bb35b4b5c102ab6988e92c,false,stage07_b01_radartools_five_dtype_v2,03a5a9e2f6cb3af6d8b402d33c46fde5838cae300fea1ab7f1d92294a3677211,operator,cfar_alpha,Task1,Step4,cfar_alpha,cfar_alpha__alpha_int32_10e3__46cda4c529e93a4d,alpha_int32_10e3,10^3,1,pfa=[1],INT32,GPU,not_applicable,compatibility/end-to-end,PASS,OK,20,100,3,0.178241,true,46cda4c529e93a4dd06824368b79f3b22b1414db7ae4a9cf2e0431a4526786ac,af5570f5a1810b7af78caf4bc70a660f0df51e42baf91d4de5b2328de0e83dfc
1,20260810T024506Z_5e66669d177a_stage07_b01_formal_df0e8889,formal,20260810T024506Z,5e66669d177af61a75bb35b4b5c102ab6988e92c,false,stage07_b01_radartools_five_dtype_v2,03a5a9e2f6cb3af6d8b402d33c46fde5838cae300fea1ab7f1d92294a3677211,operator,cfar_alpha,Task1,Step4,cfar_alpha,cfar_alpha__alpha_int32_10e3__46cda4c529e93a4d,alpha_int32_10e3,10^3,1,pfa=[1],INT32,GPU,not_applicable,compatibility/end-to-end,PASS,OK,20,100,4,0.176242,true,46cda4c529e93a4dd06824368b79f3b22b1414db7ae4a9cf2e0431a4526786ac,af5570f5a1810b7af78caf4bc70a660f0df51e42baf91d4de5b2328de0e83dfc
1,20260810T024506Z_5e66669d177a_stage07_b01_formal_df0e8889,formal,20260810T024506Z,5e66669d177af61a75bb35b4b5c102ab6988e92c,false,stage07_b01_radartools_five_dtype_v2,03a5a9e2f6cb3af6d8b402d33c46fde5838cae300fea1ab7f1d92294a3677211,operator,cfar_alpha,Task1,Step4,cfar_alpha,cfar_alpha__alpha_int32_10e3__46cda4c529e93a4d,alpha_int32_10e3,10^3,1,pfa=[1],INT32,GPU,not_applicable,compatibility/end-to-end,PASS,OK,20,100,5,0.180282,true,46cda4c529e93a4dd06824368b79f3b22b1414db7ae4a9cf2e0431a4526786ac,af5570f5a1810b7af78caf4bc70a660f0df51e42baf91d4de5b2328de0e83dfc
1,20260810T024506Z_5e66669d177a_stage07_b01_formal_df0e8889,formal,20260810T024506Z,5e66669d177af61a75bb35b4b5c102ab6988e92c,false,stage07_b01_radartools_five_dtype_v2,03a5a9e2f6cb3af6d8b402d33c46fde5838cae300fea1ab7f1d92294a3677211,operator,cfar_alpha,Task1,Step4,cfar_alpha,cfar_alpha__alpha_int32_10e3__46cda4c529e93a4d,alpha_int32_10e3,10^3,1,pfa=[1],INT32,GPU,not_applicable,compatibility/end-to-end,PASS,OK,20,100,6,0.175931,true,46cda4c529e93a4dd06824368b79f3b22b1414db7ae4a9cf2e0431a4526786ac,af5570f5a1810b7af78caf4bc70a660f0df51e42baf91d4de5b2328de0e83dfc
1,20260810T024506Z_5e66669d177a_stage07_b01_formal_df0e8889,formal,20260810T024506Z,5e66669d177af61a75bb35b4b5c102ab6988e92c,false,stage07_b01_radartools_five_dtype_v2,03a5a9e2f6cb3af6d8b402d33c46fde5838cae300fea1ab7f1d92294a3677211,operator,cfar_alpha,Task1,Step4,cfar_alpha,cfar_alpha__alpha_int32_10e3__46cda4c529e93a4d,alpha_int32_10e3,10^3,1,pfa=[1],INT32,GPU,not_applicable,compatibility/end-to-end,PASS,OK,20,100,7,0.176392,true,46cda4c529e93a4dd06824368b79f3b22b1414db7ae4a9cf2e0431a4526786ac,af5570f5a1810b7af78caf4bc70a660f0df51e42baf91d4de5b2328de0e83dfc
1,20260810T024506Z_5e66669d177a_stage07_b01_formal_df0e8889,formal,20260810T024506Z,5e66669d177af61a75bb35b4b5c102ab6988e92c,false,stage07_b01_radartools_five_dtype_v2,03a5a9e2f6cb3af6d8b402d33c46fde5838cae300fea1ab7f1d92294a3677211,operator,cfar_alpha,Task1,Step4,cfar_alpha,cfar_alpha__alpha_int32_10e3__46cda4c529e93a4d,alpha_int32_10e3,10^3,1,pfa=[1],INT32,GPU,not_applicable,compatibility/end-to-end,PASS,OK,20,100,8,0.176761,true,46cda4c529e93a4dd06824368b79f3b22b1414db7ae4a9cf2e0431a4526786ac,af5570f5a1810b7af78caf4bc70a660f0df51e42baf91d4de5b2328de0e83dfc
1,20260810T024506Z_5e66669d177a_stage07_b01_formal_df0e8889,formal,20260810T024506Z,5e66669d177af61a75bb35b4b5c102ab6988e92c,false,stage07_b01_radartools_five_dtype_v2,03a5a9e2f6cb3af6d8b402d33c46fde5838cae300fea1ab7f1d92294a3677211,operator,cfar_alpha,Task1,Step4,cfar_alpha,cfar_alpha__alpha_int32_10e3__46cda4c529e93a4d,alpha_int32_10e3,10^3,1,pfa=[1],INT32,GPU,not_applicable,compatibility/end-to-end,PASS,OK,20,100,9,0.174161,true,46cda4c529e93a4dd06824368b79f3b22b1414db7ae4a9cf2e0431a4526786ac,af5570f5a1810b7af78caf4bc70a660f0df51e42baf91d4de5b2328de0e83dfc
1,20260810T024506Z_5e66669d177a_stage07_b01_formal_df0e8889,formal,20260810T024506Z,5e66669d177af61a75bb35b4b5c102ab6988e92c,false,stage07_b01_radartools_five_dtype_v2,03a5a9e2f6cb3af6d8b402d33c46fde5838cae300fea1ab7f1d92294a3677211,operator,cfar_alpha,Task1,Step4,cfar_alpha,cfar_alpha__alpha_int32_10e3__46cda4c529e93a4d,alpha_int32_10e3,10^3,1,pfa=[1],INT32,GPU,not_applicable,compatibility/end-to-end,PASS,OK,20,100,10,0.174352,true,46cda4c529e93a4dd06824368b79f3b22b1414db7ae4a9cf2e0431a4526786ac,af5570f5a1810b7af78caf4bc70a660f0df51e42baf91d4de5b2328de0e83dfc
1,20260810T024506Z_5e66669d177a_stage07_b01_formal_df0e8889,formal,20260810T024506Z,5e66669d177af61a75bb35b4b5c102ab6988e92c,false,stage07_b01_radartools_five_dtype_v2,03a5a9e2f6cb3af6d8b402d33c46fde5838cae300fea1ab7f1d92294a3677211,operator,cfar_alpha,Task1,Step4,cfar_alpha,cfar_alpha__alpha_int32_10e3__46cda4c529e93a4d,alpha_int32_10e3,10^3,1,pfa=[1],INT32,GPU,not_applicable,compatibility/end-to-end,PASS,OK,20,100,11,0.175671,true,46cda4c529e93a4dd06824368b79f3b22b1414db7ae4a9cf2e0431a4526786ac,af5570f5a1810b7af78caf4bc70a660f0df51e42baf91d4de5b2328de0e83dfc
1,20260810T024506Z_5e66669d177a_stage07_b01_formal_df0e8889,formal,20260810T024506Z,5e66669d177af61a75bb35b4b5c102ab6988e92c,false,stage07_b01_radartools_five_dtype_v2,03a5a9e2f6cb3af6d8b402d33c46fde5838cae300fea1ab7f1d92294a3677211,operator,cfar_alpha,Task1,Step4,cfar_alpha,cfar_alpha__alpha_int32_10e3__46cda4c529e93a4d,alpha_int32_10e3,10^3,1,pfa=[1],INT32,GPU,not_applicable,compatibility/end-to-end,PASS,OK,20,100,12,0.175992,true,46cda4c529e93a4dd06824368b79f3b22b1414db7ae4a9cf2e0431a4526786ac,af5570f5a1810b7af78caf4bc70a660f0df51e42baf91d4de5b2328de0e83dfc
1,20260810T024506Z_5e66669d177a_stage07_b01_formal_df0e8889,formal,20260810T024506Z,5e66669d177af61a75bb35b4b5c102ab6988e92c,false,stage07_b01_radartools_five_dtype_v2,03a5a9e2f6cb3af6d8b402d33c46fde5838cae300fea1ab7f1d92294a3677211,operator,cfar_alpha,Task1,Step4,cfar_alpha,cfar_alpha__alpha_int32_10e3__46cda4c529e93a4d,alpha_int32_10e3,10^3,1,pfa=[1],INT32,GPU,not_applicable,compatibility/end-to-end,PASS,OK,20,100,13,0.176681,true,46cda4c529e93a4dd06824368b79f3b22b1414db7ae4a9cf2e0431a4526786ac,af5570f5a1810b7af78caf4bc70a660f0df51e42baf91d4de5b2328de0e83dfc
1,20260810T024506Z_5e66669d177a_stage07_b01_formal_df0e8889,formal,20260810T024506Z,5e66669d177af61a75bb35b4b5c102ab6988e92c,false,stage07_b01_radartools_five_dtype_v2,03a5a9e2f6cb3af6d8b402d33c46fde5838cae300fea1ab7f1d92294a3677211,operator,cfar_alpha,Task1,Step4,cfar_alpha,cfar_alpha__alpha_int32_10e3__46cda4c529e93a4d,alpha_int32_10e3,10^3,1,pfa=[1],INT32,GPU,not_applicable,compatibility/end-to-end,PASS,OK,20,100,14,0.178942,true,46cda4c529e93a4dd06824368b79f3b22b1414db7ae4a9cf2e0431a4526786ac,af5570f5a1810b7af78caf4bc70a660f0df51e42baf91d4de5b2328de0e83dfc
1,20260810T024506Z_5e66669d177a_stage07_b01_formal_df0e8889,formal,20260810T024506Z,5e66669d177af61a75bb35b4b5c102ab6988e92c,false,stage07_b01_radartools_five_dtype_v2,03a5a9e2f6cb3af6d8b402d33c46fde5838cae300fea1ab7f1d92294a3677211,operator,cfar_alpha,Task1,Step4,cfar_alpha,cfar_alpha__alpha_int32_10e3__46cda4c529e93a4d,alpha_int32_10e3,10^3,1,pfa=[1],INT32,GPU,not_applicable,compatibility/end-to-end,PASS,OK,20,100,15,0.176272,true,46cda4c529e93a4dd06824368b79f3b22b1414db7ae4a9cf2e0431a4526786ac,af5570f5a1810b7af78caf4bc70a660f0df51e42baf91d4de5b2328de0e83dfc
1,20260810T024506Z_5e66669d177a_stage07_b01_formal_df0e8889,formal,20260810T024506Z,5e66669d177af61a75bb35b4b5c102ab6988e92c,false,stage07_b01_radartools_five_dtype_v2,03a5a9e2f6cb3af6d8b402d33c46fde5838cae300fea1ab7f1d92294a3677211,operator,cfar_alpha,Task1,Step4,cfar_alpha,cfar_alpha__alpha_int32_10e3__46cda4c529e93a4d,alpha_int32_10e3,10^3,1,pfa=[1],INT32,GPU,not_applicable,compatibility/end-to-end,PASS,OK,20,100,16,0.178191,true,46cda4c529e93a4dd06824368b79f3b22b1414db7ae4a9cf2e0431a4526786ac,af5570f5a1810b7af78caf4bc70a660f0df51e42baf91d4de5b2328de0e83dfc
1,20260810T024506Z_5e66669d177a_stage07_b01_formal_df0e8889,formal,20260810T024506Z,5e66669d177af61a75bb35b4b5c102ab6988e92c,false,stage07_b01_radartools_five_dtype_v2,03a5a9e2f6cb3af6d8b402d33c46fde5838cae300fea1ab7f1d92294a3677211,operator,cfar_alpha,Task1,Step4,cfar_alpha,cfar_alpha__alpha_int32_10e3__46cda4c529e93a4d,alpha_int32_10e3,10^3,1,pfa=[1],INT32,GPU,not_applicable,compatibility/end-to-end,PASS,OK,20,100,17,0.177712,true,46cda4c529e93a4dd06824368b79f3b22b1414db7ae4a9cf2e0431a4526786ac,af5570f5a1810b7af78caf4bc70a660f0df51e42baf91d4de5b2328de0e83dfc
1,20260810T024506Z_5e66669d177a_stage07_b01_formal_df0e8889,formal,20260810T024506Z,5e66669d177af61a75bb35b4b5c102ab6988e92c,false,stage07_b01_radartools_five_dtype_v2,03a5a9e2f6cb3af6d8b402d33c46fde5838cae300fea1ab7f1d92294a3677211,operator,cfar_alpha,Task1,Step4,cfar_alpha,cfar_alpha__alpha_int32_10e3__46cda4c529e93a4d,alpha_int32_10e3,10^3,1,pfa=[1],INT32,GPU,not_applicable,compatibility/end-to-end,PASS,OK,20,100,18,0.176392,true,46cda4c529e93a4dd06824368b79f3b22b1414db7ae4a9cf2e0431a4526786ac,af5570f5a1810b7af78caf4bc70a660f0df51e42baf91d4de5b2328de0e83dfc
1,20260810T024506Z_5e66669d177a_stage07_b01_formal_df0e8889,formal,20260810T024506Z,5e66669d177af61a75bb35b4b5c102ab6988e92c,false,stage07_b01_radartools_five_dtype_v2,03a5a9e2f6cb3af6d8b402d33c46fde5838cae300fea1ab7f1d92294a3677211,operator,cfar_alpha,Task1,Step4,cfar_alpha,cfar_alpha__alpha_int32_10e3__46cda4c529e93a4d,alpha_int32_10e3,10^3,1,pfa=[1],INT32,GPU,not_applicable,compatibility/end-to-end,PASS,OK,20,100,19,0.176231,true,46cda4c529e93a4dd06824368b79f3b22b1414db7ae4a9cf2e0431a4526786ac,af5570f5a1810b7af78caf4bc70a660f0df51e42baf91d4de5b2328de0e83dfc
1,20260810T024506Z_5e66669d177a_stage07_b01_formal_df0e8889,formal,20260810T024506Z,5e66669d177af61a75bb35b4b5c102ab6988e92c,false,stage07_b01_radartools_five_dtype_v2,03a5a9e2f6cb3af6d8b402d33c46fde5838cae300fea1ab7f1d92294a3677211,operator,cfar_alpha,Task1,Step4,cfar_alpha,cfar_alpha__alpha_int32_10e3__46cda4c529e93a4d,alpha_int32_10e3,10^3,1,pfa=[1],INT32,GPU,not_applicable,compatibility/end-to-end,PASS,OK,20,100,20,0.231362,true,46cda4c529e93a4dd06824368b79f3b22b1414db7ae4a9cf2e0431a4526786ac,af5570f5a1810b7af78caf4bc70a660f0df51e42baf91d4de5b2328de0e83dfc
1,20260810T024506Z_5e66669d177a_stage07_b01_formal_df0e8889,formal,20260810T024506Z,5e66669d177af61a75bb35b4b5c102ab6988e92c,false,stage07_b01_radartools_five_dtype_v2,03a5a9e2f6cb3af6d8b402d33c46fde5838cae300fea1ab7f1d92294a3677211,operator,cfar_alpha,Task1,Step4,cfar_alpha,cfar_alpha__alpha_int32_10e3__46cda4c529e93a4d,alpha_int32_10e3,10^3,1,pfa=[1],INT32,GPU,not_applicable,compatibility/end-to-end,PASS,OK,20,100,21,0.192252,true,46cda4c529e93a4dd06824368b79f3b22b1414db7ae4a9cf2e0431a4526786ac,af5570f5a1810b7af78caf4bc70a660f0df51e42baf91d4de5b2328de0e83dfc
1,20260810T024506Z_5e66669d177a_stage07_b01_formal_df0e8889,formal,20260810T024506Z,5e66669d177af61a75bb35b4b5c102ab6988e92c,false,stage07_b01_radartools_five_dtype_v2,03a5a9e2f6cb3af6d8b402d33c46fde5838cae300fea1ab7f1d92294a3677211,operator,cfar_alpha,Task1,Step4,cfar_alpha,cfar_alpha__alpha_int32_10e3__46cda4c529e93a4d,alpha_int32_10e3,10^3,1,pfa=[1],INT32,GPU,not_applicable,compatibility/end-to-end,PASS,OK,20,100,22,0.182482,true,46cda4c529e93a4dd06824368b79f3b22b1414db7ae4a9cf2e0431a4526786ac,af5570f5a1810b7af78caf4bc70a660f0df51e42baf91d4de5b2328de0e83dfc
1,20260810T024506Z_5e66669d177a_stage07_b01_formal_df0e8889,formal,20260810T024506Z,5e66669d177af61a75bb35b4b5c102ab6988e92c,false,stage07_b01_radartools_five_dtype_v2,03a5a9e2f6cb3af6d8b402d33c46fde5838cae300fea1ab7f1d92294a3677211,operator,cfar_alpha,Task1,Step4,cfar_alpha,cfar_alpha__alpha_int32_10e3__46cda4c529e93a4d,alpha_int32_10e3,10^3,1,pfa=[1],INT32,GPU,not_applicable,compatibility/end-to-end,PASS,OK,20,100,23,0.177021,true,46cda4c529e93a4dd06824368b79f3b22b1414db7ae4a9cf2e0431a4526786ac,af5570f5a1810b7af78caf4bc70a660f0df51e42baf91d4de5b2328de0e83dfc
1,20260810T024506Z_5e66669d177a_stage07_b01_formal_df0e8889,formal,20260810T024506Z,5e66669d177af61a75bb35b4b5c102ab6988e92c,false,stage07_b01_radartools_five_dtype_v2,03a5a9e2f6cb3af6d8b402d33c46fde5838cae300fea1ab7f1d92294a3677211,operator,cfar_alpha,Task1,Step4,cfar_alpha,cfar_alpha__alpha_int32_10e3__46cda4c529e93a4d,alpha_int32_10e3,10^3,1,pfa=[1],INT32,GPU,not_applicable,compatibility/end-to-end,PASS,OK,20,100,24,0.175792,true,46cda4c529e93a4dd06824368b79f3b22b1414db7ae4a9cf2e0431a4526786ac,af5570f5a1810b7af78caf4bc70a660f0df51e42baf91d4de5b2328de0e83dfc
1,20260810T024506Z_5e66669d177a_stage07_b01_formal_df0e8889,formal,20260810T024506Z,5e66669d177af61a75bb35b4b5c102ab6988e92c,false,stage07_b01_radartools_five_dtype_v2,03a5a9e2f6cb3af6d8b402d33c46fde5838cae300fea1ab7f1d92294a3677211,operator,cfar_alpha,Task1,Step4,cfar_alpha,cfar_alpha__alpha_int32_10e3__46cda4c529e93a4d,alpha_int32_10e3,10^3,1,pfa=[1],INT32,GPU,not_applicable,compatibility/end-to-end,PASS,OK,20,100,25,0.174762,true,46cda4c529e93a4dd06824368b79f3b22b1414db7ae4a9cf2e0431a4526786ac,af5570f5a1810b7af78caf4bc70a660f0df51e42baf91d4de5b2328de0e83dfc
1,20260810T024506Z_5e66669d177a_stage07_b01_formal_df0e8889,formal,20260810T024506Z,5e66669d177af61a75bb35b4b5c102ab6988e92c,false,stage07_b01_radartools_five_dtype_v2,03a5a9e2f6cb3af6d8b402d33c46fde5838cae300fea1ab7f1d92294a3677211,operator,cfar_alpha,Task1,Step4,cfar_alpha,cfar_alpha__alpha_int32_10e3__46cda4c529e93a4d,alpha_int32_10e3,10^3,1,pfa=[1],INT32,GPU,not_applicable,compatibility/end-to-end,PASS,OK,20,100,26,0.174061,true,46cda4c529e93a4dd06824368b79f3b22b1414db7ae4a9cf2e0431a4526786ac,af5570f5a1810b7af78caf4bc70a660f0df51e42baf91d4de5b2328de0e83dfc
1,20260810T024506Z_5e66669d177a_stage07_b01_formal_df0e8889,formal,20260810T024506Z,5e66669d177af61a75bb35b4b5c102ab6988e92c,false,stage07_b01_radartools_five_dtype_v2,03a5a9e2f6cb3af6d8b402d33c46fde5838cae300fea1ab7f1d92294a3677211,operator,cfar_alpha,Task1,Step4,cfar_alpha,cfar_alpha__alpha_int32_10e3__46cda4c529e93a4d,alpha_int32_10e3,10^3,1,pfa=[1],INT32,GPU,not_applicable,compatibility/end-to-end,PASS,OK,20,100,27,0.175812,true,46cda4c529e93a4dd06824368b79f3b22b1414db7ae4a9cf2e0431a4526786ac,af5570f5a1810b7af78caf4bc70a660f0df51e42baf91d4de5b2328de0e83dfc
1,20260810T024506Z_5e66669d177a_stage07_b01_formal_df0e8889,formal,20260810T024506Z,5e66669d177af61a75bb35b4b5c102ab6988e92c,false,stage07_b01_radartools_five_dtype_v2,03a5a9e2f6cb3af6d8b402d33c46fde5838cae300fea1ab7f1d92294a3677211,operator,cfar_alpha,Task1,Step4,cfar_alpha,cfar_alpha__alpha_int32_10e3__46cda4c529e93a4d,alpha_int32_10e3,10^3,1,pfa=[1],INT32,GPU,not_applicable,compatibility/end-to-end,PASS,OK,20,100,28,0.176481,true,46cda4c529e93a4dd06824368b79f3b22b1414db7ae4a9cf2e0431a4526786ac,af5570f5a1810b7af78caf4bc70a660f0df51e42baf91d4de5b2328de0e83dfc
1,20260810T024506Z_5e66669d177a_stage07_b01_formal_df0e8889,formal,20260810T024506Z,5e66669d177af61a75bb35b4b5c102ab6988e92c,false,stage07_b01_radartools_five_dtype_v2,03a5a9e2f6cb3af6d8b402d33c46fde5838cae300fea1ab7f1d92294a3677211,operator,cfar_alpha,Task1,Step4,cfar_alpha,cfar_alpha__alpha_int32_10e3__46cda4c529e93a4d,alpha_int32_10e3,10^3,1,pfa=[1],INT32,GPU,not_applicable,compatibility/end-to-end,PASS,OK,20,100,29,0.180392,true,46cda4c529e93a4dd06824368b79f3b22b1414db7ae4a9cf2e0431a4526786ac,af5570f5a1810b7af78caf4bc70a660f0df51e42baf91d4de5b2328de0e83dfc
1,20260810T024506Z_5e66669d177a_stage07_b01_formal_df0e8889,formal,20260810T024506Z,5e66669d177af61a75bb35b4b5c102ab6988e92c,false,stage07_b01_radartools_five_dtype_v2,03a5a9e2f6cb3af6d8b402d33c46fde5838cae300fea1ab7f1d92294a3677211,operator,cfar_alpha,Task1,Step4,cfar_alpha,cfar_alpha__alpha_int32_10e3__46cda4c529e93a4d,alpha_int32_10e3,10^3,1,pfa=[1],INT32,GPU,not_applicable,compatibility/end-to-end,PASS,OK,20,100,30,0.183992,true,46cda4c529e93a4dd06824368b79f3b22b1414db7ae4a9cf2e0431a4526786ac,af5570f5a1810b7af78caf4bc70a660f0df51e42baf91d4de5b2328de0e83dfc
1,20260810T024506Z_5e66669d177a_stage07_b01_formal_df0e8889,formal,20260810T024506Z,5e66669d177af61a75bb35b4b5c102ab6988e92c,false,stage07_b01_radartools_five_dtype_v2,03a5a9e2f6cb3af6d8b402d33c46fde5838cae300fea1ab7f1d92294a3677211,operator,cfar_alpha,Task1,Step4,cfar_alpha,cfar_alpha__alpha_int32_10e3__46cda4c529e93a4d,alpha_int32_10e3,10^3,1,pfa=[1],INT32,GPU,not_applicable,compatibility/end-to-end,PASS,OK,20,100,31,0.177881,true,46cda4c529e93a4dd06824368b79f3b22b1414db7ae4a9cf2e0431a4526786ac,af5570f5a1810b7af78caf4bc70a660f0df51e42baf91d4de5b2328de0e83dfc
1,20260810T024506Z_5e66669d177a_stage07_b01_formal_df0e8889,formal,20260810T024506Z,5e66669d177af61a75bb35b4b5c102ab6988e92c,false,stage07_b01_radartools_five_dtype_v2,03a5a9e2f6cb3af6d8b402d33c46fde5838cae300fea1ab7f1d92294a3677211,operator,cfar_alpha,Task1,Step4,cfar_alpha,cfar_alpha__alpha_int32_10e3__46cda4c529e93a4d,alpha_int32_10e3,10^3,1,pfa=[1],INT32,GPU,not_applicable,compatibility/end-to-end,PASS,OK,20,100,32,0.174262,true,46cda4c529e93a4dd06824368b79f3b22b1414db7ae4a9cf2e0431a4526786ac,af5570f5a1810b7af78caf4bc70a660f0df51e42baf91d4de5b2328de0e83dfc
1,20260810T024506Z_5e66669d177a_stage07_b01_formal_df0e8889,formal,20260810T024506Z,5e66669d177af61a75bb35b4b5c102ab6988e92c,false,stage07_b01_radartools_five_dtype_v2,03a5a9e2f6cb3af6d8b402d33c46fde5838cae300fea1ab7f1d92294a3677211,operator,cfar_alpha,Task1,Step4,cfar_alpha,cfar_alpha__alpha_int32_10e3__46cda4c529e93a4d,alpha_int32_10e3,10^3,1,pfa=[1],INT32,GPU,not_applicable,compatibility/end-to-end,PASS,OK,20,100,33,0.179342,true,46cda4c529e93a4dd06824368b79f3b22b1414db7ae4a9cf2e0431a4526786ac,af5570f5a1810b7af78caf4bc70a660f0df51e42baf91d4de5b2328de0e83dfc
1,20260810T024506Z_5e66669d177a_stage07_b01_formal_df0e8889,formal,20260810T024506Z,5e66669d177af61a75bb35b4b5c102ab6988e92c,false,stage07_b01_radartools_five_dtype_v2,03a5a9e2f6cb3af6d8b402d33c46fde5838cae300fea1ab7f1d92294a3677211,operator,cfar_alpha,Task1,Step4,cfar_alpha,cfar_alpha__alpha_int32_10e3__46cda4c529e93a4d,alpha_int32_10e3,10^3,1,pfa=[1],INT32,GPU,not_applicable,compatibility/end-to-end,PASS,OK,20,100,34,0.176961,true,46cda4c529e93a4dd06824368b79f3b22b1414db7ae4a9cf2e0431a4526786ac,af5570f5a1810b7af78caf4bc70a660f0df51e42baf91d4de5b2328de0e83dfc
1,20260810T024506Z_5e66669d177a_stage07_b01_formal_df0e8889,formal,20260810T024506Z,5e66669d177af61a75bb35b4b5c102ab6988e92c,false,stage07_b01_radartools_five_dtype_v2,03a5a9e2f6cb3af6d8b402d33c46fde5838cae300fea1ab7f1d92294a3677211,operator,cfar_alpha,Task1,Step4,cfar_alpha,cfar_alpha__alpha_int32_10e3__46cda4c529e93a4d,alpha_int32_10e3,10^3,1,pfa=[1],INT32,GPU,not_applicable,compatibility/end-to-end,PASS,OK,20,100,35,0.177902,true,46cda4c529e93a4dd06824368b79f3b22b1414db7ae4a9cf2e0431a4526786ac,af5570f5a1810b7af78caf4bc70a660f0df51e42baf91d4de5b2328de0e83dfc
1,20260810T024506Z_5e66669d177a_stage07_b01_formal_df0e8889,formal,20260810T024506Z,5e66669d177af61a75bb35b4b5c102ab6988e92c,false,stage07_b01_radartools_five_dtype_v2,03a5a9e2f6cb3af6d8b402d33c46fde5838cae300fea1ab7f1d92294a3677211,operator,cfar_alpha,Task1,Step4,cfar_alpha,cfar_alpha__alpha_int32_10e3__46cda4c529e93a4d,alpha_int32_10e3,10^3,1,pfa=[1],INT32,GPU,not_applicable,compatibility/end-to-end,PASS,OK,20,100,36,0.177322,true,46cda4c529e93a4dd06824368b79f3b22b1414db7ae4a9cf2e0431a4526786ac,af5570f5a1810b7af78caf4bc70a660f0df51e42baf91d4de5b2328de0e83dfc
1,20260810T024506Z_5e66669d177a_stage07_b01_formal_df0e8889,formal,20260810T024506Z,5e66669d177af61a75bb35b4b5c102ab6988e92c,false,stage07_b01_radartools_five_dtype_v2,03a5a9e2f6cb3af6d8b402d33c46fde5838cae300fea1ab7f1d92294a3677211,operator,cfar_alpha,Task1,Step4,cfar_alpha,cfar_alpha__alpha_int32_10e3__46cda4c529e93a4d,alpha_int32_10e3,10^3,1,pfa=[1],INT32,GPU,not_applicable,compatibility/end-to-end,PASS,OK,20,100,37,0.177701,true,46cda4c529e93a4dd06824368b79f3b22b1414db7ae4a9cf2e0431a4526786ac,af5570f5a1810b7af78caf4bc70a660f0df51e42baf91d4de5b2328de0e83dfc
1,20260810T024506Z_5e66669d177a_stage07_b01_formal_df0e8889,formal,20260810T024506Z,5e66669d177af61a75bb35b4b5c102ab6988e92c,false,stage07_b01_radartools_five_dtype_v2,03a5a9e2f6cb3af6d8b402d33c46fde5838cae300fea1ab7f1d92294a3677211,operator,cfar_alpha,Task1,Step4,cfar_alpha,cfar_alpha__alpha_int32_10e3__46cda4c529e93a4d,alpha_int32_10e3,10^3,1,pfa=[1],INT32,GPU,not_applicable,compatibility/end-to-end,PASS,OK,20,100,38,0.175742,true,46cda4c529e93a4dd06824368b79f3b22b1414db7ae4a9cf2e0431a4526786ac,af5570f5a1810b7af78caf4bc70a660f0df51e42baf91d4de5b2328de0e83dfc
1,20260810T024506Z_5e66669d177a_stage07_b01_formal_df0e8889,formal,20260810T024506Z,5e66669d177af61a75bb35b4b5c102ab6988e92c,false,stage07_b01_radartools_five_dtype_v2,03a5a9e2f6cb3af6d8b402d33c46fde5838cae300fea1ab7f1d92294a3677211,operator,cfar_alpha,Task1,Step4,cfar_alpha,cfar_alpha__alpha_int32_10e3__46cda4c529e93a4d,alpha_int32_10e3,10^3,1,pfa=[1],INT32,GPU,not_applicable,compatibility/end-to-end,PASS,OK,20,100,39,0.177201,true,46cda4c529e93a4dd06824368b79f3b22b1414db7ae4a9cf2e0431a4526786ac,af5570f5a1810b7af78caf4bc70a660f0df51e42baf91d4de5b2328de0e83dfc
1,20260810T024506Z_5e66669d177a_stage07_b01_formal_df0e8889,formal,20260810T024506Z,5e66669d177af61a75bb35b4b5c102ab6988e92c,false,stage07_b01_radartools_five_dtype_v2,03a5a9e2f6cb3af6d8b402d33c46fde5838cae300fea1ab7f1d92294a3677211,operator,cfar_alpha,Task1,Step4,cfar_alpha,cfar_alpha__alpha_int32_10e3__46cda4c529e93a4d,alpha_int32_10e3,10^3,1,pfa=[1],INT32,GPU,not_applicable,compatibility/end-to-end,PASS,OK,20,100,40,0.180932,true,46cda4c529e93a4dd06824368b79f3b22b1414db7ae4a9cf2e0431a4526786ac,af5570f5a1810b7af78caf4bc70a660f0df51e42baf91d4de5b2328de0e83dfc
1,20260810T024506Z_5e66669d177a_stage07_b01_formal_df0e8889,formal,20260810T024506Z,5e66669d177af61a75bb35b4b5c102ab6988e92c,false,stage07_b01_radartools_five_dtype_v2,03a5a9e2f6cb3af6d8b402d33c46fde5838cae300fea1ab7f1d92294a3677211,operator,cfar_alpha,Task1,Step4,cfar_alpha,cfar_alpha__alpha_int32_10e3__46cda4c529e93a4d,alpha_int32_10e3,10^3,1,pfa=[1],INT32,GPU,not_applicable,compatibility/end-to-end,PASS,OK,20,100,41,0.176472,true,46cda4c529e93a4dd06824368b79f3b22b1414db7ae4a9cf2e0431a4526786ac,af5570f5a1810b7af78caf4bc70a660f0df51e42baf91d4de5b2328de0e83dfc
1,20260810T024506Z_5e66669d177a_stage07_b01_formal_df0e8889,formal,20260810T024506Z,5e66669d177af61a75bb35b4b5c102ab6988e92c,false,stage07_b01_radartools_five_dtype_v2,03a5a9e2f6cb3af6d8b402d33c46fde5838cae300fea1ab7f1d92294a3677211,operator,cfar_alpha,Task1,Step4,cfar_alpha,cfar_alpha__alpha_int32_10e3__46cda4c529e93a4d,alpha_int32_10e3,10^3,1,pfa=[1],INT32,GPU,not_applicable,compatibility/end-to-end,PASS,OK,20,100,42,0.175971,true,46cda4c529e93a4dd06824368b79f3b22b1414db7ae4a9cf2e0431a4526786ac,af5570f5a1810b7af78caf4bc70a660f0df51e42baf91d4de5b2328de0e83dfc
1,20260810T024506Z_5e66669d177a_stage07_b01_formal_df0e8889,formal,20260810T024506Z,5e66669d177af61a75bb35b4b5c102ab6988e92c,false,stage07_b01_radartools_five_dtype_v2,03a5a9e2f6cb3af6d8b402d33c46fde5838cae300fea1ab7f1d92294a3677211,operator,cfar_alpha,Task1,Step4,cfar_alpha,cfar_alpha__alpha_int32_10e3__46cda4c529e93a4d,alpha_int32_10e3,10^3,1,pfa=[1],INT32,GPU,not_applicable,compatibility/end-to-end,PASS,OK,20,100,43,0.206862,true,46cda4c529e93a4dd06824368b79f3b22b1414db7ae4a9cf2e0431a4526786ac,af5570f5a1810b7af78caf4bc70a660f0df51e42baf91d4de5b2328de0e83dfc
1,20260810T024506Z_5e66669d177a_stage07_b01_formal_df0e8889,formal,20260810T024506Z,5e66669d177af61a75bb35b4b5c102ab6988e92c,false,stage07_b01_radartools_five_dtype_v2,03a5a9e2f6cb3af6d8b402d33c46fde5838cae300fea1ab7f1d92294a3677211,operator,cfar_alpha,Task1,Step4,cfar_alpha,cfar_alpha__alpha_int32_10e3__46cda4c529e93a4d,alpha_int32_10e3,10^3,1,pfa=[1],INT32,GPU,not_applicable,compatibility/end-to-end,PASS,OK,20,100,44,0.204122,true,46cda4c529e93a4dd06824368b79f3b22b1414db7ae4a9cf2e0431a4526786ac,af5570f5a1810b7af78caf4bc70a660f0df51e42baf91d4de5b2328de0e83dfc
1,20260810T024506Z_5e66669d177a_stage07_b01_formal_df0e8889,formal,20260810T024506Z,5e66669d177af61a75bb35b4b5c102ab6988e92c,false,stage07_b01_radartools_five_dtype_v2,03a5a9e2f6cb3af6d8b402d33c46fde5838cae300fea1ab7f1d92294a3677211,operator,cfar_alpha,Task1,Step4,cfar_alpha,cfar_alpha__alpha_int32_10e3__46cda4c529e93a4d,alpha_int32_10e3,10^3,1,pfa=[1],INT32,GPU,not_applicable,compatibility/end-to-end,PASS,OK,20,100,45,0.184962,true,46cda4c529e93a4dd06824368b79f3b22b1414db7ae4a9cf2e0431a4526786ac,af5570f5a1810b7af78caf4bc70a660f0df51e42baf91d4de5b2328de0e83dfc
1,20260810T024506Z_5e66669d177a_stage07_b01_formal_df0e8889,formal,20260810T024506Z,5e66669d177af61a75bb35b4b5c102ab6988e92c,false,stage07_b01_radartools_five_dtype_v2,03a5a9e2f6cb3af6d8b402d33c46fde5838cae300fea1ab7f1d92294a3677211,operator,cfar_alpha,Task1,Step4,cfar_alpha,cfar_alpha__alpha_int32_10e3__46cda4c529e93a4d,alpha_int32_10e3,10^3,1,pfa=[1],INT32,GPU,not_applicable,compatibility/end-to-end,PASS,OK,20,100,46,0.181511,true,46cda4c529e93a4dd06824368b79f3b22b1414db7ae4a9cf2e0431a4526786ac,af5570f5a1810b7af78caf4bc70a660f0df51e42baf91d4de5b2328de0e83dfc
1,20260810T024506Z_5e66669d177a_stage07_b01_formal_df0e8889,formal,20260810T024506Z,5e66669d177af61a75bb35b4b5c102ab6988e92c,false,stage07_b01_radartools_five_dtype_v2,03a5a9e2f6cb3af6d8b402d33c46fde5838cae300fea1ab7f1d92294a3677211,operator,cfar_alpha,Task1,Step4,cfar_alpha,cfar_alpha__alpha_int32_10e3__46cda4c529e93a4d,alpha_int32_10e3,10^3,1,pfa=[1],INT32,GPU,not_applicable,compatibility/end-to-end,PASS,OK,20,100,47,0.178492,true,46cda4c529e93a4dd06824368b79f3b22b1414db7ae4a9cf2e0431a4526786ac,af5570f5a1810b7af78caf4bc70a660f0df51e42baf91d4de5b2328de0e83dfc
1,20260810T024506Z_5e66669d177a_stage07_b01_formal_df0e8889,formal,20260810T024506Z,5e66669d177af61a75bb35b4b5c102ab6988e92c,false,stage07_b01_radartools_five_dtype_v2,03a5a9e2f6cb3af6d8b402d33c46fde5838cae300fea1ab7f1d92294a3677211,operator,cfar_alpha,Task1,Step4,cfar_alpha,cfar_alpha__alpha_int32_10e3__46cda4c529e93a4d,alpha_int32_10e3,10^3,1,pfa=[1],INT32,GPU,not_applicable,compatibility/end-to-end,PASS,OK,20,100,48,0.176772,true,46cda4c529e93a4dd06824368b79f3b22b1414db7ae4a9cf2e0431a4526786ac,af5570f5a1810b7af78caf4bc70a660f0df51e42baf91d4de5b2328de0e83dfc
1,20260810T024506Z_5e66669d177a_stage07_b01_formal_df0e8889,formal,20260810T024506Z,5e66669d177af61a75bb35b4b5c102ab6988e92c,false,stage07_b01_radartools_five_dtype_v2,03a5a9e2f6cb3af6d8b402d33c46fde5838cae300fea1ab7f1d92294a3677211,operator,cfar_alpha,Task1,Step4,cfar_alpha,cfar_alpha__alpha_int32_10e3__46cda4c529e93a4d,alpha_int32_10e3,10^3,1,pfa=[1],INT32,GPU,not_applicable,compatibility/end-to-end,PASS,OK,20,100,49,0.177091,true,46cda4c529e93a4dd06824368b79f3b22b1414db7ae4a9cf2e0431a4526786ac,af5570f5a1810b7af78caf4bc70a660f0df51e42baf91d4de5b2328de0e83dfc
1,20260810T024506Z_5e66669d177a_stage07_b01_formal_df0e8889,formal,20260810T024506Z,5e66669d177af61a75bb35b4b5c102ab6988e92c,false,stage07_b01_radartools_five_dtype_v2,03a5a9e2f6cb3af6d8b402d33c46fde5838cae300fea1ab7f1d92294a3677211,operator,cfar_alpha,Task1,Step4,cfar_alpha,cfar_alpha__alpha_int32_10e3__46cda4c529e93a4d,alpha_int32_10e3,10^3,1,pfa=[1],INT32,GPU,not_applicable,compatibility/end-to-end,PASS,OK,20,100,50,0.178122,true,46cda4c529e93a4dd06824368b79f3b22b1414db7ae4a9cf2e0431a4526786ac,af5570f5a1810b7af78caf4bc70a660f0df51e42baf91d4de5b2328de0e83dfc
1,20260810T024506Z_5e66669d177a_stage07_b01_formal_df0e8889,formal,20260810T024506Z,5e66669d177af61a75bb35b4b5c102ab6988e92c,false,stage07_b01_radartools_five_dtype_v2,03a5a9e2f6cb3af6d8b402d33c46fde5838cae300fea1ab7f1d92294a3677211,operator,cfar_alpha,Task1,Step4,cfar_alpha,cfar_alpha__alpha_int32_10e3__46cda4c529e93a4d,alpha_int32_10e3,10^3,1,pfa=[1],INT32,GPU,not_applicable,compatibility/end-to-end,PASS,OK,20,100,51,0.178892,true,46cda4c529e93a4dd06824368b79f3b22b1414db7ae4a9cf2e0431a4526786ac,af5570f5a1810b7af78caf4bc70a660f0df51e42baf91d4de5b2328de0e83dfc
1,20260810T024506Z_5e66669d177a_stage07_b01_formal_df0e8889,formal,20260810T024506Z,5e66669d177af61a75bb35b4b5c102ab6988e92c,false,stage07_b01_radartools_five_dtype_v2,03a5a9e2f6cb3af6d8b402d33c46fde5838cae300fea1ab7f1d92294a3677211,operator,cfar_alpha,Task1,Step4,cfar_alpha,cfar_alpha__alpha_int32_10e3__46cda4c529e93a4d,alpha_int32_10e3,10^3,1,pfa=[1],INT32,GPU,not_applicable,compatibility/end-to-end,PASS,OK,20,100,52,0.179921,true,46cda4c529e93a4dd06824368b79f3b22b1414db7ae4a9cf2e0431a4526786ac,af5570f5a1810b7af78caf4bc70a660f0df51e42baf91d4de5b2328de0e83dfc
1,20260810T024506Z_5e66669d177a_stage07_b01_formal_df0e8889,formal,20260810T024506Z,5e66669d177af61a75bb35b4b5c102ab6988e92c,false,stage07_b01_radartools_five_dtype_v2,03a5a9e2f6cb3af6d8b402d33c46fde5838cae300fea1ab7f1d92294a3677211,operator,cfar_alpha,Task1,Step4,cfar_alpha,cfar_alpha__alpha_int32_10e3__46cda4c529e93a4d,alpha_int32_10e3,10^3,1,pfa=[1],INT32,GPU,not_applicable,compatibility/end-to-end,PASS,OK,20,100,53,0.175192,true,46cda4c529e93a4dd06824368b79f3b22b1414db7ae4a9cf2e0431a4526786ac,af5570f5a1810b7af78caf4bc70a660f0df51e42baf91d4de5b2328de0e83dfc
1,20260810T024506Z_5e66669d177a_stage07_b01_formal_df0e8889,formal,20260810T024506Z,5e66669d177af61a75bb35b4b5c102ab6988e92c,false,stage07_b01_radartools_five_dtype_v2,03a5a9e2f6cb3af6d8b402d33c46fde5838cae300fea1ab7f1d92294a3677211,operator,cfar_alpha,Task1,Step4,cfar_alpha,cfar_alpha__alpha_int32_10e3__46cda4c529e93a4d,alpha_int32_10e3,10^3,1,pfa=[1],INT32,GPU,not_applicable,compatibility/end-to-end,PASS,OK,20,100,54,0.177201,true,46cda4c529e93a4dd06824368b79f3b22b1414db7ae4a9cf2e0431a4526786ac,af5570f5a1810b7af78caf4bc70a660f0df51e42baf91d4de5b2328de0e83dfc
1,20260810T024506Z_5e66669d177a_stage07_b01_formal_df0e8889,formal,20260810T024506Z,5e66669d177af61a75bb35b4b5c102ab6988e92c,false,stage07_b01_radartools_five_dtype_v2,03a5a9e2f6cb3af6d8b402d33c46fde5838cae300fea1ab7f1d92294a3677211,operator,cfar_alpha,Task1,Step4,cfar_alpha,cfar_alpha__alpha_int32_10e3__46cda4c529e93a4d,alpha_int32_10e3,10^3,1,pfa=[1],INT32,GPU,not_applicable,compatibility/end-to-end,PASS,OK,20,100,55,0.177472,true,46cda4c529e93a4dd06824368b79f3b22b1414db7ae4a9cf2e0431a4526786ac,af5570f5a1810b7af78caf4bc70a660f0df51e42baf91d4de5b2328de0e83dfc
1,20260810T024506Z_5e66669d177a_stage07_b01_formal_df0e8889,formal,20260810T024506Z,5e66669d177af61a75bb35b4b5c102ab6988e92c,false,stage07_b01_radartools_five_dtype_v2,03a5a9e2f6cb3af6d8b402d33c46fde5838cae300fea1ab7f1d92294a3677211,operator,cfar_alpha,Task1,Step4,cfar_alpha,cfar_alpha__alpha_int32_10e3__46cda4c529e93a4d,alpha_int32_10e3,10^3,1,pfa=[1],INT32,GPU,not_applicable,compatibility/end-to-end,PASS,OK,20,100,56,0.192492,true,46cda4c529e93a4dd06824368b79f3b22b1414db7ae4a9cf2e0431a4526786ac,af5570f5a1810b7af78caf4bc70a660f0df51e42baf91d4de5b2328de0e83dfc
1,20260810T024506Z_5e66669d177a_stage07_b01_formal_df0e8889,formal,20260810T024506Z,5e66669d177af61a75bb35b4b5c102ab6988e92c,false,stage07_b01_radartools_five_dtype_v2,03a5a9e2f6cb3af6d8b402d33c46fde5838cae300fea1ab7f1d92294a3677211,operator,cfar_alpha,Task1,Step4,cfar_alpha,cfar_alpha__alpha_int32_10e3__46cda4c529e93a4d,alpha_int32_10e3,10^3,1,pfa=[1],INT32,GPU,not_applicable,compatibility/end-to-end,PASS,OK,20,100,57,0.192642,true,46cda4c529e93a4dd06824368b79f3b22b1414db7ae4a9cf2e0431a4526786ac,af5570f5a1810b7af78caf4bc70a660f0df51e42baf91d4de5b2328de0e83dfc
1,20260810T024506Z_5e66669d177a_stage07_b01_formal_df0e8889,formal,20260810T024506Z,5e66669d177af61a75bb35b4b5c102ab6988e92c,false,stage07_b01_radartools_five_dtype_v2,03a5a9e2f6cb3af6d8b402d33c46fde5838cae300fea1ab7f1d92294a3677211,operator,cfar_alpha,Task1,Step4,cfar_alpha,cfar_alpha__alpha_int32_10e3__46cda4c529e93a4d,alpha_int32_10e3,10^3,1,pfa=[1],INT32,GPU,not_applicable,compatibility/end-to-end,PASS,OK,20,100,58,0.178351,true,46cda4c529e93a4dd06824368b79f3b22b1414db7ae4a9cf2e0431a4526786ac,af5570f5a1810b7af78caf4bc70a660f0df51e42baf91d4de5b2328de0e83dfc
1,20260810T024506Z_5e66669d177a_stage07_b01_formal_df0e8889,formal,20260810T024506Z,5e66669d177af61a75bb35b4b5c102ab6988e92c,false,stage07_b01_radartools_five_dtype_v2,03a5a9e2f6cb3af6d8b402d33c46fde5838cae300fea1ab7f1d92294a3677211,operator,cfar_alpha,Task1,Step4,cfar_alpha,cfar_alpha__alpha_int32_10e3__46cda4c529e93a4d,alpha_int32_10e3,10^3,1,pfa=[1],INT32,GPU,not_applicable,compatibility/end-to-end,PASS,OK,20,100,59,0.174922,true,46cda4c529e93a4dd06824368b79f3b22b1414db7ae4a9cf2e0431a4526786ac,af5570f5a1810b7af78caf4bc70a660f0df51e42baf91d4de5b2328de0e83dfc
1,20260810T024506Z_5e66669d177a_stage07_b01_formal_df0e8889,formal,20260810T024506Z,5e66669d177af61a75bb35b4b5c102ab6988e92c,false,stage07_b01_radartools_five_dtype_v2,03a5a9e2f6cb3af6d8b402d33c46fde5838cae300fea1ab7f1d92294a3677211,operator,cfar_alpha,Task1,Step4,cfar_alpha,cfar_alpha__alpha_int32_10e3__46cda4c529e93a4d,alpha_int32_10e3,10^3,1,pfa=[1],INT32,GPU,not_applicable,compatibility/end-to-end,PASS,OK,20,100,60,0.178161,true,46cda4c529e93a4dd06824368b79f3b22b1414db7ae4a9cf2e0431a4526786ac,af5570f5a1810b7af78caf4bc70a660f0df51e42baf91d4de5b2328de0e83dfc
1,20260810T024506Z_5e66669d177a_stage07_b01_formal_df0e8889,formal,20260810T024506Z,5e66669d177af61a75bb35b4b5c102ab6988e92c,false,stage07_b01_radartools_five_dtype_v2,03a5a9e2f6cb3af6d8b402d33c46fde5838cae300fea1ab7f1d92294a3677211,operator,cfar_alpha,Task1,Step4,cfar_alpha,cfar_alpha__alpha_int32_10e3__46cda4c529e93a4d,alpha_int32_10e3,10^3,1,pfa=[1],INT32,GPU,not_applicable,compatibility/end-to-end,PASS,OK,20,100,61,0.180122,true,46cda4c529e93a4dd06824368b79f3b22b1414db7ae4a9cf2e0431a4526786ac,af5570f5a1810b7af78caf4bc70a660f0df51e42baf91d4de5b2328de0e83dfc
1,20260810T024506Z_5e66669d177a_stage07_b01_formal_df0e8889,formal,20260810T024506Z,5e66669d177af61a75bb35b4b5c102ab6988e92c,false,stage07_b01_radartools_five_dtype_v2,03a5a9e2f6cb3af6d8b402d33c46fde5838cae300fea1ab7f1d92294a3677211,operator,cfar_alpha,Task1,Step4,cfar_alpha,cfar_alpha__alpha_int32_10e3__46cda4c529e93a4d,alpha_int32_10e3,10^3,1,pfa=[1],INT32,GPU,not_applicable,compatibility/end-to-end,PASS,OK,20,100,62,0.178952,true,46cda4c529e93a4dd06824368b79f3b22b1414db7ae4a9cf2e0431a4526786ac,af5570f5a1810b7af78caf4bc70a660f0df51e42baf91d4de5b2328de0e83dfc
1,20260810T024506Z_5e66669d177a_stage07_b01_formal_df0e8889,formal,20260810T024506Z,5e66669d177af61a75bb35b4b5c102ab6988e92c,false,stage07_b01_radartools_five_dtype_v2,03a5a9e2f6cb3af6d8b402d33c46fde5838cae300fea1ab7f1d92294a3677211,operator,cfar_alpha,Task1,Step4,cfar_alpha,cfar_alpha__alpha_int32_10e3__46cda4c529e93a4d,alpha_int32_10e3,10^3,1,pfa=[1],INT32,GPU,not_applicable,compatibility/end-to-end,PASS,OK,20,100,63,0.179591,true,46cda4c529e93a4dd06824368b79f3b22b1414db7ae4a9cf2e0431a4526786ac,af5570f5a1810b7af78caf4bc70a660f0df51e42baf91d4de5b2328de0e83dfc
1,20260810T024506Z_5e66669d177a_stage07_b01_formal_df0e8889,formal,20260810T024506Z,5e66669d177af61a75bb35b4b5c102ab6988e92c,false,stage07_b01_radartools_five_dtype_v2,03a5a9e2f6cb3af6d8b402d33c46fde5838cae300fea1ab7f1d92294a3677211,operator,cfar_alpha,Task1,Step4,cfar_alpha,cfar_alpha__alpha_int32_10e3__46cda4c529e93a4d,alpha_int32_10e3,10^3,1,pfa=[1],INT32,GPU,not_applicable,compatibility/end-to-end,PASS,OK,20,100,64,0.180682,true,46cda4c529e93a4dd06824368b79f3b22b1414db7ae4a9cf2e0431a4526786ac,af5570f5a1810b7af78caf4bc70a660f0df51e42baf91d4de5b2328de0e83dfc
1,20260810T024506Z_5e66669d177a_stage07_b01_formal_df0e8889,formal,20260810T024506Z,5e66669d177af61a75bb35b4b5c102ab6988e92c,false,stage07_b01_radartools_five_dtype_v2,03a5a9e2f6cb3af6d8b402d33c46fde5838cae300fea1ab7f1d92294a3677211,operator,cfar_alpha,Task1,Step4,cfar_alpha,cfar_alpha__alpha_int32_10e3__46cda4c529e93a4d,alpha_int32_10e3,10^3,1,pfa=[1],INT32,GPU,not_applicable,compatibility/end-to-end,PASS,OK,20,100,65,0.207592,true,46cda4c529e93a4dd06824368b79f3b22b1414db7ae4a9cf2e0431a4526786ac,af5570f5a1810b7af78caf4bc70a660f0df51e42baf91d4de5b2328de0e83dfc
1,20260810T024506Z_5e66669d177a_stage07_b01_formal_df0e8889,formal,20260810T024506Z,5e66669d177af61a75bb35b4b5c102ab6988e92c,false,stage07_b01_radartools_five_dtype_v2,03a5a9e2f6cb3af6d8b402d33c46fde5838cae300fea1ab7f1d92294a3677211,operator,cfar_alpha,Task1,Step4,cfar_alpha,cfar_alpha__alpha_int32_10e3__46cda4c529e93a4d,alpha_int32_10e3,10^3,1,pfa=[1],INT32,GPU,not_applicable,compatibility/end-to-end,PASS,OK,20,100,66,0.179931,true,46cda4c529e93a4dd06824368b79f3b22b1414db7ae4a9cf2e0431a4526786ac,af5570f5a1810b7af78caf4bc70a660f0df51e42baf91d4de5b2328de0e83dfc
1,20260810T024506Z_5e66669d177a_stage07_b01_formal_df0e8889,formal,20260810T024506Z,5e66669d177af61a75bb35b4b5c102ab6988e92c,false,stage07_b01_radartools_five_dtype_v2,03a5a9e2f6cb3af6d8b402d33c46fde5838cae300fea1ab7f1d92294a3677211,operator,cfar_alpha,Task1,Step4,cfar_alpha,cfar_alpha__alpha_int32_10e3__46cda4c529e93a4d,alpha_int32_10e3,10^3,1,pfa=[1],INT32,GPU,not_applicable,compatibility/end-to-end,PASS,OK,20,100,67,0.178322,true,46cda4c529e93a4dd06824368b79f3b22b1414db7ae4a9cf2e0431a4526786ac,af5570f5a1810b7af78caf4bc70a660f0df51e42baf91d4de5b2328de0e83dfc
1,20260810T024506Z_5e66669d177a_stage07_b01_formal_df0e8889,formal,20260810T024506Z,5e66669d177af61a75bb35b4b5c102ab6988e92c,false,stage07_b01_radartools_five_dtype_v2,03a5a9e2f6cb3af6d8b402d33c46fde5838cae300fea1ab7f1d92294a3677211,operator,cfar_alpha,Task1,Step4,cfar_alpha,cfar_alpha__alpha_int32_10e3__46cda4c529e93a4d,alpha_int32_10e3,10^3,1,pfa=[1],INT32,GPU,not_applicable,compatibility/end-to-end,PASS,OK,20,100,68,0.186942,true,46cda4c529e93a4dd06824368b79f3b22b1414db7ae4a9cf2e0431a4526786ac,af5570f5a1810b7af78caf4bc70a660f0df51e42baf91d4de5b2328de0e83dfc
1,20260810T024506Z_5e66669d177a_stage07_b01_formal_df0e8889,formal,20260810T024506Z,5e66669d177af61a75bb35b4b5c102ab6988e92c,false,stage07_b01_radartools_five_dtype_v2,03a5a9e2f6cb3af6d8b402d33c46fde5838cae300fea1ab7f1d92294a3677211,operator,cfar_alpha,Task1,Step4,cfar_alpha,cfar_alpha__alpha_int32_10e3__46cda4c529e93a4d,alpha_int32_10e3,10^3,1,pfa=[1],INT32,GPU,not_applicable,compatibility/end-to-end,PASS,OK,20,100,69,0.178161,true,46cda4c529e93a4dd06824368b79f3b22b1414db7ae4a9cf2e0431a4526786ac,af5570f5a1810b7af78caf4bc70a660f0df51e42baf91d4de5b2328de0e83dfc
1,20260810T024506Z_5e66669d177a_stage07_b01_formal_df0e8889,formal,20260810T024506Z,5e66669d177af61a75bb35b4b5c102ab6988e92c,false,stage07_b01_radartools_five_dtype_v2,03a5a9e2f6cb3af6d8b402d33c46fde5838cae300fea1ab7f1d92294a3677211,operator,cfar_alpha,Task1,Step4,cfar_alpha,cfar_alpha__alpha_int32_10e3__46cda4c529e93a4d,alpha_int32_10e3,10^3,1,pfa=[1],INT32,GPU,not_applicable,compatibility/end-to-end,PASS,OK,20,100,70,0.175562,true,46cda4c529e93a4dd06824368b79f3b22b1414db7ae4a9cf2e0431a4526786ac,af5570f5a1810b7af78caf4bc70a660f0df51e42baf91d4de5b2328de0e83dfc
1,20260810T024506Z_5e66669d177a_stage07_b01_formal_df0e8889,formal,20260810T024506Z,5e66669d177af61a75bb35b4b5c102ab6988e92c,false,stage07_b01_radartools_five_dtype_v2,03a5a9e2f6cb3af6d8b402d33c46fde5838cae300fea1ab7f1d92294a3677211,operator,cfar_alpha,Task1,Step4,cfar_alpha,cfar_alpha__alpha_int32_10e3__46cda4c529e93a4d,alpha_int32_10e3,10^3,1,pfa=[1],INT32,GPU,not_applicable,compatibility/end-to-end,PASS,OK,20,100,71,0.175671,true,46cda4c529e93a4dd06824368b79f3b22b1414db7ae4a9cf2e0431a4526786ac,af5570f5a1810b7af78caf4bc70a660f0df51e42baf91d4de5b2328de0e83dfc
1,20260810T024506Z_5e66669d177a_stage07_b01_formal_df0e8889,formal,20260810T024506Z,5e66669d177af61a75bb35b4b5c102ab6988e92c,false,stage07_b01_radartools_five_dtype_v2,03a5a9e2f6cb3af6d8b402d33c46fde5838cae300fea1ab7f1d92294a3677211,operator,cfar_alpha,Task1,Step4,cfar_alpha,cfar_alpha__alpha_int32_10e3__46cda4c529e93a4d,alpha_int32_10e3,10^3,1,pfa=[1],INT32,GPU,not_applicable,compatibility/end-to-end,PASS,OK,20,100,72,0.177252,true,46cda4c529e93a4dd06824368b79f3b22b1414db7ae4a9cf2e0431a4526786ac,af5570f5a1810b7af78caf4bc70a660f0df51e42baf91d4de5b2328de0e83dfc
1,20260810T024506Z_5e66669d177a_stage07_b01_formal_df0e8889,formal,20260810T024506Z,5e66669d177af61a75bb35b4b5c102ab6988e92c,false,stage07_b01_radartools_five_dtype_v2,03a5a9e2f6cb3af6d8b402d33c46fde5838cae300fea1ab7f1d92294a3677211,operator,cfar_alpha,Task1,Step4,cfar_alpha,cfar_alpha__alpha_int32_10e3__46cda4c529e93a4d,alpha_int32_10e3,10^3,1,pfa=[1],INT32,GPU,not_applicable,compatibility/end-to-end,PASS,OK,20,100,73,0.177862,true,46cda4c529e93a4dd06824368b79f3b22b1414db7ae4a9cf2e0431a4526786ac,af5570f5a1810b7af78caf4bc70a660f0df51e42baf91d4de5b2328de0e83dfc
1,20260810T024506Z_5e66669d177a_stage07_b01_formal_df0e8889,formal,20260810T024506Z,5e66669d177af61a75bb35b4b5c102ab6988e92c,false,stage07_b01_radartools_five_dtype_v2,03a5a9e2f6cb3af6d8b402d33c46fde5838cae300fea1ab7f1d92294a3677211,operator,cfar_alpha,Task1,Step4,cfar_alpha,cfar_alpha__alpha_int32_10e3__46cda4c529e93a4d,alpha_int32_10e3,10^3,1,pfa=[1],INT32,GPU,not_applicable,compatibility/end-to-end,PASS,OK,20,100,74,0.179091,true,46cda4c529e93a4dd06824368b79f3b22b1414db7ae4a9cf2e0431a4526786ac,af5570f5a1810b7af78caf4bc70a660f0df51e42baf91d4de5b2328de0e83dfc
1,20260810T024506Z_5e66669d177a_stage07_b01_formal_df0e8889,formal,20260810T024506Z,5e66669d177af61a75bb35b4b5c102ab6988e92c,false,stage07_b01_radartools_five_dtype_v2,03a5a9e2f6cb3af6d8b402d33c46fde5838cae300fea1ab7f1d92294a3677211,operator,cfar_alpha,Task1,Step4,cfar_alpha,cfar_alpha__alpha_int32_10e3__46cda4c529e93a4d,alpha_int32_10e3,10^3,1,pfa=[1],INT32,GPU,not_applicable,compatibility/end-to-end,PASS,OK,20,100,75,0.176172,true,46cda4c529e93a4dd06824368b79f3b22b1414db7ae4a9cf2e0431a4526786ac,af5570f5a1810b7af78caf4bc70a660f0df51e42baf91d4de5b2328de0e83dfc
1,20260810T024506Z_5e66669d177a_stage07_b01_formal_df0e8889,formal,20260810T024506Z,5e66669d177af61a75bb35b4b5c102ab6988e92c,false,stage07_b01_radartools_five_dtype_v2,03a5a9e2f6cb3af6d8b402d33c46fde5838cae300fea1ab7f1d92294a3677211,operator,cfar_alpha,Task1,Step4,cfar_alpha,cfar_alpha__alpha_int32_10e3__46cda4c529e93a4d,alpha_int32_10e3,10^3,1,pfa=[1],INT32,GPU,not_applicable,compatibility/end-to-end,PASS,OK,20,100,76,0.175202,true,46cda4c529e93a4dd06824368b79f3b22b1414db7ae4a9cf2e0431a4526786ac,af5570f5a1810b7af78caf4bc70a660f0df51e42baf91d4de5b2328de0e83dfc
1,20260810T024506Z_5e66669d177a_stage07_b01_formal_df0e8889,formal,20260810T024506Z,5e66669d177af61a75bb35b4b5c102ab6988e92c,false,stage07_b01_radartools_five_dtype_v2,03a5a9e2f6cb3af6d8b402d33c46fde5838cae300fea1ab7f1d92294a3677211,operator,cfar_alpha,Task1,Step4,cfar_alpha,cfar_alpha__alpha_int32_10e3__46cda4c529e93a4d,alpha_int32_10e3,10^3,1,pfa=[1],INT32,GPU,not_applicable,compatibility/end-to-end,PASS,OK,20,100,77,0.178171,true,46cda4c529e93a4dd06824368b79f3b22b1414db7ae4a9cf2e0431a4526786ac,af5570f5a1810b7af78caf4bc70a660f0df51e42baf91d4de5b2328de0e83dfc
1,20260810T024506Z_5e66669d177a_stage07_b01_formal_df0e8889,formal,20260810T024506Z,5e66669d177af61a75bb35b4b5c102ab6988e92c,false,stage07_b01_radartools_five_dtype_v2,03a5a9e2f6cb3af6d8b402d33c46fde5838cae300fea1ab7f1d92294a3677211,operator,cfar_alpha,Task1,Step4,cfar_alpha,cfar_alpha__alpha_int32_10e3__46cda4c529e93a4d,alpha_int32_10e3,10^3,1,pfa=[1],INT32,GPU,not_applicable,compatibility/end-to-end,PASS,OK,20,100,78,0.177032,true,46cda4c529e93a4dd06824368b79f3b22b1414db7ae4a9cf2e0431a4526786ac,af5570f5a1810b7af78caf4bc70a660f0df51e42baf91d4de5b2328de0e83dfc
1,20260810T024506Z_5e66669d177a_stage07_b01_formal_df0e8889,formal,20260810T024506Z,5e66669d177af61a75bb35b4b5c102ab6988e92c,false,stage07_b01_radartools_five_dtype_v2,03a5a9e2f6cb3af6d8b402d33c46fde5838cae300fea1ab7f1d92294a3677211,operator,cfar_alpha,Task1,Step4,cfar_alpha,cfar_alpha__alpha_int32_10e3__46cda4c529e93a4d,alpha_int32_10e3,10^3,1,pfa=[1],INT32,GPU,not_applicable,compatibility/end-to-end,PASS,OK,20,100,79,0.178041,true,46cda4c529e93a4dd06824368b79f3b22b1414db7ae4a9cf2e0431a4526786ac,af5570f5a1810b7af78caf4bc70a660f0df51e42baf91d4de5b2328de0e83dfc
1,20260810T024506Z_5e66669d177a_stage07_b01_formal_df0e8889,formal,20260810T024506Z,5e66669d177af61a75bb35b4b5c102ab6988e92c,false,stage07_b01_radartools_five_dtype_v2,03a5a9e2f6cb3af6d8b402d33c46fde5838cae300fea1ab7f1d92294a3677211,operator,cfar_alpha,Task1,Step4,cfar_alpha,cfar_alpha__alpha_int32_10e3__46cda4c529e93a4d,alpha_int32_10e3,10^3,1,pfa=[1],INT32,GPU,not_applicable,compatibility/end-to-end,PASS,OK,20,100,80,0.175722,true,46cda4c529e93a4dd06824368b79f3b22b1414db7ae4a9cf2e0431a4526786ac,af5570f5a1810b7af78caf4bc70a660f0df51e42baf91d4de5b2328de0e83dfc
1,20260810T024506Z_5e66669d177a_stage07_b01_formal_df0e8889,formal,20260810T024506Z,5e66669d177af61a75bb35b4b5c102ab6988e92c,false,stage07_b01_radartools_five_dtype_v2,03a5a9e2f6cb3af6d8b402d33c46fde5838cae300fea1ab7f1d92294a3677211,operator,cfar_alpha,Task1,Step4,cfar_alpha,cfar_alpha__alpha_int32_10e3__46cda4c529e93a4d,alpha_int32_10e3,10^3,1,pfa=[1],INT32,GPU,not_applicable,compatibility/end-to-end,PASS,OK,20,100,81,0.175312,true,46cda4c529e93a4dd06824368b79f3b22b1414db7ae4a9cf2e0431a4526786ac,af5570f5a1810b7af78caf4bc70a660f0df51e42baf91d4de5b2328de0e83dfc
1,20260810T024506Z_5e66669d177a_stage07_b01_formal_df0e8889,formal,20260810T024506Z,5e66669d177af61a75bb35b4b5c102ab6988e92c,false,stage07_b01_radartools_five_dtype_v2,03a5a9e2f6cb3af6d8b402d33c46fde5838cae300fea1ab7f1d92294a3677211,operator,cfar_alpha,Task1,Step4,cfar_alpha,cfar_alpha__alpha_int32_10e3__46cda4c529e93a4d,alpha_int32_10e3,10^3,1,pfa=[1],INT32,GPU,not_applicable,compatibility/end-to-end,PASS,OK,20,100,82,0.176251,true,46cda4c529e93a4dd06824368b79f3b22b1414db7ae4a9cf2e0431a4526786ac,af5570f5a1810b7af78caf4bc70a660f0df51e42baf91d4de5b2328de0e83dfc
1,20260810T024506Z_5e66669d177a_stage07_b01_formal_df0e8889,formal,20260810T024506Z,5e66669d177af61a75bb35b4b5c102ab6988e92c,false,stage07_b01_radartools_five_dtype_v2,03a5a9e2f6cb3af6d8b402d33c46fde5838cae300fea1ab7f1d92294a3677211,operator,cfar_alpha,Task1,Step4,cfar_alpha,cfar_alpha__alpha_int32_10e3__46cda4c529e93a4d,alpha_int32_10e3,10^3,1,pfa=[1],INT32,GPU,not_applicable,compatibility/end-to-end,PASS,OK,20,100,83,0.177032,true,46cda4c529e93a4dd06824368b79f3b22b1414db7ae4a9cf2e0431a4526786ac,af5570f5a1810b7af78caf4bc70a660f0df51e42baf91d4de5b2328de0e83dfc
1,20260810T024506Z_5e66669d177a_stage07_b01_formal_df0e8889,formal,20260810T024506Z,5e66669d177af61a75bb35b4b5c102ab6988e92c,false,stage07_b01_radartools_five_dtype_v2,03a5a9e2f6cb3af6d8b402d33c46fde5838cae300fea1ab7f1d92294a3677211,operator,cfar_alpha,Task1,Step4,cfar_alpha,cfar_alpha__alpha_int32_10e3__46cda4c529e93a4d,alpha_int32_10e3,10^3,1,pfa=[1],INT32,GPU,not_applicable,compatibility/end-to-end,PASS,OK,20,100,84,0.179751,true,46cda4c529e93a4dd06824368b79f3b22b1414db7ae4a9cf2e0431a4526786ac,af5570f5a1810b7af78caf4bc70a660f0df51e42baf91d4de5b2328de0e83dfc
1,20260810T024506Z_5e66669d177a_stage07_b01_formal_df0e8889,formal,20260810T024506Z,5e66669d177af61a75bb35b4b5c102ab6988e92c,false,stage07_b01_radartools_five_dtype_v2,03a5a9e2f6cb3af6d8b402d33c46fde5838cae300fea1ab7f1d92294a3677211,operator,cfar_alpha,Task1,Step4,cfar_alpha,cfar_alpha__alpha_int32_10e3__46cda4c529e93a4d,alpha_int32_10e3,10^3,1,pfa=[1],INT32,GPU,not_applicable,compatibility/end-to-end,PASS,OK,20,100,85,0.178752,true,46cda4c529e93a4dd06824368b79f3b22b1414db7ae4a9cf2e0431a4526786ac,af5570f5a1810b7af78caf4bc70a660f0df51e42baf91d4de5b2328de0e83dfc
1,20260810T024506Z_5e66669d177a_stage07_b01_formal_df0e8889,formal,20260810T024506Z,5e66669d177af61a75bb35b4b5c102ab6988e92c,false,stage07_b01_radartools_five_dtype_v2,03a5a9e2f6cb3af6d8b402d33c46fde5838cae300fea1ab7f1d92294a3677211,operator,cfar_alpha,Task1,Step4,cfar_alpha,cfar_alpha__alpha_int32_10e3__46cda4c529e93a4d,alpha_int32_10e3,10^3,1,pfa=[1],INT32,GPU,not_applicable,compatibility/end-to-end,PASS,OK,20,100,86,0.177892,true,46cda4c529e93a4dd06824368b79f3b22b1414db7ae4a9cf2e0431a4526786ac,af5570f5a1810b7af78caf4bc70a660f0df51e42baf91d4de5b2328de0e83dfc
1,20260810T024506Z_5e66669d177a_stage07_b01_formal_df0e8889,formal,20260810T024506Z,5e66669d177af61a75bb35b4b5c102ab6988e92c,false,stage07_b01_radartools_five_dtype_v2,03a5a9e2f6cb3af6d8b402d33c46fde5838cae300fea1ab7f1d92294a3677211,operator,cfar_alpha,Task1,Step4,cfar_alpha,cfar_alpha__alpha_int32_10e3__46cda4c529e93a4d,alpha_int32_10e3,10^3,1,pfa=[1],INT32,GPU,not_applicable,compatibility/end-to-end,PASS,OK,20,100,87,0.176511,true,46cda4c529e93a4dd06824368b79f3b22b1414db7ae4a9cf2e0431a4526786ac,af5570f5a1810b7af78caf4bc70a660f0df51e42baf91d4de5b2328de0e83dfc
1,20260810T024506Z_5e66669d177a_stage07_b01_formal_df0e8889,formal,20260810T024506Z,5e66669d177af61a75bb35b4b5c102ab6988e92c,false,stage07_b01_radartools_five_dtype_v2,03a5a9e2f6cb3af6d8b402d33c46fde5838cae300fea1ab7f1d92294a3677211,operator,cfar_alpha,Task1,Step4,cfar_alpha,cfar_alpha__alpha_int32_10e3__46cda4c529e93a4d,alpha_int32_10e3,10^3,1,pfa=[1],INT32,GPU,not_applicable,compatibility/end-to-end,PASS,OK,20,100,88,0.199902,true,46cda4c529e93a4dd06824368b79f3b22b1414db7ae4a9cf2e0431a4526786ac,af5570f5a1810b7af78caf4bc70a660f0df51e42baf91d4de5b2328de0e83dfc
1,20260810T024506Z_5e66669d177a_stage07_b01_formal_df0e8889,formal,20260810T024506Z,5e66669d177af61a75bb35b4b5c102ab6988e92c,false,stage07_b01_radartools_five_dtype_v2,03a5a9e2f6cb3af6d8b402d33c46fde5838cae300fea1ab7f1d92294a3677211,operator,cfar_alpha,Task1,Step4,cfar_alpha,cfar_alpha__alpha_int32_10e3__46cda4c529e93a4d,alpha_int32_10e3,10^3,1,pfa=[1],INT32,GPU,not_applicable,compatibility/end-to-end,PASS,OK,20,100,89,0.179472,true,46cda4c529e93a4dd06824368b79f3b22b1414db7ae4a9cf2e0431a4526786ac,af5570f5a1810b7af78caf4bc70a660f0df51e42baf91d4de5b2328de0e83dfc
1,20260810T024506Z_5e66669d177a_stage07_b01_formal_df0e8889,formal,20260810T024506Z,5e66669d177af61a75bb35b4b5c102ab6988e92c,false,stage07_b01_radartools_five_dtype_v2,03a5a9e2f6cb3af6d8b402d33c46fde5838cae300fea1ab7f1d92294a3677211,operator,cfar_alpha,Task1,Step4,cfar_alpha,cfar_alpha__alpha_int32_10e3__46cda4c529e93a4d,alpha_int32_10e3,10^3,1,pfa=[1],INT32,GPU,not_applicable,compatibility/end-to-end,PASS,OK,20,100,90,0.179821,true,46cda4c529e93a4dd06824368b79f3b22b1414db7ae4a9cf2e0431a4526786ac,af5570f5a1810b7af78caf4bc70a660f0df51e42baf91d4de5b2328de0e83dfc
1,20260810T024506Z_5e66669d177a_stage07_b01_formal_df0e8889,formal,20260810T024506Z,5e66669d177af61a75bb35b4b5c102ab6988e92c,false,stage07_b01_radartools_five_dtype_v2,03a5a9e2f6cb3af6d8b402d33c46fde5838cae300fea1ab7f1d92294a3677211,operator,cfar_alpha,Task1,Step4,cfar_alpha,cfar_alpha__alpha_int32_10e3__46cda4c529e93a4d,alpha_int32_10e3,10^3,1,pfa=[1],INT32,GPU,not_applicable,compatibility/end-to-end,PASS,OK,20,100,91,0.178282,true,46cda4c529e93a4dd06824368b79f3b22b1414db7ae4a9cf2e0431a4526786ac,af5570f5a1810b7af78caf4bc70a660f0df51e42baf91d4de5b2328de0e83dfc
1,20260810T024506Z_5e66669d177a_stage07_b01_formal_df0e8889,formal,20260810T024506Z,5e66669d177af61a75bb35b4b5c102ab6988e92c,false,stage07_b01_radartools_five_dtype_v2,03a5a9e2f6cb3af6d8b402d33c46fde5838cae300fea1ab7f1d92294a3677211,operator,cfar_alpha,Task1,Step4,cfar_alpha,cfar_alpha__alpha_int32_10e3__46cda4c529e93a4d,alpha_int32_10e3,10^3,1,pfa=[1],INT32,GPU,not_applicable,compatibility/end-to-end,PASS,OK,20,100,92,0.175812,true,46cda4c529e93a4dd06824368b79f3b22b1414db7ae4a9cf2e0431a4526786ac,af5570f5a1810b7af78caf4bc70a660f0df51e42baf91d4de5b2328de0e83dfc
1,20260810T024506Z_5e66669d177a_stage07_b01_formal_df0e8889,formal,20260810T024506Z,5e66669d177af61a75bb35b4b5c102ab6988e92c,false,stage07_b01_radartools_five_dtype_v2,03a5a9e2f6cb3af6d8b402d33c46fde5838cae300fea1ab7f1d92294a3677211,operator,cfar_alpha,Task1,Step4,cfar_alpha,cfar_alpha__alpha_int32_10e3__46cda4c529e93a4d,alpha_int32_10e3,10^3,1,pfa=[1],INT32,GPU,not_applicable,compatibility/end-to-end,PASS,OK,20,100,93,0.177991,true,46cda4c529e93a4dd06824368b79f3b22b1414db7ae4a9cf2e0431a4526786ac,af5570f5a1810b7af78caf4bc70a660f0df51e42baf91d4de5b2328de0e83dfc
1,20260810T024506Z_5e66669d177a_stage07_b01_formal_df0e8889,formal,20260810T024506Z,5e66669d177af61a75bb35b4b5c102ab6988e92c,false,stage07_b01_radartools_five_dtype_v2,03a5a9e2f6cb3af6d8b402d33c46fde5838cae300fea1ab7f1d92294a3677211,operator,cfar_alpha,Task1,Step4,cfar_alpha,cfar_alpha__alpha_int32_10e3__46cda4c529e93a4d,alpha_int32_10e3,10^3,1,pfa=[1],INT32,GPU,not_applicable,compatibility/end-to-end,PASS,OK,20,100,94,0.178162,true,46cda4c529e93a4dd06824368b79f3b22b1414db7ae4a9cf2e0431a4526786ac,af5570f5a1810b7af78caf4bc70a660f0df51e42baf91d4de5b2328de0e83dfc
1,20260810T024506Z_5e66669d177a_stage07_b01_formal_df0e8889,formal,20260810T024506Z,5e66669d177af61a75bb35b4b5c102ab6988e92c,false,stage07_b01_radartools_five_dtype_v2,03a5a9e2f6cb3af6d8b402d33c46fde5838cae300fea1ab7f1d92294a3677211,operator,cfar_alpha,Task1,Step4,cfar_alpha,cfar_alpha__alpha_int32_10e3__46cda4c529e93a4d,alpha_int32_10e3,10^3,1,pfa=[1],INT32,GPU,not_applicable,compatibility/end-to-end,PASS,OK,20,100,95,0.178951,true,46cda4c529e93a4dd06824368b79f3b22b1414db7ae4a9cf2e0431a4526786ac,af5570f5a1810b7af78caf4bc70a660f0df51e42baf91d4de5b2328de0e83dfc
1,20260810T024506Z_5e66669d177a_stage07_b01_formal_df0e8889,formal,20260810T024506Z,5e66669d177af61a75bb35b4b5c102ab6988e92c,false,stage07_b01_radartools_five_dtype_v2,03a5a9e2f6cb3af6d8b402d33c46fde5838cae300fea1ab7f1d92294a3677211,operator,cfar_alpha,Task1,Step4,cfar_alpha,cfar_alpha__alpha_int32_10e3__46cda4c529e93a4d,alpha_int32_10e3,10^3,1,pfa=[1],INT32,GPU,not_applicable,compatibility/end-to-end,PASS,OK,20,100,96,0.178392,true,46cda4c529e93a4dd06824368b79f3b22b1414db7ae4a9cf2e0431a4526786ac,af5570f5a1810b7af78caf4bc70a660f0df51e42baf91d4de5b2328de0e83dfc
1,20260810T024506Z_5e66669d177a_stage07_b01_formal_df0e8889,formal,20260810T024506Z,5e66669d177af61a75bb35b4b5c102ab6988e92c,false,stage07_b01_radartools_five_dtype_v2,03a5a9e2f6cb3af6d8b402d33c46fde5838cae300fea1ab7f1d92294a3677211,operator,cfar_alpha,Task1,Step4,cfar_alpha,cfar_alpha__alpha_int32_10e3__46cda4c529e93a4d,alpha_int32_10e3,10^3,1,pfa=[1],INT32,GPU,not_applicable,compatibility/end-to-end,PASS,OK,20,100,97,0.181262,true,46cda4c529e93a4dd06824368b79f3b22b1414db7ae4a9cf2e0431a4526786ac,af5570f5a1810b7af78caf4bc70a660f0df51e42baf91d4de5b2328de0e83dfc
1,20260810T024506Z_5e66669d177a_stage07_b01_formal_df0e8889,formal,20260810T024506Z,5e66669d177af61a75bb35b4b5c102ab6988e92c,false,stage07_b01_radartools_five_dtype_v2,03a5a9e2f6cb3af6d8b402d33c46fde5838cae300fea1ab7f1d92294a3677211,operator,cfar_alpha,Task1,Step4,cfar_alpha,cfar_alpha__alpha_int32_10e3__46cda4c529e93a4d,alpha_int32_10e3,10^3,1,pfa=[1],INT32,GPU,not_applicable,compatibility/end-to-end,PASS,OK,20,100,98,0.178651,true,46cda4c529e93a4dd06824368b79f3b22b1414db7ae4a9cf2e0431a4526786ac,af5570f5a1810b7af78caf4bc70a660f0df51e42baf91d4de5b2328de0e83dfc
1,20260810T024506Z_5e66669d177a_stage07_b01_formal_df0e8889,formal,20260810T024506Z,5e66669d177af61a75bb35b4b5c102ab6988e92c,false,stage07_b01_radartools_five_dtype_v2,03a5a9e2f6cb3af6d8b402d33c46fde5838cae300fea1ab7f1d92294a3677211,operator,cfar_alpha,Task1,Step4,cfar_alpha,cfar_alpha__alpha_int32_10e3__46cda4c529e93a4d,alpha_int32_10e3,10^3,1,pfa=[1],INT32,GPU,not_applicable,compatibility/end-to-end,PASS,OK,20,100,99,0.178712,true,46cda4c529e93a4dd06824368b79f3b22b1414db7ae4a9cf2e0431a4526786ac,af5570f5a1810b7af78caf4bc70a660f0df51e42baf91d4de5b2328de0e83dfc
