schema_version,run_id,run_type,test_time_utc,git_commit,git_dirty,config_id,config_sha256,target_kind,target,task_name,step_name,operator_name,case_id,scale_id,order_of_magnitude,actual_elements,input_shape,dtype,device,backend,timing_scope,status,error_code,warmup_runs,measured_runs,sample_index,latency_ms,synchronized,input_digest,output_digest
1,20260810T024240Z_5e66669d177a_stage07_b01_formal_d091a7f9,formal,20260810T024240Z,5e66669d177af61a75bb35b4b5c102ab6988e92c,false,stage07_b01_radartools_five_dtype_v2,03a5a9e2f6cb3af6d8b402d33c46fde5838cae300fea1ab7f1d92294a3677211,operator,pulse_compression,Task1,Step2,pulse_compression,pulse_compression__pc_int16_10e4__cf3dd95c7197904b,pc_int16_10e4,10^4,16448,"echo=[64, 256]|waveform=[64]",INT16,CPU,fft_thrust,compatibility/end-to-end,PASS,OK,20,100,0,38.456373,true,cf3dd95c7197904bf57565a093cfebcecfc6428504e29c15293c31e535cab12a,96107112969d4c5acf5024f93ac399dc452ce836b6c613adcfb7328f3fb67142
1,20260810T024240Z_5e66669d177a_stage07_b01_formal_d091a7f9,formal,20260810T024240Z,5e66669d177af61a75bb35b4b5c102ab6988e92c,false,stage07_b01_radartools_five_dtype_v2,03a5a9e2f6cb3af6d8b402d33c46fde5838cae300fea1ab7f1d92294a3677211,operator,pulse_compression,Task1,Step2,pulse_compression,pulse_compression__pc_int16_10e4__cf3dd95c7197904b,pc_int16_10e4,10^4,16448,"echo=[64, 256]|waveform=[64]",INT16,CPU,fft_thrust,compatibility/end-to-end,PASS,OK,20,100,1,38.411581,true,cf3dd95c7197904bf57565a093cfebcecfc6428504e29c15293c31e535cab12a,96107112969d4c5acf5024f93ac399dc452ce836b6c613adcfb7328f3fb67142
1,20260810T024240Z_5e66669d177a_stage07_b01_formal_d091a7f9,formal,20260810T024240Z,5e66669d177af61a75bb35b4b5c102ab6988e92c,false,stage07_b01_radartools_five_dtype_v2,03a5a9e2f6cb3af6d8b402d33c46fde5838cae300fea1ab7f1d92294a3677211,operator,pulse_compression,Task1,Step2,pulse_compression,pulse_compression__pc_int16_10e4__cf3dd95c7197904b,pc_int16_10e4,10^4,16448,"echo=[64, 256]|waveform=[64]",INT16,CPU,fft_thrust,compatibility/end-to-end,PASS,OK,20,100,2,38.425652,true,cf3dd95c7197904bf57565a093cfebcecfc6428504e29c15293c31e535cab12a,96107112969d4c5acf5024f93ac399dc452ce836b6c613adcfb7328f3fb67142
1,20260810T024240Z_5e66669d177a_stage07_b01_formal_d091a7f9,formal,20260810T024240Z,5e66669d177af61a75bb35b4b5c102ab6988e92c,false,stage07_b01_radartools_five_dtype_v2,03a5a9e2f6cb3af6d8b402d33c46fde5838cae300fea1ab7f1d92294a3677211,operator,pulse_compression,Task1,Step2,pulse_compression,pulse_compression__pc_int16_10e4__cf3dd95c7197904b,pc_int16_10e4,10^4,16448,"echo=[64, 256]|waveform=[64]",INT16,CPU,fft_thrust,compatibility/end-to-end,PASS,OK,20,100,3,38.452532,true,cf3dd95c7197904bf57565a093cfebcecfc6428504e29c15293c31e535cab12a,96107112969d4c5acf5024f93ac399dc452ce836b6c613adcfb7328f3fb67142
1,20260810T024240Z_5e66669d177a_stage07_b01_formal_d091a7f9,formal,20260810T024240Z,5e66669d177af61a75bb35b4b5c102ab6988e92c,false,stage07_b01_radartools_five_dtype_v2,03a5a9e2f6cb3af6d8b402d33c46fde5838cae300fea1ab7f1d92294a3677211,operator,pulse_compression,Task1,Step2,pulse_compression,pulse_compression__pc_int16_10e4__cf3dd95c7197904b,pc_int16_10e4,10^4,16448,"echo=[64, 256]|waveform=[64]",INT16,CPU,fft_thrust,compatibility/end-to-end,PASS,OK,20,100,4,38.392382,true,cf3dd95c7197904bf57565a093cfebcecfc6428504e29c15293c31e535cab12a,96107112969d4c5acf5024f93ac399dc452ce836b6c613adcfb7328f3fb67142
1,20260810T024240Z_5e66669d177a_stage07_b01_formal_d091a7f9,formal,20260810T024240Z,5e66669d177af61a75bb35b4b5c102ab6988e92c,false,stage07_b01_radartools_five_dtype_v2,03a5a9e2f6cb3af6d8b402d33c46fde5838cae300fea1ab7f1d92294a3677211,operator,pulse_compression,Task1,Step2,pulse_compression,pulse_compression__pc_int16_10e4__cf3dd95c7197904b,pc_int16_10e4,10^4,16448,"echo=[64, 256]|waveform=[64]",INT16,CPU,fft_thrust,compatibility/end-to-end,PASS,OK,20,100,5,38.418751,true,cf3dd95c7197904bf57565a093cfebcecfc6428504e29c15293c31e535cab12a,96107112969d4c5acf5024f93ac399dc452ce836b6c613adcfb7328f3fb67142
1,20260810T024240Z_5e66669d177a_stage07_b01_formal_d091a7f9,formal,20260810T024240Z,5e66669d177af61a75bb35b4b5c102ab6988e92c,false,stage07_b01_radartools_five_dtype_v2,03a5a9e2f6cb3af6d8b402d33c46fde5838cae300fea1ab7f1d92294a3677211,operator,pulse_compression,Task1,Step2,pulse_compression,pulse_compression__pc_int16_10e4__cf3dd95c7197904b,pc_int16_10e4,10^4,16448,"echo=[64, 256]|waveform=[64]",INT16,CPU,fft_thrust,compatibility/end-to-end,PASS,OK,20,100,6,38.419462,true,cf3dd95c7197904bf57565a093cfebcecfc6428504e29c15293c31e535cab12a,96107112969d4c5acf5024f93ac399dc452ce836b6c613adcfb7328f3fb67142
1,20260810T024240Z_5e66669d177a_stage07_b01_formal_d091a7f9,formal,20260810T024240Z,5e66669d177af61a75bb35b4b5c102ab6988e92c,false,stage07_b01_radartools_five_dtype_v2,03a5a9e2f6cb3af6d8b402d33c46fde5838cae300fea1ab7f1d92294a3677211,operator,pulse_compression,Task1,Step2,pulse_compression,pulse_compression__pc_int16_10e4__cf3dd95c7197904b,pc_int16_10e4,10^4,16448,"echo=[64, 256]|waveform=[64]",INT16,CPU,fft_thrust,compatibility/end-to-end,PASS,OK,20,100,7,38.398302,true,cf3dd95c7197904bf57565a093cfebcecfc6428504e29c15293c31e535cab12a,96107112969d4c5acf5024f93ac399dc452ce836b6c613adcfb7328f3fb67142
1,20260810T024240Z_5e66669d177a_stage07_b01_formal_d091a7f9,formal,20260810T024240Z,5e66669d177af61a75bb35b4b5c102ab6988e92c,false,stage07_b01_radartools_five_dtype_v2,03a5a9e2f6cb3af6d8b402d33c46fde5838cae300fea1ab7f1d92294a3677211,operator,pulse_compression,Task1,Step2,pulse_compression,pulse_compression__pc_int16_10e4__cf3dd95c7197904b,pc_int16_10e4,10^4,16448,"echo=[64, 256]|waveform=[64]",INT16,CPU,fft_thrust,compatibility/end-to-end,PASS,OK,20,100,8,38.396701,true,cf3dd95c7197904bf57565a093cfebcecfc6428504e29c15293c31e535cab12a,96107112969d4c5acf5024f93ac399dc452ce836b6c613adcfb7328f3fb67142
1,20260810T024240Z_5e66669d177a_stage07_b01_formal_d091a7f9,formal,20260810T024240Z,5e66669d177af61a75bb35b4b5c102ab6988e92c,false,stage07_b01_radartools_five_dtype_v2,03a5a9e2f6cb3af6d8b402d33c46fde5838cae300fea1ab7f1d92294a3677211,operator,pulse_compression,Task1,Step2,pulse_compression,pulse_compression__pc_int16_10e4__cf3dd95c7197904b,pc_int16_10e4,10^4,16448,"echo=[64, 256]|waveform=[64]",INT16,CPU,fft_thrust,compatibility/end-to-end,PASS,OK,20,100,9,38.415942,true,cf3dd95c7197904bf57565a093cfebcecfc6428504e29c15293c31e535cab12a,96107112969d4c5acf5024f93ac399dc452ce836b6c613adcfb7328f3fb67142
1,20260810T024240Z_5e66669d177a_stage07_b01_formal_d091a7f9,formal,20260810T024240Z,5e66669d177af61a75bb35b4b5c102ab6988e92c,false,stage07_b01_radartools_five_dtype_v2,03a5a9e2f6cb3af6d8b402d33c46fde5838cae300fea1ab7f1d92294a3677211,operator,pulse_compression,Task1,Step2,pulse_compression,pulse_compression__pc_int16_10e4__cf3dd95c7197904b,pc_int16_10e4,10^4,16448,"echo=[64, 256]|waveform=[64]",INT16,CPU,fft_thrust,compatibility/end-to-end,PASS,OK,20,100,10,38.414461,true,cf3dd95c7197904bf57565a093cfebcecfc6428504e29c15293c31e535cab12a,96107112969d4c5acf5024f93ac399dc452ce836b6c613adcfb7328f3fb67142
1,20260810T024240Z_5e66669d177a_stage07_b01_formal_d091a7f9,formal,20260810T024240Z,5e66669d177af61a75bb35b4b5c102ab6988e92c,false,stage07_b01_radartools_five_dtype_v2,03a5a9e2f6cb3af6d8b402d33c46fde5838cae300fea1ab7f1d92294a3677211,operator,pulse_compression,Task1,Step2,pulse_compression,pulse_compression__pc_int16_10e4__cf3dd95c7197904b,pc_int16_10e4,10^4,16448,"echo=[64, 256]|waveform=[64]",INT16,CPU,fft_thrust,compatibility/end-to-end,PASS,OK,20,100,11,38.393402,true,cf3dd95c7197904bf57565a093cfebcecfc6428504e29c15293c31e535cab12a,96107112969d4c5acf5024f93ac399dc452ce836b6c613adcfb7328f3fb67142
1,20260810T024240Z_5e66669d177a_stage07_b01_formal_d091a7f9,formal,20260810T024240Z,5e66669d177af61a75bb35b4b5c102ab6988e92c,false,stage07_b01_radartools_five_dtype_v2,03a5a9e2f6cb3af6d8b402d33c46fde5838cae300fea1ab7f1d92294a3677211,operator,pulse_compression,Task1,Step2,pulse_compression,pulse_compression__pc_int16_10e4__cf3dd95c7197904b,pc_int16_10e4,10^4,16448,"echo=[64, 256]|waveform=[64]",INT16,CPU,fft_thrust,compatibility/end-to-end,PASS,OK,20,100,12,38.399501,true,cf3dd95c7197904bf57565a093cfebcecfc6428504e29c15293c31e535cab12a,96107112969d4c5acf5024f93ac399dc452ce836b6c613adcfb7328f3fb67142
1,20260810T024240Z_5e66669d177a_stage07_b01_formal_d091a7f9,formal,20260810T024240Z,5e66669d177af61a75bb35b4b5c102ab6988e92c,false,stage07_b01_radartools_five_dtype_v2,03a5a9e2f6cb3af6d8b402d33c46fde5838cae300fea1ab7f1d92294a3677211,operator,pulse_compression,Task1,Step2,pulse_compression,pulse_compression__pc_int16_10e4__cf3dd95c7197904b,pc_int16_10e4,10^4,16448,"echo=[64, 256]|waveform=[64]",INT16,CPU,fft_thrust,compatibility/end-to-end,PASS,OK,20,100,13,38.397202,true,cf3dd95c7197904bf57565a093cfebcecfc6428504e29c15293c31e535cab12a,96107112969d4c5acf5024f93ac399dc452ce836b6c613adcfb7328f3fb67142
1,20260810T024240Z_5e66669d177a_stage07_b01_formal_d091a7f9,formal,20260810T024240Z,5e66669d177af61a75bb35b4b5c102ab6988e92c,false,stage07_b01_radartools_five_dtype_v2,03a5a9e2f6cb3af6d8b402d33c46fde5838cae300fea1ab7f1d92294a3677211,operator,pulse_compression,Task1,Step2,pulse_compression,pulse_compression__pc_int16_10e4__cf3dd95c7197904b,pc_int16_10e4,10^4,16448,"echo=[64, 256]|waveform=[64]",INT16,CPU,fft_thrust,compatibility/end-to-end,PASS,OK,20,100,14,38.423262,true,cf3dd95c7197904bf57565a093cfebcecfc6428504e29c15293c31e535cab12a,96107112969d4c5acf5024f93ac399dc452ce836b6c613adcfb7328f3fb67142
1,20260810T024240Z_5e66669d177a_stage07_b01_formal_d091a7f9,formal,20260810T024240Z,5e66669d177af61a75bb35b4b5c102ab6988e92c,false,stage07_b01_radartools_five_dtype_v2,03a5a9e2f6cb3af6d8b402d33c46fde5838cae300fea1ab7f1d92294a3677211,operator,pulse_compression,Task1,Step2,pulse_compression,pulse_compression__pc_int16_10e4__cf3dd95c7197904b,pc_int16_10e4,10^4,16448,"echo=[64, 256]|waveform=[64]",INT16,CPU,fft_thrust,compatibility/end-to-end,PASS,OK,20,100,15,38.380531,true,cf3dd95c7197904bf57565a093cfebcecfc6428504e29c15293c31e535cab12a,96107112969d4c5acf5024f93ac399dc452ce836b6c613adcfb7328f3fb67142
1,20260810T024240Z_5e66669d177a_stage07_b01_formal_d091a7f9,formal,20260810T024240Z,5e66669d177af61a75bb35b4b5c102ab6988e92c,false,stage07_b01_radartools_five_dtype_v2,03a5a9e2f6cb3af6d8b402d33c46fde5838cae300fea1ab7f1d92294a3677211,operator,pulse_compression,Task1,Step2,pulse_compression,pulse_compression__pc_int16_10e4__cf3dd95c7197904b,pc_int16_10e4,10^4,16448,"echo=[64, 256]|waveform=[64]",INT16,CPU,fft_thrust,compatibility/end-to-end,PASS,OK,20,100,16,38.441782,true,cf3dd95c7197904bf57565a093cfebcecfc6428504e29c15293c31e535cab12a,96107112969d4c5acf5024f93ac399dc452ce836b6c613adcfb7328f3fb67142
1,20260810T024240Z_5e66669d177a_stage07_b01_formal_d091a7f9,formal,20260810T024240Z,5e66669d177af61a75bb35b4b5c102ab6988e92c,false,stage07_b01_radartools_five_dtype_v2,03a5a9e2f6cb3af6d8b402d33c46fde5838cae300fea1ab7f1d92294a3677211,operator,pulse_compression,Task1,Step2,pulse_compression,pulse_compression__pc_int16_10e4__cf3dd95c7197904b,pc_int16_10e4,10^4,16448,"echo=[64, 256]|waveform=[64]",INT16,CPU,fft_thrust,compatibility/end-to-end,PASS,OK,20,100,17,38.426582,true,cf3dd95c7197904bf57565a093cfebcecfc6428504e29c15293c31e535cab12a,96107112969d4c5acf5024f93ac399dc452ce836b6c613adcfb7328f3fb67142
1,20260810T024240Z_5e66669d177a_stage07_b01_formal_d091a7f9,formal,20260810T024240Z,5e66669d177af61a75bb35b4b5c102ab6988e92c,false,stage07_b01_radartools_five_dtype_v2,03a5a9e2f6cb3af6d8b402d33c46fde5838cae300fea1ab7f1d92294a3677211,operator,pulse_compression,Task1,Step2,pulse_compression,pulse_compression__pc_int16_10e4__cf3dd95c7197904b,pc_int16_10e4,10^4,16448,"echo=[64, 256]|waveform=[64]",INT16,CPU,fft_thrust,compatibility/end-to-end,PASS,OK,20,100,18,38.427101,true,cf3dd95c7197904bf57565a093cfebcecfc6428504e29c15293c31e535cab12a,96107112969d4c5acf5024f93ac399dc452ce836b6c613adcfb7328f3fb67142
1,20260810T024240Z_5e66669d177a_stage07_b01_formal_d091a7f9,formal,20260810T024240Z,5e66669d177af61a75bb35b4b5c102ab6988e92c,false,stage07_b01_radartools_five_dtype_v2,03a5a9e2f6cb3af6d8b402d33c46fde5838cae300fea1ab7f1d92294a3677211,operator,pulse_compression,Task1,Step2,pulse_compression,pulse_compression__pc_int16_10e4__cf3dd95c7197904b,pc_int16_10e4,10^4,16448,"echo=[64, 256]|waveform=[64]",INT16,CPU,fft_thrust,compatibility/end-to-end,PASS,OK,20,100,19,38.407822,true,cf3dd95c7197904bf57565a093cfebcecfc6428504e29c15293c31e535cab12a,96107112969d4c5acf5024f93ac399dc452ce836b6c613adcfb7328f3fb67142
1,20260810T024240Z_5e66669d177a_stage07_b01_formal_d091a7f9,formal,20260810T024240Z,5e66669d177af61a75bb35b4b5c102ab6988e92c,false,stage07_b01_radartools_five_dtype_v2,03a5a9e2f6cb3af6d8b402d33c46fde5838cae300fea1ab7f1d92294a3677211,operator,pulse_compression,Task1,Step2,pulse_compression,pulse_compression__pc_int16_10e4__cf3dd95c7197904b,pc_int16_10e4,10^4,16448,"echo=[64, 256]|waveform=[64]",INT16,CPU,fft_thrust,compatibility/end-to-end,PASS,OK,20,100,20,38.431961,true,cf3dd95c7197904bf57565a093cfebcecfc6428504e29c15293c31e535cab12a,96107112969d4c5acf5024f93ac399dc452ce836b6c613adcfb7328f3fb67142
1,20260810T024240Z_5e66669d177a_stage07_b01_formal_d091a7f9,formal,20260810T024240Z,5e66669d177af61a75bb35b4b5c102ab6988e92c,false,stage07_b01_radartools_five_dtype_v2,03a5a9e2f6cb3af6d8b402d33c46fde5838cae300fea1ab7f1d92294a3677211,operator,pulse_compression,Task1,Step2,pulse_compression,pulse_compression__pc_int16_10e4__cf3dd95c7197904b,pc_int16_10e4,10^4,16448,"echo=[64, 256]|waveform=[64]",INT16,CPU,fft_thrust,compatibility/end-to-end,PASS,OK,20,100,21,38.383772,true,cf3dd95c7197904bf57565a093cfebcecfc6428504e29c15293c31e535cab12a,96107112969d4c5acf5024f93ac399dc452ce836b6c613adcfb7328f3fb67142
1,20260810T024240Z_5e66669d177a_stage07_b01_formal_d091a7f9,formal,20260810T024240Z,5e66669d177af61a75bb35b4b5c102ab6988e92c,false,stage07_b01_radartools_five_dtype_v2,03a5a9e2f6cb3af6d8b402d33c46fde5838cae300fea1ab7f1d92294a3677211,operator,pulse_compression,Task1,Step2,pulse_compression,pulse_compression__pc_int16_10e4__cf3dd95c7197904b,pc_int16_10e4,10^4,16448,"echo=[64, 256]|waveform=[64]",INT16,CPU,fft_thrust,compatibility/end-to-end,PASS,OK,20,100,22,38.468762,true,cf3dd95c7197904bf57565a093cfebcecfc6428504e29c15293c31e535cab12a,96107112969d4c5acf5024f93ac399dc452ce836b6c613adcfb7328f3fb67142
1,20260810T024240Z_5e66669d177a_stage07_b01_formal_d091a7f9,formal,20260810T024240Z,5e66669d177af61a75bb35b4b5c102ab6988e92c,false,stage07_b01_radartools_five_dtype_v2,03a5a9e2f6cb3af6d8b402d33c46fde5838cae300fea1ab7f1d92294a3677211,operator,pulse_compression,Task1,Step2,pulse_compression,pulse_compression__pc_int16_10e4__cf3dd95c7197904b,pc_int16_10e4,10^4,16448,"echo=[64, 256]|waveform=[64]",INT16,CPU,fft_thrust,compatibility/end-to-end,PASS,OK,20,100,23,38.378931,true,cf3dd95c7197904bf57565a093cfebcecfc6428504e29c15293c31e535cab12a,96107112969d4c5acf5024f93ac399dc452ce836b6c613adcfb7328f3fb67142
1,20260810T024240Z_5e66669d177a_stage07_b01_formal_d091a7f9,formal,20260810T024240Z,5e66669d177af61a75bb35b4b5c102ab6988e92c,false,stage07_b01_radartools_five_dtype_v2,03a5a9e2f6cb3af6d8b402d33c46fde5838cae300fea1ab7f1d92294a3677211,operator,pulse_compression,Task1,Step2,pulse_compression,pulse_compression__pc_int16_10e4__cf3dd95c7197904b,pc_int16_10e4,10^4,16448,"echo=[64, 256]|waveform=[64]",INT16,CPU,fft_thrust,compatibility/end-to-end,PASS,OK,20,100,24,38.399461,true,cf3dd95c7197904bf57565a093cfebcecfc6428504e29c15293c31e535cab12a,96107112969d4c5acf5024f93ac399dc452ce836b6c613adcfb7328f3fb67142
1,20260810T024240Z_5e66669d177a_stage07_b01_formal_d091a7f9,formal,20260810T024240Z,5e66669d177af61a75bb35b4b5c102ab6988e92c,false,stage07_b01_radartools_five_dtype_v2,03a5a9e2f6cb3af6d8b402d33c46fde5838cae300fea1ab7f1d92294a3677211,operator,pulse_compression,Task1,Step2,pulse_compression,pulse_compression__pc_int16_10e4__cf3dd95c7197904b,pc_int16_10e4,10^4,16448,"echo=[64, 256]|waveform=[64]",INT16,CPU,fft_thrust,compatibility/end-to-end,PASS,OK,20,100,25,38.406412,true,cf3dd95c7197904bf57565a093cfebcecfc6428504e29c15293c31e535cab12a,96107112969d4c5acf5024f93ac399dc452ce836b6c613adcfb7328f3fb67142
1,20260810T024240Z_5e66669d177a_stage07_b01_formal_d091a7f9,formal,20260810T024240Z,5e66669d177af61a75bb35b4b5c102ab6988e92c,false,stage07_b01_radartools_five_dtype_v2,03a5a9e2f6cb3af6d8b402d33c46fde5838cae300fea1ab7f1d92294a3677211,operator,pulse_compression,Task1,Step2,pulse_compression,pulse_compression__pc_int16_10e4__cf3dd95c7197904b,pc_int16_10e4,10^4,16448,"echo=[64, 256]|waveform=[64]",INT16,CPU,fft_thrust,compatibility/end-to-end,PASS,OK,20,100,26,38.392241,true,cf3dd95c7197904bf57565a093cfebcecfc6428504e29c15293c31e535cab12a,96107112969d4c5acf5024f93ac399dc452ce836b6c613adcfb7328f3fb67142
1,20260810T024240Z_5e66669d177a_stage07_b01_formal_d091a7f9,formal,20260810T024240Z,5e66669d177af61a75bb35b4b5c102ab6988e92c,false,stage07_b01_radartools_five_dtype_v2,03a5a9e2f6cb3af6d8b402d33c46fde5838cae300fea1ab7f1d92294a3677211,operator,pulse_compression,Task1,Step2,pulse_compression,pulse_compression__pc_int16_10e4__cf3dd95c7197904b,pc_int16_10e4,10^4,16448,"echo=[64, 256]|waveform=[64]",INT16,CPU,fft_thrust,compatibility/end-to-end,PASS,OK,20,100,27,38.421622,true,cf3dd95c7197904bf57565a093cfebcecfc6428504e29c15293c31e535cab12a,96107112969d4c5acf5024f93ac399dc452ce836b6c613adcfb7328f3fb67142
1,20260810T024240Z_5e66669d177a_stage07_b01_formal_d091a7f9,formal,20260810T024240Z,5e66669d177af61a75bb35b4b5c102ab6988e92c,false,stage07_b01_radartools_five_dtype_v2,03a5a9e2f6cb3af6d8b402d33c46fde5838cae300fea1ab7f1d92294a3677211,operator,pulse_compression,Task1,Step2,pulse_compression,pulse_compression__pc_int16_10e4__cf3dd95c7197904b,pc_int16_10e4,10^4,16448,"echo=[64, 256]|waveform=[64]",INT16,CPU,fft_thrust,compatibility/end-to-end,PASS,OK,20,100,28,38.381111,true,cf3dd95c7197904bf57565a093cfebcecfc6428504e29c15293c31e535cab12a,96107112969d4c5acf5024f93ac399dc452ce836b6c613adcfb7328f3fb67142
1,20260810T024240Z_5e66669d177a_stage07_b01_formal_d091a7f9,formal,20260810T024240Z,5e66669d177af61a75bb35b4b5c102ab6988e92c,false,stage07_b01_radartools_five_dtype_v2,03a5a9e2f6cb3af6d8b402d33c46fde5838cae300fea1ab7f1d92294a3677211,operator,pulse_compression,Task1,Step2,pulse_compression,pulse_compression__pc_int16_10e4__cf3dd95c7197904b,pc_int16_10e4,10^4,16448,"echo=[64, 256]|waveform=[64]",INT16,CPU,fft_thrust,compatibility/end-to-end,PASS,OK,20,100,29,38.446862,true,cf3dd95c7197904bf57565a093cfebcecfc6428504e29c15293c31e535cab12a,96107112969d4c5acf5024f93ac399dc452ce836b6c613adcfb7328f3fb67142
1,20260810T024240Z_5e66669d177a_stage07_b01_formal_d091a7f9,formal,20260810T024240Z,5e66669d177af61a75bb35b4b5c102ab6988e92c,false,stage07_b01_radartools_five_dtype_v2,03a5a9e2f6cb3af6d8b402d33c46fde5838cae300fea1ab7f1d92294a3677211,operator,pulse_compression,Task1,Step2,pulse_compression,pulse_compression__pc_int16_10e4__cf3dd95c7197904b,pc_int16_10e4,10^4,16448,"echo=[64, 256]|waveform=[64]",INT16,CPU,fft_thrust,compatibility/end-to-end,PASS,OK,20,100,30,38.419962,true,cf3dd95c7197904bf57565a093cfebcecfc6428504e29c15293c31e535cab12a,96107112969d4c5acf5024f93ac399dc452ce836b6c613adcfb7328f3fb67142
1,20260810T024240Z_5e66669d177a_stage07_b01_formal_d091a7f9,formal,20260810T024240Z,5e66669d177af61a75bb35b4b5c102ab6988e92c,false,stage07_b01_radartools_five_dtype_v2,03a5a9e2f6cb3af6d8b402d33c46fde5838cae300fea1ab7f1d92294a3677211,operator,pulse_compression,Task1,Step2,pulse_compression,pulse_compression__pc_int16_10e4__cf3dd95c7197904b,pc_int16_10e4,10^4,16448,"echo=[64, 256]|waveform=[64]",INT16,CPU,fft_thrust,compatibility/end-to-end,PASS,OK,20,100,31,38.566163,true,cf3dd95c7197904bf57565a093cfebcecfc6428504e29c15293c31e535cab12a,96107112969d4c5acf5024f93ac399dc452ce836b6c613adcfb7328f3fb67142
1,20260810T024240Z_5e66669d177a_stage07_b01_formal_d091a7f9,formal,20260810T024240Z,5e66669d177af61a75bb35b4b5c102ab6988e92c,false,stage07_b01_radartools_five_dtype_v2,03a5a9e2f6cb3af6d8b402d33c46fde5838cae300fea1ab7f1d92294a3677211,operator,pulse_compression,Task1,Step2,pulse_compression,pulse_compression__pc_int16_10e4__cf3dd95c7197904b,pc_int16_10e4,10^4,16448,"echo=[64, 256]|waveform=[64]",INT16,CPU,fft_thrust,compatibility/end-to-end,PASS,OK,20,100,32,38.472292,true,cf3dd95c7197904bf57565a093cfebcecfc6428504e29c15293c31e535cab12a,96107112969d4c5acf5024f93ac399dc452ce836b6c613adcfb7328f3fb67142
1,20260810T024240Z_5e66669d177a_stage07_b01_formal_d091a7f9,formal,20260810T024240Z,5e66669d177af61a75bb35b4b5c102ab6988e92c,false,stage07_b01_radartools_five_dtype_v2,03a5a9e2f6cb3af6d8b402d33c46fde5838cae300fea1ab7f1d92294a3677211,operator,pulse_compression,Task1,Step2,pulse_compression,pulse_compression__pc_int16_10e4__cf3dd95c7197904b,pc_int16_10e4,10^4,16448,"echo=[64, 256]|waveform=[64]",INT16,CPU,fft_thrust,compatibility/end-to-end,PASS,OK,20,100,33,38.405001,true,cf3dd95c7197904bf57565a093cfebcecfc6428504e29c15293c31e535cab12a,96107112969d4c5acf5024f93ac399dc452ce836b6c613adcfb7328f3fb67142
1,20260810T024240Z_5e66669d177a_stage07_b01_formal_d091a7f9,formal,20260810T024240Z,5e66669d177af61a75bb35b4b5c102ab6988e92c,false,stage07_b01_radartools_five_dtype_v2,03a5a9e2f6cb3af6d8b402d33c46fde5838cae300fea1ab7f1d92294a3677211,operator,pulse_compression,Task1,Step2,pulse_compression,pulse_compression__pc_int16_10e4__cf3dd95c7197904b,pc_int16_10e4,10^4,16448,"echo=[64, 256]|waveform=[64]",INT16,CPU,fft_thrust,compatibility/end-to-end,PASS,OK,20,100,34,38.414482,true,cf3dd95c7197904bf57565a093cfebcecfc6428504e29c15293c31e535cab12a,96107112969d4c5acf5024f93ac399dc452ce836b6c613adcfb7328f3fb67142
1,20260810T024240Z_5e66669d177a_stage07_b01_formal_d091a7f9,formal,20260810T024240Z,5e66669d177af61a75bb35b4b5c102ab6988e92c,false,stage07_b01_radartools_five_dtype_v2,03a5a9e2f6cb3af6d8b402d33c46fde5838cae300fea1ab7f1d92294a3677211,operator,pulse_compression,Task1,Step2,pulse_compression,pulse_compression__pc_int16_10e4__cf3dd95c7197904b,pc_int16_10e4,10^4,16448,"echo=[64, 256]|waveform=[64]",INT16,CPU,fft_thrust,compatibility/end-to-end,PASS,OK,20,100,35,38.423922,true,cf3dd95c7197904bf57565a093cfebcecfc6428504e29c15293c31e535cab12a,96107112969d4c5acf5024f93ac399dc452ce836b6c613adcfb7328f3fb67142
1,20260810T024240Z_5e66669d177a_stage07_b01_formal_d091a7f9,formal,20260810T024240Z,5e66669d177af61a75bb35b4b5c102ab6988e92c,false,stage07_b01_radartools_five_dtype_v2,03a5a9e2f6cb3af6d8b402d33c46fde5838cae300fea1ab7f1d92294a3677211,operator,pulse_compression,Task1,Step2,pulse_compression,pulse_compression__pc_int16_10e4__cf3dd95c7197904b,pc_int16_10e4,10^4,16448,"echo=[64, 256]|waveform=[64]",INT16,CPU,fft_thrust,compatibility/end-to-end,PASS,OK,20,100,36,38.399131,true,cf3dd95c7197904bf57565a093cfebcecfc6428504e29c15293c31e535cab12a,96107112969d4c5acf5024f93ac399dc452ce836b6c613adcfb7328f3fb67142
1,20260810T024240Z_5e66669d177a_stage07_b01_formal_d091a7f9,formal,20260810T024240Z,5e66669d177af61a75bb35b4b5c102ab6988e92c,false,stage07_b01_radartools_five_dtype_v2,03a5a9e2f6cb3af6d8b402d33c46fde5838cae300fea1ab7f1d92294a3677211,operator,pulse_compression,Task1,Step2,pulse_compression,pulse_compression__pc_int16_10e4__cf3dd95c7197904b,pc_int16_10e4,10^4,16448,"echo=[64, 256]|waveform=[64]",INT16,CPU,fft_thrust,compatibility/end-to-end,PASS,OK,20,100,37,38.424932,true,cf3dd95c7197904bf57565a093cfebcecfc6428504e29c15293c31e535cab12a,96107112969d4c5acf5024f93ac399dc452ce836b6c613adcfb7328f3fb67142
1,20260810T024240Z_5e66669d177a_stage07_b01_formal_d091a7f9,formal,20260810T024240Z,5e66669d177af61a75bb35b4b5c102ab6988e92c,false,stage07_b01_radartools_five_dtype_v2,03a5a9e2f6cb3af6d8b402d33c46fde5838cae300fea1ab7f1d92294a3677211,operator,pulse_compression,Task1,Step2,pulse_compression,pulse_compression__pc_int16_10e4__cf3dd95c7197904b,pc_int16_10e4,10^4,16448,"echo=[64, 256]|waveform=[64]",INT16,CPU,fft_thrust,compatibility/end-to-end,PASS,OK,20,100,38,38.408741,true,cf3dd95c7197904bf57565a093cfebcecfc6428504e29c15293c31e535cab12a,96107112969d4c5acf5024f93ac399dc452ce836b6c613adcfb7328f3fb67142
1,20260810T024240Z_5e66669d177a_stage07_b01_formal_d091a7f9,formal,20260810T024240Z,5e66669d177af61a75bb35b4b5c102ab6988e92c,false,stage07_b01_radartools_five_dtype_v2,03a5a9e2f6cb3af6d8b402d33c46fde5838cae300fea1ab7f1d92294a3677211,operator,pulse_compression,Task1,Step2,pulse_compression,pulse_compression__pc_int16_10e4__cf3dd95c7197904b,pc_int16_10e4,10^4,16448,"echo=[64, 256]|waveform=[64]",INT16,CPU,fft_thrust,compatibility/end-to-end,PASS,OK,20,100,39,38.410992,true,cf3dd95c7197904bf57565a093cfebcecfc6428504e29c15293c31e535cab12a,96107112969d4c5acf5024f93ac399dc452ce836b6c613adcfb7328f3fb67142
1,20260810T024240Z_5e66669d177a_stage07_b01_formal_d091a7f9,formal,20260810T024240Z,5e66669d177af61a75bb35b4b5c102ab6988e92c,false,stage07_b01_radartools_five_dtype_v2,03a5a9e2f6cb3af6d8b402d33c46fde5838cae300fea1ab7f1d92294a3677211,operator,pulse_compression,Task1,Step2,pulse_compression,pulse_compression__pc_int16_10e4__cf3dd95c7197904b,pc_int16_10e4,10^4,16448,"echo=[64, 256]|waveform=[64]",INT16,CPU,fft_thrust,compatibility/end-to-end,PASS,OK,20,100,40,38.380421,true,cf3dd95c7197904bf57565a093cfebcecfc6428504e29c15293c31e535cab12a,96107112969d4c5acf5024f93ac399dc452ce836b6c613adcfb7328f3fb67142
1,20260810T024240Z_5e66669d177a_stage07_b01_formal_d091a7f9,formal,20260810T024240Z,5e66669d177af61a75bb35b4b5c102ab6988e92c,false,stage07_b01_radartools_five_dtype_v2,03a5a9e2f6cb3af6d8b402d33c46fde5838cae300fea1ab7f1d92294a3677211,operator,pulse_compression,Task1,Step2,pulse_compression,pulse_compression__pc_int16_10e4__cf3dd95c7197904b,pc_int16_10e4,10^4,16448,"echo=[64, 256]|waveform=[64]",INT16,CPU,fft_thrust,compatibility/end-to-end,PASS,OK,20,100,41,38.597643,true,cf3dd95c7197904bf57565a093cfebcecfc6428504e29c15293c31e535cab12a,96107112969d4c5acf5024f93ac399dc452ce836b6c613adcfb7328f3fb67142
1,20260810T024240Z_5e66669d177a_stage07_b01_formal_d091a7f9,formal,20260810T024240Z,5e66669d177af61a75bb35b4b5c102ab6988e92c,false,stage07_b01_radartools_five_dtype_v2,03a5a9e2f6cb3af6d8b402d33c46fde5838cae300fea1ab7f1d92294a3677211,operator,pulse_compression,Task1,Step2,pulse_compression,pulse_compression__pc_int16_10e4__cf3dd95c7197904b,pc_int16_10e4,10^4,16448,"echo=[64, 256]|waveform=[64]",INT16,CPU,fft_thrust,compatibility/end-to-end,PASS,OK,20,100,42,38.403972,true,cf3dd95c7197904bf57565a093cfebcecfc6428504e29c15293c31e535cab12a,96107112969d4c5acf5024f93ac399dc452ce836b6c613adcfb7328f3fb67142
1,20260810T024240Z_5e66669d177a_stage07_b01_formal_d091a7f9,formal,20260810T024240Z,5e66669d177af61a75bb35b4b5c102ab6988e92c,false,stage07_b01_radartools_five_dtype_v2,03a5a9e2f6cb3af6d8b402d33c46fde5838cae300fea1ab7f1d92294a3677211,operator,pulse_compression,Task1,Step2,pulse_compression,pulse_compression__pc_int16_10e4__cf3dd95c7197904b,pc_int16_10e4,10^4,16448,"echo=[64, 256]|waveform=[64]",INT16,CPU,fft_thrust,compatibility/end-to-end,PASS,OK,20,100,43,38.395111,true,cf3dd95c7197904bf57565a093cfebcecfc6428504e29c15293c31e535cab12a,96107112969d4c5acf5024f93ac399dc452ce836b6c613adcfb7328f3fb67142
1,20260810T024240Z_5e66669d177a_stage07_b01_formal_d091a7f9,formal,20260810T024240Z,5e66669d177af61a75bb35b4b5c102ab6988e92c,false,stage07_b01_radartools_five_dtype_v2,03a5a9e2f6cb3af6d8b402d33c46fde5838cae300fea1ab7f1d92294a3677211,operator,pulse_compression,Task1,Step2,pulse_compression,pulse_compression__pc_int16_10e4__cf3dd95c7197904b,pc_int16_10e4,10^4,16448,"echo=[64, 256]|waveform=[64]",INT16,CPU,fft_thrust,compatibility/end-to-end,PASS,OK,20,100,44,38.398362,true,cf3dd95c7197904bf57565a093cfebcecfc6428504e29c15293c31e535cab12a,96107112969d4c5acf5024f93ac399dc452ce836b6c613adcfb7328f3fb67142
1,20260810T024240Z_5e66669d177a_stage07_b01_formal_d091a7f9,formal,20260810T024240Z,5e66669d177af61a75bb35b4b5c102ab6988e92c,false,stage07_b01_radartools_five_dtype_v2,03a5a9e2f6cb3af6d8b402d33c46fde5838cae300fea1ab7f1d92294a3677211,operator,pulse_compression,Task1,Step2,pulse_compression,pulse_compression__pc_int16_10e4__cf3dd95c7197904b,pc_int16_10e4,10^4,16448,"echo=[64, 256]|waveform=[64]",INT16,CPU,fft_thrust,compatibility/end-to-end,PASS,OK,20,100,45,38.407381,true,cf3dd95c7197904bf57565a093cfebcecfc6428504e29c15293c31e535cab12a,96107112969d4c5acf5024f93ac399dc452ce836b6c613adcfb7328f3fb67142
1,20260810T024240Z_5e66669d177a_stage07_b01_formal_d091a7f9,formal,20260810T024240Z,5e66669d177af61a75bb35b4b5c102ab6988e92c,false,stage07_b01_radartools_five_dtype_v2,03a5a9e2f6cb3af6d8b402d33c46fde5838cae300fea1ab7f1d92294a3677211,operator,pulse_compression,Task1,Step2,pulse_compression,pulse_compression__pc_int16_10e4__cf3dd95c7197904b,pc_int16_10e4,10^4,16448,"echo=[64, 256]|waveform=[64]",INT16,CPU,fft_thrust,compatibility/end-to-end,PASS,OK,20,100,46,38.383651,true,cf3dd95c7197904bf57565a093cfebcecfc6428504e29c15293c31e535cab12a,96107112969d4c5acf5024f93ac399dc452ce836b6c613adcfb7328f3fb67142
1,20260810T024240Z_5e66669d177a_stage07_b01_formal_d091a7f9,formal,20260810T024240Z,5e66669d177af61a75bb35b4b5c102ab6988e92c,false,stage07_b01_radartools_five_dtype_v2,03a5a9e2f6cb3af6d8b402d33c46fde5838cae300fea1ab7f1d92294a3677211,operator,pulse_compression,Task1,Step2,pulse_compression,pulse_compression__pc_int16_10e4__cf3dd95c7197904b,pc_int16_10e4,10^4,16448,"echo=[64, 256]|waveform=[64]",INT16,CPU,fft_thrust,compatibility/end-to-end,PASS,OK,20,100,47,38.396221,true,cf3dd95c7197904bf57565a093cfebcecfc6428504e29c15293c31e535cab12a,96107112969d4c5acf5024f93ac399dc452ce836b6c613adcfb7328f3fb67142
1,20260810T024240Z_5e66669d177a_stage07_b01_formal_d091a7f9,formal,20260810T024240Z,5e66669d177af61a75bb35b4b5c102ab6988e92c,false,stage07_b01_radartools_five_dtype_v2,03a5a9e2f6cb3af6d8b402d33c46fde5838cae300fea1ab7f1d92294a3677211,operator,pulse_compression,Task1,Step2,pulse_compression,pulse_compression__pc_int16_10e4__cf3dd95c7197904b,pc_int16_10e4,10^4,16448,"echo=[64, 256]|waveform=[64]",INT16,CPU,fft_thrust,compatibility/end-to-end,PASS,OK,20,100,48,38.407262,true,cf3dd95c7197904bf57565a093cfebcecfc6428504e29c15293c31e535cab12a,96107112969d4c5acf5024f93ac399dc452ce836b6c613adcfb7328f3fb67142
1,20260810T024240Z_5e66669d177a_stage07_b01_formal_d091a7f9,formal,20260810T024240Z,5e66669d177af61a75bb35b4b5c102ab6988e92c,false,stage07_b01_radartools_five_dtype_v2,03a5a9e2f6cb3af6d8b402d33c46fde5838cae300fea1ab7f1d92294a3677211,operator,pulse_compression,Task1,Step2,pulse_compression,pulse_compression__pc_int16_10e4__cf3dd95c7197904b,pc_int16_10e4,10^4,16448,"echo=[64, 256]|waveform=[64]",INT16,CPU,fft_thrust,compatibility/end-to-end,PASS,OK,20,100,49,38.397411,true,cf3dd95c7197904bf57565a093cfebcecfc6428504e29c15293c31e535cab12a,96107112969d4c5acf5024f93ac399dc452ce836b6c613adcfb7328f3fb67142
1,20260810T024240Z_5e66669d177a_stage07_b01_formal_d091a7f9,formal,20260810T024240Z,5e66669d177af61a75bb35b4b5c102ab6988e92c,false,stage07_b01_radartools_five_dtype_v2,03a5a9e2f6cb3af6d8b402d33c46fde5838cae300fea1ab7f1d92294a3677211,operator,pulse_compression,Task1,Step2,pulse_compression,pulse_compression__pc_int16_10e4__cf3dd95c7197904b,pc_int16_10e4,10^4,16448,"echo=[64, 256]|waveform=[64]",INT16,CPU,fft_thrust,compatibility/end-to-end,PASS,OK,20,100,50,38.418462,true,cf3dd95c7197904bf57565a093cfebcecfc6428504e29c15293c31e535cab12a,96107112969d4c5acf5024f93ac399dc452ce836b6c613adcfb7328f3fb67142
1,20260810T024240Z_5e66669d177a_stage07_b01_formal_d091a7f9,formal,20260810T024240Z,5e66669d177af61a75bb35b4b5c102ab6988e92c,false,stage07_b01_radartools_five_dtype_v2,03a5a9e2f6cb3af6d8b402d33c46fde5838cae300fea1ab7f1d92294a3677211,operator,pulse_compression,Task1,Step2,pulse_compression,pulse_compression__pc_int16_10e4__cf3dd95c7197904b,pc_int16_10e4,10^4,16448,"echo=[64, 256]|waveform=[64]",INT16,CPU,fft_thrust,compatibility/end-to-end,PASS,OK,20,100,51,38.407431,true,cf3dd95c7197904bf57565a093cfebcecfc6428504e29c15293c31e535cab12a,96107112969d4c5acf5024f93ac399dc452ce836b6c613adcfb7328f3fb67142
1,20260810T024240Z_5e66669d177a_stage07_b01_formal_d091a7f9,formal,20260810T024240Z,5e66669d177af61a75bb35b4b5c102ab6988e92c,false,stage07_b01_radartools_five_dtype_v2,03a5a9e2f6cb3af6d8b402d33c46fde5838cae300fea1ab7f1d92294a3677211,operator,pulse_compression,Task1,Step2,pulse_compression,pulse_compression__pc_int16_10e4__cf3dd95c7197904b,pc_int16_10e4,10^4,16448,"echo=[64, 256]|waveform=[64]",INT16,CPU,fft_thrust,compatibility/end-to-end,PASS,OK,20,100,52,38.392871,true,cf3dd95c7197904bf57565a093cfebcecfc6428504e29c15293c31e535cab12a,96107112969d4c5acf5024f93ac399dc452ce836b6c613adcfb7328f3fb67142
1,20260810T024240Z_5e66669d177a_stage07_b01_formal_d091a7f9,formal,20260810T024240Z,5e66669d177af61a75bb35b4b5c102ab6988e92c,false,stage07_b01_radartools_five_dtype_v2,03a5a9e2f6cb3af6d8b402d33c46fde5838cae300fea1ab7f1d92294a3677211,operator,pulse_compression,Task1,Step2,pulse_compression,pulse_compression__pc_int16_10e4__cf3dd95c7197904b,pc_int16_10e4,10^4,16448,"echo=[64, 256]|waveform=[64]",INT16,CPU,fft_thrust,compatibility/end-to-end,PASS,OK,20,100,53,38.378921,true,cf3dd95c7197904bf57565a093cfebcecfc6428504e29c15293c31e535cab12a,96107112969d4c5acf5024f93ac399dc452ce836b6c613adcfb7328f3fb67142
1,20260810T024240Z_5e66669d177a_stage07_b01_formal_d091a7f9,formal,20260810T024240Z,5e66669d177af61a75bb35b4b5c102ab6988e92c,false,stage07_b01_radartools_five_dtype_v2,03a5a9e2f6cb3af6d8b402d33c46fde5838cae300fea1ab7f1d92294a3677211,operator,pulse_compression,Task1,Step2,pulse_compression,pulse_compression__pc_int16_10e4__cf3dd95c7197904b,pc_int16_10e4,10^4,16448,"echo=[64, 256]|waveform=[64]",INT16,CPU,fft_thrust,compatibility/end-to-end,PASS,OK,20,100,54,38.393182,true,cf3dd95c7197904bf57565a093cfebcecfc6428504e29c15293c31e535cab12a,96107112969d4c5acf5024f93ac399dc452ce836b6c613adcfb7328f3fb67142
1,20260810T024240Z_5e66669d177a_stage07_b01_formal_d091a7f9,formal,20260810T024240Z,5e66669d177af61a75bb35b4b5c102ab6988e92c,false,stage07_b01_radartools_five_dtype_v2,03a5a9e2f6cb3af6d8b402d33c46fde5838cae300fea1ab7f1d92294a3677211,operator,pulse_compression,Task1,Step2,pulse_compression,pulse_compression__pc_int16_10e4__cf3dd95c7197904b,pc_int16_10e4,10^4,16448,"echo=[64, 256]|waveform=[64]",INT16,CPU,fft_thrust,compatibility/end-to-end,PASS,OK,20,100,55,38.402961,true,cf3dd95c7197904bf57565a093cfebcecfc6428504e29c15293c31e535cab12a,96107112969d4c5acf5024f93ac399dc452ce836b6c613adcfb7328f3fb67142
1,20260810T024240Z_5e66669d177a_stage07_b01_formal_d091a7f9,formal,20260810T024240Z,5e66669d177af61a75bb35b4b5c102ab6988e92c,false,stage07_b01_radartools_five_dtype_v2,03a5a9e2f6cb3af6d8b402d33c46fde5838cae300fea1ab7f1d92294a3677211,operator,pulse_compression,Task1,Step2,pulse_compression,pulse_compression__pc_int16_10e4__cf3dd95c7197904b,pc_int16_10e4,10^4,16448,"echo=[64, 256]|waveform=[64]",INT16,CPU,fft_thrust,compatibility/end-to-end,PASS,OK,20,100,56,38.402801,true,cf3dd95c7197904bf57565a093cfebcecfc6428504e29c15293c31e535cab12a,96107112969d4c5acf5024f93ac399dc452ce836b6c613adcfb7328f3fb67142
1,20260810T024240Z_5e66669d177a_stage07_b01_formal_d091a7f9,formal,20260810T024240Z,5e66669d177af61a75bb35b4b5c102ab6988e92c,false,stage07_b01_radartools_five_dtype_v2,03a5a9e2f6cb3af6d8b402d33c46fde5838cae300fea1ab7f1d92294a3677211,operator,pulse_compression,Task1,Step2,pulse_compression,pulse_compression__pc_int16_10e4__cf3dd95c7197904b,pc_int16_10e4,10^4,16448,"echo=[64, 256]|waveform=[64]",INT16,CPU,fft_thrust,compatibility/end-to-end,PASS,OK,20,100,57,38.402272,true,cf3dd95c7197904bf57565a093cfebcecfc6428504e29c15293c31e535cab12a,96107112969d4c5acf5024f93ac399dc452ce836b6c613adcfb7328f3fb67142
1,20260810T024240Z_5e66669d177a_stage07_b01_formal_d091a7f9,formal,20260810T024240Z,5e66669d177af61a75bb35b4b5c102ab6988e92c,false,stage07_b01_radartools_five_dtype_v2,03a5a9e2f6cb3af6d8b402d33c46fde5838cae300fea1ab7f1d92294a3677211,operator,pulse_compression,Task1,Step2,pulse_compression,pulse_compression__pc_int16_10e4__cf3dd95c7197904b,pc_int16_10e4,10^4,16448,"echo=[64, 256]|waveform=[64]",INT16,CPU,fft_thrust,compatibility/end-to-end,PASS,OK,20,100,58,38.426921,true,cf3dd95c7197904bf57565a093cfebcecfc6428504e29c15293c31e535cab12a,96107112969d4c5acf5024f93ac399dc452ce836b6c613adcfb7328f3fb67142
1,20260810T024240Z_5e66669d177a_stage07_b01_formal_d091a7f9,formal,20260810T024240Z,5e66669d177af61a75bb35b4b5c102ab6988e92c,false,stage07_b01_radartools_five_dtype_v2,03a5a9e2f6cb3af6d8b402d33c46fde5838cae300fea1ab7f1d92294a3677211,operator,pulse_compression,Task1,Step2,pulse_compression,pulse_compression__pc_int16_10e4__cf3dd95c7197904b,pc_int16_10e4,10^4,16448,"echo=[64, 256]|waveform=[64]",INT16,CPU,fft_thrust,compatibility/end-to-end,PASS,OK,20,100,59,38.428542,true,cf3dd95c7197904bf57565a093cfebcecfc6428504e29c15293c31e535cab12a,96107112969d4c5acf5024f93ac399dc452ce836b6c613adcfb7328f3fb67142
1,20260810T024240Z_5e66669d177a_stage07_b01_formal_d091a7f9,formal,20260810T024240Z,5e66669d177af61a75bb35b4b5c102ab6988e92c,false,stage07_b01_radartools_five_dtype_v2,03a5a9e2f6cb3af6d8b402d33c46fde5838cae300fea1ab7f1d92294a3677211,operator,pulse_compression,Task1,Step2,pulse_compression,pulse_compression__pc_int16_10e4__cf3dd95c7197904b,pc_int16_10e4,10^4,16448,"echo=[64, 256]|waveform=[64]",INT16,CPU,fft_thrust,compatibility/end-to-end,PASS,OK,20,100,60,38.421652,true,cf3dd95c7197904bf57565a093cfebcecfc6428504e29c15293c31e535cab12a,96107112969d4c5acf5024f93ac399dc452ce836b6c613adcfb7328f3fb67142
1,20260810T024240Z_5e66669d177a_stage07_b01_formal_d091a7f9,formal,20260810T024240Z,5e66669d177af61a75bb35b4b5c102ab6988e92c,false,stage07_b01_radartools_five_dtype_v2,03a5a9e2f6cb3af6d8b402d33c46fde5838cae300fea1ab7f1d92294a3677211,operator,pulse_compression,Task1,Step2,pulse_compression,pulse_compression__pc_int16_10e4__cf3dd95c7197904b,pc_int16_10e4,10^4,16448,"echo=[64, 256]|waveform=[64]",INT16,CPU,fft_thrust,compatibility/end-to-end,PASS,OK,20,100,61,38.422841,true,cf3dd95c7197904bf57565a093cfebcecfc6428504e29c15293c31e535cab12a,96107112969d4c5acf5024f93ac399dc452ce836b6c613adcfb7328f3fb67142
1,20260810T024240Z_5e66669d177a_stage07_b01_formal_d091a7f9,formal,20260810T024240Z,5e66669d177af61a75bb35b4b5c102ab6988e92c,false,stage07_b01_radartools_five_dtype_v2,03a5a9e2f6cb3af6d8b402d33c46fde5838cae300fea1ab7f1d92294a3677211,operator,pulse_compression,Task1,Step2,pulse_compression,pulse_compression__pc_int16_10e4__cf3dd95c7197904b,pc_int16_10e4,10^4,16448,"echo=[64, 256]|waveform=[64]",INT16,CPU,fft_thrust,compatibility/end-to-end,PASS,OK,20,100,62,38.411141,true,cf3dd95c7197904bf57565a093cfebcecfc6428504e29c15293c31e535cab12a,96107112969d4c5acf5024f93ac399dc452ce836b6c613adcfb7328f3fb67142
1,20260810T024240Z_5e66669d177a_stage07_b01_formal_d091a7f9,formal,20260810T024240Z,5e66669d177af61a75bb35b4b5c102ab6988e92c,false,stage07_b01_radartools_five_dtype_v2,03a5a9e2f6cb3af6d8b402d33c46fde5838cae300fea1ab7f1d92294a3677211,operator,pulse_compression,Task1,Step2,pulse_compression,pulse_compression__pc_int16_10e4__cf3dd95c7197904b,pc_int16_10e4,10^4,16448,"echo=[64, 256]|waveform=[64]",INT16,CPU,fft_thrust,compatibility/end-to-end,PASS,OK,20,100,63,38.409872,true,cf3dd95c7197904bf57565a093cfebcecfc6428504e29c15293c31e535cab12a,96107112969d4c5acf5024f93ac399dc452ce836b6c613adcfb7328f3fb67142
1,20260810T024240Z_5e66669d177a_stage07_b01_formal_d091a7f9,formal,20260810T024240Z,5e66669d177af61a75bb35b4b5c102ab6988e92c,false,stage07_b01_radartools_five_dtype_v2,03a5a9e2f6cb3af6d8b402d33c46fde5838cae300fea1ab7f1d92294a3677211,operator,pulse_compression,Task1,Step2,pulse_compression,pulse_compression__pc_int16_10e4__cf3dd95c7197904b,pc_int16_10e4,10^4,16448,"echo=[64, 256]|waveform=[64]",INT16,CPU,fft_thrust,compatibility/end-to-end,PASS,OK,20,100,64,38.442731,true,cf3dd95c7197904bf57565a093cfebcecfc6428504e29c15293c31e535cab12a,96107112969d4c5acf5024f93ac399dc452ce836b6c613adcfb7328f3fb67142
1,20260810T024240Z_5e66669d177a_stage07_b01_formal_d091a7f9,formal,20260810T024240Z,5e66669d177af61a75bb35b4b5c102ab6988e92c,false,stage07_b01_radartools_five_dtype_v2,03a5a9e2f6cb3af6d8b402d33c46fde5838cae300fea1ab7f1d92294a3677211,operator,pulse_compression,Task1,Step2,pulse_compression,pulse_compression__pc_int16_10e4__cf3dd95c7197904b,pc_int16_10e4,10^4,16448,"echo=[64, 256]|waveform=[64]",INT16,CPU,fft_thrust,compatibility/end-to-end,PASS,OK,20,100,65,38.414922,true,cf3dd95c7197904bf57565a093cfebcecfc6428504e29c15293c31e535cab12a,96107112969d4c5acf5024f93ac399dc452ce836b6c613adcfb7328f3fb67142
1,20260810T024240Z_5e66669d177a_stage07_b01_formal_d091a7f9,formal,20260810T024240Z,5e66669d177af61a75bb35b4b5c102ab6988e92c,false,stage07_b01_radartools_five_dtype_v2,03a5a9e2f6cb3af6d8b402d33c46fde5838cae300fea1ab7f1d92294a3677211,operator,pulse_compression,Task1,Step2,pulse_compression,pulse_compression__pc_int16_10e4__cf3dd95c7197904b,pc_int16_10e4,10^4,16448,"echo=[64, 256]|waveform=[64]",INT16,CPU,fft_thrust,compatibility/end-to-end,PASS,OK,20,100,66,38.485652,true,cf3dd95c7197904bf57565a093cfebcecfc6428504e29c15293c31e535cab12a,96107112969d4c5acf5024f93ac399dc452ce836b6c613adcfb7328f3fb67142
1,20260810T024240Z_5e66669d177a_stage07_b01_formal_d091a7f9,formal,20260810T024240Z,5e66669d177af61a75bb35b4b5c102ab6988e92c,false,stage07_b01_radartools_five_dtype_v2,03a5a9e2f6cb3af6d8b402d33c46fde5838cae300fea1ab7f1d92294a3677211,operator,pulse_compression,Task1,Step2,pulse_compression,pulse_compression__pc_int16_10e4__cf3dd95c7197904b,pc_int16_10e4,10^4,16448,"echo=[64, 256]|waveform=[64]",INT16,CPU,fft_thrust,compatibility/end-to-end,PASS,OK,20,100,67,38.439702,true,cf3dd95c7197904bf57565a093cfebcecfc6428504e29c15293c31e535cab12a,96107112969d4c5acf5024f93ac399dc452ce836b6c613adcfb7328f3fb67142
1,20260810T024240Z_5e66669d177a_stage07_b01_formal_d091a7f9,formal,20260810T024240Z,5e66669d177af61a75bb35b4b5c102ab6988e92c,false,stage07_b01_radartools_five_dtype_v2,03a5a9e2f6cb3af6d8b402d33c46fde5838cae300fea1ab7f1d92294a3677211,operator,pulse_compression,Task1,Step2,pulse_compression,pulse_compression__pc_int16_10e4__cf3dd95c7197904b,pc_int16_10e4,10^4,16448,"echo=[64, 256]|waveform=[64]",INT16,CPU,fft_thrust,compatibility/end-to-end,PASS,OK,20,100,68,38.406011,true,cf3dd95c7197904bf57565a093cfebcecfc6428504e29c15293c31e535cab12a,96107112969d4c5acf5024f93ac399dc452ce836b6c613adcfb7328f3fb67142
1,20260810T024240Z_5e66669d177a_stage07_b01_formal_d091a7f9,formal,20260810T024240Z,5e66669d177af61a75bb35b4b5c102ab6988e92c,false,stage07_b01_radartools_five_dtype_v2,03a5a9e2f6cb3af6d8b402d33c46fde5838cae300fea1ab7f1d92294a3677211,operator,pulse_compression,Task1,Step2,pulse_compression,pulse_compression__pc_int16_10e4__cf3dd95c7197904b,pc_int16_10e4,10^4,16448,"echo=[64, 256]|waveform=[64]",INT16,CPU,fft_thrust,compatibility/end-to-end,PASS,OK,20,100,69,38.411592,true,cf3dd95c7197904bf57565a093cfebcecfc6428504e29c15293c31e535cab12a,96107112969d4c5acf5024f93ac399dc452ce836b6c613adcfb7328f3fb67142
1,20260810T024240Z_5e66669d177a_stage07_b01_formal_d091a7f9,formal,20260810T024240Z,5e66669d177af61a75bb35b4b5c102ab6988e92c,false,stage07_b01_radartools_five_dtype_v2,03a5a9e2f6cb3af6d8b402d33c46fde5838cae300fea1ab7f1d92294a3677211,operator,pulse_compression,Task1,Step2,pulse_compression,pulse_compression__pc_int16_10e4__cf3dd95c7197904b,pc_int16_10e4,10^4,16448,"echo=[64, 256]|waveform=[64]",INT16,CPU,fft_thrust,compatibility/end-to-end,PASS,OK,20,100,70,38.424431,true,cf3dd95c7197904bf57565a093cfebcecfc6428504e29c15293c31e535cab12a,96107112969d4c5acf5024f93ac399dc452ce836b6c613adcfb7328f3fb67142
1,20260810T024240Z_5e66669d177a_stage07_b01_formal_d091a7f9,formal,20260810T024240Z,5e66669d177af61a75bb35b4b5c102ab6988e92c,false,stage07_b01_radartools_five_dtype_v2,03a5a9e2f6cb3af6d8b402d33c46fde5838cae300fea1ab7f1d92294a3677211,operator,pulse_compression,Task1,Step2,pulse_compression,pulse_compression__pc_int16_10e4__cf3dd95c7197904b,pc_int16_10e4,10^4,16448,"echo=[64, 256]|waveform=[64]",INT16,CPU,fft_thrust,compatibility/end-to-end,PASS,OK,20,100,71,38.421282,true,cf3dd95c7197904bf57565a093cfebcecfc6428504e29c15293c31e535cab12a,96107112969d4c5acf5024f93ac399dc452ce836b6c613adcfb7328f3fb67142
1,20260810T024240Z_5e66669d177a_stage07_b01_formal_d091a7f9,formal,20260810T024240Z,5e66669d177af61a75bb35b4b5c102ab6988e92c,false,stage07_b01_radartools_five_dtype_v2,03a5a9e2f6cb3af6d8b402d33c46fde5838cae300fea1ab7f1d92294a3677211,operator,pulse_compression,Task1,Step2,pulse_compression,pulse_compression__pc_int16_10e4__cf3dd95c7197904b,pc_int16_10e4,10^4,16448,"echo=[64, 256]|waveform=[64]",INT16,CPU,fft_thrust,compatibility/end-to-end,PASS,OK,20,100,72,38.419172,true,cf3dd95c7197904bf57565a093cfebcecfc6428504e29c15293c31e535cab12a,96107112969d4c5acf5024f93ac399dc452ce836b6c613adcfb7328f3fb67142
1,20260810T024240Z_5e66669d177a_stage07_b01_formal_d091a7f9,formal,20260810T024240Z,5e66669d177af61a75bb35b4b5c102ab6988e92c,false,stage07_b01_radartools_five_dtype_v2,03a5a9e2f6cb3af6d8b402d33c46fde5838cae300fea1ab7f1d92294a3677211,operator,pulse_compression,Task1,Step2,pulse_compression,pulse_compression__pc_int16_10e4__cf3dd95c7197904b,pc_int16_10e4,10^4,16448,"echo=[64, 256]|waveform=[64]",INT16,CPU,fft_thrust,compatibility/end-to-end,PASS,OK,20,100,73,38.404681,true,cf3dd95c7197904bf57565a093cfebcecfc6428504e29c15293c31e535cab12a,96107112969d4c5acf5024f93ac399dc452ce836b6c613adcfb7328f3fb67142
1,20260810T024240Z_5e66669d177a_stage07_b01_formal_d091a7f9,formal,20260810T024240Z,5e66669d177af61a75bb35b4b5c102ab6988e92c,false,stage07_b01_radartools_five_dtype_v2,03a5a9e2f6cb3af6d8b402d33c46fde5838cae300fea1ab7f1d92294a3677211,operator,pulse_compression,Task1,Step2,pulse_compression,pulse_compression__pc_int16_10e4__cf3dd95c7197904b,pc_int16_10e4,10^4,16448,"echo=[64, 256]|waveform=[64]",INT16,CPU,fft_thrust,compatibility/end-to-end,PASS,OK,20,100,74,38.409801,true,cf3dd95c7197904bf57565a093cfebcecfc6428504e29c15293c31e535cab12a,96107112969d4c5acf5024f93ac399dc452ce836b6c613adcfb7328f3fb67142
1,20260810T024240Z_5e66669d177a_stage07_b01_formal_d091a7f9,formal,20260810T024240Z,5e66669d177af61a75bb35b4b5c102ab6988e92c,false,stage07_b01_radartools_five_dtype_v2,03a5a9e2f6cb3af6d8b402d33c46fde5838cae300fea1ab7f1d92294a3677211,operator,pulse_compression,Task1,Step2,pulse_compression,pulse_compression__pc_int16_10e4__cf3dd95c7197904b,pc_int16_10e4,10^4,16448,"echo=[64, 256]|waveform=[64]",INT16,CPU,fft_thrust,compatibility/end-to-end,PASS,OK,20,100,75,38.407011,true,cf3dd95c7197904bf57565a093cfebcecfc6428504e29c15293c31e535cab12a,96107112969d4c5acf5024f93ac399dc452ce836b6c613adcfb7328f3fb67142
1,20260810T024240Z_5e66669d177a_stage07_b01_formal_d091a7f9,formal,20260810T024240Z,5e66669d177af61a75bb35b4b5c102ab6988e92c,false,stage07_b01_radartools_five_dtype_v2,03a5a9e2f6cb3af6d8b402d33c46fde5838cae300fea1ab7f1d92294a3677211,operator,pulse_compression,Task1,Step2,pulse_compression,pulse_compression__pc_int16_10e4__cf3dd95c7197904b,pc_int16_10e4,10^4,16448,"echo=[64, 256]|waveform=[64]",INT16,CPU,fft_thrust,compatibility/end-to-end,PASS,OK,20,100,76,38.390042,true,cf3dd95c7197904bf57565a093cfebcecfc6428504e29c15293c31e535cab12a,96107112969d4c5acf5024f93ac399dc452ce836b6c613adcfb7328f3fb67142
1,20260810T024240Z_5e66669d177a_stage07_b01_formal_d091a7f9,formal,20260810T024240Z,5e66669d177af61a75bb35b4b5c102ab6988e92c,false,stage07_b01_radartools_five_dtype_v2,03a5a9e2f6cb3af6d8b402d33c46fde5838cae300fea1ab7f1d92294a3677211,operator,pulse_compression,Task1,Step2,pulse_compression,pulse_compression__pc_int16_10e4__cf3dd95c7197904b,pc_int16_10e4,10^4,16448,"echo=[64, 256]|waveform=[64]",INT16,CPU,fft_thrust,compatibility/end-to-end,PASS,OK,20,100,77,38.415771,true,cf3dd95c7197904bf57565a093cfebcecfc6428504e29c15293c31e535cab12a,96107112969d4c5acf5024f93ac399dc452ce836b6c613adcfb7328f3fb67142
1,20260810T024240Z_5e66669d177a_stage07_b01_formal_d091a7f9,formal,20260810T024240Z,5e66669d177af61a75bb35b4b5c102ab6988e92c,false,stage07_b01_radartools_five_dtype_v2,03a5a9e2f6cb3af6d8b402d33c46fde5838cae300fea1ab7f1d92294a3677211,operator,pulse_compression,Task1,Step2,pulse_compression,pulse_compression__pc_int16_10e4__cf3dd95c7197904b,pc_int16_10e4,10^4,16448,"echo=[64, 256]|waveform=[64]",INT16,CPU,fft_thrust,compatibility/end-to-end,PASS,OK,20,100,78,38.406231,true,cf3dd95c7197904bf57565a093cfebcecfc6428504e29c15293c31e535cab12a,96107112969d4c5acf5024f93ac399dc452ce836b6c613adcfb7328f3fb67142
1,20260810T024240Z_5e66669d177a_stage07_b01_formal_d091a7f9,formal,20260810T024240Z,5e66669d177af61a75bb35b4b5c102ab6988e92c,false,stage07_b01_radartools_five_dtype_v2,03a5a9e2f6cb3af6d8b402d33c46fde5838cae300fea1ab7f1d92294a3677211,operator,pulse_compression,Task1,Step2,pulse_compression,pulse_compression__pc_int16_10e4__cf3dd95c7197904b,pc_int16_10e4,10^4,16448,"echo=[64, 256]|waveform=[64]",INT16,CPU,fft_thrust,compatibility/end-to-end,PASS,OK,20,100,79,38.409641,true,cf3dd95c7197904bf57565a093cfebcecfc6428504e29c15293c31e535cab12a,96107112969d4c5acf5024f93ac399dc452ce836b6c613adcfb7328f3fb67142
1,20260810T024240Z_5e66669d177a_stage07_b01_formal_d091a7f9,formal,20260810T024240Z,5e66669d177af61a75bb35b4b5c102ab6988e92c,false,stage07_b01_radartools_five_dtype_v2,03a5a9e2f6cb3af6d8b402d33c46fde5838cae300fea1ab7f1d92294a3677211,operator,pulse_compression,Task1,Step2,pulse_compression,pulse_compression__pc_int16_10e4__cf3dd95c7197904b,pc_int16_10e4,10^4,16448,"echo=[64, 256]|waveform=[64]",INT16,CPU,fft_thrust,compatibility/end-to-end,PASS,OK,20,100,80,38.404332,true,cf3dd95c7197904bf57565a093cfebcecfc6428504e29c15293c31e535cab12a,96107112969d4c5acf5024f93ac399dc452ce836b6c613adcfb7328f3fb67142
1,20260810T024240Z_5e66669d177a_stage07_b01_formal_d091a7f9,formal,20260810T024240Z,5e66669d177af61a75bb35b4b5c102ab6988e92c,false,stage07_b01_radartools_five_dtype_v2,03a5a9e2f6cb3af6d8b402d33c46fde5838cae300fea1ab7f1d92294a3677211,operator,pulse_compression,Task1,Step2,pulse_compression,pulse_compression__pc_int16_10e4__cf3dd95c7197904b,pc_int16_10e4,10^4,16448,"echo=[64, 256]|waveform=[64]",INT16,CPU,fft_thrust,compatibility/end-to-end,PASS,OK,20,100,81,38.416501,true,cf3dd95c7197904bf57565a093cfebcecfc6428504e29c15293c31e535cab12a,96107112969d4c5acf5024f93ac399dc452ce836b6c613adcfb7328f3fb67142
1,20260810T024240Z_5e66669d177a_stage07_b01_formal_d091a7f9,formal,20260810T024240Z,5e66669d177af61a75bb35b4b5c102ab6988e92c,false,stage07_b01_radartools_five_dtype_v2,03a5a9e2f6cb3af6d8b402d33c46fde5838cae300fea1ab7f1d92294a3677211,operator,pulse_compression,Task1,Step2,pulse_compression,pulse_compression__pc_int16_10e4__cf3dd95c7197904b,pc_int16_10e4,10^4,16448,"echo=[64, 256]|waveform=[64]",INT16,CPU,fft_thrust,compatibility/end-to-end,PASS,OK,20,100,82,38.393301,true,cf3dd95c7197904bf57565a093cfebcecfc6428504e29c15293c31e535cab12a,96107112969d4c5acf5024f93ac399dc452ce836b6c613adcfb7328f3fb67142
1,20260810T024240Z_5e66669d177a_stage07_b01_formal_d091a7f9,formal,20260810T024240Z,5e66669d177af61a75bb35b4b5c102ab6988e92c,false,stage07_b01_radartools_five_dtype_v2,03a5a9e2f6cb3af6d8b402d33c46fde5838cae300fea1ab7f1d92294a3677211,operator,pulse_compression,Task1,Step2,pulse_compression,pulse_compression__pc_int16_10e4__cf3dd95c7197904b,pc_int16_10e4,10^4,16448,"echo=[64, 256]|waveform=[64]",INT16,CPU,fft_thrust,compatibility/end-to-end,PASS,OK,20,100,83,38.392381,true,cf3dd95c7197904bf57565a093cfebcecfc6428504e29c15293c31e535cab12a,96107112969d4c5acf5024f93ac399dc452ce836b6c613adcfb7328f3fb67142
1,20260810T024240Z_5e66669d177a_stage07_b01_formal_d091a7f9,formal,20260810T024240Z,5e66669d177af61a75bb35b4b5c102ab6988e92c,false,stage07_b01_radartools_five_dtype_v2,03a5a9e2f6cb3af6d8b402d33c46fde5838cae300fea1ab7f1d92294a3677211,operator,pulse_compression,Task1,Step2,pulse_compression,pulse_compression__pc_int16_10e4__cf3dd95c7197904b,pc_int16_10e4,10^4,16448,"echo=[64, 256]|waveform=[64]",INT16,CPU,fft_thrust,compatibility/end-to-end,PASS,OK,20,100,84,38.566643,true,cf3dd95c7197904bf57565a093cfebcecfc6428504e29c15293c31e535cab12a,96107112969d4c5acf5024f93ac399dc452ce836b6c613adcfb7328f3fb67142
1,20260810T024240Z_5e66669d177a_stage07_b01_formal_d091a7f9,formal,20260810T024240Z,5e66669d177af61a75bb35b4b5c102ab6988e92c,false,stage07_b01_radartools_five_dtype_v2,03a5a9e2f6cb3af6d8b402d33c46fde5838cae300fea1ab7f1d92294a3677211,operator,pulse_compression,Task1,Step2,pulse_compression,pulse_compression__pc_int16_10e4__cf3dd95c7197904b,pc_int16_10e4,10^4,16448,"echo=[64, 256]|waveform=[64]",INT16,CPU,fft_thrust,compatibility/end-to-end,PASS,OK,20,100,85,38.448872,true,cf3dd95c7197904bf57565a093cfebcecfc6428504e29c15293c31e535cab12a,96107112969d4c5acf5024f93ac399dc452ce836b6c613adcfb7328f3fb67142
1,20260810T024240Z_5e66669d177a_stage07_b01_formal_d091a7f9,formal,20260810T024240Z,5e66669d177af61a75bb35b4b5c102ab6988e92c,false,stage07_b01_radartools_five_dtype_v2,03a5a9e2f6cb3af6d8b402d33c46fde5838cae300fea1ab7f1d92294a3677211,operator,pulse_compression,Task1,Step2,pulse_compression,pulse_compression__pc_int16_10e4__cf3dd95c7197904b,pc_int16_10e4,10^4,16448,"echo=[64, 256]|waveform=[64]",INT16,CPU,fft_thrust,compatibility/end-to-end,PASS,OK,20,100,86,38.392471,true,cf3dd95c7197904bf57565a093cfebcecfc6428504e29c15293c31e535cab12a,96107112969d4c5acf5024f93ac399dc452ce836b6c613adcfb7328f3fb67142
1,20260810T024240Z_5e66669d177a_stage07_b01_formal_d091a7f9,formal,20260810T024240Z,5e66669d177af61a75bb35b4b5c102ab6988e92c,false,stage07_b01_radartools_five_dtype_v2,03a5a9e2f6cb3af6d8b402d33c46fde5838cae300fea1ab7f1d92294a3677211,operator,pulse_compression,Task1,Step2,pulse_compression,pulse_compression__pc_int16_10e4__cf3dd95c7197904b,pc_int16_10e4,10^4,16448,"echo=[64, 256]|waveform=[64]",INT16,CPU,fft_thrust,compatibility/end-to-end,PASS,OK,20,100,87,38.397071,true,cf3dd95c7197904bf57565a093cfebcecfc6428504e29c15293c31e535cab12a,96107112969d4c5acf5024f93ac399dc452ce836b6c613adcfb7328f3fb67142
1,20260810T024240Z_5e66669d177a_stage07_b01_formal_d091a7f9,formal,20260810T024240Z,5e66669d177af61a75bb35b4b5c102ab6988e92c,false,stage07_b01_radartools_five_dtype_v2,03a5a9e2f6cb3af6d8b402d33c46fde5838cae300fea1ab7f1d92294a3677211,operator,pulse_compression,Task1,Step2,pulse_compression,pulse_compression__pc_int16_10e4__cf3dd95c7197904b,pc_int16_10e4,10^4,16448,"echo=[64, 256]|waveform=[64]",INT16,CPU,fft_thrust,compatibility/end-to-end,PASS,OK,20,100,88,38.408062,true,cf3dd95c7197904bf57565a093cfebcecfc6428504e29c15293c31e535cab12a,96107112969d4c5acf5024f93ac399dc452ce836b6c613adcfb7328f3fb67142
1,20260810T024240Z_5e66669d177a_stage07_b01_formal_d091a7f9,formal,20260810T024240Z,5e66669d177af61a75bb35b4b5c102ab6988e92c,false,stage07_b01_radartools_five_dtype_v2,03a5a9e2f6cb3af6d8b402d33c46fde5838cae300fea1ab7f1d92294a3677211,operator,pulse_compression,Task1,Step2,pulse_compression,pulse_compression__pc_int16_10e4__cf3dd95c7197904b,pc_int16_10e4,10^4,16448,"echo=[64, 256]|waveform=[64]",INT16,CPU,fft_thrust,compatibility/end-to-end,PASS,OK,20,100,89,38.397061,true,cf3dd95c7197904bf57565a093cfebcecfc6428504e29c15293c31e535cab12a,96107112969d4c5acf5024f93ac399dc452ce836b6c613adcfb7328f3fb67142
1,20260810T024240Z_5e66669d177a_stage07_b01_formal_d091a7f9,formal,20260810T024240Z,5e66669d177af61a75bb35b4b5c102ab6988e92c,false,stage07_b01_radartools_five_dtype_v2,03a5a9e2f6cb3af6d8b402d33c46fde5838cae300fea1ab7f1d92294a3677211,operator,pulse_compression,Task1,Step2,pulse_compression,pulse_compression__pc_int16_10e4__cf3dd95c7197904b,pc_int16_10e4,10^4,16448,"echo=[64, 256]|waveform=[64]",INT16,CPU,fft_thrust,compatibility/end-to-end,PASS,OK,20,100,90,38.412831,true,cf3dd95c7197904bf57565a093cfebcecfc6428504e29c15293c31e535cab12a,96107112969d4c5acf5024f93ac399dc452ce836b6c613adcfb7328f3fb67142
1,20260810T024240Z_5e66669d177a_stage07_b01_formal_d091a7f9,formal,20260810T024240Z,5e66669d177af61a75bb35b4b5c102ab6988e92c,false,stage07_b01_radartools_five_dtype_v2,03a5a9e2f6cb3af6d8b402d33c46fde5838cae300fea1ab7f1d92294a3677211,operator,pulse_compression,Task1,Step2,pulse_compression,pulse_compression__pc_int16_10e4__cf3dd95c7197904b,pc_int16_10e4,10^4,16448,"echo=[64, 256]|waveform=[64]",INT16,CPU,fft_thrust,compatibility/end-to-end,PASS,OK,20,100,91,38.395982,true,cf3dd95c7197904bf57565a093cfebcecfc6428504e29c15293c31e535cab12a,96107112969d4c5acf5024f93ac399dc452ce836b6c613adcfb7328f3fb67142
1,20260810T024240Z_5e66669d177a_stage07_b01_formal_d091a7f9,formal,20260810T024240Z,5e66669d177af61a75bb35b4b5c102ab6988e92c,false,stage07_b01_radartools_five_dtype_v2,03a5a9e2f6cb3af6d8b402d33c46fde5838cae300fea1ab7f1d92294a3677211,operator,pulse_compression,Task1,Step2,pulse_compression,pulse_compression__pc_int16_10e4__cf3dd95c7197904b,pc_int16_10e4,10^4,16448,"echo=[64, 256]|waveform=[64]",INT16,CPU,fft_thrust,compatibility/end-to-end,PASS,OK,20,100,92,38.411191,true,cf3dd95c7197904bf57565a093cfebcecfc6428504e29c15293c31e535cab12a,96107112969d4c5acf5024f93ac399dc452ce836b6c613adcfb7328f3fb67142
1,20260810T024240Z_5e66669d177a_stage07_b01_formal_d091a7f9,formal,20260810T024240Z,5e66669d177af61a75bb35b4b5c102ab6988e92c,false,stage07_b01_radartools_five_dtype_v2,03a5a9e2f6cb3af6d8b402d33c46fde5838cae300fea1ab7f1d92294a3677211,operator,pulse_compression,Task1,Step2,pulse_compression,pulse_compression__pc_int16_10e4__cf3dd95c7197904b,pc_int16_10e4,10^4,16448,"echo=[64, 256]|waveform=[64]",INT16,CPU,fft_thrust,compatibility/end-to-end,PASS,OK,20,100,93,38.386611,true,cf3dd95c7197904bf57565a093cfebcecfc6428504e29c15293c31e535cab12a,96107112969d4c5acf5024f93ac399dc452ce836b6c613adcfb7328f3fb67142
1,20260810T024240Z_5e66669d177a_stage07_b01_formal_d091a7f9,formal,20260810T024240Z,5e66669d177af61a75bb35b4b5c102ab6988e92c,false,stage07_b01_radartools_five_dtype_v2,03a5a9e2f6cb3af6d8b402d33c46fde5838cae300fea1ab7f1d92294a3677211,operator,pulse_compression,Task1,Step2,pulse_compression,pulse_compression__pc_int16_10e4__cf3dd95c7197904b,pc_int16_10e4,10^4,16448,"echo=[64, 256]|waveform=[64]",INT16,CPU,fft_thrust,compatibility/end-to-end,PASS,OK,20,100,94,38.418941,true,cf3dd95c7197904bf57565a093cfebcecfc6428504e29c15293c31e535cab12a,96107112969d4c5acf5024f93ac399dc452ce836b6c613adcfb7328f3fb67142
1,20260810T024240Z_5e66669d177a_stage07_b01_formal_d091a7f9,formal,20260810T024240Z,5e66669d177af61a75bb35b4b5c102ab6988e92c,false,stage07_b01_radartools_five_dtype_v2,03a5a9e2f6cb3af6d8b402d33c46fde5838cae300fea1ab7f1d92294a3677211,operator,pulse_compression,Task1,Step2,pulse_compression,pulse_compression__pc_int16_10e4__cf3dd95c7197904b,pc_int16_10e4,10^4,16448,"echo=[64, 256]|waveform=[64]",INT16,CPU,fft_thrust,compatibility/end-to-end,PASS,OK,20,100,95,38.426972,true,cf3dd95c7197904bf57565a093cfebcecfc6428504e29c15293c31e535cab12a,96107112969d4c5acf5024f93ac399dc452ce836b6c613adcfb7328f3fb67142
1,20260810T024240Z_5e66669d177a_stage07_b01_formal_d091a7f9,formal,20260810T024240Z,5e66669d177af61a75bb35b4b5c102ab6988e92c,false,stage07_b01_radartools_five_dtype_v2,03a5a9e2f6cb3af6d8b402d33c46fde5838cae300fea1ab7f1d92294a3677211,operator,pulse_compression,Task1,Step2,pulse_compression,pulse_compression__pc_int16_10e4__cf3dd95c7197904b,pc_int16_10e4,10^4,16448,"echo=[64, 256]|waveform=[64]",INT16,CPU,fft_thrust,compatibility/end-to-end,PASS,OK,20,100,96,38.377541,true,cf3dd95c7197904bf57565a093cfebcecfc6428504e29c15293c31e535cab12a,96107112969d4c5acf5024f93ac399dc452ce836b6c613adcfb7328f3fb67142
1,20260810T024240Z_5e66669d177a_stage07_b01_formal_d091a7f9,formal,20260810T024240Z,5e66669d177af61a75bb35b4b5c102ab6988e92c,false,stage07_b01_radartools_five_dtype_v2,03a5a9e2f6cb3af6d8b402d33c46fde5838cae300fea1ab7f1d92294a3677211,operator,pulse_compression,Task1,Step2,pulse_compression,pulse_compression__pc_int16_10e4__cf3dd95c7197904b,pc_int16_10e4,10^4,16448,"echo=[64, 256]|waveform=[64]",INT16,CPU,fft_thrust,compatibility/end-to-end,PASS,OK,20,100,97,38.402151,true,cf3dd95c7197904bf57565a093cfebcecfc6428504e29c15293c31e535cab12a,96107112969d4c5acf5024f93ac399dc452ce836b6c613adcfb7328f3fb67142
1,20260810T024240Z_5e66669d177a_stage07_b01_formal_d091a7f9,formal,20260810T024240Z,5e66669d177af61a75bb35b4b5c102ab6988e92c,false,stage07_b01_radartools_five_dtype_v2,03a5a9e2f6cb3af6d8b402d33c46fde5838cae300fea1ab7f1d92294a3677211,operator,pulse_compression,Task1,Step2,pulse_compression,pulse_compression__pc_int16_10e4__cf3dd95c7197904b,pc_int16_10e4,10^4,16448,"echo=[64, 256]|waveform=[64]",INT16,CPU,fft_thrust,compatibility/end-to-end,PASS,OK,20,100,98,38.386681,true,cf3dd95c7197904bf57565a093cfebcecfc6428504e29c15293c31e535cab12a,96107112969d4c5acf5024f93ac399dc452ce836b6c613adcfb7328f3fb67142
1,20260810T024240Z_5e66669d177a_stage07_b01_formal_d091a7f9,formal,20260810T024240Z,5e66669d177af61a75bb35b4b5c102ab6988e92c,false,stage07_b01_radartools_five_dtype_v2,03a5a9e2f6cb3af6d8b402d33c46fde5838cae300fea1ab7f1d92294a3677211,operator,pulse_compression,Task1,Step2,pulse_compression,pulse_compression__pc_int16_10e4__cf3dd95c7197904b,pc_int16_10e4,10^4,16448,"echo=[64, 256]|waveform=[64]",INT16,CPU,fft_thrust,compatibility/end-to-end,PASS,OK,20,100,99,38.391831,true,cf3dd95c7197904bf57565a093cfebcecfc6428504e29c15293c31e535cab12a,96107112969d4c5acf5024f93ac399dc452ce836b6c613adcfb7328f3fb67142
1,20260810T024240Z_5e66669d177a_stage07_b01_formal_d091a7f9,formal,20260810T024240Z,5e66669d177af61a75bb35b4b5c102ab6988e92c,false,stage07_b01_radartools_five_dtype_v2,03a5a9e2f6cb3af6d8b402d33c46fde5838cae300fea1ab7f1d92294a3677211,operator,pulse_compression,Task1,Step2,pulse_compression,pulse_compression__pc_int16_10e4__cf3dd95c7197904b,pc_int16_10e4,10^4,16448,"echo=[64, 256]|waveform=[64]",INT16,GPU,fft_thrust,compatibility/end-to-end,PASS,OK,20,100,0,1.416753,true,cf3dd95c7197904bf57565a093cfebcecfc6428504e29c15293c31e535cab12a,da4155885ccf78bae07432482f0d60c1b81897866f5813b58017daf920d34271
1,20260810T024240Z_5e66669d177a_stage07_b01_formal_d091a7f9,formal,20260810T024240Z,5e66669d177af61a75bb35b4b5c102ab6988e92c,false,stage07_b01_radartools_five_dtype_v2,03a5a9e2f6cb3af6d8b402d33c46fde5838cae300fea1ab7f1d92294a3677211,operator,pulse_compression,Task1,Step2,pulse_compression,pulse_compression__pc_int16_10e4__cf3dd95c7197904b,pc_int16_10e4,10^4,16448,"echo=[64, 256]|waveform=[64]",INT16,GPU,fft_thrust,compatibility/end-to-end,PASS,OK,20,100,1,1.392973,true,cf3dd95c7197904bf57565a093cfebcecfc6428504e29c15293c31e535cab12a,da4155885ccf78bae07432482f0d60c1b81897866f5813b58017daf920d34271
1,20260810T024240Z_5e66669d177a_stage07_b01_formal_d091a7f9,formal,20260810T024240Z,5e66669d177af61a75bb35b4b5c102ab6988e92c,false,stage07_b01_radartools_five_dtype_v2,03a5a9e2f6cb3af6d8b402d33c46fde5838cae300fea1ab7f1d92294a3677211,operator,pulse_compression,Task1,Step2,pulse_compression,pulse_compression__pc_int16_10e4__cf3dd95c7197904b,pc_int16_10e4,10^4,16448,"echo=[64, 256]|waveform=[64]",INT16,GPU,fft_thrust,compatibility/end-to-end,PASS,OK,20,100,2,1.384213,true,cf3dd95c7197904bf57565a093cfebcecfc6428504e29c15293c31e535cab12a,da4155885ccf78bae07432482f0d60c1b81897866f5813b58017daf920d34271
1,20260810T024240Z_5e66669d177a_stage07_b01_formal_d091a7f9,formal,20260810T024240Z,5e66669d177af61a75bb35b4b5c102ab6988e92c,false,stage07_b01_radartools_five_dtype_v2,03a5a9e2f6cb3af6d8b402d33c46fde5838cae300fea1ab7f1d92294a3677211,operator,pulse_compression,Task1,Step2,pulse_compression,pulse_compression__pc_int16_10e4__cf3dd95c7197904b,pc_int16_10e4,10^4,16448,"echo=[64, 256]|waveform=[64]",INT16,GPU,fft_thrust,compatibility/end-to-end,PASS,OK,20,100,3,1.350963,true,cf3dd95c7197904bf57565a093cfebcecfc6428504e29c15293c31e535cab12a,da4155885ccf78bae07432482f0d60c1b81897866f5813b58017daf920d34271
1,20260810T024240Z_5e66669d177a_stage07_b01_formal_d091a7f9,formal,20260810T024240Z,5e66669d177af61a75bb35b4b5c102ab6988e92c,false,stage07_b01_radartools_five_dtype_v2,03a5a9e2f6cb3af6d8b402d33c46fde5838cae300fea1ab7f1d92294a3677211,operator,pulse_compression,Task1,Step2,pulse_compression,pulse_compression__pc_int16_10e4__cf3dd95c7197904b,pc_int16_10e4,10^4,16448,"echo=[64, 256]|waveform=[64]",INT16,GPU,fft_thrust,compatibility/end-to-end,PASS,OK,20,100,4,1.350933,true,cf3dd95c7197904bf57565a093cfebcecfc6428504e29c15293c31e535cab12a,da4155885ccf78bae07432482f0d60c1b81897866f5813b58017daf920d34271
1,20260810T024240Z_5e66669d177a_stage07_b01_formal_d091a7f9,formal,20260810T024240Z,5e66669d177af61a75bb35b4b5c102ab6988e92c,false,stage07_b01_radartools_five_dtype_v2,03a5a9e2f6cb3af6d8b402d33c46fde5838cae300fea1ab7f1d92294a3677211,operator,pulse_compression,Task1,Step2,pulse_compression,pulse_compression__pc_int16_10e4__cf3dd95c7197904b,pc_int16_10e4,10^4,16448,"echo=[64, 256]|waveform=[64]",INT16,GPU,fft_thrust,compatibility/end-to-end,PASS,OK,20,100,5,1.408403,true,cf3dd95c7197904bf57565a093cfebcecfc6428504e29c15293c31e535cab12a,da4155885ccf78bae07432482f0d60c1b81897866f5813b58017daf920d34271
1,20260810T024240Z_5e66669d177a_stage07_b01_formal_d091a7f9,formal,20260810T024240Z,5e66669d177af61a75bb35b4b5c102ab6988e92c,false,stage07_b01_radartools_five_dtype_v2,03a5a9e2f6cb3af6d8b402d33c46fde5838cae300fea1ab7f1d92294a3677211,operator,pulse_compression,Task1,Step2,pulse_compression,pulse_compression__pc_int16_10e4__cf3dd95c7197904b,pc_int16_10e4,10^4,16448,"echo=[64, 256]|waveform=[64]",INT16,GPU,fft_thrust,compatibility/end-to-end,PASS,OK,20,100,6,1.386433,true,cf3dd95c7197904bf57565a093cfebcecfc6428504e29c15293c31e535cab12a,da4155885ccf78bae07432482f0d60c1b81897866f5813b58017daf920d34271
1,20260810T024240Z_5e66669d177a_stage07_b01_formal_d091a7f9,formal,20260810T024240Z,5e66669d177af61a75bb35b4b5c102ab6988e92c,false,stage07_b01_radartools_five_dtype_v2,03a5a9e2f6cb3af6d8b402d33c46fde5838cae300fea1ab7f1d92294a3677211,operator,pulse_compression,Task1,Step2,pulse_compression,pulse_compression__pc_int16_10e4__cf3dd95c7197904b,pc_int16_10e4,10^4,16448,"echo=[64, 256]|waveform=[64]",INT16,GPU,fft_thrust,compatibility/end-to-end,PASS,OK,20,100,7,1.384763,true,cf3dd95c7197904bf57565a093cfebcecfc6428504e29c15293c31e535cab12a,da4155885ccf78bae07432482f0d60c1b81897866f5813b58017daf920d34271
1,20260810T024240Z_5e66669d177a_stage07_b01_formal_d091a7f9,formal,20260810T024240Z,5e66669d177af61a75bb35b4b5c102ab6988e92c,false,stage07_b01_radartools_five_dtype_v2,03a5a9e2f6cb3af6d8b402d33c46fde5838cae300fea1ab7f1d92294a3677211,operator,pulse_compression,Task1,Step2,pulse_compression,pulse_compression__pc_int16_10e4__cf3dd95c7197904b,pc_int16_10e4,10^4,16448,"echo=[64, 256]|waveform=[64]",INT16,GPU,fft_thrust,compatibility/end-to-end,PASS,OK,20,100,8,1.354513,true,cf3dd95c7197904bf57565a093cfebcecfc6428504e29c15293c31e535cab12a,da4155885ccf78bae07432482f0d60c1b81897866f5813b58017daf920d34271
1,20260810T024240Z_5e66669d177a_stage07_b01_formal_d091a7f9,formal,20260810T024240Z,5e66669d177af61a75bb35b4b5c102ab6988e92c,false,stage07_b01_radartools_five_dtype_v2,03a5a9e2f6cb3af6d8b402d33c46fde5838cae300fea1ab7f1d92294a3677211,operator,pulse_compression,Task1,Step2,pulse_compression,pulse_compression__pc_int16_10e4__cf3dd95c7197904b,pc_int16_10e4,10^4,16448,"echo=[64, 256]|waveform=[64]",INT16,GPU,fft_thrust,compatibility/end-to-end,PASS,OK,20,100,9,1.368233,true,cf3dd95c7197904bf57565a093cfebcecfc6428504e29c15293c31e535cab12a,da4155885ccf78bae07432482f0d60c1b81897866f5813b58017daf920d34271
1,20260810T024240Z_5e66669d177a_stage07_b01_formal_d091a7f9,formal,20260810T024240Z,5e66669d177af61a75bb35b4b5c102ab6988e92c,false,stage07_b01_radartools_five_dtype_v2,03a5a9e2f6cb3af6d8b402d33c46fde5838cae300fea1ab7f1d92294a3677211,operator,pulse_compression,Task1,Step2,pulse_compression,pulse_compression__pc_int16_10e4__cf3dd95c7197904b,pc_int16_10e4,10^4,16448,"echo=[64, 256]|waveform=[64]",INT16,GPU,fft_thrust,compatibility/end-to-end,PASS,OK,20,100,10,1.406893,true,cf3dd95c7197904bf57565a093cfebcecfc6428504e29c15293c31e535cab12a,da4155885ccf78bae07432482f0d60c1b81897866f5813b58017daf920d34271
1,20260810T024240Z_5e66669d177a_stage07_b01_formal_d091a7f9,formal,20260810T024240Z,5e66669d177af61a75bb35b4b5c102ab6988e92c,false,stage07_b01_radartools_five_dtype_v2,03a5a9e2f6cb3af6d8b402d33c46fde5838cae300fea1ab7f1d92294a3677211,operator,pulse_compression,Task1,Step2,pulse_compression,pulse_compression__pc_int16_10e4__cf3dd95c7197904b,pc_int16_10e4,10^4,16448,"echo=[64, 256]|waveform=[64]",INT16,GPU,fft_thrust,compatibility/end-to-end,PASS,OK,20,100,11,1.367043,true,cf3dd95c7197904bf57565a093cfebcecfc6428504e29c15293c31e535cab12a,da4155885ccf78bae07432482f0d60c1b81897866f5813b58017daf920d34271
1,20260810T024240Z_5e66669d177a_stage07_b01_formal_d091a7f9,formal,20260810T024240Z,5e66669d177af61a75bb35b4b5c102ab6988e92c,false,stage07_b01_radartools_five_dtype_v2,03a5a9e2f6cb3af6d8b402d33c46fde5838cae300fea1ab7f1d92294a3677211,operator,pulse_compression,Task1,Step2,pulse_compression,pulse_compression__pc_int16_10e4__cf3dd95c7197904b,pc_int16_10e4,10^4,16448,"echo=[64, 256]|waveform=[64]",INT16,GPU,fft_thrust,compatibility/end-to-end,PASS,OK,20,100,12,1.392383,true,cf3dd95c7197904bf57565a093cfebcecfc6428504e29c15293c31e535cab12a,da4155885ccf78bae07432482f0d60c1b81897866f5813b58017daf920d34271
1,20260810T024240Z_5e66669d177a_stage07_b01_formal_d091a7f9,formal,20260810T024240Z,5e66669d177af61a75bb35b4b5c102ab6988e92c,false,stage07_b01_radartools_five_dtype_v2,03a5a9e2f6cb3af6d8b402d33c46fde5838cae300fea1ab7f1d92294a3677211,operator,pulse_compression,Task1,Step2,pulse_compression,pulse_compression__pc_int16_10e4__cf3dd95c7197904b,pc_int16_10e4,10^4,16448,"echo=[64, 256]|waveform=[64]",INT16,GPU,fft_thrust,compatibility/end-to-end,PASS,OK,20,100,13,1.347212,true,cf3dd95c7197904bf57565a093cfebcecfc6428504e29c15293c31e535cab12a,da4155885ccf78bae07432482f0d60c1b81897866f5813b58017daf920d34271
1,20260810T024240Z_5e66669d177a_stage07_b01_formal_d091a7f9,formal,20260810T024240Z,5e66669d177af61a75bb35b4b5c102ab6988e92c,false,stage07_b01_radartools_five_dtype_v2,03a5a9e2f6cb3af6d8b402d33c46fde5838cae300fea1ab7f1d92294a3677211,operator,pulse_compression,Task1,Step2,pulse_compression,pulse_compression__pc_int16_10e4__cf3dd95c7197904b,pc_int16_10e4,10^4,16448,"echo=[64, 256]|waveform=[64]",INT16,GPU,fft_thrust,compatibility/end-to-end,PASS,OK,20,100,14,1.346183,true,cf3dd95c7197904bf57565a093cfebcecfc6428504e29c15293c31e535cab12a,da4155885ccf78bae07432482f0d60c1b81897866f5813b58017daf920d34271
1,20260810T024240Z_5e66669d177a_stage07_b01_formal_d091a7f9,formal,20260810T024240Z,5e66669d177af61a75bb35b4b5c102ab6988e92c,false,stage07_b01_radartools_five_dtype_v2,03a5a9e2f6cb3af6d8b402d33c46fde5838cae300fea1ab7f1d92294a3677211,operator,pulse_compression,Task1,Step2,pulse_compression,pulse_compression__pc_int16_10e4__cf3dd95c7197904b,pc_int16_10e4,10^4,16448,"echo=[64, 256]|waveform=[64]",INT16,GPU,fft_thrust,compatibility/end-to-end,PASS,OK,20,100,15,1.493964,true,cf3dd95c7197904bf57565a093cfebcecfc6428504e29c15293c31e535cab12a,da4155885ccf78bae07432482f0d60c1b81897866f5813b58017daf920d34271
1,20260810T024240Z_5e66669d177a_stage07_b01_formal_d091a7f9,formal,20260810T024240Z,5e66669d177af61a75bb35b4b5c102ab6988e92c,false,stage07_b01_radartools_five_dtype_v2,03a5a9e2f6cb3af6d8b402d33c46fde5838cae300fea1ab7f1d92294a3677211,operator,pulse_compression,Task1,Step2,pulse_compression,pulse_compression__pc_int16_10e4__cf3dd95c7197904b,pc_int16_10e4,10^4,16448,"echo=[64, 256]|waveform=[64]",INT16,GPU,fft_thrust,compatibility/end-to-end,PASS,OK,20,100,16,1.362293,true,cf3dd95c7197904bf57565a093cfebcecfc6428504e29c15293c31e535cab12a,da4155885ccf78bae07432482f0d60c1b81897866f5813b58017daf920d34271
1,20260810T024240Z_5e66669d177a_stage07_b01_formal_d091a7f9,formal,20260810T024240Z,5e66669d177af61a75bb35b4b5c102ab6988e92c,false,stage07_b01_radartools_five_dtype_v2,03a5a9e2f6cb3af6d8b402d33c46fde5838cae300fea1ab7f1d92294a3677211,operator,pulse_compression,Task1,Step2,pulse_compression,pulse_compression__pc_int16_10e4__cf3dd95c7197904b,pc_int16_10e4,10^4,16448,"echo=[64, 256]|waveform=[64]",INT16,GPU,fft_thrust,compatibility/end-to-end,PASS,OK,20,100,17,1.353383,true,cf3dd95c7197904bf57565a093cfebcecfc6428504e29c15293c31e535cab12a,da4155885ccf78bae07432482f0d60c1b81897866f5813b58017daf920d34271
1,20260810T024240Z_5e66669d177a_stage07_b01_formal_d091a7f9,formal,20260810T024240Z,5e66669d177af61a75bb35b4b5c102ab6988e92c,false,stage07_b01_radartools_five_dtype_v2,03a5a9e2f6cb3af6d8b402d33c46fde5838cae300fea1ab7f1d92294a3677211,operator,pulse_compression,Task1,Step2,pulse_compression,pulse_compression__pc_int16_10e4__cf3dd95c7197904b,pc_int16_10e4,10^4,16448,"echo=[64, 256]|waveform=[64]",INT16,GPU,fft_thrust,compatibility/end-to-end,PASS,OK,20,100,18,1.382853,true,cf3dd95c7197904bf57565a093cfebcecfc6428504e29c15293c31e535cab12a,da4155885ccf78bae07432482f0d60c1b81897866f5813b58017daf920d34271
1,20260810T024240Z_5e66669d177a_stage07_b01_formal_d091a7f9,formal,20260810T024240Z,5e66669d177af61a75bb35b4b5c102ab6988e92c,false,stage07_b01_radartools_five_dtype_v2,03a5a9e2f6cb3af6d8b402d33c46fde5838cae300fea1ab7f1d92294a3677211,operator,pulse_compression,Task1,Step2,pulse_compression,pulse_compression__pc_int16_10e4__cf3dd95c7197904b,pc_int16_10e4,10^4,16448,"echo=[64, 256]|waveform=[64]",INT16,GPU,fft_thrust,compatibility/end-to-end,PASS,OK,20,100,19,1.349742,true,cf3dd95c7197904bf57565a093cfebcecfc6428504e29c15293c31e535cab12a,da4155885ccf78bae07432482f0d60c1b81897866f5813b58017daf920d34271
1,20260810T024240Z_5e66669d177a_stage07_b01_formal_d091a7f9,formal,20260810T024240Z,5e66669d177af61a75bb35b4b5c102ab6988e92c,false,stage07_b01_radartools_five_dtype_v2,03a5a9e2f6cb3af6d8b402d33c46fde5838cae300fea1ab7f1d92294a3677211,operator,pulse_compression,Task1,Step2,pulse_compression,pulse_compression__pc_int16_10e4__cf3dd95c7197904b,pc_int16_10e4,10^4,16448,"echo=[64, 256]|waveform=[64]",INT16,GPU,fft_thrust,compatibility/end-to-end,PASS,OK,20,100,20,1.350073,true,cf3dd95c7197904bf57565a093cfebcecfc6428504e29c15293c31e535cab12a,da4155885ccf78bae07432482f0d60c1b81897866f5813b58017daf920d34271
1,20260810T024240Z_5e66669d177a_stage07_b01_formal_d091a7f9,formal,20260810T024240Z,5e66669d177af61a75bb35b4b5c102ab6988e92c,false,stage07_b01_radartools_five_dtype_v2,03a5a9e2f6cb3af6d8b402d33c46fde5838cae300fea1ab7f1d92294a3677211,operator,pulse_compression,Task1,Step2,pulse_compression,pulse_compression__pc_int16_10e4__cf3dd95c7197904b,pc_int16_10e4,10^4,16448,"echo=[64, 256]|waveform=[64]",INT16,GPU,fft_thrust,compatibility/end-to-end,PASS,OK,20,100,21,1.388533,true,cf3dd95c7197904bf57565a093cfebcecfc6428504e29c15293c31e535cab12a,da4155885ccf78bae07432482f0d60c1b81897866f5813b58017daf920d34271
1,20260810T024240Z_5e66669d177a_stage07_b01_formal_d091a7f9,formal,20260810T024240Z,5e66669d177af61a75bb35b4b5c102ab6988e92c,false,stage07_b01_radartools_five_dtype_v2,03a5a9e2f6cb3af6d8b402d33c46fde5838cae300fea1ab7f1d92294a3677211,operator,pulse_compression,Task1,Step2,pulse_compression,pulse_compression__pc_int16_10e4__cf3dd95c7197904b,pc_int16_10e4,10^4,16448,"echo=[64, 256]|waveform=[64]",INT16,GPU,fft_thrust,compatibility/end-to-end,PASS,OK,20,100,22,1.343953,true,cf3dd95c7197904bf57565a093cfebcecfc6428504e29c15293c31e535cab12a,da4155885ccf78bae07432482f0d60c1b81897866f5813b58017daf920d34271
1,20260810T024240Z_5e66669d177a_stage07_b01_formal_d091a7f9,formal,20260810T024240Z,5e66669d177af61a75bb35b4b5c102ab6988e92c,false,stage07_b01_radartools_five_dtype_v2,03a5a9e2f6cb3af6d8b402d33c46fde5838cae300fea1ab7f1d92294a3677211,operator,pulse_compression,Task1,Step2,pulse_compression,pulse_compression__pc_int16_10e4__cf3dd95c7197904b,pc_int16_10e4,10^4,16448,"echo=[64, 256]|waveform=[64]",INT16,GPU,fft_thrust,compatibility/end-to-end,PASS,OK,20,100,23,1.348022,true,cf3dd95c7197904bf57565a093cfebcecfc6428504e29c15293c31e535cab12a,da4155885ccf78bae07432482f0d60c1b81897866f5813b58017daf920d34271
1,20260810T024240Z_5e66669d177a_stage07_b01_formal_d091a7f9,formal,20260810T024240Z,5e66669d177af61a75bb35b4b5c102ab6988e92c,false,stage07_b01_radartools_five_dtype_v2,03a5a9e2f6cb3af6d8b402d33c46fde5838cae300fea1ab7f1d92294a3677211,operator,pulse_compression,Task1,Step2,pulse_compression,pulse_compression__pc_int16_10e4__cf3dd95c7197904b,pc_int16_10e4,10^4,16448,"echo=[64, 256]|waveform=[64]",INT16,GPU,fft_thrust,compatibility/end-to-end,PASS,OK,20,100,24,1.358573,true,cf3dd95c7197904bf57565a093cfebcecfc6428504e29c15293c31e535cab12a,da4155885ccf78bae07432482f0d60c1b81897866f5813b58017daf920d34271
1,20260810T024240Z_5e66669d177a_stage07_b01_formal_d091a7f9,formal,20260810T024240Z,5e66669d177af61a75bb35b4b5c102ab6988e92c,false,stage07_b01_radartools_five_dtype_v2,03a5a9e2f6cb3af6d8b402d33c46fde5838cae300fea1ab7f1d92294a3677211,operator,pulse_compression,Task1,Step2,pulse_compression,pulse_compression__pc_int16_10e4__cf3dd95c7197904b,pc_int16_10e4,10^4,16448,"echo=[64, 256]|waveform=[64]",INT16,GPU,fft_thrust,compatibility/end-to-end,PASS,OK,20,100,25,1.414164,true,cf3dd95c7197904bf57565a093cfebcecfc6428504e29c15293c31e535cab12a,da4155885ccf78bae07432482f0d60c1b81897866f5813b58017daf920d34271
1,20260810T024240Z_5e66669d177a_stage07_b01_formal_d091a7f9,formal,20260810T024240Z,5e66669d177af61a75bb35b4b5c102ab6988e92c,false,stage07_b01_radartools_five_dtype_v2,03a5a9e2f6cb3af6d8b402d33c46fde5838cae300fea1ab7f1d92294a3677211,operator,pulse_compression,Task1,Step2,pulse_compression,pulse_compression__pc_int16_10e4__cf3dd95c7197904b,pc_int16_10e4,10^4,16448,"echo=[64, 256]|waveform=[64]",INT16,GPU,fft_thrust,compatibility/end-to-end,PASS,OK,20,100,26,1.374853,true,cf3dd95c7197904bf57565a093cfebcecfc6428504e29c15293c31e535cab12a,da4155885ccf78bae07432482f0d60c1b81897866f5813b58017daf920d34271
1,20260810T024240Z_5e66669d177a_stage07_b01_formal_d091a7f9,formal,20260810T024240Z,5e66669d177af61a75bb35b4b5c102ab6988e92c,false,stage07_b01_radartools_five_dtype_v2,03a5a9e2f6cb3af6d8b402d33c46fde5838cae300fea1ab7f1d92294a3677211,operator,pulse_compression,Task1,Step2,pulse_compression,pulse_compression__pc_int16_10e4__cf3dd95c7197904b,pc_int16_10e4,10^4,16448,"echo=[64, 256]|waveform=[64]",INT16,GPU,fft_thrust,compatibility/end-to-end,PASS,OK,20,100,27,1.381663,true,cf3dd95c7197904bf57565a093cfebcecfc6428504e29c15293c31e535cab12a,da4155885ccf78bae07432482f0d60c1b81897866f5813b58017daf920d34271
1,20260810T024240Z_5e66669d177a_stage07_b01_formal_d091a7f9,formal,20260810T024240Z,5e66669d177af61a75bb35b4b5c102ab6988e92c,false,stage07_b01_radartools_five_dtype_v2,03a5a9e2f6cb3af6d8b402d33c46fde5838cae300fea1ab7f1d92294a3677211,operator,pulse_compression,Task1,Step2,pulse_compression,pulse_compression__pc_int16_10e4__cf3dd95c7197904b,pc_int16_10e4,10^4,16448,"echo=[64, 256]|waveform=[64]",INT16,GPU,fft_thrust,compatibility/end-to-end,PASS,OK,20,100,28,1.344582,true,cf3dd95c7197904bf57565a093cfebcecfc6428504e29c15293c31e535cab12a,da4155885ccf78bae07432482f0d60c1b81897866f5813b58017daf920d34271
1,20260810T024240Z_5e66669d177a_stage07_b01_formal_d091a7f9,formal,20260810T024240Z,5e66669d177af61a75bb35b4b5c102ab6988e92c,false,stage07_b01_radartools_five_dtype_v2,03a5a9e2f6cb3af6d8b402d33c46fde5838cae300fea1ab7f1d92294a3677211,operator,pulse_compression,Task1,Step2,pulse_compression,pulse_compression__pc_int16_10e4__cf3dd95c7197904b,pc_int16_10e4,10^4,16448,"echo=[64, 256]|waveform=[64]",INT16,GPU,fft_thrust,compatibility/end-to-end,PASS,OK,20,100,29,1.344283,true,cf3dd95c7197904bf57565a093cfebcecfc6428504e29c15293c31e535cab12a,da4155885ccf78bae07432482f0d60c1b81897866f5813b58017daf920d34271
1,20260810T024240Z_5e66669d177a_stage07_b01_formal_d091a7f9,formal,20260810T024240Z,5e66669d177af61a75bb35b4b5c102ab6988e92c,false,stage07_b01_radartools_five_dtype_v2,03a5a9e2f6cb3af6d8b402d33c46fde5838cae300fea1ab7f1d92294a3677211,operator,pulse_compression,Task1,Step2,pulse_compression,pulse_compression__pc_int16_10e4__cf3dd95c7197904b,pc_int16_10e4,10^4,16448,"echo=[64, 256]|waveform=[64]",INT16,GPU,fft_thrust,compatibility/end-to-end,PASS,OK,20,100,30,1.343443,true,cf3dd95c7197904bf57565a093cfebcecfc6428504e29c15293c31e535cab12a,da4155885ccf78bae07432482f0d60c1b81897866f5813b58017daf920d34271
1,20260810T024240Z_5e66669d177a_stage07_b01_formal_d091a7f9,formal,20260810T024240Z,5e66669d177af61a75bb35b4b5c102ab6988e92c,false,stage07_b01_radartools_five_dtype_v2,03a5a9e2f6cb3af6d8b402d33c46fde5838cae300fea1ab7f1d92294a3677211,operator,pulse_compression,Task1,Step2,pulse_compression,pulse_compression__pc_int16_10e4__cf3dd95c7197904b,pc_int16_10e4,10^4,16448,"echo=[64, 256]|waveform=[64]",INT16,GPU,fft_thrust,compatibility/end-to-end,PASS,OK,20,100,31,1.341952,true,cf3dd95c7197904bf57565a093cfebcecfc6428504e29c15293c31e535cab12a,da4155885ccf78bae07432482f0d60c1b81897866f5813b58017daf920d34271
1,20260810T024240Z_5e66669d177a_stage07_b01_formal_d091a7f9,formal,20260810T024240Z,5e66669d177af61a75bb35b4b5c102ab6988e92c,false,stage07_b01_radartools_five_dtype_v2,03a5a9e2f6cb3af6d8b402d33c46fde5838cae300fea1ab7f1d92294a3677211,operator,pulse_compression,Task1,Step2,pulse_compression,pulse_compression__pc_int16_10e4__cf3dd95c7197904b,pc_int16_10e4,10^4,16448,"echo=[64, 256]|waveform=[64]",INT16,GPU,fft_thrust,compatibility/end-to-end,PASS,OK,20,100,32,1.401433,true,cf3dd95c7197904bf57565a093cfebcecfc6428504e29c15293c31e535cab12a,da4155885ccf78bae07432482f0d60c1b81897866f5813b58017daf920d34271
1,20260810T024240Z_5e66669d177a_stage07_b01_formal_d091a7f9,formal,20260810T024240Z,5e66669d177af61a75bb35b4b5c102ab6988e92c,false,stage07_b01_radartools_five_dtype_v2,03a5a9e2f6cb3af6d8b402d33c46fde5838cae300fea1ab7f1d92294a3677211,operator,pulse_compression,Task1,Step2,pulse_compression,pulse_compression__pc_int16_10e4__cf3dd95c7197904b,pc_int16_10e4,10^4,16448,"echo=[64, 256]|waveform=[64]",INT16,GPU,fft_thrust,compatibility/end-to-end,PASS,OK,20,100,33,1.381593,true,cf3dd95c7197904bf57565a093cfebcecfc6428504e29c15293c31e535cab12a,da4155885ccf78bae07432482f0d60c1b81897866f5813b58017daf920d34271
1,20260810T024240Z_5e66669d177a_stage07_b01_formal_d091a7f9,formal,20260810T024240Z,5e66669d177af61a75bb35b4b5c102ab6988e92c,false,stage07_b01_radartools_five_dtype_v2,03a5a9e2f6cb3af6d8b402d33c46fde5838cae300fea1ab7f1d92294a3677211,operator,pulse_compression,Task1,Step2,pulse_compression,pulse_compression__pc_int16_10e4__cf3dd95c7197904b,pc_int16_10e4,10^4,16448,"echo=[64, 256]|waveform=[64]",INT16,GPU,fft_thrust,compatibility/end-to-end,PASS,OK,20,100,34,1.385153,true,cf3dd95c7197904bf57565a093cfebcecfc6428504e29c15293c31e535cab12a,da4155885ccf78bae07432482f0d60c1b81897866f5813b58017daf920d34271
1,20260810T024240Z_5e66669d177a_stage07_b01_formal_d091a7f9,formal,20260810T024240Z,5e66669d177af61a75bb35b4b5c102ab6988e92c,false,stage07_b01_radartools_five_dtype_v2,03a5a9e2f6cb3af6d8b402d33c46fde5838cae300fea1ab7f1d92294a3677211,operator,pulse_compression,Task1,Step2,pulse_compression,pulse_compression__pc_int16_10e4__cf3dd95c7197904b,pc_int16_10e4,10^4,16448,"echo=[64, 256]|waveform=[64]",INT16,GPU,fft_thrust,compatibility/end-to-end,PASS,OK,20,100,35,1.341253,true,cf3dd95c7197904bf57565a093cfebcecfc6428504e29c15293c31e535cab12a,da4155885ccf78bae07432482f0d60c1b81897866f5813b58017daf920d34271
1,20260810T024240Z_5e66669d177a_stage07_b01_formal_d091a7f9,formal,20260810T024240Z,5e66669d177af61a75bb35b4b5c102ab6988e92c,false,stage07_b01_radartools_five_dtype_v2,03a5a9e2f6cb3af6d8b402d33c46fde5838cae300fea1ab7f1d92294a3677211,operator,pulse_compression,Task1,Step2,pulse_compression,pulse_compression__pc_int16_10e4__cf3dd95c7197904b,pc_int16_10e4,10^4,16448,"echo=[64, 256]|waveform=[64]",INT16,GPU,fft_thrust,compatibility/end-to-end,PASS,OK,20,100,36,1.352203,true,cf3dd95c7197904bf57565a093cfebcecfc6428504e29c15293c31e535cab12a,da4155885ccf78bae07432482f0d60c1b81897866f5813b58017daf920d34271
1,20260810T024240Z_5e66669d177a_stage07_b01_formal_d091a7f9,formal,20260810T024240Z,5e66669d177af61a75bb35b4b5c102ab6988e92c,false,stage07_b01_radartools_five_dtype_v2,03a5a9e2f6cb3af6d8b402d33c46fde5838cae300fea1ab7f1d92294a3677211,operator,pulse_compression,Task1,Step2,pulse_compression,pulse_compression__pc_int16_10e4__cf3dd95c7197904b,pc_int16_10e4,10^4,16448,"echo=[64, 256]|waveform=[64]",INT16,GPU,fft_thrust,compatibility/end-to-end,PASS,OK,20,100,37,1.401563,true,cf3dd95c7197904bf57565a093cfebcecfc6428504e29c15293c31e535cab12a,da4155885ccf78bae07432482f0d60c1b81897866f5813b58017daf920d34271
1,20260810T024240Z_5e66669d177a_stage07_b01_formal_d091a7f9,formal,20260810T024240Z,5e66669d177af61a75bb35b4b5c102ab6988e92c,false,stage07_b01_radartools_five_dtype_v2,03a5a9e2f6cb3af6d8b402d33c46fde5838cae300fea1ab7f1d92294a3677211,operator,pulse_compression,Task1,Step2,pulse_compression,pulse_compression__pc_int16_10e4__cf3dd95c7197904b,pc_int16_10e4,10^4,16448,"echo=[64, 256]|waveform=[64]",INT16,GPU,fft_thrust,compatibility/end-to-end,PASS,OK,20,100,38,1.359022,true,cf3dd95c7197904bf57565a093cfebcecfc6428504e29c15293c31e535cab12a,da4155885ccf78bae07432482f0d60c1b81897866f5813b58017daf920d34271
1,20260810T024240Z_5e66669d177a_stage07_b01_formal_d091a7f9,formal,20260810T024240Z,5e66669d177af61a75bb35b4b5c102ab6988e92c,false,stage07_b01_radartools_five_dtype_v2,03a5a9e2f6cb3af6d8b402d33c46fde5838cae300fea1ab7f1d92294a3677211,operator,pulse_compression,Task1,Step2,pulse_compression,pulse_compression__pc_int16_10e4__cf3dd95c7197904b,pc_int16_10e4,10^4,16448,"echo=[64, 256]|waveform=[64]",INT16,GPU,fft_thrust,compatibility/end-to-end,PASS,OK,20,100,39,1.346523,true,cf3dd95c7197904bf57565a093cfebcecfc6428504e29c15293c31e535cab12a,da4155885ccf78bae07432482f0d60c1b81897866f5813b58017daf920d34271
1,20260810T024240Z_5e66669d177a_stage07_b01_formal_d091a7f9,formal,20260810T024240Z,5e66669d177af61a75bb35b4b5c102ab6988e92c,false,stage07_b01_radartools_five_dtype_v2,03a5a9e2f6cb3af6d8b402d33c46fde5838cae300fea1ab7f1d92294a3677211,operator,pulse_compression,Task1,Step2,pulse_compression,pulse_compression__pc_int16_10e4__cf3dd95c7197904b,pc_int16_10e4,10^4,16448,"echo=[64, 256]|waveform=[64]",INT16,GPU,fft_thrust,compatibility/end-to-end,PASS,OK,20,100,40,1.376343,true,cf3dd95c7197904bf57565a093cfebcecfc6428504e29c15293c31e535cab12a,da4155885ccf78bae07432482f0d60c1b81897866f5813b58017daf920d34271
1,20260810T024240Z_5e66669d177a_stage07_b01_formal_d091a7f9,formal,20260810T024240Z,5e66669d177af61a75bb35b4b5c102ab6988e92c,false,stage07_b01_radartools_five_dtype_v2,03a5a9e2f6cb3af6d8b402d33c46fde5838cae300fea1ab7f1d92294a3677211,operator,pulse_compression,Task1,Step2,pulse_compression,pulse_compression__pc_int16_10e4__cf3dd95c7197904b,pc_int16_10e4,10^4,16448,"echo=[64, 256]|waveform=[64]",INT16,GPU,fft_thrust,compatibility/end-to-end,PASS,OK,20,100,41,1.430433,true,cf3dd95c7197904bf57565a093cfebcecfc6428504e29c15293c31e535cab12a,da4155885ccf78bae07432482f0d60c1b81897866f5813b58017daf920d34271
1,20260810T024240Z_5e66669d177a_stage07_b01_formal_d091a7f9,formal,20260810T024240Z,5e66669d177af61a75bb35b4b5c102ab6988e92c,false,stage07_b01_radartools_five_dtype_v2,03a5a9e2f6cb3af6d8b402d33c46fde5838cae300fea1ab7f1d92294a3677211,operator,pulse_compression,Task1,Step2,pulse_compression,pulse_compression__pc_int16_10e4__cf3dd95c7197904b,pc_int16_10e4,10^4,16448,"echo=[64, 256]|waveform=[64]",INT16,GPU,fft_thrust,compatibility/end-to-end,PASS,OK,20,100,42,1.351923,true,cf3dd95c7197904bf57565a093cfebcecfc6428504e29c15293c31e535cab12a,da4155885ccf78bae07432482f0d60c1b81897866f5813b58017daf920d34271
1,20260810T024240Z_5e66669d177a_stage07_b01_formal_d091a7f9,formal,20260810T024240Z,5e66669d177af61a75bb35b4b5c102ab6988e92c,false,stage07_b01_radartools_five_dtype_v2,03a5a9e2f6cb3af6d8b402d33c46fde5838cae300fea1ab7f1d92294a3677211,operator,pulse_compression,Task1,Step2,pulse_compression,pulse_compression__pc_int16_10e4__cf3dd95c7197904b,pc_int16_10e4,10^4,16448,"echo=[64, 256]|waveform=[64]",INT16,GPU,fft_thrust,compatibility/end-to-end,PASS,OK,20,100,43,1.347583,true,cf3dd95c7197904bf57565a093cfebcecfc6428504e29c15293c31e535cab12a,da4155885ccf78bae07432482f0d60c1b81897866f5813b58017daf920d34271
1,20260810T024240Z_5e66669d177a_stage07_b01_formal_d091a7f9,formal,20260810T024240Z,5e66669d177af61a75bb35b4b5c102ab6988e92c,false,stage07_b01_radartools_five_dtype_v2,03a5a9e2f6cb3af6d8b402d33c46fde5838cae300fea1ab7f1d92294a3677211,operator,pulse_compression,Task1,Step2,pulse_compression,pulse_compression__pc_int16_10e4__cf3dd95c7197904b,pc_int16_10e4,10^4,16448,"echo=[64, 256]|waveform=[64]",INT16,GPU,fft_thrust,compatibility/end-to-end,PASS,OK,20,100,44,1.371373,true,cf3dd95c7197904bf57565a093cfebcecfc6428504e29c15293c31e535cab12a,da4155885ccf78bae07432482f0d60c1b81897866f5813b58017daf920d34271
1,20260810T024240Z_5e66669d177a_stage07_b01_formal_d091a7f9,formal,20260810T024240Z,5e66669d177af61a75bb35b4b5c102ab6988e92c,false,stage07_b01_radartools_five_dtype_v2,03a5a9e2f6cb3af6d8b402d33c46fde5838cae300fea1ab7f1d92294a3677211,operator,pulse_compression,Task1,Step2,pulse_compression,pulse_compression__pc_int16_10e4__cf3dd95c7197904b,pc_int16_10e4,10^4,16448,"echo=[64, 256]|waveform=[64]",INT16,GPU,fft_thrust,compatibility/end-to-end,PASS,OK,20,100,45,1.350023,true,cf3dd95c7197904bf57565a093cfebcecfc6428504e29c15293c31e535cab12a,da4155885ccf78bae07432482f0d60c1b81897866f5813b58017daf920d34271
1,20260810T024240Z_5e66669d177a_stage07_b01_formal_d091a7f9,formal,20260810T024240Z,5e66669d177af61a75bb35b4b5c102ab6988e92c,false,stage07_b01_radartools_five_dtype_v2,03a5a9e2f6cb3af6d8b402d33c46fde5838cae300fea1ab7f1d92294a3677211,operator,pulse_compression,Task1,Step2,pulse_compression,pulse_compression__pc_int16_10e4__cf3dd95c7197904b,pc_int16_10e4,10^4,16448,"echo=[64, 256]|waveform=[64]",INT16,GPU,fft_thrust,compatibility/end-to-end,PASS,OK,20,100,46,1.347532,true,cf3dd95c7197904bf57565a093cfebcecfc6428504e29c15293c31e535cab12a,da4155885ccf78bae07432482f0d60c1b81897866f5813b58017daf920d34271
1,20260810T024240Z_5e66669d177a_stage07_b01_formal_d091a7f9,formal,20260810T024240Z,5e66669d177af61a75bb35b4b5c102ab6988e92c,false,stage07_b01_radartools_five_dtype_v2,03a5a9e2f6cb3af6d8b402d33c46fde5838cae300fea1ab7f1d92294a3677211,operator,pulse_compression,Task1,Step2,pulse_compression,pulse_compression__pc_int16_10e4__cf3dd95c7197904b,pc_int16_10e4,10^4,16448,"echo=[64, 256]|waveform=[64]",INT16,GPU,fft_thrust,compatibility/end-to-end,PASS,OK,20,100,47,1.356273,true,cf3dd95c7197904bf57565a093cfebcecfc6428504e29c15293c31e535cab12a,da4155885ccf78bae07432482f0d60c1b81897866f5813b58017daf920d34271
1,20260810T024240Z_5e66669d177a_stage07_b01_formal_d091a7f9,formal,20260810T024240Z,5e66669d177af61a75bb35b4b5c102ab6988e92c,false,stage07_b01_radartools_five_dtype_v2,03a5a9e2f6cb3af6d8b402d33c46fde5838cae300fea1ab7f1d92294a3677211,operator,pulse_compression,Task1,Step2,pulse_compression,pulse_compression__pc_int16_10e4__cf3dd95c7197904b,pc_int16_10e4,10^4,16448,"echo=[64, 256]|waveform=[64]",INT16,GPU,fft_thrust,compatibility/end-to-end,PASS,OK,20,100,48,1.349883,true,cf3dd95c7197904bf57565a093cfebcecfc6428504e29c15293c31e535cab12a,da4155885ccf78bae07432482f0d60c1b81897866f5813b58017daf920d34271
1,20260810T024240Z_5e66669d177a_stage07_b01_formal_d091a7f9,formal,20260810T024240Z,5e66669d177af61a75bb35b4b5c102ab6988e92c,false,stage07_b01_radartools_five_dtype_v2,03a5a9e2f6cb3af6d8b402d33c46fde5838cae300fea1ab7f1d92294a3677211,operator,pulse_compression,Task1,Step2,pulse_compression,pulse_compression__pc_int16_10e4__cf3dd95c7197904b,pc_int16_10e4,10^4,16448,"echo=[64, 256]|waveform=[64]",INT16,GPU,fft_thrust,compatibility/end-to-end,PASS,OK,20,100,49,1.346983,true,cf3dd95c7197904bf57565a093cfebcecfc6428504e29c15293c31e535cab12a,da4155885ccf78bae07432482f0d60c1b81897866f5813b58017daf920d34271
1,20260810T024240Z_5e66669d177a_stage07_b01_formal_d091a7f9,formal,20260810T024240Z,5e66669d177af61a75bb35b4b5c102ab6988e92c,false,stage07_b01_radartools_five_dtype_v2,03a5a9e2f6cb3af6d8b402d33c46fde5838cae300fea1ab7f1d92294a3677211,operator,pulse_compression,Task1,Step2,pulse_compression,pulse_compression__pc_int16_10e4__cf3dd95c7197904b,pc_int16_10e4,10^4,16448,"echo=[64, 256]|waveform=[64]",INT16,GPU,fft_thrust,compatibility/end-to-end,PASS,OK,20,100,50,1.363932,true,cf3dd95c7197904bf57565a093cfebcecfc6428504e29c15293c31e535cab12a,da4155885ccf78bae07432482f0d60c1b81897866f5813b58017daf920d34271
1,20260810T024240Z_5e66669d177a_stage07_b01_formal_d091a7f9,formal,20260810T024240Z,5e66669d177af61a75bb35b4b5c102ab6988e92c,false,stage07_b01_radartools_five_dtype_v2,03a5a9e2f6cb3af6d8b402d33c46fde5838cae300fea1ab7f1d92294a3677211,operator,pulse_compression,Task1,Step2,pulse_compression,pulse_compression__pc_int16_10e4__cf3dd95c7197904b,pc_int16_10e4,10^4,16448,"echo=[64, 256]|waveform=[64]",INT16,GPU,fft_thrust,compatibility/end-to-end,PASS,OK,20,100,51,1.348533,true,cf3dd95c7197904bf57565a093cfebcecfc6428504e29c15293c31e535cab12a,da4155885ccf78bae07432482f0d60c1b81897866f5813b58017daf920d34271
1,20260810T024240Z_5e66669d177a_stage07_b01_formal_d091a7f9,formal,20260810T024240Z,5e66669d177af61a75bb35b4b5c102ab6988e92c,false,stage07_b01_radartools_five_dtype_v2,03a5a9e2f6cb3af6d8b402d33c46fde5838cae300fea1ab7f1d92294a3677211,operator,pulse_compression,Task1,Step2,pulse_compression,pulse_compression__pc_int16_10e4__cf3dd95c7197904b,pc_int16_10e4,10^4,16448,"echo=[64, 256]|waveform=[64]",INT16,GPU,fft_thrust,compatibility/end-to-end,PASS,OK,20,100,52,1.378063,true,cf3dd95c7197904bf57565a093cfebcecfc6428504e29c15293c31e535cab12a,da4155885ccf78bae07432482f0d60c1b81897866f5813b58017daf920d34271
1,20260810T024240Z_5e66669d177a_stage07_b01_formal_d091a7f9,formal,20260810T024240Z,5e66669d177af61a75bb35b4b5c102ab6988e92c,false,stage07_b01_radartools_five_dtype_v2,03a5a9e2f6cb3af6d8b402d33c46fde5838cae300fea1ab7f1d92294a3677211,operator,pulse_compression,Task1,Step2,pulse_compression,pulse_compression__pc_int16_10e4__cf3dd95c7197904b,pc_int16_10e4,10^4,16448,"echo=[64, 256]|waveform=[64]",INT16,GPU,fft_thrust,compatibility/end-to-end,PASS,OK,20,100,53,1.448874,true,cf3dd95c7197904bf57565a093cfebcecfc6428504e29c15293c31e535cab12a,da4155885ccf78bae07432482f0d60c1b81897866f5813b58017daf920d34271
1,20260810T024240Z_5e66669d177a_stage07_b01_formal_d091a7f9,formal,20260810T024240Z,5e66669d177af61a75bb35b4b5c102ab6988e92c,false,stage07_b01_radartools_five_dtype_v2,03a5a9e2f6cb3af6d8b402d33c46fde5838cae300fea1ab7f1d92294a3677211,operator,pulse_compression,Task1,Step2,pulse_compression,pulse_compression__pc_int16_10e4__cf3dd95c7197904b,pc_int16_10e4,10^4,16448,"echo=[64, 256]|waveform=[64]",INT16,GPU,fft_thrust,compatibility/end-to-end,PASS,OK,20,100,54,1.412473,true,cf3dd95c7197904bf57565a093cfebcecfc6428504e29c15293c31e535cab12a,da4155885ccf78bae07432482f0d60c1b81897866f5813b58017daf920d34271
1,20260810T024240Z_5e66669d177a_stage07_b01_formal_d091a7f9,formal,20260810T024240Z,5e66669d177af61a75bb35b4b5c102ab6988e92c,false,stage07_b01_radartools_five_dtype_v2,03a5a9e2f6cb3af6d8b402d33c46fde5838cae300fea1ab7f1d92294a3677211,operator,pulse_compression,Task1,Step2,pulse_compression,pulse_compression__pc_int16_10e4__cf3dd95c7197904b,pc_int16_10e4,10^4,16448,"echo=[64, 256]|waveform=[64]",INT16,GPU,fft_thrust,compatibility/end-to-end,PASS,OK,20,100,55,1.586305,true,cf3dd95c7197904bf57565a093cfebcecfc6428504e29c15293c31e535cab12a,da4155885ccf78bae07432482f0d60c1b81897866f5813b58017daf920d34271
1,20260810T024240Z_5e66669d177a_stage07_b01_formal_d091a7f9,formal,20260810T024240Z,5e66669d177af61a75bb35b4b5c102ab6988e92c,false,stage07_b01_radartools_five_dtype_v2,03a5a9e2f6cb3af6d8b402d33c46fde5838cae300fea1ab7f1d92294a3677211,operator,pulse_compression,Task1,Step2,pulse_compression,pulse_compression__pc_int16_10e4__cf3dd95c7197904b,pc_int16_10e4,10^4,16448,"echo=[64, 256]|waveform=[64]",INT16,GPU,fft_thrust,compatibility/end-to-end,PASS,OK,20,100,56,1.372663,true,cf3dd95c7197904bf57565a093cfebcecfc6428504e29c15293c31e535cab12a,da4155885ccf78bae07432482f0d60c1b81897866f5813b58017daf920d34271
1,20260810T024240Z_5e66669d177a_stage07_b01_formal_d091a7f9,formal,20260810T024240Z,5e66669d177af61a75bb35b4b5c102ab6988e92c,false,stage07_b01_radartools_five_dtype_v2,03a5a9e2f6cb3af6d8b402d33c46fde5838cae300fea1ab7f1d92294a3677211,operator,pulse_compression,Task1,Step2,pulse_compression,pulse_compression__pc_int16_10e4__cf3dd95c7197904b,pc_int16_10e4,10^4,16448,"echo=[64, 256]|waveform=[64]",INT16,GPU,fft_thrust,compatibility/end-to-end,PASS,OK,20,100,57,1.345652,true,cf3dd95c7197904bf57565a093cfebcecfc6428504e29c15293c31e535cab12a,da4155885ccf78bae07432482f0d60c1b81897866f5813b58017daf920d34271
1,20260810T024240Z_5e66669d177a_stage07_b01_formal_d091a7f9,formal,20260810T024240Z,5e66669d177af61a75bb35b4b5c102ab6988e92c,false,stage07_b01_radartools_five_dtype_v2,03a5a9e2f6cb3af6d8b402d33c46fde5838cae300fea1ab7f1d92294a3677211,operator,pulse_compression,Task1,Step2,pulse_compression,pulse_compression__pc_int16_10e4__cf3dd95c7197904b,pc_int16_10e4,10^4,16448,"echo=[64, 256]|waveform=[64]",INT16,GPU,fft_thrust,compatibility/end-to-end,PASS,OK,20,100,58,1.344753,true,cf3dd95c7197904bf57565a093cfebcecfc6428504e29c15293c31e535cab12a,da4155885ccf78bae07432482f0d60c1b81897866f5813b58017daf920d34271
1,20260810T024240Z_5e66669d177a_stage07_b01_formal_d091a7f9,formal,20260810T024240Z,5e66669d177af61a75bb35b4b5c102ab6988e92c,false,stage07_b01_radartools_five_dtype_v2,03a5a9e2f6cb3af6d8b402d33c46fde5838cae300fea1ab7f1d92294a3677211,operator,pulse_compression,Task1,Step2,pulse_compression,pulse_compression__pc_int16_10e4__cf3dd95c7197904b,pc_int16_10e4,10^4,16448,"echo=[64, 256]|waveform=[64]",INT16,GPU,fft_thrust,compatibility/end-to-end,PASS,OK,20,100,59,1.358623,true,cf3dd95c7197904bf57565a093cfebcecfc6428504e29c15293c31e535cab12a,da4155885ccf78bae07432482f0d60c1b81897866f5813b58017daf920d34271
1,20260810T024240Z_5e66669d177a_stage07_b01_formal_d091a7f9,formal,20260810T024240Z,5e66669d177af61a75bb35b4b5c102ab6988e92c,false,stage07_b01_radartools_five_dtype_v2,03a5a9e2f6cb3af6d8b402d33c46fde5838cae300fea1ab7f1d92294a3677211,operator,pulse_compression,Task1,Step2,pulse_compression,pulse_compression__pc_int16_10e4__cf3dd95c7197904b,pc_int16_10e4,10^4,16448,"echo=[64, 256]|waveform=[64]",INT16,GPU,fft_thrust,compatibility/end-to-end,PASS,OK,20,100,60,1.346642,true,cf3dd95c7197904bf57565a093cfebcecfc6428504e29c15293c31e535cab12a,da4155885ccf78bae07432482f0d60c1b81897866f5813b58017daf920d34271
1,20260810T024240Z_5e66669d177a_stage07_b01_formal_d091a7f9,formal,20260810T024240Z,5e66669d177af61a75bb35b4b5c102ab6988e92c,false,stage07_b01_radartools_five_dtype_v2,03a5a9e2f6cb3af6d8b402d33c46fde5838cae300fea1ab7f1d92294a3677211,operator,pulse_compression,Task1,Step2,pulse_compression,pulse_compression__pc_int16_10e4__cf3dd95c7197904b,pc_int16_10e4,10^4,16448,"echo=[64, 256]|waveform=[64]",INT16,GPU,fft_thrust,compatibility/end-to-end,PASS,OK,20,100,61,1.345953,true,cf3dd95c7197904bf57565a093cfebcecfc6428504e29c15293c31e535cab12a,da4155885ccf78bae07432482f0d60c1b81897866f5813b58017daf920d34271
1,20260810T024240Z_5e66669d177a_stage07_b01_formal_d091a7f9,formal,20260810T024240Z,5e66669d177af61a75bb35b4b5c102ab6988e92c,false,stage07_b01_radartools_five_dtype_v2,03a5a9e2f6cb3af6d8b402d33c46fde5838cae300fea1ab7f1d92294a3677211,operator,pulse_compression,Task1,Step2,pulse_compression,pulse_compression__pc_int16_10e4__cf3dd95c7197904b,pc_int16_10e4,10^4,16448,"echo=[64, 256]|waveform=[64]",INT16,GPU,fft_thrust,compatibility/end-to-end,PASS,OK,20,100,62,1.347043,true,cf3dd95c7197904bf57565a093cfebcecfc6428504e29c15293c31e535cab12a,da4155885ccf78bae07432482f0d60c1b81897866f5813b58017daf920d34271
1,20260810T024240Z_5e66669d177a_stage07_b01_formal_d091a7f9,formal,20260810T024240Z,5e66669d177af61a75bb35b4b5c102ab6988e92c,false,stage07_b01_radartools_five_dtype_v2,03a5a9e2f6cb3af6d8b402d33c46fde5838cae300fea1ab7f1d92294a3677211,operator,pulse_compression,Task1,Step2,pulse_compression,pulse_compression__pc_int16_10e4__cf3dd95c7197904b,pc_int16_10e4,10^4,16448,"echo=[64, 256]|waveform=[64]",INT16,GPU,fft_thrust,compatibility/end-to-end,PASS,OK,20,100,63,1.343192,true,cf3dd95c7197904bf57565a093cfebcecfc6428504e29c15293c31e535cab12a,da4155885ccf78bae07432482f0d60c1b81897866f5813b58017daf920d34271
1,20260810T024240Z_5e66669d177a_stage07_b01_formal_d091a7f9,formal,20260810T024240Z,5e66669d177af61a75bb35b4b5c102ab6988e92c,false,stage07_b01_radartools_five_dtype_v2,03a5a9e2f6cb3af6d8b402d33c46fde5838cae300fea1ab7f1d92294a3677211,operator,pulse_compression,Task1,Step2,pulse_compression,pulse_compression__pc_int16_10e4__cf3dd95c7197904b,pc_int16_10e4,10^4,16448,"echo=[64, 256]|waveform=[64]",INT16,GPU,fft_thrust,compatibility/end-to-end,PASS,OK,20,100,64,1.345283,true,cf3dd95c7197904bf57565a093cfebcecfc6428504e29c15293c31e535cab12a,da4155885ccf78bae07432482f0d60c1b81897866f5813b58017daf920d34271
1,20260810T024240Z_5e66669d177a_stage07_b01_formal_d091a7f9,formal,20260810T024240Z,5e66669d177af61a75bb35b4b5c102ab6988e92c,false,stage07_b01_radartools_five_dtype_v2,03a5a9e2f6cb3af6d8b402d33c46fde5838cae300fea1ab7f1d92294a3677211,operator,pulse_compression,Task1,Step2,pulse_compression,pulse_compression__pc_int16_10e4__cf3dd95c7197904b,pc_int16_10e4,10^4,16448,"echo=[64, 256]|waveform=[64]",INT16,GPU,fft_thrust,compatibility/end-to-end,PASS,OK,20,100,65,1.362453,true,cf3dd95c7197904bf57565a093cfebcecfc6428504e29c15293c31e535cab12a,da4155885ccf78bae07432482f0d60c1b81897866f5813b58017daf920d34271
1,20260810T024240Z_5e66669d177a_stage07_b01_formal_d091a7f9,formal,20260810T024240Z,5e66669d177af61a75bb35b4b5c102ab6988e92c,false,stage07_b01_radartools_five_dtype_v2,03a5a9e2f6cb3af6d8b402d33c46fde5838cae300fea1ab7f1d92294a3677211,operator,pulse_compression,Task1,Step2,pulse_compression,pulse_compression__pc_int16_10e4__cf3dd95c7197904b,pc_int16_10e4,10^4,16448,"echo=[64, 256]|waveform=[64]",INT16,GPU,fft_thrust,compatibility/end-to-end,PASS,OK,20,100,66,1.345453,true,cf3dd95c7197904bf57565a093cfebcecfc6428504e29c15293c31e535cab12a,da4155885ccf78bae07432482f0d60c1b81897866f5813b58017daf920d34271
1,20260810T024240Z_5e66669d177a_stage07_b01_formal_d091a7f9,formal,20260810T024240Z,5e66669d177af61a75bb35b4b5c102ab6988e92c,false,stage07_b01_radartools_five_dtype_v2,03a5a9e2f6cb3af6d8b402d33c46fde5838cae300fea1ab7f1d92294a3677211,operator,pulse_compression,Task1,Step2,pulse_compression,pulse_compression__pc_int16_10e4__cf3dd95c7197904b,pc_int16_10e4,10^4,16448,"echo=[64, 256]|waveform=[64]",INT16,GPU,fft_thrust,compatibility/end-to-end,PASS,OK,20,100,67,1.343632,true,cf3dd95c7197904bf57565a093cfebcecfc6428504e29c15293c31e535cab12a,da4155885ccf78bae07432482f0d60c1b81897866f5813b58017daf920d34271
1,20260810T024240Z_5e66669d177a_stage07_b01_formal_d091a7f9,formal,20260810T024240Z,5e66669d177af61a75bb35b4b5c102ab6988e92c,false,stage07_b01_radartools_five_dtype_v2,03a5a9e2f6cb3af6d8b402d33c46fde5838cae300fea1ab7f1d92294a3677211,operator,pulse_compression,Task1,Step2,pulse_compression,pulse_compression__pc_int16_10e4__cf3dd95c7197904b,pc_int16_10e4,10^4,16448,"echo=[64, 256]|waveform=[64]",INT16,GPU,fft_thrust,compatibility/end-to-end,PASS,OK,20,100,68,1.350883,true,cf3dd95c7197904bf57565a093cfebcecfc6428504e29c15293c31e535cab12a,da4155885ccf78bae07432482f0d60c1b81897866f5813b58017daf920d34271
1,20260810T024240Z_5e66669d177a_stage07_b01_formal_d091a7f9,formal,20260810T024240Z,5e66669d177af61a75bb35b4b5c102ab6988e92c,false,stage07_b01_radartools_five_dtype_v2,03a5a9e2f6cb3af6d8b402d33c46fde5838cae300fea1ab7f1d92294a3677211,operator,pulse_compression,Task1,Step2,pulse_compression,pulse_compression__pc_int16_10e4__cf3dd95c7197904b,pc_int16_10e4,10^4,16448,"echo=[64, 256]|waveform=[64]",INT16,GPU,fft_thrust,compatibility/end-to-end,PASS,OK,20,100,69,1.351693,true,cf3dd95c7197904bf57565a093cfebcecfc6428504e29c15293c31e535cab12a,da4155885ccf78bae07432482f0d60c1b81897866f5813b58017daf920d34271
1,20260810T024240Z_5e66669d177a_stage07_b01_formal_d091a7f9,formal,20260810T024240Z,5e66669d177af61a75bb35b4b5c102ab6988e92c,false,stage07_b01_radartools_five_dtype_v2,03a5a9e2f6cb3af6d8b402d33c46fde5838cae300fea1ab7f1d92294a3677211,operator,pulse_compression,Task1,Step2,pulse_compression,pulse_compression__pc_int16_10e4__cf3dd95c7197904b,pc_int16_10e4,10^4,16448,"echo=[64, 256]|waveform=[64]",INT16,GPU,fft_thrust,compatibility/end-to-end,PASS,OK,20,100,70,1.343362,true,cf3dd95c7197904bf57565a093cfebcecfc6428504e29c15293c31e535cab12a,da4155885ccf78bae07432482f0d60c1b81897866f5813b58017daf920d34271
1,20260810T024240Z_5e66669d177a_stage07_b01_formal_d091a7f9,formal,20260810T024240Z,5e66669d177af61a75bb35b4b5c102ab6988e92c,false,stage07_b01_radartools_five_dtype_v2,03a5a9e2f6cb3af6d8b402d33c46fde5838cae300fea1ab7f1d92294a3677211,operator,pulse_compression,Task1,Step2,pulse_compression,pulse_compression__pc_int16_10e4__cf3dd95c7197904b,pc_int16_10e4,10^4,16448,"echo=[64, 256]|waveform=[64]",INT16,GPU,fft_thrust,compatibility/end-to-end,PASS,OK,20,100,71,1.366873,true,cf3dd95c7197904bf57565a093cfebcecfc6428504e29c15293c31e535cab12a,da4155885ccf78bae07432482f0d60c1b81897866f5813b58017daf920d34271
1,20260810T024240Z_5e66669d177a_stage07_b01_formal_d091a7f9,formal,20260810T024240Z,5e66669d177af61a75bb35b4b5c102ab6988e92c,false,stage07_b01_radartools_five_dtype_v2,03a5a9e2f6cb3af6d8b402d33c46fde5838cae300fea1ab7f1d92294a3677211,operator,pulse_compression,Task1,Step2,pulse_compression,pulse_compression__pc_int16_10e4__cf3dd95c7197904b,pc_int16_10e4,10^4,16448,"echo=[64, 256]|waveform=[64]",INT16,GPU,fft_thrust,compatibility/end-to-end,PASS,OK,20,100,72,1.346513,true,cf3dd95c7197904bf57565a093cfebcecfc6428504e29c15293c31e535cab12a,da4155885ccf78bae07432482f0d60c1b81897866f5813b58017daf920d34271
1,20260810T024240Z_5e66669d177a_stage07_b01_formal_d091a7f9,formal,20260810T024240Z,5e66669d177af61a75bb35b4b5c102ab6988e92c,false,stage07_b01_radartools_five_dtype_v2,03a5a9e2f6cb3af6d8b402d33c46fde5838cae300fea1ab7f1d92294a3677211,operator,pulse_compression,Task1,Step2,pulse_compression,pulse_compression__pc_int16_10e4__cf3dd95c7197904b,pc_int16_10e4,10^4,16448,"echo=[64, 256]|waveform=[64]",INT16,GPU,fft_thrust,compatibility/end-to-end,PASS,OK,20,100,73,1.348483,true,cf3dd95c7197904bf57565a093cfebcecfc6428504e29c15293c31e535cab12a,da4155885ccf78bae07432482f0d60c1b81897866f5813b58017daf920d34271
1,20260810T024240Z_5e66669d177a_stage07_b01_formal_d091a7f9,formal,20260810T024240Z,5e66669d177af61a75bb35b4b5c102ab6988e92c,false,stage07_b01_radartools_five_dtype_v2,03a5a9e2f6cb3af6d8b402d33c46fde5838cae300fea1ab7f1d92294a3677211,operator,pulse_compression,Task1,Step2,pulse_compression,pulse_compression__pc_int16_10e4__cf3dd95c7197904b,pc_int16_10e4,10^4,16448,"echo=[64, 256]|waveform=[64]",INT16,GPU,fft_thrust,compatibility/end-to-end,PASS,OK,20,100,74,1.356682,true,cf3dd95c7197904bf57565a093cfebcecfc6428504e29c15293c31e535cab12a,da4155885ccf78bae07432482f0d60c1b81897866f5813b58017daf920d34271
1,20260810T024240Z_5e66669d177a_stage07_b01_formal_d091a7f9,formal,20260810T024240Z,5e66669d177af61a75bb35b4b5c102ab6988e92c,false,stage07_b01_radartools_five_dtype_v2,03a5a9e2f6cb3af6d8b402d33c46fde5838cae300fea1ab7f1d92294a3677211,operator,pulse_compression,Task1,Step2,pulse_compression,pulse_compression__pc_int16_10e4__cf3dd95c7197904b,pc_int16_10e4,10^4,16448,"echo=[64, 256]|waveform=[64]",INT16,GPU,fft_thrust,compatibility/end-to-end,PASS,OK,20,100,75,1.342843,true,cf3dd95c7197904bf57565a093cfebcecfc6428504e29c15293c31e535cab12a,da4155885ccf78bae07432482f0d60c1b81897866f5813b58017daf920d34271
1,20260810T024240Z_5e66669d177a_stage07_b01_formal_d091a7f9,formal,20260810T024240Z,5e66669d177af61a75bb35b4b5c102ab6988e92c,false,stage07_b01_radartools_five_dtype_v2,03a5a9e2f6cb3af6d8b402d33c46fde5838cae300fea1ab7f1d92294a3677211,operator,pulse_compression,Task1,Step2,pulse_compression,pulse_compression__pc_int16_10e4__cf3dd95c7197904b,pc_int16_10e4,10^4,16448,"echo=[64, 256]|waveform=[64]",INT16,GPU,fft_thrust,compatibility/end-to-end,PASS,OK,20,100,76,1.342442,true,cf3dd95c7197904bf57565a093cfebcecfc6428504e29c15293c31e535cab12a,da4155885ccf78bae07432482f0d60c1b81897866f5813b58017daf920d34271
1,20260810T024240Z_5e66669d177a_stage07_b01_formal_d091a7f9,formal,20260810T024240Z,5e66669d177af61a75bb35b4b5c102ab6988e92c,false,stage07_b01_radartools_five_dtype_v2,03a5a9e2f6cb3af6d8b402d33c46fde5838cae300fea1ab7f1d92294a3677211,operator,pulse_compression,Task1,Step2,pulse_compression,pulse_compression__pc_int16_10e4__cf3dd95c7197904b,pc_int16_10e4,10^4,16448,"echo=[64, 256]|waveform=[64]",INT16,GPU,fft_thrust,compatibility/end-to-end,PASS,OK,20,100,77,1.351313,true,cf3dd95c7197904bf57565a093cfebcecfc6428504e29c15293c31e535cab12a,da4155885ccf78bae07432482f0d60c1b81897866f5813b58017daf920d34271
1,20260810T024240Z_5e66669d177a_stage07_b01_formal_d091a7f9,formal,20260810T024240Z,5e66669d177af61a75bb35b4b5c102ab6988e92c,false,stage07_b01_radartools_five_dtype_v2,03a5a9e2f6cb3af6d8b402d33c46fde5838cae300fea1ab7f1d92294a3677211,operator,pulse_compression,Task1,Step2,pulse_compression,pulse_compression__pc_int16_10e4__cf3dd95c7197904b,pc_int16_10e4,10^4,16448,"echo=[64, 256]|waveform=[64]",INT16,GPU,fft_thrust,compatibility/end-to-end,PASS,OK,20,100,78,1.372673,true,cf3dd95c7197904bf57565a093cfebcecfc6428504e29c15293c31e535cab12a,da4155885ccf78bae07432482f0d60c1b81897866f5813b58017daf920d34271
1,20260810T024240Z_5e66669d177a_stage07_b01_formal_d091a7f9,formal,20260810T024240Z,5e66669d177af61a75bb35b4b5c102ab6988e92c,false,stage07_b01_radartools_five_dtype_v2,03a5a9e2f6cb3af6d8b402d33c46fde5838cae300fea1ab7f1d92294a3677211,operator,pulse_compression,Task1,Step2,pulse_compression,pulse_compression__pc_int16_10e4__cf3dd95c7197904b,pc_int16_10e4,10^4,16448,"echo=[64, 256]|waveform=[64]",INT16,GPU,fft_thrust,compatibility/end-to-end,PASS,OK,20,100,79,1.425363,true,cf3dd95c7197904bf57565a093cfebcecfc6428504e29c15293c31e535cab12a,da4155885ccf78bae07432482f0d60c1b81897866f5813b58017daf920d34271
1,20260810T024240Z_5e66669d177a_stage07_b01_formal_d091a7f9,formal,20260810T024240Z,5e66669d177af61a75bb35b4b5c102ab6988e92c,false,stage07_b01_radartools_five_dtype_v2,03a5a9e2f6cb3af6d8b402d33c46fde5838cae300fea1ab7f1d92294a3677211,operator,pulse_compression,Task1,Step2,pulse_compression,pulse_compression__pc_int16_10e4__cf3dd95c7197904b,pc_int16_10e4,10^4,16448,"echo=[64, 256]|waveform=[64]",INT16,GPU,fft_thrust,compatibility/end-to-end,PASS,OK,20,100,80,1.393314,true,cf3dd95c7197904bf57565a093cfebcecfc6428504e29c15293c31e535cab12a,da4155885ccf78bae07432482f0d60c1b81897866f5813b58017daf920d34271
1,20260810T024240Z_5e66669d177a_stage07_b01_formal_d091a7f9,formal,20260810T024240Z,5e66669d177af61a75bb35b4b5c102ab6988e92c,false,stage07_b01_radartools_five_dtype_v2,03a5a9e2f6cb3af6d8b402d33c46fde5838cae300fea1ab7f1d92294a3677211,operator,pulse_compression,Task1,Step2,pulse_compression,pulse_compression__pc_int16_10e4__cf3dd95c7197904b,pc_int16_10e4,10^4,16448,"echo=[64, 256]|waveform=[64]",INT16,GPU,fft_thrust,compatibility/end-to-end,PASS,OK,20,100,81,1.399103,true,cf3dd95c7197904bf57565a093cfebcecfc6428504e29c15293c31e535cab12a,da4155885ccf78bae07432482f0d60c1b81897866f5813b58017daf920d34271
1,20260810T024240Z_5e66669d177a_stage07_b01_formal_d091a7f9,formal,20260810T024240Z,5e66669d177af61a75bb35b4b5c102ab6988e92c,false,stage07_b01_radartools_five_dtype_v2,03a5a9e2f6cb3af6d8b402d33c46fde5838cae300fea1ab7f1d92294a3677211,operator,pulse_compression,Task1,Step2,pulse_compression,pulse_compression__pc_int16_10e4__cf3dd95c7197904b,pc_int16_10e4,10^4,16448,"echo=[64, 256]|waveform=[64]",INT16,GPU,fft_thrust,compatibility/end-to-end,PASS,OK,20,100,82,1.401843,true,cf3dd95c7197904bf57565a093cfebcecfc6428504e29c15293c31e535cab12a,da4155885ccf78bae07432482f0d60c1b81897866f5813b58017daf920d34271
1,20260810T024240Z_5e66669d177a_stage07_b01_formal_d091a7f9,formal,20260810T024240Z,5e66669d177af61a75bb35b4b5c102ab6988e92c,false,stage07_b01_radartools_five_dtype_v2,03a5a9e2f6cb3af6d8b402d33c46fde5838cae300fea1ab7f1d92294a3677211,operator,pulse_compression,Task1,Step2,pulse_compression,pulse_compression__pc_int16_10e4__cf3dd95c7197904b,pc_int16_10e4,10^4,16448,"echo=[64, 256]|waveform=[64]",INT16,GPU,fft_thrust,compatibility/end-to-end,PASS,OK,20,100,83,1.375633,true,cf3dd95c7197904bf57565a093cfebcecfc6428504e29c15293c31e535cab12a,da4155885ccf78bae07432482f0d60c1b81897866f5813b58017daf920d34271
1,20260810T024240Z_5e66669d177a_stage07_b01_formal_d091a7f9,formal,20260810T024240Z,5e66669d177af61a75bb35b4b5c102ab6988e92c,false,stage07_b01_radartools_five_dtype_v2,03a5a9e2f6cb3af6d8b402d33c46fde5838cae300fea1ab7f1d92294a3677211,operator,pulse_compression,Task1,Step2,pulse_compression,pulse_compression__pc_int16_10e4__cf3dd95c7197904b,pc_int16_10e4,10^4,16448,"echo=[64, 256]|waveform=[64]",INT16,GPU,fft_thrust,compatibility/end-to-end,PASS,OK,20,100,84,1.382723,true,cf3dd95c7197904bf57565a093cfebcecfc6428504e29c15293c31e535cab12a,da4155885ccf78bae07432482f0d60c1b81897866f5813b58017daf920d34271
1,20260810T024240Z_5e66669d177a_stage07_b01_formal_d091a7f9,formal,20260810T024240Z,5e66669d177af61a75bb35b4b5c102ab6988e92c,false,stage07_b01_radartools_five_dtype_v2,03a5a9e2f6cb3af6d8b402d33c46fde5838cae300fea1ab7f1d92294a3677211,operator,pulse_compression,Task1,Step2,pulse_compression,pulse_compression__pc_int16_10e4__cf3dd95c7197904b,pc_int16_10e4,10^4,16448,"echo=[64, 256]|waveform=[64]",INT16,GPU,fft_thrust,compatibility/end-to-end,PASS,OK,20,100,85,1.456933,true,cf3dd95c7197904bf57565a093cfebcecfc6428504e29c15293c31e535cab12a,da4155885ccf78bae07432482f0d60c1b81897866f5813b58017daf920d34271
1,20260810T024240Z_5e66669d177a_stage07_b01_formal_d091a7f9,formal,20260810T024240Z,5e66669d177af61a75bb35b4b5c102ab6988e92c,false,stage07_b01_radartools_five_dtype_v2,03a5a9e2f6cb3af6d8b402d33c46fde5838cae300fea1ab7f1d92294a3677211,operator,pulse_compression,Task1,Step2,pulse_compression,pulse_compression__pc_int16_10e4__cf3dd95c7197904b,pc_int16_10e4,10^4,16448,"echo=[64, 256]|waveform=[64]",INT16,GPU,fft_thrust,compatibility/end-to-end,PASS,OK,20,100,86,1.408194,true,cf3dd95c7197904bf57565a093cfebcecfc6428504e29c15293c31e535cab12a,da4155885ccf78bae07432482f0d60c1b81897866f5813b58017daf920d34271
1,20260810T024240Z_5e66669d177a_stage07_b01_formal_d091a7f9,formal,20260810T024240Z,5e66669d177af61a75bb35b4b5c102ab6988e92c,false,stage07_b01_radartools_five_dtype_v2,03a5a9e2f6cb3af6d8b402d33c46fde5838cae300fea1ab7f1d92294a3677211,operator,pulse_compression,Task1,Step2,pulse_compression,pulse_compression__pc_int16_10e4__cf3dd95c7197904b,pc_int16_10e4,10^4,16448,"echo=[64, 256]|waveform=[64]",INT16,GPU,fft_thrust,compatibility/end-to-end,PASS,OK,20,100,87,1.400433,true,cf3dd95c7197904bf57565a093cfebcecfc6428504e29c15293c31e535cab12a,da4155885ccf78bae07432482f0d60c1b81897866f5813b58017daf920d34271
1,20260810T024240Z_5e66669d177a_stage07_b01_formal_d091a7f9,formal,20260810T024240Z,5e66669d177af61a75bb35b4b5c102ab6988e92c,false,stage07_b01_radartools_five_dtype_v2,03a5a9e2f6cb3af6d8b402d33c46fde5838cae300fea1ab7f1d92294a3677211,operator,pulse_compression,Task1,Step2,pulse_compression,pulse_compression__pc_int16_10e4__cf3dd95c7197904b,pc_int16_10e4,10^4,16448,"echo=[64, 256]|waveform=[64]",INT16,GPU,fft_thrust,compatibility/end-to-end,PASS,OK,20,100,88,1.408414,true,cf3dd95c7197904bf57565a093cfebcecfc6428504e29c15293c31e535cab12a,da4155885ccf78bae07432482f0d60c1b81897866f5813b58017daf920d34271
1,20260810T024240Z_5e66669d177a_stage07_b01_formal_d091a7f9,formal,20260810T024240Z,5e66669d177af61a75bb35b4b5c102ab6988e92c,false,stage07_b01_radartools_five_dtype_v2,03a5a9e2f6cb3af6d8b402d33c46fde5838cae300fea1ab7f1d92294a3677211,operator,pulse_compression,Task1,Step2,pulse_compression,pulse_compression__pc_int16_10e4__cf3dd95c7197904b,pc_int16_10e4,10^4,16448,"echo=[64, 256]|waveform=[64]",INT16,GPU,fft_thrust,compatibility/end-to-end,PASS,OK,20,100,89,1.421763,true,cf3dd95c7197904bf57565a093cfebcecfc6428504e29c15293c31e535cab12a,da4155885ccf78bae07432482f0d60c1b81897866f5813b58017daf920d34271
1,20260810T024240Z_5e66669d177a_stage07_b01_formal_d091a7f9,formal,20260810T024240Z,5e66669d177af61a75bb35b4b5c102ab6988e92c,false,stage07_b01_radartools_five_dtype_v2,03a5a9e2f6cb3af6d8b402d33c46fde5838cae300fea1ab7f1d92294a3677211,operator,pulse_compression,Task1,Step2,pulse_compression,pulse_compression__pc_int16_10e4__cf3dd95c7197904b,pc_int16_10e4,10^4,16448,"echo=[64, 256]|waveform=[64]",INT16,GPU,fft_thrust,compatibility/end-to-end,PASS,OK,20,100,90,1.388723,true,cf3dd95c7197904bf57565a093cfebcecfc6428504e29c15293c31e535cab12a,da4155885ccf78bae07432482f0d60c1b81897866f5813b58017daf920d34271
1,20260810T024240Z_5e66669d177a_stage07_b01_formal_d091a7f9,formal,20260810T024240Z,5e66669d177af61a75bb35b4b5c102ab6988e92c,false,stage07_b01_radartools_five_dtype_v2,03a5a9e2f6cb3af6d8b402d33c46fde5838cae300fea1ab7f1d92294a3677211,operator,pulse_compression,Task1,Step2,pulse_compression,pulse_compression__pc_int16_10e4__cf3dd95c7197904b,pc_int16_10e4,10^4,16448,"echo=[64, 256]|waveform=[64]",INT16,GPU,fft_thrust,compatibility/end-to-end,PASS,OK,20,100,91,1.413613,true,cf3dd95c7197904bf57565a093cfebcecfc6428504e29c15293c31e535cab12a,da4155885ccf78bae07432482f0d60c1b81897866f5813b58017daf920d34271
1,20260810T024240Z_5e66669d177a_stage07_b01_formal_d091a7f9,formal,20260810T024240Z,5e66669d177af61a75bb35b4b5c102ab6988e92c,false,stage07_b01_radartools_five_dtype_v2,03a5a9e2f6cb3af6d8b402d33c46fde5838cae300fea1ab7f1d92294a3677211,operator,pulse_compression,Task1,Step2,pulse_compression,pulse_compression__pc_int16_10e4__cf3dd95c7197904b,pc_int16_10e4,10^4,16448,"echo=[64, 256]|waveform=[64]",INT16,GPU,fft_thrust,compatibility/end-to-end,PASS,OK,20,100,92,1.362693,true,cf3dd95c7197904bf57565a093cfebcecfc6428504e29c15293c31e535cab12a,da4155885ccf78bae07432482f0d60c1b81897866f5813b58017daf920d34271
1,20260810T024240Z_5e66669d177a_stage07_b01_formal_d091a7f9,formal,20260810T024240Z,5e66669d177af61a75bb35b4b5c102ab6988e92c,false,stage07_b01_radartools_five_dtype_v2,03a5a9e2f6cb3af6d8b402d33c46fde5838cae300fea1ab7f1d92294a3677211,operator,pulse_compression,Task1,Step2,pulse_compression,pulse_compression__pc_int16_10e4__cf3dd95c7197904b,pc_int16_10e4,10^4,16448,"echo=[64, 256]|waveform=[64]",INT16,GPU,fft_thrust,compatibility/end-to-end,PASS,OK,20,100,93,1.382213,true,cf3dd95c7197904bf57565a093cfebcecfc6428504e29c15293c31e535cab12a,da4155885ccf78bae07432482f0d60c1b81897866f5813b58017daf920d34271
1,20260810T024240Z_5e66669d177a_stage07_b01_formal_d091a7f9,formal,20260810T024240Z,5e66669d177af61a75bb35b4b5c102ab6988e92c,false,stage07_b01_radartools_five_dtype_v2,03a5a9e2f6cb3af6d8b402d33c46fde5838cae300fea1ab7f1d92294a3677211,operator,pulse_compression,Task1,Step2,pulse_compression,pulse_compression__pc_int16_10e4__cf3dd95c7197904b,pc_int16_10e4,10^4,16448,"echo=[64, 256]|waveform=[64]",INT16,GPU,fft_thrust,compatibility/end-to-end,PASS,OK,20,100,94,1.448924,true,cf3dd95c7197904bf57565a093cfebcecfc6428504e29c15293c31e535cab12a,da4155885ccf78bae07432482f0d60c1b81897866f5813b58017daf920d34271
1,20260810T024240Z_5e66669d177a_stage07_b01_formal_d091a7f9,formal,20260810T024240Z,5e66669d177af61a75bb35b4b5c102ab6988e92c,false,stage07_b01_radartools_five_dtype_v2,03a5a9e2f6cb3af6d8b402d33c46fde5838cae300fea1ab7f1d92294a3677211,operator,pulse_compression,Task1,Step2,pulse_compression,pulse_compression__pc_int16_10e4__cf3dd95c7197904b,pc_int16_10e4,10^4,16448,"echo=[64, 256]|waveform=[64]",INT16,GPU,fft_thrust,compatibility/end-to-end,PASS,OK,20,100,95,1.378693,true,cf3dd95c7197904bf57565a093cfebcecfc6428504e29c15293c31e535cab12a,da4155885ccf78bae07432482f0d60c1b81897866f5813b58017daf920d34271
1,20260810T024240Z_5e66669d177a_stage07_b01_formal_d091a7f9,formal,20260810T024240Z,5e66669d177af61a75bb35b4b5c102ab6988e92c,false,stage07_b01_radartools_five_dtype_v2,03a5a9e2f6cb3af6d8b402d33c46fde5838cae300fea1ab7f1d92294a3677211,operator,pulse_compression,Task1,Step2,pulse_compression,pulse_compression__pc_int16_10e4__cf3dd95c7197904b,pc_int16_10e4,10^4,16448,"echo=[64, 256]|waveform=[64]",INT16,GPU,fft_thrust,compatibility/end-to-end,PASS,OK,20,100,96,1.417353,true,cf3dd95c7197904bf57565a093cfebcecfc6428504e29c15293c31e535cab12a,da4155885ccf78bae07432482f0d60c1b81897866f5813b58017daf920d34271
1,20260810T024240Z_5e66669d177a_stage07_b01_formal_d091a7f9,formal,20260810T024240Z,5e66669d177af61a75bb35b4b5c102ab6988e92c,false,stage07_b01_radartools_five_dtype_v2,03a5a9e2f6cb3af6d8b402d33c46fde5838cae300fea1ab7f1d92294a3677211,operator,pulse_compression,Task1,Step2,pulse_compression,pulse_compression__pc_int16_10e4__cf3dd95c7197904b,pc_int16_10e4,10^4,16448,"echo=[64, 256]|waveform=[64]",INT16,GPU,fft_thrust,compatibility/end-to-end,PASS,OK,20,100,97,1.358203,true,cf3dd95c7197904bf57565a093cfebcecfc6428504e29c15293c31e535cab12a,da4155885ccf78bae07432482f0d60c1b81897866f5813b58017daf920d34271
1,20260810T024240Z_5e66669d177a_stage07_b01_formal_d091a7f9,formal,20260810T024240Z,5e66669d177af61a75bb35b4b5c102ab6988e92c,false,stage07_b01_radartools_five_dtype_v2,03a5a9e2f6cb3af6d8b402d33c46fde5838cae300fea1ab7f1d92294a3677211,operator,pulse_compression,Task1,Step2,pulse_compression,pulse_compression__pc_int16_10e4__cf3dd95c7197904b,pc_int16_10e4,10^4,16448,"echo=[64, 256]|waveform=[64]",INT16,GPU,fft_thrust,compatibility/end-to-end,PASS,OK,20,100,98,1.359862,true,cf3dd95c7197904bf57565a093cfebcecfc6428504e29c15293c31e535cab12a,da4155885ccf78bae07432482f0d60c1b81897866f5813b58017daf920d34271
1,20260810T024240Z_5e66669d177a_stage07_b01_formal_d091a7f9,formal,20260810T024240Z,5e66669d177af61a75bb35b4b5c102ab6988e92c,false,stage07_b01_radartools_five_dtype_v2,03a5a9e2f6cb3af6d8b402d33c46fde5838cae300fea1ab7f1d92294a3677211,operator,pulse_compression,Task1,Step2,pulse_compression,pulse_compression__pc_int16_10e4__cf3dd95c7197904b,pc_int16_10e4,10^4,16448,"echo=[64, 256]|waveform=[64]",INT16,GPU,fft_thrust,compatibility/end-to-end,PASS,OK,20,100,99,1.363353,true,cf3dd95c7197904bf57565a093cfebcecfc6428504e29c15293c31e535cab12a,da4155885ccf78bae07432482f0d60c1b81897866f5813b58017daf920d34271
