schema_version,run_id,run_type,test_time_utc,git_commit,git_dirty,config_id,config_sha256,target_kind,target,task_name,step_name,operator_name,case_id,scale_id,order_of_magnitude,actual_elements,input_shape,dtype,device,backend,timing_scope,status,error_code,warmup_runs,measured_runs,sample_index,latency_ms,synchronized,input_digest,output_digest
1,20260810T082117Z_8b745f9a6864_stage08_b01_formal_a102001a,formal,20260810T082117Z,8b745f9a68645ce41c47aa18fcde8b4868ef84eb,true,stage08_b01_general_cosine_scales_v1,98e7d3d2716deaf919d8883f5caa73c3f61a1ce37bffff86a62a6be43aa66f64,operator,general_cosine,NA,NA,general_cosine,general_cosine__general_cosine_int8_10e2__5b9425eb38e20845__periodic,general_cosine_int8_10e2,10^2,103,window_positions=[100];coefficients=[3],INT8,CPU,not_applicable,compatibility/end-to-end,PASS,OK,20,100,0,0.0090200000000000002,true,5b9425eb38e208454273db148ba0d644406dce06b3b60cb7c356c770f691e60a,2e76b39a2bd93d18a568143a54f6910753a5062764d52a6c619a146c058c7884
1,20260810T082117Z_8b745f9a6864_stage08_b01_formal_a102001a,formal,20260810T082117Z,8b745f9a68645ce41c47aa18fcde8b4868ef84eb,true,stage08_b01_general_cosine_scales_v1,98e7d3d2716deaf919d8883f5caa73c3f61a1ce37bffff86a62a6be43aa66f64,operator,general_cosine,NA,NA,general_cosine,general_cosine__general_cosine_int8_10e2__5b9425eb38e20845__periodic,general_cosine_int8_10e2,10^2,103,window_positions=[100];coefficients=[3],INT8,CPU,not_applicable,compatibility/end-to-end,PASS,OK,20,100,1,0.0087299999999999999,true,5b9425eb38e208454273db148ba0d644406dce06b3b60cb7c356c770f691e60a,2e76b39a2bd93d18a568143a54f6910753a5062764d52a6c619a146c058c7884
1,20260810T082117Z_8b745f9a6864_stage08_b01_formal_a102001a,formal,20260810T082117Z,8b745f9a68645ce41c47aa18fcde8b4868ef84eb,true,stage08_b01_general_cosine_scales_v1,98e7d3d2716deaf919d8883f5caa73c3f61a1ce37bffff86a62a6be43aa66f64,operator,general_cosine,NA,NA,general_cosine,general_cosine__general_cosine_int8_10e2__5b9425eb38e20845__periodic,general_cosine_int8_10e2,10^2,103,window_positions=[100];coefficients=[3],INT8,CPU,not_applicable,compatibility/end-to-end,PASS,OK,20,100,2,0.0085800000000000008,true,5b9425eb38e208454273db148ba0d644406dce06b3b60cb7c356c770f691e60a,2e76b39a2bd93d18a568143a54f6910753a5062764d52a6c619a146c058c7884
1,20260810T082117Z_8b745f9a6864_stage08_b01_formal_a102001a,formal,20260810T082117Z,8b745f9a68645ce41c47aa18fcde8b4868ef84eb,true,stage08_b01_general_cosine_scales_v1,98e7d3d2716deaf919d8883f5caa73c3f61a1ce37bffff86a62a6be43aa66f64,operator,general_cosine,NA,NA,general_cosine,general_cosine__general_cosine_int8_10e2__5b9425eb38e20845__periodic,general_cosine_int8_10e2,10^2,103,window_positions=[100];coefficients=[3],INT8,CPU,not_applicable,compatibility/end-to-end,PASS,OK,20,100,3,0.0085699999999999995,true,5b9425eb38e208454273db148ba0d644406dce06b3b60cb7c356c770f691e60a,2e76b39a2bd93d18a568143a54f6910753a5062764d52a6c619a146c058c7884
1,20260810T082117Z_8b745f9a6864_stage08_b01_formal_a102001a,formal,20260810T082117Z,8b745f9a68645ce41c47aa18fcde8b4868ef84eb,true,stage08_b01_general_cosine_scales_v1,98e7d3d2716deaf919d8883f5caa73c3f61a1ce37bffff86a62a6be43aa66f64,operator,general_cosine,NA,NA,general_cosine,general_cosine__general_cosine_int8_10e2__5b9425eb38e20845__periodic,general_cosine_int8_10e2,10^2,103,window_positions=[100];coefficients=[3],INT8,CPU,not_applicable,compatibility/end-to-end,PASS,OK,20,100,4,0.0085299999999999994,true,5b9425eb38e208454273db148ba0d644406dce06b3b60cb7c356c770f691e60a,2e76b39a2bd93d18a568143a54f6910753a5062764d52a6c619a146c058c7884
1,20260810T082117Z_8b745f9a6864_stage08_b01_formal_a102001a,formal,20260810T082117Z,8b745f9a68645ce41c47aa18fcde8b4868ef84eb,true,stage08_b01_general_cosine_scales_v1,98e7d3d2716deaf919d8883f5caa73c3f61a1ce37bffff86a62a6be43aa66f64,operator,general_cosine,NA,NA,general_cosine,general_cosine__general_cosine_int8_10e2__5b9425eb38e20845__periodic,general_cosine_int8_10e2,10^2,103,window_positions=[100];coefficients=[3],INT8,CPU,not_applicable,compatibility/end-to-end,PASS,OK,20,100,5,0.0085599999999999999,true,5b9425eb38e208454273db148ba0d644406dce06b3b60cb7c356c770f691e60a,2e76b39a2bd93d18a568143a54f6910753a5062764d52a6c619a146c058c7884
1,20260810T082117Z_8b745f9a6864_stage08_b01_formal_a102001a,formal,20260810T082117Z,8b745f9a68645ce41c47aa18fcde8b4868ef84eb,true,stage08_b01_general_cosine_scales_v1,98e7d3d2716deaf919d8883f5caa73c3f61a1ce37bffff86a62a6be43aa66f64,operator,general_cosine,NA,NA,general_cosine,general_cosine__general_cosine_int8_10e2__5b9425eb38e20845__periodic,general_cosine_int8_10e2,10^2,103,window_positions=[100];coefficients=[3],INT8,CPU,not_applicable,compatibility/end-to-end,PASS,OK,20,100,6,0.0085900000000000004,true,5b9425eb38e208454273db148ba0d644406dce06b3b60cb7c356c770f691e60a,2e76b39a2bd93d18a568143a54f6910753a5062764d52a6c619a146c058c7884
1,20260810T082117Z_8b745f9a6864_stage08_b01_formal_a102001a,formal,20260810T082117Z,8b745f9a68645ce41c47aa18fcde8b4868ef84eb,true,stage08_b01_general_cosine_scales_v1,98e7d3d2716deaf919d8883f5caa73c3f61a1ce37bffff86a62a6be43aa66f64,operator,general_cosine,NA,NA,general_cosine,general_cosine__general_cosine_int8_10e2__5b9425eb38e20845__periodic,general_cosine_int8_10e2,10^2,103,window_positions=[100];coefficients=[3],INT8,CPU,not_applicable,compatibility/end-to-end,PASS,OK,20,100,7,0.0085400000000000007,true,5b9425eb38e208454273db148ba0d644406dce06b3b60cb7c356c770f691e60a,2e76b39a2bd93d18a568143a54f6910753a5062764d52a6c619a146c058c7884
1,20260810T082117Z_8b745f9a6864_stage08_b01_formal_a102001a,formal,20260810T082117Z,8b745f9a68645ce41c47aa18fcde8b4868ef84eb,true,stage08_b01_general_cosine_scales_v1,98e7d3d2716deaf919d8883f5caa73c3f61a1ce37bffff86a62a6be43aa66f64,operator,general_cosine,NA,NA,general_cosine,general_cosine__general_cosine_int8_10e2__5b9425eb38e20845__periodic,general_cosine_int8_10e2,10^2,103,window_positions=[100];coefficients=[3],INT8,CPU,not_applicable,compatibility/end-to-end,PASS,OK,20,100,8,0.0085699999999999995,true,5b9425eb38e208454273db148ba0d644406dce06b3b60cb7c356c770f691e60a,2e76b39a2bd93d18a568143a54f6910753a5062764d52a6c619a146c058c7884
1,20260810T082117Z_8b745f9a6864_stage08_b01_formal_a102001a,formal,20260810T082117Z,8b745f9a68645ce41c47aa18fcde8b4868ef84eb,true,stage08_b01_general_cosine_scales_v1,98e7d3d2716deaf919d8883f5caa73c3f61a1ce37bffff86a62a6be43aa66f64,operator,general_cosine,NA,NA,general_cosine,general_cosine__general_cosine_int8_10e2__5b9425eb38e20845__periodic,general_cosine_int8_10e2,10^2,103,window_positions=[100];coefficients=[3],INT8,CPU,not_applicable,compatibility/end-to-end,PASS,OK,20,100,9,0.0085900000000000004,true,5b9425eb38e208454273db148ba0d644406dce06b3b60cb7c356c770f691e60a,2e76b39a2bd93d18a568143a54f6910753a5062764d52a6c619a146c058c7884
1,20260810T082117Z_8b745f9a6864_stage08_b01_formal_a102001a,formal,20260810T082117Z,8b745f9a68645ce41c47aa18fcde8b4868ef84eb,true,stage08_b01_general_cosine_scales_v1,98e7d3d2716deaf919d8883f5caa73c3f61a1ce37bffff86a62a6be43aa66f64,operator,general_cosine,NA,NA,general_cosine,general_cosine__general_cosine_int8_10e2__5b9425eb38e20845__periodic,general_cosine_int8_10e2,10^2,103,window_positions=[100];coefficients=[3],INT8,CPU,not_applicable,compatibility/end-to-end,PASS,OK,20,100,10,0.0086199999999999992,true,5b9425eb38e208454273db148ba0d644406dce06b3b60cb7c356c770f691e60a,2e76b39a2bd93d18a568143a54f6910753a5062764d52a6c619a146c058c7884
1,20260810T082117Z_8b745f9a6864_stage08_b01_formal_a102001a,formal,20260810T082117Z,8b745f9a68645ce41c47aa18fcde8b4868ef84eb,true,stage08_b01_general_cosine_scales_v1,98e7d3d2716deaf919d8883f5caa73c3f61a1ce37bffff86a62a6be43aa66f64,operator,general_cosine,NA,NA,general_cosine,general_cosine__general_cosine_int8_10e2__5b9425eb38e20845__periodic,general_cosine_int8_10e2,10^2,103,window_positions=[100];coefficients=[3],INT8,CPU,not_applicable,compatibility/end-to-end,PASS,OK,20,100,11,0.0085599999999999999,true,5b9425eb38e208454273db148ba0d644406dce06b3b60cb7c356c770f691e60a,2e76b39a2bd93d18a568143a54f6910753a5062764d52a6c619a146c058c7884
1,20260810T082117Z_8b745f9a6864_stage08_b01_formal_a102001a,formal,20260810T082117Z,8b745f9a68645ce41c47aa18fcde8b4868ef84eb,true,stage08_b01_general_cosine_scales_v1,98e7d3d2716deaf919d8883f5caa73c3f61a1ce37bffff86a62a6be43aa66f64,operator,general_cosine,NA,NA,general_cosine,general_cosine__general_cosine_int8_10e2__5b9425eb38e20845__periodic,general_cosine_int8_10e2,10^2,103,window_positions=[100];coefficients=[3],INT8,CPU,not_applicable,compatibility/end-to-end,PASS,OK,20,100,12,0.0085500000000000003,true,5b9425eb38e208454273db148ba0d644406dce06b3b60cb7c356c770f691e60a,2e76b39a2bd93d18a568143a54f6910753a5062764d52a6c619a146c058c7884
1,20260810T082117Z_8b745f9a6864_stage08_b01_formal_a102001a,formal,20260810T082117Z,8b745f9a68645ce41c47aa18fcde8b4868ef84eb,true,stage08_b01_general_cosine_scales_v1,98e7d3d2716deaf919d8883f5caa73c3f61a1ce37bffff86a62a6be43aa66f64,operator,general_cosine,NA,NA,general_cosine,general_cosine__general_cosine_int8_10e2__5b9425eb38e20845__periodic,general_cosine_int8_10e2,10^2,103,window_positions=[100];coefficients=[3],INT8,CPU,not_applicable,compatibility/end-to-end,PASS,OK,20,100,13,0.0085199999999999998,true,5b9425eb38e208454273db148ba0d644406dce06b3b60cb7c356c770f691e60a,2e76b39a2bd93d18a568143a54f6910753a5062764d52a6c619a146c058c7884
1,20260810T082117Z_8b745f9a6864_stage08_b01_formal_a102001a,formal,20260810T082117Z,8b745f9a68645ce41c47aa18fcde8b4868ef84eb,true,stage08_b01_general_cosine_scales_v1,98e7d3d2716deaf919d8883f5caa73c3f61a1ce37bffff86a62a6be43aa66f64,operator,general_cosine,NA,NA,general_cosine,general_cosine__general_cosine_int8_10e2__5b9425eb38e20845__periodic,general_cosine_int8_10e2,10^2,103,window_positions=[100];coefficients=[3],INT8,CPU,not_applicable,compatibility/end-to-end,PASS,OK,20,100,14,0.0085400000000000007,true,5b9425eb38e208454273db148ba0d644406dce06b3b60cb7c356c770f691e60a,2e76b39a2bd93d18a568143a54f6910753a5062764d52a6c619a146c058c7884
1,20260810T082117Z_8b745f9a6864_stage08_b01_formal_a102001a,formal,20260810T082117Z,8b745f9a68645ce41c47aa18fcde8b4868ef84eb,true,stage08_b01_general_cosine_scales_v1,98e7d3d2716deaf919d8883f5caa73c3f61a1ce37bffff86a62a6be43aa66f64,operator,general_cosine,NA,NA,general_cosine,general_cosine__general_cosine_int8_10e2__5b9425eb38e20845__periodic,general_cosine_int8_10e2,10^2,103,window_positions=[100];coefficients=[3],INT8,CPU,not_applicable,compatibility/end-to-end,PASS,OK,20,100,15,0.0085400000000000007,true,5b9425eb38e208454273db148ba0d644406dce06b3b60cb7c356c770f691e60a,2e76b39a2bd93d18a568143a54f6910753a5062764d52a6c619a146c058c7884
1,20260810T082117Z_8b745f9a6864_stage08_b01_formal_a102001a,formal,20260810T082117Z,8b745f9a68645ce41c47aa18fcde8b4868ef84eb,true,stage08_b01_general_cosine_scales_v1,98e7d3d2716deaf919d8883f5caa73c3f61a1ce37bffff86a62a6be43aa66f64,operator,general_cosine,NA,NA,general_cosine,general_cosine__general_cosine_int8_10e2__5b9425eb38e20845__periodic,general_cosine_int8_10e2,10^2,103,window_positions=[100];coefficients=[3],INT8,CPU,not_applicable,compatibility/end-to-end,PASS,OK,20,100,16,0.0085500000000000003,true,5b9425eb38e208454273db148ba0d644406dce06b3b60cb7c356c770f691e60a,2e76b39a2bd93d18a568143a54f6910753a5062764d52a6c619a146c058c7884
1,20260810T082117Z_8b745f9a6864_stage08_b01_formal_a102001a,formal,20260810T082117Z,8b745f9a68645ce41c47aa18fcde8b4868ef84eb,true,stage08_b01_general_cosine_scales_v1,98e7d3d2716deaf919d8883f5caa73c3f61a1ce37bffff86a62a6be43aa66f64,operator,general_cosine,NA,NA,general_cosine,general_cosine__general_cosine_int8_10e2__5b9425eb38e20845__periodic,general_cosine_int8_10e2,10^2,103,window_positions=[100];coefficients=[3],INT8,CPU,not_applicable,compatibility/end-to-end,PASS,OK,20,100,17,0.0086599999999999993,true,5b9425eb38e208454273db148ba0d644406dce06b3b60cb7c356c770f691e60a,2e76b39a2bd93d18a568143a54f6910753a5062764d52a6c619a146c058c7884
1,20260810T082117Z_8b745f9a6864_stage08_b01_formal_a102001a,formal,20260810T082117Z,8b745f9a68645ce41c47aa18fcde8b4868ef84eb,true,stage08_b01_general_cosine_scales_v1,98e7d3d2716deaf919d8883f5caa73c3f61a1ce37bffff86a62a6be43aa66f64,operator,general_cosine,NA,NA,general_cosine,general_cosine__general_cosine_int8_10e2__5b9425eb38e20845__periodic,general_cosine_int8_10e2,10^2,103,window_positions=[100];coefficients=[3],INT8,CPU,not_applicable,compatibility/end-to-end,PASS,OK,20,100,18,0.0086499999999999997,true,5b9425eb38e208454273db148ba0d644406dce06b3b60cb7c356c770f691e60a,2e76b39a2bd93d18a568143a54f6910753a5062764d52a6c619a146c058c7884
1,20260810T082117Z_8b745f9a6864_stage08_b01_formal_a102001a,formal,20260810T082117Z,8b745f9a68645ce41c47aa18fcde8b4868ef84eb,true,stage08_b01_general_cosine_scales_v1,98e7d3d2716deaf919d8883f5caa73c3f61a1ce37bffff86a62a6be43aa66f64,operator,general_cosine,NA,NA,general_cosine,general_cosine__general_cosine_int8_10e2__5b9425eb38e20845__periodic,general_cosine_int8_10e2,10^2,103,window_positions=[100];coefficients=[3],INT8,CPU,not_applicable,compatibility/end-to-end,PASS,OK,20,100,19,0.0086400000000000001,true,5b9425eb38e208454273db148ba0d644406dce06b3b60cb7c356c770f691e60a,2e76b39a2bd93d18a568143a54f6910753a5062764d52a6c619a146c058c7884
1,20260810T082117Z_8b745f9a6864_stage08_b01_formal_a102001a,formal,20260810T082117Z,8b745f9a68645ce41c47aa18fcde8b4868ef84eb,true,stage08_b01_general_cosine_scales_v1,98e7d3d2716deaf919d8883f5caa73c3f61a1ce37bffff86a62a6be43aa66f64,operator,general_cosine,NA,NA,general_cosine,general_cosine__general_cosine_int8_10e2__5b9425eb38e20845__periodic,general_cosine_int8_10e2,10^2,103,window_positions=[100];coefficients=[3],INT8,CPU,not_applicable,compatibility/end-to-end,PASS,OK,20,100,20,0.0085299999999999994,true,5b9425eb38e208454273db148ba0d644406dce06b3b60cb7c356c770f691e60a,2e76b39a2bd93d18a568143a54f6910753a5062764d52a6c619a146c058c7884
1,20260810T082117Z_8b745f9a6864_stage08_b01_formal_a102001a,formal,20260810T082117Z,8b745f9a68645ce41c47aa18fcde8b4868ef84eb,true,stage08_b01_general_cosine_scales_v1,98e7d3d2716deaf919d8883f5caa73c3f61a1ce37bffff86a62a6be43aa66f64,operator,general_cosine,NA,NA,general_cosine,general_cosine__general_cosine_int8_10e2__5b9425eb38e20845__periodic,general_cosine_int8_10e2,10^2,103,window_positions=[100];coefficients=[3],INT8,CPU,not_applicable,compatibility/end-to-end,PASS,OK,20,100,21,0.0085400000000000007,true,5b9425eb38e208454273db148ba0d644406dce06b3b60cb7c356c770f691e60a,2e76b39a2bd93d18a568143a54f6910753a5062764d52a6c619a146c058c7884
1,20260810T082117Z_8b745f9a6864_stage08_b01_formal_a102001a,formal,20260810T082117Z,8b745f9a68645ce41c47aa18fcde8b4868ef84eb,true,stage08_b01_general_cosine_scales_v1,98e7d3d2716deaf919d8883f5caa73c3f61a1ce37bffff86a62a6be43aa66f64,operator,general_cosine,NA,NA,general_cosine,general_cosine__general_cosine_int8_10e2__5b9425eb38e20845__periodic,general_cosine_int8_10e2,10^2,103,window_positions=[100];coefficients=[3],INT8,CPU,not_applicable,compatibility/end-to-end,PASS,OK,20,100,22,0.0086009999999999993,true,5b9425eb38e208454273db148ba0d644406dce06b3b60cb7c356c770f691e60a,2e76b39a2bd93d18a568143a54f6910753a5062764d52a6c619a146c058c7884
1,20260810T082117Z_8b745f9a6864_stage08_b01_formal_a102001a,formal,20260810T082117Z,8b745f9a68645ce41c47aa18fcde8b4868ef84eb,true,stage08_b01_general_cosine_scales_v1,98e7d3d2716deaf919d8883f5caa73c3f61a1ce37bffff86a62a6be43aa66f64,operator,general_cosine,NA,NA,general_cosine,general_cosine__general_cosine_int8_10e2__5b9425eb38e20845__periodic,general_cosine_int8_10e2,10^2,103,window_positions=[100];coefficients=[3],INT8,CPU,not_applicable,compatibility/end-to-end,PASS,OK,20,100,23,0.0085900000000000004,true,5b9425eb38e208454273db148ba0d644406dce06b3b60cb7c356c770f691e60a,2e76b39a2bd93d18a568143a54f6910753a5062764d52a6c619a146c058c7884
1,20260810T082117Z_8b745f9a6864_stage08_b01_formal_a102001a,formal,20260810T082117Z,8b745f9a68645ce41c47aa18fcde8b4868ef84eb,true,stage08_b01_general_cosine_scales_v1,98e7d3d2716deaf919d8883f5caa73c3f61a1ce37bffff86a62a6be43aa66f64,operator,general_cosine,NA,NA,general_cosine,general_cosine__general_cosine_int8_10e2__5b9425eb38e20845__periodic,general_cosine_int8_10e2,10^2,103,window_positions=[100];coefficients=[3],INT8,CPU,not_applicable,compatibility/end-to-end,PASS,OK,20,100,24,0.0086400000000000001,true,5b9425eb38e208454273db148ba0d644406dce06b3b60cb7c356c770f691e60a,2e76b39a2bd93d18a568143a54f6910753a5062764d52a6c619a146c058c7884
1,20260810T082117Z_8b745f9a6864_stage08_b01_formal_a102001a,formal,20260810T082117Z,8b745f9a68645ce41c47aa18fcde8b4868ef84eb,true,stage08_b01_general_cosine_scales_v1,98e7d3d2716deaf919d8883f5caa73c3f61a1ce37bffff86a62a6be43aa66f64,operator,general_cosine,NA,NA,general_cosine,general_cosine__general_cosine_int8_10e2__5b9425eb38e20845__periodic,general_cosine_int8_10e2,10^2,103,window_positions=[100];coefficients=[3],INT8,CPU,not_applicable,compatibility/end-to-end,PASS,OK,20,100,25,0.0085900000000000004,true,5b9425eb38e208454273db148ba0d644406dce06b3b60cb7c356c770f691e60a,2e76b39a2bd93d18a568143a54f6910753a5062764d52a6c619a146c058c7884
1,20260810T082117Z_8b745f9a6864_stage08_b01_formal_a102001a,formal,20260810T082117Z,8b745f9a68645ce41c47aa18fcde8b4868ef84eb,true,stage08_b01_general_cosine_scales_v1,98e7d3d2716deaf919d8883f5caa73c3f61a1ce37bffff86a62a6be43aa66f64,operator,general_cosine,NA,NA,general_cosine,general_cosine__general_cosine_int8_10e2__5b9425eb38e20845__periodic,general_cosine_int8_10e2,10^2,103,window_positions=[100];coefficients=[3],INT8,CPU,not_applicable,compatibility/end-to-end,PASS,OK,20,100,26,0.0085800000000000008,true,5b9425eb38e208454273db148ba0d644406dce06b3b60cb7c356c770f691e60a,2e76b39a2bd93d18a568143a54f6910753a5062764d52a6c619a146c058c7884
1,20260810T082117Z_8b745f9a6864_stage08_b01_formal_a102001a,formal,20260810T082117Z,8b745f9a68645ce41c47aa18fcde8b4868ef84eb,true,stage08_b01_general_cosine_scales_v1,98e7d3d2716deaf919d8883f5caa73c3f61a1ce37bffff86a62a6be43aa66f64,operator,general_cosine,NA,NA,general_cosine,general_cosine__general_cosine_int8_10e2__5b9425eb38e20845__periodic,general_cosine_int8_10e2,10^2,103,window_positions=[100];coefficients=[3],INT8,CPU,not_applicable,compatibility/end-to-end,PASS,OK,20,100,27,0.0085400000000000007,true,5b9425eb38e208454273db148ba0d644406dce06b3b60cb7c356c770f691e60a,2e76b39a2bd93d18a568143a54f6910753a5062764d52a6c619a146c058c7884
1,20260810T082117Z_8b745f9a6864_stage08_b01_formal_a102001a,formal,20260810T082117Z,8b745f9a68645ce41c47aa18fcde8b4868ef84eb,true,stage08_b01_general_cosine_scales_v1,98e7d3d2716deaf919d8883f5caa73c3f61a1ce37bffff86a62a6be43aa66f64,operator,general_cosine,NA,NA,general_cosine,general_cosine__general_cosine_int8_10e2__5b9425eb38e20845__periodic,general_cosine_int8_10e2,10^2,103,window_positions=[100];coefficients=[3],INT8,CPU,not_applicable,compatibility/end-to-end,PASS,OK,20,100,28,0.0085699999999999995,true,5b9425eb38e208454273db148ba0d644406dce06b3b60cb7c356c770f691e60a,2e76b39a2bd93d18a568143a54f6910753a5062764d52a6c619a146c058c7884
1,20260810T082117Z_8b745f9a6864_stage08_b01_formal_a102001a,formal,20260810T082117Z,8b745f9a68645ce41c47aa18fcde8b4868ef84eb,true,stage08_b01_general_cosine_scales_v1,98e7d3d2716deaf919d8883f5caa73c3f61a1ce37bffff86a62a6be43aa66f64,operator,general_cosine,NA,NA,general_cosine,general_cosine__general_cosine_int8_10e2__5b9425eb38e20845__periodic,general_cosine_int8_10e2,10^2,103,window_positions=[100];coefficients=[3],INT8,CPU,not_applicable,compatibility/end-to-end,PASS,OK,20,100,29,0.0086700000000000006,true,5b9425eb38e208454273db148ba0d644406dce06b3b60cb7c356c770f691e60a,2e76b39a2bd93d18a568143a54f6910753a5062764d52a6c619a146c058c7884
1,20260810T082117Z_8b745f9a6864_stage08_b01_formal_a102001a,formal,20260810T082117Z,8b745f9a68645ce41c47aa18fcde8b4868ef84eb,true,stage08_b01_general_cosine_scales_v1,98e7d3d2716deaf919d8883f5caa73c3f61a1ce37bffff86a62a6be43aa66f64,operator,general_cosine,NA,NA,general_cosine,general_cosine__general_cosine_int8_10e2__5b9425eb38e20845__periodic,general_cosine_int8_10e2,10^2,103,window_positions=[100];coefficients=[3],INT8,CPU,not_applicable,compatibility/end-to-end,PASS,OK,20,100,30,0.0086,true,5b9425eb38e208454273db148ba0d644406dce06b3b60cb7c356c770f691e60a,2e76b39a2bd93d18a568143a54f6910753a5062764d52a6c619a146c058c7884
1,20260810T082117Z_8b745f9a6864_stage08_b01_formal_a102001a,formal,20260810T082117Z,8b745f9a68645ce41c47aa18fcde8b4868ef84eb,true,stage08_b01_general_cosine_scales_v1,98e7d3d2716deaf919d8883f5caa73c3f61a1ce37bffff86a62a6be43aa66f64,operator,general_cosine,NA,NA,general_cosine,general_cosine__general_cosine_int8_10e2__5b9425eb38e20845__periodic,general_cosine_int8_10e2,10^2,103,window_positions=[100];coefficients=[3],INT8,CPU,not_applicable,compatibility/end-to-end,PASS,OK,20,100,31,0.0085500000000000003,true,5b9425eb38e208454273db148ba0d644406dce06b3b60cb7c356c770f691e60a,2e76b39a2bd93d18a568143a54f6910753a5062764d52a6c619a146c058c7884
1,20260810T082117Z_8b745f9a6864_stage08_b01_formal_a102001a,formal,20260810T082117Z,8b745f9a68645ce41c47aa18fcde8b4868ef84eb,true,stage08_b01_general_cosine_scales_v1,98e7d3d2716deaf919d8883f5caa73c3f61a1ce37bffff86a62a6be43aa66f64,operator,general_cosine,NA,NA,general_cosine,general_cosine__general_cosine_int8_10e2__5b9425eb38e20845__periodic,general_cosine_int8_10e2,10^2,103,window_positions=[100];coefficients=[3],INT8,CPU,not_applicable,compatibility/end-to-end,PASS,OK,20,100,32,0.0085800000000000008,true,5b9425eb38e208454273db148ba0d644406dce06b3b60cb7c356c770f691e60a,2e76b39a2bd93d18a568143a54f6910753a5062764d52a6c619a146c058c7884
1,20260810T082117Z_8b745f9a6864_stage08_b01_formal_a102001a,formal,20260810T082117Z,8b745f9a68645ce41c47aa18fcde8b4868ef84eb,true,stage08_b01_general_cosine_scales_v1,98e7d3d2716deaf919d8883f5caa73c3f61a1ce37bffff86a62a6be43aa66f64,operator,general_cosine,NA,NA,general_cosine,general_cosine__general_cosine_int8_10e2__5b9425eb38e20845__periodic,general_cosine_int8_10e2,10^2,103,window_positions=[100];coefficients=[3],INT8,CPU,not_applicable,compatibility/end-to-end,PASS,OK,20,100,33,0.0085599999999999999,true,5b9425eb38e208454273db148ba0d644406dce06b3b60cb7c356c770f691e60a,2e76b39a2bd93d18a568143a54f6910753a5062764d52a6c619a146c058c7884
1,20260810T082117Z_8b745f9a6864_stage08_b01_formal_a102001a,formal,20260810T082117Z,8b745f9a68645ce41c47aa18fcde8b4868ef84eb,true,stage08_b01_general_cosine_scales_v1,98e7d3d2716deaf919d8883f5caa73c3f61a1ce37bffff86a62a6be43aa66f64,operator,general_cosine,NA,NA,general_cosine,general_cosine__general_cosine_int8_10e2__5b9425eb38e20845__periodic,general_cosine_int8_10e2,10^2,103,window_positions=[100];coefficients=[3],INT8,CPU,not_applicable,compatibility/end-to-end,PASS,OK,20,100,34,0.0085599999999999999,true,5b9425eb38e208454273db148ba0d644406dce06b3b60cb7c356c770f691e60a,2e76b39a2bd93d18a568143a54f6910753a5062764d52a6c619a146c058c7884
1,20260810T082117Z_8b745f9a6864_stage08_b01_formal_a102001a,formal,20260810T082117Z,8b745f9a68645ce41c47aa18fcde8b4868ef84eb,true,stage08_b01_general_cosine_scales_v1,98e7d3d2716deaf919d8883f5caa73c3f61a1ce37bffff86a62a6be43aa66f64,operator,general_cosine,NA,NA,general_cosine,general_cosine__general_cosine_int8_10e2__5b9425eb38e20845__periodic,general_cosine_int8_10e2,10^2,103,window_positions=[100];coefficients=[3],INT8,CPU,not_applicable,compatibility/end-to-end,PASS,OK,20,100,35,0.0085299999999999994,true,5b9425eb38e208454273db148ba0d644406dce06b3b60cb7c356c770f691e60a,2e76b39a2bd93d18a568143a54f6910753a5062764d52a6c619a146c058c7884
1,20260810T082117Z_8b745f9a6864_stage08_b01_formal_a102001a,formal,20260810T082117Z,8b745f9a68645ce41c47aa18fcde8b4868ef84eb,true,stage08_b01_general_cosine_scales_v1,98e7d3d2716deaf919d8883f5caa73c3f61a1ce37bffff86a62a6be43aa66f64,operator,general_cosine,NA,NA,general_cosine,general_cosine__general_cosine_int8_10e2__5b9425eb38e20845__periodic,general_cosine_int8_10e2,10^2,103,window_positions=[100];coefficients=[3],INT8,CPU,not_applicable,compatibility/end-to-end,PASS,OK,20,100,36,0.0085900000000000004,true,5b9425eb38e208454273db148ba0d644406dce06b3b60cb7c356c770f691e60a,2e76b39a2bd93d18a568143a54f6910753a5062764d52a6c619a146c058c7884
1,20260810T082117Z_8b745f9a6864_stage08_b01_formal_a102001a,formal,20260810T082117Z,8b745f9a68645ce41c47aa18fcde8b4868ef84eb,true,stage08_b01_general_cosine_scales_v1,98e7d3d2716deaf919d8883f5caa73c3f61a1ce37bffff86a62a6be43aa66f64,operator,general_cosine,NA,NA,general_cosine,general_cosine__general_cosine_int8_10e2__5b9425eb38e20845__periodic,general_cosine_int8_10e2,10^2,103,window_positions=[100];coefficients=[3],INT8,CPU,not_applicable,compatibility/end-to-end,PASS,OK,20,100,37,0.0086400000000000001,true,5b9425eb38e208454273db148ba0d644406dce06b3b60cb7c356c770f691e60a,2e76b39a2bd93d18a568143a54f6910753a5062764d52a6c619a146c058c7884
1,20260810T082117Z_8b745f9a6864_stage08_b01_formal_a102001a,formal,20260810T082117Z,8b745f9a68645ce41c47aa18fcde8b4868ef84eb,true,stage08_b01_general_cosine_scales_v1,98e7d3d2716deaf919d8883f5caa73c3f61a1ce37bffff86a62a6be43aa66f64,operator,general_cosine,NA,NA,general_cosine,general_cosine__general_cosine_int8_10e2__5b9425eb38e20845__periodic,general_cosine_int8_10e2,10^2,103,window_positions=[100];coefficients=[3],INT8,CPU,not_applicable,compatibility/end-to-end,PASS,OK,20,100,38,0.0086099999999999996,true,5b9425eb38e208454273db148ba0d644406dce06b3b60cb7c356c770f691e60a,2e76b39a2bd93d18a568143a54f6910753a5062764d52a6c619a146c058c7884
1,20260810T082117Z_8b745f9a6864_stage08_b01_formal_a102001a,formal,20260810T082117Z,8b745f9a68645ce41c47aa18fcde8b4868ef84eb,true,stage08_b01_general_cosine_scales_v1,98e7d3d2716deaf919d8883f5caa73c3f61a1ce37bffff86a62a6be43aa66f64,operator,general_cosine,NA,NA,general_cosine,general_cosine__general_cosine_int8_10e2__5b9425eb38e20845__periodic,general_cosine_int8_10e2,10^2,103,window_positions=[100];coefficients=[3],INT8,CPU,not_applicable,compatibility/end-to-end,PASS,OK,20,100,39,0.0086700000000000006,true,5b9425eb38e208454273db148ba0d644406dce06b3b60cb7c356c770f691e60a,2e76b39a2bd93d18a568143a54f6910753a5062764d52a6c619a146c058c7884
1,20260810T082117Z_8b745f9a6864_stage08_b01_formal_a102001a,formal,20260810T082117Z,8b745f9a68645ce41c47aa18fcde8b4868ef84eb,true,stage08_b01_general_cosine_scales_v1,98e7d3d2716deaf919d8883f5caa73c3f61a1ce37bffff86a62a6be43aa66f64,operator,general_cosine,NA,NA,general_cosine,general_cosine__general_cosine_int8_10e2__5b9425eb38e20845__periodic,general_cosine_int8_10e2,10^2,103,window_positions=[100];coefficients=[3],INT8,CPU,not_applicable,compatibility/end-to-end,PASS,OK,20,100,40,0.0086,true,5b9425eb38e208454273db148ba0d644406dce06b3b60cb7c356c770f691e60a,2e76b39a2bd93d18a568143a54f6910753a5062764d52a6c619a146c058c7884
1,20260810T082117Z_8b745f9a6864_stage08_b01_formal_a102001a,formal,20260810T082117Z,8b745f9a68645ce41c47aa18fcde8b4868ef84eb,true,stage08_b01_general_cosine_scales_v1,98e7d3d2716deaf919d8883f5caa73c3f61a1ce37bffff86a62a6be43aa66f64,operator,general_cosine,NA,NA,general_cosine,general_cosine__general_cosine_int8_10e2__5b9425eb38e20845__periodic,general_cosine_int8_10e2,10^2,103,window_positions=[100];coefficients=[3],INT8,CPU,not_applicable,compatibility/end-to-end,PASS,OK,20,100,41,0.0085800000000000008,true,5b9425eb38e208454273db148ba0d644406dce06b3b60cb7c356c770f691e60a,2e76b39a2bd93d18a568143a54f6910753a5062764d52a6c619a146c058c7884
1,20260810T082117Z_8b745f9a6864_stage08_b01_formal_a102001a,formal,20260810T082117Z,8b745f9a68645ce41c47aa18fcde8b4868ef84eb,true,stage08_b01_general_cosine_scales_v1,98e7d3d2716deaf919d8883f5caa73c3f61a1ce37bffff86a62a6be43aa66f64,operator,general_cosine,NA,NA,general_cosine,general_cosine__general_cosine_int8_10e2__5b9425eb38e20845__periodic,general_cosine_int8_10e2,10^2,103,window_positions=[100];coefficients=[3],INT8,CPU,not_applicable,compatibility/end-to-end,PASS,OK,20,100,42,0.0085599999999999999,true,5b9425eb38e208454273db148ba0d644406dce06b3b60cb7c356c770f691e60a,2e76b39a2bd93d18a568143a54f6910753a5062764d52a6c619a146c058c7884
1,20260810T082117Z_8b745f9a6864_stage08_b01_formal_a102001a,formal,20260810T082117Z,8b745f9a68645ce41c47aa18fcde8b4868ef84eb,true,stage08_b01_general_cosine_scales_v1,98e7d3d2716deaf919d8883f5caa73c3f61a1ce37bffff86a62a6be43aa66f64,operator,general_cosine,NA,NA,general_cosine,general_cosine__general_cosine_int8_10e2__5b9425eb38e20845__periodic,general_cosine_int8_10e2,10^2,103,window_positions=[100];coefficients=[3],INT8,CPU,not_applicable,compatibility/end-to-end,PASS,OK,20,100,43,0.0085800000000000008,true,5b9425eb38e208454273db148ba0d644406dce06b3b60cb7c356c770f691e60a,2e76b39a2bd93d18a568143a54f6910753a5062764d52a6c619a146c058c7884
1,20260810T082117Z_8b745f9a6864_stage08_b01_formal_a102001a,formal,20260810T082117Z,8b745f9a68645ce41c47aa18fcde8b4868ef84eb,true,stage08_b01_general_cosine_scales_v1,98e7d3d2716deaf919d8883f5caa73c3f61a1ce37bffff86a62a6be43aa66f64,operator,general_cosine,NA,NA,general_cosine,general_cosine__general_cosine_int8_10e2__5b9425eb38e20845__periodic,general_cosine_int8_10e2,10^2,103,window_positions=[100];coefficients=[3],INT8,CPU,not_applicable,compatibility/end-to-end,PASS,OK,20,100,44,0.0085500000000000003,true,5b9425eb38e208454273db148ba0d644406dce06b3b60cb7c356c770f691e60a,2e76b39a2bd93d18a568143a54f6910753a5062764d52a6c619a146c058c7884
1,20260810T082117Z_8b745f9a6864_stage08_b01_formal_a102001a,formal,20260810T082117Z,8b745f9a68645ce41c47aa18fcde8b4868ef84eb,true,stage08_b01_general_cosine_scales_v1,98e7d3d2716deaf919d8883f5caa73c3f61a1ce37bffff86a62a6be43aa66f64,operator,general_cosine,NA,NA,general_cosine,general_cosine__general_cosine_int8_10e2__5b9425eb38e20845__periodic,general_cosine_int8_10e2,10^2,103,window_positions=[100];coefficients=[3],INT8,CPU,not_applicable,compatibility/end-to-end,PASS,OK,20,100,45,0.0086,true,5b9425eb38e208454273db148ba0d644406dce06b3b60cb7c356c770f691e60a,2e76b39a2bd93d18a568143a54f6910753a5062764d52a6c619a146c058c7884
1,20260810T082117Z_8b745f9a6864_stage08_b01_formal_a102001a,formal,20260810T082117Z,8b745f9a68645ce41c47aa18fcde8b4868ef84eb,true,stage08_b01_general_cosine_scales_v1,98e7d3d2716deaf919d8883f5caa73c3f61a1ce37bffff86a62a6be43aa66f64,operator,general_cosine,NA,NA,general_cosine,general_cosine__general_cosine_int8_10e2__5b9425eb38e20845__periodic,general_cosine_int8_10e2,10^2,103,window_positions=[100];coefficients=[3],INT8,CPU,not_applicable,compatibility/end-to-end,PASS,OK,20,100,46,0.0085299999999999994,true,5b9425eb38e208454273db148ba0d644406dce06b3b60cb7c356c770f691e60a,2e76b39a2bd93d18a568143a54f6910753a5062764d52a6c619a146c058c7884
1,20260810T082117Z_8b745f9a6864_stage08_b01_formal_a102001a,formal,20260810T082117Z,8b745f9a68645ce41c47aa18fcde8b4868ef84eb,true,stage08_b01_general_cosine_scales_v1,98e7d3d2716deaf919d8883f5caa73c3f61a1ce37bffff86a62a6be43aa66f64,operator,general_cosine,NA,NA,general_cosine,general_cosine__general_cosine_int8_10e2__5b9425eb38e20845__periodic,general_cosine_int8_10e2,10^2,103,window_positions=[100];coefficients=[3],INT8,CPU,not_applicable,compatibility/end-to-end,PASS,OK,20,100,47,0.0085500000000000003,true,5b9425eb38e208454273db148ba0d644406dce06b3b60cb7c356c770f691e60a,2e76b39a2bd93d18a568143a54f6910753a5062764d52a6c619a146c058c7884
1,20260810T082117Z_8b745f9a6864_stage08_b01_formal_a102001a,formal,20260810T082117Z,8b745f9a68645ce41c47aa18fcde8b4868ef84eb,true,stage08_b01_general_cosine_scales_v1,98e7d3d2716deaf919d8883f5caa73c3f61a1ce37bffff86a62a6be43aa66f64,operator,general_cosine,NA,NA,general_cosine,general_cosine__general_cosine_int8_10e2__5b9425eb38e20845__periodic,general_cosine_int8_10e2,10^2,103,window_positions=[100];coefficients=[3],INT8,CPU,not_applicable,compatibility/end-to-end,PASS,OK,20,100,48,0.0085400000000000007,true,5b9425eb38e208454273db148ba0d644406dce06b3b60cb7c356c770f691e60a,2e76b39a2bd93d18a568143a54f6910753a5062764d52a6c619a146c058c7884
1,20260810T082117Z_8b745f9a6864_stage08_b01_formal_a102001a,formal,20260810T082117Z,8b745f9a68645ce41c47aa18fcde8b4868ef84eb,true,stage08_b01_general_cosine_scales_v1,98e7d3d2716deaf919d8883f5caa73c3f61a1ce37bffff86a62a6be43aa66f64,operator,general_cosine,NA,NA,general_cosine,general_cosine__general_cosine_int8_10e2__5b9425eb38e20845__periodic,general_cosine_int8_10e2,10^2,103,window_positions=[100];coefficients=[3],INT8,CPU,not_applicable,compatibility/end-to-end,PASS,OK,20,100,49,0.0085599999999999999,true,5b9425eb38e208454273db148ba0d644406dce06b3b60cb7c356c770f691e60a,2e76b39a2bd93d18a568143a54f6910753a5062764d52a6c619a146c058c7884
1,20260810T082117Z_8b745f9a6864_stage08_b01_formal_a102001a,formal,20260810T082117Z,8b745f9a68645ce41c47aa18fcde8b4868ef84eb,true,stage08_b01_general_cosine_scales_v1,98e7d3d2716deaf919d8883f5caa73c3f61a1ce37bffff86a62a6be43aa66f64,operator,general_cosine,NA,NA,general_cosine,general_cosine__general_cosine_int8_10e2__5b9425eb38e20845__periodic,general_cosine_int8_10e2,10^2,103,window_positions=[100];coefficients=[3],INT8,CPU,not_applicable,compatibility/end-to-end,PASS,OK,20,100,50,0.0085500000000000003,true,5b9425eb38e208454273db148ba0d644406dce06b3b60cb7c356c770f691e60a,2e76b39a2bd93d18a568143a54f6910753a5062764d52a6c619a146c058c7884
1,20260810T082117Z_8b745f9a6864_stage08_b01_formal_a102001a,formal,20260810T082117Z,8b745f9a68645ce41c47aa18fcde8b4868ef84eb,true,stage08_b01_general_cosine_scales_v1,98e7d3d2716deaf919d8883f5caa73c3f61a1ce37bffff86a62a6be43aa66f64,operator,general_cosine,NA,NA,general_cosine,general_cosine__general_cosine_int8_10e2__5b9425eb38e20845__periodic,general_cosine_int8_10e2,10^2,103,window_positions=[100];coefficients=[3],INT8,CPU,not_applicable,compatibility/end-to-end,PASS,OK,20,100,51,0.0086599999999999993,true,5b9425eb38e208454273db148ba0d644406dce06b3b60cb7c356c770f691e60a,2e76b39a2bd93d18a568143a54f6910753a5062764d52a6c619a146c058c7884
1,20260810T082117Z_8b745f9a6864_stage08_b01_formal_a102001a,formal,20260810T082117Z,8b745f9a68645ce41c47aa18fcde8b4868ef84eb,true,stage08_b01_general_cosine_scales_v1,98e7d3d2716deaf919d8883f5caa73c3f61a1ce37bffff86a62a6be43aa66f64,operator,general_cosine,NA,NA,general_cosine,general_cosine__general_cosine_int8_10e2__5b9425eb38e20845__periodic,general_cosine_int8_10e2,10^2,103,window_positions=[100];coefficients=[3],INT8,CPU,not_applicable,compatibility/end-to-end,PASS,OK,20,100,52,0.0085599999999999999,true,5b9425eb38e208454273db148ba0d644406dce06b3b60cb7c356c770f691e60a,2e76b39a2bd93d18a568143a54f6910753a5062764d52a6c619a146c058c7884
1,20260810T082117Z_8b745f9a6864_stage08_b01_formal_a102001a,formal,20260810T082117Z,8b745f9a68645ce41c47aa18fcde8b4868ef84eb,true,stage08_b01_general_cosine_scales_v1,98e7d3d2716deaf919d8883f5caa73c3f61a1ce37bffff86a62a6be43aa66f64,operator,general_cosine,NA,NA,general_cosine,general_cosine__general_cosine_int8_10e2__5b9425eb38e20845__periodic,general_cosine_int8_10e2,10^2,103,window_positions=[100];coefficients=[3],INT8,CPU,not_applicable,compatibility/end-to-end,PASS,OK,20,100,53,0.0085299999999999994,true,5b9425eb38e208454273db148ba0d644406dce06b3b60cb7c356c770f691e60a,2e76b39a2bd93d18a568143a54f6910753a5062764d52a6c619a146c058c7884
1,20260810T082117Z_8b745f9a6864_stage08_b01_formal_a102001a,formal,20260810T082117Z,8b745f9a68645ce41c47aa18fcde8b4868ef84eb,true,stage08_b01_general_cosine_scales_v1,98e7d3d2716deaf919d8883f5caa73c3f61a1ce37bffff86a62a6be43aa66f64,operator,general_cosine,NA,NA,general_cosine,general_cosine__general_cosine_int8_10e2__5b9425eb38e20845__periodic,general_cosine_int8_10e2,10^2,103,window_positions=[100];coefficients=[3],INT8,CPU,not_applicable,compatibility/end-to-end,PASS,OK,20,100,54,0.0086400000000000001,true,5b9425eb38e208454273db148ba0d644406dce06b3b60cb7c356c770f691e60a,2e76b39a2bd93d18a568143a54f6910753a5062764d52a6c619a146c058c7884
1,20260810T082117Z_8b745f9a6864_stage08_b01_formal_a102001a,formal,20260810T082117Z,8b745f9a68645ce41c47aa18fcde8b4868ef84eb,true,stage08_b01_general_cosine_scales_v1,98e7d3d2716deaf919d8883f5caa73c3f61a1ce37bffff86a62a6be43aa66f64,operator,general_cosine,NA,NA,general_cosine,general_cosine__general_cosine_int8_10e2__5b9425eb38e20845__periodic,general_cosine_int8_10e2,10^2,103,window_positions=[100];coefficients=[3],INT8,CPU,not_applicable,compatibility/end-to-end,PASS,OK,20,100,55,0.0086099999999999996,true,5b9425eb38e208454273db148ba0d644406dce06b3b60cb7c356c770f691e60a,2e76b39a2bd93d18a568143a54f6910753a5062764d52a6c619a146c058c7884
1,20260810T082117Z_8b745f9a6864_stage08_b01_formal_a102001a,formal,20260810T082117Z,8b745f9a68645ce41c47aa18fcde8b4868ef84eb,true,stage08_b01_general_cosine_scales_v1,98e7d3d2716deaf919d8883f5caa73c3f61a1ce37bffff86a62a6be43aa66f64,operator,general_cosine,NA,NA,general_cosine,general_cosine__general_cosine_int8_10e2__5b9425eb38e20845__periodic,general_cosine_int8_10e2,10^2,103,window_positions=[100];coefficients=[3],INT8,CPU,not_applicable,compatibility/end-to-end,PASS,OK,20,100,56,0.0085900000000000004,true,5b9425eb38e208454273db148ba0d644406dce06b3b60cb7c356c770f691e60a,2e76b39a2bd93d18a568143a54f6910753a5062764d52a6c619a146c058c7884
1,20260810T082117Z_8b745f9a6864_stage08_b01_formal_a102001a,formal,20260810T082117Z,8b745f9a68645ce41c47aa18fcde8b4868ef84eb,true,stage08_b01_general_cosine_scales_v1,98e7d3d2716deaf919d8883f5caa73c3f61a1ce37bffff86a62a6be43aa66f64,operator,general_cosine,NA,NA,general_cosine,general_cosine__general_cosine_int8_10e2__5b9425eb38e20845__periodic,general_cosine_int8_10e2,10^2,103,window_positions=[100];coefficients=[3],INT8,CPU,not_applicable,compatibility/end-to-end,PASS,OK,20,100,57,0.0086099999999999996,true,5b9425eb38e208454273db148ba0d644406dce06b3b60cb7c356c770f691e60a,2e76b39a2bd93d18a568143a54f6910753a5062764d52a6c619a146c058c7884
1,20260810T082117Z_8b745f9a6864_stage08_b01_formal_a102001a,formal,20260810T082117Z,8b745f9a68645ce41c47aa18fcde8b4868ef84eb,true,stage08_b01_general_cosine_scales_v1,98e7d3d2716deaf919d8883f5caa73c3f61a1ce37bffff86a62a6be43aa66f64,operator,general_cosine,NA,NA,general_cosine,general_cosine__general_cosine_int8_10e2__5b9425eb38e20845__periodic,general_cosine_int8_10e2,10^2,103,window_positions=[100];coefficients=[3],INT8,CPU,not_applicable,compatibility/end-to-end,PASS,OK,20,100,58,0.0086499999999999997,true,5b9425eb38e208454273db148ba0d644406dce06b3b60cb7c356c770f691e60a,2e76b39a2bd93d18a568143a54f6910753a5062764d52a6c619a146c058c7884
1,20260810T082117Z_8b745f9a6864_stage08_b01_formal_a102001a,formal,20260810T082117Z,8b745f9a68645ce41c47aa18fcde8b4868ef84eb,true,stage08_b01_general_cosine_scales_v1,98e7d3d2716deaf919d8883f5caa73c3f61a1ce37bffff86a62a6be43aa66f64,operator,general_cosine,NA,NA,general_cosine,general_cosine__general_cosine_int8_10e2__5b9425eb38e20845__periodic,general_cosine_int8_10e2,10^2,103,window_positions=[100];coefficients=[3],INT8,CPU,not_applicable,compatibility/end-to-end,PASS,OK,20,100,59,0.0085900000000000004,true,5b9425eb38e208454273db148ba0d644406dce06b3b60cb7c356c770f691e60a,2e76b39a2bd93d18a568143a54f6910753a5062764d52a6c619a146c058c7884
1,20260810T082117Z_8b745f9a6864_stage08_b01_formal_a102001a,formal,20260810T082117Z,8b745f9a68645ce41c47aa18fcde8b4868ef84eb,true,stage08_b01_general_cosine_scales_v1,98e7d3d2716deaf919d8883f5caa73c3f61a1ce37bffff86a62a6be43aa66f64,operator,general_cosine,NA,NA,general_cosine,general_cosine__general_cosine_int8_10e2__5b9425eb38e20845__periodic,general_cosine_int8_10e2,10^2,103,window_positions=[100];coefficients=[3],INT8,CPU,not_applicable,compatibility/end-to-end,PASS,OK,20,100,60,0.0085900000000000004,true,5b9425eb38e208454273db148ba0d644406dce06b3b60cb7c356c770f691e60a,2e76b39a2bd93d18a568143a54f6910753a5062764d52a6c619a146c058c7884
1,20260810T082117Z_8b745f9a6864_stage08_b01_formal_a102001a,formal,20260810T082117Z,8b745f9a68645ce41c47aa18fcde8b4868ef84eb,true,stage08_b01_general_cosine_scales_v1,98e7d3d2716deaf919d8883f5caa73c3f61a1ce37bffff86a62a6be43aa66f64,operator,general_cosine,NA,NA,general_cosine,general_cosine__general_cosine_int8_10e2__5b9425eb38e20845__periodic,general_cosine_int8_10e2,10^2,103,window_positions=[100];coefficients=[3],INT8,CPU,not_applicable,compatibility/end-to-end,PASS,OK,20,100,61,0.0086309999999999998,true,5b9425eb38e208454273db148ba0d644406dce06b3b60cb7c356c770f691e60a,2e76b39a2bd93d18a568143a54f6910753a5062764d52a6c619a146c058c7884
1,20260810T082117Z_8b745f9a6864_stage08_b01_formal_a102001a,formal,20260810T082117Z,8b745f9a68645ce41c47aa18fcde8b4868ef84eb,true,stage08_b01_general_cosine_scales_v1,98e7d3d2716deaf919d8883f5caa73c3f61a1ce37bffff86a62a6be43aa66f64,operator,general_cosine,NA,NA,general_cosine,general_cosine__general_cosine_int8_10e2__5b9425eb38e20845__periodic,general_cosine_int8_10e2,10^2,103,window_positions=[100];coefficients=[3],INT8,CPU,not_applicable,compatibility/end-to-end,PASS,OK,20,100,62,0.0086400000000000001,true,5b9425eb38e208454273db148ba0d644406dce06b3b60cb7c356c770f691e60a,2e76b39a2bd93d18a568143a54f6910753a5062764d52a6c619a146c058c7884
1,20260810T082117Z_8b745f9a6864_stage08_b01_formal_a102001a,formal,20260810T082117Z,8b745f9a68645ce41c47aa18fcde8b4868ef84eb,true,stage08_b01_general_cosine_scales_v1,98e7d3d2716deaf919d8883f5caa73c3f61a1ce37bffff86a62a6be43aa66f64,operator,general_cosine,NA,NA,general_cosine,general_cosine__general_cosine_int8_10e2__5b9425eb38e20845__periodic,general_cosine_int8_10e2,10^2,103,window_positions=[100];coefficients=[3],INT8,CPU,not_applicable,compatibility/end-to-end,PASS,OK,20,100,63,0.0086700000000000006,true,5b9425eb38e208454273db148ba0d644406dce06b3b60cb7c356c770f691e60a,2e76b39a2bd93d18a568143a54f6910753a5062764d52a6c619a146c058c7884
1,20260810T082117Z_8b745f9a6864_stage08_b01_formal_a102001a,formal,20260810T082117Z,8b745f9a68645ce41c47aa18fcde8b4868ef84eb,true,stage08_b01_general_cosine_scales_v1,98e7d3d2716deaf919d8883f5caa73c3f61a1ce37bffff86a62a6be43aa66f64,operator,general_cosine,NA,NA,general_cosine,general_cosine__general_cosine_int8_10e2__5b9425eb38e20845__periodic,general_cosine_int8_10e2,10^2,103,window_positions=[100];coefficients=[3],INT8,CPU,not_applicable,compatibility/end-to-end,PASS,OK,20,100,64,0.0086300000000000005,true,5b9425eb38e208454273db148ba0d644406dce06b3b60cb7c356c770f691e60a,2e76b39a2bd93d18a568143a54f6910753a5062764d52a6c619a146c058c7884
1,20260810T082117Z_8b745f9a6864_stage08_b01_formal_a102001a,formal,20260810T082117Z,8b745f9a68645ce41c47aa18fcde8b4868ef84eb,true,stage08_b01_general_cosine_scales_v1,98e7d3d2716deaf919d8883f5caa73c3f61a1ce37bffff86a62a6be43aa66f64,operator,general_cosine,NA,NA,general_cosine,general_cosine__general_cosine_int8_10e2__5b9425eb38e20845__periodic,general_cosine_int8_10e2,10^2,103,window_positions=[100];coefficients=[3],INT8,CPU,not_applicable,compatibility/end-to-end,PASS,OK,20,100,65,0.0085900000000000004,true,5b9425eb38e208454273db148ba0d644406dce06b3b60cb7c356c770f691e60a,2e76b39a2bd93d18a568143a54f6910753a5062764d52a6c619a146c058c7884
1,20260810T082117Z_8b745f9a6864_stage08_b01_formal_a102001a,formal,20260810T082117Z,8b745f9a68645ce41c47aa18fcde8b4868ef84eb,true,stage08_b01_general_cosine_scales_v1,98e7d3d2716deaf919d8883f5caa73c3f61a1ce37bffff86a62a6be43aa66f64,operator,general_cosine,NA,NA,general_cosine,general_cosine__general_cosine_int8_10e2__5b9425eb38e20845__periodic,general_cosine_int8_10e2,10^2,103,window_positions=[100];coefficients=[3],INT8,CPU,not_applicable,compatibility/end-to-end,PASS,OK,20,100,66,0.0085699999999999995,true,5b9425eb38e208454273db148ba0d644406dce06b3b60cb7c356c770f691e60a,2e76b39a2bd93d18a568143a54f6910753a5062764d52a6c619a146c058c7884
1,20260810T082117Z_8b745f9a6864_stage08_b01_formal_a102001a,formal,20260810T082117Z,8b745f9a68645ce41c47aa18fcde8b4868ef84eb,true,stage08_b01_general_cosine_scales_v1,98e7d3d2716deaf919d8883f5caa73c3f61a1ce37bffff86a62a6be43aa66f64,operator,general_cosine,NA,NA,general_cosine,general_cosine__general_cosine_int8_10e2__5b9425eb38e20845__periodic,general_cosine_int8_10e2,10^2,103,window_positions=[100];coefficients=[3],INT8,CPU,not_applicable,compatibility/end-to-end,PASS,OK,20,100,67,0.0087200000000000003,true,5b9425eb38e208454273db148ba0d644406dce06b3b60cb7c356c770f691e60a,2e76b39a2bd93d18a568143a54f6910753a5062764d52a6c619a146c058c7884
1,20260810T082117Z_8b745f9a6864_stage08_b01_formal_a102001a,formal,20260810T082117Z,8b745f9a68645ce41c47aa18fcde8b4868ef84eb,true,stage08_b01_general_cosine_scales_v1,98e7d3d2716deaf919d8883f5caa73c3f61a1ce37bffff86a62a6be43aa66f64,operator,general_cosine,NA,NA,general_cosine,general_cosine__general_cosine_int8_10e2__5b9425eb38e20845__periodic,general_cosine_int8_10e2,10^2,103,window_positions=[100];coefficients=[3],INT8,CPU,not_applicable,compatibility/end-to-end,PASS,OK,20,100,68,0.0085599999999999999,true,5b9425eb38e208454273db148ba0d644406dce06b3b60cb7c356c770f691e60a,2e76b39a2bd93d18a568143a54f6910753a5062764d52a6c619a146c058c7884
1,20260810T082117Z_8b745f9a6864_stage08_b01_formal_a102001a,formal,20260810T082117Z,8b745f9a68645ce41c47aa18fcde8b4868ef84eb,true,stage08_b01_general_cosine_scales_v1,98e7d3d2716deaf919d8883f5caa73c3f61a1ce37bffff86a62a6be43aa66f64,operator,general_cosine,NA,NA,general_cosine,general_cosine__general_cosine_int8_10e2__5b9425eb38e20845__periodic,general_cosine_int8_10e2,10^2,103,window_positions=[100];coefficients=[3],INT8,CPU,not_applicable,compatibility/end-to-end,PASS,OK,20,100,69,0.0086,true,5b9425eb38e208454273db148ba0d644406dce06b3b60cb7c356c770f691e60a,2e76b39a2bd93d18a568143a54f6910753a5062764d52a6c619a146c058c7884
1,20260810T082117Z_8b745f9a6864_stage08_b01_formal_a102001a,formal,20260810T082117Z,8b745f9a68645ce41c47aa18fcde8b4868ef84eb,true,stage08_b01_general_cosine_scales_v1,98e7d3d2716deaf919d8883f5caa73c3f61a1ce37bffff86a62a6be43aa66f64,operator,general_cosine,NA,NA,general_cosine,general_cosine__general_cosine_int8_10e2__5b9425eb38e20845__periodic,general_cosine_int8_10e2,10^2,103,window_positions=[100];coefficients=[3],INT8,CPU,not_applicable,compatibility/end-to-end,PASS,OK,20,100,70,0.0085199999999999998,true,5b9425eb38e208454273db148ba0d644406dce06b3b60cb7c356c770f691e60a,2e76b39a2bd93d18a568143a54f6910753a5062764d52a6c619a146c058c7884
1,20260810T082117Z_8b745f9a6864_stage08_b01_formal_a102001a,formal,20260810T082117Z,8b745f9a68645ce41c47aa18fcde8b4868ef84eb,true,stage08_b01_general_cosine_scales_v1,98e7d3d2716deaf919d8883f5caa73c3f61a1ce37bffff86a62a6be43aa66f64,operator,general_cosine,NA,NA,general_cosine,general_cosine__general_cosine_int8_10e2__5b9425eb38e20845__periodic,general_cosine_int8_10e2,10^2,103,window_positions=[100];coefficients=[3],INT8,CPU,not_applicable,compatibility/end-to-end,PASS,OK,20,100,71,0.0085900000000000004,true,5b9425eb38e208454273db148ba0d644406dce06b3b60cb7c356c770f691e60a,2e76b39a2bd93d18a568143a54f6910753a5062764d52a6c619a146c058c7884
1,20260810T082117Z_8b745f9a6864_stage08_b01_formal_a102001a,formal,20260810T082117Z,8b745f9a68645ce41c47aa18fcde8b4868ef84eb,true,stage08_b01_general_cosine_scales_v1,98e7d3d2716deaf919d8883f5caa73c3f61a1ce37bffff86a62a6be43aa66f64,operator,general_cosine,NA,NA,general_cosine,general_cosine__general_cosine_int8_10e2__5b9425eb38e20845__periodic,general_cosine_int8_10e2,10^2,103,window_positions=[100];coefficients=[3],INT8,CPU,not_applicable,compatibility/end-to-end,PASS,OK,20,100,72,0.0086099999999999996,true,5b9425eb38e208454273db148ba0d644406dce06b3b60cb7c356c770f691e60a,2e76b39a2bd93d18a568143a54f6910753a5062764d52a6c619a146c058c7884
1,20260810T082117Z_8b745f9a6864_stage08_b01_formal_a102001a,formal,20260810T082117Z,8b745f9a68645ce41c47aa18fcde8b4868ef84eb,true,stage08_b01_general_cosine_scales_v1,98e7d3d2716deaf919d8883f5caa73c3f61a1ce37bffff86a62a6be43aa66f64,operator,general_cosine,NA,NA,general_cosine,general_cosine__general_cosine_int8_10e2__5b9425eb38e20845__periodic,general_cosine_int8_10e2,10^2,103,window_positions=[100];coefficients=[3],INT8,CPU,not_applicable,compatibility/end-to-end,PASS,OK,20,100,73,0.0085699999999999995,true,5b9425eb38e208454273db148ba0d644406dce06b3b60cb7c356c770f691e60a,2e76b39a2bd93d18a568143a54f6910753a5062764d52a6c619a146c058c7884
1,20260810T082117Z_8b745f9a6864_stage08_b01_formal_a102001a,formal,20260810T082117Z,8b745f9a68645ce41c47aa18fcde8b4868ef84eb,true,stage08_b01_general_cosine_scales_v1,98e7d3d2716deaf919d8883f5caa73c3f61a1ce37bffff86a62a6be43aa66f64,operator,general_cosine,NA,NA,general_cosine,general_cosine__general_cosine_int8_10e2__5b9425eb38e20845__periodic,general_cosine_int8_10e2,10^2,103,window_positions=[100];coefficients=[3],INT8,CPU,not_applicable,compatibility/end-to-end,PASS,OK,20,100,74,0.0085900000000000004,true,5b9425eb38e208454273db148ba0d644406dce06b3b60cb7c356c770f691e60a,2e76b39a2bd93d18a568143a54f6910753a5062764d52a6c619a146c058c7884
1,20260810T082117Z_8b745f9a6864_stage08_b01_formal_a102001a,formal,20260810T082117Z,8b745f9a68645ce41c47aa18fcde8b4868ef84eb,true,stage08_b01_general_cosine_scales_v1,98e7d3d2716deaf919d8883f5caa73c3f61a1ce37bffff86a62a6be43aa66f64,operator,general_cosine,NA,NA,general_cosine,general_cosine__general_cosine_int8_10e2__5b9425eb38e20845__periodic,general_cosine_int8_10e2,10^2,103,window_positions=[100];coefficients=[3],INT8,CPU,not_applicable,compatibility/end-to-end,PASS,OK,20,100,75,0.0085800000000000008,true,5b9425eb38e208454273db148ba0d644406dce06b3b60cb7c356c770f691e60a,2e76b39a2bd93d18a568143a54f6910753a5062764d52a6c619a146c058c7884
1,20260810T082117Z_8b745f9a6864_stage08_b01_formal_a102001a,formal,20260810T082117Z,8b745f9a68645ce41c47aa18fcde8b4868ef84eb,true,stage08_b01_general_cosine_scales_v1,98e7d3d2716deaf919d8883f5caa73c3f61a1ce37bffff86a62a6be43aa66f64,operator,general_cosine,NA,NA,general_cosine,general_cosine__general_cosine_int8_10e2__5b9425eb38e20845__periodic,general_cosine_int8_10e2,10^2,103,window_positions=[100];coefficients=[3],INT8,CPU,not_applicable,compatibility/end-to-end,PASS,OK,20,100,76,0.0086,true,5b9425eb38e208454273db148ba0d644406dce06b3b60cb7c356c770f691e60a,2e76b39a2bd93d18a568143a54f6910753a5062764d52a6c619a146c058c7884
1,20260810T082117Z_8b745f9a6864_stage08_b01_formal_a102001a,formal,20260810T082117Z,8b745f9a68645ce41c47aa18fcde8b4868ef84eb,true,stage08_b01_general_cosine_scales_v1,98e7d3d2716deaf919d8883f5caa73c3f61a1ce37bffff86a62a6be43aa66f64,operator,general_cosine,NA,NA,general_cosine,general_cosine__general_cosine_int8_10e2__5b9425eb38e20845__periodic,general_cosine_int8_10e2,10^2,103,window_positions=[100];coefficients=[3],INT8,CPU,not_applicable,compatibility/end-to-end,PASS,OK,20,100,77,0.0085699999999999995,true,5b9425eb38e208454273db148ba0d644406dce06b3b60cb7c356c770f691e60a,2e76b39a2bd93d18a568143a54f6910753a5062764d52a6c619a146c058c7884
1,20260810T082117Z_8b745f9a6864_stage08_b01_formal_a102001a,formal,20260810T082117Z,8b745f9a68645ce41c47aa18fcde8b4868ef84eb,true,stage08_b01_general_cosine_scales_v1,98e7d3d2716deaf919d8883f5caa73c3f61a1ce37bffff86a62a6be43aa66f64,operator,general_cosine,NA,NA,general_cosine,general_cosine__general_cosine_int8_10e2__5b9425eb38e20845__periodic,general_cosine_int8_10e2,10^2,103,window_positions=[100];coefficients=[3],INT8,CPU,not_applicable,compatibility/end-to-end,PASS,OK,20,100,78,0.0085800000000000008,true,5b9425eb38e208454273db148ba0d644406dce06b3b60cb7c356c770f691e60a,2e76b39a2bd93d18a568143a54f6910753a5062764d52a6c619a146c058c7884
1,20260810T082117Z_8b745f9a6864_stage08_b01_formal_a102001a,formal,20260810T082117Z,8b745f9a68645ce41c47aa18fcde8b4868ef84eb,true,stage08_b01_general_cosine_scales_v1,98e7d3d2716deaf919d8883f5caa73c3f61a1ce37bffff86a62a6be43aa66f64,operator,general_cosine,NA,NA,general_cosine,general_cosine__general_cosine_int8_10e2__5b9425eb38e20845__periodic,general_cosine_int8_10e2,10^2,103,window_positions=[100];coefficients=[3],INT8,CPU,not_applicable,compatibility/end-to-end,PASS,OK,20,100,79,0.0085500000000000003,true,5b9425eb38e208454273db148ba0d644406dce06b3b60cb7c356c770f691e60a,2e76b39a2bd93d18a568143a54f6910753a5062764d52a6c619a146c058c7884
1,20260810T082117Z_8b745f9a6864_stage08_b01_formal_a102001a,formal,20260810T082117Z,8b745f9a68645ce41c47aa18fcde8b4868ef84eb,true,stage08_b01_general_cosine_scales_v1,98e7d3d2716deaf919d8883f5caa73c3f61a1ce37bffff86a62a6be43aa66f64,operator,general_cosine,NA,NA,general_cosine,general_cosine__general_cosine_int8_10e2__5b9425eb38e20845__periodic,general_cosine_int8_10e2,10^2,103,window_positions=[100];coefficients=[3],INT8,CPU,not_applicable,compatibility/end-to-end,PASS,OK,20,100,80,0.0085900000000000004,true,5b9425eb38e208454273db148ba0d644406dce06b3b60cb7c356c770f691e60a,2e76b39a2bd93d18a568143a54f6910753a5062764d52a6c619a146c058c7884
1,20260810T082117Z_8b745f9a6864_stage08_b01_formal_a102001a,formal,20260810T082117Z,8b745f9a68645ce41c47aa18fcde8b4868ef84eb,true,stage08_b01_general_cosine_scales_v1,98e7d3d2716deaf919d8883f5caa73c3f61a1ce37bffff86a62a6be43aa66f64,operator,general_cosine,NA,NA,general_cosine,general_cosine__general_cosine_int8_10e2__5b9425eb38e20845__periodic,general_cosine_int8_10e2,10^2,103,window_positions=[100];coefficients=[3],INT8,CPU,not_applicable,compatibility/end-to-end,PASS,OK,20,100,81,0.0085500000000000003,true,5b9425eb38e208454273db148ba0d644406dce06b3b60cb7c356c770f691e60a,2e76b39a2bd93d18a568143a54f6910753a5062764d52a6c619a146c058c7884
1,20260810T082117Z_8b745f9a6864_stage08_b01_formal_a102001a,formal,20260810T082117Z,8b745f9a68645ce41c47aa18fcde8b4868ef84eb,true,stage08_b01_general_cosine_scales_v1,98e7d3d2716deaf919d8883f5caa73c3f61a1ce37bffff86a62a6be43aa66f64,operator,general_cosine,NA,NA,general_cosine,general_cosine__general_cosine_int8_10e2__5b9425eb38e20845__periodic,general_cosine_int8_10e2,10^2,103,window_positions=[100];coefficients=[3],INT8,CPU,not_applicable,compatibility/end-to-end,PASS,OK,20,100,82,0.0086899999999999998,true,5b9425eb38e208454273db148ba0d644406dce06b3b60cb7c356c770f691e60a,2e76b39a2bd93d18a568143a54f6910753a5062764d52a6c619a146c058c7884
1,20260810T082117Z_8b745f9a6864_stage08_b01_formal_a102001a,formal,20260810T082117Z,8b745f9a68645ce41c47aa18fcde8b4868ef84eb,true,stage08_b01_general_cosine_scales_v1,98e7d3d2716deaf919d8883f5caa73c3f61a1ce37bffff86a62a6be43aa66f64,operator,general_cosine,NA,NA,general_cosine,general_cosine__general_cosine_int8_10e2__5b9425eb38e20845__periodic,general_cosine_int8_10e2,10^2,103,window_positions=[100];coefficients=[3],INT8,CPU,not_applicable,compatibility/end-to-end,PASS,OK,20,100,83,0.0085900000000000004,true,5b9425eb38e208454273db148ba0d644406dce06b3b60cb7c356c770f691e60a,2e76b39a2bd93d18a568143a54f6910753a5062764d52a6c619a146c058c7884
1,20260810T082117Z_8b745f9a6864_stage08_b01_formal_a102001a,formal,20260810T082117Z,8b745f9a68645ce41c47aa18fcde8b4868ef84eb,true,stage08_b01_general_cosine_scales_v1,98e7d3d2716deaf919d8883f5caa73c3f61a1ce37bffff86a62a6be43aa66f64,operator,general_cosine,NA,NA,general_cosine,general_cosine__general_cosine_int8_10e2__5b9425eb38e20845__periodic,general_cosine_int8_10e2,10^2,103,window_positions=[100];coefficients=[3],INT8,CPU,not_applicable,compatibility/end-to-end,PASS,OK,20,100,84,0.0085800000000000008,true,5b9425eb38e208454273db148ba0d644406dce06b3b60cb7c356c770f691e60a,2e76b39a2bd93d18a568143a54f6910753a5062764d52a6c619a146c058c7884
1,20260810T082117Z_8b745f9a6864_stage08_b01_formal_a102001a,formal,20260810T082117Z,8b745f9a68645ce41c47aa18fcde8b4868ef84eb,true,stage08_b01_general_cosine_scales_v1,98e7d3d2716deaf919d8883f5caa73c3f61a1ce37bffff86a62a6be43aa66f64,operator,general_cosine,NA,NA,general_cosine,general_cosine__general_cosine_int8_10e2__5b9425eb38e20845__periodic,general_cosine_int8_10e2,10^2,103,window_positions=[100];coefficients=[3],INT8,CPU,not_applicable,compatibility/end-to-end,PASS,OK,20,100,85,0.0085500000000000003,true,5b9425eb38e208454273db148ba0d644406dce06b3b60cb7c356c770f691e60a,2e76b39a2bd93d18a568143a54f6910753a5062764d52a6c619a146c058c7884
1,20260810T082117Z_8b745f9a6864_stage08_b01_formal_a102001a,formal,20260810T082117Z,8b745f9a68645ce41c47aa18fcde8b4868ef84eb,true,stage08_b01_general_cosine_scales_v1,98e7d3d2716deaf919d8883f5caa73c3f61a1ce37bffff86a62a6be43aa66f64,operator,general_cosine,NA,NA,general_cosine,general_cosine__general_cosine_int8_10e2__5b9425eb38e20845__periodic,general_cosine_int8_10e2,10^2,103,window_positions=[100];coefficients=[3],INT8,CPU,not_applicable,compatibility/end-to-end,PASS,OK,20,100,86,0.0085299999999999994,true,5b9425eb38e208454273db148ba0d644406dce06b3b60cb7c356c770f691e60a,2e76b39a2bd93d18a568143a54f6910753a5062764d52a6c619a146c058c7884
1,20260810T082117Z_8b745f9a6864_stage08_b01_formal_a102001a,formal,20260810T082117Z,8b745f9a68645ce41c47aa18fcde8b4868ef84eb,true,stage08_b01_general_cosine_scales_v1,98e7d3d2716deaf919d8883f5caa73c3f61a1ce37bffff86a62a6be43aa66f64,operator,general_cosine,NA,NA,general_cosine,general_cosine__general_cosine_int8_10e2__5b9425eb38e20845__periodic,general_cosine_int8_10e2,10^2,103,window_positions=[100];coefficients=[3],INT8,CPU,not_applicable,compatibility/end-to-end,PASS,OK,20,100,87,0.0085299999999999994,true,5b9425eb38e208454273db148ba0d644406dce06b3b60cb7c356c770f691e60a,2e76b39a2bd93d18a568143a54f6910753a5062764d52a6c619a146c058c7884
1,20260810T082117Z_8b745f9a6864_stage08_b01_formal_a102001a,formal,20260810T082117Z,8b745f9a68645ce41c47aa18fcde8b4868ef84eb,true,stage08_b01_general_cosine_scales_v1,98e7d3d2716deaf919d8883f5caa73c3f61a1ce37bffff86a62a6be43aa66f64,operator,general_cosine,NA,NA,general_cosine,general_cosine__general_cosine_int8_10e2__5b9425eb38e20845__periodic,general_cosine_int8_10e2,10^2,103,window_positions=[100];coefficients=[3],INT8,CPU,not_applicable,compatibility/end-to-end,PASS,OK,20,100,88,0.0085699999999999995,true,5b9425eb38e208454273db148ba0d644406dce06b3b60cb7c356c770f691e60a,2e76b39a2bd93d18a568143a54f6910753a5062764d52a6c619a146c058c7884
1,20260810T082117Z_8b745f9a6864_stage08_b01_formal_a102001a,formal,20260810T082117Z,8b745f9a68645ce41c47aa18fcde8b4868ef84eb,true,stage08_b01_general_cosine_scales_v1,98e7d3d2716deaf919d8883f5caa73c3f61a1ce37bffff86a62a6be43aa66f64,operator,general_cosine,NA,NA,general_cosine,general_cosine__general_cosine_int8_10e2__5b9425eb38e20845__periodic,general_cosine_int8_10e2,10^2,103,window_positions=[100];coefficients=[3],INT8,CPU,not_applicable,compatibility/end-to-end,PASS,OK,20,100,89,0.0085500000000000003,true,5b9425eb38e208454273db148ba0d644406dce06b3b60cb7c356c770f691e60a,2e76b39a2bd93d18a568143a54f6910753a5062764d52a6c619a146c058c7884
1,20260810T082117Z_8b745f9a6864_stage08_b01_formal_a102001a,formal,20260810T082117Z,8b745f9a68645ce41c47aa18fcde8b4868ef84eb,true,stage08_b01_general_cosine_scales_v1,98e7d3d2716deaf919d8883f5caa73c3f61a1ce37bffff86a62a6be43aa66f64,operator,general_cosine,NA,NA,general_cosine,general_cosine__general_cosine_int8_10e2__5b9425eb38e20845__periodic,general_cosine_int8_10e2,10^2,103,window_positions=[100];coefficients=[3],INT8,CPU,not_applicable,compatibility/end-to-end,PASS,OK,20,100,90,0.0086,true,5b9425eb38e208454273db148ba0d644406dce06b3b60cb7c356c770f691e60a,2e76b39a2bd93d18a568143a54f6910753a5062764d52a6c619a146c058c7884
1,20260810T082117Z_8b745f9a6864_stage08_b01_formal_a102001a,formal,20260810T082117Z,8b745f9a68645ce41c47aa18fcde8b4868ef84eb,true,stage08_b01_general_cosine_scales_v1,98e7d3d2716deaf919d8883f5caa73c3f61a1ce37bffff86a62a6be43aa66f64,operator,general_cosine,NA,NA,general_cosine,general_cosine__general_cosine_int8_10e2__5b9425eb38e20845__periodic,general_cosine_int8_10e2,10^2,103,window_positions=[100];coefficients=[3],INT8,CPU,not_applicable,compatibility/end-to-end,PASS,OK,20,100,91,0.0086800000000000002,true,5b9425eb38e208454273db148ba0d644406dce06b3b60cb7c356c770f691e60a,2e76b39a2bd93d18a568143a54f6910753a5062764d52a6c619a146c058c7884
1,20260810T082117Z_8b745f9a6864_stage08_b01_formal_a102001a,formal,20260810T082117Z,8b745f9a68645ce41c47aa18fcde8b4868ef84eb,true,stage08_b01_general_cosine_scales_v1,98e7d3d2716deaf919d8883f5caa73c3f61a1ce37bffff86a62a6be43aa66f64,operator,general_cosine,NA,NA,general_cosine,general_cosine__general_cosine_int8_10e2__5b9425eb38e20845__periodic,general_cosine_int8_10e2,10^2,103,window_positions=[100];coefficients=[3],INT8,CPU,not_applicable,compatibility/end-to-end,PASS,OK,20,100,92,0.0085699999999999995,true,5b9425eb38e208454273db148ba0d644406dce06b3b60cb7c356c770f691e60a,2e76b39a2bd93d18a568143a54f6910753a5062764d52a6c619a146c058c7884
1,20260810T082117Z_8b745f9a6864_stage08_b01_formal_a102001a,formal,20260810T082117Z,8b745f9a68645ce41c47aa18fcde8b4868ef84eb,true,stage08_b01_general_cosine_scales_v1,98e7d3d2716deaf919d8883f5caa73c3f61a1ce37bffff86a62a6be43aa66f64,operator,general_cosine,NA,NA,general_cosine,general_cosine__general_cosine_int8_10e2__5b9425eb38e20845__periodic,general_cosine_int8_10e2,10^2,103,window_positions=[100];coefficients=[3],INT8,CPU,not_applicable,compatibility/end-to-end,PASS,OK,20,100,93,0.0086999999999999994,true,5b9425eb38e208454273db148ba0d644406dce06b3b60cb7c356c770f691e60a,2e76b39a2bd93d18a568143a54f6910753a5062764d52a6c619a146c058c7884
1,20260810T082117Z_8b745f9a6864_stage08_b01_formal_a102001a,formal,20260810T082117Z,8b745f9a68645ce41c47aa18fcde8b4868ef84eb,true,stage08_b01_general_cosine_scales_v1,98e7d3d2716deaf919d8883f5caa73c3f61a1ce37bffff86a62a6be43aa66f64,operator,general_cosine,NA,NA,general_cosine,general_cosine__general_cosine_int8_10e2__5b9425eb38e20845__periodic,general_cosine_int8_10e2,10^2,103,window_positions=[100];coefficients=[3],INT8,CPU,not_applicable,compatibility/end-to-end,PASS,OK,20,100,94,0.0085199999999999998,true,5b9425eb38e208454273db148ba0d644406dce06b3b60cb7c356c770f691e60a,2e76b39a2bd93d18a568143a54f6910753a5062764d52a6c619a146c058c7884
1,20260810T082117Z_8b745f9a6864_stage08_b01_formal_a102001a,formal,20260810T082117Z,8b745f9a68645ce41c47aa18fcde8b4868ef84eb,true,stage08_b01_general_cosine_scales_v1,98e7d3d2716deaf919d8883f5caa73c3f61a1ce37bffff86a62a6be43aa66f64,operator,general_cosine,NA,NA,general_cosine,general_cosine__general_cosine_int8_10e2__5b9425eb38e20845__periodic,general_cosine_int8_10e2,10^2,103,window_positions=[100];coefficients=[3],INT8,CPU,not_applicable,compatibility/end-to-end,PASS,OK,20,100,95,0.0086300000000000005,true,5b9425eb38e208454273db148ba0d644406dce06b3b60cb7c356c770f691e60a,2e76b39a2bd93d18a568143a54f6910753a5062764d52a6c619a146c058c7884
1,20260810T082117Z_8b745f9a6864_stage08_b01_formal_a102001a,formal,20260810T082117Z,8b745f9a68645ce41c47aa18fcde8b4868ef84eb,true,stage08_b01_general_cosine_scales_v1,98e7d3d2716deaf919d8883f5caa73c3f61a1ce37bffff86a62a6be43aa66f64,operator,general_cosine,NA,NA,general_cosine,general_cosine__general_cosine_int8_10e2__5b9425eb38e20845__periodic,general_cosine_int8_10e2,10^2,103,window_positions=[100];coefficients=[3],INT8,CPU,not_applicable,compatibility/end-to-end,PASS,OK,20,100,96,0.0085500000000000003,true,5b9425eb38e208454273db148ba0d644406dce06b3b60cb7c356c770f691e60a,2e76b39a2bd93d18a568143a54f6910753a5062764d52a6c619a146c058c7884
1,20260810T082117Z_8b745f9a6864_stage08_b01_formal_a102001a,formal,20260810T082117Z,8b745f9a68645ce41c47aa18fcde8b4868ef84eb,true,stage08_b01_general_cosine_scales_v1,98e7d3d2716deaf919d8883f5caa73c3f61a1ce37bffff86a62a6be43aa66f64,operator,general_cosine,NA,NA,general_cosine,general_cosine__general_cosine_int8_10e2__5b9425eb38e20845__periodic,general_cosine_int8_10e2,10^2,103,window_positions=[100];coefficients=[3],INT8,CPU,not_applicable,compatibility/end-to-end,PASS,OK,20,100,97,0.0085800000000000008,true,5b9425eb38e208454273db148ba0d644406dce06b3b60cb7c356c770f691e60a,2e76b39a2bd93d18a568143a54f6910753a5062764d52a6c619a146c058c7884
1,20260810T082117Z_8b745f9a6864_stage08_b01_formal_a102001a,formal,20260810T082117Z,8b745f9a68645ce41c47aa18fcde8b4868ef84eb,true,stage08_b01_general_cosine_scales_v1,98e7d3d2716deaf919d8883f5caa73c3f61a1ce37bffff86a62a6be43aa66f64,operator,general_cosine,NA,NA,general_cosine,general_cosine__general_cosine_int8_10e2__5b9425eb38e20845__periodic,general_cosine_int8_10e2,10^2,103,window_positions=[100];coefficients=[3],INT8,CPU,not_applicable,compatibility/end-to-end,PASS,OK,20,100,98,0.0086199999999999992,true,5b9425eb38e208454273db148ba0d644406dce06b3b60cb7c356c770f691e60a,2e76b39a2bd93d18a568143a54f6910753a5062764d52a6c619a146c058c7884
1,20260810T082117Z_8b745f9a6864_stage08_b01_formal_a102001a,formal,20260810T082117Z,8b745f9a68645ce41c47aa18fcde8b4868ef84eb,true,stage08_b01_general_cosine_scales_v1,98e7d3d2716deaf919d8883f5caa73c3f61a1ce37bffff86a62a6be43aa66f64,operator,general_cosine,NA,NA,general_cosine,general_cosine__general_cosine_int8_10e2__5b9425eb38e20845__periodic,general_cosine_int8_10e2,10^2,103,window_positions=[100];coefficients=[3],INT8,CPU,not_applicable,compatibility/end-to-end,PASS,OK,20,100,99,0.0085800000000000008,true,5b9425eb38e208454273db148ba0d644406dce06b3b60cb7c356c770f691e60a,2e76b39a2bd93d18a568143a54f6910753a5062764d52a6c619a146c058c7884
1,20260810T082117Z_8b745f9a6864_stage08_b01_formal_a102001a,formal,20260810T082117Z,8b745f9a68645ce41c47aa18fcde8b4868ef84eb,true,stage08_b01_general_cosine_scales_v1,98e7d3d2716deaf919d8883f5caa73c3f61a1ce37bffff86a62a6be43aa66f64,operator,general_cosine,NA,NA,general_cosine,general_cosine__general_cosine_int8_10e2__5b9425eb38e20845__periodic,general_cosine_int8_10e2,10^2,103,window_positions=[100];coefficients=[3],INT8,GPU,not_applicable,compatibility/end-to-end,PASS,OK,20,100,0,0.373031,true,5b9425eb38e208454273db148ba0d644406dce06b3b60cb7c356c770f691e60a,bc828e68fd748a6b9cd1f568b0366ed898a30c7fd0deb7ae1d8052de6955036f
1,20260810T082117Z_8b745f9a6864_stage08_b01_formal_a102001a,formal,20260810T082117Z,8b745f9a68645ce41c47aa18fcde8b4868ef84eb,true,stage08_b01_general_cosine_scales_v1,98e7d3d2716deaf919d8883f5caa73c3f61a1ce37bffff86a62a6be43aa66f64,operator,general_cosine,NA,NA,general_cosine,general_cosine__general_cosine_int8_10e2__5b9425eb38e20845__periodic,general_cosine_int8_10e2,10^2,103,window_positions=[100];coefficients=[3],INT8,GPU,not_applicable,compatibility/end-to-end,PASS,OK,20,100,1,0.32889099999999999,true,5b9425eb38e208454273db148ba0d644406dce06b3b60cb7c356c770f691e60a,bc828e68fd748a6b9cd1f568b0366ed898a30c7fd0deb7ae1d8052de6955036f
1,20260810T082117Z_8b745f9a6864_stage08_b01_formal_a102001a,formal,20260810T082117Z,8b745f9a68645ce41c47aa18fcde8b4868ef84eb,true,stage08_b01_general_cosine_scales_v1,98e7d3d2716deaf919d8883f5caa73c3f61a1ce37bffff86a62a6be43aa66f64,operator,general_cosine,NA,NA,general_cosine,general_cosine__general_cosine_int8_10e2__5b9425eb38e20845__periodic,general_cosine_int8_10e2,10^2,103,window_positions=[100];coefficients=[3],INT8,GPU,not_applicable,compatibility/end-to-end,PASS,OK,20,100,2,0.33381100000000002,true,5b9425eb38e208454273db148ba0d644406dce06b3b60cb7c356c770f691e60a,bc828e68fd748a6b9cd1f568b0366ed898a30c7fd0deb7ae1d8052de6955036f
1,20260810T082117Z_8b745f9a6864_stage08_b01_formal_a102001a,formal,20260810T082117Z,8b745f9a68645ce41c47aa18fcde8b4868ef84eb,true,stage08_b01_general_cosine_scales_v1,98e7d3d2716deaf919d8883f5caa73c3f61a1ce37bffff86a62a6be43aa66f64,operator,general_cosine,NA,NA,general_cosine,general_cosine__general_cosine_int8_10e2__5b9425eb38e20845__periodic,general_cosine_int8_10e2,10^2,103,window_positions=[100];coefficients=[3],INT8,GPU,not_applicable,compatibility/end-to-end,PASS,OK,20,100,3,0.33364100000000002,true,5b9425eb38e208454273db148ba0d644406dce06b3b60cb7c356c770f691e60a,bc828e68fd748a6b9cd1f568b0366ed898a30c7fd0deb7ae1d8052de6955036f
1,20260810T082117Z_8b745f9a6864_stage08_b01_formal_a102001a,formal,20260810T082117Z,8b745f9a68645ce41c47aa18fcde8b4868ef84eb,true,stage08_b01_general_cosine_scales_v1,98e7d3d2716deaf919d8883f5caa73c3f61a1ce37bffff86a62a6be43aa66f64,operator,general_cosine,NA,NA,general_cosine,general_cosine__general_cosine_int8_10e2__5b9425eb38e20845__periodic,general_cosine_int8_10e2,10^2,103,window_positions=[100];coefficients=[3],INT8,GPU,not_applicable,compatibility/end-to-end,PASS,OK,20,100,4,0.336951,true,5b9425eb38e208454273db148ba0d644406dce06b3b60cb7c356c770f691e60a,bc828e68fd748a6b9cd1f568b0366ed898a30c7fd0deb7ae1d8052de6955036f
1,20260810T082117Z_8b745f9a6864_stage08_b01_formal_a102001a,formal,20260810T082117Z,8b745f9a68645ce41c47aa18fcde8b4868ef84eb,true,stage08_b01_general_cosine_scales_v1,98e7d3d2716deaf919d8883f5caa73c3f61a1ce37bffff86a62a6be43aa66f64,operator,general_cosine,NA,NA,general_cosine,general_cosine__general_cosine_int8_10e2__5b9425eb38e20845__periodic,general_cosine_int8_10e2,10^2,103,window_positions=[100];coefficients=[3],INT8,GPU,not_applicable,compatibility/end-to-end,PASS,OK,20,100,5,0.33291100000000001,true,5b9425eb38e208454273db148ba0d644406dce06b3b60cb7c356c770f691e60a,bc828e68fd748a6b9cd1f568b0366ed898a30c7fd0deb7ae1d8052de6955036f
1,20260810T082117Z_8b745f9a6864_stage08_b01_formal_a102001a,formal,20260810T082117Z,8b745f9a68645ce41c47aa18fcde8b4868ef84eb,true,stage08_b01_general_cosine_scales_v1,98e7d3d2716deaf919d8883f5caa73c3f61a1ce37bffff86a62a6be43aa66f64,operator,general_cosine,NA,NA,general_cosine,general_cosine__general_cosine_int8_10e2__5b9425eb38e20845__periodic,general_cosine_int8_10e2,10^2,103,window_positions=[100];coefficients=[3],INT8,GPU,not_applicable,compatibility/end-to-end,PASS,OK,20,100,6,0.33226099999999997,true,5b9425eb38e208454273db148ba0d644406dce06b3b60cb7c356c770f691e60a,bc828e68fd748a6b9cd1f568b0366ed898a30c7fd0deb7ae1d8052de6955036f
1,20260810T082117Z_8b745f9a6864_stage08_b01_formal_a102001a,formal,20260810T082117Z,8b745f9a68645ce41c47aa18fcde8b4868ef84eb,true,stage08_b01_general_cosine_scales_v1,98e7d3d2716deaf919d8883f5caa73c3f61a1ce37bffff86a62a6be43aa66f64,operator,general_cosine,NA,NA,general_cosine,general_cosine__general_cosine_int8_10e2__5b9425eb38e20845__periodic,general_cosine_int8_10e2,10^2,103,window_positions=[100];coefficients=[3],INT8,GPU,not_applicable,compatibility/end-to-end,PASS,OK,20,100,7,0.32117000000000001,true,5b9425eb38e208454273db148ba0d644406dce06b3b60cb7c356c770f691e60a,bc828e68fd748a6b9cd1f568b0366ed898a30c7fd0deb7ae1d8052de6955036f
1,20260810T082117Z_8b745f9a6864_stage08_b01_formal_a102001a,formal,20260810T082117Z,8b745f9a68645ce41c47aa18fcde8b4868ef84eb,true,stage08_b01_general_cosine_scales_v1,98e7d3d2716deaf919d8883f5caa73c3f61a1ce37bffff86a62a6be43aa66f64,operator,general_cosine,NA,NA,general_cosine,general_cosine__general_cosine_int8_10e2__5b9425eb38e20845__periodic,general_cosine_int8_10e2,10^2,103,window_positions=[100];coefficients=[3],INT8,GPU,not_applicable,compatibility/end-to-end,PASS,OK,20,100,8,0.33324100000000001,true,5b9425eb38e208454273db148ba0d644406dce06b3b60cb7c356c770f691e60a,bc828e68fd748a6b9cd1f568b0366ed898a30c7fd0deb7ae1d8052de6955036f
1,20260810T082117Z_8b745f9a6864_stage08_b01_formal_a102001a,formal,20260810T082117Z,8b745f9a68645ce41c47aa18fcde8b4868ef84eb,true,stage08_b01_general_cosine_scales_v1,98e7d3d2716deaf919d8883f5caa73c3f61a1ce37bffff86a62a6be43aa66f64,operator,general_cosine,NA,NA,general_cosine,general_cosine__general_cosine_int8_10e2__5b9425eb38e20845__periodic,general_cosine_int8_10e2,10^2,103,window_positions=[100];coefficients=[3],INT8,GPU,not_applicable,compatibility/end-to-end,PASS,OK,20,100,9,0.33697100000000002,true,5b9425eb38e208454273db148ba0d644406dce06b3b60cb7c356c770f691e60a,bc828e68fd748a6b9cd1f568b0366ed898a30c7fd0deb7ae1d8052de6955036f
1,20260810T082117Z_8b745f9a6864_stage08_b01_formal_a102001a,formal,20260810T082117Z,8b745f9a68645ce41c47aa18fcde8b4868ef84eb,true,stage08_b01_general_cosine_scales_v1,98e7d3d2716deaf919d8883f5caa73c3f61a1ce37bffff86a62a6be43aa66f64,operator,general_cosine,NA,NA,general_cosine,general_cosine__general_cosine_int8_10e2__5b9425eb38e20845__periodic,general_cosine_int8_10e2,10^2,103,window_positions=[100];coefficients=[3],INT8,GPU,not_applicable,compatibility/end-to-end,PASS,OK,20,100,10,0.33547100000000002,true,5b9425eb38e208454273db148ba0d644406dce06b3b60cb7c356c770f691e60a,bc828e68fd748a6b9cd1f568b0366ed898a30c7fd0deb7ae1d8052de6955036f
1,20260810T082117Z_8b745f9a6864_stage08_b01_formal_a102001a,formal,20260810T082117Z,8b745f9a68645ce41c47aa18fcde8b4868ef84eb,true,stage08_b01_general_cosine_scales_v1,98e7d3d2716deaf919d8883f5caa73c3f61a1ce37bffff86a62a6be43aa66f64,operator,general_cosine,NA,NA,general_cosine,general_cosine__general_cosine_int8_10e2__5b9425eb38e20845__periodic,general_cosine_int8_10e2,10^2,103,window_positions=[100];coefficients=[3],INT8,GPU,not_applicable,compatibility/end-to-end,PASS,OK,20,100,11,0.33266099999999998,true,5b9425eb38e208454273db148ba0d644406dce06b3b60cb7c356c770f691e60a,bc828e68fd748a6b9cd1f568b0366ed898a30c7fd0deb7ae1d8052de6955036f
1,20260810T082117Z_8b745f9a6864_stage08_b01_formal_a102001a,formal,20260810T082117Z,8b745f9a68645ce41c47aa18fcde8b4868ef84eb,true,stage08_b01_general_cosine_scales_v1,98e7d3d2716deaf919d8883f5caa73c3f61a1ce37bffff86a62a6be43aa66f64,operator,general_cosine,NA,NA,general_cosine,general_cosine__general_cosine_int8_10e2__5b9425eb38e20845__periodic,general_cosine_int8_10e2,10^2,103,window_positions=[100];coefficients=[3],INT8,GPU,not_applicable,compatibility/end-to-end,PASS,OK,20,100,12,0.34251100000000001,true,5b9425eb38e208454273db148ba0d644406dce06b3b60cb7c356c770f691e60a,bc828e68fd748a6b9cd1f568b0366ed898a30c7fd0deb7ae1d8052de6955036f
1,20260810T082117Z_8b745f9a6864_stage08_b01_formal_a102001a,formal,20260810T082117Z,8b745f9a68645ce41c47aa18fcde8b4868ef84eb,true,stage08_b01_general_cosine_scales_v1,98e7d3d2716deaf919d8883f5caa73c3f61a1ce37bffff86a62a6be43aa66f64,operator,general_cosine,NA,NA,general_cosine,general_cosine__general_cosine_int8_10e2__5b9425eb38e20845__periodic,general_cosine_int8_10e2,10^2,103,window_positions=[100];coefficients=[3],INT8,GPU,not_applicable,compatibility/end-to-end,PASS,OK,20,100,13,0.33455099999999999,true,5b9425eb38e208454273db148ba0d644406dce06b3b60cb7c356c770f691e60a,bc828e68fd748a6b9cd1f568b0366ed898a30c7fd0deb7ae1d8052de6955036f
1,20260810T082117Z_8b745f9a6864_stage08_b01_formal_a102001a,formal,20260810T082117Z,8b745f9a68645ce41c47aa18fcde8b4868ef84eb,true,stage08_b01_general_cosine_scales_v1,98e7d3d2716deaf919d8883f5caa73c3f61a1ce37bffff86a62a6be43aa66f64,operator,general_cosine,NA,NA,general_cosine,general_cosine__general_cosine_int8_10e2__5b9425eb38e20845__periodic,general_cosine_int8_10e2,10^2,103,window_positions=[100];coefficients=[3],INT8,GPU,not_applicable,compatibility/end-to-end,PASS,OK,20,100,14,0.33114100000000002,true,5b9425eb38e208454273db148ba0d644406dce06b3b60cb7c356c770f691e60a,bc828e68fd748a6b9cd1f568b0366ed898a30c7fd0deb7ae1d8052de6955036f
1,20260810T082117Z_8b745f9a6864_stage08_b01_formal_a102001a,formal,20260810T082117Z,8b745f9a68645ce41c47aa18fcde8b4868ef84eb,true,stage08_b01_general_cosine_scales_v1,98e7d3d2716deaf919d8883f5caa73c3f61a1ce37bffff86a62a6be43aa66f64,operator,general_cosine,NA,NA,general_cosine,general_cosine__general_cosine_int8_10e2__5b9425eb38e20845__periodic,general_cosine_int8_10e2,10^2,103,window_positions=[100];coefficients=[3],INT8,GPU,not_applicable,compatibility/end-to-end,PASS,OK,20,100,15,0.33211099999999999,true,5b9425eb38e208454273db148ba0d644406dce06b3b60cb7c356c770f691e60a,bc828e68fd748a6b9cd1f568b0366ed898a30c7fd0deb7ae1d8052de6955036f
1,20260810T082117Z_8b745f9a6864_stage08_b01_formal_a102001a,formal,20260810T082117Z,8b745f9a68645ce41c47aa18fcde8b4868ef84eb,true,stage08_b01_general_cosine_scales_v1,98e7d3d2716deaf919d8883f5caa73c3f61a1ce37bffff86a62a6be43aa66f64,operator,general_cosine,NA,NA,general_cosine,general_cosine__general_cosine_int8_10e2__5b9425eb38e20845__periodic,general_cosine_int8_10e2,10^2,103,window_positions=[100];coefficients=[3],INT8,GPU,not_applicable,compatibility/end-to-end,PASS,OK,20,100,16,0.331681,true,5b9425eb38e208454273db148ba0d644406dce06b3b60cb7c356c770f691e60a,bc828e68fd748a6b9cd1f568b0366ed898a30c7fd0deb7ae1d8052de6955036f
1,20260810T082117Z_8b745f9a6864_stage08_b01_formal_a102001a,formal,20260810T082117Z,8b745f9a68645ce41c47aa18fcde8b4868ef84eb,true,stage08_b01_general_cosine_scales_v1,98e7d3d2716deaf919d8883f5caa73c3f61a1ce37bffff86a62a6be43aa66f64,operator,general_cosine,NA,NA,general_cosine,general_cosine__general_cosine_int8_10e2__5b9425eb38e20845__periodic,general_cosine_int8_10e2,10^2,103,window_positions=[100];coefficients=[3],INT8,GPU,not_applicable,compatibility/end-to-end,PASS,OK,20,100,17,0.330951,true,5b9425eb38e208454273db148ba0d644406dce06b3b60cb7c356c770f691e60a,bc828e68fd748a6b9cd1f568b0366ed898a30c7fd0deb7ae1d8052de6955036f
1,20260810T082117Z_8b745f9a6864_stage08_b01_formal_a102001a,formal,20260810T082117Z,8b745f9a68645ce41c47aa18fcde8b4868ef84eb,true,stage08_b01_general_cosine_scales_v1,98e7d3d2716deaf919d8883f5caa73c3f61a1ce37bffff86a62a6be43aa66f64,operator,general_cosine,NA,NA,general_cosine,general_cosine__general_cosine_int8_10e2__5b9425eb38e20845__periodic,general_cosine_int8_10e2,10^2,103,window_positions=[100];coefficients=[3],INT8,GPU,not_applicable,compatibility/end-to-end,PASS,OK,20,100,18,0.33159100000000002,true,5b9425eb38e208454273db148ba0d644406dce06b3b60cb7c356c770f691e60a,bc828e68fd748a6b9cd1f568b0366ed898a30c7fd0deb7ae1d8052de6955036f
1,20260810T082117Z_8b745f9a6864_stage08_b01_formal_a102001a,formal,20260810T082117Z,8b745f9a68645ce41c47aa18fcde8b4868ef84eb,true,stage08_b01_general_cosine_scales_v1,98e7d3d2716deaf919d8883f5caa73c3f61a1ce37bffff86a62a6be43aa66f64,operator,general_cosine,NA,NA,general_cosine,general_cosine__general_cosine_int8_10e2__5b9425eb38e20845__periodic,general_cosine_int8_10e2,10^2,103,window_positions=[100];coefficients=[3],INT8,GPU,not_applicable,compatibility/end-to-end,PASS,OK,20,100,19,0.33374100000000001,true,5b9425eb38e208454273db148ba0d644406dce06b3b60cb7c356c770f691e60a,bc828e68fd748a6b9cd1f568b0366ed898a30c7fd0deb7ae1d8052de6955036f
1,20260810T082117Z_8b745f9a6864_stage08_b01_formal_a102001a,formal,20260810T082117Z,8b745f9a68645ce41c47aa18fcde8b4868ef84eb,true,stage08_b01_general_cosine_scales_v1,98e7d3d2716deaf919d8883f5caa73c3f61a1ce37bffff86a62a6be43aa66f64,operator,general_cosine,NA,NA,general_cosine,general_cosine__general_cosine_int8_10e2__5b9425eb38e20845__periodic,general_cosine_int8_10e2,10^2,103,window_positions=[100];coefficients=[3],INT8,GPU,not_applicable,compatibility/end-to-end,PASS,OK,20,100,20,0.33267099999999999,true,5b9425eb38e208454273db148ba0d644406dce06b3b60cb7c356c770f691e60a,bc828e68fd748a6b9cd1f568b0366ed898a30c7fd0deb7ae1d8052de6955036f
1,20260810T082117Z_8b745f9a6864_stage08_b01_formal_a102001a,formal,20260810T082117Z,8b745f9a68645ce41c47aa18fcde8b4868ef84eb,true,stage08_b01_general_cosine_scales_v1,98e7d3d2716deaf919d8883f5caa73c3f61a1ce37bffff86a62a6be43aa66f64,operator,general_cosine,NA,NA,general_cosine,general_cosine__general_cosine_int8_10e2__5b9425eb38e20845__periodic,general_cosine_int8_10e2,10^2,103,window_positions=[100];coefficients=[3],INT8,GPU,not_applicable,compatibility/end-to-end,PASS,OK,20,100,21,0.60159099999999999,true,5b9425eb38e208454273db148ba0d644406dce06b3b60cb7c356c770f691e60a,bc828e68fd748a6b9cd1f568b0366ed898a30c7fd0deb7ae1d8052de6955036f
1,20260810T082117Z_8b745f9a6864_stage08_b01_formal_a102001a,formal,20260810T082117Z,8b745f9a68645ce41c47aa18fcde8b4868ef84eb,true,stage08_b01_general_cosine_scales_v1,98e7d3d2716deaf919d8883f5caa73c3f61a1ce37bffff86a62a6be43aa66f64,operator,general_cosine,NA,NA,general_cosine,general_cosine__general_cosine_int8_10e2__5b9425eb38e20845__periodic,general_cosine_int8_10e2,10^2,103,window_positions=[100];coefficients=[3],INT8,GPU,not_applicable,compatibility/end-to-end,PASS,OK,20,100,22,0.36833100000000002,true,5b9425eb38e208454273db148ba0d644406dce06b3b60cb7c356c770f691e60a,bc828e68fd748a6b9cd1f568b0366ed898a30c7fd0deb7ae1d8052de6955036f
1,20260810T082117Z_8b745f9a6864_stage08_b01_formal_a102001a,formal,20260810T082117Z,8b745f9a68645ce41c47aa18fcde8b4868ef84eb,true,stage08_b01_general_cosine_scales_v1,98e7d3d2716deaf919d8883f5caa73c3f61a1ce37bffff86a62a6be43aa66f64,operator,general_cosine,NA,NA,general_cosine,general_cosine__general_cosine_int8_10e2__5b9425eb38e20845__periodic,general_cosine_int8_10e2,10^2,103,window_positions=[100];coefficients=[3],INT8,GPU,not_applicable,compatibility/end-to-end,PASS,OK,20,100,23,0.37429200000000001,true,5b9425eb38e208454273db148ba0d644406dce06b3b60cb7c356c770f691e60a,bc828e68fd748a6b9cd1f568b0366ed898a30c7fd0deb7ae1d8052de6955036f
1,20260810T082117Z_8b745f9a6864_stage08_b01_formal_a102001a,formal,20260810T082117Z,8b745f9a68645ce41c47aa18fcde8b4868ef84eb,true,stage08_b01_general_cosine_scales_v1,98e7d3d2716deaf919d8883f5caa73c3f61a1ce37bffff86a62a6be43aa66f64,operator,general_cosine,NA,NA,general_cosine,general_cosine__general_cosine_int8_10e2__5b9425eb38e20845__periodic,general_cosine_int8_10e2,10^2,103,window_positions=[100];coefficients=[3],INT8,GPU,not_applicable,compatibility/end-to-end,PASS,OK,20,100,24,0.33449099999999998,true,5b9425eb38e208454273db148ba0d644406dce06b3b60cb7c356c770f691e60a,bc828e68fd748a6b9cd1f568b0366ed898a30c7fd0deb7ae1d8052de6955036f
1,20260810T082117Z_8b745f9a6864_stage08_b01_formal_a102001a,formal,20260810T082117Z,8b745f9a68645ce41c47aa18fcde8b4868ef84eb,true,stage08_b01_general_cosine_scales_v1,98e7d3d2716deaf919d8883f5caa73c3f61a1ce37bffff86a62a6be43aa66f64,operator,general_cosine,NA,NA,general_cosine,general_cosine__general_cosine_int8_10e2__5b9425eb38e20845__periodic,general_cosine_int8_10e2,10^2,103,window_positions=[100];coefficients=[3],INT8,GPU,not_applicable,compatibility/end-to-end,PASS,OK,20,100,25,0.330071,true,5b9425eb38e208454273db148ba0d644406dce06b3b60cb7c356c770f691e60a,bc828e68fd748a6b9cd1f568b0366ed898a30c7fd0deb7ae1d8052de6955036f
1,20260810T082117Z_8b745f9a6864_stage08_b01_formal_a102001a,formal,20260810T082117Z,8b745f9a68645ce41c47aa18fcde8b4868ef84eb,true,stage08_b01_general_cosine_scales_v1,98e7d3d2716deaf919d8883f5caa73c3f61a1ce37bffff86a62a6be43aa66f64,operator,general_cosine,NA,NA,general_cosine,general_cosine__general_cosine_int8_10e2__5b9425eb38e20845__periodic,general_cosine_int8_10e2,10^2,103,window_positions=[100];coefficients=[3],INT8,GPU,not_applicable,compatibility/end-to-end,PASS,OK,20,100,26,0.332341,true,5b9425eb38e208454273db148ba0d644406dce06b3b60cb7c356c770f691e60a,bc828e68fd748a6b9cd1f568b0366ed898a30c7fd0deb7ae1d8052de6955036f
1,20260810T082117Z_8b745f9a6864_stage08_b01_formal_a102001a,formal,20260810T082117Z,8b745f9a68645ce41c47aa18fcde8b4868ef84eb,true,stage08_b01_general_cosine_scales_v1,98e7d3d2716deaf919d8883f5caa73c3f61a1ce37bffff86a62a6be43aa66f64,operator,general_cosine,NA,NA,general_cosine,general_cosine__general_cosine_int8_10e2__5b9425eb38e20845__periodic,general_cosine_int8_10e2,10^2,103,window_positions=[100];coefficients=[3],INT8,GPU,not_applicable,compatibility/end-to-end,PASS,OK,20,100,27,0.33395000000000002,true,5b9425eb38e208454273db148ba0d644406dce06b3b60cb7c356c770f691e60a,bc828e68fd748a6b9cd1f568b0366ed898a30c7fd0deb7ae1d8052de6955036f
1,20260810T082117Z_8b745f9a6864_stage08_b01_formal_a102001a,formal,20260810T082117Z,8b745f9a68645ce41c47aa18fcde8b4868ef84eb,true,stage08_b01_general_cosine_scales_v1,98e7d3d2716deaf919d8883f5caa73c3f61a1ce37bffff86a62a6be43aa66f64,operator,general_cosine,NA,NA,general_cosine,general_cosine__general_cosine_int8_10e2__5b9425eb38e20845__periodic,general_cosine_int8_10e2,10^2,103,window_positions=[100];coefficients=[3],INT8,GPU,not_applicable,compatibility/end-to-end,PASS,OK,20,100,28,0.33102100000000001,true,5b9425eb38e208454273db148ba0d644406dce06b3b60cb7c356c770f691e60a,bc828e68fd748a6b9cd1f568b0366ed898a30c7fd0deb7ae1d8052de6955036f
1,20260810T082117Z_8b745f9a6864_stage08_b01_formal_a102001a,formal,20260810T082117Z,8b745f9a68645ce41c47aa18fcde8b4868ef84eb,true,stage08_b01_general_cosine_scales_v1,98e7d3d2716deaf919d8883f5caa73c3f61a1ce37bffff86a62a6be43aa66f64,operator,general_cosine,NA,NA,general_cosine,general_cosine__general_cosine_int8_10e2__5b9425eb38e20845__periodic,general_cosine_int8_10e2,10^2,103,window_positions=[100];coefficients=[3],INT8,GPU,not_applicable,compatibility/end-to-end,PASS,OK,20,100,29,0.330621,true,5b9425eb38e208454273db148ba0d644406dce06b3b60cb7c356c770f691e60a,bc828e68fd748a6b9cd1f568b0366ed898a30c7fd0deb7ae1d8052de6955036f
1,20260810T082117Z_8b745f9a6864_stage08_b01_formal_a102001a,formal,20260810T082117Z,8b745f9a68645ce41c47aa18fcde8b4868ef84eb,true,stage08_b01_general_cosine_scales_v1,98e7d3d2716deaf919d8883f5caa73c3f61a1ce37bffff86a62a6be43aa66f64,operator,general_cosine,NA,NA,general_cosine,general_cosine__general_cosine_int8_10e2__5b9425eb38e20845__periodic,general_cosine_int8_10e2,10^2,103,window_positions=[100];coefficients=[3],INT8,GPU,not_applicable,compatibility/end-to-end,PASS,OK,20,100,30,0.33398099999999997,true,5b9425eb38e208454273db148ba0d644406dce06b3b60cb7c356c770f691e60a,bc828e68fd748a6b9cd1f568b0366ed898a30c7fd0deb7ae1d8052de6955036f
1,20260810T082117Z_8b745f9a6864_stage08_b01_formal_a102001a,formal,20260810T082117Z,8b745f9a68645ce41c47aa18fcde8b4868ef84eb,true,stage08_b01_general_cosine_scales_v1,98e7d3d2716deaf919d8883f5caa73c3f61a1ce37bffff86a62a6be43aa66f64,operator,general_cosine,NA,NA,general_cosine,general_cosine__general_cosine_int8_10e2__5b9425eb38e20845__periodic,general_cosine_int8_10e2,10^2,103,window_positions=[100];coefficients=[3],INT8,GPU,not_applicable,compatibility/end-to-end,PASS,OK,20,100,31,0.39072200000000001,true,5b9425eb38e208454273db148ba0d644406dce06b3b60cb7c356c770f691e60a,bc828e68fd748a6b9cd1f568b0366ed898a30c7fd0deb7ae1d8052de6955036f
1,20260810T082117Z_8b745f9a6864_stage08_b01_formal_a102001a,formal,20260810T082117Z,8b745f9a68645ce41c47aa18fcde8b4868ef84eb,true,stage08_b01_general_cosine_scales_v1,98e7d3d2716deaf919d8883f5caa73c3f61a1ce37bffff86a62a6be43aa66f64,operator,general_cosine,NA,NA,general_cosine,general_cosine__general_cosine_int8_10e2__5b9425eb38e20845__periodic,general_cosine_int8_10e2,10^2,103,window_positions=[100];coefficients=[3],INT8,GPU,not_applicable,compatibility/end-to-end,PASS,OK,20,100,32,0.33343099999999998,true,5b9425eb38e208454273db148ba0d644406dce06b3b60cb7c356c770f691e60a,bc828e68fd748a6b9cd1f568b0366ed898a30c7fd0deb7ae1d8052de6955036f
1,20260810T082117Z_8b745f9a6864_stage08_b01_formal_a102001a,formal,20260810T082117Z,8b745f9a68645ce41c47aa18fcde8b4868ef84eb,true,stage08_b01_general_cosine_scales_v1,98e7d3d2716deaf919d8883f5caa73c3f61a1ce37bffff86a62a6be43aa66f64,operator,general_cosine,NA,NA,general_cosine,general_cosine__general_cosine_int8_10e2__5b9425eb38e20845__periodic,general_cosine_int8_10e2,10^2,103,window_positions=[100];coefficients=[3],INT8,GPU,not_applicable,compatibility/end-to-end,PASS,OK,20,100,33,0.33217099999999999,true,5b9425eb38e208454273db148ba0d644406dce06b3b60cb7c356c770f691e60a,bc828e68fd748a6b9cd1f568b0366ed898a30c7fd0deb7ae1d8052de6955036f
1,20260810T082117Z_8b745f9a6864_stage08_b01_formal_a102001a,formal,20260810T082117Z,8b745f9a68645ce41c47aa18fcde8b4868ef84eb,true,stage08_b01_general_cosine_scales_v1,98e7d3d2716deaf919d8883f5caa73c3f61a1ce37bffff86a62a6be43aa66f64,operator,general_cosine,NA,NA,general_cosine,general_cosine__general_cosine_int8_10e2__5b9425eb38e20845__periodic,general_cosine_int8_10e2,10^2,103,window_positions=[100];coefficients=[3],INT8,GPU,not_applicable,compatibility/end-to-end,PASS,OK,20,100,34,0.32217000000000001,true,5b9425eb38e208454273db148ba0d644406dce06b3b60cb7c356c770f691e60a,bc828e68fd748a6b9cd1f568b0366ed898a30c7fd0deb7ae1d8052de6955036f
1,20260810T082117Z_8b745f9a6864_stage08_b01_formal_a102001a,formal,20260810T082117Z,8b745f9a68645ce41c47aa18fcde8b4868ef84eb,true,stage08_b01_general_cosine_scales_v1,98e7d3d2716deaf919d8883f5caa73c3f61a1ce37bffff86a62a6be43aa66f64,operator,general_cosine,NA,NA,general_cosine,general_cosine__general_cosine_int8_10e2__5b9425eb38e20845__periodic,general_cosine_int8_10e2,10^2,103,window_positions=[100];coefficients=[3],INT8,GPU,not_applicable,compatibility/end-to-end,PASS,OK,20,100,35,0.35109099999999999,true,5b9425eb38e208454273db148ba0d644406dce06b3b60cb7c356c770f691e60a,bc828e68fd748a6b9cd1f568b0366ed898a30c7fd0deb7ae1d8052de6955036f
1,20260810T082117Z_8b745f9a6864_stage08_b01_formal_a102001a,formal,20260810T082117Z,8b745f9a68645ce41c47aa18fcde8b4868ef84eb,true,stage08_b01_general_cosine_scales_v1,98e7d3d2716deaf919d8883f5caa73c3f61a1ce37bffff86a62a6be43aa66f64,operator,general_cosine,NA,NA,general_cosine,general_cosine__general_cosine_int8_10e2__5b9425eb38e20845__periodic,general_cosine_int8_10e2,10^2,103,window_positions=[100];coefficients=[3],INT8,GPU,not_applicable,compatibility/end-to-end,PASS,OK,20,100,36,0.33253100000000002,true,5b9425eb38e208454273db148ba0d644406dce06b3b60cb7c356c770f691e60a,bc828e68fd748a6b9cd1f568b0366ed898a30c7fd0deb7ae1d8052de6955036f
1,20260810T082117Z_8b745f9a6864_stage08_b01_formal_a102001a,formal,20260810T082117Z,8b745f9a68645ce41c47aa18fcde8b4868ef84eb,true,stage08_b01_general_cosine_scales_v1,98e7d3d2716deaf919d8883f5caa73c3f61a1ce37bffff86a62a6be43aa66f64,operator,general_cosine,NA,NA,general_cosine,general_cosine__general_cosine_int8_10e2__5b9425eb38e20845__periodic,general_cosine_int8_10e2,10^2,103,window_positions=[100];coefficients=[3],INT8,GPU,not_applicable,compatibility/end-to-end,PASS,OK,20,100,37,0.33047100000000001,true,5b9425eb38e208454273db148ba0d644406dce06b3b60cb7c356c770f691e60a,bc828e68fd748a6b9cd1f568b0366ed898a30c7fd0deb7ae1d8052de6955036f
1,20260810T082117Z_8b745f9a6864_stage08_b01_formal_a102001a,formal,20260810T082117Z,8b745f9a68645ce41c47aa18fcde8b4868ef84eb,true,stage08_b01_general_cosine_scales_v1,98e7d3d2716deaf919d8883f5caa73c3f61a1ce37bffff86a62a6be43aa66f64,operator,general_cosine,NA,NA,general_cosine,general_cosine__general_cosine_int8_10e2__5b9425eb38e20845__periodic,general_cosine_int8_10e2,10^2,103,window_positions=[100];coefficients=[3],INT8,GPU,not_applicable,compatibility/end-to-end,PASS,OK,20,100,38,0.33293099999999998,true,5b9425eb38e208454273db148ba0d644406dce06b3b60cb7c356c770f691e60a,bc828e68fd748a6b9cd1f568b0366ed898a30c7fd0deb7ae1d8052de6955036f
1,20260810T082117Z_8b745f9a6864_stage08_b01_formal_a102001a,formal,20260810T082117Z,8b745f9a68645ce41c47aa18fcde8b4868ef84eb,true,stage08_b01_general_cosine_scales_v1,98e7d3d2716deaf919d8883f5caa73c3f61a1ce37bffff86a62a6be43aa66f64,operator,general_cosine,NA,NA,general_cosine,general_cosine__general_cosine_int8_10e2__5b9425eb38e20845__periodic,general_cosine_int8_10e2,10^2,103,window_positions=[100];coefficients=[3],INT8,GPU,not_applicable,compatibility/end-to-end,PASS,OK,20,100,39,0.320911,true,5b9425eb38e208454273db148ba0d644406dce06b3b60cb7c356c770f691e60a,bc828e68fd748a6b9cd1f568b0366ed898a30c7fd0deb7ae1d8052de6955036f
1,20260810T082117Z_8b745f9a6864_stage08_b01_formal_a102001a,formal,20260810T082117Z,8b745f9a68645ce41c47aa18fcde8b4868ef84eb,true,stage08_b01_general_cosine_scales_v1,98e7d3d2716deaf919d8883f5caa73c3f61a1ce37bffff86a62a6be43aa66f64,operator,general_cosine,NA,NA,general_cosine,general_cosine__general_cosine_int8_10e2__5b9425eb38e20845__periodic,general_cosine_int8_10e2,10^2,103,window_positions=[100];coefficients=[3],INT8,GPU,not_applicable,compatibility/end-to-end,PASS,OK,20,100,40,0.334291,true,5b9425eb38e208454273db148ba0d644406dce06b3b60cb7c356c770f691e60a,bc828e68fd748a6b9cd1f568b0366ed898a30c7fd0deb7ae1d8052de6955036f
1,20260810T082117Z_8b745f9a6864_stage08_b01_formal_a102001a,formal,20260810T082117Z,8b745f9a68645ce41c47aa18fcde8b4868ef84eb,true,stage08_b01_general_cosine_scales_v1,98e7d3d2716deaf919d8883f5caa73c3f61a1ce37bffff86a62a6be43aa66f64,operator,general_cosine,NA,NA,general_cosine,general_cosine__general_cosine_int8_10e2__5b9425eb38e20845__periodic,general_cosine_int8_10e2,10^2,103,window_positions=[100];coefficients=[3],INT8,GPU,not_applicable,compatibility/end-to-end,PASS,OK,20,100,41,0.33505099999999999,true,5b9425eb38e208454273db148ba0d644406dce06b3b60cb7c356c770f691e60a,bc828e68fd748a6b9cd1f568b0366ed898a30c7fd0deb7ae1d8052de6955036f
1,20260810T082117Z_8b745f9a6864_stage08_b01_formal_a102001a,formal,20260810T082117Z,8b745f9a68645ce41c47aa18fcde8b4868ef84eb,true,stage08_b01_general_cosine_scales_v1,98e7d3d2716deaf919d8883f5caa73c3f61a1ce37bffff86a62a6be43aa66f64,operator,general_cosine,NA,NA,general_cosine,general_cosine__general_cosine_int8_10e2__5b9425eb38e20845__periodic,general_cosine_int8_10e2,10^2,103,window_positions=[100];coefficients=[3],INT8,GPU,not_applicable,compatibility/end-to-end,PASS,OK,20,100,42,0.33117099999999999,true,5b9425eb38e208454273db148ba0d644406dce06b3b60cb7c356c770f691e60a,bc828e68fd748a6b9cd1f568b0366ed898a30c7fd0deb7ae1d8052de6955036f
1,20260810T082117Z_8b745f9a6864_stage08_b01_formal_a102001a,formal,20260810T082117Z,8b745f9a68645ce41c47aa18fcde8b4868ef84eb,true,stage08_b01_general_cosine_scales_v1,98e7d3d2716deaf919d8883f5caa73c3f61a1ce37bffff86a62a6be43aa66f64,operator,general_cosine,NA,NA,general_cosine,general_cosine__general_cosine_int8_10e2__5b9425eb38e20845__periodic,general_cosine_int8_10e2,10^2,103,window_positions=[100];coefficients=[3],INT8,GPU,not_applicable,compatibility/end-to-end,PASS,OK,20,100,43,0.334401,true,5b9425eb38e208454273db148ba0d644406dce06b3b60cb7c356c770f691e60a,bc828e68fd748a6b9cd1f568b0366ed898a30c7fd0deb7ae1d8052de6955036f
1,20260810T082117Z_8b745f9a6864_stage08_b01_formal_a102001a,formal,20260810T082117Z,8b745f9a68645ce41c47aa18fcde8b4868ef84eb,true,stage08_b01_general_cosine_scales_v1,98e7d3d2716deaf919d8883f5caa73c3f61a1ce37bffff86a62a6be43aa66f64,operator,general_cosine,NA,NA,general_cosine,general_cosine__general_cosine_int8_10e2__5b9425eb38e20845__periodic,general_cosine_int8_10e2,10^2,103,window_positions=[100];coefficients=[3],INT8,GPU,not_applicable,compatibility/end-to-end,PASS,OK,20,100,44,0.33304099999999998,true,5b9425eb38e208454273db148ba0d644406dce06b3b60cb7c356c770f691e60a,bc828e68fd748a6b9cd1f568b0366ed898a30c7fd0deb7ae1d8052de6955036f
1,20260810T082117Z_8b745f9a6864_stage08_b01_formal_a102001a,formal,20260810T082117Z,8b745f9a68645ce41c47aa18fcde8b4868ef84eb,true,stage08_b01_general_cosine_scales_v1,98e7d3d2716deaf919d8883f5caa73c3f61a1ce37bffff86a62a6be43aa66f64,operator,general_cosine,NA,NA,general_cosine,general_cosine__general_cosine_int8_10e2__5b9425eb38e20845__periodic,general_cosine_int8_10e2,10^2,103,window_positions=[100];coefficients=[3],INT8,GPU,not_applicable,compatibility/end-to-end,PASS,OK,20,100,45,0.33649099999999998,true,5b9425eb38e208454273db148ba0d644406dce06b3b60cb7c356c770f691e60a,bc828e68fd748a6b9cd1f568b0366ed898a30c7fd0deb7ae1d8052de6955036f
1,20260810T082117Z_8b745f9a6864_stage08_b01_formal_a102001a,formal,20260810T082117Z,8b745f9a68645ce41c47aa18fcde8b4868ef84eb,true,stage08_b01_general_cosine_scales_v1,98e7d3d2716deaf919d8883f5caa73c3f61a1ce37bffff86a62a6be43aa66f64,operator,general_cosine,NA,NA,general_cosine,general_cosine__general_cosine_int8_10e2__5b9425eb38e20845__periodic,general_cosine_int8_10e2,10^2,103,window_positions=[100];coefficients=[3],INT8,GPU,not_applicable,compatibility/end-to-end,PASS,OK,20,100,46,0.32375100000000001,true,5b9425eb38e208454273db148ba0d644406dce06b3b60cb7c356c770f691e60a,bc828e68fd748a6b9cd1f568b0366ed898a30c7fd0deb7ae1d8052de6955036f
1,20260810T082117Z_8b745f9a6864_stage08_b01_formal_a102001a,formal,20260810T082117Z,8b745f9a68645ce41c47aa18fcde8b4868ef84eb,true,stage08_b01_general_cosine_scales_v1,98e7d3d2716deaf919d8883f5caa73c3f61a1ce37bffff86a62a6be43aa66f64,operator,general_cosine,NA,NA,general_cosine,general_cosine__general_cosine_int8_10e2__5b9425eb38e20845__periodic,general_cosine_int8_10e2,10^2,103,window_positions=[100];coefficients=[3],INT8,GPU,not_applicable,compatibility/end-to-end,PASS,OK,20,100,47,0.508691,true,5b9425eb38e208454273db148ba0d644406dce06b3b60cb7c356c770f691e60a,bc828e68fd748a6b9cd1f568b0366ed898a30c7fd0deb7ae1d8052de6955036f
1,20260810T082117Z_8b745f9a6864_stage08_b01_formal_a102001a,formal,20260810T082117Z,8b745f9a68645ce41c47aa18fcde8b4868ef84eb,true,stage08_b01_general_cosine_scales_v1,98e7d3d2716deaf919d8883f5caa73c3f61a1ce37bffff86a62a6be43aa66f64,operator,general_cosine,NA,NA,general_cosine,general_cosine__general_cosine_int8_10e2__5b9425eb38e20845__periodic,general_cosine_int8_10e2,10^2,103,window_positions=[100];coefficients=[3],INT8,GPU,not_applicable,compatibility/end-to-end,PASS,OK,20,100,48,0.33317099999999999,true,5b9425eb38e208454273db148ba0d644406dce06b3b60cb7c356c770f691e60a,bc828e68fd748a6b9cd1f568b0366ed898a30c7fd0deb7ae1d8052de6955036f
1,20260810T082117Z_8b745f9a6864_stage08_b01_formal_a102001a,formal,20260810T082117Z,8b745f9a68645ce41c47aa18fcde8b4868ef84eb,true,stage08_b01_general_cosine_scales_v1,98e7d3d2716deaf919d8883f5caa73c3f61a1ce37bffff86a62a6be43aa66f64,operator,general_cosine,NA,NA,general_cosine,general_cosine__general_cosine_int8_10e2__5b9425eb38e20845__periodic,general_cosine_int8_10e2,10^2,103,window_positions=[100];coefficients=[3],INT8,GPU,not_applicable,compatibility/end-to-end,PASS,OK,20,100,49,0.33970099999999998,true,5b9425eb38e208454273db148ba0d644406dce06b3b60cb7c356c770f691e60a,bc828e68fd748a6b9cd1f568b0366ed898a30c7fd0deb7ae1d8052de6955036f
1,20260810T082117Z_8b745f9a6864_stage08_b01_formal_a102001a,formal,20260810T082117Z,8b745f9a68645ce41c47aa18fcde8b4868ef84eb,true,stage08_b01_general_cosine_scales_v1,98e7d3d2716deaf919d8883f5caa73c3f61a1ce37bffff86a62a6be43aa66f64,operator,general_cosine,NA,NA,general_cosine,general_cosine__general_cosine_int8_10e2__5b9425eb38e20845__periodic,general_cosine_int8_10e2,10^2,103,window_positions=[100];coefficients=[3],INT8,GPU,not_applicable,compatibility/end-to-end,PASS,OK,20,100,50,0.33149099999999998,true,5b9425eb38e208454273db148ba0d644406dce06b3b60cb7c356c770f691e60a,bc828e68fd748a6b9cd1f568b0366ed898a30c7fd0deb7ae1d8052de6955036f
1,20260810T082117Z_8b745f9a6864_stage08_b01_formal_a102001a,formal,20260810T082117Z,8b745f9a68645ce41c47aa18fcde8b4868ef84eb,true,stage08_b01_general_cosine_scales_v1,98e7d3d2716deaf919d8883f5caa73c3f61a1ce37bffff86a62a6be43aa66f64,operator,general_cosine,NA,NA,general_cosine,general_cosine__general_cosine_int8_10e2__5b9425eb38e20845__periodic,general_cosine_int8_10e2,10^2,103,window_positions=[100];coefficients=[3],INT8,GPU,not_applicable,compatibility/end-to-end,PASS,OK,20,100,51,0.33130100000000001,true,5b9425eb38e208454273db148ba0d644406dce06b3b60cb7c356c770f691e60a,bc828e68fd748a6b9cd1f568b0366ed898a30c7fd0deb7ae1d8052de6955036f
1,20260810T082117Z_8b745f9a6864_stage08_b01_formal_a102001a,formal,20260810T082117Z,8b745f9a68645ce41c47aa18fcde8b4868ef84eb,true,stage08_b01_general_cosine_scales_v1,98e7d3d2716deaf919d8883f5caa73c3f61a1ce37bffff86a62a6be43aa66f64,operator,general_cosine,NA,NA,general_cosine,general_cosine__general_cosine_int8_10e2__5b9425eb38e20845__periodic,general_cosine_int8_10e2,10^2,103,window_positions=[100];coefficients=[3],INT8,GPU,not_applicable,compatibility/end-to-end,PASS,OK,20,100,52,0.331181,true,5b9425eb38e208454273db148ba0d644406dce06b3b60cb7c356c770f691e60a,bc828e68fd748a6b9cd1f568b0366ed898a30c7fd0deb7ae1d8052de6955036f
1,20260810T082117Z_8b745f9a6864_stage08_b01_formal_a102001a,formal,20260810T082117Z,8b745f9a68645ce41c47aa18fcde8b4868ef84eb,true,stage08_b01_general_cosine_scales_v1,98e7d3d2716deaf919d8883f5caa73c3f61a1ce37bffff86a62a6be43aa66f64,operator,general_cosine,NA,NA,general_cosine,general_cosine__general_cosine_int8_10e2__5b9425eb38e20845__periodic,general_cosine_int8_10e2,10^2,103,window_positions=[100];coefficients=[3],INT8,GPU,not_applicable,compatibility/end-to-end,PASS,OK,20,100,53,0.34058100000000002,true,5b9425eb38e208454273db148ba0d644406dce06b3b60cb7c356c770f691e60a,bc828e68fd748a6b9cd1f568b0366ed898a30c7fd0deb7ae1d8052de6955036f
1,20260810T082117Z_8b745f9a6864_stage08_b01_formal_a102001a,formal,20260810T082117Z,8b745f9a68645ce41c47aa18fcde8b4868ef84eb,true,stage08_b01_general_cosine_scales_v1,98e7d3d2716deaf919d8883f5caa73c3f61a1ce37bffff86a62a6be43aa66f64,operator,general_cosine,NA,NA,general_cosine,general_cosine__general_cosine_int8_10e2__5b9425eb38e20845__periodic,general_cosine_int8_10e2,10^2,103,window_positions=[100];coefficients=[3],INT8,GPU,not_applicable,compatibility/end-to-end,PASS,OK,20,100,54,0.334061,true,5b9425eb38e208454273db148ba0d644406dce06b3b60cb7c356c770f691e60a,bc828e68fd748a6b9cd1f568b0366ed898a30c7fd0deb7ae1d8052de6955036f
1,20260810T082117Z_8b745f9a6864_stage08_b01_formal_a102001a,formal,20260810T082117Z,8b745f9a68645ce41c47aa18fcde8b4868ef84eb,true,stage08_b01_general_cosine_scales_v1,98e7d3d2716deaf919d8883f5caa73c3f61a1ce37bffff86a62a6be43aa66f64,operator,general_cosine,NA,NA,general_cosine,general_cosine__general_cosine_int8_10e2__5b9425eb38e20845__periodic,general_cosine_int8_10e2,10^2,103,window_positions=[100];coefficients=[3],INT8,GPU,not_applicable,compatibility/end-to-end,PASS,OK,20,100,55,0.33544099999999999,true,5b9425eb38e208454273db148ba0d644406dce06b3b60cb7c356c770f691e60a,bc828e68fd748a6b9cd1f568b0366ed898a30c7fd0deb7ae1d8052de6955036f
1,20260810T082117Z_8b745f9a6864_stage08_b01_formal_a102001a,formal,20260810T082117Z,8b745f9a68645ce41c47aa18fcde8b4868ef84eb,true,stage08_b01_general_cosine_scales_v1,98e7d3d2716deaf919d8883f5caa73c3f61a1ce37bffff86a62a6be43aa66f64,operator,general_cosine,NA,NA,general_cosine,general_cosine__general_cosine_int8_10e2__5b9425eb38e20845__periodic,general_cosine_int8_10e2,10^2,103,window_positions=[100];coefficients=[3],INT8,GPU,not_applicable,compatibility/end-to-end,PASS,OK,20,100,56,0.33561099999999999,true,5b9425eb38e208454273db148ba0d644406dce06b3b60cb7c356c770f691e60a,bc828e68fd748a6b9cd1f568b0366ed898a30c7fd0deb7ae1d8052de6955036f
1,20260810T082117Z_8b745f9a6864_stage08_b01_formal_a102001a,formal,20260810T082117Z,8b745f9a68645ce41c47aa18fcde8b4868ef84eb,true,stage08_b01_general_cosine_scales_v1,98e7d3d2716deaf919d8883f5caa73c3f61a1ce37bffff86a62a6be43aa66f64,operator,general_cosine,NA,NA,general_cosine,general_cosine__general_cosine_int8_10e2__5b9425eb38e20845__periodic,general_cosine_int8_10e2,10^2,103,window_positions=[100];coefficients=[3],INT8,GPU,not_applicable,compatibility/end-to-end,PASS,OK,20,100,57,0.33164100000000002,true,5b9425eb38e208454273db148ba0d644406dce06b3b60cb7c356c770f691e60a,bc828e68fd748a6b9cd1f568b0366ed898a30c7fd0deb7ae1d8052de6955036f
1,20260810T082117Z_8b745f9a6864_stage08_b01_formal_a102001a,formal,20260810T082117Z,8b745f9a68645ce41c47aa18fcde8b4868ef84eb,true,stage08_b01_general_cosine_scales_v1,98e7d3d2716deaf919d8883f5caa73c3f61a1ce37bffff86a62a6be43aa66f64,operator,general_cosine,NA,NA,general_cosine,general_cosine__general_cosine_int8_10e2__5b9425eb38e20845__periodic,general_cosine_int8_10e2,10^2,103,window_positions=[100];coefficients=[3],INT8,GPU,not_applicable,compatibility/end-to-end,PASS,OK,20,100,58,0.34792099999999998,true,5b9425eb38e208454273db148ba0d644406dce06b3b60cb7c356c770f691e60a,bc828e68fd748a6b9cd1f568b0366ed898a30c7fd0deb7ae1d8052de6955036f
1,20260810T082117Z_8b745f9a6864_stage08_b01_formal_a102001a,formal,20260810T082117Z,8b745f9a68645ce41c47aa18fcde8b4868ef84eb,true,stage08_b01_general_cosine_scales_v1,98e7d3d2716deaf919d8883f5caa73c3f61a1ce37bffff86a62a6be43aa66f64,operator,general_cosine,NA,NA,general_cosine,general_cosine__general_cosine_int8_10e2__5b9425eb38e20845__periodic,general_cosine_int8_10e2,10^2,103,window_positions=[100];coefficients=[3],INT8,GPU,not_applicable,compatibility/end-to-end,PASS,OK,20,100,59,0.33446100000000001,true,5b9425eb38e208454273db148ba0d644406dce06b3b60cb7c356c770f691e60a,bc828e68fd748a6b9cd1f568b0366ed898a30c7fd0deb7ae1d8052de6955036f
1,20260810T082117Z_8b745f9a6864_stage08_b01_formal_a102001a,formal,20260810T082117Z,8b745f9a68645ce41c47aa18fcde8b4868ef84eb,true,stage08_b01_general_cosine_scales_v1,98e7d3d2716deaf919d8883f5caa73c3f61a1ce37bffff86a62a6be43aa66f64,operator,general_cosine,NA,NA,general_cosine,general_cosine__general_cosine_int8_10e2__5b9425eb38e20845__periodic,general_cosine_int8_10e2,10^2,103,window_positions=[100];coefficients=[3],INT8,GPU,not_applicable,compatibility/end-to-end,PASS,OK,20,100,60,0.33487099999999997,true,5b9425eb38e208454273db148ba0d644406dce06b3b60cb7c356c770f691e60a,bc828e68fd748a6b9cd1f568b0366ed898a30c7fd0deb7ae1d8052de6955036f
1,20260810T082117Z_8b745f9a6864_stage08_b01_formal_a102001a,formal,20260810T082117Z,8b745f9a68645ce41c47aa18fcde8b4868ef84eb,true,stage08_b01_general_cosine_scales_v1,98e7d3d2716deaf919d8883f5caa73c3f61a1ce37bffff86a62a6be43aa66f64,operator,general_cosine,NA,NA,general_cosine,general_cosine__general_cosine_int8_10e2__5b9425eb38e20845__periodic,general_cosine_int8_10e2,10^2,103,window_positions=[100];coefficients=[3],INT8,GPU,not_applicable,compatibility/end-to-end,PASS,OK,20,100,61,0.329791,true,5b9425eb38e208454273db148ba0d644406dce06b3b60cb7c356c770f691e60a,bc828e68fd748a6b9cd1f568b0366ed898a30c7fd0deb7ae1d8052de6955036f
1,20260810T082117Z_8b745f9a6864_stage08_b01_formal_a102001a,formal,20260810T082117Z,8b745f9a68645ce41c47aa18fcde8b4868ef84eb,true,stage08_b01_general_cosine_scales_v1,98e7d3d2716deaf919d8883f5caa73c3f61a1ce37bffff86a62a6be43aa66f64,operator,general_cosine,NA,NA,general_cosine,general_cosine__general_cosine_int8_10e2__5b9425eb38e20845__periodic,general_cosine_int8_10e2,10^2,103,window_positions=[100];coefficients=[3],INT8,GPU,not_applicable,compatibility/end-to-end,PASS,OK,20,100,62,0.34143099999999998,true,5b9425eb38e208454273db148ba0d644406dce06b3b60cb7c356c770f691e60a,bc828e68fd748a6b9cd1f568b0366ed898a30c7fd0deb7ae1d8052de6955036f
1,20260810T082117Z_8b745f9a6864_stage08_b01_formal_a102001a,formal,20260810T082117Z,8b745f9a68645ce41c47aa18fcde8b4868ef84eb,true,stage08_b01_general_cosine_scales_v1,98e7d3d2716deaf919d8883f5caa73c3f61a1ce37bffff86a62a6be43aa66f64,operator,general_cosine,NA,NA,general_cosine,general_cosine__general_cosine_int8_10e2__5b9425eb38e20845__periodic,general_cosine_int8_10e2,10^2,103,window_positions=[100];coefficients=[3],INT8,GPU,not_applicable,compatibility/end-to-end,PASS,OK,20,100,63,0.32998100000000002,true,5b9425eb38e208454273db148ba0d644406dce06b3b60cb7c356c770f691e60a,bc828e68fd748a6b9cd1f568b0366ed898a30c7fd0deb7ae1d8052de6955036f
1,20260810T082117Z_8b745f9a6864_stage08_b01_formal_a102001a,formal,20260810T082117Z,8b745f9a68645ce41c47aa18fcde8b4868ef84eb,true,stage08_b01_general_cosine_scales_v1,98e7d3d2716deaf919d8883f5caa73c3f61a1ce37bffff86a62a6be43aa66f64,operator,general_cosine,NA,NA,general_cosine,general_cosine__general_cosine_int8_10e2__5b9425eb38e20845__periodic,general_cosine_int8_10e2,10^2,103,window_positions=[100];coefficients=[3],INT8,GPU,not_applicable,compatibility/end-to-end,PASS,OK,20,100,64,0.32974100000000001,true,5b9425eb38e208454273db148ba0d644406dce06b3b60cb7c356c770f691e60a,bc828e68fd748a6b9cd1f568b0366ed898a30c7fd0deb7ae1d8052de6955036f
1,20260810T082117Z_8b745f9a6864_stage08_b01_formal_a102001a,formal,20260810T082117Z,8b745f9a68645ce41c47aa18fcde8b4868ef84eb,true,stage08_b01_general_cosine_scales_v1,98e7d3d2716deaf919d8883f5caa73c3f61a1ce37bffff86a62a6be43aa66f64,operator,general_cosine,NA,NA,general_cosine,general_cosine__general_cosine_int8_10e2__5b9425eb38e20845__periodic,general_cosine_int8_10e2,10^2,103,window_positions=[100];coefficients=[3],INT8,GPU,not_applicable,compatibility/end-to-end,PASS,OK,20,100,65,0.33236100000000002,true,5b9425eb38e208454273db148ba0d644406dce06b3b60cb7c356c770f691e60a,bc828e68fd748a6b9cd1f568b0366ed898a30c7fd0deb7ae1d8052de6955036f
1,20260810T082117Z_8b745f9a6864_stage08_b01_formal_a102001a,formal,20260810T082117Z,8b745f9a68645ce41c47aa18fcde8b4868ef84eb,true,stage08_b01_general_cosine_scales_v1,98e7d3d2716deaf919d8883f5caa73c3f61a1ce37bffff86a62a6be43aa66f64,operator,general_cosine,NA,NA,general_cosine,general_cosine__general_cosine_int8_10e2__5b9425eb38e20845__periodic,general_cosine_int8_10e2,10^2,103,window_positions=[100];coefficients=[3],INT8,GPU,not_applicable,compatibility/end-to-end,PASS,OK,20,100,66,0.329961,true,5b9425eb38e208454273db148ba0d644406dce06b3b60cb7c356c770f691e60a,bc828e68fd748a6b9cd1f568b0366ed898a30c7fd0deb7ae1d8052de6955036f
1,20260810T082117Z_8b745f9a6864_stage08_b01_formal_a102001a,formal,20260810T082117Z,8b745f9a68645ce41c47aa18fcde8b4868ef84eb,true,stage08_b01_general_cosine_scales_v1,98e7d3d2716deaf919d8883f5caa73c3f61a1ce37bffff86a62a6be43aa66f64,operator,general_cosine,NA,NA,general_cosine,general_cosine__general_cosine_int8_10e2__5b9425eb38e20845__periodic,general_cosine_int8_10e2,10^2,103,window_positions=[100];coefficients=[3],INT8,GPU,not_applicable,compatibility/end-to-end,PASS,OK,20,100,67,0.33071099999999998,true,5b9425eb38e208454273db148ba0d644406dce06b3b60cb7c356c770f691e60a,bc828e68fd748a6b9cd1f568b0366ed898a30c7fd0deb7ae1d8052de6955036f
1,20260810T082117Z_8b745f9a6864_stage08_b01_formal_a102001a,formal,20260810T082117Z,8b745f9a68645ce41c47aa18fcde8b4868ef84eb,true,stage08_b01_general_cosine_scales_v1,98e7d3d2716deaf919d8883f5caa73c3f61a1ce37bffff86a62a6be43aa66f64,operator,general_cosine,NA,NA,general_cosine,general_cosine__general_cosine_int8_10e2__5b9425eb38e20845__periodic,general_cosine_int8_10e2,10^2,103,window_positions=[100];coefficients=[3],INT8,GPU,not_applicable,compatibility/end-to-end,PASS,OK,20,100,68,0.33535100000000001,true,5b9425eb38e208454273db148ba0d644406dce06b3b60cb7c356c770f691e60a,bc828e68fd748a6b9cd1f568b0366ed898a30c7fd0deb7ae1d8052de6955036f
1,20260810T082117Z_8b745f9a6864_stage08_b01_formal_a102001a,formal,20260810T082117Z,8b745f9a68645ce41c47aa18fcde8b4868ef84eb,true,stage08_b01_general_cosine_scales_v1,98e7d3d2716deaf919d8883f5caa73c3f61a1ce37bffff86a62a6be43aa66f64,operator,general_cosine,NA,NA,general_cosine,general_cosine__general_cosine_int8_10e2__5b9425eb38e20845__periodic,general_cosine_int8_10e2,10^2,103,window_positions=[100];coefficients=[3],INT8,GPU,not_applicable,compatibility/end-to-end,PASS,OK,20,100,69,0.33205099999999999,true,5b9425eb38e208454273db148ba0d644406dce06b3b60cb7c356c770f691e60a,bc828e68fd748a6b9cd1f568b0366ed898a30c7fd0deb7ae1d8052de6955036f
1,20260810T082117Z_8b745f9a6864_stage08_b01_formal_a102001a,formal,20260810T082117Z,8b745f9a68645ce41c47aa18fcde8b4868ef84eb,true,stage08_b01_general_cosine_scales_v1,98e7d3d2716deaf919d8883f5caa73c3f61a1ce37bffff86a62a6be43aa66f64,operator,general_cosine,NA,NA,general_cosine,general_cosine__general_cosine_int8_10e2__5b9425eb38e20845__periodic,general_cosine_int8_10e2,10^2,103,window_positions=[100];coefficients=[3],INT8,GPU,not_applicable,compatibility/end-to-end,PASS,OK,20,100,70,0.35003099999999998,true,5b9425eb38e208454273db148ba0d644406dce06b3b60cb7c356c770f691e60a,bc828e68fd748a6b9cd1f568b0366ed898a30c7fd0deb7ae1d8052de6955036f
1,20260810T082117Z_8b745f9a6864_stage08_b01_formal_a102001a,formal,20260810T082117Z,8b745f9a68645ce41c47aa18fcde8b4868ef84eb,true,stage08_b01_general_cosine_scales_v1,98e7d3d2716deaf919d8883f5caa73c3f61a1ce37bffff86a62a6be43aa66f64,operator,general_cosine,NA,NA,general_cosine,general_cosine__general_cosine_int8_10e2__5b9425eb38e20845__periodic,general_cosine_int8_10e2,10^2,103,window_positions=[100];coefficients=[3],INT8,GPU,not_applicable,compatibility/end-to-end,PASS,OK,20,100,71,0.33766099999999999,true,5b9425eb38e208454273db148ba0d644406dce06b3b60cb7c356c770f691e60a,bc828e68fd748a6b9cd1f568b0366ed898a30c7fd0deb7ae1d8052de6955036f
1,20260810T082117Z_8b745f9a6864_stage08_b01_formal_a102001a,formal,20260810T082117Z,8b745f9a68645ce41c47aa18fcde8b4868ef84eb,true,stage08_b01_general_cosine_scales_v1,98e7d3d2716deaf919d8883f5caa73c3f61a1ce37bffff86a62a6be43aa66f64,operator,general_cosine,NA,NA,general_cosine,general_cosine__general_cosine_int8_10e2__5b9425eb38e20845__periodic,general_cosine_int8_10e2,10^2,103,window_positions=[100];coefficients=[3],INT8,GPU,not_applicable,compatibility/end-to-end,PASS,OK,20,100,72,0.33111099999999999,true,5b9425eb38e208454273db148ba0d644406dce06b3b60cb7c356c770f691e60a,bc828e68fd748a6b9cd1f568b0366ed898a30c7fd0deb7ae1d8052de6955036f
1,20260810T082117Z_8b745f9a6864_stage08_b01_formal_a102001a,formal,20260810T082117Z,8b745f9a68645ce41c47aa18fcde8b4868ef84eb,true,stage08_b01_general_cosine_scales_v1,98e7d3d2716deaf919d8883f5caa73c3f61a1ce37bffff86a62a6be43aa66f64,operator,general_cosine,NA,NA,general_cosine,general_cosine__general_cosine_int8_10e2__5b9425eb38e20845__periodic,general_cosine_int8_10e2,10^2,103,window_positions=[100];coefficients=[3],INT8,GPU,not_applicable,compatibility/end-to-end,PASS,OK,20,100,73,0.32678099999999999,true,5b9425eb38e208454273db148ba0d644406dce06b3b60cb7c356c770f691e60a,bc828e68fd748a6b9cd1f568b0366ed898a30c7fd0deb7ae1d8052de6955036f
1,20260810T082117Z_8b745f9a6864_stage08_b01_formal_a102001a,formal,20260810T082117Z,8b745f9a68645ce41c47aa18fcde8b4868ef84eb,true,stage08_b01_general_cosine_scales_v1,98e7d3d2716deaf919d8883f5caa73c3f61a1ce37bffff86a62a6be43aa66f64,operator,general_cosine,NA,NA,general_cosine,general_cosine__general_cosine_int8_10e2__5b9425eb38e20845__periodic,general_cosine_int8_10e2,10^2,103,window_positions=[100];coefficients=[3],INT8,GPU,not_applicable,compatibility/end-to-end,PASS,OK,20,100,74,0.331791,true,5b9425eb38e208454273db148ba0d644406dce06b3b60cb7c356c770f691e60a,bc828e68fd748a6b9cd1f568b0366ed898a30c7fd0deb7ae1d8052de6955036f
1,20260810T082117Z_8b745f9a6864_stage08_b01_formal_a102001a,formal,20260810T082117Z,8b745f9a68645ce41c47aa18fcde8b4868ef84eb,true,stage08_b01_general_cosine_scales_v1,98e7d3d2716deaf919d8883f5caa73c3f61a1ce37bffff86a62a6be43aa66f64,operator,general_cosine,NA,NA,general_cosine,general_cosine__general_cosine_int8_10e2__5b9425eb38e20845__periodic,general_cosine_int8_10e2,10^2,103,window_positions=[100];coefficients=[3],INT8,GPU,not_applicable,compatibility/end-to-end,PASS,OK,20,100,75,0.32812999999999998,true,5b9425eb38e208454273db148ba0d644406dce06b3b60cb7c356c770f691e60a,bc828e68fd748a6b9cd1f568b0366ed898a30c7fd0deb7ae1d8052de6955036f
1,20260810T082117Z_8b745f9a6864_stage08_b01_formal_a102001a,formal,20260810T082117Z,8b745f9a68645ce41c47aa18fcde8b4868ef84eb,true,stage08_b01_general_cosine_scales_v1,98e7d3d2716deaf919d8883f5caa73c3f61a1ce37bffff86a62a6be43aa66f64,operator,general_cosine,NA,NA,general_cosine,general_cosine__general_cosine_int8_10e2__5b9425eb38e20845__periodic,general_cosine_int8_10e2,10^2,103,window_positions=[100];coefficients=[3],INT8,GPU,not_applicable,compatibility/end-to-end,PASS,OK,20,100,76,0.327241,true,5b9425eb38e208454273db148ba0d644406dce06b3b60cb7c356c770f691e60a,bc828e68fd748a6b9cd1f568b0366ed898a30c7fd0deb7ae1d8052de6955036f
1,20260810T082117Z_8b745f9a6864_stage08_b01_formal_a102001a,formal,20260810T082117Z,8b745f9a68645ce41c47aa18fcde8b4868ef84eb,true,stage08_b01_general_cosine_scales_v1,98e7d3d2716deaf919d8883f5caa73c3f61a1ce37bffff86a62a6be43aa66f64,operator,general_cosine,NA,NA,general_cosine,general_cosine__general_cosine_int8_10e2__5b9425eb38e20845__periodic,general_cosine_int8_10e2,10^2,103,window_positions=[100];coefficients=[3],INT8,GPU,not_applicable,compatibility/end-to-end,PASS,OK,20,100,77,0.334121,true,5b9425eb38e208454273db148ba0d644406dce06b3b60cb7c356c770f691e60a,bc828e68fd748a6b9cd1f568b0366ed898a30c7fd0deb7ae1d8052de6955036f
1,20260810T082117Z_8b745f9a6864_stage08_b01_formal_a102001a,formal,20260810T082117Z,8b745f9a68645ce41c47aa18fcde8b4868ef84eb,true,stage08_b01_general_cosine_scales_v1,98e7d3d2716deaf919d8883f5caa73c3f61a1ce37bffff86a62a6be43aa66f64,operator,general_cosine,NA,NA,general_cosine,general_cosine__general_cosine_int8_10e2__5b9425eb38e20845__periodic,general_cosine_int8_10e2,10^2,103,window_positions=[100];coefficients=[3],INT8,GPU,not_applicable,compatibility/end-to-end,PASS,OK,20,100,78,0.33150099999999999,true,5b9425eb38e208454273db148ba0d644406dce06b3b60cb7c356c770f691e60a,bc828e68fd748a6b9cd1f568b0366ed898a30c7fd0deb7ae1d8052de6955036f
1,20260810T082117Z_8b745f9a6864_stage08_b01_formal_a102001a,formal,20260810T082117Z,8b745f9a68645ce41c47aa18fcde8b4868ef84eb,true,stage08_b01_general_cosine_scales_v1,98e7d3d2716deaf919d8883f5caa73c3f61a1ce37bffff86a62a6be43aa66f64,operator,general_cosine,NA,NA,general_cosine,general_cosine__general_cosine_int8_10e2__5b9425eb38e20845__periodic,general_cosine_int8_10e2,10^2,103,window_positions=[100];coefficients=[3],INT8,GPU,not_applicable,compatibility/end-to-end,PASS,OK,20,100,79,0.32983099999999999,true,5b9425eb38e208454273db148ba0d644406dce06b3b60cb7c356c770f691e60a,bc828e68fd748a6b9cd1f568b0366ed898a30c7fd0deb7ae1d8052de6955036f
1,20260810T082117Z_8b745f9a6864_stage08_b01_formal_a102001a,formal,20260810T082117Z,8b745f9a68645ce41c47aa18fcde8b4868ef84eb,true,stage08_b01_general_cosine_scales_v1,98e7d3d2716deaf919d8883f5caa73c3f61a1ce37bffff86a62a6be43aa66f64,operator,general_cosine,NA,NA,general_cosine,general_cosine__general_cosine_int8_10e2__5b9425eb38e20845__periodic,general_cosine_int8_10e2,10^2,103,window_positions=[100];coefficients=[3],INT8,GPU,not_applicable,compatibility/end-to-end,PASS,OK,20,100,80,0.33690100000000001,true,5b9425eb38e208454273db148ba0d644406dce06b3b60cb7c356c770f691e60a,bc828e68fd748a6b9cd1f568b0366ed898a30c7fd0deb7ae1d8052de6955036f
1,20260810T082117Z_8b745f9a6864_stage08_b01_formal_a102001a,formal,20260810T082117Z,8b745f9a68645ce41c47aa18fcde8b4868ef84eb,true,stage08_b01_general_cosine_scales_v1,98e7d3d2716deaf919d8883f5caa73c3f61a1ce37bffff86a62a6be43aa66f64,operator,general_cosine,NA,NA,general_cosine,general_cosine__general_cosine_int8_10e2__5b9425eb38e20845__periodic,general_cosine_int8_10e2,10^2,103,window_positions=[100];coefficients=[3],INT8,GPU,not_applicable,compatibility/end-to-end,PASS,OK,20,100,81,0.33274100000000001,true,5b9425eb38e208454273db148ba0d644406dce06b3b60cb7c356c770f691e60a,bc828e68fd748a6b9cd1f568b0366ed898a30c7fd0deb7ae1d8052de6955036f
1,20260810T082117Z_8b745f9a6864_stage08_b01_formal_a102001a,formal,20260810T082117Z,8b745f9a68645ce41c47aa18fcde8b4868ef84eb,true,stage08_b01_general_cosine_scales_v1,98e7d3d2716deaf919d8883f5caa73c3f61a1ce37bffff86a62a6be43aa66f64,operator,general_cosine,NA,NA,general_cosine,general_cosine__general_cosine_int8_10e2__5b9425eb38e20845__periodic,general_cosine_int8_10e2,10^2,103,window_positions=[100];coefficients=[3],INT8,GPU,not_applicable,compatibility/end-to-end,PASS,OK,20,100,82,0.346551,true,5b9425eb38e208454273db148ba0d644406dce06b3b60cb7c356c770f691e60a,bc828e68fd748a6b9cd1f568b0366ed898a30c7fd0deb7ae1d8052de6955036f
1,20260810T082117Z_8b745f9a6864_stage08_b01_formal_a102001a,formal,20260810T082117Z,8b745f9a68645ce41c47aa18fcde8b4868ef84eb,true,stage08_b01_general_cosine_scales_v1,98e7d3d2716deaf919d8883f5caa73c3f61a1ce37bffff86a62a6be43aa66f64,operator,general_cosine,NA,NA,general_cosine,general_cosine__general_cosine_int8_10e2__5b9425eb38e20845__periodic,general_cosine_int8_10e2,10^2,103,window_positions=[100];coefficients=[3],INT8,GPU,not_applicable,compatibility/end-to-end,PASS,OK,20,100,83,0.33369100000000002,true,5b9425eb38e208454273db148ba0d644406dce06b3b60cb7c356c770f691e60a,bc828e68fd748a6b9cd1f568b0366ed898a30c7fd0deb7ae1d8052de6955036f
1,20260810T082117Z_8b745f9a6864_stage08_b01_formal_a102001a,formal,20260810T082117Z,8b745f9a68645ce41c47aa18fcde8b4868ef84eb,true,stage08_b01_general_cosine_scales_v1,98e7d3d2716deaf919d8883f5caa73c3f61a1ce37bffff86a62a6be43aa66f64,operator,general_cosine,NA,NA,general_cosine,general_cosine__general_cosine_int8_10e2__5b9425eb38e20845__periodic,general_cosine_int8_10e2,10^2,103,window_positions=[100];coefficients=[3],INT8,GPU,not_applicable,compatibility/end-to-end,PASS,OK,20,100,84,0.33064100000000002,true,5b9425eb38e208454273db148ba0d644406dce06b3b60cb7c356c770f691e60a,bc828e68fd748a6b9cd1f568b0366ed898a30c7fd0deb7ae1d8052de6955036f
1,20260810T082117Z_8b745f9a6864_stage08_b01_formal_a102001a,formal,20260810T082117Z,8b745f9a68645ce41c47aa18fcde8b4868ef84eb,true,stage08_b01_general_cosine_scales_v1,98e7d3d2716deaf919d8883f5caa73c3f61a1ce37bffff86a62a6be43aa66f64,operator,general_cosine,NA,NA,general_cosine,general_cosine__general_cosine_int8_10e2__5b9425eb38e20845__periodic,general_cosine_int8_10e2,10^2,103,window_positions=[100];coefficients=[3],INT8,GPU,not_applicable,compatibility/end-to-end,PASS,OK,20,100,85,0.32994099999999998,true,5b9425eb38e208454273db148ba0d644406dce06b3b60cb7c356c770f691e60a,bc828e68fd748a6b9cd1f568b0366ed898a30c7fd0deb7ae1d8052de6955036f
1,20260810T082117Z_8b745f9a6864_stage08_b01_formal_a102001a,formal,20260810T082117Z,8b745f9a68645ce41c47aa18fcde8b4868ef84eb,true,stage08_b01_general_cosine_scales_v1,98e7d3d2716deaf919d8883f5caa73c3f61a1ce37bffff86a62a6be43aa66f64,operator,general_cosine,NA,NA,general_cosine,general_cosine__general_cosine_int8_10e2__5b9425eb38e20845__periodic,general_cosine_int8_10e2,10^2,103,window_positions=[100];coefficients=[3],INT8,GPU,not_applicable,compatibility/end-to-end,PASS,OK,20,100,86,0.33414100000000002,true,5b9425eb38e208454273db148ba0d644406dce06b3b60cb7c356c770f691e60a,bc828e68fd748a6b9cd1f568b0366ed898a30c7fd0deb7ae1d8052de6955036f
1,20260810T082117Z_8b745f9a6864_stage08_b01_formal_a102001a,formal,20260810T082117Z,8b745f9a68645ce41c47aa18fcde8b4868ef84eb,true,stage08_b01_general_cosine_scales_v1,98e7d3d2716deaf919d8883f5caa73c3f61a1ce37bffff86a62a6be43aa66f64,operator,general_cosine,NA,NA,general_cosine,general_cosine__general_cosine_int8_10e2__5b9425eb38e20845__periodic,general_cosine_int8_10e2,10^2,103,window_positions=[100];coefficients=[3],INT8,GPU,not_applicable,compatibility/end-to-end,PASS,OK,20,100,87,0.33518100000000001,true,5b9425eb38e208454273db148ba0d644406dce06b3b60cb7c356c770f691e60a,bc828e68fd748a6b9cd1f568b0366ed898a30c7fd0deb7ae1d8052de6955036f
1,20260810T082117Z_8b745f9a6864_stage08_b01_formal_a102001a,formal,20260810T082117Z,8b745f9a68645ce41c47aa18fcde8b4868ef84eb,true,stage08_b01_general_cosine_scales_v1,98e7d3d2716deaf919d8883f5caa73c3f61a1ce37bffff86a62a6be43aa66f64,operator,general_cosine,NA,NA,general_cosine,general_cosine__general_cosine_int8_10e2__5b9425eb38e20845__periodic,general_cosine_int8_10e2,10^2,103,window_positions=[100];coefficients=[3],INT8,GPU,not_applicable,compatibility/end-to-end,PASS,OK,20,100,88,0.33953100000000003,true,5b9425eb38e208454273db148ba0d644406dce06b3b60cb7c356c770f691e60a,bc828e68fd748a6b9cd1f568b0366ed898a30c7fd0deb7ae1d8052de6955036f
1,20260810T082117Z_8b745f9a6864_stage08_b01_formal_a102001a,formal,20260810T082117Z,8b745f9a68645ce41c47aa18fcde8b4868ef84eb,true,stage08_b01_general_cosine_scales_v1,98e7d3d2716deaf919d8883f5caa73c3f61a1ce37bffff86a62a6be43aa66f64,operator,general_cosine,NA,NA,general_cosine,general_cosine__general_cosine_int8_10e2__5b9425eb38e20845__periodic,general_cosine_int8_10e2,10^2,103,window_positions=[100];coefficients=[3],INT8,GPU,not_applicable,compatibility/end-to-end,PASS,OK,20,100,89,0.33435100000000001,true,5b9425eb38e208454273db148ba0d644406dce06b3b60cb7c356c770f691e60a,bc828e68fd748a6b9cd1f568b0366ed898a30c7fd0deb7ae1d8052de6955036f
1,20260810T082117Z_8b745f9a6864_stage08_b01_formal_a102001a,formal,20260810T082117Z,8b745f9a68645ce41c47aa18fcde8b4868ef84eb,true,stage08_b01_general_cosine_scales_v1,98e7d3d2716deaf919d8883f5caa73c3f61a1ce37bffff86a62a6be43aa66f64,operator,general_cosine,NA,NA,general_cosine,general_cosine__general_cosine_int8_10e2__5b9425eb38e20845__periodic,general_cosine_int8_10e2,10^2,103,window_positions=[100];coefficients=[3],INT8,GPU,not_applicable,compatibility/end-to-end,PASS,OK,20,100,90,0.33796100000000001,true,5b9425eb38e208454273db148ba0d644406dce06b3b60cb7c356c770f691e60a,bc828e68fd748a6b9cd1f568b0366ed898a30c7fd0deb7ae1d8052de6955036f
1,20260810T082117Z_8b745f9a6864_stage08_b01_formal_a102001a,formal,20260810T082117Z,8b745f9a68645ce41c47aa18fcde8b4868ef84eb,true,stage08_b01_general_cosine_scales_v1,98e7d3d2716deaf919d8883f5caa73c3f61a1ce37bffff86a62a6be43aa66f64,operator,general_cosine,NA,NA,general_cosine,general_cosine__general_cosine_int8_10e2__5b9425eb38e20845__periodic,general_cosine_int8_10e2,10^2,103,window_positions=[100];coefficients=[3],INT8,GPU,not_applicable,compatibility/end-to-end,PASS,OK,20,100,91,0.32090099999999999,true,5b9425eb38e208454273db148ba0d644406dce06b3b60cb7c356c770f691e60a,bc828e68fd748a6b9cd1f568b0366ed898a30c7fd0deb7ae1d8052de6955036f
1,20260810T082117Z_8b745f9a6864_stage08_b01_formal_a102001a,formal,20260810T082117Z,8b745f9a68645ce41c47aa18fcde8b4868ef84eb,true,stage08_b01_general_cosine_scales_v1,98e7d3d2716deaf919d8883f5caa73c3f61a1ce37bffff86a62a6be43aa66f64,operator,general_cosine,NA,NA,general_cosine,general_cosine__general_cosine_int8_10e2__5b9425eb38e20845__periodic,general_cosine_int8_10e2,10^2,103,window_positions=[100];coefficients=[3],INT8,GPU,not_applicable,compatibility/end-to-end,PASS,OK,20,100,92,0.332291,true,5b9425eb38e208454273db148ba0d644406dce06b3b60cb7c356c770f691e60a,bc828e68fd748a6b9cd1f568b0366ed898a30c7fd0deb7ae1d8052de6955036f
1,20260810T082117Z_8b745f9a6864_stage08_b01_formal_a102001a,formal,20260810T082117Z,8b745f9a68645ce41c47aa18fcde8b4868ef84eb,true,stage08_b01_general_cosine_scales_v1,98e7d3d2716deaf919d8883f5caa73c3f61a1ce37bffff86a62a6be43aa66f64,operator,general_cosine,NA,NA,general_cosine,general_cosine__general_cosine_int8_10e2__5b9425eb38e20845__periodic,general_cosine_int8_10e2,10^2,103,window_positions=[100];coefficients=[3],INT8,GPU,not_applicable,compatibility/end-to-end,PASS,OK,20,100,93,0.33766099999999999,true,5b9425eb38e208454273db148ba0d644406dce06b3b60cb7c356c770f691e60a,bc828e68fd748a6b9cd1f568b0366ed898a30c7fd0deb7ae1d8052de6955036f
1,20260810T082117Z_8b745f9a6864_stage08_b01_formal_a102001a,formal,20260810T082117Z,8b745f9a68645ce41c47aa18fcde8b4868ef84eb,true,stage08_b01_general_cosine_scales_v1,98e7d3d2716deaf919d8883f5caa73c3f61a1ce37bffff86a62a6be43aa66f64,operator,general_cosine,NA,NA,general_cosine,general_cosine__general_cosine_int8_10e2__5b9425eb38e20845__periodic,general_cosine_int8_10e2,10^2,103,window_positions=[100];coefficients=[3],INT8,GPU,not_applicable,compatibility/end-to-end,PASS,OK,20,100,94,0.35639100000000001,true,5b9425eb38e208454273db148ba0d644406dce06b3b60cb7c356c770f691e60a,bc828e68fd748a6b9cd1f568b0366ed898a30c7fd0deb7ae1d8052de6955036f
1,20260810T082117Z_8b745f9a6864_stage08_b01_formal_a102001a,formal,20260810T082117Z,8b745f9a68645ce41c47aa18fcde8b4868ef84eb,true,stage08_b01_general_cosine_scales_v1,98e7d3d2716deaf919d8883f5caa73c3f61a1ce37bffff86a62a6be43aa66f64,operator,general_cosine,NA,NA,general_cosine,general_cosine__general_cosine_int8_10e2__5b9425eb38e20845__periodic,general_cosine_int8_10e2,10^2,103,window_positions=[100];coefficients=[3],INT8,GPU,not_applicable,compatibility/end-to-end,PASS,OK,20,100,95,0.34298099999999998,true,5b9425eb38e208454273db148ba0d644406dce06b3b60cb7c356c770f691e60a,bc828e68fd748a6b9cd1f568b0366ed898a30c7fd0deb7ae1d8052de6955036f
1,20260810T082117Z_8b745f9a6864_stage08_b01_formal_a102001a,formal,20260810T082117Z,8b745f9a68645ce41c47aa18fcde8b4868ef84eb,true,stage08_b01_general_cosine_scales_v1,98e7d3d2716deaf919d8883f5caa73c3f61a1ce37bffff86a62a6be43aa66f64,operator,general_cosine,NA,NA,general_cosine,general_cosine__general_cosine_int8_10e2__5b9425eb38e20845__periodic,general_cosine_int8_10e2,10^2,103,window_positions=[100];coefficients=[3],INT8,GPU,not_applicable,compatibility/end-to-end,PASS,OK,20,100,96,0.33618100000000001,true,5b9425eb38e208454273db148ba0d644406dce06b3b60cb7c356c770f691e60a,bc828e68fd748a6b9cd1f568b0366ed898a30c7fd0deb7ae1d8052de6955036f
1,20260810T082117Z_8b745f9a6864_stage08_b01_formal_a102001a,formal,20260810T082117Z,8b745f9a68645ce41c47aa18fcde8b4868ef84eb,true,stage08_b01_general_cosine_scales_v1,98e7d3d2716deaf919d8883f5caa73c3f61a1ce37bffff86a62a6be43aa66f64,operator,general_cosine,NA,NA,general_cosine,general_cosine__general_cosine_int8_10e2__5b9425eb38e20845__periodic,general_cosine_int8_10e2,10^2,103,window_positions=[100];coefficients=[3],INT8,GPU,not_applicable,compatibility/end-to-end,PASS,OK,20,100,97,0.332231,true,5b9425eb38e208454273db148ba0d644406dce06b3b60cb7c356c770f691e60a,bc828e68fd748a6b9cd1f568b0366ed898a30c7fd0deb7ae1d8052de6955036f
1,20260810T082117Z_8b745f9a6864_stage08_b01_formal_a102001a,formal,20260810T082117Z,8b745f9a68645ce41c47aa18fcde8b4868ef84eb,true,stage08_b01_general_cosine_scales_v1,98e7d3d2716deaf919d8883f5caa73c3f61a1ce37bffff86a62a6be43aa66f64,operator,general_cosine,NA,NA,general_cosine,general_cosine__general_cosine_int8_10e2__5b9425eb38e20845__periodic,general_cosine_int8_10e2,10^2,103,window_positions=[100];coefficients=[3],INT8,GPU,not_applicable,compatibility/end-to-end,PASS,OK,20,100,98,0.33192100000000002,true,5b9425eb38e208454273db148ba0d644406dce06b3b60cb7c356c770f691e60a,bc828e68fd748a6b9cd1f568b0366ed898a30c7fd0deb7ae1d8052de6955036f
1,20260810T082117Z_8b745f9a6864_stage08_b01_formal_a102001a,formal,20260810T082117Z,8b745f9a68645ce41c47aa18fcde8b4868ef84eb,true,stage08_b01_general_cosine_scales_v1,98e7d3d2716deaf919d8883f5caa73c3f61a1ce37bffff86a62a6be43aa66f64,operator,general_cosine,NA,NA,general_cosine,general_cosine__general_cosine_int8_10e2__5b9425eb38e20845__periodic,general_cosine_int8_10e2,10^2,103,window_positions=[100];coefficients=[3],INT8,GPU,not_applicable,compatibility/end-to-end,PASS,OK,20,100,99,0.329961,true,5b9425eb38e208454273db148ba0d644406dce06b3b60cb7c356c770f691e60a,bc828e68fd748a6b9cd1f568b0366ed898a30c7fd0deb7ae1d8052de6955036f
