schema_version,run_id,run_type,test_time_utc,git_commit,git_dirty,config_id,config_sha256,target_kind,target,task_name,step_name,operator_name,case_id,scale_id,order_of_magnitude,actual_elements,input_shape,dtype,device,backend,timing_scope,status,error_code,warmup_runs,measured_runs,sample_index,latency_ms,synchronized,input_digest,output_digest
1,20260810T105146Z_2836c8dc200d_stage07_b05_formal_50b827d9,formal,20260810T105146Z,2836c8dc200d20a9b8f76b3e8fad9933590364f2,false,stage07_b05_task2_features_v1,d28a9ecf742a39244e3f212a60bccff9502cf004bd41efee9f82e74ce6365e50,operator,spectrogram,Task2,Step4,spectrogram,spectrogram__spectrogram_int32_10e3__9d88fd253bb8a5e3,spectrogram_int32_10e3,10^3,1024,signal=[1024],INT32,CPU,fft_thrust,compatibility/end-to-end,PASS,OK,20,100,0,6.092273,true,9d88fd253bb8a5e3a87b97ce6f861a347c51375fbcaa3f239dadc2708e5340a1,763b4c079273b18c9c749dd3aa1134c4affdbed3a9c384849a1eb89a7b2ac198
1,20260810T105146Z_2836c8dc200d_stage07_b05_formal_50b827d9,formal,20260810T105146Z,2836c8dc200d20a9b8f76b3e8fad9933590364f2,false,stage07_b05_task2_features_v1,d28a9ecf742a39244e3f212a60bccff9502cf004bd41efee9f82e74ce6365e50,operator,spectrogram,Task2,Step4,spectrogram,spectrogram__spectrogram_int32_10e3__9d88fd253bb8a5e3,spectrogram_int32_10e3,10^3,1024,signal=[1024],INT32,CPU,fft_thrust,compatibility/end-to-end,PASS,OK,20,100,1,6.087082,true,9d88fd253bb8a5e3a87b97ce6f861a347c51375fbcaa3f239dadc2708e5340a1,763b4c079273b18c9c749dd3aa1134c4affdbed3a9c384849a1eb89a7b2ac198
1,20260810T105146Z_2836c8dc200d_stage07_b05_formal_50b827d9,formal,20260810T105146Z,2836c8dc200d20a9b8f76b3e8fad9933590364f2,false,stage07_b05_task2_features_v1,d28a9ecf742a39244e3f212a60bccff9502cf004bd41efee9f82e74ce6365e50,operator,spectrogram,Task2,Step4,spectrogram,spectrogram__spectrogram_int32_10e3__9d88fd253bb8a5e3,spectrogram_int32_10e3,10^3,1024,signal=[1024],INT32,CPU,fft_thrust,compatibility/end-to-end,PASS,OK,20,100,2,6.087673,true,9d88fd253bb8a5e3a87b97ce6f861a347c51375fbcaa3f239dadc2708e5340a1,763b4c079273b18c9c749dd3aa1134c4affdbed3a9c384849a1eb89a7b2ac198
1,20260810T105146Z_2836c8dc200d_stage07_b05_formal_50b827d9,formal,20260810T105146Z,2836c8dc200d20a9b8f76b3e8fad9933590364f2,false,stage07_b05_task2_features_v1,d28a9ecf742a39244e3f212a60bccff9502cf004bd41efee9f82e74ce6365e50,operator,spectrogram,Task2,Step4,spectrogram,spectrogram__spectrogram_int32_10e3__9d88fd253bb8a5e3,spectrogram_int32_10e3,10^3,1024,signal=[1024],INT32,CPU,fft_thrust,compatibility/end-to-end,PASS,OK,20,100,3,6.082072,true,9d88fd253bb8a5e3a87b97ce6f861a347c51375fbcaa3f239dadc2708e5340a1,763b4c079273b18c9c749dd3aa1134c4affdbed3a9c384849a1eb89a7b2ac198
1,20260810T105146Z_2836c8dc200d_stage07_b05_formal_50b827d9,formal,20260810T105146Z,2836c8dc200d20a9b8f76b3e8fad9933590364f2,false,stage07_b05_task2_features_v1,d28a9ecf742a39244e3f212a60bccff9502cf004bd41efee9f82e74ce6365e50,operator,spectrogram,Task2,Step4,spectrogram,spectrogram__spectrogram_int32_10e3__9d88fd253bb8a5e3,spectrogram_int32_10e3,10^3,1024,signal=[1024],INT32,CPU,fft_thrust,compatibility/end-to-end,PASS,OK,20,100,4,6.089873,true,9d88fd253bb8a5e3a87b97ce6f861a347c51375fbcaa3f239dadc2708e5340a1,763b4c079273b18c9c749dd3aa1134c4affdbed3a9c384849a1eb89a7b2ac198
1,20260810T105146Z_2836c8dc200d_stage07_b05_formal_50b827d9,formal,20260810T105146Z,2836c8dc200d20a9b8f76b3e8fad9933590364f2,false,stage07_b05_task2_features_v1,d28a9ecf742a39244e3f212a60bccff9502cf004bd41efee9f82e74ce6365e50,operator,spectrogram,Task2,Step4,spectrogram,spectrogram__spectrogram_int32_10e3__9d88fd253bb8a5e3,spectrogram_int32_10e3,10^3,1024,signal=[1024],INT32,CPU,fft_thrust,compatibility/end-to-end,PASS,OK,20,100,5,6.076902,true,9d88fd253bb8a5e3a87b97ce6f861a347c51375fbcaa3f239dadc2708e5340a1,763b4c079273b18c9c749dd3aa1134c4affdbed3a9c384849a1eb89a7b2ac198
1,20260810T105146Z_2836c8dc200d_stage07_b05_formal_50b827d9,formal,20260810T105146Z,2836c8dc200d20a9b8f76b3e8fad9933590364f2,false,stage07_b05_task2_features_v1,d28a9ecf742a39244e3f212a60bccff9502cf004bd41efee9f82e74ce6365e50,operator,spectrogram,Task2,Step4,spectrogram,spectrogram__spectrogram_int32_10e3__9d88fd253bb8a5e3,spectrogram_int32_10e3,10^3,1024,signal=[1024],INT32,CPU,fft_thrust,compatibility/end-to-end,PASS,OK,20,100,6,6.097633,true,9d88fd253bb8a5e3a87b97ce6f861a347c51375fbcaa3f239dadc2708e5340a1,763b4c079273b18c9c749dd3aa1134c4affdbed3a9c384849a1eb89a7b2ac198
1,20260810T105146Z_2836c8dc200d_stage07_b05_formal_50b827d9,formal,20260810T105146Z,2836c8dc200d20a9b8f76b3e8fad9933590364f2,false,stage07_b05_task2_features_v1,d28a9ecf742a39244e3f212a60bccff9502cf004bd41efee9f82e74ce6365e50,operator,spectrogram,Task2,Step4,spectrogram,spectrogram__spectrogram_int32_10e3__9d88fd253bb8a5e3,spectrogram_int32_10e3,10^3,1024,signal=[1024],INT32,CPU,fft_thrust,compatibility/end-to-end,PASS,OK,20,100,7,6.082453,true,9d88fd253bb8a5e3a87b97ce6f861a347c51375fbcaa3f239dadc2708e5340a1,763b4c079273b18c9c749dd3aa1134c4affdbed3a9c384849a1eb89a7b2ac198
1,20260810T105146Z_2836c8dc200d_stage07_b05_formal_50b827d9,formal,20260810T105146Z,2836c8dc200d20a9b8f76b3e8fad9933590364f2,false,stage07_b05_task2_features_v1,d28a9ecf742a39244e3f212a60bccff9502cf004bd41efee9f82e74ce6365e50,operator,spectrogram,Task2,Step4,spectrogram,spectrogram__spectrogram_int32_10e3__9d88fd253bb8a5e3,spectrogram_int32_10e3,10^3,1024,signal=[1024],INT32,CPU,fft_thrust,compatibility/end-to-end,PASS,OK,20,100,8,6.109203,true,9d88fd253bb8a5e3a87b97ce6f861a347c51375fbcaa3f239dadc2708e5340a1,763b4c079273b18c9c749dd3aa1134c4affdbed3a9c384849a1eb89a7b2ac198
1,20260810T105146Z_2836c8dc200d_stage07_b05_formal_50b827d9,formal,20260810T105146Z,2836c8dc200d20a9b8f76b3e8fad9933590364f2,false,stage07_b05_task2_features_v1,d28a9ecf742a39244e3f212a60bccff9502cf004bd41efee9f82e74ce6365e50,operator,spectrogram,Task2,Step4,spectrogram,spectrogram__spectrogram_int32_10e3__9d88fd253bb8a5e3,spectrogram_int32_10e3,10^3,1024,signal=[1024],INT32,CPU,fft_thrust,compatibility/end-to-end,PASS,OK,20,100,9,6.069332,true,9d88fd253bb8a5e3a87b97ce6f861a347c51375fbcaa3f239dadc2708e5340a1,763b4c079273b18c9c749dd3aa1134c4affdbed3a9c384849a1eb89a7b2ac198
1,20260810T105146Z_2836c8dc200d_stage07_b05_formal_50b827d9,formal,20260810T105146Z,2836c8dc200d20a9b8f76b3e8fad9933590364f2,false,stage07_b05_task2_features_v1,d28a9ecf742a39244e3f212a60bccff9502cf004bd41efee9f82e74ce6365e50,operator,spectrogram,Task2,Step4,spectrogram,spectrogram__spectrogram_int32_10e3__9d88fd253bb8a5e3,spectrogram_int32_10e3,10^3,1024,signal=[1024],INT32,CPU,fft_thrust,compatibility/end-to-end,PASS,OK,20,100,10,6.092683,true,9d88fd253bb8a5e3a87b97ce6f861a347c51375fbcaa3f239dadc2708e5340a1,763b4c079273b18c9c749dd3aa1134c4affdbed3a9c384849a1eb89a7b2ac198
1,20260810T105146Z_2836c8dc200d_stage07_b05_formal_50b827d9,formal,20260810T105146Z,2836c8dc200d20a9b8f76b3e8fad9933590364f2,false,stage07_b05_task2_features_v1,d28a9ecf742a39244e3f212a60bccff9502cf004bd41efee9f82e74ce6365e50,operator,spectrogram,Task2,Step4,spectrogram,spectrogram__spectrogram_int32_10e3__9d88fd253bb8a5e3,spectrogram_int32_10e3,10^3,1024,signal=[1024],INT32,CPU,fft_thrust,compatibility/end-to-end,PASS,OK,20,100,11,6.079082,true,9d88fd253bb8a5e3a87b97ce6f861a347c51375fbcaa3f239dadc2708e5340a1,763b4c079273b18c9c749dd3aa1134c4affdbed3a9c384849a1eb89a7b2ac198
1,20260810T105146Z_2836c8dc200d_stage07_b05_formal_50b827d9,formal,20260810T105146Z,2836c8dc200d20a9b8f76b3e8fad9933590364f2,false,stage07_b05_task2_features_v1,d28a9ecf742a39244e3f212a60bccff9502cf004bd41efee9f82e74ce6365e50,operator,spectrogram,Task2,Step4,spectrogram,spectrogram__spectrogram_int32_10e3__9d88fd253bb8a5e3,spectrogram_int32_10e3,10^3,1024,signal=[1024],INT32,CPU,fft_thrust,compatibility/end-to-end,PASS,OK,20,100,12,6.083782,true,9d88fd253bb8a5e3a87b97ce6f861a347c51375fbcaa3f239dadc2708e5340a1,763b4c079273b18c9c749dd3aa1134c4affdbed3a9c384849a1eb89a7b2ac198
1,20260810T105146Z_2836c8dc200d_stage07_b05_formal_50b827d9,formal,20260810T105146Z,2836c8dc200d20a9b8f76b3e8fad9933590364f2,false,stage07_b05_task2_features_v1,d28a9ecf742a39244e3f212a60bccff9502cf004bd41efee9f82e74ce6365e50,operator,spectrogram,Task2,Step4,spectrogram,spectrogram__spectrogram_int32_10e3__9d88fd253bb8a5e3,spectrogram_int32_10e3,10^3,1024,signal=[1024],INT32,CPU,fft_thrust,compatibility/end-to-end,PASS,OK,20,100,13,6.070373,true,9d88fd253bb8a5e3a87b97ce6f861a347c51375fbcaa3f239dadc2708e5340a1,763b4c079273b18c9c749dd3aa1134c4affdbed3a9c384849a1eb89a7b2ac198
1,20260810T105146Z_2836c8dc200d_stage07_b05_formal_50b827d9,formal,20260810T105146Z,2836c8dc200d20a9b8f76b3e8fad9933590364f2,false,stage07_b05_task2_features_v1,d28a9ecf742a39244e3f212a60bccff9502cf004bd41efee9f82e74ce6365e50,operator,spectrogram,Task2,Step4,spectrogram,spectrogram__spectrogram_int32_10e3__9d88fd253bb8a5e3,spectrogram_int32_10e3,10^3,1024,signal=[1024],INT32,CPU,fft_thrust,compatibility/end-to-end,PASS,OK,20,100,14,6.080842,true,9d88fd253bb8a5e3a87b97ce6f861a347c51375fbcaa3f239dadc2708e5340a1,763b4c079273b18c9c749dd3aa1134c4affdbed3a9c384849a1eb89a7b2ac198
1,20260810T105146Z_2836c8dc200d_stage07_b05_formal_50b827d9,formal,20260810T105146Z,2836c8dc200d20a9b8f76b3e8fad9933590364f2,false,stage07_b05_task2_features_v1,d28a9ecf742a39244e3f212a60bccff9502cf004bd41efee9f82e74ce6365e50,operator,spectrogram,Task2,Step4,spectrogram,spectrogram__spectrogram_int32_10e3__9d88fd253bb8a5e3,spectrogram_int32_10e3,10^3,1024,signal=[1024],INT32,CPU,fft_thrust,compatibility/end-to-end,PASS,OK,20,100,15,6.078052,true,9d88fd253bb8a5e3a87b97ce6f861a347c51375fbcaa3f239dadc2708e5340a1,763b4c079273b18c9c749dd3aa1134c4affdbed3a9c384849a1eb89a7b2ac198
1,20260810T105146Z_2836c8dc200d_stage07_b05_formal_50b827d9,formal,20260810T105146Z,2836c8dc200d20a9b8f76b3e8fad9933590364f2,false,stage07_b05_task2_features_v1,d28a9ecf742a39244e3f212a60bccff9502cf004bd41efee9f82e74ce6365e50,operator,spectrogram,Task2,Step4,spectrogram,spectrogram__spectrogram_int32_10e3__9d88fd253bb8a5e3,spectrogram_int32_10e3,10^3,1024,signal=[1024],INT32,CPU,fft_thrust,compatibility/end-to-end,PASS,OK,20,100,16,6.084203,true,9d88fd253bb8a5e3a87b97ce6f861a347c51375fbcaa3f239dadc2708e5340a1,763b4c079273b18c9c749dd3aa1134c4affdbed3a9c384849a1eb89a7b2ac198
1,20260810T105146Z_2836c8dc200d_stage07_b05_formal_50b827d9,formal,20260810T105146Z,2836c8dc200d20a9b8f76b3e8fad9933590364f2,false,stage07_b05_task2_features_v1,d28a9ecf742a39244e3f212a60bccff9502cf004bd41efee9f82e74ce6365e50,operator,spectrogram,Task2,Step4,spectrogram,spectrogram__spectrogram_int32_10e3__9d88fd253bb8a5e3,spectrogram_int32_10e3,10^3,1024,signal=[1024],INT32,CPU,fft_thrust,compatibility/end-to-end,PASS,OK,20,100,17,6.073941,true,9d88fd253bb8a5e3a87b97ce6f861a347c51375fbcaa3f239dadc2708e5340a1,763b4c079273b18c9c749dd3aa1134c4affdbed3a9c384849a1eb89a7b2ac198
1,20260810T105146Z_2836c8dc200d_stage07_b05_formal_50b827d9,formal,20260810T105146Z,2836c8dc200d20a9b8f76b3e8fad9933590364f2,false,stage07_b05_task2_features_v1,d28a9ecf742a39244e3f212a60bccff9502cf004bd41efee9f82e74ce6365e50,operator,spectrogram,Task2,Step4,spectrogram,spectrogram__spectrogram_int32_10e3__9d88fd253bb8a5e3,spectrogram_int32_10e3,10^3,1024,signal=[1024],INT32,CPU,fft_thrust,compatibility/end-to-end,PASS,OK,20,100,18,6.087623,true,9d88fd253bb8a5e3a87b97ce6f861a347c51375fbcaa3f239dadc2708e5340a1,763b4c079273b18c9c749dd3aa1134c4affdbed3a9c384849a1eb89a7b2ac198
1,20260810T105146Z_2836c8dc200d_stage07_b05_formal_50b827d9,formal,20260810T105146Z,2836c8dc200d20a9b8f76b3e8fad9933590364f2,false,stage07_b05_task2_features_v1,d28a9ecf742a39244e3f212a60bccff9502cf004bd41efee9f82e74ce6365e50,operator,spectrogram,Task2,Step4,spectrogram,spectrogram__spectrogram_int32_10e3__9d88fd253bb8a5e3,spectrogram_int32_10e3,10^3,1024,signal=[1024],INT32,CPU,fft_thrust,compatibility/end-to-end,PASS,OK,20,100,19,6.078472,true,9d88fd253bb8a5e3a87b97ce6f861a347c51375fbcaa3f239dadc2708e5340a1,763b4c079273b18c9c749dd3aa1134c4affdbed3a9c384849a1eb89a7b2ac198
1,20260810T105146Z_2836c8dc200d_stage07_b05_formal_50b827d9,formal,20260810T105146Z,2836c8dc200d20a9b8f76b3e8fad9933590364f2,false,stage07_b05_task2_features_v1,d28a9ecf742a39244e3f212a60bccff9502cf004bd41efee9f82e74ce6365e50,operator,spectrogram,Task2,Step4,spectrogram,spectrogram__spectrogram_int32_10e3__9d88fd253bb8a5e3,spectrogram_int32_10e3,10^3,1024,signal=[1024],INT32,CPU,fft_thrust,compatibility/end-to-end,PASS,OK,20,100,20,6.090383,true,9d88fd253bb8a5e3a87b97ce6f861a347c51375fbcaa3f239dadc2708e5340a1,763b4c079273b18c9c749dd3aa1134c4affdbed3a9c384849a1eb89a7b2ac198
1,20260810T105146Z_2836c8dc200d_stage07_b05_formal_50b827d9,formal,20260810T105146Z,2836c8dc200d20a9b8f76b3e8fad9933590364f2,false,stage07_b05_task2_features_v1,d28a9ecf742a39244e3f212a60bccff9502cf004bd41efee9f82e74ce6365e50,operator,spectrogram,Task2,Step4,spectrogram,spectrogram__spectrogram_int32_10e3__9d88fd253bb8a5e3,spectrogram_int32_10e3,10^3,1024,signal=[1024],INT32,CPU,fft_thrust,compatibility/end-to-end,PASS,OK,20,100,21,6.078552,true,9d88fd253bb8a5e3a87b97ce6f861a347c51375fbcaa3f239dadc2708e5340a1,763b4c079273b18c9c749dd3aa1134c4affdbed3a9c384849a1eb89a7b2ac198
1,20260810T105146Z_2836c8dc200d_stage07_b05_formal_50b827d9,formal,20260810T105146Z,2836c8dc200d20a9b8f76b3e8fad9933590364f2,false,stage07_b05_task2_features_v1,d28a9ecf742a39244e3f212a60bccff9502cf004bd41efee9f82e74ce6365e50,operator,spectrogram,Task2,Step4,spectrogram,spectrogram__spectrogram_int32_10e3__9d88fd253bb8a5e3,spectrogram_int32_10e3,10^3,1024,signal=[1024],INT32,CPU,fft_thrust,compatibility/end-to-end,PASS,OK,20,100,22,6.091253,true,9d88fd253bb8a5e3a87b97ce6f861a347c51375fbcaa3f239dadc2708e5340a1,763b4c079273b18c9c749dd3aa1134c4affdbed3a9c384849a1eb89a7b2ac198
1,20260810T105146Z_2836c8dc200d_stage07_b05_formal_50b827d9,formal,20260810T105146Z,2836c8dc200d20a9b8f76b3e8fad9933590364f2,false,stage07_b05_task2_features_v1,d28a9ecf742a39244e3f212a60bccff9502cf004bd41efee9f82e74ce6365e50,operator,spectrogram,Task2,Step4,spectrogram,spectrogram__spectrogram_int32_10e3__9d88fd253bb8a5e3,spectrogram_int32_10e3,10^3,1024,signal=[1024],INT32,CPU,fft_thrust,compatibility/end-to-end,PASS,OK,20,100,23,6.077512,true,9d88fd253bb8a5e3a87b97ce6f861a347c51375fbcaa3f239dadc2708e5340a1,763b4c079273b18c9c749dd3aa1134c4affdbed3a9c384849a1eb89a7b2ac198
1,20260810T105146Z_2836c8dc200d_stage07_b05_formal_50b827d9,formal,20260810T105146Z,2836c8dc200d20a9b8f76b3e8fad9933590364f2,false,stage07_b05_task2_features_v1,d28a9ecf742a39244e3f212a60bccff9502cf004bd41efee9f82e74ce6365e50,operator,spectrogram,Task2,Step4,spectrogram,spectrogram__spectrogram_int32_10e3__9d88fd253bb8a5e3,spectrogram_int32_10e3,10^3,1024,signal=[1024],INT32,CPU,fft_thrust,compatibility/end-to-end,PASS,OK,20,100,24,6.103404,true,9d88fd253bb8a5e3a87b97ce6f861a347c51375fbcaa3f239dadc2708e5340a1,763b4c079273b18c9c749dd3aa1134c4affdbed3a9c384849a1eb89a7b2ac198
1,20260810T105146Z_2836c8dc200d_stage07_b05_formal_50b827d9,formal,20260810T105146Z,2836c8dc200d20a9b8f76b3e8fad9933590364f2,false,stage07_b05_task2_features_v1,d28a9ecf742a39244e3f212a60bccff9502cf004bd41efee9f82e74ce6365e50,operator,spectrogram,Task2,Step4,spectrogram,spectrogram__spectrogram_int32_10e3__9d88fd253bb8a5e3,spectrogram_int32_10e3,10^3,1024,signal=[1024],INT32,CPU,fft_thrust,compatibility/end-to-end,PASS,OK,20,100,25,6.089312,true,9d88fd253bb8a5e3a87b97ce6f861a347c51375fbcaa3f239dadc2708e5340a1,763b4c079273b18c9c749dd3aa1134c4affdbed3a9c384849a1eb89a7b2ac198
1,20260810T105146Z_2836c8dc200d_stage07_b05_formal_50b827d9,formal,20260810T105146Z,2836c8dc200d20a9b8f76b3e8fad9933590364f2,false,stage07_b05_task2_features_v1,d28a9ecf742a39244e3f212a60bccff9502cf004bd41efee9f82e74ce6365e50,operator,spectrogram,Task2,Step4,spectrogram,spectrogram__spectrogram_int32_10e3__9d88fd253bb8a5e3,spectrogram_int32_10e3,10^3,1024,signal=[1024],INT32,CPU,fft_thrust,compatibility/end-to-end,PASS,OK,20,100,26,6.092523,true,9d88fd253bb8a5e3a87b97ce6f861a347c51375fbcaa3f239dadc2708e5340a1,763b4c079273b18c9c749dd3aa1134c4affdbed3a9c384849a1eb89a7b2ac198
1,20260810T105146Z_2836c8dc200d_stage07_b05_formal_50b827d9,formal,20260810T105146Z,2836c8dc200d20a9b8f76b3e8fad9933590364f2,false,stage07_b05_task2_features_v1,d28a9ecf742a39244e3f212a60bccff9502cf004bd41efee9f82e74ce6365e50,operator,spectrogram,Task2,Step4,spectrogram,spectrogram__spectrogram_int32_10e3__9d88fd253bb8a5e3,spectrogram_int32_10e3,10^3,1024,signal=[1024],INT32,CPU,fft_thrust,compatibility/end-to-end,PASS,OK,20,100,27,6.092933,true,9d88fd253bb8a5e3a87b97ce6f861a347c51375fbcaa3f239dadc2708e5340a1,763b4c079273b18c9c749dd3aa1134c4affdbed3a9c384849a1eb89a7b2ac198
1,20260810T105146Z_2836c8dc200d_stage07_b05_formal_50b827d9,formal,20260810T105146Z,2836c8dc200d20a9b8f76b3e8fad9933590364f2,false,stage07_b05_task2_features_v1,d28a9ecf742a39244e3f212a60bccff9502cf004bd41efee9f82e74ce6365e50,operator,spectrogram,Task2,Step4,spectrogram,spectrogram__spectrogram_int32_10e3__9d88fd253bb8a5e3,spectrogram_int32_10e3,10^3,1024,signal=[1024],INT32,CPU,fft_thrust,compatibility/end-to-end,PASS,OK,20,100,28,6.088092,true,9d88fd253bb8a5e3a87b97ce6f861a347c51375fbcaa3f239dadc2708e5340a1,763b4c079273b18c9c749dd3aa1134c4affdbed3a9c384849a1eb89a7b2ac198
1,20260810T105146Z_2836c8dc200d_stage07_b05_formal_50b827d9,formal,20260810T105146Z,2836c8dc200d20a9b8f76b3e8fad9933590364f2,false,stage07_b05_task2_features_v1,d28a9ecf742a39244e3f212a60bccff9502cf004bd41efee9f82e74ce6365e50,operator,spectrogram,Task2,Step4,spectrogram,spectrogram__spectrogram_int32_10e3__9d88fd253bb8a5e3,spectrogram_int32_10e3,10^3,1024,signal=[1024],INT32,CPU,fft_thrust,compatibility/end-to-end,PASS,OK,20,100,29,6.091533,true,9d88fd253bb8a5e3a87b97ce6f861a347c51375fbcaa3f239dadc2708e5340a1,763b4c079273b18c9c749dd3aa1134c4affdbed3a9c384849a1eb89a7b2ac198
1,20260810T105146Z_2836c8dc200d_stage07_b05_formal_50b827d9,formal,20260810T105146Z,2836c8dc200d20a9b8f76b3e8fad9933590364f2,false,stage07_b05_task2_features_v1,d28a9ecf742a39244e3f212a60bccff9502cf004bd41efee9f82e74ce6365e50,operator,spectrogram,Task2,Step4,spectrogram,spectrogram__spectrogram_int32_10e3__9d88fd253bb8a5e3,spectrogram_int32_10e3,10^3,1024,signal=[1024],INT32,CPU,fft_thrust,compatibility/end-to-end,PASS,OK,20,100,30,6.075912,true,9d88fd253bb8a5e3a87b97ce6f861a347c51375fbcaa3f239dadc2708e5340a1,763b4c079273b18c9c749dd3aa1134c4affdbed3a9c384849a1eb89a7b2ac198
1,20260810T105146Z_2836c8dc200d_stage07_b05_formal_50b827d9,formal,20260810T105146Z,2836c8dc200d20a9b8f76b3e8fad9933590364f2,false,stage07_b05_task2_features_v1,d28a9ecf742a39244e3f212a60bccff9502cf004bd41efee9f82e74ce6365e50,operator,spectrogram,Task2,Step4,spectrogram,spectrogram__spectrogram_int32_10e3__9d88fd253bb8a5e3,spectrogram_int32_10e3,10^3,1024,signal=[1024],INT32,CPU,fft_thrust,compatibility/end-to-end,PASS,OK,20,100,31,6.463369,true,9d88fd253bb8a5e3a87b97ce6f861a347c51375fbcaa3f239dadc2708e5340a1,763b4c079273b18c9c749dd3aa1134c4affdbed3a9c384849a1eb89a7b2ac198
1,20260810T105146Z_2836c8dc200d_stage07_b05_formal_50b827d9,formal,20260810T105146Z,2836c8dc200d20a9b8f76b3e8fad9933590364f2,false,stage07_b05_task2_features_v1,d28a9ecf742a39244e3f212a60bccff9502cf004bd41efee9f82e74ce6365e50,operator,spectrogram,Task2,Step4,spectrogram,spectrogram__spectrogram_int32_10e3__9d88fd253bb8a5e3,spectrogram_int32_10e3,10^3,1024,signal=[1024],INT32,CPU,fft_thrust,compatibility/end-to-end,PASS,OK,20,100,32,6.087293,true,9d88fd253bb8a5e3a87b97ce6f861a347c51375fbcaa3f239dadc2708e5340a1,763b4c079273b18c9c749dd3aa1134c4affdbed3a9c384849a1eb89a7b2ac198
1,20260810T105146Z_2836c8dc200d_stage07_b05_formal_50b827d9,formal,20260810T105146Z,2836c8dc200d20a9b8f76b3e8fad9933590364f2,false,stage07_b05_task2_features_v1,d28a9ecf742a39244e3f212a60bccff9502cf004bd41efee9f82e74ce6365e50,operator,spectrogram,Task2,Step4,spectrogram,spectrogram__spectrogram_int32_10e3__9d88fd253bb8a5e3,spectrogram_int32_10e3,10^3,1024,signal=[1024],INT32,CPU,fft_thrust,compatibility/end-to-end,PASS,OK,20,100,33,6.095413,true,9d88fd253bb8a5e3a87b97ce6f861a347c51375fbcaa3f239dadc2708e5340a1,763b4c079273b18c9c749dd3aa1134c4affdbed3a9c384849a1eb89a7b2ac198
1,20260810T105146Z_2836c8dc200d_stage07_b05_formal_50b827d9,formal,20260810T105146Z,2836c8dc200d20a9b8f76b3e8fad9933590364f2,false,stage07_b05_task2_features_v1,d28a9ecf742a39244e3f212a60bccff9502cf004bd41efee9f82e74ce6365e50,operator,spectrogram,Task2,Step4,spectrogram,spectrogram__spectrogram_int32_10e3__9d88fd253bb8a5e3,spectrogram_int32_10e3,10^3,1024,signal=[1024],INT32,CPU,fft_thrust,compatibility/end-to-end,PASS,OK,20,100,34,6.081812,true,9d88fd253bb8a5e3a87b97ce6f861a347c51375fbcaa3f239dadc2708e5340a1,763b4c079273b18c9c749dd3aa1134c4affdbed3a9c384849a1eb89a7b2ac198
1,20260810T105146Z_2836c8dc200d_stage07_b05_formal_50b827d9,formal,20260810T105146Z,2836c8dc200d20a9b8f76b3e8fad9933590364f2,false,stage07_b05_task2_features_v1,d28a9ecf742a39244e3f212a60bccff9502cf004bd41efee9f82e74ce6365e50,operator,spectrogram,Task2,Step4,spectrogram,spectrogram__spectrogram_int32_10e3__9d88fd253bb8a5e3,spectrogram_int32_10e3,10^3,1024,signal=[1024],INT32,CPU,fft_thrust,compatibility/end-to-end,PASS,OK,20,100,35,6.095523,true,9d88fd253bb8a5e3a87b97ce6f861a347c51375fbcaa3f239dadc2708e5340a1,763b4c079273b18c9c749dd3aa1134c4affdbed3a9c384849a1eb89a7b2ac198
1,20260810T105146Z_2836c8dc200d_stage07_b05_formal_50b827d9,formal,20260810T105146Z,2836c8dc200d20a9b8f76b3e8fad9933590364f2,false,stage07_b05_task2_features_v1,d28a9ecf742a39244e3f212a60bccff9502cf004bd41efee9f82e74ce6365e50,operator,spectrogram,Task2,Step4,spectrogram,spectrogram__spectrogram_int32_10e3__9d88fd253bb8a5e3,spectrogram_int32_10e3,10^3,1024,signal=[1024],INT32,CPU,fft_thrust,compatibility/end-to-end,PASS,OK,20,100,36,6.086183,true,9d88fd253bb8a5e3a87b97ce6f861a347c51375fbcaa3f239dadc2708e5340a1,763b4c079273b18c9c749dd3aa1134c4affdbed3a9c384849a1eb89a7b2ac198
1,20260810T105146Z_2836c8dc200d_stage07_b05_formal_50b827d9,formal,20260810T105146Z,2836c8dc200d20a9b8f76b3e8fad9933590364f2,false,stage07_b05_task2_features_v1,d28a9ecf742a39244e3f212a60bccff9502cf004bd41efee9f82e74ce6365e50,operator,spectrogram,Task2,Step4,spectrogram,spectrogram__spectrogram_int32_10e3__9d88fd253bb8a5e3,spectrogram_int32_10e3,10^3,1024,signal=[1024],INT32,CPU,fft_thrust,compatibility/end-to-end,PASS,OK,20,100,37,6.095672,true,9d88fd253bb8a5e3a87b97ce6f861a347c51375fbcaa3f239dadc2708e5340a1,763b4c079273b18c9c749dd3aa1134c4affdbed3a9c384849a1eb89a7b2ac198
1,20260810T105146Z_2836c8dc200d_stage07_b05_formal_50b827d9,formal,20260810T105146Z,2836c8dc200d20a9b8f76b3e8fad9933590364f2,false,stage07_b05_task2_features_v1,d28a9ecf742a39244e3f212a60bccff9502cf004bd41efee9f82e74ce6365e50,operator,spectrogram,Task2,Step4,spectrogram,spectrogram__spectrogram_int32_10e3__9d88fd253bb8a5e3,spectrogram_int32_10e3,10^3,1024,signal=[1024],INT32,CPU,fft_thrust,compatibility/end-to-end,PASS,OK,20,100,38,6.084783,true,9d88fd253bb8a5e3a87b97ce6f861a347c51375fbcaa3f239dadc2708e5340a1,763b4c079273b18c9c749dd3aa1134c4affdbed3a9c384849a1eb89a7b2ac198
1,20260810T105146Z_2836c8dc200d_stage07_b05_formal_50b827d9,formal,20260810T105146Z,2836c8dc200d20a9b8f76b3e8fad9933590364f2,false,stage07_b05_task2_features_v1,d28a9ecf742a39244e3f212a60bccff9502cf004bd41efee9f82e74ce6365e50,operator,spectrogram,Task2,Step4,spectrogram,spectrogram__spectrogram_int32_10e3__9d88fd253bb8a5e3,spectrogram_int32_10e3,10^3,1024,signal=[1024],INT32,CPU,fft_thrust,compatibility/end-to-end,PASS,OK,20,100,39,6.097043,true,9d88fd253bb8a5e3a87b97ce6f861a347c51375fbcaa3f239dadc2708e5340a1,763b4c079273b18c9c749dd3aa1134c4affdbed3a9c384849a1eb89a7b2ac198
1,20260810T105146Z_2836c8dc200d_stage07_b05_formal_50b827d9,formal,20260810T105146Z,2836c8dc200d20a9b8f76b3e8fad9933590364f2,false,stage07_b05_task2_features_v1,d28a9ecf742a39244e3f212a60bccff9502cf004bd41efee9f82e74ce6365e50,operator,spectrogram,Task2,Step4,spectrogram,spectrogram__spectrogram_int32_10e3__9d88fd253bb8a5e3,spectrogram_int32_10e3,10^3,1024,signal=[1024],INT32,CPU,fft_thrust,compatibility/end-to-end,PASS,OK,20,100,40,6.083812,true,9d88fd253bb8a5e3a87b97ce6f861a347c51375fbcaa3f239dadc2708e5340a1,763b4c079273b18c9c749dd3aa1134c4affdbed3a9c384849a1eb89a7b2ac198
1,20260810T105146Z_2836c8dc200d_stage07_b05_formal_50b827d9,formal,20260810T105146Z,2836c8dc200d20a9b8f76b3e8fad9933590364f2,false,stage07_b05_task2_features_v1,d28a9ecf742a39244e3f212a60bccff9502cf004bd41efee9f82e74ce6365e50,operator,spectrogram,Task2,Step4,spectrogram,spectrogram__spectrogram_int32_10e3__9d88fd253bb8a5e3,spectrogram_int32_10e3,10^3,1024,signal=[1024],INT32,CPU,fft_thrust,compatibility/end-to-end,PASS,OK,20,100,41,6.094404,true,9d88fd253bb8a5e3a87b97ce6f861a347c51375fbcaa3f239dadc2708e5340a1,763b4c079273b18c9c749dd3aa1134c4affdbed3a9c384849a1eb89a7b2ac198
1,20260810T105146Z_2836c8dc200d_stage07_b05_formal_50b827d9,formal,20260810T105146Z,2836c8dc200d20a9b8f76b3e8fad9933590364f2,false,stage07_b05_task2_features_v1,d28a9ecf742a39244e3f212a60bccff9502cf004bd41efee9f82e74ce6365e50,operator,spectrogram,Task2,Step4,spectrogram,spectrogram__spectrogram_int32_10e3__9d88fd253bb8a5e3,spectrogram_int32_10e3,10^3,1024,signal=[1024],INT32,CPU,fft_thrust,compatibility/end-to-end,PASS,OK,20,100,42,6.095342,true,9d88fd253bb8a5e3a87b97ce6f861a347c51375fbcaa3f239dadc2708e5340a1,763b4c079273b18c9c749dd3aa1134c4affdbed3a9c384849a1eb89a7b2ac198
1,20260810T105146Z_2836c8dc200d_stage07_b05_formal_50b827d9,formal,20260810T105146Z,2836c8dc200d20a9b8f76b3e8fad9933590364f2,false,stage07_b05_task2_features_v1,d28a9ecf742a39244e3f212a60bccff9502cf004bd41efee9f82e74ce6365e50,operator,spectrogram,Task2,Step4,spectrogram,spectrogram__spectrogram_int32_10e3__9d88fd253bb8a5e3,spectrogram_int32_10e3,10^3,1024,signal=[1024],INT32,CPU,fft_thrust,compatibility/end-to-end,PASS,OK,20,100,43,6.085382,true,9d88fd253bb8a5e3a87b97ce6f861a347c51375fbcaa3f239dadc2708e5340a1,763b4c079273b18c9c749dd3aa1134c4affdbed3a9c384849a1eb89a7b2ac198
1,20260810T105146Z_2836c8dc200d_stage07_b05_formal_50b827d9,formal,20260810T105146Z,2836c8dc200d20a9b8f76b3e8fad9933590364f2,false,stage07_b05_task2_features_v1,d28a9ecf742a39244e3f212a60bccff9502cf004bd41efee9f82e74ce6365e50,operator,spectrogram,Task2,Step4,spectrogram,spectrogram__spectrogram_int32_10e3__9d88fd253bb8a5e3,spectrogram_int32_10e3,10^3,1024,signal=[1024],INT32,CPU,fft_thrust,compatibility/end-to-end,PASS,OK,20,100,44,6.086722,true,9d88fd253bb8a5e3a87b97ce6f861a347c51375fbcaa3f239dadc2708e5340a1,763b4c079273b18c9c749dd3aa1134c4affdbed3a9c384849a1eb89a7b2ac198
1,20260810T105146Z_2836c8dc200d_stage07_b05_formal_50b827d9,formal,20260810T105146Z,2836c8dc200d20a9b8f76b3e8fad9933590364f2,false,stage07_b05_task2_features_v1,d28a9ecf742a39244e3f212a60bccff9502cf004bd41efee9f82e74ce6365e50,operator,spectrogram,Task2,Step4,spectrogram,spectrogram__spectrogram_int32_10e3__9d88fd253bb8a5e3,spectrogram_int32_10e3,10^3,1024,signal=[1024],INT32,CPU,fft_thrust,compatibility/end-to-end,PASS,OK,20,100,45,6.089393,true,9d88fd253bb8a5e3a87b97ce6f861a347c51375fbcaa3f239dadc2708e5340a1,763b4c079273b18c9c749dd3aa1134c4affdbed3a9c384849a1eb89a7b2ac198
1,20260810T105146Z_2836c8dc200d_stage07_b05_formal_50b827d9,formal,20260810T105146Z,2836c8dc200d20a9b8f76b3e8fad9933590364f2,false,stage07_b05_task2_features_v1,d28a9ecf742a39244e3f212a60bccff9502cf004bd41efee9f82e74ce6365e50,operator,spectrogram,Task2,Step4,spectrogram,spectrogram__spectrogram_int32_10e3__9d88fd253bb8a5e3,spectrogram_int32_10e3,10^3,1024,signal=[1024],INT32,CPU,fft_thrust,compatibility/end-to-end,PASS,OK,20,100,46,6.102092,true,9d88fd253bb8a5e3a87b97ce6f861a347c51375fbcaa3f239dadc2708e5340a1,763b4c079273b18c9c749dd3aa1134c4affdbed3a9c384849a1eb89a7b2ac198
1,20260810T105146Z_2836c8dc200d_stage07_b05_formal_50b827d9,formal,20260810T105146Z,2836c8dc200d20a9b8f76b3e8fad9933590364f2,false,stage07_b05_task2_features_v1,d28a9ecf742a39244e3f212a60bccff9502cf004bd41efee9f82e74ce6365e50,operator,spectrogram,Task2,Step4,spectrogram,spectrogram__spectrogram_int32_10e3__9d88fd253bb8a5e3,spectrogram_int32_10e3,10^3,1024,signal=[1024],INT32,CPU,fft_thrust,compatibility/end-to-end,PASS,OK,20,100,47,6.083223,true,9d88fd253bb8a5e3a87b97ce6f861a347c51375fbcaa3f239dadc2708e5340a1,763b4c079273b18c9c749dd3aa1134c4affdbed3a9c384849a1eb89a7b2ac198
1,20260810T105146Z_2836c8dc200d_stage07_b05_formal_50b827d9,formal,20260810T105146Z,2836c8dc200d20a9b8f76b3e8fad9933590364f2,false,stage07_b05_task2_features_v1,d28a9ecf742a39244e3f212a60bccff9502cf004bd41efee9f82e74ce6365e50,operator,spectrogram,Task2,Step4,spectrogram,spectrogram__spectrogram_int32_10e3__9d88fd253bb8a5e3,spectrogram_int32_10e3,10^3,1024,signal=[1024],INT32,CPU,fft_thrust,compatibility/end-to-end,PASS,OK,20,100,48,6.089932,true,9d88fd253bb8a5e3a87b97ce6f861a347c51375fbcaa3f239dadc2708e5340a1,763b4c079273b18c9c749dd3aa1134c4affdbed3a9c384849a1eb89a7b2ac198
1,20260810T105146Z_2836c8dc200d_stage07_b05_formal_50b827d9,formal,20260810T105146Z,2836c8dc200d20a9b8f76b3e8fad9933590364f2,false,stage07_b05_task2_features_v1,d28a9ecf742a39244e3f212a60bccff9502cf004bd41efee9f82e74ce6365e50,operator,spectrogram,Task2,Step4,spectrogram,spectrogram__spectrogram_int32_10e3__9d88fd253bb8a5e3,spectrogram_int32_10e3,10^3,1024,signal=[1024],INT32,CPU,fft_thrust,compatibility/end-to-end,PASS,OK,20,100,49,6.084782,true,9d88fd253bb8a5e3a87b97ce6f861a347c51375fbcaa3f239dadc2708e5340a1,763b4c079273b18c9c749dd3aa1134c4affdbed3a9c384849a1eb89a7b2ac198
1,20260810T105146Z_2836c8dc200d_stage07_b05_formal_50b827d9,formal,20260810T105146Z,2836c8dc200d20a9b8f76b3e8fad9933590364f2,false,stage07_b05_task2_features_v1,d28a9ecf742a39244e3f212a60bccff9502cf004bd41efee9f82e74ce6365e50,operator,spectrogram,Task2,Step4,spectrogram,spectrogram__spectrogram_int32_10e3__9d88fd253bb8a5e3,spectrogram_int32_10e3,10^3,1024,signal=[1024],INT32,CPU,fft_thrust,compatibility/end-to-end,PASS,OK,20,100,50,6.085112,true,9d88fd253bb8a5e3a87b97ce6f861a347c51375fbcaa3f239dadc2708e5340a1,763b4c079273b18c9c749dd3aa1134c4affdbed3a9c384849a1eb89a7b2ac198
1,20260810T105146Z_2836c8dc200d_stage07_b05_formal_50b827d9,formal,20260810T105146Z,2836c8dc200d20a9b8f76b3e8fad9933590364f2,false,stage07_b05_task2_features_v1,d28a9ecf742a39244e3f212a60bccff9502cf004bd41efee9f82e74ce6365e50,operator,spectrogram,Task2,Step4,spectrogram,spectrogram__spectrogram_int32_10e3__9d88fd253bb8a5e3,spectrogram_int32_10e3,10^3,1024,signal=[1024],INT32,CPU,fft_thrust,compatibility/end-to-end,PASS,OK,20,100,51,6.079262,true,9d88fd253bb8a5e3a87b97ce6f861a347c51375fbcaa3f239dadc2708e5340a1,763b4c079273b18c9c749dd3aa1134c4affdbed3a9c384849a1eb89a7b2ac198
1,20260810T105146Z_2836c8dc200d_stage07_b05_formal_50b827d9,formal,20260810T105146Z,2836c8dc200d20a9b8f76b3e8fad9933590364f2,false,stage07_b05_task2_features_v1,d28a9ecf742a39244e3f212a60bccff9502cf004bd41efee9f82e74ce6365e50,operator,spectrogram,Task2,Step4,spectrogram,spectrogram__spectrogram_int32_10e3__9d88fd253bb8a5e3,spectrogram_int32_10e3,10^3,1024,signal=[1024],INT32,CPU,fft_thrust,compatibility/end-to-end,PASS,OK,20,100,52,6.083202,true,9d88fd253bb8a5e3a87b97ce6f861a347c51375fbcaa3f239dadc2708e5340a1,763b4c079273b18c9c749dd3aa1134c4affdbed3a9c384849a1eb89a7b2ac198
1,20260810T105146Z_2836c8dc200d_stage07_b05_formal_50b827d9,formal,20260810T105146Z,2836c8dc200d20a9b8f76b3e8fad9933590364f2,false,stage07_b05_task2_features_v1,d28a9ecf742a39244e3f212a60bccff9502cf004bd41efee9f82e74ce6365e50,operator,spectrogram,Task2,Step4,spectrogram,spectrogram__spectrogram_int32_10e3__9d88fd253bb8a5e3,spectrogram_int32_10e3,10^3,1024,signal=[1024],INT32,CPU,fft_thrust,compatibility/end-to-end,PASS,OK,20,100,53,6.081492,true,9d88fd253bb8a5e3a87b97ce6f861a347c51375fbcaa3f239dadc2708e5340a1,763b4c079273b18c9c749dd3aa1134c4affdbed3a9c384849a1eb89a7b2ac198
1,20260810T105146Z_2836c8dc200d_stage07_b05_formal_50b827d9,formal,20260810T105146Z,2836c8dc200d20a9b8f76b3e8fad9933590364f2,false,stage07_b05_task2_features_v1,d28a9ecf742a39244e3f212a60bccff9502cf004bd41efee9f82e74ce6365e50,operator,spectrogram,Task2,Step4,spectrogram,spectrogram__spectrogram_int32_10e3__9d88fd253bb8a5e3,spectrogram_int32_10e3,10^3,1024,signal=[1024],INT32,CPU,fft_thrust,compatibility/end-to-end,PASS,OK,20,100,54,6.094153,true,9d88fd253bb8a5e3a87b97ce6f861a347c51375fbcaa3f239dadc2708e5340a1,763b4c079273b18c9c749dd3aa1134c4affdbed3a9c384849a1eb89a7b2ac198
1,20260810T105146Z_2836c8dc200d_stage07_b05_formal_50b827d9,formal,20260810T105146Z,2836c8dc200d20a9b8f76b3e8fad9933590364f2,false,stage07_b05_task2_features_v1,d28a9ecf742a39244e3f212a60bccff9502cf004bd41efee9f82e74ce6365e50,operator,spectrogram,Task2,Step4,spectrogram,spectrogram__spectrogram_int32_10e3__9d88fd253bb8a5e3,spectrogram_int32_10e3,10^3,1024,signal=[1024],INT32,CPU,fft_thrust,compatibility/end-to-end,PASS,OK,20,100,55,6.083082,true,9d88fd253bb8a5e3a87b97ce6f861a347c51375fbcaa3f239dadc2708e5340a1,763b4c079273b18c9c749dd3aa1134c4affdbed3a9c384849a1eb89a7b2ac198
1,20260810T105146Z_2836c8dc200d_stage07_b05_formal_50b827d9,formal,20260810T105146Z,2836c8dc200d20a9b8f76b3e8fad9933590364f2,false,stage07_b05_task2_features_v1,d28a9ecf742a39244e3f212a60bccff9502cf004bd41efee9f82e74ce6365e50,operator,spectrogram,Task2,Step4,spectrogram,spectrogram__spectrogram_int32_10e3__9d88fd253bb8a5e3,spectrogram_int32_10e3,10^3,1024,signal=[1024],INT32,CPU,fft_thrust,compatibility/end-to-end,PASS,OK,20,100,56,6.091642,true,9d88fd253bb8a5e3a87b97ce6f861a347c51375fbcaa3f239dadc2708e5340a1,763b4c079273b18c9c749dd3aa1134c4affdbed3a9c384849a1eb89a7b2ac198
1,20260810T105146Z_2836c8dc200d_stage07_b05_formal_50b827d9,formal,20260810T105146Z,2836c8dc200d20a9b8f76b3e8fad9933590364f2,false,stage07_b05_task2_features_v1,d28a9ecf742a39244e3f212a60bccff9502cf004bd41efee9f82e74ce6365e50,operator,spectrogram,Task2,Step4,spectrogram,spectrogram__spectrogram_int32_10e3__9d88fd253bb8a5e3,spectrogram_int32_10e3,10^3,1024,signal=[1024],INT32,CPU,fft_thrust,compatibility/end-to-end,PASS,OK,20,100,57,6.085582,true,9d88fd253bb8a5e3a87b97ce6f861a347c51375fbcaa3f239dadc2708e5340a1,763b4c079273b18c9c749dd3aa1134c4affdbed3a9c384849a1eb89a7b2ac198
1,20260810T105146Z_2836c8dc200d_stage07_b05_formal_50b827d9,formal,20260810T105146Z,2836c8dc200d20a9b8f76b3e8fad9933590364f2,false,stage07_b05_task2_features_v1,d28a9ecf742a39244e3f212a60bccff9502cf004bd41efee9f82e74ce6365e50,operator,spectrogram,Task2,Step4,spectrogram,spectrogram__spectrogram_int32_10e3__9d88fd253bb8a5e3,spectrogram_int32_10e3,10^3,1024,signal=[1024],INT32,CPU,fft_thrust,compatibility/end-to-end,PASS,OK,20,100,58,6.086342,true,9d88fd253bb8a5e3a87b97ce6f861a347c51375fbcaa3f239dadc2708e5340a1,763b4c079273b18c9c749dd3aa1134c4affdbed3a9c384849a1eb89a7b2ac198
1,20260810T105146Z_2836c8dc200d_stage07_b05_formal_50b827d9,formal,20260810T105146Z,2836c8dc200d20a9b8f76b3e8fad9933590364f2,false,stage07_b05_task2_features_v1,d28a9ecf742a39244e3f212a60bccff9502cf004bd41efee9f82e74ce6365e50,operator,spectrogram,Task2,Step4,spectrogram,spectrogram__spectrogram_int32_10e3__9d88fd253bb8a5e3,spectrogram_int32_10e3,10^3,1024,signal=[1024],INT32,CPU,fft_thrust,compatibility/end-to-end,PASS,OK,20,100,59,6.082852,true,9d88fd253bb8a5e3a87b97ce6f861a347c51375fbcaa3f239dadc2708e5340a1,763b4c079273b18c9c749dd3aa1134c4affdbed3a9c384849a1eb89a7b2ac198
1,20260810T105146Z_2836c8dc200d_stage07_b05_formal_50b827d9,formal,20260810T105146Z,2836c8dc200d20a9b8f76b3e8fad9933590364f2,false,stage07_b05_task2_features_v1,d28a9ecf742a39244e3f212a60bccff9502cf004bd41efee9f82e74ce6365e50,operator,spectrogram,Task2,Step4,spectrogram,spectrogram__spectrogram_int32_10e3__9d88fd253bb8a5e3,spectrogram_int32_10e3,10^3,1024,signal=[1024],INT32,CPU,fft_thrust,compatibility/end-to-end,PASS,OK,20,100,60,6.090693,true,9d88fd253bb8a5e3a87b97ce6f861a347c51375fbcaa3f239dadc2708e5340a1,763b4c079273b18c9c749dd3aa1134c4affdbed3a9c384849a1eb89a7b2ac198
1,20260810T105146Z_2836c8dc200d_stage07_b05_formal_50b827d9,formal,20260810T105146Z,2836c8dc200d20a9b8f76b3e8fad9933590364f2,false,stage07_b05_task2_features_v1,d28a9ecf742a39244e3f212a60bccff9502cf004bd41efee9f82e74ce6365e50,operator,spectrogram,Task2,Step4,spectrogram,spectrogram__spectrogram_int32_10e3__9d88fd253bb8a5e3,spectrogram_int32_10e3,10^3,1024,signal=[1024],INT32,CPU,fft_thrust,compatibility/end-to-end,PASS,OK,20,100,61,6.077022,true,9d88fd253bb8a5e3a87b97ce6f861a347c51375fbcaa3f239dadc2708e5340a1,763b4c079273b18c9c749dd3aa1134c4affdbed3a9c384849a1eb89a7b2ac198
1,20260810T105146Z_2836c8dc200d_stage07_b05_formal_50b827d9,formal,20260810T105146Z,2836c8dc200d20a9b8f76b3e8fad9933590364f2,false,stage07_b05_task2_features_v1,d28a9ecf742a39244e3f212a60bccff9502cf004bd41efee9f82e74ce6365e50,operator,spectrogram,Task2,Step4,spectrogram,spectrogram__spectrogram_int32_10e3__9d88fd253bb8a5e3,spectrogram_int32_10e3,10^3,1024,signal=[1024],INT32,CPU,fft_thrust,compatibility/end-to-end,PASS,OK,20,100,62,6.086752,true,9d88fd253bb8a5e3a87b97ce6f861a347c51375fbcaa3f239dadc2708e5340a1,763b4c079273b18c9c749dd3aa1134c4affdbed3a9c384849a1eb89a7b2ac198
1,20260810T105146Z_2836c8dc200d_stage07_b05_formal_50b827d9,formal,20260810T105146Z,2836c8dc200d20a9b8f76b3e8fad9933590364f2,false,stage07_b05_task2_features_v1,d28a9ecf742a39244e3f212a60bccff9502cf004bd41efee9f82e74ce6365e50,operator,spectrogram,Task2,Step4,spectrogram,spectrogram__spectrogram_int32_10e3__9d88fd253bb8a5e3,spectrogram_int32_10e3,10^3,1024,signal=[1024],INT32,CPU,fft_thrust,compatibility/end-to-end,PASS,OK,20,100,63,6.084392,true,9d88fd253bb8a5e3a87b97ce6f861a347c51375fbcaa3f239dadc2708e5340a1,763b4c079273b18c9c749dd3aa1134c4affdbed3a9c384849a1eb89a7b2ac198
1,20260810T105146Z_2836c8dc200d_stage07_b05_formal_50b827d9,formal,20260810T105146Z,2836c8dc200d20a9b8f76b3e8fad9933590364f2,false,stage07_b05_task2_features_v1,d28a9ecf742a39244e3f212a60bccff9502cf004bd41efee9f82e74ce6365e50,operator,spectrogram,Task2,Step4,spectrogram,spectrogram__spectrogram_int32_10e3__9d88fd253bb8a5e3,spectrogram_int32_10e3,10^3,1024,signal=[1024],INT32,CPU,fft_thrust,compatibility/end-to-end,PASS,OK,20,100,64,6.112123,true,9d88fd253bb8a5e3a87b97ce6f861a347c51375fbcaa3f239dadc2708e5340a1,763b4c079273b18c9c749dd3aa1134c4affdbed3a9c384849a1eb89a7b2ac198
1,20260810T105146Z_2836c8dc200d_stage07_b05_formal_50b827d9,formal,20260810T105146Z,2836c8dc200d20a9b8f76b3e8fad9933590364f2,false,stage07_b05_task2_features_v1,d28a9ecf742a39244e3f212a60bccff9502cf004bd41efee9f82e74ce6365e50,operator,spectrogram,Task2,Step4,spectrogram,spectrogram__spectrogram_int32_10e3__9d88fd253bb8a5e3,spectrogram_int32_10e3,10^3,1024,signal=[1024],INT32,CPU,fft_thrust,compatibility/end-to-end,PASS,OK,20,100,65,6.091503,true,9d88fd253bb8a5e3a87b97ce6f861a347c51375fbcaa3f239dadc2708e5340a1,763b4c079273b18c9c749dd3aa1134c4affdbed3a9c384849a1eb89a7b2ac198
1,20260810T105146Z_2836c8dc200d_stage07_b05_formal_50b827d9,formal,20260810T105146Z,2836c8dc200d20a9b8f76b3e8fad9933590364f2,false,stage07_b05_task2_features_v1,d28a9ecf742a39244e3f212a60bccff9502cf004bd41efee9f82e74ce6365e50,operator,spectrogram,Task2,Step4,spectrogram,spectrogram__spectrogram_int32_10e3__9d88fd253bb8a5e3,spectrogram_int32_10e3,10^3,1024,signal=[1024],INT32,CPU,fft_thrust,compatibility/end-to-end,PASS,OK,20,100,66,6.576443,true,9d88fd253bb8a5e3a87b97ce6f861a347c51375fbcaa3f239dadc2708e5340a1,763b4c079273b18c9c749dd3aa1134c4affdbed3a9c384849a1eb89a7b2ac198
1,20260810T105146Z_2836c8dc200d_stage07_b05_formal_50b827d9,formal,20260810T105146Z,2836c8dc200d20a9b8f76b3e8fad9933590364f2,false,stage07_b05_task2_features_v1,d28a9ecf742a39244e3f212a60bccff9502cf004bd41efee9f82e74ce6365e50,operator,spectrogram,Task2,Step4,spectrogram,spectrogram__spectrogram_int32_10e3__9d88fd253bb8a5e3,spectrogram_int32_10e3,10^3,1024,signal=[1024],INT32,CPU,fft_thrust,compatibility/end-to-end,PASS,OK,20,100,67,6.095783,true,9d88fd253bb8a5e3a87b97ce6f861a347c51375fbcaa3f239dadc2708e5340a1,763b4c079273b18c9c749dd3aa1134c4affdbed3a9c384849a1eb89a7b2ac198
1,20260810T105146Z_2836c8dc200d_stage07_b05_formal_50b827d9,formal,20260810T105146Z,2836c8dc200d20a9b8f76b3e8fad9933590364f2,false,stage07_b05_task2_features_v1,d28a9ecf742a39244e3f212a60bccff9502cf004bd41efee9f82e74ce6365e50,operator,spectrogram,Task2,Step4,spectrogram,spectrogram__spectrogram_int32_10e3__9d88fd253bb8a5e3,spectrogram_int32_10e3,10^3,1024,signal=[1024],INT32,CPU,fft_thrust,compatibility/end-to-end,PASS,OK,20,100,68,6.088442,true,9d88fd253bb8a5e3a87b97ce6f861a347c51375fbcaa3f239dadc2708e5340a1,763b4c079273b18c9c749dd3aa1134c4affdbed3a9c384849a1eb89a7b2ac198
1,20260810T105146Z_2836c8dc200d_stage07_b05_formal_50b827d9,formal,20260810T105146Z,2836c8dc200d20a9b8f76b3e8fad9933590364f2,false,stage07_b05_task2_features_v1,d28a9ecf742a39244e3f212a60bccff9502cf004bd41efee9f82e74ce6365e50,operator,spectrogram,Task2,Step4,spectrogram,spectrogram__spectrogram_int32_10e3__9d88fd253bb8a5e3,spectrogram_int32_10e3,10^3,1024,signal=[1024],INT32,CPU,fft_thrust,compatibility/end-to-end,PASS,OK,20,100,69,6.090512,true,9d88fd253bb8a5e3a87b97ce6f861a347c51375fbcaa3f239dadc2708e5340a1,763b4c079273b18c9c749dd3aa1134c4affdbed3a9c384849a1eb89a7b2ac198
1,20260810T105146Z_2836c8dc200d_stage07_b05_formal_50b827d9,formal,20260810T105146Z,2836c8dc200d20a9b8f76b3e8fad9933590364f2,false,stage07_b05_task2_features_v1,d28a9ecf742a39244e3f212a60bccff9502cf004bd41efee9f82e74ce6365e50,operator,spectrogram,Task2,Step4,spectrogram,spectrogram__spectrogram_int32_10e3__9d88fd253bb8a5e3,spectrogram_int32_10e3,10^3,1024,signal=[1024],INT32,CPU,fft_thrust,compatibility/end-to-end,PASS,OK,20,100,70,6.089133,true,9d88fd253bb8a5e3a87b97ce6f861a347c51375fbcaa3f239dadc2708e5340a1,763b4c079273b18c9c749dd3aa1134c4affdbed3a9c384849a1eb89a7b2ac198
1,20260810T105146Z_2836c8dc200d_stage07_b05_formal_50b827d9,formal,20260810T105146Z,2836c8dc200d20a9b8f76b3e8fad9933590364f2,false,stage07_b05_task2_features_v1,d28a9ecf742a39244e3f212a60bccff9502cf004bd41efee9f82e74ce6365e50,operator,spectrogram,Task2,Step4,spectrogram,spectrogram__spectrogram_int32_10e3__9d88fd253bb8a5e3,spectrogram_int32_10e3,10^3,1024,signal=[1024],INT32,CPU,fft_thrust,compatibility/end-to-end,PASS,OK,20,100,71,6.098952,true,9d88fd253bb8a5e3a87b97ce6f861a347c51375fbcaa3f239dadc2708e5340a1,763b4c079273b18c9c749dd3aa1134c4affdbed3a9c384849a1eb89a7b2ac198
1,20260810T105146Z_2836c8dc200d_stage07_b05_formal_50b827d9,formal,20260810T105146Z,2836c8dc200d20a9b8f76b3e8fad9933590364f2,false,stage07_b05_task2_features_v1,d28a9ecf742a39244e3f212a60bccff9502cf004bd41efee9f82e74ce6365e50,operator,spectrogram,Task2,Step4,spectrogram,spectrogram__spectrogram_int32_10e3__9d88fd253bb8a5e3,spectrogram_int32_10e3,10^3,1024,signal=[1024],INT32,CPU,fft_thrust,compatibility/end-to-end,PASS,OK,20,100,72,6.085992,true,9d88fd253bb8a5e3a87b97ce6f861a347c51375fbcaa3f239dadc2708e5340a1,763b4c079273b18c9c749dd3aa1134c4affdbed3a9c384849a1eb89a7b2ac198
1,20260810T105146Z_2836c8dc200d_stage07_b05_formal_50b827d9,formal,20260810T105146Z,2836c8dc200d20a9b8f76b3e8fad9933590364f2,false,stage07_b05_task2_features_v1,d28a9ecf742a39244e3f212a60bccff9502cf004bd41efee9f82e74ce6365e50,operator,spectrogram,Task2,Step4,spectrogram,spectrogram__spectrogram_int32_10e3__9d88fd253bb8a5e3,spectrogram_int32_10e3,10^3,1024,signal=[1024],INT32,CPU,fft_thrust,compatibility/end-to-end,PASS,OK,20,100,73,6.095733,true,9d88fd253bb8a5e3a87b97ce6f861a347c51375fbcaa3f239dadc2708e5340a1,763b4c079273b18c9c749dd3aa1134c4affdbed3a9c384849a1eb89a7b2ac198
1,20260810T105146Z_2836c8dc200d_stage07_b05_formal_50b827d9,formal,20260810T105146Z,2836c8dc200d20a9b8f76b3e8fad9933590364f2,false,stage07_b05_task2_features_v1,d28a9ecf742a39244e3f212a60bccff9502cf004bd41efee9f82e74ce6365e50,operator,spectrogram,Task2,Step4,spectrogram,spectrogram__spectrogram_int32_10e3__9d88fd253bb8a5e3,spectrogram_int32_10e3,10^3,1024,signal=[1024],INT32,CPU,fft_thrust,compatibility/end-to-end,PASS,OK,20,100,74,6.085762,true,9d88fd253bb8a5e3a87b97ce6f861a347c51375fbcaa3f239dadc2708e5340a1,763b4c079273b18c9c749dd3aa1134c4affdbed3a9c384849a1eb89a7b2ac198
1,20260810T105146Z_2836c8dc200d_stage07_b05_formal_50b827d9,formal,20260810T105146Z,2836c8dc200d20a9b8f76b3e8fad9933590364f2,false,stage07_b05_task2_features_v1,d28a9ecf742a39244e3f212a60bccff9502cf004bd41efee9f82e74ce6365e50,operator,spectrogram,Task2,Step4,spectrogram,spectrogram__spectrogram_int32_10e3__9d88fd253bb8a5e3,spectrogram_int32_10e3,10^3,1024,signal=[1024],INT32,CPU,fft_thrust,compatibility/end-to-end,PASS,OK,20,100,75,6.093993,true,9d88fd253bb8a5e3a87b97ce6f861a347c51375fbcaa3f239dadc2708e5340a1,763b4c079273b18c9c749dd3aa1134c4affdbed3a9c384849a1eb89a7b2ac198
1,20260810T105146Z_2836c8dc200d_stage07_b05_formal_50b827d9,formal,20260810T105146Z,2836c8dc200d20a9b8f76b3e8fad9933590364f2,false,stage07_b05_task2_features_v1,d28a9ecf742a39244e3f212a60bccff9502cf004bd41efee9f82e74ce6365e50,operator,spectrogram,Task2,Step4,spectrogram,spectrogram__spectrogram_int32_10e3__9d88fd253bb8a5e3,spectrogram_int32_10e3,10^3,1024,signal=[1024],INT32,CPU,fft_thrust,compatibility/end-to-end,PASS,OK,20,100,76,6.088822,true,9d88fd253bb8a5e3a87b97ce6f861a347c51375fbcaa3f239dadc2708e5340a1,763b4c079273b18c9c749dd3aa1134c4affdbed3a9c384849a1eb89a7b2ac198
1,20260810T105146Z_2836c8dc200d_stage07_b05_formal_50b827d9,formal,20260810T105146Z,2836c8dc200d20a9b8f76b3e8fad9933590364f2,false,stage07_b05_task2_features_v1,d28a9ecf742a39244e3f212a60bccff9502cf004bd41efee9f82e74ce6365e50,operator,spectrogram,Task2,Step4,spectrogram,spectrogram__spectrogram_int32_10e3__9d88fd253bb8a5e3,spectrogram_int32_10e3,10^3,1024,signal=[1024],INT32,CPU,fft_thrust,compatibility/end-to-end,PASS,OK,20,100,77,6.095572,true,9d88fd253bb8a5e3a87b97ce6f861a347c51375fbcaa3f239dadc2708e5340a1,763b4c079273b18c9c749dd3aa1134c4affdbed3a9c384849a1eb89a7b2ac198
1,20260810T105146Z_2836c8dc200d_stage07_b05_formal_50b827d9,formal,20260810T105146Z,2836c8dc200d20a9b8f76b3e8fad9933590364f2,false,stage07_b05_task2_features_v1,d28a9ecf742a39244e3f212a60bccff9502cf004bd41efee9f82e74ce6365e50,operator,spectrogram,Task2,Step4,spectrogram,spectrogram__spectrogram_int32_10e3__9d88fd253bb8a5e3,spectrogram_int32_10e3,10^3,1024,signal=[1024],INT32,CPU,fft_thrust,compatibility/end-to-end,PASS,OK,20,100,78,7.158949,true,9d88fd253bb8a5e3a87b97ce6f861a347c51375fbcaa3f239dadc2708e5340a1,763b4c079273b18c9c749dd3aa1134c4affdbed3a9c384849a1eb89a7b2ac198
1,20260810T105146Z_2836c8dc200d_stage07_b05_formal_50b827d9,formal,20260810T105146Z,2836c8dc200d20a9b8f76b3e8fad9933590364f2,false,stage07_b05_task2_features_v1,d28a9ecf742a39244e3f212a60bccff9502cf004bd41efee9f82e74ce6365e50,operator,spectrogram,Task2,Step4,spectrogram,spectrogram__spectrogram_int32_10e3__9d88fd253bb8a5e3,spectrogram_int32_10e3,10^3,1024,signal=[1024],INT32,CPU,fft_thrust,compatibility/end-to-end,PASS,OK,20,100,79,7.146548,true,9d88fd253bb8a5e3a87b97ce6f861a347c51375fbcaa3f239dadc2708e5340a1,763b4c079273b18c9c749dd3aa1134c4affdbed3a9c384849a1eb89a7b2ac198
1,20260810T105146Z_2836c8dc200d_stage07_b05_formal_50b827d9,formal,20260810T105146Z,2836c8dc200d20a9b8f76b3e8fad9933590364f2,false,stage07_b05_task2_features_v1,d28a9ecf742a39244e3f212a60bccff9502cf004bd41efee9f82e74ce6365e50,operator,spectrogram,Task2,Step4,spectrogram,spectrogram__spectrogram_int32_10e3__9d88fd253bb8a5e3,spectrogram_int32_10e3,10^3,1024,signal=[1024],INT32,CPU,fft_thrust,compatibility/end-to-end,PASS,OK,20,100,80,6.095702,true,9d88fd253bb8a5e3a87b97ce6f861a347c51375fbcaa3f239dadc2708e5340a1,763b4c079273b18c9c749dd3aa1134c4affdbed3a9c384849a1eb89a7b2ac198
1,20260810T105146Z_2836c8dc200d_stage07_b05_formal_50b827d9,formal,20260810T105146Z,2836c8dc200d20a9b8f76b3e8fad9933590364f2,false,stage07_b05_task2_features_v1,d28a9ecf742a39244e3f212a60bccff9502cf004bd41efee9f82e74ce6365e50,operator,spectrogram,Task2,Step4,spectrogram,spectrogram__spectrogram_int32_10e3__9d88fd253bb8a5e3,spectrogram_int32_10e3,10^3,1024,signal=[1024],INT32,CPU,fft_thrust,compatibility/end-to-end,PASS,OK,20,100,81,6.092733,true,9d88fd253bb8a5e3a87b97ce6f861a347c51375fbcaa3f239dadc2708e5340a1,763b4c079273b18c9c749dd3aa1134c4affdbed3a9c384849a1eb89a7b2ac198
1,20260810T105146Z_2836c8dc200d_stage07_b05_formal_50b827d9,formal,20260810T105146Z,2836c8dc200d20a9b8f76b3e8fad9933590364f2,false,stage07_b05_task2_features_v1,d28a9ecf742a39244e3f212a60bccff9502cf004bd41efee9f82e74ce6365e50,operator,spectrogram,Task2,Step4,spectrogram,spectrogram__spectrogram_int32_10e3__9d88fd253bb8a5e3,spectrogram_int32_10e3,10^3,1024,signal=[1024],INT32,CPU,fft_thrust,compatibility/end-to-end,PASS,OK,20,100,82,6.080012,true,9d88fd253bb8a5e3a87b97ce6f861a347c51375fbcaa3f239dadc2708e5340a1,763b4c079273b18c9c749dd3aa1134c4affdbed3a9c384849a1eb89a7b2ac198
1,20260810T105146Z_2836c8dc200d_stage07_b05_formal_50b827d9,formal,20260810T105146Z,2836c8dc200d20a9b8f76b3e8fad9933590364f2,false,stage07_b05_task2_features_v1,d28a9ecf742a39244e3f212a60bccff9502cf004bd41efee9f82e74ce6365e50,operator,spectrogram,Task2,Step4,spectrogram,spectrogram__spectrogram_int32_10e3__9d88fd253bb8a5e3,spectrogram_int32_10e3,10^3,1024,signal=[1024],INT32,CPU,fft_thrust,compatibility/end-to-end,PASS,OK,20,100,83,6.091252,true,9d88fd253bb8a5e3a87b97ce6f861a347c51375fbcaa3f239dadc2708e5340a1,763b4c079273b18c9c749dd3aa1134c4affdbed3a9c384849a1eb89a7b2ac198
1,20260810T105146Z_2836c8dc200d_stage07_b05_formal_50b827d9,formal,20260810T105146Z,2836c8dc200d20a9b8f76b3e8fad9933590364f2,false,stage07_b05_task2_features_v1,d28a9ecf742a39244e3f212a60bccff9502cf004bd41efee9f82e74ce6365e50,operator,spectrogram,Task2,Step4,spectrogram,spectrogram__spectrogram_int32_10e3__9d88fd253bb8a5e3,spectrogram_int32_10e3,10^3,1024,signal=[1024],INT32,CPU,fft_thrust,compatibility/end-to-end,PASS,OK,20,100,84,6.085742,true,9d88fd253bb8a5e3a87b97ce6f861a347c51375fbcaa3f239dadc2708e5340a1,763b4c079273b18c9c749dd3aa1134c4affdbed3a9c384849a1eb89a7b2ac198
1,20260810T105146Z_2836c8dc200d_stage07_b05_formal_50b827d9,formal,20260810T105146Z,2836c8dc200d20a9b8f76b3e8fad9933590364f2,false,stage07_b05_task2_features_v1,d28a9ecf742a39244e3f212a60bccff9502cf004bd41efee9f82e74ce6365e50,operator,spectrogram,Task2,Step4,spectrogram,spectrogram__spectrogram_int32_10e3__9d88fd253bb8a5e3,spectrogram_int32_10e3,10^3,1024,signal=[1024],INT32,CPU,fft_thrust,compatibility/end-to-end,PASS,OK,20,100,85,6.090422,true,9d88fd253bb8a5e3a87b97ce6f861a347c51375fbcaa3f239dadc2708e5340a1,763b4c079273b18c9c749dd3aa1134c4affdbed3a9c384849a1eb89a7b2ac198
1,20260810T105146Z_2836c8dc200d_stage07_b05_formal_50b827d9,formal,20260810T105146Z,2836c8dc200d20a9b8f76b3e8fad9933590364f2,false,stage07_b05_task2_features_v1,d28a9ecf742a39244e3f212a60bccff9502cf004bd41efee9f82e74ce6365e50,operator,spectrogram,Task2,Step4,spectrogram,spectrogram__spectrogram_int32_10e3__9d88fd253bb8a5e3,spectrogram_int32_10e3,10^3,1024,signal=[1024],INT32,CPU,fft_thrust,compatibility/end-to-end,PASS,OK,20,100,86,6.075362,true,9d88fd253bb8a5e3a87b97ce6f861a347c51375fbcaa3f239dadc2708e5340a1,763b4c079273b18c9c749dd3aa1134c4affdbed3a9c384849a1eb89a7b2ac198
1,20260810T105146Z_2836c8dc200d_stage07_b05_formal_50b827d9,formal,20260810T105146Z,2836c8dc200d20a9b8f76b3e8fad9933590364f2,false,stage07_b05_task2_features_v1,d28a9ecf742a39244e3f212a60bccff9502cf004bd41efee9f82e74ce6365e50,operator,spectrogram,Task2,Step4,spectrogram,spectrogram__spectrogram_int32_10e3__9d88fd253bb8a5e3,spectrogram_int32_10e3,10^3,1024,signal=[1024],INT32,CPU,fft_thrust,compatibility/end-to-end,PASS,OK,20,100,87,6.086563,true,9d88fd253bb8a5e3a87b97ce6f861a347c51375fbcaa3f239dadc2708e5340a1,763b4c079273b18c9c749dd3aa1134c4affdbed3a9c384849a1eb89a7b2ac198
1,20260810T105146Z_2836c8dc200d_stage07_b05_formal_50b827d9,formal,20260810T105146Z,2836c8dc200d20a9b8f76b3e8fad9933590364f2,false,stage07_b05_task2_features_v1,d28a9ecf742a39244e3f212a60bccff9502cf004bd41efee9f82e74ce6365e50,operator,spectrogram,Task2,Step4,spectrogram,spectrogram__spectrogram_int32_10e3__9d88fd253bb8a5e3,spectrogram_int32_10e3,10^3,1024,signal=[1024],INT32,CPU,fft_thrust,compatibility/end-to-end,PASS,OK,20,100,88,6.080711,true,9d88fd253bb8a5e3a87b97ce6f861a347c51375fbcaa3f239dadc2708e5340a1,763b4c079273b18c9c749dd3aa1134c4affdbed3a9c384849a1eb89a7b2ac198
1,20260810T105146Z_2836c8dc200d_stage07_b05_formal_50b827d9,formal,20260810T105146Z,2836c8dc200d20a9b8f76b3e8fad9933590364f2,false,stage07_b05_task2_features_v1,d28a9ecf742a39244e3f212a60bccff9502cf004bd41efee9f82e74ce6365e50,operator,spectrogram,Task2,Step4,spectrogram,spectrogram__spectrogram_int32_10e3__9d88fd253bb8a5e3,spectrogram_int32_10e3,10^3,1024,signal=[1024],INT32,CPU,fft_thrust,compatibility/end-to-end,PASS,OK,20,100,89,6.089643,true,9d88fd253bb8a5e3a87b97ce6f861a347c51375fbcaa3f239dadc2708e5340a1,763b4c079273b18c9c749dd3aa1134c4affdbed3a9c384849a1eb89a7b2ac198
1,20260810T105146Z_2836c8dc200d_stage07_b05_formal_50b827d9,formal,20260810T105146Z,2836c8dc200d20a9b8f76b3e8fad9933590364f2,false,stage07_b05_task2_features_v1,d28a9ecf742a39244e3f212a60bccff9502cf004bd41efee9f82e74ce6365e50,operator,spectrogram,Task2,Step4,spectrogram,spectrogram__spectrogram_int32_10e3__9d88fd253bb8a5e3,spectrogram_int32_10e3,10^3,1024,signal=[1024],INT32,CPU,fft_thrust,compatibility/end-to-end,PASS,OK,20,100,90,6.078932,true,9d88fd253bb8a5e3a87b97ce6f861a347c51375fbcaa3f239dadc2708e5340a1,763b4c079273b18c9c749dd3aa1134c4affdbed3a9c384849a1eb89a7b2ac198
1,20260810T105146Z_2836c8dc200d_stage07_b05_formal_50b827d9,formal,20260810T105146Z,2836c8dc200d20a9b8f76b3e8fad9933590364f2,false,stage07_b05_task2_features_v1,d28a9ecf742a39244e3f212a60bccff9502cf004bd41efee9f82e74ce6365e50,operator,spectrogram,Task2,Step4,spectrogram,spectrogram__spectrogram_int32_10e3__9d88fd253bb8a5e3,spectrogram_int32_10e3,10^3,1024,signal=[1024],INT32,CPU,fft_thrust,compatibility/end-to-end,PASS,OK,20,100,91,6.081412,true,9d88fd253bb8a5e3a87b97ce6f861a347c51375fbcaa3f239dadc2708e5340a1,763b4c079273b18c9c749dd3aa1134c4affdbed3a9c384849a1eb89a7b2ac198
1,20260810T105146Z_2836c8dc200d_stage07_b05_formal_50b827d9,formal,20260810T105146Z,2836c8dc200d20a9b8f76b3e8fad9933590364f2,false,stage07_b05_task2_features_v1,d28a9ecf742a39244e3f212a60bccff9502cf004bd41efee9f82e74ce6365e50,operator,spectrogram,Task2,Step4,spectrogram,spectrogram__spectrogram_int32_10e3__9d88fd253bb8a5e3,spectrogram_int32_10e3,10^3,1024,signal=[1024],INT32,CPU,fft_thrust,compatibility/end-to-end,PASS,OK,20,100,92,6.075892,true,9d88fd253bb8a5e3a87b97ce6f861a347c51375fbcaa3f239dadc2708e5340a1,763b4c079273b18c9c749dd3aa1134c4affdbed3a9c384849a1eb89a7b2ac198
1,20260810T105146Z_2836c8dc200d_stage07_b05_formal_50b827d9,formal,20260810T105146Z,2836c8dc200d20a9b8f76b3e8fad9933590364f2,false,stage07_b05_task2_features_v1,d28a9ecf742a39244e3f212a60bccff9502cf004bd41efee9f82e74ce6365e50,operator,spectrogram,Task2,Step4,spectrogram,spectrogram__spectrogram_int32_10e3__9d88fd253bb8a5e3,spectrogram_int32_10e3,10^3,1024,signal=[1024],INT32,CPU,fft_thrust,compatibility/end-to-end,PASS,OK,20,100,93,6.084231,true,9d88fd253bb8a5e3a87b97ce6f861a347c51375fbcaa3f239dadc2708e5340a1,763b4c079273b18c9c749dd3aa1134c4affdbed3a9c384849a1eb89a7b2ac198
1,20260810T105146Z_2836c8dc200d_stage07_b05_formal_50b827d9,formal,20260810T105146Z,2836c8dc200d20a9b8f76b3e8fad9933590364f2,false,stage07_b05_task2_features_v1,d28a9ecf742a39244e3f212a60bccff9502cf004bd41efee9f82e74ce6365e50,operator,spectrogram,Task2,Step4,spectrogram,spectrogram__spectrogram_int32_10e3__9d88fd253bb8a5e3,spectrogram_int32_10e3,10^3,1024,signal=[1024],INT32,CPU,fft_thrust,compatibility/end-to-end,PASS,OK,20,100,94,6.080982,true,9d88fd253bb8a5e3a87b97ce6f861a347c51375fbcaa3f239dadc2708e5340a1,763b4c079273b18c9c749dd3aa1134c4affdbed3a9c384849a1eb89a7b2ac198
1,20260810T105146Z_2836c8dc200d_stage07_b05_formal_50b827d9,formal,20260810T105146Z,2836c8dc200d20a9b8f76b3e8fad9933590364f2,false,stage07_b05_task2_features_v1,d28a9ecf742a39244e3f212a60bccff9502cf004bd41efee9f82e74ce6365e50,operator,spectrogram,Task2,Step4,spectrogram,spectrogram__spectrogram_int32_10e3__9d88fd253bb8a5e3,spectrogram_int32_10e3,10^3,1024,signal=[1024],INT32,CPU,fft_thrust,compatibility/end-to-end,PASS,OK,20,100,95,6.093063,true,9d88fd253bb8a5e3a87b97ce6f861a347c51375fbcaa3f239dadc2708e5340a1,763b4c079273b18c9c749dd3aa1134c4affdbed3a9c384849a1eb89a7b2ac198
1,20260810T105146Z_2836c8dc200d_stage07_b05_formal_50b827d9,formal,20260810T105146Z,2836c8dc200d20a9b8f76b3e8fad9933590364f2,false,stage07_b05_task2_features_v1,d28a9ecf742a39244e3f212a60bccff9502cf004bd41efee9f82e74ce6365e50,operator,spectrogram,Task2,Step4,spectrogram,spectrogram__spectrogram_int32_10e3__9d88fd253bb8a5e3,spectrogram_int32_10e3,10^3,1024,signal=[1024],INT32,CPU,fft_thrust,compatibility/end-to-end,PASS,OK,20,100,96,6.080222,true,9d88fd253bb8a5e3a87b97ce6f861a347c51375fbcaa3f239dadc2708e5340a1,763b4c079273b18c9c749dd3aa1134c4affdbed3a9c384849a1eb89a7b2ac198
1,20260810T105146Z_2836c8dc200d_stage07_b05_formal_50b827d9,formal,20260810T105146Z,2836c8dc200d20a9b8f76b3e8fad9933590364f2,false,stage07_b05_task2_features_v1,d28a9ecf742a39244e3f212a60bccff9502cf004bd41efee9f82e74ce6365e50,operator,spectrogram,Task2,Step4,spectrogram,spectrogram__spectrogram_int32_10e3__9d88fd253bb8a5e3,spectrogram_int32_10e3,10^3,1024,signal=[1024],INT32,CPU,fft_thrust,compatibility/end-to-end,PASS,OK,20,100,97,6.095852,true,9d88fd253bb8a5e3a87b97ce6f861a347c51375fbcaa3f239dadc2708e5340a1,763b4c079273b18c9c749dd3aa1134c4affdbed3a9c384849a1eb89a7b2ac198
1,20260810T105146Z_2836c8dc200d_stage07_b05_formal_50b827d9,formal,20260810T105146Z,2836c8dc200d20a9b8f76b3e8fad9933590364f2,false,stage07_b05_task2_features_v1,d28a9ecf742a39244e3f212a60bccff9502cf004bd41efee9f82e74ce6365e50,operator,spectrogram,Task2,Step4,spectrogram,spectrogram__spectrogram_int32_10e3__9d88fd253bb8a5e3,spectrogram_int32_10e3,10^3,1024,signal=[1024],INT32,CPU,fft_thrust,compatibility/end-to-end,PASS,OK,20,100,98,6.077062,true,9d88fd253bb8a5e3a87b97ce6f861a347c51375fbcaa3f239dadc2708e5340a1,763b4c079273b18c9c749dd3aa1134c4affdbed3a9c384849a1eb89a7b2ac198
1,20260810T105146Z_2836c8dc200d_stage07_b05_formal_50b827d9,formal,20260810T105146Z,2836c8dc200d20a9b8f76b3e8fad9933590364f2,false,stage07_b05_task2_features_v1,d28a9ecf742a39244e3f212a60bccff9502cf004bd41efee9f82e74ce6365e50,operator,spectrogram,Task2,Step4,spectrogram,spectrogram__spectrogram_int32_10e3__9d88fd253bb8a5e3,spectrogram_int32_10e3,10^3,1024,signal=[1024],INT32,CPU,fft_thrust,compatibility/end-to-end,PASS,OK,20,100,99,6.088623,true,9d88fd253bb8a5e3a87b97ce6f861a347c51375fbcaa3f239dadc2708e5340a1,763b4c079273b18c9c749dd3aa1134c4affdbed3a9c384849a1eb89a7b2ac198
1,20260810T105146Z_2836c8dc200d_stage07_b05_formal_50b827d9,formal,20260810T105146Z,2836c8dc200d20a9b8f76b3e8fad9933590364f2,false,stage07_b05_task2_features_v1,d28a9ecf742a39244e3f212a60bccff9502cf004bd41efee9f82e74ce6365e50,operator,spectrogram,Task2,Step4,spectrogram,spectrogram__spectrogram_int32_10e3__9d88fd253bb8a5e3,spectrogram_int32_10e3,10^3,1024,signal=[1024],INT32,GPU,fft_thrust,compatibility/end-to-end,PASS,OK,20,100,0,0.591265,true,9d88fd253bb8a5e3a87b97ce6f861a347c51375fbcaa3f239dadc2708e5340a1,18f320eb5032557fdc2bc6e75baff644a8f29d12a93bf87afc26f1d86b2c753a
1,20260810T105146Z_2836c8dc200d_stage07_b05_formal_50b827d9,formal,20260810T105146Z,2836c8dc200d20a9b8f76b3e8fad9933590364f2,false,stage07_b05_task2_features_v1,d28a9ecf742a39244e3f212a60bccff9502cf004bd41efee9f82e74ce6365e50,operator,spectrogram,Task2,Step4,spectrogram,spectrogram__spectrogram_int32_10e3__9d88fd253bb8a5e3,spectrogram_int32_10e3,10^3,1024,signal=[1024],INT32,GPU,fft_thrust,compatibility/end-to-end,PASS,OK,20,100,1,0.584345,true,9d88fd253bb8a5e3a87b97ce6f861a347c51375fbcaa3f239dadc2708e5340a1,18f320eb5032557fdc2bc6e75baff644a8f29d12a93bf87afc26f1d86b2c753a
1,20260810T105146Z_2836c8dc200d_stage07_b05_formal_50b827d9,formal,20260810T105146Z,2836c8dc200d20a9b8f76b3e8fad9933590364f2,false,stage07_b05_task2_features_v1,d28a9ecf742a39244e3f212a60bccff9502cf004bd41efee9f82e74ce6365e50,operator,spectrogram,Task2,Step4,spectrogram,spectrogram__spectrogram_int32_10e3__9d88fd253bb8a5e3,spectrogram_int32_10e3,10^3,1024,signal=[1024],INT32,GPU,fft_thrust,compatibility/end-to-end,PASS,OK,20,100,2,0.599396,true,9d88fd253bb8a5e3a87b97ce6f861a347c51375fbcaa3f239dadc2708e5340a1,18f320eb5032557fdc2bc6e75baff644a8f29d12a93bf87afc26f1d86b2c753a
1,20260810T105146Z_2836c8dc200d_stage07_b05_formal_50b827d9,formal,20260810T105146Z,2836c8dc200d20a9b8f76b3e8fad9933590364f2,false,stage07_b05_task2_features_v1,d28a9ecf742a39244e3f212a60bccff9502cf004bd41efee9f82e74ce6365e50,operator,spectrogram,Task2,Step4,spectrogram,spectrogram__spectrogram_int32_10e3__9d88fd253bb8a5e3,spectrogram_int32_10e3,10^3,1024,signal=[1024],INT32,GPU,fft_thrust,compatibility/end-to-end,PASS,OK,20,100,3,0.582015,true,9d88fd253bb8a5e3a87b97ce6f861a347c51375fbcaa3f239dadc2708e5340a1,18f320eb5032557fdc2bc6e75baff644a8f29d12a93bf87afc26f1d86b2c753a
1,20260810T105146Z_2836c8dc200d_stage07_b05_formal_50b827d9,formal,20260810T105146Z,2836c8dc200d20a9b8f76b3e8fad9933590364f2,false,stage07_b05_task2_features_v1,d28a9ecf742a39244e3f212a60bccff9502cf004bd41efee9f82e74ce6365e50,operator,spectrogram,Task2,Step4,spectrogram,spectrogram__spectrogram_int32_10e3__9d88fd253bb8a5e3,spectrogram_int32_10e3,10^3,1024,signal=[1024],INT32,GPU,fft_thrust,compatibility/end-to-end,PASS,OK,20,100,4,0.577945,true,9d88fd253bb8a5e3a87b97ce6f861a347c51375fbcaa3f239dadc2708e5340a1,18f320eb5032557fdc2bc6e75baff644a8f29d12a93bf87afc26f1d86b2c753a
1,20260810T105146Z_2836c8dc200d_stage07_b05_formal_50b827d9,formal,20260810T105146Z,2836c8dc200d20a9b8f76b3e8fad9933590364f2,false,stage07_b05_task2_features_v1,d28a9ecf742a39244e3f212a60bccff9502cf004bd41efee9f82e74ce6365e50,operator,spectrogram,Task2,Step4,spectrogram,spectrogram__spectrogram_int32_10e3__9d88fd253bb8a5e3,spectrogram_int32_10e3,10^3,1024,signal=[1024],INT32,GPU,fft_thrust,compatibility/end-to-end,PASS,OK,20,100,5,0.580045,true,9d88fd253bb8a5e3a87b97ce6f861a347c51375fbcaa3f239dadc2708e5340a1,18f320eb5032557fdc2bc6e75baff644a8f29d12a93bf87afc26f1d86b2c753a
1,20260810T105146Z_2836c8dc200d_stage07_b05_formal_50b827d9,formal,20260810T105146Z,2836c8dc200d20a9b8f76b3e8fad9933590364f2,false,stage07_b05_task2_features_v1,d28a9ecf742a39244e3f212a60bccff9502cf004bd41efee9f82e74ce6365e50,operator,spectrogram,Task2,Step4,spectrogram,spectrogram__spectrogram_int32_10e3__9d88fd253bb8a5e3,spectrogram_int32_10e3,10^3,1024,signal=[1024],INT32,GPU,fft_thrust,compatibility/end-to-end,PASS,OK,20,100,6,0.574175,true,9d88fd253bb8a5e3a87b97ce6f861a347c51375fbcaa3f239dadc2708e5340a1,18f320eb5032557fdc2bc6e75baff644a8f29d12a93bf87afc26f1d86b2c753a
1,20260810T105146Z_2836c8dc200d_stage07_b05_formal_50b827d9,formal,20260810T105146Z,2836c8dc200d20a9b8f76b3e8fad9933590364f2,false,stage07_b05_task2_features_v1,d28a9ecf742a39244e3f212a60bccff9502cf004bd41efee9f82e74ce6365e50,operator,spectrogram,Task2,Step4,spectrogram,spectrogram__spectrogram_int32_10e3__9d88fd253bb8a5e3,spectrogram_int32_10e3,10^3,1024,signal=[1024],INT32,GPU,fft_thrust,compatibility/end-to-end,PASS,OK,20,100,7,0.575535,true,9d88fd253bb8a5e3a87b97ce6f861a347c51375fbcaa3f239dadc2708e5340a1,18f320eb5032557fdc2bc6e75baff644a8f29d12a93bf87afc26f1d86b2c753a
1,20260810T105146Z_2836c8dc200d_stage07_b05_formal_50b827d9,formal,20260810T105146Z,2836c8dc200d20a9b8f76b3e8fad9933590364f2,false,stage07_b05_task2_features_v1,d28a9ecf742a39244e3f212a60bccff9502cf004bd41efee9f82e74ce6365e50,operator,spectrogram,Task2,Step4,spectrogram,spectrogram__spectrogram_int32_10e3__9d88fd253bb8a5e3,spectrogram_int32_10e3,10^3,1024,signal=[1024],INT32,GPU,fft_thrust,compatibility/end-to-end,PASS,OK,20,100,8,0.560224,true,9d88fd253bb8a5e3a87b97ce6f861a347c51375fbcaa3f239dadc2708e5340a1,18f320eb5032557fdc2bc6e75baff644a8f29d12a93bf87afc26f1d86b2c753a
1,20260810T105146Z_2836c8dc200d_stage07_b05_formal_50b827d9,formal,20260810T105146Z,2836c8dc200d20a9b8f76b3e8fad9933590364f2,false,stage07_b05_task2_features_v1,d28a9ecf742a39244e3f212a60bccff9502cf004bd41efee9f82e74ce6365e50,operator,spectrogram,Task2,Step4,spectrogram,spectrogram__spectrogram_int32_10e3__9d88fd253bb8a5e3,spectrogram_int32_10e3,10^3,1024,signal=[1024],INT32,GPU,fft_thrust,compatibility/end-to-end,PASS,OK,20,100,9,0.575495,true,9d88fd253bb8a5e3a87b97ce6f861a347c51375fbcaa3f239dadc2708e5340a1,18f320eb5032557fdc2bc6e75baff644a8f29d12a93bf87afc26f1d86b2c753a
1,20260810T105146Z_2836c8dc200d_stage07_b05_formal_50b827d9,formal,20260810T105146Z,2836c8dc200d20a9b8f76b3e8fad9933590364f2,false,stage07_b05_task2_features_v1,d28a9ecf742a39244e3f212a60bccff9502cf004bd41efee9f82e74ce6365e50,operator,spectrogram,Task2,Step4,spectrogram,spectrogram__spectrogram_int32_10e3__9d88fd253bb8a5e3,spectrogram_int32_10e3,10^3,1024,signal=[1024],INT32,GPU,fft_thrust,compatibility/end-to-end,PASS,OK,20,100,10,0.638767,true,9d88fd253bb8a5e3a87b97ce6f861a347c51375fbcaa3f239dadc2708e5340a1,18f320eb5032557fdc2bc6e75baff644a8f29d12a93bf87afc26f1d86b2c753a
1,20260810T105146Z_2836c8dc200d_stage07_b05_formal_50b827d9,formal,20260810T105146Z,2836c8dc200d20a9b8f76b3e8fad9933590364f2,false,stage07_b05_task2_features_v1,d28a9ecf742a39244e3f212a60bccff9502cf004bd41efee9f82e74ce6365e50,operator,spectrogram,Task2,Step4,spectrogram,spectrogram__spectrogram_int32_10e3__9d88fd253bb8a5e3,spectrogram_int32_10e3,10^3,1024,signal=[1024],INT32,GPU,fft_thrust,compatibility/end-to-end,PASS,OK,20,100,11,0.647427,true,9d88fd253bb8a5e3a87b97ce6f861a347c51375fbcaa3f239dadc2708e5340a1,18f320eb5032557fdc2bc6e75baff644a8f29d12a93bf87afc26f1d86b2c753a
1,20260810T105146Z_2836c8dc200d_stage07_b05_formal_50b827d9,formal,20260810T105146Z,2836c8dc200d20a9b8f76b3e8fad9933590364f2,false,stage07_b05_task2_features_v1,d28a9ecf742a39244e3f212a60bccff9502cf004bd41efee9f82e74ce6365e50,operator,spectrogram,Task2,Step4,spectrogram,spectrogram__spectrogram_int32_10e3__9d88fd253bb8a5e3,spectrogram_int32_10e3,10^3,1024,signal=[1024],INT32,GPU,fft_thrust,compatibility/end-to-end,PASS,OK,20,100,12,0.583205,true,9d88fd253bb8a5e3a87b97ce6f861a347c51375fbcaa3f239dadc2708e5340a1,18f320eb5032557fdc2bc6e75baff644a8f29d12a93bf87afc26f1d86b2c753a
1,20260810T105146Z_2836c8dc200d_stage07_b05_formal_50b827d9,formal,20260810T105146Z,2836c8dc200d20a9b8f76b3e8fad9933590364f2,false,stage07_b05_task2_features_v1,d28a9ecf742a39244e3f212a60bccff9502cf004bd41efee9f82e74ce6365e50,operator,spectrogram,Task2,Step4,spectrogram,spectrogram__spectrogram_int32_10e3__9d88fd253bb8a5e3,spectrogram_int32_10e3,10^3,1024,signal=[1024],INT32,GPU,fft_thrust,compatibility/end-to-end,PASS,OK,20,100,13,0.575105,true,9d88fd253bb8a5e3a87b97ce6f861a347c51375fbcaa3f239dadc2708e5340a1,18f320eb5032557fdc2bc6e75baff644a8f29d12a93bf87afc26f1d86b2c753a
1,20260810T105146Z_2836c8dc200d_stage07_b05_formal_50b827d9,formal,20260810T105146Z,2836c8dc200d20a9b8f76b3e8fad9933590364f2,false,stage07_b05_task2_features_v1,d28a9ecf742a39244e3f212a60bccff9502cf004bd41efee9f82e74ce6365e50,operator,spectrogram,Task2,Step4,spectrogram,spectrogram__spectrogram_int32_10e3__9d88fd253bb8a5e3,spectrogram_int32_10e3,10^3,1024,signal=[1024],INT32,GPU,fft_thrust,compatibility/end-to-end,PASS,OK,20,100,14,0.575165,true,9d88fd253bb8a5e3a87b97ce6f861a347c51375fbcaa3f239dadc2708e5340a1,18f320eb5032557fdc2bc6e75baff644a8f29d12a93bf87afc26f1d86b2c753a
1,20260810T105146Z_2836c8dc200d_stage07_b05_formal_50b827d9,formal,20260810T105146Z,2836c8dc200d20a9b8f76b3e8fad9933590364f2,false,stage07_b05_task2_features_v1,d28a9ecf742a39244e3f212a60bccff9502cf004bd41efee9f82e74ce6365e50,operator,spectrogram,Task2,Step4,spectrogram,spectrogram__spectrogram_int32_10e3__9d88fd253bb8a5e3,spectrogram_int32_10e3,10^3,1024,signal=[1024],INT32,GPU,fft_thrust,compatibility/end-to-end,PASS,OK,20,100,15,0.586565,true,9d88fd253bb8a5e3a87b97ce6f861a347c51375fbcaa3f239dadc2708e5340a1,18f320eb5032557fdc2bc6e75baff644a8f29d12a93bf87afc26f1d86b2c753a
1,20260810T105146Z_2836c8dc200d_stage07_b05_formal_50b827d9,formal,20260810T105146Z,2836c8dc200d20a9b8f76b3e8fad9933590364f2,false,stage07_b05_task2_features_v1,d28a9ecf742a39244e3f212a60bccff9502cf004bd41efee9f82e74ce6365e50,operator,spectrogram,Task2,Step4,spectrogram,spectrogram__spectrogram_int32_10e3__9d88fd253bb8a5e3,spectrogram_int32_10e3,10^3,1024,signal=[1024],INT32,GPU,fft_thrust,compatibility/end-to-end,PASS,OK,20,100,16,0.603826,true,9d88fd253bb8a5e3a87b97ce6f861a347c51375fbcaa3f239dadc2708e5340a1,18f320eb5032557fdc2bc6e75baff644a8f29d12a93bf87afc26f1d86b2c753a
1,20260810T105146Z_2836c8dc200d_stage07_b05_formal_50b827d9,formal,20260810T105146Z,2836c8dc200d20a9b8f76b3e8fad9933590364f2,false,stage07_b05_task2_features_v1,d28a9ecf742a39244e3f212a60bccff9502cf004bd41efee9f82e74ce6365e50,operator,spectrogram,Task2,Step4,spectrogram,spectrogram__spectrogram_int32_10e3__9d88fd253bb8a5e3,spectrogram_int32_10e3,10^3,1024,signal=[1024],INT32,GPU,fft_thrust,compatibility/end-to-end,PASS,OK,20,100,17,0.634478,true,9d88fd253bb8a5e3a87b97ce6f861a347c51375fbcaa3f239dadc2708e5340a1,18f320eb5032557fdc2bc6e75baff644a8f29d12a93bf87afc26f1d86b2c753a
1,20260810T105146Z_2836c8dc200d_stage07_b05_formal_50b827d9,formal,20260810T105146Z,2836c8dc200d20a9b8f76b3e8fad9933590364f2,false,stage07_b05_task2_features_v1,d28a9ecf742a39244e3f212a60bccff9502cf004bd41efee9f82e74ce6365e50,operator,spectrogram,Task2,Step4,spectrogram,spectrogram__spectrogram_int32_10e3__9d88fd253bb8a5e3,spectrogram_int32_10e3,10^3,1024,signal=[1024],INT32,GPU,fft_thrust,compatibility/end-to-end,PASS,OK,20,100,18,0.578015,true,9d88fd253bb8a5e3a87b97ce6f861a347c51375fbcaa3f239dadc2708e5340a1,18f320eb5032557fdc2bc6e75baff644a8f29d12a93bf87afc26f1d86b2c753a
1,20260810T105146Z_2836c8dc200d_stage07_b05_formal_50b827d9,formal,20260810T105146Z,2836c8dc200d20a9b8f76b3e8fad9933590364f2,false,stage07_b05_task2_features_v1,d28a9ecf742a39244e3f212a60bccff9502cf004bd41efee9f82e74ce6365e50,operator,spectrogram,Task2,Step4,spectrogram,spectrogram__spectrogram_int32_10e3__9d88fd253bb8a5e3,spectrogram_int32_10e3,10^3,1024,signal=[1024],INT32,GPU,fft_thrust,compatibility/end-to-end,PASS,OK,20,100,19,0.575935,true,9d88fd253bb8a5e3a87b97ce6f861a347c51375fbcaa3f239dadc2708e5340a1,18f320eb5032557fdc2bc6e75baff644a8f29d12a93bf87afc26f1d86b2c753a
1,20260810T105146Z_2836c8dc200d_stage07_b05_formal_50b827d9,formal,20260810T105146Z,2836c8dc200d20a9b8f76b3e8fad9933590364f2,false,stage07_b05_task2_features_v1,d28a9ecf742a39244e3f212a60bccff9502cf004bd41efee9f82e74ce6365e50,operator,spectrogram,Task2,Step4,spectrogram,spectrogram__spectrogram_int32_10e3__9d88fd253bb8a5e3,spectrogram_int32_10e3,10^3,1024,signal=[1024],INT32,GPU,fft_thrust,compatibility/end-to-end,PASS,OK,20,100,20,0.582395,true,9d88fd253bb8a5e3a87b97ce6f861a347c51375fbcaa3f239dadc2708e5340a1,18f320eb5032557fdc2bc6e75baff644a8f29d12a93bf87afc26f1d86b2c753a
1,20260810T105146Z_2836c8dc200d_stage07_b05_formal_50b827d9,formal,20260810T105146Z,2836c8dc200d20a9b8f76b3e8fad9933590364f2,false,stage07_b05_task2_features_v1,d28a9ecf742a39244e3f212a60bccff9502cf004bd41efee9f82e74ce6365e50,operator,spectrogram,Task2,Step4,spectrogram,spectrogram__spectrogram_int32_10e3__9d88fd253bb8a5e3,spectrogram_int32_10e3,10^3,1024,signal=[1024],INT32,GPU,fft_thrust,compatibility/end-to-end,PASS,OK,20,100,21,0.575735,true,9d88fd253bb8a5e3a87b97ce6f861a347c51375fbcaa3f239dadc2708e5340a1,18f320eb5032557fdc2bc6e75baff644a8f29d12a93bf87afc26f1d86b2c753a
1,20260810T105146Z_2836c8dc200d_stage07_b05_formal_50b827d9,formal,20260810T105146Z,2836c8dc200d20a9b8f76b3e8fad9933590364f2,false,stage07_b05_task2_features_v1,d28a9ecf742a39244e3f212a60bccff9502cf004bd41efee9f82e74ce6365e50,operator,spectrogram,Task2,Step4,spectrogram,spectrogram__spectrogram_int32_10e3__9d88fd253bb8a5e3,spectrogram_int32_10e3,10^3,1024,signal=[1024],INT32,GPU,fft_thrust,compatibility/end-to-end,PASS,OK,20,100,22,0.585485,true,9d88fd253bb8a5e3a87b97ce6f861a347c51375fbcaa3f239dadc2708e5340a1,18f320eb5032557fdc2bc6e75baff644a8f29d12a93bf87afc26f1d86b2c753a
1,20260810T105146Z_2836c8dc200d_stage07_b05_formal_50b827d9,formal,20260810T105146Z,2836c8dc200d20a9b8f76b3e8fad9933590364f2,false,stage07_b05_task2_features_v1,d28a9ecf742a39244e3f212a60bccff9502cf004bd41efee9f82e74ce6365e50,operator,spectrogram,Task2,Step4,spectrogram,spectrogram__spectrogram_int32_10e3__9d88fd253bb8a5e3,spectrogram_int32_10e3,10^3,1024,signal=[1024],INT32,GPU,fft_thrust,compatibility/end-to-end,PASS,OK,20,100,23,0.585785,true,9d88fd253bb8a5e3a87b97ce6f861a347c51375fbcaa3f239dadc2708e5340a1,18f320eb5032557fdc2bc6e75baff644a8f29d12a93bf87afc26f1d86b2c753a
1,20260810T105146Z_2836c8dc200d_stage07_b05_formal_50b827d9,formal,20260810T105146Z,2836c8dc200d20a9b8f76b3e8fad9933590364f2,false,stage07_b05_task2_features_v1,d28a9ecf742a39244e3f212a60bccff9502cf004bd41efee9f82e74ce6365e50,operator,spectrogram,Task2,Step4,spectrogram,spectrogram__spectrogram_int32_10e3__9d88fd253bb8a5e3,spectrogram_int32_10e3,10^3,1024,signal=[1024],INT32,GPU,fft_thrust,compatibility/end-to-end,PASS,OK,20,100,24,0.584505,true,9d88fd253bb8a5e3a87b97ce6f861a347c51375fbcaa3f239dadc2708e5340a1,18f320eb5032557fdc2bc6e75baff644a8f29d12a93bf87afc26f1d86b2c753a
1,20260810T105146Z_2836c8dc200d_stage07_b05_formal_50b827d9,formal,20260810T105146Z,2836c8dc200d20a9b8f76b3e8fad9933590364f2,false,stage07_b05_task2_features_v1,d28a9ecf742a39244e3f212a60bccff9502cf004bd41efee9f82e74ce6365e50,operator,spectrogram,Task2,Step4,spectrogram,spectrogram__spectrogram_int32_10e3__9d88fd253bb8a5e3,spectrogram_int32_10e3,10^3,1024,signal=[1024],INT32,GPU,fft_thrust,compatibility/end-to-end,PASS,OK,20,100,25,0.580855,true,9d88fd253bb8a5e3a87b97ce6f861a347c51375fbcaa3f239dadc2708e5340a1,18f320eb5032557fdc2bc6e75baff644a8f29d12a93bf87afc26f1d86b2c753a
1,20260810T105146Z_2836c8dc200d_stage07_b05_formal_50b827d9,formal,20260810T105146Z,2836c8dc200d20a9b8f76b3e8fad9933590364f2,false,stage07_b05_task2_features_v1,d28a9ecf742a39244e3f212a60bccff9502cf004bd41efee9f82e74ce6365e50,operator,spectrogram,Task2,Step4,spectrogram,spectrogram__spectrogram_int32_10e3__9d88fd253bb8a5e3,spectrogram_int32_10e3,10^3,1024,signal=[1024],INT32,GPU,fft_thrust,compatibility/end-to-end,PASS,OK,20,100,26,0.580565,true,9d88fd253bb8a5e3a87b97ce6f861a347c51375fbcaa3f239dadc2708e5340a1,18f320eb5032557fdc2bc6e75baff644a8f29d12a93bf87afc26f1d86b2c753a
1,20260810T105146Z_2836c8dc200d_stage07_b05_formal_50b827d9,formal,20260810T105146Z,2836c8dc200d20a9b8f76b3e8fad9933590364f2,false,stage07_b05_task2_features_v1,d28a9ecf742a39244e3f212a60bccff9502cf004bd41efee9f82e74ce6365e50,operator,spectrogram,Task2,Step4,spectrogram,spectrogram__spectrogram_int32_10e3__9d88fd253bb8a5e3,spectrogram_int32_10e3,10^3,1024,signal=[1024],INT32,GPU,fft_thrust,compatibility/end-to-end,PASS,OK,20,100,27,0.580355,true,9d88fd253bb8a5e3a87b97ce6f861a347c51375fbcaa3f239dadc2708e5340a1,18f320eb5032557fdc2bc6e75baff644a8f29d12a93bf87afc26f1d86b2c753a
1,20260810T105146Z_2836c8dc200d_stage07_b05_formal_50b827d9,formal,20260810T105146Z,2836c8dc200d20a9b8f76b3e8fad9933590364f2,false,stage07_b05_task2_features_v1,d28a9ecf742a39244e3f212a60bccff9502cf004bd41efee9f82e74ce6365e50,operator,spectrogram,Task2,Step4,spectrogram,spectrogram__spectrogram_int32_10e3__9d88fd253bb8a5e3,spectrogram_int32_10e3,10^3,1024,signal=[1024],INT32,GPU,fft_thrust,compatibility/end-to-end,PASS,OK,20,100,28,0.589796,true,9d88fd253bb8a5e3a87b97ce6f861a347c51375fbcaa3f239dadc2708e5340a1,18f320eb5032557fdc2bc6e75baff644a8f29d12a93bf87afc26f1d86b2c753a
1,20260810T105146Z_2836c8dc200d_stage07_b05_formal_50b827d9,formal,20260810T105146Z,2836c8dc200d20a9b8f76b3e8fad9933590364f2,false,stage07_b05_task2_features_v1,d28a9ecf742a39244e3f212a60bccff9502cf004bd41efee9f82e74ce6365e50,operator,spectrogram,Task2,Step4,spectrogram,spectrogram__spectrogram_int32_10e3__9d88fd253bb8a5e3,spectrogram_int32_10e3,10^3,1024,signal=[1024],INT32,GPU,fft_thrust,compatibility/end-to-end,PASS,OK,20,100,29,0.655708,true,9d88fd253bb8a5e3a87b97ce6f861a347c51375fbcaa3f239dadc2708e5340a1,18f320eb5032557fdc2bc6e75baff644a8f29d12a93bf87afc26f1d86b2c753a
1,20260810T105146Z_2836c8dc200d_stage07_b05_formal_50b827d9,formal,20260810T105146Z,2836c8dc200d20a9b8f76b3e8fad9933590364f2,false,stage07_b05_task2_features_v1,d28a9ecf742a39244e3f212a60bccff9502cf004bd41efee9f82e74ce6365e50,operator,spectrogram,Task2,Step4,spectrogram,spectrogram__spectrogram_int32_10e3__9d88fd253bb8a5e3,spectrogram_int32_10e3,10^3,1024,signal=[1024],INT32,GPU,fft_thrust,compatibility/end-to-end,PASS,OK,20,100,30,0.583485,true,9d88fd253bb8a5e3a87b97ce6f861a347c51375fbcaa3f239dadc2708e5340a1,18f320eb5032557fdc2bc6e75baff644a8f29d12a93bf87afc26f1d86b2c753a
1,20260810T105146Z_2836c8dc200d_stage07_b05_formal_50b827d9,formal,20260810T105146Z,2836c8dc200d20a9b8f76b3e8fad9933590364f2,false,stage07_b05_task2_features_v1,d28a9ecf742a39244e3f212a60bccff9502cf004bd41efee9f82e74ce6365e50,operator,spectrogram,Task2,Step4,spectrogram,spectrogram__spectrogram_int32_10e3__9d88fd253bb8a5e3,spectrogram_int32_10e3,10^3,1024,signal=[1024],INT32,GPU,fft_thrust,compatibility/end-to-end,PASS,OK,20,100,31,0.573335,true,9d88fd253bb8a5e3a87b97ce6f861a347c51375fbcaa3f239dadc2708e5340a1,18f320eb5032557fdc2bc6e75baff644a8f29d12a93bf87afc26f1d86b2c753a
1,20260810T105146Z_2836c8dc200d_stage07_b05_formal_50b827d9,formal,20260810T105146Z,2836c8dc200d20a9b8f76b3e8fad9933590364f2,false,stage07_b05_task2_features_v1,d28a9ecf742a39244e3f212a60bccff9502cf004bd41efee9f82e74ce6365e50,operator,spectrogram,Task2,Step4,spectrogram,spectrogram__spectrogram_int32_10e3__9d88fd253bb8a5e3,spectrogram_int32_10e3,10^3,1024,signal=[1024],INT32,GPU,fft_thrust,compatibility/end-to-end,PASS,OK,20,100,32,0.574814,true,9d88fd253bb8a5e3a87b97ce6f861a347c51375fbcaa3f239dadc2708e5340a1,18f320eb5032557fdc2bc6e75baff644a8f29d12a93bf87afc26f1d86b2c753a
1,20260810T105146Z_2836c8dc200d_stage07_b05_formal_50b827d9,formal,20260810T105146Z,2836c8dc200d20a9b8f76b3e8fad9933590364f2,false,stage07_b05_task2_features_v1,d28a9ecf742a39244e3f212a60bccff9502cf004bd41efee9f82e74ce6365e50,operator,spectrogram,Task2,Step4,spectrogram,spectrogram__spectrogram_int32_10e3__9d88fd253bb8a5e3,spectrogram_int32_10e3,10^3,1024,signal=[1024],INT32,GPU,fft_thrust,compatibility/end-to-end,PASS,OK,20,100,33,0.584205,true,9d88fd253bb8a5e3a87b97ce6f861a347c51375fbcaa3f239dadc2708e5340a1,18f320eb5032557fdc2bc6e75baff644a8f29d12a93bf87afc26f1d86b2c753a
1,20260810T105146Z_2836c8dc200d_stage07_b05_formal_50b827d9,formal,20260810T105146Z,2836c8dc200d20a9b8f76b3e8fad9933590364f2,false,stage07_b05_task2_features_v1,d28a9ecf742a39244e3f212a60bccff9502cf004bd41efee9f82e74ce6365e50,operator,spectrogram,Task2,Step4,spectrogram,spectrogram__spectrogram_int32_10e3__9d88fd253bb8a5e3,spectrogram_int32_10e3,10^3,1024,signal=[1024],INT32,GPU,fft_thrust,compatibility/end-to-end,PASS,OK,20,100,34,0.572824,true,9d88fd253bb8a5e3a87b97ce6f861a347c51375fbcaa3f239dadc2708e5340a1,18f320eb5032557fdc2bc6e75baff644a8f29d12a93bf87afc26f1d86b2c753a
1,20260810T105146Z_2836c8dc200d_stage07_b05_formal_50b827d9,formal,20260810T105146Z,2836c8dc200d20a9b8f76b3e8fad9933590364f2,false,stage07_b05_task2_features_v1,d28a9ecf742a39244e3f212a60bccff9502cf004bd41efee9f82e74ce6365e50,operator,spectrogram,Task2,Step4,spectrogram,spectrogram__spectrogram_int32_10e3__9d88fd253bb8a5e3,spectrogram_int32_10e3,10^3,1024,signal=[1024],INT32,GPU,fft_thrust,compatibility/end-to-end,PASS,OK,20,100,35,0.580515,true,9d88fd253bb8a5e3a87b97ce6f861a347c51375fbcaa3f239dadc2708e5340a1,18f320eb5032557fdc2bc6e75baff644a8f29d12a93bf87afc26f1d86b2c753a
1,20260810T105146Z_2836c8dc200d_stage07_b05_formal_50b827d9,formal,20260810T105146Z,2836c8dc200d20a9b8f76b3e8fad9933590364f2,false,stage07_b05_task2_features_v1,d28a9ecf742a39244e3f212a60bccff9502cf004bd41efee9f82e74ce6365e50,operator,spectrogram,Task2,Step4,spectrogram,spectrogram__spectrogram_int32_10e3__9d88fd253bb8a5e3,spectrogram_int32_10e3,10^3,1024,signal=[1024],INT32,GPU,fft_thrust,compatibility/end-to-end,PASS,OK,20,100,36,0.589196,true,9d88fd253bb8a5e3a87b97ce6f861a347c51375fbcaa3f239dadc2708e5340a1,18f320eb5032557fdc2bc6e75baff644a8f29d12a93bf87afc26f1d86b2c753a
1,20260810T105146Z_2836c8dc200d_stage07_b05_formal_50b827d9,formal,20260810T105146Z,2836c8dc200d20a9b8f76b3e8fad9933590364f2,false,stage07_b05_task2_features_v1,d28a9ecf742a39244e3f212a60bccff9502cf004bd41efee9f82e74ce6365e50,operator,spectrogram,Task2,Step4,spectrogram,spectrogram__spectrogram_int32_10e3__9d88fd253bb8a5e3,spectrogram_int32_10e3,10^3,1024,signal=[1024],INT32,GPU,fft_thrust,compatibility/end-to-end,PASS,OK,20,100,37,0.576994,true,9d88fd253bb8a5e3a87b97ce6f861a347c51375fbcaa3f239dadc2708e5340a1,18f320eb5032557fdc2bc6e75baff644a8f29d12a93bf87afc26f1d86b2c753a
1,20260810T105146Z_2836c8dc200d_stage07_b05_formal_50b827d9,formal,20260810T105146Z,2836c8dc200d20a9b8f76b3e8fad9933590364f2,false,stage07_b05_task2_features_v1,d28a9ecf742a39244e3f212a60bccff9502cf004bd41efee9f82e74ce6365e50,operator,spectrogram,Task2,Step4,spectrogram,spectrogram__spectrogram_int32_10e3__9d88fd253bb8a5e3,spectrogram_int32_10e3,10^3,1024,signal=[1024],INT32,GPU,fft_thrust,compatibility/end-to-end,PASS,OK,20,100,38,0.581206,true,9d88fd253bb8a5e3a87b97ce6f861a347c51375fbcaa3f239dadc2708e5340a1,18f320eb5032557fdc2bc6e75baff644a8f29d12a93bf87afc26f1d86b2c753a
1,20260810T105146Z_2836c8dc200d_stage07_b05_formal_50b827d9,formal,20260810T105146Z,2836c8dc200d20a9b8f76b3e8fad9933590364f2,false,stage07_b05_task2_features_v1,d28a9ecf742a39244e3f212a60bccff9502cf004bd41efee9f82e74ce6365e50,operator,spectrogram,Task2,Step4,spectrogram,spectrogram__spectrogram_int32_10e3__9d88fd253bb8a5e3,spectrogram_int32_10e3,10^3,1024,signal=[1024],INT32,GPU,fft_thrust,compatibility/end-to-end,PASS,OK,20,100,39,0.582955,true,9d88fd253bb8a5e3a87b97ce6f861a347c51375fbcaa3f239dadc2708e5340a1,18f320eb5032557fdc2bc6e75baff644a8f29d12a93bf87afc26f1d86b2c753a
1,20260810T105146Z_2836c8dc200d_stage07_b05_formal_50b827d9,formal,20260810T105146Z,2836c8dc200d20a9b8f76b3e8fad9933590364f2,false,stage07_b05_task2_features_v1,d28a9ecf742a39244e3f212a60bccff9502cf004bd41efee9f82e74ce6365e50,operator,spectrogram,Task2,Step4,spectrogram,spectrogram__spectrogram_int32_10e3__9d88fd253bb8a5e3,spectrogram_int32_10e3,10^3,1024,signal=[1024],INT32,GPU,fft_thrust,compatibility/end-to-end,PASS,OK,20,100,40,0.573165,true,9d88fd253bb8a5e3a87b97ce6f861a347c51375fbcaa3f239dadc2708e5340a1,18f320eb5032557fdc2bc6e75baff644a8f29d12a93bf87afc26f1d86b2c753a
1,20260810T105146Z_2836c8dc200d_stage07_b05_formal_50b827d9,formal,20260810T105146Z,2836c8dc200d20a9b8f76b3e8fad9933590364f2,false,stage07_b05_task2_features_v1,d28a9ecf742a39244e3f212a60bccff9502cf004bd41efee9f82e74ce6365e50,operator,spectrogram,Task2,Step4,spectrogram,spectrogram__spectrogram_int32_10e3__9d88fd253bb8a5e3,spectrogram_int32_10e3,10^3,1024,signal=[1024],INT32,GPU,fft_thrust,compatibility/end-to-end,PASS,OK,20,100,41,0.575324,true,9d88fd253bb8a5e3a87b97ce6f861a347c51375fbcaa3f239dadc2708e5340a1,18f320eb5032557fdc2bc6e75baff644a8f29d12a93bf87afc26f1d86b2c753a
1,20260810T105146Z_2836c8dc200d_stage07_b05_formal_50b827d9,formal,20260810T105146Z,2836c8dc200d20a9b8f76b3e8fad9933590364f2,false,stage07_b05_task2_features_v1,d28a9ecf742a39244e3f212a60bccff9502cf004bd41efee9f82e74ce6365e50,operator,spectrogram,Task2,Step4,spectrogram,spectrogram__spectrogram_int32_10e3__9d88fd253bb8a5e3,spectrogram_int32_10e3,10^3,1024,signal=[1024],INT32,GPU,fft_thrust,compatibility/end-to-end,PASS,OK,20,100,42,0.584286,true,9d88fd253bb8a5e3a87b97ce6f861a347c51375fbcaa3f239dadc2708e5340a1,18f320eb5032557fdc2bc6e75baff644a8f29d12a93bf87afc26f1d86b2c753a
1,20260810T105146Z_2836c8dc200d_stage07_b05_formal_50b827d9,formal,20260810T105146Z,2836c8dc200d20a9b8f76b3e8fad9933590364f2,false,stage07_b05_task2_features_v1,d28a9ecf742a39244e3f212a60bccff9502cf004bd41efee9f82e74ce6365e50,operator,spectrogram,Task2,Step4,spectrogram,spectrogram__spectrogram_int32_10e3__9d88fd253bb8a5e3,spectrogram_int32_10e3,10^3,1024,signal=[1024],INT32,GPU,fft_thrust,compatibility/end-to-end,PASS,OK,20,100,43,0.587925,true,9d88fd253bb8a5e3a87b97ce6f861a347c51375fbcaa3f239dadc2708e5340a1,18f320eb5032557fdc2bc6e75baff644a8f29d12a93bf87afc26f1d86b2c753a
1,20260810T105146Z_2836c8dc200d_stage07_b05_formal_50b827d9,formal,20260810T105146Z,2836c8dc200d20a9b8f76b3e8fad9933590364f2,false,stage07_b05_task2_features_v1,d28a9ecf742a39244e3f212a60bccff9502cf004bd41efee9f82e74ce6365e50,operator,spectrogram,Task2,Step4,spectrogram,spectrogram__spectrogram_int32_10e3__9d88fd253bb8a5e3,spectrogram_int32_10e3,10^3,1024,signal=[1024],INT32,GPU,fft_thrust,compatibility/end-to-end,PASS,OK,20,100,44,0.579085,true,9d88fd253bb8a5e3a87b97ce6f861a347c51375fbcaa3f239dadc2708e5340a1,18f320eb5032557fdc2bc6e75baff644a8f29d12a93bf87afc26f1d86b2c753a
1,20260810T105146Z_2836c8dc200d_stage07_b05_formal_50b827d9,formal,20260810T105146Z,2836c8dc200d20a9b8f76b3e8fad9933590364f2,false,stage07_b05_task2_features_v1,d28a9ecf742a39244e3f212a60bccff9502cf004bd41efee9f82e74ce6365e50,operator,spectrogram,Task2,Step4,spectrogram,spectrogram__spectrogram_int32_10e3__9d88fd253bb8a5e3,spectrogram_int32_10e3,10^3,1024,signal=[1024],INT32,GPU,fft_thrust,compatibility/end-to-end,PASS,OK,20,100,45,0.577295,true,9d88fd253bb8a5e3a87b97ce6f861a347c51375fbcaa3f239dadc2708e5340a1,18f320eb5032557fdc2bc6e75baff644a8f29d12a93bf87afc26f1d86b2c753a
1,20260810T105146Z_2836c8dc200d_stage07_b05_formal_50b827d9,formal,20260810T105146Z,2836c8dc200d20a9b8f76b3e8fad9933590364f2,false,stage07_b05_task2_features_v1,d28a9ecf742a39244e3f212a60bccff9502cf004bd41efee9f82e74ce6365e50,operator,spectrogram,Task2,Step4,spectrogram,spectrogram__spectrogram_int32_10e3__9d88fd253bb8a5e3,spectrogram_int32_10e3,10^3,1024,signal=[1024],INT32,GPU,fft_thrust,compatibility/end-to-end,PASS,OK,20,100,46,0.582735,true,9d88fd253bb8a5e3a87b97ce6f861a347c51375fbcaa3f239dadc2708e5340a1,18f320eb5032557fdc2bc6e75baff644a8f29d12a93bf87afc26f1d86b2c753a
1,20260810T105146Z_2836c8dc200d_stage07_b05_formal_50b827d9,formal,20260810T105146Z,2836c8dc200d20a9b8f76b3e8fad9933590364f2,false,stage07_b05_task2_features_v1,d28a9ecf742a39244e3f212a60bccff9502cf004bd41efee9f82e74ce6365e50,operator,spectrogram,Task2,Step4,spectrogram,spectrogram__spectrogram_int32_10e3__9d88fd253bb8a5e3,spectrogram_int32_10e3,10^3,1024,signal=[1024],INT32,GPU,fft_thrust,compatibility/end-to-end,PASS,OK,20,100,47,0.582185,true,9d88fd253bb8a5e3a87b97ce6f861a347c51375fbcaa3f239dadc2708e5340a1,18f320eb5032557fdc2bc6e75baff644a8f29d12a93bf87afc26f1d86b2c753a
1,20260810T105146Z_2836c8dc200d_stage07_b05_formal_50b827d9,formal,20260810T105146Z,2836c8dc200d20a9b8f76b3e8fad9933590364f2,false,stage07_b05_task2_features_v1,d28a9ecf742a39244e3f212a60bccff9502cf004bd41efee9f82e74ce6365e50,operator,spectrogram,Task2,Step4,spectrogram,spectrogram__spectrogram_int32_10e3__9d88fd253bb8a5e3,spectrogram_int32_10e3,10^3,1024,signal=[1024],INT32,GPU,fft_thrust,compatibility/end-to-end,PASS,OK,20,100,48,0.578805,true,9d88fd253bb8a5e3a87b97ce6f861a347c51375fbcaa3f239dadc2708e5340a1,18f320eb5032557fdc2bc6e75baff644a8f29d12a93bf87afc26f1d86b2c753a
1,20260810T105146Z_2836c8dc200d_stage07_b05_formal_50b827d9,formal,20260810T105146Z,2836c8dc200d20a9b8f76b3e8fad9933590364f2,false,stage07_b05_task2_features_v1,d28a9ecf742a39244e3f212a60bccff9502cf004bd41efee9f82e74ce6365e50,operator,spectrogram,Task2,Step4,spectrogram,spectrogram__spectrogram_int32_10e3__9d88fd253bb8a5e3,spectrogram_int32_10e3,10^3,1024,signal=[1024],INT32,GPU,fft_thrust,compatibility/end-to-end,PASS,OK,20,100,49,0.570494,true,9d88fd253bb8a5e3a87b97ce6f861a347c51375fbcaa3f239dadc2708e5340a1,18f320eb5032557fdc2bc6e75baff644a8f29d12a93bf87afc26f1d86b2c753a
1,20260810T105146Z_2836c8dc200d_stage07_b05_formal_50b827d9,formal,20260810T105146Z,2836c8dc200d20a9b8f76b3e8fad9933590364f2,false,stage07_b05_task2_features_v1,d28a9ecf742a39244e3f212a60bccff9502cf004bd41efee9f82e74ce6365e50,operator,spectrogram,Task2,Step4,spectrogram,spectrogram__spectrogram_int32_10e3__9d88fd253bb8a5e3,spectrogram_int32_10e3,10^3,1024,signal=[1024],INT32,GPU,fft_thrust,compatibility/end-to-end,PASS,OK,20,100,50,0.761413,true,9d88fd253bb8a5e3a87b97ce6f861a347c51375fbcaa3f239dadc2708e5340a1,18f320eb5032557fdc2bc6e75baff644a8f29d12a93bf87afc26f1d86b2c753a
1,20260810T105146Z_2836c8dc200d_stage07_b05_formal_50b827d9,formal,20260810T105146Z,2836c8dc200d20a9b8f76b3e8fad9933590364f2,false,stage07_b05_task2_features_v1,d28a9ecf742a39244e3f212a60bccff9502cf004bd41efee9f82e74ce6365e50,operator,spectrogram,Task2,Step4,spectrogram,spectrogram__spectrogram_int32_10e3__9d88fd253bb8a5e3,spectrogram_int32_10e3,10^3,1024,signal=[1024],INT32,GPU,fft_thrust,compatibility/end-to-end,PASS,OK,20,100,51,0.586565,true,9d88fd253bb8a5e3a87b97ce6f861a347c51375fbcaa3f239dadc2708e5340a1,18f320eb5032557fdc2bc6e75baff644a8f29d12a93bf87afc26f1d86b2c753a
1,20260810T105146Z_2836c8dc200d_stage07_b05_formal_50b827d9,formal,20260810T105146Z,2836c8dc200d20a9b8f76b3e8fad9933590364f2,false,stage07_b05_task2_features_v1,d28a9ecf742a39244e3f212a60bccff9502cf004bd41efee9f82e74ce6365e50,operator,spectrogram,Task2,Step4,spectrogram,spectrogram__spectrogram_int32_10e3__9d88fd253bb8a5e3,spectrogram_int32_10e3,10^3,1024,signal=[1024],INT32,GPU,fft_thrust,compatibility/end-to-end,PASS,OK,20,100,52,0.577065,true,9d88fd253bb8a5e3a87b97ce6f861a347c51375fbcaa3f239dadc2708e5340a1,18f320eb5032557fdc2bc6e75baff644a8f29d12a93bf87afc26f1d86b2c753a
1,20260810T105146Z_2836c8dc200d_stage07_b05_formal_50b827d9,formal,20260810T105146Z,2836c8dc200d20a9b8f76b3e8fad9933590364f2,false,stage07_b05_task2_features_v1,d28a9ecf742a39244e3f212a60bccff9502cf004bd41efee9f82e74ce6365e50,operator,spectrogram,Task2,Step4,spectrogram,spectrogram__spectrogram_int32_10e3__9d88fd253bb8a5e3,spectrogram_int32_10e3,10^3,1024,signal=[1024],INT32,GPU,fft_thrust,compatibility/end-to-end,PASS,OK,20,100,53,0.581875,true,9d88fd253bb8a5e3a87b97ce6f861a347c51375fbcaa3f239dadc2708e5340a1,18f320eb5032557fdc2bc6e75baff644a8f29d12a93bf87afc26f1d86b2c753a
1,20260810T105146Z_2836c8dc200d_stage07_b05_formal_50b827d9,formal,20260810T105146Z,2836c8dc200d20a9b8f76b3e8fad9933590364f2,false,stage07_b05_task2_features_v1,d28a9ecf742a39244e3f212a60bccff9502cf004bd41efee9f82e74ce6365e50,operator,spectrogram,Task2,Step4,spectrogram,spectrogram__spectrogram_int32_10e3__9d88fd253bb8a5e3,spectrogram_int32_10e3,10^3,1024,signal=[1024],INT32,GPU,fft_thrust,compatibility/end-to-end,PASS,OK,20,100,54,0.578565,true,9d88fd253bb8a5e3a87b97ce6f861a347c51375fbcaa3f239dadc2708e5340a1,18f320eb5032557fdc2bc6e75baff644a8f29d12a93bf87afc26f1d86b2c753a
1,20260810T105146Z_2836c8dc200d_stage07_b05_formal_50b827d9,formal,20260810T105146Z,2836c8dc200d20a9b8f76b3e8fad9933590364f2,false,stage07_b05_task2_features_v1,d28a9ecf742a39244e3f212a60bccff9502cf004bd41efee9f82e74ce6365e50,operator,spectrogram,Task2,Step4,spectrogram,spectrogram__spectrogram_int32_10e3__9d88fd253bb8a5e3,spectrogram_int32_10e3,10^3,1024,signal=[1024],INT32,GPU,fft_thrust,compatibility/end-to-end,PASS,OK,20,100,55,0.582895,true,9d88fd253bb8a5e3a87b97ce6f861a347c51375fbcaa3f239dadc2708e5340a1,18f320eb5032557fdc2bc6e75baff644a8f29d12a93bf87afc26f1d86b2c753a
1,20260810T105146Z_2836c8dc200d_stage07_b05_formal_50b827d9,formal,20260810T105146Z,2836c8dc200d20a9b8f76b3e8fad9933590364f2,false,stage07_b05_task2_features_v1,d28a9ecf742a39244e3f212a60bccff9502cf004bd41efee9f82e74ce6365e50,operator,spectrogram,Task2,Step4,spectrogram,spectrogram__spectrogram_int32_10e3__9d88fd253bb8a5e3,spectrogram_int32_10e3,10^3,1024,signal=[1024],INT32,GPU,fft_thrust,compatibility/end-to-end,PASS,OK,20,100,56,0.587386,true,9d88fd253bb8a5e3a87b97ce6f861a347c51375fbcaa3f239dadc2708e5340a1,18f320eb5032557fdc2bc6e75baff644a8f29d12a93bf87afc26f1d86b2c753a
1,20260810T105146Z_2836c8dc200d_stage07_b05_formal_50b827d9,formal,20260810T105146Z,2836c8dc200d20a9b8f76b3e8fad9933590364f2,false,stage07_b05_task2_features_v1,d28a9ecf742a39244e3f212a60bccff9502cf004bd41efee9f82e74ce6365e50,operator,spectrogram,Task2,Step4,spectrogram,spectrogram__spectrogram_int32_10e3__9d88fd253bb8a5e3,spectrogram_int32_10e3,10^3,1024,signal=[1024],INT32,GPU,fft_thrust,compatibility/end-to-end,PASS,OK,20,100,57,0.617956,true,9d88fd253bb8a5e3a87b97ce6f861a347c51375fbcaa3f239dadc2708e5340a1,18f320eb5032557fdc2bc6e75baff644a8f29d12a93bf87afc26f1d86b2c753a
1,20260810T105146Z_2836c8dc200d_stage07_b05_formal_50b827d9,formal,20260810T105146Z,2836c8dc200d20a9b8f76b3e8fad9933590364f2,false,stage07_b05_task2_features_v1,d28a9ecf742a39244e3f212a60bccff9502cf004bd41efee9f82e74ce6365e50,operator,spectrogram,Task2,Step4,spectrogram,spectrogram__spectrogram_int32_10e3__9d88fd253bb8a5e3,spectrogram_int32_10e3,10^3,1024,signal=[1024],INT32,GPU,fft_thrust,compatibility/end-to-end,PASS,OK,20,100,58,0.609607,true,9d88fd253bb8a5e3a87b97ce6f861a347c51375fbcaa3f239dadc2708e5340a1,18f320eb5032557fdc2bc6e75baff644a8f29d12a93bf87afc26f1d86b2c753a
1,20260810T105146Z_2836c8dc200d_stage07_b05_formal_50b827d9,formal,20260810T105146Z,2836c8dc200d20a9b8f76b3e8fad9933590364f2,false,stage07_b05_task2_features_v1,d28a9ecf742a39244e3f212a60bccff9502cf004bd41efee9f82e74ce6365e50,operator,spectrogram,Task2,Step4,spectrogram,spectrogram__spectrogram_int32_10e3__9d88fd253bb8a5e3,spectrogram_int32_10e3,10^3,1024,signal=[1024],INT32,GPU,fft_thrust,compatibility/end-to-end,PASS,OK,20,100,59,0.589015,true,9d88fd253bb8a5e3a87b97ce6f861a347c51375fbcaa3f239dadc2708e5340a1,18f320eb5032557fdc2bc6e75baff644a8f29d12a93bf87afc26f1d86b2c753a
1,20260810T105146Z_2836c8dc200d_stage07_b05_formal_50b827d9,formal,20260810T105146Z,2836c8dc200d20a9b8f76b3e8fad9933590364f2,false,stage07_b05_task2_features_v1,d28a9ecf742a39244e3f212a60bccff9502cf004bd41efee9f82e74ce6365e50,operator,spectrogram,Task2,Step4,spectrogram,spectrogram__spectrogram_int32_10e3__9d88fd253bb8a5e3,spectrogram_int32_10e3,10^3,1024,signal=[1024],INT32,GPU,fft_thrust,compatibility/end-to-end,PASS,OK,20,100,60,0.586755,true,9d88fd253bb8a5e3a87b97ce6f861a347c51375fbcaa3f239dadc2708e5340a1,18f320eb5032557fdc2bc6e75baff644a8f29d12a93bf87afc26f1d86b2c753a
1,20260810T105146Z_2836c8dc200d_stage07_b05_formal_50b827d9,formal,20260810T105146Z,2836c8dc200d20a9b8f76b3e8fad9933590364f2,false,stage07_b05_task2_features_v1,d28a9ecf742a39244e3f212a60bccff9502cf004bd41efee9f82e74ce6365e50,operator,spectrogram,Task2,Step4,spectrogram,spectrogram__spectrogram_int32_10e3__9d88fd253bb8a5e3,spectrogram_int32_10e3,10^3,1024,signal=[1024],INT32,GPU,fft_thrust,compatibility/end-to-end,PASS,OK,20,100,61,0.637588,true,9d88fd253bb8a5e3a87b97ce6f861a347c51375fbcaa3f239dadc2708e5340a1,18f320eb5032557fdc2bc6e75baff644a8f29d12a93bf87afc26f1d86b2c753a
1,20260810T105146Z_2836c8dc200d_stage07_b05_formal_50b827d9,formal,20260810T105146Z,2836c8dc200d20a9b8f76b3e8fad9933590364f2,false,stage07_b05_task2_features_v1,d28a9ecf742a39244e3f212a60bccff9502cf004bd41efee9f82e74ce6365e50,operator,spectrogram,Task2,Step4,spectrogram,spectrogram__spectrogram_int32_10e3__9d88fd253bb8a5e3,spectrogram_int32_10e3,10^3,1024,signal=[1024],INT32,GPU,fft_thrust,compatibility/end-to-end,PASS,OK,20,100,62,0.655368,true,9d88fd253bb8a5e3a87b97ce6f861a347c51375fbcaa3f239dadc2708e5340a1,18f320eb5032557fdc2bc6e75baff644a8f29d12a93bf87afc26f1d86b2c753a
1,20260810T105146Z_2836c8dc200d_stage07_b05_formal_50b827d9,formal,20260810T105146Z,2836c8dc200d20a9b8f76b3e8fad9933590364f2,false,stage07_b05_task2_features_v1,d28a9ecf742a39244e3f212a60bccff9502cf004bd41efee9f82e74ce6365e50,operator,spectrogram,Task2,Step4,spectrogram,spectrogram__spectrogram_int32_10e3__9d88fd253bb8a5e3,spectrogram_int32_10e3,10^3,1024,signal=[1024],INT32,GPU,fft_thrust,compatibility/end-to-end,PASS,OK,20,100,63,0.601656,true,9d88fd253bb8a5e3a87b97ce6f861a347c51375fbcaa3f239dadc2708e5340a1,18f320eb5032557fdc2bc6e75baff644a8f29d12a93bf87afc26f1d86b2c753a
1,20260810T105146Z_2836c8dc200d_stage07_b05_formal_50b827d9,formal,20260810T105146Z,2836c8dc200d20a9b8f76b3e8fad9933590364f2,false,stage07_b05_task2_features_v1,d28a9ecf742a39244e3f212a60bccff9502cf004bd41efee9f82e74ce6365e50,operator,spectrogram,Task2,Step4,spectrogram,spectrogram__spectrogram_int32_10e3__9d88fd253bb8a5e3,spectrogram_int32_10e3,10^3,1024,signal=[1024],INT32,GPU,fft_thrust,compatibility/end-to-end,PASS,OK,20,100,64,0.575885,true,9d88fd253bb8a5e3a87b97ce6f861a347c51375fbcaa3f239dadc2708e5340a1,18f320eb5032557fdc2bc6e75baff644a8f29d12a93bf87afc26f1d86b2c753a
1,20260810T105146Z_2836c8dc200d_stage07_b05_formal_50b827d9,formal,20260810T105146Z,2836c8dc200d20a9b8f76b3e8fad9933590364f2,false,stage07_b05_task2_features_v1,d28a9ecf742a39244e3f212a60bccff9502cf004bd41efee9f82e74ce6365e50,operator,spectrogram,Task2,Step4,spectrogram,spectrogram__spectrogram_int32_10e3__9d88fd253bb8a5e3,spectrogram_int32_10e3,10^3,1024,signal=[1024],INT32,GPU,fft_thrust,compatibility/end-to-end,PASS,OK,20,100,65,0.586765,true,9d88fd253bb8a5e3a87b97ce6f861a347c51375fbcaa3f239dadc2708e5340a1,18f320eb5032557fdc2bc6e75baff644a8f29d12a93bf87afc26f1d86b2c753a
1,20260810T105146Z_2836c8dc200d_stage07_b05_formal_50b827d9,formal,20260810T105146Z,2836c8dc200d20a9b8f76b3e8fad9933590364f2,false,stage07_b05_task2_features_v1,d28a9ecf742a39244e3f212a60bccff9502cf004bd41efee9f82e74ce6365e50,operator,spectrogram,Task2,Step4,spectrogram,spectrogram__spectrogram_int32_10e3__9d88fd253bb8a5e3,spectrogram_int32_10e3,10^3,1024,signal=[1024],INT32,GPU,fft_thrust,compatibility/end-to-end,PASS,OK,20,100,66,0.585915,true,9d88fd253bb8a5e3a87b97ce6f861a347c51375fbcaa3f239dadc2708e5340a1,18f320eb5032557fdc2bc6e75baff644a8f29d12a93bf87afc26f1d86b2c753a
1,20260810T105146Z_2836c8dc200d_stage07_b05_formal_50b827d9,formal,20260810T105146Z,2836c8dc200d20a9b8f76b3e8fad9933590364f2,false,stage07_b05_task2_features_v1,d28a9ecf742a39244e3f212a60bccff9502cf004bd41efee9f82e74ce6365e50,operator,spectrogram,Task2,Step4,spectrogram,spectrogram__spectrogram_int32_10e3__9d88fd253bb8a5e3,spectrogram_int32_10e3,10^3,1024,signal=[1024],INT32,GPU,fft_thrust,compatibility/end-to-end,PASS,OK,20,100,67,0.578525,true,9d88fd253bb8a5e3a87b97ce6f861a347c51375fbcaa3f239dadc2708e5340a1,18f320eb5032557fdc2bc6e75baff644a8f29d12a93bf87afc26f1d86b2c753a
1,20260810T105146Z_2836c8dc200d_stage07_b05_formal_50b827d9,formal,20260810T105146Z,2836c8dc200d20a9b8f76b3e8fad9933590364f2,false,stage07_b05_task2_features_v1,d28a9ecf742a39244e3f212a60bccff9502cf004bd41efee9f82e74ce6365e50,operator,spectrogram,Task2,Step4,spectrogram,spectrogram__spectrogram_int32_10e3__9d88fd253bb8a5e3,spectrogram_int32_10e3,10^3,1024,signal=[1024],INT32,GPU,fft_thrust,compatibility/end-to-end,PASS,OK,20,100,68,0.583675,true,9d88fd253bb8a5e3a87b97ce6f861a347c51375fbcaa3f239dadc2708e5340a1,18f320eb5032557fdc2bc6e75baff644a8f29d12a93bf87afc26f1d86b2c753a
1,20260810T105146Z_2836c8dc200d_stage07_b05_formal_50b827d9,formal,20260810T105146Z,2836c8dc200d20a9b8f76b3e8fad9933590364f2,false,stage07_b05_task2_features_v1,d28a9ecf742a39244e3f212a60bccff9502cf004bd41efee9f82e74ce6365e50,operator,spectrogram,Task2,Step4,spectrogram,spectrogram__spectrogram_int32_10e3__9d88fd253bb8a5e3,spectrogram_int32_10e3,10^3,1024,signal=[1024],INT32,GPU,fft_thrust,compatibility/end-to-end,PASS,OK,20,100,69,0.589026,true,9d88fd253bb8a5e3a87b97ce6f861a347c51375fbcaa3f239dadc2708e5340a1,18f320eb5032557fdc2bc6e75baff644a8f29d12a93bf87afc26f1d86b2c753a
1,20260810T105146Z_2836c8dc200d_stage07_b05_formal_50b827d9,formal,20260810T105146Z,2836c8dc200d20a9b8f76b3e8fad9933590364f2,false,stage07_b05_task2_features_v1,d28a9ecf742a39244e3f212a60bccff9502cf004bd41efee9f82e74ce6365e50,operator,spectrogram,Task2,Step4,spectrogram,spectrogram__spectrogram_int32_10e3__9d88fd253bb8a5e3,spectrogram_int32_10e3,10^3,1024,signal=[1024],INT32,GPU,fft_thrust,compatibility/end-to-end,PASS,OK,20,100,70,0.609686,true,9d88fd253bb8a5e3a87b97ce6f861a347c51375fbcaa3f239dadc2708e5340a1,18f320eb5032557fdc2bc6e75baff644a8f29d12a93bf87afc26f1d86b2c753a
1,20260810T105146Z_2836c8dc200d_stage07_b05_formal_50b827d9,formal,20260810T105146Z,2836c8dc200d20a9b8f76b3e8fad9933590364f2,false,stage07_b05_task2_features_v1,d28a9ecf742a39244e3f212a60bccff9502cf004bd41efee9f82e74ce6365e50,operator,spectrogram,Task2,Step4,spectrogram,spectrogram__spectrogram_int32_10e3__9d88fd253bb8a5e3,spectrogram_int32_10e3,10^3,1024,signal=[1024],INT32,GPU,fft_thrust,compatibility/end-to-end,PASS,OK,20,100,71,0.590576,true,9d88fd253bb8a5e3a87b97ce6f861a347c51375fbcaa3f239dadc2708e5340a1,18f320eb5032557fdc2bc6e75baff644a8f29d12a93bf87afc26f1d86b2c753a
1,20260810T105146Z_2836c8dc200d_stage07_b05_formal_50b827d9,formal,20260810T105146Z,2836c8dc200d20a9b8f76b3e8fad9933590364f2,false,stage07_b05_task2_features_v1,d28a9ecf742a39244e3f212a60bccff9502cf004bd41efee9f82e74ce6365e50,operator,spectrogram,Task2,Step4,spectrogram,spectrogram__spectrogram_int32_10e3__9d88fd253bb8a5e3,spectrogram_int32_10e3,10^3,1024,signal=[1024],INT32,GPU,fft_thrust,compatibility/end-to-end,PASS,OK,20,100,72,0.621486,true,9d88fd253bb8a5e3a87b97ce6f861a347c51375fbcaa3f239dadc2708e5340a1,18f320eb5032557fdc2bc6e75baff644a8f29d12a93bf87afc26f1d86b2c753a
1,20260810T105146Z_2836c8dc200d_stage07_b05_formal_50b827d9,formal,20260810T105146Z,2836c8dc200d20a9b8f76b3e8fad9933590364f2,false,stage07_b05_task2_features_v1,d28a9ecf742a39244e3f212a60bccff9502cf004bd41efee9f82e74ce6365e50,operator,spectrogram,Task2,Step4,spectrogram,spectrogram__spectrogram_int32_10e3__9d88fd253bb8a5e3,spectrogram_int32_10e3,10^3,1024,signal=[1024],INT32,GPU,fft_thrust,compatibility/end-to-end,PASS,OK,20,100,73,0.651868,true,9d88fd253bb8a5e3a87b97ce6f861a347c51375fbcaa3f239dadc2708e5340a1,18f320eb5032557fdc2bc6e75baff644a8f29d12a93bf87afc26f1d86b2c753a
1,20260810T105146Z_2836c8dc200d_stage07_b05_formal_50b827d9,formal,20260810T105146Z,2836c8dc200d20a9b8f76b3e8fad9933590364f2,false,stage07_b05_task2_features_v1,d28a9ecf742a39244e3f212a60bccff9502cf004bd41efee9f82e74ce6365e50,operator,spectrogram,Task2,Step4,spectrogram,spectrogram__spectrogram_int32_10e3__9d88fd253bb8a5e3,spectrogram_int32_10e3,10^3,1024,signal=[1024],INT32,GPU,fft_thrust,compatibility/end-to-end,PASS,OK,20,100,74,0.585915,true,9d88fd253bb8a5e3a87b97ce6f861a347c51375fbcaa3f239dadc2708e5340a1,18f320eb5032557fdc2bc6e75baff644a8f29d12a93bf87afc26f1d86b2c753a
1,20260810T105146Z_2836c8dc200d_stage07_b05_formal_50b827d9,formal,20260810T105146Z,2836c8dc200d20a9b8f76b3e8fad9933590364f2,false,stage07_b05_task2_features_v1,d28a9ecf742a39244e3f212a60bccff9502cf004bd41efee9f82e74ce6365e50,operator,spectrogram,Task2,Step4,spectrogram,spectrogram__spectrogram_int32_10e3__9d88fd253bb8a5e3,spectrogram_int32_10e3,10^3,1024,signal=[1024],INT32,GPU,fft_thrust,compatibility/end-to-end,PASS,OK,20,100,75,0.589345,true,9d88fd253bb8a5e3a87b97ce6f861a347c51375fbcaa3f239dadc2708e5340a1,18f320eb5032557fdc2bc6e75baff644a8f29d12a93bf87afc26f1d86b2c753a
1,20260810T105146Z_2836c8dc200d_stage07_b05_formal_50b827d9,formal,20260810T105146Z,2836c8dc200d20a9b8f76b3e8fad9933590364f2,false,stage07_b05_task2_features_v1,d28a9ecf742a39244e3f212a60bccff9502cf004bd41efee9f82e74ce6365e50,operator,spectrogram,Task2,Step4,spectrogram,spectrogram__spectrogram_int32_10e3__9d88fd253bb8a5e3,spectrogram_int32_10e3,10^3,1024,signal=[1024],INT32,GPU,fft_thrust,compatibility/end-to-end,PASS,OK,20,100,76,0.600176,true,9d88fd253bb8a5e3a87b97ce6f861a347c51375fbcaa3f239dadc2708e5340a1,18f320eb5032557fdc2bc6e75baff644a8f29d12a93bf87afc26f1d86b2c753a
1,20260810T105146Z_2836c8dc200d_stage07_b05_formal_50b827d9,formal,20260810T105146Z,2836c8dc200d20a9b8f76b3e8fad9933590364f2,false,stage07_b05_task2_features_v1,d28a9ecf742a39244e3f212a60bccff9502cf004bd41efee9f82e74ce6365e50,operator,spectrogram,Task2,Step4,spectrogram,spectrogram__spectrogram_int32_10e3__9d88fd253bb8a5e3,spectrogram_int32_10e3,10^3,1024,signal=[1024],INT32,GPU,fft_thrust,compatibility/end-to-end,PASS,OK,20,100,77,0.586606,true,9d88fd253bb8a5e3a87b97ce6f861a347c51375fbcaa3f239dadc2708e5340a1,18f320eb5032557fdc2bc6e75baff644a8f29d12a93bf87afc26f1d86b2c753a
1,20260810T105146Z_2836c8dc200d_stage07_b05_formal_50b827d9,formal,20260810T105146Z,2836c8dc200d20a9b8f76b3e8fad9933590364f2,false,stage07_b05_task2_features_v1,d28a9ecf742a39244e3f212a60bccff9502cf004bd41efee9f82e74ce6365e50,operator,spectrogram,Task2,Step4,spectrogram,spectrogram__spectrogram_int32_10e3__9d88fd253bb8a5e3,spectrogram_int32_10e3,10^3,1024,signal=[1024],INT32,GPU,fft_thrust,compatibility/end-to-end,PASS,OK,20,100,78,0.647887,true,9d88fd253bb8a5e3a87b97ce6f861a347c51375fbcaa3f239dadc2708e5340a1,18f320eb5032557fdc2bc6e75baff644a8f29d12a93bf87afc26f1d86b2c753a
1,20260810T105146Z_2836c8dc200d_stage07_b05_formal_50b827d9,formal,20260810T105146Z,2836c8dc200d20a9b8f76b3e8fad9933590364f2,false,stage07_b05_task2_features_v1,d28a9ecf742a39244e3f212a60bccff9502cf004bd41efee9f82e74ce6365e50,operator,spectrogram,Task2,Step4,spectrogram,spectrogram__spectrogram_int32_10e3__9d88fd253bb8a5e3,spectrogram_int32_10e3,10^3,1024,signal=[1024],INT32,GPU,fft_thrust,compatibility/end-to-end,PASS,OK,20,100,79,0.655608,true,9d88fd253bb8a5e3a87b97ce6f861a347c51375fbcaa3f239dadc2708e5340a1,18f320eb5032557fdc2bc6e75baff644a8f29d12a93bf87afc26f1d86b2c753a
1,20260810T105146Z_2836c8dc200d_stage07_b05_formal_50b827d9,formal,20260810T105146Z,2836c8dc200d20a9b8f76b3e8fad9933590364f2,false,stage07_b05_task2_features_v1,d28a9ecf742a39244e3f212a60bccff9502cf004bd41efee9f82e74ce6365e50,operator,spectrogram,Task2,Step4,spectrogram,spectrogram__spectrogram_int32_10e3__9d88fd253bb8a5e3,spectrogram_int32_10e3,10^3,1024,signal=[1024],INT32,GPU,fft_thrust,compatibility/end-to-end,PASS,OK,20,100,80,0.584435,true,9d88fd253bb8a5e3a87b97ce6f861a347c51375fbcaa3f239dadc2708e5340a1,18f320eb5032557fdc2bc6e75baff644a8f29d12a93bf87afc26f1d86b2c753a
1,20260810T105146Z_2836c8dc200d_stage07_b05_formal_50b827d9,formal,20260810T105146Z,2836c8dc200d20a9b8f76b3e8fad9933590364f2,false,stage07_b05_task2_features_v1,d28a9ecf742a39244e3f212a60bccff9502cf004bd41efee9f82e74ce6365e50,operator,spectrogram,Task2,Step4,spectrogram,spectrogram__spectrogram_int32_10e3__9d88fd253bb8a5e3,spectrogram_int32_10e3,10^3,1024,signal=[1024],INT32,GPU,fft_thrust,compatibility/end-to-end,PASS,OK,20,100,81,0.594155,true,9d88fd253bb8a5e3a87b97ce6f861a347c51375fbcaa3f239dadc2708e5340a1,18f320eb5032557fdc2bc6e75baff644a8f29d12a93bf87afc26f1d86b2c753a
1,20260810T105146Z_2836c8dc200d_stage07_b05_formal_50b827d9,formal,20260810T105146Z,2836c8dc200d20a9b8f76b3e8fad9933590364f2,false,stage07_b05_task2_features_v1,d28a9ecf742a39244e3f212a60bccff9502cf004bd41efee9f82e74ce6365e50,operator,spectrogram,Task2,Step4,spectrogram,spectrogram__spectrogram_int32_10e3__9d88fd253bb8a5e3,spectrogram_int32_10e3,10^3,1024,signal=[1024],INT32,GPU,fft_thrust,compatibility/end-to-end,PASS,OK,20,100,82,0.591806,true,9d88fd253bb8a5e3a87b97ce6f861a347c51375fbcaa3f239dadc2708e5340a1,18f320eb5032557fdc2bc6e75baff644a8f29d12a93bf87afc26f1d86b2c753a
1,20260810T105146Z_2836c8dc200d_stage07_b05_formal_50b827d9,formal,20260810T105146Z,2836c8dc200d20a9b8f76b3e8fad9933590364f2,false,stage07_b05_task2_features_v1,d28a9ecf742a39244e3f212a60bccff9502cf004bd41efee9f82e74ce6365e50,operator,spectrogram,Task2,Step4,spectrogram,spectrogram__spectrogram_int32_10e3__9d88fd253bb8a5e3,spectrogram_int32_10e3,10^3,1024,signal=[1024],INT32,GPU,fft_thrust,compatibility/end-to-end,PASS,OK,20,100,83,0.603316,true,9d88fd253bb8a5e3a87b97ce6f861a347c51375fbcaa3f239dadc2708e5340a1,18f320eb5032557fdc2bc6e75baff644a8f29d12a93bf87afc26f1d86b2c753a
1,20260810T105146Z_2836c8dc200d_stage07_b05_formal_50b827d9,formal,20260810T105146Z,2836c8dc200d20a9b8f76b3e8fad9933590364f2,false,stage07_b05_task2_features_v1,d28a9ecf742a39244e3f212a60bccff9502cf004bd41efee9f82e74ce6365e50,operator,spectrogram,Task2,Step4,spectrogram,spectrogram__spectrogram_int32_10e3__9d88fd253bb8a5e3,spectrogram_int32_10e3,10^3,1024,signal=[1024],INT32,GPU,fft_thrust,compatibility/end-to-end,PASS,OK,20,100,84,0.578145,true,9d88fd253bb8a5e3a87b97ce6f861a347c51375fbcaa3f239dadc2708e5340a1,18f320eb5032557fdc2bc6e75baff644a8f29d12a93bf87afc26f1d86b2c753a
1,20260810T105146Z_2836c8dc200d_stage07_b05_formal_50b827d9,formal,20260810T105146Z,2836c8dc200d20a9b8f76b3e8fad9933590364f2,false,stage07_b05_task2_features_v1,d28a9ecf742a39244e3f212a60bccff9502cf004bd41efee9f82e74ce6365e50,operator,spectrogram,Task2,Step4,spectrogram,spectrogram__spectrogram_int32_10e3__9d88fd253bb8a5e3,spectrogram_int32_10e3,10^3,1024,signal=[1024],INT32,GPU,fft_thrust,compatibility/end-to-end,PASS,OK,20,100,85,0.584345,true,9d88fd253bb8a5e3a87b97ce6f861a347c51375fbcaa3f239dadc2708e5340a1,18f320eb5032557fdc2bc6e75baff644a8f29d12a93bf87afc26f1d86b2c753a
1,20260810T105146Z_2836c8dc200d_stage07_b05_formal_50b827d9,formal,20260810T105146Z,2836c8dc200d20a9b8f76b3e8fad9933590364f2,false,stage07_b05_task2_features_v1,d28a9ecf742a39244e3f212a60bccff9502cf004bd41efee9f82e74ce6365e50,operator,spectrogram,Task2,Step4,spectrogram,spectrogram__spectrogram_int32_10e3__9d88fd253bb8a5e3,spectrogram_int32_10e3,10^3,1024,signal=[1024],INT32,GPU,fft_thrust,compatibility/end-to-end,PASS,OK,20,100,86,0.580015,true,9d88fd253bb8a5e3a87b97ce6f861a347c51375fbcaa3f239dadc2708e5340a1,18f320eb5032557fdc2bc6e75baff644a8f29d12a93bf87afc26f1d86b2c753a
1,20260810T105146Z_2836c8dc200d_stage07_b05_formal_50b827d9,formal,20260810T105146Z,2836c8dc200d20a9b8f76b3e8fad9933590364f2,false,stage07_b05_task2_features_v1,d28a9ecf742a39244e3f212a60bccff9502cf004bd41efee9f82e74ce6365e50,operator,spectrogram,Task2,Step4,spectrogram,spectrogram__spectrogram_int32_10e3__9d88fd253bb8a5e3,spectrogram_int32_10e3,10^3,1024,signal=[1024],INT32,GPU,fft_thrust,compatibility/end-to-end,PASS,OK,20,100,87,0.582375,true,9d88fd253bb8a5e3a87b97ce6f861a347c51375fbcaa3f239dadc2708e5340a1,18f320eb5032557fdc2bc6e75baff644a8f29d12a93bf87afc26f1d86b2c753a
1,20260810T105146Z_2836c8dc200d_stage07_b05_formal_50b827d9,formal,20260810T105146Z,2836c8dc200d20a9b8f76b3e8fad9933590364f2,false,stage07_b05_task2_features_v1,d28a9ecf742a39244e3f212a60bccff9502cf004bd41efee9f82e74ce6365e50,operator,spectrogram,Task2,Step4,spectrogram,spectrogram__spectrogram_int32_10e3__9d88fd253bb8a5e3,spectrogram_int32_10e3,10^3,1024,signal=[1024],INT32,GPU,fft_thrust,compatibility/end-to-end,PASS,OK,20,100,88,0.578585,true,9d88fd253bb8a5e3a87b97ce6f861a347c51375fbcaa3f239dadc2708e5340a1,18f320eb5032557fdc2bc6e75baff644a8f29d12a93bf87afc26f1d86b2c753a
1,20260810T105146Z_2836c8dc200d_stage07_b05_formal_50b827d9,formal,20260810T105146Z,2836c8dc200d20a9b8f76b3e8fad9933590364f2,false,stage07_b05_task2_features_v1,d28a9ecf742a39244e3f212a60bccff9502cf004bd41efee9f82e74ce6365e50,operator,spectrogram,Task2,Step4,spectrogram,spectrogram__spectrogram_int32_10e3__9d88fd253bb8a5e3,spectrogram_int32_10e3,10^3,1024,signal=[1024],INT32,GPU,fft_thrust,compatibility/end-to-end,PASS,OK,20,100,89,0.574005,true,9d88fd253bb8a5e3a87b97ce6f861a347c51375fbcaa3f239dadc2708e5340a1,18f320eb5032557fdc2bc6e75baff644a8f29d12a93bf87afc26f1d86b2c753a
1,20260810T105146Z_2836c8dc200d_stage07_b05_formal_50b827d9,formal,20260810T105146Z,2836c8dc200d20a9b8f76b3e8fad9933590364f2,false,stage07_b05_task2_features_v1,d28a9ecf742a39244e3f212a60bccff9502cf004bd41efee9f82e74ce6365e50,operator,spectrogram,Task2,Step4,spectrogram,spectrogram__spectrogram_int32_10e3__9d88fd253bb8a5e3,spectrogram_int32_10e3,10^3,1024,signal=[1024],INT32,GPU,fft_thrust,compatibility/end-to-end,PASS,OK,20,100,90,0.592675,true,9d88fd253bb8a5e3a87b97ce6f861a347c51375fbcaa3f239dadc2708e5340a1,18f320eb5032557fdc2bc6e75baff644a8f29d12a93bf87afc26f1d86b2c753a
1,20260810T105146Z_2836c8dc200d_stage07_b05_formal_50b827d9,formal,20260810T105146Z,2836c8dc200d20a9b8f76b3e8fad9933590364f2,false,stage07_b05_task2_features_v1,d28a9ecf742a39244e3f212a60bccff9502cf004bd41efee9f82e74ce6365e50,operator,spectrogram,Task2,Step4,spectrogram,spectrogram__spectrogram_int32_10e3__9d88fd253bb8a5e3,spectrogram_int32_10e3,10^3,1024,signal=[1024],INT32,GPU,fft_thrust,compatibility/end-to-end,PASS,OK,20,100,91,0.582205,true,9d88fd253bb8a5e3a87b97ce6f861a347c51375fbcaa3f239dadc2708e5340a1,18f320eb5032557fdc2bc6e75baff644a8f29d12a93bf87afc26f1d86b2c753a
1,20260810T105146Z_2836c8dc200d_stage07_b05_formal_50b827d9,formal,20260810T105146Z,2836c8dc200d20a9b8f76b3e8fad9933590364f2,false,stage07_b05_task2_features_v1,d28a9ecf742a39244e3f212a60bccff9502cf004bd41efee9f82e74ce6365e50,operator,spectrogram,Task2,Step4,spectrogram,spectrogram__spectrogram_int32_10e3__9d88fd253bb8a5e3,spectrogram_int32_10e3,10^3,1024,signal=[1024],INT32,GPU,fft_thrust,compatibility/end-to-end,PASS,OK,20,100,92,0.579705,true,9d88fd253bb8a5e3a87b97ce6f861a347c51375fbcaa3f239dadc2708e5340a1,18f320eb5032557fdc2bc6e75baff644a8f29d12a93bf87afc26f1d86b2c753a
1,20260810T105146Z_2836c8dc200d_stage07_b05_formal_50b827d9,formal,20260810T105146Z,2836c8dc200d20a9b8f76b3e8fad9933590364f2,false,stage07_b05_task2_features_v1,d28a9ecf742a39244e3f212a60bccff9502cf004bd41efee9f82e74ce6365e50,operator,spectrogram,Task2,Step4,spectrogram,spectrogram__spectrogram_int32_10e3__9d88fd253bb8a5e3,spectrogram_int32_10e3,10^3,1024,signal=[1024],INT32,GPU,fft_thrust,compatibility/end-to-end,PASS,OK,20,100,93,0.589536,true,9d88fd253bb8a5e3a87b97ce6f861a347c51375fbcaa3f239dadc2708e5340a1,18f320eb5032557fdc2bc6e75baff644a8f29d12a93bf87afc26f1d86b2c753a
1,20260810T105146Z_2836c8dc200d_stage07_b05_formal_50b827d9,formal,20260810T105146Z,2836c8dc200d20a9b8f76b3e8fad9933590364f2,false,stage07_b05_task2_features_v1,d28a9ecf742a39244e3f212a60bccff9502cf004bd41efee9f82e74ce6365e50,operator,spectrogram,Task2,Step4,spectrogram,spectrogram__spectrogram_int32_10e3__9d88fd253bb8a5e3,spectrogram_int32_10e3,10^3,1024,signal=[1024],INT32,GPU,fft_thrust,compatibility/end-to-end,PASS,OK,20,100,94,0.578605,true,9d88fd253bb8a5e3a87b97ce6f861a347c51375fbcaa3f239dadc2708e5340a1,18f320eb5032557fdc2bc6e75baff644a8f29d12a93bf87afc26f1d86b2c753a
1,20260810T105146Z_2836c8dc200d_stage07_b05_formal_50b827d9,formal,20260810T105146Z,2836c8dc200d20a9b8f76b3e8fad9933590364f2,false,stage07_b05_task2_features_v1,d28a9ecf742a39244e3f212a60bccff9502cf004bd41efee9f82e74ce6365e50,operator,spectrogram,Task2,Step4,spectrogram,spectrogram__spectrogram_int32_10e3__9d88fd253bb8a5e3,spectrogram_int32_10e3,10^3,1024,signal=[1024],INT32,GPU,fft_thrust,compatibility/end-to-end,PASS,OK,20,100,95,0.616106,true,9d88fd253bb8a5e3a87b97ce6f861a347c51375fbcaa3f239dadc2708e5340a1,18f320eb5032557fdc2bc6e75baff644a8f29d12a93bf87afc26f1d86b2c753a
1,20260810T105146Z_2836c8dc200d_stage07_b05_formal_50b827d9,formal,20260810T105146Z,2836c8dc200d20a9b8f76b3e8fad9933590364f2,false,stage07_b05_task2_features_v1,d28a9ecf742a39244e3f212a60bccff9502cf004bd41efee9f82e74ce6365e50,operator,spectrogram,Task2,Step4,spectrogram,spectrogram__spectrogram_int32_10e3__9d88fd253bb8a5e3,spectrogram_int32_10e3,10^3,1024,signal=[1024],INT32,GPU,fft_thrust,compatibility/end-to-end,PASS,OK,20,100,96,0.583186,true,9d88fd253bb8a5e3a87b97ce6f861a347c51375fbcaa3f239dadc2708e5340a1,18f320eb5032557fdc2bc6e75baff644a8f29d12a93bf87afc26f1d86b2c753a
1,20260810T105146Z_2836c8dc200d_stage07_b05_formal_50b827d9,formal,20260810T105146Z,2836c8dc200d20a9b8f76b3e8fad9933590364f2,false,stage07_b05_task2_features_v1,d28a9ecf742a39244e3f212a60bccff9502cf004bd41efee9f82e74ce6365e50,operator,spectrogram,Task2,Step4,spectrogram,spectrogram__spectrogram_int32_10e3__9d88fd253bb8a5e3,spectrogram_int32_10e3,10^3,1024,signal=[1024],INT32,GPU,fft_thrust,compatibility/end-to-end,PASS,OK,20,100,97,0.607906,true,9d88fd253bb8a5e3a87b97ce6f861a347c51375fbcaa3f239dadc2708e5340a1,18f320eb5032557fdc2bc6e75baff644a8f29d12a93bf87afc26f1d86b2c753a
1,20260810T105146Z_2836c8dc200d_stage07_b05_formal_50b827d9,formal,20260810T105146Z,2836c8dc200d20a9b8f76b3e8fad9933590364f2,false,stage07_b05_task2_features_v1,d28a9ecf742a39244e3f212a60bccff9502cf004bd41efee9f82e74ce6365e50,operator,spectrogram,Task2,Step4,spectrogram,spectrogram__spectrogram_int32_10e3__9d88fd253bb8a5e3,spectrogram_int32_10e3,10^3,1024,signal=[1024],INT32,GPU,fft_thrust,compatibility/end-to-end,PASS,OK,20,100,98,0.582365,true,9d88fd253bb8a5e3a87b97ce6f861a347c51375fbcaa3f239dadc2708e5340a1,18f320eb5032557fdc2bc6e75baff644a8f29d12a93bf87afc26f1d86b2c753a
1,20260810T105146Z_2836c8dc200d_stage07_b05_formal_50b827d9,formal,20260810T105146Z,2836c8dc200d20a9b8f76b3e8fad9933590364f2,false,stage07_b05_task2_features_v1,d28a9ecf742a39244e3f212a60bccff9502cf004bd41efee9f82e74ce6365e50,operator,spectrogram,Task2,Step4,spectrogram,spectrogram__spectrogram_int32_10e3__9d88fd253bb8a5e3,spectrogram_int32_10e3,10^3,1024,signal=[1024],INT32,GPU,fft_thrust,compatibility/end-to-end,PASS,OK,20,100,99,0.571854,true,9d88fd253bb8a5e3a87b97ce6f861a347c51375fbcaa3f239dadc2708e5340a1,18f320eb5032557fdc2bc6e75baff644a8f29d12a93bf87afc26f1d86b2c753a
