[stage08-b08-formal] case=0 scale=gauss_spline_fp32_10e2 status=starting
STAGE08_GAUSS_SPLINE_CASE PASS scale=gauss_spline_fp32_10e2 dtype=FP32 backend=not_applicable measured=100 results=/tmp/ZKX_dev/results/stage08_input_preview_b08_gauss_spline_bdef73fce32b/formal/20260810T091331Z_bdef73fce32b_stage08_b08_formal_87710000
[stage08] identity and status
+--------------+------------------------+--------+----------------+-------+--------+----------+--------------------------+--------+------------+
| target       | scale_id               | device | backend        | dtype | warmup | measured | timing_scope             | status | error_code |
+--------------+------------------------+--------+----------------+-------+--------+----------+--------------------------+--------+------------+
| gauss_spline | gauss_spline_fp32_10e2 | CPU    | not_applicable | FP32  | 20     | 100      | compatibility/end-to-end | PASS   | OK         |
| gauss_spline | gauss_spline_fp32_10e2 | GPU    | not_applicable | FP32  | 20     | 100      | compatibility/end-to-end | PASS   | OK         |
+--------------+------------------------+--------+----------------+-------+--------+----------+--------------------------+--------+------------+

[stage08] timing detail
+--------+---------------------+----------+---------------------+-----------------------+----------+----------+------------------------+-----------------------+---------------------+
| device | mean_ms             | p50_ms   | p95_ms              | p99_ms                | min_ms   | max_ms   | std_ms                 | cv                    | speedup             |
+--------+---------------------+----------+---------------------+-----------------------+----------+----------+------------------------+-----------------------+---------------------+
| CPU    | 0.00366797          | 0.003661 | 0.0037              | 0.0037105000000000003 | 0.00364  | 0.00376  | 1.6656803414821224e-05 | 0.0045411503951289746 | NA                  |
| GPU    | 0.19900252999999998 | 0.190284 | 0.22877504999999992 | 0.29362269000000096   | 0.185319 | 0.486543 | 0.03426215174896492    | 0.1721694279412675    | 0.01843177571662029 |
+--------+---------------------+----------+---------------------+-----------------------+----------+----------+------------------------+-----------------------+---------------------+

[stage08] accuracy detail
+-----------------------------+-------------+-------------+-------------+---------------+-------------+----------------+--------------------------------------------+--------+
| accuracy_reference          | mse         | rmse        | relative_l2 | relative_linf | exact_match | mismatch_count | semantic_check                             | status |
+-----------------------------+-------------+-------------+-------------+---------------+-------------+----------------+--------------------------------------------+--------+
| cpu_gauss_spline_same_dtype | 9.24973e-21 | 9.61755e-11 | 3.47898e-08 | 4.82705e-08   | NA          | NA             | output_count=100;output_dtype=FP32;order=0 | PASS   |
+-----------------------------+-------------+-------------+-------------+---------------+-------------+----------------+--------------------------------------------+--------+

[stage08] resource detail
+--------+------------+--------------+-------------+------------+-------------+
| device | metric     | before_bytes | after_bytes | peak_bytes | delta_bytes |
+--------+------------+--------------+-------------+------------+-------------+
| CPU    | cpu_heap   | 1345136      | 1349648     | 1349648    | 4512        |
| CPU    | rss        | 69337088     | 69337088    | 69337088   | 0           |
| GPU    | cpu_heap   | 1349728      | 1353136     | 1353136    | 3408        |
| GPU    | rss        | 69337088     | 69337088    | 69337088   | 0           |
| GPU    | gpu_memory | 391544832    | 391544832   | 391544832  | 0           |
+--------+------------+--------------+-------------+------------+-------------+

[stage08] input/output identity
+--------+------------------------------------------------------------------+------------------------------------------------------------------+
| device | input_digest                                                     | output_digest                                                    |
+--------+------------------------------------------------------------------+------------------------------------------------------------------+
| CPU    | 57a6a5b2a3940e8f3cb444baad3728c9ae474bce486f2c1c8af23514f785b069 | 89f154bc94dbcf4f3ab09ce0fef3f85a23cf2e80f6dedc25e8754794ee062f72 |
| GPU    | 57a6a5b2a3940e8f3cb444baad3728c9ae474bce486f2c1c8af23514f785b069 | 67685b16f2db65f54d0bd0d608212bc95178fb9ffe0d7f33982739539be8f6d5 |
+--------+------------------------------------------------------------------+------------------------------------------------------------------+

[stage08] input content
+------------+-------+-------+----------+-----------------------------------------------------------------+----------------------------------------------------------------------------+
| input_name | shape | dtype | elements | generator                                                       | values(head4/tail2)                                                        |
+------------+-------+-------+----------+-----------------------------------------------------------------+----------------------------------------------------------------------------+
| x          | [100] | FP32  | 100      | bspline_modular_or_piecewise_ramp(seed=87400000,integral=false) | i=0:-3.9375;i=1:-3.90625;i=2:-3.875;i=3:-3.84375;i=98:-0.875;i=99:-0.84375 |
+------------+-------+-------+----------+-----------------------------------------------------------------+----------------------------------------------------------------------------+

[stage08] case parameters
+-------------------------------------------------------------------------------------------+
| parameters                                                                                |
+-------------------------------------------------------------------------------------------+
| {"dtype":"FP32","elements":"100","operator":"gauss_spline","order":"0","seed":"87400000"} |
+-------------------------------------------------------------------------------------------+

[stage08] dtype evidence
+-----------------+--------------------+--------------+------------------------------------------------------------------+--------+
| requested_dtype | config_input_dtype | output_dtype | actual_input_digest                                              | status |
+-----------------+--------------------+--------------+------------------------------------------------------------------+--------+
| FP32            | NA                 | FP32         | 57a6a5b2a3940e8f3cb444baad3728c9ae474bce486f2c1c8af23514f785b069 | PASS   |
+-----------------+--------------------+--------------+------------------------------------------------------------------+--------+

[stage08] evidence files
+----------------+-------------------------------------------------------------------------------------------------------------------------------------------------------------------------------------------------------------------------------------------------------------+
| kind           | path                                                                                                                                                                                                                                                        |
+----------------+-------------------------------------------------------------------------------------------------------------------------------------------------------------------------------------------------------------------------------------------------------------+
| probe_raw_json | /tmp/ZKX_dev/results/stage08_input_preview_b08_gauss_spline_bdef73fce32b/formal/20260810T091331Z_bdef73fce32b_stage08_b08_formal_87710000/gauss_spline_probe_raw.json                                                                                       |
| memory_csv     | /tmp/ZKX_dev/results/stage08_input_preview_b08_gauss_spline_bdef73fce32b/formal/20260810T091331Z_bdef73fce32b_stage08_b08_formal_87710000/operator_bsplines_gauss_spline_memory_trace_not_applicable.csv                                                    |
| dtype_csv      | /tmp/ZKX_dev/results/stage08_input_preview_b08_gauss_spline_bdef73fce32b/formal/20260810T091331Z_bdef73fce32b_stage08_b08_formal_87710000/operator_dtype_evidence_gauss_spline_not_applicable_20260810T091331Z_bdef73fce32b_stage08_b08_formal_87710000.csv |
| full_log       | /tmp/ZKX_dev/results/stage08_input_preview_b08_gauss_spline_bdef73fce32b/formal/20260810T091331Z_bdef73fce32b_stage08_b08_formal_87710000/operator_gauss_spline_full.log                                                                                    |
| report_json    | /tmp/ZKX_dev/results/stage08_input_preview_b08_gauss_spline_bdef73fce32b/formal/20260810T091331Z_bdef73fce32b_stage08_b08_formal_87710000/operator_gauss_spline_report.json                                                                                 |
| summary_txt    | /tmp/ZKX_dev/results/stage08_input_preview_b08_gauss_spline_bdef73fce32b/formal/20260810T091331Z_bdef73fce32b_stage08_b08_formal_87710000/operator_gauss_spline_summary.txt                                                                                 |
| main_csv       | /tmp/ZKX_dev/results/stage08_input_preview_b08_gauss_spline_bdef73fce32b/formal/20260810T091331Z_bdef73fce32b_stage08_b08_formal_87710000/operator_main_results_gauss_spline_not_applicable_20260810T091331Z_bdef73fce32b_stage08_b08_formal_87710000.csv   |
| timing_csv     | /tmp/ZKX_dev/results/stage08_input_preview_b08_gauss_spline_bdef73fce32b/formal/20260810T091331Z_bdef73fce32b_stage08_b08_formal_87710000/operator_timing_samples_gauss_spline_not_applicable_20260810T091331Z_bdef73fce32b_stage08_b08_formal_87710000.csv |
+----------------+-------------------------------------------------------------------------------------------------------------------------------------------------------------------------------------------------------------------------------------------------------------+
[stage08-b08-formal] case=0 scale=gauss_spline_fp32_10e2 status=completed
[stage08-b08-formal] case=1 scale=gauss_spline_fp32_10e3 status=starting
STAGE08_GAUSS_SPLINE_CASE PASS scale=gauss_spline_fp32_10e3 dtype=FP32 backend=not_applicable measured=100 results=/tmp/ZKX_dev/results/stage08_input_preview_b08_gauss_spline_bdef73fce32b/formal/20260810T091331Z_bdef73fce32b_stage08_b08_formal_87710001
[stage08] identity and status
+--------------+------------------------+--------+----------------+-------+--------+----------+--------------------------+--------+------------+
| target       | scale_id               | device | backend        | dtype | warmup | measured | timing_scope             | status | error_code |
+--------------+------------------------+--------+----------------+-------+--------+----------+--------------------------+--------+------------+
| gauss_spline | gauss_spline_fp32_10e3 | CPU    | not_applicable | FP32  | 20     | 100      | compatibility/end-to-end | PASS   | OK         |
| gauss_spline | gauss_spline_fp32_10e3 | GPU    | not_applicable | FP32  | 20     | 100      | compatibility/end-to-end | PASS   | OK         |
+--------------+------------------------+--------+----------------+-------+--------+----------+--------------------------+--------+------------+

[stage08] timing detail
+--------+------------+----------+------------+----------------------+----------+----------+-----------------------+-----------------------+---------------------+
| device | mean_ms    | p50_ms   | p95_ms     | p99_ms               | min_ms   | max_ms   | std_ms                | cv                    | speedup             |
+--------+------------+----------+------------+----------------------+----------+----------+-----------------------+-----------------------+---------------------+
| CPU    | 0.03364407 | 0.033641 | 0.03374295 | 0.033902100000000004 | 0.033551 | 0.033912 | 6.632303596790499e-05 | 0.0019713142900934693 | NA                  |
| GPU    | 0.19859902 | 0.193049 | 0.2129635  | 0.2911176100000011   | 0.189319 | 0.493534 | 0.031721187380985595  | 0.15972479310817142   | 0.16940702929954035 |
+--------+------------+----------+------------+----------------------+----------+----------+-----------------------+-----------------------+---------------------+

[stage08] accuracy detail
+-----------------------------+-------------+-------------+-------------+---------------+-------------+----------------+---------------------------------------------+--------+
| accuracy_reference          | mse         | rmse        | relative_l2 | relative_linf | exact_match | mismatch_count | semantic_check                              | status |
+-----------------------------+-------------+-------------+-------------+---------------+-------------+----------------+---------------------------------------------+--------+
| cpu_gauss_spline_same_dtype | 1.56861e-16 | 1.25244e-08 | 4.71618e-08 | 7.47033e-08   | NA          | NA             | output_count=1024;output_dtype=FP32;order=2 | PASS   |
+-----------------------------+-------------+-------------+-------------+---------------+-------------+----------------+---------------------------------------------+--------+

[stage08] resource detail
+--------+------------+--------------+-------------+------------+-------------+
| device | metric     | before_bytes | after_bytes | peak_bytes | delta_bytes |
+--------+------------+--------------+-------------+------------+-------------+
| CPU    | cpu_heap   | 1356336      | 1376048     | 1376048    | 19712       |
| CPU    | rss        | 69214208     | 69214208    | 69214208   | 0           |
| GPU    | cpu_heap   | 1376112      | 1383200     | 1383200    | 7088        |
| GPU    | rss        | 69214208     | 69214208    | 69214208   | 0           |
| GPU    | gpu_memory | 391544832    | 391544832   | 391544832  | 0           |
+--------+------------+--------------+-------------+------------+-------------+

[stage08] input/output identity
+--------+------------------------------------------------------------------+------------------------------------------------------------------+
| device | input_digest                                                     | output_digest                                                    |
+--------+------------------------------------------------------------------+------------------------------------------------------------------+
| CPU    | ce791367126c5b155447412d29d8ad8c859176dd56fc0d4f37056db75a3422c0 | 177c241ed158ba72cd5dfa859fcefbdc66fb7b0380c4b65fe1d7eae6619f0415 |
| GPU    | ce791367126c5b155447412d29d8ad8c859176dd56fc0d4f37056db75a3422c0 | 04ee217fe53f9cab384fae577204a16145be8e00ccd66e01c698791b312db761 |
+--------+------------------------------------------------------------------+------------------------------------------------------------------+

[stage08] input content
+------------+--------+-------+----------+-----------------------------------------------------------------+--------------------------------------------------------------------------+
| input_name | shape  | dtype | elements | generator                                                       | values(head4/tail2)                                                      |
+------------+--------+-------+----------+-----------------------------------------------------------------+--------------------------------------------------------------------------+
| x          | [1024] | FP32  | 1024     | bspline_modular_or_piecewise_ramp(seed=87400001,integral=false) | i=0:-3.875;i=1:-3.84375;i=2:-3.8125;i=3:-3.78125;i=1022:3.96875;i=1023:4 |
+------------+--------+-------+----------+-----------------------------------------------------------------+--------------------------------------------------------------------------+

[stage08] case parameters
+--------------------------------------------------------------------------------------------+
| parameters                                                                                 |
+--------------------------------------------------------------------------------------------+
| {"dtype":"FP32","elements":"1024","operator":"gauss_spline","order":"2","seed":"87400001"} |
+--------------------------------------------------------------------------------------------+

[stage08] dtype evidence
+-----------------+--------------------+--------------+------------------------------------------------------------------+--------+
| requested_dtype | config_input_dtype | output_dtype | actual_input_digest                                              | status |
+-----------------+--------------------+--------------+------------------------------------------------------------------+--------+
| FP32            | NA                 | FP32         | ce791367126c5b155447412d29d8ad8c859176dd56fc0d4f37056db75a3422c0 | PASS   |
+-----------------+--------------------+--------------+------------------------------------------------------------------+--------+

[stage08] evidence files
+----------------+-------------------------------------------------------------------------------------------------------------------------------------------------------------------------------------------------------------------------------------------------------------+
| kind           | path                                                                                                                                                                                                                                                        |
+----------------+-------------------------------------------------------------------------------------------------------------------------------------------------------------------------------------------------------------------------------------------------------------+
| probe_raw_json | /tmp/ZKX_dev/results/stage08_input_preview_b08_gauss_spline_bdef73fce32b/formal/20260810T091331Z_bdef73fce32b_stage08_b08_formal_87710001/gauss_spline_probe_raw.json                                                                                       |
| memory_csv     | /tmp/ZKX_dev/results/stage08_input_preview_b08_gauss_spline_bdef73fce32b/formal/20260810T091331Z_bdef73fce32b_stage08_b08_formal_87710001/operator_bsplines_gauss_spline_memory_trace_not_applicable.csv                                                    |
| dtype_csv      | /tmp/ZKX_dev/results/stage08_input_preview_b08_gauss_spline_bdef73fce32b/formal/20260810T091331Z_bdef73fce32b_stage08_b08_formal_87710001/operator_dtype_evidence_gauss_spline_not_applicable_20260810T091331Z_bdef73fce32b_stage08_b08_formal_87710001.csv |
| full_log       | /tmp/ZKX_dev/results/stage08_input_preview_b08_gauss_spline_bdef73fce32b/formal/20260810T091331Z_bdef73fce32b_stage08_b08_formal_87710001/operator_gauss_spline_full.log                                                                                    |
| report_json    | /tmp/ZKX_dev/results/stage08_input_preview_b08_gauss_spline_bdef73fce32b/formal/20260810T091331Z_bdef73fce32b_stage08_b08_formal_87710001/operator_gauss_spline_report.json                                                                                 |
| summary_txt    | /tmp/ZKX_dev/results/stage08_input_preview_b08_gauss_spline_bdef73fce32b/formal/20260810T091331Z_bdef73fce32b_stage08_b08_formal_87710001/operator_gauss_spline_summary.txt                                                                                 |
| main_csv       | /tmp/ZKX_dev/results/stage08_input_preview_b08_gauss_spline_bdef73fce32b/formal/20260810T091331Z_bdef73fce32b_stage08_b08_formal_87710001/operator_main_results_gauss_spline_not_applicable_20260810T091331Z_bdef73fce32b_stage08_b08_formal_87710001.csv   |
| timing_csv     | /tmp/ZKX_dev/results/stage08_input_preview_b08_gauss_spline_bdef73fce32b/formal/20260810T091331Z_bdef73fce32b_stage08_b08_formal_87710001/operator_timing_samples_gauss_spline_not_applicable_20260810T091331Z_bdef73fce32b_stage08_b08_formal_87710001.csv |
+----------------+-------------------------------------------------------------------------------------------------------------------------------------------------------------------------------------------------------------------------------------------------------------+
[stage08-b08-formal] case=1 scale=gauss_spline_fp32_10e3 status=completed
[stage08-b08-formal] case=2 scale=gauss_spline_fp32_10e4 status=starting
STAGE08_GAUSS_SPLINE_CASE PASS scale=gauss_spline_fp32_10e4 dtype=FP32 backend=not_applicable measured=100 results=/tmp/ZKX_dev/results/stage08_input_preview_b08_gauss_spline_bdef73fce32b/formal/20260810T091331Z_bdef73fce32b_stage08_b08_formal_87710002
[stage08] identity and status
+--------------+------------------------+--------+----------------+-------+--------+----------+--------------------------+--------+------------+
| target       | scale_id               | device | backend        | dtype | warmup | measured | timing_scope             | status | error_code |
+--------------+------------------------+--------+----------------+-------+--------+----------+--------------------------+--------+------------+
| gauss_spline | gauss_spline_fp32_10e4 | CPU    | not_applicable | FP32  | 20     | 100      | compatibility/end-to-end | PASS   | OK         |
| gauss_spline | gauss_spline_fp32_10e4 | GPU    | not_applicable | FP32  | 20     | 100      | compatibility/end-to-end | PASS   | OK         |
+--------------+------------------------+--------+----------------+-------+--------+----------+--------------------------+--------+------------+

[stage08] timing detail
+--------+------------+---------------------+------------+---------------------+----------+----------+----------------------+----------------------+--------------------+
| device | mean_ms    | p50_ms              | p95_ms     | p99_ms              | min_ms   | max_ms   | std_ms               | cv                   | speedup            |
+--------+------------+---------------------+------------+---------------------+----------+----------+----------------------+----------------------+--------------------+
| CPU    | 0.33044523 | 0.3261755           | 0.3377755  | 0.3556262200000013  | 0.325005 | 0.618889 | 0.029302435318879216 | 0.08867561900917505  | NA                 |
| GPU    | 0.24999083 | 0.24821700000000002 | 0.26480355 | 0.26808751000000014 | 0.242781 | 0.291304 | 0.006516432349153945 | 0.026066685522640753 | 1.3218294047025645 |
+--------+------------+---------------------+------------+---------------------+----------+----------+----------------------+----------------------+--------------------+

[stage08] accuracy detail
+-----------------------------+-------------+-------------+-------------+---------------+-------------+----------------+----------------------------------------------+--------+
| accuracy_reference          | mse         | rmse        | relative_l2 | relative_linf | exact_match | mismatch_count | semantic_check                               | status |
+-----------------------------+-------------+-------------+-------------+---------------+-------------+----------------+----------------------------------------------+--------+
| cpu_gauss_spline_same_dtype | 2.05519e-16 | 1.43359e-08 | 6.13858e-08 | 1.44662e-07   | NA          | NA             | output_count=10000;output_dtype=FP32;order=4 | PASS   |
+-----------------------------+-------------+-------------+-------------+---------------+-------------+----------------+----------------------------------------------+--------+

[stage08] resource detail
+--------+------------+--------------+-------------+------------+-------------+
| device | metric     | before_bytes | after_bytes | peak_bytes | delta_bytes |
+--------+------------+--------------+-------------+------------+-------------+
| CPU    | cpu_heap   | 1443808      | 1607232     | 1607232    | 163424      |
| CPU    | rss        | 69193728     | 69767168    | 69767168   | 573440      |
| GPU    | cpu_heap   | 1607232      | 1650496     | 1650496    | 43264       |
| GPU    | rss        | 69767168     | 69767168    | 69767168   | 0           |
| GPU    | gpu_memory | 391544832    | 391544832   | 391544832  | 0           |
+--------+------------+--------------+-------------+------------+-------------+

[stage08] input/output identity
+--------+------------------------------------------------------------------+------------------------------------------------------------------+
| device | input_digest                                                     | output_digest                                                    |
+--------+------------------------------------------------------------------+------------------------------------------------------------------+
| CPU    | b2aec7edeb4cfc9d08b031e9072feb7f35c0574442c544de5ce96160b2a2e874 | 138e3494644290689213f89c78496e06065f3c1cb0b4ef70a250db01959fb48d |
| GPU    | b2aec7edeb4cfc9d08b031e9072feb7f35c0574442c544de5ce96160b2a2e874 | 524b03e88305186a6da18d4b533e97da7c721ce75945fdfc4a6bf2faf3526688 |
+--------+------------------------------------------------------------------+------------------------------------------------------------------+

[stage08] input content
+------------+---------+-------+----------+-----------------------------------------------------------------+-------------------------------------------------------------------------+
| input_name | shape   | dtype | elements | generator                                                       | values(head4/tail2)                                                     |
+------------+---------+-------+----------+-----------------------------------------------------------------+-------------------------------------------------------------------------+
| x          | [10000] | FP32  | 10000    | bspline_modular_or_piecewise_ramp(seed=87400002,integral=false) | i=0:-4;i=1:-3.96875;i=2:-3.9375;i=3:-3.90625;i=9998:3.25;i=9999:3.28125 |
+------------+---------+-------+----------+-----------------------------------------------------------------+-------------------------------------------------------------------------+

[stage08] case parameters
+---------------------------------------------------------------------------------------------+
| parameters                                                                                  |
+---------------------------------------------------------------------------------------------+
| {"dtype":"FP32","elements":"10000","operator":"gauss_spline","order":"4","seed":"87400002"} |
+---------------------------------------------------------------------------------------------+

[stage08] dtype evidence
+-----------------+--------------------+--------------+------------------------------------------------------------------+--------+
| requested_dtype | config_input_dtype | output_dtype | actual_input_digest                                              | status |
+-----------------+--------------------+--------------+------------------------------------------------------------------+--------+
| FP32            | NA                 | FP32         | b2aec7edeb4cfc9d08b031e9072feb7f35c0574442c544de5ce96160b2a2e874 | PASS   |
+-----------------+--------------------+--------------+------------------------------------------------------------------+--------+

[stage08] evidence files
+----------------+-------------------------------------------------------------------------------------------------------------------------------------------------------------------------------------------------------------------------------------------------------------+
| kind           | path                                                                                                                                                                                                                                                        |
+----------------+-------------------------------------------------------------------------------------------------------------------------------------------------------------------------------------------------------------------------------------------------------------+
| probe_raw_json | /tmp/ZKX_dev/results/stage08_input_preview_b08_gauss_spline_bdef73fce32b/formal/20260810T091331Z_bdef73fce32b_stage08_b08_formal_87710002/gauss_spline_probe_raw.json                                                                                       |
| memory_csv     | /tmp/ZKX_dev/results/stage08_input_preview_b08_gauss_spline_bdef73fce32b/formal/20260810T091331Z_bdef73fce32b_stage08_b08_formal_87710002/operator_bsplines_gauss_spline_memory_trace_not_applicable.csv                                                    |
| dtype_csv      | /tmp/ZKX_dev/results/stage08_input_preview_b08_gauss_spline_bdef73fce32b/formal/20260810T091331Z_bdef73fce32b_stage08_b08_formal_87710002/operator_dtype_evidence_gauss_spline_not_applicable_20260810T091331Z_bdef73fce32b_stage08_b08_formal_87710002.csv |
| full_log       | /tmp/ZKX_dev/results/stage08_input_preview_b08_gauss_spline_bdef73fce32b/formal/20260810T091331Z_bdef73fce32b_stage08_b08_formal_87710002/operator_gauss_spline_full.log                                                                                    |
| report_json    | /tmp/ZKX_dev/results/stage08_input_preview_b08_gauss_spline_bdef73fce32b/formal/20260810T091331Z_bdef73fce32b_stage08_b08_formal_87710002/operator_gauss_spline_report.json                                                                                 |
| summary_txt    | /tmp/ZKX_dev/results/stage08_input_preview_b08_gauss_spline_bdef73fce32b/formal/20260810T091331Z_bdef73fce32b_stage08_b08_formal_87710002/operator_gauss_spline_summary.txt                                                                                 |
| main_csv       | /tmp/ZKX_dev/results/stage08_input_preview_b08_gauss_spline_bdef73fce32b/formal/20260810T091331Z_bdef73fce32b_stage08_b08_formal_87710002/operator_main_results_gauss_spline_not_applicable_20260810T091331Z_bdef73fce32b_stage08_b08_formal_87710002.csv   |
| timing_csv     | /tmp/ZKX_dev/results/stage08_input_preview_b08_gauss_spline_bdef73fce32b/formal/20260810T091331Z_bdef73fce32b_stage08_b08_formal_87710002/operator_timing_samples_gauss_spline_not_applicable_20260810T091331Z_bdef73fce32b_stage08_b08_formal_87710002.csv |
+----------------+-------------------------------------------------------------------------------------------------------------------------------------------------------------------------------------------------------------------------------------------------------------+
[stage08-b08-formal] case=2 scale=gauss_spline_fp32_10e4 status=completed
[stage08-b08-formal] case=3 scale=gauss_spline_fp16_10e2 status=starting
STAGE08_GAUSS_SPLINE_CASE PASS scale=gauss_spline_fp16_10e2 dtype=FP16 backend=not_applicable measured=100 results=/tmp/ZKX_dev/results/stage08_input_preview_b08_gauss_spline_bdef73fce32b/formal/20260810T091332Z_bdef73fce32b_stage08_b08_formal_87710003
[stage08] identity and status
+--------------+------------------------+--------+----------------+-------+--------+----------+--------------------------+--------+------------+
| target       | scale_id               | device | backend        | dtype | warmup | measured | timing_scope             | status | error_code |
+--------------+------------------------+--------+----------------+-------+--------+----------+--------------------------+--------+------------+
| gauss_spline | gauss_spline_fp16_10e2 | CPU    | not_applicable | FP16  | 20     | 100      | compatibility/end-to-end | PASS   | OK         |
| gauss_spline | gauss_spline_fp16_10e2 | GPU    | not_applicable | FP16  | 20     | 100      | compatibility/end-to-end | PASS   | OK         |
+--------------+------------------------+--------+----------------+-------+--------+----------+--------------------------+--------+------------+

[stage08] timing detail
+--------+---------------------+----------+---------------------+---------------------+----------+----------+-----------------------+----------------------+----------------------+
| device | mean_ms             | p50_ms   | p95_ms              | p99_ms              | min_ms   | max_ms   | std_ms                | cv                   | speedup              |
+--------+---------------------+----------+---------------------+---------------------+----------+----------+-----------------------+----------------------+----------------------+
| CPU    | 0.00920554          | 0.009191 | 0.00934055          | 0.009381            | 0.00908  | 0.00948  | 7.165157639577793e-05 | 0.007783527788242508 | NA                   |
| GPU    | 0.19395216999999998 | 0.191899 | 0.20197004999999998 | 0.23042113000000025 | 0.186329 | 0.278944 | 0.010343635859846384  | 0.05333085914865704  | 0.047462938929737165 |
+--------+---------------------+----------+---------------------+---------------------+----------+----------+-----------------------+----------------------+----------------------+

[stage08] accuracy detail
+-----------------------------+-----+------+-------------+---------------+-------------+----------------+--------------------------------------------+--------+
| accuracy_reference          | mse | rmse | relative_l2 | relative_linf | exact_match | mismatch_count | semantic_check                             | status |
+-----------------------------+-----+------+-------------+---------------+-------------+----------------+--------------------------------------------+--------+
| cpu_gauss_spline_same_dtype | 0   | 0    | 0           | 0             | NA          | NA             | output_count=100;output_dtype=FP16;order=0 | PASS   |
+-----------------------------+-----+------+-------------+---------------+-------------+----------------+--------------------------------------------+--------+

[stage08] resource detail
+--------+------------+--------------+-------------+------------+-------------+
| device | metric     | before_bytes | after_bytes | peak_bytes | delta_bytes |
+--------+------------+--------------+-------------+------------+-------------+
| CPU    | cpu_heap   | 1344272      | 1348672     | 1348672    | 4400        |
| CPU    | rss        | 69095424     | 69095424    | 69095424   | 0           |
| GPU    | cpu_heap   | 1348672      | 1351904     | 1351904    | 3232        |
| GPU    | rss        | 69095424     | 69095424    | 69095424   | 0           |
| GPU    | gpu_memory | 391544832    | 391544832   | 391544832  | 0           |
+--------+------------+--------------+-------------+------------+-------------+

[stage08] input/output identity
+--------+------------------------------------------------------------------+------------------------------------------------------------------+
| device | input_digest                                                     | output_digest                                                    |
+--------+------------------------------------------------------------------+------------------------------------------------------------------+
| CPU    | e0187e4848ff86687474745db6181b1ea28906967c77c21948e75e2321091e33 | 1f44757cad56178413579a8a632e5932d4480e869670a1ab010d15bd98e6b5e4 |
| GPU    | e0187e4848ff86687474745db6181b1ea28906967c77c21948e75e2321091e33 | 1f44757cad56178413579a8a632e5932d4480e869670a1ab010d15bd98e6b5e4 |
+--------+------------------------------------------------------------------+------------------------------------------------------------------+

[stage08] input content
+------------+-------+-------+----------+-----------------------------------------------------------------+----------------------------------------------------------------------------+
| input_name | shape | dtype | elements | generator                                                       | values(head4/tail2)                                                        |
+------------+-------+-------+----------+-----------------------------------------------------------------+----------------------------------------------------------------------------+
| x          | [100] | FP16  | 100      | bspline_modular_or_piecewise_ramp(seed=87400003,integral=false) | i=0:-3.9375;i=1:-3.90625;i=2:-3.875;i=3:-3.84375;i=98:-0.875;i=99:-0.84375 |
+------------+-------+-------+----------+-----------------------------------------------------------------+----------------------------------------------------------------------------+

[stage08] case parameters
+-------------------------------------------------------------------------------------------+
| parameters                                                                                |
+-------------------------------------------------------------------------------------------+
| {"dtype":"FP16","elements":"100","operator":"gauss_spline","order":"0","seed":"87400003"} |
+-------------------------------------------------------------------------------------------+

[stage08] dtype evidence
+-----------------+--------------------+--------------+------------------------------------------------------------------+--------+
| requested_dtype | config_input_dtype | output_dtype | actual_input_digest                                              | status |
+-----------------+--------------------+--------------+------------------------------------------------------------------+--------+
| FP16            | NA                 | FP16         | e0187e4848ff86687474745db6181b1ea28906967c77c21948e75e2321091e33 | PASS   |
+-----------------+--------------------+--------------+------------------------------------------------------------------+--------+

[stage08] evidence files
+----------------+-------------------------------------------------------------------------------------------------------------------------------------------------------------------------------------------------------------------------------------------------------------+
| kind           | path                                                                                                                                                                                                                                                        |
+----------------+-------------------------------------------------------------------------------------------------------------------------------------------------------------------------------------------------------------------------------------------------------------+
| probe_raw_json | /tmp/ZKX_dev/results/stage08_input_preview_b08_gauss_spline_bdef73fce32b/formal/20260810T091332Z_bdef73fce32b_stage08_b08_formal_87710003/gauss_spline_probe_raw.json                                                                                       |
| memory_csv     | /tmp/ZKX_dev/results/stage08_input_preview_b08_gauss_spline_bdef73fce32b/formal/20260810T091332Z_bdef73fce32b_stage08_b08_formal_87710003/operator_bsplines_gauss_spline_memory_trace_not_applicable.csv                                                    |
| dtype_csv      | /tmp/ZKX_dev/results/stage08_input_preview_b08_gauss_spline_bdef73fce32b/formal/20260810T091332Z_bdef73fce32b_stage08_b08_formal_87710003/operator_dtype_evidence_gauss_spline_not_applicable_20260810T091332Z_bdef73fce32b_stage08_b08_formal_87710003.csv |
| full_log       | /tmp/ZKX_dev/results/stage08_input_preview_b08_gauss_spline_bdef73fce32b/formal/20260810T091332Z_bdef73fce32b_stage08_b08_formal_87710003/operator_gauss_spline_full.log                                                                                    |
| report_json    | /tmp/ZKX_dev/results/stage08_input_preview_b08_gauss_spline_bdef73fce32b/formal/20260810T091332Z_bdef73fce32b_stage08_b08_formal_87710003/operator_gauss_spline_report.json                                                                                 |
| summary_txt    | /tmp/ZKX_dev/results/stage08_input_preview_b08_gauss_spline_bdef73fce32b/formal/20260810T091332Z_bdef73fce32b_stage08_b08_formal_87710003/operator_gauss_spline_summary.txt                                                                                 |
| main_csv       | /tmp/ZKX_dev/results/stage08_input_preview_b08_gauss_spline_bdef73fce32b/formal/20260810T091332Z_bdef73fce32b_stage08_b08_formal_87710003/operator_main_results_gauss_spline_not_applicable_20260810T091332Z_bdef73fce32b_stage08_b08_formal_87710003.csv   |
| timing_csv     | /tmp/ZKX_dev/results/stage08_input_preview_b08_gauss_spline_bdef73fce32b/formal/20260810T091332Z_bdef73fce32b_stage08_b08_formal_87710003/operator_timing_samples_gauss_spline_not_applicable_20260810T091332Z_bdef73fce32b_stage08_b08_formal_87710003.csv |
+----------------+-------------------------------------------------------------------------------------------------------------------------------------------------------------------------------------------------------------------------------------------------------------+
[stage08-b08-formal] case=3 scale=gauss_spline_fp16_10e2 status=completed
[stage08-b08-formal] case=4 scale=gauss_spline_fp16_10e3 status=starting
STAGE08_GAUSS_SPLINE_CASE PASS scale=gauss_spline_fp16_10e3 dtype=FP16 backend=not_applicable measured=100 results=/tmp/ZKX_dev/results/stage08_input_preview_b08_gauss_spline_bdef73fce32b/formal/20260810T091332Z_bdef73fce32b_stage08_b08_formal_87710004
[stage08] identity and status
+--------------+------------------------+--------+----------------+-------+--------+----------+--------------------------+--------+------------+
| target       | scale_id               | device | backend        | dtype | warmup | measured | timing_scope             | status | error_code |
+--------------+------------------------+--------+----------------+-------+--------+----------+--------------------------+--------+------------+
| gauss_spline | gauss_spline_fp16_10e3 | CPU    | not_applicable | FP16  | 20     | 100      | compatibility/end-to-end | PASS   | OK         |
| gauss_spline | gauss_spline_fp16_10e3 | GPU    | not_applicable | FP16  | 20     | 100      | compatibility/end-to-end | PASS   | OK         |
+--------------+------------------------+--------+----------------+-------+--------+----------+--------------------------+--------+------------+

[stage08] timing detail
+--------+---------------------+----------+---------------------+---------------------+----------+----------+-----------------------+---------------------+--------------------+
| device | mean_ms             | p50_ms   | p95_ms              | p99_ms              | min_ms   | max_ms   | std_ms                | cv                  | speedup            |
+--------+---------------------+----------+---------------------+---------------------+----------+----------+-----------------------+---------------------+--------------------+
| CPU    | 0.10099118000000001 | 0.10069  | 0.1015375           | 0.10982750000000001 | 0.100224 | 0.110075 | 0.0015458100878180355 | 0.01530638703120446 | NA                 |
| GPU    | 0.19571748          | 0.192674 | 0.20742449999999998 | 0.25459802000000015 | 0.188039 | 0.287864 | 0.012259130354539835  | 0.0626368700155951  | 0.5160049066644431 |
+--------+---------------------+----------+---------------------+---------------------+----------+----------+-----------------------+---------------------+--------------------+

[stage08] accuracy detail
+-----------------------------+-----+------+-------------+---------------+-------------+----------------+---------------------------------------------+--------+
| accuracy_reference          | mse | rmse | relative_l2 | relative_linf | exact_match | mismatch_count | semantic_check                              | status |
+-----------------------------+-----+------+-------------+---------------+-------------+----------------+---------------------------------------------+--------+
| cpu_gauss_spline_same_dtype | 0   | 0    | 0           | 0             | NA          | NA             | output_count=1024;output_dtype=FP16;order=2 | PASS   |
+-----------------------------+-----+------+-------------+---------------+-------------+----------------+---------------------------------------------+--------+

[stage08] resource detail
+--------+------------+--------------+-------------+------------+-------------+
| device | metric     | before_bytes | after_bytes | peak_bytes | delta_bytes |
+--------+------------+--------------+-------------+------------+-------------+
| CPU    | cpu_heap   | 1349888      | 1365520     | 1365520    | 15632       |
| CPU    | rss        | 68837376     | 68837376    | 68837376   | 0           |
| GPU    | cpu_heap   | 1365600      | 1370704     | 1370704    | 5104        |
| GPU    | rss        | 68837376     | 68837376    | 68837376   | 0           |
| GPU    | gpu_memory | 391544832    | 391544832   | 391544832  | 0           |
+--------+------------+--------------+-------------+------------+-------------+

[stage08] input/output identity
+--------+------------------------------------------------------------------+------------------------------------------------------------------+
| device | input_digest                                                     | output_digest                                                    |
+--------+------------------------------------------------------------------+------------------------------------------------------------------+
| CPU    | e13bd31426795f3ed609902cc809371e97c721c8318b49add5b121b973294b02 | cddbd6f352fd11a6cd7c1b8ede9c4b11f3a4282385a08604a6c0034dd5ae54c1 |
| GPU    | e13bd31426795f3ed609902cc809371e97c721c8318b49add5b121b973294b02 | cddbd6f352fd11a6cd7c1b8ede9c4b11f3a4282385a08604a6c0034dd5ae54c1 |
+--------+------------------------------------------------------------------+------------------------------------------------------------------+

[stage08] input content
+------------+--------+-------+----------+-----------------------------------------------------------------+--------------------------------------------------------------------------+
| input_name | shape  | dtype | elements | generator                                                       | values(head4/tail2)                                                      |
+------------+--------+-------+----------+-----------------------------------------------------------------+--------------------------------------------------------------------------+
| x          | [1024] | FP16  | 1024     | bspline_modular_or_piecewise_ramp(seed=87400004,integral=false) | i=0:-3.875;i=1:-3.84375;i=2:-3.8125;i=3:-3.78125;i=1022:3.96875;i=1023:4 |
+------------+--------+-------+----------+-----------------------------------------------------------------+--------------------------------------------------------------------------+

[stage08] case parameters
+--------------------------------------------------------------------------------------------+
| parameters                                                                                 |
+--------------------------------------------------------------------------------------------+
| {"dtype":"FP16","elements":"1024","operator":"gauss_spline","order":"2","seed":"87400004"} |
+--------------------------------------------------------------------------------------------+

[stage08] dtype evidence
+-----------------+--------------------+--------------+------------------------------------------------------------------+--------+
| requested_dtype | config_input_dtype | output_dtype | actual_input_digest                                              | status |
+-----------------+--------------------+--------------+------------------------------------------------------------------+--------+
| FP16            | NA                 | FP16         | e13bd31426795f3ed609902cc809371e97c721c8318b49add5b121b973294b02 | PASS   |
+-----------------+--------------------+--------------+------------------------------------------------------------------+--------+

[stage08] evidence files
+----------------+-------------------------------------------------------------------------------------------------------------------------------------------------------------------------------------------------------------------------------------------------------------+
| kind           | path                                                                                                                                                                                                                                                        |
+----------------+-------------------------------------------------------------------------------------------------------------------------------------------------------------------------------------------------------------------------------------------------------------+
| probe_raw_json | /tmp/ZKX_dev/results/stage08_input_preview_b08_gauss_spline_bdef73fce32b/formal/20260810T091332Z_bdef73fce32b_stage08_b08_formal_87710004/gauss_spline_probe_raw.json                                                                                       |
| memory_csv     | /tmp/ZKX_dev/results/stage08_input_preview_b08_gauss_spline_bdef73fce32b/formal/20260810T091332Z_bdef73fce32b_stage08_b08_formal_87710004/operator_bsplines_gauss_spline_memory_trace_not_applicable.csv                                                    |
| dtype_csv      | /tmp/ZKX_dev/results/stage08_input_preview_b08_gauss_spline_bdef73fce32b/formal/20260810T091332Z_bdef73fce32b_stage08_b08_formal_87710004/operator_dtype_evidence_gauss_spline_not_applicable_20260810T091332Z_bdef73fce32b_stage08_b08_formal_87710004.csv |
| full_log       | /tmp/ZKX_dev/results/stage08_input_preview_b08_gauss_spline_bdef73fce32b/formal/20260810T091332Z_bdef73fce32b_stage08_b08_formal_87710004/operator_gauss_spline_full.log                                                                                    |
| report_json    | /tmp/ZKX_dev/results/stage08_input_preview_b08_gauss_spline_bdef73fce32b/formal/20260810T091332Z_bdef73fce32b_stage08_b08_formal_87710004/operator_gauss_spline_report.json                                                                                 |
| summary_txt    | /tmp/ZKX_dev/results/stage08_input_preview_b08_gauss_spline_bdef73fce32b/formal/20260810T091332Z_bdef73fce32b_stage08_b08_formal_87710004/operator_gauss_spline_summary.txt                                                                                 |
| main_csv       | /tmp/ZKX_dev/results/stage08_input_preview_b08_gauss_spline_bdef73fce32b/formal/20260810T091332Z_bdef73fce32b_stage08_b08_formal_87710004/operator_main_results_gauss_spline_not_applicable_20260810T091332Z_bdef73fce32b_stage08_b08_formal_87710004.csv   |
| timing_csv     | /tmp/ZKX_dev/results/stage08_input_preview_b08_gauss_spline_bdef73fce32b/formal/20260810T091332Z_bdef73fce32b_stage08_b08_formal_87710004/operator_timing_samples_gauss_spline_not_applicable_20260810T091332Z_bdef73fce32b_stage08_b08_formal_87710004.csv |
+----------------+-------------------------------------------------------------------------------------------------------------------------------------------------------------------------------------------------------------------------------------------------------------+
[stage08-b08-formal] case=4 scale=gauss_spline_fp16_10e3 status=completed
[stage08-b08-formal] case=5 scale=gauss_spline_fp16_10e4 status=starting
STAGE08_GAUSS_SPLINE_CASE PASS scale=gauss_spline_fp16_10e4 dtype=FP16 backend=not_applicable measured=100 results=/tmp/ZKX_dev/results/stage08_input_preview_b08_gauss_spline_bdef73fce32b/formal/20260810T091332Z_bdef73fce32b_stage08_b08_formal_87710005
[stage08] identity and status
+--------------+------------------------+--------+----------------+-------+--------+----------+--------------------------+--------+------------+
| target       | scale_id               | device | backend        | dtype | warmup | measured | timing_scope             | status | error_code |
+--------------+------------------------+--------+----------------+-------+--------+----------+--------------------------+--------+------------+
| gauss_spline | gauss_spline_fp16_10e4 | CPU    | not_applicable | FP16  | 20     | 100      | compatibility/end-to-end | PASS   | OK         |
| gauss_spline | gauss_spline_fp16_10e4 | GPU    | not_applicable | FP16  | 20     | 100      | compatibility/end-to-end | PASS   | OK         |
+--------------+------------------------+--------+----------------+-------+--------+----------+--------------------------+--------+------------+

[stage08] timing detail
+--------+---------------------+----------+------------+---------------------+----------+----------+----------------------+----------------------+------------------+
| device | mean_ms             | p50_ms   | p95_ms     | p99_ms              | min_ms   | max_ms   | std_ms               | cv                   | speedup          |
+--------+---------------------+----------+------------+---------------------+----------+----------+----------------------+----------------------+------------------+
| CPU    | 1.00774776          | 1.004568 | 1.01787155 | 1.0392963300000004  | 1.000237 | 1.094472 | 0.010570305613481571 | 0.010489039056243174 | NA               |
| GPU    | 0.24123550000000002 | 0.239316 | 0.2484555  | 0.26516611000000023 | 0.234951 | 0.309034 | 0.008337390073038442 | 0.03456120709032643  | 4.17744386709253 |
+--------+---------------------+----------+------------+---------------------+----------+----------+----------------------+----------------------+------------------+

[stage08] accuracy detail
+-----------------------------+-----+------+-------------+---------------+-------------+----------------+----------------------------------------------+--------+
| accuracy_reference          | mse | rmse | relative_l2 | relative_linf | exact_match | mismatch_count | semantic_check                               | status |
+-----------------------------+-----+------+-------------+---------------+-------------+----------------+----------------------------------------------+--------+
| cpu_gauss_spline_same_dtype | 0   | 0    | 0           | 0             | NA          | NA             | output_count=10000;output_dtype=FP16;order=4 | PASS   |
+-----------------------------+-----+------+-------------+---------------+-------------+----------------+----------------------------------------------+--------+

[stage08] resource detail
+--------+------------+--------------+-------------+------------+-------------+
| device | metric     | before_bytes | after_bytes | peak_bytes | delta_bytes |
+--------+------------+--------------+-------------+------------+-------------+
| CPU    | cpu_heap   | 1383280      | 1506624     | 1506624    | 123344      |
| CPU    | rss        | 69423104     | 69423104    | 69423104   | 0           |
| GPU    | cpu_heap   | 1506720      | 1529680     | 1529680    | 22960       |
| GPU    | rss        | 69423104     | 69423104    | 69423104   | 0           |
| GPU    | gpu_memory | 391544832    | 391544832   | 391544832  | 0           |
+--------+------------+--------------+-------------+------------+-------------+

[stage08] input/output identity
+--------+------------------------------------------------------------------+------------------------------------------------------------------+
| device | input_digest                                                     | output_digest                                                    |
+--------+------------------------------------------------------------------+------------------------------------------------------------------+
| CPU    | 22a66eeba6dfc598e802406c794866f97877994d9444efe1ef9858e710bce3b4 | e7fd671547a5de9b2e0a4338cc7d2815e63c4e5ffddd03934db674b7624d9287 |
| GPU    | 22a66eeba6dfc598e802406c794866f97877994d9444efe1ef9858e710bce3b4 | e7fd671547a5de9b2e0a4338cc7d2815e63c4e5ffddd03934db674b7624d9287 |
+--------+------------------------------------------------------------------+------------------------------------------------------------------+

[stage08] input content
+------------+---------+-------+----------+-----------------------------------------------------------------+-------------------------------------------------------------------------+
| input_name | shape   | dtype | elements | generator                                                       | values(head4/tail2)                                                     |
+------------+---------+-------+----------+-----------------------------------------------------------------+-------------------------------------------------------------------------+
| x          | [10000] | FP16  | 10000    | bspline_modular_or_piecewise_ramp(seed=87400005,integral=false) | i=0:-4;i=1:-3.96875;i=2:-3.9375;i=3:-3.90625;i=9998:3.25;i=9999:3.28125 |
+------------+---------+-------+----------+-----------------------------------------------------------------+-------------------------------------------------------------------------+

[stage08] case parameters
+---------------------------------------------------------------------------------------------+
| parameters                                                                                  |
+---------------------------------------------------------------------------------------------+
| {"dtype":"FP16","elements":"10000","operator":"gauss_spline","order":"4","seed":"87400005"} |
+---------------------------------------------------------------------------------------------+

[stage08] dtype evidence
+-----------------+--------------------+--------------+------------------------------------------------------------------+--------+
| requested_dtype | config_input_dtype | output_dtype | actual_input_digest                                              | status |
+-----------------+--------------------+--------------+------------------------------------------------------------------+--------+
| FP16            | NA                 | FP16         | 22a66eeba6dfc598e802406c794866f97877994d9444efe1ef9858e710bce3b4 | PASS   |
+-----------------+--------------------+--------------+------------------------------------------------------------------+--------+

[stage08] evidence files
+----------------+-------------------------------------------------------------------------------------------------------------------------------------------------------------------------------------------------------------------------------------------------------------+
| kind           | path                                                                                                                                                                                                                                                        |
+----------------+-------------------------------------------------------------------------------------------------------------------------------------------------------------------------------------------------------------------------------------------------------------+
| probe_raw_json | /tmp/ZKX_dev/results/stage08_input_preview_b08_gauss_spline_bdef73fce32b/formal/20260810T091332Z_bdef73fce32b_stage08_b08_formal_87710005/gauss_spline_probe_raw.json                                                                                       |
| memory_csv     | /tmp/ZKX_dev/results/stage08_input_preview_b08_gauss_spline_bdef73fce32b/formal/20260810T091332Z_bdef73fce32b_stage08_b08_formal_87710005/operator_bsplines_gauss_spline_memory_trace_not_applicable.csv                                                    |
| dtype_csv      | /tmp/ZKX_dev/results/stage08_input_preview_b08_gauss_spline_bdef73fce32b/formal/20260810T091332Z_bdef73fce32b_stage08_b08_formal_87710005/operator_dtype_evidence_gauss_spline_not_applicable_20260810T091332Z_bdef73fce32b_stage08_b08_formal_87710005.csv |
| full_log       | /tmp/ZKX_dev/results/stage08_input_preview_b08_gauss_spline_bdef73fce32b/formal/20260810T091332Z_bdef73fce32b_stage08_b08_formal_87710005/operator_gauss_spline_full.log                                                                                    |
| report_json    | /tmp/ZKX_dev/results/stage08_input_preview_b08_gauss_spline_bdef73fce32b/formal/20260810T091332Z_bdef73fce32b_stage08_b08_formal_87710005/operator_gauss_spline_report.json                                                                                 |
| summary_txt    | /tmp/ZKX_dev/results/stage08_input_preview_b08_gauss_spline_bdef73fce32b/formal/20260810T091332Z_bdef73fce32b_stage08_b08_formal_87710005/operator_gauss_spline_summary.txt                                                                                 |
| main_csv       | /tmp/ZKX_dev/results/stage08_input_preview_b08_gauss_spline_bdef73fce32b/formal/20260810T091332Z_bdef73fce32b_stage08_b08_formal_87710005/operator_main_results_gauss_spline_not_applicable_20260810T091332Z_bdef73fce32b_stage08_b08_formal_87710005.csv   |
| timing_csv     | /tmp/ZKX_dev/results/stage08_input_preview_b08_gauss_spline_bdef73fce32b/formal/20260810T091332Z_bdef73fce32b_stage08_b08_formal_87710005/operator_timing_samples_gauss_spline_not_applicable_20260810T091332Z_bdef73fce32b_stage08_b08_formal_87710005.csv |
+----------------+-------------------------------------------------------------------------------------------------------------------------------------------------------------------------------------------------------------------------------------------------------------+
[stage08-b08-formal] case=5 scale=gauss_spline_fp16_10e4 status=completed
[stage08-b08-formal] case=6 scale=gauss_spline_int32_10e2 status=starting
STAGE08_GAUSS_SPLINE_CASE PASS scale=gauss_spline_int32_10e2 dtype=INT32 backend=not_applicable measured=100 results=/tmp/ZKX_dev/results/stage08_input_preview_b08_gauss_spline_bdef73fce32b/formal/20260810T091332Z_bdef73fce32b_stage08_b08_formal_87710006
[stage08] identity and status
+--------------+-------------------------+--------+----------------+-------+--------+----------+--------------------------+--------+------------+
| target       | scale_id                | device | backend        | dtype | warmup | measured | timing_scope             | status | error_code |
+--------------+-------------------------+--------+----------------+-------+--------+----------+--------------------------+--------+------------+
| gauss_spline | gauss_spline_int32_10e2 | CPU    | not_applicable | INT32 | 20     | 100      | compatibility/end-to-end | PASS   | OK         |
| gauss_spline | gauss_spline_int32_10e2 | GPU    | not_applicable | INT32 | 20     | 100      | compatibility/end-to-end | PASS   | OK         |
+--------------+-------------------------+--------+----------------+-------+--------+----------+--------------------------+--------+------------+

[stage08] timing detail
+--------+-----------------------+---------------------+---------------------+-----------------------+----------+----------+------------------------+----------------------+----------------------+
| device | mean_ms               | p50_ms              | p95_ms              | p99_ms                | min_ms   | max_ms   | std_ms                 | cv                   | speedup              |
+--------+-----------------------+---------------------+---------------------+-----------------------+----------+----------+------------------------+----------------------+----------------------+
| CPU    | 0.0035878699999999995 | 0.00359             | 0.003611            | 0.0036216900000000003 | 0.00354  | 0.00369  | 1.7619111782379968e-05 | 0.004910744197080711 | NA                   |
| GPU    | 0.19665030000000003   | 0.19357950000000002 | 0.21264149999999996 | 0.26332639            | 0.185388 | 0.268612 | 0.013640562360474732   | 0.06936456420597746  | 0.018244925128514927 |
+--------+-----------------------+---------------------+---------------------+-----------------------+----------+----------+------------------------+----------------------+----------------------+

[stage08] accuracy detail
+-----------------------------+-----+------+-------------+---------------+-------------+----------------+---------------------------------------------+--------+
| accuracy_reference          | mse | rmse | relative_l2 | relative_linf | exact_match | mismatch_count | semantic_check                              | status |
+-----------------------------+-----+------+-------------+---------------+-------------+----------------+---------------------------------------------+--------+
| cpu_gauss_spline_same_dtype | 0   | 0    | 0           | 0             | NA          | NA             | output_count=100;output_dtype=INT32;order=0 | PASS   |
+-----------------------------+-----+------+-------------+---------------+-------------+----------------+---------------------------------------------+--------+

[stage08] resource detail
+--------+------------+--------------+-------------+------------+-------------+
| device | metric     | before_bytes | after_bytes | peak_bytes | delta_bytes |
+--------+------------+--------------+-------------+------------+-------------+
| CPU    | cpu_heap   | 1344816      | 1349328     | 1349328    | 4512        |
| CPU    | rss        | 68915200     | 68915200    | 68915200   | 0           |
| GPU    | cpu_heap   | 1349408      | 1352816     | 1352816    | 3408        |
| GPU    | rss        | 68915200     | 68915200    | 68915200   | 0           |
| GPU    | gpu_memory | 391544832    | 391544832   | 391544832  | 0           |
+--------+------------+--------------+-------------+------------+-------------+

[stage08] input/output identity
+--------+------------------------------------------------------------------+------------------------------------------------------------------+
| device | input_digest                                                     | output_digest                                                    |
+--------+------------------------------------------------------------------+------------------------------------------------------------------+
| CPU    | b2d24714b760506c504cdef338a0d27664c0fe9f1c6564b246a664aedf4671a9 | d468768b16383ef688f7fd9f460f330b5a4de3ca9fbb80bfd85890087f72d6ba |
| GPU    | b2d24714b760506c504cdef338a0d27664c0fe9f1c6564b246a664aedf4671a9 | d468768b16383ef688f7fd9f460f330b5a4de3ca9fbb80bfd85890087f72d6ba |
+--------+------------------------------------------------------------------+------------------------------------------------------------------+

[stage08] input content
+------------+-------+-------+----------+----------------------------------------------------------------+-------------------------------------------+
| input_name | shape | dtype | elements | generator                                                      | values(head4/tail2)                       |
+------------+-------+-------+----------+----------------------------------------------------------------+-------------------------------------------+
| x          | [100] | INT32 | 100      | bspline_modular_or_piecewise_ramp(seed=87400006,integral=true) | i=0:-2;i=1:-1;i=2:0;i=3:1;i=98:-2;i=99:-1 |
+------------+-------+-------+----------+----------------------------------------------------------------+-------------------------------------------+

[stage08] case parameters
+--------------------------------------------------------------------------------------------+
| parameters                                                                                 |
+--------------------------------------------------------------------------------------------+
| {"dtype":"INT32","elements":"100","operator":"gauss_spline","order":"0","seed":"87400006"} |
+--------------------------------------------------------------------------------------------+

[stage08] dtype evidence
+-----------------+--------------------+--------------+------------------------------------------------------------------+--------+
| requested_dtype | config_input_dtype | output_dtype | actual_input_digest                                              | status |
+-----------------+--------------------+--------------+------------------------------------------------------------------+--------+
| INT32           | NA                 | INT32        | b2d24714b760506c504cdef338a0d27664c0fe9f1c6564b246a664aedf4671a9 | PASS   |
+-----------------+--------------------+--------------+------------------------------------------------------------------+--------+

[stage08] evidence files
+----------------+-------------------------------------------------------------------------------------------------------------------------------------------------------------------------------------------------------------------------------------------------------------+
| kind           | path                                                                                                                                                                                                                                                        |
+----------------+-------------------------------------------------------------------------------------------------------------------------------------------------------------------------------------------------------------------------------------------------------------+
| probe_raw_json | /tmp/ZKX_dev/results/stage08_input_preview_b08_gauss_spline_bdef73fce32b/formal/20260810T091332Z_bdef73fce32b_stage08_b08_formal_87710006/gauss_spline_probe_raw.json                                                                                       |
| memory_csv     | /tmp/ZKX_dev/results/stage08_input_preview_b08_gauss_spline_bdef73fce32b/formal/20260810T091332Z_bdef73fce32b_stage08_b08_formal_87710006/operator_bsplines_gauss_spline_memory_trace_not_applicable.csv                                                    |
| dtype_csv      | /tmp/ZKX_dev/results/stage08_input_preview_b08_gauss_spline_bdef73fce32b/formal/20260810T091332Z_bdef73fce32b_stage08_b08_formal_87710006/operator_dtype_evidence_gauss_spline_not_applicable_20260810T091332Z_bdef73fce32b_stage08_b08_formal_87710006.csv |
| full_log       | /tmp/ZKX_dev/results/stage08_input_preview_b08_gauss_spline_bdef73fce32b/formal/20260810T091332Z_bdef73fce32b_stage08_b08_formal_87710006/operator_gauss_spline_full.log                                                                                    |
| report_json    | /tmp/ZKX_dev/results/stage08_input_preview_b08_gauss_spline_bdef73fce32b/formal/20260810T091332Z_bdef73fce32b_stage08_b08_formal_87710006/operator_gauss_spline_report.json                                                                                 |
| summary_txt    | /tmp/ZKX_dev/results/stage08_input_preview_b08_gauss_spline_bdef73fce32b/formal/20260810T091332Z_bdef73fce32b_stage08_b08_formal_87710006/operator_gauss_spline_summary.txt                                                                                 |
| main_csv       | /tmp/ZKX_dev/results/stage08_input_preview_b08_gauss_spline_bdef73fce32b/formal/20260810T091332Z_bdef73fce32b_stage08_b08_formal_87710006/operator_main_results_gauss_spline_not_applicable_20260810T091332Z_bdef73fce32b_stage08_b08_formal_87710006.csv   |
| timing_csv     | /tmp/ZKX_dev/results/stage08_input_preview_b08_gauss_spline_bdef73fce32b/formal/20260810T091332Z_bdef73fce32b_stage08_b08_formal_87710006/operator_timing_samples_gauss_spline_not_applicable_20260810T091332Z_bdef73fce32b_stage08_b08_formal_87710006.csv |
+----------------+-------------------------------------------------------------------------------------------------------------------------------------------------------------------------------------------------------------------------------------------------------------+
[stage08-b08-formal] case=6 scale=gauss_spline_int32_10e2 status=completed
[stage08-b08-formal] case=7 scale=gauss_spline_int32_10e3 status=starting
STAGE08_GAUSS_SPLINE_CASE PASS scale=gauss_spline_int32_10e3 dtype=INT32 backend=not_applicable measured=100 results=/tmp/ZKX_dev/results/stage08_input_preview_b08_gauss_spline_bdef73fce32b/formal/20260810T091332Z_bdef73fce32b_stage08_b08_formal_87710007
[stage08] identity and status
+--------------+-------------------------+--------+----------------+-------+--------+----------+--------------------------+--------+------------+
| target       | scale_id                | device | backend        | dtype | warmup | measured | timing_scope             | status | error_code |
+--------------+-------------------------+--------+----------------+-------+--------+----------+--------------------------+--------+------------+
| gauss_spline | gauss_spline_int32_10e3 | CPU    | not_applicable | INT32 | 20     | 100      | compatibility/end-to-end | PASS   | OK         |
| gauss_spline | gauss_spline_int32_10e3 | GPU    | not_applicable | INT32 | 20     | 100      | compatibility/end-to-end | PASS   | OK         |
+--------------+-------------------------+--------+----------------+-------+--------+----------+--------------------------+--------+------------+

[stage08] timing detail
+--------+---------------------+----------------------+-----------+----------------------+----------+----------+----------------------+---------------------+---------------------+
| device | mean_ms             | p50_ms               | p95_ms    | p99_ms               | min_ms   | max_ms   | std_ms               | cv                  | speedup             |
+--------+---------------------+----------------------+-----------+----------------------+----------+----------+----------------------+---------------------+---------------------+
| CPU    | 0.03513497          | 0.034557000000000004 | 0.0347325 | 0.035551130000000326 | 0.033922 | 0.098825 | 0.006404019646214399 | 0.18226910813398728 | NA                  |
| GPU    | 0.19877199999999998 | 0.2005145            | 0.2061985 | 0.2242361400000005   | 0.185788 | 0.318795 | 0.014140073555678557 | 0.07113714987864769 | 0.17676015736622866 |
+--------+---------------------+----------------------+-----------+----------------------+----------+----------+----------------------+---------------------+---------------------+

[stage08] accuracy detail
+-----------------------------+-----+------+-------------+---------------+-------------+----------------+----------------------------------------------+--------+
| accuracy_reference          | mse | rmse | relative_l2 | relative_linf | exact_match | mismatch_count | semantic_check                               | status |
+-----------------------------+-----+------+-------------+---------------+-------------+----------------+----------------------------------------------+--------+
| cpu_gauss_spline_same_dtype | 0   | 0    | 0           | 0             | NA          | NA             | output_count=1024;output_dtype=INT32;order=2 | PASS   |
+-----------------------------+-----+------+-------------+---------------+-------------+----------------+----------------------------------------------+--------+

[stage08] resource detail
+--------+------------+--------------+-------------+------------+-------------+
| device | metric     | before_bytes | after_bytes | peak_bytes | delta_bytes |
+--------+------------+--------------+-------------+------------+-------------+
| CPU    | cpu_heap   | 1356016      | 1375728     | 1375728    | 19712       |
| CPU    | rss        | 69230592     | 69230592    | 69230592   | 0           |
| GPU    | cpu_heap   | 1375792      | 1383008     | 1383008    | 7216        |
| GPU    | rss        | 69230592     | 69230592    | 69230592   | 0           |
| GPU    | gpu_memory | 391544832    | 391544832   | 391544832  | 0           |
+--------+------------+--------------+-------------+------------+-------------+

[stage08] input/output identity
+--------+------------------------------------------------------------------+------------------------------------------------------------------+
| device | input_digest                                                     | output_digest                                                    |
+--------+------------------------------------------------------------------+------------------------------------------------------------------+
| CPU    | 509f0044d4332e648fee190e0b89dbf6742586a0708ee72ad42f24cc8603c187 | ad7facb2586fc6e966c004d7d1d16b024f5805ff7cb47c7a85dabd8b48892ca7 |
| GPU    | 509f0044d4332e648fee190e0b89dbf6742586a0708ee72ad42f24cc8603c187 | ad7facb2586fc6e966c004d7d1d16b024f5805ff7cb47c7a85dabd8b48892ca7 |
+--------+------------------------------------------------------------------+------------------------------------------------------------------+

[stage08] input content
+------------+--------+-------+----------+----------------------------------------------------------------+---------------------------------------------+
| input_name | shape  | dtype | elements | generator                                                      | values(head4/tail2)                         |
+------------+--------+-------+----------+----------------------------------------------------------------+---------------------------------------------+
| x          | [1024] | INT32 | 1024     | bspline_modular_or_piecewise_ramp(seed=87400007,integral=true) | i=0:-1;i=1:0;i=2:1;i=3:2;i=1022:-1;i=1023:0 |
+------------+--------+-------+----------+----------------------------------------------------------------+---------------------------------------------+

[stage08] case parameters
+---------------------------------------------------------------------------------------------+
| parameters                                                                                  |
+---------------------------------------------------------------------------------------------+
| {"dtype":"INT32","elements":"1024","operator":"gauss_spline","order":"2","seed":"87400007"} |
+---------------------------------------------------------------------------------------------+

[stage08] dtype evidence
+-----------------+--------------------+--------------+------------------------------------------------------------------+--------+
| requested_dtype | config_input_dtype | output_dtype | actual_input_digest                                              | status |
+-----------------+--------------------+--------------+------------------------------------------------------------------+--------+
| INT32           | NA                 | INT32        | 509f0044d4332e648fee190e0b89dbf6742586a0708ee72ad42f24cc8603c187 | PASS   |
+-----------------+--------------------+--------------+------------------------------------------------------------------+--------+

[stage08] evidence files
+----------------+-------------------------------------------------------------------------------------------------------------------------------------------------------------------------------------------------------------------------------------------------------------+
| kind           | path                                                                                                                                                                                                                                                        |
+----------------+-------------------------------------------------------------------------------------------------------------------------------------------------------------------------------------------------------------------------------------------------------------+
| probe_raw_json | /tmp/ZKX_dev/results/stage08_input_preview_b08_gauss_spline_bdef73fce32b/formal/20260810T091332Z_bdef73fce32b_stage08_b08_formal_87710007/gauss_spline_probe_raw.json                                                                                       |
| memory_csv     | /tmp/ZKX_dev/results/stage08_input_preview_b08_gauss_spline_bdef73fce32b/formal/20260810T091332Z_bdef73fce32b_stage08_b08_formal_87710007/operator_bsplines_gauss_spline_memory_trace_not_applicable.csv                                                    |
| dtype_csv      | /tmp/ZKX_dev/results/stage08_input_preview_b08_gauss_spline_bdef73fce32b/formal/20260810T091332Z_bdef73fce32b_stage08_b08_formal_87710007/operator_dtype_evidence_gauss_spline_not_applicable_20260810T091332Z_bdef73fce32b_stage08_b08_formal_87710007.csv |
| full_log       | /tmp/ZKX_dev/results/stage08_input_preview_b08_gauss_spline_bdef73fce32b/formal/20260810T091332Z_bdef73fce32b_stage08_b08_formal_87710007/operator_gauss_spline_full.log                                                                                    |
| report_json    | /tmp/ZKX_dev/results/stage08_input_preview_b08_gauss_spline_bdef73fce32b/formal/20260810T091332Z_bdef73fce32b_stage08_b08_formal_87710007/operator_gauss_spline_report.json                                                                                 |
| summary_txt    | /tmp/ZKX_dev/results/stage08_input_preview_b08_gauss_spline_bdef73fce32b/formal/20260810T091332Z_bdef73fce32b_stage08_b08_formal_87710007/operator_gauss_spline_summary.txt                                                                                 |
| main_csv       | /tmp/ZKX_dev/results/stage08_input_preview_b08_gauss_spline_bdef73fce32b/formal/20260810T091332Z_bdef73fce32b_stage08_b08_formal_87710007/operator_main_results_gauss_spline_not_applicable_20260810T091332Z_bdef73fce32b_stage08_b08_formal_87710007.csv   |
| timing_csv     | /tmp/ZKX_dev/results/stage08_input_preview_b08_gauss_spline_bdef73fce32b/formal/20260810T091332Z_bdef73fce32b_stage08_b08_formal_87710007/operator_timing_samples_gauss_spline_not_applicable_20260810T091332Z_bdef73fce32b_stage08_b08_formal_87710007.csv |
+----------------+-------------------------------------------------------------------------------------------------------------------------------------------------------------------------------------------------------------------------------------------------------------+
[stage08-b08-formal] case=7 scale=gauss_spline_int32_10e3 status=completed
[stage08-b08-formal] case=8 scale=gauss_spline_int32_10e4 status=starting
STAGE08_GAUSS_SPLINE_CASE PASS scale=gauss_spline_int32_10e4 dtype=INT32 backend=not_applicable measured=100 results=/tmp/ZKX_dev/results/stage08_input_preview_b08_gauss_spline_bdef73fce32b/formal/20260810T091332Z_bdef73fce32b_stage08_b08_formal_87710008
[stage08] identity and status
+--------------+-------------------------+--------+----------------+-------+--------+----------+--------------------------+--------+------------+
| target       | scale_id                | device | backend        | dtype | warmup | measured | timing_scope             | status | error_code |
+--------------+-------------------------+--------+----------------+-------+--------+----------+--------------------------+--------+------------+
| gauss_spline | gauss_spline_int32_10e4 | CPU    | not_applicable | INT32 | 20     | 100      | compatibility/end-to-end | PASS   | OK         |
| gauss_spline | gauss_spline_int32_10e4 | GPU    | not_applicable | INT32 | 20     | 100      | compatibility/end-to-end | PASS   | OK         |
+--------------+-------------------------+--------+----------------+-------+--------+----------+--------------------------+--------+------------+

[stage08] timing detail
+--------+------------+----------+-----------+---------------------+----------+----------+----------------------+----------------------+-------------------+
| device | mean_ms    | p50_ms   | p95_ms    | p99_ms              | min_ms   | max_ms   | std_ms               | cv                   | speedup           |
+--------+------------+----------+-----------+---------------------+----------+----------+----------------------+----------------------+-------------------+
| CPU    | 0.3345003  | 0.333341 | 0.342502  | 0.34567144000000033 | 0.327695 | 0.41749  | 0.00895626283390567  | 0.026775051723139473 | NA                |
| GPU    | 0.25894133 | 0.252747 | 0.2713875 | 0.35015441000000125 | 0.244962 | 0.589478 | 0.035428939351906934 | 0.13682226530583946  | 1.291799574830329 |
+--------+------------+----------+-----------+---------------------+----------+----------+----------------------+----------------------+-------------------+

[stage08] accuracy detail
+-----------------------------+-----+------+-------------+---------------+-------------+----------------+-----------------------------------------------+--------+
| accuracy_reference          | mse | rmse | relative_l2 | relative_linf | exact_match | mismatch_count | semantic_check                                | status |
+-----------------------------+-----+------+-------------+---------------+-------------+----------------+-----------------------------------------------+--------+
| cpu_gauss_spline_same_dtype | 0   | 0    | 0           | 0             | NA          | NA             | output_count=10000;output_dtype=INT32;order=4 | PASS   |
+-----------------------------+-----+------+-------------+---------------+-------------+----------------+-----------------------------------------------+--------+

[stage08] resource detail
+--------+------------+--------------+-------------+------------+-------------+
| device | metric     | before_bytes | after_bytes | peak_bytes | delta_bytes |
+--------+------------+--------------+-------------+------------+-------------+
| CPU    | cpu_heap   | 1443232      | 1606576     | 1606576    | 163344      |
| CPU    | rss        | 69042176     | 69554176    | 69554176   | 512000      |
| GPU    | cpu_heap   | 1606672      | 1649744     | 1649744    | 43072       |
| GPU    | rss        | 69554176     | 69554176    | 69554176   | 0           |
| GPU    | gpu_memory | 391544832    | 391544832   | 391544832  | 0           |
+--------+------------+--------------+-------------+------------+-------------+

[stage08] input/output identity
+--------+------------------------------------------------------------------+------------------------------------------------------------------+
| device | input_digest                                                     | output_digest                                                    |
+--------+------------------------------------------------------------------+------------------------------------------------------------------+
| CPU    | f382208f07655018665ef7162deaf6825066d7f99811ea02250cb26a5e33b0ae | e7e2dcff542de95352682dc186432e98f0188084896773f1973276b0577d5305 |
| GPU    | f382208f07655018665ef7162deaf6825066d7f99811ea02250cb26a5e33b0ae | e7e2dcff542de95352682dc186432e98f0188084896773f1973276b0577d5305 |
+--------+------------------------------------------------------------------+------------------------------------------------------------------+

[stage08] input content
+------------+---------+-------+----------+----------------------------------------------------------------+-------------------------------------------+
| input_name | shape   | dtype | elements | generator                                                      | values(head4/tail2)                       |
+------------+---------+-------+----------+----------------------------------------------------------------+-------------------------------------------+
| x          | [10000] | INT32 | 10000    | bspline_modular_or_piecewise_ramp(seed=87400008,integral=true) | i=0:0;i=1:1;i=2:2;i=3:3;i=9998:2;i=9999:3 |
+------------+---------+-------+----------+----------------------------------------------------------------+-------------------------------------------+

[stage08] case parameters
+----------------------------------------------------------------------------------------------+
| parameters                                                                                   |
+----------------------------------------------------------------------------------------------+
| {"dtype":"INT32","elements":"10000","operator":"gauss_spline","order":"4","seed":"87400008"} |
+----------------------------------------------------------------------------------------------+

[stage08] dtype evidence
+-----------------+--------------------+--------------+------------------------------------------------------------------+--------+
| requested_dtype | config_input_dtype | output_dtype | actual_input_digest                                              | status |
+-----------------+--------------------+--------------+------------------------------------------------------------------+--------+
| INT32           | NA                 | INT32        | f382208f07655018665ef7162deaf6825066d7f99811ea02250cb26a5e33b0ae | PASS   |
+-----------------+--------------------+--------------+------------------------------------------------------------------+--------+

[stage08] evidence files
+----------------+-------------------------------------------------------------------------------------------------------------------------------------------------------------------------------------------------------------------------------------------------------------+
| kind           | path                                                                                                                                                                                                                                                        |
+----------------+-------------------------------------------------------------------------------------------------------------------------------------------------------------------------------------------------------------------------------------------------------------+
| probe_raw_json | /tmp/ZKX_dev/results/stage08_input_preview_b08_gauss_spline_bdef73fce32b/formal/20260810T091332Z_bdef73fce32b_stage08_b08_formal_87710008/gauss_spline_probe_raw.json                                                                                       |
| memory_csv     | /tmp/ZKX_dev/results/stage08_input_preview_b08_gauss_spline_bdef73fce32b/formal/20260810T091332Z_bdef73fce32b_stage08_b08_formal_87710008/operator_bsplines_gauss_spline_memory_trace_not_applicable.csv                                                    |
| dtype_csv      | /tmp/ZKX_dev/results/stage08_input_preview_b08_gauss_spline_bdef73fce32b/formal/20260810T091332Z_bdef73fce32b_stage08_b08_formal_87710008/operator_dtype_evidence_gauss_spline_not_applicable_20260810T091332Z_bdef73fce32b_stage08_b08_formal_87710008.csv |
| full_log       | /tmp/ZKX_dev/results/stage08_input_preview_b08_gauss_spline_bdef73fce32b/formal/20260810T091332Z_bdef73fce32b_stage08_b08_formal_87710008/operator_gauss_spline_full.log                                                                                    |
| report_json    | /tmp/ZKX_dev/results/stage08_input_preview_b08_gauss_spline_bdef73fce32b/formal/20260810T091332Z_bdef73fce32b_stage08_b08_formal_87710008/operator_gauss_spline_report.json                                                                                 |
| summary_txt    | /tmp/ZKX_dev/results/stage08_input_preview_b08_gauss_spline_bdef73fce32b/formal/20260810T091332Z_bdef73fce32b_stage08_b08_formal_87710008/operator_gauss_spline_summary.txt                                                                                 |
| main_csv       | /tmp/ZKX_dev/results/stage08_input_preview_b08_gauss_spline_bdef73fce32b/formal/20260810T091332Z_bdef73fce32b_stage08_b08_formal_87710008/operator_main_results_gauss_spline_not_applicable_20260810T091332Z_bdef73fce32b_stage08_b08_formal_87710008.csv   |
| timing_csv     | /tmp/ZKX_dev/results/stage08_input_preview_b08_gauss_spline_bdef73fce32b/formal/20260810T091332Z_bdef73fce32b_stage08_b08_formal_87710008/operator_timing_samples_gauss_spline_not_applicable_20260810T091332Z_bdef73fce32b_stage08_b08_formal_87710008.csv |
+----------------+-------------------------------------------------------------------------------------------------------------------------------------------------------------------------------------------------------------------------------------------------------------+
[stage08-b08-formal] case=8 scale=gauss_spline_int32_10e4 status=completed
[stage08-b08-formal] case=9 scale=gauss_spline_int16_10e2 status=starting
STAGE08_GAUSS_SPLINE_CASE PASS scale=gauss_spline_int16_10e2 dtype=INT16 backend=not_applicable measured=100 results=/tmp/ZKX_dev/results/stage08_input_preview_b08_gauss_spline_bdef73fce32b/formal/20260810T091333Z_bdef73fce32b_stage08_b08_formal_87710009
[stage08] identity and status
+--------------+-------------------------+--------+----------------+-------+--------+----------+--------------------------+--------+------------+
| target       | scale_id                | device | backend        | dtype | warmup | measured | timing_scope             | status | error_code |
+--------------+-------------------------+--------+----------------+-------+--------+----------+--------------------------+--------+------------+
| gauss_spline | gauss_spline_int16_10e2 | CPU    | not_applicable | INT16 | 20     | 100      | compatibility/end-to-end | PASS   | OK         |
| gauss_spline | gauss_spline_int16_10e2 | GPU    | not_applicable | INT16 | 20     | 100      | compatibility/end-to-end | PASS   | OK         |
+--------------+-------------------------+--------+----------------+-------+--------+----------+--------------------------+--------+------------+

[stage08] timing detail
+--------+-----------------------+----------+------------+-----------------------+----------+----------+------------------------+----------------------+----------------------+
| device | mean_ms               | p50_ms   | p95_ms     | p99_ms                | min_ms   | max_ms   | std_ms                 | cv                   | speedup              |
+--------+-----------------------+----------+------------+-----------------------+----------+----------+------------------------+----------------------+----------------------+
| CPU    | 0.0038006800000000003 | 0.0038   | 0.00382005 | 0.0038313900000000005 | 0.00376  | 0.00387  | 1.7919754462603603e-05 | 0.004714881143006936 | NA                   |
| GPU    | 0.19858646            | 0.197099 | 0.204541   | 0.23926550000000002   | 0.193419 | 0.242681 | 0.006679709256277552   | 0.033636277399161814 | 0.019138666352177286 |
+--------+-----------------------+----------+------------+-----------------------+----------+----------+------------------------+----------------------+----------------------+

[stage08] accuracy detail
+-----------------------------+-----+------+-------------+---------------+-------------+----------------+---------------------------------------------+--------+
| accuracy_reference          | mse | rmse | relative_l2 | relative_linf | exact_match | mismatch_count | semantic_check                              | status |
+-----------------------------+-----+------+-------------+---------------+-------------+----------------+---------------------------------------------+--------+
| cpu_gauss_spline_same_dtype | 0   | 0    | 0           | 0             | NA          | NA             | output_count=100;output_dtype=INT16;order=0 | PASS   |
+-----------------------------+-----+------+-------------+---------------+-------------+----------------+---------------------------------------------+--------+

[stage08] resource detail
+--------+------------+--------------+-------------+------------+-------------+
| device | metric     | before_bytes | after_bytes | peak_bytes | delta_bytes |
+--------+------------+--------------+-------------+------------+-------------+
| CPU    | cpu_heap   | 1344208      | 1348544     | 1348544    | 4336        |
| CPU    | rss        | 68820992     | 68820992    | 68820992   | 0           |
| GPU    | cpu_heap   | 1348592      | 1351968     | 1351968    | 3376        |
| GPU    | rss        | 68820992     | 68820992    | 68820992   | 0           |
| GPU    | gpu_memory | 391544832    | 391544832   | 391544832  | 0           |
+--------+------------+--------------+-------------+------------+-------------+

[stage08] input/output identity
+--------+------------------------------------------------------------------+------------------------------------------------------------------+
| device | input_digest                                                     | output_digest                                                    |
+--------+------------------------------------------------------------------+------------------------------------------------------------------+
| CPU    | 586ab46a5714cefba87601abe62020afee9d4d5d3e086c18be1823710bbe93bb | 2ac90cda7dd4b84cd47a8ab99126440c40b49045f7282f35fb6231bb30ba6510 |
| GPU    | 586ab46a5714cefba87601abe62020afee9d4d5d3e086c18be1823710bbe93bb | 2ac90cda7dd4b84cd47a8ab99126440c40b49045f7282f35fb6231bb30ba6510 |
+--------+------------------------------------------------------------------+------------------------------------------------------------------+

[stage08] input content
+------------+-------+-------+----------+----------------------------------------------------------------+----------------------------------------+
| input_name | shape | dtype | elements | generator                                                      | values(head4/tail2)                    |
+------------+-------+-------+----------+----------------------------------------------------------------+----------------------------------------+
| x          | [100] | INT16 | 100      | bspline_modular_or_piecewise_ramp(seed=87400009,integral=true) | i=0:1;i=1:2;i=2:3;i=3:-3;i=98:1;i=99:2 |
+------------+-------+-------+----------+----------------------------------------------------------------+----------------------------------------+

[stage08] case parameters
+--------------------------------------------------------------------------------------------+
| parameters                                                                                 |
+--------------------------------------------------------------------------------------------+
| {"dtype":"INT16","elements":"100","operator":"gauss_spline","order":"0","seed":"87400009"} |
+--------------------------------------------------------------------------------------------+

[stage08] dtype evidence
+-----------------+--------------------+--------------+------------------------------------------------------------------+--------+
| requested_dtype | config_input_dtype | output_dtype | actual_input_digest                                              | status |
+-----------------+--------------------+--------------+------------------------------------------------------------------+--------+
| INT16           | NA                 | INT16        | 586ab46a5714cefba87601abe62020afee9d4d5d3e086c18be1823710bbe93bb | PASS   |
+-----------------+--------------------+--------------+------------------------------------------------------------------+--------+

[stage08] evidence files
+----------------+-------------------------------------------------------------------------------------------------------------------------------------------------------------------------------------------------------------------------------------------------------------+
| kind           | path                                                                                                                                                                                                                                                        |
+----------------+-------------------------------------------------------------------------------------------------------------------------------------------------------------------------------------------------------------------------------------------------------------+
| probe_raw_json | /tmp/ZKX_dev/results/stage08_input_preview_b08_gauss_spline_bdef73fce32b/formal/20260810T091333Z_bdef73fce32b_stage08_b08_formal_87710009/gauss_spline_probe_raw.json                                                                                       |
| memory_csv     | /tmp/ZKX_dev/results/stage08_input_preview_b08_gauss_spline_bdef73fce32b/formal/20260810T091333Z_bdef73fce32b_stage08_b08_formal_87710009/operator_bsplines_gauss_spline_memory_trace_not_applicable.csv                                                    |
| dtype_csv      | /tmp/ZKX_dev/results/stage08_input_preview_b08_gauss_spline_bdef73fce32b/formal/20260810T091333Z_bdef73fce32b_stage08_b08_formal_87710009/operator_dtype_evidence_gauss_spline_not_applicable_20260810T091333Z_bdef73fce32b_stage08_b08_formal_87710009.csv |
| full_log       | /tmp/ZKX_dev/results/stage08_input_preview_b08_gauss_spline_bdef73fce32b/formal/20260810T091333Z_bdef73fce32b_stage08_b08_formal_87710009/operator_gauss_spline_full.log                                                                                    |
| report_json    | /tmp/ZKX_dev/results/stage08_input_preview_b08_gauss_spline_bdef73fce32b/formal/20260810T091333Z_bdef73fce32b_stage08_b08_formal_87710009/operator_gauss_spline_report.json                                                                                 |
| summary_txt    | /tmp/ZKX_dev/results/stage08_input_preview_b08_gauss_spline_bdef73fce32b/formal/20260810T091333Z_bdef73fce32b_stage08_b08_formal_87710009/operator_gauss_spline_summary.txt                                                                                 |
| main_csv       | /tmp/ZKX_dev/results/stage08_input_preview_b08_gauss_spline_bdef73fce32b/formal/20260810T091333Z_bdef73fce32b_stage08_b08_formal_87710009/operator_main_results_gauss_spline_not_applicable_20260810T091333Z_bdef73fce32b_stage08_b08_formal_87710009.csv   |
| timing_csv     | /tmp/ZKX_dev/results/stage08_input_preview_b08_gauss_spline_bdef73fce32b/formal/20260810T091333Z_bdef73fce32b_stage08_b08_formal_87710009/operator_timing_samples_gauss_spline_not_applicable_20260810T091333Z_bdef73fce32b_stage08_b08_formal_87710009.csv |
+----------------+-------------------------------------------------------------------------------------------------------------------------------------------------------------------------------------------------------------------------------------------------------------+
[stage08-b08-formal] case=9 scale=gauss_spline_int16_10e2 status=completed
[stage08-b08-formal] case=10 scale=gauss_spline_int16_10e3 status=starting
STAGE08_GAUSS_SPLINE_CASE PASS scale=gauss_spline_int16_10e3 dtype=INT16 backend=not_applicable measured=100 results=/tmp/ZKX_dev/results/stage08_input_preview_b08_gauss_spline_bdef73fce32b/formal/20260810T091333Z_bdef73fce32b_stage08_b08_formal_8771000a
[stage08] identity and status
+--------------+-------------------------+--------+----------------+-------+--------+----------+--------------------------+--------+------------+
| target       | scale_id                | device | backend        | dtype | warmup | measured | timing_scope             | status | error_code |
+--------------+-------------------------+--------+----------------+-------+--------+----------+--------------------------+--------+------------+
| gauss_spline | gauss_spline_int16_10e3 | CPU    | not_applicable | INT16 | 20     | 100      | compatibility/end-to-end | PASS   | OK         |
| gauss_spline | gauss_spline_int16_10e3 | GPU    | not_applicable | INT16 | 20     | 100      | compatibility/end-to-end | PASS   | OK         |
+--------------+-------------------------+--------+----------------+-------+--------+----------+--------------------------+--------+------------+

[stage08] timing detail
+--------+------------+---------------------+------------+---------------------+----------+----------+-----------------------+----------------------+--------------------+
| device | mean_ms    | p50_ms              | p95_ms     | p99_ms              | min_ms   | max_ms   | std_ms                | cv                   | speedup            |
+--------+------------+---------------------+------------+---------------------+----------+----------+-----------------------+----------------------+--------------------+
| CPU    | 0.03685734 | 0.0367715           | 0.036852   | 0.03700191000000005 | 0.036631 | 0.045903 | 0.0009106786284963538 | 0.024708202721529925 | NA                 |
| GPU    | 0.1992805  | 0.19703900000000002 | 0.20694655 | 0.28762613000000026 | 0.188379 | 0.342287 | 0.017698183153928543  | 0.08881041122402113  | 0.1849520650540319 |
+--------+------------+---------------------+------------+---------------------+----------+----------+-----------------------+----------------------+--------------------+

[stage08] accuracy detail
+-----------------------------+-----+------+-------------+---------------+-------------+----------------+----------------------------------------------+--------+
| accuracy_reference          | mse | rmse | relative_l2 | relative_linf | exact_match | mismatch_count | semantic_check                               | status |
+-----------------------------+-----+------+-------------+---------------+-------------+----------------+----------------------------------------------+--------+
| cpu_gauss_spline_same_dtype | 0   | 0    | 0           | 0             | NA          | NA             | output_count=1024;output_dtype=INT16;order=2 | PASS   |
+-----------------------------+-----+------+-------------+---------------+-------------+----------------+----------------------------------------------+--------+

[stage08] resource detail
+--------+------------+--------------+-------------+------------+-------------+
| device | metric     | before_bytes | after_bytes | peak_bytes | delta_bytes |
+--------+------------+--------------+-------------+------------+-------------+
| CPU    | cpu_heap   | 1349824      | 1365456     | 1365456    | 15632       |
| CPU    | rss        | 69083136     | 69083136    | 69083136   | 0           |
| GPU    | cpu_heap   | 1365536      | 1370640     | 1370640    | 5104        |
| GPU    | rss        | 69083136     | 69083136    | 69083136   | 0           |
| GPU    | gpu_memory | 391544832    | 391544832   | 391544832  | 0           |
+--------+------------+--------------+-------------+------------+-------------+

[stage08] input/output identity
+--------+------------------------------------------------------------------+------------------------------------------------------------------+
| device | input_digest                                                     | output_digest                                                    |
+--------+------------------------------------------------------------------+------------------------------------------------------------------+
| CPU    | eb2e095a4adc286650f88f0ecf9642e7e76f7f2c5ea221b983126e7934dfc2c7 | e5a00aa9991ac8a5ee3109844d84a55583bd20572ad3ffcd42792f3c36b183ad |
| GPU    | eb2e095a4adc286650f88f0ecf9642e7e76f7f2c5ea221b983126e7934dfc2c7 | e5a00aa9991ac8a5ee3109844d84a55583bd20572ad3ffcd42792f3c36b183ad |
+--------+------------------------------------------------------------------+------------------------------------------------------------------+

[stage08] input content
+------------+--------+-------+----------+----------------------------------------------------------------+------------------------------------------------+
| input_name | shape  | dtype | elements | generator                                                      | values(head4/tail2)                            |
+------------+--------+-------+----------+----------------------------------------------------------------+------------------------------------------------+
| x          | [1024] | INT16 | 1024     | bspline_modular_or_piecewise_ramp(seed=87400010,integral=true) | i=0:-3;i=1:-2;i=2:-1;i=3:0;i=1022:-3;i=1023:-2 |
+------------+--------+-------+----------+----------------------------------------------------------------+------------------------------------------------+

[stage08] case parameters
+---------------------------------------------------------------------------------------------+
| parameters                                                                                  |
+---------------------------------------------------------------------------------------------+
| {"dtype":"INT16","elements":"1024","operator":"gauss_spline","order":"2","seed":"87400010"} |
+---------------------------------------------------------------------------------------------+

[stage08] dtype evidence
+-----------------+--------------------+--------------+------------------------------------------------------------------+--------+
| requested_dtype | config_input_dtype | output_dtype | actual_input_digest                                              | status |
+-----------------+--------------------+--------------+------------------------------------------------------------------+--------+
| INT16           | NA                 | INT16        | eb2e095a4adc286650f88f0ecf9642e7e76f7f2c5ea221b983126e7934dfc2c7 | PASS   |
+-----------------+--------------------+--------------+------------------------------------------------------------------+--------+

[stage08] evidence files
+----------------+-------------------------------------------------------------------------------------------------------------------------------------------------------------------------------------------------------------------------------------------------------------+
| kind           | path                                                                                                                                                                                                                                                        |
+----------------+-------------------------------------------------------------------------------------------------------------------------------------------------------------------------------------------------------------------------------------------------------------+
| probe_raw_json | /tmp/ZKX_dev/results/stage08_input_preview_b08_gauss_spline_bdef73fce32b/formal/20260810T091333Z_bdef73fce32b_stage08_b08_formal_8771000a/gauss_spline_probe_raw.json                                                                                       |
| memory_csv     | /tmp/ZKX_dev/results/stage08_input_preview_b08_gauss_spline_bdef73fce32b/formal/20260810T091333Z_bdef73fce32b_stage08_b08_formal_8771000a/operator_bsplines_gauss_spline_memory_trace_not_applicable.csv                                                    |
| dtype_csv      | /tmp/ZKX_dev/results/stage08_input_preview_b08_gauss_spline_bdef73fce32b/formal/20260810T091333Z_bdef73fce32b_stage08_b08_formal_8771000a/operator_dtype_evidence_gauss_spline_not_applicable_20260810T091333Z_bdef73fce32b_stage08_b08_formal_8771000a.csv |
| full_log       | /tmp/ZKX_dev/results/stage08_input_preview_b08_gauss_spline_bdef73fce32b/formal/20260810T091333Z_bdef73fce32b_stage08_b08_formal_8771000a/operator_gauss_spline_full.log                                                                                    |
| report_json    | /tmp/ZKX_dev/results/stage08_input_preview_b08_gauss_spline_bdef73fce32b/formal/20260810T091333Z_bdef73fce32b_stage08_b08_formal_8771000a/operator_gauss_spline_report.json                                                                                 |
| summary_txt    | /tmp/ZKX_dev/results/stage08_input_preview_b08_gauss_spline_bdef73fce32b/formal/20260810T091333Z_bdef73fce32b_stage08_b08_formal_8771000a/operator_gauss_spline_summary.txt                                                                                 |
| main_csv       | /tmp/ZKX_dev/results/stage08_input_preview_b08_gauss_spline_bdef73fce32b/formal/20260810T091333Z_bdef73fce32b_stage08_b08_formal_8771000a/operator_main_results_gauss_spline_not_applicable_20260810T091333Z_bdef73fce32b_stage08_b08_formal_8771000a.csv   |
| timing_csv     | /tmp/ZKX_dev/results/stage08_input_preview_b08_gauss_spline_bdef73fce32b/formal/20260810T091333Z_bdef73fce32b_stage08_b08_formal_8771000a/operator_timing_samples_gauss_spline_not_applicable_20260810T091333Z_bdef73fce32b_stage08_b08_formal_8771000a.csv |
+----------------+-------------------------------------------------------------------------------------------------------------------------------------------------------------------------------------------------------------------------------------------------------------+
[stage08-b08-formal] case=10 scale=gauss_spline_int16_10e3 status=completed
[stage08-b08-formal] case=11 scale=gauss_spline_int16_10e4 status=starting
STAGE08_GAUSS_SPLINE_CASE PASS scale=gauss_spline_int16_10e4 dtype=INT16 backend=not_applicable measured=100 results=/tmp/ZKX_dev/results/stage08_input_preview_b08_gauss_spline_bdef73fce32b/formal/20260810T091333Z_bdef73fce32b_stage08_b08_formal_8771000b
[stage08] identity and status
+--------------+-------------------------+--------+----------------+-------+--------+----------+--------------------------+--------+------------+
| target       | scale_id                | device | backend        | dtype | warmup | measured | timing_scope             | status | error_code |
+--------------+-------------------------+--------+----------------+-------+--------+----------+--------------------------+--------+------------+
| gauss_spline | gauss_spline_int16_10e4 | CPU    | not_applicable | INT16 | 20     | 100      | compatibility/end-to-end | PASS   | OK         |
| gauss_spline | gauss_spline_int16_10e4 | GPU    | not_applicable | INT16 | 20     | 100      | compatibility/end-to-end | PASS   | OK         |
+--------------+-------------------------+--------+----------------+-------+--------+----------+--------------------------+--------+------------+

[stage08] timing detail
+--------+---------------------+-----------+------------+--------------------+----------+----------+-----------------------+----------------------+--------------------+
| device | mean_ms             | p50_ms    | p95_ms     | p99_ms             | min_ms   | max_ms   | std_ms                | cv                   | speedup            |
+--------+---------------------+-----------+------------+--------------------+----------+----------+-----------------------+----------------------+--------------------+
| CPU    | 0.35651553          | 0.355727  | 0.36528    | 0.3674322100000001 | 0.354316 | 0.376858 | 0.0034024994414547705 | 0.009543762207090306 | NA                 |
| GPU    | 0.24139289000000003 | 0.2393665 | 0.25910845 | 0.26591291         | 0.236361 | 0.266003 | 0.006348190754687511  | 0.02629816791491875  | 1.4769098211633325 |
+--------+---------------------+-----------+------------+--------------------+----------+----------+-----------------------+----------------------+--------------------+

[stage08] accuracy detail
+-----------------------------+-----+------+-------------+---------------+-------------+----------------+-----------------------------------------------+--------+
| accuracy_reference          | mse | rmse | relative_l2 | relative_linf | exact_match | mismatch_count | semantic_check                                | status |
+-----------------------------+-----+------+-------------+---------------+-------------+----------------+-----------------------------------------------+--------+
| cpu_gauss_spline_same_dtype | 0   | 0    | 0           | 0             | NA          | NA             | output_count=10000;output_dtype=INT16;order=4 | PASS   |
+-----------------------------+-----+------+-------------+---------------+-------------+----------------+-----------------------------------------------+--------+

[stage08] resource detail
+--------+------------+--------------+-------------+------------+-------------+
| device | metric     | before_bytes | after_bytes | peak_bytes | delta_bytes |
+--------+------------+--------------+-------------+------------+-------------+
| CPU    | cpu_heap   | 1383312      | 1506704     | 1506704    | 123392      |
| CPU    | rss        | 69099520     | 69099520    | 69099520   | 0           |
| GPU    | cpu_heap   | 1506704      | 1529648     | 1529648    | 22944       |
| GPU    | rss        | 69099520     | 69099520    | 69099520   | 0           |
| GPU    | gpu_memory | 391544832    | 391544832   | 391544832  | 0           |
+--------+------------+--------------+-------------+------------+-------------+

[stage08] input/output identity
+--------+------------------------------------------------------------------+------------------------------------------------------------------+
| device | input_digest                                                     | output_digest                                                    |
+--------+------------------------------------------------------------------+------------------------------------------------------------------+
| CPU    | 1d647ad8407d857691535625a078bc619a087e768c841556a21bec9dfa2e97ba | 28b4f41a7f3ee6d8cc87272db6e09c6d3566551fd4d18702b041a21658272a85 |
| GPU    | 1d647ad8407d857691535625a078bc619a087e768c841556a21bec9dfa2e97ba | 28b4f41a7f3ee6d8cc87272db6e09c6d3566551fd4d18702b041a21658272a85 |
+--------+------------------------------------------------------------------+------------------------------------------------------------------+

[stage08] input content
+------------+---------+-------+----------+----------------------------------------------------------------+---------------------------------------------+
| input_name | shape   | dtype | elements | generator                                                      | values(head4/tail2)                         |
+------------+---------+-------+----------+----------------------------------------------------------------+---------------------------------------------+
| x          | [10000] | INT16 | 10000    | bspline_modular_or_piecewise_ramp(seed=87400011,integral=true) | i=0:-2;i=1:-1;i=2:0;i=3:1;i=9998:0;i=9999:1 |
+------------+---------+-------+----------+----------------------------------------------------------------+---------------------------------------------+

[stage08] case parameters
+----------------------------------------------------------------------------------------------+
| parameters                                                                                   |
+----------------------------------------------------------------------------------------------+
| {"dtype":"INT16","elements":"10000","operator":"gauss_spline","order":"4","seed":"87400011"} |
+----------------------------------------------------------------------------------------------+

[stage08] dtype evidence
+-----------------+--------------------+--------------+------------------------------------------------------------------+--------+
| requested_dtype | config_input_dtype | output_dtype | actual_input_digest                                              | status |
+-----------------+--------------------+--------------+------------------------------------------------------------------+--------+
| INT16           | NA                 | INT16        | 1d647ad8407d857691535625a078bc619a087e768c841556a21bec9dfa2e97ba | PASS   |
+-----------------+--------------------+--------------+------------------------------------------------------------------+--------+

[stage08] evidence files
+----------------+-------------------------------------------------------------------------------------------------------------------------------------------------------------------------------------------------------------------------------------------------------------+
| kind           | path                                                                                                                                                                                                                                                        |
+----------------+-------------------------------------------------------------------------------------------------------------------------------------------------------------------------------------------------------------------------------------------------------------+
| probe_raw_json | /tmp/ZKX_dev/results/stage08_input_preview_b08_gauss_spline_bdef73fce32b/formal/20260810T091333Z_bdef73fce32b_stage08_b08_formal_8771000b/gauss_spline_probe_raw.json                                                                                       |
| memory_csv     | /tmp/ZKX_dev/results/stage08_input_preview_b08_gauss_spline_bdef73fce32b/formal/20260810T091333Z_bdef73fce32b_stage08_b08_formal_8771000b/operator_bsplines_gauss_spline_memory_trace_not_applicable.csv                                                    |
| dtype_csv      | /tmp/ZKX_dev/results/stage08_input_preview_b08_gauss_spline_bdef73fce32b/formal/20260810T091333Z_bdef73fce32b_stage08_b08_formal_8771000b/operator_dtype_evidence_gauss_spline_not_applicable_20260810T091333Z_bdef73fce32b_stage08_b08_formal_8771000b.csv |
| full_log       | /tmp/ZKX_dev/results/stage08_input_preview_b08_gauss_spline_bdef73fce32b/formal/20260810T091333Z_bdef73fce32b_stage08_b08_formal_8771000b/operator_gauss_spline_full.log                                                                                    |
| report_json    | /tmp/ZKX_dev/results/stage08_input_preview_b08_gauss_spline_bdef73fce32b/formal/20260810T091333Z_bdef73fce32b_stage08_b08_formal_8771000b/operator_gauss_spline_report.json                                                                                 |
| summary_txt    | /tmp/ZKX_dev/results/stage08_input_preview_b08_gauss_spline_bdef73fce32b/formal/20260810T091333Z_bdef73fce32b_stage08_b08_formal_8771000b/operator_gauss_spline_summary.txt                                                                                 |
| main_csv       | /tmp/ZKX_dev/results/stage08_input_preview_b08_gauss_spline_bdef73fce32b/formal/20260810T091333Z_bdef73fce32b_stage08_b08_formal_8771000b/operator_main_results_gauss_spline_not_applicable_20260810T091333Z_bdef73fce32b_stage08_b08_formal_8771000b.csv   |
| timing_csv     | /tmp/ZKX_dev/results/stage08_input_preview_b08_gauss_spline_bdef73fce32b/formal/20260810T091333Z_bdef73fce32b_stage08_b08_formal_8771000b/operator_timing_samples_gauss_spline_not_applicable_20260810T091333Z_bdef73fce32b_stage08_b08_formal_8771000b.csv |
+----------------+-------------------------------------------------------------------------------------------------------------------------------------------------------------------------------------------------------------------------------------------------------------+
[stage08-b08-formal] case=11 scale=gauss_spline_int16_10e4 status=completed
[stage08-b08-formal] case=12 scale=gauss_spline_int8_10e2 status=starting
STAGE08_GAUSS_SPLINE_CASE PASS scale=gauss_spline_int8_10e2 dtype=INT8 backend=not_applicable measured=100 results=/tmp/ZKX_dev/results/stage08_input_preview_b08_gauss_spline_bdef73fce32b/formal/20260810T091333Z_bdef73fce32b_stage08_b08_formal_8771000c
[stage08] identity and status
+--------------+------------------------+--------+----------------+-------+--------+----------+--------------------------+--------+------------+
| target       | scale_id               | device | backend        | dtype | warmup | measured | timing_scope             | status | error_code |
+--------------+------------------------+--------+----------------+-------+--------+----------+--------------------------+--------+------------+
| gauss_spline | gauss_spline_int8_10e2 | CPU    | not_applicable | INT8  | 20     | 100      | compatibility/end-to-end | PASS   | OK         |
| gauss_spline | gauss_spline_int8_10e2 | GPU    | not_applicable | INT8  | 20     | 100      | compatibility/end-to-end | PASS   | OK         |
+--------------+------------------------+--------+----------------+-------+--------+----------+--------------------------+--------+------------+

[stage08] timing detail
+--------+-----------------------+-----------+--------------------+-----------------------+----------+----------+------------------------+----------------------+----------------------+
| device | mean_ms               | p50_ms    | p95_ms             | p99_ms                | min_ms   | max_ms   | std_ms                 | cv                   | speedup              |
+--------+-----------------------+-----------+--------------------+-----------------------+----------+----------+------------------------+----------------------+----------------------+
| CPU    | 0.0035512700000000005 | 0.00355   | 0.00359            | 0.0036100999999999998 | 0.00349  | 0.00362  | 2.2872627745844944e-05 | 0.006440689597199014 | NA                   |
| GPU    | 0.20112781999999998   | 0.1918395 | 0.2505485499999999 | 0.3351927700000008    | 0.186059 | 0.490303 | 0.0365508919284824     | 0.18172966787231323  | 0.017656781642638997 |
+--------+-----------------------+-----------+--------------------+-----------------------+----------+----------+------------------------+----------------------+----------------------+

[stage08] accuracy detail
+-----------------------------+-----+------+-------------+---------------+-------------+----------------+--------------------------------------------+--------+
| accuracy_reference          | mse | rmse | relative_l2 | relative_linf | exact_match | mismatch_count | semantic_check                             | status |
+-----------------------------+-----+------+-------------+---------------+-------------+----------------+--------------------------------------------+--------+
| cpu_gauss_spline_same_dtype | 0   | 0    | 0           | 0             | NA          | NA             | output_count=100;output_dtype=INT8;order=0 | PASS   |
+-----------------------------+-----+------+-------------+---------------+-------------+----------------+--------------------------------------------+--------+

[stage08] resource detail
+--------+------------+--------------+-------------+------------+-------------+
| device | metric     | before_bytes | after_bytes | peak_bytes | delta_bytes |
+--------+------------+--------------+-------------+------------+-------------+
| CPU    | cpu_heap   | 1344112      | 1348208     | 1348208    | 4096        |
| CPU    | rss        | 69304320     | 69304320    | 69304320   | 0           |
| GPU    | cpu_heap   | 1348304      | 1351520     | 1351520    | 3216        |
| GPU    | rss        | 69304320     | 69304320    | 69304320   | 0           |
| GPU    | gpu_memory | 391544832    | 391544832   | 391544832  | 0           |
+--------+------------+--------------+-------------+------------+-------------+

[stage08] input/output identity
+--------+------------------------------------------------------------------+------------------------------------------------------------------+
| device | input_digest                                                     | output_digest                                                    |
+--------+------------------------------------------------------------------+------------------------------------------------------------------+
| CPU    | ba73a6649ec32f4683d3f2a706272c2e9a251454d664381ad0b086ac8cc572b4 | e74a2888657708b679dcb8fd977e404452fb82655e53f924e847b9d5176831d4 |
| GPU    | ba73a6649ec32f4683d3f2a706272c2e9a251454d664381ad0b086ac8cc572b4 | e74a2888657708b679dcb8fd977e404452fb82655e53f924e847b9d5176831d4 |
+--------+------------------------------------------------------------------+------------------------------------------------------------------+

[stage08] input content
+------------+-------+-------+----------+----------------------------------------------------------------+-----------------------------------------+
| input_name | shape | dtype | elements | generator                                                      | values(head4/tail2)                     |
+------------+-------+-------+----------+----------------------------------------------------------------+-----------------------------------------+
| x          | [100] | INT8  | 100      | bspline_modular_or_piecewise_ramp(seed=87400012,integral=true) | i=0:-1;i=1:0;i=2:1;i=3:2;i=98:-1;i=99:0 |
+------------+-------+-------+----------+----------------------------------------------------------------+-----------------------------------------+

[stage08] case parameters
+-------------------------------------------------------------------------------------------+
| parameters                                                                                |
+-------------------------------------------------------------------------------------------+
| {"dtype":"INT8","elements":"100","operator":"gauss_spline","order":"0","seed":"87400012"} |
+-------------------------------------------------------------------------------------------+

[stage08] dtype evidence
+-----------------+--------------------+--------------+------------------------------------------------------------------+--------+
| requested_dtype | config_input_dtype | output_dtype | actual_input_digest                                              | status |
+-----------------+--------------------+--------------+------------------------------------------------------------------+--------+
| INT8            | NA                 | INT8         | ba73a6649ec32f4683d3f2a706272c2e9a251454d664381ad0b086ac8cc572b4 | PASS   |
+-----------------+--------------------+--------------+------------------------------------------------------------------+--------+

[stage08] evidence files
+----------------+-------------------------------------------------------------------------------------------------------------------------------------------------------------------------------------------------------------------------------------------------------------+
| kind           | path                                                                                                                                                                                                                                                        |
+----------------+-------------------------------------------------------------------------------------------------------------------------------------------------------------------------------------------------------------------------------------------------------------+
| probe_raw_json | /tmp/ZKX_dev/results/stage08_input_preview_b08_gauss_spline_bdef73fce32b/formal/20260810T091333Z_bdef73fce32b_stage08_b08_formal_8771000c/gauss_spline_probe_raw.json                                                                                       |
| memory_csv     | /tmp/ZKX_dev/results/stage08_input_preview_b08_gauss_spline_bdef73fce32b/formal/20260810T091333Z_bdef73fce32b_stage08_b08_formal_8771000c/operator_bsplines_gauss_spline_memory_trace_not_applicable.csv                                                    |
| dtype_csv      | /tmp/ZKX_dev/results/stage08_input_preview_b08_gauss_spline_bdef73fce32b/formal/20260810T091333Z_bdef73fce32b_stage08_b08_formal_8771000c/operator_dtype_evidence_gauss_spline_not_applicable_20260810T091333Z_bdef73fce32b_stage08_b08_formal_8771000c.csv |
| full_log       | /tmp/ZKX_dev/results/stage08_input_preview_b08_gauss_spline_bdef73fce32b/formal/20260810T091333Z_bdef73fce32b_stage08_b08_formal_8771000c/operator_gauss_spline_full.log                                                                                    |
| report_json    | /tmp/ZKX_dev/results/stage08_input_preview_b08_gauss_spline_bdef73fce32b/formal/20260810T091333Z_bdef73fce32b_stage08_b08_formal_8771000c/operator_gauss_spline_report.json                                                                                 |
| summary_txt    | /tmp/ZKX_dev/results/stage08_input_preview_b08_gauss_spline_bdef73fce32b/formal/20260810T091333Z_bdef73fce32b_stage08_b08_formal_8771000c/operator_gauss_spline_summary.txt                                                                                 |
| main_csv       | /tmp/ZKX_dev/results/stage08_input_preview_b08_gauss_spline_bdef73fce32b/formal/20260810T091333Z_bdef73fce32b_stage08_b08_formal_8771000c/operator_main_results_gauss_spline_not_applicable_20260810T091333Z_bdef73fce32b_stage08_b08_formal_8771000c.csv   |
| timing_csv     | /tmp/ZKX_dev/results/stage08_input_preview_b08_gauss_spline_bdef73fce32b/formal/20260810T091333Z_bdef73fce32b_stage08_b08_formal_8771000c/operator_timing_samples_gauss_spline_not_applicable_20260810T091333Z_bdef73fce32b_stage08_b08_formal_8771000c.csv |
+----------------+-------------------------------------------------------------------------------------------------------------------------------------------------------------------------------------------------------------------------------------------------------------+
[stage08-b08-formal] case=12 scale=gauss_spline_int8_10e2 status=completed
[stage08-b08-formal] case=13 scale=gauss_spline_int8_10e3 status=starting
STAGE08_GAUSS_SPLINE_CASE PASS scale=gauss_spline_int8_10e3 dtype=INT8 backend=not_applicable measured=100 results=/tmp/ZKX_dev/results/stage08_input_preview_b08_gauss_spline_bdef73fce32b/formal/20260810T091333Z_bdef73fce32b_stage08_b08_formal_8771000d
[stage08] identity and status
+--------------+------------------------+--------+----------------+-------+--------+----------+--------------------------+--------+------------+
| target       | scale_id               | device | backend        | dtype | warmup | measured | timing_scope             | status | error_code |
+--------------+------------------------+--------+----------------+-------+--------+----------+--------------------------+--------+------------+
| gauss_spline | gauss_spline_int8_10e3 | CPU    | not_applicable | INT8  | 20     | 100      | compatibility/end-to-end | PASS   | OK         |
| gauss_spline | gauss_spline_int8_10e3 | GPU    | not_applicable | INT8  | 20     | 100      | compatibility/end-to-end | PASS   | OK         |
+--------------+------------------------+--------+----------------+-------+--------+----------+--------------------------+--------+------------+

[stage08] timing detail
+--------+------------+----------+---------------------+----------------------+----------+----------+----------------------+---------------------+---------------------+
| device | mean_ms    | p50_ms   | p95_ms              | p99_ms               | min_ms   | max_ms   | std_ms               | cv                  | speedup             |
+--------+------------+----------+---------------------+----------------------+----------+----------+----------------------+---------------------+---------------------+
| CPU    | 0.03419382 | 0.034072 | 0.0342535           | 0.034432010000000055 | 0.033892 | 0.045323 | 0.00112182524824502  | 0.0328078362769945  | NA                  |
| GPU    | 0.20674975 | 0.199359 | 0.24235704999999994 | 0.29174642000000134  | 0.192189 | 0.548396 | 0.037589390105819756 | 0.18181105469689687 | 0.16538747930771378 |
+--------+------------+----------+---------------------+----------------------+----------+----------+----------------------+---------------------+---------------------+

[stage08] accuracy detail
+-----------------------------+-----+------+-------------+---------------+-------------+----------------+---------------------------------------------+--------+
| accuracy_reference          | mse | rmse | relative_l2 | relative_linf | exact_match | mismatch_count | semantic_check                              | status |
+-----------------------------+-----+------+-------------+---------------+-------------+----------------+---------------------------------------------+--------+
| cpu_gauss_spline_same_dtype | 0   | 0    | 0           | 0             | NA          | NA             | output_count=1024;output_dtype=INT8;order=2 | PASS   |
+-----------------------------+-----+------+-------------+---------------+-------------+----------------+---------------------------------------------+--------+

[stage08] resource detail
+--------+------------+--------------+-------------+------------+-------------+
| device | metric     | before_bytes | after_bytes | peak_bytes | delta_bytes |
+--------+------------+--------------+-------------+------------+-------------+
| CPU    | cpu_heap   | 1347792      | 1360336     | 1360336    | 12544       |
| CPU    | rss        | 68968448     | 68968448    | 68968448   | 0           |
| GPU    | cpu_heap   | 1360416      | 1364432     | 1364432    | 4016        |
| GPU    | rss        | 68968448     | 68968448    | 68968448   | 0           |
| GPU    | gpu_memory | 391544832    | 391544832   | 391544832  | 0           |
+--------+------------+--------------+-------------+------------+-------------+

[stage08] input/output identity
+--------+------------------------------------------------------------------+------------------------------------------------------------------+
| device | input_digest                                                     | output_digest                                                    |
+--------+------------------------------------------------------------------+------------------------------------------------------------------+
| CPU    | 1948b336418b2c1776d3f4d319a4cf5aa4689f866ae5891ec9417516e733f285 | 5f70bf18a086007016e948b04aed3b82103a36bea41755b6cddfaf10ace3c6ef |
| GPU    | 1948b336418b2c1776d3f4d319a4cf5aa4689f866ae5891ec9417516e733f285 | 5f70bf18a086007016e948b04aed3b82103a36bea41755b6cddfaf10ace3c6ef |
+--------+------------------------------------------------------------------+------------------------------------------------------------------+

[stage08] input content
+------------+--------+-------+----------+----------------------------------------------------------------+-------------------------------------------+
| input_name | shape  | dtype | elements | generator                                                      | values(head4/tail2)                       |
+------------+--------+-------+----------+----------------------------------------------------------------+-------------------------------------------+
| x          | [1024] | INT8  | 1024     | bspline_modular_or_piecewise_ramp(seed=87400013,integral=true) | i=0:0;i=1:1;i=2:2;i=3:3;i=1022:0;i=1023:1 |
+------------+--------+-------+----------+----------------------------------------------------------------+-------------------------------------------+

[stage08] case parameters
+--------------------------------------------------------------------------------------------+
| parameters                                                                                 |
+--------------------------------------------------------------------------------------------+
| {"dtype":"INT8","elements":"1024","operator":"gauss_spline","order":"2","seed":"87400013"} |
+--------------------------------------------------------------------------------------------+

[stage08] dtype evidence
+-----------------+--------------------+--------------+------------------------------------------------------------------+--------+
| requested_dtype | config_input_dtype | output_dtype | actual_input_digest                                              | status |
+-----------------+--------------------+--------------+------------------------------------------------------------------+--------+
| INT8            | NA                 | INT8         | 1948b336418b2c1776d3f4d319a4cf5aa4689f866ae5891ec9417516e733f285 | PASS   |
+-----------------+--------------------+--------------+------------------------------------------------------------------+--------+

[stage08] evidence files
+----------------+-------------------------------------------------------------------------------------------------------------------------------------------------------------------------------------------------------------------------------------------------------------+
| kind           | path                                                                                                                                                                                                                                                        |
+----------------+-------------------------------------------------------------------------------------------------------------------------------------------------------------------------------------------------------------------------------------------------------------+
| probe_raw_json | /tmp/ZKX_dev/results/stage08_input_preview_b08_gauss_spline_bdef73fce32b/formal/20260810T091333Z_bdef73fce32b_stage08_b08_formal_8771000d/gauss_spline_probe_raw.json                                                                                       |
| memory_csv     | /tmp/ZKX_dev/results/stage08_input_preview_b08_gauss_spline_bdef73fce32b/formal/20260810T091333Z_bdef73fce32b_stage08_b08_formal_8771000d/operator_bsplines_gauss_spline_memory_trace_not_applicable.csv                                                    |
| dtype_csv      | /tmp/ZKX_dev/results/stage08_input_preview_b08_gauss_spline_bdef73fce32b/formal/20260810T091333Z_bdef73fce32b_stage08_b08_formal_8771000d/operator_dtype_evidence_gauss_spline_not_applicable_20260810T091333Z_bdef73fce32b_stage08_b08_formal_8771000d.csv |
| full_log       | /tmp/ZKX_dev/results/stage08_input_preview_b08_gauss_spline_bdef73fce32b/formal/20260810T091333Z_bdef73fce32b_stage08_b08_formal_8771000d/operator_gauss_spline_full.log                                                                                    |
| report_json    | /tmp/ZKX_dev/results/stage08_input_preview_b08_gauss_spline_bdef73fce32b/formal/20260810T091333Z_bdef73fce32b_stage08_b08_formal_8771000d/operator_gauss_spline_report.json                                                                                 |
| summary_txt    | /tmp/ZKX_dev/results/stage08_input_preview_b08_gauss_spline_bdef73fce32b/formal/20260810T091333Z_bdef73fce32b_stage08_b08_formal_8771000d/operator_gauss_spline_summary.txt                                                                                 |
| main_csv       | /tmp/ZKX_dev/results/stage08_input_preview_b08_gauss_spline_bdef73fce32b/formal/20260810T091333Z_bdef73fce32b_stage08_b08_formal_8771000d/operator_main_results_gauss_spline_not_applicable_20260810T091333Z_bdef73fce32b_stage08_b08_formal_8771000d.csv   |
| timing_csv     | /tmp/ZKX_dev/results/stage08_input_preview_b08_gauss_spline_bdef73fce32b/formal/20260810T091333Z_bdef73fce32b_stage08_b08_formal_8771000d/operator_timing_samples_gauss_spline_not_applicable_20260810T091333Z_bdef73fce32b_stage08_b08_formal_8771000d.csv |
+----------------+-------------------------------------------------------------------------------------------------------------------------------------------------------------------------------------------------------------------------------------------------------------+
[stage08-b08-formal] case=13 scale=gauss_spline_int8_10e3 status=completed
[stage08-b08-formal] case=14 scale=gauss_spline_int8_10e4 status=starting
STAGE08_GAUSS_SPLINE_CASE PASS scale=gauss_spline_int8_10e4 dtype=INT8 backend=not_applicable measured=100 results=/tmp/ZKX_dev/results/stage08_input_preview_b08_gauss_spline_bdef73fce32b/formal/20260810T091333Z_bdef73fce32b_stage08_b08_formal_8771000e
[stage08] identity and status
+--------------+------------------------+--------+----------------+-------+--------+----------+--------------------------+--------+------------+
| target       | scale_id               | device | backend        | dtype | warmup | measured | timing_scope             | status | error_code |
+--------------+------------------------+--------+----------------+-------+--------+----------+--------------------------+--------+------------+
| gauss_spline | gauss_spline_int8_10e4 | CPU    | not_applicable | INT8  | 20     | 100      | compatibility/end-to-end | PASS   | OK         |
| gauss_spline | gauss_spline_int8_10e4 | GPU    | not_applicable | INT8  | 20     | 100      | compatibility/end-to-end | PASS   | OK         |
+--------------+------------------------+--------+----------------+-------+--------+----------+--------------------------+--------+------------+

[stage08] timing detail
+--------+------------+---------------------+----------+--------------------+----------+---------+----------------------+----------------------+-------------------+
| device | mean_ms    | p50_ms              | p95_ms   | p99_ms             | min_ms   | max_ms  | std_ms               | cv                   | speedup           |
+--------+------------+---------------------+----------+--------------------+----------+---------+----------------------+----------------------+-------------------+
| CPU    | 0.3309223  | 0.3291555           | 0.338194 | 0.3478084400000004 | 0.328165 | 0.41933 | 0.009386931230705803 | 0.028365967572163624 | NA                |
| GPU    | 0.20998402 | 0.20709450000000001 | 0.217807 | 0.2687075700000008 | 0.193289 | 0.42162 | 0.023668032030982212 | 0.11271349139321274  | 1.575940397750267 |
+--------+------------+---------------------+----------+--------------------+----------+---------+----------------------+----------------------+-------------------+

[stage08] accuracy detail
+-----------------------------+-----+------+-------------+---------------+-------------+----------------+----------------------------------------------+--------+
| accuracy_reference          | mse | rmse | relative_l2 | relative_linf | exact_match | mismatch_count | semantic_check                               | status |
+-----------------------------+-----+------+-------------+---------------+-------------+----------------+----------------------------------------------+--------+
| cpu_gauss_spline_same_dtype | 0   | 0    | 0           | 0             | NA          | NA             | output_count=10000;output_dtype=INT8;order=4 | PASS   |
+-----------------------------+-----+------+-------------+---------------+-------------+----------------+----------------------------------------------+--------+

[stage08] resource detail
+--------+------------+--------------+-------------+------------+-------------+
| device | metric     | before_bytes | after_bytes | peak_bytes | delta_bytes |
+--------+------------+--------------+-------------+------------+-------------+
| CPU    | cpu_heap   | 1353104      | 1456464     | 1456464    | 103360      |
| CPU    | rss        | 69070848     | 69070848    | 69070848   | 0           |
| GPU    | cpu_heap   | 1456512      | 1469712     | 1469712    | 13200       |
| GPU    | rss        | 69070848     | 69070848    | 69070848   | 0           |
| GPU    | gpu_memory | 391544832    | 391544832   | 391544832  | 0           |
+--------+------------+--------------+-------------+------------+-------------+

[stage08] input/output identity
+--------+------------------------------------------------------------------+------------------------------------------------------------------+
| device | input_digest                                                     | output_digest                                                    |
+--------+------------------------------------------------------------------+------------------------------------------------------------------+
| CPU    | 2affffb25b04a7d798f755aee2a9ae4a521e6f6979c2550ed49c492acc867427 | 95b532cc4381affdff0d956e12520a04129ed49d37e154228368fe5621f0b9a2 |
| GPU    | 2affffb25b04a7d798f755aee2a9ae4a521e6f6979c2550ed49c492acc867427 | 95b532cc4381affdff0d956e12520a04129ed49d37e154228368fe5621f0b9a2 |
+--------+------------------------------------------------------------------+------------------------------------------------------------------+

[stage08] input content
+------------+---------+-------+----------+----------------------------------------------------------------+---------------------------------------------+
| input_name | shape   | dtype | elements | generator                                                      | values(head4/tail2)                         |
+------------+---------+-------+----------+----------------------------------------------------------------+---------------------------------------------+
| x          | [10000] | INT8  | 10000    | bspline_modular_or_piecewise_ramp(seed=87400014,integral=true) | i=0:1;i=1:2;i=2:3;i=3:-3;i=9998:3;i=9999:-3 |
+------------+---------+-------+----------+----------------------------------------------------------------+---------------------------------------------+

[stage08] case parameters
+---------------------------------------------------------------------------------------------+
| parameters                                                                                  |
+---------------------------------------------------------------------------------------------+
| {"dtype":"INT8","elements":"10000","operator":"gauss_spline","order":"4","seed":"87400014"} |
+---------------------------------------------------------------------------------------------+

[stage08] dtype evidence
+-----------------+--------------------+--------------+------------------------------------------------------------------+--------+
| requested_dtype | config_input_dtype | output_dtype | actual_input_digest                                              | status |
+-----------------+--------------------+--------------+------------------------------------------------------------------+--------+
| INT8            | NA                 | INT8         | 2affffb25b04a7d798f755aee2a9ae4a521e6f6979c2550ed49c492acc867427 | PASS   |
+-----------------+--------------------+--------------+------------------------------------------------------------------+--------+

[stage08] evidence files
+----------------+-------------------------------------------------------------------------------------------------------------------------------------------------------------------------------------------------------------------------------------------------------------+
| kind           | path                                                                                                                                                                                                                                                        |
+----------------+-------------------------------------------------------------------------------------------------------------------------------------------------------------------------------------------------------------------------------------------------------------+
| probe_raw_json | /tmp/ZKX_dev/results/stage08_input_preview_b08_gauss_spline_bdef73fce32b/formal/20260810T091333Z_bdef73fce32b_stage08_b08_formal_8771000e/gauss_spline_probe_raw.json                                                                                       |
| memory_csv     | /tmp/ZKX_dev/results/stage08_input_preview_b08_gauss_spline_bdef73fce32b/formal/20260810T091333Z_bdef73fce32b_stage08_b08_formal_8771000e/operator_bsplines_gauss_spline_memory_trace_not_applicable.csv                                                    |
| dtype_csv      | /tmp/ZKX_dev/results/stage08_input_preview_b08_gauss_spline_bdef73fce32b/formal/20260810T091333Z_bdef73fce32b_stage08_b08_formal_8771000e/operator_dtype_evidence_gauss_spline_not_applicable_20260810T091333Z_bdef73fce32b_stage08_b08_formal_8771000e.csv |
| full_log       | /tmp/ZKX_dev/results/stage08_input_preview_b08_gauss_spline_bdef73fce32b/formal/20260810T091333Z_bdef73fce32b_stage08_b08_formal_8771000e/operator_gauss_spline_full.log                                                                                    |
| report_json    | /tmp/ZKX_dev/results/stage08_input_preview_b08_gauss_spline_bdef73fce32b/formal/20260810T091333Z_bdef73fce32b_stage08_b08_formal_8771000e/operator_gauss_spline_report.json                                                                                 |
| summary_txt    | /tmp/ZKX_dev/results/stage08_input_preview_b08_gauss_spline_bdef73fce32b/formal/20260810T091333Z_bdef73fce32b_stage08_b08_formal_8771000e/operator_gauss_spline_summary.txt                                                                                 |
| main_csv       | /tmp/ZKX_dev/results/stage08_input_preview_b08_gauss_spline_bdef73fce32b/formal/20260810T091333Z_bdef73fce32b_stage08_b08_formal_8771000e/operator_main_results_gauss_spline_not_applicable_20260810T091333Z_bdef73fce32b_stage08_b08_formal_8771000e.csv   |
| timing_csv     | /tmp/ZKX_dev/results/stage08_input_preview_b08_gauss_spline_bdef73fce32b/formal/20260810T091333Z_bdef73fce32b_stage08_b08_formal_8771000e/operator_timing_samples_gauss_spline_not_applicable_20260810T091333Z_bdef73fce32b_stage08_b08_formal_8771000e.csv |
+----------------+-------------------------------------------------------------------------------------------------------------------------------------------------------------------------------------------------------------------------------------------------------------+
[stage08-b08-formal] case=14 scale=gauss_spline_int8_10e4 status=completed
[stage08-b08-formal] cases=15 status=completed
