schema_version,run_id,run_type,test_time_utc,git_commit,git_dirty,config_id,config_sha256,target_kind,target,task_name,step_name,operator_name,case_id,scale_id,order_of_magnitude,actual_elements,input_shape,dtype,device,backend,timing_scope,status,error_code,warmup_runs,measured_runs,sample_index,latency_ms,synchronized,input_digest,output_digest
1,20260809T093912Z_35406beea576_stage08_b03_formal_8333f001,formal,20260809T093912Z,35406beea576a85fdcc10a9245ada0c9f5adf195,true,stage08_b03_resample_scales_v1,0347a2580c7ee0fef01dbfe0f556ec49b8c9a54903507c9b87aab0765fe1d5e1,operator,resample,NA,NA,resample,resample__resample_fp32_10e3__ec3ac263d453ce8f,resample_fp32_10e3,10^3,1024,x=[32x32],FP32,CPU,fft_thrust,compatibility/end-to-end,PASS,OK,20,100,0,3.077537,true,ec3ac263d453ce8fe4e6e158363ed9cb286857cd644590bc6579942f6d10483d,7727fbb61f79ac59b4ff3b7b6b8cba812ef7d91bfa4a74527d186e6b326c25d8
1,20260809T093912Z_35406beea576_stage08_b03_formal_8333f001,formal,20260809T093912Z,35406beea576a85fdcc10a9245ada0c9f5adf195,true,stage08_b03_resample_scales_v1,0347a2580c7ee0fef01dbfe0f556ec49b8c9a54903507c9b87aab0765fe1d5e1,operator,resample,NA,NA,resample,resample__resample_fp32_10e3__ec3ac263d453ce8f,resample_fp32_10e3,10^3,1024,x=[32x32],FP32,CPU,fft_thrust,compatibility/end-to-end,PASS,OK,20,100,1,3.0755970000000001,true,ec3ac263d453ce8fe4e6e158363ed9cb286857cd644590bc6579942f6d10483d,7727fbb61f79ac59b4ff3b7b6b8cba812ef7d91bfa4a74527d186e6b326c25d8
1,20260809T093912Z_35406beea576_stage08_b03_formal_8333f001,formal,20260809T093912Z,35406beea576a85fdcc10a9245ada0c9f5adf195,true,stage08_b03_resample_scales_v1,0347a2580c7ee0fef01dbfe0f556ec49b8c9a54903507c9b87aab0765fe1d5e1,operator,resample,NA,NA,resample,resample__resample_fp32_10e3__ec3ac263d453ce8f,resample_fp32_10e3,10^3,1024,x=[32x32],FP32,CPU,fft_thrust,compatibility/end-to-end,PASS,OK,20,100,2,3.0738370000000002,true,ec3ac263d453ce8fe4e6e158363ed9cb286857cd644590bc6579942f6d10483d,7727fbb61f79ac59b4ff3b7b6b8cba812ef7d91bfa4a74527d186e6b326c25d8
1,20260809T093912Z_35406beea576_stage08_b03_formal_8333f001,formal,20260809T093912Z,35406beea576a85fdcc10a9245ada0c9f5adf195,true,stage08_b03_resample_scales_v1,0347a2580c7ee0fef01dbfe0f556ec49b8c9a54903507c9b87aab0765fe1d5e1,operator,resample,NA,NA,resample,resample__resample_fp32_10e3__ec3ac263d453ce8f,resample_fp32_10e3,10^3,1024,x=[32x32],FP32,CPU,fft_thrust,compatibility/end-to-end,PASS,OK,20,100,3,3.078138,true,ec3ac263d453ce8fe4e6e158363ed9cb286857cd644590bc6579942f6d10483d,7727fbb61f79ac59b4ff3b7b6b8cba812ef7d91bfa4a74527d186e6b326c25d8
1,20260809T093912Z_35406beea576_stage08_b03_formal_8333f001,formal,20260809T093912Z,35406beea576a85fdcc10a9245ada0c9f5adf195,true,stage08_b03_resample_scales_v1,0347a2580c7ee0fef01dbfe0f556ec49b8c9a54903507c9b87aab0765fe1d5e1,operator,resample,NA,NA,resample,resample__resample_fp32_10e3__ec3ac263d453ce8f,resample_fp32_10e3,10^3,1024,x=[32x32],FP32,CPU,fft_thrust,compatibility/end-to-end,PASS,OK,20,100,4,3.0680160000000001,true,ec3ac263d453ce8fe4e6e158363ed9cb286857cd644590bc6579942f6d10483d,7727fbb61f79ac59b4ff3b7b6b8cba812ef7d91bfa4a74527d186e6b326c25d8
1,20260809T093912Z_35406beea576_stage08_b03_formal_8333f001,formal,20260809T093912Z,35406beea576a85fdcc10a9245ada0c9f5adf195,true,stage08_b03_resample_scales_v1,0347a2580c7ee0fef01dbfe0f556ec49b8c9a54903507c9b87aab0765fe1d5e1,operator,resample,NA,NA,resample,resample__resample_fp32_10e3__ec3ac263d453ce8f,resample_fp32_10e3,10^3,1024,x=[32x32],FP32,CPU,fft_thrust,compatibility/end-to-end,PASS,OK,20,100,5,3.0749569999999999,true,ec3ac263d453ce8fe4e6e158363ed9cb286857cd644590bc6579942f6d10483d,7727fbb61f79ac59b4ff3b7b6b8cba812ef7d91bfa4a74527d186e6b326c25d8
1,20260809T093912Z_35406beea576_stage08_b03_formal_8333f001,formal,20260809T093912Z,35406beea576a85fdcc10a9245ada0c9f5adf195,true,stage08_b03_resample_scales_v1,0347a2580c7ee0fef01dbfe0f556ec49b8c9a54903507c9b87aab0765fe1d5e1,operator,resample,NA,NA,resample,resample__resample_fp32_10e3__ec3ac263d453ce8f,resample_fp32_10e3,10^3,1024,x=[32x32],FP32,CPU,fft_thrust,compatibility/end-to-end,PASS,OK,20,100,6,3.094938,true,ec3ac263d453ce8fe4e6e158363ed9cb286857cd644590bc6579942f6d10483d,7727fbb61f79ac59b4ff3b7b6b8cba812ef7d91bfa4a74527d186e6b326c25d8
1,20260809T093912Z_35406beea576_stage08_b03_formal_8333f001,formal,20260809T093912Z,35406beea576a85fdcc10a9245ada0c9f5adf195,true,stage08_b03_resample_scales_v1,0347a2580c7ee0fef01dbfe0f556ec49b8c9a54903507c9b87aab0765fe1d5e1,operator,resample,NA,NA,resample,resample__resample_fp32_10e3__ec3ac263d453ce8f,resample_fp32_10e3,10^3,1024,x=[32x32],FP32,CPU,fft_thrust,compatibility/end-to-end,PASS,OK,20,100,7,3.0860970000000001,true,ec3ac263d453ce8fe4e6e158363ed9cb286857cd644590bc6579942f6d10483d,7727fbb61f79ac59b4ff3b7b6b8cba812ef7d91bfa4a74527d186e6b326c25d8
1,20260809T093912Z_35406beea576_stage08_b03_formal_8333f001,formal,20260809T093912Z,35406beea576a85fdcc10a9245ada0c9f5adf195,true,stage08_b03_resample_scales_v1,0347a2580c7ee0fef01dbfe0f556ec49b8c9a54903507c9b87aab0765fe1d5e1,operator,resample,NA,NA,resample,resample__resample_fp32_10e3__ec3ac263d453ce8f,resample_fp32_10e3,10^3,1024,x=[32x32],FP32,CPU,fft_thrust,compatibility/end-to-end,PASS,OK,20,100,8,3.0744570000000002,true,ec3ac263d453ce8fe4e6e158363ed9cb286857cd644590bc6579942f6d10483d,7727fbb61f79ac59b4ff3b7b6b8cba812ef7d91bfa4a74527d186e6b326c25d8
1,20260809T093912Z_35406beea576_stage08_b03_formal_8333f001,formal,20260809T093912Z,35406beea576a85fdcc10a9245ada0c9f5adf195,true,stage08_b03_resample_scales_v1,0347a2580c7ee0fef01dbfe0f556ec49b8c9a54903507c9b87aab0765fe1d5e1,operator,resample,NA,NA,resample,resample__resample_fp32_10e3__ec3ac263d453ce8f,resample_fp32_10e3,10^3,1024,x=[32x32],FP32,CPU,fft_thrust,compatibility/end-to-end,PASS,OK,20,100,9,3.0840070000000002,true,ec3ac263d453ce8fe4e6e158363ed9cb286857cd644590bc6579942f6d10483d,7727fbb61f79ac59b4ff3b7b6b8cba812ef7d91bfa4a74527d186e6b326c25d8
1,20260809T093912Z_35406beea576_stage08_b03_formal_8333f001,formal,20260809T093912Z,35406beea576a85fdcc10a9245ada0c9f5adf195,true,stage08_b03_resample_scales_v1,0347a2580c7ee0fef01dbfe0f556ec49b8c9a54903507c9b87aab0765fe1d5e1,operator,resample,NA,NA,resample,resample__resample_fp32_10e3__ec3ac263d453ce8f,resample_fp32_10e3,10^3,1024,x=[32x32],FP32,CPU,fft_thrust,compatibility/end-to-end,PASS,OK,20,100,10,3.0828380000000002,true,ec3ac263d453ce8fe4e6e158363ed9cb286857cd644590bc6579942f6d10483d,7727fbb61f79ac59b4ff3b7b6b8cba812ef7d91bfa4a74527d186e6b326c25d8
1,20260809T093912Z_35406beea576_stage08_b03_formal_8333f001,formal,20260809T093912Z,35406beea576a85fdcc10a9245ada0c9f5adf195,true,stage08_b03_resample_scales_v1,0347a2580c7ee0fef01dbfe0f556ec49b8c9a54903507c9b87aab0765fe1d5e1,operator,resample,NA,NA,resample,resample__resample_fp32_10e3__ec3ac263d453ce8f,resample_fp32_10e3,10^3,1024,x=[32x32],FP32,CPU,fft_thrust,compatibility/end-to-end,PASS,OK,20,100,11,3.0767470000000001,true,ec3ac263d453ce8fe4e6e158363ed9cb286857cd644590bc6579942f6d10483d,7727fbb61f79ac59b4ff3b7b6b8cba812ef7d91bfa4a74527d186e6b326c25d8
1,20260809T093912Z_35406beea576_stage08_b03_formal_8333f001,formal,20260809T093912Z,35406beea576a85fdcc10a9245ada0c9f5adf195,true,stage08_b03_resample_scales_v1,0347a2580c7ee0fef01dbfe0f556ec49b8c9a54903507c9b87aab0765fe1d5e1,operator,resample,NA,NA,resample,resample__resample_fp32_10e3__ec3ac263d453ce8f,resample_fp32_10e3,10^3,1024,x=[32x32],FP32,CPU,fft_thrust,compatibility/end-to-end,PASS,OK,20,100,12,3.074586,true,ec3ac263d453ce8fe4e6e158363ed9cb286857cd644590bc6579942f6d10483d,7727fbb61f79ac59b4ff3b7b6b8cba812ef7d91bfa4a74527d186e6b326c25d8
1,20260809T093912Z_35406beea576_stage08_b03_formal_8333f001,formal,20260809T093912Z,35406beea576a85fdcc10a9245ada0c9f5adf195,true,stage08_b03_resample_scales_v1,0347a2580c7ee0fef01dbfe0f556ec49b8c9a54903507c9b87aab0765fe1d5e1,operator,resample,NA,NA,resample,resample__resample_fp32_10e3__ec3ac263d453ce8f,resample_fp32_10e3,10^3,1024,x=[32x32],FP32,CPU,fft_thrust,compatibility/end-to-end,PASS,OK,20,100,13,3.084098,true,ec3ac263d453ce8fe4e6e158363ed9cb286857cd644590bc6579942f6d10483d,7727fbb61f79ac59b4ff3b7b6b8cba812ef7d91bfa4a74527d186e6b326c25d8
1,20260809T093912Z_35406beea576_stage08_b03_formal_8333f001,formal,20260809T093912Z,35406beea576a85fdcc10a9245ada0c9f5adf195,true,stage08_b03_resample_scales_v1,0347a2580c7ee0fef01dbfe0f556ec49b8c9a54903507c9b87aab0765fe1d5e1,operator,resample,NA,NA,resample,resample__resample_fp32_10e3__ec3ac263d453ce8f,resample_fp32_10e3,10^3,1024,x=[32x32],FP32,CPU,fft_thrust,compatibility/end-to-end,PASS,OK,20,100,14,3.0822069999999999,true,ec3ac263d453ce8fe4e6e158363ed9cb286857cd644590bc6579942f6d10483d,7727fbb61f79ac59b4ff3b7b6b8cba812ef7d91bfa4a74527d186e6b326c25d8
1,20260809T093912Z_35406beea576_stage08_b03_formal_8333f001,formal,20260809T093912Z,35406beea576a85fdcc10a9245ada0c9f5adf195,true,stage08_b03_resample_scales_v1,0347a2580c7ee0fef01dbfe0f556ec49b8c9a54903507c9b87aab0765fe1d5e1,operator,resample,NA,NA,resample,resample__resample_fp32_10e3__ec3ac263d453ce8f,resample_fp32_10e3,10^3,1024,x=[32x32],FP32,CPU,fft_thrust,compatibility/end-to-end,PASS,OK,20,100,15,3.0801180000000001,true,ec3ac263d453ce8fe4e6e158363ed9cb286857cd644590bc6579942f6d10483d,7727fbb61f79ac59b4ff3b7b6b8cba812ef7d91bfa4a74527d186e6b326c25d8
1,20260809T093912Z_35406beea576_stage08_b03_formal_8333f001,formal,20260809T093912Z,35406beea576a85fdcc10a9245ada0c9f5adf195,true,stage08_b03_resample_scales_v1,0347a2580c7ee0fef01dbfe0f556ec49b8c9a54903507c9b87aab0765fe1d5e1,operator,resample,NA,NA,resample,resample__resample_fp32_10e3__ec3ac263d453ce8f,resample_fp32_10e3,10^3,1024,x=[32x32],FP32,CPU,fft_thrust,compatibility/end-to-end,PASS,OK,20,100,16,3.0762369999999999,true,ec3ac263d453ce8fe4e6e158363ed9cb286857cd644590bc6579942f6d10483d,7727fbb61f79ac59b4ff3b7b6b8cba812ef7d91bfa4a74527d186e6b326c25d8
1,20260809T093912Z_35406beea576_stage08_b03_formal_8333f001,formal,20260809T093912Z,35406beea576a85fdcc10a9245ada0c9f5adf195,true,stage08_b03_resample_scales_v1,0347a2580c7ee0fef01dbfe0f556ec49b8c9a54903507c9b87aab0765fe1d5e1,operator,resample,NA,NA,resample,resample__resample_fp32_10e3__ec3ac263d453ce8f,resample_fp32_10e3,10^3,1024,x=[32x32],FP32,CPU,fft_thrust,compatibility/end-to-end,PASS,OK,20,100,17,3.0686960000000001,true,ec3ac263d453ce8fe4e6e158363ed9cb286857cd644590bc6579942f6d10483d,7727fbb61f79ac59b4ff3b7b6b8cba812ef7d91bfa4a74527d186e6b326c25d8
1,20260809T093912Z_35406beea576_stage08_b03_formal_8333f001,formal,20260809T093912Z,35406beea576a85fdcc10a9245ada0c9f5adf195,true,stage08_b03_resample_scales_v1,0347a2580c7ee0fef01dbfe0f556ec49b8c9a54903507c9b87aab0765fe1d5e1,operator,resample,NA,NA,resample,resample__resample_fp32_10e3__ec3ac263d453ce8f,resample_fp32_10e3,10^3,1024,x=[32x32],FP32,CPU,fft_thrust,compatibility/end-to-end,PASS,OK,20,100,18,3.0768080000000002,true,ec3ac263d453ce8fe4e6e158363ed9cb286857cd644590bc6579942f6d10483d,7727fbb61f79ac59b4ff3b7b6b8cba812ef7d91bfa4a74527d186e6b326c25d8
1,20260809T093912Z_35406beea576_stage08_b03_formal_8333f001,formal,20260809T093912Z,35406beea576a85fdcc10a9245ada0c9f5adf195,true,stage08_b03_resample_scales_v1,0347a2580c7ee0fef01dbfe0f556ec49b8c9a54903507c9b87aab0765fe1d5e1,operator,resample,NA,NA,resample,resample__resample_fp32_10e3__ec3ac263d453ce8f,resample_fp32_10e3,10^3,1024,x=[32x32],FP32,CPU,fft_thrust,compatibility/end-to-end,PASS,OK,20,100,19,3.0719069999999999,true,ec3ac263d453ce8fe4e6e158363ed9cb286857cd644590bc6579942f6d10483d,7727fbb61f79ac59b4ff3b7b6b8cba812ef7d91bfa4a74527d186e6b326c25d8
1,20260809T093912Z_35406beea576_stage08_b03_formal_8333f001,formal,20260809T093912Z,35406beea576a85fdcc10a9245ada0c9f5adf195,true,stage08_b03_resample_scales_v1,0347a2580c7ee0fef01dbfe0f556ec49b8c9a54903507c9b87aab0765fe1d5e1,operator,resample,NA,NA,resample,resample__resample_fp32_10e3__ec3ac263d453ce8f,resample_fp32_10e3,10^3,1024,x=[32x32],FP32,CPU,fft_thrust,compatibility/end-to-end,PASS,OK,20,100,20,3.078217,true,ec3ac263d453ce8fe4e6e158363ed9cb286857cd644590bc6579942f6d10483d,7727fbb61f79ac59b4ff3b7b6b8cba812ef7d91bfa4a74527d186e6b326c25d8
1,20260809T093912Z_35406beea576_stage08_b03_formal_8333f001,formal,20260809T093912Z,35406beea576a85fdcc10a9245ada0c9f5adf195,true,stage08_b03_resample_scales_v1,0347a2580c7ee0fef01dbfe0f556ec49b8c9a54903507c9b87aab0765fe1d5e1,operator,resample,NA,NA,resample,resample__resample_fp32_10e3__ec3ac263d453ce8f,resample_fp32_10e3,10^3,1024,x=[32x32],FP32,CPU,fft_thrust,compatibility/end-to-end,PASS,OK,20,100,21,3.066967,true,ec3ac263d453ce8fe4e6e158363ed9cb286857cd644590bc6579942f6d10483d,7727fbb61f79ac59b4ff3b7b6b8cba812ef7d91bfa4a74527d186e6b326c25d8
1,20260809T093912Z_35406beea576_stage08_b03_formal_8333f001,formal,20260809T093912Z,35406beea576a85fdcc10a9245ada0c9f5adf195,true,stage08_b03_resample_scales_v1,0347a2580c7ee0fef01dbfe0f556ec49b8c9a54903507c9b87aab0765fe1d5e1,operator,resample,NA,NA,resample,resample__resample_fp32_10e3__ec3ac263d453ce8f,resample_fp32_10e3,10^3,1024,x=[32x32],FP32,CPU,fft_thrust,compatibility/end-to-end,PASS,OK,20,100,22,3.0770770000000001,true,ec3ac263d453ce8fe4e6e158363ed9cb286857cd644590bc6579942f6d10483d,7727fbb61f79ac59b4ff3b7b6b8cba812ef7d91bfa4a74527d186e6b326c25d8
1,20260809T093912Z_35406beea576_stage08_b03_formal_8333f001,formal,20260809T093912Z,35406beea576a85fdcc10a9245ada0c9f5adf195,true,stage08_b03_resample_scales_v1,0347a2580c7ee0fef01dbfe0f556ec49b8c9a54903507c9b87aab0765fe1d5e1,operator,resample,NA,NA,resample,resample__resample_fp32_10e3__ec3ac263d453ce8f,resample_fp32_10e3,10^3,1024,x=[32x32],FP32,CPU,fft_thrust,compatibility/end-to-end,PASS,OK,20,100,23,3.0912670000000002,true,ec3ac263d453ce8fe4e6e158363ed9cb286857cd644590bc6579942f6d10483d,7727fbb61f79ac59b4ff3b7b6b8cba812ef7d91bfa4a74527d186e6b326c25d8
1,20260809T093912Z_35406beea576_stage08_b03_formal_8333f001,formal,20260809T093912Z,35406beea576a85fdcc10a9245ada0c9f5adf195,true,stage08_b03_resample_scales_v1,0347a2580c7ee0fef01dbfe0f556ec49b8c9a54903507c9b87aab0765fe1d5e1,operator,resample,NA,NA,resample,resample__resample_fp32_10e3__ec3ac263d453ce8f,resample_fp32_10e3,10^3,1024,x=[32x32],FP32,CPU,fft_thrust,compatibility/end-to-end,PASS,OK,20,100,24,3.0783179999999999,true,ec3ac263d453ce8fe4e6e158363ed9cb286857cd644590bc6579942f6d10483d,7727fbb61f79ac59b4ff3b7b6b8cba812ef7d91bfa4a74527d186e6b326c25d8
1,20260809T093912Z_35406beea576_stage08_b03_formal_8333f001,formal,20260809T093912Z,35406beea576a85fdcc10a9245ada0c9f5adf195,true,stage08_b03_resample_scales_v1,0347a2580c7ee0fef01dbfe0f556ec49b8c9a54903507c9b87aab0765fe1d5e1,operator,resample,NA,NA,resample,resample__resample_fp32_10e3__ec3ac263d453ce8f,resample_fp32_10e3,10^3,1024,x=[32x32],FP32,CPU,fft_thrust,compatibility/end-to-end,PASS,OK,20,100,25,3.0721959999999999,true,ec3ac263d453ce8fe4e6e158363ed9cb286857cd644590bc6579942f6d10483d,7727fbb61f79ac59b4ff3b7b6b8cba812ef7d91bfa4a74527d186e6b326c25d8
1,20260809T093912Z_35406beea576_stage08_b03_formal_8333f001,formal,20260809T093912Z,35406beea576a85fdcc10a9245ada0c9f5adf195,true,stage08_b03_resample_scales_v1,0347a2580c7ee0fef01dbfe0f556ec49b8c9a54903507c9b87aab0765fe1d5e1,operator,resample,NA,NA,resample,resample__resample_fp32_10e3__ec3ac263d453ce8f,resample_fp32_10e3,10^3,1024,x=[32x32],FP32,CPU,fft_thrust,compatibility/end-to-end,PASS,OK,20,100,26,3.0817480000000002,true,ec3ac263d453ce8fe4e6e158363ed9cb286857cd644590bc6579942f6d10483d,7727fbb61f79ac59b4ff3b7b6b8cba812ef7d91bfa4a74527d186e6b326c25d8
1,20260809T093912Z_35406beea576_stage08_b03_formal_8333f001,formal,20260809T093912Z,35406beea576a85fdcc10a9245ada0c9f5adf195,true,stage08_b03_resample_scales_v1,0347a2580c7ee0fef01dbfe0f556ec49b8c9a54903507c9b87aab0765fe1d5e1,operator,resample,NA,NA,resample,resample__resample_fp32_10e3__ec3ac263d453ce8f,resample_fp32_10e3,10^3,1024,x=[32x32],FP32,CPU,fft_thrust,compatibility/end-to-end,PASS,OK,20,100,27,3.0815570000000001,true,ec3ac263d453ce8fe4e6e158363ed9cb286857cd644590bc6579942f6d10483d,7727fbb61f79ac59b4ff3b7b6b8cba812ef7d91bfa4a74527d186e6b326c25d8
1,20260809T093912Z_35406beea576_stage08_b03_formal_8333f001,formal,20260809T093912Z,35406beea576a85fdcc10a9245ada0c9f5adf195,true,stage08_b03_resample_scales_v1,0347a2580c7ee0fef01dbfe0f556ec49b8c9a54903507c9b87aab0765fe1d5e1,operator,resample,NA,NA,resample,resample__resample_fp32_10e3__ec3ac263d453ce8f,resample_fp32_10e3,10^3,1024,x=[32x32],FP32,CPU,fft_thrust,compatibility/end-to-end,PASS,OK,20,100,28,3.0821369999999999,true,ec3ac263d453ce8fe4e6e158363ed9cb286857cd644590bc6579942f6d10483d,7727fbb61f79ac59b4ff3b7b6b8cba812ef7d91bfa4a74527d186e6b326c25d8
1,20260809T093912Z_35406beea576_stage08_b03_formal_8333f001,formal,20260809T093912Z,35406beea576a85fdcc10a9245ada0c9f5adf195,true,stage08_b03_resample_scales_v1,0347a2580c7ee0fef01dbfe0f556ec49b8c9a54903507c9b87aab0765fe1d5e1,operator,resample,NA,NA,resample,resample__resample_fp32_10e3__ec3ac263d453ce8f,resample_fp32_10e3,10^3,1024,x=[32x32],FP32,CPU,fft_thrust,compatibility/end-to-end,PASS,OK,20,100,29,3.0780470000000002,true,ec3ac263d453ce8fe4e6e158363ed9cb286857cd644590bc6579942f6d10483d,7727fbb61f79ac59b4ff3b7b6b8cba812ef7d91bfa4a74527d186e6b326c25d8
1,20260809T093912Z_35406beea576_stage08_b03_formal_8333f001,formal,20260809T093912Z,35406beea576a85fdcc10a9245ada0c9f5adf195,true,stage08_b03_resample_scales_v1,0347a2580c7ee0fef01dbfe0f556ec49b8c9a54903507c9b87aab0765fe1d5e1,operator,resample,NA,NA,resample,resample__resample_fp32_10e3__ec3ac263d453ce8f,resample_fp32_10e3,10^3,1024,x=[32x32],FP32,CPU,fft_thrust,compatibility/end-to-end,PASS,OK,20,100,30,3.0715669999999999,true,ec3ac263d453ce8fe4e6e158363ed9cb286857cd644590bc6579942f6d10483d,7727fbb61f79ac59b4ff3b7b6b8cba812ef7d91bfa4a74527d186e6b326c25d8
1,20260809T093912Z_35406beea576_stage08_b03_formal_8333f001,formal,20260809T093912Z,35406beea576a85fdcc10a9245ada0c9f5adf195,true,stage08_b03_resample_scales_v1,0347a2580c7ee0fef01dbfe0f556ec49b8c9a54903507c9b87aab0765fe1d5e1,operator,resample,NA,NA,resample,resample__resample_fp32_10e3__ec3ac263d453ce8f,resample_fp32_10e3,10^3,1024,x=[32x32],FP32,CPU,fft_thrust,compatibility/end-to-end,PASS,OK,20,100,31,3.0832480000000002,true,ec3ac263d453ce8fe4e6e158363ed9cb286857cd644590bc6579942f6d10483d,7727fbb61f79ac59b4ff3b7b6b8cba812ef7d91bfa4a74527d186e6b326c25d8
1,20260809T093912Z_35406beea576_stage08_b03_formal_8333f001,formal,20260809T093912Z,35406beea576a85fdcc10a9245ada0c9f5adf195,true,stage08_b03_resample_scales_v1,0347a2580c7ee0fef01dbfe0f556ec49b8c9a54903507c9b87aab0765fe1d5e1,operator,resample,NA,NA,resample,resample__resample_fp32_10e3__ec3ac263d453ce8f,resample_fp32_10e3,10^3,1024,x=[32x32],FP32,CPU,fft_thrust,compatibility/end-to-end,PASS,OK,20,100,32,3.0809470000000001,true,ec3ac263d453ce8fe4e6e158363ed9cb286857cd644590bc6579942f6d10483d,7727fbb61f79ac59b4ff3b7b6b8cba812ef7d91bfa4a74527d186e6b326c25d8
1,20260809T093912Z_35406beea576_stage08_b03_formal_8333f001,formal,20260809T093912Z,35406beea576a85fdcc10a9245ada0c9f5adf195,true,stage08_b03_resample_scales_v1,0347a2580c7ee0fef01dbfe0f556ec49b8c9a54903507c9b87aab0765fe1d5e1,operator,resample,NA,NA,resample,resample__resample_fp32_10e3__ec3ac263d453ce8f,resample_fp32_10e3,10^3,1024,x=[32x32],FP32,CPU,fft_thrust,compatibility/end-to-end,PASS,OK,20,100,33,3.0898569999999999,true,ec3ac263d453ce8fe4e6e158363ed9cb286857cd644590bc6579942f6d10483d,7727fbb61f79ac59b4ff3b7b6b8cba812ef7d91bfa4a74527d186e6b326c25d8
1,20260809T093912Z_35406beea576_stage08_b03_formal_8333f001,formal,20260809T093912Z,35406beea576a85fdcc10a9245ada0c9f5adf195,true,stage08_b03_resample_scales_v1,0347a2580c7ee0fef01dbfe0f556ec49b8c9a54903507c9b87aab0765fe1d5e1,operator,resample,NA,NA,resample,resample__resample_fp32_10e3__ec3ac263d453ce8f,resample_fp32_10e3,10^3,1024,x=[32x32],FP32,CPU,fft_thrust,compatibility/end-to-end,PASS,OK,20,100,34,3.0716770000000002,true,ec3ac263d453ce8fe4e6e158363ed9cb286857cd644590bc6579942f6d10483d,7727fbb61f79ac59b4ff3b7b6b8cba812ef7d91bfa4a74527d186e6b326c25d8
1,20260809T093912Z_35406beea576_stage08_b03_formal_8333f001,formal,20260809T093912Z,35406beea576a85fdcc10a9245ada0c9f5adf195,true,stage08_b03_resample_scales_v1,0347a2580c7ee0fef01dbfe0f556ec49b8c9a54903507c9b87aab0765fe1d5e1,operator,resample,NA,NA,resample,resample__resample_fp32_10e3__ec3ac263d453ce8f,resample_fp32_10e3,10^3,1024,x=[32x32],FP32,CPU,fft_thrust,compatibility/end-to-end,PASS,OK,20,100,35,3.080867,true,ec3ac263d453ce8fe4e6e158363ed9cb286857cd644590bc6579942f6d10483d,7727fbb61f79ac59b4ff3b7b6b8cba812ef7d91bfa4a74527d186e6b326c25d8
1,20260809T093912Z_35406beea576_stage08_b03_formal_8333f001,formal,20260809T093912Z,35406beea576a85fdcc10a9245ada0c9f5adf195,true,stage08_b03_resample_scales_v1,0347a2580c7ee0fef01dbfe0f556ec49b8c9a54903507c9b87aab0765fe1d5e1,operator,resample,NA,NA,resample,resample__resample_fp32_10e3__ec3ac263d453ce8f,resample_fp32_10e3,10^3,1024,x=[32x32],FP32,CPU,fft_thrust,compatibility/end-to-end,PASS,OK,20,100,36,3.0802580000000002,true,ec3ac263d453ce8fe4e6e158363ed9cb286857cd644590bc6579942f6d10483d,7727fbb61f79ac59b4ff3b7b6b8cba812ef7d91bfa4a74527d186e6b326c25d8
1,20260809T093912Z_35406beea576_stage08_b03_formal_8333f001,formal,20260809T093912Z,35406beea576a85fdcc10a9245ada0c9f5adf195,true,stage08_b03_resample_scales_v1,0347a2580c7ee0fef01dbfe0f556ec49b8c9a54903507c9b87aab0765fe1d5e1,operator,resample,NA,NA,resample,resample__resample_fp32_10e3__ec3ac263d453ce8f,resample_fp32_10e3,10^3,1024,x=[32x32],FP32,CPU,fft_thrust,compatibility/end-to-end,PASS,OK,20,100,37,3.0830069999999998,true,ec3ac263d453ce8fe4e6e158363ed9cb286857cd644590bc6579942f6d10483d,7727fbb61f79ac59b4ff3b7b6b8cba812ef7d91bfa4a74527d186e6b326c25d8
1,20260809T093912Z_35406beea576_stage08_b03_formal_8333f001,formal,20260809T093912Z,35406beea576a85fdcc10a9245ada0c9f5adf195,true,stage08_b03_resample_scales_v1,0347a2580c7ee0fef01dbfe0f556ec49b8c9a54903507c9b87aab0765fe1d5e1,operator,resample,NA,NA,resample,resample__resample_fp32_10e3__ec3ac263d453ce8f,resample_fp32_10e3,10^3,1024,x=[32x32],FP32,CPU,fft_thrust,compatibility/end-to-end,PASS,OK,20,100,38,3.0723669999999998,true,ec3ac263d453ce8fe4e6e158363ed9cb286857cd644590bc6579942f6d10483d,7727fbb61f79ac59b4ff3b7b6b8cba812ef7d91bfa4a74527d186e6b326c25d8
1,20260809T093912Z_35406beea576_stage08_b03_formal_8333f001,formal,20260809T093912Z,35406beea576a85fdcc10a9245ada0c9f5adf195,true,stage08_b03_resample_scales_v1,0347a2580c7ee0fef01dbfe0f556ec49b8c9a54903507c9b87aab0765fe1d5e1,operator,resample,NA,NA,resample,resample__resample_fp32_10e3__ec3ac263d453ce8f,resample_fp32_10e3,10^3,1024,x=[32x32],FP32,CPU,fft_thrust,compatibility/end-to-end,PASS,OK,20,100,39,3.084187,true,ec3ac263d453ce8fe4e6e158363ed9cb286857cd644590bc6579942f6d10483d,7727fbb61f79ac59b4ff3b7b6b8cba812ef7d91bfa4a74527d186e6b326c25d8
1,20260809T093912Z_35406beea576_stage08_b03_formal_8333f001,formal,20260809T093912Z,35406beea576a85fdcc10a9245ada0c9f5adf195,true,stage08_b03_resample_scales_v1,0347a2580c7ee0fef01dbfe0f556ec49b8c9a54903507c9b87aab0765fe1d5e1,operator,resample,NA,NA,resample,resample__resample_fp32_10e3__ec3ac263d453ce8f,resample_fp32_10e3,10^3,1024,x=[32x32],FP32,CPU,fft_thrust,compatibility/end-to-end,PASS,OK,20,100,40,3.080327,true,ec3ac263d453ce8fe4e6e158363ed9cb286857cd644590bc6579942f6d10483d,7727fbb61f79ac59b4ff3b7b6b8cba812ef7d91bfa4a74527d186e6b326c25d8
1,20260809T093912Z_35406beea576_stage08_b03_formal_8333f001,formal,20260809T093912Z,35406beea576a85fdcc10a9245ada0c9f5adf195,true,stage08_b03_resample_scales_v1,0347a2580c7ee0fef01dbfe0f556ec49b8c9a54903507c9b87aab0765fe1d5e1,operator,resample,NA,NA,resample,resample__resample_fp32_10e3__ec3ac263d453ce8f,resample_fp32_10e3,10^3,1024,x=[32x32],FP32,CPU,fft_thrust,compatibility/end-to-end,PASS,OK,20,100,41,3.0804170000000002,true,ec3ac263d453ce8fe4e6e158363ed9cb286857cd644590bc6579942f6d10483d,7727fbb61f79ac59b4ff3b7b6b8cba812ef7d91bfa4a74527d186e6b326c25d8
1,20260809T093912Z_35406beea576_stage08_b03_formal_8333f001,formal,20260809T093912Z,35406beea576a85fdcc10a9245ada0c9f5adf195,true,stage08_b03_resample_scales_v1,0347a2580c7ee0fef01dbfe0f556ec49b8c9a54903507c9b87aab0765fe1d5e1,operator,resample,NA,NA,resample,resample__resample_fp32_10e3__ec3ac263d453ce8f,resample_fp32_10e3,10^3,1024,x=[32x32],FP32,CPU,fft_thrust,compatibility/end-to-end,PASS,OK,20,100,42,3.0799669999999999,true,ec3ac263d453ce8fe4e6e158363ed9cb286857cd644590bc6579942f6d10483d,7727fbb61f79ac59b4ff3b7b6b8cba812ef7d91bfa4a74527d186e6b326c25d8
1,20260809T093912Z_35406beea576_stage08_b03_formal_8333f001,formal,20260809T093912Z,35406beea576a85fdcc10a9245ada0c9f5adf195,true,stage08_b03_resample_scales_v1,0347a2580c7ee0fef01dbfe0f556ec49b8c9a54903507c9b87aab0765fe1d5e1,operator,resample,NA,NA,resample,resample__resample_fp32_10e3__ec3ac263d453ce8f,resample_fp32_10e3,10^3,1024,x=[32x32],FP32,CPU,fft_thrust,compatibility/end-to-end,PASS,OK,20,100,43,3.0738379999999998,true,ec3ac263d453ce8fe4e6e158363ed9cb286857cd644590bc6579942f6d10483d,7727fbb61f79ac59b4ff3b7b6b8cba812ef7d91bfa4a74527d186e6b326c25d8
1,20260809T093912Z_35406beea576_stage08_b03_formal_8333f001,formal,20260809T093912Z,35406beea576a85fdcc10a9245ada0c9f5adf195,true,stage08_b03_resample_scales_v1,0347a2580c7ee0fef01dbfe0f556ec49b8c9a54903507c9b87aab0765fe1d5e1,operator,resample,NA,NA,resample,resample__resample_fp32_10e3__ec3ac263d453ce8f,resample_fp32_10e3,10^3,1024,x=[32x32],FP32,CPU,fft_thrust,compatibility/end-to-end,PASS,OK,20,100,44,3.0787270000000002,true,ec3ac263d453ce8fe4e6e158363ed9cb286857cd644590bc6579942f6d10483d,7727fbb61f79ac59b4ff3b7b6b8cba812ef7d91bfa4a74527d186e6b326c25d8
1,20260809T093912Z_35406beea576_stage08_b03_formal_8333f001,formal,20260809T093912Z,35406beea576a85fdcc10a9245ada0c9f5adf195,true,stage08_b03_resample_scales_v1,0347a2580c7ee0fef01dbfe0f556ec49b8c9a54903507c9b87aab0765fe1d5e1,operator,resample,NA,NA,resample,resample__resample_fp32_10e3__ec3ac263d453ce8f,resample_fp32_10e3,10^3,1024,x=[32x32],FP32,CPU,fft_thrust,compatibility/end-to-end,PASS,OK,20,100,45,3.0914570000000001,true,ec3ac263d453ce8fe4e6e158363ed9cb286857cd644590bc6579942f6d10483d,7727fbb61f79ac59b4ff3b7b6b8cba812ef7d91bfa4a74527d186e6b326c25d8
1,20260809T093912Z_35406beea576_stage08_b03_formal_8333f001,formal,20260809T093912Z,35406beea576a85fdcc10a9245ada0c9f5adf195,true,stage08_b03_resample_scales_v1,0347a2580c7ee0fef01dbfe0f556ec49b8c9a54903507c9b87aab0765fe1d5e1,operator,resample,NA,NA,resample,resample__resample_fp32_10e3__ec3ac263d453ce8f,resample_fp32_10e3,10^3,1024,x=[32x32],FP32,CPU,fft_thrust,compatibility/end-to-end,PASS,OK,20,100,46,3.0740769999999999,true,ec3ac263d453ce8fe4e6e158363ed9cb286857cd644590bc6579942f6d10483d,7727fbb61f79ac59b4ff3b7b6b8cba812ef7d91bfa4a74527d186e6b326c25d8
1,20260809T093912Z_35406beea576_stage08_b03_formal_8333f001,formal,20260809T093912Z,35406beea576a85fdcc10a9245ada0c9f5adf195,true,stage08_b03_resample_scales_v1,0347a2580c7ee0fef01dbfe0f556ec49b8c9a54903507c9b87aab0765fe1d5e1,operator,resample,NA,NA,resample,resample__resample_fp32_10e3__ec3ac263d453ce8f,resample_fp32_10e3,10^3,1024,x=[32x32],FP32,CPU,fft_thrust,compatibility/end-to-end,PASS,OK,20,100,47,3.0715669999999999,true,ec3ac263d453ce8fe4e6e158363ed9cb286857cd644590bc6579942f6d10483d,7727fbb61f79ac59b4ff3b7b6b8cba812ef7d91bfa4a74527d186e6b326c25d8
1,20260809T093912Z_35406beea576_stage08_b03_formal_8333f001,formal,20260809T093912Z,35406beea576a85fdcc10a9245ada0c9f5adf195,true,stage08_b03_resample_scales_v1,0347a2580c7ee0fef01dbfe0f556ec49b8c9a54903507c9b87aab0765fe1d5e1,operator,resample,NA,NA,resample,resample__resample_fp32_10e3__ec3ac263d453ce8f,resample_fp32_10e3,10^3,1024,x=[32x32],FP32,CPU,fft_thrust,compatibility/end-to-end,PASS,OK,20,100,48,3.084867,true,ec3ac263d453ce8fe4e6e158363ed9cb286857cd644590bc6579942f6d10483d,7727fbb61f79ac59b4ff3b7b6b8cba812ef7d91bfa4a74527d186e6b326c25d8
1,20260809T093912Z_35406beea576_stage08_b03_formal_8333f001,formal,20260809T093912Z,35406beea576a85fdcc10a9245ada0c9f5adf195,true,stage08_b03_resample_scales_v1,0347a2580c7ee0fef01dbfe0f556ec49b8c9a54903507c9b87aab0765fe1d5e1,operator,resample,NA,NA,resample,resample__resample_fp32_10e3__ec3ac263d453ce8f,resample_fp32_10e3,10^3,1024,x=[32x32],FP32,CPU,fft_thrust,compatibility/end-to-end,PASS,OK,20,100,49,3.0818379999999999,true,ec3ac263d453ce8fe4e6e158363ed9cb286857cd644590bc6579942f6d10483d,7727fbb61f79ac59b4ff3b7b6b8cba812ef7d91bfa4a74527d186e6b326c25d8
1,20260809T093912Z_35406beea576_stage08_b03_formal_8333f001,formal,20260809T093912Z,35406beea576a85fdcc10a9245ada0c9f5adf195,true,stage08_b03_resample_scales_v1,0347a2580c7ee0fef01dbfe0f556ec49b8c9a54903507c9b87aab0765fe1d5e1,operator,resample,NA,NA,resample,resample__resample_fp32_10e3__ec3ac263d453ce8f,resample_fp32_10e3,10^3,1024,x=[32x32],FP32,CPU,fft_thrust,compatibility/end-to-end,PASS,OK,20,100,50,3.0781869999999998,true,ec3ac263d453ce8fe4e6e158363ed9cb286857cd644590bc6579942f6d10483d,7727fbb61f79ac59b4ff3b7b6b8cba812ef7d91bfa4a74527d186e6b326c25d8
1,20260809T093912Z_35406beea576_stage08_b03_formal_8333f001,formal,20260809T093912Z,35406beea576a85fdcc10a9245ada0c9f5adf195,true,stage08_b03_resample_scales_v1,0347a2580c7ee0fef01dbfe0f556ec49b8c9a54903507c9b87aab0765fe1d5e1,operator,resample,NA,NA,resample,resample__resample_fp32_10e3__ec3ac263d453ce8f,resample_fp32_10e3,10^3,1024,x=[32x32],FP32,CPU,fft_thrust,compatibility/end-to-end,PASS,OK,20,100,51,3.071107,true,ec3ac263d453ce8fe4e6e158363ed9cb286857cd644590bc6579942f6d10483d,7727fbb61f79ac59b4ff3b7b6b8cba812ef7d91bfa4a74527d186e6b326c25d8
1,20260809T093912Z_35406beea576_stage08_b03_formal_8333f001,formal,20260809T093912Z,35406beea576a85fdcc10a9245ada0c9f5adf195,true,stage08_b03_resample_scales_v1,0347a2580c7ee0fef01dbfe0f556ec49b8c9a54903507c9b87aab0765fe1d5e1,operator,resample,NA,NA,resample,resample__resample_fp32_10e3__ec3ac263d453ce8f,resample_fp32_10e3,10^3,1024,x=[32x32],FP32,CPU,fft_thrust,compatibility/end-to-end,PASS,OK,20,100,52,3.0810170000000001,true,ec3ac263d453ce8fe4e6e158363ed9cb286857cd644590bc6579942f6d10483d,7727fbb61f79ac59b4ff3b7b6b8cba812ef7d91bfa4a74527d186e6b326c25d8
1,20260809T093912Z_35406beea576_stage08_b03_formal_8333f001,formal,20260809T093912Z,35406beea576a85fdcc10a9245ada0c9f5adf195,true,stage08_b03_resample_scales_v1,0347a2580c7ee0fef01dbfe0f556ec49b8c9a54903507c9b87aab0765fe1d5e1,operator,resample,NA,NA,resample,resample__resample_fp32_10e3__ec3ac263d453ce8f,resample_fp32_10e3,10^3,1024,x=[32x32],FP32,CPU,fft_thrust,compatibility/end-to-end,PASS,OK,20,100,53,3.0775070000000002,true,ec3ac263d453ce8fe4e6e158363ed9cb286857cd644590bc6579942f6d10483d,7727fbb61f79ac59b4ff3b7b6b8cba812ef7d91bfa4a74527d186e6b326c25d8
1,20260809T093912Z_35406beea576_stage08_b03_formal_8333f001,formal,20260809T093912Z,35406beea576a85fdcc10a9245ada0c9f5adf195,true,stage08_b03_resample_scales_v1,0347a2580c7ee0fef01dbfe0f556ec49b8c9a54903507c9b87aab0765fe1d5e1,operator,resample,NA,NA,resample,resample__resample_fp32_10e3__ec3ac263d453ce8f,resample_fp32_10e3,10^3,1024,x=[32x32],FP32,CPU,fft_thrust,compatibility/end-to-end,PASS,OK,20,100,54,3.086748,true,ec3ac263d453ce8fe4e6e158363ed9cb286857cd644590bc6579942f6d10483d,7727fbb61f79ac59b4ff3b7b6b8cba812ef7d91bfa4a74527d186e6b326c25d8
1,20260809T093912Z_35406beea576_stage08_b03_formal_8333f001,formal,20260809T093912Z,35406beea576a85fdcc10a9245ada0c9f5adf195,true,stage08_b03_resample_scales_v1,0347a2580c7ee0fef01dbfe0f556ec49b8c9a54903507c9b87aab0765fe1d5e1,operator,resample,NA,NA,resample,resample__resample_fp32_10e3__ec3ac263d453ce8f,resample_fp32_10e3,10^3,1024,x=[32x32],FP32,CPU,fft_thrust,compatibility/end-to-end,PASS,OK,20,100,55,3.074986,true,ec3ac263d453ce8fe4e6e158363ed9cb286857cd644590bc6579942f6d10483d,7727fbb61f79ac59b4ff3b7b6b8cba812ef7d91bfa4a74527d186e6b326c25d8
1,20260809T093912Z_35406beea576_stage08_b03_formal_8333f001,formal,20260809T093912Z,35406beea576a85fdcc10a9245ada0c9f5adf195,true,stage08_b03_resample_scales_v1,0347a2580c7ee0fef01dbfe0f556ec49b8c9a54903507c9b87aab0765fe1d5e1,operator,resample,NA,NA,resample,resample__resample_fp32_10e3__ec3ac263d453ce8f,resample_fp32_10e3,10^3,1024,x=[32x32],FP32,CPU,fft_thrust,compatibility/end-to-end,PASS,OK,20,100,56,3.067418,true,ec3ac263d453ce8fe4e6e158363ed9cb286857cd644590bc6579942f6d10483d,7727fbb61f79ac59b4ff3b7b6b8cba812ef7d91bfa4a74527d186e6b326c25d8
1,20260809T093912Z_35406beea576_stage08_b03_formal_8333f001,formal,20260809T093912Z,35406beea576a85fdcc10a9245ada0c9f5adf195,true,stage08_b03_resample_scales_v1,0347a2580c7ee0fef01dbfe0f556ec49b8c9a54903507c9b87aab0765fe1d5e1,operator,resample,NA,NA,resample,resample__resample_fp32_10e3__ec3ac263d453ce8f,resample_fp32_10e3,10^3,1024,x=[32x32],FP32,CPU,fft_thrust,compatibility/end-to-end,PASS,OK,20,100,57,3.0711369999999998,true,ec3ac263d453ce8fe4e6e158363ed9cb286857cd644590bc6579942f6d10483d,7727fbb61f79ac59b4ff3b7b6b8cba812ef7d91bfa4a74527d186e6b326c25d8
1,20260809T093912Z_35406beea576_stage08_b03_formal_8333f001,formal,20260809T093912Z,35406beea576a85fdcc10a9245ada0c9f5adf195,true,stage08_b03_resample_scales_v1,0347a2580c7ee0fef01dbfe0f556ec49b8c9a54903507c9b87aab0765fe1d5e1,operator,resample,NA,NA,resample,resample__resample_fp32_10e3__ec3ac263d453ce8f,resample_fp32_10e3,10^3,1024,x=[32x32],FP32,CPU,fft_thrust,compatibility/end-to-end,PASS,OK,20,100,58,3.0789870000000001,true,ec3ac263d453ce8fe4e6e158363ed9cb286857cd644590bc6579942f6d10483d,7727fbb61f79ac59b4ff3b7b6b8cba812ef7d91bfa4a74527d186e6b326c25d8
1,20260809T093912Z_35406beea576_stage08_b03_formal_8333f001,formal,20260809T093912Z,35406beea576a85fdcc10a9245ada0c9f5adf195,true,stage08_b03_resample_scales_v1,0347a2580c7ee0fef01dbfe0f556ec49b8c9a54903507c9b87aab0765fe1d5e1,operator,resample,NA,NA,resample,resample__resample_fp32_10e3__ec3ac263d453ce8f,resample_fp32_10e3,10^3,1024,x=[32x32],FP32,CPU,fft_thrust,compatibility/end-to-end,PASS,OK,20,100,59,3.078697,true,ec3ac263d453ce8fe4e6e158363ed9cb286857cd644590bc6579942f6d10483d,7727fbb61f79ac59b4ff3b7b6b8cba812ef7d91bfa4a74527d186e6b326c25d8
1,20260809T093912Z_35406beea576_stage08_b03_formal_8333f001,formal,20260809T093912Z,35406beea576a85fdcc10a9245ada0c9f5adf195,true,stage08_b03_resample_scales_v1,0347a2580c7ee0fef01dbfe0f556ec49b8c9a54903507c9b87aab0765fe1d5e1,operator,resample,NA,NA,resample,resample__resample_fp32_10e3__ec3ac263d453ce8f,resample_fp32_10e3,10^3,1024,x=[32x32],FP32,CPU,fft_thrust,compatibility/end-to-end,PASS,OK,20,100,60,3.0672069999999998,true,ec3ac263d453ce8fe4e6e158363ed9cb286857cd644590bc6579942f6d10483d,7727fbb61f79ac59b4ff3b7b6b8cba812ef7d91bfa4a74527d186e6b326c25d8
1,20260809T093912Z_35406beea576_stage08_b03_formal_8333f001,formal,20260809T093912Z,35406beea576a85fdcc10a9245ada0c9f5adf195,true,stage08_b03_resample_scales_v1,0347a2580c7ee0fef01dbfe0f556ec49b8c9a54903507c9b87aab0765fe1d5e1,operator,resample,NA,NA,resample,resample__resample_fp32_10e3__ec3ac263d453ce8f,resample_fp32_10e3,10^3,1024,x=[32x32],FP32,CPU,fft_thrust,compatibility/end-to-end,PASS,OK,20,100,61,3.0798570000000001,true,ec3ac263d453ce8fe4e6e158363ed9cb286857cd644590bc6579942f6d10483d,7727fbb61f79ac59b4ff3b7b6b8cba812ef7d91bfa4a74527d186e6b326c25d8
1,20260809T093912Z_35406beea576_stage08_b03_formal_8333f001,formal,20260809T093912Z,35406beea576a85fdcc10a9245ada0c9f5adf195,true,stage08_b03_resample_scales_v1,0347a2580c7ee0fef01dbfe0f556ec49b8c9a54903507c9b87aab0765fe1d5e1,operator,resample,NA,NA,resample,resample__resample_fp32_10e3__ec3ac263d453ce8f,resample_fp32_10e3,10^3,1024,x=[32x32],FP32,CPU,fft_thrust,compatibility/end-to-end,PASS,OK,20,100,62,3.0811480000000002,true,ec3ac263d453ce8fe4e6e158363ed9cb286857cd644590bc6579942f6d10483d,7727fbb61f79ac59b4ff3b7b6b8cba812ef7d91bfa4a74527d186e6b326c25d8
1,20260809T093912Z_35406beea576_stage08_b03_formal_8333f001,formal,20260809T093912Z,35406beea576a85fdcc10a9245ada0c9f5adf195,true,stage08_b03_resample_scales_v1,0347a2580c7ee0fef01dbfe0f556ec49b8c9a54903507c9b87aab0765fe1d5e1,operator,resample,NA,NA,resample,resample__resample_fp32_10e3__ec3ac263d453ce8f,resample_fp32_10e3,10^3,1024,x=[32x32],FP32,CPU,fft_thrust,compatibility/end-to-end,PASS,OK,20,100,63,3.0741170000000002,true,ec3ac263d453ce8fe4e6e158363ed9cb286857cd644590bc6579942f6d10483d,7727fbb61f79ac59b4ff3b7b6b8cba812ef7d91bfa4a74527d186e6b326c25d8
1,20260809T093912Z_35406beea576_stage08_b03_formal_8333f001,formal,20260809T093912Z,35406beea576a85fdcc10a9245ada0c9f5adf195,true,stage08_b03_resample_scales_v1,0347a2580c7ee0fef01dbfe0f556ec49b8c9a54903507c9b87aab0765fe1d5e1,operator,resample,NA,NA,resample,resample__resample_fp32_10e3__ec3ac263d453ce8f,resample_fp32_10e3,10^3,1024,x=[32x32],FP32,CPU,fft_thrust,compatibility/end-to-end,PASS,OK,20,100,64,3.068946,true,ec3ac263d453ce8fe4e6e158363ed9cb286857cd644590bc6579942f6d10483d,7727fbb61f79ac59b4ff3b7b6b8cba812ef7d91bfa4a74527d186e6b326c25d8
1,20260809T093912Z_35406beea576_stage08_b03_formal_8333f001,formal,20260809T093912Z,35406beea576a85fdcc10a9245ada0c9f5adf195,true,stage08_b03_resample_scales_v1,0347a2580c7ee0fef01dbfe0f556ec49b8c9a54903507c9b87aab0765fe1d5e1,operator,resample,NA,NA,resample,resample__resample_fp32_10e3__ec3ac263d453ce8f,resample_fp32_10e3,10^3,1024,x=[32x32],FP32,CPU,fft_thrust,compatibility/end-to-end,PASS,OK,20,100,65,3.0812580000000001,true,ec3ac263d453ce8fe4e6e158363ed9cb286857cd644590bc6579942f6d10483d,7727fbb61f79ac59b4ff3b7b6b8cba812ef7d91bfa4a74527d186e6b326c25d8
1,20260809T093912Z_35406beea576_stage08_b03_formal_8333f001,formal,20260809T093912Z,35406beea576a85fdcc10a9245ada0c9f5adf195,true,stage08_b03_resample_scales_v1,0347a2580c7ee0fef01dbfe0f556ec49b8c9a54903507c9b87aab0765fe1d5e1,operator,resample,NA,NA,resample,resample__resample_fp32_10e3__ec3ac263d453ce8f,resample_fp32_10e3,10^3,1024,x=[32x32],FP32,CPU,fft_thrust,compatibility/end-to-end,PASS,OK,20,100,66,3.0752169999999999,true,ec3ac263d453ce8fe4e6e158363ed9cb286857cd644590bc6579942f6d10483d,7727fbb61f79ac59b4ff3b7b6b8cba812ef7d91bfa4a74527d186e6b326c25d8
1,20260809T093912Z_35406beea576_stage08_b03_formal_8333f001,formal,20260809T093912Z,35406beea576a85fdcc10a9245ada0c9f5adf195,true,stage08_b03_resample_scales_v1,0347a2580c7ee0fef01dbfe0f556ec49b8c9a54903507c9b87aab0765fe1d5e1,operator,resample,NA,NA,resample,resample__resample_fp32_10e3__ec3ac263d453ce8f,resample_fp32_10e3,10^3,1024,x=[32x32],FP32,CPU,fft_thrust,compatibility/end-to-end,PASS,OK,20,100,67,3.078487,true,ec3ac263d453ce8fe4e6e158363ed9cb286857cd644590bc6579942f6d10483d,7727fbb61f79ac59b4ff3b7b6b8cba812ef7d91bfa4a74527d186e6b326c25d8
1,20260809T093912Z_35406beea576_stage08_b03_formal_8333f001,formal,20260809T093912Z,35406beea576a85fdcc10a9245ada0c9f5adf195,true,stage08_b03_resample_scales_v1,0347a2580c7ee0fef01dbfe0f556ec49b8c9a54903507c9b87aab0765fe1d5e1,operator,resample,NA,NA,resample,resample__resample_fp32_10e3__ec3ac263d453ce8f,resample_fp32_10e3,10^3,1024,x=[32x32],FP32,CPU,fft_thrust,compatibility/end-to-end,PASS,OK,20,100,68,3.0765570000000002,true,ec3ac263d453ce8fe4e6e158363ed9cb286857cd644590bc6579942f6d10483d,7727fbb61f79ac59b4ff3b7b6b8cba812ef7d91bfa4a74527d186e6b326c25d8
1,20260809T093912Z_35406beea576_stage08_b03_formal_8333f001,formal,20260809T093912Z,35406beea576a85fdcc10a9245ada0c9f5adf195,true,stage08_b03_resample_scales_v1,0347a2580c7ee0fef01dbfe0f556ec49b8c9a54903507c9b87aab0765fe1d5e1,operator,resample,NA,NA,resample,resample__resample_fp32_10e3__ec3ac263d453ce8f,resample_fp32_10e3,10^3,1024,x=[32x32],FP32,CPU,fft_thrust,compatibility/end-to-end,PASS,OK,20,100,69,3.067097,true,ec3ac263d453ce8fe4e6e158363ed9cb286857cd644590bc6579942f6d10483d,7727fbb61f79ac59b4ff3b7b6b8cba812ef7d91bfa4a74527d186e6b326c25d8
1,20260809T093912Z_35406beea576_stage08_b03_formal_8333f001,formal,20260809T093912Z,35406beea576a85fdcc10a9245ada0c9f5adf195,true,stage08_b03_resample_scales_v1,0347a2580c7ee0fef01dbfe0f556ec49b8c9a54903507c9b87aab0765fe1d5e1,operator,resample,NA,NA,resample,resample__resample_fp32_10e3__ec3ac263d453ce8f,resample_fp32_10e3,10^3,1024,x=[32x32],FP32,CPU,fft_thrust,compatibility/end-to-end,PASS,OK,20,100,70,3.0775769999999998,true,ec3ac263d453ce8fe4e6e158363ed9cb286857cd644590bc6579942f6d10483d,7727fbb61f79ac59b4ff3b7b6b8cba812ef7d91bfa4a74527d186e6b326c25d8
1,20260809T093912Z_35406beea576_stage08_b03_formal_8333f001,formal,20260809T093912Z,35406beea576a85fdcc10a9245ada0c9f5adf195,true,stage08_b03_resample_scales_v1,0347a2580c7ee0fef01dbfe0f556ec49b8c9a54903507c9b87aab0765fe1d5e1,operator,resample,NA,NA,resample,resample__resample_fp32_10e3__ec3ac263d453ce8f,resample_fp32_10e3,10^3,1024,x=[32x32],FP32,CPU,fft_thrust,compatibility/end-to-end,PASS,OK,20,100,71,3.0747969999999998,true,ec3ac263d453ce8fe4e6e158363ed9cb286857cd644590bc6579942f6d10483d,7727fbb61f79ac59b4ff3b7b6b8cba812ef7d91bfa4a74527d186e6b326c25d8
1,20260809T093912Z_35406beea576_stage08_b03_formal_8333f001,formal,20260809T093912Z,35406beea576a85fdcc10a9245ada0c9f5adf195,true,stage08_b03_resample_scales_v1,0347a2580c7ee0fef01dbfe0f556ec49b8c9a54903507c9b87aab0765fe1d5e1,operator,resample,NA,NA,resample,resample__resample_fp32_10e3__ec3ac263d453ce8f,resample_fp32_10e3,10^3,1024,x=[32x32],FP32,CPU,fft_thrust,compatibility/end-to-end,PASS,OK,20,100,72,3.0765570000000002,true,ec3ac263d453ce8fe4e6e158363ed9cb286857cd644590bc6579942f6d10483d,7727fbb61f79ac59b4ff3b7b6b8cba812ef7d91bfa4a74527d186e6b326c25d8
1,20260809T093912Z_35406beea576_stage08_b03_formal_8333f001,formal,20260809T093912Z,35406beea576a85fdcc10a9245ada0c9f5adf195,true,stage08_b03_resample_scales_v1,0347a2580c7ee0fef01dbfe0f556ec49b8c9a54903507c9b87aab0765fe1d5e1,operator,resample,NA,NA,resample,resample__resample_fp32_10e3__ec3ac263d453ce8f,resample_fp32_10e3,10^3,1024,x=[32x32],FP32,CPU,fft_thrust,compatibility/end-to-end,PASS,OK,20,100,73,3.0675370000000002,true,ec3ac263d453ce8fe4e6e158363ed9cb286857cd644590bc6579942f6d10483d,7727fbb61f79ac59b4ff3b7b6b8cba812ef7d91bfa4a74527d186e6b326c25d8
1,20260809T093912Z_35406beea576_stage08_b03_formal_8333f001,formal,20260809T093912Z,35406beea576a85fdcc10a9245ada0c9f5adf195,true,stage08_b03_resample_scales_v1,0347a2580c7ee0fef01dbfe0f556ec49b8c9a54903507c9b87aab0765fe1d5e1,operator,resample,NA,NA,resample,resample__resample_fp32_10e3__ec3ac263d453ce8f,resample_fp32_10e3,10^3,1024,x=[32x32],FP32,CPU,fft_thrust,compatibility/end-to-end,PASS,OK,20,100,74,3.0905079999999998,true,ec3ac263d453ce8fe4e6e158363ed9cb286857cd644590bc6579942f6d10483d,7727fbb61f79ac59b4ff3b7b6b8cba812ef7d91bfa4a74527d186e6b326c25d8
1,20260809T093912Z_35406beea576_stage08_b03_formal_8333f001,formal,20260809T093912Z,35406beea576a85fdcc10a9245ada0c9f5adf195,true,stage08_b03_resample_scales_v1,0347a2580c7ee0fef01dbfe0f556ec49b8c9a54903507c9b87aab0765fe1d5e1,operator,resample,NA,NA,resample,resample__resample_fp32_10e3__ec3ac263d453ce8f,resample_fp32_10e3,10^3,1024,x=[32x32],FP32,CPU,fft_thrust,compatibility/end-to-end,PASS,OK,20,100,75,3.072997,true,ec3ac263d453ce8fe4e6e158363ed9cb286857cd644590bc6579942f6d10483d,7727fbb61f79ac59b4ff3b7b6b8cba812ef7d91bfa4a74527d186e6b326c25d8
1,20260809T093912Z_35406beea576_stage08_b03_formal_8333f001,formal,20260809T093912Z,35406beea576a85fdcc10a9245ada0c9f5adf195,true,stage08_b03_resample_scales_v1,0347a2580c7ee0fef01dbfe0f556ec49b8c9a54903507c9b87aab0765fe1d5e1,operator,resample,NA,NA,resample,resample__resample_fp32_10e3__ec3ac263d453ce8f,resample_fp32_10e3,10^3,1024,x=[32x32],FP32,CPU,fft_thrust,compatibility/end-to-end,PASS,OK,20,100,76,3.081267,true,ec3ac263d453ce8fe4e6e158363ed9cb286857cd644590bc6579942f6d10483d,7727fbb61f79ac59b4ff3b7b6b8cba812ef7d91bfa4a74527d186e6b326c25d8
1,20260809T093912Z_35406beea576_stage08_b03_formal_8333f001,formal,20260809T093912Z,35406beea576a85fdcc10a9245ada0c9f5adf195,true,stage08_b03_resample_scales_v1,0347a2580c7ee0fef01dbfe0f556ec49b8c9a54903507c9b87aab0765fe1d5e1,operator,resample,NA,NA,resample,resample__resample_fp32_10e3__ec3ac263d453ce8f,resample_fp32_10e3,10^3,1024,x=[32x32],FP32,CPU,fft_thrust,compatibility/end-to-end,PASS,OK,20,100,77,3.0679470000000002,true,ec3ac263d453ce8fe4e6e158363ed9cb286857cd644590bc6579942f6d10483d,7727fbb61f79ac59b4ff3b7b6b8cba812ef7d91bfa4a74527d186e6b326c25d8
1,20260809T093912Z_35406beea576_stage08_b03_formal_8333f001,formal,20260809T093912Z,35406beea576a85fdcc10a9245ada0c9f5adf195,true,stage08_b03_resample_scales_v1,0347a2580c7ee0fef01dbfe0f556ec49b8c9a54903507c9b87aab0765fe1d5e1,operator,resample,NA,NA,resample,resample__resample_fp32_10e3__ec3ac263d453ce8f,resample_fp32_10e3,10^3,1024,x=[32x32],FP32,CPU,fft_thrust,compatibility/end-to-end,PASS,OK,20,100,78,3.0731169999999999,true,ec3ac263d453ce8fe4e6e158363ed9cb286857cd644590bc6579942f6d10483d,7727fbb61f79ac59b4ff3b7b6b8cba812ef7d91bfa4a74527d186e6b326c25d8
1,20260809T093912Z_35406beea576_stage08_b03_formal_8333f001,formal,20260809T093912Z,35406beea576a85fdcc10a9245ada0c9f5adf195,true,stage08_b03_resample_scales_v1,0347a2580c7ee0fef01dbfe0f556ec49b8c9a54903507c9b87aab0765fe1d5e1,operator,resample,NA,NA,resample,resample__resample_fp32_10e3__ec3ac263d453ce8f,resample_fp32_10e3,10^3,1024,x=[32x32],FP32,CPU,fft_thrust,compatibility/end-to-end,PASS,OK,20,100,79,3.0787079999999998,true,ec3ac263d453ce8fe4e6e158363ed9cb286857cd644590bc6579942f6d10483d,7727fbb61f79ac59b4ff3b7b6b8cba812ef7d91bfa4a74527d186e6b326c25d8
1,20260809T093912Z_35406beea576_stage08_b03_formal_8333f001,formal,20260809T093912Z,35406beea576a85fdcc10a9245ada0c9f5adf195,true,stage08_b03_resample_scales_v1,0347a2580c7ee0fef01dbfe0f556ec49b8c9a54903507c9b87aab0765fe1d5e1,operator,resample,NA,NA,resample,resample__resample_fp32_10e3__ec3ac263d453ce8f,resample_fp32_10e3,10^3,1024,x=[32x32],FP32,CPU,fft_thrust,compatibility/end-to-end,PASS,OK,20,100,80,3.0738470000000002,true,ec3ac263d453ce8fe4e6e158363ed9cb286857cd644590bc6579942f6d10483d,7727fbb61f79ac59b4ff3b7b6b8cba812ef7d91bfa4a74527d186e6b326c25d8
1,20260809T093912Z_35406beea576_stage08_b03_formal_8333f001,formal,20260809T093912Z,35406beea576a85fdcc10a9245ada0c9f5adf195,true,stage08_b03_resample_scales_v1,0347a2580c7ee0fef01dbfe0f556ec49b8c9a54903507c9b87aab0765fe1d5e1,operator,resample,NA,NA,resample,resample__resample_fp32_10e3__ec3ac263d453ce8f,resample_fp32_10e3,10^3,1024,x=[32x32],FP32,CPU,fft_thrust,compatibility/end-to-end,PASS,OK,20,100,81,3.0752060000000001,true,ec3ac263d453ce8fe4e6e158363ed9cb286857cd644590bc6579942f6d10483d,7727fbb61f79ac59b4ff3b7b6b8cba812ef7d91bfa4a74527d186e6b326c25d8
1,20260809T093912Z_35406beea576_stage08_b03_formal_8333f001,formal,20260809T093912Z,35406beea576a85fdcc10a9245ada0c9f5adf195,true,stage08_b03_resample_scales_v1,0347a2580c7ee0fef01dbfe0f556ec49b8c9a54903507c9b87aab0765fe1d5e1,operator,resample,NA,NA,resample,resample__resample_fp32_10e3__ec3ac263d453ce8f,resample_fp32_10e3,10^3,1024,x=[32x32],FP32,CPU,fft_thrust,compatibility/end-to-end,PASS,OK,20,100,82,3.0719280000000002,true,ec3ac263d453ce8fe4e6e158363ed9cb286857cd644590bc6579942f6d10483d,7727fbb61f79ac59b4ff3b7b6b8cba812ef7d91bfa4a74527d186e6b326c25d8
1,20260809T093912Z_35406beea576_stage08_b03_formal_8333f001,formal,20260809T093912Z,35406beea576a85fdcc10a9245ada0c9f5adf195,true,stage08_b03_resample_scales_v1,0347a2580c7ee0fef01dbfe0f556ec49b8c9a54903507c9b87aab0765fe1d5e1,operator,resample,NA,NA,resample,resample__resample_fp32_10e3__ec3ac263d453ce8f,resample_fp32_10e3,10^3,1024,x=[32x32],FP32,CPU,fft_thrust,compatibility/end-to-end,PASS,OK,20,100,83,3.0787170000000001,true,ec3ac263d453ce8fe4e6e158363ed9cb286857cd644590bc6579942f6d10483d,7727fbb61f79ac59b4ff3b7b6b8cba812ef7d91bfa4a74527d186e6b326c25d8
1,20260809T093912Z_35406beea576_stage08_b03_formal_8333f001,formal,20260809T093912Z,35406beea576a85fdcc10a9245ada0c9f5adf195,true,stage08_b03_resample_scales_v1,0347a2580c7ee0fef01dbfe0f556ec49b8c9a54903507c9b87aab0765fe1d5e1,operator,resample,NA,NA,resample,resample__resample_fp32_10e3__ec3ac263d453ce8f,resample_fp32_10e3,10^3,1024,x=[32x32],FP32,CPU,fft_thrust,compatibility/end-to-end,PASS,OK,20,100,84,3.0781070000000001,true,ec3ac263d453ce8fe4e6e158363ed9cb286857cd644590bc6579942f6d10483d,7727fbb61f79ac59b4ff3b7b6b8cba812ef7d91bfa4a74527d186e6b326c25d8
1,20260809T093912Z_35406beea576_stage08_b03_formal_8333f001,formal,20260809T093912Z,35406beea576a85fdcc10a9245ada0c9f5adf195,true,stage08_b03_resample_scales_v1,0347a2580c7ee0fef01dbfe0f556ec49b8c9a54903507c9b87aab0765fe1d5e1,operator,resample,NA,NA,resample,resample__resample_fp32_10e3__ec3ac263d453ce8f,resample_fp32_10e3,10^3,1024,x=[32x32],FP32,CPU,fft_thrust,compatibility/end-to-end,PASS,OK,20,100,85,3.082767,true,ec3ac263d453ce8fe4e6e158363ed9cb286857cd644590bc6579942f6d10483d,7727fbb61f79ac59b4ff3b7b6b8cba812ef7d91bfa4a74527d186e6b326c25d8
1,20260809T093912Z_35406beea576_stage08_b03_formal_8333f001,formal,20260809T093912Z,35406beea576a85fdcc10a9245ada0c9f5adf195,true,stage08_b03_resample_scales_v1,0347a2580c7ee0fef01dbfe0f556ec49b8c9a54903507c9b87aab0765fe1d5e1,operator,resample,NA,NA,resample,resample__resample_fp32_10e3__ec3ac263d453ce8f,resample_fp32_10e3,10^3,1024,x=[32x32],FP32,CPU,fft_thrust,compatibility/end-to-end,PASS,OK,20,100,86,3.0697369999999999,true,ec3ac263d453ce8fe4e6e158363ed9cb286857cd644590bc6579942f6d10483d,7727fbb61f79ac59b4ff3b7b6b8cba812ef7d91bfa4a74527d186e6b326c25d8
1,20260809T093912Z_35406beea576_stage08_b03_formal_8333f001,formal,20260809T093912Z,35406beea576a85fdcc10a9245ada0c9f5adf195,true,stage08_b03_resample_scales_v1,0347a2580c7ee0fef01dbfe0f556ec49b8c9a54903507c9b87aab0765fe1d5e1,operator,resample,NA,NA,resample,resample__resample_fp32_10e3__ec3ac263d453ce8f,resample_fp32_10e3,10^3,1024,x=[32x32],FP32,CPU,fft_thrust,compatibility/end-to-end,PASS,OK,20,100,87,3.079107,true,ec3ac263d453ce8fe4e6e158363ed9cb286857cd644590bc6579942f6d10483d,7727fbb61f79ac59b4ff3b7b6b8cba812ef7d91bfa4a74527d186e6b326c25d8
1,20260809T093912Z_35406beea576_stage08_b03_formal_8333f001,formal,20260809T093912Z,35406beea576a85fdcc10a9245ada0c9f5adf195,true,stage08_b03_resample_scales_v1,0347a2580c7ee0fef01dbfe0f556ec49b8c9a54903507c9b87aab0765fe1d5e1,operator,resample,NA,NA,resample,resample__resample_fp32_10e3__ec3ac263d453ce8f,resample_fp32_10e3,10^3,1024,x=[32x32],FP32,CPU,fft_thrust,compatibility/end-to-end,PASS,OK,20,100,88,3.0785979999999999,true,ec3ac263d453ce8fe4e6e158363ed9cb286857cd644590bc6579942f6d10483d,7727fbb61f79ac59b4ff3b7b6b8cba812ef7d91bfa4a74527d186e6b326c25d8
1,20260809T093912Z_35406beea576_stage08_b03_formal_8333f001,formal,20260809T093912Z,35406beea576a85fdcc10a9245ada0c9f5adf195,true,stage08_b03_resample_scales_v1,0347a2580c7ee0fef01dbfe0f556ec49b8c9a54903507c9b87aab0765fe1d5e1,operator,resample,NA,NA,resample,resample__resample_fp32_10e3__ec3ac263d453ce8f,resample_fp32_10e3,10^3,1024,x=[32x32],FP32,CPU,fft_thrust,compatibility/end-to-end,PASS,OK,20,100,89,3.0762360000000002,true,ec3ac263d453ce8fe4e6e158363ed9cb286857cd644590bc6579942f6d10483d,7727fbb61f79ac59b4ff3b7b6b8cba812ef7d91bfa4a74527d186e6b326c25d8
1,20260809T093912Z_35406beea576_stage08_b03_formal_8333f001,formal,20260809T093912Z,35406beea576a85fdcc10a9245ada0c9f5adf195,true,stage08_b03_resample_scales_v1,0347a2580c7ee0fef01dbfe0f556ec49b8c9a54903507c9b87aab0765fe1d5e1,operator,resample,NA,NA,resample,resample__resample_fp32_10e3__ec3ac263d453ce8f,resample_fp32_10e3,10^3,1024,x=[32x32],FP32,CPU,fft_thrust,compatibility/end-to-end,PASS,OK,20,100,90,3.0698180000000002,true,ec3ac263d453ce8fe4e6e158363ed9cb286857cd644590bc6579942f6d10483d,7727fbb61f79ac59b4ff3b7b6b8cba812ef7d91bfa4a74527d186e6b326c25d8
1,20260809T093912Z_35406beea576_stage08_b03_formal_8333f001,formal,20260809T093912Z,35406beea576a85fdcc10a9245ada0c9f5adf195,true,stage08_b03_resample_scales_v1,0347a2580c7ee0fef01dbfe0f556ec49b8c9a54903507c9b87aab0765fe1d5e1,operator,resample,NA,NA,resample,resample__resample_fp32_10e3__ec3ac263d453ce8f,resample_fp32_10e3,10^3,1024,x=[32x32],FP32,CPU,fft_thrust,compatibility/end-to-end,PASS,OK,20,100,91,3.0808170000000001,true,ec3ac263d453ce8fe4e6e158363ed9cb286857cd644590bc6579942f6d10483d,7727fbb61f79ac59b4ff3b7b6b8cba812ef7d91bfa4a74527d186e6b326c25d8
1,20260809T093912Z_35406beea576_stage08_b03_formal_8333f001,formal,20260809T093912Z,35406beea576a85fdcc10a9245ada0c9f5adf195,true,stage08_b03_resample_scales_v1,0347a2580c7ee0fef01dbfe0f556ec49b8c9a54903507c9b87aab0765fe1d5e1,operator,resample,NA,NA,resample,resample__resample_fp32_10e3__ec3ac263d453ce8f,resample_fp32_10e3,10^3,1024,x=[32x32],FP32,CPU,fft_thrust,compatibility/end-to-end,PASS,OK,20,100,92,3.0782569999999998,true,ec3ac263d453ce8fe4e6e158363ed9cb286857cd644590bc6579942f6d10483d,7727fbb61f79ac59b4ff3b7b6b8cba812ef7d91bfa4a74527d186e6b326c25d8
1,20260809T093912Z_35406beea576_stage08_b03_formal_8333f001,formal,20260809T093912Z,35406beea576a85fdcc10a9245ada0c9f5adf195,true,stage08_b03_resample_scales_v1,0347a2580c7ee0fef01dbfe0f556ec49b8c9a54903507c9b87aab0765fe1d5e1,operator,resample,NA,NA,resample,resample__resample_fp32_10e3__ec3ac263d453ce8f,resample_fp32_10e3,10^3,1024,x=[32x32],FP32,CPU,fft_thrust,compatibility/end-to-end,PASS,OK,20,100,93,3.0967579999999999,true,ec3ac263d453ce8fe4e6e158363ed9cb286857cd644590bc6579942f6d10483d,7727fbb61f79ac59b4ff3b7b6b8cba812ef7d91bfa4a74527d186e6b326c25d8
1,20260809T093912Z_35406beea576_stage08_b03_formal_8333f001,formal,20260809T093912Z,35406beea576a85fdcc10a9245ada0c9f5adf195,true,stage08_b03_resample_scales_v1,0347a2580c7ee0fef01dbfe0f556ec49b8c9a54903507c9b87aab0765fe1d5e1,operator,resample,NA,NA,resample,resample__resample_fp32_10e3__ec3ac263d453ce8f,resample_fp32_10e3,10^3,1024,x=[32x32],FP32,CPU,fft_thrust,compatibility/end-to-end,PASS,OK,20,100,94,3.0779160000000001,true,ec3ac263d453ce8fe4e6e158363ed9cb286857cd644590bc6579942f6d10483d,7727fbb61f79ac59b4ff3b7b6b8cba812ef7d91bfa4a74527d186e6b326c25d8
1,20260809T093912Z_35406beea576_stage08_b03_formal_8333f001,formal,20260809T093912Z,35406beea576a85fdcc10a9245ada0c9f5adf195,true,stage08_b03_resample_scales_v1,0347a2580c7ee0fef01dbfe0f556ec49b8c9a54903507c9b87aab0765fe1d5e1,operator,resample,NA,NA,resample,resample__resample_fp32_10e3__ec3ac263d453ce8f,resample_fp32_10e3,10^3,1024,x=[32x32],FP32,CPU,fft_thrust,compatibility/end-to-end,PASS,OK,20,100,95,3.0707580000000001,true,ec3ac263d453ce8fe4e6e158363ed9cb286857cd644590bc6579942f6d10483d,7727fbb61f79ac59b4ff3b7b6b8cba812ef7d91bfa4a74527d186e6b326c25d8
1,20260809T093912Z_35406beea576_stage08_b03_formal_8333f001,formal,20260809T093912Z,35406beea576a85fdcc10a9245ada0c9f5adf195,true,stage08_b03_resample_scales_v1,0347a2580c7ee0fef01dbfe0f556ec49b8c9a54903507c9b87aab0765fe1d5e1,operator,resample,NA,NA,resample,resample__resample_fp32_10e3__ec3ac263d453ce8f,resample_fp32_10e3,10^3,1024,x=[32x32],FP32,CPU,fft_thrust,compatibility/end-to-end,PASS,OK,20,100,96,3.080247,true,ec3ac263d453ce8fe4e6e158363ed9cb286857cd644590bc6579942f6d10483d,7727fbb61f79ac59b4ff3b7b6b8cba812ef7d91bfa4a74527d186e6b326c25d8
1,20260809T093912Z_35406beea576_stage08_b03_formal_8333f001,formal,20260809T093912Z,35406beea576a85fdcc10a9245ada0c9f5adf195,true,stage08_b03_resample_scales_v1,0347a2580c7ee0fef01dbfe0f556ec49b8c9a54903507c9b87aab0765fe1d5e1,operator,resample,NA,NA,resample,resample__resample_fp32_10e3__ec3ac263d453ce8f,resample_fp32_10e3,10^3,1024,x=[32x32],FP32,CPU,fft_thrust,compatibility/end-to-end,PASS,OK,20,100,97,3.0769769999999999,true,ec3ac263d453ce8fe4e6e158363ed9cb286857cd644590bc6579942f6d10483d,7727fbb61f79ac59b4ff3b7b6b8cba812ef7d91bfa4a74527d186e6b326c25d8
1,20260809T093912Z_35406beea576_stage08_b03_formal_8333f001,formal,20260809T093912Z,35406beea576a85fdcc10a9245ada0c9f5adf195,true,stage08_b03_resample_scales_v1,0347a2580c7ee0fef01dbfe0f556ec49b8c9a54903507c9b87aab0765fe1d5e1,operator,resample,NA,NA,resample,resample__resample_fp32_10e3__ec3ac263d453ce8f,resample_fp32_10e3,10^3,1024,x=[32x32],FP32,CPU,fft_thrust,compatibility/end-to-end,PASS,OK,20,100,98,3.0788069999999998,true,ec3ac263d453ce8fe4e6e158363ed9cb286857cd644590bc6579942f6d10483d,7727fbb61f79ac59b4ff3b7b6b8cba812ef7d91bfa4a74527d186e6b326c25d8
1,20260809T093912Z_35406beea576_stage08_b03_formal_8333f001,formal,20260809T093912Z,35406beea576a85fdcc10a9245ada0c9f5adf195,true,stage08_b03_resample_scales_v1,0347a2580c7ee0fef01dbfe0f556ec49b8c9a54903507c9b87aab0765fe1d5e1,operator,resample,NA,NA,resample,resample__resample_fp32_10e3__ec3ac263d453ce8f,resample_fp32_10e3,10^3,1024,x=[32x32],FP32,CPU,fft_thrust,compatibility/end-to-end,PASS,OK,20,100,99,3.0694170000000001,true,ec3ac263d453ce8fe4e6e158363ed9cb286857cd644590bc6579942f6d10483d,7727fbb61f79ac59b4ff3b7b6b8cba812ef7d91bfa4a74527d186e6b326c25d8
1,20260809T093912Z_35406beea576_stage08_b03_formal_8333f001,formal,20260809T093912Z,35406beea576a85fdcc10a9245ada0c9f5adf195,true,stage08_b03_resample_scales_v1,0347a2580c7ee0fef01dbfe0f556ec49b8c9a54903507c9b87aab0765fe1d5e1,operator,resample,NA,NA,resample,resample__resample_fp32_10e3__ec3ac263d453ce8f,resample_fp32_10e3,10^3,1024,x=[32x32],FP32,GPU,fft_thrust,compatibility/end-to-end,PASS,OK,20,100,0,20.847852,true,ec3ac263d453ce8fe4e6e158363ed9cb286857cd644590bc6579942f6d10483d,9cce4ccc39bd3df7a0ef6f5227224467f1c727fe9adf9f50764e48651e795319
1,20260809T093912Z_35406beea576_stage08_b03_formal_8333f001,formal,20260809T093912Z,35406beea576a85fdcc10a9245ada0c9f5adf195,true,stage08_b03_resample_scales_v1,0347a2580c7ee0fef01dbfe0f556ec49b8c9a54903507c9b87aab0765fe1d5e1,operator,resample,NA,NA,resample,resample__resample_fp32_10e3__ec3ac263d453ce8f,resample_fp32_10e3,10^3,1024,x=[32x32],FP32,GPU,fft_thrust,compatibility/end-to-end,PASS,OK,20,100,1,20.479547,true,ec3ac263d453ce8fe4e6e158363ed9cb286857cd644590bc6579942f6d10483d,9cce4ccc39bd3df7a0ef6f5227224467f1c727fe9adf9f50764e48651e795319
1,20260809T093912Z_35406beea576_stage08_b03_formal_8333f001,formal,20260809T093912Z,35406beea576a85fdcc10a9245ada0c9f5adf195,true,stage08_b03_resample_scales_v1,0347a2580c7ee0fef01dbfe0f556ec49b8c9a54903507c9b87aab0765fe1d5e1,operator,resample,NA,NA,resample,resample__resample_fp32_10e3__ec3ac263d453ce8f,resample_fp32_10e3,10^3,1024,x=[32x32],FP32,GPU,fft_thrust,compatibility/end-to-end,PASS,OK,20,100,2,21.250616999999998,true,ec3ac263d453ce8fe4e6e158363ed9cb286857cd644590bc6579942f6d10483d,9cce4ccc39bd3df7a0ef6f5227224467f1c727fe9adf9f50764e48651e795319
1,20260809T093912Z_35406beea576_stage08_b03_formal_8333f001,formal,20260809T093912Z,35406beea576a85fdcc10a9245ada0c9f5adf195,true,stage08_b03_resample_scales_v1,0347a2580c7ee0fef01dbfe0f556ec49b8c9a54903507c9b87aab0765fe1d5e1,operator,resample,NA,NA,resample,resample__resample_fp32_10e3__ec3ac263d453ce8f,resample_fp32_10e3,10^3,1024,x=[32x32],FP32,GPU,fft_thrust,compatibility/end-to-end,PASS,OK,20,100,3,20.616797999999999,true,ec3ac263d453ce8fe4e6e158363ed9cb286857cd644590bc6579942f6d10483d,9cce4ccc39bd3df7a0ef6f5227224467f1c727fe9adf9f50764e48651e795319
1,20260809T093912Z_35406beea576_stage08_b03_formal_8333f001,formal,20260809T093912Z,35406beea576a85fdcc10a9245ada0c9f5adf195,true,stage08_b03_resample_scales_v1,0347a2580c7ee0fef01dbfe0f556ec49b8c9a54903507c9b87aab0765fe1d5e1,operator,resample,NA,NA,resample,resample__resample_fp32_10e3__ec3ac263d453ce8f,resample_fp32_10e3,10^3,1024,x=[32x32],FP32,GPU,fft_thrust,compatibility/end-to-end,PASS,OK,20,100,4,20.73555,true,ec3ac263d453ce8fe4e6e158363ed9cb286857cd644590bc6579942f6d10483d,9cce4ccc39bd3df7a0ef6f5227224467f1c727fe9adf9f50764e48651e795319
1,20260809T093912Z_35406beea576_stage08_b03_formal_8333f001,formal,20260809T093912Z,35406beea576a85fdcc10a9245ada0c9f5adf195,true,stage08_b03_resample_scales_v1,0347a2580c7ee0fef01dbfe0f556ec49b8c9a54903507c9b87aab0765fe1d5e1,operator,resample,NA,NA,resample,resample__resample_fp32_10e3__ec3ac263d453ce8f,resample_fp32_10e3,10^3,1024,x=[32x32],FP32,GPU,fft_thrust,compatibility/end-to-end,PASS,OK,20,100,5,20.450247000000001,true,ec3ac263d453ce8fe4e6e158363ed9cb286857cd644590bc6579942f6d10483d,9cce4ccc39bd3df7a0ef6f5227224467f1c727fe9adf9f50764e48651e795319
1,20260809T093912Z_35406beea576_stage08_b03_formal_8333f001,formal,20260809T093912Z,35406beea576a85fdcc10a9245ada0c9f5adf195,true,stage08_b03_resample_scales_v1,0347a2580c7ee0fef01dbfe0f556ec49b8c9a54903507c9b87aab0765fe1d5e1,operator,resample,NA,NA,resample,resample__resample_fp32_10e3__ec3ac263d453ce8f,resample_fp32_10e3,10^3,1024,x=[32x32],FP32,GPU,fft_thrust,compatibility/end-to-end,PASS,OK,20,100,6,20.630859000000001,true,ec3ac263d453ce8fe4e6e158363ed9cb286857cd644590bc6579942f6d10483d,9cce4ccc39bd3df7a0ef6f5227224467f1c727fe9adf9f50764e48651e795319
1,20260809T093912Z_35406beea576_stage08_b03_formal_8333f001,formal,20260809T093912Z,35406beea576a85fdcc10a9245ada0c9f5adf195,true,stage08_b03_resample_scales_v1,0347a2580c7ee0fef01dbfe0f556ec49b8c9a54903507c9b87aab0765fe1d5e1,operator,resample,NA,NA,resample,resample__resample_fp32_10e3__ec3ac263d453ce8f,resample_fp32_10e3,10^3,1024,x=[32x32],FP32,GPU,fft_thrust,compatibility/end-to-end,PASS,OK,20,100,7,20.484558,true,ec3ac263d453ce8fe4e6e158363ed9cb286857cd644590bc6579942f6d10483d,9cce4ccc39bd3df7a0ef6f5227224467f1c727fe9adf9f50764e48651e795319
1,20260809T093912Z_35406beea576_stage08_b03_formal_8333f001,formal,20260809T093912Z,35406beea576a85fdcc10a9245ada0c9f5adf195,true,stage08_b03_resample_scales_v1,0347a2580c7ee0fef01dbfe0f556ec49b8c9a54903507c9b87aab0765fe1d5e1,operator,resample,NA,NA,resample,resample__resample_fp32_10e3__ec3ac263d453ce8f,resample_fp32_10e3,10^3,1024,x=[32x32],FP32,GPU,fft_thrust,compatibility/end-to-end,PASS,OK,20,100,8,20.635508000000002,true,ec3ac263d453ce8fe4e6e158363ed9cb286857cd644590bc6579942f6d10483d,9cce4ccc39bd3df7a0ef6f5227224467f1c727fe9adf9f50764e48651e795319
1,20260809T093912Z_35406beea576_stage08_b03_formal_8333f001,formal,20260809T093912Z,35406beea576a85fdcc10a9245ada0c9f5adf195,true,stage08_b03_resample_scales_v1,0347a2580c7ee0fef01dbfe0f556ec49b8c9a54903507c9b87aab0765fe1d5e1,operator,resample,NA,NA,resample,resample__resample_fp32_10e3__ec3ac263d453ce8f,resample_fp32_10e3,10^3,1024,x=[32x32],FP32,GPU,fft_thrust,compatibility/end-to-end,PASS,OK,20,100,9,20.634840000000001,true,ec3ac263d453ce8fe4e6e158363ed9cb286857cd644590bc6579942f6d10483d,9cce4ccc39bd3df7a0ef6f5227224467f1c727fe9adf9f50764e48651e795319
1,20260809T093912Z_35406beea576_stage08_b03_formal_8333f001,formal,20260809T093912Z,35406beea576a85fdcc10a9245ada0c9f5adf195,true,stage08_b03_resample_scales_v1,0347a2580c7ee0fef01dbfe0f556ec49b8c9a54903507c9b87aab0765fe1d5e1,operator,resample,NA,NA,resample,resample__resample_fp32_10e3__ec3ac263d453ce8f,resample_fp32_10e3,10^3,1024,x=[32x32],FP32,GPU,fft_thrust,compatibility/end-to-end,PASS,OK,20,100,10,20.473907000000001,true,ec3ac263d453ce8fe4e6e158363ed9cb286857cd644590bc6579942f6d10483d,9cce4ccc39bd3df7a0ef6f5227224467f1c727fe9adf9f50764e48651e795319
1,20260809T093912Z_35406beea576_stage08_b03_formal_8333f001,formal,20260809T093912Z,35406beea576a85fdcc10a9245ada0c9f5adf195,true,stage08_b03_resample_scales_v1,0347a2580c7ee0fef01dbfe0f556ec49b8c9a54903507c9b87aab0765fe1d5e1,operator,resample,NA,NA,resample,resample__resample_fp32_10e3__ec3ac263d453ce8f,resample_fp32_10e3,10^3,1024,x=[32x32],FP32,GPU,fft_thrust,compatibility/end-to-end,PASS,OK,20,100,11,20.452126,true,ec3ac263d453ce8fe4e6e158363ed9cb286857cd644590bc6579942f6d10483d,9cce4ccc39bd3df7a0ef6f5227224467f1c727fe9adf9f50764e48651e795319
1,20260809T093912Z_35406beea576_stage08_b03_formal_8333f001,formal,20260809T093912Z,35406beea576a85fdcc10a9245ada0c9f5adf195,true,stage08_b03_resample_scales_v1,0347a2580c7ee0fef01dbfe0f556ec49b8c9a54903507c9b87aab0765fe1d5e1,operator,resample,NA,NA,resample,resample__resample_fp32_10e3__ec3ac263d453ce8f,resample_fp32_10e3,10^3,1024,x=[32x32],FP32,GPU,fft_thrust,compatibility/end-to-end,PASS,OK,20,100,12,20.452127000000001,true,ec3ac263d453ce8fe4e6e158363ed9cb286857cd644590bc6579942f6d10483d,9cce4ccc39bd3df7a0ef6f5227224467f1c727fe9adf9f50764e48651e795319
1,20260809T093912Z_35406beea576_stage08_b03_formal_8333f001,formal,20260809T093912Z,35406beea576a85fdcc10a9245ada0c9f5adf195,true,stage08_b03_resample_scales_v1,0347a2580c7ee0fef01dbfe0f556ec49b8c9a54903507c9b87aab0765fe1d5e1,operator,resample,NA,NA,resample,resample__resample_fp32_10e3__ec3ac263d453ce8f,resample_fp32_10e3,10^3,1024,x=[32x32],FP32,GPU,fft_thrust,compatibility/end-to-end,PASS,OK,20,100,13,20.560668,true,ec3ac263d453ce8fe4e6e158363ed9cb286857cd644590bc6579942f6d10483d,9cce4ccc39bd3df7a0ef6f5227224467f1c727fe9adf9f50764e48651e795319
1,20260809T093912Z_35406beea576_stage08_b03_formal_8333f001,formal,20260809T093912Z,35406beea576a85fdcc10a9245ada0c9f5adf195,true,stage08_b03_resample_scales_v1,0347a2580c7ee0fef01dbfe0f556ec49b8c9a54903507c9b87aab0765fe1d5e1,operator,resample,NA,NA,resample,resample__resample_fp32_10e3__ec3ac263d453ce8f,resample_fp32_10e3,10^3,1024,x=[32x32],FP32,GPU,fft_thrust,compatibility/end-to-end,PASS,OK,20,100,14,20.664819999999999,true,ec3ac263d453ce8fe4e6e158363ed9cb286857cd644590bc6579942f6d10483d,9cce4ccc39bd3df7a0ef6f5227224467f1c727fe9adf9f50764e48651e795319
1,20260809T093912Z_35406beea576_stage08_b03_formal_8333f001,formal,20260809T093912Z,35406beea576a85fdcc10a9245ada0c9f5adf195,true,stage08_b03_resample_scales_v1,0347a2580c7ee0fef01dbfe0f556ec49b8c9a54903507c9b87aab0765fe1d5e1,operator,resample,NA,NA,resample,resample__resample_fp32_10e3__ec3ac263d453ce8f,resample_fp32_10e3,10^3,1024,x=[32x32],FP32,GPU,fft_thrust,compatibility/end-to-end,PASS,OK,20,100,15,20.503146999999998,true,ec3ac263d453ce8fe4e6e158363ed9cb286857cd644590bc6579942f6d10483d,9cce4ccc39bd3df7a0ef6f5227224467f1c727fe9adf9f50764e48651e795319
1,20260809T093912Z_35406beea576_stage08_b03_formal_8333f001,formal,20260809T093912Z,35406beea576a85fdcc10a9245ada0c9f5adf195,true,stage08_b03_resample_scales_v1,0347a2580c7ee0fef01dbfe0f556ec49b8c9a54903507c9b87aab0765fe1d5e1,operator,resample,NA,NA,resample,resample__resample_fp32_10e3__ec3ac263d453ce8f,resample_fp32_10e3,10^3,1024,x=[32x32],FP32,GPU,fft_thrust,compatibility/end-to-end,PASS,OK,20,100,16,20.565439000000001,true,ec3ac263d453ce8fe4e6e158363ed9cb286857cd644590bc6579942f6d10483d,9cce4ccc39bd3df7a0ef6f5227224467f1c727fe9adf9f50764e48651e795319
1,20260809T093912Z_35406beea576_stage08_b03_formal_8333f001,formal,20260809T093912Z,35406beea576a85fdcc10a9245ada0c9f5adf195,true,stage08_b03_resample_scales_v1,0347a2580c7ee0fef01dbfe0f556ec49b8c9a54903507c9b87aab0765fe1d5e1,operator,resample,NA,NA,resample,resample__resample_fp32_10e3__ec3ac263d453ce8f,resample_fp32_10e3,10^3,1024,x=[32x32],FP32,GPU,fft_thrust,compatibility/end-to-end,PASS,OK,20,100,17,20.417746000000001,true,ec3ac263d453ce8fe4e6e158363ed9cb286857cd644590bc6579942f6d10483d,9cce4ccc39bd3df7a0ef6f5227224467f1c727fe9adf9f50764e48651e795319
1,20260809T093912Z_35406beea576_stage08_b03_formal_8333f001,formal,20260809T093912Z,35406beea576a85fdcc10a9245ada0c9f5adf195,true,stage08_b03_resample_scales_v1,0347a2580c7ee0fef01dbfe0f556ec49b8c9a54903507c9b87aab0765fe1d5e1,operator,resample,NA,NA,resample,resample__resample_fp32_10e3__ec3ac263d453ce8f,resample_fp32_10e3,10^3,1024,x=[32x32],FP32,GPU,fft_thrust,compatibility/end-to-end,PASS,OK,20,100,18,20.503387,true,ec3ac263d453ce8fe4e6e158363ed9cb286857cd644590bc6579942f6d10483d,9cce4ccc39bd3df7a0ef6f5227224467f1c727fe9adf9f50764e48651e795319
1,20260809T093912Z_35406beea576_stage08_b03_formal_8333f001,formal,20260809T093912Z,35406beea576a85fdcc10a9245ada0c9f5adf195,true,stage08_b03_resample_scales_v1,0347a2580c7ee0fef01dbfe0f556ec49b8c9a54903507c9b87aab0765fe1d5e1,operator,resample,NA,NA,resample,resample__resample_fp32_10e3__ec3ac263d453ce8f,resample_fp32_10e3,10^3,1024,x=[32x32],FP32,GPU,fft_thrust,compatibility/end-to-end,PASS,OK,20,100,19,20.455507000000001,true,ec3ac263d453ce8fe4e6e158363ed9cb286857cd644590bc6579942f6d10483d,9cce4ccc39bd3df7a0ef6f5227224467f1c727fe9adf9f50764e48651e795319
1,20260809T093912Z_35406beea576_stage08_b03_formal_8333f001,formal,20260809T093912Z,35406beea576a85fdcc10a9245ada0c9f5adf195,true,stage08_b03_resample_scales_v1,0347a2580c7ee0fef01dbfe0f556ec49b8c9a54903507c9b87aab0765fe1d5e1,operator,resample,NA,NA,resample,resample__resample_fp32_10e3__ec3ac263d453ce8f,resample_fp32_10e3,10^3,1024,x=[32x32],FP32,GPU,fft_thrust,compatibility/end-to-end,PASS,OK,20,100,20,20.712789999999998,true,ec3ac263d453ce8fe4e6e158363ed9cb286857cd644590bc6579942f6d10483d,9cce4ccc39bd3df7a0ef6f5227224467f1c727fe9adf9f50764e48651e795319
1,20260809T093912Z_35406beea576_stage08_b03_formal_8333f001,formal,20260809T093912Z,35406beea576a85fdcc10a9245ada0c9f5adf195,true,stage08_b03_resample_scales_v1,0347a2580c7ee0fef01dbfe0f556ec49b8c9a54903507c9b87aab0765fe1d5e1,operator,resample,NA,NA,resample,resample__resample_fp32_10e3__ec3ac263d453ce8f,resample_fp32_10e3,10^3,1024,x=[32x32],FP32,GPU,fft_thrust,compatibility/end-to-end,PASS,OK,20,100,21,20.634829,true,ec3ac263d453ce8fe4e6e158363ed9cb286857cd644590bc6579942f6d10483d,9cce4ccc39bd3df7a0ef6f5227224467f1c727fe9adf9f50764e48651e795319
1,20260809T093912Z_35406beea576_stage08_b03_formal_8333f001,formal,20260809T093912Z,35406beea576a85fdcc10a9245ada0c9f5adf195,true,stage08_b03_resample_scales_v1,0347a2580c7ee0fef01dbfe0f556ec49b8c9a54903507c9b87aab0765fe1d5e1,operator,resample,NA,NA,resample,resample__resample_fp32_10e3__ec3ac263d453ce8f,resample_fp32_10e3,10^3,1024,x=[32x32],FP32,GPU,fft_thrust,compatibility/end-to-end,PASS,OK,20,100,22,20.566248000000002,true,ec3ac263d453ce8fe4e6e158363ed9cb286857cd644590bc6579942f6d10483d,9cce4ccc39bd3df7a0ef6f5227224467f1c727fe9adf9f50764e48651e795319
1,20260809T093912Z_35406beea576_stage08_b03_formal_8333f001,formal,20260809T093912Z,35406beea576a85fdcc10a9245ada0c9f5adf195,true,stage08_b03_resample_scales_v1,0347a2580c7ee0fef01dbfe0f556ec49b8c9a54903507c9b87aab0765fe1d5e1,operator,resample,NA,NA,resample,resample__resample_fp32_10e3__ec3ac263d453ce8f,resample_fp32_10e3,10^3,1024,x=[32x32],FP32,GPU,fft_thrust,compatibility/end-to-end,PASS,OK,20,100,23,20.468768000000001,true,ec3ac263d453ce8fe4e6e158363ed9cb286857cd644590bc6579942f6d10483d,9cce4ccc39bd3df7a0ef6f5227224467f1c727fe9adf9f50764e48651e795319
1,20260809T093912Z_35406beea576_stage08_b03_formal_8333f001,formal,20260809T093912Z,35406beea576a85fdcc10a9245ada0c9f5adf195,true,stage08_b03_resample_scales_v1,0347a2580c7ee0fef01dbfe0f556ec49b8c9a54903507c9b87aab0765fe1d5e1,operator,resample,NA,NA,resample,resample__resample_fp32_10e3__ec3ac263d453ce8f,resample_fp32_10e3,10^3,1024,x=[32x32],FP32,GPU,fft_thrust,compatibility/end-to-end,PASS,OK,20,100,24,20.428585999999999,true,ec3ac263d453ce8fe4e6e158363ed9cb286857cd644590bc6579942f6d10483d,9cce4ccc39bd3df7a0ef6f5227224467f1c727fe9adf9f50764e48651e795319
1,20260809T093912Z_35406beea576_stage08_b03_formal_8333f001,formal,20260809T093912Z,35406beea576a85fdcc10a9245ada0c9f5adf195,true,stage08_b03_resample_scales_v1,0347a2580c7ee0fef01dbfe0f556ec49b8c9a54903507c9b87aab0765fe1d5e1,operator,resample,NA,NA,resample,resample__resample_fp32_10e3__ec3ac263d453ce8f,resample_fp32_10e3,10^3,1024,x=[32x32],FP32,GPU,fft_thrust,compatibility/end-to-end,PASS,OK,20,100,25,20.528117999999999,true,ec3ac263d453ce8fe4e6e158363ed9cb286857cd644590bc6579942f6d10483d,9cce4ccc39bd3df7a0ef6f5227224467f1c727fe9adf9f50764e48651e795319
1,20260809T093912Z_35406beea576_stage08_b03_formal_8333f001,formal,20260809T093912Z,35406beea576a85fdcc10a9245ada0c9f5adf195,true,stage08_b03_resample_scales_v1,0347a2580c7ee0fef01dbfe0f556ec49b8c9a54903507c9b87aab0765fe1d5e1,operator,resample,NA,NA,resample,resample__resample_fp32_10e3__ec3ac263d453ce8f,resample_fp32_10e3,10^3,1024,x=[32x32],FP32,GPU,fft_thrust,compatibility/end-to-end,PASS,OK,20,100,26,20.498577000000001,true,ec3ac263d453ce8fe4e6e158363ed9cb286857cd644590bc6579942f6d10483d,9cce4ccc39bd3df7a0ef6f5227224467f1c727fe9adf9f50764e48651e795319
1,20260809T093912Z_35406beea576_stage08_b03_formal_8333f001,formal,20260809T093912Z,35406beea576a85fdcc10a9245ada0c9f5adf195,true,stage08_b03_resample_scales_v1,0347a2580c7ee0fef01dbfe0f556ec49b8c9a54903507c9b87aab0765fe1d5e1,operator,resample,NA,NA,resample,resample__resample_fp32_10e3__ec3ac263d453ce8f,resample_fp32_10e3,10^3,1024,x=[32x32],FP32,GPU,fft_thrust,compatibility/end-to-end,PASS,OK,20,100,27,20.545078,true,ec3ac263d453ce8fe4e6e158363ed9cb286857cd644590bc6579942f6d10483d,9cce4ccc39bd3df7a0ef6f5227224467f1c727fe9adf9f50764e48651e795319
1,20260809T093912Z_35406beea576_stage08_b03_formal_8333f001,formal,20260809T093912Z,35406beea576a85fdcc10a9245ada0c9f5adf195,true,stage08_b03_resample_scales_v1,0347a2580c7ee0fef01dbfe0f556ec49b8c9a54903507c9b87aab0765fe1d5e1,operator,resample,NA,NA,resample,resample__resample_fp32_10e3__ec3ac263d453ce8f,resample_fp32_10e3,10^3,1024,x=[32x32],FP32,GPU,fft_thrust,compatibility/end-to-end,PASS,OK,20,100,28,20.474587,true,ec3ac263d453ce8fe4e6e158363ed9cb286857cd644590bc6579942f6d10483d,9cce4ccc39bd3df7a0ef6f5227224467f1c727fe9adf9f50764e48651e795319
1,20260809T093912Z_35406beea576_stage08_b03_formal_8333f001,formal,20260809T093912Z,35406beea576a85fdcc10a9245ada0c9f5adf195,true,stage08_b03_resample_scales_v1,0347a2580c7ee0fef01dbfe0f556ec49b8c9a54903507c9b87aab0765fe1d5e1,operator,resample,NA,NA,resample,resample__resample_fp32_10e3__ec3ac263d453ce8f,resample_fp32_10e3,10^3,1024,x=[32x32],FP32,GPU,fft_thrust,compatibility/end-to-end,PASS,OK,20,100,29,20.575018,true,ec3ac263d453ce8fe4e6e158363ed9cb286857cd644590bc6579942f6d10483d,9cce4ccc39bd3df7a0ef6f5227224467f1c727fe9adf9f50764e48651e795319
1,20260809T093912Z_35406beea576_stage08_b03_formal_8333f001,formal,20260809T093912Z,35406beea576a85fdcc10a9245ada0c9f5adf195,true,stage08_b03_resample_scales_v1,0347a2580c7ee0fef01dbfe0f556ec49b8c9a54903507c9b87aab0765fe1d5e1,operator,resample,NA,NA,resample,resample__resample_fp32_10e3__ec3ac263d453ce8f,resample_fp32_10e3,10^3,1024,x=[32x32],FP32,GPU,fft_thrust,compatibility/end-to-end,PASS,OK,20,100,30,20.667649999999998,true,ec3ac263d453ce8fe4e6e158363ed9cb286857cd644590bc6579942f6d10483d,9cce4ccc39bd3df7a0ef6f5227224467f1c727fe9adf9f50764e48651e795319
1,20260809T093912Z_35406beea576_stage08_b03_formal_8333f001,formal,20260809T093912Z,35406beea576a85fdcc10a9245ada0c9f5adf195,true,stage08_b03_resample_scales_v1,0347a2580c7ee0fef01dbfe0f556ec49b8c9a54903507c9b87aab0765fe1d5e1,operator,resample,NA,NA,resample,resample__resample_fp32_10e3__ec3ac263d453ce8f,resample_fp32_10e3,10^3,1024,x=[32x32],FP32,GPU,fft_thrust,compatibility/end-to-end,PASS,OK,20,100,31,20.568307999999998,true,ec3ac263d453ce8fe4e6e158363ed9cb286857cd644590bc6579942f6d10483d,9cce4ccc39bd3df7a0ef6f5227224467f1c727fe9adf9f50764e48651e795319
1,20260809T093912Z_35406beea576_stage08_b03_formal_8333f001,formal,20260809T093912Z,35406beea576a85fdcc10a9245ada0c9f5adf195,true,stage08_b03_resample_scales_v1,0347a2580c7ee0fef01dbfe0f556ec49b8c9a54903507c9b87aab0765fe1d5e1,operator,resample,NA,NA,resample,resample__resample_fp32_10e3__ec3ac263d453ce8f,resample_fp32_10e3,10^3,1024,x=[32x32],FP32,GPU,fft_thrust,compatibility/end-to-end,PASS,OK,20,100,32,20.465706999999998,true,ec3ac263d453ce8fe4e6e158363ed9cb286857cd644590bc6579942f6d10483d,9cce4ccc39bd3df7a0ef6f5227224467f1c727fe9adf9f50764e48651e795319
1,20260809T093912Z_35406beea576_stage08_b03_formal_8333f001,formal,20260809T093912Z,35406beea576a85fdcc10a9245ada0c9f5adf195,true,stage08_b03_resample_scales_v1,0347a2580c7ee0fef01dbfe0f556ec49b8c9a54903507c9b87aab0765fe1d5e1,operator,resample,NA,NA,resample,resample__resample_fp32_10e3__ec3ac263d453ce8f,resample_fp32_10e3,10^3,1024,x=[32x32],FP32,GPU,fft_thrust,compatibility/end-to-end,PASS,OK,20,100,33,20.461717,true,ec3ac263d453ce8fe4e6e158363ed9cb286857cd644590bc6579942f6d10483d,9cce4ccc39bd3df7a0ef6f5227224467f1c727fe9adf9f50764e48651e795319
1,20260809T093912Z_35406beea576_stage08_b03_formal_8333f001,formal,20260809T093912Z,35406beea576a85fdcc10a9245ada0c9f5adf195,true,stage08_b03_resample_scales_v1,0347a2580c7ee0fef01dbfe0f556ec49b8c9a54903507c9b87aab0765fe1d5e1,operator,resample,NA,NA,resample,resample__resample_fp32_10e3__ec3ac263d453ce8f,resample_fp32_10e3,10^3,1024,x=[32x32],FP32,GPU,fft_thrust,compatibility/end-to-end,PASS,OK,20,100,34,20.438637,true,ec3ac263d453ce8fe4e6e158363ed9cb286857cd644590bc6579942f6d10483d,9cce4ccc39bd3df7a0ef6f5227224467f1c727fe9adf9f50764e48651e795319
1,20260809T093912Z_35406beea576_stage08_b03_formal_8333f001,formal,20260809T093912Z,35406beea576a85fdcc10a9245ada0c9f5adf195,true,stage08_b03_resample_scales_v1,0347a2580c7ee0fef01dbfe0f556ec49b8c9a54903507c9b87aab0765fe1d5e1,operator,resample,NA,NA,resample,resample__resample_fp32_10e3__ec3ac263d453ce8f,resample_fp32_10e3,10^3,1024,x=[32x32],FP32,GPU,fft_thrust,compatibility/end-to-end,PASS,OK,20,100,35,20.674579000000001,true,ec3ac263d453ce8fe4e6e158363ed9cb286857cd644590bc6579942f6d10483d,9cce4ccc39bd3df7a0ef6f5227224467f1c727fe9adf9f50764e48651e795319
1,20260809T093912Z_35406beea576_stage08_b03_formal_8333f001,formal,20260809T093912Z,35406beea576a85fdcc10a9245ada0c9f5adf195,true,stage08_b03_resample_scales_v1,0347a2580c7ee0fef01dbfe0f556ec49b8c9a54903507c9b87aab0765fe1d5e1,operator,resample,NA,NA,resample,resample__resample_fp32_10e3__ec3ac263d453ce8f,resample_fp32_10e3,10^3,1024,x=[32x32],FP32,GPU,fft_thrust,compatibility/end-to-end,PASS,OK,20,100,36,20.562868000000002,true,ec3ac263d453ce8fe4e6e158363ed9cb286857cd644590bc6579942f6d10483d,9cce4ccc39bd3df7a0ef6f5227224467f1c727fe9adf9f50764e48651e795319
1,20260809T093912Z_35406beea576_stage08_b03_formal_8333f001,formal,20260809T093912Z,35406beea576a85fdcc10a9245ada0c9f5adf195,true,stage08_b03_resample_scales_v1,0347a2580c7ee0fef01dbfe0f556ec49b8c9a54903507c9b87aab0765fe1d5e1,operator,resample,NA,NA,resample,resample__resample_fp32_10e3__ec3ac263d453ce8f,resample_fp32_10e3,10^3,1024,x=[32x32],FP32,GPU,fft_thrust,compatibility/end-to-end,PASS,OK,20,100,37,20.496458000000001,true,ec3ac263d453ce8fe4e6e158363ed9cb286857cd644590bc6579942f6d10483d,9cce4ccc39bd3df7a0ef6f5227224467f1c727fe9adf9f50764e48651e795319
1,20260809T093912Z_35406beea576_stage08_b03_formal_8333f001,formal,20260809T093912Z,35406beea576a85fdcc10a9245ada0c9f5adf195,true,stage08_b03_resample_scales_v1,0347a2580c7ee0fef01dbfe0f556ec49b8c9a54903507c9b87aab0765fe1d5e1,operator,resample,NA,NA,resample,resample__resample_fp32_10e3__ec3ac263d453ce8f,resample_fp32_10e3,10^3,1024,x=[32x32],FP32,GPU,fft_thrust,compatibility/end-to-end,PASS,OK,20,100,38,20.471197,true,ec3ac263d453ce8fe4e6e158363ed9cb286857cd644590bc6579942f6d10483d,9cce4ccc39bd3df7a0ef6f5227224467f1c727fe9adf9f50764e48651e795319
1,20260809T093912Z_35406beea576_stage08_b03_formal_8333f001,formal,20260809T093912Z,35406beea576a85fdcc10a9245ada0c9f5adf195,true,stage08_b03_resample_scales_v1,0347a2580c7ee0fef01dbfe0f556ec49b8c9a54903507c9b87aab0765fe1d5e1,operator,resample,NA,NA,resample,resample__resample_fp32_10e3__ec3ac263d453ce8f,resample_fp32_10e3,10^3,1024,x=[32x32],FP32,GPU,fft_thrust,compatibility/end-to-end,PASS,OK,20,100,39,20.475127000000001,true,ec3ac263d453ce8fe4e6e158363ed9cb286857cd644590bc6579942f6d10483d,9cce4ccc39bd3df7a0ef6f5227224467f1c727fe9adf9f50764e48651e795319
1,20260809T093912Z_35406beea576_stage08_b03_formal_8333f001,formal,20260809T093912Z,35406beea576a85fdcc10a9245ada0c9f5adf195,true,stage08_b03_resample_scales_v1,0347a2580c7ee0fef01dbfe0f556ec49b8c9a54903507c9b87aab0765fe1d5e1,operator,resample,NA,NA,resample,resample__resample_fp32_10e3__ec3ac263d453ce8f,resample_fp32_10e3,10^3,1024,x=[32x32],FP32,GPU,fft_thrust,compatibility/end-to-end,PASS,OK,20,100,40,20.504407,true,ec3ac263d453ce8fe4e6e158363ed9cb286857cd644590bc6579942f6d10483d,9cce4ccc39bd3df7a0ef6f5227224467f1c727fe9adf9f50764e48651e795319
1,20260809T093912Z_35406beea576_stage08_b03_formal_8333f001,formal,20260809T093912Z,35406beea576a85fdcc10a9245ada0c9f5adf195,true,stage08_b03_resample_scales_v1,0347a2580c7ee0fef01dbfe0f556ec49b8c9a54903507c9b87aab0765fe1d5e1,operator,resample,NA,NA,resample,resample__resample_fp32_10e3__ec3ac263d453ce8f,resample_fp32_10e3,10^3,1024,x=[32x32],FP32,GPU,fft_thrust,compatibility/end-to-end,PASS,OK,20,100,41,20.438006999999999,true,ec3ac263d453ce8fe4e6e158363ed9cb286857cd644590bc6579942f6d10483d,9cce4ccc39bd3df7a0ef6f5227224467f1c727fe9adf9f50764e48651e795319
1,20260809T093912Z_35406beea576_stage08_b03_formal_8333f001,formal,20260809T093912Z,35406beea576a85fdcc10a9245ada0c9f5adf195,true,stage08_b03_resample_scales_v1,0347a2580c7ee0fef01dbfe0f556ec49b8c9a54903507c9b87aab0765fe1d5e1,operator,resample,NA,NA,resample,resample__resample_fp32_10e3__ec3ac263d453ce8f,resample_fp32_10e3,10^3,1024,x=[32x32],FP32,GPU,fft_thrust,compatibility/end-to-end,PASS,OK,20,100,42,20.538118000000001,true,ec3ac263d453ce8fe4e6e158363ed9cb286857cd644590bc6579942f6d10483d,9cce4ccc39bd3df7a0ef6f5227224467f1c727fe9adf9f50764e48651e795319
1,20260809T093912Z_35406beea576_stage08_b03_formal_8333f001,formal,20260809T093912Z,35406beea576a85fdcc10a9245ada0c9f5adf195,true,stage08_b03_resample_scales_v1,0347a2580c7ee0fef01dbfe0f556ec49b8c9a54903507c9b87aab0765fe1d5e1,operator,resample,NA,NA,resample,resample__resample_fp32_10e3__ec3ac263d453ce8f,resample_fp32_10e3,10^3,1024,x=[32x32],FP32,GPU,fft_thrust,compatibility/end-to-end,PASS,OK,20,100,43,20.577847999999999,true,ec3ac263d453ce8fe4e6e158363ed9cb286857cd644590bc6579942f6d10483d,9cce4ccc39bd3df7a0ef6f5227224467f1c727fe9adf9f50764e48651e795319
1,20260809T093912Z_35406beea576_stage08_b03_formal_8333f001,formal,20260809T093912Z,35406beea576a85fdcc10a9245ada0c9f5adf195,true,stage08_b03_resample_scales_v1,0347a2580c7ee0fef01dbfe0f556ec49b8c9a54903507c9b87aab0765fe1d5e1,operator,resample,NA,NA,resample,resample__resample_fp32_10e3__ec3ac263d453ce8f,resample_fp32_10e3,10^3,1024,x=[32x32],FP32,GPU,fft_thrust,compatibility/end-to-end,PASS,OK,20,100,44,20.535347999999999,true,ec3ac263d453ce8fe4e6e158363ed9cb286857cd644590bc6579942f6d10483d,9cce4ccc39bd3df7a0ef6f5227224467f1c727fe9adf9f50764e48651e795319
1,20260809T093912Z_35406beea576_stage08_b03_formal_8333f001,formal,20260809T093912Z,35406beea576a85fdcc10a9245ada0c9f5adf195,true,stage08_b03_resample_scales_v1,0347a2580c7ee0fef01dbfe0f556ec49b8c9a54903507c9b87aab0765fe1d5e1,operator,resample,NA,NA,resample,resample__resample_fp32_10e3__ec3ac263d453ce8f,resample_fp32_10e3,10^3,1024,x=[32x32],FP32,GPU,fft_thrust,compatibility/end-to-end,PASS,OK,20,100,45,20.637699000000001,true,ec3ac263d453ce8fe4e6e158363ed9cb286857cd644590bc6579942f6d10483d,9cce4ccc39bd3df7a0ef6f5227224467f1c727fe9adf9f50764e48651e795319
1,20260809T093912Z_35406beea576_stage08_b03_formal_8333f001,formal,20260809T093912Z,35406beea576a85fdcc10a9245ada0c9f5adf195,true,stage08_b03_resample_scales_v1,0347a2580c7ee0fef01dbfe0f556ec49b8c9a54903507c9b87aab0765fe1d5e1,operator,resample,NA,NA,resample,resample__resample_fp32_10e3__ec3ac263d453ce8f,resample_fp32_10e3,10^3,1024,x=[32x32],FP32,GPU,fft_thrust,compatibility/end-to-end,PASS,OK,20,100,46,20.533778000000002,true,ec3ac263d453ce8fe4e6e158363ed9cb286857cd644590bc6579942f6d10483d,9cce4ccc39bd3df7a0ef6f5227224467f1c727fe9adf9f50764e48651e795319
1,20260809T093912Z_35406beea576_stage08_b03_formal_8333f001,formal,20260809T093912Z,35406beea576a85fdcc10a9245ada0c9f5adf195,true,stage08_b03_resample_scales_v1,0347a2580c7ee0fef01dbfe0f556ec49b8c9a54903507c9b87aab0765fe1d5e1,operator,resample,NA,NA,resample,resample__resample_fp32_10e3__ec3ac263d453ce8f,resample_fp32_10e3,10^3,1024,x=[32x32],FP32,GPU,fft_thrust,compatibility/end-to-end,PASS,OK,20,100,47,20.479887000000002,true,ec3ac263d453ce8fe4e6e158363ed9cb286857cd644590bc6579942f6d10483d,9cce4ccc39bd3df7a0ef6f5227224467f1c727fe9adf9f50764e48651e795319
1,20260809T093912Z_35406beea576_stage08_b03_formal_8333f001,formal,20260809T093912Z,35406beea576a85fdcc10a9245ada0c9f5adf195,true,stage08_b03_resample_scales_v1,0347a2580c7ee0fef01dbfe0f556ec49b8c9a54903507c9b87aab0765fe1d5e1,operator,resample,NA,NA,resample,resample__resample_fp32_10e3__ec3ac263d453ce8f,resample_fp32_10e3,10^3,1024,x=[32x32],FP32,GPU,fft_thrust,compatibility/end-to-end,PASS,OK,20,100,48,20.479807000000001,true,ec3ac263d453ce8fe4e6e158363ed9cb286857cd644590bc6579942f6d10483d,9cce4ccc39bd3df7a0ef6f5227224467f1c727fe9adf9f50764e48651e795319
1,20260809T093912Z_35406beea576_stage08_b03_formal_8333f001,formal,20260809T093912Z,35406beea576a85fdcc10a9245ada0c9f5adf195,true,stage08_b03_resample_scales_v1,0347a2580c7ee0fef01dbfe0f556ec49b8c9a54903507c9b87aab0765fe1d5e1,operator,resample,NA,NA,resample,resample__resample_fp32_10e3__ec3ac263d453ce8f,resample_fp32_10e3,10^3,1024,x=[32x32],FP32,GPU,fft_thrust,compatibility/end-to-end,PASS,OK,20,100,49,20.585218999999999,true,ec3ac263d453ce8fe4e6e158363ed9cb286857cd644590bc6579942f6d10483d,9cce4ccc39bd3df7a0ef6f5227224467f1c727fe9adf9f50764e48651e795319
1,20260809T093912Z_35406beea576_stage08_b03_formal_8333f001,formal,20260809T093912Z,35406beea576a85fdcc10a9245ada0c9f5adf195,true,stage08_b03_resample_scales_v1,0347a2580c7ee0fef01dbfe0f556ec49b8c9a54903507c9b87aab0765fe1d5e1,operator,resample,NA,NA,resample,resample__resample_fp32_10e3__ec3ac263d453ce8f,resample_fp32_10e3,10^3,1024,x=[32x32],FP32,GPU,fft_thrust,compatibility/end-to-end,PASS,OK,20,100,50,20.446016,true,ec3ac263d453ce8fe4e6e158363ed9cb286857cd644590bc6579942f6d10483d,9cce4ccc39bd3df7a0ef6f5227224467f1c727fe9adf9f50764e48651e795319
1,20260809T093912Z_35406beea576_stage08_b03_formal_8333f001,formal,20260809T093912Z,35406beea576a85fdcc10a9245ada0c9f5adf195,true,stage08_b03_resample_scales_v1,0347a2580c7ee0fef01dbfe0f556ec49b8c9a54903507c9b87aab0765fe1d5e1,operator,resample,NA,NA,resample,resample__resample_fp32_10e3__ec3ac263d453ce8f,resample_fp32_10e3,10^3,1024,x=[32x32],FP32,GPU,fft_thrust,compatibility/end-to-end,PASS,OK,20,100,51,20.491208,true,ec3ac263d453ce8fe4e6e158363ed9cb286857cd644590bc6579942f6d10483d,9cce4ccc39bd3df7a0ef6f5227224467f1c727fe9adf9f50764e48651e795319
1,20260809T093912Z_35406beea576_stage08_b03_formal_8333f001,formal,20260809T093912Z,35406beea576a85fdcc10a9245ada0c9f5adf195,true,stage08_b03_resample_scales_v1,0347a2580c7ee0fef01dbfe0f556ec49b8c9a54903507c9b87aab0765fe1d5e1,operator,resample,NA,NA,resample,resample__resample_fp32_10e3__ec3ac263d453ce8f,resample_fp32_10e3,10^3,1024,x=[32x32],FP32,GPU,fft_thrust,compatibility/end-to-end,PASS,OK,20,100,52,20.538308000000001,true,ec3ac263d453ce8fe4e6e158363ed9cb286857cd644590bc6579942f6d10483d,9cce4ccc39bd3df7a0ef6f5227224467f1c727fe9adf9f50764e48651e795319
1,20260809T093912Z_35406beea576_stage08_b03_formal_8333f001,formal,20260809T093912Z,35406beea576a85fdcc10a9245ada0c9f5adf195,true,stage08_b03_resample_scales_v1,0347a2580c7ee0fef01dbfe0f556ec49b8c9a54903507c9b87aab0765fe1d5e1,operator,resample,NA,NA,resample,resample__resample_fp32_10e3__ec3ac263d453ce8f,resample_fp32_10e3,10^3,1024,x=[32x32],FP32,GPU,fft_thrust,compatibility/end-to-end,PASS,OK,20,100,53,20.505537,true,ec3ac263d453ce8fe4e6e158363ed9cb286857cd644590bc6579942f6d10483d,9cce4ccc39bd3df7a0ef6f5227224467f1c727fe9adf9f50764e48651e795319
1,20260809T093912Z_35406beea576_stage08_b03_formal_8333f001,formal,20260809T093912Z,35406beea576a85fdcc10a9245ada0c9f5adf195,true,stage08_b03_resample_scales_v1,0347a2580c7ee0fef01dbfe0f556ec49b8c9a54903507c9b87aab0765fe1d5e1,operator,resample,NA,NA,resample,resample__resample_fp32_10e3__ec3ac263d453ce8f,resample_fp32_10e3,10^3,1024,x=[32x32],FP32,GPU,fft_thrust,compatibility/end-to-end,PASS,OK,20,100,54,20.461997,true,ec3ac263d453ce8fe4e6e158363ed9cb286857cd644590bc6579942f6d10483d,9cce4ccc39bd3df7a0ef6f5227224467f1c727fe9adf9f50764e48651e795319
1,20260809T093912Z_35406beea576_stage08_b03_formal_8333f001,formal,20260809T093912Z,35406beea576a85fdcc10a9245ada0c9f5adf195,true,stage08_b03_resample_scales_v1,0347a2580c7ee0fef01dbfe0f556ec49b8c9a54903507c9b87aab0765fe1d5e1,operator,resample,NA,NA,resample,resample__resample_fp32_10e3__ec3ac263d453ce8f,resample_fp32_10e3,10^3,1024,x=[32x32],FP32,GPU,fft_thrust,compatibility/end-to-end,PASS,OK,20,100,55,20.570238,true,ec3ac263d453ce8fe4e6e158363ed9cb286857cd644590bc6579942f6d10483d,9cce4ccc39bd3df7a0ef6f5227224467f1c727fe9adf9f50764e48651e795319
1,20260809T093912Z_35406beea576_stage08_b03_formal_8333f001,formal,20260809T093912Z,35406beea576a85fdcc10a9245ada0c9f5adf195,true,stage08_b03_resample_scales_v1,0347a2580c7ee0fef01dbfe0f556ec49b8c9a54903507c9b87aab0765fe1d5e1,operator,resample,NA,NA,resample,resample__resample_fp32_10e3__ec3ac263d453ce8f,resample_fp32_10e3,10^3,1024,x=[32x32],FP32,GPU,fft_thrust,compatibility/end-to-end,PASS,OK,20,100,56,20.642029999999998,true,ec3ac263d453ce8fe4e6e158363ed9cb286857cd644590bc6579942f6d10483d,9cce4ccc39bd3df7a0ef6f5227224467f1c727fe9adf9f50764e48651e795319
1,20260809T093912Z_35406beea576_stage08_b03_formal_8333f001,formal,20260809T093912Z,35406beea576a85fdcc10a9245ada0c9f5adf195,true,stage08_b03_resample_scales_v1,0347a2580c7ee0fef01dbfe0f556ec49b8c9a54903507c9b87aab0765fe1d5e1,operator,resample,NA,NA,resample,resample__resample_fp32_10e3__ec3ac263d453ce8f,resample_fp32_10e3,10^3,1024,x=[32x32],FP32,GPU,fft_thrust,compatibility/end-to-end,PASS,OK,20,100,57,20.477457000000001,true,ec3ac263d453ce8fe4e6e158363ed9cb286857cd644590bc6579942f6d10483d,9cce4ccc39bd3df7a0ef6f5227224467f1c727fe9adf9f50764e48651e795319
1,20260809T093912Z_35406beea576_stage08_b03_formal_8333f001,formal,20260809T093912Z,35406beea576a85fdcc10a9245ada0c9f5adf195,true,stage08_b03_resample_scales_v1,0347a2580c7ee0fef01dbfe0f556ec49b8c9a54903507c9b87aab0765fe1d5e1,operator,resample,NA,NA,resample,resample__resample_fp32_10e3__ec3ac263d453ce8f,resample_fp32_10e3,10^3,1024,x=[32x32],FP32,GPU,fft_thrust,compatibility/end-to-end,PASS,OK,20,100,58,20.482247000000001,true,ec3ac263d453ce8fe4e6e158363ed9cb286857cd644590bc6579942f6d10483d,9cce4ccc39bd3df7a0ef6f5227224467f1c727fe9adf9f50764e48651e795319
1,20260809T093912Z_35406beea576_stage08_b03_formal_8333f001,formal,20260809T093912Z,35406beea576a85fdcc10a9245ada0c9f5adf195,true,stage08_b03_resample_scales_v1,0347a2580c7ee0fef01dbfe0f556ec49b8c9a54903507c9b87aab0765fe1d5e1,operator,resample,NA,NA,resample,resample__resample_fp32_10e3__ec3ac263d453ce8f,resample_fp32_10e3,10^3,1024,x=[32x32],FP32,GPU,fft_thrust,compatibility/end-to-end,PASS,OK,20,100,59,20.500387,true,ec3ac263d453ce8fe4e6e158363ed9cb286857cd644590bc6579942f6d10483d,9cce4ccc39bd3df7a0ef6f5227224467f1c727fe9adf9f50764e48651e795319
1,20260809T093912Z_35406beea576_stage08_b03_formal_8333f001,formal,20260809T093912Z,35406beea576a85fdcc10a9245ada0c9f5adf195,true,stage08_b03_resample_scales_v1,0347a2580c7ee0fef01dbfe0f556ec49b8c9a54903507c9b87aab0765fe1d5e1,operator,resample,NA,NA,resample,resample__resample_fp32_10e3__ec3ac263d453ce8f,resample_fp32_10e3,10^3,1024,x=[32x32],FP32,GPU,fft_thrust,compatibility/end-to-end,PASS,OK,20,100,60,20.524778000000001,true,ec3ac263d453ce8fe4e6e158363ed9cb286857cd644590bc6579942f6d10483d,9cce4ccc39bd3df7a0ef6f5227224467f1c727fe9adf9f50764e48651e795319
1,20260809T093912Z_35406beea576_stage08_b03_formal_8333f001,formal,20260809T093912Z,35406beea576a85fdcc10a9245ada0c9f5adf195,true,stage08_b03_resample_scales_v1,0347a2580c7ee0fef01dbfe0f556ec49b8c9a54903507c9b87aab0765fe1d5e1,operator,resample,NA,NA,resample,resample__resample_fp32_10e3__ec3ac263d453ce8f,resample_fp32_10e3,10^3,1024,x=[32x32],FP32,GPU,fft_thrust,compatibility/end-to-end,PASS,OK,20,100,61,21.276017,true,ec3ac263d453ce8fe4e6e158363ed9cb286857cd644590bc6579942f6d10483d,9cce4ccc39bd3df7a0ef6f5227224467f1c727fe9adf9f50764e48651e795319
1,20260809T093912Z_35406beea576_stage08_b03_formal_8333f001,formal,20260809T093912Z,35406beea576a85fdcc10a9245ada0c9f5adf195,true,stage08_b03_resample_scales_v1,0347a2580c7ee0fef01dbfe0f556ec49b8c9a54903507c9b87aab0765fe1d5e1,operator,resample,NA,NA,resample,resample__resample_fp32_10e3__ec3ac263d453ce8f,resample_fp32_10e3,10^3,1024,x=[32x32],FP32,GPU,fft_thrust,compatibility/end-to-end,PASS,OK,20,100,62,21.140184999999999,true,ec3ac263d453ce8fe4e6e158363ed9cb286857cd644590bc6579942f6d10483d,9cce4ccc39bd3df7a0ef6f5227224467f1c727fe9adf9f50764e48651e795319
1,20260809T093912Z_35406beea576_stage08_b03_formal_8333f001,formal,20260809T093912Z,35406beea576a85fdcc10a9245ada0c9f5adf195,true,stage08_b03_resample_scales_v1,0347a2580c7ee0fef01dbfe0f556ec49b8c9a54903507c9b87aab0765fe1d5e1,operator,resample,NA,NA,resample,resample__resample_fp32_10e3__ec3ac263d453ce8f,resample_fp32_10e3,10^3,1024,x=[32x32],FP32,GPU,fft_thrust,compatibility/end-to-end,PASS,OK,20,100,63,21.002333,true,ec3ac263d453ce8fe4e6e158363ed9cb286857cd644590bc6579942f6d10483d,9cce4ccc39bd3df7a0ef6f5227224467f1c727fe9adf9f50764e48651e795319
1,20260809T093912Z_35406beea576_stage08_b03_formal_8333f001,formal,20260809T093912Z,35406beea576a85fdcc10a9245ada0c9f5adf195,true,stage08_b03_resample_scales_v1,0347a2580c7ee0fef01dbfe0f556ec49b8c9a54903507c9b87aab0765fe1d5e1,operator,resample,NA,NA,resample,resample__resample_fp32_10e3__ec3ac263d453ce8f,resample_fp32_10e3,10^3,1024,x=[32x32],FP32,GPU,fft_thrust,compatibility/end-to-end,PASS,OK,20,100,64,20.601879,true,ec3ac263d453ce8fe4e6e158363ed9cb286857cd644590bc6579942f6d10483d,9cce4ccc39bd3df7a0ef6f5227224467f1c727fe9adf9f50764e48651e795319
1,20260809T093912Z_35406beea576_stage08_b03_formal_8333f001,formal,20260809T093912Z,35406beea576a85fdcc10a9245ada0c9f5adf195,true,stage08_b03_resample_scales_v1,0347a2580c7ee0fef01dbfe0f556ec49b8c9a54903507c9b87aab0765fe1d5e1,operator,resample,NA,NA,resample,resample__resample_fp32_10e3__ec3ac263d453ce8f,resample_fp32_10e3,10^3,1024,x=[32x32],FP32,GPU,fft_thrust,compatibility/end-to-end,PASS,OK,20,100,65,20.724260000000001,true,ec3ac263d453ce8fe4e6e158363ed9cb286857cd644590bc6579942f6d10483d,9cce4ccc39bd3df7a0ef6f5227224467f1c727fe9adf9f50764e48651e795319
1,20260809T093912Z_35406beea576_stage08_b03_formal_8333f001,formal,20260809T093912Z,35406beea576a85fdcc10a9245ada0c9f5adf195,true,stage08_b03_resample_scales_v1,0347a2580c7ee0fef01dbfe0f556ec49b8c9a54903507c9b87aab0765fe1d5e1,operator,resample,NA,NA,resample,resample__resample_fp32_10e3__ec3ac263d453ce8f,resample_fp32_10e3,10^3,1024,x=[32x32],FP32,GPU,fft_thrust,compatibility/end-to-end,PASS,OK,20,100,66,20.846202000000002,true,ec3ac263d453ce8fe4e6e158363ed9cb286857cd644590bc6579942f6d10483d,9cce4ccc39bd3df7a0ef6f5227224467f1c727fe9adf9f50764e48651e795319
1,20260809T093912Z_35406beea576_stage08_b03_formal_8333f001,formal,20260809T093912Z,35406beea576a85fdcc10a9245ada0c9f5adf195,true,stage08_b03_resample_scales_v1,0347a2580c7ee0fef01dbfe0f556ec49b8c9a54903507c9b87aab0765fe1d5e1,operator,resample,NA,NA,resample,resample__resample_fp32_10e3__ec3ac263d453ce8f,resample_fp32_10e3,10^3,1024,x=[32x32],FP32,GPU,fft_thrust,compatibility/end-to-end,PASS,OK,20,100,67,21.444188,true,ec3ac263d453ce8fe4e6e158363ed9cb286857cd644590bc6579942f6d10483d,9cce4ccc39bd3df7a0ef6f5227224467f1c727fe9adf9f50764e48651e795319
1,20260809T093912Z_35406beea576_stage08_b03_formal_8333f001,formal,20260809T093912Z,35406beea576a85fdcc10a9245ada0c9f5adf195,true,stage08_b03_resample_scales_v1,0347a2580c7ee0fef01dbfe0f556ec49b8c9a54903507c9b87aab0765fe1d5e1,operator,resample,NA,NA,resample,resample__resample_fp32_10e3__ec3ac263d453ce8f,resample_fp32_10e3,10^3,1024,x=[32x32],FP32,GPU,fft_thrust,compatibility/end-to-end,PASS,OK,20,100,68,21.654641999999999,true,ec3ac263d453ce8fe4e6e158363ed9cb286857cd644590bc6579942f6d10483d,9cce4ccc39bd3df7a0ef6f5227224467f1c727fe9adf9f50764e48651e795319
1,20260809T093912Z_35406beea576_stage08_b03_formal_8333f001,formal,20260809T093912Z,35406beea576a85fdcc10a9245ada0c9f5adf195,true,stage08_b03_resample_scales_v1,0347a2580c7ee0fef01dbfe0f556ec49b8c9a54903507c9b87aab0765fe1d5e1,operator,resample,NA,NA,resample,resample__resample_fp32_10e3__ec3ac263d453ce8f,resample_fp32_10e3,10^3,1024,x=[32x32],FP32,GPU,fft_thrust,compatibility/end-to-end,PASS,OK,20,100,69,21.815073000000002,true,ec3ac263d453ce8fe4e6e158363ed9cb286857cd644590bc6579942f6d10483d,9cce4ccc39bd3df7a0ef6f5227224467f1c727fe9adf9f50764e48651e795319
1,20260809T093912Z_35406beea576_stage08_b03_formal_8333f001,formal,20260809T093912Z,35406beea576a85fdcc10a9245ada0c9f5adf195,true,stage08_b03_resample_scales_v1,0347a2580c7ee0fef01dbfe0f556ec49b8c9a54903507c9b87aab0765fe1d5e1,operator,resample,NA,NA,resample,resample__resample_fp32_10e3__ec3ac263d453ce8f,resample_fp32_10e3,10^3,1024,x=[32x32],FP32,GPU,fft_thrust,compatibility/end-to-end,PASS,OK,20,100,70,21.678262,true,ec3ac263d453ce8fe4e6e158363ed9cb286857cd644590bc6579942f6d10483d,9cce4ccc39bd3df7a0ef6f5227224467f1c727fe9adf9f50764e48651e795319
1,20260809T093912Z_35406beea576_stage08_b03_formal_8333f001,formal,20260809T093912Z,35406beea576a85fdcc10a9245ada0c9f5adf195,true,stage08_b03_resample_scales_v1,0347a2580c7ee0fef01dbfe0f556ec49b8c9a54903507c9b87aab0765fe1d5e1,operator,resample,NA,NA,resample,resample__resample_fp32_10e3__ec3ac263d453ce8f,resample_fp32_10e3,10^3,1024,x=[32x32],FP32,GPU,fft_thrust,compatibility/end-to-end,PASS,OK,20,100,71,21.078744,true,ec3ac263d453ce8fe4e6e158363ed9cb286857cd644590bc6579942f6d10483d,9cce4ccc39bd3df7a0ef6f5227224467f1c727fe9adf9f50764e48651e795319
1,20260809T093912Z_35406beea576_stage08_b03_formal_8333f001,formal,20260809T093912Z,35406beea576a85fdcc10a9245ada0c9f5adf195,true,stage08_b03_resample_scales_v1,0347a2580c7ee0fef01dbfe0f556ec49b8c9a54903507c9b87aab0765fe1d5e1,operator,resample,NA,NA,resample,resample__resample_fp32_10e3__ec3ac263d453ce8f,resample_fp32_10e3,10^3,1024,x=[32x32],FP32,GPU,fft_thrust,compatibility/end-to-end,PASS,OK,20,100,72,21.375128,true,ec3ac263d453ce8fe4e6e158363ed9cb286857cd644590bc6579942f6d10483d,9cce4ccc39bd3df7a0ef6f5227224467f1c727fe9adf9f50764e48651e795319
1,20260809T093912Z_35406beea576_stage08_b03_formal_8333f001,formal,20260809T093912Z,35406beea576a85fdcc10a9245ada0c9f5adf195,true,stage08_b03_resample_scales_v1,0347a2580c7ee0fef01dbfe0f556ec49b8c9a54903507c9b87aab0765fe1d5e1,operator,resample,NA,NA,resample,resample__resample_fp32_10e3__ec3ac263d453ce8f,resample_fp32_10e3,10^3,1024,x=[32x32],FP32,GPU,fft_thrust,compatibility/end-to-end,PASS,OK,20,100,73,21.332528,true,ec3ac263d453ce8fe4e6e158363ed9cb286857cd644590bc6579942f6d10483d,9cce4ccc39bd3df7a0ef6f5227224467f1c727fe9adf9f50764e48651e795319
1,20260809T093912Z_35406beea576_stage08_b03_formal_8333f001,formal,20260809T093912Z,35406beea576a85fdcc10a9245ada0c9f5adf195,true,stage08_b03_resample_scales_v1,0347a2580c7ee0fef01dbfe0f556ec49b8c9a54903507c9b87aab0765fe1d5e1,operator,resample,NA,NA,resample,resample__resample_fp32_10e3__ec3ac263d453ce8f,resample_fp32_10e3,10^3,1024,x=[32x32],FP32,GPU,fft_thrust,compatibility/end-to-end,PASS,OK,20,100,74,20.593247999999999,true,ec3ac263d453ce8fe4e6e158363ed9cb286857cd644590bc6579942f6d10483d,9cce4ccc39bd3df7a0ef6f5227224467f1c727fe9adf9f50764e48651e795319
1,20260809T093912Z_35406beea576_stage08_b03_formal_8333f001,formal,20260809T093912Z,35406beea576a85fdcc10a9245ada0c9f5adf195,true,stage08_b03_resample_scales_v1,0347a2580c7ee0fef01dbfe0f556ec49b8c9a54903507c9b87aab0765fe1d5e1,operator,resample,NA,NA,resample,resample__resample_fp32_10e3__ec3ac263d453ce8f,resample_fp32_10e3,10^3,1024,x=[32x32],FP32,GPU,fft_thrust,compatibility/end-to-end,PASS,OK,20,100,75,21.163245,true,ec3ac263d453ce8fe4e6e158363ed9cb286857cd644590bc6579942f6d10483d,9cce4ccc39bd3df7a0ef6f5227224467f1c727fe9adf9f50764e48651e795319
1,20260809T093912Z_35406beea576_stage08_b03_formal_8333f001,formal,20260809T093912Z,35406beea576a85fdcc10a9245ada0c9f5adf195,true,stage08_b03_resample_scales_v1,0347a2580c7ee0fef01dbfe0f556ec49b8c9a54903507c9b87aab0765fe1d5e1,operator,resample,NA,NA,resample,resample__resample_fp32_10e3__ec3ac263d453ce8f,resample_fp32_10e3,10^3,1024,x=[32x32],FP32,GPU,fft_thrust,compatibility/end-to-end,PASS,OK,20,100,76,21.307428000000002,true,ec3ac263d453ce8fe4e6e158363ed9cb286857cd644590bc6579942f6d10483d,9cce4ccc39bd3df7a0ef6f5227224467f1c727fe9adf9f50764e48651e795319
1,20260809T093912Z_35406beea576_stage08_b03_formal_8333f001,formal,20260809T093912Z,35406beea576a85fdcc10a9245ada0c9f5adf195,true,stage08_b03_resample_scales_v1,0347a2580c7ee0fef01dbfe0f556ec49b8c9a54903507c9b87aab0765fe1d5e1,operator,resample,NA,NA,resample,resample__resample_fp32_10e3__ec3ac263d453ce8f,resample_fp32_10e3,10^3,1024,x=[32x32],FP32,GPU,fft_thrust,compatibility/end-to-end,PASS,OK,20,100,77,21.449307999999998,true,ec3ac263d453ce8fe4e6e158363ed9cb286857cd644590bc6579942f6d10483d,9cce4ccc39bd3df7a0ef6f5227224467f1c727fe9adf9f50764e48651e795319
1,20260809T093912Z_35406beea576_stage08_b03_formal_8333f001,formal,20260809T093912Z,35406beea576a85fdcc10a9245ada0c9f5adf195,true,stage08_b03_resample_scales_v1,0347a2580c7ee0fef01dbfe0f556ec49b8c9a54903507c9b87aab0765fe1d5e1,operator,resample,NA,NA,resample,resample__resample_fp32_10e3__ec3ac263d453ce8f,resample_fp32_10e3,10^3,1024,x=[32x32],FP32,GPU,fft_thrust,compatibility/end-to-end,PASS,OK,20,100,78,20.68252,true,ec3ac263d453ce8fe4e6e158363ed9cb286857cd644590bc6579942f6d10483d,9cce4ccc39bd3df7a0ef6f5227224467f1c727fe9adf9f50764e48651e795319
1,20260809T093912Z_35406beea576_stage08_b03_formal_8333f001,formal,20260809T093912Z,35406beea576a85fdcc10a9245ada0c9f5adf195,true,stage08_b03_resample_scales_v1,0347a2580c7ee0fef01dbfe0f556ec49b8c9a54903507c9b87aab0765fe1d5e1,operator,resample,NA,NA,resample,resample__resample_fp32_10e3__ec3ac263d453ce8f,resample_fp32_10e3,10^3,1024,x=[32x32],FP32,GPU,fft_thrust,compatibility/end-to-end,PASS,OK,20,100,79,20.653939000000001,true,ec3ac263d453ce8fe4e6e158363ed9cb286857cd644590bc6579942f6d10483d,9cce4ccc39bd3df7a0ef6f5227224467f1c727fe9adf9f50764e48651e795319
1,20260809T093912Z_35406beea576_stage08_b03_formal_8333f001,formal,20260809T093912Z,35406beea576a85fdcc10a9245ada0c9f5adf195,true,stage08_b03_resample_scales_v1,0347a2580c7ee0fef01dbfe0f556ec49b8c9a54903507c9b87aab0765fe1d5e1,operator,resample,NA,NA,resample,resample__resample_fp32_10e3__ec3ac263d453ce8f,resample_fp32_10e3,10^3,1024,x=[32x32],FP32,GPU,fft_thrust,compatibility/end-to-end,PASS,OK,20,100,80,20.66752,true,ec3ac263d453ce8fe4e6e158363ed9cb286857cd644590bc6579942f6d10483d,9cce4ccc39bd3df7a0ef6f5227224467f1c727fe9adf9f50764e48651e795319
1,20260809T093912Z_35406beea576_stage08_b03_formal_8333f001,formal,20260809T093912Z,35406beea576a85fdcc10a9245ada0c9f5adf195,true,stage08_b03_resample_scales_v1,0347a2580c7ee0fef01dbfe0f556ec49b8c9a54903507c9b87aab0765fe1d5e1,operator,resample,NA,NA,resample,resample__resample_fp32_10e3__ec3ac263d453ce8f,resample_fp32_10e3,10^3,1024,x=[32x32],FP32,GPU,fft_thrust,compatibility/end-to-end,PASS,OK,20,100,81,21.064343999999998,true,ec3ac263d453ce8fe4e6e158363ed9cb286857cd644590bc6579942f6d10483d,9cce4ccc39bd3df7a0ef6f5227224467f1c727fe9adf9f50764e48651e795319
1,20260809T093912Z_35406beea576_stage08_b03_formal_8333f001,formal,20260809T093912Z,35406beea576a85fdcc10a9245ada0c9f5adf195,true,stage08_b03_resample_scales_v1,0347a2580c7ee0fef01dbfe0f556ec49b8c9a54903507c9b87aab0765fe1d5e1,operator,resample,NA,NA,resample,resample__resample_fp32_10e3__ec3ac263d453ce8f,resample_fp32_10e3,10^3,1024,x=[32x32],FP32,GPU,fft_thrust,compatibility/end-to-end,PASS,OK,20,100,82,20.631979000000001,true,ec3ac263d453ce8fe4e6e158363ed9cb286857cd644590bc6579942f6d10483d,9cce4ccc39bd3df7a0ef6f5227224467f1c727fe9adf9f50764e48651e795319
1,20260809T093912Z_35406beea576_stage08_b03_formal_8333f001,formal,20260809T093912Z,35406beea576a85fdcc10a9245ada0c9f5adf195,true,stage08_b03_resample_scales_v1,0347a2580c7ee0fef01dbfe0f556ec49b8c9a54903507c9b87aab0765fe1d5e1,operator,resample,NA,NA,resample,resample__resample_fp32_10e3__ec3ac263d453ce8f,resample_fp32_10e3,10^3,1024,x=[32x32],FP32,GPU,fft_thrust,compatibility/end-to-end,PASS,OK,20,100,83,20.668710000000001,true,ec3ac263d453ce8fe4e6e158363ed9cb286857cd644590bc6579942f6d10483d,9cce4ccc39bd3df7a0ef6f5227224467f1c727fe9adf9f50764e48651e795319
1,20260809T093912Z_35406beea576_stage08_b03_formal_8333f001,formal,20260809T093912Z,35406beea576a85fdcc10a9245ada0c9f5adf195,true,stage08_b03_resample_scales_v1,0347a2580c7ee0fef01dbfe0f556ec49b8c9a54903507c9b87aab0765fe1d5e1,operator,resample,NA,NA,resample,resample__resample_fp32_10e3__ec3ac263d453ce8f,resample_fp32_10e3,10^3,1024,x=[32x32],FP32,GPU,fft_thrust,compatibility/end-to-end,PASS,OK,20,100,84,20.683219000000001,true,ec3ac263d453ce8fe4e6e158363ed9cb286857cd644590bc6579942f6d10483d,9cce4ccc39bd3df7a0ef6f5227224467f1c727fe9adf9f50764e48651e795319
1,20260809T093912Z_35406beea576_stage08_b03_formal_8333f001,formal,20260809T093912Z,35406beea576a85fdcc10a9245ada0c9f5adf195,true,stage08_b03_resample_scales_v1,0347a2580c7ee0fef01dbfe0f556ec49b8c9a54903507c9b87aab0765fe1d5e1,operator,resample,NA,NA,resample,resample__resample_fp32_10e3__ec3ac263d453ce8f,resample_fp32_10e3,10^3,1024,x=[32x32],FP32,GPU,fft_thrust,compatibility/end-to-end,PASS,OK,20,100,85,20.779391,true,ec3ac263d453ce8fe4e6e158363ed9cb286857cd644590bc6579942f6d10483d,9cce4ccc39bd3df7a0ef6f5227224467f1c727fe9adf9f50764e48651e795319
1,20260809T093912Z_35406beea576_stage08_b03_formal_8333f001,formal,20260809T093912Z,35406beea576a85fdcc10a9245ada0c9f5adf195,true,stage08_b03_resample_scales_v1,0347a2580c7ee0fef01dbfe0f556ec49b8c9a54903507c9b87aab0765fe1d5e1,operator,resample,NA,NA,resample,resample__resample_fp32_10e3__ec3ac263d453ce8f,resample_fp32_10e3,10^3,1024,x=[32x32],FP32,GPU,fft_thrust,compatibility/end-to-end,PASS,OK,20,100,86,20.682169999999999,true,ec3ac263d453ce8fe4e6e158363ed9cb286857cd644590bc6579942f6d10483d,9cce4ccc39bd3df7a0ef6f5227224467f1c727fe9adf9f50764e48651e795319
1,20260809T093912Z_35406beea576_stage08_b03_formal_8333f001,formal,20260809T093912Z,35406beea576a85fdcc10a9245ada0c9f5adf195,true,stage08_b03_resample_scales_v1,0347a2580c7ee0fef01dbfe0f556ec49b8c9a54903507c9b87aab0765fe1d5e1,operator,resample,NA,NA,resample,resample__resample_fp32_10e3__ec3ac263d453ce8f,resample_fp32_10e3,10^3,1024,x=[32x32],FP32,GPU,fft_thrust,compatibility/end-to-end,PASS,OK,20,100,87,20.768339999999998,true,ec3ac263d453ce8fe4e6e158363ed9cb286857cd644590bc6579942f6d10483d,9cce4ccc39bd3df7a0ef6f5227224467f1c727fe9adf9f50764e48651e795319
1,20260809T093912Z_35406beea576_stage08_b03_formal_8333f001,formal,20260809T093912Z,35406beea576a85fdcc10a9245ada0c9f5adf195,true,stage08_b03_resample_scales_v1,0347a2580c7ee0fef01dbfe0f556ec49b8c9a54903507c9b87aab0765fe1d5e1,operator,resample,NA,NA,resample,resample__resample_fp32_10e3__ec3ac263d453ce8f,resample_fp32_10e3,10^3,1024,x=[32x32],FP32,GPU,fft_thrust,compatibility/end-to-end,PASS,OK,20,100,88,20.626999000000001,true,ec3ac263d453ce8fe4e6e158363ed9cb286857cd644590bc6579942f6d10483d,9cce4ccc39bd3df7a0ef6f5227224467f1c727fe9adf9f50764e48651e795319
1,20260809T093912Z_35406beea576_stage08_b03_formal_8333f001,formal,20260809T093912Z,35406beea576a85fdcc10a9245ada0c9f5adf195,true,stage08_b03_resample_scales_v1,0347a2580c7ee0fef01dbfe0f556ec49b8c9a54903507c9b87aab0765fe1d5e1,operator,resample,NA,NA,resample,resample__resample_fp32_10e3__ec3ac263d453ce8f,resample_fp32_10e3,10^3,1024,x=[32x32],FP32,GPU,fft_thrust,compatibility/end-to-end,PASS,OK,20,100,89,20.75714,true,ec3ac263d453ce8fe4e6e158363ed9cb286857cd644590bc6579942f6d10483d,9cce4ccc39bd3df7a0ef6f5227224467f1c727fe9adf9f50764e48651e795319
1,20260809T093912Z_35406beea576_stage08_b03_formal_8333f001,formal,20260809T093912Z,35406beea576a85fdcc10a9245ada0c9f5adf195,true,stage08_b03_resample_scales_v1,0347a2580c7ee0fef01dbfe0f556ec49b8c9a54903507c9b87aab0765fe1d5e1,operator,resample,NA,NA,resample,resample__resample_fp32_10e3__ec3ac263d453ce8f,resample_fp32_10e3,10^3,1024,x=[32x32],FP32,GPU,fft_thrust,compatibility/end-to-end,PASS,OK,20,100,90,20.668109999999999,true,ec3ac263d453ce8fe4e6e158363ed9cb286857cd644590bc6579942f6d10483d,9cce4ccc39bd3df7a0ef6f5227224467f1c727fe9adf9f50764e48651e795319
1,20260809T093912Z_35406beea576_stage08_b03_formal_8333f001,formal,20260809T093912Z,35406beea576a85fdcc10a9245ada0c9f5adf195,true,stage08_b03_resample_scales_v1,0347a2580c7ee0fef01dbfe0f556ec49b8c9a54903507c9b87aab0765fe1d5e1,operator,resample,NA,NA,resample,resample__resample_fp32_10e3__ec3ac263d453ce8f,resample_fp32_10e3,10^3,1024,x=[32x32],FP32,GPU,fft_thrust,compatibility/end-to-end,PASS,OK,20,100,91,20.883331999999999,true,ec3ac263d453ce8fe4e6e158363ed9cb286857cd644590bc6579942f6d10483d,9cce4ccc39bd3df7a0ef6f5227224467f1c727fe9adf9f50764e48651e795319
1,20260809T093912Z_35406beea576_stage08_b03_formal_8333f001,formal,20260809T093912Z,35406beea576a85fdcc10a9245ada0c9f5adf195,true,stage08_b03_resample_scales_v1,0347a2580c7ee0fef01dbfe0f556ec49b8c9a54903507c9b87aab0765fe1d5e1,operator,resample,NA,NA,resample,resample__resample_fp32_10e3__ec3ac263d453ce8f,resample_fp32_10e3,10^3,1024,x=[32x32],FP32,GPU,fft_thrust,compatibility/end-to-end,PASS,OK,20,100,92,20.684849,true,ec3ac263d453ce8fe4e6e158363ed9cb286857cd644590bc6579942f6d10483d,9cce4ccc39bd3df7a0ef6f5227224467f1c727fe9adf9f50764e48651e795319
1,20260809T093912Z_35406beea576_stage08_b03_formal_8333f001,formal,20260809T093912Z,35406beea576a85fdcc10a9245ada0c9f5adf195,true,stage08_b03_resample_scales_v1,0347a2580c7ee0fef01dbfe0f556ec49b8c9a54903507c9b87aab0765fe1d5e1,operator,resample,NA,NA,resample,resample__resample_fp32_10e3__ec3ac263d453ce8f,resample_fp32_10e3,10^3,1024,x=[32x32],FP32,GPU,fft_thrust,compatibility/end-to-end,PASS,OK,20,100,93,20.675719999999998,true,ec3ac263d453ce8fe4e6e158363ed9cb286857cd644590bc6579942f6d10483d,9cce4ccc39bd3df7a0ef6f5227224467f1c727fe9adf9f50764e48651e795319
1,20260809T093912Z_35406beea576_stage08_b03_formal_8333f001,formal,20260809T093912Z,35406beea576a85fdcc10a9245ada0c9f5adf195,true,stage08_b03_resample_scales_v1,0347a2580c7ee0fef01dbfe0f556ec49b8c9a54903507c9b87aab0765fe1d5e1,operator,resample,NA,NA,resample,resample__resample_fp32_10e3__ec3ac263d453ce8f,resample_fp32_10e3,10^3,1024,x=[32x32],FP32,GPU,fft_thrust,compatibility/end-to-end,PASS,OK,20,100,94,20.669658999999999,true,ec3ac263d453ce8fe4e6e158363ed9cb286857cd644590bc6579942f6d10483d,9cce4ccc39bd3df7a0ef6f5227224467f1c727fe9adf9f50764e48651e795319
1,20260809T093912Z_35406beea576_stage08_b03_formal_8333f001,formal,20260809T093912Z,35406beea576a85fdcc10a9245ada0c9f5adf195,true,stage08_b03_resample_scales_v1,0347a2580c7ee0fef01dbfe0f556ec49b8c9a54903507c9b87aab0765fe1d5e1,operator,resample,NA,NA,resample,resample__resample_fp32_10e3__ec3ac263d453ce8f,resample_fp32_10e3,10^3,1024,x=[32x32],FP32,GPU,fft_thrust,compatibility/end-to-end,PASS,OK,20,100,95,20.666070000000001,true,ec3ac263d453ce8fe4e6e158363ed9cb286857cd644590bc6579942f6d10483d,9cce4ccc39bd3df7a0ef6f5227224467f1c727fe9adf9f50764e48651e795319
1,20260809T093912Z_35406beea576_stage08_b03_formal_8333f001,formal,20260809T093912Z,35406beea576a85fdcc10a9245ada0c9f5adf195,true,stage08_b03_resample_scales_v1,0347a2580c7ee0fef01dbfe0f556ec49b8c9a54903507c9b87aab0765fe1d5e1,operator,resample,NA,NA,resample,resample__resample_fp32_10e3__ec3ac263d453ce8f,resample_fp32_10e3,10^3,1024,x=[32x32],FP32,GPU,fft_thrust,compatibility/end-to-end,PASS,OK,20,100,96,20.610638999999999,true,ec3ac263d453ce8fe4e6e158363ed9cb286857cd644590bc6579942f6d10483d,9cce4ccc39bd3df7a0ef6f5227224467f1c727fe9adf9f50764e48651e795319
1,20260809T093912Z_35406beea576_stage08_b03_formal_8333f001,formal,20260809T093912Z,35406beea576a85fdcc10a9245ada0c9f5adf195,true,stage08_b03_resample_scales_v1,0347a2580c7ee0fef01dbfe0f556ec49b8c9a54903507c9b87aab0765fe1d5e1,operator,resample,NA,NA,resample,resample__resample_fp32_10e3__ec3ac263d453ce8f,resample_fp32_10e3,10^3,1024,x=[32x32],FP32,GPU,fft_thrust,compatibility/end-to-end,PASS,OK,20,100,97,20.701039000000002,true,ec3ac263d453ce8fe4e6e158363ed9cb286857cd644590bc6579942f6d10483d,9cce4ccc39bd3df7a0ef6f5227224467f1c727fe9adf9f50764e48651e795319
1,20260809T093912Z_35406beea576_stage08_b03_formal_8333f001,formal,20260809T093912Z,35406beea576a85fdcc10a9245ada0c9f5adf195,true,stage08_b03_resample_scales_v1,0347a2580c7ee0fef01dbfe0f556ec49b8c9a54903507c9b87aab0765fe1d5e1,operator,resample,NA,NA,resample,resample__resample_fp32_10e3__ec3ac263d453ce8f,resample_fp32_10e3,10^3,1024,x=[32x32],FP32,GPU,fft_thrust,compatibility/end-to-end,PASS,OK,20,100,98,20.894803,true,ec3ac263d453ce8fe4e6e158363ed9cb286857cd644590bc6579942f6d10483d,9cce4ccc39bd3df7a0ef6f5227224467f1c727fe9adf9f50764e48651e795319
1,20260809T093912Z_35406beea576_stage08_b03_formal_8333f001,formal,20260809T093912Z,35406beea576a85fdcc10a9245ada0c9f5adf195,true,stage08_b03_resample_scales_v1,0347a2580c7ee0fef01dbfe0f556ec49b8c9a54903507c9b87aab0765fe1d5e1,operator,resample,NA,NA,resample,resample__resample_fp32_10e3__ec3ac263d453ce8f,resample_fp32_10e3,10^3,1024,x=[32x32],FP32,GPU,fft_thrust,compatibility/end-to-end,PASS,OK,20,100,99,20.634449,true,ec3ac263d453ce8fe4e6e158363ed9cb286857cd644590bc6579942f6d10483d,9cce4ccc39bd3df7a0ef6f5227224467f1c727fe9adf9f50764e48651e795319
