[stage08-b07-formal] case=0 scale=morlet2_fp32_10e2 status=starting
STAGE08_MORLET2_CASE PASS scale=morlet2_fp32_10e2 dtype=FP32 backend=not_applicable measured=100 results=/tmp/ZKX_dev/results/stage08_input_preview_b07_morlet2_ed9b9505e41d/formal/20260810T090727Z_ed9b9505e41d_stage08_b07_formal_87520000
[stage08] identity and status
+---------+-------------------+--------+----------------+-------+--------+----------+--------------------------+--------+------------+
| target  | scale_id          | device | backend        | dtype | warmup | measured | timing_scope             | status | error_code |
+---------+-------------------+--------+----------------+-------+--------+----------+--------------------------+--------+------------+
| morlet2 | morlet2_fp32_10e2 | CPU    | not_applicable | FP32  | 20     | 100      | compatibility/end-to-end | PASS   | OK         |
| morlet2 | morlet2_fp32_10e2 | GPU    | not_applicable | FP32  | 20     | 100      | compatibility/end-to-end | PASS   | OK         |
+---------+-------------------+--------+----------------+-------+--------+----------+--------------------------+--------+------------+

[stage08] timing detail
+--------+------------+---------------------+----------------------+---------------------+----------+----------+-----------------------+---------------------+---------------------+
| device | mean_ms    | p50_ms              | p95_ms               | p99_ms              | min_ms   | max_ms   | std_ms                | cv                  | speedup             |
+--------+------------+---------------------+----------------------+---------------------+----------+----------+-----------------------+---------------------+---------------------+
| CPU    | 0.00877935 | 0.00868             | 0.008710500000000001 | 0.00894960000000005 | 0.00863  | 0.01881  | 0.0010085402458504074 | 0.11487641406828608 | NA                  |
| GPU    | 0.26037602 | 0.24967699999999998 | 0.33036249999999995  | 0.3888616100000002  | 0.243661 | 0.424463 | 0.031969530913662156  | 0.12278216294135749 | 0.03371796680815691 |
+--------+------------+---------------------+----------------------+---------------------+----------+----------+-----------------------+---------------------+---------------------+

[stage08] accuracy detail
+--------------------------+------------+-------------+-------------+---------------+-------------+----------------+------------------+--------+
| accuracy_reference       | mse        | rmse        | relative_l2 | relative_linf | exact_match | mismatch_count | semantic_check   | status |
+--------------------------+------------+-------------+-------------+---------------+-------------+----------------+------------------+--------+
| cpu_morlet2_complex_fp64 | 1.5456e-17 | 3.93141e-09 | 5.56014e-08 | 6.72282e-08   | NA          | NA             | output_count=100 | PASS   |
+--------------------------+------------+-------------+-------------+---------------+-------------+----------------+------------------+--------+

[stage08] resource detail
+--------+------------+--------------+-------------+------------+-------------+
| device | metric     | before_bytes | after_bytes | peak_bytes | delta_bytes |
+--------+------------+--------------+-------------+------------+-------------+
| CPU    | cpu_heap   | 1390608      | 1397216     | 1397216    | 6608        |
| CPU    | rss        | 69664768     | 69664768    | 69664768   | 0           |
| GPU    | cpu_heap   | 1397216      | 1401776     | 1401776    | 4560        |
| GPU    | rss        | 69664768     | 69664768    | 69664768   | 0           |
| GPU    | gpu_memory | 391544832    | 391544832   | 391544832  | 0           |
+--------+------------+--------------+-------------+------------+-------------+

[stage08] input/output identity
+--------+------------------------------------------------------------------+------------------------------------------------------------------+
| device | input_digest                                                     | output_digest                                                    |
+--------+------------------------------------------------------------------+------------------------------------------------------------------+
| CPU    | ed22bfedd8961572c2d43895dafb06f371a793b261c3887803532fff5b2edf1d | b82b87d7713e749aef86a8e9671cc9217801903f1d961f4a73b0a924aeafd3df |
| GPU    | ed22bfedd8961572c2d43895dafb06f371a793b261c3887803532fff5b2edf1d | d75bb55874a8e2a257851b7c8c6b08f7e2d43d9f5cbaf56e2210d3b809af6ea9 |
+--------+------------------------------------------------------------------+------------------------------------------------------------------+

[stage08] input content
+------------+--------+-------+----------+-------------------------+---------------------+
| input_name | shape  | dtype | elements | generator               | values(head4/tail2) |
+------------+--------+-------+----------+-------------------------+---------------------+
| frequency  | scalar | FP32  | 1        | configured_typed_scalar | i=0:5               |
| scale      | scalar | FP32  | 1        | configured_typed_scalar | i=0:1               |
+------------+--------+-------+----------+-------------------------+---------------------+

[stage08] case parameters
+--------------------------------------------------------+
| parameters                                             |
+--------------------------------------------------------+
| {"dtype":"FP32","frequency":"5","n":"100","scale":"1"} |
+--------------------------------------------------------+

[stage08] dtype evidence
+-----------------+--------------------+--------------+------------------------------------------------------------------+--------+
| requested_dtype | config_input_dtype | output_dtype | actual_input_digest                                              | status |
+-----------------+--------------------+--------------+------------------------------------------------------------------+--------+
| FP32            | NA                 | ComplexFP64  | ed22bfedd8961572c2d43895dafb06f371a793b261c3887803532fff5b2edf1d | PASS   |
+-----------------+--------------------+--------------+------------------------------------------------------------------+--------+

[stage08] evidence files
+----------------+---------------------------------------------------------------------------------------------------------------------------------------------------------------------------------------------------------------------------------------------------+
| kind           | path                                                                                                                                                                                                                                              |
+----------------+---------------------------------------------------------------------------------------------------------------------------------------------------------------------------------------------------------------------------------------------------+
| probe_raw_json | /tmp/ZKX_dev/results/stage08_input_preview_b07_morlet2_ed9b9505e41d/formal/20260810T090727Z_ed9b9505e41d_stage08_b07_formal_87520000/morlet2_probe_raw.json                                                                                       |
| dtype_csv      | /tmp/ZKX_dev/results/stage08_input_preview_b07_morlet2_ed9b9505e41d/formal/20260810T090727Z_ed9b9505e41d_stage08_b07_formal_87520000/operator_dtype_evidence_morlet2_not_applicable_20260810T090727Z_ed9b9505e41d_stage08_b07_formal_87520000.csv |
| main_csv       | /tmp/ZKX_dev/results/stage08_input_preview_b07_morlet2_ed9b9505e41d/formal/20260810T090727Z_ed9b9505e41d_stage08_b07_formal_87520000/operator_main_results_morlet2_not_applicable_20260810T090727Z_ed9b9505e41d_stage08_b07_formal_87520000.csv   |
| full_log       | /tmp/ZKX_dev/results/stage08_input_preview_b07_morlet2_ed9b9505e41d/formal/20260810T090727Z_ed9b9505e41d_stage08_b07_formal_87520000/operator_morlet2_full.log                                                                                    |
| report_json    | /tmp/ZKX_dev/results/stage08_input_preview_b07_morlet2_ed9b9505e41d/formal/20260810T090727Z_ed9b9505e41d_stage08_b07_formal_87520000/operator_morlet2_report.json                                                                                 |
| summary_txt    | /tmp/ZKX_dev/results/stage08_input_preview_b07_morlet2_ed9b9505e41d/formal/20260810T090727Z_ed9b9505e41d_stage08_b07_formal_87520000/operator_morlet2_summary.txt                                                                                 |
| timing_csv     | /tmp/ZKX_dev/results/stage08_input_preview_b07_morlet2_ed9b9505e41d/formal/20260810T090727Z_ed9b9505e41d_stage08_b07_formal_87520000/operator_timing_samples_morlet2_not_applicable_20260810T090727Z_ed9b9505e41d_stage08_b07_formal_87520000.csv |
| memory_csv     | /tmp/ZKX_dev/results/stage08_input_preview_b07_morlet2_ed9b9505e41d/formal/20260810T090727Z_ed9b9505e41d_stage08_b07_formal_87520000/operator_wavelets_morlet2_memory_trace_not_applicable.csv                                                    |
+----------------+---------------------------------------------------------------------------------------------------------------------------------------------------------------------------------------------------------------------------------------------------+
[stage08-b07-formal] case=0 scale=morlet2_fp32_10e2 status=completed
[stage08-b07-formal] case=1 scale=morlet2_fp32_10e3 status=starting
STAGE08_MORLET2_CASE PASS scale=morlet2_fp32_10e3 dtype=FP32 backend=not_applicable measured=100 results=/tmp/ZKX_dev/results/stage08_input_preview_b07_morlet2_ed9b9505e41d/formal/20260810T090727Z_ed9b9505e41d_stage08_b07_formal_87520001
[stage08] identity and status
+---------+-------------------+--------+----------------+-------+--------+----------+--------------------------+--------+------------+
| target  | scale_id          | device | backend        | dtype | warmup | measured | timing_scope             | status | error_code |
+---------+-------------------+--------+----------------+-------+--------+----------+--------------------------+--------+------------+
| morlet2 | morlet2_fp32_10e3 | CPU    | not_applicable | FP32  | 20     | 100      | compatibility/end-to-end | PASS   | OK         |
| morlet2 | morlet2_fp32_10e3 | GPU    | not_applicable | FP32  | 20     | 100      | compatibility/end-to-end | PASS   | OK         |
+---------+-------------------+--------+----------------+-------+--------+----------+--------------------------+--------+------------+

[stage08] timing detail
+--------+------------+---------------------+-----------+------------+----------+----------+----------------------+----------------------+--------------------+
| device | mean_ms    | p50_ms              | p95_ms    | p99_ms     | min_ms   | max_ms   | std_ms               | cv                   | speedup            |
+--------+------------+---------------------+-----------+------------+----------+----------+----------------------+----------------------+--------------------+
| CPU    | 0.09861734 | 0.098381            | 0.0987015 | 0.10921181 | 0.09798  | 0.109391 | 0.001534674448995617 | 0.015561912833946007 | NA                 |
| GPU    | 0.2757928  | 0.26573650000000004 | 0.349419  | 0.44155849 | 0.257171 | 0.451012 | 0.032949826310316115 | 0.11947312007534683  | 0.3575776452467214 |
+--------+------------+---------------------+-----------+------------+----------+----------+----------------------+----------------------+--------------------+

[stage08] accuracy detail
+--------------------------+-------------+-------------+-------------+---------------+-------------+----------------+-------------------+--------+
| accuracy_reference       | mse         | rmse        | relative_l2 | relative_linf | exact_match | mismatch_count | semantic_check    | status |
+--------------------------+-------------+-------------+-------------+---------------+-------------+----------------+-------------------+--------+
| cpu_morlet2_complex_fp64 | 1.62417e-18 | 1.27443e-09 | 5.7674e-08  | 7.47485e-08   | NA          | NA             | output_count=1024 | PASS   |
+--------------------------+-------------+-------------+-------------+---------------+-------------+----------------+-------------------+--------+

[stage08] resource detail
+--------+------------+--------------+-------------+------------+-------------+
| device | metric     | before_bytes | after_bytes | peak_bytes | delta_bytes |
+--------+------------+--------------+-------------+------------+-------------+
| CPU    | cpu_heap   | 1399520      | 1435696     | 1435696    | 36176       |
| CPU    | rss        | 69468160     | 69595136    | 69595136   | 126976      |
| GPU    | cpu_heap   | 1435696      | 1455088     | 1455088    | 19392       |
| GPU    | rss        | 69595136     | 69595136    | 69595136   | 0           |
| GPU    | gpu_memory | 391544832    | 391544832   | 391544832  | 0           |
+--------+------------+--------------+-------------+------------+-------------+

[stage08] input/output identity
+--------+------------------------------------------------------------------+------------------------------------------------------------------+
| device | input_digest                                                     | output_digest                                                    |
+--------+------------------------------------------------------------------+------------------------------------------------------------------+
| CPU    | c74008711a692aca2bb8d15e2a513322ca3bd6cbb0adb21b2d1878bfbdbdc205 | 9dbc69ae72cd18e595bd0bb71e0a535634ebe1ccaaca51b73936276657ddfe64 |
| GPU    | c74008711a692aca2bb8d15e2a513322ca3bd6cbb0adb21b2d1878bfbdbdc205 | b8ccce89e436f08504c0d1322910211a7f0cfccc017aac820089f7f1ab2d1614 |
+--------+------------------------------------------------------------------+------------------------------------------------------------------+

[stage08] input content
+------------+--------+-------+----------+-------------------------+---------------------+
| input_name | shape  | dtype | elements | generator               | values(head4/tail2) |
+------------+--------+-------+----------+-------------------------+---------------------+
| frequency  | scalar | FP32  | 1        | configured_typed_scalar | i=0:6               |
| scale      | scalar | FP32  | 1        | configured_typed_scalar | i=0:2               |
+------------+--------+-------+----------+-------------------------+---------------------+

[stage08] case parameters
+---------------------------------------------------------+
| parameters                                              |
+---------------------------------------------------------+
| {"dtype":"FP32","frequency":"6","n":"1024","scale":"2"} |
+---------------------------------------------------------+

[stage08] dtype evidence
+-----------------+--------------------+--------------+------------------------------------------------------------------+--------+
| requested_dtype | config_input_dtype | output_dtype | actual_input_digest                                              | status |
+-----------------+--------------------+--------------+------------------------------------------------------------------+--------+
| FP32            | NA                 | ComplexFP64  | c74008711a692aca2bb8d15e2a513322ca3bd6cbb0adb21b2d1878bfbdbdc205 | PASS   |
+-----------------+--------------------+--------------+------------------------------------------------------------------+--------+

[stage08] evidence files
+----------------+---------------------------------------------------------------------------------------------------------------------------------------------------------------------------------------------------------------------------------------------------+
| kind           | path                                                                                                                                                                                                                                              |
+----------------+---------------------------------------------------------------------------------------------------------------------------------------------------------------------------------------------------------------------------------------------------+
| probe_raw_json | /tmp/ZKX_dev/results/stage08_input_preview_b07_morlet2_ed9b9505e41d/formal/20260810T090727Z_ed9b9505e41d_stage08_b07_formal_87520001/morlet2_probe_raw.json                                                                                       |
| dtype_csv      | /tmp/ZKX_dev/results/stage08_input_preview_b07_morlet2_ed9b9505e41d/formal/20260810T090727Z_ed9b9505e41d_stage08_b07_formal_87520001/operator_dtype_evidence_morlet2_not_applicable_20260810T090727Z_ed9b9505e41d_stage08_b07_formal_87520001.csv |
| main_csv       | /tmp/ZKX_dev/results/stage08_input_preview_b07_morlet2_ed9b9505e41d/formal/20260810T090727Z_ed9b9505e41d_stage08_b07_formal_87520001/operator_main_results_morlet2_not_applicable_20260810T090727Z_ed9b9505e41d_stage08_b07_formal_87520001.csv   |
| full_log       | /tmp/ZKX_dev/results/stage08_input_preview_b07_morlet2_ed9b9505e41d/formal/20260810T090727Z_ed9b9505e41d_stage08_b07_formal_87520001/operator_morlet2_full.log                                                                                    |
| report_json    | /tmp/ZKX_dev/results/stage08_input_preview_b07_morlet2_ed9b9505e41d/formal/20260810T090727Z_ed9b9505e41d_stage08_b07_formal_87520001/operator_morlet2_report.json                                                                                 |
| summary_txt    | /tmp/ZKX_dev/results/stage08_input_preview_b07_morlet2_ed9b9505e41d/formal/20260810T090727Z_ed9b9505e41d_stage08_b07_formal_87520001/operator_morlet2_summary.txt                                                                                 |
| timing_csv     | /tmp/ZKX_dev/results/stage08_input_preview_b07_morlet2_ed9b9505e41d/formal/20260810T090727Z_ed9b9505e41d_stage08_b07_formal_87520001/operator_timing_samples_morlet2_not_applicable_20260810T090727Z_ed9b9505e41d_stage08_b07_formal_87520001.csv |
| memory_csv     | /tmp/ZKX_dev/results/stage08_input_preview_b07_morlet2_ed9b9505e41d/formal/20260810T090727Z_ed9b9505e41d_stage08_b07_formal_87520001/operator_wavelets_morlet2_memory_trace_not_applicable.csv                                                    |
+----------------+---------------------------------------------------------------------------------------------------------------------------------------------------------------------------------------------------------------------------------------------------+
[stage08-b07-formal] case=1 scale=morlet2_fp32_10e3 status=completed
[stage08-b07-formal] case=2 scale=morlet2_fp32_10e4 status=starting
STAGE08_MORLET2_CASE PASS scale=morlet2_fp32_10e4 dtype=FP32 backend=not_applicable measured=100 results=/tmp/ZKX_dev/results/stage08_input_preview_b07_morlet2_ed9b9505e41d/formal/20260810T090728Z_ed9b9505e41d_stage08_b07_formal_87520002
[stage08] identity and status
+---------+-------------------+--------+----------------+-------+--------+----------+--------------------------+--------+------------+
| target  | scale_id          | device | backend        | dtype | warmup | measured | timing_scope             | status | error_code |
+---------+-------------------+--------+----------------+-------+--------+----------+--------------------------+--------+------------+
| morlet2 | morlet2_fp32_10e4 | CPU    | not_applicable | FP32  | 20     | 100      | compatibility/end-to-end | PASS   | OK         |
| morlet2 | morlet2_fp32_10e4 | GPU    | not_applicable | FP32  | 20     | 100      | compatibility/end-to-end | PASS   | OK         |
+---------+-------------------+--------+----------------+-------+--------+----------+--------------------------+--------+------------+

[stage08] timing detail
+--------+------------+---------------------+-----------+---------------------+----------+----------+----------------------+----------------------+--------------------+
| device | mean_ms    | p50_ms              | p95_ms    | p99_ms              | min_ms   | max_ms   | std_ms               | cv                   | speedup            |
+--------+------------+---------------------+-----------+---------------------+----------+----------+----------------------+----------------------+--------------------+
| CPU    | 0.99367381 | 0.992685            | 1.009327  | 1.0172739100000003  | 0.984745 | 1.072606 | 0.01060789154327569  | 0.010675426318497506 | NA                 |
| GPU    | 0.348889   | 0.34305149999999995 | 0.3859455 | 0.41536920000000016 | 0.335862 | 0.450732 | 0.018477315251951516 | 0.052960440862141016 | 2.8481087394558156 |
+--------+------------+---------------------+-----------+---------------------+----------+----------+----------------------+----------------------+--------------------+

[stage08] accuracy detail
+--------------------------+-------------+-------------+-------------+---------------+-------------+----------------+--------------------+--------+
| accuracy_reference       | mse         | rmse        | relative_l2 | relative_linf | exact_match | mismatch_count | semantic_check     | status |
+--------------------------+-------------+-------------+-------------+---------------+-------------+----------------+--------------------+--------+
| cpu_morlet2_complex_fp64 | 3.76925e-18 | 1.94146e-09 | 2.74563e-07 | 3.57528e-07   | NA          | NA             | output_count=10000 | PASS   |
+--------------------------+-------------+-------------+-------------+---------------+-------------+----------------+--------------------+--------+

[stage08] resource detail
+--------+------------+--------------+-------------+------------+-------------+
| device | metric     | before_bytes | after_bytes | peak_bytes | delta_bytes |
+--------+------------+--------------+-------------+------------+-------------+
| CPU    | cpu_heap   | 1686672      | 2010080     | 2010080    | 323408      |
| CPU    | rss        | 70217728     | 70217728    | 70217728   | 0           |
| GPU    | cpu_heap   | 2010080      | 2173120     | 2173120    | 163040      |
| GPU    | rss        | 70217728     | 70488064    | 70488064   | 270336      |
| GPU    | gpu_memory | 391544832    | 391544832   | 391544832  | 0           |
+--------+------------+--------------+-------------+------------+-------------+

[stage08] input/output identity
+--------+------------------------------------------------------------------+------------------------------------------------------------------+
| device | input_digest                                                     | output_digest                                                    |
+--------+------------------------------------------------------------------+------------------------------------------------------------------+
| CPU    | 3e65c2edfbdd6ee744e3bcf2c6e1bc8d66b4fa2dea329bcfc08b878f32aa9d0c | a62debe844e5096e7cbb922c00ae38fb2e9afaacb7a63637571203e654bd15f6 |
| GPU    | 3e65c2edfbdd6ee744e3bcf2c6e1bc8d66b4fa2dea329bcfc08b878f32aa9d0c | 5a6fe7ef9ce8cec1fd5d8f33f5c1a2f971c1b278e6160f8068fe8bf56e26fa11 |
+--------+------------------------------------------------------------------+------------------------------------------------------------------+

[stage08] input content
+------------+--------+-------+----------+-------------------------+---------------------+
| input_name | shape  | dtype | elements | generator               | values(head4/tail2) |
+------------+--------+-------+----------+-------------------------+---------------------+
| frequency  | scalar | FP32  | 1        | configured_typed_scalar | i=0:7               |
| scale      | scalar | FP32  | 1        | configured_typed_scalar | i=0:3               |
+------------+--------+-------+----------+-------------------------+---------------------+

[stage08] case parameters
+----------------------------------------------------------+
| parameters                                               |
+----------------------------------------------------------+
| {"dtype":"FP32","frequency":"7","n":"10000","scale":"3"} |
+----------------------------------------------------------+

[stage08] dtype evidence
+-----------------+--------------------+--------------+------------------------------------------------------------------+--------+
| requested_dtype | config_input_dtype | output_dtype | actual_input_digest                                              | status |
+-----------------+--------------------+--------------+------------------------------------------------------------------+--------+
| FP32            | NA                 | ComplexFP64  | 3e65c2edfbdd6ee744e3bcf2c6e1bc8d66b4fa2dea329bcfc08b878f32aa9d0c | PASS   |
+-----------------+--------------------+--------------+------------------------------------------------------------------+--------+

[stage08] evidence files
+----------------+---------------------------------------------------------------------------------------------------------------------------------------------------------------------------------------------------------------------------------------------------+
| kind           | path                                                                                                                                                                                                                                              |
+----------------+---------------------------------------------------------------------------------------------------------------------------------------------------------------------------------------------------------------------------------------------------+
| probe_raw_json | /tmp/ZKX_dev/results/stage08_input_preview_b07_morlet2_ed9b9505e41d/formal/20260810T090728Z_ed9b9505e41d_stage08_b07_formal_87520002/morlet2_probe_raw.json                                                                                       |
| dtype_csv      | /tmp/ZKX_dev/results/stage08_input_preview_b07_morlet2_ed9b9505e41d/formal/20260810T090728Z_ed9b9505e41d_stage08_b07_formal_87520002/operator_dtype_evidence_morlet2_not_applicable_20260810T090728Z_ed9b9505e41d_stage08_b07_formal_87520002.csv |
| main_csv       | /tmp/ZKX_dev/results/stage08_input_preview_b07_morlet2_ed9b9505e41d/formal/20260810T090728Z_ed9b9505e41d_stage08_b07_formal_87520002/operator_main_results_morlet2_not_applicable_20260810T090728Z_ed9b9505e41d_stage08_b07_formal_87520002.csv   |
| full_log       | /tmp/ZKX_dev/results/stage08_input_preview_b07_morlet2_ed9b9505e41d/formal/20260810T090728Z_ed9b9505e41d_stage08_b07_formal_87520002/operator_morlet2_full.log                                                                                    |
| report_json    | /tmp/ZKX_dev/results/stage08_input_preview_b07_morlet2_ed9b9505e41d/formal/20260810T090728Z_ed9b9505e41d_stage08_b07_formal_87520002/operator_morlet2_report.json                                                                                 |
| summary_txt    | /tmp/ZKX_dev/results/stage08_input_preview_b07_morlet2_ed9b9505e41d/formal/20260810T090728Z_ed9b9505e41d_stage08_b07_formal_87520002/operator_morlet2_summary.txt                                                                                 |
| timing_csv     | /tmp/ZKX_dev/results/stage08_input_preview_b07_morlet2_ed9b9505e41d/formal/20260810T090728Z_ed9b9505e41d_stage08_b07_formal_87520002/operator_timing_samples_morlet2_not_applicable_20260810T090728Z_ed9b9505e41d_stage08_b07_formal_87520002.csv |
| memory_csv     | /tmp/ZKX_dev/results/stage08_input_preview_b07_morlet2_ed9b9505e41d/formal/20260810T090728Z_ed9b9505e41d_stage08_b07_formal_87520002/operator_wavelets_morlet2_memory_trace_not_applicable.csv                                                    |
+----------------+---------------------------------------------------------------------------------------------------------------------------------------------------------------------------------------------------------------------------------------------------+
[stage08-b07-formal] case=2 scale=morlet2_fp32_10e4 status=completed
[stage08-b07-formal] case=3 scale=morlet2_fp16_10e2 status=starting
STAGE08_MORLET2_CASE PASS scale=morlet2_fp16_10e2 dtype=FP16 backend=not_applicable measured=100 results=/tmp/ZKX_dev/results/stage08_input_preview_b07_morlet2_ed9b9505e41d/formal/20260810T090728Z_ed9b9505e41d_stage08_b07_formal_87520003
[stage08] identity and status
+---------+-------------------+--------+----------------+-------+--------+----------+--------------------------+--------+------------+
| target  | scale_id          | device | backend        | dtype | warmup | measured | timing_scope             | status | error_code |
+---------+-------------------+--------+----------------+-------+--------+----------+--------------------------+--------+------------+
| morlet2 | morlet2_fp16_10e2 | CPU    | not_applicable | FP16  | 20     | 100      | compatibility/end-to-end | PASS   | OK         |
| morlet2 | morlet2_fp16_10e2 | GPU    | not_applicable | FP16  | 20     | 100      | compatibility/end-to-end | PASS   | OK         |
+---------+-------------------+--------+----------------+-------+--------+----------+--------------------------+--------+------------+

[stage08] timing detail
+--------+------------+----------+----------------------+---------------------+----------+----------+-----------------------+---------------------+----------------------+
| device | mean_ms    | p50_ms   | p95_ms               | p99_ms              | min_ms   | max_ms   | std_ms                | cv                  | speedup              |
+--------+------------+----------+----------------------+---------------------+----------+----------+-----------------------+---------------------+----------------------+
| CPU    | 0.00882914 | 0.00872  | 0.008760500000000001 | 0.00892390000000006 | 0.00865  | 0.0202   | 0.0011432640554132714 | 0.12948758943829994 | NA                   |
| GPU    | 0.25563687 | 0.248911 | 0.31121655           | 0.37060169000000037 | 0.235001 | 0.450662 | 0.02764304245796942   | 0.1081340201746697  | 0.034537819212072184 |
+--------+------------+----------+----------------------+---------------------+----------+----------+-----------------------+---------------------+----------------------+

[stage08] accuracy detail
+--------------------------+------------+-------------+-------------+---------------+-------------+----------------+------------------+--------+
| accuracy_reference       | mse        | rmse        | relative_l2 | relative_linf | exact_match | mismatch_count | semantic_check   | status |
+--------------------------+------------+-------------+-------------+---------------+-------------+----------------+------------------+--------+
| cpu_morlet2_complex_fp64 | 1.5456e-17 | 3.93141e-09 | 5.56014e-08 | 6.72282e-08   | NA          | NA             | output_count=100 | PASS   |
+--------------------------+------------+-------------+-------------+---------------+-------------+----------------+------------------+--------+

[stage08] resource detail
+--------+------------+--------------+-------------+------------+-------------+
| device | metric     | before_bytes | after_bytes | peak_bytes | delta_bytes |
+--------+------------+--------------+-------------+------------+-------------+
| CPU    | cpu_heap   | 1390640      | 1397248     | 1397248    | 6608        |
| CPU    | rss        | 69353472     | 69353472    | 69353472   | 0           |
| GPU    | cpu_heap   | 1397248      | 1401584     | 1401584    | 4336        |
| GPU    | rss        | 69353472     | 69353472    | 69353472   | 0           |
| GPU    | gpu_memory | 391544832    | 391544832   | 391544832  | 0           |
+--------+------------+--------------+-------------+------------+-------------+

[stage08] input/output identity
+--------+------------------------------------------------------------------+------------------------------------------------------------------+
| device | input_digest                                                     | output_digest                                                    |
+--------+------------------------------------------------------------------+------------------------------------------------------------------+
| CPU    | 787a5f998a6359df93188c27d799f1b53fd86267480c15ae3ace09bac23ab876 | b82b87d7713e749aef86a8e9671cc9217801903f1d961f4a73b0a924aeafd3df |
| GPU    | 787a5f998a6359df93188c27d799f1b53fd86267480c15ae3ace09bac23ab876 | d75bb55874a8e2a257851b7c8c6b08f7e2d43d9f5cbaf56e2210d3b809af6ea9 |
+--------+------------------------------------------------------------------+------------------------------------------------------------------+

[stage08] input content
+------------+--------+-------+----------+-------------------------+---------------------+
| input_name | shape  | dtype | elements | generator               | values(head4/tail2) |
+------------+--------+-------+----------+-------------------------+---------------------+
| frequency  | scalar | FP16  | 1        | configured_typed_scalar | i=0:5               |
| scale      | scalar | FP16  | 1        | configured_typed_scalar | i=0:1               |
+------------+--------+-------+----------+-------------------------+---------------------+

[stage08] case parameters
+--------------------------------------------------------+
| parameters                                             |
+--------------------------------------------------------+
| {"dtype":"FP16","frequency":"5","n":"100","scale":"1"} |
+--------------------------------------------------------+

[stage08] dtype evidence
+-----------------+--------------------+--------------+------------------------------------------------------------------+--------+
| requested_dtype | config_input_dtype | output_dtype | actual_input_digest                                              | status |
+-----------------+--------------------+--------------+------------------------------------------------------------------+--------+
| FP16            | NA                 | ComplexFP64  | 787a5f998a6359df93188c27d799f1b53fd86267480c15ae3ace09bac23ab876 | PASS   |
+-----------------+--------------------+--------------+------------------------------------------------------------------+--------+

[stage08] evidence files
+----------------+---------------------------------------------------------------------------------------------------------------------------------------------------------------------------------------------------------------------------------------------------+
| kind           | path                                                                                                                                                                                                                                              |
+----------------+---------------------------------------------------------------------------------------------------------------------------------------------------------------------------------------------------------------------------------------------------+
| probe_raw_json | /tmp/ZKX_dev/results/stage08_input_preview_b07_morlet2_ed9b9505e41d/formal/20260810T090728Z_ed9b9505e41d_stage08_b07_formal_87520003/morlet2_probe_raw.json                                                                                       |
| dtype_csv      | /tmp/ZKX_dev/results/stage08_input_preview_b07_morlet2_ed9b9505e41d/formal/20260810T090728Z_ed9b9505e41d_stage08_b07_formal_87520003/operator_dtype_evidence_morlet2_not_applicable_20260810T090728Z_ed9b9505e41d_stage08_b07_formal_87520003.csv |
| main_csv       | /tmp/ZKX_dev/results/stage08_input_preview_b07_morlet2_ed9b9505e41d/formal/20260810T090728Z_ed9b9505e41d_stage08_b07_formal_87520003/operator_main_results_morlet2_not_applicable_20260810T090728Z_ed9b9505e41d_stage08_b07_formal_87520003.csv   |
| full_log       | /tmp/ZKX_dev/results/stage08_input_preview_b07_morlet2_ed9b9505e41d/formal/20260810T090728Z_ed9b9505e41d_stage08_b07_formal_87520003/operator_morlet2_full.log                                                                                    |
| report_json    | /tmp/ZKX_dev/results/stage08_input_preview_b07_morlet2_ed9b9505e41d/formal/20260810T090728Z_ed9b9505e41d_stage08_b07_formal_87520003/operator_morlet2_report.json                                                                                 |
| summary_txt    | /tmp/ZKX_dev/results/stage08_input_preview_b07_morlet2_ed9b9505e41d/formal/20260810T090728Z_ed9b9505e41d_stage08_b07_formal_87520003/operator_morlet2_summary.txt                                                                                 |
| timing_csv     | /tmp/ZKX_dev/results/stage08_input_preview_b07_morlet2_ed9b9505e41d/formal/20260810T090728Z_ed9b9505e41d_stage08_b07_formal_87520003/operator_timing_samples_morlet2_not_applicable_20260810T090728Z_ed9b9505e41d_stage08_b07_formal_87520003.csv |
| memory_csv     | /tmp/ZKX_dev/results/stage08_input_preview_b07_morlet2_ed9b9505e41d/formal/20260810T090728Z_ed9b9505e41d_stage08_b07_formal_87520003/operator_wavelets_morlet2_memory_trace_not_applicable.csv                                                    |
+----------------+---------------------------------------------------------------------------------------------------------------------------------------------------------------------------------------------------------------------------------------------------+
[stage08-b07-formal] case=3 scale=morlet2_fp16_10e2 status=completed
[stage08-b07-formal] case=4 scale=morlet2_fp16_10e3 status=starting
STAGE08_MORLET2_CASE PASS scale=morlet2_fp16_10e3 dtype=FP16 backend=not_applicable measured=100 results=/tmp/ZKX_dev/results/stage08_input_preview_b07_morlet2_ed9b9505e41d/formal/20260810T090728Z_ed9b9505e41d_stage08_b07_formal_87520004
[stage08] identity and status
+---------+-------------------+--------+----------------+-------+--------+----------+--------------------------+--------+------------+
| target  | scale_id          | device | backend        | dtype | warmup | measured | timing_scope             | status | error_code |
+---------+-------------------+--------+----------------+-------+--------+----------+--------------------------+--------+------------+
| morlet2 | morlet2_fp16_10e3 | CPU    | not_applicable | FP16  | 20     | 100      | compatibility/end-to-end | PASS   | OK         |
| morlet2 | morlet2_fp16_10e3 | GPU    | not_applicable | FP16  | 20     | 100      | compatibility/end-to-end | PASS   | OK         |
+---------+-------------------+--------+----------------+-------+--------+----------+--------------------------+--------+------------+

[stage08] timing detail
+--------+------------+---------------------+---------------------+---------------------+----------+----------+-----------------------+----------------------+---------------------+
| device | mean_ms    | p50_ms              | p95_ms              | p99_ms              | min_ms   | max_ms   | std_ms                | cv                   | speedup             |
+--------+------------+---------------------+---------------------+---------------------+----------+----------+-----------------------+----------------------+---------------------+
| CPU    | 0.09766174 | 0.0973755           | 0.098063            | 0.10943419          | 0.096931 | 0.10975  | 0.0017291106131187791 | 0.017705097340256062 | NA                  |
| GPU    | 0.27230218 | 0.26547149999999997 | 0.32953649999999995 | 0.36027580000000053 | 0.256821 | 0.463612 | 0.0263627508899887    | 0.09681432183168237  | 0.35865206808112954 |
+--------+------------+---------------------+---------------------+---------------------+----------+----------+-----------------------+----------------------+---------------------+

[stage08] accuracy detail
+--------------------------+-------------+-------------+-------------+---------------+-------------+----------------+-------------------+--------+
| accuracy_reference       | mse         | rmse        | relative_l2 | relative_linf | exact_match | mismatch_count | semantic_check    | status |
+--------------------------+-------------+-------------+-------------+---------------+-------------+----------------+-------------------+--------+
| cpu_morlet2_complex_fp64 | 1.62417e-18 | 1.27443e-09 | 5.7674e-08  | 7.47485e-08   | NA          | NA             | output_count=1024 | PASS   |
+--------------------------+-------------+-------------+-------------+---------------+-------------+----------------+-------------------+--------+

[stage08] resource detail
+--------+------------+--------------+-------------+------------+-------------+
| device | metric     | before_bytes | after_bytes | peak_bytes | delta_bytes |
+--------+------------+--------------+-------------+------------+-------------+
| CPU    | cpu_heap   | 1399840      | 1436016     | 1436016    | 36176       |
| CPU    | rss        | 69627904     | 69689344    | 69689344   | 61440       |
| GPU    | cpu_heap   | 1436016      | 1455280     | 1455280    | 19264       |
| GPU    | rss        | 69689344     | 69689344    | 69689344   | 0           |
| GPU    | gpu_memory | 391544832    | 391544832   | 391544832  | 0           |
+--------+------------+--------------+-------------+------------+-------------+

[stage08] input/output identity
+--------+------------------------------------------------------------------+------------------------------------------------------------------+
| device | input_digest                                                     | output_digest                                                    |
+--------+------------------------------------------------------------------+------------------------------------------------------------------+
| CPU    | 45cde94353819e8d264f6e206496b01a3eda8fea2de11eec022e5c9e19722e9e | 9dbc69ae72cd18e595bd0bb71e0a535634ebe1ccaaca51b73936276657ddfe64 |
| GPU    | 45cde94353819e8d264f6e206496b01a3eda8fea2de11eec022e5c9e19722e9e | b8ccce89e436f08504c0d1322910211a7f0cfccc017aac820089f7f1ab2d1614 |
+--------+------------------------------------------------------------------+------------------------------------------------------------------+

[stage08] input content
+------------+--------+-------+----------+-------------------------+---------------------+
| input_name | shape  | dtype | elements | generator               | values(head4/tail2) |
+------------+--------+-------+----------+-------------------------+---------------------+
| frequency  | scalar | FP16  | 1        | configured_typed_scalar | i=0:6               |
| scale      | scalar | FP16  | 1        | configured_typed_scalar | i=0:2               |
+------------+--------+-------+----------+-------------------------+---------------------+

[stage08] case parameters
+---------------------------------------------------------+
| parameters                                              |
+---------------------------------------------------------+
| {"dtype":"FP16","frequency":"6","n":"1024","scale":"2"} |
+---------------------------------------------------------+

[stage08] dtype evidence
+-----------------+--------------------+--------------+------------------------------------------------------------------+--------+
| requested_dtype | config_input_dtype | output_dtype | actual_input_digest                                              | status |
+-----------------+--------------------+--------------+------------------------------------------------------------------+--------+
| FP16            | NA                 | ComplexFP64  | 45cde94353819e8d264f6e206496b01a3eda8fea2de11eec022e5c9e19722e9e | PASS   |
+-----------------+--------------------+--------------+------------------------------------------------------------------+--------+

[stage08] evidence files
+----------------+---------------------------------------------------------------------------------------------------------------------------------------------------------------------------------------------------------------------------------------------------+
| kind           | path                                                                                                                                                                                                                                              |
+----------------+---------------------------------------------------------------------------------------------------------------------------------------------------------------------------------------------------------------------------------------------------+
| probe_raw_json | /tmp/ZKX_dev/results/stage08_input_preview_b07_morlet2_ed9b9505e41d/formal/20260810T090728Z_ed9b9505e41d_stage08_b07_formal_87520004/morlet2_probe_raw.json                                                                                       |
| dtype_csv      | /tmp/ZKX_dev/results/stage08_input_preview_b07_morlet2_ed9b9505e41d/formal/20260810T090728Z_ed9b9505e41d_stage08_b07_formal_87520004/operator_dtype_evidence_morlet2_not_applicable_20260810T090728Z_ed9b9505e41d_stage08_b07_formal_87520004.csv |
| main_csv       | /tmp/ZKX_dev/results/stage08_input_preview_b07_morlet2_ed9b9505e41d/formal/20260810T090728Z_ed9b9505e41d_stage08_b07_formal_87520004/operator_main_results_morlet2_not_applicable_20260810T090728Z_ed9b9505e41d_stage08_b07_formal_87520004.csv   |
| full_log       | /tmp/ZKX_dev/results/stage08_input_preview_b07_morlet2_ed9b9505e41d/formal/20260810T090728Z_ed9b9505e41d_stage08_b07_formal_87520004/operator_morlet2_full.log                                                                                    |
| report_json    | /tmp/ZKX_dev/results/stage08_input_preview_b07_morlet2_ed9b9505e41d/formal/20260810T090728Z_ed9b9505e41d_stage08_b07_formal_87520004/operator_morlet2_report.json                                                                                 |
| summary_txt    | /tmp/ZKX_dev/results/stage08_input_preview_b07_morlet2_ed9b9505e41d/formal/20260810T090728Z_ed9b9505e41d_stage08_b07_formal_87520004/operator_morlet2_summary.txt                                                                                 |
| timing_csv     | /tmp/ZKX_dev/results/stage08_input_preview_b07_morlet2_ed9b9505e41d/formal/20260810T090728Z_ed9b9505e41d_stage08_b07_formal_87520004/operator_timing_samples_morlet2_not_applicable_20260810T090728Z_ed9b9505e41d_stage08_b07_formal_87520004.csv |
| memory_csv     | /tmp/ZKX_dev/results/stage08_input_preview_b07_morlet2_ed9b9505e41d/formal/20260810T090728Z_ed9b9505e41d_stage08_b07_formal_87520004/operator_wavelets_morlet2_memory_trace_not_applicable.csv                                                    |
+----------------+---------------------------------------------------------------------------------------------------------------------------------------------------------------------------------------------------------------------------------------------------+
[stage08-b07-formal] case=4 scale=morlet2_fp16_10e3 status=completed
[stage08-b07-formal] case=5 scale=morlet2_fp16_10e4 status=starting
STAGE08_MORLET2_CASE PASS scale=morlet2_fp16_10e4 dtype=FP16 backend=not_applicable measured=100 results=/tmp/ZKX_dev/results/stage08_input_preview_b07_morlet2_ed9b9505e41d/formal/20260810T090728Z_ed9b9505e41d_stage08_b07_formal_87520005
[stage08] identity and status
+---------+-------------------+--------+----------------+-------+--------+----------+--------------------------+--------+------------+
| target  | scale_id          | device | backend        | dtype | warmup | measured | timing_scope             | status | error_code |
+---------+-------------------+--------+----------------+-------+--------+----------+--------------------------+--------+------------+
| morlet2 | morlet2_fp16_10e4 | CPU    | not_applicable | FP16  | 20     | 100      | compatibility/end-to-end | PASS   | OK         |
| morlet2 | morlet2_fp16_10e4 | GPU    | not_applicable | FP16  | 20     | 100      | compatibility/end-to-end | PASS   | OK         |
+---------+-------------------+--------+----------------+-------+--------+----------+--------------------------+--------+------------+

[stage08] timing detail
+--------+---------------------+--------------------+---------------------+---------------------+----------+----------+---------------------+----------------------+--------------------+
| device | mean_ms             | p50_ms             | p95_ms              | p99_ms              | min_ms   | max_ms   | std_ms              | cv                   | speedup            |
+--------+---------------------+--------------------+---------------------+---------------------+----------+----------+---------------------+----------------------+--------------------+
| CPU    | 0.9907013           | 0.9895309999999999 | 1.00332845          | 1.0101447100000003  | 0.982205 | 1.071496 | 0.01018148827578758 | 0.010277051494519669 | NA                 |
| GPU    | 0.34725759000000006 | 0.341517           | 0.37276449999999994 | 0.42790250000000024 | 0.332451 | 0.480422 | 0.02053514128711804 | 0.059135183444422444 | 2.8529291469194376 |
+--------+---------------------+--------------------+---------------------+---------------------+----------+----------+---------------------+----------------------+--------------------+

[stage08] accuracy detail
+--------------------------+-------------+-------------+-------------+---------------+-------------+----------------+--------------------+--------+
| accuracy_reference       | mse         | rmse        | relative_l2 | relative_linf | exact_match | mismatch_count | semantic_check     | status |
+--------------------------+-------------+-------------+-------------+---------------+-------------+----------------+--------------------+--------+
| cpu_morlet2_complex_fp64 | 3.76925e-18 | 1.94146e-09 | 2.74563e-07 | 3.57528e-07   | NA          | NA             | output_count=10000 | PASS   |
+--------------------------+-------------+-------------+-------------+---------------+-------------+----------------+--------------------+--------+

[stage08] resource detail
+--------+------------+--------------+-------------+------------+-------------+
| device | metric     | before_bytes | after_bytes | peak_bytes | delta_bytes |
+--------+------------+--------------+-------------+------------+-------------+
| CPU    | cpu_heap   | 1686960      | 2010368     | 2010368    | 323408      |
| CPU    | rss        | 69955584     | 69955584    | 69955584   | 0           |
| GPU    | cpu_heap   | 2010368      | 2173232     | 2173232    | 162864      |
| GPU    | rss        | 69955584     | 70287360    | 70287360   | 331776      |
| GPU    | gpu_memory | 391544832    | 391544832   | 391544832  | 0           |
+--------+------------+--------------+-------------+------------+-------------+

[stage08] input/output identity
+--------+------------------------------------------------------------------+------------------------------------------------------------------+
| device | input_digest                                                     | output_digest                                                    |
+--------+------------------------------------------------------------------+------------------------------------------------------------------+
| CPU    | b4b3c0a2122073e91aeafe314f7bf9927873ff60ea30c65058461eabaf2009b4 | a62debe844e5096e7cbb922c00ae38fb2e9afaacb7a63637571203e654bd15f6 |
| GPU    | b4b3c0a2122073e91aeafe314f7bf9927873ff60ea30c65058461eabaf2009b4 | 5a6fe7ef9ce8cec1fd5d8f33f5c1a2f971c1b278e6160f8068fe8bf56e26fa11 |
+--------+------------------------------------------------------------------+------------------------------------------------------------------+

[stage08] input content
+------------+--------+-------+----------+-------------------------+---------------------+
| input_name | shape  | dtype | elements | generator               | values(head4/tail2) |
+------------+--------+-------+----------+-------------------------+---------------------+
| frequency  | scalar | FP16  | 1        | configured_typed_scalar | i=0:7               |
| scale      | scalar | FP16  | 1        | configured_typed_scalar | i=0:3               |
+------------+--------+-------+----------+-------------------------+---------------------+

[stage08] case parameters
+----------------------------------------------------------+
| parameters                                               |
+----------------------------------------------------------+
| {"dtype":"FP16","frequency":"7","n":"10000","scale":"3"} |
+----------------------------------------------------------+

[stage08] dtype evidence
+-----------------+--------------------+--------------+------------------------------------------------------------------+--------+
| requested_dtype | config_input_dtype | output_dtype | actual_input_digest                                              | status |
+-----------------+--------------------+--------------+------------------------------------------------------------------+--------+
| FP16            | NA                 | ComplexFP64  | b4b3c0a2122073e91aeafe314f7bf9927873ff60ea30c65058461eabaf2009b4 | PASS   |
+-----------------+--------------------+--------------+------------------------------------------------------------------+--------+

[stage08] evidence files
+----------------+---------------------------------------------------------------------------------------------------------------------------------------------------------------------------------------------------------------------------------------------------+
| kind           | path                                                                                                                                                                                                                                              |
+----------------+---------------------------------------------------------------------------------------------------------------------------------------------------------------------------------------------------------------------------------------------------+
| probe_raw_json | /tmp/ZKX_dev/results/stage08_input_preview_b07_morlet2_ed9b9505e41d/formal/20260810T090728Z_ed9b9505e41d_stage08_b07_formal_87520005/morlet2_probe_raw.json                                                                                       |
| dtype_csv      | /tmp/ZKX_dev/results/stage08_input_preview_b07_morlet2_ed9b9505e41d/formal/20260810T090728Z_ed9b9505e41d_stage08_b07_formal_87520005/operator_dtype_evidence_morlet2_not_applicable_20260810T090728Z_ed9b9505e41d_stage08_b07_formal_87520005.csv |
| main_csv       | /tmp/ZKX_dev/results/stage08_input_preview_b07_morlet2_ed9b9505e41d/formal/20260810T090728Z_ed9b9505e41d_stage08_b07_formal_87520005/operator_main_results_morlet2_not_applicable_20260810T090728Z_ed9b9505e41d_stage08_b07_formal_87520005.csv   |
| full_log       | /tmp/ZKX_dev/results/stage08_input_preview_b07_morlet2_ed9b9505e41d/formal/20260810T090728Z_ed9b9505e41d_stage08_b07_formal_87520005/operator_morlet2_full.log                                                                                    |
| report_json    | /tmp/ZKX_dev/results/stage08_input_preview_b07_morlet2_ed9b9505e41d/formal/20260810T090728Z_ed9b9505e41d_stage08_b07_formal_87520005/operator_morlet2_report.json                                                                                 |
| summary_txt    | /tmp/ZKX_dev/results/stage08_input_preview_b07_morlet2_ed9b9505e41d/formal/20260810T090728Z_ed9b9505e41d_stage08_b07_formal_87520005/operator_morlet2_summary.txt                                                                                 |
| timing_csv     | /tmp/ZKX_dev/results/stage08_input_preview_b07_morlet2_ed9b9505e41d/formal/20260810T090728Z_ed9b9505e41d_stage08_b07_formal_87520005/operator_timing_samples_morlet2_not_applicable_20260810T090728Z_ed9b9505e41d_stage08_b07_formal_87520005.csv |
| memory_csv     | /tmp/ZKX_dev/results/stage08_input_preview_b07_morlet2_ed9b9505e41d/formal/20260810T090728Z_ed9b9505e41d_stage08_b07_formal_87520005/operator_wavelets_morlet2_memory_trace_not_applicable.csv                                                    |
+----------------+---------------------------------------------------------------------------------------------------------------------------------------------------------------------------------------------------------------------------------------------------+
[stage08-b07-formal] case=5 scale=morlet2_fp16_10e4 status=completed
[stage08-b07-formal] case=6 scale=morlet2_int32_10e2 status=starting
STAGE08_MORLET2_CASE PASS scale=morlet2_int32_10e2 dtype=INT32 backend=not_applicable measured=100 results=/tmp/ZKX_dev/results/stage08_input_preview_b07_morlet2_ed9b9505e41d/formal/20260810T090729Z_ed9b9505e41d_stage08_b07_formal_87520006
[stage08] identity and status
+---------+--------------------+--------+----------------+-------+--------+----------+--------------------------+--------+------------+
| target  | scale_id           | device | backend        | dtype | warmup | measured | timing_scope             | status | error_code |
+---------+--------------------+--------+----------------+-------+--------+----------+--------------------------+--------+------------+
| morlet2 | morlet2_int32_10e2 | CPU    | not_applicable | INT32 | 20     | 100      | compatibility/end-to-end | PASS   | OK         |
| morlet2 | morlet2_int32_10e2 | GPU    | not_applicable | INT32 | 20     | 100      | compatibility/end-to-end | PASS   | OK         |
+---------+--------------------+--------+----------------+-------+--------+----------+--------------------------+--------+------------+

[stage08] timing detail
+--------+---------------------+----------+-----------+----------------------+----------+----------+------------------------+---------------------+----------------------+
| device | mean_ms             | p50_ms   | p95_ms    | p99_ms               | min_ms   | max_ms   | std_ms                 | cv                  | speedup              |
+--------+---------------------+----------+-----------+----------------------+----------+----------+------------------------+---------------------+----------------------+
| CPU    | 0.00866195          | 0.00866  | 0.0087005 | 0.008750410000000002 | 0.00859  | 0.008791 | 3.0047420854376297e-05 | 0.0034688979795977  | NA                   |
| GPU    | 0.24784314999999998 | 0.245641 | 0.259341  | 0.2890311000000002   | 0.238111 | 0.320622 | 0.01031855666881275    | 0.04163341479807996 | 0.034949321778713675 |
+--------+---------------------+----------+-----------+----------------------+----------+----------+------------------------+---------------------+----------------------+

[stage08] accuracy detail
+--------------------------+------------+-------------+-------------+---------------+-------------+----------------+------------------+--------+
| accuracy_reference       | mse        | rmse        | relative_l2 | relative_linf | exact_match | mismatch_count | semantic_check   | status |
+--------------------------+------------+-------------+-------------+---------------+-------------+----------------+------------------+--------+
| cpu_morlet2_complex_fp64 | 1.5456e-17 | 3.93141e-09 | 5.56014e-08 | 6.72282e-08   | NA          | NA             | output_count=100 | PASS   |
+--------------------------+------------+-------------+-------------+---------------+-------------+----------------+------------------+--------+

[stage08] resource detail
+--------+------------+--------------+-------------+------------+-------------+
| device | metric     | before_bytes | after_bytes | peak_bytes | delta_bytes |
+--------+------------+--------------+-------------+------------+-------------+
| CPU    | cpu_heap   | 1390864      | 1397408     | 1397408    | 6544        |
| CPU    | rss        | 68984832     | 68984832    | 68984832   | 0           |
| GPU    | cpu_heap   | 1397504      | 1401936     | 1401936    | 4432        |
| GPU    | rss        | 68984832     | 68984832    | 68984832   | 0           |
| GPU    | gpu_memory | 341000192    | 341000192   | 341000192  | 0           |
+--------+------------+--------------+-------------+------------+-------------+

[stage08] input/output identity
+--------+------------------------------------------------------------------+------------------------------------------------------------------+
| device | input_digest                                                     | output_digest                                                    |
+--------+------------------------------------------------------------------+------------------------------------------------------------------+
| CPU    | 07c9154ea9267a98b3c537b4ad74fdd0b78a9160874144d554330ae86bbdcbce | b82b87d7713e749aef86a8e9671cc9217801903f1d961f4a73b0a924aeafd3df |
| GPU    | 07c9154ea9267a98b3c537b4ad74fdd0b78a9160874144d554330ae86bbdcbce | d75bb55874a8e2a257851b7c8c6b08f7e2d43d9f5cbaf56e2210d3b809af6ea9 |
+--------+------------------------------------------------------------------+------------------------------------------------------------------+

[stage08] input content
+------------+--------+-------+----------+-------------------------+---------------------+
| input_name | shape  | dtype | elements | generator               | values(head4/tail2) |
+------------+--------+-------+----------+-------------------------+---------------------+
| frequency  | scalar | INT32 | 1        | configured_typed_scalar | i=0:5               |
| scale      | scalar | INT32 | 1        | configured_typed_scalar | i=0:1               |
+------------+--------+-------+----------+-------------------------+---------------------+

[stage08] case parameters
+---------------------------------------------------------+
| parameters                                              |
+---------------------------------------------------------+
| {"dtype":"INT32","frequency":"5","n":"100","scale":"1"} |
+---------------------------------------------------------+

[stage08] dtype evidence
+-----------------+--------------------+--------------+------------------------------------------------------------------+--------+
| requested_dtype | config_input_dtype | output_dtype | actual_input_digest                                              | status |
+-----------------+--------------------+--------------+------------------------------------------------------------------+--------+
| INT32           | NA                 | ComplexFP64  | 07c9154ea9267a98b3c537b4ad74fdd0b78a9160874144d554330ae86bbdcbce | PASS   |
+-----------------+--------------------+--------------+------------------------------------------------------------------+--------+

[stage08] evidence files
+----------------+---------------------------------------------------------------------------------------------------------------------------------------------------------------------------------------------------------------------------------------------------+
| kind           | path                                                                                                                                                                                                                                              |
+----------------+---------------------------------------------------------------------------------------------------------------------------------------------------------------------------------------------------------------------------------------------------+
| probe_raw_json | /tmp/ZKX_dev/results/stage08_input_preview_b07_morlet2_ed9b9505e41d/formal/20260810T090729Z_ed9b9505e41d_stage08_b07_formal_87520006/morlet2_probe_raw.json                                                                                       |
| dtype_csv      | /tmp/ZKX_dev/results/stage08_input_preview_b07_morlet2_ed9b9505e41d/formal/20260810T090729Z_ed9b9505e41d_stage08_b07_formal_87520006/operator_dtype_evidence_morlet2_not_applicable_20260810T090729Z_ed9b9505e41d_stage08_b07_formal_87520006.csv |
| main_csv       | /tmp/ZKX_dev/results/stage08_input_preview_b07_morlet2_ed9b9505e41d/formal/20260810T090729Z_ed9b9505e41d_stage08_b07_formal_87520006/operator_main_results_morlet2_not_applicable_20260810T090729Z_ed9b9505e41d_stage08_b07_formal_87520006.csv   |
| full_log       | /tmp/ZKX_dev/results/stage08_input_preview_b07_morlet2_ed9b9505e41d/formal/20260810T090729Z_ed9b9505e41d_stage08_b07_formal_87520006/operator_morlet2_full.log                                                                                    |
| report_json    | /tmp/ZKX_dev/results/stage08_input_preview_b07_morlet2_ed9b9505e41d/formal/20260810T090729Z_ed9b9505e41d_stage08_b07_formal_87520006/operator_morlet2_report.json                                                                                 |
| summary_txt    | /tmp/ZKX_dev/results/stage08_input_preview_b07_morlet2_ed9b9505e41d/formal/20260810T090729Z_ed9b9505e41d_stage08_b07_formal_87520006/operator_morlet2_summary.txt                                                                                 |
| timing_csv     | /tmp/ZKX_dev/results/stage08_input_preview_b07_morlet2_ed9b9505e41d/formal/20260810T090729Z_ed9b9505e41d_stage08_b07_formal_87520006/operator_timing_samples_morlet2_not_applicable_20260810T090729Z_ed9b9505e41d_stage08_b07_formal_87520006.csv |
| memory_csv     | /tmp/ZKX_dev/results/stage08_input_preview_b07_morlet2_ed9b9505e41d/formal/20260810T090729Z_ed9b9505e41d_stage08_b07_formal_87520006/operator_wavelets_morlet2_memory_trace_not_applicable.csv                                                    |
+----------------+---------------------------------------------------------------------------------------------------------------------------------------------------------------------------------------------------------------------------------------------------+
[stage08-b07-formal] case=6 scale=morlet2_int32_10e2 status=completed
[stage08-b07-formal] case=7 scale=morlet2_int32_10e3 status=starting
STAGE08_MORLET2_CASE PASS scale=morlet2_int32_10e3 dtype=INT32 backend=not_applicable measured=100 results=/tmp/ZKX_dev/results/stage08_input_preview_b07_morlet2_ed9b9505e41d/formal/20260810T090729Z_ed9b9505e41d_stage08_b07_formal_87520007
[stage08] identity and status
+---------+--------------------+--------+----------------+-------+--------+----------+--------------------------+--------+------------+
| target  | scale_id           | device | backend        | dtype | warmup | measured | timing_scope             | status | error_code |
+---------+--------------------+--------+----------------+-------+--------+----------+--------------------------+--------+------------+
| morlet2 | morlet2_int32_10e3 | CPU    | not_applicable | INT32 | 20     | 100      | compatibility/end-to-end | PASS   | OK         |
| morlet2 | morlet2_int32_10e3 | GPU    | not_applicable | INT32 | 20     | 100      | compatibility/end-to-end | PASS   | OK         |
+---------+--------------------+--------+----------------+-------+--------+----------+--------------------------+--------+------------+

[stage08] timing detail
+--------+---------------------+---------------------+---------------------+--------------------+----------+----------+---------------------+---------------------+--------------------+
| device | mean_ms             | p50_ms              | p95_ms              | p99_ms             | min_ms   | max_ms   | std_ms              | cv                  | speedup            |
+--------+---------------------+---------------------+---------------------+--------------------+----------+----------+---------------------+---------------------+--------------------+
| CPU    | 0.09864853999999999 | 0.09821550000000001 | 0.09932550000000001 | 0.11003379         | 0.097411 | 0.11031  | 0.00203023491458501 | 0.02058048618443831 | NA                 |
| GPU    | 0.26677354999999997 | 0.2608815           | 0.30990049999999997 | 0.3369882000000002 | 0.256781 | 0.376212 | 0.01902822839750196 | 0.07132726763017534 | 0.3697838110262431 |
+--------+---------------------+---------------------+---------------------+--------------------+----------+----------+---------------------+---------------------+--------------------+

[stage08] accuracy detail
+--------------------------+-------------+-------------+-------------+---------------+-------------+----------------+-------------------+--------+
| accuracy_reference       | mse         | rmse        | relative_l2 | relative_linf | exact_match | mismatch_count | semantic_check    | status |
+--------------------------+-------------+-------------+-------------+---------------+-------------+----------------+-------------------+--------+
| cpu_morlet2_complex_fp64 | 1.62417e-18 | 1.27443e-09 | 5.7674e-08  | 7.47485e-08   | NA          | NA             | output_count=1024 | PASS   |
+--------------------------+-------------+-------------+-------------+---------------+-------------+----------------+-------------------+--------+

[stage08] resource detail
+--------+------------+--------------+-------------+------------+-------------+
| device | metric     | before_bytes | after_bytes | peak_bytes | delta_bytes |
+--------+------------+--------------+-------------+------------+-------------+
| CPU    | cpu_heap   | 1399680      | 1435856     | 1435856    | 36176       |
| CPU    | rss        | 69906432     | 69967872    | 69967872   | 61440       |
| GPU    | cpu_heap   | 1435856      | 1455168     | 1455168    | 19312       |
| GPU    | rss        | 69967872     | 69967872    | 69967872   | 0           |
| GPU    | gpu_memory | 341000192    | 341000192   | 341000192  | 0           |
+--------+------------+--------------+-------------+------------+-------------+

[stage08] input/output identity
+--------+------------------------------------------------------------------+------------------------------------------------------------------+
| device | input_digest                                                     | output_digest                                                    |
+--------+------------------------------------------------------------------+------------------------------------------------------------------+
| CPU    | b2687d44af72301b72db554024256951709d1a26ab9b65838dc543a436b0734a | 9dbc69ae72cd18e595bd0bb71e0a535634ebe1ccaaca51b73936276657ddfe64 |
| GPU    | b2687d44af72301b72db554024256951709d1a26ab9b65838dc543a436b0734a | b8ccce89e436f08504c0d1322910211a7f0cfccc017aac820089f7f1ab2d1614 |
+--------+------------------------------------------------------------------+------------------------------------------------------------------+

[stage08] input content
+------------+--------+-------+----------+-------------------------+---------------------+
| input_name | shape  | dtype | elements | generator               | values(head4/tail2) |
+------------+--------+-------+----------+-------------------------+---------------------+
| frequency  | scalar | INT32 | 1        | configured_typed_scalar | i=0:6               |
| scale      | scalar | INT32 | 1        | configured_typed_scalar | i=0:2               |
+------------+--------+-------+----------+-------------------------+---------------------+

[stage08] case parameters
+----------------------------------------------------------+
| parameters                                               |
+----------------------------------------------------------+
| {"dtype":"INT32","frequency":"6","n":"1024","scale":"2"} |
+----------------------------------------------------------+

[stage08] dtype evidence
+-----------------+--------------------+--------------+------------------------------------------------------------------+--------+
| requested_dtype | config_input_dtype | output_dtype | actual_input_digest                                              | status |
+-----------------+--------------------+--------------+------------------------------------------------------------------+--------+
| INT32           | NA                 | ComplexFP64  | b2687d44af72301b72db554024256951709d1a26ab9b65838dc543a436b0734a | PASS   |
+-----------------+--------------------+--------------+------------------------------------------------------------------+--------+

[stage08] evidence files
+----------------+---------------------------------------------------------------------------------------------------------------------------------------------------------------------------------------------------------------------------------------------------+
| kind           | path                                                                                                                                                                                                                                              |
+----------------+---------------------------------------------------------------------------------------------------------------------------------------------------------------------------------------------------------------------------------------------------+
| probe_raw_json | /tmp/ZKX_dev/results/stage08_input_preview_b07_morlet2_ed9b9505e41d/formal/20260810T090729Z_ed9b9505e41d_stage08_b07_formal_87520007/morlet2_probe_raw.json                                                                                       |
| dtype_csv      | /tmp/ZKX_dev/results/stage08_input_preview_b07_morlet2_ed9b9505e41d/formal/20260810T090729Z_ed9b9505e41d_stage08_b07_formal_87520007/operator_dtype_evidence_morlet2_not_applicable_20260810T090729Z_ed9b9505e41d_stage08_b07_formal_87520007.csv |
| main_csv       | /tmp/ZKX_dev/results/stage08_input_preview_b07_morlet2_ed9b9505e41d/formal/20260810T090729Z_ed9b9505e41d_stage08_b07_formal_87520007/operator_main_results_morlet2_not_applicable_20260810T090729Z_ed9b9505e41d_stage08_b07_formal_87520007.csv   |
| full_log       | /tmp/ZKX_dev/results/stage08_input_preview_b07_morlet2_ed9b9505e41d/formal/20260810T090729Z_ed9b9505e41d_stage08_b07_formal_87520007/operator_morlet2_full.log                                                                                    |
| report_json    | /tmp/ZKX_dev/results/stage08_input_preview_b07_morlet2_ed9b9505e41d/formal/20260810T090729Z_ed9b9505e41d_stage08_b07_formal_87520007/operator_morlet2_report.json                                                                                 |
| summary_txt    | /tmp/ZKX_dev/results/stage08_input_preview_b07_morlet2_ed9b9505e41d/formal/20260810T090729Z_ed9b9505e41d_stage08_b07_formal_87520007/operator_morlet2_summary.txt                                                                                 |
| timing_csv     | /tmp/ZKX_dev/results/stage08_input_preview_b07_morlet2_ed9b9505e41d/formal/20260810T090729Z_ed9b9505e41d_stage08_b07_formal_87520007/operator_timing_samples_morlet2_not_applicable_20260810T090729Z_ed9b9505e41d_stage08_b07_formal_87520007.csv |
| memory_csv     | /tmp/ZKX_dev/results/stage08_input_preview_b07_morlet2_ed9b9505e41d/formal/20260810T090729Z_ed9b9505e41d_stage08_b07_formal_87520007/operator_wavelets_morlet2_memory_trace_not_applicable.csv                                                    |
+----------------+---------------------------------------------------------------------------------------------------------------------------------------------------------------------------------------------------------------------------------------------------+
[stage08-b07-formal] case=7 scale=morlet2_int32_10e3 status=completed
[stage08-b07-formal] case=8 scale=morlet2_int32_10e4 status=starting
STAGE08_MORLET2_CASE PASS scale=morlet2_int32_10e4 dtype=INT32 backend=not_applicable measured=100 results=/tmp/ZKX_dev/results/stage08_input_preview_b07_morlet2_ed9b9505e41d/formal/20260810T090729Z_ed9b9505e41d_stage08_b07_formal_87520008
[stage08] identity and status
+---------+--------------------+--------+----------------+-------+--------+----------+--------------------------+--------+------------+
| target  | scale_id           | device | backend        | dtype | warmup | measured | timing_scope             | status | error_code |
+---------+--------------------+--------+----------------+-------+--------+----------+--------------------------+--------+------------+
| morlet2 | morlet2_int32_10e4 | CPU    | not_applicable | INT32 | 20     | 100      | compatibility/end-to-end | PASS   | OK         |
| morlet2 | morlet2_int32_10e4 | GPU    | not_applicable | INT32 | 20     | 100      | compatibility/end-to-end | PASS   | OK         |
+---------+--------------------+--------+----------------+-------+--------+----------+--------------------------+--------+------------+

[stage08] timing detail
+--------+------------+-----------+------------+---------------------+----------+----------+----------------------+----------------------+--------------------+
| device | mean_ms    | p50_ms    | p95_ms     | p99_ms              | min_ms   | max_ms   | std_ms               | cv                   | speedup            |
+--------+------------+-----------+------------+---------------------+----------+----------+----------------------+----------------------+--------------------+
| CPU    | 1.00160756 | 1.000066  | 1.02081745 | 1.0252480000000002  | 0.982585 | 1.070986 | 0.011968947961554505 | 0.011949738040669846 | NA                 |
| GPU    | 0.34092816 | 0.3392865 | 0.3529335  | 0.37698280000000006 | 0.332432 | 0.393892 | 0.008248069313142321 | 0.024192983393165064 | 2.9378845091587626 |
+--------+------------+-----------+------------+---------------------+----------+----------+----------------------+----------------------+--------------------+

[stage08] accuracy detail
+--------------------------+-------------+-------------+-------------+---------------+-------------+----------------+--------------------+--------+
| accuracy_reference       | mse         | rmse        | relative_l2 | relative_linf | exact_match | mismatch_count | semantic_check     | status |
+--------------------------+-------------+-------------+-------------+---------------+-------------+----------------+--------------------+--------+
| cpu_morlet2_complex_fp64 | 3.76925e-18 | 1.94146e-09 | 2.74563e-07 | 3.57528e-07   | NA          | NA             | output_count=10000 | PASS   |
+--------------------------+-------------+-------------+-------------+---------------+-------------+----------------+--------------------+--------+

[stage08] resource detail
+--------+------------+--------------+-------------+------------+-------------+
| device | metric     | before_bytes | after_bytes | peak_bytes | delta_bytes |
+--------+------------+--------------+-------------+------------+-------------+
| CPU    | cpu_heap   | 1686752      | 2010160     | 2010160    | 323408      |
| CPU    | rss        | 70189056     | 70189056    | 70189056   | 0           |
| GPU    | cpu_heap   | 2010160      | 2173200     | 2173200    | 163040      |
| GPU    | rss        | 70189056     | 70459392    | 70459392   | 270336      |
| GPU    | gpu_memory | 341000192    | 341000192   | 341000192  | 0           |
+--------+------------+--------------+-------------+------------+-------------+

[stage08] input/output identity
+--------+------------------------------------------------------------------+------------------------------------------------------------------+
| device | input_digest                                                     | output_digest                                                    |
+--------+------------------------------------------------------------------+------------------------------------------------------------------+
| CPU    | 9b11dfbfd4309c81cdd8a31b40383c91d44f29946d3e2bab685795fde5d728b2 | a62debe844e5096e7cbb922c00ae38fb2e9afaacb7a63637571203e654bd15f6 |
| GPU    | 9b11dfbfd4309c81cdd8a31b40383c91d44f29946d3e2bab685795fde5d728b2 | 5a6fe7ef9ce8cec1fd5d8f33f5c1a2f971c1b278e6160f8068fe8bf56e26fa11 |
+--------+------------------------------------------------------------------+------------------------------------------------------------------+

[stage08] input content
+------------+--------+-------+----------+-------------------------+---------------------+
| input_name | shape  | dtype | elements | generator               | values(head4/tail2) |
+------------+--------+-------+----------+-------------------------+---------------------+
| frequency  | scalar | INT32 | 1        | configured_typed_scalar | i=0:7               |
| scale      | scalar | INT32 | 1        | configured_typed_scalar | i=0:3               |
+------------+--------+-------+----------+-------------------------+---------------------+

[stage08] case parameters
+-----------------------------------------------------------+
| parameters                                                |
+-----------------------------------------------------------+
| {"dtype":"INT32","frequency":"7","n":"10000","scale":"3"} |
+-----------------------------------------------------------+

[stage08] dtype evidence
+-----------------+--------------------+--------------+------------------------------------------------------------------+--------+
| requested_dtype | config_input_dtype | output_dtype | actual_input_digest                                              | status |
+-----------------+--------------------+--------------+------------------------------------------------------------------+--------+
| INT32           | NA                 | ComplexFP64  | 9b11dfbfd4309c81cdd8a31b40383c91d44f29946d3e2bab685795fde5d728b2 | PASS   |
+-----------------+--------------------+--------------+------------------------------------------------------------------+--------+

[stage08] evidence files
+----------------+---------------------------------------------------------------------------------------------------------------------------------------------------------------------------------------------------------------------------------------------------+
| kind           | path                                                                                                                                                                                                                                              |
+----------------+---------------------------------------------------------------------------------------------------------------------------------------------------------------------------------------------------------------------------------------------------+
| probe_raw_json | /tmp/ZKX_dev/results/stage08_input_preview_b07_morlet2_ed9b9505e41d/formal/20260810T090729Z_ed9b9505e41d_stage08_b07_formal_87520008/morlet2_probe_raw.json                                                                                       |
| dtype_csv      | /tmp/ZKX_dev/results/stage08_input_preview_b07_morlet2_ed9b9505e41d/formal/20260810T090729Z_ed9b9505e41d_stage08_b07_formal_87520008/operator_dtype_evidence_morlet2_not_applicable_20260810T090729Z_ed9b9505e41d_stage08_b07_formal_87520008.csv |
| main_csv       | /tmp/ZKX_dev/results/stage08_input_preview_b07_morlet2_ed9b9505e41d/formal/20260810T090729Z_ed9b9505e41d_stage08_b07_formal_87520008/operator_main_results_morlet2_not_applicable_20260810T090729Z_ed9b9505e41d_stage08_b07_formal_87520008.csv   |
| full_log       | /tmp/ZKX_dev/results/stage08_input_preview_b07_morlet2_ed9b9505e41d/formal/20260810T090729Z_ed9b9505e41d_stage08_b07_formal_87520008/operator_morlet2_full.log                                                                                    |
| report_json    | /tmp/ZKX_dev/results/stage08_input_preview_b07_morlet2_ed9b9505e41d/formal/20260810T090729Z_ed9b9505e41d_stage08_b07_formal_87520008/operator_morlet2_report.json                                                                                 |
| summary_txt    | /tmp/ZKX_dev/results/stage08_input_preview_b07_morlet2_ed9b9505e41d/formal/20260810T090729Z_ed9b9505e41d_stage08_b07_formal_87520008/operator_morlet2_summary.txt                                                                                 |
| timing_csv     | /tmp/ZKX_dev/results/stage08_input_preview_b07_morlet2_ed9b9505e41d/formal/20260810T090729Z_ed9b9505e41d_stage08_b07_formal_87520008/operator_timing_samples_morlet2_not_applicable_20260810T090729Z_ed9b9505e41d_stage08_b07_formal_87520008.csv |
| memory_csv     | /tmp/ZKX_dev/results/stage08_input_preview_b07_morlet2_ed9b9505e41d/formal/20260810T090729Z_ed9b9505e41d_stage08_b07_formal_87520008/operator_wavelets_morlet2_memory_trace_not_applicable.csv                                                    |
+----------------+---------------------------------------------------------------------------------------------------------------------------------------------------------------------------------------------------------------------------------------------------+
[stage08-b07-formal] case=8 scale=morlet2_int32_10e4 status=completed
[stage08-b07-formal] case=9 scale=morlet2_int16_10e2 status=starting
STAGE08_MORLET2_CASE PASS scale=morlet2_int16_10e2 dtype=INT16 backend=not_applicable measured=100 results=/tmp/ZKX_dev/results/stage08_input_preview_b07_morlet2_ed9b9505e41d/formal/20260810T090729Z_ed9b9505e41d_stage08_b07_formal_87520009
[stage08] identity and status
+---------+--------------------+--------+----------------+-------+--------+----------+--------------------------+--------+------------+
| target  | scale_id           | device | backend        | dtype | warmup | measured | timing_scope             | status | error_code |
+---------+--------------------+--------+----------------+-------+--------+----------+--------------------------+--------+------------+
| morlet2 | morlet2_int16_10e2 | CPU    | not_applicable | INT16 | 20     | 100      | compatibility/end-to-end | PASS   | OK         |
| morlet2 | morlet2_int16_10e2 | GPU    | not_applicable | INT16 | 20     | 100      | compatibility/end-to-end | PASS   | OK         |
+---------+--------------------+--------+----------------+-------+--------+----------+--------------------------+--------+------------+

[stage08] timing detail
+--------+---------------------+---------------------+-----------+--------------------+----------+----------+------------------------+---------------------+---------------------+
| device | mean_ms             | p50_ms              | p95_ms    | p99_ms             | min_ms   | max_ms   | std_ms                 | cv                  | speedup             |
+--------+---------------------+---------------------+-----------+--------------------+----------+----------+------------------------+---------------------+---------------------+
| CPU    | 0.00866605          | 0.00867             | 0.00869   | 0.0087303          | 0.00862  | 0.00876  | 1.9612432281591295e-05 | 0.00226313398625571 | NA                  |
| GPU    | 0.25335018000000004 | 0.24750650000000002 | 0.3082425 | 0.3643782100000003 | 0.233791 | 0.428353 | 0.028412583943168562   | 0.11214747881042973 | 0.03420581741840483 |
+--------+---------------------+---------------------+-----------+--------------------+----------+----------+------------------------+---------------------+---------------------+

[stage08] accuracy detail
+--------------------------+------------+-------------+-------------+---------------+-------------+----------------+------------------+--------+
| accuracy_reference       | mse        | rmse        | relative_l2 | relative_linf | exact_match | mismatch_count | semantic_check   | status |
+--------------------------+------------+-------------+-------------+---------------+-------------+----------------+------------------+--------+
| cpu_morlet2_complex_fp64 | 1.5456e-17 | 3.93141e-09 | 5.56014e-08 | 6.72282e-08   | NA          | NA             | output_count=100 | PASS   |
+--------------------------+------------+-------------+-------------+---------------+-------------+----------------+------------------+--------+

[stage08] resource detail
+--------+------------+--------------+-------------+------------+-------------+
| device | metric     | before_bytes | after_bytes | peak_bytes | delta_bytes |
+--------+------------+--------------+-------------+------------+-------------+
| CPU    | cpu_heap   | 1390768      | 1397376     | 1397376    | 6608        |
| CPU    | rss        | 69337088     | 69337088    | 69337088   | 0           |
| GPU    | cpu_heap   | 1397376      | 1401936     | 1401936    | 4560        |
| GPU    | rss        | 69337088     | 69337088    | 69337088   | 0           |
| GPU    | gpu_memory | 391544832    | 391544832   | 391544832  | 0           |
+--------+------------+--------------+-------------+------------+-------------+

[stage08] input/output identity
+--------+------------------------------------------------------------------+------------------------------------------------------------------+
| device | input_digest                                                     | output_digest                                                    |
+--------+------------------------------------------------------------------+------------------------------------------------------------------+
| CPU    | a4f6ddea945bf5e9757528e00821f8ef25b17979cab8b19dbaa9f68e206a895b | b82b87d7713e749aef86a8e9671cc9217801903f1d961f4a73b0a924aeafd3df |
| GPU    | a4f6ddea945bf5e9757528e00821f8ef25b17979cab8b19dbaa9f68e206a895b | d75bb55874a8e2a257851b7c8c6b08f7e2d43d9f5cbaf56e2210d3b809af6ea9 |
+--------+------------------------------------------------------------------+------------------------------------------------------------------+

[stage08] input content
+------------+--------+-------+----------+-------------------------+---------------------+
| input_name | shape  | dtype | elements | generator               | values(head4/tail2) |
+------------+--------+-------+----------+-------------------------+---------------------+
| frequency  | scalar | INT16 | 1        | configured_typed_scalar | i=0:5               |
| scale      | scalar | INT16 | 1        | configured_typed_scalar | i=0:1               |
+------------+--------+-------+----------+-------------------------+---------------------+

[stage08] case parameters
+---------------------------------------------------------+
| parameters                                              |
+---------------------------------------------------------+
| {"dtype":"INT16","frequency":"5","n":"100","scale":"1"} |
+---------------------------------------------------------+

[stage08] dtype evidence
+-----------------+--------------------+--------------+------------------------------------------------------------------+--------+
| requested_dtype | config_input_dtype | output_dtype | actual_input_digest                                              | status |
+-----------------+--------------------+--------------+------------------------------------------------------------------+--------+
| INT16           | NA                 | ComplexFP64  | a4f6ddea945bf5e9757528e00821f8ef25b17979cab8b19dbaa9f68e206a895b | PASS   |
+-----------------+--------------------+--------------+------------------------------------------------------------------+--------+

[stage08] evidence files
+----------------+---------------------------------------------------------------------------------------------------------------------------------------------------------------------------------------------------------------------------------------------------+
| kind           | path                                                                                                                                                                                                                                              |
+----------------+---------------------------------------------------------------------------------------------------------------------------------------------------------------------------------------------------------------------------------------------------+
| probe_raw_json | /tmp/ZKX_dev/results/stage08_input_preview_b07_morlet2_ed9b9505e41d/formal/20260810T090729Z_ed9b9505e41d_stage08_b07_formal_87520009/morlet2_probe_raw.json                                                                                       |
| dtype_csv      | /tmp/ZKX_dev/results/stage08_input_preview_b07_morlet2_ed9b9505e41d/formal/20260810T090729Z_ed9b9505e41d_stage08_b07_formal_87520009/operator_dtype_evidence_morlet2_not_applicable_20260810T090729Z_ed9b9505e41d_stage08_b07_formal_87520009.csv |
| main_csv       | /tmp/ZKX_dev/results/stage08_input_preview_b07_morlet2_ed9b9505e41d/formal/20260810T090729Z_ed9b9505e41d_stage08_b07_formal_87520009/operator_main_results_morlet2_not_applicable_20260810T090729Z_ed9b9505e41d_stage08_b07_formal_87520009.csv   |
| full_log       | /tmp/ZKX_dev/results/stage08_input_preview_b07_morlet2_ed9b9505e41d/formal/20260810T090729Z_ed9b9505e41d_stage08_b07_formal_87520009/operator_morlet2_full.log                                                                                    |
| report_json    | /tmp/ZKX_dev/results/stage08_input_preview_b07_morlet2_ed9b9505e41d/formal/20260810T090729Z_ed9b9505e41d_stage08_b07_formal_87520009/operator_morlet2_report.json                                                                                 |
| summary_txt    | /tmp/ZKX_dev/results/stage08_input_preview_b07_morlet2_ed9b9505e41d/formal/20260810T090729Z_ed9b9505e41d_stage08_b07_formal_87520009/operator_morlet2_summary.txt                                                                                 |
| timing_csv     | /tmp/ZKX_dev/results/stage08_input_preview_b07_morlet2_ed9b9505e41d/formal/20260810T090729Z_ed9b9505e41d_stage08_b07_formal_87520009/operator_timing_samples_morlet2_not_applicable_20260810T090729Z_ed9b9505e41d_stage08_b07_formal_87520009.csv |
| memory_csv     | /tmp/ZKX_dev/results/stage08_input_preview_b07_morlet2_ed9b9505e41d/formal/20260810T090729Z_ed9b9505e41d_stage08_b07_formal_87520009/operator_wavelets_morlet2_memory_trace_not_applicable.csv                                                    |
+----------------+---------------------------------------------------------------------------------------------------------------------------------------------------------------------------------------------------------------------------------------------------+
[stage08-b07-formal] case=9 scale=morlet2_int16_10e2 status=completed
[stage08-b07-formal] case=10 scale=morlet2_int16_10e3 status=starting
STAGE08_MORLET2_CASE PASS scale=morlet2_int16_10e3 dtype=INT16 backend=not_applicable measured=100 results=/tmp/ZKX_dev/results/stage08_input_preview_b07_morlet2_ed9b9505e41d/formal/20260810T090729Z_ed9b9505e41d_stage08_b07_formal_8752000a
[stage08] identity and status
+---------+--------------------+--------+----------------+-------+--------+----------+--------------------------+--------+------------+
| target  | scale_id           | device | backend        | dtype | warmup | measured | timing_scope             | status | error_code |
+---------+--------------------+--------+----------------+-------+--------+----------+--------------------------+--------+------------+
| morlet2 | morlet2_int16_10e3 | CPU    | not_applicable | INT16 | 20     | 100      | compatibility/end-to-end | PASS   | OK         |
| morlet2 | morlet2_int16_10e3 | GPU    | not_applicable | INT16 | 20     | 100      | compatibility/end-to-end | PASS   | OK         |
+---------+--------------------+--------+----------------+-------+--------+----------+--------------------------+--------+------------+

[stage08] timing detail
+--------+------------+-----------+---------------------+---------------------+----------+----------+---------------------+---------------------+--------------------+
| device | mean_ms    | p50_ms    | p95_ms              | p99_ms              | min_ms   | max_ms   | std_ms              | cv                  | speedup            |
+--------+------------+-----------+---------------------+---------------------+----------+----------+---------------------+---------------------+--------------------+
| CPU    | 0.09906454 | 0.0980605 | 0.09865295          | 0.10656261000000042 | 0.097531 | 0.186021 | 0.00877870431945398 | 0.08861601052661204 | NA                 |
| GPU    | 0.28437355 | 0.2713765 | 0.36973949999999994 | 0.45252840000000005 | 0.262821 | 0.458013 | 0.03842366379859552 | 0.13511686933821912 | 0.3483605982342592 |
+--------+------------+-----------+---------------------+---------------------+----------+----------+---------------------+---------------------+--------------------+

[stage08] accuracy detail
+--------------------------+-------------+-------------+-------------+---------------+-------------+----------------+-------------------+--------+
| accuracy_reference       | mse         | rmse        | relative_l2 | relative_linf | exact_match | mismatch_count | semantic_check    | status |
+--------------------------+-------------+-------------+-------------+---------------+-------------+----------------+-------------------+--------+
| cpu_morlet2_complex_fp64 | 1.62417e-18 | 1.27443e-09 | 5.7674e-08  | 7.47485e-08   | NA          | NA             | output_count=1024 | PASS   |
+--------------------------+-------------+-------------+-------------+---------------+-------------+----------------+-------------------+--------+

[stage08] resource detail
+--------+------------+--------------+-------------+------------+-------------+
| device | metric     | before_bytes | after_bytes | peak_bytes | delta_bytes |
+--------+------------+--------------+-------------+------------+-------------+
| CPU    | cpu_heap   | 1399840      | 1436016     | 1436016    | 36176       |
| CPU    | rss        | 69373952     | 69500928    | 69500928   | 126976      |
| GPU    | cpu_heap   | 1436016      | 1455280     | 1455280    | 19264       |
| GPU    | rss        | 69500928     | 69500928    | 69500928   | 0           |
| GPU    | gpu_memory | 391544832    | 391544832   | 391544832  | 0           |
+--------+------------+--------------+-------------+------------+-------------+

[stage08] input/output identity
+--------+------------------------------------------------------------------+------------------------------------------------------------------+
| device | input_digest                                                     | output_digest                                                    |
+--------+------------------------------------------------------------------+------------------------------------------------------------------+
| CPU    | 73e8fc6d05ce8136b03ec6c1e5871752b4c78310946c5af6cadd21f23a5cb8aa | 9dbc69ae72cd18e595bd0bb71e0a535634ebe1ccaaca51b73936276657ddfe64 |
| GPU    | 73e8fc6d05ce8136b03ec6c1e5871752b4c78310946c5af6cadd21f23a5cb8aa | b8ccce89e436f08504c0d1322910211a7f0cfccc017aac820089f7f1ab2d1614 |
+--------+------------------------------------------------------------------+------------------------------------------------------------------+

[stage08] input content
+------------+--------+-------+----------+-------------------------+---------------------+
| input_name | shape  | dtype | elements | generator               | values(head4/tail2) |
+------------+--------+-------+----------+-------------------------+---------------------+
| frequency  | scalar | INT16 | 1        | configured_typed_scalar | i=0:6               |
| scale      | scalar | INT16 | 1        | configured_typed_scalar | i=0:2               |
+------------+--------+-------+----------+-------------------------+---------------------+

[stage08] case parameters
+----------------------------------------------------------+
| parameters                                               |
+----------------------------------------------------------+
| {"dtype":"INT16","frequency":"6","n":"1024","scale":"2"} |
+----------------------------------------------------------+

[stage08] dtype evidence
+-----------------+--------------------+--------------+------------------------------------------------------------------+--------+
| requested_dtype | config_input_dtype | output_dtype | actual_input_digest                                              | status |
+-----------------+--------------------+--------------+------------------------------------------------------------------+--------+
| INT16           | NA                 | ComplexFP64  | 73e8fc6d05ce8136b03ec6c1e5871752b4c78310946c5af6cadd21f23a5cb8aa | PASS   |
+-----------------+--------------------+--------------+------------------------------------------------------------------+--------+

[stage08] evidence files
+----------------+---------------------------------------------------------------------------------------------------------------------------------------------------------------------------------------------------------------------------------------------------+
| kind           | path                                                                                                                                                                                                                                              |
+----------------+---------------------------------------------------------------------------------------------------------------------------------------------------------------------------------------------------------------------------------------------------+
| probe_raw_json | /tmp/ZKX_dev/results/stage08_input_preview_b07_morlet2_ed9b9505e41d/formal/20260810T090729Z_ed9b9505e41d_stage08_b07_formal_8752000a/morlet2_probe_raw.json                                                                                       |
| dtype_csv      | /tmp/ZKX_dev/results/stage08_input_preview_b07_morlet2_ed9b9505e41d/formal/20260810T090729Z_ed9b9505e41d_stage08_b07_formal_8752000a/operator_dtype_evidence_morlet2_not_applicable_20260810T090729Z_ed9b9505e41d_stage08_b07_formal_8752000a.csv |
| main_csv       | /tmp/ZKX_dev/results/stage08_input_preview_b07_morlet2_ed9b9505e41d/formal/20260810T090729Z_ed9b9505e41d_stage08_b07_formal_8752000a/operator_main_results_morlet2_not_applicable_20260810T090729Z_ed9b9505e41d_stage08_b07_formal_8752000a.csv   |
| full_log       | /tmp/ZKX_dev/results/stage08_input_preview_b07_morlet2_ed9b9505e41d/formal/20260810T090729Z_ed9b9505e41d_stage08_b07_formal_8752000a/operator_morlet2_full.log                                                                                    |
| report_json    | /tmp/ZKX_dev/results/stage08_input_preview_b07_morlet2_ed9b9505e41d/formal/20260810T090729Z_ed9b9505e41d_stage08_b07_formal_8752000a/operator_morlet2_report.json                                                                                 |
| summary_txt    | /tmp/ZKX_dev/results/stage08_input_preview_b07_morlet2_ed9b9505e41d/formal/20260810T090729Z_ed9b9505e41d_stage08_b07_formal_8752000a/operator_morlet2_summary.txt                                                                                 |
| timing_csv     | /tmp/ZKX_dev/results/stage08_input_preview_b07_morlet2_ed9b9505e41d/formal/20260810T090729Z_ed9b9505e41d_stage08_b07_formal_8752000a/operator_timing_samples_morlet2_not_applicable_20260810T090729Z_ed9b9505e41d_stage08_b07_formal_8752000a.csv |
| memory_csv     | /tmp/ZKX_dev/results/stage08_input_preview_b07_morlet2_ed9b9505e41d/formal/20260810T090729Z_ed9b9505e41d_stage08_b07_formal_8752000a/operator_wavelets_morlet2_memory_trace_not_applicable.csv                                                    |
+----------------+---------------------------------------------------------------------------------------------------------------------------------------------------------------------------------------------------------------------------------------------------+
[stage08-b07-formal] case=10 scale=morlet2_int16_10e3 status=completed
[stage08-b07-formal] case=11 scale=morlet2_int16_10e4 status=starting
STAGE08_MORLET2_CASE PASS scale=morlet2_int16_10e4 dtype=INT16 backend=not_applicable measured=100 results=/tmp/ZKX_dev/results/stage08_input_preview_b07_morlet2_ed9b9505e41d/formal/20260810T090729Z_ed9b9505e41d_stage08_b07_formal_8752000b
[stage08] identity and status
+---------+--------------------+--------+----------------+-------+--------+----------+--------------------------+--------+------------+
| target  | scale_id           | device | backend        | dtype | warmup | measured | timing_scope             | status | error_code |
+---------+--------------------+--------+----------------+-------+--------+----------+--------------------------+--------+------------+
| morlet2 | morlet2_int16_10e4 | CPU    | not_applicable | INT16 | 20     | 100      | compatibility/end-to-end | PASS   | OK         |
| morlet2 | morlet2_int16_10e4 | GPU    | not_applicable | INT16 | 20     | 100      | compatibility/end-to-end | PASS   | OK         |
+---------+--------------------+--------+----------------+-------+--------+----------+--------------------------+--------+------------+

[stage08] timing detail
+--------+--------------------+-----------+--------------------+--------------------+----------+----------+----------------------+----------------------+--------------------+
| device | mean_ms            | p50_ms    | p95_ms             | p99_ms             | min_ms   | max_ms   | std_ms               | cv                   | speedup            |
+--------+--------------------+-----------+--------------------+--------------------+----------+----------+----------------------+----------------------+--------------------+
| CPU    | 0.9884946800000001 | 0.9869355 | 1.00116505         | 1.00783941         | 0.980215 | 1.060746 | 0.009713593087915508 | 0.009826651862117768 | NA                 |
| GPU    | 0.34614949         | 0.339522  | 0.3717029999999999 | 0.4292170100000005 | 0.334441 | 0.518813 | 0.02309582230685671  | 0.06672210410264279  | 2.8556872350151377 |
+--------+--------------------+-----------+--------------------+--------------------+----------+----------+----------------------+----------------------+--------------------+

[stage08] accuracy detail
+--------------------------+-------------+-------------+-------------+---------------+-------------+----------------+--------------------+--------+
| accuracy_reference       | mse         | rmse        | relative_l2 | relative_linf | exact_match | mismatch_count | semantic_check     | status |
+--------------------------+-------------+-------------+-------------+---------------+-------------+----------------+--------------------+--------+
| cpu_morlet2_complex_fp64 | 3.76925e-18 | 1.94146e-09 | 2.74563e-07 | 3.57528e-07   | NA          | NA             | output_count=10000 | PASS   |
+--------------------------+-------------+-------------+-------------+---------------+-------------+----------------+--------------------+--------+

[stage08] resource detail
+--------+------------+--------------+-------------+------------+-------------+
| device | metric     | before_bytes | after_bytes | peak_bytes | delta_bytes |
+--------+------------+--------------+-------------+------------+-------------+
| CPU    | cpu_heap   | 1686752      | 2010160     | 2010160    | 323408      |
| CPU    | rss        | 70234112     | 70234112    | 70234112   | 0           |
| GPU    | cpu_heap   | 2010160      | 2173200     | 2173200    | 163040      |
| GPU    | rss        | 70234112     | 70504448    | 70504448   | 270336      |
| GPU    | gpu_memory | 391544832    | 391544832   | 391544832  | 0           |
+--------+------------+--------------+-------------+------------+-------------+

[stage08] input/output identity
+--------+------------------------------------------------------------------+------------------------------------------------------------------+
| device | input_digest                                                     | output_digest                                                    |
+--------+------------------------------------------------------------------+------------------------------------------------------------------+
| CPU    | ef2b5827b5f7845742d17081277741161d5736aed884093e90ad6b50d7f509e1 | a62debe844e5096e7cbb922c00ae38fb2e9afaacb7a63637571203e654bd15f6 |
| GPU    | ef2b5827b5f7845742d17081277741161d5736aed884093e90ad6b50d7f509e1 | 5a6fe7ef9ce8cec1fd5d8f33f5c1a2f971c1b278e6160f8068fe8bf56e26fa11 |
+--------+------------------------------------------------------------------+------------------------------------------------------------------+

[stage08] input content
+------------+--------+-------+----------+-------------------------+---------------------+
| input_name | shape  | dtype | elements | generator               | values(head4/tail2) |
+------------+--------+-------+----------+-------------------------+---------------------+
| frequency  | scalar | INT16 | 1        | configured_typed_scalar | i=0:7               |
| scale      | scalar | INT16 | 1        | configured_typed_scalar | i=0:3               |
+------------+--------+-------+----------+-------------------------+---------------------+

[stage08] case parameters
+-----------------------------------------------------------+
| parameters                                                |
+-----------------------------------------------------------+
| {"dtype":"INT16","frequency":"7","n":"10000","scale":"3"} |
+-----------------------------------------------------------+

[stage08] dtype evidence
+-----------------+--------------------+--------------+------------------------------------------------------------------+--------+
| requested_dtype | config_input_dtype | output_dtype | actual_input_digest                                              | status |
+-----------------+--------------------+--------------+------------------------------------------------------------------+--------+
| INT16           | NA                 | ComplexFP64  | ef2b5827b5f7845742d17081277741161d5736aed884093e90ad6b50d7f509e1 | PASS   |
+-----------------+--------------------+--------------+------------------------------------------------------------------+--------+

[stage08] evidence files
+----------------+---------------------------------------------------------------------------------------------------------------------------------------------------------------------------------------------------------------------------------------------------+
| kind           | path                                                                                                                                                                                                                                              |
+----------------+---------------------------------------------------------------------------------------------------------------------------------------------------------------------------------------------------------------------------------------------------+
| probe_raw_json | /tmp/ZKX_dev/results/stage08_input_preview_b07_morlet2_ed9b9505e41d/formal/20260810T090729Z_ed9b9505e41d_stage08_b07_formal_8752000b/morlet2_probe_raw.json                                                                                       |
| dtype_csv      | /tmp/ZKX_dev/results/stage08_input_preview_b07_morlet2_ed9b9505e41d/formal/20260810T090729Z_ed9b9505e41d_stage08_b07_formal_8752000b/operator_dtype_evidence_morlet2_not_applicable_20260810T090729Z_ed9b9505e41d_stage08_b07_formal_8752000b.csv |
| main_csv       | /tmp/ZKX_dev/results/stage08_input_preview_b07_morlet2_ed9b9505e41d/formal/20260810T090729Z_ed9b9505e41d_stage08_b07_formal_8752000b/operator_main_results_morlet2_not_applicable_20260810T090729Z_ed9b9505e41d_stage08_b07_formal_8752000b.csv   |
| full_log       | /tmp/ZKX_dev/results/stage08_input_preview_b07_morlet2_ed9b9505e41d/formal/20260810T090729Z_ed9b9505e41d_stage08_b07_formal_8752000b/operator_morlet2_full.log                                                                                    |
| report_json    | /tmp/ZKX_dev/results/stage08_input_preview_b07_morlet2_ed9b9505e41d/formal/20260810T090729Z_ed9b9505e41d_stage08_b07_formal_8752000b/operator_morlet2_report.json                                                                                 |
| summary_txt    | /tmp/ZKX_dev/results/stage08_input_preview_b07_morlet2_ed9b9505e41d/formal/20260810T090729Z_ed9b9505e41d_stage08_b07_formal_8752000b/operator_morlet2_summary.txt                                                                                 |
| timing_csv     | /tmp/ZKX_dev/results/stage08_input_preview_b07_morlet2_ed9b9505e41d/formal/20260810T090729Z_ed9b9505e41d_stage08_b07_formal_8752000b/operator_timing_samples_morlet2_not_applicable_20260810T090729Z_ed9b9505e41d_stage08_b07_formal_8752000b.csv |
| memory_csv     | /tmp/ZKX_dev/results/stage08_input_preview_b07_morlet2_ed9b9505e41d/formal/20260810T090729Z_ed9b9505e41d_stage08_b07_formal_8752000b/operator_wavelets_morlet2_memory_trace_not_applicable.csv                                                    |
+----------------+---------------------------------------------------------------------------------------------------------------------------------------------------------------------------------------------------------------------------------------------------+
[stage08-b07-formal] case=11 scale=morlet2_int16_10e4 status=completed
[stage08-b07-formal] case=12 scale=morlet2_int8_10e2 status=starting
STAGE08_MORLET2_CASE PASS scale=morlet2_int8_10e2 dtype=INT8 backend=not_applicable measured=100 results=/tmp/ZKX_dev/results/stage08_input_preview_b07_morlet2_ed9b9505e41d/formal/20260810T090730Z_ed9b9505e41d_stage08_b07_formal_8752000c
[stage08] identity and status
+---------+-------------------+--------+----------------+-------+--------+----------+--------------------------+--------+------------+
| target  | scale_id          | device | backend        | dtype | warmup | measured | timing_scope             | status | error_code |
+---------+-------------------+--------+----------------+-------+--------+----------+--------------------------+--------+------------+
| morlet2 | morlet2_int8_10e2 | CPU    | not_applicable | INT8  | 20     | 100      | compatibility/end-to-end | PASS   | OK         |
| morlet2 | morlet2_int8_10e2 | GPU    | not_applicable | INT8  | 20     | 100      | compatibility/end-to-end | PASS   | OK         |
+---------+-------------------+--------+----------------+-------+--------+----------+--------------------------+--------+------------+

[stage08] timing detail
+--------+------------+----------+----------+---------------------+----------+----------+------------------------+---------------------+-------------------+
| device | mean_ms    | p50_ms   | p95_ms   | p99_ms              | min_ms   | max_ms   | std_ms                 | cv                  | speedup           |
+--------+------------+----------+----------+---------------------+----------+----------+------------------------+---------------------+-------------------+
| CPU    | 0.00861894 | 0.00861  | 0.00867  | 0.0087104           | 0.00858  | 0.00875  | 3.1697261711384394e-05 | 0.00367762877005576 | NA                |
| GPU    | 0.25377059 | 0.249552 | 0.272661 | 0.32513781000000036 | 0.241161 | 0.396102 | 0.01838096290246787    | 0.07243141493451967 | 0.033963510113603 |
+--------+------------+----------+----------+---------------------+----------+----------+------------------------+---------------------+-------------------+

[stage08] accuracy detail
+--------------------------+------------+-------------+-------------+---------------+-------------+----------------+------------------+--------+
| accuracy_reference       | mse        | rmse        | relative_l2 | relative_linf | exact_match | mismatch_count | semantic_check   | status |
+--------------------------+------------+-------------+-------------+---------------+-------------+----------------+------------------+--------+
| cpu_morlet2_complex_fp64 | 1.5456e-17 | 3.93141e-09 | 5.56014e-08 | 6.72282e-08   | NA          | NA             | output_count=100 | PASS   |
+--------------------------+------------+-------------+-------------+---------------+-------------+----------------+------------------+--------+

[stage08] resource detail
+--------+------------+--------------+-------------+------------+-------------+
| device | metric     | before_bytes | after_bytes | peak_bytes | delta_bytes |
+--------+------------+--------------+-------------+------------+-------------+
| CPU    | cpu_heap   | 1391072      | 1397680     | 1397680    | 6608        |
| CPU    | rss        | 68800512     | 68800512    | 68800512   | 0           |
| GPU    | cpu_heap   | 1397680      | 1402208     | 1402208    | 4528        |
| GPU    | rss        | 68800512     | 68800512    | 68800512   | 0           |
| GPU    | gpu_memory | 391544832    | 391544832   | 391544832  | 0           |
+--------+------------+--------------+-------------+------------+-------------+

[stage08] input/output identity
+--------+------------------------------------------------------------------+------------------------------------------------------------------+
| device | input_digest                                                     | output_digest                                                    |
+--------+------------------------------------------------------------------+------------------------------------------------------------------+
| CPU    | 884a156c91849e6a9d03015d5cdc1d8ed7eebe0d39ec43e0323626603c4aa524 | b82b87d7713e749aef86a8e9671cc9217801903f1d961f4a73b0a924aeafd3df |
| GPU    | 884a156c91849e6a9d03015d5cdc1d8ed7eebe0d39ec43e0323626603c4aa524 | d75bb55874a8e2a257851b7c8c6b08f7e2d43d9f5cbaf56e2210d3b809af6ea9 |
+--------+------------------------------------------------------------------+------------------------------------------------------------------+

[stage08] input content
+------------+--------+-------+----------+-------------------------+---------------------+
| input_name | shape  | dtype | elements | generator               | values(head4/tail2) |
+------------+--------+-------+----------+-------------------------+---------------------+
| frequency  | scalar | INT8  | 1        | configured_typed_scalar | i=0:5               |
| scale      | scalar | INT8  | 1        | configured_typed_scalar | i=0:1               |
+------------+--------+-------+----------+-------------------------+---------------------+

[stage08] case parameters
+--------------------------------------------------------+
| parameters                                             |
+--------------------------------------------------------+
| {"dtype":"INT8","frequency":"5","n":"100","scale":"1"} |
+--------------------------------------------------------+

[stage08] dtype evidence
+-----------------+--------------------+--------------+------------------------------------------------------------------+--------+
| requested_dtype | config_input_dtype | output_dtype | actual_input_digest                                              | status |
+-----------------+--------------------+--------------+------------------------------------------------------------------+--------+
| INT8            | NA                 | ComplexFP64  | 884a156c91849e6a9d03015d5cdc1d8ed7eebe0d39ec43e0323626603c4aa524 | PASS   |
+-----------------+--------------------+--------------+------------------------------------------------------------------+--------+

[stage08] evidence files
+----------------+---------------------------------------------------------------------------------------------------------------------------------------------------------------------------------------------------------------------------------------------------+
| kind           | path                                                                                                                                                                                                                                              |
+----------------+---------------------------------------------------------------------------------------------------------------------------------------------------------------------------------------------------------------------------------------------------+
| probe_raw_json | /tmp/ZKX_dev/results/stage08_input_preview_b07_morlet2_ed9b9505e41d/formal/20260810T090730Z_ed9b9505e41d_stage08_b07_formal_8752000c/morlet2_probe_raw.json                                                                                       |
| dtype_csv      | /tmp/ZKX_dev/results/stage08_input_preview_b07_morlet2_ed9b9505e41d/formal/20260810T090730Z_ed9b9505e41d_stage08_b07_formal_8752000c/operator_dtype_evidence_morlet2_not_applicable_20260810T090730Z_ed9b9505e41d_stage08_b07_formal_8752000c.csv |
| main_csv       | /tmp/ZKX_dev/results/stage08_input_preview_b07_morlet2_ed9b9505e41d/formal/20260810T090730Z_ed9b9505e41d_stage08_b07_formal_8752000c/operator_main_results_morlet2_not_applicable_20260810T090730Z_ed9b9505e41d_stage08_b07_formal_8752000c.csv   |
| full_log       | /tmp/ZKX_dev/results/stage08_input_preview_b07_morlet2_ed9b9505e41d/formal/20260810T090730Z_ed9b9505e41d_stage08_b07_formal_8752000c/operator_morlet2_full.log                                                                                    |
| report_json    | /tmp/ZKX_dev/results/stage08_input_preview_b07_morlet2_ed9b9505e41d/formal/20260810T090730Z_ed9b9505e41d_stage08_b07_formal_8752000c/operator_morlet2_report.json                                                                                 |
| summary_txt    | /tmp/ZKX_dev/results/stage08_input_preview_b07_morlet2_ed9b9505e41d/formal/20260810T090730Z_ed9b9505e41d_stage08_b07_formal_8752000c/operator_morlet2_summary.txt                                                                                 |
| timing_csv     | /tmp/ZKX_dev/results/stage08_input_preview_b07_morlet2_ed9b9505e41d/formal/20260810T090730Z_ed9b9505e41d_stage08_b07_formal_8752000c/operator_timing_samples_morlet2_not_applicable_20260810T090730Z_ed9b9505e41d_stage08_b07_formal_8752000c.csv |
| memory_csv     | /tmp/ZKX_dev/results/stage08_input_preview_b07_morlet2_ed9b9505e41d/formal/20260810T090730Z_ed9b9505e41d_stage08_b07_formal_8752000c/operator_wavelets_morlet2_memory_trace_not_applicable.csv                                                    |
+----------------+---------------------------------------------------------------------------------------------------------------------------------------------------------------------------------------------------------------------------------------------------+
[stage08-b07-formal] case=12 scale=morlet2_int8_10e2 status=completed
[stage08-b07-formal] case=13 scale=morlet2_int8_10e3 status=starting
STAGE08_MORLET2_CASE PASS scale=morlet2_int8_10e3 dtype=INT8 backend=not_applicable measured=100 results=/tmp/ZKX_dev/results/stage08_input_preview_b07_morlet2_ed9b9505e41d/formal/20260810T090730Z_ed9b9505e41d_stage08_b07_formal_8752000d
[stage08] identity and status
+---------+-------------------+--------+----------------+-------+--------+----------+--------------------------+--------+------------+
| target  | scale_id          | device | backend        | dtype | warmup | measured | timing_scope             | status | error_code |
+---------+-------------------+--------+----------------+-------+--------+----------+--------------------------+--------+------------+
| morlet2 | morlet2_int8_10e3 | CPU    | not_applicable | INT8  | 20     | 100      | compatibility/end-to-end | PASS   | OK         |
| morlet2 | morlet2_int8_10e3 | GPU    | not_applicable | INT8  | 20     | 100      | compatibility/end-to-end | PASS   | OK         |
+---------+-------------------+--------+----------------+-------+--------+----------+--------------------------+--------+------------+

[stage08] timing detail
+--------+------------+-----------+------------+--------------------+----------+----------+-----------------------+----------------------+---------------------+
| device | mean_ms    | p50_ms    | p95_ms     | p99_ms             | min_ms   | max_ms   | std_ms                | cv                   | speedup             |
+--------+------------+-----------+------------+--------------------+----------+----------+-----------------------+----------------------+---------------------+
| CPU    | 0.09946994 | 0.0991705 | 0.09948055 | 0.10970029         | 0.09846  | 0.11062  | 0.0017489549840976463 | 0.017582748960114445 | NA                  |
| GPU    | 0.26615595 | 0.2617515 | 0.289734   | 0.3285925000000002 | 0.256142 | 0.369232 | 0.01570738359968012   | 0.05901571465781667  | 0.37372803425961365 |
+--------+------------+-----------+------------+--------------------+----------+----------+-----------------------+----------------------+---------------------+

[stage08] accuracy detail
+--------------------------+-------------+-------------+-------------+---------------+-------------+----------------+-------------------+--------+
| accuracy_reference       | mse         | rmse        | relative_l2 | relative_linf | exact_match | mismatch_count | semantic_check    | status |
+--------------------------+-------------+-------------+-------------+---------------+-------------+----------------+-------------------+--------+
| cpu_morlet2_complex_fp64 | 1.62417e-18 | 1.27443e-09 | 5.7674e-08  | 7.47485e-08   | NA          | NA             | output_count=1024 | PASS   |
+--------------------------+-------------+-------------+-------------+---------------+-------------+----------------+-------------------+--------+

[stage08] resource detail
+--------+------------+--------------+-------------+------------+-------------+
| device | metric     | before_bytes | after_bytes | peak_bytes | delta_bytes |
+--------+------------+--------------+-------------+------------+-------------+
| CPU    | cpu_heap   | 1399840      | 1436016     | 1436016    | 36176       |
| CPU    | rss        | 69423104     | 69484544    | 69484544   | 61440       |
| GPU    | cpu_heap   | 1436016      | 1455280     | 1455280    | 19264       |
| GPU    | rss        | 69484544     | 69484544    | 69484544   | 0           |
| GPU    | gpu_memory | 391544832    | 391544832   | 391544832  | 0           |
+--------+------------+--------------+-------------+------------+-------------+

[stage08] input/output identity
+--------+------------------------------------------------------------------+------------------------------------------------------------------+
| device | input_digest                                                     | output_digest                                                    |
+--------+------------------------------------------------------------------+------------------------------------------------------------------+
| CPU    | 2a6c7ddff5ffce9e785022875201c87c4d19d094ac2c0c96567622ad539257ac | 9dbc69ae72cd18e595bd0bb71e0a535634ebe1ccaaca51b73936276657ddfe64 |
| GPU    | 2a6c7ddff5ffce9e785022875201c87c4d19d094ac2c0c96567622ad539257ac | b8ccce89e436f08504c0d1322910211a7f0cfccc017aac820089f7f1ab2d1614 |
+--------+------------------------------------------------------------------+------------------------------------------------------------------+

[stage08] input content
+------------+--------+-------+----------+-------------------------+---------------------+
| input_name | shape  | dtype | elements | generator               | values(head4/tail2) |
+------------+--------+-------+----------+-------------------------+---------------------+
| frequency  | scalar | INT8  | 1        | configured_typed_scalar | i=0:6               |
| scale      | scalar | INT8  | 1        | configured_typed_scalar | i=0:2               |
+------------+--------+-------+----------+-------------------------+---------------------+

[stage08] case parameters
+---------------------------------------------------------+
| parameters                                              |
+---------------------------------------------------------+
| {"dtype":"INT8","frequency":"6","n":"1024","scale":"2"} |
+---------------------------------------------------------+

[stage08] dtype evidence
+-----------------+--------------------+--------------+------------------------------------------------------------------+--------+
| requested_dtype | config_input_dtype | output_dtype | actual_input_digest                                              | status |
+-----------------+--------------------+--------------+------------------------------------------------------------------+--------+
| INT8            | NA                 | ComplexFP64  | 2a6c7ddff5ffce9e785022875201c87c4d19d094ac2c0c96567622ad539257ac | PASS   |
+-----------------+--------------------+--------------+------------------------------------------------------------------+--------+

[stage08] evidence files
+----------------+---------------------------------------------------------------------------------------------------------------------------------------------------------------------------------------------------------------------------------------------------+
| kind           | path                                                                                                                                                                                                                                              |
+----------------+---------------------------------------------------------------------------------------------------------------------------------------------------------------------------------------------------------------------------------------------------+
| probe_raw_json | /tmp/ZKX_dev/results/stage08_input_preview_b07_morlet2_ed9b9505e41d/formal/20260810T090730Z_ed9b9505e41d_stage08_b07_formal_8752000d/morlet2_probe_raw.json                                                                                       |
| dtype_csv      | /tmp/ZKX_dev/results/stage08_input_preview_b07_morlet2_ed9b9505e41d/formal/20260810T090730Z_ed9b9505e41d_stage08_b07_formal_8752000d/operator_dtype_evidence_morlet2_not_applicable_20260810T090730Z_ed9b9505e41d_stage08_b07_formal_8752000d.csv |
| main_csv       | /tmp/ZKX_dev/results/stage08_input_preview_b07_morlet2_ed9b9505e41d/formal/20260810T090730Z_ed9b9505e41d_stage08_b07_formal_8752000d/operator_main_results_morlet2_not_applicable_20260810T090730Z_ed9b9505e41d_stage08_b07_formal_8752000d.csv   |
| full_log       | /tmp/ZKX_dev/results/stage08_input_preview_b07_morlet2_ed9b9505e41d/formal/20260810T090730Z_ed9b9505e41d_stage08_b07_formal_8752000d/operator_morlet2_full.log                                                                                    |
| report_json    | /tmp/ZKX_dev/results/stage08_input_preview_b07_morlet2_ed9b9505e41d/formal/20260810T090730Z_ed9b9505e41d_stage08_b07_formal_8752000d/operator_morlet2_report.json                                                                                 |
| summary_txt    | /tmp/ZKX_dev/results/stage08_input_preview_b07_morlet2_ed9b9505e41d/formal/20260810T090730Z_ed9b9505e41d_stage08_b07_formal_8752000d/operator_morlet2_summary.txt                                                                                 |
| timing_csv     | /tmp/ZKX_dev/results/stage08_input_preview_b07_morlet2_ed9b9505e41d/formal/20260810T090730Z_ed9b9505e41d_stage08_b07_formal_8752000d/operator_timing_samples_morlet2_not_applicable_20260810T090730Z_ed9b9505e41d_stage08_b07_formal_8752000d.csv |
| memory_csv     | /tmp/ZKX_dev/results/stage08_input_preview_b07_morlet2_ed9b9505e41d/formal/20260810T090730Z_ed9b9505e41d_stage08_b07_formal_8752000d/operator_wavelets_morlet2_memory_trace_not_applicable.csv                                                    |
+----------------+---------------------------------------------------------------------------------------------------------------------------------------------------------------------------------------------------------------------------------------------------+
[stage08-b07-formal] case=13 scale=morlet2_int8_10e3 status=completed
[stage08-b07-formal] case=14 scale=morlet2_int8_10e4 status=starting
STAGE08_MORLET2_CASE PASS scale=morlet2_int8_10e4 dtype=INT8 backend=not_applicable measured=100 results=/tmp/ZKX_dev/results/stage08_input_preview_b07_morlet2_ed9b9505e41d/formal/20260810T090730Z_ed9b9505e41d_stage08_b07_formal_8752000e
[stage08] identity and status
+---------+-------------------+--------+----------------+-------+--------+----------+--------------------------+--------+------------+
| target  | scale_id          | device | backend        | dtype | warmup | measured | timing_scope             | status | error_code |
+---------+-------------------+--------+----------------+-------+--------+----------+--------------------------+--------+------------+
| morlet2 | morlet2_int8_10e4 | CPU    | not_applicable | INT8  | 20     | 100      | compatibility/end-to-end | PASS   | OK         |
| morlet2 | morlet2_int8_10e4 | GPU    | not_applicable | INT8  | 20     | 100      | compatibility/end-to-end | PASS   | OK         |
+---------+-------------------+--------+----------------+-------+--------+----------+--------------------------+--------+------------+

[stage08] timing detail
+--------+------------+----------+---------------------+--------------------+----------+----------+----------------------+----------------------+-------------------+
| device | mean_ms    | p50_ms   | p95_ms              | p99_ms             | min_ms   | max_ms   | std_ms               | cv                   | speedup           |
+--------+------------+----------+---------------------+--------------------+----------+----------+----------------------+----------------------+-------------------+
| CPU    | 0.99187881 | 0.98998  | 1.00194645          | 1.0117100900000002 | 0.982816 | 1.042805 | 0.007855839515538744 | 0.007920160644967044 | NA                |
| GPU    | 0.35216452 | 0.344492 | 0.40033494999999997 | 0.4331755000000003 | 0.333802 | 0.498862 | 0.024176964755105224 | 0.0686524717342486   | 2.816521124842446 |
+--------+------------+----------+---------------------+--------------------+----------+----------+----------------------+----------------------+-------------------+

[stage08] accuracy detail
+--------------------------+-------------+-------------+-------------+---------------+-------------+----------------+--------------------+--------+
| accuracy_reference       | mse         | rmse        | relative_l2 | relative_linf | exact_match | mismatch_count | semantic_check     | status |
+--------------------------+-------------+-------------+-------------+---------------+-------------+----------------+--------------------+--------+
| cpu_morlet2_complex_fp64 | 3.76925e-18 | 1.94146e-09 | 2.74563e-07 | 3.57528e-07   | NA          | NA             | output_count=10000 | PASS   |
+--------------------------+-------------+-------------+-------------+---------------+-------------+----------------+--------------------+--------+

[stage08] resource detail
+--------+------------+--------------+-------------+------------+-------------+
| device | metric     | before_bytes | after_bytes | peak_bytes | delta_bytes |
+--------+------------+--------------+-------------+------------+-------------+
| CPU    | cpu_heap   | 1686752      | 2010160     | 2010160    | 323408      |
| CPU    | rss        | 70656000     | 70656000    | 70656000   | 0           |
| GPU    | cpu_heap   | 2010160      | 2173200     | 2173200    | 163040      |
| GPU    | rss        | 70656000     | 70926336    | 70926336   | 270336      |
| GPU    | gpu_memory | 391544832    | 391544832   | 391544832  | 0           |
+--------+------------+--------------+-------------+------------+-------------+

[stage08] input/output identity
+--------+------------------------------------------------------------------+------------------------------------------------------------------+
| device | input_digest                                                     | output_digest                                                    |
+--------+------------------------------------------------------------------+------------------------------------------------------------------+
| CPU    | 8e188e850355d91d43bd3b7fd4a30862aebe0817b713776ea6d9666a03db076a | a62debe844e5096e7cbb922c00ae38fb2e9afaacb7a63637571203e654bd15f6 |
| GPU    | 8e188e850355d91d43bd3b7fd4a30862aebe0817b713776ea6d9666a03db076a | 5a6fe7ef9ce8cec1fd5d8f33f5c1a2f971c1b278e6160f8068fe8bf56e26fa11 |
+--------+------------------------------------------------------------------+------------------------------------------------------------------+

[stage08] input content
+------------+--------+-------+----------+-------------------------+---------------------+
| input_name | shape  | dtype | elements | generator               | values(head4/tail2) |
+------------+--------+-------+----------+-------------------------+---------------------+
| frequency  | scalar | INT8  | 1        | configured_typed_scalar | i=0:7               |
| scale      | scalar | INT8  | 1        | configured_typed_scalar | i=0:3               |
+------------+--------+-------+----------+-------------------------+---------------------+

[stage08] case parameters
+----------------------------------------------------------+
| parameters                                               |
+----------------------------------------------------------+
| {"dtype":"INT8","frequency":"7","n":"10000","scale":"3"} |
+----------------------------------------------------------+

[stage08] dtype evidence
+-----------------+--------------------+--------------+------------------------------------------------------------------+--------+
| requested_dtype | config_input_dtype | output_dtype | actual_input_digest                                              | status |
+-----------------+--------------------+--------------+------------------------------------------------------------------+--------+
| INT8            | NA                 | ComplexFP64  | 8e188e850355d91d43bd3b7fd4a30862aebe0817b713776ea6d9666a03db076a | PASS   |
+-----------------+--------------------+--------------+------------------------------------------------------------------+--------+

[stage08] evidence files
+----------------+---------------------------------------------------------------------------------------------------------------------------------------------------------------------------------------------------------------------------------------------------+
| kind           | path                                                                                                                                                                                                                                              |
+----------------+---------------------------------------------------------------------------------------------------------------------------------------------------------------------------------------------------------------------------------------------------+
| probe_raw_json | /tmp/ZKX_dev/results/stage08_input_preview_b07_morlet2_ed9b9505e41d/formal/20260810T090730Z_ed9b9505e41d_stage08_b07_formal_8752000e/morlet2_probe_raw.json                                                                                       |
| dtype_csv      | /tmp/ZKX_dev/results/stage08_input_preview_b07_morlet2_ed9b9505e41d/formal/20260810T090730Z_ed9b9505e41d_stage08_b07_formal_8752000e/operator_dtype_evidence_morlet2_not_applicable_20260810T090730Z_ed9b9505e41d_stage08_b07_formal_8752000e.csv |
| main_csv       | /tmp/ZKX_dev/results/stage08_input_preview_b07_morlet2_ed9b9505e41d/formal/20260810T090730Z_ed9b9505e41d_stage08_b07_formal_8752000e/operator_main_results_morlet2_not_applicable_20260810T090730Z_ed9b9505e41d_stage08_b07_formal_8752000e.csv   |
| full_log       | /tmp/ZKX_dev/results/stage08_input_preview_b07_morlet2_ed9b9505e41d/formal/20260810T090730Z_ed9b9505e41d_stage08_b07_formal_8752000e/operator_morlet2_full.log                                                                                    |
| report_json    | /tmp/ZKX_dev/results/stage08_input_preview_b07_morlet2_ed9b9505e41d/formal/20260810T090730Z_ed9b9505e41d_stage08_b07_formal_8752000e/operator_morlet2_report.json                                                                                 |
| summary_txt    | /tmp/ZKX_dev/results/stage08_input_preview_b07_morlet2_ed9b9505e41d/formal/20260810T090730Z_ed9b9505e41d_stage08_b07_formal_8752000e/operator_morlet2_summary.txt                                                                                 |
| timing_csv     | /tmp/ZKX_dev/results/stage08_input_preview_b07_morlet2_ed9b9505e41d/formal/20260810T090730Z_ed9b9505e41d_stage08_b07_formal_8752000e/operator_timing_samples_morlet2_not_applicable_20260810T090730Z_ed9b9505e41d_stage08_b07_formal_8752000e.csv |
| memory_csv     | /tmp/ZKX_dev/results/stage08_input_preview_b07_morlet2_ed9b9505e41d/formal/20260810T090730Z_ed9b9505e41d_stage08_b07_formal_8752000e/operator_wavelets_morlet2_memory_trace_not_applicable.csv                                                    |
+----------------+---------------------------------------------------------------------------------------------------------------------------------------------------------------------------------------------------------------------------------------------------+
[stage08-b07-formal] case=14 scale=morlet2_int8_10e4 status=completed
[stage08-b07-formal] cases=15 status=completed
