schema_version,run_id,run_type,test_time_utc,git_commit,git_dirty,config_id,config_sha256,target_kind,target,task_name,step_name,operator_name,case_id,scale_id,order_of_magnitude,actual_elements,input_shape,dtype,device,backend,timing_scope,status,error_code,warmup_runs,measured_runs,sample_index,latency_ms,synchronized,input_digest,output_digest
1,20260810T103337Z_e6d8c17f237e_stage07_b04_formal_8deda8ce,formal,20260810T103337Z,e6d8c17f237e75b8d68b91aec378482ac8f9fe5b,false,stage07_b04_task2_filter_chain_v2,4eb136d3d2c6d8904421311c76a93155c0dcbae2bb6bbc1eba9e2bdaf6899aea,operator,firwin,Task2,Step2,firwin,firwin__firwin_int8_10e2__ebd40a4c8267522b,firwin_int8_10e2,10^2,128,cutoff=[1]|window=[127],INT8,CPU,not_applicable,compatibility/end-to-end,PASS,OK,20,100,0,0.01429,true,ebd40a4c8267522b1c69968fe9ebf3c4ff976bd51715c40dc3287eef79291298,99ad17fee1848f52a1868abcd744d5586ede0f38ca49523a12607f82196fbc48
1,20260810T103337Z_e6d8c17f237e_stage07_b04_formal_8deda8ce,formal,20260810T103337Z,e6d8c17f237e75b8d68b91aec378482ac8f9fe5b,false,stage07_b04_task2_filter_chain_v2,4eb136d3d2c6d8904421311c76a93155c0dcbae2bb6bbc1eba9e2bdaf6899aea,operator,firwin,Task2,Step2,firwin,firwin__firwin_int8_10e2__ebd40a4c8267522b,firwin_int8_10e2,10^2,128,cutoff=[1]|window=[127],INT8,CPU,not_applicable,compatibility/end-to-end,PASS,OK,20,100,1,0.01437,true,ebd40a4c8267522b1c69968fe9ebf3c4ff976bd51715c40dc3287eef79291298,99ad17fee1848f52a1868abcd744d5586ede0f38ca49523a12607f82196fbc48
1,20260810T103337Z_e6d8c17f237e_stage07_b04_formal_8deda8ce,formal,20260810T103337Z,e6d8c17f237e75b8d68b91aec378482ac8f9fe5b,false,stage07_b04_task2_filter_chain_v2,4eb136d3d2c6d8904421311c76a93155c0dcbae2bb6bbc1eba9e2bdaf6899aea,operator,firwin,Task2,Step2,firwin,firwin__firwin_int8_10e2__ebd40a4c8267522b,firwin_int8_10e2,10^2,128,cutoff=[1]|window=[127],INT8,CPU,not_applicable,compatibility/end-to-end,PASS,OK,20,100,2,0.01444,true,ebd40a4c8267522b1c69968fe9ebf3c4ff976bd51715c40dc3287eef79291298,99ad17fee1848f52a1868abcd744d5586ede0f38ca49523a12607f82196fbc48
1,20260810T103337Z_e6d8c17f237e_stage07_b04_formal_8deda8ce,formal,20260810T103337Z,e6d8c17f237e75b8d68b91aec378482ac8f9fe5b,false,stage07_b04_task2_filter_chain_v2,4eb136d3d2c6d8904421311c76a93155c0dcbae2bb6bbc1eba9e2bdaf6899aea,operator,firwin,Task2,Step2,firwin,firwin__firwin_int8_10e2__ebd40a4c8267522b,firwin_int8_10e2,10^2,128,cutoff=[1]|window=[127],INT8,CPU,not_applicable,compatibility/end-to-end,PASS,OK,20,100,3,0.0143,true,ebd40a4c8267522b1c69968fe9ebf3c4ff976bd51715c40dc3287eef79291298,99ad17fee1848f52a1868abcd744d5586ede0f38ca49523a12607f82196fbc48
1,20260810T103337Z_e6d8c17f237e_stage07_b04_formal_8deda8ce,formal,20260810T103337Z,e6d8c17f237e75b8d68b91aec378482ac8f9fe5b,false,stage07_b04_task2_filter_chain_v2,4eb136d3d2c6d8904421311c76a93155c0dcbae2bb6bbc1eba9e2bdaf6899aea,operator,firwin,Task2,Step2,firwin,firwin__firwin_int8_10e2__ebd40a4c8267522b,firwin_int8_10e2,10^2,128,cutoff=[1]|window=[127],INT8,CPU,not_applicable,compatibility/end-to-end,PASS,OK,20,100,4,0.01435,true,ebd40a4c8267522b1c69968fe9ebf3c4ff976bd51715c40dc3287eef79291298,99ad17fee1848f52a1868abcd744d5586ede0f38ca49523a12607f82196fbc48
1,20260810T103337Z_e6d8c17f237e_stage07_b04_formal_8deda8ce,formal,20260810T103337Z,e6d8c17f237e75b8d68b91aec378482ac8f9fe5b,false,stage07_b04_task2_filter_chain_v2,4eb136d3d2c6d8904421311c76a93155c0dcbae2bb6bbc1eba9e2bdaf6899aea,operator,firwin,Task2,Step2,firwin,firwin__firwin_int8_10e2__ebd40a4c8267522b,firwin_int8_10e2,10^2,128,cutoff=[1]|window=[127],INT8,CPU,not_applicable,compatibility/end-to-end,PASS,OK,20,100,5,0.01435,true,ebd40a4c8267522b1c69968fe9ebf3c4ff976bd51715c40dc3287eef79291298,99ad17fee1848f52a1868abcd744d5586ede0f38ca49523a12607f82196fbc48
1,20260810T103337Z_e6d8c17f237e_stage07_b04_formal_8deda8ce,formal,20260810T103337Z,e6d8c17f237e75b8d68b91aec378482ac8f9fe5b,false,stage07_b04_task2_filter_chain_v2,4eb136d3d2c6d8904421311c76a93155c0dcbae2bb6bbc1eba9e2bdaf6899aea,operator,firwin,Task2,Step2,firwin,firwin__firwin_int8_10e2__ebd40a4c8267522b,firwin_int8_10e2,10^2,128,cutoff=[1]|window=[127],INT8,CPU,not_applicable,compatibility/end-to-end,PASS,OK,20,100,6,0.01421,true,ebd40a4c8267522b1c69968fe9ebf3c4ff976bd51715c40dc3287eef79291298,99ad17fee1848f52a1868abcd744d5586ede0f38ca49523a12607f82196fbc48
1,20260810T103337Z_e6d8c17f237e_stage07_b04_formal_8deda8ce,formal,20260810T103337Z,e6d8c17f237e75b8d68b91aec378482ac8f9fe5b,false,stage07_b04_task2_filter_chain_v2,4eb136d3d2c6d8904421311c76a93155c0dcbae2bb6bbc1eba9e2bdaf6899aea,operator,firwin,Task2,Step2,firwin,firwin__firwin_int8_10e2__ebd40a4c8267522b,firwin_int8_10e2,10^2,128,cutoff=[1]|window=[127],INT8,CPU,not_applicable,compatibility/end-to-end,PASS,OK,20,100,7,0.01425,true,ebd40a4c8267522b1c69968fe9ebf3c4ff976bd51715c40dc3287eef79291298,99ad17fee1848f52a1868abcd744d5586ede0f38ca49523a12607f82196fbc48
1,20260810T103337Z_e6d8c17f237e_stage07_b04_formal_8deda8ce,formal,20260810T103337Z,e6d8c17f237e75b8d68b91aec378482ac8f9fe5b,false,stage07_b04_task2_filter_chain_v2,4eb136d3d2c6d8904421311c76a93155c0dcbae2bb6bbc1eba9e2bdaf6899aea,operator,firwin,Task2,Step2,firwin,firwin__firwin_int8_10e2__ebd40a4c8267522b,firwin_int8_10e2,10^2,128,cutoff=[1]|window=[127],INT8,CPU,not_applicable,compatibility/end-to-end,PASS,OK,20,100,8,0.01429,true,ebd40a4c8267522b1c69968fe9ebf3c4ff976bd51715c40dc3287eef79291298,99ad17fee1848f52a1868abcd744d5586ede0f38ca49523a12607f82196fbc48
1,20260810T103337Z_e6d8c17f237e_stage07_b04_formal_8deda8ce,formal,20260810T103337Z,e6d8c17f237e75b8d68b91aec378482ac8f9fe5b,false,stage07_b04_task2_filter_chain_v2,4eb136d3d2c6d8904421311c76a93155c0dcbae2bb6bbc1eba9e2bdaf6899aea,operator,firwin,Task2,Step2,firwin,firwin__firwin_int8_10e2__ebd40a4c8267522b,firwin_int8_10e2,10^2,128,cutoff=[1]|window=[127],INT8,CPU,not_applicable,compatibility/end-to-end,PASS,OK,20,100,9,0.01423,true,ebd40a4c8267522b1c69968fe9ebf3c4ff976bd51715c40dc3287eef79291298,99ad17fee1848f52a1868abcd744d5586ede0f38ca49523a12607f82196fbc48
1,20260810T103337Z_e6d8c17f237e_stage07_b04_formal_8deda8ce,formal,20260810T103337Z,e6d8c17f237e75b8d68b91aec378482ac8f9fe5b,false,stage07_b04_task2_filter_chain_v2,4eb136d3d2c6d8904421311c76a93155c0dcbae2bb6bbc1eba9e2bdaf6899aea,operator,firwin,Task2,Step2,firwin,firwin__firwin_int8_10e2__ebd40a4c8267522b,firwin_int8_10e2,10^2,128,cutoff=[1]|window=[127],INT8,CPU,not_applicable,compatibility/end-to-end,PASS,OK,20,100,10,0.014311,true,ebd40a4c8267522b1c69968fe9ebf3c4ff976bd51715c40dc3287eef79291298,99ad17fee1848f52a1868abcd744d5586ede0f38ca49523a12607f82196fbc48
1,20260810T103337Z_e6d8c17f237e_stage07_b04_formal_8deda8ce,formal,20260810T103337Z,e6d8c17f237e75b8d68b91aec378482ac8f9fe5b,false,stage07_b04_task2_filter_chain_v2,4eb136d3d2c6d8904421311c76a93155c0dcbae2bb6bbc1eba9e2bdaf6899aea,operator,firwin,Task2,Step2,firwin,firwin__firwin_int8_10e2__ebd40a4c8267522b,firwin_int8_10e2,10^2,128,cutoff=[1]|window=[127],INT8,CPU,not_applicable,compatibility/end-to-end,PASS,OK,20,100,11,0.01417,true,ebd40a4c8267522b1c69968fe9ebf3c4ff976bd51715c40dc3287eef79291298,99ad17fee1848f52a1868abcd744d5586ede0f38ca49523a12607f82196fbc48
1,20260810T103337Z_e6d8c17f237e_stage07_b04_formal_8deda8ce,formal,20260810T103337Z,e6d8c17f237e75b8d68b91aec378482ac8f9fe5b,false,stage07_b04_task2_filter_chain_v2,4eb136d3d2c6d8904421311c76a93155c0dcbae2bb6bbc1eba9e2bdaf6899aea,operator,firwin,Task2,Step2,firwin,firwin__firwin_int8_10e2__ebd40a4c8267522b,firwin_int8_10e2,10^2,128,cutoff=[1]|window=[127],INT8,CPU,not_applicable,compatibility/end-to-end,PASS,OK,20,100,12,0.01423,true,ebd40a4c8267522b1c69968fe9ebf3c4ff976bd51715c40dc3287eef79291298,99ad17fee1848f52a1868abcd744d5586ede0f38ca49523a12607f82196fbc48
1,20260810T103337Z_e6d8c17f237e_stage07_b04_formal_8deda8ce,formal,20260810T103337Z,e6d8c17f237e75b8d68b91aec378482ac8f9fe5b,false,stage07_b04_task2_filter_chain_v2,4eb136d3d2c6d8904421311c76a93155c0dcbae2bb6bbc1eba9e2bdaf6899aea,operator,firwin,Task2,Step2,firwin,firwin__firwin_int8_10e2__ebd40a4c8267522b,firwin_int8_10e2,10^2,128,cutoff=[1]|window=[127],INT8,CPU,not_applicable,compatibility/end-to-end,PASS,OK,20,100,13,0.0143,true,ebd40a4c8267522b1c69968fe9ebf3c4ff976bd51715c40dc3287eef79291298,99ad17fee1848f52a1868abcd744d5586ede0f38ca49523a12607f82196fbc48
1,20260810T103337Z_e6d8c17f237e_stage07_b04_formal_8deda8ce,formal,20260810T103337Z,e6d8c17f237e75b8d68b91aec378482ac8f9fe5b,false,stage07_b04_task2_filter_chain_v2,4eb136d3d2c6d8904421311c76a93155c0dcbae2bb6bbc1eba9e2bdaf6899aea,operator,firwin,Task2,Step2,firwin,firwin__firwin_int8_10e2__ebd40a4c8267522b,firwin_int8_10e2,10^2,128,cutoff=[1]|window=[127],INT8,CPU,not_applicable,compatibility/end-to-end,PASS,OK,20,100,14,0.01422,true,ebd40a4c8267522b1c69968fe9ebf3c4ff976bd51715c40dc3287eef79291298,99ad17fee1848f52a1868abcd744d5586ede0f38ca49523a12607f82196fbc48
1,20260810T103337Z_e6d8c17f237e_stage07_b04_formal_8deda8ce,formal,20260810T103337Z,e6d8c17f237e75b8d68b91aec378482ac8f9fe5b,false,stage07_b04_task2_filter_chain_v2,4eb136d3d2c6d8904421311c76a93155c0dcbae2bb6bbc1eba9e2bdaf6899aea,operator,firwin,Task2,Step2,firwin,firwin__firwin_int8_10e2__ebd40a4c8267522b,firwin_int8_10e2,10^2,128,cutoff=[1]|window=[127],INT8,CPU,not_applicable,compatibility/end-to-end,PASS,OK,20,100,15,0.01418,true,ebd40a4c8267522b1c69968fe9ebf3c4ff976bd51715c40dc3287eef79291298,99ad17fee1848f52a1868abcd744d5586ede0f38ca49523a12607f82196fbc48
1,20260810T103337Z_e6d8c17f237e_stage07_b04_formal_8deda8ce,formal,20260810T103337Z,e6d8c17f237e75b8d68b91aec378482ac8f9fe5b,false,stage07_b04_task2_filter_chain_v2,4eb136d3d2c6d8904421311c76a93155c0dcbae2bb6bbc1eba9e2bdaf6899aea,operator,firwin,Task2,Step2,firwin,firwin__firwin_int8_10e2__ebd40a4c8267522b,firwin_int8_10e2,10^2,128,cutoff=[1]|window=[127],INT8,CPU,not_applicable,compatibility/end-to-end,PASS,OK,20,100,16,0.01414,true,ebd40a4c8267522b1c69968fe9ebf3c4ff976bd51715c40dc3287eef79291298,99ad17fee1848f52a1868abcd744d5586ede0f38ca49523a12607f82196fbc48
1,20260810T103337Z_e6d8c17f237e_stage07_b04_formal_8deda8ce,formal,20260810T103337Z,e6d8c17f237e75b8d68b91aec378482ac8f9fe5b,false,stage07_b04_task2_filter_chain_v2,4eb136d3d2c6d8904421311c76a93155c0dcbae2bb6bbc1eba9e2bdaf6899aea,operator,firwin,Task2,Step2,firwin,firwin__firwin_int8_10e2__ebd40a4c8267522b,firwin_int8_10e2,10^2,128,cutoff=[1]|window=[127],INT8,CPU,not_applicable,compatibility/end-to-end,PASS,OK,20,100,17,0.01432,true,ebd40a4c8267522b1c69968fe9ebf3c4ff976bd51715c40dc3287eef79291298,99ad17fee1848f52a1868abcd744d5586ede0f38ca49523a12607f82196fbc48
1,20260810T103337Z_e6d8c17f237e_stage07_b04_formal_8deda8ce,formal,20260810T103337Z,e6d8c17f237e75b8d68b91aec378482ac8f9fe5b,false,stage07_b04_task2_filter_chain_v2,4eb136d3d2c6d8904421311c76a93155c0dcbae2bb6bbc1eba9e2bdaf6899aea,operator,firwin,Task2,Step2,firwin,firwin__firwin_int8_10e2__ebd40a4c8267522b,firwin_int8_10e2,10^2,128,cutoff=[1]|window=[127],INT8,CPU,not_applicable,compatibility/end-to-end,PASS,OK,20,100,18,0.01437,true,ebd40a4c8267522b1c69968fe9ebf3c4ff976bd51715c40dc3287eef79291298,99ad17fee1848f52a1868abcd744d5586ede0f38ca49523a12607f82196fbc48
1,20260810T103337Z_e6d8c17f237e_stage07_b04_formal_8deda8ce,formal,20260810T103337Z,e6d8c17f237e75b8d68b91aec378482ac8f9fe5b,false,stage07_b04_task2_filter_chain_v2,4eb136d3d2c6d8904421311c76a93155c0dcbae2bb6bbc1eba9e2bdaf6899aea,operator,firwin,Task2,Step2,firwin,firwin__firwin_int8_10e2__ebd40a4c8267522b,firwin_int8_10e2,10^2,128,cutoff=[1]|window=[127],INT8,CPU,not_applicable,compatibility/end-to-end,PASS,OK,20,100,19,0.01415,true,ebd40a4c8267522b1c69968fe9ebf3c4ff976bd51715c40dc3287eef79291298,99ad17fee1848f52a1868abcd744d5586ede0f38ca49523a12607f82196fbc48
1,20260810T103337Z_e6d8c17f237e_stage07_b04_formal_8deda8ce,formal,20260810T103337Z,e6d8c17f237e75b8d68b91aec378482ac8f9fe5b,false,stage07_b04_task2_filter_chain_v2,4eb136d3d2c6d8904421311c76a93155c0dcbae2bb6bbc1eba9e2bdaf6899aea,operator,firwin,Task2,Step2,firwin,firwin__firwin_int8_10e2__ebd40a4c8267522b,firwin_int8_10e2,10^2,128,cutoff=[1]|window=[127],INT8,CPU,not_applicable,compatibility/end-to-end,PASS,OK,20,100,20,0.01434,true,ebd40a4c8267522b1c69968fe9ebf3c4ff976bd51715c40dc3287eef79291298,99ad17fee1848f52a1868abcd744d5586ede0f38ca49523a12607f82196fbc48
1,20260810T103337Z_e6d8c17f237e_stage07_b04_formal_8deda8ce,formal,20260810T103337Z,e6d8c17f237e75b8d68b91aec378482ac8f9fe5b,false,stage07_b04_task2_filter_chain_v2,4eb136d3d2c6d8904421311c76a93155c0dcbae2bb6bbc1eba9e2bdaf6899aea,operator,firwin,Task2,Step2,firwin,firwin__firwin_int8_10e2__ebd40a4c8267522b,firwin_int8_10e2,10^2,128,cutoff=[1]|window=[127],INT8,CPU,not_applicable,compatibility/end-to-end,PASS,OK,20,100,21,0.014311,true,ebd40a4c8267522b1c69968fe9ebf3c4ff976bd51715c40dc3287eef79291298,99ad17fee1848f52a1868abcd744d5586ede0f38ca49523a12607f82196fbc48
1,20260810T103337Z_e6d8c17f237e_stage07_b04_formal_8deda8ce,formal,20260810T103337Z,e6d8c17f237e75b8d68b91aec378482ac8f9fe5b,false,stage07_b04_task2_filter_chain_v2,4eb136d3d2c6d8904421311c76a93155c0dcbae2bb6bbc1eba9e2bdaf6899aea,operator,firwin,Task2,Step2,firwin,firwin__firwin_int8_10e2__ebd40a4c8267522b,firwin_int8_10e2,10^2,128,cutoff=[1]|window=[127],INT8,CPU,not_applicable,compatibility/end-to-end,PASS,OK,20,100,22,0.0143,true,ebd40a4c8267522b1c69968fe9ebf3c4ff976bd51715c40dc3287eef79291298,99ad17fee1848f52a1868abcd744d5586ede0f38ca49523a12607f82196fbc48
1,20260810T103337Z_e6d8c17f237e_stage07_b04_formal_8deda8ce,formal,20260810T103337Z,e6d8c17f237e75b8d68b91aec378482ac8f9fe5b,false,stage07_b04_task2_filter_chain_v2,4eb136d3d2c6d8904421311c76a93155c0dcbae2bb6bbc1eba9e2bdaf6899aea,operator,firwin,Task2,Step2,firwin,firwin__firwin_int8_10e2__ebd40a4c8267522b,firwin_int8_10e2,10^2,128,cutoff=[1]|window=[127],INT8,CPU,not_applicable,compatibility/end-to-end,PASS,OK,20,100,23,0.01421,true,ebd40a4c8267522b1c69968fe9ebf3c4ff976bd51715c40dc3287eef79291298,99ad17fee1848f52a1868abcd744d5586ede0f38ca49523a12607f82196fbc48
1,20260810T103337Z_e6d8c17f237e_stage07_b04_formal_8deda8ce,formal,20260810T103337Z,e6d8c17f237e75b8d68b91aec378482ac8f9fe5b,false,stage07_b04_task2_filter_chain_v2,4eb136d3d2c6d8904421311c76a93155c0dcbae2bb6bbc1eba9e2bdaf6899aea,operator,firwin,Task2,Step2,firwin,firwin__firwin_int8_10e2__ebd40a4c8267522b,firwin_int8_10e2,10^2,128,cutoff=[1]|window=[127],INT8,CPU,not_applicable,compatibility/end-to-end,PASS,OK,20,100,24,0.01413,true,ebd40a4c8267522b1c69968fe9ebf3c4ff976bd51715c40dc3287eef79291298,99ad17fee1848f52a1868abcd744d5586ede0f38ca49523a12607f82196fbc48
1,20260810T103337Z_e6d8c17f237e_stage07_b04_formal_8deda8ce,formal,20260810T103337Z,e6d8c17f237e75b8d68b91aec378482ac8f9fe5b,false,stage07_b04_task2_filter_chain_v2,4eb136d3d2c6d8904421311c76a93155c0dcbae2bb6bbc1eba9e2bdaf6899aea,operator,firwin,Task2,Step2,firwin,firwin__firwin_int8_10e2__ebd40a4c8267522b,firwin_int8_10e2,10^2,128,cutoff=[1]|window=[127],INT8,CPU,not_applicable,compatibility/end-to-end,PASS,OK,20,100,25,0.01414,true,ebd40a4c8267522b1c69968fe9ebf3c4ff976bd51715c40dc3287eef79291298,99ad17fee1848f52a1868abcd744d5586ede0f38ca49523a12607f82196fbc48
1,20260810T103337Z_e6d8c17f237e_stage07_b04_formal_8deda8ce,formal,20260810T103337Z,e6d8c17f237e75b8d68b91aec378482ac8f9fe5b,false,stage07_b04_task2_filter_chain_v2,4eb136d3d2c6d8904421311c76a93155c0dcbae2bb6bbc1eba9e2bdaf6899aea,operator,firwin,Task2,Step2,firwin,firwin__firwin_int8_10e2__ebd40a4c8267522b,firwin_int8_10e2,10^2,128,cutoff=[1]|window=[127],INT8,CPU,not_applicable,compatibility/end-to-end,PASS,OK,20,100,26,0.01426,true,ebd40a4c8267522b1c69968fe9ebf3c4ff976bd51715c40dc3287eef79291298,99ad17fee1848f52a1868abcd744d5586ede0f38ca49523a12607f82196fbc48
1,20260810T103337Z_e6d8c17f237e_stage07_b04_formal_8deda8ce,formal,20260810T103337Z,e6d8c17f237e75b8d68b91aec378482ac8f9fe5b,false,stage07_b04_task2_filter_chain_v2,4eb136d3d2c6d8904421311c76a93155c0dcbae2bb6bbc1eba9e2bdaf6899aea,operator,firwin,Task2,Step2,firwin,firwin__firwin_int8_10e2__ebd40a4c8267522b,firwin_int8_10e2,10^2,128,cutoff=[1]|window=[127],INT8,CPU,not_applicable,compatibility/end-to-end,PASS,OK,20,100,27,0.01431,true,ebd40a4c8267522b1c69968fe9ebf3c4ff976bd51715c40dc3287eef79291298,99ad17fee1848f52a1868abcd744d5586ede0f38ca49523a12607f82196fbc48
1,20260810T103337Z_e6d8c17f237e_stage07_b04_formal_8deda8ce,formal,20260810T103337Z,e6d8c17f237e75b8d68b91aec378482ac8f9fe5b,false,stage07_b04_task2_filter_chain_v2,4eb136d3d2c6d8904421311c76a93155c0dcbae2bb6bbc1eba9e2bdaf6899aea,operator,firwin,Task2,Step2,firwin,firwin__firwin_int8_10e2__ebd40a4c8267522b,firwin_int8_10e2,10^2,128,cutoff=[1]|window=[127],INT8,CPU,not_applicable,compatibility/end-to-end,PASS,OK,20,100,28,0.01417,true,ebd40a4c8267522b1c69968fe9ebf3c4ff976bd51715c40dc3287eef79291298,99ad17fee1848f52a1868abcd744d5586ede0f38ca49523a12607f82196fbc48
1,20260810T103337Z_e6d8c17f237e_stage07_b04_formal_8deda8ce,formal,20260810T103337Z,e6d8c17f237e75b8d68b91aec378482ac8f9fe5b,false,stage07_b04_task2_filter_chain_v2,4eb136d3d2c6d8904421311c76a93155c0dcbae2bb6bbc1eba9e2bdaf6899aea,operator,firwin,Task2,Step2,firwin,firwin__firwin_int8_10e2__ebd40a4c8267522b,firwin_int8_10e2,10^2,128,cutoff=[1]|window=[127],INT8,CPU,not_applicable,compatibility/end-to-end,PASS,OK,20,100,29,0.01434,true,ebd40a4c8267522b1c69968fe9ebf3c4ff976bd51715c40dc3287eef79291298,99ad17fee1848f52a1868abcd744d5586ede0f38ca49523a12607f82196fbc48
1,20260810T103337Z_e6d8c17f237e_stage07_b04_formal_8deda8ce,formal,20260810T103337Z,e6d8c17f237e75b8d68b91aec378482ac8f9fe5b,false,stage07_b04_task2_filter_chain_v2,4eb136d3d2c6d8904421311c76a93155c0dcbae2bb6bbc1eba9e2bdaf6899aea,operator,firwin,Task2,Step2,firwin,firwin__firwin_int8_10e2__ebd40a4c8267522b,firwin_int8_10e2,10^2,128,cutoff=[1]|window=[127],INT8,CPU,not_applicable,compatibility/end-to-end,PASS,OK,20,100,30,0.01427,true,ebd40a4c8267522b1c69968fe9ebf3c4ff976bd51715c40dc3287eef79291298,99ad17fee1848f52a1868abcd744d5586ede0f38ca49523a12607f82196fbc48
1,20260810T103337Z_e6d8c17f237e_stage07_b04_formal_8deda8ce,formal,20260810T103337Z,e6d8c17f237e75b8d68b91aec378482ac8f9fe5b,false,stage07_b04_task2_filter_chain_v2,4eb136d3d2c6d8904421311c76a93155c0dcbae2bb6bbc1eba9e2bdaf6899aea,operator,firwin,Task2,Step2,firwin,firwin__firwin_int8_10e2__ebd40a4c8267522b,firwin_int8_10e2,10^2,128,cutoff=[1]|window=[127],INT8,CPU,not_applicable,compatibility/end-to-end,PASS,OK,20,100,31,0.01428,true,ebd40a4c8267522b1c69968fe9ebf3c4ff976bd51715c40dc3287eef79291298,99ad17fee1848f52a1868abcd744d5586ede0f38ca49523a12607f82196fbc48
1,20260810T103337Z_e6d8c17f237e_stage07_b04_formal_8deda8ce,formal,20260810T103337Z,e6d8c17f237e75b8d68b91aec378482ac8f9fe5b,false,stage07_b04_task2_filter_chain_v2,4eb136d3d2c6d8904421311c76a93155c0dcbae2bb6bbc1eba9e2bdaf6899aea,operator,firwin,Task2,Step2,firwin,firwin__firwin_int8_10e2__ebd40a4c8267522b,firwin_int8_10e2,10^2,128,cutoff=[1]|window=[127],INT8,CPU,not_applicable,compatibility/end-to-end,PASS,OK,20,100,32,0.014281,true,ebd40a4c8267522b1c69968fe9ebf3c4ff976bd51715c40dc3287eef79291298,99ad17fee1848f52a1868abcd744d5586ede0f38ca49523a12607f82196fbc48
1,20260810T103337Z_e6d8c17f237e_stage07_b04_formal_8deda8ce,formal,20260810T103337Z,e6d8c17f237e75b8d68b91aec378482ac8f9fe5b,false,stage07_b04_task2_filter_chain_v2,4eb136d3d2c6d8904421311c76a93155c0dcbae2bb6bbc1eba9e2bdaf6899aea,operator,firwin,Task2,Step2,firwin,firwin__firwin_int8_10e2__ebd40a4c8267522b,firwin_int8_10e2,10^2,128,cutoff=[1]|window=[127],INT8,CPU,not_applicable,compatibility/end-to-end,PASS,OK,20,100,33,0.01422,true,ebd40a4c8267522b1c69968fe9ebf3c4ff976bd51715c40dc3287eef79291298,99ad17fee1848f52a1868abcd744d5586ede0f38ca49523a12607f82196fbc48
1,20260810T103337Z_e6d8c17f237e_stage07_b04_formal_8deda8ce,formal,20260810T103337Z,e6d8c17f237e75b8d68b91aec378482ac8f9fe5b,false,stage07_b04_task2_filter_chain_v2,4eb136d3d2c6d8904421311c76a93155c0dcbae2bb6bbc1eba9e2bdaf6899aea,operator,firwin,Task2,Step2,firwin,firwin__firwin_int8_10e2__ebd40a4c8267522b,firwin_int8_10e2,10^2,128,cutoff=[1]|window=[127],INT8,CPU,not_applicable,compatibility/end-to-end,PASS,OK,20,100,34,0.01417,true,ebd40a4c8267522b1c69968fe9ebf3c4ff976bd51715c40dc3287eef79291298,99ad17fee1848f52a1868abcd744d5586ede0f38ca49523a12607f82196fbc48
1,20260810T103337Z_e6d8c17f237e_stage07_b04_formal_8deda8ce,formal,20260810T103337Z,e6d8c17f237e75b8d68b91aec378482ac8f9fe5b,false,stage07_b04_task2_filter_chain_v2,4eb136d3d2c6d8904421311c76a93155c0dcbae2bb6bbc1eba9e2bdaf6899aea,operator,firwin,Task2,Step2,firwin,firwin__firwin_int8_10e2__ebd40a4c8267522b,firwin_int8_10e2,10^2,128,cutoff=[1]|window=[127],INT8,CPU,not_applicable,compatibility/end-to-end,PASS,OK,20,100,35,0.01429,true,ebd40a4c8267522b1c69968fe9ebf3c4ff976bd51715c40dc3287eef79291298,99ad17fee1848f52a1868abcd744d5586ede0f38ca49523a12607f82196fbc48
1,20260810T103337Z_e6d8c17f237e_stage07_b04_formal_8deda8ce,formal,20260810T103337Z,e6d8c17f237e75b8d68b91aec378482ac8f9fe5b,false,stage07_b04_task2_filter_chain_v2,4eb136d3d2c6d8904421311c76a93155c0dcbae2bb6bbc1eba9e2bdaf6899aea,operator,firwin,Task2,Step2,firwin,firwin__firwin_int8_10e2__ebd40a4c8267522b,firwin_int8_10e2,10^2,128,cutoff=[1]|window=[127],INT8,CPU,not_applicable,compatibility/end-to-end,PASS,OK,20,100,36,0.01419,true,ebd40a4c8267522b1c69968fe9ebf3c4ff976bd51715c40dc3287eef79291298,99ad17fee1848f52a1868abcd744d5586ede0f38ca49523a12607f82196fbc48
1,20260810T103337Z_e6d8c17f237e_stage07_b04_formal_8deda8ce,formal,20260810T103337Z,e6d8c17f237e75b8d68b91aec378482ac8f9fe5b,false,stage07_b04_task2_filter_chain_v2,4eb136d3d2c6d8904421311c76a93155c0dcbae2bb6bbc1eba9e2bdaf6899aea,operator,firwin,Task2,Step2,firwin,firwin__firwin_int8_10e2__ebd40a4c8267522b,firwin_int8_10e2,10^2,128,cutoff=[1]|window=[127],INT8,CPU,not_applicable,compatibility/end-to-end,PASS,OK,20,100,37,0.01433,true,ebd40a4c8267522b1c69968fe9ebf3c4ff976bd51715c40dc3287eef79291298,99ad17fee1848f52a1868abcd744d5586ede0f38ca49523a12607f82196fbc48
1,20260810T103337Z_e6d8c17f237e_stage07_b04_formal_8deda8ce,formal,20260810T103337Z,e6d8c17f237e75b8d68b91aec378482ac8f9fe5b,false,stage07_b04_task2_filter_chain_v2,4eb136d3d2c6d8904421311c76a93155c0dcbae2bb6bbc1eba9e2bdaf6899aea,operator,firwin,Task2,Step2,firwin,firwin__firwin_int8_10e2__ebd40a4c8267522b,firwin_int8_10e2,10^2,128,cutoff=[1]|window=[127],INT8,CPU,not_applicable,compatibility/end-to-end,PASS,OK,20,100,38,0.01426,true,ebd40a4c8267522b1c69968fe9ebf3c4ff976bd51715c40dc3287eef79291298,99ad17fee1848f52a1868abcd744d5586ede0f38ca49523a12607f82196fbc48
1,20260810T103337Z_e6d8c17f237e_stage07_b04_formal_8deda8ce,formal,20260810T103337Z,e6d8c17f237e75b8d68b91aec378482ac8f9fe5b,false,stage07_b04_task2_filter_chain_v2,4eb136d3d2c6d8904421311c76a93155c0dcbae2bb6bbc1eba9e2bdaf6899aea,operator,firwin,Task2,Step2,firwin,firwin__firwin_int8_10e2__ebd40a4c8267522b,firwin_int8_10e2,10^2,128,cutoff=[1]|window=[127],INT8,CPU,not_applicable,compatibility/end-to-end,PASS,OK,20,100,39,0.01428,true,ebd40a4c8267522b1c69968fe9ebf3c4ff976bd51715c40dc3287eef79291298,99ad17fee1848f52a1868abcd744d5586ede0f38ca49523a12607f82196fbc48
1,20260810T103337Z_e6d8c17f237e_stage07_b04_formal_8deda8ce,formal,20260810T103337Z,e6d8c17f237e75b8d68b91aec378482ac8f9fe5b,false,stage07_b04_task2_filter_chain_v2,4eb136d3d2c6d8904421311c76a93155c0dcbae2bb6bbc1eba9e2bdaf6899aea,operator,firwin,Task2,Step2,firwin,firwin__firwin_int8_10e2__ebd40a4c8267522b,firwin_int8_10e2,10^2,128,cutoff=[1]|window=[127],INT8,CPU,not_applicable,compatibility/end-to-end,PASS,OK,20,100,40,0.0142,true,ebd40a4c8267522b1c69968fe9ebf3c4ff976bd51715c40dc3287eef79291298,99ad17fee1848f52a1868abcd744d5586ede0f38ca49523a12607f82196fbc48
1,20260810T103337Z_e6d8c17f237e_stage07_b04_formal_8deda8ce,formal,20260810T103337Z,e6d8c17f237e75b8d68b91aec378482ac8f9fe5b,false,stage07_b04_task2_filter_chain_v2,4eb136d3d2c6d8904421311c76a93155c0dcbae2bb6bbc1eba9e2bdaf6899aea,operator,firwin,Task2,Step2,firwin,firwin__firwin_int8_10e2__ebd40a4c8267522b,firwin_int8_10e2,10^2,128,cutoff=[1]|window=[127],INT8,CPU,not_applicable,compatibility/end-to-end,PASS,OK,20,100,41,0.01418,true,ebd40a4c8267522b1c69968fe9ebf3c4ff976bd51715c40dc3287eef79291298,99ad17fee1848f52a1868abcd744d5586ede0f38ca49523a12607f82196fbc48
1,20260810T103337Z_e6d8c17f237e_stage07_b04_formal_8deda8ce,formal,20260810T103337Z,e6d8c17f237e75b8d68b91aec378482ac8f9fe5b,false,stage07_b04_task2_filter_chain_v2,4eb136d3d2c6d8904421311c76a93155c0dcbae2bb6bbc1eba9e2bdaf6899aea,operator,firwin,Task2,Step2,firwin,firwin__firwin_int8_10e2__ebd40a4c8267522b,firwin_int8_10e2,10^2,128,cutoff=[1]|window=[127],INT8,CPU,not_applicable,compatibility/end-to-end,PASS,OK,20,100,42,0.01419,true,ebd40a4c8267522b1c69968fe9ebf3c4ff976bd51715c40dc3287eef79291298,99ad17fee1848f52a1868abcd744d5586ede0f38ca49523a12607f82196fbc48
1,20260810T103337Z_e6d8c17f237e_stage07_b04_formal_8deda8ce,formal,20260810T103337Z,e6d8c17f237e75b8d68b91aec378482ac8f9fe5b,false,stage07_b04_task2_filter_chain_v2,4eb136d3d2c6d8904421311c76a93155c0dcbae2bb6bbc1eba9e2bdaf6899aea,operator,firwin,Task2,Step2,firwin,firwin__firwin_int8_10e2__ebd40a4c8267522b,firwin_int8_10e2,10^2,128,cutoff=[1]|window=[127],INT8,CPU,not_applicable,compatibility/end-to-end,PASS,OK,20,100,43,0.014221,true,ebd40a4c8267522b1c69968fe9ebf3c4ff976bd51715c40dc3287eef79291298,99ad17fee1848f52a1868abcd744d5586ede0f38ca49523a12607f82196fbc48
1,20260810T103337Z_e6d8c17f237e_stage07_b04_formal_8deda8ce,formal,20260810T103337Z,e6d8c17f237e75b8d68b91aec378482ac8f9fe5b,false,stage07_b04_task2_filter_chain_v2,4eb136d3d2c6d8904421311c76a93155c0dcbae2bb6bbc1eba9e2bdaf6899aea,operator,firwin,Task2,Step2,firwin,firwin__firwin_int8_10e2__ebd40a4c8267522b,firwin_int8_10e2,10^2,128,cutoff=[1]|window=[127],INT8,CPU,not_applicable,compatibility/end-to-end,PASS,OK,20,100,44,0.01431,true,ebd40a4c8267522b1c69968fe9ebf3c4ff976bd51715c40dc3287eef79291298,99ad17fee1848f52a1868abcd744d5586ede0f38ca49523a12607f82196fbc48
1,20260810T103337Z_e6d8c17f237e_stage07_b04_formal_8deda8ce,formal,20260810T103337Z,e6d8c17f237e75b8d68b91aec378482ac8f9fe5b,false,stage07_b04_task2_filter_chain_v2,4eb136d3d2c6d8904421311c76a93155c0dcbae2bb6bbc1eba9e2bdaf6899aea,operator,firwin,Task2,Step2,firwin,firwin__firwin_int8_10e2__ebd40a4c8267522b,firwin_int8_10e2,10^2,128,cutoff=[1]|window=[127],INT8,CPU,not_applicable,compatibility/end-to-end,PASS,OK,20,100,45,0.01424,true,ebd40a4c8267522b1c69968fe9ebf3c4ff976bd51715c40dc3287eef79291298,99ad17fee1848f52a1868abcd744d5586ede0f38ca49523a12607f82196fbc48
1,20260810T103337Z_e6d8c17f237e_stage07_b04_formal_8deda8ce,formal,20260810T103337Z,e6d8c17f237e75b8d68b91aec378482ac8f9fe5b,false,stage07_b04_task2_filter_chain_v2,4eb136d3d2c6d8904421311c76a93155c0dcbae2bb6bbc1eba9e2bdaf6899aea,operator,firwin,Task2,Step2,firwin,firwin__firwin_int8_10e2__ebd40a4c8267522b,firwin_int8_10e2,10^2,128,cutoff=[1]|window=[127],INT8,CPU,not_applicable,compatibility/end-to-end,PASS,OK,20,100,46,0.01429,true,ebd40a4c8267522b1c69968fe9ebf3c4ff976bd51715c40dc3287eef79291298,99ad17fee1848f52a1868abcd744d5586ede0f38ca49523a12607f82196fbc48
1,20260810T103337Z_e6d8c17f237e_stage07_b04_formal_8deda8ce,formal,20260810T103337Z,e6d8c17f237e75b8d68b91aec378482ac8f9fe5b,false,stage07_b04_task2_filter_chain_v2,4eb136d3d2c6d8904421311c76a93155c0dcbae2bb6bbc1eba9e2bdaf6899aea,operator,firwin,Task2,Step2,firwin,firwin__firwin_int8_10e2__ebd40a4c8267522b,firwin_int8_10e2,10^2,128,cutoff=[1]|window=[127],INT8,CPU,not_applicable,compatibility/end-to-end,PASS,OK,20,100,47,0.01432,true,ebd40a4c8267522b1c69968fe9ebf3c4ff976bd51715c40dc3287eef79291298,99ad17fee1848f52a1868abcd744d5586ede0f38ca49523a12607f82196fbc48
1,20260810T103337Z_e6d8c17f237e_stage07_b04_formal_8deda8ce,formal,20260810T103337Z,e6d8c17f237e75b8d68b91aec378482ac8f9fe5b,false,stage07_b04_task2_filter_chain_v2,4eb136d3d2c6d8904421311c76a93155c0dcbae2bb6bbc1eba9e2bdaf6899aea,operator,firwin,Task2,Step2,firwin,firwin__firwin_int8_10e2__ebd40a4c8267522b,firwin_int8_10e2,10^2,128,cutoff=[1]|window=[127],INT8,CPU,not_applicable,compatibility/end-to-end,PASS,OK,20,100,48,0.01424,true,ebd40a4c8267522b1c69968fe9ebf3c4ff976bd51715c40dc3287eef79291298,99ad17fee1848f52a1868abcd744d5586ede0f38ca49523a12607f82196fbc48
1,20260810T103337Z_e6d8c17f237e_stage07_b04_formal_8deda8ce,formal,20260810T103337Z,e6d8c17f237e75b8d68b91aec378482ac8f9fe5b,false,stage07_b04_task2_filter_chain_v2,4eb136d3d2c6d8904421311c76a93155c0dcbae2bb6bbc1eba9e2bdaf6899aea,operator,firwin,Task2,Step2,firwin,firwin__firwin_int8_10e2__ebd40a4c8267522b,firwin_int8_10e2,10^2,128,cutoff=[1]|window=[127],INT8,CPU,not_applicable,compatibility/end-to-end,PASS,OK,20,100,49,0.01426,true,ebd40a4c8267522b1c69968fe9ebf3c4ff976bd51715c40dc3287eef79291298,99ad17fee1848f52a1868abcd744d5586ede0f38ca49523a12607f82196fbc48
1,20260810T103337Z_e6d8c17f237e_stage07_b04_formal_8deda8ce,formal,20260810T103337Z,e6d8c17f237e75b8d68b91aec378482ac8f9fe5b,false,stage07_b04_task2_filter_chain_v2,4eb136d3d2c6d8904421311c76a93155c0dcbae2bb6bbc1eba9e2bdaf6899aea,operator,firwin,Task2,Step2,firwin,firwin__firwin_int8_10e2__ebd40a4c8267522b,firwin_int8_10e2,10^2,128,cutoff=[1]|window=[127],INT8,CPU,not_applicable,compatibility/end-to-end,PASS,OK,20,100,50,0.01438,true,ebd40a4c8267522b1c69968fe9ebf3c4ff976bd51715c40dc3287eef79291298,99ad17fee1848f52a1868abcd744d5586ede0f38ca49523a12607f82196fbc48
1,20260810T103337Z_e6d8c17f237e_stage07_b04_formal_8deda8ce,formal,20260810T103337Z,e6d8c17f237e75b8d68b91aec378482ac8f9fe5b,false,stage07_b04_task2_filter_chain_v2,4eb136d3d2c6d8904421311c76a93155c0dcbae2bb6bbc1eba9e2bdaf6899aea,operator,firwin,Task2,Step2,firwin,firwin__firwin_int8_10e2__ebd40a4c8267522b,firwin_int8_10e2,10^2,128,cutoff=[1]|window=[127],INT8,CPU,not_applicable,compatibility/end-to-end,PASS,OK,20,100,51,0.01429,true,ebd40a4c8267522b1c69968fe9ebf3c4ff976bd51715c40dc3287eef79291298,99ad17fee1848f52a1868abcd744d5586ede0f38ca49523a12607f82196fbc48
1,20260810T103337Z_e6d8c17f237e_stage07_b04_formal_8deda8ce,formal,20260810T103337Z,e6d8c17f237e75b8d68b91aec378482ac8f9fe5b,false,stage07_b04_task2_filter_chain_v2,4eb136d3d2c6d8904421311c76a93155c0dcbae2bb6bbc1eba9e2bdaf6899aea,operator,firwin,Task2,Step2,firwin,firwin__firwin_int8_10e2__ebd40a4c8267522b,firwin_int8_10e2,10^2,128,cutoff=[1]|window=[127],INT8,CPU,not_applicable,compatibility/end-to-end,PASS,OK,20,100,52,0.01427,true,ebd40a4c8267522b1c69968fe9ebf3c4ff976bd51715c40dc3287eef79291298,99ad17fee1848f52a1868abcd744d5586ede0f38ca49523a12607f82196fbc48
1,20260810T103337Z_e6d8c17f237e_stage07_b04_formal_8deda8ce,formal,20260810T103337Z,e6d8c17f237e75b8d68b91aec378482ac8f9fe5b,false,stage07_b04_task2_filter_chain_v2,4eb136d3d2c6d8904421311c76a93155c0dcbae2bb6bbc1eba9e2bdaf6899aea,operator,firwin,Task2,Step2,firwin,firwin__firwin_int8_10e2__ebd40a4c8267522b,firwin_int8_10e2,10^2,128,cutoff=[1]|window=[127],INT8,CPU,not_applicable,compatibility/end-to-end,PASS,OK,20,100,53,0.01431,true,ebd40a4c8267522b1c69968fe9ebf3c4ff976bd51715c40dc3287eef79291298,99ad17fee1848f52a1868abcd744d5586ede0f38ca49523a12607f82196fbc48
1,20260810T103337Z_e6d8c17f237e_stage07_b04_formal_8deda8ce,formal,20260810T103337Z,e6d8c17f237e75b8d68b91aec378482ac8f9fe5b,false,stage07_b04_task2_filter_chain_v2,4eb136d3d2c6d8904421311c76a93155c0dcbae2bb6bbc1eba9e2bdaf6899aea,operator,firwin,Task2,Step2,firwin,firwin__firwin_int8_10e2__ebd40a4c8267522b,firwin_int8_10e2,10^2,128,cutoff=[1]|window=[127],INT8,CPU,not_applicable,compatibility/end-to-end,PASS,OK,20,100,54,0.014361,true,ebd40a4c8267522b1c69968fe9ebf3c4ff976bd51715c40dc3287eef79291298,99ad17fee1848f52a1868abcd744d5586ede0f38ca49523a12607f82196fbc48
1,20260810T103337Z_e6d8c17f237e_stage07_b04_formal_8deda8ce,formal,20260810T103337Z,e6d8c17f237e75b8d68b91aec378482ac8f9fe5b,false,stage07_b04_task2_filter_chain_v2,4eb136d3d2c6d8904421311c76a93155c0dcbae2bb6bbc1eba9e2bdaf6899aea,operator,firwin,Task2,Step2,firwin,firwin__firwin_int8_10e2__ebd40a4c8267522b,firwin_int8_10e2,10^2,128,cutoff=[1]|window=[127],INT8,CPU,not_applicable,compatibility/end-to-end,PASS,OK,20,100,55,0.01425,true,ebd40a4c8267522b1c69968fe9ebf3c4ff976bd51715c40dc3287eef79291298,99ad17fee1848f52a1868abcd744d5586ede0f38ca49523a12607f82196fbc48
1,20260810T103337Z_e6d8c17f237e_stage07_b04_formal_8deda8ce,formal,20260810T103337Z,e6d8c17f237e75b8d68b91aec378482ac8f9fe5b,false,stage07_b04_task2_filter_chain_v2,4eb136d3d2c6d8904421311c76a93155c0dcbae2bb6bbc1eba9e2bdaf6899aea,operator,firwin,Task2,Step2,firwin,firwin__firwin_int8_10e2__ebd40a4c8267522b,firwin_int8_10e2,10^2,128,cutoff=[1]|window=[127],INT8,CPU,not_applicable,compatibility/end-to-end,PASS,OK,20,100,56,0.01422,true,ebd40a4c8267522b1c69968fe9ebf3c4ff976bd51715c40dc3287eef79291298,99ad17fee1848f52a1868abcd744d5586ede0f38ca49523a12607f82196fbc48
1,20260810T103337Z_e6d8c17f237e_stage07_b04_formal_8deda8ce,formal,20260810T103337Z,e6d8c17f237e75b8d68b91aec378482ac8f9fe5b,false,stage07_b04_task2_filter_chain_v2,4eb136d3d2c6d8904421311c76a93155c0dcbae2bb6bbc1eba9e2bdaf6899aea,operator,firwin,Task2,Step2,firwin,firwin__firwin_int8_10e2__ebd40a4c8267522b,firwin_int8_10e2,10^2,128,cutoff=[1]|window=[127],INT8,CPU,not_applicable,compatibility/end-to-end,PASS,OK,20,100,57,0.0142,true,ebd40a4c8267522b1c69968fe9ebf3c4ff976bd51715c40dc3287eef79291298,99ad17fee1848f52a1868abcd744d5586ede0f38ca49523a12607f82196fbc48
1,20260810T103337Z_e6d8c17f237e_stage07_b04_formal_8deda8ce,formal,20260810T103337Z,e6d8c17f237e75b8d68b91aec378482ac8f9fe5b,false,stage07_b04_task2_filter_chain_v2,4eb136d3d2c6d8904421311c76a93155c0dcbae2bb6bbc1eba9e2bdaf6899aea,operator,firwin,Task2,Step2,firwin,firwin__firwin_int8_10e2__ebd40a4c8267522b,firwin_int8_10e2,10^2,128,cutoff=[1]|window=[127],INT8,CPU,not_applicable,compatibility/end-to-end,PASS,OK,20,100,58,0.01423,true,ebd40a4c8267522b1c69968fe9ebf3c4ff976bd51715c40dc3287eef79291298,99ad17fee1848f52a1868abcd744d5586ede0f38ca49523a12607f82196fbc48
1,20260810T103337Z_e6d8c17f237e_stage07_b04_formal_8deda8ce,formal,20260810T103337Z,e6d8c17f237e75b8d68b91aec378482ac8f9fe5b,false,stage07_b04_task2_filter_chain_v2,4eb136d3d2c6d8904421311c76a93155c0dcbae2bb6bbc1eba9e2bdaf6899aea,operator,firwin,Task2,Step2,firwin,firwin__firwin_int8_10e2__ebd40a4c8267522b,firwin_int8_10e2,10^2,128,cutoff=[1]|window=[127],INT8,CPU,not_applicable,compatibility/end-to-end,PASS,OK,20,100,59,0.01426,true,ebd40a4c8267522b1c69968fe9ebf3c4ff976bd51715c40dc3287eef79291298,99ad17fee1848f52a1868abcd744d5586ede0f38ca49523a12607f82196fbc48
1,20260810T103337Z_e6d8c17f237e_stage07_b04_formal_8deda8ce,formal,20260810T103337Z,e6d8c17f237e75b8d68b91aec378482ac8f9fe5b,false,stage07_b04_task2_filter_chain_v2,4eb136d3d2c6d8904421311c76a93155c0dcbae2bb6bbc1eba9e2bdaf6899aea,operator,firwin,Task2,Step2,firwin,firwin__firwin_int8_10e2__ebd40a4c8267522b,firwin_int8_10e2,10^2,128,cutoff=[1]|window=[127],INT8,CPU,not_applicable,compatibility/end-to-end,PASS,OK,20,100,60,0.01431,true,ebd40a4c8267522b1c69968fe9ebf3c4ff976bd51715c40dc3287eef79291298,99ad17fee1848f52a1868abcd744d5586ede0f38ca49523a12607f82196fbc48
1,20260810T103337Z_e6d8c17f237e_stage07_b04_formal_8deda8ce,formal,20260810T103337Z,e6d8c17f237e75b8d68b91aec378482ac8f9fe5b,false,stage07_b04_task2_filter_chain_v2,4eb136d3d2c6d8904421311c76a93155c0dcbae2bb6bbc1eba9e2bdaf6899aea,operator,firwin,Task2,Step2,firwin,firwin__firwin_int8_10e2__ebd40a4c8267522b,firwin_int8_10e2,10^2,128,cutoff=[1]|window=[127],INT8,CPU,not_applicable,compatibility/end-to-end,PASS,OK,20,100,61,0.01448,true,ebd40a4c8267522b1c69968fe9ebf3c4ff976bd51715c40dc3287eef79291298,99ad17fee1848f52a1868abcd744d5586ede0f38ca49523a12607f82196fbc48
1,20260810T103337Z_e6d8c17f237e_stage07_b04_formal_8deda8ce,formal,20260810T103337Z,e6d8c17f237e75b8d68b91aec378482ac8f9fe5b,false,stage07_b04_task2_filter_chain_v2,4eb136d3d2c6d8904421311c76a93155c0dcbae2bb6bbc1eba9e2bdaf6899aea,operator,firwin,Task2,Step2,firwin,firwin__firwin_int8_10e2__ebd40a4c8267522b,firwin_int8_10e2,10^2,128,cutoff=[1]|window=[127],INT8,CPU,not_applicable,compatibility/end-to-end,PASS,OK,20,100,62,0.01423,true,ebd40a4c8267522b1c69968fe9ebf3c4ff976bd51715c40dc3287eef79291298,99ad17fee1848f52a1868abcd744d5586ede0f38ca49523a12607f82196fbc48
1,20260810T103337Z_e6d8c17f237e_stage07_b04_formal_8deda8ce,formal,20260810T103337Z,e6d8c17f237e75b8d68b91aec378482ac8f9fe5b,false,stage07_b04_task2_filter_chain_v2,4eb136d3d2c6d8904421311c76a93155c0dcbae2bb6bbc1eba9e2bdaf6899aea,operator,firwin,Task2,Step2,firwin,firwin__firwin_int8_10e2__ebd40a4c8267522b,firwin_int8_10e2,10^2,128,cutoff=[1]|window=[127],INT8,CPU,not_applicable,compatibility/end-to-end,PASS,OK,20,100,63,0.01424,true,ebd40a4c8267522b1c69968fe9ebf3c4ff976bd51715c40dc3287eef79291298,99ad17fee1848f52a1868abcd744d5586ede0f38ca49523a12607f82196fbc48
1,20260810T103337Z_e6d8c17f237e_stage07_b04_formal_8deda8ce,formal,20260810T103337Z,e6d8c17f237e75b8d68b91aec378482ac8f9fe5b,false,stage07_b04_task2_filter_chain_v2,4eb136d3d2c6d8904421311c76a93155c0dcbae2bb6bbc1eba9e2bdaf6899aea,operator,firwin,Task2,Step2,firwin,firwin__firwin_int8_10e2__ebd40a4c8267522b,firwin_int8_10e2,10^2,128,cutoff=[1]|window=[127],INT8,CPU,not_applicable,compatibility/end-to-end,PASS,OK,20,100,64,0.01423,true,ebd40a4c8267522b1c69968fe9ebf3c4ff976bd51715c40dc3287eef79291298,99ad17fee1848f52a1868abcd744d5586ede0f38ca49523a12607f82196fbc48
1,20260810T103337Z_e6d8c17f237e_stage07_b04_formal_8deda8ce,formal,20260810T103337Z,e6d8c17f237e75b8d68b91aec378482ac8f9fe5b,false,stage07_b04_task2_filter_chain_v2,4eb136d3d2c6d8904421311c76a93155c0dcbae2bb6bbc1eba9e2bdaf6899aea,operator,firwin,Task2,Step2,firwin,firwin__firwin_int8_10e2__ebd40a4c8267522b,firwin_int8_10e2,10^2,128,cutoff=[1]|window=[127],INT8,CPU,not_applicable,compatibility/end-to-end,PASS,OK,20,100,65,0.014391,true,ebd40a4c8267522b1c69968fe9ebf3c4ff976bd51715c40dc3287eef79291298,99ad17fee1848f52a1868abcd744d5586ede0f38ca49523a12607f82196fbc48
1,20260810T103337Z_e6d8c17f237e_stage07_b04_formal_8deda8ce,formal,20260810T103337Z,e6d8c17f237e75b8d68b91aec378482ac8f9fe5b,false,stage07_b04_task2_filter_chain_v2,4eb136d3d2c6d8904421311c76a93155c0dcbae2bb6bbc1eba9e2bdaf6899aea,operator,firwin,Task2,Step2,firwin,firwin__firwin_int8_10e2__ebd40a4c8267522b,firwin_int8_10e2,10^2,128,cutoff=[1]|window=[127],INT8,CPU,not_applicable,compatibility/end-to-end,PASS,OK,20,100,66,0.01433,true,ebd40a4c8267522b1c69968fe9ebf3c4ff976bd51715c40dc3287eef79291298,99ad17fee1848f52a1868abcd744d5586ede0f38ca49523a12607f82196fbc48
1,20260810T103337Z_e6d8c17f237e_stage07_b04_formal_8deda8ce,formal,20260810T103337Z,e6d8c17f237e75b8d68b91aec378482ac8f9fe5b,false,stage07_b04_task2_filter_chain_v2,4eb136d3d2c6d8904421311c76a93155c0dcbae2bb6bbc1eba9e2bdaf6899aea,operator,firwin,Task2,Step2,firwin,firwin__firwin_int8_10e2__ebd40a4c8267522b,firwin_int8_10e2,10^2,128,cutoff=[1]|window=[127],INT8,CPU,not_applicable,compatibility/end-to-end,PASS,OK,20,100,67,0.01422,true,ebd40a4c8267522b1c69968fe9ebf3c4ff976bd51715c40dc3287eef79291298,99ad17fee1848f52a1868abcd744d5586ede0f38ca49523a12607f82196fbc48
1,20260810T103337Z_e6d8c17f237e_stage07_b04_formal_8deda8ce,formal,20260810T103337Z,e6d8c17f237e75b8d68b91aec378482ac8f9fe5b,false,stage07_b04_task2_filter_chain_v2,4eb136d3d2c6d8904421311c76a93155c0dcbae2bb6bbc1eba9e2bdaf6899aea,operator,firwin,Task2,Step2,firwin,firwin__firwin_int8_10e2__ebd40a4c8267522b,firwin_int8_10e2,10^2,128,cutoff=[1]|window=[127],INT8,CPU,not_applicable,compatibility/end-to-end,PASS,OK,20,100,68,0.01429,true,ebd40a4c8267522b1c69968fe9ebf3c4ff976bd51715c40dc3287eef79291298,99ad17fee1848f52a1868abcd744d5586ede0f38ca49523a12607f82196fbc48
1,20260810T103337Z_e6d8c17f237e_stage07_b04_formal_8deda8ce,formal,20260810T103337Z,e6d8c17f237e75b8d68b91aec378482ac8f9fe5b,false,stage07_b04_task2_filter_chain_v2,4eb136d3d2c6d8904421311c76a93155c0dcbae2bb6bbc1eba9e2bdaf6899aea,operator,firwin,Task2,Step2,firwin,firwin__firwin_int8_10e2__ebd40a4c8267522b,firwin_int8_10e2,10^2,128,cutoff=[1]|window=[127],INT8,CPU,not_applicable,compatibility/end-to-end,PASS,OK,20,100,69,0.01427,true,ebd40a4c8267522b1c69968fe9ebf3c4ff976bd51715c40dc3287eef79291298,99ad17fee1848f52a1868abcd744d5586ede0f38ca49523a12607f82196fbc48
1,20260810T103337Z_e6d8c17f237e_stage07_b04_formal_8deda8ce,formal,20260810T103337Z,e6d8c17f237e75b8d68b91aec378482ac8f9fe5b,false,stage07_b04_task2_filter_chain_v2,4eb136d3d2c6d8904421311c76a93155c0dcbae2bb6bbc1eba9e2bdaf6899aea,operator,firwin,Task2,Step2,firwin,firwin__firwin_int8_10e2__ebd40a4c8267522b,firwin_int8_10e2,10^2,128,cutoff=[1]|window=[127],INT8,CPU,not_applicable,compatibility/end-to-end,PASS,OK,20,100,70,0.0143,true,ebd40a4c8267522b1c69968fe9ebf3c4ff976bd51715c40dc3287eef79291298,99ad17fee1848f52a1868abcd744d5586ede0f38ca49523a12607f82196fbc48
1,20260810T103337Z_e6d8c17f237e_stage07_b04_formal_8deda8ce,formal,20260810T103337Z,e6d8c17f237e75b8d68b91aec378482ac8f9fe5b,false,stage07_b04_task2_filter_chain_v2,4eb136d3d2c6d8904421311c76a93155c0dcbae2bb6bbc1eba9e2bdaf6899aea,operator,firwin,Task2,Step2,firwin,firwin__firwin_int8_10e2__ebd40a4c8267522b,firwin_int8_10e2,10^2,128,cutoff=[1]|window=[127],INT8,CPU,not_applicable,compatibility/end-to-end,PASS,OK,20,100,71,0.01417,true,ebd40a4c8267522b1c69968fe9ebf3c4ff976bd51715c40dc3287eef79291298,99ad17fee1848f52a1868abcd744d5586ede0f38ca49523a12607f82196fbc48
1,20260810T103337Z_e6d8c17f237e_stage07_b04_formal_8deda8ce,formal,20260810T103337Z,e6d8c17f237e75b8d68b91aec378482ac8f9fe5b,false,stage07_b04_task2_filter_chain_v2,4eb136d3d2c6d8904421311c76a93155c0dcbae2bb6bbc1eba9e2bdaf6899aea,operator,firwin,Task2,Step2,firwin,firwin__firwin_int8_10e2__ebd40a4c8267522b,firwin_int8_10e2,10^2,128,cutoff=[1]|window=[127],INT8,CPU,not_applicable,compatibility/end-to-end,PASS,OK,20,100,72,0.01438,true,ebd40a4c8267522b1c69968fe9ebf3c4ff976bd51715c40dc3287eef79291298,99ad17fee1848f52a1868abcd744d5586ede0f38ca49523a12607f82196fbc48
1,20260810T103337Z_e6d8c17f237e_stage07_b04_formal_8deda8ce,formal,20260810T103337Z,e6d8c17f237e75b8d68b91aec378482ac8f9fe5b,false,stage07_b04_task2_filter_chain_v2,4eb136d3d2c6d8904421311c76a93155c0dcbae2bb6bbc1eba9e2bdaf6899aea,operator,firwin,Task2,Step2,firwin,firwin__firwin_int8_10e2__ebd40a4c8267522b,firwin_int8_10e2,10^2,128,cutoff=[1]|window=[127],INT8,CPU,not_applicable,compatibility/end-to-end,PASS,OK,20,100,73,0.01434,true,ebd40a4c8267522b1c69968fe9ebf3c4ff976bd51715c40dc3287eef79291298,99ad17fee1848f52a1868abcd744d5586ede0f38ca49523a12607f82196fbc48
1,20260810T103337Z_e6d8c17f237e_stage07_b04_formal_8deda8ce,formal,20260810T103337Z,e6d8c17f237e75b8d68b91aec378482ac8f9fe5b,false,stage07_b04_task2_filter_chain_v2,4eb136d3d2c6d8904421311c76a93155c0dcbae2bb6bbc1eba9e2bdaf6899aea,operator,firwin,Task2,Step2,firwin,firwin__firwin_int8_10e2__ebd40a4c8267522b,firwin_int8_10e2,10^2,128,cutoff=[1]|window=[127],INT8,CPU,not_applicable,compatibility/end-to-end,PASS,OK,20,100,74,0.01421,true,ebd40a4c8267522b1c69968fe9ebf3c4ff976bd51715c40dc3287eef79291298,99ad17fee1848f52a1868abcd744d5586ede0f38ca49523a12607f82196fbc48
1,20260810T103337Z_e6d8c17f237e_stage07_b04_formal_8deda8ce,formal,20260810T103337Z,e6d8c17f237e75b8d68b91aec378482ac8f9fe5b,false,stage07_b04_task2_filter_chain_v2,4eb136d3d2c6d8904421311c76a93155c0dcbae2bb6bbc1eba9e2bdaf6899aea,operator,firwin,Task2,Step2,firwin,firwin__firwin_int8_10e2__ebd40a4c8267522b,firwin_int8_10e2,10^2,128,cutoff=[1]|window=[127],INT8,CPU,not_applicable,compatibility/end-to-end,PASS,OK,20,100,75,0.01414,true,ebd40a4c8267522b1c69968fe9ebf3c4ff976bd51715c40dc3287eef79291298,99ad17fee1848f52a1868abcd744d5586ede0f38ca49523a12607f82196fbc48
1,20260810T103337Z_e6d8c17f237e_stage07_b04_formal_8deda8ce,formal,20260810T103337Z,e6d8c17f237e75b8d68b91aec378482ac8f9fe5b,false,stage07_b04_task2_filter_chain_v2,4eb136d3d2c6d8904421311c76a93155c0dcbae2bb6bbc1eba9e2bdaf6899aea,operator,firwin,Task2,Step2,firwin,firwin__firwin_int8_10e2__ebd40a4c8267522b,firwin_int8_10e2,10^2,128,cutoff=[1]|window=[127],INT8,CPU,not_applicable,compatibility/end-to-end,PASS,OK,20,100,76,0.014231,true,ebd40a4c8267522b1c69968fe9ebf3c4ff976bd51715c40dc3287eef79291298,99ad17fee1848f52a1868abcd744d5586ede0f38ca49523a12607f82196fbc48
1,20260810T103337Z_e6d8c17f237e_stage07_b04_formal_8deda8ce,formal,20260810T103337Z,e6d8c17f237e75b8d68b91aec378482ac8f9fe5b,false,stage07_b04_task2_filter_chain_v2,4eb136d3d2c6d8904421311c76a93155c0dcbae2bb6bbc1eba9e2bdaf6899aea,operator,firwin,Task2,Step2,firwin,firwin__firwin_int8_10e2__ebd40a4c8267522b,firwin_int8_10e2,10^2,128,cutoff=[1]|window=[127],INT8,CPU,not_applicable,compatibility/end-to-end,PASS,OK,20,100,77,0.01414,true,ebd40a4c8267522b1c69968fe9ebf3c4ff976bd51715c40dc3287eef79291298,99ad17fee1848f52a1868abcd744d5586ede0f38ca49523a12607f82196fbc48
1,20260810T103337Z_e6d8c17f237e_stage07_b04_formal_8deda8ce,formal,20260810T103337Z,e6d8c17f237e75b8d68b91aec378482ac8f9fe5b,false,stage07_b04_task2_filter_chain_v2,4eb136d3d2c6d8904421311c76a93155c0dcbae2bb6bbc1eba9e2bdaf6899aea,operator,firwin,Task2,Step2,firwin,firwin__firwin_int8_10e2__ebd40a4c8267522b,firwin_int8_10e2,10^2,128,cutoff=[1]|window=[127],INT8,CPU,not_applicable,compatibility/end-to-end,PASS,OK,20,100,78,0.01425,true,ebd40a4c8267522b1c69968fe9ebf3c4ff976bd51715c40dc3287eef79291298,99ad17fee1848f52a1868abcd744d5586ede0f38ca49523a12607f82196fbc48
1,20260810T103337Z_e6d8c17f237e_stage07_b04_formal_8deda8ce,formal,20260810T103337Z,e6d8c17f237e75b8d68b91aec378482ac8f9fe5b,false,stage07_b04_task2_filter_chain_v2,4eb136d3d2c6d8904421311c76a93155c0dcbae2bb6bbc1eba9e2bdaf6899aea,operator,firwin,Task2,Step2,firwin,firwin__firwin_int8_10e2__ebd40a4c8267522b,firwin_int8_10e2,10^2,128,cutoff=[1]|window=[127],INT8,CPU,not_applicable,compatibility/end-to-end,PASS,OK,20,100,79,0.01419,true,ebd40a4c8267522b1c69968fe9ebf3c4ff976bd51715c40dc3287eef79291298,99ad17fee1848f52a1868abcd744d5586ede0f38ca49523a12607f82196fbc48
1,20260810T103337Z_e6d8c17f237e_stage07_b04_formal_8deda8ce,formal,20260810T103337Z,e6d8c17f237e75b8d68b91aec378482ac8f9fe5b,false,stage07_b04_task2_filter_chain_v2,4eb136d3d2c6d8904421311c76a93155c0dcbae2bb6bbc1eba9e2bdaf6899aea,operator,firwin,Task2,Step2,firwin,firwin__firwin_int8_10e2__ebd40a4c8267522b,firwin_int8_10e2,10^2,128,cutoff=[1]|window=[127],INT8,CPU,not_applicable,compatibility/end-to-end,PASS,OK,20,100,80,0.01429,true,ebd40a4c8267522b1c69968fe9ebf3c4ff976bd51715c40dc3287eef79291298,99ad17fee1848f52a1868abcd744d5586ede0f38ca49523a12607f82196fbc48
1,20260810T103337Z_e6d8c17f237e_stage07_b04_formal_8deda8ce,formal,20260810T103337Z,e6d8c17f237e75b8d68b91aec378482ac8f9fe5b,false,stage07_b04_task2_filter_chain_v2,4eb136d3d2c6d8904421311c76a93155c0dcbae2bb6bbc1eba9e2bdaf6899aea,operator,firwin,Task2,Step2,firwin,firwin__firwin_int8_10e2__ebd40a4c8267522b,firwin_int8_10e2,10^2,128,cutoff=[1]|window=[127],INT8,CPU,not_applicable,compatibility/end-to-end,PASS,OK,20,100,81,0.01431,true,ebd40a4c8267522b1c69968fe9ebf3c4ff976bd51715c40dc3287eef79291298,99ad17fee1848f52a1868abcd744d5586ede0f38ca49523a12607f82196fbc48
1,20260810T103337Z_e6d8c17f237e_stage07_b04_formal_8deda8ce,formal,20260810T103337Z,e6d8c17f237e75b8d68b91aec378482ac8f9fe5b,false,stage07_b04_task2_filter_chain_v2,4eb136d3d2c6d8904421311c76a93155c0dcbae2bb6bbc1eba9e2bdaf6899aea,operator,firwin,Task2,Step2,firwin,firwin__firwin_int8_10e2__ebd40a4c8267522b,firwin_int8_10e2,10^2,128,cutoff=[1]|window=[127],INT8,CPU,not_applicable,compatibility/end-to-end,PASS,OK,20,100,82,0.0142,true,ebd40a4c8267522b1c69968fe9ebf3c4ff976bd51715c40dc3287eef79291298,99ad17fee1848f52a1868abcd744d5586ede0f38ca49523a12607f82196fbc48
1,20260810T103337Z_e6d8c17f237e_stage07_b04_formal_8deda8ce,formal,20260810T103337Z,e6d8c17f237e75b8d68b91aec378482ac8f9fe5b,false,stage07_b04_task2_filter_chain_v2,4eb136d3d2c6d8904421311c76a93155c0dcbae2bb6bbc1eba9e2bdaf6899aea,operator,firwin,Task2,Step2,firwin,firwin__firwin_int8_10e2__ebd40a4c8267522b,firwin_int8_10e2,10^2,128,cutoff=[1]|window=[127],INT8,CPU,not_applicable,compatibility/end-to-end,PASS,OK,20,100,83,0.01423,true,ebd40a4c8267522b1c69968fe9ebf3c4ff976bd51715c40dc3287eef79291298,99ad17fee1848f52a1868abcd744d5586ede0f38ca49523a12607f82196fbc48
1,20260810T103337Z_e6d8c17f237e_stage07_b04_formal_8deda8ce,formal,20260810T103337Z,e6d8c17f237e75b8d68b91aec378482ac8f9fe5b,false,stage07_b04_task2_filter_chain_v2,4eb136d3d2c6d8904421311c76a93155c0dcbae2bb6bbc1eba9e2bdaf6899aea,operator,firwin,Task2,Step2,firwin,firwin__firwin_int8_10e2__ebd40a4c8267522b,firwin_int8_10e2,10^2,128,cutoff=[1]|window=[127],INT8,CPU,not_applicable,compatibility/end-to-end,PASS,OK,20,100,84,0.01447,true,ebd40a4c8267522b1c69968fe9ebf3c4ff976bd51715c40dc3287eef79291298,99ad17fee1848f52a1868abcd744d5586ede0f38ca49523a12607f82196fbc48
1,20260810T103337Z_e6d8c17f237e_stage07_b04_formal_8deda8ce,formal,20260810T103337Z,e6d8c17f237e75b8d68b91aec378482ac8f9fe5b,false,stage07_b04_task2_filter_chain_v2,4eb136d3d2c6d8904421311c76a93155c0dcbae2bb6bbc1eba9e2bdaf6899aea,operator,firwin,Task2,Step2,firwin,firwin__firwin_int8_10e2__ebd40a4c8267522b,firwin_int8_10e2,10^2,128,cutoff=[1]|window=[127],INT8,CPU,not_applicable,compatibility/end-to-end,PASS,OK,20,100,85,0.01428,true,ebd40a4c8267522b1c69968fe9ebf3c4ff976bd51715c40dc3287eef79291298,99ad17fee1848f52a1868abcd744d5586ede0f38ca49523a12607f82196fbc48
1,20260810T103337Z_e6d8c17f237e_stage07_b04_formal_8deda8ce,formal,20260810T103337Z,e6d8c17f237e75b8d68b91aec378482ac8f9fe5b,false,stage07_b04_task2_filter_chain_v2,4eb136d3d2c6d8904421311c76a93155c0dcbae2bb6bbc1eba9e2bdaf6899aea,operator,firwin,Task2,Step2,firwin,firwin__firwin_int8_10e2__ebd40a4c8267522b,firwin_int8_10e2,10^2,128,cutoff=[1]|window=[127],INT8,CPU,not_applicable,compatibility/end-to-end,PASS,OK,20,100,86,0.01422,true,ebd40a4c8267522b1c69968fe9ebf3c4ff976bd51715c40dc3287eef79291298,99ad17fee1848f52a1868abcd744d5586ede0f38ca49523a12607f82196fbc48
1,20260810T103337Z_e6d8c17f237e_stage07_b04_formal_8deda8ce,formal,20260810T103337Z,e6d8c17f237e75b8d68b91aec378482ac8f9fe5b,false,stage07_b04_task2_filter_chain_v2,4eb136d3d2c6d8904421311c76a93155c0dcbae2bb6bbc1eba9e2bdaf6899aea,operator,firwin,Task2,Step2,firwin,firwin__firwin_int8_10e2__ebd40a4c8267522b,firwin_int8_10e2,10^2,128,cutoff=[1]|window=[127],INT8,CPU,not_applicable,compatibility/end-to-end,PASS,OK,20,100,87,0.014221,true,ebd40a4c8267522b1c69968fe9ebf3c4ff976bd51715c40dc3287eef79291298,99ad17fee1848f52a1868abcd744d5586ede0f38ca49523a12607f82196fbc48
1,20260810T103337Z_e6d8c17f237e_stage07_b04_formal_8deda8ce,formal,20260810T103337Z,e6d8c17f237e75b8d68b91aec378482ac8f9fe5b,false,stage07_b04_task2_filter_chain_v2,4eb136d3d2c6d8904421311c76a93155c0dcbae2bb6bbc1eba9e2bdaf6899aea,operator,firwin,Task2,Step2,firwin,firwin__firwin_int8_10e2__ebd40a4c8267522b,firwin_int8_10e2,10^2,128,cutoff=[1]|window=[127],INT8,CPU,not_applicable,compatibility/end-to-end,PASS,OK,20,100,88,0.01421,true,ebd40a4c8267522b1c69968fe9ebf3c4ff976bd51715c40dc3287eef79291298,99ad17fee1848f52a1868abcd744d5586ede0f38ca49523a12607f82196fbc48
1,20260810T103337Z_e6d8c17f237e_stage07_b04_formal_8deda8ce,formal,20260810T103337Z,e6d8c17f237e75b8d68b91aec378482ac8f9fe5b,false,stage07_b04_task2_filter_chain_v2,4eb136d3d2c6d8904421311c76a93155c0dcbae2bb6bbc1eba9e2bdaf6899aea,operator,firwin,Task2,Step2,firwin,firwin__firwin_int8_10e2__ebd40a4c8267522b,firwin_int8_10e2,10^2,128,cutoff=[1]|window=[127],INT8,CPU,not_applicable,compatibility/end-to-end,PASS,OK,20,100,89,0.01425,true,ebd40a4c8267522b1c69968fe9ebf3c4ff976bd51715c40dc3287eef79291298,99ad17fee1848f52a1868abcd744d5586ede0f38ca49523a12607f82196fbc48
1,20260810T103337Z_e6d8c17f237e_stage07_b04_formal_8deda8ce,formal,20260810T103337Z,e6d8c17f237e75b8d68b91aec378482ac8f9fe5b,false,stage07_b04_task2_filter_chain_v2,4eb136d3d2c6d8904421311c76a93155c0dcbae2bb6bbc1eba9e2bdaf6899aea,operator,firwin,Task2,Step2,firwin,firwin__firwin_int8_10e2__ebd40a4c8267522b,firwin_int8_10e2,10^2,128,cutoff=[1]|window=[127],INT8,CPU,not_applicable,compatibility/end-to-end,PASS,OK,20,100,90,0.01426,true,ebd40a4c8267522b1c69968fe9ebf3c4ff976bd51715c40dc3287eef79291298,99ad17fee1848f52a1868abcd744d5586ede0f38ca49523a12607f82196fbc48
1,20260810T103337Z_e6d8c17f237e_stage07_b04_formal_8deda8ce,formal,20260810T103337Z,e6d8c17f237e75b8d68b91aec378482ac8f9fe5b,false,stage07_b04_task2_filter_chain_v2,4eb136d3d2c6d8904421311c76a93155c0dcbae2bb6bbc1eba9e2bdaf6899aea,operator,firwin,Task2,Step2,firwin,firwin__firwin_int8_10e2__ebd40a4c8267522b,firwin_int8_10e2,10^2,128,cutoff=[1]|window=[127],INT8,CPU,not_applicable,compatibility/end-to-end,PASS,OK,20,100,91,0.01429,true,ebd40a4c8267522b1c69968fe9ebf3c4ff976bd51715c40dc3287eef79291298,99ad17fee1848f52a1868abcd744d5586ede0f38ca49523a12607f82196fbc48
1,20260810T103337Z_e6d8c17f237e_stage07_b04_formal_8deda8ce,formal,20260810T103337Z,e6d8c17f237e75b8d68b91aec378482ac8f9fe5b,false,stage07_b04_task2_filter_chain_v2,4eb136d3d2c6d8904421311c76a93155c0dcbae2bb6bbc1eba9e2bdaf6899aea,operator,firwin,Task2,Step2,firwin,firwin__firwin_int8_10e2__ebd40a4c8267522b,firwin_int8_10e2,10^2,128,cutoff=[1]|window=[127],INT8,CPU,not_applicable,compatibility/end-to-end,PASS,OK,20,100,92,0.01435,true,ebd40a4c8267522b1c69968fe9ebf3c4ff976bd51715c40dc3287eef79291298,99ad17fee1848f52a1868abcd744d5586ede0f38ca49523a12607f82196fbc48
1,20260810T103337Z_e6d8c17f237e_stage07_b04_formal_8deda8ce,formal,20260810T103337Z,e6d8c17f237e75b8d68b91aec378482ac8f9fe5b,false,stage07_b04_task2_filter_chain_v2,4eb136d3d2c6d8904421311c76a93155c0dcbae2bb6bbc1eba9e2bdaf6899aea,operator,firwin,Task2,Step2,firwin,firwin__firwin_int8_10e2__ebd40a4c8267522b,firwin_int8_10e2,10^2,128,cutoff=[1]|window=[127],INT8,CPU,not_applicable,compatibility/end-to-end,PASS,OK,20,100,93,0.01419,true,ebd40a4c8267522b1c69968fe9ebf3c4ff976bd51715c40dc3287eef79291298,99ad17fee1848f52a1868abcd744d5586ede0f38ca49523a12607f82196fbc48
1,20260810T103337Z_e6d8c17f237e_stage07_b04_formal_8deda8ce,formal,20260810T103337Z,e6d8c17f237e75b8d68b91aec378482ac8f9fe5b,false,stage07_b04_task2_filter_chain_v2,4eb136d3d2c6d8904421311c76a93155c0dcbae2bb6bbc1eba9e2bdaf6899aea,operator,firwin,Task2,Step2,firwin,firwin__firwin_int8_10e2__ebd40a4c8267522b,firwin_int8_10e2,10^2,128,cutoff=[1]|window=[127],INT8,CPU,not_applicable,compatibility/end-to-end,PASS,OK,20,100,94,0.01414,true,ebd40a4c8267522b1c69968fe9ebf3c4ff976bd51715c40dc3287eef79291298,99ad17fee1848f52a1868abcd744d5586ede0f38ca49523a12607f82196fbc48
1,20260810T103337Z_e6d8c17f237e_stage07_b04_formal_8deda8ce,formal,20260810T103337Z,e6d8c17f237e75b8d68b91aec378482ac8f9fe5b,false,stage07_b04_task2_filter_chain_v2,4eb136d3d2c6d8904421311c76a93155c0dcbae2bb6bbc1eba9e2bdaf6899aea,operator,firwin,Task2,Step2,firwin,firwin__firwin_int8_10e2__ebd40a4c8267522b,firwin_int8_10e2,10^2,128,cutoff=[1]|window=[127],INT8,CPU,not_applicable,compatibility/end-to-end,PASS,OK,20,100,95,0.01432,true,ebd40a4c8267522b1c69968fe9ebf3c4ff976bd51715c40dc3287eef79291298,99ad17fee1848f52a1868abcd744d5586ede0f38ca49523a12607f82196fbc48
1,20260810T103337Z_e6d8c17f237e_stage07_b04_formal_8deda8ce,formal,20260810T103337Z,e6d8c17f237e75b8d68b91aec378482ac8f9fe5b,false,stage07_b04_task2_filter_chain_v2,4eb136d3d2c6d8904421311c76a93155c0dcbae2bb6bbc1eba9e2bdaf6899aea,operator,firwin,Task2,Step2,firwin,firwin__firwin_int8_10e2__ebd40a4c8267522b,firwin_int8_10e2,10^2,128,cutoff=[1]|window=[127],INT8,CPU,not_applicable,compatibility/end-to-end,PASS,OK,20,100,96,0.01422,true,ebd40a4c8267522b1c69968fe9ebf3c4ff976bd51715c40dc3287eef79291298,99ad17fee1848f52a1868abcd744d5586ede0f38ca49523a12607f82196fbc48
1,20260810T103337Z_e6d8c17f237e_stage07_b04_formal_8deda8ce,formal,20260810T103337Z,e6d8c17f237e75b8d68b91aec378482ac8f9fe5b,false,stage07_b04_task2_filter_chain_v2,4eb136d3d2c6d8904421311c76a93155c0dcbae2bb6bbc1eba9e2bdaf6899aea,operator,firwin,Task2,Step2,firwin,firwin__firwin_int8_10e2__ebd40a4c8267522b,firwin_int8_10e2,10^2,128,cutoff=[1]|window=[127],INT8,CPU,not_applicable,compatibility/end-to-end,PASS,OK,20,100,97,0.01423,true,ebd40a4c8267522b1c69968fe9ebf3c4ff976bd51715c40dc3287eef79291298,99ad17fee1848f52a1868abcd744d5586ede0f38ca49523a12607f82196fbc48
1,20260810T103337Z_e6d8c17f237e_stage07_b04_formal_8deda8ce,formal,20260810T103337Z,e6d8c17f237e75b8d68b91aec378482ac8f9fe5b,false,stage07_b04_task2_filter_chain_v2,4eb136d3d2c6d8904421311c76a93155c0dcbae2bb6bbc1eba9e2bdaf6899aea,operator,firwin,Task2,Step2,firwin,firwin__firwin_int8_10e2__ebd40a4c8267522b,firwin_int8_10e2,10^2,128,cutoff=[1]|window=[127],INT8,CPU,not_applicable,compatibility/end-to-end,PASS,OK,20,100,98,0.014291,true,ebd40a4c8267522b1c69968fe9ebf3c4ff976bd51715c40dc3287eef79291298,99ad17fee1848f52a1868abcd744d5586ede0f38ca49523a12607f82196fbc48
1,20260810T103337Z_e6d8c17f237e_stage07_b04_formal_8deda8ce,formal,20260810T103337Z,e6d8c17f237e75b8d68b91aec378482ac8f9fe5b,false,stage07_b04_task2_filter_chain_v2,4eb136d3d2c6d8904421311c76a93155c0dcbae2bb6bbc1eba9e2bdaf6899aea,operator,firwin,Task2,Step2,firwin,firwin__firwin_int8_10e2__ebd40a4c8267522b,firwin_int8_10e2,10^2,128,cutoff=[1]|window=[127],INT8,CPU,not_applicable,compatibility/end-to-end,PASS,OK,20,100,99,0.01424,true,ebd40a4c8267522b1c69968fe9ebf3c4ff976bd51715c40dc3287eef79291298,99ad17fee1848f52a1868abcd744d5586ede0f38ca49523a12607f82196fbc48
1,20260810T103337Z_e6d8c17f237e_stage07_b04_formal_8deda8ce,formal,20260810T103337Z,e6d8c17f237e75b8d68b91aec378482ac8f9fe5b,false,stage07_b04_task2_filter_chain_v2,4eb136d3d2c6d8904421311c76a93155c0dcbae2bb6bbc1eba9e2bdaf6899aea,operator,firwin,Task2,Step2,firwin,firwin__firwin_int8_10e2__ebd40a4c8267522b,firwin_int8_10e2,10^2,128,cutoff=[1]|window=[127],INT8,GPU,not_applicable,compatibility/end-to-end,PASS,OK,20,100,0,0.313462,true,ebd40a4c8267522b1c69968fe9ebf3c4ff976bd51715c40dc3287eef79291298,adc88920504675f2573b33878aa4cb014ac6cfdf9095987f53302c493e7ad6ce
1,20260810T103337Z_e6d8c17f237e_stage07_b04_formal_8deda8ce,formal,20260810T103337Z,e6d8c17f237e75b8d68b91aec378482ac8f9fe5b,false,stage07_b04_task2_filter_chain_v2,4eb136d3d2c6d8904421311c76a93155c0dcbae2bb6bbc1eba9e2bdaf6899aea,operator,firwin,Task2,Step2,firwin,firwin__firwin_int8_10e2__ebd40a4c8267522b,firwin_int8_10e2,10^2,128,cutoff=[1]|window=[127],INT8,GPU,not_applicable,compatibility/end-to-end,PASS,OK,20,100,1,0.286822,true,ebd40a4c8267522b1c69968fe9ebf3c4ff976bd51715c40dc3287eef79291298,adc88920504675f2573b33878aa4cb014ac6cfdf9095987f53302c493e7ad6ce
1,20260810T103337Z_e6d8c17f237e_stage07_b04_formal_8deda8ce,formal,20260810T103337Z,e6d8c17f237e75b8d68b91aec378482ac8f9fe5b,false,stage07_b04_task2_filter_chain_v2,4eb136d3d2c6d8904421311c76a93155c0dcbae2bb6bbc1eba9e2bdaf6899aea,operator,firwin,Task2,Step2,firwin,firwin__firwin_int8_10e2__ebd40a4c8267522b,firwin_int8_10e2,10^2,128,cutoff=[1]|window=[127],INT8,GPU,not_applicable,compatibility/end-to-end,PASS,OK,20,100,2,0.289592,true,ebd40a4c8267522b1c69968fe9ebf3c4ff976bd51715c40dc3287eef79291298,adc88920504675f2573b33878aa4cb014ac6cfdf9095987f53302c493e7ad6ce
1,20260810T103337Z_e6d8c17f237e_stage07_b04_formal_8deda8ce,formal,20260810T103337Z,e6d8c17f237e75b8d68b91aec378482ac8f9fe5b,false,stage07_b04_task2_filter_chain_v2,4eb136d3d2c6d8904421311c76a93155c0dcbae2bb6bbc1eba9e2bdaf6899aea,operator,firwin,Task2,Step2,firwin,firwin__firwin_int8_10e2__ebd40a4c8267522b,firwin_int8_10e2,10^2,128,cutoff=[1]|window=[127],INT8,GPU,not_applicable,compatibility/end-to-end,PASS,OK,20,100,3,0.291541,true,ebd40a4c8267522b1c69968fe9ebf3c4ff976bd51715c40dc3287eef79291298,adc88920504675f2573b33878aa4cb014ac6cfdf9095987f53302c493e7ad6ce
1,20260810T103337Z_e6d8c17f237e_stage07_b04_formal_8deda8ce,formal,20260810T103337Z,e6d8c17f237e75b8d68b91aec378482ac8f9fe5b,false,stage07_b04_task2_filter_chain_v2,4eb136d3d2c6d8904421311c76a93155c0dcbae2bb6bbc1eba9e2bdaf6899aea,operator,firwin,Task2,Step2,firwin,firwin__firwin_int8_10e2__ebd40a4c8267522b,firwin_int8_10e2,10^2,128,cutoff=[1]|window=[127],INT8,GPU,not_applicable,compatibility/end-to-end,PASS,OK,20,100,4,0.288862,true,ebd40a4c8267522b1c69968fe9ebf3c4ff976bd51715c40dc3287eef79291298,adc88920504675f2573b33878aa4cb014ac6cfdf9095987f53302c493e7ad6ce
1,20260810T103337Z_e6d8c17f237e_stage07_b04_formal_8deda8ce,formal,20260810T103337Z,e6d8c17f237e75b8d68b91aec378482ac8f9fe5b,false,stage07_b04_task2_filter_chain_v2,4eb136d3d2c6d8904421311c76a93155c0dcbae2bb6bbc1eba9e2bdaf6899aea,operator,firwin,Task2,Step2,firwin,firwin__firwin_int8_10e2__ebd40a4c8267522b,firwin_int8_10e2,10^2,128,cutoff=[1]|window=[127],INT8,GPU,not_applicable,compatibility/end-to-end,PASS,OK,20,100,5,0.359313,true,ebd40a4c8267522b1c69968fe9ebf3c4ff976bd51715c40dc3287eef79291298,adc88920504675f2573b33878aa4cb014ac6cfdf9095987f53302c493e7ad6ce
1,20260810T103337Z_e6d8c17f237e_stage07_b04_formal_8deda8ce,formal,20260810T103337Z,e6d8c17f237e75b8d68b91aec378482ac8f9fe5b,false,stage07_b04_task2_filter_chain_v2,4eb136d3d2c6d8904421311c76a93155c0dcbae2bb6bbc1eba9e2bdaf6899aea,operator,firwin,Task2,Step2,firwin,firwin__firwin_int8_10e2__ebd40a4c8267522b,firwin_int8_10e2,10^2,128,cutoff=[1]|window=[127],INT8,GPU,not_applicable,compatibility/end-to-end,PASS,OK,20,100,6,0.286471,true,ebd40a4c8267522b1c69968fe9ebf3c4ff976bd51715c40dc3287eef79291298,adc88920504675f2573b33878aa4cb014ac6cfdf9095987f53302c493e7ad6ce
1,20260810T103337Z_e6d8c17f237e_stage07_b04_formal_8deda8ce,formal,20260810T103337Z,e6d8c17f237e75b8d68b91aec378482ac8f9fe5b,false,stage07_b04_task2_filter_chain_v2,4eb136d3d2c6d8904421311c76a93155c0dcbae2bb6bbc1eba9e2bdaf6899aea,operator,firwin,Task2,Step2,firwin,firwin__firwin_int8_10e2__ebd40a4c8267522b,firwin_int8_10e2,10^2,128,cutoff=[1]|window=[127],INT8,GPU,not_applicable,compatibility/end-to-end,PASS,OK,20,100,7,0.283032,true,ebd40a4c8267522b1c69968fe9ebf3c4ff976bd51715c40dc3287eef79291298,adc88920504675f2573b33878aa4cb014ac6cfdf9095987f53302c493e7ad6ce
1,20260810T103337Z_e6d8c17f237e_stage07_b04_formal_8deda8ce,formal,20260810T103337Z,e6d8c17f237e75b8d68b91aec378482ac8f9fe5b,false,stage07_b04_task2_filter_chain_v2,4eb136d3d2c6d8904421311c76a93155c0dcbae2bb6bbc1eba9e2bdaf6899aea,operator,firwin,Task2,Step2,firwin,firwin__firwin_int8_10e2__ebd40a4c8267522b,firwin_int8_10e2,10^2,128,cutoff=[1]|window=[127],INT8,GPU,not_applicable,compatibility/end-to-end,PASS,OK,20,100,8,0.292282,true,ebd40a4c8267522b1c69968fe9ebf3c4ff976bd51715c40dc3287eef79291298,adc88920504675f2573b33878aa4cb014ac6cfdf9095987f53302c493e7ad6ce
1,20260810T103337Z_e6d8c17f237e_stage07_b04_formal_8deda8ce,formal,20260810T103337Z,e6d8c17f237e75b8d68b91aec378482ac8f9fe5b,false,stage07_b04_task2_filter_chain_v2,4eb136d3d2c6d8904421311c76a93155c0dcbae2bb6bbc1eba9e2bdaf6899aea,operator,firwin,Task2,Step2,firwin,firwin__firwin_int8_10e2__ebd40a4c8267522b,firwin_int8_10e2,10^2,128,cutoff=[1]|window=[127],INT8,GPU,not_applicable,compatibility/end-to-end,PASS,OK,20,100,9,0.281062,true,ebd40a4c8267522b1c69968fe9ebf3c4ff976bd51715c40dc3287eef79291298,adc88920504675f2573b33878aa4cb014ac6cfdf9095987f53302c493e7ad6ce
1,20260810T103337Z_e6d8c17f237e_stage07_b04_formal_8deda8ce,formal,20260810T103337Z,e6d8c17f237e75b8d68b91aec378482ac8f9fe5b,false,stage07_b04_task2_filter_chain_v2,4eb136d3d2c6d8904421311c76a93155c0dcbae2bb6bbc1eba9e2bdaf6899aea,operator,firwin,Task2,Step2,firwin,firwin__firwin_int8_10e2__ebd40a4c8267522b,firwin_int8_10e2,10^2,128,cutoff=[1]|window=[127],INT8,GPU,not_applicable,compatibility/end-to-end,PASS,OK,20,100,10,0.284962,true,ebd40a4c8267522b1c69968fe9ebf3c4ff976bd51715c40dc3287eef79291298,adc88920504675f2573b33878aa4cb014ac6cfdf9095987f53302c493e7ad6ce
1,20260810T103337Z_e6d8c17f237e_stage07_b04_formal_8deda8ce,formal,20260810T103337Z,e6d8c17f237e75b8d68b91aec378482ac8f9fe5b,false,stage07_b04_task2_filter_chain_v2,4eb136d3d2c6d8904421311c76a93155c0dcbae2bb6bbc1eba9e2bdaf6899aea,operator,firwin,Task2,Step2,firwin,firwin__firwin_int8_10e2__ebd40a4c8267522b,firwin_int8_10e2,10^2,128,cutoff=[1]|window=[127],INT8,GPU,not_applicable,compatibility/end-to-end,PASS,OK,20,100,11,0.285161,true,ebd40a4c8267522b1c69968fe9ebf3c4ff976bd51715c40dc3287eef79291298,adc88920504675f2573b33878aa4cb014ac6cfdf9095987f53302c493e7ad6ce
1,20260810T103337Z_e6d8c17f237e_stage07_b04_formal_8deda8ce,formal,20260810T103337Z,e6d8c17f237e75b8d68b91aec378482ac8f9fe5b,false,stage07_b04_task2_filter_chain_v2,4eb136d3d2c6d8904421311c76a93155c0dcbae2bb6bbc1eba9e2bdaf6899aea,operator,firwin,Task2,Step2,firwin,firwin__firwin_int8_10e2__ebd40a4c8267522b,firwin_int8_10e2,10^2,128,cutoff=[1]|window=[127],INT8,GPU,not_applicable,compatibility/end-to-end,PASS,OK,20,100,12,0.286342,true,ebd40a4c8267522b1c69968fe9ebf3c4ff976bd51715c40dc3287eef79291298,adc88920504675f2573b33878aa4cb014ac6cfdf9095987f53302c493e7ad6ce
1,20260810T103337Z_e6d8c17f237e_stage07_b04_formal_8deda8ce,formal,20260810T103337Z,e6d8c17f237e75b8d68b91aec378482ac8f9fe5b,false,stage07_b04_task2_filter_chain_v2,4eb136d3d2c6d8904421311c76a93155c0dcbae2bb6bbc1eba9e2bdaf6899aea,operator,firwin,Task2,Step2,firwin,firwin__firwin_int8_10e2__ebd40a4c8267522b,firwin_int8_10e2,10^2,128,cutoff=[1]|window=[127],INT8,GPU,not_applicable,compatibility/end-to-end,PASS,OK,20,100,13,0.373033,true,ebd40a4c8267522b1c69968fe9ebf3c4ff976bd51715c40dc3287eef79291298,adc88920504675f2573b33878aa4cb014ac6cfdf9095987f53302c493e7ad6ce
1,20260810T103337Z_e6d8c17f237e_stage07_b04_formal_8deda8ce,formal,20260810T103337Z,e6d8c17f237e75b8d68b91aec378482ac8f9fe5b,false,stage07_b04_task2_filter_chain_v2,4eb136d3d2c6d8904421311c76a93155c0dcbae2bb6bbc1eba9e2bdaf6899aea,operator,firwin,Task2,Step2,firwin,firwin__firwin_int8_10e2__ebd40a4c8267522b,firwin_int8_10e2,10^2,128,cutoff=[1]|window=[127],INT8,GPU,not_applicable,compatibility/end-to-end,PASS,OK,20,100,14,0.288081,true,ebd40a4c8267522b1c69968fe9ebf3c4ff976bd51715c40dc3287eef79291298,adc88920504675f2573b33878aa4cb014ac6cfdf9095987f53302c493e7ad6ce
1,20260810T103337Z_e6d8c17f237e_stage07_b04_formal_8deda8ce,formal,20260810T103337Z,e6d8c17f237e75b8d68b91aec378482ac8f9fe5b,false,stage07_b04_task2_filter_chain_v2,4eb136d3d2c6d8904421311c76a93155c0dcbae2bb6bbc1eba9e2bdaf6899aea,operator,firwin,Task2,Step2,firwin,firwin__firwin_int8_10e2__ebd40a4c8267522b,firwin_int8_10e2,10^2,128,cutoff=[1]|window=[127],INT8,GPU,not_applicable,compatibility/end-to-end,PASS,OK,20,100,15,0.290872,true,ebd40a4c8267522b1c69968fe9ebf3c4ff976bd51715c40dc3287eef79291298,adc88920504675f2573b33878aa4cb014ac6cfdf9095987f53302c493e7ad6ce
1,20260810T103337Z_e6d8c17f237e_stage07_b04_formal_8deda8ce,formal,20260810T103337Z,e6d8c17f237e75b8d68b91aec378482ac8f9fe5b,false,stage07_b04_task2_filter_chain_v2,4eb136d3d2c6d8904421311c76a93155c0dcbae2bb6bbc1eba9e2bdaf6899aea,operator,firwin,Task2,Step2,firwin,firwin__firwin_int8_10e2__ebd40a4c8267522b,firwin_int8_10e2,10^2,128,cutoff=[1]|window=[127],INT8,GPU,not_applicable,compatibility/end-to-end,PASS,OK,20,100,16,0.288442,true,ebd40a4c8267522b1c69968fe9ebf3c4ff976bd51715c40dc3287eef79291298,adc88920504675f2573b33878aa4cb014ac6cfdf9095987f53302c493e7ad6ce
1,20260810T103337Z_e6d8c17f237e_stage07_b04_formal_8deda8ce,formal,20260810T103337Z,e6d8c17f237e75b8d68b91aec378482ac8f9fe5b,false,stage07_b04_task2_filter_chain_v2,4eb136d3d2c6d8904421311c76a93155c0dcbae2bb6bbc1eba9e2bdaf6899aea,operator,firwin,Task2,Step2,firwin,firwin__firwin_int8_10e2__ebd40a4c8267522b,firwin_int8_10e2,10^2,128,cutoff=[1]|window=[127],INT8,GPU,not_applicable,compatibility/end-to-end,PASS,OK,20,100,17,0.280902,true,ebd40a4c8267522b1c69968fe9ebf3c4ff976bd51715c40dc3287eef79291298,adc88920504675f2573b33878aa4cb014ac6cfdf9095987f53302c493e7ad6ce
1,20260810T103337Z_e6d8c17f237e_stage07_b04_formal_8deda8ce,formal,20260810T103337Z,e6d8c17f237e75b8d68b91aec378482ac8f9fe5b,false,stage07_b04_task2_filter_chain_v2,4eb136d3d2c6d8904421311c76a93155c0dcbae2bb6bbc1eba9e2bdaf6899aea,operator,firwin,Task2,Step2,firwin,firwin__firwin_int8_10e2__ebd40a4c8267522b,firwin_int8_10e2,10^2,128,cutoff=[1]|window=[127],INT8,GPU,not_applicable,compatibility/end-to-end,PASS,OK,20,100,18,0.293352,true,ebd40a4c8267522b1c69968fe9ebf3c4ff976bd51715c40dc3287eef79291298,adc88920504675f2573b33878aa4cb014ac6cfdf9095987f53302c493e7ad6ce
1,20260810T103337Z_e6d8c17f237e_stage07_b04_formal_8deda8ce,formal,20260810T103337Z,e6d8c17f237e75b8d68b91aec378482ac8f9fe5b,false,stage07_b04_task2_filter_chain_v2,4eb136d3d2c6d8904421311c76a93155c0dcbae2bb6bbc1eba9e2bdaf6899aea,operator,firwin,Task2,Step2,firwin,firwin__firwin_int8_10e2__ebd40a4c8267522b,firwin_int8_10e2,10^2,128,cutoff=[1]|window=[127],INT8,GPU,not_applicable,compatibility/end-to-end,PASS,OK,20,100,19,0.284072,true,ebd40a4c8267522b1c69968fe9ebf3c4ff976bd51715c40dc3287eef79291298,adc88920504675f2573b33878aa4cb014ac6cfdf9095987f53302c493e7ad6ce
1,20260810T103337Z_e6d8c17f237e_stage07_b04_formal_8deda8ce,formal,20260810T103337Z,e6d8c17f237e75b8d68b91aec378482ac8f9fe5b,false,stage07_b04_task2_filter_chain_v2,4eb136d3d2c6d8904421311c76a93155c0dcbae2bb6bbc1eba9e2bdaf6899aea,operator,firwin,Task2,Step2,firwin,firwin__firwin_int8_10e2__ebd40a4c8267522b,firwin_int8_10e2,10^2,128,cutoff=[1]|window=[127],INT8,GPU,not_applicable,compatibility/end-to-end,PASS,OK,20,100,20,0.281921,true,ebd40a4c8267522b1c69968fe9ebf3c4ff976bd51715c40dc3287eef79291298,adc88920504675f2573b33878aa4cb014ac6cfdf9095987f53302c493e7ad6ce
1,20260810T103337Z_e6d8c17f237e_stage07_b04_formal_8deda8ce,formal,20260810T103337Z,e6d8c17f237e75b8d68b91aec378482ac8f9fe5b,false,stage07_b04_task2_filter_chain_v2,4eb136d3d2c6d8904421311c76a93155c0dcbae2bb6bbc1eba9e2bdaf6899aea,operator,firwin,Task2,Step2,firwin,firwin__firwin_int8_10e2__ebd40a4c8267522b,firwin_int8_10e2,10^2,128,cutoff=[1]|window=[127],INT8,GPU,not_applicable,compatibility/end-to-end,PASS,OK,20,100,21,0.282812,true,ebd40a4c8267522b1c69968fe9ebf3c4ff976bd51715c40dc3287eef79291298,adc88920504675f2573b33878aa4cb014ac6cfdf9095987f53302c493e7ad6ce
1,20260810T103337Z_e6d8c17f237e_stage07_b04_formal_8deda8ce,formal,20260810T103337Z,e6d8c17f237e75b8d68b91aec378482ac8f9fe5b,false,stage07_b04_task2_filter_chain_v2,4eb136d3d2c6d8904421311c76a93155c0dcbae2bb6bbc1eba9e2bdaf6899aea,operator,firwin,Task2,Step2,firwin,firwin__firwin_int8_10e2__ebd40a4c8267522b,firwin_int8_10e2,10^2,128,cutoff=[1]|window=[127],INT8,GPU,not_applicable,compatibility/end-to-end,PASS,OK,20,100,22,0.286422,true,ebd40a4c8267522b1c69968fe9ebf3c4ff976bd51715c40dc3287eef79291298,adc88920504675f2573b33878aa4cb014ac6cfdf9095987f53302c493e7ad6ce
1,20260810T103337Z_e6d8c17f237e_stage07_b04_formal_8deda8ce,formal,20260810T103337Z,e6d8c17f237e75b8d68b91aec378482ac8f9fe5b,false,stage07_b04_task2_filter_chain_v2,4eb136d3d2c6d8904421311c76a93155c0dcbae2bb6bbc1eba9e2bdaf6899aea,operator,firwin,Task2,Step2,firwin,firwin__firwin_int8_10e2__ebd40a4c8267522b,firwin_int8_10e2,10^2,128,cutoff=[1]|window=[127],INT8,GPU,not_applicable,compatibility/end-to-end,PASS,OK,20,100,23,0.285752,true,ebd40a4c8267522b1c69968fe9ebf3c4ff976bd51715c40dc3287eef79291298,adc88920504675f2573b33878aa4cb014ac6cfdf9095987f53302c493e7ad6ce
1,20260810T103337Z_e6d8c17f237e_stage07_b04_formal_8deda8ce,formal,20260810T103337Z,e6d8c17f237e75b8d68b91aec378482ac8f9fe5b,false,stage07_b04_task2_filter_chain_v2,4eb136d3d2c6d8904421311c76a93155c0dcbae2bb6bbc1eba9e2bdaf6899aea,operator,firwin,Task2,Step2,firwin,firwin__firwin_int8_10e2__ebd40a4c8267522b,firwin_int8_10e2,10^2,128,cutoff=[1]|window=[127],INT8,GPU,not_applicable,compatibility/end-to-end,PASS,OK,20,100,24,0.282811,true,ebd40a4c8267522b1c69968fe9ebf3c4ff976bd51715c40dc3287eef79291298,adc88920504675f2573b33878aa4cb014ac6cfdf9095987f53302c493e7ad6ce
1,20260810T103337Z_e6d8c17f237e_stage07_b04_formal_8deda8ce,formal,20260810T103337Z,e6d8c17f237e75b8d68b91aec378482ac8f9fe5b,false,stage07_b04_task2_filter_chain_v2,4eb136d3d2c6d8904421311c76a93155c0dcbae2bb6bbc1eba9e2bdaf6899aea,operator,firwin,Task2,Step2,firwin,firwin__firwin_int8_10e2__ebd40a4c8267522b,firwin_int8_10e2,10^2,128,cutoff=[1]|window=[127],INT8,GPU,not_applicable,compatibility/end-to-end,PASS,OK,20,100,25,0.283462,true,ebd40a4c8267522b1c69968fe9ebf3c4ff976bd51715c40dc3287eef79291298,adc88920504675f2573b33878aa4cb014ac6cfdf9095987f53302c493e7ad6ce
1,20260810T103337Z_e6d8c17f237e_stage07_b04_formal_8deda8ce,formal,20260810T103337Z,e6d8c17f237e75b8d68b91aec378482ac8f9fe5b,false,stage07_b04_task2_filter_chain_v2,4eb136d3d2c6d8904421311c76a93155c0dcbae2bb6bbc1eba9e2bdaf6899aea,operator,firwin,Task2,Step2,firwin,firwin__firwin_int8_10e2__ebd40a4c8267522b,firwin_int8_10e2,10^2,128,cutoff=[1]|window=[127],INT8,GPU,not_applicable,compatibility/end-to-end,PASS,OK,20,100,26,0.316482,true,ebd40a4c8267522b1c69968fe9ebf3c4ff976bd51715c40dc3287eef79291298,adc88920504675f2573b33878aa4cb014ac6cfdf9095987f53302c493e7ad6ce
1,20260810T103337Z_e6d8c17f237e_stage07_b04_formal_8deda8ce,formal,20260810T103337Z,e6d8c17f237e75b8d68b91aec378482ac8f9fe5b,false,stage07_b04_task2_filter_chain_v2,4eb136d3d2c6d8904421311c76a93155c0dcbae2bb6bbc1eba9e2bdaf6899aea,operator,firwin,Task2,Step2,firwin,firwin__firwin_int8_10e2__ebd40a4c8267522b,firwin_int8_10e2,10^2,128,cutoff=[1]|window=[127],INT8,GPU,not_applicable,compatibility/end-to-end,PASS,OK,20,100,27,0.305132,true,ebd40a4c8267522b1c69968fe9ebf3c4ff976bd51715c40dc3287eef79291298,adc88920504675f2573b33878aa4cb014ac6cfdf9095987f53302c493e7ad6ce
1,20260810T103337Z_e6d8c17f237e_stage07_b04_formal_8deda8ce,formal,20260810T103337Z,e6d8c17f237e75b8d68b91aec378482ac8f9fe5b,false,stage07_b04_task2_filter_chain_v2,4eb136d3d2c6d8904421311c76a93155c0dcbae2bb6bbc1eba9e2bdaf6899aea,operator,firwin,Task2,Step2,firwin,firwin__firwin_int8_10e2__ebd40a4c8267522b,firwin_int8_10e2,10^2,128,cutoff=[1]|window=[127],INT8,GPU,not_applicable,compatibility/end-to-end,PASS,OK,20,100,28,0.290292,true,ebd40a4c8267522b1c69968fe9ebf3c4ff976bd51715c40dc3287eef79291298,adc88920504675f2573b33878aa4cb014ac6cfdf9095987f53302c493e7ad6ce
1,20260810T103337Z_e6d8c17f237e_stage07_b04_formal_8deda8ce,formal,20260810T103337Z,e6d8c17f237e75b8d68b91aec378482ac8f9fe5b,false,stage07_b04_task2_filter_chain_v2,4eb136d3d2c6d8904421311c76a93155c0dcbae2bb6bbc1eba9e2bdaf6899aea,operator,firwin,Task2,Step2,firwin,firwin__firwin_int8_10e2__ebd40a4c8267522b,firwin_int8_10e2,10^2,128,cutoff=[1]|window=[127],INT8,GPU,not_applicable,compatibility/end-to-end,PASS,OK,20,100,29,0.283342,true,ebd40a4c8267522b1c69968fe9ebf3c4ff976bd51715c40dc3287eef79291298,adc88920504675f2573b33878aa4cb014ac6cfdf9095987f53302c493e7ad6ce
1,20260810T103337Z_e6d8c17f237e_stage07_b04_formal_8deda8ce,formal,20260810T103337Z,e6d8c17f237e75b8d68b91aec378482ac8f9fe5b,false,stage07_b04_task2_filter_chain_v2,4eb136d3d2c6d8904421311c76a93155c0dcbae2bb6bbc1eba9e2bdaf6899aea,operator,firwin,Task2,Step2,firwin,firwin__firwin_int8_10e2__ebd40a4c8267522b,firwin_int8_10e2,10^2,128,cutoff=[1]|window=[127],INT8,GPU,not_applicable,compatibility/end-to-end,PASS,OK,20,100,30,0.283322,true,ebd40a4c8267522b1c69968fe9ebf3c4ff976bd51715c40dc3287eef79291298,adc88920504675f2573b33878aa4cb014ac6cfdf9095987f53302c493e7ad6ce
1,20260810T103337Z_e6d8c17f237e_stage07_b04_formal_8deda8ce,formal,20260810T103337Z,e6d8c17f237e75b8d68b91aec378482ac8f9fe5b,false,stage07_b04_task2_filter_chain_v2,4eb136d3d2c6d8904421311c76a93155c0dcbae2bb6bbc1eba9e2bdaf6899aea,operator,firwin,Task2,Step2,firwin,firwin__firwin_int8_10e2__ebd40a4c8267522b,firwin_int8_10e2,10^2,128,cutoff=[1]|window=[127],INT8,GPU,not_applicable,compatibility/end-to-end,PASS,OK,20,100,31,0.285531,true,ebd40a4c8267522b1c69968fe9ebf3c4ff976bd51715c40dc3287eef79291298,adc88920504675f2573b33878aa4cb014ac6cfdf9095987f53302c493e7ad6ce
1,20260810T103337Z_e6d8c17f237e_stage07_b04_formal_8deda8ce,formal,20260810T103337Z,e6d8c17f237e75b8d68b91aec378482ac8f9fe5b,false,stage07_b04_task2_filter_chain_v2,4eb136d3d2c6d8904421311c76a93155c0dcbae2bb6bbc1eba9e2bdaf6899aea,operator,firwin,Task2,Step2,firwin,firwin__firwin_int8_10e2__ebd40a4c8267522b,firwin_int8_10e2,10^2,128,cutoff=[1]|window=[127],INT8,GPU,not_applicable,compatibility/end-to-end,PASS,OK,20,100,32,0.289182,true,ebd40a4c8267522b1c69968fe9ebf3c4ff976bd51715c40dc3287eef79291298,adc88920504675f2573b33878aa4cb014ac6cfdf9095987f53302c493e7ad6ce
1,20260810T103337Z_e6d8c17f237e_stage07_b04_formal_8deda8ce,formal,20260810T103337Z,e6d8c17f237e75b8d68b91aec378482ac8f9fe5b,false,stage07_b04_task2_filter_chain_v2,4eb136d3d2c6d8904421311c76a93155c0dcbae2bb6bbc1eba9e2bdaf6899aea,operator,firwin,Task2,Step2,firwin,firwin__firwin_int8_10e2__ebd40a4c8267522b,firwin_int8_10e2,10^2,128,cutoff=[1]|window=[127],INT8,GPU,not_applicable,compatibility/end-to-end,PASS,OK,20,100,33,0.283022,true,ebd40a4c8267522b1c69968fe9ebf3c4ff976bd51715c40dc3287eef79291298,adc88920504675f2573b33878aa4cb014ac6cfdf9095987f53302c493e7ad6ce
1,20260810T103337Z_e6d8c17f237e_stage07_b04_formal_8deda8ce,formal,20260810T103337Z,e6d8c17f237e75b8d68b91aec378482ac8f9fe5b,false,stage07_b04_task2_filter_chain_v2,4eb136d3d2c6d8904421311c76a93155c0dcbae2bb6bbc1eba9e2bdaf6899aea,operator,firwin,Task2,Step2,firwin,firwin__firwin_int8_10e2__ebd40a4c8267522b,firwin_int8_10e2,10^2,128,cutoff=[1]|window=[127],INT8,GPU,not_applicable,compatibility/end-to-end,PASS,OK,20,100,34,0.288552,true,ebd40a4c8267522b1c69968fe9ebf3c4ff976bd51715c40dc3287eef79291298,adc88920504675f2573b33878aa4cb014ac6cfdf9095987f53302c493e7ad6ce
1,20260810T103337Z_e6d8c17f237e_stage07_b04_formal_8deda8ce,formal,20260810T103337Z,e6d8c17f237e75b8d68b91aec378482ac8f9fe5b,false,stage07_b04_task2_filter_chain_v2,4eb136d3d2c6d8904421311c76a93155c0dcbae2bb6bbc1eba9e2bdaf6899aea,operator,firwin,Task2,Step2,firwin,firwin__firwin_int8_10e2__ebd40a4c8267522b,firwin_int8_10e2,10^2,128,cutoff=[1]|window=[127],INT8,GPU,not_applicable,compatibility/end-to-end,PASS,OK,20,100,35,0.281172,true,ebd40a4c8267522b1c69968fe9ebf3c4ff976bd51715c40dc3287eef79291298,adc88920504675f2573b33878aa4cb014ac6cfdf9095987f53302c493e7ad6ce
1,20260810T103337Z_e6d8c17f237e_stage07_b04_formal_8deda8ce,formal,20260810T103337Z,e6d8c17f237e75b8d68b91aec378482ac8f9fe5b,false,stage07_b04_task2_filter_chain_v2,4eb136d3d2c6d8904421311c76a93155c0dcbae2bb6bbc1eba9e2bdaf6899aea,operator,firwin,Task2,Step2,firwin,firwin__firwin_int8_10e2__ebd40a4c8267522b,firwin_int8_10e2,10^2,128,cutoff=[1]|window=[127],INT8,GPU,not_applicable,compatibility/end-to-end,PASS,OK,20,100,36,0.283901,true,ebd40a4c8267522b1c69968fe9ebf3c4ff976bd51715c40dc3287eef79291298,adc88920504675f2573b33878aa4cb014ac6cfdf9095987f53302c493e7ad6ce
1,20260810T103337Z_e6d8c17f237e_stage07_b04_formal_8deda8ce,formal,20260810T103337Z,e6d8c17f237e75b8d68b91aec378482ac8f9fe5b,false,stage07_b04_task2_filter_chain_v2,4eb136d3d2c6d8904421311c76a93155c0dcbae2bb6bbc1eba9e2bdaf6899aea,operator,firwin,Task2,Step2,firwin,firwin__firwin_int8_10e2__ebd40a4c8267522b,firwin_int8_10e2,10^2,128,cutoff=[1]|window=[127],INT8,GPU,not_applicable,compatibility/end-to-end,PASS,OK,20,100,37,0.330843,true,ebd40a4c8267522b1c69968fe9ebf3c4ff976bd51715c40dc3287eef79291298,adc88920504675f2573b33878aa4cb014ac6cfdf9095987f53302c493e7ad6ce
1,20260810T103337Z_e6d8c17f237e_stage07_b04_formal_8deda8ce,formal,20260810T103337Z,e6d8c17f237e75b8d68b91aec378482ac8f9fe5b,false,stage07_b04_task2_filter_chain_v2,4eb136d3d2c6d8904421311c76a93155c0dcbae2bb6bbc1eba9e2bdaf6899aea,operator,firwin,Task2,Step2,firwin,firwin__firwin_int8_10e2__ebd40a4c8267522b,firwin_int8_10e2,10^2,128,cutoff=[1]|window=[127],INT8,GPU,not_applicable,compatibility/end-to-end,PASS,OK,20,100,38,0.282661,true,ebd40a4c8267522b1c69968fe9ebf3c4ff976bd51715c40dc3287eef79291298,adc88920504675f2573b33878aa4cb014ac6cfdf9095987f53302c493e7ad6ce
1,20260810T103337Z_e6d8c17f237e_stage07_b04_formal_8deda8ce,formal,20260810T103337Z,e6d8c17f237e75b8d68b91aec378482ac8f9fe5b,false,stage07_b04_task2_filter_chain_v2,4eb136d3d2c6d8904421311c76a93155c0dcbae2bb6bbc1eba9e2bdaf6899aea,operator,firwin,Task2,Step2,firwin,firwin__firwin_int8_10e2__ebd40a4c8267522b,firwin_int8_10e2,10^2,128,cutoff=[1]|window=[127],INT8,GPU,not_applicable,compatibility/end-to-end,PASS,OK,20,100,39,0.344373,true,ebd40a4c8267522b1c69968fe9ebf3c4ff976bd51715c40dc3287eef79291298,adc88920504675f2573b33878aa4cb014ac6cfdf9095987f53302c493e7ad6ce
1,20260810T103337Z_e6d8c17f237e_stage07_b04_formal_8deda8ce,formal,20260810T103337Z,e6d8c17f237e75b8d68b91aec378482ac8f9fe5b,false,stage07_b04_task2_filter_chain_v2,4eb136d3d2c6d8904421311c76a93155c0dcbae2bb6bbc1eba9e2bdaf6899aea,operator,firwin,Task2,Step2,firwin,firwin__firwin_int8_10e2__ebd40a4c8267522b,firwin_int8_10e2,10^2,128,cutoff=[1]|window=[127],INT8,GPU,not_applicable,compatibility/end-to-end,PASS,OK,20,100,40,0.290421,true,ebd40a4c8267522b1c69968fe9ebf3c4ff976bd51715c40dc3287eef79291298,adc88920504675f2573b33878aa4cb014ac6cfdf9095987f53302c493e7ad6ce
1,20260810T103337Z_e6d8c17f237e_stage07_b04_formal_8deda8ce,formal,20260810T103337Z,e6d8c17f237e75b8d68b91aec378482ac8f9fe5b,false,stage07_b04_task2_filter_chain_v2,4eb136d3d2c6d8904421311c76a93155c0dcbae2bb6bbc1eba9e2bdaf6899aea,operator,firwin,Task2,Step2,firwin,firwin__firwin_int8_10e2__ebd40a4c8267522b,firwin_int8_10e2,10^2,128,cutoff=[1]|window=[127],INT8,GPU,not_applicable,compatibility/end-to-end,PASS,OK,20,100,41,0.296062,true,ebd40a4c8267522b1c69968fe9ebf3c4ff976bd51715c40dc3287eef79291298,adc88920504675f2573b33878aa4cb014ac6cfdf9095987f53302c493e7ad6ce
1,20260810T103337Z_e6d8c17f237e_stage07_b04_formal_8deda8ce,formal,20260810T103337Z,e6d8c17f237e75b8d68b91aec378482ac8f9fe5b,false,stage07_b04_task2_filter_chain_v2,4eb136d3d2c6d8904421311c76a93155c0dcbae2bb6bbc1eba9e2bdaf6899aea,operator,firwin,Task2,Step2,firwin,firwin__firwin_int8_10e2__ebd40a4c8267522b,firwin_int8_10e2,10^2,128,cutoff=[1]|window=[127],INT8,GPU,not_applicable,compatibility/end-to-end,PASS,OK,20,100,42,0.285622,true,ebd40a4c8267522b1c69968fe9ebf3c4ff976bd51715c40dc3287eef79291298,adc88920504675f2573b33878aa4cb014ac6cfdf9095987f53302c493e7ad6ce
1,20260810T103337Z_e6d8c17f237e_stage07_b04_formal_8deda8ce,formal,20260810T103337Z,e6d8c17f237e75b8d68b91aec378482ac8f9fe5b,false,stage07_b04_task2_filter_chain_v2,4eb136d3d2c6d8904421311c76a93155c0dcbae2bb6bbc1eba9e2bdaf6899aea,operator,firwin,Task2,Step2,firwin,firwin__firwin_int8_10e2__ebd40a4c8267522b,firwin_int8_10e2,10^2,128,cutoff=[1]|window=[127],INT8,GPU,not_applicable,compatibility/end-to-end,PASS,OK,20,100,43,0.290632,true,ebd40a4c8267522b1c69968fe9ebf3c4ff976bd51715c40dc3287eef79291298,adc88920504675f2573b33878aa4cb014ac6cfdf9095987f53302c493e7ad6ce
1,20260810T103337Z_e6d8c17f237e_stage07_b04_formal_8deda8ce,formal,20260810T103337Z,e6d8c17f237e75b8d68b91aec378482ac8f9fe5b,false,stage07_b04_task2_filter_chain_v2,4eb136d3d2c6d8904421311c76a93155c0dcbae2bb6bbc1eba9e2bdaf6899aea,operator,firwin,Task2,Step2,firwin,firwin__firwin_int8_10e2__ebd40a4c8267522b,firwin_int8_10e2,10^2,128,cutoff=[1]|window=[127],INT8,GPU,not_applicable,compatibility/end-to-end,PASS,OK,20,100,44,0.322322,true,ebd40a4c8267522b1c69968fe9ebf3c4ff976bd51715c40dc3287eef79291298,adc88920504675f2573b33878aa4cb014ac6cfdf9095987f53302c493e7ad6ce
1,20260810T103337Z_e6d8c17f237e_stage07_b04_formal_8deda8ce,formal,20260810T103337Z,e6d8c17f237e75b8d68b91aec378482ac8f9fe5b,false,stage07_b04_task2_filter_chain_v2,4eb136d3d2c6d8904421311c76a93155c0dcbae2bb6bbc1eba9e2bdaf6899aea,operator,firwin,Task2,Step2,firwin,firwin__firwin_int8_10e2__ebd40a4c8267522b,firwin_int8_10e2,10^2,128,cutoff=[1]|window=[127],INT8,GPU,not_applicable,compatibility/end-to-end,PASS,OK,20,100,45,0.286142,true,ebd40a4c8267522b1c69968fe9ebf3c4ff976bd51715c40dc3287eef79291298,adc88920504675f2573b33878aa4cb014ac6cfdf9095987f53302c493e7ad6ce
1,20260810T103337Z_e6d8c17f237e_stage07_b04_formal_8deda8ce,formal,20260810T103337Z,e6d8c17f237e75b8d68b91aec378482ac8f9fe5b,false,stage07_b04_task2_filter_chain_v2,4eb136d3d2c6d8904421311c76a93155c0dcbae2bb6bbc1eba9e2bdaf6899aea,operator,firwin,Task2,Step2,firwin,firwin__firwin_int8_10e2__ebd40a4c8267522b,firwin_int8_10e2,10^2,128,cutoff=[1]|window=[127],INT8,GPU,not_applicable,compatibility/end-to-end,PASS,OK,20,100,46,0.336122,true,ebd40a4c8267522b1c69968fe9ebf3c4ff976bd51715c40dc3287eef79291298,adc88920504675f2573b33878aa4cb014ac6cfdf9095987f53302c493e7ad6ce
1,20260810T103337Z_e6d8c17f237e_stage07_b04_formal_8deda8ce,formal,20260810T103337Z,e6d8c17f237e75b8d68b91aec378482ac8f9fe5b,false,stage07_b04_task2_filter_chain_v2,4eb136d3d2c6d8904421311c76a93155c0dcbae2bb6bbc1eba9e2bdaf6899aea,operator,firwin,Task2,Step2,firwin,firwin__firwin_int8_10e2__ebd40a4c8267522b,firwin_int8_10e2,10^2,128,cutoff=[1]|window=[127],INT8,GPU,not_applicable,compatibility/end-to-end,PASS,OK,20,100,47,0.296712,true,ebd40a4c8267522b1c69968fe9ebf3c4ff976bd51715c40dc3287eef79291298,adc88920504675f2573b33878aa4cb014ac6cfdf9095987f53302c493e7ad6ce
1,20260810T103337Z_e6d8c17f237e_stage07_b04_formal_8deda8ce,formal,20260810T103337Z,e6d8c17f237e75b8d68b91aec378482ac8f9fe5b,false,stage07_b04_task2_filter_chain_v2,4eb136d3d2c6d8904421311c76a93155c0dcbae2bb6bbc1eba9e2bdaf6899aea,operator,firwin,Task2,Step2,firwin,firwin__firwin_int8_10e2__ebd40a4c8267522b,firwin_int8_10e2,10^2,128,cutoff=[1]|window=[127],INT8,GPU,not_applicable,compatibility/end-to-end,PASS,OK,20,100,48,0.295682,true,ebd40a4c8267522b1c69968fe9ebf3c4ff976bd51715c40dc3287eef79291298,adc88920504675f2573b33878aa4cb014ac6cfdf9095987f53302c493e7ad6ce
1,20260810T103337Z_e6d8c17f237e_stage07_b04_formal_8deda8ce,formal,20260810T103337Z,e6d8c17f237e75b8d68b91aec378482ac8f9fe5b,false,stage07_b04_task2_filter_chain_v2,4eb136d3d2c6d8904421311c76a93155c0dcbae2bb6bbc1eba9e2bdaf6899aea,operator,firwin,Task2,Step2,firwin,firwin__firwin_int8_10e2__ebd40a4c8267522b,firwin_int8_10e2,10^2,128,cutoff=[1]|window=[127],INT8,GPU,not_applicable,compatibility/end-to-end,PASS,OK,20,100,49,0.294542,true,ebd40a4c8267522b1c69968fe9ebf3c4ff976bd51715c40dc3287eef79291298,adc88920504675f2573b33878aa4cb014ac6cfdf9095987f53302c493e7ad6ce
1,20260810T103337Z_e6d8c17f237e_stage07_b04_formal_8deda8ce,formal,20260810T103337Z,e6d8c17f237e75b8d68b91aec378482ac8f9fe5b,false,stage07_b04_task2_filter_chain_v2,4eb136d3d2c6d8904421311c76a93155c0dcbae2bb6bbc1eba9e2bdaf6899aea,operator,firwin,Task2,Step2,firwin,firwin__firwin_int8_10e2__ebd40a4c8267522b,firwin_int8_10e2,10^2,128,cutoff=[1]|window=[127],INT8,GPU,not_applicable,compatibility/end-to-end,PASS,OK,20,100,50,0.289311,true,ebd40a4c8267522b1c69968fe9ebf3c4ff976bd51715c40dc3287eef79291298,adc88920504675f2573b33878aa4cb014ac6cfdf9095987f53302c493e7ad6ce
1,20260810T103337Z_e6d8c17f237e_stage07_b04_formal_8deda8ce,formal,20260810T103337Z,e6d8c17f237e75b8d68b91aec378482ac8f9fe5b,false,stage07_b04_task2_filter_chain_v2,4eb136d3d2c6d8904421311c76a93155c0dcbae2bb6bbc1eba9e2bdaf6899aea,operator,firwin,Task2,Step2,firwin,firwin__firwin_int8_10e2__ebd40a4c8267522b,firwin_int8_10e2,10^2,128,cutoff=[1]|window=[127],INT8,GPU,not_applicable,compatibility/end-to-end,PASS,OK,20,100,51,0.288382,true,ebd40a4c8267522b1c69968fe9ebf3c4ff976bd51715c40dc3287eef79291298,adc88920504675f2573b33878aa4cb014ac6cfdf9095987f53302c493e7ad6ce
1,20260810T103337Z_e6d8c17f237e_stage07_b04_formal_8deda8ce,formal,20260810T103337Z,e6d8c17f237e75b8d68b91aec378482ac8f9fe5b,false,stage07_b04_task2_filter_chain_v2,4eb136d3d2c6d8904421311c76a93155c0dcbae2bb6bbc1eba9e2bdaf6899aea,operator,firwin,Task2,Step2,firwin,firwin__firwin_int8_10e2__ebd40a4c8267522b,firwin_int8_10e2,10^2,128,cutoff=[1]|window=[127],INT8,GPU,not_applicable,compatibility/end-to-end,PASS,OK,20,100,52,0.289472,true,ebd40a4c8267522b1c69968fe9ebf3c4ff976bd51715c40dc3287eef79291298,adc88920504675f2573b33878aa4cb014ac6cfdf9095987f53302c493e7ad6ce
1,20260810T103337Z_e6d8c17f237e_stage07_b04_formal_8deda8ce,formal,20260810T103337Z,e6d8c17f237e75b8d68b91aec378482ac8f9fe5b,false,stage07_b04_task2_filter_chain_v2,4eb136d3d2c6d8904421311c76a93155c0dcbae2bb6bbc1eba9e2bdaf6899aea,operator,firwin,Task2,Step2,firwin,firwin__firwin_int8_10e2__ebd40a4c8267522b,firwin_int8_10e2,10^2,128,cutoff=[1]|window=[127],INT8,GPU,not_applicable,compatibility/end-to-end,PASS,OK,20,100,53,0.283812,true,ebd40a4c8267522b1c69968fe9ebf3c4ff976bd51715c40dc3287eef79291298,adc88920504675f2573b33878aa4cb014ac6cfdf9095987f53302c493e7ad6ce
1,20260810T103337Z_e6d8c17f237e_stage07_b04_formal_8deda8ce,formal,20260810T103337Z,e6d8c17f237e75b8d68b91aec378482ac8f9fe5b,false,stage07_b04_task2_filter_chain_v2,4eb136d3d2c6d8904421311c76a93155c0dcbae2bb6bbc1eba9e2bdaf6899aea,operator,firwin,Task2,Step2,firwin,firwin__firwin_int8_10e2__ebd40a4c8267522b,firwin_int8_10e2,10^2,128,cutoff=[1]|window=[127],INT8,GPU,not_applicable,compatibility/end-to-end,PASS,OK,20,100,54,0.302582,true,ebd40a4c8267522b1c69968fe9ebf3c4ff976bd51715c40dc3287eef79291298,adc88920504675f2573b33878aa4cb014ac6cfdf9095987f53302c493e7ad6ce
1,20260810T103337Z_e6d8c17f237e_stage07_b04_formal_8deda8ce,formal,20260810T103337Z,e6d8c17f237e75b8d68b91aec378482ac8f9fe5b,false,stage07_b04_task2_filter_chain_v2,4eb136d3d2c6d8904421311c76a93155c0dcbae2bb6bbc1eba9e2bdaf6899aea,operator,firwin,Task2,Step2,firwin,firwin__firwin_int8_10e2__ebd40a4c8267522b,firwin_int8_10e2,10^2,128,cutoff=[1]|window=[127],INT8,GPU,not_applicable,compatibility/end-to-end,PASS,OK,20,100,55,0.288762,true,ebd40a4c8267522b1c69968fe9ebf3c4ff976bd51715c40dc3287eef79291298,adc88920504675f2573b33878aa4cb014ac6cfdf9095987f53302c493e7ad6ce
1,20260810T103337Z_e6d8c17f237e_stage07_b04_formal_8deda8ce,formal,20260810T103337Z,e6d8c17f237e75b8d68b91aec378482ac8f9fe5b,false,stage07_b04_task2_filter_chain_v2,4eb136d3d2c6d8904421311c76a93155c0dcbae2bb6bbc1eba9e2bdaf6899aea,operator,firwin,Task2,Step2,firwin,firwin__firwin_int8_10e2__ebd40a4c8267522b,firwin_int8_10e2,10^2,128,cutoff=[1]|window=[127],INT8,GPU,not_applicable,compatibility/end-to-end,PASS,OK,20,100,56,0.290921,true,ebd40a4c8267522b1c69968fe9ebf3c4ff976bd51715c40dc3287eef79291298,adc88920504675f2573b33878aa4cb014ac6cfdf9095987f53302c493e7ad6ce
1,20260810T103337Z_e6d8c17f237e_stage07_b04_formal_8deda8ce,formal,20260810T103337Z,e6d8c17f237e75b8d68b91aec378482ac8f9fe5b,false,stage07_b04_task2_filter_chain_v2,4eb136d3d2c6d8904421311c76a93155c0dcbae2bb6bbc1eba9e2bdaf6899aea,operator,firwin,Task2,Step2,firwin,firwin__firwin_int8_10e2__ebd40a4c8267522b,firwin_int8_10e2,10^2,128,cutoff=[1]|window=[127],INT8,GPU,not_applicable,compatibility/end-to-end,PASS,OK,20,100,57,0.288092,true,ebd40a4c8267522b1c69968fe9ebf3c4ff976bd51715c40dc3287eef79291298,adc88920504675f2573b33878aa4cb014ac6cfdf9095987f53302c493e7ad6ce
1,20260810T103337Z_e6d8c17f237e_stage07_b04_formal_8deda8ce,formal,20260810T103337Z,e6d8c17f237e75b8d68b91aec378482ac8f9fe5b,false,stage07_b04_task2_filter_chain_v2,4eb136d3d2c6d8904421311c76a93155c0dcbae2bb6bbc1eba9e2bdaf6899aea,operator,firwin,Task2,Step2,firwin,firwin__firwin_int8_10e2__ebd40a4c8267522b,firwin_int8_10e2,10^2,128,cutoff=[1]|window=[127],INT8,GPU,not_applicable,compatibility/end-to-end,PASS,OK,20,100,58,0.298802,true,ebd40a4c8267522b1c69968fe9ebf3c4ff976bd51715c40dc3287eef79291298,adc88920504675f2573b33878aa4cb014ac6cfdf9095987f53302c493e7ad6ce
1,20260810T103337Z_e6d8c17f237e_stage07_b04_formal_8deda8ce,formal,20260810T103337Z,e6d8c17f237e75b8d68b91aec378482ac8f9fe5b,false,stage07_b04_task2_filter_chain_v2,4eb136d3d2c6d8904421311c76a93155c0dcbae2bb6bbc1eba9e2bdaf6899aea,operator,firwin,Task2,Step2,firwin,firwin__firwin_int8_10e2__ebd40a4c8267522b,firwin_int8_10e2,10^2,128,cutoff=[1]|window=[127],INT8,GPU,not_applicable,compatibility/end-to-end,PASS,OK,20,100,59,0.289392,true,ebd40a4c8267522b1c69968fe9ebf3c4ff976bd51715c40dc3287eef79291298,adc88920504675f2573b33878aa4cb014ac6cfdf9095987f53302c493e7ad6ce
1,20260810T103337Z_e6d8c17f237e_stage07_b04_formal_8deda8ce,formal,20260810T103337Z,e6d8c17f237e75b8d68b91aec378482ac8f9fe5b,false,stage07_b04_task2_filter_chain_v2,4eb136d3d2c6d8904421311c76a93155c0dcbae2bb6bbc1eba9e2bdaf6899aea,operator,firwin,Task2,Step2,firwin,firwin__firwin_int8_10e2__ebd40a4c8267522b,firwin_int8_10e2,10^2,128,cutoff=[1]|window=[127],INT8,GPU,not_applicable,compatibility/end-to-end,PASS,OK,20,100,60,0.287432,true,ebd40a4c8267522b1c69968fe9ebf3c4ff976bd51715c40dc3287eef79291298,adc88920504675f2573b33878aa4cb014ac6cfdf9095987f53302c493e7ad6ce
1,20260810T103337Z_e6d8c17f237e_stage07_b04_formal_8deda8ce,formal,20260810T103337Z,e6d8c17f237e75b8d68b91aec378482ac8f9fe5b,false,stage07_b04_task2_filter_chain_v2,4eb136d3d2c6d8904421311c76a93155c0dcbae2bb6bbc1eba9e2bdaf6899aea,operator,firwin,Task2,Step2,firwin,firwin__firwin_int8_10e2__ebd40a4c8267522b,firwin_int8_10e2,10^2,128,cutoff=[1]|window=[127],INT8,GPU,not_applicable,compatibility/end-to-end,PASS,OK,20,100,61,0.285672,true,ebd40a4c8267522b1c69968fe9ebf3c4ff976bd51715c40dc3287eef79291298,adc88920504675f2573b33878aa4cb014ac6cfdf9095987f53302c493e7ad6ce
1,20260810T103337Z_e6d8c17f237e_stage07_b04_formal_8deda8ce,formal,20260810T103337Z,e6d8c17f237e75b8d68b91aec378482ac8f9fe5b,false,stage07_b04_task2_filter_chain_v2,4eb136d3d2c6d8904421311c76a93155c0dcbae2bb6bbc1eba9e2bdaf6899aea,operator,firwin,Task2,Step2,firwin,firwin__firwin_int8_10e2__ebd40a4c8267522b,firwin_int8_10e2,10^2,128,cutoff=[1]|window=[127],INT8,GPU,not_applicable,compatibility/end-to-end,PASS,OK,20,100,62,0.284271,true,ebd40a4c8267522b1c69968fe9ebf3c4ff976bd51715c40dc3287eef79291298,adc88920504675f2573b33878aa4cb014ac6cfdf9095987f53302c493e7ad6ce
1,20260810T103337Z_e6d8c17f237e_stage07_b04_formal_8deda8ce,formal,20260810T103337Z,e6d8c17f237e75b8d68b91aec378482ac8f9fe5b,false,stage07_b04_task2_filter_chain_v2,4eb136d3d2c6d8904421311c76a93155c0dcbae2bb6bbc1eba9e2bdaf6899aea,operator,firwin,Task2,Step2,firwin,firwin__firwin_int8_10e2__ebd40a4c8267522b,firwin_int8_10e2,10^2,128,cutoff=[1]|window=[127],INT8,GPU,not_applicable,compatibility/end-to-end,PASS,OK,20,100,63,0.285892,true,ebd40a4c8267522b1c69968fe9ebf3c4ff976bd51715c40dc3287eef79291298,adc88920504675f2573b33878aa4cb014ac6cfdf9095987f53302c493e7ad6ce
1,20260810T103337Z_e6d8c17f237e_stage07_b04_formal_8deda8ce,formal,20260810T103337Z,e6d8c17f237e75b8d68b91aec378482ac8f9fe5b,false,stage07_b04_task2_filter_chain_v2,4eb136d3d2c6d8904421311c76a93155c0dcbae2bb6bbc1eba9e2bdaf6899aea,operator,firwin,Task2,Step2,firwin,firwin__firwin_int8_10e2__ebd40a4c8267522b,firwin_int8_10e2,10^2,128,cutoff=[1]|window=[127],INT8,GPU,not_applicable,compatibility/end-to-end,PASS,OK,20,100,64,0.285772,true,ebd40a4c8267522b1c69968fe9ebf3c4ff976bd51715c40dc3287eef79291298,adc88920504675f2573b33878aa4cb014ac6cfdf9095987f53302c493e7ad6ce
1,20260810T103337Z_e6d8c17f237e_stage07_b04_formal_8deda8ce,formal,20260810T103337Z,e6d8c17f237e75b8d68b91aec378482ac8f9fe5b,false,stage07_b04_task2_filter_chain_v2,4eb136d3d2c6d8904421311c76a93155c0dcbae2bb6bbc1eba9e2bdaf6899aea,operator,firwin,Task2,Step2,firwin,firwin__firwin_int8_10e2__ebd40a4c8267522b,firwin_int8_10e2,10^2,128,cutoff=[1]|window=[127],INT8,GPU,not_applicable,compatibility/end-to-end,PASS,OK,20,100,65,0.286672,true,ebd40a4c8267522b1c69968fe9ebf3c4ff976bd51715c40dc3287eef79291298,adc88920504675f2573b33878aa4cb014ac6cfdf9095987f53302c493e7ad6ce
1,20260810T103337Z_e6d8c17f237e_stage07_b04_formal_8deda8ce,formal,20260810T103337Z,e6d8c17f237e75b8d68b91aec378482ac8f9fe5b,false,stage07_b04_task2_filter_chain_v2,4eb136d3d2c6d8904421311c76a93155c0dcbae2bb6bbc1eba9e2bdaf6899aea,operator,firwin,Task2,Step2,firwin,firwin__firwin_int8_10e2__ebd40a4c8267522b,firwin_int8_10e2,10^2,128,cutoff=[1]|window=[127],INT8,GPU,not_applicable,compatibility/end-to-end,PASS,OK,20,100,66,0.287232,true,ebd40a4c8267522b1c69968fe9ebf3c4ff976bd51715c40dc3287eef79291298,adc88920504675f2573b33878aa4cb014ac6cfdf9095987f53302c493e7ad6ce
1,20260810T103337Z_e6d8c17f237e_stage07_b04_formal_8deda8ce,formal,20260810T103337Z,e6d8c17f237e75b8d68b91aec378482ac8f9fe5b,false,stage07_b04_task2_filter_chain_v2,4eb136d3d2c6d8904421311c76a93155c0dcbae2bb6bbc1eba9e2bdaf6899aea,operator,firwin,Task2,Step2,firwin,firwin__firwin_int8_10e2__ebd40a4c8267522b,firwin_int8_10e2,10^2,128,cutoff=[1]|window=[127],INT8,GPU,not_applicable,compatibility/end-to-end,PASS,OK,20,100,67,0.328472,true,ebd40a4c8267522b1c69968fe9ebf3c4ff976bd51715c40dc3287eef79291298,adc88920504675f2573b33878aa4cb014ac6cfdf9095987f53302c493e7ad6ce
1,20260810T103337Z_e6d8c17f237e_stage07_b04_formal_8deda8ce,formal,20260810T103337Z,e6d8c17f237e75b8d68b91aec378482ac8f9fe5b,false,stage07_b04_task2_filter_chain_v2,4eb136d3d2c6d8904421311c76a93155c0dcbae2bb6bbc1eba9e2bdaf6899aea,operator,firwin,Task2,Step2,firwin,firwin__firwin_int8_10e2__ebd40a4c8267522b,firwin_int8_10e2,10^2,128,cutoff=[1]|window=[127],INT8,GPU,not_applicable,compatibility/end-to-end,PASS,OK,20,100,68,0.303632,true,ebd40a4c8267522b1c69968fe9ebf3c4ff976bd51715c40dc3287eef79291298,adc88920504675f2573b33878aa4cb014ac6cfdf9095987f53302c493e7ad6ce
1,20260810T103337Z_e6d8c17f237e_stage07_b04_formal_8deda8ce,formal,20260810T103337Z,e6d8c17f237e75b8d68b91aec378482ac8f9fe5b,false,stage07_b04_task2_filter_chain_v2,4eb136d3d2c6d8904421311c76a93155c0dcbae2bb6bbc1eba9e2bdaf6899aea,operator,firwin,Task2,Step2,firwin,firwin__firwin_int8_10e2__ebd40a4c8267522b,firwin_int8_10e2,10^2,128,cutoff=[1]|window=[127],INT8,GPU,not_applicable,compatibility/end-to-end,PASS,OK,20,100,69,0.288832,true,ebd40a4c8267522b1c69968fe9ebf3c4ff976bd51715c40dc3287eef79291298,adc88920504675f2573b33878aa4cb014ac6cfdf9095987f53302c493e7ad6ce
1,20260810T103337Z_e6d8c17f237e_stage07_b04_formal_8deda8ce,formal,20260810T103337Z,e6d8c17f237e75b8d68b91aec378482ac8f9fe5b,false,stage07_b04_task2_filter_chain_v2,4eb136d3d2c6d8904421311c76a93155c0dcbae2bb6bbc1eba9e2bdaf6899aea,operator,firwin,Task2,Step2,firwin,firwin__firwin_int8_10e2__ebd40a4c8267522b,firwin_int8_10e2,10^2,128,cutoff=[1]|window=[127],INT8,GPU,not_applicable,compatibility/end-to-end,PASS,OK,20,100,70,0.291361,true,ebd40a4c8267522b1c69968fe9ebf3c4ff976bd51715c40dc3287eef79291298,adc88920504675f2573b33878aa4cb014ac6cfdf9095987f53302c493e7ad6ce
1,20260810T103337Z_e6d8c17f237e_stage07_b04_formal_8deda8ce,formal,20260810T103337Z,e6d8c17f237e75b8d68b91aec378482ac8f9fe5b,false,stage07_b04_task2_filter_chain_v2,4eb136d3d2c6d8904421311c76a93155c0dcbae2bb6bbc1eba9e2bdaf6899aea,operator,firwin,Task2,Step2,firwin,firwin__firwin_int8_10e2__ebd40a4c8267522b,firwin_int8_10e2,10^2,128,cutoff=[1]|window=[127],INT8,GPU,not_applicable,compatibility/end-to-end,PASS,OK,20,100,71,0.289012,true,ebd40a4c8267522b1c69968fe9ebf3c4ff976bd51715c40dc3287eef79291298,adc88920504675f2573b33878aa4cb014ac6cfdf9095987f53302c493e7ad6ce
1,20260810T103337Z_e6d8c17f237e_stage07_b04_formal_8deda8ce,formal,20260810T103337Z,e6d8c17f237e75b8d68b91aec378482ac8f9fe5b,false,stage07_b04_task2_filter_chain_v2,4eb136d3d2c6d8904421311c76a93155c0dcbae2bb6bbc1eba9e2bdaf6899aea,operator,firwin,Task2,Step2,firwin,firwin__firwin_int8_10e2__ebd40a4c8267522b,firwin_int8_10e2,10^2,128,cutoff=[1]|window=[127],INT8,GPU,not_applicable,compatibility/end-to-end,PASS,OK,20,100,72,0.287432,true,ebd40a4c8267522b1c69968fe9ebf3c4ff976bd51715c40dc3287eef79291298,adc88920504675f2573b33878aa4cb014ac6cfdf9095987f53302c493e7ad6ce
1,20260810T103337Z_e6d8c17f237e_stage07_b04_formal_8deda8ce,formal,20260810T103337Z,e6d8c17f237e75b8d68b91aec378482ac8f9fe5b,false,stage07_b04_task2_filter_chain_v2,4eb136d3d2c6d8904421311c76a93155c0dcbae2bb6bbc1eba9e2bdaf6899aea,operator,firwin,Task2,Step2,firwin,firwin__firwin_int8_10e2__ebd40a4c8267522b,firwin_int8_10e2,10^2,128,cutoff=[1]|window=[127],INT8,GPU,not_applicable,compatibility/end-to-end,PASS,OK,20,100,73,0.284332,true,ebd40a4c8267522b1c69968fe9ebf3c4ff976bd51715c40dc3287eef79291298,adc88920504675f2573b33878aa4cb014ac6cfdf9095987f53302c493e7ad6ce
1,20260810T103337Z_e6d8c17f237e_stage07_b04_formal_8deda8ce,formal,20260810T103337Z,e6d8c17f237e75b8d68b91aec378482ac8f9fe5b,false,stage07_b04_task2_filter_chain_v2,4eb136d3d2c6d8904421311c76a93155c0dcbae2bb6bbc1eba9e2bdaf6899aea,operator,firwin,Task2,Step2,firwin,firwin__firwin_int8_10e2__ebd40a4c8267522b,firwin_int8_10e2,10^2,128,cutoff=[1]|window=[127],INT8,GPU,not_applicable,compatibility/end-to-end,PASS,OK,20,100,74,0.340622,true,ebd40a4c8267522b1c69968fe9ebf3c4ff976bd51715c40dc3287eef79291298,adc88920504675f2573b33878aa4cb014ac6cfdf9095987f53302c493e7ad6ce
1,20260810T103337Z_e6d8c17f237e_stage07_b04_formal_8deda8ce,formal,20260810T103337Z,e6d8c17f237e75b8d68b91aec378482ac8f9fe5b,false,stage07_b04_task2_filter_chain_v2,4eb136d3d2c6d8904421311c76a93155c0dcbae2bb6bbc1eba9e2bdaf6899aea,operator,firwin,Task2,Step2,firwin,firwin__firwin_int8_10e2__ebd40a4c8267522b,firwin_int8_10e2,10^2,128,cutoff=[1]|window=[127],INT8,GPU,not_applicable,compatibility/end-to-end,PASS,OK,20,100,75,0.344642,true,ebd40a4c8267522b1c69968fe9ebf3c4ff976bd51715c40dc3287eef79291298,adc88920504675f2573b33878aa4cb014ac6cfdf9095987f53302c493e7ad6ce
1,20260810T103337Z_e6d8c17f237e_stage07_b04_formal_8deda8ce,formal,20260810T103337Z,e6d8c17f237e75b8d68b91aec378482ac8f9fe5b,false,stage07_b04_task2_filter_chain_v2,4eb136d3d2c6d8904421311c76a93155c0dcbae2bb6bbc1eba9e2bdaf6899aea,operator,firwin,Task2,Step2,firwin,firwin__firwin_int8_10e2__ebd40a4c8267522b,firwin_int8_10e2,10^2,128,cutoff=[1]|window=[127],INT8,GPU,not_applicable,compatibility/end-to-end,PASS,OK,20,100,76,0.292832,true,ebd40a4c8267522b1c69968fe9ebf3c4ff976bd51715c40dc3287eef79291298,adc88920504675f2573b33878aa4cb014ac6cfdf9095987f53302c493e7ad6ce
1,20260810T103337Z_e6d8c17f237e_stage07_b04_formal_8deda8ce,formal,20260810T103337Z,e6d8c17f237e75b8d68b91aec378482ac8f9fe5b,false,stage07_b04_task2_filter_chain_v2,4eb136d3d2c6d8904421311c76a93155c0dcbae2bb6bbc1eba9e2bdaf6899aea,operator,firwin,Task2,Step2,firwin,firwin__firwin_int8_10e2__ebd40a4c8267522b,firwin_int8_10e2,10^2,128,cutoff=[1]|window=[127],INT8,GPU,not_applicable,compatibility/end-to-end,PASS,OK,20,100,77,0.282612,true,ebd40a4c8267522b1c69968fe9ebf3c4ff976bd51715c40dc3287eef79291298,adc88920504675f2573b33878aa4cb014ac6cfdf9095987f53302c493e7ad6ce
1,20260810T103337Z_e6d8c17f237e_stage07_b04_formal_8deda8ce,formal,20260810T103337Z,e6d8c17f237e75b8d68b91aec378482ac8f9fe5b,false,stage07_b04_task2_filter_chain_v2,4eb136d3d2c6d8904421311c76a93155c0dcbae2bb6bbc1eba9e2bdaf6899aea,operator,firwin,Task2,Step2,firwin,firwin__firwin_int8_10e2__ebd40a4c8267522b,firwin_int8_10e2,10^2,128,cutoff=[1]|window=[127],INT8,GPU,not_applicable,compatibility/end-to-end,PASS,OK,20,100,78,0.285032,true,ebd40a4c8267522b1c69968fe9ebf3c4ff976bd51715c40dc3287eef79291298,adc88920504675f2573b33878aa4cb014ac6cfdf9095987f53302c493e7ad6ce
1,20260810T103337Z_e6d8c17f237e_stage07_b04_formal_8deda8ce,formal,20260810T103337Z,e6d8c17f237e75b8d68b91aec378482ac8f9fe5b,false,stage07_b04_task2_filter_chain_v2,4eb136d3d2c6d8904421311c76a93155c0dcbae2bb6bbc1eba9e2bdaf6899aea,operator,firwin,Task2,Step2,firwin,firwin__firwin_int8_10e2__ebd40a4c8267522b,firwin_int8_10e2,10^2,128,cutoff=[1]|window=[127],INT8,GPU,not_applicable,compatibility/end-to-end,PASS,OK,20,100,79,0.292212,true,ebd40a4c8267522b1c69968fe9ebf3c4ff976bd51715c40dc3287eef79291298,adc88920504675f2573b33878aa4cb014ac6cfdf9095987f53302c493e7ad6ce
1,20260810T103337Z_e6d8c17f237e_stage07_b04_formal_8deda8ce,formal,20260810T103337Z,e6d8c17f237e75b8d68b91aec378482ac8f9fe5b,false,stage07_b04_task2_filter_chain_v2,4eb136d3d2c6d8904421311c76a93155c0dcbae2bb6bbc1eba9e2bdaf6899aea,operator,firwin,Task2,Step2,firwin,firwin__firwin_int8_10e2__ebd40a4c8267522b,firwin_int8_10e2,10^2,128,cutoff=[1]|window=[127],INT8,GPU,not_applicable,compatibility/end-to-end,PASS,OK,20,100,80,0.286602,true,ebd40a4c8267522b1c69968fe9ebf3c4ff976bd51715c40dc3287eef79291298,adc88920504675f2573b33878aa4cb014ac6cfdf9095987f53302c493e7ad6ce
1,20260810T103337Z_e6d8c17f237e_stage07_b04_formal_8deda8ce,formal,20260810T103337Z,e6d8c17f237e75b8d68b91aec378482ac8f9fe5b,false,stage07_b04_task2_filter_chain_v2,4eb136d3d2c6d8904421311c76a93155c0dcbae2bb6bbc1eba9e2bdaf6899aea,operator,firwin,Task2,Step2,firwin,firwin__firwin_int8_10e2__ebd40a4c8267522b,firwin_int8_10e2,10^2,128,cutoff=[1]|window=[127],INT8,GPU,not_applicable,compatibility/end-to-end,PASS,OK,20,100,81,0.292482,true,ebd40a4c8267522b1c69968fe9ebf3c4ff976bd51715c40dc3287eef79291298,adc88920504675f2573b33878aa4cb014ac6cfdf9095987f53302c493e7ad6ce
1,20260810T103337Z_e6d8c17f237e_stage07_b04_formal_8deda8ce,formal,20260810T103337Z,e6d8c17f237e75b8d68b91aec378482ac8f9fe5b,false,stage07_b04_task2_filter_chain_v2,4eb136d3d2c6d8904421311c76a93155c0dcbae2bb6bbc1eba9e2bdaf6899aea,operator,firwin,Task2,Step2,firwin,firwin__firwin_int8_10e2__ebd40a4c8267522b,firwin_int8_10e2,10^2,128,cutoff=[1]|window=[127],INT8,GPU,not_applicable,compatibility/end-to-end,PASS,OK,20,100,82,0.291272,true,ebd40a4c8267522b1c69968fe9ebf3c4ff976bd51715c40dc3287eef79291298,adc88920504675f2573b33878aa4cb014ac6cfdf9095987f53302c493e7ad6ce
1,20260810T103337Z_e6d8c17f237e_stage07_b04_formal_8deda8ce,formal,20260810T103337Z,e6d8c17f237e75b8d68b91aec378482ac8f9fe5b,false,stage07_b04_task2_filter_chain_v2,4eb136d3d2c6d8904421311c76a93155c0dcbae2bb6bbc1eba9e2bdaf6899aea,operator,firwin,Task2,Step2,firwin,firwin__firwin_int8_10e2__ebd40a4c8267522b,firwin_int8_10e2,10^2,128,cutoff=[1]|window=[127],INT8,GPU,not_applicable,compatibility/end-to-end,PASS,OK,20,100,83,0.287471,true,ebd40a4c8267522b1c69968fe9ebf3c4ff976bd51715c40dc3287eef79291298,adc88920504675f2573b33878aa4cb014ac6cfdf9095987f53302c493e7ad6ce
1,20260810T103337Z_e6d8c17f237e_stage07_b04_formal_8deda8ce,formal,20260810T103337Z,e6d8c17f237e75b8d68b91aec378482ac8f9fe5b,false,stage07_b04_task2_filter_chain_v2,4eb136d3d2c6d8904421311c76a93155c0dcbae2bb6bbc1eba9e2bdaf6899aea,operator,firwin,Task2,Step2,firwin,firwin__firwin_int8_10e2__ebd40a4c8267522b,firwin_int8_10e2,10^2,128,cutoff=[1]|window=[127],INT8,GPU,not_applicable,compatibility/end-to-end,PASS,OK,20,100,84,0.355473,true,ebd40a4c8267522b1c69968fe9ebf3c4ff976bd51715c40dc3287eef79291298,adc88920504675f2573b33878aa4cb014ac6cfdf9095987f53302c493e7ad6ce
1,20260810T103337Z_e6d8c17f237e_stage07_b04_formal_8deda8ce,formal,20260810T103337Z,e6d8c17f237e75b8d68b91aec378482ac8f9fe5b,false,stage07_b04_task2_filter_chain_v2,4eb136d3d2c6d8904421311c76a93155c0dcbae2bb6bbc1eba9e2bdaf6899aea,operator,firwin,Task2,Step2,firwin,firwin__firwin_int8_10e2__ebd40a4c8267522b,firwin_int8_10e2,10^2,128,cutoff=[1]|window=[127],INT8,GPU,not_applicable,compatibility/end-to-end,PASS,OK,20,100,85,0.353152,true,ebd40a4c8267522b1c69968fe9ebf3c4ff976bd51715c40dc3287eef79291298,adc88920504675f2573b33878aa4cb014ac6cfdf9095987f53302c493e7ad6ce
1,20260810T103337Z_e6d8c17f237e_stage07_b04_formal_8deda8ce,formal,20260810T103337Z,e6d8c17f237e75b8d68b91aec378482ac8f9fe5b,false,stage07_b04_task2_filter_chain_v2,4eb136d3d2c6d8904421311c76a93155c0dcbae2bb6bbc1eba9e2bdaf6899aea,operator,firwin,Task2,Step2,firwin,firwin__firwin_int8_10e2__ebd40a4c8267522b,firwin_int8_10e2,10^2,128,cutoff=[1]|window=[127],INT8,GPU,not_applicable,compatibility/end-to-end,PASS,OK,20,100,86,0.290942,true,ebd40a4c8267522b1c69968fe9ebf3c4ff976bd51715c40dc3287eef79291298,adc88920504675f2573b33878aa4cb014ac6cfdf9095987f53302c493e7ad6ce
1,20260810T103337Z_e6d8c17f237e_stage07_b04_formal_8deda8ce,formal,20260810T103337Z,e6d8c17f237e75b8d68b91aec378482ac8f9fe5b,false,stage07_b04_task2_filter_chain_v2,4eb136d3d2c6d8904421311c76a93155c0dcbae2bb6bbc1eba9e2bdaf6899aea,operator,firwin,Task2,Step2,firwin,firwin__firwin_int8_10e2__ebd40a4c8267522b,firwin_int8_10e2,10^2,128,cutoff=[1]|window=[127],INT8,GPU,not_applicable,compatibility/end-to-end,PASS,OK,20,100,87,0.285221,true,ebd40a4c8267522b1c69968fe9ebf3c4ff976bd51715c40dc3287eef79291298,adc88920504675f2573b33878aa4cb014ac6cfdf9095987f53302c493e7ad6ce
1,20260810T103337Z_e6d8c17f237e_stage07_b04_formal_8deda8ce,formal,20260810T103337Z,e6d8c17f237e75b8d68b91aec378482ac8f9fe5b,false,stage07_b04_task2_filter_chain_v2,4eb136d3d2c6d8904421311c76a93155c0dcbae2bb6bbc1eba9e2bdaf6899aea,operator,firwin,Task2,Step2,firwin,firwin__firwin_int8_10e2__ebd40a4c8267522b,firwin_int8_10e2,10^2,128,cutoff=[1]|window=[127],INT8,GPU,not_applicable,compatibility/end-to-end,PASS,OK,20,100,88,0.290302,true,ebd40a4c8267522b1c69968fe9ebf3c4ff976bd51715c40dc3287eef79291298,adc88920504675f2573b33878aa4cb014ac6cfdf9095987f53302c493e7ad6ce
1,20260810T103337Z_e6d8c17f237e_stage07_b04_formal_8deda8ce,formal,20260810T103337Z,e6d8c17f237e75b8d68b91aec378482ac8f9fe5b,false,stage07_b04_task2_filter_chain_v2,4eb136d3d2c6d8904421311c76a93155c0dcbae2bb6bbc1eba9e2bdaf6899aea,operator,firwin,Task2,Step2,firwin,firwin__firwin_int8_10e2__ebd40a4c8267522b,firwin_int8_10e2,10^2,128,cutoff=[1]|window=[127],INT8,GPU,not_applicable,compatibility/end-to-end,PASS,OK,20,100,89,0.293612,true,ebd40a4c8267522b1c69968fe9ebf3c4ff976bd51715c40dc3287eef79291298,adc88920504675f2573b33878aa4cb014ac6cfdf9095987f53302c493e7ad6ce
1,20260810T103337Z_e6d8c17f237e_stage07_b04_formal_8deda8ce,formal,20260810T103337Z,e6d8c17f237e75b8d68b91aec378482ac8f9fe5b,false,stage07_b04_task2_filter_chain_v2,4eb136d3d2c6d8904421311c76a93155c0dcbae2bb6bbc1eba9e2bdaf6899aea,operator,firwin,Task2,Step2,firwin,firwin__firwin_int8_10e2__ebd40a4c8267522b,firwin_int8_10e2,10^2,128,cutoff=[1]|window=[127],INT8,GPU,not_applicable,compatibility/end-to-end,PASS,OK,20,100,90,0.284642,true,ebd40a4c8267522b1c69968fe9ebf3c4ff976bd51715c40dc3287eef79291298,adc88920504675f2573b33878aa4cb014ac6cfdf9095987f53302c493e7ad6ce
1,20260810T103337Z_e6d8c17f237e_stage07_b04_formal_8deda8ce,formal,20260810T103337Z,e6d8c17f237e75b8d68b91aec378482ac8f9fe5b,false,stage07_b04_task2_filter_chain_v2,4eb136d3d2c6d8904421311c76a93155c0dcbae2bb6bbc1eba9e2bdaf6899aea,operator,firwin,Task2,Step2,firwin,firwin__firwin_int8_10e2__ebd40a4c8267522b,firwin_int8_10e2,10^2,128,cutoff=[1]|window=[127],INT8,GPU,not_applicable,compatibility/end-to-end,PASS,OK,20,100,91,0.287482,true,ebd40a4c8267522b1c69968fe9ebf3c4ff976bd51715c40dc3287eef79291298,adc88920504675f2573b33878aa4cb014ac6cfdf9095987f53302c493e7ad6ce
1,20260810T103337Z_e6d8c17f237e_stage07_b04_formal_8deda8ce,formal,20260810T103337Z,e6d8c17f237e75b8d68b91aec378482ac8f9fe5b,false,stage07_b04_task2_filter_chain_v2,4eb136d3d2c6d8904421311c76a93155c0dcbae2bb6bbc1eba9e2bdaf6899aea,operator,firwin,Task2,Step2,firwin,firwin__firwin_int8_10e2__ebd40a4c8267522b,firwin_int8_10e2,10^2,128,cutoff=[1]|window=[127],INT8,GPU,not_applicable,compatibility/end-to-end,PASS,OK,20,100,92,0.288932,true,ebd40a4c8267522b1c69968fe9ebf3c4ff976bd51715c40dc3287eef79291298,adc88920504675f2573b33878aa4cb014ac6cfdf9095987f53302c493e7ad6ce
1,20260810T103337Z_e6d8c17f237e_stage07_b04_formal_8deda8ce,formal,20260810T103337Z,e6d8c17f237e75b8d68b91aec378482ac8f9fe5b,false,stage07_b04_task2_filter_chain_v2,4eb136d3d2c6d8904421311c76a93155c0dcbae2bb6bbc1eba9e2bdaf6899aea,operator,firwin,Task2,Step2,firwin,firwin__firwin_int8_10e2__ebd40a4c8267522b,firwin_int8_10e2,10^2,128,cutoff=[1]|window=[127],INT8,GPU,not_applicable,compatibility/end-to-end,PASS,OK,20,100,93,0.285871,true,ebd40a4c8267522b1c69968fe9ebf3c4ff976bd51715c40dc3287eef79291298,adc88920504675f2573b33878aa4cb014ac6cfdf9095987f53302c493e7ad6ce
1,20260810T103337Z_e6d8c17f237e_stage07_b04_formal_8deda8ce,formal,20260810T103337Z,e6d8c17f237e75b8d68b91aec378482ac8f9fe5b,false,stage07_b04_task2_filter_chain_v2,4eb136d3d2c6d8904421311c76a93155c0dcbae2bb6bbc1eba9e2bdaf6899aea,operator,firwin,Task2,Step2,firwin,firwin__firwin_int8_10e2__ebd40a4c8267522b,firwin_int8_10e2,10^2,128,cutoff=[1]|window=[127],INT8,GPU,not_applicable,compatibility/end-to-end,PASS,OK,20,100,94,0.285342,true,ebd40a4c8267522b1c69968fe9ebf3c4ff976bd51715c40dc3287eef79291298,adc88920504675f2573b33878aa4cb014ac6cfdf9095987f53302c493e7ad6ce
1,20260810T103337Z_e6d8c17f237e_stage07_b04_formal_8deda8ce,formal,20260810T103337Z,e6d8c17f237e75b8d68b91aec378482ac8f9fe5b,false,stage07_b04_task2_filter_chain_v2,4eb136d3d2c6d8904421311c76a93155c0dcbae2bb6bbc1eba9e2bdaf6899aea,operator,firwin,Task2,Step2,firwin,firwin__firwin_int8_10e2__ebd40a4c8267522b,firwin_int8_10e2,10^2,128,cutoff=[1]|window=[127],INT8,GPU,not_applicable,compatibility/end-to-end,PASS,OK,20,100,95,0.287732,true,ebd40a4c8267522b1c69968fe9ebf3c4ff976bd51715c40dc3287eef79291298,adc88920504675f2573b33878aa4cb014ac6cfdf9095987f53302c493e7ad6ce
1,20260810T103337Z_e6d8c17f237e_stage07_b04_formal_8deda8ce,formal,20260810T103337Z,e6d8c17f237e75b8d68b91aec378482ac8f9fe5b,false,stage07_b04_task2_filter_chain_v2,4eb136d3d2c6d8904421311c76a93155c0dcbae2bb6bbc1eba9e2bdaf6899aea,operator,firwin,Task2,Step2,firwin,firwin__firwin_int8_10e2__ebd40a4c8267522b,firwin_int8_10e2,10^2,128,cutoff=[1]|window=[127],INT8,GPU,not_applicable,compatibility/end-to-end,PASS,OK,20,100,96,0.288012,true,ebd40a4c8267522b1c69968fe9ebf3c4ff976bd51715c40dc3287eef79291298,adc88920504675f2573b33878aa4cb014ac6cfdf9095987f53302c493e7ad6ce
1,20260810T103337Z_e6d8c17f237e_stage07_b04_formal_8deda8ce,formal,20260810T103337Z,e6d8c17f237e75b8d68b91aec378482ac8f9fe5b,false,stage07_b04_task2_filter_chain_v2,4eb136d3d2c6d8904421311c76a93155c0dcbae2bb6bbc1eba9e2bdaf6899aea,operator,firwin,Task2,Step2,firwin,firwin__firwin_int8_10e2__ebd40a4c8267522b,firwin_int8_10e2,10^2,128,cutoff=[1]|window=[127],INT8,GPU,not_applicable,compatibility/end-to-end,PASS,OK,20,100,97,0.290282,true,ebd40a4c8267522b1c69968fe9ebf3c4ff976bd51715c40dc3287eef79291298,adc88920504675f2573b33878aa4cb014ac6cfdf9095987f53302c493e7ad6ce
1,20260810T103337Z_e6d8c17f237e_stage07_b04_formal_8deda8ce,formal,20260810T103337Z,e6d8c17f237e75b8d68b91aec378482ac8f9fe5b,false,stage07_b04_task2_filter_chain_v2,4eb136d3d2c6d8904421311c76a93155c0dcbae2bb6bbc1eba9e2bdaf6899aea,operator,firwin,Task2,Step2,firwin,firwin__firwin_int8_10e2__ebd40a4c8267522b,firwin_int8_10e2,10^2,128,cutoff=[1]|window=[127],INT8,GPU,not_applicable,compatibility/end-to-end,PASS,OK,20,100,98,0.284922,true,ebd40a4c8267522b1c69968fe9ebf3c4ff976bd51715c40dc3287eef79291298,adc88920504675f2573b33878aa4cb014ac6cfdf9095987f53302c493e7ad6ce
1,20260810T103337Z_e6d8c17f237e_stage07_b04_formal_8deda8ce,formal,20260810T103337Z,e6d8c17f237e75b8d68b91aec378482ac8f9fe5b,false,stage07_b04_task2_filter_chain_v2,4eb136d3d2c6d8904421311c76a93155c0dcbae2bb6bbc1eba9e2bdaf6899aea,operator,firwin,Task2,Step2,firwin,firwin__firwin_int8_10e2__ebd40a4c8267522b,firwin_int8_10e2,10^2,128,cutoff=[1]|window=[127],INT8,GPU,not_applicable,compatibility/end-to-end,PASS,OK,20,100,99,0.286901,true,ebd40a4c8267522b1c69968fe9ebf3c4ff976bd51715c40dc3287eef79291298,adc88920504675f2573b33878aa4cb014ac6cfdf9095987f53302c493e7ad6ce
