schema_version,run_id,run_type,test_time_utc,git_commit,git_dirty,config_id,config_sha256,target_kind,target,task_name,step_name,operator_name,case_id,scale_id,order_of_magnitude,actual_elements,input_shape,dtype,device,backend,timing_scope,status,error_code,warmup_runs,measured_runs,sample_index,latency_ms,synchronized,input_digest,output_digest
1,20260810T081257Z_1662dd06774d_stage07_b01_formal_13288dd7,formal,20260810T081257Z,1662dd06774d7c48435337e4db1431399854b5ad,false,stage07_b01_radartools_five_dtype_v2,03a5a9e2f6cb3af6d8b402d33c46fde5838cae300fea1ab7f1d92294a3677211,operator,cfar_alpha,Task1,Step4,cfar_alpha,cfar_alpha__alpha_int8_10e2__089fcba0664de908,alpha_int8_10e2,10^2,1,pfa=[1],INT8,CPU,not_applicable,compatibility/end-to-end,PASS,OK,20,100,0,0.00017,true,089fcba0664de908ec4ae5d1b11789fc51b897a44abe4969bc70b636d59ec8e2,af5570f5a1810b7af78caf4bc70a660f0df51e42baf91d4de5b2328de0e83dfc
1,20260810T081257Z_1662dd06774d_stage07_b01_formal_13288dd7,formal,20260810T081257Z,1662dd06774d7c48435337e4db1431399854b5ad,false,stage07_b01_radartools_five_dtype_v2,03a5a9e2f6cb3af6d8b402d33c46fde5838cae300fea1ab7f1d92294a3677211,operator,cfar_alpha,Task1,Step4,cfar_alpha,cfar_alpha__alpha_int8_10e2__089fcba0664de908,alpha_int8_10e2,10^2,1,pfa=[1],INT8,CPU,not_applicable,compatibility/end-to-end,PASS,OK,20,100,1,0.00011,true,089fcba0664de908ec4ae5d1b11789fc51b897a44abe4969bc70b636d59ec8e2,af5570f5a1810b7af78caf4bc70a660f0df51e42baf91d4de5b2328de0e83dfc
1,20260810T081257Z_1662dd06774d_stage07_b01_formal_13288dd7,formal,20260810T081257Z,1662dd06774d7c48435337e4db1431399854b5ad,false,stage07_b01_radartools_five_dtype_v2,03a5a9e2f6cb3af6d8b402d33c46fde5838cae300fea1ab7f1d92294a3677211,operator,cfar_alpha,Task1,Step4,cfar_alpha,cfar_alpha__alpha_int8_10e2__089fcba0664de908,alpha_int8_10e2,10^2,1,pfa=[1],INT8,CPU,not_applicable,compatibility/end-to-end,PASS,OK,20,100,2,0.00012,true,089fcba0664de908ec4ae5d1b11789fc51b897a44abe4969bc70b636d59ec8e2,af5570f5a1810b7af78caf4bc70a660f0df51e42baf91d4de5b2328de0e83dfc
1,20260810T081257Z_1662dd06774d_stage07_b01_formal_13288dd7,formal,20260810T081257Z,1662dd06774d7c48435337e4db1431399854b5ad,false,stage07_b01_radartools_five_dtype_v2,03a5a9e2f6cb3af6d8b402d33c46fde5838cae300fea1ab7f1d92294a3677211,operator,cfar_alpha,Task1,Step4,cfar_alpha,cfar_alpha__alpha_int8_10e2__089fcba0664de908,alpha_int8_10e2,10^2,1,pfa=[1],INT8,CPU,not_applicable,compatibility/end-to-end,PASS,OK,20,100,3,0.00011,true,089fcba0664de908ec4ae5d1b11789fc51b897a44abe4969bc70b636d59ec8e2,af5570f5a1810b7af78caf4bc70a660f0df51e42baf91d4de5b2328de0e83dfc
1,20260810T081257Z_1662dd06774d_stage07_b01_formal_13288dd7,formal,20260810T081257Z,1662dd06774d7c48435337e4db1431399854b5ad,false,stage07_b01_radartools_five_dtype_v2,03a5a9e2f6cb3af6d8b402d33c46fde5838cae300fea1ab7f1d92294a3677211,operator,cfar_alpha,Task1,Step4,cfar_alpha,cfar_alpha__alpha_int8_10e2__089fcba0664de908,alpha_int8_10e2,10^2,1,pfa=[1],INT8,CPU,not_applicable,compatibility/end-to-end,PASS,OK,20,100,4,0.00012,true,089fcba0664de908ec4ae5d1b11789fc51b897a44abe4969bc70b636d59ec8e2,af5570f5a1810b7af78caf4bc70a660f0df51e42baf91d4de5b2328de0e83dfc
1,20260810T081257Z_1662dd06774d_stage07_b01_formal_13288dd7,formal,20260810T081257Z,1662dd06774d7c48435337e4db1431399854b5ad,false,stage07_b01_radartools_five_dtype_v2,03a5a9e2f6cb3af6d8b402d33c46fde5838cae300fea1ab7f1d92294a3677211,operator,cfar_alpha,Task1,Step4,cfar_alpha,cfar_alpha__alpha_int8_10e2__089fcba0664de908,alpha_int8_10e2,10^2,1,pfa=[1],INT8,CPU,not_applicable,compatibility/end-to-end,PASS,OK,20,100,5,0.00012,true,089fcba0664de908ec4ae5d1b11789fc51b897a44abe4969bc70b636d59ec8e2,af5570f5a1810b7af78caf4bc70a660f0df51e42baf91d4de5b2328de0e83dfc
1,20260810T081257Z_1662dd06774d_stage07_b01_formal_13288dd7,formal,20260810T081257Z,1662dd06774d7c48435337e4db1431399854b5ad,false,stage07_b01_radartools_five_dtype_v2,03a5a9e2f6cb3af6d8b402d33c46fde5838cae300fea1ab7f1d92294a3677211,operator,cfar_alpha,Task1,Step4,cfar_alpha,cfar_alpha__alpha_int8_10e2__089fcba0664de908,alpha_int8_10e2,10^2,1,pfa=[1],INT8,CPU,not_applicable,compatibility/end-to-end,PASS,OK,20,100,6,0.00011,true,089fcba0664de908ec4ae5d1b11789fc51b897a44abe4969bc70b636d59ec8e2,af5570f5a1810b7af78caf4bc70a660f0df51e42baf91d4de5b2328de0e83dfc
1,20260810T081257Z_1662dd06774d_stage07_b01_formal_13288dd7,formal,20260810T081257Z,1662dd06774d7c48435337e4db1431399854b5ad,false,stage07_b01_radartools_five_dtype_v2,03a5a9e2f6cb3af6d8b402d33c46fde5838cae300fea1ab7f1d92294a3677211,operator,cfar_alpha,Task1,Step4,cfar_alpha,cfar_alpha__alpha_int8_10e2__089fcba0664de908,alpha_int8_10e2,10^2,1,pfa=[1],INT8,CPU,not_applicable,compatibility/end-to-end,PASS,OK,20,100,7,0.00012,true,089fcba0664de908ec4ae5d1b11789fc51b897a44abe4969bc70b636d59ec8e2,af5570f5a1810b7af78caf4bc70a660f0df51e42baf91d4de5b2328de0e83dfc
1,20260810T081257Z_1662dd06774d_stage07_b01_formal_13288dd7,formal,20260810T081257Z,1662dd06774d7c48435337e4db1431399854b5ad,false,stage07_b01_radartools_five_dtype_v2,03a5a9e2f6cb3af6d8b402d33c46fde5838cae300fea1ab7f1d92294a3677211,operator,cfar_alpha,Task1,Step4,cfar_alpha,cfar_alpha__alpha_int8_10e2__089fcba0664de908,alpha_int8_10e2,10^2,1,pfa=[1],INT8,CPU,not_applicable,compatibility/end-to-end,PASS,OK,20,100,8,0.00012,true,089fcba0664de908ec4ae5d1b11789fc51b897a44abe4969bc70b636d59ec8e2,af5570f5a1810b7af78caf4bc70a660f0df51e42baf91d4de5b2328de0e83dfc
1,20260810T081257Z_1662dd06774d_stage07_b01_formal_13288dd7,formal,20260810T081257Z,1662dd06774d7c48435337e4db1431399854b5ad,false,stage07_b01_radartools_five_dtype_v2,03a5a9e2f6cb3af6d8b402d33c46fde5838cae300fea1ab7f1d92294a3677211,operator,cfar_alpha,Task1,Step4,cfar_alpha,cfar_alpha__alpha_int8_10e2__089fcba0664de908,alpha_int8_10e2,10^2,1,pfa=[1],INT8,CPU,not_applicable,compatibility/end-to-end,PASS,OK,20,100,9,0.00011,true,089fcba0664de908ec4ae5d1b11789fc51b897a44abe4969bc70b636d59ec8e2,af5570f5a1810b7af78caf4bc70a660f0df51e42baf91d4de5b2328de0e83dfc
1,20260810T081257Z_1662dd06774d_stage07_b01_formal_13288dd7,formal,20260810T081257Z,1662dd06774d7c48435337e4db1431399854b5ad,false,stage07_b01_radartools_five_dtype_v2,03a5a9e2f6cb3af6d8b402d33c46fde5838cae300fea1ab7f1d92294a3677211,operator,cfar_alpha,Task1,Step4,cfar_alpha,cfar_alpha__alpha_int8_10e2__089fcba0664de908,alpha_int8_10e2,10^2,1,pfa=[1],INT8,CPU,not_applicable,compatibility/end-to-end,PASS,OK,20,100,10,0.00012,true,089fcba0664de908ec4ae5d1b11789fc51b897a44abe4969bc70b636d59ec8e2,af5570f5a1810b7af78caf4bc70a660f0df51e42baf91d4de5b2328de0e83dfc
1,20260810T081257Z_1662dd06774d_stage07_b01_formal_13288dd7,formal,20260810T081257Z,1662dd06774d7c48435337e4db1431399854b5ad,false,stage07_b01_radartools_five_dtype_v2,03a5a9e2f6cb3af6d8b402d33c46fde5838cae300fea1ab7f1d92294a3677211,operator,cfar_alpha,Task1,Step4,cfar_alpha,cfar_alpha__alpha_int8_10e2__089fcba0664de908,alpha_int8_10e2,10^2,1,pfa=[1],INT8,CPU,not_applicable,compatibility/end-to-end,PASS,OK,20,100,11,0.00012,true,089fcba0664de908ec4ae5d1b11789fc51b897a44abe4969bc70b636d59ec8e2,af5570f5a1810b7af78caf4bc70a660f0df51e42baf91d4de5b2328de0e83dfc
1,20260810T081257Z_1662dd06774d_stage07_b01_formal_13288dd7,formal,20260810T081257Z,1662dd06774d7c48435337e4db1431399854b5ad,false,stage07_b01_radartools_five_dtype_v2,03a5a9e2f6cb3af6d8b402d33c46fde5838cae300fea1ab7f1d92294a3677211,operator,cfar_alpha,Task1,Step4,cfar_alpha,cfar_alpha__alpha_int8_10e2__089fcba0664de908,alpha_int8_10e2,10^2,1,pfa=[1],INT8,CPU,not_applicable,compatibility/end-to-end,PASS,OK,20,100,12,0.00011,true,089fcba0664de908ec4ae5d1b11789fc51b897a44abe4969bc70b636d59ec8e2,af5570f5a1810b7af78caf4bc70a660f0df51e42baf91d4de5b2328de0e83dfc
1,20260810T081257Z_1662dd06774d_stage07_b01_formal_13288dd7,formal,20260810T081257Z,1662dd06774d7c48435337e4db1431399854b5ad,false,stage07_b01_radartools_five_dtype_v2,03a5a9e2f6cb3af6d8b402d33c46fde5838cae300fea1ab7f1d92294a3677211,operator,cfar_alpha,Task1,Step4,cfar_alpha,cfar_alpha__alpha_int8_10e2__089fcba0664de908,alpha_int8_10e2,10^2,1,pfa=[1],INT8,CPU,not_applicable,compatibility/end-to-end,PASS,OK,20,100,13,0.00012,true,089fcba0664de908ec4ae5d1b11789fc51b897a44abe4969bc70b636d59ec8e2,af5570f5a1810b7af78caf4bc70a660f0df51e42baf91d4de5b2328de0e83dfc
1,20260810T081257Z_1662dd06774d_stage07_b01_formal_13288dd7,formal,20260810T081257Z,1662dd06774d7c48435337e4db1431399854b5ad,false,stage07_b01_radartools_five_dtype_v2,03a5a9e2f6cb3af6d8b402d33c46fde5838cae300fea1ab7f1d92294a3677211,operator,cfar_alpha,Task1,Step4,cfar_alpha,cfar_alpha__alpha_int8_10e2__089fcba0664de908,alpha_int8_10e2,10^2,1,pfa=[1],INT8,CPU,not_applicable,compatibility/end-to-end,PASS,OK,20,100,14,0.00012,true,089fcba0664de908ec4ae5d1b11789fc51b897a44abe4969bc70b636d59ec8e2,af5570f5a1810b7af78caf4bc70a660f0df51e42baf91d4de5b2328de0e83dfc
1,20260810T081257Z_1662dd06774d_stage07_b01_formal_13288dd7,formal,20260810T081257Z,1662dd06774d7c48435337e4db1431399854b5ad,false,stage07_b01_radartools_five_dtype_v2,03a5a9e2f6cb3af6d8b402d33c46fde5838cae300fea1ab7f1d92294a3677211,operator,cfar_alpha,Task1,Step4,cfar_alpha,cfar_alpha__alpha_int8_10e2__089fcba0664de908,alpha_int8_10e2,10^2,1,pfa=[1],INT8,CPU,not_applicable,compatibility/end-to-end,PASS,OK,20,100,15,0.00012,true,089fcba0664de908ec4ae5d1b11789fc51b897a44abe4969bc70b636d59ec8e2,af5570f5a1810b7af78caf4bc70a660f0df51e42baf91d4de5b2328de0e83dfc
1,20260810T081257Z_1662dd06774d_stage07_b01_formal_13288dd7,formal,20260810T081257Z,1662dd06774d7c48435337e4db1431399854b5ad,false,stage07_b01_radartools_five_dtype_v2,03a5a9e2f6cb3af6d8b402d33c46fde5838cae300fea1ab7f1d92294a3677211,operator,cfar_alpha,Task1,Step4,cfar_alpha,cfar_alpha__alpha_int8_10e2__089fcba0664de908,alpha_int8_10e2,10^2,1,pfa=[1],INT8,CPU,not_applicable,compatibility/end-to-end,PASS,OK,20,100,16,0.00012,true,089fcba0664de908ec4ae5d1b11789fc51b897a44abe4969bc70b636d59ec8e2,af5570f5a1810b7af78caf4bc70a660f0df51e42baf91d4de5b2328de0e83dfc
1,20260810T081257Z_1662dd06774d_stage07_b01_formal_13288dd7,formal,20260810T081257Z,1662dd06774d7c48435337e4db1431399854b5ad,false,stage07_b01_radartools_five_dtype_v2,03a5a9e2f6cb3af6d8b402d33c46fde5838cae300fea1ab7f1d92294a3677211,operator,cfar_alpha,Task1,Step4,cfar_alpha,cfar_alpha__alpha_int8_10e2__089fcba0664de908,alpha_int8_10e2,10^2,1,pfa=[1],INT8,CPU,not_applicable,compatibility/end-to-end,PASS,OK,20,100,17,0.00011,true,089fcba0664de908ec4ae5d1b11789fc51b897a44abe4969bc70b636d59ec8e2,af5570f5a1810b7af78caf4bc70a660f0df51e42baf91d4de5b2328de0e83dfc
1,20260810T081257Z_1662dd06774d_stage07_b01_formal_13288dd7,formal,20260810T081257Z,1662dd06774d7c48435337e4db1431399854b5ad,false,stage07_b01_radartools_five_dtype_v2,03a5a9e2f6cb3af6d8b402d33c46fde5838cae300fea1ab7f1d92294a3677211,operator,cfar_alpha,Task1,Step4,cfar_alpha,cfar_alpha__alpha_int8_10e2__089fcba0664de908,alpha_int8_10e2,10^2,1,pfa=[1],INT8,CPU,not_applicable,compatibility/end-to-end,PASS,OK,20,100,18,0.00012,true,089fcba0664de908ec4ae5d1b11789fc51b897a44abe4969bc70b636d59ec8e2,af5570f5a1810b7af78caf4bc70a660f0df51e42baf91d4de5b2328de0e83dfc
1,20260810T081257Z_1662dd06774d_stage07_b01_formal_13288dd7,formal,20260810T081257Z,1662dd06774d7c48435337e4db1431399854b5ad,false,stage07_b01_radartools_five_dtype_v2,03a5a9e2f6cb3af6d8b402d33c46fde5838cae300fea1ab7f1d92294a3677211,operator,cfar_alpha,Task1,Step4,cfar_alpha,cfar_alpha__alpha_int8_10e2__089fcba0664de908,alpha_int8_10e2,10^2,1,pfa=[1],INT8,CPU,not_applicable,compatibility/end-to-end,PASS,OK,20,100,19,0.00012,true,089fcba0664de908ec4ae5d1b11789fc51b897a44abe4969bc70b636d59ec8e2,af5570f5a1810b7af78caf4bc70a660f0df51e42baf91d4de5b2328de0e83dfc
1,20260810T081257Z_1662dd06774d_stage07_b01_formal_13288dd7,formal,20260810T081257Z,1662dd06774d7c48435337e4db1431399854b5ad,false,stage07_b01_radartools_five_dtype_v2,03a5a9e2f6cb3af6d8b402d33c46fde5838cae300fea1ab7f1d92294a3677211,operator,cfar_alpha,Task1,Step4,cfar_alpha,cfar_alpha__alpha_int8_10e2__089fcba0664de908,alpha_int8_10e2,10^2,1,pfa=[1],INT8,CPU,not_applicable,compatibility/end-to-end,PASS,OK,20,100,20,0.00011,true,089fcba0664de908ec4ae5d1b11789fc51b897a44abe4969bc70b636d59ec8e2,af5570f5a1810b7af78caf4bc70a660f0df51e42baf91d4de5b2328de0e83dfc
1,20260810T081257Z_1662dd06774d_stage07_b01_formal_13288dd7,formal,20260810T081257Z,1662dd06774d7c48435337e4db1431399854b5ad,false,stage07_b01_radartools_five_dtype_v2,03a5a9e2f6cb3af6d8b402d33c46fde5838cae300fea1ab7f1d92294a3677211,operator,cfar_alpha,Task1,Step4,cfar_alpha,cfar_alpha__alpha_int8_10e2__089fcba0664de908,alpha_int8_10e2,10^2,1,pfa=[1],INT8,CPU,not_applicable,compatibility/end-to-end,PASS,OK,20,100,21,0.00012,true,089fcba0664de908ec4ae5d1b11789fc51b897a44abe4969bc70b636d59ec8e2,af5570f5a1810b7af78caf4bc70a660f0df51e42baf91d4de5b2328de0e83dfc
1,20260810T081257Z_1662dd06774d_stage07_b01_formal_13288dd7,formal,20260810T081257Z,1662dd06774d7c48435337e4db1431399854b5ad,false,stage07_b01_radartools_five_dtype_v2,03a5a9e2f6cb3af6d8b402d33c46fde5838cae300fea1ab7f1d92294a3677211,operator,cfar_alpha,Task1,Step4,cfar_alpha,cfar_alpha__alpha_int8_10e2__089fcba0664de908,alpha_int8_10e2,10^2,1,pfa=[1],INT8,CPU,not_applicable,compatibility/end-to-end,PASS,OK,20,100,22,0.00012,true,089fcba0664de908ec4ae5d1b11789fc51b897a44abe4969bc70b636d59ec8e2,af5570f5a1810b7af78caf4bc70a660f0df51e42baf91d4de5b2328de0e83dfc
1,20260810T081257Z_1662dd06774d_stage07_b01_formal_13288dd7,formal,20260810T081257Z,1662dd06774d7c48435337e4db1431399854b5ad,false,stage07_b01_radartools_five_dtype_v2,03a5a9e2f6cb3af6d8b402d33c46fde5838cae300fea1ab7f1d92294a3677211,operator,cfar_alpha,Task1,Step4,cfar_alpha,cfar_alpha__alpha_int8_10e2__089fcba0664de908,alpha_int8_10e2,10^2,1,pfa=[1],INT8,CPU,not_applicable,compatibility/end-to-end,PASS,OK,20,100,23,0.00011,true,089fcba0664de908ec4ae5d1b11789fc51b897a44abe4969bc70b636d59ec8e2,af5570f5a1810b7af78caf4bc70a660f0df51e42baf91d4de5b2328de0e83dfc
1,20260810T081257Z_1662dd06774d_stage07_b01_formal_13288dd7,formal,20260810T081257Z,1662dd06774d7c48435337e4db1431399854b5ad,false,stage07_b01_radartools_five_dtype_v2,03a5a9e2f6cb3af6d8b402d33c46fde5838cae300fea1ab7f1d92294a3677211,operator,cfar_alpha,Task1,Step4,cfar_alpha,cfar_alpha__alpha_int8_10e2__089fcba0664de908,alpha_int8_10e2,10^2,1,pfa=[1],INT8,CPU,not_applicable,compatibility/end-to-end,PASS,OK,20,100,24,0.00012,true,089fcba0664de908ec4ae5d1b11789fc51b897a44abe4969bc70b636d59ec8e2,af5570f5a1810b7af78caf4bc70a660f0df51e42baf91d4de5b2328de0e83dfc
1,20260810T081257Z_1662dd06774d_stage07_b01_formal_13288dd7,formal,20260810T081257Z,1662dd06774d7c48435337e4db1431399854b5ad,false,stage07_b01_radartools_five_dtype_v2,03a5a9e2f6cb3af6d8b402d33c46fde5838cae300fea1ab7f1d92294a3677211,operator,cfar_alpha,Task1,Step4,cfar_alpha,cfar_alpha__alpha_int8_10e2__089fcba0664de908,alpha_int8_10e2,10^2,1,pfa=[1],INT8,CPU,not_applicable,compatibility/end-to-end,PASS,OK,20,100,25,0.00012,true,089fcba0664de908ec4ae5d1b11789fc51b897a44abe4969bc70b636d59ec8e2,af5570f5a1810b7af78caf4bc70a660f0df51e42baf91d4de5b2328de0e83dfc
1,20260810T081257Z_1662dd06774d_stage07_b01_formal_13288dd7,formal,20260810T081257Z,1662dd06774d7c48435337e4db1431399854b5ad,false,stage07_b01_radartools_five_dtype_v2,03a5a9e2f6cb3af6d8b402d33c46fde5838cae300fea1ab7f1d92294a3677211,operator,cfar_alpha,Task1,Step4,cfar_alpha,cfar_alpha__alpha_int8_10e2__089fcba0664de908,alpha_int8_10e2,10^2,1,pfa=[1],INT8,CPU,not_applicable,compatibility/end-to-end,PASS,OK,20,100,26,0.00011,true,089fcba0664de908ec4ae5d1b11789fc51b897a44abe4969bc70b636d59ec8e2,af5570f5a1810b7af78caf4bc70a660f0df51e42baf91d4de5b2328de0e83dfc
1,20260810T081257Z_1662dd06774d_stage07_b01_formal_13288dd7,formal,20260810T081257Z,1662dd06774d7c48435337e4db1431399854b5ad,false,stage07_b01_radartools_five_dtype_v2,03a5a9e2f6cb3af6d8b402d33c46fde5838cae300fea1ab7f1d92294a3677211,operator,cfar_alpha,Task1,Step4,cfar_alpha,cfar_alpha__alpha_int8_10e2__089fcba0664de908,alpha_int8_10e2,10^2,1,pfa=[1],INT8,CPU,not_applicable,compatibility/end-to-end,PASS,OK,20,100,27,0.00012,true,089fcba0664de908ec4ae5d1b11789fc51b897a44abe4969bc70b636d59ec8e2,af5570f5a1810b7af78caf4bc70a660f0df51e42baf91d4de5b2328de0e83dfc
1,20260810T081257Z_1662dd06774d_stage07_b01_formal_13288dd7,formal,20260810T081257Z,1662dd06774d7c48435337e4db1431399854b5ad,false,stage07_b01_radartools_five_dtype_v2,03a5a9e2f6cb3af6d8b402d33c46fde5838cae300fea1ab7f1d92294a3677211,operator,cfar_alpha,Task1,Step4,cfar_alpha,cfar_alpha__alpha_int8_10e2__089fcba0664de908,alpha_int8_10e2,10^2,1,pfa=[1],INT8,CPU,not_applicable,compatibility/end-to-end,PASS,OK,20,100,28,0.00011,true,089fcba0664de908ec4ae5d1b11789fc51b897a44abe4969bc70b636d59ec8e2,af5570f5a1810b7af78caf4bc70a660f0df51e42baf91d4de5b2328de0e83dfc
1,20260810T081257Z_1662dd06774d_stage07_b01_formal_13288dd7,formal,20260810T081257Z,1662dd06774d7c48435337e4db1431399854b5ad,false,stage07_b01_radartools_five_dtype_v2,03a5a9e2f6cb3af6d8b402d33c46fde5838cae300fea1ab7f1d92294a3677211,operator,cfar_alpha,Task1,Step4,cfar_alpha,cfar_alpha__alpha_int8_10e2__089fcba0664de908,alpha_int8_10e2,10^2,1,pfa=[1],INT8,CPU,not_applicable,compatibility/end-to-end,PASS,OK,20,100,29,0.00011,true,089fcba0664de908ec4ae5d1b11789fc51b897a44abe4969bc70b636d59ec8e2,af5570f5a1810b7af78caf4bc70a660f0df51e42baf91d4de5b2328de0e83dfc
1,20260810T081257Z_1662dd06774d_stage07_b01_formal_13288dd7,formal,20260810T081257Z,1662dd06774d7c48435337e4db1431399854b5ad,false,stage07_b01_radartools_five_dtype_v2,03a5a9e2f6cb3af6d8b402d33c46fde5838cae300fea1ab7f1d92294a3677211,operator,cfar_alpha,Task1,Step4,cfar_alpha,cfar_alpha__alpha_int8_10e2__089fcba0664de908,alpha_int8_10e2,10^2,1,pfa=[1],INT8,CPU,not_applicable,compatibility/end-to-end,PASS,OK,20,100,30,0.00012,true,089fcba0664de908ec4ae5d1b11789fc51b897a44abe4969bc70b636d59ec8e2,af5570f5a1810b7af78caf4bc70a660f0df51e42baf91d4de5b2328de0e83dfc
1,20260810T081257Z_1662dd06774d_stage07_b01_formal_13288dd7,formal,20260810T081257Z,1662dd06774d7c48435337e4db1431399854b5ad,false,stage07_b01_radartools_five_dtype_v2,03a5a9e2f6cb3af6d8b402d33c46fde5838cae300fea1ab7f1d92294a3677211,operator,cfar_alpha,Task1,Step4,cfar_alpha,cfar_alpha__alpha_int8_10e2__089fcba0664de908,alpha_int8_10e2,10^2,1,pfa=[1],INT8,CPU,not_applicable,compatibility/end-to-end,PASS,OK,20,100,31,0.00011,true,089fcba0664de908ec4ae5d1b11789fc51b897a44abe4969bc70b636d59ec8e2,af5570f5a1810b7af78caf4bc70a660f0df51e42baf91d4de5b2328de0e83dfc
1,20260810T081257Z_1662dd06774d_stage07_b01_formal_13288dd7,formal,20260810T081257Z,1662dd06774d7c48435337e4db1431399854b5ad,false,stage07_b01_radartools_five_dtype_v2,03a5a9e2f6cb3af6d8b402d33c46fde5838cae300fea1ab7f1d92294a3677211,operator,cfar_alpha,Task1,Step4,cfar_alpha,cfar_alpha__alpha_int8_10e2__089fcba0664de908,alpha_int8_10e2,10^2,1,pfa=[1],INT8,CPU,not_applicable,compatibility/end-to-end,PASS,OK,20,100,32,0.00012,true,089fcba0664de908ec4ae5d1b11789fc51b897a44abe4969bc70b636d59ec8e2,af5570f5a1810b7af78caf4bc70a660f0df51e42baf91d4de5b2328de0e83dfc
1,20260810T081257Z_1662dd06774d_stage07_b01_formal_13288dd7,formal,20260810T081257Z,1662dd06774d7c48435337e4db1431399854b5ad,false,stage07_b01_radartools_five_dtype_v2,03a5a9e2f6cb3af6d8b402d33c46fde5838cae300fea1ab7f1d92294a3677211,operator,cfar_alpha,Task1,Step4,cfar_alpha,cfar_alpha__alpha_int8_10e2__089fcba0664de908,alpha_int8_10e2,10^2,1,pfa=[1],INT8,CPU,not_applicable,compatibility/end-to-end,PASS,OK,20,100,33,0.00012,true,089fcba0664de908ec4ae5d1b11789fc51b897a44abe4969bc70b636d59ec8e2,af5570f5a1810b7af78caf4bc70a660f0df51e42baf91d4de5b2328de0e83dfc
1,20260810T081257Z_1662dd06774d_stage07_b01_formal_13288dd7,formal,20260810T081257Z,1662dd06774d7c48435337e4db1431399854b5ad,false,stage07_b01_radartools_five_dtype_v2,03a5a9e2f6cb3af6d8b402d33c46fde5838cae300fea1ab7f1d92294a3677211,operator,cfar_alpha,Task1,Step4,cfar_alpha,cfar_alpha__alpha_int8_10e2__089fcba0664de908,alpha_int8_10e2,10^2,1,pfa=[1],INT8,CPU,not_applicable,compatibility/end-to-end,PASS,OK,20,100,34,0.00011,true,089fcba0664de908ec4ae5d1b11789fc51b897a44abe4969bc70b636d59ec8e2,af5570f5a1810b7af78caf4bc70a660f0df51e42baf91d4de5b2328de0e83dfc
1,20260810T081257Z_1662dd06774d_stage07_b01_formal_13288dd7,formal,20260810T081257Z,1662dd06774d7c48435337e4db1431399854b5ad,false,stage07_b01_radartools_five_dtype_v2,03a5a9e2f6cb3af6d8b402d33c46fde5838cae300fea1ab7f1d92294a3677211,operator,cfar_alpha,Task1,Step4,cfar_alpha,cfar_alpha__alpha_int8_10e2__089fcba0664de908,alpha_int8_10e2,10^2,1,pfa=[1],INT8,CPU,not_applicable,compatibility/end-to-end,PASS,OK,20,100,35,0.00012,true,089fcba0664de908ec4ae5d1b11789fc51b897a44abe4969bc70b636d59ec8e2,af5570f5a1810b7af78caf4bc70a660f0df51e42baf91d4de5b2328de0e83dfc
1,20260810T081257Z_1662dd06774d_stage07_b01_formal_13288dd7,formal,20260810T081257Z,1662dd06774d7c48435337e4db1431399854b5ad,false,stage07_b01_radartools_five_dtype_v2,03a5a9e2f6cb3af6d8b402d33c46fde5838cae300fea1ab7f1d92294a3677211,operator,cfar_alpha,Task1,Step4,cfar_alpha,cfar_alpha__alpha_int8_10e2__089fcba0664de908,alpha_int8_10e2,10^2,1,pfa=[1],INT8,CPU,not_applicable,compatibility/end-to-end,PASS,OK,20,100,36,0.00012,true,089fcba0664de908ec4ae5d1b11789fc51b897a44abe4969bc70b636d59ec8e2,af5570f5a1810b7af78caf4bc70a660f0df51e42baf91d4de5b2328de0e83dfc
1,20260810T081257Z_1662dd06774d_stage07_b01_formal_13288dd7,formal,20260810T081257Z,1662dd06774d7c48435337e4db1431399854b5ad,false,stage07_b01_radartools_five_dtype_v2,03a5a9e2f6cb3af6d8b402d33c46fde5838cae300fea1ab7f1d92294a3677211,operator,cfar_alpha,Task1,Step4,cfar_alpha,cfar_alpha__alpha_int8_10e2__089fcba0664de908,alpha_int8_10e2,10^2,1,pfa=[1],INT8,CPU,not_applicable,compatibility/end-to-end,PASS,OK,20,100,37,0.00011,true,089fcba0664de908ec4ae5d1b11789fc51b897a44abe4969bc70b636d59ec8e2,af5570f5a1810b7af78caf4bc70a660f0df51e42baf91d4de5b2328de0e83dfc
1,20260810T081257Z_1662dd06774d_stage07_b01_formal_13288dd7,formal,20260810T081257Z,1662dd06774d7c48435337e4db1431399854b5ad,false,stage07_b01_radartools_five_dtype_v2,03a5a9e2f6cb3af6d8b402d33c46fde5838cae300fea1ab7f1d92294a3677211,operator,cfar_alpha,Task1,Step4,cfar_alpha,cfar_alpha__alpha_int8_10e2__089fcba0664de908,alpha_int8_10e2,10^2,1,pfa=[1],INT8,CPU,not_applicable,compatibility/end-to-end,PASS,OK,20,100,38,0.00012,true,089fcba0664de908ec4ae5d1b11789fc51b897a44abe4969bc70b636d59ec8e2,af5570f5a1810b7af78caf4bc70a660f0df51e42baf91d4de5b2328de0e83dfc
1,20260810T081257Z_1662dd06774d_stage07_b01_formal_13288dd7,formal,20260810T081257Z,1662dd06774d7c48435337e4db1431399854b5ad,false,stage07_b01_radartools_five_dtype_v2,03a5a9e2f6cb3af6d8b402d33c46fde5838cae300fea1ab7f1d92294a3677211,operator,cfar_alpha,Task1,Step4,cfar_alpha,cfar_alpha__alpha_int8_10e2__089fcba0664de908,alpha_int8_10e2,10^2,1,pfa=[1],INT8,CPU,not_applicable,compatibility/end-to-end,PASS,OK,20,100,39,0.00012,true,089fcba0664de908ec4ae5d1b11789fc51b897a44abe4969bc70b636d59ec8e2,af5570f5a1810b7af78caf4bc70a660f0df51e42baf91d4de5b2328de0e83dfc
1,20260810T081257Z_1662dd06774d_stage07_b01_formal_13288dd7,formal,20260810T081257Z,1662dd06774d7c48435337e4db1431399854b5ad,false,stage07_b01_radartools_five_dtype_v2,03a5a9e2f6cb3af6d8b402d33c46fde5838cae300fea1ab7f1d92294a3677211,operator,cfar_alpha,Task1,Step4,cfar_alpha,cfar_alpha__alpha_int8_10e2__089fcba0664de908,alpha_int8_10e2,10^2,1,pfa=[1],INT8,CPU,not_applicable,compatibility/end-to-end,PASS,OK,20,100,40,0.00011,true,089fcba0664de908ec4ae5d1b11789fc51b897a44abe4969bc70b636d59ec8e2,af5570f5a1810b7af78caf4bc70a660f0df51e42baf91d4de5b2328de0e83dfc
1,20260810T081257Z_1662dd06774d_stage07_b01_formal_13288dd7,formal,20260810T081257Z,1662dd06774d7c48435337e4db1431399854b5ad,false,stage07_b01_radartools_five_dtype_v2,03a5a9e2f6cb3af6d8b402d33c46fde5838cae300fea1ab7f1d92294a3677211,operator,cfar_alpha,Task1,Step4,cfar_alpha,cfar_alpha__alpha_int8_10e2__089fcba0664de908,alpha_int8_10e2,10^2,1,pfa=[1],INT8,CPU,not_applicable,compatibility/end-to-end,PASS,OK,20,100,41,0.00012,true,089fcba0664de908ec4ae5d1b11789fc51b897a44abe4969bc70b636d59ec8e2,af5570f5a1810b7af78caf4bc70a660f0df51e42baf91d4de5b2328de0e83dfc
1,20260810T081257Z_1662dd06774d_stage07_b01_formal_13288dd7,formal,20260810T081257Z,1662dd06774d7c48435337e4db1431399854b5ad,false,stage07_b01_radartools_five_dtype_v2,03a5a9e2f6cb3af6d8b402d33c46fde5838cae300fea1ab7f1d92294a3677211,operator,cfar_alpha,Task1,Step4,cfar_alpha,cfar_alpha__alpha_int8_10e2__089fcba0664de908,alpha_int8_10e2,10^2,1,pfa=[1],INT8,CPU,not_applicable,compatibility/end-to-end,PASS,OK,20,100,42,0.00012,true,089fcba0664de908ec4ae5d1b11789fc51b897a44abe4969bc70b636d59ec8e2,af5570f5a1810b7af78caf4bc70a660f0df51e42baf91d4de5b2328de0e83dfc
1,20260810T081257Z_1662dd06774d_stage07_b01_formal_13288dd7,formal,20260810T081257Z,1662dd06774d7c48435337e4db1431399854b5ad,false,stage07_b01_radartools_five_dtype_v2,03a5a9e2f6cb3af6d8b402d33c46fde5838cae300fea1ab7f1d92294a3677211,operator,cfar_alpha,Task1,Step4,cfar_alpha,cfar_alpha__alpha_int8_10e2__089fcba0664de908,alpha_int8_10e2,10^2,1,pfa=[1],INT8,CPU,not_applicable,compatibility/end-to-end,PASS,OK,20,100,43,0.00012,true,089fcba0664de908ec4ae5d1b11789fc51b897a44abe4969bc70b636d59ec8e2,af5570f5a1810b7af78caf4bc70a660f0df51e42baf91d4de5b2328de0e83dfc
1,20260810T081257Z_1662dd06774d_stage07_b01_formal_13288dd7,formal,20260810T081257Z,1662dd06774d7c48435337e4db1431399854b5ad,false,stage07_b01_radartools_five_dtype_v2,03a5a9e2f6cb3af6d8b402d33c46fde5838cae300fea1ab7f1d92294a3677211,operator,cfar_alpha,Task1,Step4,cfar_alpha,cfar_alpha__alpha_int8_10e2__089fcba0664de908,alpha_int8_10e2,10^2,1,pfa=[1],INT8,CPU,not_applicable,compatibility/end-to-end,PASS,OK,20,100,44,0.00012,true,089fcba0664de908ec4ae5d1b11789fc51b897a44abe4969bc70b636d59ec8e2,af5570f5a1810b7af78caf4bc70a660f0df51e42baf91d4de5b2328de0e83dfc
1,20260810T081257Z_1662dd06774d_stage07_b01_formal_13288dd7,formal,20260810T081257Z,1662dd06774d7c48435337e4db1431399854b5ad,false,stage07_b01_radartools_five_dtype_v2,03a5a9e2f6cb3af6d8b402d33c46fde5838cae300fea1ab7f1d92294a3677211,operator,cfar_alpha,Task1,Step4,cfar_alpha,cfar_alpha__alpha_int8_10e2__089fcba0664de908,alpha_int8_10e2,10^2,1,pfa=[1],INT8,CPU,not_applicable,compatibility/end-to-end,PASS,OK,20,100,45,0.00011,true,089fcba0664de908ec4ae5d1b11789fc51b897a44abe4969bc70b636d59ec8e2,af5570f5a1810b7af78caf4bc70a660f0df51e42baf91d4de5b2328de0e83dfc
1,20260810T081257Z_1662dd06774d_stage07_b01_formal_13288dd7,formal,20260810T081257Z,1662dd06774d7c48435337e4db1431399854b5ad,false,stage07_b01_radartools_five_dtype_v2,03a5a9e2f6cb3af6d8b402d33c46fde5838cae300fea1ab7f1d92294a3677211,operator,cfar_alpha,Task1,Step4,cfar_alpha,cfar_alpha__alpha_int8_10e2__089fcba0664de908,alpha_int8_10e2,10^2,1,pfa=[1],INT8,CPU,not_applicable,compatibility/end-to-end,PASS,OK,20,100,46,0.00012,true,089fcba0664de908ec4ae5d1b11789fc51b897a44abe4969bc70b636d59ec8e2,af5570f5a1810b7af78caf4bc70a660f0df51e42baf91d4de5b2328de0e83dfc
1,20260810T081257Z_1662dd06774d_stage07_b01_formal_13288dd7,formal,20260810T081257Z,1662dd06774d7c48435337e4db1431399854b5ad,false,stage07_b01_radartools_five_dtype_v2,03a5a9e2f6cb3af6d8b402d33c46fde5838cae300fea1ab7f1d92294a3677211,operator,cfar_alpha,Task1,Step4,cfar_alpha,cfar_alpha__alpha_int8_10e2__089fcba0664de908,alpha_int8_10e2,10^2,1,pfa=[1],INT8,CPU,not_applicable,compatibility/end-to-end,PASS,OK,20,100,47,0.00012,true,089fcba0664de908ec4ae5d1b11789fc51b897a44abe4969bc70b636d59ec8e2,af5570f5a1810b7af78caf4bc70a660f0df51e42baf91d4de5b2328de0e83dfc
1,20260810T081257Z_1662dd06774d_stage07_b01_formal_13288dd7,formal,20260810T081257Z,1662dd06774d7c48435337e4db1431399854b5ad,false,stage07_b01_radartools_five_dtype_v2,03a5a9e2f6cb3af6d8b402d33c46fde5838cae300fea1ab7f1d92294a3677211,operator,cfar_alpha,Task1,Step4,cfar_alpha,cfar_alpha__alpha_int8_10e2__089fcba0664de908,alpha_int8_10e2,10^2,1,pfa=[1],INT8,CPU,not_applicable,compatibility/end-to-end,PASS,OK,20,100,48,0.00011,true,089fcba0664de908ec4ae5d1b11789fc51b897a44abe4969bc70b636d59ec8e2,af5570f5a1810b7af78caf4bc70a660f0df51e42baf91d4de5b2328de0e83dfc
1,20260810T081257Z_1662dd06774d_stage07_b01_formal_13288dd7,formal,20260810T081257Z,1662dd06774d7c48435337e4db1431399854b5ad,false,stage07_b01_radartools_five_dtype_v2,03a5a9e2f6cb3af6d8b402d33c46fde5838cae300fea1ab7f1d92294a3677211,operator,cfar_alpha,Task1,Step4,cfar_alpha,cfar_alpha__alpha_int8_10e2__089fcba0664de908,alpha_int8_10e2,10^2,1,pfa=[1],INT8,CPU,not_applicable,compatibility/end-to-end,PASS,OK,20,100,49,0.00012,true,089fcba0664de908ec4ae5d1b11789fc51b897a44abe4969bc70b636d59ec8e2,af5570f5a1810b7af78caf4bc70a660f0df51e42baf91d4de5b2328de0e83dfc
1,20260810T081257Z_1662dd06774d_stage07_b01_formal_13288dd7,formal,20260810T081257Z,1662dd06774d7c48435337e4db1431399854b5ad,false,stage07_b01_radartools_five_dtype_v2,03a5a9e2f6cb3af6d8b402d33c46fde5838cae300fea1ab7f1d92294a3677211,operator,cfar_alpha,Task1,Step4,cfar_alpha,cfar_alpha__alpha_int8_10e2__089fcba0664de908,alpha_int8_10e2,10^2,1,pfa=[1],INT8,CPU,not_applicable,compatibility/end-to-end,PASS,OK,20,100,50,0.00012,true,089fcba0664de908ec4ae5d1b11789fc51b897a44abe4969bc70b636d59ec8e2,af5570f5a1810b7af78caf4bc70a660f0df51e42baf91d4de5b2328de0e83dfc
1,20260810T081257Z_1662dd06774d_stage07_b01_formal_13288dd7,formal,20260810T081257Z,1662dd06774d7c48435337e4db1431399854b5ad,false,stage07_b01_radartools_five_dtype_v2,03a5a9e2f6cb3af6d8b402d33c46fde5838cae300fea1ab7f1d92294a3677211,operator,cfar_alpha,Task1,Step4,cfar_alpha,cfar_alpha__alpha_int8_10e2__089fcba0664de908,alpha_int8_10e2,10^2,1,pfa=[1],INT8,CPU,not_applicable,compatibility/end-to-end,PASS,OK,20,100,51,0.00011,true,089fcba0664de908ec4ae5d1b11789fc51b897a44abe4969bc70b636d59ec8e2,af5570f5a1810b7af78caf4bc70a660f0df51e42baf91d4de5b2328de0e83dfc
1,20260810T081257Z_1662dd06774d_stage07_b01_formal_13288dd7,formal,20260810T081257Z,1662dd06774d7c48435337e4db1431399854b5ad,false,stage07_b01_radartools_five_dtype_v2,03a5a9e2f6cb3af6d8b402d33c46fde5838cae300fea1ab7f1d92294a3677211,operator,cfar_alpha,Task1,Step4,cfar_alpha,cfar_alpha__alpha_int8_10e2__089fcba0664de908,alpha_int8_10e2,10^2,1,pfa=[1],INT8,CPU,not_applicable,compatibility/end-to-end,PASS,OK,20,100,52,0.00012,true,089fcba0664de908ec4ae5d1b11789fc51b897a44abe4969bc70b636d59ec8e2,af5570f5a1810b7af78caf4bc70a660f0df51e42baf91d4de5b2328de0e83dfc
1,20260810T081257Z_1662dd06774d_stage07_b01_formal_13288dd7,formal,20260810T081257Z,1662dd06774d7c48435337e4db1431399854b5ad,false,stage07_b01_radartools_five_dtype_v2,03a5a9e2f6cb3af6d8b402d33c46fde5838cae300fea1ab7f1d92294a3677211,operator,cfar_alpha,Task1,Step4,cfar_alpha,cfar_alpha__alpha_int8_10e2__089fcba0664de908,alpha_int8_10e2,10^2,1,pfa=[1],INT8,CPU,not_applicable,compatibility/end-to-end,PASS,OK,20,100,53,0.00012,true,089fcba0664de908ec4ae5d1b11789fc51b897a44abe4969bc70b636d59ec8e2,af5570f5a1810b7af78caf4bc70a660f0df51e42baf91d4de5b2328de0e83dfc
1,20260810T081257Z_1662dd06774d_stage07_b01_formal_13288dd7,formal,20260810T081257Z,1662dd06774d7c48435337e4db1431399854b5ad,false,stage07_b01_radartools_five_dtype_v2,03a5a9e2f6cb3af6d8b402d33c46fde5838cae300fea1ab7f1d92294a3677211,operator,cfar_alpha,Task1,Step4,cfar_alpha,cfar_alpha__alpha_int8_10e2__089fcba0664de908,alpha_int8_10e2,10^2,1,pfa=[1],INT8,CPU,not_applicable,compatibility/end-to-end,PASS,OK,20,100,54,0.00011,true,089fcba0664de908ec4ae5d1b11789fc51b897a44abe4969bc70b636d59ec8e2,af5570f5a1810b7af78caf4bc70a660f0df51e42baf91d4de5b2328de0e83dfc
1,20260810T081257Z_1662dd06774d_stage07_b01_formal_13288dd7,formal,20260810T081257Z,1662dd06774d7c48435337e4db1431399854b5ad,false,stage07_b01_radartools_five_dtype_v2,03a5a9e2f6cb3af6d8b402d33c46fde5838cae300fea1ab7f1d92294a3677211,operator,cfar_alpha,Task1,Step4,cfar_alpha,cfar_alpha__alpha_int8_10e2__089fcba0664de908,alpha_int8_10e2,10^2,1,pfa=[1],INT8,CPU,not_applicable,compatibility/end-to-end,PASS,OK,20,100,55,0.00012,true,089fcba0664de908ec4ae5d1b11789fc51b897a44abe4969bc70b636d59ec8e2,af5570f5a1810b7af78caf4bc70a660f0df51e42baf91d4de5b2328de0e83dfc
1,20260810T081257Z_1662dd06774d_stage07_b01_formal_13288dd7,formal,20260810T081257Z,1662dd06774d7c48435337e4db1431399854b5ad,false,stage07_b01_radartools_five_dtype_v2,03a5a9e2f6cb3af6d8b402d33c46fde5838cae300fea1ab7f1d92294a3677211,operator,cfar_alpha,Task1,Step4,cfar_alpha,cfar_alpha__alpha_int8_10e2__089fcba0664de908,alpha_int8_10e2,10^2,1,pfa=[1],INT8,CPU,not_applicable,compatibility/end-to-end,PASS,OK,20,100,56,0.00011,true,089fcba0664de908ec4ae5d1b11789fc51b897a44abe4969bc70b636d59ec8e2,af5570f5a1810b7af78caf4bc70a660f0df51e42baf91d4de5b2328de0e83dfc
1,20260810T081257Z_1662dd06774d_stage07_b01_formal_13288dd7,formal,20260810T081257Z,1662dd06774d7c48435337e4db1431399854b5ad,false,stage07_b01_radartools_five_dtype_v2,03a5a9e2f6cb3af6d8b402d33c46fde5838cae300fea1ab7f1d92294a3677211,operator,cfar_alpha,Task1,Step4,cfar_alpha,cfar_alpha__alpha_int8_10e2__089fcba0664de908,alpha_int8_10e2,10^2,1,pfa=[1],INT8,CPU,not_applicable,compatibility/end-to-end,PASS,OK,20,100,57,0.00011,true,089fcba0664de908ec4ae5d1b11789fc51b897a44abe4969bc70b636d59ec8e2,af5570f5a1810b7af78caf4bc70a660f0df51e42baf91d4de5b2328de0e83dfc
1,20260810T081257Z_1662dd06774d_stage07_b01_formal_13288dd7,formal,20260810T081257Z,1662dd06774d7c48435337e4db1431399854b5ad,false,stage07_b01_radartools_five_dtype_v2,03a5a9e2f6cb3af6d8b402d33c46fde5838cae300fea1ab7f1d92294a3677211,operator,cfar_alpha,Task1,Step4,cfar_alpha,cfar_alpha__alpha_int8_10e2__089fcba0664de908,alpha_int8_10e2,10^2,1,pfa=[1],INT8,CPU,not_applicable,compatibility/end-to-end,PASS,OK,20,100,58,0.00012,true,089fcba0664de908ec4ae5d1b11789fc51b897a44abe4969bc70b636d59ec8e2,af5570f5a1810b7af78caf4bc70a660f0df51e42baf91d4de5b2328de0e83dfc
1,20260810T081257Z_1662dd06774d_stage07_b01_formal_13288dd7,formal,20260810T081257Z,1662dd06774d7c48435337e4db1431399854b5ad,false,stage07_b01_radartools_five_dtype_v2,03a5a9e2f6cb3af6d8b402d33c46fde5838cae300fea1ab7f1d92294a3677211,operator,cfar_alpha,Task1,Step4,cfar_alpha,cfar_alpha__alpha_int8_10e2__089fcba0664de908,alpha_int8_10e2,10^2,1,pfa=[1],INT8,CPU,not_applicable,compatibility/end-to-end,PASS,OK,20,100,59,0.00011,true,089fcba0664de908ec4ae5d1b11789fc51b897a44abe4969bc70b636d59ec8e2,af5570f5a1810b7af78caf4bc70a660f0df51e42baf91d4de5b2328de0e83dfc
1,20260810T081257Z_1662dd06774d_stage07_b01_formal_13288dd7,formal,20260810T081257Z,1662dd06774d7c48435337e4db1431399854b5ad,false,stage07_b01_radartools_five_dtype_v2,03a5a9e2f6cb3af6d8b402d33c46fde5838cae300fea1ab7f1d92294a3677211,operator,cfar_alpha,Task1,Step4,cfar_alpha,cfar_alpha__alpha_int8_10e2__089fcba0664de908,alpha_int8_10e2,10^2,1,pfa=[1],INT8,CPU,not_applicable,compatibility/end-to-end,PASS,OK,20,100,60,0.00012,true,089fcba0664de908ec4ae5d1b11789fc51b897a44abe4969bc70b636d59ec8e2,af5570f5a1810b7af78caf4bc70a660f0df51e42baf91d4de5b2328de0e83dfc
1,20260810T081257Z_1662dd06774d_stage07_b01_formal_13288dd7,formal,20260810T081257Z,1662dd06774d7c48435337e4db1431399854b5ad,false,stage07_b01_radartools_five_dtype_v2,03a5a9e2f6cb3af6d8b402d33c46fde5838cae300fea1ab7f1d92294a3677211,operator,cfar_alpha,Task1,Step4,cfar_alpha,cfar_alpha__alpha_int8_10e2__089fcba0664de908,alpha_int8_10e2,10^2,1,pfa=[1],INT8,CPU,not_applicable,compatibility/end-to-end,PASS,OK,20,100,61,0.00012,true,089fcba0664de908ec4ae5d1b11789fc51b897a44abe4969bc70b636d59ec8e2,af5570f5a1810b7af78caf4bc70a660f0df51e42baf91d4de5b2328de0e83dfc
1,20260810T081257Z_1662dd06774d_stage07_b01_formal_13288dd7,formal,20260810T081257Z,1662dd06774d7c48435337e4db1431399854b5ad,false,stage07_b01_radartools_five_dtype_v2,03a5a9e2f6cb3af6d8b402d33c46fde5838cae300fea1ab7f1d92294a3677211,operator,cfar_alpha,Task1,Step4,cfar_alpha,cfar_alpha__alpha_int8_10e2__089fcba0664de908,alpha_int8_10e2,10^2,1,pfa=[1],INT8,CPU,not_applicable,compatibility/end-to-end,PASS,OK,20,100,62,0.00011,true,089fcba0664de908ec4ae5d1b11789fc51b897a44abe4969bc70b636d59ec8e2,af5570f5a1810b7af78caf4bc70a660f0df51e42baf91d4de5b2328de0e83dfc
1,20260810T081257Z_1662dd06774d_stage07_b01_formal_13288dd7,formal,20260810T081257Z,1662dd06774d7c48435337e4db1431399854b5ad,false,stage07_b01_radartools_five_dtype_v2,03a5a9e2f6cb3af6d8b402d33c46fde5838cae300fea1ab7f1d92294a3677211,operator,cfar_alpha,Task1,Step4,cfar_alpha,cfar_alpha__alpha_int8_10e2__089fcba0664de908,alpha_int8_10e2,10^2,1,pfa=[1],INT8,CPU,not_applicable,compatibility/end-to-end,PASS,OK,20,100,63,0.00012,true,089fcba0664de908ec4ae5d1b11789fc51b897a44abe4969bc70b636d59ec8e2,af5570f5a1810b7af78caf4bc70a660f0df51e42baf91d4de5b2328de0e83dfc
1,20260810T081257Z_1662dd06774d_stage07_b01_formal_13288dd7,formal,20260810T081257Z,1662dd06774d7c48435337e4db1431399854b5ad,false,stage07_b01_radartools_five_dtype_v2,03a5a9e2f6cb3af6d8b402d33c46fde5838cae300fea1ab7f1d92294a3677211,operator,cfar_alpha,Task1,Step4,cfar_alpha,cfar_alpha__alpha_int8_10e2__089fcba0664de908,alpha_int8_10e2,10^2,1,pfa=[1],INT8,CPU,not_applicable,compatibility/end-to-end,PASS,OK,20,100,64,0.00012,true,089fcba0664de908ec4ae5d1b11789fc51b897a44abe4969bc70b636d59ec8e2,af5570f5a1810b7af78caf4bc70a660f0df51e42baf91d4de5b2328de0e83dfc
1,20260810T081257Z_1662dd06774d_stage07_b01_formal_13288dd7,formal,20260810T081257Z,1662dd06774d7c48435337e4db1431399854b5ad,false,stage07_b01_radartools_five_dtype_v2,03a5a9e2f6cb3af6d8b402d33c46fde5838cae300fea1ab7f1d92294a3677211,operator,cfar_alpha,Task1,Step4,cfar_alpha,cfar_alpha__alpha_int8_10e2__089fcba0664de908,alpha_int8_10e2,10^2,1,pfa=[1],INT8,CPU,not_applicable,compatibility/end-to-end,PASS,OK,20,100,65,0.00011,true,089fcba0664de908ec4ae5d1b11789fc51b897a44abe4969bc70b636d59ec8e2,af5570f5a1810b7af78caf4bc70a660f0df51e42baf91d4de5b2328de0e83dfc
1,20260810T081257Z_1662dd06774d_stage07_b01_formal_13288dd7,formal,20260810T081257Z,1662dd06774d7c48435337e4db1431399854b5ad,false,stage07_b01_radartools_five_dtype_v2,03a5a9e2f6cb3af6d8b402d33c46fde5838cae300fea1ab7f1d92294a3677211,operator,cfar_alpha,Task1,Step4,cfar_alpha,cfar_alpha__alpha_int8_10e2__089fcba0664de908,alpha_int8_10e2,10^2,1,pfa=[1],INT8,CPU,not_applicable,compatibility/end-to-end,PASS,OK,20,100,66,0.00012,true,089fcba0664de908ec4ae5d1b11789fc51b897a44abe4969bc70b636d59ec8e2,af5570f5a1810b7af78caf4bc70a660f0df51e42baf91d4de5b2328de0e83dfc
1,20260810T081257Z_1662dd06774d_stage07_b01_formal_13288dd7,formal,20260810T081257Z,1662dd06774d7c48435337e4db1431399854b5ad,false,stage07_b01_radartools_five_dtype_v2,03a5a9e2f6cb3af6d8b402d33c46fde5838cae300fea1ab7f1d92294a3677211,operator,cfar_alpha,Task1,Step4,cfar_alpha,cfar_alpha__alpha_int8_10e2__089fcba0664de908,alpha_int8_10e2,10^2,1,pfa=[1],INT8,CPU,not_applicable,compatibility/end-to-end,PASS,OK,20,100,67,0.00012,true,089fcba0664de908ec4ae5d1b11789fc51b897a44abe4969bc70b636d59ec8e2,af5570f5a1810b7af78caf4bc70a660f0df51e42baf91d4de5b2328de0e83dfc
1,20260810T081257Z_1662dd06774d_stage07_b01_formal_13288dd7,formal,20260810T081257Z,1662dd06774d7c48435337e4db1431399854b5ad,false,stage07_b01_radartools_five_dtype_v2,03a5a9e2f6cb3af6d8b402d33c46fde5838cae300fea1ab7f1d92294a3677211,operator,cfar_alpha,Task1,Step4,cfar_alpha,cfar_alpha__alpha_int8_10e2__089fcba0664de908,alpha_int8_10e2,10^2,1,pfa=[1],INT8,CPU,not_applicable,compatibility/end-to-end,PASS,OK,20,100,68,0.00011,true,089fcba0664de908ec4ae5d1b11789fc51b897a44abe4969bc70b636d59ec8e2,af5570f5a1810b7af78caf4bc70a660f0df51e42baf91d4de5b2328de0e83dfc
1,20260810T081257Z_1662dd06774d_stage07_b01_formal_13288dd7,formal,20260810T081257Z,1662dd06774d7c48435337e4db1431399854b5ad,false,stage07_b01_radartools_five_dtype_v2,03a5a9e2f6cb3af6d8b402d33c46fde5838cae300fea1ab7f1d92294a3677211,operator,cfar_alpha,Task1,Step4,cfar_alpha,cfar_alpha__alpha_int8_10e2__089fcba0664de908,alpha_int8_10e2,10^2,1,pfa=[1],INT8,CPU,not_applicable,compatibility/end-to-end,PASS,OK,20,100,69,0.00012,true,089fcba0664de908ec4ae5d1b11789fc51b897a44abe4969bc70b636d59ec8e2,af5570f5a1810b7af78caf4bc70a660f0df51e42baf91d4de5b2328de0e83dfc
1,20260810T081257Z_1662dd06774d_stage07_b01_formal_13288dd7,formal,20260810T081257Z,1662dd06774d7c48435337e4db1431399854b5ad,false,stage07_b01_radartools_five_dtype_v2,03a5a9e2f6cb3af6d8b402d33c46fde5838cae300fea1ab7f1d92294a3677211,operator,cfar_alpha,Task1,Step4,cfar_alpha,cfar_alpha__alpha_int8_10e2__089fcba0664de908,alpha_int8_10e2,10^2,1,pfa=[1],INT8,CPU,not_applicable,compatibility/end-to-end,PASS,OK,20,100,70,0.00012,true,089fcba0664de908ec4ae5d1b11789fc51b897a44abe4969bc70b636d59ec8e2,af5570f5a1810b7af78caf4bc70a660f0df51e42baf91d4de5b2328de0e83dfc
1,20260810T081257Z_1662dd06774d_stage07_b01_formal_13288dd7,formal,20260810T081257Z,1662dd06774d7c48435337e4db1431399854b5ad,false,stage07_b01_radartools_five_dtype_v2,03a5a9e2f6cb3af6d8b402d33c46fde5838cae300fea1ab7f1d92294a3677211,operator,cfar_alpha,Task1,Step4,cfar_alpha,cfar_alpha__alpha_int8_10e2__089fcba0664de908,alpha_int8_10e2,10^2,1,pfa=[1],INT8,CPU,not_applicable,compatibility/end-to-end,PASS,OK,20,100,71,0.00012,true,089fcba0664de908ec4ae5d1b11789fc51b897a44abe4969bc70b636d59ec8e2,af5570f5a1810b7af78caf4bc70a660f0df51e42baf91d4de5b2328de0e83dfc
1,20260810T081257Z_1662dd06774d_stage07_b01_formal_13288dd7,formal,20260810T081257Z,1662dd06774d7c48435337e4db1431399854b5ad,false,stage07_b01_radartools_five_dtype_v2,03a5a9e2f6cb3af6d8b402d33c46fde5838cae300fea1ab7f1d92294a3677211,operator,cfar_alpha,Task1,Step4,cfar_alpha,cfar_alpha__alpha_int8_10e2__089fcba0664de908,alpha_int8_10e2,10^2,1,pfa=[1],INT8,CPU,not_applicable,compatibility/end-to-end,PASS,OK,20,100,72,0.00012,true,089fcba0664de908ec4ae5d1b11789fc51b897a44abe4969bc70b636d59ec8e2,af5570f5a1810b7af78caf4bc70a660f0df51e42baf91d4de5b2328de0e83dfc
1,20260810T081257Z_1662dd06774d_stage07_b01_formal_13288dd7,formal,20260810T081257Z,1662dd06774d7c48435337e4db1431399854b5ad,false,stage07_b01_radartools_five_dtype_v2,03a5a9e2f6cb3af6d8b402d33c46fde5838cae300fea1ab7f1d92294a3677211,operator,cfar_alpha,Task1,Step4,cfar_alpha,cfar_alpha__alpha_int8_10e2__089fcba0664de908,alpha_int8_10e2,10^2,1,pfa=[1],INT8,CPU,not_applicable,compatibility/end-to-end,PASS,OK,20,100,73,0.00011,true,089fcba0664de908ec4ae5d1b11789fc51b897a44abe4969bc70b636d59ec8e2,af5570f5a1810b7af78caf4bc70a660f0df51e42baf91d4de5b2328de0e83dfc
1,20260810T081257Z_1662dd06774d_stage07_b01_formal_13288dd7,formal,20260810T081257Z,1662dd06774d7c48435337e4db1431399854b5ad,false,stage07_b01_radartools_five_dtype_v2,03a5a9e2f6cb3af6d8b402d33c46fde5838cae300fea1ab7f1d92294a3677211,operator,cfar_alpha,Task1,Step4,cfar_alpha,cfar_alpha__alpha_int8_10e2__089fcba0664de908,alpha_int8_10e2,10^2,1,pfa=[1],INT8,CPU,not_applicable,compatibility/end-to-end,PASS,OK,20,100,74,0.00012,true,089fcba0664de908ec4ae5d1b11789fc51b897a44abe4969bc70b636d59ec8e2,af5570f5a1810b7af78caf4bc70a660f0df51e42baf91d4de5b2328de0e83dfc
1,20260810T081257Z_1662dd06774d_stage07_b01_formal_13288dd7,formal,20260810T081257Z,1662dd06774d7c48435337e4db1431399854b5ad,false,stage07_b01_radartools_five_dtype_v2,03a5a9e2f6cb3af6d8b402d33c46fde5838cae300fea1ab7f1d92294a3677211,operator,cfar_alpha,Task1,Step4,cfar_alpha,cfar_alpha__alpha_int8_10e2__089fcba0664de908,alpha_int8_10e2,10^2,1,pfa=[1],INT8,CPU,not_applicable,compatibility/end-to-end,PASS,OK,20,100,75,0.00012,true,089fcba0664de908ec4ae5d1b11789fc51b897a44abe4969bc70b636d59ec8e2,af5570f5a1810b7af78caf4bc70a660f0df51e42baf91d4de5b2328de0e83dfc
1,20260810T081257Z_1662dd06774d_stage07_b01_formal_13288dd7,formal,20260810T081257Z,1662dd06774d7c48435337e4db1431399854b5ad,false,stage07_b01_radartools_five_dtype_v2,03a5a9e2f6cb3af6d8b402d33c46fde5838cae300fea1ab7f1d92294a3677211,operator,cfar_alpha,Task1,Step4,cfar_alpha,cfar_alpha__alpha_int8_10e2__089fcba0664de908,alpha_int8_10e2,10^2,1,pfa=[1],INT8,CPU,not_applicable,compatibility/end-to-end,PASS,OK,20,100,76,0.00011,true,089fcba0664de908ec4ae5d1b11789fc51b897a44abe4969bc70b636d59ec8e2,af5570f5a1810b7af78caf4bc70a660f0df51e42baf91d4de5b2328de0e83dfc
1,20260810T081257Z_1662dd06774d_stage07_b01_formal_13288dd7,formal,20260810T081257Z,1662dd06774d7c48435337e4db1431399854b5ad,false,stage07_b01_radartools_five_dtype_v2,03a5a9e2f6cb3af6d8b402d33c46fde5838cae300fea1ab7f1d92294a3677211,operator,cfar_alpha,Task1,Step4,cfar_alpha,cfar_alpha__alpha_int8_10e2__089fcba0664de908,alpha_int8_10e2,10^2,1,pfa=[1],INT8,CPU,not_applicable,compatibility/end-to-end,PASS,OK,20,100,77,0.00012,true,089fcba0664de908ec4ae5d1b11789fc51b897a44abe4969bc70b636d59ec8e2,af5570f5a1810b7af78caf4bc70a660f0df51e42baf91d4de5b2328de0e83dfc
1,20260810T081257Z_1662dd06774d_stage07_b01_formal_13288dd7,formal,20260810T081257Z,1662dd06774d7c48435337e4db1431399854b5ad,false,stage07_b01_radartools_five_dtype_v2,03a5a9e2f6cb3af6d8b402d33c46fde5838cae300fea1ab7f1d92294a3677211,operator,cfar_alpha,Task1,Step4,cfar_alpha,cfar_alpha__alpha_int8_10e2__089fcba0664de908,alpha_int8_10e2,10^2,1,pfa=[1],INT8,CPU,not_applicable,compatibility/end-to-end,PASS,OK,20,100,78,0.00012,true,089fcba0664de908ec4ae5d1b11789fc51b897a44abe4969bc70b636d59ec8e2,af5570f5a1810b7af78caf4bc70a660f0df51e42baf91d4de5b2328de0e83dfc
1,20260810T081257Z_1662dd06774d_stage07_b01_formal_13288dd7,formal,20260810T081257Z,1662dd06774d7c48435337e4db1431399854b5ad,false,stage07_b01_radartools_five_dtype_v2,03a5a9e2f6cb3af6d8b402d33c46fde5838cae300fea1ab7f1d92294a3677211,operator,cfar_alpha,Task1,Step4,cfar_alpha,cfar_alpha__alpha_int8_10e2__089fcba0664de908,alpha_int8_10e2,10^2,1,pfa=[1],INT8,CPU,not_applicable,compatibility/end-to-end,PASS,OK,20,100,79,0.00011,true,089fcba0664de908ec4ae5d1b11789fc51b897a44abe4969bc70b636d59ec8e2,af5570f5a1810b7af78caf4bc70a660f0df51e42baf91d4de5b2328de0e83dfc
1,20260810T081257Z_1662dd06774d_stage07_b01_formal_13288dd7,formal,20260810T081257Z,1662dd06774d7c48435337e4db1431399854b5ad,false,stage07_b01_radartools_five_dtype_v2,03a5a9e2f6cb3af6d8b402d33c46fde5838cae300fea1ab7f1d92294a3677211,operator,cfar_alpha,Task1,Step4,cfar_alpha,cfar_alpha__alpha_int8_10e2__089fcba0664de908,alpha_int8_10e2,10^2,1,pfa=[1],INT8,CPU,not_applicable,compatibility/end-to-end,PASS,OK,20,100,80,0.00012,true,089fcba0664de908ec4ae5d1b11789fc51b897a44abe4969bc70b636d59ec8e2,af5570f5a1810b7af78caf4bc70a660f0df51e42baf91d4de5b2328de0e83dfc
1,20260810T081257Z_1662dd06774d_stage07_b01_formal_13288dd7,formal,20260810T081257Z,1662dd06774d7c48435337e4db1431399854b5ad,false,stage07_b01_radartools_five_dtype_v2,03a5a9e2f6cb3af6d8b402d33c46fde5838cae300fea1ab7f1d92294a3677211,operator,cfar_alpha,Task1,Step4,cfar_alpha,cfar_alpha__alpha_int8_10e2__089fcba0664de908,alpha_int8_10e2,10^2,1,pfa=[1],INT8,CPU,not_applicable,compatibility/end-to-end,PASS,OK,20,100,81,0.00012,true,089fcba0664de908ec4ae5d1b11789fc51b897a44abe4969bc70b636d59ec8e2,af5570f5a1810b7af78caf4bc70a660f0df51e42baf91d4de5b2328de0e83dfc
1,20260810T081257Z_1662dd06774d_stage07_b01_formal_13288dd7,formal,20260810T081257Z,1662dd06774d7c48435337e4db1431399854b5ad,false,stage07_b01_radartools_five_dtype_v2,03a5a9e2f6cb3af6d8b402d33c46fde5838cae300fea1ab7f1d92294a3677211,operator,cfar_alpha,Task1,Step4,cfar_alpha,cfar_alpha__alpha_int8_10e2__089fcba0664de908,alpha_int8_10e2,10^2,1,pfa=[1],INT8,CPU,not_applicable,compatibility/end-to-end,PASS,OK,20,100,82,0.00011,true,089fcba0664de908ec4ae5d1b11789fc51b897a44abe4969bc70b636d59ec8e2,af5570f5a1810b7af78caf4bc70a660f0df51e42baf91d4de5b2328de0e83dfc
1,20260810T081257Z_1662dd06774d_stage07_b01_formal_13288dd7,formal,20260810T081257Z,1662dd06774d7c48435337e4db1431399854b5ad,false,stage07_b01_radartools_five_dtype_v2,03a5a9e2f6cb3af6d8b402d33c46fde5838cae300fea1ab7f1d92294a3677211,operator,cfar_alpha,Task1,Step4,cfar_alpha,cfar_alpha__alpha_int8_10e2__089fcba0664de908,alpha_int8_10e2,10^2,1,pfa=[1],INT8,CPU,not_applicable,compatibility/end-to-end,PASS,OK,20,100,83,0.00012,true,089fcba0664de908ec4ae5d1b11789fc51b897a44abe4969bc70b636d59ec8e2,af5570f5a1810b7af78caf4bc70a660f0df51e42baf91d4de5b2328de0e83dfc
1,20260810T081257Z_1662dd06774d_stage07_b01_formal_13288dd7,formal,20260810T081257Z,1662dd06774d7c48435337e4db1431399854b5ad,false,stage07_b01_radartools_five_dtype_v2,03a5a9e2f6cb3af6d8b402d33c46fde5838cae300fea1ab7f1d92294a3677211,operator,cfar_alpha,Task1,Step4,cfar_alpha,cfar_alpha__alpha_int8_10e2__089fcba0664de908,alpha_int8_10e2,10^2,1,pfa=[1],INT8,CPU,not_applicable,compatibility/end-to-end,PASS,OK,20,100,84,0.00011,true,089fcba0664de908ec4ae5d1b11789fc51b897a44abe4969bc70b636d59ec8e2,af5570f5a1810b7af78caf4bc70a660f0df51e42baf91d4de5b2328de0e83dfc
1,20260810T081257Z_1662dd06774d_stage07_b01_formal_13288dd7,formal,20260810T081257Z,1662dd06774d7c48435337e4db1431399854b5ad,false,stage07_b01_radartools_five_dtype_v2,03a5a9e2f6cb3af6d8b402d33c46fde5838cae300fea1ab7f1d92294a3677211,operator,cfar_alpha,Task1,Step4,cfar_alpha,cfar_alpha__alpha_int8_10e2__089fcba0664de908,alpha_int8_10e2,10^2,1,pfa=[1],INT8,CPU,not_applicable,compatibility/end-to-end,PASS,OK,20,100,85,0.00011,true,089fcba0664de908ec4ae5d1b11789fc51b897a44abe4969bc70b636d59ec8e2,af5570f5a1810b7af78caf4bc70a660f0df51e42baf91d4de5b2328de0e83dfc
1,20260810T081257Z_1662dd06774d_stage07_b01_formal_13288dd7,formal,20260810T081257Z,1662dd06774d7c48435337e4db1431399854b5ad,false,stage07_b01_radartools_five_dtype_v2,03a5a9e2f6cb3af6d8b402d33c46fde5838cae300fea1ab7f1d92294a3677211,operator,cfar_alpha,Task1,Step4,cfar_alpha,cfar_alpha__alpha_int8_10e2__089fcba0664de908,alpha_int8_10e2,10^2,1,pfa=[1],INT8,CPU,not_applicable,compatibility/end-to-end,PASS,OK,20,100,86,0.00012,true,089fcba0664de908ec4ae5d1b11789fc51b897a44abe4969bc70b636d59ec8e2,af5570f5a1810b7af78caf4bc70a660f0df51e42baf91d4de5b2328de0e83dfc
1,20260810T081257Z_1662dd06774d_stage07_b01_formal_13288dd7,formal,20260810T081257Z,1662dd06774d7c48435337e4db1431399854b5ad,false,stage07_b01_radartools_five_dtype_v2,03a5a9e2f6cb3af6d8b402d33c46fde5838cae300fea1ab7f1d92294a3677211,operator,cfar_alpha,Task1,Step4,cfar_alpha,cfar_alpha__alpha_int8_10e2__089fcba0664de908,alpha_int8_10e2,10^2,1,pfa=[1],INT8,CPU,not_applicable,compatibility/end-to-end,PASS,OK,20,100,87,0.00011,true,089fcba0664de908ec4ae5d1b11789fc51b897a44abe4969bc70b636d59ec8e2,af5570f5a1810b7af78caf4bc70a660f0df51e42baf91d4de5b2328de0e83dfc
1,20260810T081257Z_1662dd06774d_stage07_b01_formal_13288dd7,formal,20260810T081257Z,1662dd06774d7c48435337e4db1431399854b5ad,false,stage07_b01_radartools_five_dtype_v2,03a5a9e2f6cb3af6d8b402d33c46fde5838cae300fea1ab7f1d92294a3677211,operator,cfar_alpha,Task1,Step4,cfar_alpha,cfar_alpha__alpha_int8_10e2__089fcba0664de908,alpha_int8_10e2,10^2,1,pfa=[1],INT8,CPU,not_applicable,compatibility/end-to-end,PASS,OK,20,100,88,0.00012,true,089fcba0664de908ec4ae5d1b11789fc51b897a44abe4969bc70b636d59ec8e2,af5570f5a1810b7af78caf4bc70a660f0df51e42baf91d4de5b2328de0e83dfc
1,20260810T081257Z_1662dd06774d_stage07_b01_formal_13288dd7,formal,20260810T081257Z,1662dd06774d7c48435337e4db1431399854b5ad,false,stage07_b01_radartools_five_dtype_v2,03a5a9e2f6cb3af6d8b402d33c46fde5838cae300fea1ab7f1d92294a3677211,operator,cfar_alpha,Task1,Step4,cfar_alpha,cfar_alpha__alpha_int8_10e2__089fcba0664de908,alpha_int8_10e2,10^2,1,pfa=[1],INT8,CPU,not_applicable,compatibility/end-to-end,PASS,OK,20,100,89,0.00012,true,089fcba0664de908ec4ae5d1b11789fc51b897a44abe4969bc70b636d59ec8e2,af5570f5a1810b7af78caf4bc70a660f0df51e42baf91d4de5b2328de0e83dfc
1,20260810T081257Z_1662dd06774d_stage07_b01_formal_13288dd7,formal,20260810T081257Z,1662dd06774d7c48435337e4db1431399854b5ad,false,stage07_b01_radartools_five_dtype_v2,03a5a9e2f6cb3af6d8b402d33c46fde5838cae300fea1ab7f1d92294a3677211,operator,cfar_alpha,Task1,Step4,cfar_alpha,cfar_alpha__alpha_int8_10e2__089fcba0664de908,alpha_int8_10e2,10^2,1,pfa=[1],INT8,CPU,not_applicable,compatibility/end-to-end,PASS,OK,20,100,90,0.00011,true,089fcba0664de908ec4ae5d1b11789fc51b897a44abe4969bc70b636d59ec8e2,af5570f5a1810b7af78caf4bc70a660f0df51e42baf91d4de5b2328de0e83dfc
1,20260810T081257Z_1662dd06774d_stage07_b01_formal_13288dd7,formal,20260810T081257Z,1662dd06774d7c48435337e4db1431399854b5ad,false,stage07_b01_radartools_five_dtype_v2,03a5a9e2f6cb3af6d8b402d33c46fde5838cae300fea1ab7f1d92294a3677211,operator,cfar_alpha,Task1,Step4,cfar_alpha,cfar_alpha__alpha_int8_10e2__089fcba0664de908,alpha_int8_10e2,10^2,1,pfa=[1],INT8,CPU,not_applicable,compatibility/end-to-end,PASS,OK,20,100,91,0.00012,true,089fcba0664de908ec4ae5d1b11789fc51b897a44abe4969bc70b636d59ec8e2,af5570f5a1810b7af78caf4bc70a660f0df51e42baf91d4de5b2328de0e83dfc
1,20260810T081257Z_1662dd06774d_stage07_b01_formal_13288dd7,formal,20260810T081257Z,1662dd06774d7c48435337e4db1431399854b5ad,false,stage07_b01_radartools_five_dtype_v2,03a5a9e2f6cb3af6d8b402d33c46fde5838cae300fea1ab7f1d92294a3677211,operator,cfar_alpha,Task1,Step4,cfar_alpha,cfar_alpha__alpha_int8_10e2__089fcba0664de908,alpha_int8_10e2,10^2,1,pfa=[1],INT8,CPU,not_applicable,compatibility/end-to-end,PASS,OK,20,100,92,0.00012,true,089fcba0664de908ec4ae5d1b11789fc51b897a44abe4969bc70b636d59ec8e2,af5570f5a1810b7af78caf4bc70a660f0df51e42baf91d4de5b2328de0e83dfc
1,20260810T081257Z_1662dd06774d_stage07_b01_formal_13288dd7,formal,20260810T081257Z,1662dd06774d7c48435337e4db1431399854b5ad,false,stage07_b01_radartools_five_dtype_v2,03a5a9e2f6cb3af6d8b402d33c46fde5838cae300fea1ab7f1d92294a3677211,operator,cfar_alpha,Task1,Step4,cfar_alpha,cfar_alpha__alpha_int8_10e2__089fcba0664de908,alpha_int8_10e2,10^2,1,pfa=[1],INT8,CPU,not_applicable,compatibility/end-to-end,PASS,OK,20,100,93,0.00011,true,089fcba0664de908ec4ae5d1b11789fc51b897a44abe4969bc70b636d59ec8e2,af5570f5a1810b7af78caf4bc70a660f0df51e42baf91d4de5b2328de0e83dfc
1,20260810T081257Z_1662dd06774d_stage07_b01_formal_13288dd7,formal,20260810T081257Z,1662dd06774d7c48435337e4db1431399854b5ad,false,stage07_b01_radartools_five_dtype_v2,03a5a9e2f6cb3af6d8b402d33c46fde5838cae300fea1ab7f1d92294a3677211,operator,cfar_alpha,Task1,Step4,cfar_alpha,cfar_alpha__alpha_int8_10e2__089fcba0664de908,alpha_int8_10e2,10^2,1,pfa=[1],INT8,CPU,not_applicable,compatibility/end-to-end,PASS,OK,20,100,94,0.00012,true,089fcba0664de908ec4ae5d1b11789fc51b897a44abe4969bc70b636d59ec8e2,af5570f5a1810b7af78caf4bc70a660f0df51e42baf91d4de5b2328de0e83dfc
1,20260810T081257Z_1662dd06774d_stage07_b01_formal_13288dd7,formal,20260810T081257Z,1662dd06774d7c48435337e4db1431399854b5ad,false,stage07_b01_radartools_five_dtype_v2,03a5a9e2f6cb3af6d8b402d33c46fde5838cae300fea1ab7f1d92294a3677211,operator,cfar_alpha,Task1,Step4,cfar_alpha,cfar_alpha__alpha_int8_10e2__089fcba0664de908,alpha_int8_10e2,10^2,1,pfa=[1],INT8,CPU,not_applicable,compatibility/end-to-end,PASS,OK,20,100,95,0.00012,true,089fcba0664de908ec4ae5d1b11789fc51b897a44abe4969bc70b636d59ec8e2,af5570f5a1810b7af78caf4bc70a660f0df51e42baf91d4de5b2328de0e83dfc
1,20260810T081257Z_1662dd06774d_stage07_b01_formal_13288dd7,formal,20260810T081257Z,1662dd06774d7c48435337e4db1431399854b5ad,false,stage07_b01_radartools_five_dtype_v2,03a5a9e2f6cb3af6d8b402d33c46fde5838cae300fea1ab7f1d92294a3677211,operator,cfar_alpha,Task1,Step4,cfar_alpha,cfar_alpha__alpha_int8_10e2__089fcba0664de908,alpha_int8_10e2,10^2,1,pfa=[1],INT8,CPU,not_applicable,compatibility/end-to-end,PASS,OK,20,100,96,0.00011,true,089fcba0664de908ec4ae5d1b11789fc51b897a44abe4969bc70b636d59ec8e2,af5570f5a1810b7af78caf4bc70a660f0df51e42baf91d4de5b2328de0e83dfc
1,20260810T081257Z_1662dd06774d_stage07_b01_formal_13288dd7,formal,20260810T081257Z,1662dd06774d7c48435337e4db1431399854b5ad,false,stage07_b01_radartools_five_dtype_v2,03a5a9e2f6cb3af6d8b402d33c46fde5838cae300fea1ab7f1d92294a3677211,operator,cfar_alpha,Task1,Step4,cfar_alpha,cfar_alpha__alpha_int8_10e2__089fcba0664de908,alpha_int8_10e2,10^2,1,pfa=[1],INT8,CPU,not_applicable,compatibility/end-to-end,PASS,OK,20,100,97,0.00012,true,089fcba0664de908ec4ae5d1b11789fc51b897a44abe4969bc70b636d59ec8e2,af5570f5a1810b7af78caf4bc70a660f0df51e42baf91d4de5b2328de0e83dfc
1,20260810T081257Z_1662dd06774d_stage07_b01_formal_13288dd7,formal,20260810T081257Z,1662dd06774d7c48435337e4db1431399854b5ad,false,stage07_b01_radartools_five_dtype_v2,03a5a9e2f6cb3af6d8b402d33c46fde5838cae300fea1ab7f1d92294a3677211,operator,cfar_alpha,Task1,Step4,cfar_alpha,cfar_alpha__alpha_int8_10e2__089fcba0664de908,alpha_int8_10e2,10^2,1,pfa=[1],INT8,CPU,not_applicable,compatibility/end-to-end,PASS,OK,20,100,98,0.00012,true,089fcba0664de908ec4ae5d1b11789fc51b897a44abe4969bc70b636d59ec8e2,af5570f5a1810b7af78caf4bc70a660f0df51e42baf91d4de5b2328de0e83dfc
1,20260810T081257Z_1662dd06774d_stage07_b01_formal_13288dd7,formal,20260810T081257Z,1662dd06774d7c48435337e4db1431399854b5ad,false,stage07_b01_radartools_five_dtype_v2,03a5a9e2f6cb3af6d8b402d33c46fde5838cae300fea1ab7f1d92294a3677211,operator,cfar_alpha,Task1,Step4,cfar_alpha,cfar_alpha__alpha_int8_10e2__089fcba0664de908,alpha_int8_10e2,10^2,1,pfa=[1],INT8,CPU,not_applicable,compatibility/end-to-end,PASS,OK,20,100,99,0.00012,true,089fcba0664de908ec4ae5d1b11789fc51b897a44abe4969bc70b636d59ec8e2,af5570f5a1810b7af78caf4bc70a660f0df51e42baf91d4de5b2328de0e83dfc
1,20260810T081257Z_1662dd06774d_stage07_b01_formal_13288dd7,formal,20260810T081257Z,1662dd06774d7c48435337e4db1431399854b5ad,false,stage07_b01_radartools_five_dtype_v2,03a5a9e2f6cb3af6d8b402d33c46fde5838cae300fea1ab7f1d92294a3677211,operator,cfar_alpha,Task1,Step4,cfar_alpha,cfar_alpha__alpha_int8_10e2__089fcba0664de908,alpha_int8_10e2,10^2,1,pfa=[1],INT8,GPU,not_applicable,compatibility/end-to-end,PASS,OK,20,100,0,0.180859,true,089fcba0664de908ec4ae5d1b11789fc51b897a44abe4969bc70b636d59ec8e2,af5570f5a1810b7af78caf4bc70a660f0df51e42baf91d4de5b2328de0e83dfc
1,20260810T081257Z_1662dd06774d_stage07_b01_formal_13288dd7,formal,20260810T081257Z,1662dd06774d7c48435337e4db1431399854b5ad,false,stage07_b01_radartools_five_dtype_v2,03a5a9e2f6cb3af6d8b402d33c46fde5838cae300fea1ab7f1d92294a3677211,operator,cfar_alpha,Task1,Step4,cfar_alpha,cfar_alpha__alpha_int8_10e2__089fcba0664de908,alpha_int8_10e2,10^2,1,pfa=[1],INT8,GPU,not_applicable,compatibility/end-to-end,PASS,OK,20,100,1,0.18201,true,089fcba0664de908ec4ae5d1b11789fc51b897a44abe4969bc70b636d59ec8e2,af5570f5a1810b7af78caf4bc70a660f0df51e42baf91d4de5b2328de0e83dfc
1,20260810T081257Z_1662dd06774d_stage07_b01_formal_13288dd7,formal,20260810T081257Z,1662dd06774d7c48435337e4db1431399854b5ad,false,stage07_b01_radartools_five_dtype_v2,03a5a9e2f6cb3af6d8b402d33c46fde5838cae300fea1ab7f1d92294a3677211,operator,cfar_alpha,Task1,Step4,cfar_alpha,cfar_alpha__alpha_int8_10e2__089fcba0664de908,alpha_int8_10e2,10^2,1,pfa=[1],INT8,GPU,not_applicable,compatibility/end-to-end,PASS,OK,20,100,2,0.18044,true,089fcba0664de908ec4ae5d1b11789fc51b897a44abe4969bc70b636d59ec8e2,af5570f5a1810b7af78caf4bc70a660f0df51e42baf91d4de5b2328de0e83dfc
1,20260810T081257Z_1662dd06774d_stage07_b01_formal_13288dd7,formal,20260810T081257Z,1662dd06774d7c48435337e4db1431399854b5ad,false,stage07_b01_radartools_five_dtype_v2,03a5a9e2f6cb3af6d8b402d33c46fde5838cae300fea1ab7f1d92294a3677211,operator,cfar_alpha,Task1,Step4,cfar_alpha,cfar_alpha__alpha_int8_10e2__089fcba0664de908,alpha_int8_10e2,10^2,1,pfa=[1],INT8,GPU,not_applicable,compatibility/end-to-end,PASS,OK,20,100,3,0.18311,true,089fcba0664de908ec4ae5d1b11789fc51b897a44abe4969bc70b636d59ec8e2,af5570f5a1810b7af78caf4bc70a660f0df51e42baf91d4de5b2328de0e83dfc
1,20260810T081257Z_1662dd06774d_stage07_b01_formal_13288dd7,formal,20260810T081257Z,1662dd06774d7c48435337e4db1431399854b5ad,false,stage07_b01_radartools_five_dtype_v2,03a5a9e2f6cb3af6d8b402d33c46fde5838cae300fea1ab7f1d92294a3677211,operator,cfar_alpha,Task1,Step4,cfar_alpha,cfar_alpha__alpha_int8_10e2__089fcba0664de908,alpha_int8_10e2,10^2,1,pfa=[1],INT8,GPU,not_applicable,compatibility/end-to-end,PASS,OK,20,100,4,0.18063,true,089fcba0664de908ec4ae5d1b11789fc51b897a44abe4969bc70b636d59ec8e2,af5570f5a1810b7af78caf4bc70a660f0df51e42baf91d4de5b2328de0e83dfc
1,20260810T081257Z_1662dd06774d_stage07_b01_formal_13288dd7,formal,20260810T081257Z,1662dd06774d7c48435337e4db1431399854b5ad,false,stage07_b01_radartools_five_dtype_v2,03a5a9e2f6cb3af6d8b402d33c46fde5838cae300fea1ab7f1d92294a3677211,operator,cfar_alpha,Task1,Step4,cfar_alpha,cfar_alpha__alpha_int8_10e2__089fcba0664de908,alpha_int8_10e2,10^2,1,pfa=[1],INT8,GPU,not_applicable,compatibility/end-to-end,PASS,OK,20,100,5,0.180869,true,089fcba0664de908ec4ae5d1b11789fc51b897a44abe4969bc70b636d59ec8e2,af5570f5a1810b7af78caf4bc70a660f0df51e42baf91d4de5b2328de0e83dfc
1,20260810T081257Z_1662dd06774d_stage07_b01_formal_13288dd7,formal,20260810T081257Z,1662dd06774d7c48435337e4db1431399854b5ad,false,stage07_b01_radartools_five_dtype_v2,03a5a9e2f6cb3af6d8b402d33c46fde5838cae300fea1ab7f1d92294a3677211,operator,cfar_alpha,Task1,Step4,cfar_alpha,cfar_alpha__alpha_int8_10e2__089fcba0664de908,alpha_int8_10e2,10^2,1,pfa=[1],INT8,GPU,not_applicable,compatibility/end-to-end,PASS,OK,20,100,6,0.19073,true,089fcba0664de908ec4ae5d1b11789fc51b897a44abe4969bc70b636d59ec8e2,af5570f5a1810b7af78caf4bc70a660f0df51e42baf91d4de5b2328de0e83dfc
1,20260810T081257Z_1662dd06774d_stage07_b01_formal_13288dd7,formal,20260810T081257Z,1662dd06774d7c48435337e4db1431399854b5ad,false,stage07_b01_radartools_five_dtype_v2,03a5a9e2f6cb3af6d8b402d33c46fde5838cae300fea1ab7f1d92294a3677211,operator,cfar_alpha,Task1,Step4,cfar_alpha,cfar_alpha__alpha_int8_10e2__089fcba0664de908,alpha_int8_10e2,10^2,1,pfa=[1],INT8,GPU,not_applicable,compatibility/end-to-end,PASS,OK,20,100,7,0.1778,true,089fcba0664de908ec4ae5d1b11789fc51b897a44abe4969bc70b636d59ec8e2,af5570f5a1810b7af78caf4bc70a660f0df51e42baf91d4de5b2328de0e83dfc
1,20260810T081257Z_1662dd06774d_stage07_b01_formal_13288dd7,formal,20260810T081257Z,1662dd06774d7c48435337e4db1431399854b5ad,false,stage07_b01_radartools_five_dtype_v2,03a5a9e2f6cb3af6d8b402d33c46fde5838cae300fea1ab7f1d92294a3677211,operator,cfar_alpha,Task1,Step4,cfar_alpha,cfar_alpha__alpha_int8_10e2__089fcba0664de908,alpha_int8_10e2,10^2,1,pfa=[1],INT8,GPU,not_applicable,compatibility/end-to-end,PASS,OK,20,100,8,0.1808,true,089fcba0664de908ec4ae5d1b11789fc51b897a44abe4969bc70b636d59ec8e2,af5570f5a1810b7af78caf4bc70a660f0df51e42baf91d4de5b2328de0e83dfc
1,20260810T081257Z_1662dd06774d_stage07_b01_formal_13288dd7,formal,20260810T081257Z,1662dd06774d7c48435337e4db1431399854b5ad,false,stage07_b01_radartools_five_dtype_v2,03a5a9e2f6cb3af6d8b402d33c46fde5838cae300fea1ab7f1d92294a3677211,operator,cfar_alpha,Task1,Step4,cfar_alpha,cfar_alpha__alpha_int8_10e2__089fcba0664de908,alpha_int8_10e2,10^2,1,pfa=[1],INT8,GPU,not_applicable,compatibility/end-to-end,PASS,OK,20,100,9,0.180669,true,089fcba0664de908ec4ae5d1b11789fc51b897a44abe4969bc70b636d59ec8e2,af5570f5a1810b7af78caf4bc70a660f0df51e42baf91d4de5b2328de0e83dfc
1,20260810T081257Z_1662dd06774d_stage07_b01_formal_13288dd7,formal,20260810T081257Z,1662dd06774d7c48435337e4db1431399854b5ad,false,stage07_b01_radartools_five_dtype_v2,03a5a9e2f6cb3af6d8b402d33c46fde5838cae300fea1ab7f1d92294a3677211,operator,cfar_alpha,Task1,Step4,cfar_alpha,cfar_alpha__alpha_int8_10e2__089fcba0664de908,alpha_int8_10e2,10^2,1,pfa=[1],INT8,GPU,not_applicable,compatibility/end-to-end,PASS,OK,20,100,10,0.18292,true,089fcba0664de908ec4ae5d1b11789fc51b897a44abe4969bc70b636d59ec8e2,af5570f5a1810b7af78caf4bc70a660f0df51e42baf91d4de5b2328de0e83dfc
1,20260810T081257Z_1662dd06774d_stage07_b01_formal_13288dd7,formal,20260810T081257Z,1662dd06774d7c48435337e4db1431399854b5ad,false,stage07_b01_radartools_five_dtype_v2,03a5a9e2f6cb3af6d8b402d33c46fde5838cae300fea1ab7f1d92294a3677211,operator,cfar_alpha,Task1,Step4,cfar_alpha,cfar_alpha__alpha_int8_10e2__089fcba0664de908,alpha_int8_10e2,10^2,1,pfa=[1],INT8,GPU,not_applicable,compatibility/end-to-end,PASS,OK,20,100,11,0.18301,true,089fcba0664de908ec4ae5d1b11789fc51b897a44abe4969bc70b636d59ec8e2,af5570f5a1810b7af78caf4bc70a660f0df51e42baf91d4de5b2328de0e83dfc
1,20260810T081257Z_1662dd06774d_stage07_b01_formal_13288dd7,formal,20260810T081257Z,1662dd06774d7c48435337e4db1431399854b5ad,false,stage07_b01_radartools_five_dtype_v2,03a5a9e2f6cb3af6d8b402d33c46fde5838cae300fea1ab7f1d92294a3677211,operator,cfar_alpha,Task1,Step4,cfar_alpha,cfar_alpha__alpha_int8_10e2__089fcba0664de908,alpha_int8_10e2,10^2,1,pfa=[1],INT8,GPU,not_applicable,compatibility/end-to-end,PASS,OK,20,100,12,0.18153,true,089fcba0664de908ec4ae5d1b11789fc51b897a44abe4969bc70b636d59ec8e2,af5570f5a1810b7af78caf4bc70a660f0df51e42baf91d4de5b2328de0e83dfc
1,20260810T081257Z_1662dd06774d_stage07_b01_formal_13288dd7,formal,20260810T081257Z,1662dd06774d7c48435337e4db1431399854b5ad,false,stage07_b01_radartools_five_dtype_v2,03a5a9e2f6cb3af6d8b402d33c46fde5838cae300fea1ab7f1d92294a3677211,operator,cfar_alpha,Task1,Step4,cfar_alpha,cfar_alpha__alpha_int8_10e2__089fcba0664de908,alpha_int8_10e2,10^2,1,pfa=[1],INT8,GPU,not_applicable,compatibility/end-to-end,PASS,OK,20,100,13,0.178939,true,089fcba0664de908ec4ae5d1b11789fc51b897a44abe4969bc70b636d59ec8e2,af5570f5a1810b7af78caf4bc70a660f0df51e42baf91d4de5b2328de0e83dfc
1,20260810T081257Z_1662dd06774d_stage07_b01_formal_13288dd7,formal,20260810T081257Z,1662dd06774d7c48435337e4db1431399854b5ad,false,stage07_b01_radartools_five_dtype_v2,03a5a9e2f6cb3af6d8b402d33c46fde5838cae300fea1ab7f1d92294a3677211,operator,cfar_alpha,Task1,Step4,cfar_alpha,cfar_alpha__alpha_int8_10e2__089fcba0664de908,alpha_int8_10e2,10^2,1,pfa=[1],INT8,GPU,not_applicable,compatibility/end-to-end,PASS,OK,20,100,14,0.1789,true,089fcba0664de908ec4ae5d1b11789fc51b897a44abe4969bc70b636d59ec8e2,af5570f5a1810b7af78caf4bc70a660f0df51e42baf91d4de5b2328de0e83dfc
1,20260810T081257Z_1662dd06774d_stage07_b01_formal_13288dd7,formal,20260810T081257Z,1662dd06774d7c48435337e4db1431399854b5ad,false,stage07_b01_radartools_five_dtype_v2,03a5a9e2f6cb3af6d8b402d33c46fde5838cae300fea1ab7f1d92294a3677211,operator,cfar_alpha,Task1,Step4,cfar_alpha,cfar_alpha__alpha_int8_10e2__089fcba0664de908,alpha_int8_10e2,10^2,1,pfa=[1],INT8,GPU,not_applicable,compatibility/end-to-end,PASS,OK,20,100,15,0.17872,true,089fcba0664de908ec4ae5d1b11789fc51b897a44abe4969bc70b636d59ec8e2,af5570f5a1810b7af78caf4bc70a660f0df51e42baf91d4de5b2328de0e83dfc
1,20260810T081257Z_1662dd06774d_stage07_b01_formal_13288dd7,formal,20260810T081257Z,1662dd06774d7c48435337e4db1431399854b5ad,false,stage07_b01_radartools_five_dtype_v2,03a5a9e2f6cb3af6d8b402d33c46fde5838cae300fea1ab7f1d92294a3677211,operator,cfar_alpha,Task1,Step4,cfar_alpha,cfar_alpha__alpha_int8_10e2__089fcba0664de908,alpha_int8_10e2,10^2,1,pfa=[1],INT8,GPU,not_applicable,compatibility/end-to-end,PASS,OK,20,100,16,0.18258,true,089fcba0664de908ec4ae5d1b11789fc51b897a44abe4969bc70b636d59ec8e2,af5570f5a1810b7af78caf4bc70a660f0df51e42baf91d4de5b2328de0e83dfc
1,20260810T081257Z_1662dd06774d_stage07_b01_formal_13288dd7,formal,20260810T081257Z,1662dd06774d7c48435337e4db1431399854b5ad,false,stage07_b01_radartools_five_dtype_v2,03a5a9e2f6cb3af6d8b402d33c46fde5838cae300fea1ab7f1d92294a3677211,operator,cfar_alpha,Task1,Step4,cfar_alpha,cfar_alpha__alpha_int8_10e2__089fcba0664de908,alpha_int8_10e2,10^2,1,pfa=[1],INT8,GPU,not_applicable,compatibility/end-to-end,PASS,OK,20,100,17,0.181269,true,089fcba0664de908ec4ae5d1b11789fc51b897a44abe4969bc70b636d59ec8e2,af5570f5a1810b7af78caf4bc70a660f0df51e42baf91d4de5b2328de0e83dfc
1,20260810T081257Z_1662dd06774d_stage07_b01_formal_13288dd7,formal,20260810T081257Z,1662dd06774d7c48435337e4db1431399854b5ad,false,stage07_b01_radartools_five_dtype_v2,03a5a9e2f6cb3af6d8b402d33c46fde5838cae300fea1ab7f1d92294a3677211,operator,cfar_alpha,Task1,Step4,cfar_alpha,cfar_alpha__alpha_int8_10e2__089fcba0664de908,alpha_int8_10e2,10^2,1,pfa=[1],INT8,GPU,not_applicable,compatibility/end-to-end,PASS,OK,20,100,18,0.18061,true,089fcba0664de908ec4ae5d1b11789fc51b897a44abe4969bc70b636d59ec8e2,af5570f5a1810b7af78caf4bc70a660f0df51e42baf91d4de5b2328de0e83dfc
1,20260810T081257Z_1662dd06774d_stage07_b01_formal_13288dd7,formal,20260810T081257Z,1662dd06774d7c48435337e4db1431399854b5ad,false,stage07_b01_radartools_five_dtype_v2,03a5a9e2f6cb3af6d8b402d33c46fde5838cae300fea1ab7f1d92294a3677211,operator,cfar_alpha,Task1,Step4,cfar_alpha,cfar_alpha__alpha_int8_10e2__089fcba0664de908,alpha_int8_10e2,10^2,1,pfa=[1],INT8,GPU,not_applicable,compatibility/end-to-end,PASS,OK,20,100,19,0.18292,true,089fcba0664de908ec4ae5d1b11789fc51b897a44abe4969bc70b636d59ec8e2,af5570f5a1810b7af78caf4bc70a660f0df51e42baf91d4de5b2328de0e83dfc
1,20260810T081257Z_1662dd06774d_stage07_b01_formal_13288dd7,formal,20260810T081257Z,1662dd06774d7c48435337e4db1431399854b5ad,false,stage07_b01_radartools_five_dtype_v2,03a5a9e2f6cb3af6d8b402d33c46fde5838cae300fea1ab7f1d92294a3677211,operator,cfar_alpha,Task1,Step4,cfar_alpha,cfar_alpha__alpha_int8_10e2__089fcba0664de908,alpha_int8_10e2,10^2,1,pfa=[1],INT8,GPU,not_applicable,compatibility/end-to-end,PASS,OK,20,100,20,0.18257,true,089fcba0664de908ec4ae5d1b11789fc51b897a44abe4969bc70b636d59ec8e2,af5570f5a1810b7af78caf4bc70a660f0df51e42baf91d4de5b2328de0e83dfc
1,20260810T081257Z_1662dd06774d_stage07_b01_formal_13288dd7,formal,20260810T081257Z,1662dd06774d7c48435337e4db1431399854b5ad,false,stage07_b01_radartools_five_dtype_v2,03a5a9e2f6cb3af6d8b402d33c46fde5838cae300fea1ab7f1d92294a3677211,operator,cfar_alpha,Task1,Step4,cfar_alpha,cfar_alpha__alpha_int8_10e2__089fcba0664de908,alpha_int8_10e2,10^2,1,pfa=[1],INT8,GPU,not_applicable,compatibility/end-to-end,PASS,OK,20,100,21,0.181139,true,089fcba0664de908ec4ae5d1b11789fc51b897a44abe4969bc70b636d59ec8e2,af5570f5a1810b7af78caf4bc70a660f0df51e42baf91d4de5b2328de0e83dfc
1,20260810T081257Z_1662dd06774d_stage07_b01_formal_13288dd7,formal,20260810T081257Z,1662dd06774d7c48435337e4db1431399854b5ad,false,stage07_b01_radartools_five_dtype_v2,03a5a9e2f6cb3af6d8b402d33c46fde5838cae300fea1ab7f1d92294a3677211,operator,cfar_alpha,Task1,Step4,cfar_alpha,cfar_alpha__alpha_int8_10e2__089fcba0664de908,alpha_int8_10e2,10^2,1,pfa=[1],INT8,GPU,not_applicable,compatibility/end-to-end,PASS,OK,20,100,22,0.18147,true,089fcba0664de908ec4ae5d1b11789fc51b897a44abe4969bc70b636d59ec8e2,af5570f5a1810b7af78caf4bc70a660f0df51e42baf91d4de5b2328de0e83dfc
1,20260810T081257Z_1662dd06774d_stage07_b01_formal_13288dd7,formal,20260810T081257Z,1662dd06774d7c48435337e4db1431399854b5ad,false,stage07_b01_radartools_five_dtype_v2,03a5a9e2f6cb3af6d8b402d33c46fde5838cae300fea1ab7f1d92294a3677211,operator,cfar_alpha,Task1,Step4,cfar_alpha,cfar_alpha__alpha_int8_10e2__089fcba0664de908,alpha_int8_10e2,10^2,1,pfa=[1],INT8,GPU,not_applicable,compatibility/end-to-end,PASS,OK,20,100,23,0.18179,true,089fcba0664de908ec4ae5d1b11789fc51b897a44abe4969bc70b636d59ec8e2,af5570f5a1810b7af78caf4bc70a660f0df51e42baf91d4de5b2328de0e83dfc
1,20260810T081257Z_1662dd06774d_stage07_b01_formal_13288dd7,formal,20260810T081257Z,1662dd06774d7c48435337e4db1431399854b5ad,false,stage07_b01_radartools_five_dtype_v2,03a5a9e2f6cb3af6d8b402d33c46fde5838cae300fea1ab7f1d92294a3677211,operator,cfar_alpha,Task1,Step4,cfar_alpha,cfar_alpha__alpha_int8_10e2__089fcba0664de908,alpha_int8_10e2,10^2,1,pfa=[1],INT8,GPU,not_applicable,compatibility/end-to-end,PASS,OK,20,100,24,0.18105,true,089fcba0664de908ec4ae5d1b11789fc51b897a44abe4969bc70b636d59ec8e2,af5570f5a1810b7af78caf4bc70a660f0df51e42baf91d4de5b2328de0e83dfc
1,20260810T081257Z_1662dd06774d_stage07_b01_formal_13288dd7,formal,20260810T081257Z,1662dd06774d7c48435337e4db1431399854b5ad,false,stage07_b01_radartools_five_dtype_v2,03a5a9e2f6cb3af6d8b402d33c46fde5838cae300fea1ab7f1d92294a3677211,operator,cfar_alpha,Task1,Step4,cfar_alpha,cfar_alpha__alpha_int8_10e2__089fcba0664de908,alpha_int8_10e2,10^2,1,pfa=[1],INT8,GPU,not_applicable,compatibility/end-to-end,PASS,OK,20,100,25,0.184639,true,089fcba0664de908ec4ae5d1b11789fc51b897a44abe4969bc70b636d59ec8e2,af5570f5a1810b7af78caf4bc70a660f0df51e42baf91d4de5b2328de0e83dfc
1,20260810T081257Z_1662dd06774d_stage07_b01_formal_13288dd7,formal,20260810T081257Z,1662dd06774d7c48435337e4db1431399854b5ad,false,stage07_b01_radartools_five_dtype_v2,03a5a9e2f6cb3af6d8b402d33c46fde5838cae300fea1ab7f1d92294a3677211,operator,cfar_alpha,Task1,Step4,cfar_alpha,cfar_alpha__alpha_int8_10e2__089fcba0664de908,alpha_int8_10e2,10^2,1,pfa=[1],INT8,GPU,not_applicable,compatibility/end-to-end,PASS,OK,20,100,26,0.18322,true,089fcba0664de908ec4ae5d1b11789fc51b897a44abe4969bc70b636d59ec8e2,af5570f5a1810b7af78caf4bc70a660f0df51e42baf91d4de5b2328de0e83dfc
1,20260810T081257Z_1662dd06774d_stage07_b01_formal_13288dd7,formal,20260810T081257Z,1662dd06774d7c48435337e4db1431399854b5ad,false,stage07_b01_radartools_five_dtype_v2,03a5a9e2f6cb3af6d8b402d33c46fde5838cae300fea1ab7f1d92294a3677211,operator,cfar_alpha,Task1,Step4,cfar_alpha,cfar_alpha__alpha_int8_10e2__089fcba0664de908,alpha_int8_10e2,10^2,1,pfa=[1],INT8,GPU,not_applicable,compatibility/end-to-end,PASS,OK,20,100,27,0.18179,true,089fcba0664de908ec4ae5d1b11789fc51b897a44abe4969bc70b636d59ec8e2,af5570f5a1810b7af78caf4bc70a660f0df51e42baf91d4de5b2328de0e83dfc
1,20260810T081257Z_1662dd06774d_stage07_b01_formal_13288dd7,formal,20260810T081257Z,1662dd06774d7c48435337e4db1431399854b5ad,false,stage07_b01_radartools_five_dtype_v2,03a5a9e2f6cb3af6d8b402d33c46fde5838cae300fea1ab7f1d92294a3677211,operator,cfar_alpha,Task1,Step4,cfar_alpha,cfar_alpha__alpha_int8_10e2__089fcba0664de908,alpha_int8_10e2,10^2,1,pfa=[1],INT8,GPU,not_applicable,compatibility/end-to-end,PASS,OK,20,100,28,0.252279,true,089fcba0664de908ec4ae5d1b11789fc51b897a44abe4969bc70b636d59ec8e2,af5570f5a1810b7af78caf4bc70a660f0df51e42baf91d4de5b2328de0e83dfc
1,20260810T081257Z_1662dd06774d_stage07_b01_formal_13288dd7,formal,20260810T081257Z,1662dd06774d7c48435337e4db1431399854b5ad,false,stage07_b01_radartools_five_dtype_v2,03a5a9e2f6cb3af6d8b402d33c46fde5838cae300fea1ab7f1d92294a3677211,operator,cfar_alpha,Task1,Step4,cfar_alpha,cfar_alpha__alpha_int8_10e2__089fcba0664de908,alpha_int8_10e2,10^2,1,pfa=[1],INT8,GPU,not_applicable,compatibility/end-to-end,PASS,OK,20,100,29,0.17901,true,089fcba0664de908ec4ae5d1b11789fc51b897a44abe4969bc70b636d59ec8e2,af5570f5a1810b7af78caf4bc70a660f0df51e42baf91d4de5b2328de0e83dfc
1,20260810T081257Z_1662dd06774d_stage07_b01_formal_13288dd7,formal,20260810T081257Z,1662dd06774d7c48435337e4db1431399854b5ad,false,stage07_b01_radartools_five_dtype_v2,03a5a9e2f6cb3af6d8b402d33c46fde5838cae300fea1ab7f1d92294a3677211,operator,cfar_alpha,Task1,Step4,cfar_alpha,cfar_alpha__alpha_int8_10e2__089fcba0664de908,alpha_int8_10e2,10^2,1,pfa=[1],INT8,GPU,not_applicable,compatibility/end-to-end,PASS,OK,20,100,30,0.18043,true,089fcba0664de908ec4ae5d1b11789fc51b897a44abe4969bc70b636d59ec8e2,af5570f5a1810b7af78caf4bc70a660f0df51e42baf91d4de5b2328de0e83dfc
1,20260810T081257Z_1662dd06774d_stage07_b01_formal_13288dd7,formal,20260810T081257Z,1662dd06774d7c48435337e4db1431399854b5ad,false,stage07_b01_radartools_five_dtype_v2,03a5a9e2f6cb3af6d8b402d33c46fde5838cae300fea1ab7f1d92294a3677211,operator,cfar_alpha,Task1,Step4,cfar_alpha,cfar_alpha__alpha_int8_10e2__089fcba0664de908,alpha_int8_10e2,10^2,1,pfa=[1],INT8,GPU,not_applicable,compatibility/end-to-end,PASS,OK,20,100,31,0.18096,true,089fcba0664de908ec4ae5d1b11789fc51b897a44abe4969bc70b636d59ec8e2,af5570f5a1810b7af78caf4bc70a660f0df51e42baf91d4de5b2328de0e83dfc
1,20260810T081257Z_1662dd06774d_stage07_b01_formal_13288dd7,formal,20260810T081257Z,1662dd06774d7c48435337e4db1431399854b5ad,false,stage07_b01_radartools_five_dtype_v2,03a5a9e2f6cb3af6d8b402d33c46fde5838cae300fea1ab7f1d92294a3677211,operator,cfar_alpha,Task1,Step4,cfar_alpha,cfar_alpha__alpha_int8_10e2__089fcba0664de908,alpha_int8_10e2,10^2,1,pfa=[1],INT8,GPU,not_applicable,compatibility/end-to-end,PASS,OK,20,100,32,0.381609,true,089fcba0664de908ec4ae5d1b11789fc51b897a44abe4969bc70b636d59ec8e2,af5570f5a1810b7af78caf4bc70a660f0df51e42baf91d4de5b2328de0e83dfc
1,20260810T081257Z_1662dd06774d_stage07_b01_formal_13288dd7,formal,20260810T081257Z,1662dd06774d7c48435337e4db1431399854b5ad,false,stage07_b01_radartools_five_dtype_v2,03a5a9e2f6cb3af6d8b402d33c46fde5838cae300fea1ab7f1d92294a3677211,operator,cfar_alpha,Task1,Step4,cfar_alpha,cfar_alpha__alpha_int8_10e2__089fcba0664de908,alpha_int8_10e2,10^2,1,pfa=[1],INT8,GPU,not_applicable,compatibility/end-to-end,PASS,OK,20,100,33,0.18579,true,089fcba0664de908ec4ae5d1b11789fc51b897a44abe4969bc70b636d59ec8e2,af5570f5a1810b7af78caf4bc70a660f0df51e42baf91d4de5b2328de0e83dfc
1,20260810T081257Z_1662dd06774d_stage07_b01_formal_13288dd7,formal,20260810T081257Z,1662dd06774d7c48435337e4db1431399854b5ad,false,stage07_b01_radartools_five_dtype_v2,03a5a9e2f6cb3af6d8b402d33c46fde5838cae300fea1ab7f1d92294a3677211,operator,cfar_alpha,Task1,Step4,cfar_alpha,cfar_alpha__alpha_int8_10e2__089fcba0664de908,alpha_int8_10e2,10^2,1,pfa=[1],INT8,GPU,not_applicable,compatibility/end-to-end,PASS,OK,20,100,34,0.18364,true,089fcba0664de908ec4ae5d1b11789fc51b897a44abe4969bc70b636d59ec8e2,af5570f5a1810b7af78caf4bc70a660f0df51e42baf91d4de5b2328de0e83dfc
1,20260810T081257Z_1662dd06774d_stage07_b01_formal_13288dd7,formal,20260810T081257Z,1662dd06774d7c48435337e4db1431399854b5ad,false,stage07_b01_radartools_five_dtype_v2,03a5a9e2f6cb3af6d8b402d33c46fde5838cae300fea1ab7f1d92294a3677211,operator,cfar_alpha,Task1,Step4,cfar_alpha,cfar_alpha__alpha_int8_10e2__089fcba0664de908,alpha_int8_10e2,10^2,1,pfa=[1],INT8,GPU,not_applicable,compatibility/end-to-end,PASS,OK,20,100,35,0.186069,true,089fcba0664de908ec4ae5d1b11789fc51b897a44abe4969bc70b636d59ec8e2,af5570f5a1810b7af78caf4bc70a660f0df51e42baf91d4de5b2328de0e83dfc
1,20260810T081257Z_1662dd06774d_stage07_b01_formal_13288dd7,formal,20260810T081257Z,1662dd06774d7c48435337e4db1431399854b5ad,false,stage07_b01_radartools_five_dtype_v2,03a5a9e2f6cb3af6d8b402d33c46fde5838cae300fea1ab7f1d92294a3677211,operator,cfar_alpha,Task1,Step4,cfar_alpha,cfar_alpha__alpha_int8_10e2__089fcba0664de908,alpha_int8_10e2,10^2,1,pfa=[1],INT8,GPU,not_applicable,compatibility/end-to-end,PASS,OK,20,100,36,0.181,true,089fcba0664de908ec4ae5d1b11789fc51b897a44abe4969bc70b636d59ec8e2,af5570f5a1810b7af78caf4bc70a660f0df51e42baf91d4de5b2328de0e83dfc
1,20260810T081257Z_1662dd06774d_stage07_b01_formal_13288dd7,formal,20260810T081257Z,1662dd06774d7c48435337e4db1431399854b5ad,false,stage07_b01_radartools_five_dtype_v2,03a5a9e2f6cb3af6d8b402d33c46fde5838cae300fea1ab7f1d92294a3677211,operator,cfar_alpha,Task1,Step4,cfar_alpha,cfar_alpha__alpha_int8_10e2__089fcba0664de908,alpha_int8_10e2,10^2,1,pfa=[1],INT8,GPU,not_applicable,compatibility/end-to-end,PASS,OK,20,100,37,0.17977,true,089fcba0664de908ec4ae5d1b11789fc51b897a44abe4969bc70b636d59ec8e2,af5570f5a1810b7af78caf4bc70a660f0df51e42baf91d4de5b2328de0e83dfc
1,20260810T081257Z_1662dd06774d_stage07_b01_formal_13288dd7,formal,20260810T081257Z,1662dd06774d7c48435337e4db1431399854b5ad,false,stage07_b01_radartools_five_dtype_v2,03a5a9e2f6cb3af6d8b402d33c46fde5838cae300fea1ab7f1d92294a3677211,operator,cfar_alpha,Task1,Step4,cfar_alpha,cfar_alpha__alpha_int8_10e2__089fcba0664de908,alpha_int8_10e2,10^2,1,pfa=[1],INT8,GPU,not_applicable,compatibility/end-to-end,PASS,OK,20,100,38,0.18157,true,089fcba0664de908ec4ae5d1b11789fc51b897a44abe4969bc70b636d59ec8e2,af5570f5a1810b7af78caf4bc70a660f0df51e42baf91d4de5b2328de0e83dfc
1,20260810T081257Z_1662dd06774d_stage07_b01_formal_13288dd7,formal,20260810T081257Z,1662dd06774d7c48435337e4db1431399854b5ad,false,stage07_b01_radartools_five_dtype_v2,03a5a9e2f6cb3af6d8b402d33c46fde5838cae300fea1ab7f1d92294a3677211,operator,cfar_alpha,Task1,Step4,cfar_alpha,cfar_alpha__alpha_int8_10e2__089fcba0664de908,alpha_int8_10e2,10^2,1,pfa=[1],INT8,GPU,not_applicable,compatibility/end-to-end,PASS,OK,20,100,39,0.177289,true,089fcba0664de908ec4ae5d1b11789fc51b897a44abe4969bc70b636d59ec8e2,af5570f5a1810b7af78caf4bc70a660f0df51e42baf91d4de5b2328de0e83dfc
1,20260810T081257Z_1662dd06774d_stage07_b01_formal_13288dd7,formal,20260810T081257Z,1662dd06774d7c48435337e4db1431399854b5ad,false,stage07_b01_radartools_five_dtype_v2,03a5a9e2f6cb3af6d8b402d33c46fde5838cae300fea1ab7f1d92294a3677211,operator,cfar_alpha,Task1,Step4,cfar_alpha,cfar_alpha__alpha_int8_10e2__089fcba0664de908,alpha_int8_10e2,10^2,1,pfa=[1],INT8,GPU,not_applicable,compatibility/end-to-end,PASS,OK,20,100,40,0.18097,true,089fcba0664de908ec4ae5d1b11789fc51b897a44abe4969bc70b636d59ec8e2,af5570f5a1810b7af78caf4bc70a660f0df51e42baf91d4de5b2328de0e83dfc
1,20260810T081257Z_1662dd06774d_stage07_b01_formal_13288dd7,formal,20260810T081257Z,1662dd06774d7c48435337e4db1431399854b5ad,false,stage07_b01_radartools_five_dtype_v2,03a5a9e2f6cb3af6d8b402d33c46fde5838cae300fea1ab7f1d92294a3677211,operator,cfar_alpha,Task1,Step4,cfar_alpha,cfar_alpha__alpha_int8_10e2__089fcba0664de908,alpha_int8_10e2,10^2,1,pfa=[1],INT8,GPU,not_applicable,compatibility/end-to-end,PASS,OK,20,100,41,0.18122,true,089fcba0664de908ec4ae5d1b11789fc51b897a44abe4969bc70b636d59ec8e2,af5570f5a1810b7af78caf4bc70a660f0df51e42baf91d4de5b2328de0e83dfc
1,20260810T081257Z_1662dd06774d_stage07_b01_formal_13288dd7,formal,20260810T081257Z,1662dd06774d7c48435337e4db1431399854b5ad,false,stage07_b01_radartools_five_dtype_v2,03a5a9e2f6cb3af6d8b402d33c46fde5838cae300fea1ab7f1d92294a3677211,operator,cfar_alpha,Task1,Step4,cfar_alpha,cfar_alpha__alpha_int8_10e2__089fcba0664de908,alpha_int8_10e2,10^2,1,pfa=[1],INT8,GPU,not_applicable,compatibility/end-to-end,PASS,OK,20,100,42,0.18106,true,089fcba0664de908ec4ae5d1b11789fc51b897a44abe4969bc70b636d59ec8e2,af5570f5a1810b7af78caf4bc70a660f0df51e42baf91d4de5b2328de0e83dfc
1,20260810T081257Z_1662dd06774d_stage07_b01_formal_13288dd7,formal,20260810T081257Z,1662dd06774d7c48435337e4db1431399854b5ad,false,stage07_b01_radartools_five_dtype_v2,03a5a9e2f6cb3af6d8b402d33c46fde5838cae300fea1ab7f1d92294a3677211,operator,cfar_alpha,Task1,Step4,cfar_alpha,cfar_alpha__alpha_int8_10e2__089fcba0664de908,alpha_int8_10e2,10^2,1,pfa=[1],INT8,GPU,not_applicable,compatibility/end-to-end,PASS,OK,20,100,43,0.180669,true,089fcba0664de908ec4ae5d1b11789fc51b897a44abe4969bc70b636d59ec8e2,af5570f5a1810b7af78caf4bc70a660f0df51e42baf91d4de5b2328de0e83dfc
1,20260810T081257Z_1662dd06774d_stage07_b01_formal_13288dd7,formal,20260810T081257Z,1662dd06774d7c48435337e4db1431399854b5ad,false,stage07_b01_radartools_five_dtype_v2,03a5a9e2f6cb3af6d8b402d33c46fde5838cae300fea1ab7f1d92294a3677211,operator,cfar_alpha,Task1,Step4,cfar_alpha,cfar_alpha__alpha_int8_10e2__089fcba0664de908,alpha_int8_10e2,10^2,1,pfa=[1],INT8,GPU,not_applicable,compatibility/end-to-end,PASS,OK,20,100,44,0.18421,true,089fcba0664de908ec4ae5d1b11789fc51b897a44abe4969bc70b636d59ec8e2,af5570f5a1810b7af78caf4bc70a660f0df51e42baf91d4de5b2328de0e83dfc
1,20260810T081257Z_1662dd06774d_stage07_b01_formal_13288dd7,formal,20260810T081257Z,1662dd06774d7c48435337e4db1431399854b5ad,false,stage07_b01_radartools_five_dtype_v2,03a5a9e2f6cb3af6d8b402d33c46fde5838cae300fea1ab7f1d92294a3677211,operator,cfar_alpha,Task1,Step4,cfar_alpha,cfar_alpha__alpha_int8_10e2__089fcba0664de908,alpha_int8_10e2,10^2,1,pfa=[1],INT8,GPU,not_applicable,compatibility/end-to-end,PASS,OK,20,100,45,0.1807,true,089fcba0664de908ec4ae5d1b11789fc51b897a44abe4969bc70b636d59ec8e2,af5570f5a1810b7af78caf4bc70a660f0df51e42baf91d4de5b2328de0e83dfc
1,20260810T081257Z_1662dd06774d_stage07_b01_formal_13288dd7,formal,20260810T081257Z,1662dd06774d7c48435337e4db1431399854b5ad,false,stage07_b01_radartools_five_dtype_v2,03a5a9e2f6cb3af6d8b402d33c46fde5838cae300fea1ab7f1d92294a3677211,operator,cfar_alpha,Task1,Step4,cfar_alpha,cfar_alpha__alpha_int8_10e2__089fcba0664de908,alpha_int8_10e2,10^2,1,pfa=[1],INT8,GPU,not_applicable,compatibility/end-to-end,PASS,OK,20,100,46,0.18356,true,089fcba0664de908ec4ae5d1b11789fc51b897a44abe4969bc70b636d59ec8e2,af5570f5a1810b7af78caf4bc70a660f0df51e42baf91d4de5b2328de0e83dfc
1,20260810T081257Z_1662dd06774d_stage07_b01_formal_13288dd7,formal,20260810T081257Z,1662dd06774d7c48435337e4db1431399854b5ad,false,stage07_b01_radartools_five_dtype_v2,03a5a9e2f6cb3af6d8b402d33c46fde5838cae300fea1ab7f1d92294a3677211,operator,cfar_alpha,Task1,Step4,cfar_alpha,cfar_alpha__alpha_int8_10e2__089fcba0664de908,alpha_int8_10e2,10^2,1,pfa=[1],INT8,GPU,not_applicable,compatibility/end-to-end,PASS,OK,20,100,47,0.181479,true,089fcba0664de908ec4ae5d1b11789fc51b897a44abe4969bc70b636d59ec8e2,af5570f5a1810b7af78caf4bc70a660f0df51e42baf91d4de5b2328de0e83dfc
1,20260810T081257Z_1662dd06774d_stage07_b01_formal_13288dd7,formal,20260810T081257Z,1662dd06774d7c48435337e4db1431399854b5ad,false,stage07_b01_radartools_five_dtype_v2,03a5a9e2f6cb3af6d8b402d33c46fde5838cae300fea1ab7f1d92294a3677211,operator,cfar_alpha,Task1,Step4,cfar_alpha,cfar_alpha__alpha_int8_10e2__089fcba0664de908,alpha_int8_10e2,10^2,1,pfa=[1],INT8,GPU,not_applicable,compatibility/end-to-end,PASS,OK,20,100,48,0.18542,true,089fcba0664de908ec4ae5d1b11789fc51b897a44abe4969bc70b636d59ec8e2,af5570f5a1810b7af78caf4bc70a660f0df51e42baf91d4de5b2328de0e83dfc
1,20260810T081257Z_1662dd06774d_stage07_b01_formal_13288dd7,formal,20260810T081257Z,1662dd06774d7c48435337e4db1431399854b5ad,false,stage07_b01_radartools_five_dtype_v2,03a5a9e2f6cb3af6d8b402d33c46fde5838cae300fea1ab7f1d92294a3677211,operator,cfar_alpha,Task1,Step4,cfar_alpha,cfar_alpha__alpha_int8_10e2__089fcba0664de908,alpha_int8_10e2,10^2,1,pfa=[1],INT8,GPU,not_applicable,compatibility/end-to-end,PASS,OK,20,100,49,0.30305,true,089fcba0664de908ec4ae5d1b11789fc51b897a44abe4969bc70b636d59ec8e2,af5570f5a1810b7af78caf4bc70a660f0df51e42baf91d4de5b2328de0e83dfc
1,20260810T081257Z_1662dd06774d_stage07_b01_formal_13288dd7,formal,20260810T081257Z,1662dd06774d7c48435337e4db1431399854b5ad,false,stage07_b01_radartools_five_dtype_v2,03a5a9e2f6cb3af6d8b402d33c46fde5838cae300fea1ab7f1d92294a3677211,operator,cfar_alpha,Task1,Step4,cfar_alpha,cfar_alpha__alpha_int8_10e2__089fcba0664de908,alpha_int8_10e2,10^2,1,pfa=[1],INT8,GPU,not_applicable,compatibility/end-to-end,PASS,OK,20,100,50,0.183499,true,089fcba0664de908ec4ae5d1b11789fc51b897a44abe4969bc70b636d59ec8e2,af5570f5a1810b7af78caf4bc70a660f0df51e42baf91d4de5b2328de0e83dfc
1,20260810T081257Z_1662dd06774d_stage07_b01_formal_13288dd7,formal,20260810T081257Z,1662dd06774d7c48435337e4db1431399854b5ad,false,stage07_b01_radartools_five_dtype_v2,03a5a9e2f6cb3af6d8b402d33c46fde5838cae300fea1ab7f1d92294a3677211,operator,cfar_alpha,Task1,Step4,cfar_alpha,cfar_alpha__alpha_int8_10e2__089fcba0664de908,alpha_int8_10e2,10^2,1,pfa=[1],INT8,GPU,not_applicable,compatibility/end-to-end,PASS,OK,20,100,51,0.18139,true,089fcba0664de908ec4ae5d1b11789fc51b897a44abe4969bc70b636d59ec8e2,af5570f5a1810b7af78caf4bc70a660f0df51e42baf91d4de5b2328de0e83dfc
1,20260810T081257Z_1662dd06774d_stage07_b01_formal_13288dd7,formal,20260810T081257Z,1662dd06774d7c48435337e4db1431399854b5ad,false,stage07_b01_radartools_five_dtype_v2,03a5a9e2f6cb3af6d8b402d33c46fde5838cae300fea1ab7f1d92294a3677211,operator,cfar_alpha,Task1,Step4,cfar_alpha,cfar_alpha__alpha_int8_10e2__089fcba0664de908,alpha_int8_10e2,10^2,1,pfa=[1],INT8,GPU,not_applicable,compatibility/end-to-end,PASS,OK,20,100,52,0.18145,true,089fcba0664de908ec4ae5d1b11789fc51b897a44abe4969bc70b636d59ec8e2,af5570f5a1810b7af78caf4bc70a660f0df51e42baf91d4de5b2328de0e83dfc
1,20260810T081257Z_1662dd06774d_stage07_b01_formal_13288dd7,formal,20260810T081257Z,1662dd06774d7c48435337e4db1431399854b5ad,false,stage07_b01_radartools_five_dtype_v2,03a5a9e2f6cb3af6d8b402d33c46fde5838cae300fea1ab7f1d92294a3677211,operator,cfar_alpha,Task1,Step4,cfar_alpha,cfar_alpha__alpha_int8_10e2__089fcba0664de908,alpha_int8_10e2,10^2,1,pfa=[1],INT8,GPU,not_applicable,compatibility/end-to-end,PASS,OK,20,100,53,0.18079,true,089fcba0664de908ec4ae5d1b11789fc51b897a44abe4969bc70b636d59ec8e2,af5570f5a1810b7af78caf4bc70a660f0df51e42baf91d4de5b2328de0e83dfc
1,20260810T081257Z_1662dd06774d_stage07_b01_formal_13288dd7,formal,20260810T081257Z,1662dd06774d7c48435337e4db1431399854b5ad,false,stage07_b01_radartools_five_dtype_v2,03a5a9e2f6cb3af6d8b402d33c46fde5838cae300fea1ab7f1d92294a3677211,operator,cfar_alpha,Task1,Step4,cfar_alpha,cfar_alpha__alpha_int8_10e2__089fcba0664de908,alpha_int8_10e2,10^2,1,pfa=[1],INT8,GPU,not_applicable,compatibility/end-to-end,PASS,OK,20,100,54,0.179039,true,089fcba0664de908ec4ae5d1b11789fc51b897a44abe4969bc70b636d59ec8e2,af5570f5a1810b7af78caf4bc70a660f0df51e42baf91d4de5b2328de0e83dfc
1,20260810T081257Z_1662dd06774d_stage07_b01_formal_13288dd7,formal,20260810T081257Z,1662dd06774d7c48435337e4db1431399854b5ad,false,stage07_b01_radartools_five_dtype_v2,03a5a9e2f6cb3af6d8b402d33c46fde5838cae300fea1ab7f1d92294a3677211,operator,cfar_alpha,Task1,Step4,cfar_alpha,cfar_alpha__alpha_int8_10e2__089fcba0664de908,alpha_int8_10e2,10^2,1,pfa=[1],INT8,GPU,not_applicable,compatibility/end-to-end,PASS,OK,20,100,55,0.1772,true,089fcba0664de908ec4ae5d1b11789fc51b897a44abe4969bc70b636d59ec8e2,af5570f5a1810b7af78caf4bc70a660f0df51e42baf91d4de5b2328de0e83dfc
1,20260810T081257Z_1662dd06774d_stage07_b01_formal_13288dd7,formal,20260810T081257Z,1662dd06774d7c48435337e4db1431399854b5ad,false,stage07_b01_radartools_five_dtype_v2,03a5a9e2f6cb3af6d8b402d33c46fde5838cae300fea1ab7f1d92294a3677211,operator,cfar_alpha,Task1,Step4,cfar_alpha,cfar_alpha__alpha_int8_10e2__089fcba0664de908,alpha_int8_10e2,10^2,1,pfa=[1],INT8,GPU,not_applicable,compatibility/end-to-end,PASS,OK,20,100,56,0.18096,true,089fcba0664de908ec4ae5d1b11789fc51b897a44abe4969bc70b636d59ec8e2,af5570f5a1810b7af78caf4bc70a660f0df51e42baf91d4de5b2328de0e83dfc
1,20260810T081257Z_1662dd06774d_stage07_b01_formal_13288dd7,formal,20260810T081257Z,1662dd06774d7c48435337e4db1431399854b5ad,false,stage07_b01_radartools_five_dtype_v2,03a5a9e2f6cb3af6d8b402d33c46fde5838cae300fea1ab7f1d92294a3677211,operator,cfar_alpha,Task1,Step4,cfar_alpha,cfar_alpha__alpha_int8_10e2__089fcba0664de908,alpha_int8_10e2,10^2,1,pfa=[1],INT8,GPU,not_applicable,compatibility/end-to-end,PASS,OK,20,100,57,0.18461,true,089fcba0664de908ec4ae5d1b11789fc51b897a44abe4969bc70b636d59ec8e2,af5570f5a1810b7af78caf4bc70a660f0df51e42baf91d4de5b2328de0e83dfc
1,20260810T081257Z_1662dd06774d_stage07_b01_formal_13288dd7,formal,20260810T081257Z,1662dd06774d7c48435337e4db1431399854b5ad,false,stage07_b01_radartools_five_dtype_v2,03a5a9e2f6cb3af6d8b402d33c46fde5838cae300fea1ab7f1d92294a3677211,operator,cfar_alpha,Task1,Step4,cfar_alpha,cfar_alpha__alpha_int8_10e2__089fcba0664de908,alpha_int8_10e2,10^2,1,pfa=[1],INT8,GPU,not_applicable,compatibility/end-to-end,PASS,OK,20,100,58,0.181519,true,089fcba0664de908ec4ae5d1b11789fc51b897a44abe4969bc70b636d59ec8e2,af5570f5a1810b7af78caf4bc70a660f0df51e42baf91d4de5b2328de0e83dfc
1,20260810T081257Z_1662dd06774d_stage07_b01_formal_13288dd7,formal,20260810T081257Z,1662dd06774d7c48435337e4db1431399854b5ad,false,stage07_b01_radartools_five_dtype_v2,03a5a9e2f6cb3af6d8b402d33c46fde5838cae300fea1ab7f1d92294a3677211,operator,cfar_alpha,Task1,Step4,cfar_alpha,cfar_alpha__alpha_int8_10e2__089fcba0664de908,alpha_int8_10e2,10^2,1,pfa=[1],INT8,GPU,not_applicable,compatibility/end-to-end,PASS,OK,20,100,59,0.18317,true,089fcba0664de908ec4ae5d1b11789fc51b897a44abe4969bc70b636d59ec8e2,af5570f5a1810b7af78caf4bc70a660f0df51e42baf91d4de5b2328de0e83dfc
1,20260810T081257Z_1662dd06774d_stage07_b01_formal_13288dd7,formal,20260810T081257Z,1662dd06774d7c48435337e4db1431399854b5ad,false,stage07_b01_radartools_five_dtype_v2,03a5a9e2f6cb3af6d8b402d33c46fde5838cae300fea1ab7f1d92294a3677211,operator,cfar_alpha,Task1,Step4,cfar_alpha,cfar_alpha__alpha_int8_10e2__089fcba0664de908,alpha_int8_10e2,10^2,1,pfa=[1],INT8,GPU,not_applicable,compatibility/end-to-end,PASS,OK,20,100,60,0.17992,true,089fcba0664de908ec4ae5d1b11789fc51b897a44abe4969bc70b636d59ec8e2,af5570f5a1810b7af78caf4bc70a660f0df51e42baf91d4de5b2328de0e83dfc
1,20260810T081257Z_1662dd06774d_stage07_b01_formal_13288dd7,formal,20260810T081257Z,1662dd06774d7c48435337e4db1431399854b5ad,false,stage07_b01_radartools_five_dtype_v2,03a5a9e2f6cb3af6d8b402d33c46fde5838cae300fea1ab7f1d92294a3677211,operator,cfar_alpha,Task1,Step4,cfar_alpha,cfar_alpha__alpha_int8_10e2__089fcba0664de908,alpha_int8_10e2,10^2,1,pfa=[1],INT8,GPU,not_applicable,compatibility/end-to-end,PASS,OK,20,100,61,0.18161,true,089fcba0664de908ec4ae5d1b11789fc51b897a44abe4969bc70b636d59ec8e2,af5570f5a1810b7af78caf4bc70a660f0df51e42baf91d4de5b2328de0e83dfc
1,20260810T081257Z_1662dd06774d_stage07_b01_formal_13288dd7,formal,20260810T081257Z,1662dd06774d7c48435337e4db1431399854b5ad,false,stage07_b01_radartools_five_dtype_v2,03a5a9e2f6cb3af6d8b402d33c46fde5838cae300fea1ab7f1d92294a3677211,operator,cfar_alpha,Task1,Step4,cfar_alpha,cfar_alpha__alpha_int8_10e2__089fcba0664de908,alpha_int8_10e2,10^2,1,pfa=[1],INT8,GPU,not_applicable,compatibility/end-to-end,PASS,OK,20,100,62,0.180679,true,089fcba0664de908ec4ae5d1b11789fc51b897a44abe4969bc70b636d59ec8e2,af5570f5a1810b7af78caf4bc70a660f0df51e42baf91d4de5b2328de0e83dfc
1,20260810T081257Z_1662dd06774d_stage07_b01_formal_13288dd7,formal,20260810T081257Z,1662dd06774d7c48435337e4db1431399854b5ad,false,stage07_b01_radartools_five_dtype_v2,03a5a9e2f6cb3af6d8b402d33c46fde5838cae300fea1ab7f1d92294a3677211,operator,cfar_alpha,Task1,Step4,cfar_alpha,cfar_alpha__alpha_int8_10e2__089fcba0664de908,alpha_int8_10e2,10^2,1,pfa=[1],INT8,GPU,not_applicable,compatibility/end-to-end,PASS,OK,20,100,63,0.18115,true,089fcba0664de908ec4ae5d1b11789fc51b897a44abe4969bc70b636d59ec8e2,af5570f5a1810b7af78caf4bc70a660f0df51e42baf91d4de5b2328de0e83dfc
1,20260810T081257Z_1662dd06774d_stage07_b01_formal_13288dd7,formal,20260810T081257Z,1662dd06774d7c48435337e4db1431399854b5ad,false,stage07_b01_radartools_five_dtype_v2,03a5a9e2f6cb3af6d8b402d33c46fde5838cae300fea1ab7f1d92294a3677211,operator,cfar_alpha,Task1,Step4,cfar_alpha,cfar_alpha__alpha_int8_10e2__089fcba0664de908,alpha_int8_10e2,10^2,1,pfa=[1],INT8,GPU,not_applicable,compatibility/end-to-end,PASS,OK,20,100,64,0.18216,true,089fcba0664de908ec4ae5d1b11789fc51b897a44abe4969bc70b636d59ec8e2,af5570f5a1810b7af78caf4bc70a660f0df51e42baf91d4de5b2328de0e83dfc
1,20260810T081257Z_1662dd06774d_stage07_b01_formal_13288dd7,formal,20260810T081257Z,1662dd06774d7c48435337e4db1431399854b5ad,false,stage07_b01_radartools_five_dtype_v2,03a5a9e2f6cb3af6d8b402d33c46fde5838cae300fea1ab7f1d92294a3677211,operator,cfar_alpha,Task1,Step4,cfar_alpha,cfar_alpha__alpha_int8_10e2__089fcba0664de908,alpha_int8_10e2,10^2,1,pfa=[1],INT8,GPU,not_applicable,compatibility/end-to-end,PASS,OK,20,100,65,0.18052,true,089fcba0664de908ec4ae5d1b11789fc51b897a44abe4969bc70b636d59ec8e2,af5570f5a1810b7af78caf4bc70a660f0df51e42baf91d4de5b2328de0e83dfc
1,20260810T081257Z_1662dd06774d_stage07_b01_formal_13288dd7,formal,20260810T081257Z,1662dd06774d7c48435337e4db1431399854b5ad,false,stage07_b01_radartools_five_dtype_v2,03a5a9e2f6cb3af6d8b402d33c46fde5838cae300fea1ab7f1d92294a3677211,operator,cfar_alpha,Task1,Step4,cfar_alpha,cfar_alpha__alpha_int8_10e2__089fcba0664de908,alpha_int8_10e2,10^2,1,pfa=[1],INT8,GPU,not_applicable,compatibility/end-to-end,PASS,OK,20,100,66,0.180979,true,089fcba0664de908ec4ae5d1b11789fc51b897a44abe4969bc70b636d59ec8e2,af5570f5a1810b7af78caf4bc70a660f0df51e42baf91d4de5b2328de0e83dfc
1,20260810T081257Z_1662dd06774d_stage07_b01_formal_13288dd7,formal,20260810T081257Z,1662dd06774d7c48435337e4db1431399854b5ad,false,stage07_b01_radartools_five_dtype_v2,03a5a9e2f6cb3af6d8b402d33c46fde5838cae300fea1ab7f1d92294a3677211,operator,cfar_alpha,Task1,Step4,cfar_alpha,cfar_alpha__alpha_int8_10e2__089fcba0664de908,alpha_int8_10e2,10^2,1,pfa=[1],INT8,GPU,not_applicable,compatibility/end-to-end,PASS,OK,20,100,67,0.18253,true,089fcba0664de908ec4ae5d1b11789fc51b897a44abe4969bc70b636d59ec8e2,af5570f5a1810b7af78caf4bc70a660f0df51e42baf91d4de5b2328de0e83dfc
1,20260810T081257Z_1662dd06774d_stage07_b01_formal_13288dd7,formal,20260810T081257Z,1662dd06774d7c48435337e4db1431399854b5ad,false,stage07_b01_radartools_five_dtype_v2,03a5a9e2f6cb3af6d8b402d33c46fde5838cae300fea1ab7f1d92294a3677211,operator,cfar_alpha,Task1,Step4,cfar_alpha,cfar_alpha__alpha_int8_10e2__089fcba0664de908,alpha_int8_10e2,10^2,1,pfa=[1],INT8,GPU,not_applicable,compatibility/end-to-end,PASS,OK,20,100,68,0.1792,true,089fcba0664de908ec4ae5d1b11789fc51b897a44abe4969bc70b636d59ec8e2,af5570f5a1810b7af78caf4bc70a660f0df51e42baf91d4de5b2328de0e83dfc
1,20260810T081257Z_1662dd06774d_stage07_b01_formal_13288dd7,formal,20260810T081257Z,1662dd06774d7c48435337e4db1431399854b5ad,false,stage07_b01_radartools_five_dtype_v2,03a5a9e2f6cb3af6d8b402d33c46fde5838cae300fea1ab7f1d92294a3677211,operator,cfar_alpha,Task1,Step4,cfar_alpha,cfar_alpha__alpha_int8_10e2__089fcba0664de908,alpha_int8_10e2,10^2,1,pfa=[1],INT8,GPU,not_applicable,compatibility/end-to-end,PASS,OK,20,100,69,0.18401,true,089fcba0664de908ec4ae5d1b11789fc51b897a44abe4969bc70b636d59ec8e2,af5570f5a1810b7af78caf4bc70a660f0df51e42baf91d4de5b2328de0e83dfc
1,20260810T081257Z_1662dd06774d_stage07_b01_formal_13288dd7,formal,20260810T081257Z,1662dd06774d7c48435337e4db1431399854b5ad,false,stage07_b01_radartools_five_dtype_v2,03a5a9e2f6cb3af6d8b402d33c46fde5838cae300fea1ab7f1d92294a3677211,operator,cfar_alpha,Task1,Step4,cfar_alpha,cfar_alpha__alpha_int8_10e2__089fcba0664de908,alpha_int8_10e2,10^2,1,pfa=[1],INT8,GPU,not_applicable,compatibility/end-to-end,PASS,OK,20,100,70,0.203309,true,089fcba0664de908ec4ae5d1b11789fc51b897a44abe4969bc70b636d59ec8e2,af5570f5a1810b7af78caf4bc70a660f0df51e42baf91d4de5b2328de0e83dfc
1,20260810T081257Z_1662dd06774d_stage07_b01_formal_13288dd7,formal,20260810T081257Z,1662dd06774d7c48435337e4db1431399854b5ad,false,stage07_b01_radartools_five_dtype_v2,03a5a9e2f6cb3af6d8b402d33c46fde5838cae300fea1ab7f1d92294a3677211,operator,cfar_alpha,Task1,Step4,cfar_alpha,cfar_alpha__alpha_int8_10e2__089fcba0664de908,alpha_int8_10e2,10^2,1,pfa=[1],INT8,GPU,not_applicable,compatibility/end-to-end,PASS,OK,20,100,71,0.26677,true,089fcba0664de908ec4ae5d1b11789fc51b897a44abe4969bc70b636d59ec8e2,af5570f5a1810b7af78caf4bc70a660f0df51e42baf91d4de5b2328de0e83dfc
1,20260810T081257Z_1662dd06774d_stage07_b01_formal_13288dd7,formal,20260810T081257Z,1662dd06774d7c48435337e4db1431399854b5ad,false,stage07_b01_radartools_five_dtype_v2,03a5a9e2f6cb3af6d8b402d33c46fde5838cae300fea1ab7f1d92294a3677211,operator,cfar_alpha,Task1,Step4,cfar_alpha,cfar_alpha__alpha_int8_10e2__089fcba0664de908,alpha_int8_10e2,10^2,1,pfa=[1],INT8,GPU,not_applicable,compatibility/end-to-end,PASS,OK,20,100,72,0.23823,true,089fcba0664de908ec4ae5d1b11789fc51b897a44abe4969bc70b636d59ec8e2,af5570f5a1810b7af78caf4bc70a660f0df51e42baf91d4de5b2328de0e83dfc
1,20260810T081257Z_1662dd06774d_stage07_b01_formal_13288dd7,formal,20260810T081257Z,1662dd06774d7c48435337e4db1431399854b5ad,false,stage07_b01_radartools_five_dtype_v2,03a5a9e2f6cb3af6d8b402d33c46fde5838cae300fea1ab7f1d92294a3677211,operator,cfar_alpha,Task1,Step4,cfar_alpha,cfar_alpha__alpha_int8_10e2__089fcba0664de908,alpha_int8_10e2,10^2,1,pfa=[1],INT8,GPU,not_applicable,compatibility/end-to-end,PASS,OK,20,100,73,0.181409,true,089fcba0664de908ec4ae5d1b11789fc51b897a44abe4969bc70b636d59ec8e2,af5570f5a1810b7af78caf4bc70a660f0df51e42baf91d4de5b2328de0e83dfc
1,20260810T081257Z_1662dd06774d_stage07_b01_formal_13288dd7,formal,20260810T081257Z,1662dd06774d7c48435337e4db1431399854b5ad,false,stage07_b01_radartools_five_dtype_v2,03a5a9e2f6cb3af6d8b402d33c46fde5838cae300fea1ab7f1d92294a3677211,operator,cfar_alpha,Task1,Step4,cfar_alpha,cfar_alpha__alpha_int8_10e2__089fcba0664de908,alpha_int8_10e2,10^2,1,pfa=[1],INT8,GPU,not_applicable,compatibility/end-to-end,PASS,OK,20,100,74,0.18018,true,089fcba0664de908ec4ae5d1b11789fc51b897a44abe4969bc70b636d59ec8e2,af5570f5a1810b7af78caf4bc70a660f0df51e42baf91d4de5b2328de0e83dfc
1,20260810T081257Z_1662dd06774d_stage07_b01_formal_13288dd7,formal,20260810T081257Z,1662dd06774d7c48435337e4db1431399854b5ad,false,stage07_b01_radartools_five_dtype_v2,03a5a9e2f6cb3af6d8b402d33c46fde5838cae300fea1ab7f1d92294a3677211,operator,cfar_alpha,Task1,Step4,cfar_alpha,cfar_alpha__alpha_int8_10e2__089fcba0664de908,alpha_int8_10e2,10^2,1,pfa=[1],INT8,GPU,not_applicable,compatibility/end-to-end,PASS,OK,20,100,75,0.17941,true,089fcba0664de908ec4ae5d1b11789fc51b897a44abe4969bc70b636d59ec8e2,af5570f5a1810b7af78caf4bc70a660f0df51e42baf91d4de5b2328de0e83dfc
1,20260810T081257Z_1662dd06774d_stage07_b01_formal_13288dd7,formal,20260810T081257Z,1662dd06774d7c48435337e4db1431399854b5ad,false,stage07_b01_radartools_five_dtype_v2,03a5a9e2f6cb3af6d8b402d33c46fde5838cae300fea1ab7f1d92294a3677211,operator,cfar_alpha,Task1,Step4,cfar_alpha,cfar_alpha__alpha_int8_10e2__089fcba0664de908,alpha_int8_10e2,10^2,1,pfa=[1],INT8,GPU,not_applicable,compatibility/end-to-end,PASS,OK,20,100,76,0.181669,true,089fcba0664de908ec4ae5d1b11789fc51b897a44abe4969bc70b636d59ec8e2,af5570f5a1810b7af78caf4bc70a660f0df51e42baf91d4de5b2328de0e83dfc
1,20260810T081257Z_1662dd06774d_stage07_b01_formal_13288dd7,formal,20260810T081257Z,1662dd06774d7c48435337e4db1431399854b5ad,false,stage07_b01_radartools_five_dtype_v2,03a5a9e2f6cb3af6d8b402d33c46fde5838cae300fea1ab7f1d92294a3677211,operator,cfar_alpha,Task1,Step4,cfar_alpha,cfar_alpha__alpha_int8_10e2__089fcba0664de908,alpha_int8_10e2,10^2,1,pfa=[1],INT8,GPU,not_applicable,compatibility/end-to-end,PASS,OK,20,100,77,0.18024,true,089fcba0664de908ec4ae5d1b11789fc51b897a44abe4969bc70b636d59ec8e2,af5570f5a1810b7af78caf4bc70a660f0df51e42baf91d4de5b2328de0e83dfc
1,20260810T081257Z_1662dd06774d_stage07_b01_formal_13288dd7,formal,20260810T081257Z,1662dd06774d7c48435337e4db1431399854b5ad,false,stage07_b01_radartools_five_dtype_v2,03a5a9e2f6cb3af6d8b402d33c46fde5838cae300fea1ab7f1d92294a3677211,operator,cfar_alpha,Task1,Step4,cfar_alpha,cfar_alpha__alpha_int8_10e2__089fcba0664de908,alpha_int8_10e2,10^2,1,pfa=[1],INT8,GPU,not_applicable,compatibility/end-to-end,PASS,OK,20,100,78,0.17964,true,089fcba0664de908ec4ae5d1b11789fc51b897a44abe4969bc70b636d59ec8e2,af5570f5a1810b7af78caf4bc70a660f0df51e42baf91d4de5b2328de0e83dfc
1,20260810T081257Z_1662dd06774d_stage07_b01_formal_13288dd7,formal,20260810T081257Z,1662dd06774d7c48435337e4db1431399854b5ad,false,stage07_b01_radartools_five_dtype_v2,03a5a9e2f6cb3af6d8b402d33c46fde5838cae300fea1ab7f1d92294a3677211,operator,cfar_alpha,Task1,Step4,cfar_alpha,cfar_alpha__alpha_int8_10e2__089fcba0664de908,alpha_int8_10e2,10^2,1,pfa=[1],INT8,GPU,not_applicable,compatibility/end-to-end,PASS,OK,20,100,79,0.17967,true,089fcba0664de908ec4ae5d1b11789fc51b897a44abe4969bc70b636d59ec8e2,af5570f5a1810b7af78caf4bc70a660f0df51e42baf91d4de5b2328de0e83dfc
1,20260810T081257Z_1662dd06774d_stage07_b01_formal_13288dd7,formal,20260810T081257Z,1662dd06774d7c48435337e4db1431399854b5ad,false,stage07_b01_radartools_five_dtype_v2,03a5a9e2f6cb3af6d8b402d33c46fde5838cae300fea1ab7f1d92294a3677211,operator,cfar_alpha,Task1,Step4,cfar_alpha,cfar_alpha__alpha_int8_10e2__089fcba0664de908,alpha_int8_10e2,10^2,1,pfa=[1],INT8,GPU,not_applicable,compatibility/end-to-end,PASS,OK,20,100,80,0.179429,true,089fcba0664de908ec4ae5d1b11789fc51b897a44abe4969bc70b636d59ec8e2,af5570f5a1810b7af78caf4bc70a660f0df51e42baf91d4de5b2328de0e83dfc
1,20260810T081257Z_1662dd06774d_stage07_b01_formal_13288dd7,formal,20260810T081257Z,1662dd06774d7c48435337e4db1431399854b5ad,false,stage07_b01_radartools_five_dtype_v2,03a5a9e2f6cb3af6d8b402d33c46fde5838cae300fea1ab7f1d92294a3677211,operator,cfar_alpha,Task1,Step4,cfar_alpha,cfar_alpha__alpha_int8_10e2__089fcba0664de908,alpha_int8_10e2,10^2,1,pfa=[1],INT8,GPU,not_applicable,compatibility/end-to-end,PASS,OK,20,100,81,0.25056,true,089fcba0664de908ec4ae5d1b11789fc51b897a44abe4969bc70b636d59ec8e2,af5570f5a1810b7af78caf4bc70a660f0df51e42baf91d4de5b2328de0e83dfc
1,20260810T081257Z_1662dd06774d_stage07_b01_formal_13288dd7,formal,20260810T081257Z,1662dd06774d7c48435337e4db1431399854b5ad,false,stage07_b01_radartools_five_dtype_v2,03a5a9e2f6cb3af6d8b402d33c46fde5838cae300fea1ab7f1d92294a3677211,operator,cfar_alpha,Task1,Step4,cfar_alpha,cfar_alpha__alpha_int8_10e2__089fcba0664de908,alpha_int8_10e2,10^2,1,pfa=[1],INT8,GPU,not_applicable,compatibility/end-to-end,PASS,OK,20,100,82,0.18301,true,089fcba0664de908ec4ae5d1b11789fc51b897a44abe4969bc70b636d59ec8e2,af5570f5a1810b7af78caf4bc70a660f0df51e42baf91d4de5b2328de0e83dfc
1,20260810T081257Z_1662dd06774d_stage07_b01_formal_13288dd7,formal,20260810T081257Z,1662dd06774d7c48435337e4db1431399854b5ad,false,stage07_b01_radartools_five_dtype_v2,03a5a9e2f6cb3af6d8b402d33c46fde5838cae300fea1ab7f1d92294a3677211,operator,cfar_alpha,Task1,Step4,cfar_alpha,cfar_alpha__alpha_int8_10e2__089fcba0664de908,alpha_int8_10e2,10^2,1,pfa=[1],INT8,GPU,not_applicable,compatibility/end-to-end,PASS,OK,20,100,83,0.18144,true,089fcba0664de908ec4ae5d1b11789fc51b897a44abe4969bc70b636d59ec8e2,af5570f5a1810b7af78caf4bc70a660f0df51e42baf91d4de5b2328de0e83dfc
1,20260810T081257Z_1662dd06774d_stage07_b01_formal_13288dd7,formal,20260810T081257Z,1662dd06774d7c48435337e4db1431399854b5ad,false,stage07_b01_radartools_five_dtype_v2,03a5a9e2f6cb3af6d8b402d33c46fde5838cae300fea1ab7f1d92294a3677211,operator,cfar_alpha,Task1,Step4,cfar_alpha,cfar_alpha__alpha_int8_10e2__089fcba0664de908,alpha_int8_10e2,10^2,1,pfa=[1],INT8,GPU,not_applicable,compatibility/end-to-end,PASS,OK,20,100,84,0.180879,true,089fcba0664de908ec4ae5d1b11789fc51b897a44abe4969bc70b636d59ec8e2,af5570f5a1810b7af78caf4bc70a660f0df51e42baf91d4de5b2328de0e83dfc
1,20260810T081257Z_1662dd06774d_stage07_b01_formal_13288dd7,formal,20260810T081257Z,1662dd06774d7c48435337e4db1431399854b5ad,false,stage07_b01_radartools_five_dtype_v2,03a5a9e2f6cb3af6d8b402d33c46fde5838cae300fea1ab7f1d92294a3677211,operator,cfar_alpha,Task1,Step4,cfar_alpha,cfar_alpha__alpha_int8_10e2__089fcba0664de908,alpha_int8_10e2,10^2,1,pfa=[1],INT8,GPU,not_applicable,compatibility/end-to-end,PASS,OK,20,100,85,0.18288,true,089fcba0664de908ec4ae5d1b11789fc51b897a44abe4969bc70b636d59ec8e2,af5570f5a1810b7af78caf4bc70a660f0df51e42baf91d4de5b2328de0e83dfc
1,20260810T081257Z_1662dd06774d_stage07_b01_formal_13288dd7,formal,20260810T081257Z,1662dd06774d7c48435337e4db1431399854b5ad,false,stage07_b01_radartools_five_dtype_v2,03a5a9e2f6cb3af6d8b402d33c46fde5838cae300fea1ab7f1d92294a3677211,operator,cfar_alpha,Task1,Step4,cfar_alpha,cfar_alpha__alpha_int8_10e2__089fcba0664de908,alpha_int8_10e2,10^2,1,pfa=[1],INT8,GPU,not_applicable,compatibility/end-to-end,PASS,OK,20,100,86,0.18331,true,089fcba0664de908ec4ae5d1b11789fc51b897a44abe4969bc70b636d59ec8e2,af5570f5a1810b7af78caf4bc70a660f0df51e42baf91d4de5b2328de0e83dfc
1,20260810T081257Z_1662dd06774d_stage07_b01_formal_13288dd7,formal,20260810T081257Z,1662dd06774d7c48435337e4db1431399854b5ad,false,stage07_b01_radartools_five_dtype_v2,03a5a9e2f6cb3af6d8b402d33c46fde5838cae300fea1ab7f1d92294a3677211,operator,cfar_alpha,Task1,Step4,cfar_alpha,cfar_alpha__alpha_int8_10e2__089fcba0664de908,alpha_int8_10e2,10^2,1,pfa=[1],INT8,GPU,not_applicable,compatibility/end-to-end,PASS,OK,20,100,87,0.1856,true,089fcba0664de908ec4ae5d1b11789fc51b897a44abe4969bc70b636d59ec8e2,af5570f5a1810b7af78caf4bc70a660f0df51e42baf91d4de5b2328de0e83dfc
1,20260810T081257Z_1662dd06774d_stage07_b01_formal_13288dd7,formal,20260810T081257Z,1662dd06774d7c48435337e4db1431399854b5ad,false,stage07_b01_radartools_five_dtype_v2,03a5a9e2f6cb3af6d8b402d33c46fde5838cae300fea1ab7f1d92294a3677211,operator,cfar_alpha,Task1,Step4,cfar_alpha,cfar_alpha__alpha_int8_10e2__089fcba0664de908,alpha_int8_10e2,10^2,1,pfa=[1],INT8,GPU,not_applicable,compatibility/end-to-end,PASS,OK,20,100,88,0.182109,true,089fcba0664de908ec4ae5d1b11789fc51b897a44abe4969bc70b636d59ec8e2,af5570f5a1810b7af78caf4bc70a660f0df51e42baf91d4de5b2328de0e83dfc
1,20260810T081257Z_1662dd06774d_stage07_b01_formal_13288dd7,formal,20260810T081257Z,1662dd06774d7c48435337e4db1431399854b5ad,false,stage07_b01_radartools_five_dtype_v2,03a5a9e2f6cb3af6d8b402d33c46fde5838cae300fea1ab7f1d92294a3677211,operator,cfar_alpha,Task1,Step4,cfar_alpha,cfar_alpha__alpha_int8_10e2__089fcba0664de908,alpha_int8_10e2,10^2,1,pfa=[1],INT8,GPU,not_applicable,compatibility/end-to-end,PASS,OK,20,100,89,0.18179,true,089fcba0664de908ec4ae5d1b11789fc51b897a44abe4969bc70b636d59ec8e2,af5570f5a1810b7af78caf4bc70a660f0df51e42baf91d4de5b2328de0e83dfc
1,20260810T081257Z_1662dd06774d_stage07_b01_formal_13288dd7,formal,20260810T081257Z,1662dd06774d7c48435337e4db1431399854b5ad,false,stage07_b01_radartools_five_dtype_v2,03a5a9e2f6cb3af6d8b402d33c46fde5838cae300fea1ab7f1d92294a3677211,operator,cfar_alpha,Task1,Step4,cfar_alpha,cfar_alpha__alpha_int8_10e2__089fcba0664de908,alpha_int8_10e2,10^2,1,pfa=[1],INT8,GPU,not_applicable,compatibility/end-to-end,PASS,OK,20,100,90,0.18231,true,089fcba0664de908ec4ae5d1b11789fc51b897a44abe4969bc70b636d59ec8e2,af5570f5a1810b7af78caf4bc70a660f0df51e42baf91d4de5b2328de0e83dfc
1,20260810T081257Z_1662dd06774d_stage07_b01_formal_13288dd7,formal,20260810T081257Z,1662dd06774d7c48435337e4db1431399854b5ad,false,stage07_b01_radartools_five_dtype_v2,03a5a9e2f6cb3af6d8b402d33c46fde5838cae300fea1ab7f1d92294a3677211,operator,cfar_alpha,Task1,Step4,cfar_alpha,cfar_alpha__alpha_int8_10e2__089fcba0664de908,alpha_int8_10e2,10^2,1,pfa=[1],INT8,GPU,not_applicable,compatibility/end-to-end,PASS,OK,20,100,91,0.1972,true,089fcba0664de908ec4ae5d1b11789fc51b897a44abe4969bc70b636d59ec8e2,af5570f5a1810b7af78caf4bc70a660f0df51e42baf91d4de5b2328de0e83dfc
1,20260810T081257Z_1662dd06774d_stage07_b01_formal_13288dd7,formal,20260810T081257Z,1662dd06774d7c48435337e4db1431399854b5ad,false,stage07_b01_radartools_five_dtype_v2,03a5a9e2f6cb3af6d8b402d33c46fde5838cae300fea1ab7f1d92294a3677211,operator,cfar_alpha,Task1,Step4,cfar_alpha,cfar_alpha__alpha_int8_10e2__089fcba0664de908,alpha_int8_10e2,10^2,1,pfa=[1],INT8,GPU,not_applicable,compatibility/end-to-end,PASS,OK,20,100,92,0.186869,true,089fcba0664de908ec4ae5d1b11789fc51b897a44abe4969bc70b636d59ec8e2,af5570f5a1810b7af78caf4bc70a660f0df51e42baf91d4de5b2328de0e83dfc
1,20260810T081257Z_1662dd06774d_stage07_b01_formal_13288dd7,formal,20260810T081257Z,1662dd06774d7c48435337e4db1431399854b5ad,false,stage07_b01_radartools_five_dtype_v2,03a5a9e2f6cb3af6d8b402d33c46fde5838cae300fea1ab7f1d92294a3677211,operator,cfar_alpha,Task1,Step4,cfar_alpha,cfar_alpha__alpha_int8_10e2__089fcba0664de908,alpha_int8_10e2,10^2,1,pfa=[1],INT8,GPU,not_applicable,compatibility/end-to-end,PASS,OK,20,100,93,0.18156,true,089fcba0664de908ec4ae5d1b11789fc51b897a44abe4969bc70b636d59ec8e2,af5570f5a1810b7af78caf4bc70a660f0df51e42baf91d4de5b2328de0e83dfc
1,20260810T081257Z_1662dd06774d_stage07_b01_formal_13288dd7,formal,20260810T081257Z,1662dd06774d7c48435337e4db1431399854b5ad,false,stage07_b01_radartools_five_dtype_v2,03a5a9e2f6cb3af6d8b402d33c46fde5838cae300fea1ab7f1d92294a3677211,operator,cfar_alpha,Task1,Step4,cfar_alpha,cfar_alpha__alpha_int8_10e2__089fcba0664de908,alpha_int8_10e2,10^2,1,pfa=[1],INT8,GPU,not_applicable,compatibility/end-to-end,PASS,OK,20,100,94,0.18385,true,089fcba0664de908ec4ae5d1b11789fc51b897a44abe4969bc70b636d59ec8e2,af5570f5a1810b7af78caf4bc70a660f0df51e42baf91d4de5b2328de0e83dfc
1,20260810T081257Z_1662dd06774d_stage07_b01_formal_13288dd7,formal,20260810T081257Z,1662dd06774d7c48435337e4db1431399854b5ad,false,stage07_b01_radartools_five_dtype_v2,03a5a9e2f6cb3af6d8b402d33c46fde5838cae300fea1ab7f1d92294a3677211,operator,cfar_alpha,Task1,Step4,cfar_alpha,cfar_alpha__alpha_int8_10e2__089fcba0664de908,alpha_int8_10e2,10^2,1,pfa=[1],INT8,GPU,not_applicable,compatibility/end-to-end,PASS,OK,20,100,95,0.18124,true,089fcba0664de908ec4ae5d1b11789fc51b897a44abe4969bc70b636d59ec8e2,af5570f5a1810b7af78caf4bc70a660f0df51e42baf91d4de5b2328de0e83dfc
1,20260810T081257Z_1662dd06774d_stage07_b01_formal_13288dd7,formal,20260810T081257Z,1662dd06774d7c48435337e4db1431399854b5ad,false,stage07_b01_radartools_five_dtype_v2,03a5a9e2f6cb3af6d8b402d33c46fde5838cae300fea1ab7f1d92294a3677211,operator,cfar_alpha,Task1,Step4,cfar_alpha,cfar_alpha__alpha_int8_10e2__089fcba0664de908,alpha_int8_10e2,10^2,1,pfa=[1],INT8,GPU,not_applicable,compatibility/end-to-end,PASS,OK,20,100,96,0.183609,true,089fcba0664de908ec4ae5d1b11789fc51b897a44abe4969bc70b636d59ec8e2,af5570f5a1810b7af78caf4bc70a660f0df51e42baf91d4de5b2328de0e83dfc
1,20260810T081257Z_1662dd06774d_stage07_b01_formal_13288dd7,formal,20260810T081257Z,1662dd06774d7c48435337e4db1431399854b5ad,false,stage07_b01_radartools_five_dtype_v2,03a5a9e2f6cb3af6d8b402d33c46fde5838cae300fea1ab7f1d92294a3677211,operator,cfar_alpha,Task1,Step4,cfar_alpha,cfar_alpha__alpha_int8_10e2__089fcba0664de908,alpha_int8_10e2,10^2,1,pfa=[1],INT8,GPU,not_applicable,compatibility/end-to-end,PASS,OK,20,100,97,0.17965,true,089fcba0664de908ec4ae5d1b11789fc51b897a44abe4969bc70b636d59ec8e2,af5570f5a1810b7af78caf4bc70a660f0df51e42baf91d4de5b2328de0e83dfc
1,20260810T081257Z_1662dd06774d_stage07_b01_formal_13288dd7,formal,20260810T081257Z,1662dd06774d7c48435337e4db1431399854b5ad,false,stage07_b01_radartools_five_dtype_v2,03a5a9e2f6cb3af6d8b402d33c46fde5838cae300fea1ab7f1d92294a3677211,operator,cfar_alpha,Task1,Step4,cfar_alpha,cfar_alpha__alpha_int8_10e2__089fcba0664de908,alpha_int8_10e2,10^2,1,pfa=[1],INT8,GPU,not_applicable,compatibility/end-to-end,PASS,OK,20,100,98,0.18095,true,089fcba0664de908ec4ae5d1b11789fc51b897a44abe4969bc70b636d59ec8e2,af5570f5a1810b7af78caf4bc70a660f0df51e42baf91d4de5b2328de0e83dfc
1,20260810T081257Z_1662dd06774d_stage07_b01_formal_13288dd7,formal,20260810T081257Z,1662dd06774d7c48435337e4db1431399854b5ad,false,stage07_b01_radartools_five_dtype_v2,03a5a9e2f6cb3af6d8b402d33c46fde5838cae300fea1ab7f1d92294a3677211,operator,cfar_alpha,Task1,Step4,cfar_alpha,cfar_alpha__alpha_int8_10e2__089fcba0664de908,alpha_int8_10e2,10^2,1,pfa=[1],INT8,GPU,not_applicable,compatibility/end-to-end,PASS,OK,20,100,99,0.18348,true,089fcba0664de908ec4ae5d1b11789fc51b897a44abe4969bc70b636d59ec8e2,af5570f5a1810b7af78caf4bc70a660f0df51e42baf91d4de5b2328de0e83dfc
